static const unsigned char makemake_img[] = {
0xb7, 0x83, 0x75, 0xff, 0xb6, 0x83, 0x75, 0xff, 0xb6, 0x84, 0x76, 0xff, 0xb7, 0x85, 0x77, 0xff, 
0xb9, 0x87, 0x79, 0xff, 0xba, 0x88, 0x7a, 0xff, 0xb9, 0x88, 0x79, 0xff, 0xb9, 0x87, 0x78, 0xff, 
0xb7, 0x86, 0x76, 0xff, 0xb6, 0x84, 0x75, 0xff, 0xb5, 0x83, 0x74, 0xff, 0xb5, 0x83, 0x74, 0xff, 
0xb7, 0x84, 0x75, 0xff, 0xb8, 0x85, 0x76, 0xff, 0xba, 0x86, 0x78, 0xff, 0xbc, 0x88, 0x7a, 0xff, 
0xbd, 0x88, 0x7a, 0xff, 0xbe, 0x88, 0x7a, 0xff, 0xbf, 0x89, 0x7b, 0xff, 0xc0, 0x8a, 0x7c, 0xff, 
0xc1, 0x8b, 0x7e, 0xff, 0xc2, 0x8b, 0x7e, 0xff, 0xc2, 0x8b, 0x7e, 0xff, 0xc3, 0x8c, 0x7f, 0xff, 
0xc3, 0x8c, 0x7f, 0xff, 0xc4, 0x8e, 0x80, 0xff, 0xc5, 0x8f, 0x81, 0xff, 0xc6, 0x90, 0x83, 0xff, 
0xc7, 0x91, 0x84, 0xff, 0xc7, 0x91, 0x84, 0xff, 0xc6, 0x90, 0x83, 0xff, 0xc6, 0x90, 0x82, 0xff, 
0xc5, 0x8e, 0x81, 0xff, 0xc4, 0x8e, 0x80, 0xff, 0xc5, 0x8f, 0x81, 0xff, 0xc5, 0x90, 0x82, 0xff, 
0xc5, 0x90, 0x82, 0xff, 0xc5, 0x90, 0x82, 0xff, 0xc6, 0x90, 0x82, 0xff, 0xc6, 0x90, 0x83, 0xff, 
0xc6, 0x90, 0x83, 0xff, 0xc6, 0x90, 0x82, 0xff, 0xc6, 0x8f, 0x82, 0xff, 0xc5, 0x8e, 0x81, 0xff, 
0xc3, 0x8d, 0x7f, 0xff, 0xc2, 0x8c, 0x7f, 0xff, 0xc2, 0x8c, 0x7f, 0xff, 0xc1, 0x8b, 0x7e, 0xff, 
0xc1, 0x8a, 0x7c, 0xff, 0xc1, 0x89, 0x7c, 0xff, 0xc0, 0x89, 0x7c, 0xff, 0xbf, 0x89, 0x7b, 0xff, 
0xc0, 0x88, 0x7b, 0xff, 0xc0, 0x88, 0x7a, 0xff, 0xc0, 0x88, 0x7b, 0xff, 0xbf, 0x87, 0x7a, 0xff, 
0xc0, 0x87, 0x7a, 0xff, 0xc0, 0x87, 0x7a, 0xff, 0xbf, 0x87, 0x7a, 0xff, 0xbf, 0x87, 0x7a, 0xff, 
0xbe, 0x86, 0x79, 0xff, 0xbe, 0x86, 0x79, 0xff, 0xbd, 0x86, 0x78, 0xff, 0xbd, 0x86, 0x78, 0xff, 
0xbc, 0x86, 0x78, 0xff, 0xbc, 0x87, 0x78, 0xff, 0xbc, 0x87, 0x78, 0xff, 0xbc, 0x87, 0x79, 0xff, 
0xbc, 0x88, 0x79, 0xff, 0xbc, 0x88, 0x79, 0xff, 0xbb, 0x89, 0x79, 0xff, 0xbb, 0x89, 0x7a, 0xff, 
0xbb, 0x8a, 0x7a, 0xff, 0xbb, 0x8a, 0x7a, 0xff, 0xbb, 0x89, 0x7b, 0xff, 0xbb, 0x89, 0x7a, 0xff, 
0xba, 0x8a, 0x7a, 0xff, 0xbb, 0x8a, 0x7a, 0xff, 0xbb, 0x8b, 0x7a, 0xff, 0xbb, 0x8b, 0x7b, 0xff, 
0xbb, 0x8b, 0x7b, 0xff, 0xbb, 0x8b, 0x7a, 0xff, 0xbc, 0x8a, 0x7b, 0xff, 0xbc, 0x8a, 0x7b, 0xff, 
0xbd, 0x8b, 0x7c, 0xff, 0xbe, 0x8c, 0x7c, 0xff, 0xbe, 0x8a, 0x7c, 0xff, 0xbe, 0x8a, 0x7c, 0xff, 
0xbe, 0x8a, 0x7b, 0xff, 0xbd, 0x89, 0x7b, 0xff, 0xbd, 0x89, 0x7a, 0xff, 0xbc, 0x88, 0x7a, 0xff, 
0xbc, 0x87, 0x79, 0xff, 0xbb, 0x86, 0x78, 0xff, 0xbb, 0x86, 0x78, 0xff, 0xba, 0x86, 0x78, 0xff, 
0xbb, 0x86, 0x79, 0xff, 0xbc, 0x86, 0x7a, 0xff, 0xbd, 0x85, 0x79, 0xff, 0xbc, 0x86, 0x78, 0xff, 
0xbb, 0x84, 0x77, 0xff, 0xba, 0x82, 0x76, 0xff, 0xb8, 0x81, 0x74, 0xff, 0xb6, 0x7e, 0x72, 0xff, 
0xb5, 0x7c, 0x70, 0xff, 0xb3, 0x7b, 0x6f, 0xff, 0xb3, 0x7a, 0x6e, 0xff, 0xb2, 0x7a, 0x6d, 0xff, 
0xb2, 0x7a, 0x6e, 0xff, 0xb1, 0x79, 0x6d, 0xff, 0xb0, 0x77, 0x6c, 0xff, 0xae, 0x75, 0x6a, 0xff, 
0xad, 0x75, 0x69, 0xff, 0xae, 0x75, 0x69, 0xff, 0xae, 0x76, 0x69, 0xff, 0xaf, 0x76, 0x6b, 0xff, 
0xb0, 0x78, 0x6b, 0xff, 0xb2, 0x78, 0x6d, 0xff, 0xb3, 0x7a, 0x6e, 0xff, 0xb2, 0x7b, 0x6e, 0xff, 
0xb3, 0x7c, 0x6f, 0xff, 0xb3, 0x7c, 0x6f, 0xff, 0xb3, 0x7d, 0x6f, 0xff, 0xb2, 0x7d, 0x6f, 0xff, 
0xb3, 0x7d, 0x6f, 0xff, 0xb2, 0x7b, 0x6e, 0xff, 0xb0, 0x79, 0x6c, 0xff, 0xaf, 0x78, 0x6c, 0xff, 
0xae, 0x79, 0x6c, 0xff, 0xb0, 0x7a, 0x6d, 0xff, 0xb0, 0x7a, 0x6d, 0xff, 0xaf, 0x7a, 0x6d, 0xff, 
0xb0, 0x79, 0x6c, 0xff, 0xb0, 0x79, 0x6c, 0xff, 0xb0, 0x7a, 0x6d, 0xff, 0xb0, 0x7a, 0x6d, 0xff, 
0xaf, 0x7a, 0x6d, 0xff, 0xaf, 0x79, 0x6d, 0xff, 0xb0, 0x79, 0x6d, 0xff, 0xb0, 0x7a, 0x6c, 0xff, 
0xb1, 0x7a, 0x6e, 0xff, 0xb4, 0x7c, 0x6f, 0xff, 0xb5, 0x7d, 0x71, 0xff, 0xb6, 0x7d, 0x70, 0xff, 
0xb5, 0x7a, 0x6e, 0xff, 0xb6, 0x7a, 0x6f, 0xff, 0xb8, 0x7e, 0x71, 0xff, 0xb8, 0x7f, 0x73, 0xff, 
0xb9, 0x80, 0x74, 0xff, 0xbb, 0x82, 0x75, 0xff, 0xbc, 0x84, 0x77, 0xff, 0xbd, 0x85, 0x79, 0xff, 
0xc0, 0x87, 0x7b, 0xff, 0xc1, 0x88, 0x7c, 0xff, 0xc1, 0x89, 0x7c, 0xff, 0xc2, 0x89, 0x7c, 0xff, 
0xc2, 0x8a, 0x7d, 0xff, 0xc3, 0x8b, 0x7e, 0xff, 0xc4, 0x8c, 0x7f, 0xff, 0xc6, 0x8d, 0x80, 0xff, 
0xc7, 0x8f, 0x81, 0xff, 0xc9, 0x91, 0x83, 0xff, 0xca, 0x92, 0x85, 0xff, 0xca, 0x92, 0x86, 0xff, 
0xcb, 0x94, 0x87, 0xff, 0xcc, 0x94, 0x87, 0xff, 0xcc, 0x96, 0x88, 0xff, 0xce, 0x97, 0x8a, 0xff, 
0xcf, 0x99, 0x8c, 0xff, 0xd0, 0x9b, 0x8d, 0xff, 0xd1, 0x9c, 0x8e, 0xff, 0xd1, 0x9d, 0x8f, 0xff, 
0xd1, 0x9e, 0x90, 0xff, 0xd2, 0x9f, 0x91, 0xff, 0xd2, 0xa0, 0x91, 0xff, 0xd2, 0xa0, 0x91, 0xff, 
0xd1, 0xa1, 0x92, 0xff, 0xd3, 0xa2, 0x92, 0xff, 0xd3, 0xa3, 0x93, 0xff, 0xd3, 0xa3, 0x94, 0xff, 
0xd3, 0xa3, 0x93, 0xff, 0xd3, 0xa2, 0x93, 0xff, 0xd2, 0xa1, 0x92, 0xff, 0xd2, 0xa0, 0x91, 0xff, 
0xd0, 0x9f, 0x90, 0xff, 0xd0, 0x9d, 0x8f, 0xff, 0xce, 0x9b, 0x8c, 0xff, 0xcd, 0x99, 0x8b, 0xff, 
0xcc, 0x97, 0x89, 0xff, 0xcb, 0x95, 0x87, 0xff, 0xc9, 0x92, 0x86, 0xff, 0xc7, 0x90, 0x83, 0xff, 
0xc6, 0x8f, 0x82, 0xff, 0xc8, 0x8f, 0x82, 0xff, 0xc8, 0x8f, 0x82, 0xff, 0xc8, 0x8e, 0x82, 0xff, 
0xc9, 0x8e, 0x82, 0xff, 0xc9, 0x8d, 0x82, 0xff, 0xca, 0x8c, 0x82, 0xff, 0xc8, 0x8b, 0x80, 0xff, 
0xc7, 0x8b, 0x80, 0xff, 0xc7, 0x8a, 0x7f, 0xff, 0xc5, 0x8a, 0x7e, 0xff, 0xc4, 0x89, 0x7d, 0xff, 
0xc4, 0x89, 0x7d, 0xff, 0xc3, 0x89, 0x7d, 0xff, 0xc3, 0x89, 0x7d, 0xff, 0xc2, 0x88, 0x7c, 0xff, 
0xc1, 0x87, 0x7c, 0xff, 0xc1, 0x87, 0x7b, 0xff, 0xc1, 0x87, 0x7b, 0xff, 0xc1, 0x86, 0x7b, 0xff, 
0xc1, 0x86, 0x7b, 0xff, 0xc1, 0x87, 0x7b, 0xff, 0xc1, 0x87, 0x7b, 0xff, 0xc2, 0x88, 0x7b, 0xff, 
0xc3, 0x87, 0x7c, 0xff, 0xc3, 0x87, 0x7c, 0xff, 0xc3, 0x88, 0x7c, 0xff, 0xc4, 0x89, 0x7d, 0xff, 
0xc4, 0x89, 0x7e, 0xff, 0xc4, 0x89, 0x7e, 0xff, 0xc4, 0x8a, 0x7e, 0xff, 0xc5, 0x8a, 0x7e, 0xff, 
0xc5, 0x8a, 0x7f, 0xff, 0xc4, 0x8a, 0x7e, 0xff, 0xc4, 0x89, 0x7e, 0xff, 0xc4, 0x8a, 0x7e, 0xff, 
0xc5, 0x8a, 0x7e, 0xff, 0xc4, 0x8b, 0x7e, 0xff, 0xc4, 0x8a, 0x7e, 0xff, 0xc4, 0x8b, 0x7e, 0xff, 
0xc3, 0x8a, 0x7d, 0xff, 0xc1, 0x88, 0x7b, 0xff, 0xbf, 0x87, 0x7a, 0xff, 0xbf, 0x87, 0x79, 0xff, 
0xbe, 0x85, 0x78, 0xff, 0xbc, 0x84, 0x77, 0xff, 0xbc, 0x83, 0x76, 0xff, 0xbb, 0x82, 0x75, 0xff, 
0xba, 0x81, 0x76, 0xff, 0xbc, 0x82, 0x77, 0xff, 0xbb, 0x82, 0x76, 0xff, 0xba, 0x81, 0x76, 0xff, 
0xba, 0x81, 0x75, 0xff, 0xb8, 0x80, 0x73, 0xff, 0xb7, 0x80, 0x73, 0xff, 0xb6, 0x7f, 0x72, 0xff, 
0xb3, 0x7d, 0x70, 0xff, 0xb3, 0x7c, 0x6f, 0xff, 0xb2, 0x7c, 0x70, 0xff, 0xb2, 0x7d, 0x6f, 0xff, 
0xb1, 0x7d, 0x70, 0xff, 0xb2, 0x7f, 0x71, 0xff, 0xb4, 0x80, 0x73, 0xff, 0xb6, 0x82, 0x74, 0xff, 
0xc6, 0x8c, 0x81, 0xff, 0xc6, 0x8c, 0x82, 0xff, 0xc8, 0x8e, 0x83, 0xff, 0xc8, 0x90, 0x84, 0xff, 
0xc9, 0x90, 0x85, 0xff, 0xcb, 0x92, 0x86, 0xff, 0xcc, 0x94, 0x88, 0xff, 0xcc, 0x94, 0x87, 0xff, 
0xca, 0x92, 0x85, 0xff, 0xca, 0x92, 0x85, 0xff, 0xcb, 0x92, 0x86, 0xff, 0xcb, 0x92, 0x87, 0xff, 
0xcc, 0x93, 0x87, 0xff, 0xcf, 0x95, 0x89, 0xff, 0xcf, 0x96, 0x89, 0xff, 0xcd, 0x95, 0x88, 0xff, 
0xcd, 0x95, 0x89, 0xff, 0xce, 0x98, 0x8b, 0xff, 0xce, 0x99, 0x8b, 0xff, 0xcc, 0x98, 0x89, 0xff, 
0xc9, 0x94, 0x87, 0xff, 0xc7, 0x91, 0x84, 0xff, 0xc7, 0x8f, 0x83, 0xff, 0xc7, 0x8f, 0x82, 0xff, 
0xc7, 0x8e, 0x82, 0xff, 0xc7, 0x8d, 0x82, 0xff, 0xc7, 0x8c, 0x81, 0xff, 0xc5, 0x8b, 0x80, 0xff, 
0xc5, 0x8a, 0x7e, 0xff, 0xc6, 0x8b, 0x7f, 0xff, 0xc6, 0x8b, 0x7f, 0xff, 0xc7, 0x8c, 0x81, 0xff, 
0xc8, 0x8d, 0x82, 0xff, 0xc7, 0x8d, 0x81, 0xff, 0xc6, 0x8a, 0x7f, 0xff, 0xc5, 0x8a, 0x7e, 0xff, 
0xc6, 0x8a, 0x7e, 0xff, 0xc7, 0x8b, 0x7f, 0xff, 0xc7, 0x8b, 0x7f, 0xff, 0xc7, 0x8a, 0x7e, 0xff, 
0xc6, 0x89, 0x7e, 0xff, 0xc5, 0x89, 0x7d, 0xff, 0xc6, 0x88, 0x7c, 0xff, 0xc6, 0x88, 0x7c, 0xff, 
0xc6, 0x89, 0x7d, 0xff, 0xc5, 0x88, 0x7c, 0xff, 0xc2, 0x88, 0x7a, 0xff, 0xc2, 0x88, 0x7a, 0xff, 
0xc1, 0x87, 0x7a, 0xff, 0xc1, 0x86, 0x7a, 0xff, 0xc1, 0x86, 0x79, 0xff, 0xc2, 0x86, 0x7a, 0xff, 
0xc2, 0x86, 0x7a, 0xff, 0xc0, 0x84, 0x78, 0xff, 0xc0, 0x84, 0x77, 0xff, 0xc0, 0x83, 0x77, 0xff, 
0xc1, 0x83, 0x77, 0xff, 0xc0, 0x83, 0x77, 0xff, 0xc0, 0x83, 0x77, 0xff, 0xc0, 0x83, 0x77, 0xff, 
0xc1, 0x85, 0x78, 0xff, 0xc0, 0x84, 0x78, 0xff, 0xc0, 0x83, 0x77, 0xff, 0xc0, 0x83, 0x77, 0xff, 
0xbe, 0x82, 0x76, 0xff, 0xbe, 0x82, 0x76, 0xff, 0xbe, 0x82, 0x76, 0xff, 0xbe, 0x82, 0x75, 0xff, 
0xbf, 0x82, 0x76, 0xff, 0xbf, 0x82, 0x76, 0xff, 0xbf, 0x83, 0x77, 0xff, 0xc1, 0x83, 0x77, 0xff, 
0xc2, 0x84, 0x78, 0xff, 0xc3, 0x85, 0x79, 0xff, 0xc3, 0x86, 0x7a, 0xff, 0xc3, 0x86, 0x7a, 0xff, 
0xc2, 0x85, 0x79, 0xff, 0xc0, 0x83, 0x77, 0xff, 0xbe, 0x82, 0x76, 0xff, 0xbd, 0x81, 0x75, 0xff, 
0xbc, 0x80, 0x75, 0xff, 0xbb, 0x7f, 0x74, 0xff, 0xbb, 0x7e, 0x73, 0xff, 0xbb, 0x7e, 0x74, 0xff, 
0xbb, 0x7f, 0x74, 0xff, 0xbc, 0x80, 0x75, 0xff, 0xbf, 0x81, 0x77, 0xff, 0xc1, 0x84, 0x79, 0xff, 
0xc4, 0x86, 0x7a, 0xff, 0xc5, 0x87, 0x7c, 0xff, 0xc5, 0x87, 0x7b, 0xff, 0xc6, 0x86, 0x7b, 0xff, 
0xc4, 0x85, 0x7a, 0xff, 0xc1, 0x84, 0x78, 0xff, 0xc0, 0x83, 0x77, 0xff, 0xbf, 0x83, 0x77, 0xff, 
0xc0, 0x83, 0x78, 0xff, 0xc0, 0x83, 0x78, 0xff, 0xc1, 0x84, 0x78, 0xff, 0xc1, 0x85, 0x79, 0xff, 
0xc3, 0x86, 0x7b, 0xff, 0xc4, 0x87, 0x7c, 0xff, 0xc3, 0x87, 0x7c, 0xff, 0xc3, 0x88, 0x7c, 0xff, 
0xc2, 0x88, 0x7b, 0xff, 0xbf, 0x85, 0x79, 0xff, 0xbd, 0x84, 0x78, 0xff, 0xbf, 0x85, 0x79, 0xff, 
0xbf, 0x87, 0x7c, 0xff, 0xc1, 0x88, 0x7c, 0xff, 0xc3, 0x88, 0x7d, 0xff, 0xc4, 0x8a, 0x7e, 0xff, 
0xc3, 0x89, 0x7e, 0xff, 0xc3, 0x89, 0x7d, 0xff, 0xc3, 0x88, 0x7c, 0xff, 0xc4, 0x86, 0x7c, 0xff, 
0xc4, 0x86, 0x7c, 0xff, 0xc3, 0x87, 0x7c, 0xff, 0xc2, 0x87, 0x7c, 0xff, 0xc3, 0x88, 0x7d, 0xff, 
0xc1, 0x89, 0x7d, 0xff, 0xc0, 0x89, 0x7c, 0xff, 0xbd, 0x87, 0x79, 0xff, 0xb9, 0x82, 0x75, 0xff, 
0xb7, 0x81, 0x73, 0xff, 0xb8, 0x81, 0x73, 0xff, 0xba, 0x83, 0x75, 0xff, 0xba, 0x83, 0x75, 0xff, 
0xb7, 0x7f, 0x72, 0xff, 0xb4, 0x7d, 0x6f, 0xff, 0xb3, 0x7b, 0x6e, 0xff, 0xb4, 0x7d, 0x70, 0xff, 
0xb5, 0x7f, 0x72, 0xff, 0xb7, 0x80, 0x73, 0xff, 0xb8, 0x81, 0x74, 0xff, 0xba, 0x83, 0x76, 0xff, 
0xbd, 0x83, 0x77, 0xff, 0xc0, 0x84, 0x7a, 0xff, 0xc4, 0x86, 0x7b, 0xff, 0xc6, 0x86, 0x7c, 0xff, 
0xc6, 0x88, 0x7d, 0xff, 0xc8, 0x8b, 0x80, 0xff, 0xcb, 0x91, 0x85, 0xff, 0xd0, 0x99, 0x8d, 0xff, 
0xd8, 0xa3, 0x96, 0xff, 0xd8, 0xa5, 0x97, 0xff, 0xd3, 0xa2, 0x93, 0xff, 0xd0, 0x9e, 0x90, 0xff, 
0xcf, 0x9b, 0x8d, 0xff, 0xcf, 0x9a, 0x8c, 0xff, 0xce, 0x98, 0x8c, 0xff, 0xce, 0x96, 0x8a, 0xff, 
0xcd, 0x94, 0x88, 0xff, 0xcd, 0x92, 0x87, 0xff, 0xcd, 0x91, 0x87, 0xff, 0xcb, 0x8f, 0x85, 0xff, 
0xcb, 0x8c, 0x83, 0xff, 0xca, 0x8c, 0x82, 0xff, 0xc8, 0x8a, 0x81, 0xff, 0xc6, 0x8a, 0x7f, 0xff, 
0xc5, 0x8a, 0x7f, 0xff, 0xc7, 0x8b, 0x81, 0xff, 0xc8, 0x8b, 0x82, 0xff, 0xc9, 0x8c, 0x83, 0xff, 
0xca, 0x8c, 0x84, 0xff, 0xcb, 0x8d, 0x84, 0xff, 0xca, 0x8e, 0x84, 0xff, 0xcb, 0x8e, 0x84, 0xff, 
0xca, 0x8e, 0x84, 0xff, 0xc9, 0x8e, 0x83, 0xff, 0xc9, 0x8e, 0x84, 0xff, 0xc9, 0x8e, 0x84, 0xff, 
0xcb, 0x8f, 0x84, 0xff, 0xcb, 0x91, 0x86, 0xff, 0xcb, 0x91, 0x86, 0xff, 0xcb, 0x92, 0x87, 0xff, 
0xcb, 0x91, 0x86, 0xff, 0xc9, 0x90, 0x84, 0xff, 0xca, 0x91, 0x85, 0xff, 0xcc, 0x92, 0x88, 0xff, 
0xcf, 0x96, 0x8a, 0xff, 0xd3, 0x99, 0x8d, 0xff, 0xd6, 0x9d, 0x91, 0xff, 0xd8, 0x9f, 0x93, 0xff, 
0xd8, 0xa0, 0x94, 0xff, 0xd8, 0xa0, 0x93, 0xff, 0xd9, 0xa1, 0x92, 0xff, 0xd9, 0xa1, 0x93, 0xff, 
0xd9, 0xa0, 0x93, 0xff, 0xda, 0xa1, 0x93, 0xff, 0xda, 0xa1, 0x94, 0xff, 0xdb, 0xa1, 0x94, 0xff, 
0xdb, 0xa0, 0x93, 0xff, 0xd8, 0x9e, 0x91, 0xff, 0xd8, 0x9d, 0x90, 0xff, 0xd7, 0x9c, 0x8f, 0xff, 
0xd8, 0x9a, 0x8f, 0xff, 0xd8, 0x99, 0x8e, 0xff, 0xd6, 0x97, 0x8d, 0xff, 0xd6, 0x96, 0x8d, 0xff, 
0xd6, 0x96, 0x8d, 0xff, 0xd5, 0x95, 0x8c, 0xff, 0xd3, 0x94, 0x8a, 0xff, 0xd0, 0x93, 0x89, 0xff, 
0xcf, 0x93, 0x88, 0xff, 0xcd, 0x91, 0x87, 0xff, 0xcb, 0x90, 0x85, 0xff, 0xcb, 0x8f, 0x84, 0xff, 
0xca, 0x8f, 0x84, 0xff, 0xc9, 0x8e, 0x83, 0xff, 0xc7, 0x8c, 0x81, 0xff, 0xc4, 0x8a, 0x80, 0xff, 
0xc0, 0x89, 0x7d, 0xff, 0xc0, 0x88, 0x7c, 0xff, 0xc0, 0x8a, 0x7e, 0xff, 0xc2, 0x8c, 0x80, 0xff, 
0xc4, 0x8e, 0x82, 0xff, 0xc5, 0x90, 0x83, 0xff, 0xc5, 0x8f, 0x84, 0xff, 0xc6, 0x90, 0x84, 0xff, 
0xc8, 0x92, 0x86, 0xff, 0xca, 0x93, 0x88, 0xff, 0xcc, 0x93, 0x88, 0xff, 0xcc, 0x92, 0x87, 0xff, 
0xcc, 0x92, 0x86, 0xff, 0xce, 0x93, 0x87, 0xff, 0xcd, 0x93, 0x87, 0xff, 0xcb, 0x91, 0x86, 0xff, 
0xc9, 0x8e, 0x83, 0xff, 0xc7, 0x8b, 0x80, 0xff, 0xc6, 0x8b, 0x7f, 0xff, 0xc8, 0x8c, 0x81, 0xff, 
0xc9, 0x8c, 0x82, 0xff, 0xc9, 0x8b, 0x81, 0xff, 0xc7, 0x89, 0x7f, 0xff, 0xc3, 0x87, 0x7c, 0xff, 
0xc0, 0x83, 0x78, 0xff, 0xbd, 0x80, 0x75, 0xff, 0xba, 0x7d, 0x73, 0xff, 0xb8, 0x7b, 0x70, 0xff, 
0xb5, 0x79, 0x6e, 0xff, 0xb2, 0x77, 0x6c, 0xff, 0xb1, 0x75, 0x6b, 0xff, 0xb1, 0x75, 0x6b, 0xff, 
0xb2, 0x76, 0x6c, 0xff, 0xb2, 0x76, 0x6c, 0xff, 0xb3, 0x78, 0x6d, 0xff, 0xb6, 0x7b, 0x70, 0xff, 
0xb9, 0x80, 0x74, 0xff, 0xbc, 0x81, 0x77, 0xff, 0xbb, 0x7f, 0x75, 0xff, 0xba, 0x80, 0x75, 0xff, 
0xbc, 0x81, 0x77, 0xff, 0xbe, 0x84, 0x79, 0xff, 0xc1, 0x87, 0x7c, 0xff, 0xc4, 0x8c, 0x80, 0xff, 
0xda, 0x9d, 0x92, 0xff, 0xdc, 0xa0, 0x94, 0xff, 0xdb, 0x9f, 0x93, 0xff, 0xd8, 0x9c, 0x91, 0xff, 
0xd8, 0x9d, 0x90, 0xff, 0xdd, 0xa1, 0x95, 0xff, 0xde, 0xa3, 0x98, 0xff, 0xdc, 0xa1, 0x94, 0xff, 
0xdd, 0xa0, 0x95, 0xff, 0xe1, 0xa3, 0x98, 0xff, 0xe0, 0xa4, 0x98, 0xff, 0xde, 0xa3, 0x97, 0xff, 
0xd9, 0x9e, 0x92, 0xff, 0xd0, 0x93, 0x87, 0xff, 0xc8, 0x8d, 0x80, 0xff, 0xc4, 0x8b, 0x7f, 0xff, 
0xc4, 0x8c, 0x80, 0xff, 0xc0, 0x89, 0x7d, 0xff, 0xc1, 0x8b, 0x7d, 0xff, 0xc7, 0x90, 0x83, 0xff, 
0xc9, 0x93, 0x85, 0xff, 0xca, 0x95, 0x87, 0xff, 0xc8, 0x94, 0x85, 0xff, 0xc7, 0x92, 0x84, 0xff, 
0xcc, 0x94, 0x87, 0xff, 0xd1, 0x97, 0x89, 0xff, 0xd0, 0x94, 0x88, 0xff, 0xcf, 0x91, 0x86, 0xff, 
0xcb, 0x8c, 0x81, 0xff, 0xc5, 0x87, 0x7b, 0xff, 0xc3, 0x86, 0x7a, 0xff, 0xc4, 0x89, 0x7c, 0xff, 
0xc8, 0x8d, 0x80, 0xff, 0xce, 0x94, 0x86, 0xff, 0xce, 0x95, 0x87, 0xff, 0xc9, 0x91, 0x82, 0xff, 
0xc6, 0x8d, 0x7f, 0xff, 0xc6, 0x8d, 0x7f, 0xff, 0xc5, 0x8d, 0x7e, 0xff, 0xc2, 0x8a, 0x7b, 0xff, 
0xc2, 0x89, 0x7b, 0xff, 0xc0, 0x89, 0x7a, 0xff, 0xbf, 0x87, 0x79, 0xff, 0xbc, 0x84, 0x75, 0xff, 
0xba, 0x82, 0x74, 0xff, 0xb9, 0x7f, 0x72, 0xff, 0xb9, 0x7e, 0x70, 0xff, 0xbc, 0x7f, 0x71, 0xff, 
0xbd, 0x7f, 0x72, 0xff, 0xbc, 0x7f, 0x72, 0xff, 0xbb, 0x7d, 0x70, 0xff, 0xb8, 0x7c, 0x6e, 0xff, 
0xb6, 0x7a, 0x6d, 0xff, 0xb6, 0x78, 0x6b, 0xff, 0xb6, 0x79, 0x6b, 0xff, 0xb5, 0x78, 0x6a, 0xff, 
0xb3, 0x77, 0x69, 0xff, 0xb1, 0x76, 0x68, 0xff, 0xb2, 0x76, 0x67, 0xff, 0xb5, 0x77, 0x69, 0xff, 
0xb7, 0x79, 0x6b, 0xff, 0xb9, 0x7b, 0x6e, 0xff, 0xbc, 0x7e, 0x71, 0xff, 0xc1, 0x82, 0x75, 0xff, 
0xc3, 0x85, 0x76, 0xff, 0xc3, 0x83, 0x75, 0xff, 0xc2, 0x82, 0x74, 0xff, 0xc1, 0x80, 0x72, 0xff, 
0xbe, 0x7d, 0x70, 0xff, 0xc0, 0x7f, 0x72, 0xff, 0xc5, 0x83, 0x76, 0xff, 0xc4, 0x82, 0x75, 0xff, 
0xc0, 0x7e, 0x72, 0xff, 0xbe, 0x7c, 0x70, 0xff, 0xbe, 0x7b, 0x6f, 0xff, 0xbe, 0x7b, 0x6f, 0xff, 
0xbe, 0x7b, 0x6f, 0xff, 0xbc, 0x79, 0x6e, 0xff, 0xb7, 0x77, 0x6b, 0xff, 0xb3, 0x75, 0x69, 0xff, 
0xb4, 0x75, 0x6a, 0xff, 0xb4, 0x76, 0x6a, 0xff, 0xb5, 0x77, 0x6b, 0xff, 0xb4, 0x76, 0x6b, 0xff, 
0xb0, 0x72, 0x67, 0xff, 0xad, 0x71, 0x66, 0xff, 0xae, 0x72, 0x67, 0xff, 0xb1, 0x75, 0x69, 0xff, 
0xb3, 0x76, 0x6a, 0xff, 0xb4, 0x76, 0x6c, 0xff, 0xb7, 0x78, 0x6e, 0xff, 0xb7, 0x79, 0x6e, 0xff, 
0xb8, 0x7b, 0x6f, 0xff, 0xba, 0x7c, 0x70, 0xff, 0xba, 0x7c, 0x70, 0xff, 0xb7, 0x7a, 0x6f, 0xff, 
0xb4, 0x78, 0x6c, 0xff, 0xb0, 0x75, 0x68, 0xff, 0xab, 0x72, 0x66, 0xff, 0xa8, 0x71, 0x65, 0xff, 
0xa7, 0x70, 0x64, 0xff, 0xa9, 0x70, 0x63, 0xff, 0xab, 0x71, 0x65, 0xff, 0xae, 0x74, 0x69, 0xff, 
0xb3, 0x7b, 0x6f, 0xff, 0xbb, 0x87, 0x78, 0xff, 0xc2, 0x90, 0x81, 0xff, 0xc6, 0x94, 0x84, 0xff, 
0xc6, 0x94, 0x84, 0xff, 0xc6, 0x92, 0x83, 0xff, 0xc8, 0x92, 0x84, 0xff, 0xcb, 0x92, 0x86, 0xff, 
0xce, 0x94, 0x88, 0xff, 0xce, 0x95, 0x88, 0xff, 0xce, 0x93, 0x87, 0xff, 0xcc, 0x90, 0x85, 0xff, 
0xca, 0x8f, 0x82, 0xff, 0xc5, 0x8e, 0x81, 0xff, 0xc8, 0x8e, 0x81, 0xff, 0xcd, 0x91, 0x85, 0xff, 
0xce, 0x93, 0x87, 0xff, 0xcc, 0x90, 0x85, 0xff, 0xc7, 0x8b, 0x80, 0xff, 0xc5, 0x8a, 0x7e, 0xff, 
0xc4, 0x8b, 0x7f, 0xff, 0xc9, 0x90, 0x84, 0xff, 0xcc, 0x95, 0x88, 0xff, 0xcc, 0x95, 0x88, 0xff, 
0xcb, 0x93, 0x86, 0xff, 0xc9, 0x90, 0x84, 0xff, 0xc8, 0x8d, 0x81, 0xff, 0xc6, 0x89, 0x7e, 0xff, 
0xc8, 0x8b, 0x80, 0xff, 0xcc, 0x8f, 0x84, 0xff, 0xc9, 0x8d, 0x81, 0xff, 0xcb, 0x8c, 0x83, 0xff, 
0xd2, 0x91, 0x89, 0xff, 0xd1, 0x92, 0x88, 0xff, 0xd0, 0x91, 0x86, 0xff, 0xd2, 0x98, 0x8b, 0xff, 
0xd3, 0x9e, 0x90, 0xff, 0xcb, 0x9a, 0x8a, 0xff, 0xc4, 0x92, 0x83, 0xff, 0xcc, 0x99, 0x8c, 0xff, 
0xd6, 0xa7, 0x9a, 0xff, 0xd5, 0xa9, 0x9a, 0xff, 0xd2, 0xa5, 0x96, 0xff, 0xd0, 0xa3, 0x96, 0xff, 
0xce, 0xa0, 0x93, 0xff, 0xcc, 0x9d, 0x8f, 0xff, 0xca, 0x9b, 0x8d, 0xff, 0xc9, 0x96, 0x89, 0xff, 
0xc3, 0x8c, 0x81, 0xff, 0xc0, 0x88, 0x7c, 0xff, 0xc2, 0x8a, 0x7e, 0xff, 0xc2, 0x8d, 0x81, 0xff, 
0xc1, 0x8b, 0x80, 0xff, 0xc2, 0x8c, 0x80, 0xff, 0xc6, 0x8f, 0x84, 0xff, 0xca, 0x91, 0x86, 0xff, 
0xcb, 0x91, 0x87, 0xff, 0xcb, 0x92, 0x87, 0xff, 0xcd, 0x94, 0x89, 0xff, 0xcf, 0x97, 0x8b, 0xff, 
0xd0, 0x98, 0x8d, 0xff, 0xd0, 0x98, 0x8d, 0xff, 0xce, 0x96, 0x8b, 0xff, 0xcc, 0x94, 0x89, 0xff, 
0xcd, 0x95, 0x89, 0xff, 0xcf, 0x96, 0x8b, 0xff, 0xcf, 0x97, 0x8b, 0xff, 0xce, 0x95, 0x8a, 0xff, 
0xd0, 0x97, 0x8c, 0xff, 0xd2, 0x9c, 0x90, 0xff, 0xd3, 0x9c, 0x90, 0xff, 0xd4, 0x9b, 0x90, 0xff, 
0xd4, 0x99, 0x8f, 0xff, 0xd3, 0x96, 0x8c, 0xff, 0xd2, 0x95, 0x8b, 0xff, 0xd1, 0x97, 0x8b, 0xff, 
0xd0, 0x97, 0x8c, 0xff, 0xd3, 0x98, 0x8d, 0xff, 0xd5, 0x9a, 0x8f, 0xff, 0xd6, 0x9b, 0x91, 0xff, 
0xd7, 0x9b, 0x91, 0xff, 0xd5, 0x9b, 0x8f, 0xff, 0xd4, 0x9b, 0x8f, 0xff, 0xd3, 0x9a, 0x8e, 0xff, 
0xcf, 0x97, 0x8a, 0xff, 0xca, 0x94, 0x87, 0xff, 0xc8, 0x92, 0x85, 0xff, 0xc7, 0x91, 0x84, 0xff, 
0xc8, 0x92, 0x86, 0xff, 0xcc, 0x96, 0x8a, 0xff, 0xcd, 0x96, 0x8b, 0xff, 0xcc, 0x96, 0x8a, 0xff, 
0xcc, 0x96, 0x8a, 0xff, 0xce, 0x97, 0x8b, 0xff, 0xcd, 0x98, 0x8b, 0xff, 0xce, 0x98, 0x8b, 0xff, 
0xce, 0x97, 0x8a, 0xff, 0xcd, 0x97, 0x8a, 0xff, 0xcc, 0x96, 0x89, 0xff, 0xca, 0x93, 0x87, 0xff, 
0xc7, 0x90, 0x85, 0xff, 0xc7, 0x90, 0x84, 0xff, 0xcb, 0x93, 0x87, 0xff, 0xcf, 0x99, 0x8b, 0xff, 
0xd3, 0x9c, 0x8f, 0xff, 0xd8, 0xa1, 0x95, 0xff, 0xdc, 0xa5, 0x9a, 0xff, 0xde, 0xa8, 0x9c, 0xff, 
0xde, 0xa8, 0x9b, 0xff, 0xdd, 0xa9, 0x9b, 0xff, 0xda, 0xa8, 0x9b, 0xff, 0xd7, 0xa4, 0x96, 0xff, 
0xd6, 0xa3, 0x95, 0xff, 0xd8, 0xa6, 0x98, 0xff, 0xdb, 0xa7, 0x99, 0xff, 0xdc, 0xa6, 0x9a, 0xff, 
0xd9, 0xa4, 0x97, 0xff, 0xd7, 0xa1, 0x95, 0xff, 0xd5, 0x9d, 0x91, 0xff, 0xd1, 0x97, 0x8c, 0xff, 
0xcb, 0x91, 0x86, 0xff, 0xc8, 0x8d, 0x81, 0xff, 0xc5, 0x8a, 0x7f, 0xff, 0xc5, 0x8b, 0x7e, 0xff, 
0xc5, 0x8b, 0x7f, 0xff, 0xc2, 0x89, 0x7d, 0xff, 0xbd, 0x85, 0x78, 0xff, 0xb7, 0x7d, 0x72, 0xff, 
0xb3, 0x7a, 0x6f, 0xff, 0xb5, 0x7a, 0x70, 0xff, 0xb7, 0x7c, 0x70, 0xff, 0xb7, 0x7c, 0x71, 0xff, 
0xb8, 0x7d, 0x72, 0xff, 0xbb, 0x7f, 0x75, 0xff, 0xbd, 0x81, 0x76, 0xff, 0xbc, 0x81, 0x76, 0xff, 
0xbb, 0x82, 0x75, 0xff, 0xb8, 0x80, 0x73, 0xff, 0xb5, 0x7c, 0x70, 0xff, 0xb4, 0x7c, 0x6f, 0xff, 
0xb4, 0x7e, 0x70, 0xff, 0xb5, 0x7e, 0x71, 0xff, 0xb9, 0x80, 0x74, 0xff, 0xc0, 0x85, 0x7a, 0xff, 
0xca, 0x8e, 0x83, 0xff, 0xd1, 0x94, 0x89, 0xff, 0xd3, 0x97, 0x8b, 0xff, 0xd3, 0x97, 0x8b, 0xff, 
0xd5, 0x98, 0x8d, 0xff, 0xd7, 0x9b, 0x90, 0xff, 0xd8, 0x9c, 0x90, 0xff, 0xd8, 0x9c, 0x90, 0xff, 
0xc7, 0x8c, 0x81, 0xff, 0xc9, 0x8f, 0x83, 0xff, 0xc8, 0x91, 0x84, 0xff, 0xcc, 0x95, 0x87, 0xff, 
0xd4, 0x9c, 0x8f, 0xff, 0xd8, 0xa1, 0x93, 0xff, 0xd2, 0x9b, 0x8c, 0xff, 0xcf, 0x97, 0x8a, 0xff, 
0xd6, 0x9a, 0x8e, 0xff, 0xd2, 0x96, 0x8a, 0xff, 0xc8, 0x8e, 0x82, 0xff, 0xc5, 0x8b, 0x7e, 0xff, 
0xc9, 0x92, 0x86, 0xff, 0xc9, 0x96, 0x89, 0xff, 0xc0, 0x89, 0x7d, 0xff, 0xc4, 0x88, 0x7c, 0xff, 
0xc9, 0x8c, 0x7f, 0xff, 0xce, 0x91, 0x85, 0xff, 0xcc, 0x92, 0x85, 0xff, 0xd0, 0x96, 0x89, 0xff, 
0xd4, 0x9c, 0x8e, 0xff, 0xd4, 0x9c, 0x8e, 0xff, 0xda, 0xa2, 0x92, 0xff, 0xda, 0xa2, 0x93, 0xff, 
0xd1, 0x9a, 0x8c, 0xff, 0xcf, 0x97, 0x87, 0xff, 0xce, 0x96, 0x88, 0xff, 0xc4, 0x8c, 0x7e, 0xff, 
0xc0, 0x89, 0x7a, 0xff, 0xc4, 0x8e, 0x80, 0xff, 0xc7, 0x92, 0x84, 0xff, 0xc9, 0x97, 0x86, 0xff, 
0xcf, 0x9d, 0x8c, 0xff, 0xcd, 0x9a, 0x89, 0xff, 0xc9, 0x94, 0x83, 0xff, 0xcb, 0x93, 0x82, 0xff, 
0xcb, 0x91, 0x82, 0xff, 0xc6, 0x8d, 0x7e, 0xff, 0xc5, 0x8c, 0x7d, 0xff, 0xc7, 0x8e, 0x7d, 0xff, 
0xc5, 0x89, 0x7a, 0xff, 0xc1, 0x84, 0x75, 0xff, 0xbf, 0x80, 0x72, 0xff, 0xbf, 0x80, 0x72, 0xff, 
0xc2, 0x80, 0x73, 0xff, 0xc2, 0x80, 0x74, 0xff, 0xc5, 0x81, 0x75, 0xff, 0xc7, 0x82, 0x75, 0xff, 
0xc5, 0x82, 0x74, 0xff, 0xc4, 0x82, 0x74, 0xff, 0xc3, 0x82, 0x73, 0xff, 0xc1, 0x80, 0x72, 0xff, 
0xc0, 0x7f, 0x71, 0xff, 0xc1, 0x80, 0x71, 0xff, 0xc2, 0x80, 0x71, 0xff, 0xc1, 0x7f, 0x71, 0xff, 
0xbf, 0x7e, 0x6f, 0xff, 0xbd, 0x7c, 0x6d, 0xff, 0xbc, 0x7b, 0x6c, 0xff, 0xb9, 0x78, 0x69, 0xff, 
0xb7, 0x77, 0x67, 0xff, 0xbb, 0x7a, 0x6b, 0xff, 0xbf, 0x80, 0x70, 0xff, 0xc0, 0x81, 0x70, 0xff, 
0xbd, 0x7d, 0x6d, 0xff, 0xbc, 0x7a, 0x6a, 0xff, 0xbe, 0x7d, 0x6f, 0xff, 0xc1, 0x80, 0x73, 0xff, 
0xbf, 0x80, 0x71, 0xff, 0xbe, 0x80, 0x70, 0xff, 0xbf, 0x81, 0x71, 0xff, 0xbf, 0x83, 0x73, 0xff, 
0xbd, 0x81, 0x71, 0xff, 0xb9, 0x7c, 0x6d, 0xff, 0xb5, 0x77, 0x69, 0xff, 0xb4, 0x76, 0x68, 0xff, 
0xb6, 0x77, 0x69, 0xff, 0xb6, 0x77, 0x69, 0xff, 0xb4, 0x74, 0x67, 0xff, 0xb1, 0x72, 0x66, 0xff, 
0xb1, 0x72, 0x65, 0xff, 0xb1, 0x73, 0x65, 0xff, 0xb3, 0x76, 0x68, 0xff, 0xb4, 0x78, 0x69, 0xff, 
0xb3, 0x76, 0x69, 0xff, 0xb0, 0x73, 0x66, 0xff, 0xae, 0x72, 0x65, 0xff, 0xae, 0x72, 0x64, 0xff, 
0xae, 0x72, 0x64, 0xff, 0xb0, 0x73, 0x66, 0xff, 0xb1, 0x73, 0x67, 0xff, 0xb0, 0x72, 0x66, 0xff, 
0xac, 0x70, 0x64, 0xff, 0xab, 0x6f, 0x63, 0xff, 0xac, 0x6f, 0x64, 0xff, 0xac, 0x70, 0x65, 0xff, 
0xae, 0x71, 0x66, 0xff, 0xad, 0x72, 0x66, 0xff, 0xb0, 0x76, 0x6a, 0xff, 0xb2, 0x78, 0x6b, 0xff, 
0xad, 0x75, 0x67, 0xff, 0xa9, 0x72, 0x64, 0xff, 0xa8, 0x73, 0x64, 0xff, 0xaa, 0x75, 0x66, 0xff, 
0xb2, 0x7c, 0x6f, 0xff, 0xc0, 0x89, 0x7b, 0xff, 0xc6, 0x8f, 0x81, 0xff, 0xc5, 0x8b, 0x7e, 0xff, 
0xc9, 0x8e, 0x80, 0xff, 0xcd, 0x95, 0x85, 0xff, 0xca, 0x98, 0x86, 0xff, 0xcb, 0x9c, 0x8b, 0xff, 
0xce, 0x9d, 0x8c, 0xff, 0xcc, 0x97, 0x87, 0xff, 0xc7, 0x91, 0x81, 0xff, 0xc9, 0x95, 0x85, 0xff, 
0xce, 0x99, 0x8a, 0xff, 0xca, 0x94, 0x86, 0xff, 0xc5, 0x8e, 0x80, 0xff, 0xc3, 0x88, 0x7d, 0xff, 
0xc3, 0x88, 0x7b, 0xff, 0xc7, 0x90, 0x82, 0xff, 0xce, 0x98, 0x8b, 0xff, 0xd0, 0x9b, 0x8d, 0xff, 
0xca, 0x96, 0x87, 0xff, 0xc9, 0x94, 0x86, 0xff, 0xcc, 0x98, 0x8a, 0xff, 0xd1, 0x9c, 0x8e, 0xff, 
0xd4, 0x9c, 0x8f, 0xff, 0xd4, 0x9e, 0x90, 0xff, 0xd3, 0x9f, 0x91, 0xff, 0xcd, 0x9a, 0x8b, 0xff, 
0xcd, 0x95, 0x88, 0xff, 0xc8, 0x8f, 0x83, 0xff, 0xc2, 0x8c, 0x7f, 0xff, 0xc3, 0x8e, 0x81, 0xff, 
0xc1, 0x8a, 0x7d, 0xff, 0xc2, 0x8a, 0x7e, 0xff, 0xcb, 0x9a, 0x8d, 0xff, 0xd2, 0xaf, 0x9e, 0xff, 
0xdf, 0xbf, 0xad, 0xff, 0xd8, 0xaf, 0x9f, 0xff, 0xc9, 0x92, 0x87, 0xff, 0xc2, 0x84, 0x7a, 0xff, 
0xc3, 0x83, 0x7a, 0xff, 0xc7, 0x8a, 0x80, 0xff, 0xcd, 0x99, 0x8b, 0xff, 0xd2, 0xa4, 0x94, 0xff, 
0xc9, 0x97, 0x88, 0xff, 0xc1, 0x84, 0x78, 0xff, 0xc4, 0x84, 0x79, 0xff, 0xcb, 0x8c, 0x81, 0xff, 
0xcf, 0x93, 0x88, 0xff, 0xcf, 0x97, 0x8a, 0xff, 0xcc, 0x99, 0x8b, 0xff, 0xcd, 0x99, 0x8c, 0xff, 
0xce, 0x99, 0x8c, 0xff, 0xcc, 0x95, 0x88, 0xff, 0xca, 0x91, 0x86, 0xff, 0xcf, 0x93, 0x88, 0xff, 
0xd3, 0x98, 0x8d, 0xff, 0xd6, 0x9d, 0x91, 0xff, 0xd9, 0xa0, 0x94, 0xff, 0xd8, 0xa1, 0x94, 0xff, 
0xd8, 0xa1, 0x94, 0xff, 0xd7, 0x9f, 0x93, 0xff, 0xd5, 0x9c, 0x91, 0xff, 0xd6, 0x9c, 0x91, 0xff, 
0xd5, 0x9e, 0x92, 0xff, 0xd4, 0xa1, 0x94, 0xff, 0xd7, 0xaa, 0x9a, 0xff, 0xdf, 0xb6, 0xa6, 0xff, 
0xdf, 0xb5, 0xa5, 0xff, 0xdc, 0xab, 0x9d, 0xff, 0xdb, 0xa8, 0x9b, 0xff, 0xdd, 0xaa, 0x9c, 0xff, 
0xe3, 0xad, 0xa1, 0xff, 0xe5, 0xaf, 0xa3, 0xff, 0xe3, 0xac, 0xa0, 0xff, 0xdd, 0xa8, 0x9b, 0xff, 
0xd6, 0xa2, 0x95, 0xff, 0xd6, 0xa1, 0x94, 0xff, 0xd9, 0xa4, 0x97, 0xff, 0xdb, 0xa5, 0x98, 0xff, 
0xda, 0xa5, 0x98, 0xff, 0xd5, 0xa0, 0x94, 0xff, 0xd0, 0x9a, 0x8d, 0xff, 0xce, 0x97, 0x8b, 0xff, 
0xca, 0x92, 0x86, 0xff, 0xc3, 0x8c, 0x80, 0xff, 0xbd, 0x87, 0x7a, 0xff, 0xbf, 0x88, 0x7b, 0xff, 
0xc0, 0x8b, 0x7d, 0xff, 0xc3, 0x8e, 0x80, 0xff, 0xc8, 0x92, 0x86, 0xff, 0xcc, 0x97, 0x89, 0xff, 
0xcc, 0x96, 0x89, 0xff, 0xc6, 0x8f, 0x82, 0xff, 0xbe, 0x88, 0x7c, 0xff, 0xbb, 0x85, 0x79, 0xff, 
0xbc, 0x85, 0x7a, 0xff, 0xbc, 0x84, 0x79, 0xff, 0xbd, 0x85, 0x79, 0xff, 0xbd, 0x86, 0x7a, 0xff, 
0xc0, 0x88, 0x7d, 0xff, 0xc2, 0x88, 0x7d, 0xff, 0xc3, 0x89, 0x7e, 0xff, 0xc8, 0x8e, 0x83, 0xff, 
0xcb, 0x92, 0x87, 0xff, 0xca, 0x91, 0x86, 0xff, 0xc9, 0x8f, 0x84, 0xff, 0xcb, 0x93, 0x87, 0xff, 
0xd1, 0x98, 0x8c, 0xff, 0xcf, 0x97, 0x8b, 0xff, 0xc8, 0x90, 0x84, 0xff, 0xc4, 0x8c, 0x7f, 0xff, 
0xc3, 0x8a, 0x7e, 0xff, 0xc5, 0x8a, 0x7f, 0xff, 0xc9, 0x8c, 0x81, 0xff, 0xcb, 0x8e, 0x84, 0xff, 
0xce, 0x91, 0x87, 0xff, 0xce, 0x92, 0x88, 0xff, 0xd1, 0x95, 0x8a, 0xff, 0xd4, 0x98, 0x8e, 0xff, 
0xd1, 0x95, 0x8a, 0xff, 0xcd, 0x91, 0x86, 0xff, 0xcc, 0x91, 0x85, 0xff, 0xcd, 0x91, 0x85, 0xff, 
0xd0, 0x95, 0x89, 0xff, 0xd4, 0x9d, 0x90, 0xff, 0xcf, 0x9c, 0x8d, 0xff, 0xc6, 0x96, 0x87, 0xff, 
0xc2, 0x91, 0x81, 0xff, 0xbf, 0x8d, 0x80, 0xff, 0xbd, 0x89, 0x7d, 0xff, 0xc0, 0x88, 0x7c, 0xff, 
0xc4, 0x89, 0x7d, 0xff, 0xc3, 0x89, 0x7d, 0xff, 0xc7, 0x8e, 0x82, 0xff, 0xc9, 0x8f, 0x83, 0xff, 
0xc7, 0x8c, 0x80, 0xff, 0xca, 0x8f, 0x84, 0xff, 0xd1, 0x96, 0x8b, 0xff, 0xcb, 0x91, 0x85, 0xff, 
0xbe, 0x86, 0x79, 0xff, 0xbb, 0x84, 0x76, 0xff, 0xc4, 0x8b, 0x7e, 0xff, 0xd1, 0x96, 0x8b, 0xff, 
0xd1, 0x97, 0x8a, 0xff, 0xcb, 0x90, 0x84, 0xff, 0xd3, 0x98, 0x8d, 0xff, 0xde, 0xa3, 0x97, 0xff, 
0xda, 0x9f, 0x94, 0xff, 0xd0, 0x96, 0x8a, 0xff, 0xcc, 0x92, 0x86, 0xff, 0xc7, 0x8c, 0x80, 0xff, 
0xbc, 0x84, 0x77, 0xff, 0xbd, 0x83, 0x79, 0xff, 0xaf, 0x76, 0x6b, 0xff, 0xa8, 0x70, 0x64, 0xff, 
0xac, 0x76, 0x6b, 0xff, 0xaf, 0x78, 0x6e, 0xff, 0xae, 0x73, 0x69, 0xff, 0xad, 0x71, 0x68, 0xff, 
0xad, 0x72, 0x69, 0xff, 0xac, 0x71, 0x67, 0xff, 0xb5, 0x7c, 0x6f, 0xff, 0xba, 0x81, 0x73, 0xff, 
0xb5, 0x7f, 0x71, 0xff, 0xbb, 0x88, 0x7a, 0xff, 0xc3, 0x8d, 0x7e, 0xff, 0xb7, 0x7d, 0x70, 0xff, 
0xb3, 0x78, 0x6c, 0xff, 0xb8, 0x83, 0x76, 0xff, 0xaa, 0x75, 0x69, 0xff, 0xa1, 0x6a, 0x5f, 0xff, 
0xa6, 0x70, 0x63, 0xff, 0xae, 0x75, 0x68, 0xff, 0xb9, 0x7f, 0x72, 0xff, 0xc2, 0x89, 0x7c, 0xff, 
0xbd, 0x84, 0x77, 0xff, 0xb5, 0x7d, 0x6f, 0xff, 0xb9, 0x83, 0x74, 0xff, 0xc1, 0x90, 0x7f, 0xff, 
0xc7, 0x99, 0x87, 0xff, 0xc9, 0x99, 0x8a, 0xff, 0xc5, 0x90, 0x83, 0xff, 0xc0, 0x88, 0x7b, 0xff, 
0xc0, 0x88, 0x7a, 0xff, 0xbd, 0x83, 0x75, 0xff, 0xba, 0x7f, 0x72, 0xff, 0xc0, 0x84, 0x76, 0xff, 
0xc6, 0x89, 0x7c, 0xff, 0xc4, 0x89, 0x7b, 0xff, 0xc4, 0x88, 0x7a, 0xff, 0xcb, 0x8d, 0x80, 0xff, 
0xca, 0x8d, 0x7f, 0xff, 0xc9, 0x8c, 0x7e, 0xff, 0xcc, 0x8e, 0x80, 0xff, 0xcf, 0x90, 0x83, 0xff, 
0xce, 0x91, 0x82, 0xff, 0xce, 0x90, 0x81, 0xff, 0xcd, 0x8e, 0x7e, 0xff, 0xce, 0x8d, 0x7e, 0xff, 
0xd1, 0x8f, 0x7f, 0xff, 0xd1, 0x8e, 0x7f, 0xff, 0xcf, 0x8d, 0x7d, 0xff, 0xcf, 0x8c, 0x7c, 0xff, 
0xce, 0x8c, 0x7c, 0xff, 0xce, 0x8e, 0x7f, 0xff, 0xd1, 0x90, 0x82, 0xff, 0xd1, 0x92, 0x82, 0xff, 
0xd0, 0x90, 0x80, 0xff, 0xcb, 0x8c, 0x7d, 0xff, 0xc9, 0x88, 0x79, 0xff, 0xc7, 0x87, 0x76, 0xff, 
0xc5, 0x86, 0x74, 0xff, 0xc7, 0x86, 0x74, 0xff, 0xc9, 0x87, 0x76, 0xff, 0xc8, 0x86, 0x75, 0xff, 
0xc5, 0x84, 0x74, 0xff, 0xc4, 0x82, 0x74, 0xff, 0xc6, 0x84, 0x76, 0xff, 0xc9, 0x87, 0x7a, 0xff, 
0xc9, 0x87, 0x7a, 0xff, 0xc5, 0x82, 0x75, 0xff, 0xbe, 0x7b, 0x6e, 0xff, 0xbc, 0x79, 0x6b, 0xff, 
0xbc, 0x7a, 0x6b, 0xff, 0xba, 0x77, 0x6a, 0xff, 0xb8, 0x75, 0x68, 0xff, 0xb8, 0x75, 0x69, 0xff, 
0xb7, 0x74, 0x68, 0xff, 0xb6, 0x73, 0x67, 0xff, 0xb6, 0x73, 0x67, 0xff, 0xb5, 0x72, 0x66, 0xff, 
0xb5, 0x72, 0x66, 0xff, 0xb4, 0x72, 0x65, 0xff, 0xb0, 0x6f, 0x62, 0xff, 0xae, 0x6d, 0x60, 0xff, 
0xb0, 0x6f, 0x63, 0xff, 0xb1, 0x70, 0x64, 0xff, 0xae, 0x6e, 0x62, 0xff, 0xad, 0x6d, 0x60, 0xff, 
0xad, 0x6d, 0x61, 0xff, 0xb0, 0x70, 0x63, 0xff, 0xb2, 0x71, 0x65, 0xff, 0xb2, 0x71, 0x64, 0xff, 
0xaf, 0x6e, 0x63, 0xff, 0xab, 0x6c, 0x60, 0xff, 0xa9, 0x6a, 0x5f, 0xff, 0xa7, 0x69, 0x5e, 0xff, 
0xa6, 0x69, 0x5d, 0xff, 0xa8, 0x6b, 0x5d, 0xff, 0xae, 0x6e, 0x60, 0xff, 0xb3, 0x73, 0x65, 0xff, 
0xb9, 0x79, 0x6a, 0xff, 0xbd, 0x7f, 0x72, 0xff, 0xbc, 0x82, 0x75, 0xff, 0xb3, 0x7e, 0x70, 0xff, 
0xae, 0x7a, 0x6c, 0xff, 0xb2, 0x7c, 0x6e, 0xff, 0xae, 0x77, 0x68, 0xff, 0xa8, 0x70, 0x62, 0xff, 
0xb1, 0x74, 0x67, 0xff, 0xb8, 0x7e, 0x70, 0xff, 0xbc, 0x85, 0x76, 0xff, 0xc5, 0x90, 0x7f, 0xff, 
0xc5, 0x8e, 0x7e, 0xff, 0xc2, 0x8a, 0x7b, 0xff, 0xbc, 0x88, 0x78, 0xff, 0xbb, 0x86, 0x77, 0xff, 
0xc5, 0x89, 0x7c, 0xff, 0xc5, 0x85, 0x79, 0xff, 0xc0, 0x84, 0x78, 0xff, 0xbb, 0x80, 0x74, 0xff, 
0xb7, 0x7f, 0x72, 0xff, 0xb5, 0x84, 0x75, 0xff, 0xb8, 0x8b, 0x7b, 0xff, 0xbd, 0x8a, 0x7b, 0xff, 
0xc5, 0x8b, 0x7f, 0xff, 0xc5, 0x87, 0x7b, 0xff, 0xc4, 0x8b, 0x7e, 0xff, 0xc8, 0x91, 0x84, 0xff, 
0xcd, 0x92, 0x86, 0xff, 0xc9, 0x93, 0x85, 0xff, 0xcb, 0xa0, 0x8f, 0xff, 0xcb, 0xa0, 0x8e, 0xff, 
0xc1, 0x91, 0x81, 0xff, 0xc2, 0x8f, 0x80, 0xff, 0xc0, 0x8d, 0x7d, 0xff, 0xca, 0x95, 0x86, 0xff, 
0xc8, 0x8e, 0x82, 0xff, 0xc6, 0x8b, 0x80, 0xff, 0xd3, 0x9e, 0x92, 0xff, 0xd6, 0xa8, 0x9a, 0xff, 
0xd6, 0xa6, 0x99, 0xff, 0xd6, 0xa1, 0x95, 0xff, 0xd2, 0x9d, 0x90, 0xff, 0xcf, 0x9e, 0x91, 0xff, 
0xd4, 0xa8, 0x9a, 0xff, 0xde, 0xb4, 0xa5, 0xff, 0xdd, 0xb7, 0xa7, 0xff, 0xde, 0xbb, 0xa9, 0xff, 
0xe4, 0xbd, 0xab, 0xff, 0xe3, 0xba, 0xa8, 0xff, 0xe6, 0xbc, 0xaa, 0xff, 0xe5, 0xb7, 0xa7, 0xff, 
0xe3, 0xb5, 0xa6, 0xff, 0xe5, 0xb7, 0xaa, 0xff, 0xe2, 0xb3, 0xa6, 0xff, 0xe2, 0xb4, 0xa5, 0xff, 
0xe6, 0xb9, 0xab, 0xff, 0xe1, 0xb7, 0xa9, 0xff, 0xdf, 0xb5, 0xa6, 0xff, 0xdf, 0xb0, 0xa2, 0xff, 
0xdb, 0xa8, 0x9c, 0xff, 0xd6, 0xa1, 0x97, 0xff, 0xd2, 0x9f, 0x93, 0xff, 0xd6, 0xa3, 0x96, 0xff, 
0xdc, 0xa9, 0x9c, 0xff, 0xde, 0xac, 0x9f, 0xff, 0xe2, 0xb1, 0xa4, 0xff, 0xe3, 0xb5, 0xa6, 0xff, 
0xe6, 0xb8, 0xaa, 0xff, 0xdf, 0xb2, 0xa5, 0xff, 0xd7, 0xac, 0x9e, 0xff, 0xd9, 0xb1, 0xa2, 0xff, 
0xda, 0xb0, 0xa1, 0xff, 0xd8, 0xa6, 0x99, 0xff, 0xda, 0xa6, 0x99, 0xff, 0xde, 0xad, 0x9f, 0xff, 
0xdc, 0xad, 0x9e, 0xff, 0xdb, 0xa9, 0x9b, 0xff, 0xdd, 0xa8, 0x9b, 0xff, 0xde, 0xa8, 0x9a, 0xff, 
0xdf, 0xab, 0x9d, 0xff, 0xe2, 0xb1, 0xa3, 0xff, 0xe7, 0xb8, 0xa9, 0xff, 0xea, 0xbc, 0xac, 0xff, 
0xe6, 0xbc, 0xac, 0xff, 0xe7, 0xbf, 0xaf, 0xff, 0xeb, 0xc4, 0xb2, 0xff, 0xec, 0xc6, 0xb4, 0xff, 
0xed, 0xc5, 0xb3, 0xff, 0xec, 0xc2, 0xb1, 0xff, 0xe8, 0xbb, 0xac, 0xff, 0xe3, 0xb0, 0xa2, 0xff, 
0xd8, 0xa2, 0x95, 0xff, 0xcf, 0x96, 0x8a, 0xff, 0xcd, 0x92, 0x87, 0xff, 0xcf, 0x94, 0x89, 0xff, 
0xcb, 0x90, 0x85, 0xff, 0xc3, 0x89, 0x7e, 0xff, 0xc3, 0x8b, 0x7f, 0xff, 0xc4, 0x8b, 0x7f, 0xff, 
0xc1, 0x88, 0x7c, 0xff, 0xbc, 0x83, 0x78, 0xff, 0xba, 0x81, 0x75, 0xff, 0xc0, 0x87, 0x7b, 0xff, 
0xc6, 0x8c, 0x80, 0xff, 0xcb, 0x90, 0x84, 0xff, 0xcd, 0x91, 0x86, 0xff, 0xcb, 0x8f, 0x84, 0xff, 
0xca, 0x8c, 0x83, 0xff, 0xcb, 0x8f, 0x84, 0xff, 0xc9, 0x8e, 0x83, 0xff, 0xc5, 0x8a, 0x80, 0xff, 
0xc3, 0x89, 0x7e, 0xff, 0xc3, 0x8a, 0x7f, 0xff, 0xc5, 0x8c, 0x80, 0xff, 0xc7, 0x8f, 0x82, 0xff, 
0xc8, 0x90, 0x83, 0xff, 0xca, 0x90, 0x85, 0xff, 0xd1, 0x97, 0x8c, 0xff, 0xd4, 0x9c, 0x8f, 0xff, 
0xce, 0x94, 0x88, 0xff, 0xc3, 0x8a, 0x7e, 0xff, 0xbf, 0x85, 0x79, 0xff, 0xc0, 0x85, 0x7a, 0xff, 
0xc3, 0x88, 0x7e, 0xff, 0xc5, 0x8b, 0x80, 0xff, 0xc7, 0x8e, 0x82, 0xff, 0xc9, 0x8f, 0x83, 0xff, 
0xc9, 0x8f, 0x83, 0xff, 0xc9, 0x8e, 0x82, 0xff, 0xca, 0x90, 0x83, 0xff, 0xcd, 0x95, 0x88, 0xff, 
0xcb, 0x93, 0x86, 0xff, 0xc3, 0x8c, 0x80, 0xff, 0xc3, 0x8b, 0x81, 0xff, 0xd0, 0x92, 0x89, 0xff, 
0xd9, 0x9a, 0x90, 0xff, 0xdb, 0x9e, 0x92, 0xff, 0xd9, 0x9c, 0x90, 0xff, 0xd4, 0x97, 0x8c, 0xff, 
0xcd, 0x90, 0x85, 0xff, 0xc9, 0x8d, 0x82, 0xff, 0xc8, 0x8e, 0x82, 0xff, 0xc7, 0x8c, 0x80, 0xff, 
0xc6, 0x8b, 0x7f, 0xff, 0xc9, 0x8f, 0x83, 0xff, 0xca, 0x90, 0x84, 0xff, 0xc9, 0x90, 0x83, 0xff, 
0xc4, 0x8c, 0x7f, 0xff, 0xc1, 0x88, 0x7b, 0xff, 0xc3, 0x8a, 0x7e, 0xff, 0xcd, 0x93, 0x87, 0xff, 
0xcc, 0x93, 0x86, 0xff, 0xc1, 0x88, 0x7c, 0xff, 0xbc, 0x83, 0x77, 0xff, 0xba, 0x80, 0x74, 0xff, 
0xcd, 0x8d, 0x82, 0xff, 0xcf, 0x91, 0x86, 0xff, 0xbe, 0x83, 0x77, 0xff, 0xb2, 0x7a, 0x6e, 0xff, 
0xb8, 0x80, 0x73, 0xff, 0xaf, 0x77, 0x6b, 0xff, 0xa1, 0x69, 0x61, 0xff, 0xa0, 0x68, 0x61, 0xff, 
0xa1, 0x67, 0x60, 0xff, 0x9f, 0x67, 0x5d, 0xff, 0xa4, 0x6e, 0x62, 0xff, 0xa8, 0x74, 0x68, 0xff, 
0x9c, 0x6a, 0x5e, 0xff, 0x9f, 0x6b, 0x5e, 0xff, 0xaa, 0x74, 0x68, 0xff, 0xa3, 0x6c, 0x60, 0xff, 
0xa7, 0x6f, 0x63, 0xff, 0xb3, 0x79, 0x6c, 0xff, 0xb0, 0x76, 0x6a, 0xff, 0xab, 0x70, 0x66, 0xff, 
0xb3, 0x78, 0x6d, 0xff, 0xbb, 0x80, 0x73, 0xff, 0xb7, 0x7b, 0x6f, 0xff, 0xb8, 0x7b, 0x6f, 0xff, 
0xc2, 0x83, 0x77, 0xff, 0xc9, 0x8b, 0x7c, 0xff, 0xcb, 0x8e, 0x7e, 0xff, 0xcf, 0x93, 0x84, 0xff, 
0xc9, 0x8d, 0x7e, 0xff, 0xc5, 0x88, 0x79, 0xff, 0xc6, 0x88, 0x79, 0xff, 0xc4, 0x82, 0x75, 0xff, 
0xc0, 0x80, 0x74, 0xff, 0xc8, 0x8c, 0x7d, 0xff, 0xcd, 0x93, 0x84, 0xff, 0xc9, 0x8d, 0x7f, 0xff, 
0xc6, 0x89, 0x7c, 0xff, 0xc4, 0x89, 0x7a, 0xff, 0xbe, 0x84, 0x75, 0xff, 0xc3, 0x89, 0x7a, 0xff, 
0xc8, 0x8d, 0x7e, 0xff, 0xc7, 0x8d, 0x7e, 0xff, 0xc8, 0x8e, 0x7e, 0xff, 0xc9, 0x8e, 0x7e, 0xff, 
0xc4, 0x89, 0x7a, 0xff, 0xc4, 0x88, 0x7a, 0xff, 0xcd, 0x92, 0x83, 0xff, 0xcb, 0x92, 0x84, 0xff, 
0xcb, 0x91, 0x84, 0xff, 0xd0, 0x94, 0x87, 0xff, 0xcb, 0x8f, 0x83, 0xff, 0xc9, 0x8c, 0x7e, 0xff, 
0xca, 0x8e, 0x80, 0xff, 0xc8, 0x8c, 0x7e, 0xff, 0xc5, 0x87, 0x79, 0xff, 0xc6, 0x86, 0x79, 0xff, 
0xc4, 0x84, 0x78, 0xff, 0xc3, 0x81, 0x74, 0xff, 0xc4, 0x81, 0x75, 0xff, 0xc8, 0x85, 0x79, 0xff, 
0xc6, 0x84, 0x77, 0xff, 0xc7, 0x85, 0x78, 0xff, 0xc8, 0x89, 0x7b, 0xff, 0xc8, 0x8a, 0x7d, 0xff, 
0xc7, 0x88, 0x7a, 0xff, 0xc4, 0x83, 0x75, 0xff, 0xc3, 0x7f, 0x71, 0xff, 0xc6, 0x82, 0x75, 0xff, 
0xc8, 0x82, 0x76, 0xff, 0xc6, 0x7f, 0x74, 0xff, 0xc3, 0x7f, 0x73, 0xff, 0xc2, 0x7d, 0x72, 0xff, 
0xc1, 0x7c, 0x71, 0xff, 0xbf, 0x7b, 0x6f, 0xff, 0xbf, 0x7a, 0x6e, 0xff, 0xbf, 0x7b, 0x6d, 0xff, 
0xc0, 0x7b, 0x70, 0xff, 0xc2, 0x7d, 0x71, 0xff, 0xbf, 0x7b, 0x6e, 0xff, 0xb6, 0x73, 0x67, 0xff, 
0xb7, 0x74, 0x67, 0xff, 0xb9, 0x76, 0x6a, 0xff, 0xb4, 0x71, 0x65, 0xff, 0xb3, 0x6f, 0x63, 0xff, 
0xb3, 0x6f, 0x63, 0xff, 0xb1, 0x6f, 0x63, 0xff, 0xb0, 0x6e, 0x62, 0xff, 0xaf, 0x6d, 0x61, 0xff, 
0xad, 0x6b, 0x60, 0xff, 0xac, 0x6b, 0x5f, 0xff, 0xac, 0x6b, 0x5f, 0xff, 0xb1, 0x6f, 0x63, 0xff, 
0xb5, 0x72, 0x66, 0xff, 0xb4, 0x72, 0x66, 0xff, 0xb2, 0x70, 0x64, 0xff, 0xb1, 0x70, 0x63, 0xff, 
0xb1, 0x70, 0x64, 0xff, 0xb1, 0x70, 0x64, 0xff, 0xb0, 0x6e, 0x62, 0xff, 0xae, 0x6d, 0x61, 0xff, 
0xb2, 0x71, 0x64, 0xff, 0xb6, 0x76, 0x6a, 0xff, 0xb8, 0x77, 0x6c, 0xff, 0xb7, 0x76, 0x6a, 0xff, 
0xae, 0x6f, 0x62, 0xff, 0xad, 0x71, 0x63, 0xff, 0xa6, 0x6d, 0x5f, 0xff, 0x99, 0x63, 0x56, 0xff, 
0x9f, 0x64, 0x58, 0xff, 0xa5, 0x68, 0x5d, 0xff, 0xa2, 0x64, 0x5a, 0xff, 0xb0, 0x6f, 0x64, 0xff, 
0xbf, 0x7c, 0x70, 0xff, 0xbe, 0x7f, 0x71, 0xff, 0xba, 0x82, 0x73, 0xff, 0xba, 0x85, 0x76, 0xff, 
0xc2, 0x88, 0x79, 0xff, 0xbf, 0x7f, 0x73, 0xff, 0xbf, 0x7f, 0x72, 0xff, 0xc1, 0x85, 0x78, 0xff, 
0xc3, 0x8c, 0x7f, 0xff, 0xbb, 0x85, 0x78, 0xff, 0xb9, 0x82, 0x75, 0xff, 0xc3, 0x89, 0x7d, 0xff, 
0xc5, 0x8b, 0x7f, 0xff, 0xca, 0x90, 0x84, 0xff, 0xcb, 0x93, 0x86, 0xff, 0xc8, 0x8c, 0x80, 0xff, 
0xc1, 0x87, 0x7b, 0xff, 0xc7, 0x93, 0x85, 0xff, 0xd4, 0xac, 0x9a, 0xff, 0xd1, 0xa7, 0x96, 0xff, 
0xce, 0x96, 0x8a, 0xff, 0xd7, 0xa0, 0x92, 0xff, 0xde, 0xa7, 0x98, 0xff, 0xd1, 0x97, 0x8a, 0xff, 
0xb7, 0x80, 0x74, 0xff, 0xc2, 0x8e, 0x83, 0xff, 0xcb, 0x93, 0x89, 0xff, 0xce, 0x91, 0x88, 0xff, 
0xd9, 0xa8, 0x9d, 0xff, 0xe2, 0xbf, 0xb1, 0xff, 0xed, 0xd2, 0xc0, 0xff, 0xf3, 0xdb, 0xc9, 0xff, 
0xf0, 0xd8, 0xc7, 0xff, 0xea, 0xd0, 0xbf, 0xff, 0xea, 0xc8, 0xb9, 0xff, 0xe5, 0xbd, 0xb0, 0xff, 
0xdc, 0xb9, 0xac, 0xff, 0xd5, 0xb3, 0xa6, 0xff, 0xcd, 0xa6, 0x99, 0xff, 0xcf, 0xa8, 0x99, 0xff, 
0xd7, 0xb2, 0xa0, 0xff, 0xd2, 0xa9, 0x97, 0xff, 0xcf, 0xa3, 0x93, 0xff, 0xcc, 0xa2, 0x93, 0xff, 
0xd1, 0xa5, 0x98, 0xff, 0xdb, 0xaf, 0x9f, 0xff, 0xd6, 0xab, 0x9a, 0xff, 0xcd, 0x9f, 0x92, 0xff, 
0xc6, 0x96, 0x8a, 0xff, 0xba, 0x87, 0x7b, 0xff, 0xb0, 0x7c, 0x71, 0xff, 0xb7, 0x84, 0x7a, 0xff, 
0xc1, 0x91, 0x84, 0xff, 0xcf, 0xa0, 0x8e, 0xff, 0xcf, 0xa1, 0x8c, 0xff, 0xd9, 0xad, 0x9a, 0xff, 
0xd2, 0xa5, 0x95, 0xff, 0xbc, 0x8a, 0x80, 0xff, 0xba, 0x84, 0x7c, 0xff, 0xb9, 0x80, 0x78, 0xff, 
0xba, 0x81, 0x77, 0xff, 0xba, 0x84, 0x7a, 0xff, 0xbc, 0x87, 0x7d, 0xff, 0xbb, 0x87, 0x7c, 0xff, 
0xb5, 0x82, 0x78, 0xff, 0xb5, 0x7f, 0x77, 0xff, 0xbb, 0x83, 0x7b, 0xff, 0xc0, 0x88, 0x81, 0xff, 
0xc9, 0x93, 0x8a, 0xff, 0xca, 0x96, 0x8d, 0xff, 0xc6, 0x95, 0x89, 0xff, 0xc9, 0x9c, 0x8e, 0xff, 
0xc7, 0x9c, 0x8e, 0xff, 0xc7, 0x9d, 0x8e, 0xff, 0xcb, 0x9e, 0x8f, 0xff, 0xc5, 0x98, 0x8b, 0xff, 
0xc2, 0x95, 0x87, 0xff, 0xc6, 0x97, 0x89, 0xff, 0xc8, 0x97, 0x8a, 0xff, 0xce, 0x9b, 0x8f, 0xff, 
0xd5, 0xa1, 0x95, 0xff, 0xd5, 0xa2, 0x95, 0xff, 0xd5, 0xa2, 0x94, 0xff, 0xd6, 0xa2, 0x95, 0xff, 
0xd7, 0xa2, 0x95, 0xff, 0xd7, 0xa4, 0x97, 0xff, 0xde, 0xae, 0xa0, 0xff, 0xe2, 0xb8, 0xa6, 0xff, 
0xde, 0xb8, 0xa6, 0xff, 0xd8, 0xb3, 0xa2, 0xff, 0xd5, 0xaf, 0x9f, 0xff, 0xd6, 0xb0, 0xa0, 0xff, 
0xda, 0xb0, 0xa1, 0xff, 0xda, 0xae, 0xa0, 0xff, 0xd3, 0xa6, 0x98, 0xff, 0xd0, 0xa2, 0x94, 0xff, 
0xd4, 0xa4, 0x95, 0xff, 0xdb, 0xa6, 0x99, 0xff, 0xdb, 0xa3, 0x97, 0xff, 0xd2, 0x99, 0x8e, 0xff, 
0xca, 0x91, 0x85, 0xff, 0xcc, 0x93, 0x86, 0xff, 0xd5, 0x9b, 0x8f, 0xff, 0xd1, 0x97, 0x8b, 0xff, 
0xc6, 0x8c, 0x81, 0xff, 0xc2, 0x88, 0x7d, 0xff, 0xc1, 0x87, 0x7c, 0xff, 0xc3, 0x8a, 0x7e, 0xff, 
0xc0, 0x86, 0x7a, 0xff, 0xb8, 0x7f, 0x73, 0xff, 0xb8, 0x7f, 0x73, 0xff, 0xbb, 0x81, 0x76, 0xff, 
0xb9, 0x81, 0x75, 0xff, 0xbe, 0x83, 0x79, 0xff, 0xbf, 0x84, 0x7a, 0xff, 0xb4, 0x7a, 0x6f, 0xff, 
0xb1, 0x78, 0x6c, 0xff, 0xb3, 0x79, 0x6d, 0xff, 0xb6, 0x7d, 0x71, 0xff, 0xc1, 0x86, 0x7a, 0xff, 
0xc6, 0x89, 0x7e, 0xff, 0xc9, 0x8a, 0x80, 0xff, 0xc4, 0x87, 0x7c, 0xff, 0xb8, 0x7f, 0x73, 0xff, 
0xba, 0x81, 0x74, 0xff, 0xc0, 0x86, 0x7a, 0xff, 0xc9, 0x8d, 0x82, 0xff, 0xcb, 0x8f, 0x84, 0xff, 
0xcb, 0x8f, 0x84, 0xff, 0xc8, 0x8d, 0x81, 0xff, 0xbe, 0x83, 0x77, 0xff, 0xc0, 0x86, 0x7a, 0xff, 
0xbf, 0x86, 0x7a, 0xff, 0xc1, 0x87, 0x7b, 0xff, 0xc1, 0x86, 0x7b, 0xff, 0xbb, 0x80, 0x75, 0xff, 
0xab, 0x71, 0x66, 0xff, 0x9e, 0x66, 0x5b, 0xff, 0xb2, 0x78, 0x6d, 0xff, 0xad, 0x75, 0x6a, 0xff, 
0x9f, 0x68, 0x5e, 0xff, 0xba, 0x7f, 0x74, 0xff, 0xc1, 0x86, 0x7a, 0xff, 0xca, 0x8c, 0x80, 0xff, 
0xca, 0x89, 0x7e, 0xff, 0xc2, 0x83, 0x78, 0xff, 0xbe, 0x85, 0x78, 0xff, 0xbb, 0x86, 0x78, 0xff, 
0xbc, 0x83, 0x74, 0xff, 0xbc, 0x84, 0x75, 0xff, 0xa7, 0x73, 0x65, 0xff, 0x96, 0x63, 0x59, 0xff, 
0x96, 0x62, 0x58, 0xff, 0x99, 0x66, 0x5a, 0xff, 0x9e, 0x68, 0x5d, 0xff, 0xa8, 0x6f, 0x63, 0xff, 
0xb7, 0x7a, 0x6d, 0xff, 0xbb, 0x80, 0x74, 0xff, 0xbe, 0x80, 0x76, 0xff, 0xc9, 0x88, 0x7d, 0xff, 
0xd1, 0x8e, 0x81, 0xff, 0xd4, 0x8f, 0x81, 0xff, 0xd2, 0x90, 0x83, 0xff, 0xd8, 0x97, 0x8b, 0xff, 
0xda, 0x96, 0x89, 0xff, 0xd3, 0x8e, 0x80, 0xff, 0xd1, 0x8d, 0x7e, 0xff, 0xcd, 0x8c, 0x7d, 0xff, 
0xcc, 0x8c, 0x7c, 0xff, 0xca, 0x8b, 0x7a, 0xff, 0xc7, 0x88, 0x77, 0xff, 0xca, 0x87, 0x79, 0xff, 
0xcd, 0x8d, 0x7e, 0xff, 0xce, 0x8e, 0x7f, 0xff, 0xcb, 0x8c, 0x7b, 0xff, 0xd2, 0x94, 0x82, 0xff, 
0xcd, 0x8e, 0x7f, 0xff, 0xc5, 0x86, 0x77, 0xff, 0xc7, 0x8c, 0x7b, 0xff, 0xc9, 0x90, 0x7e, 0xff, 
0xc7, 0x8c, 0x7b, 0xff, 0xc6, 0x8a, 0x7b, 0xff, 0xc3, 0x8d, 0x7c, 0xff, 0xc3, 0x8c, 0x7b, 0xff, 
0xc3, 0x86, 0x77, 0xff, 0xc3, 0x84, 0x75, 0xff, 0xbc, 0x7f, 0x6f, 0xff, 0xbd, 0x7f, 0x6f, 0xff, 
0xbf, 0x80, 0x72, 0xff, 0xc3, 0x85, 0x78, 0xff, 0xca, 0x8d, 0x80, 0xff, 0xc7, 0x8c, 0x7e, 0xff, 
0xc2, 0x85, 0x76, 0xff, 0xc1, 0x82, 0x74, 0xff, 0xc3, 0x85, 0x77, 0xff, 0xc7, 0x89, 0x7b, 0xff, 
0xca, 0x8c, 0x7d, 0xff, 0xca, 0x8c, 0x7d, 0xff, 0xca, 0x8c, 0x7e, 0xff, 0xca, 0x8f, 0x81, 0xff, 
0xcb, 0x91, 0x82, 0xff, 0xc8, 0x8e, 0x80, 0xff, 0xc8, 0x8e, 0x80, 0xff, 0xc9, 0x8d, 0x81, 0xff, 
0xc5, 0x8b, 0x7d, 0xff, 0xc5, 0x8c, 0x81, 0xff, 0xc6, 0x8e, 0x81, 0xff, 0xc3, 0x87, 0x7a, 0xff, 
0xbf, 0x80, 0x74, 0xff, 0xbe, 0x80, 0x72, 0xff, 0xc0, 0x83, 0x75, 0xff, 0xc0, 0x80, 0x74, 0xff, 
0xbf, 0x7c, 0x71, 0xff, 0xc4, 0x83, 0x78, 0xff, 0xca, 0x89, 0x7d, 0xff, 0xc6, 0x83, 0x78, 0xff, 
0xc5, 0x82, 0x77, 0xff, 0xcb, 0x86, 0x79, 0xff, 0xc4, 0x7f, 0x73, 0xff, 0xbd, 0x7a, 0x6d, 0xff, 
0xc3, 0x81, 0x76, 0xff, 0xc2, 0x82, 0x75, 0xff, 0xb9, 0x7a, 0x6d, 0xff, 0xbb, 0x7b, 0x6d, 0xff, 
0xbc, 0x7c, 0x6f, 0xff, 0xb7, 0x77, 0x6b, 0xff, 0xb9, 0x78, 0x6d, 0xff, 0xb8, 0x76, 0x6a, 0xff, 
0xb7, 0x74, 0x68, 0xff, 0xbe, 0x7a, 0x6d, 0xff, 0xbf, 0x7c, 0x6f, 0xff, 0xbe, 0x7b, 0x6e, 0xff, 
0xbd, 0x7a, 0x6e, 0xff, 0xbb, 0x79, 0x6d, 0xff, 0xb9, 0x76, 0x6a, 0xff, 0xb8, 0x75, 0x69, 0xff, 
0xb4, 0x71, 0x65, 0xff, 0xb0, 0x6d, 0x61, 0xff, 0xb1, 0x6e, 0x62, 0xff, 0xb3, 0x71, 0x65, 0xff, 
0xb3, 0x71, 0x65, 0xff, 0xb3, 0x71, 0x65, 0xff, 0xae, 0x6d, 0x61, 0xff, 0xac, 0x6b, 0x60, 0xff, 
0xab, 0x6a, 0x5f, 0xff, 0xab, 0x6b, 0x5e, 0xff, 0xad, 0x6c, 0x60, 0xff, 0xaf, 0x6d, 0x61, 0xff, 
0xaf, 0x6d, 0x61, 0xff, 0xab, 0x6a, 0x5e, 0xff, 0xaf, 0x6d, 0x63, 0xff, 0xa5, 0x65, 0x5b, 0xff, 
0x99, 0x5d, 0x52, 0xff, 0xa8, 0x68, 0x5e, 0xff, 0xa7, 0x67, 0x5d, 0xff, 0xa4, 0x67, 0x5c, 0xff, 
0xbc, 0x7b, 0x6e, 0xff, 0xbd, 0x7b, 0x6d, 0xff, 0xb6, 0x78, 0x6a, 0xff, 0xba, 0x83, 0x72, 0xff, 
0xb8, 0x80, 0x72, 0xff, 0xb7, 0x7d, 0x70, 0xff, 0xb7, 0x83, 0x73, 0xff, 0xb4, 0x82, 0x72, 0xff, 
0xb6, 0x7d, 0x70, 0xff, 0xbb, 0x82, 0x75, 0xff, 0xbe, 0x83, 0x76, 0xff, 0xc1, 0x85, 0x79, 0xff, 
0xcb, 0x91, 0x84, 0xff, 0xd4, 0xa1, 0x92, 0xff, 0xd5, 0xa2, 0x93, 0xff, 0xd6, 0x9e, 0x90, 0xff, 
0xd6, 0xa9, 0x9a, 0xff, 0xdd, 0xb6, 0xa8, 0xff, 0xdf, 0xb9, 0xab, 0xff, 0xe0, 0xbc, 0xae, 0xff, 
0xe3, 0xb4, 0xa7, 0xff, 0xdb, 0xa4, 0x96, 0xff, 0xcb, 0x97, 0x88, 0xff, 0xba, 0x87, 0x79, 0xff, 
0xb1, 0x80, 0x74, 0xff, 0xd0, 0xa0, 0x94, 0xff, 0xd8, 0xa2, 0x97, 0xff, 0xd2, 0x9e, 0x93, 0xff, 
0xe2, 0xbc, 0xae, 0xff, 0xde, 0xba, 0xab, 0xff, 0xc9, 0x9f, 0x93, 0xff, 0xb6, 0x8b, 0x80, 0xff, 
0xb1, 0x80, 0x76, 0xff, 0xb0, 0x7b, 0x71, 0xff, 0xaf, 0x7c, 0x70, 0xff, 0xb1, 0x7e, 0x6f, 0xff, 
0xaa, 0x78, 0x69, 0xff, 0x9d, 0x6a, 0x5f, 0xff, 0x96, 0x64, 0x5a, 0xff, 0x9f, 0x6c, 0x62, 0xff, 
0xa3, 0x6f, 0x65, 0xff, 0xa1, 0x6e, 0x63, 0xff, 0xaa, 0x76, 0x6b, 0xff, 0xaf, 0x7b, 0x71, 0xff, 
0xaf, 0x7c, 0x71, 0xff, 0xb8, 0x86, 0x76, 0xff, 0xae, 0x7d, 0x6f, 0xff, 0xaa, 0x78, 0x6d, 0xff, 
0xb4, 0x81, 0x76, 0xff, 0xb0, 0x7d, 0x71, 0xff, 0xa9, 0x76, 0x6c, 0xff, 0xa8, 0x74, 0x6c, 0xff, 
0xa4, 0x71, 0x67, 0xff, 0xa7, 0x74, 0x68, 0xff, 0xae, 0x7a, 0x6b, 0xff, 0xad, 0x78, 0x6b, 0xff, 
0xa6, 0x71, 0x67, 0xff, 0xa2, 0x6d, 0x65, 0xff, 0x9f, 0x69, 0x63, 0xff, 0xa0, 0x6a, 0x65, 0xff, 
0x9f, 0x6a, 0x65, 0xff, 0x9f, 0x6a, 0x65, 0xff, 0x9e, 0x6a, 0x64, 0xff, 0x9d, 0x69, 0x61, 0xff, 
0x9d, 0x6a, 0x61, 0xff, 0x99, 0x66, 0x5d, 0xff, 0x96, 0x63, 0x5a, 0xff, 0x9a, 0x65, 0x60, 0xff, 
0x98, 0x64, 0x5d, 0xff, 0x91, 0x60, 0x58, 0xff, 0x8a, 0x5b, 0x52, 0xff, 0x8e, 0x5e, 0x54, 0xff, 
0x93, 0x62, 0x59, 0xff, 0x94, 0x63, 0x5a, 0xff, 0x96, 0x64, 0x5c, 0xff, 0x8f, 0x5e, 0x57, 0xff, 
0x88, 0x56, 0x50, 0xff, 0x87, 0x55, 0x50, 0xff, 0x88, 0x56, 0x53, 0xff, 0x8b, 0x5c, 0x58, 0xff, 
0x99, 0x69, 0x65, 0xff, 0xa4, 0x75, 0x6e, 0xff, 0xad, 0x7f, 0x76, 0xff, 0xb4, 0x86, 0x7d, 0xff, 
0xb9, 0x8b, 0x7f, 0xff, 0xbe, 0x8e, 0x81, 0xff, 0xc0, 0x90, 0x84, 0xff, 0xca, 0x9b, 0x8f, 0xff, 
0xd6, 0xab, 0x9f, 0xff, 0xe0, 0xb5, 0xa9, 0xff, 0xde, 0xb6, 0xa9, 0xff, 0xdd, 0xb8, 0xab, 0xff, 
0xe8, 0xc5, 0xb6, 0xff, 0xee, 0xcb, 0xba, 0xff, 0xe6, 0xc2, 0xb1, 0xff, 0xe1, 0xbe, 0xac, 0xff, 
0xe1, 0xb8, 0xa8, 0xff, 0xdf, 0xad, 0xa1, 0xff, 0xda, 0xa2, 0x96, 0xff, 0xd7, 0x9c, 0x90, 0xff, 
0xd7, 0x9b, 0x8f, 0xff, 0xd7, 0x9b, 0x90, 0xff, 0xd7, 0x9c, 0x91, 0xff, 0xd5, 0x9a, 0x8e, 0xff, 
0xcd, 0x93, 0x87, 0xff, 0xc2, 0x88, 0x7d, 0xff, 0xb9, 0x7f, 0x73, 0xff, 0xbe, 0x84, 0x78, 0xff, 
0xc6, 0x8b, 0x7f, 0xff, 0xc8, 0x8c, 0x82, 0xff, 0xc4, 0x88, 0x7c, 0xff, 0xc3, 0x86, 0x7b, 0xff, 
0xc7, 0x8a, 0x7f, 0xff, 0xc1, 0x85, 0x7a, 0xff, 0xbb, 0x81, 0x77, 0xff, 0xb7, 0x7d, 0x72, 0xff, 
0xb0, 0x77, 0x6c, 0xff, 0xb0, 0x77, 0x6c, 0xff, 0xb0, 0x76, 0x6b, 0xff, 0xaf, 0x76, 0x6a, 0xff, 
0xb5, 0x79, 0x6f, 0xff, 0xc2, 0x87, 0x7c, 0xff, 0xc8, 0x8e, 0x83, 0xff, 0xbe, 0x85, 0x79, 0xff, 
0xbd, 0x83, 0x78, 0xff, 0xbf, 0x85, 0x7a, 0xff, 0xbc, 0x82, 0x77, 0xff, 0xb6, 0x7c, 0x71, 0xff, 
0xae, 0x74, 0x6a, 0xff, 0xae, 0x74, 0x6a, 0xff, 0xb7, 0x7c, 0x71, 0xff, 0xbe, 0x82, 0x77, 0xff, 
0xc4, 0x86, 0x7a, 0xff, 0xb9, 0x7d, 0x71, 0xff, 0xb7, 0x7a, 0x70, 0xff, 0xb9, 0x7a, 0x70, 0xff, 
0xc5, 0x8f, 0x82, 0xff, 0xd1, 0xa3, 0x94, 0xff, 0xd3, 0x9b, 0x8f, 0xff, 0xc2, 0x85, 0x7d, 0xff, 
0x9d, 0x66, 0x5e, 0xff, 0xb0, 0x7b, 0x70, 0xff, 0xbd, 0x8b, 0x7f, 0xff, 0xc0, 0x87, 0x7b, 0xff, 
0xa3, 0x6c, 0x65, 0xff, 0x96, 0x5f, 0x5c, 0xff, 0xa0, 0x6b, 0x62, 0xff, 0xa5, 0x70, 0x65, 0xff, 
0x93, 0x5f, 0x58, 0xff, 0x92, 0x5a, 0x54, 0xff, 0x9c, 0x62, 0x5a, 0xff, 0xad, 0x73, 0x68, 0xff, 
0xbe, 0x7f, 0x72, 0xff, 0xcf, 0x8f, 0x84, 0xff, 0xd5, 0x98, 0x8b, 0xff, 0xd0, 0x90, 0x81, 0xff, 
0xda, 0x9a, 0x8a, 0xff, 0xdd, 0x9d, 0x8f, 0xff, 0xdb, 0x9b, 0x8f, 0xff, 0xdd, 0x9c, 0x8d, 0xff, 
0xd9, 0x99, 0x8a, 0xff, 0xd5, 0x96, 0x89, 0xff, 0xd4, 0x94, 0x85, 0xff, 0xd6, 0x94, 0x84, 0xff, 
0xd4, 0x8e, 0x81, 0xff, 0xd3, 0x8f, 0x82, 0xff, 0xd3, 0x95, 0x84, 0xff, 0xd1, 0x92, 0x81, 0xff, 
0xd4, 0x8f, 0x7f, 0xff, 0xcd, 0x88, 0x7b, 0xff, 0xc6, 0x82, 0x76, 0xff, 0xc9, 0x84, 0x76, 0xff, 
0xcd, 0x8b, 0x7c, 0xff, 0xd0, 0x94, 0x83, 0xff, 0xd1, 0x96, 0x84, 0xff, 0xce, 0x91, 0x81, 0xff, 
0xd3, 0x8f, 0x81, 0xff, 0xd2, 0x8a, 0x7c, 0xff, 0xcb, 0x8a, 0x7a, 0xff, 0xce, 0x8f, 0x7d, 0xff, 
0xd7, 0x95, 0x86, 0xff, 0xd8, 0x9c, 0x8c, 0xff, 0xd9, 0x9e, 0x8d, 0xff, 0xd7, 0x98, 0x88, 0xff, 
0xd2, 0x90, 0x82, 0xff, 0xd1, 0x8e, 0x81, 0xff, 0xd0, 0x95, 0x87, 0xff, 0xce, 0x98, 0x88, 0xff, 
0xd2, 0x9b, 0x8b, 0xff, 0xd1, 0x99, 0x8b, 0xff, 0xcd, 0x95, 0x87, 0xff, 0xd0, 0x99, 0x8b, 0xff, 
0xd1, 0xa0, 0x8f, 0xff, 0xd5, 0xa6, 0x95, 0xff, 0xd5, 0xa4, 0x94, 0xff, 0xd2, 0x9c, 0x8e, 0xff, 
0xcf, 0x97, 0x86, 0xff, 0xcf, 0x98, 0x86, 0xff, 0xd4, 0x9d, 0x8c, 0xff, 0xd2, 0x9b, 0x8b, 0xff, 
0xcf, 0x98, 0x87, 0xff, 0xcc, 0x95, 0x85, 0xff, 0xcb, 0x91, 0x81, 0xff, 0xca, 0x8b, 0x7b, 0xff, 
0xcd, 0x8c, 0x7e, 0xff, 0xce, 0x91, 0x82, 0xff, 0xd0, 0x93, 0x84, 0xff, 0xd0, 0x8c, 0x7e, 0xff, 
0xce, 0x89, 0x7b, 0xff, 0xcf, 0x8d, 0x7f, 0xff, 0xd0, 0x94, 0x85, 0xff, 0xce, 0x94, 0x86, 0xff, 
0xcd, 0x92, 0x85, 0xff, 0xce, 0x93, 0x86, 0xff, 0xce, 0x93, 0x86, 0xff, 0xca, 0x8e, 0x81, 0xff, 
0xc6, 0x88, 0x7b, 0xff, 0xc8, 0x87, 0x79, 0xff, 0xc3, 0x80, 0x72, 0xff, 0xc5, 0x82, 0x74, 0xff, 
0xcd, 0x88, 0x7a, 0xff, 0xba, 0x76, 0x6a, 0xff, 0xaa, 0x6c, 0x60, 0xff, 0xb6, 0x74, 0x68, 0xff, 
0xc3, 0x7e, 0x73, 0xff, 0xbf, 0x7e, 0x73, 0xff, 0xaa, 0x6e, 0x63, 0xff, 0x9d, 0x62, 0x59, 0xff, 
0x9a, 0x5e, 0x55, 0xff, 0x9e, 0x61, 0x57, 0xff, 0xa6, 0x66, 0x5b, 0xff, 0xb5, 0x72, 0x67, 0xff, 
0xb3, 0x6f, 0x63, 0xff, 0xb1, 0x6e, 0x62, 0xff, 0xbb, 0x79, 0x6e, 0xff, 0xb5, 0x74, 0x68, 0xff, 
0xbb, 0x79, 0x6b, 0xff, 0xbb, 0x79, 0x6d, 0xff, 0xbb, 0x78, 0x6b, 0xff, 0xba, 0x74, 0x69, 0xff, 
0xb8, 0x73, 0x69, 0xff, 0xb9, 0x75, 0x6a, 0xff, 0xbb, 0x78, 0x6b, 0xff, 0xba, 0x76, 0x6a, 0xff, 
0xb5, 0x71, 0x65, 0xff, 0xaf, 0x6b, 0x60, 0xff, 0xac, 0x6a, 0x5f, 0xff, 0xa8, 0x68, 0x5c, 0xff, 
0xab, 0x6a, 0x5e, 0xff, 0xb0, 0x6d, 0x62, 0xff, 0xaf, 0x6b, 0x60, 0xff, 0xae, 0x6d, 0x60, 0xff, 
0xa5, 0x66, 0x58, 0xff, 0xb5, 0x73, 0x65, 0xff, 0xaa, 0x6a, 0x5f, 0xff, 0xa1, 0x62, 0x5a, 0xff, 
0xb5, 0x75, 0x68, 0xff, 0xb3, 0x76, 0x67, 0xff, 0xb2, 0x76, 0x68, 0xff, 0xbe, 0x83, 0x73, 0xff, 
0xb5, 0x78, 0x6a, 0xff, 0xad, 0x74, 0x68, 0xff, 0xb0, 0x7d, 0x6f, 0xff, 0xc0, 0x8b, 0x7b, 0xff, 
0xc2, 0x88, 0x79, 0xff, 0xb3, 0x77, 0x6a, 0xff, 0xbb, 0x7f, 0x73, 0xff, 0xcf, 0x8f, 0x82, 0xff, 
0xd6, 0x9a, 0x8d, 0xff, 0xdb, 0xa9, 0x99, 0xff, 0xd9, 0xa8, 0x99, 0xff, 0xdb, 0xb2, 0xa1, 0xff, 
0xdf, 0xbe, 0xac, 0xff, 0xdf, 0xb9, 0xac, 0xff, 0xe3, 0xcb, 0xbc, 0xff, 0xe4, 0xd2, 0xc3, 0xff, 
0xdf, 0xbd, 0xb2, 0xff, 0xd6, 0xad, 0xa0, 0xff, 0xce, 0x9f, 0x8f, 0xff, 0xc6, 0x97, 0x84, 0xff, 
0xce, 0x9c, 0x8b, 0xff, 0xc6, 0x94, 0x84, 0xff, 0xc3, 0x91, 0x85, 0xff, 0xc8, 0x9b, 0x89, 0xff, 
0xbe, 0x8f, 0x7c, 0xff, 0xa9, 0x73, 0x67, 0xff, 0xa0, 0x6a, 0x62, 0xff, 0x9c, 0x6a, 0x62, 0xff, 
0xa9, 0x76, 0x6c, 0xff, 0xb0, 0x7c, 0x6f, 0xff, 0xa9, 0x74, 0x6a, 0xff, 0xa2, 0x70, 0x66, 0xff, 
0xa7, 0x74, 0x67, 0xff, 0xb0, 0x7d, 0x71, 0xff, 0xa9, 0x78, 0x6f, 0xff, 0xa0, 0x6e, 0x66, 0xff, 
0xa7, 0x76, 0x70, 0xff, 0xb2, 0x80, 0x79, 0xff, 0xb7, 0x84, 0x7b, 0xff, 0xbb, 0x87, 0x7c, 0xff, 
0xbc, 0x85, 0x7a, 0xff, 0xbb, 0x86, 0x7b, 0xff, 0xbf, 0x8a, 0x7f, 0xff, 0xbe, 0x88, 0x7d, 0xff, 
0xbc, 0x87, 0x7c, 0xff, 0xb9, 0x85, 0x7b, 0xff, 0xbc, 0x86, 0x7e, 0xff, 0xb9, 0x85, 0x7a, 0xff, 
0xb7, 0x84, 0x78, 0xff, 0xb0, 0x7b, 0x72, 0xff, 0xaa, 0x77, 0x6c, 0xff, 0xa7, 0x73, 0x68, 0xff, 
0xab, 0x76, 0x6d, 0xff, 0xb1, 0x7b, 0x73, 0xff, 0xae, 0x7a, 0x72, 0xff, 0xaf, 0x7c, 0x73, 0xff, 
0xb8, 0x86, 0x7c, 0xff, 0xb7, 0x84, 0x7a, 0xff, 0xa8, 0x75, 0x6a, 0xff, 0xa3, 0x70, 0x64, 0xff, 
0xa6, 0x74, 0x68, 0xff, 0xa6, 0x73, 0x6a, 0xff, 0xa0, 0x6c, 0x63, 0xff, 0xa2, 0x6d, 0x64, 0xff, 
0xa2, 0x6e, 0x65, 0xff, 0x9f, 0x6c, 0x63, 0xff, 0x9f, 0x6d, 0x65, 0xff, 0x9d, 0x6a, 0x63, 0xff, 
0x9f, 0x6c, 0x65, 0xff, 0xa2, 0x6d, 0x66, 0xff, 0xa2, 0x6d, 0x67, 0xff, 0xa8, 0x75, 0x6c, 0xff, 
0xb2, 0x7e, 0x73, 0xff, 0xb3, 0x7f, 0x74, 0xff, 0xaa, 0x79, 0x6d, 0xff, 0x9d, 0x6d, 0x61, 0xff, 
0x98, 0x69, 0x5c, 0xff, 0x98, 0x66, 0x5b, 0xff, 0x97, 0x64, 0x5a, 0xff, 0x98, 0x65, 0x5b, 0xff, 
0x94, 0x61, 0x59, 0xff, 0x9b, 0x66, 0x5e, 0xff, 0xa2, 0x6d, 0x63, 0xff, 0xae, 0x76, 0x6e, 0xff, 
0xbe, 0x88, 0x80, 0xff, 0xc4, 0x8f, 0x85, 0xff, 0xc4, 0x92, 0x88, 0xff, 0xbc, 0x8b, 0x81, 0xff, 
0xba, 0x8a, 0x7d, 0xff, 0xc9, 0x98, 0x89, 0xff, 0xd9, 0xa9, 0x9a, 0xff, 0xe8, 0xb9, 0xab, 0xff, 
0xe7, 0xba, 0xac, 0xff, 0xe2, 0xb6, 0xa7, 0xff, 0xdd, 0xae, 0x9f, 0xff, 0xdb, 0xa7, 0x98, 0xff, 
0xde, 0xa7, 0x9b, 0xff, 0xd7, 0x9e, 0x93, 0xff, 0xc5, 0x8b, 0x80, 0xff, 0xc1, 0x86, 0x7b, 0xff, 
0xc1, 0x88, 0x7c, 0xff, 0xc4, 0x8b, 0x7f, 0xff, 0xc4, 0x8a, 0x7e, 0xff, 0xc3, 0x89, 0x7d, 0xff, 
0xc8, 0x8d, 0x82, 0xff, 0xcb, 0x90, 0x84, 0xff, 0xc5, 0x88, 0x7d, 0xff, 0xbf, 0x82, 0x77, 0xff, 
0xc3, 0x84, 0x7a, 0xff, 0xbd, 0x7d, 0x73, 0xff, 0xba, 0x7c, 0x71, 0xff, 0xbc, 0x7f, 0x75, 0xff, 
0xb8, 0x7b, 0x72, 0xff, 0xb3, 0x78, 0x6e, 0xff, 0xae, 0x74, 0x6a, 0xff, 0xad, 0x70, 0x67, 0xff, 
0xb0, 0x73, 0x6a, 0xff, 0xb9, 0x7f, 0x73, 0xff, 0xc6, 0x89, 0x7f, 0xff, 0xc6, 0x8a, 0x7f, 0xff, 
0xbc, 0x82, 0x76, 0xff, 0xba, 0x82, 0x74, 0xff, 0xc3, 0x8a, 0x7e, 0xff, 0xbd, 0x85, 0x7a, 0xff, 
0xaa, 0x76, 0x6a, 0xff, 0xb0, 0x79, 0x6d, 0xff, 0xc2, 0x86, 0x7a, 0xff, 0xc0, 0x82, 0x77, 0xff, 
0xc3, 0x84, 0x78, 0xff, 0xc6, 0x86, 0x7b, 0xff, 0xd2, 0x97, 0x8b, 0xff, 0xdd, 0xb1, 0x9f, 0xff, 
0xe6, 0xc0, 0xb3, 0xff, 0xf1, 0xcd, 0xbe, 0xff, 0xe9, 0xbe, 0xac, 0xff, 0xca, 0x8e, 0x83, 0xff, 
0xa6, 0x6e, 0x64, 0xff, 0xa1, 0x6d, 0x63, 0xff, 0xa8, 0x72, 0x69, 0xff, 0xa4, 0x6e, 0x64, 0xff, 
0x9b, 0x64, 0x5b, 0xff, 0x89, 0x59, 0x51, 0xff, 0x98, 0x5f, 0x57, 0xff, 0xa2, 0x6a, 0x61, 0xff, 
0x9b, 0x6c, 0x62, 0xff, 0x9c, 0x6b, 0x61, 0xff, 0xc2, 0x83, 0x75, 0xff, 0xe3, 0xa1, 0x8e, 0xff, 
0xe6, 0xa8, 0x97, 0xff, 0xe0, 0xa5, 0x94, 0xff, 0xdc, 0xa1, 0x91, 0xff, 0xda, 0x9e, 0x8e, 0xff, 
0xd6, 0x9a, 0x8a, 0xff, 0xd7, 0x9a, 0x8c, 0xff, 0xd7, 0x9d, 0x8b, 0xff, 0xd7, 0x99, 0x88, 0xff, 
0xd6, 0x99, 0x89, 0xff, 0xd8, 0x9a, 0x8b, 0xff, 0xd6, 0x93, 0x82, 0xff, 0xd0, 0x88, 0x75, 0xff, 
0xcf, 0x83, 0x74, 0xff, 0xd0, 0x8f, 0x81, 0xff, 0xd4, 0x93, 0x82, 0xff, 0xd6, 0x91, 0x81, 0xff, 
0xd1, 0x94, 0x85, 0xff, 0xd7, 0x9e, 0x90, 0xff, 0xd0, 0x8f, 0x81, 0xff, 0xd3, 0x88, 0x79, 0xff, 
0xd4, 0x8f, 0x81, 0xff, 0xd0, 0x9a, 0x8a, 0xff, 0xce, 0x93, 0x84, 0xff, 0xce, 0x90, 0x82, 0xff, 
0xd2, 0x8f, 0x81, 0xff, 0xcf, 0x8c, 0x7c, 0xff, 0xcb, 0x89, 0x79, 0xff, 0xcc, 0x85, 0x78, 0xff, 
0xcc, 0x84, 0x79, 0xff, 0xca, 0x82, 0x76, 0xff, 0xcb, 0x88, 0x79, 0xff, 0xce, 0x8f, 0x7f, 0xff, 
0xcc, 0x8e, 0x7e, 0xff, 0xcc, 0x8c, 0x7e, 0xff, 0xd2, 0x97, 0x88, 0xff, 0xd2, 0x9f, 0x90, 0xff, 
0xd1, 0x9e, 0x8f, 0xff, 0xd5, 0xa5, 0x95, 0xff, 0xda, 0xad, 0x9d, 0xff, 0xd7, 0xa8, 0x9a, 0xff, 
0xdd, 0xae, 0x9f, 0xff, 0xdb, 0xaa, 0x9a, 0xff, 0xd8, 0xa0, 0x91, 0xff, 0xdb, 0xa3, 0x93, 0xff, 
0xd6, 0x9e, 0x8d, 0xff, 0xd4, 0x99, 0x88, 0xff, 0xd5, 0x9a, 0x89, 0xff, 0xd2, 0x96, 0x84, 0xff, 
0xd5, 0x98, 0x89, 0xff, 0xd5, 0x99, 0x89, 0xff, 0xd0, 0x90, 0x81, 0xff, 0xcc, 0x8c, 0x7d, 0xff, 
0xcd, 0x90, 0x80, 0xff, 0xd4, 0x95, 0x86, 0xff, 0xd4, 0x93, 0x84, 0xff, 0xdb, 0x9b, 0x8b, 0xff, 
0xda, 0x98, 0x88, 0xff, 0xd7, 0x93, 0x86, 0xff, 0xd4, 0x94, 0x86, 0xff, 0xce, 0x94, 0x84, 0xff, 
0xd2, 0x93, 0x86, 0xff, 0xd1, 0x90, 0x83, 0xff, 0xd2, 0x95, 0x88, 0xff, 0xdb, 0xa1, 0x92, 0xff, 
0xde, 0xa7, 0x99, 0xff, 0xd8, 0xa1, 0x94, 0xff, 0xd5, 0x9d, 0x8d, 0xff, 0xd6, 0x9c, 0x8c, 0xff, 
0xd3, 0x95, 0x86, 0xff, 0xcc, 0x8d, 0x7e, 0xff, 0xc6, 0x85, 0x77, 0xff, 0xbf, 0x7d, 0x71, 0xff, 
0xc7, 0x83, 0x78, 0xff, 0xca, 0x88, 0x7b, 0xff, 0xbf, 0x7f, 0x71, 0xff, 0xb7, 0x77, 0x6c, 0xff, 
0xb3, 0x75, 0x69, 0xff, 0xab, 0x6c, 0x60, 0xff, 0xa1, 0x61, 0x56, 0xff, 0xab, 0x68, 0x5d, 0xff, 
0xbc, 0x78, 0x6c, 0xff, 0xba, 0x79, 0x6f, 0xff, 0xb8, 0x79, 0x6e, 0xff, 0xb6, 0x75, 0x69, 0xff, 
0xb1, 0x70, 0x66, 0xff, 0xb0, 0x71, 0x66, 0xff, 0xa8, 0x69, 0x5d, 0xff, 0xb7, 0x74, 0x69, 0xff, 
0xbc, 0x77, 0x6d, 0xff, 0xb6, 0x72, 0x68, 0xff, 0xbb, 0x75, 0x6a, 0xff, 0xc6, 0x7e, 0x72, 0xff, 
0xc2, 0x7a, 0x6e, 0xff, 0xbb, 0x73, 0x68, 0xff, 0xb4, 0x6f, 0x64, 0xff, 0xb3, 0x70, 0x64, 0xff, 
0xad, 0x6a, 0x5f, 0xff, 0xaf, 0x6c, 0x61, 0xff, 0xac, 0x6b, 0x5f, 0xff, 0xae, 0x6b, 0x60, 0xff, 
0xb1, 0x72, 0x63, 0xff, 0xb7, 0x7a, 0x69, 0xff, 0xb4, 0x77, 0x69, 0xff, 0xa4, 0x6a, 0x5d, 0xff, 
0xb1, 0x71, 0x64, 0xff, 0xbe, 0x7c, 0x6f, 0xff, 0xb6, 0x78, 0x69, 0xff, 0xc0, 0x87, 0x76, 0xff, 
0xc1, 0x89, 0x79, 0xff, 0xaa, 0x72, 0x64, 0xff, 0xb6, 0x79, 0x6b, 0xff, 0xcb, 0x8e, 0x80, 0xff, 
0xc5, 0x8d, 0x7e, 0xff, 0xbf, 0x88, 0x79, 0xff, 0xd5, 0xa1, 0x92, 0xff, 0xe3, 0xb0, 0xa3, 0xff, 
0xd6, 0xa1, 0x95, 0xff, 0xd2, 0x9c, 0x8f, 0xff, 0xdd, 0xad, 0x9e, 0xff, 0xdd, 0xbb, 0xa8, 0xff, 
0xdc, 0xb8, 0xa6, 0xff, 0xe3, 0xbc, 0xad, 0xff, 0xdb, 0xbd, 0xad, 0xff, 0xc2, 0x99, 0x86, 0xff, 
0xca, 0xa9, 0x98, 0xff, 0xe6, 0xe2, 0xd8, 0xff, 0xe5, 0xd2, 0xc5, 0xff, 0xde, 0xb4, 0xa2, 0xff, 
0xcb, 0x9c, 0x86, 0xff, 0xab, 0x7b, 0x68, 0xff, 0xba, 0x92, 0x86, 0xff, 0xc4, 0x98, 0x8a, 0xff, 
0xbc, 0x8b, 0x79, 0xff, 0xb2, 0x83, 0x72, 0xff, 0xb3, 0x82, 0x76, 0xff, 0xb2, 0x80, 0x76, 0xff, 
0xb8, 0x88, 0x7b, 0xff, 0xaf, 0x7d, 0x72, 0xff, 0xb0, 0x7e, 0x73, 0xff, 0xb2, 0x82, 0x78, 0xff, 
0xb7, 0x86, 0x7c, 0xff, 0xc4, 0x8f, 0x85, 0xff, 0xc2, 0x89, 0x7f, 0xff, 0xb8, 0x83, 0x78, 0xff, 
0xb8, 0x88, 0x7a, 0xff, 0xbb, 0x87, 0x7a, 0xff, 0xc3, 0x8b, 0x7f, 0xff, 0xc4, 0x8d, 0x82, 0xff, 
0xbd, 0x86, 0x7b, 0xff, 0xb3, 0x7c, 0x72, 0xff, 0xac, 0x74, 0x69, 0xff, 0xb0, 0x77, 0x6f, 0xff, 
0xb3, 0x7a, 0x72, 0xff, 0xb6, 0x7c, 0x74, 0xff, 0xb7, 0x7f, 0x75, 0xff, 0xb7, 0x84, 0x77, 0xff, 
0xbd, 0x8c, 0x7f, 0xff, 0xb5, 0x83, 0x77, 0xff, 0xb2, 0x7f, 0x74, 0xff, 0xb8, 0x86, 0x7a, 0xff, 
0xb5, 0x84, 0x75, 0xff, 0xb4, 0x81, 0x73, 0xff, 0xba, 0x84, 0x78, 0xff, 0xbb, 0x88, 0x7a, 0xff, 
0xbb, 0x88, 0x79, 0xff, 0xc4, 0x92, 0x83, 0xff, 0xc4, 0x95, 0x85, 0xff, 0xbe, 0x8d, 0x7f, 0xff, 
0xba, 0x89, 0x7b, 0xff, 0xb8, 0x88, 0x7a, 0xff, 0xb8, 0x88, 0x7b, 0xff, 0xb0, 0x81, 0x75, 0xff, 
0xb4, 0x85, 0x79, 0xff, 0xb2, 0x81, 0x75, 0xff, 0xa9, 0x76, 0x6b, 0xff, 0xa8, 0x75, 0x6c, 0xff, 
0xaa, 0x7b, 0x70, 0xff, 0xa6, 0x7a, 0x6f, 0xff, 0xa5, 0x77, 0x6e, 0xff, 0xa7, 0x78, 0x6e, 0xff, 
0xae, 0x7d, 0x6f, 0xff, 0xae, 0x7c, 0x6d, 0xff, 0xb5, 0x84, 0x76, 0xff, 0xb9, 0x87, 0x7a, 0xff, 
0xb3, 0x81, 0x76, 0xff, 0xba, 0x86, 0x7c, 0xff, 0xc3, 0x8e, 0x84, 0xff, 0xc0, 0x8b, 0x7f, 0xff, 
0xbd, 0x88, 0x7c, 0xff, 0xc2, 0x8d, 0x84, 0xff, 0xc4, 0x90, 0x87, 0xff, 0xc1, 0x90, 0x84, 0xff, 
0xbb, 0x89, 0x7e, 0xff, 0xb8, 0x86, 0x7d, 0xff, 0xbb, 0x89, 0x81, 0xff, 0xb8, 0x85, 0x7b, 0xff, 
0xa6, 0x72, 0x69, 0xff, 0xa0, 0x6c, 0x63, 0xff, 0xab, 0x76, 0x6d, 0xff, 0xbb, 0x86, 0x7e, 0xff, 
0xca, 0x96, 0x8c, 0xff, 0xd7, 0xa8, 0x99, 0xff, 0xe3, 0xb6, 0xa6, 0xff, 0xea, 0xc1, 0xaf, 0xff, 
0xea, 0xbe, 0xae, 0xff, 0xe1, 0xb0, 0xa0, 0xff, 0xcd, 0x96, 0x89, 0xff, 0xc4, 0x89, 0x7e, 0xff, 
0xc1, 0x87, 0x7c, 0xff, 0xc4, 0x8d, 0x81, 0xff, 0xc6, 0x8b, 0x80, 0xff, 0xc2, 0x88, 0x7c, 0xff, 
0xc4, 0x8b, 0x7f, 0xff, 0xbe, 0x87, 0x7a, 0xff, 0xbf, 0x87, 0x7a, 0xff, 0xcf, 0x95, 0x89, 0xff, 
0xc3, 0x91, 0x83, 0xff, 0xc1, 0x91, 0x82, 0xff, 0xbc, 0x88, 0x7b, 0xff, 0xab, 0x76, 0x69, 0xff, 
0xae, 0x7b, 0x6d, 0xff, 0xb0, 0x79, 0x6d, 0xff, 0xaf, 0x76, 0x6b, 0xff, 0xa8, 0x77, 0x69, 0xff, 
0xba, 0x86, 0x79, 0xff, 0xcd, 0x8e, 0x83, 0xff, 0xcb, 0x8a, 0x7e, 0xff, 0xcf, 0x93, 0x86, 0xff, 
0xc9, 0x91, 0x82, 0xff, 0xcd, 0x96, 0x86, 0xff, 0xe7, 0xb3, 0xa3, 0xff, 0xe9, 0xba, 0xaa, 0xff, 
0xe0, 0xae, 0x9f, 0xff, 0xda, 0xa3, 0x95, 0xff, 0xda, 0xa1, 0x93, 0xff, 0xca, 0x8d, 0x82, 0xff, 
0xae, 0x70, 0x67, 0xff, 0xb1, 0x75, 0x6a, 0xff, 0xb2, 0x78, 0x6e, 0xff, 0xc8, 0x96, 0x88, 0xff, 
0xd1, 0x9b, 0x8e, 0xff, 0xbc, 0x81, 0x77, 0xff, 0xb5, 0x7f, 0x74, 0xff, 0xb6, 0x7b, 0x72, 0xff, 
0xb9, 0x7d, 0x73, 0xff, 0xbf, 0x84, 0x78, 0xff, 0xaf, 0x73, 0x68, 0xff, 0xa2, 0x67, 0x5f, 0xff, 
0x9c, 0x63, 0x59, 0xff, 0xa3, 0x6b, 0x5f, 0xff, 0xad, 0x70, 0x66, 0xff, 0xb1, 0x74, 0x68, 0xff, 
0xb5, 0x7a, 0x6c, 0xff, 0xc2, 0x86, 0x77, 0xff, 0xd1, 0x92, 0x82, 0xff, 0xdb, 0xa7, 0x94, 0xff, 
0xda, 0xa9, 0x96, 0xff, 0xd9, 0xa1, 0x8e, 0xff, 0xd9, 0x9d, 0x8a, 0xff, 0xdc, 0xa3, 0x8f, 0xff, 
0xdc, 0x9e, 0x8f, 0xff, 0xda, 0x9b, 0x8a, 0xff, 0xd7, 0x94, 0x82, 0xff, 0xd7, 0x94, 0x84, 0xff, 
0xd0, 0x8e, 0x7d, 0xff, 0xcd, 0x86, 0x75, 0xff, 0xd4, 0x91, 0x83, 0xff, 0xd5, 0xa4, 0x94, 0xff, 
0xd9, 0xb4, 0xa6, 0xff, 0xcf, 0x9e, 0x8f, 0xff, 0xc9, 0x8e, 0x81, 0xff, 0xc7, 0x90, 0x80, 0xff, 
0xc0, 0x8a, 0x7a, 0xff, 0xce, 0x9e, 0x8b, 0xff, 0xd8, 0x9a, 0x89, 0xff, 0xd6, 0x91, 0x83, 0xff, 
0xd3, 0x92, 0x83, 0xff, 0xd4, 0x99, 0x88, 0xff, 0xd8, 0x9f, 0x8f, 0xff, 0xd7, 0xa0, 0x90, 0xff, 
0xcd, 0x90, 0x81, 0xff, 0xca, 0x8b, 0x7a, 0xff, 0xc5, 0x86, 0x77, 0xff, 0xbb, 0x7f, 0x70, 0xff, 
0xb8, 0x7a, 0x6b, 0xff, 0xc8, 0x85, 0x76, 0xff, 0xcf, 0x91, 0x81, 0xff, 0xcc, 0x90, 0x80, 0xff, 
0xca, 0x93, 0x81, 0xff, 0xc9, 0x92, 0x82, 0xff, 0xc9, 0x90, 0x7e, 0xff, 0xcd, 0x93, 0x83, 0xff, 
0xcd, 0x90, 0x83, 0xff, 0xd2, 0x96, 0x8a, 0xff, 0xd5, 0xa0, 0x8f, 0xff, 0xd3, 0x9f, 0x8e, 0xff, 
0xd4, 0x9c, 0x8b, 0xff, 0xd2, 0x97, 0x88, 0xff, 0xd4, 0x99, 0x8a, 0xff, 0xd1, 0x9b, 0x8b, 0xff, 
0xcc, 0x96, 0x86, 0xff, 0xc9, 0x8e, 0x80, 0xff, 0xcb, 0x8c, 0x7e, 0xff, 0xc9, 0x8d, 0x7e, 0xff, 
0xcd, 0x92, 0x82, 0xff, 0xcc, 0x93, 0x84, 0xff, 0xc7, 0x8c, 0x7d, 0xff, 0xc7, 0x8c, 0x7e, 0xff, 
0xbf, 0x8c, 0x7c, 0xff, 0xbf, 0x8c, 0x7b, 0xff, 0xc1, 0x85, 0x77, 0xff, 0xc3, 0x85, 0x78, 0xff, 
0xcf, 0x92, 0x85, 0xff, 0xcb, 0x8d, 0x80, 0xff, 0xc6, 0x85, 0x79, 0xff, 0xcd, 0x8d, 0x7f, 0xff, 
0xcf, 0x90, 0x80, 0xff, 0xcb, 0x8c, 0x7c, 0xff, 0xd4, 0x96, 0x88, 0xff, 0xd5, 0x98, 0x8a, 0xff, 
0xd6, 0x9a, 0x8a, 0xff, 0xdb, 0xa1, 0x92, 0xff, 0xd8, 0x9f, 0x90, 0xff, 0xd8, 0x9d, 0x91, 0xff, 
0xd9, 0xa1, 0x93, 0xff, 0xdd, 0xa5, 0x97, 0xff, 0xdf, 0xa5, 0x96, 0xff, 0xd4, 0x97, 0x8b, 0xff, 
0xc8, 0x8b, 0x7e, 0xff, 0xbf, 0x81, 0x74, 0xff, 0xbf, 0x82, 0x77, 0xff, 0xc2, 0x85, 0x78, 0xff, 
0xcb, 0x8f, 0x80, 0xff, 0xcd, 0x92, 0x83, 0xff, 0xcb, 0x8f, 0x81, 0xff, 0xc2, 0x85, 0x77, 0xff, 
0xc0, 0x83, 0x73, 0xff, 0xc3, 0x85, 0x72, 0xff, 0xba, 0x7c, 0x68, 0xff, 0xb9, 0x79, 0x6b, 0xff, 
0xb5, 0x73, 0x68, 0xff, 0xb5, 0x70, 0x65, 0xff, 0xad, 0x69, 0x5c, 0xff, 0xa4, 0x65, 0x58, 0xff, 
0xb1, 0x6f, 0x5f, 0xff, 0xc6, 0x81, 0x6e, 0xff, 0xbd, 0x7b, 0x6d, 0xff, 0xb7, 0x73, 0x68, 0xff, 
0xbe, 0x78, 0x6d, 0xff, 0xca, 0x85, 0x78, 0xff, 0xd0, 0x8b, 0x7c, 0xff, 0xcb, 0x85, 0x76, 0xff, 
0xc2, 0x7e, 0x6f, 0xff, 0xb7, 0x74, 0x68, 0xff, 0xba, 0x76, 0x6b, 0xff, 0xbe, 0x77, 0x6c, 0xff, 
0xba, 0x75, 0x6a, 0xff, 0xb0, 0x70, 0x64, 0xff, 0xbb, 0x7a, 0x6f, 0xff, 0xb8, 0x7b, 0x6d, 0xff, 
0xbb, 0x80, 0x71, 0xff, 0xc1, 0x84, 0x77, 0xff, 0xb9, 0x7c, 0x6e, 0xff, 0xb6, 0x7a, 0x6b, 0xff, 
0xb7, 0x7e, 0x6f, 0xff, 0xbd, 0x81, 0x72, 0xff, 0xd2, 0x9a, 0x8c, 0xff, 0xd9, 0xa7, 0x98, 0xff, 
0xd8, 0xa5, 0x97, 0xff, 0xe2, 0xb6, 0xa6, 0xff, 0xde, 0xb3, 0xa2, 0xff, 0xca, 0x96, 0x88, 0xff, 
0xbc, 0x88, 0x7a, 0xff, 0xb1, 0x7d, 0x70, 0xff, 0xc4, 0x92, 0x84, 0xff, 0xcf, 0xa1, 0x92, 0xff, 
0xbd, 0x92, 0x83, 0xff, 0xbb, 0x8e, 0x7e, 0xff, 0xbc, 0x89, 0x7a, 0xff, 0xbf, 0x8c, 0x7d, 0xff, 
0xca, 0xa1, 0x90, 0xff, 0xe0, 0xc7, 0xb6, 0xff, 0xe9, 0xdb, 0xcf, 0xff, 0xc9, 0x9e, 0x91, 0xff, 
0xac, 0x74, 0x63, 0xff, 0xb0, 0x7a, 0x68, 0xff, 0xb2, 0x7f, 0x74, 0xff, 0xbd, 0x8b, 0x80, 0xff, 
0xba, 0x8a, 0x7b, 0xff, 0xb8, 0x8a, 0x7b, 0xff, 0xb1, 0x81, 0x76, 0xff, 0xad, 0x7b, 0x71, 0xff, 
0xad, 0x7b, 0x71, 0xff, 0xaf, 0x7f, 0x74, 0xff, 0xb3, 0x83, 0x76, 0xff, 0xa7, 0x76, 0x6b, 0xff, 
0xb4, 0x81, 0x76, 0xff, 0xc1, 0x8b, 0x7f, 0xff, 0xbf, 0x8a, 0x7e, 0xff, 0xb9, 0x8a, 0x7c, 0xff, 
0xb8, 0x88, 0x7c, 0xff, 0xb3, 0x7d, 0x72, 0xff, 0xab, 0x76, 0x6c, 0xff, 0xa0, 0x6c, 0x63, 0xff, 
0xa1, 0x6e, 0x63, 0xff, 0xb0, 0x7d, 0x71, 0xff, 0xbb, 0x8d, 0x82, 0xff, 0xc2, 0x94, 0x86, 0xff, 
0xc5, 0x94, 0x85, 0xff, 0xc3, 0x90, 0x7f, 0xff, 0xbb, 0x89, 0x7a, 0xff, 0xb0, 0x7f, 0x73, 0xff, 
0xac, 0x7c, 0x70, 0xff, 0xad, 0x7b, 0x6e, 0xff, 0xb2, 0x7e, 0x71, 0xff, 0xad, 0x79, 0x6b, 0xff, 
0xa0, 0x6d, 0x60, 0xff, 0x9b, 0x67, 0x5c, 0xff, 0x9b, 0x68, 0x5d, 0xff, 0x98, 0x66, 0x5d, 0xff, 
0x90, 0x5e, 0x54, 0xff, 0x9f, 0x6f, 0x63, 0xff, 0xb3, 0x83, 0x77, 0xff, 0xb0, 0x7e, 0x72, 0xff, 
0xa3, 0x71, 0x66, 0xff, 0x9f, 0x6c, 0x62, 0xff, 0xa0, 0x6e, 0x62, 0xff, 0xa2, 0x70, 0x65, 0xff, 
0xa2, 0x71, 0x65, 0xff, 0xae, 0x80, 0x72, 0xff, 0xbb, 0x92, 0x84, 0xff, 0xb6, 0x8e, 0x80, 0xff, 
0xa7, 0x7a, 0x6f, 0xff, 0x9a, 0x6c, 0x63, 0xff, 0x97, 0x69, 0x61, 0xff, 0x90, 0x61, 0x59, 0xff, 
0x88, 0x5a, 0x53, 0xff, 0x96, 0x66, 0x5f, 0xff, 0xa7, 0x76, 0x6d, 0xff, 0xb5, 0x82, 0x77, 0xff, 
0xbc, 0x88, 0x7c, 0xff, 0xb9, 0x87, 0x7c, 0xff, 0xbb, 0x88, 0x7e, 0xff, 0xb4, 0x83, 0x78, 0xff, 
0xad, 0x7c, 0x72, 0xff, 0xab, 0x7c, 0x72, 0xff, 0xa1, 0x73, 0x6b, 0xff, 0x9c, 0x6d, 0x66, 0xff, 
0x97, 0x68, 0x62, 0xff, 0x97, 0x67, 0x61, 0xff, 0x99, 0x68, 0x60, 0xff, 0x9a, 0x68, 0x5f, 0xff, 
0xae, 0x7c, 0x73, 0xff, 0xc1, 0x8e, 0x84, 0xff, 0xbc, 0x89, 0x7d, 0xff, 0xb5, 0x83, 0x78, 0xff, 
0xbc, 0x87, 0x7d, 0xff, 0xc3, 0x8e, 0x85, 0xff, 0xc3, 0x91, 0x85, 0xff, 0xca, 0x9b, 0x8d, 0xff, 
0xda, 0xad, 0x9e, 0xff, 0xe1, 0xb4, 0xa5, 0xff, 0xe1, 0xb4, 0xa4, 0xff, 0xe7, 0xb6, 0xa6, 0xff, 
0xd6, 0x9c, 0x90, 0xff, 0xbc, 0x82, 0x77, 0xff, 0xb6, 0x7e, 0x72, 0xff, 0xb8, 0x7e, 0x74, 0xff, 
0xb7, 0x7d, 0x72, 0xff, 0xae, 0x77, 0x6c, 0xff, 0xaa, 0x74, 0x69, 0xff, 0xb8, 0x7f, 0x74, 0xff, 
0xc1, 0x86, 0x7a, 0xff, 0xca, 0x99, 0x89, 0xff, 0xcd, 0xa2, 0x90, 0xff, 0xc4, 0x95, 0x84, 0xff, 
0xbe, 0x8d, 0x7e, 0xff, 0xb5, 0x80, 0x72, 0xff, 0xb2, 0x80, 0x72, 0xff, 0xbf, 0x8c, 0x7d, 0xff, 
0xd0, 0xa2, 0x90, 0xff, 0xd4, 0xaa, 0x97, 0xff, 0xd6, 0xa0, 0x8f, 0xff, 0xd6, 0x97, 0x87, 0xff, 
0xd3, 0x95, 0x87, 0xff, 0xcb, 0x91, 0x84, 0xff, 0xd8, 0xa0, 0x92, 0xff, 0xcf, 0x97, 0x88, 0xff, 
0xb5, 0x7d, 0x70, 0xff, 0xb0, 0x7a, 0x69, 0xff, 0xba, 0x85, 0x72, 0xff, 0xb0, 0x7a, 0x6b, 0xff, 
0xb1, 0x78, 0x6a, 0xff, 0xb6, 0x7d, 0x70, 0xff, 0xa6, 0x6b, 0x5f, 0xff, 0x9b, 0x5e, 0x56, 0xff, 
0x95, 0x5c, 0x52, 0xff, 0x93, 0x5e, 0x53, 0xff, 0x97, 0x5f, 0x55, 0xff, 0xb0, 0x79, 0x6b, 0xff, 
0xc6, 0x8b, 0x7c, 0xff, 0xb5, 0x7b, 0x6f, 0xff, 0x88, 0x59, 0x53, 0xff, 0x89, 0x57, 0x51, 0xff, 
0xa7, 0x6a, 0x60, 0xff, 0xa9, 0x6d, 0x63, 0xff, 0x9f, 0x68, 0x5b, 0xff, 0xa2, 0x64, 0x58, 0xff, 
0xc1, 0x7f, 0x70, 0xff, 0xc3, 0x8b, 0x77, 0xff, 0xd4, 0x9c, 0x8c, 0xff, 0xdd, 0xab, 0x98, 0xff, 
0xd2, 0x91, 0x81, 0xff, 0xd5, 0x9a, 0x88, 0xff, 0xd5, 0x9f, 0x8a, 0xff, 0xce, 0x8b, 0x7b, 0xff, 
0xcb, 0x86, 0x78, 0xff, 0xcb, 0x85, 0x76, 0xff, 0xcc, 0x82, 0x73, 0xff, 0xc6, 0x7a, 0x6c, 0xff, 
0xc3, 0x81, 0x72, 0xff, 0xcc, 0xa2, 0x94, 0xff, 0xc5, 0x9a, 0x89, 0xff, 0xd7, 0xbb, 0xac, 0xff, 
0xe9, 0xe1, 0xd5, 0xff, 0xdf, 0xbe, 0xac, 0xff, 0xd5, 0xa9, 0x9a, 0xff, 0xca, 0x97, 0x8a, 0xff, 
0xc6, 0x88, 0x79, 0xff, 0xc2, 0x8d, 0x78, 0xff, 0xd4, 0x93, 0x82, 0xff, 0xd2, 0x8e, 0x7f, 0xff, 
0xc6, 0x82, 0x73, 0xff, 0xc6, 0x86, 0x76, 0xff, 0xcb, 0x8e, 0x7d, 0xff, 0xcb, 0x89, 0x7b, 0xff, 
0xc7, 0x84, 0x75, 0xff, 0xca, 0x86, 0x78, 0xff, 0xc7, 0x87, 0x78, 0xff, 0xba, 0x7e, 0x6e, 0xff, 
0xb0, 0x78, 0x69, 0xff, 0xbe, 0x8a, 0x7a, 0xff, 0xc9, 0x94, 0x84, 0xff, 0xd8, 0xa3, 0x91, 0xff, 
0xd8, 0xa1, 0x91, 0xff, 0xd4, 0x96, 0x8a, 0xff, 0xd0, 0x91, 0x83, 0xff, 0xcd, 0x8d, 0x7f, 0xff, 
0xd4, 0x97, 0x88, 0xff, 0xd8, 0x9d, 0x8f, 0xff, 0xd7, 0xa1, 0x91, 0xff, 0xd8, 0xa3, 0x92, 0xff, 
0xd5, 0x9b, 0x8c, 0xff, 0xd3, 0x96, 0x87, 0xff, 0xce, 0x95, 0x84, 0xff, 0xd6, 0xa1, 0x91, 0xff, 
0xd9, 0xad, 0x9b, 0xff, 0xd5, 0xa4, 0x94, 0xff, 0xd3, 0x99, 0x8b, 0xff, 0xd2, 0x97, 0x89, 0xff, 
0xd1, 0x96, 0x87, 0xff, 0xd2, 0x96, 0x86, 0xff, 0xd1, 0x97, 0x86, 0xff, 0xd6, 0x9c, 0x8c, 0xff, 
0xcc, 0x92, 0x81, 0xff, 0xbf, 0x84, 0x74, 0xff, 0xc4, 0x87, 0x78, 0xff, 0xbd, 0x80, 0x72, 0xff, 
0xb7, 0x7c, 0x6e, 0xff, 0xbc, 0x81, 0x72, 0xff, 0xce, 0x91, 0x82, 0xff, 0xd1, 0x96, 0x87, 0xff, 
0xc2, 0x88, 0x77, 0xff, 0xbf, 0x86, 0x75, 0xff, 0xc0, 0x85, 0x77, 0xff, 0xbb, 0x7d, 0x6e, 0xff, 
0xc3, 0x86, 0x72, 0xff, 0xcd, 0x91, 0x7c, 0xff, 0xd0, 0x93, 0x80, 0xff, 0xca, 0x8e, 0x7d, 0xff, 
0xc9, 0x8e, 0x7f, 0xff, 0xd2, 0x9a, 0x8a, 0xff, 0xd7, 0x9f, 0x8f, 0xff, 0xdb, 0xa0, 0x91, 0xff, 
0xd4, 0x98, 0x86, 0xff, 0xca, 0x8e, 0x7e, 0xff, 0xc5, 0x8b, 0x79, 0xff, 0xc0, 0x87, 0x75, 0xff, 
0xcc, 0x8f, 0x7f, 0xff, 0xc8, 0x8d, 0x7c, 0xff, 0xc4, 0x88, 0x78, 0xff, 0xc2, 0x86, 0x79, 0xff, 
0xb8, 0x7b, 0x6d, 0xff, 0xb4, 0x77, 0x65, 0xff, 0xb9, 0x79, 0x67, 0xff, 0xbf, 0x7f, 0x6e, 0xff, 
0xc6, 0x86, 0x73, 0xff, 0xbd, 0x7a, 0x6a, 0xff, 0xb7, 0x73, 0x65, 0xff, 0xab, 0x68, 0x5b, 0xff, 
0xa9, 0x6a, 0x5a, 0xff, 0xbb, 0x79, 0x69, 0xff, 0xcc, 0x87, 0x79, 0xff, 0xb3, 0x70, 0x65, 0xff, 
0xaf, 0x6c, 0x60, 0xff, 0xc6, 0x84, 0x74, 0xff, 0xd9, 0x95, 0x86, 0xff, 0xcf, 0x8b, 0x7e, 0xff, 
0xcb, 0x89, 0x77, 0xff, 0xd3, 0x8f, 0x80, 0xff, 0xd5, 0x8e, 0x80, 0xff, 0xb8, 0x72, 0x65, 0xff, 
0xbc, 0x72, 0x67, 0xff, 0xc3, 0x7d, 0x6f, 0xff, 0xc2, 0x81, 0x72, 0xff, 0xbe, 0x7d, 0x71, 0xff, 
0xb5, 0x7a, 0x6e, 0xff, 0xaf, 0x70, 0x64, 0xff, 0xb9, 0x7a, 0x6e, 0xff, 0xbc, 0x80, 0x75, 0xff, 
0xc3, 0x88, 0x79, 0xff, 0xcd, 0x90, 0x7f, 0xff, 0xd3, 0x9b, 0x8e, 0xff, 0xbe, 0x89, 0x7c, 0xff, 
0xb8, 0x85, 0x77, 0xff, 0xc2, 0x90, 0x7e, 0xff, 0xb6, 0x83, 0x73, 0xff, 0xb7, 0x83, 0x73, 0xff, 
0xb8, 0x86, 0x74, 0xff, 0xb0, 0x7f, 0x6f, 0xff, 0xb7, 0x86, 0x77, 0xff, 0xc6, 0x96, 0x86, 0xff, 
0xbc, 0x8a, 0x7b, 0xff, 0xa7, 0x73, 0x66, 0xff, 0xb6, 0x85, 0x76, 0xff, 0xc4, 0x95, 0x85, 0xff, 
0xc5, 0x97, 0x86, 0xff, 0xcd, 0x9e, 0x8c, 0xff, 0xdd, 0xb7, 0xa8, 0xff, 0xd7, 0xba, 0xad, 0xff, 
0xc2, 0x9d, 0x90, 0xff, 0xc5, 0x9a, 0x89, 0xff, 0xba, 0x8b, 0x79, 0xff, 0xaf, 0x79, 0x6a, 0xff, 
0xb9, 0x87, 0x78, 0xff, 0xc6, 0x98, 0x89, 0xff, 0xbd, 0x8c, 0x7f, 0xff, 0xc1, 0x94, 0x85, 0xff, 
0xb7, 0x88, 0x7a, 0xff, 0xb3, 0x81, 0x72, 0xff, 0xb4, 0x81, 0x74, 0xff, 0xad, 0x79, 0x6e, 0xff, 
0xae, 0x79, 0x6d, 0xff, 0xb1, 0x7e, 0x72, 0xff, 0xa9, 0x76, 0x6a, 0xff, 0xa5, 0x6d, 0x64, 0xff, 
0xac, 0x73, 0x69, 0xff, 0xb0, 0x79, 0x6d, 0xff, 0xab, 0x76, 0x6a, 0xff, 0xa9, 0x76, 0x6a, 0xff, 
0xba, 0x87, 0x79, 0xff, 0xc1, 0x90, 0x82, 0xff, 0xc4, 0x9a, 0x8b, 0xff, 0xc1, 0x97, 0x86, 0xff, 
0xb0, 0x82, 0x76, 0xff, 0xa1, 0x72, 0x67, 0xff, 0x97, 0x68, 0x5d, 0xff, 0x8d, 0x5b, 0x52, 0xff, 
0x8f, 0x5d, 0x53, 0xff, 0x91, 0x5e, 0x55, 0xff, 0x89, 0x56, 0x4d, 0xff, 0x89, 0x57, 0x4e, 0xff, 
0x90, 0x5e, 0x55, 0xff, 0x95, 0x62, 0x59, 0xff, 0x92, 0x61, 0x56, 0xff, 0x8f, 0x5e, 0x54, 0xff, 
0x9a, 0x67, 0x5c, 0xff, 0x9d, 0x69, 0x5f, 0xff, 0x95, 0x62, 0x58, 0xff, 0x90, 0x5c, 0x52, 0xff, 
0x97, 0x64, 0x5a, 0xff, 0x99, 0x65, 0x5b, 0xff, 0x93, 0x5e, 0x53, 0xff, 0x8f, 0x5b, 0x50, 0xff, 
0x8c, 0x59, 0x50, 0xff, 0x99, 0x68, 0x5f, 0xff, 0xa0, 0x75, 0x6a, 0xff, 0x9a, 0x70, 0x65, 0xff, 
0x96, 0x65, 0x5c, 0xff, 0x94, 0x5f, 0x55, 0xff, 0x95, 0x62, 0x58, 0xff, 0x98, 0x67, 0x5d, 0xff, 
0x99, 0x67, 0x5f, 0xff, 0x93, 0x62, 0x5a, 0xff, 0x8f, 0x5f, 0x56, 0xff, 0x97, 0x64, 0x5b, 0xff, 
0xa0, 0x6e, 0x63, 0xff, 0x9c, 0x6b, 0x60, 0xff, 0x94, 0x65, 0x5b, 0xff, 0x95, 0x66, 0x5d, 0xff, 
0x9f, 0x6f, 0x66, 0xff, 0xa1, 0x73, 0x69, 0xff, 0xa1, 0x73, 0x69, 0xff, 0xa0, 0x70, 0x65, 0xff, 
0xa2, 0x72, 0x66, 0xff, 0xab, 0x7a, 0x6f, 0xff, 0xae, 0x7f, 0x73, 0xff, 0xa9, 0x79, 0x6f, 0xff, 
0xc0, 0x8e, 0x84, 0xff, 0xcf, 0x9b, 0x8f, 0xff, 0xc5, 0x92, 0x85, 0xff, 0xbd, 0x8b, 0x7c, 0xff, 
0xb5, 0x86, 0x79, 0xff, 0xab, 0x7f, 0x74, 0xff, 0xa5, 0x7a, 0x6b, 0xff, 0xa6, 0x76, 0x68, 0xff, 
0xaf, 0x7d, 0x70, 0xff, 0xc8, 0x95, 0x87, 0xff, 0xe8, 0xb9, 0xa9, 0xff, 0xea, 0xc2, 0xb0, 0xff, 
0xe3, 0xb6, 0xa6, 0xff, 0xd0, 0x99, 0x8c, 0xff, 0xc0, 0x86, 0x7a, 0xff, 0xbe, 0x85, 0x79, 0xff, 
0xc0, 0x86, 0x7b, 0xff, 0xc7, 0x8b, 0x7f, 0xff, 0xc1, 0x8b, 0x7d, 0xff, 0xb8, 0x82, 0x75, 0xff, 
0xad, 0x6f, 0x63, 0xff, 0xbe, 0x7d, 0x71, 0xff, 0xba, 0x7e, 0x71, 0xff, 0xba, 0x81, 0x76, 0xff, 
0xb4, 0x77, 0x6e, 0xff, 0xc4, 0x85, 0x79, 0xff, 0xcb, 0x8f, 0x80, 0xff, 0xcd, 0x8f, 0x82, 0xff, 
0xcc, 0x90, 0x81, 0xff, 0xc4, 0x95, 0x83, 0xff, 0xcd, 0x9c, 0x8b, 0xff, 0xd0, 0x95, 0x85, 0xff, 
0xc8, 0x8b, 0x7e, 0xff, 0xa9, 0x6d, 0x63, 0xff, 0x9c, 0x65, 0x59, 0xff, 0x9e, 0x66, 0x5a, 0xff, 
0x98, 0x62, 0x58, 0xff, 0x93, 0x62, 0x55, 0xff, 0x96, 0x64, 0x57, 0xff, 0x9d, 0x69, 0x5c, 0xff, 
0xa3, 0x6f, 0x62, 0xff, 0xaa, 0x71, 0x64, 0xff, 0xb1, 0x78, 0x6a, 0xff, 0xa8, 0x72, 0x66, 0xff, 
0x9e, 0x67, 0x5e, 0xff, 0xa4, 0x6b, 0x5f, 0xff, 0xa2, 0x6a, 0x5f, 0xff, 0xa9, 0x74, 0x66, 0xff, 
0xa9, 0x75, 0x65, 0xff, 0x89, 0x59, 0x4f, 0xff, 0x79, 0x4e, 0x47, 0xff, 0x97, 0x62, 0x58, 0xff, 
0xac, 0x6e, 0x62, 0xff, 0xc0, 0x86, 0x76, 0xff, 0xba, 0x83, 0x71, 0xff, 0xc1, 0x84, 0x74, 0xff, 
0xda, 0xa3, 0x90, 0xff, 0xdf, 0xb8, 0xa4, 0xff, 0xdf, 0xbd, 0xa7, 0xff, 0xd5, 0x99, 0x85, 0xff, 
0xd4, 0x91, 0x80, 0xff, 0xd3, 0x9f, 0x8d, 0xff, 0xc9, 0x85, 0x72, 0xff, 0xc4, 0x77, 0x69, 0xff, 
0xc3, 0x7f, 0x72, 0xff, 0xc3, 0x83, 0x73, 0xff, 0xc6, 0x8c, 0x7e, 0xff, 0xc3, 0x89, 0x7c, 0xff, 
0xc9, 0x8c, 0x7d, 0xff, 0xd4, 0xa8, 0x9a, 0xff, 0xd0, 0x9b, 0x89, 0xff, 0xd8, 0xab, 0x98, 0xff, 
0xd6, 0xad, 0x9c, 0xff, 0xcd, 0x9b, 0x8f, 0xff, 0xc6, 0x8c, 0x81, 0xff, 0xd8, 0x98, 0x89, 0xff, 
0xda, 0x97, 0x88, 0xff, 0xba, 0x80, 0x6f, 0xff, 0xb0, 0x71, 0x61, 0xff, 0xb4, 0x70, 0x65, 0xff, 
0xbb, 0x7e, 0x71, 0xff, 0xbb, 0x7f, 0x70, 0xff, 0xcf, 0x89, 0x7c, 0xff, 0xd3, 0x8f, 0x7f, 0xff, 
0xd1, 0x92, 0x81, 0xff, 0xd5, 0x99, 0x88, 0xff, 0xda, 0x9f, 0x8e, 0xff, 0xdc, 0xa3, 0x94, 0xff, 
0xd5, 0xa9, 0x99, 0xff, 0xc9, 0x97, 0x87, 0xff, 0xc9, 0x8b, 0x7d, 0xff, 0xcd, 0x91, 0x82, 0xff, 
0xcf, 0x8f, 0x82, 0xff, 0xd5, 0x91, 0x82, 0xff, 0xd2, 0x8e, 0x7e, 0xff, 0xd0, 0x8c, 0x7d, 0xff, 
0xd4, 0x93, 0x83, 0xff, 0xcb, 0x8b, 0x7c, 0xff, 0xce, 0x8e, 0x7f, 0xff, 0xd1, 0x93, 0x83, 0xff, 
0xd5, 0x99, 0x89, 0xff, 0xcd, 0x94, 0x86, 0xff, 0xc1, 0x86, 0x79, 0xff, 0xc7, 0x8c, 0x7e, 0xff, 
0xd0, 0x9d, 0x8c, 0xff, 0xcf, 0x99, 0x8a, 0xff, 0xce, 0x91, 0x84, 0xff, 0xcc, 0x91, 0x82, 0xff, 
0xca, 0x90, 0x83, 0xff, 0xd2, 0x97, 0x89, 0xff, 0xd3, 0x99, 0x89, 0xff, 0xdb, 0xa3, 0x91, 0xff, 
0xe6, 0xb1, 0x9d, 0xff, 0xe7, 0xb1, 0xa1, 0xff, 0xde, 0xa6, 0x98, 0xff, 0xd4, 0x9d, 0x8f, 0xff, 
0xc5, 0x8d, 0x7d, 0xff, 0xc4, 0x87, 0x76, 0xff, 0xcc, 0x92, 0x83, 0xff, 0xc2, 0x87, 0x7a, 0xff, 
0xb3, 0x75, 0x68, 0xff, 0xb9, 0x79, 0x6b, 0xff, 0xb6, 0x75, 0x67, 0xff, 0xb0, 0x72, 0x64, 0xff, 
0xbb, 0x80, 0x72, 0xff, 0xc8, 0x8c, 0x7c, 0xff, 0xcb, 0x8f, 0x7e, 0xff, 0xc2, 0x85, 0x76, 0xff, 
0xc8, 0x89, 0x7d, 0xff, 0xd0, 0x93, 0x83, 0xff, 0xd6, 0x9a, 0x89, 0xff, 0xcf, 0x92, 0x82, 0xff, 
0xcd, 0x90, 0x7e, 0xff, 0xcd, 0x91, 0x7e, 0xff, 0xc9, 0x8b, 0x79, 0xff, 0xc6, 0x89, 0x78, 0xff, 
0xc8, 0x8c, 0x79, 0xff, 0xcc, 0x8f, 0x79, 0xff, 0xc1, 0x83, 0x6e, 0xff, 0xbe, 0x7f, 0x6d, 0xff, 
0xc2, 0x81, 0x74, 0xff, 0xbc, 0x7b, 0x71, 0xff, 0xbe, 0x80, 0x73, 0xff, 0xcf, 0x92, 0x80, 0xff, 
0xcb, 0x91, 0x7a, 0xff, 0xc7, 0x8a, 0x71, 0xff, 0xc6, 0x85, 0x70, 0xff, 0xc3, 0x83, 0x73, 0xff, 
0xb3, 0x76, 0x66, 0xff, 0xad, 0x74, 0x65, 0xff, 0xc4, 0x8c, 0x7c, 0xff, 0xca, 0x91, 0x84, 0xff, 
0xb8, 0x7b, 0x6e, 0xff, 0xad, 0x6a, 0x5d, 0xff, 0xb1, 0x6f, 0x61, 0xff, 0xbe, 0x7c, 0x6d, 0xff, 
0xc1, 0x81, 0x70, 0xff, 0xce, 0x8a, 0x77, 0xff, 0xc3, 0x82, 0x6f, 0xff, 0xa5, 0x69, 0x5b, 0xff, 
0xa9, 0x6e, 0x62, 0xff, 0xbe, 0x85, 0x75, 0xff, 0xcd, 0x9b, 0x88, 0xff, 0xca, 0x90, 0x7f, 0xff, 
0xc8, 0x89, 0x7a, 0xff, 0xbd, 0x7d, 0x6e, 0xff, 0xbe, 0x7d, 0x6d, 0xff, 0xbb, 0x7f, 0x71, 0xff, 
0xb4, 0x7b, 0x6c, 0xff, 0xb2, 0x78, 0x67, 0xff, 0xb8, 0x80, 0x6f, 0xff, 0xab, 0x76, 0x66, 0xff, 
0xad, 0x76, 0x68, 0xff, 0xb7, 0x80, 0x71, 0xff, 0xb0, 0x7b, 0x6c, 0xff, 0xb8, 0x87, 0x78, 0xff, 
0xba, 0x8b, 0x78, 0xff, 0xb4, 0x80, 0x6d, 0xff, 0xaf, 0x7a, 0x6a, 0xff, 0xaf, 0x7e, 0x70, 0xff, 
0xb1, 0x7f, 0x72, 0xff, 0xb4, 0x82, 0x75, 0xff, 0xad, 0x7b, 0x6e, 0xff, 0xb7, 0x86, 0x77, 0xff, 
0xb9, 0x87, 0x77, 0xff, 0xc2, 0x94, 0x83, 0xff, 0xd9, 0xb0, 0xa2, 0xff, 0xdf, 0xbb, 0xaf, 0xff, 
0xdb, 0xb9, 0xa9, 0xff, 0xd1, 0xa8, 0x9b, 0xff, 0xcb, 0xa4, 0x96, 0xff, 0xc2, 0x99, 0x8b, 0xff, 
0xb5, 0x84, 0x77, 0xff, 0xba, 0x87, 0x79, 0xff, 0xb6, 0x84, 0x76, 0xff, 0x9e, 0x6d, 0x62, 0xff, 
0xa1, 0x6d, 0x61, 0xff, 0xa2, 0x6e, 0x63, 0xff, 0xa6, 0x70, 0x67, 0xff, 0xb2, 0x78, 0x6e, 0xff, 
0xa7, 0x6c, 0x64, 0xff, 0x9b, 0x64, 0x5b, 0xff, 0xa6, 0x72, 0x66, 0xff, 0xae, 0x79, 0x6c, 0xff, 
0xac, 0x75, 0x6a, 0xff, 0xb3, 0x80, 0x73, 0xff, 0xae, 0x79, 0x6c, 0xff, 0xa9, 0x74, 0x67, 0xff, 
0xa5, 0x73, 0x69, 0xff, 0x90, 0x5b, 0x55, 0xff, 0x8d, 0x56, 0x4d, 0xff, 0xa4, 0x72, 0x64, 0xff, 
0xa9, 0x7a, 0x6d, 0xff, 0xa0, 0x6f, 0x64, 0xff, 0x9c, 0x69, 0x5c, 0xff, 0xa1, 0x6f, 0x61, 0xff, 
0xa5, 0x72, 0x65, 0xff, 0xa1, 0x71, 0x62, 0xff, 0xa3, 0x74, 0x65, 0xff, 0xaf, 0x80, 0x72, 0xff, 
0xa7, 0x77, 0x6a, 0xff, 0xa6, 0x76, 0x68, 0xff, 0xa7, 0x77, 0x68, 0xff, 0xa5, 0x74, 0x65, 0xff, 
0xa8, 0x77, 0x69, 0xff, 0xb4, 0x83, 0x76, 0xff, 0xba, 0x8b, 0x78, 0xff, 0xb4, 0x83, 0x72, 0xff, 
0xaa, 0x78, 0x68, 0xff, 0xa7, 0x73, 0x63, 0xff, 0xa7, 0x73, 0x65, 0xff, 0xa3, 0x72, 0x63, 0xff, 
0xa6, 0x77, 0x69, 0xff, 0x98, 0x68, 0x5e, 0xff, 0x8c, 0x5c, 0x52, 0xff, 0x90, 0x5f, 0x54, 0xff, 
0x95, 0x64, 0x59, 0xff, 0xa0, 0x70, 0x64, 0xff, 0x9d, 0x6c, 0x61, 0xff, 0xa0, 0x6f, 0x63, 0xff, 
0xaa, 0x78, 0x6b, 0xff, 0xaa, 0x78, 0x6a, 0xff, 0xae, 0x7e, 0x70, 0xff, 0xaf, 0x7e, 0x71, 0xff, 
0xa4, 0x71, 0x66, 0xff, 0x9f, 0x6d, 0x62, 0xff, 0x9d, 0x6b, 0x60, 0xff, 0x9c, 0x6a, 0x60, 0xff, 
0x9b, 0x69, 0x5f, 0xff, 0x99, 0x66, 0x5e, 0xff, 0x98, 0x66, 0x5e, 0xff, 0x98, 0x66, 0x5d, 0xff, 
0xa5, 0x75, 0x69, 0xff, 0xb2, 0x86, 0x78, 0xff, 0xb8, 0x8f, 0x81, 0xff, 0xbc, 0x90, 0x84, 0xff, 
0xba, 0x88, 0x7e, 0xff, 0xab, 0x7b, 0x72, 0xff, 0xa0, 0x71, 0x67, 0xff, 0x9e, 0x6d, 0x64, 0xff, 
0x9a, 0x6a, 0x61, 0xff, 0x9e, 0x6f, 0x64, 0xff, 0xab, 0x7b, 0x6c, 0xff, 0xa6, 0x77, 0x69, 0xff, 
0xa3, 0x73, 0x67, 0xff, 0xb4, 0x82, 0x74, 0xff, 0xcd, 0x98, 0x8c, 0xff, 0xd9, 0xa9, 0x9b, 0xff, 
0xe5, 0xbc, 0xab, 0xff, 0xe5, 0xba, 0xa9, 0xff, 0xd6, 0x9e, 0x91, 0xff, 0xd4, 0x96, 0x8a, 0xff, 
0xdc, 0xa0, 0x95, 0xff, 0xd9, 0x9b, 0x8f, 0xff, 0xd5, 0x98, 0x8a, 0xff, 0xd8, 0xa3, 0x94, 0xff, 
0xd5, 0xab, 0x9b, 0xff, 0xd1, 0xa1, 0x91, 0xff, 0xc8, 0x8f, 0x82, 0xff, 0xca, 0x91, 0x85, 0xff, 
0xb4, 0x7a, 0x6e, 0xff, 0xb1, 0x7a, 0x6c, 0xff, 0xb8, 0x80, 0x72, 0xff, 0xaf, 0x75, 0x67, 0xff, 
0xc0, 0x83, 0x74, 0xff, 0xca, 0x89, 0x7c, 0xff, 0xc7, 0x8b, 0x7d, 0xff, 0xc5, 0x8b, 0x7d, 0xff, 
0xd9, 0x99, 0x8a, 0xff, 0xc0, 0x7f, 0x73, 0xff, 0x9f, 0x65, 0x5b, 0xff, 0x9a, 0x66, 0x59, 0xff, 
0x8b, 0x5a, 0x50, 0xff, 0x8f, 0x5d, 0x55, 0xff, 0x8d, 0x5a, 0x54, 0xff, 0x89, 0x59, 0x50, 0xff, 
0x8b, 0x59, 0x50, 0xff, 0xa1, 0x68, 0x5e, 0xff, 0xbd, 0x81, 0x75, 0xff, 0xc2, 0x86, 0x79, 0xff, 
0xab, 0x71, 0x65, 0xff, 0x99, 0x61, 0x57, 0xff, 0x94, 0x61, 0x58, 0xff, 0x91, 0x5e, 0x54, 0xff, 
0x88, 0x57, 0x4f, 0xff, 0x8e, 0x5d, 0x54, 0xff, 0xa1, 0x68, 0x5f, 0xff, 0xa8, 0x6c, 0x61, 0xff, 
0xbf, 0x82, 0x71, 0xff, 0xdd, 0xa5, 0x90, 0xff, 0xe3, 0xad, 0x9b, 0xff, 0xdf, 0xa7, 0x94, 0xff, 
0xdb, 0xa2, 0x8f, 0xff, 0xde, 0xab, 0x9a, 0xff, 0xd8, 0xaf, 0x9d, 0xff, 0xde, 0xc2, 0xad, 0xff, 
0xda, 0xbc, 0xa7, 0xff, 0xce, 0x97, 0x85, 0xff, 0xc3, 0x7f, 0x70, 0xff, 0xbd, 0x84, 0x72, 0xff, 
0xcc, 0x9f, 0x8d, 0xff, 0xd5, 0xa9, 0x9a, 0xff, 0xd5, 0xa8, 0x95, 0xff, 0xda, 0x9d, 0x8c, 0xff, 
0xd5, 0x97, 0x84, 0xff, 0xdb, 0xab, 0x9c, 0xff, 0xda, 0xa3, 0x91, 0xff, 0xd3, 0x97, 0x86, 0xff, 
0xcd, 0x8e, 0x7c, 0xff, 0xbf, 0x79, 0x6d, 0xff, 0xbd, 0x76, 0x6a, 0xff, 0xc5, 0x84, 0x75, 0xff, 
0xc3, 0x87, 0x7a, 0xff, 0xba, 0x7b, 0x70, 0xff, 0xbe, 0x89, 0x7b, 0xff, 0xce, 0x9f, 0x90, 0xff, 
0xd3, 0xa2, 0x93, 0xff, 0xd2, 0x9d, 0x8d, 0xff, 0xd7, 0x9f, 0x8f, 0xff, 0xdf, 0xb0, 0x9c, 0xff, 
0xd9, 0xa6, 0x92, 0xff, 0xd0, 0x96, 0x83, 0xff, 0xd1, 0x98, 0x86, 0xff, 0xd3, 0x99, 0x8a, 0xff, 
0xe1, 0xab, 0x99, 0xff, 0xe3, 0xac, 0x9a, 0xff, 0xdc, 0xa5, 0x95, 0xff, 0xd6, 0xa0, 0x92, 0xff, 
0xd3, 0x96, 0x8a, 0xff, 0xc3, 0x83, 0x76, 0xff, 0xc5, 0x83, 0x76, 0xff, 0xd5, 0x93, 0x85, 0xff, 
0xce, 0x8d, 0x80, 0xff, 0xc0, 0x7e, 0x72, 0xff, 0xbe, 0x7c, 0x6f, 0xff, 0xc0, 0x80, 0x74, 0xff, 
0xbd, 0x7f, 0x73, 0xff, 0xb0, 0x75, 0x6a, 0xff, 0xb0, 0x74, 0x69, 0xff, 0xb1, 0x75, 0x6a, 0xff, 
0xb3, 0x75, 0x6a, 0xff, 0xbb, 0x7e, 0x71, 0xff, 0xbc, 0x81, 0x75, 0xff, 0xb6, 0x7d, 0x71, 0xff, 
0xb3, 0x78, 0x6b, 0xff, 0xb3, 0x76, 0x6a, 0xff, 0xb5, 0x7a, 0x6e, 0xff, 0xb4, 0x78, 0x6b, 0xff, 
0xc0, 0x85, 0x75, 0xff, 0xcf, 0x96, 0x87, 0xff, 0xc7, 0x8c, 0x7f, 0xff, 0xcd, 0x92, 0x84, 0xff, 
0xca, 0x8e, 0x80, 0xff, 0xc3, 0x83, 0x76, 0xff, 0xb4, 0x71, 0x66, 0xff, 0xb5, 0x73, 0x65, 0xff, 
0xc5, 0x83, 0x76, 0xff, 0xc4, 0x81, 0x74, 0xff, 0xbe, 0x7c, 0x70, 0xff, 0xbf, 0x80, 0x74, 0xff, 
0xc1, 0x84, 0x78, 0xff, 0xc3, 0x86, 0x78, 0xff, 0xc8, 0x8a, 0x77, 0xff, 0xcb, 0x8e, 0x7a, 0xff, 
0xcd, 0x90, 0x82, 0xff, 0xcd, 0x8e, 0x80, 0xff, 0xc7, 0x86, 0x78, 0xff, 0xcc, 0x8a, 0x7d, 0xff, 
0xce, 0x8c, 0x80, 0xff, 0xca, 0x87, 0x7b, 0xff, 0xc1, 0x7f, 0x71, 0xff, 0xc1, 0x83, 0x70, 0xff, 
0xc3, 0x88, 0x75, 0xff, 0xb8, 0x7d, 0x6b, 0xff, 0xb7, 0x7a, 0x6a, 0xff, 0xc1, 0x83, 0x72, 0xff, 
0xc0, 0x81, 0x71, 0xff, 0xc1, 0x7f, 0x71, 0xff, 0xc4, 0x85, 0x75, 0xff, 0xcd, 0x8e, 0x7d, 0xff, 
0xca, 0x8c, 0x7b, 0xff, 0xcc, 0x92, 0x7f, 0xff, 0xcd, 0x92, 0x7e, 0xff, 0xc3, 0x8c, 0x77, 0xff, 
0xbe, 0x85, 0x72, 0xff, 0xbc, 0x84, 0x6f, 0xff, 0xc2, 0x90, 0x7b, 0xff, 0xce, 0x9e, 0x8c, 0xff, 
0xcf, 0xa1, 0x91, 0xff, 0xbe, 0x88, 0x77, 0xff, 0xad, 0x70, 0x5d, 0xff, 0xa8, 0x69, 0x56, 0xff, 
0xb1, 0x6c, 0x5c, 0xff, 0xb3, 0x71, 0x5f, 0xff, 0xac, 0x72, 0x62, 0xff, 0xaa, 0x73, 0x65, 0xff, 
0xa5, 0x6d, 0x60, 0xff, 0xb2, 0x7d, 0x6f, 0xff, 0xc5, 0x93, 0x84, 0xff, 0xc7, 0x97, 0x84, 0xff, 
0xcc, 0x9a, 0x86, 0xff, 0xcb, 0x97, 0x82, 0xff, 0xbc, 0x81, 0x6f, 0xff, 0xb6, 0x76, 0x68, 0xff, 
0xb9, 0x7d, 0x70, 0xff, 0xac, 0x75, 0x65, 0xff, 0xab, 0x76, 0x64, 0xff, 0xb5, 0x82, 0x6e, 0xff, 
0xba, 0x88, 0x75, 0xff, 0xc2, 0x93, 0x82, 0xff, 0xc3, 0x91, 0x82, 0xff, 0xb6, 0x85, 0x75, 0xff, 
0xc1, 0x93, 0x82, 0xff, 0xd6, 0xb3, 0xa4, 0xff, 0xc8, 0xa0, 0x90, 0xff, 0xb6, 0x85, 0x74, 0xff, 
0xb4, 0x82, 0x74, 0xff, 0xb6, 0x86, 0x77, 0xff, 0xba, 0x8a, 0x7d, 0xff, 0xc3, 0x94, 0x86, 0xff, 
0xb5, 0x83, 0x75, 0xff, 0xbb, 0x8a, 0x7a, 0xff, 0xbe, 0x90, 0x82, 0xff, 0xb6, 0x86, 0x79, 0xff, 
0xbe, 0x8d, 0x7e, 0xff, 0xca, 0x9a, 0x8b, 0xff, 0xd4, 0xaa, 0x9c, 0xff, 0xc9, 0x9e, 0x91, 0xff, 
0xbc, 0x8f, 0x84, 0xff, 0xb0, 0x82, 0x75, 0xff, 0xaa, 0x7a, 0x6d, 0xff, 0xa8, 0x74, 0x68, 0xff, 
0xab, 0x77, 0x69, 0xff, 0xa4, 0x70, 0x65, 0xff, 0x9d, 0x6a, 0x5e, 0xff, 0xa1, 0x6c, 0x5e, 0xff, 
0xa6, 0x6f, 0x63, 0xff, 0xb1, 0x7e, 0x71, 0xff, 0xb4, 0x84, 0x75, 0xff, 0xbd, 0x92, 0x81, 0xff, 
0xab, 0x79, 0x6b, 0xff, 0x9f, 0x67, 0x5c, 0xff, 0xa1, 0x69, 0x5e, 0xff, 0x9f, 0x69, 0x5d, 0xff, 
0xa3, 0x6d, 0x61, 0xff, 0xa9, 0x74, 0x64, 0xff, 0xbf, 0x8e, 0x7c, 0xff, 0xd8, 0xaf, 0x99, 0xff, 
0xd0, 0xa4, 0x8e, 0xff, 0xbb, 0x89, 0x7a, 0xff, 0xae, 0x7b, 0x6e, 0xff, 0xa7, 0x76, 0x68, 0xff, 
0x9c, 0x6d, 0x61, 0xff, 0x97, 0x68, 0x5c, 0xff, 0x9a, 0x6a, 0x60, 0xff, 0x9b, 0x6a, 0x5f, 0xff, 
0x96, 0x64, 0x57, 0xff, 0x96, 0x64, 0x5b, 0xff, 0x93, 0x61, 0x59, 0xff, 0x8d, 0x5f, 0x54, 0xff, 
0x88, 0x58, 0x50, 0xff, 0x8b, 0x5a, 0x53, 0xff, 0x92, 0x62, 0x58, 0xff, 0x93, 0x63, 0x5a, 0xff, 
0x8f, 0x5f, 0x55, 0xff, 0x92, 0x62, 0x57, 0xff, 0x97, 0x68, 0x5d, 0xff, 0x9f, 0x6f, 0x64, 0xff, 
0xa5, 0x76, 0x69, 0xff, 0xbb, 0x8c, 0x79, 0xff, 0xc6, 0x98, 0x83, 0xff, 0xbb, 0x8c, 0x7b, 0xff, 
0xb3, 0x84, 0x73, 0xff, 0xba, 0x8b, 0x7a, 0xff, 0xad, 0x7f, 0x6e, 0xff, 0xa2, 0x72, 0x63, 0xff, 
0xaa, 0x7b, 0x6c, 0xff, 0xbd, 0x91, 0x81, 0xff, 0xae, 0x7f, 0x70, 0xff, 0xab, 0x7c, 0x6d, 0xff, 
0xad, 0x7c, 0x6f, 0xff, 0xae, 0x80, 0x73, 0xff, 0xad, 0x7f, 0x73, 0xff, 0xa6, 0x76, 0x6a, 0xff, 
0xa8, 0x79, 0x6b, 0xff, 0xa6, 0x76, 0x68, 0xff, 0xa4, 0x75, 0x67, 0xff, 0xa6, 0x78, 0x6b, 0xff, 
0xa7, 0x79, 0x6e, 0xff, 0xb3, 0x85, 0x79, 0xff, 0xb6, 0x89, 0x7c, 0xff, 0xad, 0x7f, 0x73, 0xff, 
0xaf, 0x7f, 0x75, 0xff, 0xb1, 0x83, 0x7a, 0xff, 0xaa, 0x7b, 0x72, 0xff, 0xaa, 0x7d, 0x75, 0xff, 
0xa3, 0x78, 0x6f, 0xff, 0x94, 0x66, 0x5e, 0xff, 0x9c, 0x6d, 0x65, 0xff, 0xa0, 0x6e, 0x66, 0xff, 
0x9c, 0x6c, 0x63, 0xff, 0xa5, 0x76, 0x6d, 0xff, 0xa7, 0x75, 0x6d, 0xff, 0xa7, 0x75, 0x6b, 0xff, 
0xc9, 0x98, 0x8a, 0xff, 0xed, 0xc1, 0xb0, 0xff, 0xe0, 0xb2, 0xa3, 0xff, 0xcd, 0x94, 0x88, 0xff, 
0xd7, 0x9b, 0x8f, 0xff, 0xc9, 0x8e, 0x82, 0xff, 0xb8, 0x7d, 0x74, 0xff, 0xd2, 0x9d, 0x8f, 0xff, 
0xe2, 0xb6, 0xa7, 0xff, 0xe2, 0xb7, 0xa6, 0xff, 0xe0, 0xae, 0x9f, 0xff, 0xd1, 0x98, 0x8c, 0xff, 
0xbe, 0x85, 0x79, 0xff, 0xac, 0x76, 0x6a, 0xff, 0xac, 0x76, 0x6b, 0xff, 0xcc, 0x92, 0x84, 0xff, 
0xd9, 0x9e, 0x8e, 0xff, 0xc3, 0x88, 0x7a, 0xff, 0xca, 0x91, 0x81, 0xff, 0xc8, 0x88, 0x7a, 0xff, 
0xc7, 0x85, 0x77, 0xff, 0xcc, 0x8d, 0x7d, 0xff, 0xd1, 0x8d, 0x7f, 0xff, 0xc5, 0x80, 0x74, 0xff, 
0xa8, 0x6d, 0x61, 0xff, 0x8e, 0x60, 0x53, 0xff, 0x93, 0x64, 0x57, 0xff, 0xa1, 0x6e, 0x62, 0xff, 
0xa9, 0x75, 0x66, 0xff, 0xb4, 0x7b, 0x6e, 0xff, 0xac, 0x76, 0x6c, 0xff, 0x9b, 0x67, 0x60, 0xff, 
0x95, 0x63, 0x58, 0xff, 0x9c, 0x6a, 0x5c, 0xff, 0xa1, 0x6b, 0x5d, 0xff, 0x9c, 0x67, 0x5b, 0xff, 
0x94, 0x62, 0x58, 0xff, 0x97, 0x63, 0x59, 0xff, 0x98, 0x65, 0x5a, 0xff, 0x9d, 0x67, 0x5c, 0xff, 
0xdb, 0xa9, 0x93, 0xff, 0xd8, 0x9f, 0x8c, 0xff, 0xd6, 0x95, 0x83, 0xff, 0xd6, 0x93, 0x82, 0xff, 
0xd0, 0x87, 0x79, 0xff, 0xca, 0x8e, 0x7b, 0xff, 0xd4, 0xa2, 0x8f, 0xff, 0xd2, 0xa0, 0x92, 0xff, 
0xbc, 0x7e, 0x6e, 0xff, 0xb8, 0x78, 0x65, 0xff, 0xd2, 0xb2, 0xa1, 0xff, 0xd9, 0xbd, 0xac, 0xff, 
0xd2, 0xa3, 0x8c, 0xff, 0xdd, 0xaf, 0x9c, 0xff, 0xd3, 0x91, 0x80, 0xff, 0xc8, 0x82, 0x70, 0xff, 
0xd1, 0x95, 0x82, 0xff, 0xd9, 0xa7, 0x95, 0xff, 0xda, 0xac, 0x9d, 0xff, 0xdd, 0xb0, 0x9f, 0xff, 
0xe0, 0xb1, 0xa0, 0xff, 0xd9, 0xa0, 0x90, 0xff, 0xcb, 0x8a, 0x7a, 0xff, 0xc2, 0x86, 0x77, 0xff, 
0xc2, 0x86, 0x76, 0xff, 0xd1, 0x9b, 0x8a, 0xff, 0xe1, 0xb5, 0xa5, 0xff, 0xde, 0xac, 0x9b, 0xff, 
0xda, 0xa9, 0x95, 0xff, 0xdb, 0xa6, 0x93, 0xff, 0xd7, 0x9d, 0x8a, 0xff, 0xd0, 0x95, 0x84, 0xff, 
0xd3, 0x9c, 0x8c, 0xff, 0xd4, 0xa1, 0x90, 0xff, 0xcd, 0x9d, 0x8c, 0xff, 0xca, 0x90, 0x84, 0xff, 
0xc7, 0x8a, 0x7d, 0xff, 0xc7, 0x94, 0x85, 0xff, 0xcf, 0x9d, 0x8d, 0xff, 0xd1, 0x9c, 0x8d, 0xff, 
0xca, 0x95, 0x87, 0xff, 0xcb, 0x96, 0x8a, 0xff, 0xd1, 0x9b, 0x8f, 0xff, 0xd1, 0x99, 0x8b, 0xff, 
0xcd, 0x93, 0x87, 0xff, 0xc5, 0x8c, 0x80, 0xff, 0xbf, 0x84, 0x79, 0xff, 0xc3, 0x88, 0x7d, 0xff, 
0xbd, 0x85, 0x79, 0xff, 0xbd, 0x82, 0x77, 0xff, 0xbb, 0x7f, 0x73, 0xff, 0xb9, 0x7e, 0x73, 0xff, 
0xb7, 0x7a, 0x6f, 0xff, 0xb6, 0x77, 0x6a, 0xff, 0xb1, 0x75, 0x68, 0xff, 0xb3, 0x78, 0x6b, 0xff, 
0xb3, 0x76, 0x68, 0xff, 0xb1, 0x71, 0x63, 0xff, 0xa7, 0x69, 0x5f, 0xff, 0xa0, 0x63, 0x59, 0xff, 
0xa5, 0x66, 0x5c, 0xff, 0xa8, 0x67, 0x5c, 0xff, 0xae, 0x6c, 0x5f, 0xff, 0xbb, 0x78, 0x6b, 0xff, 
0xc8, 0x86, 0x79, 0xff, 0xd3, 0x92, 0x86, 0xff, 0xcd, 0x8d, 0x81, 0xff, 0xba, 0x7a, 0x6d, 0xff, 
0xbf, 0x80, 0x73, 0xff, 0xce, 0x8f, 0x83, 0xff, 0xd2, 0x8f, 0x82, 0xff, 0xd4, 0x91, 0x82, 0xff, 
0xda, 0x98, 0x88, 0xff, 0xd7, 0x94, 0x84, 0xff, 0xd0, 0x8e, 0x7c, 0xff, 0xdb, 0x9e, 0x88, 0xff, 
0xd8, 0x9c, 0x87, 0xff, 0xcc, 0x8e, 0x7e, 0xff, 0xc8, 0x88, 0x7c, 0xff, 0xc5, 0x88, 0x79, 0xff, 
0xc5, 0x87, 0x76, 0xff, 0xc2, 0x80, 0x73, 0xff, 0xc3, 0x81, 0x74, 0xff, 0xbf, 0x7c, 0x70, 0xff, 
0xc4, 0x7e, 0x76, 0xff, 0xc2, 0x7f, 0x74, 0xff, 0xbb, 0x7a, 0x6f, 0xff, 0xbc, 0x7b, 0x6e, 0xff, 
0xbb, 0x79, 0x69, 0xff, 0xc3, 0x7d, 0x6d, 0xff, 0xcd, 0x89, 0x77, 0xff, 0xc5, 0x83, 0x71, 0xff, 
0xc9, 0x88, 0x78, 0xff, 0xcd, 0x96, 0x84, 0xff, 0xc8, 0x97, 0x86, 0xff, 0xcc, 0x9a, 0x87, 0xff, 
0xcd, 0x9b, 0x87, 0xff, 0xbf, 0x8c, 0x78, 0xff, 0xc1, 0x8b, 0x76, 0xff, 0xbc, 0x83, 0x6d, 0xff, 
0xbe, 0x83, 0x71, 0xff, 0xcb, 0x9d, 0x8d, 0xff, 0xd3, 0xab, 0x9a, 0xff, 0xb9, 0x83, 0x70, 0xff, 
0xa9, 0x6d, 0x5b, 0xff, 0xad, 0x6f, 0x5f, 0xff, 0xbb, 0x7c, 0x6b, 0xff, 0xc5, 0x88, 0x76, 0xff, 
0xba, 0x80, 0x71, 0xff, 0xb9, 0x7c, 0x6f, 0xff, 0xb9, 0x7a, 0x6c, 0xff, 0xbb, 0x86, 0x75, 0xff, 
0xb0, 0x7c, 0x6b, 0xff, 0xbc, 0x85, 0x73, 0xff, 0xbf, 0x8c, 0x7b, 0xff, 0xbb, 0x82, 0x74, 0xff, 
0xb5, 0x81, 0x71, 0xff, 0xb1, 0x7b, 0x69, 0xff, 0xba, 0x81, 0x6d, 0xff, 0xba, 0x86, 0x73, 0xff, 
0xc2, 0x93, 0x80, 0xff, 0xcf, 0xa5, 0x91, 0xff, 0xca, 0x9d, 0x8b, 0xff, 0xc9, 0x9b, 0x8a, 0xff, 
0xd1, 0xa5, 0x95, 0xff, 0xdd, 0xb8, 0xa9, 0xff, 0xd5, 0xaf, 0xa0, 0xff, 0xc7, 0x9c, 0x88, 0xff, 
0xc7, 0x97, 0x84, 0xff, 0xca, 0x9d, 0x8c, 0xff, 0xc9, 0x9c, 0x8b, 0xff, 0xcd, 0xa1, 0x90, 0xff, 
0xcb, 0x9e, 0x8f, 0xff, 0xb8, 0x8a, 0x7c, 0xff, 0xaa, 0x79, 0x6a, 0xff, 0xb1, 0x7c, 0x6e, 0xff, 
0xae, 0x7a, 0x70, 0xff, 0xab, 0x7b, 0x6e, 0xff, 0xb9, 0x8a, 0x7b, 0xff, 0xac, 0x7b, 0x6d, 0xff, 
0xaa, 0x79, 0x6b, 0xff, 0xa0, 0x71, 0x66, 0xff, 0xa7, 0x75, 0x6a, 0xff, 0xbc, 0x91, 0x7d, 0xff, 
0xbb, 0x8b, 0x7b, 0xff, 0xb8, 0x82, 0x74, 0xff, 0xae, 0x7a, 0x6b, 0xff, 0xb3, 0x82, 0x71, 0xff, 
0xbc, 0x8e, 0x7d, 0xff, 0xbf, 0x92, 0x7f, 0xff, 0xb1, 0x81, 0x70, 0xff, 0xaf, 0x7a, 0x6c, 0xff, 
0xb7, 0x81, 0x74, 0xff, 0xb5, 0x83, 0x74, 0xff, 0xad, 0x75, 0x66, 0xff, 0xb0, 0x76, 0x69, 0xff, 
0xaf, 0x77, 0x6a, 0xff, 0xb6, 0x85, 0x72, 0xff, 0xc7, 0x9a, 0x84, 0xff, 0xba, 0x88, 0x76, 0xff, 
0xa0, 0x6c, 0x5f, 0xff, 0x96, 0x64, 0x59, 0xff, 0x92, 0x5f, 0x57, 0xff, 0x9b, 0x6a, 0x5e, 0xff, 
0x9b, 0x69, 0x5b, 0xff, 0x94, 0x62, 0x55, 0xff, 0x95, 0x64, 0x58, 0xff, 0xa5, 0x74, 0x66, 0xff, 
0xa5, 0x71, 0x63, 0xff, 0x97, 0x64, 0x5a, 0xff, 0x8d, 0x5c, 0x55, 0xff, 0x8c, 0x5c, 0x53, 0xff, 
0x8a, 0x5a, 0x52, 0xff, 0x85, 0x55, 0x4f, 0xff, 0x82, 0x54, 0x4f, 0xff, 0x83, 0x55, 0x4e, 0xff, 
0x8a, 0x5a, 0x52, 0xff, 0x91, 0x61, 0x59, 0xff, 0x95, 0x64, 0x5a, 0xff, 0x94, 0x62, 0x59, 0xff, 
0x92, 0x5f, 0x56, 0xff, 0xb4, 0x84, 0x72, 0xff, 0xd2, 0xa4, 0x91, 0xff, 0xcd, 0xa3, 0x8e, 0xff, 
0xc3, 0x98, 0x83, 0xff, 0xc7, 0x9b, 0x87, 0xff, 0xca, 0xa0, 0x8c, 0xff, 0xbd, 0x90, 0x7f, 0xff, 
0xb6, 0x88, 0x78, 0xff, 0xbe, 0x93, 0x84, 0xff, 0xaa, 0x7b, 0x6d, 0xff, 0xa2, 0x70, 0x62, 0xff, 
0xa9, 0x76, 0x69, 0xff, 0xb0, 0x7f, 0x71, 0xff, 0xb6, 0x89, 0x79, 0xff, 0xbc, 0x90, 0x82, 0xff, 
0xc6, 0x9b, 0x8b, 0xff, 0xbd, 0x92, 0x81, 0xff, 0xbc, 0x91, 0x82, 0xff, 0xb4, 0x89, 0x7a, 0xff, 
0xaf, 0x83, 0x75, 0xff, 0xae, 0x81, 0x74, 0xff, 0xab, 0x7d, 0x72, 0xff, 0xa7, 0x7a, 0x6e, 0xff, 
0xa7, 0x79, 0x6d, 0xff, 0xaf, 0x7e, 0x73, 0xff, 0xaf, 0x7d, 0x72, 0xff, 0xa9, 0x7a, 0x71, 0xff, 
0xa7, 0x7a, 0x71, 0xff, 0x9b, 0x6b, 0x60, 0xff, 0x94, 0x65, 0x5c, 0xff, 0x91, 0x61, 0x5b, 0xff, 
0x9c, 0x6d, 0x66, 0xff, 0xa4, 0x73, 0x6d, 0xff, 0xa0, 0x71, 0x69, 0xff, 0xa3, 0x74, 0x6c, 0xff, 
0xa0, 0x6d, 0x65, 0xff, 0xc5, 0x93, 0x86, 0xff, 0xea, 0xbd, 0xad, 0xff, 0xda, 0xa3, 0x96, 0xff, 
0xc8, 0x8e, 0x82, 0xff, 0xb9, 0x80, 0x75, 0xff, 0xb2, 0x7a, 0x70, 0xff, 0xc5, 0x8c, 0x81, 0xff, 
0xb9, 0x7f, 0x74, 0xff, 0xae, 0x7a, 0x6e, 0xff, 0xb7, 0x82, 0x74, 0xff, 0xbe, 0x80, 0x75, 0xff, 
0xb2, 0x78, 0x6d, 0xff, 0xa5, 0x6e, 0x64, 0xff, 0xaa, 0x74, 0x6a, 0xff, 0xc4, 0x8d, 0x7f, 0xff, 
0xdc, 0xa8, 0x95, 0xff, 0xd1, 0x9c, 0x8b, 0xff, 0xc8, 0x89, 0x7b, 0xff, 0xc3, 0x80, 0x75, 0xff, 
0xae, 0x75, 0x67, 0xff, 0xb6, 0x7e, 0x6e, 0xff, 0xc6, 0x88, 0x78, 0xff, 0xcb, 0x89, 0x78, 0xff, 
0xbb, 0x7d, 0x6e, 0xff, 0xa2, 0x71, 0x62, 0xff, 0xae, 0x7b, 0x6c, 0xff, 0xb9, 0x7d, 0x70, 0xff, 
0xb8, 0x7d, 0x6e, 0xff, 0xac, 0x79, 0x6a, 0xff, 0xb1, 0x7f, 0x74, 0xff, 0xa9, 0x79, 0x6f, 0xff, 
0x9b, 0x6a, 0x5f, 0xff, 0x9d, 0x6d, 0x60, 0xff, 0x9b, 0x6f, 0x63, 0xff, 0x99, 0x6b, 0x5f, 0xff, 
0xae, 0x7d, 0x6f, 0xff, 0xbd, 0x85, 0x76, 0xff, 0xbd, 0x86, 0x77, 0xff, 0xd1, 0x99, 0x87, 0xff, 
0xd7, 0x97, 0x86, 0xff, 0xd1, 0x8e, 0x7e, 0xff, 0xc0, 0x7e, 0x6e, 0xff, 0xc6, 0x80, 0x71, 0xff, 
0xbe, 0x79, 0x6c, 0xff, 0xbf, 0x80, 0x70, 0xff, 0xd1, 0x9f, 0x8f, 0xff, 0xc9, 0x90, 0x81, 0xff, 
0xc7, 0x91, 0x7b, 0xff, 0xc8, 0x93, 0x7e, 0xff, 0xd8, 0xa3, 0x92, 0xff, 0xd3, 0x98, 0x88, 0xff, 
0xcc, 0x95, 0x7f, 0xff, 0xd2, 0x9e, 0x89, 0xff, 0xd0, 0x9f, 0x8d, 0xff, 0xd1, 0xab, 0x99, 0xff, 
0xdd, 0xaf, 0x9d, 0xff, 0xdc, 0xac, 0x9b, 0xff, 0xd7, 0xa5, 0x93, 0xff, 0xd1, 0x9e, 0x8a, 0xff, 
0xd0, 0x99, 0x8a, 0xff, 0xd2, 0x99, 0x8a, 0xff, 0xd1, 0x93, 0x81, 0xff, 0xcf, 0x92, 0x7f, 0xff, 
0xcf, 0x95, 0x82, 0xff, 0xd1, 0x98, 0x87, 0xff, 0xd1, 0x93, 0x84, 0xff, 0xd5, 0x9a, 0x87, 0xff, 
0xd2, 0x95, 0x83, 0xff, 0xd4, 0x93, 0x83, 0xff, 0xd9, 0xa0, 0x8e, 0xff, 0xd4, 0x9e, 0x8e, 0xff, 
0xd6, 0xa4, 0x97, 0xff, 0xdd, 0xb0, 0xa1, 0xff, 0xda, 0xa8, 0x99, 0xff, 0xc9, 0x94, 0x87, 0xff, 
0xc2, 0x8b, 0x80, 0xff, 0xc1, 0x8b, 0x80, 0xff, 0xc9, 0x96, 0x88, 0xff, 0xcd, 0x9f, 0x91, 0xff, 
0xce, 0x9d, 0x8f, 0xff, 0xd1, 0x9f, 0x90, 0xff, 0xd2, 0xa4, 0x94, 0xff, 0xd0, 0xa3, 0x95, 0xff, 
0xd1, 0x9c, 0x8f, 0xff, 0xc8, 0x8d, 0x80, 0xff, 0xba, 0x81, 0x75, 0xff, 0xbd, 0x85, 0x78, 0xff, 
0xbb, 0x81, 0x74, 0xff, 0xbe, 0x82, 0x74, 0xff, 0xc4, 0x8b, 0x7b, 0xff, 0xc3, 0x85, 0x77, 0xff, 
0xc4, 0x83, 0x76, 0xff, 0xbc, 0x7d, 0x70, 0xff, 0xb7, 0x79, 0x6d, 0xff, 0xb7, 0x77, 0x6c, 0xff, 
0xb1, 0x6e, 0x63, 0xff, 0xa9, 0x68, 0x5b, 0xff, 0xa4, 0x65, 0x59, 0xff, 0xa4, 0x64, 0x59, 0xff, 
0xa8, 0x68, 0x5d, 0xff, 0xaa, 0x6a, 0x60, 0xff, 0xa6, 0x68, 0x5d, 0xff, 0xac, 0x6c, 0x61, 0xff, 
0xb2, 0x70, 0x63, 0xff, 0xb8, 0x73, 0x66, 0xff, 0xc2, 0x80, 0x72, 0xff, 0xb2, 0x73, 0x6a, 0xff, 
0xaf, 0x71, 0x68, 0xff, 0xbd, 0x80, 0x74, 0xff, 0xcc, 0x8c, 0x82, 0xff, 0xca, 0x8a, 0x7e, 0xff, 
0xc4, 0x84, 0x76, 0xff, 0xc7, 0x85, 0x78, 0xff, 0xce, 0x8c, 0x80, 0xff, 0xd0, 0x8e, 0x82, 0xff, 
0xc5, 0x84, 0x76, 0xff, 0xcd, 0x8c, 0x7c, 0xff, 0xdb, 0x9a, 0x8a, 0xff, 0xd0, 0x90, 0x7e, 0xff, 
0xd3, 0x94, 0x82, 0xff, 0xd0, 0x90, 0x7e, 0xff, 0xc9, 0x8a, 0x79, 0xff, 0xc5, 0x85, 0x75, 0xff, 
0xc3, 0x7e, 0x71, 0xff, 0xcc, 0x83, 0x79, 0xff, 0xc8, 0x80, 0x74, 0xff, 0xc4, 0x7d, 0x70, 0xff, 
0xc8, 0x83, 0x76, 0xff, 0xb8, 0x78, 0x67, 0xff, 0xba, 0x77, 0x66, 0xff, 0xca, 0x89, 0x77, 0xff, 
0xc6, 0x8d, 0x7a, 0xff, 0xc5, 0x8c, 0x7b, 0xff, 0xc6, 0x8f, 0x7c, 0xff, 0xc5, 0x88, 0x75, 0xff, 
0xbc, 0x7d, 0x6f, 0xff, 0xb2, 0x7b, 0x6e, 0xff, 0xbc, 0x80, 0x70, 0xff, 0xba, 0x7d, 0x6c, 0xff, 
0xba, 0x7e, 0x6d, 0xff, 0xbd, 0x85, 0x74, 0xff, 0xca, 0xa1, 0x94, 0xff, 0xd3, 0xae, 0xa0, 0xff, 
0xc3, 0x92, 0x80, 0xff, 0xb6, 0x80, 0x6e, 0xff, 0xb2, 0x74, 0x62, 0xff, 0xba, 0x78, 0x65, 0xff, 
0xb7, 0x7a, 0x68, 0xff, 0xb7, 0x7e, 0x6d, 0xff, 0xb6, 0x7c, 0x6e, 0xff, 0xb5, 0x7f, 0x71, 0xff, 
0xac, 0x7d, 0x6d, 0xff, 0xb7, 0x82, 0x72, 0xff, 0xb9, 0x80, 0x70, 0xff, 0xb9, 0x81, 0x72, 0xff, 
0xad, 0x7c, 0x6b, 0xff, 0xb7, 0x84, 0x72, 0xff, 0xba, 0x86, 0x73, 0xff, 0xbd, 0x8d, 0x7b, 0xff, 
0xbb, 0x89, 0x79, 0xff, 0xc3, 0x93, 0x81, 0xff, 0xcd, 0xa1, 0x8f, 0xff, 0xd1, 0xa8, 0x96, 0xff, 
0xd0, 0xa6, 0x96, 0xff, 0xcd, 0x9c, 0x8a, 0xff, 0xc8, 0x98, 0x86, 0xff, 0xcc, 0xa2, 0x92, 0xff, 
0xcd, 0xa2, 0x92, 0xff, 0xc3, 0x95, 0x85, 0xff, 0xb9, 0x88, 0x79, 0xff, 0xc1, 0x91, 0x83, 0xff, 
0xc3, 0x95, 0x86, 0xff, 0xb9, 0x8e, 0x7e, 0xff, 0xc0, 0x92, 0x82, 0xff, 0xbc, 0x8a, 0x7b, 0xff, 
0xad, 0x7b, 0x71, 0xff, 0xac, 0x7b, 0x71, 0xff, 0xa3, 0x71, 0x63, 0xff, 0xa0, 0x6e, 0x62, 0xff, 
0x9c, 0x69, 0x5e, 0xff, 0x96, 0x63, 0x58, 0xff, 0xa5, 0x70, 0x61, 0xff, 0xa9, 0x74, 0x66, 0xff, 
0xb1, 0x7d, 0x6e, 0xff, 0xc7, 0x9c, 0x8c, 0xff, 0xcb, 0xa6, 0x93, 0xff, 0xbc, 0x91, 0x7f, 0xff, 
0xbc, 0x8f, 0x7f, 0xff, 0xbf, 0x93, 0x7f, 0xff, 0xbe, 0x92, 0x7f, 0xff, 0xc2, 0x95, 0x82, 0xff, 
0xcc, 0xa4, 0x8f, 0xff, 0xb6, 0x87, 0x77, 0xff, 0xa3, 0x6b, 0x60, 0xff, 0x9c, 0x66, 0x5d, 0xff, 
0x90, 0x5d, 0x54, 0xff, 0x8c, 0x59, 0x50, 0xff, 0x82, 0x52, 0x49, 0xff, 0x87, 0x55, 0x4c, 0xff, 
0x8d, 0x5a, 0x4e, 0xff, 0x87, 0x55, 0x4b, 0xff, 0x86, 0x55, 0x4e, 0xff, 0x90, 0x62, 0x5a, 0xff, 
0x97, 0x67, 0x5b, 0xff, 0x9e, 0x6c, 0x5e, 0xff, 0xab, 0x76, 0x66, 0xff, 0xba, 0x86, 0x74, 0xff, 
0xba, 0x87, 0x76, 0xff, 0xae, 0x79, 0x68, 0xff, 0xae, 0x7b, 0x69, 0xff, 0xa9, 0x76, 0x66, 0xff, 
0xa9, 0x77, 0x66, 0xff, 0xa5, 0x73, 0x63, 0xff, 0x9a, 0x67, 0x5c, 0xff, 0x9b, 0x69, 0x60, 0xff, 
0xa7, 0x74, 0x67, 0xff, 0xac, 0x78, 0x6a, 0xff, 0xa8, 0x73, 0x67, 0xff, 0xa3, 0x6e, 0x63, 0xff, 
0xa0, 0x6b, 0x60, 0xff, 0x9c, 0x67, 0x5d, 0xff, 0xab, 0x76, 0x6c, 0xff, 0xbe, 0x8d, 0x7e, 0xff, 
0xc2, 0x97, 0x84, 0xff, 0xc3, 0x99, 0x87, 0xff, 0xcc, 0xa6, 0x93, 0xff, 0xce, 0xa6, 0x94, 0xff, 
0xbf, 0x97, 0x85, 0xff, 0xb3, 0x8a, 0x77, 0xff, 0xb9, 0x91, 0x7f, 0xff, 0xb3, 0x87, 0x78, 0xff, 
0xad, 0x7f, 0x71, 0xff, 0xb9, 0x8b, 0x7b, 0xff, 0xbe, 0x90, 0x7f, 0xff, 0xbb, 0x8c, 0x7c, 0xff, 
0xb7, 0x87, 0x78, 0xff, 0xb2, 0x83, 0x74, 0xff, 0xb9, 0x8f, 0x81, 0xff, 0xb8, 0x8e, 0x81, 0xff, 
0xaf, 0x82, 0x77, 0xff, 0xad, 0x81, 0x75, 0xff, 0xab, 0x7e, 0x72, 0xff, 0xad, 0x7c, 0x72, 0xff, 
0xaf, 0x7f, 0x73, 0xff, 0xae, 0x7d, 0x70, 0xff, 0xaa, 0x79, 0x6e, 0xff, 0xa7, 0x75, 0x6a, 0xff, 
0xac, 0x78, 0x6f, 0xff, 0xb1, 0x80, 0x76, 0xff, 0xb2, 0x83, 0x77, 0xff, 0xae, 0x7d, 0x74, 0xff, 
0xad, 0x7d, 0x73, 0xff, 0xb8, 0x88, 0x7c, 0xff, 0xc5, 0x94, 0x87, 0xff, 0xc3, 0x90, 0x87, 0xff, 
0xb1, 0x82, 0x78, 0xff, 0xb2, 0x81, 0x76, 0xff, 0xda, 0xaa, 0x9a, 0xff, 0xe0, 0xac, 0x9d, 0xff, 
0xbf, 0x85, 0x7b, 0xff, 0xc3, 0x8b, 0x7f, 0xff, 0xd0, 0x98, 0x8a, 0xff, 0xc2, 0x89, 0x7d, 0xff, 
0xbc, 0x81, 0x76, 0xff, 0xac, 0x74, 0x6a, 0xff, 0x9d, 0x6d, 0x60, 0xff, 0xa6, 0x76, 0x65, 0xff, 
0xb4, 0x7e, 0x6e, 0xff, 0xaf, 0x79, 0x6d, 0xff, 0xa6, 0x75, 0x67, 0xff, 0x90, 0x5e, 0x52, 0xff, 
0xa7, 0x70, 0x65, 0xff, 0xdd, 0xa4, 0x93, 0xff, 0xcf, 0x8e, 0x80, 0xff, 0xa7, 0x6f, 0x63, 0xff, 
0x9a, 0x6a, 0x5d, 0xff, 0xab, 0x73, 0x64, 0xff, 0xb4, 0x78, 0x69, 0xff, 0xa9, 0x72, 0x66, 0xff, 
0xb9, 0x81, 0x70, 0xff, 0xc0, 0x88, 0x75, 0xff, 0xb2, 0x7f, 0x6f, 0xff, 0xb8, 0x7e, 0x6e, 0xff, 
0xb4, 0x7e, 0x71, 0xff, 0xab, 0x76, 0x6a, 0xff, 0xbc, 0x88, 0x7a, 0xff, 0xc0, 0x8f, 0x7d, 0xff, 
0xbf, 0x90, 0x7f, 0xff, 0xbc, 0x8c, 0x7f, 0xff, 0xb8, 0x8e, 0x83, 0xff, 0xa3, 0x7d, 0x72, 0xff, 
0xbb, 0x86, 0x75, 0xff, 0xe7, 0xad, 0x98, 0xff, 0xe7, 0xaf, 0x9b, 0xff, 0xe2, 0xab, 0x96, 0xff, 
0xcf, 0x8d, 0x79, 0xff, 0xcc, 0x8f, 0x7a, 0xff, 0xbc, 0x81, 0x6e, 0xff, 0xbe, 0x86, 0x74, 0xff, 
0xcb, 0x8d, 0x7c, 0xff, 0xcc, 0x7f, 0x71, 0xff, 0xcc, 0x97, 0x88, 0xff, 0xd8, 0xb4, 0x9e, 0xff, 
0xd8, 0x9f, 0x8a, 0xff, 0xd7, 0x96, 0x86, 0xff, 0xd2, 0x8d, 0x7d, 0xff, 0xd3, 0x98, 0x87, 0xff, 
0xd3, 0xa9, 0x97, 0xff, 0xd4, 0xb1, 0xa0, 0xff, 0xe1, 0xd4, 0xc2, 0xff, 0xe2, 0xce, 0xbe, 0xff, 
0xd6, 0x9e, 0x8e, 0xff, 0xcb, 0x8c, 0x7a, 0xff, 0xc3, 0x80, 0x6f, 0xff, 0xbd, 0x78, 0x69, 0xff, 
0xbc, 0x79, 0x6a, 0xff, 0xc5, 0x82, 0x73, 0xff, 0xcc, 0x8f, 0x7e, 0xff, 0xd3, 0x96, 0x86, 0xff, 
0xdd, 0xa5, 0x95, 0xff, 0xce, 0x9d, 0x8b, 0xff, 0xc8, 0x94, 0x80, 0xff, 0xd2, 0x99, 0x88, 0xff, 
0xd5, 0xa6, 0x95, 0xff, 0xe0, 0xbe, 0xac, 0xff, 0xdf, 0xc4, 0xb3, 0xff, 0xe4, 0xd4, 0xc1, 0xff, 
0xe3, 0xce, 0xbe, 0xff, 0xe3, 0xcc, 0xba, 0xff, 0xe2, 0xc7, 0xb5, 0xff, 0xdc, 0xb5, 0xa5, 0xff, 
0xe0, 0xb9, 0xaa, 0xff, 0xe2, 0xb7, 0xa8, 0xff, 0xe1, 0xae, 0x9f, 0xff, 0xe0, 0xad, 0x9e, 0xff, 
0xd7, 0x9d, 0x90, 0xff, 0xcc, 0x8d, 0x81, 0xff, 0xcd, 0x92, 0x86, 0xff, 0xcb, 0x95, 0x86, 0xff, 
0xcc, 0x8f, 0x81, 0xff, 0xcf, 0x8e, 0x80, 0xff, 0xc5, 0x8a, 0x7b, 0xff, 0xbf, 0x82, 0x74, 0xff, 
0xad, 0x6d, 0x61, 0xff, 0xae, 0x6d, 0x61, 0xff, 0xbe, 0x81, 0x71, 0xff, 0xbf, 0x80, 0x71, 0xff, 
0xc5, 0x86, 0x78, 0xff, 0xc3, 0x84, 0x76, 0xff, 0xbe, 0x7d, 0x6f, 0xff, 0xbf, 0x7a, 0x6d, 0xff, 
0xbe, 0x7a, 0x6c, 0xff, 0xb8, 0x76, 0x67, 0xff, 0xb7, 0x73, 0x66, 0xff, 0xb1, 0x6f, 0x64, 0xff, 
0xaf, 0x6d, 0x61, 0xff, 0xaf, 0x6d, 0x61, 0xff, 0xab, 0x6a, 0x5d, 0xff, 0xa9, 0x68, 0x5d, 0xff, 
0xa9, 0x68, 0x5c, 0xff, 0xab, 0x69, 0x5c, 0xff, 0xad, 0x69, 0x5e, 0xff, 0xb0, 0x6b, 0x60, 0xff, 
0xb7, 0x74, 0x68, 0xff, 0xbd, 0x7b, 0x6f, 0xff, 0xc3, 0x81, 0x73, 0xff, 0xc4, 0x85, 0x78, 0xff, 
0xc3, 0x84, 0x7a, 0xff, 0xba, 0x7c, 0x71, 0xff, 0xc3, 0x84, 0x78, 0xff, 0xc6, 0x81, 0x77, 0xff, 
0xb5, 0x72, 0x68, 0xff, 0xbc, 0x78, 0x6e, 0xff, 0xc6, 0x82, 0x77, 0xff, 0xc2, 0x7f, 0x73, 0xff, 
0xd0, 0x8b, 0x7d, 0xff, 0xe1, 0x9b, 0x8b, 0xff, 0xd6, 0x9b, 0x86, 0xff, 0xd6, 0x9c, 0x85, 0xff, 
0xcd, 0x8d, 0x78, 0xff, 0xc9, 0x82, 0x70, 0xff, 0xcf, 0x8a, 0x79, 0xff, 0xc1, 0x7b, 0x6a, 0xff, 
0xbf, 0x76, 0x67, 0xff, 0xc2, 0x80, 0x70, 0xff, 0xbe, 0x82, 0x6f, 0xff, 0xcc, 0x87, 0x75, 0xff, 
0xc4, 0x7f, 0x71, 0xff, 0xc1, 0x7a, 0x6e, 0xff, 0xc5, 0x80, 0x70, 0xff, 0xbb, 0x7a, 0x66, 0xff, 
0xba, 0x75, 0x63, 0xff, 0xbe, 0x7a, 0x6a, 0xff, 0xc1, 0x80, 0x71, 0xff, 0xb5, 0x73, 0x64, 0xff, 
0xb5, 0x75, 0x66, 0xff, 0xb7, 0x75, 0x65, 0xff, 0xb3, 0x75, 0x62, 0xff, 0xcd, 0xa2, 0x93, 0xff, 
0xc7, 0x9c, 0x90, 0xff, 0xb3, 0x78, 0x67, 0xff, 0xb4, 0x78, 0x64, 0xff, 0xae, 0x70, 0x5e, 0xff, 
0xb0, 0x6f, 0x5d, 0xff, 0xb3, 0x72, 0x61, 0xff, 0xb3, 0x75, 0x65, 0xff, 0xaf, 0x77, 0x68, 0xff, 
0xaf, 0x77, 0x69, 0xff, 0xb4, 0x7b, 0x6c, 0xff, 0xb7, 0x7c, 0x6e, 0xff, 0xb8, 0x7f, 0x6d, 0xff, 
0xc1, 0x85, 0x77, 0xff, 0xbe, 0x88, 0x79, 0xff, 0xbc, 0x8d, 0x7b, 0xff, 0xc2, 0x93, 0x81, 0xff, 
0xbf, 0x90, 0x7e, 0xff, 0xc1, 0x91, 0x7f, 0xff, 0xd1, 0xa4, 0x93, 0xff, 0xca, 0x9d, 0x8c, 0xff, 
0xc5, 0x98, 0x87, 0xff, 0xcf, 0xa4, 0x94, 0xff, 0xcc, 0xa1, 0x91, 0xff, 0xce, 0xa1, 0x91, 0xff, 
0xcc, 0xa2, 0x92, 0xff, 0xbd, 0x8d, 0x7f, 0xff, 0xba, 0x89, 0x7b, 0xff, 0xbe, 0x8f, 0x80, 0xff, 
0xb7, 0x89, 0x79, 0xff, 0xba, 0x8b, 0x7c, 0xff, 0xc1, 0x90, 0x81, 0xff, 0xb1, 0x86, 0x74, 0xff, 
0xbe, 0x96, 0x85, 0xff, 0xc2, 0x97, 0x87, 0xff, 0xa7, 0x77, 0x68, 0xff, 0x9c, 0x6c, 0x61, 0xff, 
0x99, 0x65, 0x5d, 0xff, 0xac, 0x75, 0x66, 0xff, 0xaf, 0x74, 0x65, 0xff, 0xa8, 0x6d, 0x63, 0xff, 
0xc8, 0x9d, 0x8b, 0xff, 0xc8, 0xa0, 0x89, 0xff, 0xc5, 0x97, 0x83, 0xff, 0xbe, 0x90, 0x7e, 0xff, 
0xbc, 0x90, 0x7d, 0xff, 0xb6, 0x89, 0x78, 0xff, 0xb9, 0x8c, 0x7a, 0xff, 0xbb, 0x8f, 0x7d, 0xff, 
0xa1, 0x70, 0x63, 0xff, 0x93, 0x5c, 0x53, 0xff, 0x97, 0x63, 0x59, 0xff, 0x92, 0x60, 0x56, 0xff, 
0x93, 0x5f, 0x55, 0xff, 0x96, 0x63, 0x59, 0xff, 0x8e, 0x5d, 0x55, 0xff, 0x8e, 0x5e, 0x57, 0xff, 
0x8e, 0x5e, 0x54, 0xff, 0x8c, 0x5b, 0x51, 0xff, 0x8f, 0x5e, 0x52, 0xff, 0x90, 0x60, 0x55, 0xff, 
0x8d, 0x5c, 0x55, 0xff, 0x92, 0x60, 0x57, 0xff, 0x94, 0x62, 0x58, 0xff, 0x93, 0x63, 0x59, 0xff, 
0x99, 0x68, 0x5d, 0xff, 0x9d, 0x6b, 0x60, 0xff, 0x99, 0x68, 0x5a, 0xff, 0xa3, 0x6f, 0x60, 0xff, 
0xad, 0x78, 0x68, 0xff, 0xa1, 0x71, 0x62, 0xff, 0xa0, 0x6f, 0x61, 0xff, 0xa2, 0x6d, 0x63, 0xff, 
0xa5, 0x71, 0x64, 0xff, 0xa9, 0x77, 0x6a, 0xff, 0xa4, 0x72, 0x67, 0xff, 0xa8, 0x75, 0x6b, 0xff, 
0xa8, 0x74, 0x69, 0xff, 0xa8, 0x75, 0x6a, 0xff, 0xb0, 0x7f, 0x71, 0xff, 0xbc, 0x8c, 0x7c, 0xff, 
0xc7, 0x9f, 0x8e, 0xff, 0xcd, 0xa9, 0x96, 0xff, 0xb1, 0x83, 0x74, 0xff, 0xae, 0x7e, 0x71, 0xff, 
0xb7, 0x8b, 0x7b, 0xff, 0xbf, 0x93, 0x81, 0xff, 0xb8, 0x8b, 0x7a, 0xff, 0xbc, 0x90, 0x80, 0xff, 
0xbd, 0x92, 0x80, 0xff, 0xb7, 0x8f, 0x7d, 0xff, 0xbb, 0x94, 0x82, 0xff, 0xb6, 0x8b, 0x7b, 0xff, 
0xae, 0x82, 0x75, 0xff, 0xb2, 0x87, 0x7a, 0xff, 0xa3, 0x74, 0x66, 0xff, 0xa7, 0x75, 0x6a, 0xff, 
0xac, 0x79, 0x6e, 0xff, 0xaf, 0x7f, 0x73, 0xff, 0xaf, 0x7f, 0x72, 0xff, 0xad, 0x77, 0x6d, 0xff, 
0xae, 0x79, 0x6e, 0xff, 0xb2, 0x7c, 0x71, 0xff, 0xb1, 0x7e, 0x73, 0xff, 0xb9, 0x8a, 0x7e, 0xff, 
0xbc, 0x8d, 0x81, 0xff, 0xba, 0x8b, 0x80, 0xff, 0xc0, 0x94, 0x89, 0xff, 0xbe, 0x91, 0x86, 0xff, 
0xbb, 0x8c, 0x80, 0xff, 0xc0, 0x91, 0x85, 0xff, 0xc2, 0x92, 0x84, 0xff, 0xc8, 0x99, 0x8c, 0xff, 
0xcf, 0x9f, 0x94, 0xff, 0xc1, 0x8f, 0x84, 0xff, 0xc7, 0x96, 0x89, 0xff, 0xe0, 0xb1, 0xa2, 0xff, 
0xd4, 0x9b, 0x8e, 0xff, 0xd0, 0x98, 0x8b, 0xff, 0xc8, 0x90, 0x84, 0xff, 0xb5, 0x7e, 0x74, 0xff, 
0xaa, 0x77, 0x6e, 0xff, 0xbe, 0x85, 0x7a, 0xff, 0xb7, 0x80, 0x76, 0xff, 0x99, 0x69, 0x5e, 0xff, 
0xaa, 0x76, 0x6b, 0xff, 0xc3, 0x88, 0x7d, 0xff, 0xab, 0x76, 0x68, 0xff, 0x97, 0x68, 0x5d, 0xff, 
0xaf, 0x76, 0x6d, 0xff, 0xc2, 0x87, 0x77, 0xff, 0xc6, 0x8a, 0x78, 0xff, 0xb4, 0x7f, 0x6d, 0xff, 
0xa8, 0x79, 0x6a, 0xff, 0xb0, 0x79, 0x6a, 0xff, 0xb8, 0x77, 0x68, 0xff, 0xa1, 0x69, 0x5d, 0xff, 
0xad, 0x76, 0x67, 0xff, 0xbe, 0x87, 0x76, 0xff, 0xbd, 0x87, 0x76, 0xff, 0xc2, 0x85, 0x72, 0xff, 
0xc3, 0x8e, 0x7d, 0xff, 0xbe, 0x8a, 0x7b, 0xff, 0xc0, 0x8f, 0x80, 0xff, 0xc5, 0x91, 0x81, 0xff, 
0xc4, 0x90, 0x81, 0xff, 0xc7, 0x95, 0x86, 0xff, 0xc6, 0x99, 0x8a, 0xff, 0xd4, 0xa4, 0x93, 0xff, 
0xdd, 0xa4, 0x90, 0xff, 0xe1, 0xae, 0x99, 0xff, 0xdd, 0xa8, 0x94, 0xff, 0xd7, 0x9a, 0x88, 0xff, 
0xd1, 0x97, 0x81, 0xff, 0xc8, 0x93, 0x7c, 0xff, 0xba, 0x85, 0x72, 0xff, 0xc7, 0x8c, 0x7a, 0xff, 
0xd7, 0x96, 0x84, 0xff, 0xcf, 0x91, 0x80, 0xff, 0xc9, 0x87, 0x76, 0xff, 0xd0, 0x89, 0x79, 0xff, 
0xd5, 0x98, 0x87, 0xff, 0xd2, 0x94, 0x83, 0xff, 0xcf, 0x8a, 0x7b, 0xff, 0xdc, 0xa9, 0x96, 0xff, 
0xd7, 0xa4, 0x91, 0xff, 0xce, 0x98, 0x88, 0xff, 0xdb, 0xb7, 0xa6, 0xff, 0xd1, 0x9c, 0x8b, 0xff, 
0xc9, 0x84, 0x75, 0xff, 0xc0, 0x7e, 0x70, 0xff, 0xb9, 0x7a, 0x6b, 0xff, 0xba, 0x7c, 0x6f, 0xff, 
0xb5, 0x7a, 0x6d, 0xff, 0xb5, 0x78, 0x6b, 0xff, 0xbd, 0x81, 0x73, 0xff, 0xc3, 0x87, 0x79, 0xff, 
0xc9, 0x91, 0x7f, 0xff, 0xd7, 0xb6, 0xa7, 0xff, 0xdd, 0xbd, 0xae, 0xff, 0xd8, 0xa3, 0x92, 0xff, 
0xdd, 0xb9, 0xa7, 0xff, 0xde, 0xc3, 0xb3, 0xff, 0xde, 0xbf, 0xae, 0xff, 0xdc, 0xbb, 0xa8, 0xff, 
0xde, 0xb8, 0xa8, 0xff, 0xe2, 0xbb, 0xab, 0xff, 0xdc, 0xb5, 0xa4, 0xff, 0xd8, 0xa7, 0x97, 0xff, 
0xd9, 0xa2, 0x94, 0xff, 0xd5, 0x9c, 0x8d, 0xff, 0xd4, 0x99, 0x89, 0xff, 0xc9, 0x8e, 0x7f, 0xff, 
0xc9, 0x8d, 0x7e, 0xff, 0xc5, 0x88, 0x7c, 0xff, 0xc6, 0x89, 0x7e, 0xff, 0xc0, 0x84, 0x77, 0xff, 
0xc7, 0x8e, 0x7f, 0xff, 0xd1, 0x94, 0x86, 0xff, 0xc7, 0x89, 0x7b, 0xff, 0xc7, 0x8a, 0x7a, 0xff, 
0xc0, 0x82, 0x74, 0xff, 0xb9, 0x7b, 0x6e, 0xff, 0xbd, 0x7e, 0x70, 0xff, 0xc1, 0x85, 0x74, 0xff, 
0xbf, 0x81, 0x70, 0xff, 0xbf, 0x81, 0x70, 0xff, 0xbe, 0x7c, 0x6c, 0xff, 0xbd, 0x79, 0x6a, 0xff, 
0xbc, 0x77, 0x69, 0xff, 0xba, 0x73, 0x66, 0xff, 0xbd, 0x76, 0x69, 0xff, 0xba, 0x73, 0x66, 0xff, 
0xb6, 0x70, 0x63, 0xff, 0xb3, 0x6d, 0x62, 0xff, 0xb2, 0x6c, 0x61, 0xff, 0xb1, 0x6d, 0x61, 0xff, 
0xaf, 0x6a, 0x5d, 0xff, 0xa8, 0x67, 0x5a, 0xff, 0xa3, 0x65, 0x59, 0xff, 0xa4, 0x65, 0x59, 0xff, 
0xa3, 0x63, 0x58, 0xff, 0xa3, 0x63, 0x58, 0xff, 0xaa, 0x68, 0x5b, 0xff, 0xb3, 0x6f, 0x64, 0xff, 
0xc5, 0x83, 0x79, 0xff, 0xcb, 0x8b, 0x7f, 0xff, 0xc1, 0x82, 0x76, 0xff, 0xbf, 0x7a, 0x71, 0xff, 
0xba, 0x75, 0x6a, 0xff, 0xc6, 0x86, 0x77, 0xff, 0xbd, 0x78, 0x6c, 0xff, 0xc0, 0x79, 0x6f, 0xff, 
0xb2, 0x6d, 0x62, 0xff, 0xb9, 0x73, 0x65, 0xff, 0xc4, 0x7e, 0x6e, 0xff, 0xc4, 0x80, 0x72, 0xff, 
0xc5, 0x84, 0x73, 0xff, 0xc6, 0x85, 0x74, 0xff, 0xbc, 0x79, 0x6a, 0xff, 0xc5, 0x80, 0x72, 0xff, 
0xc5, 0x7c, 0x6c, 0xff, 0xc9, 0x7c, 0x6d, 0xff, 0xce, 0x8c, 0x78, 0xff, 0xc4, 0x85, 0x70, 0xff, 
0xc6, 0x7d, 0x6e, 0xff, 0xca, 0x7d, 0x6f, 0xff, 0xca, 0x7e, 0x71, 0xff, 0xc1, 0x7f, 0x6f, 0xff, 
0xb0, 0x72, 0x60, 0xff, 0xc2, 0x82, 0x6e, 0xff, 0xca, 0x88, 0x73, 0xff, 0xc2, 0x85, 0x71, 0xff, 
0xc0, 0x7f, 0x6f, 0xff, 0xbf, 0x77, 0x6d, 0xff, 0xb8, 0x7a, 0x68, 0xff, 0xbc, 0x83, 0x6f, 0xff, 
0xce, 0x9a, 0x89, 0xff, 0xc0, 0x89, 0x75, 0xff, 0xbc, 0x81, 0x6b, 0xff, 0xbf, 0x82, 0x6f, 0xff, 
0xb8, 0x79, 0x65, 0xff, 0xb0, 0x6e, 0x5f, 0xff, 0xbb, 0x7a, 0x67, 0xff, 0xb4, 0x77, 0x65, 0xff, 
0xad, 0x6c, 0x5e, 0xff, 0xb7, 0x79, 0x69, 0xff, 0xba, 0x88, 0x75, 0xff, 0xb9, 0x80, 0x6f, 0xff, 
0xb0, 0x71, 0x65, 0xff, 0xb5, 0x7e, 0x6f, 0xff, 0xc0, 0x88, 0x78, 0xff, 0xc5, 0x95, 0x85, 0xff, 
0xce, 0xa8, 0x95, 0xff, 0xc6, 0x9c, 0x89, 0xff, 0xd4, 0xac, 0x9c, 0xff, 0xd1, 0xa8, 0x98, 0xff, 
0xcf, 0xa8, 0x95, 0xff, 0xd0, 0xa5, 0x94, 0xff, 0xd6, 0xb1, 0xa2, 0xff, 0xda, 0xb8, 0xaa, 0xff, 
0xc8, 0xa3, 0x90, 0xff, 0xba, 0x8d, 0x7c, 0xff, 0xbd, 0x8d, 0x7d, 0xff, 0xc8, 0x9a, 0x8a, 0xff, 
0xc7, 0x98, 0x88, 0xff, 0xbd, 0x8d, 0x7e, 0xff, 0xb9, 0x8c, 0x7c, 0xff, 0xb7, 0x8f, 0x7c, 0xff, 
0xc3, 0x9b, 0x88, 0xff, 0xb5, 0x8b, 0x7c, 0xff, 0xa5, 0x75, 0x69, 0xff, 0xb1, 0x81, 0x73, 0xff, 
0xb7, 0x83, 0x75, 0xff, 0xae, 0x77, 0x68, 0xff, 0xa7, 0x70, 0x63, 0xff, 0xb2, 0x7f, 0x6e, 0xff, 
0xb6, 0x7e, 0x6f, 0xff, 0xa4, 0x69, 0x5e, 0xff, 0xa6, 0x72, 0x68, 0xff, 0xad, 0x77, 0x6a, 0xff, 
0xab, 0x75, 0x67, 0xff, 0x9c, 0x66, 0x5b, 0xff, 0x9f, 0x6c, 0x60, 0xff, 0x9f, 0x6e, 0x61, 0xff, 
0x98, 0x61, 0x56, 0xff, 0xa2, 0x6c, 0x60, 0xff, 0x9e, 0x68, 0x5d, 0xff, 0xa4, 0x6c, 0x61, 0xff, 
0xae, 0x78, 0x69, 0xff, 0xa5, 0x6e, 0x61, 0xff, 0xa7, 0x6e, 0x63, 0xff, 0xa0, 0x68, 0x5e, 0xff, 
0x94, 0x60, 0x58, 0xff, 0x89, 0x5b, 0x53, 0xff, 0x93, 0x63, 0x59, 0xff, 0x98, 0x66, 0x5c, 0xff, 
0x97, 0x65, 0x5c, 0xff, 0x96, 0x67, 0x5d, 0xff, 0x88, 0x5c, 0x55, 0xff, 0x7e, 0x55, 0x4d, 0xff, 
0x83, 0x56, 0x50, 0xff, 0x8c, 0x5b, 0x55, 0xff, 0x8d, 0x5f, 0x58, 0xff, 0x92, 0x62, 0x5a, 0xff, 
0x9a, 0x67, 0x5d, 0xff, 0x94, 0x63, 0x5b, 0xff, 0xa1, 0x71, 0x67, 0xff, 0xa8, 0x76, 0x6a, 0xff, 
0xa8, 0x75, 0x6a, 0xff, 0xa5, 0x74, 0x6a, 0xff, 0x9d, 0x6d, 0x64, 0xff, 0xa1, 0x71, 0x65, 0xff, 
0xb1, 0x7f, 0x71, 0xff, 0xb0, 0x80, 0x71, 0xff, 0xb0, 0x82, 0x73, 0xff, 0xb7, 0x8b, 0x7b, 0xff, 
0xba, 0x90, 0x81, 0xff, 0xaf, 0x81, 0x75, 0xff, 0x9f, 0x6a, 0x5e, 0xff, 0x9e, 0x6a, 0x5d, 0xff, 
0xaa, 0x78, 0x6b, 0xff, 0xb3, 0x82, 0x74, 0xff, 0xb9, 0x8a, 0x7b, 0xff, 0xbe, 0x91, 0x80, 0xff, 
0xb2, 0x85, 0x74, 0xff, 0xab, 0x7d, 0x6e, 0xff, 0xac, 0x7e, 0x6f, 0xff, 0xac, 0x7d, 0x6f, 0xff, 
0xb8, 0x8c, 0x7e, 0xff, 0xb7, 0x8d, 0x7f, 0xff, 0xa8, 0x79, 0x6b, 0xff, 0x9d, 0x6d, 0x61, 0xff, 
0x9d, 0x6d, 0x61, 0xff, 0xa7, 0x76, 0x6a, 0xff, 0xa7, 0x75, 0x68, 0xff, 0xae, 0x7c, 0x6d, 0xff, 
0xb3, 0x83, 0x76, 0xff, 0xb0, 0x7f, 0x74, 0xff, 0xb2, 0x7e, 0x71, 0xff, 0xbf, 0x8d, 0x80, 0xff, 
0xbf, 0x90, 0x83, 0xff, 0xc4, 0x94, 0x85, 0xff, 0xc3, 0x95, 0x86, 0xff, 0xc6, 0xa1, 0x96, 0xff, 
0xc8, 0x9e, 0x93, 0xff, 0xc8, 0x9b, 0x8f, 0xff, 0xcc, 0xa0, 0x94, 0xff, 0xcd, 0xa1, 0x94, 0xff, 
0xcc, 0x9b, 0x90, 0xff, 0xb7, 0x84, 0x7a, 0xff, 0xb4, 0x82, 0x78, 0xff, 0xda, 0xa6, 0x99, 0xff, 
0xe7, 0xb2, 0xa4, 0xff, 0xd0, 0x95, 0x8b, 0xff, 0xba, 0x80, 0x77, 0xff, 0xb6, 0x7f, 0x75, 0xff, 
0xa2, 0x6f, 0x65, 0xff, 0xb9, 0x84, 0x79, 0xff, 0xd0, 0x97, 0x8b, 0xff, 0xad, 0x78, 0x6e, 0xff, 
0xa6, 0x71, 0x67, 0xff, 0xb7, 0x82, 0x78, 0xff, 0xa0, 0x6e, 0x66, 0xff, 0x95, 0x65, 0x5c, 0xff, 
0xbe, 0x84, 0x78, 0xff, 0xc2, 0x88, 0x78, 0xff, 0xb3, 0x79, 0x69, 0xff, 0xc0, 0x80, 0x70, 0xff, 
0xc0, 0x87, 0x77, 0xff, 0xc2, 0x94, 0x82, 0xff, 0xca, 0x92, 0x80, 0xff, 0xb0, 0x74, 0x5f, 0xff, 
0xa7, 0x6f, 0x5e, 0xff, 0xbd, 0x84, 0x74, 0xff, 0xbe, 0x82, 0x6d, 0xff, 0xbf, 0x7f, 0x6b, 0xff, 
0xc3, 0x87, 0x78, 0xff, 0xd3, 0xa4, 0x92, 0xff, 0xd2, 0x9f, 0x8d, 0xff, 0xc6, 0x8c, 0x79, 0xff, 
0xc7, 0x90, 0x7d, 0xff, 0xd6, 0xa9, 0x96, 0xff, 0xd2, 0xa3, 0x92, 0xff, 0xd6, 0x9f, 0x8a, 0xff, 
0xdd, 0xa8, 0x90, 0xff, 0xdf, 0xae, 0x98, 0xff, 0xe0, 0xac, 0x98, 0xff, 0xda, 0xa0, 0x8b, 0xff, 
0xd5, 0xa0, 0x8b, 0xff, 0xc7, 0x96, 0x81, 0xff, 0xc8, 0x90, 0x7d, 0xff, 0xd7, 0x99, 0x86, 0xff, 
0xd8, 0x9f, 0x8b, 0xff, 0xda, 0xa0, 0x8c, 0xff, 0xd5, 0x9b, 0x88, 0xff, 0xd2, 0x99, 0x87, 0xff, 
0xce, 0x94, 0x83, 0xff, 0xd2, 0x9c, 0x8b, 0xff, 0xda, 0xa0, 0x8f, 0xff, 0xd1, 0x8f, 0x7e, 0xff, 
0xce, 0x92, 0x83, 0xff, 0xd6, 0xa0, 0x91, 0xff, 0xd8, 0xa0, 0x8e, 0xff, 0xc6, 0x87, 0x79, 0xff, 
0xbe, 0x81, 0x76, 0xff, 0xbe, 0x7e, 0x71, 0xff, 0xb7, 0x7b, 0x6d, 0xff, 0xbd, 0x86, 0x76, 0xff, 
0xc2, 0x89, 0x7a, 0xff, 0xbf, 0x86, 0x79, 0xff, 0xb7, 0x7d, 0x70, 0xff, 0xc2, 0x82, 0x75, 0xff, 
0xcb, 0x8b, 0x7d, 0xff, 0xd7, 0xae, 0x9f, 0xff, 0xe4, 0xc1, 0xb3, 0xff, 0xde, 0xb5, 0xa3, 0xff, 
0xdb, 0xad, 0x9d, 0xff, 0xd9, 0xaf, 0xa1, 0xff, 0xd7, 0xac, 0x9e, 0xff, 0xdb, 0xa7, 0x98, 0xff, 
0xdd, 0xa9, 0x97, 0xff, 0xd5, 0x9c, 0x8b, 0xff, 0xd0, 0x91, 0x81, 0xff, 0xcc, 0x93, 0x85, 0xff, 
0xcc, 0x90, 0x80, 0xff, 0xd0, 0x8f, 0x80, 0xff, 0xc5, 0x89, 0x7a, 0xff, 0xbe, 0x83, 0x74, 0xff, 
0xc5, 0x85, 0x74, 0xff, 0xc4, 0x85, 0x75, 0xff, 0xc3, 0x81, 0x73, 0xff, 0xc5, 0x85, 0x79, 0xff, 
0xc9, 0x91, 0x82, 0xff, 0xd4, 0x94, 0x87, 0xff, 0xcd, 0x8f, 0x82, 0xff, 0xc5, 0x89, 0x78, 0xff, 
0xd1, 0x94, 0x83, 0xff, 0xcd, 0x91, 0x82, 0xff, 0xcc, 0x95, 0x83, 0xff, 0xcf, 0x9d, 0x87, 0xff, 
0xd0, 0x9e, 0x88, 0xff, 0xcb, 0x93, 0x7e, 0xff, 0xc6, 0x85, 0x73, 0xff, 0xbb, 0x76, 0x67, 0xff, 
0xb7, 0x73, 0x64, 0xff, 0xbe, 0x7a, 0x6b, 0xff, 0xc2, 0x80, 0x6f, 0xff, 0xc1, 0x7c, 0x6b, 0xff, 
0xc3, 0x7c, 0x6b, 0xff, 0xc0, 0x79, 0x6a, 0xff, 0xbe, 0x77, 0x66, 0xff, 0xbe, 0x76, 0x67, 0xff, 
0xb8, 0x70, 0x62, 0xff, 0xb1, 0x6d, 0x60, 0xff, 0xae, 0x6b, 0x60, 0xff, 0xa9, 0x67, 0x5c, 0xff, 
0xa9, 0x68, 0x5c, 0xff, 0xac, 0x6c, 0x5e, 0xff, 0xaa, 0x6b, 0x5d, 0xff, 0xae, 0x6f, 0x62, 0xff, 
0xa7, 0x67, 0x5a, 0xff, 0xb1, 0x6e, 0x63, 0xff, 0xb9, 0x77, 0x6a, 0xff, 0xc6, 0x88, 0x76, 0xff, 
0xc5, 0x83, 0x77, 0xff, 0xbe, 0x7b, 0x6f, 0xff, 0xbb, 0x73, 0x64, 0xff, 0xbf, 0x73, 0x66, 0xff, 
0xc0, 0x77, 0x6b, 0xff, 0xb9, 0x70, 0x63, 0xff, 0xbb, 0x71, 0x64, 0xff, 0xbb, 0x71, 0x65, 0xff, 
0xc0, 0x79, 0x6c, 0xff, 0xc9, 0x82, 0x76, 0xff, 0xc0, 0x7a, 0x6e, 0xff, 0xbc, 0x77, 0x69, 0xff, 
0xc4, 0x7c, 0x6c, 0xff, 0xc8, 0x7c, 0x6d, 0xff, 0xc6, 0x77, 0x6b, 0xff, 0xc2, 0x7d, 0x6e, 0xff, 
0xc3, 0x81, 0x6f, 0xff, 0xc5, 0x7e, 0x6d, 0xff, 0xd3, 0x89, 0x7b, 0xff, 0xd0, 0x8c, 0x7c, 0xff, 
0xb7, 0x75, 0x63, 0xff, 0xb7, 0x73, 0x63, 0xff, 0xc1, 0x7f, 0x6d, 0xff, 0xc5, 0x86, 0x71, 0xff, 
0xc7, 0x8c, 0x77, 0xff, 0xc7, 0x86, 0x75, 0xff, 0xc7, 0x87, 0x74, 0xff, 0xc5, 0x85, 0x6f, 0xff, 
0xc4, 0x87, 0x72, 0xff, 0xd2, 0x9e, 0x8b, 0xff, 0xc5, 0x86, 0x71, 0xff, 0xbc, 0x7b, 0x67, 0xff, 
0xc3, 0x83, 0x6e, 0xff, 0xba, 0x7a, 0x66, 0xff, 0xb6, 0x72, 0x5e, 0xff, 0xb6, 0x73, 0x63, 0xff, 
0xae, 0x6b, 0x5e, 0xff, 0xac, 0x67, 0x59, 0xff, 0xaa, 0x6f, 0x5d, 0xff, 0xb6, 0x79, 0x67, 0xff, 
0xb2, 0x78, 0x68, 0xff, 0xba, 0x7e, 0x71, 0xff, 0xbc, 0x7e, 0x73, 0xff, 0xbd, 0x87, 0x79, 0xff, 
0xc8, 0x9d, 0x8b, 0xff, 0xcd, 0xa7, 0x95, 0xff, 0xd3, 0xb2, 0x9f, 0xff, 0xd0, 0xaf, 0x9b, 0xff, 
0xcd, 0xa9, 0x95, 0xff, 0xd3, 0xad, 0x9e, 0xff, 0xd8, 0xb5, 0xa5, 0xff, 0xcf, 0xa6, 0x98, 0xff, 
0xc4, 0x93, 0x85, 0xff, 0xc5, 0x96, 0x85, 0xff, 0xc1, 0x90, 0x80, 0xff, 0xc2, 0x92, 0x82, 0xff, 
0xc3, 0x92, 0x86, 0xff, 0xb3, 0x82, 0x78, 0xff, 0xb8, 0x88, 0x79, 0xff, 0xb0, 0x7f, 0x70, 0xff, 
0xab, 0x79, 0x6a, 0xff, 0xb2, 0x82, 0x74, 0xff, 0xb7, 0x87, 0x7a, 0xff, 0xc0, 0x8f, 0x7f, 0xff, 
0xb4, 0x83, 0x72, 0xff, 0xa6, 0x6e, 0x62, 0xff, 0xa5, 0x70, 0x63, 0xff, 0xa9, 0x74, 0x66, 0xff, 
0x9e, 0x6a, 0x5d, 0xff, 0x98, 0x65, 0x5b, 0xff, 0xa0, 0x69, 0x61, 0xff, 0xa4, 0x69, 0x5f, 0xff, 
0xa4, 0x6a, 0x60, 0xff, 0xa3, 0x6a, 0x5f, 0xff, 0x9b, 0x63, 0x59, 0xff, 0xa2, 0x6a, 0x5e, 0xff, 
0xa9, 0x70, 0x64, 0xff, 0xa1, 0x6a, 0x60, 0xff, 0x93, 0x63, 0x59, 0xff, 0x98, 0x6a, 0x5e, 0xff, 
0xa7, 0x78, 0x69, 0xff, 0x9a, 0x66, 0x5b, 0xff, 0x90, 0x5b, 0x53, 0xff, 0x88, 0x57, 0x4f, 0xff, 
0x8d, 0x5c, 0x54, 0xff, 0x89, 0x5a, 0x52, 0xff, 0x8c, 0x5d, 0x55, 0xff, 0x99, 0x68, 0x60, 0xff, 
0x92, 0x63, 0x5b, 0xff, 0x90, 0x64, 0x5c, 0xff, 0x98, 0x6a, 0x60, 0xff, 0x9a, 0x6b, 0x61, 0xff, 
0x97, 0x67, 0x5c, 0xff, 0xa0, 0x6d, 0x61, 0xff, 0xa3, 0x6f, 0x64, 0xff, 0x98, 0x69, 0x61, 0xff, 
0x9b, 0x6c, 0x62, 0xff, 0xa9, 0x77, 0x6a, 0xff, 0xac, 0x77, 0x6c, 0xff, 0xad, 0x77, 0x6b, 0xff, 
0xae, 0x77, 0x6c, 0xff, 0xaa, 0x74, 0x69, 0xff, 0xa9, 0x72, 0x67, 0xff, 0xab, 0x72, 0x66, 0xff, 
0xaf, 0x78, 0x6c, 0xff, 0xab, 0x74, 0x68, 0xff, 0xaf, 0x7c, 0x6e, 0xff, 0xaf, 0x7f, 0x71, 0xff, 
0xae, 0x7e, 0x70, 0xff, 0xac, 0x7c, 0x6e, 0xff, 0xb1, 0x83, 0x75, 0xff, 0xba, 0x90, 0x7f, 0xff, 
0xb2, 0x86, 0x76, 0xff, 0xa6, 0x79, 0x6a, 0xff, 0xb0, 0x85, 0x75, 0xff, 0xc1, 0x9b, 0x8a, 0xff, 
0xb7, 0x8e, 0x7f, 0xff, 0xae, 0x7f, 0x70, 0xff, 0xa6, 0x77, 0x6a, 0xff, 0xa3, 0x76, 0x69, 0xff, 
0xa9, 0x7d, 0x6f, 0xff, 0xaa, 0x7b, 0x6c, 0xff, 0xb5, 0x87, 0x78, 0xff, 0xb3, 0x86, 0x78, 0xff, 
0xab, 0x7d, 0x6f, 0xff, 0xa7, 0x79, 0x6c, 0xff, 0xa5, 0x75, 0x6a, 0xff, 0xa8, 0x75, 0x6a, 0xff, 
0xac, 0x7a, 0x6d, 0xff, 0xb4, 0x84, 0x77, 0xff, 0xb7, 0x83, 0x76, 0xff, 0xba, 0x86, 0x77, 0xff, 
0xc5, 0x98, 0x8b, 0xff, 0xd1, 0xa4, 0x97, 0xff, 0xd1, 0xa4, 0x93, 0xff, 0xd8, 0xb0, 0xa1, 0xff, 
0xdf, 0xb6, 0xa8, 0xff, 0xe0, 0xb7, 0xa7, 0xff, 0xd1, 0xaa, 0x9d, 0xff, 0xc7, 0x9b, 0x8d, 0xff, 
0xc4, 0x98, 0x8b, 0xff, 0xcd, 0xa4, 0x94, 0xff, 0xcb, 0x9e, 0x90, 0xff, 0xd8, 0xad, 0xa3, 0xff, 
0xe3, 0xb4, 0xa7, 0xff, 0xd3, 0x9c, 0x8e, 0xff, 0xc3, 0x89, 0x7d, 0xff, 0xc3, 0x8b, 0x80, 0xff, 
0xae, 0x78, 0x6e, 0xff, 0xa5, 0x72, 0x68, 0xff, 0xc9, 0x90, 0x86, 0xff, 0xb5, 0x7d, 0x72, 0xff, 
0xa7, 0x73, 0x68, 0xff, 0xa3, 0x70, 0x67, 0xff, 0x92, 0x63, 0x59, 0xff, 0x8a, 0x58, 0x4f, 0xff, 
0xbf, 0x86, 0x7a, 0xff, 0xc3, 0x89, 0x7c, 0xff, 0xae, 0x76, 0x6a, 0xff, 0xbc, 0x7e, 0x71, 0xff, 
0xc6, 0x86, 0x77, 0xff, 0xd4, 0x97, 0x86, 0xff, 0xce, 0x9a, 0x8a, 0xff, 0xdc, 0xad, 0x99, 0xff, 
0xce, 0x96, 0x80, 0xff, 0xba, 0x7a, 0x65, 0xff, 0xd0, 0x99, 0x81, 0xff, 0xda, 0xa7, 0x93, 0xff, 
0xd9, 0xaa, 0x98, 0xff, 0xde, 0xb0, 0x9d, 0xff, 0xd8, 0xa4, 0x91, 0xff, 0xde, 0xad, 0x99, 0xff, 
0xe5, 0xb6, 0xa3, 0xff, 0xe3, 0xba, 0xa8, 0xff, 0xce, 0x98, 0x85, 0xff, 0xc7, 0x8a, 0x74, 0xff, 
0xd6, 0xa1, 0x89, 0xff, 0xdb, 0xa7, 0x90, 0xff, 0xe2, 0xb1, 0x9b, 0xff, 0xdc, 0xa7, 0x92, 0xff, 
0xd4, 0xa2, 0x8c, 0xff, 0xcd, 0x9c, 0x84, 0xff, 0xd7, 0x9f, 0x8a, 0xff, 0xdc, 0xa3, 0x8e, 0xff, 
0xd8, 0x9f, 0x8a, 0xff, 0xd9, 0xa1, 0x8d, 0xff, 0xd3, 0x9b, 0x88, 0xff, 0xcb, 0x90, 0x7d, 0xff, 
0xcc, 0x91, 0x7f, 0xff, 0xd8, 0xa3, 0x92, 0xff, 0xdd, 0xab, 0x9a, 0xff, 0xd2, 0x99, 0x89, 0xff, 
0xdf, 0xb1, 0xa1, 0xff, 0xe8, 0xbd, 0xac, 0xff, 0xd2, 0x9e, 0x8e, 0xff, 0xc0, 0x81, 0x73, 0xff, 
0xc3, 0x86, 0x77, 0xff, 0xc2, 0x88, 0x79, 0xff, 0xc5, 0x8a, 0x7c, 0xff, 0xcc, 0x8e, 0x80, 0xff, 
0xcd, 0x8f, 0x80, 0xff, 0xc5, 0x88, 0x7a, 0xff, 0xc5, 0x88, 0x79, 0xff, 0xd3, 0x97, 0x88, 0xff, 
0xda, 0xaa, 0x9b, 0xff, 0xd0, 0xa7, 0x96, 0xff, 0xdb, 0xab, 0x9b, 0xff, 0xdd, 0xaa, 0x9c, 0xff, 
0xd2, 0x97, 0x88, 0xff, 0xd5, 0xa2, 0x92, 0xff, 0xd9, 0xb2, 0xa3, 0xff, 0xda, 0xaa, 0x9a, 0xff, 
0xdb, 0xb0, 0x9f, 0xff, 0xd5, 0xab, 0x9b, 0xff, 0xd1, 0x9a, 0x8a, 0xff, 0xcc, 0x8b, 0x7a, 0xff, 
0xcd, 0x8a, 0x79, 0xff, 0xd0, 0x94, 0x83, 0xff, 0xc8, 0x8d, 0x7c, 0xff, 0xc0, 0x82, 0x71, 0xff, 
0xbe, 0x77, 0x68, 0xff, 0xc2, 0x7d, 0x6e, 0xff, 0xc0, 0x7e, 0x6f, 0xff, 0xc0, 0x7f, 0x71, 0xff, 
0xc3, 0x88, 0x78, 0xff, 0xcb, 0x8d, 0x7e, 0xff, 0xca, 0x89, 0x7b, 0xff, 0xc4, 0x8b, 0x79, 0xff, 
0xc6, 0x90, 0x7b, 0xff, 0xcc, 0x93, 0x7e, 0xff, 0xd3, 0xa0, 0x89, 0xff, 0xd6, 0xa6, 0x90, 0xff, 
0xd8, 0xa9, 0x93, 0xff, 0xd0, 0x95, 0x80, 0xff, 0xc1, 0x80, 0x6e, 0xff, 0xbb, 0x7d, 0x6e, 0xff, 
0xb5, 0x77, 0x68, 0xff, 0xbf, 0x80, 0x70, 0xff, 0xc1, 0x80, 0x6e, 0xff, 0xc2, 0x7f, 0x6e, 0xff, 
0xcb, 0x86, 0x73, 0xff, 0xc5, 0x80, 0x6e, 0xff, 0xc6, 0x7f, 0x6d, 0xff, 0xce, 0x85, 0x74, 0xff, 
0xc1, 0x7b, 0x6b, 0xff, 0xb6, 0x72, 0x65, 0xff, 0xb5, 0x70, 0x65, 0xff, 0xb1, 0x6c, 0x61, 0xff, 
0xb0, 0x6a, 0x5e, 0xff, 0xb5, 0x70, 0x62, 0xff, 0xae, 0x6d, 0x5f, 0xff, 0xa4, 0x67, 0x5b, 0xff, 
0x9d, 0x60, 0x54, 0xff, 0x9d, 0x5e, 0x53, 0xff, 0xa5, 0x64, 0x59, 0xff, 0xae, 0x71, 0x62, 0xff, 
0xb6, 0x78, 0x6a, 0xff, 0xc2, 0x7f, 0x73, 0xff, 0xc9, 0x87, 0x79, 0xff, 0xcc, 0x8a, 0x7b, 0xff, 
0xca, 0x80, 0x73, 0xff, 0xbe, 0x74, 0x67, 0xff, 0xbb, 0x74, 0x66, 0xff, 0xbd, 0x75, 0x67, 0xff, 
0xbc, 0x73, 0x64, 0xff, 0xc4, 0x7a, 0x6c, 0xff, 0xca, 0x84, 0x75, 0xff, 0xc9, 0x85, 0x75, 0xff, 
0xb7, 0x74, 0x69, 0xff, 0xc0, 0x79, 0x69, 0xff, 0xcc, 0x7e, 0x6f, 0xff, 0xc4, 0x7a, 0x6c, 0xff, 
0xcb, 0x89, 0x77, 0xff, 0xc9, 0x86, 0x74, 0xff, 0xd7, 0x93, 0x83, 0xff, 0xcd, 0x89, 0x78, 0xff, 
0xbd, 0x81, 0x6b, 0xff, 0xc3, 0x84, 0x70, 0xff, 0xbf, 0x7d, 0x6b, 0xff, 0xc1, 0x7e, 0x6b, 0xff, 
0xcb, 0x90, 0x7a, 0xff, 0xc4, 0x89, 0x74, 0xff, 0xc1, 0x80, 0x6c, 0xff, 0xc4, 0x81, 0x69, 0xff, 
0xc1, 0x82, 0x6b, 0xff, 0xc3, 0x86, 0x6f, 0xff, 0xc7, 0x84, 0x6e, 0xff, 0xcb, 0x8c, 0x75, 0xff, 
0xbf, 0x7e, 0x68, 0xff, 0xc6, 0x88, 0x71, 0xff, 0xc0, 0x81, 0x6e, 0xff, 0xb5, 0x71, 0x5f, 0xff, 
0xbc, 0x82, 0x6f, 0xff, 0xb0, 0x72, 0x64, 0xff, 0xab, 0x67, 0x5b, 0xff, 0xb3, 0x75, 0x65, 0xff, 
0xba, 0x7d, 0x6f, 0xff, 0xc0, 0x86, 0x79, 0xff, 0xc6, 0x96, 0x85, 0xff, 0xbf, 0x90, 0x80, 0xff, 
0xb2, 0x80, 0x72, 0xff, 0xca, 0x9e, 0x90, 0xff, 0xd0, 0xac, 0x9b, 0xff, 0xcb, 0xac, 0x97, 0xff, 
0xce, 0xaa, 0x97, 0xff, 0xdc, 0xc4, 0xb7, 0xff, 0xd9, 0xbb, 0xab, 0xff, 0xce, 0xa4, 0x93, 0xff, 
0xc2, 0x96, 0x86, 0xff, 0xce, 0xa8, 0x96, 0xff, 0xc8, 0x98, 0x88, 0xff, 0xbb, 0x89, 0x79, 0xff, 
0xb9, 0x8b, 0x7e, 0xff, 0xb4, 0x85, 0x7b, 0xff, 0xb3, 0x83, 0x78, 0xff, 0xa4, 0x71, 0x65, 0xff, 
0xae, 0x7b, 0x6d, 0xff, 0xc1, 0x95, 0x83, 0xff, 0xc1, 0x92, 0x82, 0xff, 0xb1, 0x7d, 0x6f, 0xff, 
0xa6, 0x6c, 0x61, 0xff, 0xa0, 0x67, 0x5c, 0xff, 0xa0, 0x67, 0x5d, 0xff, 0xaa, 0x73, 0x66, 0xff, 
0xab, 0x77, 0x6a, 0xff, 0xa3, 0x6e, 0x62, 0xff, 0xa8, 0x71, 0x64, 0xff, 0xb7, 0x7e, 0x72, 0xff, 
0xa9, 0x6d, 0x61, 0xff, 0xa5, 0x6a, 0x5e, 0xff, 0xb3, 0x7d, 0x6e, 0xff, 0xa8, 0x74, 0x67, 0xff, 
0x93, 0x63, 0x59, 0xff, 0x90, 0x63, 0x5b, 0xff, 0x99, 0x6b, 0x60, 0xff, 0xa0, 0x6c, 0x61, 0xff, 
0x96, 0x63, 0x5c, 0xff, 0x8e, 0x5f, 0x56, 0xff, 0x92, 0x65, 0x5b, 0xff, 0x99, 0x6b, 0x60, 0xff, 
0x8f, 0x61, 0x58, 0xff, 0x97, 0x68, 0x5f, 0xff, 0x9e, 0x6e, 0x62, 0xff, 0x9b, 0x6a, 0x5e, 0xff, 
0x95, 0x66, 0x5d, 0xff, 0x9c, 0x6c, 0x62, 0xff, 0x9f, 0x6e, 0x63, 0xff, 0x9c, 0x6d, 0x63, 0xff, 
0x9c, 0x6c, 0x61, 0xff, 0xa5, 0x74, 0x67, 0xff, 0x99, 0x6b, 0x62, 0xff, 0x94, 0x63, 0x5a, 0xff, 
0xa8, 0x72, 0x66, 0xff, 0xab, 0x74, 0x69, 0xff, 0x9d, 0x68, 0x5e, 0xff, 0x9e, 0x67, 0x5c, 0xff, 
0x98, 0x63, 0x58, 0xff, 0x96, 0x61, 0x57, 0xff, 0x99, 0x64, 0x57, 0xff, 0xa1, 0x6b, 0x5e, 0xff, 
0xa7, 0x71, 0x66, 0xff, 0xb1, 0x7d, 0x6f, 0xff, 0xa5, 0x6f, 0x62, 0xff, 0x9c, 0x69, 0x5c, 0xff, 
0xb6, 0x87, 0x78, 0xff, 0xb5, 0x81, 0x71, 0xff, 0xaf, 0x7c, 0x6e, 0xff, 0xb7, 0x8d, 0x7f, 0xff, 
0xac, 0x7e, 0x70, 0xff, 0xaa, 0x79, 0x6a, 0xff, 0xb0, 0x81, 0x74, 0xff, 0xaa, 0x7c, 0x70, 0xff, 
0xc4, 0x97, 0x88, 0xff, 0xc3, 0x97, 0x88, 0xff, 0xad, 0x81, 0x72, 0xff, 0xbe, 0x94, 0x85, 0xff, 
0xbb, 0x94, 0x83, 0xff, 0xbb, 0x94, 0x83, 0xff, 0xb4, 0x8b, 0x7b, 0xff, 0xb5, 0x89, 0x79, 0xff, 
0xb9, 0x8e, 0x7e, 0xff, 0xb7, 0x8c, 0x7c, 0xff, 0xb0, 0x83, 0x75, 0xff, 0xab, 0x7b, 0x6e, 0xff, 
0xac, 0x7a, 0x6d, 0xff, 0xb9, 0x88, 0x7b, 0xff, 0xc1, 0x93, 0x86, 0xff, 0xc3, 0x96, 0x88, 0xff, 
0xcd, 0xa4, 0x96, 0xff, 0xdc, 0xb9, 0xad, 0xff, 0xe2, 0xbf, 0xb3, 0xff, 0xdd, 0xb3, 0xa1, 0xff, 
0xe0, 0xb5, 0xa2, 0xff, 0xe7, 0xc2, 0xaf, 0xff, 0xe1, 0xbf, 0xae, 0xff, 0xdf, 0xc0, 0xb2, 0xff, 
0xde, 0xc1, 0xb5, 0xff, 0xe4, 0xcc, 0xbf, 0xff, 0xdb, 0xb4, 0xa6, 0xff, 0xd8, 0xb2, 0xa6, 0xff, 
0xdd, 0xbd, 0xae, 0xff, 0xdf, 0xbe, 0xab, 0xff, 0xda, 0xb4, 0xa5, 0xff, 0xc3, 0x86, 0x79, 0xff, 
0xc3, 0x91, 0x84, 0xff, 0xa7, 0x76, 0x6b, 0xff, 0xb4, 0x81, 0x74, 0xff, 0xca, 0x9a, 0x8b, 0xff, 
0xc1, 0x91, 0x85, 0xff, 0xba, 0x87, 0x7a, 0xff, 0xb5, 0x7c, 0x70, 0xff, 0xc4, 0x90, 0x84, 0xff, 
0xcb, 0x95, 0x89, 0xff, 0xb9, 0x7d, 0x72, 0xff, 0xac, 0x71, 0x66, 0xff, 0xb9, 0x81, 0x74, 0xff, 
0xc8, 0x8f, 0x7f, 0xff, 0xc1, 0x83, 0x74, 0xff, 0xbb, 0x7c, 0x70, 0xff, 0xd8, 0xa6, 0x95, 0xff, 
0xe7, 0xb8, 0xa4, 0xff, 0xdf, 0xaf, 0x9a, 0xff, 0xe5, 0xbc, 0xa7, 0xff, 0xe1, 0xb2, 0x9d, 0xff, 
0xd9, 0xa4, 0x90, 0xff, 0xce, 0x95, 0x81, 0xff, 0xd0, 0x94, 0x81, 0xff, 0xd9, 0xa1, 0x8e, 0xff, 
0xe5, 0xb5, 0xa1, 0xff, 0xde, 0xae, 0x9c, 0xff, 0xcc, 0x94, 0x81, 0xff, 0xd0, 0x9e, 0x8b, 0xff, 
0xde, 0xb0, 0x99, 0xff, 0xd7, 0xa3, 0x8b, 0xff, 0xd7, 0x9f, 0x87, 0xff, 0xd8, 0xa4, 0x8c, 0xff, 
0xd1, 0x9b, 0x85, 0xff, 0xdc, 0xaa, 0x93, 0xff, 0xde, 0xac, 0x96, 0xff, 0xd6, 0xa1, 0x8b, 0xff, 
0xd5, 0xa0, 0x8b, 0xff, 0xc8, 0x8d, 0x78, 0xff, 0xc9, 0x8e, 0x7c, 0xff, 0xd1, 0x97, 0x85, 0xff, 
0xd6, 0x9b, 0x89, 0xff, 0xdb, 0xa5, 0x94, 0xff, 0xd5, 0x9c, 0x8a, 0xff, 0xda, 0xa7, 0x95, 0xff, 
0xea, 0xbb, 0xab, 0xff, 0xcf, 0x95, 0x84, 0xff, 0xc0, 0x80, 0x70, 0xff, 0xce, 0x8e, 0x7f, 0xff, 
0xd0, 0x94, 0x84, 0xff, 0xd0, 0x96, 0x86, 0xff, 0xd0, 0x92, 0x83, 0xff, 0xcc, 0x8c, 0x7f, 0xff, 
0xc9, 0x8c, 0x7e, 0xff, 0xd1, 0x93, 0x85, 0xff, 0xd5, 0x96, 0x87, 0xff, 0xda, 0xa1, 0x92, 0xff, 
0xd5, 0xa1, 0x93, 0xff, 0xc9, 0x94, 0x86, 0xff, 0xdb, 0xa0, 0x92, 0xff, 0xde, 0xa3, 0x96, 0xff, 
0xd2, 0xa3, 0x94, 0xff, 0xd9, 0xaa, 0x9c, 0xff, 0xe0, 0xb2, 0xa3, 0xff, 0xd8, 0xa6, 0x98, 0xff, 
0xda, 0xac, 0x9b, 0xff, 0xdd, 0xa7, 0x94, 0xff, 0xde, 0xa3, 0x93, 0xff, 0xdc, 0x9a, 0x8b, 0xff, 
0xd9, 0x97, 0x86, 0xff, 0xd2, 0x98, 0x87, 0xff, 0xcc, 0x85, 0x73, 0xff, 0xc6, 0x7c, 0x6d, 0xff, 
0xc4, 0x83, 0x72, 0xff, 0xbe, 0x80, 0x6f, 0xff, 0xbc, 0x80, 0x6f, 0xff, 0xbc, 0x7e, 0x71, 0xff, 
0xca, 0x89, 0x7c, 0xff, 0xca, 0x90, 0x7d, 0xff, 0xc5, 0x86, 0x76, 0xff, 0xc6, 0x8c, 0x7a, 0xff, 
0xc2, 0x8e, 0x78, 0xff, 0xcd, 0x9a, 0x83, 0xff, 0xce, 0x97, 0x81, 0xff, 0xca, 0x92, 0x7e, 0xff, 
0xce, 0x9a, 0x88, 0xff, 0xd1, 0xa1, 0x94, 0xff, 0xc4, 0x8f, 0x80, 0xff, 0xc4, 0x8a, 0x78, 0xff, 
0xbe, 0x7f, 0x72, 0xff, 0xb9, 0x78, 0x6d, 0xff, 0xbc, 0x78, 0x6c, 0xff, 0xb9, 0x7a, 0x6b, 0xff, 
0xad, 0x6c, 0x5f, 0xff, 0xb7, 0x74, 0x65, 0xff, 0xc0, 0x7a, 0x6b, 0xff, 0xb9, 0x72, 0x65, 0xff, 
0xb5, 0x71, 0x63, 0xff, 0xb5, 0x71, 0x63, 0xff, 0xba, 0x75, 0x67, 0xff, 0xbf, 0x78, 0x69, 0xff, 
0xc1, 0x7b, 0x6c, 0xff, 0xc1, 0x78, 0x6a, 0xff, 0xbb, 0x73, 0x65, 0xff, 0xbb, 0x78, 0x6a, 0xff, 
0xbc, 0x77, 0x69, 0xff, 0xb0, 0x6b, 0x5f, 0xff, 0xa5, 0x64, 0x59, 0xff, 0x9f, 0x63, 0x59, 0xff, 
0x99, 0x5b, 0x4f, 0xff, 0xa6, 0x65, 0x56, 0xff, 0xc4, 0x85, 0x75, 0xff, 0xc7, 0x85, 0x78, 0xff, 
0xc1, 0x7b, 0x71, 0xff, 0xb7, 0x70, 0x68, 0xff, 0xb2, 0x6b, 0x5e, 0xff, 0xbe, 0x72, 0x63, 0xff, 
0xc1, 0x72, 0x65, 0xff, 0xc1, 0x75, 0x67, 0xff, 0xbc, 0x70, 0x63, 0xff, 0xc5, 0x7b, 0x6d, 0xff, 
0xcd, 0x8b, 0x7d, 0xff, 0xc5, 0x81, 0x73, 0xff, 0xc3, 0x79, 0x69, 0xff, 0xca, 0x7f, 0x6f, 0xff, 
0xca, 0x80, 0x71, 0xff, 0xc9, 0x82, 0x75, 0xff, 0xd3, 0x8d, 0x81, 0xff, 0xc3, 0x77, 0x68, 0xff, 
0xc4, 0x84, 0x71, 0xff, 0xd3, 0xa6, 0x92, 0xff, 0xce, 0x9e, 0x8b, 0xff, 0xce, 0x9d, 0x8b, 0xff, 
0xbb, 0x7d, 0x6b, 0xff, 0xbf, 0x88, 0x76, 0xff, 0xce, 0x9a, 0x87, 0xff, 0xc7, 0x92, 0x7d, 0xff, 
0xc3, 0x84, 0x6e, 0xff, 0xbd, 0x7b, 0x63, 0xff, 0xc3, 0x83, 0x6a, 0xff, 0xc9, 0x8c, 0x76, 0xff, 
0xc6, 0x8f, 0x7d, 0xff, 0xcc, 0x9b, 0x8a, 0xff, 0xc9, 0x92, 0x7d, 0xff, 0xcf, 0x97, 0x83, 0xff, 
0xc7, 0x8b, 0x79, 0xff, 0xc8, 0x98, 0x88, 0xff, 0xc0, 0x8d, 0x7e, 0xff, 0xb8, 0x79, 0x6b, 0xff, 
0xbf, 0x85, 0x77, 0xff, 0xc0, 0x89, 0x79, 0xff, 0xc0, 0x91, 0x80, 0xff, 0xd1, 0xab, 0x9a, 0xff, 
0xbc, 0x8f, 0x81, 0xff, 0xb3, 0x7f, 0x72, 0xff, 0xc8, 0xa3, 0x92, 0xff, 0xd2, 0xb2, 0x9f, 0xff, 
0xd2, 0xb0, 0x9d, 0xff, 0xd4, 0xb3, 0xa1, 0xff, 0xd8, 0xbb, 0xa7, 0xff, 0xd5, 0xb4, 0xa0, 0xff, 
0xd8, 0xb6, 0xa5, 0xff, 0xda, 0xba, 0xa7, 0xff, 0xc1, 0x94, 0x83, 0xff, 0xb5, 0x84, 0x74, 0xff, 
0xbe, 0x8e, 0x7c, 0xff, 0xbe, 0x8d, 0x7c, 0xff, 0xbc, 0x8f, 0x81, 0xff, 0xb7, 0x89, 0x7b, 0xff, 
0xaf, 0x81, 0x71, 0xff, 0xad, 0x7c, 0x6c, 0xff, 0xaa, 0x73, 0x64, 0xff, 0xa6, 0x70, 0x62, 0xff, 
0xaa, 0x74, 0x67, 0xff, 0xb0, 0x7a, 0x6a, 0xff, 0xb7, 0x82, 0x72, 0xff, 0xbb, 0x88, 0x76, 0xff, 
0xc4, 0x90, 0x7e, 0xff, 0xb8, 0x81, 0x73, 0xff, 0xa7, 0x6a, 0x60, 0xff, 0xad, 0x76, 0x68, 0xff, 
0xb2, 0x7f, 0x71, 0xff, 0xb9, 0x8d, 0x7c, 0xff, 0xaa, 0x7e, 0x6d, 0xff, 0x90, 0x63, 0x57, 0xff, 
0x8c, 0x5e, 0x55, 0xff, 0x9e, 0x6c, 0x61, 0xff, 0xa9, 0x75, 0x68, 0xff, 0x9d, 0x6b, 0x61, 0xff, 
0x92, 0x63, 0x58, 0xff, 0x97, 0x67, 0x5d, 0xff, 0x99, 0x6a, 0x60, 0xff, 0x97, 0x67, 0x5d, 0xff, 
0x94, 0x66, 0x5d, 0xff, 0x9b, 0x6d, 0x62, 0xff, 0x9c, 0x6b, 0x62, 0xff, 0x9d, 0x6c, 0x62, 0xff, 
0xac, 0x78, 0x6c, 0xff, 0xaa, 0x75, 0x68, 0xff, 0xa1, 0x6e, 0x63, 0xff, 0x98, 0x67, 0x5d, 0xff, 
0x9d, 0x6a, 0x60, 0xff, 0x9e, 0x6c, 0x61, 0xff, 0x9c, 0x6b, 0x61, 0xff, 0xa3, 0x70, 0x65, 0xff, 
0xb7, 0x86, 0x78, 0xff, 0xad, 0x79, 0x6c, 0xff, 0x9d, 0x69, 0x5e, 0xff, 0xa0, 0x6b, 0x61, 0xff, 
0xa0, 0x6c, 0x60, 0xff, 0xa1, 0x6c, 0x5f, 0xff, 0xa3, 0x71, 0x62, 0xff, 0xa0, 0x6d, 0x60, 0xff, 
0x98, 0x62, 0x58, 0xff, 0xb4, 0x80, 0x70, 0xff, 0xac, 0x75, 0x67, 0xff, 0xb4, 0x7c, 0x6e, 0xff, 
0xaf, 0x78, 0x6b, 0xff, 0xaa, 0x72, 0x61, 0xff, 0x9d, 0x65, 0x57, 0xff, 0x96, 0x63, 0x59, 0xff, 
0xa8, 0x73, 0x67, 0xff, 0xc3, 0x8d, 0x7b, 0xff, 0xaf, 0x7b, 0x6c, 0xff, 0x9d, 0x62, 0x58, 0xff, 
0xbd, 0x8a, 0x7a, 0xff, 0x9a, 0x70, 0x65, 0xff, 0xaf, 0x83, 0x75, 0xff, 0xd2, 0xa9, 0x98, 0xff, 
0xce, 0xa6, 0x94, 0xff, 0xd4, 0xb0, 0x9d, 0xff, 0xd4, 0xb3, 0xa0, 0xff, 0xd2, 0xab, 0x99, 0xff, 
0xc9, 0x9b, 0x8c, 0xff, 0xc0, 0x92, 0x83, 0xff, 0xbe, 0x8f, 0x80, 0xff, 0xb3, 0x82, 0x74, 0xff, 
0xb2, 0x80, 0x73, 0xff, 0xc6, 0x9d, 0x8f, 0xff, 0xd5, 0xb6, 0xaa, 0xff, 0xd4, 0xb1, 0xa5, 0xff, 
0xd2, 0xab, 0x9c, 0xff, 0xd9, 0xb5, 0xa3, 0xff, 0xe4, 0xc6, 0xb8, 0xff, 0xe0, 0xbb, 0xab, 0xff, 
0xde, 0xb2, 0x9f, 0xff, 0xe7, 0xc7, 0xb5, 0xff, 0xea, 0xd1, 0xc3, 0xff, 0xec, 0xd5, 0xc8, 0xff, 
0xef, 0xd9, 0xcf, 0xff, 0xe6, 0xcb, 0xc0, 0xff, 0xe7, 0xcb, 0xbc, 0xff, 0xe5, 0xc3, 0xb0, 0xff, 
0xe6, 0xca, 0xb9, 0xff, 0xdc, 0xb9, 0xa9, 0xff, 0xe8, 0xd1, 0xc6, 0xff, 0xdf, 0xc3, 0xb5, 0xff, 
0xcd, 0x9b, 0x8b, 0xff, 0xcf, 0x9b, 0x8c, 0xff, 0xbb, 0x85, 0x77, 0xff, 0xd4, 0xaa, 0x9b, 0xff, 
0xe0, 0xc3, 0xb2, 0xff, 0xdb, 0xc1, 0xb1, 0xff, 0xdd, 0xb7, 0xa8, 0xff, 0xd7, 0xaf, 0x9f, 0xff, 
0xca, 0xa2, 0x92, 0xff, 0xca, 0x9a, 0x89, 0xff, 0xc6, 0x92, 0x84, 0xff, 0xc9, 0x99, 0x8a, 0xff, 
0xd7, 0xae, 0x9b, 0xff, 0xd2, 0xab, 0x94, 0xff, 0xce, 0x9c, 0x89, 0xff, 0xc6, 0x8b, 0x7a, 0xff, 
0xcf, 0x98, 0x86, 0xff, 0xe4, 0xb4, 0xa0, 0xff, 0xe1, 0xb0, 0x9a, 0xff, 0xd9, 0xa1, 0x8d, 0xff, 
0xd7, 0x9d, 0x8b, 0xff, 0xcf, 0x97, 0x83, 0xff, 0xc9, 0x8d, 0x79, 0xff, 0xcb, 0x8d, 0x7b, 0xff, 
0xd2, 0x9a, 0x87, 0xff, 0xda, 0xa9, 0x97, 0xff, 0xdb, 0xb1, 0xa0, 0xff, 0xdf, 0xba, 0xaa, 0xff, 
0xd3, 0xa1, 0x8e, 0xff, 0xcf, 0x9e, 0x88, 0xff, 0xd6, 0xad, 0x9a, 0xff, 0xcf, 0x9d, 0x89, 0xff, 
0xdd, 0xb4, 0xa1, 0xff, 0xf5, 0xdb, 0xca, 0xff, 0xf6, 0xdc, 0xc9, 0xff, 0xe6, 0xbf, 0xaa, 0xff, 
0xe7, 0xbd, 0xa9, 0xff, 0xd8, 0xac, 0x99, 0xff, 0xcf, 0x9e, 0x8b, 0xff, 0xdf, 0xac, 0x97, 0xff, 
0xd7, 0x9d, 0x89, 0xff, 0xd7, 0xa5, 0x94, 0xff, 0xdb, 0xae, 0x9e, 0xff, 0xe1, 0xaf, 0x9e, 0xff, 
0xd9, 0x9f, 0x8d, 0xff, 0xc9, 0x8a, 0x79, 0xff, 0xd6, 0x99, 0x87, 0xff, 0xd9, 0xa1, 0x90, 0xff, 
0xd1, 0x9a, 0x8c, 0xff, 0xd5, 0x9f, 0x91, 0xff, 0xce, 0x95, 0x86, 0xff, 0xd1, 0x93, 0x83, 0xff, 
0xda, 0x9e, 0x8f, 0xff, 0xe1, 0xa6, 0x97, 0xff, 0xd9, 0x9e, 0x90, 0xff, 0xd5, 0x94, 0x87, 0xff, 
0xd0, 0x99, 0x8a, 0xff, 0xd1, 0xa0, 0x92, 0xff, 0xd9, 0xa4, 0x96, 0xff, 0xda, 0xa9, 0x9b, 0xff, 
0xd8, 0xb5, 0xa6, 0xff, 0xda, 0xae, 0x9f, 0xff, 0xd4, 0x9b, 0x8d, 0xff, 0xd7, 0xa6, 0x96, 0xff, 
0xe1, 0x9c, 0x8a, 0xff, 0xe1, 0x92, 0x7f, 0xff, 0xda, 0x99, 0x87, 0xff, 0xd5, 0xa6, 0x96, 0xff, 
0xd7, 0xa8, 0x98, 0xff, 0xca, 0x86, 0x76, 0xff, 0xc5, 0x7e, 0x6c, 0xff, 0xcc, 0x91, 0x7d, 0xff, 
0xc6, 0x8d, 0x7b, 0xff, 0xc3, 0x8d, 0x78, 0xff, 0xc5, 0x89, 0x78, 0xff, 0xcf, 0x8d, 0x82, 0xff, 
0xd0, 0x8e, 0x81, 0xff, 0xc7, 0x88, 0x78, 0xff, 0xc2, 0x80, 0x72, 0xff, 0xc4, 0x89, 0x77, 0xff, 
0xc8, 0x8c, 0x7a, 0xff, 0xc5, 0x84, 0x75, 0xff, 0xbf, 0x81, 0x6e, 0xff, 0xc8, 0x91, 0x7e, 0xff, 
0xd4, 0xaa, 0x9a, 0xff, 0xd6, 0xb4, 0xab, 0xff, 0xcd, 0xa4, 0x94, 0xff, 0xce, 0x9b, 0x8a, 0xff, 
0xce, 0xa3, 0x99, 0xff, 0xbf, 0x8e, 0x84, 0xff, 0xc2, 0x88, 0x7d, 0xff, 0xbb, 0x7e, 0x6e, 0xff, 
0xba, 0x80, 0x71, 0xff, 0xd3, 0x92, 0x80, 0xff, 0xca, 0x88, 0x78, 0xff, 0xa8, 0x6b, 0x5e, 0xff, 
0xa9, 0x6b, 0x5d, 0xff, 0xbb, 0x78, 0x6b, 0xff, 0xbf, 0x7a, 0x6c, 0xff, 0xc4, 0x7c, 0x6f, 0xff, 
0xd3, 0x8c, 0x7d, 0xff, 0xd5, 0x91, 0x7e, 0xff, 0xd3, 0x8a, 0x79, 0xff, 0xd5, 0x8c, 0x7a, 0xff, 
0xd1, 0x8b, 0x79, 0xff, 0xcc, 0x89, 0x79, 0xff, 0xc2, 0x7f, 0x70, 0xff, 0xb5, 0x73, 0x69, 0xff, 
0xb4, 0x7d, 0x75, 0xff, 0xb0, 0x7b, 0x6d, 0xff, 0xb4, 0x7a, 0x67, 0xff, 0xbe, 0x7c, 0x6d, 0xff, 
0xc5, 0x82, 0x76, 0xff, 0xc0, 0x79, 0x70, 0xff, 0xbf, 0x76, 0x69, 0xff, 0xc3, 0x76, 0x68, 0xff, 
0xc2, 0x75, 0x68, 0xff, 0xbf, 0x73, 0x64, 0xff, 0xbc, 0x6f, 0x61, 0xff, 0xc0, 0x72, 0x64, 0xff, 
0xc7, 0x79, 0x69, 0xff, 0xd0, 0x87, 0x7a, 0xff, 0xc9, 0x82, 0x74, 0xff, 0xc5, 0x7b, 0x6d, 0xff, 
0xc9, 0x7c, 0x70, 0xff, 0xd7, 0x91, 0x82, 0xff, 0xc0, 0x79, 0x6b, 0xff, 0xb4, 0x69, 0x5c, 0xff, 
0xbf, 0x6f, 0x62, 0xff, 0xcd, 0x8e, 0x7d, 0xff, 0xc9, 0x91, 0x7c, 0xff, 0xde, 0xb2, 0xa2, 0xff, 
0xc7, 0x90, 0x82, 0xff, 0xb9, 0x7f, 0x6e, 0xff, 0xc8, 0x90, 0x7d, 0xff, 0xc8, 0x8b, 0x73, 0xff, 
0xc7, 0x87, 0x72, 0xff, 0xbf, 0x7b, 0x6a, 0xff, 0xcd, 0x94, 0x7d, 0xff, 0xcc, 0x91, 0x79, 0xff, 
0xd3, 0xa2, 0x8e, 0xff, 0xce, 0x9c, 0x8f, 0xff, 0xcd, 0x8f, 0x78, 0xff, 0xd1, 0x97, 0x7d, 0xff, 
0xc6, 0x8c, 0x7c, 0xff, 0xce, 0xa0, 0x92, 0xff, 0xc7, 0x94, 0x83, 0xff, 0xbc, 0x74, 0x63, 0xff, 
0xc3, 0x8c, 0x7c, 0xff, 0xbe, 0x84, 0x74, 0xff, 0xac, 0x6b, 0x5d, 0xff, 0xb0, 0x7a, 0x6e, 0xff, 
0xb0, 0x7e, 0x70, 0xff, 0xb6, 0x84, 0x75, 0xff, 0xc8, 0xa0, 0x8e, 0xff, 0xc9, 0xa4, 0x91, 0xff, 
0xcd, 0xaa, 0x96, 0xff, 0xc8, 0x9d, 0x8b, 0xff, 0xcd, 0xa6, 0x94, 0xff, 0xd2, 0xae, 0x9a, 0xff, 
0xd5, 0xb0, 0x9b, 0xff, 0xcb, 0x9f, 0x8d, 0xff, 0xb8, 0x88, 0x77, 0xff, 0xb6, 0x86, 0x76, 0xff, 
0xb4, 0x7f, 0x6e, 0xff, 0xb1, 0x7e, 0x6d, 0xff, 0xb2, 0x80, 0x75, 0xff, 0xc0, 0x8f, 0x81, 0xff, 
0xbc, 0x90, 0x7f, 0xff, 0xcb, 0xa4, 0x92, 0xff, 0xd2, 0xae, 0x9f, 0xff, 0xc4, 0x9a, 0x88, 0xff, 
0xc0, 0x97, 0x84, 0xff, 0xc8, 0xa0, 0x8f, 0xff, 0xb3, 0x84, 0x74, 0xff, 0xac, 0x76, 0x68, 0xff, 
0xc0, 0x94, 0x82, 0xff, 0xc2, 0x90, 0x80, 0xff, 0xb1, 0x7f, 0x71, 0xff, 0xb4, 0x89, 0x78, 0xff, 
0xbb, 0x8f, 0x7d, 0xff, 0xbf, 0x9a, 0x89, 0xff, 0xa4, 0x75, 0x67, 0xff, 0x94, 0x62, 0x56, 0xff, 
0x93, 0x62, 0x57, 0xff, 0x9e, 0x6c, 0x5f, 0xff, 0xaf, 0x82, 0x75, 0xff, 0x96, 0x68, 0x5e, 0xff, 
0x95, 0x62, 0x58, 0xff, 0x98, 0x67, 0x5d, 0xff, 0x8c, 0x5e, 0x55, 0xff, 0x8d, 0x5f, 0x55, 0xff, 
0xa0, 0x6d, 0x61, 0xff, 0xb0, 0x75, 0x6a, 0xff, 0xaf, 0x77, 0x6b, 0xff, 0xb0, 0x7b, 0x6e, 0xff, 
0xb1, 0x7a, 0x6e, 0xff, 0xa9, 0x74, 0x68, 0xff, 0xa9, 0x77, 0x6b, 0xff, 0xa8, 0x75, 0x6a, 0xff, 
0xac, 0x7a, 0x6e, 0xff, 0xaa, 0x79, 0x6b, 0xff, 0xab, 0x78, 0x6b, 0xff, 0xcf, 0xac, 0x9c, 0xff, 
0xcd, 0xaa, 0x9a, 0xff, 0xb5, 0x86, 0x77, 0xff, 0xb1, 0x7f, 0x70, 0xff, 0xb6, 0x86, 0x76, 0xff, 
0xb2, 0x7f, 0x71, 0xff, 0x9e, 0x6b, 0x5e, 0xff, 0x98, 0x65, 0x59, 0xff, 0x96, 0x5f, 0x53, 0xff, 
0xb2, 0x7e, 0x6e, 0xff, 0xa7, 0x71, 0x63, 0xff, 0x87, 0x4f, 0x45, 0xff, 0xa5, 0x6d, 0x5f, 0xff, 
0xa7, 0x6a, 0x5c, 0xff, 0x9c, 0x65, 0x58, 0xff, 0x9a, 0x68, 0x5c, 0xff, 0x85, 0x56, 0x4e, 0xff, 
0x99, 0x66, 0x5a, 0xff, 0xa2, 0x6b, 0x5e, 0xff, 0xa3, 0x68, 0x5a, 0xff, 0xad, 0x72, 0x65, 0xff, 
0x9d, 0x69, 0x60, 0xff, 0x90, 0x61, 0x56, 0xff, 0xae, 0x7b, 0x6c, 0xff, 0xd8, 0xab, 0x98, 0xff, 
0xe6, 0xc6, 0xb2, 0xff, 0xeb, 0xc6, 0xb0, 0xff, 0xec, 0xca, 0xb5, 0xff, 0xe1, 0xbd, 0xaa, 0xff, 
0xc9, 0x9b, 0x8c, 0xff, 0xc0, 0x8e, 0x81, 0xff, 0xb3, 0x7c, 0x71, 0xff, 0xab, 0x72, 0x67, 0xff, 
0xaf, 0x76, 0x69, 0xff, 0xcc, 0x9e, 0x90, 0xff, 0xe1, 0xc3, 0xb7, 0xff, 0xe6, 0xd1, 0xc6, 0xff, 
0xe1, 0xc6, 0xbb, 0xff, 0xda, 0xb4, 0xa4, 0xff, 0xde, 0xb7, 0xa2, 0xff, 0xe2, 0xbd, 0xac, 0xff, 
0xe2, 0xc3, 0xb5, 0xff, 0xeb, 0xd5, 0xc9, 0xff, 0xeb, 0xd2, 0xc5, 0xff, 0xe7, 0xc5, 0xb6, 0xff, 
0xe7, 0xc0, 0xac, 0xff, 0xe9, 0xc5, 0xb1, 0xff, 0xe8, 0xc8, 0xb8, 0xff, 0xe9, 0xc8, 0xb8, 0xff, 
0xec, 0xce, 0xbd, 0xff, 0xe6, 0xc8, 0xb8, 0xff, 0xe5, 0xc9, 0xbd, 0xff, 0xef, 0xe0, 0xd6, 0xff, 
0xe3, 0xca, 0xbd, 0xff, 0xd4, 0xa6, 0x96, 0xff, 0xd6, 0xa6, 0x96, 0xff, 0xd0, 0x9f, 0x91, 0xff, 
0xde, 0xbe, 0xab, 0xff, 0xdd, 0xc2, 0xb3, 0xff, 0xd5, 0xb9, 0xac, 0xff, 0xde, 0xce, 0xbf, 0xff, 
0xe5, 0xd7, 0xca, 0xff, 0xe1, 0xce, 0xbf, 0xff, 0xd8, 0xbe, 0xa9, 0xff, 0xd7, 0xb0, 0x9c, 0xff, 
0xcb, 0xa2, 0x8c, 0xff, 0xcd, 0xa3, 0x8e, 0xff, 0xd4, 0xa8, 0x92, 0xff, 0xdf, 0xaf, 0x99, 0xff, 
0xcb, 0x94, 0x81, 0xff, 0xbf, 0x87, 0x76, 0xff, 0xc3, 0x8a, 0x7a, 0xff, 0xd6, 0x9c, 0x89, 0xff, 
0xde, 0xaa, 0x94, 0xff, 0xd9, 0xa3, 0x8e, 0xff, 0xdc, 0xa7, 0x93, 0xff, 0xd9, 0xa6, 0x90, 0xff, 
0xce, 0x97, 0x82, 0xff, 0xcb, 0x95, 0x83, 0xff, 0xdd, 0xb0, 0x9f, 0xff, 0xf0, 0xc7, 0xb4, 0xff, 
0xdf, 0xb3, 0x9f, 0xff, 0xd4, 0xa5, 0x92, 0xff, 0xe5, 0xc2, 0xb2, 0xff, 0xea, 0xc9, 0xb8, 0xff, 
0xe7, 0xc2, 0xac, 0xff, 0xf2, 0xd8, 0xc3, 0xff, 0xed, 0xd6, 0xc3, 0xff, 0xdd, 0xbe, 0xab, 0xff, 
0xdf, 0xb9, 0xa4, 0xff, 0xf3, 0xd4, 0xc0, 0xff, 0xf4, 0xd7, 0xc3, 0xff, 0xde, 0xaf, 0x9a, 0xff, 
0xd7, 0xa1, 0x8d, 0xff, 0xd7, 0xa6, 0x95, 0xff, 0xe0, 0xb4, 0xa4, 0xff, 0xe6, 0xb6, 0xa6, 0xff, 
0xd4, 0x97, 0x86, 0xff, 0xd4, 0x98, 0x8a, 0xff, 0xde, 0xad, 0x9f, 0xff, 0xe3, 0xb7, 0xa7, 0xff, 
0xd6, 0xa5, 0x96, 0xff, 0xd6, 0xa3, 0x92, 0xff, 0xdc, 0xa9, 0x99, 0xff, 0xd8, 0x9e, 0x90, 0xff, 
0xde, 0xa3, 0x95, 0xff, 0xdd, 0xa2, 0x91, 0xff, 0xe1, 0x9f, 0x90, 0xff, 0xdd, 0x99, 0x8a, 0xff, 
0xd3, 0xa4, 0x92, 0xff, 0xd5, 0xaa, 0x9b, 0xff, 0xd6, 0xad, 0x9d, 0xff, 0xd7, 0xab, 0x99, 0xff, 
0xdc, 0x9a, 0x89, 0xff, 0xe2, 0xa7, 0x97, 0xff, 0xd3, 0x99, 0x89, 0xff, 0xd0, 0x9c, 0x8a, 0xff, 
0xdc, 0xa8, 0x97, 0xff, 0xdb, 0xa1, 0x93, 0xff, 0xce, 0x90, 0x7f, 0xff, 0xc6, 0x87, 0x73, 0xff, 
0xd1, 0xa2, 0x94, 0xff, 0xcc, 0x9d, 0x8d, 0xff, 0xd1, 0x9d, 0x87, 0xff, 0xd1, 0x9f, 0x89, 0xff, 
0xc5, 0x8d, 0x79, 0xff, 0xcb, 0x96, 0x81, 0xff, 0xcf, 0x94, 0x83, 0xff, 0xd5, 0x90, 0x82, 0xff, 
0xca, 0x88, 0x78, 0xff, 0xbd, 0x7c, 0x6d, 0xff, 0xbe, 0x82, 0x71, 0xff, 0xcd, 0x94, 0x81, 0xff, 
0xc9, 0x90, 0x7f, 0xff, 0xc2, 0x7e, 0x72, 0xff, 0xc2, 0x83, 0x71, 0xff, 0xc6, 0x92, 0x7c, 0xff, 
0xe0, 0xc0, 0xb4, 0xff, 0xd7, 0xb8, 0xaf, 0xff, 0xd2, 0xab, 0x9c, 0xff, 0xd0, 0xa6, 0x98, 0xff, 
0xbb, 0x88, 0x7d, 0xff, 0xbe, 0x89, 0x7f, 0xff, 0xbc, 0x89, 0x7b, 0xff, 0xbd, 0x84, 0x74, 0xff, 
0xd0, 0x97, 0x86, 0xff, 0xcc, 0x8d, 0x7b, 0xff, 0xbc, 0x83, 0x75, 0xff, 0xb0, 0x77, 0x69, 0xff, 
0xbe, 0x7f, 0x72, 0xff, 0xc4, 0x7f, 0x71, 0xff, 0xb4, 0x6d, 0x61, 0xff, 0xbd, 0x79, 0x6c, 0xff, 
0xcd, 0x8d, 0x7b, 0xff, 0xc3, 0x81, 0x72, 0xff, 0xc1, 0x7c, 0x70, 0xff, 0xc2, 0x7d, 0x6d, 0xff, 
0xc3, 0x80, 0x71, 0xff, 0xc9, 0x89, 0x78, 0xff, 0xc7, 0x83, 0x71, 0xff, 0xc6, 0x7f, 0x71, 0xff, 
0xca, 0x87, 0x7a, 0xff, 0xbe, 0x80, 0x75, 0xff, 0xa8, 0x6b, 0x5d, 0xff, 0xac, 0x6d, 0x5f, 0xff, 
0xb9, 0x77, 0x6a, 0xff, 0xb8, 0x74, 0x66, 0xff, 0xbd, 0x76, 0x6a, 0xff, 0xc9, 0x80, 0x72, 0xff, 
0xc3, 0x76, 0x65, 0xff, 0xbd, 0x70, 0x62, 0xff, 0xbc, 0x6f, 0x61, 0xff, 0xbc, 0x71, 0x63, 0xff, 
0xc0, 0x70, 0x61, 0xff, 0xc6, 0x78, 0x67, 0xff, 0xc8, 0x85, 0x76, 0xff, 0xc9, 0x84, 0x75, 0xff, 
0xd0, 0x84, 0x78, 0xff, 0xcd, 0x83, 0x75, 0xff, 0xb4, 0x69, 0x5b, 0xff, 0xb8, 0x6e, 0x60, 0xff, 
0xb8, 0x68, 0x5c, 0xff, 0xc0, 0x75, 0x63, 0xff, 0xcd, 0x95, 0x84, 0xff, 0xe2, 0xc2, 0xb8, 0xff, 
0xe2, 0xc3, 0xb4, 0xff, 0xc5, 0x99, 0x89, 0xff, 0xbb, 0x8a, 0x7e, 0xff, 0xc2, 0x87, 0x73, 0xff, 
0xe0, 0xab, 0x91, 0xff, 0xc4, 0x84, 0x73, 0xff, 0xb9, 0x7a, 0x6b, 0xff, 0xca, 0x92, 0x81, 0xff, 
0xd7, 0x9c, 0x84, 0xff, 0xd5, 0x96, 0x81, 0xff, 0xcd, 0x96, 0x83, 0xff, 0xbd, 0x87, 0x75, 0xff, 
0xc3, 0x8c, 0x7f, 0xff, 0xbb, 0x85, 0x7a, 0xff, 0xc6, 0x8b, 0x7d, 0xff, 0xce, 0x9a, 0x8b, 0xff, 
0xbe, 0x80, 0x71, 0xff, 0xc1, 0x83, 0x71, 0xff, 0xb0, 0x76, 0x65, 0xff, 0xa0, 0x69, 0x5d, 0xff, 
0xa4, 0x6c, 0x61, 0xff, 0xb7, 0x85, 0x76, 0xff, 0xca, 0x9b, 0x87, 0xff, 0xb6, 0x89, 0x76, 0xff, 
0xc3, 0x9e, 0x8c, 0xff, 0xbe, 0x93, 0x82, 0xff, 0xc3, 0x94, 0x83, 0xff, 0xd3, 0xa7, 0x93, 0xff, 
0xd2, 0xab, 0x96, 0xff, 0xc5, 0x9b, 0x88, 0xff, 0xbb, 0x88, 0x78, 0xff, 0xae, 0x80, 0x6f, 0xff, 
0xa4, 0x72, 0x61, 0xff, 0xb2, 0x7f, 0x6d, 0xff, 0xaa, 0x78, 0x6f, 0xff, 0xb4, 0x81, 0x75, 0xff, 
0xc4, 0x95, 0x82, 0xff, 0xd3, 0xaa, 0x99, 0xff, 0xd7, 0xb5, 0xa6, 0xff, 0xd3, 0xb0, 0x9c, 0xff, 
0xbf, 0x99, 0x86, 0xff, 0xad, 0x7f, 0x6f, 0xff, 0xa9, 0x75, 0x67, 0xff, 0xad, 0x7a, 0x6a, 0xff, 
0xa8, 0x79, 0x68, 0xff, 0xaa, 0x7e, 0x6e, 0xff, 0xb4, 0x8a, 0x78, 0xff, 0xb2, 0x82, 0x6f, 0xff, 
0xb4, 0x85, 0x75, 0xff, 0xc7, 0x9f, 0x8f, 0xff, 0xc4, 0x9a, 0x8a, 0xff, 0xa5, 0x72, 0x63, 0xff, 
0xa1, 0x6d, 0x60, 0xff, 0xa5, 0x74, 0x67, 0xff, 0xa0, 0x6f, 0x62, 0xff, 0x99, 0x68, 0x5b, 0xff, 
0x99, 0x68, 0x5e, 0xff, 0xa4, 0x72, 0x66, 0xff, 0xb0, 0x78, 0x6d, 0xff, 0xb3, 0x76, 0x6b, 0xff, 
0xb2, 0x71, 0x66, 0xff, 0xb5, 0x78, 0x6d, 0xff, 0xb7, 0x81, 0x75, 0xff, 0xb9, 0x88, 0x7a, 0xff, 
0xa7, 0x79, 0x6c, 0xff, 0xa1, 0x75, 0x6a, 0xff, 0xa9, 0x7c, 0x6f, 0xff, 0xaf, 0x81, 0x72, 0xff, 
0xb4, 0x84, 0x76, 0xff, 0xb4, 0x84, 0x76, 0xff, 0xbc, 0x8d, 0x7e, 0xff, 0xbc, 0x90, 0x80, 0xff, 
0xbb, 0x91, 0x80, 0xff, 0xc0, 0x91, 0x80, 0xff, 0xce, 0x9e, 0x8c, 0xff, 0xa6, 0x75, 0x66, 0xff, 
0x8b, 0x55, 0x4b, 0xff, 0x7f, 0x4c, 0x43, 0xff, 0x76, 0x46, 0x3d, 0xff, 0x7f, 0x4b, 0x41, 0xff, 
0x9a, 0x62, 0x55, 0xff, 0x95, 0x5c, 0x4e, 0xff, 0x77, 0x3f, 0x35, 0xff, 0x7e, 0x47, 0x3e, 0xff, 
0x95, 0x5a, 0x4f, 0xff, 0x7e, 0x4a, 0x41, 0xff, 0x74, 0x48, 0x3f, 0xff, 0x7f, 0x55, 0x4b, 0xff, 
0x80, 0x55, 0x4c, 0xff, 0x8c, 0x58, 0x4f, 0xff, 0xb0, 0x79, 0x6a, 0xff, 0xd0, 0xaa, 0x97, 0xff, 
0xdd, 0xbe, 0xab, 0xff, 0xd9, 0xb2, 0x9e, 0xff, 0xd2, 0xa9, 0x94, 0xff, 0xe6, 0xc2, 0xaa, 0xff, 
0xf2, 0xd4, 0xbe, 0xff, 0xd3, 0xa8, 0x94, 0xff, 0xc1, 0x90, 0x7d, 0xff, 0xbc, 0x8b, 0x7c, 0xff, 
0xbe, 0x8f, 0x82, 0xff, 0xc9, 0x99, 0x8b, 0xff, 0xba, 0x80, 0x75, 0xff, 0xb4, 0x7a, 0x6e, 0xff, 
0xb6, 0x7c, 0x6f, 0xff, 0xcd, 0x9b, 0x8d, 0xff, 0xe7, 0xc4, 0xb6, 0xff, 0xf2, 0xde, 0xd1, 0xff, 
0xf0, 0xd9, 0xcd, 0xff, 0xed, 0xd2, 0xc5, 0xff, 0xee, 0xdc, 0xd2, 0xff, 0xe9, 0xd5, 0xc9, 0xff, 
0xe5, 0xc7, 0xb8, 0xff, 0xe7, 0xc2, 0xb1, 0xff, 0xe5, 0xbd, 0xa8, 0xff, 0xe1, 0xbb, 0xa8, 0xff, 
0xdc, 0xb3, 0xa0, 0xff, 0xe9, 0xc5, 0xb1, 0xff, 0xe8, 0xc5, 0xb2, 0xff, 0xe7, 0xc8, 0xb8, 0xff, 
0xe6, 0xc2, 0xb2, 0xff, 0xec, 0xcf, 0xbf, 0xff, 0xea, 0xce, 0xbc, 0xff, 0xe5, 0xc7, 0xb9, 0xff, 
0xeb, 0xd8, 0xcd, 0xff, 0xe9, 0xd8, 0xcc, 0xff, 0xe7, 0xce, 0xc0, 0xff, 0xd4, 0xaa, 0x9a, 0xff, 
0xca, 0x9b, 0x8b, 0xff, 0xce, 0x9f, 0x8f, 0xff, 0xd0, 0xa8, 0x96, 0xff, 0xd5, 0xb8, 0xa7, 0xff, 
0xce, 0xb2, 0xa4, 0xff, 0xc9, 0xaf, 0xa0, 0xff, 0xd9, 0xb7, 0xa5, 0xff, 0xda, 0xb0, 0x9f, 0xff, 
0xcc, 0x9a, 0x89, 0xff, 0xc6, 0x8e, 0x7c, 0xff, 0xce, 0x99, 0x85, 0xff, 0xd9, 0xa6, 0x90, 0xff, 
0xdf, 0xa7, 0x90, 0xff, 0xd5, 0x99, 0x81, 0xff, 0xba, 0x82, 0x6f, 0xff, 0xb8, 0x83, 0x73, 0xff, 
0xe0, 0xaf, 0x99, 0xff, 0xda, 0xa1, 0x8c, 0xff, 0xd3, 0x95, 0x81, 0xff, 0xdf, 0xaa, 0x93, 0xff, 
0xde, 0xb0, 0x9a, 0xff, 0xd7, 0xa8, 0x93, 0xff, 0xdc, 0xa9, 0x96, 0xff, 0xe4, 0xaf, 0x9b, 0xff, 
0xe9, 0xb7, 0xa1, 0xff, 0xdc, 0xa6, 0x95, 0xff, 0xc8, 0x8f, 0x7b, 0xff, 0xe7, 0xc1, 0xaa, 0xff, 
0xda, 0xb3, 0x9d, 0xff, 0xd9, 0xb6, 0xa1, 0xff, 0xda, 0xb8, 0xa5, 0xff, 0xd8, 0xb5, 0xa3, 0xff, 
0xdb, 0xc0, 0xaf, 0xff, 0xd7, 0xbe, 0xae, 0xff, 0xd1, 0xb1, 0xa0, 0xff, 0xdd, 0xbb, 0xab, 0xff, 
0xe4, 0xbb, 0xa8, 0xff, 0xf1, 0xcd, 0xba, 0xff, 0xec, 0xc2, 0xb1, 0xff, 0xe7, 0xb8, 0xa8, 0xff, 
0xdb, 0xa8, 0x9a, 0xff, 0xdb, 0xac, 0x9f, 0xff, 0xdb, 0xb3, 0xa5, 0xff, 0xd5, 0xa6, 0x98, 0xff, 
0xdf, 0xae, 0x9f, 0xff, 0xd9, 0xa3, 0x94, 0xff, 0xd9, 0xa2, 0x93, 0xff, 0xdb, 0xa6, 0x96, 0xff, 
0xde, 0xa5, 0x96, 0xff, 0xe1, 0xa3, 0x96, 0xff, 0xd8, 0x97, 0x88, 0xff, 0xd8, 0xa5, 0x93, 0xff, 
0xda, 0xa7, 0x95, 0xff, 0xda, 0xa0, 0x8e, 0xff, 0xda, 0xab, 0x99, 0xff, 0xd4, 0x9a, 0x87, 0xff, 
0xdc, 0xa5, 0x94, 0xff, 0xd9, 0xa3, 0x93, 0xff, 0xd6, 0x9e, 0x8e, 0xff, 0xcf, 0x9d, 0x8b, 0xff, 
0xd9, 0x9d, 0x8a, 0xff, 0xd5, 0xa1, 0x91, 0xff, 0xcb, 0x93, 0x82, 0xff, 0xc4, 0x88, 0x76, 0xff, 
0xcc, 0x99, 0x88, 0xff, 0xda, 0xb3, 0xa3, 0xff, 0xdb, 0xb0, 0x9d, 0xff, 0xc0, 0x84, 0x70, 0xff, 
0xd2, 0x9d, 0x87, 0xff, 0xd1, 0x9c, 0x87, 0xff, 0xcc, 0x8f, 0x7e, 0xff, 0xd0, 0x8e, 0x7e, 0xff, 
0xce, 0x8f, 0x7d, 0xff, 0xbf, 0x80, 0x70, 0xff, 0xc7, 0x8c, 0x7b, 0xff, 0xd4, 0xa0, 0x8a, 0xff, 
0xc1, 0x8f, 0x7a, 0xff, 0xc7, 0x8f, 0x7c, 0xff, 0xd9, 0xa7, 0x98, 0xff, 0xd7, 0xb8, 0xac, 0xff, 
0xe2, 0xc6, 0xbc, 0xff, 0xdf, 0xbf, 0xb2, 0xff, 0xd3, 0xaf, 0xa4, 0xff, 0xc0, 0x97, 0x91, 0xff, 
0xb7, 0x7b, 0x71, 0xff, 0xbd, 0x7e, 0x6d, 0xff, 0xc0, 0x89, 0x74, 0xff, 0xc6, 0x94, 0x81, 0xff, 
0xc5, 0x89, 0x79, 0xff, 0xae, 0x70, 0x62, 0xff, 0xb4, 0x77, 0x68, 0xff, 0xca, 0x84, 0x76, 0xff, 
0xc1, 0x78, 0x6b, 0xff, 0xbc, 0x73, 0x65, 0xff, 0xbf, 0x79, 0x69, 0xff, 0xbf, 0x7c, 0x6d, 0xff, 
0xc5, 0x80, 0x6f, 0xff, 0xc0, 0x7a, 0x6b, 0xff, 0xba, 0x78, 0x6a, 0xff, 0xc0, 0x82, 0x72, 0xff, 
0xc9, 0x8f, 0x7e, 0xff, 0xc0, 0x84, 0x70, 0xff, 0xb9, 0x7b, 0x6b, 0xff, 0xc3, 0x84, 0x75, 0xff, 
0xd1, 0x8e, 0x7d, 0xff, 0xbd, 0x75, 0x67, 0xff, 0xb1, 0x6e, 0x63, 0xff, 0xb1, 0x72, 0x63, 0xff, 
0xb9, 0x79, 0x6a, 0xff, 0xb2, 0x6d, 0x60, 0xff, 0xac, 0x6d, 0x61, 0xff, 0xc2, 0x7d, 0x6f, 0xff, 
0xc6, 0x77, 0x68, 0xff, 0xbd, 0x70, 0x62, 0xff, 0xbe, 0x77, 0x6b, 0xff, 0xbf, 0x74, 0x68, 0xff, 
0xbc, 0x6e, 0x61, 0xff, 0xb5, 0x71, 0x62, 0xff, 0xb8, 0x79, 0x69, 0xff, 0xd3, 0x8e, 0x81, 0xff, 
0xdc, 0x9a, 0x8b, 0xff, 0xbb, 0x75, 0x66, 0xff, 0xb9, 0x6c, 0x5e, 0xff, 0xb4, 0x6b, 0x5d, 0xff, 
0xb5, 0x6b, 0x5c, 0xff, 0xba, 0x75, 0x63, 0xff, 0xd0, 0x9c, 0x90, 0xff, 0xea, 0xda, 0xce, 0xff, 
0xd8, 0xb9, 0xa9, 0xff, 0xb9, 0x86, 0x78, 0xff, 0xb9, 0x8f, 0x82, 0xff, 0xa9, 0x73, 0x68, 0xff, 
0xb2, 0x79, 0x6b, 0xff, 0xc0, 0x88, 0x74, 0xff, 0xb8, 0x7a, 0x66, 0xff, 0xc3, 0x8f, 0x81, 0xff, 
0xbb, 0x84, 0x75, 0xff, 0xc8, 0x95, 0x7f, 0xff, 0xc7, 0x8f, 0x7c, 0xff, 0xc2, 0x89, 0x79, 0xff, 
0xc6, 0x8b, 0x79, 0xff, 0xb6, 0x78, 0x6a, 0xff, 0xba, 0x7a, 0x6a, 0xff, 0xc7, 0x96, 0x85, 0xff, 
0xbe, 0x7f, 0x6e, 0xff, 0xb4, 0x6e, 0x5d, 0xff, 0xbd, 0x83, 0x6f, 0xff, 0xb4, 0x7e, 0x6c, 0xff, 
0xad, 0x76, 0x67, 0xff, 0xaf, 0x7b, 0x6f, 0xff, 0xb8, 0x87, 0x77, 0xff, 0xb1, 0x7f, 0x6f, 0xff, 
0xc0, 0x95, 0x85, 0xff, 0xbf, 0x96, 0x83, 0xff, 0xb8, 0x8a, 0x77, 0xff, 0xca, 0x9f, 0x8a, 0xff, 
0xca, 0xa0, 0x8c, 0xff, 0xca, 0x9f, 0x8d, 0xff, 0xaf, 0x7e, 0x71, 0xff, 0xad, 0x7c, 0x6b, 0xff, 
0xb4, 0x83, 0x72, 0xff, 0xbc, 0x8e, 0x7a, 0xff, 0xca, 0x9e, 0x89, 0xff, 0xbe, 0x90, 0x7f, 0xff, 
0xb5, 0x81, 0x74, 0xff, 0xb6, 0x80, 0x70, 0xff, 0xb8, 0x85, 0x74, 0xff, 0xcc, 0xa3, 0x90, 0xff, 
0xbe, 0x91, 0x7e, 0xff, 0xa7, 0x72, 0x63, 0xff, 0xc0, 0x91, 0x7e, 0xff, 0xbe, 0x91, 0x7f, 0xff, 
0xa2, 0x72, 0x63, 0xff, 0xa2, 0x6f, 0x5f, 0xff, 0xa5, 0x6e, 0x5d, 0xff, 0xa9, 0x74, 0x65, 0xff, 
0xb8, 0x8a, 0x7a, 0xff, 0xc6, 0x9b, 0x8a, 0xff, 0xc8, 0x9e, 0x8d, 0xff, 0xa4, 0x70, 0x63, 0xff, 
0x9e, 0x6e, 0x61, 0xff, 0xa3, 0x73, 0x66, 0xff, 0x95, 0x60, 0x54, 0xff, 0xa0, 0x73, 0x66, 0xff, 
0xb1, 0x7f, 0x72, 0xff, 0xad, 0x75, 0x68, 0xff, 0xb9, 0x81, 0x73, 0xff, 0xb1, 0x7c, 0x6e, 0xff, 
0xad, 0x7b, 0x6f, 0xff, 0xae, 0x81, 0x75, 0xff, 0xa8, 0x7e, 0x71, 0xff, 0xac, 0x80, 0x72, 0xff, 
0xb4, 0x87, 0x77, 0xff, 0xaf, 0x81, 0x73, 0xff, 0xa5, 0x76, 0x69, 0xff, 0xc8, 0x9f, 0x8c, 0xff, 
0xb0, 0x7e, 0x70, 0xff, 0x9a, 0x5f, 0x54, 0xff, 0xbb, 0x8b, 0x7c, 0xff, 0xc1, 0x8f, 0x7d, 0xff, 
0xb9, 0x88, 0x77, 0xff, 0xac, 0x7e, 0x6f, 0xff, 0xad, 0x76, 0x66, 0xff, 0x8e, 0x55, 0x4a, 0xff, 
0x69, 0x38, 0x31, 0xff, 0x7b, 0x46, 0x3c, 0xff, 0x78, 0x43, 0x39, 0xff, 0x78, 0x45, 0x3b, 0xff, 
0x7b, 0x45, 0x39, 0xff, 0x80, 0x47, 0x3d, 0xff, 0x90, 0x58, 0x4b, 0xff, 0x91, 0x57, 0x4b, 0xff, 
0x76, 0x3f, 0x38, 0xff, 0x7b, 0x4b, 0x42, 0xff, 0x5a, 0x37, 0x30, 0xff, 0x7d, 0x48, 0x3d, 0xff, 
0x93, 0x5d, 0x52, 0xff, 0x8c, 0x5a, 0x4f, 0xff, 0xb3, 0x8a, 0x7b, 0xff, 0xff, 0xe4, 0xca, 0xff, 
0xfb, 0xe0, 0xc7, 0xff, 0xf6, 0xda, 0xc2, 0xff, 0xf5, 0xdc, 0xc2, 0xff, 0xeb, 0xcc, 0xb6, 0xff, 
0xd9, 0xae, 0x99, 0xff, 0xa2, 0x6e, 0x5c, 0xff, 0x9f, 0x6a, 0x5b, 0xff, 0xcd, 0x9d, 0x8f, 0xff, 
0xd2, 0xa1, 0x95, 0xff, 0xd6, 0xa9, 0x9c, 0xff, 0xdc, 0xb3, 0xa5, 0xff, 0xd9, 0xad, 0x9f, 0xff, 
0xd9, 0xad, 0x9f, 0xff, 0xda, 0xb0, 0xa1, 0xff, 0xe6, 0xbf, 0xb0, 0xff, 0xee, 0xce, 0xbd, 0xff, 
0xf2, 0xd9, 0xca, 0xff, 0xfb, 0xf0, 0xe8, 0xff, 0xf2, 0xea, 0xe4, 0xff, 0xef, 0xdc, 0xd4, 0xff, 
0xe8, 0xc2, 0xae, 0xff, 0xde, 0xb2, 0x9d, 0xff, 0xdc, 0xaf, 0x9c, 0xff, 0xe6, 0xbf, 0xaa, 0xff, 
0xe3, 0xbc, 0xa8, 0xff, 0xde, 0xb1, 0x9e, 0xff, 0xe9, 0xc2, 0xad, 0xff, 0xed, 0xce, 0xb9, 0xff, 
0xe8, 0xc9, 0xb9, 0xff, 0xee, 0xd5, 0xc9, 0xff, 0xec, 0xd0, 0xc0, 0xff, 0xea, 0xcc, 0xb9, 0xff, 
0xe5, 0xc6, 0xb6, 0xff, 0xe9, 0xd7, 0xcb, 0xff, 0xee, 0xe1, 0xd5, 0xff, 0xcb, 0xa0, 0x92, 0xff, 
0xab, 0x70, 0x65, 0xff, 0xc3, 0x92, 0x84, 0xff, 0xdc, 0xb9, 0xa5, 0xff, 0xc3, 0x9b, 0x89, 0xff, 
0xa9, 0x76, 0x66, 0xff, 0xad, 0x83, 0x6e, 0xff, 0xc6, 0x96, 0x86, 0xff, 0xcc, 0x9d, 0x90, 0xff, 
0xcd, 0x96, 0x89, 0xff, 0xca, 0x92, 0x82, 0xff, 0xdd, 0xaf, 0x99, 0xff, 0xdd, 0xaf, 0x99, 0xff, 
0xcf, 0x96, 0x83, 0xff, 0xd2, 0x92, 0x79, 0xff, 0xce, 0x8f, 0x76, 0xff, 0xb9, 0x80, 0x6c, 0xff, 
0xcc, 0x9d, 0x8a, 0xff, 0xda, 0xab, 0x95, 0xff, 0xba, 0x7f, 0x6c, 0xff, 0xad, 0x73, 0x61, 0xff, 
0xd0, 0x9c, 0x88, 0xff, 0xd5, 0x9f, 0x8a, 0xff, 0xd0, 0x9b, 0x8a, 0xff, 0xdb, 0xa6, 0x92, 0xff, 
0xd7, 0xa0, 0x8e, 0xff, 0xd9, 0xa8, 0x96, 0xff, 0xd9, 0xae, 0x97, 0xff, 0xdb, 0xb5, 0xa0, 0xff, 
0xed, 0xd9, 0xc9, 0xff, 0xe5, 0xc2, 0xb0, 0xff, 0xd8, 0xa8, 0x92, 0xff, 0xe8, 0xbe, 0xa8, 0xff, 
0xf3, 0xd4, 0xc0, 0xff, 0xe2, 0xc4, 0xb3, 0xff, 0xda, 0xbe, 0xb0, 0xff, 0xe7, 0xcf, 0xc0, 0xff, 
0xe0, 0xc0, 0xad, 0xff, 0xdb, 0xb4, 0xa1, 0xff, 0xe8, 0xbe, 0xaf, 0xff, 0xe4, 0xb4, 0xa4, 0xff, 
0xe0, 0xb4, 0xa5, 0xff, 0xdb, 0xb1, 0xa4, 0xff, 0xd4, 0xa3, 0x93, 0xff, 0xcc, 0x9b, 0x8b, 0xff, 
0xd3, 0xa3, 0x94, 0xff, 0xde, 0xaa, 0x9c, 0xff, 0xdc, 0xa2, 0x93, 0xff, 0xdd, 0xa7, 0x98, 0xff, 
0xdf, 0xaa, 0x9b, 0xff, 0xd9, 0x9b, 0x8f, 0xff, 0xc7, 0x92, 0x81, 0xff, 0xda, 0xb3, 0x9f, 0xff, 
0xe1, 0x9c, 0x8d, 0xff, 0xdf, 0xa0, 0x8f, 0xff, 0xe7, 0xb7, 0xa5, 0xff, 0xdb, 0x9f, 0x8f, 0xff, 
0xd7, 0xa8, 0x9a, 0xff, 0xd8, 0xb4, 0xa2, 0xff, 0xdd, 0xb6, 0xa6, 0xff, 0xda, 0xb0, 0x9e, 0xff, 
0xd4, 0x8a, 0x76, 0xff, 0xda, 0x9a, 0x88, 0xff, 0xdc, 0xb0, 0xa0, 0xff, 0xd2, 0xa7, 0x96, 0xff, 
0xd2, 0xa1, 0x8f, 0xff, 0xde, 0xb4, 0xa3, 0xff, 0xdc, 0xae, 0x9a, 0xff, 0xcc, 0x94, 0x7d, 0xff, 
0xd0, 0x9b, 0x86, 0xff, 0xcb, 0x91, 0x7e, 0xff, 0xc7, 0x8f, 0x7c, 0xff, 0xcc, 0x96, 0x84, 0xff, 
0xcd, 0x96, 0x83, 0xff, 0xbe, 0x81, 0x6f, 0xff, 0xbf, 0x8a, 0x75, 0xff, 0xc9, 0x98, 0x82, 0xff, 
0xcd, 0x9c, 0x87, 0xff, 0xd7, 0xa9, 0x93, 0xff, 0xe1, 0xb5, 0xa2, 0xff, 0xe0, 0xc4, 0xbc, 0xff, 
0xd8, 0xb9, 0xb4, 0xff, 0xd9, 0xb4, 0xaa, 0xff, 0xdc, 0xc1, 0xb9, 0xff, 0xc3, 0x96, 0x8b, 0xff, 
0xd0, 0xa0, 0x92, 0xff, 0xca, 0x99, 0x8a, 0xff, 0xbd, 0x84, 0x72, 0xff, 0xc3, 0x86, 0x74, 0xff, 
0xb7, 0x79, 0x6b, 0xff, 0xb5, 0x73, 0x66, 0xff, 0xbe, 0x74, 0x65, 0xff, 0xc0, 0x72, 0x64, 0xff, 
0xbe, 0x6d, 0x5f, 0xff, 0xc0, 0x73, 0x66, 0xff, 0xc4, 0x7e, 0x70, 0xff, 0xc2, 0x79, 0x6b, 0xff, 
0xc4, 0x7b, 0x6b, 0xff, 0xc9, 0x82, 0x71, 0xff, 0xc2, 0x7e, 0x6e, 0xff, 0xbf, 0x81, 0x6f, 0xff, 
0xbc, 0x82, 0x70, 0xff, 0xc4, 0x8f, 0x7e, 0xff, 0xc2, 0x90, 0x80, 0xff, 0xb0, 0x70, 0x60, 0xff, 
0xaf, 0x73, 0x63, 0xff, 0xbe, 0x82, 0x72, 0xff, 0xbb, 0x77, 0x6b, 0xff, 0xb4, 0x71, 0x63, 0xff, 
0xc3, 0x84, 0x73, 0xff, 0xc1, 0x8a, 0x78, 0xff, 0xb4, 0x76, 0x6a, 0xff, 0xae, 0x6c, 0x61, 0xff, 
0xbe, 0x78, 0x6b, 0xff, 0xc5, 0x7c, 0x6f, 0xff, 0xb9, 0x6f, 0x62, 0xff, 0xc2, 0x78, 0x6c, 0xff, 
0xc5, 0x7b, 0x6f, 0xff, 0xb9, 0x77, 0x68, 0xff, 0xb5, 0x6f, 0x61, 0xff, 0xc0, 0x76, 0x6a, 0xff, 
0xda, 0x9b, 0x8a, 0xff, 0xc8, 0x7f, 0x71, 0xff, 0xb8, 0x6a, 0x5d, 0xff, 0xb8, 0x69, 0x5c, 0xff, 
0xbd, 0x79, 0x6a, 0xff, 0xcb, 0x9a, 0x8b, 0xff, 0xb6, 0x73, 0x67, 0xff, 0xc2, 0x96, 0x88, 0xff, 
0xc7, 0x97, 0x89, 0xff, 0xb9, 0x83, 0x76, 0xff, 0xb0, 0x7e, 0x6f, 0xff, 0xa4, 0x66, 0x5a, 0xff, 
0xaf, 0x70, 0x60, 0xff, 0xc6, 0x90, 0x7a, 0xff, 0xcc, 0x8f, 0x7b, 0xff, 0xc8, 0x8c, 0x77, 0xff, 
0xb8, 0x85, 0x72, 0xff, 0xb8, 0x80, 0x6e, 0xff, 0xc2, 0x7b, 0x6a, 0xff, 0xc1, 0x7f, 0x6d, 0xff, 
0xc6, 0x88, 0x73, 0xff, 0xbc, 0x7a, 0x69, 0xff, 0xaf, 0x6c, 0x5c, 0xff, 0xb7, 0x76, 0x62, 0xff, 
0xbf, 0x81, 0x6d, 0xff, 0xab, 0x65, 0x55, 0xff, 0xb3, 0x6e, 0x5e, 0xff, 0xb6, 0x7e, 0x6e, 0xff, 
0xae, 0x7a, 0x6c, 0xff, 0xae, 0x79, 0x6b, 0xff, 0xb3, 0x84, 0x75, 0xff, 0xb2, 0x88, 0x78, 0xff, 
0xbb, 0x96, 0x83, 0xff, 0xb5, 0x87, 0x76, 0xff, 0xb0, 0x7f, 0x6d, 0xff, 0xb9, 0x8c, 0x7c, 0xff, 
0xc2, 0x95, 0x81, 0xff, 0xcd, 0xa1, 0x8e, 0xff, 0xc4, 0x9a, 0x8a, 0xff, 0xc8, 0x9d, 0x8d, 0xff, 
0xca, 0x9d, 0x8a, 0xff, 0xc9, 0x9f, 0x89, 0xff, 0xc6, 0x99, 0x84, 0xff, 0xb6, 0x85, 0x74, 0xff, 
0xb1, 0x7c, 0x6c, 0xff, 0xc8, 0x97, 0x81, 0xff, 0xc7, 0x99, 0x85, 0xff, 0xb0, 0x80, 0x71, 0xff, 
0xb8, 0x84, 0x73, 0xff, 0xbc, 0x8a, 0x7b, 0xff, 0xcd, 0xac, 0x9c, 0xff, 0xca, 0xac, 0x9c, 0xff, 
0xaf, 0x7c, 0x6a, 0xff, 0xb4, 0x7d, 0x6b, 0xff, 0xba, 0x88, 0x75, 0xff, 0xb4, 0x82, 0x70, 0xff, 
0xbb, 0x8a, 0x78, 0xff, 0xa8, 0x77, 0x68, 0xff, 0x9a, 0x66, 0x5a, 0xff, 0xb1, 0x80, 0x70, 0xff, 
0x95, 0x66, 0x5a, 0xff, 0x99, 0x65, 0x5b, 0xff, 0xb5, 0x7e, 0x70, 0xff, 0xb1, 0x7f, 0x71, 0xff, 
0xa7, 0x76, 0x6a, 0xff, 0x9f, 0x70, 0x64, 0xff, 0xa3, 0x74, 0x68, 0xff, 0xac, 0x80, 0x73, 0xff, 
0xb2, 0x87, 0x78, 0xff, 0xab, 0x7f, 0x71, 0xff, 0xac, 0x7e, 0x6f, 0xff, 0xb8, 0x8a, 0x7c, 0xff, 
0xbb, 0x8f, 0x7f, 0xff, 0xb1, 0x83, 0x74, 0xff, 0x9a, 0x66, 0x59, 0xff, 0xc7, 0x9c, 0x8a, 0xff, 
0xd3, 0xad, 0x9b, 0xff, 0xa0, 0x66, 0x59, 0xff, 0xae, 0x73, 0x64, 0xff, 0xc4, 0x8f, 0x7d, 0xff, 
0xbc, 0x86, 0x75, 0xff, 0xb7, 0x85, 0x74, 0xff, 0x76, 0x3f, 0x35, 0xff, 0x73, 0x40, 0x37, 0xff, 
0x6f, 0x3a, 0x34, 0xff, 0x75, 0x42, 0x39, 0xff, 0x78, 0x42, 0x39, 0xff, 0x78, 0x40, 0x36, 0xff, 
0x76, 0x3f, 0x34, 0xff, 0x6f, 0x40, 0x39, 0xff, 0x84, 0x52, 0x49, 0xff, 0x89, 0x49, 0x3e, 0xff, 
0x93, 0x55, 0x49, 0xff, 0x9c, 0x66, 0x58, 0xff, 0x8b, 0x51, 0x45, 0xff, 0xc0, 0x86, 0x74, 0xff, 
0xb9, 0x84, 0x74, 0xff, 0x6c, 0x44, 0x3b, 0xff, 0x72, 0x53, 0x4b, 0xff, 0xf6, 0xcf, 0xb8, 0xff, 
0xf0, 0xc8, 0xad, 0xff, 0xec, 0xcd, 0xb6, 0xff, 0xe0, 0xbf, 0xaa, 0xff, 0xd6, 0xac, 0x98, 0xff, 
0xe4, 0xbf, 0xac, 0xff, 0xca, 0x9e, 0x89, 0xff, 0xb3, 0x7d, 0x6a, 0xff, 0xcd, 0x9b, 0x8c, 0xff, 
0xd0, 0x9f, 0x91, 0xff, 0xdb, 0xae, 0xa0, 0xff, 0xe9, 0xc3, 0xb4, 0xff, 0xf2, 0xd8, 0xcb, 0xff, 
0xf5, 0xdb, 0xd0, 0xff, 0xf0, 0xd2, 0xc6, 0xff, 0xf2, 0xd6, 0xc8, 0xff, 0xf0, 0xd1, 0xc0, 0xff, 
0xf8, 0xe4, 0xd8, 0xff, 0xfb, 0xf4, 0xec, 0xff, 0xf3, 0xe4, 0xdb, 0xff, 0xe9, 0xc8, 0xbb, 0xff, 
0xe5, 0xc4, 0xb5, 0xff, 0xe5, 0xc1, 0xad, 0xff, 0xde, 0xb1, 0x9d, 0xff, 0xdc, 0xaf, 0x9b, 0xff, 
0xed, 0xcb, 0xb7, 0xff, 0xe7, 0xc3, 0xb0, 0xff, 0xe3, 0xbd, 0xab, 0xff, 0xf2, 0xd4, 0xc0, 0xff, 
0xeb, 0xc9, 0xb3, 0xff, 0xea, 0xca, 0xbc, 0xff, 0xec, 0xcd, 0xc0, 0xff, 0xee, 0xd3, 0xc1, 0xff, 
0xee, 0xd0, 0xbe, 0xff, 0xe2, 0xbf, 0xad, 0xff, 0xd9, 0xb4, 0xa2, 0xff, 0xde, 0xbf, 0xac, 0xff, 
0xb7, 0x8c, 0x7d, 0xff, 0xb4, 0x82, 0x75, 0xff, 0xd5, 0xa3, 0x94, 0xff, 0xce, 0xaa, 0x9a, 0xff, 
0xd0, 0xae, 0x9d, 0xff, 0xd2, 0xb1, 0x9d, 0xff, 0xcc, 0xad, 0x97, 0xff, 0xbd, 0x91, 0x81, 0xff, 
0xba, 0x83, 0x76, 0xff, 0xd9, 0xb0, 0x9e, 0xff, 0xd8, 0xab, 0x94, 0xff, 0xdd, 0xac, 0x95, 0xff, 
0xdc, 0xab, 0x95, 0xff, 0xc1, 0x84, 0x71, 0xff, 0xc2, 0x84, 0x72, 0xff, 0xd1, 0x91, 0x79, 0xff, 
0xd0, 0x91, 0x78, 0xff, 0xcf, 0xa0, 0x8b, 0xff, 0xc9, 0x9d, 0x8b, 0xff, 0xc2, 0x93, 0x82, 0xff, 
0xd2, 0x9e, 0x8a, 0xff, 0xcb, 0x95, 0x81, 0xff, 0xcc, 0x9b, 0x88, 0xff, 0xdc, 0xb0, 0x9a, 0xff, 
0xd7, 0xa9, 0x93, 0xff, 0xe6, 0xba, 0xa0, 0xff, 0xea, 0xc4, 0xad, 0xff, 0xd8, 0xac, 0x99, 0xff, 
0xf8, 0xe2, 0xce, 0xff, 0xea, 0xc5, 0xb0, 0xff, 0xd3, 0xa1, 0x8a, 0xff, 0xdc, 0xaf, 0x9a, 0xff, 
0xe6, 0xba, 0xa2, 0xff, 0xe9, 0xbd, 0xa4, 0xff, 0xee, 0xcb, 0xb8, 0xff, 0xed, 0xce, 0xbb, 0xff, 
0xf2, 0xd3, 0xc1, 0xff, 0xda, 0xb6, 0xa5, 0xff, 0xd5, 0xa7, 0x95, 0xff, 0xde, 0xac, 0x9c, 0xff, 
0xdc, 0xad, 0x9c, 0xff, 0xdc, 0xab, 0x9b, 0xff, 0xdb, 0xa9, 0x98, 0xff, 0xde, 0xaf, 0x9d, 0xff, 
0xd1, 0x9c, 0x8e, 0xff, 0xdb, 0xa5, 0x95, 0xff, 0xe7, 0xb3, 0xa3, 0xff, 0xe7, 0xb7, 0xa7, 0xff, 
0xe2, 0xad, 0x9d, 0xff, 0xe0, 0xa8, 0x99, 0xff, 0xd7, 0xa4, 0x92, 0xff, 0xe1, 0xb0, 0x9f, 0xff, 
0xde, 0xa2, 0x95, 0xff, 0xd7, 0xa7, 0x96, 0xff, 0xdc, 0xa4, 0x94, 0xff, 0xdc, 0xa2, 0x92, 0xff, 
0xd2, 0x9b, 0x88, 0xff, 0xd7, 0xb0, 0x9f, 0xff, 0xe7, 0xbc, 0xac, 0xff, 0xdd, 0xb5, 0xa4, 0xff, 
0xd4, 0xab, 0x99, 0xff, 0xdb, 0xa5, 0x93, 0xff, 0xd9, 0xae, 0xa0, 0xff, 0xe3, 0xbf, 0xb1, 0xff, 
0xdd, 0xaf, 0x9b, 0xff, 0xdc, 0xb1, 0x9a, 0xff, 0xdf, 0xb2, 0x9b, 0xff, 0xe6, 0xc0, 0xa8, 0xff, 
0xd5, 0xa2, 0x8c, 0xff, 0xcc, 0x95, 0x82, 0xff, 0xd7, 0xac, 0x98, 0xff, 0xd2, 0xa0, 0x8c, 0xff, 
0xc7, 0x86, 0x73, 0xff, 0xc2, 0x82, 0x70, 0xff, 0xc4, 0x83, 0x71, 0xff, 0xc9, 0x87, 0x76, 0xff, 
0xc6, 0x89, 0x77, 0xff, 0xce, 0x98, 0x84, 0xff, 0xdb, 0xac, 0x97, 0xff, 0xd9, 0xa1, 0x8e, 0xff, 
0xcb, 0x98, 0x8a, 0xff, 0xd0, 0xa7, 0x9a, 0xff, 0xd5, 0xa9, 0x9a, 0xff, 0xd7, 0xac, 0x9e, 0xff, 
0xdc, 0xb7, 0xa8, 0xff, 0xc6, 0x93, 0x84, 0xff, 0xca, 0x99, 0x8b, 0xff, 0xc2, 0x83, 0x76, 0xff, 
0xb8, 0x6c, 0x5d, 0xff, 0xbf, 0x72, 0x64, 0xff, 0xc5, 0x7a, 0x6b, 0xff, 0xb8, 0x70, 0x63, 0xff, 
0xbc, 0x72, 0x63, 0xff, 0xce, 0x86, 0x77, 0xff, 0xcc, 0x84, 0x75, 0xff, 0xc8, 0x7f, 0x71, 0xff, 
0xc9, 0x83, 0x73, 0xff, 0xc5, 0x7f, 0x6e, 0xff, 0xbf, 0x7b, 0x69, 0xff, 0xc1, 0x7f, 0x6d, 0xff, 
0xba, 0x76, 0x66, 0xff, 0xc4, 0x95, 0x85, 0xff, 0xbc, 0x87, 0x76, 0xff, 0xac, 0x68, 0x57, 0xff, 
0xad, 0x77, 0x69, 0xff, 0xba, 0x85, 0x73, 0xff, 0xb9, 0x77, 0x68, 0xff, 0xac, 0x67, 0x5b, 0xff, 
0xb2, 0x70, 0x61, 0xff, 0xb7, 0x78, 0x66, 0xff, 0xb5, 0x78, 0x68, 0xff, 0xb2, 0x73, 0x67, 0xff, 
0xb9, 0x79, 0x6c, 0xff, 0xc2, 0x80, 0x72, 0xff, 0xb3, 0x6b, 0x5d, 0xff, 0xb6, 0x6f, 0x62, 0xff, 
0xc5, 0x79, 0x6a, 0xff, 0xc8, 0x7c, 0x6b, 0xff, 0xb9, 0x6e, 0x61, 0xff, 0xb3, 0x65, 0x59, 0xff, 
0xcf, 0x88, 0x79, 0xff, 0xd2, 0x89, 0x7b, 0xff, 0xba, 0x70, 0x62, 0xff, 0xbc, 0x6f, 0x61, 0xff, 
0xb8, 0x77, 0x69, 0xff, 0xcf, 0xa5, 0x96, 0xff, 0xc9, 0x9b, 0x8e, 0xff, 0xd7, 0xb6, 0xae, 0xff, 
0xd0, 0x9f, 0x93, 0xff, 0xba, 0x8a, 0x7a, 0xff, 0xb5, 0x81, 0x71, 0xff, 0xb0, 0x7b, 0x6d, 0xff, 
0xa6, 0x6a, 0x5b, 0xff, 0xc0, 0x85, 0x74, 0xff, 0xd0, 0x9d, 0x8b, 0xff, 0xd5, 0xa5, 0x92, 0xff, 
0xd3, 0xa0, 0x8b, 0xff, 0xc7, 0x91, 0x7f, 0xff, 0xb4, 0x79, 0x68, 0xff, 0xb3, 0x79, 0x66, 0xff, 
0xb9, 0x7b, 0x69, 0xff, 0xb2, 0x76, 0x65, 0xff, 0xc0, 0x8b, 0x79, 0xff, 0xbd, 0x89, 0x78, 0xff, 
0xbc, 0x79, 0x67, 0xff, 0xc4, 0x89, 0x78, 0xff, 0xc2, 0x93, 0x81, 0xff, 0xc1, 0x93, 0x81, 0xff, 
0xb5, 0x87, 0x77, 0xff, 0xae, 0x80, 0x72, 0xff, 0xb5, 0x8a, 0x79, 0xff, 0xb2, 0x88, 0x76, 0xff, 
0xad, 0x85, 0x73, 0xff, 0xb2, 0x82, 0x72, 0xff, 0xad, 0x75, 0x69, 0xff, 0xae, 0x79, 0x68, 0xff, 
0xad, 0x7c, 0x68, 0xff, 0xb9, 0x8a, 0x79, 0xff, 0xcc, 0xa3, 0x92, 0xff, 0xcf, 0xa6, 0x93, 0xff, 
0xcd, 0xa1, 0x8d, 0xff, 0xb4, 0x86, 0x71, 0xff, 0xad, 0x79, 0x65, 0xff, 0xab, 0x75, 0x64, 0xff, 
0xa6, 0x75, 0x61, 0xff, 0xb0, 0x7a, 0x68, 0xff, 0xba, 0x82, 0x71, 0xff, 0xa1, 0x6a, 0x58, 0xff, 
0x9f, 0x69, 0x59, 0xff, 0xaf, 0x7c, 0x69, 0xff, 0xc4, 0x9e, 0x8b, 0xff, 0xd7, 0xbf, 0xb1, 0xff, 
0xc0, 0x98, 0x88, 0xff, 0xb7, 0x81, 0x6c, 0xff, 0xc1, 0x91, 0x7d, 0xff, 0xbd, 0x8b, 0x77, 0xff, 
0xc0, 0x91, 0x7d, 0xff, 0xad, 0x7d, 0x6e, 0xff, 0x93, 0x61, 0x56, 0xff, 0xae, 0x7b, 0x6c, 0xff, 
0xb7, 0x80, 0x70, 0xff, 0xb9, 0x86, 0x75, 0xff, 0xaa, 0x7a, 0x6c, 0xff, 0x9c, 0x6b, 0x60, 0xff, 
0x9d, 0x6f, 0x62, 0xff, 0xa8, 0x7b, 0x6c, 0xff, 0xb0, 0x83, 0x75, 0xff, 0xab, 0x7c, 0x6e, 0xff, 
0xa2, 0x73, 0x65, 0xff, 0xa9, 0x7b, 0x6b, 0xff, 0xad, 0x79, 0x6a, 0xff, 0xb5, 0x83, 0x73, 0xff, 
0xb7, 0x88, 0x77, 0xff, 0xab, 0x76, 0x67, 0xff, 0x94, 0x58, 0x4b, 0xff, 0x8c, 0x52, 0x47, 0xff, 
0xcc, 0xa3, 0x8f, 0xff, 0xca, 0x97, 0x84, 0xff, 0xab, 0x6f, 0x60, 0xff, 0xa9, 0x71, 0x62, 0xff, 
0x83, 0x4d, 0x41, 0xff, 0xac, 0x72, 0x61, 0xff, 0x91, 0x5a, 0x4d, 0xff, 0x64, 0x36, 0x2d, 0xff, 
0x74, 0x3d, 0x34, 0xff, 0x74, 0x3d, 0x34, 0xff, 0x73, 0x3e, 0x35, 0xff, 0x77, 0x41, 0x36, 0xff, 
0x76, 0x3e, 0x35, 0xff, 0x82, 0x50, 0x47, 0xff, 0x64, 0x30, 0x2b, 0xff, 0xa1, 0x69, 0x5b, 0xff, 
0xc4, 0x8a, 0x77, 0xff, 0x7b, 0x3b, 0x31, 0xff, 0x98, 0x5f, 0x52, 0xff, 0xca, 0x9c, 0x8a, 0xff, 
0xb6, 0x82, 0x71, 0xff, 0x61, 0x3f, 0x37, 0xff, 0x86, 0x69, 0x5f, 0xff, 0xf1, 0xca, 0xb2, 0xff, 
0xe5, 0xba, 0xa0, 0xff, 0xee, 0xd1, 0xbb, 0xff, 0xe5, 0xc5, 0xb0, 0xff, 0xd3, 0xa6, 0x8f, 0xff, 
0xe7, 0xc2, 0xac, 0xff, 0xee, 0xcd, 0xb7, 0xff, 0xda, 0xaf, 0x9a, 0xff, 0xcc, 0x9b, 0x89, 0xff, 
0xe0, 0xb7, 0xa7, 0xff, 0xeb, 0xc6, 0xb8, 0xff, 0xee, 0xcf, 0xc1, 0xff, 0xf6, 0xe0, 0xd3, 0xff, 
0xf7, 0xdd, 0xcf, 0xff, 0xf6, 0xdd, 0xd1, 0xff, 0xf7, 0xe0, 0xd4, 0xff, 0xf5, 0xdd, 0xce, 0xff, 
0xf1, 0xe1, 0xd6, 0xff, 0xf3, 0xe4, 0xda, 0xff, 0xf4, 0xdd, 0xd0, 0xff, 0xe8, 0xc6, 0xb8, 0xff, 
0xf0, 0xda, 0xcf, 0xff, 0xf0, 0xd7, 0xcb, 0xff, 0xeb, 0xc9, 0xb5, 0xff, 0xde, 0xb2, 0x9d, 0xff, 
0xdb, 0xae, 0x99, 0xff, 0xf4, 0xd9, 0xc6, 0xff, 0xf3, 0xdd, 0xce, 0xff, 0xeb, 0xcb, 0xbc, 0xff, 
0xf4, 0xd6, 0xc0, 0xff, 0xf3, 0xd6, 0xc1, 0xff, 0xe1, 0xb9, 0xa8, 0xff, 0xe0, 0xb8, 0xa7, 0xff, 
0xe2, 0xbe, 0xab, 0xff, 0xe7, 0xc6, 0xb1, 0xff, 0xe2, 0xb9, 0xa7, 0xff, 0xe8, 0xc5, 0xb5, 0xff, 
0xc7, 0x9d, 0x8d, 0xff, 0xae, 0x79, 0x6d, 0xff, 0xca, 0x9b, 0x8c, 0xff, 0xd9, 0xac, 0x9b, 0xff, 
0xdd, 0xbd, 0xad, 0xff, 0xd1, 0xb0, 0x9d, 0xff, 0xd4, 0xb1, 0x9c, 0xff, 0xba, 0x95, 0x7f, 0xff, 
0xb0, 0x80, 0x6f, 0xff, 0xcd, 0x99, 0x8a, 0xff, 0xd3, 0xa9, 0x93, 0xff, 0xc4, 0x8e, 0x78, 0xff, 
0xdb, 0xa6, 0x8f, 0xff, 0xda, 0xa1, 0x87, 0xff, 0xcd, 0x92, 0x7a, 0xff, 0xc5, 0x87, 0x73, 0xff, 
0xcf, 0x8e, 0x75, 0xff, 0xda, 0x9f, 0x83, 0xff, 0xe6, 0xb8, 0xa0, 0xff, 0xf2, 0xcb, 0xb5, 0xff, 
0xe7, 0xbe, 0xa7, 0xff, 0xdf, 0xb2, 0x9a, 0xff, 0xe4, 0xb6, 0x9d, 0xff, 0xe6, 0xb8, 0x9f, 0xff, 
0xe1, 0xb3, 0x9b, 0xff, 0xe9, 0xca, 0xb8, 0xff, 0xfb, 0xee, 0xde, 0xff, 0xf3, 0xd8, 0xc1, 0xff, 
0xf1, 0xd1, 0xb9, 0xff, 0xe1, 0xb7, 0xa0, 0xff, 0xd1, 0x9f, 0x89, 0xff, 0xd7, 0xa8, 0x93, 0xff, 
0xd5, 0xa8, 0x93, 0xff, 0xdc, 0xb0, 0x9b, 0xff, 0xdf, 0xb1, 0x9a, 0xff, 0xda, 0xab, 0x96, 0xff, 
0xe7, 0xc3, 0xae, 0xff, 0xf4, 0xd4, 0xc2, 0xff, 0xd9, 0xb0, 0x9f, 0xff, 0xd9, 0xac, 0x9b, 0xff, 
0xe3, 0xb5, 0xa4, 0xff, 0xdd, 0xa9, 0x99, 0xff, 0xde, 0xa6, 0x96, 0xff, 0xe8, 0xbb, 0xab, 0xff, 
0xe1, 0xb2, 0xa1, 0xff, 0xd9, 0x9f, 0x8f, 0xff, 0xe4, 0xaf, 0xa1, 0xff, 0xea, 0xbd, 0xab, 0xff, 
0xe3, 0xb2, 0xa0, 0xff, 0xe5, 0xb3, 0xa1, 0xff, 0xec, 0xb8, 0xa8, 0xff, 0xe5, 0xb3, 0xa3, 0xff, 
0xd6, 0x9c, 0x8e, 0xff, 0xd2, 0x9f, 0x90, 0xff, 0xd5, 0xa4, 0x93, 0xff, 0xdb, 0xa8, 0x97, 0xff, 
0xda, 0xac, 0x9b, 0xff, 0xd8, 0xab, 0x9b, 0xff, 0xdf, 0xb2, 0xa2, 0xff, 0xe9, 0xc2, 0xb1, 0xff, 
0xe1, 0xc1, 0xb0, 0xff, 0xd7, 0xb2, 0xa3, 0xff, 0xd7, 0xad, 0x9e, 0xff, 0xe4, 0xc1, 0xb2, 0xff, 
0xdd, 0xb3, 0xa0, 0xff, 0xdd, 0xae, 0x98, 0xff, 0xde, 0xb5, 0x9f, 0xff, 0xdc, 0xb1, 0x9e, 0xff, 
0xd7, 0xa3, 0x92, 0xff, 0xcd, 0x96, 0x83, 0xff, 0xcb, 0x95, 0x81, 0xff, 0xcd, 0x92, 0x7d, 0xff, 
0xcd, 0x87, 0x75, 0xff, 0xc3, 0x7b, 0x6b, 0xff, 0xc2, 0x7b, 0x6c, 0xff, 0xbe, 0x7d, 0x6d, 0xff, 
0xbc, 0x77, 0x68, 0xff, 0xce, 0x94, 0x81, 0xff, 0xdf, 0xba, 0xa4, 0xff, 0xe0, 0xb4, 0xa3, 0xff, 
0xdf, 0xaf, 0x9d, 0xff, 0xd9, 0xaf, 0x9c, 0xff, 0xdc, 0xb1, 0x9e, 0xff, 0xe5, 0xc1, 0xb6, 0xff, 
0xd4, 0xae, 0xa4, 0xff, 0xca, 0x91, 0x7f, 0xff, 0xcf, 0x91, 0x81, 0xff, 0xc0, 0x7d, 0x6f, 0xff, 
0xbd, 0x77, 0x67, 0xff, 0xbc, 0x71, 0x63, 0xff, 0xba, 0x6c, 0x5f, 0xff, 0xba, 0x73, 0x65, 0xff, 
0xcd, 0x8a, 0x7c, 0xff, 0xc6, 0x7c, 0x6e, 0xff, 0xbc, 0x6e, 0x60, 0xff, 0xba, 0x69, 0x5b, 0xff, 
0xca, 0x88, 0x77, 0xff, 0xcc, 0x9a, 0x86, 0xff, 0xc2, 0x87, 0x73, 0xff, 0xc7, 0x89, 0x73, 0xff, 
0xc6, 0x88, 0x74, 0xff, 0xc5, 0x8a, 0x75, 0xff, 0xb4, 0x70, 0x5b, 0xff, 0xae, 0x67, 0x57, 0xff, 
0xb4, 0x7a, 0x6c, 0xff, 0xb5, 0x79, 0x69, 0xff, 0xb4, 0x6b, 0x5d, 0xff, 0xb3, 0x6b, 0x5d, 0xff, 
0xac, 0x6c, 0x5e, 0xff, 0xb7, 0x7c, 0x6a, 0xff, 0xc1, 0x8e, 0x79, 0xff, 0xb7, 0x7d, 0x6f, 0xff, 
0xb8, 0x80, 0x6f, 0xff, 0xb6, 0x7b, 0x69, 0xff, 0xab, 0x69, 0x5d, 0xff, 0xb4, 0x6e, 0x60, 0xff, 
0xc0, 0x76, 0x66, 0xff, 0xbb, 0x71, 0x61, 0xff, 0xb3, 0x6d, 0x60, 0xff, 0xb8, 0x6c, 0x60, 0xff, 
0xb7, 0x6e, 0x60, 0xff, 0xd5, 0x8f, 0x80, 0xff, 0xce, 0x8b, 0x7c, 0xff, 0xbe, 0x80, 0x6e, 0xff, 
0xcd, 0x98, 0x89, 0xff, 0xca, 0xa4, 0x96, 0xff, 0xc4, 0x96, 0x87, 0xff, 0xdc, 0xbc, 0xb1, 0xff, 
0xd6, 0xb4, 0xa8, 0xff, 0xc8, 0x93, 0x83, 0xff, 0xb1, 0x71, 0x62, 0xff, 0xa8, 0x6e, 0x60, 0xff, 
0xa4, 0x67, 0x5a, 0xff, 0xaa, 0x66, 0x5a, 0xff, 0xb8, 0x7d, 0x6d, 0xff, 0xd9, 0xb8, 0xab, 0xff, 
0xd5, 0xad, 0x9d, 0xff, 0xc3, 0x8e, 0x79, 0xff, 0xb9, 0x85, 0x73, 0xff, 0xb7, 0x77, 0x67, 0xff, 
0xb5, 0x7b, 0x69, 0xff, 0xb0, 0x73, 0x61, 0xff, 0xbb, 0x7d, 0x69, 0xff, 0xc0, 0x91, 0x83, 0xff, 
0xcf, 0xa8, 0x9a, 0xff, 0xd9, 0xb3, 0xa1, 0xff, 0xc6, 0x9a, 0x87, 0xff, 0xb8, 0x84, 0x71, 0xff, 
0xaf, 0x7c, 0x6a, 0xff, 0xaa, 0x78, 0x69, 0xff, 0xa4, 0x76, 0x68, 0xff, 0xae, 0x7e, 0x6f, 0xff, 
0xb1, 0x80, 0x6f, 0xff, 0xc1, 0x92, 0x82, 0xff, 0xca, 0xa3, 0x95, 0xff, 0xcc, 0xaa, 0x9a, 0xff, 
0xb7, 0x90, 0x82, 0xff, 0xb4, 0x89, 0x7a, 0xff, 0xb7, 0x89, 0x79, 0xff, 0xb4, 0x85, 0x72, 0xff, 
0xb2, 0x82, 0x6e, 0xff, 0xa8, 0x77, 0x65, 0xff, 0xa7, 0x76, 0x64, 0xff, 0xa3, 0x6e, 0x61, 0xff, 
0x93, 0x5e, 0x53, 0xff, 0x9b, 0x67, 0x59, 0xff, 0xaf, 0x78, 0x67, 0xff, 0xac, 0x74, 0x61, 0xff, 
0xa3, 0x6b, 0x5b, 0xff, 0xa8, 0x74, 0x62, 0xff, 0xcc, 0xa3, 0x8f, 0xff, 0xc1, 0x97, 0x85, 0xff, 
0xc5, 0x9e, 0x8d, 0xff, 0xc8, 0xa3, 0x91, 0xff, 0xbb, 0x8d, 0x7a, 0xff, 0xc8, 0x98, 0x81, 0xff, 
0xc9, 0x9c, 0x86, 0xff, 0xcb, 0xa1, 0x89, 0xff, 0xb8, 0x8a, 0x76, 0xff, 0xa8, 0x77, 0x68, 0xff, 
0xa1, 0x6a, 0x5c, 0xff, 0xab, 0x79, 0x6a, 0xff, 0xaa, 0x7a, 0x6b, 0xff, 0xab, 0x7a, 0x6b, 0xff, 
0xaf, 0x7c, 0x6e, 0xff, 0xac, 0x7a, 0x6c, 0xff, 0xbb, 0x89, 0x79, 0xff, 0xa8, 0x77, 0x68, 0xff, 
0x9b, 0x66, 0x5a, 0xff, 0x9d, 0x69, 0x5b, 0xff, 0x95, 0x5e, 0x52, 0xff, 0x97, 0x5c, 0x4f, 0xff, 
0x99, 0x5f, 0x52, 0xff, 0x81, 0x48, 0x3d, 0xff, 0x75, 0x3f, 0x37, 0xff, 0x76, 0x3d, 0x34, 0xff, 
0x77, 0x3d, 0x34, 0xff, 0xa4, 0x6e, 0x5f, 0xff, 0x96, 0x5b, 0x4e, 0xff, 0x90, 0x57, 0x4b, 0xff, 
0x62, 0x30, 0x29, 0xff, 0x67, 0x36, 0x2f, 0xff, 0x84, 0x4d, 0x42, 0xff, 0x79, 0x43, 0x38, 0xff, 
0x77, 0x43, 0x36, 0xff, 0x7b, 0x42, 0x38, 0xff, 0x71, 0x3b, 0x33, 0xff, 0x7b, 0x44, 0x3a, 0xff, 
0x79, 0x41, 0x39, 0xff, 0x83, 0x4c, 0x42, 0xff, 0x7e, 0x44, 0x3b, 0xff, 0x90, 0x5a, 0x4d, 0xff, 
0x8b, 0x56, 0x48, 0xff, 0xae, 0x6a, 0x5b, 0xff, 0xa6, 0x77, 0x6b, 0xff, 0x6d, 0x43, 0x3b, 0xff, 
0xb9, 0x89, 0x78, 0xff, 0x72, 0x4e, 0x44, 0xff, 0xa8, 0x88, 0x79, 0xff, 0xf5, 0xca, 0xae, 0xff, 
0xdd, 0xb4, 0x9c, 0xff, 0xea, 0xd2, 0xbe, 0xff, 0xee, 0xd1, 0xbb, 0xff, 0xdf, 0xb2, 0x98, 0xff, 
0xe0, 0xb6, 0x9d, 0xff, 0xe6, 0xbf, 0xa6, 0xff, 0xe9, 0xc5, 0xae, 0xff, 0xeb, 0xcb, 0xb6, 0xff, 
0xf1, 0xd2, 0xc0, 0xff, 0xf5, 0xd8, 0xc8, 0xff, 0xf2, 0xd5, 0xc5, 0xff, 0xf6, 0xdf, 0xd3, 0xff, 
0xf6, 0xdf, 0xd3, 0xff, 0xf8, 0xe8, 0xde, 0xff, 0xf8, 0xeb, 0xe2, 0xff, 0xf2, 0xe7, 0xe1, 0xff, 
0xf0, 0xe1, 0xd6, 0xff, 0xf1, 0xd5, 0xc6, 0xff, 0xee, 0xce, 0xbe, 0xff, 0xea, 0xc7, 0xb8, 0xff, 
0xeb, 0xce, 0xc1, 0xff, 0xed, 0xd2, 0xc6, 0xff, 0xed, 0xd2, 0xc5, 0xff, 0xea, 0xc8, 0xb8, 0xff, 
0xe7, 0xc3, 0xaf, 0xff, 0xea, 0xc9, 0xb7, 0xff, 0xf5, 0xd9, 0xc6, 0xff, 0xef, 0xd1, 0xbc, 0xff, 
0xeb, 0xc8, 0xb6, 0xff, 0xf0, 0xd0, 0xbb, 0xff, 0xf4, 0xd3, 0xbd, 0xff, 0xd6, 0xa7, 0x95, 0xff, 
0xcf, 0xa4, 0x90, 0xff, 0xf0, 0xd6, 0xc2, 0xff, 0xf5, 0xdc, 0xc9, 0xff, 0xe2, 0xb9, 0xa2, 0xff, 
0xc2, 0x89, 0x76, 0xff, 0xa8, 0x6b, 0x5e, 0xff, 0xb8, 0x82, 0x74, 0xff, 0xd5, 0xa1, 0x91, 0xff, 
0xd9, 0xb0, 0x9f, 0xff, 0xe0, 0xc7, 0xb6, 0xff, 0xda, 0xbd, 0xae, 0xff, 0xd5, 0xaf, 0x9a, 0xff, 
0xc4, 0x9a, 0x85, 0xff, 0xb2, 0x79, 0x69, 0xff, 0xcf, 0x9a, 0x86, 0xff, 0xde, 0xae, 0x95, 0xff, 
0xd3, 0x99, 0x85, 0xff, 0xd6, 0x9c, 0x84, 0xff, 0xe0, 0xa8, 0x8a, 0xff, 0xd7, 0xa0, 0x88, 0xff, 
0xc8, 0x8b, 0x73, 0xff, 0xca, 0x89, 0x6c, 0xff, 0xdd, 0xa5, 0x8c, 0xff, 0xeb, 0xc0, 0xad, 0xff, 
0xf1, 0xcf, 0xb8, 0xff, 0xf4, 0xd0, 0xb7, 0xff, 0xe3, 0xb4, 0x9a, 0xff, 0xd3, 0x9f, 0x8c, 0xff, 
0xec, 0xd4, 0xc6, 0xff, 0xd9, 0xb5, 0xa5, 0xff, 0xd2, 0xa7, 0x93, 0xff, 0xf0, 0xcf, 0xb8, 0xff, 
0xdc, 0xaf, 0x99, 0xff, 0xdf, 0xb5, 0x9f, 0xff, 0xd1, 0x9e, 0x88, 0xff, 0xcd, 0x96, 0x83, 0xff, 
0xcc, 0x9f, 0x8a, 0xff, 0xd7, 0xab, 0x93, 0xff, 0xe3, 0xb5, 0x9f, 0xff, 0xdf, 0xb5, 0xa0, 0xff, 
0xd3, 0xa9, 0x95, 0xff, 0xf5, 0xd6, 0xc1, 0xff, 0xd6, 0xb1, 0x9e, 0xff, 0xca, 0x9f, 0x8c, 0xff, 
0xed, 0xc5, 0xb3, 0xff, 0xdf, 0xaf, 0x9e, 0xff, 0xe3, 0xaf, 0x9e, 0xff, 0xea, 0xbb, 0xab, 0xff, 
0xe7, 0xb8, 0xa6, 0xff, 0xd6, 0x9c, 0x8d, 0xff, 0xdd, 0xa4, 0x96, 0xff, 0xe0, 0xaa, 0x9a, 0xff, 
0xe0, 0xaf, 0x9e, 0xff, 0xe8, 0xb6, 0xa6, 0xff, 0xea, 0xba, 0xaa, 0xff, 0xde, 0xac, 0x9b, 0xff, 
0xdc, 0xa8, 0x96, 0xff, 0xd7, 0xa6, 0x95, 0xff, 0xda, 0xa8, 0x98, 0xff, 0xdd, 0xa3, 0x96, 0xff, 
0xdd, 0xab, 0x9d, 0xff, 0xd6, 0xac, 0x9a, 0xff, 0xdb, 0xaf, 0xa0, 0xff, 0xdb, 0xac, 0x9b, 0xff, 
0xd1, 0xa1, 0x8e, 0xff, 0xd4, 0xa4, 0x93, 0xff, 0xd7, 0xaa, 0x9a, 0xff, 0xdc, 0xb4, 0xa2, 0xff, 
0xec, 0xcc, 0xbb, 0xff, 0xde, 0xb3, 0xa1, 0xff, 0xd2, 0x9e, 0x8b, 0xff, 0xd3, 0x9e, 0x8a, 0xff, 
0xcb, 0x90, 0x7c, 0xff, 0xd5, 0xa5, 0x90, 0xff, 0xd0, 0x96, 0x83, 0xff, 0xc4, 0x80, 0x6f, 0xff, 
0xc0, 0x7f, 0x6f, 0xff, 0xbd, 0x7b, 0x6b, 0xff, 0xba, 0x7c, 0x6b, 0xff, 0xbb, 0x84, 0x73, 0xff, 
0xc4, 0x8c, 0x7a, 0xff, 0xcf, 0x9e, 0x89, 0xff, 0xd5, 0xa7, 0x98, 0xff, 0xd4, 0x9c, 0x8c, 0xff, 
0xd7, 0xa7, 0x93, 0xff, 0xd7, 0xac, 0x9a, 0xff, 0xe3, 0xc0, 0xb1, 0xff, 0xe1, 0xbd, 0xae, 0xff, 
0xd3, 0xa8, 0x99, 0xff, 0xd7, 0xa7, 0x97, 0xff, 0xc2, 0x87, 0x75, 0xff, 0xb9, 0x71, 0x61, 0xff, 
0xc2, 0x7c, 0x6d, 0xff, 0xb4, 0x74, 0x66, 0xff, 0xba, 0x73, 0x65, 0xff, 0xcd, 0x82, 0x75, 0xff, 
0xc2, 0x79, 0x6a, 0xff, 0xb6, 0x6e, 0x60, 0xff, 0xaf, 0x68, 0x59, 0xff, 0xcd, 0x98, 0x89, 0xff, 
0xde, 0xbd, 0xad, 0xff, 0xc7, 0x9a, 0x8b, 0xff, 0xc4, 0x89, 0x76, 0xff, 0xc5, 0x87, 0x70, 0xff, 
0xc2, 0x84, 0x6d, 0xff, 0xca, 0x8c, 0x78, 0xff, 0xc2, 0x83, 0x6d, 0xff, 0xb1, 0x6f, 0x5f, 0xff, 
0xaa, 0x65, 0x58, 0xff, 0xb5, 0x6c, 0x5d, 0xff, 0xbb, 0x6f, 0x60, 0xff, 0xb7, 0x73, 0x65, 0xff, 
0xb9, 0x80, 0x70, 0xff, 0xbd, 0x85, 0x74, 0xff, 0xb7, 0x87, 0x76, 0xff, 0xc0, 0x8b, 0x7c, 0xff, 
0xca, 0x94, 0x85, 0xff, 0xac, 0x77, 0x68, 0xff, 0xb2, 0x71, 0x62, 0xff, 0xb7, 0x73, 0x62, 0xff, 
0xab, 0x64, 0x57, 0xff, 0xb6, 0x76, 0x67, 0xff, 0xb8, 0x78, 0x6a, 0xff, 0xb2, 0x71, 0x63, 0xff, 
0xb3, 0x76, 0x64, 0xff, 0xb7, 0x79, 0x6a, 0xff, 0xd2, 0x8d, 0x7f, 0xff, 0xb8, 0x6c, 0x5e, 0xff, 
0xce, 0xa0, 0x8f, 0xff, 0xda, 0xb8, 0xa7, 0xff, 0xb5, 0x75, 0x67, 0xff, 0xb0, 0x77, 0x68, 0xff, 
0xb2, 0x7e, 0x70, 0xff, 0xc7, 0x9a, 0x89, 0xff, 0xc5, 0x95, 0x84, 0xff, 0xad, 0x6b, 0x5f, 0xff, 
0xa7, 0x69, 0x5c, 0xff, 0xab, 0x6d, 0x60, 0xff, 0xb0, 0x69, 0x5a, 0xff, 0xc4, 0x90, 0x80, 0xff, 
0xd0, 0xa8, 0x9a, 0xff, 0xc2, 0x8f, 0x7d, 0xff, 0xc5, 0x82, 0x6f, 0xff, 0xc1, 0x83, 0x72, 0xff, 
0xb5, 0x84, 0x74, 0xff, 0xae, 0x73, 0x63, 0xff, 0xab, 0x6e, 0x5e, 0xff, 0xca, 0x9f, 0x90, 0xff, 
0xd1, 0xad, 0x99, 0xff, 0xbb, 0x85, 0x70, 0xff, 0xbc, 0x81, 0x6c, 0xff, 0xb4, 0x7f, 0x6d, 0xff, 
0xac, 0x76, 0x64, 0xff, 0xb0, 0x7b, 0x68, 0xff, 0xaf, 0x7c, 0x6b, 0xff, 0xb2, 0x80, 0x70, 0xff, 
0xb9, 0x89, 0x78, 0xff, 0xb8, 0x8b, 0x7b, 0xff, 0xbe, 0x99, 0x88, 0xff, 0xd2, 0xb2, 0xa2, 0xff, 
0xdf, 0xc3, 0xb4, 0xff, 0xd0, 0xaf, 0x9e, 0xff, 0xc5, 0xa1, 0x91, 0xff, 0xbf, 0x95, 0x85, 0xff, 
0xad, 0x7b, 0x69, 0xff, 0xa1, 0x6e, 0x5f, 0xff, 0xb0, 0x7c, 0x6c, 0xff, 0xa7, 0x74, 0x66, 0xff, 
0x94, 0x60, 0x53, 0xff, 0xa4, 0x6e, 0x5f, 0xff, 0xab, 0x73, 0x61, 0xff, 0xaf, 0x7b, 0x69, 0xff, 
0xb4, 0x83, 0x72, 0xff, 0x93, 0x5d, 0x51, 0xff, 0xaa, 0x75, 0x68, 0xff, 0xbd, 0x8d, 0x7a, 0xff, 
0xc9, 0x9d, 0x88, 0xff, 0xad, 0x81, 0x76, 0xff, 0xa3, 0x74, 0x67, 0xff, 0x98, 0x67, 0x57, 0xff, 
0xac, 0x7c, 0x6b, 0xff, 0xb1, 0x7e, 0x6b, 0xff, 0xbd, 0x8e, 0x7a, 0xff, 0xaa, 0x7a, 0x6b, 0xff, 
0x8d, 0x5a, 0x4e, 0xff, 0xa0, 0x6e, 0x60, 0xff, 0xbf, 0x8b, 0x77, 0xff, 0xb1, 0x7c, 0x6d, 0xff, 
0x92, 0x62, 0x55, 0xff, 0x9b, 0x67, 0x59, 0xff, 0xa1, 0x69, 0x5b, 0xff, 0x99, 0x61, 0x55, 0xff, 
0x80, 0x4e, 0x45, 0xff, 0x7f, 0x49, 0x40, 0xff, 0x87, 0x4d, 0x42, 0xff, 0x86, 0x4e, 0x45, 0xff, 
0x73, 0x3a, 0x35, 0xff, 0x6e, 0x3b, 0x35, 0xff, 0x71, 0x3f, 0x35, 0xff, 0x6d, 0x3c, 0x34, 0xff, 
0x6e, 0x37, 0x31, 0xff, 0x83, 0x4b, 0x40, 0xff, 0x81, 0x4d, 0x43, 0xff, 0x8d, 0x56, 0x4b, 0xff, 
0x81, 0x4a, 0x40, 0xff, 0x5c, 0x30, 0x2c, 0xff, 0x69, 0x36, 0x31, 0xff, 0x72, 0x3d, 0x35, 0xff, 
0x75, 0x41, 0x37, 0xff, 0x70, 0x3b, 0x33, 0xff, 0x75, 0x40, 0x38, 0xff, 0x72, 0x3c, 0x34, 0xff, 
0x68, 0x2f, 0x28, 0xff, 0x74, 0x38, 0x31, 0xff, 0x83, 0x47, 0x3d, 0xff, 0x6c, 0x33, 0x2a, 0xff, 
0xab, 0x66, 0x57, 0xff, 0xe2, 0xb2, 0x9e, 0xff, 0x7d, 0x64, 0x5b, 0xff, 0x5f, 0x37, 0x2f, 0xff, 
0xad, 0x85, 0x75, 0xff, 0x76, 0x52, 0x47, 0xff, 0xa1, 0x7e, 0x6c, 0xff, 0xf4, 0xca, 0xaf, 0xff, 
0xea, 0xcb, 0xb6, 0xff, 0xee, 0xda, 0xc6, 0xff, 0xeb, 0xcd, 0xb7, 0xff, 0xe2, 0xb8, 0x9e, 0xff, 
0xe3, 0xba, 0xa1, 0xff, 0xe4, 0xba, 0xa2, 0xff, 0xe5, 0xbf, 0xa6, 0xff, 0xe4, 0xbb, 0xa1, 0xff, 
0xea, 0xcc, 0xbc, 0xff, 0xf1, 0xe1, 0xd9, 0xff, 0xe7, 0xc0, 0xad, 0xff, 0xea, 0xc4, 0xb2, 0xff, 
0xfb, 0xf0, 0xe6, 0xff, 0xfa, 0xee, 0xe6, 0xff, 0xf3, 0xec, 0xe5, 0xff, 0xf4, 0xeb, 0xe4, 0xff, 
0xf9, 0xe7, 0xdc, 0xff, 0xef, 0xd0, 0xc3, 0xff, 0xe5, 0xc2, 0xb0, 0xff, 0xe9, 0xc8, 0xb9, 0xff, 
0xeb, 0xcb, 0xbb, 0xff, 0xe2, 0xbb, 0xaa, 0xff, 0xed, 0xd2, 0xc5, 0xff, 0xf3, 0xdc, 0xd1, 0xff, 
0xf3, 0xde, 0xd1, 0xff, 0xee, 0xcf, 0xbd, 0xff, 0xe7, 0xbe, 0xac, 0xff, 0xf1, 0xd4, 0xbf, 0xff, 
0xf7, 0xdd, 0xc6, 0xff, 0xe7, 0xbe, 0xa9, 0xff, 0xec, 0xc5, 0xaf, 0xff, 0xdd, 0xb5, 0x9f, 0xff, 
0xdd, 0xb8, 0xa2, 0xff, 0xe3, 0xbf, 0xac, 0xff, 0xda, 0xb4, 0xa0, 0xff, 0xe3, 0xbb, 0xa4, 0xff, 
0xe3, 0xb7, 0x9e, 0xff, 0xd0, 0x9a, 0x83, 0xff, 0xc1, 0x84, 0x72, 0xff, 0xc6, 0x8c, 0x7a, 0xff, 
0xc8, 0x90, 0x7e, 0xff, 0xe1, 0xc5, 0xb7, 0xff, 0xe8, 0xdb, 0xd0, 0xff, 0xe4, 0xc3, 0xb5, 0xff, 
0xdc, 0xad, 0x9b, 0xff, 0xc3, 0x8f, 0x7d, 0xff, 0xc3, 0x8a, 0x77, 0xff, 0xdf, 0xa8, 0x90, 0xff, 
0xd7, 0x9d, 0x83, 0xff, 0xcc, 0x8d, 0x79, 0xff, 0xd0, 0x91, 0x78, 0xff, 0xe8, 0xb7, 0x9a, 0xff, 
0xe0, 0xb0, 0x94, 0xff, 0xd1, 0x99, 0x7e, 0xff, 0xd6, 0x9b, 0x87, 0xff, 0xd6, 0x9f, 0x8c, 0xff, 
0xd7, 0xa6, 0x90, 0xff, 0xea, 0xc0, 0xa8, 0xff, 0xea, 0xbd, 0xa3, 0xff, 0xe7, 0xc4, 0xb4, 0xff, 
0xed, 0xdd, 0xce, 0xff, 0xe1, 0xba, 0xa4, 0xff, 0xd0, 0x9e, 0x88, 0xff, 0xd4, 0xa1, 0x8b, 0xff, 
0xd7, 0xa6, 0x91, 0xff, 0xd9, 0xac, 0x95, 0xff, 0xd2, 0xa2, 0x8c, 0xff, 0xc5, 0x8c, 0x79, 0xff, 
0xd9, 0xab, 0x94, 0xff, 0xed, 0xca, 0xb0, 0xff, 0xde, 0xb2, 0x9a, 0xff, 0xe0, 0xb4, 0x9d, 0xff, 
0xce, 0x9e, 0x8b, 0xff, 0xdf, 0xba, 0xa6, 0xff, 0xdd, 0xb9, 0xa4, 0xff, 0xd3, 0xac, 0x9b, 0xff, 
0xe8, 0xc4, 0xb3, 0xff, 0xe8, 0xc0, 0xac, 0xff, 0xf0, 0xc4, 0xb2, 0xff, 0xec, 0xbf, 0xab, 0xff, 
0xe9, 0xb9, 0xa7, 0xff, 0xe6, 0xb1, 0xa1, 0xff, 0xe2, 0xad, 0x9c, 0xff, 0xe3, 0xac, 0x9d, 0xff, 
0xe8, 0xb6, 0xa6, 0xff, 0xec, 0xbb, 0xac, 0xff, 0xe9, 0xb3, 0xa5, 0xff, 0xe4, 0xb9, 0xa7, 0xff, 
0xe2, 0xba, 0xa7, 0xff, 0xe6, 0xb2, 0xa3, 0xff, 0xda, 0xa3, 0x96, 0xff, 0xe1, 0xad, 0x9d, 0xff, 
0xe2, 0x9d, 0x93, 0xff, 0xc4, 0x85, 0x76, 0xff, 0xc3, 0x93, 0x7c, 0xff, 0xd6, 0xa5, 0x93, 0xff, 
0xd0, 0x9b, 0x8a, 0xff, 0xc9, 0x8b, 0x78, 0xff, 0xd0, 0x9d, 0x8a, 0xff, 0xe0, 0xbd, 0xa8, 0xff, 
0xde, 0xb9, 0xa4, 0xff, 0xd7, 0xad, 0x9c, 0xff, 0xde, 0xb3, 0xa0, 0xff, 0xdd, 0xab, 0x95, 0xff, 
0xdf, 0xb5, 0x9d, 0xff, 0xe0, 0xb5, 0x9f, 0xff, 0xd3, 0x9c, 0x88, 0xff, 0xc2, 0x88, 0x75, 0xff, 
0xbc, 0x80, 0x6f, 0xff, 0xbf, 0x83, 0x71, 0xff, 0xc6, 0x8a, 0x77, 0xff, 0xc5, 0x8f, 0x7c, 0xff, 
0xca, 0x98, 0x84, 0xff, 0xd5, 0xa5, 0x8f, 0xff, 0xe8, 0xc5, 0xb8, 0xff, 0xe2, 0xba, 0xae, 0xff, 
0xc3, 0x94, 0x85, 0xff, 0xd0, 0xa2, 0x96, 0xff, 0xd4, 0x9e, 0x8f, 0xff, 0xcd, 0x9e, 0x8d, 0xff, 
0xce, 0x9f, 0x8d, 0xff, 0xcc, 0x95, 0x84, 0xff, 0xb8, 0x7d, 0x6b, 0xff, 0xbc, 0x80, 0x71, 0xff, 
0xbf, 0x74, 0x67, 0xff, 0xb6, 0x74, 0x65, 0xff, 0xc5, 0x82, 0x73, 0xff, 0xcf, 0x93, 0x82, 0xff, 
0xc2, 0x90, 0x80, 0xff, 0xc7, 0x9b, 0x8d, 0xff, 0xd2, 0xaa, 0x9e, 0xff, 0xcb, 0xa3, 0x95, 0xff, 
0xbf, 0x96, 0x87, 0xff, 0xad, 0x77, 0x6a, 0xff, 0xbe, 0x80, 0x6c, 0xff, 0xc3, 0x86, 0x73, 0xff, 
0xd1, 0x9b, 0x87, 0xff, 0xce, 0x98, 0x85, 0xff, 0xca, 0x94, 0x81, 0xff, 0xc2, 0x8c, 0x7e, 0xff, 
0xba, 0x7b, 0x6c, 0xff, 0xc2, 0x7f, 0x72, 0xff, 0xbd, 0x7d, 0x6e, 0xff, 0xaf, 0x68, 0x5e, 0xff, 
0xae, 0x71, 0x64, 0xff, 0xac, 0x73, 0x65, 0xff, 0xa6, 0x6c, 0x60, 0xff, 0xc9, 0x8f, 0x81, 0xff, 
0xd5, 0x99, 0x8b, 0xff, 0xc5, 0x90, 0x80, 0xff, 0xc0, 0x8d, 0x76, 0xff, 0xb7, 0x7d, 0x6b, 0xff, 
0xb8, 0x7a, 0x6a, 0xff, 0xc2, 0x84, 0x73, 0xff, 0xc4, 0x84, 0x73, 0xff, 0xc4, 0x85, 0x75, 0xff, 
0xb9, 0x7a, 0x6a, 0xff, 0xb3, 0x76, 0x67, 0xff, 0xb8, 0x78, 0x6a, 0xff, 0xcb, 0x86, 0x7a, 0xff, 
0xc4, 0x8c, 0x7a, 0xff, 0xc2, 0x88, 0x76, 0xff, 0xbd, 0x89, 0x79, 0xff, 0xc4, 0x8e, 0x7e, 0xff, 
0xbf, 0x81, 0x70, 0xff, 0xc7, 0x96, 0x86, 0xff, 0xd0, 0xa8, 0x98, 0xff, 0xc7, 0x9c, 0x8f, 0xff, 
0xb1, 0x73, 0x67, 0xff, 0xaf, 0x6d, 0x60, 0xff, 0xb2, 0x77, 0x69, 0xff, 0xbe, 0x86, 0x75, 0xff, 
0xca, 0x96, 0x84, 0xff, 0xc7, 0x94, 0x84, 0xff, 0xca, 0x91, 0x7c, 0xff, 0xc2, 0x88, 0x75, 0xff, 
0xb8, 0x85, 0x75, 0xff, 0xc1, 0x96, 0x86, 0xff, 0xc2, 0x9a, 0x8b, 0xff, 0xc3, 0x95, 0x84, 0xff, 
0xbb, 0x7f, 0x69, 0xff, 0xb7, 0x7e, 0x69, 0xff, 0xbc, 0x87, 0x72, 0xff, 0xbd, 0x8d, 0x78, 0xff, 
0xbc, 0x8e, 0x7a, 0xff, 0xc3, 0x8f, 0x7a, 0xff, 0xc1, 0x86, 0x72, 0xff, 0xba, 0x86, 0x75, 0xff, 
0xb8, 0x83, 0x72, 0xff, 0xb8, 0x87, 0x75, 0xff, 0xae, 0x7d, 0x6c, 0xff, 0xa9, 0x7c, 0x6c, 0xff, 
0xcb, 0xa2, 0x90, 0xff, 0xda, 0xb3, 0xa2, 0xff, 0xd0, 0xaf, 0x9c, 0xff, 0xc7, 0xa5, 0x94, 0xff, 
0xc8, 0xa0, 0x8f, 0xff, 0xaf, 0x7d, 0x6c, 0xff, 0xa9, 0x71, 0x5d, 0xff, 0xb2, 0x7c, 0x69, 0xff, 
0xa8, 0x74, 0x64, 0xff, 0xa1, 0x6c, 0x5c, 0xff, 0xa6, 0x6f, 0x5f, 0xff, 0xa0, 0x68, 0x59, 0xff, 
0xa2, 0x6b, 0x5c, 0xff, 0x91, 0x57, 0x4c, 0xff, 0x86, 0x4d, 0x43, 0xff, 0xaa, 0x75, 0x64, 0xff, 
0xab, 0x7b, 0x6b, 0xff, 0x7e, 0x4c, 0x45, 0xff, 0x90, 0x5d, 0x52, 0xff, 0xa9, 0x79, 0x6a, 0xff, 
0x91, 0x5f, 0x52, 0xff, 0x8e, 0x55, 0x4a, 0xff, 0x9b, 0x66, 0x58, 0xff, 0x98, 0x62, 0x55, 0xff, 
0xb0, 0x7b, 0x69, 0xff, 0xa7, 0x6e, 0x5f, 0xff, 0xa8, 0x71, 0x61, 0xff, 0x8b, 0x53, 0x49, 0xff, 
0x9e, 0x67, 0x59, 0xff, 0xc1, 0x8e, 0x7b, 0xff, 0x85, 0x4f, 0x44, 0xff, 0x79, 0x43, 0x3a, 0xff, 
0x72, 0x40, 0x3a, 0xff, 0x70, 0x3c, 0x35, 0xff, 0x80, 0x49, 0x3f, 0xff, 0x93, 0x58, 0x4d, 0xff, 
0x84, 0x4c, 0x41, 0xff, 0x64, 0x37, 0x32, 0xff, 0x6c, 0x39, 0x32, 0xff, 0x7a, 0x43, 0x3a, 0xff, 
0x72, 0x40, 0x38, 0xff, 0x77, 0x41, 0x38, 0xff, 0x71, 0x3e, 0x37, 0xff, 0x7c, 0x43, 0x39, 0xff, 
0x9f, 0x62, 0x53, 0xff, 0x7f, 0x4a, 0x3f, 0xff, 0x6a, 0x38, 0x31, 0xff, 0x73, 0x3d, 0x34, 0xff, 
0x71, 0x3e, 0x36, 0xff, 0x6f, 0x3b, 0x35, 0xff, 0x78, 0x3e, 0x36, 0xff, 0x76, 0x42, 0x3a, 0xff, 
0x9a, 0x66, 0x57, 0xff, 0xd0, 0x9a, 0x82, 0xff, 0xb4, 0x76, 0x64, 0xff, 0xa5, 0x5e, 0x50, 0xff, 
0xcf, 0x8a, 0x77, 0xff, 0x68, 0x52, 0x4b, 0xff, 0x30, 0x15, 0x13, 0xff, 0x9f, 0x73, 0x65, 0xff, 
0xea, 0xc8, 0xb0, 0xff, 0x8d, 0x66, 0x56, 0xff, 0x6d, 0x47, 0x3c, 0xff, 0xdc, 0xb3, 0x9c, 0xff, 
0xee, 0xcb, 0xb4, 0xff, 0xde, 0xc1, 0xac, 0xff, 0xd5, 0xae, 0x98, 0xff, 0xe3, 0xb5, 0x9c, 0xff, 
0xe4, 0xba, 0xa3, 0xff, 0xe0, 0xb2, 0x9b, 0xff, 0xe0, 0xb5, 0x9d, 0xff, 0xe7, 0xbf, 0xa3, 0xff, 
0xe8, 0xc2, 0xaa, 0xff, 0xee, 0xda, 0xcf, 0xff, 0xea, 0xcf, 0xc6, 0xff, 0xf5, 0xe0, 0xd4, 0xff, 
0xfd, 0xf1, 0xe4, 0xff, 0xf9, 0xed, 0xe2, 0xff, 0xf6, 0xe8, 0xde, 0xff, 0xf8, 0xe2, 0xd5, 0xff, 
0xf2, 0xd7, 0xc9, 0xff, 0xe2, 0xbc, 0xac, 0xff, 0xe0, 0xba, 0xaa, 0xff, 0xea, 0xca, 0xb9, 0xff, 
0xec, 0xc9, 0xb7, 0xff, 0xe9, 0xc9, 0xb8, 0xff, 0xef, 0xd4, 0xc7, 0xff, 0xf3, 0xde, 0xd2, 0xff, 
0xf0, 0xd6, 0xcb, 0xff, 0xea, 0xc8, 0xb6, 0xff, 0xe2, 0xbc, 0xa8, 0xff, 0xe0, 0xb4, 0xa0, 0xff, 
0xe4, 0xb8, 0xa2, 0xff, 0xd7, 0xa4, 0x8e, 0xff, 0xb3, 0x7e, 0x6a, 0xff, 0xba, 0x91, 0x80, 0xff, 
0xf1, 0xcd, 0xb7, 0xff, 0xe4, 0xbb, 0xa3, 0xff, 0xd0, 0xa0, 0x8a, 0xff, 0xdc, 0xa6, 0x8d, 0xff, 
0xf1, 0xce, 0xb4, 0xff, 0xe2, 0xb3, 0x9c, 0xff, 0xd7, 0x9c, 0x85, 0xff, 0xc8, 0x90, 0x79, 0xff, 
0xc4, 0x8c, 0x7a, 0xff, 0xd2, 0xa2, 0x90, 0xff, 0xe3, 0xc5, 0xb2, 0xff, 0xe6, 0xd2, 0xc5, 0xff, 
0xd7, 0xb3, 0xa1, 0xff, 0xd7, 0xae, 0x99, 0xff, 0xca, 0x98, 0x85, 0xff, 0xcd, 0x8e, 0x79, 0xff, 
0xd3, 0x99, 0x7e, 0xff, 0xd3, 0x9a, 0x84, 0xff, 0xd2, 0x93, 0x7e, 0xff, 0xd2, 0x95, 0x7c, 0xff, 
0xe8, 0xba, 0x9d, 0xff, 0xe1, 0xad, 0x93, 0xff, 0xc9, 0x8e, 0x7c, 0xff, 0xc0, 0x88, 0x77, 0xff, 
0xc2, 0x8a, 0x77, 0xff, 0xc4, 0x94, 0x81, 0xff, 0xde, 0xb0, 0x98, 0xff, 0xf0, 0xd3, 0xbf, 0xff, 
0xe1, 0xbe, 0xaa, 0xff, 0xd7, 0xa8, 0x8f, 0xff, 0xe7, 0xbf, 0xa7, 0xff, 0xd4, 0xa4, 0x8f, 0xff, 
0xdc, 0xb0, 0x9a, 0xff, 0xdb, 0xb1, 0x99, 0xff, 0xcf, 0x9e, 0x88, 0xff, 0xd4, 0xa6, 0x8f, 0xff, 
0xda, 0xaf, 0x99, 0xff, 0xe3, 0xba, 0xa3, 0xff, 0xe6, 0xc0, 0xa7, 0xff, 0xe2, 0xbb, 0xa4, 0xff, 
0xd7, 0xa6, 0x92, 0xff, 0xda, 0xb1, 0x9c, 0xff, 0xe4, 0xc2, 0xac, 0xff, 0xd6, 0xaa, 0x98, 0xff, 
0xdd, 0xb6, 0xa5, 0xff, 0xe8, 0xc4, 0xb3, 0xff, 0xdf, 0xb2, 0xa0, 0xff, 0xe1, 0xb3, 0xa1, 0xff, 
0xe7, 0xb9, 0xa7, 0xff, 0xef, 0xbe, 0xad, 0xff, 0xec, 0xbb, 0xaa, 0xff, 0xdf, 0xaf, 0x9d, 0xff, 
0xe5, 0xb5, 0xa3, 0xff, 0xec, 0xc3, 0xb1, 0xff, 0xf0, 0xc4, 0xb5, 0xff, 0xed, 0xc0, 0xaf, 0xff, 
0xe2, 0xae, 0x9f, 0xff, 0xeb, 0xad, 0xa0, 0xff, 0xe9, 0xb4, 0xa5, 0xff, 0xe1, 0xb0, 0xa0, 0xff, 
0xde, 0x9c, 0x91, 0xff, 0xd7, 0x93, 0x87, 0xff, 0xc5, 0x86, 0x74, 0xff, 0xc8, 0x8c, 0x78, 0xff, 
0xcb, 0x8c, 0x79, 0xff, 0xc1, 0x83, 0x6f, 0xff, 0xd1, 0x93, 0x81, 0xff, 0xd5, 0x9f, 0x8c, 0xff, 
0xd9, 0xaf, 0x9c, 0xff, 0xed, 0xce, 0xb8, 0xff, 0xdf, 0xb3, 0x9b, 0xff, 0xd5, 0xa3, 0x8e, 0xff, 
0xd9, 0xab, 0x95, 0xff, 0xcb, 0x92, 0x7e, 0xff, 0xce, 0x97, 0x81, 0xff, 0xc5, 0x8f, 0x7a, 0xff, 
0xb7, 0x77, 0x65, 0xff, 0xc2, 0x8e, 0x7b, 0xff, 0xc4, 0x8f, 0x7b, 0xff, 0xbc, 0x83, 0x72, 0xff, 
0xd1, 0xa3, 0x91, 0xff, 0xe5, 0xc3, 0xb4, 0xff, 0xe4, 0xc3, 0xb6, 0xff, 0xe0, 0xc3, 0xb8, 0xff, 
0xda, 0xb6, 0xaa, 0xff, 0xd4, 0xa5, 0x99, 0xff, 0xcc, 0x9a, 0x8c, 0xff, 0xc7, 0x95, 0x85, 0xff, 
0xd4, 0xa8, 0x96, 0xff, 0xc6, 0x91, 0x7e, 0xff, 0xc6, 0x8d, 0x7a, 0xff, 0xc7, 0x92, 0x84, 0xff, 
0xb9, 0x84, 0x76, 0xff, 0xc0, 0x85, 0x75, 0xff, 0xcb, 0x91, 0x81, 0xff, 0xc3, 0x8e, 0x7d, 0xff, 
0xc7, 0x91, 0x83, 0xff, 0xc0, 0x92, 0x84, 0xff, 0xcf, 0xa7, 0x99, 0xff, 0xae, 0x72, 0x64, 0xff, 
0x9e, 0x61, 0x54, 0xff, 0xb4, 0x75, 0x65, 0xff, 0xce, 0x97, 0x83, 0xff, 0xc1, 0x8d, 0x7b, 0xff, 
0xc4, 0x8a, 0x78, 0xff, 0xc6, 0x8a, 0x77, 0xff, 0xbb, 0x7f, 0x71, 0xff, 0xc5, 0x8d, 0x7e, 0xff, 
0xc3, 0x83, 0x71, 0xff, 0xb7, 0x72, 0x63, 0xff, 0xb5, 0x6f, 0x61, 0xff, 0xbf, 0x76, 0x66, 0xff, 
0xa5, 0x64, 0x59, 0xff, 0x97, 0x5d, 0x54, 0xff, 0xc6, 0x8a, 0x7d, 0xff, 0xd0, 0x94, 0x83, 0xff, 
0xb5, 0x7a, 0x6b, 0xff, 0xaf, 0x75, 0x66, 0xff, 0xbf, 0x8a, 0x76, 0xff, 0xd5, 0xaa, 0x95, 0xff, 
0xdd, 0xb3, 0x9b, 0xff, 0xc0, 0x85, 0x73, 0xff, 0xb7, 0x7b, 0x6a, 0xff, 0xc0, 0x82, 0x70, 0xff, 
0xbd, 0x7d, 0x6d, 0xff, 0xc2, 0x84, 0x74, 0xff, 0xb4, 0x7c, 0x6e, 0xff, 0xbd, 0x85, 0x79, 0xff, 
0xc3, 0x7e, 0x70, 0xff, 0xb5, 0x74, 0x66, 0xff, 0xc5, 0x92, 0x81, 0xff, 0xc4, 0x86, 0x76, 0xff, 
0xb9, 0x76, 0x67, 0xff, 0xbc, 0x86, 0x76, 0xff, 0xbf, 0x88, 0x79, 0xff, 0xc3, 0x8d, 0x7e, 0xff, 
0xc9, 0x93, 0x85, 0xff, 0xbf, 0x81, 0x72, 0xff, 0xb4, 0x76, 0x66, 0xff, 0xc2, 0x8b, 0x79, 0xff, 
0xc8, 0x8c, 0x79, 0xff, 0xc4, 0x83, 0x71, 0xff, 0xbb, 0x82, 0x71, 0xff, 0xc1, 0x89, 0x77, 0xff, 
0xbd, 0x85, 0x72, 0xff, 0xbd, 0x92, 0x82, 0xff, 0xb8, 0x88, 0x79, 0xff, 0xb3, 0x77, 0x64, 0xff, 
0xbb, 0x82, 0x6d, 0xff, 0xc2, 0x8e, 0x78, 0xff, 0xbd, 0x8b, 0x76, 0xff, 0xbd, 0x8d, 0x79, 0xff, 
0xc7, 0x9a, 0x86, 0xff, 0xc7, 0x88, 0x76, 0xff, 0xc9, 0x87, 0x76, 0xff, 0xc0, 0x8a, 0x77, 0xff, 
0xb2, 0x75, 0x65, 0xff, 0xb8, 0x82, 0x71, 0xff, 0xbf, 0x8b, 0x79, 0xff, 0xb7, 0x8a, 0x7a, 0xff, 
0xb8, 0x8a, 0x7a, 0xff, 0xd5, 0xa9, 0x97, 0xff, 0xca, 0xa0, 0x8e, 0xff, 0xbf, 0x92, 0x81, 0xff, 
0xc9, 0xa2, 0x90, 0xff, 0xbc, 0x90, 0x7e, 0xff, 0xaf, 0x7f, 0x6c, 0xff, 0xb9, 0x85, 0x71, 0xff, 
0xa9, 0x75, 0x64, 0xff, 0x94, 0x61, 0x52, 0xff, 0x92, 0x5f, 0x52, 0xff, 0x9a, 0x61, 0x54, 0xff, 
0xb0, 0x75, 0x62, 0xff, 0xa3, 0x6c, 0x5e, 0xff, 0x7e, 0x47, 0x40, 0xff, 0x8f, 0x58, 0x4b, 0xff, 
0x9d, 0x63, 0x54, 0xff, 0x72, 0x40, 0x3b, 0xff, 0x94, 0x60, 0x54, 0xff, 0xc9, 0x95, 0x7e, 0xff, 
0xb1, 0x7e, 0x6c, 0xff, 0xac, 0x77, 0x66, 0xff, 0xa1, 0x65, 0x57, 0xff, 0x9e, 0x66, 0x58, 0xff, 
0xae, 0x75, 0x64, 0xff, 0xa0, 0x66, 0x5a, 0xff, 0xa6, 0x6d, 0x5f, 0xff, 0x9b, 0x60, 0x52, 0xff, 
0xa5, 0x64, 0x55, 0xff, 0x9b, 0x62, 0x54, 0xff, 0x73, 0x41, 0x3a, 0xff, 0x78, 0x47, 0x3f, 0xff, 
0x74, 0x41, 0x39, 0xff, 0x78, 0x40, 0x37, 0xff, 0x63, 0x35, 0x31, 0xff, 0x70, 0x3e, 0x38, 0xff, 
0x82, 0x4c, 0x41, 0xff, 0x70, 0x3e, 0x38, 0xff, 0x74, 0x40, 0x38, 0xff, 0x7a, 0x46, 0x3c, 0xff, 
0x6b, 0x3d, 0x36, 0xff, 0x79, 0x48, 0x3f, 0xff, 0x83, 0x49, 0x3d, 0xff, 0x75, 0x40, 0x37, 0xff, 
0x6d, 0x3e, 0x36, 0xff, 0x84, 0x4c, 0x40, 0xff, 0x78, 0x43, 0x39, 0xff, 0x6e, 0x38, 0x31, 0xff, 
0x84, 0x45, 0x3b, 0xff, 0x8a, 0x46, 0x3d, 0xff, 0x9a, 0x53, 0x45, 0xff, 0xdc, 0xa8, 0x90, 0xff, 
0xfd, 0xd6, 0xbb, 0xff, 0xff, 0xdd, 0xc0, 0xff, 0xe4, 0xae, 0x96, 0xff, 0xb3, 0x6c, 0x5c, 0xff, 
0x8e, 0x54, 0x47, 0xff, 0x56, 0x37, 0x32, 0xff, 0x60, 0x3e, 0x37, 0xff, 0xd1, 0xaf, 0x9a, 0xff, 
0xff, 0xe0, 0xc6, 0xff, 0xcb, 0xa9, 0x95, 0xff, 0x9c, 0x76, 0x67, 0xff, 0xad, 0x7d, 0x6b, 0xff, 
0xde, 0xb7, 0xa0, 0xff, 0xea, 0xce, 0xb8, 0xff, 0xd0, 0xa8, 0x93, 0xff, 0xdf, 0xb1, 0x99, 0xff, 
0xea, 0xc0, 0xa7, 0xff, 0xdf, 0xb5, 0x9e, 0xff, 0xe6, 0xbb, 0xa1, 0xff, 0xee, 0xc9, 0xac, 0xff, 
0xea, 0xbf, 0xa2, 0xff, 0xe4, 0xb5, 0x9b, 0xff, 0xe8, 0xce, 0xc4, 0xff, 0xfd, 0xfb, 0xf9, 0xff, 
0xef, 0xe3, 0xd9, 0xff, 0xef, 0xe1, 0xd7, 0xff, 0xf2, 0xdf, 0xd4, 0xff, 0xee, 0xd2, 0xc3, 0xff, 
0xe7, 0xc4, 0xb2, 0xff, 0xe8, 0xc6, 0xb3, 0xff, 0xe2, 0xbd, 0xab, 0xff, 0xda, 0xb0, 0x9f, 0xff, 
0xdf, 0xb8, 0xa6, 0xff, 0xe8, 0xc9, 0xb8, 0xff, 0xf4, 0xe1, 0xd8, 0xff, 0xfa, 0xf1, 0xea, 0xff, 
0xf2, 0xd6, 0xc8, 0xff, 0xef, 0xcd, 0xbf, 0xff, 0xf2, 0xd2, 0xc2, 0xff, 0xd4, 0xa4, 0x8f, 0xff, 
0xc5, 0x8e, 0x79, 0xff, 0xdb, 0xad, 0x9b, 0xff, 0xd8, 0xbb, 0xaf, 0xff, 0xc2, 0x9a, 0x8a, 0xff, 
0xe5, 0xbf, 0xa8, 0xff, 0xe2, 0xbc, 0xa4, 0xff, 0xc9, 0x8f, 0x76, 0xff, 0xce, 0x8d, 0x71, 0xff, 
0xe6, 0xb4, 0x98, 0xff, 0xde, 0xad, 0x97, 0xff, 0xd5, 0x9d, 0x88, 0xff, 0xd0, 0x98, 0x81, 0xff, 
0xce, 0x97, 0x82, 0xff, 0xcd, 0x95, 0x80, 0xff, 0xcb, 0x9b, 0x84, 0xff, 0xd3, 0xa8, 0x95, 0xff, 
0xd7, 0xb8, 0xa9, 0xff, 0xdc, 0xb8, 0xa6, 0xff, 0xda, 0xaf, 0x9b, 0xff, 0xce, 0x96, 0x81, 0xff, 
0xc8, 0x8e, 0x76, 0xff, 0xc9, 0x95, 0x7f, 0xff, 0xc0, 0x8d, 0x7c, 0xff, 0xad, 0x71, 0x60, 0xff, 
0xc3, 0x88, 0x74, 0xff, 0xc9, 0x94, 0x7d, 0xff, 0xc8, 0x90, 0x7c, 0xff, 0xbf, 0x86, 0x75, 0xff, 
0xac, 0x79, 0x6b, 0xff, 0xa0, 0x6f, 0x61, 0xff, 0xbf, 0x89, 0x77, 0xff, 0xd6, 0xa4, 0x8e, 0xff, 
0xda, 0xb0, 0x9a, 0xff, 0xd7, 0xab, 0x96, 0xff, 0xdb, 0xac, 0x95, 0xff, 0xd2, 0xa0, 0x8b, 0xff, 
0xd5, 0xa8, 0x92, 0xff, 0xd3, 0xa7, 0x92, 0xff, 0xcb, 0x9b, 0x84, 0xff, 0xf0, 0xcf, 0xb5, 0xff, 
0xeb, 0xc9, 0xb2, 0xff, 0xe2, 0xbd, 0xa7, 0xff, 0xe7, 0xc6, 0xaf, 0xff, 0xe4, 0xbd, 0xa7, 0xff, 
0xdb, 0xb0, 0x9a, 0xff, 0xd4, 0xa5, 0x90, 0xff, 0xda, 0xae, 0x9a, 0xff, 0xd8, 0xa9, 0x94, 0xff, 
0xde, 0xb1, 0x9e, 0xff, 0xe2, 0xb7, 0xa7, 0xff, 0xd3, 0xa4, 0x95, 0xff, 0xd5, 0xa5, 0x95, 0xff, 
0xca, 0x98, 0x8a, 0xff, 0xda, 0xa9, 0x99, 0xff, 0xed, 0xbf, 0xad, 0xff, 0xdc, 0xa8, 0x98, 0xff, 
0xe8, 0xb5, 0xa4, 0xff, 0xed, 0xc2, 0xb1, 0xff, 0xe7, 0xbb, 0xa7, 0xff, 0xe0, 0xa9, 0x9a, 0xff, 
0xe0, 0xa6, 0x97, 0xff, 0xec, 0xb3, 0xa4, 0xff, 0xf5, 0xc8, 0xb7, 0xff, 0xe0, 0xb1, 0x9d, 0xff, 
0xd8, 0x9e, 0x8c, 0xff, 0xe0, 0xa5, 0x97, 0xff, 0xd8, 0x91, 0x85, 0xff, 0xc5, 0x85, 0x71, 0xff, 
0xc1, 0x82, 0x70, 0xff, 0xbd, 0x7c, 0x6d, 0xff, 0xc9, 0x84, 0x74, 0xff, 0xdc, 0x93, 0x84, 0xff, 
0xd5, 0x9a, 0x86, 0xff, 0xd2, 0xa3, 0x8c, 0xff, 0xd9, 0xad, 0x97, 0xff, 0xd3, 0xa3, 0x8e, 0xff, 
0xc2, 0x86, 0x73, 0xff, 0xc3, 0x8a, 0x77, 0xff, 0xc9, 0x99, 0x84, 0xff, 0xca, 0x96, 0x86, 0xff, 
0xc8, 0x95, 0x82, 0xff, 0xc8, 0x96, 0x84, 0xff, 0xbe, 0x8b, 0x7a, 0xff, 0xc5, 0x91, 0x81, 0xff, 
0xd6, 0xaa, 0x98, 0xff, 0xeb, 0xd8, 0xd2, 0xff, 0xe4, 0xd3, 0xcd, 0xff, 0xd4, 0xb1, 0xa2, 0xff, 
0xe6, 0xc3, 0xb2, 0xff, 0xe6, 0xc2, 0xb1, 0xff, 0xd1, 0xa7, 0x97, 0xff, 0xcc, 0x9c, 0x8b, 0xff, 
0xdd, 0xb5, 0xa2, 0xff, 0xd8, 0xae, 0x9c, 0xff, 0xd0, 0xa0, 0x8b, 0xff, 0xbc, 0x7f, 0x6d, 0xff, 
0xba, 0x81, 0x72, 0xff, 0xcc, 0x8c, 0x7d, 0xff, 0xca, 0x94, 0x84, 0xff, 0xbc, 0x81, 0x73, 0xff, 
0xb8, 0x77, 0x68, 0xff, 0xc1, 0x90, 0x7f, 0xff, 0xcd, 0xa1, 0x91, 0xff, 0xb1, 0x73, 0x67, 0xff, 
0xa2, 0x59, 0x4d, 0xff, 0xc6, 0x92, 0x85, 0xff, 0xdd, 0xb9, 0xa9, 0xff, 0xc2, 0x88, 0x74, 0xff, 
0xb4, 0x72, 0x60, 0xff, 0xb6, 0x76, 0x63, 0xff, 0xb5, 0x76, 0x65, 0xff, 0xbe, 0x7f, 0x6e, 0xff, 
0xbf, 0x7a, 0x6b, 0xff, 0xbb, 0x7b, 0x6b, 0xff, 0xbe, 0x7c, 0x69, 0xff, 0xc7, 0x8c, 0x79, 0xff, 
0xaf, 0x7a, 0x6d, 0xff, 0xb9, 0x88, 0x7b, 0xff, 0xaf, 0x7a, 0x6c, 0xff, 0xa0, 0x69, 0x5b, 0xff, 
0xb0, 0x72, 0x65, 0xff, 0x9e, 0x5e, 0x52, 0xff, 0xa7, 0x68, 0x5a, 0xff, 0xbb, 0x82, 0x70, 0xff, 
0xcd, 0x97, 0x82, 0xff, 0xc0, 0x84, 0x72, 0xff, 0xb1, 0x78, 0x69, 0xff, 0xb6, 0x7e, 0x6b, 0xff, 
0xc5, 0x92, 0x80, 0xff, 0xc1, 0x8d, 0x7f, 0xff, 0xca, 0x9e, 0x8e, 0xff, 0xc7, 0xa1, 0x90, 0xff, 
0xc2, 0x8b, 0x7d, 0xff, 0xcd, 0x9d, 0x8e, 0xff, 0xc5, 0x96, 0x87, 0xff, 0xbb, 0x7d, 0x6d, 0xff, 
0xbb, 0x7a, 0x6a, 0xff, 0xb2, 0x6e, 0x5f, 0xff, 0xb0, 0x70, 0x61, 0xff, 0xbd, 0x84, 0x72, 0xff, 
0xcb, 0x9d, 0x8d, 0xff, 0xca, 0x96, 0x87, 0xff, 0xce, 0x9c, 0x8b, 0xff, 0xc7, 0x97, 0x82, 0xff, 
0xc1, 0x86, 0x71, 0xff, 0xb8, 0x79, 0x68, 0xff, 0xab, 0x6b, 0x5e, 0xff, 0xad, 0x71, 0x60, 0xff, 
0xbb, 0x89, 0x76, 0xff, 0xcc, 0xa4, 0x93, 0xff, 0xbf, 0x8b, 0x77, 0xff, 0xb4, 0x83, 0x6f, 0xff, 
0xbd, 0x8b, 0x77, 0xff, 0xc0, 0x8b, 0x76, 0xff, 0xc4, 0x93, 0x7e, 0xff, 0xcb, 0x99, 0x85, 0xff, 
0xca, 0x95, 0x82, 0xff, 0xce, 0x90, 0x7f, 0xff, 0xbe, 0x81, 0x70, 0xff, 0xad, 0x77, 0x67, 0xff, 
0xb6, 0x85, 0x75, 0xff, 0xb5, 0x86, 0x74, 0xff, 0xc0, 0x90, 0x80, 0xff, 0xc4, 0x95, 0x81, 0xff, 
0xb8, 0x8b, 0x78, 0xff, 0xc0, 0x94, 0x81, 0xff, 0xbf, 0x90, 0x7e, 0xff, 0xc6, 0x99, 0x86, 0xff, 
0xc5, 0x9a, 0x88, 0xff, 0xbc, 0x91, 0x80, 0xff, 0xbb, 0x93, 0x83, 0xff, 0xbc, 0x95, 0x84, 0xff, 
0xb2, 0x82, 0x6f, 0xff, 0xa1, 0x70, 0x60, 0xff, 0x8e, 0x5d, 0x51, 0xff, 0x8c, 0x5b, 0x51, 0xff, 
0xb3, 0x7e, 0x6c, 0xff, 0xb5, 0x7c, 0x68, 0xff, 0x9f, 0x62, 0x55, 0xff, 0xa3, 0x6d, 0x5e, 0xff, 
0xa9, 0x6e, 0x5e, 0xff, 0xa4, 0x6b, 0x5c, 0xff, 0x9b, 0x66, 0x59, 0xff, 0x98, 0x65, 0x56, 0xff, 
0xb7, 0x81, 0x6f, 0xff, 0xbe, 0x88, 0x72, 0xff, 0xb6, 0x81, 0x6d, 0xff, 0xc6, 0x94, 0x80, 0xff, 
0x97, 0x5b, 0x4f, 0xff, 0x93, 0x58, 0x4c, 0xff, 0xab, 0x75, 0x66, 0xff, 0xb6, 0x7d, 0x6b, 0xff, 
0x87, 0x4c, 0x41, 0xff, 0x6f, 0x3b, 0x35, 0xff, 0x62, 0x39, 0x35, 0xff, 0x6d, 0x41, 0x3b, 0xff, 
0x7d, 0x48, 0x40, 0xff, 0x9c, 0x62, 0x54, 0xff, 0x75, 0x3e, 0x38, 0xff, 0x65, 0x37, 0x32, 0xff, 
0x6b, 0x40, 0x3b, 0xff, 0x76, 0x45, 0x40, 0xff, 0x7f, 0x49, 0x41, 0xff, 0x77, 0x43, 0x3c, 0xff, 
0x7a, 0x45, 0x3d, 0xff, 0x82, 0x4a, 0x41, 0xff, 0x7e, 0x42, 0x38, 0xff, 0x6a, 0x3b, 0x34, 0xff, 
0x63, 0x39, 0x34, 0xff, 0x6b, 0x39, 0x33, 0xff, 0x6e, 0x39, 0x30, 0xff, 0x85, 0x47, 0x3c, 0xff, 
0xb1, 0x6e, 0x5c, 0xff, 0xb0, 0x67, 0x57, 0xff, 0xa0, 0x55, 0x48, 0xff, 0xc8, 0x83, 0x6d, 0xff, 
0xf3, 0xc5, 0xaa, 0xff, 0xee, 0xbe, 0xa7, 0xff, 0xb3, 0x76, 0x67, 0xff, 0x90, 0x52, 0x46, 0xff, 
0xbd, 0x85, 0x73, 0xff, 0xf1, 0xc5, 0xb1, 0xff, 0xbf, 0x96, 0x88, 0xff, 0x98, 0x74, 0x65, 0xff, 
0xb6, 0x8e, 0x7c, 0xff, 0xe3, 0xc0, 0xa9, 0xff, 0xff, 0xea, 0xce, 0xff, 0xf4, 0xe3, 0xd0, 0xff, 
0xcb, 0xa7, 0x93, 0xff, 0xdf, 0xb8, 0x9f, 0xff, 0xe5, 0xbd, 0xa5, 0xff, 0xd7, 0xac, 0x94, 0xff, 
0xe1, 0xb6, 0x9d, 0xff, 0xe5, 0xbc, 0xa3, 0xff, 0xe6, 0xbb, 0xa1, 0xff, 0xe6, 0xb8, 0x9a, 0xff, 
0xea, 0xc0, 0xa4, 0xff, 0xe7, 0xb9, 0x9e, 0xff, 0xe8, 0xc7, 0xb3, 0xff, 0xf0, 0xea, 0xe7, 0xff, 
0xed, 0xe5, 0xdf, 0xff, 0xec, 0xd7, 0xcc, 0xff, 0xec, 0xd9, 0xcc, 0xff, 0xf0, 0xdc, 0xcf, 0xff, 
0xdf, 0xb6, 0xa5, 0xff, 0xe4, 0xc2, 0xb0, 0xff, 0xe0, 0xba, 0xa8, 0xff, 0xd1, 0xa2, 0x8e, 0xff, 
0xdf, 0xba, 0xaa, 0xff, 0xe5, 0xc0, 0xae, 0xff, 0xe9, 0xcd, 0xbf, 0xff, 0xfe, 0xfa, 0xf8, 0xff, 
0xfe, 0xef, 0xe6, 0xff, 0xf0, 0xd2, 0xc4, 0xff, 0xd7, 0xb0, 0xa1, 0xff, 0xd9, 0xb3, 0xa0, 0xff, 
0xf2, 0xdb, 0xca, 0xff, 0xff, 0xff, 0xfc, 0xff, 0xff, 0xff, 0xfc, 0xff, 0xdb, 0xb7, 0xa3, 0xff, 
0xb6, 0x8c, 0x77, 0xff, 0xda, 0xae, 0x97, 0xff, 0xce, 0x93, 0x7a, 0xff, 0xd0, 0x91, 0x76, 0xff, 
0xda, 0xa0, 0x84, 0xff, 0xd6, 0x9c, 0x83, 0xff, 0xd6, 0xa1, 0x8c, 0xff, 0xd6, 0x9f, 0x88, 0xff, 
0xc6, 0x8b, 0x77, 0xff, 0xc0, 0x8b, 0x7a, 0xff, 0xbe, 0x87, 0x75, 0xff, 0xc1, 0x85, 0x71, 0xff, 
0xd5, 0xa5, 0x91, 0xff, 0xcb, 0xa1, 0x91, 0xff, 0xd6, 0xa6, 0x94, 0xff, 0xde, 0xae, 0x98, 0xff, 
0xc3, 0x8e, 0x7a, 0xff, 0xc1, 0x88, 0x72, 0xff, 0xbd, 0x8e, 0x7b, 0xff, 0xbe, 0x89, 0x77, 0xff, 
0xbf, 0x83, 0x71, 0xff, 0xb6, 0x83, 0x71, 0xff, 0xb7, 0x82, 0x6e, 0xff, 0xab, 0x73, 0x62, 0xff, 
0xa6, 0x77, 0x68, 0xff, 0x93, 0x63, 0x54, 0xff, 0x94, 0x5d, 0x50, 0xff, 0xa0, 0x66, 0x56, 0xff, 
0xbb, 0x89, 0x76, 0xff, 0xc4, 0x92, 0x80, 0xff, 0xcd, 0x9b, 0x86, 0xff, 0xd1, 0x9e, 0x88, 0xff, 
0xda, 0xb0, 0x9c, 0xff, 0xca, 0x9c, 0x87, 0xff, 0xc9, 0x9c, 0x86, 0xff, 0xcf, 0xa0, 0x8a, 0xff, 
0xce, 0x9c, 0x84, 0xff, 0xd4, 0xa7, 0x8e, 0xff, 0xdc, 0xb7, 0xa1, 0xff, 0xcb, 0x98, 0x84, 0xff, 
0xd2, 0xa3, 0x8e, 0xff, 0xcc, 0x9f, 0x8b, 0xff, 0xdd, 0xb6, 0xa3, 0xff, 0xe7, 0xc0, 0xb0, 0xff, 
0xdc, 0xac, 0x9c, 0xff, 0xd9, 0xa7, 0x97, 0xff, 0xd8, 0xa8, 0x96, 0xff, 0xdb, 0xaa, 0x98, 0xff, 
0xd2, 0xa0, 0x91, 0xff, 0xd3, 0xa0, 0x90, 0xff, 0xda, 0xa7, 0x95, 0xff, 0xe7, 0xba, 0xa7, 0xff, 
0xe4, 0xb3, 0xa0, 0xff, 0xe7, 0xb2, 0xa2, 0xff, 0xeb, 0xba, 0xa8, 0xff, 0xe0, 0xa9, 0x98, 0xff, 
0xe0, 0xa5, 0x96, 0xff, 0xed, 0xbb, 0xaa, 0xff, 0xf3, 0xc2, 0xb4, 0xff, 0xe3, 0xae, 0x99, 0xff, 
0xdc, 0xa2, 0x8f, 0xff, 0xd9, 0x9a, 0x90, 0xff, 0xc5, 0x89, 0x80, 0xff, 0xce, 0x8e, 0x82, 0xff, 
0xd0, 0x8d, 0x82, 0xff, 0xd8, 0x8f, 0x86, 0xff, 0xbd, 0x7f, 0x6e, 0xff, 0xd5, 0x99, 0x85, 0xff, 
0xe1, 0x9e, 0x8e, 0xff, 0xcd, 0x8e, 0x7c, 0xff, 0xca, 0x8b, 0x7a, 0xff, 0xc1, 0x86, 0x74, 0xff, 
0xc3, 0x8c, 0x78, 0xff, 0xc0, 0x8a, 0x75, 0xff, 0xc3, 0x8d, 0x7a, 0xff, 0xd0, 0xa0, 0x8d, 0xff, 
0xd8, 0xaf, 0x9f, 0xff, 0xd3, 0xa8, 0x97, 0xff, 0xcc, 0x9a, 0x88, 0xff, 0xde, 0xae, 0x9f, 0xff, 
0xe6, 0xbc, 0xaf, 0xff, 0xdd, 0xb7, 0xac, 0xff, 0xdc, 0xbc, 0xb2, 0xff, 0xe6, 0xc7, 0xb7, 0xff, 
0xe5, 0xc2, 0xb1, 0xff, 0xdf, 0xbb, 0xac, 0xff, 0xe1, 0xbe, 0xb0, 0xff, 0xe4, 0xbf, 0xb0, 0xff, 
0xe0, 0xbb, 0xa8, 0xff, 0xcb, 0x9d, 0x8a, 0xff, 0xc6, 0x90, 0x7c, 0xff, 0xb5, 0x78, 0x63, 0xff, 
0xc0, 0x85, 0x74, 0xff, 0xce, 0x8f, 0x80, 0xff, 0xbc, 0x79, 0x69, 0xff, 0xbe, 0x85, 0x75, 0xff, 
0xb4, 0x78, 0x67, 0xff, 0xb2, 0x75, 0x65, 0xff, 0xd9, 0xb4, 0xa7, 0xff, 0xcb, 0x9a, 0x8d, 0xff, 
0xb9, 0x7f, 0x6f, 0xff, 0xcc, 0x98, 0x88, 0xff, 0xcb, 0x93, 0x82, 0xff, 0xc0, 0x7e, 0x6b, 0xff, 
0xbb, 0x84, 0x73, 0xff, 0xbd, 0x86, 0x74, 0xff, 0xd3, 0xa8, 0x98, 0xff, 0xd2, 0xa4, 0x93, 0xff, 
0xc9, 0x91, 0x80, 0xff, 0xc8, 0x92, 0x80, 0xff, 0xd3, 0xa4, 0x92, 0xff, 0xc4, 0x92, 0x85, 0xff, 
0xcf, 0x97, 0x87, 0xff, 0xdd, 0xaf, 0x9b, 0xff, 0x9c, 0x68, 0x5a, 0xff, 0x8b, 0x4e, 0x43, 0xff, 
0xbb, 0x7f, 0x71, 0xff, 0xa9, 0x70, 0x62, 0xff, 0xa9, 0x6e, 0x60, 0xff, 0xae, 0x6f, 0x62, 0xff, 
0xb2, 0x73, 0x66, 0xff, 0xb9, 0x76, 0x68, 0xff, 0xb3, 0x78, 0x6a, 0xff, 0xbf, 0x89, 0x72, 0xff, 
0xd2, 0xa3, 0x8f, 0xff, 0xd9, 0xb5, 0xa7, 0xff, 0xd6, 0xb3, 0xa3, 0xff, 0xd0, 0xaa, 0x9a, 0xff, 
0xcd, 0xa1, 0x93, 0xff, 0xd2, 0xa2, 0x92, 0xff, 0xce, 0x9a, 0x8a, 0xff, 0xcd, 0x92, 0x82, 0xff, 
0xcb, 0x8d, 0x7a, 0xff, 0xc5, 0x8b, 0x79, 0xff, 0xc0, 0x87, 0x76, 0xff, 0xbe, 0x81, 0x70, 0xff, 
0xc0, 0x88, 0x77, 0xff, 0xca, 0x94, 0x83, 0xff, 0xd2, 0xa7, 0x95, 0xff, 0xcc, 0x9f, 0x8c, 0xff, 
0xc8, 0x94, 0x7f, 0xff, 0xb6, 0x7d, 0x6b, 0xff, 0xb0, 0x71, 0x60, 0xff, 0xb0, 0x7b, 0x69, 0xff, 
0xb9, 0x8d, 0x79, 0xff, 0xcb, 0xa1, 0x91, 0xff, 0xcb, 0xa6, 0x95, 0xff, 0xbe, 0x89, 0x75, 0xff, 
0xb2, 0x7b, 0x68, 0xff, 0xb6, 0x80, 0x6f, 0xff, 0xcb, 0x90, 0x7c, 0xff, 0xce, 0x93, 0x7e, 0xff, 
0xc8, 0x93, 0x81, 0xff, 0xca, 0x9a, 0x87, 0xff, 0xc2, 0x94, 0x82, 0xff, 0xc1, 0x94, 0x82, 0xff, 
0xbe, 0x91, 0x7e, 0xff, 0xba, 0x8d, 0x79, 0xff, 0xbf, 0x91, 0x80, 0xff, 0xbe, 0x92, 0x80, 0xff, 
0xb8, 0x8b, 0x79, 0xff, 0xb6, 0x89, 0x75, 0xff, 0xb4, 0x87, 0x74, 0xff, 0xb3, 0x86, 0x73, 0xff, 
0xb5, 0x86, 0x74, 0xff, 0xb7, 0x8c, 0x7b, 0xff, 0xa7, 0x7f, 0x71, 0xff, 0xb4, 0x87, 0x78, 0xff, 
0xbf, 0x8b, 0x76, 0xff, 0xcd, 0xa1, 0x8b, 0xff, 0xbc, 0x8e, 0x7a, 0xff, 0x84, 0x53, 0x47, 0xff, 
0x89, 0x57, 0x4b, 0xff, 0xbd, 0x88, 0x74, 0xff, 0xb0, 0x74, 0x62, 0xff, 0xbc, 0x85, 0x72, 0xff, 
0xb0, 0x76, 0x66, 0xff, 0xc8, 0x92, 0x7b, 0xff, 0xa6, 0x71, 0x5f, 0xff, 0x6f, 0x3b, 0x35, 0xff, 
0x79, 0x43, 0x3b, 0xff, 0xa0, 0x6c, 0x5c, 0xff, 0xc2, 0x90, 0x7a, 0xff, 0xbd, 0x86, 0x73, 0xff, 
0x8f, 0x50, 0x44, 0xff, 0x8d, 0x4e, 0x42, 0xff, 0x8b, 0x52, 0x47, 0xff, 0x99, 0x63, 0x58, 0xff, 
0x70, 0x3f, 0x39, 0xff, 0x6e, 0x39, 0x33, 0xff, 0x72, 0x3e, 0x37, 0xff, 0x6b, 0x3f, 0x3a, 0xff, 
0x6f, 0x40, 0x3b, 0xff, 0x84, 0x50, 0x47, 0xff, 0x6e, 0x39, 0x33, 0xff, 0x6f, 0x38, 0x31, 0xff, 
0x6d, 0x3c, 0x36, 0xff, 0x82, 0x4f, 0x46, 0xff, 0x85, 0x50, 0x46, 0xff, 0x7b, 0x47, 0x40, 0xff, 
0x78, 0x44, 0x3e, 0xff, 0x83, 0x48, 0x3e, 0xff, 0x7c, 0x43, 0x3a, 0xff, 0x6c, 0x3d, 0x38, 0xff, 
0x6e, 0x40, 0x3a, 0xff, 0x68, 0x36, 0x31, 0xff, 0x68, 0x33, 0x2d, 0xff, 0x83, 0x47, 0x3a, 0xff, 
0xad, 0x6a, 0x58, 0xff, 0x91, 0x50, 0x44, 0xff, 0x92, 0x48, 0x3c, 0xff, 0xc4, 0x72, 0x5d, 0xff, 
0xaf, 0x6a, 0x58, 0xff, 0xae, 0x6d, 0x5d, 0xff, 0xc1, 0x7b, 0x68, 0xff, 0xbf, 0x7a, 0x68, 0xff, 
0xdc, 0xaf, 0x9b, 0xff, 0xf5, 0xd0, 0xbc, 0xff, 0xba, 0x91, 0x83, 0xff, 0x6c, 0x42, 0x3a, 0xff, 
0xa3, 0x75, 0x64, 0xff, 0xc7, 0x98, 0x81, 0xff, 0xe2, 0xb8, 0x9e, 0xff, 0xf6, 0xe2, 0xcd, 0xff, 
0xd5, 0xab, 0x95, 0xff, 0xc0, 0x84, 0x6c, 0xff, 0xd9, 0xaa, 0x91, 0xff, 0xe8, 0xc8, 0xb2, 0xff, 
0xd9, 0xac, 0x94, 0xff, 0xde, 0xad, 0x94, 0xff, 0xe2, 0xb4, 0x9c, 0xff, 0xe8, 0xbc, 0xa0, 0xff, 
0xe9, 0xbe, 0xa3, 0xff, 0xe9, 0xc0, 0xa5, 0xff, 0xea, 0xc1, 0xa7, 0xff, 0xe9, 0xc9, 0xb6, 0xff, 
0xf4, 0xde, 0xd1, 0xff, 0xf4, 0xe2, 0xd6, 0xff, 0xf1, 0xde, 0xd2, 0xff, 0xfa, 0xeb, 0xe0, 0xff, 
0xec, 0xd0, 0xc0, 0xff, 0xd7, 0xa9, 0x95, 0xff, 0xd8, 0xab, 0x98, 0xff, 0xdf, 0xb5, 0xa2, 0xff, 
0xe1, 0xb6, 0xa3, 0xff, 0xe0, 0xb8, 0xa7, 0xff, 0xe9, 0xcb, 0xb9, 0xff, 0xfe, 0xf0, 0xe8, 0xff, 
0xef, 0xde, 0xd5, 0xff, 0xc5, 0x9d, 0x89, 0xff, 0xc6, 0x9f, 0x89, 0xff, 0xf7, 0xe7, 0xd8, 0xff, 
0xff, 0xff, 0xf9, 0xff, 0xfa, 0xea, 0xdf, 0xff, 0xf3, 0xc9, 0xb4, 0xff, 0xce, 0xa5, 0x91, 0xff, 
0xb5, 0x86, 0x73, 0xff, 0xde, 0xaf, 0x95, 0xff, 0xdd, 0xac, 0x93, 0xff, 0xd6, 0x99, 0x83, 0xff, 
0xd7, 0x9d, 0x82, 0xff, 0xd4, 0x9c, 0x81, 0xff, 0xcc, 0x95, 0x7e, 0xff, 0xd4, 0x9f, 0x89, 0xff, 
0xcf, 0x96, 0x80, 0xff, 0xce, 0x94, 0x7e, 0xff, 0xcb, 0x92, 0x7e, 0xff, 0xc9, 0x8d, 0x77, 0xff, 
0xc0, 0x89, 0x75, 0xff, 0xc5, 0x94, 0x82, 0xff, 0xd1, 0xa2, 0x8e, 0xff, 0xd3, 0xa0, 0x8b, 0xff, 
0xcb, 0x9c, 0x8a, 0xff, 0xdc, 0xa8, 0x90, 0xff, 0xe5, 0xac, 0x91, 0xff, 0xba, 0x81, 0x6f, 0xff, 
0x95, 0x62, 0x56, 0xff, 0x8f, 0x5a, 0x4f, 0xff, 0x7c, 0x4c, 0x42, 0xff, 0x88, 0x5b, 0x51, 0xff, 
0x94, 0x66, 0x59, 0xff, 0x8b, 0x5a, 0x4c, 0xff, 0x8a, 0x56, 0x48, 0xff, 0x86, 0x4f, 0x42, 0xff, 
0xa6, 0x6f, 0x60, 0xff, 0xb8, 0x82, 0x73, 0xff, 0xba, 0x84, 0x71, 0xff, 0xd0, 0x9e, 0x8a, 0xff, 
0xce, 0xa1, 0x8d, 0xff, 0xc7, 0xa0, 0x8c, 0xff, 0xce, 0xa2, 0x8e, 0xff, 0xbb, 0x8a, 0x77, 0xff, 
0xbd, 0x8a, 0x76, 0xff, 0xc5, 0x93, 0x7f, 0xff, 0xbc, 0x87, 0x74, 0xff, 0xbf, 0x89, 0x74, 0xff, 
0xcf, 0x9a, 0x85, 0xff, 0xd2, 0xa6, 0x93, 0xff, 0xce, 0xa4, 0x94, 0xff, 0xd0, 0x9e, 0x8e, 0xff, 
0xcd, 0x99, 0x87, 0xff, 0xd4, 0xa6, 0x95, 0xff, 0xdf, 0xb1, 0x9f, 0xff, 0xd9, 0xa9, 0x98, 0xff, 
0xd9, 0xa7, 0x97, 0xff, 0xe1, 0xaf, 0x9e, 0xff, 0xd3, 0x9f, 0x90, 0xff, 0xe2, 0xb1, 0x9e, 0xff, 
0xeb, 0xc0, 0xab, 0xff, 0xed, 0xc2, 0xaf, 0xff, 0xea, 0xbe, 0xaa, 0xff, 0xec, 0xbd, 0xab, 0xff, 
0xe5, 0xb8, 0xa6, 0xff, 0xe3, 0xb0, 0x9f, 0xff, 0xed, 0xb1, 0xa3, 0xff, 0xe3, 0xb0, 0x9b, 0xff, 
0xd1, 0x9d, 0x88, 0xff, 0xd2, 0x8f, 0x85, 0xff, 0xd6, 0x96, 0x8a, 0xff, 0xda, 0x9b, 0x90, 0xff, 
0xdf, 0xa1, 0x97, 0xff, 0xe2, 0x9c, 0x92, 0xff, 0xce, 0x8c, 0x7d, 0xff, 0xc6, 0x95, 0x80, 0xff, 
0xcd, 0x94, 0x83, 0xff, 0xd5, 0x96, 0x86, 0xff, 0xd1, 0x8c, 0x7d, 0xff, 0xbc, 0x7a, 0x69, 0xff, 
0xc0, 0x84, 0x71, 0xff, 0xc2, 0x83, 0x71, 0xff, 0xc4, 0x83, 0x73, 0xff, 0xbe, 0x8b, 0x78, 0xff, 
0xcd, 0xa0, 0x90, 0xff, 0xd9, 0xb5, 0xa4, 0xff, 0xe0, 0xc0, 0xaf, 0xff, 0xdd, 0xb8, 0xa6, 0xff, 
0xda, 0xb6, 0xa8, 0xff, 0xd4, 0xad, 0xa1, 0xff, 0xd3, 0xa5, 0x94, 0xff, 0xde, 0xb4, 0xa2, 0xff, 
0xd6, 0xad, 0x9d, 0xff, 0xd1, 0xa7, 0x98, 0xff, 0xe4, 0xc1, 0xb1, 0xff, 0xec, 0xcc, 0xbc, 0xff, 
0xe5, 0xc2, 0xb1, 0xff, 0xcc, 0x9e, 0x8d, 0xff, 0xd1, 0xa3, 0x92, 0xff, 0xd0, 0xa6, 0x94, 0xff, 
0xc8, 0x91, 0x7f, 0xff, 0xd7, 0xa5, 0x92, 0xff, 0xc6, 0x94, 0x82, 0xff, 0xb8, 0x80, 0x6e, 0xff, 
0xc0, 0x81, 0x70, 0xff, 0xb1, 0x6a, 0x5c, 0xff, 0xc7, 0x9b, 0x8d, 0xff, 0xe4, 0xc7, 0xb7, 0xff, 
0xce, 0x98, 0x85, 0xff, 0xbd, 0x7b, 0x69, 0xff, 0xcd, 0x91, 0x7e, 0xff, 0xd4, 0xa3, 0x90, 0xff, 
0xd7, 0xb1, 0xa1, 0xff, 0xd6, 0xad, 0x9b, 0xff, 0xd1, 0x9d, 0x87, 0xff, 0xcf, 0x95, 0x7b, 0xff, 
0xc2, 0x80, 0x69, 0xff, 0xc2, 0x83, 0x6d, 0xff, 0xd2, 0xa0, 0x8c, 0xff, 0xd4, 0xa5, 0x93, 0xff, 
0xc3, 0x84, 0x72, 0xff, 0xbb, 0x80, 0x6d, 0xff, 0xc4, 0x96, 0x85, 0xff, 0xa2, 0x6c, 0x5e, 0xff, 
0xc2, 0x8b, 0x7c, 0xff, 0xad, 0x78, 0x6b, 0xff, 0xaa, 0x6f, 0x62, 0xff, 0xb2, 0x72, 0x65, 0xff, 
0xb9, 0x79, 0x6b, 0xff, 0xbb, 0x7b, 0x6b, 0xff, 0xbb, 0x85, 0x76, 0xff, 0xc6, 0x92, 0x7d, 0xff, 
0xca, 0x94, 0x7d, 0xff, 0xda, 0xb2, 0x9f, 0xff, 0xd2, 0xab, 0x9a, 0xff, 0xcb, 0x9f, 0x8e, 0xff, 
0xd2, 0xa6, 0x94, 0xff, 0xcf, 0xa0, 0x8f, 0xff, 0xce, 0x99, 0x88, 0xff, 0xcc, 0x96, 0x85, 0xff, 
0xc4, 0x89, 0x78, 0xff, 0xc3, 0x8a, 0x78, 0xff, 0xc5, 0x8c, 0x7a, 0xff, 0xc0, 0x7a, 0x6a, 0xff, 
0xb7, 0x6b, 0x5e, 0xff, 0xba, 0x78, 0x69, 0xff, 0xb8, 0x82, 0x6c, 0xff, 0xbc, 0x88, 0x75, 0xff, 
0xc5, 0x91, 0x7f, 0xff, 0xc5, 0x8b, 0x77, 0xff, 0xbd, 0x83, 0x6f, 0xff, 0xd3, 0xab, 0x98, 0xff, 
0xd0, 0xa5, 0x92, 0xff, 0xad, 0x73, 0x63, 0xff, 0xc1, 0x95, 0x84, 0xff, 0xc3, 0x94, 0x81, 0xff, 
0xac, 0x72, 0x60, 0xff, 0xb9, 0x81, 0x70, 0xff, 0xc3, 0x84, 0x74, 0xff, 0xbf, 0x7f, 0x6f, 0xff, 
0xcc, 0x9e, 0x89, 0xff, 0xc6, 0x9c, 0x86, 0xff, 0xcb, 0x9c, 0x89, 0xff, 0xc3, 0x96, 0x83, 0xff, 
0xac, 0x77, 0x65, 0xff, 0xbb, 0x8c, 0x79, 0xff, 0xc5, 0x9b, 0x88, 0xff, 0xc3, 0x97, 0x83, 0xff, 
0xba, 0x8b, 0x79, 0xff, 0xa6, 0x78, 0x67, 0xff, 0xac, 0x7b, 0x6a, 0xff, 0xa6, 0x73, 0x61, 0xff, 
0xab, 0x7c, 0x6b, 0xff, 0xa3, 0x74, 0x64, 0xff, 0x9a, 0x68, 0x5b, 0xff, 0xa6, 0x71, 0x63, 0xff, 
0xbc, 0x87, 0x74, 0xff, 0xc2, 0x8f, 0x79, 0xff, 0xc0, 0x8d, 0x78, 0xff, 0xa2, 0x72, 0x60, 0xff, 
0x80, 0x51, 0x45, 0xff, 0x92, 0x61, 0x57, 0xff, 0x94, 0x59, 0x4d, 0xff, 0x94, 0x59, 0x4c, 0xff, 
0x86, 0x4d, 0x43, 0xff, 0xa0, 0x68, 0x59, 0xff, 0xa5, 0x6c, 0x5a, 0xff, 0x78, 0x3b, 0x31, 0xff, 
0x7b, 0x44, 0x3c, 0xff, 0x7e, 0x4a, 0x43, 0xff, 0x9e, 0x62, 0x53, 0xff, 0x8e, 0x53, 0x46, 0xff, 
0x98, 0x58, 0x4b, 0xff, 0x92, 0x55, 0x47, 0xff, 0x91, 0x55, 0x48, 0xff, 0x9c, 0x60, 0x53, 0xff, 
0x77, 0x41, 0x39, 0xff, 0x6a, 0x35, 0x2f, 0xff, 0x87, 0x4b, 0x40, 0xff, 0x7d, 0x49, 0x41, 0xff, 
0x6f, 0x3e, 0x38, 0xff, 0x7b, 0x49, 0x40, 0xff, 0x98, 0x62, 0x54, 0xff, 0x7c, 0x44, 0x3b, 0xff, 
0x7e, 0x4b, 0x43, 0xff, 0x79, 0x49, 0x42, 0xff, 0x61, 0x3b, 0x36, 0xff, 0x6b, 0x41, 0x3a, 0xff, 
0x72, 0x42, 0x3a, 0xff, 0x6d, 0x3c, 0x34, 0xff, 0x71, 0x3e, 0x37, 0xff, 0x69, 0x3a, 0x36, 0xff, 
0x7a, 0x43, 0x3b, 0xff, 0x84, 0x47, 0x3d, 0xff, 0x89, 0x4d, 0x43, 0xff, 0xb4, 0x78, 0x66, 0xff, 
0xc9, 0x8d, 0x78, 0xff, 0xa4, 0x66, 0x57, 0xff, 0xd0, 0xa0, 0x8a, 0xff, 0xed, 0xb1, 0x97, 0xff, 
0x90, 0x4d, 0x42, 0xff, 0x7d, 0x39, 0x30, 0xff, 0xb8, 0x79, 0x66, 0xff, 0xcc, 0x8a, 0x76, 0xff, 
0xdd, 0xaa, 0x97, 0xff, 0xb0, 0x8b, 0x7e, 0xff, 0x6b, 0x41, 0x3a, 0xff, 0x67, 0x40, 0x3b, 0xff, 
0x81, 0x57, 0x4c, 0xff, 0xcb, 0x9e, 0x88, 0xff, 0xe2, 0xb5, 0x9a, 0xff, 0xdc, 0xaf, 0x95, 0xff, 
0xd3, 0xa0, 0x89, 0xff, 0xc0, 0x84, 0x6f, 0xff, 0xd5, 0xab, 0x93, 0xff, 0xf5, 0xdf, 0xca, 0xff, 
0xdf, 0xb4, 0x9d, 0xff, 0xdb, 0xa8, 0x8d, 0xff, 0xe5, 0xb8, 0x9d, 0xff, 0xe8, 0xbc, 0xa2, 0xff, 
0xe7, 0xbc, 0x9f, 0xff, 0xeb, 0xc3, 0xa7, 0xff, 0xec, 0xc5, 0xac, 0xff, 0xeb, 0xc3, 0xa9, 0xff, 
0xf2, 0xd5, 0xc1, 0xff, 0xf6, 0xe2, 0xd1, 0xff, 0xf5, 0xe1, 0xd3, 0xff, 0xf4, 0xdc, 0xcb, 0xff, 
0xf2, 0xd7, 0xc6, 0xff, 0xe1, 0xba, 0xa7, 0xff, 0xdf, 0xb5, 0x9f, 0xff, 0xe0, 0xb6, 0xa0, 0xff, 
0xe3, 0xbb, 0xa5, 0xff, 0xde, 0xb3, 0x9d, 0xff, 0xee, 0xd5, 0xc7, 0xff, 0xfb, 0xe4, 0xd6, 0xff, 
0xbe, 0x93, 0x81, 0xff, 0xb9, 0x90, 0x7b, 0xff, 0xe5, 0xc9, 0xb4, 0xff, 0xfa, 0xf2, 0xe7, 0xff, 
0xf4, 0xe5, 0xd9, 0xff, 0xe1, 0xc0, 0xad, 0xff, 0xf1, 0xd2, 0xbe, 0xff, 0xc0, 0x95, 0x85, 0xff, 
0xb1, 0x7d, 0x6c, 0xff, 0xe4, 0xb9, 0x9f, 0xff, 0xe6, 0xba, 0xa0, 0xff, 0xd0, 0x95, 0x7d, 0xff, 
0xd5, 0x99, 0x7d, 0xff, 0xda, 0xa4, 0x8b, 0xff, 0xc5, 0x87, 0x72, 0xff, 0xc2, 0x88, 0x72, 0xff, 
0xca, 0x92, 0x7d, 0xff, 0xce, 0x92, 0x78, 0xff, 0xcb, 0x91, 0x78, 0xff, 0xcc, 0x8e, 0x79, 0xff, 
0xc4, 0x88, 0x76, 0xff, 0xd0, 0x98, 0x80, 0xff, 0xd1, 0x9c, 0x84, 0xff, 0xc3, 0x93, 0x81, 0xff, 
0xd2, 0xa1, 0x8b, 0xff, 0xd9, 0xa6, 0x90, 0xff, 0xc5, 0x8a, 0x77, 0xff, 0x89, 0x51, 0x49, 0xff, 
0x6b, 0x3e, 0x3a, 0xff, 0x95, 0x61, 0x55, 0xff, 0xb9, 0x83, 0x70, 0xff, 0xa2, 0x73, 0x67, 0xff, 
0x6e, 0x3c, 0x38, 0xff, 0x8b, 0x55, 0x49, 0xff, 0x82, 0x4d, 0x42, 0xff, 0x84, 0x46, 0x3c, 0xff, 
0x90, 0x4e, 0x41, 0xff, 0xb5, 0x79, 0x68, 0xff, 0xc2, 0x8b, 0x7a, 0xff, 0xbd, 0x89, 0x78, 0xff, 
0xce, 0x9f, 0x8c, 0xff, 0xb8, 0x86, 0x75, 0xff, 0xb9, 0x81, 0x6f, 0xff, 0xc3, 0x94, 0x80, 0xff, 
0xbf, 0x92, 0x80, 0xff, 0xc0, 0x92, 0x7f, 0xff, 0xa8, 0x76, 0x64, 0xff, 0xc5, 0x96, 0x82, 0xff, 
0xda, 0xae, 0x9a, 0xff, 0xd4, 0xa7, 0x93, 0xff, 0xc6, 0x95, 0x80, 0xff, 0xb9, 0x83, 0x71, 0xff, 
0xc8, 0x95, 0x85, 0xff, 0xcf, 0x9e, 0x8d, 0xff, 0xd7, 0xa6, 0x94, 0xff, 0xdc, 0xab, 0x9a, 0xff, 
0xe1, 0xb1, 0xa0, 0xff, 0xd9, 0xa8, 0x97, 0xff, 0xd5, 0xa2, 0x91, 0xff, 0xd9, 0xa4, 0x94, 0xff, 
0xe7, 0xb7, 0xa4, 0xff, 0xe9, 0xbb, 0xa8, 0xff, 0xed, 0xbf, 0xad, 0xff, 0xee, 0xc1, 0xaf, 0xff, 
0xe8, 0xc2, 0xab, 0xff, 0xe7, 0xb5, 0xa3, 0xff, 0xe6, 0xa7, 0x9b, 0xff, 0xe1, 0xa9, 0x96, 0xff, 
0xd1, 0x95, 0x82, 0xff, 0xcc, 0x8b, 0x7f, 0xff, 0xd8, 0x98, 0x8b, 0xff, 0xd9, 0x9a, 0x8d, 0xff, 
0xe2, 0xa1, 0x95, 0xff, 0xe3, 0xa2, 0x98, 0xff, 0xe3, 0xac, 0x9d, 0xff, 0xcc, 0xa3, 0x8d, 0xff, 
0xbe, 0x8e, 0x7c, 0xff, 0xc1, 0x83, 0x78, 0xff, 0xc1, 0x81, 0x73, 0xff, 0xc0, 0x7f, 0x6d, 0xff, 
0xc4, 0x82, 0x72, 0xff, 0xc0, 0x83, 0x73, 0xff, 0xb7, 0x7d, 0x6c, 0xff, 0xbe, 0x8a, 0x7b, 0xff, 
0xda, 0xac, 0x9f, 0xff, 0xcd, 0x9c, 0x8b, 0xff, 0xd3, 0xb0, 0x9e, 0xff, 0xde, 0xbc, 0xac, 0xff, 
0xd6, 0xac, 0x9a, 0xff, 0xdc, 0xbb, 0xb1, 0xff, 0xe0, 0xbe, 0xb3, 0xff, 0xd7, 0xaa, 0x98, 0xff, 
0xd3, 0xa8, 0x98, 0xff, 0xe0, 0xb9, 0xa9, 0xff, 0xdf, 0xb7, 0xa6, 0xff, 0xe0, 0xba, 0xa8, 0xff, 
0xdd, 0xb5, 0xa1, 0xff, 0xd1, 0xa1, 0x8f, 0xff, 0xc7, 0x98, 0x88, 0xff, 0xce, 0xa0, 0x91, 0xff, 
0xd6, 0xa5, 0x93, 0xff, 0xe3, 0xbb, 0xa8, 0xff, 0xe1, 0xbb, 0xa8, 0xff, 0xd8, 0xad, 0x97, 0xff, 
0xbc, 0x83, 0x70, 0xff, 0xb4, 0x69, 0x59, 0xff, 0xbd, 0x79, 0x68, 0xff, 0xcf, 0x9c, 0x8b, 0xff, 
0xd1, 0x9c, 0x8b, 0xff, 0xd2, 0xa2, 0x91, 0xff, 0xd7, 0xa9, 0x96, 0xff, 0xe2, 0xbb, 0xa9, 0xff, 
0xda, 0xaf, 0x9c, 0xff, 0xd4, 0xa2, 0x8a, 0xff, 0xce, 0x94, 0x7b, 0xff, 0xd4, 0x98, 0x7f, 0xff, 
0xd5, 0x9a, 0x81, 0xff, 0xcc, 0x97, 0x83, 0xff, 0xc3, 0x90, 0x7d, 0xff, 0xb7, 0x83, 0x71, 0xff, 
0x97, 0x5b, 0x4e, 0xff, 0xab, 0x72, 0x63, 0xff, 0xa8, 0x7a, 0x6c, 0xff, 0xb5, 0x82, 0x73, 0xff, 
0xc3, 0x8d, 0x7e, 0xff, 0xc1, 0x95, 0x87, 0xff, 0xbd, 0x8a, 0x7a, 0xff, 0xb9, 0x7b, 0x6b, 0xff, 
0xc8, 0x89, 0x7a, 0xff, 0xc3, 0x94, 0x84, 0xff, 0xd2, 0xac, 0x9a, 0xff, 0xe1, 0xbf, 0xb0, 0xff, 
0xdf, 0xbd, 0xab, 0xff, 0xcd, 0x9a, 0x83, 0xff, 0xcc, 0x95, 0x82, 0xff, 0xd2, 0xa4, 0x92, 0xff, 
0xd5, 0xab, 0x98, 0xff, 0xd3, 0xa5, 0x92, 0xff, 0xc8, 0x93, 0x82, 0xff, 0xcd, 0x9c, 0x8a, 0xff, 
0xcc, 0xa0, 0x8e, 0xff, 0xc0, 0x87, 0x75, 0xff, 0xbb, 0x7a, 0x69, 0xff, 0xbf, 0x83, 0x71, 0xff, 
0xb8, 0x75, 0x64, 0xff, 0xb8, 0x72, 0x62, 0xff, 0xb4, 0x77, 0x64, 0xff, 0xbb, 0x84, 0x71, 0xff, 
0xb5, 0x74, 0x64, 0xff, 0xaa, 0x62, 0x54, 0xff, 0xa3, 0x66, 0x57, 0xff, 0xd2, 0xa7, 0x94, 0xff, 
0xe7, 0xc7, 0xb2, 0xff, 0xda, 0xb8, 0xa5, 0xff, 0xe2, 0xc3, 0xb0, 0xff, 0xbe, 0x86, 0x76, 0xff, 
0xb3, 0x75, 0x66, 0xff, 0xc1, 0x88, 0x77, 0xff, 0xb4, 0x77, 0x6a, 0xff, 0xb8, 0x7a, 0x6a, 0xff, 
0xbf, 0x7f, 0x6d, 0xff, 0xbc, 0x83, 0x70, 0xff, 0xbf, 0x91, 0x7c, 0xff, 0xbd, 0x8f, 0x7b, 0xff, 
0xb6, 0x86, 0x73, 0xff, 0xc1, 0x96, 0x84, 0xff, 0xca, 0xa0, 0x8c, 0xff, 0xc3, 0x98, 0x83, 0xff, 
0xb3, 0x86, 0x74, 0xff, 0xaa, 0x7b, 0x69, 0xff, 0xac, 0x7a, 0x68, 0xff, 0xb6, 0x86, 0x74, 0xff, 
0xb4, 0x85, 0x73, 0xff, 0xb3, 0x81, 0x6f, 0xff, 0xa5, 0x71, 0x62, 0xff, 0x98, 0x66, 0x59, 0xff, 
0xc0, 0x8d, 0x7a, 0xff, 0xc6, 0x92, 0x7c, 0xff, 0xb9, 0x82, 0x6f, 0xff, 0xab, 0x75, 0x63, 0xff, 
0x8b, 0x57, 0x4b, 0xff, 0x7a, 0x45, 0x3f, 0xff, 0x83, 0x4f, 0x47, 0xff, 0x82, 0x4f, 0x45, 0xff, 
0x81, 0x4d, 0x43, 0xff, 0x7e, 0x47, 0x3f, 0xff, 0x80, 0x4b, 0x42, 0xff, 0x84, 0x51, 0x47, 0xff, 
0x88, 0x52, 0x49, 0xff, 0x8f, 0x53, 0x48, 0xff, 0x9e, 0x60, 0x52, 0xff, 0x79, 0x3d, 0x34, 0xff, 
0x74, 0x3e, 0x35, 0xff, 0x8c, 0x53, 0x45, 0xff, 0x93, 0x57, 0x4a, 0xff, 0x7e, 0x48, 0x3f, 0xff, 
0x8d, 0x58, 0x4b, 0xff, 0x92, 0x5c, 0x4f, 0xff, 0x84, 0x49, 0x40, 0xff, 0x78, 0x40, 0x39, 0xff, 
0x84, 0x4c, 0x43, 0xff, 0x9e, 0x64, 0x55, 0xff, 0x88, 0x58, 0x4f, 0xff, 0x7d, 0x50, 0x49, 0xff, 
0x7a, 0x4c, 0x46, 0xff, 0x78, 0x42, 0x3b, 0xff, 0x6f, 0x3e, 0x38, 0xff, 0x67, 0x40, 0x39, 0xff, 
0x7a, 0x43, 0x3b, 0xff, 0x77, 0x41, 0x3a, 0xff, 0x72, 0x41, 0x38, 0xff, 0x69, 0x38, 0x32, 0xff, 
0x81, 0x46, 0x3e, 0xff, 0xb2, 0x70, 0x5e, 0xff, 0xcb, 0x8e, 0x77, 0xff, 0xdb, 0xa0, 0x89, 0xff, 
0xd9, 0xa3, 0x8c, 0xff, 0xdc, 0xa8, 0x90, 0xff, 0xf7, 0xcc, 0xb2, 0xff, 0xcb, 0x95, 0x83, 0xff, 
0x9d, 0x5a, 0x4e, 0xff, 0x86, 0x3c, 0x34, 0xff, 0xa2, 0x60, 0x52, 0xff, 0xcc, 0x90, 0x7b, 0xff, 
0xe7, 0xb0, 0x99, 0xff, 0xac, 0x80, 0x72, 0xff, 0x60, 0x38, 0x33, 0xff, 0x5e, 0x3d, 0x36, 0xff, 
0x47, 0x22, 0x20, 0xff, 0x89, 0x61, 0x57, 0xff, 0xeb, 0xbf, 0xa4, 0xff, 0xdc, 0xad, 0x95, 0xff, 
0xd0, 0x9a, 0x82, 0xff, 0xc0, 0x82, 0x68, 0xff, 0xb9, 0x80, 0x6b, 0xff, 0xca, 0xa1, 0x8e, 0xff, 
0xf0, 0xd6, 0xc1, 0xff, 0xe9, 0xc2, 0xa8, 0xff, 0xeb, 0xbf, 0xa4, 0xff, 0xea, 0xbf, 0xa5, 0xff, 
0xeb, 0xc1, 0xa6, 0xff, 0xea, 0xc1, 0xa6, 0xff, 0xf0, 0xce, 0xb7, 0xff, 0xf8, 0xe1, 0xce, 0xff, 
0xf6, 0xe0, 0xcb, 0xff, 0xf3, 0xd8, 0xc4, 0xff, 0xf3, 0xdb, 0xc9, 0xff, 0xef, 0xd0, 0xbb, 0xff, 
0xee, 0xc9, 0xb6, 0xff, 0xe9, 0xc4, 0xb0, 0xff, 0xe8, 0xc5, 0xb1, 0xff, 0xe6, 0xc0, 0xab, 0xff, 
0xe1, 0xb8, 0xa2, 0xff, 0xeb, 0xc8, 0xb4, 0xff, 0xe5, 0xbf, 0xaa, 0xff, 0xeb, 0xcd, 0xbc, 0xff, 
0xe0, 0xc0, 0xad, 0xff, 0xda, 0xb4, 0x9e, 0xff, 0xf0, 0xdd, 0xcc, 0xff, 0xfb, 0xf3, 0xe7, 0xff, 
0xe0, 0xc3, 0xb0, 0xff, 0xe8, 0xd6, 0xc4, 0xff, 0xe7, 0xd1, 0xc2, 0xff, 0x9f, 0x67, 0x59, 0xff, 
0xa4, 0x6c, 0x60, 0xff, 0xd3, 0xa2, 0x8e, 0xff, 0xe0, 0xb2, 0x9b, 0xff, 0xd0, 0x9e, 0x86, 0xff, 
0xdb, 0xa5, 0x87, 0xff, 0xe3, 0xa7, 0x8a, 0xff, 0xc6, 0x81, 0x70, 0xff, 0xae, 0x73, 0x63, 0xff, 
0xc4, 0x8a, 0x76, 0xff, 0xd7, 0x9e, 0x85, 0xff, 0xd3, 0x97, 0x7f, 0xff, 0xbf, 0x82, 0x6f, 0xff, 
0xc2, 0x83, 0x71, 0xff, 0xc8, 0x8d, 0x77, 0xff, 0xd1, 0x95, 0x7c, 0xff, 0xdf, 0xad, 0x93, 0xff, 
0xd6, 0x9b, 0x85, 0xff, 0xb6, 0x74, 0x66, 0xff, 0x9f, 0x64, 0x5a, 0xff, 0x90, 0x59, 0x53, 0xff, 
0x80, 0x4b, 0x47, 0xff, 0xab, 0x6f, 0x60, 0xff, 0xc4, 0x8b, 0x75, 0xff, 0xc2, 0x90, 0x7e, 0xff, 
0x8c, 0x5c, 0x55, 0xff, 0x82, 0x4d, 0x42, 0xff, 0x7f, 0x43, 0x39, 0xff, 0x84, 0x44, 0x3b, 0xff, 
0x8e, 0x4a, 0x3e, 0xff, 0xb7, 0x78, 0x65, 0xff, 0xcc, 0x97, 0x85, 0xff, 0xc1, 0x8c, 0x7a, 0xff, 
0xca, 0x97, 0x82, 0xff, 0xbf, 0x86, 0x72, 0xff, 0xb4, 0x7f, 0x6e, 0xff, 0xc9, 0x9f, 0x8a, 0xff, 
0xcc, 0xa0, 0x8a, 0xff, 0xa7, 0x78, 0x65, 0xff, 0xad, 0x7f, 0x6d, 0xff, 0xd7, 0xaf, 0x99, 0xff, 
0xd7, 0xac, 0x96, 0xff, 0xcb, 0x9b, 0x85, 0xff, 0xda, 0xac, 0x95, 0xff, 0xd1, 0xa0, 0x8c, 0xff, 
0xc6, 0x92, 0x82, 0xff, 0xc7, 0x90, 0x80, 0xff, 0xce, 0x98, 0x86, 0xff, 0xe0, 0xad, 0x9c, 0xff, 
0xda, 0xa6, 0x94, 0xff, 0xce, 0x9c, 0x8c, 0xff, 0xd7, 0xa5, 0x95, 0xff, 0xdf, 0xa9, 0x99, 0xff, 
0xe6, 0xb4, 0xa4, 0xff, 0xe8, 0xb8, 0xa8, 0xff, 0xec, 0xbc, 0xad, 0xff, 0xea, 0xb6, 0xa6, 0xff, 
0xe8, 0xb7, 0xa4, 0xff, 0xef, 0xc2, 0xaf, 0xff, 0xe9, 0xb0, 0xa3, 0xff, 0xe5, 0xa7, 0x9c, 0xff, 
0xd3, 0x92, 0x84, 0xff, 0xcb, 0x90, 0x82, 0xff, 0xc1, 0x8a, 0x7c, 0xff, 0xc9, 0x94, 0x87, 0xff, 
0xdb, 0xa4, 0x96, 0xff, 0xe4, 0xac, 0x9d, 0xff, 0xe7, 0xb4, 0xa4, 0xff, 0xce, 0x99, 0x8b, 0xff, 
0xcd, 0x97, 0x8a, 0xff, 0xcd, 0x90, 0x86, 0xff, 0xc4, 0x85, 0x7a, 0xff, 0xc5, 0x89, 0x7c, 0xff, 
0xc0, 0x84, 0x72, 0xff, 0xc8, 0x97, 0x84, 0xff, 0xd1, 0xab, 0x9c, 0xff, 0xc5, 0x96, 0x86, 0xff, 
0xcb, 0x95, 0x86, 0xff, 0xc1, 0x86, 0x75, 0xff, 0xce, 0xa1, 0x93, 0xff, 0xe1, 0xbf, 0xb2, 0xff, 
0xdd, 0xb5, 0xa6, 0xff, 0xe2, 0xbd, 0xae, 0xff, 0xe8, 0xcd, 0xc2, 0xff, 0xe3, 0xc3, 0xb5, 0xff, 
0xda, 0xae, 0x9c, 0xff, 0xd4, 0xa7, 0x98, 0xff, 0xdd, 0xb7, 0xa6, 0xff, 0xe1, 0xbe, 0xac, 0xff, 
0xd4, 0xa9, 0x98, 0xff, 0xd3, 0xa8, 0x95, 0xff, 0xcb, 0x9c, 0x8b, 0xff, 0xd6, 0xab, 0x99, 0xff, 
0xe2, 0xbd, 0xa9, 0xff, 0xe2, 0xc0, 0xae, 0xff, 0xdd, 0xb2, 0x9f, 0xff, 0xd5, 0xa9, 0x96, 0xff, 
0xc8, 0x99, 0x87, 0xff, 0xc3, 0x8a, 0x79, 0xff, 0xcb, 0x90, 0x7e, 0xff, 0xca, 0x8f, 0x7e, 0xff, 
0xd2, 0xa8, 0x93, 0xff, 0xe0, 0xb9, 0xa4, 0xff, 0xd7, 0xa2, 0x8d, 0xff, 0xc4, 0x86, 0x74, 0xff, 
0xb4, 0x74, 0x64, 0xff, 0xc1, 0x82, 0x6e, 0xff, 0xd1, 0x94, 0x79, 0xff, 0xcb, 0x91, 0x78, 0xff, 
0xc8, 0x86, 0x71, 0xff, 0xc0, 0x7b, 0x67, 0xff, 0xa6, 0x64, 0x53, 0xff, 0x9a, 0x56, 0x45, 0xff, 
0xbc, 0x82, 0x72, 0xff, 0xdb, 0xa7, 0x96, 0xff, 0x7b, 0x40, 0x36, 0xff, 0xb3, 0x79, 0x6d, 0xff, 
0xc5, 0x85, 0x77, 0xff, 0xb8, 0x7d, 0x6e, 0xff, 0xc0, 0x8a, 0x7c, 0xff, 0xc4, 0x8b, 0x7c, 0xff, 
0xc0, 0x85, 0x77, 0xff, 0xcb, 0xa1, 0x93, 0xff, 0xd0, 0xa7, 0x94, 0xff, 0xd5, 0xa7, 0x94, 0xff, 
0xe6, 0xc8, 0xb9, 0xff, 0xec, 0xc9, 0xb6, 0xff, 0xe6, 0xb1, 0x9d, 0xff, 0xd4, 0xa0, 0x8c, 0xff, 
0xd1, 0xa8, 0x95, 0xff, 0xd9, 0xad, 0x9b, 0xff, 0xca, 0x97, 0x86, 0xff, 0xcc, 0x9d, 0x8b, 0xff, 
0xd3, 0xaa, 0x98, 0xff, 0xcd, 0xa1, 0x8d, 0xff, 0xc4, 0x90, 0x7b, 0xff, 0xbb, 0x82, 0x70, 0xff, 
0xb3, 0x76, 0x66, 0xff, 0xc5, 0x90, 0x7b, 0xff, 0xbb, 0x85, 0x72, 0xff, 0xb7, 0x82, 0x70, 0xff, 
0xae, 0x6e, 0x5f, 0xff, 0xa6, 0x62, 0x55, 0xff, 0xa7, 0x73, 0x61, 0xff, 0xc3, 0x96, 0x83, 0xff, 
0xd8, 0xac, 0x98, 0xff, 0xcf, 0xa1, 0x8d, 0xff, 0xc5, 0x8f, 0x7d, 0xff, 0xb9, 0x74, 0x63, 0xff, 
0xbd, 0x83, 0x73, 0xff, 0xb2, 0x7a, 0x6d, 0xff, 0xa9, 0x6a, 0x5e, 0xff, 0xad, 0x6e, 0x5f, 0xff, 
0xb7, 0x72, 0x63, 0xff, 0xbb, 0x72, 0x63, 0xff, 0xb5, 0x78, 0x66, 0xff, 0xb4, 0x7e, 0x6b, 0xff, 
0xb8, 0x84, 0x72, 0xff, 0xb6, 0x80, 0x6d, 0xff, 0xb4, 0x80, 0x6e, 0xff, 0xb9, 0x88, 0x76, 0xff, 
0xb0, 0x7e, 0x6c, 0xff, 0xb1, 0x7b, 0x6a, 0xff, 0xbc, 0x8d, 0x78, 0xff, 0xbf, 0x91, 0x7e, 0xff, 
0xc0, 0x8f, 0x7d, 0xff, 0xb6, 0x86, 0x73, 0xff, 0xaa, 0x7b, 0x6b, 0xff, 0xac, 0x78, 0x68, 0xff, 
0xc0, 0x89, 0x74, 0xff, 0xca, 0x96, 0x7f, 0xff, 0xc5, 0x95, 0x7f, 0xff, 0xb1, 0x7e, 0x6e, 0xff, 
0xa2, 0x6e, 0x60, 0xff, 0x82, 0x48, 0x3e, 0xff, 0x80, 0x4a, 0x44, 0xff, 0x79, 0x47, 0x42, 0xff, 
0x81, 0x50, 0x47, 0xff, 0x7d, 0x4d, 0x46, 0xff, 0x76, 0x46, 0x3f, 0xff, 0x7a, 0x4b, 0x45, 0xff, 
0x7f, 0x4f, 0x47, 0xff, 0x88, 0x4e, 0x43, 0xff, 0x81, 0x4a, 0x3f, 0xff, 0x7d, 0x47, 0x3c, 0xff, 
0x75, 0x3f, 0x35, 0xff, 0x7c, 0x44, 0x3a, 0xff, 0x90, 0x56, 0x4b, 0xff, 0x6e, 0x3c, 0x38, 0xff, 
0x8d, 0x5b, 0x4f, 0xff, 0xb6, 0x7a, 0x68, 0xff, 0x85, 0x41, 0x39, 0xff, 0x97, 0x52, 0x46, 0xff, 
0x96, 0x54, 0x48, 0xff, 0xab, 0x66, 0x57, 0xff, 0x7b, 0x48, 0x42, 0xff, 0x76, 0x49, 0x42, 0xff, 
0x7e, 0x46, 0x3e, 0xff, 0x7f, 0x43, 0x3a, 0xff, 0x79, 0x3f, 0x38, 0xff, 0x80, 0x47, 0x3f, 0xff, 
0x7e, 0x49, 0x40, 0xff, 0x85, 0x52, 0x48, 0xff, 0x9f, 0x63, 0x55, 0xff, 0x88, 0x4d, 0x42, 0xff, 
0x8d, 0x55, 0x4c, 0xff, 0x8c, 0x54, 0x49, 0xff, 0x84, 0x45, 0x3a, 0xff, 0xd7, 0xa2, 0x8c, 0xff, 
0xe1, 0xb7, 0xa1, 0xff, 0xb9, 0x85, 0x75, 0xff, 0xff, 0xe1, 0xc6, 0xff, 0xc5, 0x8c, 0x7b, 0xff, 
0x79, 0x37, 0x30, 0xff, 0xa3, 0x58, 0x4b, 0xff, 0xa8, 0x5f, 0x50, 0xff, 0xbe, 0x80, 0x6e, 0xff, 
0xcd, 0x91, 0x7c, 0xff, 0xd8, 0xa0, 0x8c, 0xff, 0xc5, 0x9f, 0x91, 0xff, 0x6b, 0x4f, 0x46, 0xff, 
0x4e, 0x28, 0x24, 0xff, 0x81, 0x56, 0x4d, 0xff, 0xed, 0xc9, 0xb0, 0xff, 0xe4, 0xb4, 0x9a, 0xff, 
0xb9, 0x79, 0x62, 0xff, 0xb6, 0x75, 0x61, 0xff, 0xc6, 0x8c, 0x76, 0xff, 0xbd, 0x80, 0x6a, 0xff, 
0xd2, 0xa4, 0x8e, 0xff, 0xef, 0xcb, 0xb1, 0xff, 0xe4, 0xb6, 0x9c, 0xff, 0xeb, 0xc2, 0xa8, 0xff, 
0xeb, 0xc4, 0xaa, 0xff, 0xe5, 0xb8, 0x9c, 0xff, 0xe7, 0xbb, 0xa1, 0xff, 0xee, 0xcd, 0xb4, 0xff, 
0xf4, 0xdc, 0xc5, 0xff, 0xeb, 0xca, 0xb5, 0xff, 0xea, 0xc7, 0xb2, 0xff, 0xee, 0xcc, 0xb8, 0xff, 
0xeb, 0xc6, 0xb0, 0xff, 0xe6, 0xc1, 0xaa, 0xff, 0xe5, 0xc1, 0xab, 0xff, 0xe7, 0xc3, 0xaf, 0xff, 
0xe8, 0xc5, 0xb0, 0xff, 0xf0, 0xcc, 0xb7, 0xff, 0xee, 0xd0, 0xbf, 0xff, 0xf7, 0xea, 0xdb, 0xff, 
0xf9, 0xe8, 0xd8, 0xff, 0xf8, 0xed, 0xe1, 0xff, 0xf3, 0xe3, 0xd4, 0xff, 0xfc, 0xf1, 0xe2, 0xff, 
0xe3, 0xc7, 0xb3, 0xff, 0xe3, 0xca, 0xb6, 0xff, 0xf0, 0xdc, 0xcc, 0xff, 0xba, 0x87, 0x74, 0xff, 
0xd2, 0xa3, 0x8e, 0xff, 0xc1, 0x8f, 0x7e, 0xff, 0xc2, 0x92, 0x7f, 0xff, 0xdb, 0xb0, 0x97, 0xff, 
0xda, 0xa6, 0x8d, 0xff, 0xda, 0x9b, 0x7d, 0xff, 0xd3, 0x9a, 0x81, 0xff, 0xaa, 0x71, 0x65, 0xff, 
0xc5, 0x8a, 0x76, 0xff, 0xd9, 0x9d, 0x85, 0xff, 0xd2, 0x97, 0x82, 0xff, 0xcd, 0x93, 0x7b, 0xff, 
0xc5, 0x87, 0x70, 0xff, 0xc8, 0x8c, 0x75, 0xff, 0xcc, 0x91, 0x79, 0xff, 0xde, 0xa5, 0x8c, 0xff, 
0xce, 0x8a, 0x78, 0xff, 0xab, 0x68, 0x5e, 0xff, 0x9f, 0x63, 0x5b, 0xff, 0x9f, 0x64, 0x5b, 0xff, 
0xb8, 0x80, 0x6f, 0xff, 0xaf, 0x76, 0x69, 0xff, 0x7f, 0x4e, 0x48, 0xff, 0x98, 0x6a, 0x5d, 0xff, 
0x7c, 0x58, 0x4d, 0xff, 0x83, 0x4d, 0x41, 0xff, 0x8b, 0x49, 0x40, 0xff, 0x79, 0x3d, 0x37, 0xff, 
0x92, 0x50, 0x45, 0xff, 0xad, 0x6a, 0x5c, 0xff, 0xbe, 0x82, 0x6f, 0xff, 0xd2, 0x9a, 0x85, 0xff, 
0xb2, 0x79, 0x68, 0xff, 0xc0, 0x86, 0x73, 0xff, 0xc2, 0x95, 0x82, 0xff, 0xcd, 0xa2, 0x8c, 0xff, 
0xc7, 0x97, 0x81, 0xff, 0xbf, 0x8d, 0x77, 0xff, 0xcb, 0x9f, 0x88, 0xff, 0xc6, 0x99, 0x83, 0xff, 
0xc4, 0x94, 0x7e, 0xff, 0xc4, 0x94, 0x82, 0xff, 0xd7, 0xaa, 0x95, 0xff, 0xda, 0xa9, 0x93, 0xff, 
0xd2, 0x9f, 0x8e, 0xff, 0xcf, 0x9c, 0x8a, 0xff, 0xd1, 0x9d, 0x8b, 0xff, 0xce, 0x99, 0x88, 0xff, 
0xc9, 0x95, 0x82, 0xff, 0xcb, 0x99, 0x8a, 0xff, 0xd1, 0x9d, 0x8f, 0xff, 0xe1, 0xad, 0x9b, 0xff, 
0xee, 0xc0, 0xb0, 0xff, 0xeb, 0xbc, 0xac, 0xff, 0xe8, 0xb3, 0xa4, 0xff, 0xed, 0xbb, 0xac, 0xff, 
0xef, 0xbe, 0xad, 0xff, 0xf0, 0xc3, 0xb1, 0xff, 0xee, 0xbf, 0xae, 0xff, 0xea, 0xb3, 0xa5, 0xff, 
0xd4, 0x97, 0x8a, 0xff, 0xca, 0x94, 0x86, 0xff, 0xcb, 0x97, 0x88, 0xff, 0xce, 0x94, 0x89, 0xff, 
0xdf, 0xb7, 0xa7, 0xff, 0xe0, 0xb3, 0xa2, 0xff, 0xd8, 0x9f, 0x94, 0xff, 0xe2, 0xa6, 0x9d, 0xff, 
0xe1, 0xa7, 0x9c, 0xff, 0xce, 0x93, 0x88, 0xff, 0xcf, 0x94, 0x89, 0xff, 0xd6, 0xa1, 0x95, 0xff, 
0xd9, 0x9f, 0x91, 0xff, 0xd6, 0x9f, 0x8c, 0xff, 0xd4, 0xa8, 0x99, 0xff, 0xcb, 0x9d, 0x8d, 0xff, 
0xc4, 0x92, 0x80, 0xff, 0xc6, 0x94, 0x84, 0xff, 0xcf, 0xa1, 0x92, 0xff, 0xce, 0x9a, 0x8c, 0xff, 
0xd7, 0xa9, 0x9c, 0xff, 0xe0, 0xb9, 0xaa, 0xff, 0xd7, 0xae, 0x9f, 0xff, 0xd6, 0xb4, 0xa5, 0xff, 
0xd3, 0xa9, 0x98, 0xff, 0xd7, 0xac, 0x9b, 0xff, 0xdf, 0xb2, 0xa1, 0xff, 0xd6, 0xaf, 0x9f, 0xff, 
0xd5, 0xb0, 0x9e, 0xff, 0xda, 0xb1, 0x9e, 0xff, 0xdd, 0xb6, 0xa1, 0xff, 0xe2, 0xbd, 0xa8, 0xff, 
0xd1, 0xa5, 0x93, 0xff, 0xd0, 0x9f, 0x8e, 0xff, 0xd2, 0xa4, 0x92, 0xff, 0xba, 0x7d, 0x6c, 0xff, 
0xc1, 0x87, 0x77, 0xff, 0xca, 0x95, 0x84, 0xff, 0xcb, 0x88, 0x77, 0xff, 0xc6, 0x86, 0x74, 0xff, 
0xd1, 0x9d, 0x88, 0xff, 0xd6, 0x98, 0x83, 0xff, 0xc8, 0x7f, 0x6d, 0xff, 0xbc, 0x78, 0x66, 0xff, 
0xb9, 0x79, 0x67, 0xff, 0xb4, 0x79, 0x6b, 0xff, 0xc3, 0x8b, 0x78, 0xff, 0xc6, 0x87, 0x70, 0xff, 
0xa9, 0x5e, 0x4d, 0xff, 0xab, 0x5f, 0x4d, 0xff, 0xbb, 0x7a, 0x6a, 0xff, 0xd4, 0x9f, 0x8c, 0xff, 
0xf7, 0xc2, 0xae, 0xff, 0xc6, 0x92, 0x82, 0xff, 0x84, 0x4b, 0x3f, 0xff, 0xcd, 0x93, 0x82, 0xff, 
0xc1, 0x86, 0x78, 0xff, 0xc7, 0x8c, 0x7c, 0xff, 0xc3, 0x89, 0x7a, 0xff, 0xb8, 0x7c, 0x6d, 0xff, 
0xbb, 0x7b, 0x6b, 0xff, 0xc9, 0x97, 0x88, 0xff, 0xca, 0x9d, 0x8c, 0xff, 0xd0, 0x90, 0x7a, 0xff, 
0xe3, 0xa1, 0x8c, 0xff, 0xef, 0xc5, 0xb3, 0xff, 0xe8, 0xc4, 0xb0, 0xff, 0xd6, 0xa5, 0x8f, 0xff, 
0xda, 0xa7, 0x91, 0xff, 0xd9, 0xa2, 0x90, 0xff, 0xce, 0xa1, 0x8f, 0xff, 0xcb, 0x9f, 0x8c, 0xff, 
0xd8, 0xb0, 0x9e, 0xff, 0xe1, 0xbf, 0xac, 0xff, 0xcd, 0x9f, 0x88, 0xff, 0xc6, 0x8e, 0x7a, 0xff, 
0xbc, 0x8c, 0x7b, 0xff, 0xaf, 0x8d, 0x7f, 0xff, 0xac, 0x76, 0x67, 0xff, 0xab, 0x70, 0x60, 0xff, 
0xad, 0x78, 0x67, 0xff, 0xbc, 0x84, 0x70, 0xff, 0xac, 0x75, 0x65, 0xff, 0x9d, 0x5b, 0x4f, 0xff, 
0xb1, 0x6d, 0x5c, 0xff, 0xaf, 0x6b, 0x5a, 0xff, 0xba, 0x71, 0x63, 0xff, 0xc4, 0x86, 0x75, 0xff, 
0xbd, 0x86, 0x76, 0xff, 0xae, 0x73, 0x66, 0xff, 0xa5, 0x64, 0x57, 0xff, 0xaa, 0x68, 0x5a, 0xff, 
0xb9, 0x78, 0x68, 0xff, 0xb3, 0x6d, 0x5e, 0xff, 0xb2, 0x6c, 0x5e, 0xff, 0xb4, 0x6f, 0x60, 0xff, 
0xba, 0x75, 0x66, 0xff, 0xaf, 0x6c, 0x5e, 0xff, 0xb0, 0x77, 0x67, 0xff, 0xaa, 0x74, 0x64, 0xff, 
0xb3, 0x7e, 0x6d, 0xff, 0xc0, 0x94, 0x82, 0xff, 0xb9, 0x88, 0x74, 0xff, 0xb5, 0x87, 0x73, 0xff, 
0xba, 0x88, 0x79, 0xff, 0xb6, 0x83, 0x72, 0xff, 0xae, 0x7f, 0x6e, 0xff, 0xc1, 0x8d, 0x79, 0xff, 
0xc0, 0x8a, 0x76, 0xff, 0xba, 0x84, 0x72, 0xff, 0xc0, 0x8b, 0x76, 0xff, 0xa5, 0x76, 0x64, 0xff, 
0xb2, 0x7c, 0x6b, 0xff, 0x8b, 0x4f, 0x44, 0xff, 0x82, 0x4c, 0x44, 0xff, 0x78, 0x48, 0x42, 0xff, 
0x80, 0x4e, 0x46, 0xff, 0x7d, 0x4d, 0x45, 0xff, 0x7b, 0x48, 0x41, 0xff, 0x82, 0x4c, 0x45, 0xff, 
0x7b, 0x4a, 0x43, 0xff, 0x79, 0x49, 0x42, 0xff, 0x73, 0x43, 0x3e, 0xff, 0x79, 0x48, 0x41, 0xff, 
0x7f, 0x4a, 0x3f, 0xff, 0x9a, 0x62, 0x54, 0xff, 0xbb, 0x8a, 0x77, 0xff, 0x87, 0x57, 0x4e, 0xff, 
0x89, 0x4c, 0x42, 0xff, 0xa0, 0x5c, 0x4d, 0xff, 0x86, 0x44, 0x3a, 0xff, 0x9c, 0x56, 0x48, 0xff, 
0x9c, 0x57, 0x48, 0xff, 0xa2, 0x5a, 0x4c, 0xff, 0x7e, 0x42, 0x3a, 0xff, 0x6e, 0x3a, 0x34, 0xff, 
0x7e, 0x49, 0x40, 0xff, 0x80, 0x48, 0x40, 0xff, 0x75, 0x42, 0x3d, 0xff, 0x6f, 0x3c, 0x37, 0xff, 
0x88, 0x4e, 0x43, 0xff, 0xa6, 0x62, 0x51, 0xff, 0xaf, 0x6a, 0x5a, 0xff, 0xc8, 0x85, 0x6e, 0xff, 
0xbd, 0x77, 0x65, 0xff, 0x8b, 0x4d, 0x43, 0xff, 0x9f, 0x64, 0x54, 0xff, 0xd5, 0x9d, 0x86, 0xff, 
0xe6, 0xb8, 0xa0, 0xff, 0xee, 0xc5, 0xad, 0xff, 0xfb, 0xdb, 0xc1, 0xff, 0xb6, 0x74, 0x64, 0xff, 
0xaa, 0x64, 0x55, 0xff, 0xca, 0x88, 0x74, 0xff, 0xa3, 0x5e, 0x4f, 0xff, 0xaf, 0x6d, 0x5c, 0xff, 
0xde, 0xac, 0x97, 0xff, 0xe3, 0xb7, 0xa3, 0xff, 0xb3, 0x8c, 0x7f, 0xff, 0x6f, 0x47, 0x40, 0xff, 
0x77, 0x45, 0x3d, 0xff, 0xbc, 0x90, 0x80, 0xff, 0xf7, 0xdf, 0xc6, 0xff, 0xef, 0xca, 0xaf, 0xff, 
0xdb, 0xaa, 0x91, 0xff, 0xbb, 0x7b, 0x68, 0xff, 0xc8, 0x8e, 0x77, 0xff, 0xcc, 0x92, 0x7a, 0xff, 
0xaa, 0x68, 0x54, 0xff, 0xbe, 0x83, 0x6f, 0xff, 0xd7, 0xa2, 0x87, 0xff, 0xd9, 0xa9, 0x90, 0xff, 
0xe8, 0xbe, 0xa5, 0xff, 0xe2, 0xb3, 0x96, 0xff, 0xe8, 0xc0, 0xa5, 0xff, 0xea, 0xca, 0xb5, 0xff, 
0xea, 0xca, 0xb4, 0xff, 0xe5, 0xc0, 0xa9, 0xff, 0xe1, 0xb7, 0xa0, 0xff, 0xe6, 0xbe, 0xa6, 0xff, 
0xe0, 0xb8, 0xa3, 0xff, 0xe3, 0xbc, 0xa8, 0xff, 0xe4, 0xc0, 0xa9, 0xff, 0xe6, 0xc4, 0xb0, 0xff, 
0xe0, 0xbd, 0xa9, 0xff, 0xe5, 0xc5, 0xb3, 0xff, 0xf4, 0xdf, 0xd0, 0xff, 0xf3, 0xe4, 0xd7, 0xff, 
0xfa, 0xef, 0xe3, 0xff, 0xfa, 0xf3, 0xea, 0xff, 0xf4, 0xe5, 0xd8, 0xff, 0xee, 0xd9, 0xc7, 0xff, 
0xef, 0xd9, 0xc6, 0xff, 0xed, 0xd8, 0xc6, 0xff, 0xea, 0xca, 0xb6, 0xff, 0xe8, 0xc2, 0xa9, 0xff, 
0xc1, 0x94, 0x80, 0xff, 0xa9, 0x77, 0x68, 0xff, 0xc6, 0x9d, 0x87, 0xff, 0xd1, 0xa0, 0x8a, 0xff, 
0xd4, 0xa3, 0x8c, 0xff, 0xdb, 0xa5, 0x8a, 0xff, 0xc7, 0x8c, 0x74, 0xff, 0xc9, 0x8e, 0x77, 0xff, 
0xd0, 0x95, 0x7a, 0xff, 0xc6, 0x83, 0x6d, 0xff, 0xd5, 0x99, 0x81, 0xff, 0xdb, 0xa2, 0x88, 0xff, 
0xd0, 0x93, 0x75, 0xff, 0xcf, 0x92, 0x79, 0xff, 0xd2, 0x98, 0x81, 0xff, 0xc1, 0x7b, 0x6a, 0xff, 
0xbc, 0x75, 0x67, 0xff, 0xac, 0x70, 0x62, 0xff, 0xa2, 0x65, 0x5b, 0xff, 0x9d, 0x5f, 0x57, 0xff, 
0xb2, 0x75, 0x67, 0xff, 0xa4, 0x70, 0x64, 0xff, 0x85, 0x54, 0x4c, 0xff, 0x7d, 0x4e, 0x46, 0xff, 
0x79, 0x48, 0x3f, 0xff, 0xa5, 0x65, 0x56, 0xff, 0xa4, 0x63, 0x54, 0xff, 0x93, 0x51, 0x46, 0xff, 
0xa8, 0x60, 0x56, 0xff, 0xc5, 0x89, 0x78, 0xff, 0xba, 0x78, 0x64, 0xff, 0xa3, 0x69, 0x5c, 0xff, 
0x9b, 0x5d, 0x52, 0xff, 0x9d, 0x6f, 0x5f, 0xff, 0xb9, 0x8c, 0x78, 0xff, 0xd0, 0x9e, 0x87, 0xff, 
0xbe, 0x8a, 0x74, 0xff, 0xc3, 0x94, 0x7e, 0xff, 0xc9, 0x9f, 0x88, 0xff, 0xb7, 0x85, 0x70, 0xff, 
0xc1, 0x8e, 0x7a, 0xff, 0xc6, 0x97, 0x84, 0xff, 0xd5, 0xa8, 0x92, 0xff, 0xe0, 0xb1, 0x9e, 0xff, 
0xd8, 0xa9, 0x95, 0xff, 0xd6, 0xa5, 0x91, 0xff, 0xc6, 0x90, 0x80, 0xff, 0xc4, 0x91, 0x7f, 0xff, 
0xca, 0x95, 0x84, 0xff, 0xcf, 0x9c, 0x8c, 0xff, 0xd4, 0xa2, 0x91, 0xff, 0xdd, 0xa9, 0x98, 0xff, 
0xe4, 0xb4, 0xa2, 0xff, 0xe7, 0xb3, 0xa3, 0xff, 0xea, 0xb3, 0xa4, 0xff, 0xe9, 0xb5, 0xa5, 0xff, 
0xed, 0xbb, 0xab, 0xff, 0xee, 0xbb, 0xac, 0xff, 0xee, 0xbb, 0xab, 0xff, 0xf1, 0xbe, 0xab, 0xff, 
0xde, 0xaa, 0x96, 0xff, 0xd5, 0xa0, 0x90, 0xff, 0xdc, 0xa7, 0x98, 0xff, 0xda, 0xa2, 0x92, 0xff, 
0xe3, 0xaa, 0x9d, 0xff, 0xd4, 0xa1, 0x95, 0xff, 0xda, 0xa4, 0x99, 0xff, 0xdc, 0xa1, 0x97, 0xff, 
0xce, 0x94, 0x89, 0xff, 0xd5, 0x9b, 0x90, 0xff, 0xe6, 0xaa, 0x9e, 0xff, 0xe9, 0xac, 0xa0, 0xff, 
0xe1, 0xa0, 0x94, 0xff, 0xd9, 0x94, 0x84, 0xff, 0xca, 0x89, 0x77, 0xff, 0xc1, 0x8b, 0x79, 0xff, 
0xc8, 0x97, 0x87, 0xff, 0xcf, 0x9f, 0x8f, 0xff, 0xc9, 0x9b, 0x8b, 0xff, 0xcb, 0x9b, 0x8f, 0xff, 
0xd7, 0xad, 0x9f, 0xff, 0xda, 0xb1, 0xa2, 0xff, 0xc8, 0x99, 0x87, 0xff, 0xcc, 0xa3, 0x93, 0xff, 
0xdc, 0xb5, 0xa6, 0xff, 0xe2, 0xbd, 0xab, 0xff, 0xd0, 0xa4, 0x93, 0xff, 0xc2, 0x91, 0x83, 0xff, 
0xd1, 0xa4, 0x92, 0xff, 0xe5, 0xc3, 0xb2, 0xff, 0xdf, 0xb7, 0xa5, 0xff, 0xc7, 0x94, 0x82, 0xff, 
0xcd, 0x9e, 0x8d, 0xff, 0xcf, 0xa0, 0x8c, 0xff, 0xc0, 0x8e, 0x7c, 0xff, 0xb9, 0x76, 0x68, 0xff, 
0xbf, 0x79, 0x69, 0xff, 0xca, 0x84, 0x74, 0xff, 0xc8, 0x84, 0x73, 0xff, 0xc0, 0x7a, 0x68, 0xff, 
0xc3, 0x78, 0x69, 0xff, 0xc2, 0x84, 0x71, 0xff, 0xc0, 0x84, 0x70, 0xff, 0xc6, 0x87, 0x73, 0xff, 
0xc8, 0x8a, 0x74, 0xff, 0xb4, 0x8f, 0x7f, 0xff, 0xb0, 0x8b, 0x7f, 0xff, 0xd0, 0x8d, 0x75, 0xff, 
0xb7, 0x6e, 0x59, 0xff, 0xc4, 0x86, 0x75, 0xff, 0xea, 0xb9, 0xa7, 0xff, 0xda, 0xa5, 0x96, 0xff, 
0xe6, 0xb0, 0x9e, 0xff, 0xc8, 0x8f, 0x7c, 0xff, 0x9e, 0x5f, 0x4f, 0xff, 0xc1, 0x87, 0x78, 0xff, 
0xc8, 0x90, 0x81, 0xff, 0xc4, 0x88, 0x7a, 0xff, 0xba, 0x79, 0x6c, 0xff, 0xc6, 0x87, 0x75, 0xff, 
0xc9, 0x8f, 0x7d, 0xff, 0xcd, 0x9b, 0x8a, 0xff, 0xde, 0xb8, 0xa8, 0xff, 0xe8, 0xb5, 0xa4, 0xff, 
0xda, 0x9c, 0x86, 0xff, 0xdb, 0xac, 0x97, 0xff, 0xdc, 0xb7, 0xa7, 0xff, 0xd9, 0xab, 0x9a, 0xff, 
0xd4, 0x93, 0x7b, 0xff, 0xd4, 0x8d, 0x76, 0xff, 0xc5, 0x89, 0x77, 0xff, 0xc2, 0x8d, 0x7b, 0xff, 
0xc6, 0x95, 0x83, 0xff, 0xc8, 0x91, 0x7f, 0xff, 0xca, 0x91, 0x7c, 0xff, 0xc7, 0x8f, 0x79, 0xff, 
0xc6, 0x94, 0x81, 0xff, 0xb4, 0x88, 0x79, 0xff, 0xad, 0x74, 0x65, 0xff, 0xaf, 0x73, 0x63, 0xff, 
0xb3, 0x78, 0x67, 0xff, 0xa8, 0x68, 0x5b, 0xff, 0xa2, 0x65, 0x59, 0xff, 0xb2, 0x74, 0x65, 0xff, 
0xb0, 0x6f, 0x60, 0xff, 0xb0, 0x6b, 0x5f, 0xff, 0xb6, 0x75, 0x68, 0xff, 0xb6, 0x7f, 0x72, 0xff, 
0xb0, 0x77, 0x6b, 0xff, 0xb4, 0x72, 0x64, 0xff, 0xbe, 0x7d, 0x6a, 0xff, 0xc3, 0x7c, 0x6a, 0xff, 
0xb2, 0x66, 0x59, 0xff, 0xaa, 0x65, 0x59, 0xff, 0xb7, 0x77, 0x66, 0xff, 0xc3, 0x7e, 0x6c, 0xff, 
0xc0, 0x76, 0x66, 0xff, 0xab, 0x67, 0x59, 0xff, 0xa5, 0x6d, 0x5e, 0xff, 0xa9, 0x7a, 0x68, 0xff, 
0xba, 0x90, 0x7d, 0xff, 0xba, 0x8f, 0x7c, 0xff, 0xa5, 0x73, 0x63, 0xff, 0xaf, 0x7b, 0x6c, 0xff, 
0xb0, 0x7e, 0x6d, 0xff, 0xbc, 0x88, 0x77, 0xff, 0xb5, 0x82, 0x70, 0xff, 0xc5, 0x91, 0x7d, 0xff, 
0xb7, 0x85, 0x73, 0xff, 0x9d, 0x6a, 0x5b, 0xff, 0xac, 0x72, 0x63, 0xff, 0x94, 0x60, 0x52, 0xff, 
0xa0, 0x66, 0x56, 0xff, 0x99, 0x5f, 0x51, 0xff, 0x8a, 0x51, 0x48, 0xff, 0x8d, 0x5a, 0x50, 0xff, 
0x7d, 0x4b, 0x43, 0xff, 0x8f, 0x56, 0x4a, 0xff, 0x93, 0x5c, 0x51, 0xff, 0x85, 0x4d, 0x43, 0xff, 
0x80, 0x47, 0x3c, 0xff, 0x69, 0x39, 0x32, 0xff, 0x72, 0x41, 0x3a, 0xff, 0x6e, 0x3d, 0x37, 0xff, 
0x84, 0x4c, 0x43, 0xff, 0xac, 0x69, 0x5a, 0xff, 0xa7, 0x69, 0x5a, 0xff, 0x79, 0x46, 0x40, 0xff, 
0x9b, 0x56, 0x4a, 0xff, 0xa3, 0x5f, 0x4f, 0xff, 0x8d, 0x4e, 0x42, 0xff, 0x8e, 0x4a, 0x40, 0xff, 
0x94, 0x51, 0x46, 0xff, 0x9a, 0x56, 0x4a, 0xff, 0x92, 0x4f, 0x43, 0xff, 0x9a, 0x57, 0x49, 0xff, 
0x8f, 0x50, 0x45, 0xff, 0xb9, 0x78, 0x63, 0xff, 0x9d, 0x64, 0x56, 0xff, 0x80, 0x4c, 0x44, 0xff, 
0xa8, 0x61, 0x51, 0xff, 0xa5, 0x5b, 0x4c, 0xff, 0xad, 0x67, 0x56, 0xff, 0xd5, 0x97, 0x7d, 0xff, 
0xdb, 0xa0, 0x86, 0xff, 0xc9, 0x86, 0x6e, 0xff, 0xcd, 0x89, 0x72, 0xff, 0xda, 0x9f, 0x87, 0xff, 
0xe3, 0xac, 0x93, 0xff, 0xf3, 0xc7, 0xad, 0xff, 0x94, 0x55, 0x49, 0xff, 0x95, 0x4d, 0x41, 0xff, 
0xd1, 0x8e, 0x78, 0xff, 0xe4, 0xac, 0x95, 0xff, 0xe6, 0xb6, 0xa0, 0xff, 0xd7, 0x9d, 0x88, 0xff, 
0xe2, 0xab, 0x95, 0xff, 0xcb, 0x9d, 0x8a, 0xff, 0xa1, 0x75, 0x68, 0xff, 0x7f, 0x4d, 0x46, 0xff, 
0xa6, 0x6e, 0x61, 0xff, 0xb4, 0x80, 0x70, 0xff, 0xea, 0xd3, 0xbe, 0xff, 0xf2, 0xd4, 0xba, 0xff, 
0xe4, 0xb7, 0x9e, 0xff, 0xe1, 0xb0, 0x96, 0xff, 0xc3, 0x81, 0x69, 0xff, 0xaf, 0x6d, 0x5a, 0xff, 
0xad, 0x6c, 0x5a, 0xff, 0xa8, 0x6a, 0x58, 0xff, 0xb0, 0x79, 0x65, 0xff, 0xc2, 0x89, 0x71, 0xff, 
0xde, 0xaf, 0x97, 0xff, 0xeb, 0xbf, 0xa3, 0xff, 0xe4, 0xb8, 0x9a, 0xff, 0xeb, 0xcd, 0xb9, 0xff, 
0xea, 0xcc, 0xbb, 0xff, 0xda, 0xaf, 0x97, 0xff, 0xcc, 0x9f, 0x88, 0xff, 0xdb, 0xb2, 0x9a, 0xff, 
0xdd, 0xb4, 0x9e, 0xff, 0xe0, 0xbd, 0xa6, 0xff, 0xdb, 0xb5, 0xa0, 0xff, 0xdd, 0xb7, 0xa2, 0xff, 
0xea, 0xcc, 0xbb, 0xff, 0xc7, 0xa7, 0x95, 0xff, 0xc5, 0xa4, 0x90, 0xff, 0xe9, 0xd2, 0xc4, 0xff, 
0xf6, 0xe4, 0xd7, 0xff, 0xea, 0xd2, 0xbc, 0xff, 0xdd, 0xc2, 0xb1, 0xff, 0xf1, 0xdd, 0xcc, 0xff, 
0xef, 0xda, 0xc7, 0xff, 0xfa, 0xed, 0xde, 0xff, 0xef, 0xd6, 0xc3, 0xff, 0xe7, 0xc4, 0xab, 0xff, 
0xe0, 0xbb, 0xa4, 0xff, 0xbc, 0x90, 0x7c, 0xff, 0xb1, 0x84, 0x72, 0xff, 0xcc, 0xa0, 0x8b, 0xff, 
0xe6, 0xb7, 0x9e, 0xff, 0xd7, 0xa2, 0x8b, 0xff, 0xd1, 0x93, 0x78, 0xff, 0xd4, 0x99, 0x7d, 0xff, 
0xc6, 0x8a, 0x73, 0xff, 0xc6, 0x85, 0x6c, 0xff, 0xdd, 0x9d, 0x80, 0xff, 0xdc, 0xa0, 0x85, 0xff, 
0xcd, 0x90, 0x75, 0xff, 0xc7, 0x84, 0x71, 0xff, 0xbd, 0x74, 0x65, 0xff, 0xac, 0x63, 0x57, 0xff, 
0xb3, 0x6c, 0x5e, 0xff, 0xbb, 0x77, 0x65, 0xff, 0x7c, 0x4a, 0x44, 0xff, 0x85, 0x4d, 0x46, 0xff, 
0x97, 0x5a, 0x50, 0xff, 0x8f, 0x5a, 0x53, 0xff, 0x9d, 0x66, 0x5e, 0xff, 0x9c, 0x65, 0x5c, 0xff, 
0x9f, 0x62, 0x5b, 0xff, 0xb7, 0x75, 0x69, 0xff, 0x9f, 0x66, 0x5c, 0xff, 0xae, 0x6d, 0x5c, 0xff, 
0xbb, 0x78, 0x66, 0xff, 0xcc, 0x94, 0x7d, 0xff, 0xb7, 0x7e, 0x6d, 0xff, 0x7b, 0x44, 0x40, 0xff, 
0x9f, 0x67, 0x59, 0xff, 0xa0, 0x74, 0x63, 0xff, 0xa7, 0x71, 0x60, 0xff, 0xaf, 0x7e, 0x69, 0xff, 
0xc3, 0x9b, 0x84, 0xff, 0xbf, 0x93, 0x7e, 0xff, 0xbb, 0x8b, 0x74, 0xff, 0xbe, 0x93, 0x7c, 0xff, 
0xb7, 0x91, 0x7d, 0xff, 0xcc, 0x9f, 0x8a, 0xff, 0xd7, 0xa9, 0x92, 0xff, 0xd8, 0xac, 0x95, 0xff, 
0xd7, 0xa9, 0x91, 0xff, 0xcd, 0x98, 0x84, 0xff, 0xbe, 0x85, 0x76, 0xff, 0xc2, 0x8e, 0x7d, 0xff, 
0xd7, 0xa1, 0x91, 0xff, 0xce, 0x9a, 0x8a, 0xff, 0xd1, 0x9d, 0x8d, 0xff, 0xe6, 0xb1, 0xa1, 0xff, 
0xd8, 0xa5, 0x93, 0xff, 0xe1, 0xae, 0x9f, 0xff, 0xe7, 0xaf, 0xa1, 0xff, 0xe9, 0xb3, 0xa4, 0xff, 
0xeb, 0xba, 0xaa, 0xff, 0xe9, 0xb5, 0xa6, 0xff, 0xe7, 0xaf, 0xa1, 0xff, 0xe6, 0xaf, 0x9e, 0xff, 
0xe4, 0xb8, 0x9f, 0xff, 0xe8, 0xb8, 0xa5, 0xff, 0xe5, 0xb0, 0xa2, 0xff, 0xe6, 0xab, 0x9c, 0xff, 
0xe3, 0xa8, 0x9b, 0xff, 0xdc, 0xa1, 0x96, 0xff, 0xdf, 0xaa, 0x9a, 0xff, 0xd2, 0x9b, 0x89, 0xff, 
0xd7, 0x9f, 0x8f, 0xff, 0xe4, 0xad, 0x9d, 0xff, 0xe3, 0xaa, 0x9a, 0xff, 0xd8, 0x9b, 0x8c, 0xff, 
0xcf, 0x8f, 0x7d, 0xff, 0xd5, 0x92, 0x81, 0xff, 0xd4, 0x94, 0x83, 0xff, 0xd9, 0xa0, 0x91, 0xff, 
0xd8, 0xa2, 0x92, 0xff, 0xc9, 0x8e, 0x7f, 0xff, 0xc2, 0x8f, 0x82, 0xff, 0xd8, 0xb2, 0xa3, 0xff, 
0xd3, 0xa5, 0x96, 0xff, 0xd5, 0xa6, 0x96, 0xff, 0xe2, 0xbe, 0xaf, 0xff, 0xe3, 0xbd, 0xaf, 0xff, 
0xd5, 0xa6, 0x96, 0xff, 0xd2, 0xa5, 0x94, 0xff, 0xc8, 0x9d, 0x8e, 0xff, 0xcb, 0x93, 0x83, 0xff, 
0xe3, 0xb0, 0x9f, 0xff, 0xe6, 0xc5, 0xb3, 0xff, 0xd9, 0xad, 0x9b, 0xff, 0xbd, 0x83, 0x74, 0xff, 
0xbd, 0x87, 0x76, 0xff, 0xc4, 0x96, 0x80, 0xff, 0xb9, 0x82, 0x70, 0xff, 0xc4, 0x81, 0x70, 0xff, 
0xd3, 0x91, 0x81, 0xff, 0xcf, 0x8c, 0x79, 0xff, 0xc5, 0x7f, 0x6c, 0xff, 0xc1, 0x7c, 0x6c, 0xff, 
0xbe, 0x7c, 0x6c, 0xff, 0xb5, 0x7b, 0x6b, 0xff, 0xb6, 0x82, 0x6e, 0xff, 0xc7, 0x92, 0x7a, 0xff, 
0xbe, 0x84, 0x71, 0xff, 0xc2, 0x92, 0x7f, 0xff, 0xc6, 0x94, 0x81, 0xff, 0xc4, 0x87, 0x6f, 0xff, 
0xcf, 0x90, 0x7c, 0xff, 0xf3, 0xbe, 0xac, 0xff, 0xe5, 0xb4, 0xa1, 0xff, 0xd2, 0x9c, 0x8c, 0xff, 
0xce, 0x9a, 0x8a, 0xff, 0xca, 0x9e, 0x8e, 0xff, 0xbf, 0x8a, 0x79, 0xff, 0xc9, 0x8e, 0x7f, 0xff, 
0xcf, 0x91, 0x7f, 0xff, 0xbe, 0x7d, 0x6c, 0xff, 0xc4, 0x8d, 0x7c, 0xff, 0xd4, 0xa3, 0x8e, 0xff, 
0xda, 0xa7, 0x93, 0xff, 0xe3, 0xb0, 0x9f, 0xff, 0xe1, 0xb5, 0xa4, 0xff, 0xdd, 0xbe, 0xb0, 0xff, 
0xd4, 0xaa, 0x95, 0xff, 0xd4, 0xaa, 0x97, 0xff, 0xd2, 0xa0, 0x8f, 0xff, 0xcb, 0x90, 0x7b, 0xff, 
0xdc, 0xb6, 0xa8, 0xff, 0xd8, 0xad, 0x99, 0xff, 0xbf, 0x7d, 0x68, 0xff, 0xb5, 0x6f, 0x60, 0xff, 
0xbd, 0x75, 0x61, 0xff, 0xc0, 0x72, 0x60, 0xff, 0xbf, 0x7a, 0x6b, 0xff, 0xc6, 0x8a, 0x78, 0xff, 
0xbf, 0x82, 0x70, 0xff, 0xb6, 0x79, 0x67, 0xff, 0xbd, 0x87, 0x74, 0xff, 0xc1, 0x8d, 0x78, 0xff, 
0xad, 0x6e, 0x5e, 0xff, 0xa7, 0x64, 0x57, 0xff, 0xb6, 0x71, 0x62, 0xff, 0xb9, 0x82, 0x6f, 0xff, 
0xad, 0x70, 0x62, 0xff, 0xad, 0x67, 0x5a, 0xff, 0xb6, 0x7d, 0x6d, 0xff, 0xad, 0x76, 0x6a, 0xff, 
0xb3, 0x74, 0x66, 0xff, 0xbc, 0x76, 0x66, 0xff, 0xc2, 0x7e, 0x6d, 0xff, 0xc0, 0x81, 0x70, 0xff, 
0xa0, 0x5c, 0x50, 0xff, 0xb0, 0x69, 0x5c, 0xff, 0xca, 0x82, 0x71, 0xff, 0xbe, 0x7a, 0x69, 0xff, 
0xb5, 0x70, 0x5f, 0xff, 0xaf, 0x6f, 0x60, 0xff, 0x9d, 0x66, 0x57, 0xff, 0xa7, 0x79, 0x68, 0xff, 
0xb5, 0x85, 0x73, 0xff, 0xb7, 0x86, 0x73, 0xff, 0xb7, 0x8b, 0x7b, 0xff, 0xb2, 0x83, 0x71, 0xff, 
0xa9, 0x76, 0x65, 0xff, 0xb2, 0x81, 0x6f, 0xff, 0xbf, 0x8e, 0x7b, 0xff, 0xb6, 0x84, 0x72, 0xff, 
0xb2, 0x80, 0x6e, 0xff, 0x9b, 0x61, 0x56, 0xff, 0x94, 0x5b, 0x51, 0xff, 0xb4, 0x80, 0x6e, 0xff, 
0xa0, 0x6a, 0x5b, 0xff, 0x82, 0x4a, 0x41, 0xff, 0x93, 0x5c, 0x50, 0xff, 0x8f, 0x5c, 0x50, 0xff, 
0x99, 0x66, 0x5a, 0xff, 0xaf, 0x75, 0x64, 0xff, 0x91, 0x56, 0x4a, 0xff, 0x81, 0x47, 0x3e, 0xff, 
0x74, 0x3b, 0x33, 0xff, 0x62, 0x31, 0x28, 0xff, 0x70, 0x3c, 0x33, 0xff, 0x86, 0x4d, 0x41, 0xff, 
0x84, 0x4a, 0x42, 0xff, 0x92, 0x51, 0x47, 0xff, 0xb1, 0x6d, 0x5b, 0xff, 0xb9, 0x75, 0x62, 0xff, 
0xa6, 0x65, 0x54, 0xff, 0x8c, 0x4f, 0x43, 0xff, 0xc8, 0x86, 0x6e, 0xff, 0xc2, 0x7e, 0x69, 0xff, 
0x96, 0x56, 0x4b, 0xff, 0x87, 0x48, 0x3f, 0xff, 0xad, 0x66, 0x55, 0xff, 0xb4, 0x6c, 0x59, 0xff, 
0xa9, 0x60, 0x4f, 0xff, 0xc2, 0x78, 0x63, 0xff, 0xc3, 0x7f, 0x69, 0xff, 0xaf, 0x67, 0x57, 0xff, 
0xb6, 0x6b, 0x59, 0xff, 0xb8, 0x6e, 0x5b, 0xff, 0xb9, 0x6f, 0x5c, 0xff, 0xbb, 0x77, 0x64, 0xff, 
0xc4, 0x82, 0x6d, 0xff, 0xcc, 0x88, 0x6f, 0xff, 0xc3, 0x7c, 0x66, 0xff, 0xcc, 0x89, 0x73, 0xff, 
0xe9, 0xb2, 0x99, 0xff, 0xbe, 0x88, 0x77, 0xff, 0x5e, 0x2a, 0x27, 0xff, 0xa8, 0x66, 0x58, 0xff, 
0xc2, 0x7f, 0x6d, 0xff, 0xcf, 0x97, 0x85, 0xff, 0xee, 0xc1, 0xa9, 0xff, 0xdc, 0xa9, 0x93, 0xff, 
0xc4, 0x85, 0x71, 0xff, 0xb1, 0x7e, 0x70, 0xff, 0x90, 0x63, 0x58, 0xff, 0x7b, 0x4f, 0x46, 0xff, 
0x89, 0x56, 0x4c, 0xff, 0xa0, 0x6a, 0x5d, 0xff, 0xe0, 0xbc, 0xa4, 0xff, 0xe3, 0xaf, 0x92, 0xff, 
0xc6, 0x88, 0x71, 0xff, 0xda, 0xa5, 0x8b, 0xff, 0xda, 0xa2, 0x84, 0xff, 0xb7, 0x76, 0x62, 0xff, 
0xb3, 0x71, 0x5e, 0xff, 0xaf, 0x77, 0x66, 0xff, 0x96, 0x64, 0x57, 0xff, 0xa9, 0x79, 0x65, 0xff, 
0xc1, 0x93, 0x7d, 0xff, 0xdd, 0xbb, 0xa3, 0xff, 0xda, 0xb5, 0x9b, 0xff, 0xe2, 0xbc, 0xa3, 0xff, 
0xe8, 0xc7, 0xb2, 0xff, 0xda, 0xaf, 0x98, 0xff, 0xca, 0x99, 0x83, 0xff, 0xc2, 0x94, 0x81, 0xff, 
0xd3, 0xaf, 0x99, 0xff, 0xdf, 0xbd, 0xa6, 0xff, 0xdc, 0xb7, 0xa1, 0xff, 0xe8, 0xc4, 0xae, 0xff, 
0xc9, 0xa8, 0x96, 0xff, 0xa8, 0x81, 0x6d, 0xff, 0xaa, 0x83, 0x6c, 0xff, 0xce, 0xb0, 0x9f, 0xff, 
0xed, 0xd9, 0xcc, 0xff, 0xca, 0xa2, 0x93, 0xff, 0xd0, 0xad, 0x9b, 0xff, 0xfc, 0xed, 0xdd, 0xff, 
0xf6, 0xe3, 0xd2, 0xff, 0xe2, 0xcb, 0xb9, 0xff, 0xeb, 0xd4, 0xc2, 0xff, 0xf5, 0xdb, 0xc6, 0xff, 
0xfc, 0xe1, 0xc9, 0xff, 0xff, 0xe3, 0xc9, 0xff, 0xcf, 0xa9, 0x92, 0xff, 0x94, 0x64, 0x57, 0xff, 
0xb2, 0x83, 0x72, 0xff, 0xd3, 0x9d, 0x84, 0xff, 0xc7, 0x87, 0x71, 0xff, 0xc4, 0x83, 0x71, 0xff, 
0xc7, 0x8a, 0x74, 0xff, 0xd9, 0x9e, 0x7f, 0xff, 0xd1, 0x93, 0x7a, 0xff, 0xd1, 0x92, 0x7a, 0xff, 
0xcd, 0x8c, 0x72, 0xff, 0xbf, 0x75, 0x66, 0xff, 0xb8, 0x70, 0x61, 0xff, 0xc3, 0x7b, 0x69, 0xff, 
0xc2, 0x7c, 0x6a, 0xff, 0xb8, 0x71, 0x62, 0xff, 0x92, 0x5a, 0x4f, 0xff, 0x97, 0x60, 0x56, 0xff, 
0x97, 0x63, 0x58, 0xff, 0xa8, 0x6e, 0x65, 0xff, 0xbf, 0x82, 0x75, 0xff, 0x9f, 0x6e, 0x63, 0xff, 
0x74, 0x47, 0x45, 0xff, 0x85, 0x51, 0x4b, 0xff, 0x9a, 0x61, 0x58, 0xff, 0x93, 0x5b, 0x4e, 0xff, 
0xbd, 0x80, 0x6a, 0xff, 0xb6, 0x7a, 0x6a, 0xff, 0x8d, 0x59, 0x53, 0xff, 0x94, 0x5d, 0x54, 0xff, 
0xa5, 0x6f, 0x5f, 0xff, 0xad, 0x6c, 0x5d, 0xff, 0xa4, 0x66, 0x57, 0xff, 0xa2, 0x66, 0x58, 0xff, 
0xa4, 0x74, 0x62, 0xff, 0xb5, 0x87, 0x71, 0xff, 0xc2, 0x93, 0x7c, 0xff, 0xbf, 0x9a, 0x82, 0xff, 
0xad, 0x87, 0x72, 0xff, 0xbe, 0x94, 0x7d, 0xff, 0xcc, 0xa0, 0x8a, 0xff, 0xc9, 0x9c, 0x85, 0xff, 
0xcb, 0x99, 0x83, 0xff, 0xba, 0x82, 0x71, 0xff, 0xb7, 0x82, 0x71, 0xff, 0xc4, 0x90, 0x7e, 0xff, 
0xd0, 0x9a, 0x89, 0xff, 0xdd, 0xaa, 0x99, 0xff, 0xd0, 0x9e, 0x8e, 0xff, 0xda, 0xa6, 0x96, 0xff, 
0xe0, 0xb0, 0xa1, 0xff, 0xda, 0xaa, 0x9a, 0xff, 0xd8, 0xa2, 0x93, 0xff, 0xec, 0xb9, 0xab, 0xff, 
0xf1, 0xc0, 0xb1, 0xff, 0xf1, 0xbf, 0xb0, 0xff, 0xe3, 0xaf, 0x9d, 0xff, 0xdd, 0xad, 0x9a, 0xff, 
0xec, 0xbc, 0xac, 0xff, 0xef, 0xb9, 0xac, 0xff, 0xf1, 0xc3, 0xb5, 0xff, 0xf5, 0xc7, 0xbb, 0xff, 
0xf0, 0xbc, 0xaf, 0xff, 0xeb, 0xb9, 0xa7, 0xff, 0xe3, 0xb2, 0xa0, 0xff, 0xdf, 0xab, 0x99, 0xff, 
0xdb, 0xa4, 0x95, 0xff, 0xd8, 0xa5, 0x93, 0xff, 0xdb, 0xac, 0x95, 0xff, 0xdb, 0xaa, 0x93, 0xff, 
0xd6, 0xa5, 0x8e, 0xff, 0xd9, 0xa1, 0x8e, 0xff, 0xe2, 0xa8, 0x94, 0xff, 0xe2, 0xa2, 0x93, 0xff, 
0xe9, 0xb0, 0xa0, 0xff, 0xd8, 0x9e, 0x8c, 0xff, 0xce, 0x92, 0x83, 0xff, 0xd8, 0xaf, 0x9e, 0xff, 
0xde, 0xb9, 0xa9, 0xff, 0xdc, 0xb6, 0xa5, 0xff, 0xd2, 0xa8, 0x99, 0xff, 0xd8, 0xac, 0x9e, 0xff, 
0xd4, 0xa9, 0x99, 0xff, 0xdc, 0xb9, 0xa9, 0xff, 0xd8, 0xae, 0xa0, 0xff, 0xe1, 0xb3, 0xa2, 0xff, 
0xe3, 0xbc, 0xaa, 0xff, 0xd8, 0xaf, 0x9b, 0xff, 0xdb, 0xb4, 0xa3, 0xff, 0xc1, 0x89, 0x79, 0xff, 
0xcb, 0x8c, 0x7c, 0xff, 0xca, 0x98, 0x86, 0xff, 0xc7, 0x92, 0x80, 0xff, 0xce, 0x9a, 0x85, 0xff, 
0xd5, 0xa4, 0x90, 0xff, 0xc1, 0x88, 0x74, 0xff, 0xb1, 0x79, 0x68, 0xff, 0xb1, 0x7b, 0x6a, 0xff, 
0xb5, 0x72, 0x62, 0xff, 0xbe, 0x7d, 0x6d, 0xff, 0xc6, 0x90, 0x7d, 0xff, 0xc4, 0x8e, 0x7b, 0xff, 
0xc1, 0x86, 0x72, 0xff, 0xbd, 0x7f, 0x6d, 0xff, 0xbc, 0x81, 0x6e, 0xff, 0xd4, 0xa1, 0x89, 0xff, 
0xea, 0xba, 0xa4, 0xff, 0xe8, 0xb4, 0xa2, 0xff, 0xe5, 0xb2, 0xa0, 0xff, 0xe6, 0xad, 0x9a, 0xff, 
0xcb, 0x9b, 0x8d, 0xff, 0xa3, 0x7e, 0x74, 0xff, 0xac, 0x7c, 0x6c, 0xff, 0xd8, 0x9f, 0x8e, 0xff, 
0xce, 0x8c, 0x7b, 0xff, 0xc6, 0x8a, 0x75, 0xff, 0xce, 0x96, 0x83, 0xff, 0xdc, 0xa6, 0x95, 0xff, 
0xdf, 0xaf, 0x9c, 0xff, 0xdb, 0xa3, 0x93, 0xff, 0xc6, 0x8c, 0x7b, 0xff, 0xc3, 0x93, 0x80, 0xff, 
0xc0, 0x87, 0x74, 0xff, 0xad, 0x64, 0x50, 0xff, 0xc1, 0x89, 0x78, 0xff, 0xef, 0xd1, 0xc2, 0xff, 
0xea, 0xd5, 0xc8, 0xff, 0xce, 0xa2, 0x8f, 0xff, 0xbd, 0x82, 0x6b, 0xff, 0xbc, 0x77, 0x66, 0xff, 
0xc0, 0x71, 0x60, 0xff, 0xbe, 0x75, 0x64, 0xff, 0xba, 0x77, 0x69, 0xff, 0xc9, 0x8f, 0x7c, 0xff, 
0xc4, 0x8b, 0x77, 0xff, 0xb9, 0x81, 0x6e, 0xff, 0xb5, 0x7d, 0x69, 0xff, 0xba, 0x7c, 0x6b, 0xff, 
0xb5, 0x7c, 0x68, 0xff, 0xba, 0x7d, 0x69, 0xff, 0xbf, 0x75, 0x64, 0xff, 0xa2, 0x63, 0x55, 0xff, 
0xa6, 0x6b, 0x5d, 0xff, 0xb8, 0x84, 0x6f, 0xff, 0xc1, 0x90, 0x7b, 0xff, 0xbc, 0x82, 0x73, 0xff, 
0xbe, 0x80, 0x6f, 0xff, 0xbd, 0x76, 0x66, 0xff, 0xbd, 0x71, 0x63, 0xff, 0xb2, 0x7e, 0x6c, 0xff, 
0xa4, 0x6c, 0x5d, 0xff, 0xbe, 0x72, 0x63, 0xff, 0xbc, 0x75, 0x65, 0xff, 0xb4, 0x70, 0x61, 0xff, 
0xbc, 0x77, 0x68, 0xff, 0xab, 0x75, 0x66, 0xff, 0x9a, 0x69, 0x5a, 0xff, 0xa3, 0x74, 0x63, 0xff, 
0xb1, 0x7e, 0x6b, 0xff, 0xbf, 0x8f, 0x7c, 0xff, 0xc2, 0x97, 0x84, 0xff, 0xb9, 0x8d, 0x7b, 0xff, 
0x9b, 0x6e, 0x5e, 0xff, 0x97, 0x6a, 0x5a, 0xff, 0xa5, 0x74, 0x64, 0xff, 0x9e, 0x6b, 0x5d, 0xff, 
0x9f, 0x6c, 0x5e, 0xff, 0xa3, 0x6f, 0x61, 0xff, 0xa9, 0x75, 0x64, 0xff, 0x9a, 0x63, 0x55, 0xff, 
0x9f, 0x67, 0x5a, 0xff, 0xaf, 0x77, 0x65, 0xff, 0x93, 0x5f, 0x53, 0xff, 0x7c, 0x4a, 0x42, 0xff, 
0x93, 0x5d, 0x51, 0xff, 0xca, 0x96, 0x81, 0xff, 0x98, 0x5f, 0x51, 0xff, 0x73, 0x39, 0x32, 0xff, 
0x7b, 0x48, 0x42, 0xff, 0x6b, 0x3d, 0x38, 0xff, 0x79, 0x44, 0x3b, 0xff, 0x92, 0x58, 0x49, 0xff, 
0x8d, 0x4d, 0x42, 0xff, 0x95, 0x53, 0x47, 0xff, 0xb8, 0x76, 0x61, 0xff, 0xcb, 0x86, 0x6f, 0xff, 
0xb0, 0x6c, 0x59, 0xff, 0x99, 0x58, 0x4b, 0xff, 0xcb, 0x90, 0x77, 0xff, 0xcb, 0x8d, 0x75, 0xff, 
0xaf, 0x6d, 0x5b, 0xff, 0x9c, 0x58, 0x49, 0xff, 0xbb, 0x76, 0x62, 0xff, 0xc1, 0x82, 0x6b, 0xff, 
0xbd, 0x7f, 0x6a, 0xff, 0xbb, 0x7c, 0x69, 0xff, 0xc7, 0x85, 0x6e, 0xff, 0xc3, 0x7c, 0x67, 0xff, 
0xbe, 0x78, 0x65, 0xff, 0xd4, 0x96, 0x7b, 0xff, 0xd0, 0x8f, 0x75, 0xff, 0xc5, 0x84, 0x6d, 0xff, 
0xbb, 0x79, 0x64, 0xff, 0xbb, 0x7b, 0x67, 0xff, 0xc8, 0x88, 0x6f, 0xff, 0xe3, 0xb0, 0x94, 0xff, 
0xe3, 0xaf, 0x96, 0xff, 0x72, 0x37, 0x31, 0xff, 0x71, 0x3b, 0x35, 0xff, 0xc0, 0x77, 0x64, 0xff, 
0xbd, 0x7b, 0x68, 0xff, 0xca, 0x8a, 0x78, 0xff, 0xe1, 0xae, 0x98, 0xff, 0xdf, 0xb1, 0x99, 0xff, 
0xcd, 0x95, 0x80, 0xff, 0x90, 0x5b, 0x51, 0xff, 0x76, 0x4b, 0x45, 0xff, 0x6e, 0x41, 0x39, 0xff, 
0x8d, 0x5b, 0x50, 0xff, 0xe7, 0xc6, 0xaf, 0xff, 0xe5, 0xb6, 0x9b, 0xff, 0xcd, 0x90, 0x77, 0xff, 
0xcd, 0x96, 0x7f, 0xff, 0xc4, 0x86, 0x6e, 0xff, 0xc4, 0x82, 0x6a, 0xff, 0xc9, 0x8b, 0x72, 0xff, 
0xb9, 0x73, 0x5f, 0xff, 0xb5, 0x75, 0x65, 0xff, 0xb0, 0x77, 0x68, 0xff, 0x94, 0x61, 0x54, 0xff, 
0x80, 0x53, 0x49, 0xff, 0x97, 0x67, 0x58, 0xff, 0xd2, 0xae, 0x96, 0xff, 0xfb, 0xeb, 0xd7, 0xff, 
0xf3, 0xda, 0xc7, 0xff, 0xd2, 0x9f, 0x81, 0xff, 0xd6, 0xaa, 0x91, 0xff, 0xd6, 0xaa, 0x90, 0xff, 
0xdc, 0xb5, 0x9c, 0xff, 0xe7, 0xc5, 0xad, 0xff, 0xdf, 0xbb, 0xa4, 0xff, 0xf6, 0xdb, 0xc7, 0xff, 
0xcb, 0xab, 0x98, 0xff, 0x95, 0x6e, 0x5b, 0xff, 0xad, 0x84, 0x72, 0xff, 0xd0, 0xad, 0x9d, 0xff, 
0xd2, 0xb2, 0xa1, 0xff, 0xc4, 0x98, 0x8c, 0xff, 0xf8, 0xe6, 0xd6, 0xff, 0xe2, 0xc8, 0xb5, 0xff, 
0xd1, 0xb2, 0xa4, 0xff, 0xe5, 0xca, 0xba, 0xff, 0xaa, 0x7e, 0x6f, 0xff, 0xbf, 0x96, 0x88, 0xff, 
0xff, 0xef, 0xd8, 0xff, 0xf6, 0xd4, 0xbe, 0xff, 0xff, 0xe2, 0xc5, 0xff, 0xab, 0x7b, 0x6b, 0xff, 
0x62, 0x2e, 0x2c, 0xff, 0xa9, 0x7b, 0x6b, 0xff, 0xcd, 0x95, 0x80, 0xff, 0xc8, 0x87, 0x71, 0xff, 
0xd3, 0x98, 0x7b, 0xff, 0xd7, 0x99, 0x7b, 0xff, 0xd8, 0x9f, 0x84, 0xff, 0xc8, 0x8b, 0x75, 0xff, 
0xcb, 0x89, 0x6e, 0xff, 0xca, 0x86, 0x71, 0xff, 0xb9, 0x78, 0x67, 0xff, 0xb8, 0x73, 0x62, 0xff, 
0xc0, 0x74, 0x65, 0xff, 0xb6, 0x77, 0x65, 0xff, 0xae, 0x71, 0x61, 0xff, 0xab, 0x74, 0x66, 0xff, 
0x9e, 0x6d, 0x61, 0xff, 0xa2, 0x69, 0x5e, 0xff, 0x9e, 0x69, 0x5b, 0xff, 0x84, 0x53, 0x49, 0xff, 
0x77, 0x48, 0x43, 0xff, 0x7e, 0x4e, 0x46, 0xff, 0x97, 0x5a, 0x4d, 0xff, 0xa6, 0x63, 0x56, 0xff, 
0xb0, 0x6e, 0x5f, 0xff, 0xba, 0x81, 0x6e, 0xff, 0xa8, 0x71, 0x60, 0xff, 0xa3, 0x6b, 0x5c, 0xff, 
0xa9, 0x67, 0x57, 0xff, 0x9b, 0x60, 0x54, 0xff, 0x9c, 0x60, 0x53, 0xff, 0xae, 0x6d, 0x5e, 0xff, 
0xb6, 0x79, 0x69, 0xff, 0xb2, 0x82, 0x6e, 0xff, 0xb9, 0x93, 0x7b, 0xff, 0xba, 0x8e, 0x78, 0xff, 
0xad, 0x7f, 0x6a, 0xff, 0xb9, 0x92, 0x79, 0xff, 0xc8, 0x9d, 0x85, 0xff, 0xcb, 0x97, 0x84, 0xff, 
0xba, 0x89, 0x75, 0xff, 0xb2, 0x7e, 0x6d, 0xff, 0xbb, 0x84, 0x74, 0xff, 0xbe, 0x88, 0x78, 0xff, 
0xb8, 0x80, 0x70, 0xff, 0xd2, 0x9d, 0x8d, 0xff, 0xe5, 0xb2, 0xa4, 0xff, 0xd8, 0xa8, 0x95, 0xff, 
0xd4, 0xa5, 0x90, 0xff, 0xd0, 0x9b, 0x8a, 0xff, 0xd6, 0xa8, 0x91, 0xff, 0xd9, 0xaa, 0x99, 0xff, 
0xe4, 0xb6, 0xa8, 0xff, 0xe8, 0xbb, 0xac, 0xff, 0xea, 0xb8, 0xa8, 0xff, 0xed, 0xbc, 0xac, 0xff, 
0xf2, 0xc2, 0xb5, 0xff, 0xf6, 0xd1, 0xc5, 0xff, 0xf9, 0xe5, 0xd8, 0xff, 0xf2, 0xc9, 0xbb, 0xff, 
0xf2, 0xc1, 0xb0, 0xff, 0xef, 0xc2, 0xb1, 0xff, 0xe7, 0xb3, 0xa4, 0xff, 0xe7, 0xb4, 0xa5, 0xff, 
0xe8, 0xb0, 0xa2, 0xff, 0xd9, 0xa3, 0x90, 0xff, 0xdb, 0xaf, 0x96, 0xff, 0xe2, 0xb6, 0x9f, 0xff, 
0xe1, 0xb4, 0xa0, 0xff, 0xe6, 0xb1, 0xa0, 0xff, 0xf1, 0xb8, 0xa8, 0xff, 0xe0, 0x9b, 0x8b, 0xff, 
0xdb, 0xa1, 0x8f, 0xff, 0xe8, 0xc8, 0xb8, 0xff, 0xe3, 0xc4, 0xb5, 0xff, 0xd5, 0xac, 0x9c, 0xff, 
0xd9, 0xab, 0x9c, 0xff, 0xef, 0xd9, 0xcb, 0xff, 0xe1, 0xc0, 0xae, 0xff, 0xe7, 0xcc, 0xbc, 0xff, 
0xf1, 0xd7, 0xcb, 0xff, 0xd9, 0xb0, 0x9e, 0xff, 0xd8, 0xac, 0x9b, 0xff, 0xe3, 0xbe, 0xaf, 0xff, 
0xdd, 0xb9, 0xa6, 0xff, 0xd4, 0xa7, 0x96, 0xff, 0xd1, 0xa5, 0x95, 0xff, 0xc4, 0x8f, 0x7e, 0xff, 
0xd6, 0x98, 0x89, 0xff, 0xdc, 0x9c, 0x8d, 0xff, 0xdb, 0xa5, 0x91, 0xff, 0xd5, 0xac, 0x96, 0xff, 
0xc8, 0x94, 0x7f, 0xff, 0xbd, 0x83, 0x70, 0xff, 0xb0, 0x79, 0x68, 0xff, 0xbd, 0x84, 0x75, 0xff, 
0xca, 0x99, 0x86, 0xff, 0xbf, 0x85, 0x76, 0xff, 0xc2, 0x82, 0x73, 0xff, 0xc3, 0x88, 0x75, 0xff, 
0xc2, 0x86, 0x72, 0xff, 0xbf, 0x81, 0x6d, 0xff, 0xbf, 0x87, 0x74, 0xff, 0xe5, 0xb0, 0x9e, 0xff, 
0xf6, 0xca, 0xb6, 0xff, 0xf3, 0xc2, 0xaf, 0xff, 0xdd, 0xa8, 0x97, 0xff, 0xb1, 0x74, 0x64, 0xff, 
0xc6, 0x92, 0x82, 0xff, 0xbc, 0x90, 0x80, 0xff, 0xa4, 0x73, 0x60, 0xff, 0xbe, 0x84, 0x73, 0xff, 
0xd4, 0x9b, 0x8a, 0xff, 0xc7, 0x90, 0x7e, 0xff, 0xd4, 0x9a, 0x84, 0xff, 0xe2, 0xbb, 0xa7, 0xff, 
0xe1, 0xbb, 0xad, 0xff, 0xd7, 0xa2, 0x91, 0xff, 0xcb, 0x8a, 0x74, 0xff, 0xc2, 0x7a, 0x63, 0xff, 
0xcd, 0x8b, 0x75, 0xff, 0xd6, 0xb0, 0xa1, 0xff, 0xcb, 0xa9, 0x9c, 0xff, 0xde, 0xa8, 0x96, 0xff, 
0xc5, 0x82, 0x6a, 0xff, 0xba, 0x76, 0x62, 0xff, 0xbf, 0x83, 0x6f, 0xff, 0xc4, 0x85, 0x6f, 0xff, 
0xb8, 0x72, 0x64, 0xff, 0xc0, 0x83, 0x73, 0xff, 0xcb, 0x93, 0x81, 0xff, 0xbf, 0x7b, 0x69, 0xff, 
0xba, 0x7d, 0x68, 0xff, 0xb5, 0x78, 0x66, 0xff, 0xb5, 0x78, 0x66, 0xff, 0xaf, 0x72, 0x63, 0xff, 
0xb4, 0x75, 0x63, 0xff, 0xc4, 0x8b, 0x72, 0xff, 0xb8, 0x7c, 0x67, 0xff, 0xab, 0x6f, 0x60, 0xff, 
0xb1, 0x7d, 0x6c, 0xff, 0xc2, 0x92, 0x7d, 0xff, 0xab, 0x75, 0x65, 0xff, 0xab, 0x76, 0x67, 0xff, 
0xab, 0x6f, 0x60, 0xff, 0xb1, 0x68, 0x5a, 0xff, 0xb5, 0x6b, 0x5c, 0xff, 0xa6, 0x65, 0x55, 0xff, 
0xb0, 0x71, 0x61, 0xff, 0xad, 0x6d, 0x5e, 0xff, 0xb0, 0x6c, 0x5c, 0xff, 0xcb, 0x80, 0x6f, 0xff, 
0xbd, 0x7a, 0x6a, 0xff, 0xa6, 0x6f, 0x61, 0xff, 0xa5, 0x72, 0x62, 0xff, 0xaf, 0x82, 0x70, 0xff, 
0xae, 0x7a, 0x69, 0xff, 0xaf, 0x7f, 0x6d, 0xff, 0xae, 0x82, 0x70, 0xff, 0xb9, 0x8f, 0x7c, 0xff, 
0xbb, 0x91, 0x7c, 0xff, 0xb0, 0x83, 0x71, 0xff, 0x97, 0x66, 0x59, 0xff, 0x9a, 0x69, 0x59, 0xff, 
0xa7, 0x6d, 0x60, 0xff, 0xa8, 0x70, 0x61, 0xff, 0xad, 0x76, 0x65, 0xff, 0xa1, 0x69, 0x5a, 0xff, 
0xa5, 0x6b, 0x5b, 0xff, 0x9e, 0x67, 0x5a, 0xff, 0xb1, 0x7a, 0x67, 0xff, 0xa3, 0x6c, 0x5c, 0xff, 
0x80, 0x49, 0x40, 0xff, 0xbc, 0x87, 0x73, 0xff, 0xb3, 0x78, 0x65, 0xff, 0x7e, 0x47, 0x3c, 0xff, 
0x64, 0x3e, 0x39, 0xff, 0x78, 0x4e, 0x47, 0xff, 0x8a, 0x56, 0x4c, 0xff, 0x6c, 0x3c, 0x35, 0xff, 
0x90, 0x50, 0x46, 0xff, 0xa5, 0x60, 0x50, 0xff, 0xc5, 0x80, 0x68, 0xff, 0xca, 0x88, 0x71, 0xff, 
0xc1, 0x7e, 0x69, 0xff, 0xc9, 0x87, 0x70, 0xff, 0xbc, 0x7f, 0x69, 0xff, 0xc3, 0x86, 0x6e, 0xff, 
0xc9, 0x8c, 0x73, 0xff, 0xc6, 0x84, 0x6d, 0xff, 0xb8, 0x78, 0x64, 0xff, 0xc6, 0x8c, 0x74, 0xff, 
0xd5, 0x9e, 0x85, 0xff, 0xce, 0x98, 0x81, 0xff, 0xcc, 0x92, 0x79, 0xff, 0xd5, 0x9c, 0x82, 0xff, 
0xd4, 0x9a, 0x7f, 0xff, 0xc5, 0x89, 0x71, 0xff, 0xca, 0x8f, 0x76, 0xff, 0xc8, 0x8b, 0x72, 0xff, 
0xbc, 0x7e, 0x68, 0xff, 0xb3, 0x76, 0x63, 0xff, 0xc3, 0x83, 0x6c, 0xff, 0xe1, 0xae, 0x92, 0xff, 
0xfc, 0xd6, 0xb6, 0xff, 0x8d, 0x56, 0x48, 0xff, 0x82, 0x3c, 0x34, 0xff, 0xb6, 0x6b, 0x5c, 0xff, 
0xb9, 0x77, 0x63, 0xff, 0xd7, 0x96, 0x7e, 0xff, 0xd4, 0x9b, 0x86, 0xff, 0xd9, 0xa4, 0x8f, 0xff, 
0xea, 0xb9, 0xa4, 0xff, 0xac, 0x7f, 0x71, 0xff, 0x74, 0x4e, 0x46, 0xff, 0x7f, 0x52, 0x4a, 0xff, 
0x96, 0x62, 0x55, 0xff, 0xed, 0xbf, 0xa4, 0xff, 0xcd, 0x98, 0x82, 0xff, 0xcb, 0x9b, 0x85, 0xff, 
0xd5, 0xab, 0x93, 0xff, 0xc6, 0x8d, 0x75, 0xff, 0xc3, 0x81, 0x6a, 0xff, 0xbf, 0x7e, 0x66, 0xff, 
0xbe, 0x7a, 0x65, 0xff, 0xb8, 0x71, 0x60, 0xff, 0xbf, 0x7e, 0x6c, 0xff, 0xbc, 0x81, 0x6c, 0xff, 
0x82, 0x4d, 0x43, 0xff, 0x87, 0x57, 0x4c, 0xff, 0xc2, 0x90, 0x78, 0xff, 0xec, 0xc9, 0xb2, 0xff, 
0xfa, 0xf5, 0xec, 0xff, 0xe8, 0xcd, 0xbb, 0xff, 0xd2, 0xa4, 0x8c, 0xff, 0xd7, 0xb0, 0x96, 0xff, 
0xdc, 0xb0, 0x96, 0xff, 0xd9, 0xac, 0x92, 0xff, 0xe0, 0xba, 0xa2, 0xff, 0xec, 0xcb, 0xb5, 0xff, 
0xe8, 0xc6, 0xb6, 0xff, 0xc7, 0xa2, 0x90, 0xff, 0xda, 0xbc, 0xaf, 0xff, 0xe3, 0xc4, 0xb8, 0xff, 
0x9e, 0x73, 0x66, 0xff, 0xbf, 0xa1, 0x8f, 0xff, 0xf0, 0xdf, 0xc9, 0xff, 0xde, 0xc1, 0xb0, 0xff, 
0x9d, 0x6d, 0x61, 0xff, 0xac, 0x84, 0x78, 0xff, 0xc1, 0x9f, 0x8f, 0xff, 0xa2, 0x73, 0x68, 0xff, 
0xd9, 0xb7, 0xa5, 0xff, 0xfc, 0xdc, 0xc2, 0xff, 0xf5, 0xc8, 0xae, 0xff, 0xe9, 0xbc, 0xa5, 0xff, 
0x8a, 0x5a, 0x50, 0xff, 0x99, 0x68, 0x5c, 0xff, 0xce, 0x9a, 0x86, 0xff, 0xc9, 0x91, 0x78, 0xff, 
0xda, 0x9f, 0x84, 0xff, 0xcd, 0x89, 0x71, 0xff, 0xd4, 0x96, 0x7b, 0xff, 0xd3, 0x99, 0x7f, 0xff, 
0xc7, 0x87, 0x70, 0xff, 0xc5, 0x83, 0x6f, 0xff, 0xac, 0x6b, 0x5b, 0xff, 0x92, 0x4e, 0x46, 0xff, 
0xa6, 0x5e, 0x52, 0xff, 0xa1, 0x66, 0x57, 0xff, 0xc1, 0x87, 0x75, 0xff, 0xa9, 0x75, 0x68, 0xff, 
0x8a, 0x5a, 0x4f, 0xff, 0x9f, 0x69, 0x5b, 0xff, 0x83, 0x51, 0x48, 0xff, 0x90, 0x58, 0x52, 0xff, 
0xaa, 0x79, 0x6f, 0xff, 0xa4, 0x6b, 0x60, 0xff, 0x9b, 0x5b, 0x4f, 0xff, 0xca, 0x8c, 0x75, 0xff, 
0xb9, 0x7f, 0x6c, 0xff, 0xa7, 0x6a, 0x5b, 0xff, 0x98, 0x5a, 0x4f, 0xff, 0x8f, 0x51, 0x47, 0xff, 
0xa3, 0x5e, 0x53, 0xff, 0x9d, 0x5e, 0x52, 0xff, 0xaa, 0x71, 0x61, 0xff, 0xab, 0x73, 0x62, 0xff, 
0xb3, 0x7d, 0x6d, 0xff, 0xbd, 0x90, 0x7d, 0xff, 0xae, 0x84, 0x6e, 0xff, 0xc4, 0x93, 0x7c, 0xff, 
0xbc, 0x8d, 0x78, 0xff, 0xaa, 0x7f, 0x6a, 0xff, 0xb6, 0x89, 0x73, 0xff, 0xc0, 0x8e, 0x79, 0xff, 
0xc4, 0x96, 0x82, 0xff, 0xac, 0x7e, 0x6d, 0xff, 0xbb, 0x8a, 0x7a, 0xff, 0xb6, 0x83, 0x73, 0xff, 
0xb8, 0x7f, 0x71, 0xff, 0xc1, 0x8a, 0x7b, 0xff, 0xd2, 0xa2, 0x8d, 0xff, 0xdf, 0xb2, 0x9d, 0xff, 
0xd5, 0xa6, 0x93, 0xff, 0xcd, 0x9b, 0x87, 0xff, 0xd6, 0xa6, 0x94, 0xff, 0xd7, 0xa7, 0x9a, 0xff, 
0xd2, 0xa5, 0x95, 0xff, 0xc8, 0x91, 0x81, 0xff, 0xe5, 0xb9, 0xac, 0xff, 0xfa, 0xd8, 0xce, 0xff, 
0xf2, 0xbf, 0xb2, 0xff, 0xee, 0xc2, 0xb4, 0xff, 0xec, 0xc4, 0xb8, 0xff, 0xef, 0xbb, 0xac, 0xff, 
0xf1, 0xc2, 0xb4, 0xff, 0xec, 0xb8, 0xa9, 0xff, 0xeb, 0xba, 0xac, 0xff, 0xf1, 0xc2, 0xb4, 0xff, 
0xeb, 0xb6, 0xa5, 0xff, 0xe2, 0xb0, 0x9c, 0xff, 0xe6, 0xb5, 0xa1, 0xff, 0xee, 0xba, 0xac, 0xff, 
0xed, 0xb4, 0xa4, 0xff, 0xf5, 0xc2, 0xb3, 0xff, 0xe1, 0xb0, 0xa0, 0xff, 0xcb, 0x8d, 0x7b, 0xff, 
0xd1, 0x95, 0x87, 0xff, 0xde, 0xb2, 0xa3, 0xff, 0xe1, 0xba, 0xac, 0xff, 0xed, 0xd1, 0xc8, 0xff, 
0xf9, 0xe8, 0xe0, 0xff, 0xee, 0xdc, 0xd1, 0xff, 0xe6, 0xca, 0xbe, 0xff, 0xf8, 0xe6, 0xdf, 0xff, 
0xfa, 0xeb, 0xe7, 0xff, 0xe9, 0xc8, 0xc0, 0xff, 0xdb, 0xad, 0x9f, 0xff, 0xdd, 0xb9, 0xa9, 0xff, 
0xe7, 0xc7, 0xb5, 0xff, 0xe0, 0xb3, 0xa1, 0xff, 0xcd, 0x95, 0x83, 0xff, 0xc5, 0x95, 0x88, 0xff, 
0xc3, 0x94, 0x85, 0xff, 0xd6, 0x8e, 0x7d, 0xff, 0xe0, 0xa4, 0x93, 0xff, 0xcc, 0x93, 0x81, 0xff, 
0xcc, 0x98, 0x86, 0xff, 0xcb, 0x9f, 0x8f, 0xff, 0xc9, 0x97, 0x85, 0xff, 0xc6, 0x92, 0x81, 0xff, 
0xbe, 0x90, 0x7f, 0xff, 0xb0, 0x73, 0x67, 0xff, 0xb3, 0x77, 0x67, 0xff, 0xbd, 0x82, 0x6d, 0xff, 
0xc7, 0x8c, 0x78, 0xff, 0xd2, 0x9f, 0x87, 0xff, 0xce, 0x9a, 0x86, 0xff, 0xd0, 0x96, 0x89, 0xff, 
0xec, 0xb6, 0xa4, 0xff, 0xdd, 0xa8, 0x96, 0xff, 0xb4, 0x7d, 0x6d, 0xff, 0xba, 0x84, 0x75, 0xff, 
0xcb, 0x93, 0x81, 0xff, 0xc4, 0x91, 0x7e, 0xff, 0xb8, 0x90, 0x80, 0xff, 0xd4, 0xb6, 0xa7, 0xff, 
0xe2, 0xaf, 0x9c, 0xff, 0xe0, 0xb2, 0x9f, 0xff, 0xe3, 0xc6, 0xb5, 0xff, 0xdd, 0xac, 0x99, 0xff, 
0xdb, 0xa5, 0x92, 0xff, 0xca, 0x95, 0x81, 0xff, 0xd3, 0x9e, 0x8a, 0xff, 0xe3, 0xb5, 0xa4, 0xff, 
0xec, 0xcc, 0xbe, 0xff, 0xd2, 0xaa, 0x99, 0xff, 0xcb, 0x88, 0x74, 0xff, 0xcb, 0x83, 0x6e, 0xff, 
0xc1, 0x89, 0x70, 0xff, 0xbe, 0x79, 0x64, 0xff, 0xc3, 0x79, 0x66, 0xff, 0xc1, 0x84, 0x6e, 0xff, 
0xb5, 0x75, 0x63, 0xff, 0xbc, 0x7b, 0x6b, 0xff, 0xcc, 0x87, 0x74, 0xff, 0xc4, 0x7b, 0x69, 0xff, 
0xaf, 0x6c, 0x5a, 0xff, 0xba, 0x7e, 0x6b, 0xff, 0xba, 0x7f, 0x6d, 0xff, 0xab, 0x6f, 0x60, 0xff, 
0xb6, 0x72, 0x63, 0xff, 0xbd, 0x7f, 0x6a, 0xff, 0xbd, 0x85, 0x6f, 0xff, 0xc1, 0x85, 0x71, 0xff, 
0xbc, 0x7c, 0x68, 0xff, 0xb3, 0x75, 0x65, 0xff, 0xa0, 0x69, 0x5d, 0xff, 0xa4, 0x6d, 0x5f, 0xff, 
0xbf, 0x7b, 0x6a, 0xff, 0xba, 0x6f, 0x61, 0xff, 0xad, 0x67, 0x58, 0xff, 0xa7, 0x60, 0x51, 0xff, 
0xa9, 0x5f, 0x52, 0xff, 0xac, 0x6a, 0x5c, 0xff, 0xb6, 0x71, 0x61, 0xff, 0xbc, 0x7b, 0x69, 0xff, 
0xb8, 0x81, 0x6f, 0xff, 0xba, 0x88, 0x77, 0xff, 0xc1, 0x95, 0x81, 0xff, 0xab, 0x7c, 0x6c, 0xff, 
0x9f, 0x6f, 0x60, 0xff, 0x9e, 0x6d, 0x5e, 0xff, 0xad, 0x7d, 0x6b, 0xff, 0xae, 0x80, 0x6e, 0xff, 
0xaa, 0x80, 0x6f, 0xff, 0xad, 0x7d, 0x6d, 0xff, 0xa4, 0x73, 0x65, 0xff, 0xad, 0x7c, 0x6d, 0xff, 
0xae, 0x73, 0x66, 0xff, 0xad, 0x70, 0x61, 0xff, 0xa1, 0x64, 0x57, 0xff, 0xa9, 0x6e, 0x5e, 0xff, 
0xa7, 0x6d, 0x5d, 0xff, 0x8d, 0x54, 0x49, 0xff, 0xb2, 0x7e, 0x69, 0xff, 0xc6, 0x8e, 0x77, 0xff, 
0x85, 0x4d, 0x44, 0xff, 0xa3, 0x6d, 0x5e, 0xff, 0xde, 0xab, 0x93, 0xff, 0xb2, 0x7d, 0x6c, 0xff, 
0x6d, 0x41, 0x3c, 0xff, 0x8a, 0x5a, 0x50, 0xff, 0x84, 0x53, 0x4a, 0xff, 0x85, 0x50, 0x48, 0xff, 
0x9e, 0x62, 0x56, 0xff, 0xa2, 0x6b, 0x59, 0xff, 0xb7, 0x73, 0x5c, 0xff, 0xc5, 0x84, 0x6b, 0xff, 
0xd6, 0xa0, 0x84, 0xff, 0xde, 0xa6, 0x89, 0xff, 0xd2, 0x96, 0x7a, 0xff, 0xc6, 0x8c, 0x74, 0xff, 
0xbe, 0x85, 0x6f, 0xff, 0xc2, 0x86, 0x70, 0xff, 0xbd, 0x81, 0x6b, 0xff, 0xb1, 0x75, 0x61, 0xff, 
0xc1, 0x85, 0x70, 0xff, 0xc6, 0x8c, 0x74, 0xff, 0xc9, 0x8f, 0x76, 0xff, 0xbe, 0x85, 0x6e, 0xff, 
0xbc, 0x7f, 0x69, 0xff, 0xba, 0x7d, 0x67, 0xff, 0xb9, 0x7b, 0x66, 0xff, 0xb4, 0x74, 0x5f, 0xff, 
0xd1, 0x95, 0x7b, 0xff, 0xcc, 0x91, 0x78, 0xff, 0xb5, 0x78, 0x64, 0xff, 0xc4, 0x89, 0x74, 0xff, 
0xf4, 0xc5, 0xa9, 0xff, 0xb2, 0x7c, 0x6a, 0xff, 0x72, 0x39, 0x33, 0xff, 0x8d, 0x47, 0x3d, 0xff, 
0xa8, 0x5b, 0x4f, 0xff, 0xaf, 0x6c, 0x59, 0xff, 0xa7, 0x64, 0x53, 0xff, 0xb6, 0x6f, 0x5f, 0xff, 
0xd9, 0xa4, 0x8f, 0xff, 0x94, 0x71, 0x65, 0xff, 0x3e, 0x1f, 0x1d, 0xff, 0x91, 0x66, 0x5b, 0xff, 
0xaf, 0x78, 0x69, 0xff, 0xb8, 0x83, 0x70, 0xff, 0xdd, 0xae, 0x94, 0xff, 0xcb, 0x9d, 0x85, 0xff, 
0xbc, 0x83, 0x6d, 0xff, 0xc4, 0x8b, 0x72, 0xff, 0xde, 0xad, 0x90, 0xff, 0xd7, 0x9c, 0x7f, 0xff, 
0xc7, 0x8d, 0x72, 0xff, 0xc9, 0x8a, 0x73, 0xff, 0xca, 0x86, 0x70, 0xff, 0xc3, 0x7c, 0x66, 0xff, 
0xa3, 0x67, 0x58, 0xff, 0xb0, 0x7e, 0x6c, 0xff, 0xaf, 0x76, 0x62, 0xff, 0xb3, 0x76, 0x61, 0xff, 
0xd3, 0xb3, 0xa5, 0xff, 0xe5, 0xd2, 0xc9, 0xff, 0xdb, 0xbe, 0xb1, 0xff, 0xdd, 0xbc, 0xad, 0xff, 
0xd6, 0xaf, 0x9e, 0xff, 0xd3, 0xab, 0x99, 0xff, 0xda, 0xb4, 0x9e, 0xff, 0xe8, 0xc2, 0xac, 0xff, 
0xcc, 0xa5, 0x93, 0xff, 0xea, 0xd5, 0xc5, 0xff, 0xf0, 0xe1, 0xd6, 0xff, 0xcb, 0xb1, 0xa7, 0xff, 
0x8c, 0x58, 0x50, 0xff, 0xcd, 0xae, 0xa5, 0xff, 0xea, 0xd4, 0xc6, 0xff, 0xd4, 0xb6, 0xa6, 0xff, 
0x9c, 0x6f, 0x62, 0xff, 0x79, 0x49, 0x40, 0xff, 0xa7, 0x80, 0x72, 0xff, 0xce, 0xad, 0x9a, 0xff, 
0xb2, 0x88, 0x7b, 0xff, 0xfc, 0xde, 0xc6, 0xff, 0xf2, 0xcb, 0xaf, 0xff, 0xf2, 0xd0, 0xb4, 0xff, 
0xab, 0x80, 0x71, 0xff, 0x97, 0x5b, 0x53, 0xff, 0xdc, 0xb2, 0x9b, 0xff, 0xd4, 0xa7, 0x90, 0xff, 
0xd0, 0x96, 0x81, 0xff, 0xd6, 0x97, 0x80, 0xff, 0xd6, 0x98, 0x81, 0xff, 0xdc, 0xa0, 0x83, 0xff, 
0xce, 0x8d, 0x75, 0xff, 0xbb, 0x79, 0x66, 0xff, 0xc0, 0x79, 0x67, 0xff, 0xa9, 0x64, 0x56, 0xff, 
0x92, 0x54, 0x4b, 0xff, 0xab, 0x6c, 0x5e, 0xff, 0xbc, 0x84, 0x74, 0xff, 0xa0, 0x70, 0x62, 0xff, 
0x94, 0x5f, 0x55, 0xff, 0x94, 0x5e, 0x54, 0xff, 0xa5, 0x6b, 0x60, 0xff, 0xa1, 0x69, 0x61, 0xff, 
0x99, 0x67, 0x60, 0xff, 0x9a, 0x60, 0x57, 0xff, 0x9b, 0x60, 0x54, 0xff, 0xb5, 0x7a, 0x66, 0xff, 
0xb8, 0x7b, 0x68, 0xff, 0x9f, 0x5d, 0x51, 0xff, 0x88, 0x45, 0x3e, 0xff, 0x9b, 0x58, 0x4c, 0xff, 
0x82, 0x4b, 0x46, 0xff, 0xa7, 0x66, 0x58, 0xff, 0xbc, 0x83, 0x6d, 0xff, 0xb1, 0x80, 0x6d, 0xff, 
0xb6, 0x84, 0x71, 0xff, 0xb9, 0x85, 0x72, 0xff, 0xb4, 0x84, 0x6e, 0xff, 0xaf, 0x83, 0x6b, 0xff, 
0xbe, 0x92, 0x79, 0xff, 0xa3, 0x72, 0x61, 0xff, 0xa6, 0x79, 0x64, 0xff, 0xb6, 0x84, 0x6f, 0xff, 
0xc9, 0x95, 0x84, 0xff, 0xb4, 0x85, 0x76, 0xff, 0xab, 0x7c, 0x6c, 0xff, 0xc0, 0x90, 0x7f, 0xff, 
0xc1, 0x8e, 0x7e, 0xff, 0xc5, 0x95, 0x7e, 0xff, 0xc5, 0x97, 0x80, 0xff, 0xc4, 0x92, 0x80, 0xff, 
0xd0, 0x9f, 0x8f, 0xff, 0xd3, 0xa0, 0x90, 0xff, 0xda, 0xa9, 0x9b, 0xff, 0xdd, 0xaa, 0x9e, 0xff, 
0xcb, 0x95, 0x89, 0xff, 0xc6, 0x8f, 0x7b, 0xff, 0xe7, 0xb4, 0xa3, 0xff, 0xf2, 0xc5, 0xb9, 0xff, 
0xe4, 0xb8, 0xa5, 0xff, 0xde, 0xa9, 0x97, 0xff, 0xe1, 0xaa, 0x98, 0xff, 0xe9, 0xb6, 0xa5, 0xff, 
0xe0, 0xa6, 0x9a, 0xff, 0xd9, 0xa2, 0x94, 0xff, 0xec, 0xbd, 0xad, 0xff, 0xe5, 0xae, 0x9e, 0xff, 
0xdf, 0xa4, 0x97, 0xff, 0xe7, 0xaf, 0xa0, 0xff, 0xd9, 0xa7, 0x97, 0xff, 0xde, 0xad, 0x9d, 0xff, 
0xe4, 0xad, 0x9a, 0xff, 0xe7, 0xc0, 0xb3, 0xff, 0xe3, 0xc3, 0xb6, 0xff, 0xe0, 0xbd, 0xb1, 0xff, 
0xd9, 0xa5, 0x97, 0xff, 0xdb, 0xa4, 0x92, 0xff, 0xe3, 0xab, 0x99, 0xff, 0xe3, 0xbd, 0xb1, 0xff, 
0xf0, 0xdc, 0xd4, 0xff, 0xf2, 0xe1, 0xd8, 0xff, 0xec, 0xd0, 0xc9, 0xff, 0xf4, 0xdf, 0xd9, 0xff, 
0xf5, 0xe4, 0xe0, 0xff, 0xfe, 0xf0, 0xed, 0xff, 0xee, 0xd6, 0xc7, 0xff, 0xd4, 0xa8, 0x97, 0xff, 
0xd8, 0xaa, 0x99, 0xff, 0xdf, 0xb5, 0xa1, 0xff, 0xd8, 0xac, 0x9c, 0xff, 0xd4, 0xaa, 0x9c, 0xff, 
0xce, 0x9d, 0x8c, 0xff, 0xd6, 0xa7, 0x97, 0xff, 0xce, 0x98, 0x87, 0xff, 0xcc, 0x97, 0x84, 0xff, 
0xdd, 0xb2, 0xa2, 0xff, 0xd6, 0xa2, 0x92, 0xff, 0xce, 0x9d, 0x8a, 0xff, 0xbc, 0x8c, 0x7a, 0xff, 
0xa4, 0x6f, 0x5f, 0xff, 0xad, 0x77, 0x69, 0xff, 0xa8, 0x70, 0x60, 0xff, 0xb3, 0x76, 0x64, 0xff, 
0xc3, 0x8c, 0x77, 0xff, 0xca, 0x97, 0x85, 0xff, 0xc9, 0x94, 0x81, 0xff, 0xd1, 0x97, 0x85, 0xff, 
0xe2, 0xab, 0x98, 0xff, 0xbd, 0x86, 0x71, 0xff, 0xcb, 0x90, 0x7e, 0xff, 0xe0, 0xaa, 0x98, 0xff, 
0xe5, 0xbe, 0xae, 0xff, 0xce, 0xa7, 0x98, 0xff, 0xcd, 0xa5, 0x94, 0xff, 0xf1, 0xca, 0xb8, 0xff, 
0xe2, 0xa7, 0x94, 0xff, 0xe0, 0xba, 0xa7, 0xff, 0xf0, 0xe7, 0xdd, 0xff, 0xe4, 0xbc, 0xae, 0xff, 
0xcd, 0x91, 0x7c, 0xff, 0xc2, 0x8d, 0x76, 0xff, 0xc9, 0x96, 0x83, 0xff, 0xd3, 0xaf, 0xa1, 0xff, 
0xd0, 0xa8, 0x9a, 0xff, 0xc2, 0x71, 0x5d, 0xff, 0xd8, 0x8e, 0x7c, 0xff, 0xdc, 0xbb, 0xae, 0xff, 
0xd8, 0xa9, 0x94, 0xff, 0xcf, 0x93, 0x79, 0xff, 0xb8, 0x6c, 0x5d, 0xff, 0xb5, 0x71, 0x60, 0xff, 
0xb7, 0x78, 0x62, 0xff, 0xac, 0x62, 0x54, 0xff, 0xb6, 0x6e, 0x5e, 0xff, 0xbd, 0x77, 0x67, 0xff, 
0xc3, 0x84, 0x71, 0xff, 0xcc, 0x91, 0x7a, 0xff, 0xba, 0x7e, 0x6a, 0xff, 0xb0, 0x70, 0x60, 0xff, 
0xb0, 0x70, 0x61, 0xff, 0xb3, 0x76, 0x64, 0xff, 0xc6, 0x8d, 0x77, 0xff, 0xbb, 0x7b, 0x69, 0xff, 
0xb7, 0x70, 0x5f, 0xff, 0xb1, 0x6f, 0x5c, 0xff, 0xad, 0x71, 0x63, 0xff, 0xc3, 0x82, 0x70, 0xff, 
0xc8, 0x7e, 0x6d, 0xff, 0xba, 0x72, 0x63, 0xff, 0xac, 0x63, 0x55, 0xff, 0xa3, 0x5f, 0x52, 0xff, 
0xaf, 0x6d, 0x5d, 0xff, 0xc1, 0x79, 0x69, 0xff, 0xbe, 0x7e, 0x6e, 0xff, 0xb4, 0x7e, 0x6d, 0xff, 
0xac, 0x6f, 0x61, 0xff, 0xb8, 0x84, 0x74, 0xff, 0xc0, 0x98, 0x83, 0xff, 0xa9, 0x72, 0x62, 0xff, 
0xa6, 0x76, 0x67, 0xff, 0xa9, 0x7c, 0x6c, 0xff, 0xaf, 0x82, 0x70, 0xff, 0xab, 0x7a, 0x69, 0xff, 
0xa3, 0x74, 0x64, 0xff, 0xaa, 0x7c, 0x6b, 0xff, 0xa6, 0x79, 0x68, 0xff, 0xb6, 0x88, 0x76, 0xff, 
0xbd, 0x88, 0x76, 0xff, 0xaa, 0x73, 0x63, 0xff, 0x9e, 0x60, 0x53, 0xff, 0x93, 0x55, 0x4a, 0xff, 
0x90, 0x57, 0x4d, 0xff, 0x8b, 0x55, 0x4c, 0xff, 0xa2, 0x6a, 0x5a, 0xff, 0xb2, 0x73, 0x60, 0xff, 
0x9a, 0x5a, 0x4d, 0xff, 0xa8, 0x75, 0x64, 0xff, 0xe3, 0xb6, 0x9e, 0xff, 0xb0, 0x77, 0x67, 0xff, 
0x89, 0x53, 0x48, 0xff, 0x87, 0x54, 0x4d, 0xff, 0x82, 0x50, 0x48, 0xff, 0x91, 0x59, 0x4c, 0xff, 
0xaa, 0x6c, 0x5c, 0xff, 0xa4, 0x6a, 0x5b, 0xff, 0x8d, 0x53, 0x47, 0xff, 0xa6, 0x69, 0x55, 0xff, 
0xbe, 0x85, 0x6b, 0xff, 0xc6, 0x88, 0x70, 0xff, 0xde, 0xa2, 0x87, 0xff, 0xd2, 0x98, 0x7e, 0xff, 
0xc0, 0x82, 0x6b, 0xff, 0xd3, 0x94, 0x79, 0xff, 0xc3, 0x88, 0x71, 0xff, 0xa4, 0x68, 0x58, 0xff, 
0xb6, 0x7a, 0x68, 0xff, 0xb6, 0x7c, 0x69, 0xff, 0xaa, 0x6f, 0x5e, 0xff, 0xb1, 0x74, 0x61, 0xff, 
0xae, 0x71, 0x5f, 0xff, 0xc0, 0x84, 0x6e, 0xff, 0xb7, 0x79, 0x65, 0xff, 0xa7, 0x6a, 0x59, 0xff, 
0xa4, 0x6a, 0x5b, 0xff, 0xa5, 0x69, 0x58, 0xff, 0x9d, 0x60, 0x52, 0xff, 0xa3, 0x66, 0x57, 0xff, 
0xcd, 0x8d, 0x77, 0xff, 0x99, 0x63, 0x56, 0xff, 0x3e, 0x1d, 0x1d, 0xff, 0x75, 0x3b, 0x35, 0xff, 
0xaa, 0x5e, 0x4f, 0xff, 0xa3, 0x61, 0x52, 0xff, 0xb5, 0x75, 0x65, 0xff, 0xb8, 0x74, 0x63, 0xff, 
0xcb, 0x8a, 0x77, 0xff, 0x7f, 0x5a, 0x50, 0xff, 0x57, 0x34, 0x2f, 0xff, 0x8a, 0x5a, 0x50, 0xff, 
0xd9, 0xaa, 0x97, 0xff, 0xab, 0x77, 0x67, 0xff, 0xc7, 0x95, 0x80, 0xff, 0xc5, 0x90, 0x7a, 0xff, 
0xbe, 0x87, 0x71, 0xff, 0xcf, 0x9b, 0x7f, 0xff, 0xc8, 0x9a, 0x7e, 0xff, 0xd2, 0xa6, 0x8a, 0xff, 
0xd3, 0x9b, 0x7d, 0xff, 0xd8, 0xa4, 0x84, 0xff, 0xda, 0xa5, 0x87, 0xff, 0xc7, 0x87, 0x70, 0xff, 
0xaa, 0x71, 0x5f, 0xff, 0x83, 0x57, 0x49, 0xff, 0x91, 0x62, 0x52, 0xff, 0xaf, 0x7c, 0x69, 0xff, 
0xcf, 0x9f, 0x86, 0xff, 0xd8, 0xab, 0x92, 0xff, 0xc0, 0x9d, 0x8d, 0xff, 0xcc, 0xa9, 0x9c, 0xff, 
0xcf, 0xac, 0x9f, 0xff, 0xd1, 0xb6, 0xaa, 0xff, 0xdb, 0xbc, 0xaf, 0xff, 0xd5, 0xb0, 0xa0, 0xff, 
0xb2, 0x89, 0x78, 0xff, 0xa8, 0x7d, 0x70, 0xff, 0x9d, 0x72, 0x6a, 0xff, 0xbb, 0x98, 0x8d, 0xff, 
0xaa, 0x76, 0x6e, 0xff, 0xf8, 0xe5, 0xda, 0xff, 0xd2, 0xb5, 0xab, 0xff, 0xaa, 0x86, 0x7b, 0xff, 
0xb2, 0x90, 0x81, 0xff, 0x9f, 0x76, 0x68, 0xff, 0xa1, 0x79, 0x6a, 0xff, 0xbc, 0x94, 0x82, 0xff, 
0x97, 0x6b, 0x60, 0xff, 0xb2, 0x90, 0x80, 0xff, 0xf6, 0xd8, 0xbc, 0xff, 0xf3, 0xd3, 0xb7, 0xff, 
0xd9, 0xb4, 0x9d, 0xff, 0xa4, 0x6a, 0x5e, 0xff, 0xbf, 0x8b, 0x78, 0xff, 0xe9, 0xbe, 0xa3, 0xff, 
0xc9, 0x91, 0x7d, 0xff, 0xd4, 0x9c, 0x87, 0xff, 0xd4, 0x9a, 0x82, 0xff, 0xcc, 0x8e, 0x78, 0xff, 
0xd5, 0x95, 0x7d, 0xff, 0xd9, 0x97, 0x7d, 0xff, 0xca, 0x86, 0x73, 0xff, 0x9b, 0x5d, 0x51, 0xff, 
0xa2, 0x65, 0x5c, 0xff, 0xaa, 0x6e, 0x61, 0xff, 0xa7, 0x6f, 0x62, 0xff, 0xae, 0x79, 0x6b, 0xff, 
0xa0, 0x64, 0x5b, 0xff, 0xa3, 0x64, 0x5b, 0xff, 0xaa, 0x71, 0x64, 0xff, 0x9a, 0x67, 0x5d, 0xff, 
0x9f, 0x65, 0x5c, 0xff, 0x97, 0x59, 0x4f, 0xff, 0xa2, 0x65, 0x56, 0xff, 0xa8, 0x6d, 0x5a, 0xff, 
0xa7, 0x65, 0x56, 0xff, 0xae, 0x6f, 0x63, 0xff, 0x98, 0x5b, 0x52, 0xff, 0x89, 0x4e, 0x48, 0xff, 
0x88, 0x52, 0x4e, 0xff, 0x8c, 0x54, 0x4e, 0xff, 0xb8, 0x74, 0x63, 0xff, 0xae, 0x6c, 0x5d, 0xff, 
0xb6, 0x81, 0x6f, 0xff, 0xb7, 0x86, 0x72, 0xff, 0xa6, 0x73, 0x61, 0xff, 0xa7, 0x79, 0x63, 0xff, 
0xbf, 0x95, 0x7c, 0xff, 0xb1, 0x81, 0x6d, 0xff, 0xad, 0x7a, 0x67, 0xff, 0xc0, 0x8f, 0x78, 0xff, 
0xc1, 0x93, 0x7d, 0xff, 0xd4, 0xa7, 0x93, 0xff, 0xb9, 0x8a, 0x77, 0xff, 0xb7, 0x88, 0x77, 0xff, 
0xc7, 0x98, 0x86, 0xff, 0xcb, 0x9a, 0x87, 0xff, 0xcc, 0x98, 0x8b, 0xff, 0xd1, 0x9d, 0x8e, 0xff, 
0xce, 0x99, 0x8a, 0xff, 0xcd, 0x96, 0x8b, 0xff, 0xdf, 0xab, 0x9d, 0xff, 0xdc, 0xa7, 0x9a, 0xff, 
0xcb, 0x98, 0x86, 0xff, 0xd3, 0x9e, 0x89, 0xff, 0xdb, 0x9f, 0x8f, 0xff, 0xdf, 0xa4, 0x95, 0xff, 
0xd4, 0xa7, 0x93, 0xff, 0xdf, 0xb7, 0xa1, 0xff, 0xcd, 0x97, 0x84, 0xff, 0xdc, 0xa1, 0x93, 0xff, 
0xd7, 0x9f, 0x93, 0xff, 0xce, 0x9e, 0x8f, 0xff, 0xe9, 0xb1, 0xa1, 0xff, 0xd8, 0x9c, 0x8e, 0xff, 
0xc7, 0x88, 0x79, 0xff, 0xcc, 0x8c, 0x7d, 0xff, 0xc1, 0x8f, 0x7d, 0xff, 0xc3, 0x90, 0x7d, 0xff, 
0xc8, 0x9f, 0x8e, 0xff, 0xd7, 0xba, 0xab, 0xff, 0xeb, 0xd0, 0xc6, 0xff, 0xf0, 0xd2, 0xc9, 0xff, 
0xdc, 0xa6, 0x9a, 0xff, 0xd3, 0x93, 0x85, 0xff, 0xe0, 0xb0, 0xa1, 0xff, 0xd8, 0xac, 0x9c, 0xff, 
0xd7, 0xab, 0x9a, 0xff, 0xdf, 0xae, 0xa0, 0xff, 0xe7, 0xbb, 0xb1, 0xff, 0xeb, 0xc9, 0xc0, 0xff, 
0xe7, 0xc6, 0xbd, 0xff, 0xe5, 0xc2, 0xb4, 0xff, 0xdf, 0xbc, 0xa8, 0xff, 0xd2, 0x9e, 0x8f, 0xff, 
0xd4, 0x9f, 0x8b, 0xff, 0xd0, 0x9d, 0x8c, 0xff, 0xdd, 0xb9, 0xac, 0xff, 0xe1, 0xb8, 0xa8, 0xff, 
0xdb, 0xa5, 0x94, 0xff, 0xcf, 0xa6, 0x93, 0xff, 0xda, 0xb7, 0xa8, 0xff, 0xd8, 0xaf, 0xa0, 0xff, 
0xcd, 0x9c, 0x8b, 0xff, 0xc2, 0x84, 0x72, 0xff, 0xc2, 0x8a, 0x77, 0xff, 0xd5, 0x9b, 0x8c, 0xff, 
0xc1, 0x81, 0x73, 0xff, 0xc6, 0x8a, 0x7d, 0xff, 0xc2, 0x89, 0x7b, 0xff, 0xcb, 0x99, 0x8a, 0xff, 
0xe8, 0xba, 0xa5, 0xff, 0xd6, 0x9c, 0x8a, 0xff, 0xce, 0x95, 0x83, 0xff, 0xe3, 0xaf, 0x9a, 0xff, 
0xda, 0xa6, 0x90, 0xff, 0xd2, 0x9b, 0x85, 0xff, 0xdd, 0xaa, 0x99, 0xff, 0xe2, 0xbe, 0xaf, 0xff, 
0xeb, 0xcd, 0xc2, 0xff, 0xda, 0xb9, 0xab, 0xff, 0xe0, 0xb2, 0x9e, 0xff, 0xee, 0xb4, 0x9e, 0xff, 
0xe0, 0xa9, 0x94, 0xff, 0xea, 0xd7, 0xca, 0xff, 0xff, 0xff, 0xff, 0xff, 0xee, 0xe6, 0xdd, 0xff, 
0xd8, 0xb2, 0xa2, 0xff, 0xd3, 0x9d, 0x88, 0xff, 0xbf, 0x82, 0x6f, 0xff, 0xc2, 0x80, 0x6f, 0xff, 
0xd4, 0x97, 0x86, 0xff, 0xdf, 0xab, 0x9a, 0xff, 0xe7, 0xc9, 0xbb, 0xff, 0xde, 0xac, 0x9c, 0xff, 
0xd4, 0x8b, 0x79, 0xff, 0xd4, 0x9a, 0x84, 0xff, 0xbb, 0x78, 0x67, 0xff, 0xbc, 0x77, 0x68, 0xff, 
0xc6, 0x8b, 0x73, 0xff, 0xb6, 0x6e, 0x5f, 0xff, 0xa9, 0x61, 0x50, 0xff, 0xb5, 0x75, 0x62, 0xff, 
0xc3, 0x8c, 0x79, 0xff, 0xbf, 0x7f, 0x6d, 0xff, 0xc2, 0x84, 0x71, 0xff, 0xb6, 0x72, 0x60, 0xff, 
0xb2, 0x74, 0x62, 0xff, 0xb5, 0x74, 0x60, 0xff, 0xc1, 0x87, 0x74, 0xff, 0xbd, 0x80, 0x6d, 0xff, 
0xb2, 0x73, 0x62, 0xff, 0xbc, 0x7f, 0x6d, 0xff, 0xbe, 0x7b, 0x6c, 0xff, 0xc4, 0x7c, 0x6c, 0xff, 
0xba, 0x71, 0x63, 0xff, 0xb4, 0x6d, 0x5e, 0xff, 0xae, 0x64, 0x55, 0xff, 0xa7, 0x61, 0x54, 0xff, 
0xc4, 0x7f, 0x6e, 0xff, 0xca, 0x82, 0x71, 0xff, 0xbb, 0x7f, 0x6d, 0xff, 0xb4, 0x7b, 0x6c, 0xff, 
0xa8, 0x6a, 0x5e, 0xff, 0xa6, 0x6b, 0x5d, 0xff, 0xa9, 0x73, 0x63, 0xff, 0xae, 0x78, 0x68, 0xff, 
0xb0, 0x7d, 0x6b, 0xff, 0xad, 0x7c, 0x6b, 0xff, 0xba, 0x89, 0x77, 0xff, 0xb1, 0x7f, 0x6f, 0xff, 
0xae, 0x81, 0x6f, 0xff, 0xb3, 0x84, 0x73, 0xff, 0xa2, 0x73, 0x64, 0xff, 0xb4, 0x7d, 0x6d, 0xff, 
0xba, 0x85, 0x72, 0xff, 0x9c, 0x6a, 0x5b, 0xff, 0x97, 0x5c, 0x50, 0xff, 0xa0, 0x63, 0x56, 0xff, 
0x99, 0x5e, 0x53, 0xff, 0x94, 0x5b, 0x51, 0xff, 0x90, 0x55, 0x4a, 0xff, 0x8b, 0x4d, 0x43, 0xff, 
0xa9, 0x6a, 0x5a, 0xff, 0xc1, 0x8c, 0x75, 0xff, 0xa6, 0x71, 0x63, 0xff, 0x9d, 0x5d, 0x50, 0xff, 
0x8d, 0x57, 0x4d, 0xff, 0x7e, 0x4b, 0x45, 0xff, 0x90, 0x5b, 0x4f, 0xff, 0x92, 0x5b, 0x4d, 0xff, 
0x9c, 0x61, 0x55, 0xff, 0x82, 0x50, 0x4a, 0xff, 0x99, 0x63, 0x56, 0xff, 0xab, 0x73, 0x60, 0xff, 
0x86, 0x52, 0x47, 0xff, 0x9d, 0x64, 0x55, 0xff, 0xad, 0x6e, 0x5b, 0xff, 0xd4, 0x96, 0x79, 0xff, 
0xe4, 0xac, 0x8e, 0xff, 0xcb, 0x95, 0x7c, 0xff, 0xc7, 0x8a, 0x72, 0xff, 0xbd, 0x7f, 0x69, 0xff, 
0xc0, 0x82, 0x6d, 0xff, 0xc3, 0x85, 0x6f, 0xff, 0xb5, 0x78, 0x63, 0xff, 0xc4, 0x84, 0x6e, 0xff, 
0xbf, 0x85, 0x6f, 0xff, 0xa9, 0x6e, 0x5c, 0xff, 0x9a, 0x5d, 0x4f, 0xff, 0x9b, 0x60, 0x53, 0xff, 
0xa1, 0x66, 0x58, 0xff, 0x92, 0x5b, 0x4e, 0xff, 0x86, 0x4d, 0x41, 0xff, 0x9a, 0x5a, 0x4e, 0xff, 
0xb0, 0x70, 0x5e, 0xff, 0x9c, 0x5f, 0x50, 0xff, 0x77, 0x3f, 0x38, 0xff, 0x8b, 0x4c, 0x42, 0xff, 
0x9f, 0x5e, 0x4e, 0xff, 0xb5, 0x74, 0x62, 0xff, 0xb3, 0x6f, 0x5e, 0xff, 0xb0, 0x6c, 0x5b, 0xff, 
0xa8, 0x66, 0x57, 0xff, 0x6c, 0x44, 0x3e, 0xff, 0x93, 0x6d, 0x61, 0xff, 0xac, 0x7c, 0x6e, 0xff, 
0xba, 0x86, 0x75, 0xff, 0x79, 0x43, 0x3a, 0xff, 0x9f, 0x6f, 0x61, 0xff, 0xd6, 0xaa, 0x95, 0xff, 
0xb8, 0x84, 0x71, 0xff, 0xcd, 0x98, 0x7f, 0xff, 0xc1, 0x86, 0x70, 0xff, 0xba, 0x8f, 0x7d, 0xff, 
0xda, 0xa9, 0x8e, 0xff, 0xd1, 0x9a, 0x79, 0xff, 0xd2, 0xa1, 0x82, 0xff, 0xcc, 0x9d, 0x82, 0xff, 
0xac, 0x7e, 0x69, 0xff, 0x84, 0x51, 0x47, 0xff, 0x9c, 0x69, 0x5e, 0xff, 0xc2, 0x91, 0x7c, 0xff, 
0xd0, 0x99, 0x81, 0xff, 0xd9, 0x9d, 0x81, 0xff, 0xc5, 0x8f, 0x76, 0xff, 0xb0, 0x85, 0x76, 0xff, 
0xbd, 0x97, 0x85, 0xff, 0xb8, 0x8e, 0x7c, 0xff, 0xdc, 0xb7, 0xa4, 0xff, 0xc7, 0xa3, 0x94, 0xff, 
0x92, 0x68, 0x5d, 0xff, 0x8d, 0x59, 0x4d, 0xff, 0x98, 0x64, 0x57, 0xff, 0xa5, 0x6e, 0x61, 0xff, 
0xc1, 0x98, 0x8c, 0xff, 0xe5, 0xce, 0xbe, 0xff, 0xb7, 0x93, 0x85, 0xff, 0xa8, 0x81, 0x76, 0xff, 
0xbf, 0xa2, 0x95, 0xff, 0xad, 0x88, 0x7b, 0xff, 0xba, 0x94, 0x84, 0xff, 0x94, 0x6d, 0x63, 0xff, 
0x80, 0x59, 0x53, 0xff, 0x85, 0x5b, 0x53, 0xff, 0x9d, 0x74, 0x68, 0xff, 0x93, 0x65, 0x5a, 0xff, 
0xca, 0xa0, 0x8e, 0xff, 0xc2, 0x92, 0x80, 0xff, 0x9e, 0x69, 0x5d, 0xff, 0xd4, 0xa1, 0x8c, 0xff, 
0xd3, 0x9e, 0x88, 0xff, 0xca, 0x96, 0x80, 0xff, 0xca, 0x92, 0x7d, 0xff, 0xc9, 0x8a, 0x78, 0xff, 
0xc2, 0x82, 0x6f, 0xff, 0xbd, 0x79, 0x66, 0xff, 0x99, 0x54, 0x4a, 0xff, 0xa3, 0x62, 0x5b, 0xff, 
0xb8, 0x7b, 0x6f, 0xff, 0xac, 0x6d, 0x5f, 0xff, 0xb6, 0x78, 0x69, 0xff, 0xb2, 0x7b, 0x6e, 0xff, 
0x9e, 0x68, 0x5c, 0xff, 0xa7, 0x68, 0x5e, 0xff, 0x97, 0x5e, 0x56, 0xff, 0x8d, 0x59, 0x51, 0xff, 
0x98, 0x5e, 0x53, 0xff, 0x94, 0x52, 0x45, 0xff, 0xa9, 0x6a, 0x5c, 0xff, 0xae, 0x77, 0x6a, 0xff, 
0xa6, 0x6e, 0x65, 0xff, 0xa4, 0x6c, 0x65, 0xff, 0x92, 0x61, 0x5d, 0xff, 0x9c, 0x67, 0x60, 0xff, 
0xa5, 0x6e, 0x62, 0xff, 0x94, 0x60, 0x59, 0xff, 0x81, 0x4c, 0x45, 0xff, 0xa0, 0x5b, 0x4f, 0xff, 
0xb9, 0x77, 0x64, 0xff, 0xb9, 0x86, 0x6f, 0xff, 0xa9, 0x72, 0x65, 0xff, 0xb4, 0x80, 0x71, 0xff, 
0xc2, 0x97, 0x7f, 0xff, 0xc3, 0x93, 0x7c, 0xff, 0xad, 0x74, 0x66, 0xff, 0xb5, 0x84, 0x70, 0xff, 
0xaf, 0x81, 0x6b, 0xff, 0xc7, 0x9b, 0x84, 0xff, 0xbd, 0x94, 0x7e, 0xff, 0xae, 0x80, 0x6f, 0xff, 
0xbf, 0x8b, 0x7a, 0xff, 0xc4, 0x92, 0x82, 0xff, 0xd0, 0xa0, 0x90, 0xff, 0xd9, 0xa8, 0x98, 0xff, 
0xce, 0x9a, 0x8a, 0xff, 0xcb, 0x96, 0x85, 0xff, 0xe1, 0xa8, 0x98, 0xff, 0xe1, 0xab, 0x9c, 0xff, 
0xd3, 0x9e, 0x8d, 0xff, 0xd2, 0x9a, 0x8a, 0xff, 0xc1, 0x8a, 0x7d, 0xff, 0xc5, 0x8c, 0x7e, 0xff, 
0xe2, 0xb2, 0xa0, 0xff, 0xd9, 0xaa, 0x95, 0xff, 0xd1, 0x95, 0x89, 0xff, 0xe9, 0xb2, 0xa5, 0xff, 
0xcf, 0x9c, 0x8e, 0xff, 0xda, 0xa4, 0x94, 0xff, 0xf1, 0xbf, 0xb2, 0xff, 0xc8, 0x93, 0x85, 0xff, 
0xc3, 0x8a, 0x76, 0xff, 0xcb, 0xa0, 0x8f, 0xff, 0xcb, 0x8f, 0x7a, 0xff, 0xc0, 0x8a, 0x7a, 0xff, 
0xbd, 0x96, 0x8a, 0xff, 0xd4, 0xa2, 0x92, 0xff, 0xd0, 0xa2, 0x95, 0xff, 0xdf, 0xb3, 0xa5, 0xff, 
0xdf, 0xac, 0x9e, 0xff, 0xd9, 0x9d, 0x8f, 0xff, 0xe0, 0xab, 0x9f, 0xff, 0xd2, 0x9c, 0x8d, 0xff, 
0xd3, 0x95, 0x81, 0xff, 0xe0, 0xab, 0x9d, 0xff, 0xf3, 0xde, 0xd9, 0xff, 0xff, 0xfc, 0xfb, 0xff, 
0xfb, 0xef, 0xeb, 0xff, 0xd1, 0x9d, 0x8c, 0xff, 0xcf, 0x91, 0x82, 0xff, 0xd3, 0xa2, 0x93, 0xff, 
0xd7, 0xb1, 0x9d, 0xff, 0xd3, 0x9e, 0x8c, 0xff, 0xd7, 0xaa, 0x98, 0xff, 0xe2, 0xac, 0x9c, 0xff, 
0xd9, 0x9e, 0x8c, 0xff, 0xc7, 0x8e, 0x77, 0xff, 0xcd, 0x9c, 0x8a, 0xff, 0xe1, 0xbd, 0xb1, 0xff, 
0xdd, 0xbd, 0xae, 0xff, 0xb5, 0x83, 0x71, 0xff, 0xc8, 0x82, 0x74, 0xff, 0xfe, 0xc2, 0xb4, 0xff, 
0xe3, 0xa8, 0x9b, 0xff, 0xc4, 0x7e, 0x73, 0xff, 0xce, 0x95, 0x86, 0xff, 0xdf, 0xab, 0x99, 0xff, 
0xd3, 0x9f, 0x8f, 0xff, 0xc6, 0x8f, 0x7d, 0xff, 0xea, 0xb1, 0x9d, 0xff, 0xde, 0xa8, 0x95, 0xff, 
0xd2, 0x9a, 0x87, 0xff, 0xde, 0xa6, 0x94, 0xff, 0xe7, 0xc0, 0xb0, 0xff, 0xe5, 0xbe, 0xaf, 0xff, 
0xc6, 0x95, 0x83, 0xff, 0xd0, 0xaa, 0x97, 0xff, 0xed, 0xb6, 0xa2, 0xff, 0xe6, 0xa9, 0x93, 0xff, 
0xea, 0xc4, 0xb3, 0xff, 0xe6, 0xca, 0xbf, 0xff, 0xda, 0xb5, 0xa6, 0xff, 0xe2, 0xc4, 0xb4, 0xff, 
0xe0, 0xb5, 0xa3, 0xff, 0xd5, 0x8e, 0x7d, 0xff, 0xd2, 0x8b, 0x7b, 0xff, 0xd5, 0x90, 0x7f, 0xff, 
0xd6, 0x90, 0x7e, 0xff, 0xd6, 0x9f, 0x8e, 0xff, 0xe0, 0xb9, 0xa9, 0xff, 0xd8, 0x8f, 0x7a, 0xff, 
0xc9, 0x7c, 0x6b, 0xff, 0xc7, 0x84, 0x75, 0xff, 0xd1, 0x94, 0x82, 0xff, 0xce, 0x89, 0x78, 0xff, 
0xd6, 0x92, 0x7c, 0xff, 0xd1, 0x8d, 0x7a, 0xff, 0xb9, 0x71, 0x60, 0xff, 0xaf, 0x6e, 0x5b, 0xff, 
0xad, 0x70, 0x5e, 0xff, 0xbb, 0x74, 0x65, 0xff, 0xc5, 0x8b, 0x77, 0xff, 0xbb, 0x7a, 0x66, 0xff, 
0xb4, 0x71, 0x5f, 0xff, 0xb8, 0x7d, 0x6a, 0xff, 0xc2, 0x8b, 0x78, 0xff, 0xc0, 0x87, 0x73, 0xff, 
0xbd, 0x86, 0x71, 0xff, 0xc1, 0x82, 0x71, 0xff, 0xbd, 0x76, 0x66, 0xff, 0xbd, 0x78, 0x68, 0xff, 
0xb7, 0x71, 0x63, 0xff, 0xa6, 0x63, 0x55, 0xff, 0xab, 0x6a, 0x5a, 0xff, 0xba, 0x74, 0x64, 0xff, 
0xc9, 0x84, 0x73, 0xff, 0xc0, 0x7e, 0x6d, 0xff, 0xb5, 0x71, 0x61, 0xff, 0xb0, 0x70, 0x62, 0xff, 
0xb1, 0x7c, 0x6c, 0xff, 0xaf, 0x78, 0x68, 0xff, 0xa9, 0x69, 0x5b, 0xff, 0xa4, 0x81, 0x74, 0xff, 
0x9d, 0x80, 0x75, 0xff, 0xca, 0x8d, 0x7b, 0xff, 0xc0, 0x81, 0x6f, 0xff, 0xa5, 0x73, 0x64, 0xff, 
0xa7, 0x77, 0x67, 0xff, 0xb1, 0x7b, 0x6b, 0xff, 0xb8, 0x7f, 0x6f, 0xff, 0xc3, 0x85, 0x75, 0xff, 
0xb7, 0x7a, 0x6b, 0xff, 0x9a, 0x61, 0x56, 0xff, 0x8f, 0x58, 0x4d, 0xff, 0xa1, 0x67, 0x5a, 0xff, 
0x9b, 0x62, 0x57, 0xff, 0x93, 0x5b, 0x50, 0xff, 0x8e, 0x56, 0x4c, 0xff, 0x93, 0x5a, 0x50, 0xff, 
0x90, 0x56, 0x4b, 0xff, 0x9c, 0x62, 0x55, 0xff, 0x91, 0x59, 0x4e, 0xff, 0x99, 0x5e, 0x52, 0xff, 
0x84, 0x50, 0x48, 0xff, 0x86, 0x51, 0x49, 0xff, 0x94, 0x5f, 0x53, 0xff, 0x95, 0x5b, 0x50, 0xff, 
0x94, 0x59, 0x4d, 0xff, 0x9b, 0x63, 0x56, 0xff, 0xb1, 0x7a, 0x67, 0xff, 0xa0, 0x68, 0x5a, 0xff, 
0xa3, 0x6f, 0x5e, 0xff, 0xa1, 0x70, 0x5e, 0xff, 0x97, 0x66, 0x58, 0xff, 0xa7, 0x6b, 0x5a, 0xff, 
0xc7, 0x88, 0x70, 0xff, 0xc3, 0x8b, 0x76, 0xff, 0xc4, 0x88, 0x74, 0xff, 0xd4, 0x97, 0x7b, 0xff, 
0xcb, 0x8c, 0x74, 0xff, 0xc9, 0x8c, 0x75, 0xff, 0xca, 0x8c, 0x72, 0xff, 0xca, 0x8b, 0x70, 0xff, 
0xcc, 0x8f, 0x76, 0xff, 0xbf, 0x85, 0x70, 0xff, 0xa0, 0x63, 0x54, 0xff, 0x93, 0x58, 0x4b, 0xff, 
0x96, 0x58, 0x4a, 0xff, 0xae, 0x75, 0x63, 0xff, 0x9f, 0x6e, 0x5d, 0xff, 0x9b, 0x62, 0x53, 0xff, 
0x9b, 0x5d, 0x4e, 0xff, 0x9a, 0x5c, 0x4e, 0xff, 0xa2, 0x61, 0x52, 0xff, 0xb1, 0x76, 0x67, 0xff, 
0xb4, 0x76, 0x66, 0xff, 0xb8, 0x73, 0x62, 0xff, 0xbe, 0x7d, 0x69, 0xff, 0xb7, 0x73, 0x5f, 0xff, 
0xa0, 0x62, 0x52, 0xff, 0x7d, 0x51, 0x4a, 0xff, 0x90, 0x60, 0x55, 0xff, 0xc0, 0x8d, 0x7c, 0xff, 
0xa4, 0x72, 0x64, 0xff, 0x77, 0x42, 0x39, 0xff, 0xb8, 0x8e, 0x7e, 0xff, 0xe6, 0xcb, 0xb5, 0xff, 
0xce, 0xa0, 0x8a, 0xff, 0xbe, 0x7f, 0x69, 0xff, 0xbd, 0x81, 0x6d, 0xff, 0xb1, 0x73, 0x62, 0xff, 
0xc8, 0x9b, 0x85, 0xff, 0xd6, 0xac, 0x8f, 0xff, 0xd9, 0xa7, 0x85, 0xff, 0xcb, 0x9e, 0x7f, 0xff, 
0xb4, 0x83, 0x6e, 0xff, 0xa4, 0x69, 0x5d, 0xff, 0x9e, 0x63, 0x5b, 0xff, 0xab, 0x7b, 0x6c, 0xff, 
0xbd, 0x8b, 0x77, 0xff, 0xd2, 0x90, 0x75, 0xff, 0xe3, 0xa9, 0x8d, 0xff, 0xc1, 0x9a, 0x86, 0xff, 
0xbd, 0x98, 0x86, 0xff, 0xbb, 0x93, 0x83, 0xff, 0xcb, 0xa6, 0x93, 0xff, 0xb0, 0x8c, 0x7c, 0xff, 
0xa8, 0x80, 0x6f, 0xff, 0xcb, 0xa0, 0x8a, 0xff, 0xda, 0xb5, 0x9e, 0xff, 0xb5, 0x87, 0x78, 0xff, 
0xc0, 0x9c, 0x8d, 0xff, 0xac, 0x7f, 0x71, 0xff, 0xb6, 0x8d, 0x7d, 0xff, 0xcf, 0xac, 0x9d, 0xff, 
0xc7, 0xa9, 0x9d, 0xff, 0xc2, 0xa3, 0x96, 0xff, 0xde, 0xbe, 0xad, 0xff, 0xd0, 0xb3, 0xa1, 0xff, 
0xdf, 0xc7, 0xb6, 0xff, 0xd9, 0xba, 0xa8, 0xff, 0x9c, 0x71, 0x63, 0xff, 0xa6, 0x7b, 0x6c, 0xff, 
0xb4, 0x7e, 0x6f, 0xff, 0xa6, 0x72, 0x65, 0xff, 0x9b, 0x66, 0x5b, 0xff, 0x90, 0x58, 0x50, 0xff, 
0xcd, 0xa1, 0x8b, 0xff, 0xe0, 0xb1, 0x97, 0xff, 0xc2, 0x8d, 0x79, 0xff, 0xb0, 0x69, 0x5b, 0xff, 
0xb0, 0x67, 0x57, 0xff, 0xac, 0x63, 0x57, 0xff, 0xaa, 0x64, 0x5c, 0xff, 0xbf, 0x7a, 0x6f, 0xff, 
0xbe, 0x7e, 0x6e, 0xff, 0xb2, 0x6a, 0x5b, 0xff, 0xaa, 0x68, 0x5a, 0xff, 0xab, 0x6b, 0x5c, 0xff, 
0xa6, 0x6d, 0x5f, 0xff, 0x97, 0x64, 0x59, 0xff, 0x93, 0x58, 0x4c, 0xff, 0x9b, 0x62, 0x54, 0xff, 
0x9a, 0x5f, 0x51, 0xff, 0x9d, 0x5e, 0x53, 0xff, 0xa2, 0x6b, 0x61, 0xff, 0xaa, 0x72, 0x69, 0xff, 
0xa8, 0x73, 0x6c, 0xff, 0x93, 0x64, 0x60, 0xff, 0x9e, 0x6b, 0x64, 0xff, 0xae, 0x7a, 0x6a, 0xff, 
0x9a, 0x67, 0x5f, 0xff, 0xa7, 0x6f, 0x65, 0xff, 0x7c, 0x51, 0x45, 0xff, 0x69, 0x37, 0x31, 0xff, 
0x9c, 0x5a, 0x50, 0xff, 0x97, 0x5e, 0x51, 0xff, 0xb1, 0x7d, 0x6b, 0xff, 0xb5, 0x83, 0x73, 0xff, 
0xb9, 0x89, 0x74, 0xff, 0xb9, 0x87, 0x72, 0xff, 0xa5, 0x70, 0x64, 0xff, 0xac, 0x7c, 0x69, 0xff, 
0xaf, 0x84, 0x6f, 0xff, 0xbc, 0x97, 0x83, 0xff, 0xaf, 0x88, 0x72, 0xff, 0xa6, 0x76, 0x62, 0xff, 
0xaf, 0x7c, 0x6a, 0xff, 0xc1, 0x91, 0x7f, 0xff, 0xcc, 0x99, 0x88, 0xff, 0xc6, 0x94, 0x82, 0xff, 
0xce, 0x9d, 0x8b, 0xff, 0xd6, 0xa7, 0x96, 0xff, 0xdd, 0xa9, 0x99, 0xff, 0xdb, 0xa5, 0x95, 0xff, 
0xce, 0x96, 0x88, 0xff, 0xca, 0x93, 0x86, 0xff, 0xbc, 0x86, 0x75, 0xff, 0xd2, 0xa0, 0x8e, 0xff, 
0xe6, 0xbb, 0xa7, 0xff, 0xd1, 0xa0, 0x8e, 0xff, 0xe9, 0xb4, 0xa5, 0xff, 0xdd, 0xaf, 0xa0, 0xff, 
0xd6, 0xa8, 0x99, 0xff, 0xd2, 0x97, 0x88, 0xff, 0xce, 0xa0, 0x94, 0xff, 0xe0, 0xb6, 0xab, 0xff, 
0xdb, 0xac, 0x9e, 0xff, 0xd7, 0xbf, 0xaf, 0xff, 0xda, 0xb5, 0xa4, 0xff, 0xd3, 0x94, 0x86, 0xff, 
0xd4, 0x9f, 0x92, 0xff, 0xd4, 0x9c, 0x90, 0xff, 0xd7, 0xaf, 0xa0, 0xff, 0xd0, 0xb0, 0x9f, 0xff, 
0xdc, 0xb8, 0xa8, 0xff, 0xe2, 0xaf, 0x9e, 0xff, 0xe1, 0xae, 0xa1, 0xff, 0xec, 0xcc, 0xc7, 0xff, 
0xec, 0xc3, 0xba, 0xff, 0xf3, 0xd0, 0xc7, 0xff, 0xfb, 0xec, 0xe9, 0xff, 0xf2, 0xde, 0xd8, 0xff, 
0xe1, 0xbd, 0xb3, 0xff, 0xca, 0x91, 0x81, 0xff, 0xc6, 0x86, 0x7a, 0xff, 0xc8, 0x89, 0x7b, 0xff, 
0xe2, 0xad, 0x9e, 0xff, 0xe3, 0xc1, 0xae, 0xff, 0xde, 0xb8, 0xa7, 0xff, 0xd9, 0x9d, 0x8d, 0xff, 
0xd3, 0x95, 0x88, 0xff, 0xc8, 0x92, 0x80, 0xff, 0xd2, 0x92, 0x7f, 0xff, 0xd5, 0x9b, 0x85, 0xff, 
0xca, 0x9c, 0x8b, 0xff, 0xba, 0x7e, 0x70, 0xff, 0xb7, 0x74, 0x68, 0xff, 0xe9, 0xac, 0xa0, 0xff, 
0xfe, 0xcd, 0xbd, 0xff, 0xe8, 0xae, 0x9f, 0xff, 0xcd, 0x90, 0x83, 0xff, 0xc6, 0x8e, 0x7b, 0xff, 
0xc0, 0x8a, 0x7b, 0xff, 0xcd, 0x94, 0x85, 0xff, 0xdd, 0xa8, 0x96, 0xff, 0xd3, 0x9d, 0x8c, 0xff, 
0xe2, 0xa7, 0x96, 0xff, 0xd7, 0xa4, 0x92, 0xff, 0xcf, 0x9c, 0x8a, 0xff, 0xd0, 0x8e, 0x7d, 0xff, 
0xc4, 0x8c, 0x7a, 0xff, 0xeb, 0xb9, 0xa2, 0xff, 0xf1, 0xc1, 0xaf, 0xff, 0xec, 0xd6, 0xce, 0xff, 
0xea, 0xd2, 0xc7, 0xff, 0xd6, 0x9f, 0x8c, 0xff, 0xd3, 0x9c, 0x88, 0xff, 0xe9, 0xc8, 0xb7, 0xff, 
0xe1, 0xa6, 0x94, 0xff, 0xcd, 0x85, 0x74, 0xff, 0xd1, 0x8d, 0x7b, 0xff, 0xd7, 0x93, 0x82, 0xff, 
0xd3, 0x92, 0x81, 0xff, 0xd1, 0x8b, 0x79, 0xff, 0xdc, 0x8d, 0x79, 0xff, 0xd0, 0x88, 0x76, 0xff, 
0xc5, 0x83, 0x73, 0xff, 0xc7, 0x83, 0x73, 0xff, 0xd1, 0x92, 0x7f, 0xff, 0xd7, 0x90, 0x7f, 0xff, 
0xd9, 0x94, 0x7f, 0xff, 0xce, 0x8d, 0x79, 0xff, 0xc4, 0x7d, 0x6e, 0xff, 0xb4, 0x6c, 0x5b, 0xff, 
0xb9, 0x6f, 0x60, 0xff, 0xb8, 0x7a, 0x68, 0xff, 0xc0, 0x86, 0x73, 0xff, 0xbf, 0x83, 0x70, 0xff, 
0xb1, 0x70, 0x5e, 0xff, 0xb5, 0x7c, 0x6b, 0xff, 0xb8, 0x85, 0x72, 0xff, 0xba, 0x7e, 0x6c, 0xff, 
0xc4, 0x83, 0x72, 0xff, 0xc6, 0x83, 0x70, 0xff, 0xc0, 0x81, 0x6f, 0xff, 0xaf, 0x6f, 0x5c, 0xff, 
0xa6, 0x62, 0x4f, 0xff, 0xa8, 0x62, 0x54, 0xff, 0xb6, 0x71, 0x63, 0xff, 0xbf, 0x81, 0x6e, 0xff, 
0xc2, 0x82, 0x70, 0xff, 0xc4, 0x7e, 0x6e, 0xff, 0xaf, 0x6e, 0x60, 0xff, 0xa5, 0x62, 0x57, 0xff, 
0xab, 0x6c, 0x5e, 0xff, 0xb6, 0x78, 0x69, 0xff, 0xae, 0x79, 0x69, 0xff, 0xad, 0x8c, 0x7d, 0xff, 
0xaa, 0x81, 0x76, 0xff, 0xc6, 0x8d, 0x7b, 0xff, 0xbd, 0x7e, 0x6d, 0xff, 0xc1, 0x84, 0x74, 0xff, 
0xbb, 0x82, 0x73, 0xff, 0xb1, 0x77, 0x69, 0xff, 0xd0, 0x94, 0x81, 0xff, 0xc3, 0x88, 0x77, 0xff, 
0xb1, 0x71, 0x64, 0xff, 0xa1, 0x63, 0x57, 0xff, 0x9b, 0x61, 0x55, 0xff, 0x94, 0x5f, 0x53, 0xff, 
0x89, 0x53, 0x49, 0xff, 0x88, 0x50, 0x47, 0xff, 0x9d, 0x62, 0x57, 0xff, 0xa4, 0x67, 0x5b, 0xff, 
0x85, 0x4d, 0x45, 0xff, 0x87, 0x4e, 0x47, 0xff, 0x98, 0x5e, 0x52, 0xff, 0x89, 0x54, 0x4b, 0xff, 
0x7d, 0x4a, 0x44, 0xff, 0x8d, 0x57, 0x4d, 0xff, 0x93, 0x5a, 0x4d, 0xff, 0x8d, 0x57, 0x4e, 0xff, 
0x89, 0x52, 0x49, 0xff, 0xa7, 0x69, 0x59, 0xff, 0x89, 0x59, 0x4f, 0xff, 0x8f, 0x5e, 0x53, 0xff, 
0xa4, 0x6e, 0x5c, 0xff, 0xa7, 0x6c, 0x5a, 0xff, 0xb1, 0x82, 0x6f, 0xff, 0x9e, 0x71, 0x61, 0xff, 
0x8e, 0x51, 0x44, 0xff, 0xb7, 0x78, 0x66, 0xff, 0xcc, 0x8f, 0x7a, 0xff, 0xd2, 0x97, 0x80, 0xff, 
0xd6, 0x9b, 0x7f, 0xff, 0xc9, 0x8c, 0x72, 0xff, 0xd1, 0x97, 0x7e, 0xff, 0xe0, 0xac, 0x8f, 0xff, 
0xca, 0x8d, 0x75, 0xff, 0xb7, 0x78, 0x66, 0xff, 0x9a, 0x5d, 0x4f, 0xff, 0x99, 0x5c, 0x4f, 0xff, 
0x92, 0x55, 0x46, 0xff, 0xa6, 0x66, 0x55, 0xff, 0xc0, 0x87, 0x72, 0xff, 0xb9, 0x83, 0x6e, 0xff, 
0xaa, 0x72, 0x62, 0xff, 0xb4, 0x7f, 0x6e, 0xff, 0xaf, 0x76, 0x68, 0xff, 0xa6, 0x6c, 0x5f, 0xff, 
0xa7, 0x6c, 0x5e, 0xff, 0xb4, 0x73, 0x62, 0xff, 0xb5, 0x75, 0x63, 0xff, 0xb4, 0x72, 0x5f, 0xff, 
0xa4, 0x6b, 0x5d, 0xff, 0x8e, 0x59, 0x4f, 0xff, 0x64, 0x34, 0x2e, 0xff, 0x64, 0x43, 0x3d, 0xff, 
0x8c, 0x5e, 0x53, 0xff, 0xa2, 0x69, 0x5b, 0xff, 0xd1, 0xaa, 0x98, 0xff, 0xd0, 0xad, 0x9b, 0xff, 
0xe1, 0xbc, 0xa7, 0xff, 0xc6, 0x98, 0x82, 0xff, 0xb5, 0x79, 0x66, 0xff, 0xb1, 0x6d, 0x5c, 0xff, 
0xa9, 0x78, 0x68, 0xff, 0xc0, 0x9b, 0x89, 0xff, 0xc7, 0x9f, 0x86, 0xff, 0xd6, 0xac, 0x90, 0xff, 
0xcc, 0x9c, 0x80, 0xff, 0xc0, 0x8c, 0x74, 0xff, 0xa7, 0x73, 0x63, 0xff, 0x74, 0x48, 0x42, 0xff, 
0x7e, 0x4b, 0x42, 0xff, 0xb9, 0x7b, 0x66, 0xff, 0xd5, 0xa1, 0x89, 0xff, 0xd1, 0xa6, 0x8e, 0xff, 
0xb7, 0x8e, 0x7b, 0xff, 0xb8, 0x91, 0x7e, 0xff, 0xbd, 0x99, 0x88, 0xff, 0xb5, 0x95, 0x8a, 0xff, 
0xdf, 0xbd, 0xa5, 0xff, 0xe8, 0xbe, 0xa3, 0xff, 0xb1, 0x84, 0x71, 0xff, 0xb7, 0x93, 0x83, 0xff, 
0xbc, 0x98, 0x8b, 0xff, 0xb8, 0x8e, 0x7f, 0xff, 0xb1, 0x89, 0x79, 0xff, 0xcc, 0xa8, 0x9a, 0xff, 
0xd4, 0xb4, 0xa4, 0xff, 0xbd, 0x9b, 0x8b, 0xff, 0xe2, 0xc7, 0xb3, 0xff, 0xf5, 0xd7, 0xbe, 0xff, 
0xf4, 0xd4, 0xbb, 0xff, 0xf8, 0xd7, 0xbd, 0xff, 0xe2, 0xc0, 0xa9, 0xff, 0xd3, 0xb1, 0x9b, 0xff, 
0xe5, 0xbf, 0xa4, 0xff, 0xd1, 0xa5, 0x8e, 0xff, 0xc8, 0x97, 0x84, 0xff, 0xab, 0x6e, 0x61, 0xff, 
0xc5, 0x8d, 0x7d, 0xff, 0xd1, 0x99, 0x85, 0xff, 0xbd, 0x78, 0x68, 0xff, 0xc0, 0x7d, 0x6b, 0xff, 
0xba, 0x6e, 0x5d, 0xff, 0xbc, 0x75, 0x66, 0xff, 0xc7, 0x90, 0x80, 0xff, 0xc0, 0x81, 0x70, 0xff, 
0xbc, 0x76, 0x64, 0xff, 0xbf, 0x7b, 0x69, 0xff, 0xba, 0x78, 0x67, 0xff, 0xb9, 0x72, 0x61, 0xff, 
0xac, 0x6c, 0x5d, 0xff, 0x95, 0x5e, 0x53, 0xff, 0xa0, 0x5e, 0x52, 0xff, 0xa6, 0x62, 0x55, 0xff, 
0xae, 0x6f, 0x61, 0xff, 0xbb, 0x7c, 0x6f, 0xff, 0xa1, 0x67, 0x61, 0xff, 0x8b, 0x55, 0x51, 0xff, 
0x8c, 0x57, 0x52, 0xff, 0x9d, 0x6a, 0x5f, 0xff, 0x9f, 0x6d, 0x62, 0xff, 0x9d, 0x69, 0x60, 0xff, 
0xae, 0x78, 0x70, 0xff, 0x86, 0x53, 0x4c, 0xff, 0x75, 0x48, 0x3c, 0xff, 0x7f, 0x49, 0x43, 0xff, 
0x8a, 0x55, 0x55, 0xff, 0x8b, 0x56, 0x52, 0xff, 0xb0, 0x78, 0x64, 0xff, 0xaf, 0x7c, 0x69, 0xff, 
0xa8, 0x72, 0x63, 0xff, 0xb5, 0x83, 0x71, 0xff, 0xc6, 0x97, 0x82, 0xff, 0xc6, 0x96, 0x80, 0xff, 
0xc4, 0x9e, 0x88, 0xff, 0xba, 0x96, 0x82, 0xff, 0xb3, 0x84, 0x6f, 0xff, 0xb0, 0x7e, 0x66, 0xff, 
0xbf, 0x8f, 0x78, 0xff, 0xc2, 0x8f, 0x7b, 0xff, 0xb8, 0x81, 0x71, 0xff, 0xb8, 0x82, 0x6f, 0xff, 
0xc9, 0x97, 0x85, 0xff, 0xd9, 0xaa, 0x9b, 0xff, 0xd4, 0xa5, 0x97, 0xff, 0xce, 0x9c, 0x8d, 0xff, 
0xc8, 0x92, 0x82, 0xff, 0xb9, 0x83, 0x73, 0xff, 0xc7, 0x92, 0x7d, 0xff, 0xe7, 0xba, 0xa5, 0xff, 
0xda, 0xb0, 0x9d, 0xff, 0xd1, 0xa1, 0x91, 0xff, 0xef, 0xc7, 0xba, 0xff, 0xd4, 0xa5, 0x9a, 0xff, 
0xd9, 0xad, 0x9f, 0xff, 0xd2, 0xaa, 0x9c, 0xff, 0xc1, 0x84, 0x77, 0xff, 0xd5, 0x9a, 0x8b, 0xff, 
0xc8, 0x96, 0x85, 0xff, 0xd2, 0xa5, 0x95, 0xff, 0xe8, 0xc9, 0xbe, 0xff, 0xe6, 0xc4, 0xba, 0xff, 
0xd0, 0x9e, 0x92, 0xff, 0xd2, 0xa3, 0x96, 0xff, 0xea, 0xca, 0xbd, 0xff, 0xda, 0xb4, 0xa4, 0xff, 
0xe0, 0xb1, 0xa1, 0xff, 0xe3, 0xbc, 0xaa, 0xff, 0xd0, 0xa3, 0x93, 0xff, 0xe9, 0xd0, 0xc4, 0xff, 
0xf2, 0xe1, 0xda, 0xff, 0xf9, 0xec, 0xe7, 0xff, 0xee, 0xd2, 0xc9, 0xff, 0xcd, 0x98, 0x88, 0xff, 
0xbe, 0x82, 0x71, 0xff, 0xc3, 0x83, 0x76, 0xff, 0xbe, 0x80, 0x73, 0xff, 0xd8, 0xa4, 0x96, 0xff, 
0xe3, 0xa5, 0x98, 0xff, 0xd2, 0x9d, 0x8f, 0xff, 0xe9, 0xb4, 0xa5, 0xff, 0xe2, 0xaa, 0x9b, 0xff, 
0xd4, 0xa0, 0x91, 0xff, 0xd6, 0x9a, 0x8a, 0xff, 0xdd, 0x9c, 0x8b, 0xff, 0xcf, 0x96, 0x83, 0xff, 
0xcc, 0x89, 0x7a, 0xff, 0xcb, 0x87, 0x78, 0xff, 0xb0, 0x7b, 0x6c, 0xff, 0xc0, 0x89, 0x7a, 0xff, 
0xe5, 0xa7, 0x98, 0xff, 0xf6, 0xbe, 0xaf, 0xff, 0xf3, 0xbe, 0xae, 0xff, 0xe4, 0xb1, 0xa2, 0xff, 
0xe7, 0xb4, 0xa3, 0xff, 0xf0, 0xbe, 0xad, 0xff, 0xd7, 0xa7, 0x97, 0xff, 0xe5, 0xbb, 0xaa, 0xff, 
0xe4, 0xae, 0x9d, 0xff, 0xce, 0x93, 0x83, 0xff, 0xd4, 0x96, 0x85, 0xff, 0xc1, 0x8a, 0x78, 0xff, 
0xc8, 0x93, 0x7f, 0xff, 0xff, 0xe2, 0xd5, 0xff, 0xfa, 0xf7, 0xf3, 0xff, 0xf6, 0xed, 0xe4, 0xff, 
0xe2, 0xc0, 0xb2, 0xff, 0xd0, 0x9d, 0x8b, 0xff, 0xdb, 0xb0, 0x9c, 0xff, 0xe1, 0xaf, 0x9e, 0xff, 
0xcb, 0x85, 0x73, 0xff, 0xc5, 0x82, 0x6f, 0xff, 0xda, 0x97, 0x85, 0xff, 0xd4, 0x91, 0x82, 0xff, 
0xcc, 0x8d, 0x7e, 0xff, 0xcf, 0x92, 0x7f, 0xff, 0xce, 0x95, 0x7f, 0xff, 0xc9, 0x88, 0x77, 0xff, 
0xc3, 0x83, 0x72, 0xff, 0xc4, 0x7e, 0x6c, 0xff, 0xd1, 0x8f, 0x7d, 0xff, 0xd9, 0x95, 0x84, 0xff, 
0xd5, 0x8f, 0x7e, 0xff, 0xc6, 0x84, 0x72, 0xff, 0xc1, 0x7d, 0x68, 0xff, 0xc7, 0x7f, 0x6c, 0xff, 
0xbe, 0x73, 0x64, 0xff, 0xaf, 0x6a, 0x57, 0xff, 0xb5, 0x7c, 0x69, 0xff, 0xc3, 0x83, 0x71, 0xff, 
0xc8, 0x83, 0x71, 0xff, 0xb5, 0x7d, 0x6a, 0xff, 0xa4, 0x6a, 0x58, 0xff, 0xb1, 0x74, 0x64, 0xff, 
0xb8, 0x79, 0x68, 0xff, 0xc8, 0x8e, 0x7a, 0xff, 0xbd, 0x87, 0x72, 0xff, 0xa7, 0x69, 0x55, 0xff, 
0xab, 0x68, 0x53, 0xff, 0xbb, 0x72, 0x62, 0xff, 0xc4, 0x7c, 0x6e, 0xff, 0xbe, 0x7d, 0x6c, 0xff, 
0xc0, 0x82, 0x70, 0xff, 0xb8, 0x73, 0x65, 0xff, 0xac, 0x6b, 0x5c, 0xff, 0xad, 0x69, 0x5b, 0xff, 
0xaf, 0x6a, 0x5c, 0xff, 0xb1, 0x70, 0x60, 0xff, 0xa6, 0x74, 0x65, 0xff, 0xb8, 0x82, 0x71, 0xff, 
0xd7, 0x9b, 0x86, 0xff, 0xc0, 0x8c, 0x79, 0xff, 0xb1, 0x79, 0x69, 0xff, 0xc9, 0x87, 0x78, 0xff, 
0xd2, 0x8d, 0x7d, 0xff, 0xc1, 0x80, 0x6f, 0xff, 0xc7, 0x8b, 0x78, 0xff, 0xc2, 0x83, 0x72, 0xff, 
0xae, 0x71, 0x62, 0xff, 0xaa, 0x6b, 0x5e, 0xff, 0x9c, 0x62, 0x57, 0xff, 0x94, 0x5a, 0x50, 0xff, 
0x9c, 0x5e, 0x51, 0xff, 0x9b, 0x5e, 0x53, 0xff, 0x9b, 0x61, 0x56, 0xff, 0xad, 0x74, 0x62, 0xff, 
0xa1, 0x65, 0x57, 0xff, 0x99, 0x5e, 0x53, 0xff, 0x94, 0x5c, 0x52, 0xff, 0x80, 0x49, 0x41, 0xff, 
0x96, 0x58, 0x4b, 0xff, 0x8e, 0x57, 0x4c, 0xff, 0x87, 0x51, 0x48, 0xff, 0x92, 0x5b, 0x51, 0xff, 
0x9c, 0x64, 0x57, 0xff, 0x87, 0x4e, 0x42, 0xff, 0x81, 0x4d, 0x43, 0xff, 0x83, 0x56, 0x4d, 0xff, 
0xa0, 0x70, 0x5f, 0xff, 0xd7, 0x97, 0x7c, 0xff, 0xa8, 0x6f, 0x5e, 0xff, 0x94, 0x67, 0x58, 0xff, 
0x9e, 0x64, 0x54, 0xff, 0xa9, 0x67, 0x57, 0xff, 0xab, 0x6a, 0x58, 0xff, 0xc8, 0x8d, 0x77, 0xff, 
0xc1, 0x87, 0x71, 0xff, 0xce, 0x91, 0x78, 0xff, 0xe1, 0xaa, 0x8f, 0xff, 0xe6, 0xb6, 0x9b, 0xff, 
0xba, 0x7f, 0x6a, 0xff, 0xb2, 0x70, 0x5c, 0xff, 0x9b, 0x5b, 0x4c, 0xff, 0xa0, 0x63, 0x55, 0xff, 
0xa7, 0x69, 0x58, 0xff, 0xa5, 0x67, 0x55, 0xff, 0xa5, 0x67, 0x55, 0xff, 0xab, 0x70, 0x5d, 0xff, 
0xb9, 0x80, 0x6b, 0xff, 0xbe, 0x84, 0x70, 0xff, 0xb2, 0x78, 0x68, 0xff, 0xa2, 0x62, 0x55, 0xff, 
0x98, 0x5d, 0x51, 0xff, 0x9e, 0x66, 0x57, 0xff, 0xa3, 0x61, 0x54, 0xff, 0x8c, 0x55, 0x4a, 0xff, 
0x95, 0x61, 0x55, 0xff, 0x85, 0x48, 0x3e, 0xff, 0x7c, 0x50, 0x49, 0xff, 0xad, 0x88, 0x79, 0xff, 
0xa8, 0x6b, 0x5f, 0xff, 0xb8, 0x7f, 0x70, 0xff, 0xdd, 0xb9, 0xa5, 0xff, 0xc3, 0x9b, 0x8a, 0xff, 
0xc9, 0x9f, 0x8f, 0xff, 0xcd, 0x9e, 0x8c, 0xff, 0xc2, 0x80, 0x6f, 0xff, 0xb7, 0x7d, 0x69, 0xff, 
0x9c, 0x6b, 0x5b, 0xff, 0xa2, 0x73, 0x67, 0xff, 0xbb, 0x8f, 0x7c, 0xff, 0xc4, 0x9e, 0x8a, 0xff, 
0xb5, 0x8d, 0x7a, 0xff, 0xc3, 0x98, 0x7c, 0xff, 0xb7, 0x8a, 0x71, 0xff, 0x96, 0x6d, 0x5c, 0xff, 
0x80, 0x53, 0x4b, 0xff, 0x94, 0x5f, 0x52, 0xff, 0xc5, 0x91, 0x79, 0xff, 0xe5, 0xbd, 0xa4, 0xff, 
0xbd, 0x93, 0x81, 0xff, 0xbf, 0x93, 0x7b, 0xff, 0xc9, 0x9d, 0x86, 0xff, 0xb6, 0x92, 0x83, 0xff, 
0xce, 0xaf, 0x9d, 0xff, 0xb8, 0x92, 0x82, 0xff, 0xb0, 0x87, 0x76, 0xff, 0xc3, 0x9c, 0x88, 0xff, 
0xa1, 0x7d, 0x6f, 0xff, 0xaa, 0x85, 0x79, 0xff, 0xd2, 0xaf, 0x9c, 0xff, 0x9f, 0x7b, 0x6e, 0xff, 
0xbe, 0x9c, 0x8b, 0xff, 0xd1, 0xb2, 0xa0, 0xff, 0xe8, 0xd0, 0xb9, 0xff, 0xe7, 0xc6, 0xac, 0xff, 
0xd9, 0xb2, 0x97, 0xff, 0xd8, 0xb0, 0x97, 0xff, 0xd7, 0xb5, 0x9f, 0xff, 0xbc, 0x91, 0x81, 0xff, 
0xc0, 0x91, 0x7f, 0xff, 0xd2, 0xa7, 0x8d, 0xff, 0xe0, 0xb8, 0x9e, 0xff, 0xd5, 0x9c, 0x86, 0xff, 
0xba, 0x76, 0x66, 0xff, 0xbf, 0x84, 0x73, 0xff, 0xdb, 0xa8, 0x93, 0xff, 0xd7, 0xa8, 0x91, 0xff, 
0xcf, 0x98, 0x85, 0xff, 0xd1, 0x9a, 0x87, 0xff, 0xd6, 0xa6, 0x90, 0xff, 0xd4, 0xab, 0x93, 0xff, 
0xcb, 0x95, 0x7f, 0xff, 0xcd, 0x86, 0x71, 0xff, 0xc4, 0x80, 0x6d, 0xff, 0xb3, 0x6d, 0x5f, 0xff, 
0xaa, 0x5f, 0x53, 0xff, 0xab, 0x64, 0x57, 0xff, 0xbf, 0x81, 0x70, 0xff, 0xcf, 0x9a, 0x84, 0xff, 
0xc8, 0x89, 0x75, 0xff, 0xb1, 0x6a, 0x60, 0xff, 0xae, 0x70, 0x68, 0xff, 0xa7, 0x69, 0x62, 0xff, 
0x93, 0x5d, 0x56, 0xff, 0x8a, 0x58, 0x52, 0xff, 0x9b, 0x68, 0x62, 0xff, 0xa6, 0x71, 0x6b, 0xff, 
0x9f, 0x69, 0x5e, 0xff, 0x6f, 0x3e, 0x37, 0xff, 0x8f, 0x56, 0x4d, 0xff, 0xaa, 0x6b, 0x63, 0xff, 
0xb1, 0x76, 0x6a, 0xff, 0xc4, 0x8d, 0x79, 0xff, 0xb5, 0x82, 0x6b, 0xff, 0xa5, 0x6f, 0x5e, 0xff, 
0xb9, 0x84, 0x73, 0xff, 0xc2, 0x92, 0x7c, 0xff, 0xbf, 0x8d, 0x76, 0xff, 0xc4, 0x93, 0x80, 0xff, 
0xc0, 0x95, 0x7e, 0xff, 0xac, 0x7b, 0x67, 0xff, 0xa9, 0x78, 0x65, 0xff, 0xb4, 0x85, 0x6f, 0xff, 
0xc7, 0x94, 0x7f, 0xff, 0xc7, 0x92, 0x80, 0xff, 0xb9, 0x87, 0x77, 0xff, 0xbe, 0x8a, 0x7b, 0xff, 
0xcc, 0x9a, 0x8b, 0xff, 0xce, 0x9b, 0x89, 0xff, 0xd0, 0x9f, 0x90, 0xff, 0xc6, 0x95, 0x87, 0xff, 
0xb8, 0x82, 0x70, 0xff, 0xbf, 0x88, 0x75, 0xff, 0xd5, 0xa2, 0x8f, 0xff, 0xd4, 0xa2, 0x90, 0xff, 
0xe0, 0xbc, 0xaa, 0xff, 0xe4, 0xc0, 0xb0, 0xff, 0xd8, 0xae, 0x9f, 0xff, 0xcf, 0xa2, 0x91, 0xff, 
0xc3, 0x90, 0x81, 0xff, 0xd5, 0xa6, 0x97, 0xff, 0xd9, 0xa0, 0x96, 0xff, 0xc1, 0x83, 0x76, 0xff, 
0xbf, 0x7c, 0x69, 0xff, 0xe2, 0xb5, 0xa7, 0xff, 0xda, 0xb0, 0xa5, 0xff, 0xd6, 0xa9, 0x9b, 0xff, 
0xe1, 0xc7, 0xbc, 0xff, 0xd5, 0xb5, 0xaa, 0xff, 0xe7, 0xc4, 0xb8, 0xff, 0xed, 0xcd, 0xbe, 0xff, 
0xe0, 0xbc, 0xa9, 0xff, 0xd6, 0xab, 0x9b, 0xff, 0xcb, 0xa6, 0x94, 0xff, 0xd4, 0xac, 0x98, 0xff, 
0xd9, 0xb0, 0x9c, 0xff, 0xd8, 0xaf, 0x9d, 0xff, 0xd4, 0xa8, 0x99, 0xff, 0xd3, 0xaa, 0x99, 0xff, 
0xcb, 0x97, 0x88, 0xff, 0xc0, 0x82, 0x75, 0xff, 0xd1, 0x9f, 0x91, 0xff, 0xeb, 0xcd, 0xbe, 0xff, 
0xe1, 0xbf, 0xae, 0xff, 0xd1, 0x99, 0x89, 0xff, 0xd0, 0x8d, 0x80, 0xff, 0xde, 0xb0, 0xa1, 0xff, 
0xd6, 0xa9, 0x96, 0xff, 0xde, 0x9e, 0x8e, 0xff, 0xd0, 0x93, 0x84, 0xff, 0xd1, 0x92, 0x85, 0xff, 
0xe7, 0xa2, 0x94, 0xff, 0xd0, 0x94, 0x85, 0xff, 0xbb, 0x87, 0x78, 0xff, 0xb6, 0x88, 0x78, 0xff, 
0xc7, 0x99, 0x8c, 0xff, 0xd3, 0x9b, 0x8c, 0xff, 0xce, 0xa0, 0x8f, 0xff, 0xdc, 0xae, 0x9c, 0xff, 
0xe3, 0xad, 0x9c, 0xff, 0xdf, 0xa8, 0x98, 0xff, 0xe5, 0xb0, 0xa1, 0xff, 0xe6, 0xb6, 0xa4, 0xff, 
0xd5, 0xa4, 0x93, 0xff, 0xe2, 0xb3, 0xa5, 0xff, 0xe9, 0xbc, 0xad, 0xff, 0xd6, 0xb3, 0xa3, 0xff, 
0xee, 0xdf, 0xd4, 0xff, 0xfb, 0xf3, 0xed, 0xff, 0xed, 0xcb, 0xbd, 0xff, 0xe1, 0xb0, 0x9b, 0xff, 
0xc4, 0x89, 0x75, 0xff, 0xc6, 0x85, 0x72, 0xff, 0xdf, 0xa3, 0x8e, 0xff, 0xc6, 0x82, 0x6f, 0xff, 
0xb7, 0x75, 0x65, 0xff, 0xd9, 0x94, 0x83, 0xff, 0xf5, 0xb1, 0xa5, 0xff, 0xd7, 0x98, 0x88, 0xff, 
0xcb, 0x82, 0x6f, 0xff, 0xd0, 0x96, 0x83, 0xff, 0x99, 0x88, 0x7d, 0xff, 0xa4, 0x7f, 0x76, 0xff, 
0xcd, 0x8a, 0x77, 0xff, 0xca, 0x86, 0x73, 0xff, 0xd5, 0x98, 0x85, 0xff, 0xcd, 0x8c, 0x7a, 0xff, 
0xc7, 0x84, 0x73, 0xff, 0xc0, 0x7e, 0x6c, 0xff, 0xc0, 0x7e, 0x6a, 0xff, 0xd9, 0x95, 0x83, 0xff, 
0xd3, 0x8e, 0x7e, 0xff, 0xc3, 0x79, 0x6a, 0xff, 0xc9, 0x85, 0x76, 0xff, 0xc8, 0x88, 0x76, 0xff, 
0xbe, 0x81, 0x6c, 0xff, 0xba, 0x7e, 0x6b, 0xff, 0xc5, 0x81, 0x70, 0xff, 0xc4, 0x83, 0x72, 0xff, 
0xb9, 0x7a, 0x69, 0xff, 0xb8, 0x85, 0x72, 0xff, 0xb6, 0x80, 0x6c, 0xff, 0xbc, 0x7b, 0x66, 0xff, 
0xb9, 0x7b, 0x67, 0xff, 0xbc, 0x77, 0x68, 0xff, 0xc3, 0x7e, 0x6c, 0xff, 0xbe, 0x77, 0x67, 0xff, 
0xb5, 0x77, 0x66, 0xff, 0xb2, 0x7f, 0x6b, 0xff, 0xb6, 0x72, 0x63, 0xff, 0xb7, 0x71, 0x61, 0xff, 
0xb7, 0x6f, 0x60, 0xff, 0xa9, 0x66, 0x59, 0xff, 0xaf, 0x7a, 0x6b, 0xff, 0xc7, 0x8e, 0x7c, 0xff, 
0xbc, 0x81, 0x6c, 0xff, 0xaa, 0x6e, 0x5d, 0xff, 0xb3, 0x77, 0x6b, 0xff, 0xd1, 0x8d, 0x7c, 0xff, 
0xcd, 0x8c, 0x7c, 0xff, 0xbc, 0x80, 0x70, 0xff, 0xc7, 0x86, 0x76, 0xff, 0xcd, 0x8a, 0x79, 0xff, 
0xb0, 0x72, 0x64, 0xff, 0xa0, 0x68, 0x5d, 0xff, 0x98, 0x5e, 0x52, 0xff, 0xab, 0x65, 0x59, 0xff, 
0xaa, 0x66, 0x5a, 0xff, 0x9f, 0x65, 0x58, 0xff, 0xa0, 0x66, 0x58, 0xff, 0xae, 0x6f, 0x5f, 0xff, 
0xa5, 0x6a, 0x5c, 0xff, 0x95, 0x5d, 0x51, 0xff, 0x80, 0x4b, 0x42, 0xff, 0x82, 0x4c, 0x46, 0xff, 
0xa2, 0x62, 0x54, 0xff, 0xa0, 0x5e, 0x52, 0xff, 0x92, 0x56, 0x4c, 0xff, 0x90, 0x55, 0x4a, 0xff, 
0x93, 0x59, 0x4d, 0xff, 0x9c, 0x59, 0x4a, 0xff, 0xa2, 0x60, 0x51, 0xff, 0x96, 0x5d, 0x51, 0xff, 
0xaf, 0x80, 0x6d, 0xff, 0xc3, 0x8f, 0x78, 0xff, 0x98, 0x61, 0x53, 0xff, 0xa7, 0x6a, 0x5a, 0xff, 
0xb3, 0x74, 0x63, 0xff, 0x9e, 0x67, 0x58, 0xff, 0xa2, 0x65, 0x55, 0xff, 0xa0, 0x5e, 0x4f, 0xff, 
0xa5, 0x66, 0x56, 0xff, 0xb2, 0x76, 0x66, 0xff, 0xb5, 0x7b, 0x68, 0xff, 0xc5, 0x88, 0x73, 0xff, 
0xb4, 0x78, 0x65, 0xff, 0xd6, 0x9e, 0x83, 0xff, 0xcb, 0x93, 0x7a, 0xff, 0x88, 0x49, 0x3c, 0xff, 
0xa3, 0x61, 0x51, 0xff, 0xa9, 0x68, 0x58, 0xff, 0xa1, 0x64, 0x54, 0xff, 0x9d, 0x5f, 0x50, 0xff, 
0x98, 0x5a, 0x4c, 0xff, 0x99, 0x5e, 0x4d, 0xff, 0xa9, 0x71, 0x5e, 0xff, 0xa6, 0x6d, 0x5e, 0xff, 
0xab, 0x6e, 0x5e, 0xff, 0xb6, 0x7b, 0x68, 0xff, 0xa5, 0x6b, 0x5d, 0xff, 0x94, 0x5d, 0x53, 0xff, 
0xa2, 0x5f, 0x52, 0xff, 0x7e, 0x44, 0x3d, 0xff, 0xb8, 0x8e, 0x7f, 0xff, 0xd7, 0xa4, 0x90, 0xff, 
0xb0, 0x73, 0x66, 0xff, 0xca, 0xa0, 0x8f, 0xff, 0xc6, 0xa3, 0x91, 0xff, 0xcc, 0x9d, 0x8c, 0xff, 
0xc7, 0x8f, 0x80, 0xff, 0xbe, 0x7f, 0x6f, 0xff, 0xbb, 0x7e, 0x6e, 0xff, 0xb7, 0x8a, 0x78, 0xff, 
0xa4, 0x80, 0x71, 0xff, 0xb8, 0x8c, 0x7c, 0xff, 0xcb, 0x9e, 0x89, 0xff, 0xb9, 0x92, 0x7e, 0xff, 
0xca, 0xa6, 0x93, 0xff, 0xcc, 0xa2, 0x8a, 0xff, 0xbf, 0x91, 0x76, 0xff, 0xc2, 0x98, 0x7d, 0xff, 
0xba, 0x8d, 0x78, 0xff, 0x97, 0x6b, 0x5c, 0xff, 0xb0, 0x7f, 0x68, 0xff, 0xd3, 0xa1, 0x86, 0xff, 
0xce, 0xac, 0x98, 0xff, 0xa6, 0x7f, 0x71, 0xff, 0xa1, 0x73, 0x62, 0xff, 0xbd, 0x91, 0x7c, 0xff, 
0xbc, 0x95, 0x83, 0xff, 0x9e, 0x77, 0x68, 0xff, 0xc1, 0xa1, 0x8f, 0xff, 0xce, 0xac, 0x98, 0xff, 
0x86, 0x5e, 0x50, 0xff, 0xa5, 0x80, 0x72, 0xff, 0xec, 0xca, 0xb6, 0xff, 0xc3, 0xa2, 0x92, 0xff, 
0x9e, 0x7c, 0x6f, 0xff, 0xd5, 0xba, 0xa8, 0xff, 0xe4, 0xc9, 0xb9, 0xff, 0xdb, 0xbd, 0xab, 0xff, 
0xd6, 0xb3, 0x9e, 0xff, 0xc2, 0x97, 0x84, 0xff, 0x99, 0x6a, 0x5f, 0xff, 0x9d, 0x67, 0x5f, 0xff, 
0xc5, 0x94, 0x80, 0xff, 0xd3, 0xa5, 0x8d, 0xff, 0xcb, 0x9b, 0x83, 0xff, 0xc5, 0x8e, 0x79, 0xff, 
0xc3, 0x83, 0x6d, 0xff, 0xcf, 0x93, 0x79, 0xff, 0xc8, 0x97, 0x82, 0xff, 0xcd, 0x9b, 0x89, 0xff, 
0xe2, 0xb8, 0xa0, 0xff, 0xcb, 0x94, 0x81, 0xff, 0xca, 0x8c, 0x7a, 0xff, 0xdf, 0xb2, 0x9a, 0xff, 
0xd4, 0xa0, 0x8c, 0xff, 0xcd, 0x96, 0x82, 0xff, 0xc2, 0x8c, 0x77, 0xff, 0xa5, 0x66, 0x55, 0xff, 
0xa7, 0x66, 0x57, 0xff, 0xc2, 0x86, 0x73, 0xff, 0xd2, 0x97, 0x80, 0xff, 0xd8, 0x9d, 0x87, 0xff, 
0xc7, 0x81, 0x71, 0xff, 0xac, 0x64, 0x5c, 0xff, 0xb6, 0x79, 0x6b, 0xff, 0xab, 0x74, 0x6a, 0xff, 
0xac, 0x74, 0x6e, 0xff, 0xb7, 0x7a, 0x71, 0xff, 0xa6, 0x6d, 0x66, 0xff, 0xb3, 0x7b, 0x70, 0xff, 
0x88, 0x50, 0x48, 0xff, 0xaf, 0x6c, 0x62, 0xff, 0xae, 0x6e, 0x63, 0xff, 0xaf, 0x70, 0x60, 0xff, 
0xb4, 0x70, 0x61, 0xff, 0xc1, 0x8d, 0x74, 0xff, 0xc0, 0x91, 0x76, 0xff, 0xc0, 0x90, 0x7a, 0xff, 
0xc6, 0x96, 0x7f, 0xff, 0xbb, 0x89, 0x74, 0xff, 0xb2, 0x81, 0x6d, 0xff, 0xa0, 0x72, 0x5e, 0xff, 
0x98, 0x69, 0x59, 0xff, 0x8b, 0x59, 0x4c, 0xff, 0xab, 0x7b, 0x68, 0xff, 0xa6, 0x75, 0x64, 0xff, 
0xa9, 0x74, 0x62, 0xff, 0xb2, 0x7c, 0x6a, 0xff, 0xac, 0x7a, 0x6b, 0xff, 0xbf, 0x8e, 0x7e, 0xff, 
0xc5, 0x92, 0x81, 0xff, 0xc9, 0x96, 0x87, 0xff, 0xc5, 0x92, 0x83, 0xff, 0xc0, 0x8c, 0x7a, 0xff, 
0xc0, 0x8d, 0x78, 0xff, 0xc4, 0x97, 0x84, 0xff, 0xcd, 0x9a, 0x86, 0xff, 0xd2, 0xa0, 0x8f, 0xff, 
0xe7, 0xc6, 0xb5, 0xff, 0xec, 0xd2, 0xc3, 0xff, 0xcd, 0xa5, 0x95, 0xff, 0xbc, 0x87, 0x75, 0xff, 
0xc8, 0x92, 0x81, 0xff, 0xd4, 0x9b, 0x90, 0xff, 0xc9, 0x94, 0x87, 0xff, 0xc5, 0x8b, 0x7a, 0xff, 
0xd2, 0x8e, 0x7e, 0xff, 0xd3, 0xa0, 0x91, 0xff, 0xdf, 0xbd, 0xaf, 0xff, 0xd8, 0xb1, 0xa4, 0xff, 
0xdc, 0xb8, 0xa9, 0xff, 0xcd, 0xa6, 0x97, 0xff, 0xd7, 0xb8, 0xa9, 0xff, 0xe7, 0xc8, 0xb7, 0xff, 
0xd8, 0xb0, 0x9f, 0xff, 0xd4, 0x9e, 0x91, 0xff, 0xd1, 0xa6, 0x96, 0xff, 0xc8, 0xa5, 0x93, 0xff, 
0xd9, 0xb3, 0xa1, 0xff, 0xcc, 0x95, 0x87, 0xff, 0xcb, 0x97, 0x89, 0xff, 0xd5, 0xab, 0x9b, 0xff, 
0xd3, 0xa6, 0x95, 0xff, 0xdd, 0xb3, 0xa3, 0xff, 0xe7, 0xbf, 0xad, 0xff, 0xe9, 0xc5, 0xb2, 0xff, 
0xe0, 0xbd, 0xaa, 0xff, 0xd9, 0xb6, 0xa3, 0xff, 0xd5, 0xae, 0x9c, 0xff, 0xd2, 0xa0, 0x91, 0xff, 
0xd3, 0x97, 0x84, 0xff, 0xd3, 0x98, 0x89, 0xff, 0xcb, 0x8b, 0x7f, 0xff, 0xda, 0x9b, 0x8e, 0xff, 
0xde, 0xb0, 0xa2, 0xff, 0xcb, 0x9d, 0x8e, 0xff, 0xc8, 0x8d, 0x7f, 0xff, 0xd1, 0x97, 0x89, 0xff, 
0xcb, 0x9f, 0x92, 0xff, 0xac, 0x80, 0x70, 0xff, 0xaa, 0x78, 0x69, 0xff, 0xb9, 0x83, 0x74, 0xff, 
0xc7, 0x8b, 0x7d, 0xff, 0xe2, 0xb1, 0xa1, 0xff, 0xf4, 0xcf, 0xbb, 0xff, 0xe0, 0xa6, 0x94, 0xff, 
0xe0, 0xa9, 0x98, 0xff, 0xf5, 0xd0, 0xc1, 0xff, 0xe5, 0xc7, 0xb7, 0xff, 0xdb, 0xb7, 0xa9, 0xff, 
0xe8, 0xcc, 0xc2, 0xff, 0xed, 0xbe, 0xab, 0xff, 0xee, 0xb1, 0x9a, 0xff, 0xd4, 0x99, 0x87, 0xff, 
0xd6, 0xb4, 0xa6, 0xff, 0xea, 0xc9, 0xba, 0xff, 0xd1, 0x92, 0x7f, 0xff, 0xc2, 0x85, 0x6f, 0xff, 
0xcc, 0x89, 0x79, 0xff, 0xe4, 0x9f, 0x93, 0xff, 0xde, 0x99, 0x8f, 0xff, 0xd0, 0x93, 0x83, 0xff, 
0xd1, 0x96, 0x7e, 0xff, 0xcf, 0x8f, 0x7b, 0xff, 0xbf, 0x90, 0x84, 0xff, 0xb4, 0x82, 0x76, 0xff, 
0xc3, 0x7e, 0x6e, 0xff, 0xca, 0x8c, 0x7a, 0xff, 0xcb, 0x8b, 0x79, 0xff, 0xc6, 0x83, 0x72, 0xff, 
0xbe, 0x7d, 0x6b, 0xff, 0xbe, 0x7d, 0x6b, 0xff, 0xc3, 0x81, 0x71, 0xff, 0xd5, 0x94, 0x85, 0xff, 
0xda, 0x99, 0x88, 0xff, 0xd8, 0x97, 0x87, 0xff, 0xd6, 0x8e, 0x7f, 0xff, 0xc0, 0x80, 0x6c, 0xff, 
0xbe, 0x84, 0x6e, 0xff, 0xd3, 0x8c, 0x7c, 0xff, 0xd6, 0x91, 0x82, 0xff, 0xc9, 0x88, 0x77, 0xff, 
0xca, 0x8c, 0x7b, 0xff, 0xc5, 0x86, 0x76, 0xff, 0xc9, 0x87, 0x77, 0xff, 0xd0, 0x8b, 0x7a, 0xff, 
0xc3, 0x86, 0x72, 0xff, 0xba, 0x74, 0x62, 0xff, 0xb1, 0x6d, 0x5c, 0xff, 0xb5, 0x70, 0x60, 0xff, 
0xbb, 0x75, 0x65, 0xff, 0xc9, 0x94, 0x7e, 0xff, 0xce, 0x97, 0x83, 0xff, 0xb9, 0x76, 0x66, 0xff, 
0xb4, 0x71, 0x61, 0xff, 0xa6, 0x67, 0x59, 0xff, 0xbb, 0x78, 0x69, 0xff, 0xc1, 0x86, 0x75, 0xff, 
0xbf, 0x98, 0x89, 0xff, 0xaf, 0x7e, 0x70, 0xff, 0xcf, 0x8a, 0x7a, 0xff, 0xc9, 0x85, 0x75, 0xff, 
0xbd, 0x81, 0x72, 0xff, 0xc6, 0x88, 0x7a, 0xff, 0xd0, 0x8c, 0x7b, 0xff, 0xca, 0x86, 0x77, 0xff, 
0xb6, 0x79, 0x6b, 0xff, 0x9e, 0x65, 0x5a, 0xff, 0xaa, 0x6a, 0x5d, 0xff, 0xaa, 0x6b, 0x5e, 0xff, 
0xa0, 0x63, 0x58, 0xff, 0xaa, 0x6b, 0x5e, 0xff, 0xb2, 0x6f, 0x61, 0xff, 0xa8, 0x67, 0x5a, 0xff, 
0x8a, 0x54, 0x4c, 0xff, 0x87, 0x53, 0x4b, 0xff, 0xa5, 0x6a, 0x5c, 0xff, 0x9f, 0x66, 0x57, 0xff, 
0x86, 0x51, 0x49, 0xff, 0x9a, 0x60, 0x54, 0xff, 0xa9, 0x68, 0x57, 0xff, 0x94, 0x57, 0x4b, 0xff, 
0x92, 0x5b, 0x4e, 0xff, 0xbd, 0x81, 0x6c, 0xff, 0xa6, 0x64, 0x53, 0xff, 0xae, 0x71, 0x5f, 0xff, 
0xa1, 0x72, 0x61, 0xff, 0x9a, 0x6d, 0x5e, 0xff, 0xdc, 0xa0, 0x83, 0xff, 0xb8, 0x77, 0x64, 0xff, 
0x80, 0x50, 0x47, 0xff, 0x88, 0x5c, 0x4f, 0xff, 0x91, 0x62, 0x53, 0xff, 0x8b, 0x55, 0x48, 0xff, 
0xaa, 0x6b, 0x5a, 0xff, 0xb5, 0x76, 0x65, 0xff, 0xae, 0x70, 0x61, 0xff, 0xab, 0x6a, 0x5a, 0xff, 
0xa3, 0x62, 0x54, 0xff, 0xb5, 0x7a, 0x67, 0xff, 0xd4, 0x99, 0x7f, 0xff, 0xa1, 0x61, 0x50, 0xff, 
0x7d, 0x47, 0x3d, 0xff, 0x95, 0x5c, 0x4e, 0xff, 0xa3, 0x64, 0x54, 0xff, 0x97, 0x57, 0x49, 0xff, 
0xa5, 0x6b, 0x5d, 0xff, 0xa3, 0x6c, 0x5d, 0xff, 0x97, 0x5a, 0x4b, 0xff, 0xad, 0x77, 0x65, 0xff, 
0xbe, 0x87, 0x73, 0xff, 0xd4, 0x97, 0x81, 0xff, 0xaf, 0x76, 0x68, 0xff, 0x93, 0x5c, 0x52, 0xff, 
0x97, 0x5c, 0x53, 0xff, 0x94, 0x60, 0x57, 0xff, 0xbe, 0x8a, 0x7a, 0xff, 0xbf, 0x7c, 0x6c, 0xff, 
0xb9, 0x85, 0x74, 0xff, 0xca, 0x9a, 0x89, 0xff, 0xc8, 0x97, 0x86, 0xff, 0xcf, 0x9c, 0x8c, 0xff, 
0xcd, 0x98, 0x87, 0xff, 0xbd, 0x85, 0x74, 0xff, 0xbe, 0x7f, 0x71, 0xff, 0xbc, 0x8e, 0x7f, 0xff, 
0xc3, 0xa1, 0x90, 0xff, 0xc6, 0xa3, 0x90, 0xff, 0xc6, 0xa3, 0x92, 0xff, 0xcc, 0xa6, 0x91, 0xff, 
0xd0, 0xad, 0x9b, 0xff, 0xc1, 0x9d, 0x8c, 0xff, 0xb6, 0x8c, 0x76, 0xff, 0xce, 0xa5, 0x8d, 0xff, 
0xd0, 0xa5, 0x8c, 0xff, 0xb7, 0x8c, 0x76, 0xff, 0x8c, 0x64, 0x55, 0xff, 0x81, 0x56, 0x47, 0xff, 
0xc0, 0x99, 0x84, 0xff, 0xd1, 0xb0, 0x9f, 0xff, 0xad, 0x87, 0x7a, 0xff, 0x9c, 0x6f, 0x5f, 0xff, 
0xc8, 0xa0, 0x8a, 0xff, 0xb5, 0x8e, 0x7f, 0xff, 0xa1, 0x7c, 0x71, 0xff, 0xe4, 0xc9, 0xbb, 0xff, 
0x97, 0x72, 0x66, 0xff, 0x8e, 0x67, 0x58, 0xff, 0xe3, 0xc3, 0xae, 0xff, 0xf0, 0xcf, 0xb6, 0xff, 
0x9d, 0x76, 0x68, 0xff, 0xa2, 0x79, 0x6c, 0xff, 0xde, 0xbd, 0xac, 0xff, 0xe5, 0xcc, 0xbb, 0xff, 
0xd6, 0xb7, 0xa5, 0xff, 0xb3, 0x89, 0x7b, 0xff, 0x9d, 0x6c, 0x61, 0xff, 0xbf, 0x97, 0x85, 0xff, 
0xdf, 0xb7, 0x9e, 0xff, 0xda, 0xa8, 0x8e, 0xff, 0xce, 0x9a, 0x81, 0xff, 0xc8, 0x8d, 0x79, 0xff, 
0xd2, 0x98, 0x7b, 0xff, 0xc5, 0x84, 0x6a, 0xff, 0xc9, 0x82, 0x74, 0xff, 0xcd, 0x8a, 0x7c, 0xff, 
0xbc, 0x7d, 0x6b, 0xff, 0xbd, 0x7d, 0x6b, 0xff, 0xca, 0x82, 0x73, 0xff, 0xcd, 0x87, 0x78, 0xff, 
0xe0, 0xb2, 0x9b, 0xff, 0xe2, 0xb2, 0x9c, 0xff, 0xd6, 0xa8, 0x92, 0xff, 0xc8, 0x8a, 0x7b, 0xff, 
0xc6, 0x88, 0x75, 0xff, 0xcd, 0x92, 0x7c, 0xff, 0xbc, 0x77, 0x68, 0xff, 0xbc, 0x73, 0x66, 0xff, 
0xb9, 0x71, 0x65, 0xff, 0xc5, 0x81, 0x75, 0xff, 0xb5, 0x73, 0x67, 0xff, 0xa3, 0x67, 0x5e, 0xff, 
0xb7, 0x7c, 0x73, 0xff, 0xcc, 0x8e, 0x80, 0xff, 0xaa, 0x6c, 0x64, 0xff, 0x94, 0x5a, 0x55, 0xff, 
0x99, 0x58, 0x4f, 0xff, 0xac, 0x69, 0x5f, 0xff, 0x99, 0x5c, 0x51, 0xff, 0xbb, 0x7a, 0x66, 0xff, 
0xb2, 0x70, 0x60, 0xff, 0xb1, 0x7d, 0x68, 0xff, 0xd0, 0x97, 0x86, 0xff, 0xd2, 0x9c, 0x85, 0xff, 
0xac, 0x7f, 0x66, 0xff, 0xa8, 0x79, 0x65, 0xff, 0xa7, 0x77, 0x66, 0xff, 0xa9, 0x78, 0x67, 0xff, 
0x9e, 0x6e, 0x64, 0xff, 0x96, 0x63, 0x57, 0xff, 0xaf, 0x7e, 0x69, 0xff, 0xa9, 0x78, 0x66, 0xff, 
0xa9, 0x75, 0x63, 0xff, 0x9e, 0x69, 0x58, 0xff, 0xa6, 0x71, 0x61, 0xff, 0xbd, 0x87, 0x77, 0xff, 
0xc2, 0x8d, 0x7e, 0xff, 0xb9, 0x85, 0x78, 0xff, 0xbb, 0x83, 0x75, 0xff, 0xb6, 0x80, 0x6c, 0xff, 
0xba, 0x8a, 0x76, 0xff, 0xcb, 0xa5, 0x92, 0xff, 0xe6, 0xc7, 0xb7, 0xff, 0xeb, 0xd2, 0xc3, 0xff, 
0xf3, 0xdf, 0xd2, 0xff, 0xf9, 0xe9, 0xdd, 0xff, 0xd8, 0xb5, 0xa6, 0xff, 0xb2, 0x74, 0x66, 0xff, 
0xcf, 0x8f, 0x83, 0xff, 0xcc, 0x91, 0x85, 0xff, 0xc1, 0x85, 0x71, 0xff, 0xcd, 0x96, 0x85, 0xff, 
0xe8, 0xc4, 0xb6, 0xff, 0xd0, 0x9e, 0x8d, 0xff, 0xd4, 0xaf, 0xa0, 0xff, 0xdf, 0xca, 0xbe, 0xff, 
0xcd, 0xad, 0x9f, 0xff, 0xcc, 0xaa, 0x9c, 0xff, 0xd5, 0xb5, 0xa8, 0xff, 0xd8, 0xb3, 0xa5, 0xff, 
0xd0, 0xa0, 0x91, 0xff, 0xd4, 0xab, 0x9c, 0xff, 0xcb, 0xa3, 0x92, 0xff, 0xbf, 0x89, 0x7d, 0xff, 
0xc5, 0x8d, 0x80, 0xff, 0xca, 0x94, 0x87, 0xff, 0xc9, 0x9a, 0x8b, 0xff, 0xc8, 0x9e, 0x8f, 0xff, 
0xdb, 0xaf, 0x9e, 0xff, 0xf5, 0xce, 0xba, 0xff, 0xe6, 0xb7, 0xa4, 0xff, 0xdf, 0xb2, 0x9c, 0xff, 
0xe5, 0xc0, 0xaa, 0xff, 0xdf, 0xbc, 0xa9, 0xff, 0xe9, 0xc7, 0xb4, 0xff, 0xe5, 0xbc, 0xaa, 0xff, 
0xd7, 0xaf, 0x9f, 0xff, 0xcb, 0xa2, 0x91, 0xff, 0xd2, 0x9a, 0x8b, 0xff, 0xdc, 0x9f, 0x8f, 0xff, 
0xd2, 0xa6, 0x97, 0xff, 0xd1, 0xa4, 0x95, 0xff, 0xce, 0x98, 0x8a, 0xff, 0xd6, 0x97, 0x8b, 0xff, 
0xd9, 0x98, 0x8b, 0xff, 0xc9, 0x94, 0x84, 0xff, 0xa9, 0x7c, 0x6d, 0xff, 0xae, 0x7e, 0x6f, 0xff, 
0xce, 0x9a, 0x8a, 0xff, 0xe0, 0xaf, 0x9f, 0xff, 0xeb, 0xba, 0xa8, 0xff, 0xe9, 0xad, 0x9b, 0xff, 
0xe6, 0xac, 0x9a, 0xff, 0xe3, 0xaf, 0x9a, 0xff, 0xd0, 0x9e, 0x8a, 0xff, 0xd9, 0xa2, 0x91, 0xff, 
0xe3, 0xa2, 0x8e, 0xff, 0xf2, 0xbb, 0xa6, 0xff, 0xe8, 0xb7, 0xa2, 0xff, 0xbe, 0x88, 0x76, 0xff, 
0xde, 0xbf, 0xb3, 0xff, 0xda, 0xb4, 0xa3, 0xff, 0xbd, 0x7d, 0x64, 0xff, 0xcd, 0x8e, 0x79, 0xff, 
0xd4, 0x91, 0x7f, 0xff, 0xcf, 0x8b, 0x7f, 0xff, 0xc4, 0x85, 0x77, 0xff, 0xd2, 0x93, 0x82, 0xff, 
0xcc, 0x95, 0x81, 0xff, 0xd9, 0x98, 0x87, 0xff, 0xef, 0xa6, 0x96, 0xff, 0xd5, 0x8f, 0x7e, 0xff, 
0xcb, 0x8b, 0x7a, 0xff, 0xd5, 0x94, 0x84, 0xff, 0xca, 0x86, 0x76, 0xff, 0xc3, 0x80, 0x6f, 0xff, 
0xbe, 0x7c, 0x6b, 0xff, 0xd4, 0x91, 0x82, 0xff, 0xea, 0xa8, 0x99, 0xff, 0xe1, 0xa0, 0x90, 0xff, 
0xb9, 0x76, 0x63, 0xff, 0xba, 0x78, 0x67, 0xff, 0xc0, 0x7a, 0x68, 0xff, 0xc8, 0x85, 0x75, 0xff, 
0xdf, 0x9e, 0x90, 0xff, 0xd9, 0x98, 0x87, 0xff, 0xc7, 0x89, 0x76, 0xff, 0xc8, 0x88, 0x77, 0xff, 
0xc6, 0x8c, 0x7c, 0xff, 0xcd, 0x93, 0x82, 0xff, 0xdd, 0x99, 0x89, 0xff, 0xe4, 0x9f, 0x8f, 0xff, 
0xdd, 0x9b, 0x89, 0xff, 0xcd, 0x8b, 0x79, 0xff, 0xc5, 0x7d, 0x6b, 0xff, 0xcb, 0x85, 0x72, 0xff, 
0xb7, 0x70, 0x61, 0xff, 0xbc, 0x84, 0x70, 0xff, 0xc2, 0x96, 0x80, 0xff, 0xb6, 0x70, 0x61, 0xff, 
0xad, 0x6c, 0x5c, 0xff, 0xb9, 0x77, 0x65, 0xff, 0xbc, 0x76, 0x66, 0xff, 0xa9, 0x6e, 0x5f, 0xff, 
0xda, 0xb8, 0xa6, 0xff, 0xd0, 0x9f, 0x8f, 0xff, 0xba, 0x73, 0x64, 0xff, 0xb0, 0x73, 0x65, 0xff, 
0xb2, 0x79, 0x69, 0xff, 0xba, 0x81, 0x71, 0xff, 0xc0, 0x86, 0x75, 0xff, 0xb9, 0x7b, 0x6b, 0xff, 
0xa9, 0x74, 0x66, 0xff, 0xae, 0x76, 0x67, 0xff, 0xa8, 0x6a, 0x5d, 0xff, 0xa0, 0x67, 0x5b, 0xff, 
0xa3, 0x65, 0x58, 0xff, 0xae, 0x6b, 0x5e, 0xff, 0xa9, 0x68, 0x5b, 0xff, 0x9d, 0x5e, 0x54, 0xff, 
0x94, 0x59, 0x4f, 0xff, 0x98, 0x60, 0x54, 0xff, 0xa7, 0x69, 0x5c, 0xff, 0xbb, 0x74, 0x60, 0xff, 
0x99, 0x5f, 0x50, 0xff, 0x8b, 0x58, 0x4d, 0xff, 0xa4, 0x66, 0x56, 0xff, 0x99, 0x5f, 0x50, 0xff, 
0x9c, 0x62, 0x56, 0xff, 0x96, 0x67, 0x59, 0xff, 0x8d, 0x5a, 0x4b, 0xff, 0xaa, 0x72, 0x5f, 0xff, 
0xa9, 0x77, 0x67, 0xff, 0xab, 0x78, 0x68, 0xff, 0xcd, 0x93, 0x79, 0xff, 0x9e, 0x6c, 0x5b, 0xff, 
0x89, 0x56, 0x4b, 0xff, 0xaf, 0x73, 0x60, 0xff, 0xac, 0x78, 0x63, 0xff, 0xb3, 0x87, 0x74, 0xff, 
0xa9, 0x76, 0x65, 0xff, 0xa8, 0x6a, 0x58, 0xff, 0xb2, 0x73, 0x61, 0xff, 0xbb, 0x80, 0x6c, 0xff, 
0xc2, 0x84, 0x71, 0xff, 0xb4, 0x77, 0x66, 0xff, 0xc6, 0x85, 0x70, 0xff, 0x9b, 0x61, 0x51, 0xff, 
0x50, 0x35, 0x32, 0xff, 0x79, 0x4e, 0x46, 0xff, 0x84, 0x4f, 0x45, 0xff, 0xa7, 0x6a, 0x5a, 0xff, 
0xbc, 0x81, 0x70, 0xff, 0xb6, 0x84, 0x76, 0xff, 0x9e, 0x69, 0x5a, 0xff, 0xae, 0x77, 0x65, 0xff, 
0xc8, 0x8d, 0x79, 0xff, 0xba, 0x79, 0x6d, 0xff, 0x9e, 0x64, 0x5b, 0xff, 0x91, 0x5a, 0x4e, 0xff, 
0x9b, 0x5f, 0x56, 0xff, 0xa8, 0x68, 0x5d, 0xff, 0xc8, 0x91, 0x84, 0xff, 0xef, 0xc8, 0xb5, 0xff, 
0xd7, 0xb7, 0xa4, 0xff, 0xc7, 0x94, 0x83, 0xff, 0xbb, 0x86, 0x75, 0xff, 0xb3, 0x83, 0x74, 0xff, 
0xc2, 0x87, 0x78, 0xff, 0xce, 0x97, 0x87, 0xff, 0xc9, 0x86, 0x79, 0xff, 0xbe, 0x89, 0x7b, 0xff, 
0xbb, 0x8b, 0x7c, 0xff, 0xa0, 0x6f, 0x63, 0xff, 0xa2, 0x7a, 0x69, 0xff, 0xb2, 0x8d, 0x7c, 0xff, 
0xb0, 0x8c, 0x81, 0xff, 0xa7, 0x81, 0x73, 0xff, 0xb4, 0x8c, 0x7b, 0xff, 0xb8, 0x93, 0x80, 0xff, 
0x9c, 0x73, 0x64, 0xff, 0x94, 0x6b, 0x5c, 0xff, 0x7a, 0x52, 0x47, 0xff, 0x8b, 0x5b, 0x4c, 0xff, 
0xcd, 0x9d, 0x84, 0xff, 0xe2, 0xbf, 0xa7, 0xff, 0xd0, 0xb2, 0xa1, 0xff, 0xb6, 0x94, 0x87, 0xff, 
0xbb, 0x92, 0x7d, 0xff, 0xa3, 0x78, 0x6b, 0xff, 0xb0, 0x86, 0x79, 0xff, 0xf6, 0xde, 0xd0, 0xff, 
0xdf, 0xc6, 0xb8, 0xff, 0x99, 0x72, 0x63, 0xff, 0xc1, 0x9f, 0x8b, 0xff, 0xd7, 0xb0, 0x97, 0xff, 
0xb7, 0x90, 0x7f, 0xff, 0xa7, 0x72, 0x66, 0xff, 0xc7, 0x95, 0x85, 0xff, 0xd1, 0xb1, 0xa0, 0xff, 
0xd7, 0xbb, 0xae, 0xff, 0xc8, 0xa7, 0x96, 0xff, 0xd4, 0xb1, 0x98, 0xff, 0xe2, 0xbe, 0xa3, 0xff, 
0xe1, 0xb8, 0xa1, 0xff, 0xdd, 0xb0, 0x94, 0xff, 0xd9, 0xa7, 0x8b, 0xff, 0xd9, 0x9f, 0x89, 0xff, 
0xcf, 0x91, 0x7d, 0xff, 0xcf, 0x92, 0x7b, 0xff, 0xd2, 0x93, 0x7b, 0xff, 0xcf, 0x8d, 0x77, 0xff, 
0xc2, 0x7f, 0x6d, 0xff, 0xb9, 0x76, 0x69, 0xff, 0xbe, 0x77, 0x6a, 0xff, 0xb7, 0x70, 0x64, 0xff, 
0xc2, 0x80, 0x73, 0xff, 0xb8, 0x72, 0x65, 0xff, 0xc9, 0x8a, 0x79, 0xff, 0xd0, 0x8d, 0x7c, 0xff, 
0xd5, 0x95, 0x84, 0xff, 0xc2, 0x82, 0x72, 0xff, 0xa6, 0x65, 0x58, 0xff, 0xae, 0x67, 0x5b, 0xff, 
0xbb, 0x73, 0x66, 0xff, 0xc4, 0x7d, 0x6a, 0xff, 0xb3, 0x68, 0x5e, 0xff, 0xb8, 0x70, 0x62, 0xff, 
0xb9, 0x7b, 0x69, 0xff, 0xb3, 0x7b, 0x6f, 0xff, 0xa9, 0x6c, 0x61, 0xff, 0x74, 0x41, 0x3b, 0xff, 
0xa1, 0x62, 0x57, 0xff, 0xb5, 0x74, 0x6a, 0xff, 0xa8, 0x65, 0x59, 0xff, 0xb1, 0x71, 0x5d, 0xff, 
0xb2, 0x7e, 0x63, 0xff, 0xaf, 0x77, 0x68, 0xff, 0xba, 0x7b, 0x71, 0xff, 0xaa, 0x73, 0x61, 0xff, 
0xa1, 0x70, 0x5d, 0xff, 0x98, 0x69, 0x58, 0xff, 0x9d, 0x6a, 0x5a, 0xff, 0x9c, 0x67, 0x5b, 0xff, 
0x9c, 0x6c, 0x61, 0xff, 0xae, 0x7b, 0x71, 0xff, 0xa4, 0x73, 0x62, 0xff, 0xab, 0x7b, 0x67, 0xff, 
0xac, 0x79, 0x65, 0xff, 0xa2, 0x6d, 0x5c, 0xff, 0xb6, 0x81, 0x6f, 0xff, 0xbf, 0x88, 0x78, 0xff, 
0xca, 0x95, 0x87, 0xff, 0xc4, 0x8c, 0x7f, 0xff, 0xc1, 0x8a, 0x79, 0xff, 0xb2, 0x7e, 0x68, 0xff, 
0xc0, 0x95, 0x80, 0xff, 0xdb, 0xad, 0x9b, 0xff, 0xde, 0xbc, 0xae, 0xff, 0xd2, 0xb2, 0xa0, 0xff, 
0xea, 0xcf, 0xbf, 0xff, 0xf6, 0xdb, 0xcd, 0xff, 0xcf, 0x9d, 0x89, 0xff, 0xc1, 0x7e, 0x6e, 0xff, 
0xca, 0x89, 0x7c, 0xff, 0xbe, 0x84, 0x70, 0xff, 0xbc, 0x7a, 0x69, 0xff, 0xd5, 0xa7, 0x97, 0xff, 
0xd4, 0xa8, 0x98, 0xff, 0xd1, 0xa5, 0x97, 0xff, 0xde, 0xc5, 0xb7, 0xff, 0xd7, 0xb9, 0xac, 0xff, 
0xd5, 0xb0, 0xa4, 0xff, 0xd5, 0xb4, 0xa7, 0xff, 0xd2, 0xb0, 0xa3, 0xff, 0xca, 0x9a, 0x8c, 0xff, 
0xd4, 0x9e, 0x91, 0xff, 0xcc, 0xa2, 0x95, 0xff, 0xc4, 0x97, 0x8c, 0xff, 0xc6, 0x92, 0x87, 0xff, 
0xc3, 0x89, 0x7c, 0xff, 0xc5, 0x94, 0x86, 0xff, 0xcb, 0xa2, 0x92, 0xff, 0xd6, 0xa8, 0x9a, 0xff, 
0xd5, 0xa6, 0x97, 0xff, 0xd8, 0xb5, 0xa2, 0xff, 0xde, 0xc0, 0xae, 0xff, 0xe9, 0xca, 0xb9, 0xff, 
0xe7, 0xc1, 0xae, 0xff, 0xdd, 0xb5, 0xa3, 0xff, 0xd7, 0xb0, 0x9f, 0xff, 0xd8, 0xb6, 0xa5, 0xff, 
0xdd, 0xbf, 0xaf, 0xff, 0xd7, 0xae, 0x9d, 0xff, 0xd5, 0xad, 0x9b, 0xff, 0xd1, 0xa0, 0x8f, 0xff, 
0xdb, 0xa7, 0x98, 0xff, 0xd1, 0x9f, 0x92, 0xff, 0xd1, 0x9c, 0x8d, 0xff, 0xd7, 0x9c, 0x8d, 0xff, 
0xdc, 0xa0, 0x92, 0xff, 0xf1, 0xb7, 0xaa, 0xff, 0xd6, 0xa7, 0x99, 0xff, 0xc6, 0x98, 0x89, 0xff, 
0xd2, 0xa1, 0x91, 0xff, 0xeb, 0xb2, 0x9f, 0xff, 0xe3, 0xa5, 0x93, 0xff, 0xe0, 0xaf, 0x9f, 0xff, 
0xdb, 0xaa, 0x98, 0xff, 0xce, 0xa1, 0x90, 0xff, 0xc0, 0x90, 0x80, 0xff, 0xdf, 0xae, 0x9d, 0xff, 
0xf9, 0xc3, 0xb1, 0xff, 0xec, 0xb4, 0xa1, 0xff, 0xbe, 0x8c, 0x79, 0xff, 0xa6, 0x6c, 0x59, 0xff, 
0xc2, 0x8d, 0x7c, 0xff, 0xc1, 0x87, 0x75, 0xff, 0xc2, 0x81, 0x6e, 0xff, 0xd7, 0x98, 0x85, 0xff, 
0xd5, 0x93, 0x80, 0xff, 0xce, 0x8d, 0x7d, 0xff, 0xd5, 0x95, 0x85, 0xff, 0xca, 0x84, 0x71, 0xff, 
0xcb, 0x88, 0x78, 0xff, 0xe6, 0xa2, 0x92, 0xff, 0xd3, 0x91, 0x81, 0xff, 0xcf, 0x88, 0x78, 0xff, 
0xeb, 0xa8, 0x98, 0xff, 0xe0, 0x9f, 0x8e, 0xff, 0xc6, 0x82, 0x72, 0xff, 0xd0, 0x8f, 0x80, 0xff, 
0xe3, 0xa3, 0x94, 0xff, 0xf4, 0xb3, 0xa3, 0xff, 0xea, 0xa7, 0x99, 0xff, 0xce, 0x87, 0x75, 0xff, 
0xb4, 0x74, 0x5e, 0xff, 0xd0, 0x8b, 0x7b, 0xff, 0xd9, 0x96, 0x89, 0xff, 0xe3, 0xa6, 0x99, 0xff, 
0xce, 0x90, 0x7f, 0xff, 0xbb, 0x78, 0x67, 0xff, 0xc5, 0x83, 0x72, 0xff, 0xc8, 0x89, 0x77, 0xff, 
0xc0, 0x83, 0x72, 0xff, 0xca, 0x8b, 0x7a, 0xff, 0xd5, 0x96, 0x85, 0xff, 0xca, 0x90, 0x7f, 0xff, 
0xd4, 0x91, 0x81, 0xff, 0xd1, 0x91, 0x80, 0xff, 0xd7, 0x92, 0x80, 0xff, 0xdf, 0x96, 0x83, 0xff, 
0xad, 0x69, 0x5a, 0xff, 0xaa, 0x76, 0x62, 0xff, 0xbe, 0x85, 0x71, 0xff, 0xb8, 0x72, 0x62, 0xff, 
0xb7, 0x71, 0x61, 0xff, 0xc0, 0x7b, 0x6a, 0xff, 0xb1, 0x7a, 0x6b, 0xff, 0xb4, 0x79, 0x69, 0xff, 
0xbc, 0x83, 0x70, 0xff, 0xbb, 0x86, 0x74, 0xff, 0xa8, 0x6f, 0x61, 0xff, 0xad, 0x76, 0x66, 0xff, 
0xab, 0x7c, 0x6c, 0xff, 0xa0, 0x6e, 0x5f, 0xff, 0xa8, 0x70, 0x64, 0xff, 0xa6, 0x6f, 0x62, 0xff, 
0xa2, 0x68, 0x5b, 0xff, 0x90, 0x60, 0x51, 0xff, 0x75, 0x4b, 0x40, 0xff, 0x9b, 0x61, 0x55, 0xff, 
0xb2, 0x6e, 0x60, 0xff, 0xa7, 0x69, 0x59, 0xff, 0xa4, 0x65, 0x56, 0xff, 0x9f, 0x60, 0x56, 0xff, 
0xaf, 0x70, 0x66, 0xff, 0xad, 0x6a, 0x5c, 0xff, 0x9b, 0x5b, 0x4b, 0xff, 0xa2, 0x5e, 0x4f, 0xff, 
0x9c, 0x62, 0x51, 0xff, 0xa3, 0x6c, 0x5a, 0xff, 0x9b, 0x61, 0x52, 0xff, 0x81, 0x4f, 0x43, 0xff, 
0x85, 0x4d, 0x43, 0xff, 0x8d, 0x55, 0x49, 0xff, 0x97, 0x66, 0x59, 0xff, 0x94, 0x62, 0x53, 0xff, 
0x8c, 0x5c, 0x4e, 0xff, 0x8c, 0x5e, 0x4f, 0xff, 0x9e, 0x6e, 0x5c, 0xff, 0xce, 0x92, 0x7a, 0xff, 
0xaa, 0x6e, 0x5c, 0xff, 0x93, 0x5f, 0x50, 0xff, 0xd5, 0x97, 0x7f, 0xff, 0xd5, 0x9f, 0x87, 0xff, 
0xcc, 0xa0, 0x8f, 0xff, 0x98, 0x63, 0x59, 0xff, 0x9b, 0x5c, 0x4b, 0xff, 0xb0, 0x72, 0x5f, 0xff, 
0xbe, 0x82, 0x6e, 0xff, 0xe0, 0xaa, 0x94, 0xff, 0xd7, 0x99, 0x82, 0xff, 0x74, 0x40, 0x39, 0xff, 
0x48, 0x32, 0x30, 0xff, 0x75, 0x47, 0x40, 0xff, 0x8a, 0x52, 0x48, 0xff, 0x99, 0x5e, 0x53, 0xff, 
0x9f, 0x61, 0x52, 0xff, 0x9e, 0x65, 0x55, 0xff, 0xa3, 0x73, 0x63, 0xff, 0xb6, 0x7e, 0x6c, 0xff, 
0xa7, 0x70, 0x62, 0xff, 0x72, 0x44, 0x40, 0xff, 0x8b, 0x59, 0x50, 0xff, 0xa3, 0x6c, 0x5f, 0xff, 
0xa0, 0x65, 0x58, 0xff, 0xa8, 0x64, 0x56, 0xff, 0xcf, 0xa7, 0x9b, 0xff, 0xff, 0xf1, 0xe3, 0xff, 
0xe7, 0xc7, 0xb4, 0xff, 0xc0, 0x97, 0x84, 0xff, 0xb2, 0x7b, 0x6c, 0xff, 0xc0, 0x84, 0x76, 0xff, 
0xbc, 0x80, 0x72, 0xff, 0xc4, 0x86, 0x79, 0xff, 0xc1, 0x81, 0x74, 0xff, 0xb8, 0x7b, 0x6e, 0xff, 
0xb4, 0x74, 0x69, 0xff, 0xa3, 0x68, 0x5e, 0xff, 0x8b, 0x5c, 0x50, 0xff, 0x99, 0x72, 0x64, 0xff, 
0x9a, 0x73, 0x65, 0xff, 0xa5, 0x79, 0x6a, 0xff, 0xbd, 0x92, 0x7d, 0xff, 0xa8, 0x7f, 0x6c, 0xff, 
0x7c, 0x53, 0x47, 0xff, 0x66, 0x3e, 0x39, 0xff, 0x84, 0x59, 0x4d, 0xff, 0xbe, 0x90, 0x7c, 0xff, 
0xaf, 0x8d, 0x7a, 0xff, 0xa2, 0x84, 0x73, 0xff, 0xbb, 0x97, 0x82, 0xff, 0xe2, 0xc0, 0xab, 0xff, 
0xc7, 0xa1, 0x8e, 0xff, 0x8d, 0x61, 0x53, 0xff, 0x9f, 0x74, 0x64, 0xff, 0xc5, 0x9b, 0x87, 0xff, 
0xd8, 0xae, 0x9c, 0xff, 0xc8, 0xa2, 0x93, 0xff, 0xb4, 0x8d, 0x7d, 0xff, 0xad, 0x7b, 0x6c, 0xff, 
0xb2, 0x7e, 0x6f, 0xff, 0xc7, 0xa0, 0x91, 0xff, 0xae, 0x74, 0x6a, 0xff, 0x8b, 0x4c, 0x45, 0xff, 
0xd4, 0xb3, 0xa3, 0xff, 0xf4, 0xe1, 0xcb, 0xff, 0xe1, 0xc0, 0xa8, 0xff, 0xdb, 0xb4, 0x9a, 0xff, 
0xd7, 0xac, 0x93, 0xff, 0xd9, 0xac, 0x95, 0xff, 0xdd, 0xa5, 0x8f, 0xff, 0xdf, 0xa9, 0x91, 0xff, 
0xd1, 0x95, 0x83, 0xff, 0xce, 0x8d, 0x7a, 0xff, 0xc2, 0x84, 0x6f, 0xff, 0xc0, 0x80, 0x6d, 0xff, 
0xb4, 0x6e, 0x63, 0xff, 0xc3, 0x81, 0x74, 0xff, 0xbf, 0x81, 0x73, 0xff, 0xa9, 0x66, 0x58, 0xff, 
0xc4, 0x84, 0x73, 0xff, 0xb5, 0x73, 0x65, 0xff, 0xaa, 0x61, 0x54, 0xff, 0xae, 0x65, 0x56, 0xff, 
0xc3, 0x77, 0x69, 0xff, 0xc4, 0x7d, 0x74, 0xff, 0xbd, 0x7e, 0x71, 0xff, 0xc9, 0x91, 0x7b, 0xff, 
0xbc, 0x7e, 0x6e, 0xff, 0xb4, 0x71, 0x62, 0xff, 0xcf, 0x96, 0x7c, 0xff, 0xcd, 0x89, 0x75, 0xff, 
0xb3, 0x6f, 0x5f, 0xff, 0xa1, 0x60, 0x55, 0xff, 0x8a, 0x53, 0x4a, 0xff, 0x85, 0x53, 0x45, 0xff, 
0xa9, 0x6a, 0x5f, 0xff, 0xad, 0x69, 0x5d, 0xff, 0xb3, 0x70, 0x60, 0xff, 0xb7, 0x7b, 0x65, 0xff, 
0xb0, 0x74, 0x62, 0xff, 0xac, 0x71, 0x67, 0xff, 0x95, 0x5d, 0x51, 0xff, 0x98, 0x60, 0x55, 0xff, 
0xa3, 0x6d, 0x5f, 0xff, 0x9b, 0x69, 0x58, 0xff, 0x8e, 0x5e, 0x4e, 0xff, 0x8b, 0x5a, 0x4f, 0xff, 
0xa8, 0x75, 0x6c, 0xff, 0xa6, 0x79, 0x6a, 0xff, 0x93, 0x66, 0x54, 0xff, 0xa0, 0x70, 0x5e, 0xff, 
0x9e, 0x6a, 0x59, 0xff, 0xae, 0x7b, 0x68, 0xff, 0xc0, 0x8e, 0x79, 0xff, 0xc4, 0x91, 0x7c, 0xff, 
0xc6, 0x92, 0x80, 0xff, 0xb9, 0x81, 0x75, 0xff, 0xb6, 0x7f, 0x6d, 0xff, 0xbe, 0x8f, 0x78, 0xff, 
0xc7, 0x99, 0x87, 0xff, 0xdb, 0xae, 0x9d, 0xff, 0xba, 0x86, 0x74, 0xff, 0xcb, 0x9f, 0x8c, 0xff, 
0xf6, 0xda, 0xcc, 0xff, 0xdd, 0xb2, 0xa1, 0xff, 0xc6, 0x92, 0x7d, 0xff, 0xd3, 0x9a, 0x89, 0xff, 
0xc6, 0x8a, 0x78, 0xff, 0xbd, 0x83, 0x71, 0xff, 0xc5, 0x83, 0x76, 0xff, 0xc1, 0x90, 0x83, 0xff, 
0xbf, 0x91, 0x83, 0xff, 0xda, 0xbb, 0xab, 0xff, 0xce, 0xb0, 0xa1, 0xff, 0xbf, 0x9b, 0x8b, 0xff, 
0xcc, 0x9d, 0x8c, 0xff, 0xcf, 0xaa, 0x99, 0xff, 0xd1, 0xac, 0x9c, 0xff, 0xd3, 0xa2, 0x94, 0xff, 
0xd6, 0xa8, 0x9a, 0xff, 0xcb, 0x9b, 0x90, 0xff, 0xc9, 0x9a, 0x91, 0xff, 0xcb, 0x9d, 0x91, 0xff, 
0xc6, 0x95, 0x88, 0xff, 0xc1, 0x92, 0x84, 0xff, 0xca, 0x9a, 0x8d, 0xff, 0xd5, 0xa1, 0x93, 0xff, 
0xd4, 0xa8, 0x97, 0xff, 0xcc, 0xac, 0x9b, 0xff, 0xdf, 0xc1, 0xb0, 0xff, 0xf2, 0xd5, 0xc3, 0xff, 
0xd5, 0xa0, 0x90, 0xff, 0xc7, 0x90, 0x82, 0xff, 0xce, 0xac, 0x9a, 0xff, 0xd6, 0xbe, 0xad, 0xff, 
0xea, 0xca, 0xb7, 0xff, 0xdb, 0xb3, 0xa0, 0xff, 0xcf, 0xae, 0x9c, 0xff, 0xd6, 0xb4, 0xa4, 0xff, 
0xd8, 0xa2, 0x94, 0xff, 0xd8, 0xa2, 0x95, 0xff, 0xe0, 0xac, 0x9f, 0xff, 0xea, 0xb8, 0xaa, 0xff, 
0xf1, 0xba, 0xad, 0xff, 0xea, 0xb2, 0xa5, 0xff, 0xe4, 0xa8, 0x9a, 0xff, 0xdf, 0xab, 0x9c, 0xff, 
0xc4, 0x8f, 0x80, 0xff, 0xd6, 0xa4, 0x91, 0xff, 0xeb, 0xc4, 0xb5, 0xff, 0xe0, 0xaf, 0x9e, 0xff, 
0xc5, 0x98, 0x86, 0xff, 0xbe, 0x92, 0x82, 0xff, 0xb8, 0x8c, 0x7a, 0xff, 0xc9, 0xa0, 0x8e, 0xff, 
0xce, 0x9f, 0x8f, 0xff, 0xdb, 0xa9, 0x97, 0xff, 0xbb, 0x85, 0x73, 0xff, 0xba, 0x86, 0x71, 0xff, 
0xc8, 0x97, 0x86, 0xff, 0xb8, 0x7e, 0x6e, 0xff, 0xc3, 0x83, 0x73, 0xff, 0xdb, 0x98, 0x89, 0xff, 
0xd2, 0x90, 0x80, 0xff, 0xc5, 0x86, 0x73, 0xff, 0xca, 0x85, 0x71, 0xff, 0xd0, 0x8a, 0x77, 0xff, 
0xd8, 0x90, 0x81, 0xff, 0xcc, 0x90, 0x7e, 0xff, 0xc7, 0x88, 0x75, 0xff, 0xd5, 0x8b, 0x7c, 0xff, 
0xf5, 0xb3, 0xa3, 0xff, 0xe8, 0xa9, 0x99, 0xff, 0xcd, 0x89, 0x7a, 0xff, 0xe9, 0xa9, 0x9a, 0xff, 
0xfd, 0xbd, 0xaf, 0xff, 0xd8, 0x98, 0x89, 0xff, 0xb8, 0x79, 0x67, 0xff, 0xbd, 0x7a, 0x69, 0xff, 
0xda, 0x95, 0x84, 0xff, 0xf4, 0xb0, 0xa0, 0xff, 0xdd, 0x9b, 0x91, 0xff, 0xcd, 0x8f, 0x7f, 0xff, 
0xb9, 0x79, 0x67, 0xff, 0xc2, 0x83, 0x72, 0xff, 0xcb, 0x8e, 0x7d, 0xff, 0xc1, 0x81, 0x70, 0xff, 
0xc2, 0x82, 0x72, 0xff, 0xce, 0x8b, 0x7a, 0xff, 0xcc, 0x8f, 0x7e, 0xff, 0xae, 0x90, 0x82, 0xff, 
0xba, 0x89, 0x7b, 0xff, 0xe0, 0x94, 0x84, 0xff, 0xed, 0xa8, 0x98, 0xff, 0xdd, 0x97, 0x86, 0xff, 
0xb0, 0x6b, 0x5c, 0xff, 0xb2, 0x7c, 0x68, 0xff, 0xc1, 0x86, 0x72, 0xff, 0xbf, 0x7c, 0x6b, 0xff, 
0xc7, 0x8e, 0x7a, 0xff, 0xb8, 0x7b, 0x6e, 0xff, 0xa5, 0x6a, 0x5f, 0xff, 0xaa, 0x6f, 0x60, 0xff, 
0xb5, 0x7c, 0x6a, 0xff, 0xb3, 0x7f, 0x6e, 0xff, 0xb6, 0x82, 0x73, 0xff, 0xbd, 0x89, 0x75, 0xff, 
0xad, 0x7d, 0x6b, 0xff, 0xb0, 0x7d, 0x6c, 0xff, 0xad, 0x73, 0x66, 0xff, 0xb1, 0x6f, 0x62, 0xff, 
0xb1, 0x6a, 0x5e, 0xff, 0x8b, 0x54, 0x4a, 0xff, 0x8d, 0x5a, 0x4e, 0xff, 0xb1, 0x72, 0x64, 0xff, 
0xbb, 0x76, 0x66, 0xff, 0xb6, 0x70, 0x62, 0xff, 0xb1, 0x6d, 0x5e, 0xff, 0xa9, 0x6a, 0x5b, 0xff, 
0xac, 0x6d, 0x61, 0xff, 0xa0, 0x60, 0x52, 0xff, 0xa1, 0x5f, 0x50, 0xff, 0x82, 0x50, 0x44, 0xff, 
0xab, 0x74, 0x5f, 0xff, 0xd9, 0x9c, 0x80, 0xff, 0xcd, 0x91, 0x77, 0xff, 0xb6, 0x77, 0x63, 0xff, 
0x8e, 0x5e, 0x4f, 0xff, 0x8a, 0x5c, 0x4c, 0xff, 0x88, 0x57, 0x4b, 0xff, 0x8c, 0x5a, 0x4d, 0xff, 
0x9d, 0x6a, 0x58, 0xff, 0xa8, 0x75, 0x62, 0xff, 0x9d, 0x6e, 0x5d, 0xff, 0xa9, 0x73, 0x61, 0xff, 
0xa0, 0x6a, 0x59, 0xff, 0x72, 0x47, 0x3c, 0xff, 0x6d, 0x46, 0x3a, 0xff, 0x92, 0x61, 0x51, 0xff, 
0xc7, 0x99, 0x87, 0xff, 0xc2, 0x97, 0x88, 0xff, 0xa1, 0x69, 0x5a, 0xff, 0x9f, 0x5e, 0x4f, 0xff, 
0x96, 0x56, 0x47, 0xff, 0xb4, 0x76, 0x65, 0xff, 0xba, 0x7c, 0x6a, 0xff, 0x8f, 0x53, 0x48, 0xff, 
0x81, 0x4a, 0x41, 0xff, 0x8b, 0x55, 0x4a, 0xff, 0x9c, 0x62, 0x55, 0xff, 0x90, 0x54, 0x49, 0xff, 
0xa2, 0x64, 0x56, 0xff, 0xae, 0x6f, 0x60, 0xff, 0x82, 0x4f, 0x45, 0xff, 0x72, 0x4a, 0x42, 0xff, 
0x59, 0x37, 0x32, 0xff, 0x69, 0x41, 0x39, 0xff, 0xa0, 0x6a, 0x5d, 0xff, 0xb4, 0x79, 0x6d, 0xff, 
0xc5, 0x96, 0x87, 0xff, 0xa2, 0x67, 0x5a, 0xff, 0xc7, 0xa4, 0x98, 0xff, 0xff, 0xff, 0xf8, 0xff, 
0xf0, 0xd1, 0xbe, 0xff, 0xc7, 0x99, 0x85, 0xff, 0xc4, 0x83, 0x74, 0xff, 0xd0, 0x8c, 0x7f, 0xff, 
0xc7, 0x89, 0x7b, 0xff, 0xb3, 0x75, 0x6a, 0xff, 0xb2, 0x7d, 0x6e, 0xff, 0xc3, 0x88, 0x7a, 0xff, 
0xd0, 0x93, 0x86, 0xff, 0xc4, 0x8b, 0x7e, 0xff, 0x98, 0x6a, 0x5d, 0xff, 0x9a, 0x6f, 0x61, 0xff, 
0xa7, 0x7b, 0x6c, 0xff, 0xb3, 0x89, 0x79, 0xff, 0xbb, 0x8b, 0x78, 0xff, 0xb0, 0x7b, 0x6a, 0xff, 
0xa3, 0x6a, 0x5f, 0xff, 0x87, 0x53, 0x4e, 0xff, 0x87, 0x53, 0x49, 0xff, 0x9f, 0x74, 0x67, 0xff, 
0xb1, 0x93, 0x85, 0xff, 0xb4, 0x96, 0x86, 0xff, 0xbe, 0x96, 0x80, 0xff, 0xa1, 0x73, 0x61, 0xff, 
0x9d, 0x79, 0x6f, 0xff, 0xd4, 0xb6, 0xa5, 0xff, 0xcd, 0xa3, 0x8e, 0xff, 0xbf, 0x8f, 0x7b, 0xff, 
0xc9, 0x9a, 0x88, 0xff, 0xc1, 0x94, 0x84, 0xff, 0xbb, 0x8f, 0x80, 0xff, 0xbc, 0x8a, 0x7c, 0xff, 
0xab, 0x6c, 0x61, 0xff, 0xb8, 0x8b, 0x81, 0xff, 0xbb, 0x8c, 0x81, 0xff, 0x93, 0x53, 0x50, 0xff, 
0xaa, 0x77, 0x6d, 0xff, 0xe6, 0xc7, 0xb6, 0xff, 0xdb, 0xb9, 0xa6, 0xff, 0xd5, 0xad, 0x97, 0xff, 
0xd7, 0xad, 0x95, 0xff, 0xd4, 0xa0, 0x8a, 0xff, 0xd5, 0x94, 0x86, 0xff, 0xdb, 0xa1, 0x8e, 0xff, 
0xd5, 0x9f, 0x85, 0xff, 0xc3, 0x7c, 0x69, 0xff, 0xbf, 0x75, 0x65, 0xff, 0xb7, 0x73, 0x68, 0xff, 
0xb5, 0x6f, 0x62, 0xff, 0xc2, 0x81, 0x72, 0xff, 0xb5, 0x77, 0x71, 0xff, 0xa8, 0x6a, 0x5e, 0xff, 
0xab, 0x6d, 0x5e, 0xff, 0xc8, 0x83, 0x72, 0xff, 0xc6, 0x7e, 0x6b, 0xff, 0xb4, 0x6c, 0x5b, 0xff, 
0xb4, 0x6c, 0x5d, 0xff, 0xc1, 0x75, 0x67, 0xff, 0xc5, 0x82, 0x74, 0xff, 0xc2, 0x85, 0x70, 0xff, 
0xc1, 0x86, 0x72, 0xff, 0xce, 0x95, 0x81, 0xff, 0xc4, 0x87, 0x74, 0xff, 0xc6, 0x8a, 0x75, 0xff, 
0xbe, 0x81, 0x6d, 0xff, 0xb3, 0x6a, 0x5c, 0xff, 0x86, 0x4c, 0x46, 0xff, 0x8c, 0x56, 0x4d, 0xff, 
0xae, 0x6c, 0x5f, 0xff, 0xac, 0x69, 0x5a, 0xff, 0xa8, 0x67, 0x58, 0xff, 0xa9, 0x69, 0x5c, 0xff, 
0xb9, 0x75, 0x6b, 0xff, 0x9b, 0x61, 0x53, 0xff, 0x9a, 0x61, 0x57, 0xff, 0xaa, 0x69, 0x63, 0xff, 
0xa5, 0x6b, 0x5f, 0xff, 0xa1, 0x6c, 0x5b, 0xff, 0x99, 0x65, 0x57, 0xff, 0x8b, 0x5b, 0x4e, 0xff, 
0x97, 0x6a, 0x5e, 0xff, 0xa3, 0x78, 0x67, 0xff, 0x98, 0x66, 0x55, 0xff, 0x99, 0x64, 0x53, 0xff, 
0xa8, 0x76, 0x63, 0xff, 0xbd, 0x8d, 0x77, 0xff, 0xba, 0x89, 0x73, 0xff, 0xb7, 0x85, 0x70, 0xff, 
0xb2, 0x7c, 0x69, 0xff, 0xaa, 0x73, 0x64, 0xff, 0xae, 0x79, 0x67, 0xff, 0xb2, 0x84, 0x71, 0xff, 
0xd3, 0x9d, 0x8f, 0xff, 0xd0, 0x9c, 0x8b, 0xff, 0xd4, 0xb0, 0x9c, 0xff, 0xe8, 0xcb, 0xba, 0xff, 
0xdc, 0xb3, 0xa2, 0xff, 0xc9, 0x99, 0x86, 0xff, 0xd4, 0xac, 0x9c, 0xff, 0xe0, 0xbc, 0xac, 0xff, 
0xe4, 0xc5, 0xb4, 0xff, 0xc3, 0x87, 0x77, 0xff, 0xc0, 0x81, 0x73, 0xff, 0xb4, 0x78, 0x6b, 0xff, 
0xc1, 0x96, 0x87, 0xff, 0xd0, 0xaf, 0x9f, 0xff, 0xbc, 0x8d, 0x80, 0xff, 0xbb, 0x8f, 0x81, 0xff, 
0xce, 0xaa, 0x99, 0xff, 0xd5, 0xad, 0x9c, 0xff, 0xca, 0x9f, 0x8f, 0xff, 0xc5, 0x9e, 0x8e, 0xff, 
0xc5, 0x97, 0x8a, 0xff, 0xcd, 0x9f, 0x90, 0xff, 0xd0, 0xa3, 0x94, 0xff, 0xc6, 0x97, 0x8e, 0xff, 
0xc1, 0x91, 0x86, 0xff, 0xc6, 0x90, 0x84, 0xff, 0xca, 0x93, 0x86, 0xff, 0xce, 0xa3, 0x93, 0xff, 
0xd4, 0xa8, 0x97, 0xff, 0xd2, 0xa7, 0x96, 0xff, 0xdf, 0xbd, 0xab, 0xff, 0xdd, 0xbb, 0xa8, 0xff, 
0xd8, 0xa1, 0x90, 0xff, 0xcb, 0x9f, 0x8f, 0xff, 0xca, 0xb0, 0x9e, 0xff, 0xe0, 0xcb, 0xbb, 0xff, 
0xe4, 0xc8, 0xb6, 0xff, 0xd3, 0xa7, 0x93, 0xff, 0xda, 0xbc, 0xad, 0xff, 0xf2, 0xe5, 0xd9, 0xff, 
0xe3, 0xc3, 0xb6, 0xff, 0xe1, 0xb6, 0xa9, 0xff, 0xd7, 0xaa, 0x9c, 0xff, 0xe2, 0xaf, 0xa3, 0xff, 
0xe9, 0xb7, 0xab, 0xff, 0xcf, 0xa2, 0x92, 0xff, 0xd8, 0xa9, 0x9b, 0xff, 0xe8, 0xc3, 0xb7, 0xff, 
0xdc, 0xb4, 0xa5, 0xff, 0xd9, 0xb0, 0xa3, 0xff, 0xe4, 0xbd, 0xb1, 0xff, 0xe4, 0xb7, 0xa7, 0xff, 
0xda, 0xb2, 0xa2, 0xff, 0xb7, 0x84, 0x76, 0xff, 0xac, 0x79, 0x68, 0xff, 0xbc, 0x85, 0x75, 0xff, 
0xc7, 0x90, 0x80, 0xff, 0xd4, 0xa4, 0x93, 0xff, 0xbc, 0x8b, 0x79, 0xff, 0xbe, 0x8c, 0x79, 0xff, 
0xbd, 0x83, 0x72, 0xff, 0xc6, 0x87, 0x76, 0xff, 0xd6, 0x8e, 0x7d, 0xff, 0xd4, 0x8a, 0x7b, 0xff, 
0xc9, 0x89, 0x77, 0xff, 0xbe, 0x7d, 0x67, 0xff, 0xcf, 0x8d, 0x7a, 0xff, 0xe7, 0x9d, 0x8c, 0xff, 
0xdd, 0xa7, 0x97, 0xff, 0xcf, 0xa0, 0x8d, 0xff, 0xd4, 0x8f, 0x7e, 0xff, 0xd8, 0x99, 0x88, 0xff, 
0xce, 0x91, 0x7f, 0xff, 0xdb, 0x98, 0x88, 0xff, 0xe5, 0xa2, 0x95, 0xff, 0xf5, 0xb4, 0xa5, 0xff, 
0xd6, 0x90, 0x82, 0xff, 0xac, 0x6d, 0x5d, 0xff, 0xb6, 0x7c, 0x67, 0xff, 0xc9, 0x89, 0x79, 0xff, 
0xd9, 0x94, 0x84, 0xff, 0xe0, 0x9e, 0x8c, 0xff, 0xeb, 0xac, 0x9e, 0xff, 0xd8, 0x96, 0x86, 0xff, 
0xca, 0x8b, 0x7b, 0xff, 0xd2, 0x98, 0x85, 0xff, 0xc6, 0x8c, 0x79, 0xff, 0xc7, 0x8c, 0x79, 0xff, 
0xdb, 0x99, 0x89, 0xff, 0xd2, 0x8f, 0x7f, 0xff, 0xca, 0x8a, 0x7a, 0xff, 0xcc, 0x91, 0x81, 0xff, 
0xcf, 0x94, 0x84, 0xff, 0xf0, 0xaf, 0x9d, 0xff, 0xf1, 0xae, 0x9e, 0xff, 0xca, 0x88, 0x76, 0xff, 
0xb0, 0x74, 0x61, 0xff, 0xbd, 0x88, 0x73, 0xff, 0xbe, 0x89, 0x75, 0xff, 0xb3, 0x78, 0x69, 0xff, 
0xb7, 0x83, 0x72, 0xff, 0xb4, 0x77, 0x68, 0xff, 0xa8, 0x65, 0x59, 0xff, 0xa2, 0x66, 0x57, 0xff, 
0xb3, 0x7b, 0x6a, 0xff, 0xbf, 0x8e, 0x7f, 0xff, 0xc0, 0x90, 0x7f, 0xff, 0xcd, 0x9b, 0x87, 0xff, 
0xbf, 0x8e, 0x7b, 0xff, 0xb2, 0x7f, 0x6a, 0xff, 0xb6, 0x75, 0x66, 0xff, 0xaf, 0x70, 0x63, 0xff, 
0xab, 0x6b, 0x5f, 0xff, 0xb9, 0x72, 0x65, 0xff, 0xc4, 0x7f, 0x6f, 0xff, 0xc0, 0x7c, 0x6d, 0xff, 
0xc0, 0x7d, 0x6c, 0xff, 0xbe, 0x78, 0x69, 0xff, 0xaf, 0x6c, 0x5d, 0xff, 0xb5, 0x73, 0x62, 0xff, 
0xbe, 0x7b, 0x66, 0xff, 0xb5, 0x7a, 0x64, 0xff, 0xad, 0x6f, 0x5e, 0xff, 0xb3, 0x76, 0x63, 0xff, 
0xc2, 0x83, 0x6d, 0xff, 0xc5, 0x8c, 0x73, 0xff, 0x9b, 0x70, 0x5a, 0xff, 0xa1, 0x71, 0x5f, 0xff, 
0xa6, 0x6f, 0x5e, 0xff, 0x9b, 0x69, 0x56, 0xff, 0x82, 0x53, 0x49, 0xff, 0x6f, 0x43, 0x3e, 0xff, 
0x90, 0x60, 0x52, 0xff, 0xa2, 0x6f, 0x60, 0xff, 0xa0, 0x6e, 0x5d, 0xff, 0xa4, 0x75, 0x61, 0xff, 
0xbb, 0x7e, 0x6b, 0xff, 0x9c, 0x60, 0x51, 0xff, 0x65, 0x3e, 0x35, 0xff, 0x81, 0x52, 0x47, 0xff, 
0xb7, 0x80, 0x6d, 0xff, 0xc1, 0x8b, 0x77, 0xff, 0xa1, 0x71, 0x60, 0xff, 0xca, 0x9f, 0x8d, 0xff, 
0x9d, 0x61, 0x55, 0xff, 0x95, 0x57, 0x4a, 0xff, 0xa5, 0x6b, 0x5a, 0xff, 0x8e, 0x51, 0x44, 0xff, 
0xaf, 0x6c, 0x5b, 0xff, 0xc9, 0x89, 0x75, 0xff, 0x99, 0x62, 0x56, 0xff, 0x85, 0x55, 0x4c, 0xff, 
0x93, 0x58, 0x4e, 0xff, 0x85, 0x49, 0x41, 0xff, 0x4f, 0x2c, 0x27, 0xff, 0x30, 0x17, 0x17, 0xff, 
0x78, 0x4b, 0x42, 0xff, 0xa1, 0x6e, 0x5f, 0xff, 0xac, 0x7b, 0x6c, 0xff, 0xb6, 0x83, 0x76, 0xff, 
0xcb, 0x9c, 0x8d, 0xff, 0xc4, 0x8e, 0x80, 0xff, 0xcf, 0xa3, 0x94, 0xff, 0xe1, 0xbc, 0xad, 0xff, 
0xdc, 0xb2, 0xa1, 0xff, 0xda, 0xba, 0xac, 0xff, 0xd7, 0xaa, 0x9c, 0xff, 0xdd, 0x9b, 0x8b, 0xff, 
0xde, 0x99, 0x8c, 0xff, 0xd4, 0x91, 0x85, 0xff, 0xc4, 0x88, 0x7b, 0xff, 0xb5, 0x7e, 0x72, 0xff, 
0xc4, 0x8a, 0x7e, 0xff, 0xbc, 0x89, 0x7b, 0xff, 0xaa, 0x7d, 0x6e, 0xff, 0xa5, 0x75, 0x68, 0xff, 
0xa9, 0x7a, 0x6b, 0xff, 0xc6, 0x95, 0x86, 0xff, 0xc8, 0x8b, 0x7e, 0xff, 0xbc, 0x7b, 0x6e, 0xff, 
0xae, 0x6e, 0x63, 0xff, 0x9b, 0x63, 0x58, 0xff, 0x8a, 0x53, 0x4b, 0xff, 0x66, 0x35, 0x30, 0xff, 
0x8e, 0x60, 0x56, 0xff, 0xc4, 0x97, 0x87, 0xff, 0xac, 0x7d, 0x71, 0xff, 0x9e, 0x6a, 0x5c, 0xff, 
0xb5, 0x89, 0x7a, 0xff, 0xed, 0xd1, 0xc0, 0xff, 0xeb, 0xc4, 0xae, 0xff, 0xe1, 0xb7, 0x9b, 0xff, 
0xea, 0xcb, 0xaf, 0xff, 0xea, 0xc7, 0xaf, 0xff, 0xd6, 0xad, 0x97, 0xff, 0xd0, 0xa6, 0x92, 0xff, 
0xbb, 0x8a, 0x7d, 0xff, 0xae, 0x7c, 0x72, 0xff, 0xa2, 0x6e, 0x67, 0xff, 0xab, 0x72, 0x69, 0xff, 
0xb7, 0x7e, 0x74, 0xff, 0xd0, 0xaa, 0x9d, 0xff, 0xca, 0xa7, 0x9a, 0xff, 0xcb, 0x9e, 0x8c, 0xff, 
0xd2, 0xa3, 0x8d, 0xff, 0xdf, 0xaf, 0x97, 0xff, 0xc9, 0x91, 0x7d, 0xff, 0xb9, 0x78, 0x68, 0xff, 
0xbc, 0x7b, 0x6a, 0xff, 0xbc, 0x7d, 0x6a, 0xff, 0xbc, 0x7c, 0x6c, 0xff, 0xc0, 0x7e, 0x71, 0xff, 
0xb8, 0x79, 0x69, 0xff, 0xba, 0x7a, 0x6e, 0xff, 0xbd, 0x7b, 0x75, 0xff, 0xaf, 0x70, 0x66, 0xff, 
0xab, 0x6c, 0x63, 0xff, 0xc6, 0x85, 0x73, 0xff, 0xca, 0x81, 0x6e, 0xff, 0xb0, 0x63, 0x57, 0xff, 
0xab, 0x65, 0x5a, 0xff, 0xb4, 0x66, 0x59, 0xff, 0xbd, 0x71, 0x62, 0xff, 0xbf, 0x78, 0x67, 0xff, 
0xd3, 0xa3, 0x8b, 0xff, 0xc6, 0x8e, 0x7b, 0xff, 0xae, 0x67, 0x5b, 0xff, 0xb5, 0x73, 0x61, 0xff, 
0xb9, 0x70, 0x60, 0xff, 0xb3, 0x67, 0x5b, 0xff, 0xa0, 0x5d, 0x52, 0xff, 0x98, 0x5d, 0x56, 0xff, 
0xbe, 0x7a, 0x70, 0xff, 0xb5, 0x7c, 0x6e, 0xff, 0x97, 0x59, 0x4d, 0xff, 0xa0, 0x61, 0x5b, 0xff, 
0xaf, 0x6f, 0x66, 0xff, 0xab, 0x69, 0x5b, 0xff, 0xb9, 0x78, 0x6c, 0xff, 0xb2, 0x72, 0x68, 0xff, 
0xa1, 0x65, 0x58, 0xff, 0xa2, 0x6c, 0x5f, 0xff, 0xa1, 0x6d, 0x5e, 0xff, 0x87, 0x58, 0x4a, 0xff, 
0x93, 0x64, 0x54, 0xff, 0xa6, 0x7a, 0x6a, 0xff, 0x92, 0x61, 0x52, 0xff, 0x96, 0x64, 0x53, 0xff, 
0xac, 0x7c, 0x69, 0xff, 0xad, 0x7b, 0x67, 0xff, 0xb4, 0x84, 0x6f, 0xff, 0xb9, 0x87, 0x72, 0xff, 
0xa7, 0x6f, 0x5e, 0xff, 0x9e, 0x66, 0x56, 0xff, 0xa0, 0x6c, 0x5c, 0xff, 0xb0, 0x7c, 0x6d, 0xff, 
0xd4, 0x99, 0x8a, 0xff, 0xde, 0xb2, 0xa0, 0xff, 0xf0, 0xd6, 0xc7, 0xff, 0xd8, 0xaf, 0xa0, 0xff, 
0xd1, 0xa4, 0x92, 0xff, 0xe7, 0xc7, 0xb4, 0xff, 0xe0, 0xbb, 0xac, 0xff, 0xd9, 0xb0, 0xa0, 0xff, 
0xd8, 0xa8, 0x98, 0xff, 0xcf, 0x8a, 0x7b, 0xff, 0xc6, 0x8a, 0x7a, 0xff, 0xb2, 0x7d, 0x70, 0xff, 
0xc5, 0x9b, 0x8c, 0xff, 0xbd, 0x8c, 0x80, 0xff, 0xad, 0x76, 0x6f, 0xff, 0xc3, 0x9b, 0x8f, 0xff, 
0xd1, 0xad, 0x9c, 0xff, 0xcf, 0xa2, 0x91, 0xff, 0xc1, 0x98, 0x87, 0xff, 0xbf, 0x98, 0x87, 0xff, 
0xbf, 0x8e, 0x84, 0xff, 0xbb, 0x8c, 0x80, 0xff, 0xca, 0x9e, 0x90, 0xff, 0xc6, 0x95, 0x89, 0xff, 
0xc6, 0x90, 0x83, 0xff, 0xcd, 0x9a, 0x8c, 0xff, 0xcc, 0x9d, 0x8e, 0xff, 0xd6, 0xa4, 0x95, 0xff, 
0xdc, 0xb0, 0x9f, 0xff, 0xd6, 0xa8, 0x97, 0xff, 0xd0, 0xa8, 0x96, 0xff, 0xcc, 0x9e, 0x8d, 0xff, 
0xd9, 0xb2, 0xa0, 0xff, 0xdd, 0xbf, 0xad, 0xff, 0xcc, 0xa1, 0x91, 0xff, 0xd2, 0xa8, 0x98, 0xff, 
0xcf, 0xa2, 0x8f, 0xff, 0xce, 0xa3, 0x8f, 0xff, 0xe8, 0xd7, 0xca, 0xff, 0xea, 0xd6, 0xc8, 0xff, 
0xe6, 0xc9, 0xb8, 0xff, 0xdf, 0xbb, 0xad, 0xff, 0xd8, 0xa9, 0x99, 0xff, 0xd9, 0xa4, 0x97, 0xff, 
0xd2, 0xa8, 0x98, 0xff, 0xd1, 0xa4, 0x93, 0xff, 0xc8, 0x99, 0x8a, 0xff, 0xcc, 0x9d, 0x8f, 0xff, 
0xd1, 0xa2, 0x92, 0xff, 0xd9, 0xac, 0x9d, 0xff, 0xda, 0xad, 0xa0, 0xff, 0xd5, 0xa3, 0x96, 0xff, 
0xe7, 0xae, 0x9e, 0xff, 0xcc, 0x92, 0x82, 0xff, 0xc9, 0x94, 0x86, 0xff, 0xe2, 0xad, 0x9e, 0xff, 
0xda, 0x9c, 0x8b, 0xff, 0xd6, 0x95, 0x83, 0xff, 0xca, 0x8c, 0x7c, 0xff, 0xcc, 0x93, 0x83, 0xff, 
0xbf, 0x82, 0x73, 0xff, 0xce, 0x8b, 0x7c, 0xff, 0xe4, 0xb1, 0xa4, 0xff, 0xd8, 0xa6, 0x95, 0xff, 
0xc1, 0x82, 0x6d, 0xff, 0xcd, 0x8b, 0x76, 0xff, 0xdc, 0x95, 0x84, 0xff, 0xe5, 0xb8, 0xac, 0xff, 
0xdb, 0xaf, 0x9b, 0xff, 0xd8, 0xa1, 0x8c, 0xff, 0xd5, 0x98, 0x88, 0xff, 0xcb, 0x8c, 0x7d, 0xff, 
0xb2, 0x72, 0x63, 0xff, 0xba, 0x77, 0x69, 0xff, 0xef, 0xad, 0x9d, 0xff, 0xd9, 0x98, 0x88, 0xff, 
0xb3, 0x6e, 0x60, 0xff, 0xcc, 0x8b, 0x7b, 0xff, 0xd2, 0x94, 0x82, 0xff, 0xd6, 0x92, 0x82, 0xff, 
0xd6, 0x92, 0x83, 0xff, 0xe0, 0x9c, 0x8c, 0xff, 0xf3, 0xb5, 0xa4, 0xff, 0xf2, 0xb5, 0xa7, 0xff, 
0xe7, 0xa9, 0x9b, 0xff, 0xda, 0x9b, 0x8b, 0xff, 0xd0, 0x96, 0x85, 0xff, 0xdd, 0xa1, 0x92, 0xff, 
0xe5, 0xaa, 0x9c, 0xff, 0xe1, 0xa5, 0x95, 0xff, 0xdc, 0x9a, 0x8a, 0xff, 0xda, 0x94, 0x84, 0xff, 
0xdf, 0x9d, 0x8b, 0xff, 0xea, 0xa9, 0x97, 0xff, 0xd9, 0x97, 0x86, 0xff, 0xc3, 0x86, 0x73, 0xff, 
0xb0, 0x7b, 0x65, 0xff, 0xb8, 0x80, 0x6c, 0xff, 0xcc, 0x9d, 0x86, 0xff, 0xb8, 0x80, 0x6f, 0xff, 
0xae, 0x6c, 0x5f, 0xff, 0xae, 0x71, 0x61, 0xff, 0xb0, 0x79, 0x68, 0xff, 0xa7, 0x70, 0x5f, 0xff, 
0xa4, 0x6a, 0x5d, 0xff, 0xca, 0x9b, 0x88, 0xff, 0xc4, 0x8f, 0x7b, 0xff, 0xbc, 0x86, 0x74, 0xff, 
0xc6, 0x90, 0x7c, 0xff, 0xc2, 0x8f, 0x77, 0xff, 0xb1, 0x75, 0x63, 0xff, 0xa4, 0x67, 0x5c, 0xff, 
0xa5, 0x67, 0x5a, 0xff, 0xb7, 0x74, 0x69, 0xff, 0xc7, 0x89, 0x76, 0xff, 0xc2, 0x83, 0x70, 0xff, 
0xc7, 0x87, 0x71, 0xff, 0xbf, 0x7f, 0x69, 0xff, 0xa4, 0x67, 0x57, 0xff, 0xaa, 0x6f, 0x5d, 0xff, 
0xc2, 0x85, 0x70, 0xff, 0xc2, 0x88, 0x71, 0xff, 0xb2, 0x78, 0x64, 0xff, 0xad, 0x71, 0x61, 0xff, 
0xb2, 0x75, 0x62, 0xff, 0x78, 0x4f, 0x42, 0xff, 0x4c, 0x33, 0x2e, 0xff, 0x72, 0x4a, 0x43, 0xff, 
0x99, 0x65, 0x57, 0xff, 0x89, 0x59, 0x4e, 0xff, 0x78, 0x4d, 0x48, 0xff, 0x75, 0x4b, 0x45, 0xff, 
0x72, 0x46, 0x3a, 0xff, 0x78, 0x4c, 0x40, 0xff, 0x90, 0x61, 0x51, 0xff, 0x9d, 0x68, 0x58, 0xff, 
0xab, 0x6e, 0x60, 0xff, 0xa3, 0x66, 0x58, 0xff, 0xa2, 0x67, 0x57, 0xff, 0xb6, 0x75, 0x62, 0xff, 
0xc8, 0x8b, 0x75, 0xff, 0xb8, 0x82, 0x6e, 0xff, 0xb5, 0x7e, 0x6a, 0xff, 0xcf, 0x9e, 0x88, 0xff, 
0xc7, 0x9d, 0x8d, 0xff, 0xc0, 0x8f, 0x80, 0xff, 0xb3, 0x7a, 0x67, 0xff, 0xa0, 0x63, 0x53, 0xff, 
0xa2, 0x63, 0x53, 0xff, 0xcd, 0x8e, 0x77, 0xff, 0x91, 0x5c, 0x51, 0xff, 0x73, 0x46, 0x41, 0xff, 
0x8f, 0x5e, 0x53, 0xff, 0x95, 0x65, 0x59, 0xff, 0x92, 0x6b, 0x5f, 0xff, 0x7c, 0x51, 0x48, 0xff, 
0xa0, 0x69, 0x5c, 0xff, 0xcd, 0x9f, 0x8e, 0xff, 0xe1, 0xbe, 0xac, 0xff, 0xe2, 0xc1, 0xb2, 0xff, 
0xdc, 0xb4, 0xa5, 0xff, 0xd7, 0xa7, 0x99, 0xff, 0xdb, 0xa9, 0x9a, 0xff, 0xcf, 0x98, 0x87, 0xff, 
0xd1, 0xa0, 0x8c, 0xff, 0xe6, 0xca, 0xbd, 0xff, 0xde, 0xbb, 0xae, 0xff, 0xb6, 0x83, 0x73, 0xff, 
0xca, 0x90, 0x84, 0xff, 0xcc, 0x8f, 0x83, 0xff, 0xcc, 0x8c, 0x81, 0xff, 0xa5, 0x71, 0x65, 0xff, 
0xa4, 0x68, 0x5e, 0xff, 0xc1, 0x8e, 0x7f, 0xff, 0xb0, 0x82, 0x74, 0xff, 0xad, 0x80, 0x73, 0xff, 
0xb5, 0x8d, 0x7b, 0xff, 0xd4, 0xa0, 0x8e, 0xff, 0xc1, 0x81, 0x77, 0xff, 0x9c, 0x62, 0x58, 0xff, 
0x84, 0x4e, 0x43, 0xff, 0x89, 0x54, 0x4a, 0xff, 0x88, 0x57, 0x4e, 0xff, 0x7d, 0x50, 0x46, 0xff, 
0x7d, 0x4b, 0x44, 0xff, 0xac, 0x6b, 0x62, 0xff, 0xc5, 0x8c, 0x82, 0xff, 0xc8, 0x9d, 0x94, 0xff, 
0xc8, 0x9c, 0x8c, 0xff, 0xd5, 0xa5, 0x90, 0xff, 0xdb, 0xaa, 0x93, 0xff, 0xd6, 0xa8, 0x8f, 0xff, 
0xd1, 0xa8, 0x90, 0xff, 0xda, 0xb7, 0xa1, 0xff, 0xda, 0xb4, 0x9c, 0xff, 0xe3, 0xb7, 0x98, 0xff, 
0xde, 0xba, 0x9f, 0xff, 0xbb, 0x93, 0x82, 0xff, 0xa2, 0x72, 0x68, 0xff, 0xc3, 0x90, 0x84, 0xff, 
0xc9, 0x8f, 0x82, 0xff, 0xcc, 0xa1, 0x91, 0xff, 0xd2, 0xa8, 0x98, 0xff, 0xdb, 0xaf, 0x9d, 0xff, 
0xd9, 0xa1, 0x8d, 0xff, 0xe3, 0xb1, 0x9a, 0xff, 0xd0, 0xa1, 0x88, 0xff, 0xbd, 0x7f, 0x6f, 0xff, 
0xb8, 0x76, 0x6f, 0xff, 0xb3, 0x77, 0x6e, 0xff, 0xad, 0x6f, 0x63, 0xff, 0xaf, 0x6d, 0x5f, 0xff, 
0xa3, 0x62, 0x5a, 0xff, 0xb1, 0x71, 0x6b, 0xff, 0xc1, 0x7f, 0x74, 0xff, 0xaa, 0x6a, 0x64, 0xff, 
0xa9, 0x6a, 0x64, 0xff, 0xb0, 0x72, 0x67, 0xff, 0xc2, 0x81, 0x71, 0xff, 0xc7, 0x81, 0x6f, 0xff, 
0xc4, 0x7b, 0x67, 0xff, 0xb3, 0x71, 0x5f, 0xff, 0xb4, 0x67, 0x58, 0xff, 0xc7, 0x84, 0x70, 0xff, 
0xdf, 0xb0, 0x93, 0xff, 0xcd, 0x99, 0x82, 0xff, 0xd1, 0x9e, 0x84, 0xff, 0xbc, 0x7d, 0x6b, 0xff, 
0xab, 0x62, 0x57, 0xff, 0xb5, 0x78, 0x66, 0xff, 0xc4, 0x80, 0x6d, 0xff, 0xbc, 0x75, 0x68, 0xff, 
0xc7, 0x84, 0x7a, 0xff, 0xbe, 0x7d, 0x72, 0xff, 0x9c, 0x5b, 0x4f, 0xff, 0x99, 0x59, 0x4e, 0xff, 
0xaf, 0x71, 0x68, 0xff, 0xb7, 0x74, 0x66, 0xff, 0xbb, 0x77, 0x67, 0xff, 0xb6, 0x76, 0x68, 0xff, 
0xaf, 0x73, 0x63, 0xff, 0xb7, 0x7f, 0x6e, 0xff, 0xae, 0x78, 0x67, 0xff, 0xa6, 0x72, 0x5f, 0xff, 
0xa7, 0x76, 0x64, 0xff, 0xa1, 0x72, 0x63, 0xff, 0x97, 0x63, 0x55, 0xff, 0x96, 0x67, 0x56, 0xff, 
0x9c, 0x6c, 0x5b, 0xff, 0xad, 0x7b, 0x66, 0xff, 0xb8, 0x89, 0x73, 0xff, 0xb2, 0x80, 0x6c, 0xff, 
0xa3, 0x6d, 0x5b, 0xff, 0xa7, 0x71, 0x61, 0xff, 0xbb, 0x87, 0x77, 0xff, 0xc3, 0x85, 0x78, 0xff, 
0xd4, 0xa6, 0x95, 0xff, 0xf1, 0xd4, 0xc2, 0xff, 0xc4, 0x96, 0x87, 0xff, 0xc0, 0x91, 0x82, 0xff, 
0xe4, 0xbe, 0xac, 0xff, 0xdf, 0xb8, 0xa5, 0xff, 0xdb, 0xb4, 0xa1, 0xff, 0xc9, 0x95, 0x83, 0xff, 
0xc8, 0x7f, 0x6e, 0xff, 0xd5, 0x97, 0x87, 0xff, 0xbc, 0x8d, 0x7e, 0xff, 0xc5, 0x98, 0x8a, 0xff, 
0xcc, 0xa1, 0x92, 0xff, 0xc6, 0x9f, 0x8f, 0xff, 0xb7, 0x90, 0x83, 0xff, 0xc1, 0x9b, 0x8d, 0xff, 
0xc2, 0x9d, 0x8d, 0xff, 0xc2, 0x96, 0x87, 0xff, 0xc4, 0x93, 0x86, 0xff, 0xc9, 0x9c, 0x8d, 0xff, 
0xc6, 0x97, 0x8a, 0xff, 0xbe, 0x8c, 0x7f, 0xff, 0xc5, 0x94, 0x85, 0xff, 0xca, 0x99, 0x8a, 0xff, 
0xca, 0x9b, 0x8b, 0xff, 0xcc, 0xa2, 0x91, 0xff, 0xd1, 0xa8, 0x97, 0xff, 0xce, 0x97, 0x89, 0xff, 
0xd5, 0x9d, 0x8f, 0xff, 0xce, 0x9a, 0x8a, 0xff, 0xb5, 0x86, 0x75, 0xff, 0xc4, 0x91, 0x81, 0xff, 
0xd7, 0xb7, 0xa5, 0xff, 0xdc, 0xb3, 0xa3, 0xff, 0xc8, 0x8e, 0x7f, 0xff, 0xbe, 0x8c, 0x7a, 0xff, 
0xb6, 0x87, 0x75, 0xff, 0xbc, 0x94, 0x81, 0xff, 0xdd, 0xba, 0xad, 0xff, 0xe4, 0xc1, 0xb4, 0xff, 
0xda, 0xb5, 0xa5, 0xff, 0xd0, 0xa6, 0x96, 0xff, 0xd0, 0xa0, 0x90, 0xff, 0xc5, 0x8f, 0x7f, 0xff, 
0xcc, 0x9a, 0x8a, 0xff, 0xcb, 0x98, 0x87, 0xff, 0xc2, 0x8f, 0x7e, 0xff, 0xc3, 0x8d, 0x7c, 0xff, 
0xbe, 0x86, 0x77, 0xff, 0xc5, 0x91, 0x81, 0xff, 0xcd, 0x96, 0x86, 0xff, 0xcb, 0x89, 0x7b, 0xff, 
0xc3, 0x85, 0x76, 0xff, 0xce, 0x94, 0x86, 0xff, 0xdd, 0xa4, 0x95, 0xff, 0xd5, 0x98, 0x89, 0xff, 
0xca, 0x87, 0x77, 0xff, 0xcd, 0x88, 0x77, 0xff, 0xe3, 0xa5, 0x92, 0xff, 0xda, 0xa6, 0x95, 0xff, 
0xbd, 0x84, 0x75, 0xff, 0xbd, 0x74, 0x65, 0xff, 0xe0, 0xc1, 0xb6, 0xff, 0xec, 0xd7, 0xc7, 0xff, 
0xdd, 0xbb, 0xad, 0xff, 0xee, 0xca, 0xbe, 0xff, 0xe8, 0xbe, 0xb4, 0xff, 0xeb, 0xd6, 0xc8, 0xff, 
0xdf, 0xad, 0x93, 0xff, 0xcd, 0x88, 0x76, 0xff, 0xc2, 0x84, 0x7a, 0xff, 0xb1, 0x70, 0x63, 0xff, 
0xc2, 0x82, 0x74, 0xff, 0xde, 0xa1, 0x92, 0xff, 0xd9, 0x99, 0x89, 0xff, 0xbd, 0x7a, 0x69, 0xff, 
0xd2, 0x8d, 0x7f, 0xff, 0xe7, 0xa4, 0x96, 0xff, 0xd7, 0x9e, 0x88, 0xff, 0xd3, 0x93, 0x81, 0xff, 
0xe2, 0x9d, 0x8e, 0xff, 0xe2, 0x9e, 0x8f, 0xff, 0xe2, 0x9b, 0x8d, 0xff, 0xe7, 0xa8, 0x99, 0xff, 
0xe6, 0xa3, 0x93, 0xff, 0xdd, 0x9a, 0x8b, 0xff, 0xe3, 0xa8, 0x99, 0xff, 0xe8, 0xb4, 0xa4, 0xff, 
0xdd, 0xa1, 0x92, 0xff, 0xe1, 0xa4, 0x93, 0xff, 0xe2, 0x9e, 0x8e, 0xff, 0xde, 0x9e, 0x90, 0xff, 
0xdf, 0xa2, 0x92, 0xff, 0xe0, 0x9c, 0x8b, 0xff, 0xe2, 0xa0, 0x8f, 0xff, 0xda, 0x9c, 0x8a, 0xff, 
0xc8, 0x8b, 0x77, 0xff, 0xc6, 0x8c, 0x77, 0xff, 0xc9, 0x96, 0x7f, 0xff, 0xbb, 0x87, 0x71, 0xff, 
0xaf, 0x75, 0x64, 0xff, 0xad, 0x76, 0x66, 0xff, 0xa7, 0x72, 0x63, 0xff, 0xa1, 0x6f, 0x60, 0xff, 
0xa7, 0x64, 0x57, 0xff, 0xb3, 0x71, 0x62, 0xff, 0xc4, 0x8a, 0x77, 0xff, 0xc4, 0x8d, 0x7a, 0xff, 
0xb6, 0x78, 0x66, 0xff, 0xca, 0x9b, 0x85, 0xff, 0xc4, 0x9b, 0x83, 0xff, 0xa0, 0x61, 0x51, 0xff, 
0xad, 0x70, 0x62, 0xff, 0xbd, 0x80, 0x74, 0xff, 0xc0, 0x84, 0x71, 0xff, 0xc4, 0x88, 0x73, 0xff, 
0xb8, 0x78, 0x65, 0xff, 0xae, 0x70, 0x5d, 0xff, 0xab, 0x70, 0x5d, 0xff, 0xb5, 0x7b, 0x64, 0xff, 
0xb5, 0x7a, 0x65, 0xff, 0xb4, 0x79, 0x65, 0xff, 0x9d, 0x65, 0x57, 0xff, 0xa0, 0x67, 0x58, 0xff, 
0xbb, 0x82, 0x6e, 0xff, 0xaa, 0x77, 0x65, 0xff, 0x99, 0x65, 0x57, 0xff, 0x97, 0x64, 0x55, 0xff, 
0x7a, 0x4e, 0x45, 0xff, 0x76, 0x4a, 0x44, 0xff, 0x7e, 0x53, 0x4c, 0xff, 0x66, 0x3f, 0x38, 0xff, 
0x64, 0x3d, 0x30, 0xff, 0x74, 0x4e, 0x42, 0xff, 0x87, 0x5a, 0x4e, 0xff, 0x9a, 0x62, 0x53, 0xff, 
0x87, 0x56, 0x45, 0xff, 0xaf, 0x7b, 0x69, 0xff, 0xc5, 0x88, 0x75, 0xff, 0xb3, 0x77, 0x62, 0xff, 
0xbd, 0x82, 0x6d, 0xff, 0xc1, 0x8a, 0x74, 0xff, 0xb6, 0x82, 0x6d, 0xff, 0xc3, 0x8a, 0x76, 0xff, 
0xbe, 0x85, 0x72, 0xff, 0xc6, 0x9b, 0x8a, 0xff, 0xc9, 0x98, 0x86, 0xff, 0xbb, 0x84, 0x70, 0xff, 
0x9f, 0x64, 0x54, 0xff, 0x99, 0x5b, 0x4b, 0xff, 0x86, 0x56, 0x4b, 0xff, 0x6f, 0x44, 0x3e, 0xff, 
0x96, 0x62, 0x55, 0xff, 0xd7, 0xab, 0x98, 0xff, 0xd6, 0xa9, 0x98, 0xff, 0xa3, 0x6e, 0x61, 0xff, 
0xb3, 0x85, 0x76, 0xff, 0xf8, 0xda, 0xc4, 0xff, 0xe8, 0xc2, 0xaf, 0xff, 0xd4, 0xa6, 0x97, 0xff, 
0xcf, 0xa3, 0x94, 0xff, 0xde, 0xb1, 0xa0, 0xff, 0xf5, 0xd6, 0xc4, 0xff, 0xe7, 0xc2, 0xae, 0xff, 
0xea, 0xca, 0xb8, 0xff, 0xe5, 0xc0, 0xb3, 0xff, 0xb8, 0x7f, 0x72, 0xff, 0xa8, 0x75, 0x68, 0xff, 
0xb9, 0x8b, 0x7d, 0xff, 0xcc, 0x94, 0x86, 0xff, 0xb5, 0x7d, 0x71, 0xff, 0xac, 0x71, 0x64, 0xff, 
0xcd, 0x8c, 0x7f, 0xff, 0xb8, 0x81, 0x74, 0xff, 0xb5, 0x8a, 0x7b, 0xff, 0xca, 0xa4, 0x94, 0xff, 
0xcd, 0x9c, 0x8e, 0xff, 0xc3, 0x8e, 0x80, 0xff, 0x9f, 0x67, 0x5d, 0xff, 0x9a, 0x5e, 0x53, 0xff, 
0xa0, 0x62, 0x57, 0xff, 0x7c, 0x44, 0x3e, 0xff, 0x77, 0x4a, 0x43, 0xff, 0x88, 0x5e, 0x53, 0xff, 
0x88, 0x59, 0x50, 0xff, 0xb6, 0x7c, 0x70, 0xff, 0xdb, 0xb6, 0xa5, 0xff, 0xcf, 0xac, 0x9e, 0xff, 
0xc3, 0x96, 0x8a, 0xff, 0xcb, 0x9b, 0x89, 0xff, 0xc8, 0x9b, 0x85, 0xff, 0xd3, 0xa5, 0x8d, 0xff, 
0xc6, 0x9d, 0x87, 0xff, 0xbe, 0x95, 0x82, 0xff, 0xc9, 0xa1, 0x8c, 0xff, 0xdf, 0xb5, 0x94, 0xff, 
0xdb, 0xaa, 0x87, 0xff, 0xc7, 0x9e, 0x84, 0xff, 0xcb, 0xa7, 0x93, 0xff, 0xc9, 0xa0, 0x8f, 0xff, 
0xc0, 0x95, 0x86, 0xff, 0xb5, 0x80, 0x74, 0xff, 0xda, 0x9d, 0x8f, 0xff, 0xdd, 0xa7, 0x97, 0xff, 
0xc9, 0x96, 0x85, 0xff, 0xc1, 0x89, 0x73, 0xff, 0xd0, 0xa1, 0x87, 0xff, 0xcc, 0x9b, 0x84, 0xff, 
0xb6, 0x78, 0x66, 0xff, 0xc3, 0x83, 0x76, 0xff, 0xbd, 0x7d, 0x73, 0xff, 0xb5, 0x76, 0x6d, 0xff, 
0xbf, 0x7f, 0x74, 0xff, 0xb6, 0x77, 0x67, 0xff, 0xb2, 0x72, 0x66, 0xff, 0xa6, 0x6a, 0x66, 0xff, 
0x9d, 0x65, 0x5f, 0xff, 0x97, 0x56, 0x50, 0xff, 0xab, 0x63, 0x59, 0xff, 0xc6, 0x88, 0x73, 0xff, 
0xc7, 0x89, 0x72, 0xff, 0xc0, 0x88, 0x70, 0xff, 0xb8, 0x78, 0x64, 0xff, 0xb9, 0x72, 0x61, 0xff, 
0xa8, 0x61, 0x52, 0xff, 0xba, 0x7a, 0x68, 0xff, 0xd0, 0x9d, 0x83, 0xff, 0xd8, 0xa8, 0x8f, 0xff, 
0xdc, 0xab, 0x91, 0xff, 0xc7, 0x98, 0x80, 0xff, 0xb1, 0x7f, 0x6e, 0xff, 0xb7, 0x74, 0x68, 0xff, 
0xc5, 0x84, 0x7b, 0xff, 0xac, 0x68, 0x62, 0xff, 0xb6, 0x6a, 0x5b, 0xff, 0x9e, 0x57, 0x45, 0xff, 
0x9b, 0x5c, 0x51, 0xff, 0xa8, 0x67, 0x5c, 0xff, 0xb8, 0x77, 0x66, 0xff, 0xb3, 0x76, 0x67, 0xff, 
0xaf, 0x74, 0x65, 0xff, 0xcd, 0x94, 0x80, 0xff, 0xca, 0x8f, 0x7b, 0xff, 0xb6, 0x78, 0x65, 0xff, 
0xbc, 0x88, 0x74, 0xff, 0xae, 0x7f, 0x6d, 0xff, 0x9f, 0x6e, 0x5e, 0xff, 0x97, 0x69, 0x58, 0xff, 
0x99, 0x69, 0x58, 0xff, 0xab, 0x7b, 0x69, 0xff, 0xaa, 0x77, 0x63, 0xff, 0xa7, 0x70, 0x60, 0xff, 
0xab, 0x73, 0x62, 0xff, 0xbd, 0x88, 0x75, 0xff, 0xbc, 0x82, 0x74, 0xff, 0xca, 0x9b, 0x8b, 0xff, 
0xeb, 0xd0, 0xc0, 0xff, 0xd4, 0xaf, 0x9f, 0xff, 0xc5, 0x9c, 0x8d, 0xff, 0xda, 0xb4, 0xa1, 0xff, 
0xdc, 0xb6, 0xa3, 0xff, 0xd5, 0xaa, 0x98, 0xff, 0xdd, 0xb3, 0xa1, 0xff, 0xd8, 0x97, 0x86, 0xff, 
0xda, 0x9d, 0x8d, 0xff, 0xc6, 0x9e, 0x8d, 0xff, 0xc2, 0x99, 0x89, 0xff, 0xca, 0x9d, 0x8d, 0xff, 
0xbc, 0x8c, 0x7f, 0xff, 0xbb, 0x8f, 0x7d, 0xff, 0xbb, 0x90, 0x7e, 0xff, 0xc3, 0x99, 0x89, 0xff, 
0xc8, 0xa6, 0x96, 0xff, 0xbf, 0x8e, 0x83, 0xff, 0xb6, 0x84, 0x7a, 0xff, 0xbe, 0x96, 0x8a, 0xff, 
0xc0, 0x95, 0x86, 0xff, 0xcd, 0x9f, 0x8f, 0xff, 0xba, 0x86, 0x7d, 0xff, 0xaf, 0x7c, 0x71, 0xff, 
0xc0, 0x9a, 0x89, 0xff, 0xd1, 0xa3, 0x8f, 0xff, 0xcf, 0xa1, 0x8f, 0xff, 0xc6, 0x98, 0x86, 0xff, 
0xd1, 0x9a, 0x8d, 0xff, 0xc8, 0x94, 0x85, 0xff, 0xa9, 0x7e, 0x6e, 0xff, 0xc4, 0x97, 0x86, 0xff, 
0xd9, 0xb0, 0x9f, 0xff, 0xcf, 0x9f, 0x8d, 0xff, 0xbf, 0x91, 0x7f, 0xff, 0xbb, 0x91, 0x7f, 0xff, 
0xa8, 0x81, 0x6f, 0xff, 0xb1, 0x87, 0x73, 0xff, 0xce, 0x96, 0x85, 0xff, 0xe3, 0xb6, 0xa7, 0xff, 
0xd4, 0xac, 0x9e, 0xff, 0xd1, 0x9a, 0x8b, 0xff, 0xd3, 0x9e, 0x8e, 0xff, 0xcd, 0x9e, 0x8d, 0xff, 
0xb8, 0x86, 0x79, 0xff, 0xb6, 0x83, 0x72, 0xff, 0xc6, 0x95, 0x82, 0xff, 0xc4, 0x93, 0x81, 0xff, 
0xc4, 0x8c, 0x7d, 0xff, 0xcc, 0x97, 0x87, 0xff, 0xca, 0x92, 0x83, 0xff, 0xc6, 0x8a, 0x7d, 0xff, 
0xc1, 0x89, 0x7a, 0xff, 0xc7, 0x86, 0x77, 0xff, 0xc6, 0x83, 0x74, 0xff, 0xcb, 0x86, 0x76, 0xff, 
0xc9, 0x8f, 0x7e, 0xff, 0xc3, 0x8b, 0x7a, 0xff, 0xe4, 0xab, 0x97, 0xff, 0xce, 0x94, 0x82, 0xff, 
0xaf, 0x6c, 0x5d, 0xff, 0xcb, 0x9d, 0x90, 0xff, 0xef, 0xde, 0xd1, 0xff, 0xde, 0xb5, 0x9c, 0xff, 
0xe3, 0xc2, 0xad, 0xff, 0xed, 0xcd, 0xbe, 0xff, 0xe5, 0xc3, 0xaf, 0xff, 0xe5, 0xc2, 0xab, 0xff, 
0xc7, 0x8b, 0x73, 0xff, 0xca, 0x86, 0x77, 0xff, 0xce, 0x89, 0x7d, 0xff, 0xc7, 0x87, 0x77, 0xff, 
0xc7, 0x89, 0x79, 0xff, 0xd0, 0x93, 0x82, 0xff, 0xbe, 0x7e, 0x6b, 0xff, 0xd2, 0x8e, 0x7e, 0xff, 
0xde, 0x9f, 0x8d, 0xff, 0xd2, 0x99, 0x85, 0xff, 0xda, 0x99, 0x85, 0xff, 0xe1, 0x9e, 0x8c, 0xff, 
0xd2, 0x90, 0x81, 0xff, 0xce, 0x8f, 0x81, 0xff, 0xd3, 0x98, 0x86, 0xff, 0xc5, 0x81, 0x6f, 0xff, 
0xc9, 0x86, 0x76, 0xff, 0xd5, 0x97, 0x84, 0xff, 0xc3, 0x82, 0x72, 0xff, 0xc9, 0x8e, 0x7c, 0xff, 
0xcd, 0x90, 0x7d, 0xff, 0xd3, 0x96, 0x84, 0xff, 0xd4, 0x9c, 0x89, 0xff, 0xca, 0x8d, 0x7b, 0xff, 
0xcf, 0x8b, 0x7d, 0xff, 0xcb, 0x8e, 0x7e, 0xff, 0xcb, 0x8f, 0x7e, 0xff, 0xd1, 0x94, 0x82, 0xff, 
0xda, 0x96, 0x87, 0xff, 0xcf, 0x91, 0x7f, 0xff, 0xc2, 0x8c, 0x76, 0xff, 0xbb, 0x7d, 0x6b, 0xff, 
0xb6, 0x7b, 0x69, 0xff, 0xb1, 0x76, 0x65, 0xff, 0xb1, 0x7f, 0x6d, 0xff, 0xb4, 0x7e, 0x6d, 0xff, 
0xb2, 0x6c, 0x5d, 0xff, 0xb2, 0x73, 0x62, 0xff, 0xba, 0x82, 0x70, 0xff, 0xba, 0x81, 0x70, 0xff, 
0xad, 0x6f, 0x5f, 0xff, 0xbe, 0x8b, 0x77, 0xff, 0xca, 0xa6, 0x8a, 0xff, 0xb3, 0x7e, 0x67, 0xff, 
0xaf, 0x6f, 0x63, 0xff, 0xbb, 0x7b, 0x6f, 0xff, 0xab, 0x70, 0x62, 0xff, 0xb3, 0x74, 0x63, 0xff, 
0xad, 0x6a, 0x59, 0xff, 0xa8, 0x6b, 0x5b, 0xff, 0x9b, 0x64, 0x55, 0xff, 0xb7, 0x7b, 0x67, 0xff, 
0xb4, 0x78, 0x64, 0xff, 0x9f, 0x66, 0x56, 0xff, 0xaf, 0x75, 0x63, 0xff, 0xb3, 0x77, 0x63, 0xff, 
0xb6, 0x79, 0x64, 0xff, 0xc4, 0x8a, 0x74, 0xff, 0xc8, 0x89, 0x72, 0xff, 0xa1, 0x6a, 0x59, 0xff, 
0x89, 0x5c, 0x50, 0xff, 0x6d, 0x45, 0x40, 0xff, 0x6c, 0x43, 0x40, 0xff, 0x68, 0x42, 0x3b, 0xff, 
0x7d, 0x50, 0x43, 0xff, 0x89, 0x5c, 0x4e, 0xff, 0x8f, 0x5b, 0x50, 0xff, 0x90, 0x5e, 0x4f, 0xff, 
0x89, 0x5a, 0x47, 0xff, 0xb6, 0x7f, 0x6a, 0xff, 0xbc, 0x85, 0x71, 0xff, 0xba, 0x83, 0x70, 0xff, 
0xb4, 0x80, 0x6d, 0xff, 0xab, 0x73, 0x5e, 0xff, 0xb2, 0x79, 0x66, 0xff, 0xcb, 0x96, 0x81, 0xff, 
0xd9, 0x9c, 0x84, 0xff, 0xc6, 0x7d, 0x68, 0xff, 0xba, 0x82, 0x72, 0xff, 0xc3, 0x94, 0x82, 0xff, 
0xbb, 0x81, 0x6e, 0xff, 0x86, 0x4d, 0x41, 0xff, 0x61, 0x39, 0x33, 0xff, 0x5f, 0x3b, 0x36, 0xff, 
0x9f, 0x63, 0x57, 0xff, 0xd7, 0xad, 0x9c, 0xff, 0xbd, 0x8a, 0x7c, 0xff, 0x99, 0x5a, 0x4e, 0xff, 
0xc5, 0x9a, 0x8b, 0xff, 0xe3, 0xbb, 0xaa, 0xff, 0xd5, 0xa3, 0x91, 0xff, 0xbc, 0x87, 0x76, 0xff, 
0xc1, 0x8b, 0x7b, 0xff, 0xe7, 0xbe, 0xab, 0xff, 0xe7, 0xc1, 0xaf, 0xff, 0xde, 0xb8, 0xa6, 0xff, 
0xe9, 0xc7, 0xb9, 0xff, 0xcd, 0x9c, 0x8f, 0xff, 0xb6, 0x7d, 0x70, 0xff, 0xac, 0x7f, 0x70, 0xff, 
0xa1, 0x73, 0x66, 0xff, 0xc2, 0x8e, 0x81, 0xff, 0xc6, 0x91, 0x82, 0xff, 0xbd, 0x81, 0x77, 0xff, 
0xbd, 0x86, 0x7b, 0xff, 0xae, 0x7d, 0x70, 0xff, 0xc6, 0x94, 0x85, 0xff, 0xc7, 0x96, 0x89, 0xff, 
0xb2, 0x79, 0x6f, 0xff, 0xa9, 0x75, 0x6a, 0xff, 0xb1, 0x7d, 0x6f, 0xff, 0xb8, 0x7c, 0x71, 0xff, 
0xa6, 0x6b, 0x62, 0xff, 0x89, 0x58, 0x4f, 0xff, 0x84, 0x56, 0x4e, 0xff, 0x8e, 0x61, 0x55, 0xff, 
0x8f, 0x5f, 0x51, 0xff, 0xaf, 0x7b, 0x73, 0xff, 0xd1, 0xb0, 0xa2, 0xff, 0xc6, 0x9d, 0x89, 0xff, 
0xc1, 0x96, 0x84, 0xff, 0xc3, 0x98, 0x85, 0xff, 0xc1, 0x95, 0x84, 0xff, 0xc7, 0xa1, 0x8b, 0xff, 
0xc6, 0x9f, 0x89, 0xff, 0xc7, 0x9c, 0x8a, 0xff, 0xc9, 0x9b, 0x85, 0xff, 0xd8, 0xac, 0x8a, 0xff, 
0xd5, 0xa3, 0x82, 0xff, 0xc1, 0x89, 0x6e, 0xff, 0xb2, 0x81, 0x6b, 0xff, 0xc8, 0xa3, 0x8b, 0xff, 
0xe0, 0xc3, 0xae, 0xff, 0xb9, 0x86, 0x7a, 0xff, 0xd2, 0x8e, 0x81, 0xff, 0xc3, 0x8b, 0x7f, 0xff, 
0xb5, 0x8f, 0x7f, 0xff, 0xb4, 0x88, 0x77, 0xff, 0xac, 0x79, 0x66, 0xff, 0xc7, 0x9b, 0x82, 0xff, 
0xc7, 0x93, 0x78, 0xff, 0xbc, 0x80, 0x6e, 0xff, 0xbc, 0x7f, 0x74, 0xff, 0xb6, 0x76, 0x6a, 0xff, 
0xb4, 0x73, 0x6a, 0xff, 0xa7, 0x68, 0x5c, 0xff, 0x9b, 0x5c, 0x53, 0xff, 0xa6, 0x6d, 0x69, 0xff, 
0xa5, 0x69, 0x60, 0xff, 0x99, 0x52, 0x46, 0xff, 0x9b, 0x4e, 0x44, 0xff, 0xa6, 0x57, 0x4e, 0xff, 
0xa9, 0x62, 0x54, 0xff, 0xc2, 0x87, 0x71, 0xff, 0xd7, 0xa5, 0x8a, 0xff, 0xc4, 0x7a, 0x67, 0xff, 
0xa9, 0x5d, 0x51, 0xff, 0xa9, 0x72, 0x60, 0xff, 0xb4, 0x7a, 0x69, 0xff, 0xc6, 0x93, 0x7a, 0xff, 
0xdb, 0xa7, 0x8d, 0xff, 0xe8, 0xbd, 0xa1, 0xff, 0xc4, 0x8f, 0x7b, 0xff, 0xb2, 0x6f, 0x66, 0xff, 
0xbd, 0x7b, 0x70, 0xff, 0xa7, 0x65, 0x56, 0xff, 0xa4, 0x5f, 0x4c, 0xff, 0x9e, 0x5c, 0x4d, 0xff, 
0x98, 0x57, 0x49, 0xff, 0x9a, 0x5a, 0x4e, 0xff, 0xaf, 0x73, 0x65, 0xff, 0xbb, 0x7e, 0x6c, 0xff, 
0xbd, 0x80, 0x6e, 0xff, 0xcd, 0x92, 0x7e, 0xff, 0xb6, 0x7a, 0x67, 0xff, 0xaf, 0x6d, 0x5e, 0xff, 
0xba, 0x81, 0x6d, 0xff, 0xca, 0x9a, 0x82, 0xff, 0xaf, 0x80, 0x6b, 0xff, 0x96, 0x64, 0x55, 0xff, 
0xa0, 0x6d, 0x5c, 0xff, 0xab, 0x74, 0x60, 0xff, 0xad, 0x78, 0x64, 0xff, 0xb1, 0x7c, 0x6a, 0xff, 
0xb3, 0x7c, 0x6c, 0xff, 0xbd, 0x8c, 0x7a, 0xff, 0xc6, 0x9a, 0x88, 0xff, 0xe7, 0xc9, 0xb8, 0xff, 
0xe4, 0xc5, 0xb4, 0xff, 0xcf, 0xa7, 0x94, 0xff, 0xe1, 0xbf, 0xab, 0xff, 0xdf, 0xb7, 0xa6, 0xff, 
0xde, 0xae, 0x9d, 0xff, 0xe3, 0xb3, 0x9f, 0xff, 0xd5, 0x9d, 0x8b, 0xff, 0xaf, 0x76, 0x68, 0xff, 
0xb3, 0x8b, 0x7d, 0xff, 0xd7, 0xb0, 0x9e, 0xff, 0xce, 0xa2, 0x8e, 0xff, 0xbe, 0x92, 0x81, 0xff, 
0xb3, 0x83, 0x72, 0xff, 0xab, 0x75, 0x68, 0xff, 0xaf, 0x7e, 0x6f, 0xff, 0xb5, 0x88, 0x77, 0xff, 
0xc0, 0x91, 0x82, 0xff, 0xc8, 0x99, 0x8c, 0xff, 0xb8, 0x8c, 0x80, 0xff, 0xb0, 0x8d, 0x7e, 0xff, 
0xc0, 0x9a, 0x8d, 0xff, 0xd4, 0xac, 0xa0, 0xff, 0x9a, 0x6b, 0x61, 0xff, 0x84, 0x57, 0x4c, 0xff, 
0xc7, 0xa4, 0x92, 0xff, 0xca, 0x9d, 0x8c, 0xff, 0xc2, 0x92, 0x81, 0xff, 0xce, 0x9f, 0x8b, 0xff, 
0xcf, 0xa1, 0x91, 0xff, 0xd6, 0xaa, 0x9a, 0xff, 0xcc, 0x98, 0x89, 0xff, 0xbf, 0x89, 0x7a, 0xff, 
0xc7, 0x90, 0x7f, 0xff, 0xb9, 0x8b, 0x77, 0xff, 0xbb, 0x8e, 0x7d, 0xff, 0xb1, 0x87, 0x75, 0xff, 
0xa8, 0x81, 0x6f, 0xff, 0xb3, 0x86, 0x74, 0xff, 0xc8, 0x96, 0x84, 0xff, 0xcf, 0x97, 0x86, 0xff, 
0xc9, 0x92, 0x82, 0xff, 0xd5, 0xa6, 0x95, 0xff, 0xcb, 0x9a, 0x8b, 0xff, 0xc8, 0x93, 0x85, 0xff, 
0xc5, 0x94, 0x86, 0xff, 0xd0, 0xa4, 0x95, 0xff, 0xc7, 0x9b, 0x8a, 0xff, 0xc3, 0x94, 0x85, 0xff, 
0xcc, 0x9c, 0x8c, 0xff, 0xc6, 0x92, 0x83, 0xff, 0xbb, 0x8b, 0x7d, 0xff, 0xcb, 0x96, 0x87, 0xff, 
0xd4, 0x99, 0x89, 0xff, 0xc9, 0x8f, 0x80, 0xff, 0xcc, 0x8d, 0x7d, 0xff, 0xd7, 0x93, 0x82, 0xff, 
0xc2, 0x88, 0x76, 0xff, 0xc3, 0x86, 0x75, 0xff, 0xdf, 0x9e, 0x8a, 0xff, 0xdb, 0xa6, 0x96, 0xff, 
0xda, 0xbd, 0xb0, 0xff, 0xf9, 0xef, 0xe0, 0xff, 0xeb, 0xd0, 0xb8, 0xff, 0xcf, 0x93, 0x78, 0xff, 
0xd3, 0x8e, 0x75, 0xff, 0xcf, 0x96, 0x7b, 0xff, 0xc6, 0x8c, 0x71, 0xff, 0xce, 0x96, 0x7d, 0xff, 
0xc0, 0x7f, 0x6d, 0xff, 0xbd, 0x75, 0x66, 0xff, 0xcb, 0x84, 0x74, 0xff, 0xcf, 0x87, 0x77, 0xff, 
0xd2, 0x8a, 0x7a, 0xff, 0xca, 0x8b, 0x79, 0xff, 0xd7, 0x9a, 0x89, 0xff, 0xc9, 0x89, 0x7a, 0xff, 
0xd7, 0x98, 0x85, 0xff, 0xdd, 0xa8, 0x94, 0xff, 0xd8, 0x9d, 0x8c, 0xff, 0xdd, 0xa2, 0x90, 0xff, 
0xcd, 0x8f, 0x7c, 0xff, 0xb7, 0x7c, 0x6a, 0xff, 0xba, 0x80, 0x6e, 0xff, 0xbd, 0x7c, 0x69, 0xff, 
0xbd, 0x80, 0x6d, 0xff, 0xbc, 0x7e, 0x6c, 0xff, 0xb6, 0x73, 0x64, 0xff, 0xc1, 0x80, 0x6f, 0xff, 
0xc7, 0x88, 0x77, 0xff, 0xca, 0x92, 0x7f, 0xff, 0xcf, 0xa1, 0x8d, 0xff, 0xc9, 0x95, 0x80, 0xff, 
0xbe, 0x82, 0x6f, 0xff, 0xb4, 0x7f, 0x6b, 0xff, 0xb0, 0x7b, 0x67, 0xff, 0xb5, 0x7d, 0x6b, 0xff, 
0xcb, 0x94, 0x84, 0xff, 0xd2, 0x96, 0x86, 0xff, 0xc9, 0x8b, 0x78, 0xff, 0xd0, 0x87, 0x78, 0xff, 
0xcf, 0x87, 0x77, 0xff, 0xd0, 0x8d, 0x7a, 0xff, 0xcb, 0x91, 0x7d, 0xff, 0xc1, 0x89, 0x76, 0xff, 
0xb4, 0x76, 0x65, 0xff, 0xaf, 0x77, 0x64, 0xff, 0xb8, 0x80, 0x6c, 0xff, 0xc2, 0x8e, 0x79, 0xff, 
0xda, 0xb3, 0x9f, 0xff, 0xcc, 0x9d, 0x8b, 0xff, 0xbb, 0x8e, 0x76, 0xff, 0xbb, 0x8b, 0x75, 0xff, 
0xb0, 0x6a, 0x5e, 0xff, 0xb1, 0x72, 0x62, 0xff, 0xae, 0x6e, 0x5e, 0xff, 0xb6, 0x75, 0x65, 0xff, 
0xbb, 0x77, 0x66, 0xff, 0xae, 0x6d, 0x5d, 0xff, 0x9d, 0x66, 0x58, 0xff, 0xab, 0x70, 0x5f, 0xff, 
0xb5, 0x74, 0x61, 0xff, 0x92, 0x58, 0x4e, 0xff, 0x99, 0x61, 0x54, 0xff, 0x9c, 0x61, 0x53, 0xff, 
0xa9, 0x6a, 0x57, 0xff, 0xb4, 0x7a, 0x65, 0xff, 0xc6, 0x8d, 0x76, 0xff, 0xaf, 0x77, 0x65, 0xff, 
0xa4, 0x6e, 0x5e, 0xff, 0x9f, 0x6a, 0x5b, 0xff, 0x94, 0x62, 0x55, 0xff, 0x91, 0x59, 0x4f, 0xff, 
0x91, 0x54, 0x4b, 0xff, 0x9e, 0x63, 0x58, 0xff, 0x92, 0x5e, 0x52, 0xff, 0x8d, 0x57, 0x4e, 0xff, 
0x90, 0x5c, 0x50, 0xff, 0x80, 0x52, 0x41, 0xff, 0x7b, 0x4e, 0x3f, 0xff, 0x91, 0x5f, 0x4e, 0xff, 
0x91, 0x5e, 0x4c, 0xff, 0xbc, 0x89, 0x72, 0xff, 0xd0, 0x98, 0x82, 0xff, 0x7c, 0x46, 0x3c, 0xff, 
0x6f, 0x3d, 0x37, 0xff, 0x96, 0x60, 0x52, 0xff, 0xb8, 0x7a, 0x68, 0xff, 0xbd, 0x88, 0x77, 0xff, 
0xc2, 0x8e, 0x7a, 0xff, 0xa9, 0x70, 0x60, 0xff, 0x6b, 0x3f, 0x38, 0xff, 0x5b, 0x38, 0x32, 0xff, 
0x9e, 0x6c, 0x5e, 0xff, 0xa9, 0x74, 0x66, 0xff, 0xaf, 0x7d, 0x6f, 0xff, 0xcf, 0xa3, 0x95, 0xff, 
0xc9, 0x9b, 0x8f, 0xff, 0xc8, 0x94, 0x87, 0xff, 0xca, 0x9b, 0x8c, 0xff, 0xcd, 0x9d, 0x8c, 0xff, 
0xd6, 0xa7, 0x98, 0xff, 0xcd, 0x97, 0x87, 0xff, 0xd0, 0x9e, 0x8c, 0xff, 0xcb, 0x98, 0x88, 0xff, 
0xb8, 0x7f, 0x6f, 0xff, 0xbd, 0x8b, 0x7d, 0xff, 0xdd, 0xb8, 0xae, 0xff, 0xbd, 0x93, 0x85, 0xff, 
0xac, 0x72, 0x64, 0xff, 0xb1, 0x7c, 0x70, 0xff, 0xac, 0x7a, 0x70, 0xff, 0xa1, 0x66, 0x5e, 0xff, 
0x9f, 0x69, 0x5e, 0xff, 0xa1, 0x76, 0x69, 0xff, 0xb2, 0x85, 0x75, 0xff, 0xa5, 0x78, 0x6a, 0xff, 
0xa8, 0x73, 0x68, 0xff, 0xa4, 0x7b, 0x6f, 0xff, 0xb4, 0x89, 0x7b, 0xff, 0xbd, 0x85, 0x7b, 0xff, 
0xba, 0x7e, 0x73, 0xff, 0x9c, 0x6f, 0x62, 0xff, 0x8c, 0x5d, 0x52, 0xff, 0x8a, 0x5b, 0x4f, 0xff, 
0xb7, 0x84, 0x71, 0xff, 0xce, 0x9e, 0x8d, 0xff, 0xe4, 0xc9, 0xbe, 0xff, 0xd4, 0xb1, 0xa3, 0xff, 
0xc2, 0x95, 0x81, 0xff, 0xc3, 0x96, 0x80, 0xff, 0xc8, 0x9e, 0x89, 0xff, 0xbc, 0x90, 0x81, 0xff, 
0xca, 0x9b, 0x8a, 0xff, 0xd2, 0xa8, 0x92, 0xff, 0xc0, 0x8a, 0x73, 0xff, 0xc2, 0x89, 0x6d, 0xff, 
0xd0, 0x9d, 0x7e, 0xff, 0xc5, 0x8c, 0x72, 0xff, 0xb0, 0x7c, 0x65, 0xff, 0xb7, 0x8f, 0x77, 0xff, 
0xd2, 0xa9, 0x91, 0xff, 0xc8, 0x93, 0x84, 0xff, 0xbd, 0x86, 0x7b, 0xff, 0xb3, 0x87, 0x78, 0xff, 
0xc7, 0x9d, 0x8c, 0xff, 0xd0, 0xa8, 0x97, 0xff, 0xb3, 0x8a, 0x7b, 0xff, 0xaa, 0x7d, 0x6c, 0xff, 
0xc8, 0x9b, 0x84, 0xff, 0xc9, 0x92, 0x78, 0xff, 0xbe, 0x83, 0x70, 0xff, 0xc5, 0x87, 0x7b, 0xff, 
0xac, 0x6b, 0x62, 0xff, 0x9a, 0x59, 0x51, 0xff, 0x99, 0x55, 0x4c, 0xff, 0xa5, 0x5d, 0x53, 0xff, 
0xa5, 0x62, 0x58, 0xff, 0x97, 0x51, 0x47, 0xff, 0xb1, 0x65, 0x56, 0xff, 0xab, 0x62, 0x57, 0xff, 
0xab, 0x60, 0x55, 0xff, 0xc8, 0x8c, 0x75, 0xff, 0xc4, 0x8d, 0x77, 0xff, 0xc3, 0x85, 0x6e, 0xff, 
0xb9, 0x7c, 0x6a, 0xff, 0x99, 0x5c, 0x52, 0xff, 0xb0, 0x6f, 0x65, 0xff, 0xba, 0x79, 0x6d, 0xff, 
0xb0, 0x72, 0x63, 0xff, 0xd4, 0x9b, 0x87, 0xff, 0xc4, 0x83, 0x74, 0xff, 0xb2, 0x6f, 0x64, 0xff, 
0xbf, 0x80, 0x6e, 0xff, 0xcc, 0x88, 0x71, 0xff, 0xae, 0x70, 0x59, 0xff, 0xb9, 0x7d, 0x6a, 0xff, 
0xc1, 0x87, 0x71, 0xff, 0xa4, 0x64, 0x55, 0xff, 0x98, 0x5e, 0x52, 0xff, 0xa2, 0x68, 0x59, 0xff, 
0xaf, 0x76, 0x65, 0xff, 0xbe, 0x86, 0x75, 0xff, 0xb2, 0x7a, 0x68, 0xff, 0xb5, 0x7c, 0x67, 0xff, 
0xbc, 0x83, 0x70, 0xff, 0xca, 0x99, 0x83, 0xff, 0xb9, 0x88, 0x73, 0xff, 0xa7, 0x74, 0x60, 0xff, 
0xa4, 0x6e, 0x5d, 0xff, 0xaf, 0x79, 0x66, 0xff, 0xb7, 0x86, 0x70, 0xff, 0xaa, 0x77, 0x63, 0xff, 
0xaf, 0x7b, 0x66, 0xff, 0xc3, 0x94, 0x82, 0xff, 0xe1, 0xb8, 0xa6, 0xff, 0xe6, 0xc3, 0xb0, 0xff, 
0xdc, 0xb7, 0xa3, 0xff, 0xdf, 0xb7, 0xa3, 0xff, 0xe0, 0xb0, 0x9a, 0xff, 0xdc, 0xa9, 0x96, 0xff, 
0xd9, 0x9e, 0x8c, 0xff, 0xd1, 0x9c, 0x8b, 0xff, 0xc0, 0x90, 0x7e, 0xff, 0xaf, 0x87, 0x78, 0xff, 
0xbf, 0x95, 0x87, 0xff, 0xb7, 0x87, 0x76, 0xff, 0xb1, 0x83, 0x70, 0xff, 0xc9, 0x9c, 0x89, 0xff, 
0xbe, 0x8e, 0x7c, 0xff, 0xb0, 0x78, 0x6c, 0xff, 0xad, 0x7a, 0x6c, 0xff, 0xa3, 0x73, 0x65, 0xff, 
0xbc, 0x8b, 0x7d, 0xff, 0xcb, 0x9f, 0x8d, 0xff, 0xc6, 0x9a, 0x89, 0xff, 0xb9, 0x8f, 0x7f, 0xff, 
0xb4, 0x87, 0x7a, 0xff, 0xaf, 0x88, 0x7b, 0xff, 0xc2, 0xa0, 0x90, 0xff, 0xaf, 0x89, 0x79, 0xff, 
0xc8, 0xa2, 0x8f, 0xff, 0xc9, 0x9e, 0x8d, 0xff, 0xb0, 0x80, 0x71, 0xff, 0xb9, 0x87, 0x73, 0xff, 
0xd2, 0xa2, 0x8f, 0xff, 0xe3, 0xbd, 0xad, 0xff, 0xd7, 0xa3, 0x94, 0xff, 0xc1, 0x8b, 0x7c, 0xff, 
0xc1, 0x97, 0x86, 0xff, 0xba, 0x92, 0x81, 0xff, 0xab, 0x82, 0x6f, 0xff, 0x99, 0x72, 0x61, 0xff, 
0xac, 0x81, 0x6e, 0xff, 0xc3, 0x96, 0x83, 0xff, 0xd8, 0xa4, 0x94, 0xff, 0xda, 0x9d, 0x8f, 0xff, 
0xd9, 0xaa, 0x9b, 0xff, 0xdf, 0xbf, 0xb2, 0xff, 0xd7, 0xb0, 0xa1, 0xff, 0xcb, 0x9c, 0x8c, 0xff, 
0xd2, 0x9c, 0x8d, 0xff, 0xda, 0xac, 0x9f, 0xff, 0xc3, 0x94, 0x85, 0xff, 0xbd, 0x8d, 0x7e, 0xff, 
0xcd, 0x9d, 0x8f, 0xff, 0xcb, 0x8e, 0x80, 0xff, 0xca, 0x99, 0x89, 0xff, 0xd4, 0xa6, 0x95, 0xff, 
0xcb, 0x98, 0x87, 0xff, 0xc8, 0x99, 0x87, 0xff, 0xd4, 0x9f, 0x8d, 0xff, 0xc8, 0x90, 0x80, 0xff, 
0xbe, 0x86, 0x75, 0xff, 0xd2, 0x8f, 0x7e, 0xff, 0xe2, 0xaf, 0x9e, 0xff, 0xde, 0xbc, 0xa8, 0xff, 
0xe4, 0xc8, 0xb2, 0xff, 0xe7, 0xc1, 0xa9, 0xff, 0xd4, 0x9e, 0x82, 0xff, 0xce, 0x8c, 0x76, 0xff, 
0xcb, 0x84, 0x70, 0xff, 0xbb, 0x7d, 0x64, 0xff, 0xbe, 0x84, 0x6c, 0xff, 0xbd, 0x80, 0x6a, 0xff, 
0xc3, 0x7e, 0x6c, 0xff, 0xc4, 0x7d, 0x6d, 0xff, 0xc7, 0x86, 0x75, 0xff, 0xe4, 0xa7, 0x96, 0xff, 
0xf4, 0xc4, 0xb4, 0xff, 0xf1, 0xbe, 0xad, 0xff, 0xd7, 0x9c, 0x8c, 0xff, 0xbf, 0x8b, 0x77, 0xff, 
0xd9, 0xaa, 0x96, 0xff, 0xde, 0xaf, 0x9e, 0xff, 0xe2, 0xbb, 0xa8, 0xff, 0xd7, 0xab, 0x97, 0xff, 
0xd7, 0xa4, 0x8d, 0xff, 0xc2, 0x87, 0x72, 0xff, 0xbf, 0x87, 0x77, 0xff, 0xc1, 0x83, 0x72, 0xff, 
0xc0, 0x7f, 0x6d, 0xff, 0xbf, 0x7f, 0x6e, 0xff, 0xc4, 0x82, 0x71, 0xff, 0xcc, 0x8f, 0x7d, 0xff, 
0xcc, 0x8b, 0x7a, 0xff, 0xc1, 0x81, 0x70, 0xff, 0xc2, 0x8f, 0x7a, 0xff, 0xcb, 0x9a, 0x84, 0xff, 
0xbb, 0x87, 0x73, 0xff, 0xbb, 0x89, 0x74, 0xff, 0xc5, 0x8b, 0x78, 0xff, 0xbf, 0x82, 0x6f, 0xff, 
0xc0, 0x8f, 0x7b, 0xff, 0xd0, 0x95, 0x85, 0xff, 0xd2, 0x8f, 0x7e, 0xff, 0xcf, 0x90, 0x7f, 0xff, 
0xd0, 0x92, 0x80, 0xff, 0xcb, 0x8c, 0x7a, 0xff, 0xd4, 0x92, 0x82, 0xff, 0xce, 0x8f, 0x7e, 0xff, 
0xc5, 0x90, 0x7c, 0xff, 0xbf, 0x89, 0x75, 0xff, 0xc6, 0x93, 0x7d, 0xff, 0xdb, 0xaf, 0x98, 0xff, 
0xde, 0xb9, 0xa3, 0xff, 0xcf, 0xa3, 0x8d, 0xff, 0xbb, 0x85, 0x73, 0xff, 0xb7, 0x7f, 0x6d, 0xff, 
0xb3, 0x70, 0x60, 0xff, 0xa3, 0x60, 0x50, 0xff, 0xb1, 0x6d, 0x5b, 0xff, 0xb5, 0x70, 0x61, 0xff, 
0xb3, 0x73, 0x64, 0xff, 0xae, 0x6d, 0x5e, 0xff, 0xac, 0x6c, 0x5c, 0xff, 0xa5, 0x69, 0x59, 0xff, 
0xaf, 0x6e, 0x5c, 0xff, 0x99, 0x5d, 0x51, 0xff, 0x87, 0x53, 0x4b, 0xff, 0x77, 0x42, 0x3f, 0xff, 
0x9e, 0x66, 0x57, 0xff, 0xb4, 0x78, 0x61, 0xff, 0xa3, 0x69, 0x58, 0xff, 0xaa, 0x72, 0x60, 0xff, 
0xab, 0x70, 0x5f, 0xff, 0xae, 0x75, 0x64, 0xff, 0xbe, 0x82, 0x6d, 0xff, 0xbf, 0x88, 0x75, 0xff, 
0xba, 0x84, 0x73, 0xff, 0xa0, 0x65, 0x58, 0xff, 0x99, 0x61, 0x56, 0xff, 0xa3, 0x6e, 0x61, 0xff, 
0x9e, 0x68, 0x5e, 0xff, 0x7d, 0x50, 0x45, 0xff, 0x74, 0x48, 0x3a, 0xff, 0x76, 0x47, 0x39, 0xff, 
0x67, 0x39, 0x2e, 0xff, 0xa4, 0x6f, 0x5d, 0xff, 0xc1, 0x8c, 0x77, 0xff, 0x77, 0x40, 0x38, 0xff, 
0x53, 0x2a, 0x28, 0xff, 0x46, 0x20, 0x20, 0xff, 0x96, 0x59, 0x4d, 0xff, 0xb4, 0x70, 0x61, 0xff, 
0xb9, 0x82, 0x71, 0xff, 0xbf, 0x86, 0x74, 0xff, 0x9b, 0x6c, 0x5e, 0xff, 0x5f, 0x3a, 0x35, 0xff, 
0x88, 0x58, 0x4e, 0xff, 0xa2, 0x6f, 0x61, 0xff, 0xcf, 0xa7, 0x98, 0xff, 0xe6, 0xc3, 0xb2, 0xff, 
0xd2, 0xa1, 0x91, 0xff, 0xd4, 0xa7, 0x99, 0xff, 0xcf, 0xa0, 0x92, 0xff, 0xcf, 0x9e, 0x8f, 0xff, 
0xdc, 0xb2, 0xa0, 0xff, 0xbf, 0x88, 0x77, 0xff, 0xc4, 0x8e, 0x80, 0xff, 0xc0, 0x8a, 0x7b, 0xff, 
0xa4, 0x68, 0x5c, 0xff, 0xd6, 0xb1, 0xa3, 0xff, 0xdf, 0xb6, 0xa7, 0xff, 0xcc, 0x98, 0x8c, 0xff, 
0xbe, 0x7c, 0x73, 0xff, 0x9d, 0x68, 0x5d, 0xff, 0xac, 0x72, 0x67, 0xff, 0xb7, 0x74, 0x68, 0xff, 
0xa7, 0x74, 0x67, 0xff, 0xad, 0x7d, 0x70, 0xff, 0x99, 0x66, 0x5b, 0xff, 0xb2, 0x7a, 0x6d, 0xff, 
0xb7, 0x80, 0x73, 0xff, 0xb4, 0x84, 0x77, 0xff, 0x9f, 0x6f, 0x64, 0xff, 0xa7, 0x76, 0x69, 0xff, 
0xab, 0x77, 0x69, 0xff, 0x7c, 0x49, 0x3f, 0xff, 0x9e, 0x6f, 0x62, 0xff, 0xd2, 0xab, 0x98, 0xff, 
0xc9, 0x9d, 0x8c, 0xff, 0xb2, 0x80, 0x6b, 0xff, 0xc5, 0x9f, 0x90, 0xff, 0xc7, 0xa2, 0x95, 0xff, 
0xc4, 0x9d, 0x89, 0xff, 0xc6, 0x9b, 0x84, 0xff, 0xbe, 0x8a, 0x78, 0xff, 0xcc, 0x99, 0x89, 0xff, 
0xd9, 0xaf, 0x9b, 0xff, 0xce, 0xa6, 0x90, 0xff, 0xb9, 0x85, 0x6d, 0xff, 0xbd, 0x83, 0x69, 0xff, 
0xc9, 0x93, 0x77, 0xff, 0xc8, 0x97, 0x7a, 0xff, 0xb6, 0x86, 0x6e, 0xff, 0xa6, 0x75, 0x5f, 0xff, 
0xc2, 0x8d, 0x73, 0xff, 0xc9, 0x98, 0x83, 0xff, 0xc7, 0x9a, 0x86, 0xff, 0xc1, 0x97, 0x85, 0xff, 
0xc3, 0x9b, 0x8a, 0xff, 0xcc, 0xa5, 0x95, 0xff, 0xd0, 0xac, 0x9b, 0xff, 0xc1, 0x9b, 0x8c, 0xff, 
0xc2, 0x96, 0x81, 0xff, 0xdb, 0xa7, 0x89, 0xff, 0xd3, 0x9e, 0x81, 0xff, 0xc8, 0x8f, 0x7f, 0xff, 
0xbc, 0x7c, 0x6e, 0xff, 0xae, 0x6b, 0x5c, 0xff, 0xb7, 0x74, 0x64, 0xff, 0xa7, 0x5e, 0x4f, 0xff, 
0xa7, 0x5d, 0x4f, 0xff, 0xa2, 0x5a, 0x4f, 0xff, 0xab, 0x63, 0x56, 0xff, 0xbd, 0x76, 0x65, 0xff, 
0xb7, 0x6f, 0x60, 0xff, 0xc5, 0x84, 0x6f, 0xff, 0xc0, 0x79, 0x65, 0xff, 0xb6, 0x79, 0x63, 0xff, 
0xad, 0x71, 0x62, 0xff, 0xc1, 0x7c, 0x6e, 0xff, 0xbf, 0x80, 0x6f, 0xff, 0xc0, 0x81, 0x77, 0xff, 
0xb4, 0x77, 0x6c, 0xff, 0xa5, 0x67, 0x5f, 0xff, 0xad, 0x69, 0x64, 0xff, 0xb5, 0x7a, 0x6c, 0xff, 
0x9e, 0x6c, 0x5c, 0xff, 0xaa, 0x70, 0x61, 0xff, 0xb6, 0x72, 0x62, 0xff, 0xbf, 0x80, 0x6c, 0xff, 
0xc0, 0x83, 0x6f, 0xff, 0xb2, 0x71, 0x5e, 0xff, 0xb2, 0x6f, 0x5d, 0xff, 0xa5, 0x68, 0x5a, 0xff, 
0xa7, 0x6f, 0x60, 0xff, 0xb2, 0x7b, 0x6b, 0xff, 0xc1, 0x8b, 0x76, 0xff, 0xca, 0x9f, 0x87, 0xff, 
0xc8, 0x9c, 0x86, 0xff, 0xc0, 0x96, 0x85, 0xff, 0xbf, 0x92, 0x7e, 0xff, 0xb1, 0x79, 0x63, 0xff, 
0xa3, 0x6d, 0x5b, 0xff, 0xa7, 0x78, 0x66, 0xff, 0xb1, 0x80, 0x6a, 0xff, 0xad, 0x78, 0x62, 0xff, 
0xb0, 0x80, 0x6d, 0xff, 0xb7, 0x89, 0x78, 0xff, 0xd9, 0xb0, 0x9e, 0xff, 0xd8, 0xaf, 0x9c, 0xff, 
0xcf, 0x9b, 0x86, 0xff, 0xcd, 0x9b, 0x88, 0xff, 0xc5, 0x92, 0x7d, 0xff, 0xba, 0x85, 0x6e, 0xff, 
0xa9, 0x72, 0x60, 0xff, 0x99, 0x62, 0x53, 0xff, 0xbc, 0x91, 0x80, 0xff, 0xc5, 0xa3, 0x97, 0xff, 
0xbe, 0x90, 0x85, 0xff, 0xaa, 0x79, 0x69, 0xff, 0x91, 0x67, 0x58, 0xff, 0xa8, 0x77, 0x69, 0xff, 
0xb6, 0x7d, 0x6f, 0xff, 0xb8, 0x80, 0x72, 0xff, 0xae, 0x7b, 0x6e, 0xff, 0xb0, 0x84, 0x76, 0xff, 
0xbe, 0x92, 0x82, 0xff, 0xaf, 0x7e, 0x6f, 0xff, 0xbe, 0x90, 0x7f, 0xff, 0xbc, 0x8b, 0x7b, 0xff, 
0x9e, 0x6e, 0x61, 0xff, 0x94, 0x73, 0x65, 0xff, 0xd8, 0xb8, 0xa7, 0xff, 0xd9, 0xb6, 0xa4, 0xff, 
0xc8, 0xa1, 0x8e, 0xff, 0xc8, 0x98, 0x84, 0xff, 0xb6, 0x88, 0x74, 0xff, 0xba, 0x8c, 0x7c, 0xff, 
0xdc, 0xaf, 0x9e, 0xff, 0xd8, 0xa8, 0x97, 0xff, 0xce, 0x9b, 0x86, 0xff, 0xd2, 0x9f, 0x8c, 0xff, 
0xcd, 0xa0, 0x90, 0xff, 0xbe, 0x98, 0x87, 0xff, 0xab, 0x84, 0x72, 0xff, 0xa0, 0x7a, 0x67, 0xff, 
0xb4, 0x89, 0x77, 0xff, 0xcf, 0xa2, 0x91, 0xff, 0xe9, 0xba, 0xad, 0xff, 0xe5, 0xb7, 0xaa, 0xff, 
0xe0, 0xb0, 0x9f, 0xff, 0xdd, 0xab, 0x9c, 0xff, 0xd8, 0xa5, 0x97, 0xff, 0xd3, 0xa2, 0x93, 0xff, 
0xce, 0x98, 0x89, 0xff, 0xc0, 0x88, 0x78, 0xff, 0xc5, 0x8d, 0x7d, 0xff, 0xd6, 0x99, 0x8b, 0xff, 
0xd7, 0x98, 0x8b, 0xff, 0xd1, 0x97, 0x88, 0xff, 0xd4, 0x9c, 0x8c, 0xff, 0xce, 0x96, 0x87, 0xff, 
0xc1, 0x8c, 0x7a, 0xff, 0xc3, 0x91, 0x7f, 0xff, 0xc4, 0x94, 0x82, 0xff, 0xc2, 0x8e, 0x7b, 0xff, 
0xc2, 0x82, 0x70, 0xff, 0xd0, 0x91, 0x80, 0xff, 0xeb, 0xc0, 0xad, 0xff, 0xd4, 0xa7, 0x8e, 0xff, 
0xc6, 0x88, 0x6c, 0xff, 0xce, 0x98, 0x7c, 0xff, 0xc6, 0x8b, 0x72, 0xff, 0xc2, 0x83, 0x6c, 0xff, 
0xbb, 0x7b, 0x66, 0xff, 0xc1, 0x84, 0x6b, 0xff, 0xcb, 0x94, 0x7b, 0xff, 0xc6, 0x8b, 0x76, 0xff, 
0xbe, 0x7b, 0x69, 0xff, 0xc1, 0x7d, 0x6e, 0xff, 0xd5, 0x96, 0x86, 0xff, 0xcf, 0x95, 0x85, 0xff, 
0xc6, 0x94, 0x83, 0xff, 0xdb, 0xa9, 0x99, 0xff, 0xcf, 0x93, 0x80, 0xff, 0xcb, 0x98, 0x82, 0xff, 
0xf0, 0xd8, 0xc5, 0xff, 0xce, 0xa2, 0x92, 0xff, 0xc3, 0x8f, 0x7a, 0xff, 0xcf, 0x94, 0x82, 0xff, 
0xd7, 0xa1, 0x8c, 0xff, 0xc5, 0x84, 0x72, 0xff, 0xc7, 0x8f, 0x7c, 0xff, 0xca, 0x96, 0x83, 0xff, 
0xc2, 0x83, 0x71, 0xff, 0xc0, 0x84, 0x72, 0xff, 0xc5, 0x85, 0x74, 0xff, 0xcc, 0x90, 0x7e, 0xff, 
0xca, 0x8b, 0x7a, 0xff, 0xb5, 0x78, 0x65, 0xff, 0xb8, 0x80, 0x6b, 0xff, 0xbc, 0x83, 0x70, 0xff, 
0xbc, 0x85, 0x70, 0xff, 0xc8, 0x95, 0x7f, 0xff, 0xd5, 0x9d, 0x8b, 0xff, 0xcb, 0x98, 0x85, 0xff, 
0xc8, 0x89, 0x77, 0xff, 0xc8, 0x8d, 0x7a, 0xff, 0xc5, 0x8e, 0x79, 0xff, 0xc9, 0x89, 0x78, 0xff, 
0xc4, 0x8a, 0x77, 0xff, 0xc4, 0x8e, 0x7a, 0xff, 0xca, 0x8d, 0x7d, 0xff, 0xd5, 0xa1, 0x8d, 0xff, 
0xc9, 0x92, 0x7f, 0xff, 0xbe, 0x86, 0x73, 0xff, 0xcc, 0x99, 0x84, 0xff, 0xcf, 0x9f, 0x89, 0xff, 
0xbb, 0x82, 0x6e, 0xff, 0xc5, 0x91, 0x7c, 0xff, 0xd5, 0xa1, 0x8d, 0xff, 0xb8, 0x7e, 0x6b, 0xff, 
0xb1, 0x70, 0x5c, 0xff, 0xb1, 0x66, 0x56, 0xff, 0xaa, 0x65, 0x55, 0xff, 0xaa, 0x69, 0x59, 0xff, 
0xa4, 0x67, 0x5a, 0xff, 0xa7, 0x6a, 0x5e, 0xff, 0xa6, 0x68, 0x5a, 0xff, 0xa3, 0x66, 0x59, 0xff, 
0x97, 0x5d, 0x51, 0xff, 0x82, 0x4f, 0x47, 0xff, 0x80, 0x4c, 0x46, 0xff, 0x86, 0x4b, 0x43, 0xff, 
0x8d, 0x4e, 0x42, 0xff, 0x93, 0x58, 0x49, 0xff, 0x92, 0x5c, 0x4b, 0xff, 0xa5, 0x67, 0x57, 0xff, 
0xb2, 0x75, 0x64, 0xff, 0x9d, 0x6a, 0x5d, 0xff, 0x97, 0x63, 0x54, 0xff, 0xb4, 0x80, 0x6c, 0xff, 
0xcb, 0x98, 0x80, 0xff, 0xaf, 0x73, 0x62, 0xff, 0x7d, 0x47, 0x3e, 0xff, 0x8e, 0x5e, 0x51, 0xff, 
0x94, 0x61, 0x56, 0xff, 0x84, 0x55, 0x49, 0xff, 0x83, 0x54, 0x41, 0xff, 0x90, 0x5e, 0x4c, 0xff, 
0x86, 0x56, 0x47, 0xff, 0x82, 0x4e, 0x40, 0xff, 0x94, 0x59, 0x4c, 0xff, 0xa4, 0x61, 0x51, 0xff, 
0x9a, 0x5b, 0x4d, 0xff, 0xaa, 0x70, 0x63, 0xff, 0xa5, 0x67, 0x5b, 0xff, 0xab, 0x65, 0x54, 0xff, 
0xae, 0x70, 0x60, 0xff, 0xb3, 0x81, 0x6f, 0xff, 0x9a, 0x70, 0x62, 0xff, 0x7d, 0x55, 0x4c, 0xff, 
0x9b, 0x6c, 0x5f, 0xff, 0xaa, 0x7b, 0x6b, 0xff, 0xce, 0xa5, 0x96, 0xff, 0xc7, 0x9b, 0x8f, 0xff, 
0xdb, 0xb5, 0xa7, 0xff, 0xfc, 0xe9, 0xdb, 0xff, 0xef, 0xd1, 0xbf, 0xff, 0xd2, 0xa5, 0x93, 0xff, 
0xc5, 0x93, 0x81, 0xff, 0xd3, 0xa7, 0x91, 0xff, 0xc0, 0x8a, 0x7b, 0xff, 0xc0, 0x8e, 0x81, 0xff, 
0xaf, 0x7a, 0x6d, 0xff, 0xe7, 0xc3, 0xb4, 0xff, 0xde, 0xaa, 0x9b, 0xff, 0xde, 0xb3, 0xa3, 0xff, 
0xcd, 0xa6, 0x96, 0xff, 0xb9, 0x88, 0x79, 0xff, 0xb4, 0x78, 0x6a, 0xff, 0xb2, 0x78, 0x6c, 0xff, 
0x9e, 0x6b, 0x62, 0xff, 0x94, 0x5e, 0x55, 0xff, 0xb8, 0x7a, 0x6d, 0xff, 0xbe, 0x7f, 0x73, 0xff, 
0xa6, 0x70, 0x63, 0xff, 0x9a, 0x60, 0x56, 0xff, 0xa7, 0x76, 0x68, 0xff, 0xb6, 0x8e, 0x7e, 0xff, 
0x8d, 0x61, 0x55, 0xff, 0x8e, 0x5e, 0x53, 0xff, 0xb2, 0x8a, 0x7c, 0xff, 0xc1, 0x9e, 0x8d, 0xff, 
0xa5, 0x7e, 0x6f, 0xff, 0x96, 0x62, 0x55, 0xff, 0xa2, 0x75, 0x66, 0xff, 0xba, 0x98, 0x8a, 0xff, 
0xc0, 0x9f, 0x90, 0xff, 0xcc, 0xa1, 0x8a, 0xff, 0xca, 0x99, 0x80, 0xff, 0xd5, 0xa5, 0x8f, 0xff, 
0xe3, 0xb5, 0xa2, 0xff, 0xc6, 0x95, 0x80, 0xff, 0xb4, 0x78, 0x61, 0xff, 0xb2, 0x77, 0x62, 0xff, 
0xbc, 0x89, 0x73, 0xff, 0xcb, 0x9b, 0x7b, 0xff, 0xcb, 0x9a, 0x7f, 0xff, 0xc0, 0x8d, 0x72, 0xff, 
0xc4, 0x8b, 0x72, 0xff, 0xcf, 0x99, 0x7d, 0xff, 0xc1, 0x95, 0x7b, 0xff, 0xba, 0x8d, 0x7c, 0xff, 
0xb2, 0x86, 0x76, 0xff, 0xc2, 0x9b, 0x8b, 0xff, 0xc8, 0x9d, 0x8a, 0xff, 0xbe, 0x94, 0x82, 0xff, 
0xb5, 0x93, 0x80, 0xff, 0xbe, 0x96, 0x82, 0xff, 0xc8, 0x98, 0x80, 0xff, 0xbe, 0x85, 0x6e, 0xff, 
0xc4, 0x8a, 0x73, 0xff, 0xc6, 0x89, 0x72, 0xff, 0xc1, 0x82, 0x6c, 0xff, 0xc4, 0x84, 0x72, 0xff, 
0xbd, 0x7b, 0x69, 0xff, 0xa5, 0x5c, 0x50, 0xff, 0x9b, 0x52, 0x47, 0xff, 0xa9, 0x5e, 0x51, 0xff, 
0xb7, 0x71, 0x60, 0xff, 0xb8, 0x76, 0x62, 0xff, 0xad, 0x6e, 0x5d, 0xff, 0xb5, 0x78, 0x67, 0xff, 
0xb8, 0x78, 0x6a, 0xff, 0xc7, 0x8a, 0x7a, 0xff, 0xd2, 0x97, 0x88, 0xff, 0xc8, 0x8c, 0x80, 0xff, 
0xa8, 0x6c, 0x61, 0xff, 0xa7, 0x6f, 0x64, 0xff, 0xcd, 0x95, 0x81, 0xff, 0xb8, 0x80, 0x6d, 0xff, 
0x9c, 0x5e, 0x4f, 0xff, 0x85, 0x55, 0x4b, 0xff, 0xa2, 0x6a, 0x5b, 0xff, 0xc0, 0x88, 0x73, 0xff, 
0xad, 0x72, 0x61, 0xff, 0xac, 0x70, 0x60, 0xff, 0xb5, 0x73, 0x62, 0xff, 0xaf, 0x6f, 0x60, 0xff, 
0xb2, 0x77, 0x69, 0xff, 0xa9, 0x6d, 0x5e, 0xff, 0xa6, 0x6e, 0x5d, 0xff, 0xbe, 0x93, 0x81, 0xff, 
0xb7, 0x90, 0x7d, 0xff, 0xa8, 0x7a, 0x6b, 0xff, 0x9c, 0x69, 0x59, 0xff, 0xa8, 0x70, 0x5f, 0xff, 
0xae, 0x77, 0x64, 0xff, 0xa8, 0x72, 0x5e, 0xff, 0xa4, 0x6f, 0x5d, 0xff, 0xaf, 0x7b, 0x68, 0xff, 
0xb9, 0x8c, 0x7b, 0xff, 0xba, 0x8e, 0x7d, 0xff, 0xd0, 0xaa, 0x98, 0xff, 0xda, 0xaf, 0x9c, 0xff, 
0xc9, 0x91, 0x7b, 0xff, 0xc3, 0x91, 0x7b, 0xff, 0xba, 0x88, 0x74, 0xff, 0xae, 0x79, 0x65, 0xff, 
0xb4, 0x81, 0x6d, 0xff, 0xb6, 0x86, 0x76, 0xff, 0xc6, 0xa7, 0x9b, 0xff, 0xb4, 0x94, 0x88, 0xff, 
0xb8, 0x8b, 0x7d, 0xff, 0xbc, 0x8d, 0x7d, 0xff, 0x92, 0x68, 0x5a, 0xff, 0xa1, 0x74, 0x65, 0xff, 
0xbb, 0x8c, 0x7c, 0xff, 0xb3, 0x83, 0x75, 0xff, 0xab, 0x7e, 0x70, 0xff, 0xb1, 0x86, 0x77, 0xff, 
0xc1, 0x96, 0x85, 0xff, 0xc0, 0xa4, 0x97, 0xff, 0xc3, 0x9f, 0x8f, 0xff, 0xab, 0x81, 0x6d, 0xff, 
0xa8, 0x81, 0x70, 0xff, 0xb4, 0x8e, 0x80, 0xff, 0xc3, 0x9f, 0x8f, 0xff, 0xbc, 0x97, 0x88, 0xff, 
0xcd, 0xa6, 0x93, 0xff, 0xd8, 0xb1, 0x9d, 0xff, 0xcb, 0xa2, 0x8d, 0xff, 0xd3, 0xa2, 0x92, 0xff, 
0xd0, 0x9f, 0x8f, 0xff, 0xd1, 0xa0, 0x89, 0xff, 0xd7, 0xa8, 0x8d, 0xff, 0xd6, 0xa7, 0x8f, 0xff, 
0xde, 0xac, 0x99, 0xff, 0xd0, 0x9b, 0x8a, 0xff, 0xc1, 0x93, 0x82, 0xff, 0xc8, 0x9d, 0x8b, 0xff, 
0xb8, 0x8f, 0x7b, 0xff, 0xc2, 0x91, 0x80, 0xff, 0xec, 0xb7, 0xaa, 0xff, 0xe5, 0xb8, 0xab, 0xff, 
0xdb, 0xa9, 0x9a, 0xff, 0xe4, 0xaa, 0x9b, 0xff, 0xe5, 0xad, 0x9f, 0xff, 0xda, 0x9e, 0x91, 0xff, 
0xcf, 0x97, 0x85, 0xff, 0xd3, 0xa2, 0x91, 0xff, 0xe3, 0xab, 0x9d, 0xff, 0xe8, 0xac, 0x9e, 0xff, 
0xd9, 0x9b, 0x8e, 0xff, 0xd6, 0x9b, 0x8b, 0xff, 0xd5, 0x96, 0x87, 0xff, 0xc8, 0x93, 0x83, 0xff, 
0xc7, 0x94, 0x83, 0xff, 0xbf, 0x8d, 0x7b, 0xff, 0xbc, 0x84, 0x72, 0xff, 0xbe, 0x84, 0x73, 0xff, 
0xbc, 0x83, 0x72, 0xff, 0xcf, 0x94, 0x83, 0xff, 0xe9, 0xb3, 0xa0, 0xff, 0xd5, 0xa0, 0x87, 0xff, 
0xcb, 0x94, 0x78, 0xff, 0xc0, 0x7f, 0x66, 0xff, 0xbd, 0x80, 0x68, 0xff, 0xbb, 0x80, 0x66, 0xff, 
0xbe, 0x7e, 0x68, 0xff, 0xcf, 0x95, 0x7b, 0xff, 0xce, 0x91, 0x76, 0xff, 0xc0, 0x7e, 0x6c, 0xff, 
0xcb, 0x87, 0x76, 0xff, 0xc0, 0x7e, 0x6f, 0xff, 0xb5, 0x75, 0x66, 0xff, 0xc3, 0x8e, 0x7a, 0xff, 
0xda, 0xb6, 0xa1, 0xff, 0xd3, 0xa1, 0x8c, 0xff, 0xd1, 0x9c, 0x8b, 0xff, 0xdd, 0xb7, 0xa5, 0xff, 
0xeb, 0xc9, 0xb4, 0xff, 0xd3, 0xaa, 0x96, 0xff, 0xcb, 0x90, 0x7e, 0xff, 0xd7, 0x9a, 0x89, 0xff, 
0xc6, 0x88, 0x77, 0xff, 0xc4, 0x84, 0x74, 0xff, 0xc6, 0x8c, 0x77, 0xff, 0xcf, 0x9e, 0x89, 0xff, 
0xc2, 0x89, 0x77, 0xff, 0xc8, 0x87, 0x77, 0xff, 0xc8, 0x88, 0x79, 0xff, 0xc1, 0x80, 0x6f, 0xff, 
0xcd, 0x9e, 0x8c, 0xff, 0xbd, 0x8e, 0x7b, 0xff, 0xb9, 0x81, 0x6e, 0xff, 0xba, 0x81, 0x6e, 0xff, 
0xb4, 0x74, 0x65, 0xff, 0xc2, 0x86, 0x74, 0xff, 0xc7, 0x8d, 0x7a, 0xff, 0xd5, 0x9d, 0x8c, 0xff, 
0xd0, 0x87, 0x7a, 0xff, 0xc2, 0x86, 0x76, 0xff, 0xb5, 0x7e, 0x6a, 0xff, 0xca, 0x8e, 0x7c, 0xff, 
0xde, 0xa7, 0x94, 0xff, 0xcd, 0x96, 0x84, 0xff, 0xc3, 0x83, 0x75, 0xff, 0xd2, 0x9e, 0x8c, 0xff, 
0xc7, 0x92, 0x7e, 0xff, 0xc4, 0x8d, 0x7a, 0xff, 0xc4, 0x8a, 0x77, 0xff, 0xbf, 0x84, 0x71, 0xff, 
0xc1, 0x84, 0x72, 0xff, 0xbc, 0x7b, 0x6c, 0xff, 0xd3, 0xa3, 0x8b, 0xff, 0xc7, 0x8f, 0x7a, 0xff, 
0xb6, 0x7b, 0x68, 0xff, 0xac, 0x6c, 0x5c, 0xff, 0xa6, 0x62, 0x52, 0xff, 0xb1, 0x70, 0x61, 0xff, 
0xab, 0x70, 0x62, 0xff, 0x9d, 0x64, 0x57, 0xff, 0xaa, 0x6c, 0x60, 0xff, 0xb5, 0x74, 0x66, 0xff, 
0x9f, 0x64, 0x58, 0xff, 0x95, 0x5c, 0x50, 0xff, 0x94, 0x56, 0x4b, 0xff, 0x94, 0x59, 0x4d, 0xff, 
0x94, 0x59, 0x49, 0xff, 0x7b, 0x44, 0x3b, 0xff, 0x99, 0x5d, 0x51, 0xff, 0xb3, 0x71, 0x61, 0xff, 
0x9e, 0x63, 0x57, 0xff, 0xb1, 0x79, 0x68, 0xff, 0xa5, 0x73, 0x62, 0xff, 0xa8, 0x70, 0x60, 0xff, 
0xba, 0x7d, 0x69, 0xff, 0xb9, 0x7f, 0x6b, 0xff, 0x8a, 0x5c, 0x4d, 0xff, 0x80, 0x4e, 0x43, 0xff, 
0x8d, 0x53, 0x4a, 0xff, 0x70, 0x43, 0x3a, 0xff, 0x69, 0x42, 0x35, 0xff, 0x72, 0x49, 0x3d, 0xff, 
0xb8, 0x8b, 0x78, 0xff, 0xa8, 0x79, 0x65, 0xff, 0x7f, 0x45, 0x38, 0xff, 0x7d, 0x3f, 0x37, 0xff, 
0x8a, 0x4e, 0x43, 0xff, 0xb1, 0x80, 0x71, 0xff, 0xb4, 0x7d, 0x6d, 0xff, 0xc7, 0x91, 0x7d, 0xff, 
0xba, 0x85, 0x73, 0xff, 0xb0, 0x79, 0x6a, 0xff, 0x8f, 0x5e, 0x53, 0xff, 0xa0, 0x73, 0x66, 0xff, 
0xc6, 0x97, 0x86, 0xff, 0xc5, 0x99, 0x88, 0xff, 0xbe, 0x90, 0x83, 0xff, 0xd3, 0xad, 0xa2, 0xff, 
0xee, 0xd9, 0xcd, 0xff, 0xf4, 0xde, 0xd0, 0xff, 0xee, 0xd5, 0xc6, 0xff, 0xe7, 0xc3, 0xb3, 0xff, 
0xdd, 0xa5, 0x91, 0xff, 0xda, 0xa2, 0x8f, 0xff, 0xd7, 0xa7, 0x94, 0xff, 0xad, 0x7a, 0x6d, 0xff, 
0xc3, 0x9a, 0x8c, 0xff, 0xe9, 0xc2, 0xb2, 0xff, 0xc8, 0x93, 0x87, 0xff, 0xdc, 0xb7, 0xa5, 0xff, 
0xeb, 0xcb, 0xb3, 0xff, 0xdb, 0xac, 0x99, 0xff, 0xb8, 0x7e, 0x70, 0xff, 0xa9, 0x6f, 0x64, 0xff, 
0xaf, 0x80, 0x73, 0xff, 0xc5, 0x91, 0x83, 0xff, 0xbe, 0x7d, 0x71, 0xff, 0xb0, 0x7e, 0x71, 0xff, 
0x9c, 0x6c, 0x60, 0xff, 0xa4, 0x73, 0x64, 0xff, 0xc5, 0x9b, 0x8a, 0xff, 0x8c, 0x62, 0x58, 0xff, 
0x88, 0x5b, 0x51, 0xff, 0xc1, 0x96, 0x86, 0xff, 0xb4, 0x90, 0x7e, 0xff, 0x9a, 0x6e, 0x60, 0xff, 
0xba, 0x8c, 0x7e, 0xff, 0xc1, 0x92, 0x83, 0xff, 0xab, 0x7b, 0x69, 0xff, 0xa8, 0x81, 0x6e, 0xff, 
0xc6, 0xa1, 0x92, 0xff, 0xcf, 0xa5, 0x93, 0xff, 0xb6, 0x89, 0x77, 0xff, 0xb8, 0x80, 0x6d, 0xff, 
0xc5, 0x90, 0x78, 0xff, 0xb9, 0x81, 0x6c, 0xff, 0xc1, 0x83, 0x72, 0xff, 0xcb, 0x99, 0x86, 0xff, 
0xb8, 0x87, 0x6e, 0xff, 0xc2, 0x8d, 0x74, 0xff, 0xd5, 0x9f, 0x85, 0xff, 0xd4, 0xa3, 0x86, 0xff, 
0xcb, 0x95, 0x79, 0xff, 0xbc, 0x89, 0x6e, 0xff, 0xb9, 0x8b, 0x76, 0xff, 0xc5, 0x94, 0x7d, 0xff, 
0xc1, 0x90, 0x7a, 0xff, 0xcd, 0x9e, 0x83, 0xff, 0xbd, 0x90, 0x77, 0xff, 0xb4, 0x86, 0x6d, 0xff, 
0xc6, 0x9d, 0x83, 0xff, 0xc3, 0x9d, 0x86, 0xff, 0xc3, 0x8f, 0x75, 0xff, 0xc7, 0x8f, 0x76, 0xff, 
0xc4, 0x8f, 0x77, 0xff, 0xbe, 0x83, 0x6d, 0xff, 0xb0, 0x75, 0x68, 0xff, 0xc0, 0x87, 0x71, 0xff, 
0xbb, 0x7c, 0x68, 0xff, 0xad, 0x68, 0x5a, 0xff, 0xab, 0x64, 0x55, 0xff, 0xb9, 0x74, 0x62, 0xff, 
0xc7, 0x87, 0x75, 0xff, 0xcc, 0x8c, 0x7b, 0xff, 0xab, 0x6e, 0x68, 0xff, 0xb1, 0x73, 0x6d, 0xff, 
0xd0, 0x91, 0x84, 0xff, 0xb8, 0x7b, 0x70, 0xff, 0xb6, 0x7d, 0x75, 0xff, 0xaa, 0x6d, 0x5d, 0xff, 
0xb9, 0x7a, 0x6b, 0xff, 0xa6, 0x70, 0x63, 0xff, 0xb4, 0x7b, 0x65, 0xff, 0xb8, 0x75, 0x60, 0xff, 
0xab, 0x61, 0x50, 0xff, 0xb4, 0x74, 0x62, 0xff, 0xb8, 0x88, 0x74, 0xff, 0xc4, 0x96, 0x80, 0xff, 
0xbf, 0x87, 0x72, 0xff, 0xb3, 0x74, 0x64, 0xff, 0xbb, 0x7e, 0x6e, 0xff, 0xaf, 0x77, 0x65, 0xff, 
0xa2, 0x6e, 0x60, 0xff, 0xa3, 0x6c, 0x5d, 0xff, 0x9d, 0x68, 0x5a, 0xff, 0x98, 0x65, 0x59, 0xff, 
0x9e, 0x6c, 0x5f, 0xff, 0xa6, 0x76, 0x67, 0xff, 0xa5, 0x6f, 0x5e, 0xff, 0x9b, 0x66, 0x56, 0xff, 
0xa5, 0x70, 0x5e, 0xff, 0xad, 0x76, 0x63, 0xff, 0xac, 0x72, 0x61, 0xff, 0xb2, 0x7e, 0x69, 0xff, 
0xbe, 0x92, 0x7f, 0xff, 0xc1, 0x95, 0x84, 0xff, 0xd8, 0xb9, 0xa7, 0xff, 0xe1, 0xc0, 0xac, 0xff, 
0xca, 0x99, 0x83, 0xff, 0xcb, 0x9a, 0x86, 0xff, 0xba, 0x86, 0x71, 0xff, 0xba, 0x88, 0x75, 0xff, 
0xd9, 0xb7, 0xa7, 0xff, 0xe5, 0xc9, 0xba, 0xff, 0xd2, 0xb1, 0xa6, 0xff, 0xc2, 0x9b, 0x8e, 0xff, 
0xd4, 0xab, 0x9c, 0xff, 0xce, 0xa3, 0x93, 0xff, 0xbc, 0x8d, 0x7d, 0xff, 0xc6, 0x9b, 0x8c, 0xff, 
0xc6, 0x9b, 0x8b, 0xff, 0xbd, 0x92, 0x84, 0xff, 0xab, 0x7c, 0x6f, 0xff, 0xa2, 0x77, 0x69, 0xff, 
0xbf, 0x99, 0x88, 0xff, 0xd9, 0xb5, 0xa4, 0xff, 0xc6, 0x9e, 0x8e, 0xff, 0xb6, 0x8b, 0x78, 0xff, 
0xbf, 0x96, 0x83, 0xff, 0xb8, 0x90, 0x7f, 0xff, 0xcb, 0xa5, 0x94, 0xff, 0xda, 0xb6, 0xa3, 0xff, 
0xca, 0xa5, 0x94, 0xff, 0xbe, 0x9c, 0x8c, 0xff, 0xc1, 0x9a, 0x8a, 0xff, 0xcb, 0x9e, 0x8f, 0xff, 
0xd1, 0xa8, 0x95, 0xff, 0xd1, 0xa6, 0x91, 0xff, 0xc7, 0x9a, 0x86, 0xff, 0xd6, 0xae, 0x9b, 0xff, 
0xc9, 0x9e, 0x8f, 0xff, 0xcd, 0x98, 0x89, 0xff, 0xd8, 0xa2, 0x90, 0xff, 0xcf, 0xa4, 0x93, 0xff, 
0xb3, 0x8b, 0x78, 0xff, 0xbb, 0x8a, 0x78, 0xff, 0xe3, 0xa8, 0x95, 0xff, 0xe6, 0xa9, 0x98, 0xff, 
0xdf, 0xab, 0x9c, 0xff, 0xe3, 0xbc, 0xad, 0xff, 0xe8, 0xb3, 0xa4, 0xff, 0xe3, 0xb0, 0xa2, 0xff, 
0xdc, 0xb0, 0xa2, 0xff, 0xdb, 0xa7, 0x99, 0xff, 0xda, 0xa7, 0x97, 0xff, 0xe1, 0xac, 0x9d, 0xff, 
0xe1, 0xa4, 0x94, 0xff, 0xdf, 0xa0, 0x90, 0xff, 0xd6, 0x9d, 0x8c, 0xff, 0xca, 0x93, 0x84, 0xff, 
0xc7, 0x8d, 0x7e, 0xff, 0xbf, 0x83, 0x73, 0xff, 0xc4, 0x8b, 0x7c, 0xff, 0xbb, 0x86, 0x76, 0xff, 
0xc8, 0x90, 0x7f, 0xff, 0xe9, 0xb9, 0xa8, 0xff, 0xdf, 0xac, 0x99, 0xff, 0xbd, 0x7f, 0x6b, 0xff, 
0xc6, 0x8e, 0x73, 0xff, 0xcc, 0x85, 0x71, 0xff, 0xc4, 0x78, 0x69, 0xff, 0xc1, 0x86, 0x6d, 0xff, 
0xc4, 0x87, 0x6f, 0xff, 0xc9, 0x8a, 0x6f, 0xff, 0xc4, 0x85, 0x6d, 0xff, 0xc6, 0x82, 0x70, 0xff, 
0xc9, 0x88, 0x75, 0xff, 0xb9, 0x7b, 0x6b, 0xff, 0xa9, 0x6a, 0x5d, 0xff, 0xc5, 0x93, 0x82, 0xff, 
0xe9, 0xca, 0xb4, 0xff, 0xd5, 0xa6, 0x91, 0xff, 0xc5, 0x91, 0x81, 0xff, 0xd8, 0xb2, 0x9f, 0xff, 
0xde, 0xb3, 0x9f, 0xff, 0xe5, 0xb8, 0xa5, 0xff, 0xef, 0xbc, 0xab, 0xff, 0xda, 0x9d, 0x8e, 0xff, 
0xc6, 0x86, 0x74, 0xff, 0xc8, 0x8b, 0x7a, 0xff, 0xc3, 0x83, 0x72, 0xff, 0xc9, 0x90, 0x7c, 0xff, 
0xcd, 0x95, 0x85, 0xff, 0xd3, 0x8e, 0x81, 0xff, 0xcf, 0x91, 0x81, 0xff, 0xbe, 0x7c, 0x6c, 0xff, 
0xd5, 0xb4, 0xa6, 0xff, 0xcd, 0xa5, 0x96, 0xff, 0xc8, 0x96, 0x83, 0xff, 0xc0, 0x87, 0x77, 0xff, 
0xb3, 0x70, 0x63, 0xff, 0xc3, 0x85, 0x76, 0xff, 0xba, 0x7e, 0x70, 0xff, 0xcf, 0x99, 0x89, 0xff, 
0xcc, 0x96, 0x87, 0xff, 0xb7, 0x81, 0x6f, 0xff, 0xc5, 0x8f, 0x7e, 0xff, 0xd1, 0x93, 0x85, 0xff, 
0xd9, 0xa8, 0x95, 0xff, 0xe1, 0xab, 0x9a, 0xff, 0xdb, 0xa2, 0x91, 0xff, 0xce, 0x92, 0x81, 0xff, 
0xc5, 0x90, 0x7e, 0xff, 0xc6, 0x87, 0x75, 0xff, 0xc8, 0x89, 0x77, 0xff, 0xc4, 0x84, 0x73, 0xff, 
0xcd, 0x8e, 0x7d, 0xff, 0xc1, 0x7e, 0x6f, 0xff, 0xb2, 0x77, 0x64, 0xff, 0xb4, 0x76, 0x66, 0xff, 
0xc3, 0x90, 0x79, 0xff, 0xb9, 0x85, 0x73, 0xff, 0xac, 0x69, 0x5b, 0xff, 0xae, 0x6d, 0x5b, 0xff, 
0x9b, 0x60, 0x54, 0xff, 0xa1, 0x67, 0x5c, 0xff, 0xb5, 0x76, 0x69, 0xff, 0xb6, 0x74, 0x67, 0xff, 
0xaa, 0x6e, 0x61, 0xff, 0xad, 0x75, 0x66, 0xff, 0xa4, 0x68, 0x5a, 0xff, 0x92, 0x5c, 0x51, 0xff, 
0x89, 0x56, 0x4c, 0xff, 0x80, 0x4c, 0x42, 0xff, 0xa7, 0x67, 0x5b, 0xff, 0xa2, 0x63, 0x55, 0xff, 
0x8f, 0x5d, 0x4f, 0xff, 0x9f, 0x67, 0x58, 0xff, 0xb1, 0x75, 0x63, 0xff, 0xbe, 0x86, 0x70, 0xff, 
0xb7, 0x7c, 0x68, 0xff, 0xb4, 0x79, 0x66, 0xff, 0xd0, 0x95, 0x80, 0xff, 0xc5, 0x8c, 0x77, 0xff, 
0xb1, 0x70, 0x5e, 0xff, 0x8b, 0x50, 0x45, 0xff, 0x7a, 0x48, 0x3d, 0xff, 0x80, 0x52, 0x46, 0xff, 
0xb1, 0x81, 0x71, 0xff, 0xce, 0x9b, 0x87, 0xff, 0xa6, 0x70, 0x5b, 0xff, 0x90, 0x5a, 0x4e, 0xff, 
0x79, 0x46, 0x41, 0xff, 0x75, 0x3f, 0x39, 0xff, 0xa0, 0x5f, 0x50, 0xff, 0xc7, 0x97, 0x86, 0xff, 
0xde, 0xae, 0x9a, 0xff, 0xbc, 0x81, 0x73, 0xff, 0xa1, 0x69, 0x5f, 0xff, 0xb0, 0x7b, 0x6f, 0xff, 
0xb7, 0x85, 0x76, 0xff, 0xc0, 0x95, 0x87, 0xff, 0xc2, 0x98, 0x8b, 0xff, 0xbc, 0x8b, 0x7c, 0xff, 
0xc2, 0x91, 0x84, 0xff, 0xd8, 0xb2, 0xa7, 0xff, 0xf5, 0xdf, 0xd1, 0xff, 0xea, 0xc9, 0xbc, 0xff, 
0xe9, 0xbd, 0xaa, 0xff, 0xe2, 0xac, 0x97, 0xff, 0xbf, 0x89, 0x79, 0xff, 0xb4, 0x81, 0x72, 0xff, 
0xe8, 0xc6, 0xb6, 0xff, 0xce, 0xa5, 0x97, 0xff, 0xc4, 0x93, 0x81, 0xff, 0xcb, 0x9a, 0x8b, 0xff, 
0xd9, 0xad, 0x9a, 0xff, 0xd7, 0xab, 0x96, 0xff, 0xc7, 0x98, 0x87, 0xff, 0xb0, 0x83, 0x75, 0xff, 
0xc5, 0x9b, 0x8b, 0xff, 0xd6, 0xa5, 0x95, 0xff, 0xaa, 0x77, 0x6a, 0xff, 0xa0, 0x79, 0x6a, 0xff, 
0xb5, 0x8e, 0x7d, 0xff, 0xb7, 0x8d, 0x7b, 0xff, 0x9d, 0x75, 0x66, 0xff, 0x94, 0x67, 0x5c, 0xff, 
0xb2, 0x84, 0x73, 0xff, 0xaf, 0x83, 0x71, 0xff, 0xaa, 0x86, 0x74, 0xff, 0xd4, 0xb2, 0xa1, 0xff, 
0xcf, 0xa5, 0x95, 0xff, 0xb9, 0x8f, 0x7f, 0xff, 0xb6, 0x8a, 0x78, 0xff, 0xb7, 0x84, 0x6c, 0xff, 
0xc6, 0x97, 0x85, 0xff, 0xb3, 0x86, 0x7a, 0xff, 0xab, 0x7e, 0x6d, 0xff, 0xb9, 0x8a, 0x72, 0xff, 
0xb6, 0x81, 0x6c, 0xff, 0xb9, 0x82, 0x73, 0xff, 0xc7, 0x8c, 0x79, 0xff, 0xcd, 0x94, 0x7e, 0xff, 
0xc7, 0x8e, 0x78, 0xff, 0xc0, 0x8a, 0x76, 0xff, 0xaf, 0x7e, 0x6b, 0xff, 0xa1, 0x76, 0x63, 0xff, 
0xb9, 0x8a, 0x72, 0xff, 0xac, 0x7c, 0x66, 0xff, 0xa1, 0x76, 0x63, 0xff, 0xbf, 0x87, 0x6f, 0xff, 
0xd4, 0x9e, 0x80, 0xff, 0xd0, 0x9c, 0x7d, 0xff, 0xbf, 0x8b, 0x70, 0xff, 0xb8, 0x86, 0x6d, 0xff, 
0xc6, 0x8f, 0x72, 0xff, 0xc6, 0x92, 0x75, 0xff, 0xca, 0x94, 0x76, 0xff, 0xb7, 0x7f, 0x6b, 0xff, 
0xb7, 0x83, 0x70, 0xff, 0xbf, 0x87, 0x74, 0xff, 0xa4, 0x67, 0x60, 0xff, 0xb4, 0x7d, 0x6a, 0xff, 
0xc5, 0x8a, 0x73, 0xff, 0xbb, 0x7d, 0x6a, 0xff, 0xba, 0x7b, 0x69, 0xff, 0xc7, 0x8c, 0x77, 0xff, 
0xcb, 0x8f, 0x82, 0xff, 0xb9, 0x7d, 0x75, 0xff, 0xd1, 0x95, 0x8b, 0xff, 0xd4, 0x93, 0x89, 0xff, 
0xcd, 0x91, 0x86, 0xff, 0xc2, 0x83, 0x76, 0xff, 0xa3, 0x69, 0x5e, 0xff, 0xa3, 0x69, 0x5e, 0xff, 
0xb1, 0x6b, 0x61, 0xff, 0xa9, 0x74, 0x65, 0xff, 0xad, 0x70, 0x59, 0xff, 0xa7, 0x5b, 0x49, 0xff, 
0xa4, 0x61, 0x50, 0xff, 0xa8, 0x66, 0x54, 0xff, 0xb7, 0x82, 0x6d, 0xff, 0xb9, 0x8a, 0x75, 0xff, 
0xb7, 0x84, 0x71, 0xff, 0xb3, 0x7c, 0x69, 0xff, 0xac, 0x77, 0x66, 0xff, 0x9b, 0x69, 0x5a, 0xff, 
0xa1, 0x6d, 0x5f, 0xff, 0xa6, 0x6e, 0x5d, 0xff, 0x9b, 0x66, 0x56, 0xff, 0xa4, 0x6e, 0x5f, 0xff, 
0xae, 0x78, 0x6a, 0xff, 0xb1, 0x83, 0x75, 0xff, 0xb1, 0x84, 0x72, 0xff, 0xa0, 0x6d, 0x5b, 0xff, 
0xa1, 0x6a, 0x58, 0xff, 0xa4, 0x6e, 0x5c, 0xff, 0xb0, 0x7b, 0x68, 0xff, 0xbb, 0x8b, 0x79, 0xff, 
0xce, 0xa3, 0x90, 0xff, 0xd4, 0xae, 0x9c, 0xff, 0xdf, 0xbf, 0xae, 0xff, 0xe2, 0xc1, 0xad, 0xff, 
0xd1, 0x9e, 0x88, 0xff, 0xcd, 0x9c, 0x86, 0xff, 0xbd, 0x8c, 0x77, 0xff, 0xd5, 0xb7, 0xab, 0xff, 
0xeb, 0xd9, 0xcf, 0xff, 0xc4, 0xa6, 0x9b, 0xff, 0xbc, 0x96, 0x86, 0xff, 0xd1, 0xa7, 0x97, 0xff, 
0xc2, 0x95, 0x86, 0xff, 0xce, 0xa0, 0x8f, 0xff, 0xd2, 0xa4, 0x95, 0xff, 0xcc, 0x9e, 0x90, 0xff, 
0xca, 0xa0, 0x93, 0xff, 0xcb, 0xa8, 0x99, 0xff, 0xc7, 0x9e, 0x8e, 0xff, 0xc6, 0xa0, 0x92, 0xff, 
0xa8, 0x7f, 0x6f, 0xff, 0xab, 0x7d, 0x6c, 0xff, 0xb6, 0x87, 0x75, 0xff, 0xa9, 0x7e, 0x6d, 0xff, 
0x83, 0x5e, 0x50, 0xff, 0x89, 0x67, 0x57, 0xff, 0xb8, 0x93, 0x81, 0xff, 0xc8, 0xa1, 0x90, 0xff, 
0xc9, 0xa2, 0x91, 0xff, 0xc6, 0xa1, 0x8f, 0xff, 0xbf, 0x95, 0x85, 0xff, 0xce, 0xa1, 0x92, 0xff, 
0xd0, 0xa7, 0x96, 0xff, 0xc4, 0x9b, 0x8a, 0xff, 0xba, 0x97, 0x8a, 0xff, 0xdd, 0xc5, 0xbb, 0xff, 
0x9c, 0x76, 0x64, 0xff, 0x8e, 0x78, 0x6c, 0xff, 0xed, 0xc3, 0xb0, 0xff, 0xd6, 0xa8, 0x96, 0xff, 
0xb8, 0x8d, 0x7c, 0xff, 0xbc, 0x8d, 0x7c, 0xff, 0xdf, 0xa6, 0x92, 0xff, 0xe3, 0xa5, 0x95, 0xff, 
0xe6, 0xb1, 0xa3, 0xff, 0xeb, 0xbe, 0xaf, 0xff, 0xe4, 0xb5, 0xa7, 0xff, 0xeb, 0xbb, 0xac, 0xff, 
0xe4, 0xbb, 0xac, 0xff, 0xd5, 0xa7, 0x98, 0xff, 0xd8, 0xa9, 0x99, 0xff, 0xe1, 0xad, 0x9d, 0xff, 
0xe2, 0xa7, 0x98, 0xff, 0xe2, 0xa4, 0x95, 0xff, 0xd6, 0x9e, 0x8d, 0xff, 0xd9, 0x9b, 0x89, 0xff, 
0xcb, 0x8b, 0x7b, 0xff, 0xd6, 0x9b, 0x8b, 0xff, 0xdb, 0x9d, 0x8e, 0xff, 0xce, 0x95, 0x84, 0xff, 
0xeb, 0xb5, 0xa4, 0xff, 0xe8, 0xb0, 0x9f, 0xff, 0xb2, 0x74, 0x65, 0xff, 0xb8, 0x81, 0x6f, 0xff, 
0xc9, 0x91, 0x76, 0xff, 0xc6, 0x85, 0x72, 0xff, 0xbe, 0x78, 0x6c, 0xff, 0xc0, 0x80, 0x6a, 0xff, 
0xc8, 0x91, 0x75, 0xff, 0xc4, 0x8a, 0x71, 0xff, 0xb9, 0x77, 0x65, 0xff, 0xbe, 0x80, 0x6d, 0xff, 
0xbe, 0x82, 0x6e, 0xff, 0xb5, 0x79, 0x68, 0xff, 0xad, 0x6d, 0x62, 0xff, 0xc1, 0x8a, 0x75, 0xff, 
0xd0, 0x9f, 0x87, 0xff, 0xc9, 0x94, 0x84, 0xff, 0xca, 0x91, 0x80, 0xff, 0xdb, 0xa9, 0x97, 0xff, 
0xeb, 0xc3, 0xb4, 0xff, 0xf4, 0xd2, 0xc5, 0xff, 0xf5, 0xda, 0xc9, 0xff, 0xd9, 0xa5, 0x94, 0xff, 
0xc9, 0x8a, 0x79, 0xff, 0xcd, 0x91, 0x7f, 0xff, 0xc5, 0x85, 0x73, 0xff, 0xcb, 0x92, 0x7e, 0xff, 
0xde, 0xa5, 0x96, 0xff, 0xd0, 0x93, 0x84, 0xff, 0xd5, 0xa4, 0x91, 0xff, 0xc0, 0x84, 0x75, 0xff, 
0xd1, 0xaf, 0xa0, 0xff, 0xcd, 0x9f, 0x8f, 0xff, 0xbd, 0x82, 0x73, 0xff, 0xc8, 0x90, 0x80, 0xff, 
0xb9, 0x79, 0x67, 0xff, 0xc4, 0x94, 0x80, 0xff, 0xc3, 0x98, 0x83, 0xff, 0xd2, 0xab, 0x9c, 0xff, 
0xf7, 0xeb, 0xe0, 0xff, 0xe3, 0xc8, 0xba, 0xff, 0xcb, 0x92, 0x7e, 0xff, 0xc4, 0x86, 0x76, 0xff, 
0xd0, 0x9d, 0x8d, 0xff, 0xda, 0xa2, 0x95, 0xff, 0xdf, 0xac, 0x9b, 0xff, 0xca, 0x8d, 0x7e, 0xff, 
0xd3, 0x9a, 0x8c, 0xff, 0xda, 0xa0, 0x91, 0xff, 0xd1, 0x94, 0x83, 0xff, 0xd4, 0x99, 0x88, 0xff, 
0xd1, 0x8f, 0x80, 0xff, 0xd6, 0x99, 0x88, 0xff, 0xc2, 0x7a, 0x6a, 0xff, 0xbe, 0x8a, 0x7c, 0xff, 
0xa1, 0x8f, 0x83, 0xff, 0xab, 0x82, 0x71, 0xff, 0xb9, 0x73, 0x5f, 0xff, 0xa5, 0x66, 0x54, 0xff, 
0xa7, 0x69, 0x5d, 0xff, 0xb9, 0x7a, 0x6c, 0xff, 0xc0, 0x7e, 0x6f, 0xff, 0xaa, 0x6b, 0x5e, 0xff, 
0x96, 0x5c, 0x51, 0xff, 0x9d, 0x64, 0x56, 0xff, 0xa1, 0x6a, 0x5b, 0xff, 0x8e, 0x56, 0x4c, 0xff, 
0x8d, 0x57, 0x4e, 0xff, 0xa2, 0x65, 0x5a, 0xff, 0x98, 0x5a, 0x4e, 0xff, 0x8c, 0x57, 0x4a, 0xff, 
0xa1, 0x67, 0x58, 0xff, 0xab, 0x6c, 0x5d, 0xff, 0xa8, 0x70, 0x60, 0xff, 0xb9, 0x78, 0x65, 0xff, 
0xb2, 0x72, 0x60, 0xff, 0xb9, 0x84, 0x71, 0xff, 0xc3, 0x8c, 0x7a, 0xff, 0xc3, 0x8c, 0x77, 0xff, 
0xb0, 0x7d, 0x6b, 0xff, 0x94, 0x55, 0x48, 0xff, 0x7f, 0x42, 0x37, 0xff, 0x9e, 0x65, 0x57, 0xff, 
0xb6, 0x80, 0x6d, 0xff, 0xac, 0x75, 0x64, 0xff, 0xa0, 0x6d, 0x5a, 0xff, 0x93, 0x65, 0x54, 0xff, 
0x92, 0x64, 0x59, 0xff, 0x9a, 0x5a, 0x50, 0xff, 0xc3, 0x81, 0x70, 0xff, 0xd5, 0x9d, 0x8c, 0xff, 
0xce, 0x9b, 0x8c, 0xff, 0xb6, 0x80, 0x76, 0xff, 0xb2, 0x7b, 0x71, 0xff, 0xc2, 0x88, 0x7c, 0xff, 
0xb3, 0x7a, 0x6e, 0xff, 0xbe, 0x83, 0x78, 0xff, 0xc2, 0x8a, 0x7d, 0xff, 0xbe, 0x90, 0x82, 0xff, 
0xb8, 0x7d, 0x6f, 0xff, 0xc9, 0x96, 0x89, 0xff, 0xe3, 0xcb, 0xc1, 0xff, 0xdf, 0xc3, 0xb7, 0xff, 
0xe8, 0xcd, 0xc0, 0xff, 0xe7, 0xc5, 0xb1, 0xff, 0xd3, 0xa2, 0x8d, 0xff, 0xda, 0xac, 0x95, 0xff, 
0xcf, 0x9d, 0x8a, 0xff, 0xc9, 0x98, 0x89, 0xff, 0xd2, 0xa2, 0x8f, 0xff, 0xce, 0x9c, 0x89, 0xff, 
0xd4, 0xa9, 0x99, 0xff, 0xd8, 0xa9, 0x94, 0xff, 0xd3, 0xa7, 0x90, 0xff, 0xdf, 0xbe, 0xab, 0xff, 
0xce, 0xa4, 0x96, 0xff, 0xbb, 0x8c, 0x7e, 0xff, 0x9f, 0x77, 0x69, 0xff, 0x9e, 0x78, 0x6a, 0xff, 
0xb4, 0x90, 0x7d, 0xff, 0xbb, 0x96, 0x82, 0xff, 0xa6, 0x80, 0x6f, 0xff, 0xa4, 0x79, 0x6b, 0xff, 
0xa1, 0x74, 0x65, 0xff, 0x99, 0x6c, 0x5f, 0xff, 0xad, 0x87, 0x7b, 0xff, 0xb0, 0x8c, 0x7d, 0xff, 
0xbc, 0x98, 0x88, 0xff, 0xc9, 0xa4, 0x93, 0xff, 0xd3, 0xac, 0x9c, 0xff, 0xc4, 0x93, 0x81, 0xff, 
0xb8, 0x8d, 0x7d, 0xff, 0xb3, 0x8b, 0x7a, 0xff, 0xa6, 0x75, 0x61, 0xff, 0xac, 0x7b, 0x64, 0xff, 
0xbf, 0x8d, 0x7a, 0xff, 0xc2, 0x88, 0x79, 0xff, 0xbe, 0x83, 0x6e, 0xff, 0xb6, 0x77, 0x61, 0xff, 
0xcd, 0x8d, 0x7e, 0xff, 0xaf, 0x7b, 0x66, 0xff, 0x9f, 0x6e, 0x5d, 0xff, 0xa4, 0x75, 0x63, 0xff, 
0xa9, 0x79, 0x66, 0xff, 0xad, 0x80, 0x6a, 0xff, 0xaa, 0x7c, 0x66, 0xff, 0x9b, 0x67, 0x57, 0xff, 
0xa9, 0x78, 0x62, 0xff, 0xc5, 0x94, 0x78, 0xff, 0xd0, 0x99, 0x7c, 0xff, 0xa6, 0x72, 0x60, 0xff, 
0xac, 0x74, 0x5f, 0xff, 0xba, 0x7d, 0x64, 0xff, 0xc2, 0x8f, 0x74, 0xff, 0xae, 0x7b, 0x68, 0xff, 
0x9c, 0x6d, 0x5f, 0xff, 0xbd, 0x8a, 0x77, 0xff, 0xbd, 0x86, 0x72, 0xff, 0xc6, 0x93, 0x7e, 0xff, 
0xc7, 0x96, 0x80, 0xff, 0xbb, 0x86, 0x70, 0xff, 0xbd, 0x82, 0x6f, 0xff, 0xca, 0x8c, 0x7c, 0xff, 
0xc2, 0x87, 0x7d, 0xff, 0x93, 0x5c, 0x58, 0xff, 0xaa, 0x77, 0x71, 0xff, 0xd6, 0x9d, 0x90, 0xff, 
0xc3, 0x89, 0x7e, 0xff, 0xbf, 0x85, 0x7a, 0xff, 0xa2, 0x66, 0x5a, 0xff, 0xa9, 0x6f, 0x67, 0xff, 
0xc7, 0x89, 0x7f, 0xff, 0xc5, 0x8c, 0x7e, 0xff, 0xb3, 0x76, 0x61, 0xff, 0xa6, 0x62, 0x50, 0xff, 
0x97, 0x61, 0x50, 0xff, 0x9e, 0x61, 0x50, 0xff, 0xab, 0x69, 0x55, 0xff, 0x9d, 0x63, 0x52, 0xff, 
0x95, 0x66, 0x56, 0xff, 0xb9, 0x8c, 0x77, 0xff, 0xa0, 0x6c, 0x5a, 0xff, 0x8e, 0x5a, 0x4c, 0xff, 
0xac, 0x76, 0x65, 0xff, 0xb4, 0x7a, 0x67, 0xff, 0xac, 0x76, 0x64, 0xff, 0xb0, 0x7d, 0x6b, 0xff, 
0xba, 0x89, 0x77, 0xff, 0xb0, 0x83, 0x72, 0xff, 0x9c, 0x6c, 0x5d, 0xff, 0x9c, 0x66, 0x56, 0xff, 
0xa0, 0x68, 0x58, 0xff, 0xb0, 0x7a, 0x68, 0xff, 0xab, 0x76, 0x65, 0xff, 0xb8, 0x85, 0x76, 0xff, 
0xd1, 0xa7, 0x94, 0xff, 0xc3, 0x97, 0x85, 0xff, 0xd6, 0xab, 0x9a, 0xff, 0xdc, 0xae, 0x97, 0xff, 
0xd1, 0x9f, 0x88, 0xff, 0xc7, 0x9a, 0x86, 0xff, 0xde, 0xc9, 0xbf, 0xff, 0xf0, 0xe5, 0xde, 0xff, 
0xf6, 0xe4, 0xda, 0xff, 0xcc, 0xaf, 0xa1, 0xff, 0xb2, 0x82, 0x73, 0xff, 0xcd, 0xa0, 0x8f, 0xff, 
0xbc, 0x8f, 0x7f, 0xff, 0xb9, 0x87, 0x77, 0xff, 0xd4, 0xac, 0x9c, 0xff, 0xd9, 0xb4, 0xa3, 0xff, 
0xcb, 0xa5, 0x96, 0xff, 0xbd, 0x91, 0x81, 0xff, 0xde, 0xb8, 0xa9, 0xff, 0xe1, 0xbf, 0xb0, 0xff, 
0xc9, 0xa1, 0x8f, 0xff, 0xd3, 0xab, 0x99, 0xff, 0xd2, 0xa9, 0x97, 0xff, 0x90, 0x6b, 0x5e, 0xff, 
0x46, 0x2b, 0x23, 0xff, 0x72, 0x52, 0x46, 0xff, 0x94, 0x6f, 0x5f, 0xff, 0xa5, 0x7f, 0x6e, 0xff, 
0xc7, 0xa4, 0x90, 0xff, 0xde, 0xbe, 0xac, 0xff, 0xe0, 0xbf, 0xae, 0xff, 0xdd, 0xb5, 0xa2, 0xff, 
0xd5, 0xab, 0x9a, 0xff, 0xcb, 0xa2, 0x90, 0xff, 0xa9, 0x84, 0x73, 0xff, 0xc7, 0xb7, 0xb0, 0xff, 
0xcc, 0xaf, 0xa2, 0xff, 0x92, 0x75, 0x68, 0xff, 0xd5, 0xb1, 0xa0, 0xff, 0xbb, 0x91, 0x7f, 0xff, 
0xb6, 0x88, 0x76, 0xff, 0xcc, 0xa0, 0x8e, 0xff, 0xdf, 0xb0, 0x9e, 0xff, 0xdd, 0xa9, 0x98, 0xff, 
0xe2, 0xaa, 0x9c, 0xff, 0xeb, 0xb3, 0xa5, 0xff, 0xe9, 0xb3, 0xa4, 0xff, 0xe9, 0xac, 0x9c, 0xff, 
0xe7, 0xb0, 0xa2, 0xff, 0xd2, 0xa6, 0x99, 0xff, 0xdc, 0xac, 0x9f, 0xff, 0xdd, 0xab, 0x9c, 0xff, 
0xd7, 0xa2, 0x92, 0xff, 0xe5, 0xa6, 0x94, 0xff, 0xe4, 0xa7, 0x95, 0xff, 0xdc, 0xa7, 0x93, 0xff, 
0xd2, 0xa8, 0x97, 0xff, 0xe1, 0xae, 0x9d, 0xff, 0xd5, 0x91, 0x7f, 0xff, 0xd5, 0x92, 0x82, 0xff, 
0xea, 0xa6, 0x94, 0xff, 0xbb, 0x77, 0x67, 0xff, 0x9d, 0x5c, 0x4b, 0xff, 0xc3, 0x8d, 0x78, 0xff, 
0xd9, 0xa4, 0x8f, 0xff, 0xb9, 0x88, 0x75, 0xff, 0xa9, 0x7a, 0x6b, 0xff, 0xbb, 0x75, 0x5f, 0xff, 
0xc9, 0x90, 0x75, 0xff, 0xc3, 0x87, 0x70, 0xff, 0xba, 0x79, 0x6a, 0xff, 0xd3, 0x96, 0x84, 0xff, 
0xd3, 0x99, 0x8a, 0xff, 0xc2, 0x81, 0x73, 0xff, 0xc2, 0x81, 0x71, 0xff, 0xde, 0xb0, 0x9e, 0xff, 
0xde, 0xae, 0x9a, 0xff, 0xdc, 0xae, 0x9d, 0xff, 0xe7, 0xae, 0x9d, 0xff, 0xe9, 0xb4, 0xa5, 0xff, 
0xf6, 0xe0, 0xd4, 0xff, 0xfe, 0xf4, 0xeb, 0xff, 0xf2, 0xdc, 0xcd, 0xff, 0xc8, 0x8c, 0x7a, 0xff, 
0xc9, 0x89, 0x79, 0xff, 0xd4, 0x95, 0x85, 0xff, 0xc9, 0x8f, 0x7e, 0xff, 0xd8, 0xa6, 0x92, 0xff, 
0xd5, 0xa6, 0x90, 0xff, 0xd5, 0xa4, 0x90, 0xff, 0xd9, 0xa4, 0x95, 0xff, 0xc9, 0x8b, 0x7d, 0xff, 
0xcb, 0x8f, 0x81, 0xff, 0xc6, 0x8b, 0x7a, 0xff, 0xc3, 0x84, 0x75, 0xff, 0xdb, 0xa4, 0x94, 0xff, 
0xe1, 0xbf, 0xae, 0xff, 0xda, 0xcc, 0xbd, 0xff, 0xd3, 0xb2, 0xa2, 0xff, 0xc3, 0x88, 0x78, 0xff, 
0xe8, 0xcd, 0xbf, 0xff, 0xd7, 0xb2, 0xa0, 0xff, 0xd2, 0xae, 0x9c, 0xff, 0xe0, 0xc3, 0xb5, 0xff, 
0xde, 0xb7, 0xa7, 0xff, 0xd9, 0x9e, 0x8e, 0xff, 0xd8, 0x99, 0x8c, 0xff, 0xd0, 0x93, 0x86, 0xff, 
0xe0, 0xa3, 0x96, 0xff, 0xdb, 0x9e, 0x91, 0xff, 0xd5, 0x9c, 0x8e, 0xff, 0xdb, 0x9b, 0x8c, 0xff, 
0xcb, 0x84, 0x76, 0xff, 0xde, 0xa1, 0x91, 0xff, 0xdd, 0x9a, 0x8c, 0xff, 0xc9, 0x91, 0x83, 0xff, 
0xae, 0x8d, 0x81, 0xff, 0xb5, 0x86, 0x76, 0xff, 0xbf, 0x7f, 0x6c, 0xff, 0xbc, 0x77, 0x67, 0xff, 
0xba, 0x7b, 0x6a, 0xff, 0xb0, 0x71, 0x61, 0xff, 0xab, 0x6a, 0x5e, 0xff, 0xa1, 0x64, 0x58, 0xff, 
0x97, 0x59, 0x4e, 0xff, 0x95, 0x5a, 0x4d, 0xff, 0x92, 0x5d, 0x51, 0xff, 0x8c, 0x56, 0x4d, 0xff, 
0x9c, 0x5e, 0x54, 0xff, 0xad, 0x6e, 0x60, 0xff, 0x93, 0x5a, 0x4d, 0xff, 0xa0, 0x6b, 0x5e, 0xff, 
0xb1, 0x7a, 0x6c, 0xff, 0x9f, 0x66, 0x58, 0xff, 0x9a, 0x62, 0x56, 0xff, 0xb8, 0x7c, 0x6c, 0xff, 
0xba, 0x81, 0x71, 0xff, 0xb6, 0x83, 0x73, 0xff, 0xad, 0x75, 0x66, 0xff, 0xad, 0x77, 0x69, 0xff, 
0xb0, 0x82, 0x73, 0xff, 0xa6, 0x6c, 0x5b, 0xff, 0x8e, 0x58, 0x4a, 0xff, 0x82, 0x4a, 0x3f, 0xff, 
0xa4, 0x68, 0x58, 0xff, 0xa5, 0x75, 0x64, 0xff, 0xa8, 0x78, 0x67, 0xff, 0x9a, 0x6a, 0x59, 0xff, 
0xa6, 0x78, 0x67, 0xff, 0xb7, 0x81, 0x6d, 0xff, 0xc1, 0x80, 0x6e, 0xff, 0xc1, 0x87, 0x76, 0xff, 
0xba, 0x85, 0x78, 0xff, 0xb3, 0x77, 0x6e, 0xff, 0xb4, 0x79, 0x70, 0xff, 0xc1, 0x88, 0x7c, 0xff, 
0xb8, 0x82, 0x76, 0xff, 0xc0, 0x85, 0x79, 0xff, 0xcc, 0x98, 0x8b, 0xff, 0xbb, 0x8c, 0x7e, 0xff, 
0xc8, 0xa1, 0x93, 0xff, 0xde, 0xba, 0xaf, 0xff, 0xb9, 0x8a, 0x7f, 0xff, 0xc8, 0x9f, 0x93, 0xff, 
0xf7, 0xe2, 0xd5, 0xff, 0xe0, 0xbd, 0xae, 0xff, 0xd9, 0xaa, 0x95, 0xff, 0xd4, 0xa4, 0x8e, 0xff, 
0xc5, 0x8b, 0x76, 0xff, 0xdc, 0xb2, 0xa4, 0xff, 0xe2, 0xba, 0xac, 0xff, 0xd7, 0xa4, 0x8e, 0xff, 
0xe0, 0xb8, 0xa7, 0xff, 0xe3, 0xc5, 0xb9, 0xff, 0xd8, 0xb3, 0xa0, 0xff, 0xd9, 0xb0, 0x9d, 0xff, 
0xd1, 0xab, 0x9d, 0xff, 0xb5, 0x8e, 0x80, 0xff, 0xb7, 0x91, 0x80, 0xff, 0xc5, 0xa1, 0x8e, 0xff, 
0xc0, 0x9c, 0x8b, 0xff, 0xac, 0x84, 0x74, 0xff, 0x95, 0x6b, 0x5d, 0xff, 0xa0, 0x75, 0x66, 0xff, 
0xa6, 0x7a, 0x6a, 0xff, 0xad, 0x82, 0x72, 0xff, 0xad, 0x87, 0x7c, 0xff, 0x98, 0x6c, 0x5e, 0xff, 
0xa6, 0x7b, 0x68, 0xff, 0xae, 0x86, 0x75, 0xff, 0xb9, 0x8e, 0x81, 0xff, 0xb4, 0x83, 0x74, 0xff, 
0xab, 0x7f, 0x6c, 0xff, 0xb5, 0x8a, 0x79, 0xff, 0xaa, 0x7d, 0x69, 0xff, 0xb4, 0x84, 0x6d, 0xff, 
0xd1, 0x99, 0x8a, 0xff, 0xc9, 0x8f, 0x81, 0xff, 0xce, 0x92, 0x7f, 0xff, 0xc5, 0x8c, 0x7a, 0xff, 
0xb3, 0x7a, 0x67, 0xff, 0xa2, 0x6e, 0x54, 0xff, 0xb9, 0x85, 0x67, 0xff, 0xbc, 0x89, 0x6e, 0xff, 
0x91, 0x63, 0x54, 0xff, 0xb1, 0x77, 0x62, 0xff, 0xc9, 0x93, 0x77, 0xff, 0xbd, 0x86, 0x6d, 0xff, 
0xb0, 0x7e, 0x6b, 0xff, 0xc4, 0x8e, 0x75, 0xff, 0xd1, 0x91, 0x71, 0xff, 0xa8, 0x6c, 0x5c, 0xff, 
0xae, 0x75, 0x61, 0xff, 0xb5, 0x78, 0x5f, 0xff, 0x64, 0x41, 0x39, 0xff, 0x98, 0x6d, 0x5c, 0xff, 
0xb1, 0x81, 0x6e, 0xff, 0xc7, 0x9b, 0x83, 0xff, 0xbe, 0x8f, 0x76, 0xff, 0xc2, 0x91, 0x7a, 0xff, 
0xc4, 0x96, 0x82, 0xff, 0xbb, 0x8b, 0x78, 0xff, 0xbf, 0x88, 0x75, 0xff, 0xc4, 0x8a, 0x77, 0xff, 
0xc7, 0x90, 0x84, 0xff, 0xb7, 0x7b, 0x6f, 0xff, 0xb4, 0x79, 0x6d, 0xff, 0xcb, 0x94, 0x8a, 0xff, 
0xbd, 0x85, 0x7a, 0xff, 0xb3, 0x78, 0x69, 0xff, 0x9e, 0x61, 0x52, 0xff, 0xa8, 0x6e, 0x62, 0xff, 
0xe4, 0xae, 0xa0, 0xff, 0xd7, 0x9e, 0x8c, 0xff, 0xa9, 0x72, 0x62, 0xff, 0x91, 0x59, 0x4a, 0xff, 
0x9e, 0x66, 0x53, 0xff, 0xa7, 0x6b, 0x57, 0xff, 0x9c, 0x64, 0x53, 0xff, 0x96, 0x5b, 0x49, 0xff, 
0xa0, 0x6a, 0x57, 0xff, 0xb1, 0x80, 0x6d, 0xff, 0xa1, 0x6e, 0x5d, 0xff, 0x94, 0x63, 0x53, 0xff, 
0xad, 0x78, 0x66, 0xff, 0xae, 0x7b, 0x69, 0xff, 0xb7, 0x84, 0x72, 0xff, 0xb4, 0x80, 0x6e, 0xff, 
0xb1, 0x84, 0x73, 0xff, 0xba, 0x8c, 0x7b, 0xff, 0xa7, 0x7a, 0x6b, 0xff, 0x9d, 0x6b, 0x5c, 0xff, 
0xac, 0x7c, 0x6b, 0xff, 0xbf, 0x96, 0x83, 0xff, 0xb4, 0x86, 0x75, 0xff, 0xb8, 0x86, 0x74, 0xff, 
0xb8, 0x88, 0x76, 0xff, 0xb6, 0x85, 0x76, 0xff, 0xda, 0xb2, 0x9f, 0xff, 0xd8, 0xb0, 0x9a, 0xff, 
0xb7, 0x87, 0x75, 0xff, 0xc9, 0xaa, 0x9f, 0xff, 0xf8, 0xef, 0xe5, 0xff, 0xfa, 0xf0, 0xe7, 0xff, 
0xeb, 0xdc, 0xd2, 0xff, 0xd6, 0xb1, 0xa2, 0xff, 0xdd, 0xad, 0x9f, 0xff, 0xdb, 0xb1, 0xa2, 0xff, 
0xcb, 0xa2, 0x92, 0xff, 0xd0, 0xaf, 0xa0, 0xff, 0xce, 0xa3, 0x94, 0xff, 0xc3, 0x91, 0x81, 0xff, 
0xc7, 0x99, 0x89, 0xff, 0xcc, 0xa4, 0x93, 0xff, 0xda, 0xb8, 0xa8, 0xff, 0xd2, 0xab, 0x9a, 0xff, 
0xe0, 0xbc, 0xac, 0xff, 0xd4, 0xad, 0x9c, 0xff, 0xc2, 0x9b, 0x8a, 0xff, 0xb7, 0x95, 0x86, 0xff, 
0xa9, 0x89, 0x7b, 0xff, 0xa4, 0x7d, 0x6f, 0xff, 0xae, 0x82, 0x72, 0xff, 0xb8, 0x8f, 0x7c, 0xff, 
0xd1, 0xb0, 0x9f, 0xff, 0xdf, 0xc1, 0xb2, 0xff, 0xd3, 0xa8, 0x98, 0xff, 0xd1, 0xa5, 0x96, 0xff, 
0xd2, 0xac, 0x9b, 0xff, 0xdb, 0xb2, 0xa1, 0xff, 0xc4, 0x9c, 0x8a, 0xff, 0xb8, 0x91, 0x81, 0xff, 
0xde, 0xbb, 0xad, 0xff, 0xd0, 0xa1, 0x91, 0xff, 0xa6, 0x7d, 0x6d, 0xff, 0x9d, 0x78, 0x67, 0xff, 
0xc1, 0x96, 0x84, 0xff, 0xcb, 0xa0, 0x8e, 0xff, 0xdb, 0xab, 0x9a, 0xff, 0xe0, 0xae, 0x9c, 0xff, 
0xda, 0x9f, 0x90, 0xff, 0xe3, 0xa7, 0x99, 0xff, 0xed, 0xb5, 0xa6, 0xff, 0xec, 0xb4, 0xa6, 0xff, 
0xf1, 0xb5, 0xa7, 0xff, 0xe3, 0xb4, 0xa6, 0xff, 0xe3, 0xbe, 0xb0, 0xff, 0xdb, 0xa9, 0x99, 0xff, 
0xcb, 0x98, 0x87, 0xff, 0xdb, 0xa2, 0x90, 0xff, 0xe4, 0xa7, 0x96, 0xff, 0xcf, 0xa2, 0x90, 0xff, 
0xd7, 0xa3, 0x92, 0xff, 0xd5, 0x9f, 0x90, 0xff, 0xc6, 0x82, 0x71, 0xff, 0xd5, 0x8b, 0x7a, 0xff, 
0xd5, 0x91, 0x80, 0xff, 0xb6, 0x83, 0x75, 0xff, 0xba, 0x7d, 0x69, 0xff, 0xcd, 0x91, 0x7e, 0xff, 
0xc5, 0x8d, 0x79, 0xff, 0xc2, 0x86, 0x6f, 0xff, 0xc2, 0x86, 0x76, 0xff, 0xc4, 0x8a, 0x77, 0xff, 
0xc7, 0x90, 0x77, 0xff, 0xbf, 0x7f, 0x6c, 0xff, 0xca, 0x86, 0x77, 0xff, 0xe1, 0xa3, 0x90, 0xff, 
0xdc, 0xa3, 0x95, 0xff, 0xd7, 0xa1, 0x92, 0xff, 0xe5, 0xb1, 0xa1, 0xff, 0xea, 0xbc, 0xab, 0xff, 
0xee, 0xc2, 0xb0, 0xff, 0xf2, 0xc4, 0xb1, 0xff, 0xde, 0x9e, 0x8c, 0xff, 0xdc, 0xa3, 0x91, 0xff, 
0xf6, 0xe5, 0xd7, 0xff, 0xfa, 0xee, 0xe4, 0xff, 0xe8, 0xc9, 0xbb, 0xff, 0xc6, 0x8b, 0x78, 0xff, 
0xc9, 0x82, 0x71, 0xff, 0xd1, 0x8f, 0x7d, 0xff, 0xd4, 0x9b, 0x8c, 0xff, 0xe0, 0xbb, 0xab, 0xff, 
0xd7, 0xa9, 0x95, 0xff, 0xe4, 0xaa, 0x98, 0xff, 0xe4, 0xaf, 0xa0, 0xff, 0xde, 0xa3, 0x96, 0xff, 
0xd3, 0x95, 0x8a, 0xff, 0xce, 0x8f, 0x81, 0xff, 0xd3, 0x94, 0x84, 0xff, 0xe1, 0xbd, 0xad, 0xff, 
0xf6, 0xe4, 0xd6, 0xff, 0xd9, 0xc4, 0xba, 0xff, 0xd4, 0xae, 0xa3, 0xff, 0xd5, 0xa9, 0x96, 0xff, 
0xcf, 0xaa, 0x97, 0xff, 0xdd, 0xc3, 0xb4, 0xff, 0xf4, 0xed, 0xe1, 0xff, 0xe3, 0xc1, 0xb3, 0xff, 
0xd0, 0x9a, 0x8a, 0xff, 0xd2, 0x93, 0x86, 0xff, 0xc6, 0x88, 0x7c, 0xff, 0xcd, 0x8d, 0x80, 0xff, 
0xd6, 0x9a, 0x8a, 0xff, 0xd7, 0x9e, 0x8f, 0xff, 0xd9, 0xa2, 0x93, 0xff, 0xcc, 0x87, 0x7a, 0xff, 
0xbf, 0x7a, 0x6e, 0xff, 0xd1, 0x92, 0x83, 0xff, 0xcd, 0x8c, 0x7e, 0xff, 0xd5, 0x94, 0x84, 0xff, 
0xcc, 0x8a, 0x79, 0xff, 0xcc, 0x96, 0x85, 0xff, 0xbd, 0x8b, 0x77, 0xff, 0xbc, 0x7f, 0x6f, 0xff, 
0xbd, 0x7f, 0x6d, 0xff, 0xad, 0x70, 0x5c, 0xff, 0x9b, 0x5e, 0x4f, 0xff, 0xa0, 0x66, 0x56, 0xff, 
0xb7, 0x83, 0x6e, 0xff, 0xa8, 0x72, 0x62, 0xff, 0x96, 0x5d, 0x51, 0xff, 0x88, 0x53, 0x4a, 0xff, 
0x8b, 0x52, 0x4b, 0xff, 0x83, 0x4d, 0x44, 0xff, 0x98, 0x5f, 0x51, 0xff, 0xa4, 0x70, 0x61, 0xff, 
0x9c, 0x74, 0x64, 0xff, 0xa1, 0x71, 0x62, 0xff, 0xa0, 0x61, 0x54, 0xff, 0xa9, 0x6b, 0x5b, 0xff, 
0xa8, 0x6a, 0x5e, 0xff, 0xa2, 0x67, 0x5a, 0xff, 0xae, 0x77, 0x69, 0xff, 0xad, 0x79, 0x6a, 0xff, 
0xab, 0x76, 0x66, 0xff, 0xa8, 0x73, 0x66, 0xff, 0x9b, 0x68, 0x59, 0xff, 0x9a, 0x65, 0x56, 0xff, 
0x8a, 0x54, 0x49, 0xff, 0x8a, 0x5c, 0x4e, 0xff, 0xbe, 0x8f, 0x7d, 0xff, 0xbd, 0x8b, 0x78, 0xff, 
0xab, 0x7a, 0x67, 0xff, 0xa7, 0x78, 0x67, 0xff, 0xb4, 0x85, 0x73, 0xff, 0xa8, 0x70, 0x63, 0xff, 
0xb4, 0x75, 0x68, 0xff, 0xb8, 0x79, 0x6d, 0xff, 0xc2, 0x85, 0x7a, 0xff, 0xc5, 0x8a, 0x7e, 0xff, 
0xd3, 0x9b, 0x8d, 0xff, 0xd4, 0xa2, 0x95, 0xff, 0xb8, 0x8b, 0x7d, 0xff, 0xc2, 0x99, 0x8c, 0xff, 
0xd1, 0xaa, 0x9c, 0xff, 0xca, 0xa3, 0x98, 0xff, 0xc8, 0x9f, 0x92, 0xff, 0xc6, 0x91, 0x84, 0xff, 
0xcf, 0x9f, 0x90, 0xff, 0xea, 0xd5, 0xc6, 0xff, 0xef, 0xd6, 0xc5, 0xff, 0xdf, 0xb7, 0xa3, 0xff, 
0xea, 0xc0, 0xa8, 0xff, 0xc4, 0x9b, 0x8c, 0xff, 0xc1, 0xa0, 0x95, 0xff, 0xd6, 0xb0, 0xa2, 0xff, 
0xe7, 0xc8, 0xbd, 0xff, 0xf1, 0xd8, 0xcf, 0xff, 0xdd, 0xb7, 0xaa, 0xff, 0xca, 0x97, 0x86, 0xff, 
0xc6, 0x9d, 0x8d, 0xff, 0xc5, 0xa4, 0x95, 0xff, 0xd7, 0xb7, 0xa3, 0xff, 0xd3, 0xad, 0x98, 0xff, 
0xb6, 0x91, 0x82, 0xff, 0xa7, 0x7e, 0x71, 0xff, 0xb0, 0x86, 0x75, 0xff, 0xb2, 0x89, 0x76, 0xff, 
0xb3, 0x88, 0x76, 0xff, 0x9e, 0x72, 0x65, 0xff, 0xa3, 0x7a, 0x6c, 0xff, 0xab, 0x84, 0x73, 0xff, 
0xab, 0x81, 0x6e, 0xff, 0xb2, 0x89, 0x77, 0xff, 0xc0, 0x96, 0x86, 0xff, 0xce, 0x9e, 0x91, 0xff, 
0xc0, 0x89, 0x77, 0xff, 0xb1, 0x81, 0x6d, 0xff, 0xad, 0x85, 0x6e, 0xff, 0xba, 0x87, 0x70, 0xff, 
0xce, 0x91, 0x80, 0xff, 0xd1, 0x95, 0x84, 0xff, 0xd0, 0x96, 0x86, 0xff, 0xb5, 0x83, 0x72, 0xff, 
0xa6, 0x78, 0x62, 0xff, 0xb4, 0x82, 0x69, 0xff, 0xc0, 0x89, 0x6c, 0xff, 0xc2, 0x88, 0x69, 0xff, 
0x8b, 0x5a, 0x4c, 0xff, 0x97, 0x62, 0x54, 0xff, 0xc0, 0x89, 0x6f, 0xff, 0xbc, 0x83, 0x6a, 0xff, 
0xc8, 0x96, 0x7e, 0xff, 0xce, 0x97, 0x7c, 0xff, 0xb2, 0x7c, 0x63, 0xff, 0xb8, 0x7b, 0x66, 0xff, 
0xbe, 0x7c, 0x69, 0xff, 0xad, 0x6f, 0x60, 0xff, 0x87, 0x58, 0x4f, 0xff, 0x9a, 0x6b, 0x5a, 0xff, 
0xc4, 0x90, 0x75, 0xff, 0xb8, 0x89, 0x73, 0xff, 0x95, 0x62, 0x57, 0xff, 0xa6, 0x75, 0x66, 0xff, 
0xc4, 0x94, 0x80, 0xff, 0xc6, 0x92, 0x7e, 0xff, 0xcc, 0x98, 0x82, 0xff, 0xb8, 0x84, 0x6f, 0xff, 
0xc3, 0x8a, 0x75, 0xff, 0xc1, 0x84, 0x6f, 0xff, 0xb7, 0x7b, 0x68, 0xff, 0xbf, 0x87, 0x77, 0xff, 
0xaf, 0x71, 0x60, 0xff, 0xc0, 0x88, 0x77, 0xff, 0xc3, 0x8f, 0x81, 0xff, 0xb3, 0x78, 0x6d, 0xff, 
0xa8, 0x6c, 0x60, 0xff, 0xa3, 0x68, 0x56, 0xff, 0xaf, 0x79, 0x64, 0xff, 0x95, 0x5e, 0x4b, 0xff, 
0xa4, 0x69, 0x58, 0xff, 0xaa, 0x6a, 0x57, 0xff, 0xa0, 0x66, 0x54, 0xff, 0x9d, 0x67, 0x54, 0xff, 
0xa2, 0x6b, 0x59, 0xff, 0x9f, 0x6c, 0x5a, 0xff, 0xab, 0x7c, 0x69, 0xff, 0xb6, 0x86, 0x73, 0xff, 
0x9a, 0x66, 0x57, 0xff, 0x93, 0x63, 0x54, 0xff, 0xae, 0x7d, 0x6b, 0xff, 0xae, 0x78, 0x68, 0xff, 
0xae, 0x7c, 0x6c, 0xff, 0xb2, 0x84, 0x73, 0xff, 0xa6, 0x77, 0x69, 0xff, 0xbd, 0x94, 0x82, 0xff, 
0xaa, 0x7b, 0x69, 0xff, 0xb4, 0x88, 0x77, 0xff, 0xca, 0xa6, 0x94, 0xff, 0xca, 0xa2, 0x90, 0xff, 
0xb4, 0x87, 0x77, 0xff, 0xb0, 0x7d, 0x6d, 0xff, 0xd6, 0xb0, 0x9d, 0xff, 0xdd, 0xb5, 0xa0, 0xff, 
0xa2, 0x6d, 0x5e, 0xff, 0xae, 0x86, 0x7c, 0xff, 0xd8, 0xc1, 0xb6, 0xff, 0xf1, 0xe0, 0xd5, 0xff, 
0xde, 0xbe, 0xae, 0xff, 0xd0, 0xa3, 0x92, 0xff, 0xe2, 0xc2, 0xb3, 0xff, 0xd5, 0xa4, 0x97, 0xff, 
0xc7, 0x94, 0x83, 0xff, 0xd4, 0xb4, 0xa3, 0xff, 0xc5, 0x97, 0x8a, 0xff, 0xae, 0x77, 0x6a, 0xff, 
0xa6, 0x70, 0x63, 0xff, 0xb5, 0x80, 0x73, 0xff, 0xcc, 0xa7, 0x97, 0xff, 0xd4, 0xb4, 0xa5, 0xff, 
0xb3, 0x88, 0x7a, 0xff, 0x9f, 0x6f, 0x61, 0xff, 0xab, 0x7d, 0x6c, 0xff, 0xb1, 0x84, 0x74, 0xff, 
0xd4, 0xa8, 0x96, 0xff, 0xe1, 0xb8, 0xa6, 0xff, 0xc8, 0x97, 0x86, 0xff, 0xc3, 0x97, 0x87, 0xff, 
0xd2, 0xac, 0x9d, 0xff, 0xe0, 0xc0, 0xae, 0xff, 0xd6, 0xb1, 0x9e, 0xff, 0xbd, 0x91, 0x81, 0xff, 
0xaa, 0x7d, 0x6e, 0xff, 0xcf, 0xa6, 0x96, 0xff, 0xdc, 0xb8, 0xab, 0xff, 0xbe, 0x8d, 0x7c, 0xff, 
0xc9, 0x95, 0x83, 0xff, 0xba, 0x87, 0x78, 0xff, 0xb4, 0x89, 0x77, 0xff, 0xd9, 0xb5, 0xa2, 0xff, 
0xd1, 0xab, 0x9a, 0xff, 0xc7, 0x9d, 0x8d, 0xff, 0xda, 0xab, 0x9b, 0xff, 0xe3, 0xa7, 0x99, 0xff, 
0xe3, 0xa9, 0x9a, 0xff, 0xe3, 0xab, 0x9a, 0xff, 0xe1, 0xb9, 0xaa, 0xff, 0xd8, 0xac, 0x9f, 0xff, 
0xe0, 0xa6, 0x9b, 0xff, 0xe7, 0xb8, 0xab, 0xff, 0xdc, 0xa9, 0x9a, 0xff, 0xcb, 0x8a, 0x7b, 0xff, 
0xce, 0x9a, 0x8b, 0xff, 0xda, 0xa9, 0x99, 0xff, 0xda, 0xa7, 0x97, 0xff, 0xcc, 0x9b, 0x89, 0xff, 
0xc9, 0x82, 0x71, 0xff, 0xc5, 0x85, 0x75, 0xff, 0xd1, 0x94, 0x84, 0xff, 0xdb, 0x95, 0x82, 0xff, 
0xac, 0x6e, 0x60, 0xff, 0xb9, 0x8c, 0x80, 0xff, 0xcf, 0x99, 0x8c, 0xff, 0xcf, 0x98, 0x8c, 0xff, 
0xbc, 0x80, 0x6b, 0xff, 0xbe, 0x81, 0x6b, 0xff, 0xc5, 0x88, 0x78, 0xff, 0xbe, 0x7c, 0x6b, 0xff, 
0xc8, 0x8d, 0x78, 0xff, 0xcf, 0x99, 0x86, 0xff, 0xd8, 0xaa, 0x96, 0xff, 0xdb, 0xad, 0x99, 0xff, 
0xd5, 0x98, 0x88, 0xff, 0xdc, 0xa4, 0x95, 0xff, 0xdf, 0xa5, 0x96, 0xff, 0xdc, 0x94, 0x84, 0xff, 
0xe4, 0xb0, 0x9c, 0xff, 0xe8, 0xbf, 0xab, 0xff, 0xdb, 0xa1, 0x8f, 0xff, 0xde, 0xa9, 0x95, 0xff, 
0xf3, 0xdb, 0xcc, 0xff, 0xed, 0xd0, 0xc0, 0xff, 0xdd, 0xae, 0x9b, 0xff, 0xdc, 0xaa, 0x96, 0xff, 
0xd3, 0x98, 0x87, 0xff, 0xd0, 0x8c, 0x7b, 0xff, 0xdb, 0xa6, 0x97, 0xff, 0xde, 0xaf, 0xa0, 0xff, 
0xda, 0x99, 0x88, 0xff, 0xe5, 0xaa, 0x9b, 0xff, 0xea, 0xb4, 0xa4, 0xff, 0xec, 0xb7, 0xa7, 0xff, 
0xe8, 0xbe, 0xad, 0xff, 0xe3, 0xb9, 0xaa, 0xff, 0xe6, 0xba, 0xaa, 0xff, 0xdd, 0xad, 0x9e, 0xff, 
0xcc, 0x95, 0x86, 0xff, 0xcf, 0x92, 0x84, 0xff, 0xc2, 0x85, 0x78, 0xff, 0xbc, 0x85, 0x78, 0xff, 
0xcf, 0xa4, 0x96, 0xff, 0xe2, 0xcb, 0xbe, 0xff, 0xcd, 0xa7, 0x92, 0xff, 0xcd, 0x91, 0x7e, 0xff, 
0xd8, 0xa3, 0x92, 0xff, 0xd2, 0xab, 0x97, 0xff, 0xc0, 0x8f, 0x7d, 0xff, 0xcc, 0x94, 0x83, 0xff, 
0xd8, 0x9a, 0x8d, 0xff, 0xd4, 0x9a, 0x8c, 0xff, 0xe6, 0xaf, 0xa0, 0xff, 0xca, 0x89, 0x7b, 0xff, 
0xcc, 0x8c, 0x80, 0xff, 0xc7, 0x8b, 0x7d, 0xff, 0xc8, 0x8a, 0x7d, 0xff, 0xd8, 0x99, 0x8a, 0xff, 
0xba, 0x7d, 0x6b, 0xff, 0xcb, 0x94, 0x82, 0xff, 0xc3, 0x95, 0x7f, 0xff, 0xb5, 0x7d, 0x6c, 0xff, 
0xb3, 0x76, 0x68, 0xff, 0xbe, 0x81, 0x6f, 0xff, 0xb8, 0x7a, 0x65, 0xff, 0xac, 0x75, 0x61, 0xff, 
0xb2, 0x7c, 0x68, 0xff, 0xb2, 0x74, 0x61, 0xff, 0xb0, 0x68, 0x59, 0xff, 0xa3, 0x63, 0x56, 0xff, 
0x89, 0x52, 0x49, 0xff, 0x75, 0x43, 0x3e, 0xff, 0x82, 0x4e, 0x44, 0xff, 0x8e, 0x5a, 0x4d, 0xff, 
0x99, 0x63, 0x55, 0xff, 0xb3, 0x7c, 0x6c, 0xff, 0xaf, 0x74, 0x65, 0xff, 0xa4, 0x68, 0x5a, 0xff, 
0x9e, 0x5d, 0x52, 0xff, 0x9a, 0x5e, 0x52, 0xff, 0x96, 0x5c, 0x4e, 0xff, 0x8a, 0x57, 0x4c, 0xff, 
0x86, 0x55, 0x4c, 0xff, 0x8c, 0x5b, 0x50, 0xff, 0x5d, 0x3b, 0x34, 0xff, 0x6f, 0x49, 0x3f, 0xff, 
0x8f, 0x63, 0x56, 0xff, 0x9e, 0x70, 0x62, 0xff, 0xab, 0x7a, 0x69, 0xff, 0x9f, 0x6b, 0x5c, 0xff, 
0x99, 0x68, 0x5b, 0xff, 0x85, 0x52, 0x49, 0xff, 0xa0, 0x66, 0x5e, 0xff, 0xca, 0x96, 0x8b, 0xff, 
0xd7, 0xa4, 0x96, 0xff, 0xd3, 0xa0, 0x94, 0xff, 0xe2, 0xb4, 0xa8, 0xff, 0xdc, 0xa2, 0x95, 0xff, 
0xd7, 0x98, 0x8a, 0xff, 0xd2, 0x9a, 0x8d, 0xff, 0xc2, 0x91, 0x85, 0xff, 0xba, 0x8d, 0x7e, 0xff, 
0xb3, 0x84, 0x77, 0xff, 0xc0, 0x94, 0x88, 0xff, 0xce, 0x98, 0x8c, 0xff, 0xcd, 0x99, 0x8c, 0xff, 
0xbb, 0x83, 0x76, 0xff, 0xc5, 0x8f, 0x83, 0xff, 0xeb, 0xd0, 0xc3, 0xff, 0xf8, 0xe6, 0xd8, 0xff, 
0xe6, 0xc8, 0xba, 0xff, 0xa0, 0x71, 0x63, 0xff, 0x92, 0x66, 0x58, 0xff, 0xd3, 0xac, 0xa1, 0xff, 
0xd9, 0xb2, 0xa3, 0xff, 0xd7, 0xad, 0x9c, 0xff, 0xdf, 0xba, 0xad, 0xff, 0xe3, 0xc5, 0xb8, 0xff, 
0xd0, 0xad, 0x9d, 0xff, 0xb5, 0x8d, 0x7e, 0xff, 0xa8, 0x81, 0x6f, 0xff, 0xa7, 0x80, 0x70, 0xff, 
0xa5, 0x7d, 0x6d, 0xff, 0xbe, 0x96, 0x84, 0xff, 0xb6, 0x90, 0x7f, 0xff, 0xad, 0x87, 0x75, 0xff, 
0xc2, 0x95, 0x7f, 0xff, 0xce, 0xa3, 0x8f, 0xff, 0xb0, 0x8b, 0x7f, 0xff, 0xab, 0x81, 0x70, 0xff, 
0xb4, 0x8a, 0x79, 0xff, 0xbc, 0x91, 0x81, 0xff, 0xbf, 0x98, 0x84, 0xff, 0xc1, 0x9b, 0x8c, 0xff, 
0xbf, 0x91, 0x7e, 0xff, 0xa9, 0x75, 0x5a, 0xff, 0xa7, 0x6e, 0x59, 0xff, 0xb8, 0x82, 0x6b, 0xff, 
0xbf, 0x85, 0x71, 0xff, 0xd1, 0x8d, 0x83, 0xff, 0xc4, 0x89, 0x76, 0xff, 0xb8, 0x84, 0x6c, 0xff, 
0xbb, 0x89, 0x77, 0xff, 0xbd, 0x8a, 0x74, 0xff, 0xc4, 0x8b, 0x71, 0xff, 0xc2, 0x83, 0x68, 0xff, 
0x9a, 0x63, 0x50, 0xff, 0x86, 0x5e, 0x4f, 0xff, 0xb5, 0x7e, 0x68, 0xff, 0xc4, 0x83, 0x6b, 0xff, 
0xcc, 0x91, 0x76, 0xff, 0xc5, 0x90, 0x79, 0xff, 0xab, 0x76, 0x62, 0xff, 0xbc, 0x7e, 0x68, 0xff, 
0xd1, 0x8f, 0x7f, 0xff, 0xb8, 0x74, 0x63, 0xff, 0xbd, 0x7f, 0x67, 0xff, 0xc6, 0x91, 0x75, 0xff, 
0xb6, 0x80, 0x68, 0xff, 0xb8, 0x7f, 0x67, 0xff, 0xa8, 0x72, 0x60, 0xff, 0xb1, 0x84, 0x6e, 0xff, 
0xbb, 0x87, 0x75, 0xff, 0xb6, 0x7f, 0x6c, 0xff, 0xbf, 0x88, 0x72, 0xff, 0xc6, 0x8c, 0x74, 0xff, 
0xbd, 0x85, 0x6c, 0xff, 0xb3, 0x77, 0x65, 0xff, 0xb7, 0x77, 0x66, 0xff, 0xac, 0x70, 0x60, 0xff, 
0xaa, 0x6e, 0x60, 0xff, 0xe2, 0xb8, 0xaa, 0xff, 0xe8, 0xbf, 0xb6, 0xff, 0x9b, 0x65, 0x5d, 0xff, 
0x93, 0x5c, 0x4c, 0xff, 0x9c, 0x60, 0x53, 0xff, 0x95, 0x56, 0x49, 0xff, 0xa4, 0x67, 0x54, 0xff, 
0xa9, 0x6f, 0x5e, 0xff, 0x9a, 0x60, 0x4e, 0xff, 0x9c, 0x5f, 0x4d, 0xff, 0x9f, 0x68, 0x55, 0xff, 
0x92, 0x61, 0x51, 0xff, 0x85, 0x54, 0x44, 0xff, 0x98, 0x66, 0x54, 0xff, 0xaa, 0x77, 0x66, 0xff, 
0x8c, 0x5b, 0x4e, 0xff, 0x96, 0x6d, 0x5e, 0xff, 0xac, 0x7c, 0x68, 0xff, 0xa5, 0x76, 0x66, 0xff, 
0xb8, 0x88, 0x76, 0xff, 0xad, 0x7c, 0x6c, 0xff, 0xba, 0x92, 0x83, 0xff, 0xb9, 0x8e, 0x7c, 0xff, 
0xac, 0x7a, 0x66, 0xff, 0xc1, 0x97, 0x85, 0xff, 0xc6, 0x9a, 0x89, 0xff, 0xbc, 0x8d, 0x7a, 0xff, 
0xbe, 0x97, 0x87, 0xff, 0xc2, 0x93, 0x82, 0xff, 0xd5, 0xaf, 0x9a, 0xff, 0xe5, 0xc8, 0xb7, 0xff, 
0xe5, 0xcb, 0xbe, 0xff, 0xac, 0x82, 0x77, 0xff, 0xb7, 0x92, 0x86, 0xff, 0xe8, 0xd1, 0xc2, 0xff, 
0xcf, 0xa4, 0x93, 0xff, 0xbe, 0x90, 0x80, 0xff, 0xb3, 0x88, 0x78, 0xff, 0xbb, 0x84, 0x76, 0xff, 
0xd6, 0xa2, 0x90, 0xff, 0xc9, 0x9d, 0x8c, 0xff, 0xb9, 0x87, 0x78, 0xff, 0xbb, 0x87, 0x77, 0xff, 
0xc0, 0x92, 0x82, 0xff, 0xb0, 0x7c, 0x6b, 0xff, 0xc7, 0x9e, 0x8e, 0xff, 0xe0, 0xc7, 0xbb, 0xff, 
0xbd, 0x8f, 0x7f, 0xff, 0xb5, 0x88, 0x78, 0xff, 0xbf, 0x99, 0x89, 0xff, 0xcc, 0x9d, 0x8c, 0xff, 
0xcd, 0x90, 0x83, 0xff, 0xcd, 0x8e, 0x81, 0xff, 0xd8, 0xb4, 0xa2, 0xff, 0xd6, 0xb9, 0xa9, 0xff, 
0xc4, 0x99, 0x8b, 0xff, 0xda, 0xb8, 0xa8, 0xff, 0xe7, 0xcb, 0xb8, 0xff, 0xdd, 0xc0, 0xac, 0xff, 
0xd9, 0xb7, 0xa3, 0xff, 0xd2, 0xa9, 0x96, 0xff, 0xc4, 0x95, 0x85, 0xff, 0xb9, 0x89, 0x77, 0xff, 
0xc6, 0x97, 0x85, 0xff, 0xc2, 0x93, 0x81, 0xff, 0xd0, 0xa2, 0x8e, 0xff, 0xe8, 0xbb, 0xa4, 0xff, 
0xd8, 0xae, 0x9b, 0xff, 0xc7, 0xa0, 0x92, 0xff, 0xd3, 0xa6, 0x94, 0xff, 0xd9, 0xa6, 0x92, 0xff, 
0xde, 0xa7, 0x98, 0xff, 0xd9, 0x9e, 0x8f, 0xff, 0xd0, 0xa1, 0x92, 0xff, 0xd1, 0xa3, 0x95, 0xff, 
0xce, 0x90, 0x85, 0xff, 0xcf, 0x93, 0x86, 0xff, 0xc4, 0x85, 0x73, 0xff, 0xc9, 0x90, 0x7f, 0xff, 
0xd2, 0x9b, 0x8c, 0xff, 0xcf, 0x97, 0x89, 0xff, 0xd4, 0xa7, 0x97, 0xff, 0xd2, 0xa7, 0x95, 0xff, 
0xd0, 0x8b, 0x7a, 0xff, 0xce, 0x8f, 0x80, 0xff, 0xd5, 0x9e, 0x8e, 0xff, 0xc4, 0x89, 0x79, 0xff, 
0x99, 0x5c, 0x4f, 0xff, 0xb7, 0x88, 0x7d, 0xff, 0xcc, 0xa3, 0x95, 0xff, 0xc8, 0x98, 0x89, 0xff, 
0xc8, 0x92, 0x81, 0xff, 0xc3, 0x88, 0x77, 0xff, 0xc2, 0x82, 0x6e, 0xff, 0xc8, 0x8b, 0x76, 0xff, 
0xc8, 0x88, 0x76, 0xff, 0xd1, 0xa3, 0x8c, 0xff, 0xda, 0xb6, 0x9e, 0xff, 0xdd, 0xae, 0x99, 0xff, 
0xd1, 0x90, 0x80, 0xff, 0xe0, 0xb6, 0xa5, 0xff, 0xde, 0xb0, 0x9b, 0xff, 0xdb, 0xa0, 0x8c, 0xff, 
0xe4, 0xb1, 0x9c, 0xff, 0xdd, 0xb2, 0x9c, 0xff, 0xde, 0xa3, 0x8e, 0xff, 0xe6, 0xa5, 0x95, 0xff, 
0xfe, 0xef, 0xe8, 0xff, 0xfc, 0xf0, 0xe4, 0xff, 0xd6, 0xab, 0x94, 0xff, 0xc0, 0x84, 0x6f, 0xff, 
0xe5, 0xb6, 0xa8, 0xff, 0xea, 0xd5, 0xc9, 0xff, 0xde, 0xa2, 0x92, 0xff, 0xe0, 0x97, 0x88, 0xff, 
0xe7, 0xa8, 0x99, 0xff, 0xe3, 0xb5, 0xa2, 0xff, 0xd3, 0x9a, 0x88, 0xff, 0xde, 0xa4, 0x93, 0xff, 
0xf4, 0xcd, 0xbb, 0xff, 0xeb, 0xca, 0xb9, 0xff, 0xda, 0xb0, 0xa0, 0xff, 0xca, 0x96, 0x87, 0xff, 
0xc4, 0x8b, 0x7d, 0xff, 0xc6, 0x98, 0x8c, 0xff, 0xae, 0x88, 0x7e, 0xff, 0xad, 0x79, 0x6f, 0xff, 
0xcc, 0x92, 0x85, 0xff, 0xd1, 0x9b, 0x8a, 0xff, 0xba, 0x89, 0x74, 0xff, 0xd1, 0x97, 0x88, 0xff, 
0xc9, 0x8f, 0x7f, 0xff, 0xd6, 0xa7, 0x93, 0xff, 0xd4, 0xb3, 0x9d, 0xff, 0xd6, 0xa8, 0x94, 0xff, 
0xda, 0x99, 0x8d, 0xff, 0xda, 0x9f, 0x92, 0xff, 0xda, 0x98, 0x89, 0xff, 0xbe, 0x87, 0x74, 0xff, 
0xcb, 0xa1, 0x91, 0xff, 0xc7, 0x92, 0x82, 0xff, 0xd6, 0xa2, 0x93, 0xff, 0xcd, 0x94, 0x83, 0xff, 
0xb7, 0x7a, 0x68, 0xff, 0xc2, 0x89, 0x77, 0xff, 0xc1, 0x96, 0x81, 0xff, 0xbb, 0x83, 0x70, 0xff, 
0xb1, 0x72, 0x63, 0xff, 0xaa, 0x73, 0x69, 0xff, 0xb4, 0x75, 0x64, 0xff, 0xa4, 0x68, 0x5a, 0xff, 
0x97, 0x5a, 0x4f, 0xff, 0xaa, 0x67, 0x5b, 0xff, 0xb4, 0x70, 0x61, 0xff, 0x9c, 0x62, 0x55, 0xff, 
0x93, 0x5b, 0x50, 0xff, 0x8d, 0x57, 0x4c, 0xff, 0x8d, 0x58, 0x4e, 0xff, 0x96, 0x5a, 0x4f, 0xff, 
0xa3, 0x64, 0x59, 0xff, 0xa6, 0x6d, 0x60, 0xff, 0xa6, 0x73, 0x65, 0xff, 0xa3, 0x6e, 0x61, 0xff, 
0x9e, 0x61, 0x55, 0xff, 0xa5, 0x68, 0x5a, 0xff, 0x9a, 0x5a, 0x4d, 0xff, 0x82, 0x47, 0x3f, 0xff, 
0x7f, 0x51, 0x47, 0xff, 0x6c, 0x4a, 0x40, 0xff, 0x3a, 0x26, 0x23, 0xff, 0x59, 0x38, 0x32, 0xff, 
0xa5, 0x70, 0x63, 0xff, 0xbc, 0x87, 0x76, 0xff, 0x89, 0x5e, 0x52, 0xff, 0x6b, 0x44, 0x3c, 0xff, 
0x7e, 0x4d, 0x45, 0xff, 0xa8, 0x70, 0x65, 0xff, 0xc5, 0x8e, 0x82, 0xff, 0xea, 0xcd, 0xc0, 0xff, 
0xec, 0xce, 0xc2, 0xff, 0xe7, 0xc0, 0xb3, 0xff, 0xe1, 0xb8, 0xab, 0xff, 0xf3, 0xc0, 0xb2, 0xff, 
0xe1, 0xaa, 0x9c, 0xff, 0xcb, 0x94, 0x87, 0xff, 0xc3, 0x8b, 0x81, 0xff, 0xb1, 0x81, 0x75, 0xff, 
0x9e, 0x6b, 0x5e, 0xff, 0x9d, 0x6c, 0x61, 0xff, 0xc6, 0x9e, 0x93, 0xff, 0xde, 0xba, 0xae, 0xff, 
0xc5, 0x92, 0x86, 0xff, 0xc7, 0x7e, 0x6f, 0xff, 0xce, 0xa8, 0x9c, 0xff, 0xce, 0xb5, 0xab, 0xff, 
0xe1, 0xcd, 0xc6, 0xff, 0xb0, 0x8d, 0x84, 0xff, 0xb8, 0x8d, 0x83, 0xff, 0xcf, 0x9f, 0x92, 0xff, 
0xbc, 0x80, 0x70, 0xff, 0xce, 0x9b, 0x8c, 0xff, 0xeb, 0xd1, 0xc6, 0xff, 0xe4, 0xc7, 0xbb, 0xff, 
0xc8, 0x9f, 0x91, 0xff, 0xb5, 0x8c, 0x7b, 0xff, 0xa1, 0x74, 0x64, 0xff, 0xa5, 0x7d, 0x6c, 0xff, 
0xa6, 0x7f, 0x6d, 0xff, 0x9d, 0x74, 0x65, 0xff, 0xa0, 0x78, 0x6b, 0xff, 0xb9, 0x93, 0x81, 0xff, 
0xb6, 0x8d, 0x7b, 0xff, 0xc3, 0x9c, 0x88, 0xff, 0xb7, 0x90, 0x82, 0xff, 0xc2, 0x9b, 0x8a, 0xff, 
0xc6, 0x9f, 0x8b, 0xff, 0xc0, 0x97, 0x86, 0xff, 0xc2, 0x9c, 0x8b, 0xff, 0xc8, 0xa3, 0x8f, 0xff, 
0xc2, 0xa1, 0x8b, 0xff, 0xb6, 0x83, 0x69, 0xff, 0xaf, 0x6a, 0x59, 0xff, 0xc2, 0x85, 0x71, 0xff, 
0xcf, 0x97, 0x84, 0xff, 0xb7, 0x83, 0x72, 0xff, 0xb0, 0x79, 0x62, 0xff, 0xb7, 0x84, 0x6c, 0xff, 
0xb3, 0x88, 0x72, 0xff, 0xbf, 0x8f, 0x74, 0xff, 0xc7, 0x8d, 0x72, 0xff, 0xc9, 0x8e, 0x75, 0xff, 
0xa4, 0x6f, 0x5c, 0xff, 0x94, 0x5f, 0x4d, 0xff, 0xab, 0x6e, 0x59, 0xff, 0xb9, 0x7f, 0x67, 0xff, 
0xbe, 0x7d, 0x66, 0xff, 0xc0, 0x87, 0x71, 0xff, 0xc3, 0x8b, 0x73, 0xff, 0xb1, 0x73, 0x61, 0xff, 
0xa5, 0x65, 0x56, 0xff, 0x9a, 0x5c, 0x4c, 0xff, 0xae, 0x6d, 0x5a, 0xff, 0xb9, 0x7d, 0x65, 0xff, 
0xb0, 0x7c, 0x69, 0xff, 0xbe, 0x87, 0x6f, 0xff, 0xc7, 0x93, 0x72, 0xff, 0xc6, 0x8c, 0x71, 0xff, 
0xbd, 0x85, 0x6e, 0xff, 0x8e, 0x5a, 0x50, 0xff, 0x91, 0x5d, 0x53, 0xff, 0xc0, 0x88, 0x6f, 0xff, 
0xb7, 0x7f, 0x68, 0xff, 0xac, 0x72, 0x60, 0xff, 0xad, 0x70, 0x5f, 0xff, 0xb2, 0x71, 0x60, 0xff, 
0xcf, 0x99, 0x8d, 0xff, 0xe4, 0xb6, 0xa9, 0xff, 0xb5, 0x7c, 0x70, 0xff, 0x94, 0x62, 0x58, 0xff, 
0xa5, 0x6e, 0x5b, 0xff, 0x9e, 0x66, 0x56, 0xff, 0x90, 0x55, 0x4a, 0xff, 0xa7, 0x6c, 0x5c, 0xff, 
0xad, 0x72, 0x5d, 0xff, 0x91, 0x5d, 0x4d, 0xff, 0x65, 0x3d, 0x34, 0xff, 0x87, 0x54, 0x45, 0xff, 
0x92, 0x5e, 0x4d, 0xff, 0x67, 0x40, 0x36, 0xff, 0x6e, 0x42, 0x3c, 0xff, 0x8b, 0x59, 0x4f, 0xff, 
0x9b, 0x70, 0x60, 0xff, 0xb8, 0x90, 0x7c, 0xff, 0xb2, 0x82, 0x6f, 0xff, 0xc2, 0x95, 0x83, 0xff, 
0xcd, 0x9f, 0x8b, 0xff, 0xbb, 0x8e, 0x7c, 0xff, 0xbf, 0x97, 0x87, 0xff, 0xbc, 0x91, 0x82, 0xff, 
0xb9, 0x87, 0x74, 0xff, 0xc5, 0x98, 0x85, 0xff, 0xc2, 0x96, 0x84, 0xff, 0xb8, 0x89, 0x79, 0xff, 
0xca, 0xa3, 0x94, 0xff, 0xd3, 0xaf, 0x9f, 0xff, 0xd9, 0xba, 0xab, 0xff, 0xed, 0xd4, 0xc4, 0xff, 
0xde, 0xc2, 0xb4, 0xff, 0xa7, 0x7d, 0x74, 0xff, 0xea, 0xd7, 0xcd, 0xff, 0xe5, 0xcb, 0xbb, 0xff, 
0xd5, 0xb2, 0xa3, 0xff, 0xd6, 0xb4, 0xa6, 0xff, 0xc3, 0x96, 0x85, 0xff, 0xd8, 0xb0, 0x9f, 0xff, 
0xf0, 0xd0, 0xbf, 0xff, 0xe1, 0xba, 0xaa, 0xff, 0xdb, 0xb5, 0xa4, 0xff, 0xd9, 0xb2, 0x9f, 0xff, 
0xc9, 0x96, 0x86, 0xff, 0xa7, 0x79, 0x67, 0xff, 0xb2, 0x87, 0x76, 0xff, 0xe1, 0xc1, 0xb3, 0xff, 
0xd5, 0xb0, 0xa2, 0xff, 0xb6, 0x84, 0x78, 0xff, 0xc0, 0x84, 0x76, 0xff, 0xda, 0xaa, 0x98, 0xff, 
0xd4, 0xa6, 0x96, 0xff, 0xc2, 0x91, 0x80, 0xff, 0xc9, 0x8f, 0x80, 0xff, 0xe5, 0xbe, 0xaf, 0xff, 
0xda, 0xb5, 0xa4, 0xff, 0xc6, 0x9a, 0x8b, 0xff, 0xe3, 0xc7, 0xb9, 0xff, 0xf3, 0xde, 0xcf, 0xff, 
0xe9, 0xcb, 0xb6, 0xff, 0xdd, 0xb9, 0xa6, 0xff, 0xd5, 0xa9, 0x95, 0xff, 0xd2, 0xa6, 0x93, 0xff, 
0xc4, 0x94, 0x85, 0xff, 0xc3, 0x94, 0x83, 0xff, 0xc2, 0x92, 0x80, 0xff, 0xd6, 0xa7, 0x93, 0xff, 
0xec, 0xc6, 0xb1, 0xff, 0xda, 0xb4, 0xa2, 0xff, 0xce, 0xa2, 0x92, 0xff, 0xcf, 0x9e, 0x89, 0xff, 
0xd2, 0x98, 0x88, 0xff, 0xda, 0x9b, 0x8f, 0xff, 0xd4, 0x98, 0x8b, 0xff, 0xe1, 0xae, 0x9f, 0xff, 
0xda, 0xa2, 0x90, 0xff, 0xc1, 0x81, 0x71, 0xff, 0xce, 0x98, 0x86, 0xff, 0xce, 0x90, 0x7f, 0xff, 
0xc9, 0x84, 0x73, 0xff, 0xc8, 0x8d, 0x7d, 0xff, 0xd2, 0x9b, 0x8b, 0xff, 0xd3, 0x96, 0x86, 0xff, 
0xcb, 0x86, 0x76, 0xff, 0xc6, 0x84, 0x73, 0xff, 0xb3, 0x7e, 0x6f, 0xff, 0xbd, 0x8f, 0x81, 0xff, 
0xab, 0x72, 0x64, 0xff, 0x9b, 0x5d, 0x4f, 0xff, 0xd4, 0xaf, 0xa3, 0xff, 0xcb, 0xa3, 0x95, 0xff, 
0xc8, 0x92, 0x82, 0xff, 0xc6, 0x89, 0x79, 0xff, 0xbf, 0x80, 0x6b, 0xff, 0xd2, 0xa0, 0x86, 0xff, 
0xc5, 0x86, 0x73, 0xff, 0xca, 0x97, 0x82, 0xff, 0xd1, 0x9e, 0x87, 0xff, 0xd2, 0x94, 0x80, 0xff, 
0xd9, 0xa4, 0x92, 0xff, 0xe0, 0xbb, 0xa8, 0xff, 0xe5, 0xc4, 0xaf, 0xff, 0xe0, 0xb0, 0x9b, 0xff, 
0xde, 0xab, 0x95, 0xff, 0xe5, 0xaf, 0x9a, 0xff, 0xe9, 0xb5, 0x9d, 0xff, 0xe7, 0xa6, 0x93, 0xff, 
0xdc, 0xa6, 0x98, 0xff, 0xe0, 0xb0, 0xa1, 0xff, 0xca, 0x9c, 0x88, 0xff, 0xa3, 0x89, 0x7e, 0xff, 
0x93, 0x73, 0x6d, 0xff, 0xec, 0xd0, 0xc2, 0xff, 0xed, 0xbe, 0xad, 0xff, 0xdb, 0x99, 0x89, 0xff, 
0xe1, 0xb3, 0xa1, 0xff, 0xd6, 0xa4, 0x92, 0xff, 0xd9, 0x9f, 0x8f, 0xff, 0xda, 0xa2, 0x94, 0xff, 
0xe6, 0xb6, 0xa6, 0xff, 0xe6, 0xbb, 0xa9, 0xff, 0xd6, 0xa7, 0x95, 0xff, 0xc5, 0x95, 0x82, 0xff, 
0xc2, 0x8d, 0x7f, 0xff, 0xaa, 0x7c, 0x70, 0xff, 0xe4, 0xd2, 0xc4, 0xff, 0xcd, 0xb2, 0xa3, 0xff, 
0x5c, 0x49, 0x43, 0xff, 0xb5, 0x86, 0x7a, 0xff, 0xd5, 0x9e, 0x8e, 0xff, 0xd7, 0xab, 0x98, 0xff, 
0xca, 0x99, 0x87, 0xff, 0xd3, 0x93, 0x82, 0xff, 0xdc, 0xaf, 0x9d, 0xff, 0xd0, 0xa5, 0x93, 0xff, 
0xce, 0x91, 0x82, 0xff, 0xdd, 0xa3, 0x92, 0xff, 0xb8, 0x7c, 0x69, 0xff, 0xb5, 0x7c, 0x6b, 0xff, 
0xcd, 0x9b, 0x8c, 0xff, 0xb7, 0x83, 0x73, 0xff, 0xc0, 0x8b, 0x7b, 0xff, 0xd5, 0xa5, 0x92, 0xff, 
0xd0, 0x99, 0x87, 0xff, 0xb9, 0x82, 0x6e, 0xff, 0xd1, 0xaa, 0x91, 0xff, 0xc9, 0xa0, 0x8a, 0xff, 
0xae, 0x73, 0x63, 0xff, 0xb3, 0x79, 0x69, 0xff, 0xac, 0x78, 0x68, 0xff, 0xa9, 0x6d, 0x5d, 0xff, 
0xa7, 0x6b, 0x60, 0xff, 0xac, 0x75, 0x69, 0xff, 0xab, 0x76, 0x65, 0xff, 0xbf, 0x83, 0x76, 0xff, 
0xb2, 0x76, 0x6c, 0xff, 0x9d, 0x62, 0x55, 0xff, 0xa6, 0x6a, 0x5c, 0xff, 0xb1, 0x70, 0x62, 0xff, 
0xc2, 0x82, 0x75, 0xff, 0xcc, 0x90, 0x82, 0xff, 0xcc, 0x90, 0x84, 0xff, 0xc0, 0x7c, 0x6f, 0xff, 
0xb3, 0x71, 0x63, 0xff, 0xb1, 0x70, 0x64, 0xff, 0x96, 0x57, 0x4b, 0xff, 0x95, 0x56, 0x4c, 0xff, 
0x7a, 0x4b, 0x43, 0xff, 0x6a, 0x44, 0x3c, 0xff, 0x71, 0x49, 0x3e, 0xff, 0x6b, 0x48, 0x3f, 0xff, 
0x7b, 0x55, 0x4c, 0xff, 0x67, 0x46, 0x3f, 0xff, 0x6c, 0x47, 0x3f, 0xff, 0x87, 0x5c, 0x50, 0xff, 
0xa8, 0x6f, 0x64, 0xff, 0xc5, 0x8b, 0x7f, 0xff, 0xce, 0x9a, 0x8c, 0xff, 0xd9, 0xb5, 0xa8, 0xff, 
0xe8, 0xc7, 0xbc, 0xff, 0xe7, 0xc2, 0xb5, 0xff, 0xde, 0xb5, 0xa7, 0xff, 0xd3, 0xa4, 0x98, 0xff, 
0xc3, 0x95, 0x8a, 0xff, 0xbe, 0x92, 0x85, 0xff, 0xc3, 0x91, 0x86, 0xff, 0xab, 0x73, 0x6b, 0xff, 
0x8f, 0x65, 0x58, 0xff, 0x97, 0x63, 0x54, 0xff, 0x9e, 0x7f, 0x76, 0xff, 0xf3, 0xf0, 0xe8, 0xff, 
0xe8, 0xc4, 0xb9, 0xff, 0xde, 0xb4, 0xa7, 0xff, 0xdd, 0xba, 0xac, 0xff, 0xc9, 0x9f, 0x91, 0xff, 
0xe0, 0xce, 0xc6, 0xff, 0xf2, 0xdf, 0xd7, 0xff, 0xd8, 0xb1, 0xa4, 0xff, 0xc6, 0x91, 0x82, 0xff, 
0xd6, 0xa3, 0x94, 0xff, 0xd7, 0xa6, 0x97, 0xff, 0xd8, 0xab, 0x9c, 0xff, 0xcb, 0x9c, 0x8e, 0xff, 
0xbc, 0x8e, 0x81, 0xff, 0xc3, 0x9a, 0x8b, 0xff, 0xbf, 0x94, 0x84, 0xff, 0xb4, 0x8b, 0x79, 0xff, 
0xb9, 0x8e, 0x79, 0xff, 0xb2, 0x85, 0x71, 0xff, 0xc3, 0x97, 0x82, 0xff, 0xc5, 0x9b, 0x87, 0xff, 
0xab, 0x81, 0x71, 0xff, 0xb0, 0x87, 0x7a, 0xff, 0xd0, 0xab, 0xa0, 0xff, 0xd1, 0xad, 0x9e, 0xff, 
0xd6, 0xaf, 0x9a, 0xff, 0xd8, 0xad, 0x95, 0xff, 0xd0, 0xa8, 0x92, 0xff, 0xd2, 0xaf, 0x9a, 0xff, 
0xd3, 0xa8, 0x94, 0xff, 0xcc, 0x99, 0x83, 0xff, 0xd0, 0xa2, 0x89, 0xff, 0xcd, 0x93, 0x81, 0xff, 
0xc5, 0x8e, 0x75, 0xff, 0xb3, 0x81, 0x67, 0xff, 0xb4, 0x84, 0x6f, 0xff, 0xa8, 0x76, 0x62, 0xff, 
0xb2, 0x81, 0x67, 0xff, 0xc6, 0x91, 0x74, 0xff, 0xc3, 0x87, 0x6d, 0xff, 0xba, 0x82, 0x6c, 0xff, 
0x95, 0x64, 0x56, 0xff, 0x9f, 0x70, 0x5d, 0xff, 0xb8, 0x85, 0x69, 0xff, 0xb9, 0x7e, 0x63, 0xff, 
0xae, 0x71, 0x5e, 0xff, 0xb1, 0x75, 0x5f, 0xff, 0xc3, 0x8d, 0x6f, 0xff, 0xb6, 0x7d, 0x67, 0xff, 
0x9e, 0x5c, 0x51, 0xff, 0x9f, 0x66, 0x5f, 0xff, 0xb5, 0x78, 0x6e, 0xff, 0xae, 0x6c, 0x5d, 0xff, 
0xb7, 0x7a, 0x62, 0xff, 0xbe, 0x86, 0x6e, 0xff, 0xbf, 0x88, 0x6e, 0xff, 0xc0, 0x84, 0x6b, 0xff, 
0xc0, 0x84, 0x6c, 0xff, 0xc5, 0x8d, 0x7f, 0xff, 0xbb, 0x82, 0x78, 0xff, 0xb2, 0x7c, 0x6e, 0xff, 
0xb3, 0x7a, 0x68, 0xff, 0xc0, 0x81, 0x6c, 0xff, 0xb6, 0x76, 0x64, 0xff, 0xba, 0x7a, 0x69, 0xff, 
0xbf, 0x86, 0x79, 0xff, 0xba, 0x84, 0x79, 0xff, 0xa5, 0x64, 0x54, 0xff, 0xa9, 0x6d, 0x5c, 0xff, 
0xa9, 0x6c, 0x5b, 0xff, 0xa2, 0x69, 0x56, 0xff, 0x9d, 0x67, 0x54, 0xff, 0xa3, 0x69, 0x59, 0xff, 
0xa0, 0x64, 0x51, 0xff, 0x8e, 0x5a, 0x4d, 0xff, 0x5c, 0x3b, 0x34, 0xff, 0x81, 0x50, 0x42, 0xff, 
0x8a, 0x58, 0x49, 0xff, 0x5c, 0x38, 0x33, 0xff, 0x7c, 0x4d, 0x47, 0xff, 0x97, 0x66, 0x5b, 0xff, 
0x94, 0x6c, 0x5d, 0xff, 0x95, 0x70, 0x62, 0xff, 0xb0, 0x8a, 0x79, 0xff, 0xc5, 0x96, 0x84, 0xff, 
0xc8, 0x98, 0x85, 0xff, 0xbe, 0x98, 0x85, 0xff, 0xc7, 0x9a, 0x88, 0xff, 0xb9, 0x8a, 0x7a, 0xff, 
0xb0, 0x7f, 0x6e, 0xff, 0xbc, 0x89, 0x78, 0xff, 0xc7, 0x96, 0x86, 0xff, 0xd2, 0xab, 0x9a, 0xff, 
0xd0, 0xaa, 0x9c, 0xff, 0xd7, 0xb4, 0xa4, 0xff, 0xdf, 0xbd, 0xad, 0xff, 0xe0, 0xbe, 0xaf, 0xff, 
0xc4, 0x9e, 0x90, 0xff, 0xab, 0x7d, 0x73, 0xff, 0xcb, 0xae, 0xa4, 0xff, 0xf9, 0xe3, 0xd6, 0xff, 
0xc8, 0xac, 0x9e, 0xff, 0xba, 0x96, 0x88, 0xff, 0xd7, 0xaf, 0x9d, 0xff, 0xd6, 0xb5, 0xa3, 0xff, 
0xdc, 0xc0, 0xb1, 0xff, 0xde, 0xb6, 0xa5, 0xff, 0xd5, 0xac, 0x9b, 0xff, 0xe8, 0xcf, 0xbf, 0xff, 
0xe5, 0xc4, 0xb2, 0xff, 0xa9, 0x76, 0x63, 0xff, 0xa7, 0x7e, 0x6d, 0xff, 0xdd, 0xb9, 0xa9, 0xff, 
0xb9, 0x8d, 0x80, 0xff, 0xb5, 0x7d, 0x72, 0xff, 0xd4, 0xa2, 0x92, 0xff, 0xcb, 0xa1, 0x8f, 0xff, 
0xa8, 0x79, 0x6b, 0xff, 0xd0, 0xab, 0x9b, 0xff, 0xef, 0xc8, 0xb7, 0xff, 0xdb, 0xa3, 0x94, 0xff, 
0xe2, 0xac, 0x9a, 0xff, 0xdb, 0xb7, 0xa2, 0xff, 0xdb, 0xc0, 0xb1, 0xff, 0xd7, 0xb3, 0xa5, 0xff, 
0xdd, 0xb7, 0xa6, 0xff, 0xdd, 0xbb, 0xaa, 0xff, 0xd8, 0xb4, 0xa3, 0xff, 0xd8, 0xb1, 0x9e, 0xff, 
0xce, 0xa2, 0x8f, 0xff, 0xc5, 0x98, 0x87, 0xff, 0xcc, 0xa2, 0x91, 0xff, 0xca, 0xa0, 0x91, 0xff, 
0xcf, 0xa6, 0x96, 0xff, 0xd1, 0xa6, 0x92, 0xff, 0xca, 0x99, 0x84, 0xff, 0xbd, 0x83, 0x73, 0xff, 
0xcf, 0x9c, 0x8b, 0xff, 0xdd, 0xac, 0x99, 0xff, 0xd7, 0xa2, 0x92, 0xff, 0xd7, 0xa6, 0x96, 0xff, 
0xd9, 0xaf, 0x9c, 0xff, 0xd3, 0x9e, 0x8d, 0xff, 0xd8, 0xab, 0x99, 0xff, 0xc8, 0x88, 0x76, 0xff, 
0xc9, 0x89, 0x77, 0xff, 0xcc, 0x8b, 0x7b, 0xff, 0xce, 0x93, 0x83, 0xff, 0xcc, 0x8b, 0x7a, 0xff, 
0xc4, 0x8a, 0x79, 0xff, 0xb4, 0x75, 0x65, 0xff, 0xa4, 0x6a, 0x5d, 0xff, 0xb0, 0x7f, 0x74, 0xff, 
0xb6, 0x82, 0x75, 0xff, 0xa2, 0x70, 0x5d, 0xff, 0xb4, 0x85, 0x78, 0xff, 0xc5, 0x96, 0x8b, 0xff, 
0xcb, 0x97, 0x89, 0xff, 0xc5, 0x8e, 0x7d, 0xff, 0xb9, 0x7a, 0x6a, 0xff, 0xc1, 0x7f, 0x6e, 0xff, 
0xc6, 0x81, 0x71, 0xff, 0xca, 0x8d, 0x7c, 0xff, 0xdb, 0xa8, 0x97, 0xff, 0xe5, 0xb2, 0xa2, 0xff, 
0xde, 0xb0, 0x9d, 0xff, 0xe6, 0xab, 0x9a, 0xff, 0xe9, 0xab, 0x9a, 0xff, 0xe6, 0xb1, 0x9f, 0xff, 
0xe0, 0xb0, 0x9c, 0xff, 0xe7, 0xa6, 0x96, 0xff, 0xe2, 0xac, 0x97, 0xff, 0xd9, 0xb9, 0xa1, 0xff, 
0xc1, 0x8d, 0x75, 0xff, 0xce, 0x88, 0x73, 0xff, 0xc7, 0x98, 0x86, 0xff, 0xad, 0x96, 0x8a, 0xff, 
0x9f, 0x89, 0x7e, 0xff, 0xda, 0xa5, 0x95, 0xff, 0xdd, 0x99, 0x89, 0xff, 0xd8, 0x9d, 0x8c, 0xff, 
0xd7, 0xae, 0x99, 0xff, 0xd9, 0xab, 0x98, 0xff, 0xe8, 0xb8, 0xa7, 0xff, 0xd4, 0x9a, 0x8b, 0xff, 
0xcb, 0x98, 0x89, 0xff, 0xde, 0xb4, 0xa1, 0xff, 0xe1, 0xb8, 0xa4, 0xff, 0xd5, 0xac, 0x99, 0xff, 
0xc8, 0x8b, 0x7e, 0xff, 0xa7, 0x7b, 0x70, 0xff, 0xec, 0xd3, 0xc5, 0xff, 0xaf, 0x92, 0x87, 0xff, 
0x0f, 0x10, 0x0f, 0xff, 0xb8, 0x93, 0x87, 0xff, 0xed, 0xb5, 0xa6, 0xff, 0xda, 0xae, 0x9c, 0xff, 
0xd4, 0xab, 0x99, 0xff, 0xe5, 0xb6, 0xa6, 0xff, 0xe5, 0xbb, 0xae, 0xff, 0xdb, 0xba, 0xa8, 0xff, 
0xd7, 0x9e, 0x8e, 0xff, 0xc5, 0x88, 0x7a, 0xff, 0xae, 0x78, 0x66, 0xff, 0xb2, 0x75, 0x67, 0xff, 
0xc9, 0x89, 0x7d, 0xff, 0xc0, 0x89, 0x77, 0xff, 0xc3, 0x93, 0x7f, 0xff, 0xc7, 0x92, 0x7f, 0xff, 
0xd0, 0x96, 0x85, 0xff, 0xbf, 0x88, 0x73, 0xff, 0xc5, 0x93, 0x7c, 0xff, 0xde, 0xb7, 0xa0, 0xff, 
0xc4, 0x94, 0x80, 0xff, 0xb7, 0x77, 0x68, 0xff, 0xb5, 0x8a, 0x78, 0xff, 0xb9, 0x80, 0x69, 0xff, 
0xb0, 0x72, 0x63, 0xff, 0xa7, 0x70, 0x63, 0xff, 0xbc, 0x85, 0x76, 0xff, 0xd3, 0x98, 0x88, 0xff, 
0xc2, 0x85, 0x7a, 0xff, 0xbd, 0x80, 0x75, 0xff, 0xc1, 0x81, 0x72, 0xff, 0xbd, 0x80, 0x71, 0xff, 
0xc2, 0x84, 0x78, 0xff, 0xd5, 0x98, 0x8b, 0xff, 0xd2, 0x95, 0x88, 0xff, 0xd7, 0x96, 0x86, 0xff, 
0xc1, 0x7f, 0x70, 0xff, 0xa6, 0x6a, 0x5d, 0xff, 0xbd, 0x83, 0x75, 0xff, 0xac, 0x70, 0x61, 0xff, 
0x76, 0x47, 0x3f, 0xff, 0x71, 0x46, 0x3f, 0xff, 0x81, 0x4d, 0x43, 0xff, 0x5a, 0x3c, 0x37, 0xff, 
0x50, 0x36, 0x33, 0xff, 0x5f, 0x37, 0x33, 0xff, 0x91, 0x65, 0x59, 0xff, 0xd1, 0x9f, 0x8e, 0xff, 
0xcf, 0x91, 0x86, 0xff, 0xb7, 0x7a, 0x6f, 0xff, 0xbb, 0x85, 0x78, 0xff, 0xba, 0x80, 0x71, 0xff, 
0xd1, 0xa1, 0x96, 0xff, 0xe4, 0xc7, 0xbe, 0xff, 0xec, 0xd4, 0xca, 0xff, 0xdd, 0xb4, 0xa7, 0xff, 
0xb4, 0x7e, 0x71, 0xff, 0xb8, 0x8b, 0x80, 0xff, 0xe1, 0xbd, 0xb3, 0xff, 0xc3, 0x9d, 0x92, 0xff, 
0xa9, 0x7b, 0x6e, 0xff, 0xa5, 0x75, 0x68, 0xff, 0x70, 0x46, 0x3d, 0xff, 0xce, 0xbc, 0xb5, 0xff, 
0xf6, 0xd9, 0xce, 0xff, 0xdc, 0xb7, 0xab, 0xff, 0xec, 0xce, 0xc4, 0xff, 0xe0, 0xc1, 0xb5, 0xff, 
0xd1, 0xb3, 0xa8, 0xff, 0xd5, 0xb2, 0xa9, 0xff, 0xd1, 0xab, 0x9f, 0xff, 0xdb, 0xac, 0x9d, 0xff, 
0xc8, 0x93, 0x85, 0xff, 0xc8, 0x9b, 0x8a, 0xff, 0xdd, 0xb3, 0xa1, 0xff, 0xd4, 0xab, 0x9e, 0xff, 
0xbd, 0x93, 0x86, 0xff, 0xcc, 0xa6, 0x97, 0xff, 0xc4, 0x9b, 0x8b, 0xff, 0xb7, 0x8a, 0x78, 0xff, 
0xc3, 0x96, 0x7e, 0xff, 0xcc, 0x9d, 0x83, 0xff, 0xc2, 0x95, 0x7d, 0xff, 0xb9, 0x8c, 0x78, 0xff, 
0xba, 0x92, 0x7f, 0xff, 0xca, 0xa9, 0x99, 0xff, 0xdf, 0xbe, 0xaf, 0xff, 0xd8, 0xaf, 0x9e, 0xff, 
0xde, 0xb3, 0xa0, 0xff, 0xe9, 0xc0, 0xa7, 0xff, 0xdc, 0xaf, 0x98, 0xff, 0xcd, 0xa1, 0x8b, 0xff, 
0xc2, 0x81, 0x6f, 0xff, 0xd5, 0x9e, 0x8c, 0xff, 0xd8, 0xa8, 0x96, 0xff, 0xca, 0x9b, 0x88, 0xff, 
0xb5, 0x88, 0x6f, 0xff, 0xc2, 0x8c, 0x72, 0xff, 0xc3, 0x93, 0x77, 0xff, 0xbc, 0x87, 0x6a, 0xff, 
0xb7, 0x7e, 0x63, 0xff, 0xaf, 0x76, 0x5f, 0xff, 0xb4, 0x80, 0x6a, 0xff, 0xad, 0x77, 0x64, 0xff, 
0x93, 0x5e, 0x51, 0xff, 0xae, 0x7a, 0x63, 0xff, 0xa6, 0x74, 0x5e, 0xff, 0xbc, 0x7f, 0x67, 0xff, 
0xc5, 0x85, 0x70, 0xff, 0xb2, 0x6f, 0x5c, 0xff, 0xba, 0x7c, 0x69, 0xff, 0xd1, 0x97, 0x86, 0xff, 
0xbc, 0x7d, 0x70, 0xff, 0xa3, 0x65, 0x5a, 0xff, 0xa7, 0x6a, 0x5d, 0xff, 0xad, 0x6e, 0x5f, 0xff, 
0x9f, 0x66, 0x55, 0xff, 0xad, 0x79, 0x63, 0xff, 0xbf, 0x84, 0x6d, 0xff, 0xba, 0x81, 0x6a, 0xff, 
0xb8, 0x83, 0x6e, 0xff, 0xc4, 0x8b, 0x7c, 0xff, 0xbe, 0x82, 0x72, 0xff, 0xb4, 0x7d, 0x71, 0xff, 
0xa6, 0x71, 0x65, 0xff, 0xbe, 0x83, 0x6c, 0xff, 0xce, 0x91, 0x80, 0xff, 0xae, 0x6f, 0x63, 0xff, 
0xa0, 0x63, 0x54, 0xff, 0xac, 0x71, 0x61, 0xff, 0xb2, 0x74, 0x63, 0xff, 0xa4, 0x65, 0x54, 0xff, 
0x9b, 0x5f, 0x4e, 0xff, 0x9f, 0x66, 0x55, 0xff, 0xa5, 0x6c, 0x59, 0xff, 0xa5, 0x6a, 0x57, 0xff, 
0x94, 0x59, 0x4c, 0xff, 0x99, 0x60, 0x52, 0xff, 0x96, 0x5d, 0x4b, 0xff, 0x93, 0x5b, 0x49, 0xff, 
0x79, 0x4c, 0x40, 0xff, 0x7a, 0x49, 0x45, 0xff, 0x9e, 0x65, 0x5a, 0xff, 0x94, 0x65, 0x55, 0xff, 
0x9f, 0x71, 0x62, 0xff, 0x9b, 0x73, 0x66, 0xff, 0xac, 0x8a, 0x78, 0xff, 0xb8, 0x8f, 0x79, 0xff, 
0xbf, 0x90, 0x7c, 0xff, 0xc5, 0x9d, 0x8c, 0xff, 0xc2, 0x9b, 0x8a, 0xff, 0xb0, 0x7f, 0x6c, 0xff, 
0xb4, 0x7f, 0x6e, 0xff, 0xcd, 0xa1, 0x91, 0xff, 0xcc, 0xa3, 0x94, 0xff, 0xd3, 0xad, 0x9e, 0xff, 
0xd1, 0xa9, 0x98, 0xff, 0xd8, 0xb5, 0xa3, 0xff, 0xd6, 0xad, 0x9a, 0xff, 0xcc, 0xa1, 0x93, 0xff, 
0xce, 0xaf, 0xa4, 0xff, 0xc9, 0xae, 0xa2, 0xff, 0xbd, 0x97, 0x8b, 0xff, 0xe2, 0xbf, 0xb0, 0xff, 
0xb3, 0x8b, 0x80, 0xff, 0xb9, 0x8f, 0x7f, 0xff, 0xd3, 0xac, 0x9a, 0xff, 0xae, 0x83, 0x75, 0xff, 
0x86, 0x5c, 0x4e, 0xff, 0x8f, 0x6a, 0x5c, 0xff, 0xad, 0x7c, 0x6d, 0xff, 0xd0, 0x9f, 0x8f, 0xff, 
0xe2, 0xc6, 0xb6, 0xff, 0xd7, 0xb5, 0xa7, 0xff, 0xb8, 0x8a, 0x7a, 0xff, 0xb6, 0x8d, 0x7d, 0xff, 
0xb4, 0x88, 0x79, 0xff, 0xbe, 0x95, 0x85, 0xff, 0xcb, 0xa0, 0x8d, 0xff, 0xb8, 0x8e, 0x80, 0xff, 
0xb3, 0x91, 0x86, 0xff, 0xd1, 0xb7, 0xa8, 0xff, 0xcf, 0xab, 0x9c, 0xff, 0xea, 0xc4, 0xb3, 0xff, 
0xe4, 0xb2, 0xa2, 0xff, 0xc8, 0x8f, 0x80, 0xff, 0xc0, 0x96, 0x85, 0xff, 0xd6, 0xb5, 0xa3, 0xff, 
0xd1, 0xa9, 0x9a, 0xff, 0xce, 0xaa, 0x9a, 0xff, 0xd2, 0xae, 0x9d, 0xff, 0xd2, 0xa6, 0x95, 0xff, 
0xc4, 0x9a, 0x8a, 0xff, 0xc9, 0xa4, 0x94, 0xff, 0xd9, 0xb4, 0xa1, 0xff, 0xd1, 0xa0, 0x8e, 0xff, 
0xc2, 0x8c, 0x77, 0xff, 0xc0, 0x8b, 0x78, 0xff, 0xbe, 0x83, 0x71, 0xff, 0xaf, 0x71, 0x65, 0xff, 
0xb1, 0x7d, 0x72, 0xff, 0xce, 0x9f, 0x8e, 0xff, 0xd4, 0xa0, 0x8e, 0xff, 0xcb, 0x98, 0x86, 0xff, 
0xd7, 0xaf, 0x9d, 0xff, 0xdc, 0xab, 0x9a, 0xff, 0xcf, 0x9a, 0x88, 0xff, 0xd8, 0xad, 0x9a, 0xff, 
0xd8, 0xae, 0x9d, 0xff, 0xc4, 0x80, 0x6f, 0xff, 0xca, 0x8d, 0x7d, 0xff, 0xca, 0x89, 0x77, 0xff, 
0xd2, 0x9d, 0x8b, 0xff, 0xd6, 0xab, 0x9a, 0xff, 0xc3, 0x97, 0x88, 0xff, 0xa7, 0x71, 0x63, 0xff, 
0xa1, 0x6c, 0x5e, 0xff, 0xa3, 0x76, 0x66, 0xff, 0xb3, 0x81, 0x73, 0xff, 0xbd, 0x8a, 0x7d, 0xff, 
0xc6, 0x96, 0x87, 0xff, 0xc1, 0x8b, 0x7b, 0xff, 0xc5, 0x8c, 0x7a, 0xff, 0xc0, 0x88, 0x78, 0xff, 
0xb7, 0x7f, 0x70, 0xff, 0xaf, 0x78, 0x69, 0xff, 0xc7, 0x97, 0x87, 0xff, 0xe3, 0xb4, 0xa3, 0xff, 
0xdc, 0xa4, 0x92, 0xff, 0xd9, 0x98, 0x87, 0xff, 0xc8, 0x8a, 0x7a, 0xff, 0xd6, 0xac, 0x9b, 0xff, 
0xf3, 0xc1, 0xb1, 0xff, 0xd8, 0x95, 0x84, 0xff, 0xcf, 0x9d, 0x83, 0xff, 0xca, 0xac, 0x97, 0xff, 
0xc0, 0xa5, 0x8f, 0xff, 0xcf, 0x9a, 0x81, 0xff, 0xd8, 0xa5, 0x94, 0xff, 0xd7, 0xb3, 0x9e, 0xff, 
0xdd, 0xb7, 0xa3, 0xff, 0xd5, 0x94, 0x85, 0xff, 0xd6, 0x8c, 0x7e, 0xff, 0xd6, 0xa0, 0x90, 0xff, 
0xcb, 0x95, 0x82, 0xff, 0xdb, 0xa3, 0x8f, 0xff, 0xe9, 0xb8, 0xa7, 0xff, 0xe0, 0xb1, 0xa0, 0xff, 
0xc9, 0x91, 0x83, 0xff, 0xc6, 0x89, 0x7c, 0xff, 0xc3, 0x87, 0x78, 0xff, 0xda, 0xb2, 0x9f, 0xff, 
0xde, 0xad, 0x9d, 0xff, 0xbe, 0x96, 0x8a, 0xff, 0xbc, 0xa1, 0x97, 0xff, 0xa3, 0x8e, 0x85, 0xff, 
0xa8, 0x92, 0x88, 0xff, 0xe1, 0xb6, 0xa5, 0xff, 0xcf, 0xa0, 0x91, 0xff, 0xe5, 0xb3, 0xa3, 0xff, 
0xd4, 0x99, 0x8a, 0xff, 0xdf, 0xbf, 0xb0, 0xff, 0xed, 0xd9, 0xc7, 0xff, 0xd9, 0xb6, 0xa3, 0xff, 
0xd0, 0x95, 0x86, 0xff, 0xc1, 0x82, 0x76, 0xff, 0xca, 0x8b, 0x7e, 0xff, 0xbf, 0x80, 0x75, 0xff, 
0xc2, 0x86, 0x7b, 0xff, 0xcd, 0x93, 0x83, 0xff, 0xd1, 0x9d, 0x88, 0xff, 0xd1, 0xa1, 0x8b, 0xff, 
0xc6, 0x8b, 0x78, 0xff, 0xd3, 0x9f, 0x89, 0xff, 0xd0, 0xa4, 0x8d, 0xff, 0xd0, 0x9d, 0x88, 0xff, 
0xd2, 0xa4, 0x90, 0xff, 0xc4, 0x8e, 0x7f, 0xff, 0xaf, 0x6f, 0x5f, 0xff, 0xb8, 0x80, 0x69, 0xff, 
0xb8, 0x7e, 0x6b, 0xff, 0xa9, 0x6a, 0x5f, 0xff, 0xc0, 0x86, 0x79, 0xff, 0xb6, 0x7d, 0x6f, 0xff, 
0xb1, 0x7a, 0x6e, 0xff, 0xda, 0xa1, 0x93, 0xff, 0xcc, 0x8f, 0x82, 0xff, 0xc0, 0x81, 0x75, 0xff, 
0xb2, 0x73, 0x69, 0xff, 0xb2, 0x79, 0x6d, 0xff, 0xb9, 0x7e, 0x73, 0xff, 0xb8, 0x7e, 0x71, 0xff, 
0x99, 0x64, 0x58, 0xff, 0x9c, 0x62, 0x56, 0xff, 0xd4, 0x99, 0x89, 0xff, 0xca, 0x95, 0x83, 0xff, 
0x96, 0x65, 0x57, 0xff, 0x80, 0x52, 0x47, 0xff, 0xa4, 0x71, 0x63, 0xff, 0x8f, 0x5f, 0x51, 0xff, 
0x95, 0x5f, 0x52, 0xff, 0x9c, 0x5f, 0x53, 0xff, 0xaa, 0x74, 0x67, 0xff, 0xd3, 0x99, 0x8c, 0xff, 
0xce, 0x9c, 0x8f, 0xff, 0xc7, 0x93, 0x87, 0xff, 0xd0, 0xa4, 0x97, 0xff, 0xcb, 0x9a, 0x8e, 0xff, 
0xae, 0x71, 0x64, 0xff, 0xc9, 0x9f, 0x94, 0xff, 0xfa, 0xee, 0xe4, 0xff, 0xeb, 0xc8, 0xbb, 0xff, 
0xc8, 0x89, 0x7b, 0xff, 0xc8, 0x95, 0x88, 0xff, 0xd7, 0xb0, 0xa4, 0xff, 0xde, 0xc0, 0xb3, 0xff, 
0xcf, 0x9e, 0x90, 0xff, 0xa2, 0x72, 0x67, 0xff, 0xa6, 0x79, 0x6f, 0xff, 0xc8, 0x96, 0x8b, 0xff, 
0xdb, 0xb4, 0xa9, 0xff, 0xf3, 0xdd, 0xd4, 0xff, 0xe4, 0xc8, 0xbd, 0xff, 0xea, 0xd3, 0xc8, 0xff, 
0xd3, 0xb6, 0xae, 0xff, 0xb5, 0x84, 0x78, 0xff, 0xc3, 0x90, 0x82, 0xff, 0xe2, 0xbf, 0xb4, 0xff, 
0xc4, 0x94, 0x89, 0xff, 0xb1, 0x7d, 0x70, 0xff, 0xcc, 0xa1, 0x95, 0xff, 0xe3, 0xc0, 0xb4, 0xff, 
0xe3, 0xc5, 0xba, 0xff, 0xc1, 0x97, 0x89, 0xff, 0xaf, 0x81, 0x73, 0xff, 0xbc, 0x8c, 0x7b, 0xff, 
0xad, 0x7f, 0x6c, 0xff, 0xbd, 0x8d, 0x77, 0xff, 0xbf, 0x92, 0x7b, 0xff, 0xb0, 0x82, 0x6d, 0xff, 
0xcb, 0xa0, 0x90, 0xff, 0xde, 0xb7, 0xab, 0xff, 0xdb, 0xb2, 0xa1, 0xff, 0xec, 0xc7, 0xb0, 0xff, 
0xe8, 0xbe, 0xa8, 0xff, 0xe7, 0xbe, 0xa8, 0xff, 0xe3, 0xbc, 0xa2, 0xff, 0xca, 0x92, 0x7e, 0xff, 
0xc9, 0x85, 0x74, 0xff, 0xd0, 0x93, 0x88, 0xff, 0xc3, 0x8a, 0x7d, 0xff, 0xc9, 0x9b, 0x86, 0xff, 
0xc7, 0x98, 0x88, 0xff, 0xae, 0x7d, 0x6c, 0xff, 0xa9, 0x7c, 0x67, 0xff, 0xbd, 0x88, 0x6f, 0xff, 
0xc8, 0x90, 0x76, 0xff, 0xa3, 0x74, 0x62, 0xff, 0xb0, 0x80, 0x6a, 0xff, 0xb9, 0x85, 0x6c, 0xff, 
0x94, 0x5f, 0x55, 0xff, 0x8d, 0x58, 0x4f, 0xff, 0x82, 0x50, 0x48, 0xff, 0xb8, 0x78, 0x69, 0xff, 
0xbe, 0x81, 0x76, 0xff, 0xbb, 0x7d, 0x72, 0xff, 0xa8, 0x6e, 0x64, 0xff, 0xad, 0x79, 0x70, 0xff, 
0xae, 0x75, 0x66, 0xff, 0xa2, 0x64, 0x54, 0xff, 0x9d, 0x5c, 0x47, 0xff, 0xba, 0x77, 0x63, 0xff, 
0xa3, 0x68, 0x5d, 0xff, 0xa7, 0x6c, 0x5c, 0xff, 0xc0, 0x82, 0x6c, 0xff, 0xb3, 0x71, 0x5f, 0xff, 
0xa8, 0x70, 0x5e, 0xff, 0xa3, 0x6e, 0x5c, 0xff, 0xb1, 0x71, 0x62, 0xff, 0xac, 0x70, 0x62, 0xff, 
0xa6, 0x71, 0x62, 0xff, 0x9b, 0x65, 0x58, 0xff, 0xbc, 0x80, 0x71, 0xff, 0xac, 0x71, 0x65, 0xff, 
0xb0, 0x72, 0x63, 0xff, 0xbd, 0x7a, 0x63, 0xff, 0x87, 0x55, 0x49, 0xff, 0x8c, 0x5c, 0x50, 0xff, 
0x8d, 0x5b, 0x52, 0xff, 0xa6, 0x6d, 0x5c, 0xff, 0xa8, 0x6e, 0x5a, 0xff, 0xa2, 0x69, 0x56, 0xff, 
0x90, 0x57, 0x4a, 0xff, 0x89, 0x53, 0x44, 0xff, 0x83, 0x53, 0x46, 0xff, 0x7c, 0x4e, 0x44, 0xff, 
0x92, 0x5c, 0x51, 0xff, 0xae, 0x72, 0x68, 0xff, 0x88, 0x57, 0x4d, 0xff, 0x8a, 0x5b, 0x4d, 0xff, 
0xad, 0x81, 0x6f, 0xff, 0xb7, 0x8e, 0x7a, 0xff, 0xb3, 0x8d, 0x7a, 0xff, 0xa9, 0x80, 0x6e, 0xff, 
0xb5, 0x83, 0x72, 0xff, 0xb7, 0x85, 0x74, 0xff, 0xb5, 0x83, 0x71, 0xff, 0xb7, 0x85, 0x74, 0xff, 
0xc5, 0x99, 0x8a, 0xff, 0xc1, 0x95, 0x84, 0xff, 0xbc, 0x8f, 0x7e, 0xff, 0xca, 0xa0, 0x91, 0xff, 
0xcb, 0x9f, 0x90, 0xff, 0xc9, 0x9f, 0x8f, 0xff, 0xca, 0x9b, 0x8a, 0xff, 0xcb, 0x9d, 0x8d, 0xff, 
0xd8, 0xba, 0xb0, 0xff, 0xcb, 0xac, 0x9f, 0xff, 0xd9, 0xba, 0xad, 0xff, 0xd6, 0xba, 0xae, 0xff, 
0xb4, 0x8e, 0x80, 0xff, 0xad, 0x8a, 0x7b, 0xff, 0xcc, 0xa8, 0x94, 0xff, 0xb3, 0x8a, 0x7a, 0xff, 
0x9d, 0x75, 0x6a, 0xff, 0xaf, 0x8a, 0x7b, 0xff, 0xbb, 0x8f, 0x7f, 0xff, 0xab, 0x7a, 0x6c, 0xff, 
0xb7, 0x8f, 0x82, 0xff, 0xc4, 0xa1, 0x95, 0xff, 0xcf, 0xaf, 0xa4, 0xff, 0x9a, 0x7a, 0x6d, 0xff, 
0x8f, 0x64, 0x54, 0xff, 0xbb, 0x91, 0x81, 0xff, 0xcb, 0xae, 0xa2, 0xff, 0xd7, 0xb6, 0xad, 0xff, 
0xdb, 0xae, 0x9f, 0xff, 0xc4, 0x9c, 0x8d, 0xff, 0x7d, 0x5b, 0x4f, 0xff, 0xb2, 0x89, 0x7c, 0xff, 
0xea, 0xbb, 0xa8, 0xff, 0xcc, 0x96, 0x88, 0xff, 0xae, 0x7f, 0x72, 0xff, 0xc5, 0xa8, 0x99, 0xff, 
0xcf, 0xa5, 0x95, 0xff, 0xdd, 0xb2, 0x9f, 0xff, 0xdf, 0xb6, 0xa3, 0xff, 0xe1, 0xbd, 0xad, 0xff, 
0xd9, 0xbd, 0xad, 0xff, 0xd5, 0xb1, 0x9f, 0xff, 0xcc, 0x9a, 0x85, 0xff, 0xd2, 0x98, 0x83, 0xff, 
0xda, 0xa9, 0x92, 0xff, 0xcb, 0x9d, 0x8a, 0xff, 0xba, 0x8a, 0x7b, 0xff, 0xba, 0x8a, 0x79, 0xff, 
0xad, 0x7a, 0x6b, 0xff, 0xc2, 0x8a, 0x7c, 0xff, 0xcd, 0x92, 0x81, 0xff, 0xd1, 0x9f, 0x8d, 0xff, 
0xcb, 0x9c, 0x8d, 0xff, 0xc7, 0x8d, 0x7c, 0xff, 0xc6, 0x8d, 0x7c, 0xff, 0xd5, 0xaa, 0x9b, 0xff, 
0xcc, 0x99, 0x88, 0xff, 0xc1, 0x83, 0x72, 0xff, 0xc8, 0x90, 0x80, 0xff, 0xd2, 0x91, 0x7f, 0xff, 
0xcc, 0x93, 0x82, 0xff, 0xb9, 0x8e, 0x7f, 0xff, 0xb2, 0x86, 0x76, 0xff, 0xb8, 0x85, 0x73, 0xff, 
0x92, 0x59, 0x4a, 0xff, 0x9f, 0x68, 0x5a, 0xff, 0xd0, 0xac, 0x9d, 0xff, 0xce, 0xa6, 0x95, 0xff, 
0xc2, 0x8f, 0x7e, 0xff, 0xcd, 0x93, 0x82, 0xff, 0xc9, 0x8c, 0x7c, 0xff, 0xae, 0x7a, 0x6a, 0xff, 
0xa8, 0x78, 0x68, 0xff, 0xad, 0x80, 0x6e, 0xff, 0xa6, 0x6c, 0x5e, 0xff, 0xa5, 0x66, 0x59, 0xff, 
0xd2, 0xa8, 0x96, 0xff, 0xd9, 0xb2, 0xa1, 0xff, 0xca, 0xa2, 0x8c, 0xff, 0xd6, 0xa8, 0x92, 0xff, 
0xda, 0xac, 0x9c, 0xff, 0xd0, 0xa5, 0x91, 0xff, 0xcd, 0x9f, 0x86, 0xff, 0xdc, 0xb9, 0xa2, 0xff, 
0xd3, 0xa8, 0x94, 0xff, 0xca, 0x8c, 0x7a, 0xff, 0xea, 0xb7, 0xa4, 0xff, 0xf6, 0xcb, 0xb5, 0xff, 
0xee, 0xad, 0x9c, 0xff, 0xdf, 0x9a, 0x8c, 0xff, 0xd0, 0x92, 0x82, 0xff, 0xd5, 0x9d, 0x8d, 0xff, 
0xe5, 0xbd, 0xab, 0xff, 0xd6, 0xa3, 0x91, 0xff, 0xbe, 0x82, 0x71, 0xff, 0xd8, 0xa4, 0x95, 0xff, 
0xef, 0xbd, 0xae, 0xff, 0xd9, 0xa0, 0x91, 0xff, 0xc8, 0x86, 0x79, 0xff, 0xdb, 0xa6, 0x94, 0xff, 
0xec, 0xc4, 0xb2, 0xff, 0xdb, 0xb0, 0xa3, 0xff, 0xc7, 0xa6, 0x9a, 0xff, 0xd6, 0xb0, 0x9e, 0xff, 
0xf3, 0xc6, 0xb3, 0xff, 0xe0, 0xb4, 0xa6, 0xff, 0xd9, 0xa9, 0x9b, 0xff, 0xe1, 0xb4, 0xa2, 0xff, 
0xe0, 0xad, 0x9b, 0xff, 0xd2, 0x9c, 0x8d, 0xff, 0xd9, 0xad, 0x9d, 0xff, 0xca, 0x90, 0x81, 0xff, 
0xce, 0x8f, 0x80, 0xff, 0xdd, 0xa3, 0x93, 0xff, 0xe1, 0xa3, 0x96, 0xff, 0xdd, 0xab, 0x9d, 0xff, 
0xdd, 0xad, 0x9f, 0xff, 0xd4, 0x9c, 0x8f, 0xff, 0xd7, 0xa1, 0x90, 0xff, 0xd9, 0xa6, 0x94, 0xff, 
0xd2, 0x9b, 0x8a, 0xff, 0xcb, 0x98, 0x84, 0xff, 0xd6, 0xaa, 0x91, 0xff, 0xca, 0x96, 0x7d, 0xff, 
0xd5, 0xa5, 0x90, 0xff, 0xc0, 0x8c, 0x7a, 0xff, 0x9b, 0x58, 0x47, 0xff, 0xbd, 0x87, 0x75, 0xff, 
0xbb, 0x84, 0x74, 0xff, 0xa8, 0x69, 0x59, 0xff, 0xb7, 0x7c, 0x6f, 0xff, 0xa2, 0x68, 0x5d, 0xff, 
0x96, 0x61, 0x56, 0xff, 0xca, 0x93, 0x87, 0xff, 0xdd, 0x9e, 0x91, 0xff, 0xc3, 0x84, 0x78, 0xff, 
0xb9, 0x7c, 0x70, 0xff, 0xaf, 0x73, 0x68, 0xff, 0xb7, 0x7e, 0x72, 0xff, 0xa6, 0x6f, 0x64, 0xff, 
0x9a, 0x64, 0x58, 0xff, 0x95, 0x5e, 0x54, 0xff, 0xac, 0x75, 0x67, 0xff, 0xd7, 0x9e, 0x8c, 0xff, 
0xb4, 0x7f, 0x71, 0xff, 0x9f, 0x6e, 0x60, 0xff, 0xad, 0x78, 0x68, 0xff, 0x9e, 0x65, 0x56, 0xff, 
0x9e, 0x66, 0x58, 0xff, 0xa8, 0x72, 0x63, 0xff, 0xa7, 0x67, 0x5c, 0xff, 0xbd, 0x86, 0x7b, 0xff, 
0xc3, 0x99, 0x8b, 0xff, 0xc0, 0x93, 0x84, 0xff, 0xd9, 0xac, 0x9f, 0xff, 0xe1, 0xba, 0xad, 0xff, 
0xa7, 0x71, 0x64, 0xff, 0xba, 0x85, 0x78, 0xff, 0xf8, 0xe3, 0xd6, 0xff, 0xdd, 0xb8, 0xac, 0xff, 
0xe0, 0xb6, 0xaa, 0xff, 0xd4, 0x9f, 0x91, 0xff, 0xae, 0x76, 0x6b, 0xff, 0xa6, 0x7c, 0x73, 0xff, 
0xcc, 0x9f, 0x92, 0xff, 0xd0, 0xa5, 0x98, 0xff, 0xad, 0x7a, 0x6e, 0xff, 0xa0, 0x67, 0x5b, 0xff, 
0xdb, 0xb4, 0xa8, 0xff, 0xe9, 0xca, 0xbf, 0xff, 0xd3, 0xb3, 0xa6, 0xff, 0xd5, 0xb5, 0xaa, 0xff, 
0xca, 0x96, 0x8b, 0xff, 0xd2, 0xa0, 0x93, 0xff, 0xc9, 0x9d, 0x91, 0xff, 0xd2, 0xae, 0xa2, 0xff, 
0xd7, 0xb1, 0xa5, 0xff, 0xab, 0x76, 0x6a, 0xff, 0xbb, 0x8c, 0x84, 0xff, 0xe2, 0xbc, 0xad, 0xff, 
0xfa, 0xe0, 0xd2, 0xff, 0xd2, 0xa9, 0x9a, 0xff, 0xb8, 0x81, 0x6e, 0xff, 0xdc, 0xb0, 0x9a, 0xff, 
0xd3, 0xa7, 0x90, 0xff, 0xc4, 0x93, 0x7d, 0xff, 0xb6, 0x7f, 0x6e, 0xff, 0x9d, 0x67, 0x5b, 0xff, 
0xca, 0xa5, 0x97, 0xff, 0xfb, 0xdb, 0xcc, 0xff, 0xd3, 0xaa, 0x9c, 0xff, 0xc5, 0x9c, 0x89, 0xff, 
0xd6, 0xb0, 0x9c, 0xff, 0xd8, 0xae, 0x9c, 0xff, 0xcc, 0xa1, 0x8e, 0xff, 0xc1, 0x88, 0x73, 0xff, 
0xd0, 0x93, 0x82, 0xff, 0xc5, 0x85, 0x7b, 0xff, 0x9c, 0x68, 0x5a, 0xff, 0xa9, 0x7a, 0x67, 0xff, 
0xc8, 0x9b, 0x86, 0xff, 0xb4, 0x8a, 0x77, 0xff, 0xa3, 0x78, 0x66, 0xff, 0xb8, 0x8a, 0x73, 0xff, 
0xd3, 0xa4, 0x8d, 0xff, 0xbe, 0x91, 0x7c, 0xff, 0xc3, 0x90, 0x79, 0xff, 0xc4, 0x8b, 0x74, 0xff, 
0x8d, 0x59, 0x51, 0xff, 0x8c, 0x5b, 0x55, 0xff, 0xa3, 0x6f, 0x62, 0xff, 0xa4, 0x66, 0x56, 0xff, 
0x92, 0x58, 0x4e, 0xff, 0xa5, 0x66, 0x57, 0xff, 0xa5, 0x64, 0x51, 0xff, 0x71, 0x42, 0x38, 0xff, 
0x6b, 0x3f, 0x34, 0xff, 0x9f, 0x65, 0x55, 0xff, 0xa9, 0x6e, 0x5e, 0xff, 0xa8, 0x68, 0x5a, 0xff, 
0x9d, 0x5d, 0x52, 0xff, 0xa4, 0x65, 0x59, 0xff, 0xad, 0x6a, 0x5a, 0xff, 0xa9, 0x68, 0x5a, 0xff, 
0xa0, 0x67, 0x5b, 0xff, 0xa3, 0x71, 0x5e, 0xff, 0xbb, 0x7d, 0x6d, 0xff, 0xbb, 0x7d, 0x6a, 0xff, 
0x9b, 0x68, 0x5a, 0xff, 0x74, 0x4b, 0x45, 0xff, 0x99, 0x61, 0x53, 0xff, 0xb5, 0x78, 0x6b, 0xff, 
0xa4, 0x69, 0x58, 0xff, 0x85, 0x52, 0x42, 0xff, 0x85, 0x54, 0x47, 0xff, 0xaa, 0x73, 0x62, 0xff, 
0x9b, 0x67, 0x59, 0xff, 0xa5, 0x6c, 0x59, 0xff, 0xa6, 0x6c, 0x58, 0xff, 0xa0, 0x66, 0x54, 0xff, 
0x94, 0x5d, 0x4d, 0xff, 0x92, 0x5d, 0x4c, 0xff, 0x7a, 0x4e, 0x47, 0xff, 0x63, 0x3a, 0x37, 0xff, 
0x9f, 0x65, 0x5c, 0xff, 0x9a, 0x64, 0x56, 0xff, 0x87, 0x57, 0x4a, 0xff, 0x96, 0x68, 0x5c, 0xff, 
0xa2, 0x73, 0x63, 0xff, 0xad, 0x81, 0x70, 0xff, 0xae, 0x83, 0x73, 0xff, 0x9f, 0x6e, 0x61, 0xff, 
0xa6, 0x75, 0x65, 0xff, 0xb3, 0x7e, 0x6a, 0xff, 0xc0, 0x85, 0x72, 0xff, 0xb2, 0x7e, 0x6f, 0xff, 
0xac, 0x84, 0x74, 0xff, 0xb1, 0x82, 0x70, 0xff, 0xb7, 0x86, 0x74, 0xff, 0xc4, 0x97, 0x85, 0xff, 
0xc4, 0x95, 0x82, 0xff, 0xc6, 0x98, 0x85, 0xff, 0xc9, 0x9c, 0x8c, 0xff, 0xd6, 0xb0, 0xa0, 0xff, 
0xc4, 0xa2, 0x97, 0xff, 0xcf, 0xb4, 0xac, 0xff, 0xf2, 0xdd, 0xd3, 0xff, 0xdf, 0xc5, 0xba, 0xff, 
0x8d, 0x6f, 0x64, 0xff, 0xa9, 0x84, 0x74, 0xff, 0xd9, 0xae, 0x9c, 0xff, 0xba, 0x91, 0x83, 0xff, 
0xc8, 0xa2, 0x94, 0xff, 0xd8, 0xaf, 0x9d, 0xff, 0xe3, 0xc0, 0xaa, 0xff, 0xa4, 0x83, 0x77, 0xff, 
0x76, 0x49, 0x3f, 0xff, 0xb7, 0x94, 0x84, 0xff, 0xd6, 0xbb, 0xb0, 0xff, 0xbe, 0x9f, 0x93, 0xff, 
0x78, 0x55, 0x4a, 0xff, 0xc4, 0xaa, 0x9d, 0xff, 0xdb, 0xc6, 0xbd, 0xff, 0xc9, 0xb4, 0xac, 0xff, 
0xac, 0x82, 0x76, 0xff, 0xc1, 0x79, 0x6c, 0xff, 0x88, 0x4c, 0x44, 0xff, 0x9c, 0x79, 0x6c, 0xff, 
0xea, 0xc2, 0xaf, 0xff, 0xe6, 0xc7, 0xb3, 0xff, 0xbf, 0x99, 0x88, 0xff, 0xae, 0x71, 0x64, 0xff, 
0xc5, 0x8f, 0x81, 0xff, 0xe4, 0xbd, 0xad, 0xff, 0xe8, 0xc0, 0xae, 0xff, 0xe7, 0xca, 0xbc, 0xff, 
0xed, 0xd5, 0xc5, 0xff, 0xe8, 0xc6, 0xaf, 0xff, 0xdf, 0xb4, 0x9e, 0xff, 0xe1, 0xb1, 0x9c, 0xff, 
0xe1, 0xb7, 0xa4, 0xff, 0xd3, 0xaa, 0x97, 0xff, 0xc0, 0x98, 0x86, 0xff, 0xc0, 0x9a, 0x85, 0xff, 
0xc6, 0x93, 0x7f, 0xff, 0xc6, 0x8e, 0x7d, 0xff, 0xc8, 0x8f, 0x7d, 0xff, 0xd0, 0xa4, 0x94, 0xff, 
0xdc, 0xbc, 0xb0, 0xff, 0xce, 0xa0, 0x92, 0xff, 0xc6, 0x8a, 0x7a, 0xff, 0xc3, 0x83, 0x73, 0xff, 
0xb2, 0x77, 0x66, 0xff, 0xbc, 0x89, 0x79, 0xff, 0xd1, 0x9c, 0x8c, 0xff, 0xdf, 0xa8, 0x96, 0xff, 
0xc7, 0x9f, 0x91, 0xff, 0xc0, 0x96, 0x87, 0xff, 0xb2, 0x86, 0x76, 0xff, 0xa4, 0x76, 0x66, 0xff, 
0xa6, 0x6d, 0x5e, 0xff, 0xa5, 0x63, 0x57, 0xff, 0xa1, 0x67, 0x58, 0xff, 0xc0, 0x8c, 0x77, 0xff, 
0xc5, 0x8e, 0x7c, 0xff, 0xc3, 0x8b, 0x79, 0xff, 0xb1, 0x79, 0x69, 0xff, 0xaa, 0x75, 0x66, 0xff, 
0xb0, 0x80, 0x6f, 0xff, 0xb7, 0x85, 0x73, 0xff, 0xb1, 0x7b, 0x6a, 0xff, 0x9a, 0x5d, 0x50, 0xff, 
0xcd, 0xa1, 0x90, 0xff, 0xe2, 0xc0, 0xad, 0xff, 0xbf, 0x91, 0x7c, 0xff, 0xd4, 0xa6, 0x91, 0xff, 
0xdd, 0xba, 0xa9, 0xff, 0xdc, 0xb5, 0xa5, 0xff, 0xcd, 0x94, 0x80, 0xff, 0xd1, 0xa1, 0x89, 0xff, 
0xd8, 0xa6, 0x91, 0xff, 0xe3, 0xa9, 0x97, 0xff, 0xe5, 0xa5, 0x93, 0xff, 0xe9, 0xaf, 0x9f, 0xff, 
0xf0, 0xc6, 0xb4, 0xff, 0xd8, 0x9c, 0x8a, 0xff, 0xcf, 0x8a, 0x78, 0xff, 0xda, 0xa1, 0x8f, 0xff, 
0xf0, 0xdd, 0xcf, 0xff, 0xce, 0xa5, 0x95, 0xff, 0xc6, 0x84, 0x73, 0xff, 0xe4, 0xa5, 0x97, 0xff, 
0xd8, 0x9d, 0x8c, 0xff, 0xdf, 0xac, 0x98, 0xff, 0xc5, 0x9f, 0x93, 0xff, 0xdb, 0xaf, 0xa0, 0xff, 
0xea, 0xbc, 0xa9, 0xff, 0xd3, 0xa0, 0x92, 0xff, 0xd4, 0x9f, 0x92, 0xff, 0xd9, 0xa1, 0x93, 0xff, 
0xde, 0xab, 0x9b, 0xff, 0xda, 0xad, 0x9b, 0xff, 0xcf, 0x9b, 0x8e, 0xff, 0xdd, 0xaa, 0x9b, 0xff, 
0xea, 0xc1, 0xac, 0xff, 0xde, 0xaa, 0x9a, 0xff, 0xc7, 0x89, 0x7d, 0xff, 0xd0, 0x95, 0x88, 0xff, 
0xe1, 0xa9, 0x9b, 0xff, 0xd1, 0x99, 0x8c, 0xff, 0xd0, 0x94, 0x89, 0xff, 0xeb, 0xc3, 0xb2, 0xff, 
0xe9, 0xbe, 0xae, 0xff, 0xdb, 0xa6, 0x98, 0xff, 0xde, 0xaa, 0x9c, 0xff, 0xe7, 0xb0, 0xa3, 0xff, 
0xd7, 0xa0, 0x95, 0xff, 0xbd, 0x81, 0x75, 0xff, 0xbc, 0x80, 0x6b, 0xff, 0xc8, 0x92, 0x7b, 0xff, 
0xc9, 0x91, 0x7e, 0xff, 0xc2, 0x8a, 0x7c, 0xff, 0xba, 0x85, 0x73, 0xff, 0xc7, 0x96, 0x83, 0xff, 
0xc5, 0x8e, 0x7f, 0xff, 0xca, 0x99, 0x8a, 0xff, 0xcd, 0x93, 0x87, 0xff, 0xc7, 0x91, 0x81, 0xff, 
0xac, 0x7b, 0x6c, 0xff, 0xa7, 0x6c, 0x64, 0xff, 0xbd, 0x8f, 0x7f, 0xff, 0xc2, 0x9f, 0x88, 0xff, 
0xbf, 0x8f, 0x7a, 0xff, 0xa5, 0x63, 0x58, 0xff, 0xa7, 0x6c, 0x5e, 0xff, 0xaa, 0x73, 0x65, 0xff, 
0xa5, 0x6d, 0x62, 0xff, 0x94, 0x5e, 0x52, 0xff, 0xa8, 0x70, 0x63, 0xff, 0xd5, 0x96, 0x8a, 0xff, 
0xb9, 0x7e, 0x74, 0xff, 0x9d, 0x68, 0x61, 0xff, 0xa0, 0x68, 0x5c, 0xff, 0x97, 0x61, 0x54, 0xff, 
0x8f, 0x5c, 0x51, 0xff, 0xb7, 0x87, 0x78, 0xff, 0xad, 0x7c, 0x6f, 0xff, 0xb3, 0x88, 0x7c, 0xff, 
0xbd, 0x92, 0x85, 0xff, 0xb7, 0x88, 0x7b, 0xff, 0xce, 0x9d, 0x8f, 0xff, 0xc9, 0x9d, 0x90, 0xff, 
0xa8, 0x70, 0x65, 0xff, 0xc8, 0x8d, 0x80, 0xff, 0xdf, 0xb2, 0xa4, 0xff, 0xda, 0xa8, 0x9a, 0xff, 
0xd8, 0x9f, 0x92, 0xff, 0xbd, 0x7f, 0x72, 0xff, 0xb0, 0x7a, 0x70, 0xff, 0xb5, 0x8b, 0x81, 0xff, 
0xba, 0x88, 0x7a, 0xff, 0xc2, 0x94, 0x88, 0xff, 0xa4, 0x6f, 0x65, 0xff, 0xbb, 0x7b, 0x6e, 0xff, 
0xd6, 0xa2, 0x93, 0xff, 0xbe, 0x8e, 0x81, 0xff, 0xca, 0x99, 0x8c, 0xff, 0xd0, 0x9a, 0x8d, 0xff, 
0xd6, 0xa7, 0x9b, 0xff, 0xd0, 0xab, 0xa0, 0xff, 0xd0, 0xac, 0xa1, 0xff, 0xdc, 0xbd, 0xb2, 0xff, 
0xc8, 0x9f, 0x90, 0xff, 0xae, 0x7e, 0x71, 0xff, 0xa4, 0x75, 0x6a, 0xff, 0xd7, 0xaf, 0x9e, 0xff, 
0xf0, 0xce, 0xbd, 0xff, 0xd8, 0xaf, 0x9a, 0xff, 0xd9, 0xab, 0x95, 0xff, 0xc4, 0x97, 0x82, 0xff, 
0xd7, 0xac, 0x93, 0xff, 0xe0, 0xba, 0xa2, 0xff, 0xc4, 0x8f, 0x80, 0xff, 0x9b, 0x5f, 0x57, 0xff, 
0xaa, 0x78, 0x6d, 0xff, 0xee, 0xd3, 0xbd, 0xff, 0xf8, 0xe5, 0xd5, 0xff, 0xdf, 0xc2, 0xb1, 0xff, 
0xd6, 0xad, 0x96, 0xff, 0xcf, 0xa6, 0x8f, 0xff, 0xca, 0x96, 0x85, 0xff, 0xc8, 0x8f, 0x80, 0xff, 
0xc7, 0x89, 0x7b, 0xff, 0xb5, 0x73, 0x62, 0xff, 0x98, 0x65, 0x54, 0xff, 0x98, 0x6d, 0x5c, 0xff, 
0xbb, 0x8c, 0x76, 0xff, 0xc5, 0x98, 0x7f, 0xff, 0xb4, 0x87, 0x74, 0xff, 0xce, 0xa1, 0x90, 0xff, 
0xc9, 0x9e, 0x8e, 0xff, 0xb4, 0x87, 0x77, 0xff, 0xc7, 0x95, 0x82, 0xff, 0xd9, 0xa8, 0x91, 0xff, 
0xb3, 0x7c, 0x6f, 0xff, 0x99, 0x69, 0x60, 0xff, 0x95, 0x67, 0x59, 0xff, 0x98, 0x5f, 0x4e, 0xff, 
0x96, 0x58, 0x46, 0xff, 0x92, 0x52, 0x40, 0xff, 0xa5, 0x5f, 0x4c, 0xff, 0x9b, 0x62, 0x52, 0xff, 
0x70, 0x41, 0x37, 0xff, 0x8d, 0x4d, 0x3f, 0xff, 0x93, 0x5d, 0x53, 0xff, 0x86, 0x58, 0x52, 0xff, 
0x90, 0x5e, 0x56, 0xff, 0xa0, 0x66, 0x5d, 0xff, 0xa6, 0x65, 0x5c, 0xff, 0xa4, 0x63, 0x57, 0xff, 
0x97, 0x5f, 0x55, 0xff, 0x8f, 0x5e, 0x4f, 0xff, 0xb5, 0x76, 0x63, 0xff, 0xaa, 0x72, 0x60, 0xff, 
0x85, 0x59, 0x4f, 0xff, 0x7e, 0x51, 0x49, 0xff, 0x9f, 0x68, 0x5f, 0xff, 0xb6, 0x75, 0x63, 0xff, 
0x76, 0x4b, 0x3d, 0xff, 0x52, 0x36, 0x2e, 0xff, 0xb4, 0x77, 0x61, 0xff, 0xac, 0x72, 0x5f, 0xff, 
0xa2, 0x65, 0x54, 0xff, 0xa0, 0x64, 0x52, 0xff, 0x9a, 0x60, 0x50, 0xff, 0x9d, 0x61, 0x51, 0xff, 
0x8a, 0x59, 0x4c, 0xff, 0x88, 0x58, 0x50, 0xff, 0x6e, 0x43, 0x3f, 0xff, 0x7c, 0x4b, 0x45, 0xff, 
0x93, 0x5c, 0x54, 0xff, 0x75, 0x46, 0x3c, 0xff, 0x87, 0x58, 0x4c, 0xff, 0x7f, 0x54, 0x4b, 0xff, 
0x92, 0x63, 0x56, 0xff, 0x9b, 0x6d, 0x5f, 0xff, 0xa3, 0x76, 0x66, 0xff, 0xa7, 0x78, 0x68, 0xff, 
0x98, 0x6b, 0x5b, 0xff, 0xba, 0x8a, 0x76, 0xff, 0xc2, 0x94, 0x81, 0xff, 0xb4, 0x84, 0x6f, 0xff, 
0xa9, 0x79, 0x67, 0xff, 0xaf, 0x83, 0x70, 0xff, 0xb0, 0x80, 0x6c, 0xff, 0xa8, 0x78, 0x65, 0xff, 
0xb6, 0x87, 0x73, 0xff, 0xc3, 0x96, 0x84, 0xff, 0xb5, 0x86, 0x76, 0xff, 0xc6, 0x9d, 0x8e, 0xff, 
0xdb, 0xbb, 0xae, 0xff, 0xdb, 0xbd, 0xb0, 0xff, 0xde, 0xb9, 0xab, 0xff, 0xd9, 0xb4, 0xa6, 0xff, 
0xce, 0xb0, 0xa3, 0xff, 0xe9, 0xc1, 0xb1, 0xff, 0xbb, 0x93, 0x83, 0xff, 0x9c, 0x77, 0x6b, 0xff, 
0xc6, 0x9e, 0x8d, 0xff, 0xb2, 0x83, 0x73, 0xff, 0xb5, 0x89, 0x7b, 0xff, 0xbc, 0x96, 0x8c, 0xff, 
0x96, 0x6b, 0x61, 0xff, 0x87, 0x62, 0x58, 0xff, 0xd7, 0xbb, 0xaf, 0xff, 0xf3, 0xda, 0xcc, 0xff, 
0x79, 0x53, 0x4b, 0xff, 0xaa, 0x8f, 0x86, 0xff, 0xf4, 0xe3, 0xd8, 0xff, 0xc2, 0xa8, 0x9d, 0xff, 
0x84, 0x5e, 0x56, 0xff, 0x9e, 0x64, 0x58, 0xff, 0xdd, 0xac, 0x9b, 0xff, 0xf5, 0xd4, 0xc1, 0xff, 
0xdd, 0xc5, 0xb7, 0xff, 0xc3, 0xa3, 0x94, 0xff, 0xcd, 0x9f, 0x8c, 0xff, 0xd9, 0xa9, 0x99, 0xff, 
0xef, 0xd2, 0xbf, 0xff, 0xee, 0xd2, 0xc1, 0xff, 0xf0, 0xd1, 0xc0, 0xff, 0xf0, 0xd8, 0xcb, 0xff, 
0xe1, 0xc5, 0xb6, 0xff, 0xcf, 0xa6, 0x93, 0xff, 0xd8, 0xaa, 0x98, 0xff, 0xe1, 0xb7, 0xa5, 0xff, 
0xe7, 0xc3, 0xb0, 0xff, 0xe6, 0xc3, 0xae, 0xff, 0xde, 0xbc, 0xa6, 0xff, 0xde, 0xb9, 0xa2, 0xff, 
0xdb, 0xae, 0x97, 0xff, 0xd6, 0xa4, 0x8c, 0xff, 0xcd, 0x9a, 0x81, 0xff, 0xc7, 0x93, 0x81, 0xff, 
0xd2, 0xae, 0x9f, 0xff, 0xd5, 0xac, 0x9b, 0xff, 0xce, 0x90, 0x7f, 0xff, 0xbb, 0x7f, 0x6f, 0xff, 
0xc1, 0x8c, 0x7b, 0xff, 0xd0, 0x97, 0x84, 0xff, 0xd3, 0x94, 0x84, 0xff, 0xb2, 0x80, 0x71, 0xff, 
0xc3, 0x9c, 0x89, 0xff, 0xd5, 0xaa, 0x98, 0xff, 0xbe, 0x91, 0x80, 0xff, 0xa1, 0x68, 0x59, 0xff, 
0xac, 0x66, 0x58, 0xff, 0xb1, 0x78, 0x69, 0xff, 0xa5, 0x6d, 0x5e, 0xff, 0xc4, 0x92, 0x81, 0xff, 
0xc4, 0x8c, 0x7b, 0xff, 0xb6, 0x78, 0x68, 0xff, 0xb9, 0x87, 0x76, 0xff, 0xba, 0x8d, 0x7b, 0xff, 
0xc4, 0x9b, 0x8a, 0xff, 0xd1, 0xa8, 0x98, 0xff, 0xdd, 0xb3, 0xa1, 0xff, 0xc7, 0x94, 0x84, 0xff, 
0xc7, 0x90, 0x7c, 0xff, 0xd5, 0xa5, 0x92, 0xff, 0xcb, 0x92, 0x82, 0xff, 0xca, 0x9c, 0x8b, 0xff, 
0xcd, 0xa4, 0x91, 0xff, 0xcd, 0x9a, 0x88, 0xff, 0xc8, 0x8f, 0x7f, 0xff, 0xd1, 0x98, 0x84, 0xff, 
0xe0, 0x9d, 0x8d, 0xff, 0xec, 0xad, 0x9b, 0xff, 0xe4, 0x9c, 0x8d, 0xff, 0xf0, 0xb7, 0xa9, 0xff, 
0xe5, 0xc4, 0xaf, 0xff, 0xd6, 0x97, 0x84, 0xff, 0xd3, 0x8f, 0x7e, 0xff, 0xd5, 0xb3, 0xa2, 0xff, 
0xd6, 0xb4, 0xa4, 0xff, 0xca, 0x8c, 0x7a, 0xff, 0xeb, 0xb5, 0xa4, 0xff, 0xdf, 0xaa, 0x98, 0xff, 
0xc4, 0x7f, 0x70, 0xff, 0xd8, 0x95, 0x85, 0xff, 0xcf, 0x9b, 0x8e, 0xff, 0xe7, 0xbd, 0xae, 0xff, 
0xef, 0xc1, 0xb0, 0xff, 0xec, 0xb5, 0xa5, 0xff, 0xf3, 0xbc, 0xad, 0xff, 0xf3, 0xbf, 0xb2, 0xff, 
0xb8, 0x81, 0x77, 0xff, 0xb4, 0x87, 0x77, 0xff, 0xd6, 0xa8, 0x99, 0xff, 0xcd, 0x9e, 0x91, 0xff, 
0xe0, 0xbc, 0xa9, 0xff, 0xd9, 0xab, 0x9c, 0xff, 0xca, 0x93, 0x88, 0xff, 0xc3, 0x88, 0x7c, 0xff, 
0xdc, 0xa3, 0x98, 0xff, 0xd8, 0xaa, 0x9c, 0xff, 0xdb, 0xaa, 0x9c, 0xff, 0xde, 0xa6, 0x9a, 0xff, 
0xe5, 0xab, 0x9e, 0xff, 0xd6, 0xa7, 0x98, 0xff, 0xdd, 0xae, 0x9e, 0xff, 0xea, 0xc3, 0xb0, 0xff, 
0xdc, 0xae, 0x9e, 0xff, 0xcd, 0x94, 0x86, 0xff, 0xde, 0xb3, 0xa2, 0xff, 0xdd, 0xb3, 0xa0, 0xff, 
0xc1, 0x81, 0x71, 0xff, 0xd4, 0xa1, 0x8f, 0xff, 0xd1, 0x9e, 0x8e, 0xff, 0xc8, 0x8f, 0x82, 0xff, 
0xc3, 0x8c, 0x7f, 0xff, 0xbc, 0x84, 0x79, 0xff, 0xd5, 0xac, 0x9f, 0xff, 0xec, 0xcd, 0xbd, 0xff, 
0xc2, 0x95, 0x85, 0xff, 0xa8, 0x6f, 0x5f, 0xff, 0xbf, 0x9b, 0x83, 0xff, 0xc4, 0xa5, 0x8a, 0xff, 
0xc6, 0xa5, 0x8d, 0xff, 0xc3, 0x9b, 0x8a, 0xff, 0xa6, 0x6a, 0x5b, 0xff, 0xaf, 0x72, 0x65, 0xff, 
0x9b, 0x63, 0x59, 0xff, 0x9f, 0x66, 0x5a, 0xff, 0xbc, 0x7f, 0x74, 0xff, 0xce, 0x90, 0x84, 0xff, 
0xce, 0x91, 0x84, 0xff, 0xb3, 0x7b, 0x6f, 0xff, 0xba, 0x82, 0x76, 0xff, 0xc3, 0x8d, 0x7c, 0xff, 
0xa1, 0x71, 0x61, 0xff, 0x95, 0x69, 0x5d, 0xff, 0xb7, 0x8c, 0x7e, 0xff, 0xb7, 0x8b, 0x7e, 0xff, 
0xa8, 0x78, 0x6c, 0xff, 0xb9, 0x8a, 0x7c, 0xff, 0xc0, 0x91, 0x83, 0xff, 0xa2, 0x71, 0x63, 0xff, 
0xb0, 0x80, 0x77, 0xff, 0xbc, 0x88, 0x7e, 0xff, 0xcb, 0x85, 0x77, 0xff, 0xd7, 0x8d, 0x7d, 0xff, 
0xc4, 0x7b, 0x6e, 0xff, 0xc0, 0x7e, 0x73, 0xff, 0xdc, 0xb5, 0xaa, 0xff, 0xcb, 0xa1, 0x94, 0xff, 
0xb0, 0x78, 0x6b, 0xff, 0xbe, 0x91, 0x83, 0xff, 0xe0, 0xc6, 0xbc, 0xff, 0xdc, 0xb5, 0xaa, 0xff, 
0xb3, 0x7c, 0x6f, 0xff, 0xbe, 0x92, 0x86, 0xff, 0xda, 0xa5, 0x98, 0xff, 0xcd, 0x93, 0x89, 0xff, 
0xbf, 0x97, 0x8a, 0xff, 0xd7, 0xb8, 0xad, 0xff, 0xe1, 0xc6, 0xbb, 0xff, 0xc8, 0xa3, 0x99, 0xff, 
0xaf, 0x7f, 0x72, 0xff, 0xd6, 0xaa, 0x99, 0xff, 0xe4, 0xc1, 0xb0, 0xff, 0xdd, 0xb5, 0xa4, 0xff, 
0xe0, 0xb9, 0xa7, 0xff, 0xd5, 0xa9, 0x97, 0xff, 0xda, 0xaf, 0x9e, 0xff, 0xb5, 0x8b, 0x78, 0xff, 
0xa4, 0x76, 0x69, 0xff, 0xc8, 0x9c, 0x88, 0xff, 0xb5, 0x88, 0x78, 0xff, 0x9e, 0x69, 0x61, 0xff, 
0xa5, 0x72, 0x69, 0xff, 0xab, 0x7a, 0x6c, 0xff, 0xce, 0xa7, 0x96, 0xff, 0xf9, 0xe0, 0xcb, 0xff, 
0xed, 0xc8, 0xad, 0xff, 0xcc, 0x9b, 0x80, 0xff, 0xd3, 0x97, 0x85, 0xff, 0xdc, 0x9e, 0x95, 0xff, 
0xbe, 0x82, 0x72, 0xff, 0xba, 0x7f, 0x67, 0xff, 0xaa, 0x76, 0x5f, 0xff, 0xb5, 0x7e, 0x68, 0xff, 
0xab, 0x74, 0x63, 0xff, 0xb4, 0x7e, 0x68, 0xff, 0xd0, 0x9d, 0x8c, 0xff, 0xdc, 0xa9, 0x9c, 0xff, 
0xc2, 0x93, 0x7b, 0xff, 0xbd, 0x8f, 0x7d, 0xff, 0xc8, 0x99, 0x86, 0xff, 0xcd, 0xa4, 0x8f, 0xff, 
0xd7, 0xaf, 0x97, 0xff, 0xae, 0x7e, 0x6c, 0xff, 0x98, 0x6a, 0x5e, 0xff, 0xa7, 0x76, 0x6d, 0xff, 
0xc2, 0x91, 0x89, 0xff, 0xc2, 0x91, 0x87, 0xff, 0xa0, 0x63, 0x55, 0xff, 0xa8, 0x64, 0x4f, 0xff, 
0xa1, 0x67, 0x55, 0xff, 0x7a, 0x41, 0x38, 0xff, 0x83, 0x45, 0x39, 0xff, 0x7e, 0x53, 0x4b, 0xff, 
0x7a, 0x4e, 0x44, 0xff, 0x97, 0x5d, 0x52, 0xff, 0xa0, 0x63, 0x59, 0xff, 0x98, 0x5d, 0x51, 0xff, 
0x9a, 0x5f, 0x54, 0xff, 0x97, 0x5f, 0x4f, 0xff, 0xa6, 0x6a, 0x56, 0xff, 0xaa, 0x6f, 0x5c, 0xff, 
0x83, 0x55, 0x4a, 0xff, 0x96, 0x62, 0x5c, 0xff, 0xa3, 0x6a, 0x61, 0xff, 0x87, 0x58, 0x4c, 0xff, 
0x8a, 0x59, 0x4c, 0xff, 0x7f, 0x57, 0x4b, 0xff, 0x81, 0x56, 0x4b, 0xff, 0x7e, 0x4c, 0x40, 0xff, 
0x8f, 0x5d, 0x4f, 0xff, 0xaa, 0x6f, 0x5b, 0xff, 0xa0, 0x65, 0x53, 0xff, 0x9a, 0x60, 0x52, 0xff, 
0x79, 0x4d, 0x44, 0xff, 0x6b, 0x41, 0x3d, 0xff, 0x66, 0x3a, 0x36, 0xff, 0xa2, 0x69, 0x61, 0xff, 
0x88, 0x56, 0x4e, 0xff, 0x6c, 0x41, 0x3a, 0xff, 0x81, 0x52, 0x46, 0xff, 0x95, 0x67, 0x55, 0xff, 
0x95, 0x66, 0x57, 0xff, 0x9b, 0x6c, 0x5d, 0xff, 0x9d, 0x6f, 0x61, 0xff, 0xa7, 0x7b, 0x69, 0xff, 
0x99, 0x6b, 0x5b, 0xff, 0xae, 0x7e, 0x69, 0xff, 0xaa, 0x7b, 0x68, 0xff, 0xa5, 0x75, 0x60, 0xff, 
0xaf, 0x7d, 0x68, 0xff, 0xa2, 0x72, 0x5f, 0xff, 0xa2, 0x6f, 0x5c, 0xff, 0xa6, 0x74, 0x60, 0xff, 
0xa5, 0x74, 0x61, 0xff, 0xa5, 0x74, 0x62, 0xff, 0xae, 0x7c, 0x6a, 0xff, 0xae, 0x7b, 0x69, 0xff, 
0xc4, 0x99, 0x88, 0xff, 0xd0, 0xa4, 0x92, 0xff, 0xce, 0xa2, 0x8f, 0xff, 0xca, 0x9d, 0x8a, 0xff, 
0xd7, 0xb0, 0xa0, 0xff, 0xdd, 0xb7, 0xa7, 0xff, 0xa7, 0x81, 0x71, 0xff, 0xa0, 0x7c, 0x6e, 0xff, 
0xdb, 0xb5, 0xa5, 0xff, 0xd0, 0xa9, 0x99, 0xff, 0xa5, 0x77, 0x6c, 0xff, 0x99, 0x6a, 0x62, 0xff, 
0xd7, 0xb0, 0x9f, 0xff, 0x86, 0x5d, 0x50, 0xff, 0x64, 0x40, 0x3a, 0xff, 0xd3, 0xbc, 0xb1, 0xff, 
0xb7, 0x92, 0x87, 0xff, 0x6e, 0x45, 0x3d, 0xff, 0xe7, 0xd8, 0xcd, 0xff, 0xca, 0xb4, 0xab, 0xff, 
0xa3, 0x84, 0x79, 0xff, 0xd9, 0xc5, 0xb8, 0xff, 0xef, 0xdf, 0xd0, 0xff, 0xe0, 0xba, 0xab, 0xff, 
0xb5, 0x8e, 0x80, 0xff, 0x9c, 0x7d, 0x73, 0xff, 0xd8, 0xbd, 0xae, 0xff, 0xe2, 0xc6, 0xb5, 0xff, 
0xe3, 0xc4, 0xb4, 0xff, 0xe3, 0xbf, 0xae, 0xff, 0xea, 0xca, 0xba, 0xff, 0xdf, 0xc6, 0xb9, 0xff, 
0xd8, 0xb5, 0xa6, 0xff, 0xd6, 0x9e, 0x8e, 0xff, 0xd2, 0x9e, 0x8e, 0xff, 0xde, 0xbb, 0xaa, 0xff, 
0xe8, 0xc6, 0xb5, 0xff, 0xe3, 0xc1, 0xaf, 0xff, 0xdb, 0xb7, 0xa3, 0xff, 0xd8, 0xb0, 0x9b, 0xff, 
0xda, 0xaf, 0x98, 0xff, 0xd4, 0xa2, 0x8b, 0xff, 0xc1, 0x8b, 0x74, 0xff, 0xc0, 0x83, 0x72, 0xff, 
0xbe, 0x7e, 0x6d, 0xff, 0xc8, 0x97, 0x82, 0xff, 0xc7, 0x96, 0x85, 0xff, 0xb7, 0x7c, 0x6d, 0xff, 
0xc9, 0x8f, 0x7f, 0xff, 0xce, 0x93, 0x83, 0xff, 0xc2, 0x8a, 0x7b, 0xff, 0x9d, 0x6c, 0x5d, 0xff, 
0xa8, 0x77, 0x63, 0xff, 0xae, 0x78, 0x69, 0xff, 0xa1, 0x64, 0x58, 0xff, 0xb7, 0x71, 0x63, 0xff, 
0xc4, 0x82, 0x72, 0xff, 0xaf, 0x76, 0x68, 0xff, 0xc2, 0x98, 0x86, 0xff, 0xd2, 0xb1, 0x9f, 0xff, 
0xb7, 0x86, 0x73, 0xff, 0xc1, 0x89, 0x79, 0xff, 0xc1, 0x90, 0x7f, 0xff, 0xc6, 0x9a, 0x89, 0xff, 
0xd2, 0xa3, 0x91, 0xff, 0xe2, 0xbe, 0xae, 0xff, 0xeb, 0xcd, 0xbe, 0xff, 0xe2, 0xb9, 0xa7, 0xff, 
0xe2, 0xb1, 0x9f, 0xff, 0xe8, 0xa8, 0x98, 0xff, 0xe7, 0xa5, 0x94, 0xff, 0xcf, 0x97, 0x87, 0xff, 
0xc6, 0x95, 0x82, 0xff, 0xd2, 0xa1, 0x90, 0xff, 0xdc, 0xa6, 0x96, 0xff, 0xe9, 0xb2, 0x9f, 0xff, 
0xf0, 0xb4, 0xa3, 0xff, 0xe6, 0xa8, 0x98, 0xff, 0xe2, 0xa3, 0x93, 0xff, 0xe9, 0xba, 0xa8, 0xff, 
0xe6, 0xbb, 0xa8, 0xff, 0xe1, 0xa8, 0x97, 0xff, 0xd7, 0x9e, 0x8e, 0xff, 0xd6, 0x9f, 0x90, 0xff, 
0xd4, 0x92, 0x83, 0xff, 0xd7, 0x9c, 0x8b, 0xff, 0xda, 0xa5, 0x94, 0xff, 0xc3, 0x89, 0x76, 0xff, 
0xd4, 0x91, 0x81, 0xff, 0xed, 0xb5, 0xa5, 0xff, 0xf8, 0xcc, 0xba, 0xff, 0xf8, 0xd7, 0xc8, 0xff, 
0xef, 0xc9, 0xba, 0xff, 0xec, 0xbb, 0xa9, 0xff, 0xf5, 0xd2, 0xc3, 0xff, 0xea, 0xc2, 0xb2, 0xff, 
0xd2, 0xa8, 0x9d, 0xff, 0xc8, 0x99, 0x8e, 0xff, 0xd5, 0xa4, 0x97, 0xff, 0xce, 0x9e, 0x91, 0xff, 
0xd5, 0xab, 0x9a, 0xff, 0xc3, 0x92, 0x83, 0xff, 0xd7, 0xa0, 0x94, 0xff, 0xe8, 0xb4, 0xa8, 0xff, 
0xdb, 0xa8, 0x9b, 0xff, 0xc1, 0x91, 0x84, 0xff, 0xd6, 0xaf, 0x9e, 0xff, 0xd3, 0x9f, 0x91, 0xff, 
0xe0, 0xa1, 0x94, 0xff, 0xf4, 0xc4, 0xb3, 0xff, 0xd7, 0xaa, 0x9a, 0xff, 0xc3, 0x95, 0x82, 0xff, 
0xe2, 0xb9, 0xa8, 0xff, 0xde, 0xb8, 0xa5, 0xff, 0xea, 0xcb, 0xb8, 0xff, 0xf1, 0xda, 0xc9, 0xff, 
0xec, 0xca, 0xbc, 0xff, 0xe3, 0xbb, 0xa6, 0xff, 0xd0, 0xa1, 0x8e, 0xff, 0xbf, 0x86, 0x7b, 0xff, 
0xcb, 0x9d, 0x8d, 0xff, 0xb9, 0x85, 0x77, 0xff, 0xb7, 0x8e, 0x80, 0xff, 0xe6, 0xce, 0xbb, 0xff, 
0xc7, 0x9c, 0x8a, 0xff, 0xcc, 0xa5, 0x91, 0xff, 0xe1, 0xc2, 0xab, 0xff, 0xbf, 0x9c, 0x85, 0xff, 
0xd8, 0xb4, 0x9e, 0xff, 0xd0, 0xa4, 0x8f, 0xff, 0xaa, 0x72, 0x65, 0xff, 0xbc, 0x81, 0x72, 0xff, 
0xbb, 0x81, 0x71, 0xff, 0xb8, 0x7f, 0x71, 0xff, 0xbc, 0x7d, 0x74, 0xff, 0xcf, 0x98, 0x8d, 0xff, 
0xcd, 0x97, 0x8a, 0xff, 0xd7, 0x9c, 0x8f, 0xff, 0xc5, 0x8b, 0x80, 0xff, 0xa4, 0x6f, 0x64, 0xff, 
0xb3, 0x81, 0x6f, 0xff, 0x9a, 0x6f, 0x60, 0xff, 0x86, 0x5e, 0x52, 0xff, 0xbc, 0x92, 0x86, 0xff, 
0xbb, 0x8f, 0x81, 0xff, 0xa2, 0x70, 0x62, 0xff, 0xa9, 0x79, 0x6b, 0xff, 0xa3, 0x72, 0x64, 0xff, 
0xb4, 0x83, 0x76, 0xff, 0xba, 0x83, 0x78, 0xff, 0xce, 0x8b, 0x7d, 0xff, 0xd7, 0x8f, 0x7f, 0xff, 
0xc7, 0x8e, 0x83, 0xff, 0xd6, 0xae, 0xa2, 0xff, 0xdc, 0xbf, 0xb2, 0xff, 0xb5, 0x80, 0x74, 0xff, 
0xe5, 0xcc, 0xc2, 0xff, 0xee, 0xe1, 0xd5, 0xff, 0xe0, 0xc6, 0xb9, 0xff, 0xe2, 0xbd, 0xb0, 0xff, 
0xc2, 0x96, 0x8c, 0xff, 0xc0, 0x85, 0x79, 0xff, 0xc6, 0x94, 0x89, 0xff, 0xc1, 0x96, 0x8a, 0xff, 
0xcf, 0xa9, 0x9c, 0xff, 0xcf, 0xa8, 0x9c, 0xff, 0xed, 0xd7, 0xcd, 0xff, 0xe4, 0xc7, 0xbc, 0xff, 
0xd8, 0xb4, 0xaa, 0xff, 0xd0, 0xa2, 0x91, 0xff, 0xd8, 0xac, 0x99, 0xff, 0xd9, 0xad, 0x9a, 0xff, 
0xd6, 0xac, 0x99, 0xff, 0xdf, 0xb9, 0xa7, 0xff, 0xd1, 0xa1, 0x8e, 0xff, 0xe0, 0xb1, 0x9e, 0xff, 
0xd7, 0xab, 0x99, 0xff, 0xac, 0x7c, 0x6b, 0xff, 0x8f, 0x62, 0x54, 0xff, 0x8f, 0x62, 0x5a, 0xff, 
0x99, 0x67, 0x5d, 0xff, 0x92, 0x5a, 0x51, 0xff, 0xa9, 0x74, 0x66, 0xff, 0xe4, 0xb7, 0xa7, 0xff, 
0xdb, 0xaf, 0x97, 0xff, 0xdb, 0xa6, 0x8a, 0xff, 0xdd, 0xa2, 0x91, 0xff, 0xbb, 0x83, 0x77, 0xff, 
0xb0, 0x83, 0x73, 0xff, 0xbc, 0x93, 0x7a, 0xff, 0xae, 0x81, 0x6a, 0xff, 0xa9, 0x73, 0x5f, 0xff, 
0xb5, 0x7a, 0x66, 0xff, 0xb1, 0x79, 0x67, 0xff, 0xbe, 0x8a, 0x78, 0xff, 0xbb, 0x8e, 0x75, 0xff, 
0xbf, 0x91, 0x7a, 0xff, 0xcb, 0x92, 0x7b, 0xff, 0xcb, 0x96, 0x7d, 0xff, 0xbf, 0x93, 0x7f, 0xff, 
0xc8, 0xa2, 0x8f, 0xff, 0xce, 0xa5, 0x8d, 0xff, 0xba, 0x8a, 0x78, 0xff, 0xad, 0x7c, 0x74, 0xff, 
0xb4, 0x7f, 0x77, 0xff, 0xc7, 0x91, 0x85, 0xff, 0xa2, 0x67, 0x5a, 0xff, 0x8b, 0x53, 0x41, 0xff, 
0xa9, 0x74, 0x64, 0xff, 0xaa, 0x7d, 0x75, 0xff, 0xa3, 0x73, 0x6b, 0xff, 0xba, 0x8c, 0x84, 0xff, 
0x97, 0x60, 0x53, 0xff, 0x80, 0x48, 0x3b, 0xff, 0x90, 0x56, 0x4a, 0xff, 0x92, 0x58, 0x4c, 0xff, 
0x91, 0x55, 0x49, 0xff, 0x97, 0x5a, 0x4b, 0xff, 0xb0, 0x71, 0x60, 0xff, 0x9c, 0x69, 0x59, 0xff, 
0x7c, 0x53, 0x4c, 0xff, 0xa7, 0x6f, 0x68, 0xff, 0x8e, 0x5b, 0x4e, 0xff, 0x68, 0x44, 0x3e, 0xff, 
0x75, 0x4c, 0x48, 0xff, 0x86, 0x58, 0x50, 0xff, 0x57, 0x3a, 0x38, 0xff, 0x71, 0x43, 0x38, 0xff, 
0x80, 0x4f, 0x42, 0xff, 0x88, 0x59, 0x4b, 0xff, 0xa1, 0x68, 0x55, 0xff, 0x94, 0x5c, 0x4b, 0xff, 
0x60, 0x3a, 0x33, 0xff, 0x5e, 0x36, 0x32, 0xff, 0x9a, 0x65, 0x5d, 0xff, 0xaa, 0x71, 0x68, 0xff, 
0x71, 0x46, 0x3f, 0xff, 0x75, 0x49, 0x40, 0xff, 0x7f, 0x4e, 0x42, 0xff, 0x79, 0x4b, 0x40, 0xff, 
0x85, 0x54, 0x47, 0xff, 0x99, 0x6b, 0x5b, 0xff, 0xb5, 0x88, 0x74, 0xff, 0xaa, 0x75, 0x61, 0xff, 
0xb3, 0x81, 0x6b, 0xff, 0xc0, 0x93, 0x7c, 0xff, 0xae, 0x82, 0x6c, 0xff, 0xa4, 0x75, 0x63, 0xff, 
0xb8, 0x87, 0x73, 0xff, 0xb4, 0x85, 0x71, 0xff, 0xac, 0x79, 0x65, 0xff, 0xb2, 0x7d, 0x67, 0xff, 
0xaf, 0x7e, 0x69, 0xff, 0xc0, 0x94, 0x83, 0xff, 0xcd, 0xa4, 0x94, 0xff, 0xc4, 0x95, 0x84, 0xff, 
0xc8, 0x9a, 0x88, 0xff, 0xd0, 0xa9, 0x98, 0xff, 0xdf, 0xbc, 0xab, 0xff, 0xd7, 0xb1, 0x9f, 0xff, 
0xc3, 0x94, 0x81, 0xff, 0xb3, 0x87, 0x73, 0xff, 0xbd, 0x8f, 0x7e, 0xff, 0xd8, 0xb1, 0xa0, 0xff, 
0xda, 0xb3, 0xa5, 0xff, 0xe7, 0xc8, 0xbc, 0xff, 0xcc, 0xb0, 0xa2, 0xff, 0x8c, 0x5f, 0x54, 0xff, 
0xe9, 0xcd, 0xbe, 0xff, 0xd2, 0xb3, 0xa4, 0xff, 0x7c, 0x57, 0x4e, 0xff, 0xab, 0x8d, 0x85, 0xff, 
0xda, 0xc3, 0xb8, 0xff, 0x59, 0x3d, 0x33, 0xff, 0x91, 0x78, 0x6e, 0xff, 0xfb, 0xeb, 0xe0, 0xff, 
0xbf, 0xa3, 0x99, 0xff, 0xc0, 0x9f, 0x93, 0xff, 0xb2, 0x8e, 0x82, 0xff, 0xa6, 0x83, 0x77, 0xff, 
0xaf, 0x8e, 0x81, 0xff, 0xc1, 0xa2, 0x95, 0xff, 0xd8, 0xbc, 0xb1, 0xff, 0xe2, 0xc8, 0xbb, 0xff, 
0xd0, 0xa7, 0x99, 0xff, 0xdf, 0xbb, 0xae, 0xff, 0xdb, 0xc1, 0xb7, 0xff, 0xcc, 0x9a, 0x8b, 0xff, 
0xbd, 0x7d, 0x70, 0xff, 0xd1, 0x8f, 0x7f, 0xff, 0xd4, 0x9d, 0x90, 0xff, 0xdb, 0xbc, 0xae, 0xff, 
0xda, 0xb9, 0xa9, 0xff, 0xd8, 0xad, 0x99, 0xff, 0xdd, 0xb3, 0x9f, 0xff, 0xe2, 0xba, 0xa7, 0xff, 
0xd5, 0xa9, 0x92, 0xff, 0xc3, 0x8d, 0x7a, 0xff, 0xc7, 0x8f, 0x7b, 0xff, 0xd2, 0x94, 0x83, 0xff, 
0xc5, 0x88, 0x78, 0xff, 0xba, 0x86, 0x72, 0xff, 0xc0, 0x8d, 0x78, 0xff, 0xc6, 0x8b, 0x7b, 0xff, 
0xbc, 0x87, 0x77, 0xff, 0xb3, 0x7f, 0x71, 0xff, 0xab, 0x75, 0x66, 0xff, 0xb1, 0x83, 0x70, 0xff, 
0xac, 0x79, 0x68, 0xff, 0xa6, 0x73, 0x65, 0xff, 0xc4, 0x90, 0x82, 0xff, 0xcd, 0x9c, 0x8c, 0xff, 
0xb4, 0x7d, 0x6e, 0xff, 0xa2, 0x62, 0x54, 0xff, 0xd0, 0xa2, 0x93, 0xff, 0xd6, 0xb1, 0xa1, 0xff, 
0xb5, 0x7a, 0x69, 0xff, 0xc3, 0x93, 0x82, 0xff, 0xc9, 0x9e, 0x8c, 0xff, 0xdb, 0xa6, 0x95, 0xff, 
0xd5, 0x9e, 0x8e, 0xff, 0xd7, 0xaa, 0x99, 0xff, 0xe6, 0xc8, 0xb9, 0xff, 0xe8, 0xc9, 0xbb, 0xff, 
0xea, 0xca, 0xbd, 0xff, 0xec, 0xc4, 0xb8, 0xff, 0xe6, 0xb1, 0xa2, 0xff, 0xd2, 0xa4, 0x91, 0xff, 
0xc2, 0x94, 0x81, 0xff, 0xd7, 0x9c, 0x8c, 0xff, 0xfc, 0xca, 0xb9, 0xff, 0xf0, 0xc4, 0xb2, 0xff, 
0xe3, 0xac, 0x9d, 0xff, 0xdb, 0xa1, 0x92, 0xff, 0xd3, 0xa1, 0x8a, 0xff, 0xcc, 0xa1, 0x87, 0xff, 
0xdf, 0xad, 0x99, 0xff, 0xdb, 0xa9, 0x97, 0xff, 0xd8, 0x98, 0x89, 0xff, 0xe0, 0x9a, 0x8b, 0xff, 
0xd1, 0x8c, 0x7d, 0xff, 0xc2, 0x85, 0x75, 0xff, 0xc2, 0x8d, 0x7a, 0xff, 0xc8, 0x8c, 0x7b, 0xff, 
0xd8, 0x96, 0x87, 0xff, 0xed, 0xbc, 0xa9, 0xff, 0xec, 0xb7, 0xa6, 0xff, 0xf6, 0xe1, 0xd4, 0xff, 
0xf4, 0xe1, 0xd3, 0xff, 0xec, 0xc6, 0xb8, 0xff, 0xe6, 0xc2, 0xb5, 0xff, 0xcc, 0x9a, 0x8c, 0xff, 
0xed, 0xc3, 0xb5, 0xff, 0xec, 0xc1, 0xb2, 0xff, 0xe3, 0xae, 0xa2, 0xff, 0xdf, 0xb0, 0xa2, 0xff, 
0xca, 0xa6, 0x91, 0xff, 0xcb, 0x9b, 0x8c, 0xff, 0xd4, 0x9f, 0x93, 0xff, 0xd4, 0xa9, 0x9a, 0xff, 
0xd5, 0xa1, 0x91, 0xff, 0xca, 0x9a, 0x8b, 0xff, 0xd7, 0xaa, 0x9c, 0xff, 0xec, 0xc6, 0xb3, 0xff, 
0xe7, 0xa9, 0x9a, 0xff, 0xe0, 0xa6, 0x98, 0xff, 0xd5, 0xa7, 0x96, 0xff, 0xb3, 0x76, 0x68, 0xff, 
0xd1, 0x9a, 0x8b, 0xff, 0xe7, 0xc1, 0xb0, 0xff, 0xc4, 0x93, 0x81, 0xff, 0xda, 0xba, 0xab, 0xff, 
0xfd, 0xf7, 0xeb, 0xff, 0xe3, 0xbd, 0xaa, 0xff, 0xd5, 0xa9, 0x96, 0xff, 0xc3, 0x98, 0x86, 0xff, 
0xca, 0xa2, 0x92, 0xff, 0xe6, 0xca, 0xb8, 0xff, 0xc6, 0x93, 0x85, 0xff, 0xb5, 0x7f, 0x71, 0xff, 
0xcb, 0x9a, 0x88, 0xff, 0xe1, 0xbc, 0xaa, 0xff, 0xe0, 0xbd, 0xa9, 0xff, 0xc7, 0x95, 0x83, 0xff, 
0xb9, 0x87, 0x76, 0xff, 0xd8, 0xaf, 0x9a, 0xff, 0xc4, 0x8f, 0x81, 0xff, 0xb5, 0x7a, 0x68, 0xff, 
0xc8, 0x8e, 0x7b, 0xff, 0xcd, 0x94, 0x83, 0xff, 0xc8, 0x86, 0x7b, 0xff, 0xc1, 0x94, 0x8a, 0xff, 
0xb9, 0x9a, 0x8e, 0xff, 0xd9, 0xa2, 0x95, 0xff, 0xb3, 0x7a, 0x6f, 0xff, 0x8c, 0x57, 0x4c, 0xff, 
0x97, 0x63, 0x55, 0xff, 0xb6, 0x82, 0x70, 0xff, 0x9f, 0x6f, 0x61, 0xff, 0x99, 0x6a, 0x5d, 0xff, 
0xd3, 0xa9, 0x9c, 0xff, 0xb1, 0x86, 0x79, 0xff, 0x90, 0x5e, 0x50, 0xff, 0xa6, 0x78, 0x6b, 0xff, 
0xa6, 0x71, 0x65, 0xff, 0xb1, 0x72, 0x64, 0xff, 0xc1, 0x7a, 0x6c, 0xff, 0xd5, 0x98, 0x88, 0xff, 
0xe5, 0xbb, 0xae, 0xff, 0xe5, 0xce, 0xc5, 0xff, 0xc3, 0x99, 0x8e, 0xff, 0xbd, 0x85, 0x79, 0xff, 
0xe2, 0xc8, 0xbd, 0xff, 0xe2, 0xcb, 0xc1, 0xff, 0xd0, 0xa7, 0x9c, 0xff, 0xe1, 0xb7, 0xac, 0xff, 
0xf6, 0xdf, 0xd7, 0xff, 0xd3, 0xa9, 0x9e, 0xff, 0xd1, 0xa3, 0x97, 0xff, 0xd6, 0xaf, 0xa1, 0xff, 
0xd3, 0xa8, 0x9b, 0xff, 0xdd, 0xb5, 0xa8, 0xff, 0xea, 0xcc, 0xc1, 0xff, 0xf8, 0xdc, 0xd1, 0xff, 
0xf0, 0xd1, 0xc6, 0xff, 0xe5, 0xc4, 0xb3, 0xff, 0xd7, 0xab, 0x98, 0xff, 0xd6, 0xae, 0x9b, 0xff, 
0xd8, 0xaf, 0x9a, 0xff, 0xe7, 0xc8, 0xb6, 0xff, 0xe6, 0xc4, 0xb3, 0xff, 0xda, 0xa2, 0x90, 0xff, 
0xce, 0x98, 0x86, 0xff, 0xa0, 0x70, 0x60, 0xff, 0x97, 0x68, 0x5d, 0xff, 0x97, 0x66, 0x5d, 0xff, 
0xa5, 0x72, 0x67, 0xff, 0x99, 0x66, 0x5b, 0xff, 0xaf, 0x7f, 0x74, 0xff, 0xc8, 0x94, 0x8a, 0xff, 
0xd4, 0x94, 0x87, 0xff, 0xde, 0xa6, 0x92, 0xff, 0xd3, 0x9e, 0x84, 0xff, 0xa2, 0x72, 0x5c, 0xff, 
0xac, 0x82, 0x73, 0xff, 0xb6, 0x89, 0x7b, 0xff, 0xae, 0x83, 0x74, 0xff, 0xb5, 0x82, 0x73, 0xff, 
0xc2, 0x89, 0x72, 0xff, 0xb5, 0x80, 0x6c, 0xff, 0xa1, 0x6b, 0x56, 0xff, 0xaf, 0x7b, 0x5f, 0xff, 
0xce, 0x9a, 0x7f, 0xff, 0xd2, 0x99, 0x7c, 0xff, 0xc1, 0x86, 0x6c, 0xff, 0xc0, 0x8d, 0x76, 0xff, 
0xc3, 0x92, 0x7d, 0xff, 0xdd, 0xb0, 0x96, 0xff, 0xc6, 0x94, 0x7f, 0xff, 0xa9, 0x7b, 0x6a, 0xff, 
0xa3, 0x66, 0x50, 0xff, 0xa9, 0x5c, 0x48, 0xff, 0x9c, 0x55, 0x44, 0xff, 0x7b, 0x45, 0x35, 0xff, 
0xaa, 0x79, 0x6a, 0xff, 0xe2, 0xb7, 0xad, 0xff, 0xb7, 0x8c, 0x84, 0xff, 0x99, 0x6b, 0x63, 0xff, 
0xc3, 0x92, 0x88, 0xff, 0xa5, 0x73, 0x69, 0xff, 0x99, 0x60, 0x56, 0xff, 0x8d, 0x55, 0x4d, 0xff, 
0x98, 0x5d, 0x52, 0xff, 0xa0, 0x60, 0x53, 0xff, 0xaf, 0x70, 0x60, 0xff, 0xb1, 0x7a, 0x6c, 0xff, 
0xb0, 0x79, 0x6f, 0xff, 0xa8, 0x6c, 0x5e, 0xff, 0x85, 0x53, 0x45, 0xff, 0x69, 0x44, 0x3e, 0xff, 
0x65, 0x42, 0x40, 0xff, 0x6c, 0x45, 0x3f, 0xff, 0x74, 0x47, 0x3b, 0xff, 0x85, 0x53, 0x44, 0xff, 
0x8d, 0x56, 0x47, 0xff, 0x8d, 0x5a, 0x4f, 0xff, 0x82, 0x52, 0x49, 0xff, 0x7b, 0x4c, 0x3f, 0xff, 
0x71, 0x45, 0x40, 0xff, 0x93, 0x5e, 0x57, 0xff, 0xa8, 0x70, 0x67, 0xff, 0x6e, 0x45, 0x40, 0xff, 
0x6e, 0x42, 0x3a, 0xff, 0x78, 0x49, 0x42, 0xff, 0x77, 0x4b, 0x45, 0xff, 0x8e, 0x61, 0x5b, 0xff, 
0x81, 0x51, 0x47, 0xff, 0x9f, 0x6f, 0x60, 0xff, 0xc7, 0x99, 0x84, 0xff, 0xb9, 0x87, 0x70, 0xff, 
0xb8, 0x88, 0x70, 0xff, 0xb3, 0x84, 0x6c, 0xff, 0xbf, 0x92, 0x7e, 0xff, 0xc9, 0x9c, 0x8a, 0xff, 
0xbf, 0x91, 0x7c, 0xff, 0xc3, 0x96, 0x81, 0xff, 0xb6, 0x8a, 0x76, 0xff, 0xc0, 0x94, 0x82, 0xff, 
0xb5, 0x83, 0x72, 0xff, 0xbd, 0x8f, 0x7d, 0xff, 0xd9, 0xb4, 0xa4, 0xff, 0xd9, 0xb6, 0xa6, 0xff, 
0xdb, 0xba, 0xaa, 0xff, 0xdc, 0xb7, 0xa7, 0xff, 0xdb, 0xb4, 0xa6, 0xff, 0xe8, 0xca, 0xbb, 0xff, 
0xcb, 0xa4, 0x91, 0xff, 0xbf, 0x92, 0x7e, 0xff, 0xc6, 0x99, 0x88, 0xff, 0xbf, 0x94, 0x83, 0xff, 
0xc8, 0xa4, 0x95, 0xff, 0xd7, 0xb8, 0xad, 0xff, 0xe2, 0xc7, 0xba, 0xff, 0xaf, 0x86, 0x7b, 0xff, 
0xbc, 0x99, 0x8f, 0xff, 0xff, 0xe9, 0xdb, 0xff, 0xf6, 0xdd, 0xcd, 0xff, 0xc4, 0xa3, 0x98, 0xff, 
0xc2, 0xaa, 0x9e, 0xff, 0x90, 0x77, 0x6e, 0xff, 0x46, 0x2d, 0x24, 0xff, 0xd3, 0xb6, 0xa9, 0xff, 
0xe8, 0xd0, 0xc5, 0xff, 0xc0, 0xa3, 0x96, 0xff, 0xb6, 0x97, 0x8c, 0xff, 0x99, 0x75, 0x6c, 0xff, 
0xb8, 0x97, 0x8d, 0xff, 0xf6, 0xdf, 0xd3, 0xff, 0xe8, 0xd0, 0xc6, 0xff, 0xf4, 0xe8, 0xe0, 0xff, 
0xea, 0xd3, 0xc7, 0xff, 0xfe, 0xef, 0xe4, 0xff, 0xd6, 0xb4, 0xa7, 0xff, 0xac, 0x6e, 0x60, 0xff, 
0xab, 0x7a, 0x6f, 0xff, 0xcb, 0x9a, 0x8b, 0xff, 0xe0, 0xbb, 0xaf, 0xff, 0xdf, 0xc1, 0xb2, 0xff, 
0xd7, 0xad, 0x9a, 0xff, 0xdb, 0xb2, 0x9e, 0xff, 0xe2, 0xbd, 0xa8, 0xff, 0xdf, 0xb1, 0x9b, 0xff, 
0xcf, 0x9a, 0x85, 0xff, 0xd1, 0x99, 0x85, 0xff, 0xd9, 0xa5, 0x8d, 0xff, 0xd0, 0x98, 0x89, 0xff, 
0xc9, 0x98, 0x87, 0xff, 0xc0, 0x8e, 0x7c, 0xff, 0xcc, 0x93, 0x80, 0xff, 0xcb, 0x8f, 0x7f, 0xff, 
0x9b, 0x65, 0x57, 0xff, 0xb3, 0x7c, 0x6e, 0xff, 0xa9, 0x72, 0x63, 0xff, 0xbe, 0x90, 0x7b, 0xff, 
0xb8, 0x8a, 0x78, 0xff, 0xb1, 0x7a, 0x6c, 0xff, 0xd3, 0x9f, 0x8f, 0xff, 0xcf, 0xa3, 0x92, 0xff, 
0xb4, 0x79, 0x69, 0xff, 0xae, 0x6f, 0x62, 0xff, 0xba, 0x88, 0x7a, 0xff, 0xc0, 0x93, 0x83, 0xff, 
0xbf, 0x7e, 0x6e, 0xff, 0xc2, 0x89, 0x79, 0xff, 0xca, 0x9d, 0x8a, 0xff, 0xc8, 0x8e, 0x7c, 0xff, 
0xdc, 0xab, 0x9a, 0xff, 0xe7, 0xc2, 0xb1, 0xff, 0xf0, 0xd4, 0xc7, 0xff, 0xf2, 0xcf, 0xc1, 0xff, 
0xe3, 0xb1, 0xa1, 0xff, 0xed, 0xd1, 0xc4, 0xff, 0xef, 0xce, 0xc2, 0xff, 0xdf, 0xb6, 0xa5, 0xff, 
0xd8, 0xa1, 0x8f, 0xff, 0xd7, 0x98, 0x8a, 0xff, 0xe5, 0xb8, 0xa5, 0xff, 0xd4, 0xab, 0x93, 0xff, 
0xd2, 0x9b, 0x8a, 0xff, 0xdc, 0xa2, 0x92, 0xff, 0xc9, 0x9a, 0x82, 0xff, 0xce, 0x99, 0x84, 0xff, 
0xd6, 0x94, 0x84, 0xff, 0xd8, 0x9c, 0x89, 0xff, 0xe5, 0xab, 0x99, 0xff, 0xde, 0xa3, 0x92, 0xff, 
0xcd, 0x95, 0x84, 0xff, 0xc8, 0x90, 0x80, 0xff, 0xbf, 0x84, 0x74, 0xff, 0xcb, 0x8e, 0x7f, 0xff, 
0xd6, 0x95, 0x89, 0xff, 0xd9, 0x9d, 0x8d, 0xff, 0xf2, 0xcc, 0xc1, 0xff, 0xff, 0xff, 0xfd, 0xff, 
0xf7, 0xe4, 0xd6, 0xff, 0xad, 0x95, 0x8a, 0xff, 0xb2, 0x83, 0x79, 0xff, 0xeb, 0xb2, 0xa6, 0xff, 
0xe8, 0xb6, 0xa9, 0xff, 0xdf, 0xb0, 0xa2, 0xff, 0xe7, 0xb6, 0xa7, 0xff, 0xd1, 0xa3, 0x92, 0xff, 
0xde, 0xb9, 0xa6, 0xff, 0xd8, 0xab, 0x9e, 0xff, 0xc3, 0x8f, 0x84, 0xff, 0xd0, 0xa3, 0x94, 0xff, 
0xe0, 0xad, 0x9e, 0xff, 0xea, 0xb4, 0xa4, 0xff, 0xf2, 0xc5, 0xb5, 0xff, 0xf6, 0xc8, 0xb9, 0xff, 
0xeb, 0xb9, 0xa8, 0xff, 0xda, 0xb3, 0xa1, 0xff, 0xe5, 0xbe, 0xac, 0xff, 0xb9, 0x83, 0x70, 0xff, 
0xbc, 0x8b, 0x77, 0xff, 0xde, 0xbb, 0xaa, 0xff, 0xc6, 0x92, 0x85, 0xff, 0xcd, 0x96, 0x84, 0xff, 
0xfd, 0xec, 0xde, 0xff, 0xf1, 0xdf, 0xd2, 0xff, 0xd7, 0xac, 0x9d, 0xff, 0xd7, 0xa8, 0x9a, 0xff, 
0xd7, 0xa8, 0x99, 0xff, 0xdc, 0xb9, 0xa7, 0xff, 0xc4, 0x90, 0x83, 0xff, 0xb4, 0x75, 0x6b, 0xff, 
0xd4, 0xae, 0xa0, 0xff, 0xe1, 0xc8, 0xb9, 0xff, 0xc9, 0x99, 0x88, 0xff, 0xd9, 0xb0, 0x9f, 0xff, 
0xcd, 0x9f, 0x90, 0xff, 0xdb, 0xaf, 0x9d, 0xff, 0xf3, 0xde, 0xcb, 0xff, 0xda, 0xb3, 0xa2, 0xff, 
0xd0, 0x8f, 0x83, 0xff, 0xca, 0x8e, 0x7f, 0xff, 0xca, 0x8e, 0x7d, 0xff, 0xd5, 0x99, 0x8d, 0xff, 
0xd4, 0x9c, 0x90, 0xff, 0xda, 0x9f, 0x92, 0xff, 0xcd, 0x94, 0x86, 0xff, 0xaf, 0x72, 0x65, 0xff, 
0xa0, 0x6b, 0x5e, 0xff, 0xb5, 0x7b, 0x6b, 0xff, 0xbe, 0x83, 0x73, 0xff, 0x94, 0x64, 0x56, 0xff, 
0xa9, 0x7a, 0x6d, 0xff, 0xb5, 0x8c, 0x7f, 0xff, 0xa9, 0x78, 0x6b, 0xff, 0xd4, 0x9d, 0x8e, 0xff, 
0xaf, 0x78, 0x6d, 0xff, 0xb5, 0x83, 0x78, 0xff, 0xd6, 0xa3, 0x94, 0xff, 0xdb, 0x9c, 0x8d, 0xff, 
0xd4, 0x9a, 0x8d, 0xff, 0xda, 0xb0, 0xa2, 0xff, 0xe5, 0xba, 0xad, 0xff, 0xbe, 0x8e, 0x83, 0xff, 
0xb8, 0x7c, 0x70, 0xff, 0xdb, 0xa4, 0x96, 0xff, 0xf0, 0xd8, 0xce, 0xff, 0xf9, 0xef, 0xe9, 0xff, 
0xec, 0xda, 0xd3, 0xff, 0xe6, 0xcd, 0xc3, 0xff, 0xe4, 0xbd, 0xb2, 0xff, 0xe0, 0xba, 0xaf, 0xff, 
0xc9, 0x98, 0x8b, 0xff, 0xce, 0x99, 0x8c, 0xff, 0xe3, 0xc2, 0xb6, 0xff, 0xd7, 0xaf, 0xa4, 0xff, 
0xdf, 0xb2, 0xa2, 0xff, 0xe3, 0xbe, 0xad, 0xff, 0xe3, 0xc1, 0xb2, 0xff, 0xe7, 0xbd, 0xaa, 0xff, 
0xdf, 0xb7, 0xa5, 0xff, 0xe2, 0xba, 0xa8, 0xff, 0xed, 0xcc, 0xbb, 0xff, 0xe7, 0xc1, 0xb0, 0xff, 
0xd2, 0xa0, 0x8b, 0xff, 0xb6, 0x85, 0x74, 0xff, 0x9a, 0x68, 0x5d, 0xff, 0x99, 0x68, 0x5f, 0xff, 
0xa2, 0x6e, 0x64, 0xff, 0xa1, 0x6d, 0x62, 0xff, 0xa5, 0x71, 0x66, 0xff, 0xbe, 0x84, 0x78, 0xff, 
0xcb, 0x8a, 0x81, 0xff, 0xcf, 0x94, 0x86, 0xff, 0xdb, 0xa8, 0x8c, 0xff, 0xc6, 0x8e, 0x7b, 0xff, 
0xc1, 0x8b, 0x80, 0xff, 0xbe, 0x8c, 0x7d, 0xff, 0xaf, 0x80, 0x71, 0xff, 0xb4, 0x87, 0x76, 0xff, 
0xb3, 0x86, 0x6b, 0xff, 0xaa, 0x75, 0x5d, 0xff, 0xb7, 0x81, 0x67, 0xff, 0xc6, 0x86, 0x6b, 0xff, 
0xd4, 0x94, 0x76, 0xff, 0xd5, 0x9b, 0x7d, 0xff, 0xc8, 0x96, 0x7d, 0xff, 0xca, 0x99, 0x7c, 0xff, 
0xdf, 0xa6, 0x88, 0xff, 0xd3, 0x91, 0x78, 0xff, 0xb3, 0x79, 0x62, 0xff, 0xac, 0x7b, 0x65, 0xff, 
0xbc, 0x83, 0x69, 0xff, 0x90, 0x59, 0x48, 0xff, 0x68, 0x3c, 0x33, 0xff, 0x8b, 0x53, 0x45, 0xff, 
0xaa, 0x78, 0x6e, 0xff, 0xb9, 0x8f, 0x85, 0xff, 0x97, 0x72, 0x6c, 0xff, 0x9b, 0x6c, 0x65, 0xff, 
0xb5, 0x82, 0x7b, 0xff, 0xbd, 0x8a, 0x7d, 0xff, 0xc2, 0x8d, 0x81, 0xff, 0xb0, 0x77, 0x6f, 0xff, 
0xa4, 0x6b, 0x60, 0xff, 0xb3, 0x7a, 0x6b, 0xff, 0xca, 0x90, 0x81, 0xff, 0xcb, 0x8d, 0x7e, 0xff, 
0xc4, 0x86, 0x76, 0xff, 0xa5, 0x68, 0x57, 0xff, 0x98, 0x64, 0x59, 0xff, 0x90, 0x65, 0x5e, 0xff, 
0x7a, 0x52, 0x4b, 0xff, 0x67, 0x42, 0x39, 0xff, 0x96, 0x5b, 0x4a, 0xff, 0x92, 0x58, 0x48, 0xff, 
0x99, 0x66, 0x58, 0xff, 0x84, 0x58, 0x4f, 0xff, 0x65, 0x40, 0x3d, 0xff, 0x82, 0x56, 0x50, 0xff, 
0x8f, 0x60, 0x5a, 0xff, 0xb2, 0x76, 0x6a, 0xff, 0x7d, 0x4e, 0x48, 0xff, 0x56, 0x33, 0x2e, 0xff, 
0x8e, 0x5d, 0x55, 0xff, 0x80, 0x56, 0x4f, 0xff, 0x66, 0x3f, 0x39, 0xff, 0x7e, 0x50, 0x4a, 0xff, 
0x7b, 0x4f, 0x44, 0xff, 0xa4, 0x70, 0x60, 0xff, 0xbf, 0x90, 0x7b, 0xff, 0xb5, 0x8a, 0x74, 0xff, 
0x94, 0x67, 0x55, 0xff, 0xb7, 0x8a, 0x75, 0xff, 0xc5, 0x9a, 0x86, 0xff, 0xbf, 0x92, 0x82, 0xff, 
0xb2, 0x84, 0x71, 0xff, 0xbd, 0x8d, 0x7a, 0xff, 0xcf, 0xa7, 0x96, 0xff, 0xd9, 0xb8, 0xa8, 0xff, 
0xc6, 0xa0, 0x8f, 0xff, 0xb1, 0x7c, 0x69, 0xff, 0xbf, 0x8d, 0x7d, 0xff, 0xde, 0xbe, 0xae, 0xff, 
0xcd, 0x9c, 0x89, 0xff, 0xd1, 0xa2, 0x90, 0xff, 0xb9, 0x85, 0x76, 0xff, 0xb8, 0x81, 0x70, 0xff, 
0xd3, 0xae, 0x9d, 0xff, 0xd0, 0xab, 0x98, 0xff, 0xd6, 0xb0, 0x9e, 0xff, 0xc3, 0x9c, 0x89, 0xff, 
0xb8, 0x8f, 0x7e, 0xff, 0xac, 0x8a, 0x79, 0xff, 0xc0, 0x9e, 0x91, 0xff, 0xbc, 0x9b, 0x91, 0xff, 
0xb4, 0x90, 0x84, 0xff, 0xe6, 0xc9, 0xbc, 0xff, 0xe7, 0xcc, 0xc1, 0xff, 0xda, 0xbc, 0xb0, 0xff, 
0xb5, 0x9a, 0x8c, 0xff, 0xa7, 0x7e, 0x6f, 0xff, 0x6a, 0x47, 0x3c, 0xff, 0x9c, 0x81, 0x76, 0xff, 
0xff, 0xff, 0xfb, 0xff, 0xf0, 0xdc, 0xd2, 0xff, 0xbf, 0x9f, 0x92, 0xff, 0xb0, 0x8a, 0x7f, 0xff, 
0xf0, 0xdd, 0xd3, 0xff, 0xff, 0xf7, 0xed, 0xff, 0xf2, 0xe5, 0xdb, 0xff, 0xf2, 0xe6, 0xdc, 0xff, 
0xf3, 0xe3, 0xd9, 0xff, 0xeb, 0xd0, 0xc7, 0xff, 0xcd, 0xa9, 0x9b, 0xff, 0xb2, 0x8d, 0x80, 0xff, 
0xc5, 0x9c, 0x8f, 0xff, 0xde, 0xc4, 0xb7, 0xff, 0xe9, 0xd3, 0xc6, 0xff, 0xee, 0xcd, 0xbb, 0xff, 
0xe2, 0xbb, 0xa9, 0xff, 0xd3, 0xa5, 0x93, 0xff, 0xd7, 0x9e, 0x8b, 0xff, 0xd4, 0x9f, 0x87, 0xff, 
0xd5, 0xa1, 0x8b, 0xff, 0xd0, 0x97, 0x81, 0xff, 0xc5, 0x8c, 0x79, 0xff, 0xca, 0x92, 0x7f, 0xff, 
0xd2, 0x9b, 0x89, 0xff, 0xcc, 0x92, 0x7e, 0xff, 0xb8, 0x7b, 0x6c, 0xff, 0xbb, 0x83, 0x75, 0xff, 
0xd0, 0x95, 0x86, 0xff, 0xd1, 0x9a, 0x87, 0xff, 0xb9, 0x81, 0x70, 0xff, 0xc4, 0x8b, 0x79, 0xff, 
0xc0, 0x90, 0x80, 0xff, 0xd0, 0xa2, 0x94, 0xff, 0xd5, 0x90, 0x7e, 0xff, 0xe0, 0x9d, 0x8b, 0xff, 
0xd7, 0x9a, 0x88, 0xff, 0xc6, 0x8d, 0x7d, 0xff, 0xb1, 0x73, 0x64, 0xff, 0xb5, 0x7b, 0x6d, 0xff, 
0xca, 0x8f, 0x7f, 0xff, 0xb8, 0x81, 0x6e, 0xff, 0x97, 0x6e, 0x5c, 0xff, 0x9c, 0x71, 0x61, 0xff, 
0xc9, 0x9d, 0x88, 0xff, 0xc2, 0x96, 0x83, 0xff, 0xc5, 0x9f, 0x91, 0xff, 0xba, 0x8e, 0x80, 0xff, 
0xd8, 0xa9, 0x99, 0xff, 0xef, 0xca, 0xb6, 0xff, 0xf1, 0xc5, 0xb3, 0xff, 0xed, 0xc3, 0xb1, 0xff, 
0xea, 0xb3, 0xa4, 0xff, 0xe5, 0xac, 0x9e, 0xff, 0xcc, 0xa4, 0x91, 0xff, 0xc9, 0xa1, 0x88, 0xff, 
0xd2, 0xa2, 0x8c, 0xff, 0xcf, 0x9a, 0x89, 0xff, 0xcd, 0x96, 0x85, 0xff, 0xc1, 0x84, 0x74, 0xff, 
0xd0, 0x91, 0x81, 0xff, 0xed, 0xae, 0x9f, 0xff, 0xd1, 0x9b, 0x88, 0xff, 0xcc, 0x9b, 0x88, 0xff, 
0xe1, 0xb9, 0xa8, 0xff, 0xcc, 0x97, 0x85, 0xff, 0xc0, 0x85, 0x75, 0xff, 0xc7, 0x8a, 0x7d, 0xff, 
0xe1, 0xa9, 0x9b, 0xff, 0xed, 0xc0, 0xaf, 0xff, 0xf8, 0xea, 0xde, 0xff, 0xe8, 0xcf, 0xc4, 0xff, 
0xdc, 0xa6, 0x96, 0xff, 0xcf, 0xa5, 0x96, 0xff, 0xdd, 0xaa, 0x9d, 0xff, 0xdd, 0xa6, 0x98, 0xff, 
0xda, 0xaa, 0x9d, 0xff, 0xdb, 0xa9, 0x9d, 0xff, 0xd5, 0xa7, 0x99, 0xff, 0xd6, 0xaa, 0x9a, 0xff, 
0xe7, 0xbf, 0xaf, 0xff, 0xe3, 0xbf, 0xb1, 0xff, 0xeb, 0xc3, 0xb4, 0xff, 0xf7, 0xcc, 0xbb, 0xff, 
0xea, 0xba, 0xab, 0xff, 0xea, 0xb8, 0xa9, 0xff, 0xf1, 0xb8, 0xa9, 0xff, 0xe3, 0xa3, 0x95, 0xff, 
0xf1, 0xc4, 0xb4, 0xff, 0xfa, 0xd3, 0xc5, 0xff, 0xcd, 0xa6, 0x93, 0xff, 0xc3, 0x9a, 0x84, 0xff, 
0xcc, 0x9f, 0x8e, 0xff, 0xd7, 0xb8, 0xa9, 0xff, 0xc7, 0x98, 0x8a, 0xff, 0xce, 0x9d, 0x87, 0xff, 
0xf2, 0xd7, 0xc6, 0xff, 0xf7, 0xde, 0xcf, 0xff, 0xd3, 0x9b, 0x8b, 0xff, 0xd0, 0x9f, 0x90, 0xff, 
0xde, 0xb0, 0xa1, 0xff, 0xd1, 0xa5, 0x96, 0xff, 0xc3, 0x8d, 0x81, 0xff, 0xb7, 0x7e, 0x72, 0xff, 
0xbb, 0x7e, 0x74, 0xff, 0xce, 0x9f, 0x92, 0xff, 0xd2, 0xa3, 0x95, 0xff, 0xe6, 0xba, 0xaa, 0xff, 
0xe3, 0xb7, 0xa6, 0xff, 0xbe, 0x80, 0x71, 0xff, 0xcd, 0xa4, 0x91, 0xff, 0xf2, 0xdd, 0xc8, 0xff, 
0xd8, 0xad, 0x97, 0xff, 0xc8, 0x89, 0x7c, 0xff, 0xd2, 0x96, 0x89, 0xff, 0xe0, 0xa7, 0x99, 0xff, 
0xda, 0x98, 0x8a, 0xff, 0xdf, 0x9a, 0x8b, 0xff, 0xd9, 0x9b, 0x8d, 0xff, 0xaf, 0x73, 0x65, 0xff, 
0x99, 0x67, 0x5f, 0xff, 0xb0, 0x7d, 0x72, 0xff, 0xae, 0x7b, 0x69, 0xff, 0xaa, 0x77, 0x67, 0xff, 
0xa1, 0x6c, 0x5d, 0xff, 0xab, 0x7a, 0x6b, 0xff, 0xd5, 0xb1, 0xa3, 0xff, 0xeb, 0xb0, 0xa1, 0xff, 
0xcb, 0x83, 0x75, 0xff, 0xd7, 0x96, 0x87, 0xff, 0xe5, 0xbc, 0xae, 0xff, 0xd2, 0x92, 0x85, 0xff, 
0xbe, 0x7b, 0x6d, 0xff, 0xd6, 0x9f, 0x90, 0xff, 0xe7, 0xb7, 0xa7, 0xff, 0xdf, 0xb4, 0xa7, 0xff, 
0xda, 0xa1, 0x96, 0xff, 0xc6, 0x91, 0x82, 0xff, 0xcd, 0xa8, 0x9b, 0xff, 0xe0, 0xcb, 0xc3, 0xff, 
0xe0, 0xc5, 0xbb, 0xff, 0xf8, 0xe1, 0xd7, 0xff, 0xfb, 0xe7, 0xde, 0xff, 0xe2, 0xbf, 0xb2, 0xff, 
0xc0, 0x8b, 0x7d, 0xff, 0xcf, 0xa2, 0x96, 0xff, 0xeb, 0xc7, 0xba, 0xff, 0xcc, 0x9e, 0x92, 0xff, 
0xd9, 0xae, 0x9e, 0xff, 0xd8, 0xad, 0x9b, 0xff, 0xc7, 0x99, 0x87, 0xff, 0xec, 0xc4, 0xb3, 0xff, 
0xed, 0xcc, 0xbf, 0xff, 0xe9, 0xc8, 0xba, 0xff, 0xeb, 0xcb, 0xbb, 0xff, 0xe9, 0xc8, 0xb3, 0xff, 
0xd4, 0xa1, 0x8b, 0xff, 0xce, 0x9f, 0x8a, 0xff, 0xb1, 0x80, 0x6f, 0xff, 0x8d, 0x60, 0x59, 0xff, 
0x97, 0x64, 0x5d, 0xff, 0xa5, 0x6e, 0x66, 0xff, 0xb1, 0x7a, 0x70, 0xff, 0xca, 0x8d, 0x80, 0xff, 
0xa9, 0x72, 0x63, 0xff, 0xc1, 0x8c, 0x74, 0xff, 0xcf, 0xa0, 0x85, 0xff, 0xca, 0x96, 0x7f, 0xff, 
0xb1, 0x7f, 0x6a, 0xff, 0xb6, 0x89, 0x70, 0xff, 0xba, 0x8d, 0x73, 0xff, 0x9b, 0x74, 0x64, 0xff, 
0xc0, 0x90, 0x78, 0xff, 0xb6, 0x76, 0x63, 0xff, 0xbf, 0x8d, 0x74, 0xff, 0xe3, 0xb4, 0x93, 0xff, 
0xd3, 0x9a, 0x78, 0xff, 0xce, 0x94, 0x76, 0xff, 0xcb, 0x98, 0x7f, 0xff, 0xc0, 0x8b, 0x74, 0xff, 
0xb1, 0x76, 0x61, 0xff, 0x9b, 0x5f, 0x50, 0xff, 0x98, 0x5a, 0x4b, 0xff, 0xb9, 0x7a, 0x64, 0xff, 
0xc0, 0x88, 0x70, 0xff, 0xaa, 0x70, 0x5c, 0xff, 0x87, 0x54, 0x44, 0xff, 0xab, 0x6a, 0x5a, 0xff, 
0xa2, 0x5e, 0x4e, 0xff, 0x91, 0x5e, 0x54, 0xff, 0xaa, 0x79, 0x73, 0xff, 0xdb, 0xab, 0xa0, 0xff, 
0xd5, 0xa5, 0x98, 0xff, 0xb1, 0x80, 0x78, 0xff, 0xcb, 0x9b, 0x91, 0xff, 0xd3, 0xa2, 0x96, 0xff, 
0xb1, 0x7e, 0x71, 0xff, 0xc2, 0x8c, 0x7f, 0xff, 0xd0, 0x96, 0x8c, 0xff, 0xba, 0x7d, 0x70, 0xff, 
0xa1, 0x6e, 0x5f, 0xff, 0x8f, 0x5b, 0x4f, 0xff, 0x9b, 0x65, 0x5b, 0xff, 0x8f, 0x60, 0x58, 0xff, 
0x83, 0x55, 0x47, 0xff, 0x7b, 0x4e, 0x40, 0xff, 0x63, 0x3f, 0x35, 0xff, 0x6a, 0x45, 0x3e, 0xff, 
0x8e, 0x5f, 0x57, 0xff, 0x7f, 0x54, 0x4b, 0xff, 0x79, 0x4e, 0x48, 0xff, 0x96, 0x65, 0x5e, 0xff, 
0x93, 0x61, 0x59, 0xff, 0x94, 0x5f, 0x57, 0xff, 0x69, 0x40, 0x3a, 0xff, 0x6f, 0x45, 0x3d, 0xff, 
0x8f, 0x62, 0x5c, 0xff, 0x85, 0x5c, 0x55, 0xff, 0x55, 0x33, 0x2e, 0xff, 0x62, 0x39, 0x31, 0xff, 
0x93, 0x61, 0x53, 0xff, 0xa0, 0x6c, 0x5a, 0xff, 0xaa, 0x78, 0x64, 0xff, 0x9f, 0x70, 0x61, 0xff, 
0x94, 0x68, 0x5d, 0xff, 0xc5, 0x9b, 0x88, 0xff, 0xc7, 0x9d, 0x89, 0xff, 0xbe, 0x91, 0x81, 0xff, 
0xb8, 0x8a, 0x78, 0xff, 0xb9, 0x8b, 0x78, 0xff, 0xc8, 0x9a, 0x86, 0xff, 0xcb, 0xa4, 0x94, 0xff, 
0xcf, 0xb3, 0xa4, 0xff, 0xb8, 0x87, 0x75, 0xff, 0xbe, 0x8c, 0x7a, 0xff, 0xc9, 0x9e, 0x8c, 0xff, 
0xc4, 0x8b, 0x75, 0xff, 0xc0, 0x82, 0x6f, 0xff, 0xb0, 0x6d, 0x5c, 0xff, 0xa6, 0x60, 0x4c, 0xff, 
0xae, 0x71, 0x60, 0xff, 0xda, 0xb8, 0xa5, 0xff, 0xc4, 0x8e, 0x7b, 0xff, 0xb4, 0x6f, 0x5d, 0xff, 
0xb7, 0x7f, 0x6f, 0xff, 0xd0, 0xb1, 0xa5, 0xff, 0xb1, 0x92, 0x83, 0xff, 0xb5, 0x9a, 0x8d, 0xff, 
0xbc, 0x9e, 0x92, 0xff, 0xca, 0xa9, 0x9c, 0xff, 0xfb, 0xea, 0xdf, 0xff, 0xff, 0xff, 0xfb, 0xff, 
0xed, 0xd7, 0xca, 0xff, 0xa9, 0x78, 0x64, 0xff, 0x87, 0x5c, 0x4e, 0xff, 0x74, 0x52, 0x49, 0xff, 
0xe7, 0xd2, 0xc7, 0xff, 0xca, 0xab, 0x9e, 0xff, 0xb5, 0x8f, 0x83, 0xff, 0xd2, 0xb2, 0xa5, 0xff, 
0xe7, 0xd2, 0xc7, 0xff, 0xf5, 0xe6, 0xde, 0xff, 0xf5, 0xe6, 0xdb, 0xff, 0xe9, 0xd4, 0xc7, 0xff, 
0xe1, 0xc5, 0xb9, 0xff, 0xde, 0xc2, 0xb7, 0xff, 0xe5, 0xd4, 0xca, 0xff, 0xd8, 0xb7, 0xaa, 0xff, 
0xcb, 0xa4, 0x96, 0xff, 0xfa, 0xea, 0xde, 0xff, 0xf9, 0xe1, 0xd3, 0xff, 0xeb, 0xcc, 0xba, 0xff, 
0xe0, 0xbc, 0xa8, 0xff, 0xcf, 0x9c, 0x87, 0xff, 0xda, 0x9d, 0x8a, 0xff, 0xd4, 0x99, 0x85, 0xff, 
0xd3, 0x9e, 0x85, 0xff, 0xd0, 0x99, 0x81, 0xff, 0xc4, 0x8e, 0x7a, 0xff, 0xc4, 0x8f, 0x78, 0xff, 
0xc9, 0x8a, 0x76, 0xff, 0xc5, 0x88, 0x76, 0xff, 0xb2, 0x7d, 0x6c, 0xff, 0xcb, 0x95, 0x80, 0xff, 
0xe6, 0xa9, 0x96, 0xff, 0xd9, 0xa2, 0x8f, 0xff, 0xc4, 0x8d, 0x7a, 0xff, 0xc3, 0x87, 0x75, 0xff, 
0xcb, 0x93, 0x84, 0xff, 0xd3, 0xa1, 0x91, 0xff, 0xd5, 0x93, 0x81, 0xff, 0xcb, 0x8d, 0x7e, 0xff, 
0xc9, 0x9d, 0x8c, 0xff, 0xd9, 0xaf, 0x9c, 0xff, 0xdb, 0x9c, 0x8b, 0xff, 0xc7, 0x82, 0x73, 0xff, 
0x99, 0x5e, 0x53, 0xff, 0xa2, 0x6f, 0x5f, 0xff, 0xb0, 0x7f, 0x6d, 0xff, 0x98, 0x69, 0x5b, 0xff, 
0x9b, 0x69, 0x5a, 0xff, 0x9f, 0x6e, 0x5f, 0xff, 0xa9, 0x77, 0x69, 0xff, 0xb3, 0x85, 0x75, 0xff, 
0xcf, 0xa7, 0x94, 0xff, 0xd2, 0xa7, 0x91, 0xff, 0xe7, 0xb5, 0xa1, 0xff, 0xed, 0xb4, 0xa4, 0xff, 
0xee, 0xb6, 0xa7, 0xff, 0xf3, 0xc0, 0xb0, 0xff, 0xcf, 0x99, 0x86, 0xff, 0xba, 0x88, 0x77, 0xff, 
0xcc, 0x96, 0x84, 0xff, 0xd9, 0x9e, 0x8d, 0xff, 0xcc, 0x8f, 0x81, 0xff, 0xb4, 0x79, 0x69, 0xff, 
0xbf, 0x85, 0x76, 0xff, 0xc8, 0x8b, 0x7e, 0xff, 0xb6, 0x7a, 0x6b, 0xff, 0xc7, 0x93, 0x80, 0xff, 
0xd9, 0xb2, 0x9f, 0xff, 0xda, 0xa5, 0x96, 0xff, 0xdb, 0xa1, 0x91, 0xff, 0xd8, 0xa8, 0x9a, 0xff, 
0xea, 0xba, 0xab, 0xff, 0xf7, 0xc7, 0xb7, 0xff, 0xe9, 0xb7, 0xa4, 0xff, 0xca, 0x92, 0x80, 0xff, 
0xd8, 0x9b, 0x8e, 0xff, 0xf8, 0xbd, 0xaf, 0xff, 0xdb, 0xa3, 0x95, 0xff, 0xb4, 0x7f, 0x73, 0xff, 
0xcd, 0x98, 0x8b, 0xff, 0xe1, 0xa9, 0x9c, 0xff, 0xd8, 0xa5, 0x98, 0xff, 0xe4, 0xaf, 0xa0, 0xff, 
0xdb, 0xa7, 0x99, 0xff, 0xe4, 0xb4, 0xa5, 0xff, 0xeb, 0xbb, 0xad, 0xff, 0xd3, 0x97, 0x8a, 0xff, 
0xe9, 0xb4, 0xa4, 0xff, 0xf2, 0xc4, 0xb3, 0xff, 0xfc, 0xc2, 0xb3, 0xff, 0xdb, 0xa9, 0x99, 0xff, 
0xc3, 0xa5, 0x98, 0xff, 0xf2, 0xd2, 0xc5, 0xff, 0xe3, 0xb7, 0xa6, 0xff, 0xdc, 0xab, 0x9c, 0xff, 
0xde, 0xad, 0x9e, 0xff, 0xe1, 0xb2, 0xa4, 0xff, 0xd0, 0x9c, 0x8e, 0xff, 0xc8, 0x9f, 0x88, 0xff, 
0xe0, 0xbd, 0xa8, 0xff, 0xe1, 0xaf, 0x9e, 0xff, 0xbe, 0x81, 0x74, 0xff, 0xc1, 0x83, 0x71, 0xff, 
0xed, 0xd5, 0xc7, 0xff, 0xe1, 0xc4, 0xbb, 0xff, 0xb9, 0x7f, 0x72, 0xff, 0xbf, 0x85, 0x7b, 0xff, 
0xc9, 0x86, 0x7b, 0xff, 0xc9, 0x87, 0x7b, 0xff, 0xdd, 0xaf, 0x9f, 0xff, 0xe4, 0xba, 0xaa, 0xff, 
0xb8, 0x79, 0x6a, 0xff, 0xc6, 0x9b, 0x88, 0xff, 0xd6, 0xac, 0x99, 0xff, 0xd6, 0xa0, 0x90, 0xff, 
0xe5, 0xc6, 0xaf, 0xff, 0xde, 0xbc, 0xa8, 0xff, 0xda, 0x9c, 0x8e, 0xff, 0xcc, 0x93, 0x83, 0xff, 
0xd7, 0x9e, 0x8d, 0xff, 0xde, 0xa2, 0x92, 0xff, 0xd2, 0x9d, 0x8c, 0xff, 0xaf, 0x7d, 0x6f, 0xff, 
0xaf, 0x7f, 0x76, 0xff, 0xcc, 0x93, 0x86, 0xff, 0xbb, 0x88, 0x78, 0xff, 0xb6, 0x83, 0x72, 0xff, 
0xc0, 0x8a, 0x79, 0xff, 0xc5, 0x94, 0x83, 0xff, 0xdc, 0xb6, 0xa8, 0xff, 0xd4, 0x9d, 0x90, 0xff, 
0xb6, 0x75, 0x68, 0xff, 0xb1, 0x6c, 0x5e, 0xff, 0xc1, 0x84, 0x78, 0xff, 0xc2, 0x88, 0x7c, 0xff, 
0xb4, 0x70, 0x64, 0xff, 0xd2, 0x96, 0x89, 0xff, 0xdb, 0xa1, 0x93, 0xff, 0xea, 0xbd, 0xaf, 0xff, 
0xd9, 0xb8, 0xae, 0xff, 0xbb, 0x91, 0x84, 0xff, 0xbf, 0x93, 0x85, 0xff, 0xc2, 0x98, 0x8c, 0xff, 
0xd9, 0xb1, 0xa5, 0xff, 0xe1, 0xc4, 0xba, 0xff, 0xf2, 0xe2, 0xd9, 0xff, 0xf3, 0xd7, 0xca, 0xff, 
0xdc, 0xb8, 0xab, 0xff, 0xcf, 0xa0, 0x92, 0xff, 0xde, 0xae, 0xa0, 0xff, 0xd8, 0xa5, 0x93, 0xff, 
0xe7, 0xbd, 0xaa, 0xff, 0xe5, 0xbb, 0xa8, 0xff, 0xd4, 0xa4, 0x92, 0xff, 0xdf, 0xb7, 0xa9, 0xff, 
0xef, 0xd1, 0xc0, 0xff, 0xf2, 0xd9, 0xca, 0xff, 0xec, 0xcf, 0xbe, 0xff, 0xdd, 0xac, 0x95, 0xff, 
0xdf, 0xb4, 0x9f, 0xff, 0xd9, 0xaf, 0x9a, 0xff, 0xb9, 0x83, 0x6d, 0xff, 0x8c, 0x5a, 0x4f, 0xff, 
0x9a, 0x6a, 0x62, 0xff, 0x91, 0x62, 0x56, 0xff, 0xbc, 0x85, 0x79, 0xff, 0xdb, 0x9b, 0x8e, 0xff, 
0xaa, 0x70, 0x63, 0xff, 0xb6, 0x83, 0x6e, 0xff, 0xb7, 0x8b, 0x70, 0xff, 0xba, 0x8a, 0x6d, 0xff, 
0xbf, 0x89, 0x6f, 0xff, 0xce, 0x94, 0x78, 0xff, 0xcb, 0x95, 0x79, 0xff, 0xbb, 0x8c, 0x74, 0xff, 
0xcf, 0x9d, 0x83, 0xff, 0xd5, 0xa6, 0x8b, 0xff, 0xb4, 0x82, 0x6b, 0xff, 0xa6, 0x7c, 0x68, 0xff, 
0xbe, 0x8e, 0x74, 0xff, 0xc9, 0x95, 0x78, 0xff, 0xc1, 0x8b, 0x74, 0xff, 0xb8, 0x7c, 0x69, 0xff, 
0x70, 0x45, 0x3b, 0xff, 0x4e, 0x32, 0x2f, 0xff, 0x72, 0x48, 0x41, 0xff, 0xb7, 0x74, 0x5e, 0xff, 
0x97, 0x64, 0x54, 0xff, 0x88, 0x56, 0x4a, 0xff, 0x8c, 0x59, 0x49, 0xff, 0x8f, 0x5b, 0x49, 0xff, 
0x5e, 0x39, 0x2f, 0xff, 0x72, 0x44, 0x3e, 0xff, 0xb0, 0x6b, 0x64, 0xff, 0xc6, 0x98, 0x8e, 0xff, 
0xc3, 0x99, 0x8e, 0xff, 0xbd, 0x8e, 0x86, 0xff, 0xb4, 0x88, 0x80, 0xff, 0xc2, 0x91, 0x85, 0xff, 
0xbe, 0x8d, 0x82, 0xff, 0xb0, 0x7c, 0x73, 0xff, 0xb9, 0x7a, 0x6c, 0xff, 0xab, 0x70, 0x5d, 0xff, 
0x94, 0x5f, 0x53, 0xff, 0x90, 0x5b, 0x54, 0xff, 0x86, 0x4d, 0x42, 0xff, 0x5f, 0x3a, 0x31, 0xff, 
0x5c, 0x38, 0x2f, 0xff, 0x7b, 0x4b, 0x3f, 0xff, 0x4e, 0x34, 0x2f, 0xff, 0x62, 0x42, 0x3e, 0xff, 
0x7c, 0x51, 0x4c, 0xff, 0x71, 0x47, 0x41, 0xff, 0x7c, 0x4e, 0x48, 0xff, 0x88, 0x5b, 0x54, 0xff, 
0x98, 0x64, 0x5b, 0xff, 0x75, 0x4a, 0x44, 0xff, 0x6b, 0x42, 0x3b, 0xff, 0x77, 0x4c, 0x44, 0xff, 
0x69, 0x42, 0x3d, 0xff, 0x71, 0x48, 0x43, 0xff, 0x72, 0x4c, 0x46, 0xff, 0x5e, 0x3d, 0x37, 0xff, 
0x8d, 0x5c, 0x4e, 0xff, 0x9d, 0x63, 0x53, 0xff, 0x97, 0x63, 0x53, 0xff, 0xb2, 0x80, 0x6d, 0xff, 
0xbd, 0x88, 0x74, 0xff, 0xc4, 0x95, 0x7e, 0xff, 0xc7, 0xa0, 0x8d, 0xff, 0xc9, 0xa4, 0x92, 0xff, 
0xc5, 0x9d, 0x8c, 0xff, 0xbd, 0x91, 0x7f, 0xff, 0xc3, 0x97, 0x83, 0xff, 0xc9, 0x9f, 0x8d, 0xff, 
0xcc, 0xa6, 0x99, 0xff, 0xc6, 0x9b, 0x88, 0xff, 0xdb, 0xb6, 0xa1, 0xff, 0xd0, 0xa8, 0x97, 0xff, 
0xc8, 0x96, 0x82, 0xff, 0xb9, 0x7a, 0x66, 0xff, 0xb5, 0x6f, 0x5b, 0xff, 0xb3, 0x6b, 0x57, 0xff, 
0xc7, 0x98, 0x88, 0xff, 0xd3, 0xb4, 0xa3, 0xff, 0x9c, 0x67, 0x56, 0xff, 0x7e, 0x3f, 0x2f, 0xff, 
0xa6, 0x75, 0x66, 0xff, 0xd8, 0xb4, 0xa9, 0xff, 0xdc, 0xc0, 0xb3, 0xff, 0xcd, 0xb0, 0xa0, 0xff, 
0xdd, 0xc8, 0xbc, 0xff, 0xbe, 0xa0, 0x91, 0xff, 0xbe, 0x9d, 0x8d, 0xff, 0xc9, 0xaf, 0xa0, 0xff, 
0xcb, 0xa9, 0x9c, 0xff, 0xb4, 0x8e, 0x7f, 0xff, 0xb1, 0x86, 0x74, 0xff, 0x8e, 0x63, 0x56, 0xff, 
0xa9, 0x85, 0x77, 0xff, 0xbe, 0x9b, 0x8d, 0xff, 0xc2, 0xa0, 0x94, 0xff, 0xd1, 0xb8, 0xab, 0xff, 
0xec, 0xdd, 0xd4, 0xff, 0xe5, 0xd0, 0xc7, 0xff, 0xce, 0xad, 0xa3, 0xff, 0xe6, 0xd3, 0xc9, 0xff, 
0xe6, 0xd4, 0xc9, 0xff, 0xe3, 0xce, 0xc4, 0xff, 0xe1, 0xcb, 0xc0, 0xff, 0xdc, 0xc5, 0xb9, 0xff, 
0xcb, 0xad, 0xa0, 0xff, 0xea, 0xd8, 0xce, 0xff, 0xfe, 0xf8, 0xef, 0xff, 0xed, 0xce, 0xbb, 0xff, 
0xe2, 0xb7, 0xa0, 0xff, 0xd3, 0xa1, 0x88, 0xff, 0xd3, 0x9a, 0x85, 0xff, 0xd8, 0x9b, 0x85, 0xff, 
0xd9, 0xa9, 0x93, 0xff, 0xcb, 0x9e, 0x8c, 0xff, 0xcf, 0x9f, 0x8b, 0xff, 0xc7, 0x8f, 0x7b, 0xff, 
0xc6, 0x8f, 0x7a, 0xff, 0xc3, 0x93, 0x7f, 0xff, 0xb0, 0x80, 0x69, 0xff, 0xd6, 0x9c, 0x85, 0xff, 
0xca, 0x89, 0x77, 0xff, 0xc8, 0x97, 0x82, 0xff, 0xd0, 0xa4, 0x8d, 0xff, 0xba, 0x85, 0x72, 0xff, 
0xb7, 0x84, 0x72, 0xff, 0xbb, 0x8e, 0x79, 0xff, 0xa1, 0x74, 0x65, 0xff, 0xa7, 0x75, 0x67, 0xff, 
0xbd, 0x92, 0x7f, 0xff, 0xce, 0xa7, 0x94, 0xff, 0xdd, 0xb5, 0xa3, 0xff, 0xb2, 0x84, 0x72, 0xff, 
0x90, 0x60, 0x53, 0xff, 0xbb, 0x82, 0x74, 0xff, 0xd2, 0xa5, 0x91, 0xff, 0xbc, 0x8b, 0x79, 0xff, 
0xbd, 0x8d, 0x7a, 0xff, 0xcf, 0xa3, 0x8e, 0xff, 0xd4, 0xa4, 0x8e, 0xff, 0xd4, 0x9c, 0x8a, 0xff, 
0xda, 0xa7, 0x91, 0xff, 0xca, 0x97, 0x82, 0xff, 0xcb, 0x93, 0x83, 0xff, 0xd8, 0x9c, 0x8f, 0xff, 
0xec, 0xb9, 0xa6, 0xff, 0xe5, 0xae, 0x9b, 0xff, 0xdc, 0xb0, 0x9b, 0xff, 0xce, 0x9f, 0x8e, 0xff, 
0xc7, 0x8c, 0x80, 0xff, 0xcb, 0x90, 0x7f, 0xff, 0xce, 0x91, 0x81, 0xff, 0xc9, 0x8d, 0x7d, 0xff, 
0xbc, 0x80, 0x71, 0xff, 0xb0, 0x75, 0x65, 0xff, 0xc0, 0x82, 0x75, 0xff, 0xba, 0x7b, 0x6e, 0xff, 
0xcd, 0x95, 0x83, 0xff, 0xea, 0xb0, 0xa1, 0xff, 0xd7, 0x99, 0x8c, 0xff, 0xe0, 0xa5, 0x97, 0xff, 
0xf3, 0xc5, 0xb4, 0xff, 0xf5, 0xc8, 0xb7, 0xff, 0xe5, 0xa8, 0x99, 0xff, 0xdc, 0xa0, 0x92, 0xff, 
0xf1, 0xb7, 0xa8, 0xff, 0xe4, 0xa9, 0x9a, 0xff, 0xcf, 0x93, 0x86, 0xff, 0xd4, 0x9c, 0x90, 0xff, 
0xcc, 0x8e, 0x83, 0xff, 0xe5, 0xb4, 0xa6, 0xff, 0xf0, 0xba, 0xac, 0xff, 0xe1, 0xa5, 0x97, 0xff, 
0xdf, 0xa3, 0x95, 0xff, 0xf1, 0xb6, 0xa7, 0xff, 0xd5, 0x9c, 0x8e, 0xff, 0xc9, 0x8d, 0x7e, 0xff, 
0xf5, 0xbf, 0xae, 0xff, 0xf6, 0xc4, 0xb3, 0xff, 0xd6, 0x9f, 0x90, 0xff, 0xc0, 0x92, 0x84, 0xff, 
0xb2, 0x96, 0x8d, 0xff, 0xdc, 0xb1, 0xa4, 0xff, 0xe9, 0xad, 0xa1, 0xff, 0xd6, 0xa0, 0x93, 0xff, 
0xd8, 0xb0, 0x9c, 0xff, 0xe5, 0xbb, 0xa8, 0xff, 0xef, 0xd7, 0xc5, 0xff, 0xd4, 0xb3, 0xa2, 0xff, 
0xda, 0xac, 0x98, 0xff, 0xc6, 0x8d, 0x7f, 0xff, 0xcb, 0xa2, 0x94, 0xff, 0xe1, 0xb2, 0x9f, 0xff, 
0xf7, 0xe6, 0xdc, 0xff, 0xdd, 0xcf, 0xc3, 0xff, 0xae, 0x78, 0x67, 0xff, 0xd9, 0xab, 0xa1, 0xff, 
0xd9, 0xa9, 0x9d, 0xff, 0xc8, 0x84, 0x77, 0xff, 0xce, 0x8e, 0x83, 0xff, 0xcb, 0x9d, 0x89, 0xff, 
0xd2, 0xa4, 0x95, 0xff, 0xcd, 0x9a, 0x8e, 0xff, 0xf2, 0xe6, 0xd9, 0xff, 0xdd, 0xa8, 0x98, 0xff, 
0xd1, 0x91, 0x82, 0xff, 0xdc, 0xb9, 0xa2, 0xff, 0xd3, 0xaa, 0x94, 0xff, 0xcb, 0x98, 0x86, 0xff, 
0xc8, 0x9a, 0x88, 0xff, 0xb6, 0x87, 0x79, 0xff, 0xa5, 0x78, 0x68, 0xff, 0xc8, 0x94, 0x85, 0xff, 
0xe5, 0xae, 0xa1, 0xff, 0xcc, 0x8f, 0x83, 0xff, 0xcf, 0x95, 0x86, 0xff, 0xcc, 0x94, 0x86, 0xff, 
0xc6, 0x98, 0x88, 0xff, 0xc9, 0x98, 0x88, 0xff, 0xd3, 0x9d, 0x8d, 0xff, 0xce, 0x9d, 0x8f, 0xff, 
0xc5, 0x9a, 0x8d, 0xff, 0xb6, 0x8e, 0x83, 0xff, 0x8c, 0x5f, 0x56, 0xff, 0xd0, 0xb0, 0xa5, 0xff, 
0xe2, 0xbc, 0xb1, 0xff, 0xbf, 0x82, 0x76, 0xff, 0xcf, 0x99, 0x8e, 0xff, 0xe6, 0xb5, 0xa7, 0xff, 
0xcb, 0x9e, 0x8f, 0xff, 0xa9, 0x7e, 0x70, 0xff, 0xb6, 0x90, 0x85, 0xff, 0xd4, 0xaf, 0xa4, 0xff, 
0xdc, 0xb9, 0xad, 0xff, 0xae, 0x7d, 0x71, 0xff, 0xcb, 0xaa, 0xa0, 0xff, 0xf7, 0xe6, 0xde, 0xff, 
0xf1, 0xda, 0xcd, 0xff, 0xe1, 0xb6, 0xa7, 0xff, 0xc7, 0x9a, 0x8d, 0xff, 0xbb, 0x8e, 0x7f, 0xff, 
0xd8, 0xaf, 0xa1, 0xff, 0xf6, 0xdb, 0xcd, 0xff, 0xe9, 0xc2, 0xb2, 0xff, 0xe8, 0xc5, 0xb7, 0xff, 
0xea, 0xc9, 0xb7, 0xff, 0xe5, 0xbb, 0xa7, 0xff, 0xe5, 0xba, 0xa5, 0xff, 0xe5, 0xb9, 0xa1, 0xff, 
0xed, 0xca, 0xb1, 0xff, 0xe0, 0xae, 0x93, 0xff, 0xba, 0x78, 0x65, 0xff, 0xa3, 0x67, 0x57, 0xff, 
0x92, 0x62, 0x53, 0xff, 0x94, 0x65, 0x57, 0xff, 0xc7, 0x89, 0x7b, 0xff, 0xd7, 0x98, 0x8c, 0xff, 
0xc9, 0x88, 0x7c, 0xff, 0xbe, 0x84, 0x73, 0xff, 0xae, 0x7c, 0x67, 0xff, 0xba, 0x85, 0x6e, 0xff, 
0xd2, 0x98, 0x7b, 0xff, 0xca, 0x8f, 0x74, 0xff, 0xc0, 0x88, 0x6f, 0xff, 0xce, 0x9a, 0x7f, 0xff, 
0xcf, 0x9b, 0x81, 0xff, 0xcc, 0x9c, 0x81, 0xff, 0xb8, 0x89, 0x73, 0xff, 0x7b, 0x50, 0x48, 0xff, 
0x84, 0x58, 0x4f, 0xff, 0xae, 0x73, 0x60, 0xff, 0xbf, 0x82, 0x6b, 0xff, 0xb9, 0x7e, 0x69, 0xff, 
0x71, 0x4b, 0x42, 0xff, 0x68, 0x45, 0x3e, 0xff, 0x67, 0x41, 0x3a, 0xff, 0x9a, 0x5d, 0x4c, 0xff, 
0x87, 0x4f, 0x3f, 0xff, 0x5e, 0x3d, 0x39, 0xff, 0x52, 0x36, 0x35, 0xff, 0x56, 0x37, 0x30, 0xff, 
0x60, 0x3d, 0x34, 0xff, 0x94, 0x56, 0x44, 0xff, 0x88, 0x4b, 0x3d, 0xff, 0x9f, 0x75, 0x6e, 0xff, 
0xb9, 0x8b, 0x84, 0xff, 0xcf, 0xa2, 0x96, 0xff, 0xd3, 0xa5, 0x98, 0xff, 0xa7, 0x73, 0x69, 0xff, 
0xaf, 0x7f, 0x76, 0xff, 0xb8, 0x85, 0x7d, 0xff, 0xab, 0x6f, 0x63, 0xff, 0x9e, 0x64, 0x53, 0xff, 
0xa4, 0x68, 0x5a, 0xff, 0x83, 0x55, 0x50, 0xff, 0x7b, 0x4b, 0x41, 0xff, 0x80, 0x4e, 0x41, 0xff, 
0x77, 0x47, 0x3a, 0xff, 0x87, 0x51, 0x44, 0xff, 0x5f, 0x3c, 0x35, 0xff, 0x5e, 0x3d, 0x37, 0xff, 
0x6f, 0x49, 0x46, 0xff, 0x65, 0x3d, 0x38, 0xff, 0x79, 0x4a, 0x41, 0xff, 0x78, 0x4a, 0x45, 0xff, 
0x8a, 0x59, 0x53, 0xff, 0x6e, 0x41, 0x3d, 0xff, 0x6b, 0x40, 0x3a, 0xff, 0x70, 0x43, 0x3e, 0xff, 
0x6f, 0x43, 0x3d, 0xff, 0x74, 0x4b, 0x44, 0xff, 0x7e, 0x55, 0x4b, 0xff, 0x82, 0x59, 0x4c, 0xff, 
0x96, 0x61, 0x55, 0xff, 0x95, 0x5c, 0x4f, 0xff, 0xa3, 0x6d, 0x5b, 0xff, 0xaa, 0x7a, 0x64, 0xff, 
0xab, 0x78, 0x61, 0xff, 0xb1, 0x7a, 0x69, 0xff, 0xc1, 0x90, 0x7f, 0xff, 0xc7, 0x9d, 0x87, 0xff, 
0xc6, 0x99, 0x86, 0xff, 0xc1, 0x90, 0x7b, 0xff, 0xb7, 0x83, 0x6d, 0xff, 0xbc, 0x8a, 0x75, 0xff, 
0xc2, 0x90, 0x7f, 0xff, 0xd5, 0xae, 0x9d, 0xff, 0xe1, 0xbd, 0xa9, 0xff, 0xc7, 0x98, 0x84, 0xff, 
0xc0, 0x8f, 0x7b, 0xff, 0xc2, 0x8d, 0x7a, 0xff, 0xaa, 0x65, 0x53, 0xff, 0xaa, 0x6d, 0x5d, 0xff, 
0xd8, 0xb1, 0xa0, 0xff, 0xd0, 0xa5, 0x91, 0xff, 0xac, 0x87, 0x76, 0xff, 0x8d, 0x64, 0x53, 0xff, 
0xb0, 0x8c, 0x7a, 0xff, 0xde, 0xb4, 0xa3, 0xff, 0xdd, 0xb1, 0xa2, 0xff, 0xb2, 0x90, 0x82, 0xff, 
0xbc, 0x9f, 0x92, 0xff, 0xd5, 0xb6, 0xa9, 0xff, 0xc8, 0xa5, 0x94, 0xff, 0xc6, 0xa0, 0x8d, 0xff, 
0xab, 0x85, 0x73, 0xff, 0x9f, 0x7a, 0x6b, 0xff, 0xa5, 0x7c, 0x6e, 0xff, 0x96, 0x6d, 0x5f, 0xff, 
0xaf, 0x8a, 0x79, 0xff, 0xd8, 0xbd, 0xad, 0xff, 0xed, 0xdb, 0xd1, 0xff, 0xf1, 0xe1, 0xd7, 0xff, 
0xec, 0xda, 0xcd, 0xff, 0xc3, 0x9a, 0x8d, 0xff, 0xa8, 0x78, 0x6d, 0xff, 0xd4, 0xbe, 0xb1, 0xff, 
0xf0, 0xe3, 0xd8, 0xff, 0xef, 0xe2, 0xd8, 0xff, 0xfb, 0xf2, 0xe7, 0xff, 0xfb, 0xf9, 0xf5, 0xff, 
0xfb, 0xf9, 0xf4, 0xff, 0xfa, 0xf5, 0xed, 0xff, 0xf9, 0xee, 0xe2, 0xff, 0xea, 0xc9, 0xb5, 0xff, 
0xe0, 0xb0, 0x95, 0xff, 0xc8, 0x97, 0x7f, 0xff, 0xb8, 0x87, 0x73, 0xff, 0xbb, 0x88, 0x78, 0xff, 
0xc8, 0xa0, 0x8d, 0xff, 0xb0, 0x87, 0x76, 0xff, 0xb5, 0x89, 0x74, 0xff, 0xd1, 0xa5, 0x8e, 0xff, 
0xc6, 0x9b, 0x84, 0xff, 0xab, 0x77, 0x65, 0xff, 0xba, 0x86, 0x70, 0xff, 0xc2, 0x8d, 0x7b, 0xff, 
0xb9, 0x7e, 0x6e, 0xff, 0xc2, 0x92, 0x7b, 0xff, 0xc6, 0x9c, 0x84, 0xff, 0xa5, 0x6f, 0x5b, 0xff, 
0xa4, 0x73, 0x5e, 0xff, 0xa6, 0x78, 0x62, 0xff, 0xab, 0x80, 0x6e, 0xff, 0xae, 0x82, 0x74, 0xff, 
0xb2, 0x84, 0x73, 0xff, 0xc0, 0x92, 0x7d, 0xff, 0xce, 0xa5, 0x91, 0xff, 0xb6, 0x89, 0x77, 0xff, 
0xbb, 0x8b, 0x78, 0xff, 0xc7, 0xa2, 0x8e, 0xff, 0xc2, 0x9c, 0x88, 0xff, 0xc9, 0x9b, 0x87, 0xff, 
0xe2, 0xb8, 0x9f, 0xff, 0xd9, 0xac, 0x93, 0xff, 0xd6, 0xa5, 0x8a, 0xff, 0xb8, 0x8b, 0x77, 0xff, 
0x9a, 0x6f, 0x5f, 0xff, 0xa1, 0x6f, 0x62, 0xff, 0xa4, 0x71, 0x66, 0xff, 0xc7, 0x9a, 0x88, 0xff, 
0xe4, 0xbd, 0xa3, 0xff, 0xe6, 0xbe, 0xa8, 0xff, 0xdc, 0xb1, 0x9f, 0xff, 0xd9, 0xa9, 0x93, 0xff, 
0xd5, 0xa1, 0x8e, 0xff, 0xc0, 0x8c, 0x7a, 0xff, 0xc1, 0x88, 0x76, 0xff, 0xcb, 0x90, 0x7f, 0xff, 
0xd8, 0x9b, 0x8b, 0xff, 0xc8, 0x8e, 0x7e, 0xff, 0xc8, 0x8d, 0x80, 0xff, 0xd9, 0x9e, 0x8e, 0xff, 
0xe5, 0xa7, 0x98, 0xff, 0xdb, 0x9b, 0x8e, 0xff, 0xe1, 0xab, 0x9c, 0xff, 0xf6, 0xd3, 0xc4, 0xff, 
0xf6, 0xd3, 0xc2, 0xff, 0xf3, 0xc6, 0xb4, 0xff, 0xe1, 0xaf, 0xa3, 0xff, 0xe3, 0xa4, 0x98, 0xff, 
0xf8, 0xc6, 0xb7, 0xff, 0xe6, 0xaf, 0xa0, 0xff, 0xd6, 0x96, 0x88, 0xff, 0xd3, 0x99, 0x8c, 0xff, 
0xcd, 0x8e, 0x83, 0xff, 0xe8, 0xb9, 0xab, 0xff, 0xf2, 0xc9, 0xba, 0xff, 0xeb, 0xb1, 0xa4, 0xff, 
0xee, 0xb6, 0xa5, 0xff, 0xea, 0xb0, 0xa3, 0xff, 0xd2, 0x97, 0x87, 0xff, 0xe4, 0xa9, 0x97, 0xff, 
0xff, 0xcc, 0xbd, 0xff, 0xda, 0xa1, 0x95, 0xff, 0xa7, 0x6f, 0x62, 0xff, 0xaa, 0x73, 0x69, 0xff, 
0xc7, 0x8c, 0x81, 0xff, 0xbc, 0x83, 0x77, 0xff, 0xd8, 0xa2, 0x95, 0xff, 0xdc, 0x9f, 0x92, 0xff, 
0xd3, 0x99, 0x8c, 0xff, 0xd6, 0xa3, 0x95, 0xff, 0xe5, 0xc4, 0xb5, 0xff, 0xf7, 0xe2, 0xd2, 0xff, 
0xe4, 0xb5, 0xa3, 0xff, 0xdc, 0xaa, 0x9b, 0xff, 0xff, 0xf6, 0xec, 0xff, 0xec, 0xd1, 0xc2, 0xff, 
0xe9, 0xc9, 0xbe, 0xff, 0xec, 0xdf, 0xd4, 0xff, 0xd8, 0xaa, 0x9a, 0xff, 0xe7, 0xba, 0xac, 0xff, 
0xef, 0xe2, 0xd5, 0xff, 0xde, 0xba, 0xac, 0xff, 0xbd, 0x7d, 0x72, 0xff, 0xcd, 0xa3, 0x94, 0xff, 
0xe1, 0xbb, 0xaa, 0xff, 0xc3, 0x8a, 0x79, 0xff, 0xc9, 0xa1, 0x90, 0xff, 0xf2, 0xdd, 0xcd, 0xff, 
0xdf, 0xb9, 0xab, 0xff, 0xcd, 0x9c, 0x8c, 0xff, 0xf6, 0xeb, 0xdc, 0xff, 0xda, 0xb4, 0xa1, 0xff, 
0xc0, 0x88, 0x77, 0xff, 0xaa, 0x74, 0x68, 0xff, 0xa0, 0x6a, 0x5c, 0xff, 0xb3, 0x77, 0x69, 0xff, 
0xd7, 0xa8, 0x9a, 0xff, 0xe4, 0xbc, 0xb0, 0xff, 0xd4, 0x9a, 0x8f, 0xff, 0xd8, 0x9a, 0x8d, 0xff, 
0xd4, 0xa5, 0x95, 0xff, 0xda, 0xb4, 0xa2, 0xff, 0xdc, 0xac, 0x9b, 0xff, 0xe0, 0xb6, 0xa8, 0xff, 
0xdc, 0xb1, 0xa3, 0xff, 0xe9, 0xca, 0xbc, 0xff, 0x7b, 0x59, 0x4f, 0xff, 0x76, 0x5a, 0x53, 0xff, 
0xe9, 0xcf, 0xc3, 0xff, 0xcf, 0x96, 0x88, 0xff, 0xbf, 0x87, 0x7c, 0xff, 0xd9, 0xac, 0x9e, 0xff, 
0xbf, 0x8e, 0x81, 0xff, 0xb2, 0x7f, 0x74, 0xff, 0xb2, 0x85, 0x7a, 0xff, 0xe3, 0xc8, 0xbe, 0xff, 
0xe7, 0xcc, 0xc2, 0xff, 0xdb, 0xbc, 0xb2, 0xff, 0xdd, 0xbd, 0xb4, 0xff, 0xe6, 0xc7, 0xbc, 0xff, 
0xf3, 0xda, 0xcd, 0xff, 0xf5, 0xd5, 0xc7, 0xff, 0xd8, 0xa8, 0x96, 0xff, 0xbc, 0x8f, 0x81, 0xff, 
0xba, 0x95, 0x8b, 0xff, 0xde, 0xbc, 0xae, 0xff, 0xf6, 0xdc, 0xcb, 0xff, 0xf8, 0xe5, 0xd7, 0xff, 
0xef, 0xd5, 0xca, 0xff, 0xdd, 0xaa, 0x97, 0xff, 0xe0, 0xa8, 0x92, 0xff, 0xdd, 0xab, 0x94, 0xff, 
0xdc, 0xa5, 0x8b, 0xff, 0xda, 0x9d, 0x80, 0xff, 0xc9, 0x8d, 0x72, 0xff, 0xb1, 0x75, 0x60, 0xff, 
0x9d, 0x66, 0x55, 0xff, 0x9e, 0x68, 0x59, 0xff, 0xcc, 0x8d, 0x80, 0xff, 0xcf, 0x92, 0x86, 0xff, 
0xbc, 0x81, 0x71, 0xff, 0xb8, 0x88, 0x74, 0xff, 0xb7, 0x87, 0x73, 0xff, 0xb6, 0x7d, 0x68, 0xff, 
0xb2, 0x7c, 0x68, 0xff, 0xc6, 0x8f, 0x74, 0xff, 0xc9, 0x8f, 0x74, 0xff, 0xc7, 0x8f, 0x75, 0xff, 
0xc6, 0x8f, 0x76, 0xff, 0xbe, 0x86, 0x6e, 0xff, 0xab, 0x78, 0x65, 0xff, 0x92, 0x63, 0x56, 0xff, 
0x69, 0x43, 0x3e, 0xff, 0x6d, 0x40, 0x38, 0xff, 0xc0, 0x82, 0x69, 0xff, 0xc4, 0x86, 0x6c, 0xff, 
0x84, 0x57, 0x4b, 0xff, 0x6c, 0x49, 0x40, 0xff, 0x70, 0x41, 0x36, 0xff, 0x97, 0x5c, 0x4d, 0xff, 
0xb9, 0x7f, 0x6f, 0xff, 0xb6, 0x88, 0x7c, 0xff, 0xb8, 0x8e, 0x87, 0xff, 0x71, 0x4e, 0x49, 0xff, 
0x6f, 0x4a, 0x45, 0xff, 0x8d, 0x54, 0x43, 0xff, 0x8b, 0x56, 0x44, 0xff, 0xc3, 0x96, 0x8c, 0xff, 
0xcd, 0x9f, 0x95, 0xff, 0xd3, 0xa7, 0x9b, 0xff, 0xd4, 0xa8, 0x9e, 0xff, 0xa8, 0x78, 0x6f, 0xff, 
0xc5, 0x8e, 0x82, 0xff, 0xc0, 0x86, 0x7b, 0xff, 0x99, 0x60, 0x55, 0xff, 0x8f, 0x53, 0x48, 0xff, 
0x9e, 0x5e, 0x52, 0xff, 0x8b, 0x56, 0x49, 0xff, 0x94, 0x5e, 0x4e, 0xff, 0x9f, 0x61, 0x50, 0xff, 
0x80, 0x4d, 0x40, 0xff, 0x76, 0x47, 0x3c, 0xff, 0x5c, 0x3c, 0x36, 0xff, 0x51, 0x35, 0x30, 0xff, 
0x67, 0x42, 0x3e, 0xff, 0x69, 0x41, 0x3b, 0xff, 0x6f, 0x45, 0x3d, 0xff, 0x93, 0x5f, 0x57, 0xff, 
0x89, 0x54, 0x4d, 0xff, 0x69, 0x3c, 0x39, 0xff, 0x6a, 0x41, 0x3a, 0xff, 0x72, 0x44, 0x3c, 0xff, 
0x7c, 0x4f, 0x44, 0xff, 0x95, 0x64, 0x54, 0xff, 0x91, 0x5f, 0x50, 0xff, 0xa4, 0x70, 0x5e, 0xff, 
0x9a, 0x67, 0x57, 0xff, 0x94, 0x61, 0x54, 0xff, 0xaa, 0x76, 0x66, 0xff, 0xa3, 0x71, 0x61, 0xff, 
0xa5, 0x74, 0x62, 0xff, 0xaa, 0x74, 0x61, 0xff, 0xb8, 0x84, 0x6f, 0xff, 0xbd, 0x8b, 0x74, 0xff, 
0xb4, 0x80, 0x6b, 0xff, 0xb2, 0x79, 0x66, 0xff, 0xaf, 0x76, 0x64, 0xff, 0xae, 0x76, 0x62, 0xff, 
0xaf, 0x78, 0x66, 0xff, 0xcb, 0x9c, 0x8c, 0xff, 0xc1, 0x91, 0x7f, 0xff, 0xbe, 0x8f, 0x7c, 0xff, 
0xca, 0x9f, 0x8d, 0xff, 0xca, 0x9b, 0x88, 0xff, 0xb5, 0x73, 0x60, 0xff, 0x9c, 0x59, 0x49, 0xff, 
0xcc, 0x9e, 0x8c, 0xff, 0xca, 0x91, 0x7a, 0xff, 0xcb, 0x9a, 0x87, 0xff, 0xc7, 0x8d, 0x75, 0xff, 
0xb3, 0x71, 0x5c, 0xff, 0xcc, 0xa2, 0x8f, 0xff, 0xc8, 0x9e, 0x8c, 0xff, 0xb5, 0x8a, 0x7b, 0xff, 
0xb6, 0x90, 0x80, 0xff, 0xa7, 0x83, 0x75, 0xff, 0xa1, 0x7e, 0x6f, 0xff, 0xc2, 0xa6, 0x94, 0xff, 
0xe0, 0xbc, 0xa8, 0xff, 0xca, 0xa5, 0x92, 0xff, 0x98, 0x6a, 0x5e, 0xff, 0x9d, 0x6f, 0x60, 0xff, 
0xb6, 0x90, 0x7d, 0xff, 0xed, 0xd1, 0xc3, 0xff, 0xfa, 0xe8, 0xde, 0xff, 0xe5, 0xcf, 0xc3, 0xff, 
0xe1, 0xc8, 0xba, 0xff, 0xc6, 0xa4, 0x95, 0xff, 0xc4, 0xa0, 0x91, 0xff, 0xde, 0xc1, 0xb2, 0xff, 
0xec, 0xd5, 0xc6, 0xff, 0xe5, 0xd2, 0xc6, 0xff, 0xf0, 0xe3, 0xdb, 0xff, 0xf9, 0xed, 0xe5, 0xff, 
0xef, 0xdc, 0xd1, 0xff, 0xe7, 0xcb, 0xbc, 0xff, 0xe6, 0xc8, 0xb4, 0xff, 0xe2, 0xb7, 0x9f, 0xff, 
0xd0, 0xa0, 0x88, 0xff, 0xd2, 0xad, 0x98, 0xff, 0xc1, 0x99, 0x87, 0xff, 0xa1, 0x75, 0x67, 0xff, 
0xca, 0xa4, 0x90, 0xff, 0xa1, 0x71, 0x61, 0xff, 0x9c, 0x6f, 0x5e, 0xff, 0xeb, 0xc5, 0xac, 0xff, 
0xbe, 0x8d, 0x7a, 0xff, 0xa9, 0x72, 0x63, 0xff, 0xcd, 0x96, 0x83, 0xff, 0xb3, 0x7d, 0x71, 0xff, 
0xb2, 0x7c, 0x6a, 0xff, 0xbd, 0x8c, 0x75, 0xff, 0xb4, 0x83, 0x6e, 0xff, 0xbf, 0x87, 0x72, 0xff, 
0xab, 0x7b, 0x67, 0xff, 0x8e, 0x5c, 0x4d, 0xff, 0xb6, 0x88, 0x74, 0xff, 0xbc, 0x92, 0x81, 0xff, 
0xb6, 0x89, 0x79, 0xff, 0xc1, 0x95, 0x81, 0xff, 0xbf, 0x91, 0x7f, 0xff, 0xc9, 0x9b, 0x89, 0xff, 
0xb9, 0x8c, 0x7a, 0xff, 0xd5, 0xb1, 0x9b, 0xff, 0xbd, 0x91, 0x7d, 0xff, 0xbb, 0x8f, 0x7e, 0xff, 
0xd1, 0xaa, 0x94, 0xff, 0xc9, 0x98, 0x7f, 0xff, 0xd7, 0xa2, 0x86, 0xff, 0xce, 0x9e, 0x84, 0xff, 
0x93, 0x6b, 0x5a, 0xff, 0xa1, 0x75, 0x64, 0xff, 0x94, 0x6d, 0x5d, 0xff, 0xb0, 0x8a, 0x78, 0xff, 
0xe4, 0xbc, 0xa5, 0xff, 0xdc, 0xb3, 0xa1, 0xff, 0xe8, 0xba, 0xa3, 0xff, 0xde, 0xae, 0x96, 0xff, 
0xde, 0xac, 0x96, 0xff, 0xd5, 0xa5, 0x90, 0xff, 0xcc, 0x9e, 0x87, 0xff, 0xba, 0x85, 0x75, 0xff, 
0xc0, 0x88, 0x79, 0xff, 0xc9, 0x95, 0x85, 0xff, 0xd7, 0x9c, 0x8d, 0xff, 0xe2, 0xa8, 0x98, 0xff, 
0xda, 0x98, 0x8c, 0xff, 0xe0, 0xa1, 0x94, 0xff, 0xf9, 0xd4, 0xc3, 0xff, 0xf7, 0xdd, 0xcd, 0xff, 
0xf5, 0xcf, 0xbe, 0xff, 0xee, 0xb9, 0xa8, 0xff, 0xec, 0xc4, 0xb6, 0xff, 0xf2, 0xcb, 0xbc, 0xff, 
0xf6, 0xd3, 0xc4, 0xff, 0xf0, 0xcc, 0xbf, 0xff, 0xdb, 0xa7, 0x99, 0xff, 0xd6, 0x9a, 0x8b, 0xff, 
0xda, 0x99, 0x8c, 0xff, 0xef, 0xc5, 0xb6, 0xff, 0xf2, 0xd4, 0xc3, 0xff, 0xee, 0xbd, 0xad, 0xff, 
0xe9, 0xbd, 0xae, 0xff, 0xe0, 0xaa, 0x9d, 0xff, 0xe7, 0xa7, 0x98, 0xff, 0xfa, 0xc6, 0xb5, 0xff, 
0xde, 0xa8, 0x9a, 0xff, 0xa6, 0x6c, 0x62, 0xff, 0xb2, 0x7b, 0x71, 0xff, 0xbf, 0x87, 0x7b, 0xff, 
0xbe, 0x87, 0x7a, 0xff, 0xb1, 0x79, 0x6f, 0xff, 0xbf, 0x87, 0x7a, 0xff, 0xdb, 0xa0, 0x90, 0xff, 
0xca, 0x8b, 0x7f, 0xff, 0xb4, 0x7a, 0x71, 0xff, 0xc1, 0x84, 0x79, 0xff, 0xd1, 0x9e, 0x8f, 0xff, 
0xc9, 0x8f, 0x81, 0xff, 0xe8, 0xbf, 0xb0, 0xff, 0xff, 0xf9, 0xee, 0xff, 0xe9, 0xc8, 0xba, 0xff, 
0xd4, 0xa5, 0x97, 0xff, 0xe1, 0xcd, 0xc1, 0xff, 0xd2, 0xa4, 0x95, 0xff, 0xe8, 0xca, 0xb9, 0xff, 
0xe7, 0xd0, 0xc4, 0xff, 0xe7, 0xd2, 0xc8, 0xff, 0xe8, 0xd0, 0xc0, 0xff, 0xd5, 0xb1, 0xa2, 0xff, 
0xf2, 0xe5, 0xda, 0xff, 0xdc, 0xc2, 0xb2, 0xff, 0xd1, 0xa8, 0x95, 0xff, 0xe0, 0xbe, 0xb0, 0xff, 
0xe2, 0xc8, 0xb7, 0xff, 0xdf, 0xbb, 0xac, 0xff, 0xde, 0xb9, 0xab, 0xff, 0xda, 0xb7, 0xa2, 0xff, 
0xcf, 0x9a, 0x87, 0xff, 0xbd, 0x83, 0x73, 0xff, 0xa9, 0x6e, 0x61, 0xff, 0xbc, 0x81, 0x75, 0xff, 
0xd2, 0xa4, 0x95, 0xff, 0xdd, 0xb0, 0xa2, 0xff, 0xe2, 0xab, 0x9e, 0xff, 0xe1, 0xa6, 0x98, 0xff, 
0xd8, 0xa3, 0x94, 0xff, 0xd2, 0x9c, 0x8d, 0xff, 0xd0, 0x99, 0x8a, 0xff, 0xc6, 0x8f, 0x81, 0xff, 
0xdd, 0xba, 0xae, 0xff, 0xec, 0xd3, 0xc9, 0xff, 0xcb, 0x9e, 0x91, 0xff, 0x9f, 0x6b, 0x5e, 0xff, 
0xaf, 0x7d, 0x72, 0xff, 0xb5, 0x84, 0x7a, 0xff, 0x9f, 0x69, 0x5f, 0xff, 0xc6, 0x99, 0x8c, 0xff, 
0xd1, 0xa1, 0x95, 0xff, 0xd1, 0x99, 0x8d, 0xff, 0xc6, 0x89, 0x7b, 0xff, 0xd5, 0xa9, 0x9e, 0xff, 
0xf7, 0xe3, 0xd9, 0xff, 0xe8, 0xce, 0xc1, 0xff, 0xd8, 0xb4, 0xa9, 0xff, 0xd4, 0xaf, 0xa4, 0xff, 
0xfc, 0xec, 0xe2, 0xff, 0xe7, 0xc4, 0xb5, 0xff, 0xc8, 0x88, 0x76, 0xff, 0xc6, 0x86, 0x70, 0xff, 
0xc5, 0x91, 0x7e, 0xff, 0xd0, 0xaa, 0x9c, 0xff, 0xf6, 0xdf, 0xd0, 0xff, 0xf5, 0xdc, 0xce, 0xff, 
0xe9, 0xc5, 0xb6, 0xff, 0xe0, 0xaf, 0x99, 0xff, 0xe6, 0xb2, 0x9f, 0xff, 0xde, 0xa5, 0x96, 0xff, 
0xd9, 0x9b, 0x8c, 0xff, 0xd9, 0x9d, 0x90, 0xff, 0xd7, 0x9b, 0x86, 0xff, 0xcd, 0x94, 0x76, 0xff, 
0xb2, 0x7b, 0x64, 0xff, 0xba, 0x80, 0x71, 0xff, 0xd5, 0x99, 0x8c, 0xff, 0xbf, 0x88, 0x77, 0xff, 
0xba, 0x84, 0x6e, 0xff, 0xac, 0x77, 0x64, 0xff, 0xc7, 0x95, 0x7d, 0xff, 0xde, 0xa6, 0x87, 0xff, 
0xaa, 0x75, 0x63, 0xff, 0xa4, 0x72, 0x61, 0xff, 0xc1, 0x8b, 0x72, 0xff, 0xc2, 0x85, 0x6e, 0xff, 
0xa1, 0x6c, 0x5c, 0xff, 0x9b, 0x67, 0x57, 0xff, 0x99, 0x66, 0x56, 0xff, 0x8f, 0x60, 0x52, 0xff, 
0x7d, 0x51, 0x47, 0xff, 0x4d, 0x2c, 0x2c, 0xff, 0xa6, 0x71, 0x5e, 0xff, 0xd0, 0x92, 0x73, 0xff, 
0x9e, 0x67, 0x54, 0xff, 0x80, 0x4f, 0x42, 0xff, 0x98, 0x5c, 0x4b, 0xff, 0x92, 0x61, 0x56, 0xff, 
0xb5, 0x87, 0x81, 0xff, 0xdd, 0xab, 0x9e, 0xff, 0xda, 0xaa, 0x9e, 0xff, 0xa9, 0x80, 0x79, 0xff, 
0x99, 0x73, 0x6e, 0xff, 0x8b, 0x64, 0x5d, 0xff, 0xa6, 0x7a, 0x70, 0xff, 0xe2, 0xaf, 0xa2, 0xff, 
0xb0, 0x7c, 0x73, 0xff, 0x99, 0x66, 0x5d, 0xff, 0x9b, 0x6c, 0x64, 0xff, 0xa7, 0x74, 0x6c, 0xff, 
0xc8, 0x8e, 0x82, 0xff, 0xab, 0x74, 0x6a, 0xff, 0x94, 0x5c, 0x4d, 0xff, 0x9a, 0x5f, 0x4f, 0xff, 
0x7d, 0x4e, 0x43, 0xff, 0x84, 0x53, 0x45, 0xff, 0xb1, 0x74, 0x62, 0xff, 0x79, 0x50, 0x44, 0xff, 
0x5c, 0x39, 0x32, 0xff, 0x6e, 0x44, 0x3a, 0xff, 0x54, 0x35, 0x30, 0xff, 0x59, 0x36, 0x30, 0xff, 
0x60, 0x3b, 0x33, 0xff, 0x76, 0x4e, 0x47, 0xff, 0x77, 0x4e, 0x49, 0xff, 0x9b, 0x62, 0x59, 0xff, 
0x7d, 0x4a, 0x44, 0xff, 0x68, 0x3d, 0x39, 0xff, 0x74, 0x47, 0x3f, 0xff, 0x8b, 0x5a, 0x4d, 0xff, 
0x91, 0x64, 0x54, 0xff, 0x86, 0x56, 0x47, 0xff, 0x8e, 0x57, 0x48, 0xff, 0x96, 0x62, 0x50, 0xff, 
0x98, 0x67, 0x56, 0xff, 0x99, 0x66, 0x59, 0xff, 0xa2, 0x74, 0x62, 0xff, 0xaf, 0x7b, 0x6a, 0xff, 
0xb0, 0x79, 0x69, 0xff, 0xb4, 0x81, 0x6b, 0xff, 0xb7, 0x82, 0x6c, 0xff, 0xc0, 0x87, 0x73, 0xff, 
0xad, 0x76, 0x61, 0xff, 0xa3, 0x6a, 0x58, 0xff, 0x9c, 0x63, 0x54, 0xff, 0xa1, 0x68, 0x58, 0xff, 
0xaa, 0x71, 0x61, 0xff, 0xae, 0x73, 0x60, 0xff, 0xb9, 0x7d, 0x67, 0xff, 0xcb, 0x94, 0x7d, 0xff, 
0xc2, 0x8b, 0x77, 0xff, 0xbd, 0x87, 0x74, 0xff, 0xbf, 0x82, 0x6d, 0xff, 0xb7, 0x7c, 0x6a, 0xff, 
0xcf, 0xa7, 0x92, 0xff, 0xbb, 0x80, 0x6d, 0xff, 0xae, 0x72, 0x62, 0xff, 0xd2, 0xa5, 0x8f, 0xff, 
0x97, 0x4e, 0x3d, 0xff, 0xab, 0x83, 0x73, 0xff, 0xa5, 0x6e, 0x5c, 0xff, 0xb1, 0x6a, 0x58, 0xff, 
0xbf, 0x82, 0x71, 0xff, 0xc8, 0xa3, 0x91, 0xff, 0xb4, 0x82, 0x70, 0xff, 0x9c, 0x6a, 0x5a, 0xff, 
0xb4, 0x8e, 0x7d, 0xff, 0xcb, 0xa6, 0x96, 0xff, 0xc7, 0xa1, 0x93, 0xff, 0xab, 0x7c, 0x6e, 0xff, 
0xbe, 0x98, 0x86, 0xff, 0xdd, 0xbb, 0xab, 0xff, 0xd8, 0xba, 0xaa, 0xff, 0xda, 0xbf, 0xb3, 0xff, 
0xf2, 0xe1, 0xd5, 0xff, 0xf0, 0xe0, 0xd2, 0xff, 0xe7, 0xce, 0xbf, 0xff, 0xd7, 0xb2, 0xa5, 0xff, 
0xda, 0xba, 0xad, 0xff, 0xe2, 0xcd, 0xc3, 0xff, 0xcf, 0xad, 0x9f, 0xff, 0xe6, 0xc9, 0xba, 0xff, 
0xea, 0xd3, 0xc8, 0xff, 0xe6, 0xcc, 0xbf, 0xff, 0xe1, 0xb7, 0x9e, 0xff, 0xe6, 0xbd, 0xa6, 0xff, 
0xe6, 0xcc, 0xba, 0xff, 0xbf, 0x99, 0x87, 0xff, 0x7f, 0x56, 0x4c, 0xff, 0x8a, 0x61, 0x55, 0xff, 
0xb2, 0x85, 0x74, 0xff, 0xcf, 0xa4, 0x90, 0xff, 0xdf, 0xba, 0xa6, 0xff, 0xec, 0xc1, 0xa8, 0xff, 
0x97, 0x6a, 0x60, 0xff, 0x83, 0x59, 0x50, 0xff, 0xc2, 0x94, 0x82, 0xff, 0xca, 0x93, 0x81, 0xff, 
0xc1, 0x8b, 0x77, 0xff, 0xc3, 0x94, 0x7e, 0xff, 0xc2, 0x93, 0x7a, 0xff, 0xb9, 0x83, 0x6b, 0xff, 
0xa0, 0x70, 0x61, 0xff, 0xb0, 0x7b, 0x6d, 0xff, 0xc9, 0x92, 0x7e, 0xff, 0xb6, 0x83, 0x70, 0xff, 
0xc2, 0x92, 0x7f, 0xff, 0xc8, 0xa0, 0x8e, 0xff, 0xcd, 0xa6, 0x93, 0xff, 0xd4, 0xae, 0x99, 0xff, 
0xda, 0xb8, 0xa3, 0xff, 0xd2, 0xa6, 0x93, 0xff, 0xc8, 0x98, 0x82, 0xff, 0xcf, 0xa5, 0x8e, 0xff, 
0xcb, 0x9d, 0x85, 0xff, 0xc7, 0x96, 0x7d, 0xff, 0xd4, 0xa0, 0x87, 0xff, 0xd5, 0xa2, 0x89, 0xff, 
0xd6, 0xa0, 0x86, 0xff, 0xe6, 0xb3, 0x97, 0xff, 0xbf, 0x99, 0x84, 0xff, 0x74, 0x55, 0x4a, 0xff, 
0xa7, 0x7e, 0x70, 0xff, 0xb5, 0x85, 0x76, 0xff, 0xe3, 0xb6, 0x9c, 0xff, 0xed, 0xc1, 0xa5, 0xff, 
0xe3, 0xb6, 0x9c, 0xff, 0xe0, 0xb1, 0x98, 0xff, 0xde, 0xb3, 0x9a, 0xff, 0xcb, 0x94, 0x84, 0xff, 
0xbb, 0x7f, 0x73, 0xff, 0xc5, 0x8c, 0x80, 0xff, 0xde, 0x9e, 0x8f, 0xff, 0xd6, 0x97, 0x89, 0xff, 
0xce, 0x8d, 0x82, 0xff, 0xf0, 0xc3, 0xb3, 0xff, 0xf4, 0xc6, 0xb5, 0xff, 0xf3, 0xc2, 0xb1, 0xff, 
0xee, 0xbb, 0xab, 0xff, 0xe1, 0xa9, 0x9b, 0xff, 0xe9, 0xad, 0x9d, 0xff, 0xf5, 0xcf, 0xbe, 0xff, 
0xfb, 0xea, 0xda, 0xff, 0xf4, 0xd6, 0xc6, 0xff, 0xeb, 0xb9, 0xa9, 0xff, 0xeb, 0xb1, 0xa2, 0xff, 
0xea, 0xb6, 0xa7, 0xff, 0xf0, 0xc6, 0xb6, 0xff, 0xee, 0xb6, 0xa6, 0xff, 0xe8, 0xbc, 0xad, 0xff, 
0xe0, 0xaf, 0xa0, 0xff, 0xf0, 0xc5, 0xb5, 0xff, 0xfa, 0xc9, 0xb8, 0xff, 0xd8, 0x9e, 0x90, 0xff, 
0xa6, 0x6a, 0x5f, 0xff, 0xb0, 0x78, 0x6c, 0xff, 0xbe, 0x84, 0x7b, 0xff, 0xb1, 0x7a, 0x6d, 0xff, 
0xc8, 0x8e, 0x81, 0xff, 0xd9, 0x9c, 0x8f, 0xff, 0xdb, 0xa2, 0x93, 0xff, 0xcd, 0x93, 0x86, 0xff, 
0xb3, 0x7b, 0x6f, 0xff, 0xbb, 0x83, 0x77, 0xff, 0xc0, 0x84, 0x7a, 0xff, 0xba, 0x78, 0x6f, 0xff, 
0xd4, 0x94, 0x87, 0xff, 0xea, 0xbd, 0xac, 0xff, 0xdc, 0xb8, 0xa7, 0xff, 0xde, 0xb8, 0xa8, 0xff, 
0xe7, 0xbf, 0xb0, 0xff, 0xde, 0xc3, 0xb6, 0xff, 0xc6, 0xa5, 0x96, 0xff, 0xdf, 0xc8, 0xb5, 0xff, 
0xe1, 0xc1, 0xb8, 0xff, 0xd4, 0xa8, 0x9b, 0xff, 0xf2, 0xed, 0xdf, 0xff, 0xdd, 0xc2, 0xb6, 0xff, 
0xeb, 0xde, 0xd3, 0xff, 0xe8, 0xd6, 0xc9, 0xff, 0xe6, 0xce, 0xbd, 0xff, 0xe4, 0xcc, 0xbb, 0xff, 
0xd2, 0xa7, 0x94, 0xff, 0xd3, 0xa1, 0x92, 0xff, 0xd7, 0xa2, 0x92, 0xff, 0xdb, 0xb4, 0xa3, 0xff, 
0xc7, 0x9d, 0x8b, 0xff, 0xba, 0x81, 0x70, 0xff, 0xca, 0x91, 0x84, 0xff, 0xda, 0xa0, 0x93, 0xff, 
0xd7, 0x9b, 0x8d, 0xff, 0xea, 0xb9, 0xa9, 0xff, 0xef, 0xbd, 0xad, 0xff, 0xda, 0x95, 0x89, 0xff, 
0xd8, 0x9a, 0x8b, 0xff, 0xd0, 0xa1, 0x90, 0xff, 0xd3, 0xa2, 0x93, 0xff, 0xbc, 0x84, 0x76, 0xff, 
0xca, 0xa0, 0x94, 0xff, 0xe2, 0xc7, 0xbf, 0xff, 0xbf, 0x8a, 0x7f, 0xff, 0xc6, 0x91, 0x83, 0xff, 
0xac, 0x78, 0x6e, 0xff, 0x99, 0x64, 0x5c, 0xff, 0x9d, 0x69, 0x61, 0xff, 0xc2, 0x8c, 0x7f, 0xff, 
0xe1, 0xb3, 0xa5, 0xff, 0xdb, 0xac, 0x9f, 0xff, 0xdc, 0xb1, 0xa8, 0xff, 0xdd, 0xb2, 0xa5, 0xff, 
0xdd, 0xb8, 0xab, 0xff, 0xda, 0xb9, 0xac, 0xff, 0xca, 0xa4, 0x99, 0xff, 0xc2, 0x9a, 0x8f, 0xff, 
0xd9, 0xbb, 0xb1, 0xff, 0xd8, 0xaf, 0xa1, 0xff, 0xd9, 0xa9, 0x98, 0xff, 0xe2, 0xb5, 0xa0, 0xff, 
0xe0, 0xb5, 0xa0, 0xff, 0xe5, 0xba, 0xa9, 0xff, 0xe9, 0xba, 0xa9, 0xff, 0xf2, 0xd2, 0xbf, 0xff, 
0xe6, 0xbe, 0xa9, 0xff, 0xda, 0xa7, 0x90, 0xff, 0xe0, 0xad, 0x93, 0xff, 0xd5, 0x98, 0x81, 0xff, 
0xd7, 0x9c, 0x8d, 0xff, 0xe8, 0xb2, 0xa8, 0xff, 0xdb, 0x9f, 0x8f, 0xff, 0xd7, 0x9b, 0x7f, 0xff, 
0xbd, 0x82, 0x6c, 0xff, 0xcb, 0x8d, 0x81, 0xff, 0xc1, 0x88, 0x79, 0xff, 0xb2, 0x7e, 0x6f, 0xff, 
0xbc, 0x87, 0x78, 0xff, 0xae, 0x79, 0x65, 0xff, 0xbe, 0x87, 0x6f, 0xff, 0xcc, 0x9b, 0x82, 0xff, 
0xc1, 0x90, 0x7a, 0xff, 0xaa, 0x73, 0x61, 0xff, 0xb3, 0x77, 0x64, 0xff, 0xb4, 0x78, 0x64, 0xff, 
0x7c, 0x53, 0x4a, 0xff, 0x5a, 0x37, 0x34, 0xff, 0x74, 0x4a, 0x40, 0xff, 0x9a, 0x69, 0x59, 0xff, 
0x8b, 0x5d, 0x52, 0xff, 0x91, 0x61, 0x55, 0xff, 0xbb, 0x83, 0x6b, 0xff, 0xc5, 0x87, 0x6c, 0xff, 
0xb1, 0x6c, 0x57, 0xff, 0xb0, 0x6f, 0x5a, 0xff, 0x97, 0x60, 0x50, 0xff, 0xa0, 0x6f, 0x64, 0xff, 
0xc4, 0x95, 0x8a, 0xff, 0xc6, 0x94, 0x8a, 0xff, 0xc2, 0x95, 0x8b, 0xff, 0xb5, 0x8a, 0x81, 0xff, 
0xc4, 0x95, 0x8d, 0xff, 0xae, 0x87, 0x81, 0xff, 0xa2, 0x7c, 0x75, 0xff, 0xb8, 0x84, 0x7a, 0xff, 
0xca, 0x99, 0x8d, 0xff, 0xa0, 0x6b, 0x5d, 0xff, 0x95, 0x5d, 0x52, 0xff, 0xa9, 0x72, 0x6a, 0xff, 
0xb7, 0x85, 0x7d, 0xff, 0x9d, 0x6c, 0x61, 0xff, 0x84, 0x4f, 0x41, 0xff, 0x8d, 0x5c, 0x50, 0xff, 
0x7e, 0x52, 0x45, 0xff, 0x7e, 0x4e, 0x40, 0xff, 0x95, 0x61, 0x50, 0xff, 0x82, 0x54, 0x49, 0xff, 
0x83, 0x4d, 0x40, 0xff, 0x70, 0x46, 0x3b, 0xff, 0x5b, 0x38, 0x30, 0xff, 0x59, 0x36, 0x31, 0xff, 
0x55, 0x32, 0x2a, 0xff, 0x79, 0x50, 0x46, 0xff, 0x8e, 0x5f, 0x58, 0xff, 0x9a, 0x62, 0x5a, 0xff, 
0x87, 0x57, 0x50, 0xff, 0x82, 0x54, 0x4c, 0xff, 0x86, 0x58, 0x4b, 0xff, 0x80, 0x56, 0x4b, 0xff, 
0x7a, 0x4f, 0x46, 0xff, 0x72, 0x48, 0x3f, 0xff, 0x81, 0x53, 0x45, 0xff, 0x95, 0x62, 0x50, 0xff, 
0x99, 0x67, 0x57, 0xff, 0x8d, 0x5b, 0x4f, 0xff, 0x9a, 0x66, 0x57, 0xff, 0xad, 0x77, 0x61, 0xff, 
0xa7, 0x76, 0x62, 0xff, 0xb0, 0x7d, 0x69, 0xff, 0xaf, 0x7a, 0x65, 0xff, 0xad, 0x75, 0x62, 0xff, 
0xa8, 0x6f, 0x5e, 0xff, 0xaf, 0x75, 0x61, 0xff, 0x9b, 0x65, 0x53, 0xff, 0x85, 0x4f, 0x41, 0xff, 
0x9b, 0x62, 0x51, 0xff, 0xb9, 0x7e, 0x68, 0xff, 0xcd, 0x92, 0x7a, 0xff, 0xc6, 0x88, 0x6c, 0xff, 
0xc3, 0x85, 0x6a, 0xff, 0xbe, 0x87, 0x72, 0xff, 0xad, 0x6e, 0x5c, 0xff, 0xc4, 0x90, 0x7e, 0xff, 
0xd6, 0xaf, 0x9c, 0xff, 0xc4, 0x92, 0x7f, 0xff, 0xbe, 0x8a, 0x78, 0xff, 0xc4, 0x9a, 0x85, 0xff, 
0xb3, 0x82, 0x70, 0xff, 0xc7, 0x9d, 0x8b, 0xff, 0xc1, 0x85, 0x71, 0xff, 0xd3, 0xa2, 0x8d, 0xff, 
0xb8, 0x78, 0x62, 0xff, 0xdf, 0xb6, 0xa2, 0xff, 0xee, 0xbc, 0xa9, 0xff, 0xbd, 0x78, 0x64, 0xff, 
0xae, 0x78, 0x64, 0xff, 0xdc, 0xbe, 0xaf, 0xff, 0xe6, 0xc6, 0xb4, 0xff, 0xb1, 0x87, 0x76, 0xff, 
0xb8, 0x93, 0x84, 0xff, 0xcb, 0xaa, 0x9b, 0xff, 0xe3, 0xc7, 0xba, 0xff, 0xf6, 0xe0, 0xd2, 0xff, 
0xe9, 0xd2, 0xc6, 0xff, 0xe8, 0xd0, 0xc3, 0xff, 0xeb, 0xd7, 0xca, 0xff, 0xed, 0xdb, 0xd2, 0xff, 
0xf2, 0xde, 0xd4, 0xff, 0xf7, 0xea, 0xde, 0xff, 0xed, 0xd5, 0xc5, 0xff, 0xeb, 0xcf, 0xbf, 0xff, 
0xed, 0xcb, 0xba, 0xff, 0xf3, 0xe0, 0xd3, 0xff, 0xf3, 0xdf, 0xd1, 0xff, 0xf8, 0xe6, 0xd9, 0xff, 
0xea, 0xcd, 0xbc, 0xff, 0xb1, 0x83, 0x6d, 0xff, 0x77, 0x4f, 0x43, 0xff, 0x70, 0x4b, 0x41, 0xff, 
0x86, 0x61, 0x55, 0xff, 0xeb, 0xc7, 0xb0, 0xff, 0xf8, 0xcc, 0xb1, 0xff, 0xed, 0xc1, 0xaa, 0xff, 
0x99, 0x6f, 0x65, 0xff, 0x8d, 0x63, 0x57, 0xff, 0xca, 0xa6, 0x91, 0xff, 0xcf, 0xa3, 0x8c, 0xff, 
0xc2, 0x8e, 0x7a, 0xff, 0xcc, 0x96, 0x84, 0xff, 0xc8, 0x96, 0x7f, 0xff, 0xb7, 0x83, 0x6b, 0xff, 
0xb3, 0x80, 0x6e, 0xff, 0xbf, 0x8a, 0x75, 0xff, 0xc3, 0x81, 0x72, 0xff, 0xc5, 0x84, 0x74, 0xff, 
0xc2, 0x8a, 0x74, 0xff, 0xba, 0x86, 0x6e, 0xff, 0xd5, 0xa2, 0x83, 0xff, 0xd9, 0xab, 0x94, 0xff, 
0xdc, 0xb5, 0x9f, 0xff, 0xc1, 0x94, 0x82, 0xff, 0xc0, 0x8d, 0x78, 0xff, 0xba, 0x88, 0x70, 0xff, 
0xb0, 0x81, 0x6b, 0xff, 0xc6, 0x93, 0x7a, 0xff, 0xd5, 0xa3, 0x89, 0xff, 0xd4, 0xa2, 0x88, 0xff, 
0xdf, 0xab, 0x90, 0xff, 0xe2, 0xb9, 0x9f, 0xff, 0xeb, 0xc5, 0xac, 0xff, 0xb2, 0x8f, 0x7c, 0xff, 
0x9d, 0x77, 0x68, 0xff, 0xa3, 0x78, 0x69, 0xff, 0xb7, 0x85, 0x75, 0xff, 0xc9, 0x94, 0x83, 0xff, 
0xd5, 0xa1, 0x8c, 0xff, 0xf1, 0xc5, 0xac, 0xff, 0xf0, 0xcd, 0xb5, 0xff, 0xdb, 0xaa, 0x97, 0xff, 
0xcc, 0x99, 0x88, 0xff, 0xd2, 0xa3, 0x8f, 0xff, 0xe4, 0xab, 0x98, 0xff, 0xe1, 0xab, 0x99, 0xff, 
0xe0, 0xb0, 0x9f, 0xff, 0xee, 0xc2, 0xb4, 0xff, 0xe9, 0xae, 0xa0, 0xff, 0xed, 0xb5, 0xa5, 0xff, 
0xd6, 0x99, 0x8b, 0xff, 0xce, 0x8f, 0x83, 0xff, 0xec, 0xad, 0x9e, 0xff, 0xf6, 0xcd, 0xbd, 0xff, 
0xef, 0xd4, 0xc5, 0xff, 0xeb, 0xbb, 0xab, 0xff, 0xef, 0xb8, 0xa8, 0xff, 0xed, 0xc1, 0xb2, 0xff, 
0xda, 0x9f, 0x92, 0xff, 0xe5, 0xae, 0xa1, 0xff, 0xf1, 0xd1, 0xc3, 0xff, 0xe2, 0xab, 0x9e, 0xff, 
0xe6, 0xa1, 0x92, 0xff, 0xf8, 0xcb, 0xb8, 0xff, 0xdf, 0xaa, 0x9a, 0xff, 0xb2, 0x71, 0x68, 0xff, 
0xac, 0x72, 0x68, 0xff, 0xc1, 0x85, 0x7a, 0xff, 0xc2, 0x88, 0x7b, 0xff, 0xa3, 0x69, 0x5f, 0xff, 
0xd4, 0x98, 0x8c, 0xff, 0xee, 0xb0, 0xa2, 0xff, 0xdf, 0xa6, 0x98, 0xff, 0xd6, 0xa1, 0x95, 0xff, 
0xc7, 0x91, 0x84, 0xff, 0xbf, 0x82, 0x76, 0xff, 0xd8, 0x99, 0x8d, 0xff, 0xe6, 0xab, 0x9d, 0xff, 
0xe1, 0xa6, 0x9a, 0xff, 0xc5, 0x8b, 0x80, 0xff, 0xc0, 0x8b, 0x7d, 0xff, 0xdd, 0xa9, 0x97, 0xff, 
0xf1, 0xc7, 0xb8, 0xff, 0xea, 0xc6, 0xb7, 0xff, 0xdc, 0xbb, 0xa8, 0xff, 0xd2, 0xb1, 0xa0, 0xff, 
0xea, 0xd2, 0xc6, 0xff, 0xda, 0xba, 0xa9, 0xff, 0xe3, 0xcd, 0xba, 0xff, 0xe1, 0xc8, 0xbb, 0xff, 
0xdd, 0xc8, 0xb8, 0xff, 0xe9, 0xd7, 0xc6, 0xff, 0xcf, 0xa9, 0x95, 0xff, 0xd8, 0xb9, 0xa6, 0xff, 
0xf8, 0xeb, 0xdf, 0xff, 0xe1, 0xc0, 0xb3, 0xff, 0xdc, 0xb0, 0xa2, 0xff, 0xd7, 0xa9, 0x98, 0xff, 
0xd5, 0xa8, 0x98, 0xff, 0xb6, 0x7a, 0x6c, 0xff, 0xc1, 0x87, 0x79, 0xff, 0xc7, 0x8c, 0x80, 0xff, 
0xd8, 0x97, 0x8b, 0xff, 0xf9, 0xc3, 0xb2, 0xff, 0xea, 0xb6, 0xa7, 0xff, 0xcc, 0x88, 0x7d, 0xff, 
0xd3, 0x93, 0x85, 0xff, 0xd5, 0xaa, 0x98, 0xff, 0xc5, 0x96, 0x88, 0xff, 0xd1, 0xa2, 0x95, 0xff, 
0xc5, 0x95, 0x86, 0xff, 0xc1, 0x92, 0x86, 0xff, 0xb9, 0x8a, 0x7f, 0xff, 0xd4, 0xa5, 0x98, 0xff, 
0xbb, 0x88, 0x7c, 0xff, 0x9e, 0x6d, 0x63, 0xff, 0xb9, 0x85, 0x7a, 0xff, 0xd5, 0xa0, 0x92, 0xff, 
0xda, 0xb1, 0xa4, 0xff, 0xc7, 0x97, 0x8b, 0xff, 0xd1, 0xaa, 0xa0, 0xff, 0xdd, 0xc1, 0xb6, 0xff, 
0xcc, 0xa3, 0x97, 0xff, 0xc3, 0x9a, 0x8f, 0xff, 0xd1, 0xac, 0xa0, 0xff, 0xcf, 0xa9, 0x9d, 0xff, 
0xc0, 0x96, 0x89, 0xff, 0xd0, 0xa4, 0x96, 0xff, 0xd8, 0xae, 0x9d, 0xff, 0xd8, 0xaa, 0x98, 0xff, 
0xea, 0xc8, 0xb7, 0xff, 0xed, 0xca, 0xbc, 0xff, 0xd0, 0x9e, 0x8e, 0xff, 0xd8, 0xad, 0x9b, 0xff, 
0xea, 0xc1, 0xac, 0xff, 0xe8, 0xba, 0xa0, 0xff, 0xd3, 0x9a, 0x7e, 0xff, 0xc4, 0x83, 0x6b, 0xff, 
0xc6, 0x87, 0x72, 0xff, 0xd8, 0xa2, 0x92, 0xff, 0xec, 0xb4, 0xa6, 0xff, 0xda, 0x9d, 0x8c, 0xff, 
0xbc, 0x7d, 0x71, 0xff, 0xd2, 0x93, 0x89, 0xff, 0xc1, 0x82, 0x75, 0xff, 0xb0, 0x7a, 0x6b, 0xff, 
0xb4, 0x88, 0x79, 0xff, 0xa8, 0x7a, 0x6c, 0xff, 0xbe, 0x8e, 0x79, 0xff, 0xc8, 0x9c, 0x87, 0xff, 
0xd1, 0x9d, 0x83, 0xff, 0xc0, 0x82, 0x6b, 0xff, 0x8b, 0x57, 0x49, 0xff, 0x7d, 0x52, 0x45, 0xff, 
0x78, 0x51, 0x48, 0xff, 0x72, 0x4b, 0x43, 0xff, 0x72, 0x4a, 0x42, 0xff, 0x73, 0x4a, 0x41, 0xff, 
0x96, 0x69, 0x5c, 0xff, 0xc2, 0x89, 0x73, 0xff, 0xb4, 0x76, 0x61, 0xff, 0xb1, 0x6e, 0x59, 0xff, 
0xb6, 0x73, 0x5c, 0xff, 0xcf, 0x99, 0x81, 0xff, 0xa0, 0x72, 0x60, 0xff, 0xb9, 0x86, 0x75, 0xff, 
0xbf, 0x8b, 0x80, 0xff, 0xb0, 0x80, 0x76, 0xff, 0xc6, 0x94, 0x8a, 0xff, 0xc2, 0x92, 0x88, 0xff, 
0xba, 0x91, 0x88, 0xff, 0x85, 0x5c, 0x53, 0xff, 0x9d, 0x73, 0x69, 0xff, 0xbc, 0x8b, 0x80, 0xff, 
0xd5, 0xa3, 0x96, 0xff, 0xbc, 0x88, 0x7b, 0xff, 0xa1, 0x67, 0x5c, 0xff, 0x9e, 0x6a, 0x62, 0xff, 
0xb5, 0x83, 0x7a, 0xff, 0xb0, 0x7b, 0x71, 0xff, 0x7e, 0x51, 0x4c, 0xff, 0x6c, 0x46, 0x40, 0xff, 
0x89, 0x51, 0x42, 0xff, 0x80, 0x4c, 0x3e, 0xff, 0x71, 0x45, 0x3b, 0xff, 0x84, 0x4f, 0x43, 0xff, 
0x80, 0x4d, 0x41, 0xff, 0x66, 0x3e, 0x37, 0xff, 0x65, 0x3f, 0x37, 0xff, 0x57, 0x38, 0x33, 0xff, 
0x5a, 0x38, 0x33, 0xff, 0x65, 0x3f, 0x37, 0xff, 0x74, 0x45, 0x3d, 0xff, 0xa0, 0x69, 0x60, 0xff, 
0xa3, 0x72, 0x67, 0xff, 0x75, 0x4f, 0x45, 0xff, 0x89, 0x5b, 0x4e, 0xff, 0x7f, 0x53, 0x47, 0xff, 
0x5f, 0x36, 0x2f, 0xff, 0x57, 0x33, 0x2f, 0xff, 0x80, 0x53, 0x4b, 0xff, 0x9c, 0x67, 0x5b, 0xff, 
0x80, 0x57, 0x4d, 0xff, 0x7a, 0x4f, 0x43, 0xff, 0x9d, 0x67, 0x56, 0xff, 0xaa, 0x70, 0x5c, 0xff, 
0xaa, 0x76, 0x61, 0xff, 0xab, 0x7b, 0x67, 0xff, 0xae, 0x7b, 0x66, 0xff, 0xb4, 0x82, 0x6d, 0xff, 
0xb5, 0x80, 0x6b, 0xff, 0xae, 0x75, 0x65, 0xff, 0x9d, 0x64, 0x58, 0xff, 0xa2, 0x68, 0x59, 0xff, 
0xa8, 0x6f, 0x5c, 0xff, 0x9e, 0x65, 0x56, 0xff, 0xb4, 0x7a, 0x65, 0xff, 0xbc, 0x80, 0x68, 0xff, 
0xaf, 0x71, 0x5c, 0xff, 0x9e, 0x5f, 0x4f, 0xff, 0xa6, 0x65, 0x55, 0xff, 0xb5, 0x7c, 0x6a, 0xff, 
0xc9, 0x97, 0x84, 0xff, 0xcf, 0xa1, 0x8c, 0xff, 0xce, 0xa0, 0x8c, 0xff, 0xc3, 0x91, 0x7d, 0xff, 
0xdc, 0xb4, 0x9f, 0xff, 0xd0, 0x9b, 0x87, 0xff, 0xd1, 0xa5, 0x92, 0xff, 0xdd, 0xb8, 0xa4, 0xff, 
0xcc, 0x9b, 0x85, 0xff, 0xd9, 0xb4, 0xa0, 0xff, 0xd2, 0x95, 0x7e, 0xff, 0xe1, 0xab, 0x95, 0xff, 
0xf7, 0xd2, 0xbd, 0xff, 0xf4, 0xd3, 0xc1, 0xff, 0xbe, 0x8e, 0x7c, 0xff, 0x90, 0x66, 0x58, 0xff, 
0x98, 0x75, 0x69, 0xff, 0xcd, 0xa7, 0x96, 0xff, 0xe1, 0xb7, 0xa9, 0xff, 0xf6, 0xde, 0xd2, 0xff, 
0xf2, 0xdc, 0xce, 0xff, 0xe9, 0xcc, 0xbe, 0xff, 0xea, 0xd3, 0xc6, 0xff, 0xf2, 0xde, 0xd1, 0xff, 
0xf5, 0xe0, 0xd4, 0xff, 0xee, 0xd1, 0xc3, 0xff, 0xed, 0xce, 0xbe, 0xff, 0xe4, 0xbf, 0xab, 0xff, 
0xdc, 0xaf, 0x9b, 0xff, 0xe5, 0xbc, 0xa8, 0xff, 0xf1, 0xd8, 0xc8, 0xff, 0xff, 0xf2, 0xe6, 0xff, 
0xd7, 0xb3, 0xa2, 0xff, 0x88, 0x5a, 0x49, 0xff, 0xaa, 0x85, 0x75, 0xff, 0xa2, 0x80, 0x71, 0xff, 
0x7e, 0x59, 0x50, 0xff, 0xd8, 0xb1, 0x9c, 0xff, 0xf3, 0xca, 0xb3, 0xff, 0xff, 0xe8, 0xd3, 0xff, 
0xc3, 0x98, 0x88, 0xff, 0xc3, 0x94, 0x80, 0xff, 0xd8, 0xaf, 0x9a, 0xff, 0xc7, 0x9a, 0x86, 0xff, 
0xc3, 0x90, 0x7b, 0xff, 0xd0, 0x98, 0x86, 0xff, 0xca, 0x8f, 0x7f, 0xff, 0xce, 0x96, 0x80, 0xff, 
0xcd, 0x8f, 0x79, 0xff, 0xb5, 0x78, 0x66, 0xff, 0xb3, 0x75, 0x67, 0xff, 0xc6, 0x85, 0x73, 0xff, 
0xbf, 0x83, 0x6c, 0xff, 0xba, 0x83, 0x68, 0xff, 0xc2, 0x8b, 0x6f, 0xff, 0xc2, 0x8d, 0x78, 0xff, 
0xcc, 0x9f, 0x8c, 0xff, 0xbd, 0x95, 0x83, 0xff, 0xb4, 0x86, 0x75, 0xff, 0xaf, 0x81, 0x71, 0xff, 
0xb3, 0x88, 0x76, 0xff, 0xd5, 0xaa, 0x93, 0xff, 0xd7, 0xa8, 0x8e, 0xff, 0xd2, 0xa0, 0x85, 0xff, 
0xe9, 0xbd, 0xa2, 0xff, 0xe1, 0xba, 0xa0, 0xff, 0xe6, 0xc1, 0xa6, 0xff, 0xe7, 0xbe, 0xa5, 0xff, 
0xba, 0x92, 0x7c, 0xff, 0x7b, 0x56, 0x4a, 0xff, 0x8e, 0x61, 0x57, 0xff, 0xcc, 0x96, 0x84, 0xff, 
0xc1, 0x8a, 0x7a, 0xff, 0xc7, 0x9f, 0x90, 0xff, 0xd3, 0xaf, 0x9e, 0xff, 0xc9, 0x9a, 0x87, 0xff, 
0xd9, 0xac, 0x97, 0xff, 0xde, 0xb7, 0xa0, 0xff, 0xdc, 0xb0, 0x98, 0xff, 0xe5, 0xb0, 0x9e, 0xff, 
0xe7, 0xb8, 0xa5, 0xff, 0xd2, 0xa2, 0x8c, 0xff, 0xe3, 0xae, 0x9b, 0xff, 0xdb, 0xa2, 0x92, 0xff, 
0xc5, 0x87, 0x7c, 0xff, 0xd2, 0x93, 0x88, 0xff, 0xea, 0xb1, 0xa3, 0xff, 0xed, 0xbf, 0xb1, 0xff, 
0xdb, 0xa0, 0x94, 0xff, 0xe7, 0xb0, 0xa2, 0xff, 0xed, 0xbd, 0xac, 0xff, 0xe5, 0xac, 0x9e, 0xff, 
0xdc, 0x9b, 0x8d, 0xff, 0xe9, 0xb2, 0xa2, 0xff, 0xea, 0xc3, 0xb5, 0xff, 0xec, 0xb5, 0xa6, 0xff, 
0xf3, 0xb5, 0xa6, 0xff, 0xf9, 0xc1, 0xb1, 0xff, 0xc6, 0x8b, 0x7f, 0xff, 0xa9, 0x6d, 0x65, 0xff, 
0xd9, 0xa4, 0x98, 0xff, 0xd6, 0x9b, 0x8f, 0xff, 0xd3, 0x9b, 0x8c, 0xff, 0xe9, 0xb1, 0xa2, 0xff, 
0xde, 0xa7, 0x98, 0xff, 0xd8, 0xa4, 0x94, 0xff, 0xc5, 0x86, 0x7b, 0xff, 0xdb, 0xa3, 0x96, 0xff, 
0xef, 0xb3, 0xa7, 0xff, 0xeb, 0xaf, 0xa2, 0xff, 0xdd, 0xa6, 0x99, 0xff, 0xcf, 0x9a, 0x8e, 0xff, 
0xc9, 0x94, 0x88, 0xff, 0xb3, 0x7c, 0x72, 0xff, 0xbd, 0x87, 0x7c, 0xff, 0xdc, 0xaa, 0x9d, 0xff, 
0xd4, 0xa1, 0x96, 0xff, 0xcd, 0x9d, 0x8a, 0xff, 0xe3, 0xc2, 0xa9, 0xff, 0xd5, 0xa9, 0x96, 0xff, 
0xe4, 0xc2, 0xb3, 0xff, 0xe8, 0xc8, 0xb6, 0xff, 0xde, 0xb4, 0x9f, 0xff, 0xcd, 0xa0, 0x8f, 0xff, 
0xd8, 0xb8, 0xa6, 0xff, 0xe6, 0xcd, 0xbc, 0xff, 0xdb, 0xbb, 0xaa, 0xff, 0xd8, 0xb6, 0xa3, 0xff, 
0xeb, 0xd5, 0xc5, 0xff, 0xe9, 0xd9, 0xcc, 0xff, 0xf9, 0xf1, 0xe5, 0xff, 0xe0, 0xb3, 0xa1, 0xff, 
0xcd, 0x96, 0x85, 0xff, 0xac, 0x75, 0x66, 0xff, 0xb9, 0x7e, 0x71, 0xff, 0xc7, 0x8b, 0x7d, 0xff, 
0xdc, 0x9c, 0x8e, 0xff, 0xd5, 0x98, 0x8b, 0xff, 0xd6, 0x9a, 0x8c, 0xff, 0xd0, 0x8f, 0x82, 0xff, 
0xc1, 0x83, 0x76, 0xff, 0xc6, 0x93, 0x83, 0xff, 0xbd, 0x8e, 0x80, 0xff, 0xd6, 0xaa, 0x9c, 0xff, 
0xcd, 0x9d, 0x90, 0xff, 0xaa, 0x76, 0x6a, 0xff, 0xd4, 0xb2, 0xa7, 0xff, 0xe8, 0xc2, 0xb5, 0xff, 
0xbc, 0x86, 0x79, 0xff, 0xc6, 0x97, 0x8a, 0xff, 0xd7, 0xab, 0x9e, 0xff, 0xdf, 0xbc, 0xaf, 0xff, 
0xf0, 0xce, 0xc1, 0xff, 0xdb, 0xb6, 0xa7, 0xff, 0xc9, 0x9c, 0x8f, 0xff, 0xcf, 0xa5, 0x9b, 0xff, 
0xba, 0x8f, 0x86, 0xff, 0xaa, 0x7d, 0x71, 0xff, 0xb4, 0x8a, 0x7c, 0xff, 0xd9, 0xb5, 0xa9, 0xff, 
0xe3, 0xc0, 0xb4, 0xff, 0xca, 0x96, 0x88, 0xff, 0xcb, 0x99, 0x8d, 0xff, 0xec, 0xc8, 0xb9, 0xff, 
0xe9, 0xc3, 0xb4, 0xff, 0xe9, 0xc3, 0xb4, 0xff, 0xce, 0xa7, 0x99, 0xff, 0xcc, 0xa3, 0x95, 0xff, 
0xcf, 0xa2, 0x90, 0xff, 0xcb, 0x97, 0x81, 0xff, 0xd5, 0x9d, 0x82, 0xff, 0xcf, 0x93, 0x79, 0xff, 
0xc2, 0x84, 0x74, 0xff, 0xbc, 0x7d, 0x6f, 0xff, 0xd3, 0x98, 0x87, 0xff, 0xe2, 0xa6, 0x93, 0xff, 
0xc1, 0x84, 0x75, 0xff, 0xd3, 0x95, 0x8b, 0xff, 0xc8, 0x87, 0x79, 0xff, 0xc9, 0x92, 0x80, 0xff, 
0xc1, 0x94, 0x83, 0xff, 0xc0, 0x95, 0x82, 0xff, 0xdf, 0xbb, 0xa4, 0xff, 0xd3, 0xaa, 0x95, 0xff, 
0xc0, 0x85, 0x6e, 0xff, 0xaa, 0x70, 0x5d, 0xff, 0x6e, 0x46, 0x3f, 0xff, 0x66, 0x40, 0x3b, 0xff, 
0x75, 0x4b, 0x44, 0xff, 0x87, 0x5a, 0x4d, 0xff, 0x8f, 0x60, 0x52, 0xff, 0x6d, 0x47, 0x41, 0xff, 
0x8b, 0x61, 0x54, 0xff, 0x8e, 0x61, 0x53, 0xff, 0xa9, 0x6d, 0x5a, 0xff, 0xbe, 0x81, 0x68, 0xff, 
0xc2, 0x8a, 0x72, 0xff, 0xd3, 0xa6, 0x8f, 0xff, 0x9f, 0x75, 0x65, 0xff, 0xc6, 0x92, 0x7a, 0xff, 
0xb1, 0x79, 0x6d, 0xff, 0x98, 0x67, 0x62, 0xff, 0x9f, 0x6f, 0x68, 0xff, 0xb5, 0x87, 0x7e, 0xff, 
0xa8, 0x7c, 0x73, 0xff, 0x82, 0x57, 0x4e, 0xff, 0xaf, 0x82, 0x76, 0xff, 0xca, 0x99, 0x8f, 0xff, 
0xce, 0x99, 0x90, 0xff, 0x94, 0x64, 0x5a, 0xff, 0xaa, 0x75, 0x6a, 0xff, 0xb6, 0x81, 0x78, 0xff, 
0xab, 0x7a, 0x72, 0xff, 0x97, 0x65, 0x5b, 0xff, 0x7b, 0x50, 0x47, 0xff, 0x6f, 0x48, 0x41, 0xff, 
0x73, 0x46, 0x3c, 0xff, 0x78, 0x47, 0x3c, 0xff, 0x74, 0x46, 0x3f, 0xff, 0x81, 0x4e, 0x42, 0xff, 
0x75, 0x46, 0x3d, 0xff, 0x64, 0x3b, 0x33, 0xff, 0x61, 0x3f, 0x3a, 0xff, 0x5f, 0x40, 0x3a, 0xff, 
0x62, 0x3e, 0x37, 0xff, 0x5b, 0x34, 0x2e, 0xff, 0x88, 0x57, 0x4f, 0xff, 0xac, 0x70, 0x65, 0xff, 
0x81, 0x56, 0x4a, 0xff, 0x71, 0x43, 0x3b, 0xff, 0x73, 0x45, 0x3f, 0xff, 0x64, 0x3c, 0x35, 0xff, 
0x72, 0x45, 0x3e, 0xff, 0x8e, 0x5c, 0x54, 0xff, 0x95, 0x61, 0x59, 0xff, 0x91, 0x5c, 0x50, 0xff, 
0x8b, 0x5b, 0x51, 0xff, 0x75, 0x4f, 0x46, 0xff, 0x8c, 0x5c, 0x4f, 0xff, 0x9a, 0x62, 0x52, 0xff, 
0x9d, 0x65, 0x56, 0xff, 0xa5, 0x71, 0x5f, 0xff, 0xa7, 0x72, 0x60, 0xff, 0xb8, 0x82, 0x6d, 0xff, 
0xb9, 0x81, 0x6d, 0xff, 0xa7, 0x6b, 0x5d, 0xff, 0xa7, 0x6d, 0x5d, 0xff, 0xc6, 0x8a, 0x77, 0xff, 
0xbb, 0x80, 0x6d, 0xff, 0x9c, 0x67, 0x57, 0xff, 0xa7, 0x71, 0x5f, 0xff, 0xb5, 0x7c, 0x6a, 0xff, 
0xab, 0x6f, 0x5f, 0xff, 0xad, 0x71, 0x5f, 0xff, 0xb1, 0x75, 0x61, 0xff, 0xa5, 0x65, 0x53, 0xff, 
0xc2, 0x8a, 0x74, 0xff, 0xd2, 0xa2, 0x8e, 0xff, 0xc8, 0x9c, 0x8a, 0xff, 0xce, 0xa0, 0x8d, 0xff, 
0xd9, 0xae, 0x9b, 0xff, 0xce, 0x9a, 0x85, 0xff, 0xe8, 0xcc, 0xbd, 0xff, 0xd9, 0xaf, 0x9c, 0xff, 
0xcd, 0x9d, 0x88, 0xff, 0xbc, 0x9b, 0x8b, 0xff, 0xac, 0x7d, 0x69, 0xff, 0xdc, 0xbb, 0xa7, 0xff, 
0xe8, 0xd1, 0xc1, 0xff, 0xfa, 0xe2, 0xd2, 0xff, 0xd2, 0xad, 0x9c, 0xff, 0x98, 0x70, 0x63, 0xff, 
0x87, 0x5e, 0x54, 0xff, 0xbb, 0x90, 0x7f, 0xff, 0xc8, 0xa1, 0x8f, 0xff, 0xd8, 0xb9, 0xab, 0xff, 
0xf3, 0xd3, 0xc4, 0xff, 0xf0, 0xd1, 0xc1, 0xff, 0xe5, 0xbd, 0xac, 0xff, 0xd5, 0xa6, 0x8f, 0xff, 
0xe5, 0xc0, 0xae, 0xff, 0xe6, 0xc0, 0xaf, 0xff, 0xe2, 0xbb, 0xa8, 0xff, 0xe7, 0xc8, 0xb8, 0xff, 
0xe5, 0xc9, 0xba, 0xff, 0xe4, 0xbc, 0xa7, 0xff, 0xea, 0xb8, 0x9f, 0xff, 0xff, 0xea, 0xdb, 0xff, 
0xb5, 0x99, 0x8e, 0xff, 0x92, 0x68, 0x5d, 0xff, 0xd6, 0xb5, 0xa1, 0xff, 0xd1, 0xad, 0x95, 0xff, 
0xc1, 0x9d, 0x89, 0xff, 0xe1, 0xbb, 0xa5, 0xff, 0xe5, 0xc0, 0xac, 0xff, 0xa6, 0x83, 0x76, 0xff, 
0xa6, 0x7d, 0x70, 0xff, 0xee, 0xca, 0xb4, 0xff, 0xd1, 0xa5, 0x91, 0xff, 0xc2, 0x90, 0x7d, 0xff, 
0xad, 0x79, 0x68, 0xff, 0xb4, 0x7c, 0x69, 0xff, 0xbc, 0x7b, 0x6b, 0xff, 0xb8, 0x80, 0x6b, 0xff, 
0xb4, 0x78, 0x67, 0xff, 0xad, 0x6c, 0x5e, 0xff, 0xa0, 0x66, 0x54, 0xff, 0x9f, 0x6b, 0x57, 0xff, 
0xc2, 0x88, 0x72, 0xff, 0xd1, 0x9a, 0x82, 0xff, 0xc2, 0x91, 0x7e, 0xff, 0xc5, 0x8b, 0x79, 0xff, 
0xc5, 0x94, 0x7f, 0xff, 0xb2, 0x84, 0x72, 0xff, 0xc5, 0x9f, 0x8d, 0xff, 0xd0, 0xab, 0x99, 0xff, 
0xcd, 0xa7, 0x96, 0xff, 0xcc, 0xa8, 0x99, 0xff, 0xda, 0xb4, 0xa1, 0xff, 0xe5, 0xbf, 0xa4, 0xff, 
0xcc, 0xa6, 0x90, 0xff, 0xca, 0xa2, 0x8e, 0xff, 0xd7, 0xb0, 0x97, 0xff, 0xd9, 0xa9, 0x8e, 0xff, 
0xcc, 0x9a, 0x81, 0xff, 0xc0, 0x95, 0x7e, 0xff, 0xca, 0x9b, 0x84, 0xff, 0xe4, 0xb4, 0x97, 0xff, 
0xd1, 0xa4, 0x8b, 0xff, 0xb1, 0x7e, 0x6a, 0xff, 0xbf, 0x96, 0x85, 0xff, 0xbb, 0x92, 0x84, 0xff, 
0xc6, 0xa1, 0x90, 0xff, 0xf6, 0xd9, 0xc3, 0xff, 0xea, 0xcd, 0xb6, 0xff, 0xe4, 0xba, 0xa5, 0xff, 
0xe5, 0xb7, 0xa0, 0xff, 0xdb, 0xae, 0x97, 0xff, 0xd7, 0xad, 0x99, 0xff, 0xce, 0x9f, 0x8d, 0xff, 
0xbe, 0x87, 0x7a, 0xff, 0xc6, 0x8a, 0x80, 0xff, 0xde, 0xab, 0x9e, 0xff, 0xdc, 0xa3, 0x96, 0xff, 
0xdd, 0x9a, 0x8c, 0xff, 0xe7, 0xa3, 0x93, 0xff, 0xe8, 0xad, 0x9f, 0xff, 0xdd, 0xa0, 0x90, 0xff, 
0xe0, 0x9c, 0x8c, 0xff, 0xec, 0xae, 0xa0, 0xff, 0xe9, 0xa6, 0x98, 0xff, 0xe9, 0xa6, 0x98, 0xff, 
0xf1, 0xb1, 0xa3, 0xff, 0xcf, 0x8e, 0x84, 0xff, 0xae, 0x73, 0x68, 0xff, 0xc3, 0x87, 0x7c, 0xff, 
0xd8, 0xa0, 0x93, 0xff, 0xdb, 0x9f, 0x92, 0xff, 0xd4, 0x96, 0x8b, 0xff, 0xd5, 0x99, 0x8d, 0xff, 
0xc4, 0x85, 0x79, 0xff, 0xcc, 0x95, 0x85, 0xff, 0xc9, 0x8c, 0x80, 0xff, 0xd7, 0x98, 0x8b, 0xff, 
0xf5, 0xbf, 0xaf, 0xff, 0xd7, 0xa8, 0x97, 0xff, 0xa6, 0x73, 0x69, 0xff, 0x9c, 0x68, 0x62, 0xff, 
0xb8, 0x82, 0x77, 0xff, 0xba, 0x86, 0x7a, 0xff, 0xc7, 0x95, 0x8a, 0xff, 0xcd, 0x9f, 0x94, 0xff, 
0xa5, 0x76, 0x6d, 0xff, 0xa0, 0x6a, 0x5c, 0xff, 0xda, 0xab, 0x96, 0xff, 0xc6, 0x8c, 0x7b, 0xff, 
0xd8, 0xab, 0x99, 0xff, 0xe4, 0xbe, 0xab, 0xff, 0xc4, 0x8a, 0x78, 0xff, 0xbb, 0x7e, 0x71, 0xff, 
0xca, 0x9a, 0x86, 0xff, 0xc9, 0x9a, 0x85, 0xff, 0xcd, 0x9d, 0x8a, 0xff, 0xc9, 0x9a, 0x87, 0xff, 
0xcc, 0xa1, 0x8d, 0xff, 0xe9, 0xc3, 0xae, 0xff, 0xeb, 0xcc, 0xba, 0xff, 0xce, 0x9c, 0x8f, 0xff, 
0xb3, 0x79, 0x6b, 0xff, 0xcb, 0x95, 0x85, 0xff, 0xcc, 0x92, 0x84, 0xff, 0xcf, 0x94, 0x86, 0xff, 
0xdb, 0x9e, 0x90, 0xff, 0xcc, 0x8d, 0x81, 0xff, 0xc6, 0x86, 0x78, 0xff, 0xb4, 0x7c, 0x6e, 0xff, 
0xab, 0x78, 0x6d, 0xff, 0xc9, 0x98, 0x89, 0xff, 0xcc, 0x9b, 0x8b, 0xff, 0xb8, 0x8a, 0x7a, 0xff, 
0xc8, 0x9a, 0x8d, 0xff, 0xc5, 0x97, 0x8c, 0xff, 0xcf, 0xa3, 0x96, 0xff, 0xe0, 0xb2, 0xa5, 0xff, 
0xd7, 0xa4, 0x97, 0xff, 0xe1, 0xb6, 0xa7, 0xff, 0xdf, 0xb3, 0xa5, 0xff, 0xf0, 0xdb, 0xd1, 0xff, 
0xe2, 0xc4, 0xb8, 0xff, 0xe3, 0xb9, 0xab, 0xff, 0xe1, 0xae, 0xa0, 0xff, 0xe1, 0xb6, 0xa7, 0xff, 
0xe5, 0xca, 0xbf, 0xff, 0xd4, 0xb0, 0xa4, 0xff, 0x9e, 0x71, 0x63, 0xff, 0xb6, 0x90, 0x86, 0xff, 
0xdc, 0xb3, 0xa4, 0xff, 0xc7, 0x99, 0x89, 0xff, 0xd3, 0xa7, 0x98, 0xff, 0xe3, 0xb8, 0xa9, 0xff, 
0xe1, 0xb7, 0xaa, 0xff, 0xdf, 0xb7, 0xa9, 0xff, 0xcc, 0x9e, 0x90, 0xff, 0xd2, 0xa4, 0x8f, 0xff, 
0xc6, 0x8e, 0x78, 0xff, 0x9b, 0x60, 0x57, 0xff, 0xb8, 0x83, 0x70, 0xff, 0xd3, 0x9a, 0x7e, 0xff, 
0xc6, 0x8b, 0x75, 0xff, 0xbd, 0x85, 0x74, 0xff, 0xce, 0x96, 0x82, 0xff, 0xdb, 0xa1, 0x89, 0xff, 
0xd3, 0x99, 0x83, 0xff, 0xd6, 0x99, 0x8c, 0xff, 0xd8, 0x92, 0x82, 0xff, 0xd0, 0x9f, 0x8c, 0xff, 
0xc2, 0x9a, 0x87, 0xff, 0xca, 0x9d, 0x87, 0xff, 0xdc, 0xb4, 0x9c, 0xff, 0xcd, 0xa2, 0x8d, 0xff, 
0xc2, 0x8b, 0x74, 0xff, 0xa1, 0x6e, 0x5c, 0xff, 0x77, 0x4d, 0x46, 0xff, 0x69, 0x3e, 0x3a, 0xff, 
0x5d, 0x39, 0x36, 0xff, 0x6b, 0x43, 0x3c, 0xff, 0xa0, 0x6b, 0x58, 0xff, 0x94, 0x66, 0x57, 0xff, 
0x6d, 0x47, 0x3e, 0xff, 0x7f, 0x55, 0x4c, 0xff, 0xb2, 0x77, 0x64, 0xff, 0xb9, 0x7f, 0x65, 0xff, 
0xb3, 0x81, 0x6e, 0xff, 0xb1, 0x85, 0x74, 0xff, 0xaf, 0x7e, 0x70, 0xff, 0xc5, 0x86, 0x72, 0xff, 
0xbb, 0x81, 0x72, 0xff, 0xa0, 0x72, 0x6d, 0xff, 0xa2, 0x73, 0x6d, 0xff, 0xb7, 0x86, 0x80, 0xff, 
0xb2, 0x82, 0x79, 0xff, 0xb7, 0x85, 0x79, 0xff, 0xc7, 0x96, 0x8c, 0xff, 0xd5, 0xa3, 0x97, 0xff, 
0xb2, 0x81, 0x77, 0xff, 0x8c, 0x5c, 0x54, 0xff, 0xa0, 0x6e, 0x64, 0xff, 0xa0, 0x6d, 0x60, 0xff, 
0x9e, 0x71, 0x68, 0xff, 0x85, 0x58, 0x50, 0xff, 0x8d, 0x54, 0x47, 0xff, 0x81, 0x4e, 0x45, 0xff, 
0x68, 0x43, 0x3b, 0xff, 0x7e, 0x4d, 0x43, 0xff, 0x86, 0x53, 0x47, 0xff, 0x83, 0x54, 0x4b, 0xff, 
0x6e, 0x42, 0x3a, 0xff, 0x75, 0x46, 0x3b, 0xff, 0x72, 0x46, 0x3d, 0xff, 0x6b, 0x43, 0x3b, 0xff, 
0x70, 0x42, 0x37, 0xff, 0x73, 0x45, 0x3e, 0xff, 0x91, 0x61, 0x59, 0xff, 0x9d, 0x66, 0x5b, 0xff, 
0x6d, 0x45, 0x3e, 0xff, 0x7e, 0x4d, 0x45, 0xff, 0x6a, 0x42, 0x3d, 0xff, 0x83, 0x58, 0x52, 0xff, 
0x95, 0x65, 0x5e, 0xff, 0x92, 0x62, 0x59, 0xff, 0x7f, 0x53, 0x4d, 0xff, 0x8c, 0x5a, 0x4f, 0xff, 
0x95, 0x5e, 0x4d, 0xff, 0x5e, 0x3e, 0x37, 0xff, 0x65, 0x42, 0x3b, 0xff, 0x99, 0x61, 0x53, 0xff, 
0x9b, 0x61, 0x53, 0xff, 0x9a, 0x60, 0x50, 0xff, 0x97, 0x64, 0x52, 0xff, 0x9a, 0x62, 0x52, 0xff, 
0x9c, 0x64, 0x54, 0xff, 0xa4, 0x6d, 0x5d, 0xff, 0xb6, 0x7b, 0x67, 0xff, 0xb9, 0x81, 0x6d, 0xff, 
0xa5, 0x70, 0x60, 0xff, 0xa9, 0x75, 0x63, 0xff, 0xa2, 0x6b, 0x5b, 0xff, 0xa9, 0x6f, 0x5e, 0xff, 
0xb5, 0x7a, 0x67, 0xff, 0xc3, 0x8a, 0x74, 0xff, 0xca, 0x94, 0x7a, 0xff, 0xcc, 0x97, 0x7e, 0xff, 
0xcd, 0x9a, 0x82, 0xff, 0xd8, 0xa3, 0x8a, 0xff, 0xd8, 0xa7, 0x92, 0xff, 0xdb, 0xb0, 0x9c, 0xff, 
0xdd, 0xb8, 0xa7, 0xff, 0xd6, 0xa8, 0x96, 0xff, 0xdd, 0xb9, 0xa6, 0xff, 0xcc, 0xa0, 0x8c, 0xff, 
0xd1, 0xb0, 0x9d, 0xff, 0xd4, 0xa6, 0x91, 0xff, 0xcc, 0xa4, 0x92, 0xff, 0xa8, 0x87, 0x7c, 0xff, 
0xaf, 0x87, 0x75, 0xff, 0xcf, 0xae, 0x9f, 0xff, 0xf0, 0xcd, 0xbc, 0xff, 0xba, 0x92, 0x82, 0xff, 
0x98, 0x6e, 0x63, 0xff, 0xa0, 0x75, 0x69, 0xff, 0xb3, 0x92, 0x83, 0xff, 0xb8, 0x92, 0x80, 0xff, 
0xbd, 0x8f, 0x7b, 0xff, 0xca, 0xa0, 0x8d, 0xff, 0xe4, 0xb5, 0xa1, 0xff, 0xed, 0xc8, 0xb8, 0xff, 
0xe6, 0xc2, 0xb0, 0xff, 0xdd, 0xb6, 0xa3, 0xff, 0xe7, 0xc1, 0xae, 0xff, 0xe7, 0xb7, 0xa3, 0xff, 
0xf6, 0xd8, 0xc9, 0xff, 0xec, 0xce, 0xbc, 0xff, 0xc8, 0xa0, 0x8f, 0xff, 0xbd, 0x97, 0x89, 0xff, 
0xbe, 0x9e, 0x93, 0xff, 0xdc, 0xbe, 0xaf, 0xff, 0xd7, 0xb1, 0x97, 0xff, 0xee, 0xc6, 0xab, 0xff, 
0xf8, 0xd4, 0xba, 0xff, 0xe5, 0xbf, 0xab, 0xff, 0xd6, 0xa7, 0x92, 0xff, 0xab, 0x79, 0x6c, 0xff, 
0xc8, 0xaa, 0x99, 0xff, 0xd0, 0xaa, 0x97, 0xff, 0xd2, 0xa1, 0x8b, 0xff, 0xcd, 0x9b, 0x86, 0xff, 
0xa5, 0x73, 0x64, 0xff, 0xa5, 0x6d, 0x58, 0xff, 0xb0, 0x74, 0x60, 0xff, 0xa9, 0x6e, 0x5f, 0xff, 
0xaf, 0x71, 0x63, 0xff, 0xa9, 0x6f, 0x5d, 0xff, 0xa7, 0x73, 0x5e, 0xff, 0xa2, 0x6f, 0x5f, 0xff, 
0xb6, 0x70, 0x66, 0xff, 0xce, 0x8d, 0x7c, 0xff, 0xbf, 0x86, 0x76, 0xff, 0xbb, 0x86, 0x71, 0xff, 
0xbb, 0x87, 0x6f, 0xff, 0xaa, 0x75, 0x5f, 0xff, 0xbf, 0x96, 0x83, 0xff, 0xbb, 0x92, 0x81, 0xff, 
0xc2, 0x9a, 0x8a, 0xff, 0xc1, 0x98, 0x89, 0xff, 0xcb, 0xa6, 0x97, 0xff, 0xd2, 0xb0, 0x9f, 0xff, 
0xbb, 0x95, 0x86, 0xff, 0xb9, 0x93, 0x83, 0xff, 0xc4, 0x9d, 0x8a, 0xff, 0xd2, 0xa7, 0x90, 0xff, 
0xde, 0xb1, 0x99, 0xff, 0xe3, 0xbb, 0xa3, 0xff, 0xd9, 0xa9, 0x91, 0xff, 0xcc, 0x9c, 0x86, 0xff, 
0xc3, 0x96, 0x7f, 0xff, 0xd4, 0xa2, 0x8b, 0xff, 0xdd, 0xb7, 0xa3, 0xff, 0xd3, 0xaf, 0x9d, 0xff, 
0xc9, 0xa1, 0x91, 0xff, 0xd0, 0xad, 0x9b, 0xff, 0xce, 0xad, 0x9c, 0xff, 0xe8, 0xd0, 0xb9, 0xff, 
0xef, 0xcd, 0xb8, 0xff, 0xe9, 0xbf, 0xaf, 0xff, 0xdb, 0xb1, 0xa1, 0xff, 0xdd, 0xb2, 0x9e, 0xff, 
0xcc, 0x9d, 0x8a, 0xff, 0xbb, 0x86, 0x7a, 0xff, 0xd1, 0x97, 0x8b, 0xff, 0xc7, 0x80, 0x75, 0xff, 
0xd9, 0x97, 0x87, 0xff, 0xf0, 0xb4, 0xa3, 0xff, 0xf0, 0xb4, 0xa4, 0xff, 0xed, 0xba, 0xaa, 0xff, 
0xeb, 0xb7, 0xa7, 0xff, 0xe3, 0xa3, 0x93, 0xff, 0xda, 0x9e, 0x8d, 0xff, 0xdf, 0xa4, 0x94, 0xff, 
0xdb, 0xa0, 0x92, 0xff, 0xc8, 0x90, 0x82, 0xff, 0xc9, 0x8e, 0x82, 0xff, 0xdb, 0x9d, 0x91, 0xff, 
0xd4, 0x95, 0x87, 0xff, 0xd4, 0x94, 0x88, 0xff, 0xd3, 0x94, 0x88, 0xff, 0xc4, 0x84, 0x7a, 0xff, 
0xd5, 0x92, 0x87, 0xff, 0xdc, 0x97, 0x8c, 0xff, 0xee, 0xb5, 0xa5, 0xff, 0xeb, 0xb8, 0xaa, 0xff, 
0xcc, 0x99, 0x8c, 0xff, 0xba, 0x86, 0x77, 0xff, 0xa8, 0x73, 0x69, 0xff, 0xa9, 0x75, 0x6d, 0xff, 
0xad, 0x7a, 0x70, 0xff, 0xb2, 0x81, 0x78, 0xff, 0xc5, 0x94, 0x89, 0xff, 0xc0, 0x8b, 0x7e, 0xff, 
0x9f, 0x6a, 0x5d, 0xff, 0x8d, 0x56, 0x4c, 0xff, 0xbe, 0x8d, 0x7b, 0xff, 0xd6, 0xac, 0x97, 0xff, 
0xcc, 0x95, 0x86, 0xff, 0xcf, 0x95, 0x85, 0xff, 0xbd, 0x85, 0x75, 0xff, 0xb5, 0x7c, 0x6d, 0xff, 
0xbe, 0x88, 0x78, 0xff, 0xbe, 0x89, 0x79, 0xff, 0xaf, 0x74, 0x65, 0xff, 0xae, 0x76, 0x65, 0xff, 
0x97, 0x60, 0x50, 0xff, 0xbd, 0x87, 0x79, 0xff, 0xc9, 0x8d, 0x80, 0xff, 0xb2, 0x77, 0x69, 0xff, 
0xb7, 0x80, 0x70, 0xff, 0xc7, 0x93, 0x82, 0xff, 0xae, 0x7b, 0x6d, 0xff, 0xb4, 0x7e, 0x73, 0xff, 
0xd8, 0x9a, 0x8e, 0xff, 0xe0, 0x9f, 0x90, 0xff, 0xc0, 0x84, 0x76, 0xff, 0xab, 0x74, 0x68, 0xff, 
0xb4, 0x82, 0x77, 0xff, 0xcf, 0x9f, 0x91, 0xff, 0xc5, 0x96, 0x89, 0xff, 0xba, 0x8b, 0x7e, 0xff, 
0xcf, 0xa4, 0x95, 0xff, 0xce, 0x9e, 0x8f, 0xff, 0xd1, 0xa4, 0x96, 0xff, 0xeb, 0xce, 0xc5, 0xff, 
0xe1, 0xbd, 0xaf, 0xff, 0xda, 0xb3, 0xa5, 0xff, 0xe8, 0xd1, 0xc6, 0xff, 0xe7, 0xcc, 0xc1, 0xff, 
0xd2, 0xb1, 0xa8, 0xff, 0xbb, 0x8b, 0x80, 0xff, 0xc7, 0x99, 0x8d, 0xff, 0xc9, 0x9c, 0x91, 0xff, 
0xc4, 0x9b, 0x8f, 0xff, 0xd9, 0xb4, 0xa6, 0xff, 0xc4, 0x95, 0x89, 0xff, 0xa9, 0x77, 0x6b, 0xff, 
0xc1, 0x92, 0x7f, 0xff, 0xb1, 0x7a, 0x6b, 0xff, 0xc5, 0x96, 0x8b, 0xff, 0xca, 0x99, 0x89, 0xff, 
0xc0, 0x87, 0x76, 0xff, 0xcc, 0x9b, 0x8d, 0xff, 0xda, 0xb1, 0xa2, 0xff, 0xca, 0x98, 0x86, 0xff, 
0xca, 0x96, 0x82, 0xff, 0xcc, 0x99, 0x8e, 0xff, 0xba, 0x81, 0x76, 0xff, 0xce, 0x98, 0x81, 0xff, 
0xd5, 0x9e, 0x84, 0xff, 0xbf, 0x86, 0x72, 0xff, 0xcf, 0x92, 0x85, 0xff, 0xe1, 0xa5, 0x95, 0xff, 
0xde, 0xa6, 0x92, 0xff, 0xd8, 0x98, 0x87, 0xff, 0xda, 0x96, 0x88, 0xff, 0xca, 0x97, 0x84, 0xff, 
0xbc, 0x92, 0x81, 0xff, 0xb9, 0x8b, 0x78, 0xff, 0xd3, 0xa8, 0x92, 0xff, 0xd5, 0xab, 0x95, 0xff, 
0xc5, 0x95, 0x7d, 0xff, 0xaf, 0x79, 0x64, 0xff, 0x91, 0x62, 0x55, 0xff, 0x75, 0x4d, 0x46, 0xff, 
0x81, 0x56, 0x4c, 0xff, 0x89, 0x56, 0x4a, 0xff, 0x99, 0x62, 0x52, 0xff, 0x9a, 0x66, 0x54, 0xff, 
0x8b, 0x5f, 0x52, 0xff, 0x94, 0x64, 0x5b, 0xff, 0x95, 0x62, 0x56, 0xff, 0x9e, 0x69, 0x5b, 0xff, 
0x9f, 0x71, 0x5f, 0xff, 0xb4, 0x86, 0x77, 0xff, 0xd8, 0xa3, 0x8e, 0xff, 0xba, 0x80, 0x6f, 0xff, 
0xa7, 0x73, 0x6a, 0xff, 0x9e, 0x72, 0x6a, 0xff, 0x99, 0x69, 0x65, 0xff, 0xa7, 0x75, 0x6e, 0xff, 
0xab, 0x78, 0x6e, 0xff, 0xc9, 0x94, 0x8b, 0xff, 0xca, 0x95, 0x88, 0xff, 0xc6, 0x93, 0x87, 0xff, 
0xb7, 0x83, 0x79, 0xff, 0xb1, 0x7a, 0x73, 0xff, 0x94, 0x65, 0x5d, 0xff, 0x8f, 0x5d, 0x4f, 0xff, 
0x8f, 0x5b, 0x4c, 0xff, 0x8e, 0x54, 0x48, 0xff, 0x86, 0x55, 0x4b, 0xff, 0x84, 0x53, 0x47, 0xff, 
0x85, 0x53, 0x47, 0xff, 0x85, 0x54, 0x4a, 0xff, 0x79, 0x4a, 0x3f, 0xff, 0x6f, 0x44, 0x3b, 0xff, 
0x69, 0x41, 0x3a, 0xff, 0x6b, 0x41, 0x38, 0xff, 0x7a, 0x48, 0x39, 0xff, 0x7a, 0x48, 0x3e, 0xff, 
0x6e, 0x43, 0x3c, 0xff, 0x88, 0x59, 0x52, 0xff, 0xa0, 0x6b, 0x5f, 0xff, 0x81, 0x56, 0x4c, 0xff, 
0x83, 0x51, 0x4c, 0xff, 0x8a, 0x59, 0x53, 0xff, 0x9b, 0x6b, 0x63, 0xff, 0xa1, 0x71, 0x67, 0xff, 
0x8f, 0x65, 0x5e, 0xff, 0x84, 0x5b, 0x55, 0xff, 0x99, 0x68, 0x5f, 0xff, 0xb1, 0x7e, 0x71, 0xff, 
0xa5, 0x74, 0x65, 0xff, 0x80, 0x54, 0x47, 0xff, 0x84, 0x55, 0x47, 0xff, 0x8a, 0x59, 0x4c, 0xff, 
0x88, 0x54, 0x47, 0xff, 0x86, 0x52, 0x45, 0xff, 0x98, 0x65, 0x55, 0xff, 0xab, 0x74, 0x66, 0xff, 
0xa9, 0x74, 0x63, 0xff, 0xc1, 0x88, 0x72, 0xff, 0xae, 0x75, 0x64, 0xff, 0x7d, 0x52, 0x45, 0xff, 
0x9e, 0x6f, 0x5e, 0xff, 0xa8, 0x74, 0x63, 0xff, 0xa9, 0x71, 0x61, 0xff, 0xb4, 0x7c, 0x69, 0xff, 
0xbf, 0x89, 0x74, 0xff, 0xcd, 0x96, 0x7e, 0xff, 0xdc, 0xab, 0x91, 0xff, 0xde, 0xb1, 0x96, 0xff, 
0xd8, 0xa3, 0x89, 0xff, 0xcc, 0x93, 0x7b, 0xff, 0xc2, 0x88, 0x71, 0xff, 0xd6, 0xa3, 0x8a, 0xff, 
0xe7, 0xc6, 0xb4, 0xff, 0xe2, 0xbc, 0xaa, 0xff, 0xe5, 0xbd, 0xa9, 0xff, 0xee, 0xd0, 0xbe, 0xff, 
0xf0, 0xcf, 0xbc, 0xff, 0xd1, 0xa0, 0x8a, 0xff, 0x85, 0x5e, 0x52, 0xff, 0x83, 0x5d, 0x51, 0xff, 
0x88, 0x61, 0x55, 0xff, 0x83, 0x5c, 0x52, 0xff, 0xbb, 0x95, 0x87, 0xff, 0xdc, 0xb0, 0x9d, 0xff, 
0xe8, 0xbe, 0xa9, 0xff, 0xae, 0x88, 0x79, 0xff, 0x91, 0x6c, 0x5e, 0xff, 0xb4, 0x87, 0x74, 0xff, 
0xa6, 0x7b, 0x69, 0xff, 0x9e, 0x75, 0x65, 0xff, 0xb5, 0x8b, 0x7a, 0xff, 0xdd, 0xb6, 0xa8, 0xff, 
0xf7, 0xdb, 0xce, 0xff, 0xf8, 0xe0, 0xd1, 0xff, 0xdd, 0xba, 0xa9, 0xff, 0xb3, 0x87, 0x72, 0xff, 
0xba, 0x98, 0x88, 0xff, 0xab, 0x8a, 0x7d, 0xff, 0x86, 0x56, 0x48, 0xff, 0x9c, 0x6d, 0x5f, 0xff, 
0xe4, 0xca, 0xbd, 0xff, 0xdd, 0xbe, 0xab, 0xff, 0xd8, 0xaf, 0x95, 0xff, 0xe3, 0xbf, 0xa6, 0xff, 
0xe4, 0xc1, 0xaa, 0xff, 0xf4, 0xd7, 0xc3, 0xff, 0xbe, 0x96, 0x88, 0xff, 0xc0, 0x94, 0x84, 0xff, 
0xe5, 0xc1, 0xac, 0xff, 0xd8, 0xae, 0x97, 0xff, 0xd1, 0xa0, 0x8a, 0xff, 0xc7, 0x93, 0x80, 0xff, 
0xc5, 0x8f, 0x79, 0xff, 0xc1, 0x8d, 0x75, 0xff, 0xb6, 0x7e, 0x6c, 0xff, 0xa3, 0x70, 0x62, 0xff, 
0xa7, 0x74, 0x61, 0xff, 0xa8, 0x70, 0x5a, 0xff, 0xba, 0x88, 0x72, 0xff, 0xce, 0xa0, 0x8a, 0xff, 
0xb3, 0x76, 0x69, 0xff, 0xb9, 0x78, 0x6a, 0xff, 0xb4, 0x81, 0x6f, 0xff, 0xb9, 0x8a, 0x70, 0xff, 
0xc3, 0x8a, 0x73, 0xff, 0xa9, 0x74, 0x60, 0xff, 0xa5, 0x76, 0x65, 0xff, 0xb8, 0x8f, 0x7f, 0xff, 
0xd3, 0xaf, 0xa0, 0xff, 0xba, 0x8e, 0x7f, 0xff, 0xb7, 0x8b, 0x7b, 0xff, 0xa7, 0x7e, 0x6e, 0xff, 
0xaa, 0x82, 0x71, 0xff, 0xd2, 0xb1, 0x9f, 0xff, 0xdb, 0xbb, 0xab, 0xff, 0xe7, 0xc7, 0xb6, 0xff, 
0xd8, 0xb7, 0xa6, 0xff, 0xd9, 0xb2, 0x9f, 0xff, 0xdb, 0xb5, 0xa2, 0xff, 0xc7, 0xa2, 0x8f, 0xff, 
0xc1, 0x97, 0x82, 0xff, 0xca, 0x9b, 0x8b, 0xff, 0xd1, 0xa6, 0x94, 0xff, 0xc7, 0x9c, 0x8a, 0xff, 
0xd0, 0xa9, 0x95, 0xff, 0xe4, 0xbf, 0xa7, 0xff, 0xc8, 0xa1, 0x92, 0xff, 0xcd, 0xaa, 0x9a, 0xff, 
0xe5, 0xc2, 0xae, 0xff, 0xdb, 0xb3, 0xa2, 0xff, 0xe1, 0xbe, 0xab, 0xff, 0xf2, 0xd4, 0xbf, 0xff, 
0xd1, 0xa4, 0x90, 0xff, 0xb0, 0x72, 0x65, 0xff, 0xb1, 0x71, 0x65, 0xff, 0xd6, 0x99, 0x8a, 0xff, 
0xf4, 0xbb, 0xab, 0xff, 0xeb, 0xb6, 0xa5, 0xff, 0xe9, 0xb1, 0xa1, 0xff, 0xf1, 0xc1, 0xb0, 0xff, 
0xef, 0xc9, 0xb8, 0xff, 0xe3, 0xae, 0x9e, 0xff, 0xe3, 0xb1, 0xa1, 0xff, 0xe9, 0xb3, 0xa3, 0xff, 
0xdb, 0xa4, 0x95, 0xff, 0xe2, 0xad, 0x9d, 0xff, 0xeb, 0xb0, 0xa2, 0xff, 0xe4, 0xa6, 0x99, 0xff, 
0xcd, 0x8d, 0x80, 0xff, 0xdb, 0x9f, 0x92, 0xff, 0xd9, 0x9b, 0x8e, 0xff, 0xd2, 0x8f, 0x84, 0xff, 
0xdc, 0x9f, 0x92, 0xff, 0xfe, 0xcf, 0xbe, 0xff, 0xe5, 0xb3, 0xa5, 0xff, 0xc8, 0x90, 0x85, 0xff, 
0xb7, 0x7f, 0x78, 0xff, 0xb0, 0x7b, 0x72, 0xff, 0xa7, 0x74, 0x6c, 0xff, 0xa2, 0x72, 0x67, 0xff, 
0xa7, 0x77, 0x69, 0xff, 0xb6, 0x8a, 0x7f, 0xff, 0xa1, 0x71, 0x68, 0xff, 0x86, 0x51, 0x49, 0xff, 
0x9a, 0x67, 0x5a, 0xff, 0x9a, 0x63, 0x57, 0xff, 0x97, 0x5e, 0x51, 0xff, 0xce, 0xa3, 0x90, 0xff, 
0xe9, 0xc2, 0xb2, 0xff, 0xda, 0xa5, 0x93, 0xff, 0xce, 0xa5, 0x93, 0xff, 0xa0, 0x67, 0x5a, 0xff, 
0xa2, 0x68, 0x58, 0xff, 0xb2, 0x78, 0x68, 0xff, 0x9a, 0x68, 0x5a, 0xff, 0x9d, 0x6b, 0x5c, 0xff, 
0x8b, 0x57, 0x4b, 0xff, 0x8b, 0x55, 0x4b, 0xff, 0xbe, 0x7e, 0x73, 0xff, 0xb7, 0x7e, 0x6f, 0xff, 
0xb7, 0x7e, 0x6e, 0xff, 0xaf, 0x78, 0x67, 0xff, 0xa0, 0x6c, 0x5f, 0xff, 0xa4, 0x70, 0x65, 0xff, 
0xd0, 0x93, 0x83, 0xff, 0xdb, 0x9b, 0x8c, 0xff, 0xc6, 0x89, 0x7c, 0xff, 0xc0, 0x87, 0x7a, 0xff, 
0xb5, 0x7f, 0x70, 0xff, 0xc0, 0x8d, 0x7e, 0xff, 0xd2, 0xa8, 0x9a, 0xff, 0xce, 0xab, 0xa1, 0xff, 
0xcd, 0xa7, 0x9d, 0xff, 0xd5, 0xa9, 0x99, 0xff, 0xe0, 0xc0, 0xb3, 0xff, 0xf2, 0xe0, 0xd6, 0xff, 
0xee, 0xd2, 0xc6, 0xff, 0xd9, 0xb1, 0xa1, 0xff, 0xf5, 0xe5, 0xdc, 0xff, 0xdb, 0xbe, 0xb5, 0xff, 
0xba, 0x92, 0x88, 0xff, 0xc2, 0x9a, 0x8f, 0xff, 0xcd, 0xa7, 0x9c, 0xff, 0xca, 0xa0, 0x92, 0xff, 
0xb0, 0x80, 0x72, 0xff, 0xb7, 0x89, 0x7c, 0xff, 0xb1, 0x71, 0x63, 0xff, 0xab, 0x60, 0x4c, 0xff, 
0xb2, 0x7d, 0x68, 0xff, 0xc4, 0x8c, 0x79, 0xff, 0xd3, 0xa2, 0x93, 0xff, 0xd0, 0xa4, 0x95, 0xff, 
0xcd, 0xa2, 0x90, 0xff, 0xd4, 0xa9, 0x98, 0xff, 0xd3, 0xa3, 0x8e, 0xff, 0xd1, 0x93, 0x77, 0xff, 
0xbe, 0x88, 0x75, 0xff, 0xcf, 0x9a, 0x88, 0xff, 0xd1, 0x94, 0x83, 0xff, 0xb8, 0x7f, 0x75, 0xff, 
0xcb, 0x93, 0x81, 0xff, 0xcc, 0x94, 0x7e, 0xff, 0xd9, 0x9a, 0x8e, 0xff, 0xdb, 0x9f, 0x91, 0xff, 
0xe1, 0xa6, 0x90, 0xff, 0xe2, 0xa0, 0x8b, 0xff, 0xb7, 0x7e, 0x6c, 0xff, 0xb1, 0x75, 0x63, 0xff, 
0xa9, 0x71, 0x64, 0xff, 0xb5, 0x82, 0x71, 0xff, 0xcf, 0x9b, 0x85, 0xff, 0xce, 0xa5, 0x8f, 0xff, 
0xc4, 0x9a, 0x85, 0xff, 0xb1, 0x7c, 0x69, 0xff, 0xb8, 0x82, 0x6d, 0xff, 0x9e, 0x6d, 0x5d, 0xff, 
0xa1, 0x6f, 0x5c, 0xff, 0xa2, 0x68, 0x55, 0xff, 0x91, 0x5c, 0x4e, 0xff, 0x9a, 0x61, 0x51, 0xff, 
0xa1, 0x6c, 0x5c, 0xff, 0x98, 0x6a, 0x5f, 0xff, 0xa2, 0x6d, 0x5f, 0xff, 0xab, 0x73, 0x63, 0xff, 
0x96, 0x65, 0x59, 0xff, 0xb6, 0x83, 0x73, 0xff, 0xdc, 0xa8, 0x93, 0xff, 0xd6, 0xa5, 0x96, 0xff, 
0xb8, 0x88, 0x80, 0xff, 0xaa, 0x7a, 0x73, 0xff, 0xac, 0x72, 0x66, 0xff, 0xa4, 0x69, 0x5a, 0xff, 
0xaa, 0x70, 0x66, 0xff, 0xbc, 0x85, 0x79, 0xff, 0xa1, 0x6b, 0x5f, 0xff, 0xad, 0x77, 0x6d, 0xff, 
0xbe, 0x88, 0x7e, 0xff, 0x9d, 0x6d, 0x64, 0xff, 0x8d, 0x5d, 0x52, 0xff, 0x8e, 0x5b, 0x4f, 0xff, 
0x85, 0x50, 0x47, 0xff, 0x8d, 0x54, 0x48, 0xff, 0x81, 0x52, 0x47, 0xff, 0x79, 0x4e, 0x44, 0xff, 
0x83, 0x50, 0x44, 0xff, 0x80, 0x4c, 0x3e, 0xff, 0x6e, 0x43, 0x37, 0xff, 0x64, 0x3b, 0x32, 0xff, 
0x83, 0x55, 0x4b, 0xff, 0x7f, 0x52, 0x4a, 0xff, 0x76, 0x47, 0x3f, 0xff, 0x77, 0x4f, 0x48, 0xff, 
0x74, 0x4f, 0x47, 0xff, 0x81, 0x56, 0x4f, 0xff, 0x96, 0x6a, 0x60, 0xff, 0x83, 0x57, 0x50, 0xff, 
0xbc, 0x8a, 0x7f, 0xff, 0xdb, 0xa9, 0x9b, 0xff, 0xbe, 0x8e, 0x82, 0xff, 0x93, 0x68, 0x62, 0xff, 
0x89, 0x5f, 0x59, 0xff, 0x8d, 0x61, 0x5a, 0xff, 0xa2, 0x6c, 0x5f, 0xff, 0xb7, 0x81, 0x6e, 0xff, 
0xb1, 0x7d, 0x6c, 0xff, 0xb7, 0x81, 0x71, 0xff, 0xb4, 0x7e, 0x6d, 0xff, 0x93, 0x63, 0x57, 0xff, 
0x8d, 0x5b, 0x4f, 0xff, 0x95, 0x66, 0x58, 0xff, 0xab, 0x77, 0x66, 0xff, 0xb3, 0x7c, 0x6b, 0xff, 
0xba, 0x82, 0x6c, 0xff, 0xb5, 0x7d, 0x67, 0xff, 0x98, 0x67, 0x58, 0xff, 0x86, 0x5a, 0x4d, 0xff, 
0x90, 0x64, 0x54, 0xff, 0xa7, 0x73, 0x61, 0xff, 0xb2, 0x7a, 0x66, 0xff, 0xba, 0x81, 0x6e, 0xff, 
0xce, 0x97, 0x7f, 0xff, 0xd4, 0x9f, 0x86, 0xff, 0xd9, 0xa9, 0x91, 0xff, 0xcd, 0x98, 0x81, 0xff, 
0xab, 0x72, 0x61, 0xff, 0xa3, 0x6a, 0x58, 0xff, 0xb6, 0x78, 0x60, 0xff, 0xd3, 0x94, 0x76, 0xff, 
0xde, 0xa9, 0x8e, 0xff, 0xdf, 0xb3, 0x9b, 0xff, 0xe6, 0xbb, 0xa3, 0xff, 0xf8, 0xdc, 0xc9, 0xff, 
0xed, 0xcd, 0xbb, 0xff, 0xb3, 0x8b, 0x77, 0xff, 0x97, 0x7c, 0x70, 0xff, 0xcf, 0xb5, 0xa6, 0xff, 
0xcb, 0xb0, 0xa3, 0xff, 0x82, 0x60, 0x56, 0xff, 0x99, 0x74, 0x68, 0xff, 0xd3, 0xb0, 0xa0, 0xff, 
0xd6, 0xb1, 0xa0, 0xff, 0x88, 0x60, 0x53, 0xff, 0x9f, 0x79, 0x69, 0xff, 0xc4, 0x9b, 0x87, 0xff, 
0xd5, 0xaf, 0x9d, 0xff, 0xbc, 0x97, 0x86, 0xff, 0x7f, 0x51, 0x48, 0xff, 0x8b, 0x5b, 0x4f, 0xff, 
0xd1, 0xae, 0x9f, 0xff, 0xe4, 0xc8, 0xbc, 0xff, 0xab, 0x88, 0x77, 0xff, 0xb1, 0x92, 0x80, 0xff, 
0xab, 0x89, 0x7a, 0xff, 0xb1, 0x8c, 0x7f, 0xff, 0xcb, 0xac, 0xa0, 0xff, 0xc8, 0xa8, 0x96, 0xff, 
0xd1, 0xad, 0x9a, 0xff, 0xdf, 0xbe, 0xa9, 0xff, 0xf0, 0xd2, 0xbf, 0xff, 0xe2, 0xc5, 0xb2, 0xff, 
0xdf, 0xc6, 0xb6, 0xff, 0xe3, 0xc6, 0xb7, 0xff, 0xb1, 0x8e, 0x81, 0xff, 0xa9, 0x83, 0x72, 0xff, 
0xdb, 0xb1, 0x9c, 0xff, 0xe2, 0xb9, 0xa3, 0xff, 0xdd, 0xb0, 0x9a, 0xff, 0xd3, 0x9f, 0x89, 0xff, 
0xe0, 0xae, 0x97, 0xff, 0xdd, 0xab, 0x95, 0xff, 0xaf, 0x78, 0x67, 0xff, 0xa5, 0x75, 0x65, 0xff, 
0xaf, 0x82, 0x70, 0xff, 0xb5, 0x7f, 0x6c, 0xff, 0xb5, 0x86, 0x71, 0xff, 0xaf, 0x81, 0x6e, 0xff, 
0xc4, 0x96, 0x82, 0xff, 0xbe, 0x8d, 0x7c, 0xff, 0xb6, 0x84, 0x70, 0xff, 0xbd, 0x88, 0x6f, 0xff, 
0xc2, 0x8d, 0x74, 0xff, 0xb3, 0x83, 0x6e, 0xff, 0xa4, 0x76, 0x67, 0xff, 0xc4, 0x9e, 0x8c, 0xff, 
0xcf, 0xa9, 0x97, 0xff, 0xb0, 0x84, 0x74, 0xff, 0xb0, 0x86, 0x76, 0xff, 0xac, 0x80, 0x6f, 0xff, 
0xb3, 0x88, 0x76, 0xff, 0xdb, 0xb5, 0xa1, 0xff, 0xe0, 0xbc, 0xa7, 0xff, 0xc8, 0x9d, 0x8b, 0xff, 
0xbc, 0x90, 0x81, 0xff, 0xba, 0x90, 0x7f, 0xff, 0xd4, 0xb2, 0xa1, 0xff, 0xc8, 0xa9, 0x92, 0xff, 
0xbc, 0x99, 0x86, 0xff, 0xc0, 0x95, 0x82, 0xff, 0xd1, 0xa7, 0x92, 0xff, 0xbb, 0x8f, 0x7f, 0xff, 
0xbe, 0x94, 0x82, 0xff, 0xcd, 0xa7, 0x94, 0xff, 0xe4, 0xbe, 0xa5, 0xff, 0xc6, 0x99, 0x85, 0xff, 
0xc0, 0x90, 0x7f, 0xff, 0xe2, 0xb6, 0x9f, 0xff, 0xe0, 0xbc, 0xa5, 0xff, 0xe9, 0xc9, 0xb4, 0xff, 
0xd8, 0xb1, 0x9d, 0xff, 0xd3, 0x9a, 0x8a, 0xff, 0xda, 0xa4, 0x95, 0xff, 0xee, 0xba, 0xa9, 0xff, 
0xec, 0xb3, 0xa5, 0xff, 0xda, 0x9f, 0x91, 0xff, 0xe6, 0xad, 0x9d, 0xff, 0xed, 0xb1, 0xa0, 0xff, 
0xed, 0xc3, 0xb1, 0xff, 0xed, 0xc3, 0xb3, 0xff, 0xf0, 0xbc, 0xaf, 0xff, 0xf1, 0xb8, 0xa9, 0xff, 
0xda, 0x9b, 0x8d, 0xff, 0xd6, 0x96, 0x89, 0xff, 0xde, 0xa1, 0x94, 0xff, 0xcc, 0x91, 0x83, 0xff, 
0xd4, 0x94, 0x88, 0xff, 0xe7, 0xa8, 0x9c, 0xff, 0xd8, 0x9b, 0x8e, 0xff, 0xdd, 0xa1, 0x93, 0xff, 
0xf2, 0xbe, 0xad, 0xff, 0xce, 0x9f, 0x92, 0xff, 0x99, 0x63, 0x5d, 0xff, 0xb5, 0x7c, 0x70, 0xff, 
0xbc, 0x88, 0x7e, 0xff, 0xa5, 0x73, 0x6c, 0xff, 0x9e, 0x6d, 0x66, 0xff, 0xa3, 0x71, 0x69, 0xff, 
0x98, 0x6d, 0x66, 0xff, 0xa7, 0x7a, 0x70, 0xff, 0xa4, 0x73, 0x66, 0xff, 0x97, 0x68, 0x5b, 0xff, 
0x93, 0x5d, 0x52, 0xff, 0xaa, 0x6f, 0x62, 0xff, 0xbf, 0x7e, 0x72, 0xff, 0xbe, 0x7e, 0x72, 0xff, 
0xe1, 0xb4, 0xa3, 0xff, 0xeb, 0xc3, 0xb0, 0xff, 0xbe, 0x8c, 0x79, 0xff, 0xa9, 0x6e, 0x5d, 0xff, 
0xab, 0x71, 0x60, 0xff, 0xa7, 0x6f, 0x5f, 0xff, 0xa0, 0x68, 0x59, 0xff, 0x99, 0x65, 0x58, 0xff, 
0x9f, 0x6e, 0x60, 0xff, 0xa1, 0x6e, 0x5f, 0xff, 0xcb, 0x8d, 0x7f, 0xff, 0xc3, 0x84, 0x76, 0xff, 
0xa1, 0x67, 0x59, 0xff, 0xb1, 0x76, 0x67, 0xff, 0xba, 0x80, 0x73, 0xff, 0xba, 0x83, 0x75, 0xff, 
0xbc, 0x81, 0x72, 0xff, 0xd8, 0x94, 0x84, 0xff, 0xc8, 0x89, 0x7d, 0xff, 0xb6, 0x85, 0x76, 0xff, 
0xc0, 0x95, 0x81, 0xff, 0xc4, 0x8f, 0x7d, 0xff, 0xd5, 0x9f, 0x90, 0xff, 0xcf, 0xa8, 0x9a, 0xff, 
0xd8, 0xbb, 0xaf, 0xff, 0xe2, 0xc6, 0xba, 0xff, 0xe1, 0xbe, 0xb0, 0xff, 0xd9, 0xac, 0x9d, 0xff, 
0xe8, 0xc8, 0xbb, 0xff, 0xf3, 0xd7, 0xca, 0xff, 0xe2, 0xc0, 0xb5, 0xff, 0xcc, 0xa9, 0x9f, 0xff, 
0xe7, 0xcf, 0xc5, 0xff, 0xdd, 0xb8, 0xaa, 0xff, 0xd6, 0xae, 0x9c, 0xff, 0xdb, 0xb2, 0x9e, 0xff, 
0xcc, 0x9d, 0x8c, 0xff, 0xcb, 0xa1, 0x92, 0xff, 0xc0, 0x92, 0x82, 0xff, 0xba, 0x87, 0x74, 0xff, 
0xcf, 0xa0, 0x8c, 0xff, 0xcf, 0x9a, 0x86, 0xff, 0xc1, 0x8f, 0x80, 0xff, 0xbc, 0x8d, 0x7f, 0xff, 
0xba, 0x8c, 0x7c, 0xff, 0xbe, 0x8e, 0x7e, 0xff, 0xad, 0x78, 0x6a, 0xff, 0xbb, 0x81, 0x6c, 0xff, 
0xce, 0x92, 0x79, 0xff, 0xb9, 0x79, 0x67, 0xff, 0xbb, 0x82, 0x6f, 0xff, 0xbe, 0x86, 0x75, 0xff, 
0xc4, 0x87, 0x7a, 0xff, 0xd5, 0x9a, 0x87, 0xff, 0xe0, 0xa7, 0x94, 0xff, 0xda, 0xa1, 0x89, 0xff, 
0xd6, 0x9b, 0x8b, 0xff, 0xa5, 0x68, 0x5d, 0xff, 0xb1, 0x75, 0x61, 0xff, 0xaf, 0x76, 0x65, 0xff, 
0xa7, 0x6e, 0x60, 0xff, 0xa1, 0x6c, 0x5e, 0xff, 0xc6, 0x8f, 0x78, 0xff, 0xd1, 0x9f, 0x87, 0xff, 
0xb3, 0x81, 0x6d, 0xff, 0xae, 0x79, 0x66, 0xff, 0xb4, 0x7e, 0x68, 0xff, 0x82, 0x53, 0x4a, 0xff, 
0x76, 0x4c, 0x46, 0xff, 0xa1, 0x6e, 0x5d, 0xff, 0x9c, 0x67, 0x57, 0xff, 0x9d, 0x65, 0x55, 0xff, 
0xa8, 0x6d, 0x59, 0xff, 0xa5, 0x6e, 0x5d, 0xff, 0xa3, 0x6c, 0x5d, 0xff, 0x98, 0x66, 0x5c, 0xff, 
0x91, 0x63, 0x5e, 0xff, 0x94, 0x65, 0x5c, 0xff, 0xc3, 0x90, 0x7d, 0xff, 0xc5, 0x95, 0x86, 0xff, 
0xb7, 0x88, 0x7c, 0xff, 0xa7, 0x76, 0x6e, 0xff, 0xb3, 0x76, 0x65, 0xff, 0xa8, 0x6b, 0x5d, 0xff, 
0x98, 0x66, 0x5f, 0xff, 0x8e, 0x58, 0x4b, 0xff, 0x92, 0x5f, 0x56, 0xff, 0xc1, 0x8c, 0x82, 0xff, 
0xb0, 0x7c, 0x72, 0xff, 0x85, 0x57, 0x4f, 0xff, 0x8e, 0x5d, 0x54, 0xff, 0x8d, 0x59, 0x4d, 0xff, 
0x80, 0x4f, 0x45, 0xff, 0x7f, 0x4f, 0x41, 0xff, 0x80, 0x4d, 0x3e, 0xff, 0x84, 0x4e, 0x41, 0xff, 
0x7b, 0x47, 0x3d, 0xff, 0x6c, 0x3f, 0x36, 0xff, 0x62, 0x3d, 0x35, 0xff, 0x62, 0x3c, 0x38, 0xff, 
0x8b, 0x5a, 0x52, 0xff, 0xa8, 0x71, 0x66, 0xff, 0x7d, 0x52, 0x4c, 0xff, 0x67, 0x44, 0x3e, 0xff, 
0x8b, 0x61, 0x57, 0xff, 0x79, 0x51, 0x48, 0xff, 0x74, 0x50, 0x4b, 0xff, 0x9d, 0x6e, 0x68, 0xff, 
0x98, 0x6f, 0x65, 0xff, 0xb1, 0x83, 0x78, 0xff, 0xaa, 0x7e, 0x74, 0xff, 0xa6, 0x79, 0x71, 0xff, 
0x7a, 0x50, 0x48, 0xff, 0x78, 0x4f, 0x47, 0xff, 0xa0, 0x70, 0x62, 0xff, 0x9a, 0x66, 0x57, 0xff, 
0x89, 0x59, 0x4d, 0xff, 0xa8, 0x78, 0x65, 0xff, 0xb3, 0x7f, 0x6e, 0xff, 0xaa, 0x77, 0x69, 0xff, 
0xae, 0x7b, 0x6d, 0xff, 0xaf, 0x7d, 0x6c, 0xff, 0xb5, 0x81, 0x6e, 0xff, 0xb1, 0x7d, 0x69, 0xff, 
0xb5, 0x81, 0x6e, 0xff, 0x80, 0x58, 0x4d, 0xff, 0x52, 0x3a, 0x34, 0xff, 0x78, 0x55, 0x4b, 0xff, 
0x8a, 0x5e, 0x50, 0xff, 0x96, 0x62, 0x52, 0xff, 0xa4, 0x6a, 0x5a, 0xff, 0xb4, 0x78, 0x65, 0xff, 
0xc8, 0x8e, 0x76, 0xff, 0xd7, 0xa3, 0x8a, 0xff, 0xcf, 0x99, 0x81, 0xff, 0xc1, 0x89, 0x74, 0xff, 
0xb1, 0x78, 0x64, 0xff, 0xc4, 0x8a, 0x71, 0xff, 0xcb, 0x91, 0x77, 0xff, 0xce, 0x93, 0x78, 0xff, 
0xcf, 0x97, 0x7f, 0xff, 0xd1, 0x9a, 0x81, 0xff, 0xce, 0x95, 0x7b, 0xff, 0xe4, 0xb8, 0xa2, 0xff, 
0xe3, 0xbe, 0xaa, 0xff, 0xc2, 0x9c, 0x88, 0xff, 0xea, 0xc7, 0xb3, 0xff, 0xff, 0xe8, 0xd5, 0xff, 
0xde, 0xcc, 0xc0, 0xff, 0xad, 0x8f, 0x81, 0xff, 0xdf, 0xbb, 0xa7, 0xff, 0xe5, 0xc8, 0xba, 0xff, 
0xd8, 0xb8, 0xa7, 0xff, 0x9d, 0x75, 0x67, 0xff, 0x9e, 0x7a, 0x6e, 0xff, 0xc7, 0x9e, 0x88, 0xff, 
0xd3, 0xaa, 0x95, 0xff, 0xdd, 0xbc, 0xaa, 0xff, 0xb6, 0x8b, 0x7e, 0xff, 0xb1, 0x8e, 0x82, 0xff, 
0xd4, 0xb6, 0xa8, 0xff, 0xd7, 0xb8, 0xab, 0xff, 0xd5, 0xb4, 0xa1, 0xff, 0xf1, 0xd4, 0xc5, 0xff, 
0xed, 0xd8, 0xcf, 0xff, 0xee, 0xda, 0xcf, 0xff, 0xf4, 0xe5, 0xdd, 0xff, 0xd5, 0xbf, 0xb6, 0xff, 
0xde, 0xc4, 0xb4, 0xff, 0xf2, 0xd8, 0xc5, 0xff, 0xd4, 0xb8, 0xad, 0xff, 0xd7, 0xb8, 0xac, 0xff, 
0xee, 0xcf, 0xbd, 0xff, 0xb1, 0x8a, 0x7a, 0xff, 0xa6, 0x81, 0x71, 0xff, 0xe3, 0xbf, 0xa9, 0xff, 
0xd6, 0xab, 0x97, 0xff, 0xce, 0xa4, 0x91, 0xff, 0xec, 0xc4, 0xab, 0xff, 0xee, 0xc7, 0xaf, 0xff, 
0xee, 0xce, 0xba, 0xff, 0xe4, 0xb6, 0xa2, 0xff, 0xb6, 0x7b, 0x6a, 0xff, 0xa1, 0x66, 0x56, 0xff, 
0xc0, 0x8f, 0x7d, 0xff, 0xbb, 0x8b, 0x7b, 0xff, 0xb2, 0x7d, 0x6c, 0xff, 0xae, 0x76, 0x68, 0xff, 
0xcb, 0x9a, 0x86, 0xff, 0xc3, 0x93, 0x7e, 0xff, 0xa8, 0x76, 0x60, 0xff, 0xc9, 0x9b, 0x85, 0xff, 
0xb5, 0x8a, 0x77, 0xff, 0x99, 0x68, 0x59, 0xff, 0xac, 0x7f, 0x70, 0xff, 0xb6, 0x8a, 0x78, 0xff, 
0xac, 0x81, 0x70, 0xff, 0xa2, 0x76, 0x67, 0xff, 0xae, 0x82, 0x71, 0xff, 0xd6, 0xaa, 0x91, 0xff, 
0xc0, 0x96, 0x80, 0xff, 0xbf, 0x92, 0x7e, 0xff, 0xb1, 0x84, 0x70, 0xff, 0xb3, 0x80, 0x6b, 0xff, 
0xbd, 0x8b, 0x79, 0xff, 0xa9, 0x7e, 0x70, 0xff, 0xc2, 0x99, 0x85, 0xff, 0xd3, 0xaf, 0x97, 0xff, 
0xc7, 0xa2, 0x91, 0xff, 0xc6, 0x9f, 0x87, 0xff, 0xca, 0xa3, 0x8b, 0xff, 0xba, 0x90, 0x7e, 0xff, 
0xb7, 0x8d, 0x7b, 0xff, 0xba, 0x95, 0x84, 0xff, 0xcd, 0xa6, 0x90, 0xff, 0xe4, 0xb9, 0xa1, 0xff, 
0xb8, 0x8e, 0x7d, 0xff, 0xbc, 0x98, 0x88, 0xff, 0xe5, 0xbf, 0xa9, 0xff, 0xdb, 0xb3, 0x9e, 0xff, 
0xde, 0xb8, 0xa4, 0xff, 0xdd, 0xb8, 0xa4, 0xff, 0xda, 0xad, 0x9c, 0xff, 0xe8, 0xaf, 0x9f, 0xff, 
0xdf, 0x9f, 0x92, 0xff, 0xe1, 0xac, 0x9d, 0xff, 0xf2, 0xc3, 0xb4, 0xff, 0xf5, 0xcc, 0xba, 0xff, 
0xef, 0xbd, 0xac, 0xff, 0xe4, 0xb4, 0xa6, 0xff, 0xe7, 0xb4, 0xa7, 0xff, 0xeb, 0xad, 0x9f, 0xff, 
0xe1, 0xa5, 0x97, 0xff, 0xd8, 0x9e, 0x90, 0xff, 0xe0, 0xa7, 0x98, 0xff, 0xdc, 0x9f, 0x91, 0xff, 
0xdc, 0xa1, 0x94, 0xff, 0xd7, 0x97, 0x8b, 0xff, 0xe8, 0xa9, 0x9c, 0xff, 0xf8, 0xc4, 0xb4, 0xff, 
0xe1, 0xab, 0x9d, 0xff, 0x9d, 0x64, 0x5d, 0xff, 0x9d, 0x66, 0x5e, 0xff, 0xb2, 0x79, 0x70, 0xff, 
0x9f, 0x69, 0x62, 0xff, 0xa2, 0x6e, 0x67, 0xff, 0xa6, 0x72, 0x6b, 0xff, 0xa7, 0x71, 0x68, 0xff, 
0x9e, 0x70, 0x6a, 0xff, 0x9b, 0x67, 0x5f, 0xff, 0xa8, 0x73, 0x64, 0xff, 0xba, 0x85, 0x76, 0xff, 
0xa5, 0x6d, 0x60, 0xff, 0xbb, 0x80, 0x73, 0xff, 0xc2, 0x89, 0x7d, 0xff, 0xb2, 0x76, 0x6c, 0xff, 
0xe7, 0xac, 0x9e, 0xff, 0xf2, 0xd2, 0xbd, 0xff, 0xcb, 0x9a, 0x88, 0xff, 0xb9, 0x7f, 0x6e, 0xff, 
0xad, 0x74, 0x64, 0xff, 0xaf, 0x79, 0x6a, 0xff, 0xac, 0x74, 0x66, 0xff, 0x9b, 0x63, 0x57, 0xff, 
0xa1, 0x6c, 0x5f, 0xff, 0xb8, 0x84, 0x73, 0xff, 0xcb, 0x8f, 0x7f, 0xff, 0xcd, 0x9a, 0x8b, 0xff, 
0xb7, 0x85, 0x77, 0xff, 0xbf, 0x86, 0x78, 0xff, 0xc4, 0x8b, 0x7c, 0xff, 0xbc, 0x81, 0x75, 0xff, 
0xc9, 0x8b, 0x7d, 0xff, 0xcb, 0x8a, 0x7c, 0xff, 0xb8, 0x82, 0x74, 0xff, 0xba, 0x8a, 0x7a, 0xff, 
0xd4, 0xa1, 0x92, 0xff, 0xd5, 0xa5, 0x93, 0xff, 0xbe, 0x83, 0x77, 0xff, 0xb4, 0x79, 0x6a, 0xff, 
0xda, 0xba, 0xa8, 0xff, 0xf0, 0xe0, 0xd8, 0xff, 0xed, 0xd7, 0xcc, 0xff, 0xe2, 0xc1, 0xb3, 0xff, 
0xe3, 0xbb, 0xad, 0xff, 0xf3, 0xdb, 0xd0, 0xff, 0xdf, 0xc4, 0xb9, 0xff, 0xc9, 0xa3, 0x98, 0xff, 
0xe5, 0xca, 0xbf, 0xff, 0xdf, 0xc8, 0xbe, 0xff, 0xd4, 0xb4, 0xaa, 0xff, 0xc7, 0x9c, 0x8b, 0xff, 
0xd4, 0xa5, 0x8f, 0xff, 0xea, 0xc7, 0xb4, 0xff, 0xc9, 0x9e, 0x8d, 0xff, 0xe4, 0xc1, 0xb1, 0xff, 
0xd9, 0xb1, 0xa0, 0xff, 0xb5, 0x7d, 0x6b, 0xff, 0xc2, 0x95, 0x82, 0xff, 0xc2, 0x95, 0x84, 0xff, 
0xc8, 0x94, 0x83, 0xff, 0xd2, 0x9e, 0x8a, 0xff, 0xcc, 0x98, 0x83, 0xff, 0xa5, 0x70, 0x63, 0xff, 
0xb8, 0x81, 0x6c, 0xff, 0xc3, 0x88, 0x73, 0xff, 0xc5, 0x8b, 0x75, 0xff, 0xce, 0x93, 0x74, 0xff, 
0xcc, 0x8f, 0x7b, 0xff, 0xe7, 0xaa, 0x9f, 0xff, 0xe4, 0xae, 0x98, 0xff, 0xe8, 0xb0, 0x97, 0xff, 
0xc0, 0x8b, 0x77, 0xff, 0x93, 0x5e, 0x53, 0xff, 0xbc, 0x81, 0x6d, 0xff, 0xb6, 0x78, 0x65, 0xff, 
0x9f, 0x67, 0x58, 0xff, 0x8a, 0x5b, 0x52, 0xff, 0xa2, 0x69, 0x58, 0xff, 0xb2, 0x74, 0x60, 0xff, 
0xb8, 0x84, 0x73, 0xff, 0xc6, 0x9f, 0x91, 0xff, 0xb6, 0x81, 0x6c, 0xff, 0x8b, 0x5a, 0x4d, 0xff, 
0x79, 0x4d, 0x45, 0xff, 0xba, 0x86, 0x71, 0xff, 0x8a, 0x5d, 0x50, 0xff, 0x88, 0x55, 0x49, 0xff, 
0xba, 0x7a, 0x63, 0xff, 0xb1, 0x75, 0x5f, 0xff, 0x8c, 0x60, 0x57, 0xff, 0x74, 0x4f, 0x4e, 0xff, 
0x77, 0x4e, 0x49, 0xff, 0x9d, 0x6a, 0x60, 0xff, 0xc2, 0x8b, 0x73, 0xff, 0xab, 0x70, 0x5c, 0xff, 
0x8d, 0x57, 0x4e, 0xff, 0xa5, 0x6f, 0x63, 0xff, 0xaf, 0x78, 0x6c, 0xff, 0x95, 0x62, 0x5b, 0xff, 
0x86, 0x5a, 0x55, 0xff, 0x7b, 0x49, 0x40, 0xff, 0x9a, 0x65, 0x59, 0xff, 0xc6, 0x8c, 0x82, 0xff, 
0xd0, 0x96, 0x8a, 0xff, 0xa3, 0x6e, 0x62, 0xff, 0x86, 0x52, 0x48, 0xff, 0x7c, 0x4c, 0x43, 0xff, 
0x6f, 0x45, 0x3d, 0xff, 0x73, 0x48, 0x3f, 0xff, 0x87, 0x56, 0x46, 0xff, 0x8f, 0x5a, 0x4c, 0xff, 
0x86, 0x56, 0x49, 0xff, 0x7a, 0x4d, 0x46, 0xff, 0x76, 0x4b, 0x46, 0xff, 0x7e, 0x52, 0x48, 0xff, 
0x8a, 0x5c, 0x53, 0xff, 0x71, 0x4e, 0x48, 0xff, 0x52, 0x36, 0x30, 0xff, 0x6c, 0x45, 0x3c, 0xff, 
0x7f, 0x53, 0x4b, 0xff, 0x6f, 0x49, 0x42, 0xff, 0x73, 0x49, 0x43, 0xff, 0x87, 0x60, 0x58, 0xff, 
0x66, 0x42, 0x3a, 0xff, 0x76, 0x51, 0x48, 0xff, 0x70, 0x52, 0x4d, 0xff, 0x56, 0x36, 0x2e, 0xff, 
0x6d, 0x40, 0x34, 0xff, 0x79, 0x51, 0x49, 0xff, 0x8b, 0x5c, 0x51, 0xff, 0x90, 0x5f, 0x54, 0xff, 
0x92, 0x65, 0x5b, 0xff, 0xa9, 0x78, 0x67, 0xff, 0xab, 0x74, 0x61, 0xff, 0xb1, 0x79, 0x6b, 0xff, 
0xb7, 0x82, 0x73, 0xff, 0xa8, 0x75, 0x65, 0xff, 0xa4, 0x72, 0x61, 0xff, 0xa6, 0x74, 0x63, 0xff, 
0xa7, 0x77, 0x69, 0xff, 0x89, 0x5f, 0x55, 0xff, 0x6c, 0x4a, 0x40, 0xff, 0x75, 0x50, 0x45, 0xff, 
0x92, 0x62, 0x52, 0xff, 0xa0, 0x69, 0x58, 0xff, 0xa0, 0x67, 0x59, 0xff, 0xa1, 0x68, 0x59, 0xff, 
0xbd, 0x83, 0x6f, 0xff, 0xcb, 0x93, 0x7a, 0xff, 0xc7, 0x8e, 0x76, 0xff, 0xc8, 0x90, 0x78, 0xff, 
0xd0, 0x98, 0x7d, 0xff, 0xc6, 0x86, 0x6d, 0xff, 0xb5, 0x72, 0x5c, 0xff, 0xc5, 0x8c, 0x72, 0xff, 
0xd3, 0x9e, 0x86, 0xff, 0xbf, 0x83, 0x6d, 0xff, 0xa5, 0x60, 0x4b, 0xff, 0xd4, 0x9d, 0x84, 0xff, 
0xe9, 0xbd, 0xa5, 0xff, 0xe1, 0xb0, 0x98, 0xff, 0xe1, 0xae, 0x97, 0xff, 0xc1, 0x9a, 0x88, 0xff, 
0xb0, 0x8b, 0x7b, 0xff, 0xdb, 0xb4, 0xa1, 0xff, 0xee, 0xc4, 0xad, 0xff, 0xf0, 0xd8, 0xc9, 0xff, 
0xee, 0xd3, 0xc4, 0xff, 0xc7, 0x9e, 0x8d, 0xff, 0xa0, 0x78, 0x6b, 0xff, 0xd9, 0xb4, 0xa1, 0xff, 
0xd8, 0xb4, 0xa1, 0xff, 0xc5, 0x9a, 0x89, 0xff, 0xbe, 0x95, 0x84, 0xff, 0xd4, 0xb2, 0xa0, 0xff, 
0xf4, 0xd6, 0xc6, 0xff, 0xda, 0xbc, 0xad, 0xff, 0xb4, 0x93, 0x82, 0xff, 0xe3, 0xc2, 0xb1, 0xff, 
0xf9, 0xdd, 0xcc, 0xff, 0xf0, 0xd8, 0xc9, 0xff, 0xf3, 0xdf, 0xd3, 0xff, 0xf2, 0xe3, 0xd9, 0xff, 
0xf2, 0xe1, 0xd4, 0xff, 0xda, 0xb9, 0xac, 0xff, 0xcd, 0xa5, 0x93, 0xff, 0xba, 0x8f, 0x7d, 0xff, 
0xbd, 0x94, 0x84, 0xff, 0xb8, 0x95, 0x84, 0xff, 0xc8, 0xa3, 0x8f, 0xff, 0xdb, 0xb1, 0x9a, 0xff, 
0xd8, 0xad, 0x97, 0xff, 0xde, 0xb1, 0x9a, 0xff, 0xea, 0xc2, 0xab, 0xff, 0xed, 0xd2, 0xbe, 0xff, 
0xf1, 0xd3, 0xbe, 0xff, 0xeb, 0xcb, 0xb7, 0xff, 0xd0, 0xa6, 0x93, 0xff, 0xb9, 0x86, 0x75, 0xff, 
0xd9, 0xa5, 0x92, 0xff, 0xc7, 0x85, 0x76, 0xff, 0xd2, 0x85, 0x79, 0xff, 0xec, 0xa2, 0x92, 0xff, 
0xd0, 0x8f, 0x7b, 0xff, 0xb3, 0x7b, 0x67, 0xff, 0xa5, 0x74, 0x61, 0xff, 0xc5, 0x96, 0x83, 0xff, 
0xac, 0x81, 0x70, 0xff, 0x9e, 0x72, 0x60, 0xff, 0xcc, 0xa3, 0x8d, 0xff, 0xcb, 0x9b, 0x87, 0xff, 
0xb2, 0x83, 0x71, 0xff, 0xad, 0x7f, 0x6b, 0xff, 0xbb, 0x8f, 0x7b, 0xff, 0xb5, 0x89, 0x75, 0xff, 
0xbb, 0x90, 0x7a, 0xff, 0xac, 0x7f, 0x6d, 0xff, 0xa4, 0x74, 0x63, 0xff, 0xb2, 0x83, 0x6f, 0xff, 
0xad, 0x7d, 0x69, 0xff, 0xa1, 0x73, 0x63, 0xff, 0xb4, 0x89, 0x75, 0xff, 0xc6, 0x9b, 0x86, 0xff, 
0xbe, 0x91, 0x7d, 0xff, 0xd1, 0xa7, 0x8f, 0xff, 0xc8, 0x9e, 0x89, 0xff, 0xb7, 0x8a, 0x79, 0xff, 
0xcd, 0xa4, 0x90, 0xff, 0xc8, 0xa0, 0x8c, 0xff, 0xbd, 0x94, 0x82, 0xff, 0xd1, 0xa5, 0x92, 0xff, 
0xd3, 0xb2, 0x9d, 0xff, 0xaa, 0x84, 0x77, 0xff, 0xc8, 0x9a, 0x85, 0xff, 0xba, 0x8b, 0x78, 0xff, 
0xce, 0xa2, 0x8f, 0xff, 0xdf, 0xb9, 0xa4, 0xff, 0xca, 0xa4, 0x8f, 0xff, 0xcf, 0xa3, 0x91, 0xff, 
0xe5, 0xb8, 0xa6, 0xff, 0xe6, 0xbc, 0xac, 0xff, 0xf0, 0xcf, 0xc0, 0xff, 0xef, 0xcd, 0xbf, 0xff, 
0xee, 0xb6, 0xa8, 0xff, 0xe8, 0xb9, 0xaa, 0xff, 0xe6, 0xaf, 0xa0, 0xff, 0xe7, 0xa9, 0x9c, 0xff, 
0xd9, 0x9f, 0x91, 0xff, 0xdd, 0xac, 0x9b, 0xff, 0xe9, 0xb7, 0xa6, 0xff, 0xdd, 0xa1, 0x93, 0xff, 
0xd9, 0x9e, 0x90, 0xff, 0xec, 0xbc, 0xad, 0xff, 0xf3, 0xc6, 0xb5, 0xff, 0xd6, 0xa1, 0x92, 0xff, 
0xb4, 0x7a, 0x6f, 0xff, 0xb4, 0x7a, 0x72, 0xff, 0xc0, 0x85, 0x7a, 0xff, 0xc1, 0x88, 0x7d, 0xff, 
0xbe, 0x85, 0x7b, 0xff, 0xc0, 0x83, 0x78, 0xff, 0xb8, 0x7d, 0x72, 0xff, 0xaf, 0x7a, 0x6f, 0xff, 
0xaa, 0x78, 0x6e, 0xff, 0x9b, 0x66, 0x5b, 0xff, 0xa0, 0x68, 0x5d, 0xff, 0xb6, 0x7d, 0x72, 0xff, 
0xc3, 0x8b, 0x7d, 0xff, 0xba, 0x82, 0x76, 0xff, 0xa5, 0x76, 0x6d, 0xff, 0xc7, 0x88, 0x7d, 0xff, 
0xd0, 0x94, 0x83, 0xff, 0xf0, 0xdc, 0xcb, 0xff, 0xff, 0xf0, 0xde, 0xff, 0xcd, 0xa0, 0x90, 0xff, 
0x9e, 0x60, 0x51, 0xff, 0xaa, 0x71, 0x63, 0xff, 0xa4, 0x6c, 0x5e, 0xff, 0x9b, 0x60, 0x53, 0xff, 
0x92, 0x59, 0x4c, 0xff, 0xa6, 0x6f, 0x62, 0xff, 0xda, 0x9c, 0x8c, 0xff, 0xd8, 0xa3, 0x93, 0xff, 
0xd4, 0xad, 0x99, 0xff, 0xbc, 0x8c, 0x7c, 0xff, 0xb7, 0x80, 0x71, 0xff, 0xcb, 0x8d, 0x7f, 0xff, 
0xd1, 0x94, 0x84, 0xff, 0xc1, 0x95, 0x87, 0xff, 0xbc, 0x8d, 0x7f, 0xff, 0xc2, 0x92, 0x82, 0xff, 
0xb4, 0x7f, 0x76, 0xff, 0xb2, 0x82, 0x75, 0xff, 0xb9, 0x89, 0x74, 0xff, 0xba, 0x83, 0x73, 0xff, 
0xc2, 0x8d, 0x7d, 0xff, 0xdb, 0xba, 0xae, 0xff, 0xf5, 0xec, 0xe5, 0xff, 0xf7, 0xea, 0xe1, 0xff, 
0xe6, 0xcc, 0xbf, 0xff, 0xee, 0xd9, 0xcc, 0xff, 0xf0, 0xd6, 0xca, 0xff, 0xe3, 0xc0, 0xb3, 0xff, 
0xdc, 0xc4, 0xb9, 0xff, 0xdf, 0xcb, 0xc2, 0xff, 0xb0, 0x85, 0x7c, 0xff, 0x99, 0x66, 0x5a, 0xff, 
0xb8, 0x8f, 0x81, 0xff, 0xbd, 0x92, 0x84, 0xff, 0xa6, 0x64, 0x52, 0xff, 0xb3, 0x75, 0x63, 0xff, 
0xad, 0x76, 0x69, 0xff, 0xa7, 0x6d, 0x5e, 0xff, 0xbc, 0x89, 0x78, 0xff, 0xbe, 0x8a, 0x7b, 0xff, 
0xbc, 0x83, 0x76, 0xff, 0xcd, 0x98, 0x84, 0xff, 0xe3, 0xb1, 0x95, 0xff, 0xc3, 0x8f, 0x79, 0xff, 
0xaf, 0x7b, 0x6a, 0xff, 0xc5, 0x8d, 0x76, 0xff, 0xd2, 0x96, 0x81, 0xff, 0xd9, 0x9e, 0x88, 0xff, 
0xea, 0xae, 0x9a, 0xff, 0xdb, 0x9d, 0x91, 0xff, 0xdc, 0xa6, 0x95, 0xff, 0xe1, 0xb0, 0x96, 0xff, 
0xd5, 0xa2, 0x84, 0xff, 0xd1, 0x98, 0x7c, 0xff, 0xbf, 0x86, 0x70, 0xff, 0xa6, 0x69, 0x5a, 0xff, 
0x9c, 0x62, 0x53, 0xff, 0x92, 0x61, 0x54, 0xff, 0xa4, 0x6c, 0x5f, 0xff, 0xac, 0x6d, 0x5c, 0xff, 
0xc5, 0x95, 0x85, 0xff, 0xd3, 0xab, 0x9c, 0xff, 0xb4, 0x7c, 0x68, 0xff, 0xa7, 0x6b, 0x56, 0xff, 
0xae, 0x77, 0x61, 0xff, 0xc5, 0x8b, 0x75, 0xff, 0x9d, 0x6a, 0x5a, 0xff, 0x95, 0x5c, 0x4b, 0xff, 
0xb5, 0x72, 0x5b, 0xff, 0xbf, 0x8e, 0x7a, 0xff, 0x91, 0x6e, 0x67, 0xff, 0x7c, 0x50, 0x4d, 0xff, 
0x89, 0x5b, 0x4f, 0xff, 0xb1, 0x7b, 0x68, 0xff, 0xb4, 0x7c, 0x69, 0xff, 0xa6, 0x6b, 0x5e, 0xff, 
0x9e, 0x68, 0x5e, 0xff, 0x9e, 0x6b, 0x62, 0xff, 0xbb, 0x83, 0x75, 0xff, 0x8f, 0x5c, 0x52, 0xff, 
0x74, 0x4a, 0x44, 0xff, 0x8c, 0x58, 0x4e, 0xff, 0xc0, 0x83, 0x78, 0xff, 0xc2, 0x87, 0x7b, 0xff, 
0x9d, 0x69, 0x5d, 0xff, 0x8a, 0x5a, 0x4f, 0xff, 0x8a, 0x53, 0x45, 0xff, 0x7e, 0x49, 0x3f, 0xff, 
0x74, 0x4a, 0x44, 0xff, 0x88, 0x58, 0x50, 0xff, 0x87, 0x58, 0x4f, 0xff, 0x7d, 0x51, 0x49, 0xff, 
0x8c, 0x5b, 0x4d, 0xff, 0x7a, 0x4e, 0x46, 0xff, 0x79, 0x4f, 0x48, 0xff, 0x99, 0x6d, 0x62, 0xff, 
0x8b, 0x5c, 0x50, 0xff, 0x71, 0x4a, 0x41, 0xff, 0x7b, 0x54, 0x4c, 0xff, 0xb3, 0x7f, 0x73, 0xff, 
0xaf, 0x83, 0x7b, 0xff, 0x63, 0x46, 0x43, 0xff, 0x64, 0x40, 0x39, 0xff, 0x6b, 0x45, 0x3d, 0xff, 
0x71, 0x50, 0x49, 0xff, 0x75, 0x57, 0x51, 0xff, 0x79, 0x5f, 0x5a, 0xff, 0x5b, 0x42, 0x3c, 0xff, 
0x5e, 0x38, 0x2f, 0xff, 0x69, 0x47, 0x41, 0xff, 0x86, 0x5d, 0x56, 0xff, 0xa2, 0x77, 0x6a, 0xff, 
0xb8, 0x89, 0x7c, 0xff, 0xbe, 0x8d, 0x7f, 0xff, 0xb7, 0x88, 0x7a, 0xff, 0xa9, 0x7f, 0x74, 0xff, 
0xac, 0x7e, 0x72, 0xff, 0xa3, 0x72, 0x65, 0xff, 0x98, 0x67, 0x5a, 0xff, 0x90, 0x5f, 0x51, 0xff, 
0x8f, 0x60, 0x52, 0xff, 0x91, 0x61, 0x53, 0xff, 0x93, 0x61, 0x52, 0xff, 0x9a, 0x67, 0x55, 0xff, 
0x9c, 0x69, 0x59, 0xff, 0xa3, 0x6e, 0x5b, 0xff, 0xb1, 0x78, 0x65, 0xff, 0xac, 0x73, 0x61, 0xff, 
0xb9, 0x7e, 0x6a, 0xff, 0xbf, 0x84, 0x6f, 0xff, 0xc9, 0x92, 0x79, 0xff, 0xc9, 0x91, 0x78, 0xff, 
0xc6, 0x8a, 0x71, 0xff, 0xc5, 0x80, 0x66, 0xff, 0xc5, 0x7f, 0x64, 0xff, 0xd5, 0x98, 0x79, 0xff, 
0xd1, 0x90, 0x70, 0xff, 0xc2, 0x81, 0x68, 0xff, 0xc3, 0x85, 0x6c, 0xff, 0xd8, 0xa2, 0x87, 0xff, 
0xde, 0xae, 0x94, 0xff, 0xd4, 0x9f, 0x85, 0xff, 0xcf, 0x9f, 0x87, 0xff, 0xc0, 0x96, 0x81, 0xff, 
0xd9, 0xa1, 0x87, 0xff, 0xe6, 0xb3, 0x9b, 0xff, 0xea, 0xc5, 0xb1, 0xff, 0xf2, 0xdf, 0xd2, 0xff, 
0xf5, 0xda, 0xc9, 0xff, 0xae, 0x86, 0x75, 0xff, 0x92, 0x6d, 0x62, 0xff, 0xdd, 0xbc, 0xac, 0xff, 
0xd0, 0xab, 0x9b, 0xff, 0xcd, 0xa1, 0x90, 0xff, 0xc4, 0xa1, 0x92, 0xff, 0xbc, 0x8d, 0x78, 0xff, 
0xc5, 0x94, 0x80, 0xff, 0xc1, 0x97, 0x83, 0xff, 0xbe, 0x9b, 0x8c, 0xff, 0xdd, 0xba, 0xa9, 0xff, 
0xe2, 0xb8, 0xa2, 0xff, 0xda, 0xb2, 0x9d, 0xff, 0xea, 0xca, 0xb8, 0xff, 0xf1, 0xd5, 0xc4, 0xff, 
0xf1, 0xd8, 0xca, 0xff, 0xd0, 0xb1, 0xa4, 0xff, 0xdf, 0xb8, 0xa2, 0xff, 0xd3, 0xaf, 0x9a, 0xff, 
0xb8, 0x91, 0x80, 0xff, 0xee, 0xc8, 0xb0, 0xff, 0xea, 0xc1, 0xaa, 0xff, 0xc5, 0x9a, 0x86, 0xff, 
0xd7, 0xad, 0x96, 0xff, 0xe1, 0xb6, 0x9f, 0xff, 0xe1, 0xc4, 0xb1, 0xff, 0xea, 0xcf, 0xbc, 0xff, 
0xed, 0xcf, 0xba, 0xff, 0xf6, 0xd1, 0xbb, 0xff, 0xd9, 0xae, 0x98, 0xff, 0xc9, 0x9f, 0x8b, 0xff, 
0xcf, 0xa1, 0x8e, 0xff, 0xd0, 0x92, 0x82, 0xff, 0xbd, 0x78, 0x6a, 0xff, 0xc7, 0x87, 0x75, 0xff, 
0xd5, 0x8e, 0x7d, 0xff, 0xc5, 0x81, 0x71, 0xff, 0xce, 0x97, 0x82, 0xff, 0xc8, 0x9d, 0x89, 0xff, 
0xb4, 0x7f, 0x6e, 0xff, 0xd7, 0x97, 0x80, 0xff, 0xd8, 0xa1, 0x84, 0xff, 0xc3, 0x92, 0x7b, 0xff, 
0xb9, 0x8c, 0x7a, 0xff, 0xc5, 0x98, 0x82, 0xff, 0xbf, 0x90, 0x7a, 0xff, 0xb9, 0x8f, 0x7c, 0xff, 
0xb9, 0x8c, 0x78, 0xff, 0x9a, 0x69, 0x58, 0xff, 0xb0, 0x85, 0x72, 0xff, 0xbd, 0x92, 0x7d, 0xff, 
0x9d, 0x6a, 0x59, 0xff, 0xb5, 0x8b, 0x77, 0xff, 0xb6, 0x8e, 0x78, 0xff, 0xc0, 0x96, 0x83, 0xff, 
0xc8, 0x9e, 0x87, 0xff, 0xc7, 0x9c, 0x87, 0xff, 0xbd, 0x92, 0x80, 0xff, 0xba, 0x8e, 0x7a, 0xff, 
0xbc, 0x8f, 0x7b, 0xff, 0xa4, 0x73, 0x63, 0xff, 0xab, 0x7b, 0x6c, 0xff, 0xb7, 0x8c, 0x7a, 0xff, 
0xe0, 0xbb, 0xa7, 0xff, 0xcc, 0x9b, 0x88, 0xff, 0xa0, 0x68, 0x5a, 0xff, 0xa0, 0x68, 0x5a, 0xff, 
0xbb, 0x89, 0x77, 0xff, 0xda, 0xb0, 0x9a, 0xff, 0xde, 0xbc, 0xa7, 0xff, 0xdf, 0xb9, 0xa5, 0xff, 
0xfa, 0xcb, 0xba, 0xff, 0xe7, 0xb3, 0xa4, 0xff, 0xdc, 0xa9, 0x99, 0xff, 0xe1, 0xb0, 0xa4, 0xff, 
0xed, 0xb0, 0xa3, 0xff, 0xe3, 0xaa, 0x9c, 0xff, 0xd1, 0x91, 0x84, 0xff, 0xcc, 0x8c, 0x81, 0xff, 
0xcf, 0x90, 0x85, 0xff, 0xd7, 0x9f, 0x90, 0xff, 0xd7, 0x9d, 0x8d, 0xff, 0xeb, 0xb8, 0xa9, 0xff, 
0xe4, 0xad, 0x9f, 0xff, 0xe4, 0xb3, 0xa4, 0xff, 0xc6, 0x98, 0x8a, 0xff, 0xa8, 0x6f, 0x65, 0xff, 
0xc3, 0x88, 0x7e, 0xff, 0xd2, 0x95, 0x89, 0xff, 0xd7, 0xa3, 0x96, 0xff, 0xc8, 0x95, 0x88, 0xff, 
0xbd, 0x86, 0x7a, 0xff, 0xb7, 0x7d, 0x71, 0xff, 0xaf, 0x7a, 0x6f, 0xff, 0xae, 0x7b, 0x70, 0xff, 
0xa9, 0x72, 0x64, 0xff, 0xa0, 0x67, 0x5c, 0xff, 0xc1, 0x85, 0x79, 0xff, 0xbe, 0x84, 0x78, 0xff, 
0xbe, 0x85, 0x79, 0xff, 0x9e, 0x6b, 0x62, 0xff, 0xb4, 0x78, 0x6e, 0xff, 0xe8, 0xae, 0x9f, 0xff, 
0xc3, 0x8f, 0x7c, 0xff, 0xdc, 0xba, 0xa9, 0xff, 0xfd, 0xf3, 0xe5, 0xff, 0xf1, 0xdb, 0xcc, 0xff, 
0xb7, 0x7f, 0x6e, 0xff, 0xa6, 0x69, 0x5a, 0xff, 0xa2, 0x67, 0x59, 0xff, 0xa3, 0x68, 0x5c, 0xff, 
0xa9, 0x6f, 0x60, 0xff, 0xa1, 0x6d, 0x5d, 0xff, 0xcc, 0x92, 0x82, 0xff, 0xe3, 0xa2, 0x93, 0xff, 
0xc4, 0x92, 0x80, 0xff, 0xb6, 0x85, 0x75, 0xff, 0xbf, 0x8d, 0x7c, 0xff, 0xd3, 0x94, 0x85, 0xff, 
0xc9, 0x8c, 0x7f, 0xff, 0xbf, 0x90, 0x81, 0xff, 0xd5, 0xab, 0x9b, 0xff, 0xc0, 0x92, 0x85, 0xff, 
0x8d, 0x5b, 0x52, 0xff, 0x9d, 0x71, 0x66, 0xff, 0xc3, 0x94, 0x81, 0xff, 0xc8, 0x95, 0x84, 0xff, 
0xc9, 0x91, 0x7f, 0xff, 0xc2, 0x8c, 0x79, 0xff, 0xd3, 0xb5, 0xac, 0xff, 0xe8, 0xda, 0xd4, 0xff, 
0xda, 0xbd, 0xb5, 0xff, 0xe5, 0xc4, 0xb8, 0xff, 0xdb, 0xb5, 0xa9, 0xff, 0xb8, 0x89, 0x7b, 0xff, 
0xc0, 0x9f, 0x94, 0xff, 0xae, 0x86, 0x7b, 0xff, 0xac, 0x7a, 0x6b, 0xff, 0xc8, 0x9a, 0x8a, 0xff, 
0xa0, 0x71, 0x66, 0xff, 0x95, 0x65, 0x59, 0xff, 0xb3, 0x77, 0x66, 0xff, 0xa4, 0x63, 0x4e, 0xff, 
0xa3, 0x62, 0x51, 0xff, 0xb6, 0x78, 0x65, 0xff, 0xb6, 0x7a, 0x6a, 0xff, 0xb8, 0x85, 0x7b, 0xff, 
0xbc, 0x8d, 0x82, 0xff, 0xcf, 0x97, 0x82, 0xff, 0xdb, 0xa8, 0x8e, 0xff, 0xdd, 0xae, 0x97, 0xff, 
0xd0, 0x9f, 0x88, 0xff, 0xc3, 0x8b, 0x73, 0xff, 0xc6, 0x8b, 0x78, 0xff, 0xe8, 0xad, 0xa1, 0xff, 
0xd8, 0x99, 0x8c, 0xff, 0xd1, 0x92, 0x82, 0xff, 0xda, 0xa1, 0x8f, 0xff, 0xd5, 0xa2, 0x81, 0xff, 
0xd6, 0x9d, 0x81, 0xff, 0xca, 0x8d, 0x74, 0xff, 0xc1, 0x83, 0x6e, 0xff, 0xac, 0x6f, 0x5e, 0xff, 
0xa7, 0x68, 0x59, 0xff, 0xa1, 0x64, 0x55, 0xff, 0xab, 0x70, 0x5f, 0xff, 0xba, 0x82, 0x71, 0xff, 
0xc0, 0x8d, 0x7d, 0xff, 0xb7, 0x7e, 0x6c, 0xff, 0xb4, 0x7b, 0x69, 0xff, 0xa7, 0x6b, 0x59, 0xff, 
0xae, 0x73, 0x61, 0xff, 0xb2, 0x76, 0x63, 0xff, 0xb0, 0x71, 0x5e, 0xff, 0xa4, 0x66, 0x52, 0xff, 
0xa9, 0x67, 0x50, 0xff, 0xbc, 0x89, 0x77, 0xff, 0x99, 0x6a, 0x5e, 0xff, 0x91, 0x5d, 0x53, 0xff, 
0xa8, 0x73, 0x68, 0xff, 0x9e, 0x69, 0x5a, 0xff, 0x95, 0x63, 0x57, 0xff, 0x90, 0x60, 0x56, 0xff, 
0x99, 0x64, 0x56, 0xff, 0xad, 0x7c, 0x6f, 0xff, 0xbd, 0x85, 0x7a, 0xff, 0xb9, 0x7d, 0x72, 0xff, 
0x9d, 0x68, 0x5e, 0xff, 0xb6, 0x7f, 0x73, 0xff, 0xd1, 0x95, 0x89, 0xff, 0xb1, 0x71, 0x61, 0xff, 
0x8c, 0x54, 0x46, 0xff, 0x80, 0x51, 0x49, 0xff, 0x98, 0x63, 0x58, 0xff, 0xaf, 0x75, 0x68, 0xff, 
0xae, 0x77, 0x6c, 0xff, 0x9b, 0x68, 0x5e, 0xff, 0x7b, 0x4f, 0x47, 0xff, 0x76, 0x4c, 0x43, 0xff, 
0x72, 0x4b, 0x44, 0xff, 0x73, 0x4e, 0x47, 0xff, 0x82, 0x58, 0x4f, 0xff, 0x86, 0x5e, 0x56, 0xff, 
0x73, 0x47, 0x3d, 0xff, 0x79, 0x4c, 0x41, 0xff, 0x77, 0x52, 0x4b, 0xff, 0x90, 0x67, 0x63, 0xff, 
0xa1, 0x75, 0x6e, 0xff, 0x7d, 0x57, 0x50, 0xff, 0x82, 0x5e, 0x55, 0xff, 0x6e, 0x4d, 0x45, 0xff, 
0x94, 0x6e, 0x67, 0xff, 0xa7, 0x82, 0x7c, 0xff, 0x83, 0x65, 0x5f, 0xff, 0x75, 0x55, 0x4f, 0xff, 
0x92, 0x6d, 0x66, 0xff, 0xa5, 0x7a, 0x6f, 0xff, 0xbc, 0x8d, 0x81, 0xff, 0xb9, 0x88, 0x7d, 0xff, 
0x97, 0x6c, 0x64, 0xff, 0x7d, 0x54, 0x4c, 0xff, 0x93, 0x6e, 0x65, 0xff, 0x99, 0x7a, 0x72, 0xff, 
0xae, 0x81, 0x75, 0xff, 0xa5, 0x74, 0x65, 0xff, 0x92, 0x62, 0x53, 0xff, 0x99, 0x6a, 0x57, 0xff, 
0x8f, 0x60, 0x50, 0xff, 0x92, 0x5f, 0x51, 0xff, 0x97, 0x64, 0x53, 0xff, 0x9c, 0x68, 0x56, 0xff, 
0xa2, 0x71, 0x61, 0xff, 0xb0, 0x7d, 0x6b, 0xff, 0xb4, 0x7d, 0x6a, 0xff, 0xad, 0x74, 0x61, 0xff, 
0xb4, 0x79, 0x66, 0xff, 0xb8, 0x7d, 0x69, 0xff, 0xc3, 0x89, 0x70, 0xff, 0xd0, 0x94, 0x78, 0xff, 
0xd1, 0x93, 0x78, 0xff, 0xd4, 0x9b, 0x7e, 0xff, 0xc9, 0x8a, 0x6d, 0xff, 0xc1, 0x7d, 0x62, 0xff, 
0xcb, 0x91, 0x76, 0xff, 0xd2, 0x9c, 0x82, 0xff, 0xd9, 0xa2, 0x86, 0xff, 0xce, 0x97, 0x7d, 0xff, 
0xbd, 0x80, 0x65, 0xff, 0xd6, 0xa3, 0x8a, 0xff, 0xe6, 0xb7, 0x9e, 0xff, 0xde, 0xa8, 0x8b, 0xff, 
0xe1, 0xab, 0x91, 0xff, 0xe2, 0xb0, 0x99, 0xff, 0xe0, 0xba, 0xa6, 0xff, 0xdd, 0xb3, 0x9e, 0xff, 
0xf6, 0xd9, 0xc5, 0xff, 0xc2, 0xaa, 0x9e, 0xff, 0x93, 0x6b, 0x5e, 0xff, 0xd8, 0xa8, 0x92, 0xff, 
0xca, 0x99, 0x86, 0xff, 0xde, 0xb4, 0xa2, 0xff, 0xe6, 0xc4, 0xb1, 0xff, 0xcf, 0x9e, 0x88, 0xff, 
0xd2, 0xa2, 0x8e, 0xff, 0xde, 0xb0, 0x99, 0xff, 0xe5, 0xbb, 0xa5, 0xff, 0xd9, 0xab, 0x94, 0xff, 
0xd4, 0xa4, 0x8e, 0xff, 0xda, 0xaa, 0x96, 0xff, 0xde, 0xb1, 0x9c, 0xff, 0xe5, 0xc0, 0xad, 0xff, 
0xea, 0xc6, 0xb3, 0xff, 0xd7, 0xae, 0x98, 0xff, 0xca, 0xa7, 0x95, 0xff, 0xc5, 0xa2, 0x8e, 0xff, 
0xb2, 0x8d, 0x7a, 0xff, 0xed, 0xca, 0xb3, 0xff, 0xef, 0xca, 0xb3, 0xff, 0xdc, 0xb0, 0x97, 0xff, 
0xd2, 0xaa, 0x94, 0xff, 0xd3, 0xb4, 0xa1, 0xff, 0xd4, 0xb5, 0xa3, 0xff, 0xda, 0xbc, 0xab, 0xff, 
0xda, 0xb6, 0xa1, 0xff, 0xf4, 0xd4, 0xbd, 0xff, 0xee, 0xcb, 0xb6, 0xff, 0xdd, 0xb4, 0xa0, 0xff, 
0xc4, 0x9c, 0x8b, 0xff, 0xbf, 0x89, 0x7a, 0xff, 0xc1, 0x8c, 0x7a, 0xff, 0xd2, 0x97, 0x86, 0xff, 
0xca, 0x89, 0x78, 0xff, 0xc9, 0x8d, 0x7a, 0xff, 0xd4, 0xa0, 0x89, 0xff, 0xd7, 0xa5, 0x8e, 0xff, 
0xda, 0xa5, 0x8c, 0xff, 0xcf, 0x8f, 0x79, 0xff, 0xbd, 0x81, 0x6c, 0xff, 0xbf, 0x8f, 0x75, 0xff, 
0xbe, 0x8b, 0x76, 0xff, 0xa9, 0x78, 0x65, 0xff, 0xbc, 0x8a, 0x74, 0xff, 0xbc, 0x91, 0x7c, 0xff, 
0xa2, 0x75, 0x65, 0xff, 0xb9, 0x88, 0x73, 0xff, 0xab, 0x7c, 0x68, 0xff, 0xb3, 0x87, 0x75, 0xff, 
0xa4, 0x71, 0x61, 0xff, 0xab, 0x7b, 0x66, 0xff, 0xb6, 0x8c, 0x73, 0xff, 0xd4, 0xb1, 0x9a, 0xff, 
0xd3, 0xac, 0x95, 0xff, 0xc2, 0x95, 0x82, 0xff, 0xd5, 0xae, 0x96, 0xff, 0xa9, 0x78, 0x67, 0xff, 
0x8c, 0x59, 0x4d, 0xff, 0xa0, 0x6d, 0x62, 0xff, 0xb8, 0x88, 0x78, 0xff, 0xc5, 0x9e, 0x8b, 0xff, 
0xc9, 0xa0, 0x8e, 0xff, 0xc9, 0x93, 0x7f, 0xff, 0xbb, 0x81, 0x75, 0xff, 0xb2, 0x7d, 0x70, 0xff, 
0xb5, 0x80, 0x70, 0xff, 0xe3, 0xc0, 0xaa, 0xff, 0xea, 0xcc, 0xb4, 0xff, 0xca, 0xa0, 0x8c, 0xff, 
0xd1, 0x9a, 0x8b, 0xff, 0xe8, 0xb4, 0xa4, 0xff, 0xe6, 0xb6, 0xa5, 0xff, 0xe7, 0xb5, 0xa4, 0xff, 
0xe1, 0xaf, 0x9f, 0xff, 0xcb, 0x90, 0x82, 0xff, 0xc1, 0x7d, 0x72, 0xff, 0xd5, 0x98, 0x8c, 0xff, 
0xdd, 0xa7, 0x98, 0xff, 0xde, 0xae, 0x9c, 0xff, 0xe4, 0xac, 0x9e, 0xff, 0xfa, 0xcf, 0xbe, 0xff, 
0xf6, 0xda, 0xc9, 0xff, 0xca, 0x97, 0x86, 0xff, 0xac, 0x6f, 0x63, 0xff, 0xb4, 0x7d, 0x73, 0xff, 
0xd2, 0x9b, 0x8d, 0xff, 0xcf, 0x93, 0x87, 0xff, 0xe8, 0xb5, 0xa9, 0xff, 0xcf, 0x9e, 0x8f, 0xff, 
0xc2, 0x91, 0x83, 0xff, 0xbf, 0x90, 0x84, 0xff, 0xb5, 0x80, 0x74, 0xff, 0xae, 0x77, 0x6c, 0xff, 
0x96, 0x63, 0x55, 0xff, 0xaa, 0x70, 0x63, 0xff, 0xbb, 0x83, 0x77, 0xff, 0xc9, 0x8c, 0x80, 0xff, 
0xb7, 0x7e, 0x72, 0xff, 0xbb, 0x7f, 0x73, 0xff, 0xdf, 0xa1, 0x93, 0xff, 0xc4, 0x91, 0x82, 0xff, 
0xc4, 0x90, 0x80, 0xff, 0xc2, 0x8e, 0x7c, 0xff, 0xec, 0xd2, 0xc3, 0xff, 0xfd, 0xee, 0xde, 0xff, 
0xce, 0xa0, 0x8e, 0xff, 0xbc, 0x82, 0x72, 0xff, 0xb2, 0x7b, 0x6b, 0xff, 0xaa, 0x71, 0x61, 0xff, 
0xcb, 0x95, 0x81, 0xff, 0xb0, 0x7d, 0x6a, 0xff, 0xb9, 0x7a, 0x6a, 0xff, 0xe4, 0xa4, 0x94, 0xff, 
0xbb, 0x84, 0x75, 0xff, 0xc7, 0x88, 0x7a, 0xff, 0xc8, 0x86, 0x78, 0xff, 0xc8, 0x89, 0x7c, 0xff, 
0xc5, 0x8b, 0x7f, 0xff, 0xb6, 0x80, 0x71, 0xff, 0xc5, 0x96, 0x85, 0xff, 0xd1, 0xab, 0x9c, 0xff, 
0xc8, 0xa1, 0x93, 0xff, 0xa5, 0x78, 0x6b, 0xff, 0xb0, 0x80, 0x70, 0xff, 0xd6, 0xa2, 0x8f, 0xff, 
0xd0, 0x9e, 0x8e, 0xff, 0xd5, 0x9d, 0x8a, 0xff, 0xc8, 0x95, 0x83, 0xff, 0xbf, 0x96, 0x8b, 0xff, 
0xce, 0xa2, 0x98, 0xff, 0xf1, 0xd0, 0xc5, 0xff, 0xc0, 0x93, 0x88, 0xff, 0xaa, 0x7b, 0x70, 0xff, 
0xb3, 0x88, 0x7c, 0xff, 0xa2, 0x72, 0x66, 0xff, 0xbe, 0x8e, 0x80, 0xff, 0xc5, 0x98, 0x89, 0xff, 
0xb7, 0x89, 0x7c, 0xff, 0xb8, 0x8a, 0x7a, 0xff, 0xc3, 0x8b, 0x77, 0xff, 0xb3, 0x79, 0x68, 0xff, 
0xa8, 0x76, 0x68, 0xff, 0xc5, 0x96, 0x85, 0xff, 0xd0, 0x97, 0x82, 0xff, 0xbb, 0x84, 0x76, 0xff, 
0xa9, 0x72, 0x66, 0xff, 0xc2, 0x88, 0x78, 0xff, 0xca, 0x91, 0x80, 0xff, 0xd4, 0x9a, 0x80, 0xff, 
0xd4, 0x9f, 0x88, 0xff, 0xb9, 0x84, 0x6f, 0xff, 0xcd, 0x90, 0x81, 0xff, 0xe4, 0xa7, 0x9c, 0xff, 
0xc5, 0x88, 0x7a, 0xff, 0xdd, 0xa0, 0x92, 0xff, 0xbc, 0x7f, 0x6c, 0xff, 0xc4, 0x8c, 0x74, 0xff, 
0xc4, 0x8a, 0x72, 0xff, 0xb3, 0x7a, 0x66, 0xff, 0xc1, 0x87, 0x71, 0xff, 0xc1, 0x82, 0x6e, 0xff, 
0xb3, 0x77, 0x63, 0xff, 0xaa, 0x70, 0x5f, 0xff, 0xaa, 0x6f, 0x5d, 0xff, 0xb2, 0x78, 0x65, 0xff, 
0xb3, 0x7e, 0x6f, 0xff, 0xae, 0x77, 0x66, 0xff, 0xb1, 0x7e, 0x6d, 0xff, 0xac, 0x75, 0x65, 0xff, 
0xa2, 0x67, 0x57, 0xff, 0xa2, 0x66, 0x55, 0xff, 0xa3, 0x68, 0x56, 0xff, 0x9c, 0x61, 0x50, 0xff, 
0x8e, 0x57, 0x49, 0xff, 0x98, 0x62, 0x56, 0xff, 0xa6, 0x73, 0x62, 0xff, 0xad, 0x7a, 0x6c, 0xff, 
0xb1, 0x7c, 0x72, 0xff, 0x8f, 0x5a, 0x50, 0xff, 0x92, 0x62, 0x56, 0xff, 0xa5, 0x6f, 0x62, 0xff, 
0xa9, 0x72, 0x63, 0xff, 0xc0, 0x8f, 0x7c, 0xff, 0xd0, 0x9c, 0x91, 0xff, 0xd5, 0x9b, 0x8e, 0xff, 
0xcd, 0x91, 0x84, 0xff, 0xdc, 0x9e, 0x92, 0xff, 0xb3, 0x76, 0x6a, 0xff, 0x97, 0x5d, 0x51, 0xff, 
0x90, 0x5a, 0x51, 0xff, 0x78, 0x4c, 0x44, 0xff, 0x81, 0x57, 0x4e, 0xff, 0xab, 0x7a, 0x6e, 0xff, 
0x9f, 0x6d, 0x62, 0xff, 0x90, 0x62, 0x55, 0xff, 0x91, 0x5f, 0x51, 0xff, 0x89, 0x59, 0x4d, 0xff, 
0x82, 0x59, 0x51, 0xff, 0x6c, 0x49, 0x42, 0xff, 0x64, 0x44, 0x3c, 0xff, 0x5d, 0x3c, 0x35, 0xff, 
0x6c, 0x45, 0x3f, 0xff, 0x6f, 0x47, 0x41, 0xff, 0x6d, 0x49, 0x43, 0xff, 0x5f, 0x3b, 0x35, 0xff, 
0x5a, 0x35, 0x2e, 0xff, 0x63, 0x40, 0x36, 0xff, 0x71, 0x4e, 0x45, 0xff, 0x8b, 0x67, 0x60, 0xff, 
0x90, 0x67, 0x5e, 0xff, 0x88, 0x69, 0x65, 0xff, 0x68, 0x46, 0x3d, 0xff, 0x76, 0x51, 0x48, 0xff, 
0xa8, 0x7d, 0x77, 0xff, 0xb0, 0x7f, 0x73, 0xff, 0xbb, 0x87, 0x7a, 0xff, 0x9e, 0x6a, 0x5e, 0xff, 
0x8c, 0x5e, 0x55, 0xff, 0x85, 0x5e, 0x57, 0xff, 0x8c, 0x67, 0x5d, 0xff, 0x93, 0x68, 0x5e, 0xff, 
0x93, 0x63, 0x55, 0xff, 0x98, 0x69, 0x56, 0xff, 0x93, 0x64, 0x52, 0xff, 0x9a, 0x6b, 0x5a, 0xff, 
0xa5, 0x75, 0x62, 0xff, 0x87, 0x61, 0x52, 0xff, 0x6f, 0x4a, 0x40, 0xff, 0xa4, 0x72, 0x61, 0xff, 
0xae, 0x7b, 0x67, 0xff, 0xb9, 0x83, 0x6e, 0xff, 0xb6, 0x7c, 0x68, 0xff, 0xb4, 0x7e, 0x6c, 0xff, 
0xb9, 0x81, 0x6d, 0xff, 0xa7, 0x6f, 0x5d, 0xff, 0xb4, 0x77, 0x63, 0xff, 0xd3, 0x95, 0x79, 0xff, 
0xd7, 0x9c, 0x7e, 0xff, 0xd3, 0x97, 0x7a, 0xff, 0xca, 0x8d, 0x72, 0xff, 0xcc, 0x8e, 0x73, 0xff, 
0xda, 0xaa, 0x8f, 0xff, 0xd0, 0x9b, 0x7f, 0xff, 0xce, 0x92, 0x75, 0xff, 0xc6, 0x8a, 0x70, 0xff, 
0xc4, 0x83, 0x68, 0xff, 0xd1, 0x96, 0x7d, 0xff, 0xd3, 0x9b, 0x84, 0xff, 0xd0, 0x91, 0x72, 0xff, 
0xd4, 0xa0, 0x86, 0xff, 0xdf, 0xb8, 0xa1, 0xff, 0xe4, 0xb9, 0xa1, 0xff, 0xe0, 0xae, 0x97, 0xff, 
0xde, 0xb4, 0x9e, 0xff, 0xdd, 0xbb, 0xa9, 0xff, 0x91, 0x68, 0x5c, 0xff, 0xa7, 0x7a, 0x69, 0xff, 
0xde, 0xb3, 0x9e, 0xff, 0xf5, 0xd6, 0xc3, 0xff, 0xe4, 0xc0, 0xac, 0xff, 0xd4, 0xa5, 0x8d, 0xff, 
0xdc, 0xb1, 0x9b, 0xff, 0xd9, 0xa6, 0x8e, 0xff, 0xd1, 0xa3, 0x8c, 0xff, 0xd0, 0xa3, 0x8d, 0xff, 
0xdb, 0xa9, 0x8f, 0xff, 0xd2, 0xa3, 0x8e, 0xff, 0xd3, 0xa7, 0x93, 0xff, 0xe4, 0xba, 0x9f, 0xff, 
0xe7, 0xbd, 0xa4, 0xff, 0xf2, 0xd1, 0xbd, 0xff, 0xdf, 0xc0, 0xad, 0xff, 0xd8, 0xae, 0x99, 0xff, 
0xc0, 0x99, 0x83, 0xff, 0xc2, 0x9f, 0x8c, 0xff, 0xe1, 0xb8, 0xa0, 0xff, 0xe5, 0xb9, 0x9e, 0xff, 
0xe7, 0xc4, 0xad, 0xff, 0xef, 0xd7, 0xc2, 0xff, 0xed, 0xd2, 0xbf, 0xff, 0xea, 0xcc, 0xb8, 0xff, 
0xcc, 0xae, 0x9c, 0xff, 0xe5, 0xc9, 0xb9, 0xff, 0xe5, 0xc4, 0xb4, 0xff, 0xc1, 0x98, 0x87, 0xff, 
0xbd, 0x88, 0x7a, 0xff, 0xc3, 0x89, 0x7a, 0xff, 0xcc, 0x92, 0x81, 0xff, 0xde, 0xa2, 0x90, 0xff, 
0xd5, 0xa7, 0x90, 0xff, 0xcc, 0x98, 0x83, 0xff, 0xc2, 0x8d, 0x7a, 0xff, 0xc1, 0x8e, 0x77, 0xff, 
0xc1, 0x8e, 0x77, 0xff, 0xb6, 0x81, 0x6b, 0xff, 0xbd, 0x8b, 0x78, 0xff, 0xad, 0x79, 0x65, 0xff, 
0xa8, 0x6d, 0x58, 0xff, 0xab, 0x71, 0x5b, 0xff, 0xaa, 0x70, 0x5d, 0xff, 0xc6, 0x99, 0x81, 0xff, 
0xcc, 0xa5, 0x8e, 0xff, 0xc1, 0x93, 0x7e, 0xff, 0xaf, 0x80, 0x6e, 0xff, 0xa4, 0x73, 0x63, 0xff, 
0xbc, 0x8d, 0x75, 0xff, 0xb7, 0x87, 0x70, 0xff, 0xd8, 0xb1, 0x98, 0xff, 0xde, 0xb8, 0x9e, 0xff, 
0xc7, 0x9c, 0x83, 0xff, 0xbc, 0x8f, 0x7a, 0xff, 0xba, 0x8e, 0x7b, 0xff, 0xab, 0x7b, 0x6a, 0xff, 
0xb6, 0x88, 0x78, 0xff, 0xb1, 0x82, 0x73, 0xff, 0xa7, 0x78, 0x6a, 0xff, 0xb3, 0x8c, 0x7b, 0xff, 
0xae, 0x7e, 0x6d, 0xff, 0xd2, 0xa2, 0x93, 0xff, 0xc5, 0x94, 0x86, 0xff, 0xc1, 0x8e, 0x81, 0xff, 
0xba, 0x87, 0x7b, 0xff, 0xd3, 0xab, 0x99, 0xff, 0xea, 0xc6, 0xb1, 0xff, 0xad, 0x82, 0x6e, 0xff, 
0x98, 0x6a, 0x5b, 0xff, 0xe9, 0xaf, 0xa1, 0xff, 0xef, 0xc2, 0xaf, 0xff, 0xe5, 0xcb, 0xb6, 0xff, 
0xe1, 0xbc, 0xa9, 0xff, 0xdd, 0xa2, 0x94, 0xff, 0xed, 0xbd, 0xaf, 0xff, 0xef, 0xc6, 0xb5, 0xff, 
0xde, 0xac, 0x9c, 0xff, 0xe0, 0xae, 0x9f, 0xff, 0xd7, 0xa4, 0x94, 0xff, 0xc7, 0x8f, 0x7f, 0xff, 
0xd7, 0xad, 0x9c, 0xff, 0xe7, 0xc1, 0xb0, 0xff, 0xcb, 0x99, 0x88, 0xff, 0xc6, 0x91, 0x81, 0xff, 
0xc0, 0x88, 0x7b, 0xff, 0xbe, 0x86, 0x7b, 0xff, 0xcb, 0x8b, 0x80, 0xff, 0xb6, 0x7d, 0x73, 0xff, 
0xc8, 0x9a, 0x8d, 0xff, 0xca, 0x98, 0x88, 0xff, 0xa8, 0x6f, 0x62, 0xff, 0x95, 0x5e, 0x52, 0xff, 
0x9d, 0x68, 0x5d, 0xff, 0xcb, 0x91, 0x84, 0xff, 0xbc, 0x86, 0x79, 0xff, 0xbd, 0x89, 0x7b, 0xff, 
0xc2, 0x83, 0x76, 0xff, 0xdc, 0xa0, 0x92, 0xff, 0xc9, 0x96, 0x85, 0xff, 0xac, 0x77, 0x67, 0xff, 
0xb8, 0x81, 0x72, 0xff, 0xbd, 0x89, 0x79, 0xff, 0xe7, 0xc8, 0xb8, 0xff, 0xf7, 0xe5, 0xd5, 0xff, 
0xca, 0x9c, 0x8a, 0xff, 0xb9, 0x7c, 0x6d, 0xff, 0xb9, 0x83, 0x73, 0xff, 0xb3, 0x7a, 0x66, 0xff, 
0xb8, 0x7f, 0x6e, 0xff, 0xc3, 0x93, 0x83, 0xff, 0xcd, 0xaa, 0x99, 0xff, 0xd5, 0x9c, 0x8d, 0xff, 
0xcc, 0x8b, 0x7c, 0xff, 0xdb, 0x96, 0x87, 0xff, 0xe2, 0x9c, 0x8c, 0xff, 0xc8, 0x8a, 0x7c, 0xff, 
0xb9, 0x82, 0x72, 0xff, 0xad, 0x77, 0x68, 0xff, 0xb0, 0x78, 0x68, 0xff, 0xc4, 0x92, 0x7d, 0xff, 
0xcd, 0xa4, 0x97, 0xff, 0xb8, 0x8b, 0x80, 0xff, 0xb1, 0x83, 0x73, 0xff, 0xb8, 0x89, 0x7c, 0xff, 
0xc5, 0x9e, 0x93, 0xff, 0xec, 0xc6, 0xb1, 0xff, 0xe4, 0xb4, 0x9e, 0xff, 0xd5, 0xa6, 0x8f, 0xff, 
0xe4, 0xc1, 0xaf, 0xff, 0xfe, 0xee, 0xe3, 0xff, 0xb1, 0x87, 0x7c, 0xff, 0xaa, 0x79, 0x6c, 0xff, 
0xe2, 0xbc, 0xad, 0xff, 0xc6, 0x9b, 0x8d, 0xff, 0xb3, 0x81, 0x72, 0xff, 0xaf, 0x80, 0x72, 0xff, 
0xab, 0x7b, 0x6f, 0xff, 0xae, 0x7b, 0x6e, 0xff, 0xb8, 0x85, 0x74, 0xff, 0xc5, 0x98, 0x89, 0xff, 
0xab, 0x79, 0x6d, 0xff, 0xc5, 0x96, 0x85, 0xff, 0xd6, 0x9a, 0x80, 0xff, 0xc9, 0x8d, 0x77, 0xff, 
0xbe, 0x86, 0x7a, 0xff, 0xb6, 0x80, 0x75, 0xff, 0xbe, 0x88, 0x79, 0xff, 0xc5, 0x94, 0x81, 0xff, 
0xc5, 0x8e, 0x80, 0xff, 0xc7, 0x91, 0x84, 0xff, 0xe5, 0xa8, 0x9a, 0xff, 0xc1, 0x8c, 0x80, 0xff, 
0xd4, 0xa4, 0x97, 0xff, 0xdd, 0x9d, 0x8d, 0xff, 0xac, 0x6f, 0x5d, 0xff, 0xb7, 0x81, 0x6e, 0xff, 
0xc1, 0x8b, 0x74, 0xff, 0xb3, 0x7b, 0x67, 0xff, 0xb7, 0x7e, 0x68, 0xff, 0xb3, 0x7b, 0x67, 0xff, 
0xa4, 0x6d, 0x5d, 0xff, 0xad, 0x79, 0x67, 0xff, 0x9f, 0x68, 0x58, 0xff, 0xa1, 0x6f, 0x5f, 0xff, 
0x97, 0x69, 0x58, 0xff, 0x8f, 0x5b, 0x4b, 0xff, 0xa0, 0x68, 0x59, 0xff, 0xa1, 0x6a, 0x5a, 0xff, 
0x9d, 0x66, 0x54, 0xff, 0x9c, 0x61, 0x50, 0xff, 0xa2, 0x63, 0x50, 0xff, 0x8e, 0x59, 0x4c, 0xff, 
0x6c, 0x41, 0x3b, 0xff, 0x97, 0x66, 0x5a, 0xff, 0xad, 0x7c, 0x6e, 0xff, 0xa7, 0x72, 0x68, 0xff, 
0xa3, 0x6d, 0x65, 0xff, 0x9b, 0x66, 0x5d, 0xff, 0x9b, 0x69, 0x5d, 0xff, 0xac, 0x76, 0x66, 0xff, 
0xa3, 0x6b, 0x5f, 0xff, 0xaf, 0x76, 0x6a, 0xff, 0xba, 0x80, 0x74, 0xff, 0xbf, 0x89, 0x7b, 0xff, 
0xde, 0x9e, 0x94, 0xff, 0xe8, 0xaf, 0xa3, 0xff, 0xa8, 0x7c, 0x70, 0xff, 0x81, 0x50, 0x46, 0xff, 
0x8b, 0x5b, 0x52, 0xff, 0x79, 0x52, 0x49, 0xff, 0x90, 0x68, 0x5d, 0xff, 0x8b, 0x63, 0x59, 0xff, 
0x7b, 0x53, 0x4a, 0xff, 0xab, 0x7b, 0x70, 0xff, 0x9c, 0x6c, 0x63, 0xff, 0x95, 0x63, 0x5b, 0xff, 
0x90, 0x62, 0x5c, 0xff, 0x70, 0x4a, 0x43, 0xff, 0x74, 0x4d, 0x44, 0xff, 0x6e, 0x48, 0x42, 0xff, 
0x6b, 0x47, 0x42, 0xff, 0x6e, 0x48, 0x43, 0xff, 0x6a, 0x46, 0x3f, 0xff, 0x63, 0x3e, 0x36, 0xff, 
0x70, 0x45, 0x3d, 0xff, 0x6d, 0x46, 0x3f, 0xff, 0x70, 0x4a, 0x44, 0xff, 0x8d, 0x63, 0x59, 0xff, 
0x82, 0x59, 0x51, 0xff, 0x7c, 0x59, 0x50, 0xff, 0x81, 0x5a, 0x4d, 0xff, 0x9e, 0x73, 0x6a, 0xff, 
0xaa, 0x7b, 0x6f, 0xff, 0x9e, 0x6e, 0x5f, 0xff, 0xa6, 0x75, 0x67, 0xff, 0xa3, 0x76, 0x66, 0xff, 
0xb6, 0x84, 0x73, 0xff, 0xb4, 0x83, 0x75, 0xff, 0xaa, 0x7d, 0x71, 0xff, 0x9b, 0x6c, 0x5e, 0xff, 
0x90, 0x60, 0x4d, 0xff, 0x91, 0x60, 0x4e, 0xff, 0x94, 0x64, 0x53, 0xff, 0x96, 0x66, 0x55, 0xff, 
0x8b, 0x60, 0x51, 0xff, 0x63, 0x47, 0x3c, 0xff, 0x63, 0x45, 0x3b, 0xff, 0x98, 0x69, 0x58, 0xff, 
0xa7, 0x6d, 0x5a, 0xff, 0xab, 0x70, 0x5d, 0xff, 0xae, 0x70, 0x5c, 0xff, 0xa1, 0x67, 0x58, 0xff, 
0x9f, 0x68, 0x59, 0xff, 0xa5, 0x6d, 0x5b, 0xff, 0xbe, 0x82, 0x6b, 0xff, 0xc5, 0x87, 0x6e, 0xff, 
0xcc, 0x8f, 0x73, 0xff, 0xc7, 0x8c, 0x74, 0xff, 0xc9, 0x90, 0x77, 0xff, 0xd1, 0x99, 0x7f, 0xff, 
0xcd, 0x94, 0x7b, 0xff, 0xcf, 0x96, 0x7d, 0xff, 0xbc, 0x81, 0x6b, 0xff, 0xbe, 0x81, 0x6a, 0xff, 
0xc7, 0x88, 0x6d, 0xff, 0xbe, 0x79, 0x5e, 0xff, 0xc2, 0x81, 0x65, 0xff, 0xcc, 0x8e, 0x72, 0xff, 
0xcf, 0x92, 0x74, 0xff, 0xe9, 0xbe, 0xa5, 0xff, 0xea, 0xc9, 0xb5, 0xff, 0xd5, 0xac, 0x97, 0xff, 
0xd3, 0xa2, 0x8a, 0xff, 0xcb, 0x9e, 0x89, 0xff, 0x80, 0x5b, 0x51, 0xff, 0xad, 0x80, 0x71, 0xff, 
0xec, 0xc6, 0xb1, 0xff, 0xe1, 0xbf, 0xab, 0xff, 0xd5, 0xa9, 0x93, 0xff, 0xe1, 0xb9, 0xa0, 0xff, 
0xcb, 0x9e, 0x87, 0xff, 0xd2, 0x9f, 0x86, 0xff, 0xd2, 0x9d, 0x84, 0xff, 0xce, 0x97, 0x7e, 0xff, 
0xd4, 0x9e, 0x87, 0xff, 0xca, 0x9a, 0x86, 0xff, 0xd7, 0xac, 0x95, 0xff, 0xe4, 0xbc, 0xa3, 0xff, 
0xe4, 0xc4, 0xb1, 0xff, 0xea, 0xc8, 0xb2, 0xff, 0xe5, 0xbb, 0xa1, 0xff, 0xdc, 0xb1, 0x9a, 0xff, 
0xb0, 0x8a, 0x76, 0xff, 0xb6, 0x90, 0x7c, 0xff, 0xdc, 0xb5, 0x9d, 0xff, 0xf5, 0xd1, 0xba, 0xff, 
0xe5, 0xd4, 0xc7, 0xff, 0xf3, 0xe3, 0xd6, 0xff, 0xff, 0xf3, 0xe6, 0xff, 0xfd, 0xec, 0xe0, 0xff, 
0xe1, 0xc9, 0xbb, 0xff, 0xae, 0x86, 0x78, 0xff, 0xc1, 0x97, 0x87, 0xff, 0xc4, 0x9a, 0x88, 0xff, 
0xbd, 0x8a, 0x78, 0xff, 0xac, 0x6c, 0x5f, 0xff, 0xb2, 0x74, 0x68, 0xff, 0xc3, 0x92, 0x7d, 0xff, 
0xbf, 0x8e, 0x79, 0xff, 0xbe, 0x8d, 0x7c, 0xff, 0xb0, 0x7d, 0x6c, 0xff, 0xb4, 0x7f, 0x6d, 0xff, 
0xba, 0x83, 0x6f, 0xff, 0xca, 0x93, 0x7e, 0xff, 0xb5, 0x7e, 0x6c, 0xff, 0x97, 0x5b, 0x4e, 0xff, 
0x9b, 0x62, 0x50, 0xff, 0xb0, 0x78, 0x63, 0xff, 0xb7, 0x81, 0x6d, 0xff, 0xba, 0x8a, 0x75, 0xff, 
0xbc, 0x8c, 0x76, 0xff, 0xa5, 0x78, 0x66, 0xff, 0xb1, 0x85, 0x73, 0xff, 0xc4, 0x95, 0x7e, 0xff, 
0xc1, 0x8d, 0x74, 0xff, 0xc3, 0x92, 0x7c, 0xff, 0xc7, 0x99, 0x84, 0xff, 0xd6, 0xaf, 0x95, 0xff, 
0xbf, 0x92, 0x7c, 0xff, 0xc2, 0x92, 0x7c, 0xff, 0xb9, 0x8d, 0x7c, 0xff, 0xcc, 0xa4, 0x90, 0xff, 
0xcf, 0xa6, 0x92, 0xff, 0x9f, 0x6a, 0x5b, 0xff, 0xaf, 0x81, 0x72, 0xff, 0xcb, 0xa9, 0x98, 0xff, 
0xb9, 0x8f, 0x80, 0xff, 0xcd, 0xa0, 0x92, 0xff, 0xc1, 0x90, 0x82, 0xff, 0xc0, 0x92, 0x84, 0xff, 
0xc3, 0x92, 0x85, 0xff, 0xc4, 0x94, 0x85, 0xff, 0xd3, 0xa7, 0x96, 0xff, 0xb1, 0x83, 0x71, 0xff, 
0x9e, 0x70, 0x60, 0xff, 0xa7, 0x79, 0x69, 0xff, 0xdd, 0xac, 0x9a, 0xff, 0xe8, 0xbc, 0xab, 0xff, 
0xde, 0xb0, 0x9d, 0xff, 0xee, 0xbb, 0xab, 0xff, 0xf2, 0xca, 0xba, 0xff, 0xdf, 0xb4, 0xa3, 0xff, 
0xcd, 0x97, 0x84, 0xff, 0xcb, 0x9a, 0x86, 0xff, 0xcb, 0x99, 0x88, 0xff, 0xc3, 0x8e, 0x7e, 0xff, 
0xc2, 0x89, 0x78, 0xff, 0xd9, 0xa9, 0x98, 0xff, 0xdc, 0xb1, 0xa0, 0xff, 0xd8, 0xa9, 0x98, 0xff, 
0xc0, 0x8d, 0x80, 0xff, 0xc5, 0x92, 0x85, 0xff, 0xca, 0x98, 0x8a, 0xff, 0xb2, 0x7a, 0x71, 0xff, 
0xba, 0x82, 0x74, 0xff, 0xbf, 0x85, 0x71, 0xff, 0xab, 0x6f, 0x5c, 0xff, 0xac, 0x72, 0x60, 0xff, 
0xc3, 0x88, 0x79, 0xff, 0xb4, 0x79, 0x6e, 0xff, 0xba, 0x7e, 0x70, 0xff, 0xd5, 0xa3, 0x91, 0xff, 
0xdf, 0xa5, 0x98, 0xff, 0xbe, 0x86, 0x79, 0xff, 0xb8, 0x84, 0x75, 0xff, 0xbb, 0x83, 0x74, 0xff, 
0xbf, 0x89, 0x7a, 0xff, 0xb1, 0x78, 0x6b, 0xff, 0xbd, 0x88, 0x76, 0xff, 0xe9, 0xd3, 0xc2, 0xff, 
0xd6, 0xb0, 0x9e, 0xff, 0xbd, 0x84, 0x72, 0xff, 0xb7, 0x83, 0x73, 0xff, 0xc1, 0x8e, 0x7f, 0xff, 
0xb1, 0x74, 0x66, 0xff, 0xc5, 0x94, 0x83, 0xff, 0xe4, 0xcc, 0xb9, 0xff, 0xbd, 0x91, 0x81, 0xff, 
0xc4, 0x7e, 0x72, 0xff, 0xc7, 0x86, 0x76, 0xff, 0xdb, 0x96, 0x86, 0xff, 0xc2, 0x85, 0x76, 0xff, 
0xb1, 0x7a, 0x6a, 0xff, 0xaf, 0x74, 0x68, 0xff, 0xaa, 0x71, 0x66, 0xff, 0xb5, 0x7f, 0x6b, 0xff, 
0xc0, 0x8a, 0x7b, 0xff, 0xc0, 0x8f, 0x84, 0xff, 0xc4, 0x94, 0x87, 0xff, 0xbb, 0x8f, 0x84, 0xff, 
0xdf, 0xbd, 0xae, 0xff, 0xef, 0xd1, 0xc0, 0xff, 0xdd, 0xb3, 0xa0, 0xff, 0xe5, 0xbd, 0xab, 0xff, 
0xe2, 0xbc, 0xab, 0xff, 0xef, 0xd2, 0xc3, 0xff, 0xbb, 0x92, 0x85, 0xff, 0xb5, 0x86, 0x79, 0xff, 
0xdf, 0xb6, 0xa6, 0xff, 0xe1, 0xb6, 0xa6, 0xff, 0xb9, 0x8b, 0x7c, 0xff, 0xa1, 0x6e, 0x5f, 0xff, 
0xc3, 0x98, 0x8a, 0xff, 0xb3, 0x82, 0x75, 0xff, 0xac, 0x76, 0x67, 0xff, 0xc0, 0x93, 0x83, 0xff, 
0xb8, 0x8b, 0x7c, 0xff, 0xb8, 0x85, 0x75, 0xff, 0xc4, 0x87, 0x75, 0xff, 0xd6, 0x9e, 0x8c, 0xff, 
0xc5, 0x91, 0x84, 0xff, 0xbb, 0x89, 0x7f, 0xff, 0xac, 0x7c, 0x6f, 0xff, 0xb0, 0x7e, 0x71, 0xff, 
0xba, 0x86, 0x7c, 0xff, 0xe6, 0xa9, 0x9d, 0xff, 0xd5, 0x99, 0x8c, 0xff, 0xb6, 0x87, 0x7a, 0xff, 
0xca, 0x95, 0x87, 0xff, 0xd2, 0x94, 0x84, 0xff, 0xa4, 0x69, 0x5a, 0xff, 0xa2, 0x6b, 0x5e, 0xff, 
0xbd, 0x88, 0x74, 0xff, 0xa4, 0x67, 0x58, 0xff, 0x99, 0x5f, 0x50, 0xff, 0xa4, 0x6c, 0x5a, 0xff, 
0xab, 0x72, 0x60, 0xff, 0xa8, 0x74, 0x61, 0xff, 0xa0, 0x69, 0x59, 0xff, 0x99, 0x68, 0x59, 0xff, 
0x95, 0x67, 0x56, 0xff, 0x84, 0x58, 0x4c, 0xff, 0x91, 0x5a, 0x4d, 0xff, 0xa8, 0x6a, 0x58, 0xff, 
0xad, 0x77, 0x65, 0xff, 0x9d, 0x65, 0x55, 0xff, 0x8c, 0x4f, 0x42, 0xff, 0x87, 0x56, 0x4a, 0xff, 
0x91, 0x5c, 0x4d, 0xff, 0xa3, 0x67, 0x5a, 0xff, 0xb0, 0x76, 0x6e, 0xff, 0xa1, 0x6a, 0x61, 0xff, 
0xa0, 0x77, 0x6c, 0xff, 0xb1, 0x87, 0x7a, 0xff, 0xb6, 0x80, 0x73, 0xff, 0x9d, 0x66, 0x57, 0xff, 
0xb1, 0x77, 0x69, 0xff, 0xd5, 0x9c, 0x8f, 0xff, 0xa7, 0x71, 0x64, 0xff, 0xab, 0x73, 0x67, 0xff, 
0xbf, 0x86, 0x76, 0xff, 0x9d, 0x6f, 0x62, 0xff, 0x8b, 0x62, 0x57, 0xff, 0x87, 0x55, 0x4c, 0xff, 
0x85, 0x5a, 0x51, 0xff, 0x78, 0x54, 0x4d, 0xff, 0x84, 0x5a, 0x53, 0xff, 0x81, 0x53, 0x4d, 0xff, 
0x74, 0x45, 0x3b, 0xff, 0xc3, 0x90, 0x82, 0xff, 0xd4, 0xa5, 0x9d, 0xff, 0x8b, 0x5f, 0x5b, 0xff, 
0x86, 0x59, 0x52, 0xff, 0x85, 0x5a, 0x52, 0xff, 0x7e, 0x56, 0x4f, 0xff, 0x93, 0x68, 0x60, 0xff, 
0x80, 0x58, 0x52, 0xff, 0x8f, 0x66, 0x5e, 0xff, 0x8a, 0x62, 0x5b, 0xff, 0x80, 0x59, 0x52, 0xff, 
0x83, 0x55, 0x4e, 0xff, 0x6b, 0x42, 0x3e, 0xff, 0x77, 0x52, 0x4d, 0xff, 0x87, 0x5c, 0x52, 0xff, 
0x83, 0x57, 0x4a, 0xff, 0x90, 0x62, 0x56, 0xff, 0x90, 0x64, 0x5c, 0xff, 0x7f, 0x57, 0x4f, 0xff, 
0x8c, 0x62, 0x54, 0xff, 0x9f, 0x6d, 0x5c, 0xff, 0xa8, 0x79, 0x66, 0xff, 0xa6, 0x7d, 0x6e, 0xff, 
0xb8, 0x8a, 0x79, 0xff, 0xab, 0x7b, 0x67, 0xff, 0xa0, 0x73, 0x60, 0xff, 0x9d, 0x70, 0x5b, 0xff, 
0x9e, 0x6c, 0x59, 0xff, 0x88, 0x54, 0x46, 0xff, 0x99, 0x65, 0x54, 0xff, 0x9a, 0x6a, 0x59, 0xff, 
0x5c, 0x3c, 0x33, 0xff, 0x4e, 0x32, 0x2b, 0xff, 0x7f, 0x52, 0x45, 0xff, 0x9e, 0x67, 0x56, 0xff, 
0xaa, 0x6e, 0x5c, 0xff, 0xb1, 0x77, 0x63, 0xff, 0xc1, 0x88, 0x71, 0xff, 0xab, 0x6f, 0x5b, 0xff, 
0x91, 0x53, 0x44, 0xff, 0xa6, 0x68, 0x56, 0xff, 0xc2, 0x80, 0x65, 0xff, 0xbb, 0x79, 0x5f, 0xff, 
0xc3, 0x85, 0x6e, 0xff, 0xbf, 0x84, 0x71, 0xff, 0xce, 0x95, 0x7d, 0xff, 0xcd, 0x96, 0x7d, 0xff, 
0xc2, 0x8a, 0x73, 0xff, 0xbc, 0x85, 0x70, 0xff, 0xba, 0x81, 0x6c, 0xff, 0xbb, 0x7c, 0x68, 0xff, 
0xbc, 0x7e, 0x67, 0xff, 0xc8, 0x8d, 0x74, 0xff, 0xc2, 0x86, 0x6e, 0xff, 0xb2, 0x72, 0x5d, 0xff, 
0xd4, 0x96, 0x79, 0xff, 0xe0, 0xa8, 0x8b, 0xff, 0xd9, 0xaf, 0x95, 0xff, 0xdd, 0xbc, 0xa7, 0xff, 
0xec, 0xc6, 0xb0, 0xff, 0xe1, 0xbd, 0xaa, 0xff, 0xa4, 0x80, 0x6f, 0xff, 0xb7, 0x8e, 0x7a, 0xff, 
0xde, 0xb3, 0x9d, 0xff, 0xd4, 0xa2, 0x8a, 0xff, 0xdd, 0xb3, 0x9c, 0xff, 0xe3, 0xbb, 0xa3, 0xff, 
0xca, 0x97, 0x7f, 0xff, 0xcd, 0x9a, 0x81, 0xff, 0xd5, 0xa2, 0x88, 0xff, 0xd3, 0x9d, 0x84, 0xff, 
0xcf, 0x97, 0x80, 0xff, 0xdd, 0xb0, 0x97, 0xff, 0xd9, 0xb2, 0x99, 0xff, 0xcf, 0xa9, 0x95, 0xff, 
0xdb, 0xb9, 0xa3, 0xff, 0xe5, 0xba, 0xa0, 0xff, 0xf0, 0xc1, 0xa7, 0xff, 0xc3, 0x98, 0x84, 0xff, 
0xaa, 0x82, 0x70, 0xff, 0xe4, 0xba, 0xa0, 0xff, 0xe2, 0xb8, 0x9c, 0xff, 0xe3, 0xd0, 0xc1, 0xff, 
0xf2, 0xec, 0xe5, 0xff, 0xf3, 0xe3, 0xd6, 0xff, 0xf0, 0xd8, 0xc9, 0xff, 0xea, 0xca, 0xb7, 0xff, 
0xea, 0xc0, 0xa7, 0xff, 0xb8, 0x8c, 0x79, 0xff, 0xa1, 0x73, 0x61, 0xff, 0xad, 0x7a, 0x66, 0xff, 
0xb4, 0x7f, 0x6b, 0xff, 0xa8, 0x6b, 0x5b, 0xff, 0xad, 0x71, 0x62, 0xff, 0xb9, 0x88, 0x74, 0xff, 
0xa1, 0x69, 0x54, 0xff, 0xaa, 0x6b, 0x5a, 0xff, 0xad, 0x74, 0x67, 0xff, 0xb1, 0x7b, 0x69, 0xff, 
0xc1, 0x8d, 0x76, 0xff, 0xcb, 0x98, 0x83, 0xff, 0xc1, 0x82, 0x70, 0xff, 0xad, 0x70, 0x5e, 0xff, 
0xa7, 0x77, 0x62, 0xff, 0xae, 0x78, 0x65, 0xff, 0xba, 0x84, 0x6f, 0xff, 0xb8, 0x86, 0x72, 0xff, 
0xa6, 0x6f, 0x5e, 0xff, 0xb0, 0x7f, 0x6a, 0xff, 0xaf, 0x82, 0x6d, 0xff, 0xb0, 0x7c, 0x6b, 0xff, 
0xaa, 0x6f, 0x5d, 0xff, 0xc8, 0x98, 0x81, 0xff, 0xc5, 0x98, 0x83, 0xff, 0xd2, 0xad, 0x95, 0xff, 
0xd8, 0xb0, 0x99, 0xff, 0xce, 0xa2, 0x8c, 0xff, 0xc1, 0x93, 0x82, 0xff, 0xd0, 0xa6, 0x90, 0xff, 
0xcd, 0xa6, 0x93, 0xff, 0xb0, 0x83, 0x75, 0xff, 0xb5, 0x8b, 0x7c, 0xff, 0xdc, 0xbd, 0xad, 0xff, 
0xdb, 0xb5, 0xa4, 0xff, 0xd1, 0xa5, 0x96, 0xff, 0xd9, 0xad, 0xa0, 0xff, 0xd4, 0xac, 0x9e, 0xff, 
0xd0, 0xa6, 0x97, 0xff, 0xcc, 0x99, 0x8c, 0xff, 0xc1, 0x8e, 0x81, 0xff, 0xb9, 0x88, 0x79, 0xff, 
0xab, 0x7f, 0x70, 0xff, 0x9c, 0x74, 0x63, 0xff, 0xc7, 0x9b, 0x85, 0xff, 0xd5, 0xa3, 0x92, 0xff, 
0xd6, 0xaa, 0x98, 0xff, 0xd6, 0xa4, 0x92, 0xff, 0xc9, 0x8d, 0x7e, 0xff, 0xce, 0x9e, 0x8b, 0xff, 
0xca, 0x9b, 0x85, 0xff, 0xdb, 0xad, 0x97, 0xff, 0xe9, 0xbe, 0xad, 0xff, 0xdd, 0xae, 0x9b, 0xff, 
0xd2, 0xa1, 0x8f, 0xff, 0xc8, 0x92, 0x81, 0xff, 0xbf, 0x88, 0x79, 0xff, 0xc9, 0x97, 0x87, 0xff, 
0xc8, 0x94, 0x84, 0xff, 0xc5, 0x93, 0x85, 0xff, 0xce, 0x9b, 0x88, 0xff, 0xcb, 0x95, 0x82, 0xff, 
0xc0, 0x8a, 0x7a, 0xff, 0xba, 0x84, 0x72, 0xff, 0xc8, 0x93, 0x80, 0xff, 0xee, 0xc0, 0xab, 0xff, 
0xe3, 0xb1, 0x9b, 0xff, 0xa8, 0x71, 0x63, 0xff, 0xb2, 0x7e, 0x71, 0xff, 0xd6, 0xa2, 0x94, 0xff, 
0xda, 0x9e, 0x90, 0xff, 0xc0, 0x89, 0x79, 0xff, 0xc7, 0x8f, 0x80, 0xff, 0xc5, 0x8c, 0x7e, 0xff, 
0xc7, 0x94, 0x84, 0xff, 0xb8, 0x7d, 0x6e, 0xff, 0xb6, 0x7f, 0x6d, 0xff, 0xd5, 0xa7, 0x93, 0xff, 
0xda, 0xab, 0x98, 0xff, 0xd1, 0xa8, 0x96, 0xff, 0xce, 0xa3, 0x94, 0xff, 0xc4, 0x8c, 0x7c, 0xff, 
0xcb, 0x9a, 0x8a, 0xff, 0xcc, 0xa1, 0x8f, 0xff, 0xbf, 0x96, 0x82, 0xff, 0xa8, 0x74, 0x64, 0xff, 
0xd3, 0x90, 0x83, 0xff, 0xec, 0xa5, 0x94, 0xff, 0xd6, 0x93, 0x84, 0xff, 0xbd, 0x80, 0x75, 0xff, 
0xb6, 0x7e, 0x72, 0xff, 0xbc, 0x81, 0x73, 0xff, 0xb1, 0x76, 0x6c, 0xff, 0xb5, 0x7f, 0x73, 0xff, 
0xc7, 0x90, 0x83, 0xff, 0xc6, 0x91, 0x87, 0xff, 0xce, 0x9d, 0x8e, 0xff, 0xce, 0xa1, 0x8e, 0xff, 
0xdc, 0xb2, 0x9e, 0xff, 0xe9, 0xc5, 0xb4, 0xff, 0xda, 0xb0, 0x9e, 0xff, 0xc2, 0x8e, 0x80, 0xff, 
0xcb, 0x9c, 0x8d, 0xff, 0xea, 0xc9, 0xb8, 0xff, 0xea, 0xcf, 0xc2, 0xff, 0xd0, 0xa8, 0x9c, 0xff, 
0xc5, 0x95, 0x87, 0xff, 0xda, 0xab, 0x9b, 0xff, 0xd1, 0xa6, 0x93, 0xff, 0xb3, 0x7f, 0x6c, 0xff, 
0xc5, 0x97, 0x85, 0xff, 0xb8, 0x8b, 0x7c, 0xff, 0xc6, 0x99, 0x8a, 0xff, 0xa5, 0x73, 0x66, 0xff, 
0xb1, 0x7e, 0x70, 0xff, 0xb1, 0x74, 0x65, 0xff, 0xab, 0x6f, 0x63, 0xff, 0xc8, 0x91, 0x82, 0xff, 
0xcf, 0x93, 0x7f, 0xff, 0xc3, 0x8e, 0x81, 0xff, 0x9f, 0x70, 0x66, 0xff, 0x9d, 0x6b, 0x5e, 0xff, 
0xcf, 0x96, 0x8a, 0xff, 0xe6, 0xab, 0x9d, 0xff, 0xc1, 0x99, 0x8e, 0xff, 0xc3, 0x9f, 0x91, 0xff, 
0xc5, 0x8c, 0x7d, 0xff, 0xb4, 0x7a, 0x6b, 0xff, 0xa1, 0x74, 0x64, 0xff, 0x9b, 0x64, 0x58, 0xff, 
0xa4, 0x69, 0x59, 0xff, 0xb4, 0x7c, 0x65, 0xff, 0xa9, 0x71, 0x61, 0xff, 0xa5, 0x6a, 0x59, 0xff, 
0xb1, 0x77, 0x62, 0xff, 0xa4, 0x68, 0x55, 0xff, 0xa5, 0x6a, 0x58, 0xff, 0x99, 0x5e, 0x4f, 0xff, 
0x94, 0x5b, 0x4e, 0xff, 0xa1, 0x6d, 0x5e, 0xff, 0x8b, 0x5e, 0x51, 0xff, 0x8b, 0x5b, 0x4e, 0xff, 
0xae, 0x76, 0x64, 0xff, 0xa8, 0x76, 0x68, 0xff, 0x94, 0x67, 0x5d, 0xff, 0x8e, 0x57, 0x48, 0xff, 
0xa2, 0x64, 0x50, 0xff, 0xac, 0x73, 0x66, 0xff, 0xa8, 0x74, 0x6d, 0xff, 0x96, 0x63, 0x59, 0xff, 
0xba, 0x98, 0x8a, 0xff, 0xcb, 0x95, 0x8a, 0xff, 0xb1, 0x77, 0x6c, 0xff, 0xb7, 0x81, 0x73, 0xff, 
0xc4, 0x8a, 0x7c, 0xff, 0xb6, 0x81, 0x72, 0xff, 0xa2, 0x71, 0x66, 0xff, 0x7d, 0x4a, 0x41, 0xff, 
0x87, 0x53, 0x43, 0xff, 0xa1, 0x69, 0x59, 0xff, 0x93, 0x5a, 0x4d, 0xff, 0x7d, 0x4d, 0x43, 0xff, 
0x6d, 0x47, 0x41, 0xff, 0x61, 0x3f, 0x3c, 0xff, 0x5e, 0x3a, 0x36, 0xff, 0x6a, 0x42, 0x3b, 0xff, 
0x77, 0x46, 0x3c, 0xff, 0xb4, 0x80, 0x76, 0xff, 0xb7, 0x88, 0x7b, 0xff, 0x94, 0x6a, 0x62, 0xff, 
0x9a, 0x6c, 0x63, 0xff, 0x9d, 0x70, 0x66, 0xff, 0x93, 0x6b, 0x62, 0xff, 0x96, 0x6c, 0x64, 0xff, 
0x86, 0x60, 0x59, 0xff, 0x86, 0x60, 0x59, 0xff, 0x8c, 0x65, 0x5e, 0xff, 0x9d, 0x72, 0x69, 0xff, 
0xae, 0x81, 0x78, 0xff, 0x89, 0x61, 0x5a, 0xff, 0x6f, 0x49, 0x42, 0xff, 0x80, 0x57, 0x4c, 0xff, 
0xa8, 0x79, 0x6d, 0xff, 0x98, 0x6b, 0x61, 0xff, 0x7d, 0x51, 0x4a, 0xff, 0x75, 0x4b, 0x47, 0xff, 
0x7c, 0x54, 0x4b, 0xff, 0x9c, 0x6a, 0x59, 0xff, 0x95, 0x65, 0x53, 0xff, 0xa8, 0x79, 0x6e, 0xff, 
0xb6, 0x88, 0x76, 0xff, 0x9f, 0x74, 0x61, 0xff, 0x97, 0x6a, 0x5a, 0xff, 0x92, 0x64, 0x4f, 0xff, 
0x99, 0x65, 0x52, 0xff, 0x8d, 0x58, 0x48, 0xff, 0x92, 0x61, 0x4e, 0xff, 0x90, 0x61, 0x51, 0xff, 
0x67, 0x41, 0x38, 0xff, 0x60, 0x3f, 0x37, 0xff, 0x6c, 0x48, 0x3e, 0xff, 0x8e, 0x60, 0x50, 0xff, 
0xab, 0x74, 0x62, 0xff, 0xb6, 0x78, 0x62, 0xff, 0xaa, 0x6d, 0x59, 0xff, 0xb0, 0x72, 0x5d, 0xff, 
0xae, 0x74, 0x5f, 0xff, 0xb5, 0x76, 0x5f, 0xff, 0xb2, 0x75, 0x5f, 0xff, 0xcd, 0x93, 0x7a, 0xff, 
0xd5, 0xa0, 0x88, 0xff, 0xdb, 0xa8, 0x8f, 0xff, 0xcf, 0x99, 0x81, 0xff, 0xc1, 0x87, 0x71, 0xff, 
0xbc, 0x82, 0x6e, 0xff, 0xc3, 0x8d, 0x78, 0xff, 0xca, 0x93, 0x7a, 0xff, 0xc3, 0x87, 0x6f, 0xff, 
0xcb, 0x8f, 0x75, 0xff, 0xd3, 0x99, 0x7d, 0xff, 0xc9, 0x8c, 0x71, 0xff, 0xcd, 0x91, 0x76, 0xff, 
0xda, 0x9e, 0x81, 0xff, 0xc0, 0x7e, 0x65, 0xff, 0xc4, 0x82, 0x68, 0xff, 0xe4, 0xb2, 0x95, 0xff, 
0xe5, 0xb7, 0x9c, 0xff, 0xf9, 0xce, 0xb3, 0xff, 0xe8, 0xbe, 0xa4, 0xff, 0xc0, 0x99, 0x86, 0xff, 
0xd4, 0xab, 0x97, 0xff, 0xda, 0xa4, 0x8a, 0xff, 0xe2, 0xb0, 0x96, 0xff, 0xd7, 0xa1, 0x88, 0xff, 
0xd9, 0xa1, 0x87, 0xff, 0xd4, 0xa1, 0x87, 0xff, 0xd1, 0xa0, 0x86, 0xff, 0xd7, 0xa1, 0x86, 0xff, 
0xdf, 0xaf, 0x95, 0xff, 0xe0, 0xba, 0xa1, 0xff, 0xd4, 0xaf, 0x98, 0xff, 0xc6, 0xa0, 0x8c, 0xff, 
0xb6, 0x8b, 0x77, 0xff, 0xd7, 0xa8, 0x90, 0xff, 0xe8, 0xbc, 0xa2, 0xff, 0xa5, 0x79, 0x69, 0xff, 
0xc7, 0x9a, 0x85, 0xff, 0xf8, 0xca, 0xae, 0xff, 0xec, 0xc6, 0xae, 0xff, 0xde, 0xc5, 0xb5, 0xff, 
0xe6, 0xc3, 0xae, 0xff, 0xd6, 0xaf, 0x97, 0xff, 0xd9, 0xaa, 0x92, 0xff, 0xdf, 0xb5, 0x9d, 0xff, 
0xd9, 0xaf, 0x99, 0xff, 0xd6, 0xae, 0x99, 0xff, 0xb4, 0x8a, 0x76, 0xff, 0xa6, 0x76, 0x63, 0xff, 
0x99, 0x5e, 0x4c, 0xff, 0xa1, 0x66, 0x54, 0xff, 0xb9, 0x87, 0x72, 0xff, 0xab, 0x74, 0x61, 0xff, 
0x9c, 0x5f, 0x4f, 0xff, 0xb5, 0x6e, 0x5d, 0xff, 0xb7, 0x74, 0x66, 0xff, 0xb4, 0x82, 0x6d, 0xff, 
0xc6, 0x94, 0x78, 0xff, 0xcb, 0x96, 0x7f, 0xff, 0xc6, 0x8f, 0x79, 0xff, 0xba, 0x85, 0x6e, 0xff, 
0xaf, 0x7c, 0x67, 0xff, 0xb1, 0x79, 0x65, 0xff, 0xaf, 0x76, 0x62, 0xff, 0xbe, 0x8f, 0x7c, 0xff, 
0xaf, 0x7a, 0x68, 0xff, 0xbe, 0x8e, 0x7a, 0xff, 0xc8, 0x94, 0x7f, 0xff, 0xba, 0x82, 0x70, 0xff, 
0xb0, 0x7d, 0x6b, 0xff, 0xcf, 0xa3, 0x8c, 0xff, 0xe6, 0xc5, 0xb0, 0xff, 0xd3, 0xae, 0x99, 0xff, 
0xc4, 0x96, 0x80, 0xff, 0xd6, 0xb1, 0x9c, 0xff, 0xe3, 0xc3, 0xb0, 0xff, 0xd2, 0xac, 0x99, 0xff, 
0xd0, 0xa9, 0x9a, 0xff, 0xcf, 0xaa, 0x9c, 0xff, 0xaf, 0x84, 0x74, 0xff, 0xc7, 0xa0, 0x90, 0xff, 
0xe2, 0xc0, 0xb0, 0xff, 0xdf, 0xb8, 0xa6, 0xff, 0xea, 0xc6, 0xb9, 0xff, 0xdb, 0xb4, 0xa6, 0xff, 
0xbf, 0x89, 0x7d, 0xff, 0xb7, 0x7e, 0x73, 0xff, 0xc8, 0x99, 0x8b, 0xff, 0xc8, 0x9b, 0x8d, 0xff, 
0xbd, 0x95, 0x88, 0xff, 0xc0, 0x95, 0x82, 0xff, 0xc7, 0x90, 0x7b, 0xff, 0xc1, 0x7f, 0x6d, 0xff, 
0xdb, 0xae, 0x9a, 0xff, 0xd7, 0xac, 0x97, 0xff, 0xc6, 0x95, 0x82, 0xff, 0xcc, 0x9a, 0x8c, 0xff, 
0xda, 0xb2, 0x9d, 0xff, 0xe1, 0xb7, 0xa3, 0xff, 0xe3, 0xb6, 0xa4, 0xff, 0xe0, 0xb2, 0xa3, 0xff, 
0xd0, 0x9e, 0x8d, 0xff, 0xd1, 0x9c, 0x8c, 0xff, 0xd0, 0x9f, 0x8c, 0xff, 0xdb, 0xb1, 0x9e, 0xff, 
0xcd, 0x9b, 0x90, 0xff, 0xba, 0x83, 0x78, 0xff, 0xa7, 0x6d, 0x5f, 0xff, 0xb7, 0x7f, 0x6d, 0xff, 
0xd6, 0xa2, 0x8d, 0xff, 0xc8, 0x94, 0x80, 0xff, 0xc9, 0x95, 0x83, 0xff, 0xcb, 0x9c, 0x89, 0xff, 
0xdf, 0xb1, 0x9f, 0xff, 0xd7, 0xa4, 0x95, 0xff, 0xba, 0x88, 0x77, 0xff, 0xba, 0x80, 0x71, 0xff, 
0xd8, 0x98, 0x8a, 0xff, 0xd3, 0x9c, 0x8c, 0xff, 0xd4, 0xa2, 0x92, 0xff, 0xd3, 0x9f, 0x8f, 0xff, 
0xc6, 0x91, 0x80, 0xff, 0xd2, 0xa3, 0x91, 0xff, 0xd2, 0xa8, 0x96, 0xff, 0xd3, 0x9e, 0x8d, 0xff, 
0xe1, 0xb8, 0xa5, 0xff, 0xdb, 0xb4, 0xa1, 0xff, 0xd1, 0xa0, 0x90, 0xff, 0xcf, 0xa2, 0x90, 0xff, 
0xca, 0xa0, 0x90, 0xff, 0xa9, 0x75, 0x64, 0xff, 0x9c, 0x68, 0x57, 0xff, 0xd7, 0x9a, 0x8c, 0xff, 
0xf3, 0xb7, 0xa7, 0xff, 0xde, 0x98, 0x8a, 0xff, 0xc8, 0x8b, 0x7e, 0xff, 0xb4, 0x7b, 0x6e, 0xff, 
0xc3, 0x8a, 0x78, 0xff, 0xb9, 0x85, 0x71, 0xff, 0xae, 0x79, 0x6d, 0xff, 0xb3, 0x7a, 0x70, 0xff, 
0xbc, 0x84, 0x79, 0xff, 0xc5, 0x94, 0x8b, 0xff, 0xb8, 0x84, 0x78, 0xff, 0xd2, 0xa1, 0x8d, 0xff, 
0xd5, 0xa5, 0x93, 0xff, 0xcf, 0xa2, 0x90, 0xff, 0xde, 0xb4, 0xa2, 0xff, 0xd4, 0xa6, 0x94, 0xff, 
0xda, 0xb2, 0xa0, 0xff, 0xd6, 0xab, 0x99, 0xff, 0xfb, 0xe3, 0xd6, 0xff, 0xdc, 0xb6, 0xa9, 0xff, 
0xaf, 0x78, 0x6b, 0xff, 0xbe, 0x8b, 0x7d, 0xff, 0xb9, 0x83, 0x75, 0xff, 0xb4, 0x7f, 0x6c, 0xff, 
0xc6, 0x94, 0x80, 0xff, 0xe9, 0xca, 0xbc, 0xff, 0xd1, 0xa9, 0x9c, 0xff, 0xa4, 0x71, 0x65, 0xff, 
0xae, 0x77, 0x68, 0xff, 0xb9, 0x7a, 0x67, 0xff, 0xac, 0x73, 0x67, 0xff, 0xb1, 0x7d, 0x72, 0xff, 
0xd2, 0x96, 0x84, 0xff, 0xc0, 0x84, 0x70, 0xff, 0x8f, 0x60, 0x56, 0xff, 0x95, 0x61, 0x59, 0xff, 
0xe4, 0xa7, 0x9b, 0xff, 0xce, 0x9a, 0x8e, 0xff, 0xab, 0x81, 0x75, 0xff, 0xae, 0x7b, 0x6c, 0xff, 
0xbf, 0x83, 0x74, 0xff, 0xa8, 0x6d, 0x5e, 0xff, 0x97, 0x65, 0x52, 0xff, 0x99, 0x64, 0x56, 0xff, 
0x94, 0x57, 0x4b, 0xff, 0x9f, 0x66, 0x54, 0xff, 0xae, 0x7a, 0x64, 0xff, 0x9a, 0x5e, 0x4e, 0xff, 
0x9b, 0x63, 0x51, 0xff, 0xa0, 0x6c, 0x59, 0xff, 0x9d, 0x68, 0x53, 0xff, 0xa4, 0x6f, 0x5a, 0xff, 
0xa1, 0x69, 0x59, 0xff, 0x9f, 0x6e, 0x5c, 0xff, 0x8d, 0x69, 0x5a, 0xff, 0x77, 0x52, 0x47, 0xff, 
0x98, 0x61, 0x4f, 0xff, 0xa0, 0x69, 0x5a, 0xff, 0xa2, 0x73, 0x64, 0xff, 0x9b, 0x67, 0x58, 0xff, 
0x99, 0x61, 0x55, 0xff, 0xb0, 0x7d, 0x73, 0xff, 0x9c, 0x66, 0x5e, 0xff, 0xa1, 0x6a, 0x60, 0xff, 
0xaa, 0x75, 0x6a, 0xff, 0xcb, 0x90, 0x87, 0xff, 0xc0, 0x86, 0x79, 0xff, 0xb4, 0x7f, 0x70, 0xff, 
0xa1, 0x67, 0x5a, 0xff, 0x97, 0x62, 0x57, 0xff, 0x88, 0x5c, 0x55, 0xff, 0x81, 0x55, 0x4f, 0xff, 
0x9f, 0x71, 0x6b, 0xff, 0x85, 0x5a, 0x53, 0xff, 0x80, 0x54, 0x4c, 0xff, 0x9e, 0x72, 0x6c, 0xff, 
0x8c, 0x61, 0x5b, 0xff, 0x70, 0x4a, 0x43, 0xff, 0x5c, 0x39, 0x33, 0xff, 0x64, 0x3d, 0x37, 0xff, 
0x86, 0x55, 0x49, 0xff, 0x9c, 0x6a, 0x62, 0xff, 0x87, 0x5b, 0x51, 0xff, 0x86, 0x57, 0x4a, 0xff, 
0x95, 0x6a, 0x63, 0xff, 0x90, 0x68, 0x63, 0xff, 0x87, 0x5c, 0x53, 0xff, 0x60, 0x3e, 0x37, 0xff, 
0x68, 0x48, 0x44, 0xff, 0x6a, 0x4a, 0x45, 0xff, 0x68, 0x44, 0x3a, 0xff, 0x8e, 0x63, 0x57, 0xff, 
0xad, 0x7f, 0x73, 0xff, 0xa2, 0x74, 0x68, 0xff, 0x93, 0x6a, 0x64, 0xff, 0x90, 0x66, 0x5c, 0xff, 
0x92, 0x67, 0x5f, 0xff, 0x81, 0x5d, 0x54, 0xff, 0x7b, 0x53, 0x4a, 0xff, 0x67, 0x40, 0x3a, 0xff, 
0x79, 0x50, 0x46, 0xff, 0x8d, 0x5f, 0x4f, 0xff, 0x89, 0x61, 0x58, 0xff, 0xa4, 0x74, 0x6a, 0xff, 
0xa2, 0x72, 0x62, 0xff, 0xb2, 0x83, 0x74, 0xff, 0xab, 0x7c, 0x6b, 0xff, 0x99, 0x6a, 0x58, 0xff, 
0x99, 0x67, 0x57, 0xff, 0x9a, 0x69, 0x57, 0xff, 0x90, 0x5f, 0x4e, 0xff, 0x8f, 0x5f, 0x50, 0xff, 
0x8e, 0x5e, 0x4f, 0xff, 0x84, 0x57, 0x48, 0xff, 0x86, 0x5b, 0x4c, 0xff, 0x81, 0x54, 0x47, 0xff, 
0x95, 0x5e, 0x50, 0xff, 0x9f, 0x60, 0x4e, 0xff, 0x98, 0x59, 0x49, 0xff, 0xbc, 0x88, 0x73, 0xff, 
0xc0, 0x8c, 0x76, 0xff, 0xc9, 0x8f, 0x76, 0xff, 0xd9, 0xa7, 0x8b, 0xff, 0xe3, 0xb6, 0x9b, 0xff, 
0xd9, 0xa2, 0x86, 0xff, 0xdd, 0xa1, 0x85, 0xff, 0xd8, 0xa2, 0x88, 0xff, 0xc5, 0x8d, 0x75, 0xff, 
0xc7, 0x8d, 0x76, 0xff, 0xcf, 0x98, 0x80, 0xff, 0xd8, 0xa2, 0x87, 0xff, 0xe6, 0xa9, 0x8a, 0xff, 
0xe6, 0xa4, 0x84, 0xff, 0xdc, 0x9e, 0x7f, 0xff, 0xd7, 0x9d, 0x80, 0xff, 0xd9, 0x9e, 0x7f, 0xff, 
0xc9, 0x8b, 0x6f, 0xff, 0xaa, 0x67, 0x55, 0xff, 0xb6, 0x71, 0x5a, 0xff, 0xc6, 0x81, 0x67, 0xff, 
0xc2, 0x84, 0x6c, 0xff, 0xd2, 0x94, 0x77, 0xff, 0xe3, 0xb0, 0x95, 0xff, 0xe9, 0xc1, 0xaa, 0xff, 
0xe5, 0xc3, 0xaf, 0xff, 0xdc, 0xae, 0x98, 0xff, 0xd0, 0x96, 0x7c, 0xff, 0xcd, 0x92, 0x78, 0xff, 
0xd5, 0x9e, 0x83, 0xff, 0xd7, 0xa2, 0x89, 0xff, 0xc8, 0x95, 0x7e, 0xff, 0xd5, 0xa6, 0x8d, 0xff, 
0xec, 0xc2, 0xa8, 0xff, 0xd9, 0xb1, 0x9b, 0xff, 0xe7, 0xbf, 0xa6, 0xff, 0xe5, 0xba, 0xa0, 0xff, 
0xd7, 0xa9, 0x90, 0xff, 0xd6, 0xaa, 0x92, 0xff, 0x95, 0x6e, 0x5e, 0xff, 0x91, 0x65, 0x57, 0xff, 
0xe2, 0xb5, 0x9c, 0xff, 0xde, 0xb7, 0xa0, 0xff, 0xec, 0xcb, 0xb7, 0xff, 0xf4, 0xce, 0xb5, 0xff, 
0xec, 0xbc, 0xa1, 0xff, 0xd5, 0xa9, 0x92, 0xff, 0xd8, 0xb1, 0x9c, 0xff, 0xec, 0xc5, 0xaf, 0xff, 
0xdd, 0xbd, 0xab, 0xff, 0xd7, 0xaf, 0x9a, 0xff, 0xd0, 0xa0, 0x8a, 0xff, 0xa6, 0x73, 0x60, 0xff, 
0x8e, 0x59, 0x49, 0xff, 0xa4, 0x70, 0x5d, 0xff, 0xbc, 0x91, 0x7b, 0xff, 0xa9, 0x72, 0x5f, 0xff, 
0xab, 0x6f, 0x61, 0xff, 0xb8, 0x7f, 0x6f, 0xff, 0xc7, 0x8e, 0x7a, 0xff, 0xb9, 0x7f, 0x6b, 0xff, 
0xbe, 0x88, 0x72, 0xff, 0xd0, 0x9f, 0x8b, 0xff, 0xc5, 0x98, 0x84, 0xff, 0xbb, 0x88, 0x73, 0xff, 
0xb8, 0x7d, 0x69, 0xff, 0xb7, 0x7b, 0x65, 0xff, 0xaf, 0x79, 0x66, 0xff, 0xc1, 0x9b, 0x8b, 0xff, 
0xcc, 0x9f, 0x8a, 0xff, 0xb9, 0x84, 0x6e, 0xff, 0xb5, 0x76, 0x65, 0xff, 0xd4, 0xa6, 0x91, 0xff, 
0xc6, 0x98, 0x82, 0xff, 0xca, 0x9d, 0x8a, 0xff, 0xd1, 0xab, 0x98, 0xff, 0xd0, 0xa8, 0x92, 0xff, 
0xce, 0xa6, 0x92, 0xff, 0xdb, 0xba, 0xa9, 0xff, 0xd3, 0xad, 0x9e, 0xff, 0xd7, 0xb2, 0xa2, 0xff, 
0xe1, 0xbe, 0xad, 0xff, 0xd1, 0xa8, 0x96, 0xff, 0xb6, 0x89, 0x77, 0xff, 0xd0, 0xad, 0x9b, 0xff, 
0xed, 0xcf, 0xc1, 0xff, 0xed, 0xcd, 0xbe, 0xff, 0xeb, 0xc9, 0xbd, 0xff, 0xd4, 0xa6, 0x9a, 0xff, 
0xb6, 0x79, 0x6d, 0xff, 0xb7, 0x7f, 0x74, 0xff, 0xc3, 0x8b, 0x7d, 0xff, 0xd1, 0x97, 0x89, 0xff, 
0xd6, 0x9d, 0x90, 0xff, 0xc4, 0x93, 0x82, 0xff, 0xbe, 0x8d, 0x78, 0xff, 0xaf, 0x7c, 0x67, 0xff, 
0xbb, 0x80, 0x6e, 0xff, 0xc6, 0x93, 0x83, 0xff, 0xcf, 0xa4, 0x92, 0xff, 0xd3, 0xa6, 0x97, 0xff, 
0xd9, 0xb1, 0xa1, 0xff, 0xe5, 0xc4, 0xae, 0xff, 0xe8, 0xc9, 0xb6, 0xff, 0xe5, 0xbf, 0xaf, 0xff, 
0xd8, 0xa8, 0x95, 0xff, 0xce, 0x9b, 0x8c, 0xff, 0xc8, 0x96, 0x88, 0xff, 0xcd, 0x9d, 0x8e, 0xff, 
0xdb, 0xad, 0xa0, 0xff, 0xcd, 0x97, 0x86, 0xff, 0xaa, 0x71, 0x63, 0xff, 0xab, 0x72, 0x62, 0xff, 
0xb8, 0x7d, 0x69, 0xff, 0xbf, 0x86, 0x71, 0xff, 0xc9, 0x93, 0x80, 0xff, 0xcc, 0x99, 0x89, 0xff, 
0xce, 0xa0, 0x8f, 0xff, 0xd5, 0xa7, 0x94, 0xff, 0xbf, 0x85, 0x71, 0xff, 0xbb, 0x84, 0x73, 0xff, 
0xdd, 0xa9, 0x99, 0xff, 0xe0, 0xab, 0x9c, 0xff, 0xd4, 0xa6, 0x94, 0xff, 0xcb, 0x97, 0x87, 0xff, 
0xc5, 0x8f, 0x7f, 0xff, 0xe4, 0xbe, 0xac, 0xff, 0xde, 0xb2, 0xa4, 0xff, 0xbd, 0x80, 0x71, 0xff, 
0xd5, 0xa3, 0x91, 0xff, 0xde, 0xba, 0xa8, 0xff, 0xd1, 0xa8, 0x97, 0xff, 0xd3, 0xa6, 0x94, 0xff, 
0xbf, 0x8f, 0x7c, 0xff, 0xaa, 0x78, 0x67, 0xff, 0xbd, 0x7c, 0x6f, 0xff, 0xf7, 0xbf, 0xad, 0xff, 
0xdf, 0xa5, 0x96, 0xff, 0xbc, 0x7c, 0x6f, 0xff, 0xa8, 0x73, 0x66, 0xff, 0xa0, 0x6b, 0x5d, 0xff, 
0xaf, 0x79, 0x68, 0xff, 0xa1, 0x71, 0x63, 0xff, 0xaf, 0x7c, 0x6f, 0xff, 0xae, 0x7b, 0x6d, 0xff, 
0xac, 0x76, 0x6c, 0xff, 0xc1, 0x92, 0x88, 0xff, 0xc9, 0x9b, 0x8f, 0xff, 0xd8, 0xa5, 0x97, 0xff, 
0xca, 0x94, 0x88, 0xff, 0xbd, 0x8a, 0x77, 0xff, 0xc9, 0x93, 0x80, 0xff, 0xde, 0xb2, 0xa1, 0xff, 
0xee, 0xce, 0xbf, 0xff, 0xe4, 0xbc, 0xab, 0xff, 0xdd, 0xb4, 0xa3, 0xff, 0xc4, 0x94, 0x86, 0xff, 
0xb8, 0x84, 0x77, 0xff, 0xbd, 0x89, 0x7c, 0xff, 0xba, 0x84, 0x74, 0xff, 0xb6, 0x7f, 0x6e, 0xff, 
0xc1, 0x8e, 0x7d, 0xff, 0xcd, 0xa4, 0x94, 0xff, 0xc6, 0x99, 0x8a, 0xff, 0xc9, 0x98, 0x88, 0xff, 
0xc6, 0x8b, 0x74, 0xff, 0xb0, 0x77, 0x67, 0xff, 0xaa, 0x74, 0x6a, 0xff, 0xba, 0x83, 0x79, 0xff, 
0xab, 0x70, 0x66, 0xff, 0xc5, 0x87, 0x75, 0xff, 0xaf, 0x77, 0x65, 0xff, 0xb6, 0x7e, 0x72, 0xff, 
0xcb, 0x90, 0x84, 0xff, 0xae, 0x76, 0x68, 0xff, 0xb3, 0x7c, 0x6f, 0xff, 0xac, 0x75, 0x67, 0xff, 
0xa5, 0x6e, 0x5d, 0xff, 0x8f, 0x5b, 0x48, 0xff, 0x90, 0x5d, 0x49, 0xff, 0x8d, 0x5f, 0x4d, 0xff, 
0x91, 0x61, 0x51, 0xff, 0x99, 0x61, 0x53, 0xff, 0xa0, 0x6c, 0x54, 0xff, 0x9d, 0x68, 0x52, 0xff, 
0x96, 0x5f, 0x4d, 0xff, 0x9a, 0x65, 0x52, 0xff, 0xa2, 0x6e, 0x57, 0xff, 0xa4, 0x70, 0x5d, 0xff, 
0xa3, 0x70, 0x5b, 0xff, 0x9e, 0x73, 0x5d, 0xff, 0xa0, 0x7b, 0x63, 0xff, 0x8b, 0x60, 0x4f, 0xff, 
0x8a, 0x58, 0x49, 0xff, 0x96, 0x63, 0x50, 0xff, 0x9a, 0x67, 0x55, 0xff, 0x9c, 0x70, 0x5e, 0xff, 
0x92, 0x67, 0x5a, 0xff, 0xc5, 0x94, 0x8a, 0xff, 0xf1, 0xbb, 0xac, 0xff, 0xac, 0x75, 0x6a, 0xff, 
0xa8, 0x6e, 0x65, 0xff, 0xca, 0x93, 0x88, 0xff, 0xab, 0x73, 0x65, 0xff, 0x8d, 0x59, 0x4d, 0xff, 
0x9c, 0x64, 0x54, 0xff, 0x8b, 0x56, 0x4a, 0xff, 0x75, 0x47, 0x42, 0xff, 0x8e, 0x5f, 0x57, 0xff, 
0x90, 0x67, 0x60, 0xff, 0x62, 0x3d, 0x39, 0xff, 0x6c, 0x4a, 0x45, 0xff, 0xa3, 0x78, 0x71, 0xff, 
0x9a, 0x70, 0x68, 0xff, 0x83, 0x5a, 0x53, 0xff, 0x79, 0x51, 0x4b, 0xff, 0x67, 0x3d, 0x36, 0xff, 
0x7b, 0x4e, 0x44, 0xff, 0x87, 0x5d, 0x51, 0xff, 0x8a, 0x5f, 0x58, 0xff, 0x90, 0x60, 0x58, 0xff, 
0x89, 0x60, 0x59, 0xff, 0x7f, 0x5c, 0x57, 0xff, 0x8f, 0x65, 0x60, 0xff, 0x73, 0x4c, 0x47, 0xff, 
0x7e, 0x55, 0x4c, 0xff, 0x7f, 0x5a, 0x51, 0xff, 0x75, 0x4d, 0x43, 0xff, 0x99, 0x68, 0x5a, 0xff, 
0x9d, 0x6e, 0x63, 0xff, 0x8a, 0x61, 0x56, 0xff, 0xa1, 0x76, 0x6e, 0xff, 0xa0, 0x6f, 0x65, 0xff, 
0x98, 0x6e, 0x66, 0xff, 0x87, 0x62, 0x59, 0xff, 0x8c, 0x62, 0x58, 0xff, 0x79, 0x53, 0x45, 0xff, 
0x8e, 0x61, 0x50, 0xff, 0x91, 0x62, 0x55, 0xff, 0x8f, 0x65, 0x5b, 0xff, 0x99, 0x6c, 0x60, 0xff, 
0x8b, 0x5a, 0x4f, 0xff, 0xa2, 0x73, 0x62, 0xff, 0xa2, 0x76, 0x5f, 0xff, 0x97, 0x67, 0x57, 0xff, 
0x81, 0x59, 0x4d, 0xff, 0x8c, 0x61, 0x52, 0xff, 0xa0, 0x6d, 0x5b, 0xff, 0x94, 0x65, 0x53, 0xff, 
0x97, 0x68, 0x56, 0xff, 0x8e, 0x5f, 0x4e, 0xff, 0x8c, 0x58, 0x49, 0xff, 0x92, 0x56, 0x49, 0xff, 
0x91, 0x54, 0x45, 0xff, 0xa2, 0x62, 0x51, 0xff, 0xc8, 0x96, 0x80, 0xff, 0xcb, 0x99, 0x83, 0xff, 
0xc5, 0x89, 0x72, 0xff, 0xd2, 0x99, 0x7e, 0xff, 0xdb, 0xa3, 0x86, 0xff, 0xdc, 0xaa, 0x8e, 0xff, 
0xd8, 0xa5, 0x89, 0xff, 0xcd, 0x9a, 0x81, 0xff, 0xd7, 0x9f, 0x85, 0xff, 0xd0, 0x9a, 0x80, 0xff, 
0xca, 0x94, 0x7a, 0xff, 0xd4, 0x9a, 0x7c, 0xff, 0xd9, 0xa0, 0x85, 0xff, 0xbe, 0x88, 0x73, 0xff, 
0xa1, 0x6a, 0x59, 0xff, 0xb6, 0x7c, 0x67, 0xff, 0xd5, 0x97, 0x7b, 0xff, 0xc2, 0x85, 0x6c, 0xff, 
0xb3, 0x71, 0x5c, 0xff, 0xad, 0x6a, 0x57, 0xff, 0xbc, 0x7c, 0x65, 0xff, 0xc9, 0x8c, 0x72, 0xff, 
0xca, 0x90, 0x75, 0xff, 0xc9, 0x8a, 0x6d, 0xff, 0xdc, 0xa3, 0x85, 0xff, 0xeb, 0xb9, 0x9a, 0xff, 
0xf0, 0xcb, 0xb1, 0xff, 0xee, 0xcf, 0xba, 0xff, 0xea, 0xc8, 0xb5, 0xff, 0xe3, 0xbc, 0xa7, 0xff, 
0xe7, 0xbf, 0xa9, 0xff, 0xdb, 0xac, 0x95, 0xff, 0xc8, 0x97, 0x7e, 0xff, 0xd6, 0xac, 0x93, 0xff, 
0xe9, 0xbf, 0xa6, 0xff, 0xf1, 0xc6, 0xac, 0xff, 0xd8, 0xac, 0x93, 0xff, 0xc9, 0x9b, 0x83, 0xff, 
0xd9, 0xab, 0x8f, 0xff, 0xb7, 0x8d, 0x79, 0xff, 0x8f, 0x68, 0x5a, 0xff, 0xb6, 0x89, 0x76, 0xff, 
0xc3, 0x94, 0x80, 0xff, 0xc4, 0x99, 0x86, 0xff, 0xc0, 0x94, 0x82, 0xff, 0xcb, 0x9e, 0x8a, 0xff, 
0xdc, 0xb4, 0x9d, 0xff, 0xdd, 0xb8, 0xa3, 0xff, 0xcf, 0xa7, 0x94, 0xff, 0xcc, 0x9f, 0x8d, 0xff, 
0xe7, 0xc9, 0xb7, 0xff, 0xe3, 0xbc, 0xa7, 0xff, 0xdd, 0xa9, 0x92, 0xff, 0xcf, 0xa1, 0x8b, 0xff, 
0xb0, 0x83, 0x6f, 0xff, 0xaf, 0x7e, 0x6a, 0xff, 0xad, 0x7f, 0x6c, 0xff, 0xac, 0x73, 0x62, 0xff, 
0xb3, 0x6f, 0x5d, 0xff, 0xb6, 0x81, 0x6f, 0xff, 0xc7, 0x9b, 0x82, 0xff, 0xbd, 0x87, 0x6d, 0xff, 
0xb9, 0x84, 0x71, 0xff, 0xce, 0x9e, 0x8a, 0xff, 0xcd, 0x9a, 0x86, 0xff, 0xca, 0x9b, 0x86, 0xff, 
0xc1, 0x91, 0x7d, 0xff, 0xc9, 0x9b, 0x8a, 0xff, 0xe2, 0xc3, 0xb8, 0xff, 0xd9, 0xb8, 0xa8, 0xff, 
0xe1, 0xbe, 0xa9, 0xff, 0xce, 0xa4, 0x91, 0xff, 0xb2, 0x81, 0x6f, 0xff, 0xd3, 0xa7, 0x90, 0xff, 
0xcb, 0x9d, 0x88, 0xff, 0xb6, 0x86, 0x75, 0xff, 0xc9, 0x9e, 0x8a, 0xff, 0xe1, 0xbf, 0xa8, 0xff, 
0xe2, 0xc1, 0xae, 0xff, 0xc8, 0x9a, 0x8a, 0xff, 0xcc, 0xa6, 0x96, 0xff, 0xe8, 0xca, 0xba, 0xff, 
0xd9, 0xb1, 0x9f, 0xff, 0xcd, 0xa4, 0x92, 0xff, 0xcd, 0xa4, 0x93, 0xff, 0xdf, 0xbb, 0xa9, 0xff, 
0xee, 0xd1, 0xc2, 0xff, 0xf5, 0xdd, 0xd2, 0xff, 0xed, 0xcb, 0xbe, 0xff, 0xd7, 0xaa, 0x9c, 0xff, 
0xc2, 0x8b, 0x7b, 0xff, 0xb8, 0x7d, 0x6f, 0xff, 0xb8, 0x78, 0x6c, 0xff, 0xc6, 0x88, 0x7a, 0xff, 
0xe1, 0xa0, 0x93, 0xff, 0xd4, 0x99, 0x8c, 0xff, 0xa8, 0x80, 0x6f, 0xff, 0xa9, 0x7e, 0x6d, 0xff, 
0xad, 0x75, 0x65, 0xff, 0xb8, 0x84, 0x75, 0xff, 0xc3, 0x93, 0x82, 0xff, 0xbf, 0x94, 0x83, 0xff, 
0xca, 0x9e, 0x8f, 0xff, 0xda, 0xb3, 0x9f, 0xff, 0xdf, 0xba, 0xa7, 0xff, 0xe3, 0xc2, 0xad, 0xff, 
0xdd, 0xb5, 0xa1, 0xff, 0xca, 0x98, 0x86, 0xff, 0xc3, 0x8e, 0x82, 0xff, 0xc1, 0x8d, 0x82, 0xff, 
0xd6, 0xa4, 0x94, 0xff, 0xcc, 0x95, 0x85, 0xff, 0xb2, 0x78, 0x66, 0xff, 0xc2, 0x8c, 0x7c, 0xff, 
0xb1, 0x79, 0x66, 0xff, 0xbf, 0x83, 0x71, 0xff, 0xd8, 0xa6, 0x96, 0xff, 0xdc, 0xb0, 0xa0, 0xff, 
0xc7, 0x94, 0x83, 0xff, 0xc9, 0x98, 0x87, 0xff, 0xc9, 0x96, 0x86, 0xff, 0xcb, 0x96, 0x84, 0xff, 
0xdc, 0xad, 0x9c, 0xff, 0xdc, 0xa7, 0x97, 0xff, 0xcf, 0x99, 0x89, 0xff, 0xba, 0x82, 0x73, 0xff, 
0xc5, 0x95, 0x84, 0xff, 0xd0, 0xa0, 0x90, 0xff, 0xca, 0x94, 0x86, 0xff, 0xce, 0x9a, 0x8a, 0xff, 
0xcd, 0x9b, 0x8c, 0xff, 0xdd, 0xbc, 0xab, 0xff, 0xe0, 0xbe, 0xae, 0xff, 0xc1, 0x90, 0x80, 0xff, 
0xb1, 0x7d, 0x6b, 0xff, 0xb8, 0x84, 0x73, 0xff, 0xc6, 0x86, 0x79, 0xff, 0xce, 0x8e, 0x80, 0xff, 
0xc1, 0x82, 0x6f, 0xff, 0xbb, 0x83, 0x6d, 0xff, 0x9e, 0x71, 0x5f, 0xff, 0x82, 0x57, 0x4f, 0xff, 
0x81, 0x54, 0x4e, 0xff, 0x9e, 0x6e, 0x65, 0xff, 0xbc, 0x86, 0x7a, 0xff, 0xbf, 0x88, 0x7c, 0xff, 
0xbf, 0x8c, 0x82, 0xff, 0xcb, 0x99, 0x8d, 0xff, 0xc3, 0x91, 0x85, 0xff, 0xbf, 0x89, 0x7b, 0xff, 
0xc9, 0x94, 0x86, 0xff, 0xba, 0x82, 0x71, 0xff, 0xb8, 0x81, 0x6f, 0xff, 0xcf, 0xa4, 0x93, 0xff, 
0xcf, 0xa2, 0x90, 0xff, 0xe3, 0xb9, 0xa6, 0xff, 0xcb, 0x9d, 0x8a, 0xff, 0xc0, 0x8c, 0x7f, 0xff, 
0xbf, 0x8d, 0x80, 0xff, 0xc3, 0x92, 0x83, 0xff, 0xc8, 0x94, 0x83, 0xff, 0xd1, 0x9c, 0x89, 0xff, 
0xc7, 0x97, 0x87, 0xff, 0xce, 0x9d, 0x8b, 0xff, 0xbe, 0x90, 0x80, 0xff, 0xb2, 0x86, 0x7c, 0xff, 
0xdb, 0xa8, 0x8e, 0xff, 0xb5, 0x78, 0x66, 0xff, 0xba, 0x84, 0x7e, 0xff, 0xcb, 0x93, 0x86, 0xff, 
0xa9, 0x6a, 0x5c, 0xff, 0xa8, 0x6a, 0x5e, 0xff, 0xc5, 0x89, 0x71, 0xff, 0xd4, 0x95, 0x83, 0xff, 
0xbe, 0x83, 0x78, 0xff, 0xb5, 0x82, 0x73, 0xff, 0xb7, 0x82, 0x73, 0xff, 0xb5, 0x84, 0x75, 0xff, 
0xa8, 0x79, 0x64, 0xff, 0x8c, 0x5c, 0x46, 0xff, 0x93, 0x64, 0x4f, 0xff, 0x8c, 0x5f, 0x4c, 0xff, 
0x8f, 0x60, 0x4c, 0xff, 0xa4, 0x74, 0x5e, 0xff, 0xa4, 0x6e, 0x5a, 0xff, 0xa8, 0x75, 0x5d, 0xff, 
0xa5, 0x73, 0x57, 0xff, 0x98, 0x64, 0x51, 0xff, 0x9d, 0x6a, 0x5a, 0xff, 0xa5, 0x74, 0x62, 0xff, 
0x9b, 0x6b, 0x56, 0xff, 0xa4, 0x7a, 0x62, 0xff, 0x99, 0x6b, 0x58, 0xff, 0x88, 0x57, 0x47, 0xff, 
0x92, 0x67, 0x54, 0xff, 0x97, 0x69, 0x57, 0xff, 0x99, 0x68, 0x58, 0xff, 0x94, 0x65, 0x54, 0xff, 
0x8b, 0x5d, 0x51, 0xff, 0xca, 0x95, 0x89, 0xff, 0xf0, 0xbc, 0xae, 0xff, 0xb6, 0x81, 0x75, 0xff, 
0xb5, 0x7f, 0x71, 0xff, 0xaf, 0x79, 0x69, 0xff, 0x84, 0x4b, 0x3f, 0xff, 0x95, 0x61, 0x54, 0xff, 
0x9d, 0x6a, 0x5e, 0xff, 0x94, 0x62, 0x59, 0xff, 0x8c, 0x5d, 0x53, 0xff, 0x89, 0x56, 0x49, 0xff, 
0x7b, 0x4c, 0x40, 0xff, 0x89, 0x5d, 0x55, 0xff, 0x8e, 0x63, 0x5f, 0xff, 0x86, 0x5f, 0x58, 0xff, 
0x83, 0x5d, 0x56, 0xff, 0x85, 0x5b, 0x55, 0xff, 0x90, 0x67, 0x61, 0xff, 0x87, 0x5c, 0x55, 0xff, 
0x66, 0x42, 0x3c, 0xff, 0x6c, 0x46, 0x3c, 0xff, 0x90, 0x62, 0x57, 0xff, 0x85, 0x5d, 0x54, 0xff, 
0x85, 0x5e, 0x54, 0xff, 0x6e, 0x4d, 0x47, 0xff, 0x7e, 0x56, 0x51, 0xff, 0x94, 0x65, 0x5b, 0xff, 
0xa1, 0x71, 0x64, 0xff, 0x8c, 0x5f, 0x54, 0xff, 0x7f, 0x53, 0x4b, 0xff, 0x8d, 0x60, 0x55, 0xff, 
0x8e, 0x61, 0x53, 0xff, 0x83, 0x56, 0x48, 0xff, 0x98, 0x66, 0x55, 0xff, 0x9d, 0x6e, 0x65, 0xff, 
0xc0, 0x91, 0x86, 0xff, 0x93, 0x67, 0x61, 0xff, 0x7e, 0x57, 0x4f, 0xff, 0x7d, 0x54, 0x4c, 0xff, 
0x96, 0x67, 0x5a, 0xff, 0xae, 0x7c, 0x6a, 0xff, 0x93, 0x62, 0x55, 0xff, 0x8c, 0x5c, 0x4e, 0xff, 
0x8e, 0x5f, 0x4d, 0xff, 0x86, 0x56, 0x48, 0xff, 0x8d, 0x60, 0x50, 0xff, 0x93, 0x65, 0x53, 0xff, 
0x90, 0x63, 0x54, 0xff, 0x92, 0x62, 0x54, 0xff, 0x8e, 0x5d, 0x4d, 0xff, 0xa2, 0x6f, 0x5c, 0xff, 
0x9d, 0x6d, 0x5b, 0xff, 0x8e, 0x5e, 0x4e, 0xff, 0x85, 0x4d, 0x40, 0xff, 0x8d, 0x4e, 0x41, 0xff, 
0x9f, 0x62, 0x51, 0xff, 0xb4, 0x7b, 0x67, 0xff, 0xc9, 0x94, 0x7d, 0xff, 0xc1, 0x87, 0x71, 0xff, 
0xbf, 0x84, 0x6d, 0xff, 0xb8, 0x7a, 0x66, 0xff, 0xce, 0x95, 0x7b, 0xff, 0xe0, 0xa5, 0x84, 0xff, 
0xb1, 0x80, 0x6e, 0xff, 0x40, 0x30, 0x30, 0xff, 0x79, 0x4d, 0x41, 0xff, 0xe3, 0xa1, 0x82, 0xff, 
0xd1, 0x97, 0x7c, 0xff, 0xd4, 0x95, 0x7b, 0xff, 0xc4, 0x88, 0x72, 0xff, 0x78, 0x54, 0x4c, 0xff, 
0x44, 0x31, 0x33, 0xff, 0x83, 0x54, 0x49, 0xff, 0xc0, 0x84, 0x6d, 0xff, 0xae, 0x76, 0x64, 0xff, 
0xc0, 0x7c, 0x65, 0xff, 0xbc, 0x79, 0x61, 0xff, 0xc2, 0x82, 0x69, 0xff, 0xd6, 0x9b, 0x7f, 0xff, 
0xd6, 0x9c, 0x80, 0xff, 0xc8, 0x8b, 0x70, 0xff, 0xd4, 0x96, 0x7a, 0xff, 0xd6, 0x97, 0x7b, 0xff, 
0xd5, 0x99, 0x7d, 0xff, 0xec, 0xc1, 0xa7, 0xff, 0xf9, 0xe2, 0xcc, 0xff, 0xf8, 0xdf, 0xcb, 0xff, 
0xf4, 0xdc, 0xce, 0xff, 0xef, 0xd2, 0xc4, 0xff, 0xe9, 0xc6, 0xb1, 0xff, 0xdd, 0xba, 0xa3, 0xff, 
0xdf, 0xb8, 0xa2, 0xff, 0xe9, 0xbe, 0xa4, 0xff, 0xcc, 0x9d, 0x85, 0xff, 0xba, 0x8d, 0x79, 0xff, 
0xab, 0x7f, 0x6e, 0xff, 0xb5, 0x88, 0x73, 0xff, 0xb7, 0x87, 0x71, 0xff, 0xc2, 0x93, 0x7d, 0xff, 
0xbe, 0x90, 0x79, 0xff, 0xb5, 0x8c, 0x7b, 0xff, 0xba, 0x8f, 0x81, 0xff, 0xbd, 0x8e, 0x7f, 0xff, 
0xbf, 0x98, 0x89, 0xff, 0xc4, 0xa0, 0x90, 0xff, 0xb9, 0x8d, 0x79, 0xff, 0xa9, 0x7d, 0x6e, 0xff, 
0xb0, 0x8c, 0x7f, 0xff, 0xe8, 0xcd, 0xbe, 0xff, 0xe9, 0xd3, 0xc5, 0xff, 0xdc, 0xc0, 0xb1, 0xff, 
0xcc, 0xa4, 0x8e, 0xff, 0xaf, 0x80, 0x6c, 0xff, 0xa3, 0x71, 0x5e, 0xff, 0xa6, 0x6c, 0x59, 0xff, 
0xb3, 0x6d, 0x58, 0xff, 0xb3, 0x75, 0x63, 0xff, 0xbf, 0x8f, 0x77, 0xff, 0xbb, 0x85, 0x6a, 0xff, 
0xbe, 0x81, 0x6c, 0xff, 0xc2, 0x83, 0x6e, 0xff, 0xcb, 0x90, 0x7b, 0xff, 0xcf, 0xa0, 0x8b, 0xff, 
0xcb, 0xa1, 0x8f, 0xff, 0xdd, 0xc0, 0xb3, 0xff, 0xde, 0xc0, 0xb1, 0xff, 0xd9, 0xb0, 0x97, 0xff, 
0xe3, 0xb8, 0x9f, 0xff, 0xe2, 0xbf, 0xab, 0xff, 0xcd, 0xa0, 0x8c, 0xff, 0xc9, 0x96, 0x81, 0xff, 
0xc0, 0x94, 0x82, 0xff, 0xcb, 0xa1, 0x8a, 0xff, 0xe2, 0xbe, 0xa8, 0xff, 0xd3, 0xad, 0x9c, 0xff, 
0xcb, 0xa2, 0x91, 0xff, 0xc1, 0x91, 0x81, 0xff, 0xc7, 0x9e, 0x8e, 0xff, 0xce, 0xa4, 0x94, 0xff, 
0xd4, 0xab, 0x99, 0xff, 0xe4, 0xc3, 0xb4, 0xff, 0xeb, 0xcf, 0xc0, 0xff, 0xe7, 0xc3, 0xb3, 0xff, 
0xe2, 0xbc, 0xac, 0xff, 0xe7, 0xc2, 0xb4, 0xff, 0xe2, 0xbd, 0xab, 0xff, 0xdd, 0xb4, 0xa2, 0xff, 
0xc8, 0x95, 0x80, 0xff, 0xc6, 0x90, 0x7f, 0xff, 0xcc, 0x9c, 0x8d, 0xff, 0xce, 0x9c, 0x8c, 0xff, 
0xda, 0xa0, 0x90, 0xff, 0xcf, 0x97, 0x88, 0xff, 0xba, 0x89, 0x7a, 0xff, 0xb6, 0x82, 0x73, 0xff, 
0xac, 0x72, 0x63, 0xff, 0xb9, 0x86, 0x74, 0xff, 0xbe, 0x92, 0x7e, 0xff, 0xab, 0x78, 0x6c, 0xff, 
0xb9, 0x85, 0x77, 0xff, 0xc0, 0x90, 0x80, 0xff, 0xcd, 0x9c, 0x8a, 0xff, 0xca, 0x9e, 0x8b, 0xff, 
0xcb, 0xa0, 0x8d, 0xff, 0xc6, 0x97, 0x85, 0xff, 0xc2, 0x8c, 0x7d, 0xff, 0xce, 0x9c, 0x8d, 0xff, 
0xc6, 0x93, 0x85, 0xff, 0xbc, 0x88, 0x7a, 0xff, 0xb6, 0x7e, 0x70, 0xff, 0xc1, 0x93, 0x85, 0xff, 
0xc0, 0x99, 0x8c, 0xff, 0xd1, 0xa0, 0x91, 0xff, 0xd8, 0xa7, 0x96, 0xff, 0xc6, 0x93, 0x81, 0xff, 
0xdf, 0xbd, 0xae, 0xff, 0xd2, 0xa9, 0x9a, 0xff, 0xd6, 0xb1, 0xa0, 0xff, 0xdd, 0xb5, 0xa6, 0xff, 
0xcd, 0x95, 0x85, 0xff, 0xe3, 0xb6, 0xa7, 0xff, 0xd8, 0xa7, 0x98, 0xff, 0xbc, 0x81, 0x71, 0xff, 
0xd2, 0xa3, 0x91, 0xff, 0xc9, 0x97, 0x87, 0xff, 0xc4, 0x8a, 0x7b, 0xff, 0xdc, 0xb2, 0xa3, 0xff, 
0xe0, 0xbe, 0xb0, 0xff, 0xd5, 0xa7, 0x94, 0xff, 0xbc, 0x8b, 0x7a, 0xff, 0x99, 0x66, 0x5a, 0xff, 
0xa7, 0x69, 0x5d, 0xff, 0xd6, 0xa0, 0x8c, 0xff, 0xc1, 0x89, 0x7a, 0xff, 0xab, 0x6b, 0x5b, 0xff, 
0xb7, 0x7c, 0x65, 0xff, 0xc0, 0x88, 0x71, 0xff, 0x97, 0x68, 0x5c, 0xff, 0x8d, 0x64, 0x5e, 0xff, 
0x93, 0x66, 0x61, 0xff, 0xa9, 0x77, 0x6d, 0xff, 0xa9, 0x76, 0x6b, 0xff, 0xb4, 0x80, 0x78, 0xff, 
0xbf, 0x8e, 0x85, 0xff, 0xaf, 0x7a, 0x6d, 0xff, 0xab, 0x70, 0x61, 0xff, 0xad, 0x73, 0x69, 0xff, 
0xbb, 0x86, 0x7a, 0xff, 0xc3, 0x8d, 0x81, 0xff, 0xa8, 0x6b, 0x61, 0xff, 0xb7, 0x89, 0x7d, 0xff, 
0xc8, 0x9c, 0x88, 0xff, 0xc6, 0x95, 0x83, 0xff, 0xc8, 0x9b, 0x8d, 0xff, 0xc3, 0x8e, 0x7d, 0xff, 
0xca, 0x96, 0x87, 0xff, 0xbf, 0x90, 0x82, 0xff, 0xbc, 0x89, 0x77, 0xff, 0xc5, 0x91, 0x7e, 0xff, 
0xd1, 0xa4, 0x92, 0xff, 0xd1, 0xa3, 0x92, 0xff, 0x98, 0x64, 0x5a, 0xff, 0xb1, 0x8a, 0x7f, 0xff, 
0xe5, 0xb9, 0xa4, 0xff, 0xbf, 0x83, 0x6d, 0xff, 0xb9, 0x7d, 0x70, 0xff, 0xc1, 0x8a, 0x7d, 0xff, 
0xcb, 0x8c, 0x75, 0xff, 0xa3, 0x63, 0x54, 0xff, 0xad, 0x71, 0x60, 0xff, 0xd8, 0x98, 0x88, 0xff, 
0xd1, 0x95, 0x89, 0xff, 0xaf, 0x7b, 0x6d, 0xff, 0xad, 0x7b, 0x6b, 0xff, 0xb0, 0x82, 0x73, 0xff, 
0xa0, 0x72, 0x5e, 0xff, 0x91, 0x62, 0x4b, 0xff, 0x86, 0x58, 0x44, 0xff, 0x8e, 0x5d, 0x47, 0xff, 
0xa8, 0x79, 0x61, 0xff, 0xa2, 0x7a, 0x64, 0xff, 0x93, 0x69, 0x56, 0xff, 0xa3, 0x6c, 0x59, 0xff, 
0x9c, 0x6a, 0x4f, 0xff, 0xa4, 0x76, 0x5d, 0xff, 0xa3, 0x73, 0x63, 0xff, 0xa4, 0x72, 0x61, 0xff, 
0xaa, 0x7c, 0x67, 0xff, 0xaa, 0x7b, 0x67, 0xff, 0x93, 0x64, 0x54, 0xff, 0x98, 0x6f, 0x5a, 0xff, 
0x9c, 0x76, 0x60, 0xff, 0x93, 0x65, 0x56, 0xff, 0x88, 0x59, 0x4c, 0xff, 0x89, 0x5b, 0x4d, 0xff, 
0xaa, 0x7e, 0x70, 0xff, 0xba, 0x92, 0x88, 0xff, 0xc3, 0x93, 0x87, 0xff, 0xc7, 0x91, 0x84, 0xff, 
0xb8, 0x81, 0x75, 0xff, 0xa1, 0x6b, 0x5e, 0xff, 0x96, 0x5a, 0x4b, 0xff, 0x97, 0x61, 0x54, 0xff, 
0xa0, 0x70, 0x64, 0xff, 0x96, 0x61, 0x55, 0xff, 0x8c, 0x5e, 0x50, 0xff, 0x6c, 0x3e, 0x33, 0xff, 
0x68, 0x40, 0x33, 0xff, 0x7f, 0x56, 0x4d, 0xff, 0x9e, 0x71, 0x69, 0xff, 0x79, 0x55, 0x4e, 0xff, 
0x72, 0x4b, 0x46, 0xff, 0x96, 0x6b, 0x65, 0xff, 0x83, 0x59, 0x52, 0xff, 0x82, 0x5a, 0x52, 0xff, 
0x70, 0x50, 0x4c, 0xff, 0x6b, 0x46, 0x3f, 0xff, 0x7c, 0x52, 0x48, 0xff, 0x6e, 0x4b, 0x45, 0xff, 
0x85, 0x5b, 0x50, 0xff, 0x7f, 0x59, 0x53, 0xff, 0x73, 0x4f, 0x48, 0xff, 0x81, 0x57, 0x4c, 0xff, 
0x93, 0x66, 0x59, 0xff, 0x97, 0x67, 0x5a, 0xff, 0x86, 0x5c, 0x53, 0xff, 0x92, 0x65, 0x57, 0xff, 
0x94, 0x63, 0x51, 0xff, 0x9a, 0x67, 0x5b, 0xff, 0x9c, 0x6d, 0x63, 0xff, 0x9e, 0x72, 0x68, 0xff, 
0x9c, 0x6c, 0x5d, 0xff, 0x98, 0x6d, 0x63, 0xff, 0x89, 0x63, 0x60, 0xff, 0x8c, 0x5f, 0x5b, 0xff, 
0xa8, 0x79, 0x70, 0xff, 0xa8, 0x79, 0x65, 0xff, 0x9a, 0x6a, 0x58, 0xff, 0x8a, 0x5b, 0x4b, 0xff, 
0x94, 0x65, 0x53, 0xff, 0x8e, 0x60, 0x50, 0xff, 0x8f, 0x62, 0x53, 0xff, 0x98, 0x68, 0x59, 0xff, 
0x92, 0x5e, 0x4f, 0xff, 0x92, 0x5f, 0x4f, 0xff, 0x88, 0x57, 0x49, 0xff, 0x9d, 0x6a, 0x59, 0xff, 
0x9e, 0x6e, 0x5d, 0xff, 0xa6, 0x74, 0x61, 0xff, 0x9d, 0x67, 0x57, 0xff, 0x9f, 0x68, 0x57, 0xff, 
0xb7, 0x81, 0x6c, 0xff, 0xae, 0x7a, 0x67, 0xff, 0xa5, 0x69, 0x58, 0xff, 0xb8, 0x7b, 0x66, 0xff, 
0xba, 0x7d, 0x68, 0xff, 0xc5, 0x89, 0x72, 0xff, 0xcc, 0x90, 0x77, 0xff, 0xd0, 0x92, 0x76, 0xff, 
0xb4, 0x7c, 0x68, 0xff, 0x82, 0x55, 0x4a, 0xff, 0xa5, 0x6b, 0x59, 0xff, 0xc9, 0x89, 0x6f, 0xff, 
0xb8, 0x7b, 0x66, 0xff, 0xc6, 0x8a, 0x73, 0xff, 0xc1, 0x8a, 0x73, 0xff, 0x95, 0x67, 0x5b, 0xff, 
0x6e, 0x4c, 0x45, 0xff, 0x8e, 0x5f, 0x51, 0xff, 0xb6, 0x7d, 0x69, 0xff, 0xbe, 0x81, 0x69, 0xff, 
0xc5, 0x81, 0x65, 0xff, 0xc4, 0x86, 0x6b, 0xff, 0xd5, 0x9f, 0x83, 0xff, 0xd0, 0x97, 0x7e, 0xff, 
0xca, 0x8c, 0x73, 0xff, 0xc7, 0x8b, 0x70, 0xff, 0xca, 0x8c, 0x70, 0xff, 0xd1, 0x92, 0x76, 0xff, 
0xcd, 0x89, 0x6e, 0xff, 0xe4, 0xb3, 0x99, 0xff, 0xf1, 0xcf, 0xb8, 0xff, 0xf7, 0xe0, 0xcc, 0xff, 
0xf6, 0xdd, 0xca, 0xff, 0xea, 0xcb, 0xb9, 0xff, 0xe8, 0xc9, 0xba, 0xff, 0xe9, 0xce, 0xbd, 0xff, 
0xdc, 0xbb, 0xab, 0xff, 0xda, 0xb9, 0xa9, 0xff, 0xcd, 0xa9, 0x98, 0xff, 0xbd, 0x9b, 0x89, 0xff, 
0xc6, 0xa4, 0x93, 0xff, 0xe9, 0xc0, 0xaa, 0xff, 0xd7, 0xae, 0x99, 0xff, 0xbc, 0x90, 0x7e, 0xff, 
0xc7, 0x9f, 0x89, 0xff, 0xc7, 0x9e, 0x8d, 0xff, 0xd8, 0xae, 0x9f, 0xff, 0xda, 0xb3, 0x9f, 0xff, 
0xbb, 0x8d, 0x7c, 0xff, 0xc1, 0x96, 0x86, 0xff, 0xd0, 0xab, 0x97, 0xff, 0xd5, 0xb2, 0xa2, 0xff, 
0xb0, 0x8a, 0x7b, 0xff, 0xb4, 0x97, 0x8a, 0xff, 0xf5, 0xe2, 0xd1, 0xff, 0xce, 0xa7, 0x95, 0xff, 
0xc1, 0x92, 0x7d, 0xff, 0xad, 0x85, 0x6f, 0xff, 0xa0, 0x71, 0x5d, 0xff, 0xa3, 0x6a, 0x58, 0xff, 
0xab, 0x66, 0x51, 0xff, 0xbb, 0x7d, 0x68, 0xff, 0xbf, 0x89, 0x73, 0xff, 0xba, 0x85, 0x6b, 0xff, 
0xc5, 0x8e, 0x75, 0xff, 0xc9, 0x8b, 0x72, 0xff, 0xc8, 0x90, 0x76, 0xff, 0xc5, 0x92, 0x7d, 0xff, 
0xcf, 0xa7, 0x99, 0xff, 0xde, 0xbe, 0xad, 0xff, 0xcd, 0xa0, 0x89, 0xff, 0xc2, 0x92, 0x7d, 0xff, 
0xd6, 0xa7, 0x8f, 0xff, 0xd9, 0xaa, 0x92, 0xff, 0xbc, 0x82, 0x6f, 0xff, 0xb4, 0x7d, 0x6b, 0xff, 
0xd3, 0xad, 0x9b, 0xff, 0xe1, 0xbf, 0xae, 0xff, 0xcf, 0xaa, 0x99, 0xff, 0xc9, 0x9f, 0x90, 0xff, 
0xd7, 0xb2, 0xa3, 0xff, 0xd7, 0xb3, 0xa5, 0xff, 0xc8, 0x98, 0x89, 0xff, 0xbd, 0x8d, 0x7c, 0xff, 
0xda, 0xb8, 0xa9, 0xff, 0xd7, 0xb3, 0xa4, 0xff, 0xda, 0xb8, 0xa9, 0xff, 0xdb, 0xb1, 0xa4, 0xff, 
0xd8, 0xa9, 0x97, 0xff, 0xd3, 0xa3, 0x90, 0xff, 0xd2, 0xa5, 0x91, 0xff, 0xcb, 0x9c, 0x87, 0xff, 
0xce, 0x9b, 0x88, 0xff, 0xe0, 0xb3, 0xa2, 0xff, 0xdd, 0xb3, 0xa0, 0xff, 0xd1, 0xa1, 0x92, 0xff, 
0xbb, 0x84, 0x74, 0xff, 0xbe, 0x8d, 0x7a, 0xff, 0xbe, 0x8b, 0x7b, 0xff, 0xb2, 0x72, 0x67, 0xff, 
0xac, 0x6d, 0x64, 0xff, 0xbb, 0x81, 0x72, 0xff, 0xc5, 0x92, 0x7e, 0xff, 0xa7, 0x72, 0x65, 0xff, 
0xad, 0x7a, 0x6d, 0xff, 0xbc, 0x8b, 0x7c, 0xff, 0xce, 0x95, 0x87, 0xff, 0xcc, 0x94, 0x86, 0xff, 
0xc5, 0x8f, 0x82, 0xff, 0xcd, 0x91, 0x84, 0xff, 0xc0, 0x87, 0x79, 0xff, 0xbd, 0x87, 0x79, 0xff, 
0xb6, 0x7f, 0x73, 0xff, 0xb2, 0x7c, 0x6f, 0xff, 0xac, 0x74, 0x67, 0xff, 0xa6, 0x70, 0x63, 0xff, 
0xb3, 0x82, 0x77, 0xff, 0xc3, 0x95, 0x86, 0xff, 0xd7, 0xae, 0x9e, 0xff, 0xd8, 0xb2, 0xa2, 0xff, 
0xd1, 0xb2, 0xa4, 0xff, 0xd7, 0xc8, 0xc1, 0xff, 0xcd, 0xa3, 0x94, 0xff, 0xcc, 0x9b, 0x89, 0xff, 
0xcb, 0x94, 0x84, 0xff, 0xdf, 0xaf, 0xa0, 0xff, 0xca, 0x99, 0x89, 0xff, 0xc7, 0x91, 0x81, 0xff, 
0xd1, 0x9a, 0x8a, 0xff, 0xcf, 0x9a, 0x88, 0xff, 0xd5, 0xaa, 0x9b, 0xff, 0xdb, 0xb1, 0xa3, 0xff, 
0xd0, 0xa1, 0x92, 0xff, 0xc7, 0x98, 0x87, 0xff, 0xb8, 0x8a, 0x7b, 0xff, 0xb0, 0x72, 0x67, 0xff, 
0xb1, 0x70, 0x65, 0xff, 0xc6, 0x90, 0x80, 0xff, 0xe5, 0xbf, 0xad, 0xff, 0xce, 0xa5, 0x95, 0xff, 
0xc6, 0x8d, 0x78, 0xff, 0xb4, 0x77, 0x61, 0xff, 0x92, 0x61, 0x56, 0xff, 0xac, 0x86, 0x80, 0xff, 
0xda, 0xad, 0xa5, 0xff, 0x9f, 0x6f, 0x67, 0xff, 0x96, 0x67, 0x60, 0xff, 0xbc, 0x8e, 0x86, 0xff, 
0xaa, 0x7a, 0x70, 0xff, 0xac, 0x77, 0x67, 0xff, 0xc8, 0x98, 0x88, 0xff, 0xb3, 0x84, 0x78, 0xff, 
0xa4, 0x70, 0x67, 0xff, 0xd3, 0xa4, 0x97, 0xff, 0xd3, 0xa5, 0x99, 0xff, 0xc7, 0x9d, 0x8f, 0xff, 
0xd2, 0xab, 0x9e, 0xff, 0xcc, 0xa5, 0x9b, 0xff, 0xb8, 0x87, 0x7c, 0xff, 0xc9, 0x95, 0x87, 0xff, 
0xc3, 0x8d, 0x7e, 0xff, 0xc7, 0x97, 0x85, 0xff, 0xc7, 0x9c, 0x8c, 0xff, 0xbd, 0x8b, 0x7c, 0xff, 
0xba, 0x8c, 0x7d, 0xff, 0xad, 0x7b, 0x6f, 0xff, 0xa7, 0x72, 0x69, 0xff, 0xad, 0x7f, 0x74, 0xff, 
0xb6, 0x87, 0x78, 0xff, 0xc5, 0x89, 0x75, 0xff, 0xba, 0x7a, 0x66, 0xff, 0xb2, 0x75, 0x62, 0xff, 
0xbf, 0x81, 0x6f, 0xff, 0xac, 0x72, 0x65, 0xff, 0xbc, 0x8a, 0x79, 0xff, 0xe9, 0xad, 0x9f, 0xff, 
0xc8, 0x8f, 0x7d, 0xff, 0xa4, 0x71, 0x5f, 0xff, 0xa1, 0x6c, 0x60, 0xff, 0xa7, 0x75, 0x65, 0xff, 
0x93, 0x63, 0x52, 0xff, 0x8e, 0x5f, 0x4a, 0xff, 0x89, 0x59, 0x44, 0xff, 0x90, 0x60, 0x48, 0xff, 
0xa7, 0x7a, 0x64, 0xff, 0x9b, 0x6f, 0x5f, 0xff, 0x92, 0x69, 0x54, 0xff, 0xa1, 0x71, 0x5a, 0xff, 
0x9e, 0x6e, 0x57, 0xff, 0x9e, 0x70, 0x5a, 0xff, 0xa6, 0x78, 0x66, 0xff, 0xad, 0x83, 0x6d, 0xff, 
0xaa, 0x81, 0x6b, 0xff, 0xa6, 0x7c, 0x68, 0xff, 0xa3, 0x78, 0x60, 0xff, 0xab, 0x83, 0x6a, 0xff, 
0x9b, 0x6e, 0x5c, 0xff, 0x88, 0x5a, 0x4f, 0xff, 0x87, 0x59, 0x4e, 0xff, 0xba, 0x81, 0x74, 0xff, 
0xba, 0x8b, 0x7b, 0xff, 0xae, 0x85, 0x77, 0xff, 0xbf, 0x90, 0x83, 0xff, 0xae, 0x76, 0x6a, 0xff, 
0x94, 0x5d, 0x51, 0xff, 0x94, 0x63, 0x5b, 0xff, 0x9f, 0x69, 0x5c, 0xff, 0x8f, 0x5a, 0x4d, 0xff, 
0x97, 0x66, 0x59, 0xff, 0x8b, 0x55, 0x45, 0xff, 0x6f, 0x3f, 0x31, 0xff, 0x61, 0x3a, 0x33, 0xff, 
0x71, 0x49, 0x41, 0xff, 0x90, 0x62, 0x4f, 0xff, 0x87, 0x5d, 0x52, 0xff, 0x88, 0x61, 0x5a, 0xff, 
0x88, 0x5f, 0x57, 0xff, 0x83, 0x5b, 0x55, 0xff, 0x81, 0x60, 0x5a, 0xff, 0x9c, 0x77, 0x6d, 0xff, 
0x81, 0x59, 0x4e, 0xff, 0x7b, 0x50, 0x46, 0xff, 0x7b, 0x51, 0x46, 0xff, 0x81, 0x59, 0x4f, 0xff, 
0x8d, 0x63, 0x59, 0xff, 0x9d, 0x70, 0x61, 0xff, 0x7a, 0x56, 0x4b, 0xff, 0x54, 0x34, 0x30, 0xff, 
0x96, 0x65, 0x5a, 0xff, 0xa4, 0x77, 0x6e, 0xff, 0x87, 0x5f, 0x53, 0xff, 0x7b, 0x54, 0x44, 0xff, 
0x96, 0x6a, 0x5c, 0xff, 0x8c, 0x61, 0x58, 0xff, 0x9a, 0x6b, 0x60, 0xff, 0xb2, 0x80, 0x71, 0xff, 
0x99, 0x6b, 0x5c, 0xff, 0xac, 0x7c, 0x6d, 0xff, 0xa4, 0x78, 0x68, 0xff, 0xa5, 0x7a, 0x6e, 0xff, 
0x94, 0x66, 0x5f, 0xff, 0x8f, 0x62, 0x52, 0xff, 0x9d, 0x71, 0x5c, 0xff, 0x95, 0x64, 0x52, 0xff, 
0x91, 0x61, 0x51, 0xff, 0x8b, 0x5f, 0x4f, 0xff, 0x8e, 0x60, 0x54, 0xff, 0x9e, 0x6e, 0x63, 0xff, 
0x90, 0x60, 0x51, 0xff, 0x8f, 0x5e, 0x4c, 0xff, 0x99, 0x6a, 0x59, 0xff, 0x91, 0x63, 0x53, 0xff, 
0x9e, 0x6c, 0x5a, 0xff, 0xa7, 0x71, 0x60, 0xff, 0xaa, 0x76, 0x63, 0xff, 0xac, 0x76, 0x62, 0xff, 
0xa2, 0x6a, 0x58, 0xff, 0x9f, 0x68, 0x56, 0xff, 0xaa, 0x75, 0x62, 0xff, 0xc2, 0x87, 0x71, 0xff, 
0xcf, 0x94, 0x7a, 0xff, 0xd0, 0x93, 0x78, 0xff, 0xc4, 0x87, 0x6e, 0xff, 0xc1, 0x8c, 0x77, 0xff, 
0xcc, 0x97, 0x80, 0xff, 0xd7, 0x92, 0x79, 0xff, 0xc0, 0x85, 0x70, 0xff, 0xbd, 0x90, 0x7a, 0xff, 
0xd0, 0x9e, 0x86, 0xff, 0xb9, 0x82, 0x6d, 0xff, 0xad, 0x7b, 0x68, 0xff, 0xb9, 0x7f, 0x6b, 0xff, 
0xb0, 0x76, 0x63, 0xff, 0xa8, 0x73, 0x61, 0xff, 0xcb, 0x93, 0x7b, 0xff, 0xd5, 0x9a, 0x7f, 0xff, 
0xc9, 0x8d, 0x72, 0xff, 0xc9, 0x90, 0x77, 0xff, 0xcc, 0x94, 0x7d, 0xff, 0xdc, 0xa6, 0x8b, 0xff, 
0xdc, 0xa7, 0x8b, 0xff, 0xd6, 0xa0, 0x84, 0xff, 0xc5, 0x87, 0x6e, 0xff, 0xcd, 0x8e, 0x74, 0xff, 
0xd5, 0x96, 0x7a, 0xff, 0xeb, 0xc6, 0xad, 0xff, 0xff, 0xf1, 0xe0, 0xff, 0xfc, 0xee, 0xdf, 0xff, 
0xf1, 0xd0, 0xbb, 0xff, 0xec, 0xc6, 0xae, 0xff, 0xe2, 0xbc, 0xa7, 0xff, 0xe5, 0xc8, 0xb4, 0xff, 
0xd4, 0xb6, 0xa5, 0xff, 0xcd, 0xad, 0x9e, 0xff, 0xac, 0x89, 0x7a, 0xff, 0xc4, 0xa3, 0x94, 0xff, 
0xf3, 0xdb, 0xcb, 0xff, 0xe6, 0xcf, 0xc2, 0xff, 0xe2, 0xc7, 0xb7, 0xff, 0xdd, 0xbc, 0xa7, 0xff, 
0xdd, 0xba, 0xaa, 0xff, 0xde, 0xbb, 0xad, 0xff, 0xad, 0x82, 0x73, 0xff, 0xcd, 0xa9, 0x97, 0xff, 
0xd8, 0xae, 0x9b, 0xff, 0xc3, 0x98, 0x88, 0xff, 0xdf, 0xba, 0xa8, 0xff, 0xed, 0xc1, 0xa7, 0xff, 
0xd7, 0xa1, 0x87, 0xff, 0xb6, 0x83, 0x71, 0xff, 0xc9, 0x9c, 0x87, 0xff, 0xe2, 0xb7, 0xa0, 0xff, 
0xd9, 0xa8, 0x8f, 0xff, 0xc1, 0x8f, 0x78, 0xff, 0xac, 0x7f, 0x6b, 0xff, 0xaa, 0x74, 0x60, 0xff, 
0xb2, 0x73, 0x5f, 0xff, 0xad, 0x70, 0x5d, 0xff, 0xbd, 0x87, 0x74, 0xff, 0xcd, 0xa1, 0x8a, 0xff, 
0xc3, 0x94, 0x7e, 0xff, 0xcf, 0x9f, 0x87, 0xff, 0xcc, 0x9a, 0x84, 0xff, 0xbd, 0x7f, 0x6e, 0xff, 
0xbd, 0x8c, 0x7e, 0xff, 0xd5, 0xad, 0x98, 0xff, 0xc6, 0x95, 0x81, 0xff, 0xb7, 0x83, 0x74, 0xff, 
0xbb, 0x82, 0x6e, 0xff, 0xb9, 0x83, 0x71, 0xff, 0xb6, 0x7c, 0x6c, 0xff, 0xc3, 0x8e, 0x7a, 0xff, 
0xd2, 0xaa, 0x97, 0xff, 0xe4, 0xc6, 0xb6, 0xff, 0xd7, 0xb3, 0xa2, 0xff, 0xca, 0xa0, 0x90, 0xff, 
0xd8, 0xb6, 0xa9, 0xff, 0xe0, 0xbc, 0xac, 0xff, 0xc3, 0x90, 0x7c, 0xff, 0xc6, 0x95, 0x84, 0xff, 
0xd9, 0xb1, 0xa0, 0xff, 0xd2, 0xb0, 0x9f, 0xff, 0xd6, 0xa7, 0x96, 0xff, 0xd7, 0xa4, 0x96, 0xff, 
0xca, 0x93, 0x7e, 0xff, 0xbf, 0x8b, 0x76, 0xff, 0xca, 0x9a, 0x83, 0xff, 0xd3, 0xa1, 0x8b, 0xff, 
0xdf, 0xb5, 0xa2, 0xff, 0xc8, 0x9c, 0x89, 0xff, 0xd2, 0xa2, 0x91, 0xff, 0xc0, 0x8a, 0x7b, 0xff, 
0xaf, 0x77, 0x65, 0xff, 0xc4, 0x91, 0x7c, 0xff, 0xbc, 0x86, 0x73, 0xff, 0xb0, 0x72, 0x63, 0xff, 
0xb0, 0x77, 0x69, 0xff, 0xbb, 0x86, 0x75, 0xff, 0xb9, 0x83, 0x74, 0xff, 0xa0, 0x6b, 0x5e, 0xff, 
0xb2, 0x81, 0x72, 0xff, 0xcc, 0x98, 0x8a, 0xff, 0xdd, 0xa2, 0x96, 0xff, 0xe2, 0xa4, 0x96, 0xff, 
0xc2, 0x86, 0x79, 0xff, 0xb2, 0x74, 0x67, 0xff, 0xae, 0x71, 0x65, 0xff, 0xb0, 0x77, 0x6b, 0xff, 
0xbd, 0x80, 0x76, 0xff, 0xb1, 0x76, 0x6c, 0xff, 0x94, 0x61, 0x54, 0xff, 0x97, 0x60, 0x54, 0xff, 
0x9a, 0x61, 0x55, 0xff, 0xc4, 0x8a, 0x7b, 0xff, 0xdd, 0xa5, 0x94, 0xff, 0xc7, 0x94, 0x85, 0xff, 
0x9c, 0x6c, 0x5f, 0xff, 0xa6, 0x89, 0x81, 0xff, 0xbf, 0xa0, 0x97, 0xff, 0xc0, 0x97, 0x87, 0xff, 
0xd3, 0xb6, 0xa7, 0xff, 0xc9, 0xa4, 0x94, 0xff, 0xb9, 0x85, 0x74, 0xff, 0xc3, 0x8e, 0x7e, 0xff, 
0xca, 0x8f, 0x7f, 0xff, 0xdf, 0xb7, 0xa6, 0xff, 0xf0, 0xd7, 0xc5, 0xff, 0xce, 0x9a, 0x8a, 0xff, 
0xc0, 0x8b, 0x7c, 0xff, 0xcd, 0xa0, 0x90, 0xff, 0xca, 0x99, 0x8a, 0xff, 0xbd, 0x80, 0x75, 0xff, 
0x89, 0x58, 0x52, 0xff, 0x67, 0x3c, 0x35, 0xff, 0xcb, 0xa3, 0x94, 0xff, 0xff, 0xec, 0xe2, 0xff, 
0xee, 0xcf, 0xc1, 0xff, 0xc8, 0x92, 0x7c, 0xff, 0xbb, 0x86, 0x73, 0xff, 0xb0, 0x86, 0x7b, 0xff, 
0xa3, 0x7c, 0x76, 0xff, 0xa7, 0x7d, 0x75, 0xff, 0xc3, 0x96, 0x8a, 0xff, 0xc1, 0x93, 0x87, 0xff, 
0xbe, 0x91, 0x82, 0xff, 0xd8, 0xac, 0x9a, 0xff, 0xbf, 0x95, 0x89, 0xff, 0xbb, 0x92, 0x83, 0xff, 
0xbe, 0x92, 0x85, 0xff, 0xa3, 0x72, 0x68, 0xff, 0xad, 0x82, 0x76, 0xff, 0xe6, 0xc4, 0xb4, 0xff, 
0xd6, 0xa9, 0x9e, 0xff, 0xc6, 0x94, 0x87, 0xff, 0xb4, 0x81, 0x74, 0xff, 0xc3, 0x93, 0x89, 0xff, 
0xd0, 0x9e, 0x90, 0xff, 0xc8, 0x99, 0x8a, 0xff, 0xc2, 0x97, 0x8c, 0xff, 0xa4, 0x76, 0x68, 0xff, 
0xab, 0x7b, 0x6b, 0xff, 0xa2, 0x6b, 0x60, 0xff, 0xa6, 0x73, 0x67, 0xff, 0x96, 0x66, 0x5c, 0xff, 
0xa8, 0x6f, 0x62, 0xff, 0xc9, 0x88, 0x73, 0xff, 0xc2, 0x82, 0x6b, 0xff, 0xce, 0x92, 0x76, 0xff, 
0xc4, 0x85, 0x70, 0xff, 0x9f, 0x5f, 0x51, 0xff, 0xc9, 0x9b, 0x8c, 0xff, 0xdd, 0xa9, 0x95, 0xff, 
0xb2, 0x7b, 0x65, 0xff, 0x9d, 0x64, 0x54, 0xff, 0x92, 0x5c, 0x4f, 0xff, 0x9c, 0x6e, 0x5d, 0xff, 
0x84, 0x56, 0x44, 0xff, 0x84, 0x54, 0x44, 0xff, 0x8f, 0x60, 0x49, 0xff, 0x90, 0x61, 0x48, 0xff, 
0x8c, 0x5c, 0x4a, 0xff, 0x97, 0x67, 0x54, 0xff, 0x9b, 0x6b, 0x58, 0xff, 0x9b, 0x6d, 0x59, 0xff, 
0x9a, 0x6c, 0x59, 0xff, 0x9a, 0x6b, 0x5a, 0xff, 0xa5, 0x76, 0x63, 0xff, 0xb7, 0x8c, 0x76, 0xff, 
0xa6, 0x80, 0x6d, 0xff, 0x91, 0x69, 0x57, 0xff, 0xa0, 0x72, 0x5c, 0xff, 0x95, 0x67, 0x54, 0xff, 
0x86, 0x57, 0x4c, 0xff, 0x97, 0x67, 0x5b, 0xff, 0xd6, 0x99, 0x8b, 0xff, 0xc4, 0x85, 0x7a, 0xff, 
0xa0, 0x69, 0x5e, 0xff, 0xb4, 0x81, 0x73, 0xff, 0xac, 0x77, 0x6a, 0xff, 0x9e, 0x67, 0x55, 0xff, 
0xa3, 0x70, 0x5d, 0xff, 0x85, 0x51, 0x47, 0xff, 0x8a, 0x55, 0x4b, 0xff, 0x85, 0x50, 0x44, 0xff, 
0x81, 0x4e, 0x42, 0xff, 0x92, 0x60, 0x50, 0xff, 0x72, 0x47, 0x3e, 0xff, 0x6a, 0x43, 0x3d, 0xff, 
0x7b, 0x4c, 0x40, 0xff, 0x96, 0x68, 0x5a, 0xff, 0x83, 0x59, 0x4e, 0xff, 0x90, 0x66, 0x56, 0xff, 
0xab, 0x85, 0x70, 0xff, 0x96, 0x6e, 0x5f, 0xff, 0x97, 0x6e, 0x5f, 0xff, 0x93, 0x66, 0x58, 0xff, 
0x97, 0x68, 0x5c, 0xff, 0x91, 0x64, 0x5a, 0xff, 0x85, 0x5a, 0x50, 0xff, 0x95, 0x6a, 0x60, 0xff, 
0x8f, 0x68, 0x5d, 0xff, 0x91, 0x69, 0x5e, 0xff, 0xa5, 0x79, 0x6d, 0xff, 0x81, 0x56, 0x49, 0xff, 
0xa5, 0x74, 0x6a, 0xff, 0x86, 0x61, 0x5c, 0xff, 0x88, 0x5d, 0x50, 0xff, 0x95, 0x6a, 0x5b, 0xff, 
0x91, 0x65, 0x5b, 0xff, 0x77, 0x53, 0x4d, 0xff, 0x9e, 0x71, 0x66, 0xff, 0xb4, 0x81, 0x6f, 0xff, 
0x78, 0x51, 0x49, 0xff, 0x90, 0x63, 0x54, 0xff, 0xb1, 0x81, 0x67, 0xff, 0xb2, 0x88, 0x76, 0xff, 
0x92, 0x63, 0x59, 0xff, 0x80, 0x53, 0x42, 0xff, 0x98, 0x6d, 0x5a, 0xff, 0x9d, 0x6e, 0x5c, 0xff, 
0x9b, 0x6c, 0x5a, 0xff, 0xa3, 0x75, 0x63, 0xff, 0xa7, 0x77, 0x68, 0xff, 0x9b, 0x6d, 0x5f, 0xff, 
0x8b, 0x60, 0x51, 0xff, 0x94, 0x65, 0x53, 0xff, 0xa5, 0x74, 0x61, 0xff, 0x9e, 0x69, 0x59, 0xff, 
0xa4, 0x6c, 0x5a, 0xff, 0xb3, 0x7d, 0x67, 0xff, 0xa9, 0x70, 0x5c, 0xff, 0x96, 0x5b, 0x4b, 0xff, 
0x9e, 0x65, 0x54, 0xff, 0xb2, 0x7b, 0x67, 0xff, 0xb5, 0x7c, 0x69, 0xff, 0xbc, 0x81, 0x6c, 0xff, 
0xc1, 0x85, 0x6f, 0xff, 0xbe, 0x81, 0x6b, 0xff, 0xc3, 0x86, 0x6d, 0xff, 0xca, 0x93, 0x79, 0xff, 
0xd2, 0x97, 0x7c, 0xff, 0xc4, 0x8b, 0x73, 0xff, 0xbc, 0x8d, 0x79, 0xff, 0xe0, 0xb2, 0x97, 0xff, 
0xea, 0xc1, 0xa7, 0xff, 0xe3, 0xbf, 0xaa, 0xff, 0xd6, 0xaa, 0x95, 0xff, 0xd4, 0xa2, 0x8a, 0xff, 
0xd0, 0x99, 0x80, 0xff, 0xdc, 0xa9, 0x8f, 0xff, 0xdf, 0xb0, 0x96, 0xff, 0xd0, 0x98, 0x7c, 0xff, 
0xd7, 0x9f, 0x81, 0xff, 0xcb, 0x90, 0x76, 0xff, 0xdb, 0xa5, 0x88, 0xff, 0xdc, 0xac, 0x90, 0xff, 
0xd1, 0x9c, 0x82, 0xff, 0xe9, 0xba, 0x9c, 0xff, 0xd5, 0x9b, 0x7f, 0xff, 0xc8, 0x88, 0x6d, 0xff, 
0xdf, 0xa8, 0x8b, 0xff, 0xf9, 0xe2, 0xcd, 0xff, 0xfe, 0xed, 0xdb, 0xff, 0xf4, 0xd4, 0xbf, 0xff, 
0xec, 0xc7, 0xb0, 0xff, 0xed, 0xca, 0xb3, 0xff, 0xe4, 0xbe, 0xa7, 0xff, 0xe5, 0xc0, 0xa9, 0xff, 
0xe2, 0xc1, 0xad, 0xff, 0xc8, 0xa1, 0x8c, 0xff, 0xbc, 0x8c, 0x76, 0xff, 0xdd, 0xb9, 0xa5, 0xff, 
0xff, 0xee, 0xdf, 0xff, 0xe6, 0xcf, 0xc5, 0xff, 0xd2, 0xba, 0xae, 0xff, 0xe5, 0xcd, 0xbd, 0xff, 
0xef, 0xd0, 0xbe, 0xff, 0xcd, 0xa9, 0x98, 0xff, 0xbd, 0x94, 0x80, 0xff, 0xdf, 0xb8, 0xa3, 0xff, 
0xfb, 0xe2, 0xd2, 0xff, 0xe5, 0xc6, 0xb4, 0xff, 0xbd, 0x86, 0x6f, 0xff, 0xd2, 0xa2, 0x8c, 0xff, 
0xe3, 0xc1, 0xaf, 0xff, 0xe0, 0xb5, 0xa2, 0xff, 0xd2, 0xa3, 0x8f, 0xff, 0xe4, 0xbd, 0xa8, 0xff, 
0xe7, 0xc2, 0xad, 0xff, 0xcb, 0x93, 0x7d, 0xff, 0xb5, 0x79, 0x64, 0xff, 0xb3, 0x7b, 0x65, 0xff, 
0xb0, 0x76, 0x62, 0xff, 0xb6, 0x82, 0x6f, 0xff, 0xd4, 0xa9, 0x94, 0xff, 0xd4, 0xa5, 0x91, 0xff, 
0xbb, 0x8a, 0x77, 0xff, 0xdd, 0xb9, 0xa2, 0xff, 0xde, 0xb5, 0x9f, 0xff, 0xc9, 0x95, 0x83, 0xff, 
0xc3, 0x95, 0x84, 0xff, 0xb8, 0x84, 0x75, 0xff, 0xbe, 0x8d, 0x7b, 0xff, 0xc2, 0x93, 0x80, 0xff, 
0xb9, 0x7f, 0x6e, 0xff, 0xc7, 0x98, 0x83, 0xff, 0xd3, 0xae, 0x98, 0xff, 0xcb, 0x9f, 0x8b, 0xff, 
0xbc, 0x8b, 0x7b, 0xff, 0xc4, 0x9c, 0x8b, 0xff, 0xcf, 0xa7, 0x96, 0xff, 0xcb, 0xa4, 0x93, 0xff, 
0xc8, 0x9d, 0x8c, 0xff, 0xc3, 0x90, 0x7a, 0xff, 0xc3, 0x90, 0x7d, 0xff, 0xde, 0xb2, 0xa4, 0xff, 
0xd9, 0xb0, 0x9b, 0xff, 0xd7, 0xad, 0x99, 0xff, 0xd8, 0xa5, 0x94, 0xff, 0xc3, 0x8d, 0x7b, 0xff, 
0xaf, 0x78, 0x64, 0xff, 0xcc, 0xa0, 0x88, 0xff, 0xd7, 0xaa, 0x91, 0xff, 0xe4, 0xbf, 0xa9, 0xff, 
0xc7, 0x9e, 0x88, 0xff, 0xb0, 0x75, 0x66, 0xff, 0xc2, 0x85, 0x7b, 0xff, 0xc2, 0x86, 0x72, 0xff, 
0xbd, 0x8a, 0x74, 0xff, 0xbe, 0x87, 0x72, 0xff, 0xba, 0x83, 0x6f, 0xff, 0xbf, 0x8a, 0x7d, 0xff, 
0xc7, 0x95, 0x85, 0xff, 0xc0, 0x8d, 0x7b, 0xff, 0xbb, 0x87, 0x77, 0xff, 0xb3, 0x7f, 0x72, 0xff, 
0xb3, 0x7f, 0x74, 0xff, 0xd8, 0x9e, 0x90, 0xff, 0xd6, 0x9b, 0x8c, 0xff, 0xba, 0x81, 0x74, 0xff, 
0xc9, 0x8a, 0x7c, 0xff, 0xb6, 0x7a, 0x6e, 0xff, 0xa9, 0x70, 0x67, 0xff, 0xb5, 0x7a, 0x6f, 0xff, 
0xb6, 0x79, 0x6e, 0xff, 0xb2, 0x78, 0x6b, 0xff, 0xb0, 0x78, 0x6b, 0xff, 0x99, 0x61, 0x55, 0xff, 
0x98, 0x60, 0x53, 0xff, 0xc3, 0x87, 0x78, 0xff, 0xd1, 0x96, 0x86, 0xff, 0xb1, 0x78, 0x69, 0xff, 
0x90, 0x56, 0x49, 0xff, 0x7f, 0x4f, 0x45, 0xff, 0x93, 0x70, 0x67, 0xff, 0xbc, 0xa5, 0x9c, 0xff, 
0xcc, 0xb9, 0xb0, 0xff, 0xdd, 0xd0, 0xc7, 0xff, 0xd4, 0xbb, 0xb0, 0xff, 0xc7, 0x97, 0x89, 0xff, 
0xd9, 0xb5, 0xa6, 0xff, 0xf0, 0xde, 0xd1, 0xff, 0xff, 0xf6, 0xee, 0xff, 0xf5, 0xe2, 0xd7, 0xff, 
0xd9, 0xa3, 0x90, 0xff, 0xd6, 0xb0, 0xa5, 0xff, 0xca, 0xa3, 0x9a, 0xff, 0xa7, 0x79, 0x71, 0xff, 
0x80, 0x58, 0x51, 0xff, 0x6a, 0x47, 0x42, 0xff, 0x9f, 0x71, 0x64, 0xff, 0xf0, 0xcc, 0xba, 0xff, 
0xf6, 0xdf, 0xd1, 0xff, 0xf1, 0xd0, 0xbd, 0xff, 0xdc, 0xb2, 0xa0, 0xff, 0xb0, 0x84, 0x77, 0xff, 
0x94, 0x67, 0x5d, 0xff, 0xcf, 0xa0, 0x91, 0xff, 0xd7, 0xa7, 0x94, 0xff, 0xc7, 0x94, 0x81, 0xff, 
0xc2, 0x91, 0x80, 0xff, 0xcc, 0x9c, 0x89, 0xff, 0xa6, 0x76, 0x68, 0xff, 0xcb, 0xa8, 0x9c, 0xff, 
0xf2, 0xd5, 0xc6, 0xff, 0xa1, 0x73, 0x6b, 0xff, 0xa8, 0x75, 0x69, 0xff, 0xd0, 0xa4, 0x94, 0xff, 
0xca, 0x9b, 0x8d, 0xff, 0xd9, 0xb5, 0xaa, 0xff, 0xcf, 0xa9, 0x9c, 0xff, 0xc2, 0x91, 0x83, 0xff, 
0xb8, 0x89, 0x7b, 0xff, 0xbb, 0x8a, 0x7b, 0xff, 0xc5, 0x98, 0x8c, 0xff, 0xa2, 0x71, 0x61, 0xff, 
0x9f, 0x6a, 0x5b, 0xff, 0x98, 0x65, 0x5b, 0xff, 0xb0, 0x80, 0x6f, 0xff, 0xa8, 0x76, 0x68, 0xff, 
0xba, 0x83, 0x71, 0xff, 0xc7, 0x8b, 0x76, 0xff, 0xc3, 0x83, 0x6c, 0xff, 0xc9, 0x8b, 0x72, 0xff, 
0xbc, 0x7a, 0x63, 0xff, 0xa9, 0x63, 0x4f, 0xff, 0xd9, 0xa7, 0x99, 0xff, 0xe5, 0xc8, 0xb4, 0xff, 
0xbb, 0x86, 0x70, 0xff, 0x87, 0x4d, 0x40, 0xff, 0x7b, 0x47, 0x3a, 0xff, 0x85, 0x5a, 0x49, 0xff, 
0x87, 0x5c, 0x49, 0xff, 0x8c, 0x5c, 0x4c, 0xff, 0x8d, 0x5f, 0x4c, 0xff, 0x8a, 0x5c, 0x4a, 0xff, 
0x87, 0x55, 0x43, 0xff, 0x8b, 0x56, 0x40, 0xff, 0x81, 0x4f, 0x40, 0xff, 0x8f, 0x5d, 0x4e, 0xff, 
0x9d, 0x6d, 0x5c, 0xff, 0xb1, 0x8b, 0x78, 0xff, 0xb6, 0x8e, 0x77, 0xff, 0xbf, 0x97, 0x7f, 0xff, 
0xa9, 0x7e, 0x6c, 0xff, 0xa1, 0x78, 0x66, 0xff, 0xa0, 0x71, 0x5f, 0xff, 0x86, 0x51, 0x44, 0xff, 
0x81, 0x50, 0x45, 0xff, 0xdc, 0xa2, 0x90, 0xff, 0xe2, 0xa6, 0x97, 0xff, 0x9a, 0x62, 0x59, 0xff, 
0xb0, 0x78, 0x6e, 0xff, 0xb0, 0x79, 0x6d, 0xff, 0x96, 0x5e, 0x50, 0xff, 0xa2, 0x71, 0x5b, 0xff, 
0xb5, 0x85, 0x6f, 0xff, 0x9d, 0x68, 0x57, 0xff, 0x9b, 0x6a, 0x59, 0xff, 0x86, 0x55, 0x46, 0xff, 
0x7b, 0x48, 0x39, 0xff, 0x9d, 0x70, 0x60, 0xff, 0xa8, 0x7e, 0x6c, 0xff, 0x7d, 0x51, 0x45, 0xff, 
0x72, 0x46, 0x39, 0xff, 0x8f, 0x64, 0x5b, 0xff, 0x9c, 0x72, 0x68, 0xff, 0xad, 0x80, 0x67, 0xff, 
0xab, 0x83, 0x6a, 0xff, 0x96, 0x6e, 0x5e, 0xff, 0x8d, 0x63, 0x54, 0xff, 0x8b, 0x5e, 0x50, 0xff, 
0x9c, 0x70, 0x67, 0xff, 0x79, 0x51, 0x48, 0xff, 0x7f, 0x51, 0x48, 0xff, 0x9d, 0x6f, 0x64, 0xff, 
0xa3, 0x74, 0x62, 0xff, 0x8d, 0x63, 0x56, 0xff, 0xa6, 0x75, 0x65, 0xff, 0xa5, 0x73, 0x61, 0xff, 
0x95, 0x6b, 0x5f, 0xff, 0x88, 0x60, 0x5a, 0xff, 0x65, 0x43, 0x3b, 0xff, 0x7f, 0x5a, 0x50, 0xff, 
0x9c, 0x6f, 0x64, 0xff, 0x7e, 0x55, 0x4b, 0xff, 0x8b, 0x64, 0x5a, 0xff, 0x97, 0x6c, 0x5e, 0xff, 
0x76, 0x4e, 0x47, 0xff, 0x97, 0x69, 0x5e, 0xff, 0xb2, 0x81, 0x6b, 0xff, 0xb1, 0x82, 0x70, 0xff, 
0xa9, 0x7a, 0x69, 0xff, 0x82, 0x53, 0x43, 0xff, 0x9b, 0x6d, 0x5b, 0xff, 0x9c, 0x6e, 0x5c, 0xff, 
0x9c, 0x6e, 0x5c, 0xff, 0xaa, 0x7a, 0x67, 0xff, 0xaf, 0x7c, 0x69, 0xff, 0x9a, 0x69, 0x57, 0xff, 
0x8e, 0x61, 0x50, 0xff, 0x92, 0x61, 0x51, 0xff, 0x90, 0x5f, 0x4e, 0xff, 0x98, 0x64, 0x51, 0xff, 
0xa3, 0x6a, 0x59, 0xff, 0xa4, 0x6c, 0x5a, 0xff, 0x90, 0x59, 0x4a, 0xff, 0x9a, 0x62, 0x54, 0xff, 
0xad, 0x75, 0x61, 0xff, 0xb1, 0x76, 0x63, 0xff, 0xa0, 0x66, 0x55, 0xff, 0xb2, 0x79, 0x66, 0xff, 
0xb8, 0x7c, 0x6a, 0xff, 0xc0, 0x84, 0x6e, 0xff, 0xcc, 0x8f, 0x75, 0xff, 0xce, 0x8d, 0x72, 0xff, 
0xb8, 0x7b, 0x64, 0xff, 0xb8, 0x85, 0x70, 0xff, 0xce, 0x9a, 0x82, 0xff, 0xdb, 0xa8, 0x8e, 0xff, 
0xec, 0xcb, 0xb2, 0xff, 0xe7, 0xc1, 0xaa, 0xff, 0xe1, 0xb4, 0x9d, 0xff, 0xde, 0xaf, 0x97, 0xff, 
0xe9, 0xc2, 0xa7, 0xff, 0xf0, 0xcd, 0xb3, 0xff, 0xc8, 0x8d, 0x76, 0xff, 0xc1, 0x82, 0x68, 0xff, 
0xc6, 0x8a, 0x70, 0xff, 0xdc, 0xa4, 0x85, 0xff, 0xe0, 0xb1, 0x94, 0xff, 0xc1, 0x88, 0x71, 0xff, 
0xdc, 0x9d, 0x80, 0xff, 0xcf, 0x94, 0x79, 0xff, 0xbd, 0x7e, 0x67, 0xff, 0xca, 0x89, 0x6e, 0xff, 
0xe2, 0xaf, 0x94, 0xff, 0xfa, 0xe1, 0xca, 0xff, 0xeb, 0xc3, 0xac, 0xff, 0xed, 0xc6, 0xaf, 0xff, 
0xe8, 0xbf, 0xa7, 0xff, 0xea, 0xc4, 0xac, 0xff, 0xe6, 0xc0, 0xa7, 0xff, 0xe3, 0xbc, 0xa7, 0xff, 
0xeb, 0xc1, 0xaa, 0xff, 0xda, 0xad, 0x95, 0xff, 0xe2, 0xb5, 0x9f, 0xff, 0xf0, 0xc6, 0xaf, 0xff, 
0xea, 0xc0, 0xa7, 0xff, 0xef, 0xce, 0xba, 0xff, 0xf3, 0xe2, 0xd6, 0xff, 0xe7, 0xd1, 0xc2, 0xff, 
0xe1, 0xbf, 0xab, 0xff, 0xec, 0xcd, 0xb9, 0xff, 0xfd, 0xd8, 0xbd, 0xff, 0xfa, 0xd5, 0xbc, 0xff, 
0xef, 0xca, 0xb5, 0xff, 0xda, 0xa1, 0x89, 0xff, 0xdf, 0xb8, 0xa3, 0xff, 0xf0, 0xda, 0xca, 0xff, 
0xde, 0xbc, 0xa7, 0xff, 0xd0, 0xa0, 0x88, 0xff, 0xda, 0xa5, 0x8c, 0xff, 0xe5, 0xbb, 0xa7, 0xff, 
0xec, 0xca, 0xb7, 0xff, 0xdf, 0xb2, 0x9b, 0xff, 0xdb, 0xa8, 0x8e, 0xff, 0xc4, 0x92, 0x7c, 0xff, 
0xac, 0x7c, 0x6b, 0xff, 0xc5, 0x96, 0x85, 0xff, 0xcb, 0x9e, 0x8a, 0xff, 0xca, 0x9a, 0x85, 0xff, 
0xb5, 0x85, 0x73, 0xff, 0xcb, 0xa1, 0x8e, 0xff, 0xd8, 0xab, 0x96, 0xff, 0xd3, 0xa9, 0x98, 0xff, 
0xcf, 0xa5, 0x94, 0xff, 0xc2, 0x91, 0x7e, 0xff, 0xba, 0x8a, 0x77, 0xff, 0xc9, 0xa0, 0x8c, 0xff, 
0xc9, 0x9f, 0x8f, 0xff, 0xd3, 0xa9, 0x94, 0xff, 0xcd, 0xa3, 0x8f, 0xff, 0xbc, 0x8f, 0x80, 0xff, 
0xc4, 0x99, 0x88, 0xff, 0xb8, 0x8a, 0x79, 0xff, 0xbb, 0x8d, 0x7c, 0xff, 0xd4, 0xa7, 0x95, 0xff, 
0xc1, 0x89, 0x73, 0xff, 0xba, 0x85, 0x70, 0xff, 0xda, 0xab, 0x9a, 0xff, 0xda, 0xac, 0x9c, 0xff, 
0xbe, 0x87, 0x78, 0xff, 0xd0, 0x98, 0x86, 0xff, 0xc8, 0x90, 0x7d, 0xff, 0xac, 0x71, 0x5d, 0xff, 
0xd0, 0xa6, 0x8e, 0xff, 0xdb, 0xb8, 0x9f, 0xff, 0xd5, 0xaf, 0x97, 0xff, 0xc1, 0x95, 0x80, 0xff, 
0xb2, 0x78, 0x66, 0xff, 0xbf, 0x81, 0x70, 0xff, 0xa6, 0x78, 0x6a, 0xff, 0xb0, 0x8b, 0x7d, 0xff, 
0xbc, 0x81, 0x6a, 0xff, 0xb8, 0x7c, 0x68, 0xff, 0xb7, 0x81, 0x74, 0xff, 0xb7, 0x86, 0x79, 0xff, 
0xb8, 0x86, 0x79, 0xff, 0xd0, 0x9d, 0x8b, 0xff, 0xcb, 0x96, 0x84, 0xff, 0xad, 0x73, 0x66, 0xff, 
0xc3, 0x87, 0x7b, 0xff, 0xd9, 0x9a, 0x8d, 0xff, 0xb5, 0x7b, 0x70, 0xff, 0xa5, 0x6c, 0x61, 0xff, 
0xbf, 0x81, 0x75, 0xff, 0xbf, 0x80, 0x75, 0xff, 0xbe, 0x81, 0x75, 0xff, 0xc1, 0x88, 0x7b, 0xff, 
0xb7, 0x7e, 0x72, 0xff, 0xc2, 0x85, 0x78, 0xff, 0xcc, 0x8d, 0x80, 0xff, 0xad, 0x73, 0x67, 0xff, 
0x93, 0x59, 0x4d, 0xff, 0xa5, 0x69, 0x5d, 0xff, 0xce, 0x97, 0x87, 0xff, 0xbd, 0x88, 0x79, 0xff, 
0xa3, 0x68, 0x5a, 0xff, 0x81, 0x52, 0x48, 0xff, 0x75, 0x48, 0x3f, 0xff, 0x9f, 0x70, 0x62, 0xff, 
0xa8, 0x7b, 0x6c, 0xff, 0xac, 0x83, 0x75, 0xff, 0xbc, 0x9e, 0x92, 0xff, 0xe2, 0xc4, 0xb7, 0xff, 
0xf1, 0xd6, 0xc8, 0xff, 0xe6, 0xc5, 0xb8, 0xff, 0xe8, 0xcb, 0xc0, 0xff, 0xe5, 0xbf, 0xaf, 0xff, 
0xbf, 0x8b, 0x7b, 0xff, 0xbb, 0x8f, 0x85, 0xff, 0xb5, 0x97, 0x8e, 0xff, 0x9f, 0x85, 0x7d, 0xff, 
0xa2, 0x7e, 0x74, 0xff, 0xa2, 0x73, 0x69, 0xff, 0xa2, 0x72, 0x68, 0xff, 0xcf, 0xa5, 0x91, 0xff, 
0xe7, 0xc6, 0xb4, 0xff, 0xe0, 0xbd, 0xab, 0xff, 0xd4, 0xac, 0x9d, 0xff, 0xcf, 0xa7, 0x98, 0xff, 
0xd0, 0xa1, 0x8e, 0xff, 0xc0, 0x90, 0x7e, 0xff, 0xcf, 0xa1, 0x8e, 0xff, 0xcf, 0x9d, 0x88, 0xff, 
0xc8, 0x91, 0x7b, 0xff, 0xc6, 0x95, 0x81, 0xff, 0xbd, 0x8c, 0x78, 0xff, 0xc9, 0x9e, 0x8f, 0xff, 
0xd3, 0xb1, 0xa4, 0xff, 0xc5, 0x9a, 0x8a, 0xff, 0xe5, 0xc2, 0xb0, 0xff, 0xcf, 0xa4, 0x93, 0xff, 
0xd2, 0x9f, 0x8d, 0xff, 0xd9, 0xb1, 0xa1, 0xff, 0xcf, 0xab, 0xa0, 0xff, 0xdc, 0xb6, 0xa9, 0xff, 
0xcc, 0xa7, 0x9b, 0xff, 0xb4, 0x87, 0x7a, 0xff, 0xc5, 0x99, 0x8b, 0xff, 0xde, 0xb4, 0xa3, 0xff, 
0xa7, 0x7a, 0x6e, 0xff, 0xa3, 0x73, 0x67, 0xff, 0xb9, 0x86, 0x74, 0xff, 0xb1, 0x76, 0x64, 0xff, 
0xbf, 0x7d, 0x68, 0xff, 0xbc, 0x81, 0x6d, 0xff, 0xbe, 0x82, 0x6c, 0xff, 0xb8, 0x73, 0x5e, 0xff, 
0x90, 0x55, 0x46, 0xff, 0x96, 0x60, 0x56, 0xff, 0xe1, 0xa1, 0x90, 0xff, 0xef, 0xd8, 0xc9, 0xff, 
0xdd, 0xbd, 0xaa, 0xff, 0x8d, 0x55, 0x46, 0xff, 0x6f, 0x3f, 0x31, 0xff, 0x85, 0x58, 0x46, 0xff, 
0x9c, 0x6f, 0x5b, 0xff, 0x9a, 0x6b, 0x59, 0xff, 0x99, 0x69, 0x58, 0xff, 0xa2, 0x6f, 0x5d, 0xff, 
0x96, 0x5f, 0x50, 0xff, 0x85, 0x52, 0x45, 0xff, 0x9d, 0x6c, 0x5a, 0xff, 0xa9, 0x7b, 0x6b, 0xff, 
0xb8, 0x8e, 0x7a, 0xff, 0xba, 0x8d, 0x76, 0xff, 0xbb, 0x8c, 0x76, 0xff, 0xb6, 0x82, 0x6d, 0xff, 
0xb1, 0x7c, 0x6a, 0xff, 0xb3, 0x84, 0x71, 0xff, 0xa4, 0x72, 0x61, 0xff, 0x8f, 0x5c, 0x4d, 0xff, 
0xc7, 0x8d, 0x7f, 0xff, 0xdb, 0xa0, 0x8f, 0xff, 0x93, 0x61, 0x54, 0xff, 0x9b, 0x67, 0x5a, 0xff, 
0xa2, 0x71, 0x62, 0xff, 0xbe, 0x8a, 0x7b, 0xff, 0xb8, 0x82, 0x75, 0xff, 0x93, 0x5f, 0x4e, 0xff, 
0x9b, 0x68, 0x55, 0xff, 0xb9, 0x8e, 0x77, 0xff, 0xbb, 0x8f, 0x78, 0xff, 0xae, 0x83, 0x6f, 0xff, 
0x8e, 0x60, 0x50, 0xff, 0x7e, 0x4d, 0x3f, 0xff, 0xb7, 0x8f, 0x7b, 0xff, 0x8f, 0x63, 0x55, 0xff, 
0x7e, 0x50, 0x42, 0xff, 0x9e, 0x71, 0x60, 0xff, 0xa8, 0x7b, 0x68, 0xff, 0xab, 0x7d, 0x67, 0xff, 
0x95, 0x68, 0x55, 0xff, 0x97, 0x6a, 0x5a, 0xff, 0x98, 0x6f, 0x5e, 0xff, 0x9d, 0x72, 0x66, 0xff, 
0x83, 0x5c, 0x54, 0xff, 0x6b, 0x45, 0x3c, 0xff, 0x7c, 0x51, 0x48, 0xff, 0x95, 0x65, 0x5a, 0xff, 
0x9d, 0x69, 0x56, 0xff, 0xa7, 0x6d, 0x57, 0xff, 0xa9, 0x6f, 0x59, 0xff, 0xb0, 0x76, 0x63, 0xff, 
0xad, 0x7f, 0x73, 0xff, 0x74, 0x4f, 0x46, 0xff, 0x70, 0x4f, 0x44, 0xff, 0xa6, 0x7a, 0x6f, 0xff, 
0xab, 0x7b, 0x6b, 0xff, 0xad, 0x7c, 0x6a, 0xff, 0x89, 0x61, 0x54, 0xff, 0x7c, 0x54, 0x4a, 0xff, 
0x96, 0x69, 0x5f, 0xff, 0x89, 0x5c, 0x4d, 0xff, 0xa9, 0x77, 0x64, 0xff, 0xbe, 0x8e, 0x80, 0xff, 
0xc9, 0xa1, 0x90, 0xff, 0x8a, 0x5d, 0x4b, 0xff, 0x8d, 0x5e, 0x4e, 0xff, 0xa0, 0x72, 0x5f, 0xff, 
0x9d, 0x6d, 0x5c, 0xff, 0x95, 0x65, 0x52, 0xff, 0x97, 0x66, 0x56, 0xff, 0x9d, 0x6d, 0x5a, 0xff, 
0x8e, 0x5d, 0x4b, 0xff, 0x98, 0x68, 0x59, 0xff, 0x99, 0x69, 0x5a, 0xff, 0x99, 0x68, 0x55, 0xff, 
0x9a, 0x66, 0x55, 0xff, 0x91, 0x5c, 0x4c, 0xff, 0x99, 0x63, 0x52, 0xff, 0xa3, 0x6c, 0x5c, 0xff, 
0xa3, 0x6a, 0x58, 0xff, 0x9e, 0x62, 0x52, 0xff, 0xad, 0x73, 0x60, 0xff, 0xc9, 0x93, 0x7a, 0xff, 
0xb6, 0x7b, 0x67, 0xff, 0xaf, 0x71, 0x5f, 0xff, 0xae, 0x6f, 0x5b, 0xff, 0xb0, 0x71, 0x5d, 0xff, 
0xb7, 0x7f, 0x6c, 0xff, 0xcf, 0x99, 0x81, 0xff, 0xcf, 0x9b, 0x81, 0xff, 0xe1, 0xb6, 0x9a, 0xff, 
0xe9, 0xc2, 0xa8, 0xff, 0xdd, 0xb0, 0x95, 0xff, 0xe1, 0xb5, 0x9a, 0xff, 0xea, 0xc1, 0xa6, 0xff, 
0xf4, 0xd7, 0xbe, 0xff, 0xd4, 0xa0, 0x87, 0xff, 0xb1, 0x6c, 0x58, 0xff, 0xc1, 0x84, 0x6e, 0xff, 
0xdb, 0xa4, 0x87, 0xff, 0xe1, 0xae, 0x90, 0xff, 0xbf, 0x86, 0x6f, 0xff, 0xd0, 0x93, 0x79, 0xff, 
0xdd, 0xa0, 0x83, 0xff, 0xd1, 0x94, 0x79, 0xff, 0xd0, 0x97, 0x7e, 0xff, 0xd7, 0x9c, 0x81, 0xff, 
0xe3, 0xaf, 0x90, 0xff, 0xed, 0xc2, 0xa5, 0xff, 0xeb, 0xc3, 0xab, 0xff, 0xf7, 0xdd, 0xc7, 0xff, 
0xec, 0xc6, 0xb0, 0xff, 0xec, 0xca, 0xb3, 0xff, 0xec, 0xc9, 0xb2, 0xff, 0xe5, 0xbb, 0xa4, 0xff, 
0xde, 0xad, 0x94, 0xff, 0xe5, 0xb8, 0xa0, 0xff, 0xe1, 0xb7, 0xa2, 0xff, 0xdb, 0xaf, 0x98, 0xff, 
0xdc, 0xaa, 0x8f, 0xff, 0xec, 0xc3, 0xaa, 0xff, 0xf8, 0xde, 0xcf, 0xff, 0xec, 0xcf, 0xbf, 0xff, 
0xea, 0xcc, 0xb8, 0xff, 0xe8, 0xc5, 0xb0, 0xff, 0xb9, 0x7f, 0x6b, 0xff, 0xc8, 0x8d, 0x75, 0xff, 
0xd1, 0x97, 0x7d, 0xff, 0xdc, 0xaf, 0x9b, 0xff, 0xff, 0xf1, 0xe6, 0xff, 0xf4, 0xd9, 0xc9, 0xff, 
0xd6, 0xa2, 0x86, 0xff, 0xd6, 0xa5, 0x8b, 0xff, 0xe0, 0xb8, 0xa2, 0xff, 0xe6, 0xc3, 0xb1, 0xff, 
0xe3, 0xba, 0xa5, 0xff, 0xea, 0xc2, 0xa9, 0xff, 0xda, 0xb2, 0x9c, 0xff, 0xc9, 0x9c, 0x8a, 0xff, 
0xc4, 0x9b, 0x89, 0xff, 0xcf, 0xa0, 0x8b, 0xff, 0xbf, 0x88, 0x73, 0xff, 0xaf, 0x73, 0x61, 0xff, 
0xb1, 0x73, 0x61, 0xff, 0xaf, 0x72, 0x5f, 0xff, 0xc2, 0x90, 0x7c, 0xff, 0xd1, 0xa8, 0x96, 0xff, 
0xcd, 0x9d, 0x8b, 0xff, 0xc0, 0x8a, 0x75, 0xff, 0xc7, 0x9d, 0x89, 0xff, 0xd1, 0xa6, 0x93, 0xff, 
0xc7, 0x98, 0x88, 0xff, 0xc7, 0x9c, 0x89, 0xff, 0xb3, 0x80, 0x71, 0xff, 0xc6, 0x93, 0x82, 0xff, 
0xcf, 0xa5, 0x92, 0xff, 0xc6, 0x99, 0x88, 0xff, 0xd8, 0xa9, 0x97, 0xff, 0xdc, 0xb5, 0xa4, 0xff, 
0xd3, 0xa4, 0x91, 0xff, 0xd5, 0x9b, 0x8b, 0xff, 0xdd, 0xa7, 0x9a, 0xff, 0xbe, 0x83, 0x70, 0xff, 
0xb4, 0x7a, 0x6a, 0xff, 0xcd, 0x93, 0x86, 0xff, 0xb6, 0x7a, 0x68, 0xff, 0xc6, 0x94, 0x7e, 0xff, 
0xd9, 0xb3, 0x9e, 0xff, 0xcd, 0xa9, 0x92, 0xff, 0xb4, 0x83, 0x6d, 0xff, 0xac, 0x6e, 0x61, 0xff, 
0xbb, 0x7e, 0x71, 0xff, 0xc3, 0x86, 0x6d, 0xff, 0xaf, 0x87, 0x74, 0xff, 0xac, 0x88, 0x78, 0xff, 
0xc8, 0x88, 0x6f, 0xff, 0xb0, 0x75, 0x6a, 0xff, 0xa9, 0x74, 0x67, 0xff, 0xb5, 0x7f, 0x6f, 0xff, 
0xb5, 0x83, 0x74, 0xff, 0xc9, 0x99, 0x8a, 0xff, 0xc4, 0x8b, 0x7b, 0xff, 0xb9, 0x7b, 0x6e, 0xff, 
0xbe, 0x87, 0x7b, 0xff, 0xad, 0x75, 0x6b, 0xff, 0xc8, 0x87, 0x79, 0xff, 0xdf, 0x9a, 0x8b, 0xff, 
0xaf, 0x73, 0x68, 0xff, 0xa6, 0x6c, 0x61, 0xff, 0xc4, 0x86, 0x7a, 0xff, 0xc7, 0x8a, 0x7e, 0xff, 
0xc6, 0x8a, 0x7f, 0xff, 0xca, 0x8c, 0x7e, 0xff, 0xca, 0x8b, 0x7c, 0xff, 0xc2, 0x83, 0x73, 0xff, 
0xb3, 0x74, 0x66, 0xff, 0xaf, 0x72, 0x65, 0xff, 0xb0, 0x78, 0x6c, 0xff, 0xa8, 0x69, 0x5b, 0xff, 
0x9b, 0x5f, 0x51, 0xff, 0x85, 0x53, 0x4a, 0xff, 0x78, 0x4f, 0x47, 0xff, 0x8b, 0x5a, 0x4f, 0xff, 
0xa5, 0x6d, 0x5e, 0xff, 0x97, 0x64, 0x55, 0xff, 0x94, 0x5e, 0x50, 0xff, 0xdb, 0xb2, 0xa2, 0xff, 
0xef, 0xc7, 0xb7, 0xff, 0xc5, 0x8b, 0x79, 0xff, 0xba, 0x7c, 0x6a, 0xff, 0xbd, 0x8c, 0x7e, 0xff, 
0xa7, 0x7c, 0x73, 0xff, 0x9c, 0x6b, 0x62, 0xff, 0x99, 0x6a, 0x5d, 0xff, 0xcb, 0xad, 0xa2, 0xff, 
0xd1, 0xb0, 0xa5, 0xff, 0xa0, 0x6e, 0x62, 0xff, 0xb3, 0x80, 0x75, 0xff, 0xd1, 0xa1, 0x94, 0xff, 
0xd5, 0xac, 0x9b, 0xff, 0xc2, 0x95, 0x86, 0xff, 0xcc, 0xa4, 0x95, 0xff, 0xe7, 0xbf, 0xab, 0xff, 
0xe0, 0xb5, 0x9f, 0xff, 0xcc, 0xa1, 0x8d, 0xff, 0xd8, 0xae, 0x9b, 0xff, 0xdf, 0xb5, 0xa3, 0xff, 
0xb9, 0x83, 0x6d, 0xff, 0xb1, 0x83, 0x72, 0xff, 0xde, 0xbc, 0xab, 0xff, 0xd0, 0xa0, 0x8e, 0xff, 
0xce, 0xa1, 0x90, 0xff, 0xd6, 0xa8, 0x93, 0xff, 0xdb, 0xac, 0x95, 0xff, 0xb7, 0x83, 0x77, 0xff, 
0xbe, 0x8b, 0x7d, 0xff, 0xdc, 0xb7, 0xa4, 0xff, 0xb5, 0x8a, 0x7d, 0xff, 0xcb, 0xa3, 0x97, 0xff, 
0xef, 0xcf, 0xc2, 0xff, 0xe1, 0xbf, 0xb3, 0xff, 0xba, 0x8c, 0x7f, 0xff, 0xd4, 0xa9, 0x9b, 0xff, 
0xba, 0x8d, 0x7d, 0xff, 0xaa, 0x76, 0x66, 0xff, 0xbb, 0x86, 0x75, 0xff, 0xb0, 0x6d, 0x5e, 0xff, 
0xa3, 0x60, 0x51, 0xff, 0xae, 0x71, 0x5d, 0xff, 0xb7, 0x7b, 0x65, 0xff, 0xaf, 0x6e, 0x59, 0xff, 
0xa1, 0x6c, 0x5d, 0xff, 0xb6, 0x84, 0x7a, 0xff, 0xd0, 0x8a, 0x7b, 0xff, 0xd0, 0xa8, 0x9b, 0xff, 
0xeb, 0xd3, 0xc0, 0xff, 0xb1, 0x73, 0x5d, 0xff, 0x93, 0x60, 0x4f, 0xff, 0x92, 0x61, 0x52, 0xff, 
0xac, 0x79, 0x66, 0xff, 0xb5, 0x7e, 0x6a, 0xff, 0x9c, 0x67, 0x56, 0xff, 0xa2, 0x69, 0x58, 0xff, 
0x92, 0x5c, 0x4d, 0xff, 0xa8, 0x7b, 0x6b, 0xff, 0xd0, 0xa8, 0x97, 0xff, 0xbc, 0x97, 0x88, 0xff, 
0xc1, 0x95, 0x87, 0xff, 0xb5, 0x7f, 0x74, 0xff, 0xa8, 0x70, 0x5f, 0xff, 0xab, 0x73, 0x5e, 0xff, 
0xb2, 0x7b, 0x68, 0xff, 0xa3, 0x6b, 0x5a, 0xff, 0xa0, 0x6c, 0x5d, 0xff, 0xcb, 0x91, 0x83, 0xff, 
0xde, 0xa1, 0x91, 0xff, 0xa5, 0x6f, 0x61, 0xff, 0x9d, 0x67, 0x5a, 0xff, 0xa8, 0x77, 0x66, 0xff, 
0xaf, 0x7f, 0x6d, 0xff, 0xc3, 0x92, 0x81, 0xff, 0xa4, 0x72, 0x62, 0xff, 0xa6, 0x73, 0x5f, 0xff, 
0xa8, 0x77, 0x64, 0xff, 0xb9, 0x8c, 0x79, 0xff, 0xbe, 0x93, 0x7e, 0xff, 0xa5, 0x78, 0x66, 0xff, 
0xb9, 0x91, 0x7d, 0xff, 0x95, 0x65, 0x54, 0xff, 0xa4, 0x74, 0x62, 0xff, 0xb1, 0x85, 0x72, 0xff, 
0x97, 0x66, 0x54, 0xff, 0xa2, 0x72, 0x5e, 0xff, 0xb5, 0x86, 0x6f, 0xff, 0x9b, 0x6d, 0x5c, 0xff, 
0x93, 0x64, 0x53, 0xff, 0xad, 0x7c, 0x65, 0xff, 0xb8, 0x89, 0x72, 0xff, 0xab, 0x7e, 0x6c, 0xff, 
0x79, 0x53, 0x47, 0xff, 0x76, 0x50, 0x46, 0xff, 0x7e, 0x53, 0x44, 0xff, 0x87, 0x58, 0x47, 0xff, 
0x93, 0x5e, 0x4d, 0xff, 0xa4, 0x68, 0x56, 0xff, 0xb0, 0x74, 0x5e, 0xff, 0x9f, 0x68, 0x58, 0xff, 
0x97, 0x64, 0x55, 0xff, 0x82, 0x56, 0x45, 0xff, 0xbe, 0x90, 0x82, 0xff, 0xeb, 0xbb, 0xae, 0xff, 
0xb1, 0x80, 0x71, 0xff, 0xbd, 0x8d, 0x7b, 0xff, 0xa0, 0x75, 0x69, 0xff, 0x8e, 0x65, 0x59, 0xff, 
0xa2, 0x77, 0x67, 0xff, 0x97, 0x6b, 0x59, 0xff, 0xa6, 0x74, 0x61, 0xff, 0xac, 0x7a, 0x66, 0xff, 
0xd0, 0xa4, 0x90, 0xff, 0x94, 0x69, 0x5a, 0xff, 0x74, 0x47, 0x3a, 0xff, 0xad, 0x7f, 0x6b, 0xff, 
0xa4, 0x77, 0x62, 0xff, 0x91, 0x62, 0x53, 0xff, 0x93, 0x64, 0x55, 0xff, 0x8f, 0x5e, 0x4e, 0xff, 
0x94, 0x62, 0x52, 0xff, 0x9b, 0x6b, 0x5c, 0xff, 0x98, 0x68, 0x57, 0xff, 0x9d, 0x6a, 0x57, 0xff, 
0x90, 0x5c, 0x4b, 0xff, 0x90, 0x5b, 0x4a, 0xff, 0xa6, 0x6e, 0x5c, 0xff, 0x98, 0x5f, 0x4f, 0xff, 
0xa4, 0x69, 0x59, 0xff, 0xab, 0x72, 0x60, 0xff, 0xac, 0x75, 0x63, 0xff, 0xc2, 0x88, 0x72, 0xff, 
0xad, 0x70, 0x5d, 0xff, 0xa2, 0x63, 0x53, 0xff, 0xa3, 0x69, 0x57, 0xff, 0xae, 0x77, 0x65, 0xff, 
0xc0, 0x84, 0x70, 0xff, 0xc7, 0x85, 0x6c, 0xff, 0xca, 0x96, 0x7b, 0xff, 0xdc, 0xb1, 0x96, 0xff, 
0xe0, 0xb6, 0x9c, 0xff, 0xe4, 0xb9, 0x9f, 0xff, 0xe8, 0xbf, 0xa4, 0xff, 0xf2, 0xd0, 0xb4, 0xff, 
0xd7, 0xa8, 0x8f, 0xff, 0xc4, 0x89, 0x70, 0xff, 0xc7, 0x8c, 0x73, 0xff, 0xdd, 0xa9, 0x8c, 0xff, 
0xe7, 0xb2, 0x92, 0xff, 0xbb, 0x83, 0x6d, 0xff, 0xc0, 0x86, 0x6d, 0xff, 0xe1, 0xa6, 0x87, 0xff, 
0xd6, 0x9d, 0x80, 0xff, 0xe4, 0xb4, 0x97, 0xff, 0xe4, 0xb1, 0x94, 0xff, 0xdf, 0xab, 0x8e, 0xff, 
0xdc, 0xa5, 0x88, 0xff, 0xcc, 0x88, 0x6c, 0xff, 0xdb, 0xa2, 0x86, 0xff, 0xed, 0xc8, 0xaf, 0xff, 
0xf6, 0xdc, 0xc7, 0xff, 0xfa, 0xe1, 0xcd, 0xff, 0xee, 0xca, 0xb3, 0xff, 0xe4, 0xb7, 0x9f, 0xff, 
0xe5, 0xb9, 0xa1, 0xff, 0xe6, 0xbd, 0xa7, 0xff, 0xe1, 0xb5, 0x9b, 0xff, 0xd7, 0xa5, 0x8c, 0xff, 
0xd7, 0xab, 0x95, 0xff, 0xef, 0xd5, 0xc6, 0xff, 0xeb, 0xcc, 0xbd, 0xff, 0xe4, 0xc1, 0xb0, 0xff, 
0xee, 0xcc, 0xb9, 0xff, 0xde, 0xae, 0x95, 0xff, 0xb8, 0x86, 0x73, 0xff, 0xa9, 0x73, 0x60, 0xff, 
0xb9, 0x8a, 0x78, 0xff, 0xcd, 0xa5, 0x94, 0xff, 0xd8, 0xb1, 0xa0, 0xff, 0xe0, 0xbc, 0xaa, 0xff, 
0xdd, 0xb3, 0x9e, 0xff, 0xd8, 0xac, 0x95, 0xff, 0xd9, 0xb1, 0x9e, 0xff, 0xd5, 0xa5, 0x90, 0xff, 
0xd8, 0xa7, 0x8e, 0xff, 0xe3, 0xb6, 0x9c, 0xff, 0xe7, 0xc1, 0xac, 0xff, 0xe3, 0xbe, 0xab, 0xff, 
0xd5, 0xa8, 0x8f, 0xff, 0xd4, 0xa3, 0x89, 0xff, 0xc0, 0x88, 0x70, 0xff, 0xae, 0x6d, 0x57, 0xff, 
0xa8, 0x64, 0x51, 0xff, 0xaa, 0x65, 0x53, 0xff, 0xbf, 0x8b, 0x78, 0xff, 0xc9, 0x9e, 0x8d, 0xff, 
0xbc, 0x78, 0x63, 0xff, 0xbf, 0x7f, 0x68, 0xff, 0xcd, 0xa2, 0x8e, 0xff, 0xbc, 0x8d, 0x7c, 0xff, 
0xc3, 0x92, 0x82, 0xff, 0xc2, 0x91, 0x81, 0xff, 0xb9, 0x82, 0x73, 0xff, 0xcc, 0x9f, 0x8c, 0xff, 
0xd5, 0xab, 0x99, 0xff, 0xe3, 0xb7, 0xa6, 0xff, 0xd1, 0xa3, 0x92, 0xff, 0xbe, 0x8f, 0x7f, 0xff, 
0xe2, 0xb1, 0xa5, 0xff, 0xed, 0xba, 0xac, 0xff, 0xc8, 0x8d, 0x7b, 0xff, 0xb7, 0x7b, 0x67, 0xff, 
0xc0, 0x82, 0x73, 0xff, 0xbd, 0x7f, 0x6f, 0xff, 0xbf, 0x90, 0x79, 0xff, 0xc4, 0x9d, 0x88, 0xff, 
0xbf, 0x90, 0x7d, 0xff, 0xbf, 0x85, 0x72, 0xff, 0xb5, 0x76, 0x65, 0xff, 0xac, 0x6f, 0x62, 0xff, 
0x9e, 0x67, 0x5f, 0xff, 0xb7, 0x7c, 0x6e, 0xff, 0xad, 0x6e, 0x5b, 0xff, 0xaf, 0x6d, 0x58, 0xff, 
0xb8, 0x7a, 0x6a, 0xff, 0xb6, 0x7c, 0x72, 0xff, 0xad, 0x76, 0x6b, 0xff, 0xb7, 0x83, 0x71, 0xff, 
0xc1, 0x8f, 0x7e, 0xff, 0xbd, 0x8a, 0x7b, 0xff, 0xc6, 0x89, 0x7d, 0xff, 0xb9, 0x7f, 0x74, 0xff, 
0xa9, 0x6f, 0x64, 0xff, 0xbd, 0x7c, 0x70, 0xff, 0xcd, 0x8b, 0x7c, 0xff, 0xcf, 0x8e, 0x7d, 0xff, 
0xbf, 0x81, 0x71, 0xff, 0xc2, 0x82, 0x75, 0xff, 0xd0, 0x93, 0x86, 0xff, 0xd6, 0x98, 0x8a, 0xff, 
0xe3, 0xa3, 0x96, 0xff, 0xd8, 0x9b, 0x8e, 0xff, 0xda, 0x99, 0x88, 0xff, 0xc8, 0x83, 0x72, 0xff, 
0xc0, 0x7d, 0x6d, 0xff, 0xb1, 0x71, 0x64, 0xff, 0x91, 0x54, 0x49, 0xff, 0x94, 0x58, 0x4c, 0xff, 
0x9d, 0x5f, 0x54, 0xff, 0x92, 0x56, 0x4b, 0xff, 0x7e, 0x51, 0x47, 0xff, 0x80, 0x55, 0x4c, 0xff, 
0x72, 0x4e, 0x45, 0xff, 0x6d, 0x4c, 0x45, 0xff, 0x80, 0x57, 0x4e, 0xff, 0xab, 0x7c, 0x6e, 0xff, 
0xc0, 0x8c, 0x7c, 0xff, 0xc1, 0x8f, 0x80, 0xff, 0xca, 0x98, 0x89, 0xff, 0xae, 0x7c, 0x71, 0xff, 
0xa2, 0x7b, 0x75, 0xff, 0xb0, 0x8f, 0x85, 0xff, 0xa9, 0x7e, 0x70, 0xff, 0xc7, 0x9e, 0x90, 0xff, 
0xce, 0xa7, 0x99, 0xff, 0xab, 0x7c, 0x6d, 0xff, 0xbc, 0x89, 0x7b, 0xff, 0xcc, 0x9c, 0x8f, 0xff, 
0xd5, 0xaa, 0x9a, 0xff, 0xbb, 0x8a, 0x79, 0xff, 0xa6, 0x75, 0x68, 0xff, 0xe1, 0xbc, 0xad, 0xff, 
0xeb, 0xc8, 0xb5, 0xff, 0xe0, 0xb9, 0xa3, 0xff, 0xce, 0xa2, 0x8f, 0xff, 0xd2, 0xa6, 0x91, 0xff, 
0xbb, 0x8f, 0x7e, 0xff, 0xd0, 0xad, 0x9f, 0xff, 0xeb, 0xcc, 0xbd, 0xff, 0xc8, 0x9f, 0x8d, 0xff, 
0xd2, 0xaf, 0xa2, 0xff, 0xdf, 0xbc, 0xae, 0xff, 0xd3, 0x9b, 0x83, 0xff, 0xac, 0x70, 0x60, 0xff, 
0xa7, 0x6f, 0x62, 0xff, 0xdf, 0xb8, 0xa8, 0xff, 0xdc, 0xb7, 0xa9, 0xff, 0xc2, 0x97, 0x88, 0xff, 
0xcb, 0xa4, 0x98, 0xff, 0xdd, 0xbb, 0xae, 0xff, 0xc3, 0x98, 0x88, 0xff, 0xb0, 0x7e, 0x6e, 0xff, 
0xa1, 0x6a, 0x59, 0xff, 0x9b, 0x68, 0x5d, 0xff, 0x94, 0x64, 0x5a, 0xff, 0x84, 0x55, 0x4e, 0xff, 
0x86, 0x4f, 0x46, 0xff, 0x95, 0x57, 0x46, 0xff, 0xaf, 0x70, 0x5c, 0xff, 0xb1, 0x76, 0x62, 0xff, 
0xc5, 0x87, 0x73, 0xff, 0xce, 0x8d, 0x7c, 0xff, 0xcc, 0x8d, 0x81, 0xff, 0xe7, 0xc9, 0xbc, 0xff, 
0xf1, 0xd8, 0xc7, 0xff, 0xd6, 0xac, 0x96, 0xff, 0xbf, 0x87, 0x70, 0xff, 0xa3, 0x66, 0x54, 0xff, 
0xa8, 0x70, 0x5d, 0xff, 0xa6, 0x6c, 0x5c, 0xff, 0x93, 0x5c, 0x4f, 0xff, 0x90, 0x5c, 0x4d, 0xff, 
0xa7, 0x7c, 0x6a, 0xff, 0xce, 0xa5, 0x91, 0xff, 0xc8, 0x9f, 0x94, 0xff, 0xc2, 0x9a, 0x90, 0xff, 
0xbd, 0x90, 0x89, 0xff, 0xac, 0x7c, 0x71, 0xff, 0xaa, 0x78, 0x66, 0xff, 0xac, 0x81, 0x6c, 0xff, 
0xa8, 0x7b, 0x66, 0xff, 0x8f, 0x58, 0x4c, 0xff, 0x9e, 0x6c, 0x60, 0xff, 0xc5, 0x8b, 0x7d, 0xff, 
0xb0, 0x76, 0x6b, 0xff, 0x9b, 0x63, 0x57, 0xff, 0xae, 0x77, 0x6b, 0xff, 0x9e, 0x6d, 0x62, 0xff, 
0x8e, 0x5e, 0x53, 0xff, 0x85, 0x55, 0x44, 0xff, 0x9c, 0x69, 0x54, 0xff, 0xaa, 0x78, 0x62, 0xff, 
0x96, 0x63, 0x50, 0xff, 0xa8, 0x75, 0x64, 0xff, 0xa6, 0x76, 0x66, 0xff, 0xa0, 0x71, 0x62, 0xff, 
0xcc, 0xa6, 0x91, 0xff, 0xc2, 0x96, 0x81, 0xff, 0xb0, 0x7e, 0x6a, 0xff, 0xac, 0x7b, 0x67, 0xff, 
0xae, 0x7b, 0x67, 0xff, 0xc2, 0x91, 0x7a, 0xff, 0xbd, 0x8d, 0x77, 0xff, 0xa4, 0x71, 0x5f, 0xff, 
0xa0, 0x6d, 0x58, 0xff, 0xab, 0x77, 0x64, 0xff, 0xaa, 0x78, 0x68, 0xff, 0x91, 0x62, 0x51, 0xff, 
0x7f, 0x55, 0x49, 0xff, 0x81, 0x59, 0x4b, 0xff, 0x84, 0x58, 0x47, 0xff, 0x8c, 0x5c, 0x4a, 0xff, 
0x7b, 0x50, 0x45, 0xff, 0x92, 0x61, 0x57, 0xff, 0x91, 0x63, 0x57, 0xff, 0x6c, 0x47, 0x3d, 0xff, 
0x7c, 0x4e, 0x40, 0xff, 0x78, 0x52, 0x45, 0xff, 0x79, 0x54, 0x4b, 0xff, 0x93, 0x6a, 0x60, 0xff, 
0xad, 0x80, 0x74, 0xff, 0xac, 0x82, 0x77, 0xff, 0xb7, 0x8c, 0x7d, 0xff, 0xc0, 0x93, 0x81, 0xff, 
0xb5, 0x82, 0x6c, 0xff, 0xac, 0x7b, 0x66, 0xff, 0x9e, 0x6e, 0x59, 0xff, 0xa7, 0x75, 0x63, 0xff, 
0xbe, 0x8f, 0x7b, 0xff, 0xad, 0x84, 0x71, 0xff, 0x6a, 0x42, 0x36, 0xff, 0x96, 0x6e, 0x5d, 0xff, 
0xad, 0x7f, 0x6a, 0xff, 0x96, 0x65, 0x54, 0xff, 0x93, 0x61, 0x50, 0xff, 0x81, 0x52, 0x46, 0xff, 
0x92, 0x62, 0x55, 0xff, 0x97, 0x65, 0x56, 0xff, 0x8c, 0x5b, 0x4a, 0xff, 0xa3, 0x70, 0x5f, 0xff, 
0xaf, 0x7a, 0x6a, 0xff, 0xb4, 0x7d, 0x6d, 0xff, 0xad, 0x76, 0x67, 0xff, 0xa1, 0x6c, 0x5c, 0xff, 
0xa7, 0x70, 0x5f, 0xff, 0xa1, 0x69, 0x59, 0xff, 0x9e, 0x69, 0x58, 0xff, 0x9b, 0x60, 0x50, 0xff, 
0xb6, 0x78, 0x65, 0xff, 0xb9, 0x7e, 0x6b, 0xff, 0xc2, 0x89, 0x72, 0xff, 0xc0, 0x88, 0x72, 0xff, 
0xaf, 0x70, 0x5e, 0xff, 0xc2, 0x87, 0x6f, 0xff, 0xda, 0xab, 0x8f, 0xff, 0xdd, 0xb0, 0x97, 0xff, 
0xe5, 0xbd, 0xa4, 0xff, 0xd9, 0xae, 0x97, 0xff, 0xd7, 0xb1, 0x9b, 0xff, 0xed, 0xce, 0xb5, 0xff, 
0xd8, 0xac, 0x94, 0xff, 0xc1, 0x8d, 0x77, 0xff, 0xd9, 0xa3, 0x87, 0xff, 0xe0, 0xa9, 0x8c, 0xff, 
0xbf, 0x85, 0x6e, 0xff, 0xb0, 0x79, 0x65, 0xff, 0xd4, 0x98, 0x7c, 0xff, 0xd6, 0x9b, 0x7d, 0xff, 
0xd6, 0x9c, 0x7f, 0xff, 0xd6, 0x9d, 0x80, 0xff, 0xcc, 0x8d, 0x72, 0xff, 0xd7, 0x9c, 0x81, 0xff, 
0xda, 0xa1, 0x85, 0xff, 0xcf, 0x92, 0x77, 0xff, 0xd3, 0x95, 0x79, 0xff, 0xd7, 0x9a, 0x7c, 0xff, 
0xe0, 0xaf, 0x96, 0xff, 0xe9, 0xc5, 0xb0, 0xff, 0xf1, 0xd0, 0xb9, 0xff, 0xec, 0xc5, 0xab, 0xff, 
0xe3, 0xb5, 0x9e, 0xff, 0xe3, 0xb5, 0x9d, 0xff, 0xe4, 0xb9, 0xa1, 0xff, 0xf0, 0xd1, 0xbd, 0xff, 
0xe5, 0xc6, 0xb4, 0xff, 0xda, 0xb1, 0xa0, 0xff, 0xce, 0x9a, 0x85, 0xff, 0xbd, 0x87, 0x71, 0xff, 
0xb2, 0x76, 0x5f, 0xff, 0xc4, 0x90, 0x7a, 0xff, 0xe5, 0xc3, 0xae, 0xff, 0xe3, 0xc3, 0xb2, 0xff, 
0xd5, 0xb2, 0xa2, 0xff, 0xc6, 0x9c, 0x8a, 0xff, 0xc0, 0x8e, 0x7a, 0xff, 0xcf, 0x9e, 0x8a, 0xff, 
0xe6, 0xc6, 0xb3, 0xff, 0xe8, 0xc7, 0xb5, 0xff, 0xe3, 0xb7, 0xa0, 0xff, 0xe0, 0xad, 0x92, 0xff, 
0xda, 0xa6, 0x8d, 0xff, 0xe9, 0xc6, 0xb2, 0xff, 0xf9, 0xe2, 0xd2, 0xff, 0xee, 0xc5, 0xac, 0xff, 
0xdc, 0xa7, 0x88, 0xff, 0xd6, 0xa2, 0x89, 0xff, 0xca, 0x98, 0x83, 0xff, 0xba, 0x83, 0x6e, 0xff, 
0x9c, 0x5e, 0x4e, 0xff, 0xad, 0x6d, 0x5b, 0xff, 0xcf, 0xa2, 0x8e, 0xff, 0xb9, 0x86, 0x76, 0xff, 
0xa8, 0x5a, 0x49, 0xff, 0xbc, 0x7a, 0x65, 0xff, 0xc8, 0x95, 0x81, 0xff, 0xb8, 0x84, 0x74, 0xff, 
0xc5, 0x90, 0x7f, 0xff, 0xb9, 0x7f, 0x6d, 0xff, 0xc6, 0x96, 0x85, 0xff, 0xd3, 0xa6, 0x96, 0xff, 
0xcd, 0x97, 0x86, 0xff, 0xc9, 0x94, 0x84, 0xff, 0xc9, 0x93, 0x83, 0xff, 0xd7, 0x9b, 0x8a, 0xff, 
0xd7, 0x9c, 0x8d, 0xff, 0xc8, 0x91, 0x7e, 0xff, 0xbb, 0x80, 0x6e, 0xff, 0xca, 0x8e, 0x82, 0xff, 
0xc7, 0x8b, 0x78, 0xff, 0xbe, 0x86, 0x73, 0xff, 0xc1, 0x95, 0x81, 0xff, 0xbd, 0x89, 0x76, 0xff, 
0xc2, 0x87, 0x73, 0xff, 0xbb, 0x79, 0x69, 0xff, 0xb4, 0x76, 0x66, 0xff, 0xa2, 0x6f, 0x62, 0xff, 
0xae, 0x7a, 0x70, 0xff, 0xb3, 0x75, 0x64, 0xff, 0xa2, 0x64, 0x55, 0xff, 0xa9, 0x6d, 0x61, 0xff, 
0x99, 0x5d, 0x52, 0xff, 0xb5, 0x7b, 0x70, 0xff, 0xb7, 0x7e, 0x73, 0xff, 0xb7, 0x84, 0x77, 0xff, 
0xbe, 0x8d, 0x7e, 0xff, 0xc3, 0x8a, 0x7a, 0xff, 0xc5, 0x89, 0x7c, 0xff, 0xb5, 0x7b, 0x72, 0xff, 
0xa7, 0x6a, 0x5e, 0xff, 0xaa, 0x6d, 0x5e, 0xff, 0x93, 0x5c, 0x4f, 0xff, 0x9a, 0x60, 0x54, 0xff, 
0xb6, 0x78, 0x69, 0xff, 0xce, 0x8d, 0x7e, 0xff, 0xc9, 0x8c, 0x7f, 0xff, 0xd7, 0x9b, 0x8e, 0xff, 
0xce, 0x91, 0x85, 0xff, 0xc5, 0x89, 0x7e, 0xff, 0xca, 0x88, 0x7c, 0xff, 0xbd, 0x79, 0x69, 0xff, 
0xa9, 0x6d, 0x5e, 0xff, 0xaf, 0x71, 0x64, 0xff, 0xb3, 0x6e, 0x60, 0xff, 0x92, 0x56, 0x4a, 0xff, 
0x8c, 0x54, 0x4b, 0xff, 0x96, 0x57, 0x4c, 0xff, 0x8a, 0x52, 0x4a, 0xff, 0x6a, 0x44, 0x3d, 0xff, 
0x57, 0x3c, 0x36, 0xff, 0x6a, 0x48, 0x40, 0xff, 0x69, 0x46, 0x3e, 0xff, 0x72, 0x48, 0x3c, 0xff, 
0x96, 0x61, 0x52, 0xff, 0xb5, 0x7b, 0x6e, 0xff, 0xad, 0x78, 0x6b, 0xff, 0xb8, 0x8d, 0x7e, 0xff, 
0xad, 0x85, 0x7a, 0xff, 0xa8, 0x82, 0x7b, 0xff, 0xab, 0x81, 0x75, 0xff, 0xaa, 0x7a, 0x6c, 0xff, 
0xbe, 0x92, 0x83, 0xff, 0xc2, 0x97, 0x88, 0xff, 0xb8, 0x89, 0x7a, 0xff, 0xc0, 0x92, 0x83, 0xff, 
0xd0, 0xa3, 0x93, 0xff, 0xc0, 0x91, 0x81, 0xff, 0xb4, 0x85, 0x77, 0xff, 0xdd, 0xb7, 0xa9, 0xff, 
0xd6, 0xad, 0x9f, 0xff, 0xd0, 0xa3, 0x91, 0xff, 0xe5, 0xbe, 0xa8, 0xff, 0xda, 0xb2, 0x9e, 0xff, 
0xdd, 0xbb, 0xaf, 0xff, 0xe8, 0xcb, 0xc0, 0xff, 0xde, 0xbe, 0xaf, 0xff, 0xc5, 0xa1, 0x92, 0xff, 
0xd1, 0xac, 0x9e, 0xff, 0xf1, 0xd9, 0xcc, 0xff, 0xdc, 0xb9, 0xa8, 0xff, 0xd8, 0xaf, 0x9f, 0xff, 
0xc6, 0x9f, 0x93, 0xff, 0xb3, 0x85, 0x78, 0xff, 0xda, 0xad, 0x98, 0xff, 0xc2, 0x91, 0x7c, 0xff, 
0xb0, 0x7c, 0x6b, 0xff, 0xc0, 0x95, 0x88, 0xff, 0xb6, 0x88, 0x79, 0xff, 0xbb, 0x86, 0x72, 0xff, 
0xaa, 0x71, 0x61, 0xff, 0x87, 0x58, 0x52, 0xff, 0x7f, 0x54, 0x4c, 0xff, 0x8b, 0x5e, 0x56, 0xff, 
0x78, 0x4d, 0x46, 0xff, 0x96, 0x5c, 0x4f, 0xff, 0xb2, 0x73, 0x63, 0xff, 0xab, 0x75, 0x68, 0xff, 
0x95, 0x5e, 0x52, 0xff, 0x9d, 0x60, 0x51, 0xff, 0xba, 0x80, 0x6f, 0xff, 0xce, 0xa0, 0x8e, 0xff, 
0xd7, 0xab, 0x9c, 0xff, 0xf0, 0xdc, 0xd0, 0xff, 0xd5, 0xb5, 0xa3, 0xff, 0xcd, 0x93, 0x7b, 0xff, 
0xb7, 0x76, 0x62, 0xff, 0x9c, 0x62, 0x52, 0xff, 0x9a, 0x62, 0x54, 0xff, 0x9c, 0x66, 0x56, 0xff, 
0xc9, 0xa3, 0x8f, 0xff, 0xdc, 0xb7, 0xa4, 0xff, 0xa5, 0x74, 0x67, 0xff, 0xa4, 0x74, 0x6c, 0xff, 
0x95, 0x65, 0x58, 0xff, 0x89, 0x59, 0x4a, 0xff, 0xa9, 0x75, 0x64, 0xff, 0xb6, 0x87, 0x74, 0xff, 
0xab, 0x75, 0x62, 0xff, 0x9e, 0x69, 0x5c, 0xff, 0x9d, 0x69, 0x5f, 0xff, 0x9f, 0x68, 0x5c, 0xff, 
0x9e, 0x69, 0x5e, 0xff, 0xb1, 0x7c, 0x6f, 0xff, 0x9d, 0x6d, 0x61, 0xff, 0x83, 0x55, 0x49, 0xff, 
0x78, 0x4b, 0x3c, 0xff, 0x94, 0x62, 0x4e, 0xff, 0xa7, 0x73, 0x5e, 0xff, 0xa6, 0x72, 0x5d, 0xff, 
0x99, 0x64, 0x51, 0xff, 0x9c, 0x67, 0x54, 0xff, 0x94, 0x5f, 0x4d, 0xff, 0xac, 0x7a, 0x67, 0xff, 
0xae, 0x7a, 0x66, 0xff, 0xba, 0x85, 0x6f, 0xff, 0xc1, 0x90, 0x79, 0xff, 0xb3, 0x7e, 0x69, 0xff, 
0xc0, 0x8a, 0x74, 0xff, 0xbc, 0x87, 0x73, 0xff, 0xb4, 0x81, 0x6d, 0xff, 0xab, 0x76, 0x62, 0xff, 
0xad, 0x76, 0x62, 0xff, 0xb2, 0x7f, 0x6b, 0xff, 0xa0, 0x6c, 0x5a, 0xff, 0x98, 0x64, 0x53, 0xff, 
0x8d, 0x5e, 0x50, 0xff, 0x8d, 0x5e, 0x4e, 0xff, 0x93, 0x60, 0x51, 0xff, 0x80, 0x56, 0x48, 0xff, 
0x66, 0x45, 0x3f, 0xff, 0x81, 0x5a, 0x52, 0xff, 0x79, 0x56, 0x4f, 0xff, 0x7b, 0x59, 0x53, 0xff, 
0x8b, 0x60, 0x57, 0xff, 0x6a, 0x43, 0x38, 0xff, 0x6b, 0x47, 0x3c, 0xff, 0x6b, 0x48, 0x3d, 0xff, 
0x8b, 0x61, 0x52, 0xff, 0xb3, 0x88, 0x77, 0xff, 0xc9, 0x98, 0x83, 0xff, 0xc2, 0x90, 0x79, 0xff, 
0xbb, 0x80, 0x6b, 0xff, 0xb8, 0x7f, 0x69, 0xff, 0x9e, 0x72, 0x64, 0xff, 0x9c, 0x72, 0x68, 0xff, 
0x9b, 0x6d, 0x5c, 0xff, 0xaf, 0x86, 0x70, 0xff, 0x76, 0x4e, 0x43, 0xff, 0x71, 0x4d, 0x41, 0xff, 
0xa2, 0x71, 0x5e, 0xff, 0x90, 0x5e, 0x4e, 0xff, 0x90, 0x5f, 0x4e, 0xff, 0x84, 0x57, 0x4e, 0xff, 
0x7c, 0x52, 0x47, 0xff, 0x7d, 0x4f, 0x40, 0xff, 0x9d, 0x6a, 0x59, 0xff, 0xb0, 0x7b, 0x6a, 0xff, 
0xb4, 0x7f, 0x6e, 0xff, 0xae, 0x7b, 0x6a, 0xff, 0xb3, 0x7f, 0x6d, 0xff, 0xb0, 0x7c, 0x6a, 0xff, 
0x95, 0x5f, 0x51, 0xff, 0x95, 0x5c, 0x4e, 0xff, 0x9b, 0x62, 0x54, 0xff, 0x9c, 0x63, 0x52, 0xff, 
0xae, 0x71, 0x5d, 0xff, 0xae, 0x73, 0x60, 0xff, 0xbe, 0x82, 0x6c, 0xff, 0xc1, 0x86, 0x6f, 0xff, 
0xb1, 0x73, 0x62, 0xff, 0xbc, 0x80, 0x6d, 0xff, 0xd5, 0xa5, 0x8c, 0xff, 0xe0, 0xba, 0xa1, 0xff, 
0xd1, 0xa5, 0x8d, 0xff, 0xc8, 0x97, 0x80, 0xff, 0xc6, 0x94, 0x7d, 0xff, 0xbf, 0x8e, 0x7a, 0xff, 
0xdb, 0xaa, 0x90, 0xff, 0xe0, 0xb3, 0x97, 0xff, 0xd9, 0xa5, 0x8a, 0xff, 0xc3, 0x8a, 0x74, 0xff, 
0xa7, 0x71, 0x60, 0xff, 0xc5, 0x8b, 0x72, 0xff, 0xd3, 0x95, 0x7a, 0xff, 0xcd, 0x91, 0x76, 0xff, 
0xcd, 0x92, 0x75, 0xff, 0xcf, 0x95, 0x7c, 0xff, 0xdc, 0xa8, 0x8f, 0xff, 0xdb, 0xa6, 0x8a, 0xff, 
0xe2, 0xb1, 0x95, 0xff, 0xea, 0xbd, 0xa2, 0xff, 0xda, 0xa4, 0x8a, 0xff, 0xbc, 0x78, 0x62, 0xff, 
0xd7, 0x9d, 0x80, 0xff, 0xc2, 0x83, 0x6c, 0xff, 0xb7, 0x76, 0x65, 0xff, 0xdf, 0xb1, 0x9a, 0xff, 
0xf1, 0xca, 0xb1, 0xff, 0xec, 0xc4, 0xa9, 0xff, 0xf1, 0xd2, 0xbb, 0xff, 0xe0, 0xb7, 0xa0, 0xff, 
0xcb, 0x8f, 0x77, 0xff, 0xcc, 0x92, 0x79, 0xff, 0xd4, 0xa5, 0x8e, 0xff, 0xce, 0x9e, 0x87, 0xff, 
0xbd, 0x89, 0x72, 0xff, 0xc3, 0x97, 0x84, 0xff, 0xca, 0x9f, 0x8d, 0xff, 0xe1, 0xbd, 0xab, 0xff, 
0xf3, 0xd2, 0xbd, 0xff, 0xe5, 0xbf, 0xa8, 0xff, 0xd6, 0xa8, 0x90, 0xff, 0xe2, 0xbb, 0xa6, 0xff, 
0xf7, 0xe1, 0xd2, 0xff, 0xf6, 0xd8, 0xc4, 0xff, 0xe7, 0xb6, 0x99, 0xff, 0xe6, 0xbb, 0xa2, 0xff, 
0xec, 0xc7, 0xb3, 0xff, 0xf1, 0xcf, 0xbc, 0xff, 0xed, 0xc1, 0xa6, 0xff, 0xe8, 0xb5, 0x93, 0xff, 
0xdd, 0xa9, 0x8c, 0xff, 0xe5, 0xb9, 0xa2, 0xff, 0xe7, 0xc1, 0xac, 0xff, 0xca, 0x9c, 0x88, 0xff, 
0xac, 0x7a, 0x68, 0xff, 0xb8, 0x82, 0x6d, 0xff, 0xce, 0x9c, 0x86, 0xff, 0xb9, 0x7a, 0x6a, 0xff, 
0x9e, 0x57, 0x49, 0xff, 0xc8, 0x9b, 0x88, 0xff, 0xd6, 0xab, 0x98, 0xff, 0xc8, 0x8d, 0x7d, 0xff, 
0xbd, 0x84, 0x72, 0xff, 0xb8, 0x7d, 0x6b, 0xff, 0xca, 0x96, 0x85, 0xff, 0xd3, 0xa2, 0x8f, 0xff, 
0xd1, 0x9a, 0x87, 0xff, 0xd3, 0x99, 0x89, 0xff, 0xcf, 0x93, 0x83, 0xff, 0xd2, 0x97, 0x84, 0xff, 
0xc9, 0x8e, 0x7a, 0xff, 0xb9, 0x7c, 0x6c, 0xff, 0xcf, 0x97, 0x8a, 0xff, 0xd3, 0xa0, 0x8c, 0xff, 
0xca, 0x98, 0x81, 0xff, 0xd2, 0xad, 0x93, 0xff, 0xc0, 0x8d, 0x7c, 0xff, 0xaf, 0x71, 0x63, 0xff, 
0xb2, 0x77, 0x65, 0xff, 0xb6, 0x7a, 0x69, 0xff, 0xb0, 0x76, 0x6c, 0xff, 0xb5, 0x7d, 0x75, 0xff, 
0xba, 0x7e, 0x6b, 0xff, 0xaa, 0x6d, 0x54, 0xff, 0xa3, 0x69, 0x5d, 0xff, 0xa2, 0x68, 0x5f, 0xff, 
0x94, 0x57, 0x4b, 0xff, 0x92, 0x57, 0x4d, 0xff, 0xae, 0x73, 0x69, 0xff, 0xb7, 0x80, 0x71, 0xff, 
0xad, 0x76, 0x68, 0xff, 0xb5, 0x78, 0x6a, 0xff, 0xb2, 0x77, 0x6b, 0xff, 0x9e, 0x64, 0x59, 0xff, 
0x94, 0x5c, 0x50, 0xff, 0x94, 0x5d, 0x50, 0xff, 0xa3, 0x68, 0x5b, 0xff, 0xa4, 0x66, 0x59, 0xff, 
0x9f, 0x61, 0x54, 0xff, 0xa7, 0x69, 0x5d, 0xff, 0xb1, 0x74, 0x68, 0xff, 0xbf, 0x7e, 0x71, 0xff, 
0xb4, 0x78, 0x6a, 0xff, 0xb8, 0x7f, 0x72, 0xff, 0xb3, 0x74, 0x68, 0xff, 0x97, 0x55, 0x4a, 0xff, 
0xa4, 0x64, 0x57, 0xff, 0xa0, 0x68, 0x5a, 0xff, 0xac, 0x70, 0x62, 0xff, 0xaa, 0x6a, 0x5c, 0xff, 
0x9a, 0x58, 0x4b, 0xff, 0x92, 0x54, 0x49, 0xff, 0x7c, 0x41, 0x39, 0xff, 0x7b, 0x4e, 0x45, 0xff, 
0x9a, 0x6d, 0x5f, 0xff, 0xa5, 0x73, 0x62, 0xff, 0x7e, 0x51, 0x45, 0xff, 0x5f, 0x3b, 0x34, 0xff, 
0x7e, 0x55, 0x4a, 0xff, 0xa2, 0x6b, 0x5d, 0xff, 0x84, 0x50, 0x46, 0xff, 0x9a, 0x6c, 0x60, 0xff, 
0xa3, 0x78, 0x6c, 0xff, 0x91, 0x64, 0x5b, 0xff, 0xae, 0x80, 0x74, 0xff, 0xc7, 0x9f, 0x92, 0xff, 
0xb1, 0x85, 0x77, 0xff, 0xbf, 0x92, 0x84, 0xff, 0xca, 0x9b, 0x8b, 0xff, 0xd3, 0xa7, 0x97, 0xff, 
0xc9, 0x9b, 0x8b, 0xff, 0xc0, 0x90, 0x80, 0xff, 0xbb, 0x8e, 0x7d, 0xff, 0xc5, 0x97, 0x88, 0xff, 
0xd0, 0xa3, 0x95, 0xff, 0xd2, 0xa0, 0x90, 0xff, 0xdc, 0xb5, 0xa3, 0xff, 0xce, 0xa8, 0x97, 0xff, 
0xd7, 0xb4, 0xa4, 0xff, 0xe9, 0xc6, 0xb4, 0xff, 0xe0, 0xbd, 0xae, 0xff, 0xf2, 0xdc, 0xd0, 0xff, 
0xef, 0xdb, 0xd1, 0xff, 0xf5, 0xe2, 0xd8, 0xff, 0xc5, 0xa6, 0x9d, 0xff, 0xcf, 0xb0, 0xa5, 0xff, 
0xde, 0xbb, 0xae, 0xff, 0xb1, 0x86, 0x7c, 0xff, 0xb4, 0x82, 0x70, 0xff, 0xab, 0x70, 0x5b, 0xff, 
0xab, 0x75, 0x64, 0xff, 0xac, 0x77, 0x67, 0xff, 0xac, 0x74, 0x64, 0xff, 0xab, 0x71, 0x61, 0xff, 
0x9f, 0x6a, 0x5d, 0xff, 0x7c, 0x52, 0x4c, 0xff, 0x8a, 0x5e, 0x56, 0xff, 0xb5, 0x82, 0x74, 0xff, 
0x8f, 0x62, 0x59, 0xff, 0x8d, 0x5d, 0x54, 0xff, 0x95, 0x62, 0x57, 0xff, 0x87, 0x5a, 0x54, 0xff, 
0x89, 0x59, 0x4e, 0xff, 0x81, 0x4c, 0x3e, 0xff, 0x91, 0x58, 0x49, 0xff, 0xa3, 0x65, 0x53, 0xff, 
0xae, 0x70, 0x5f, 0xff, 0xbf, 0x85, 0x79, 0xff, 0xd3, 0xbd, 0xb2, 0xff, 0xe5, 0xc2, 0xac, 0xff, 
0xb2, 0x72, 0x5d, 0xff, 0x8e, 0x5a, 0x4c, 0xff, 0x85, 0x52, 0x47, 0xff, 0x8f, 0x5e, 0x53, 0xff, 
0xb6, 0x8c, 0x7b, 0xff, 0xb7, 0x88, 0x76, 0xff, 0xad, 0x81, 0x71, 0xff, 0xa6, 0x76, 0x67, 0xff, 
0x9c, 0x69, 0x58, 0xff, 0x95, 0x65, 0x54, 0xff, 0x97, 0x64, 0x55, 0xff, 0xac, 0x73, 0x62, 0xff, 
0xb0, 0x74, 0x63, 0xff, 0xae, 0x77, 0x67, 0xff, 0xb2, 0x7b, 0x6e, 0xff, 0x98, 0x65, 0x5a, 0xff, 
0x9e, 0x6b, 0x5f, 0xff, 0x9c, 0x66, 0x59, 0xff, 0x92, 0x64, 0x54, 0xff, 0x83, 0x5a, 0x47, 0xff, 
0x81, 0x53, 0x41, 0xff, 0x95, 0x62, 0x4f, 0xff, 0xab, 0x74, 0x60, 0xff, 0xa7, 0x6d, 0x5a, 0xff, 
0xaa, 0x73, 0x5e, 0xff, 0xa5, 0x71, 0x5c, 0xff, 0xaa, 0x75, 0x61, 0xff, 0xb3, 0x7d, 0x67, 0xff, 
0xb3, 0x78, 0x63, 0xff, 0xc4, 0x8c, 0x75, 0xff, 0xc9, 0x92, 0x7a, 0xff, 0xc8, 0x90, 0x78, 0xff, 
0xcb, 0x91, 0x7a, 0xff, 0xb2, 0x78, 0x65, 0xff, 0xb2, 0x79, 0x64, 0xff, 0xb9, 0x7c, 0x69, 0xff, 
0xc1, 0x89, 0x73, 0xff, 0xc5, 0x92, 0x79, 0xff, 0xb7, 0x7f, 0x67, 0xff, 0xb3, 0x7d, 0x64, 0xff, 
0x9a, 0x6b, 0x58, 0xff, 0x95, 0x64, 0x54, 0xff, 0x9d, 0x6b, 0x5a, 0xff, 0x7f, 0x58, 0x4c, 0xff, 
0x7b, 0x56, 0x4b, 0xff, 0x88, 0x5e, 0x53, 0xff, 0x8e, 0x63, 0x59, 0xff, 0x7f, 0x59, 0x52, 0xff, 
0x90, 0x61, 0x57, 0xff, 0x8d, 0x5a, 0x4d, 0xff, 0x87, 0x5a, 0x4b, 0xff, 0x9b, 0x6c, 0x56, 0xff, 
0xa2, 0x71, 0x5b, 0xff, 0xa6, 0x73, 0x61, 0xff, 0xaa, 0x76, 0x63, 0xff, 0xb2, 0x7d, 0x6a, 0xff, 
0xbc, 0x80, 0x6c, 0xff, 0xad, 0x73, 0x5c, 0xff, 0xaa, 0x78, 0x69, 0xff, 0x95, 0x6b, 0x60, 0xff, 
0x93, 0x62, 0x51, 0xff, 0xac, 0x81, 0x6c, 0xff, 0x8f, 0x62, 0x52, 0xff, 0x85, 0x57, 0x49, 0xff, 
0x89, 0x5e, 0x4e, 0xff, 0x98, 0x67, 0x56, 0xff, 0x95, 0x60, 0x51, 0xff, 0x81, 0x54, 0x4a, 0xff, 
0x6c, 0x48, 0x3f, 0xff, 0x91, 0x6a, 0x5d, 0xff, 0x95, 0x6c, 0x5f, 0xff, 0x9e, 0x6a, 0x59, 0xff, 
0x97, 0x6b, 0x5c, 0xff, 0x82, 0x5e, 0x53, 0xff, 0xac, 0x7c, 0x6b, 0xff, 0xa9, 0x73, 0x62, 0xff, 
0x96, 0x5e, 0x4f, 0xff, 0x95, 0x60, 0x51, 0xff, 0x99, 0x67, 0x57, 0xff, 0xad, 0x75, 0x61, 0xff, 
0xa9, 0x6f, 0x5d, 0xff, 0xaf, 0x74, 0x63, 0xff, 0xb5, 0x78, 0x66, 0xff, 0xbf, 0x81, 0x6a, 0xff, 
0xc1, 0x86, 0x6e, 0xff, 0xb7, 0x7a, 0x66, 0xff, 0xc6, 0x8c, 0x77, 0xff, 0xc0, 0x92, 0x7c, 0xff, 
0xab, 0x7a, 0x66, 0xff, 0xbf, 0x88, 0x71, 0xff, 0xb7, 0x7e, 0x69, 0xff, 0xb3, 0x75, 0x60, 0xff, 
0xd0, 0x93, 0x77, 0xff, 0xd8, 0xa4, 0x8b, 0xff, 0xbb, 0x82, 0x6e, 0xff, 0xaa, 0x74, 0x62, 0xff, 
0xc4, 0x8a, 0x73, 0xff, 0xd8, 0x9a, 0x7d, 0xff, 0xce, 0x92, 0x78, 0xff, 0xcb, 0x8e, 0x74, 0xff, 
0xca, 0x8f, 0x75, 0xff, 0xd7, 0xa1, 0x87, 0xff, 0xe6, 0xb7, 0x9c, 0xff, 0xdb, 0xa9, 0x90, 0xff, 
0xd7, 0xa2, 0x89, 0xff, 0xe1, 0xad, 0x90, 0xff, 0xd5, 0x99, 0x7c, 0xff, 0xa8, 0x5b, 0x4b, 0xff, 
0xb4, 0x71, 0x5f, 0xff, 0xc1, 0x84, 0x6c, 0xff, 0xbb, 0x78, 0x60, 0xff, 0xbb, 0x7d, 0x67, 0xff, 
0xd1, 0x9b, 0x84, 0xff, 0xe5, 0xb7, 0x9c, 0xff, 0xe0, 0xaa, 0x8c, 0xff, 0xc8, 0x80, 0x63, 0xff, 
0xc8, 0x85, 0x68, 0xff, 0xdf, 0xaf, 0x96, 0xff, 0xf2, 0xd0, 0xbc, 0xff, 0xe9, 0xc7, 0xb2, 0xff, 
0xde, 0xb7, 0xa2, 0xff, 0xd3, 0xa7, 0x93, 0xff, 0xcc, 0x9e, 0x8a, 0xff, 0xda, 0xab, 0x95, 0xff, 
0xd8, 0xa8, 0x8e, 0xff, 0xe3, 0xb6, 0x9a, 0xff, 0xec, 0xc1, 0xa7, 0xff, 0xee, 0xca, 0xb5, 0xff, 
0xf1, 0xce, 0xb8, 0xff, 0xed, 0xc6, 0xae, 0xff, 0xee, 0xc9, 0xb4, 0xff, 0xf7, 0xe0, 0xd0, 0xff, 
0xf6, 0xda, 0xc5, 0xff, 0xe4, 0xae, 0x90, 0xff, 0xed, 0xc0, 0xa0, 0xff, 0xe9, 0xc5, 0xb1, 0xff, 
0xe3, 0xb9, 0xa1, 0xff, 0xef, 0xca, 0xb3, 0xff, 0xf0, 0xcc, 0xb7, 0xff, 0xe4, 0xba, 0xa4, 0xff, 
0xd4, 0xab, 0x94, 0xff, 0xbb, 0x83, 0x6f, 0xff, 0xb1, 0x72, 0x60, 0xff, 0xb5, 0x78, 0x68, 0xff, 
0xcd, 0xa0, 0x90, 0xff, 0xd3, 0xaf, 0x9d, 0xff, 0xc7, 0x91, 0x81, 0xff, 0xc6, 0x88, 0x76, 0xff, 
0xc0, 0x82, 0x70, 0xff, 0xd0, 0x92, 0x82, 0xff, 0xd1, 0x92, 0x7f, 0xff, 0xce, 0x90, 0x7f, 0xff, 
0xcd, 0x90, 0x81, 0xff, 0xca, 0x8e, 0x81, 0xff, 0xd1, 0x95, 0x83, 0xff, 0xc7, 0x90, 0x7d, 0xff, 
0xc8, 0x90, 0x81, 0xff, 0xcb, 0x8d, 0x81, 0xff, 0xc6, 0x93, 0x7f, 0xff, 0xb9, 0x88, 0x74, 0xff, 
0xbc, 0x8a, 0x76, 0xff, 0xc2, 0x95, 0x7c, 0xff, 0xba, 0x7d, 0x6e, 0xff, 0xb0, 0x73, 0x67, 0xff, 
0xa9, 0x6e, 0x60, 0xff, 0xb9, 0x7e, 0x6b, 0xff, 0xb9, 0x7e, 0x6c, 0xff, 0xb5, 0x76, 0x64, 0xff, 
0xbf, 0x83, 0x6c, 0xff, 0xb1, 0x76, 0x63, 0xff, 0xa8, 0x6e, 0x5e, 0xff, 0x9f, 0x66, 0x58, 0xff, 
0x9c, 0x5c, 0x50, 0xff, 0xaf, 0x68, 0x5b, 0xff, 0xb2, 0x6b, 0x5f, 0xff, 0xa8, 0x68, 0x59, 0xff, 
0x9a, 0x62, 0x54, 0xff, 0x97, 0x5d, 0x54, 0xff, 0x93, 0x5d, 0x52, 0xff, 0x9b, 0x60, 0x53, 0xff, 
0x98, 0x5f, 0x53, 0xff, 0x93, 0x5d, 0x52, 0xff, 0x99, 0x5e, 0x54, 0xff, 0xa0, 0x65, 0x58, 0xff, 
0xaa, 0x6b, 0x5e, 0xff, 0xaa, 0x69, 0x5d, 0xff, 0xac, 0x6d, 0x61, 0xff, 0xad, 0x71, 0x61, 0xff, 
0xa6, 0x72, 0x64, 0xff, 0xac, 0x77, 0x68, 0xff, 0xb6, 0x83, 0x71, 0xff, 0xaa, 0x7a, 0x6c, 0xff, 
0xa5, 0x6a, 0x5d, 0xff, 0xaf, 0x6d, 0x5d, 0xff, 0x9c, 0x63, 0x55, 0xff, 0x9e, 0x63, 0x58, 0xff, 
0xa1, 0x62, 0x55, 0xff, 0x9a, 0x5b, 0x4e, 0xff, 0x7d, 0x49, 0x41, 0xff, 0x81, 0x50, 0x49, 0xff, 
0x9a, 0x65, 0x59, 0xff, 0x80, 0x52, 0x47, 0xff, 0x7c, 0x4e, 0x44, 0xff, 0x82, 0x56, 0x4b, 0xff, 
0x6b, 0x44, 0x3a, 0xff, 0x84, 0x57, 0x4c, 0xff, 0xa3, 0x70, 0x63, 0xff, 0x92, 0x5f, 0x54, 0xff, 
0x93, 0x62, 0x58, 0xff, 0xb1, 0x83, 0x74, 0xff, 0xb4, 0x86, 0x76, 0xff, 0xad, 0x80, 0x72, 0xff, 
0xb5, 0x87, 0x77, 0xff, 0xbf, 0x8f, 0x81, 0xff, 0xc8, 0x9e, 0x8f, 0xff, 0xc5, 0x9a, 0x8c, 0xff, 
0xd3, 0xac, 0x9f, 0xff, 0xc2, 0x96, 0x85, 0xff, 0xab, 0x7b, 0x6b, 0xff, 0xa3, 0x71, 0x62, 0xff, 
0xca, 0x9e, 0x8f, 0xff, 0xd9, 0xae, 0x9d, 0xff, 0xba, 0x8c, 0x7d, 0xff, 0xbb, 0x90, 0x80, 0xff, 
0xb8, 0x8b, 0x7a, 0xff, 0xbf, 0x93, 0x82, 0xff, 0xdb, 0xb5, 0xa5, 0xff, 0xf0, 0xd2, 0xc5, 0xff, 
0xff, 0xf4, 0xeb, 0xff, 0xdd, 0xc1, 0xb5, 0xff, 0xc0, 0x96, 0x88, 0xff, 0xd6, 0xb0, 0xa1, 0xff, 
0xc3, 0x9a, 0x8a, 0xff, 0xb9, 0x90, 0x84, 0xff, 0xa9, 0x7b, 0x6d, 0xff, 0x85, 0x5b, 0x52, 0xff, 
0x73, 0x4f, 0x46, 0xff, 0x8b, 0x55, 0x49, 0xff, 0xa9, 0x6f, 0x5f, 0xff, 0xb7, 0x77, 0x64, 0xff, 
0xa5, 0x6a, 0x59, 0xff, 0x8a, 0x62, 0x5a, 0xff, 0xa3, 0x72, 0x68, 0xff, 0xa5, 0x6f, 0x61, 0xff, 
0x96, 0x65, 0x5c, 0xff, 0x86, 0x55, 0x4f, 0xff, 0x95, 0x61, 0x57, 0xff, 0x9e, 0x6a, 0x5b, 0xff, 
0xa4, 0x69, 0x55, 0xff, 0xa6, 0x6e, 0x5a, 0xff, 0x95, 0x63, 0x53, 0xff, 0x7d, 0x4a, 0x3e, 0xff, 
0xb6, 0x78, 0x6a, 0xff, 0xc7, 0x87, 0x7a, 0xff, 0xb9, 0x90, 0x82, 0xff, 0xc6, 0x9e, 0x89, 0xff, 
0x92, 0x5c, 0x4b, 0xff, 0x83, 0x4d, 0x44, 0xff, 0x82, 0x4f, 0x46, 0xff, 0xa4, 0x7e, 0x72, 0xff, 
0xa8, 0x7f, 0x74, 0xff, 0x9a, 0x68, 0x5a, 0xff, 0xbb, 0x8e, 0x7d, 0xff, 0xc8, 0x9c, 0x85, 0xff, 
0xa7, 0x78, 0x64, 0xff, 0x98, 0x65, 0x53, 0xff, 0x94, 0x62, 0x51, 0xff, 0xa7, 0x72, 0x65, 0xff, 
0xb3, 0x79, 0x6c, 0xff, 0x91, 0x51, 0x44, 0xff, 0x92, 0x5e, 0x4f, 0xff, 0x7f, 0x5c, 0x49, 0xff, 
0x85, 0x58, 0x48, 0xff, 0x93, 0x62, 0x51, 0xff, 0x95, 0x6a, 0x56, 0xff, 0x92, 0x65, 0x51, 0xff, 
0x8a, 0x57, 0x47, 0xff, 0x95, 0x5f, 0x4c, 0xff, 0xb2, 0x7a, 0x66, 0xff, 0xb3, 0x7c, 0x69, 0xff, 
0xbc, 0x88, 0x72, 0xff, 0xbf, 0x89, 0x72, 0xff, 0xbc, 0x85, 0x6f, 0xff, 0xb6, 0x7d, 0x6b, 0xff, 
0xbe, 0x85, 0x70, 0xff, 0xc9, 0x90, 0x77, 0xff, 0xca, 0x8e, 0x77, 0xff, 0xc0, 0x81, 0x6a, 0xff, 
0xbe, 0x7e, 0x67, 0xff, 0xc7, 0x8a, 0x71, 0xff, 0xcc, 0x8e, 0x73, 0xff, 0xc5, 0x84, 0x6d, 0xff, 
0xba, 0x7f, 0x6a, 0xff, 0xb5, 0x7e, 0x67, 0xff, 0xbc, 0x87, 0x6e, 0xff, 0xbb, 0x87, 0x70, 0xff, 
0xad, 0x7c, 0x67, 0xff, 0xa2, 0x73, 0x60, 0xff, 0x9a, 0x6b, 0x59, 0xff, 0x9c, 0x6f, 0x60, 0xff, 
0x9e, 0x75, 0x68, 0xff, 0x8c, 0x5f, 0x54, 0xff, 0x8e, 0x5e, 0x51, 0xff, 0x9e, 0x71, 0x62, 0xff, 
0x92, 0x67, 0x58, 0xff, 0x83, 0x56, 0x4b, 0xff, 0x79, 0x4e, 0x43, 0xff, 0x9c, 0x6c, 0x5b, 0xff, 
0xab, 0x77, 0x62, 0xff, 0x9c, 0x68, 0x55, 0xff, 0x98, 0x66, 0x54, 0xff, 0xb5, 0x79, 0x66, 0xff, 
0xa9, 0x6b, 0x57, 0xff, 0xa9, 0x6a, 0x5c, 0xff, 0xa7, 0x6e, 0x60, 0xff, 0x96, 0x66, 0x56, 0xff, 
0x97, 0x65, 0x53, 0xff, 0xbe, 0x8f, 0x76, 0xff, 0xa1, 0x73, 0x61, 0xff, 0x82, 0x4f, 0x41, 0xff, 
0x86, 0x58, 0x4a, 0xff, 0x99, 0x69, 0x5a, 0xff, 0x93, 0x5f, 0x4f, 0xff, 0x84, 0x52, 0x44, 0xff, 
0x93, 0x6b, 0x60, 0xff, 0x94, 0x72, 0x6b, 0xff, 0x7a, 0x57, 0x50, 0xff, 0x7f, 0x56, 0x4c, 0xff, 
0x82, 0x5f, 0x52, 0xff, 0x83, 0x5d, 0x53, 0xff, 0x73, 0x50, 0x49, 0xff, 0x87, 0x5c, 0x51, 0xff, 
0xa6, 0x6d, 0x5b, 0xff, 0x8d, 0x63, 0x54, 0xff, 0x84, 0x5f, 0x52, 0xff, 0xa4, 0x6b, 0x5a, 0xff, 
0xaa, 0x72, 0x60, 0xff, 0xae, 0x74, 0x62, 0xff, 0xb7, 0x79, 0x64, 0xff, 0xc1, 0x82, 0x67, 0xff, 
0xc4, 0x86, 0x70, 0xff, 0xc1, 0x85, 0x6f, 0xff, 0xc4, 0x87, 0x70, 0xff, 0xa8, 0x72, 0x60, 0xff, 
0xae, 0x78, 0x64, 0xff, 0xa4, 0x6f, 0x5f, 0xff, 0x92, 0x63, 0x55, 0xff, 0xae, 0x74, 0x60, 0xff, 
0xb0, 0x74, 0x61, 0xff, 0xac, 0x6e, 0x5d, 0xff, 0xa5, 0x6e, 0x5f, 0xff, 0xbf, 0x8b, 0x75, 0xff, 
0xd1, 0x96, 0x7b, 0xff, 0xca, 0x8c, 0x74, 0xff, 0xc6, 0x89, 0x72, 0xff, 0xc8, 0x8e, 0x76, 0xff, 
0xce, 0x94, 0x7c, 0xff, 0xd5, 0x9e, 0x84, 0xff, 0xdd, 0xab, 0x91, 0xff, 0xe0, 0xaf, 0x95, 0xff, 
0xd4, 0x9b, 0x81, 0xff, 0xcd, 0x90, 0x77, 0xff, 0xc3, 0x81, 0x6b, 0xff, 0xb6, 0x72, 0x5e, 0xff, 
0xb4, 0x72, 0x5f, 0xff, 0xc5, 0x8d, 0x75, 0xff, 0xdb, 0xac, 0x92, 0xff, 0xd9, 0xab, 0x91, 0xff, 
0xcc, 0x97, 0x7f, 0xff, 0xbe, 0x7d, 0x65, 0xff, 0xb9, 0x6b, 0x54, 0xff, 0xda, 0x9b, 0x7c, 0xff, 
0xdd, 0xaa, 0x8d, 0xff, 0xd1, 0x9e, 0x87, 0xff, 0xd9, 0xa6, 0x8f, 0xff, 0xd8, 0xa4, 0x8b, 0xff, 
0xe7, 0xbf, 0xaa, 0xff, 0xe3, 0xba, 0xa4, 0xff, 0xd5, 0xa4, 0x8b, 0xff, 0xd8, 0xa9, 0x8e, 0xff, 
0xdc, 0xac, 0x93, 0xff, 0xdf, 0xaf, 0x97, 0xff, 0xe4, 0xb6, 0x9d, 0xff, 0xe3, 0xb4, 0x9a, 0xff, 
0xe0, 0xae, 0x93, 0xff, 0xdf, 0xb0, 0x98, 0xff, 0xf0, 0xd2, 0xc0, 0xff, 0xf3, 0xd8, 0xc6, 0xff, 
0xe6, 0xb5, 0x99, 0xff, 0xea, 0xbb, 0x9a, 0xff, 0xe3, 0xc0, 0xab, 0xff, 0xd0, 0xa6, 0x9d, 0xff, 
0xe9, 0xc0, 0xac, 0xff, 0xee, 0xca, 0xb0, 0xff, 0xea, 0xc4, 0xac, 0xff, 0xdd, 0xb0, 0x99, 0xff, 
0xd6, 0xab, 0x94, 0xff, 0xcf, 0xa2, 0x8d, 0xff, 0xba, 0x7a, 0x6a, 0xff, 0xbd, 0x83, 0x72, 0xff, 
0xe2, 0xbd, 0xab, 0xff, 0xd0, 0xa3, 0x92, 0xff, 0xbe, 0x7f, 0x6f, 0xff, 0xc3, 0x83, 0x70, 0xff, 
0xc1, 0x7f, 0x6d, 0xff, 0xbc, 0x7b, 0x6a, 0xff, 0xcc, 0x8e, 0x80, 0xff, 0xc2, 0x8a, 0x7c, 0xff, 
0xce, 0xa0, 0x90, 0xff, 0xba, 0x95, 0x88, 0xff, 0xa7, 0x87, 0x7c, 0xff, 0xcc, 0x9d, 0x8e, 0xff, 
0xc3, 0x8c, 0x80, 0xff, 0xc6, 0x94, 0x81, 0xff, 0xbf, 0x8b, 0x78, 0xff, 0xc1, 0x88, 0x7c, 0xff, 
0xb0, 0x75, 0x63, 0xff, 0xb3, 0x72, 0x63, 0xff, 0xbd, 0x81, 0x70, 0xff, 0xbc, 0x80, 0x6e, 0xff, 
0xbb, 0x7e, 0x6c, 0xff, 0xc5, 0x89, 0x71, 0xff, 0xba, 0x7d, 0x67, 0xff, 0xb7, 0x7b, 0x65, 0xff, 
0xb8, 0x7b, 0x67, 0xff, 0xb6, 0x7d, 0x6a, 0xff, 0xa8, 0x72, 0x60, 0xff, 0xb2, 0x72, 0x63, 0xff, 
0xa8, 0x6a, 0x59, 0xff, 0xab, 0x6b, 0x5a, 0xff, 0xb8, 0x71, 0x61, 0xff, 0xc0, 0x78, 0x69, 0xff, 
0xb7, 0x71, 0x63, 0xff, 0x8b, 0x59, 0x4e, 0xff, 0x96, 0x62, 0x56, 0xff, 0xa1, 0x62, 0x57, 0xff, 
0x86, 0x52, 0x49, 0xff, 0x8e, 0x59, 0x50, 0xff, 0x8f, 0x58, 0x4e, 0xff, 0x8c, 0x57, 0x4c, 0xff, 
0x92, 0x59, 0x4f, 0xff, 0x9a, 0x61, 0x54, 0xff, 0xa0, 0x67, 0x59, 0xff, 0xac, 0x76, 0x67, 0xff, 
0xad, 0x75, 0x67, 0xff, 0xa6, 0x71, 0x60, 0xff, 0xb5, 0x86, 0x72, 0xff, 0xc8, 0x97, 0x82, 0xff, 
0xb2, 0x75, 0x66, 0xff, 0xb3, 0x75, 0x65, 0xff, 0xb1, 0x74, 0x63, 0xff, 0xa0, 0x67, 0x59, 0xff, 
0x9d, 0x64, 0x57, 0xff, 0x91, 0x57, 0x4c, 0xff, 0x97, 0x62, 0x55, 0xff, 0x8b, 0x59, 0x4e, 0xff, 
0x8b, 0x55, 0x4a, 0xff, 0x85, 0x53, 0x4a, 0xff, 0x8b, 0x5b, 0x52, 0xff, 0x98, 0x67, 0x5a, 0xff, 
0x92, 0x62, 0x56, 0xff, 0xa1, 0x6a, 0x5d, 0xff, 0xa5, 0x76, 0x67, 0xff, 0xa0, 0x77, 0x6c, 0xff, 
0xa6, 0x72, 0x67, 0xff, 0xb0, 0x7e, 0x6f, 0xff, 0xb4, 0x85, 0x77, 0xff, 0xa6, 0x76, 0x67, 0xff, 
0xa9, 0x7a, 0x6c, 0xff, 0xc6, 0xa2, 0x95, 0xff, 0xc8, 0xa5, 0x99, 0xff, 0xc4, 0x9e, 0x91, 0xff, 
0xd3, 0xae, 0xa2, 0xff, 0xc0, 0x92, 0x81, 0xff, 0xb0, 0x7f, 0x6f, 0xff, 0x9b, 0x67, 0x59, 0xff, 
0xab, 0x7f, 0x73, 0xff, 0xb4, 0x91, 0x85, 0xff, 0xa7, 0x79, 0x6d, 0xff, 0xbf, 0x90, 0x81, 0xff, 
0xb5, 0x89, 0x7d, 0xff, 0xad, 0x7e, 0x70, 0xff, 0xbe, 0x8f, 0x7e, 0xff, 0xc3, 0x95, 0x85, 0xff, 
0xce, 0xa4, 0x94, 0xff, 0xc0, 0x93, 0x84, 0xff, 0xcd, 0xa0, 0x92, 0xff, 0xc5, 0x96, 0x87, 0xff, 
0xaa, 0x7e, 0x70, 0xff, 0x98, 0x68, 0x5c, 0xff, 0x8c, 0x5e, 0x55, 0xff, 0x72, 0x4f, 0x4b, 0xff, 
0x5c, 0x3f, 0x3a, 0xff, 0x6b, 0x40, 0x3b, 0xff, 0xa9, 0x75, 0x66, 0xff, 0xd5, 0x9e, 0x88, 0xff, 
0xaa, 0x71, 0x60, 0xff, 0x83, 0x58, 0x50, 0xff, 0x90, 0x64, 0x5b, 0xff, 0x80, 0x4f, 0x47, 0xff, 
0x85, 0x55, 0x4c, 0xff, 0x84, 0x55, 0x4e, 0xff, 0x94, 0x62, 0x59, 0xff, 0xaf, 0x77, 0x66, 0xff, 
0xa4, 0x6b, 0x56, 0xff, 0xaf, 0x72, 0x5d, 0xff, 0xac, 0x71, 0x5c, 0xff, 0x82, 0x4c, 0x3e, 0xff, 
0xaa, 0x6f, 0x63, 0xff, 0xbc, 0x82, 0x74, 0xff, 0xa5, 0x73, 0x62, 0xff, 0xc2, 0x93, 0x80, 0xff, 
0x9e, 0x6a, 0x5b, 0xff, 0xa3, 0x69, 0x5b, 0xff, 0xb6, 0x83, 0x73, 0xff, 0xaa, 0x7a, 0x6d, 0xff, 
0x97, 0x63, 0x57, 0xff, 0x86, 0x55, 0x47, 0xff, 0xb4, 0x8a, 0x77, 0xff, 0xa9, 0x80, 0x6d, 0xff, 
0x80, 0x50, 0x3f, 0xff, 0xa4, 0x6d, 0x5e, 0xff, 0xb7, 0x7f, 0x70, 0xff, 0xab, 0x7a, 0x6a, 0xff, 
0x9b, 0x69, 0x5a, 0xff, 0xa4, 0x74, 0x62, 0xff, 0xaa, 0x7e, 0x69, 0xff, 0x96, 0x6d, 0x5c, 0xff, 
0xa7, 0x7e, 0x6c, 0xff, 0xa9, 0x7d, 0x69, 0xff, 0x94, 0x66, 0x55, 0xff, 0x90, 0x5e, 0x4c, 0xff, 
0xa6, 0x71, 0x5b, 0xff, 0xb4, 0x7f, 0x6a, 0xff, 0xc2, 0x90, 0x79, 0xff, 0xce, 0xa0, 0x87, 0xff, 
0xcf, 0x9e, 0x86, 0xff, 0xc4, 0x8a, 0x71, 0xff, 0xb9, 0x7b, 0x65, 0xff, 0xc6, 0x89, 0x73, 0xff, 
0xd2, 0x99, 0x7f, 0xff, 0xd1, 0x97, 0x7c, 0xff, 0xc8, 0x8a, 0x71, 0xff, 0xcc, 0x8f, 0x76, 0xff, 
0xd9, 0x9e, 0x83, 0xff, 0xd8, 0x9c, 0x83, 0xff, 0xb6, 0x79, 0x66, 0xff, 0xb4, 0x7b, 0x6a, 0xff, 
0xb5, 0x7f, 0x6d, 0xff, 0xbe, 0x8d, 0x78, 0xff, 0xcb, 0x9b, 0x84, 0xff, 0xb6, 0x84, 0x6e, 0xff, 
0xaf, 0x7c, 0x64, 0xff, 0xa1, 0x6e, 0x5a, 0xff, 0x91, 0x61, 0x55, 0xff, 0x90, 0x61, 0x58, 0xff, 
0x8c, 0x5f, 0x56, 0xff, 0x86, 0x5a, 0x4e, 0xff, 0x97, 0x67, 0x56, 0xff, 0xbc, 0x87, 0x71, 0xff, 
0xb8, 0x87, 0x70, 0xff, 0x98, 0x67, 0x56, 0xff, 0x97, 0x62, 0x55, 0xff, 0x95, 0x64, 0x57, 0xff, 
0x9b, 0x68, 0x59, 0xff, 0x96, 0x63, 0x55, 0xff, 0xa1, 0x6d, 0x5d, 0xff, 0x9c, 0x65, 0x52, 0xff, 
0xbc, 0x7b, 0x6a, 0xff, 0xc2, 0x83, 0x77, 0xff, 0xc7, 0x8b, 0x7a, 0xff, 0x9a, 0x65, 0x53, 0xff, 
0x89, 0x5a, 0x4b, 0xff, 0x99, 0x6a, 0x5a, 0xff, 0xa8, 0x7b, 0x67, 0xff, 0xa0, 0x71, 0x5e, 0xff, 
0x90, 0x5f, 0x4f, 0xff, 0x8c, 0x5b, 0x4d, 0xff, 0x87, 0x59, 0x4d, 0xff, 0x8c, 0x5b, 0x4d, 0xff, 
0x96, 0x6a, 0x5c, 0xff, 0x80, 0x5c, 0x53, 0xff, 0x78, 0x57, 0x4f, 0xff, 0x71, 0x53, 0x4c, 0xff, 
0x7a, 0x52, 0x48, 0xff, 0x8c, 0x5b, 0x4c, 0xff, 0x60, 0x40, 0x39, 0xff, 0x53, 0x3b, 0x38, 0xff, 
0x72, 0x51, 0x48, 0xff, 0x8e, 0x5e, 0x50, 0xff, 0x91, 0x5e, 0x4f, 0xff, 0xa3, 0x6d, 0x5c, 0xff, 
0xaa, 0x71, 0x60, 0xff, 0xac, 0x72, 0x5f, 0xff, 0xad, 0x6f, 0x5a, 0xff, 0xba, 0x78, 0x63, 0xff, 
0xbc, 0x81, 0x6f, 0xff, 0xbc, 0x7f, 0x6a, 0xff, 0xb9, 0x7f, 0x68, 0xff, 0xb9, 0x83, 0x6e, 0xff, 
0x97, 0x67, 0x58, 0xff, 0x70, 0x4c, 0x45, 0xff, 0x69, 0x49, 0x43, 0xff, 0x82, 0x57, 0x4d, 0xff, 
0xa6, 0x6c, 0x5c, 0xff, 0xa7, 0x6c, 0x5c, 0xff, 0xba, 0x7d, 0x6b, 0xff, 0xcd, 0x93, 0x7b, 0xff, 
0xc0, 0x86, 0x6f, 0xff, 0xc1, 0x86, 0x70, 0xff, 0xc3, 0x89, 0x73, 0xff, 0xc7, 0x8e, 0x78, 0xff, 
0xcb, 0x93, 0x7c, 0xff, 0xce, 0x96, 0x80, 0xff, 0xd0, 0x9d, 0x86, 0xff, 0xc9, 0x92, 0x7d, 0xff, 
0xc1, 0x81, 0x6d, 0xff, 0xc0, 0x7f, 0x6b, 0xff, 0xbf, 0x81, 0x6c, 0xff, 0xc3, 0x8d, 0x76, 0xff, 
0xcb, 0x94, 0x7e, 0xff, 0xca, 0x94, 0x7e, 0xff, 0xc6, 0x95, 0x7f, 0xff, 0xda, 0xae, 0x96, 0xff, 
0xd5, 0xa5, 0x8c, 0xff, 0xb9, 0x78, 0x63, 0xff, 0xab, 0x67, 0x54, 0xff, 0xcf, 0x95, 0x7a, 0xff, 
0xe0, 0xae, 0x95, 0xff, 0xd6, 0xa5, 0x8f, 0xff, 0xbe, 0x7e, 0x66, 0xff, 0xc7, 0x87, 0x6d, 0xff, 
0xdb, 0xa7, 0x8f, 0xff, 0xdb, 0xa8, 0x90, 0xff, 0xd2, 0x9b, 0x81, 0xff, 0xd6, 0xa6, 0x8d, 0xff, 
0xdd, 0xaf, 0x98, 0xff, 0xde, 0xaf, 0x98, 0xff, 0xe3, 0xb8, 0x9f, 0xff, 0xe3, 0xb6, 0x9d, 0xff, 
0xd9, 0xa8, 0x90, 0xff, 0xd6, 0xa4, 0x8c, 0xff, 0xde, 0xb1, 0x9a, 0xff, 0xe2, 0xb8, 0xa0, 0xff, 
0xe1, 0xb0, 0x95, 0xff, 0xea, 0xc1, 0xa6, 0xff, 0xd4, 0xaa, 0x99, 0xff, 0xdc, 0xb6, 0xa9, 0xff, 
0xed, 0xca, 0xb7, 0xff, 0xe5, 0xbc, 0xa3, 0xff, 0xd7, 0xa8, 0x92, 0xff, 0xc5, 0x8d, 0x78, 0xff, 
0xd2, 0xa2, 0x8c, 0xff, 0xca, 0x9c, 0x89, 0xff, 0xb3, 0x77, 0x67, 0xff, 0xc1, 0x85, 0x75, 0xff, 
0xcf, 0x9d, 0x8c, 0xff, 0xc7, 0x96, 0x83, 0xff, 0xbd, 0x87, 0x74, 0xff, 0xba, 0x7e, 0x6b, 0xff, 
0xb7, 0x79, 0x69, 0xff, 0xb5, 0x75, 0x68, 0xff, 0xae, 0x74, 0x66, 0xff, 0xc4, 0xa4, 0x92, 0xff, 
0xcb, 0xbb, 0xae, 0xff, 0x60, 0x54, 0x4f, 0xff, 0x8c, 0x78, 0x6d, 0xff, 0xda, 0xa4, 0x93, 0xff, 
0xbe, 0x8b, 0x77, 0xff, 0xbe, 0x88, 0x71, 0xff, 0xbe, 0x7e, 0x6e, 0xff, 0xbb, 0x79, 0x6a, 0xff, 
0xb8, 0x76, 0x65, 0xff, 0xc5, 0x85, 0x74, 0xff, 0xc2, 0x85, 0x72, 0xff, 0xb7, 0x79, 0x65, 0xff, 
0xac, 0x71, 0x60, 0xff, 0xa4, 0x67, 0x57, 0xff, 0xab, 0x6f, 0x5c, 0xff, 0xa2, 0x68, 0x57, 0xff, 
0x90, 0x52, 0x43, 0xff, 0xaf, 0x79, 0x67, 0xff, 0xb9, 0x87, 0x73, 0xff, 0xa7, 0x6e, 0x5a, 0xff, 
0xba, 0x84, 0x6c, 0xff, 0xa5, 0x69, 0x57, 0xff, 0x9f, 0x61, 0x55, 0xff, 0xb5, 0x6e, 0x5f, 0xff, 
0xc0, 0x74, 0x65, 0xff, 0xa3, 0x68, 0x5b, 0xff, 0x9a, 0x61, 0x56, 0xff, 0x8e, 0x55, 0x4e, 0xff, 
0x7d, 0x4b, 0x45, 0xff, 0x7b, 0x4a, 0x42, 0xff, 0x85, 0x52, 0x47, 0xff, 0x87, 0x51, 0x46, 0xff, 
0x93, 0x5f, 0x53, 0xff, 0x9a, 0x65, 0x57, 0xff, 0x99, 0x5f, 0x51, 0xff, 0xaf, 0x77, 0x66, 0xff, 
0xc5, 0x8f, 0x7c, 0xff, 0xb3, 0x75, 0x64, 0xff, 0xb4, 0x77, 0x65, 0xff, 0xa5, 0x69, 0x59, 0xff, 
0xa3, 0x66, 0x5a, 0xff, 0xa6, 0x6a, 0x5e, 0xff, 0xad, 0x70, 0x65, 0xff, 0xaa, 0x6d, 0x5f, 0xff, 
0xa9, 0x6e, 0x5f, 0xff, 0xaf, 0x72, 0x65, 0xff, 0x9b, 0x5f, 0x52, 0xff, 0xac, 0x7a, 0x69, 0xff, 
0xa4, 0x71, 0x62, 0xff, 0xa1, 0x6a, 0x5d, 0xff, 0xa5, 0x73, 0x65, 0xff, 0xa6, 0x78, 0x6a, 0xff, 
0xb2, 0x7c, 0x6d, 0xff, 0xb2, 0x75, 0x63, 0xff, 0x9c, 0x6c, 0x5f, 0xff, 0x9d, 0x77, 0x6f, 0xff, 
0x9b, 0x6d, 0x61, 0xff, 0xa6, 0x73, 0x65, 0xff, 0xa7, 0x75, 0x66, 0xff, 0x9a, 0x6a, 0x5c, 0xff, 
0xad, 0x7d, 0x6e, 0xff, 0xcb, 0x9f, 0x92, 0xff, 0xb6, 0x86, 0x79, 0xff, 0xc8, 0xa2, 0x94, 0xff, 
0xca, 0xa5, 0x98, 0xff, 0xb3, 0x80, 0x6e, 0xff, 0xbf, 0x91, 0x7f, 0xff, 0xae, 0x80, 0x71, 0xff, 
0x9c, 0x6d, 0x61, 0xff, 0x9b, 0x6d, 0x63, 0xff, 0xa9, 0x7b, 0x6f, 0xff, 0xc3, 0x95, 0x87, 0xff, 
0xaf, 0x83, 0x76, 0xff, 0xb3, 0x87, 0x79, 0xff, 0xd3, 0xa8, 0x97, 0xff, 0xc0, 0x93, 0x82, 0xff, 
0xa7, 0x72, 0x63, 0xff, 0xba, 0x86, 0x78, 0xff, 0xbc, 0x89, 0x7b, 0xff, 0xa8, 0x73, 0x63, 0xff, 
0xa8, 0x73, 0x63, 0xff, 0xa6, 0x72, 0x65, 0xff, 0x9d, 0x6d, 0x62, 0xff, 0x99, 0x67, 0x5a, 0xff, 
0x8f, 0x5e, 0x55, 0xff, 0x67, 0x42, 0x3c, 0xff, 0x8f, 0x61, 0x55, 0xff, 0xe3, 0xb7, 0xa6, 0xff, 
0xd4, 0xa5, 0x93, 0xff, 0x8e, 0x5b, 0x4c, 0xff, 0x7b, 0x4d, 0x42, 0xff, 0x8f, 0x5c, 0x52, 0xff, 
0x9c, 0x67, 0x59, 0xff, 0x9b, 0x68, 0x5b, 0xff, 0x89, 0x57, 0x4a, 0xff, 0x96, 0x5d, 0x50, 0xff, 
0x96, 0x61, 0x57, 0xff, 0x95, 0x5f, 0x52, 0xff, 0x9d, 0x62, 0x53, 0xff, 0x92, 0x5e, 0x50, 0xff, 
0xbf, 0x8a, 0x7d, 0xff, 0xb2, 0x77, 0x6a, 0xff, 0xa4, 0x72, 0x62, 0xff, 0xb7, 0x82, 0x72, 0xff, 
0xab, 0x77, 0x68, 0xff, 0xb5, 0x82, 0x70, 0xff, 0xab, 0x7a, 0x6a, 0xff, 0x9e, 0x6b, 0x5d, 0xff, 
0x96, 0x5d, 0x4f, 0xff, 0x84, 0x51, 0x41, 0xff, 0xa3, 0x74, 0x63, 0xff, 0xa6, 0x7f, 0x70, 0xff, 
0xa9, 0x7a, 0x69, 0xff, 0xb9, 0x81, 0x71, 0xff, 0xba, 0x81, 0x71, 0xff, 0x9b, 0x65, 0x54, 0xff, 
0x8f, 0x5c, 0x4b, 0xff, 0xb6, 0x8b, 0x76, 0xff, 0xbc, 0x93, 0x7e, 0xff, 0xa9, 0x79, 0x68, 0xff, 
0xa4, 0x71, 0x60, 0xff, 0xaa, 0x79, 0x65, 0xff, 0xac, 0x79, 0x66, 0xff, 0xbb, 0x88, 0x75, 0xff, 
0xd0, 0x9d, 0x86, 0xff, 0xd3, 0x9f, 0x87, 0xff, 0xd3, 0xa1, 0x87, 0xff, 0xcc, 0x95, 0x7d, 0xff, 
0xca, 0x90, 0x79, 0xff, 0xd1, 0x98, 0x7e, 0xff, 0xcc, 0x8e, 0x73, 0xff, 0xcf, 0x90, 0x73, 0xff, 
0xd5, 0x97, 0x7c, 0xff, 0xcf, 0x90, 0x78, 0xff, 0xc4, 0x85, 0x6e, 0xff, 0xcb, 0x8d, 0x77, 0xff, 
0xe0, 0xa6, 0x8d, 0xff, 0xc4, 0x86, 0x72, 0xff, 0xb1, 0x75, 0x66, 0xff, 0xc7, 0x90, 0x7c, 0xff, 
0xce, 0x94, 0x7b, 0xff, 0xc6, 0x8b, 0x76, 0xff, 0xb9, 0x80, 0x6b, 0xff, 0xac, 0x71, 0x5c, 0xff, 
0x9f, 0x67, 0x56, 0xff, 0x9a, 0x67, 0x56, 0xff, 0x99, 0x68, 0x5b, 0xff, 0x8a, 0x5c, 0x50, 0xff, 
0x7a, 0x4f, 0x45, 0xff, 0x8c, 0x60, 0x54, 0xff, 0x9d, 0x6d, 0x5d, 0xff, 0xac, 0x77, 0x64, 0xff, 
0xb8, 0x81, 0x6a, 0xff, 0xb4, 0x7e, 0x68, 0xff, 0xc6, 0x88, 0x72, 0xff, 0xb3, 0x73, 0x5e, 0xff, 
0xaa, 0x6d, 0x5a, 0xff, 0xb9, 0x78, 0x67, 0xff, 0xb9, 0x78, 0x63, 0xff, 0xb3, 0x75, 0x5e, 0xff, 
0xbf, 0x7e, 0x70, 0xff, 0xac, 0x6f, 0x5c, 0xff, 0xa0, 0x67, 0x56, 0xff, 0x8b, 0x5a, 0x4c, 0xff, 
0x82, 0x57, 0x4c, 0xff, 0x88, 0x5b, 0x50, 0xff, 0xa0, 0x6f, 0x5d, 0xff, 0xb8, 0x8a, 0x75, 0xff, 
0x9f, 0x72, 0x60, 0xff, 0x8b, 0x5a, 0x4b, 0xff, 0x83, 0x56, 0x48, 0xff, 0x86, 0x56, 0x49, 0xff, 
0x82, 0x56, 0x4c, 0xff, 0x76, 0x4f, 0x46, 0xff, 0x6d, 0x4f, 0x47, 0xff, 0x6e, 0x50, 0x48, 0xff, 
0x61, 0x40, 0x3a, 0xff, 0x64, 0x45, 0x3d, 0xff, 0x73, 0x52, 0x48, 0xff, 0x61, 0x40, 0x3a, 0xff, 
0x6e, 0x48, 0x40, 0xff, 0xa2, 0x66, 0x56, 0xff, 0xab, 0x70, 0x5e, 0xff, 0xab, 0x76, 0x63, 0xff, 
0xb6, 0x7e, 0x6a, 0xff, 0xa5, 0x6b, 0x59, 0xff, 0xa3, 0x66, 0x54, 0xff, 0xb0, 0x72, 0x60, 0xff, 
0xba, 0x7e, 0x6c, 0xff, 0xb0, 0x72, 0x61, 0xff, 0xa0, 0x67, 0x55, 0xff, 0xa8, 0x74, 0x63, 0xff, 
0x84, 0x60, 0x55, 0xff, 0x65, 0x47, 0x40, 0xff, 0x6a, 0x4c, 0x46, 0xff, 0x6a, 0x4b, 0x44, 0xff, 
0x8d, 0x5f, 0x54, 0xff, 0xad, 0x76, 0x65, 0xff, 0xbf, 0x80, 0x6b, 0xff, 0xc3, 0x83, 0x6f, 0xff, 
0xc7, 0x8c, 0x76, 0xff, 0xcb, 0x90, 0x7b, 0xff, 0xce, 0x93, 0x7e, 0xff, 0xd4, 0x97, 0x83, 0xff, 
0xcd, 0x91, 0x7e, 0xff, 0xbe, 0x87, 0x74, 0xff, 0xb9, 0x86, 0x72, 0xff, 0xb7, 0x81, 0x6d, 0xff, 
0xbb, 0x85, 0x71, 0xff, 0xbf, 0x89, 0x74, 0xff, 0xc1, 0x8c, 0x78, 0xff, 0xbc, 0x86, 0x73, 0xff, 
0xbb, 0x84, 0x70, 0xff, 0xcc, 0x98, 0x82, 0xff, 0xcd, 0x9c, 0x85, 0xff, 0xc4, 0x8d, 0x77, 0xff, 
0xc9, 0x8e, 0x7a, 0xff, 0xd1, 0x9a, 0x83, 0xff, 0xcd, 0x98, 0x81, 0xff, 0xc2, 0x8b, 0x75, 0xff, 
0xc4, 0x8d, 0x78, 0xff, 0xc5, 0x8d, 0x78, 0xff, 0xc1, 0x85, 0x70, 0xff, 0xcc, 0x94, 0x7c, 0xff, 
0xcd, 0x94, 0x7b, 0xff, 0xc8, 0x8c, 0x74, 0xff, 0xd7, 0x9f, 0x86, 0xff, 0xdf, 0xae, 0x98, 0xff, 
0xdc, 0xb1, 0x9b, 0xff, 0xd6, 0xa8, 0x91, 0xff, 0xd4, 0xa1, 0x8b, 0xff, 0xd2, 0x9f, 0x88, 0xff, 
0xd6, 0xa7, 0x90, 0xff, 0xd5, 0xa7, 0x90, 0xff, 0xd1, 0x9f, 0x85, 0xff, 0xe0, 0xb2, 0x97, 0xff, 
0xe7, 0xbf, 0xa6, 0xff, 0xe0, 0xb8, 0xa1, 0xff, 0xe7, 0xc8, 0xb7, 0xff, 0xea, 0xcb, 0xba, 0xff, 
0xd6, 0xae, 0x99, 0xff, 0xcb, 0x99, 0x83, 0xff, 0xc4, 0x8d, 0x7a, 0xff, 0xd0, 0xa3, 0x8f, 0xff, 
0xda, 0xae, 0x99, 0xff, 0xc3, 0x8c, 0x79, 0xff, 0xbf, 0x8b, 0x76, 0xff, 0xd1, 0x9f, 0x8c, 0xff, 
0xc8, 0x96, 0x81, 0xff, 0xcd, 0x9c, 0x85, 0xff, 0xcf, 0x9c, 0x85, 0xff, 0xb6, 0x7a, 0x68, 0xff, 
0xb3, 0x73, 0x67, 0xff, 0xb7, 0x79, 0x6b, 0xff, 0xb6, 0x83, 0x6d, 0xff, 0xc8, 0xa2, 0x8c, 0xff, 
0x9b, 0x7f, 0x71, 0xff, 0x99, 0x7b, 0x6d, 0xff, 0xcd, 0x95, 0x82, 0xff, 0xba, 0x79, 0x67, 0xff, 
0xb4, 0x73, 0x5e, 0xff, 0xb5, 0x70, 0x61, 0xff, 0xb4, 0x73, 0x61, 0xff, 0xbd, 0x7b, 0x67, 0xff, 
0xb8, 0x76, 0x66, 0xff, 0xad, 0x6f, 0x60, 0xff, 0xaa, 0x6d, 0x5d, 0xff, 0xaf, 0x71, 0x60, 0xff, 
0x99, 0x5c, 0x4c, 0xff, 0x94, 0x57, 0x49, 0xff, 0xaa, 0x6b, 0x5c, 0xff, 0x9a, 0x5e, 0x53, 0xff, 
0x9a, 0x5d, 0x4e, 0xff, 0xb2, 0x7c, 0x63, 0xff, 0xc3, 0x91, 0x79, 0xff, 0xc2, 0x92, 0x7b, 0xff, 
0xb6, 0x7f, 0x6b, 0xff, 0xa6, 0x63, 0x57, 0xff, 0x96, 0x5c, 0x50, 0xff, 0x9b, 0x60, 0x52, 0xff, 
0x8d, 0x57, 0x4c, 0xff, 0x9a, 0x5f, 0x56, 0xff, 0x91, 0x59, 0x4e, 0xff, 0x7e, 0x4d, 0x46, 0xff, 
0x83, 0x50, 0x48, 0xff, 0x80, 0x4c, 0x41, 0xff, 0x94, 0x5a, 0x4c, 0xff, 0xa0, 0x6c, 0x5b, 0xff, 
0xa0, 0x6e, 0x60, 0xff, 0x9c, 0x66, 0x56, 0xff, 0xa5, 0x6b, 0x5b, 0xff, 0xb9, 0x82, 0x6e, 0xff, 
0xc0, 0x89, 0x75, 0xff, 0xba, 0x7c, 0x6a, 0xff, 0xbe, 0x82, 0x6e, 0xff, 0xab, 0x72, 0x62, 0xff, 
0x98, 0x5c, 0x51, 0xff, 0xa5, 0x66, 0x5a, 0xff, 0xae, 0x6d, 0x5f, 0xff, 0xb8, 0x76, 0x67, 0xff, 
0xad, 0x6d, 0x5d, 0xff, 0xab, 0x6e, 0x5f, 0xff, 0xaf, 0x71, 0x63, 0xff, 0xbf, 0x86, 0x78, 0xff, 
0xbc, 0x89, 0x7b, 0xff, 0xae, 0x79, 0x6a, 0xff, 0xb8, 0x85, 0x75, 0xff, 0xcc, 0x99, 0x86, 0xff, 
0xb8, 0x7b, 0x67, 0xff, 0x9e, 0x64, 0x54, 0xff, 0xa4, 0x6d, 0x5d, 0xff, 0xa2, 0x6e, 0x5f, 0xff, 
0x9a, 0x6e, 0x63, 0xff, 0x9e, 0x71, 0x67, 0xff, 0xa8, 0x78, 0x6a, 0xff, 0xa7, 0x6f, 0x60, 0xff, 
0xd4, 0x9e, 0x8d, 0xff, 0xc6, 0x96, 0x89, 0xff, 0x9e, 0x6d, 0x62, 0xff, 0xbe, 0x95, 0x86, 0xff, 
0xce, 0xa3, 0x93, 0xff, 0xbc, 0x8f, 0x7f, 0xff, 0xc1, 0x99, 0x8a, 0xff, 0xba, 0x8f, 0x7f, 0xff, 
0xa3, 0x73, 0x66, 0xff, 0x93, 0x5e, 0x54, 0xff, 0xa8, 0x75, 0x69, 0xff, 0xa3, 0x75, 0x68, 0xff, 
0x91, 0x5e, 0x51, 0xff, 0xa3, 0x6f, 0x65, 0xff, 0xc1, 0x8e, 0x7f, 0xff, 0xc2, 0x8e, 0x7c, 0xff, 
0xa2, 0x6c, 0x60, 0xff, 0xa6, 0x6f, 0x62, 0xff, 0xae, 0x75, 0x68, 0xff, 0x96, 0x62, 0x57, 0xff, 
0x86, 0x56, 0x4e, 0xff, 0x9c, 0x69, 0x5d, 0xff, 0x9f, 0x70, 0x63, 0xff, 0xa7, 0x72, 0x61, 0xff, 
0xa3, 0x6e, 0x5f, 0xff, 0x7d, 0x50, 0x47, 0xff, 0x96, 0x60, 0x52, 0xff, 0xc9, 0x9c, 0x8c, 0xff, 
0xe5, 0xbe, 0xae, 0xff, 0xc4, 0x96, 0x86, 0xff, 0x9d, 0x6a, 0x5a, 0xff, 0x9e, 0x6a, 0x5b, 0xff, 
0x9b, 0x62, 0x53, 0xff, 0x9d, 0x64, 0x55, 0xff, 0xa0, 0x69, 0x59, 0xff, 0x9a, 0x62, 0x53, 0xff, 
0x9f, 0x67, 0x57, 0xff, 0x9f, 0x69, 0x59, 0xff, 0x91, 0x58, 0x4b, 0xff, 0x8d, 0x53, 0x47, 0xff, 
0xc7, 0x8b, 0x7f, 0xff, 0xbf, 0x86, 0x78, 0xff, 0x9a, 0x66, 0x55, 0xff, 0x9e, 0x6a, 0x5c, 0xff, 
0xa5, 0x71, 0x64, 0xff, 0xad, 0x79, 0x69, 0xff, 0xa6, 0x71, 0x64, 0xff, 0xa5, 0x6d, 0x5d, 0xff, 
0x9a, 0x61, 0x53, 0xff, 0x93, 0x5f, 0x51, 0xff, 0x9d, 0x67, 0x55, 0xff, 0xbf, 0x92, 0x80, 0xff, 
0xd9, 0xac, 0x99, 0xff, 0xbf, 0x8a, 0x77, 0xff, 0xa6, 0x69, 0x59, 0xff, 0xa2, 0x67, 0x57, 0xff, 
0xae, 0x76, 0x65, 0xff, 0xa6, 0x6e, 0x5d, 0xff, 0x9d, 0x65, 0x55, 0xff, 0x9f, 0x68, 0x58, 0xff, 
0xa9, 0x6d, 0x5e, 0xff, 0xb5, 0x7b, 0x66, 0xff, 0xb4, 0x78, 0x64, 0xff, 0xba, 0x80, 0x6c, 0xff, 
0xc4, 0x8f, 0x79, 0xff, 0xd2, 0x9a, 0x84, 0xff, 0xd0, 0x96, 0x7e, 0xff, 0xc6, 0x8c, 0x74, 0xff, 
0xd0, 0x97, 0x7e, 0xff, 0xcf, 0x97, 0x80, 0xff, 0xc4, 0x8a, 0x75, 0xff, 0xc6, 0x89, 0x72, 0xff, 
0xd3, 0x9b, 0x81, 0xff, 0xcf, 0x95, 0x7f, 0xff, 0xcd, 0x91, 0x7b, 0xff, 0xca, 0x8e, 0x76, 0xff, 
0xc2, 0x86, 0x70, 0xff, 0xc0, 0x86, 0x72, 0xff, 0xc4, 0x8a, 0x73, 0xff, 0xbe, 0x7f, 0x69, 0xff, 
0xb5, 0x74, 0x62, 0xff, 0x9e, 0x60, 0x4f, 0xff, 0x96, 0x5d, 0x4c, 0xff, 0x9e, 0x69, 0x5a, 0xff, 
0x9e, 0x6b, 0x5c, 0xff, 0x9a, 0x6a, 0x58, 0xff, 0x8b, 0x5d, 0x4e, 0xff, 0x94, 0x67, 0x56, 0xff, 
0x90, 0x64, 0x56, 0xff, 0x94, 0x62, 0x54, 0xff, 0xa3, 0x6c, 0x5b, 0xff, 0xbb, 0x82, 0x6b, 0xff, 
0xc2, 0x85, 0x6b, 0xff, 0xc8, 0x87, 0x6b, 0xff, 0xb6, 0x7e, 0x67, 0xff, 0x9d, 0x6c, 0x5b, 0xff, 
0xab, 0x73, 0x5d, 0xff, 0xbd, 0x7a, 0x61, 0xff, 0xb2, 0x72, 0x5b, 0xff, 0xc1, 0x82, 0x73, 0xff, 
0xa4, 0x66, 0x54, 0xff, 0x9c, 0x5f, 0x4f, 0xff, 0x92, 0x5c, 0x4f, 0xff, 0xb1, 0x7b, 0x6e, 0xff, 
0xac, 0x77, 0x6d, 0xff, 0x92, 0x64, 0x55, 0xff, 0xa8, 0x7d, 0x69, 0xff, 0xb3, 0x8b, 0x77, 0xff, 
0xa3, 0x76, 0x64, 0xff, 0x90, 0x60, 0x50, 0xff, 0x8a, 0x5c, 0x4b, 0xff, 0x88, 0x58, 0x4c, 0xff, 
0x8d, 0x5c, 0x50, 0xff, 0x88, 0x55, 0x49, 0xff, 0x74, 0x4b, 0x42, 0xff, 0x6e, 0x49, 0x41, 0xff, 
0x70, 0x44, 0x3b, 0xff, 0x71, 0x48, 0x3e, 0xff, 0x8a, 0x5c, 0x4e, 0xff, 0x99, 0x63, 0x54, 0xff, 
0xa8, 0x6d, 0x5c, 0xff, 0xab, 0x75, 0x64, 0xff, 0xad, 0x79, 0x69, 0xff, 0xad, 0x77, 0x64, 0xff, 
0xa5, 0x6a, 0x58, 0xff, 0x9b, 0x60, 0x50, 0xff, 0xae, 0x72, 0x60, 0xff, 0xac, 0x6f, 0x5d, 0xff, 
0xb0, 0x75, 0x63, 0xff, 0xaf, 0x7b, 0x67, 0xff, 0xae, 0x7a, 0x68, 0xff, 0xb2, 0x7a, 0x68, 0xff, 
0x9a, 0x6e, 0x5e, 0xff, 0x77, 0x56, 0x4e, 0xff, 0x6b, 0x4e, 0x47, 0xff, 0x62, 0x46, 0x40, 0xff, 
0x7f, 0x59, 0x4e, 0xff, 0x87, 0x5f, 0x55, 0xff, 0x96, 0x68, 0x5c, 0xff, 0xba, 0x7d, 0x6c, 0xff, 
0xd0, 0x92, 0x7c, 0xff, 0xcd, 0x91, 0x7d, 0xff, 0xc9, 0x8d, 0x7b, 0xff, 0xcf, 0x90, 0x7d, 0xff, 
0xd0, 0x91, 0x7e, 0xff, 0xb2, 0x7d, 0x6b, 0xff, 0xa1, 0x70, 0x60, 0xff, 0xa8, 0x74, 0x64, 0xff, 
0xb5, 0x82, 0x6f, 0xff, 0xac, 0x7a, 0x68, 0xff, 0xae, 0x7f, 0x6c, 0xff, 0xb2, 0x81, 0x6f, 0xff, 
0xb4, 0x82, 0x71, 0xff, 0xb8, 0x86, 0x73, 0xff, 0xb9, 0x87, 0x72, 0xff, 0xb4, 0x80, 0x6b, 0xff, 
0xba, 0x84, 0x71, 0xff, 0xca, 0x97, 0x85, 0xff, 0xd4, 0xa0, 0x8d, 0xff, 0xcd, 0x99, 0x84, 0xff, 
0xbe, 0x87, 0x74, 0xff, 0xbc, 0x85, 0x73, 0xff, 0xc5, 0x8e, 0x7c, 0xff, 0xc4, 0x8a, 0x77, 0xff, 
0xbb, 0x7f, 0x6c, 0xff, 0xbe, 0x84, 0x71, 0xff, 0xc7, 0x90, 0x7d, 0xff, 0xcc, 0x97, 0x83, 0xff, 
0xca, 0x95, 0x81, 0xff, 0xc8, 0x94, 0x80, 0xff, 0xc5, 0x8e, 0x7c, 0xff, 0xb8, 0x82, 0x6e, 0xff, 
0xbe, 0x87, 0x73, 0xff, 0xc9, 0x96, 0x81, 0xff, 0xe4, 0xbe, 0xa7, 0xff, 0xec, 0xcc, 0xb6, 0xff, 
0xe1, 0xbd, 0xa5, 0xff, 0xde, 0xb9, 0xa6, 0xff, 0xdf, 0xbb, 0xa9, 0xff, 0xd5, 0xab, 0x95, 0xff, 
0xc8, 0x97, 0x80, 0xff, 0xc1, 0x8c, 0x77, 0xff, 0xcb, 0x9c, 0x86, 0xff, 0xd5, 0xa8, 0x91, 0xff, 
0xd8, 0xa9, 0x94, 0xff, 0xda, 0xa9, 0x95, 0xff, 0xdb, 0xae, 0x96, 0xff, 0xcf, 0xa1, 0x8c, 0xff, 
0xc7, 0x94, 0x7e, 0xff, 0xc8, 0x92, 0x7d, 0xff, 0xbb, 0x7f, 0x6e, 0xff, 0xb7, 0x7f, 0x6d, 0xff, 
0xc1, 0x8d, 0x79, 0xff, 0xbd, 0x91, 0x78, 0xff, 0xc7, 0xa0, 0x86, 0xff, 0xc2, 0x8f, 0x7a, 0xff, 
0xbd, 0x7e, 0x6e, 0xff, 0xbc, 0x7c, 0x6c, 0xff, 0xa3, 0x61, 0x51, 0xff, 0xb0, 0x6f, 0x5c, 0xff, 
0xba, 0x78, 0x62, 0xff, 0xa8, 0x69, 0x59, 0xff, 0xa9, 0x6e, 0x5e, 0xff, 0xb7, 0x78, 0x6a, 0xff, 
0xb8, 0x79, 0x6b, 0xff, 0xb6, 0x77, 0x67, 0xff, 0xb4, 0x76, 0x66, 0xff, 0xad, 0x70, 0x64, 0xff, 
0xb3, 0x70, 0x65, 0xff, 0x9f, 0x63, 0x56, 0xff, 0x92, 0x5c, 0x50, 0xff, 0xac, 0x6d, 0x60, 0xff, 
0xad, 0x72, 0x62, 0xff, 0xa8, 0x70, 0x5e, 0xff, 0x9a, 0x61, 0x55, 0xff, 0x9e, 0x6a, 0x5d, 0xff, 
0x9b, 0x5f, 0x54, 0xff, 0xa8, 0x68, 0x5d, 0xff, 0xa2, 0x6c, 0x5b, 0xff, 0x90, 0x5d, 0x50, 0xff, 
0x79, 0x48, 0x44, 0xff, 0x86, 0x50, 0x49, 0xff, 0x9e, 0x61, 0x54, 0xff, 0x86, 0x54, 0x4b, 0xff, 
0x7b, 0x4a, 0x44, 0xff, 0x8c, 0x55, 0x49, 0xff, 0x9d, 0x63, 0x56, 0xff, 0xaf, 0x77, 0x65, 0xff, 
0xa7, 0x77, 0x67, 0xff, 0xa2, 0x70, 0x60, 0xff, 0xad, 0x79, 0x68, 0xff, 0xaf, 0x7c, 0x68, 0xff, 
0xb0, 0x7a, 0x6a, 0xff, 0xb6, 0x7e, 0x6e, 0xff, 0xb2, 0x79, 0x69, 0xff, 0xb0, 0x75, 0x63, 0xff, 
0xa7, 0x69, 0x58, 0xff, 0xb1, 0x72, 0x61, 0xff, 0xb3, 0x77, 0x64, 0xff, 0xae, 0x71, 0x61, 0xff, 
0xb9, 0x78, 0x6a, 0xff, 0xbc, 0x7e, 0x6e, 0xff, 0xcb, 0x92, 0x81, 0xff, 0xb8, 0x78, 0x69, 0xff, 
0xb3, 0x74, 0x68, 0xff, 0xbb, 0x84, 0x76, 0xff, 0xb0, 0x78, 0x69, 0xff, 0xb5, 0x7d, 0x6d, 0xff, 
0xa7, 0x73, 0x63, 0xff, 0x96, 0x61, 0x52, 0xff, 0x8c, 0x56, 0x49, 0xff, 0x94, 0x61, 0x54, 0xff, 
0x9a, 0x62, 0x56, 0xff, 0x94, 0x60, 0x54, 0xff, 0xa0, 0x70, 0x65, 0xff, 0xb5, 0x7f, 0x70, 0xff, 
0xc8, 0x93, 0x83, 0xff, 0xc2, 0x95, 0x84, 0xff, 0xb8, 0x8c, 0x7b, 0xff, 0xb9, 0x89, 0x7b, 0xff, 
0xc9, 0x9a, 0x8a, 0xff, 0xd4, 0xae, 0x9f, 0xff, 0xcc, 0xa4, 0x94, 0xff, 0xaa, 0x79, 0x69, 0xff, 
0xa8, 0x76, 0x66, 0xff, 0x9a, 0x65, 0x58, 0xff, 0xa0, 0x6b, 0x5d, 0xff, 0x8f, 0x5a, 0x50, 0xff, 
0x90, 0x58, 0x4f, 0xff, 0x94, 0x58, 0x4e, 0xff, 0x9c, 0x5d, 0x53, 0xff, 0xa0, 0x60, 0x53, 0xff, 
0xa2, 0x68, 0x58, 0xff, 0x9e, 0x6a, 0x5d, 0xff, 0x8e, 0x5d, 0x53, 0xff, 0x8a, 0x5e, 0x55, 0xff, 
0x81, 0x57, 0x51, 0xff, 0x78, 0x53, 0x4c, 0xff, 0x6c, 0x45, 0x3e, 0xff, 0x7c, 0x4f, 0x46, 0xff, 
0x8e, 0x59, 0x4c, 0xff, 0xb0, 0x79, 0x68, 0xff, 0xc5, 0x8a, 0x77, 0xff, 0xb6, 0x7b, 0x6b, 0xff, 
0xb9, 0x7f, 0x70, 0xff, 0xca, 0x92, 0x83, 0xff, 0xbb, 0x81, 0x70, 0xff, 0xad, 0x74, 0x63, 0xff, 
0xc1, 0x91, 0x82, 0xff, 0xc2, 0x92, 0x80, 0xff, 0xb4, 0x7a, 0x67, 0xff, 0xab, 0x70, 0x5f, 0xff, 
0xa8, 0x6c, 0x5a, 0xff, 0xa7, 0x6c, 0x59, 0xff, 0xa0, 0x65, 0x53, 0xff, 0xa9, 0x6e, 0x5e, 0xff, 
0xc0, 0x8a, 0x79, 0xff, 0xb4, 0x7d, 0x6b, 0xff, 0x9f, 0x66, 0x58, 0xff, 0x9f, 0x6a, 0x5c, 0xff, 
0xa0, 0x69, 0x5b, 0xff, 0xac, 0x73, 0x63, 0xff, 0xb2, 0x7d, 0x6d, 0xff, 0xb2, 0x78, 0x67, 0xff, 
0xb2, 0x76, 0x66, 0xff, 0xaf, 0x78, 0x68, 0xff, 0xbc, 0x87, 0x73, 0xff, 0xc5, 0x8c, 0x78, 0xff, 
0xc3, 0x8b, 0x78, 0xff, 0xba, 0x83, 0x6f, 0xff, 0xb4, 0x7a, 0x68, 0xff, 0xbd, 0x85, 0x73, 0xff, 
0xb6, 0x7f, 0x6c, 0xff, 0xa5, 0x67, 0x55, 0xff, 0xa5, 0x66, 0x54, 0xff, 0xa8, 0x6b, 0x59, 0xff, 
0xa6, 0x6b, 0x5b, 0xff, 0xa7, 0x6a, 0x5a, 0xff, 0xaa, 0x6c, 0x59, 0xff, 0xa4, 0x68, 0x58, 0xff, 
0xa6, 0x6f, 0x60, 0xff, 0xb4, 0x7b, 0x6b, 0xff, 0xb8, 0x7d, 0x6b, 0xff, 0xb3, 0x79, 0x65, 0xff, 
0xb1, 0x76, 0x63, 0xff, 0xa4, 0x6b, 0x5a, 0xff, 0xb5, 0x7e, 0x6b, 0xff, 0xc3, 0x8b, 0x77, 0xff, 
0xbd, 0x86, 0x71, 0xff, 0xc2, 0x84, 0x6f, 0xff, 0xc2, 0x83, 0x6d, 0xff, 0xb7, 0x7c, 0x67, 0xff, 
0xa9, 0x70, 0x5f, 0xff, 0xae, 0x7a, 0x68, 0xff, 0xa8, 0x6f, 0x5c, 0xff, 0xa5, 0x68, 0x57, 0xff, 
0x9b, 0x66, 0x54, 0xff, 0x93, 0x5d, 0x4d, 0xff, 0x99, 0x62, 0x53, 0xff, 0x9c, 0x6f, 0x60, 0xff, 
0x99, 0x6b, 0x5a, 0xff, 0x96, 0x65, 0x52, 0xff, 0x94, 0x65, 0x54, 0xff, 0xa0, 0x6f, 0x5e, 0xff, 
0xac, 0x7a, 0x69, 0xff, 0xa5, 0x70, 0x5f, 0xff, 0xa7, 0x6d, 0x5a, 0xff, 0xb8, 0x7d, 0x66, 0xff, 
0xbd, 0x82, 0x69, 0xff, 0xb8, 0x7e, 0x64, 0xff, 0xa7, 0x74, 0x61, 0xff, 0x9d, 0x6c, 0x5d, 0xff, 
0xb2, 0x75, 0x62, 0xff, 0xab, 0x6b, 0x57, 0xff, 0xae, 0x6b, 0x56, 0xff, 0xad, 0x6d, 0x5d, 0xff, 
0xb7, 0x81, 0x6c, 0xff, 0xa9, 0x6f, 0x5c, 0xff, 0xb1, 0x74, 0x64, 0xff, 0xc0, 0x86, 0x79, 0xff, 
0xb0, 0x7c, 0x71, 0xff, 0xa0, 0x70, 0x60, 0xff, 0xaa, 0x7e, 0x69, 0xff, 0xb6, 0x88, 0x75, 0xff, 
0xab, 0x7b, 0x67, 0xff, 0x9f, 0x6e, 0x5a, 0xff, 0x9a, 0x6d, 0x5e, 0xff, 0x80, 0x56, 0x4d, 0xff, 
0x70, 0x4a, 0x41, 0xff, 0x8f, 0x64, 0x57, 0xff, 0x8f, 0x61, 0x55, 0xff, 0x7d, 0x53, 0x49, 0xff, 
0x81, 0x50, 0x44, 0xff, 0x81, 0x4f, 0x42, 0xff, 0x9f, 0x65, 0x55, 0xff, 0xa5, 0x69, 0x5a, 0xff, 
0x9e, 0x67, 0x57, 0xff, 0xa2, 0x6f, 0x5e, 0xff, 0xa5, 0x72, 0x62, 0xff, 0xa3, 0x6c, 0x5c, 0xff, 
0xa8, 0x6d, 0x5c, 0xff, 0xa9, 0x6d, 0x5c, 0xff, 0xb4, 0x79, 0x65, 0xff, 0xbb, 0x7c, 0x68, 0xff, 
0xca, 0x92, 0x7a, 0xff, 0xc1, 0x90, 0x7a, 0xff, 0xa9, 0x71, 0x60, 0xff, 0xa2, 0x67, 0x54, 0xff, 
0x92, 0x5e, 0x50, 0xff, 0x78, 0x55, 0x4e, 0xff, 0x6f, 0x4b, 0x46, 0xff, 0x81, 0x5a, 0x50, 0xff, 
0x82, 0x5c, 0x51, 0xff, 0x75, 0x51, 0x4b, 0xff, 0x8b, 0x5f, 0x56, 0xff, 0xb2, 0x76, 0x65, 0xff, 
0xbf, 0x80, 0x6c, 0xff, 0xc0, 0x82, 0x6f, 0xff, 0xc8, 0x8b, 0x79, 0xff, 0xd7, 0x9a, 0x85, 0xff, 
0xc4, 0x8c, 0x77, 0xff, 0xb2, 0x7f, 0x6e, 0xff, 0xb1, 0x79, 0x69, 0xff, 0xac, 0x71, 0x64, 0xff, 
0xa2, 0x66, 0x5a, 0xff, 0xad, 0x6f, 0x62, 0xff, 0xad, 0x73, 0x65, 0xff, 0xad, 0x75, 0x67, 0xff, 
0xb0, 0x80, 0x6d, 0xff, 0xb1, 0x80, 0x6e, 0xff, 0xb5, 0x84, 0x70, 0xff, 0xaa, 0x7e, 0x68, 0xff, 
0xa7, 0x7b, 0x66, 0xff, 0xb7, 0x87, 0x72, 0xff, 0xbd, 0x8b, 0x75, 0xff, 0xc1, 0x8c, 0x77, 0xff, 
0xc3, 0x91, 0x7b, 0xff, 0xc7, 0x96, 0x80, 0xff, 0xc7, 0x93, 0x7d, 0xff, 0xbe, 0x83, 0x71, 0xff, 
0xb8, 0x7d, 0x6b, 0xff, 0xc5, 0x89, 0x77, 0xff, 0xbd, 0x83, 0x70, 0xff, 0xb7, 0x81, 0x6b, 0xff, 
0xbc, 0x84, 0x70, 0xff, 0xb9, 0x81, 0x70, 0xff, 0xbd, 0x88, 0x76, 0xff, 0xbc, 0x88, 0x74, 0xff, 
0xb4, 0x7b, 0x69, 0xff, 0xc1, 0x8f, 0x7b, 0xff, 0xd9, 0xb2, 0x9e, 0xff, 0xc6, 0x95, 0x84, 0xff, 
0xbb, 0x87, 0x76, 0xff, 0xc4, 0x94, 0x80, 0xff, 0xc8, 0x99, 0x83, 0xff, 0xc4, 0x91, 0x7c, 0xff, 
0xbe, 0x8a, 0x79, 0xff, 0xc2, 0x8f, 0x7f, 0xff, 0xc0, 0x8b, 0x79, 0xff, 0xb9, 0x7d, 0x69, 0xff, 
0xba, 0x7e, 0x6c, 0xff, 0xbb, 0x83, 0x71, 0xff, 0xb9, 0x82, 0x70, 0xff, 0xb8, 0x79, 0x67, 0xff, 
0xbe, 0x7d, 0x6a, 0xff, 0xb5, 0x7c, 0x6b, 0xff, 0xb6, 0x7f, 0x6c, 0xff, 0xb4, 0x84, 0x6e, 0xff, 
0xaf, 0x7e, 0x6b, 0xff, 0xb1, 0x78, 0x6a, 0xff, 0xad, 0x6d, 0x5f, 0xff, 0xaa, 0x65, 0x58, 0xff, 
0xaf, 0x6c, 0x5c, 0xff, 0xb9, 0x76, 0x63, 0xff, 0xa9, 0x6b, 0x59, 0xff, 0xa4, 0x68, 0x54, 0xff, 
0xa6, 0x6a, 0x59, 0xff, 0xa0, 0x66, 0x5a, 0xff, 0xaa, 0x70, 0x61, 0xff, 0xa6, 0x69, 0x5d, 0xff, 
0xa5, 0x67, 0x5a, 0xff, 0xc0, 0x82, 0x72, 0xff, 0xc1, 0x84, 0x71, 0xff, 0xae, 0x6d, 0x60, 0xff, 
0xb3, 0x6f, 0x62, 0xff, 0xad, 0x6f, 0x60, 0xff, 0x97, 0x5f, 0x54, 0xff, 0x98, 0x5e, 0x52, 0xff, 
0x97, 0x5f, 0x53, 0xff, 0x8e, 0x50, 0x47, 0xff, 0xa2, 0x62, 0x52, 0xff, 0x90, 0x5b, 0x4e, 0xff, 
0x8d, 0x59, 0x4f, 0xff, 0x8d, 0x56, 0x4d, 0xff, 0x8c, 0x58, 0x4d, 0xff, 0x8c, 0x53, 0x4c, 0xff, 
0x84, 0x4f, 0x48, 0xff, 0x8e, 0x59, 0x4f, 0xff, 0xa4, 0x65, 0x5a, 0xff, 0x92, 0x5c, 0x52, 0xff, 
0x90, 0x59, 0x4e, 0xff, 0xa4, 0x6e, 0x5f, 0xff, 0xa2, 0x6d, 0x5f, 0xff, 0xa5, 0x6a, 0x5c, 0xff, 
0xb4, 0x7f, 0x6f, 0xff, 0xa6, 0x72, 0x63, 0xff, 0xa4, 0x6f, 0x61, 0xff, 0xa4, 0x6d, 0x60, 0xff, 
0xa3, 0x6c, 0x5f, 0xff, 0xa6, 0x6b, 0x5c, 0xff, 0xa8, 0x6a, 0x5b, 0xff, 0xb0, 0x73, 0x62, 0xff, 
0xb0, 0x74, 0x63, 0xff, 0xa6, 0x6d, 0x5d, 0xff, 0xab, 0x75, 0x63, 0xff, 0xaf, 0x74, 0x64, 0xff, 
0xb4, 0x7a, 0x6b, 0xff, 0xbf, 0x84, 0x73, 0xff, 0xc9, 0x91, 0x80, 0xff, 0xb7, 0x7d, 0x6e, 0xff, 
0xb0, 0x74, 0x64, 0xff, 0xb0, 0x73, 0x62, 0xff, 0xa7, 0x6a, 0x5c, 0xff, 0xb5, 0x7f, 0x70, 0xff, 
0xa5, 0x87, 0x79, 0xff, 0x99, 0x6e, 0x62, 0xff, 0x98, 0x5c, 0x52, 0xff, 0x9d, 0x66, 0x5a, 0xff, 
0xa1, 0x67, 0x5b, 0xff, 0x94, 0x58, 0x4b, 0xff, 0x98, 0x5f, 0x51, 0xff, 0x9b, 0x66, 0x59, 0xff, 
0xa2, 0x6d, 0x5f, 0xff, 0xbe, 0x89, 0x77, 0xff, 0xbe, 0x8d, 0x7a, 0xff, 0xa3, 0x70, 0x62, 0xff, 
0xad, 0x7c, 0x6c, 0xff, 0xcd, 0x9e, 0x8d, 0xff, 0xd5, 0xa9, 0x99, 0xff, 0xc1, 0x95, 0x84, 0xff, 
0xa3, 0x74, 0x64, 0xff, 0x94, 0x65, 0x54, 0xff, 0x83, 0x54, 0x45, 0xff, 0x88, 0x4f, 0x44, 0xff, 
0x8d, 0x51, 0x47, 0xff, 0x9b, 0x62, 0x53, 0xff, 0xa4, 0x69, 0x5a, 0xff, 0xa0, 0x60, 0x51, 0xff, 
0xc5, 0x84, 0x6f, 0xff, 0xba, 0x78, 0x67, 0xff, 0x6a, 0x30, 0x2a, 0xff, 0x5e, 0x33, 0x2f, 0xff, 
0x5c, 0x36, 0x31, 0xff, 0x60, 0x3a, 0x33, 0xff, 0x69, 0x3f, 0x39, 0xff, 0x61, 0x39, 0x36, 0xff, 
0x65, 0x30, 0x2d, 0xff, 0xb0, 0x6b, 0x5c, 0xff, 0xdc, 0x9f, 0x87, 0xff, 0xc6, 0x88, 0x72, 0xff, 
0xc3, 0x85, 0x72, 0xff, 0xc6, 0x8b, 0x78, 0xff, 0xaf, 0x71, 0x62, 0xff, 0xa6, 0x64, 0x56, 0xff, 
0xbd, 0x87, 0x76, 0xff, 0xda, 0xb1, 0x9e, 0xff, 0xd8, 0xb0, 0x9d, 0xff, 0xcc, 0xa0, 0x90, 0xff, 
0xb8, 0x86, 0x75, 0xff, 0xae, 0x72, 0x61, 0xff, 0xa9, 0x6b, 0x5c, 0xff, 0xa4, 0x68, 0x59, 0xff, 
0xa3, 0x69, 0x57, 0xff, 0xac, 0x77, 0x66, 0xff, 0xa4, 0x6d, 0x61, 0xff, 0x96, 0x5a, 0x4e, 0xff, 
0x96, 0x5c, 0x4e, 0xff, 0x9a, 0x5f, 0x51, 0xff, 0xa2, 0x65, 0x55, 0xff, 0xa3, 0x68, 0x58, 0xff, 
0xab, 0x70, 0x5e, 0xff, 0xad, 0x72, 0x60, 0xff, 0xad, 0x75, 0x62, 0xff, 0xb3, 0x79, 0x66, 0xff, 
0xb9, 0x7e, 0x6c, 0xff, 0xb4, 0x7b, 0x67, 0xff, 0xb9, 0x81, 0x6d, 0xff, 0xbf, 0x88, 0x74, 0xff, 
0xbc, 0x82, 0x6e, 0xff, 0xb2, 0x75, 0x63, 0xff, 0xbb, 0x7c, 0x6b, 0xff, 0xb6, 0x77, 0x65, 0xff, 
0xb2, 0x74, 0x62, 0xff, 0xb0, 0x74, 0x64, 0xff, 0xa8, 0x6c, 0x5c, 0xff, 0xa6, 0x6a, 0x59, 0xff, 
0xa3, 0x66, 0x56, 0xff, 0xa8, 0x6d, 0x5b, 0xff, 0xab, 0x72, 0x60, 0xff, 0xab, 0x6f, 0x5e, 0xff, 
0xa8, 0x6b, 0x58, 0xff, 0xaa, 0x70, 0x5c, 0xff, 0xbb, 0x82, 0x6b, 0xff, 0xbc, 0x82, 0x6c, 0xff, 
0x99, 0x5d, 0x50, 0xff, 0x8c, 0x51, 0x44, 0xff, 0xa8, 0x69, 0x57, 0xff, 0xac, 0x6d, 0x5c, 0xff, 
0xa2, 0x64, 0x54, 0xff, 0xa5, 0x67, 0x55, 0xff, 0x9e, 0x61, 0x51, 0xff, 0x92, 0x5b, 0x4c, 0xff, 
0x9f, 0x71, 0x5c, 0xff, 0xb7, 0x88, 0x71, 0xff, 0xb1, 0x83, 0x70, 0xff, 0x97, 0x69, 0x5a, 0xff, 
0x98, 0x63, 0x52, 0xff, 0x9d, 0x67, 0x55, 0xff, 0x9a, 0x68, 0x57, 0xff, 0x99, 0x66, 0x55, 0xff, 
0xa8, 0x76, 0x61, 0xff, 0xb0, 0x7e, 0x65, 0xff, 0xb5, 0x81, 0x6b, 0xff, 0xb7, 0x7e, 0x6a, 0xff, 
0xbe, 0x88, 0x72, 0xff, 0xb1, 0x78, 0x66, 0xff, 0xae, 0x75, 0x63, 0xff, 0xc2, 0x8a, 0x71, 0xff, 
0xc1, 0x82, 0x6c, 0xff, 0xb6, 0x7a, 0x64, 0xff, 0xae, 0x74, 0x61, 0xff, 0xb1, 0x7b, 0x64, 0xff, 
0xc1, 0x83, 0x6b, 0xff, 0xb4, 0x7a, 0x6f, 0xff, 0xc2, 0x8c, 0x80, 0xff, 0xca, 0x97, 0x89, 0xff, 
0xb0, 0x7f, 0x73, 0xff, 0xa9, 0x79, 0x69, 0xff, 0xa2, 0x71, 0x60, 0xff, 0x9e, 0x6d, 0x5b, 0xff, 
0x9a, 0x6d, 0x5b, 0xff, 0xae, 0x83, 0x74, 0xff, 0xaf, 0x85, 0x79, 0xff, 0x9d, 0x74, 0x68, 0xff, 
0x88, 0x63, 0x5a, 0xff, 0x7a, 0x59, 0x4f, 0xff, 0x69, 0x4d, 0x45, 0xff, 0x63, 0x41, 0x3a, 0xff, 
0x8b, 0x57, 0x4a, 0xff, 0x9c, 0x65, 0x55, 0xff, 0x94, 0x5b, 0x4d, 0xff, 0x93, 0x5e, 0x4f, 0xff, 
0x92, 0x60, 0x4f, 0xff, 0x93, 0x60, 0x4f, 0xff, 0x9c, 0x67, 0x59, 0xff, 0x9a, 0x64, 0x55, 0xff, 
0xa5, 0x6d, 0x5a, 0xff, 0xa7, 0x6b, 0x5a, 0xff, 0xb1, 0x73, 0x61, 0xff, 0xb6, 0x7c, 0x67, 0xff, 
0xa0, 0x73, 0x62, 0xff, 0xa6, 0x70, 0x5f, 0xff, 0xa9, 0x71, 0x5e, 0xff, 0x9a, 0x61, 0x52, 0xff, 
0x97, 0x5f, 0x51, 0xff, 0x8d, 0x5e, 0x51, 0xff, 0x93, 0x60, 0x53, 0xff, 0xb2, 0x7a, 0x68, 0xff, 
0x8d, 0x63, 0x57, 0xff, 0x72, 0x4c, 0x46, 0xff, 0x86, 0x58, 0x4e, 0xff, 0xad, 0x73, 0x62, 0xff, 
0xbd, 0x80, 0x6d, 0xff, 0xc0, 0x87, 0x75, 0xff, 0xc0, 0x8b, 0x76, 0xff, 0xbc, 0x83, 0x71, 0xff, 
0xa5, 0x72, 0x62, 0xff, 0xa5, 0x6f, 0x61, 0xff, 0xb0, 0x73, 0x66, 0xff, 0xb0, 0x75, 0x66, 0xff, 
0xa9, 0x70, 0x63, 0xff, 0xac, 0x73, 0x66, 0xff, 0xa9, 0x71, 0x65, 0xff, 0xa7, 0x6f, 0x63, 0xff, 
0xab, 0x75, 0x68, 0xff, 0xb2, 0x7a, 0x6a, 0xff, 0xb7, 0x7c, 0x6b, 0xff, 0xb6, 0x75, 0x65, 0xff, 
0xb7, 0x7c, 0x6c, 0xff, 0xb8, 0x7f, 0x6d, 0xff, 0xb1, 0x75, 0x62, 0xff, 0xb7, 0x7a, 0x67, 0xff, 
0xba, 0x82, 0x6d, 0xff, 0xb9, 0x88, 0x71, 0xff, 0xc1, 0x8d, 0x76, 0xff, 0xc4, 0x95, 0x7e, 0xff, 
0xc2, 0x97, 0x7f, 0xff, 0xca, 0xa0, 0x87, 0xff, 0xd4, 0xae, 0x95, 0xff, 0xd0, 0xaa, 0x91, 0xff, 
0xca, 0xa3, 0x8b, 0xff, 0xc7, 0x9c, 0x85, 0xff, 0xc6, 0x9a, 0x81, 0xff, 0xc8, 0x9d, 0x84, 0xff, 
0xc1, 0x95, 0x7f, 0xff, 0xbc, 0x8f, 0x79, 0xff, 0xb9, 0x8e, 0x76, 0xff, 0xbb, 0x8f, 0x78, 0xff, 
0xb6, 0x8a, 0x73, 0xff, 0xbc, 0x8f, 0x76, 0xff, 0xb5, 0x86, 0x71, 0xff, 0xac, 0x7a, 0x67, 0xff, 
0xaa, 0x72, 0x64, 0xff, 0xb8, 0x7f, 0x6f, 0xff, 0xc2, 0x89, 0x74, 0xff, 0xba, 0x7f, 0x6b, 0xff, 
0xb0, 0x76, 0x63, 0xff, 0xa8, 0x6e, 0x5b, 0xff, 0xab, 0x71, 0x5c, 0xff, 0xbf, 0x7b, 0x65, 0xff, 
0xbc, 0x76, 0x63, 0xff, 0xb3, 0x71, 0x61, 0xff, 0xb2, 0x6f, 0x5f, 0xff, 0xa6, 0x60, 0x54, 0xff, 
0xa2, 0x60, 0x52, 0xff, 0xa6, 0x67, 0x55, 0xff, 0xa8, 0x67, 0x58, 0xff, 0xa8, 0x6a, 0x5b, 0xff, 
0xb7, 0x76, 0x63, 0xff, 0xbe, 0x79, 0x67, 0xff, 0xa3, 0x63, 0x58, 0xff, 0x92, 0x57, 0x4a, 0xff, 
0x94, 0x5b, 0x50, 0xff, 0x9a, 0x62, 0x57, 0xff, 0xa6, 0x6b, 0x5f, 0xff, 0xa2, 0x67, 0x5b, 0xff, 
0xa2, 0x69, 0x5c, 0xff, 0xaf, 0x75, 0x64, 0xff, 0xbc, 0x7d, 0x6c, 0xff, 0xb0, 0x70, 0x61, 0xff, 
0xa4, 0x67, 0x5a, 0xff, 0xa0, 0x67, 0x58, 0xff, 0xaa, 0x6c, 0x60, 0xff, 0x8d, 0x56, 0x4c, 0xff, 
0x91, 0x59, 0x4c, 0xff, 0xaa, 0x6a, 0x5a, 0xff, 0x9f, 0x64, 0x53, 0xff, 0x92, 0x5a, 0x4a, 0xff, 
0x8f, 0x59, 0x4d, 0xff, 0x97, 0x61, 0x57, 0xff, 0x8f, 0x57, 0x4c, 0xff, 0x8c, 0x54, 0x49, 0xff, 
0x99, 0x61, 0x56, 0xff, 0xa4, 0x66, 0x59, 0xff, 0xa3, 0x64, 0x56, 0xff, 0xa1, 0x63, 0x57, 0xff, 
0xaa, 0x71, 0x61, 0xff, 0xa6, 0x75, 0x66, 0xff, 0x9b, 0x64, 0x57, 0xff, 0xa0, 0x64, 0x57, 0xff, 
0xaa, 0x75, 0x67, 0xff, 0xab, 0x71, 0x62, 0xff, 0xa1, 0x65, 0x58, 0xff, 0x9f, 0x68, 0x5c, 0xff, 
0x9c, 0x66, 0x58, 0xff, 0x9d, 0x66, 0x56, 0xff, 0xa7, 0x6d, 0x5e, 0xff, 0xa7, 0x6c, 0x5d, 0xff, 
0xa3, 0x68, 0x5b, 0xff, 0xa8, 0x6e, 0x60, 0xff, 0xa8, 0x6c, 0x5b, 0xff, 0xab, 0x6f, 0x5e, 0xff, 
0xba, 0x82, 0x71, 0xff, 0xc0, 0x91, 0x7e, 0xff, 0xba, 0x8c, 0x7a, 0xff, 0xbb, 0x8b, 0x78, 0xff, 
0xbb, 0x88, 0x74, 0xff, 0xbb, 0x82, 0x71, 0xff, 0xad, 0x75, 0x65, 0xff, 0xbe, 0x85, 0x71, 0xff, 
0xca, 0x93, 0x7d, 0xff, 0xb5, 0x81, 0x70, 0xff, 0xae, 0x75, 0x66, 0xff, 0xb5, 0x77, 0x65, 0xff, 
0xb2, 0x74, 0x65, 0xff, 0x9f, 0x64, 0x56, 0xff, 0x99, 0x5b, 0x50, 0xff, 0x8f, 0x58, 0x4c, 0xff, 
0x99, 0x61, 0x52, 0xff, 0x99, 0x63, 0x55, 0xff, 0x9b, 0x66, 0x58, 0xff, 0x8b, 0x57, 0x4c, 0xff, 
0x85, 0x59, 0x4e, 0xff, 0x8e, 0x67, 0x5b, 0xff, 0xb4, 0x85, 0x76, 0xff, 0xd9, 0xaa, 0x98, 0xff, 
0xb4, 0x87, 0x74, 0xff, 0x9b, 0x70, 0x5f, 0xff, 0xb5, 0x86, 0x72, 0xff, 0x9f, 0x6c, 0x5d, 0xff, 
0x86, 0x4e, 0x43, 0xff, 0x96, 0x5b, 0x4c, 0xff, 0xb7, 0x81, 0x6d, 0xff, 0xb8, 0x85, 0x71, 0xff, 
0xb3, 0x7a, 0x69, 0xff, 0xa4, 0x68, 0x59, 0xff, 0x7c, 0x45, 0x3e, 0xff, 0x5d, 0x2d, 0x29, 0xff, 
0x65, 0x36, 0x30, 0xff, 0x61, 0x2e, 0x28, 0xff, 0x61, 0x2c, 0x27, 0xff, 0x6b, 0x32, 0x2f, 0xff, 
0x77, 0x3d, 0x35, 0xff, 0x8f, 0x50, 0x44, 0xff, 0xb7, 0x7b, 0x68, 0xff, 0xe1, 0xac, 0x93, 0xff, 
0xe6, 0xb7, 0x9e, 0xff, 0xd8, 0xa6, 0x8f, 0xff, 0xc4, 0x89, 0x75, 0xff, 0xb5, 0x74, 0x62, 0xff, 
0xad, 0x6a, 0x59, 0xff, 0xad, 0x6a, 0x5a, 0xff, 0xb6, 0x80, 0x6f, 0xff, 0xce, 0xa6, 0x95, 0xff, 
0xc7, 0x9f, 0x8f, 0xff, 0xd0, 0xa8, 0x97, 0xff, 0xd1, 0xa5, 0x96, 0xff, 0xb1, 0x79, 0x6b, 0xff, 
0xac, 0x6e, 0x5f, 0xff, 0xac, 0x74, 0x66, 0xff, 0x9e, 0x64, 0x59, 0xff, 0x93, 0x55, 0x4b, 0xff, 
0xa3, 0x67, 0x58, 0xff, 0xa3, 0x64, 0x55, 0xff, 0xa0, 0x61, 0x53, 0xff, 0xac, 0x6c, 0x5d, 0xff, 
0xa8, 0x68, 0x5a, 0xff, 0xa0, 0x61, 0x53, 0xff, 0x9e, 0x61, 0x4f, 0xff, 0xa5, 0x69, 0x58, 0xff, 
0xbd, 0x81, 0x70, 0xff, 0xa8, 0x6c, 0x5b, 0xff, 0x9b, 0x5f, 0x4e, 0xff, 0xa5, 0x68, 0x57, 0xff, 
0xac, 0x71, 0x60, 0xff, 0xa7, 0x6e, 0x5a, 0xff, 0xaf, 0x76, 0x62, 0xff, 0xb2, 0x78, 0x64, 0xff, 
0xb6, 0x7b, 0x67, 0xff, 0xb6, 0x7c, 0x67, 0xff, 0xaf, 0x75, 0x61, 0xff, 0xad, 0x71, 0x5c, 0xff, 
0xa8, 0x6c, 0x57, 0xff, 0xa7, 0x6c, 0x57, 0xff, 0xaa, 0x6d, 0x57, 0xff, 0xac, 0x6e, 0x59, 0xff, 
0xab, 0x6d, 0x58, 0xff, 0xa3, 0x66, 0x52, 0xff, 0x9f, 0x66, 0x53, 0xff, 0xac, 0x73, 0x5e, 0xff, 
0xa6, 0x6e, 0x5b, 0xff, 0x83, 0x50, 0x47, 0xff, 0x95, 0x5e, 0x53, 0xff, 0x9e, 0x66, 0x57, 0xff, 
0xa0, 0x65, 0x56, 0xff, 0x98, 0x5c, 0x4c, 0xff, 0xa2, 0x69, 0x59, 0xff, 0xa1, 0x70, 0x5f, 0xff, 
0x9f, 0x72, 0x60, 0xff, 0xaf, 0x81, 0x6c, 0xff, 0xae, 0x7e, 0x69, 0xff, 0xaf, 0x7b, 0x67, 0xff, 
0xb6, 0x79, 0x65, 0xff, 0xb6, 0x78, 0x63, 0xff, 0xa5, 0x6f, 0x5c, 0xff, 0xa2, 0x6b, 0x58, 0xff, 
0xaa, 0x70, 0x5b, 0xff, 0xae, 0x74, 0x5f, 0xff, 0xbb, 0x7f, 0x6b, 0xff, 0xb2, 0x74, 0x62, 0xff, 
0xb1, 0x74, 0x62, 0xff, 0xbb, 0x7e, 0x6c, 0xff, 0xba, 0x83, 0x6a, 0xff, 0xbb, 0x83, 0x68, 0xff, 
0xbb, 0x7f, 0x64, 0xff, 0xbf, 0x84, 0x68, 0xff, 0xb4, 0x7b, 0x61, 0xff, 0xbf, 0x81, 0x68, 0xff, 
0xa5, 0x68, 0x5c, 0xff, 0xb3, 0x7b, 0x6f, 0xff, 0xad, 0x79, 0x6e, 0xff, 0x99, 0x6a, 0x61, 0xff, 
0x8e, 0x5d, 0x51, 0xff, 0x9a, 0x67, 0x58, 0xff, 0x92, 0x67, 0x58, 0xff, 0x9a, 0x6d, 0x5c, 0xff, 
0x9c, 0x6d, 0x5e, 0xff, 0xb3, 0x89, 0x7d, 0xff, 0xa5, 0x7c, 0x6f, 0xff, 0xa3, 0x78, 0x6c, 0xff, 
0x97, 0x71, 0x69, 0xff, 0x74, 0x55, 0x4d, 0xff, 0x65, 0x48, 0x42, 0xff, 0x79, 0x4e, 0x45, 0xff, 
0xa6, 0x6e, 0x5f, 0xff, 0x9c, 0x68, 0x58, 0xff, 0x92, 0x5f, 0x51, 0xff, 0x95, 0x61, 0x51, 0xff, 
0x99, 0x67, 0x57, 0xff, 0x90, 0x5f, 0x4f, 0xff, 0x94, 0x5c, 0x4e, 0xff, 0x94, 0x5b, 0x4d, 0xff, 
0x9c, 0x63, 0x51, 0xff, 0xa2, 0x67, 0x56, 0xff, 0xad, 0x6e, 0x5c, 0xff, 0x9c, 0x64, 0x53, 0xff, 
0x71, 0x49, 0x43, 0xff, 0x8e, 0x5a, 0x4e, 0xff, 0xac, 0x70, 0x5d, 0xff, 0x98, 0x5e, 0x51, 0xff, 
0x99, 0x61, 0x52, 0xff, 0xb1, 0x77, 0x64, 0xff, 0xbd, 0x86, 0x71, 0xff, 0xbb, 0x81, 0x6c, 0xff, 
0xac, 0x75, 0x63, 0xff, 0x98, 0x61, 0x53, 0xff, 0xa7, 0x6d, 0x5d, 0xff, 0xb6, 0x79, 0x66, 0xff, 
0xc0, 0x85, 0x6f, 0xff, 0xc2, 0x8b, 0x75, 0xff, 0xb6, 0x84, 0x6e, 0xff, 0xac, 0x7b, 0x67, 0xff, 
0xac, 0x77, 0x66, 0xff, 0xaf, 0x73, 0x64, 0xff, 0xb0, 0x6e, 0x61, 0xff, 0xaf, 0x6e, 0x60, 0xff, 
0xb5, 0x74, 0x67, 0xff, 0xb3, 0x72, 0x65, 0xff, 0xb0, 0x70, 0x62, 0xff, 0xb6, 0x75, 0x66, 0xff, 
0xb3, 0x70, 0x61, 0xff, 0xb2, 0x6f, 0x61, 0xff, 0xb0, 0x71, 0x64, 0xff, 0xad, 0x6e, 0x63, 0xff, 
0xb1, 0x70, 0x66, 0xff, 0xb1, 0x72, 0x65, 0xff, 0xb2, 0x74, 0x66, 0xff, 0xb5, 0x77, 0x68, 0xff, 
0xaf, 0x6e, 0x61, 0xff, 0xaa, 0x6a, 0x5d, 0xff, 0xab, 0x6d, 0x5e, 0xff, 0xae, 0x76, 0x64, 0xff, 
0xae, 0x7a, 0x67, 0xff, 0xb0, 0x7e, 0x69, 0xff, 0xbc, 0x8c, 0x76, 0xff, 0xbb, 0x8b, 0x75, 0xff, 
0xbc, 0x8c, 0x73, 0xff, 0xb4, 0x83, 0x6c, 0xff, 0xb5, 0x87, 0x6f, 0xff, 0xbc, 0x8f, 0x76, 0xff, 
0xb4, 0x85, 0x6d, 0xff, 0xc0, 0x8f, 0x77, 0xff, 0xbd, 0x8c, 0x75, 0xff, 0xbb, 0x8e, 0x76, 0xff, 
0xb7, 0x87, 0x71, 0xff, 0xac, 0x7a, 0x66, 0xff, 0xb1, 0x76, 0x66, 0xff, 0xb7, 0x78, 0x69, 0xff, 
0xbe, 0x7e, 0x6d, 0xff, 0xc0, 0x7f, 0x6d, 0xff, 0xb5, 0x70, 0x62, 0xff, 0xa8, 0x66, 0x54, 0xff, 
0xa7, 0x64, 0x51, 0xff, 0xae, 0x65, 0x56, 0xff, 0xab, 0x63, 0x52, 0xff, 0xae, 0x69, 0x58, 0xff, 
0xb7, 0x6e, 0x60, 0xff, 0xac, 0x65, 0x57, 0xff, 0xa2, 0x5e, 0x50, 0xff, 0xac, 0x63, 0x54, 0xff, 
0xaa, 0x66, 0x51, 0xff, 0xab, 0x69, 0x54, 0xff, 0xad, 0x70, 0x61, 0xff, 0xaf, 0x75, 0x64, 0xff, 
0xc6, 0x81, 0x70, 0xff, 0xb8, 0x79, 0x6b, 0xff, 0x9a, 0x63, 0x56, 0xff, 0x90, 0x58, 0x4d, 0xff, 
0x94, 0x60, 0x52, 0xff, 0xa4, 0x6b, 0x5e, 0xff, 0xa4, 0x68, 0x5c, 0xff, 0xa3, 0x6a, 0x5d, 0xff, 
0xac, 0x74, 0x66, 0xff, 0xa6, 0x6c, 0x5e, 0xff, 0xab, 0x6c, 0x5f, 0xff, 0xa9, 0x6c, 0x60, 0xff, 
0x9b, 0x64, 0x57, 0xff, 0x9f, 0x65, 0x58, 0xff, 0x94, 0x5e, 0x51, 0xff, 0x8c, 0x57, 0x4b, 0xff, 
0x94, 0x5b, 0x50, 0xff, 0x97, 0x5e, 0x53, 0xff, 0x9c, 0x65, 0x58, 0xff, 0xa4, 0x6e, 0x5d, 0xff, 
0x97, 0x5d, 0x51, 0xff, 0xa6, 0x6a, 0x5d, 0xff, 0x91, 0x57, 0x4c, 0xff, 0x8e, 0x5a, 0x4e, 0xff, 
0x97, 0x5f, 0x53, 0xff, 0xa0, 0x64, 0x58, 0xff, 0xa3, 0x68, 0x5b, 0xff, 0xa3, 0x65, 0x58, 0xff, 
0xaa, 0x6d, 0x5d, 0xff, 0xa0, 0x67, 0x5b, 0xff, 0x9c, 0x63, 0x55, 0xff, 0xa2, 0x6a, 0x5a, 0xff, 
0xa0, 0x69, 0x5c, 0xff, 0xa7, 0x73, 0x65, 0xff, 0x9f, 0x67, 0x58, 0xff, 0x8e, 0x5c, 0x51, 0xff, 
0x9b, 0x6b, 0x5d, 0xff, 0x89, 0x5c, 0x53, 0xff, 0x88, 0x59, 0x4f, 0xff, 0x94, 0x62, 0x57, 0xff, 
0x92, 0x62, 0x54, 0xff, 0xa4, 0x6a, 0x5d, 0xff, 0xaf, 0x75, 0x67, 0xff, 0x9e, 0x6d, 0x5f, 0xff, 
0x9d, 0x6a, 0x5e, 0xff, 0xae, 0x7f, 0x70, 0xff, 0xc6, 0x94, 0x7d, 0xff, 0xae, 0x7c, 0x6b, 0xff, 
0xb0, 0x81, 0x72, 0xff, 0xc7, 0x98, 0x87, 0xff, 0xc4, 0x93, 0x82, 0xff, 0xb9, 0x83, 0x71, 0xff, 
0xc0, 0x87, 0x73, 0xff, 0xb9, 0x81, 0x6e, 0xff, 0xb9, 0x82, 0x6e, 0xff, 0xbc, 0x82, 0x6d, 0xff, 
0xad, 0x6d, 0x5a, 0xff, 0xaa, 0x6b, 0x5b, 0xff, 0xad, 0x71, 0x60, 0xff, 0xa2, 0x68, 0x58, 0xff, 
0x8a, 0x55, 0x48, 0xff, 0x74, 0x47, 0x3e, 0xff, 0x88, 0x57, 0x48, 0xff, 0x83, 0x52, 0x43, 0xff, 
0x73, 0x4d, 0x43, 0xff, 0x75, 0x57, 0x50, 0xff, 0x91, 0x69, 0x5c, 0xff, 0x8e, 0x63, 0x54, 0xff, 
0xbd, 0x90, 0x7e, 0xff, 0xa6, 0x77, 0x67, 0xff, 0x99, 0x68, 0x57, 0xff, 0xa5, 0x74, 0x60, 0xff, 
0x8f, 0x59, 0x49, 0xff, 0x72, 0x3f, 0x33, 0xff, 0x7c, 0x4b, 0x3d, 0xff, 0x9d, 0x68, 0x58, 0xff, 
0xa5, 0x73, 0x60, 0xff, 0xc4, 0x90, 0x79, 0xff, 0xcc, 0x96, 0x80, 0xff, 0xb6, 0x81, 0x6e, 0xff, 
0xba, 0x82, 0x6d, 0xff, 0xba, 0x83, 0x6e, 0xff, 0xb9, 0x81, 0x6f, 0xff, 0xb2, 0x75, 0x64, 0xff, 
0xac, 0x70, 0x5f, 0xff, 0xb8, 0x7f, 0x6d, 0xff, 0xba, 0x83, 0x71, 0xff, 0xb9, 0x82, 0x6f, 0xff, 
0xc5, 0x90, 0x7b, 0xff, 0xc3, 0x8d, 0x7a, 0xff, 0xcd, 0x98, 0x83, 0xff, 0xd1, 0x9a, 0x86, 0xff, 
0xcb, 0x94, 0x80, 0xff, 0xcc, 0x94, 0x80, 0xff, 0xc1, 0x89, 0x75, 0xff, 0xb3, 0x78, 0x64, 0xff, 
0xb1, 0x75, 0x63, 0xff, 0xc7, 0x94, 0x82, 0xff, 0xd7, 0xab, 0x96, 0xff, 0xd5, 0xaa, 0x94, 0xff, 
0xd5, 0xa5, 0x91, 0xff, 0xd3, 0xa4, 0x90, 0xff, 0xcd, 0xa1, 0x8e, 0xff, 0xc8, 0x9e, 0x8a, 0xff, 
0xb6, 0x87, 0x74, 0xff, 0xa3, 0x6d, 0x5d, 0xff, 0x9e, 0x64, 0x57, 0xff, 0xa4, 0x68, 0x5a, 0xff, 
0xaa, 0x6c, 0x5a, 0xff, 0xb6, 0x76, 0x63, 0xff, 0xac, 0x6d, 0x5a, 0xff, 0xb1, 0x75, 0x61, 0xff, 
0xae, 0x74, 0x60, 0xff, 0x9f, 0x65, 0x54, 0xff, 0xa1, 0x66, 0x56, 0xff, 0xa3, 0x69, 0x59, 0xff, 
0xa8, 0x6d, 0x5d, 0xff, 0xac, 0x72, 0x61, 0xff, 0xa8, 0x72, 0x62, 0xff, 0xac, 0x78, 0x67, 0xff, 
0xb0, 0x7a, 0x66, 0xff, 0xb6, 0x7e, 0x68, 0xff, 0xb5, 0x7e, 0x68, 0xff, 0xa6, 0x72, 0x5e, 0xff, 
0xa7, 0x72, 0x5d, 0xff, 0xb5, 0x7a, 0x64, 0xff, 0xb8, 0x7b, 0x63, 0xff, 0xab, 0x71, 0x59, 0xff, 
0xb1, 0x74, 0x5f, 0xff, 0xa5, 0x6f, 0x5a, 0xff, 0x9e, 0x67, 0x52, 0xff, 0xb2, 0x73, 0x5a, 0xff, 
0xa6, 0x6c, 0x55, 0xff, 0x93, 0x60, 0x50, 0xff, 0x99, 0x63, 0x54, 0xff, 0x9f, 0x66, 0x55, 0xff, 
0x81, 0x51, 0x46, 0xff, 0x7e, 0x52, 0x46, 0xff, 0xa5, 0x74, 0x61, 0xff, 0xb2, 0x7e, 0x68, 0xff, 
0x9a, 0x67, 0x55, 0xff, 0xa3, 0x6c, 0x5a, 0xff, 0xa3, 0x68, 0x55, 0xff, 0xa8, 0x6b, 0x58, 0xff, 
0xae, 0x75, 0x62, 0xff, 0xa9, 0x71, 0x5d, 0xff, 0xaa, 0x72, 0x5f, 0xff, 0xa7, 0x70, 0x5c, 0xff, 
0xaf, 0x73, 0x5c, 0xff, 0xab, 0x6c, 0x5a, 0xff, 0xad, 0x6e, 0x58, 0xff, 0xa8, 0x6a, 0x58, 0xff, 
0x9b, 0x5b, 0x4f, 0xff, 0xa0, 0x62, 0x4c, 0xff, 0xb3, 0x78, 0x61, 0xff, 0xb1, 0x73, 0x5f, 0xff, 
0xa3, 0x60, 0x4b, 0xff, 0xa7, 0x64, 0x50, 0xff, 0xba, 0x7c, 0x6a, 0xff, 0xb5, 0x76, 0x68, 0xff, 
0x9a, 0x5b, 0x4f, 0xff, 0x9b, 0x5b, 0x48, 0xff, 0x94, 0x59, 0x48, 0xff, 0x81, 0x51, 0x44, 0xff, 
0x90, 0x5a, 0x4b, 0xff, 0xaa, 0x6d, 0x5c, 0xff, 0xa1, 0x6d, 0x5d, 0xff, 0x9d, 0x6a, 0x59, 0xff, 
0xa5, 0x6f, 0x5d, 0xff, 0xa0, 0x6d, 0x5c, 0xff, 0x87, 0x59, 0x4d, 0xff, 0x76, 0x4d, 0x45, 0xff, 
0x7d, 0x5b, 0x54, 0xff, 0x90, 0x6c, 0x64, 0xff, 0x93, 0x64, 0x57, 0xff, 0x98, 0x63, 0x54, 0xff, 
0x89, 0x5e, 0x54, 0xff, 0x73, 0x50, 0x46, 0xff, 0x7d, 0x50, 0x45, 0xff, 0x97, 0x61, 0x50, 0xff, 
0xa1, 0x6c, 0x5a, 0xff, 0xa1, 0x6d, 0x5e, 0xff, 0x95, 0x63, 0x53, 0xff, 0x93, 0x5d, 0x4f, 0xff, 
0x9d, 0x61, 0x53, 0xff, 0x9c, 0x63, 0x53, 0xff, 0xa0, 0x64, 0x51, 0xff, 0xaf, 0x70, 0x5f, 0xff, 
0xaa, 0x6b, 0x5a, 0xff, 0xad, 0x72, 0x5f, 0xff, 0xa4, 0x6a, 0x59, 0xff, 0xa1, 0x67, 0x58, 0xff, 
0xa3, 0x6c, 0x5d, 0xff, 0xa3, 0x69, 0x58, 0xff, 0xb9, 0x80, 0x6b, 0xff, 0xb8, 0x80, 0x6b, 0xff, 
0xc0, 0x87, 0x70, 0xff, 0xc4, 0x88, 0x72, 0xff, 0xb8, 0x7c, 0x68, 0xff, 0xb9, 0x80, 0x6b, 0xff, 
0xb9, 0x7d, 0x69, 0xff, 0xc2, 0x89, 0x71, 0xff, 0xc0, 0x8b, 0x75, 0xff, 0xba, 0x85, 0x70, 0xff, 
0xb5, 0x7c, 0x67, 0xff, 0xa2, 0x69, 0x59, 0xff, 0x98, 0x61, 0x52, 0xff, 0x9a, 0x63, 0x54, 0xff, 
0xa2, 0x6b, 0x5c, 0xff, 0xa4, 0x67, 0x59, 0xff, 0xa4, 0x61, 0x55, 0xff, 0xae, 0x68, 0x5b, 0xff, 
0xb5, 0x70, 0x62, 0xff, 0xb1, 0x6f, 0x61, 0xff, 0xa7, 0x69, 0x5f, 0xff, 0xaa, 0x6e, 0x64, 0xff, 
0xa9, 0x6f, 0x63, 0xff, 0xa2, 0x68, 0x59, 0xff, 0xa1, 0x67, 0x5a, 0xff, 0xa8, 0x6c, 0x60, 0xff, 
0xaa, 0x6c, 0x60, 0xff, 0xaa, 0x6a, 0x5e, 0xff, 0xa6, 0x68, 0x5b, 0xff, 0xa2, 0x64, 0x57, 0xff, 
0xa0, 0x61, 0x56, 0xff, 0xa0, 0x5f, 0x53, 0xff, 0xa0, 0x5c, 0x50, 0xff, 0x9e, 0x5b, 0x4d, 0xff, 
0xa2, 0x62, 0x51, 0xff, 0xa7, 0x6a, 0x58, 0xff, 0xa6, 0x67, 0x59, 0xff, 0xa7, 0x6c, 0x5d, 0xff, 
0xaa, 0x6e, 0x5f, 0xff, 0xb0, 0x6e, 0x61, 0xff, 0xae, 0x6b, 0x5f, 0xff, 0xab, 0x6c, 0x5d, 0xff, 
0xae, 0x6a, 0x5d, 0xff, 0xaf, 0x67, 0x5c, 0xff, 0xb9, 0x70, 0x64, 0xff, 0xb7, 0x70, 0x62, 0xff, 
0xaf, 0x6d, 0x5e, 0xff, 0xa5, 0x66, 0x58, 0xff, 0x9d, 0x5b, 0x4d, 0xff, 0xa5, 0x62, 0x51, 0xff, 
0xa9, 0x66, 0x55, 0xff, 0xab, 0x67, 0x57, 0xff, 0xae, 0x6b, 0x5b, 0xff, 0xad, 0x6c, 0x5b, 0xff, 
0xb0, 0x6e, 0x5d, 0xff, 0xac, 0x66, 0x57, 0xff, 0xa1, 0x60, 0x52, 0xff, 0xa4, 0x6a, 0x5a, 0xff, 
0xa9, 0x68, 0x5a, 0xff, 0xb8, 0x72, 0x65, 0xff, 0xb5, 0x76, 0x68, 0xff, 0xb5, 0x7d, 0x6e, 0xff, 
0xb8, 0x7f, 0x71, 0xff, 0xa8, 0x6f, 0x64, 0xff, 0xa4, 0x6d, 0x60, 0xff, 0x97, 0x65, 0x58, 0xff, 
0x8e, 0x5d, 0x50, 0xff, 0xa7, 0x71, 0x62, 0xff, 0xa8, 0x70, 0x62, 0xff, 0xa8, 0x6e, 0x60, 0xff, 
0xa6, 0x6a, 0x5c, 0xff, 0xa2, 0x65, 0x58, 0xff, 0x9e, 0x61, 0x53, 0xff, 0xa7, 0x68, 0x5b, 0xff, 
0x9f, 0x65, 0x57, 0xff, 0x9b, 0x62, 0x55, 0xff, 0x97, 0x5f, 0x54, 0xff, 0x8d, 0x5a, 0x4f, 0xff, 
0x91, 0x5d, 0x54, 0xff, 0x8f, 0x58, 0x4d, 0xff, 0xad, 0x76, 0x65, 0xff, 0xa2, 0x6d, 0x5e, 0xff, 
0x81, 0x4c, 0x44, 0xff, 0x88, 0x55, 0x4a, 0xff, 0x89, 0x58, 0x4d, 0xff, 0x80, 0x4c, 0x41, 0xff, 
0x85, 0x4f, 0x43, 0xff, 0x95, 0x60, 0x53, 0xff, 0xa1, 0x69, 0x5c, 0xff, 0x9f, 0x6a, 0x5d, 0xff, 
0xa9, 0x72, 0x64, 0xff, 0xac, 0x71, 0x62, 0xff, 0xab, 0x72, 0x62, 0xff, 0xab, 0x72, 0x61, 0xff, 
0xaa, 0x6e, 0x5e, 0xff, 0xa6, 0x6e, 0x60, 0xff, 0xa8, 0x6e, 0x62, 0xff, 0x9c, 0x65, 0x56, 0xff, 
0xa1, 0x68, 0x58, 0xff, 0x98, 0x5f, 0x52, 0xff, 0xa6, 0x6a, 0x59, 0xff, 0xa4, 0x6c, 0x5d, 0xff, 
0xb7, 0x86, 0x70, 0xff, 0xba, 0x7f, 0x69, 0xff, 0xbc, 0x7d, 0x6b, 0xff, 0xc9, 0x97, 0x83, 0xff, 
0xb0, 0x81, 0x6c, 0xff, 0xbe, 0x8b, 0x75, 0xff, 0xc2, 0x93, 0x7e, 0xff, 0xbd, 0x8d, 0x76, 0xff, 
0xc5, 0x95, 0x7e, 0xff, 0xc8, 0x9b, 0x83, 0xff, 0xd2, 0xa4, 0x8c, 0xff, 0xb2, 0x7d, 0x6c, 0xff, 
0xa4, 0x70, 0x60, 0xff, 0xad, 0x78, 0x65, 0xff, 0xb6, 0x7c, 0x69, 0xff, 0xcb, 0x97, 0x81, 0xff, 
0xbc, 0x80, 0x6d, 0xff, 0xa2, 0x65, 0x56, 0xff, 0xa6, 0x6a, 0x5d, 0xff, 0x94, 0x5b, 0x4f, 0xff, 
0x7e, 0x4c, 0x42, 0xff, 0x83, 0x52, 0x4a, 0xff, 0x6c, 0x45, 0x3c, 0xff, 0x58, 0x34, 0x27, 0xff, 
0x7e, 0x53, 0x46, 0xff, 0x97, 0x68, 0x58, 0xff, 0x8a, 0x61, 0x53, 0xff, 0x8c, 0x5e, 0x4f, 0xff, 
0x9c, 0x6a, 0x59, 0xff, 0xab, 0x77, 0x61, 0xff, 0x93, 0x63, 0x50, 0xff, 0x7f, 0x51, 0x42, 0xff, 
0x8d, 0x56, 0x49, 0xff, 0x88, 0x53, 0x44, 0xff, 0x50, 0x2d, 0x27, 0xff, 0x79, 0x4c, 0x40, 0xff, 
0x99, 0x65, 0x52, 0xff, 0x87, 0x57, 0x47, 0xff, 0x9b, 0x6a, 0x57, 0xff, 0xbd, 0x88, 0x74, 0xff, 
0xc9, 0x93, 0x7c, 0xff, 0xd2, 0x9c, 0x82, 0xff, 0xd8, 0xa3, 0x88, 0xff, 0xcc, 0x97, 0x7e, 0xff, 
0xc2, 0x8d, 0x78, 0xff, 0xbe, 0x87, 0x74, 0xff, 0xb6, 0x79, 0x66, 0xff, 0xab, 0x6e, 0x5d, 0xff, 
0xac, 0x72, 0x62, 0xff, 0xb2, 0x7a, 0x6a, 0xff, 0xad, 0x78, 0x65, 0xff, 0xb1, 0x7e, 0x6a, 0xff, 
0xac, 0x7a, 0x64, 0xff, 0xbc, 0x8d, 0x76, 0xff, 0xd0, 0x9e, 0x89, 0xff, 0xbf, 0x88, 0x74, 0xff, 
0xbe, 0x86, 0x72, 0xff, 0xbe, 0x86, 0x72, 0xff, 0xb2, 0x7a, 0x66, 0xff, 0xab, 0x78, 0x64, 0xff, 
0xae, 0x7c, 0x66, 0xff, 0xb9, 0x84, 0x6c, 0xff, 0xb9, 0x84, 0x6c, 0xff, 0xb3, 0x7f, 0x69, 0xff, 
0xaa, 0x79, 0x67, 0xff, 0xb0, 0x7f, 0x6e, 0xff, 0xa7, 0x73, 0x64, 0xff, 0xa2, 0x70, 0x5f, 0xff, 
0xa5, 0x71, 0x5d, 0xff, 0xb0, 0x7b, 0x69, 0xff, 0xae, 0x7b, 0x69, 0xff, 0xab, 0x7b, 0x6a, 0xff, 
0xa3, 0x73, 0x64, 0xff, 0xab, 0x7a, 0x68, 0xff, 0xb0, 0x7b, 0x66, 0xff, 0xab, 0x79, 0x66, 0xff, 
0xb1, 0x82, 0x6f, 0xff, 0xb0, 0x80, 0x6f, 0xff, 0xb2, 0x80, 0x6e, 0xff, 0xb1, 0x7f, 0x69, 0xff, 
0xab, 0x7a, 0x64, 0xff, 0xb1, 0x7d, 0x65, 0xff, 0xb9, 0x80, 0x68, 0xff, 0xb3, 0x7f, 0x65, 0xff, 
0xad, 0x7a, 0x61, 0xff, 0xb9, 0x7e, 0x67, 0xff, 0xc7, 0x88, 0x6f, 0xff, 0xbd, 0x85, 0x6d, 0xff, 
0xae, 0x76, 0x60, 0xff, 0xaf, 0x76, 0x60, 0xff, 0xb6, 0x78, 0x61, 0xff, 0xaf, 0x72, 0x5c, 0xff, 
0xaa, 0x72, 0x5c, 0xff, 0xaf, 0x75, 0x5e, 0xff, 0xa3, 0x69, 0x54, 0xff, 0x9d, 0x65, 0x52, 0xff, 
0x82, 0x51, 0x46, 0xff, 0x88, 0x56, 0x49, 0xff, 0x95, 0x63, 0x50, 0xff, 0x97, 0x64, 0x50, 0xff, 
0xa0, 0x67, 0x54, 0xff, 0xa7, 0x69, 0x56, 0xff, 0x9e, 0x66, 0x52, 0xff, 0xb1, 0x76, 0x60, 0xff, 
0xb8, 0x7e, 0x66, 0xff, 0xa6, 0x6c, 0x55, 0xff, 0x9b, 0x60, 0x4c, 0xff, 0x9e, 0x65, 0x52, 0xff, 
0xa5, 0x6c, 0x56, 0xff, 0xb2, 0x76, 0x5d, 0xff, 0xb6, 0x79, 0x64, 0xff, 0xb4, 0x75, 0x61, 0xff, 
0xb0, 0x6c, 0x54, 0xff, 0xb3, 0x72, 0x5e, 0xff, 0xbe, 0x7d, 0x6b, 0xff, 0xb7, 0x6e, 0x5c, 0xff, 
0xab, 0x61, 0x50, 0xff, 0xaf, 0x6a, 0x5e, 0xff, 0xb6, 0x7c, 0x71, 0xff, 0xaa, 0x6f, 0x66, 0xff, 
0x9f, 0x5a, 0x49, 0xff, 0x95, 0x51, 0x40, 0xff, 0x8d, 0x4e, 0x3b, 0xff, 0x95, 0x57, 0x44, 0xff, 
0x9b, 0x5d, 0x4d, 0xff, 0x93, 0x56, 0x47, 0xff, 0xa2, 0x65, 0x52, 0xff, 0xa6, 0x6c, 0x59, 0xff, 
0xa1, 0x68, 0x56, 0xff, 0x9e, 0x66, 0x55, 0xff, 0x97, 0x67, 0x58, 0xff, 0x91, 0x63, 0x58, 0xff, 
0x84, 0x5b, 0x51, 0xff, 0x8c, 0x5f, 0x56, 0xff, 0x96, 0x65, 0x58, 0xff, 0x82, 0x54, 0x47, 0xff, 
0x66, 0x41, 0x38, 0xff, 0x60, 0x46, 0x40, 0xff, 0x71, 0x4a, 0x42, 0xff, 0xa2, 0x69, 0x59, 0xff, 
0xa7, 0x6b, 0x59, 0xff, 0xa4, 0x68, 0x58, 0xff, 0x9e, 0x68, 0x58, 0xff, 0x91, 0x5f, 0x50, 0xff, 
0x8d, 0x59, 0x4e, 0xff, 0x9d, 0x61, 0x50, 0xff, 0xb4, 0x75, 0x5f, 0xff, 0xc3, 0x82, 0x6e, 0xff, 
0xba, 0x7a, 0x65, 0xff, 0xb7, 0x79, 0x64, 0xff, 0xa3, 0x6d, 0x5c, 0xff, 0xac, 0x73, 0x62, 0xff, 
0xb0, 0x76, 0x64, 0xff, 0xa5, 0x6d, 0x5d, 0xff, 0xbb, 0x85, 0x6f, 0xff, 0xbc, 0x82, 0x6d, 0xff, 
0xca, 0x94, 0x7b, 0xff, 0xd0, 0x9c, 0x82, 0xff, 0xc8, 0x91, 0x7b, 0xff, 0xc7, 0x8c, 0x74, 0xff, 
0xbf, 0x81, 0x6b, 0xff, 0xc9, 0x90, 0x79, 0xff, 0xb9, 0x82, 0x6e, 0xff, 0x9d, 0x6a, 0x59, 0xff, 
0x98, 0x69, 0x56, 0xff, 0x90, 0x5e, 0x4e, 0xff, 0x78, 0x50, 0x41, 0xff, 0x7f, 0x54, 0x46, 0xff, 
0x92, 0x60, 0x52, 0xff, 0x94, 0x5d, 0x52, 0xff, 0x96, 0x59, 0x51, 0xff, 0x9e, 0x61, 0x56, 0xff, 
0xa4, 0x67, 0x5a, 0xff, 0xac, 0x6d, 0x5d, 0xff, 0xb3, 0x70, 0x62, 0xff, 0xb9, 0x71, 0x66, 0xff, 
0xb2, 0x6c, 0x62, 0xff, 0xad, 0x6a, 0x5e, 0xff, 0xaf, 0x6d, 0x61, 0xff, 0xac, 0x6a, 0x5f, 0xff, 
0xa9, 0x67, 0x5b, 0xff, 0xa5, 0x62, 0x58, 0xff, 0xa6, 0x63, 0x5b, 0xff, 0xa5, 0x69, 0x5f, 0xff, 
0xac, 0x70, 0x63, 0xff, 0xb0, 0x72, 0x63, 0xff, 0xb5, 0x77, 0x67, 0xff, 0xbf, 0x80, 0x75, 0xff, 
0xc0, 0x85, 0x79, 0xff, 0xb9, 0x7f, 0x73, 0xff, 0xb4, 0x76, 0x6a, 0xff, 0xb5, 0x77, 0x6b, 0xff, 
0xbf, 0x7c, 0x71, 0xff, 0xb6, 0x74, 0x68, 0xff, 0xb3, 0x71, 0x65, 0xff, 0xb6, 0x75, 0x67, 0xff, 
0xba, 0x79, 0x6a, 0xff, 0xb9, 0x76, 0x67, 0xff, 0xb0, 0x6e, 0x5f, 0xff, 0xb0, 0x72, 0x62, 0xff, 
0xb2, 0x74, 0x65, 0xff, 0xa7, 0x68, 0x58, 0xff, 0xa8, 0x64, 0x52, 0xff, 0xac, 0x68, 0x56, 0xff, 
0xb2, 0x6e, 0x5e, 0xff, 0xaf, 0x6b, 0x5c, 0xff, 0xb0, 0x6b, 0x5c, 0xff, 0xb1, 0x6d, 0x5e, 0xff, 
0xb0, 0x6c, 0x5d, 0xff, 0xaa, 0x68, 0x57, 0xff, 0xb0, 0x6f, 0x5f, 0xff, 0xb0, 0x75, 0x66, 0xff, 
0xaf, 0x73, 0x64, 0xff, 0xaa, 0x6f, 0x62, 0xff, 0x9d, 0x63, 0x57, 0xff, 0xa5, 0x69, 0x5f, 0xff, 
0xa6, 0x6c, 0x61, 0xff, 0xa4, 0x69, 0x5f, 0xff, 0xb0, 0x76, 0x6b, 0xff, 0x9d, 0x66, 0x5a, 0xff, 
0x8a, 0x54, 0x48, 0xff, 0x99, 0x60, 0x53, 0xff, 0xa6, 0x6d, 0x5e, 0xff, 0xa7, 0x6e, 0x60, 0xff, 
0x9b, 0x63, 0x55, 0xff, 0xa6, 0x70, 0x63, 0xff, 0xac, 0x77, 0x6c, 0xff, 0xa0, 0x67, 0x5a, 0xff, 
0x9e, 0x65, 0x57, 0xff, 0xa0, 0x68, 0x59, 0xff, 0xb1, 0x7c, 0x6b, 0xff, 0xb5, 0x80, 0x6f, 0xff, 
0xa8, 0x6e, 0x5f, 0xff, 0x97, 0x5c, 0x4f, 0xff, 0x9d, 0x66, 0x55, 0xff, 0x9a, 0x62, 0x55, 0xff, 
0x89, 0x51, 0x47, 0xff, 0x92, 0x59, 0x4c, 0xff, 0x8e, 0x5c, 0x50, 0xff, 0x84, 0x54, 0x48, 0xff, 
0x8d, 0x58, 0x4b, 0xff, 0x98, 0x61, 0x54, 0xff, 0xa1, 0x6c, 0x5f, 0xff, 0xa6, 0x6e, 0x60, 0xff, 
0xab, 0x73, 0x65, 0xff, 0xb1, 0x7c, 0x6d, 0xff, 0xb3, 0x7d, 0x6f, 0xff, 0xb8, 0x82, 0x71, 0xff, 
0xae, 0x70, 0x5e, 0xff, 0xa2, 0x63, 0x51, 0xff, 0xa4, 0x69, 0x58, 0xff, 0xa6, 0x6d, 0x5b, 0xff, 
0xb0, 0x74, 0x60, 0xff, 0xbd, 0x7f, 0x68, 0xff, 0xd4, 0x9b, 0x7f, 0xff, 0xce, 0x97, 0x7d, 0xff, 
0xd4, 0xa0, 0x86, 0xff, 0xbf, 0x90, 0x78, 0xff, 0xb2, 0x7b, 0x66, 0xff, 0xc8, 0x97, 0x83, 0xff, 
0xdd, 0xb4, 0x9b, 0xff, 0xde, 0xb2, 0x99, 0xff, 0xc1, 0x97, 0x84, 0xff, 0xd5, 0xa5, 0x8b, 0xff, 
0xd4, 0xa4, 0x8c, 0xff, 0xd7, 0xab, 0x97, 0xff, 0xdf, 0xb6, 0x9e, 0xff, 0xd4, 0xa6, 0x8d, 0xff, 
0xc9, 0x96, 0x7d, 0xff, 0xc7, 0x91, 0x7b, 0xff, 0xbf, 0x86, 0x72, 0xff, 0xb9, 0x83, 0x6d, 0xff, 
0xad, 0x77, 0x64, 0xff, 0xa4, 0x6b, 0x5b, 0xff, 0x97, 0x60, 0x53, 0xff, 0x92, 0x60, 0x50, 0xff, 
0x97, 0x63, 0x54, 0xff, 0x90, 0x59, 0x4f, 0xff, 0x82, 0x4f, 0x46, 0xff, 0x7c, 0x4b, 0x40, 0xff, 
0x85, 0x53, 0x44, 0xff, 0x7e, 0x53, 0x42, 0xff, 0x90, 0x60, 0x50, 0xff, 0x96, 0x62, 0x50, 0xff, 
0x84, 0x55, 0x44, 0xff, 0x90, 0x60, 0x4c, 0xff, 0x9c, 0x69, 0x57, 0xff, 0x86, 0x56, 0x48, 0xff, 
0x82, 0x57, 0x45, 0xff, 0x74, 0x4a, 0x3c, 0xff, 0x65, 0x41, 0x3c, 0xff, 0x9a, 0x67, 0x5a, 0xff, 
0x95, 0x5f, 0x4e, 0xff, 0x70, 0x44, 0x35, 0xff, 0x6f, 0x45, 0x37, 0xff, 0x84, 0x54, 0x46, 0xff, 
0xac, 0x75, 0x62, 0xff, 0xbd, 0x86, 0x70, 0xff, 0xa1, 0x6c, 0x57, 0xff, 0x93, 0x63, 0x4f, 0xff, 
0xa2, 0x71, 0x5f, 0xff, 0xaf, 0x7d, 0x6a, 0xff, 0xa3, 0x6d, 0x58, 0xff, 0xab, 0x70, 0x5c, 0xff, 
0xb1, 0x78, 0x64, 0xff, 0xac, 0x76, 0x62, 0xff, 0xa8, 0x73, 0x60, 0xff, 0xa9, 0x72, 0x60, 0xff, 
0xa8, 0x76, 0x61, 0xff, 0xa3, 0x72, 0x5d, 0xff, 0xb6, 0x7e, 0x68, 0xff, 0xc9, 0x92, 0x7c, 0xff, 
0xc5, 0x92, 0x7f, 0xff, 0xbd, 0x87, 0x76, 0xff, 0xbf, 0x87, 0x76, 0xff, 0xb1, 0x7d, 0x6a, 0xff, 
0xa1, 0x6e, 0x5b, 0xff, 0xa7, 0x71, 0x5e, 0xff, 0xb4, 0x7b, 0x65, 0xff, 0xbb, 0x82, 0x69, 0xff, 
0xc0, 0x8b, 0x73, 0xff, 0xbb, 0x88, 0x73, 0xff, 0xc2, 0x8d, 0x76, 0xff, 0xc4, 0x8f, 0x74, 0xff, 
0xbf, 0x8e, 0x74, 0xff, 0xbc, 0x8a, 0x74, 0xff, 0xb6, 0x84, 0x6f, 0xff, 0xb0, 0x7e, 0x6a, 0xff, 
0xaa, 0x77, 0x63, 0xff, 0xac, 0x77, 0x63, 0xff, 0xa8, 0x72, 0x5c, 0xff, 0xaf, 0x7b, 0x63, 0xff, 
0xaf, 0x81, 0x6c, 0xff, 0xae, 0x82, 0x6c, 0xff, 0xb7, 0x8a, 0x6f, 0xff, 0xb6, 0x86, 0x6b, 0xff, 
0xb9, 0x84, 0x6a, 0xff, 0xb5, 0x82, 0x68, 0xff, 0xb5, 0x82, 0x68, 0xff, 0xc4, 0x89, 0x6c, 0xff, 
0xc2, 0x85, 0x6a, 0xff, 0xb6, 0x7a, 0x62, 0xff, 0xba, 0x78, 0x61, 0xff, 0xc0, 0x81, 0x68, 0xff, 
0xb2, 0x7a, 0x61, 0xff, 0xb9, 0x7c, 0x65, 0xff, 0xb2, 0x7c, 0x64, 0xff, 0xa8, 0x75, 0x60, 0xff, 
0xc5, 0x86, 0x6d, 0xff, 0xbe, 0x84, 0x6c, 0xff, 0x98, 0x64, 0x54, 0xff, 0x7c, 0x4c, 0x42, 0xff, 
0x89, 0x55, 0x48, 0xff, 0x9c, 0x66, 0x53, 0xff, 0x9f, 0x6d, 0x58, 0xff, 0x9d, 0x6a, 0x57, 0xff, 
0xa3, 0x72, 0x5d, 0xff, 0xad, 0x7b, 0x64, 0xff, 0xad, 0x7e, 0x65, 0xff, 0xac, 0x7c, 0x64, 0xff, 
0xb3, 0x7e, 0x63, 0xff, 0xc2, 0x82, 0x65, 0xff, 0xc0, 0x7f, 0x62, 0xff, 0xac, 0x71, 0x5a, 0xff, 
0xaf, 0x6f, 0x59, 0xff, 0xb4, 0x74, 0x5a, 0xff, 0xb9, 0x78, 0x66, 0xff, 0xbc, 0x7b, 0x6d, 0xff, 
0xc8, 0x84, 0x71, 0xff, 0xc6, 0x83, 0x77, 0xff, 0xb4, 0x78, 0x6b, 0xff, 0xa4, 0x67, 0x59, 0xff, 
0xae, 0x72, 0x6b, 0xff, 0xb0, 0x74, 0x6a, 0xff, 0x9e, 0x61, 0x55, 0xff, 0x9b, 0x59, 0x4c, 0xff, 
0x88, 0x49, 0x37, 0xff, 0x94, 0x59, 0x4b, 0xff, 0xa4, 0x6d, 0x60, 0xff, 0x96, 0x5c, 0x4f, 0xff, 
0x8d, 0x4f, 0x40, 0xff, 0xa1, 0x66, 0x58, 0xff, 0xa2, 0x68, 0x5b, 0xff, 0xaa, 0x70, 0x60, 0xff, 
0xa7, 0x71, 0x5e, 0xff, 0x9a, 0x66, 0x55, 0xff, 0x95, 0x65, 0x57, 0xff, 0x90, 0x5d, 0x4f, 0xff, 
0x92, 0x5f, 0x54, 0xff, 0x87, 0x5c, 0x53, 0xff, 0x76, 0x53, 0x4b, 0xff, 0x68, 0x47, 0x41, 0xff, 
0x95, 0x69, 0x5a, 0xff, 0x9a, 0x6e, 0x5f, 0xff, 0x88, 0x5a, 0x4e, 0xff, 0x82, 0x59, 0x4e, 0xff, 
0x7d, 0x53, 0x45, 0xff, 0x8a, 0x55, 0x46, 0xff, 0xa1, 0x65, 0x55, 0xff, 0x9b, 0x68, 0x58, 0xff, 
0x8d, 0x5a, 0x4e, 0xff, 0x9b, 0x5d, 0x4d, 0xff, 0xc6, 0x89, 0x72, 0xff, 0xbb, 0x7e, 0x69, 0xff, 
0xae, 0x72, 0x5e, 0xff, 0xb8, 0x7a, 0x65, 0xff, 0xaf, 0x76, 0x61, 0xff, 0xad, 0x77, 0x66, 0xff, 
0xaf, 0x74, 0x62, 0xff, 0xb5, 0x7d, 0x69, 0xff, 0xb9, 0x80, 0x6e, 0xff, 0xbf, 0x81, 0x6c, 0xff, 
0xc7, 0x8c, 0x73, 0xff, 0xc5, 0x8a, 0x71, 0xff, 0xcb, 0x92, 0x79, 0xff, 0xc9, 0x8f, 0x76, 0xff, 
0xc8, 0x8c, 0x74, 0xff, 0xc6, 0x8c, 0x76, 0xff, 0xba, 0x80, 0x6c, 0xff, 0xb2, 0x7b, 0x67, 0xff, 
0xae, 0x76, 0x64, 0xff, 0xad, 0x76, 0x65, 0xff, 0xa3, 0x6f, 0x5f, 0xff, 0xa6, 0x6e, 0x5f, 0xff, 
0xa9, 0x70, 0x60, 0xff, 0xac, 0x73, 0x65, 0xff, 0xb0, 0x75, 0x67, 0xff, 0xb9, 0x79, 0x6b, 0xff, 
0xbe, 0x7d, 0x6c, 0xff, 0xbd, 0x7b, 0x6b, 0xff, 0xc1, 0x7f, 0x6e, 0xff, 0xb7, 0x75, 0x65, 0xff, 
0xb6, 0x74, 0x65, 0xff, 0xbd, 0x7b, 0x6c, 0xff, 0xbd, 0x7b, 0x6d, 0xff, 0xbd, 0x7b, 0x6e, 0xff, 
0xb8, 0x78, 0x6a, 0xff, 0xb6, 0x79, 0x6b, 0xff, 0xc2, 0x84, 0x76, 0xff, 0xc2, 0x84, 0x76, 0xff, 
0xb2, 0x71, 0x65, 0xff, 0xba, 0x7a, 0x6b, 0xff, 0xc3, 0x83, 0x75, 0xff, 0xc8, 0x8b, 0x7d, 0xff, 
0xc1, 0x84, 0x77, 0xff, 0xb7, 0x76, 0x6a, 0xff, 0xb0, 0x72, 0x66, 0xff, 0xb2, 0x73, 0x67, 0xff, 
0xb3, 0x77, 0x6a, 0xff, 0xac, 0x72, 0x65, 0xff, 0xa8, 0x6b, 0x5e, 0xff, 0xa8, 0x6a, 0x5c, 0xff, 
0xac, 0x6d, 0x60, 0xff, 0xb6, 0x78, 0x68, 0xff, 0xb0, 0x71, 0x5e, 0xff, 0xb2, 0x71, 0x5f, 0xff, 
0xbd, 0x7d, 0x6b, 0xff, 0xb4, 0x73, 0x61, 0xff, 0xb6, 0x75, 0x65, 0xff, 0xba, 0x79, 0x6a, 0xff, 
0xb8, 0x72, 0x64, 0xff, 0xb5, 0x70, 0x60, 0xff, 0xb1, 0x6e, 0x5e, 0xff, 0xb0, 0x6b, 0x5e, 0xff, 
0xb2, 0x71, 0x64, 0xff, 0xac, 0x73, 0x65, 0xff, 0x9d, 0x64, 0x57, 0xff, 0x9c, 0x5f, 0x53, 0xff, 
0x9f, 0x64, 0x58, 0xff, 0xa3, 0x6a, 0x5f, 0xff, 0xa2, 0x6a, 0x5f, 0xff, 0xa1, 0x6a, 0x5e, 0xff, 
0xaf, 0x75, 0x69, 0xff, 0xa9, 0x70, 0x64, 0xff, 0x97, 0x5f, 0x53, 0xff, 0x9f, 0x61, 0x51, 0xff, 
0xa3, 0x64, 0x53, 0xff, 0x9b, 0x5e, 0x4e, 0xff, 0x99, 0x60, 0x51, 0xff, 0x94, 0x5d, 0x50, 0xff, 
0x92, 0x59, 0x4b, 0xff, 0x90, 0x5a, 0x4f, 0xff, 0x96, 0x60, 0x57, 0xff, 0x98, 0x5e, 0x53, 0xff, 
0x93, 0x5d, 0x51, 0xff, 0x9e, 0x65, 0x57, 0xff, 0xab, 0x73, 0x62, 0xff, 0xa3, 0x6b, 0x5b, 0xff, 
0x99, 0x5e, 0x50, 0xff, 0x9d, 0x63, 0x53, 0xff, 0x8f, 0x59, 0x4c, 0xff, 0x94, 0x5d, 0x51, 0xff, 
0x9c, 0x62, 0x54, 0xff, 0xa0, 0x65, 0x56, 0xff, 0x99, 0x63, 0x56, 0xff, 0x9c, 0x69, 0x5c, 0xff, 
0xa7, 0x73, 0x64, 0xff, 0x9f, 0x69, 0x5a, 0xff, 0x9e, 0x68, 0x5b, 0xff, 0xa8, 0x6f, 0x61, 0xff, 
0xaa, 0x6f, 0x5f, 0xff, 0xb0, 0x74, 0x63, 0xff, 0xbd, 0x85, 0x75, 0xff, 0xd8, 0xba, 0xb0, 0xff, 
0xca, 0x9e, 0x91, 0xff, 0xbb, 0x83, 0x71, 0xff, 0xb1, 0x7e, 0x6c, 0xff, 0xa8, 0x73, 0x61, 0xff, 
0xac, 0x70, 0x5d, 0xff, 0xbd, 0x82, 0x6c, 0xff, 0xb8, 0x89, 0x73, 0xff, 0xc3, 0x98, 0x80, 0xff, 
0xcc, 0x9d, 0x86, 0xff, 0xca, 0x9d, 0x86, 0xff, 0xca, 0xa0, 0x8a, 0xff, 0xd0, 0xa5, 0x8d, 0xff, 
0xd4, 0xa5, 0x8e, 0xff, 0xd1, 0xa1, 0x8a, 0xff, 0xbe, 0x8f, 0x7a, 0xff, 0xc4, 0x97, 0x84, 0xff, 
0xc7, 0x9a, 0x85, 0xff, 0xcd, 0x9d, 0x88, 0xff, 0xcb, 0xa1, 0x8c, 0xff, 0xcb, 0xa1, 0x8c, 0xff, 
0xcf, 0x9d, 0x87, 0xff, 0xc7, 0x95, 0x7e, 0xff, 0xb9, 0x87, 0x74, 0xff, 0x8f, 0x5f, 0x4f, 0xff, 
0x91, 0x64, 0x53, 0xff, 0xa7, 0x78, 0x63, 0xff, 0xa0, 0x70, 0x5c, 0xff, 0xa3, 0x6f, 0x5c, 0xff, 
0xa0, 0x64, 0x55, 0xff, 0x9b, 0x61, 0x55, 0xff, 0x97, 0x5f, 0x53, 0xff, 0xa3, 0x6a, 0x5d, 0xff, 
0x99, 0x62, 0x55, 0xff, 0x91, 0x5d, 0x50, 0xff, 0x83, 0x53, 0x47, 0xff, 0x7b, 0x4e, 0x43, 0xff, 
0x85, 0x56, 0x48, 0xff, 0x92, 0x66, 0x55, 0xff, 0x87, 0x58, 0x4a, 0xff, 0x76, 0x49, 0x3b, 0xff, 
0x87, 0x5a, 0x49, 0xff, 0x78, 0x51, 0x44, 0xff, 0x88, 0x57, 0x4a, 0xff, 0x9d, 0x64, 0x52, 0xff, 
0x89, 0x58, 0x49, 0xff, 0x93, 0x5f, 0x51, 0xff, 0x93, 0x62, 0x51, 0xff, 0x91, 0x64, 0x52, 0xff, 
0x8d, 0x5d, 0x4c, 0xff, 0x96, 0x63, 0x54, 0xff, 0xa5, 0x71, 0x5f, 0xff, 0x9e, 0x6b, 0x58, 0xff, 
0xa2, 0x6e, 0x5a, 0xff, 0xab, 0x7a, 0x65, 0xff, 0xab, 0x79, 0x66, 0xff, 0xb4, 0x7d, 0x6a, 0xff, 
0xb5, 0x7e, 0x6a, 0xff, 0xaf, 0x78, 0x65, 0xff, 0xb0, 0x7a, 0x67, 0xff, 0xaf, 0x79, 0x66, 0xff, 
0xaf, 0x7a, 0x68, 0xff, 0xb2, 0x7d, 0x67, 0xff, 0xbd, 0x88, 0x71, 0xff, 0xbb, 0x8b, 0x75, 0xff, 
0xb0, 0x82, 0x6d, 0xff, 0xb2, 0x7e, 0x6d, 0xff, 0xbb, 0x88, 0x74, 0xff, 0xc7, 0x93, 0x7c, 0xff, 
0xbe, 0x86, 0x72, 0xff, 0xaf, 0x7a, 0x67, 0xff, 0xb5, 0x84, 0x71, 0xff, 0xb4, 0x81, 0x6b, 0xff, 
0xb2, 0x7d, 0x68, 0xff, 0xa3, 0x73, 0x60, 0xff, 0x9f, 0x70, 0x5e, 0xff, 0xa9, 0x78, 0x61, 0xff, 
0xb3, 0x81, 0x67, 0xff, 0xb1, 0x7f, 0x61, 0xff, 0xb7, 0x7e, 0x61, 0xff, 0xba, 0x7c, 0x62, 0xff, 
0xb7, 0x7b, 0x5e, 0xff, 0xb2, 0x7a, 0x5d, 0xff, 0xab, 0x71, 0x59, 0xff, 0xa8, 0x6d, 0x55, 0xff, 
0xaa, 0x70, 0x56, 0xff, 0xb3, 0x7d, 0x5f, 0xff, 0xbe, 0x83, 0x68, 0xff, 0xb7, 0x7a, 0x61, 0xff, 
0xb8, 0x7e, 0x62, 0xff, 0xb7, 0x7a, 0x60, 0xff, 0xb0, 0x78, 0x5f, 0xff, 0xba, 0x7e, 0x65, 0xff, 
0xbe, 0x7e, 0x64, 0xff, 0xc0, 0x83, 0x69, 0xff, 0xa7, 0x72, 0x5d, 0xff, 0xad, 0x77, 0x60, 0xff, 
0xb3, 0x77, 0x62, 0xff, 0xaa, 0x6e, 0x59, 0xff, 0xa9, 0x6c, 0x59, 0xff, 0xb2, 0x6c, 0x59, 0xff, 
0xaf, 0x70, 0x5c, 0xff, 0x94, 0x63, 0x54, 0xff, 0x84, 0x56, 0x4b, 0xff, 0x73, 0x48, 0x41, 0xff, 
0x9c, 0x63, 0x51, 0xff, 0xb3, 0x73, 0x5e, 0xff, 0xa1, 0x6d, 0x59, 0xff, 0xa4, 0x71, 0x5b, 0xff, 
0xb2, 0x7d, 0x64, 0xff, 0xa7, 0x74, 0x5e, 0xff, 0x97, 0x66, 0x55, 0xff, 0x95, 0x62, 0x52, 0xff, 
0x84, 0x52, 0x46, 0xff, 0x74, 0x47, 0x3c, 0xff, 0x90, 0x5a, 0x4c, 0xff, 0xaf, 0x6f, 0x60, 0xff, 
0xae, 0x6d, 0x5e, 0xff, 0xb2, 0x71, 0x63, 0xff, 0xaa, 0x6b, 0x5e, 0xff, 0xa7, 0x68, 0x5c, 0xff, 
0xa4, 0x63, 0x5a, 0xff, 0x95, 0x54, 0x4c, 0xff, 0x91, 0x57, 0x50, 0xff, 0x8a, 0x55, 0x4e, 0xff, 
0x8d, 0x55, 0x4b, 0xff, 0x8d, 0x50, 0x41, 0xff, 0x84, 0x44, 0x31, 0xff, 0x86, 0x48, 0x37, 0xff, 
0xa2, 0x6b, 0x5e, 0xff, 0xb7, 0x82, 0x78, 0xff, 0xca, 0x99, 0x8f, 0xff, 0xca, 0x96, 0x8a, 0xff, 
0xbd, 0x88, 0x7a, 0xff, 0xc5, 0x93, 0x86, 0xff, 0xa9, 0x6f, 0x65, 0xff, 0xa5, 0x66, 0x57, 0xff, 
0xa1, 0x64, 0x53, 0xff, 0x9b, 0x63, 0x55, 0xff, 0x99, 0x60, 0x53, 0xff, 0xa9, 0x6e, 0x60, 0xff, 
0x9c, 0x69, 0x5b, 0xff, 0x80, 0x56, 0x4c, 0xff, 0x7d, 0x55, 0x4f, 0xff, 0x85, 0x5a, 0x54, 0xff, 
0x9a, 0x6a, 0x5d, 0xff, 0xa6, 0x74, 0x63, 0xff, 0x97, 0x64, 0x53, 0xff, 0x81, 0x52, 0x44, 0xff, 
0x5e, 0x3f, 0x37, 0xff, 0x6e, 0x46, 0x3c, 0xff, 0x95, 0x5c, 0x4c, 0xff, 0x9d, 0x65, 0x54, 0xff, 
0xa4, 0x6d, 0x5b, 0xff, 0xa8, 0x6c, 0x5a, 0xff, 0x9d, 0x69, 0x59, 0xff, 0x79, 0x53, 0x4a, 0xff, 
0x7c, 0x50, 0x48, 0xff, 0x9d, 0x65, 0x57, 0xff, 0xb5, 0x77, 0x63, 0xff, 0xb1, 0x7a, 0x68, 0xff, 
0xa9, 0x73, 0x61, 0xff, 0xb1, 0x75, 0x61, 0xff, 0xb9, 0x7b, 0x69, 0xff, 0xb2, 0x74, 0x62, 0xff, 
0xb0, 0x71, 0x5d, 0xff, 0xbf, 0x81, 0x6a, 0xff, 0xc6, 0x89, 0x70, 0xff, 0xc8, 0x8c, 0x73, 0xff, 
0xc6, 0x8b, 0x72, 0xff, 0xbf, 0x82, 0x6c, 0xff, 0xc0, 0x82, 0x6f, 0xff, 0xc5, 0x87, 0x74, 0xff, 
0xc9, 0x8a, 0x76, 0xff, 0xc8, 0x8a, 0x77, 0xff, 0xc3, 0x82, 0x71, 0xff, 0xc2, 0x81, 0x6f, 0xff, 
0xc2, 0x83, 0x72, 0xff, 0xc3, 0x85, 0x72, 0xff, 0xc2, 0x82, 0x71, 0xff, 0xc1, 0x7f, 0x6f, 0xff, 
0xbd, 0x7b, 0x6a, 0xff, 0xbb, 0x78, 0x69, 0xff, 0xbb, 0x78, 0x6b, 0xff, 0xc1, 0x81, 0x71, 0xff, 
0xbf, 0x82, 0x71, 0xff, 0xb8, 0x7c, 0x6a, 0xff, 0xb9, 0x7c, 0x6b, 0xff, 0xb9, 0x7b, 0x6a, 0xff, 
0xbf, 0x81, 0x71, 0xff, 0xcb, 0x90, 0x7d, 0xff, 0xcd, 0x91, 0x7b, 0xff, 0xce, 0x8f, 0x78, 0xff, 
0xc9, 0x89, 0x74, 0xff, 0xc7, 0x89, 0x76, 0xff, 0xc1, 0x85, 0x73, 0xff, 0xb8, 0x7f, 0x6c, 0xff, 
0xb5, 0x7c, 0x6a, 0xff, 0xbd, 0x83, 0x71, 0xff, 0xbc, 0x81, 0x70, 0xff, 0xb7, 0x7c, 0x6d, 0xff, 
0xb3, 0x78, 0x69, 0xff, 0xb0, 0x71, 0x64, 0xff, 0xb2, 0x72, 0x63, 0xff, 0xb0, 0x72, 0x62, 0xff, 
0xad, 0x6d, 0x5d, 0xff, 0xb7, 0x76, 0x66, 0xff, 0xb9, 0x77, 0x66, 0xff, 0xb2, 0x71, 0x60, 0xff, 
0xb3, 0x72, 0x62, 0xff, 0xbb, 0x7b, 0x6a, 0xff, 0xbf, 0x82, 0x70, 0xff, 0xc4, 0x85, 0x73, 0xff, 
0xbd, 0x7a, 0x69, 0xff, 0xb7, 0x75, 0x64, 0xff, 0xbb, 0x7f, 0x6c, 0xff, 0xb9, 0x7f, 0x6c, 0xff, 
0xb1, 0x73, 0x64, 0xff, 0xa8, 0x6c, 0x5f, 0xff, 0x9c, 0x64, 0x58, 0xff, 0x9c, 0x63, 0x58, 0xff, 
0xa5, 0x67, 0x5e, 0xff, 0xa9, 0x6e, 0x62, 0xff, 0xa7, 0x6b, 0x61, 0xff, 0xa2, 0x67, 0x5c, 0xff, 
0xa7, 0x6d, 0x62, 0xff, 0x9f, 0x65, 0x5b, 0xff, 0x99, 0x5f, 0x52, 0xff, 0x9c, 0x5e, 0x4e, 0xff, 
0x99, 0x5d, 0x4c, 0xff, 0x9a, 0x60, 0x4f, 0xff, 0x87, 0x54, 0x48, 0xff, 0x77, 0x4a, 0x43, 0xff, 
0x85, 0x50, 0x45, 0xff, 0x8c, 0x53, 0x44, 0xff, 0x8f, 0x53, 0x43, 0xff, 0x8f, 0x53, 0x46, 0xff, 
0x92, 0x58, 0x4b, 0xff, 0x95, 0x5a, 0x4a, 0xff, 0x95, 0x59, 0x47, 0xff, 0x94, 0x57, 0x48, 0xff, 
0x91, 0x57, 0x4a, 0xff, 0x95, 0x5c, 0x4e, 0xff, 0x9b, 0x61, 0x53, 0xff, 0x98, 0x5d, 0x4f, 0xff, 
0x95, 0x5c, 0x4e, 0xff, 0x9a, 0x62, 0x53, 0xff, 0xa4, 0x6e, 0x5f, 0xff, 0xa1, 0x68, 0x58, 0xff, 
0x9e, 0x62, 0x51, 0xff, 0x99, 0x5c, 0x4c, 0xff, 0x9b, 0x60, 0x50, 0xff, 0xaa, 0x72, 0x62, 0xff, 
0xb0, 0x79, 0x67, 0xff, 0xb5, 0x7a, 0x67, 0xff, 0xc0, 0x87, 0x74, 0xff, 0xcd, 0xa0, 0x8f, 0xff, 
0xc9, 0xa3, 0x95, 0xff, 0xbe, 0x95, 0x87, 0xff, 0xb1, 0x7e, 0x6d, 0xff, 0xa1, 0x6f, 0x5f, 0xff, 
0xa3, 0x6e, 0x5b, 0xff, 0xac, 0x74, 0x60, 0xff, 0xaa, 0x75, 0x63, 0xff, 0xb9, 0x8b, 0x77, 0xff, 
0xb0, 0x82, 0x6e, 0xff, 0xb7, 0x86, 0x70, 0xff, 0xbd, 0x8a, 0x75, 0xff, 0xb7, 0x85, 0x70, 0xff, 
0xbb, 0x86, 0x6e, 0xff, 0xc0, 0x89, 0x71, 0xff, 0xc6, 0x8c, 0x74, 0xff, 0xc8, 0x8f, 0x75, 0xff, 
0xb8, 0x83, 0x6b, 0xff, 0xa7, 0x73, 0x5f, 0xff, 0xb1, 0x79, 0x64, 0xff, 0xc1, 0x84, 0x6d, 0xff, 
0xc7, 0x8d, 0x75, 0xff, 0xc1, 0x8f, 0x73, 0xff, 0xc7, 0x97, 0x7d, 0xff, 0xb7, 0x87, 0x73, 0xff, 
0xac, 0x7a, 0x67, 0xff, 0x9c, 0x6c, 0x5a, 0xff, 0x99, 0x68, 0x55, 0xff, 0xa4, 0x6a, 0x5a, 0xff, 
0xa4, 0x6b, 0x5d, 0xff, 0x9f, 0x6c, 0x5f, 0xff, 0x96, 0x63, 0x55, 0xff, 0x95, 0x62, 0x53, 0xff, 
0xa1, 0x6e, 0x5d, 0xff, 0x9c, 0x69, 0x5b, 0xff, 0x94, 0x62, 0x56, 0xff, 0x97, 0x65, 0x57, 0xff, 
0xaa, 0x73, 0x64, 0xff, 0xa7, 0x71, 0x63, 0xff, 0x9b, 0x64, 0x56, 0xff, 0x90, 0x5a, 0x4b, 0xff, 
0x83, 0x55, 0x48, 0xff, 0x82, 0x57, 0x4a, 0xff, 0x78, 0x4d, 0x3d, 0xff, 0x77, 0x4d, 0x3e, 0xff, 
0x8a, 0x5d, 0x4d, 0xff, 0x90, 0x61, 0x53, 0xff, 0x8d, 0x5c, 0x51, 0xff, 0x94, 0x62, 0x54, 0xff, 
0x94, 0x64, 0x55, 0xff, 0x8e, 0x5f, 0x51, 0xff, 0x9a, 0x6b, 0x59, 0xff, 0xb3, 0x7e, 0x6b, 0xff, 
0xaf, 0x7a, 0x6a, 0xff, 0xad, 0x7b, 0x69, 0xff, 0xaf, 0x7a, 0x65, 0xff, 0xa9, 0x74, 0x5d, 0xff, 
0xb1, 0x78, 0x60, 0xff, 0xbb, 0x7e, 0x69, 0xff, 0xb5, 0x7a, 0x67, 0xff, 0xb2, 0x79, 0x65, 0xff, 
0xa5, 0x70, 0x5c, 0xff, 0x9a, 0x63, 0x54, 0xff, 0xa4, 0x6c, 0x5d, 0xff, 0xab, 0x77, 0x64, 0xff, 
0xb7, 0x84, 0x6c, 0xff, 0xc4, 0x91, 0x7a, 0xff, 0xc9, 0x99, 0x83, 0xff, 0xb9, 0x8d, 0x78, 0xff, 
0xb2, 0x84, 0x6e, 0xff, 0xbf, 0x90, 0x77, 0xff, 0xb0, 0x83, 0x6f, 0xff, 0x87, 0x5d, 0x52, 0xff, 
0x86, 0x5b, 0x4d, 0xff, 0xad, 0x7c, 0x68, 0xff, 0xa0, 0x72, 0x5f, 0xff, 0x9f, 0x73, 0x60, 0xff, 
0xaf, 0x7e, 0x67, 0xff, 0xad, 0x7c, 0x63, 0xff, 0xb8, 0x82, 0x69, 0xff, 0xc1, 0x87, 0x6d, 0xff, 
0xb9, 0x7f, 0x66, 0xff, 0xb3, 0x77, 0x60, 0xff, 0xbb, 0x84, 0x68, 0xff, 0xb3, 0x7e, 0x66, 0xff, 
0xae, 0x79, 0x62, 0xff, 0xaf, 0x78, 0x60, 0xff, 0xb2, 0x79, 0x60, 0xff, 0xc4, 0x85, 0x68, 0xff, 
0xb6, 0x7a, 0x61, 0xff, 0x92, 0x60, 0x51, 0xff, 0x94, 0x61, 0x51, 0xff, 0x96, 0x63, 0x51, 0xff, 
0x9b, 0x67, 0x56, 0xff, 0xa4, 0x71, 0x5d, 0xff, 0xa2, 0x75, 0x5e, 0xff, 0xae, 0x7c, 0x64, 0xff, 
0xc5, 0x87, 0x6e, 0xff, 0xbe, 0x80, 0x66, 0xff, 0xba, 0x7d, 0x66, 0xff, 0xc1, 0x84, 0x6b, 0xff, 
0x9c, 0x68, 0x57, 0xff, 0x6c, 0x41, 0x3d, 0xff, 0x72, 0x47, 0x40, 0xff, 0x88, 0x59, 0x4f, 0xff, 
0x9d, 0x63, 0x57, 0xff, 0xab, 0x6a, 0x5b, 0xff, 0xa4, 0x69, 0x59, 0xff, 0x96, 0x62, 0x52, 0xff, 
0x89, 0x56, 0x4c, 0xff, 0x7d, 0x4c, 0x44, 0xff, 0x73, 0x42, 0x3c, 0xff, 0x71, 0x41, 0x42, 0xff, 
0x7a, 0x4d, 0x4b, 0xff, 0x77, 0x4b, 0x42, 0xff, 0x81, 0x50, 0x49, 0xff, 0xa2, 0x68, 0x5b, 0xff, 
0xa0, 0x67, 0x55, 0xff, 0xa6, 0x68, 0x5a, 0xff, 0xa2, 0x67, 0x5a, 0xff, 0x91, 0x57, 0x45, 0xff, 
0x93, 0x54, 0x43, 0xff, 0x90, 0x53, 0x41, 0xff, 0x85, 0x48, 0x38, 0xff, 0x88, 0x4a, 0x3c, 0xff, 
0x8d, 0x51, 0x41, 0xff, 0x95, 0x58, 0x49, 0xff, 0x9d, 0x64, 0x56, 0xff, 0xa1, 0x66, 0x57, 0xff, 
0xb7, 0x84, 0x7e, 0xff, 0xa9, 0x72, 0x6b, 0xff, 0xb2, 0x81, 0x78, 0xff, 0xb6, 0x7e, 0x72, 0xff, 
0xaf, 0x76, 0x6a, 0xff, 0xa0, 0x67, 0x5a, 0xff, 0x98, 0x55, 0x46, 0xff, 0x9a, 0x57, 0x47, 0xff, 
0x9c, 0x5c, 0x4d, 0xff, 0xa6, 0x68, 0x58, 0xff, 0xa3, 0x69, 0x5a, 0xff, 0x99, 0x65, 0x5a, 0xff, 
0x91, 0x61, 0x52, 0xff, 0x91, 0x5e, 0x53, 0xff, 0x95, 0x63, 0x58, 0xff, 0x99, 0x65, 0x58, 0xff, 
0x99, 0x66, 0x57, 0xff, 0x9b, 0x6a, 0x59, 0xff, 0x9c, 0x69, 0x58, 0xff, 0x9a, 0x64, 0x53, 0xff, 
0x98, 0x64, 0x55, 0xff, 0x8d, 0x5a, 0x4b, 0xff, 0x95, 0x5d, 0x4d, 0xff, 0x9a, 0x5d, 0x4f, 0xff, 
0x97, 0x60, 0x52, 0xff, 0xaa, 0x72, 0x60, 0xff, 0x7c, 0x50, 0x47, 0xff, 0x70, 0x4c, 0x47, 0xff, 
0x7f, 0x56, 0x50, 0xff, 0x70, 0x49, 0x44, 0xff, 0x9c, 0x63, 0x56, 0xff, 0xb9, 0x7a, 0x66, 0xff, 
0xab, 0x73, 0x61, 0xff, 0xaa, 0x6f, 0x5d, 0xff, 0xbf, 0x82, 0x6d, 0xff, 0xba, 0x7d, 0x6a, 0xff, 
0xb3, 0x72, 0x60, 0xff, 0xbb, 0x7c, 0x68, 0xff, 0xbe, 0x82, 0x6b, 0xff, 0xba, 0x7d, 0x69, 0xff, 
0xbb, 0x7d, 0x68, 0xff, 0xbf, 0x81, 0x6b, 0xff, 0xc5, 0x86, 0x71, 0xff, 0xc5, 0x87, 0x73, 0xff, 
0xc5, 0x87, 0x74, 0xff, 0xc1, 0x81, 0x70, 0xff, 0xbe, 0x7e, 0x6c, 0xff, 0xc1, 0x84, 0x72, 0xff, 
0xbf, 0x82, 0x72, 0xff, 0xb3, 0x77, 0x66, 0xff, 0xb7, 0x77, 0x68, 0xff, 0xc0, 0x80, 0x6f, 0xff, 
0xbe, 0x7d, 0x6b, 0xff, 0xbd, 0x79, 0x68, 0xff, 0xbb, 0x77, 0x66, 0xff, 0xc9, 0x87, 0x75, 0xff, 
0xc9, 0x87, 0x76, 0xff, 0xbe, 0x7a, 0x69, 0xff, 0xbf, 0x7b, 0x6a, 0xff, 0xbb, 0x79, 0x68, 0xff, 
0xbc, 0x7c, 0x6b, 0xff, 0xbf, 0x7e, 0x6e, 0xff, 0xc2, 0x83, 0x72, 0xff, 0xc3, 0x84, 0x72, 0xff, 
0xc4, 0x87, 0x72, 0xff, 0xc3, 0x86, 0x72, 0xff, 0xc0, 0x82, 0x6f, 0xff, 0xbf, 0x81, 0x6e, 0xff, 
0xbb, 0x7b, 0x68, 0xff, 0xb7, 0x78, 0x66, 0xff, 0xc1, 0x82, 0x6f, 0xff, 0xbd, 0x7e, 0x6c, 0xff, 
0xb6, 0x77, 0x67, 0xff, 0xb2, 0x71, 0x5f, 0xff, 0xa7, 0x67, 0x55, 0xff, 0xa9, 0x68, 0x58, 0xff, 
0xaf, 0x6b, 0x5c, 0xff, 0xb6, 0x70, 0x60, 0xff, 0xb7, 0x73, 0x62, 0xff, 0xb4, 0x70, 0x61, 0xff, 
0xb2, 0x6e, 0x60, 0xff, 0xb3, 0x72, 0x62, 0xff, 0xb0, 0x6e, 0x5c, 0xff, 0xaa, 0x64, 0x56, 0xff, 
0xa2, 0x64, 0x56, 0xff, 0xa5, 0x67, 0x59, 0xff, 0xa9, 0x6b, 0x5c, 0xff, 0xaa, 0x6e, 0x60, 0xff, 
0xae, 0x71, 0x64, 0xff, 0xa0, 0x63, 0x57, 0xff, 0xa0, 0x67, 0x5c, 0xff, 0xa5, 0x6b, 0x5f, 0xff, 
0xa7, 0x6b, 0x5f, 0xff, 0x9b, 0x62, 0x57, 0xff, 0x9e, 0x67, 0x5c, 0xff, 0xa8, 0x72, 0x65, 0xff, 
0x9e, 0x6b, 0x60, 0xff, 0x9b, 0x64, 0x57, 0xff, 0x98, 0x62, 0x54, 0xff, 0x83, 0x50, 0x44, 0xff, 
0x72, 0x45, 0x3b, 0xff, 0x74, 0x4a, 0x41, 0xff, 0x6e, 0x44, 0x3d, 0xff, 0x61, 0x3a, 0x36, 0xff, 
0x87, 0x55, 0x47, 0xff, 0x98, 0x5f, 0x4f, 0xff, 0x94, 0x58, 0x48, 0xff, 0x93, 0x57, 0x47, 0xff, 
0x93, 0x59, 0x4a, 0xff, 0x95, 0x5b, 0x4a, 0xff, 0x93, 0x59, 0x4b, 0xff, 0x97, 0x5d, 0x4f, 0xff, 
0x9c, 0x60, 0x4f, 0xff, 0x9c, 0x60, 0x52, 0xff, 0x9d, 0x62, 0x53, 0xff, 0x9d, 0x60, 0x50, 0xff, 
0x9e, 0x61, 0x4f, 0xff, 0xa1, 0x61, 0x51, 0xff, 0xa2, 0x68, 0x58, 0xff, 0x9f, 0x68, 0x57, 0xff, 
0x96, 0x5c, 0x4b, 0xff, 0x9e, 0x61, 0x4f, 0xff, 0xa8, 0x69, 0x54, 0xff, 0xaa, 0x6b, 0x56, 0xff, 
0xa7, 0x6c, 0x57, 0xff, 0xa0, 0x69, 0x56, 0xff, 0xa3, 0x6f, 0x5b, 0xff, 0xa5, 0x6a, 0x54, 0xff, 
0xb0, 0x71, 0x5b, 0xff, 0xb7, 0x7a, 0x66, 0xff, 0xab, 0x76, 0x62, 0xff, 0x9f, 0x6e, 0x5c, 0xff, 
0xab, 0x78, 0x64, 0xff, 0xb3, 0x7a, 0x64, 0xff, 0xb1, 0x79, 0x63, 0xff, 0xa9, 0x76, 0x64, 0xff, 
0xa2, 0x6d, 0x5b, 0xff, 0xa4, 0x6a, 0x57, 0xff, 0xb8, 0x7a, 0x64, 0xff, 0xb2, 0x78, 0x64, 0xff, 
0x9f, 0x6c, 0x5a, 0xff, 0xa7, 0x6f, 0x5b, 0xff, 0xaf, 0x70, 0x5d, 0xff, 0x9a, 0x63, 0x51, 0xff, 
0x98, 0x65, 0x53, 0xff, 0xb8, 0x7a, 0x64, 0xff, 0xbb, 0x77, 0x5f, 0xff, 0xc1, 0x7d, 0x63, 0xff, 
0xb8, 0x79, 0x62, 0xff, 0xb7, 0x7a, 0x62, 0xff, 0xcb, 0x91, 0x76, 0xff, 0xc3, 0x8b, 0x75, 0xff, 
0xb1, 0x74, 0x61, 0xff, 0xa8, 0x6b, 0x59, 0xff, 0xa6, 0x6b, 0x5a, 0xff, 0x9e, 0x67, 0x57, 0xff, 
0x90, 0x5e, 0x51, 0xff, 0x98, 0x62, 0x55, 0xff, 0x9e, 0x69, 0x57, 0xff, 0xa9, 0x75, 0x60, 0xff, 
0xb8, 0x83, 0x6e, 0xff, 0xad, 0x78, 0x64, 0xff, 0xab, 0x75, 0x63, 0xff, 0xaf, 0x76, 0x64, 0xff, 
0xa6, 0x6c, 0x5f, 0xff, 0xa2, 0x69, 0x5e, 0xff, 0xa9, 0x70, 0x60, 0xff, 0xb3, 0x79, 0x69, 0xff, 
0xa7, 0x72, 0x63, 0xff, 0x96, 0x64, 0x55, 0xff, 0x91, 0x62, 0x50, 0xff, 0x91, 0x61, 0x4f, 0xff, 
0x92, 0x64, 0x52, 0xff, 0x8b, 0x5e, 0x4c, 0xff, 0x8b, 0x5e, 0x4b, 0xff, 0x97, 0x65, 0x55, 0xff, 
0xa4, 0x70, 0x61, 0xff, 0xb3, 0x7e, 0x6b, 0xff, 0xaa, 0x76, 0x66, 0xff, 0xb0, 0x7e, 0x6c, 0xff, 
0xbf, 0x8d, 0x7a, 0xff, 0xb6, 0x7f, 0x71, 0xff, 0xb2, 0x7a, 0x68, 0xff, 0xb5, 0x7a, 0x67, 0xff, 
0xb2, 0x76, 0x65, 0xff, 0xae, 0x74, 0x62, 0xff, 0xa5, 0x6e, 0x59, 0xff, 0xab, 0x71, 0x5d, 0xff, 
0xb3, 0x78, 0x65, 0xff, 0x9d, 0x66, 0x5a, 0xff, 0x9a, 0x61, 0x52, 0xff, 0xb3, 0x75, 0x63, 0xff, 
0xbb, 0x82, 0x6f, 0xff, 0xc8, 0x94, 0x78, 0xff, 0xc2, 0x8f, 0x74, 0xff, 0xa5, 0x74, 0x5f, 0xff, 
0xae, 0x7d, 0x63, 0xff, 0xba, 0x89, 0x6f, 0xff, 0x9e, 0x6d, 0x59, 0xff, 0x8c, 0x60, 0x52, 0xff, 
0x9c, 0x73, 0x61, 0xff, 0xae, 0x82, 0x6b, 0xff, 0xc6, 0x98, 0x7e, 0xff, 0xbe, 0x8f, 0x79, 0xff, 
0xb8, 0x86, 0x71, 0xff, 0xb5, 0x85, 0x6f, 0xff, 0xaf, 0x81, 0x6b, 0xff, 0xbc, 0x8e, 0x75, 0xff, 
0xbf, 0x8b, 0x75, 0xff, 0xb1, 0x79, 0x65, 0xff, 0xc0, 0x8a, 0x74, 0xff, 0xd6, 0xa7, 0x8e, 0xff, 
0xd5, 0xa9, 0x8e, 0xff, 0xc5, 0x8c, 0x74, 0xff, 0xbc, 0x87, 0x6e, 0xff, 0xb7, 0x85, 0x6c, 0xff, 
0xab, 0x76, 0x64, 0xff, 0x96, 0x6b, 0x5c, 0xff, 0xa4, 0x79, 0x64, 0xff, 0x90, 0x66, 0x56, 0xff, 
0x90, 0x63, 0x58, 0xff, 0xa7, 0x76, 0x62, 0xff, 0xc1, 0x8c, 0x71, 0xff, 0xc6, 0x8c, 0x70, 0xff, 
0xc7, 0x8b, 0x6f, 0xff, 0xc5, 0x89, 0x6d, 0xff, 0xc0, 0x87, 0x6a, 0xff, 0xbc, 0x88, 0x6b, 0xff, 
0xa3, 0x73, 0x5e, 0xff, 0x79, 0x4a, 0x42, 0xff, 0x7c, 0x47, 0x42, 0xff, 0x9a, 0x5e, 0x54, 0xff, 
0x91, 0x5a, 0x50, 0xff, 0x81, 0x53, 0x4a, 0xff, 0x7e, 0x50, 0x47, 0xff, 0x7b, 0x4a, 0x43, 0xff, 
0x8a, 0x56, 0x50, 0xff, 0x96, 0x5e, 0x58, 0xff, 0x87, 0x53, 0x4d, 0xff, 0x8a, 0x5b, 0x4f, 0xff, 
0x9b, 0x68, 0x5c, 0xff, 0xa1, 0x6d, 0x62, 0xff, 0x97, 0x66, 0x5d, 0xff, 0x89, 0x5c, 0x4f, 0xff, 
0x8e, 0x5a, 0x45, 0xff, 0x8f, 0x58, 0x49, 0xff, 0x8a, 0x57, 0x4b, 0xff, 0x95, 0x61, 0x51, 0xff, 
0x9c, 0x64, 0x55, 0xff, 0x8e, 0x5c, 0x4d, 0xff, 0x8c, 0x59, 0x4b, 0xff, 0xa0, 0x62, 0x55, 0xff, 
0xb1, 0x7a, 0x71, 0xff, 0xbd, 0x8b, 0x84, 0xff, 0xbb, 0x8a, 0x81, 0xff, 0xba, 0x87, 0x7f, 0xff, 
0x9f, 0x69, 0x5f, 0xff, 0x9f, 0x61, 0x54, 0xff, 0xa0, 0x61, 0x50, 0xff, 0x92, 0x53, 0x42, 0xff, 
0x8f, 0x4f, 0x3d, 0xff, 0x98, 0x57, 0x44, 0xff, 0xa8, 0x67, 0x52, 0xff, 0xa4, 0x66, 0x53, 0xff, 
0x99, 0x5f, 0x4f, 0xff, 0x99, 0x5e, 0x4e, 0xff, 0x92, 0x5c, 0x4f, 0xff, 0x7e, 0x4d, 0x42, 0xff, 
0x8b, 0x56, 0x4a, 0xff, 0x9a, 0x60, 0x52, 0xff, 0x9d, 0x63, 0x54, 0xff, 0xa3, 0x6c, 0x5a, 0xff, 
0x9d, 0x65, 0x56, 0xff, 0x9e, 0x67, 0x57, 0xff, 0x9c, 0x65, 0x54, 0xff, 0xa1, 0x69, 0x5a, 0xff, 
0x8e, 0x61, 0x53, 0xff, 0x82, 0x56, 0x4a, 0xff, 0x9c, 0x63, 0x55, 0xff, 0x9d, 0x61, 0x54, 0xff, 
0x9a, 0x61, 0x52, 0xff, 0xa9, 0x71, 0x61, 0xff, 0x97, 0x63, 0x55, 0xff, 0x92, 0x62, 0x56, 0xff, 
0x87, 0x5b, 0x51, 0xff, 0x80, 0x54, 0x4c, 0xff, 0x9a, 0x63, 0x54, 0xff, 0xac, 0x6e, 0x5c, 0xff, 
0xb4, 0x77, 0x65, 0xff, 0xb7, 0x7d, 0x6b, 0xff, 0xb3, 0x78, 0x66, 0xff, 0xb6, 0x7a, 0x68, 0xff, 
0xae, 0x6e, 0x5d, 0xff, 0xa8, 0x65, 0x56, 0xff, 0xb2, 0x71, 0x5f, 0xff, 0xb9, 0x7a, 0x67, 0xff, 
0xba, 0x7d, 0x69, 0xff, 0xbd, 0x7e, 0x6b, 0xff, 0xc2, 0x81, 0x6c, 0xff, 0xc5, 0x85, 0x70, 0xff, 
0xc7, 0x85, 0x73, 0xff, 0xc4, 0x83, 0x71, 0xff, 0xbb, 0x7d, 0x6c, 0xff, 0xbc, 0x7b, 0x6d, 0xff, 
0xc3, 0x83, 0x74, 0xff, 0xc1, 0x81, 0x72, 0xff, 0xb6, 0x77, 0x68, 0xff, 0xb2, 0x73, 0x63, 0xff, 
0xb7, 0x76, 0x66, 0xff, 0xbf, 0x7b, 0x6c, 0xff, 0xbe, 0x7c, 0x6b, 0xff, 0xbf, 0x7e, 0x6b, 0xff, 
0xc0, 0x7e, 0x6b, 0xff, 0xbe, 0x7e, 0x6a, 0xff, 0xc4, 0x85, 0x6f, 0xff, 0xc8, 0x89, 0x72, 0xff, 
0xc3, 0x84, 0x6e, 0xff, 0xc2, 0x82, 0x6b, 0xff, 0xc8, 0x87, 0x70, 0xff, 0xc3, 0x83, 0x6a, 0xff, 
0xba, 0x7b, 0x66, 0xff, 0xbb, 0x7b, 0x68, 0xff, 0xb1, 0x6f, 0x5e, 0xff, 0xad, 0x6b, 0x5a, 0xff, 
0xba, 0x78, 0x65, 0xff, 0xb9, 0x77, 0x65, 0xff, 0xb8, 0x79, 0x66, 0xff, 0xaf, 0x72, 0x5f, 0xff, 
0xa6, 0x6a, 0x58, 0xff, 0xae, 0x70, 0x5f, 0xff, 0xa2, 0x65, 0x54, 0xff, 0xa4, 0x66, 0x56, 0xff, 
0xad, 0x6d, 0x5d, 0xff, 0xa3, 0x67, 0x57, 0xff, 0xa7, 0x6c, 0x5b, 0xff, 0xa9, 0x6b, 0x5d, 0xff, 
0xa5, 0x68, 0x5b, 0xff, 0x9f, 0x65, 0x56, 0xff, 0x9d, 0x64, 0x55, 0xff, 0x9b, 0x63, 0x56, 0xff, 
0x9d, 0x64, 0x58, 0xff, 0xa2, 0x69, 0x5a, 0xff, 0xa5, 0x6c, 0x5e, 0xff, 0xa9, 0x6e, 0x62, 0xff, 
0xa9, 0x73, 0x67, 0xff, 0xae, 0x7a, 0x6d, 0xff, 0xb4, 0x7c, 0x6f, 0xff, 0xa4, 0x6d, 0x60, 0xff, 
0x96, 0x62, 0x55, 0xff, 0x97, 0x62, 0x55, 0xff, 0x9e, 0x65, 0x57, 0xff, 0xae, 0x7a, 0x69, 0xff, 
0xb5, 0x8d, 0x7e, 0xff, 0x9a, 0x68, 0x5b, 0xff, 0x7d, 0x42, 0x36, 0xff, 0x7d, 0x43, 0x3b, 0xff, 
0x85, 0x4e, 0x45, 0xff, 0x83, 0x51, 0x45, 0xff, 0x86, 0x54, 0x46, 0xff, 0x84, 0x4f, 0x44, 0xff, 
0x8c, 0x53, 0x44, 0xff, 0x95, 0x58, 0x49, 0xff, 0x93, 0x5a, 0x4a, 0xff, 0x93, 0x59, 0x49, 0xff, 
0x99, 0x5b, 0x4c, 0xff, 0x9c, 0x5f, 0x4f, 0xff, 0x9c, 0x60, 0x50, 0xff, 0xa5, 0x68, 0x57, 0xff, 
0xa9, 0x68, 0x57, 0xff, 0xa8, 0x66, 0x55, 0xff, 0xaf, 0x6d, 0x5b, 0xff, 0xba, 0x78, 0x63, 0xff, 
0xb6, 0x78, 0x63, 0xff, 0xac, 0x71, 0x5c, 0xff, 0xa8, 0x6c, 0x5a, 0xff, 0x9f, 0x65, 0x54, 0xff, 
0x9e, 0x64, 0x50, 0xff, 0x97, 0x61, 0x4f, 0xff, 0x82, 0x54, 0x47, 0xff, 0x7b, 0x52, 0x44, 0xff, 
0x7c, 0x50, 0x45, 0xff, 0x79, 0x4b, 0x42, 0xff, 0x73, 0x48, 0x3f, 0xff, 0x6d, 0x44, 0x3b, 0xff, 
0x7c, 0x4c, 0x43, 0xff, 0x85, 0x52, 0x45, 0xff, 0x9d, 0x6a, 0x56, 0xff, 0xa9, 0x72, 0x5e, 0xff, 
0xa3, 0x6a, 0x5a, 0xff, 0xb8, 0x7c, 0x67, 0xff, 0xb5, 0x7f, 0x6a, 0xff, 0x97, 0x68, 0x57, 0xff, 
0xa0, 0x6a, 0x57, 0xff, 0x8f, 0x5d, 0x50, 0xff, 0x87, 0x56, 0x4b, 0xff, 0x97, 0x64, 0x55, 0xff, 
0x7d, 0x55, 0x4a, 0xff, 0x6c, 0x45, 0x3f, 0xff, 0x6b, 0x45, 0x3e, 0xff, 0x8a, 0x58, 0x4d, 0xff, 
0x97, 0x62, 0x54, 0xff, 0x83, 0x58, 0x48, 0xff, 0x81, 0x50, 0x42, 0xff, 0x81, 0x50, 0x45, 0xff, 
0x97, 0x62, 0x52, 0xff, 0xaa, 0x6b, 0x59, 0xff, 0xa7, 0x67, 0x55, 0xff, 0xa8, 0x6b, 0x59, 0xff, 
0xa0, 0x67, 0x56, 0xff, 0x9b, 0x64, 0x54, 0xff, 0x9c, 0x66, 0x57, 0xff, 0x9d, 0x68, 0x57, 0xff, 
0xa4, 0x6c, 0x5a, 0xff, 0xab, 0x74, 0x61, 0xff, 0xa9, 0x75, 0x61, 0xff, 0xb5, 0x7c, 0x68, 0xff, 
0xb3, 0x7a, 0x65, 0xff, 0xae, 0x75, 0x61, 0xff, 0xae, 0x74, 0x62, 0xff, 0xad, 0x73, 0x61, 0xff, 
0xae, 0x73, 0x61, 0xff, 0xa8, 0x70, 0x60, 0xff, 0xa1, 0x6d, 0x5f, 0xff, 0xa5, 0x6f, 0x60, 0xff, 
0xa9, 0x6f, 0x5e, 0xff, 0xa9, 0x70, 0x5d, 0xff, 0xa6, 0x6f, 0x5d, 0xff, 0xa0, 0x6b, 0x5c, 0xff, 
0x8b, 0x5e, 0x50, 0xff, 0x84, 0x59, 0x4a, 0xff, 0x94, 0x66, 0x54, 0xff, 0x9d, 0x6d, 0x5c, 0xff, 
0x98, 0x6a, 0x5b, 0xff, 0xa0, 0x72, 0x61, 0xff, 0xb1, 0x83, 0x6f, 0xff, 0xaf, 0x83, 0x6c, 0xff, 
0xb1, 0x7d, 0x65, 0xff, 0xad, 0x74, 0x5f, 0xff, 0xad, 0x7a, 0x65, 0xff, 0xc5, 0x8d, 0x75, 0xff, 
0xbe, 0x81, 0x70, 0xff, 0xb6, 0x7a, 0x6d, 0xff, 0xbf, 0x82, 0x6b, 0xff, 0xba, 0x7e, 0x68, 0xff, 
0xac, 0x72, 0x61, 0xff, 0xaf, 0x77, 0x5d, 0xff, 0xb5, 0x7b, 0x5f, 0xff, 0xb6, 0x7a, 0x65, 0xff, 
0xac, 0x74, 0x63, 0xff, 0xb3, 0x79, 0x64, 0xff, 0xb3, 0x78, 0x65, 0xff, 0xba, 0x80, 0x6c, 0xff, 
0xc9, 0x8e, 0x7a, 0xff, 0xbd, 0x87, 0x76, 0xff, 0xb6, 0x82, 0x73, 0xff, 0xcf, 0x98, 0x8a, 0xff, 
0xe6, 0xb4, 0xa4, 0xff, 0xd0, 0x9f, 0x91, 0xff, 0xd4, 0xa2, 0x93, 0xff, 0xcc, 0x9b, 0x8c, 0xff, 
0xc4, 0x93, 0x85, 0xff, 0xc8, 0x95, 0x83, 0xff, 0xc3, 0x94, 0x80, 0xff, 0xc2, 0x92, 0x80, 0xff, 
0xc7, 0x99, 0x88, 0xff, 0xc9, 0x9c, 0x8c, 0xff, 0xc5, 0x90, 0x83, 0xff, 0xcb, 0x9b, 0x8a, 0xff, 
0xcf, 0xa6, 0x8f, 0xff, 0xc2, 0x94, 0x80, 0xff, 0xb6, 0x85, 0x74, 0xff, 0xa7, 0x73, 0x63, 0xff, 
0xa0, 0x70, 0x61, 0xff, 0xa8, 0x7c, 0x6d, 0xff, 0xae, 0x7f, 0x6d, 0xff, 0xb2, 0x7f, 0x6c, 0xff, 
0xca, 0x93, 0x7a, 0xff, 0xc4, 0x8d, 0x74, 0xff, 0xc7, 0x8f, 0x7a, 0xff, 0xcf, 0x96, 0x81, 0xff, 
0xc9, 0x92, 0x7b, 0xff, 0xc4, 0x8c, 0x77, 0xff, 0xbf, 0x86, 0x71, 0xff, 0xc0, 0x89, 0x71, 0xff, 
0xcc, 0x95, 0x7e, 0xff, 0xc9, 0x91, 0x7a, 0xff, 0xbb, 0x80, 0x70, 0xff, 0xa6, 0x6e, 0x60, 0xff, 
0x97, 0x61, 0x55, 0xff, 0x8d, 0x59, 0x51, 0xff, 0x92, 0x5c, 0x53, 0xff, 0x99, 0x63, 0x59, 0xff, 
0xa3, 0x6a, 0x5f, 0xff, 0x9d, 0x67, 0x5e, 0xff, 0x8f, 0x5c, 0x56, 0xff, 0x93, 0x60, 0x54, 0xff, 
0x94, 0x63, 0x57, 0xff, 0x80, 0x59, 0x50, 0xff, 0x8d, 0x62, 0x54, 0xff, 0x91, 0x63, 0x54, 0xff, 
0x97, 0x64, 0x59, 0xff, 0x94, 0x61, 0x57, 0xff, 0x8c, 0x5b, 0x53, 0xff, 0x9b, 0x6a, 0x61, 0xff, 
0x9b, 0x6c, 0x63, 0xff, 0x9a, 0x6c, 0x64, 0xff, 0x9a, 0x68, 0x61, 0xff, 0x9d, 0x6d, 0x64, 0xff, 
0xa1, 0x70, 0x67, 0xff, 0xb5, 0x80, 0x77, 0xff, 0xbb, 0x88, 0x7e, 0xff, 0xa8, 0x75, 0x6c, 0xff, 
0xa6, 0x72, 0x5f, 0xff, 0xae, 0x78, 0x62, 0xff, 0xaa, 0x72, 0x5a, 0xff, 0xac, 0x75, 0x5e, 0xff, 
0xad, 0x77, 0x62, 0xff, 0xab, 0x78, 0x62, 0xff, 0xab, 0x75, 0x5d, 0xff, 0xa8, 0x6f, 0x5a, 0xff, 
0xa4, 0x6f, 0x5b, 0xff, 0x98, 0x63, 0x53, 0xff, 0x99, 0x64, 0x53, 0xff, 0xa3, 0x6a, 0x58, 0xff, 
0x94, 0x5c, 0x4f, 0xff, 0x9a, 0x62, 0x53, 0xff, 0xb4, 0x79, 0x65, 0xff, 0xb3, 0x77, 0x62, 0xff, 
0xa9, 0x6a, 0x58, 0xff, 0xa3, 0x65, 0x55, 0xff, 0xa4, 0x68, 0x58, 0xff, 0x99, 0x62, 0x54, 0xff, 
0x7b, 0x50, 0x46, 0xff, 0x80, 0x53, 0x49, 0xff, 0x8e, 0x56, 0x4b, 0xff, 0x92, 0x58, 0x4c, 0xff, 
0x9b, 0x60, 0x52, 0xff, 0x9e, 0x65, 0x56, 0xff, 0xa9, 0x6e, 0x5e, 0xff, 0xb1, 0x77, 0x66, 0xff, 
0x9d, 0x66, 0x57, 0xff, 0xa5, 0x6b, 0x5d, 0xff, 0xaa, 0x6e, 0x5e, 0xff, 0xb4, 0x79, 0x68, 0xff, 
0xc6, 0x8f, 0x7b, 0xff, 0xc0, 0x8c, 0x79, 0xff, 0xbc, 0x88, 0x77, 0xff, 0xc0, 0x8a, 0x7a, 0xff, 
0xb7, 0x7e, 0x6d, 0xff, 0xac, 0x70, 0x5f, 0xff, 0xaf, 0x70, 0x5f, 0xff, 0xb7, 0x78, 0x65, 0xff, 
0xb4, 0x77, 0x64, 0xff, 0xaf, 0x72, 0x62, 0xff, 0xaf, 0x70, 0x61, 0xff, 0xb2, 0x74, 0x63, 0xff, 
0xb8, 0x7b, 0x69, 0xff, 0xbc, 0x7e, 0x6d, 0xff, 0xb6, 0x78, 0x68, 0xff, 0xb4, 0x79, 0x68, 0xff, 
0xb3, 0x78, 0x68, 0xff, 0xb3, 0x74, 0x65, 0xff, 0xaa, 0x69, 0x5d, 0xff, 0xa7, 0x67, 0x5b, 0xff, 
0xab, 0x6d, 0x60, 0xff, 0xa6, 0x69, 0x5a, 0xff, 0xa4, 0x6a, 0x5c, 0xff, 0xac, 0x70, 0x61, 0xff, 
0xac, 0x6e, 0x5f, 0xff, 0xad, 0x6f, 0x60, 0xff, 0xb6, 0x78, 0x69, 0xff, 0xba, 0x7d, 0x6c, 0xff, 
0xb7, 0x7b, 0x68, 0xff, 0xb4, 0x77, 0x63, 0xff, 0xaf, 0x75, 0x60, 0xff, 0xab, 0x74, 0x5f, 0xff, 
0xab, 0x71, 0x5e, 0xff, 0xab, 0x6f, 0x5e, 0xff, 0xa3, 0x65, 0x54, 0xff, 0x9f, 0x61, 0x51, 0xff, 
0xa7, 0x6a, 0x59, 0xff, 0xb2, 0x72, 0x5f, 0xff, 0xb1, 0x72, 0x5f, 0xff, 0xb0, 0x73, 0x62, 0xff, 
0xb5, 0x75, 0x64, 0xff, 0xa7, 0x67, 0x58, 0xff, 0x9c, 0x62, 0x51, 0xff, 0x9f, 0x67, 0x56, 0xff, 
0xa2, 0x6c, 0x5c, 0xff, 0x9e, 0x69, 0x5a, 0xff, 0x99, 0x63, 0x56, 0xff, 0x93, 0x5e, 0x52, 0xff, 
0x9b, 0x64, 0x55, 0xff, 0xa1, 0x69, 0x59, 0xff, 0xa0, 0x68, 0x5a, 0xff, 0xa3, 0x6b, 0x5d, 0xff, 
0xa3, 0x6b, 0x5c, 0xff, 0x9f, 0x67, 0x59, 0xff, 0x9f, 0x69, 0x5e, 0xff, 0x9b, 0x65, 0x5a, 0xff, 
0x97, 0x64, 0x59, 0xff, 0x9b, 0x68, 0x5d, 0xff, 0x9c, 0x67, 0x5b, 0xff, 0x90, 0x5c, 0x4f, 0xff, 
0x93, 0x5e, 0x4e, 0xff, 0x9d, 0x63, 0x53, 0xff, 0x98, 0x5d, 0x4e, 0xff, 0x8f, 0x59, 0x4c, 0xff, 
0x8c, 0x5a, 0x4b, 0xff, 0xa5, 0x72, 0x64, 0xff, 0xb4, 0x85, 0x79, 0xff, 0xb5, 0x81, 0x72, 0xff, 
0xaf, 0x6f, 0x5a, 0xff, 0xaa, 0x66, 0x51, 0xff, 0xa6, 0x65, 0x50, 0xff, 0xa0, 0x62, 0x4d, 0xff, 
0x9c, 0x5f, 0x4b, 0xff, 0x9e, 0x62, 0x4d, 0xff, 0x9c, 0x60, 0x4c, 0xff, 0x9b, 0x5d, 0x4b, 0xff, 
0x99, 0x5a, 0x49, 0xff, 0xa0, 0x61, 0x4f, 0xff, 0x9f, 0x62, 0x4f, 0xff, 0x99, 0x5f, 0x4d, 0xff, 
0x93, 0x5d, 0x4c, 0xff, 0x92, 0x5d, 0x4c, 0xff, 0x9f, 0x68, 0x57, 0xff, 0xae, 0x78, 0x66, 0xff, 
0xaf, 0x77, 0x63, 0xff, 0xb7, 0x79, 0x64, 0xff, 0xaf, 0x74, 0x5f, 0xff, 0xb9, 0x82, 0x6d, 0xff, 
0xc0, 0x8b, 0x75, 0xff, 0x92, 0x64, 0x56, 0xff, 0x70, 0x48, 0x40, 0xff, 0x73, 0x4a, 0x43, 0xff, 
0x75, 0x4a, 0x43, 0xff, 0x6d, 0x44, 0x3d, 0xff, 0x6b, 0x41, 0x3c, 0xff, 0x75, 0x4c, 0x45, 0xff, 
0x78, 0x4e, 0x47, 0xff, 0x74, 0x4a, 0x40, 0xff, 0x90, 0x5c, 0x4d, 0xff, 0x97, 0x63, 0x52, 0xff, 
0x89, 0x58, 0x4a, 0xff, 0x98, 0x68, 0x5a, 0xff, 0x8a, 0x5e, 0x51, 0xff, 0x70, 0x48, 0x3f, 0xff, 
0x6f, 0x48, 0x41, 0xff, 0x61, 0x3c, 0x39, 0xff, 0x5b, 0x35, 0x33, 0xff, 0x62, 0x3c, 0x38, 0xff, 
0x6d, 0x45, 0x3f, 0xff, 0x60, 0x3b, 0x37, 0xff, 0x55, 0x34, 0x2e, 0xff, 0x7c, 0x50, 0x47, 0xff, 
0x89, 0x56, 0x4f, 0xff, 0x4e, 0x2e, 0x2b, 0xff, 0x4c, 0x2f, 0x2b, 0xff, 0x4f, 0x32, 0x2e, 0xff, 
0x6c, 0x45, 0x3c, 0xff, 0x94, 0x5b, 0x4a, 0xff, 0x97, 0x5d, 0x4b, 0xff, 0x9e, 0x65, 0x54, 0xff, 
0x9b, 0x62, 0x52, 0xff, 0x9a, 0x61, 0x51, 0xff, 0xae, 0x74, 0x60, 0xff, 0xbd, 0x7e, 0x67, 0xff, 
0xbe, 0x7e, 0x65, 0xff, 0xc0, 0x83, 0x6b, 0xff, 0xbe, 0x81, 0x68, 0xff, 0xb6, 0x79, 0x64, 0xff, 
0xb5, 0x78, 0x63, 0xff, 0xbb, 0x7f, 0x67, 0xff, 0xb3, 0x79, 0x63, 0xff, 0xaf, 0x75, 0x62, 0xff, 
0xaf, 0x77, 0x63, 0xff, 0xac, 0x76, 0x61, 0xff, 0xa7, 0x72, 0x5f, 0xff, 0xa7, 0x74, 0x60, 0xff, 
0xa9, 0x74, 0x61, 0xff, 0xa3, 0x6f, 0x5c, 0xff, 0xa6, 0x74, 0x62, 0xff, 0xac, 0x79, 0x67, 0xff, 
0xae, 0x7d, 0x69, 0xff, 0xaa, 0x77, 0x65, 0xff, 0xa3, 0x70, 0x5c, 0xff, 0x95, 0x64, 0x54, 0xff, 
0x97, 0x66, 0x56, 0xff, 0xa2, 0x71, 0x5d, 0xff, 0xa7, 0x73, 0x5d, 0xff, 0xaa, 0x77, 0x5f, 0xff, 
0xae, 0x7b, 0x61, 0xff, 0x9f, 0x6e, 0x56, 0xff, 0x9d, 0x6f, 0x58, 0xff, 0xa3, 0x73, 0x5a, 0xff, 
0xa1, 0x71, 0x56, 0xff, 0xaf, 0x77, 0x5c, 0xff, 0xbd, 0x7e, 0x68, 0xff, 0xaa, 0x6f, 0x5c, 0xff, 
0xa0, 0x6c, 0x5b, 0xff, 0xa2, 0x6f, 0x60, 0xff, 0xa5, 0x6e, 0x5b, 0xff, 0xa5, 0x6d, 0x5a, 0xff, 
0xa5, 0x6e, 0x5e, 0xff, 0x9c, 0x6a, 0x5b, 0xff, 0xa7, 0x74, 0x65, 0xff, 0xbd, 0x88, 0x76, 0xff, 
0xc5, 0x8f, 0x7b, 0xff, 0xba, 0x85, 0x73, 0xff, 0xc1, 0x8d, 0x79, 0xff, 0xd0, 0x98, 0x81, 0xff, 
0xd0, 0x94, 0x84, 0xff, 0xd5, 0x98, 0x8b, 0xff, 0xcc, 0x91, 0x84, 0xff, 0xc6, 0x94, 0x81, 0xff, 
0xc3, 0x91, 0x7b, 0xff, 0xc7, 0x94, 0x7f, 0xff, 0xc3, 0x91, 0x7f, 0xff, 0xb6, 0x84, 0x75, 0xff, 
0xc4, 0x92, 0x79, 0xff, 0xd1, 0x9f, 0x83, 0xff, 0xc4, 0x91, 0x7a, 0xff, 0xbc, 0x87, 0x74, 0xff, 
0xb7, 0x8a, 0x76, 0xff, 0xb2, 0x88, 0x75, 0xff, 0xa8, 0x77, 0x6c, 0xff, 0xaa, 0x77, 0x6c, 0xff, 
0xb8, 0x84, 0x73, 0xff, 0xbb, 0x8d, 0x79, 0xff, 0xae, 0x84, 0x72, 0xff, 0xb2, 0x81, 0x72, 0xff, 
0xbd, 0x8a, 0x79, 0xff, 0xc3, 0x91, 0x7a, 0xff, 0xc6, 0x8e, 0x78, 0xff, 0xc7, 0x8d, 0x7a, 0xff, 
0xce, 0x96, 0x82, 0xff, 0xca, 0x99, 0x84, 0xff, 0xd4, 0xa4, 0x8f, 0xff, 0xd5, 0xa5, 0x8e, 0xff, 
0xce, 0x9f, 0x87, 0xff, 0xd3, 0xa4, 0x8d, 0xff, 0xcc, 0x9f, 0x87, 0xff, 0xbf, 0x92, 0x78, 0xff, 
0xc0, 0x92, 0x7e, 0xff, 0xc6, 0x97, 0x84, 0xff, 0xd3, 0xa5, 0x90, 0xff, 0xcd, 0x9f, 0x8a, 0xff, 
0xc1, 0x95, 0x7d, 0xff, 0xc5, 0x93, 0x7c, 0xff, 0xbe, 0x87, 0x73, 0xff, 0xaf, 0x7d, 0x6b, 0xff, 
0xaa, 0x78, 0x65, 0xff, 0x99, 0x6a, 0x57, 0xff, 0x9d, 0x6d, 0x5c, 0xff, 0xa6, 0x74, 0x66, 0xff, 
0xaa, 0x7c, 0x6e, 0xff, 0xaf, 0x82, 0x6f, 0xff, 0xb4, 0x83, 0x70, 0xff, 0xb7, 0x85, 0x71, 0xff, 
0xb9, 0x85, 0x6f, 0xff, 0xb3, 0x7b, 0x68, 0xff, 0xa7, 0x73, 0x67, 0xff, 0xa8, 0x7b, 0x72, 0xff, 
0x9f, 0x72, 0x68, 0xff, 0x9c, 0x6e, 0x63, 0xff, 0xa4, 0x74, 0x67, 0xff, 0xa3, 0x70, 0x5c, 0xff, 
0xa4, 0x6f, 0x5a, 0xff, 0x9e, 0x6c, 0x57, 0xff, 0xa5, 0x73, 0x5f, 0xff, 0xaf, 0x78, 0x64, 0xff, 
0xb3, 0x77, 0x63, 0xff, 0xb2, 0x77, 0x62, 0xff, 0xa9, 0x71, 0x5c, 0xff, 0xab, 0x70, 0x5e, 0xff, 
0xaa, 0x70, 0x5b, 0xff, 0xa5, 0x6a, 0x57, 0xff, 0xad, 0x74, 0x60, 0xff, 0xae, 0x76, 0x62, 0xff, 
0xa9, 0x70, 0x5e, 0xff, 0xb0, 0x74, 0x5f, 0xff, 0xb3, 0x75, 0x60, 0xff, 0xa3, 0x65, 0x55, 0xff, 
0x99, 0x5b, 0x4d, 0xff, 0x9b, 0x5d, 0x4f, 0xff, 0xa4, 0x63, 0x54, 0xff, 0xa8, 0x67, 0x58, 0xff, 
0xac, 0x6d, 0x5b, 0xff, 0xb0, 0x70, 0x5c, 0xff, 0xac, 0x6c, 0x5b, 0xff, 0xaa, 0x68, 0x59, 0xff, 
0x9d, 0x60, 0x50, 0xff, 0x9a, 0x5e, 0x4e, 0xff, 0xa7, 0x69, 0x58, 0xff, 0xb5, 0x79, 0x67, 0xff, 
0xb6, 0x7b, 0x69, 0xff, 0xb2, 0x75, 0x65, 0xff, 0xaf, 0x74, 0x65, 0xff, 0xb6, 0x79, 0x68, 0xff, 
0xbe, 0x83, 0x71, 0xff, 0xc7, 0x8a, 0x79, 0xff, 0xc7, 0x8b, 0x79, 0xff, 0xc9, 0x8f, 0x7d, 0xff, 
0xc7, 0x8e, 0x7d, 0xff, 0xbd, 0x86, 0x76, 0xff, 0xb7, 0x83, 0x75, 0xff, 0xa3, 0x6d, 0x5f, 0xff, 
0xae, 0x72, 0x63, 0xff, 0xb6, 0x75, 0x65, 0xff, 0xb2, 0x72, 0x63, 0xff, 0xb6, 0x77, 0x68, 0xff, 
0xb5, 0x77, 0x66, 0xff, 0xb7, 0x79, 0x68, 0xff, 0xb5, 0x78, 0x68, 0xff, 0xaf, 0x75, 0x65, 0xff, 
0xaa, 0x72, 0x62, 0xff, 0xa6, 0x6b, 0x5d, 0xff, 0xaa, 0x6f, 0x62, 0xff, 0xa9, 0x6e, 0x60, 0xff, 
0xac, 0x72, 0x63, 0xff, 0xa7, 0x6d, 0x5f, 0xff, 0xab, 0x70, 0x63, 0xff, 0xae, 0x74, 0x67, 0xff, 
0xa1, 0x6a, 0x5d, 0xff, 0xa3, 0x6a, 0x60, 0xff, 0xa2, 0x68, 0x5d, 0xff, 0x9d, 0x65, 0x59, 0xff, 
0xa7, 0x6f, 0x61, 0xff, 0xad, 0x74, 0x67, 0xff, 0xb6, 0x7e, 0x70, 0xff, 0xbb, 0x85, 0x74, 0xff, 
0xae, 0x78, 0x6d, 0xff, 0xa0, 0x6c, 0x61, 0xff, 0x9b, 0x68, 0x5a, 0xff, 0xa2, 0x6c, 0x5d, 0xff, 
0xa3, 0x6b, 0x5b, 0xff, 0xab, 0x6e, 0x5b, 0xff, 0xb5, 0x76, 0x62, 0xff, 0xc2, 0x84, 0x6f, 0xff, 
0xbf, 0x84, 0x6c, 0xff, 0xaa, 0x72, 0x5d, 0xff, 0xb2, 0x7b, 0x67, 0xff, 0xb8, 0x7d, 0x69, 0xff, 
0xb8, 0x7e, 0x6a, 0xff, 0xb3, 0x7b, 0x67, 0xff, 0xa0, 0x67, 0x56, 0xff, 0xa8, 0x6d, 0x5f, 0xff, 
0xac, 0x73, 0x65, 0xff, 0x99, 0x63, 0x54, 0xff, 0x92, 0x60, 0x53, 0xff, 0x92, 0x63, 0x53, 0xff, 
0x8d, 0x5e, 0x4e, 0xff, 0x81, 0x53, 0x48, 0xff, 0x76, 0x4c, 0x45, 0xff, 0x87, 0x58, 0x4f, 0xff, 
0xa4, 0x6b, 0x5f, 0xff, 0x8e, 0x5a, 0x50, 0xff, 0x76, 0x4c, 0x44, 0xff, 0x81, 0x55, 0x4e, 0xff, 
0x8a, 0x5a, 0x53, 0xff, 0x88, 0x58, 0x50, 0xff, 0x81, 0x54, 0x4d, 0xff, 0x7b, 0x51, 0x49, 0xff, 
0x92, 0x6b, 0x5d, 0xff, 0xb6, 0x92, 0x7f, 0xff, 0xc2, 0x9f, 0x90, 0xff, 0xc2, 0x9c, 0x8b, 0xff, 
0xb3, 0x79, 0x63, 0xff, 0xb4, 0x72, 0x5c, 0xff, 0xac, 0x6a, 0x55, 0xff, 0xae, 0x6c, 0x57, 0xff, 
0xb4, 0x76, 0x60, 0xff, 0xab, 0x70, 0x59, 0xff, 0xa6, 0x68, 0x53, 0xff, 0xa2, 0x62, 0x4f, 0xff, 
0x9a, 0x5b, 0x4a, 0xff, 0x96, 0x5c, 0x4a, 0xff, 0x97, 0x5d, 0x4b, 0xff, 0x91, 0x59, 0x49, 0xff, 
0x75, 0x48, 0x3d, 0xff, 0x5f, 0x3a, 0x33, 0xff, 0x66, 0x42, 0x3a, 0xff, 0x6f, 0x46, 0x3d, 0xff, 
0x88, 0x59, 0x4b, 0xff, 0x9b, 0x65, 0x56, 0xff, 0x9b, 0x66, 0x54, 0xff, 0xaf, 0x78, 0x62, 0xff, 
0xaf, 0x7a, 0x66, 0xff, 0x97, 0x66, 0x57, 0xff, 0x96, 0x63, 0x54, 0xff, 0x9a, 0x64, 0x55, 0xff, 
0x99, 0x63, 0x53, 0xff, 0x9b, 0x65, 0x54, 0xff, 0x9b, 0x65, 0x55, 0xff, 0x98, 0x65, 0x53, 0xff, 
0x95, 0x63, 0x52, 0xff, 0x9b, 0x66, 0x54, 0xff, 0x9d, 0x65, 0x52, 0xff, 0x98, 0x63, 0x52, 0xff, 
0x85, 0x57, 0x49, 0xff, 0x78, 0x4f, 0x44, 0xff, 0x71, 0x4d, 0x45, 0xff, 0x69, 0x45, 0x3e, 0xff, 
0x65, 0x42, 0x3b, 0xff, 0x60, 0x3a, 0x35, 0xff, 0x64, 0x3b, 0x37, 0xff, 0x69, 0x3f, 0x3a, 0xff, 
0x65, 0x3b, 0x36, 0xff, 0x62, 0x3d, 0x36, 0xff, 0x5d, 0x3b, 0x34, 0xff, 0x58, 0x35, 0x30, 0xff, 
0x77, 0x4a, 0x44, 0xff, 0x82, 0x4f, 0x4b, 0xff, 0x5b, 0x38, 0x33, 0xff, 0x58, 0x39, 0x30, 0xff, 
0x70, 0x45, 0x3b, 0xff, 0x7f, 0x52, 0x45, 0xff, 0x82, 0x54, 0x48, 0xff, 0x8e, 0x5d, 0x4e, 0xff, 
0x9c, 0x67, 0x55, 0xff, 0x9b, 0x65, 0x54, 0xff, 0xa4, 0x6c, 0x59, 0xff, 0xab, 0x6d, 0x5b, 0xff, 
0xa9, 0x6b, 0x59, 0xff, 0xaa, 0x6f, 0x5d, 0xff, 0xa6, 0x6b, 0x5b, 0xff, 0xab, 0x6e, 0x59, 0xff, 
0xb6, 0x79, 0x64, 0xff, 0xaa, 0x73, 0x60, 0xff, 0xb2, 0x7a, 0x65, 0xff, 0xb4, 0x7c, 0x66, 0xff, 
0xb4, 0x7c, 0x67, 0xff, 0xb6, 0x7d, 0x68, 0xff, 0xb9, 0x7f, 0x6a, 0xff, 0xb9, 0x81, 0x6c, 0xff, 
0xba, 0x80, 0x6a, 0xff, 0xb6, 0x7d, 0x69, 0xff, 0xb7, 0x80, 0x6a, 0xff, 0xc2, 0x8f, 0x76, 0xff, 
0xae, 0x7a, 0x66, 0xff, 0xa8, 0x72, 0x5e, 0xff, 0xb5, 0x80, 0x6b, 0xff, 0xb7, 0x81, 0x6c, 0xff, 
0xbb, 0x84, 0x6b, 0xff, 0xc2, 0x88, 0x6e, 0xff, 0xcc, 0x92, 0x76, 0xff, 0xc5, 0x89, 0x72, 0xff, 
0xa8, 0x6e, 0x5e, 0xff, 0x98, 0x5f, 0x52, 0xff, 0xa7, 0x69, 0x58, 0xff, 0xa2, 0x67, 0x57, 0xff, 
0xa6, 0x6d, 0x58, 0xff, 0xa3, 0x69, 0x54, 0xff, 0xa2, 0x6c, 0x55, 0xff, 0xaa, 0x74, 0x57, 0xff, 
0xac, 0x73, 0x58, 0xff, 0xab, 0x75, 0x60, 0xff, 0xa2, 0x70, 0x60, 0xff, 0x9a, 0x64, 0x53, 0xff, 
0x99, 0x60, 0x4a, 0xff, 0x94, 0x5d, 0x49, 0xff, 0x9b, 0x63, 0x4d, 0xff, 0xaa, 0x70, 0x54, 0xff, 
0xa2, 0x6e, 0x56, 0xff, 0xa3, 0x71, 0x58, 0xff, 0xb1, 0x80, 0x63, 0xff, 0xa8, 0x7c, 0x5d, 0xff, 
0x96, 0x6a, 0x54, 0xff, 0xa6, 0x79, 0x5f, 0xff, 0xbf, 0x8b, 0x71, 0xff, 0xb6, 0x81, 0x73, 0xff, 
0xad, 0x7d, 0x6b, 0xff, 0xc0, 0x94, 0x74, 0xff, 0xb5, 0x88, 0x6e, 0xff, 0xb3, 0x85, 0x70, 0xff, 
0xb7, 0x83, 0x6c, 0xff, 0xbd, 0x85, 0x6e, 0xff, 0xbe, 0x87, 0x6f, 0xff, 0xb8, 0x7d, 0x68, 0xff, 
0xc1, 0x8a, 0x77, 0xff, 0xc8, 0x96, 0x7f, 0xff, 0xc2, 0x8d, 0x79, 0xff, 0xb9, 0x88, 0x76, 0xff, 
0xbc, 0x89, 0x75, 0xff, 0xc4, 0x8c, 0x75, 0xff, 0xc7, 0x93, 0x7c, 0xff, 0xcb, 0x98, 0x80, 0xff, 
0xc5, 0x93, 0x7c, 0xff, 0xc7, 0x97, 0x7f, 0xff, 0xc7, 0x96, 0x7f, 0xff, 0xbf, 0x8a, 0x75, 0xff, 
0xc0, 0x8a, 0x75, 0xff, 0xc5, 0x93, 0x7c, 0xff, 0xc5, 0x96, 0x80, 0xff, 0xbc, 0x91, 0x7e, 0xff, 
0xba, 0x8e, 0x7c, 0xff, 0xba, 0x8d, 0x7a, 0xff, 0xac, 0x81, 0x70, 0xff, 0xa7, 0x7e, 0x6c, 0xff, 
0xc1, 0x9b, 0x83, 0xff, 0xd8, 0xb0, 0x97, 0xff, 0xdd, 0xb6, 0x9d, 0xff, 0xd7, 0xae, 0x97, 0xff, 
0xc8, 0x9f, 0x8b, 0xff, 0xc3, 0x99, 0x87, 0xff, 0xbd, 0x93, 0x7f, 0xff, 0xca, 0xa0, 0x88, 0xff, 
0xd4, 0xa7, 0x8e, 0xff, 0xca, 0x9d, 0x85, 0xff, 0xc4, 0x98, 0x81, 0xff, 0xcb, 0xa3, 0x8a, 0xff, 
0xcf, 0xa8, 0x8e, 0xff, 0xd1, 0xa6, 0x8a, 0xff, 0xd3, 0x9f, 0x85, 0xff, 0xcd, 0x95, 0x7b, 0xff, 
0xcb, 0x8d, 0x74, 0xff, 0xc0, 0x89, 0x74, 0xff, 0xb0, 0x84, 0x70, 0xff, 0xbd, 0x88, 0x75, 0xff, 
0xb8, 0x84, 0x70, 0xff, 0xa6, 0x77, 0x62, 0xff, 0xa5, 0x72, 0x5b, 0xff, 0xa8, 0x73, 0x5b, 0xff, 
0xa3, 0x64, 0x54, 0xff, 0x9f, 0x61, 0x50, 0xff, 0xa7, 0x66, 0x54, 0xff, 0xab, 0x68, 0x56, 0xff, 
0xa7, 0x64, 0x51, 0xff, 0xac, 0x68, 0x54, 0xff, 0xaa, 0x67, 0x55, 0xff, 0xa9, 0x66, 0x52, 0xff, 
0xa8, 0x64, 0x52, 0xff, 0xb5, 0x74, 0x5f, 0xff, 0xbd, 0x7d, 0x67, 0xff, 0xa0, 0x67, 0x53, 0xff, 
0x9d, 0x63, 0x52, 0xff, 0x9f, 0x63, 0x54, 0xff, 0x91, 0x59, 0x49, 0xff, 0x87, 0x4f, 0x45, 0xff, 
0x8d, 0x52, 0x47, 0xff, 0xa1, 0x60, 0x4f, 0xff, 0x9d, 0x5b, 0x4b, 0xff, 0x9d, 0x5d, 0x4d, 0xff, 
0xa2, 0x64, 0x53, 0xff, 0xa1, 0x63, 0x53, 0xff, 0xa2, 0x64, 0x57, 0xff, 0xa4, 0x67, 0x58, 0xff, 
0xa6, 0x6c, 0x5a, 0xff, 0xa9, 0x6e, 0x5c, 0xff, 0xab, 0x6a, 0x59, 0xff, 0xab, 0x6a, 0x59, 0xff, 
0xb1, 0x70, 0x61, 0xff, 0xaf, 0x6f, 0x5d, 0xff, 0xb2, 0x72, 0x5f, 0xff, 0xb1, 0x72, 0x60, 0xff, 
0xb0, 0x6f, 0x5c, 0xff, 0xac, 0x6c, 0x5c, 0xff, 0x9a, 0x5e, 0x51, 0xff, 0x9c, 0x67, 0x58, 0xff, 
0xb4, 0x7c, 0x69, 0xff, 0xb4, 0x79, 0x68, 0xff, 0x9f, 0x69, 0x5e, 0xff, 0x91, 0x5f, 0x52, 0xff, 
0xa3, 0x6c, 0x5b, 0xff, 0xba, 0x7b, 0x69, 0xff, 0xbf, 0x80, 0x6c, 0xff, 0xbc, 0x7c, 0x69, 0xff, 
0xb7, 0x75, 0x64, 0xff, 0xb8, 0x78, 0x65, 0xff, 0xb9, 0x7a, 0x68, 0xff, 0xba, 0x7b, 0x6a, 0xff, 
0xc0, 0x81, 0x6e, 0xff, 0xba, 0x7b, 0x69, 0xff, 0xba, 0x7c, 0x68, 0xff, 0xb7, 0x78, 0x65, 0xff, 
0xb4, 0x75, 0x63, 0xff, 0xb6, 0x76, 0x64, 0xff, 0xb8, 0x79, 0x64, 0xff, 0xb6, 0x78, 0x64, 0xff, 
0xb2, 0x74, 0x62, 0xff, 0xb2, 0x75, 0x65, 0xff, 0xb6, 0x7b, 0x69, 0xff, 0xb9, 0x80, 0x6d, 0xff, 
0xb8, 0x82, 0x6f, 0xff, 0xb2, 0x7d, 0x6b, 0xff, 0xc2, 0x88, 0x75, 0xff, 0xd2, 0x97, 0x84, 0xff, 
0xc8, 0x90, 0x7e, 0xff, 0xb6, 0x7f, 0x6b, 0xff, 0xb7, 0x81, 0x70, 0xff, 0xbe, 0x88, 0x7a, 0xff, 
0xbf, 0x88, 0x77, 0xff, 0xc1, 0x86, 0x73, 0xff, 0xc8, 0x8d, 0x77, 0xff, 0xc3, 0x8e, 0x78, 0xff, 
0xb2, 0x81, 0x6d, 0xff, 0xaa, 0x76, 0x65, 0xff, 0xa9, 0x71, 0x63, 0xff, 0x9e, 0x6c, 0x5f, 0xff, 
0xa0, 0x6c, 0x5f, 0xff, 0xa3, 0x6b, 0x60, 0xff, 0x95, 0x60, 0x55, 0xff, 0x93, 0x60, 0x56, 0xff, 
0x91, 0x60, 0x58, 0xff, 0x8a, 0x5b, 0x53, 0xff, 0x71, 0x4a, 0x43, 0xff, 0x6a, 0x46, 0x3f, 0xff, 
0x6e, 0x46, 0x40, 0xff, 0x74, 0x4a, 0x45, 0xff, 0x7a, 0x4e, 0x4b, 0xff, 0x74, 0x4c, 0x48, 0xff, 
0x7a, 0x51, 0x4b, 0xff, 0x79, 0x50, 0x4b, 0xff, 0x69, 0x45, 0x41, 0xff, 0x76, 0x51, 0x4d, 0xff, 
0x7e, 0x57, 0x56, 0xff, 0x6c, 0x46, 0x45, 0xff, 0x6c, 0x46, 0x40, 0xff, 0x7a, 0x51, 0x48, 0xff, 
0x9f, 0x72, 0x65, 0xff, 0xab, 0x7a, 0x6b, 0xff, 0x93, 0x60, 0x54, 0xff, 0x93, 0x5b, 0x4d, 0xff, 
0x9c, 0x62, 0x50, 0xff, 0xa5, 0x6b, 0x58, 0xff, 0xae, 0x71, 0x5b, 0xff, 0xb8, 0x75, 0x60, 0xff, 
0xa6, 0x68, 0x53, 0xff, 0x9b, 0x60, 0x4c, 0xff, 0xa9, 0x67, 0x55, 0xff, 0xaa, 0x68, 0x55, 0xff, 
0xaa, 0x6c, 0x57, 0xff, 0xb1, 0x74, 0x60, 0xff, 0xa6, 0x6d, 0x58, 0xff, 0xa0, 0x65, 0x52, 0xff, 
0x98, 0x5b, 0x4b, 0xff, 0x86, 0x50, 0x42, 0xff, 0x83, 0x50, 0x44, 0xff, 0x89, 0x54, 0x46, 0xff, 
0x8f, 0x5c, 0x4c, 0xff, 0x8b, 0x5a, 0x4b, 0xff, 0x8b, 0x58, 0x49, 0xff, 0x8f, 0x59, 0x4b, 0xff, 
0x91, 0x5a, 0x4c, 0xff, 0x8d, 0x58, 0x4a, 0xff, 0x8b, 0x59, 0x4c, 0xff, 0x8c, 0x5a, 0x49, 0xff, 
0x91, 0x5a, 0x4a, 0xff, 0x8d, 0x53, 0x46, 0xff, 0x90, 0x56, 0x48, 0xff, 0x8f, 0x56, 0x48, 0xff, 
0x88, 0x51, 0x43, 0xff, 0x8b, 0x55, 0x47, 0xff, 0x8f, 0x59, 0x4b, 0xff, 0x8c, 0x57, 0x4a, 0xff, 
0x78, 0x4b, 0x40, 0xff, 0x66, 0x40, 0x3a, 0xff, 0x5f, 0x3b, 0x38, 0xff, 0x66, 0x40, 0x3c, 0xff, 
0x6a, 0x44, 0x3f, 0xff, 0x5f, 0x3c, 0x38, 0xff, 0x58, 0x38, 0x33, 0xff, 0x5b, 0x38, 0x32, 0xff, 
0x55, 0x33, 0x2d, 0xff, 0x5a, 0x36, 0x32, 0xff, 0x6a, 0x42, 0x3d, 0xff, 0x76, 0x4a, 0x44, 0xff, 
0x7e, 0x4f, 0x47, 0xff, 0x88, 0x58, 0x52, 0xff, 0x77, 0x4f, 0x48, 0xff, 0x6a, 0x46, 0x3d, 0xff, 
0x70, 0x4a, 0x40, 0xff, 0x6d, 0x49, 0x42, 0xff, 0x62, 0x3e, 0x37, 0xff, 0x6a, 0x44, 0x3e, 0xff, 
0x75, 0x4f, 0x46, 0xff, 0x65, 0x3f, 0x39, 0xff, 0x6e, 0x49, 0x42, 0xff, 0x89, 0x61, 0x54, 0xff, 
0x94, 0x64, 0x58, 0xff, 0x7d, 0x50, 0x45, 0xff, 0x74, 0x47, 0x40, 0xff, 0x93, 0x5d, 0x4f, 0xff, 
0xac, 0x72, 0x5d, 0xff, 0x9e, 0x66, 0x54, 0xff, 0xa7, 0x6f, 0x5c, 0xff, 0xa6, 0x6f, 0x5c, 0xff, 
0xad, 0x72, 0x60, 0xff, 0xb6, 0x7d, 0x67, 0xff, 0xb1, 0x79, 0x63, 0xff, 0xb5, 0x7d, 0x67, 0xff, 
0xc5, 0x89, 0x70, 0xff, 0xc8, 0x8b, 0x72, 0xff, 0xb5, 0x7b, 0x66, 0xff, 0xa7, 0x71, 0x5d, 0xff, 
0xa9, 0x6b, 0x58, 0xff, 0xb5, 0x7c, 0x64, 0xff, 0xbe, 0x8f, 0x77, 0xff, 0xc2, 0x95, 0x7e, 0xff, 
0xbc, 0x91, 0x77, 0xff, 0xca, 0x9d, 0x83, 0xff, 0xc9, 0x9b, 0x83, 0xff, 0xc3, 0x90, 0x79, 0xff, 
0xb0, 0x75, 0x63, 0xff, 0xa8, 0x6c, 0x5d, 0xff, 0xaa, 0x6e, 0x5d, 0xff, 0xab, 0x6e, 0x5a, 0xff, 
0xb4, 0x77, 0x5c, 0xff, 0xaa, 0x6d, 0x59, 0xff, 0x9a, 0x69, 0x58, 0xff, 0xa7, 0x7a, 0x63, 0xff, 
0xbf, 0x8a, 0x71, 0xff, 0xc2, 0x8c, 0x6e, 0xff, 0xbb, 0x85, 0x6a, 0xff, 0xa7, 0x72, 0x5e, 0xff, 
0xb1, 0x7b, 0x64, 0xff, 0xbf, 0x85, 0x68, 0xff, 0xb9, 0x79, 0x5e, 0xff, 0xb6, 0x70, 0x58, 0xff, 
0xaf, 0x6a, 0x52, 0xff, 0xb2, 0x70, 0x55, 0xff, 0xbe, 0x81, 0x64, 0xff, 0xbb, 0x81, 0x69, 0xff, 
0xb7, 0x7e, 0x65, 0xff, 0xbb, 0x84, 0x67, 0xff, 0xbb, 0x82, 0x64, 0xff, 0xb8, 0x81, 0x67, 0xff, 
0xbc, 0x86, 0x6e, 0xff, 0xc9, 0x8f, 0x73, 0xff, 0xc9, 0x8f, 0x72, 0xff, 0xc4, 0x8c, 0x70, 0xff, 
0xc9, 0x90, 0x77, 0xff, 0xd0, 0x9a, 0x7e, 0xff, 0xca, 0x94, 0x7a, 0xff, 0xb5, 0x7c, 0x68, 0xff, 
0xbd, 0x7e, 0x6b, 0xff, 0xcf, 0x90, 0x75, 0xff, 0xcc, 0x92, 0x74, 0xff, 0xd0, 0x99, 0x7a, 0xff, 
0xc9, 0x91, 0x73, 0xff, 0xbd, 0x7e, 0x64, 0xff, 0xad, 0x6d, 0x59, 0xff, 0xb2, 0x71, 0x5e, 0xff, 
0xc5, 0x83, 0x6a, 0xff, 0xc2, 0x85, 0x69, 0xff, 0xbe, 0x85, 0x6c, 0xff, 0xc3, 0x8e, 0x74, 0xff, 
0xc1, 0x8f, 0x76, 0xff, 0xc7, 0x91, 0x78, 0xff, 0xbe, 0x89, 0x6f, 0xff, 0xb7, 0x84, 0x6e, 0xff, 
0xba, 0x88, 0x72, 0xff, 0xb7, 0x85, 0x70, 0xff, 0xbc, 0x88, 0x73, 0xff, 0xbe, 0x89, 0x75, 0xff, 
0xba, 0x88, 0x74, 0xff, 0xb9, 0x84, 0x72, 0xff, 0xb2, 0x7c, 0x6b, 0xff, 0xb3, 0x7e, 0x6c, 0xff, 
0xab, 0x79, 0x67, 0xff, 0xa8, 0x7b, 0x68, 0xff, 0xaf, 0x81, 0x6b, 0xff, 0xc6, 0x91, 0x78, 0xff, 
0xd6, 0x9d, 0x84, 0xff, 0xde, 0xa8, 0x8f, 0xff, 0xdc, 0xae, 0x92, 0xff, 0xd4, 0xa8, 0x8d, 0xff, 
0xd2, 0xa1, 0x87, 0xff, 0xce, 0x95, 0x7b, 0xff, 0xce, 0x8d, 0x76, 0xff, 0xd0, 0x91, 0x79, 0xff, 
0xc6, 0x8c, 0x77, 0xff, 0xbf, 0x84, 0x70, 0xff, 0xbe, 0x80, 0x65, 0xff, 0xbc, 0x7c, 0x5e, 0xff, 
0xb3, 0x78, 0x5b, 0xff, 0xae, 0x71, 0x59, 0xff, 0xb5, 0x6f, 0x58, 0xff, 0xa7, 0x66, 0x52, 0xff, 
0x83, 0x51, 0x48, 0xff, 0x88, 0x53, 0x46, 0xff, 0x85, 0x4e, 0x41, 0xff, 0x7c, 0x48, 0x3e, 0xff, 
0x71, 0x44, 0x3b, 0xff, 0x73, 0x48, 0x3f, 0xff, 0x77, 0x49, 0x3f, 0xff, 0x76, 0x47, 0x3c, 0xff, 
0x86, 0x54, 0x48, 0xff, 0x9d, 0x67, 0x56, 0xff, 0x9d, 0x64, 0x51, 0xff, 0x96, 0x5b, 0x4b, 0xff, 
0x90, 0x56, 0x48, 0xff, 0x91, 0x59, 0x4b, 0xff, 0x91, 0x5c, 0x4d, 0xff, 0x95, 0x5f, 0x4d, 0xff, 
0x9b, 0x5e, 0x4e, 0xff, 0x9d, 0x5e, 0x4c, 0xff, 0x98, 0x5e, 0x4c, 0xff, 0x88, 0x54, 0x46, 0xff, 
0x82, 0x53, 0x49, 0xff, 0x80, 0x54, 0x4a, 0xff, 0x75, 0x49, 0x40, 0xff, 0x74, 0x48, 0x40, 0xff, 
0x77, 0x49, 0x41, 0xff, 0x7c, 0x4c, 0x42, 0xff, 0x7d, 0x4c, 0x43, 0xff, 0x7c, 0x4b, 0x41, 0xff, 
0x88, 0x54, 0x4a, 0xff, 0x94, 0x5d, 0x51, 0xff, 0x9f, 0x65, 0x57, 0xff, 0xae, 0x74, 0x65, 0xff, 
0xaf, 0x73, 0x61, 0xff, 0xa2, 0x65, 0x56, 0xff, 0x9d, 0x63, 0x55, 0xff, 0xa5, 0x6b, 0x5c, 0xff, 
0xaa, 0x6c, 0x5a, 0xff, 0xb1, 0x72, 0x5e, 0xff, 0xb0, 0x71, 0x5f, 0xff, 0xb6, 0x78, 0x65, 0xff, 
0xb1, 0x74, 0x60, 0xff, 0xad, 0x70, 0x5d, 0xff, 0xbe, 0x81, 0x6d, 0xff, 0xc5, 0x89, 0x73, 0xff, 
0xbe, 0x82, 0x6b, 0xff, 0xbf, 0x84, 0x6a, 0xff, 0xc3, 0x89, 0x6e, 0xff, 0xc6, 0x8c, 0x74, 0xff, 
0xca, 0x8f, 0x76, 0xff, 0xcb, 0x8f, 0x75, 0xff, 0xce, 0x91, 0x77, 0xff, 0xd1, 0x91, 0x79, 0xff, 
0xc8, 0x88, 0x72, 0xff, 0xc2, 0x82, 0x6d, 0xff, 0xc4, 0x87, 0x71, 0xff, 0xbc, 0x7e, 0x6b, 0xff, 
0xbb, 0x7b, 0x6b, 0xff, 0xbd, 0x7d, 0x6c, 0xff, 0xc1, 0x84, 0x72, 0xff, 0xca, 0x90, 0x7b, 0xff, 
0xcb, 0x92, 0x7e, 0xff, 0xc5, 0x8d, 0x78, 0xff, 0xc0, 0x86, 0x72, 0xff, 0xc1, 0x86, 0x72, 0xff, 
0xc6, 0x8a, 0x74, 0xff, 0xc6, 0x88, 0x72, 0xff, 0xca, 0x8d, 0x78, 0xff, 0xcc, 0x91, 0x7c, 0xff, 
0xd0, 0x98, 0x80, 0xff, 0xd1, 0x9b, 0x84, 0xff, 0xd0, 0x99, 0x84, 0xff, 0xc2, 0x86, 0x74, 0xff, 
0xa9, 0x70, 0x62, 0xff, 0xa6, 0x6f, 0x61, 0xff, 0xa2, 0x6d, 0x5e, 0xff, 0x97, 0x64, 0x5d, 0xff, 
0x86, 0x59, 0x54, 0xff, 0x7c, 0x52, 0x4b, 0xff, 0x84, 0x59, 0x51, 0xff, 0x90, 0x60, 0x59, 0xff, 
0x8e, 0x5e, 0x56, 0xff, 0x90, 0x62, 0x58, 0xff, 0x8d, 0x5e, 0x54, 0xff, 0x9c, 0x67, 0x5e, 0xff, 
0x9c, 0x69, 0x62, 0xff, 0x81, 0x53, 0x4e, 0xff, 0x8a, 0x59, 0x53, 0xff, 0x8d, 0x61, 0x5b, 0xff, 
0x85, 0x5d, 0x56, 0xff, 0x85, 0x56, 0x4f, 0xff, 0x7e, 0x4e, 0x45, 0xff, 0x87, 0x57, 0x4d, 0xff, 
0x7f, 0x56, 0x4e, 0xff, 0x76, 0x4c, 0x44, 0xff, 0x83, 0x51, 0x46, 0xff, 0x99, 0x61, 0x54, 0xff, 
0x9f, 0x65, 0x56, 0xff, 0x9b, 0x60, 0x53, 0xff, 0xa2, 0x6a, 0x5d, 0xff, 0x9b, 0x66, 0x58, 0xff, 
0x9b, 0x63, 0x55, 0xff, 0x9b, 0x61, 0x51, 0xff, 0x96, 0x60, 0x4d, 0xff, 0x9d, 0x67, 0x54, 0xff, 
0x9b, 0x64, 0x54, 0xff, 0x99, 0x60, 0x50, 0xff, 0x9f, 0x64, 0x52, 0xff, 0x9b, 0x63, 0x51, 0xff, 
0x9b, 0x65, 0x52, 0xff, 0xa7, 0x6e, 0x5c, 0xff, 0xa5, 0x69, 0x57, 0xff, 0x99, 0x5f, 0x4d, 0xff, 
0x9c, 0x60, 0x4f, 0xff, 0x9b, 0x5f, 0x4e, 0xff, 0x98, 0x5d, 0x4d, 0xff, 0x9f, 0x63, 0x54, 0xff, 
0x9c, 0x60, 0x52, 0xff, 0x97, 0x5c, 0x4d, 0xff, 0x8f, 0x58, 0x4b, 0xff, 0x87, 0x53, 0x48, 0xff, 
0x86, 0x50, 0x42, 0xff, 0x90, 0x57, 0x48, 0xff, 0x8e, 0x59, 0x4b, 0xff, 0x92, 0x5c, 0x4c, 0xff, 
0x97, 0x5f, 0x50, 0xff, 0x93, 0x5e, 0x4f, 0xff, 0x90, 0x5c, 0x4b, 0xff, 0x92, 0x5b, 0x4c, 0xff, 
0x91, 0x59, 0x4c, 0xff, 0x8e, 0x58, 0x4a, 0xff, 0x89, 0x56, 0x48, 0xff, 0x81, 0x50, 0x40, 0xff, 
0x84, 0x53, 0x46, 0xff, 0x7a, 0x4c, 0x40, 0xff, 0x6f, 0x44, 0x39, 0xff, 0x78, 0x4b, 0x43, 0xff, 
0x76, 0x48, 0x3f, 0xff, 0x73, 0x46, 0x3c, 0xff, 0x78, 0x4b, 0x40, 0xff, 0x7f, 0x52, 0x45, 0xff, 
0x73, 0x4a, 0x3d, 0xff, 0x6c, 0x44, 0x3a, 0xff, 0x7d, 0x52, 0x4a, 0xff, 0x8a, 0x5e, 0x50, 0xff, 
0x7a, 0x51, 0x45, 0xff, 0x6e, 0x48, 0x3f, 0xff, 0x73, 0x4b, 0x41, 0xff, 0x75, 0x4e, 0x44, 0xff, 
0x70, 0x4b, 0x42, 0xff, 0x62, 0x3f, 0x37, 0xff, 0x60, 0x3c, 0x36, 0xff, 0x60, 0x3a, 0x35, 0xff, 
0x5e, 0x3a, 0x34, 0xff, 0x5d, 0x3a, 0x34, 0xff, 0x60, 0x3b, 0x37, 0xff, 0x65, 0x43, 0x3d, 0xff, 
0x6f, 0x4c, 0x43, 0xff, 0x71, 0x49, 0x3f, 0xff, 0x79, 0x4d, 0x42, 0xff, 0x78, 0x4d, 0x45, 0xff, 
0x83, 0x56, 0x48, 0xff, 0x99, 0x64, 0x51, 0xff, 0xa6, 0x6b, 0x58, 0xff, 0xa4, 0x6b, 0x58, 0xff, 
0xa9, 0x6f, 0x5b, 0xff, 0xaf, 0x74, 0x60, 0xff, 0xae, 0x75, 0x5f, 0xff, 0xab, 0x75, 0x5e, 0xff, 
0xa9, 0x75, 0x5f, 0xff, 0xb0, 0x7c, 0x64, 0xff, 0xad, 0x78, 0x62, 0xff, 0x94, 0x63, 0x51, 0xff, 
0xb1, 0x7f, 0x68, 0xff, 0xcd, 0x98, 0x7d, 0xff, 0xb8, 0x81, 0x69, 0xff, 0xb3, 0x7f, 0x67, 0xff, 
0xbf, 0x92, 0x78, 0xff, 0xc7, 0x9b, 0x7e, 0xff, 0xbc, 0x8d, 0x71, 0xff, 0x9f, 0x73, 0x5d, 0xff, 
0x90, 0x61, 0x53, 0xff, 0x8f, 0x5f, 0x52, 0xff, 0x93, 0x65, 0x52, 0xff, 0xa8, 0x74, 0x5d, 0xff, 
0xb6, 0x80, 0x63, 0xff, 0xc6, 0x8e, 0x6c, 0xff, 0xc5, 0x8e, 0x70, 0xff, 0xb1, 0x7f, 0x68, 0xff, 
0xcb, 0xa0, 0x86, 0xff, 0xea, 0xbd, 0x9d, 0xff, 0xdf, 0xac, 0x88, 0xff, 0xcf, 0x99, 0x79, 0xff, 
0xbb, 0x8c, 0x75, 0xff, 0xca, 0x9b, 0x7f, 0xff, 0xd1, 0x9c, 0x7b, 0xff, 0xce, 0x93, 0x76, 0xff, 
0xc8, 0x87, 0x6b, 0xff, 0xbe, 0x79, 0x5e, 0xff, 0xc0, 0x7a, 0x60, 0xff, 0xcc, 0x88, 0x6d, 0xff, 
0xc9, 0x8a, 0x6e, 0xff, 0xc3, 0x86, 0x69, 0xff, 0xc2, 0x81, 0x67, 0xff, 0xc8, 0x84, 0x67, 0xff, 
0xd0, 0x8d, 0x6f, 0xff, 0xd2, 0x8d, 0x71, 0xff, 0xd1, 0x8d, 0x71, 0xff, 0xcd, 0x8c, 0x6f, 0xff, 
0xd1, 0x91, 0x74, 0xff, 0xd5, 0x97, 0x79, 0xff, 0xd9, 0x9e, 0x7f, 0xff, 0xda, 0xa3, 0x82, 0xff, 
0xd4, 0x9c, 0x7d, 0xff, 0xd5, 0x9a, 0x7c, 0xff, 0xd6, 0x98, 0x79, 0xff, 0xd3, 0x92, 0x75, 0xff, 
0xcc, 0x8b, 0x70, 0xff, 0xb6, 0x78, 0x61, 0xff, 0xaf, 0x73, 0x5d, 0xff, 0xbb, 0x7e, 0x68, 0xff, 
0xc7, 0x87, 0x6e, 0xff, 0xc3, 0x88, 0x6f, 0xff, 0xbf, 0x88, 0x71, 0xff, 0xc0, 0x87, 0x6e, 0xff, 
0xbe, 0x83, 0x69, 0xff, 0xc2, 0x88, 0x6d, 0xff, 0xc7, 0x8f, 0x73, 0xff, 0xc6, 0x8f, 0x72, 0xff, 
0xc2, 0x8b, 0x6e, 0xff, 0xbe, 0x88, 0x6b, 0xff, 0xbb, 0x83, 0x6a, 0xff, 0xc3, 0x8b, 0x72, 0xff, 
0xc6, 0x8f, 0x74, 0xff, 0xc8, 0x90, 0x74, 0xff, 0xc1, 0x86, 0x6d, 0xff, 0xc3, 0x89, 0x6e, 0xff, 
0xd2, 0x9a, 0x7c, 0xff, 0xde, 0xa6, 0x85, 0xff, 0xd8, 0xa1, 0x81, 0xff, 0xd8, 0x9a, 0x7d, 0xff, 
0xd5, 0x95, 0x7a, 0xff, 0xd7, 0x97, 0x7b, 0xff, 0xd9, 0x99, 0x7b, 0xff, 0xd2, 0x8f, 0x73, 0xff, 
0xcf, 0x8a, 0x70, 0xff, 0xc0, 0x79, 0x62, 0xff, 0xbb, 0x74, 0x5c, 0xff, 0xbb, 0x77, 0x61, 0xff, 
0xb5, 0x74, 0x63, 0xff, 0xb1, 0x6d, 0x5a, 0xff, 0xa7, 0x64, 0x4f, 0xff, 0x9c, 0x5d, 0x49, 0xff, 
0x99, 0x59, 0x4a, 0xff, 0x96, 0x57, 0x4b, 0xff, 0x88, 0x4d, 0x45, 0xff, 0x7c, 0x49, 0x40, 0xff, 
0x5b, 0x3c, 0x36, 0xff, 0x57, 0x39, 0x34, 0xff, 0x55, 0x38, 0x33, 0xff, 0x4e, 0x33, 0x2e, 0xff, 
0x48, 0x2e, 0x2a, 0xff, 0x46, 0x2c, 0x29, 0xff, 0x4b, 0x30, 0x2d, 0xff, 0x59, 0x3a, 0x37, 0xff, 
0x5f, 0x3d, 0x38, 0xff, 0x5e, 0x3a, 0x35, 0xff, 0x63, 0x3c, 0x37, 0xff, 0x70, 0x46, 0x3f, 0xff, 
0x74, 0x48, 0x3c, 0xff, 0x76, 0x49, 0x3d, 0xff, 0x7e, 0x52, 0x44, 0xff, 0x84, 0x57, 0x48, 0xff, 
0x84, 0x54, 0x45, 0xff, 0x90, 0x58, 0x4a, 0xff, 0x99, 0x5f, 0x51, 0xff, 0x98, 0x60, 0x50, 0xff, 
0x96, 0x5e, 0x4d, 0xff, 0x95, 0x5d, 0x4d, 0xff, 0xa2, 0x69, 0x56, 0xff, 0xa4, 0x6e, 0x5a, 0xff, 
0x9a, 0x65, 0x53, 0xff, 0xa0, 0x69, 0x57, 0xff, 0xa6, 0x6c, 0x59, 0xff, 0x9c, 0x62, 0x52, 0xff, 
0x8d, 0x57, 0x48, 0xff, 0x94, 0x5e, 0x4f, 0xff, 0xa1, 0x6a, 0x5a, 0xff, 0xa1, 0x6b, 0x5a, 0xff, 
0x9e, 0x67, 0x56, 0xff, 0xaa, 0x72, 0x60, 0xff, 0xac, 0x72, 0x60, 0xff, 0xa8, 0x6c, 0x5b, 0xff, 
0xa7, 0x6b, 0x5a, 0xff, 0xa7, 0x6c, 0x5b, 0xff, 0xa2, 0x69, 0x57, 0xff, 0xa1, 0x67, 0x57, 0xff, 
0x9f, 0x65, 0x57, 0xff, 0x95, 0x5a, 0x4c, 0xff, 0x9d, 0x64, 0x55, 0xff, 0xaf, 0x77, 0x67, 0xff, 
0xac, 0x75, 0x63, 0xff, 0xa4, 0x6f, 0x5c, 0xff, 0xa1, 0x6c, 0x59, 0xff, 0xa2, 0x6d, 0x5a, 0xff, 
0xa4, 0x70, 0x5d, 0xff, 0xac, 0x76, 0x64, 0xff, 0xaf, 0x7b, 0x68, 0xff, 0xab, 0x77, 0x65, 0xff, 
0xa5, 0x6e, 0x5f, 0xff, 0xa6, 0x6e, 0x5f, 0xff, 0xa6, 0x6f, 0x61, 0xff, 0xa1, 0x69, 0x5d, 0xff, 
0xa1, 0x6c, 0x5e, 0xff, 0xa6, 0x72, 0x60, 0xff, 0xab, 0x77, 0x66, 0xff, 0xb3, 0x7d, 0x6b, 0xff, 
0xb6, 0x80, 0x6e, 0xff, 0xae, 0x7b, 0x68, 0xff, 0xa8, 0x76, 0x64, 0xff, 0xaa, 0x78, 0x67, 0xff, 
0xae, 0x7a, 0x6a, 0xff, 0xb0, 0x7a, 0x6b, 0xff, 0xb6, 0x81, 0x6f, 0xff, 0xbb, 0x8a, 0x77, 0xff, 
0xbd, 0x8c, 0x7d, 0xff, 0xb8, 0x88, 0x7d, 0xff, 0xad, 0x7d, 0x70, 0xff, 0xa7, 0x76, 0x66, 0xff, 
0xa5, 0x72, 0x62, 0xff, 0x9c, 0x6c, 0x5d, 0xff, 0x90, 0x60, 0x50, 0xff, 0x8f, 0x5d, 0x4f, 0xff, 
0x99, 0x66, 0x58, 0xff, 0x9c, 0x6a, 0x5a, 0xff, 0xa3, 0x6e, 0x5e, 0xff, 0xa6, 0x71, 0x62, 0xff, 
0x94, 0x62, 0x56, 0xff, 0x86, 0x58, 0x4b, 0xff, 0x8b, 0x5b, 0x50, 0xff, 0x92, 0x5f, 0x56, 0xff, 
0xa0, 0x6c, 0x60, 0xff, 0xa7, 0x6e, 0x5f, 0xff, 0xac, 0x6f, 0x5f, 0xff, 0xa9, 0x6f, 0x61, 0xff, 
0xaf, 0x73, 0x66, 0xff, 0xac, 0x71, 0x61, 0xff, 0xa7, 0x6b, 0x59, 0xff, 0xaf, 0x70, 0x5e, 0xff, 
0xa4, 0x68, 0x55, 0xff, 0x99, 0x5f, 0x4e, 0xff, 0x9a, 0x5f, 0x52, 0xff, 0x97, 0x5f, 0x54, 0xff, 
0x96, 0x64, 0x58, 0xff, 0x98, 0x67, 0x57, 0xff, 0x90, 0x5f, 0x52, 0xff, 0x8e, 0x5e, 0x53, 0xff, 
0x9d, 0x68, 0x5e, 0xff, 0xa7, 0x6f, 0x66, 0xff, 0x99, 0x66, 0x5b, 0xff, 0x90, 0x5e, 0x52, 0xff, 
0x99, 0x66, 0x56, 0xff, 0x91, 0x5f, 0x4f, 0xff, 0x88, 0x59, 0x4c, 0xff, 0x85, 0x59, 0x4e, 0xff, 
0x8e, 0x60, 0x53, 0xff, 0x99, 0x67, 0x57, 0xff, 0x9a, 0x66, 0x56, 0xff, 0x9d, 0x6b, 0x5c, 0xff, 
0x9c, 0x68, 0x59, 0xff, 0x9e, 0x68, 0x58, 0xff, 0x96, 0x62, 0x51, 0xff, 0x87, 0x59, 0x4c, 0xff, 
0x82, 0x54, 0x47, 0xff, 0x8e, 0x5a, 0x48, 0xff, 0x94, 0x5e, 0x4e, 0xff, 0x92, 0x5c, 0x4e, 0xff, 
0x8f, 0x5c, 0x4c, 0xff, 0x8b, 0x59, 0x49, 0xff, 0x87, 0x54, 0x44, 0xff, 0x8e, 0x5a, 0x4b, 0xff, 
0x92, 0x5f, 0x51, 0xff, 0x91, 0x60, 0x4f, 0xff, 0x92, 0x61, 0x50, 0xff, 0x94, 0x60, 0x51, 0xff, 
0x91, 0x5d, 0x4f, 0xff, 0x8b, 0x5a, 0x4c, 0xff, 0x89, 0x5b, 0x4d, 0xff, 0x8a, 0x5b, 0x4e, 0xff, 
0x8e, 0x5f, 0x50, 0xff, 0x90, 0x60, 0x4f, 0xff, 0x94, 0x63, 0x50, 0xff, 0x97, 0x65, 0x50, 0xff, 
0x95, 0x61, 0x4f, 0xff, 0x90, 0x5a, 0x4a, 0xff, 0x94, 0x5d, 0x4e, 0xff, 0x95, 0x61, 0x52, 0xff, 
0x93, 0x62, 0x53, 0xff, 0x89, 0x5c, 0x50, 0xff, 0x83, 0x59, 0x4e, 0xff, 0x82, 0x57, 0x4a, 0xff, 
0x78, 0x4d, 0x42, 0xff, 0x72, 0x48, 0x40, 0xff, 0x70, 0x48, 0x3d, 0xff, 0x71, 0x49, 0x3e, 0xff, 
0x66, 0x41, 0x3a, 0xff, 0x61, 0x3e, 0x38, 0xff, 0x68, 0x41, 0x3a, 0xff, 0x60, 0x3c, 0x35, 0xff, 
0x5d, 0x3a, 0x33, 0xff, 0x5d, 0x3a, 0x32, 0xff, 0x5c, 0x38, 0x2f, 0xff, 0x61, 0x39, 0x33, 0xff, 
0x58, 0x36, 0x2e, 0xff, 0x5d, 0x3a, 0x31, 0xff, 0x78, 0x4d, 0x44, 0xff, 0x82, 0x55, 0x4a, 0xff, 
0x83, 0x56, 0x47, 0xff, 0x8d, 0x5c, 0x4c, 0xff, 0x97, 0x60, 0x51, 0xff, 0x95, 0x60, 0x51, 0xff, 
0xae, 0x74, 0x5f, 0xff, 0xa2, 0x6a, 0x58, 0xff, 0x7f, 0x52, 0x46, 0xff, 0x8a, 0x5e, 0x4f, 0xff, 
0x8e, 0x5f, 0x4f, 0xff, 0x92, 0x61, 0x51, 0xff, 0xb2, 0x7d, 0x65, 0xff, 0xbd, 0x87, 0x6e, 0xff, 
0x8c, 0x61, 0x52, 0xff, 0x8a, 0x5f, 0x54, 0xff, 0xa8, 0x72, 0x61, 0xff, 0xb5, 0x7a, 0x66, 0xff, 
0xb7, 0x7f, 0x6a, 0xff, 0xa4, 0x70, 0x5b, 0xff, 0xa4, 0x71, 0x5d, 0xff, 0xa8, 0x75, 0x61, 0xff, 
0x95, 0x66, 0x55, 0xff, 0x81, 0x55, 0x49, 0xff, 0x7a, 0x50, 0x45, 0xff, 0x83, 0x58, 0x4c, 0xff, 
0x87, 0x5c, 0x4c, 0xff, 0x8f, 0x61, 0x51, 0xff, 0xa3, 0x71, 0x5d, 0xff, 0xa6, 0x78, 0x61, 0xff, 
0xa5, 0x7e, 0x69, 0xff, 0xb0, 0x88, 0x75, 0xff, 0xb2, 0x86, 0x70, 0xff, 0xbc, 0x8b, 0x71, 0xff, 
0xc6, 0x92, 0x74, 0xff, 0xc2, 0x8f, 0x70, 0xff, 0xc1, 0x8e, 0x70, 0xff, 0xc8, 0x93, 0x73, 0xff, 
0xcb, 0x92, 0x74, 0xff, 0xc6, 0x8b, 0x6e, 0xff, 0xc6, 0x8b, 0x6d, 0xff, 0xc0, 0x88, 0x69, 0xff, 
0xb9, 0x85, 0x66, 0xff, 0xbe, 0x8a, 0x6b, 0xff, 0xc4, 0x8c, 0x6f, 0xff, 0xca, 0x8e, 0x70, 0xff, 
0xca, 0x8f, 0x71, 0xff, 0xc5, 0x8b, 0x6d, 0xff, 0xc8, 0x8c, 0x6e, 0xff, 0xca, 0x8d, 0x70, 0xff, 
0xce, 0x90, 0x72, 0xff, 0xcb, 0x8c, 0x6f, 0xff, 0xc7, 0x85, 0x6a, 0xff, 0xc3, 0x81, 0x65, 0xff, 
0xc4, 0x83, 0x67, 0xff, 0xcc, 0x8d, 0x71, 0xff, 0xc9, 0x8b, 0x6e, 0xff, 0xcb, 0x8c, 0x6f, 0xff, 
0xd1, 0x94, 0x75, 0xff, 0xcf, 0x94, 0x74, 0xff, 0xd1, 0x98, 0x7a, 0xff, 0xd0, 0x99, 0x7c, 0xff, 
0xce, 0x99, 0x7e, 0xff, 0xc9, 0x9a, 0x80, 0xff, 0xc6, 0x97, 0x7f, 0xff, 0xbf, 0x8e, 0x76, 0xff, 
0xbc, 0x89, 0x71, 0xff, 0xc0, 0x8e, 0x76, 0xff, 0xc0, 0x8f, 0x74, 0xff, 0xc0, 0x8a, 0x6f, 0xff, 
0xc0, 0x88, 0x6e, 0xff, 0xc3, 0x89, 0x6f, 0xff, 0xc4, 0x8a, 0x70, 0xff, 0xc4, 0x8b, 0x71, 0xff, 
0xc3, 0x88, 0x6c, 0xff, 0xc5, 0x88, 0x6e, 0xff, 0xc7, 0x8a, 0x70, 0xff, 0xc1, 0x87, 0x6d, 0xff, 
0xbd, 0x86, 0x6e, 0xff, 0xb5, 0x7c, 0x66, 0xff, 0xae, 0x74, 0x60, 0xff, 0xb0, 0x74, 0x62, 0xff, 
0xad, 0x71, 0x5f, 0xff, 0xa7, 0x6b, 0x57, 0xff, 0xa0, 0x67, 0x55, 0xff, 0x9e, 0x65, 0x54, 0xff, 
0xa1, 0x65, 0x55, 0xff, 0x9b, 0x62, 0x52, 0xff, 0x94, 0x5c, 0x4d, 0xff, 0x8f, 0x56, 0x49, 0xff, 
0x87, 0x52, 0x44, 0xff, 0x84, 0x52, 0x44, 0xff, 0x7b, 0x4d, 0x43, 0xff, 0x70, 0x45, 0x3b, 0xff, 
0x6b, 0x42, 0x3a, 0xff, 0x5f, 0x3c, 0x34, 0xff, 0x5d, 0x3d, 0x37, 0xff, 0x5e, 0x3e, 0x39, 0xff, 
0x5a, 0x3a, 0x32, 0xff, 0x5e, 0x3d, 0x37, 0xff, 0x5f, 0x3b, 0x35, 0xff, 0x79, 0x51, 0x47, 0xff, 
0x90, 0x61, 0x54, 0xff, 0x91, 0x5f, 0x51, 0xff, 0x91, 0x5c, 0x4c, 0xff, 0x98, 0x60, 0x4f, 0xff, 
0x9a, 0x61, 0x52, 0xff, 0x8c, 0x58, 0x4e, 0xff, 0x71, 0x4b, 0x43, 0xff, 0x5d, 0x3d, 0x36, 0xff, 
0x58, 0x3b, 0x34, 0xff, 0x5a, 0x3d, 0x36, 0xff, 0x59, 0x3c, 0x34, 0xff, 0x56, 0x37, 0x31, 0xff, 
0x5b, 0x3b, 0x35, 0xff, 0x70, 0x49, 0x41, 0xff, 0x79, 0x4c, 0x43, 0xff, 0x7c, 0x4f, 0x42, 0xff, 
0x87, 0x57, 0x47, 0xff, 0x94, 0x5c, 0x4b, 0xff, 0xa5, 0x67, 0x56, 0xff, 0xaf, 0x71, 0x5d, 0xff, 
0xaa, 0x6b, 0x58, 0xff, 0xa5, 0x69, 0x56, 0xff, 0xa8, 0x6c, 0x5a, 0xff, 0xa9, 0x6c, 0x5a, 0xff, 
0xa3, 0x67, 0x56, 0xff, 0x99, 0x5f, 0x4e, 0xff, 0x95, 0x5e, 0x4e, 0xff, 0x90, 0x5a, 0x4a, 0xff, 
0x8e, 0x5a, 0x4a, 0xff, 0x9a, 0x64, 0x54, 0xff, 0xa3, 0x6a, 0x59, 0xff, 0xa5, 0x6c, 0x59, 0xff, 
0xa7, 0x6e, 0x5c, 0xff, 0xa7, 0x6d, 0x5b, 0xff, 0xa2, 0x6b, 0x59, 0xff, 0xa5, 0x6f, 0x5d, 0xff, 
0xab, 0x73, 0x62, 0xff, 0xac, 0x74, 0x62, 0xff, 0xa7, 0x71, 0x60, 0xff, 0xa6, 0x6e, 0x5f, 0xff, 
0xa6, 0x6f, 0x60, 0xff, 0xa9, 0x72, 0x63, 0xff, 0xad, 0x76, 0x67, 0xff, 0xaf, 0x7c, 0x6b, 0xff, 
0xb3, 0x81, 0x6f, 0xff, 0xb4, 0x82, 0x70, 0xff, 0xaf, 0x7d, 0x6b, 0xff, 0xae, 0x7e, 0x6b, 0xff, 
0xb1, 0x80, 0x6d, 0xff, 0xb8, 0x88, 0x73, 0xff, 0xba, 0x89, 0x73, 0xff, 0xb8, 0x89, 0x73, 0xff, 
0xbb, 0x8c, 0x75, 0xff, 0xb8, 0x88, 0x72, 0xff, 0xb4, 0x84, 0x6e, 0xff, 0xbc, 0x8c, 0x78, 0xff, 
0xc1, 0x92, 0x7e, 0xff, 0xbb, 0x8b, 0x78, 0xff, 0xb9, 0x8a, 0x78, 0xff, 0xb0, 0x81, 0x70, 0xff, 
0xab, 0x7b, 0x6a, 0xff, 0xae, 0x7e, 0x6c, 0xff, 0xae, 0x7d, 0x6c, 0xff, 0xa9, 0x78, 0x68, 0xff, 
0x9a, 0x67, 0x5c, 0xff, 0x95, 0x63, 0x59, 0xff, 0x92, 0x63, 0x56, 0xff, 0x91, 0x64, 0x53, 0xff, 
0x99, 0x6d, 0x5b, 0xff, 0x9e, 0x6f, 0x5f, 0xff, 0x9d, 0x6b, 0x5a, 0xff, 0x9c, 0x6b, 0x57, 0xff, 
0xa7, 0x71, 0x5d, 0xff, 0xa9, 0x71, 0x5e, 0xff, 0x9c, 0x67, 0x56, 0xff, 0x95, 0x61, 0x50, 0xff, 
0x98, 0x64, 0x54, 0xff, 0x97, 0x62, 0x55, 0xff, 0x90, 0x5e, 0x54, 0xff, 0x90, 0x5f, 0x58, 0xff, 
0x91, 0x5d, 0x55, 0xff, 0x93, 0x5e, 0x52, 0xff, 0x9d, 0x66, 0x58, 0xff, 0x9f, 0x69, 0x5b, 0xff, 
0x98, 0x64, 0x56, 0xff, 0x8e, 0x5c, 0x52, 0xff, 0x8e, 0x5b, 0x52, 0xff, 0x92, 0x5e, 0x54, 0xff, 
0x90, 0x5b, 0x4f, 0xff, 0x92, 0x5c, 0x50, 0xff, 0x97, 0x60, 0x53, 0xff, 0x98, 0x61, 0x53, 0xff, 
0x9a, 0x65, 0x57, 0xff, 0x9d, 0x6a, 0x5b, 0xff, 0x92, 0x61, 0x54, 0xff, 0x8e, 0x5e, 0x52, 0xff, 
0x8c, 0x5e, 0x52, 0xff, 0x86, 0x5a, 0x50, 0xff, 0x83, 0x56, 0x4d, 0xff, 0x85, 0x57, 0x4d, 0xff, 
0x89, 0x59, 0x4d, 0xff, 0x8d, 0x5a, 0x4f, 0xff, 0x8b, 0x5b, 0x51, 0xff, 0x92, 0x60, 0x57, 0xff, 
0xa0, 0x69, 0x60, 0xff, 0x9a, 0x64, 0x5a, 0xff, 0x8e, 0x5b, 0x54, 0xff, 0x91, 0x5f, 0x58, 0xff, 
0x81, 0x55, 0x4b, 0xff, 0x6d, 0x46, 0x3c, 0xff, 0x6b, 0x46, 0x3e, 0xff, 0x67, 0x44, 0x3d, 0xff, 
0x6b, 0x45, 0x3b, 0xff, 0x7f, 0x53, 0x47, 0xff, 0x7d, 0x52, 0x43, 0xff, 0x78, 0x4c, 0x3e, 0xff, 
0x7f, 0x54, 0x46, 0xff, 0x7e, 0x54, 0x48, 0xff, 0x73, 0x4b, 0x40, 0xff, 0x6c, 0x47, 0x3b, 0xff, 
0x6c, 0x46, 0x3b, 0xff, 0x77, 0x50, 0x45, 0xff, 0x81, 0x59, 0x50, 0xff, 0x75, 0x4c, 0x41, 0xff, 
0x71, 0x49, 0x3e, 0xff, 0x76, 0x4e, 0x44, 0xff, 0x81, 0x56, 0x4b, 0xff, 0x85, 0x5a, 0x4f, 0xff, 
0x76, 0x50, 0x45, 0xff, 0x6f, 0x4c, 0x43, 0xff, 0x67, 0x44, 0x3f, 0xff, 0x5f, 0x3c, 0x36, 0xff, 
0x61, 0x3e, 0x38, 0xff, 0x61, 0x3d, 0x37, 0xff, 0x6a, 0x45, 0x3e, 0xff, 0x6e, 0x46, 0x40, 0xff, 
0x6a, 0x43, 0x3c, 0xff, 0x6a, 0x43, 0x3d, 0xff, 0x65, 0x3e, 0x39, 0xff, 0x69, 0x40, 0x3b, 0xff, 
0x66, 0x3e, 0x35, 0xff, 0x6e, 0x47, 0x3a, 0xff, 0x78, 0x4e, 0x44, 0xff, 0x6a, 0x44, 0x3e, 0xff, 
0x61, 0x3d, 0x38, 0xff, 0x80, 0x54, 0x49, 0xff, 0x92, 0x61, 0x52, 0xff, 0x7d, 0x51, 0x44, 0xff, 
0x7c, 0x50, 0x44, 0xff, 0x83, 0x56, 0x48, 0xff, 0x7f, 0x52, 0x44, 0xff, 0x7f, 0x4f, 0x44, 0xff, 
0x7c, 0x4f, 0x45, 0xff, 0x75, 0x4d, 0x40, 0xff, 0x7e, 0x52, 0x45, 0xff, 0x91, 0x5e, 0x50, 0xff, 
0x94, 0x62, 0x52, 0xff, 0x82, 0x56, 0x47, 0xff, 0x7d, 0x50, 0x46, 0xff, 0x97, 0x64, 0x58, 0xff, 
0xae, 0x72, 0x5e, 0xff, 0xa3, 0x69, 0x54, 0xff, 0x84, 0x58, 0x47, 0xff, 0x75, 0x4c, 0x42, 0xff, 
0x73, 0x48, 0x41, 0xff, 0x74, 0x49, 0x40, 0xff, 0x8b, 0x5e, 0x4f, 0xff, 0x98, 0x68, 0x58, 0xff, 
0x6e, 0x45, 0x3c, 0xff, 0x55, 0x30, 0x2d, 0xff, 0x73, 0x49, 0x43, 0xff, 0x8f, 0x60, 0x52, 0xff, 
0x8d, 0x5c, 0x4d, 0xff, 0x8b, 0x5a, 0x4b, 0xff, 0x8d, 0x5e, 0x4f, 0xff, 0x9a, 0x69, 0x58, 0xff, 
0x98, 0x68, 0x54, 0xff, 0x92, 0x65, 0x55, 0xff, 0x8e, 0x62, 0x57, 0xff, 0x7c, 0x52, 0x4a, 0xff, 
0x6b, 0x45, 0x3f, 0xff, 0x67, 0x44, 0x40, 0xff, 0x6e, 0x49, 0x44, 0xff, 0x74, 0x4b, 0x45, 0xff, 
0x7e, 0x50, 0x4a, 0xff, 0x7e, 0x50, 0x49, 0xff, 0x77, 0x4b, 0x45, 0xff, 0x7e, 0x54, 0x4c, 0xff, 
0x89, 0x61, 0x53, 0xff, 0x91, 0x67, 0x55, 0xff, 0xa1, 0x71, 0x5c, 0xff, 0xb5, 0x7e, 0x67, 0xff, 
0xbc, 0x83, 0x6b, 0xff, 0xc2, 0x89, 0x6f, 0xff, 0xc3, 0x89, 0x6e, 0xff, 0xc3, 0x89, 0x6b, 0xff, 
0xc4, 0x8b, 0x6c, 0xff, 0xc6, 0x8e, 0x70, 0xff, 0xc9, 0x93, 0x75, 0xff, 0xc7, 0x93, 0x74, 0xff, 
0xc7, 0x97, 0x76, 0xff, 0xcb, 0x9c, 0x7b, 0xff, 0xcd, 0x97, 0x78, 0xff, 0xc8, 0x8d, 0x6f, 0xff, 
0xc5, 0x8b, 0x6c, 0xff, 0xc0, 0x86, 0x69, 0xff, 0xbd, 0x80, 0x66, 0xff, 0xbb, 0x80, 0x67, 0xff, 
0xb8, 0x80, 0x68, 0xff, 0xb2, 0x7e, 0x65, 0xff, 0xb4, 0x80, 0x69, 0xff, 0xb9, 0x82, 0x6b, 0xff, 
0xbb, 0x85, 0x6d, 0xff, 0xbd, 0x88, 0x6e, 0xff, 0xbc, 0x86, 0x6c, 0xff, 0xbc, 0x86, 0x6c, 0xff, 
0xc1, 0x89, 0x6e, 0xff, 0xc1, 0x86, 0x6b, 0xff, 0xc2, 0x88, 0x6d, 0xff, 0xc7, 0x8d, 0x74, 0xff, 
0xc4, 0x8d, 0x76, 0xff, 0xbc, 0x85, 0x71, 0xff, 0xbb, 0x83, 0x6f, 0xff, 0xbf, 0x87, 0x70, 0xff, 
0xba, 0x82, 0x6c, 0xff, 0xb0, 0x78, 0x62, 0xff, 0xb7, 0x7c, 0x67, 0xff, 0xba, 0x7d, 0x6a, 0xff, 
0xb8, 0x7a, 0x66, 0xff, 0xb9, 0x7b, 0x68, 0xff, 0xb6, 0x79, 0x65, 0xff, 0xae, 0x72, 0x5f, 0xff, 
0xa5, 0x69, 0x58, 0xff, 0x97, 0x5d, 0x4e, 0xff, 0x98, 0x5e, 0x50, 0xff, 0x96, 0x5e, 0x4f, 0xff, 
0x91, 0x58, 0x4c, 0xff, 0x89, 0x54, 0x47, 0xff, 0x7d, 0x4f, 0x41, 0xff, 0x71, 0x46, 0x3b, 0xff, 
0x67, 0x3d, 0x35, 0xff, 0x62, 0x3d, 0x35, 0xff, 0x5f, 0x3e, 0x37, 0xff, 0x58, 0x39, 0x33, 0xff, 
0x4d, 0x31, 0x2b, 0xff, 0x4c, 0x33, 0x2c, 0xff, 0x4f, 0x36, 0x2f, 0xff, 0x54, 0x39, 0x34, 0xff, 
0x53, 0x37, 0x31, 0xff, 0x52, 0x36, 0x2f, 0xff, 0x57, 0x38, 0x30, 0xff, 0x58, 0x38, 0x30, 0xff, 
0x5f, 0x3d, 0x37, 0xff, 0x61, 0x3f, 0x39, 0xff, 0x63, 0x40, 0x39, 0xff, 0x7a, 0x52, 0x47, 0xff, 
0x8d, 0x62, 0x54, 0xff, 0x8b, 0x60, 0x52, 0xff, 0x84, 0x58, 0x4b, 0xff, 0x79, 0x50, 0x46, 0xff, 
0x76, 0x4f, 0x46, 0xff, 0x74, 0x4e, 0x44, 0xff, 0x66, 0x44, 0x38, 0xff, 0x5d, 0x3c, 0x33, 0xff, 
0x66, 0x42, 0x3b, 0xff, 0x6d, 0x48, 0x40, 0xff, 0x67, 0x42, 0x3a, 0xff, 0x64, 0x3f, 0x36, 0xff, 
0x65, 0x3f, 0x35, 0xff, 0x70, 0x49, 0x3d, 0xff, 0x7d, 0x54, 0x46, 0xff, 0x81, 0x55, 0x48, 0xff, 
0x88, 0x59, 0x4b, 0xff, 0x86, 0x55, 0x47, 0xff, 0x7e, 0x4c, 0x3e, 0xff, 0x86, 0x51, 0x44, 0xff, 
0x8d, 0x57, 0x49, 0xff, 0x92, 0x5b, 0x4b, 0xff, 0x96, 0x5e, 0x4c, 0xff, 0x99, 0x5f, 0x4d, 0xff, 
0xa4, 0x69, 0x58, 0xff, 0xab, 0x71, 0x5e, 0xff, 0xa9, 0x6d, 0x5b, 0xff, 0xac, 0x70, 0x5d, 0xff, 
0xad, 0x70, 0x5c, 0xff, 0xa8, 0x6a, 0x57, 0xff, 0xa2, 0x64, 0x53, 0xff, 0xa1, 0x64, 0x53, 0xff, 
0xa6, 0x6a, 0x58, 0xff, 0xa8, 0x6e, 0x59, 0xff, 0xaf, 0x73, 0x5e, 0xff, 0xb4, 0x7a, 0x63, 0xff, 
0xb6, 0x7c, 0x66, 0xff, 0xb7, 0x7c, 0x67, 0xff, 0xbb, 0x80, 0x6a, 0xff, 0xbf, 0x84, 0x6e, 0xff, 
0xc3, 0x89, 0x72, 0xff, 0xc9, 0x8e, 0x76, 0xff, 0xc9, 0x8f, 0x78, 0xff, 0xc8, 0x90, 0x78, 0xff, 
0xca, 0x92, 0x7a, 0xff, 0xcd, 0x94, 0x7c, 0xff, 0xca, 0x90, 0x79, 0xff, 0xc9, 0x93, 0x7a, 0xff, 
0xd1, 0x9e, 0x83, 0xff, 0xd2, 0x9f, 0x85, 0xff, 0xcc, 0x99, 0x7f, 0xff, 0xca, 0x96, 0x7d, 0xff, 
0xc7, 0x91, 0x79, 0xff, 0xc6, 0x8e, 0x78, 0xff, 0xc1, 0x8a, 0x73, 0xff, 0xbf, 0x88, 0x72, 0xff, 
0xbe, 0x86, 0x71, 0xff, 0xb8, 0x7f, 0x6c, 0xff, 0xb3, 0x7a, 0x66, 0xff, 0xb1, 0x76, 0x63, 0xff, 
0xb0, 0x77, 0x63, 0xff, 0xb2, 0x7a, 0x64, 0xff, 0xb1, 0x7a, 0x64, 0xff, 0xac, 0x76, 0x5f, 0xff, 
0xa6, 0x6f, 0x5b, 0xff, 0xa3, 0x6a, 0x57, 0xff, 0xa2, 0x6a, 0x57, 0xff, 0xa3, 0x6e, 0x5a, 0xff, 
0xa5, 0x6f, 0x5b, 0xff, 0xaa, 0x73, 0x5f, 0xff, 0xb4, 0x7b, 0x65, 0xff, 0xb9, 0x83, 0x6a, 0xff, 
0xba, 0x83, 0x6b, 0xff, 0xbb, 0x82, 0x69, 0xff, 0xbd, 0x83, 0x69, 0xff, 0xba, 0x80, 0x67, 0xff, 
0xb5, 0x79, 0x62, 0xff, 0xaf, 0x74, 0x5c, 0xff, 0xa7, 0x6e, 0x56, 0xff, 0xa6, 0x6e, 0x57, 0xff, 
0xa4, 0x6b, 0x56, 0xff, 0x9c, 0x64, 0x50, 0xff, 0xa1, 0x6a, 0x55, 0xff, 0xa8, 0x71, 0x5a, 0xff, 
0xa5, 0x6e, 0x57, 0xff, 0xa0, 0x68, 0x55, 0xff, 0x9d, 0x64, 0x54, 0xff, 0xa0, 0x67, 0x56, 0xff, 
0xa9, 0x6d, 0x5c, 0xff, 0xa8, 0x6c, 0x58, 0xff, 0xa9, 0x6b, 0x57, 0xff, 0xac, 0x6f, 0x59, 0xff, 
0xac, 0x6c, 0x5a, 0xff, 0xaa, 0x69, 0x5b, 0xff, 0xa5, 0x6a, 0x5a, 0xff, 0x9d, 0x68, 0x59, 0xff, 
0x92, 0x63, 0x53, 0xff, 0x87, 0x5a, 0x4b, 0xff, 0x85, 0x57, 0x4c, 0xff, 0x89, 0x5a, 0x4e, 0xff, 
0x8b, 0x5b, 0x51, 0xff, 0x88, 0x59, 0x4e, 0xff, 0x89, 0x5a, 0x4e, 0xff, 0x8a, 0x5b, 0x4f, 0xff, 
0x8f, 0x5e, 0x51, 0xff, 0x94, 0x64, 0x56, 0xff, 0x98, 0x6a, 0x5b, 0xff, 0x88, 0x5e, 0x4f, 0xff, 
0x73, 0x4d, 0x3f, 0xff, 0x6b, 0x49, 0x3f, 0xff, 0x6c, 0x4a, 0x43, 0xff, 0x6b, 0x48, 0x40, 0xff, 
0x71, 0x4c, 0x43, 0xff, 0x73, 0x4d, 0x46, 0xff, 0x64, 0x41, 0x39, 0xff, 0x65, 0x42, 0x39, 0xff, 
0x6b, 0x48, 0x3d, 0xff, 0x72, 0x4e, 0x43, 0xff, 0x72, 0x4a, 0x43, 0xff, 0x65, 0x3e, 0x37, 0xff, 
0x68, 0x40, 0x38, 0xff, 0x7d, 0x54, 0x4b, 0xff, 0x84, 0x59, 0x4e, 0xff, 0x7e, 0x54, 0x47, 0xff, 
0x8c, 0x5f, 0x52, 0xff, 0x93, 0x64, 0x55, 0xff, 0x8f, 0x5e, 0x4d, 0xff, 0x93, 0x62, 0x51, 0xff, 
0x90, 0x61, 0x53, 0xff, 0x7e, 0x53, 0x48, 0xff, 0x6f, 0x46, 0x3f, 0xff, 0x68, 0x42, 0x3b, 0xff, 
0x62, 0x3e, 0x36, 0xff, 0x60, 0x3e, 0x35, 0xff, 0x74, 0x4e, 0x45, 0xff, 0x7a, 0x51, 0x49, 0xff, 
0x6f, 0x49, 0x42, 0xff, 0x66, 0x41, 0x3c, 0xff, 0x60, 0x3d, 0x36, 0xff, 0x67, 0x43, 0x3b, 0xff, 
0x73, 0x4c, 0x43, 0xff, 0x7a, 0x52, 0x45, 0xff, 0x78, 0x50, 0x44, 0xff, 0x71, 0x49, 0x41, 0xff, 
0x72, 0x47, 0x3f, 0xff, 0x89, 0x5c, 0x50, 0xff, 0x97, 0x67, 0x59, 0xff, 0x8e, 0x5b, 0x4b, 0xff, 
0x96, 0x61, 0x4f, 0xff, 0xa4, 0x6e, 0x5c, 0xff, 0x98, 0x67, 0x58, 0xff, 0x7d, 0x52, 0x47, 0xff, 
0x74, 0x4a, 0x42, 0xff, 0x7b, 0x4f, 0x44, 0xff, 0x82, 0x53, 0x46, 0xff, 0x8b, 0x5c, 0x4e, 0xff, 
0x80, 0x54, 0x4a, 0xff, 0x69, 0x43, 0x3c, 0xff, 0x6f, 0x4a, 0x40, 0xff, 0x8c, 0x60, 0x53, 0xff, 
0x95, 0x64, 0x54, 0xff, 0x9c, 0x66, 0x54, 0xff, 0xaf, 0x75, 0x60, 0xff, 0xb2, 0x77, 0x64, 0xff, 
0x9d, 0x68, 0x57, 0xff, 0x85, 0x54, 0x48, 0xff, 0x81, 0x54, 0x47, 0xff, 0x87, 0x59, 0x4d, 0xff, 
0x7f, 0x50, 0x46, 0xff, 0x6e, 0x46, 0x3d, 0xff, 0x65, 0x40, 0x39, 0xff, 0x67, 0x42, 0x3b, 0xff, 
0x6e, 0x46, 0x3d, 0xff, 0x7a, 0x50, 0x45, 0xff, 0x84, 0x58, 0x4d, 0xff, 0x71, 0x47, 0x3f, 0xff, 
0x68, 0x40, 0x3b, 0xff, 0x70, 0x46, 0x43, 0xff, 0x74, 0x48, 0x45, 0xff, 0x72, 0x48, 0x44, 0xff, 
0x6d, 0x47, 0x42, 0xff, 0x6b, 0x49, 0x43, 0xff, 0x69, 0x46, 0x3f, 0xff, 0x6f, 0x45, 0x3d, 0xff, 
0x7f, 0x52, 0x47, 0xff, 0x86, 0x58, 0x4b, 0xff, 0x7e, 0x51, 0x46, 0xff, 0x79, 0x4d, 0x41, 0xff, 
0x80, 0x52, 0x44, 0xff, 0x8f, 0x5d, 0x4e, 0xff, 0x98, 0x61, 0x52, 0xff, 0xa2, 0x69, 0x57, 0xff, 
0xa8, 0x6f, 0x5c, 0xff, 0xa8, 0x6d, 0x5a, 0xff, 0xa2, 0x66, 0x54, 0xff, 0xa5, 0x6a, 0x59, 0xff, 
0xaa, 0x6f, 0x5d, 0xff, 0xa9, 0x6f, 0x5c, 0xff, 0xaa, 0x70, 0x5d, 0xff, 0xac, 0x72, 0x5f, 0xff, 
0xa5, 0x6d, 0x5a, 0xff, 0xa6, 0x6f, 0x5c, 0xff, 0xad, 0x75, 0x62, 0xff, 0xaf, 0x75, 0x61, 0xff, 
0xa7, 0x6e, 0x5b, 0xff, 0xa4, 0x6b, 0x58, 0xff, 0xa8, 0x71, 0x5c, 0xff, 0xa6, 0x70, 0x5b, 0xff, 
0xa6, 0x72, 0x5e, 0xff, 0xa8, 0x75, 0x60, 0xff, 0xb1, 0x7e, 0x68, 0xff, 0xb0, 0x7c, 0x68, 0xff, 
0xae, 0x7a, 0x66, 0xff, 0xb3, 0x7d, 0x69, 0xff, 0xad, 0x75, 0x61, 0xff, 0xa9, 0x72, 0x5c, 0xff, 
0xaf, 0x75, 0x61, 0xff, 0xb3, 0x76, 0x62, 0xff, 0xb1, 0x75, 0x60, 0xff, 0xb2, 0x76, 0x61, 0xff, 
0xb5, 0x79, 0x65, 0xff, 0xb5, 0x7a, 0x64, 0xff, 0xb6, 0x7b, 0x65, 0xff, 0xb8, 0x7f, 0x67, 0xff, 
0xb9, 0x80, 0x68, 0xff, 0xb8, 0x7f, 0x68, 0xff, 0xb6, 0x7c, 0x66, 0xff, 0xb6, 0x79, 0x64, 0xff, 
0xb6, 0x79, 0x64, 0xff, 0xb4, 0x79, 0x63, 0xff, 0xb6, 0x7a, 0x64, 0xff, 0xb7, 0x7a, 0x64, 0xff, 
0xb6, 0x76, 0x61, 0xff, 0xb1, 0x72, 0x5f, 0xff, 0xb1, 0x73, 0x61, 0xff, 0xab, 0x6e, 0x5a, 0xff, 
0xa4, 0x68, 0x56, 0xff, 0xa2, 0x69, 0x57, 0xff, 0x9c, 0x65, 0x54, 0xff, 0x90, 0x5e, 0x50, 0xff, 
0x82, 0x55, 0x47, 0xff, 0x78, 0x4e, 0x42, 0xff, 0x74, 0x4c, 0x42, 0xff, 0x77, 0x4f, 0x44, 0xff, 
0x78, 0x50, 0x45, 0xff, 0x72, 0x4b, 0x3f, 0xff, 0x73, 0x4a, 0x3e, 0xff, 0x73, 0x49, 0x40, 0xff, 
0x6b, 0x44, 0x3c, 0xff, 0x62, 0x3e, 0x38, 0xff, 0x59, 0x39, 0x32, 0xff, 0x5c, 0x3b, 0x34, 0xff, 
0x86, 0x53, 0x46, 0xff, 0x8a, 0x56, 0x47, 0xff, 0x92, 0x5b, 0x4b, 0xff, 0x90, 0x59, 0x46, 0xff, 
0x8d, 0x59, 0x48, 0xff, 0x8c, 0x5a, 0x4b, 0xff, 0x80, 0x4f, 0x42, 0xff, 0x7b, 0x49, 0x3f, 0xff, 
0x84, 0x51, 0x46, 0xff, 0x89, 0x56, 0x49, 0xff, 0x82, 0x51, 0x43, 0xff, 0x7e, 0x4f, 0x41, 0xff, 
0x88, 0x54, 0x46, 0xff, 0x94, 0x5c, 0x4d, 0xff, 0x9a, 0x61, 0x50, 0xff, 0x9f, 0x64, 0x51, 0xff, 
0x9e, 0x63, 0x50, 0xff, 0x9b, 0x61, 0x4d, 0xff, 0x9e, 0x64, 0x4f, 0xff, 0x9f, 0x66, 0x52, 0xff, 
0x9d, 0x64, 0x52, 0xff, 0x9a, 0x63, 0x50, 0xff, 0x95, 0x60, 0x4e, 0xff, 0x93, 0x5f, 0x4c, 0xff, 
0x94, 0x5f, 0x4d, 0xff, 0x99, 0x61, 0x4e, 0xff, 0xa1, 0x65, 0x50, 0xff, 0xa5, 0x66, 0x51, 0xff, 
0xa4, 0x65, 0x4f, 0xff, 0xa6, 0x65, 0x51, 0xff, 0xa9, 0x66, 0x51, 0xff, 0xac, 0x68, 0x53, 0xff, 
0xac, 0x67, 0x51, 0xff, 0xa8, 0x63, 0x4f, 0xff, 0xa4, 0x60, 0x4f, 0xff, 0x9c, 0x5a, 0x4a, 0xff, 
0x97, 0x56, 0x45, 0xff, 0x98, 0x57, 0x45, 0xff, 0x9a, 0x59, 0x46, 0xff, 0x99, 0x57, 0x45, 0xff, 
0x97, 0x56, 0x43, 0xff, 0x9e, 0x5c, 0x49, 0xff, 0xa9, 0x67, 0x53, 0xff, 0xad, 0x6b, 0x56, 0xff, 
0xaa, 0x68, 0x54, 0xff, 0xa8, 0x65, 0x52, 0xff, 0xa4, 0x61, 0x4e, 0xff, 0x9f, 0x5c, 0x4a, 0xff, 
0x9c, 0x59, 0x48, 0xff, 0x9d, 0x5a, 0x48, 0xff, 0xa3, 0x60, 0x4e, 0xff, 0xa6, 0x63, 0x51, 0xff, 
0xa3, 0x62, 0x4f, 0xff, 0xa2, 0x60, 0x4e, 0xff, 0xa4, 0x62, 0x4e, 0xff, 0xa4, 0x61, 0x4e, 0xff, 
0xa2, 0x5d, 0x4a, 0xff, 0xa3, 0x5e, 0x4a, 0xff, 0xa6, 0x61, 0x4c, 0xff, 0xa6, 0x60, 0x4c, 0xff, 
0xa8, 0x65, 0x50, 0xff, 0xae, 0x6c, 0x55, 0xff, 0xaf, 0x6c, 0x56, 0xff, 0xaf, 0x6d, 0x57, 0xff, 
0xb2, 0x71, 0x5b, 0xff, 0xb7, 0x77, 0x61, 0xff, 0xb9, 0x7a, 0x62, 0xff, 0xb8, 0x7a, 0x62, 0xff, 
0xb9, 0x7a, 0x63, 0xff, 0xb7, 0x78, 0x61, 0xff, 0xb4, 0x75, 0x5f, 0xff, 0xb2, 0x74, 0x5e, 0xff, 
0xaf, 0x70, 0x5b, 0xff, 0xaf, 0x6f, 0x5b, 0xff, 0xb0, 0x72, 0x5d, 0xff, 0xb3, 0x76, 0x61, 0xff, 
0xb8, 0x7b, 0x66, 0xff, 0xb8, 0x7b, 0x65, 0xff, 0xb7, 0x7a, 0x62, 0xff, 0xb9, 0x7d, 0x64, 0xff, 
0xb7, 0x7c, 0x62, 0xff, 0xb2, 0x78, 0x5d, 0xff, 0xb0, 0x75, 0x5b, 0xff, 0xb2, 0x76, 0x5d, 0xff, 
0xb8, 0x7c, 0x63, 0xff, 0xbb, 0x7e, 0x65, 0xff, 0xb7, 0x79, 0x60, 0xff, 0xae, 0x71, 0x5a, 0xff, 
0xae, 0x70, 0x5a, 0xff, 0xb2, 0x72, 0x5d, 0xff, 0xb0, 0x71, 0x5b, 0xff, 0xae, 0x6f, 0x5a, 0xff, 
0xb1, 0x70, 0x5d, 0xff, 0xb0, 0x6f, 0x5c, 0xff, 0xae, 0x6c, 0x5b, 0xff, 0xac, 0x6b, 0x5a, 0xff, 
0xab, 0x6a, 0x59, 0xff, 0xa9, 0x68, 0x57, 0xff, 0xa5, 0x64, 0x52, 0xff, 0xa5, 0x65, 0x53, 0xff, 
0xa9, 0x69, 0x57, 0xff, 0xab, 0x6d, 0x59, 0xff, 0xac, 0x71, 0x5d, 0xff, 0xa7, 0x6d, 0x59, 0xff, 
0x9f, 0x69, 0x55, 0xff, 0x96, 0x63, 0x51, 0xff, 0x8c, 0x5b, 0x4c, 0xff, 0x81, 0x54, 0x44, 0xff, 
0x78, 0x4f, 0x42, 0xff, 0x78, 0x4f, 0x44, 0xff, 0x7b, 0x50, 0x45, 0xff, 0x79, 0x4f, 0x41, 0xff, 
0x7a, 0x50, 0x43, 0xff, 0x84, 0x59, 0x4b, 0xff, 0x89, 0x5d, 0x4f, 0xff, 0x88, 0x5b, 0x4e, 0xff, 
0x84, 0x58, 0x4c, 0xff, 0x7a, 0x50, 0x46, 0xff, 0x73, 0x49, 0x41, 0xff, 0x74, 0x48, 0x41, 0xff, 
0x77, 0x48, 0x42, 0xff, 0x78, 0x48, 0x43, 0xff, 0x7f, 0x4c, 0x46, 0xff, 0x89, 0x54, 0x4b, 0xff, 
0x9c, 0x67, 0x59, 0xff, 0xac, 0x76, 0x63, 0xff, 0xb5, 0x7e, 0x68, 0xff, 0xbf, 0x8a, 0x70, 0xff, 
0xc3, 0x91, 0x76, 0xff, 0xb9, 0x88, 0x71, 0xff, 0xaa, 0x79, 0x66, 0xff, 0x9e, 0x6f, 0x5e, 0xff, 
0x92, 0x62, 0x54, 0xff, 0x8d, 0x5b, 0x4e, 0xff, 0x8c, 0x5c, 0x50, 0xff, 0x8d, 0x5e, 0x51, 0xff, 
0x8c, 0x5e, 0x51, 0xff, 0x84, 0x55, 0x4a, 0xff, 0x84, 0x53, 0x4b, 0xff, 0x85, 0x54, 0x4c, 0xff, 
0x80, 0x51, 0x49, 0xff, 0x80, 0x52, 0x48, 0xff, 0x83, 0x56, 0x4b, 0xff, 0x83, 0x56, 0x49, 0xff, 
0x8c, 0x5c, 0x50, 0xff, 0x9d, 0x6b, 0x5e, 0xff, 0xa9, 0x76, 0x65, 0xff, 0xb0, 0x7d, 0x6a, 0xff, 
0xac, 0x79, 0x67, 0xff, 0x9c, 0x6d, 0x5d, 0xff, 0x92, 0x64, 0x56, 0xff, 0x89, 0x5c, 0x50, 0xff, 
0x85, 0x5a, 0x4f, 0xff, 0x88, 0x5d, 0x54, 0xff, 0x81, 0x56, 0x4d, 0xff, 0x75, 0x4c, 0x44, 0xff, 
0x78, 0x4d, 0x45, 0xff, 0x7f, 0x4f, 0x44, 0xff, 0x87, 0x53, 0x46, 0xff, 0x8c, 0x58, 0x4a, 0xff, 
0x81, 0x51, 0x47, 0xff, 0x71, 0x47, 0x40, 0xff, 0x6b, 0x44, 0x3c, 0xff, 0x72, 0x49, 0x3e, 0xff, 
0x78, 0x4d, 0x43, 0xff, 0x7b, 0x50, 0x46, 0xff, 0x81, 0x55, 0x4b, 0xff, 0x84, 0x58, 0x4d, 0xff, 
0x7d, 0x52, 0x47, 0xff, 0x74, 0x49, 0x3f, 0xff, 0x6d, 0x44, 0x3b, 0xff, 0x6b, 0x44, 0x3c, 0xff, 
0x70, 0x48, 0x3e, 0xff, 0x72, 0x49, 0x3f, 0xff, 0x6f, 0x46, 0x3e, 0xff, 0x6d, 0x46, 0x3f, 0xff, 
0x71, 0x49, 0x42, 0xff, 0x71, 0x4a, 0x42, 0xff, 0x6e, 0x45, 0x3d, 0xff, 0x6c, 0x45, 0x3b, 0xff, 
0x6a, 0x42, 0x39, 0xff, 0x67, 0x41, 0x3a, 0xff, 0x66, 0x42, 0x3b, 0xff, 0x62, 0x40, 0x39, 0xff, 
0x5c, 0x3b, 0x35, 0xff, 0x56, 0x36, 0x30, 0xff, 0x51, 0x32, 0x2d, 0xff, 0x4d, 0x2f, 0x2c, 0xff, 
0x49, 0x2e, 0x29, 0xff, 0x46, 0x2b, 0x29, 0xff, 0x4a, 0x2d, 0x29, 0xff, 0x4f, 0x30, 0x2a, 0xff, 
0x58, 0x35, 0x2d, 0xff, 0x63, 0x3c, 0x33, 0xff, 0x66, 0x3e, 0x35, 0xff, 0x67, 0x3d, 0x37, 0xff, 
0x69, 0x3f, 0x37, 0xff, 0x6c, 0x41, 0x39, 0xff, 0x70, 0x44, 0x3b, 0xff, 0x75, 0x47, 0x3d, 0xff, 
0x79, 0x49, 0x3e, 0xff, 0x7c, 0x4a, 0x3c, 0xff, 0x80, 0x4b, 0x3c, 0xff, 0x89, 0x50, 0x42, 0xff, 
0x91, 0x54, 0x46, 0xff, 0x96, 0x58, 0x4a, 0xff, 0x99, 0x5c, 0x4e, 0xff, 0x9c, 0x5f, 0x51, 0xff, 
0x9e, 0x5f, 0x51, 0xff, 0xa1, 0x61, 0x50, 0xff, 0xa4, 0x63, 0x51, 0xff, 0xaa, 0x69, 0x55, 0xff, 
0xb2, 0x70, 0x5b, 0xff, 0xba, 0x77, 0x62, 0xff, 0xba, 0x77, 0x61, 0xff, 0xba, 0x77, 0x61, 0xff, 
0xbe, 0x7a, 0x64, 0xff, 0xbc, 0x78, 0x62, 0xff, 0xb9, 0x76, 0x60, 0xff, 0xb7, 0x76, 0x60, 0xff, 
0xb6, 0x78, 0x61, 0xff, 0xb3, 0x76, 0x5f, 0xff, 0xac, 0x70, 0x59, 0xff, 0xad, 0x72, 0x5a, 0xff, 
0xb2, 0x75, 0x5e, 0xff, 0xb6, 0x7a, 0x61, 0xff, 0xb7, 0x7b, 0x63, 0xff, 0xb6, 0x79, 0x62, 0xff, 
0xb5, 0x79, 0x62, 0xff, 0xb9, 0x7a, 0x63, 0xff, 0xb9, 0x79, 0x62, 0xff, 0xba, 0x7a, 0x61, 0xff, 
0xba, 0x7a, 0x62, 0xff, 0xb6, 0x77, 0x5f, 0xff, 0xb8, 0x78, 0x60, 0xff, 0xba, 0x7b, 0x63, 0xff, 
0xb9, 0x79, 0x61, 0xff, 0xb8, 0x79, 0x61, 0xff, 0xb6, 0x78, 0x60, 0xff, 0xb6, 0x78, 0x5f, 0xff, 
0xb6, 0x77, 0x60, 0xff, 0xb6, 0x76, 0x5f, 0xff, 0xba, 0x78, 0x61, 0xff, 0xbd, 0x7a, 0x64, 0xff, 
0xbd, 0x7b, 0x63, 0xff, 0xb6, 0x75, 0x5e, 0xff, 0xb1, 0x70, 0x5c, 0xff, 0xb5, 0x72, 0x60, 0xff, 
0xba, 0x75, 0x62, 0xff, 0xbe, 0x78, 0x65, 0xff, 0xb7, 0x73, 0x5f, 0xff, 0xa1, 0x62, 0x4f, 0xff, 
0x8a, 0x54, 0x43, 0xff, 0x82, 0x52, 0x42, 0xff, 0x82, 0x54, 0x46, 0xff, 0x85, 0x54, 0x48, 0xff, 
0xb4, 0x79, 0x5c, 0xff, 0xb7, 0x79, 0x5c, 0xff, 0xbc, 0x7c, 0x5f, 0xff, 0xc4, 0x81, 0x65, 0xff, 
0xc8, 0x85, 0x69, 0xff, 0xc6, 0x82, 0x66, 0xff, 0xc0, 0x7b, 0x60, 0xff, 0xbc, 0x77, 0x5d, 0xff, 
0xbd, 0x79, 0x5e, 0xff, 0xbd, 0x79, 0x5f, 0xff, 0xbd, 0x79, 0x60, 0xff, 0xbe, 0x7b, 0x61, 0xff, 
0xbd, 0x7c, 0x60, 0xff, 0xbd, 0x7c, 0x60, 0xff, 0xc1, 0x7f, 0x63, 0xff, 0xc2, 0x80, 0x63, 0xff, 
0xc0, 0x7f, 0x62, 0xff, 0xbd, 0x7c, 0x5f, 0xff, 0xbc, 0x7b, 0x5e, 0xff, 0xbd, 0x7c, 0x5f, 0xff, 
0xbf, 0x7f, 0x62, 0xff, 0xc4, 0x82, 0x65, 0xff, 0xc7, 0x85, 0x67, 0xff, 0xc6, 0x85, 0x69, 0xff, 
0xc4, 0x82, 0x67, 0xff, 0xc0, 0x80, 0x62, 0xff, 0xbc, 0x7c, 0x60, 0xff, 0xb8, 0x78, 0x5d, 0xff, 
0xb5, 0x76, 0x5a, 0xff, 0xb6, 0x75, 0x5a, 0xff, 0xb8, 0x76, 0x5c, 0xff, 0xb8, 0x77, 0x5c, 0xff, 
0xb8, 0x76, 0x5b, 0xff, 0xb9, 0x77, 0x5c, 0xff, 0xba, 0x78, 0x5f, 0xff, 0xb9, 0x77, 0x5e, 0xff, 
0xb5, 0x72, 0x5a, 0xff, 0xb0, 0x6c, 0x55, 0xff, 0xad, 0x6a, 0x53, 0xff, 0xad, 0x6a, 0x54, 0xff, 
0xae, 0x6b, 0x54, 0xff, 0xae, 0x6b, 0x54, 0xff, 0xaf, 0x6c, 0x55, 0xff, 0xaf, 0x6d, 0x56, 0xff, 
0xaf, 0x6d, 0x57, 0xff, 0xae, 0x6d, 0x58, 0xff, 0xae, 0x6d, 0x57, 0xff, 0xab, 0x6a, 0x54, 0xff, 
0xa8, 0x67, 0x51, 0xff, 0xa9, 0x67, 0x51, 0xff, 0xab, 0x68, 0x54, 0xff, 0xae, 0x69, 0x55, 0xff, 
0xac, 0x68, 0x54, 0xff, 0xa8, 0x64, 0x51, 0xff, 0xa7, 0x63, 0x4e, 0xff, 0xa5, 0x61, 0x4d, 0xff, 
0xa5, 0x60, 0x4c, 0xff, 0xa5, 0x62, 0x4d, 0xff, 0xa7, 0x64, 0x4f, 0xff, 0xab, 0x68, 0x51, 0xff, 
0xaf, 0x6c, 0x54, 0xff, 0xb2, 0x6e, 0x56, 0xff, 0xb3, 0x6f, 0x57, 0xff, 0xb5, 0x71, 0x57, 0xff, 
0xb7, 0x73, 0x5b, 0xff, 0xbb, 0x77, 0x5f, 0xff, 0xc0, 0x7d, 0x63, 0xff, 0xc2, 0x7f, 0x65, 0xff, 
0xc1, 0x7e, 0x64, 0xff, 0xc0, 0x7e, 0x63, 0xff, 0xbf, 0x7d, 0x63, 0xff, 0xbd, 0x7b, 0x62, 0xff, 
0xbd, 0x7a, 0x62, 0xff, 0xbb, 0x79, 0x60, 0xff, 0xb7, 0x77, 0x5e, 0xff, 0xb3, 0x72, 0x5a, 0xff, 
0xae, 0x6d, 0x56, 0xff, 0xa9, 0x69, 0x53, 0xff, 0xa6, 0x67, 0x52, 0xff, 0xa6, 0x67, 0x52, 0xff, 
0xa7, 0x68, 0x54, 0xff, 0xa8, 0x68, 0x54, 0xff, 0xa7, 0x66, 0x53, 0xff, 0xa5, 0x64, 0x52, 0xff, 
0xa2, 0x61, 0x51, 0xff, 0x9f, 0x5f, 0x4f, 0xff, 0x9e, 0x5d, 0x4c, 0xff, 0x9b, 0x5a, 0x4b, 0xff, 
0x9b, 0x5a, 0x4a, 0xff, 0x9c, 0x5d, 0x4c, 0xff, 0x9f, 0x60, 0x4f, 0xff, 0xa1, 0x61, 0x50, 0xff, 
0xa1, 0x63, 0x52, 0xff, 0xa4, 0x65, 0x54, 0xff, 0xa5, 0x65, 0x54, 0xff, 0xa2, 0x62, 0x52, 0xff, 
0x9f, 0x61, 0x51, 0xff, 0x9f, 0x5f, 0x50, 0xff, 0x9c, 0x5d, 0x4b, 0xff, 0x9b, 0x5b, 0x49, 0xff, 
0x9e, 0x5e, 0x4c, 0xff, 0xa2, 0x61, 0x4f, 0xff, 0xa2, 0x61, 0x4f, 0xff, 0xa2, 0x61, 0x50, 0xff, 
0xa3, 0x63, 0x52, 0xff, 0xa4, 0x65, 0x53, 0xff, 0xa4, 0x65, 0x53, 0xff, 0xa1, 0x62, 0x51, 0xff, 
0x9e, 0x60, 0x4f, 0xff, 0x9d, 0x5e, 0x4f, 0xff, 0x9c, 0x5e, 0x4e, 0xff, 0xa0, 0x61, 0x4f, 0xff, 
0xa7, 0x68, 0x56, 0xff, 0xb2, 0x72, 0x5c, 0xff, 0xba, 0x7a, 0x61, 0xff, 0xba, 0x7b, 0x62, 0xff, 
0xb7, 0x78, 0x61, 0xff, 0xb3, 0x73, 0x5f, 0xff, 0xac, 0x6d, 0x59, 0xff, 0xaa, 0x6a, 0x58, 0xff, 
0xad, 0x6c, 0x5a, 0xff, 0xaf, 0x6d, 0x5b, 0xff, 0xb0, 0x6e, 0x5b, 0xff, 0xb4, 0x71, 0x5e, 0xff, 
0xb7, 0x75, 0x61, 0xff, 0xbb, 0x7a, 0x65, 0xff, 0xc0, 0x80, 0x6a, 0xff, 0xc0, 0x81, 0x6a, 0xff, 
0xba, 0x7e, 0x67, 0xff, 0xb3, 0x79, 0x63, 0xff, 0xb1, 0x7a, 0x63, 0xff, 0xaa, 0x77, 0x60, 0xff, 
0x9d, 0x6c, 0x58, 0xff, 0x94, 0x66, 0x54, 0xff, 0x96, 0x67, 0x56, 0xff, 0x9e, 0x6b, 0x5c, 0xff, 
0xa1, 0x6d, 0x5d, 0xff, 0xa5, 0x6e, 0x5e, 0xff, 0xa9, 0x6f, 0x5f, 0xff, 0xaa, 0x6f, 0x5e, 0xff, 
0xb0, 0x74, 0x60, 0xff, 0xb5, 0x78, 0x62, 0xff, 0xb7, 0x7b, 0x64, 0xff, 0xb7, 0x7b, 0x65, 0xff, 
0xb5, 0x78, 0x64, 0xff, 0xb2, 0x77, 0x63, 0xff, 0xaf, 0x76, 0x62, 0xff, 0xac, 0x75, 0x61, 0xff, 
0xa7, 0x73, 0x5e, 0xff, 0x9e, 0x6c, 0x59, 0xff, 0x94, 0x62, 0x52, 0xff, 0x8f, 0x5f, 0x52, 0xff, 
0x8b, 0x5c, 0x50, 0xff, 0x83, 0x54, 0x4b, 0xff, 0x7c, 0x4f, 0x47, 0xff, 0x7a, 0x4d, 0x46, 0xff, 
0x77, 0x4b, 0x43, 0xff, 0x75, 0x49, 0x43, 0xff, 0x72, 0x46, 0x40, 0xff, 0x6f, 0x44, 0x3e, 0xff, 
0x70, 0x46, 0x41, 0xff, 0x71, 0x47, 0x42, 0xff, 0x6a, 0x42, 0x3d, 0xff, 0x5f, 0x3a, 0x37, 0xff, 
0x57, 0x33, 0x31, 0xff, 0x51, 0x2f, 0x2e, 0xff, 0x4d, 0x2d, 0x2a, 0xff, 0x4b, 0x2b, 0x29, 0xff, 
0x4c, 0x2d, 0x2a, 0xff, 0x50, 0x30, 0x2c, 0xff, 0x54, 0x34, 0x2f, 0xff, 0x55, 0x34, 0x30, 0xff, 
0x52, 0x31, 0x2d, 0xff, 0x51, 0x30, 0x2c, 0xff, 0x52, 0x32, 0x2e, 0xff, 0x55, 0x33, 0x2f, 0xff, 
0x55, 0x33, 0x2e, 0xff, 0x56, 0x34, 0x2f, 0xff, 0x5a, 0x37, 0x31, 0xff, 0x5f, 0x3b, 0x34, 0xff, 
0x64, 0x3d, 0x37, 0xff, 0x65, 0x3f, 0x38, 0xff, 0x65, 0x3f, 0x38, 0xff, 0x60, 0x3b, 0x35, 0xff, 
0x5a, 0x36, 0x30, 0xff, 0x57, 0x33, 0x2e, 0xff, 0x57, 0x35, 0x2f, 0xff, 0x59, 0x36, 0x31, 0xff, 
0x5a, 0x36, 0x32, 0xff, 0x5b, 0x37, 0x32, 0xff, 0x5d, 0x3a, 0x34, 0xff, 0x5d, 0x3b, 0x35, 0xff, 
0x5c, 0x3a, 0x35, 0xff, 0x5b, 0x39, 0x35, 0xff, 0x5b, 0x38, 0x35, 0xff, 0x5b, 0x37, 0x35, 0xff, 
0x59, 0x35, 0x32, 0xff, 0x58, 0x33, 0x31, 0xff, 0x57, 0x32, 0x2f, 0xff, 0x57, 0x33, 0x2e, 0xff, 
0x59, 0x35, 0x2f, 0xff, 0x5f, 0x38, 0x31, 0xff, 0x68, 0x3e, 0x36, 0xff, 0x73, 0x45, 0x3c, 0xff, 
0x80, 0x4d, 0x42, 0xff, 0x8a, 0x53, 0x47, 0xff, 0x90, 0x56, 0x49, 0xff, 0x93, 0x57, 0x4a, 0xff, 
0x96, 0x58, 0x4a, 0xff, 0x99, 0x5a, 0x4b, 0xff, 0x9d, 0x5c, 0x4d, 0xff, 0xa3, 0x62, 0x51, 0xff, 
0xae, 0x69, 0x58, 0xff, 0xb7, 0x72, 0x60, 0xff, 0xbd, 0x78, 0x65, 0xff, 0xbf, 0x7c, 0x66, 0xff, 
0xc0, 0x7d, 0x65, 0xff, 0xbe, 0x7d, 0x64, 0xff, 0xbf, 0x7e, 0x64, 0xff, 0xbf, 0x7f, 0x65, 0xff, 
0xbe, 0x80, 0x64, 0xff, 0xbf, 0x80, 0x64, 0xff, 0xc2, 0x82, 0x67, 0xff, 0xc3, 0x83, 0x69, 0xff, 
0xc5, 0x85, 0x69, 0xff, 0xc6, 0x85, 0x6a, 0xff, 0xc7, 0x85, 0x6b, 0xff, 0xc8, 0x86, 0x6b, 0xff, 
0xc8, 0x86, 0x6b, 0xff, 0xc7, 0x86, 0x6b, 0xff, 0xc7, 0x85, 0x6a, 0xff, 0xc6, 0x84, 0x68, 0xff, 
0xc4, 0x82, 0x67, 0xff, 0xc1, 0x81, 0x67, 0xff, 0xbf, 0x7f, 0x65, 0xff, 0xbd, 0x7d, 0x64, 0xff, 
0xba, 0x7b, 0x63, 0xff, 0xb9, 0x7a, 0x61, 0xff, 0xb9, 0x79, 0x61, 0xff, 0xba, 0x7b, 0x62, 0xff, 
0xb8, 0x7b, 0x62, 0xff, 0xb6, 0x79, 0x60, 0xff, 0xb4, 0x78, 0x5d, 0xff, 0xb4, 0x78, 0x5d, 0xff, 
0xb0, 0x77, 0x5d, 0xff, 0xad, 0x74, 0x5a, 0xff, 0xaa, 0x73, 0x59, 0xff, 0xab, 0x74, 0x59, 0xff, 
0xb0, 0x77, 0x5b, 0xff, 0xb4, 0x7a, 0x5e, 0xff, 0xb4, 0x7b, 0x5e, 0xff, 0xb0, 0x79, 0x5b, 0xff, 
0xaf, 0x78, 0x5a, 0xff, 0xb3, 0x7a, 0x5d, 0xff, 0xb5, 0x7b, 0x5f, 0xff, 0xb4, 0x7a, 0x5e, 0xff, 
0xbc, 0x81, 0x67, 0xff, 0xbc, 0x81, 0x68, 0xff, 0xbb, 0x80, 0x67, 0xff, 0xb9, 0x7f, 0x65, 0xff, 
0xb8, 0x7d, 0x64, 0xff, 0xb8, 0x7d, 0x64, 0xff, 0xb9, 0x7f, 0x66, 0xff, 0xbb, 0x81, 0x66, 0xff, 
0xbc, 0x80, 0x66, 0xff, 0xbb, 0x7f, 0x66, 0xff, 0xbb, 0x80, 0x66, 0xff, 0xba, 0x7f, 0x65, 0xff, 
0xb9, 0x7e, 0x63, 0xff, 0xb8, 0x7e, 0x64, 0xff, 0xb7, 0x7c, 0x63, 0xff, 0xb7, 0x7b, 0x62, 0xff, 
0xb6, 0x7c, 0x62, 0xff, 0xb6, 0x7c, 0x62, 0xff, 0xb6, 0x7c, 0x63, 0xff, 0xb6, 0x7c, 0x63, 0xff, 
0xb6, 0x7b, 0x62, 0xff, 0xb6, 0x7b, 0x62, 0xff, 0xb6, 0x7b, 0x62, 0xff, 0xb7, 0x7b, 0x63, 0xff, 
0xb8, 0x7d, 0x64, 0xff, 0xb9, 0x7e, 0x64, 0xff, 0xba, 0x80, 0x65, 0xff, 0xbc, 0x81, 0x66, 0xff, 
0xbd, 0x81, 0x67, 0xff, 0xbd, 0x82, 0x67, 0xff, 0xbb, 0x82, 0x67, 0xff, 0xbc, 0x80, 0x67, 0xff, 
0xba, 0x7f, 0x66, 0xff, 0xb9, 0x7f, 0x65, 0xff, 0xb9, 0x7f, 0x65, 0xff, 0xba, 0x7e, 0x65, 0xff, 
0xba, 0x7f, 0x65, 0xff, 0xbb, 0x80, 0x66, 0xff, 0xbc, 0x80, 0x66, 0xff, 0xbb, 0x80, 0x66, 0xff, 
0xbb, 0x7f, 0x66, 0xff, 0xba, 0x80, 0x66, 0xff, 0xb9, 0x7e, 0x64, 0xff, 0xb8, 0x7d, 0x64, 0xff, 
0xb8, 0x7d, 0x63, 0xff, 0xb8, 0x7d, 0x63, 0xff, 0xb8, 0x7d, 0x63, 0xff, 0xb9, 0x7e, 0x64, 0xff, 
0xb9, 0x7e, 0x64, 0xff, 0xba, 0x7e, 0x64, 0xff, 0xb9, 0x7e, 0x65, 0xff, 0xb9, 0x7f, 0x65, 0xff, 
0xba, 0x7e, 0x65, 0xff, 0xba, 0x7e, 0x65, 0xff, 0xb9, 0x7e, 0x64, 0xff, 0xb9, 0x7d, 0x64, 0xff, 
0xb8, 0x7e, 0x65, 0xff, 0xb9, 0x7f, 0x66, 0xff, 0xba, 0x80, 0x66, 0xff, 0xba, 0x80, 0x66, 0xff, 
0xba, 0x80, 0x66, 0xff, 0xba, 0x80, 0x66, 0xff, 0xba, 0x80, 0x67, 0xff, 0xbb, 0x80, 0x67, 0xff, 
0xba, 0x80, 0x67, 0xff, 0xb9, 0x7f, 0x66, 0xff, 0xb8, 0x7d, 0x64, 0xff, 0xb8, 0x7d, 0x65, 0xff, 
0xb8, 0x7e, 0x66, 0xff, 0xb9, 0x7e, 0x65, 0xff, 0xba, 0x7e, 0x66, 0xff, 0xb8, 0x7e, 0x66, 0xff, 
0xb7, 0x7c, 0x66, 0xff, 0xb6, 0x7b, 0x64, 0xff, 0xb3, 0x79, 0x62, 0xff, 0xb1, 0x77, 0x60, 0xff, 
0xaf, 0x76, 0x5e, 0xff, 0xaf, 0x75, 0x5f, 0xff, 0xaf, 0x76, 0x5f, 0xff, 0xb0, 0x76, 0x60, 0xff, 
0xb0, 0x76, 0x60, 0xff, 0xb1, 0x76, 0x60, 0xff, 0xb0, 0x76, 0x60, 0xff, 0xaf, 0x75, 0x5e, 0xff, 
0xae, 0x73, 0x5d, 0xff, 0xad, 0x72, 0x5c, 0xff, 0xac, 0x72, 0x5c, 0xff, 0xad, 0x72, 0x5c, 0xff, 
0xae, 0x74, 0x5e, 0xff, 0xae, 0x74, 0x5e, 0xff, 0xae, 0x74, 0x5d, 0xff, 0xae, 0x73, 0x5e, 0xff, 
0xad, 0x73, 0x5e, 0xff, 0xae, 0x73, 0x5e, 0xff, 0xaf, 0x73, 0x5d, 0xff, 0xb0, 0x74, 0x5e, 0xff, 
0xb0, 0x75, 0x5f, 0xff, 0xb0, 0x75, 0x60, 0xff, 0xb1, 0x76, 0x60, 0xff, 0xb1, 0x76, 0x60, 0xff, 
0xb1, 0x75, 0x5f, 0xff, 0xb0, 0x74, 0x5e, 0xff, 0xb0, 0x74, 0x5e, 0xff, 0xb2, 0x76, 0x60, 0xff, 
0xb5, 0x78, 0x62, 0xff, 0xb6, 0x7a, 0x62, 0xff, 0xb8, 0x7b, 0x64, 0xff, 0xba, 0x7c, 0x65, 0xff, 
0xbb, 0x7d, 0x64, 0xff, 0xbb, 0x7d, 0x65, 0xff, 0xbc, 0x7d, 0x65, 0xff, 0xbd, 0x7e, 0x66, 0xff, 
0xbd, 0x7f, 0x66, 0xff, 0xbd, 0x7e, 0x66, 0xff, 0xbb, 0x7d, 0x65, 0xff, 0xbc, 0x7d, 0x65, 0xff, 
0xbc, 0x7e, 0x65, 0xff, 0xbd, 0x7f, 0x66, 0xff, 0xbf, 0x82, 0x68, 0xff, 0xc0, 0x82, 0x67, 0xff, 
0xbd, 0x80, 0x66, 0xff, 0xbb, 0x7f, 0x64, 0xff, 0xba, 0x7e, 0x63, 0xff, 0xb9, 0x7c, 0x63, 0xff, 
0xb8, 0x7b, 0x64, 0xff, 0xb7, 0x7b, 0x62, 0xff, 0xb3, 0x79, 0x61, 0xff, 0xb2, 0x75, 0x5f, 0xff, 
0xb1, 0x75, 0x5e, 0xff, 0xb1, 0x75, 0x5e, 0xff, 0xb0, 0x76, 0x5d, 0xff, 0xaf, 0x76, 0x5e, 0xff, 
0xb3, 0x79, 0x61, 0xff, 0xb5, 0x7b, 0x63, 0xff, 0xb7, 0x7d, 0x63, 0xff, 0xba, 0x7f, 0x66, 0xff, 
0xbc, 0x81, 0x67, 0xff, 0xbe, 0x82, 0x68, 0xff, 0xbe, 0x81, 0x67, 0xff, 0xbf, 0x82, 0x68, 0xff, 
0xc1, 0x82, 0x69, 0xff, 0xc0, 0x81, 0x68, 0xff, 0xbe, 0x7f, 0x67, 0xff, 0xbd, 0x7e, 0x65, 0xff, 
0xbb, 0x7b, 0x63, 0xff, 0xb6, 0x79, 0x61, 0xff, 0xb2, 0x75, 0x5e, 0xff, 0xae, 0x72, 0x5b, 0xff, 
0xac, 0x6f, 0x5b, 0xff, 0xab, 0x6e, 0x59, 0xff, 0xa9, 0x6d, 0x59, 0xff, 0xa8, 0x6d, 0x57, 0xff, 
0xa7, 0x6b, 0x57, 0xff, 0xa6, 0x6a, 0x57, 0xff, 0xa5, 0x69, 0x56, 0xff, 0xa3, 0x67, 0x55, 0xff, 
0xa1, 0x66, 0x54, 0xff, 0x9f, 0x65, 0x54, 0xff, 0x9d, 0x63, 0x53, 0xff, 0x99, 0x60, 0x51, 0xff, 
0x95, 0x5d, 0x4d, 0xff, 0x93, 0x5b, 0x4c, 0xff, 0x94, 0x5a, 0x4d, 0xff, 0x94, 0x5c, 0x4e, 0xff, 
0x94, 0x5b, 0x4e, 0xff, 0x93, 0x5a, 0x4d, 0xff, 0x91, 0x5a, 0x4c, 0xff, 0x90, 0x59, 0x4b, 0xff, 
0x91, 0x59, 0x4c, 0xff, 0x91, 0x5a, 0x4d, 0xff, 0x92, 0x5a, 0x4d, 0xff, 0x94, 0x5b, 0x4d, 0xff, 
0x96, 0x5c, 0x4e, 0xff, 0x96, 0x5e, 0x4f, 0xff, 0x99, 0x61, 0x52, 0xff, 0x9c, 0x63, 0x55, 0xff, 
0xa0, 0x66, 0x57, 0xff, 0xa3, 0x69, 0x59, 0xff, 0xa6, 0x6c, 0x5c, 0xff, 0xa9, 0x6d, 0x5e, 0xff, 
0xaa, 0x6f, 0x60, 0xff, 0xaa, 0x70, 0x60, 0xff, 0xaa, 0x6f, 0x5f, 0xff, 0xa8, 0x6d, 0x5c, 0xff, 
0xa5, 0x6c, 0x5b, 0xff, 0xa3, 0x6a, 0x59, 0xff, 0xa3, 0x69, 0x58, 0xff, 0xa4, 0x6a, 0x5a, 0xff, 
0xa6, 0x6c, 0x5c, 0xff, 0xa7, 0x6d, 0x5d, 0xff, 0xa8, 0x6f, 0x5f, 0xff, 0xaa, 0x71, 0x60, 0xff, 
0xaa, 0x71, 0x5f, 0xff, 0xa7, 0x6f, 0x5e, 0xff, 0xa7, 0x6d, 0x5d, 0xff, 0xa5, 0x6c, 0x5b, 0xff, 
0xa4, 0x6b, 0x5a, 0xff, 0xa1, 0x69, 0x58, 0xff, 0x9f, 0x67, 0x56, 0xff, 0xa0, 0x67, 0x55, 0xff, 
0x9f, 0x66, 0x56, 0xff, 0x9f, 0x67, 0x57, 0xff, 0x9f, 0x67, 0x58, 0xff, 0x9e, 0x66, 0x56, 0xff, 
0x9e, 0x65, 0x55, 0xff, 0x9e, 0x65, 0x56, 0xff, 0x9f, 0x66, 0x55, 0xff, 0xa0, 0x66, 0x55, 0xff, 
0xa1, 0x67, 0x56, 0xff, 0xa2, 0x67, 0x56, 0xff, 0xa4, 0x68, 0x57, 0xff, 0xa6, 0x6a, 0x59, 0xff, 
0xa7, 0x6b, 0x59, 0xff, 0xa8, 0x6c, 0x5a, 0xff, 0xac, 0x6f, 0x5c, 0xff, 0xaf, 0x72, 0x5e, 0xff, 
0xb2, 0x75, 0x61, 0xff, 0xb5, 0x78, 0x64, 0xff, 0xb6, 0x7a, 0x64, 0xff, 0xb8, 0x7a, 0x65, 0xff, 
0xb8, 0x79, 0x65, 0xff, 0xb8, 0x79, 0x64, 0xff, 0xb7, 0x79, 0x64, 0xff, 0xb7, 0x78, 0x63, 0xff, 
0xb7, 0x77, 0x62, 0xff, 0xb6, 0x76, 0x61, 0xff, 0xb5, 0x76, 0x61, 0xff, 0xb4, 0x75, 0x61, 0xff, 
0xb5, 0x76, 0x61, 0xff, 0xb5, 0x76, 0x61, 0xff, 0xb6, 0x77, 0x61, 0xff, 0xb6, 0x77, 0x62, 0xff, 
0xb7, 0x77, 0x61, 0xff, 0xb7, 0x78, 0x61, 0xff, 0xb6, 0x78, 0x61, 0xff, 0xb6, 0x77, 0x60, 0xff, 
0xb5, 0x78, 0x61, 0xff, 0xb7, 0x79, 0x62, 0xff, 0xb8, 0x7b, 0x63, 0xff, 0xb7, 0x7b, 0x63, 0xff, 
0xb7, 0x7c, 0x63, 0xff, 0xb5, 0x7c, 0x63, 0xff, 0xb5, 0x7c, 0x63, 0xff, 0xb5, 0x7d, 0x64, 0xff, 
0xb5, 0x7e, 0x63, 0xff, 0xb5, 0x7f, 0x64, 0xff, 0xb6, 0x80, 0x64, 0xff, 0xb5, 0x7f, 0x63, 0xff, 
0xb3, 0x7e, 0x63, 0xff, 0xb1, 0x7d, 0x62, 0xff, 0xb2, 0x7d, 0x63, 0xff, 0xb5, 0x7e, 0x65, 0xff, 
0xb8, 0x80, 0x66, 0xff, 0xba, 0x7f, 0x66, 0xff, 0xba, 0x7f, 0x65, 0xff, 0xbb, 0x80, 0x66, 0xff, 
};
