static const unsigned char saturn_img[] = {
0x96, 0x9f, 0x93, 0xff, 0x96, 0x9f, 0x93, 0xff, 0x97, 0x9f, 0x93, 0xff, 0x95, 0x9e, 0x93, 0xff, 
0x94, 0x9e, 0x93, 0xff, 0x95, 0x9e, 0x93, 0xff, 0x94, 0x9e, 0x93, 0xff, 0x94, 0x9d, 0x93, 0xff, 
0x94, 0x9d, 0x93, 0xff, 0x93, 0x9d, 0x92, 0xff, 0x92, 0x9d, 0x92, 0xff, 0x92, 0x9c, 0x92, 0xff, 
0x91, 0x9c, 0x92, 0xff, 0x92, 0x9c, 0x93, 0xff, 0x91, 0x9c, 0x93, 0xff, 0x91, 0x9c, 0x92, 0xff, 
0x92, 0x9d, 0x93, 0xff, 0x92, 0x9d, 0x92, 0xff, 0x92, 0x9c, 0x92, 0xff, 0x92, 0x9d, 0x93, 0xff, 
0x92, 0x9c, 0x93, 0xff, 0x91, 0x9c, 0x93, 0xff, 0x91, 0x9c, 0x93, 0xff, 0x91, 0x9c, 0x92, 0xff, 
0x90, 0x9c, 0x92, 0xff, 0x90, 0x9c, 0x93, 0xff, 0x90, 0x9c, 0x93, 0xff, 0x8f, 0x9c, 0x93, 0xff, 
0x8f, 0x9b, 0x93, 0xff, 0x8f, 0x9b, 0x93, 0xff, 0x8f, 0x9b, 0x92, 0xff, 0x8e, 0x9b, 0x93, 0xff, 
0x8d, 0x9b, 0x93, 0xff, 0x8e, 0x9b, 0x93, 0xff, 0x8e, 0x9b, 0x93, 0xff, 0x8f, 0x9b, 0x93, 0xff, 
0x8f, 0x9b, 0x93, 0xff, 0x8f, 0x9b, 0x93, 0xff, 0x8f, 0x9b, 0x94, 0xff, 0x8f, 0x9b, 0x93, 0xff, 
0x8f, 0x9b, 0x93, 0xff, 0x8e, 0x9b, 0x94, 0xff, 0x8f, 0x9b, 0x94, 0xff, 0x8f, 0x9a, 0x93, 0xff, 
0x8f, 0x9b, 0x93, 0xff, 0x8e, 0x9b, 0x93, 0xff, 0x8e, 0x9b, 0x93, 0xff, 0x8f, 0x9b, 0x93, 0xff, 
0x8f, 0x9b, 0x92, 0xff, 0x8f, 0x9b, 0x93, 0xff, 0x8f, 0x9b, 0x93, 0xff, 0x8f, 0x9c, 0x93, 0xff, 
0x90, 0x9c, 0x93, 0xff, 0x91, 0x9c, 0x92, 0xff, 0x91, 0x9c, 0x93, 0xff, 0x91, 0x9d, 0x93, 0xff, 
0x92, 0x9d, 0x93, 0xff, 0x93, 0x9d, 0x94, 0xff, 0x94, 0x9e, 0x94, 0xff, 0x94, 0x9e, 0x94, 0xff, 
0x94, 0x9e, 0x95, 0xff, 0x94, 0x9e, 0x95, 0xff, 0x94, 0x9d, 0x94, 0xff, 0x94, 0x9e, 0x94, 0xff, 
0x94, 0x9e, 0x94, 0xff, 0x94, 0x9e, 0x94, 0xff, 0x94, 0x9e, 0x94, 0xff, 0x94, 0x9e, 0x94, 0xff, 
0x94, 0x9d, 0x94, 0xff, 0x93, 0x9e, 0x95, 0xff, 0x93, 0x9d, 0x94, 0xff, 0x92, 0x9d, 0x94, 0xff, 
0x92, 0x9d, 0x93, 0xff, 0x91, 0x9d, 0x94, 0xff, 0x92, 0x9c, 0x95, 0xff, 0x92, 0x9d, 0x94, 0xff, 
0x91, 0x9c, 0x94, 0xff, 0x90, 0x9c, 0x94, 0xff, 0x8f, 0x9c, 0x93, 0xff, 0x8f, 0x9b, 0x94, 0xff, 
0x8f, 0x9b, 0x94, 0xff, 0x8e, 0x9b, 0x94, 0xff, 0x8d, 0x9a, 0x94, 0xff, 0x8e, 0x9a, 0x93, 0xff, 
0x8d, 0x9a, 0x93, 0xff, 0x8e, 0x9a, 0x93, 0xff, 0x8f, 0x9b, 0x94, 0xff, 0x90, 0x9b, 0x93, 0xff, 
0x90, 0x9c, 0x93, 0xff, 0x91, 0x9c, 0x93, 0xff, 0x91, 0x9c, 0x94, 0xff, 0x91, 0x9c, 0x93, 0xff, 
0x91, 0x9c, 0x93, 0xff, 0x91, 0x9b, 0x93, 0xff, 0x90, 0x9b, 0x92, 0xff, 0x90, 0x9b, 0x93, 0xff, 
0x8f, 0x9b, 0x92, 0xff, 0x90, 0x9b, 0x92, 0xff, 0x90, 0x9b, 0x92, 0xff, 0x91, 0x9c, 0x92, 0xff, 
0x91, 0x9c, 0x92, 0xff, 0x91, 0x9c, 0x92, 0xff, 0x90, 0x9c, 0x93, 0xff, 0x91, 0x9c, 0x92, 0xff, 
0x92, 0x9c, 0x91, 0xff, 0x92, 0x9c, 0x92, 0xff, 0x93, 0x9d, 0x93, 0xff, 0x92, 0x9d, 0x93, 0xff, 
0x93, 0x9d, 0x93, 0xff, 0x93, 0x9d, 0x93, 0xff, 0x92, 0x9d, 0x93, 0xff, 0x92, 0x9d, 0x92, 0xff, 
0x92, 0x9d, 0x93, 0xff, 0x92, 0x9c, 0x93, 0xff, 0x92, 0x9d, 0x92, 0xff, 0x92, 0x9d, 0x92, 0xff, 
0x92, 0x9c, 0x93, 0xff, 0x92, 0x9d, 0x93, 0xff, 0x93, 0x9d, 0x93, 0xff, 0x94, 0x9e, 0x93, 0xff, 
0x94, 0x9e, 0x94, 0xff, 0x94, 0x9e, 0x93, 0xff, 0x95, 0x9d, 0x93, 0xff, 0x94, 0x9e, 0x93, 0xff, 
0x94, 0x9e, 0x94, 0xff, 0x94, 0x9d, 0x94, 0xff, 0x94, 0x9e, 0x94, 0xff, 0x93, 0x9d, 0x93, 0xff, 
0x93, 0x9d, 0x94, 0xff, 0x93, 0x9d, 0x94, 0xff, 0x94, 0x9e, 0x93, 0xff, 0x94, 0x9e, 0x93, 0xff, 
0x93, 0x9e, 0x93, 0xff, 0x94, 0x9e, 0x93, 0xff, 0x94, 0x9e, 0x94, 0xff, 0x94, 0x9e, 0x94, 0xff, 
0x95, 0x9e, 0x93, 0xff, 0x96, 0x9f, 0x94, 0xff, 0x95, 0x9f, 0x94, 0xff, 0x95, 0x9f, 0x93, 0xff, 
0x95, 0x9f, 0x93, 0xff, 0x94, 0x9e, 0x93, 0xff, 0x94, 0x9e, 0x93, 0xff, 0x94, 0x9e, 0x92, 0xff, 
0x94, 0x9e, 0x93, 0xff, 0x94, 0x9e, 0x93, 0xff, 0x94, 0x9e, 0x93, 0xff, 0x95, 0x9f, 0x93, 0xff, 
0x95, 0x9f, 0x93, 0xff, 0x95, 0x9f, 0x93, 0xff, 0x97, 0x9f, 0x93, 0xff, 0x98, 0xa0, 0x94, 0xff, 
0x98, 0xa0, 0x94, 0xff, 0x98, 0xa0, 0x93, 0xff, 0x99, 0xa1, 0x94, 0xff, 0x99, 0xa1, 0x94, 0xff, 
0x99, 0xa1, 0x94, 0xff, 0x99, 0xa1, 0x94, 0xff, 0x99, 0xa1, 0x94, 0xff, 0x99, 0xa1, 0x94, 0xff, 
0x99, 0xa1, 0x94, 0xff, 0x98, 0xa1, 0x94, 0xff, 0x98, 0xa0, 0x94, 0xff, 0x98, 0xa0, 0x94, 0xff, 
0x97, 0xa0, 0x94, 0xff, 0x97, 0xa0, 0x94, 0xff, 0x97, 0xa0, 0x94, 0xff, 0x97, 0xa0, 0x94, 0xff, 
0x98, 0xa0, 0x94, 0xff, 0x97, 0xa0, 0x94, 0xff, 0x98, 0xa0, 0x95, 0xff, 0x99, 0xa1, 0x95, 0xff, 
0x99, 0xa1, 0x95, 0xff, 0x99, 0xa1, 0x95, 0xff, 0x99, 0xa1, 0x94, 0xff, 0x9a, 0xa2, 0x95, 0xff, 
0x9a, 0xa2, 0x96, 0xff, 0x9a, 0xa1, 0x96, 0xff, 0x9b, 0xa2, 0x95, 0xff, 0x9c, 0xa3, 0x95, 0xff, 
0x9b, 0xa3, 0x95, 0xff, 0x9c, 0xa3, 0x95, 0xff, 0x9c, 0xa3, 0x95, 0xff, 0x9c, 0xa3, 0x95, 0xff, 
0x9c, 0xa3, 0x95, 0xff, 0x9b, 0xa3, 0x95, 0xff, 0x9a, 0xa2, 0x95, 0xff, 0x99, 0xa1, 0x95, 0xff, 
0x9a, 0xa2, 0x95, 0xff, 0x9b, 0xa2, 0x95, 0xff, 0x9b, 0xa2, 0x95, 0xff, 0x9c, 0xa3, 0x96, 0xff, 
0x9c, 0xa3, 0x96, 0xff, 0x9c, 0xa3, 0x96, 0xff, 0x9c, 0xa2, 0x96, 0xff, 0x9b, 0xa2, 0x96, 0xff, 
0x9b, 0xa2, 0x96, 0xff, 0x9a, 0xa2, 0x97, 0xff, 0x9b, 0xa2, 0x96, 0xff, 0x9c, 0xa3, 0x96, 0xff, 
0x9b, 0xa2, 0x96, 0xff, 0x9a, 0xa2, 0x96, 0xff, 0x9a, 0xa2, 0x95, 0xff, 0x9a, 0xa1, 0x95, 0xff, 
0x99, 0xa1, 0x95, 0xff, 0x98, 0xa1, 0x95, 0xff, 0x98, 0xa1, 0x94, 0xff, 0x98, 0xa1, 0x94, 0xff, 
0x98, 0xa0, 0x94, 0xff, 0x97, 0xa0, 0x94, 0xff, 0x98, 0xa0, 0x94, 0xff, 0x98, 0xa0, 0x94, 0xff, 
0x99, 0xa1, 0x95, 0xff, 0x99, 0xa1, 0x95, 0xff, 0x9a, 0xa1, 0x95, 0xff, 0x9a, 0xa2, 0x95, 0xff, 
0x9a, 0xa2, 0x95, 0xff, 0x9b, 0xa2, 0x96, 0xff, 0x9b, 0xa2, 0x96, 0xff, 0x9a, 0xa2, 0x95, 0xff, 
0x9a, 0xa2, 0x95, 0xff, 0x9a, 0xa2, 0x95, 0xff, 0x9b, 0xa3, 0x96, 0xff, 0x9c, 0xa2, 0x96, 0xff, 
0x9c, 0xa2, 0x96, 0xff, 0x9c, 0xa2, 0x96, 0xff, 0x9b, 0xa2, 0x96, 0xff, 0x9a, 0xa3, 0x96, 0xff, 
0x9b, 0xa2, 0x96, 0xff, 0x9b, 0xa2, 0x96, 0xff, 0x9b, 0xa1, 0x96, 0xff, 0x9b, 0xa2, 0x95, 0xff, 
0x9b, 0xa2, 0x95, 0xff, 0x9b, 0xa2, 0x95, 0xff, 0x9b, 0xa2, 0x95, 0xff, 0x9b, 0xa2, 0x96, 0xff, 
0x9b, 0xa3, 0x96, 0xff, 0x9c, 0xa2, 0x96, 0xff, 0x9a, 0xa2, 0x96, 0xff, 0x9a, 0xa1, 0x96, 0xff, 
0x99, 0xa1, 0x95, 0xff, 0x99, 0xa1, 0x95, 0xff, 0x99, 0xa1, 0x94, 0xff, 0x9a, 0xa1, 0x95, 0xff, 
0x9a, 0xa2, 0x96, 0xff, 0x9a, 0xa2, 0x96, 0xff, 0x9a, 0xa2, 0x95, 0xff, 0x99, 0xa1, 0x94, 0xff, 
0x98, 0xa0, 0x94, 0xff, 0x98, 0xa0, 0x93, 0xff, 0x97, 0xa0, 0x93, 0xff, 0x98, 0x9f, 0x94, 0xff, 
0x97, 0x9f, 0x94, 0xff, 0x96, 0x9f, 0x93, 0xff, 0x96, 0x9f, 0x93, 0xff, 0x96, 0x9f, 0x93, 0xff, 
0x8d, 0x99, 0x93, 0xff, 0x8b, 0x98, 0x92, 0xff, 0x8a, 0x97, 0x92, 0xff, 0x88, 0x96, 0x92, 0xff, 
0x86, 0x95, 0x91, 0xff, 0x85, 0x94, 0x8f, 0xff, 0x85, 0x94, 0x90, 0xff, 0x86, 0x95, 0x90, 0xff, 
0x87, 0x96, 0x8f, 0xff, 0x88, 0x97, 0x90, 0xff, 0x8a, 0x97, 0x91, 0xff, 0x89, 0x97, 0x91, 0xff, 
0x8a, 0x97, 0x91, 0xff, 0x8a, 0x97, 0x92, 0xff, 0x8a, 0x97, 0x92, 0xff, 0x89, 0x97, 0x92, 0xff, 
0x89, 0x96, 0x92, 0xff, 0x88, 0x96, 0x92, 0xff, 0x88, 0x96, 0x92, 0xff, 0x89, 0x96, 0x92, 0xff, 
0x89, 0x95, 0x91, 0xff, 0x87, 0x96, 0x92, 0xff, 0x88, 0x96, 0x92, 0xff, 0x89, 0x95, 0x92, 0xff, 
0x87, 0x95, 0x91, 0xff, 0x88, 0x94, 0x91, 0xff, 0x89, 0x96, 0x91, 0xff, 0x88, 0x96, 0x91, 0xff, 
0x8a, 0x97, 0x91, 0xff, 0x8b, 0x98, 0x91, 0xff, 0x8c, 0x99, 0x92, 0xff, 0x8d, 0x99, 0x93, 0xff, 
0x8d, 0x99, 0x92, 0xff, 0x8d, 0x98, 0x92, 0xff, 0x8c, 0x97, 0x92, 0xff, 0x8c, 0x97, 0x92, 0xff, 
0x8c, 0x97, 0x92, 0xff, 0x8c, 0x98, 0x92, 0xff, 0x8b, 0x97, 0x92, 0xff, 0x8a, 0x98, 0x92, 0xff, 
0x8b, 0x97, 0x91, 0xff, 0x8b, 0x97, 0x92, 0xff, 0x8c, 0x98, 0x92, 0xff, 0x8c, 0x98, 0x92, 0xff, 
0x8d, 0x98, 0x92, 0xff, 0x8c, 0x98, 0x92, 0xff, 0x8a, 0x97, 0x93, 0xff, 0x89, 0x97, 0x92, 0xff, 
0x89, 0x97, 0x91, 0xff, 0x8a, 0x97, 0x91, 0xff, 0x8a, 0x97, 0x91, 0xff, 0x8c, 0x99, 0x92, 0xff, 
0x8d, 0x99, 0x92, 0xff, 0x8f, 0x9a, 0x93, 0xff, 0x90, 0x9a, 0x93, 0xff, 0x91, 0x9b, 0x92, 0xff, 
0x90, 0x9b, 0x93, 0xff, 0x90, 0x9a, 0x93, 0xff, 0x90, 0x9b, 0x93, 0xff, 0x8e, 0x9a, 0x93, 0xff, 
0x8d, 0x99, 0x93, 0xff, 0x8d, 0x98, 0x93, 0xff, 0x8c, 0x99, 0x93, 0xff, 0x8c, 0x99, 0x94, 0xff, 
0x8c, 0x98, 0x93, 0xff, 0x8c, 0x98, 0x93, 0xff, 0x8b, 0x97, 0x93, 0xff, 0x89, 0x96, 0x92, 0xff, 
0x88, 0x96, 0x92, 0xff, 0x88, 0x95, 0x92, 0xff, 0x89, 0x95, 0x92, 0xff, 0x88, 0x94, 0x91, 0xff, 
0x87, 0x93, 0x91, 0xff, 0x85, 0x94, 0x90, 0xff, 0x85, 0x94, 0x90, 0xff, 0x84, 0x93, 0x90, 0xff, 
0x84, 0x93, 0x90, 0xff, 0x84, 0x93, 0x90, 0xff, 0x86, 0x93, 0x91, 0xff, 0x88, 0x95, 0x92, 0xff, 
0x8a, 0x96, 0x92, 0xff, 0x8c, 0x98, 0x91, 0xff, 0x8d, 0x97, 0x92, 0xff, 0x8d, 0x97, 0x91, 0xff, 
0x8c, 0x97, 0x90, 0xff, 0x89, 0x96, 0x90, 0xff, 0x87, 0x95, 0x90, 0xff, 0x86, 0x95, 0x91, 0xff, 
0x87, 0x94, 0x91, 0xff, 0x86, 0x94, 0x91, 0xff, 0x87, 0x93, 0x91, 0xff, 0x86, 0x94, 0x91, 0xff, 
0x87, 0x94, 0x91, 0xff, 0x88, 0x95, 0x91, 0xff, 0x89, 0x95, 0x92, 0xff, 0x89, 0x96, 0x92, 0xff, 
0x8a, 0x95, 0x92, 0xff, 0x89, 0x96, 0x92, 0xff, 0x89, 0x95, 0x92, 0xff, 0x87, 0x95, 0x91, 0xff, 
0x87, 0x95, 0x91, 0xff, 0x87, 0x95, 0x91, 0xff, 0x87, 0x95, 0x91, 0xff, 0x87, 0x95, 0x92, 0xff, 
0x88, 0x96, 0x92, 0xff, 0x88, 0x96, 0x92, 0xff, 0x88, 0x96, 0x92, 0xff, 0x88, 0x96, 0x92, 0xff, 
0x87, 0x96, 0x92, 0xff, 0x89, 0x96, 0x92, 0xff, 0x89, 0x96, 0x93, 0xff, 0x8a, 0x96, 0x91, 0xff, 
0x8b, 0x97, 0x92, 0xff, 0x8c, 0x98, 0x93, 0xff, 0x8c, 0x98, 0x92, 0xff, 0x8c, 0x99, 0x92, 0xff, 
0x8d, 0x99, 0x93, 0xff, 0x8f, 0x9a, 0x92, 0xff, 0x91, 0x9b, 0x92, 0xff, 0x91, 0x9b, 0x93, 0xff, 
0x91, 0x9b, 0x94, 0xff, 0x90, 0x9b, 0x94, 0xff, 0x8f, 0x9a, 0x94, 0xff, 0x8e, 0x9a, 0x94, 0xff, 
0x8e, 0x9a, 0x94, 0xff, 0x8f, 0x9b, 0x93, 0xff, 0x90, 0x9b, 0x93, 0xff, 0x90, 0x9b, 0x93, 0xff, 
0x90, 0x9c, 0x93, 0xff, 0x93, 0x9d, 0x94, 0xff, 0x94, 0x9e, 0x94, 0xff, 0x93, 0x9e, 0x93, 0xff, 
0x93, 0x9d, 0x94, 0xff, 0x92, 0x9d, 0x93, 0xff, 0x93, 0x9d, 0x94, 0xff, 0x95, 0x9f, 0x95, 0xff, 
0x94, 0x9e, 0x95, 0xff, 0x92, 0x9c, 0x94, 0xff, 0x91, 0x9c, 0x93, 0xff, 0x92, 0x9c, 0x93, 0xff, 
0x91, 0x9c, 0x93, 0xff, 0x90, 0x9c, 0x93, 0xff, 0x92, 0x9d, 0x93, 0xff, 0x94, 0x9d, 0x94, 0xff, 
0x95, 0x9e, 0x94, 0xff, 0x95, 0x9e, 0x94, 0xff, 0x94, 0x9e, 0x93, 0xff, 0x93, 0x9d, 0x93, 0xff, 
0x93, 0x9d, 0x93, 0xff, 0x95, 0x9f, 0x94, 0xff, 0x97, 0x9f, 0x94, 0xff, 0x97, 0xa0, 0x93, 0xff, 
0x96, 0x9f, 0x94, 0xff, 0x94, 0x9d, 0x93, 0xff, 0x93, 0x9d, 0x93, 0xff, 0x92, 0x9d, 0x93, 0xff, 
0x92, 0x9c, 0x92, 0xff, 0x92, 0x9c, 0x92, 0xff, 0x90, 0x9b, 0x92, 0xff, 0x8e, 0x9a, 0x92, 0xff, 
0x8d, 0x9a, 0x92, 0xff, 0x8f, 0x9b, 0x92, 0xff, 0x90, 0x9b, 0x93, 0xff, 0x91, 0x9c, 0x93, 0xff, 
0x93, 0x9d, 0x93, 0xff, 0x94, 0x9e, 0x94, 0xff, 0x94, 0x9e, 0x94, 0xff, 0x92, 0x9d, 0x94, 0xff, 
0x91, 0x9d, 0x93, 0xff, 0x90, 0x9c, 0x92, 0xff, 0x90, 0x9b, 0x92, 0xff, 0x8e, 0x9b, 0x92, 0xff, 
0x8e, 0x9a, 0x92, 0xff, 0x90, 0x9b, 0x93, 0xff, 0x94, 0x9d, 0x93, 0xff, 0x96, 0x9f, 0x92, 0xff, 
0x95, 0x9f, 0x93, 0xff, 0x94, 0x9d, 0x93, 0xff, 0x94, 0x9d, 0x93, 0xff, 0x94, 0x9f, 0x94, 0xff, 
0x94, 0x9e, 0x94, 0xff, 0x93, 0x9e, 0x94, 0xff, 0x95, 0x9e, 0x93, 0xff, 0x96, 0x9f, 0x93, 0xff, 
0x96, 0x9f, 0x93, 0xff, 0x94, 0x9e, 0x93, 0xff, 0x95, 0x9e, 0x93, 0xff, 0x97, 0x9f, 0x94, 0xff, 
0x97, 0x9f, 0x94, 0xff, 0x96, 0x9f, 0x93, 0xff, 0x93, 0x9d, 0x92, 0xff, 0x90, 0x9b, 0x92, 0xff, 
0x8f, 0x9a, 0x91, 0xff, 0x8e, 0x9b, 0x91, 0xff, 0x8f, 0x9b, 0x92, 0xff, 0x91, 0x9c, 0x93, 0xff, 
0x91, 0x9c, 0x91, 0xff, 0x91, 0x9c, 0x92, 0xff, 0x90, 0x9b, 0x91, 0xff, 0x8f, 0x9b, 0x91, 0xff, 
0x8f, 0x9a, 0x91, 0xff, 0x90, 0x9c, 0x92, 0xff, 0x91, 0x9c, 0x91, 0xff, 0x91, 0x9d, 0x92, 0xff, 
0x91, 0x9d, 0x92, 0xff, 0x93, 0x9d, 0x93, 0xff, 0x94, 0x9e, 0x94, 0xff, 0x94, 0x9e, 0x94, 0xff, 
0x94, 0x9e, 0x94, 0xff, 0x95, 0x9f, 0x94, 0xff, 0x95, 0x9e, 0x94, 0xff, 0x94, 0x9d, 0x94, 0xff, 
0x93, 0x9e, 0x93, 0xff, 0x92, 0x9d, 0x93, 0xff, 0x92, 0x9d, 0x94, 0xff, 0x92, 0x9d, 0x94, 0xff, 
0x92, 0x9c, 0x93, 0xff, 0x90, 0x9c, 0x92, 0xff, 0x90, 0x9c, 0x92, 0xff, 0x91, 0x9b, 0x92, 0xff, 
0x90, 0x9b, 0x92, 0xff, 0x8e, 0x9b, 0x92, 0xff, 0x8e, 0x9b, 0x91, 0xff, 0x8e, 0x9a, 0x92, 0xff, 
0x8d, 0x9a, 0x92, 0xff, 0x8e, 0x9a, 0x92, 0xff, 0x8e, 0x9a, 0x92, 0xff, 0x8d, 0x9a, 0x92, 0xff, 
0x8d, 0x9a, 0x92, 0xff, 0x8f, 0x9b, 0x93, 0xff, 0x91, 0x9c, 0x93, 0xff, 0x91, 0x9c, 0x93, 0xff, 
0x91, 0x9c, 0x93, 0xff, 0x92, 0x9c, 0x94, 0xff, 0x92, 0x9c, 0x94, 0xff, 0x92, 0x9d, 0x94, 0xff, 
0x92, 0x9d, 0x95, 0xff, 0x93, 0x9d, 0x94, 0xff, 0x93, 0x9d, 0x94, 0xff, 0x94, 0x9d, 0x94, 0xff, 
0x93, 0x9d, 0x94, 0xff, 0x93, 0x9d, 0x94, 0xff, 0x91, 0x9c, 0x93, 0xff, 0x91, 0x9c, 0x93, 0xff, 
0x90, 0x9c, 0x93, 0xff, 0x90, 0x9b, 0x93, 0xff, 0x90, 0x9b, 0x93, 0xff, 0x90, 0x9b, 0x93, 0xff, 
0x90, 0x9b, 0x93, 0xff, 0x8f, 0x9b, 0x92, 0xff, 0x90, 0x9a, 0x92, 0xff, 0x90, 0x9b, 0x92, 0xff, 
0x90, 0x9c, 0x93, 0xff, 0x90, 0x9c, 0x93, 0xff, 0x90, 0x9b, 0x92, 0xff, 0x8e, 0x9b, 0x93, 0xff, 
0x90, 0x9b, 0x93, 0xff, 0x8f, 0x9b, 0x93, 0xff, 0x93, 0x9d, 0x92, 0xff, 0x99, 0xa0, 0x93, 0xff, 
0x9e, 0xa3, 0x95, 0xff, 0x9f, 0xa4, 0x98, 0xff, 0xa1, 0xa6, 0x99, 0xff, 0xa2, 0xa6, 0x9a, 0xff, 
0xa3, 0xa7, 0x99, 0xff, 0xa5, 0xa9, 0x9c, 0xff, 0xa5, 0xa8, 0x99, 0xff, 0xa5, 0xa8, 0x98, 0xff, 
0xa2, 0xa6, 0x97, 0xff, 0x9b, 0xa2, 0x94, 0xff, 0x97, 0xa0, 0x93, 0xff, 0x93, 0x9d, 0x94, 0xff, 
0x90, 0x9b, 0x92, 0xff, 0x8f, 0x9a, 0x92, 0xff, 0x90, 0x9a, 0x92, 0xff, 0x91, 0x9b, 0x92, 0xff, 
0x92, 0x9c, 0x93, 0xff, 0x91, 0x9d, 0x93, 0xff, 0x94, 0x9e, 0x93, 0xff, 0x99, 0xa0, 0x95, 0xff, 
0x9c, 0xa2, 0x97, 0xff, 0x9c, 0xa2, 0x97, 0xff, 0x9c, 0xa2, 0x98, 0xff, 0x9c, 0xa3, 0x98, 0xff, 
0x9a, 0xa2, 0x95, 0xff, 0x99, 0xa1, 0x93, 0xff, 0x9b, 0xa2, 0x93, 0xff, 0x9d, 0xa3, 0x94, 0xff, 
0x9e, 0xa4, 0x94, 0xff, 0x9e, 0xa3, 0x93, 0xff, 0x9b, 0xa2, 0x93, 0xff, 0x96, 0x9f, 0x93, 0xff, 
0x95, 0x9f, 0x94, 0xff, 0x97, 0xa0, 0x94, 0xff, 0x99, 0xa1, 0x95, 0xff, 0x9b, 0xa2, 0x96, 0xff, 
0x9c, 0xa2, 0x96, 0xff, 0x9b, 0xa2, 0x96, 0xff, 0x99, 0xa0, 0x95, 0xff, 0x95, 0x9e, 0x93, 0xff, 
0x93, 0x9d, 0x92, 0xff, 0x94, 0x9d, 0x91, 0xff, 0x92, 0x9c, 0x91, 0xff, 0x8f, 0x9b, 0x91, 0xff, 
0x90, 0x9b, 0x91, 0xff, 0x8f, 0x9b, 0x91, 0xff, 0x8f, 0x9a, 0x92, 0xff, 0x90, 0x9b, 0x93, 0xff, 
0x93, 0x9c, 0x92, 0xff, 0x94, 0x9d, 0x93, 0xff, 0x95, 0x9d, 0x92, 0xff, 0x94, 0x9c, 0x92, 0xff, 
0x90, 0x9b, 0x91, 0xff, 0x8c, 0x99, 0x91, 0xff, 0x88, 0x96, 0x90, 0xff, 0x88, 0x95, 0x90, 0xff, 
0x88, 0x96, 0x91, 0xff, 0x87, 0x94, 0x90, 0xff, 0x84, 0x93, 0x8f, 0xff, 0x83, 0x92, 0x91, 0xff, 
0x86, 0x95, 0x91, 0xff, 0x8d, 0x98, 0x91, 0xff, 0x91, 0x9b, 0x92, 0xff, 0x92, 0x9c, 0x93, 0xff, 
0x93, 0x9c, 0x93, 0xff, 0x92, 0x9b, 0x92, 0xff, 0x91, 0x9b, 0x92, 0xff, 0x92, 0x9b, 0x92, 0xff, 
0x93, 0x9d, 0x94, 0xff, 0x93, 0x9c, 0x93, 0xff, 0x91, 0x9c, 0x93, 0xff, 0x90, 0x9a, 0x94, 0xff, 
0x8f, 0x9b, 0x92, 0xff, 0x8f, 0x9a, 0x92, 0xff, 0x8d, 0x98, 0x92, 0xff, 0x8c, 0x98, 0x92, 0xff, 
0x8e, 0x99, 0x91, 0xff, 0x91, 0x9b, 0x90, 0xff, 0x94, 0x9c, 0x92, 0xff, 0x95, 0x9d, 0x93, 0xff, 
0x96, 0x9f, 0x94, 0xff, 0x98, 0xa0, 0x94, 0xff, 0x96, 0x9f, 0x94, 0xff, 0x90, 0x9b, 0x93, 0xff, 
0x8a, 0x97, 0x91, 0xff, 0x8b, 0x98, 0x91, 0xff, 0x8c, 0x98, 0x91, 0xff, 0x8b, 0x97, 0x91, 0xff, 
0x8a, 0x97, 0x91, 0xff, 0x8b, 0x97, 0x91, 0xff, 0x8c, 0x98, 0x91, 0xff, 0x8e, 0x99, 0x92, 0xff, 
0x91, 0x9c, 0x93, 0xff, 0x93, 0x9d, 0x93, 0xff, 0x96, 0x9f, 0x93, 0xff, 0x99, 0xa0, 0x94, 0xff, 
0x9a, 0xa1, 0x95, 0xff, 0x9a, 0xa1, 0x95, 0xff, 0x98, 0x9f, 0x94, 0xff, 0x94, 0x9d, 0x93, 0xff, 
0x91, 0x9b, 0x93, 0xff, 0x8d, 0x9a, 0x92, 0xff, 0x8d, 0x99, 0x91, 0xff, 0x8e, 0x9a, 0x92, 0xff, 
0x8f, 0x9a, 0x92, 0xff, 0x91, 0x9b, 0x92, 0xff, 0x95, 0x9d, 0x93, 0xff, 0x97, 0x9f, 0x93, 0xff, 
0x98, 0xa0, 0x93, 0xff, 0x97, 0x9f, 0x93, 0xff, 0x97, 0x9f, 0x92, 0xff, 0x97, 0x9f, 0x93, 0xff, 
0x97, 0x9f, 0x93, 0xff, 0x94, 0x9d, 0x93, 0xff, 0x90, 0x9b, 0x91, 0xff, 0x8e, 0x9a, 0x91, 0xff, 
0x8f, 0x9a, 0x91, 0xff, 0x90, 0x9a, 0x92, 0xff, 0x90, 0x9b, 0x93, 0xff, 0x90, 0x9b, 0x93, 0xff, 
0x91, 0x9c, 0x91, 0xff, 0x8e, 0x9a, 0x91, 0xff, 0x8d, 0x99, 0x92, 0xff, 0x8e, 0x99, 0x92, 0xff, 
0x8e, 0x9a, 0x91, 0xff, 0x8f, 0x9a, 0x92, 0xff, 0x8f, 0x9b, 0x92, 0xff, 0x92, 0x9d, 0x92, 0xff, 
0x98, 0xa0, 0x93, 0xff, 0x9f, 0xa3, 0x94, 0xff, 0xa0, 0xa4, 0x94, 0xff, 0x9d, 0xa3, 0x95, 0xff, 
0x9c, 0xa3, 0x96, 0xff, 0x9b, 0xa2, 0x96, 0xff, 0x98, 0xa0, 0x95, 0xff, 0x95, 0x9f, 0x94, 0xff, 
0x92, 0x9e, 0x92, 0xff, 0x95, 0x9e, 0x93, 0xff, 0x9f, 0xa4, 0x95, 0xff, 0xa5, 0xa7, 0x98, 0xff, 
0x9e, 0xa4, 0x96, 0xff, 0x99, 0xa1, 0x94, 0xff, 0x98, 0xa0, 0x93, 0xff, 0x97, 0xa0, 0x93, 0xff, 
0x98, 0xa0, 0x93, 0xff, 0x99, 0xa0, 0x94, 0xff, 0x97, 0x9f, 0x94, 0xff, 0x96, 0x9e, 0x94, 0xff, 
0x94, 0x9d, 0x93, 0xff, 0x98, 0xa0, 0x93, 0xff, 0x9b, 0xa2, 0x94, 0xff, 0x96, 0x9f, 0x93, 0xff, 
0x92, 0x9d, 0x92, 0xff, 0x93, 0x9d, 0x92, 0xff, 0x95, 0x9e, 0x94, 0xff, 0x95, 0x9e, 0x93, 0xff, 
0x94, 0x9e, 0x92, 0xff, 0x95, 0x9e, 0x93, 0xff, 0x96, 0x9e, 0x94, 0xff, 0x98, 0x9f, 0x93, 0xff, 
0x97, 0x9f, 0x94, 0xff, 0x95, 0x9e, 0x94, 0xff, 0x96, 0x9e, 0x94, 0xff, 0x97, 0x9f, 0x95, 0xff, 
0x98, 0x9f, 0x94, 0xff, 0x95, 0x9e, 0x93, 0xff, 0x90, 0x9b, 0x92, 0xff, 0x8f, 0x9b, 0x92, 0xff, 
0x92, 0x9c, 0x93, 0xff, 0x94, 0x9e, 0x92, 0xff, 0x93, 0x9d, 0x93, 0xff, 0x94, 0x9d, 0x93, 0xff, 
0x94, 0x9e, 0x93, 0xff, 0x96, 0x9f, 0x93, 0xff, 0x95, 0x9e, 0x94, 0xff, 0x96, 0x9f, 0x94, 0xff, 
0x96, 0x9f, 0x93, 0xff, 0x96, 0x9e, 0x93, 0xff, 0x94, 0x9e, 0x95, 0xff, 0x93, 0x9d, 0x94, 0xff, 
0x93, 0x9d, 0x93, 0xff, 0x94, 0x9e, 0x93, 0xff, 0x96, 0x9f, 0x93, 0xff, 0x98, 0xa0, 0x94, 0xff, 
0x98, 0xa0, 0x95, 0xff, 0x97, 0xa0, 0x94, 0xff, 0x9b, 0xa1, 0x96, 0xff, 0x9b, 0xa1, 0x98, 0xff, 
0x9c, 0xa2, 0x98, 0xff, 0x9d, 0xa4, 0x97, 0xff, 0x9c, 0xa3, 0x96, 0xff, 0x9b, 0xa2, 0x94, 0xff, 
0x9d, 0xa3, 0x94, 0xff, 0x9e, 0xa4, 0x95, 0xff, 0x9b, 0xa2, 0x94, 0xff, 0x9a, 0xa2, 0x94, 0xff, 
0x99, 0xa1, 0x95, 0xff, 0x98, 0xa0, 0x94, 0xff, 0x97, 0xa0, 0x94, 0xff, 0x9a, 0xa2, 0x94, 0xff, 
0x9f, 0xa4, 0x94, 0xff, 0xa0, 0xa5, 0x95, 0xff, 0xa0, 0xa5, 0x95, 0xff, 0x9f, 0xa4, 0x95, 0xff, 
0x9f, 0xa5, 0x95, 0xff, 0x9e, 0xa4, 0x96, 0xff, 0x9c, 0xa3, 0x95, 0xff, 0x9b, 0xa2, 0x94, 0xff, 
0x98, 0xa1, 0x93, 0xff, 0x97, 0x9f, 0x93, 0xff, 0x96, 0x9f, 0x94, 0xff, 0x97, 0xa0, 0x94, 0xff, 
0x98, 0xa0, 0x96, 0xff, 0x98, 0xa0, 0x95, 0xff, 0x98, 0xa0, 0x94, 0xff, 0x9a, 0xa1, 0x95, 0xff, 
0x9a, 0xa2, 0x95, 0xff, 0x9a, 0xa1, 0x95, 0xff, 0x99, 0xa0, 0x96, 0xff, 0x99, 0xa0, 0x96, 0xff, 
0x99, 0xa1, 0x96, 0xff, 0x99, 0xa1, 0x96, 0xff, 0x98, 0xa0, 0x96, 0xff, 0x99, 0xa1, 0x96, 0xff, 
0x98, 0xa1, 0x95, 0xff, 0x97, 0xa0, 0x93, 0xff, 0x96, 0x9f, 0x93, 0xff, 0x92, 0x9d, 0x91, 0xff, 
0x92, 0x9c, 0x92, 0xff, 0x91, 0x9c, 0x92, 0xff, 0x92, 0x9c, 0x92, 0xff, 0x94, 0x9e, 0x92, 0xff, 
0x95, 0x9e, 0x92, 0xff, 0x98, 0xa1, 0x92, 0xff, 0x9c, 0xa3, 0x95, 0xff, 0x9e, 0xa3, 0x95, 0xff, 
0x9f, 0xa4, 0x96, 0xff, 0xa1, 0xa5, 0x98, 0xff, 0xa2, 0xa6, 0x97, 0xff, 0x9e, 0xa3, 0x95, 0xff, 
0x9b, 0xa1, 0x94, 0xff, 0x98, 0xa0, 0x93, 0xff, 0x95, 0x9e, 0x92, 0xff, 0x93, 0x9d, 0x93, 0xff, 
0x95, 0x9e, 0x92, 0xff, 0x96, 0x9f, 0x94, 0xff, 0x96, 0x9f, 0x92, 0xff, 0x95, 0x9f, 0x92, 0xff, 
0x95, 0x9e, 0x93, 0xff, 0x93, 0x9d, 0x92, 0xff, 0x92, 0x9d, 0x92, 0xff, 0x91, 0x9c, 0x93, 0xff, 
0x8c, 0x99, 0x91, 0xff, 0x8d, 0x9a, 0x91, 0xff, 0x8f, 0x9a, 0x92, 0xff, 0x93, 0x9c, 0x92, 0xff, 
0x97, 0x9f, 0x94, 0xff, 0x99, 0xa0, 0x96, 0xff, 0x99, 0xa1, 0x96, 0xff, 0xa0, 0xa4, 0x97, 0xff, 
0xa5, 0xa7, 0x9a, 0xff, 0x9e, 0xa3, 0x98, 0xff, 0x95, 0x9f, 0x95, 0xff, 0x99, 0xa0, 0x96, 0xff, 
0x9e, 0xa2, 0x96, 0xff, 0x99, 0xa1, 0x94, 0xff, 0x92, 0x9c, 0x93, 0xff, 0x8e, 0x99, 0x92, 0xff, 
0x8e, 0x9a, 0x91, 0xff, 0x8f, 0x9a, 0x92, 0xff, 0x90, 0x9a, 0x93, 0xff, 0x90, 0x9b, 0x92, 0xff, 
0x92, 0x9c, 0x92, 0xff, 0x96, 0x9e, 0x93, 0xff, 0x95, 0x9e, 0x94, 0xff, 0x93, 0x9d, 0x94, 0xff, 
0x94, 0x9d, 0x95, 0xff, 0x97, 0x9e, 0x94, 0xff, 0x95, 0x9d, 0x94, 0xff, 0x90, 0x9a, 0x93, 0xff, 
0x8e, 0x99, 0x92, 0xff, 0x8e, 0x9a, 0x91, 0xff, 0x8e, 0x99, 0x91, 0xff, 0x8d, 0x98, 0x92, 0xff, 
0x8f, 0x9b, 0x92, 0xff, 0x92, 0x9c, 0x92, 0xff, 0x91, 0x9b, 0x92, 0xff, 0x8f, 0x9a, 0x92, 0xff, 
0x90, 0x9b, 0x92, 0xff, 0x92, 0x9c, 0x93, 0xff, 0x92, 0x9b, 0x93, 0xff, 0x91, 0x9b, 0x95, 0xff, 
0x92, 0x9c, 0x95, 0xff, 0x96, 0x9f, 0x94, 0xff, 0x96, 0x9f, 0x93, 0xff, 0x94, 0x9d, 0x93, 0xff, 
0x95, 0x9e, 0x93, 0xff, 0x96, 0x9f, 0x93, 0xff, 0x9a, 0xa1, 0x95, 0xff, 0x9b, 0xa2, 0x96, 0xff, 
0x9c, 0xa2, 0x95, 0xff, 0x97, 0x9f, 0x93, 0xff, 0x92, 0x9d, 0x93, 0xff, 0x93, 0x9c, 0x94, 0xff, 
0x94, 0x9d, 0x94, 0xff, 0x95, 0x9e, 0x94, 0xff, 0x99, 0xa0, 0x94, 0xff, 0x98, 0x9f, 0x94, 0xff, 
0x95, 0x9d, 0x94, 0xff, 0x95, 0x9e, 0x94, 0xff, 0x97, 0x9f, 0x96, 0xff, 0x96, 0x9d, 0x95, 0xff, 
0x91, 0x9b, 0x92, 0xff, 0x94, 0x9d, 0x94, 0xff, 0x9d, 0xa2, 0x98, 0xff, 0xa3, 0xa6, 0x9a, 0xff, 
0xa0, 0xa5, 0x98, 0xff, 0x9a, 0xa2, 0x94, 0xff, 0x99, 0xa1, 0x93, 0xff, 0x9a, 0xa1, 0x94, 0xff, 
0x99, 0xa1, 0x94, 0xff, 0x99, 0xa1, 0x94, 0xff, 0x9c, 0xa3, 0x95, 0xff, 0x9f, 0xa4, 0x96, 0xff, 
0x9e, 0xa4, 0x96, 0xff, 0x9c, 0xa2, 0x96, 0xff, 0x98, 0xa0, 0x94, 0xff, 0x95, 0x9e, 0x93, 0xff, 
0x95, 0x9f, 0x93, 0xff, 0x9b, 0xa1, 0x96, 0xff, 0xa0, 0xa5, 0x97, 0xff, 0x9c, 0xa2, 0x95, 0xff, 
0x9a, 0xa2, 0x94, 0xff, 0x9d, 0xa3, 0x96, 0xff, 0x9c, 0xa3, 0x95, 0xff, 0x9b, 0xa2, 0x95, 0xff, 
0xa0, 0xa4, 0x97, 0xff, 0xa2, 0xa6, 0x98, 0xff, 0xa2, 0xa6, 0x98, 0xff, 0xa0, 0xa5, 0x97, 0xff, 
0x9e, 0xa4, 0x96, 0xff, 0x9c, 0xa3, 0x95, 0xff, 0x9b, 0xa3, 0x95, 0xff, 0x9f, 0xa4, 0x95, 0xff, 
0xa3, 0xa6, 0x98, 0xff, 0xa0, 0xa5, 0x98, 0xff, 0x9e, 0xa4, 0x95, 0xff, 0x9b, 0xa2, 0x96, 0xff, 
0x93, 0x9e, 0x94, 0xff, 0x91, 0x9c, 0x93, 0xff, 0x97, 0x9f, 0x93, 0xff, 0x99, 0xa0, 0x93, 0xff, 
0x97, 0x9f, 0x93, 0xff, 0x95, 0x9e, 0x93, 0xff, 0x96, 0x9e, 0x94, 0xff, 0x99, 0xa0, 0x95, 0xff, 
0x99, 0xa1, 0x95, 0xff, 0x97, 0xa0, 0x96, 0xff, 0x97, 0x9f, 0x94, 0xff, 0x99, 0xa0, 0x93, 0xff, 
0x9e, 0xa4, 0x95, 0xff, 0xa0, 0xa4, 0x95, 0xff, 0x9e, 0xa3, 0x94, 0xff, 0x9e, 0xa3, 0x95, 0xff, 
0x9e, 0xa3, 0x96, 0xff, 0x9c, 0xa3, 0x96, 0xff, 0x9b, 0xa2, 0x95, 0xff, 0x99, 0xa0, 0x93, 0xff, 
0x96, 0x9e, 0x93, 0xff, 0x95, 0x9e, 0x93, 0xff, 0x99, 0xa0, 0x93, 0xff, 0x94, 0x9e, 0x93, 0xff, 
0x8d, 0x99, 0x91, 0xff, 0x8d, 0x98, 0x92, 0xff, 0x8e, 0x99, 0x92, 0xff, 0x8f, 0x99, 0x92, 0xff, 
0x8f, 0x9a, 0x92, 0xff, 0x8f, 0x9a, 0x92, 0xff, 0x8d, 0x98, 0x93, 0xff, 0x89, 0x96, 0x92, 0xff, 
0x89, 0x96, 0x92, 0xff, 0x8d, 0x99, 0x92, 0xff, 0x95, 0x9e, 0x92, 0xff, 0x9a, 0xa1, 0x94, 0xff, 
0x9d, 0xa2, 0x95, 0xff, 0x9a, 0xa1, 0x93, 0xff, 0x96, 0x9e, 0x93, 0xff, 0x93, 0x9c, 0x93, 0xff, 
0x91, 0x9b, 0x92, 0xff, 0x8e, 0x99, 0x93, 0xff, 0x8d, 0x98, 0x92, 0xff, 0x8e, 0x99, 0x92, 0xff, 
0x8e, 0x99, 0x92, 0xff, 0x91, 0x9b, 0x93, 0xff, 0x93, 0x9c, 0x92, 0xff, 0x96, 0x9e, 0x93, 0xff, 
0x96, 0x9e, 0x96, 0xff, 0x90, 0x9b, 0x93, 0xff, 0x90, 0x9b, 0x93, 0xff, 0x90, 0x9b, 0x93, 0xff, 
0x8f, 0x9a, 0x93, 0xff, 0x91, 0x9b, 0x93, 0xff, 0x8d, 0x99, 0x92, 0xff, 0x8d, 0x99, 0x92, 0xff, 
0x91, 0x9c, 0x92, 0xff, 0x90, 0x9c, 0x93, 0xff, 0x8d, 0x99, 0x91, 0xff, 0x97, 0x9f, 0x95, 0xff, 
0x9e, 0xa3, 0x99, 0xff, 0x9c, 0xa3, 0x98, 0xff, 0x9b, 0xa1, 0x96, 0xff, 0x99, 0xa0, 0x94, 0xff, 
0x9f, 0xa3, 0x95, 0xff, 0x9a, 0xa1, 0x96, 0xff, 0x97, 0x9f, 0x94, 0xff, 0x92, 0x9d, 0x92, 0xff, 
0x8a, 0x98, 0x91, 0xff, 0x8f, 0x9a, 0x93, 0xff, 0x92, 0x9c, 0x94, 0xff, 0x94, 0x9d, 0x94, 0xff, 
0x94, 0x9d, 0x93, 0xff, 0x92, 0x9d, 0x93, 0xff, 0x93, 0x9e, 0x94, 0xff, 0x97, 0x9f, 0x94, 0xff, 
0x9b, 0xa1, 0x96, 0xff, 0x9b, 0xa2, 0x96, 0xff, 0x94, 0x9d, 0x92, 0xff, 0x90, 0x9a, 0x92, 0xff, 
0x91, 0x9c, 0x93, 0xff, 0x92, 0x9d, 0x93, 0xff, 0x93, 0x9c, 0x92, 0xff, 0x96, 0x9e, 0x93, 0xff, 
0x9b, 0xa1, 0x94, 0xff, 0x9c, 0xa1, 0x96, 0xff, 0x96, 0x9f, 0x95, 0xff, 0x91, 0x9b, 0x93, 0xff, 
0x90, 0x9b, 0x92, 0xff, 0x90, 0x9b, 0x92, 0xff, 0x90, 0x9c, 0x92, 0xff, 0x92, 0x9c, 0x92, 0xff, 
0x94, 0x9d, 0x93, 0xff, 0x94, 0x9d, 0x93, 0xff, 0x97, 0x9f, 0x94, 0xff, 0x9c, 0xa3, 0x96, 0xff, 
0x9f, 0xa4, 0x98, 0xff, 0x9b, 0xa2, 0x97, 0xff, 0x96, 0x9f, 0x93, 0xff, 0x9a, 0xa1, 0x94, 0xff, 
0x99, 0xa0, 0x95, 0xff, 0x95, 0x9e, 0x94, 0xff, 0x99, 0xa0, 0x94, 0xff, 0xa0, 0xa4, 0x98, 0xff, 
0x9f, 0xa4, 0x9a, 0xff, 0x9c, 0xa2, 0x96, 0xff, 0x96, 0x9f, 0x94, 0xff, 0x93, 0x9d, 0x93, 0xff, 
0x94, 0x9d, 0x93, 0xff, 0x92, 0x9c, 0x92, 0xff, 0x8f, 0x9a, 0x92, 0xff, 0x91, 0x9b, 0x93, 0xff, 
0x95, 0x9e, 0x94, 0xff, 0x95, 0x9d, 0x93, 0xff, 0x93, 0x9d, 0x93, 0xff, 0x91, 0x9b, 0x91, 0xff, 
0x8f, 0x9a, 0x91, 0xff, 0x91, 0x9b, 0x91, 0xff, 0x94, 0x9d, 0x92, 0xff, 0x94, 0x9e, 0x93, 0xff, 
0x96, 0x9f, 0x94, 0xff, 0x97, 0x9f, 0x94, 0xff, 0x96, 0x9f, 0x94, 0xff, 0x96, 0x9f, 0x94, 0xff, 
0x97, 0x9f, 0x94, 0xff, 0x96, 0x9f, 0x94, 0xff, 0x98, 0xa0, 0x95, 0xff, 0x99, 0xa1, 0x95, 0xff, 
0x9b, 0xa1, 0x95, 0xff, 0x9b, 0xa2, 0x95, 0xff, 0x9f, 0xa4, 0x95, 0xff, 0xa1, 0xa6, 0x96, 0xff, 
0x9e, 0xa4, 0x95, 0xff, 0x9a, 0xa2, 0x94, 0xff, 0x9d, 0xa3, 0x95, 0xff, 0x9f, 0xa4, 0x97, 0xff, 
0x9d, 0xa2, 0x96, 0xff, 0x99, 0xa0, 0x95, 0xff, 0x97, 0x9f, 0x93, 0xff, 0x96, 0x9f, 0x92, 0xff, 
0x98, 0xa0, 0x93, 0xff, 0x97, 0x9f, 0x93, 0xff, 0x97, 0x9f, 0x93, 0xff, 0x99, 0xa1, 0x94, 0xff, 
0x96, 0x9e, 0x94, 0xff, 0x92, 0x9c, 0x92, 0xff, 0x94, 0x9c, 0x93, 0xff, 0x95, 0x9e, 0x95, 0xff, 
0x98, 0x9f, 0x96, 0xff, 0x99, 0xa0, 0x97, 0xff, 0x97, 0x9f, 0x95, 0xff, 0x95, 0x9d, 0x95, 0xff, 
0x90, 0x9b, 0x93, 0xff, 0x8d, 0x98, 0x92, 0xff, 0x90, 0x9b, 0x92, 0xff, 0x92, 0x9d, 0x92, 0xff, 
0x91, 0x9a, 0x93, 0xff, 0x8f, 0x9a, 0x93, 0xff, 0x8e, 0x99, 0x93, 0xff, 0x8c, 0x97, 0x90, 0xff, 
0x97, 0x9f, 0x96, 0xff, 0x92, 0x9c, 0x93, 0xff, 0x8d, 0x99, 0x92, 0xff, 0x88, 0x96, 0x91, 0xff, 
0x84, 0x93, 0x90, 0xff, 0x8b, 0x98, 0x92, 0xff, 0x92, 0x9c, 0x94, 0xff, 0x93, 0x9d, 0x93, 0xff, 
0x91, 0x9d, 0x93, 0xff, 0x9b, 0xa2, 0x95, 0xff, 0x98, 0x9f, 0x94, 0xff, 0x88, 0x96, 0x90, 0xff, 
0x87, 0x94, 0x90, 0xff, 0x87, 0x94, 0x90, 0xff, 0x87, 0x94, 0x91, 0xff, 0x85, 0x93, 0x91, 0xff, 
0x8a, 0x97, 0x91, 0xff, 0x92, 0x9c, 0x92, 0xff, 0x90, 0x9b, 0x93, 0xff, 0x94, 0x9e, 0x96, 0xff, 
0x96, 0x9f, 0x94, 0xff, 0x9d, 0xa3, 0x98, 0xff, 0xa5, 0xa8, 0x9b, 0xff, 0xa5, 0xa8, 0x99, 0xff, 
0x9a, 0xa1, 0x95, 0xff, 0x95, 0x9e, 0x93, 0xff, 0x98, 0xa0, 0x94, 0xff, 0x96, 0x9e, 0x92, 0xff, 
0x99, 0xa0, 0x97, 0xff, 0x99, 0xa0, 0x99, 0xff, 0x8f, 0x9a, 0x94, 0xff, 0x8a, 0x97, 0x91, 0xff, 
0x8c, 0x99, 0x91, 0xff, 0x90, 0x9a, 0x93, 0xff, 0x93, 0x9d, 0x95, 0xff, 0x8c, 0x99, 0x93, 0xff, 
0x86, 0x94, 0x90, 0xff, 0x84, 0x93, 0x90, 0xff, 0x87, 0x94, 0x91, 0xff, 0x8b, 0x96, 0x92, 0xff, 
0x90, 0x9b, 0x94, 0xff, 0x94, 0x9d, 0x94, 0xff, 0x98, 0x9f, 0x93, 0xff, 0x9c, 0xa2, 0x95, 0xff, 
0xa3, 0xa7, 0x99, 0xff, 0xa0, 0xa6, 0x98, 0xff, 0xa6, 0xa9, 0x9c, 0xff, 0xae, 0xac, 0x9f, 0xff, 
0xab, 0xac, 0x9b, 0xff, 0xa2, 0xa7, 0x95, 0xff, 0x9f, 0xa5, 0x95, 0xff, 0xa1, 0xa6, 0x96, 0xff, 
0xa3, 0xa6, 0x99, 0xff, 0xa1, 0xa6, 0x97, 0xff, 0x9d, 0xa3, 0x95, 0xff, 0x9c, 0xa3, 0x96, 0xff, 
0x9f, 0xa4, 0x97, 0xff, 0xa4, 0xa7, 0x99, 0xff, 0xa5, 0xa8, 0x98, 0xff, 0xaa, 0xab, 0x99, 0xff, 
0xae, 0xad, 0x9d, 0xff, 0xac, 0xad, 0x9a, 0xff, 0xa1, 0xa6, 0x98, 0xff, 0x9d, 0xa2, 0x97, 0xff, 
0x98, 0x9f, 0x95, 0xff, 0x92, 0x9c, 0x93, 0xff, 0x8e, 0x99, 0x91, 0xff, 0x8a, 0x95, 0x92, 0xff, 
0x86, 0x93, 0x91, 0xff, 0x8b, 0x98, 0x92, 0xff, 0x90, 0x9b, 0x93, 0xff, 0x90, 0x9b, 0x93, 0xff, 
0x94, 0x9d, 0x93, 0xff, 0x95, 0x9e, 0x93, 0xff, 0x93, 0x9c, 0x92, 0xff, 0x90, 0x9b, 0x94, 0xff, 
0x8d, 0x9a, 0x93, 0xff, 0x9c, 0xa2, 0x95, 0xff, 0xa7, 0xa9, 0x9b, 0xff, 0xa3, 0xa6, 0x95, 0xff, 
0xa3, 0xa6, 0x95, 0xff, 0xa6, 0xa8, 0x9b, 0xff, 0xa4, 0xa7, 0x9a, 0xff, 0xa2, 0xa6, 0x98, 0xff, 
0xa0, 0xa4, 0x97, 0xff, 0x9e, 0xa3, 0x96, 0xff, 0x9c, 0xa2, 0x95, 0xff, 0x9b, 0xa3, 0x95, 0xff, 
0x9b, 0xa2, 0x94, 0xff, 0x95, 0x9e, 0x93, 0xff, 0x96, 0x9f, 0x93, 0xff, 0x9b, 0xa2, 0x93, 0xff, 
0x9c, 0xa2, 0x95, 0xff, 0x97, 0x9f, 0x94, 0xff, 0x93, 0x9d, 0x93, 0xff, 0x93, 0x9d, 0x95, 0xff, 
0x90, 0x9b, 0x93, 0xff, 0x8f, 0x99, 0x92, 0xff, 0x89, 0x94, 0x91, 0xff, 0x89, 0x95, 0x90, 0xff, 
0x8d, 0x98, 0x92, 0xff, 0x8f, 0x9a, 0x94, 0xff, 0x8c, 0x98, 0x91, 0xff, 0x8b, 0x97, 0x91, 0xff, 
0x8d, 0x99, 0x93, 0xff, 0x91, 0x9c, 0x93, 0xff, 0x95, 0x9e, 0x92, 0xff, 0x9a, 0xa1, 0x91, 0xff, 
0xa2, 0xa5, 0x95, 0xff, 0xa3, 0xa6, 0x95, 0xff, 0xa0, 0xa4, 0x93, 0xff, 0xa1, 0xa6, 0x95, 0xff, 
0xa2, 0xa7, 0x98, 0xff, 0x9f, 0xa4, 0x97, 0xff, 0x9a, 0xa2, 0x95, 0xff, 0x96, 0x9e, 0x91, 0xff, 
0x94, 0x9e, 0x92, 0xff, 0x93, 0x9d, 0x92, 0xff, 0x94, 0x9e, 0x92, 0xff, 0x96, 0x9f, 0x92, 0xff, 
0x95, 0x9e, 0x95, 0xff, 0x98, 0xa0, 0x96, 0xff, 0x91, 0x9b, 0x93, 0xff, 0x86, 0x93, 0x91, 0xff, 
0x87, 0x94, 0x92, 0xff, 0x91, 0x9a, 0x94, 0xff, 0x90, 0x9a, 0x93, 0xff, 0x8f, 0x9a, 0x92, 0xff, 
0x94, 0x9c, 0x94, 0xff, 0x93, 0x9b, 0x93, 0xff, 0x90, 0x9b, 0x93, 0xff, 0x90, 0x9a, 0x93, 0xff, 
0x91, 0x9b, 0x94, 0xff, 0x8e, 0x98, 0x93, 0xff, 0x8b, 0x97, 0x92, 0xff, 0x8f, 0x99, 0x92, 0xff, 
0x8b, 0x97, 0x91, 0xff, 0x87, 0x93, 0x90, 0xff, 0x87, 0x93, 0x8f, 0xff, 0x8a, 0x96, 0x8f, 0xff, 
0x8a, 0x96, 0x90, 0xff, 0x87, 0x94, 0x8f, 0xff, 0x86, 0x93, 0x90, 0xff, 0x8a, 0x96, 0x92, 0xff, 
0x8d, 0x99, 0x93, 0xff, 0x8e, 0x98, 0x92, 0xff, 0x8d, 0x98, 0x92, 0xff, 0x8d, 0x98, 0x93, 0xff, 
0x91, 0x9b, 0x92, 0xff, 0x93, 0x9d, 0x93, 0xff, 0x95, 0x9e, 0x93, 0xff, 0x9b, 0xa1, 0x93, 0xff, 
0xa4, 0xa7, 0x96, 0xff, 0x9d, 0xa4, 0x95, 0xff, 0x95, 0x9e, 0x92, 0xff, 0x9f, 0xa4, 0x95, 0xff, 
0xa7, 0xa9, 0x98, 0xff, 0xa5, 0xa9, 0x98, 0xff, 0xa2, 0xa6, 0x96, 0xff, 0xa3, 0xa6, 0x94, 0xff, 
0xa4, 0xa7, 0x96, 0xff, 0xa2, 0xa5, 0x94, 0xff, 0xa6, 0xa8, 0x97, 0xff, 0xa2, 0xa6, 0x99, 0xff, 
0x9f, 0xa4, 0x97, 0xff, 0xa0, 0xa4, 0x95, 0xff, 0x9d, 0xa3, 0x94, 0xff, 0x97, 0xa0, 0x93, 0xff, 
0x99, 0xa0, 0x93, 0xff, 0x9f, 0xa4, 0x94, 0xff, 0xa6, 0xa9, 0x97, 0xff, 0xa1, 0xa5, 0x96, 0xff, 
0x9c, 0xa2, 0x95, 0xff, 0x99, 0xa1, 0x94, 0xff, 0x95, 0x9e, 0x92, 0xff, 0x93, 0x9d, 0x92, 0xff, 
0x96, 0x9e, 0x93, 0xff, 0x91, 0x9c, 0x92, 0xff, 0x8c, 0x98, 0x91, 0xff, 0x8b, 0x98, 0x91, 0xff, 
0x8e, 0x99, 0x92, 0xff, 0x8f, 0x9a, 0x93, 0xff, 0x8c, 0x98, 0x92, 0xff, 0x8c, 0x98, 0x91, 0xff, 
0x91, 0x9a, 0x92, 0xff, 0x8f, 0x9a, 0x92, 0xff, 0x8d, 0x99, 0x92, 0xff, 0x91, 0x9b, 0x92, 0xff, 
0x96, 0xa0, 0x93, 0xff, 0x98, 0xa0, 0x93, 0xff, 0x97, 0xa0, 0x93, 0xff, 0x9c, 0xa3, 0x94, 0xff, 
0x9e, 0xa4, 0x98, 0xff, 0x9b, 0xa2, 0x95, 0xff, 0x99, 0xa1, 0x94, 0xff, 0x97, 0x9f, 0x94, 0xff, 
0x94, 0x9e, 0x94, 0xff, 0x95, 0x9e, 0x94, 0xff, 0x94, 0x9e, 0x93, 0xff, 0x90, 0x9b, 0x93, 0xff, 
0x8d, 0x99, 0x92, 0xff, 0x91, 0x9b, 0x92, 0xff, 0x94, 0x9c, 0x92, 0xff, 0x90, 0x9b, 0x92, 0xff, 
0x8c, 0x98, 0x92, 0xff, 0x8e, 0x9a, 0x92, 0xff, 0x95, 0x9e, 0x92, 0xff, 0x98, 0x9f, 0x93, 0xff, 
0x94, 0x9d, 0x95, 0xff, 0x94, 0x9d, 0x94, 0xff, 0x95, 0x9e, 0x93, 0xff, 0x94, 0x9e, 0x93, 0xff, 
0x9e, 0xa4, 0x98, 0xff, 0xa1, 0xa6, 0x9a, 0xff, 0x9a, 0xa1, 0x95, 0xff, 0x96, 0x9e, 0x93, 0xff, 
0x91, 0x9b, 0x91, 0xff, 0x90, 0x9a, 0x91, 0xff, 0x8f, 0x9a, 0x92, 0xff, 0x8e, 0x99, 0x91, 0xff, 
0x8f, 0x9a, 0x91, 0xff, 0x96, 0x9e, 0x92, 0xff, 0x99, 0xa1, 0x93, 0xff, 0x97, 0x9f, 0x94, 0xff, 
0x92, 0x9c, 0x93, 0xff, 0x93, 0x9c, 0x93, 0xff, 0x95, 0x9e, 0x92, 0xff, 0x96, 0x9e, 0x91, 0xff, 
0x96, 0x9e, 0x92, 0xff, 0x94, 0x9d, 0x92, 0xff, 0x92, 0x9d, 0x92, 0xff, 0x94, 0x9d, 0x95, 0xff, 
0x95, 0x9e, 0x94, 0xff, 0x96, 0x9e, 0x94, 0xff, 0x95, 0x9e, 0x93, 0xff, 0x95, 0x9e, 0x93, 0xff, 
0x95, 0x9f, 0x93, 0xff, 0x94, 0x9d, 0x92, 0xff, 0x93, 0x9d, 0x93, 0xff, 0x98, 0xa0, 0x95, 0xff, 
0x97, 0x9f, 0x95, 0xff, 0x91, 0x9c, 0x92, 0xff, 0x8c, 0x98, 0x92, 0xff, 0x8b, 0x97, 0x92, 0xff, 
0x8b, 0x97, 0x91, 0xff, 0x8e, 0x99, 0x92, 0xff, 0x97, 0x9f, 0x94, 0xff, 0x99, 0xa0, 0x94, 0xff, 
0x8d, 0x99, 0x92, 0xff, 0x8b, 0x97, 0x92, 0xff, 0x8e, 0x9a, 0x91, 0xff, 0x8f, 0x9a, 0x91, 0xff, 
0x8f, 0x9a, 0x92, 0xff, 0x91, 0x9a, 0x95, 0xff, 0x91, 0x9b, 0x95, 0xff, 0x96, 0x9e, 0x96, 0xff, 
0xac, 0xac, 0x9d, 0xff, 0xac, 0xac, 0x9e, 0xff, 0xaf, 0xae, 0x9b, 0xff, 0xa5, 0xa9, 0x97, 0xff, 
0xa0, 0xa6, 0x96, 0xff, 0xa3, 0xa7, 0x96, 0xff, 0xa2, 0xa6, 0x98, 0xff, 0xac, 0xac, 0x9c, 0xff, 
0xaa, 0xab, 0x9b, 0xff, 0xaa, 0xac, 0x98, 0xff, 0xb1, 0xaf, 0x9b, 0xff, 0xa1, 0xa6, 0x97, 0xff, 
0x99, 0xa1, 0x96, 0xff, 0x9e, 0xa4, 0x95, 0xff, 0x97, 0x9f, 0x94, 0xff, 0x97, 0x9f, 0x95, 0xff, 
0x9b, 0xa2, 0x95, 0xff, 0xa1, 0xa5, 0x96, 0xff, 0xa8, 0xaa, 0x9a, 0xff, 0xa6, 0xa8, 0x99, 0xff, 
0x93, 0x9d, 0x94, 0xff, 0x8e, 0x9a, 0x93, 0xff, 0x9e, 0xa4, 0x96, 0xff, 0xa7, 0xa9, 0x99, 0xff, 
0x9f, 0xa5, 0x95, 0xff, 0xa0, 0xa5, 0x97, 0xff, 0x9a, 0xa2, 0x96, 0xff, 0xa1, 0xa6, 0x97, 0xff, 
0xad, 0xad, 0x9b, 0xff, 0xac, 0xac, 0x9b, 0xff, 0xab, 0xab, 0x9a, 0xff, 0xa6, 0xa9, 0x98, 0xff, 
0xa1, 0xa6, 0x96, 0xff, 0xa3, 0xa6, 0x95, 0xff, 0xa2, 0xa7, 0x97, 0xff, 0x9b, 0xa3, 0x93, 0xff, 
0x95, 0x9e, 0x92, 0xff, 0x93, 0x9d, 0x94, 0xff, 0x92, 0x9d, 0x92, 0xff, 0x9d, 0xa3, 0x95, 0xff, 
0xa2, 0xa7, 0x9a, 0xff, 0x9b, 0xa2, 0x96, 0xff, 0x9a, 0xa1, 0x93, 0xff, 0xa4, 0xa8, 0x98, 0xff, 
0xa6, 0xa9, 0x99, 0xff, 0x95, 0xa0, 0x95, 0xff, 0x97, 0xa1, 0x96, 0xff, 0xa5, 0xa7, 0x99, 0xff, 
0xa1, 0xa6, 0x98, 0xff, 0xa1, 0xa5, 0x97, 0xff, 0x9e, 0xa4, 0x97, 0xff, 0x9c, 0xa2, 0x94, 0xff, 
0x97, 0x9f, 0x92, 0xff, 0x96, 0x9f, 0x93, 0xff, 0x95, 0x9e, 0x93, 0xff, 0x91, 0x9d, 0x92, 0xff, 
0x91, 0x9c, 0x92, 0xff, 0x93, 0x9e, 0x92, 0xff, 0xa0, 0xa5, 0x95, 0xff, 0xa2, 0xa7, 0x98, 0xff, 
0x9e, 0xa3, 0x97, 0xff, 0x9e, 0xa4, 0x95, 0xff, 0x96, 0x9f, 0x94, 0xff, 0x91, 0x9c, 0x93, 0xff, 
0x91, 0x9b, 0x92, 0xff, 0x8e, 0x99, 0x92, 0xff, 0x89, 0x96, 0x92, 0xff, 0x8c, 0x97, 0x93, 0xff, 
0x92, 0x9b, 0x94, 0xff, 0x92, 0x9b, 0x92, 0xff, 0x90, 0x9b, 0x91, 0xff, 0x96, 0x9e, 0x92, 0xff, 
0x93, 0x9d, 0x93, 0xff, 0x8e, 0x9a, 0x90, 0xff, 0xa1, 0xa6, 0x97, 0xff, 0xae, 0xad, 0xa2, 0xff, 
0xa8, 0xa9, 0x9d, 0xff, 0xa0, 0xa5, 0x96, 0xff, 0x92, 0x9c, 0x92, 0xff, 0x8d, 0x98, 0x92, 0xff, 
0x91, 0x9c, 0x93, 0xff, 0x92, 0x9c, 0x92, 0xff, 0x9a, 0xa2, 0x96, 0xff, 0xa2, 0xa5, 0x9a, 0xff, 
0x9c, 0xa3, 0x97, 0xff, 0x9f, 0xa5, 0x95, 0xff, 0x9f, 0xa5, 0x95, 0xff, 0x96, 0xa0, 0x93, 0xff, 
0x93, 0x9d, 0x93, 0xff, 0x93, 0x9d, 0x94, 0xff, 0x97, 0x9f, 0x96, 0xff, 0x9f, 0xa4, 0x98, 0xff, 
0x98, 0xa0, 0x94, 0xff, 0x94, 0x9e, 0x93, 0xff, 0x97, 0x9f, 0x97, 0xff, 0x91, 0x9b, 0x94, 0xff, 
0x8a, 0x97, 0x91, 0xff, 0x8f, 0x9a, 0x93, 0xff, 0x8d, 0x98, 0x93, 0xff, 0x8f, 0x9a, 0x92, 0xff, 
0x99, 0x9f, 0x94, 0xff, 0x9f, 0xa4, 0x98, 0xff, 0xa1, 0xa6, 0x96, 0xff, 0x96, 0x9e, 0x93, 0xff, 
0x93, 0x9d, 0x93, 0xff, 0x9d, 0xa4, 0x94, 0xff, 0xa9, 0xaa, 0x9b, 0xff, 0xa9, 0xab, 0x9e, 0xff, 
0xa5, 0xa8, 0x9b, 0xff, 0xa4, 0xa7, 0x98, 0xff, 0xa6, 0xa8, 0x99, 0xff, 0xa3, 0xa7, 0x98, 0xff, 
0x9c, 0xa3, 0x95, 0xff, 0x9a, 0xa2, 0x96, 0xff, 0xa4, 0xa8, 0x99, 0xff, 0xaf, 0xae, 0x9e, 0xff, 
0xae, 0xae, 0x9e, 0xff, 0xa7, 0xaa, 0x9c, 0xff, 0x9e, 0xa4, 0x98, 0xff, 0x9d, 0xa4, 0x95, 0xff, 
0x9d, 0xa4, 0x96, 0xff, 0xa4, 0xa8, 0x98, 0xff, 0xa4, 0xa8, 0x96, 0xff, 0x9f, 0xa5, 0x94, 0xff, 
0x9c, 0xa2, 0x94, 0xff, 0x9c, 0xa3, 0x94, 0xff, 0x9c, 0xa2, 0x94, 0xff, 0x98, 0xa0, 0x93, 0xff, 
0x97, 0xa0, 0x94, 0xff, 0x98, 0xa0, 0x93, 0xff, 0x95, 0x9f, 0x92, 0xff, 0x92, 0x9d, 0x93, 0xff, 
0x96, 0x9f, 0x92, 0xff, 0x9c, 0xa3, 0x95, 0xff, 0xa1, 0xa6, 0x94, 0xff, 0xa9, 0xab, 0x96, 0xff, 
0xaf, 0xae, 0x9a, 0xff, 0xb0, 0xae, 0x9b, 0xff, 0xb3, 0xb1, 0x9f, 0xff, 0xb5, 0xb2, 0xa0, 0xff, 
0xb2, 0xb0, 0x9d, 0xff, 0xae, 0xad, 0x9c, 0xff, 0xab, 0xac, 0x9b, 0xff, 0xa2, 0xa5, 0x96, 0xff, 
0x92, 0x9d, 0x92, 0xff, 0x8d, 0x99, 0x91, 0xff, 0x8d, 0x98, 0x91, 0xff, 0x8d, 0x99, 0x92, 0xff, 
0x93, 0x9d, 0x93, 0xff, 0x97, 0x9f, 0x93, 0xff, 0x9c, 0xa2, 0x93, 0xff, 0x9e, 0xa4, 0x93, 0xff, 
0xa2, 0xa6, 0x95, 0xff, 0xa5, 0xa7, 0x96, 0xff, 0xa5, 0xa8, 0x96, 0xff, 0xa0, 0xa5, 0x94, 0xff, 
0x98, 0xa0, 0x92, 0xff, 0x97, 0x9f, 0x92, 0xff, 0x9a, 0xa1, 0x93, 0xff, 0x9e, 0xa3, 0x94, 0xff, 
0x9f, 0xa5, 0x94, 0xff, 0xa1, 0xa5, 0x95, 0xff, 0xa2, 0xa6, 0x96, 0xff, 0xa4, 0xa7, 0x98, 0xff, 
0xa1, 0xa6, 0x97, 0xff, 0x9c, 0xa2, 0x94, 0xff, 0x9c, 0xa2, 0x93, 0xff, 0x96, 0x9f, 0x94, 0xff, 
0x93, 0x9c, 0x93, 0xff, 0x93, 0x9c, 0x92, 0xff, 0x94, 0x9d, 0x93, 0xff, 0x97, 0xa0, 0x93, 0xff, 
0x9e, 0xa4, 0x95, 0xff, 0x9f, 0xa4, 0x95, 0xff, 0x95, 0x9f, 0x93, 0xff, 0x95, 0x9e, 0x94, 0xff, 
0x9a, 0xa0, 0x93, 0xff, 0x9c, 0xa3, 0x95, 0xff, 0xa1, 0xa7, 0x96, 0xff, 0xa1, 0xa6, 0x95, 0xff, 
0x9b, 0xa2, 0x94, 0xff, 0x96, 0x9f, 0x93, 0xff, 0x9c, 0xa3, 0x94, 0xff, 0xa1, 0xa6, 0x96, 0xff, 
0x9d, 0xa4, 0x94, 0xff, 0x9d, 0xa3, 0x95, 0xff, 0x9f, 0xa4, 0x95, 0xff, 0xa4, 0xa8, 0x96, 0xff, 
0xa3, 0xa7, 0x96, 0xff, 0x9e, 0xa4, 0x96, 0xff, 0x96, 0x9e, 0x95, 0xff, 0x8e, 0x99, 0x92, 0xff, 
0x8e, 0x99, 0x92, 0xff, 0x91, 0x9b, 0x92, 0xff, 0x95, 0x9e, 0x93, 0xff, 0x96, 0x9f, 0x94, 0xff, 
0x97, 0x9f, 0x95, 0xff, 0x9a, 0xa1, 0x94, 0xff, 0x95, 0x9e, 0x93, 0xff, 0x90, 0x9b, 0x92, 0xff, 
0x8f, 0x9b, 0x93, 0xff, 0x97, 0xa0, 0x94, 0xff, 0x99, 0xa0, 0x96, 0xff, 0x93, 0x9d, 0x94, 0xff, 
0x92, 0x9d, 0x93, 0xff, 0x96, 0x9e, 0x93, 0xff, 0x9b, 0xa2, 0x93, 0xff, 0x96, 0x9f, 0x93, 0xff, 
0x8c, 0x99, 0x91, 0xff, 0x8c, 0x99, 0x91, 0xff, 0x98, 0x9f, 0x95, 0xff, 0x9c, 0xa2, 0x96, 0xff, 
0x9f, 0xa4, 0x96, 0xff, 0x98, 0xa0, 0x97, 0xff, 0x92, 0x9c, 0x94, 0xff, 0x96, 0x9e, 0x93, 0xff, 
0x9c, 0xa3, 0x94, 0xff, 0xa1, 0xa7, 0x98, 0xff, 0x9b, 0xa2, 0x96, 0xff, 0x8f, 0x9a, 0x91, 0xff, 
0x8f, 0x9a, 0x91, 0xff, 0x97, 0x9f, 0x94, 0xff, 0x9c, 0xa2, 0x94, 0xff, 0x9e, 0xa4, 0x95, 0xff, 
0xa4, 0xa8, 0x97, 0xff, 0xa1, 0xa5, 0x96, 0xff, 0xa2, 0xa6, 0x97, 0xff, 0x9c, 0xa2, 0x95, 0xff, 
0x92, 0x9c, 0x92, 0xff, 0x92, 0x9c, 0x93, 0xff, 0x91, 0x9b, 0x92, 0xff, 0x8c, 0x98, 0x91, 0xff, 
0x8b, 0x98, 0x91, 0xff, 0x8a, 0x97, 0x91, 0xff, 0x8d, 0x99, 0x91, 0xff, 0x92, 0x9c, 0x93, 0xff, 
0x94, 0x9e, 0x93, 0xff, 0x8c, 0x99, 0x91, 0xff, 0x8d, 0x99, 0x91, 0xff, 0x92, 0x9c, 0x92, 0xff, 
0x90, 0x9c, 0x92, 0xff, 0x96, 0x9f, 0x94, 0xff, 0x97, 0xa0, 0x94, 0xff, 0x98, 0xa1, 0x95, 0xff, 
0x98, 0xa0, 0x95, 0xff, 0x96, 0x9f, 0x93, 0xff, 0x98, 0xa1, 0x94, 0xff, 0x95, 0x9f, 0x93, 0xff, 
0xa0, 0xa5, 0x96, 0xff, 0xa7, 0xa9, 0x98, 0xff, 0xa2, 0xa8, 0x97, 0xff, 0xa3, 0xa7, 0x98, 0xff, 
0xa2, 0xa7, 0x94, 0xff, 0xaa, 0xab, 0x99, 0xff, 0xad, 0xad, 0x9c, 0xff, 0xad, 0xae, 0x9c, 0xff, 
0x96, 0x9f, 0x93, 0xff, 0xa6, 0xa9, 0x9b, 0xff, 0xa2, 0xa5, 0x99, 0xff, 0x97, 0xa0, 0x95, 0xff, 
0x9e, 0xa4, 0x96, 0xff, 0x9b, 0xa3, 0x95, 0xff, 0x93, 0x9e, 0x93, 0xff, 0x99, 0xa1, 0x96, 0xff, 
0x9a, 0xa1, 0x96, 0xff, 0x94, 0x9e, 0x93, 0xff, 0x95, 0x9f, 0x95, 0xff, 0x95, 0x9e, 0x96, 0xff, 
0x92, 0x9d, 0x95, 0xff, 0x99, 0xa1, 0x96, 0xff, 0x9b, 0xa3, 0x95, 0xff, 0x9c, 0xa4, 0x96, 0xff, 
0x96, 0x9f, 0x95, 0xff, 0x94, 0x9e, 0x95, 0xff, 0x99, 0xa1, 0x97, 0xff, 0x99, 0xa1, 0x95, 0xff, 
0x92, 0x9d, 0x93, 0xff, 0x93, 0x9e, 0x94, 0xff, 0x92, 0x9d, 0x95, 0xff, 0x91, 0x9c, 0x94, 0xff, 
0x96, 0xa0, 0x94, 0xff, 0x98, 0xa1, 0x94, 0xff, 0x91, 0x9d, 0x93, 0xff, 0x93, 0x9e, 0x95, 0xff, 
0x95, 0x9e, 0x93, 0xff, 0x9b, 0xa2, 0x95, 0xff, 0xa1, 0xa6, 0x98, 0xff, 0x9e, 0xa5, 0x97, 0xff, 
0xaa, 0xac, 0x9b, 0xff, 0xab, 0xac, 0x9a, 0xff, 0xa2, 0xa6, 0x95, 0xff, 0xa4, 0xa8, 0x97, 0xff, 
0xab, 0xad, 0x9b, 0xff, 0xa5, 0xa9, 0x97, 0xff, 0x92, 0x9c, 0x93, 0xff, 0x85, 0x93, 0x91, 0xff, 
0x86, 0x94, 0x90, 0xff, 0x89, 0x96, 0x91, 0xff, 0x92, 0x9c, 0x93, 0xff, 0x95, 0x9f, 0x94, 0xff, 
0x8f, 0x9a, 0x93, 0xff, 0x87, 0x95, 0x92, 0xff, 0x87, 0x95, 0x92, 0xff, 0x97, 0xa0, 0x97, 0xff, 
0x99, 0xa1, 0x99, 0xff, 0x96, 0x9f, 0x97, 0xff, 0x9d, 0xa3, 0x9a, 0xff, 0xa3, 0xa7, 0x9b, 0xff, 
0xa1, 0xa6, 0x9a, 0xff, 0x95, 0x9f, 0x95, 0xff, 0x94, 0x9f, 0x96, 0xff, 0x93, 0x9e, 0x96, 0xff, 
0x8f, 0x9b, 0x94, 0xff, 0x93, 0x9d, 0x94, 0xff, 0xa7, 0xa9, 0x9c, 0xff, 0x9d, 0xa4, 0x98, 0xff, 
0x8b, 0x99, 0x8f, 0xff, 0x89, 0x96, 0x92, 0xff, 0x9a, 0xa2, 0x97, 0xff, 0xa6, 0xa9, 0x9c, 0xff, 
0x9e, 0xa4, 0x9a, 0xff, 0x9c, 0xa3, 0x98, 0xff, 0x9b, 0xa2, 0x96, 0xff, 0x9c, 0xa4, 0x97, 0xff, 
0x99, 0xa3, 0x96, 0xff, 0x9f, 0xa5, 0x96, 0xff, 0xaa, 0xac, 0x9d, 0xff, 0xa3, 0xa7, 0x9b, 0xff, 
0x94, 0x9f, 0x95, 0xff, 0x9a, 0xa2, 0x96, 0xff, 0x9c, 0xa3, 0x96, 0xff, 0xaa, 0xac, 0x9c, 0xff, 
0xac, 0xad, 0x9c, 0xff, 0x97, 0xa1, 0x96, 0xff, 0x92, 0x9d, 0x94, 0xff, 0x9d, 0xa4, 0x96, 0xff, 
0xa1, 0xa7, 0x98, 0xff, 0xa0, 0xa6, 0x99, 0xff, 0x9e, 0xa5, 0x97, 0xff, 0xa4, 0xa8, 0x9b, 0xff, 
0xa3, 0xa8, 0x99, 0xff, 0xa1, 0xa7, 0x98, 0xff, 0x94, 0x9d, 0x95, 0xff, 0x9c, 0xa3, 0x97, 0xff, 
0x9f, 0xa5, 0x98, 0xff, 0x9b, 0xa2, 0x96, 0xff, 0xa3, 0xa7, 0x9c, 0xff, 0xa4, 0xa8, 0x9c, 0xff, 
0xa1, 0xa6, 0x99, 0xff, 0x98, 0xa1, 0x97, 0xff, 0x98, 0xa1, 0x98, 0xff, 0xa0, 0xa6, 0x98, 0xff, 
0xa1, 0xa7, 0x98, 0xff, 0x9b, 0xa2, 0x98, 0xff, 0x9d, 0xa5, 0x99, 0xff, 0x9e, 0xa5, 0x99, 0xff, 
0x9e, 0xa6, 0x97, 0xff, 0xa5, 0xaa, 0x98, 0xff, 0xad, 0xae, 0x9d, 0xff, 0xb0, 0xb1, 0x9f, 0xff, 
0xa9, 0xac, 0x98, 0xff, 0xad, 0xae, 0x9b, 0xff, 0xb8, 0xb5, 0xa5, 0xff, 0xb3, 0xb1, 0xa4, 0xff, 
0x9f, 0xa5, 0x98, 0xff, 0x9a, 0xa2, 0x98, 0xff, 0x99, 0xa1, 0x99, 0xff, 0x98, 0xa1, 0x98, 0xff, 
0x97, 0xa1, 0x96, 0xff, 0x96, 0x9f, 0x96, 0xff, 0x98, 0xa1, 0x97, 0xff, 0x99, 0xa1, 0x99, 0xff, 
0x94, 0x9d, 0x97, 0xff, 0x93, 0x9d, 0x97, 0xff, 0x9f, 0xa5, 0x98, 0xff, 0xa0, 0xa7, 0x97, 0xff, 
0x9c, 0xa4, 0x97, 0xff, 0x98, 0xa1, 0x96, 0xff, 0x95, 0x9e, 0x93, 0xff, 0x9e, 0xa4, 0x95, 0xff, 
0x9d, 0xa4, 0x96, 0xff, 0x97, 0xa0, 0x93, 0xff, 0x95, 0x9f, 0x93, 0xff, 0x94, 0x9f, 0x94, 0xff, 
0x93, 0x9e, 0x93, 0xff, 0x90, 0x9c, 0x93, 0xff, 0x8f, 0x9c, 0x93, 0xff, 0x8c, 0x98, 0x92, 0xff, 
0x8d, 0x99, 0x92, 0xff, 0x90, 0x9b, 0x93, 0xff, 0x90, 0x9b, 0x93, 0xff, 0x91, 0x9c, 0x94, 0xff, 
0x96, 0x9e, 0x95, 0xff, 0x99, 0xa0, 0x97, 0xff, 0x9c, 0xa2, 0x9a, 0xff, 0x9c, 0xa2, 0x9a, 0xff, 
0x9c, 0xa2, 0x99, 0xff, 0x9e, 0xa4, 0x9b, 0xff, 0x9b, 0xa2, 0x99, 0xff, 0x94, 0x9d, 0x94, 0xff, 
0x8f, 0x9a, 0x93, 0xff, 0x97, 0x9f, 0x97, 0xff, 0x98, 0x9f, 0x98, 0xff, 0x8f, 0x9a, 0x94, 0xff, 
0x8c, 0x99, 0x94, 0xff, 0x93, 0x9d, 0x94, 0xff, 0x99, 0xa2, 0x94, 0xff, 0x92, 0x9d, 0x94, 0xff, 
0x93, 0x9e, 0x95, 0xff, 0x96, 0x9f, 0x96, 0xff, 0x91, 0x9c, 0x95, 0xff, 0x91, 0x9c, 0x93, 0xff, 
0x95, 0x9e, 0x94, 0xff, 0x95, 0x9e, 0x95, 0xff, 0x91, 0x9c, 0x93, 0xff, 0x8c, 0x99, 0x93, 0xff, 
0x95, 0x9e, 0x94, 0xff, 0x96, 0x9f, 0x95, 0xff, 0x97, 0x9f, 0x93, 0xff, 0x95, 0x9e, 0x92, 0xff, 
0x8b, 0x97, 0x91, 0xff, 0x87, 0x94, 0x90, 0xff, 0x8b, 0x97, 0x92, 0xff, 0x8b, 0x98, 0x92, 0xff, 
0x8f, 0x9a, 0x92, 0xff, 0x93, 0x9d, 0x92, 0xff, 0x8e, 0x9a, 0x93, 0xff, 0x88, 0x95, 0x91, 0xff, 
0x88, 0x94, 0x90, 0xff, 0x8a, 0x96, 0x91, 0xff, 0x8c, 0x97, 0x92, 0xff, 0x8f, 0x9b, 0x94, 0xff, 
0x94, 0x9e, 0x95, 0xff, 0x96, 0x9f, 0x95, 0xff, 0x9f, 0xa5, 0x97, 0xff, 0xa3, 0xa8, 0x96, 0xff, 
0x9d, 0xa4, 0x95, 0xff, 0x94, 0x9e, 0x94, 0xff, 0x97, 0x9f, 0x95, 0xff, 0xa1, 0xa6, 0x98, 0xff, 
0x9d, 0xa4, 0x96, 0xff, 0x9b, 0xa2, 0x95, 0xff, 0xa4, 0xa8, 0x99, 0xff, 0xa3, 0xa8, 0x97, 0xff, 
0xa3, 0xa8, 0x97, 0xff, 0x9e, 0xa5, 0x96, 0xff, 0x91, 0x9c, 0x94, 0xff, 0x8e, 0x9a, 0x95, 0xff, 
0x95, 0x9f, 0x95, 0xff, 0x99, 0xa1, 0x96, 0xff, 0x8f, 0x9c, 0x94, 0xff, 0x9b, 0xa3, 0x97, 0xff, 
0xa3, 0xa7, 0x99, 0xff, 0x97, 0xa0, 0x95, 0xff, 0x9b, 0xa3, 0x96, 0xff, 0x9a, 0xa2, 0x96, 0xff, 
0x9a, 0xa2, 0x95, 0xff, 0xa1, 0xa7, 0x98, 0xff, 0xa4, 0xa8, 0x9d, 0xff, 0x9e, 0xa3, 0x98, 0xff, 
0x94, 0x9d, 0x92, 0xff, 0x8e, 0x9a, 0x92, 0xff, 0x8d, 0x9a, 0x92, 0xff, 0x8d, 0x99, 0x92, 0xff, 
0x8c, 0x98, 0x92, 0xff, 0x8d, 0x99, 0x93, 0xff, 0x91, 0x9b, 0x93, 0xff, 0x94, 0x9e, 0x93, 0xff, 
0x90, 0x9c, 0x92, 0xff, 0x90, 0x9c, 0x92, 0xff, 0x94, 0x9e, 0x93, 0xff, 0x91, 0x9c, 0x93, 0xff, 
0x94, 0x9d, 0x94, 0xff, 0x95, 0x9e, 0x95, 0xff, 0x92, 0x9d, 0x94, 0xff, 0x93, 0x9d, 0x93, 0xff, 
0x97, 0xa0, 0x94, 0xff, 0x95, 0x9e, 0x94, 0xff, 0x8e, 0x9a, 0x92, 0xff, 0x9b, 0xa2, 0x95, 0xff, 
0xa8, 0xa9, 0x99, 0xff, 0x98, 0xa1, 0x94, 0xff, 0x97, 0xa0, 0x94, 0xff, 0x99, 0xa1, 0x94, 0xff, 
0x93, 0x9e, 0x93, 0xff, 0x8f, 0x9a, 0x93, 0xff, 0x90, 0x9b, 0x93, 0xff, 0x95, 0x9f, 0x93, 0xff, 
0x97, 0xa0, 0x94, 0xff, 0x94, 0x9e, 0x94, 0xff, 0x93, 0x9d, 0x93, 0xff, 0x95, 0x9e, 0x93, 0xff, 
0x9c, 0xa3, 0x95, 0xff, 0x9b, 0xa3, 0x96, 0xff, 0x93, 0x9d, 0x95, 0xff, 0x97, 0x9f, 0x95, 0xff, 
0x93, 0x9d, 0x94, 0xff, 0x90, 0x9c, 0x93, 0xff, 0x92, 0x9c, 0x93, 0xff, 0x8c, 0x97, 0x92, 0xff, 
0x8c, 0x97, 0x93, 0xff, 0x8e, 0x9a, 0x92, 0xff, 0x8b, 0x98, 0x92, 0xff, 0x8a, 0x98, 0x91, 0xff, 
0x98, 0x9f, 0x93, 0xff, 0xa2, 0xa6, 0x97, 0xff, 0xa7, 0xa9, 0x9d, 0xff, 0xa0, 0xa5, 0x99, 0xff, 
0x90, 0x9a, 0x92, 0xff, 0x8f, 0x9a, 0x93, 0xff, 0x9b, 0xa2, 0x94, 0xff, 0x98, 0xa0, 0x92, 0xff, 
0x8c, 0x96, 0x8f, 0xff, 0x8b, 0x96, 0x8f, 0xff, 0x87, 0x93, 0x8d, 0xff, 0x86, 0x93, 0x8d, 0xff, 
0x88, 0x95, 0x8f, 0xff, 0x87, 0x95, 0x8e, 0xff, 0x8e, 0x99, 0x90, 0xff, 0x8e, 0x99, 0x90, 0xff, 
0x89, 0x95, 0x8f, 0xff, 0x85, 0x93, 0x8f, 0xff, 0x83, 0x90, 0x8d, 0xff, 0x80, 0x8f, 0x8d, 0xff, 
0x86, 0x92, 0x8e, 0xff, 0x88, 0x95, 0x90, 0xff, 0x8c, 0x97, 0x8f, 0xff, 0x88, 0x95, 0x8f, 0xff, 
0x84, 0x92, 0x8f, 0xff, 0x84, 0x92, 0x8f, 0xff, 0x83, 0x91, 0x8e, 0xff, 0x83, 0x91, 0x8d, 0xff, 
0x85, 0x92, 0x8d, 0xff, 0x89, 0x95, 0x8f, 0xff, 0x86, 0x93, 0x8f, 0xff, 0x88, 0x93, 0x8e, 0xff, 
0x89, 0x95, 0x8e, 0xff, 0x86, 0x92, 0x8d, 0xff, 0x88, 0x94, 0x8d, 0xff, 0x8b, 0x96, 0x8f, 0xff, 
0x8e, 0x98, 0x90, 0xff, 0x86, 0x92, 0x8d, 0xff, 0x83, 0x90, 0x8b, 0xff, 0x8a, 0x95, 0x8d, 0xff, 
0x94, 0x9a, 0x90, 0xff, 0x91, 0x99, 0x8f, 0xff, 0x8e, 0x96, 0x8d, 0xff, 0x8f, 0x96, 0x8d, 0xff, 
0x9c, 0x9f, 0x91, 0xff, 0x96, 0x9b, 0x8f, 0xff, 0x8b, 0x94, 0x8c, 0xff, 0x8c, 0x95, 0x8d, 0xff, 
0x8a, 0x92, 0x8b, 0xff, 0x90, 0x96, 0x8d, 0xff, 0x96, 0x9b, 0x90, 0xff, 0x8b, 0x94, 0x8c, 0xff, 
0x83, 0x8c, 0x88, 0xff, 0x84, 0x8c, 0x86, 0xff, 0x84, 0x8d, 0x87, 0xff, 0x8c, 0x93, 0x8a, 0xff, 
0x90, 0x95, 0x8b, 0xff, 0x85, 0x8e, 0x87, 0xff, 0x88, 0x92, 0x8a, 0xff, 0x93, 0x99, 0x8e, 0xff, 
0x9a, 0x9e, 0x92, 0xff, 0x90, 0x98, 0x8d, 0xff, 0x89, 0x92, 0x8a, 0xff, 0x83, 0x8e, 0x89, 0xff, 
0x81, 0x8d, 0x88, 0xff, 0x86, 0x91, 0x8c, 0xff, 0x8c, 0x97, 0x8e, 0xff, 0x8e, 0x98, 0x8e, 0xff, 
0x91, 0x9a, 0x92, 0xff, 0x8c, 0x97, 0x90, 0xff, 0x8c, 0x96, 0x8e, 0xff, 0x87, 0x92, 0x8d, 0xff, 
0x88, 0x93, 0x8c, 0xff, 0x8e, 0x97, 0x8e, 0xff, 0x8d, 0x96, 0x8d, 0xff, 0x8b, 0x94, 0x8c, 0xff, 
0x86, 0x91, 0x8a, 0xff, 0x87, 0x90, 0x8a, 0xff, 0x90, 0x97, 0x8f, 0xff, 0x8c, 0x94, 0x8e, 0xff, 
0x8d, 0x94, 0x8a, 0xff, 0x93, 0x98, 0x8d, 0xff, 0x91, 0x97, 0x8e, 0xff, 0x8f, 0x96, 0x8b, 0xff, 
0x8b, 0x92, 0x87, 0xff, 0x84, 0x8d, 0x86, 0xff, 0x83, 0x8c, 0x86, 0xff, 0x8b, 0x91, 0x87, 0xff, 
0x91, 0x96, 0x8b, 0xff, 0x93, 0x98, 0x8e, 0xff, 0x8a, 0x92, 0x8a, 0xff, 0x88, 0x91, 0x88, 0xff, 
0x8b, 0x92, 0x89, 0xff, 0x89, 0x90, 0x88, 0xff, 0x81, 0x8c, 0x86, 0xff, 0x88, 0x90, 0x89, 0xff, 
0x8a, 0x92, 0x8a, 0xff, 0x88, 0x91, 0x8a, 0xff, 0x88, 0x92, 0x8b, 0xff, 0x87, 0x92, 0x8a, 0xff, 
0x8d, 0x94, 0x8c, 0xff, 0x87, 0x91, 0x8b, 0xff, 0x81, 0x8e, 0x89, 0xff, 0x88, 0x91, 0x8a, 0xff, 
0x8d, 0x94, 0x8c, 0xff, 0x87, 0x92, 0x8d, 0xff, 0x85, 0x90, 0x8b, 0xff, 0x86, 0x91, 0x8c, 0xff, 
0x8b, 0x94, 0x8e, 0xff, 0x95, 0x9b, 0x91, 0xff, 0x8f, 0x98, 0x8f, 0xff, 0x89, 0x94, 0x8e, 0xff, 
0x8f, 0x97, 0x8f, 0xff, 0x92, 0x9a, 0x90, 0xff, 0x89, 0x94, 0x8e, 0xff, 0x87, 0x92, 0x8c, 0xff, 
0x83, 0x90, 0x8b, 0xff, 0x7f, 0x8d, 0x8a, 0xff, 0x7d, 0x8a, 0x88, 0xff, 0x7e, 0x8b, 0x88, 0xff, 
0x81, 0x8d, 0x89, 0xff, 0x84, 0x8e, 0x88, 0xff, 0x81, 0x8b, 0x87, 0xff, 0x7d, 0x89, 0x85, 0xff, 
0x7b, 0x87, 0x84, 0xff, 0x7c, 0x87, 0x83, 0xff, 0x80, 0x8b, 0x87, 0xff, 0x81, 0x8c, 0x87, 0xff, 
0x87, 0x90, 0x89, 0xff, 0x94, 0x99, 0x8e, 0xff, 0x88, 0x91, 0x8b, 0xff, 0x7e, 0x89, 0x87, 0xff, 
0x88, 0x91, 0x8b, 0xff, 0x97, 0x9c, 0x8f, 0xff, 0x94, 0x9b, 0x90, 0xff, 0x92, 0x9a, 0x8f, 0xff, 
0x92, 0x99, 0x8e, 0xff, 0x8d, 0x96, 0x8d, 0xff, 0x8a, 0x93, 0x8d, 0xff, 0x89, 0x92, 0x8c, 0xff, 
0x89, 0x92, 0x8d, 0xff, 0x85, 0x8f, 0x8c, 0xff, 0x83, 0x8d, 0x8a, 0xff, 0x81, 0x8d, 0x8b, 0xff, 
0x81, 0x8d, 0x8b, 0xff, 0x80, 0x8c, 0x8a, 0xff, 0x80, 0x8d, 0x8a, 0xff, 0x7f, 0x8d, 0x8a, 0xff, 
0x81, 0x8f, 0x8c, 0xff, 0x82, 0x90, 0x8c, 0xff, 0x82, 0x90, 0x8c, 0xff, 0x86, 0x93, 0x8e, 0xff, 
0x89, 0x94, 0x8e, 0xff, 0x91, 0x99, 0x91, 0xff, 0x97, 0x9d, 0x93, 0xff, 0x8c, 0x97, 0x8e, 0xff, 
0x86, 0x92, 0x8d, 0xff, 0x89, 0x94, 0x8e, 0xff, 0x8a, 0x95, 0x8e, 0xff, 0x89, 0x94, 0x8e, 0xff, 
0x8b, 0x96, 0x8e, 0xff, 0x91, 0x9a, 0x8f, 0xff, 0x88, 0x94, 0x8d, 0xff, 0x88, 0x94, 0x8e, 0xff, 
0x99, 0x9e, 0x92, 0xff, 0xa2, 0xa5, 0x97, 0xff, 0x9a, 0x9f, 0x93, 0xff, 0x8f, 0x98, 0x90, 0xff, 
0x8b, 0x94, 0x8e, 0xff, 0x86, 0x90, 0x8c, 0xff, 0x8a, 0x93, 0x8b, 0xff, 0x8a, 0x92, 0x8c, 0xff, 
0x88, 0x90, 0x8b, 0xff, 0x88, 0x91, 0x8b, 0xff, 0x8c, 0x96, 0x8e, 0xff, 0x91, 0x98, 0x8f, 0xff, 
0x97, 0x9b, 0x8f, 0xff, 0x98, 0x9d, 0x8f, 0xff, 0x91, 0x98, 0x8e, 0xff, 0x8c, 0x93, 0x8d, 0xff, 
0x8a, 0x93, 0x8d, 0xff, 0x89, 0x92, 0x8c, 0xff, 0x8a, 0x93, 0x8c, 0xff, 0x8c, 0x96, 0x8d, 0xff, 
0x8e, 0x96, 0x8d, 0xff, 0x8a, 0x93, 0x8c, 0xff, 0x86, 0x91, 0x8b, 0xff, 0x89, 0x93, 0x8d, 0xff, 
0x8a, 0x93, 0x8d, 0xff, 0x87, 0x91, 0x8c, 0xff, 0x83, 0x8e, 0x8b, 0xff, 0x82, 0x8e, 0x8a, 0xff, 
0x85, 0x90, 0x8c, 0xff, 0x85, 0x90, 0x8c, 0xff, 0x84, 0x90, 0x8c, 0xff, 0x87, 0x92, 0x8d, 0xff, 
0x90, 0x98, 0x90, 0xff, 0x93, 0x9a, 0x90, 0xff, 0x8e, 0x97, 0x8f, 0xff, 0x8d, 0x96, 0x8e, 0xff, 
0x91, 0x99, 0x8e, 0xff, 0x91, 0x99, 0x8d, 0xff, 0x8d, 0x96, 0x8d, 0xff, 0x8d, 0x96, 0x8d, 0xff, 
0x91, 0x98, 0x8d, 0xff, 0x89, 0x94, 0x8c, 0xff, 0x8e, 0x97, 0x8e, 0xff, 0x91, 0x9a, 0x8f, 0xff, 
0x8d, 0x97, 0x8e, 0xff, 0x89, 0x93, 0x8c, 0xff, 0x88, 0x93, 0x8c, 0xff, 0x94, 0x9b, 0x91, 0xff, 
0x98, 0x9e, 0x92, 0xff, 0x8f, 0x97, 0x8f, 0xff, 0x8d, 0x95, 0x8e, 0xff, 0x8e, 0x95, 0x8e, 0xff, 
0x91, 0x98, 0x8e, 0xff, 0x92, 0x99, 0x8f, 0xff, 0x8d, 0x96, 0x8d, 0xff, 0x8c, 0x94, 0x8d, 0xff, 
0x8d, 0x96, 0x8d, 0xff, 0x8c, 0x95, 0x8c, 0xff, 0x90, 0x97, 0x8e, 0xff, 0x8c, 0x95, 0x8d, 0xff, 
0x8c, 0x96, 0x8d, 0xff, 0x8c, 0x95, 0x8d, 0xff, 0x8c, 0x96, 0x8e, 0xff, 0x9e, 0xa2, 0x93, 0xff, 
0xa4, 0xa6, 0x94, 0xff, 0x96, 0x9d, 0x91, 0xff, 0x8b, 0x95, 0x8e, 0xff, 0x88, 0x93, 0x8d, 0xff, 
0x88, 0x94, 0x8d, 0xff, 0x88, 0x93, 0x8e, 0xff, 0x8b, 0x96, 0x8f, 0xff, 0x8a, 0x96, 0x8f, 0xff, 
0x89, 0x95, 0x8e, 0xff, 0x8b, 0x96, 0x8f, 0xff, 0x8a, 0x96, 0x8f, 0xff, 0x8b, 0x97, 0x8f, 0xff, 
0x8f, 0x9a, 0x90, 0xff, 0x8e, 0x98, 0x8f, 0xff, 0x8e, 0x98, 0x8f, 0xff, 0x95, 0x9d, 0x91, 0xff, 
0x97, 0x9f, 0x91, 0xff, 0xa0, 0xa4, 0x95, 0xff, 0x9e, 0xa2, 0x96, 0xff, 0x90, 0x9a, 0x91, 0xff, 
0x88, 0x94, 0x8f, 0xff, 0x88, 0x93, 0x8d, 0xff, 0x89, 0x93, 0x8d, 0xff, 0x84, 0x90, 0x8d, 0xff, 
0x87, 0x91, 0x8d, 0xff, 0x89, 0x93, 0x8d, 0xff, 0x87, 0x92, 0x8c, 0xff, 0x88, 0x93, 0x8d, 0xff, 
0x8a, 0x94, 0x8e, 0xff, 0x89, 0x94, 0x8d, 0xff, 0x89, 0x93, 0x8d, 0xff, 0x89, 0x93, 0x8d, 0xff, 
0x89, 0x93, 0x8e, 0xff, 0x87, 0x92, 0x8d, 0xff, 0x88, 0x94, 0x8d, 0xff, 0x8d, 0x97, 0x8f, 0xff, 
0xaa, 0xa5, 0x93, 0xff, 0xa9, 0xa5, 0x93, 0xff, 0xa8, 0xa4, 0x91, 0xff, 0xa8, 0xa3, 0x90, 0xff, 
0xa4, 0xa0, 0x8d, 0xff, 0xa2, 0x9f, 0x8e, 0xff, 0x9f, 0x9c, 0x8d, 0xff, 0x9e, 0x9c, 0x8c, 0xff, 
0x9f, 0x9e, 0x8d, 0xff, 0x9d, 0x9d, 0x8c, 0xff, 0x9c, 0x9b, 0x8c, 0xff, 0x9a, 0x9a, 0x8c, 0xff, 
0x9c, 0x9c, 0x8d, 0xff, 0x9b, 0x9b, 0x8c, 0xff, 0x93, 0x95, 0x8a, 0xff, 0x94, 0x96, 0x8a, 0xff, 
0x95, 0x97, 0x8a, 0xff, 0x95, 0x97, 0x8a, 0xff, 0x95, 0x97, 0x8a, 0xff, 0x98, 0x99, 0x8c, 0xff, 
0x9b, 0x9a, 0x8e, 0xff, 0x97, 0x99, 0x8b, 0xff, 0x96, 0x97, 0x8a, 0xff, 0x98, 0x98, 0x8a, 0xff, 
0x97, 0x98, 0x8a, 0xff, 0x9c, 0x9a, 0x8d, 0xff, 0x9e, 0x9c, 0x8d, 0xff, 0x9c, 0x9c, 0x8c, 0xff, 
0xa0, 0x9e, 0x8c, 0xff, 0x9e, 0x9c, 0x8a, 0xff, 0xa2, 0x9f, 0x8d, 0xff, 0xa4, 0xa0, 0x8f, 0xff, 
0x9e, 0x9c, 0x8c, 0xff, 0x9e, 0x9b, 0x8b, 0xff, 0xa0, 0x9d, 0x8b, 0xff, 0xa0, 0x9d, 0x8a, 0xff, 
0xa0, 0x9c, 0x89, 0xff, 0xa0, 0x9c, 0x8a, 0xff, 0xa2, 0x9c, 0x89, 0xff, 0xa7, 0xa2, 0x8b, 0xff, 
0xae, 0xa7, 0x91, 0xff, 0xaf, 0xa7, 0x91, 0xff, 0xa3, 0x9e, 0x8a, 0xff, 0xa0, 0x9b, 0x87, 0xff, 
0xa2, 0x9c, 0x87, 0xff, 0x9f, 0x9b, 0x86, 0xff, 0x9d, 0x98, 0x83, 0xff, 0x9a, 0x97, 0x83, 0xff, 
0x9b, 0x97, 0x84, 0xff, 0x9e, 0x99, 0x85, 0xff, 0xa0, 0x9c, 0x88, 0xff, 0x9c, 0x98, 0x87, 0xff, 
0x97, 0x96, 0x85, 0xff, 0x98, 0x96, 0x84, 0xff, 0x97, 0x95, 0x83, 0xff, 0x98, 0x96, 0x84, 0xff, 
0x98, 0x95, 0x84, 0xff, 0x98, 0x97, 0x85, 0xff, 0x94, 0x95, 0x84, 0xff, 0x95, 0x95, 0x84, 0xff, 
0x9c, 0x9a, 0x88, 0xff, 0x9c, 0x9a, 0x88, 0xff, 0x9e, 0x9b, 0x89, 0xff, 0x9b, 0x99, 0x88, 0xff, 
0x9c, 0x9b, 0x8a, 0xff, 0x9b, 0x99, 0x89, 0xff, 0x9a, 0x99, 0x88, 0xff, 0x9a, 0x99, 0x88, 0xff, 
0x9b, 0x99, 0x87, 0xff, 0x9d, 0x9a, 0x89, 0xff, 0x9f, 0x9d, 0x8a, 0xff, 0xa4, 0xa0, 0x8d, 0xff, 
0xa2, 0x9d, 0x8b, 0xff, 0x9e, 0x9b, 0x88, 0xff, 0xa3, 0x9f, 0x8b, 0xff, 0xa3, 0x9e, 0x8a, 0xff, 
0x9e, 0x9b, 0x88, 0xff, 0xa0, 0x9b, 0x88, 0xff, 0xa0, 0x9b, 0x86, 0xff, 0x9a, 0x96, 0x83, 0xff, 
0x96, 0x94, 0x81, 0xff, 0x9b, 0x98, 0x84, 0xff, 0xa0, 0x9c, 0x87, 0xff, 0xa5, 0x9f, 0x8a, 0xff, 
0xa5, 0xa0, 0x8c, 0xff, 0xa4, 0x9f, 0x8b, 0xff, 0xa5, 0xa0, 0x8a, 0xff, 0x9f, 0x9c, 0x88, 0xff, 
0x9e, 0x9b, 0x88, 0xff, 0xa0, 0x9c, 0x89, 0xff, 0x9d, 0x9b, 0x88, 0xff, 0x9a, 0x98, 0x87, 0xff, 
0x95, 0x95, 0x85, 0xff, 0x96, 0x96, 0x84, 0xff, 0x96, 0x95, 0x85, 0xff, 0x90, 0x92, 0x82, 0xff, 
0x8e, 0x90, 0x81, 0xff, 0x93, 0x93, 0x85, 0xff, 0x92, 0x93, 0x85, 0xff, 0x90, 0x92, 0x83, 0xff, 
0x8f, 0x90, 0x83, 0xff, 0x8b, 0x8d, 0x81, 0xff, 0x8c, 0x8e, 0x80, 0xff, 0x8e, 0x8f, 0x81, 0xff, 
0x90, 0x92, 0x84, 0xff, 0x93, 0x95, 0x86, 0xff, 0x91, 0x93, 0x85, 0xff, 0x94, 0x94, 0x86, 0xff, 
0x99, 0x99, 0x8a, 0xff, 0x9a, 0x9a, 0x8a, 0xff, 0x9a, 0x99, 0x89, 0xff, 0x9c, 0x9a, 0x8a, 0xff, 
0x9c, 0x9a, 0x89, 0xff, 0x9c, 0x9a, 0x89, 0xff, 0x9d, 0x9a, 0x8a, 0xff, 0x9f, 0x9c, 0x8b, 0xff, 
0xa2, 0x9f, 0x8d, 0xff, 0xa4, 0xa0, 0x8e, 0xff, 0xa4, 0x9f, 0x8d, 0xff, 0xa3, 0x9f, 0x8c, 0xff, 
0xa3, 0x9f, 0x8c, 0xff, 0xa5, 0xa1, 0x8e, 0xff, 0xa8, 0xa4, 0x91, 0xff, 0xa8, 0xa3, 0x8f, 0xff, 
0xa5, 0xa0, 0x8d, 0xff, 0xa5, 0xa1, 0x8e, 0xff, 0xaa, 0xa4, 0x90, 0xff, 0xae, 0xa7, 0x93, 0xff, 
0xad, 0xa7, 0x93, 0xff, 0xad, 0xa7, 0x92, 0xff, 0xac, 0xa6, 0x92, 0xff, 0xa9, 0xa3, 0x90, 0xff, 
0xa6, 0xa1, 0x8d, 0xff, 0xa3, 0x9f, 0x8b, 0xff, 0x9f, 0x9b, 0x89, 0xff, 0x9c, 0x99, 0x87, 0xff, 
0x9a, 0x98, 0x87, 0xff, 0x95, 0x95, 0x83, 0xff, 0x93, 0x93, 0x82, 0xff, 0x93, 0x92, 0x83, 0xff, 
0x92, 0x93, 0x83, 0xff, 0x92, 0x94, 0x85, 0xff, 0x93, 0x94, 0x85, 0xff, 0x92, 0x94, 0x86, 0xff, 
0x92, 0x94, 0x86, 0xff, 0x90, 0x93, 0x86, 0xff, 0x91, 0x95, 0x87, 0xff, 0x96, 0x98, 0x8a, 0xff, 
0x96, 0x98, 0x89, 0xff, 0x96, 0x97, 0x89, 0xff, 0x96, 0x97, 0x89, 0xff, 0x9a, 0x9a, 0x8b, 0xff, 
0x9a, 0x9a, 0x8b, 0xff, 0x9c, 0x9b, 0x8b, 0xff, 0x9e, 0x9c, 0x8c, 0xff, 0x9f, 0x9d, 0x8c, 0xff, 
0x9e, 0x9d, 0x8c, 0xff, 0xa2, 0x9f, 0x8e, 0xff, 0xa2, 0x9f, 0x8d, 0xff, 0xa1, 0x9e, 0x8b, 0xff, 
0xa0, 0x9d, 0x89, 0xff, 0xa1, 0x9d, 0x89, 0xff, 0xa1, 0x9e, 0x8a, 0xff, 0xa0, 0x9e, 0x8a, 0xff, 
0xa3, 0x9f, 0x8b, 0xff, 0xa7, 0xa3, 0x8d, 0xff, 0xa7, 0xa3, 0x8f, 0xff, 0xa8, 0xa3, 0x8f, 0xff, 
0xa6, 0xa2, 0x8e, 0xff, 0xa5, 0xa1, 0x8e, 0xff, 0xa6, 0xa2, 0x8e, 0xff, 0xab, 0xa7, 0x91, 0xff, 
0xab, 0xa7, 0x91, 0xff, 0xa8, 0xa4, 0x8f, 0xff, 0xa3, 0xa1, 0x8c, 0xff, 0xa1, 0x9e, 0x8b, 0xff, 
0xa0, 0x9e, 0x8c, 0xff, 0xa0, 0x9d, 0x8b, 0xff, 0xa1, 0x9e, 0x8c, 0xff, 0xa1, 0x9e, 0x8c, 0xff, 
0x9e, 0x9b, 0x8a, 0xff, 0x9e, 0x9c, 0x8b, 0xff, 0x9a, 0x99, 0x89, 0xff, 0x96, 0x96, 0x86, 0xff, 
0x95, 0x95, 0x86, 0xff, 0x96, 0x96, 0x87, 0xff, 0x94, 0x94, 0x86, 0xff, 0x93, 0x94, 0x86, 0xff, 
0x90, 0x91, 0x85, 0xff, 0x91, 0x92, 0x85, 0xff, 0x92, 0x93, 0x84, 0xff, 0x90, 0x91, 0x82, 0xff, 
0x8f, 0x91, 0x83, 0xff, 0x8f, 0x91, 0x83, 0xff, 0x94, 0x93, 0x84, 0xff, 0x97, 0x96, 0x86, 0xff, 
0x97, 0x97, 0x87, 0xff, 0x9a, 0x9a, 0x89, 0xff, 0x9c, 0x9a, 0x8a, 0xff, 0x9a, 0x9a, 0x89, 0xff, 
0x9c, 0x9c, 0x8a, 0xff, 0xa2, 0x9f, 0x8d, 0xff, 0xa9, 0xa5, 0x91, 0xff, 0xb1, 0xab, 0x96, 0xff, 
0xb5, 0xae, 0x99, 0xff, 0xb2, 0xac, 0x98, 0xff, 0xaf, 0xa9, 0x94, 0xff, 0xad, 0xa8, 0x92, 0xff, 
0xac, 0xa6, 0x92, 0xff, 0xaa, 0xa5, 0x90, 0xff, 0xa8, 0xa4, 0x8f, 0xff, 0xa8, 0xa3, 0x8e, 0xff, 
0xa8, 0xa3, 0x8e, 0xff, 0xa7, 0xa2, 0x8d, 0xff, 0xa4, 0x9f, 0x8b, 0xff, 0xa2, 0x9e, 0x8b, 0xff, 
0xa6, 0xa1, 0x8c, 0xff, 0xa5, 0xa1, 0x8c, 0xff, 0xa0, 0x9d, 0x89, 0xff, 0x9f, 0x9d, 0x89, 0xff, 
0x9e, 0x9c, 0x89, 0xff, 0x9b, 0x9a, 0x89, 0xff, 0x9f, 0x9c, 0x8a, 0xff, 0xa0, 0x9f, 0x8c, 0xff, 
0xa0, 0x9f, 0x8d, 0xff, 0x9e, 0x9d, 0x8c, 0xff, 0x9e, 0x9d, 0x8c, 0xff, 0x9d, 0x9d, 0x8c, 0xff, 
0x9c, 0x9c, 0x8c, 0xff, 0x9d, 0x9e, 0x8d, 0xff, 0x9b, 0x9c, 0x8d, 0xff, 0x96, 0x98, 0x8b, 0xff, 
0x93, 0x96, 0x89, 0xff, 0x93, 0x95, 0x89, 0xff, 0x96, 0x98, 0x8a, 0xff, 0x9a, 0x9b, 0x8d, 0xff, 
0x97, 0x99, 0x8c, 0xff, 0x95, 0x99, 0x89, 0xff, 0x9c, 0x9c, 0x8b, 0xff, 0x9c, 0x9c, 0x8c, 0xff, 
0x9f, 0x9d, 0x8c, 0xff, 0xa2, 0x9f, 0x8e, 0xff, 0xa2, 0xa0, 0x8e, 0xff, 0xa5, 0xa1, 0x8f, 0xff, 
0xa6, 0xa3, 0x8f, 0xff, 0xa4, 0xa0, 0x8f, 0xff, 0xa4, 0xa0, 0x8d, 0xff, 0xa8, 0xa4, 0x90, 0xff, 
0xaf, 0xa9, 0x95, 0xff, 0xaf, 0xa9, 0x95, 0xff, 0xad, 0xa7, 0x94, 0xff, 0xae, 0xa7, 0x93, 0xff, 
0xab, 0xa5, 0x92, 0xff, 0xa9, 0xa4, 0x91, 0xff, 0xa8, 0xa3, 0x90, 0xff, 0xa7, 0xa2, 0x90, 0xff, 
0xb7, 0xb0, 0x94, 0xff, 0xb7, 0xaf, 0x93, 0xff, 0xb6, 0xae, 0x93, 0xff, 0xb5, 0xae, 0x92, 0xff, 
0xb4, 0xad, 0x91, 0xff, 0xb4, 0xad, 0x92, 0xff, 0xb3, 0xac, 0x90, 0xff, 0xb4, 0xac, 0x90, 0xff, 
0xb2, 0xaa, 0x90, 0xff, 0xb2, 0xab, 0x90, 0xff, 0xb5, 0xad, 0x91, 0xff, 0xb5, 0xac, 0x91, 0xff, 
0xb1, 0xaa, 0x8f, 0xff, 0xaf, 0xa8, 0x8d, 0xff, 0xae, 0xa7, 0x8d, 0xff, 0xae, 0xa6, 0x8c, 0xff, 
0xaf, 0xa7, 0x8d, 0xff, 0xaf, 0xa6, 0x8c, 0xff, 0xaf, 0xa7, 0x8d, 0xff, 0xb5, 0xac, 0x92, 0xff, 
0xb5, 0xac, 0x92, 0xff, 0xb1, 0xaa, 0x8f, 0xff, 0xb3, 0xab, 0x91, 0xff, 0xb2, 0xab, 0x90, 0xff, 
0xb2, 0xaa, 0x8f, 0xff, 0xb5, 0xac, 0x91, 0xff, 0xb6, 0xad, 0x92, 0xff, 0xb3, 0xac, 0x8f, 0xff, 
0xb0, 0xa8, 0x8d, 0xff, 0xb2, 0xab, 0x8e, 0xff, 0xb5, 0xad, 0x8f, 0xff, 0xb5, 0xad, 0x8f, 0xff, 
0xb5, 0xac, 0x8f, 0xff, 0xb3, 0xab, 0x8f, 0xff, 0xb2, 0xab, 0x8d, 0xff, 0xb3, 0xac, 0x8d, 0xff, 
0xb5, 0xad, 0x8f, 0xff, 0xb4, 0xac, 0x8f, 0xff, 0xb3, 0xab, 0x8d, 0xff, 0xb2, 0xab, 0x8d, 0xff, 
0xb2, 0xac, 0x8e, 0xff, 0xb2, 0xab, 0x8e, 0xff, 0xaf, 0xa8, 0x8a, 0xff, 0xaf, 0xa8, 0x8a, 0xff, 
0xb2, 0xab, 0x8d, 0xff, 0xb2, 0xab, 0x8d, 0xff, 0xb1, 0xaa, 0x8c, 0xff, 0xb1, 0xaa, 0x8c, 0xff, 
0xb0, 0xa9, 0x8c, 0xff, 0xb1, 0xaa, 0x8d, 0xff, 0xb2, 0xab, 0x8d, 0xff, 0xb2, 0xab, 0x8d, 0xff, 
0xb1, 0xaa, 0x8c, 0xff, 0xb0, 0xa9, 0x8c, 0xff, 0xb0, 0xa9, 0x8b, 0xff, 0xb1, 0xa9, 0x8c, 0xff, 
0xb3, 0xac, 0x8e, 0xff, 0xb2, 0xab, 0x8d, 0xff, 0xb2, 0xab, 0x8e, 0xff, 0xb1, 0xaa, 0x8d, 0xff, 
0xae, 0xa8, 0x8b, 0xff, 0xb0, 0xa9, 0x8c, 0xff, 0xb1, 0xaa, 0x8d, 0xff, 0xb5, 0xad, 0x8f, 0xff, 
0xb6, 0xae, 0x91, 0xff, 0xb4, 0xac, 0x8e, 0xff, 0xb1, 0xaa, 0x8c, 0xff, 0xb1, 0xaa, 0x8c, 0xff, 
0xb3, 0xab, 0x8d, 0xff, 0xb3, 0xac, 0x8e, 0xff, 0xb4, 0xae, 0x8f, 0xff, 0xb5, 0xae, 0x90, 0xff, 
0xb2, 0xac, 0x8e, 0xff, 0xb0, 0xaa, 0x8b, 0xff, 0xaf, 0xa8, 0x8a, 0xff, 0xae, 0xa8, 0x8a, 0xff, 
0xb0, 0xaa, 0x8c, 0xff, 0xb0, 0xa9, 0x8b, 0xff, 0xaf, 0xa9, 0x8b, 0xff, 0xb0, 0xaa, 0x8c, 0xff, 
0xad, 0xa7, 0x89, 0xff, 0xad, 0xa7, 0x89, 0xff, 0xaf, 0xa9, 0x8a, 0xff, 0xaf, 0xa8, 0x8a, 0xff, 
0xb0, 0xa9, 0x8b, 0xff, 0xb0, 0xaa, 0x8a, 0xff, 0xaf, 0xa9, 0x8a, 0xff, 0xaf, 0xa9, 0x8a, 0xff, 
0xae, 0xa8, 0x8a, 0xff, 0xae, 0xa8, 0x89, 0xff, 0xae, 0xa7, 0x89, 0xff, 0xac, 0xa6, 0x88, 0xff, 
0xac, 0xa6, 0x88, 0xff, 0xac, 0xa5, 0x87, 0xff, 0xaa, 0xa5, 0x86, 0xff, 0xaa, 0xa4, 0x86, 0xff, 
0xaa, 0xa4, 0x86, 0xff, 0xab, 0xa5, 0x87, 0xff, 0xab, 0xa6, 0x87, 0xff, 0xad, 0xa7, 0x89, 0xff, 
0xaa, 0xa5, 0x87, 0xff, 0xaa, 0xa4, 0x86, 0xff, 0xac, 0xa6, 0x88, 0xff, 0xad, 0xa7, 0x89, 0xff, 
0xad, 0xa7, 0x89, 0xff, 0xac, 0xa6, 0x89, 0xff, 0xac, 0xa7, 0x89, 0xff, 0xad, 0xa8, 0x8a, 0xff, 
0xb0, 0xaa, 0x8c, 0xff, 0xb1, 0xaa, 0x8c, 0xff, 0xb1, 0xab, 0x8d, 0xff, 0xb3, 0xac, 0x8e, 0xff, 
0xb2, 0xac, 0x8d, 0xff, 0xb2, 0xac, 0x8e, 0xff, 0xb4, 0xae, 0x90, 0xff, 0xb4, 0xae, 0x90, 0xff, 
0xb5, 0xae, 0x90, 0xff, 0xb5, 0xae, 0x90, 0xff, 0xb4, 0xac, 0x8f, 0xff, 0xb3, 0xac, 0x8e, 0xff, 
0xb3, 0xac, 0x8f, 0xff, 0xb3, 0xac, 0x8e, 0xff, 0xb3, 0xab, 0x8e, 0xff, 0xb2, 0xab, 0x8e, 0xff, 
0xb1, 0xab, 0x8d, 0xff, 0xb0, 0xaa, 0x8c, 0xff, 0xb1, 0xaa, 0x8d, 0xff, 0xb1, 0xaa, 0x8d, 0xff, 
0xb1, 0xaa, 0x8d, 0xff, 0xb3, 0xab, 0x8e, 0xff, 0xb2, 0xaa, 0x8d, 0xff, 0xaf, 0xa8, 0x8b, 0xff, 
0xaf, 0xa7, 0x8a, 0xff, 0xb0, 0xa8, 0x8b, 0xff, 0xb0, 0xa9, 0x8c, 0xff, 0xaf, 0xa9, 0x8c, 0xff, 
0xae, 0xa7, 0x8b, 0xff, 0xad, 0xa6, 0x8a, 0xff, 0xac, 0xa5, 0x89, 0xff, 0xab, 0xa4, 0x88, 0xff, 
0xaa, 0xa3, 0x87, 0xff, 0xa9, 0xa3, 0x87, 0xff, 0xaa, 0xa4, 0x88, 0xff, 0xa9, 0xa4, 0x87, 0xff, 
0xab, 0xa5, 0x89, 0xff, 0xae, 0xa7, 0x8b, 0xff, 0xb0, 0xa9, 0x8d, 0xff, 0xb1, 0xaa, 0x8e, 0xff, 
0xb2, 0xab, 0x8f, 0xff, 0xb2, 0xab, 0x8e, 0xff, 0xb2, 0xab, 0x8e, 0xff, 0xb3, 0xab, 0x8f, 0xff, 
0xb3, 0xab, 0x8f, 0xff, 0xb2, 0xac, 0x8f, 0xff, 0xb4, 0xad, 0x90, 0xff, 0xb3, 0xac, 0x8f, 0xff, 
0xb2, 0xab, 0x8e, 0xff, 0xb3, 0xac, 0x90, 0xff, 0xb3, 0xac, 0x8f, 0xff, 0xb2, 0xab, 0x8e, 0xff, 
0xb2, 0xab, 0x8e, 0xff, 0xb4, 0xae, 0x90, 0xff, 0xb6, 0xaf, 0x92, 0xff, 0xb5, 0xae, 0x91, 0xff, 
0xb6, 0xaf, 0x92, 0xff, 0xb7, 0xb0, 0x93, 0xff, 0xb7, 0xaf, 0x93, 0xff, 0xb7, 0xb0, 0x93, 0xff, 
0xb7, 0xb0, 0x93, 0xff, 0xb6, 0xaf, 0x93, 0xff, 0xb7, 0xb1, 0x93, 0xff, 0xb7, 0xb0, 0x93, 0xff, 
0xb5, 0xae, 0x92, 0xff, 0xb4, 0xae, 0x90, 0xff, 0xb4, 0xae, 0x91, 0xff, 0xb4, 0xae, 0x90, 0xff, 
0xb4, 0xae, 0x90, 0xff, 0xb4, 0xad, 0x8f, 0xff, 0xb3, 0xac, 0x8e, 0xff, 0xb1, 0xab, 0x8d, 0xff, 
0xb1, 0xaa, 0x8c, 0xff, 0xb0, 0xaa, 0x8c, 0xff, 0xad, 0xa7, 0x89, 0xff, 0xad, 0xa7, 0x89, 0xff, 
0xac, 0xa6, 0x89, 0xff, 0xad, 0xa6, 0x8a, 0xff, 0xab, 0xa6, 0x89, 0xff, 0xab, 0xa5, 0x88, 0xff, 
0xaa, 0xa5, 0x87, 0xff, 0xa9, 0xa4, 0x87, 0xff, 0xa9, 0xa4, 0x87, 0xff, 0xaa, 0xa5, 0x88, 0xff, 
0xab, 0xa6, 0x89, 0xff, 0xad, 0xa7, 0x8a, 0xff, 0xae, 0xa8, 0x8b, 0xff, 0xb0, 0xaa, 0x8c, 0xff, 
0xb0, 0xaa, 0x8c, 0xff, 0xaf, 0xaa, 0x8c, 0xff, 0xb0, 0xaa, 0x8c, 0xff, 0xaf, 0xa9, 0x8c, 0xff, 
0xb1, 0xab, 0x8d, 0xff, 0xb3, 0xac, 0x8e, 0xff, 0xb2, 0xac, 0x8e, 0xff, 0xb3, 0xac, 0x90, 0xff, 
0xb4, 0xae, 0x91, 0xff, 0xb4, 0xae, 0x91, 0xff, 0xb3, 0xae, 0x8f, 0xff, 0xb4, 0xae, 0x91, 0xff, 
0xb5, 0xb0, 0x92, 0xff, 0xb5, 0xaf, 0x92, 0xff, 0xb4, 0xaf, 0x91, 0xff, 0xb3, 0xad, 0x8f, 0xff, 
0xb2, 0xad, 0x8f, 0xff, 0xb3, 0xad, 0x8f, 0xff, 0xb2, 0xad, 0x8e, 0xff, 0xb3, 0xad, 0x8f, 0xff, 
0xb4, 0xae, 0x90, 0xff, 0xb1, 0xab, 0x8e, 0xff, 0xb1, 0xaa, 0x8d, 0xff, 0xb1, 0xab, 0x8d, 0xff, 
0xb2, 0xac, 0x8e, 0xff, 0xb2, 0xab, 0x8e, 0xff, 0xb2, 0xaa, 0x8d, 0xff, 0xb3, 0xac, 0x8f, 0xff, 
0xb3, 0xac, 0x8f, 0xff, 0xb3, 0xac, 0x8f, 0xff, 0xb2, 0xab, 0x8e, 0xff, 0xb2, 0xab, 0x8f, 0xff, 
0xb3, 0xab, 0x8f, 0xff, 0xb1, 0xaa, 0x8e, 0xff, 0xb1, 0xaa, 0x8e, 0xff, 0xb1, 0xaa, 0x8e, 0xff, 
0xb1, 0xa9, 0x8d, 0xff, 0xb0, 0xa9, 0x8c, 0xff, 0xb1, 0xaa, 0x8e, 0xff, 0xb2, 0xab, 0x8f, 0xff, 
0xb0, 0xaa, 0x8e, 0xff, 0xaf, 0xa9, 0x8c, 0xff, 0xaf, 0xa9, 0x8d, 0xff, 0xb0, 0xa9, 0x8d, 0xff, 
0xb2, 0xab, 0x8e, 0xff, 0xb3, 0xac, 0x90, 0xff, 0xb4, 0xad, 0x91, 0xff, 0xb4, 0xad, 0x90, 0xff, 
0xb5, 0xad, 0x90, 0xff, 0xb5, 0xae, 0x92, 0xff, 0xb5, 0xad, 0x90, 0xff, 0xb5, 0xae, 0x91, 0xff, 
0xb7, 0xb0, 0x93, 0xff, 0xb8, 0xb0, 0x94, 0xff, 0xb7, 0xaf, 0x93, 0xff, 0xb6, 0xaf, 0x94, 0xff, 
0xb6, 0xae, 0x93, 0xff, 0xb5, 0xae, 0x91, 0xff, 0xb5, 0xae, 0x91, 0xff, 0xb6, 0xad, 0x92, 0xff, 
0xac, 0xa9, 0x8a, 0xff, 0xad, 0xa9, 0x8a, 0xff, 0xaf, 0xab, 0x8c, 0xff, 0xae, 0xab, 0x8b, 0xff, 
0xaf, 0xab, 0x8c, 0xff, 0xaf, 0xaa, 0x8c, 0xff, 0xaf, 0xab, 0x8c, 0xff, 0xaf, 0xab, 0x8c, 0xff, 
0xb0, 0xab, 0x8c, 0xff, 0xb0, 0xab, 0x8c, 0xff, 0xb0, 0xab, 0x8c, 0xff, 0xb0, 0xab, 0x8c, 0xff, 
0xb0, 0xab, 0x8c, 0xff, 0xb0, 0xac, 0x8d, 0xff, 0xb1, 0xac, 0x8c, 0xff, 0xb1, 0xab, 0x8c, 0xff, 
0xb1, 0xac, 0x8d, 0xff, 0xb2, 0xac, 0x8d, 0xff, 0xb2, 0xad, 0x8e, 0xff, 0xb1, 0xac, 0x8d, 0xff, 
0xb1, 0xac, 0x8d, 0xff, 0xb1, 0xac, 0x8d, 0xff, 0xb1, 0xac, 0x8d, 0xff, 0xb2, 0xad, 0x8e, 0xff, 
0xb2, 0xad, 0x8e, 0xff, 0xb1, 0xac, 0x8d, 0xff, 0xb0, 0xac, 0x8d, 0xff, 0xb1, 0xac, 0x8d, 0xff, 
0xaf, 0xaa, 0x8c, 0xff, 0xaf, 0xab, 0x8c, 0xff, 0xae, 0xab, 0x8b, 0xff, 0xae, 0xa9, 0x8a, 0xff, 
0xaf, 0xaa, 0x8b, 0xff, 0xaf, 0xad, 0x8d, 0xff, 0xae, 0xab, 0x8b, 0xff, 0xac, 0xaa, 0x8a, 0xff, 
0xae, 0xab, 0x8b, 0xff, 0xaf, 0xac, 0x8c, 0xff, 0xaf, 0xad, 0x8d, 0xff, 0xae, 0xab, 0x8c, 0xff, 
0xad, 0xa9, 0x8a, 0xff, 0xad, 0xaa, 0x8a, 0xff, 0xae, 0xac, 0x8c, 0xff, 0xaf, 0xac, 0x8c, 0xff, 
0xaf, 0xac, 0x8d, 0xff, 0xb0, 0xad, 0x8d, 0xff, 0xaf, 0xac, 0x8d, 0xff, 0xaf, 0xac, 0x8d, 0xff, 
0xb0, 0xad, 0x8e, 0xff, 0xb1, 0xae, 0x8e, 0xff, 0xaf, 0xac, 0x8c, 0xff, 0xae, 0xab, 0x8b, 0xff, 
0xb0, 0xad, 0x8d, 0xff, 0xb0, 0xad, 0x8d, 0xff, 0xb0, 0xad, 0x8e, 0xff, 0xb0, 0xad, 0x8d, 0xff, 
0xaf, 0xac, 0x8d, 0xff, 0xaf, 0xab, 0x8c, 0xff, 0xaf, 0xac, 0x8c, 0xff, 0xb0, 0xad, 0x8d, 0xff, 
0xb0, 0xad, 0x8d, 0xff, 0xaf, 0xac, 0x8c, 0xff, 0xae, 0xab, 0x8b, 0xff, 0xad, 0xab, 0x8b, 0xff, 
0xad, 0xaa, 0x8a, 0xff, 0xae, 0xab, 0x8b, 0xff, 0xae, 0xac, 0x8c, 0xff, 0xad, 0xaa, 0x8b, 0xff, 
0xae, 0xab, 0x8b, 0xff, 0xae, 0xac, 0x8c, 0xff, 0xad, 0xaa, 0x8a, 0xff, 0xad, 0xaa, 0x8a, 0xff, 
0xae, 0xab, 0x8b, 0xff, 0xad, 0xaa, 0x8b, 0xff, 0xae, 0xab, 0x8b, 0xff, 0xae, 0xab, 0x8b, 0xff, 
0xae, 0xab, 0x8b, 0xff, 0xaf, 0xab, 0x8c, 0xff, 0xae, 0xab, 0x8b, 0xff, 0xad, 0xaa, 0x8b, 0xff, 
0xaf, 0xab, 0x8c, 0xff, 0xaf, 0xab, 0x8c, 0xff, 0xae, 0xab, 0x8c, 0xff, 0xae, 0xaa, 0x8b, 0xff, 
0xad, 0xa9, 0x8a, 0xff, 0xac, 0xa9, 0x89, 0xff, 0xab, 0xa8, 0x89, 0xff, 0xab, 0xa8, 0x88, 0xff, 
0xab, 0xa8, 0x88, 0xff, 0xac, 0xa8, 0x89, 0xff, 0xab, 0xa8, 0x88, 0xff, 0xab, 0xa8, 0x88, 0xff, 
0xab, 0xa8, 0x88, 0xff, 0xaa, 0xa7, 0x87, 0xff, 0xa9, 0xa6, 0x86, 0xff, 0xaa, 0xa7, 0x87, 0xff, 
0xac, 0xa8, 0x88, 0xff, 0xab, 0xa7, 0x87, 0xff, 0xaa, 0xa7, 0x87, 0xff, 0xaa, 0xa7, 0x87, 0xff, 
0xab, 0xa7, 0x87, 0xff, 0xac, 0xa8, 0x88, 0xff, 0xab, 0xa8, 0x88, 0xff, 0xab, 0xa7, 0x87, 0xff, 
0xaa, 0xa6, 0x87, 0xff, 0xaa, 0xa6, 0x86, 0xff, 0xaa, 0xa6, 0x86, 0xff, 0xab, 0xa7, 0x87, 0xff, 
0xa9, 0xa6, 0x86, 0xff, 0xa9, 0xa6, 0x86, 0xff, 0xa9, 0xa6, 0x86, 0xff, 0xa8, 0xa5, 0x85, 0xff, 
0xa9, 0xa5, 0x86, 0xff, 0xa9, 0xa6, 0x86, 0xff, 0xa9, 0xa5, 0x85, 0xff, 0xa8, 0xa5, 0x85, 0xff, 
0xa8, 0xa5, 0x85, 0xff, 0xa8, 0xa5, 0x86, 0xff, 0xaa, 0xa6, 0x87, 0xff, 0xab, 0xa7, 0x88, 0xff, 
0xaa, 0xa6, 0x87, 0xff, 0xa9, 0xa6, 0x86, 0xff, 0xaa, 0xa5, 0x86, 0xff, 0xaa, 0xa5, 0x87, 0xff, 
0xa9, 0xa5, 0x87, 0xff, 0xaa, 0xa6, 0x87, 0xff, 0xa9, 0xa5, 0x86, 0xff, 0xa9, 0xa5, 0x86, 0xff, 
0xa9, 0xa5, 0x86, 0xff, 0xaa, 0xa5, 0x87, 0xff, 0xaa, 0xa6, 0x87, 0xff, 0xab, 0xa6, 0x88, 0xff, 
0xab, 0xa7, 0x88, 0xff, 0xab, 0xa7, 0x88, 0xff, 0xac, 0xa9, 0x89, 0xff, 0xaf, 0xab, 0x8c, 0xff, 
0xaf, 0xab, 0x8c, 0xff, 0xaf, 0xab, 0x8c, 0xff, 0xaf, 0xaa, 0x8b, 0xff, 0xaf, 0xaa, 0x8b, 0xff, 
0xb0, 0xaa, 0x8c, 0xff, 0xb0, 0xaa, 0x8c, 0xff, 0xb0, 0xaa, 0x8c, 0xff, 0xaf, 0xaa, 0x8b, 0xff, 
0xaf, 0xaa, 0x8b, 0xff, 0xaf, 0xaa, 0x8b, 0xff, 0xaf, 0xaa, 0x8b, 0xff, 0xae, 0xa9, 0x8a, 0xff, 
0xae, 0xa9, 0x8a, 0xff, 0xad, 0xa9, 0x89, 0xff, 0xae, 0xa9, 0x8a, 0xff, 0xad, 0xa9, 0x8a, 0xff, 
0xac, 0xa7, 0x89, 0xff, 0xad, 0xa9, 0x8a, 0xff, 0xad, 0xa9, 0x8a, 0xff, 0xad, 0xaa, 0x8a, 0xff, 
0xad, 0xa9, 0x8a, 0xff, 0xac, 0xa8, 0x89, 0xff, 0xad, 0xa9, 0x8a, 0xff, 0xae, 0xa9, 0x8a, 0xff, 
0xae, 0xa9, 0x8b, 0xff, 0xae, 0xa9, 0x8b, 0xff, 0xad, 0xa8, 0x89, 0xff, 0xae, 0xa9, 0x8b, 0xff, 
0xaf, 0xaa, 0x8b, 0xff, 0xad, 0xa9, 0x8a, 0xff, 0xac, 0xa8, 0x89, 0xff, 0xad, 0xa9, 0x8a, 0xff, 
0xaf, 0xaa, 0x8c, 0xff, 0xae, 0xa9, 0x8b, 0xff, 0xae, 0xaa, 0x8b, 0xff, 0xae, 0xaa, 0x8b, 0xff, 
0xae, 0xaa, 0x8b, 0xff, 0xad, 0xa9, 0x8a, 0xff, 0xac, 0xa8, 0x89, 0xff, 0xad, 0xa9, 0x8a, 0xff, 
0xad, 0xa9, 0x8a, 0xff, 0xad, 0xa9, 0x89, 0xff, 0xac, 0xa9, 0x89, 0xff, 0xad, 0xa9, 0x89, 0xff, 
0xad, 0xa9, 0x8a, 0xff, 0xae, 0xaa, 0x8a, 0xff, 0xae, 0xaa, 0x8b, 0xff, 0xae, 0xa9, 0x8a, 0xff, 
0xae, 0xaa, 0x8a, 0xff, 0xae, 0xa9, 0x8a, 0xff, 0xaf, 0xaa, 0x8a, 0xff, 0xae, 0xa9, 0x8a, 0xff, 
0xad, 0xa9, 0x89, 0xff, 0xae, 0xaa, 0x8a, 0xff, 0xae, 0xaa, 0x8b, 0xff, 0xaf, 0xaa, 0x8a, 0xff, 
0xb0, 0xab, 0x8b, 0xff, 0xb0, 0xab, 0x8c, 0xff, 0xae, 0xaa, 0x8b, 0xff, 0xae, 0xaa, 0x8a, 0xff, 
0xad, 0xa9, 0x8a, 0xff, 0xad, 0xa9, 0x8a, 0xff, 0xae, 0xaa, 0x8a, 0xff, 0xae, 0xaa, 0x8b, 0xff, 
0xae, 0xaa, 0x8a, 0xff, 0xad, 0xa9, 0x8a, 0xff, 0xac, 0xa8, 0x89, 0xff, 0xaa, 0xa8, 0x88, 0xff, 
0xab, 0xa8, 0x88, 0xff, 0xac, 0xa9, 0x89, 0xff, 0xac, 0xa9, 0x89, 0xff, 0xad, 0xa9, 0x8a, 0xff, 
0xad, 0xa9, 0x8a, 0xff, 0xae, 0xab, 0x8b, 0xff, 0xad, 0xaa, 0x8b, 0xff, 0xad, 0xa9, 0x8a, 0xff, 
0xad, 0xa9, 0x8a, 0xff, 0xac, 0xa9, 0x8a, 0xff, 0xaf, 0xab, 0x8c, 0xff, 0xaf, 0xac, 0x8c, 0xff, 
0xae, 0xac, 0x8c, 0xff, 0xae, 0xab, 0x8b, 0xff, 0xb0, 0xac, 0x8c, 0xff, 0xb1, 0xad, 0x8e, 0xff, 
0xb0, 0xad, 0x8d, 0xff, 0xb1, 0xad, 0x8d, 0xff, 0xb1, 0xac, 0x8d, 0xff, 0xaf, 0xab, 0x8c, 0xff, 
0xae, 0xaa, 0x8b, 0xff, 0xaf, 0xaa, 0x8b, 0xff, 0xb0, 0xab, 0x8c, 0xff, 0xb1, 0xad, 0x8e, 0xff, 
0xb0, 0xac, 0x8d, 0xff, 0xb0, 0xac, 0x8c, 0xff, 0xaf, 0xab, 0x8b, 0xff, 0xaf, 0xaa, 0x8b, 0xff, 
0xb0, 0xab, 0x8c, 0xff, 0xaf, 0xac, 0x8c, 0xff, 0xae, 0xab, 0x8b, 0xff, 0xae, 0xaa, 0x8a, 0xff, 
0xae, 0xaa, 0x8a, 0xff, 0xaf, 0xaa, 0x8b, 0xff, 0xaf, 0xab, 0x8b, 0xff, 0xaf, 0xab, 0x8b, 0xff, 
0xae, 0xaa, 0x8b, 0xff, 0xae, 0xaa, 0x8b, 0xff, 0xae, 0xa9, 0x8a, 0xff, 0xac, 0xa9, 0x89, 0xff, 
0xad, 0xa9, 0x8a, 0xff, 0xad, 0xaa, 0x8a, 0xff, 0xaf, 0xaa, 0x8b, 0xff, 0xae, 0xaa, 0x8a, 0xff, 
0xac, 0xa7, 0x89, 0xff, 0xac, 0xa8, 0x89, 0xff, 0xac, 0xa8, 0x89, 0xff, 0xad, 0xaa, 0x8b, 0xff, 
0xae, 0xa9, 0x8b, 0xff, 0xad, 0xa8, 0x8a, 0xff, 0xad, 0xa8, 0x8a, 0xff, 0xae, 0xa9, 0x8a, 0xff, 
0xaa, 0xa5, 0x86, 0xff, 0xaa, 0xa5, 0x87, 0xff, 0xaa, 0xa5, 0x87, 0xff, 0xa9, 0xa4, 0x86, 0xff, 
0xa9, 0xa4, 0x85, 0xff, 0xaa, 0xa5, 0x87, 0xff, 0xaa, 0xa5, 0x87, 0xff, 0xa9, 0xa4, 0x86, 0xff, 
0xaa, 0xa5, 0x87, 0xff, 0xaa, 0xa5, 0x86, 0xff, 0xaa, 0xa6, 0x87, 0xff, 0xaa, 0xa5, 0x87, 0xff, 
0xaa, 0xa5, 0x87, 0xff, 0xaa, 0xa5, 0x87, 0xff, 0xab, 0xa6, 0x88, 0xff, 0xaa, 0xa6, 0x87, 0xff, 
0xab, 0xa6, 0x88, 0xff, 0xab, 0xa6, 0x88, 0xff, 0xab, 0xa7, 0x88, 0xff, 0xab, 0xa6, 0x88, 0xff, 
0xac, 0xa7, 0x89, 0xff, 0xab, 0xa7, 0x88, 0xff, 0xaa, 0xa5, 0x87, 0xff, 0xab, 0xa6, 0x88, 0xff, 
0xab, 0xa7, 0x88, 0xff, 0xac, 0xa7, 0x89, 0xff, 0xab, 0xa6, 0x88, 0xff, 0xac, 0xa7, 0x89, 0xff, 
0xac, 0xa7, 0x89, 0xff, 0xab, 0xa6, 0x88, 0xff, 0xac, 0xa7, 0x89, 0xff, 0xac, 0xa7, 0x89, 0xff, 
0xab, 0xa6, 0x89, 0xff, 0xac, 0xa8, 0x89, 0xff, 0xad, 0xa8, 0x8a, 0xff, 0xad, 0xa8, 0x8a, 0xff, 
0xac, 0xa8, 0x8a, 0xff, 0xac, 0xa7, 0x89, 0xff, 0xac, 0xa7, 0x89, 0xff, 0xac, 0xa7, 0x89, 0xff, 
0xac, 0xa7, 0x89, 0xff, 0xac, 0xa8, 0x89, 0xff, 0xad, 0xa8, 0x8a, 0xff, 0xad, 0xa9, 0x8a, 0xff, 
0xad, 0xa9, 0x8a, 0xff, 0xad, 0xa9, 0x8b, 0xff, 0xad, 0xa8, 0x8a, 0xff, 0xad, 0xa9, 0x8a, 0xff, 
0xad, 0xa9, 0x8b, 0xff, 0xae, 0xa9, 0x8b, 0xff, 0xae, 0xa9, 0x8b, 0xff, 0xae, 0xa9, 0x8b, 0xff, 
0xad, 0xa9, 0x8b, 0xff, 0xae, 0xa9, 0x8b, 0xff, 0xae, 0xa9, 0x8b, 0xff, 0xae, 0xa9, 0x8b, 0xff, 
0xae, 0xa9, 0x8b, 0xff, 0xad, 0xa9, 0x8a, 0xff, 0xad, 0xa8, 0x8a, 0xff, 0xac, 0xa8, 0x8a, 0xff, 
0xad, 0xa8, 0x8a, 0xff, 0xad, 0xa8, 0x8a, 0xff, 0xad, 0xa8, 0x8a, 0xff, 0xad, 0xa8, 0x8a, 0xff, 
0xad, 0xa8, 0x8a, 0xff, 0xad, 0xa8, 0x8a, 0xff, 0xad, 0xa9, 0x8a, 0xff, 0xac, 0xa7, 0x89, 0xff, 
0xac, 0xa7, 0x89, 0xff, 0xac, 0xa8, 0x8a, 0xff, 0xac, 0xa7, 0x89, 0xff, 0xad, 0xa7, 0x89, 0xff, 
0xac, 0xa7, 0x89, 0xff, 0xac, 0xa7, 0x89, 0xff, 0xad, 0xa8, 0x8a, 0xff, 0xac, 0xa7, 0x89, 0xff, 
0xab, 0xa6, 0x88, 0xff, 0xad, 0xa7, 0x8a, 0xff, 0xac, 0xa7, 0x89, 0xff, 0xac, 0xa7, 0x89, 0xff, 
0xac, 0xa7, 0x89, 0xff, 0xac, 0xa7, 0x89, 0xff, 0xac, 0xa6, 0x88, 0xff, 0xab, 0xa6, 0x88, 0xff, 
0xac, 0xa7, 0x89, 0xff, 0xac, 0xa7, 0x89, 0xff, 0xad, 0xa8, 0x8a, 0xff, 0xac, 0xa7, 0x89, 0xff, 
0xab, 0xa6, 0x88, 0xff, 0xac, 0xa7, 0x89, 0xff, 0xac, 0xa7, 0x89, 0xff, 0xad, 0xa8, 0x8a, 0xff, 
0xab, 0xa7, 0x89, 0xff, 0xab, 0xa6, 0x88, 0xff, 0xab, 0xa6, 0x88, 0xff, 0xab, 0xa6, 0x88, 0xff, 
0xab, 0xa6, 0x88, 0xff, 0xac, 0xa7, 0x89, 0xff, 0xac, 0xa6, 0x89, 0xff, 0xab, 0xa6, 0x88, 0xff, 
0xab, 0xa6, 0x88, 0xff, 0xab, 0xa6, 0x88, 0xff, 0xaa, 0xa5, 0x87, 0xff, 0xab, 0xa6, 0x88, 0xff, 
0xab, 0xa6, 0x88, 0xff, 0xab, 0xa5, 0x88, 0xff, 0xab, 0xa5, 0x87, 0xff, 0xab, 0xa6, 0x88, 0xff, 
0xaa, 0xa5, 0x87, 0xff, 0xaa, 0xa5, 0x87, 0xff, 0xaa, 0xa5, 0x87, 0xff, 0xa9, 0xa4, 0x86, 0xff, 
0xa9, 0xa4, 0x86, 0xff, 0xa8, 0xa3, 0x85, 0xff, 0xa8, 0xa3, 0x85, 0xff, 0xa8, 0xa3, 0x85, 0xff, 
0xa8, 0xa3, 0x85, 0xff, 0xa8, 0xa3, 0x85, 0xff, 0xa7, 0xa2, 0x84, 0xff, 0xa8, 0xa3, 0x85, 0xff, 
0xa8, 0xa3, 0x85, 0xff, 0xa7, 0xa2, 0x84, 0xff, 0xa7, 0xa2, 0x84, 0xff, 0xa7, 0xa2, 0x84, 0xff, 
0xa7, 0xa2, 0x84, 0xff, 0xa8, 0xa3, 0x85, 0xff, 0xa7, 0xa2, 0x84, 0xff, 0xa7, 0xa2, 0x84, 0xff, 
0xa7, 0xa2, 0x84, 0xff, 0xa6, 0xa1, 0x83, 0xff, 0xa7, 0xa2, 0x84, 0xff, 0xa7, 0xa2, 0x84, 0xff, 
0xa7, 0xa2, 0x84, 0xff, 0xa7, 0xa2, 0x84, 0xff, 0xa7, 0xa2, 0x84, 0xff, 0xa7, 0xa2, 0x84, 0xff, 
0xa7, 0xa2, 0x84, 0xff, 0xa7, 0xa2, 0x84, 0xff, 0xa7, 0xa2, 0x84, 0xff, 0xa7, 0xa2, 0x83, 0xff, 
0xa7, 0xa2, 0x83, 0xff, 0xa7, 0xa2, 0x84, 0xff, 0xa7, 0xa3, 0x84, 0xff, 0xa8, 0xa3, 0x85, 0xff, 
0xa7, 0xa2, 0x84, 0xff, 0xa8, 0xa3, 0x85, 0xff, 0xa8, 0xa3, 0x85, 0xff, 0xa8, 0xa3, 0x85, 0xff, 
0xa8, 0xa3, 0x85, 0xff, 0xa7, 0xa3, 0x84, 0xff, 0xa9, 0xa4, 0x86, 0xff, 0xa9, 0xa4, 0x86, 0xff, 
0xa8, 0xa3, 0x84, 0xff, 0xa9, 0xa3, 0x85, 0xff, 0xa9, 0xa4, 0x86, 0xff, 0xa9, 0xa4, 0x86, 0xff, 
0xa9, 0xa4, 0x86, 0xff, 0xa9, 0xa3, 0x85, 0xff, 0xa9, 0xa3, 0x85, 0xff, 0xa8, 0xa3, 0x85, 0xff, 
0xa9, 0xa4, 0x86, 0xff, 0xa9, 0xa4, 0x86, 0xff, 0xa9, 0xa4, 0x85, 0xff, 0xa9, 0xa4, 0x85, 0xff, 
0xa9, 0xa4, 0x86, 0xff, 0xa8, 0xa3, 0x85, 0xff, 0xa8, 0xa3, 0x85, 0xff, 0xa8, 0xa3, 0x85, 0xff, 
0xa9, 0xa4, 0x86, 0xff, 0xa9, 0xa4, 0x86, 0xff, 0xa9, 0xa4, 0x86, 0xff, 0xa8, 0xa3, 0x85, 0xff, 
0xa9, 0xa4, 0x86, 0xff, 0xaa, 0xa4, 0x86, 0xff, 0xa9, 0xa4, 0x86, 0xff, 0xa9, 0xa3, 0x86, 0xff, 
0xa9, 0xa3, 0x85, 0xff, 0xa9, 0xa3, 0x86, 0xff, 0xa9, 0xa4, 0x86, 0xff, 0xa9, 0xa4, 0x86, 0xff, 
0xa9, 0xa4, 0x86, 0xff, 0xa9, 0xa4, 0x86, 0xff, 0xaa, 0xa5, 0x87, 0xff, 0xa9, 0xa3, 0x85, 0xff, 
0xa8, 0xa3, 0x85, 0xff, 0xaa, 0xa4, 0x86, 0xff, 0xaa, 0xa5, 0x87, 0xff, 0xaa, 0xa5, 0x87, 0xff, 
0xa9, 0xa4, 0x86, 0xff, 0xa9, 0xa4, 0x86, 0xff, 0xaa, 0xa5, 0x87, 0xff, 0xa9, 0xa4, 0x86, 0xff, 
0xaa, 0xa5, 0x87, 0xff, 0xaa, 0xa5, 0x87, 0xff, 0xa9, 0xa4, 0x86, 0xff, 0xa9, 0xa4, 0x86, 0xff, 
0xaa, 0xa5, 0x87, 0xff, 0xaa, 0xa5, 0x87, 0xff, 0xaa, 0xa5, 0x87, 0xff, 0xab, 0xa5, 0x87, 0xff, 
0xaa, 0xa5, 0x87, 0xff, 0xab, 0xa6, 0x88, 0xff, 0xab, 0xa5, 0x88, 0xff, 0xaa, 0xa5, 0x87, 0xff, 
0xaa, 0xa5, 0x87, 0xff, 0xab, 0xa6, 0x88, 0xff, 0xaa, 0xa5, 0x87, 0xff, 0xab, 0xa6, 0x88, 0xff, 
0xab, 0xa6, 0x88, 0xff, 0xab, 0xa6, 0x88, 0xff, 0xad, 0xa8, 0x8a, 0xff, 0xad, 0xa8, 0x8a, 0xff, 
0xab, 0xa6, 0x88, 0xff, 0xaa, 0xa5, 0x87, 0xff, 0xab, 0xa6, 0x88, 0xff, 0xab, 0xa7, 0x89, 0xff, 
0xac, 0xa7, 0x89, 0xff, 0xab, 0xa6, 0x88, 0xff, 0xab, 0xa6, 0x88, 0xff, 0xab, 0xa6, 0x88, 0xff, 
0xab, 0xa6, 0x88, 0xff, 0xac, 0xa7, 0x89, 0xff, 0xac, 0xa7, 0x89, 0xff, 0xac, 0xa6, 0x88, 0xff, 
0xac, 0xa6, 0x89, 0xff, 0xac, 0xa7, 0x89, 0xff, 0xac, 0xa7, 0x89, 0xff, 0xac, 0xa7, 0x89, 0xff, 
0xab, 0xa6, 0x88, 0xff, 0xac, 0xa7, 0x89, 0xff, 0xac, 0xa7, 0x89, 0xff, 0xac, 0xa7, 0x89, 0xff, 
0xab, 0xa7, 0x88, 0xff, 0xac, 0xa7, 0x89, 0xff, 0xac, 0xa7, 0x89, 0xff, 0xac, 0xa6, 0x88, 0xff, 
0xab, 0xa6, 0x88, 0xff, 0xaa, 0xa5, 0x87, 0xff, 0xaa, 0xa5, 0x87, 0xff, 0xaa, 0xa5, 0x87, 0xff, 
0xaa, 0xa5, 0x87, 0xff, 0xaa, 0xa5, 0x87, 0xff, 0xaa, 0xa5, 0x87, 0xff, 0xaa, 0xa5, 0x87, 0xff, 
0xa9, 0xa4, 0x86, 0xff, 0xa9, 0xa4, 0x86, 0xff, 0xa9, 0xa4, 0x86, 0xff, 0xaa, 0xa5, 0x87, 0xff, 
0xa9, 0xa4, 0x86, 0xff, 0xa9, 0xa4, 0x86, 0xff, 0xa9, 0xa4, 0x86, 0xff, 0xa9, 0xa4, 0x85, 0xff, 
0xa9, 0xa4, 0x86, 0xff, 0xa8, 0xa3, 0x85, 0xff, 0xa9, 0xa4, 0x86, 0xff, 0xa9, 0xa4, 0x86, 0xff, 
0xab, 0xa6, 0x88, 0xff, 0xab, 0xa6, 0x88, 0xff, 0xab, 0xa6, 0x88, 0xff, 0xab, 0xa6, 0x88, 0xff, 
0xab, 0xa6, 0x88, 0xff, 0xab, 0xa6, 0x88, 0xff, 0xab, 0xa6, 0x88, 0xff, 0xac, 0xa7, 0x89, 0xff, 
0xab, 0xa6, 0x88, 0xff, 0xab, 0xa6, 0x89, 0xff, 0xac, 0xa7, 0x89, 0xff, 0xac, 0xa7, 0x8a, 0xff, 
0xab, 0xa6, 0x89, 0xff, 0xab, 0xa6, 0x89, 0xff, 0xac, 0xa7, 0x8a, 0xff, 0xad, 0xa7, 0x8a, 0xff, 
0xac, 0xa7, 0x89, 0xff, 0xac, 0xa8, 0x8a, 0xff, 0xac, 0xa7, 0x89, 0xff, 0xac, 0xa7, 0x89, 0xff, 
0xac, 0xa7, 0x89, 0xff, 0xac, 0xa7, 0x89, 0xff, 0xad, 0xa7, 0x8a, 0xff, 0xad, 0xa8, 0x8b, 0xff, 
0xad, 0xa8, 0x8a, 0xff, 0xad, 0xa8, 0x8a, 0xff, 0xac, 0xa8, 0x8a, 0xff, 0xad, 0xa8, 0x8a, 0xff, 
0xad, 0xa8, 0x8a, 0xff, 0xae, 0xa9, 0x8b, 0xff, 0xae, 0xa9, 0x8b, 0xff, 0xad, 0xa8, 0x8b, 0xff, 
0xad, 0xa8, 0x8b, 0xff, 0xad, 0xa8, 0x8b, 0xff, 0xae, 0xa9, 0x8b, 0xff, 0xae, 0xa9, 0x8c, 0xff, 
0xae, 0xa9, 0x8b, 0xff, 0xae, 0xa9, 0x8b, 0xff, 0xad, 0xa8, 0x8a, 0xff, 0xad, 0xa8, 0x8b, 0xff, 
0xae, 0xa9, 0x8b, 0xff, 0xae, 0xa9, 0x8b, 0xff, 0xae, 0xa9, 0x8b, 0xff, 0xae, 0xa9, 0x8b, 0xff, 
0xae, 0xa9, 0x8b, 0xff, 0xae, 0xa9, 0x8b, 0xff, 0xaf, 0xaa, 0x8c, 0xff, 0xaf, 0xa9, 0x8c, 0xff, 
0xae, 0xaa, 0x8b, 0xff, 0xaf, 0xaa, 0x8c, 0xff, 0xaf, 0xaa, 0x8d, 0xff, 0xaf, 0xaa, 0x8d, 0xff, 
0xaf, 0xaa, 0x8c, 0xff, 0xaf, 0xaa, 0x8c, 0xff, 0xaf, 0xaa, 0x8c, 0xff, 0xaf, 0xa9, 0x8c, 0xff, 
0xae, 0xa9, 0x8b, 0xff, 0xaf, 0xa9, 0x8c, 0xff, 0xaf, 0xa9, 0x8c, 0xff, 0xae, 0xa9, 0x8b, 0xff, 
0xaf, 0xaa, 0x8c, 0xff, 0xae, 0xa9, 0x8b, 0xff, 0xae, 0xa9, 0x8b, 0xff, 0xad, 0xa8, 0x8b, 0xff, 
0xad, 0xa8, 0x8b, 0xff, 0xad, 0xa8, 0x8a, 0xff, 0xac, 0xa7, 0x8a, 0xff, 0xad, 0xa8, 0x8a, 0xff, 
0xad, 0xa8, 0x8a, 0xff, 0xad, 0xa8, 0x8a, 0xff, 0xac, 0xa7, 0x89, 0xff, 0xac, 0xa8, 0x8a, 0xff, 
0xac, 0xa8, 0x8a, 0xff, 0xac, 0xa7, 0x89, 0xff, 0xac, 0xa7, 0x89, 0xff, 0xac, 0xa7, 0x8a, 0xff, 
0xad, 0xa8, 0x8a, 0xff, 0xad, 0xa8, 0x8a, 0xff, 0xac, 0xa7, 0x89, 0xff, 0xac, 0xa7, 0x89, 0xff, 
0xad, 0xa8, 0x8a, 0xff, 0xad, 0xa8, 0x8a, 0xff, 0xac, 0xa7, 0x89, 0xff, 0xac, 0xa7, 0x89, 0xff, 
0xac, 0xa7, 0x89, 0xff, 0xac, 0xa8, 0x8a, 0xff, 0xad, 0xa8, 0x8a, 0xff, 0xac, 0xa7, 0x89, 0xff, 
0xab, 0xa7, 0x89, 0xff, 0xac, 0xa7, 0x89, 0xff, 0xab, 0xa6, 0x88, 0xff, 0xab, 0xa6, 0x88, 0xff, 
0xab, 0xa6, 0x88, 0xff, 0xac, 0xa7, 0x89, 0xff, 0xab, 0xa6, 0x88, 0xff, 0xab, 0xa6, 0x88, 0xff, 
0xab, 0xa6, 0x88, 0xff, 0xab, 0xa6, 0x88, 0xff, 0xab, 0xa6, 0x88, 0xff, 0xab, 0xa6, 0x88, 0xff, 
0xab, 0xa6, 0x88, 0xff, 0xaa, 0xa5, 0x87, 0xff, 0xaa, 0xa5, 0x87, 0xff, 0xa9, 0xa4, 0x86, 0xff, 
0xaa, 0xa5, 0x87, 0xff, 0xaa, 0xa6, 0x87, 0xff, 0xaa, 0xa5, 0x87, 0xff, 0xa9, 0xa5, 0x86, 0xff, 
0xaa, 0xa6, 0x87, 0xff, 0xa9, 0xa4, 0x86, 0xff, 0xa7, 0xa2, 0x84, 0xff, 0xa7, 0xa3, 0x85, 0xff, 
0xa8, 0xa3, 0x85, 0xff, 0xa7, 0xa2, 0x84, 0xff, 0xa7, 0xa3, 0x85, 0xff, 0xa7, 0xa3, 0x84, 0xff, 
0xa7, 0xa2, 0x84, 0xff, 0xa6, 0xa2, 0x84, 0xff, 0xa7, 0xa2, 0x84, 0xff, 0xa6, 0xa2, 0x84, 0xff, 
0xa6, 0xa1, 0x83, 0xff, 0xa6, 0xa2, 0x84, 0xff, 0xa6, 0xa1, 0x83, 0xff, 0xa7, 0xa2, 0x84, 0xff, 
0xa7, 0xa2, 0x84, 0xff, 0xa7, 0xa2, 0x84, 0xff, 0xa7, 0xa2, 0x84, 0xff, 0xa7, 0xa2, 0x84, 0xff, 
0xa7, 0xa2, 0x84, 0xff, 0xa6, 0xa1, 0x84, 0xff, 0xa7, 0xa2, 0x84, 0xff, 0xa7, 0xa2, 0x84, 0xff, 
0xa7, 0xa2, 0x84, 0xff, 0xa7, 0xa3, 0x85, 0xff, 0xa7, 0xa2, 0x84, 0xff, 0xa8, 0xa3, 0x85, 0xff, 
0xa7, 0xa3, 0x85, 0xff, 0xa7, 0xa2, 0x84, 0xff, 0xa7, 0xa3, 0x85, 0xff, 0xa7, 0xa2, 0x85, 0xff, 
0xa7, 0xa3, 0x85, 0xff, 0xa8, 0xa3, 0x85, 0xff, 0xa8, 0xa3, 0x85, 0xff, 0xa8, 0xa3, 0x85, 0xff, 
0xa7, 0xa3, 0x85, 0xff, 0xa8, 0xa3, 0x85, 0xff, 0xa8, 0xa3, 0x85, 0xff, 0xa7, 0xa3, 0x85, 0xff, 
0xa8, 0xa3, 0x85, 0xff, 0xa8, 0xa3, 0x85, 0xff, 0xa8, 0xa3, 0x85, 0xff, 0xa9, 0xa4, 0x86, 0xff, 
0xa8, 0xa3, 0x85, 0xff, 0xa8, 0xa4, 0x86, 0xff, 0xa9, 0xa4, 0x86, 0xff, 0xa9, 0xa4, 0x86, 0xff, 
0xa8, 0xa4, 0x86, 0xff, 0xa8, 0xa4, 0x86, 0xff, 0xa8, 0xa3, 0x85, 0xff, 0xa8, 0xa4, 0x86, 0xff, 
0xa9, 0xa4, 0x86, 0xff, 0xaa, 0xa5, 0x87, 0xff, 0xa9, 0xa4, 0x86, 0xff, 0xa9, 0xa4, 0x86, 0xff, 
0xa9, 0xa4, 0x86, 0xff, 0xa9, 0xa4, 0x86, 0xff, 0xaa, 0xa5, 0x87, 0xff, 0xaa, 0xa5, 0x87, 0xff, 
0xa9, 0xa5, 0x87, 0xff, 0xaa, 0xa5, 0x87, 0xff, 0xaa, 0xa5, 0x87, 0xff, 0xa9, 0xa5, 0x86, 0xff, 
0xa9, 0xa4, 0x86, 0xff, 0xaa, 0xa5, 0x87, 0xff, 0xaa, 0xa5, 0x87, 0xff, 0xa9, 0xa4, 0x86, 0xff, 
0xaa, 0xa5, 0x87, 0xff, 0xaa, 0xa6, 0x87, 0xff, 0xaa, 0xa5, 0x87, 0xff, 0xaa, 0xa5, 0x87, 0xff, 
0xaa, 0xa5, 0x87, 0xff, 0xa9, 0xa5, 0x86, 0xff, 0xa9, 0xa5, 0x86, 0xff, 0xa9, 0xa4, 0x86, 0xff, 
0xaa, 0xa5, 0x87, 0xff, 0xaa, 0xa5, 0x87, 0xff, 0xaa, 0xa5, 0x87, 0xff, 0xaa, 0xa6, 0x87, 0xff, 
0xab, 0xa6, 0x88, 0xff, 0xaa, 0xa6, 0x88, 0xff, 0xaa, 0xa6, 0x87, 0xff, 0xab, 0xa6, 0x88, 0xff, 
0xab, 0xa6, 0x88, 0xff, 0xab, 0xa6, 0x88, 0xff, 0xab, 0xa6, 0x88, 0xff, 0xab, 0xa6, 0x88, 0xff, 
0xac, 0xa7, 0x89, 0xff, 0xac, 0xa8, 0x89, 0xff, 0xac, 0xa7, 0x89, 0xff, 0xab, 0xa7, 0x89, 0xff, 
0xac, 0xa7, 0x89, 0xff, 0xac, 0xa8, 0x8a, 0xff, 0xad, 0xa8, 0x8a, 0xff, 0xad, 0xa8, 0x8a, 0xff, 
0xac, 0xa7, 0x89, 0xff, 0xad, 0xa8, 0x8a, 0xff, 0xae, 0xa9, 0x8b, 0xff, 0xad, 0xa8, 0x8b, 0xff, 
0xad, 0xa8, 0x8a, 0xff, 0xac, 0xa8, 0x8a, 0xff, 0xad, 0xa8, 0x8a, 0xff, 0xac, 0xa8, 0x8a, 0xff, 
0xac, 0xa7, 0x89, 0xff, 0xad, 0xa8, 0x8a, 0xff, 0xad, 0xa8, 0x8b, 0xff, 0xad, 0xa8, 0x8a, 0xff, 
0xac, 0xa7, 0x89, 0xff, 0xac, 0xa7, 0x89, 0xff, 0xad, 0xa8, 0x8a, 0xff, 0xac, 0xa8, 0x89, 0xff, 
0xad, 0xa8, 0x8a, 0xff, 0xad, 0xa8, 0x8a, 0xff, 0xad, 0xa8, 0x8a, 0xff, 0xad, 0xa8, 0x8a, 0xff, 
0xad, 0xa9, 0x8a, 0xff, 0xad, 0xa9, 0x8b, 0xff, 0xad, 0xa8, 0x8a, 0xff, 0xac, 0xa7, 0x8a, 0xff, 
0xad, 0xa8, 0x8a, 0xff, 0xad, 0xa8, 0x8a, 0xff, 0xac, 0xa7, 0x89, 0xff, 0xad, 0xa8, 0x8a, 0xff, 
0xad, 0xa8, 0x8a, 0xff, 0xad, 0xa8, 0x8a, 0xff, 0xad, 0xa8, 0x8a, 0xff, 0xac, 0xa7, 0x89, 0xff, 
0xac, 0xa7, 0x89, 0xff, 0xad, 0xa8, 0x8a, 0xff, 0xad, 0xa8, 0x8a, 0xff, 0xac, 0xa7, 0x89, 0xff, 
0xac, 0xa8, 0x8a, 0xff, 0xac, 0xa7, 0x89, 0xff, 0xac, 0xa7, 0x89, 0xff, 0xac, 0xa7, 0x89, 0xff, 
0xab, 0xa7, 0x89, 0xff, 0xab, 0xa6, 0x88, 0xff, 0xab, 0xa6, 0x88, 0xff, 0xab, 0xa6, 0x88, 0xff, 
0xac, 0xa7, 0x89, 0xff, 0xab, 0xa7, 0x89, 0xff, 0xab, 0xa6, 0x88, 0xff, 0xab, 0xa6, 0x88, 0xff, 
0xab, 0xa7, 0x89, 0xff, 0xaa, 0xa5, 0x88, 0xff, 0xaa, 0xa5, 0x88, 0xff, 0xab, 0xa6, 0x88, 0xff, 
0xaa, 0xa4, 0x86, 0xff, 0xaa, 0xa4, 0x86, 0xff, 0xaa, 0xa4, 0x87, 0xff, 0xaa, 0xa3, 0x86, 0xff, 
0xa9, 0xa3, 0x86, 0xff, 0xab, 0xa5, 0x87, 0xff, 0xab, 0xa5, 0x88, 0xff, 0xab, 0xa4, 0x87, 0xff, 
0xab, 0xa5, 0x86, 0xff, 0xab, 0xa5, 0x87, 0xff, 0xac, 0xa5, 0x88, 0xff, 0xab, 0xa6, 0x87, 0xff, 
0xab, 0xa5, 0x87, 0xff, 0xab, 0xa5, 0x88, 0xff, 0xac, 0xa5, 0x87, 0xff, 0xac, 0xa5, 0x88, 0xff, 
0xac, 0xa6, 0x88, 0xff, 0xac, 0xa6, 0x88, 0xff, 0xab, 0xa5, 0x87, 0xff, 0xac, 0xa6, 0x87, 0xff, 
0xac, 0xa6, 0x88, 0xff, 0xad, 0xa6, 0x88, 0xff, 0xad, 0xa6, 0x88, 0xff, 0xad, 0xa7, 0x88, 0xff, 
0xad, 0xa7, 0x88, 0xff, 0xad, 0xa7, 0x88, 0xff, 0xad, 0xa7, 0x88, 0xff, 0xad, 0xa8, 0x89, 0xff, 
0xae, 0xa9, 0x8a, 0xff, 0xaf, 0xa9, 0x8a, 0xff, 0xae, 0xa9, 0x8a, 0xff, 0xae, 0xa8, 0x8a, 0xff, 
0xaf, 0xa9, 0x8b, 0xff, 0xb0, 0xaa, 0x8b, 0xff, 0xaf, 0xa9, 0x8b, 0xff, 0xaf, 0xa9, 0x8b, 0xff, 
0xaf, 0xaa, 0x8b, 0xff, 0xaf, 0xaa, 0x8b, 0xff, 0xb0, 0xaa, 0x8c, 0xff, 0xb0, 0xaa, 0x8c, 0xff, 
0xaf, 0xaa, 0x8c, 0xff, 0xb0, 0xaa, 0x8c, 0xff, 0xb0, 0xaa, 0x8c, 0xff, 0xb0, 0xaa, 0x8d, 0xff, 
0xb0, 0xaa, 0x8d, 0xff, 0xb1, 0xab, 0x8d, 0xff, 0xb2, 0xab, 0x8e, 0xff, 0xb2, 0xab, 0x8e, 0xff, 
0xb1, 0xaa, 0x8d, 0xff, 0xb1, 0xab, 0x8e, 0xff, 0xb2, 0xab, 0x8d, 0xff, 0xb1, 0xac, 0x8d, 0xff, 
0xb1, 0xac, 0x8e, 0xff, 0xb2, 0xac, 0x8e, 0xff, 0xb2, 0xab, 0x8e, 0xff, 0xb2, 0xab, 0x8e, 0xff, 
0xb2, 0xab, 0x8e, 0xff, 0xb2, 0xac, 0x8e, 0xff, 0xb1, 0xaa, 0x8c, 0xff, 0xb0, 0xa9, 0x8c, 0xff, 
0xaf, 0xa9, 0x8c, 0xff, 0xaf, 0xaa, 0x8c, 0xff, 0xb0, 0xaa, 0x8c, 0xff, 0xaf, 0xa9, 0x8b, 0xff, 
0xae, 0xa9, 0x8b, 0xff, 0xae, 0xa9, 0x8b, 0xff, 0xae, 0xa8, 0x8a, 0xff, 0xae, 0xa8, 0x8a, 0xff, 
0xae, 0xa9, 0x8a, 0xff, 0xad, 0xa8, 0x89, 0xff, 0xad, 0xa8, 0x89, 0xff, 0xae, 0xa8, 0x8a, 0xff, 
0xae, 0xa8, 0x8a, 0xff, 0xad, 0xa8, 0x8a, 0xff, 0xad, 0xa7, 0x89, 0xff, 0xac, 0xa7, 0x89, 0xff, 
0xad, 0xa6, 0x89, 0xff, 0xad, 0xa6, 0x89, 0xff, 0xac, 0xa6, 0x88, 0xff, 0xad, 0xa7, 0x89, 0xff, 
0xad, 0xa7, 0x89, 0xff, 0xad, 0xa7, 0x89, 0xff, 0xad, 0xa7, 0x89, 0xff, 0xac, 0xa7, 0x89, 0xff, 
0xac, 0xa6, 0x89, 0xff, 0xad, 0xa7, 0x89, 0xff, 0xac, 0xa7, 0x88, 0xff, 0xac, 0xa6, 0x88, 0xff, 
0xac, 0xa7, 0x89, 0xff, 0xac, 0xa6, 0x88, 0xff, 0xab, 0xa5, 0x88, 0xff, 0xab, 0xa4, 0x88, 0xff, 
0xab, 0xa6, 0x89, 0xff, 0xac, 0xa7, 0x89, 0xff, 0xac, 0xa6, 0x89, 0xff, 0xac, 0xa6, 0x89, 0xff, 
0xac, 0xa6, 0x89, 0xff, 0xac, 0xa6, 0x88, 0xff, 0xac, 0xa7, 0x89, 0xff, 0xac, 0xa5, 0x88, 0xff, 
0xab, 0xa5, 0x88, 0xff, 0xab, 0xa5, 0x88, 0xff, 0xab, 0xa4, 0x88, 0xff, 0xaa, 0xa4, 0x87, 0xff, 
0xaa, 0xa4, 0x87, 0xff, 0xab, 0xa5, 0x88, 0xff, 0xab, 0xa4, 0x87, 0xff, 0xaa, 0xa4, 0x87, 0xff, 
0xaa, 0xa4, 0x87, 0xff, 0xa9, 0xa4, 0x87, 0xff, 0xab, 0xa5, 0x88, 0xff, 0xab, 0xa5, 0x87, 0xff, 
0xaa, 0xa3, 0x86, 0xff, 0xa9, 0xa3, 0x86, 0xff, 0xaa, 0xa3, 0x86, 0xff, 0xa9, 0xa3, 0x86, 0xff, 
0xaa, 0xa3, 0x87, 0xff, 0xa9, 0xa3, 0x86, 0xff, 0xa8, 0xa3, 0x86, 0xff, 0xa8, 0xa2, 0x85, 0xff, 
0xa8, 0xa2, 0x85, 0xff, 0xa9, 0xa2, 0x85, 0xff, 0xa8, 0xa2, 0x85, 0xff, 0xa8, 0xa2, 0x85, 0xff, 
0xa8, 0xa2, 0x85, 0xff, 0xa8, 0xa2, 0x85, 0xff, 0xa8, 0xa2, 0x85, 0xff, 0xa9, 0xa3, 0x85, 0xff, 
0xa8, 0xa2, 0x84, 0xff, 0xa8, 0xa3, 0x85, 0xff, 0xa8, 0xa2, 0x85, 0xff, 0xa8, 0xa2, 0x85, 0xff, 
0xa8, 0xa2, 0x85, 0xff, 0xa9, 0xa3, 0x86, 0xff, 0xaa, 0xa4, 0x86, 0xff, 0xaa, 0xa4, 0x87, 0xff, 
0xa9, 0xa3, 0x86, 0xff, 0xa9, 0xa3, 0x85, 0xff, 0xaa, 0xa4, 0x86, 0xff, 0xaa, 0xa4, 0x87, 0xff, 
0xa9, 0xa3, 0x86, 0xff, 0xa9, 0xa3, 0x86, 0xff, 0xa9, 0xa3, 0x86, 0xff, 0xaa, 0xa3, 0x86, 0xff, 
0xa9, 0xa3, 0x86, 0xff, 0xaa, 0xa4, 0x86, 0xff, 0xa9, 0xa3, 0x86, 0xff, 0xa9, 0xa3, 0x85, 0xff, 
0xaa, 0xa4, 0x86, 0xff, 0xa9, 0xa3, 0x86, 0xff, 0xa9, 0xa3, 0x86, 0xff, 0xaa, 0xa4, 0x86, 0xff, 
0xa9, 0xa3, 0x85, 0xff, 0xa9, 0xa3, 0x85, 0xff, 0xa9, 0xa3, 0x85, 0xff, 0xaa, 0xa4, 0x87, 0xff, 
0xaa, 0xa4, 0x86, 0xff, 0xa9, 0xa3, 0x86, 0xff, 0xa8, 0xa3, 0x85, 0xff, 0xa9, 0xa3, 0x85, 0xff, 
0xa9, 0xa4, 0x86, 0xff, 0xaa, 0xa4, 0x87, 0xff, 0xa9, 0xa3, 0x86, 0xff, 0xa9, 0xa3, 0x86, 0xff, 
0xa9, 0xa3, 0x86, 0xff, 0xa9, 0xa3, 0x86, 0xff, 0xaa, 0xa4, 0x87, 0xff, 0xaa, 0xa5, 0x87, 0xff, 
0xaa, 0xa4, 0x87, 0xff, 0xaa, 0xa5, 0x87, 0xff, 0xaa, 0xa5, 0x87, 0xff, 0xaa, 0xa5, 0x87, 0xff, 
0xab, 0xa5, 0x88, 0xff, 0xac, 0xa6, 0x89, 0xff, 0xab, 0xa5, 0x88, 0xff, 0xab, 0xa5, 0x87, 0xff, 
0xaa, 0xa5, 0x87, 0xff, 0xab, 0xa5, 0x87, 0xff, 0xab, 0xa5, 0x88, 0xff, 0xab, 0xa5, 0x87, 0xff, 
0xaa, 0xa5, 0x87, 0xff, 0xaa, 0xa5, 0x87, 0xff, 0xaa, 0xa5, 0x87, 0xff, 0xaa, 0xa5, 0x87, 0xff, 
0xab, 0xa5, 0x88, 0xff, 0xaa, 0xa4, 0x87, 0xff, 0xab, 0xa5, 0x87, 0xff, 0xac, 0xa6, 0x88, 0xff, 
0xab, 0xa5, 0x88, 0xff, 0xab, 0xa4, 0x87, 0xff, 0xab, 0xa5, 0x88, 0xff, 0xab, 0xa5, 0x87, 0xff, 
0xab, 0xa5, 0x88, 0xff, 0xab, 0xa5, 0x87, 0xff, 0xab, 0xa5, 0x88, 0xff, 0xab, 0xa5, 0x88, 0xff, 
0xab, 0xa5, 0x88, 0xff, 0xad, 0xa7, 0x89, 0xff, 0xac, 0xa6, 0x89, 0xff, 0xac, 0xa5, 0x88, 0xff, 
0xac, 0xa5, 0x89, 0xff, 0xad, 0xa7, 0x8a, 0xff, 0xad, 0xa7, 0x8a, 0xff, 0xac, 0xa6, 0x89, 0xff, 
0xac, 0xa6, 0x88, 0xff, 0xac, 0xa6, 0x89, 0xff, 0xad, 0xa6, 0x89, 0xff, 0xad, 0xa7, 0x89, 0xff, 
0xad, 0xa7, 0x8a, 0xff, 0xad, 0xa7, 0x89, 0xff, 0xad, 0xa6, 0x89, 0xff, 0xac, 0xa6, 0x89, 0xff, 
0xab, 0xa6, 0x88, 0xff, 0xac, 0xa6, 0x88, 0xff, 0xac, 0xa7, 0x89, 0xff, 0xad, 0xa7, 0x89, 0xff, 
0xac, 0xa6, 0x88, 0xff, 0xac, 0xa6, 0x88, 0xff, 0xac, 0xa6, 0x89, 0xff, 0xac, 0xa6, 0x89, 0xff, 
0xac, 0xa6, 0x88, 0xff, 0xac, 0xa6, 0x88, 0xff, 0xac, 0xa7, 0x88, 0xff, 0xad, 0xa7, 0x89, 0xff, 
0xad, 0xa7, 0x89, 0xff, 0xad, 0xa7, 0x89, 0xff, 0xad, 0xa7, 0x8a, 0xff, 0xad, 0xa7, 0x89, 0xff, 
0xad, 0xa7, 0x89, 0xff, 0xac, 0xa6, 0x88, 0xff, 0xad, 0xa7, 0x89, 0xff, 0xae, 0xa8, 0x8a, 0xff, 
0xae, 0xa8, 0x89, 0xff, 0xae, 0xa8, 0x89, 0xff, 0xae, 0xa8, 0x89, 0xff, 0xae, 0xa8, 0x89, 0xff, 
0xaf, 0xa9, 0x8b, 0xff, 0xaf, 0xa9, 0x8b, 0xff, 0xad, 0xa7, 0x89, 0xff, 0xad, 0xa7, 0x89, 0xff, 
0xac, 0xa6, 0x89, 0xff, 0xac, 0xa6, 0x88, 0xff, 0xad, 0xa8, 0x89, 0xff, 0xac, 0xa6, 0x89, 0xff, 
0xac, 0xa6, 0x88, 0xff, 0xac, 0xa6, 0x88, 0xff, 0xab, 0xa5, 0x88, 0xff, 0xab, 0xa5, 0x88, 0xff, 
0xab, 0xa5, 0x88, 0xff, 0xaa, 0xa4, 0x86, 0xff, 0xaa, 0xa4, 0x87, 0xff, 0xaa, 0xa4, 0x86, 0xff, 
0xaa, 0xa3, 0x86, 0xff, 0xaa, 0xa4, 0x86, 0xff, 0xab, 0xa4, 0x87, 0xff, 0xaa, 0xa4, 0x86, 0xff, 
0xa4, 0x9d, 0x80, 0xff, 0xa4, 0x9d, 0x7e, 0xff, 0xa6, 0xa0, 0x80, 0xff, 0xa5, 0x9f, 0x81, 0xff, 
0xa5, 0x9e, 0x81, 0xff, 0xa6, 0xa0, 0x80, 0xff, 0xa6, 0xa0, 0x81, 0xff, 0xa5, 0x9f, 0x81, 0xff, 
0xa6, 0xa0, 0x81, 0xff, 0xa8, 0xa2, 0x82, 0xff, 0xa8, 0xa2, 0x82, 0xff, 0xa7, 0xa2, 0x81, 0xff, 
0xa8, 0xa2, 0x82, 0xff, 0xa9, 0xa3, 0x83, 0xff, 0xa8, 0xa3, 0x83, 0xff, 0xa9, 0xa3, 0x83, 0xff, 
0xab, 0xa5, 0x85, 0xff, 0xac, 0xa6, 0x86, 0xff, 0xac, 0xa6, 0x86, 0xff, 0xaa, 0xa5, 0x85, 0xff, 
0xac, 0xa7, 0x86, 0xff, 0xad, 0xa8, 0x87, 0xff, 0xac, 0xa7, 0x86, 0xff, 0xac, 0xa7, 0x86, 0xff, 
0xad, 0xa8, 0x87, 0xff, 0xac, 0xa7, 0x86, 0xff, 0xac, 0xa6, 0x86, 0xff, 0xae, 0xa8, 0x87, 0xff, 
0xaf, 0xa9, 0x88, 0xff, 0xae, 0xa8, 0x87, 0xff, 0xac, 0xa6, 0x86, 0xff, 0xac, 0xa6, 0x86, 0xff, 
0xab, 0xa6, 0x85, 0xff, 0xac, 0xa7, 0x86, 0xff, 0xac, 0xa7, 0x87, 0xff, 0xab, 0xa6, 0x85, 0xff, 
0xab, 0xa5, 0x85, 0xff, 0xab, 0xa4, 0x85, 0xff, 0xac, 0xa6, 0x86, 0xff, 0xae, 0xa7, 0x88, 0xff, 
0xac, 0xa5, 0x87, 0xff, 0xab, 0xa4, 0x87, 0xff, 0xac, 0xa6, 0x87, 0xff, 0xad, 0xa6, 0x88, 0xff, 
0xae, 0xa6, 0x8a, 0xff, 0xae, 0xa7, 0x8a, 0xff, 0xaf, 0xa8, 0x8a, 0xff, 0xaf, 0xa7, 0x8b, 0xff, 
0xaf, 0xa7, 0x8b, 0xff, 0xaf, 0xa8, 0x8b, 0xff, 0xaf, 0xa9, 0x89, 0xff, 0xaf, 0xa9, 0x88, 0xff, 
0xb0, 0xa9, 0x89, 0xff, 0xaf, 0xa9, 0x89, 0xff, 0xb0, 0xaa, 0x8a, 0xff, 0xb1, 0xaa, 0x8b, 0xff, 
0xb1, 0xab, 0x8b, 0xff, 0xb1, 0xab, 0x8a, 0xff, 0xb0, 0xaa, 0x89, 0xff, 0xaf, 0xa9, 0x89, 0xff, 
0xae, 0xa7, 0x8a, 0xff, 0xaf, 0xa8, 0x89, 0xff, 0xaf, 0xa9, 0x8a, 0xff, 0xad, 0xa6, 0x89, 0xff, 
0xae, 0xa7, 0x88, 0xff, 0xae, 0xa7, 0x88, 0xff, 0xae, 0xa7, 0x88, 0xff, 0xae, 0xa7, 0x89, 0xff, 
0xac, 0xa6, 0x88, 0xff, 0xac, 0xa6, 0x87, 0xff, 0xac, 0xa5, 0x87, 0xff, 0xab, 0xa5, 0x87, 0xff, 
0xad, 0xa6, 0x88, 0xff, 0xad, 0xa6, 0x88, 0xff, 0xad, 0xa6, 0x87, 0xff, 0xac, 0xa5, 0x88, 0xff, 
0xac, 0xa6, 0x88, 0xff, 0xad, 0xa6, 0x89, 0xff, 0xab, 0xa5, 0x87, 0xff, 0xab, 0xa5, 0x87, 0xff, 
0xac, 0xa6, 0x87, 0xff, 0xac, 0xa5, 0x87, 0xff, 0xac, 0xa6, 0x88, 0xff, 0xac, 0xa6, 0x88, 0xff, 
0xae, 0xa8, 0x88, 0xff, 0xac, 0xa6, 0x88, 0xff, 0xad, 0xa7, 0x89, 0xff, 0xad, 0xa7, 0x88, 0xff, 
0xad, 0xa6, 0x88, 0xff, 0xad, 0xa6, 0x88, 0xff, 0xae, 0xa7, 0x8a, 0xff, 0xac, 0xa6, 0x88, 0xff, 
0xac, 0xa5, 0x87, 0xff, 0xac, 0xa6, 0x87, 0xff, 0xac, 0xa5, 0x87, 0xff, 0xab, 0xa5, 0x86, 0xff, 
0xab, 0xa4, 0x86, 0xff, 0xac, 0xa5, 0x86, 0xff, 0xab, 0xa5, 0x86, 0xff, 0xab, 0xa5, 0x86, 0xff, 
0xac, 0xa6, 0x87, 0xff, 0xab, 0xa5, 0x87, 0xff, 0xab, 0xa5, 0x86, 0xff, 0xab, 0xa5, 0x86, 0xff, 
0xab, 0xa5, 0x87, 0xff, 0xab, 0xa4, 0x86, 0xff, 0xab, 0xa5, 0x86, 0xff, 0xac, 0xa5, 0x87, 0xff, 
0xac, 0xa6, 0x87, 0xff, 0xad, 0xa7, 0x88, 0xff, 0xad, 0xa6, 0x88, 0xff, 0xab, 0xa5, 0x87, 0xff, 
0xab, 0xa5, 0x85, 0xff, 0xaa, 0xa4, 0x85, 0xff, 0xa8, 0xa2, 0x83, 0xff, 0xa9, 0xa3, 0x84, 0xff, 
0xa9, 0xa2, 0x83, 0xff, 0xa8, 0xa1, 0x82, 0xff, 0xa8, 0xa2, 0x83, 0xff, 0xa8, 0xa1, 0x83, 0xff, 
0xa9, 0xa2, 0x83, 0xff, 0xa8, 0xa1, 0x83, 0xff, 0xa7, 0xa0, 0x82, 0xff, 0xa7, 0xa0, 0x81, 0xff, 
0xa7, 0xa0, 0x80, 0xff, 0xa7, 0xa0, 0x81, 0xff, 0xa7, 0xa1, 0x82, 0xff, 0xa7, 0xa0, 0x81, 0xff, 
0xa7, 0xa0, 0x81, 0xff, 0xa6, 0xa0, 0x80, 0xff, 0xa7, 0xa1, 0x81, 0xff, 0xa6, 0x9f, 0x82, 0xff, 
0xa6, 0x9f, 0x81, 0xff, 0xa8, 0xa1, 0x81, 0xff, 0xa8, 0xa2, 0x82, 0xff, 0xa7, 0xa1, 0x82, 0xff, 
0xa8, 0xa1, 0x82, 0xff, 0xa8, 0xa1, 0x81, 0xff, 0xa8, 0xa2, 0x82, 0xff, 0xa9, 0xa2, 0x83, 0xff, 
0xa7, 0xa0, 0x81, 0xff, 0xa7, 0xa1, 0x82, 0xff, 0xa8, 0xa2, 0x82, 0xff, 0xa8, 0xa2, 0x82, 0xff, 
0xaa, 0xa3, 0x83, 0xff, 0xa9, 0xa2, 0x83, 0xff, 0xa8, 0xa2, 0x82, 0xff, 0xa8, 0xa2, 0x82, 0xff, 
0xa8, 0xa1, 0x81, 0xff, 0xa8, 0xa1, 0x81, 0xff, 0xa8, 0xa2, 0x82, 0xff, 0xa9, 0xa2, 0x83, 0xff, 
0xa9, 0xa2, 0x82, 0xff, 0xa7, 0xa1, 0x81, 0xff, 0xa8, 0xa1, 0x82, 0xff, 0xaa, 0xa3, 0x84, 0xff, 
0xa9, 0xa2, 0x83, 0xff, 0xa9, 0xa2, 0x83, 0xff, 0xa9, 0xa1, 0x82, 0xff, 0xa8, 0xa1, 0x81, 0xff, 
0xa9, 0xa1, 0x81, 0xff, 0xa8, 0xa0, 0x82, 0xff, 0xa9, 0xa2, 0x84, 0xff, 0xa8, 0xa1, 0x83, 0xff, 
0xa8, 0xa1, 0x83, 0xff, 0xa8, 0xa0, 0x83, 0xff, 0xa9, 0xa2, 0x84, 0xff, 0xa9, 0xa2, 0x84, 0xff, 
0xa7, 0xa1, 0x82, 0xff, 0xa8, 0xa1, 0x83, 0xff, 0xa8, 0xa0, 0x83, 0xff, 0xa8, 0xa0, 0x83, 0xff, 
0xa9, 0xa0, 0x84, 0xff, 0xa9, 0xa1, 0x85, 0xff, 0xa7, 0xa0, 0x83, 0xff, 0xa8, 0xa0, 0x83, 0xff, 
0xa8, 0xa0, 0x82, 0xff, 0xa7, 0x9f, 0x82, 0xff, 0xa7, 0xa0, 0x83, 0xff, 0xa7, 0xa0, 0x82, 0xff, 
0xa8, 0xa0, 0x83, 0xff, 0xa8, 0xa1, 0x84, 0xff, 0xa9, 0xa1, 0x84, 0xff, 0xaa, 0xa2, 0x85, 0xff, 
0xa8, 0xa1, 0x84, 0xff, 0xa9, 0xa1, 0x84, 0xff, 0xa8, 0xa1, 0x84, 0xff, 0xa8, 0xa0, 0x82, 0xff, 
0xa8, 0xa1, 0x83, 0xff, 0xa9, 0xa2, 0x84, 0xff, 0xa9, 0xa2, 0x85, 0xff, 0xa9, 0xa2, 0x84, 0xff, 
0xa9, 0xa1, 0x84, 0xff, 0xaa, 0xa3, 0x86, 0xff, 0xa9, 0xa2, 0x85, 0xff, 0xa9, 0xa1, 0x84, 0xff, 
0xa9, 0xa2, 0x85, 0xff, 0xa9, 0xa3, 0x85, 0xff, 0xa9, 0xa2, 0x84, 0xff, 0xa8, 0xa2, 0x84, 0xff, 
0xaa, 0xa3, 0x85, 0xff, 0xa9, 0xa2, 0x85, 0xff, 0xaa, 0xa4, 0x85, 0xff, 0xaa, 0xa3, 0x85, 0xff, 
0xaa, 0xa3, 0x85, 0xff, 0xa9, 0xa2, 0x85, 0xff, 0xa9, 0xa3, 0x84, 0xff, 0xac, 0xa6, 0x86, 0xff, 
0xac, 0xa6, 0x86, 0xff, 0xac, 0xa6, 0x86, 0xff, 0xaa, 0xa4, 0x85, 0xff, 0xaa, 0xa3, 0x85, 0xff, 
0xab, 0xa3, 0x86, 0xff, 0xab, 0xa4, 0x86, 0xff, 0xab, 0xa5, 0x86, 0xff, 0xab, 0xa4, 0x87, 0xff, 
0xab, 0xa4, 0x87, 0xff, 0xab, 0xa4, 0x87, 0xff, 0xaa, 0xa4, 0x86, 0xff, 0xaa, 0xa3, 0x87, 0xff, 
0xaa, 0xa4, 0x85, 0xff, 0xaa, 0xa4, 0x83, 0xff, 0xaa, 0xa3, 0x84, 0xff, 0xab, 0xa4, 0x86, 0xff, 
0xab, 0xa3, 0x86, 0xff, 0xab, 0xa5, 0x85, 0xff, 0xaa, 0xa3, 0x84, 0xff, 0xab, 0xa5, 0x84, 0xff, 
0xab, 0xa6, 0x85, 0xff, 0xac, 0xa6, 0x86, 0xff, 0xad, 0xa7, 0x87, 0xff, 0xac, 0xa6, 0x85, 0xff, 
0xab, 0xa5, 0x85, 0xff, 0xab, 0xa5, 0x85, 0xff, 0xaa, 0xa3, 0x84, 0xff, 0xa9, 0xa3, 0x84, 0xff, 
0xa9, 0xa2, 0x84, 0xff, 0xa9, 0xa2, 0x84, 0xff, 0xa7, 0xa1, 0x83, 0xff, 0xa8, 0xa2, 0x83, 0xff, 
0xa8, 0xa1, 0x83, 0xff, 0xa7, 0x9f, 0x82, 0xff, 0xa7, 0xa0, 0x82, 0xff, 0xa6, 0x9f, 0x82, 0xff, 
0xa5, 0x9e, 0x80, 0xff, 0xa6, 0x9f, 0x80, 0xff, 0xa6, 0xa0, 0x80, 0xff, 0xa7, 0xa0, 0x81, 0xff, 
0xa6, 0x9f, 0x81, 0xff, 0xa5, 0x9f, 0x80, 0xff, 0xa5, 0x9e, 0x80, 0xff, 0xa4, 0x9d, 0x7f, 0xff, 
0xa4, 0x9c, 0x80, 0xff, 0xa4, 0x9e, 0x7f, 0xff, 0xa4, 0x9e, 0x80, 0xff, 0xa4, 0x9e, 0x7f, 0xff, 
0x9f, 0x98, 0x79, 0xff, 0x9f, 0x98, 0x78, 0xff, 0x9f, 0x99, 0x78, 0xff, 0x9f, 0x98, 0x79, 0xff, 
0x9f, 0x97, 0x79, 0xff, 0x9f, 0x97, 0x78, 0xff, 0x9f, 0x98, 0x78, 0xff, 0x9e, 0x98, 0x79, 0xff, 
0x9f, 0x98, 0x78, 0xff, 0x9f, 0x98, 0x78, 0xff, 0x9f, 0x99, 0x78, 0xff, 0xa1, 0x9a, 0x7a, 0xff, 
0xa1, 0x9b, 0x7b, 0xff, 0xa1, 0x9a, 0x7a, 0xff, 0xa3, 0x9b, 0x7c, 0xff, 0xa4, 0x9c, 0x7d, 0xff, 
0xa4, 0x9d, 0x7d, 0xff, 0xa5, 0x9e, 0x7e, 0xff, 0xa6, 0xa0, 0x80, 0xff, 0xa5, 0x9f, 0x7f, 0xff, 
0xa6, 0x9f, 0x80, 0xff, 0xa8, 0xa1, 0x81, 0xff, 0xa8, 0xa1, 0x81, 0xff, 0xa8, 0xa1, 0x81, 0xff, 
0xa8, 0xa2, 0x82, 0xff, 0xa7, 0xa0, 0x80, 0xff, 0xa7, 0xa1, 0x81, 0xff, 0xa7, 0xa2, 0x82, 0xff, 
0xa6, 0xa1, 0x81, 0xff, 0xa6, 0xa0, 0x80, 0xff, 0xa6, 0xa0, 0x80, 0xff, 0xa6, 0x9e, 0x7f, 0xff, 
0xa4, 0x9d, 0x7d, 0xff, 0xa4, 0x9d, 0x7e, 0xff, 0xa5, 0x9d, 0x7e, 0xff, 0xa5, 0x9d, 0x7e, 0xff, 
0xa5, 0x9d, 0x7e, 0xff, 0xa4, 0x9d, 0x7e, 0xff, 0xa5, 0x9e, 0x7f, 0xff, 0xa5, 0x9e, 0x7f, 0xff, 
0xa5, 0x9d, 0x7f, 0xff, 0xa4, 0x9e, 0x7f, 0xff, 0xa5, 0x9e, 0x7e, 0xff, 0xa5, 0x9f, 0x7f, 0xff, 
0xa6, 0xa0, 0x80, 0xff, 0xa6, 0xa0, 0x80, 0xff, 0xa5, 0xa0, 0x80, 0xff, 0xa5, 0xa0, 0x80, 0xff, 
0xa6, 0xa0, 0x81, 0xff, 0xa7, 0xa1, 0x82, 0xff, 0xaa, 0xa4, 0x85, 0xff, 0xa7, 0xa1, 0x82, 0xff, 
0xa6, 0xa0, 0x80, 0xff, 0xa8, 0xa3, 0x82, 0xff, 0xa7, 0xa1, 0x81, 0xff, 0xa7, 0xa2, 0x82, 0xff, 
0xa8, 0xa2, 0x81, 0xff, 0xa7, 0xa1, 0x81, 0xff, 0xa7, 0xa1, 0x80, 0xff, 0xa6, 0xa0, 0x81, 0xff, 
0xa7, 0xa1, 0x81, 0xff, 0xa7, 0xa1, 0x82, 0xff, 0xa5, 0x9f, 0x81, 0xff, 0xa6, 0x9f, 0x81, 0xff, 
0xa6, 0x9f, 0x81, 0xff, 0xa6, 0x9f, 0x80, 0xff, 0xa7, 0x9f, 0x80, 0xff, 0xa6, 0x9f, 0x80, 0xff, 
0xa6, 0x9f, 0x80, 0xff, 0xa6, 0x9e, 0x80, 0xff, 0xa4, 0x9d, 0x7f, 0xff, 0xa4, 0x9d, 0x7f, 0xff, 
0xa6, 0x9f, 0x80, 0xff, 0xa5, 0x9d, 0x80, 0xff, 0xa5, 0x9e, 0x7f, 0xff, 0xa5, 0x9e, 0x7f, 0xff, 
0xa5, 0x9e, 0x7f, 0xff, 0xa6, 0x9f, 0x80, 0xff, 0xa6, 0x9e, 0x80, 0xff, 0xa5, 0x9e, 0x7f, 0xff, 
0xa6, 0x9f, 0x7f, 0xff, 0xa6, 0x9f, 0x7f, 0xff, 0xa6, 0x9f, 0x80, 0xff, 0xa7, 0xa0, 0x81, 0xff, 
0xa8, 0xa1, 0x82, 0xff, 0xa7, 0xa0, 0x80, 0xff, 0xa8, 0xa0, 0x82, 0xff, 0xa9, 0xa2, 0x83, 0xff, 
0xa8, 0xa1, 0x82, 0xff, 0xaa, 0xa3, 0x83, 0xff, 0xab, 0xa4, 0x84, 0xff, 0xa9, 0xa2, 0x82, 0xff, 
0xaa, 0xa2, 0x82, 0xff, 0xa9, 0xa2, 0x81, 0xff, 0xa9, 0xa2, 0x81, 0xff, 0xa8, 0xa1, 0x81, 0xff, 
0xa8, 0xa1, 0x82, 0xff, 0xa8, 0xa1, 0x81, 0xff, 0xa8, 0xa0, 0x81, 0xff, 0xa8, 0xa0, 0x81, 0xff, 
0xa9, 0xa1, 0x81, 0xff, 0xa8, 0xa1, 0x80, 0xff, 0xa7, 0xa0, 0x80, 0xff, 0xa8, 0xa0, 0x81, 0xff, 
0xaa, 0xa2, 0x82, 0xff, 0xa8, 0xa0, 0x81, 0xff, 0xa6, 0x9e, 0x7f, 0xff, 0xa7, 0xa0, 0x80, 0xff, 
0xa7, 0x9f, 0x80, 0xff, 0xa7, 0x9e, 0x7e, 0xff, 0xa5, 0x9d, 0x7e, 0xff, 0xa4, 0x9c, 0x7e, 0xff, 
0xa3, 0x9c, 0x7d, 0xff, 0xa4, 0x9c, 0x7e, 0xff, 0xa3, 0x9b, 0x7d, 0xff, 0xa3, 0x9b, 0x7c, 0xff, 
0xa3, 0x9a, 0x7c, 0xff, 0xa2, 0x9a, 0x7b, 0xff, 0xa1, 0x99, 0x7b, 0xff, 0xa2, 0x99, 0x7b, 0xff, 
0xa3, 0x9a, 0x7c, 0xff, 0xa1, 0x99, 0x7b, 0xff, 0xa1, 0x99, 0x7a, 0xff, 0xa0, 0x97, 0x79, 0xff, 
0xa0, 0x97, 0x79, 0xff, 0xa0, 0x98, 0x79, 0xff, 0xa0, 0x98, 0x79, 0xff, 0x9f, 0x97, 0x79, 0xff, 
0x9f, 0x96, 0x79, 0xff, 0x9f, 0x96, 0x79, 0xff, 0xa0, 0x97, 0x78, 0xff, 0xa0, 0x97, 0x7a, 0xff, 
0xa0, 0x97, 0x79, 0xff, 0xa0, 0x97, 0x78, 0xff, 0xa0, 0x97, 0x7a, 0xff, 0xa0, 0x97, 0x79, 0xff, 
0xa1, 0x98, 0x7a, 0xff, 0xa1, 0x98, 0x7b, 0xff, 0xa3, 0x9a, 0x7c, 0xff, 0xa2, 0x99, 0x7b, 0xff, 
0xa2, 0x99, 0x7b, 0xff, 0xa3, 0x9a, 0x7b, 0xff, 0xa2, 0x99, 0x7b, 0xff, 0xa3, 0x9a, 0x7b, 0xff, 
0xa4, 0x9b, 0x7c, 0xff, 0xa3, 0x9a, 0x7b, 0xff, 0xa3, 0x9b, 0x7c, 0xff, 0xa3, 0x9a, 0x7c, 0xff, 
0xa3, 0x9a, 0x7c, 0xff, 0xa4, 0x9b, 0x7c, 0xff, 0xa5, 0x9c, 0x7d, 0xff, 0xa6, 0x9d, 0x7e, 0xff, 
0xa5, 0x9c, 0x7d, 0xff, 0xa4, 0x9b, 0x7d, 0xff, 0xa5, 0x9d, 0x7f, 0xff, 0xa5, 0x9c, 0x7f, 0xff, 
0xa4, 0x9b, 0x7e, 0xff, 0xa5, 0x9c, 0x7e, 0xff, 0xa5, 0x9b, 0x7e, 0xff, 0xa4, 0x9b, 0x7d, 0xff, 
0xa4, 0x9a, 0x7d, 0xff, 0xa4, 0x9b, 0x7d, 0xff, 0xa4, 0x9b, 0x7d, 0xff, 0xa4, 0x9a, 0x7d, 0xff, 
0xa3, 0x9a, 0x7d, 0xff, 0xa3, 0x9a, 0x7c, 0xff, 0xa5, 0x9c, 0x7f, 0xff, 0xa4, 0x9b, 0x7e, 0xff, 
0xa2, 0x99, 0x7c, 0xff, 0xa3, 0x99, 0x7c, 0xff, 0xa2, 0x99, 0x7c, 0xff, 0xa3, 0x99, 0x7c, 0xff, 
0xa4, 0x9a, 0x7d, 0xff, 0xa3, 0x9a, 0x7d, 0xff, 0xa3, 0x9a, 0x7d, 0xff, 0xa3, 0x9a, 0x7d, 0xff, 
0xa3, 0x9a, 0x7d, 0xff, 0xa5, 0x9b, 0x7e, 0xff, 0xa4, 0x9b, 0x7d, 0xff, 0xa3, 0x9a, 0x7d, 0xff, 
0xa4, 0x9b, 0x7e, 0xff, 0xa3, 0x9a, 0x7e, 0xff, 0xa4, 0x9b, 0x7e, 0xff, 0xa5, 0x9b, 0x7e, 0xff, 
0xa4, 0x9b, 0x7e, 0xff, 0xa4, 0x9c, 0x7f, 0xff, 0xa4, 0x9b, 0x7e, 0xff, 0xa3, 0x9a, 0x7d, 0xff, 
0xa5, 0x9c, 0x7e, 0xff, 0xa4, 0x9c, 0x7e, 0xff, 0xa4, 0x9b, 0x7e, 0xff, 0xa4, 0x9b, 0x7e, 0xff, 
0xa3, 0x9a, 0x7d, 0xff, 0xa4, 0x9c, 0x7f, 0xff, 0xa4, 0x9c, 0x7f, 0xff, 0xa4, 0x9b, 0x7e, 0xff, 
0xa4, 0x9c, 0x7f, 0xff, 0xa3, 0x9c, 0x7e, 0xff, 0xa3, 0x9b, 0x7d, 0xff, 0xa3, 0x9b, 0x7e, 0xff, 
0xa3, 0x9b, 0x7c, 0xff, 0xa4, 0x9c, 0x7c, 0xff, 0xa5, 0x9d, 0x7e, 0xff, 0xa5, 0x9c, 0x7e, 0xff, 
0xa4, 0x9c, 0x7f, 0xff, 0xa4, 0x9c, 0x7d, 0xff, 0xa5, 0x9d, 0x7d, 0xff, 0xa6, 0x9e, 0x7f, 0xff, 
0xa6, 0x9e, 0x7f, 0xff, 0xa6, 0x9f, 0x7e, 0xff, 0xa5, 0x9e, 0x7e, 0xff, 0xa4, 0x9c, 0x7d, 0xff, 
0xa5, 0x9c, 0x7d, 0xff, 0xa6, 0x9e, 0x7e, 0xff, 0xa6, 0x9e, 0x7e, 0xff, 0xa5, 0x9d, 0x7e, 0xff, 
0xa5, 0x9d, 0x7d, 0xff, 0xa5, 0x9d, 0x7e, 0xff, 0xa5, 0x9e, 0x7e, 0xff, 0xa5, 0x9e, 0x7e, 0xff, 
0xa5, 0x9d, 0x7e, 0xff, 0xa4, 0x9c, 0x7d, 0xff, 0xa4, 0x9b, 0x7d, 0xff, 0xa4, 0x9b, 0x7c, 0xff, 
0xa4, 0x9b, 0x7c, 0xff, 0xa4, 0x9b, 0x7c, 0xff, 0xa3, 0x9a, 0x7c, 0xff, 0xa3, 0x9b, 0x7c, 0xff, 
0xa5, 0x9d, 0x7e, 0xff, 0xa6, 0x9f, 0x7f, 0xff, 0xa6, 0x9f, 0x7f, 0xff, 0xa5, 0x9d, 0x7e, 0xff, 
0xa4, 0x9c, 0x7d, 0xff, 0xa4, 0x9b, 0x7c, 0xff, 0xa3, 0x9a, 0x7b, 0xff, 0xa2, 0x9a, 0x7b, 0xff, 
0xa3, 0x9b, 0x7c, 0xff, 0xa3, 0x9a, 0x7b, 0xff, 0xa2, 0x9a, 0x7a, 0xff, 0xa2, 0x9a, 0x7b, 0xff, 
0xa2, 0x9a, 0x7b, 0xff, 0xa4, 0x9c, 0x7d, 0xff, 0xa3, 0x9b, 0x7c, 0xff, 0xa1, 0x99, 0x7a, 0xff, 
0xa3, 0x9b, 0x7c, 0xff, 0xa1, 0x99, 0x7a, 0xff, 0xa2, 0x99, 0x7a, 0xff, 0xa3, 0x9a, 0x7b, 0xff, 
0xa2, 0x99, 0x7a, 0xff, 0xa1, 0x99, 0x7a, 0xff, 0xa0, 0x99, 0x7a, 0xff, 0xa1, 0x98, 0x7a, 0xff, 
0xa1, 0x98, 0x7a, 0xff, 0x9f, 0x99, 0x7a, 0xff, 0x9f, 0x99, 0x79, 0xff, 0xa0, 0x99, 0x79, 0xff, 
0xa9, 0xa2, 0x82, 0xff, 0xaa, 0xa2, 0x83, 0xff, 0xa9, 0xa2, 0x82, 0xff, 0xa9, 0xa1, 0x82, 0xff, 
0xa9, 0xa1, 0x82, 0xff, 0xa9, 0xa0, 0x81, 0xff, 0xa9, 0xa0, 0x81, 0xff, 0xa9, 0x9f, 0x81, 0xff, 
0xa7, 0x9e, 0x7f, 0xff, 0xa6, 0x9d, 0x7f, 0xff, 0xa7, 0x9e, 0x80, 0xff, 0xa7, 0x9e, 0x80, 0xff, 
0xa7, 0x9e, 0x7f, 0xff, 0xa7, 0x9d, 0x7f, 0xff, 0xa7, 0x9d, 0x7f, 0xff, 0xa6, 0x9d, 0x7e, 0xff, 
0xa5, 0x9c, 0x7d, 0xff, 0xa6, 0x9d, 0x7e, 0xff, 0xa6, 0x9d, 0x7e, 0xff, 0xa6, 0x9c, 0x7d, 0xff, 
0xa6, 0x9c, 0x7d, 0xff, 0xa5, 0x9c, 0x7d, 0xff, 0xa5, 0x9c, 0x7d, 0xff, 0xa7, 0x9f, 0x80, 0xff, 
0xa7, 0xa0, 0x81, 0xff, 0xa7, 0xa0, 0x80, 0xff, 0xa8, 0xa0, 0x81, 0xff, 0xa9, 0xa2, 0x83, 0xff, 
0xaa, 0xa3, 0x83, 0xff, 0xaa, 0xa3, 0x83, 0xff, 0xac, 0xa3, 0x84, 0xff, 0xad, 0xa4, 0x85, 0xff, 
0xaf, 0xa5, 0x86, 0xff, 0xaf, 0xa6, 0x87, 0xff, 0xae, 0xa6, 0x86, 0xff, 0xaf, 0xa5, 0x87, 0xff, 
0xb0, 0xa7, 0x88, 0xff, 0xb1, 0xa8, 0x89, 0xff, 0xb2, 0xa9, 0x8a, 0xff, 0xb0, 0xa9, 0x89, 0xff, 
0xb0, 0xa9, 0x89, 0xff, 0xb0, 0xa9, 0x89, 0xff, 0xb2, 0xa9, 0x8a, 0xff, 0xb2, 0xaa, 0x8b, 0xff, 
0xb1, 0xaa, 0x8a, 0xff, 0xb0, 0xa7, 0x88, 0xff, 0xae, 0xa7, 0x89, 0xff, 0xae, 0xa7, 0x88, 0xff, 
0xae, 0xa7, 0x88, 0xff, 0xaf, 0xa8, 0x89, 0xff, 0xb1, 0xab, 0x8c, 0xff, 0xaf, 0xa8, 0x8a, 0xff, 
0xac, 0xa5, 0x88, 0xff, 0xb0, 0xa9, 0x8b, 0xff, 0xae, 0xa7, 0x89, 0xff, 0xac, 0xa5, 0x88, 0xff, 
0xaa, 0xa4, 0x86, 0xff, 0xa9, 0xa2, 0x85, 0xff, 0xa7, 0xa1, 0x83, 0xff, 0xa8, 0xa1, 0x84, 0xff, 
0xa8, 0xa1, 0x84, 0xff, 0xa9, 0xa2, 0x85, 0xff, 0xa5, 0x9e, 0x82, 0xff, 0xa7, 0xa0, 0x83, 0xff, 
0xa6, 0x9f, 0x83, 0xff, 0xa6, 0x9e, 0x82, 0xff, 0xa6, 0x9e, 0x82, 0xff, 0xa5, 0x9d, 0x80, 0xff, 
0xa4, 0x9c, 0x7f, 0xff, 0xa4, 0x9d, 0x80, 0xff, 0xa6, 0x9d, 0x80, 0xff, 0xa5, 0x9c, 0x7e, 0xff, 
0xa4, 0x9c, 0x7f, 0xff, 0xa5, 0x9c, 0x7f, 0xff, 0xa4, 0x9b, 0x7e, 0xff, 0xa4, 0x9b, 0x7e, 0xff, 
0xa5, 0x9c, 0x7f, 0xff, 0xa5, 0x9c, 0x7f, 0xff, 0xa5, 0x9c, 0x7e, 0xff, 0xa5, 0x9c, 0x7f, 0xff, 
0xa5, 0x9c, 0x7f, 0xff, 0xa5, 0x9c, 0x7f, 0xff, 0xa5, 0x9c, 0x7e, 0xff, 0xa5, 0x9c, 0x7d, 0xff, 
0xa6, 0x9d, 0x7e, 0xff, 0xa6, 0x9d, 0x7e, 0xff, 0xa7, 0x9d, 0x7f, 0xff, 0xa6, 0x9d, 0x80, 0xff, 
0xa6, 0x9d, 0x7f, 0xff, 0xa8, 0x9f, 0x80, 0xff, 0xa8, 0x9f, 0x80, 0xff, 0xa7, 0x9e, 0x7f, 0xff, 
0xa7, 0x9e, 0x7f, 0xff, 0xa7, 0x9e, 0x7f, 0xff, 0xa6, 0x9d, 0x7e, 0xff, 0xa6, 0x9d, 0x7e, 0xff, 
0xa6, 0x9d, 0x7e, 0xff, 0xa5, 0x9c, 0x7e, 0xff, 0xa4, 0x9b, 0x7e, 0xff, 0xa3, 0x9a, 0x7c, 0xff, 
0xa3, 0x9a, 0x7d, 0xff, 0xa3, 0x9a, 0x7c, 0xff, 0xa2, 0x99, 0x7c, 0xff, 0xa2, 0x99, 0x7c, 0xff, 
0xa3, 0x99, 0x7c, 0xff, 0xa2, 0x99, 0x7c, 0xff, 0xa0, 0x97, 0x7a, 0xff, 0xa1, 0x97, 0x7a, 0xff, 
0xa0, 0x97, 0x7a, 0xff, 0xa1, 0x97, 0x7a, 0xff, 0xa1, 0x98, 0x7b, 0xff, 0xa0, 0x96, 0x79, 0xff, 
0xa0, 0x97, 0x7a, 0xff, 0xa0, 0x97, 0x7a, 0xff, 0xa2, 0x99, 0x7b, 0xff, 0xa2, 0x99, 0x7c, 0xff, 
0x9f, 0x97, 0x7a, 0xff, 0xa2, 0x99, 0x7c, 0xff, 0xa1, 0x98, 0x7b, 0xff, 0xa0, 0x98, 0x7a, 0xff, 
0xa1, 0x98, 0x7b, 0xff, 0xa0, 0x97, 0x79, 0xff, 0xa0, 0x97, 0x79, 0xff, 0xa0, 0x97, 0x78, 0xff, 
0xa0, 0x97, 0x78, 0xff, 0xa0, 0x97, 0x78, 0xff, 0xa0, 0x97, 0x79, 0xff, 0xa0, 0x98, 0x79, 0xff, 
0xa0, 0x97, 0x78, 0xff, 0xa1, 0x98, 0x79, 0xff, 0xa0, 0x98, 0x78, 0xff, 0xa1, 0x99, 0x7a, 0xff, 
0xa2, 0x98, 0x7a, 0xff, 0xa1, 0x98, 0x79, 0xff, 0xa1, 0x98, 0x79, 0xff, 0xa1, 0x98, 0x79, 0xff, 
0xa0, 0x97, 0x79, 0xff, 0xa0, 0x97, 0x7a, 0xff, 0xa4, 0x9b, 0x7c, 0xff, 0xa2, 0x99, 0x7a, 0xff, 
0xa1, 0x98, 0x7b, 0xff, 0xa4, 0x9b, 0x7d, 0xff, 0xa3, 0x9a, 0x7b, 0xff, 0xa3, 0x9a, 0x7c, 0xff, 
0xa3, 0x9a, 0x7c, 0xff, 0xa2, 0x99, 0x7b, 0xff, 0xa2, 0x9a, 0x7b, 0xff, 0xa2, 0x99, 0x7a, 0xff, 
0xa1, 0x98, 0x7a, 0xff, 0xa2, 0x98, 0x7a, 0xff, 0xa1, 0x99, 0x7a, 0xff, 0xa2, 0x9a, 0x7b, 0xff, 
0xa2, 0x99, 0x7b, 0xff, 0xa2, 0x99, 0x7c, 0xff, 0xa2, 0x99, 0x7c, 0xff, 0xa2, 0x99, 0x7b, 0xff, 
0xa2, 0x99, 0x7a, 0xff, 0xa1, 0x99, 0x7b, 0xff, 0xa1, 0x98, 0x7b, 0xff, 0xa2, 0x99, 0x7c, 0xff, 
0xa2, 0x99, 0x7d, 0xff, 0xa2, 0x99, 0x7b, 0xff, 0xa3, 0x9a, 0x7a, 0xff, 0xa3, 0x9b, 0x7c, 0xff, 
0xa3, 0x9b, 0x7c, 0xff, 0xa3, 0x9a, 0x7d, 0xff, 0xa4, 0x9b, 0x7e, 0xff, 0xa4, 0x9c, 0x7f, 0xff, 
0xa5, 0x9c, 0x80, 0xff, 0xa6, 0x9d, 0x80, 0xff, 0xa6, 0x9e, 0x81, 0xff, 0xa6, 0x9e, 0x81, 0xff, 
0xa6, 0x9e, 0x80, 0xff, 0xa8, 0x9f, 0x81, 0xff, 0xa7, 0x9e, 0x80, 0xff, 0xa7, 0x9e, 0x80, 0xff, 
0xa8, 0x9f, 0x81, 0xff, 0xa9, 0xa0, 0x82, 0xff, 0xa7, 0x9e, 0x80, 0xff, 0xa6, 0x9c, 0x7f, 0xff, 
0xa8, 0x9f, 0x82, 0xff, 0xa6, 0x9d, 0x80, 0xff, 0xa6, 0x9d, 0x80, 0xff, 0xa5, 0x9c, 0x7f, 0xff, 
0xa5, 0x9b, 0x7f, 0xff, 0xa5, 0x9c, 0x7f, 0xff, 0xa4, 0x9c, 0x7f, 0xff, 0xa4, 0x9b, 0x7e, 0xff, 
0xa4, 0x9a, 0x7e, 0xff, 0xa3, 0x9a, 0x7d, 0xff, 0xa3, 0x9a, 0x7d, 0xff, 0xa3, 0x9a, 0x7d, 0xff, 
0xa3, 0x9a, 0x7d, 0xff, 0xa3, 0x9b, 0x7d, 0xff, 0xa4, 0x9b, 0x7e, 0xff, 0xa5, 0x9c, 0x7f, 0xff, 
0xa5, 0x9c, 0x7f, 0xff, 0xa6, 0x9d, 0x7f, 0xff, 0xa6, 0x9d, 0x7f, 0xff, 0xa5, 0x9c, 0x7e, 0xff, 
0xa5, 0x9c, 0x7e, 0xff, 0xa8, 0x9e, 0x7f, 0xff, 0xa8, 0x9f, 0x80, 0xff, 0xa8, 0x9f, 0x80, 0xff, 
0xa8, 0xa0, 0x81, 0xff, 0xa8, 0x9f, 0x80, 0xff, 0xa9, 0xa0, 0x82, 0xff, 0xab, 0xa2, 0x83, 0xff, 
0xac, 0xa3, 0x84, 0xff, 0xac, 0xa2, 0x83, 0xff, 0xac, 0xa3, 0x84, 0xff, 0xac, 0xa3, 0x83, 0xff, 
0xab, 0xa2, 0x83, 0xff, 0xab, 0xa2, 0x83, 0xff, 0xac, 0xa3, 0x84, 0xff, 0xac, 0xa3, 0x84, 0xff, 
0xab, 0xa2, 0x83, 0xff, 0xab, 0xa2, 0x82, 0xff, 0xa9, 0xa0, 0x81, 0xff, 0xaa, 0xa1, 0x81, 0xff, 
0xab, 0xa2, 0x83, 0xff, 0xab, 0xa2, 0x83, 0xff, 0xaa, 0xa1, 0x82, 0xff, 0xa8, 0xa0, 0x80, 0xff, 
0xa8, 0x9f, 0x7f, 0xff, 0xa8, 0xa0, 0x82, 0xff, 0xa8, 0x9f, 0x81, 0xff, 0xa7, 0x9e, 0x7f, 0xff, 
0xa6, 0x9e, 0x7f, 0xff, 0xa7, 0x9e, 0x7f, 0xff, 0xa8, 0x9f, 0x80, 0xff, 0xa7, 0x9e, 0x7f, 0xff, 
0xa7, 0x9e, 0x80, 0xff, 0xa8, 0xa0, 0x80, 0xff, 0xa9, 0xa1, 0x81, 0xff, 0xa9, 0xa0, 0x81, 0xff, 
0xa8, 0xa0, 0x80, 0xff, 0xa8, 0xa1, 0x81, 0xff, 0xa9, 0xa0, 0x81, 0xff, 0xaa, 0xa0, 0x81, 0xff, 
0xaa, 0xa3, 0x83, 0xff, 0xad, 0xa5, 0x85, 0xff, 0xab, 0xa3, 0x83, 0xff, 0xa9, 0xa1, 0x82, 0xff, 
0xad, 0xa4, 0x85, 0xff, 0xac, 0xa4, 0x85, 0xff, 0xad, 0xa4, 0x85, 0xff, 0xad, 0xa3, 0x85, 0xff, 
0xab, 0xa2, 0x83, 0xff, 0xaa, 0xa3, 0x83, 0xff, 0xaa, 0xa3, 0x83, 0xff, 0xab, 0xa3, 0x83, 0xff, 
0xac, 0xa3, 0x83, 0xff, 0xac, 0xa3, 0x84, 0xff, 0xab, 0xa3, 0x84, 0xff, 0xaa, 0xa3, 0x83, 0xff, 
0xb2, 0xa9, 0x8a, 0xff, 0xb4, 0xaa, 0x8a, 0xff, 0xb1, 0xa8, 0x89, 0xff, 0xb1, 0xa8, 0x89, 0xff, 
0xb2, 0xa9, 0x8a, 0xff, 0xb2, 0xa8, 0x8a, 0xff, 0xb1, 0xa8, 0x89, 0xff, 0xb2, 0xa9, 0x89, 0xff, 
0xb5, 0xab, 0x8b, 0xff, 0xb4, 0xaa, 0x8a, 0xff, 0xb2, 0xa8, 0x88, 0xff, 0xb1, 0xa8, 0x88, 0xff, 
0xb1, 0xa8, 0x89, 0xff, 0xb2, 0xa9, 0x88, 0xff, 0xb2, 0xa9, 0x88, 0xff, 0xb2, 0xa8, 0x88, 0xff, 
0xb1, 0xa8, 0x87, 0xff, 0xb1, 0xa7, 0x87, 0xff, 0xb2, 0xa8, 0x87, 0xff, 0xb2, 0xa8, 0x87, 0xff, 
0xb1, 0xa7, 0x87, 0xff, 0xb1, 0xa7, 0x87, 0xff, 0xb0, 0xa6, 0x87, 0xff, 0xb0, 0xa7, 0x87, 0xff, 
0xb2, 0xa8, 0x89, 0xff, 0xb3, 0xa9, 0x8a, 0xff, 0xb4, 0xa9, 0x8a, 0xff, 0xb5, 0xaa, 0x8b, 0xff, 
0xb6, 0xad, 0x8c, 0xff, 0xb7, 0xad, 0x8d, 0xff, 0xb5, 0xab, 0x8c, 0xff, 0xb5, 0xab, 0x8d, 0xff, 
0xb7, 0xae, 0x8f, 0xff, 0xb9, 0xaf, 0x91, 0xff, 0xba, 0xb0, 0x91, 0xff, 0xb9, 0xaf, 0x8f, 0xff, 
0xb8, 0xaf, 0x8f, 0xff, 0xb9, 0xb1, 0x90, 0xff, 0xba, 0xb0, 0x91, 0xff, 0xb9, 0xb0, 0x91, 0xff, 
0xb9, 0xb0, 0x91, 0xff, 0xba, 0xb1, 0x92, 0xff, 0xbc, 0xb3, 0x94, 0xff, 0xbc, 0xb3, 0x94, 0xff, 
0xbc, 0xb3, 0x94, 0xff, 0xbc, 0xb3, 0x94, 0xff, 0xbc, 0xb3, 0x95, 0xff, 0xbc, 0xb3, 0x94, 0xff, 
0xbc, 0xb3, 0x94, 0xff, 0xbd, 0xb5, 0x96, 0xff, 0xbc, 0xb3, 0x95, 0xff, 0xbc, 0xb2, 0x94, 0xff, 
0xbc, 0xb3, 0x94, 0xff, 0xbc, 0xb3, 0x94, 0xff, 0xbd, 0xb4, 0x96, 0xff, 0xbc, 0xb2, 0x94, 0xff, 
0xb9, 0xb0, 0x92, 0xff, 0xb9, 0xb1, 0x92, 0xff, 0xb7, 0xaf, 0x91, 0xff, 0xb9, 0xaf, 0x91, 0xff, 
0xb8, 0xaf, 0x91, 0xff, 0xb5, 0xad, 0x8f, 0xff, 0xb4, 0xac, 0x8d, 0xff, 0xb3, 0xab, 0x8d, 0xff, 
0xb3, 0xab, 0x8d, 0xff, 0xb3, 0xab, 0x8d, 0xff, 0xb2, 0xaa, 0x8c, 0xff, 0xb1, 0xa9, 0x8b, 0xff, 
0xb0, 0xa8, 0x8a, 0xff, 0xb0, 0xa8, 0x8a, 0xff, 0xb2, 0xa8, 0x8a, 0xff, 0xb2, 0xa8, 0x8a, 0xff, 
0xb1, 0xa8, 0x8a, 0xff, 0xb1, 0xa9, 0x8a, 0xff, 0xb0, 0xa8, 0x8a, 0xff, 0xb0, 0xa8, 0x8a, 0xff, 
0xb0, 0xa8, 0x8b, 0xff, 0xb0, 0xa7, 0x89, 0xff, 0xb1, 0xa8, 0x89, 0xff, 0xb1, 0xa8, 0x89, 0xff, 
0xb1, 0xa8, 0x8a, 0xff, 0xb1, 0xa8, 0x8a, 0xff, 0xb2, 0xa8, 0x8a, 0xff, 0xb1, 0xa8, 0x89, 0xff, 
0xb1, 0xa8, 0x89, 0xff, 0xb2, 0xa8, 0x8a, 0xff, 0xb1, 0xa8, 0x89, 0xff, 0xb0, 0xa6, 0x87, 0xff, 
0xae, 0xa5, 0x86, 0xff, 0xb0, 0xa7, 0x88, 0xff, 0xb2, 0xa8, 0x8a, 0xff, 0xb0, 0xa7, 0x88, 0xff, 
0xb0, 0xa6, 0x88, 0xff, 0xb0, 0xa7, 0x88, 0xff, 0xaf, 0xa6, 0x88, 0xff, 0xae, 0xa5, 0x86, 0xff, 
0xae, 0xa5, 0x86, 0xff, 0xb0, 0xa7, 0x88, 0xff, 0xb0, 0xa7, 0x89, 0xff, 0xae, 0xa6, 0x87, 0xff, 
0xad, 0xa5, 0x86, 0xff, 0xac, 0xa3, 0x85, 0xff, 0xac, 0xa3, 0x84, 0xff, 0xad, 0xa3, 0x85, 0xff, 
0xac, 0xa3, 0x84, 0xff, 0xab, 0xa2, 0x84, 0xff, 0xad, 0xa4, 0x85, 0xff, 0xad, 0xa4, 0x85, 0xff, 
0xaf, 0xa5, 0x86, 0xff, 0xae, 0xa5, 0x87, 0xff, 0xad, 0xa4, 0x86, 0xff, 0xae, 0xa5, 0x86, 0xff, 
0xae, 0xa5, 0x85, 0xff, 0xb0, 0xa7, 0x87, 0xff, 0xb1, 0xa7, 0x87, 0xff, 0xb0, 0xa6, 0x86, 0xff, 
0xae, 0xa4, 0x85, 0xff, 0xaf, 0xa5, 0x86, 0xff, 0xb0, 0xa6, 0x87, 0xff, 0xb0, 0xa6, 0x87, 0xff, 
0xaf, 0xa5, 0x87, 0xff, 0xae, 0xa5, 0x86, 0xff, 0xad, 0xa4, 0x85, 0xff, 0xad, 0xa4, 0x84, 0xff, 
0xae, 0xa5, 0x85, 0xff, 0xae, 0xa4, 0x86, 0xff, 0xae, 0xa5, 0x86, 0xff, 0xae, 0xa5, 0x87, 0xff, 
0xae, 0xa4, 0x86, 0xff, 0xae, 0xa5, 0x86, 0xff, 0xae, 0xa5, 0x87, 0xff, 0xaf, 0xa5, 0x87, 0xff, 
0xaf, 0xa5, 0x87, 0xff, 0xaf, 0xa5, 0x87, 0xff, 0xaf, 0xa5, 0x86, 0xff, 0xaf, 0xa5, 0x86, 0xff, 
0xb1, 0xa7, 0x89, 0xff, 0xb0, 0xa6, 0x88, 0xff, 0xb0, 0xa6, 0x87, 0xff, 0xaf, 0xa5, 0x87, 0xff, 
0xaf, 0xa5, 0x87, 0xff, 0xaf, 0xa5, 0x87, 0xff, 0xb0, 0xa7, 0x88, 0xff, 0xb0, 0xa6, 0x88, 0xff, 
0xaf, 0xa5, 0x87, 0xff, 0xae, 0xa5, 0x85, 0xff, 0xad, 0xa3, 0x84, 0xff, 0xad, 0xa3, 0x85, 0xff, 
0xad, 0xa3, 0x85, 0xff, 0xac, 0xa2, 0x84, 0xff, 0xac, 0xa2, 0x84, 0xff, 0xad, 0xa3, 0x85, 0xff, 
0xac, 0xa2, 0x83, 0xff, 0xaa, 0xa1, 0x82, 0xff, 0xaa, 0xa0, 0x82, 0xff, 0xab, 0xa1, 0x83, 0xff, 
0xac, 0xa3, 0x85, 0xff, 0xac, 0xa3, 0x85, 0xff, 0xab, 0xa2, 0x83, 0xff, 0xab, 0xa2, 0x83, 0xff, 
0xac, 0xa2, 0x84, 0xff, 0xac, 0xa3, 0x85, 0xff, 0xad, 0xa4, 0x86, 0xff, 0xad, 0xa4, 0x85, 0xff, 
0xac, 0xa3, 0x85, 0xff, 0xad, 0xa3, 0x85, 0xff, 0xae, 0xa4, 0x86, 0xff, 0xae, 0xa4, 0x86, 0xff, 
0xaf, 0xa5, 0x88, 0xff, 0xb0, 0xa6, 0x89, 0xff, 0xb0, 0xa6, 0x8a, 0xff, 0xb0, 0xa6, 0x88, 0xff, 
0xaf, 0xa5, 0x87, 0xff, 0xb1, 0xa7, 0x88, 0xff, 0xb1, 0xa6, 0x88, 0xff, 0xb1, 0xa7, 0x89, 0xff, 
0xb3, 0xa9, 0x8a, 0xff, 0xb3, 0xa9, 0x8a, 0xff, 0xb1, 0xa6, 0x88, 0xff, 0xb1, 0xa6, 0x89, 0xff, 
0xb0, 0xa6, 0x88, 0xff, 0xb1, 0xa7, 0x89, 0xff, 0xb1, 0xa6, 0x88, 0xff, 0xaf, 0xa5, 0x87, 0xff, 
0xaf, 0xa5, 0x88, 0xff, 0xb0, 0xa5, 0x88, 0xff, 0xaf, 0xa5, 0x87, 0xff, 0xaf, 0xa5, 0x86, 0xff, 
0xae, 0xa4, 0x86, 0xff, 0xae, 0xa4, 0x86, 0xff, 0xae, 0xa5, 0x87, 0xff, 0xad, 0xa3, 0x86, 0xff, 
0xae, 0xa4, 0x86, 0xff, 0xae, 0xa5, 0x86, 0xff, 0xae, 0xa5, 0x87, 0xff, 0xb0, 0xa6, 0x88, 0xff, 
0xaf, 0xa6, 0x87, 0xff, 0xaf, 0xa6, 0x88, 0xff, 0xb0, 0xa6, 0x88, 0xff, 0xb3, 0xa9, 0x8b, 0xff, 
0xb2, 0xa8, 0x8a, 0xff, 0xb0, 0xa7, 0x88, 0xff, 0xb1, 0xa7, 0x89, 0xff, 0xb1, 0xa7, 0x89, 0xff, 
0xb2, 0xa8, 0x89, 0xff, 0xb2, 0xa8, 0x8b, 0xff, 0xb2, 0xa8, 0x8a, 0xff, 0xb3, 0xa8, 0x8a, 0xff, 
0xb2, 0xa8, 0x8a, 0xff, 0xb2, 0xa7, 0x8a, 0xff, 0xb2, 0xa7, 0x8a, 0xff, 0xb2, 0xa7, 0x8a, 0xff, 
0xb2, 0xa7, 0x8a, 0xff, 0xb2, 0xa8, 0x8a, 0xff, 0xb2, 0xa8, 0x89, 0xff, 0xb2, 0xa8, 0x8a, 0xff, 
0xb2, 0xa8, 0x8a, 0xff, 0xb1, 0xa8, 0x89, 0xff, 0xb3, 0xaa, 0x8c, 0xff, 0xb3, 0xa8, 0x8a, 0xff, 
0xb1, 0xa8, 0x89, 0xff, 0xb2, 0xa9, 0x8b, 0xff, 0xb3, 0xaa, 0x8b, 0xff, 0xb5, 0xab, 0x8c, 0xff, 
0xb4, 0xaa, 0x8c, 0xff, 0xb3, 0xaa, 0x8b, 0xff, 0xb4, 0xaa, 0x8a, 0xff, 0xb3, 0xa9, 0x8b, 0xff, 
0xb2, 0xa9, 0x8a, 0xff, 0xb2, 0xa9, 0x8b, 0xff, 0xb3, 0xaa, 0x8b, 0xff, 0xb2, 0xa9, 0x8a, 0xff, 
0xb4, 0xaa, 0x8b, 0xff, 0xb6, 0xac, 0x8e, 0xff, 0xb6, 0xad, 0x8e, 0xff, 0xb6, 0xad, 0x8f, 0xff, 
0xb4, 0xaa, 0x8c, 0xff, 0xb5, 0xab, 0x8d, 0xff, 0xb5, 0xab, 0x8d, 0xff, 0xb6, 0xac, 0x8e, 0xff, 
0xb7, 0xad, 0x8e, 0xff, 0xb6, 0xac, 0x8d, 0xff, 0xb4, 0xaa, 0x8c, 0xff, 0xb4, 0xaa, 0x8d, 0xff, 
0xb4, 0xaa, 0x8b, 0xff, 0xb5, 0xac, 0x8d, 0xff, 0xb4, 0xab, 0x8c, 0xff, 0xb3, 0xa9, 0x8b, 0xff, 
0xb2, 0xa9, 0x8b, 0xff, 0xb2, 0xa8, 0x89, 0xff, 0xb2, 0xa8, 0x89, 0xff, 0xb2, 0xa8, 0x89, 0xff, 
0xb2, 0xa8, 0x8a, 0xff, 0xb3, 0xa9, 0x8a, 0xff, 0xb3, 0xa9, 0x8a, 0xff, 0xb2, 0xa9, 0x8a, 0xff, 
0xb6, 0xa9, 0x8a, 0xff, 0xb6, 0xaa, 0x8a, 0xff, 0xb7, 0xab, 0x8c, 0xff, 0xb5, 0xa9, 0x8a, 0xff, 
0xb2, 0xa6, 0x87, 0xff, 0xb1, 0xa6, 0x86, 0xff, 0xb1, 0xa6, 0x86, 0xff, 0xb0, 0xa6, 0x85, 0xff, 
0xb2, 0xa7, 0x87, 0xff, 0xb3, 0xa8, 0x88, 0xff, 0xb2, 0xa6, 0x86, 0xff, 0xb2, 0xa6, 0x87, 0xff, 
0xb2, 0xa7, 0x87, 0xff, 0xb4, 0xa9, 0x89, 0xff, 0xb2, 0xa7, 0x87, 0xff, 0xb1, 0xa6, 0x86, 0xff, 
0xb1, 0xa7, 0x87, 0xff, 0xb2, 0xa7, 0x87, 0xff, 0xb4, 0xa8, 0x89, 0xff, 0xb3, 0xa8, 0x88, 0xff, 
0xb3, 0xa8, 0x88, 0xff, 0xb5, 0xa9, 0x89, 0xff, 0xb7, 0xab, 0x8b, 0xff, 0xb4, 0xa9, 0x89, 0xff, 
0xb4, 0xa9, 0x89, 0xff, 0xb6, 0xaa, 0x8a, 0xff, 0xb7, 0xac, 0x8c, 0xff, 0xb8, 0xac, 0x8c, 0xff, 
0xb8, 0xad, 0x8d, 0xff, 0xbc, 0xb2, 0x92, 0xff, 0xba, 0xaf, 0x90, 0xff, 0xb6, 0xab, 0x8c, 0xff, 
0xb7, 0xac, 0x8d, 0xff, 0xbb, 0xb0, 0x90, 0xff, 0xbd, 0xb1, 0x92, 0xff, 0xbb, 0xb0, 0x90, 0xff, 
0xbc, 0xb1, 0x90, 0xff, 0xbc, 0xb0, 0x90, 0xff, 0xbb, 0xb0, 0x90, 0xff, 0xba, 0xaf, 0x90, 0xff, 
0xba, 0xae, 0x8f, 0xff, 0xbb, 0xb0, 0x91, 0xff, 0xbb, 0xb1, 0x92, 0xff, 0xbb, 0xaf, 0x90, 0xff, 
0xbb, 0xaf, 0x90, 0xff, 0xbd, 0xb1, 0x92, 0xff, 0xbd, 0xb1, 0x92, 0xff, 0xbc, 0xb1, 0x92, 0xff, 
0xbb, 0xb1, 0x92, 0xff, 0xba, 0xaf, 0x90, 0xff, 0xbb, 0xb0, 0x91, 0xff, 0xbc, 0xb1, 0x92, 0xff, 
0xbc, 0xb1, 0x93, 0xff, 0xbc, 0xb2, 0x92, 0xff, 0xbd, 0xb1, 0x93, 0xff, 0xbe, 0xb1, 0x92, 0xff, 
0xbd, 0xb2, 0x92, 0xff, 0xbc, 0xb1, 0x92, 0xff, 0xbb, 0xb0, 0x92, 0xff, 0xb9, 0xae, 0x90, 0xff, 
0xb9, 0xad, 0x90, 0xff, 0xb9, 0xae, 0x90, 0xff, 0xb8, 0xad, 0x8f, 0xff, 0xb8, 0xad, 0x8e, 0xff, 
0xb8, 0xad, 0x8f, 0xff, 0xb7, 0xac, 0x8e, 0xff, 0xb7, 0xab, 0x8d, 0xff, 0xb7, 0xab, 0x8d, 0xff, 
0xb5, 0xaa, 0x8c, 0xff, 0xb5, 0xa9, 0x8b, 0xff, 0xb4, 0xa9, 0x8b, 0xff, 0xb4, 0xaa, 0x8c, 0xff, 
0xb6, 0xab, 0x8d, 0xff, 0xb5, 0xab, 0x8d, 0xff, 0xb6, 0xab, 0x8d, 0xff, 0xb7, 0xac, 0x8d, 0xff, 
0xb6, 0xab, 0x8c, 0xff, 0xb4, 0xa9, 0x8a, 0xff, 0xb4, 0xa9, 0x8b, 0xff, 0xb4, 0xa9, 0x8b, 0xff, 
0xb3, 0xa8, 0x8a, 0xff, 0xb4, 0xa8, 0x8a, 0xff, 0xb5, 0xaa, 0x8b, 0xff, 0xb5, 0xaa, 0x8b, 0xff, 
0xb4, 0xa9, 0x8b, 0xff, 0xb6, 0xa9, 0x8b, 0xff, 0xb7, 0xaa, 0x8b, 0xff, 0xb8, 0xab, 0x8b, 0xff, 
0xb6, 0xaa, 0x8a, 0xff, 0xb6, 0xaa, 0x8a, 0xff, 0xb8, 0xac, 0x8c, 0xff, 0xb8, 0xab, 0x8c, 0xff, 
0xb8, 0xac, 0x8c, 0xff, 0xb7, 0xab, 0x8b, 0xff, 0xb7, 0xac, 0x8d, 0xff, 0xb9, 0xae, 0x90, 0xff, 
0xb5, 0xaa, 0x8c, 0xff, 0xb4, 0xa9, 0x8a, 0xff, 0xb8, 0xab, 0x8c, 0xff, 0xba, 0xae, 0x8e, 0xff, 
0xb8, 0xac, 0x8d, 0xff, 0xb7, 0xac, 0x8c, 0xff, 0xb7, 0xac, 0x8d, 0xff, 0xb6, 0xac, 0x8d, 0xff, 
0xb4, 0xaa, 0x8b, 0xff, 0xb5, 0xaa, 0x8b, 0xff, 0xb6, 0xab, 0x8d, 0xff, 0xb7, 0xac, 0x8e, 0xff, 
0xb7, 0xac, 0x8e, 0xff, 0xb6, 0xac, 0x8d, 0xff, 0xb6, 0xab, 0x8d, 0xff, 0xb6, 0xab, 0x8d, 0xff, 
0xb5, 0xab, 0x8c, 0xff, 0xb6, 0xab, 0x8d, 0xff, 0xb5, 0xaa, 0x8c, 0xff, 0xb4, 0xa9, 0x8a, 0xff, 
0xb4, 0xa9, 0x89, 0xff, 0xb3, 0xa9, 0x8a, 0xff, 0xb4, 0xa9, 0x8a, 0xff, 0xb5, 0xa9, 0x8a, 0xff, 
0xb4, 0xa8, 0x89, 0xff, 0xb4, 0xa8, 0x89, 0xff, 0xb2, 0xa7, 0x88, 0xff, 0xb2, 0xa7, 0x88, 0xff, 
0xb1, 0xa6, 0x87, 0xff, 0xb2, 0xa6, 0x88, 0xff, 0xb4, 0xa7, 0x89, 0xff, 0xb4, 0xa8, 0x89, 0xff, 
0xb5, 0xa8, 0x89, 0xff, 0xb6, 0xaa, 0x8b, 0xff, 0xb5, 0xa9, 0x8b, 0xff, 0xb2, 0xa6, 0x88, 0xff, 
0xb2, 0xa6, 0x88, 0xff, 0xb2, 0xa6, 0x88, 0xff, 0xb2, 0xa6, 0x88, 0xff, 0xb2, 0xa7, 0x89, 0xff, 
0xb4, 0xa9, 0x8a, 0xff, 0xb3, 0xa8, 0x8a, 0xff, 0xb4, 0xa8, 0x8a, 0xff, 0xb3, 0xa8, 0x89, 0xff, 
0xb3, 0xa8, 0x89, 0xff, 0xb3, 0xa8, 0x88, 0xff, 0xb4, 0xa8, 0x89, 0xff, 0xb4, 0xa7, 0x88, 0xff, 
0xb3, 0xa7, 0x88, 0xff, 0xb2, 0xa7, 0x87, 0xff, 0xb1, 0xa6, 0x86, 0xff, 0xb0, 0xa5, 0x87, 0xff, 
0xb0, 0xa4, 0x86, 0xff, 0xb1, 0xa6, 0x87, 0xff, 0xb2, 0xa6, 0x87, 0xff, 0xb1, 0xa5, 0x87, 0xff, 
0xb2, 0xa7, 0x87, 0xff, 0xb3, 0xa8, 0x89, 0xff, 0xaf, 0xa4, 0x86, 0xff, 0xae, 0xa2, 0x85, 0xff, 
0xb0, 0xa4, 0x86, 0xff, 0xb2, 0xa7, 0x87, 0xff, 0xb1, 0xa6, 0x87, 0xff, 0xaf, 0xa4, 0x85, 0xff, 
0xae, 0xa3, 0x85, 0xff, 0xb0, 0xa5, 0x86, 0xff, 0xb2, 0xa6, 0x89, 0xff, 0xb1, 0xa5, 0x88, 0xff, 
0xb0, 0xa5, 0x88, 0xff, 0xb1, 0xa6, 0x88, 0xff, 0xb0, 0xa5, 0x87, 0xff, 0xb0, 0xa4, 0x87, 0xff, 
0xb0, 0xa5, 0x87, 0xff, 0xb0, 0xa5, 0x87, 0xff, 0xb0, 0xa5, 0x87, 0xff, 0xaf, 0xa4, 0x86, 0xff, 
0xb0, 0xa5, 0x87, 0xff, 0xb2, 0xa6, 0x89, 0xff, 0xb1, 0xa6, 0x88, 0xff, 0xb1, 0xa6, 0x88, 0xff, 
0xb0, 0xa5, 0x87, 0xff, 0xb1, 0xa5, 0x88, 0xff, 0xb2, 0xa6, 0x89, 0xff, 0xb2, 0xa7, 0x89, 0xff, 
0xb2, 0xa7, 0x88, 0xff, 0xb2, 0xa6, 0x88, 0xff, 0xb2, 0xa6, 0x88, 0xff, 0xb2, 0xa5, 0x88, 0xff, 
0xb2, 0xa6, 0x88, 0xff, 0xb1, 0xa5, 0x87, 0xff, 0xb0, 0xa4, 0x86, 0xff, 0xaf, 0xa3, 0x85, 0xff, 
0xb0, 0xa4, 0x86, 0xff, 0xb2, 0xa5, 0x88, 0xff, 0xb3, 0xa6, 0x87, 0xff, 0xb2, 0xa5, 0x86, 0xff, 
0xb4, 0xa8, 0x88, 0xff, 0xb4, 0xa7, 0x88, 0xff, 0xb1, 0xa5, 0x86, 0xff, 0xb1, 0xa5, 0x87, 0xff, 
0xb1, 0xa5, 0x86, 0xff, 0xb2, 0xa6, 0x87, 0xff, 0xb2, 0xa6, 0x88, 0xff, 0xb3, 0xa7, 0x89, 0xff, 
0xb3, 0xa7, 0x89, 0xff, 0xb2, 0xa6, 0x88, 0xff, 0xb3, 0xa7, 0x88, 0xff, 0xb3, 0xa8, 0x89, 0xff, 
0xb3, 0xa8, 0x8a, 0xff, 0xb3, 0xa7, 0x89, 0xff, 0xb2, 0xa6, 0x87, 0xff, 0xb2, 0xa6, 0x88, 0xff, 
0xb3, 0xa7, 0x89, 0xff, 0xb3, 0xa7, 0x89, 0xff, 0xb1, 0xa6, 0x86, 0xff, 0xb1, 0xa6, 0x87, 0xff, 
0xb2, 0xa7, 0x88, 0xff, 0xb4, 0xa8, 0x89, 0xff, 0xb5, 0xa8, 0x88, 0xff, 0xb5, 0xa8, 0x89, 0xff, 
0xb4, 0xa8, 0x89, 0xff, 0xb5, 0xa8, 0x88, 0xff, 0xb8, 0xac, 0x8e, 0xff, 0xb7, 0xac, 0x8e, 0xff, 
0xb4, 0xa8, 0x8a, 0xff, 0xb3, 0xa7, 0x89, 0xff, 0xb7, 0xab, 0x8b, 0xff, 0xbb, 0xad, 0x8d, 0xff, 
0xb9, 0xac, 0x8d, 0xff, 0xba, 0xad, 0x8d, 0xff, 0xbb, 0xae, 0x8f, 0xff, 0xb9, 0xad, 0x8f, 0xff, 
0xb7, 0xab, 0x8d, 0xff, 0xb6, 0xaa, 0x8c, 0xff, 0xb7, 0xac, 0x8e, 0xff, 0xb8, 0xad, 0x8f, 0xff, 
0xb8, 0xac, 0x8f, 0xff, 0xb7, 0xad, 0x8f, 0xff, 0xb7, 0xac, 0x8d, 0xff, 0xb6, 0xaa, 0x8c, 0xff, 
0xb7, 0xab, 0x8d, 0xff, 0xb7, 0xab, 0x8c, 0xff, 0xb6, 0xab, 0x8c, 0xff, 0xb6, 0xab, 0x8d, 0xff, 
0xb3, 0xa8, 0x8b, 0xff, 0xb3, 0xa8, 0x8a, 0xff, 0xb5, 0xa9, 0x8b, 0xff, 0xb5, 0xa9, 0x8a, 0xff, 
0xb4, 0xa9, 0x8b, 0xff, 0xb4, 0xa8, 0x8a, 0xff, 0xb5, 0xa8, 0x88, 0xff, 0xb4, 0xa8, 0x88, 0xff, 
0xb6, 0xa9, 0x8a, 0xff, 0xb4, 0xa8, 0x89, 0xff, 0xb3, 0xa7, 0x89, 0xff, 0xb3, 0xa6, 0x88, 0xff, 
0xb3, 0xa7, 0x88, 0xff, 0xb5, 0xa8, 0x89, 0xff, 0xb5, 0xa8, 0x88, 0xff, 0xb4, 0xa8, 0x88, 0xff, 
0xb5, 0xa7, 0x87, 0xff, 0xb6, 0xa8, 0x88, 0xff, 0xb9, 0xac, 0x8c, 0xff, 0xb9, 0xab, 0x8b, 0xff, 
0xb6, 0xa9, 0x89, 0xff, 0xb5, 0xa8, 0x88, 0xff, 0xb5, 0xa8, 0x88, 0xff, 0xb8, 0xac, 0x8b, 0xff, 
0xb9, 0xad, 0x8d, 0xff, 0xb9, 0xac, 0x8c, 0xff, 0xb6, 0xa9, 0x89, 0xff, 0xb7, 0xaa, 0x8a, 0xff, 
0xb8, 0xab, 0x8b, 0xff, 0xb8, 0xab, 0x8c, 0xff, 0xb6, 0xaa, 0x8a, 0xff, 0xb8, 0xac, 0x8c, 0xff, 
0xb7, 0xab, 0x8b, 0xff, 0xb7, 0xaa, 0x8a, 0xff, 0xb8, 0xac, 0x8c, 0xff, 0xb7, 0xab, 0x8b, 0xff, 
0xb8, 0xab, 0x8b, 0xff, 0xba, 0xad, 0x8c, 0xff, 0xba, 0xad, 0x8c, 0xff, 0xba, 0xad, 0x8c, 0xff, 
0xba, 0xad, 0x8c, 0xff, 0xb9, 0xac, 0x8c, 0xff, 0xbb, 0xae, 0x8e, 0xff, 0xbc, 0xaf, 0x8f, 0xff, 
0xbc, 0xaf, 0x8f, 0xff, 0xbd, 0xb0, 0x90, 0xff, 0xbe, 0xb1, 0x91, 0xff, 0xbd, 0xb0, 0x8f, 0xff, 
0xbd, 0xb1, 0x91, 0xff, 0xbf, 0xb3, 0x92, 0xff, 0xbf, 0xb2, 0x92, 0xff, 0xbe, 0xb1, 0x91, 0xff, 
0xbe, 0xb1, 0x92, 0xff, 0xbf, 0xb1, 0x92, 0xff, 0xbf, 0xb2, 0x93, 0xff, 0xbf, 0xb3, 0x93, 0xff, 
0xbe, 0xb1, 0x91, 0xff, 0xbf, 0xb2, 0x92, 0xff, 0xbe, 0xb2, 0x91, 0xff, 0xbe, 0xb2, 0x91, 0xff, 
0xbe, 0xb2, 0x92, 0xff, 0xc0, 0xb3, 0x93, 0xff, 0xbf, 0xb3, 0x93, 0xff, 0xbf, 0xb2, 0x92, 0xff, 
0xbe, 0xb2, 0x92, 0xff, 0xbd, 0xb2, 0x92, 0xff, 0xbe, 0xb2, 0x92, 0xff, 0xc1, 0xb4, 0x94, 0xff, 
0xbe, 0xb3, 0x93, 0xff, 0xbd, 0xb2, 0x92, 0xff, 0xbd, 0xb2, 0x92, 0xff, 0xbf, 0xb3, 0x93, 0xff, 
0xbf, 0xb3, 0x93, 0xff, 0xbc, 0xb1, 0x91, 0xff, 0xbb, 0xb0, 0x91, 0xff, 0xb9, 0xaf, 0x90, 0xff, 
0xb8, 0xad, 0x8f, 0xff, 0xba, 0xae, 0x8f, 0xff, 0xba, 0xae, 0x8f, 0xff, 0xb8, 0xad, 0x8e, 0xff, 
0xb6, 0xac, 0x8e, 0xff, 0xb6, 0xab, 0x8d, 0xff, 0xb6, 0xab, 0x8c, 0xff, 0xb7, 0xac, 0x8d, 0xff, 
0xb6, 0xab, 0x8d, 0xff, 0xb5, 0xaa, 0x8b, 0xff, 0xb4, 0xa9, 0x8b, 0xff, 0xb6, 0xab, 0x8c, 0xff, 
0xb6, 0xab, 0x8c, 0xff, 0xb6, 0xaa, 0x8b, 0xff, 0xb8, 0xac, 0x8c, 0xff, 0xb8, 0xac, 0x8c, 0xff, 
0xba, 0xad, 0x8d, 0xff, 0xb9, 0xad, 0x8e, 0xff, 0xb6, 0xab, 0x8c, 0xff, 0xb5, 0xaa, 0x8b, 0xff, 
0xb4, 0xaa, 0x8a, 0xff, 0xb7, 0xab, 0x8b, 0xff, 0xb7, 0xab, 0x8b, 0xff, 0xb8, 0xac, 0x8c, 0xff, 
0xb8, 0xab, 0x8c, 0xff, 0xb7, 0xab, 0x8b, 0xff, 0xba, 0xad, 0x8d, 0xff, 0xbb, 0xae, 0x8d, 0xff, 
0xba, 0xac, 0x8d, 0xff, 0xb9, 0xac, 0x8c, 0xff, 0xb9, 0xad, 0x8c, 0xff, 0xba, 0xac, 0x8c, 0xff, 
0xba, 0xad, 0x8d, 0xff, 0xbb, 0xad, 0x8d, 0xff, 0xbb, 0xae, 0x8d, 0xff, 0xbc, 0xb0, 0x91, 0xff, 
0xb9, 0xac, 0x8d, 0xff, 0xb8, 0xab, 0x8b, 0xff, 0xbb, 0xae, 0x8e, 0xff, 0xbc, 0xae, 0x8e, 0xff, 
0xba, 0xac, 0x8c, 0xff, 0xbb, 0xae, 0x8e, 0xff, 0xbc, 0xaf, 0x90, 0xff, 0xb9, 0xad, 0x8e, 0xff, 
0xb7, 0xac, 0x8d, 0xff, 0xb7, 0xab, 0x8b, 0xff, 0xb7, 0xab, 0x8c, 0xff, 0xb8, 0xac, 0x8e, 0xff, 
0xb5, 0xaa, 0x8c, 0xff, 0xb5, 0xaa, 0x8b, 0xff, 0xb6, 0xab, 0x8c, 0xff, 0xb6, 0xa9, 0x8b, 0xff, 
0xb5, 0xa9, 0x8b, 0xff, 0xb3, 0xa9, 0x8a, 0xff, 0xb2, 0xa8, 0x8a, 0xff, 0xb4, 0xa9, 0x8a, 0xff, 
0xb4, 0xa9, 0x8a, 0xff, 0xb3, 0xa8, 0x89, 0xff, 0xb4, 0xa8, 0x89, 0xff, 0xb5, 0xa8, 0x88, 0xff, 
0xb5, 0xa8, 0x88, 0xff, 0xb5, 0xa8, 0x88, 0xff, 0xb5, 0xa9, 0x89, 0xff, 0xb4, 0xa7, 0x87, 0xff, 
0xb3, 0xa6, 0x86, 0xff, 0xb5, 0xa8, 0x88, 0xff, 0xb5, 0xa8, 0x88, 0xff, 0xb6, 0xa9, 0x88, 0xff, 
0xb6, 0xa9, 0x88, 0xff, 0xb7, 0xaa, 0x89, 0xff, 0xb9, 0xac, 0x8c, 0xff, 0xb8, 0xab, 0x8a, 0xff, 
0xb4, 0xa8, 0x87, 0xff, 0xb4, 0xa7, 0x88, 0xff, 0xb4, 0xa8, 0x87, 0xff, 0xb4, 0xa8, 0x88, 0xff, 
0xb4, 0xa8, 0x87, 0xff, 0xb5, 0xa8, 0x88, 0xff, 0xb5, 0xa8, 0x88, 0xff, 0xb6, 0xa9, 0x89, 0xff, 
0xb6, 0xa9, 0x89, 0xff, 0xb5, 0xa8, 0x88, 0xff, 0xb4, 0xa7, 0x87, 0xff, 0xb4, 0xa7, 0x87, 0xff, 
0xb4, 0xa7, 0x87, 0xff, 0xb4, 0xa7, 0x87, 0xff, 0xb4, 0xa7, 0x87, 0xff, 0xb2, 0xa5, 0x85, 0xff, 
0xb2, 0xa6, 0x86, 0xff, 0xb4, 0xa8, 0x87, 0xff, 0xb4, 0xa7, 0x87, 0xff, 0xb3, 0xa6, 0x86, 0xff, 
0xb3, 0xa6, 0x86, 0xff, 0xb4, 0xa8, 0x88, 0xff, 0xb2, 0xa6, 0x86, 0xff, 0xb1, 0xa4, 0x85, 0xff, 
0xb3, 0xa6, 0x86, 0xff, 0xb5, 0xa8, 0x88, 0xff, 0xb4, 0xa7, 0x87, 0xff, 0xb2, 0xa5, 0x85, 0xff, 
0xb1, 0xa5, 0x85, 0xff, 0xb4, 0xa7, 0x88, 0xff, 0xb4, 0xa7, 0x87, 0xff, 0xb3, 0xa6, 0x86, 0xff, 
0xb3, 0xa7, 0x86, 0xff, 0xb3, 0xa7, 0x87, 0xff, 0xb3, 0xa6, 0x87, 0xff, 0xb2, 0xa5, 0x87, 0xff, 
0xb1, 0xa5, 0x86, 0xff, 0xb0, 0xa5, 0x84, 0xff, 0xaf, 0xa4, 0x84, 0xff, 0xb0, 0xa4, 0x85, 0xff, 
0xb0, 0xa5, 0x85, 0xff, 0xb2, 0xa5, 0x86, 0xff, 0xaf, 0xa3, 0x86, 0xff, 0xae, 0xa3, 0x85, 0xff, 
0xaf, 0xa3, 0x85, 0xff, 0xb0, 0xa3, 0x84, 0xff, 0xb1, 0xa4, 0x85, 0xff, 0xb0, 0xa3, 0x84, 0xff, 
0xaf, 0xa1, 0x84, 0xff, 0xae, 0xa1, 0x83, 0xff, 0xaf, 0xa2, 0x82, 0xff, 0xae, 0xa1, 0x83, 0xff, 
0xaf, 0xa1, 0x83, 0xff, 0xaf, 0xa1, 0x84, 0xff, 0xac, 0xa0, 0x81, 0xff, 0xac, 0x9f, 0x81, 0xff, 
0xad, 0x9f, 0x82, 0xff, 0xad, 0xa0, 0x82, 0xff, 0xad, 0xa0, 0x82, 0xff, 0xaf, 0xa2, 0x82, 0xff, 
0xb1, 0xa4, 0x83, 0xff, 0xb3, 0xa6, 0x85, 0xff, 0xb4, 0xa7, 0x87, 0xff, 0xb3, 0xa6, 0x85, 0xff, 
0xb3, 0xa6, 0x85, 0xff, 0xb2, 0xa5, 0x85, 0xff, 0xb5, 0xa8, 0x87, 0xff, 0xb6, 0xa9, 0x89, 0xff, 
0xb6, 0xa9, 0x89, 0xff, 0xb3, 0xa7, 0x86, 0xff, 0xb6, 0xa8, 0x88, 0xff, 0xb7, 0xaa, 0x8a, 0xff, 
0xb6, 0xa9, 0x89, 0xff, 0xb5, 0xa8, 0x88, 0xff, 0xb8, 0xab, 0x8b, 0xff, 0xb7, 0xaa, 0x8a, 0xff, 
0xb6, 0xa9, 0x89, 0xff, 0xb7, 0xaa, 0x8a, 0xff, 0xb8, 0xaa, 0x89, 0xff, 0xb8, 0xaa, 0x8a, 0xff, 
0xb7, 0xaa, 0x8a, 0xff, 0xb8, 0xaa, 0x8a, 0xff, 0xb8, 0xaa, 0x8a, 0xff, 0xb8, 0xaa, 0x8a, 0xff, 
0xb8, 0xaa, 0x8a, 0xff, 0xb9, 0xaa, 0x8a, 0xff, 0xb9, 0xab, 0x8a, 0xff, 0xb9, 0xab, 0x8b, 0xff, 
0xb8, 0xab, 0x8a, 0xff, 0xba, 0xac, 0x8b, 0xff, 0xbd, 0xb0, 0x8e, 0xff, 0xbb, 0xae, 0x8d, 0xff, 
0xba, 0xad, 0x8d, 0xff, 0xbc, 0xaf, 0x8f, 0xff, 0xbc, 0xaf, 0x8e, 0xff, 0xbc, 0xaf, 0x8e, 0xff, 
0xbd, 0xb0, 0x90, 0xff, 0xbb, 0xaf, 0x8e, 0xff, 0xba, 0xad, 0x8d, 0xff, 0xb9, 0xad, 0x8d, 0xff, 
0xba, 0xaf, 0x8f, 0xff, 0xbb, 0xae, 0x8f, 0xff, 0xbb, 0xae, 0x8e, 0xff, 0xba, 0xad, 0x8d, 0xff, 
0xba, 0xae, 0x8e, 0xff, 0xba, 0xae, 0x8d, 0xff, 0xb9, 0xac, 0x8b, 0xff, 0xb8, 0xac, 0x8c, 0xff, 
0xb7, 0xab, 0x8b, 0xff, 0xb7, 0xab, 0x8b, 0xff, 0xb9, 0xac, 0x8b, 0xff, 0xb9, 0xac, 0x8b, 0xff, 
0xb7, 0xab, 0x8a, 0xff, 0xb6, 0xaa, 0x89, 0xff, 0xb6, 0xaa, 0x89, 0xff, 0xb6, 0xaa, 0x8a, 0xff, 
0xb7, 0xaa, 0x89, 0xff, 0xb6, 0xaa, 0x89, 0xff, 0xb6, 0xa9, 0x89, 0xff, 0xb6, 0xa9, 0x89, 0xff, 
0xb8, 0xaa, 0x8a, 0xff, 0xb7, 0xaa, 0x89, 0xff, 0xb6, 0xa9, 0x89, 0xff, 0xb6, 0xa9, 0x88, 0xff, 
0xb2, 0xa5, 0x85, 0xff, 0xb2, 0xa5, 0x85, 0xff, 0xb1, 0xa4, 0x84, 0xff, 0xb2, 0xa6, 0x86, 0xff, 
0xb5, 0xa8, 0x88, 0xff, 0xb4, 0xa7, 0x87, 0xff, 0xb3, 0xa6, 0x86, 0xff, 0xb8, 0xab, 0x8a, 0xff, 
0xb8, 0xab, 0x8b, 0xff, 0xb7, 0xaa, 0x89, 0xff, 0xb7, 0xaa, 0x88, 0xff, 0xb8, 0xab, 0x89, 0xff, 
0xb7, 0xaa, 0x88, 0xff, 0xb7, 0xaa, 0x89, 0xff, 0xbb, 0xae, 0x8c, 0xff, 0xbe, 0xb1, 0x8f, 0xff, 
0xbc, 0xaf, 0x8d, 0xff, 0xbb, 0xae, 0x8d, 0xff, 0xbd, 0xb0, 0x8d, 0xff, 0xbd, 0xb0, 0x8e, 0xff, 
0xbe, 0xb1, 0x8f, 0xff, 0xbe, 0xb1, 0x8e, 0xff, 0xbd, 0xb0, 0x8e, 0xff, 0xbe, 0xb1, 0x8e, 0xff, 
0xbf, 0xb2, 0x8f, 0xff, 0xbe, 0xb1, 0x8f, 0xff, 0xbd, 0xb1, 0x8e, 0xff, 0xbf, 0xb2, 0x90, 0xff, 
0xbf, 0xb2, 0x90, 0xff, 0xbd, 0xb0, 0x8e, 0xff, 0xbe, 0xb1, 0x8f, 0xff, 0xbe, 0xb1, 0x8f, 0xff, 
0xbe, 0xb1, 0x8f, 0xff, 0xc0, 0xb3, 0x91, 0xff, 0xc0, 0xb3, 0x91, 0xff, 0xbe, 0xb2, 0x8f, 0xff, 
0xbd, 0xb0, 0x8f, 0xff, 0xbf, 0xb2, 0x91, 0xff, 0xbf, 0xb2, 0x90, 0xff, 0xbf, 0xb2, 0x91, 0xff, 
0xbf, 0xb3, 0x91, 0xff, 0xc0, 0xb2, 0x90, 0xff, 0xbf, 0xb2, 0x90, 0xff, 0xbf, 0xb2, 0x90, 0xff, 
0xc0, 0xb3, 0x93, 0xff, 0xc1, 0xb4, 0x94, 0xff, 0xc1, 0xb4, 0x92, 0xff, 0xc0, 0xb3, 0x91, 0xff, 
0xc0, 0xb3, 0x91, 0xff, 0xc1, 0xb4, 0x92, 0xff, 0xc1, 0xb4, 0x92, 0xff, 0xc0, 0xb3, 0x91, 0xff, 
0xbf, 0xb2, 0x91, 0xff, 0xbf, 0xb2, 0x91, 0xff, 0xbf, 0xb2, 0x91, 0xff, 0xbf, 0xb2, 0x91, 0xff, 
0xbf, 0xb2, 0x91, 0xff, 0xbe, 0xb1, 0x90, 0xff, 0xbe, 0xb1, 0x90, 0xff, 0xbe, 0xb0, 0x8f, 0xff, 
0xbe, 0xb0, 0x8f, 0xff, 0xbd, 0xb0, 0x8f, 0xff, 0xbc, 0xaf, 0x8e, 0xff, 0xbb, 0xae, 0x8e, 0xff, 
0xba, 0xad, 0x8c, 0xff, 0xb9, 0xad, 0x8b, 0xff, 0xba, 0xad, 0x8c, 0xff, 0xba, 0xad, 0x8c, 0xff, 
0xb9, 0xac, 0x8b, 0xff, 0xb9, 0xac, 0x8c, 0xff, 0xb9, 0xad, 0x8c, 0xff, 0xba, 0xad, 0x8c, 0xff, 
0xb9, 0xac, 0x8c, 0xff, 0xb8, 0xac, 0x8b, 0xff, 0xb7, 0xab, 0x89, 0xff, 0xb6, 0xaa, 0x89, 0xff, 
0xb8, 0xab, 0x8b, 0xff, 0xba, 0xad, 0x8c, 0xff, 0xba, 0xad, 0x8b, 0xff, 0xba, 0xad, 0x8c, 0xff, 
0xba, 0xad, 0x8c, 0xff, 0xbd, 0xb0, 0x8f, 0xff, 0xbc, 0xaf, 0x8f, 0xff, 0xbc, 0xae, 0x8e, 0xff, 
0xbd, 0xaf, 0x8e, 0xff, 0xbd, 0xaf, 0x8d, 0xff, 0xbd, 0xb0, 0x8e, 0xff, 0xbd, 0xb0, 0x8d, 0xff, 
0xbd, 0xaf, 0x8e, 0xff, 0xbe, 0xb1, 0x8f, 0xff, 0xbe, 0xb1, 0x8f, 0xff, 0xbc, 0xaf, 0x8d, 0xff, 
0xbd, 0xb0, 0x8e, 0xff, 0xbd, 0xb0, 0x8f, 0xff, 0xbd, 0xaf, 0x8e, 0xff, 0xbc, 0xaf, 0x8d, 0xff, 
0xbc, 0xaf, 0x8d, 0xff, 0xbe, 0xb0, 0x8f, 0xff, 0xbe, 0xb1, 0x91, 0xff, 0xbd, 0xb0, 0x8f, 0xff, 
0xbb, 0xae, 0x8d, 0xff, 0xbc, 0xae, 0x8d, 0xff, 0xbc, 0xae, 0x8d, 0xff, 0xbc, 0xae, 0x8d, 0xff, 
0xbc, 0xaf, 0x8e, 0xff, 0xbc, 0xae, 0x8d, 0xff, 0xbb, 0xad, 0x8c, 0xff, 0xba, 0xac, 0x8b, 0xff, 
0xba, 0xad, 0x8c, 0xff, 0xba, 0xae, 0x8c, 0xff, 0xba, 0xae, 0x8d, 0xff, 0xb9, 0xac, 0x8b, 0xff, 
0xb9, 0xac, 0x8b, 0xff, 0xb9, 0xac, 0x8b, 0xff, 0xba, 0xad, 0x8c, 0xff, 0xb9, 0xac, 0x8c, 0xff, 
0xb9, 0xac, 0x8c, 0xff, 0xb7, 0xab, 0x8b, 0xff, 0xb7, 0xaa, 0x89, 0xff, 0xb7, 0xaa, 0x89, 0xff, 
0xb7, 0xaa, 0x8a, 0xff, 0xb7, 0xaa, 0x89, 0xff, 0xb7, 0xaa, 0x89, 0xff, 0xb6, 0xa9, 0x89, 0xff, 
0xb6, 0xa9, 0x89, 0xff, 0xb8, 0xab, 0x8b, 0xff, 0xb8, 0xaa, 0x89, 0xff, 0xb6, 0xa9, 0x88, 0xff, 
0xb5, 0xa8, 0x87, 0xff, 0xb5, 0xa8, 0x87, 0xff, 0xb7, 0xaa, 0x89, 0xff, 0xb8, 0xaa, 0x8a, 0xff, 
0xb7, 0xaa, 0x8a, 0xff, 0xb7, 0xaa, 0x89, 0xff, 0xb6, 0xa8, 0x86, 0xff, 0xb8, 0xab, 0x8a, 0xff, 
0xb9, 0xab, 0x8b, 0xff, 0xb8, 0xaa, 0x89, 0xff, 0xb7, 0xaa, 0x87, 0xff, 0xb7, 0xaa, 0x89, 0xff, 
0xb7, 0xaa, 0x89, 0xff, 0xb7, 0xaa, 0x88, 0xff, 0xb7, 0xaa, 0x89, 0xff, 0xb7, 0xa8, 0x88, 0xff, 
0xb7, 0xa9, 0x88, 0xff, 0xb7, 0xa9, 0x88, 0xff, 0xb8, 0xaa, 0x89, 0xff, 0xb7, 0xa9, 0x88, 0xff, 
0xb7, 0xa9, 0x89, 0xff, 0xb7, 0xa9, 0x88, 0xff, 0xb7, 0xa9, 0x88, 0xff, 0xb8, 0xa9, 0x89, 0xff, 
0xb7, 0xa9, 0x88, 0xff, 0xb6, 0xa8, 0x87, 0xff, 0xb6, 0xa8, 0x87, 0xff, 0xb7, 0xa8, 0x87, 0xff, 
0xb7, 0xa9, 0x88, 0xff, 0xb7, 0xaa, 0x89, 0xff, 0xb7, 0xa9, 0x88, 0xff, 0xb5, 0xa7, 0x86, 0xff, 
0xb6, 0xa8, 0x87, 0xff, 0xb7, 0xa8, 0x88, 0xff, 0xb7, 0xa9, 0x89, 0xff, 0xb6, 0xa8, 0x89, 0xff, 
0xb6, 0xa9, 0x89, 0xff, 0xb5, 0xa8, 0x87, 0xff, 0xb5, 0xa8, 0x87, 0xff, 0xb4, 0xa7, 0x86, 0xff, 
0xb4, 0xa7, 0x87, 0xff, 0xb4, 0xa7, 0x87, 0xff, 0xb3, 0xa6, 0x86, 0xff, 0xb2, 0xa6, 0x85, 0xff, 
0xb3, 0xa7, 0x87, 0xff, 0xb3, 0xa7, 0x87, 0xff, 0xb3, 0xa6, 0x86, 0xff, 0xb5, 0xa8, 0x89, 0xff, 
0xb5, 0xa8, 0x88, 0xff, 0xb3, 0xa7, 0x86, 0xff, 0xb4, 0xa7, 0x87, 0xff, 0xb3, 0xa6, 0x86, 0xff, 
0xb3, 0xa6, 0x87, 0xff, 0xb4, 0xa8, 0x88, 0xff, 0xb3, 0xa5, 0x86, 0xff, 0xb2, 0xa4, 0x85, 0xff, 
0xb2, 0xa4, 0x86, 0xff, 0xb2, 0xa5, 0x86, 0xff, 0xb3, 0xa5, 0x86, 0xff, 0xb3, 0xa5, 0x86, 0xff, 
0xb1, 0xa4, 0x85, 0xff, 0xb1, 0xa4, 0x84, 0xff, 0xb0, 0xa3, 0x84, 0xff, 0xb1, 0xa4, 0x84, 0xff, 
0xb2, 0xa4, 0x85, 0xff, 0xb3, 0xa5, 0x86, 0xff, 0xb4, 0xa7, 0x87, 0xff, 0xb4, 0xa7, 0x88, 0xff, 
0xb5, 0xa8, 0x87, 0xff, 0xb5, 0xa7, 0x86, 0xff, 0xb8, 0xa9, 0x88, 0xff, 0xb9, 0xab, 0x8a, 0xff, 
0xb8, 0xaa, 0x88, 0xff, 0xb6, 0xa7, 0x86, 0xff, 0xb7, 0xa8, 0x87, 0xff, 0xb8, 0xa8, 0x87, 0xff, 
0xb8, 0xa9, 0x88, 0xff, 0xba, 0xab, 0x8a, 0xff, 0xbd, 0xae, 0x8c, 0xff, 0xbb, 0xac, 0x8a, 0xff, 
0xb8, 0xa9, 0x88, 0xff, 0xbb, 0xac, 0x8a, 0xff, 0xbb, 0xab, 0x8a, 0xff, 0xbb, 0xac, 0x8b, 0xff, 
0xbb, 0xac, 0x8a, 0xff, 0xbc, 0xad, 0x8b, 0xff, 0xbb, 0xac, 0x8a, 0xff, 0xbb, 0xac, 0x8a, 0xff, 
0xbb, 0xac, 0x8b, 0xff, 0xbb, 0xac, 0x8b, 0xff, 0xbc, 0xad, 0x8b, 0xff, 0xbc, 0xad, 0x8b, 0xff, 
0xbb, 0xac, 0x8a, 0xff, 0xbc, 0xad, 0x8c, 0xff, 0xbe, 0xaf, 0x8d, 0xff, 0xbe, 0xaf, 0x8e, 0xff, 
0xbc, 0xad, 0x8c, 0xff, 0xbc, 0xae, 0x8c, 0xff, 0xbb, 0xad, 0x8b, 0xff, 0xbc, 0xad, 0x8c, 0xff, 
0xbd, 0xae, 0x8e, 0xff, 0xbd, 0xae, 0x8e, 0xff, 0xbe, 0xae, 0x8d, 0xff, 0xbb, 0xad, 0x8b, 0xff, 
0xbc, 0xae, 0x8c, 0xff, 0xbd, 0xae, 0x8d, 0xff, 0xbc, 0xad, 0x8c, 0xff, 0xbb, 0xad, 0x8c, 0xff, 
0xbc, 0xae, 0x8d, 0xff, 0xbc, 0xae, 0x8c, 0xff, 0xbb, 0xac, 0x8b, 0xff, 0xbc, 0xad, 0x8c, 0xff, 
0xbc, 0xae, 0x8c, 0xff, 0xbc, 0xae, 0x8c, 0xff, 0xbb, 0xad, 0x8b, 0xff, 0xb9, 0xab, 0x8a, 0xff, 
0xba, 0xac, 0x89, 0xff, 0xbb, 0xad, 0x8b, 0xff, 0xb9, 0xac, 0x8b, 0xff, 0xb8, 0xaa, 0x8a, 0xff, 
0xb7, 0xaa, 0x8a, 0xff, 0xb7, 0xaa, 0x8a, 0xff, 0xb6, 0xa9, 0x89, 0xff, 0xb6, 0xa9, 0x89, 0xff, 
0xb5, 0xa9, 0x89, 0xff, 0xb5, 0xa8, 0x88, 0xff, 0xb4, 0xa7, 0x87, 0xff, 0xb3, 0xa6, 0x86, 0xff, 
0xb4, 0xa7, 0x87, 0xff, 0xb2, 0xa6, 0x86, 0xff, 0xb2, 0xa5, 0x85, 0xff, 0xb3, 0xa6, 0x87, 0xff, 
0xb3, 0xa7, 0x87, 0xff, 0xb3, 0xa7, 0x87, 0xff, 0xb4, 0xa8, 0x88, 0xff, 0xb3, 0xa7, 0x87, 0xff, 
0xb5, 0xa8, 0x88, 0xff, 0xb6, 0xa9, 0x89, 0xff, 0xb7, 0xaa, 0x89, 0xff, 0xb8, 0xaa, 0x89, 0xff, 
0xba, 0xac, 0x8a, 0xff, 0xba, 0xad, 0x8b, 0xff, 0xb9, 0xac, 0x8a, 0xff, 0xbc, 0xae, 0x8c, 0xff, 
0xbc, 0xaf, 0x8d, 0xff, 0xbd, 0xaf, 0x8d, 0xff, 0xbe, 0xb0, 0x8e, 0xff, 0xbe, 0xb0, 0x8e, 0xff, 
0xbf, 0xb2, 0x90, 0xff, 0xbe, 0xb0, 0x8e, 0xff, 0xbe, 0xb0, 0x8e, 0xff, 0xbf, 0xb0, 0x8f, 0xff, 
0xbf, 0xb1, 0x90, 0xff, 0xbf, 0xb2, 0x90, 0xff, 0xbf, 0xb1, 0x8e, 0xff, 0xbf, 0xb2, 0x90, 0xff, 
0xbf, 0xb1, 0x8f, 0xff, 0xbe, 0xb0, 0x8e, 0xff, 0xc0, 0xb1, 0x90, 0xff, 0xbf, 0xb1, 0x8f, 0xff, 
0xbf, 0xb2, 0x90, 0xff, 0xc0, 0xb2, 0x90, 0xff, 0xbf, 0xb1, 0x8f, 0xff, 0xc1, 0xb3, 0x91, 0xff, 
0xc0, 0xb3, 0x90, 0xff, 0xc0, 0xb3, 0x91, 0xff, 0xc0, 0xb3, 0x91, 0xff, 0xc0, 0xb3, 0x90, 0xff, 
0xc1, 0xb3, 0x91, 0xff, 0xc2, 0xb5, 0x92, 0xff, 0xc0, 0xb3, 0x91, 0xff, 0xc1, 0xb4, 0x91, 0xff, 
0xc3, 0xb5, 0x94, 0xff, 0xc1, 0xb4, 0x92, 0xff, 0xc1, 0xb4, 0x91, 0xff, 0xc2, 0xb5, 0x93, 0xff, 
0xc0, 0xb4, 0x92, 0xff, 0xc1, 0xb4, 0x92, 0xff, 0xc0, 0xb2, 0x90, 0xff, 0xc1, 0xb1, 0x90, 0xff, 
0xc1, 0xb2, 0x91, 0xff, 0xc2, 0xb2, 0x92, 0xff, 0xc0, 0xb1, 0x90, 0xff, 0xc0, 0xb0, 0x8f, 0xff, 
0xbf, 0xaf, 0x8e, 0xff, 0xbf, 0xaf, 0x8e, 0xff, 0xbf, 0xb0, 0x8f, 0xff, 0xbe, 0xae, 0x8d, 0xff, 
0xbc, 0xad, 0x8c, 0xff, 0xbc, 0xad, 0x8c, 0xff, 0xbb, 0xac, 0x8a, 0xff, 0xbb, 0xac, 0x8b, 0xff, 
0xbc, 0xac, 0x8b, 0xff, 0xbb, 0xac, 0x8a, 0xff, 0xb9, 0xab, 0x8b, 0xff, 0xb9, 0xab, 0x89, 0xff, 
0xb8, 0xaa, 0x88, 0xff, 0xb8, 0xaa, 0x89, 0xff, 0xb8, 0xaa, 0x88, 0xff, 0xb9, 0xaa, 0x89, 0xff, 
0xb8, 0xaa, 0x89, 0xff, 0xb7, 0xa9, 0x88, 0xff, 0xb7, 0xa9, 0x87, 0xff, 0xb9, 0xaa, 0x88, 0xff, 
0xb7, 0xa8, 0x87, 0xff, 0xb7, 0xa8, 0x87, 0xff, 0xb9, 0xa9, 0x88, 0xff, 0xb9, 0xaa, 0x88, 0xff, 
0xb9, 0xaa, 0x89, 0xff, 0xbb, 0xac, 0x8a, 0xff, 0xba, 0xab, 0x89, 0xff, 0xbc, 0xac, 0x8b, 0xff, 
0xbd, 0xad, 0x8c, 0xff, 0xbe, 0xb0, 0x8d, 0xff, 0xbe, 0xb0, 0x8d, 0xff, 0xbe, 0xaf, 0x8c, 0xff, 
0xbd, 0xaf, 0x8c, 0xff, 0xc0, 0xb1, 0x8f, 0xff, 0xc0, 0xb2, 0x8f, 0xff, 0xbd, 0xb0, 0x8c, 0xff, 
0xbf, 0xb1, 0x8e, 0xff, 0xbf, 0xb2, 0x8f, 0xff, 0xbf, 0xb1, 0x8e, 0xff, 0xbf, 0xb1, 0x8e, 0xff, 
0xbf, 0xb0, 0x8d, 0xff, 0xc0, 0xb2, 0x8f, 0xff, 0xc1, 0xb3, 0x90, 0xff, 0xc0, 0xb2, 0x8f, 0xff, 
0xbf, 0xb1, 0x8f, 0xff, 0xbf, 0xb1, 0x8e, 0xff, 0xbe, 0xb0, 0x8d, 0xff, 0xbe, 0xb0, 0x8e, 0xff, 
0xbd, 0xaf, 0x8c, 0xff, 0xbd, 0xaf, 0x8d, 0xff, 0xbe, 0xaf, 0x8e, 0xff, 0xbd, 0xae, 0x8d, 0xff, 
0xbe, 0xaf, 0x8d, 0xff, 0xbe, 0xb0, 0x8e, 0xff, 0xbe, 0xb0, 0x8e, 0xff, 0xbe, 0xb0, 0x8e, 0xff, 
0xbf, 0xb0, 0x8e, 0xff, 0xbf, 0xaf, 0x8e, 0xff, 0xbe, 0xb0, 0x8e, 0xff, 0xbe, 0xaf, 0x8d, 0xff, 
0xbb, 0xad, 0x8c, 0xff, 0xbd, 0xae, 0x8d, 0xff, 0xbe, 0xaf, 0x8d, 0xff, 0xbd, 0xae, 0x8d, 0xff, 
0xbd, 0xae, 0x8d, 0xff, 0xbc, 0xad, 0x8c, 0xff, 0xbb, 0xad, 0x8b, 0xff, 0xbb, 0xad, 0x8c, 0xff, 
0xbb, 0xad, 0x8b, 0xff, 0xbc, 0xad, 0x8c, 0xff, 0xbc, 0xad, 0x8b, 0xff, 0xbb, 0xac, 0x8b, 0xff, 
0xba, 0xab, 0x8a, 0xff, 0xba, 0xab, 0x89, 0xff, 0xb9, 0xab, 0x8a, 0xff, 0xba, 0xab, 0x8a, 0xff, 
0xbb, 0xac, 0x8b, 0xff, 0xba, 0xab, 0x8a, 0xff, 0xb8, 0xa9, 0x88, 0xff, 0xb8, 0xa9, 0x88, 0xff, 
0xb9, 0xaa, 0x89, 0xff, 0xb9, 0xaa, 0x88, 0xff, 0xba, 0xab, 0x89, 0xff, 0xb9, 0xaa, 0x89, 0xff, 
0xb8, 0xa9, 0x88, 0xff, 0xba, 0xab, 0x8a, 0xff, 0xb9, 0xaa, 0x89, 0xff, 0xb9, 0xa9, 0x88, 0xff, 
0xb9, 0xaa, 0x89, 0xff, 0xb9, 0xaa, 0x88, 0xff, 0xba, 0xaa, 0x89, 0xff, 0xba, 0xaa, 0x89, 0xff, 
0xba, 0xab, 0x89, 0xff, 0xbb, 0xac, 0x8a, 0xff, 0xba, 0xab, 0x89, 0xff, 0xba, 0xab, 0x89, 0xff, 
0xba, 0xab, 0x89, 0xff, 0xb9, 0xaa, 0x88, 0xff, 0xba, 0xab, 0x89, 0xff, 0xba, 0xaa, 0x89, 0xff, 
0xba, 0xab, 0x8a, 0xff, 0xb9, 0xaa, 0x89, 0xff, 0xb9, 0xaa, 0x89, 0xff, 0xb9, 0xaa, 0x89, 0xff, 
0xb8, 0xa9, 0x88, 0xff, 0xba, 0xab, 0x8a, 0xff, 0xb8, 0xa9, 0x89, 0xff, 0xb8, 0xa8, 0x88, 0xff, 
0xb8, 0xa9, 0x8a, 0xff, 0xb9, 0xa9, 0x8a, 0xff, 0xb9, 0xaa, 0x8b, 0xff, 0xb8, 0xaa, 0x8a, 0xff, 
0xb7, 0xa9, 0x8a, 0xff, 0xb8, 0xaa, 0x8b, 0xff, 0xb7, 0xa9, 0x89, 0xff, 0xb6, 0xa8, 0x88, 0xff, 
0xb7, 0xa9, 0x89, 0xff, 0xb8, 0xa9, 0x8b, 0xff, 0xb8, 0xa9, 0x8a, 0xff, 0xb9, 0xaa, 0x8a, 0xff, 
0xb8, 0xa9, 0x8a, 0xff, 0xb8, 0xa9, 0x8a, 0xff, 0xb9, 0xa9, 0x8a, 0xff, 0xb8, 0xa9, 0x8a, 0xff, 
0xb8, 0xa9, 0x89, 0xff, 0xb8, 0xa8, 0x89, 0xff, 0xb7, 0xa7, 0x88, 0xff, 0xb7, 0xa7, 0x87, 0xff, 
0xb6, 0xa6, 0x87, 0xff, 0xb6, 0xa6, 0x87, 0xff, 0xb7, 0xa7, 0x88, 0xff, 0xb7, 0xa6, 0x87, 0xff, 
0xb5, 0xa6, 0x86, 0xff, 0xb4, 0xa5, 0x85, 0xff, 0xb4, 0xa4, 0x84, 0xff, 0xb4, 0xa4, 0x85, 0xff, 
0xb4, 0xa4, 0x85, 0xff, 0xb4, 0xa4, 0x85, 0xff, 0xb6, 0xa5, 0x85, 0xff, 0xb6, 0xa6, 0x86, 0xff, 
0xb7, 0xa6, 0x86, 0xff, 0xb8, 0xa8, 0x87, 0xff, 0xb6, 0xa5, 0x84, 0xff, 0xb4, 0xa4, 0x83, 0xff, 
0xb5, 0xa4, 0x84, 0xff, 0xb6, 0xa5, 0x84, 0xff, 0xb6, 0xa6, 0x84, 0xff, 0xb6, 0xa6, 0x85, 0xff, 
0xb8, 0xa7, 0x86, 0xff, 0xb8, 0xa7, 0x86, 0xff, 0xb7, 0xa7, 0x86, 0xff, 0xb8, 0xa8, 0x86, 0xff, 
0xb8, 0xa8, 0x86, 0xff, 0xb9, 0xa9, 0x88, 0xff, 0xb8, 0xa9, 0x87, 0xff, 0xb9, 0xa9, 0x87, 0xff, 
0xba, 0xaa, 0x88, 0xff, 0xba, 0xaa, 0x88, 0xff, 0xba, 0xab, 0x89, 0xff, 0xba, 0xab, 0x8a, 0xff, 
0xbb, 0xac, 0x8a, 0xff, 0xbb, 0xac, 0x8a, 0xff, 0xbc, 0xad, 0x8a, 0xff, 0xbc, 0xad, 0x8a, 0xff, 
0xbd, 0xad, 0x8b, 0xff, 0xbe, 0xae, 0x8d, 0xff, 0xbd, 0xae, 0x8d, 0xff, 0xbb, 0xac, 0x8b, 0xff, 
0xbc, 0xad, 0x8c, 0xff, 0xbc, 0xad, 0x8b, 0xff, 0xbc, 0xad, 0x8b, 0xff, 0xbb, 0xac, 0x8b, 0xff, 
0xbb, 0xac, 0x8a, 0xff, 0xbb, 0xac, 0x8b, 0xff, 0xba, 0xab, 0x89, 0xff, 0xba, 0xab, 0x8a, 0xff, 
0xba, 0xab, 0x8a, 0xff, 0xb9, 0xaa, 0x8a, 0xff, 0xb8, 0xa9, 0x88, 0xff, 0xb9, 0xaa, 0x89, 0xff, 
0xb9, 0xaa, 0x89, 0xff, 0xb9, 0xa9, 0x89, 0xff, 0xba, 0xaa, 0x8a, 0xff, 0xb9, 0xaa, 0x89, 0xff, 
0xb9, 0xaa, 0x8a, 0xff, 0xb9, 0xaa, 0x8a, 0xff, 0xb9, 0xa9, 0x89, 0xff, 0xb8, 0xa9, 0x89, 0xff, 
0xb9, 0xaa, 0x8a, 0xff, 0xba, 0xaa, 0x8a, 0xff, 0xba, 0xab, 0x8a, 0xff, 0xb8, 0xa9, 0x88, 0xff, 
0xb8, 0xa9, 0x8a, 0xff, 0xb7, 0xa9, 0x8a, 0xff, 0xb7, 0xa9, 0x89, 0xff, 0xb6, 0xa8, 0x89, 0xff, 
0xb5, 0xa8, 0x88, 0xff, 0xb4, 0xa7, 0x87, 0xff, 0xb4, 0xa7, 0x87, 0xff, 0xb4, 0xa7, 0x87, 0xff, 
0xb1, 0xa2, 0x84, 0xff, 0xb3, 0xa3, 0x85, 0xff, 0xb5, 0xa5, 0x86, 0xff, 0xb4, 0xa5, 0x85, 0xff, 
0xb3, 0xa5, 0x85, 0xff, 0xb4, 0xa6, 0x86, 0xff, 0xb5, 0xa6, 0x86, 0xff, 0xb3, 0xa5, 0x85, 0xff, 
0xb3, 0xa5, 0x86, 0xff, 0xb3, 0xa5, 0x85, 0xff, 0xb4, 0xa5, 0x86, 0xff, 0xb5, 0xa6, 0x86, 0xff, 
0xb7, 0xa8, 0x88, 0xff, 0xb7, 0xa8, 0x88, 0xff, 0xb7, 0xa8, 0x87, 0xff, 0xb8, 0xa9, 0x88, 0xff, 
0xb8, 0xa9, 0x88, 0xff, 0xb9, 0xaa, 0x89, 0xff, 0xba, 0xab, 0x8a, 0xff, 0xba, 0xab, 0x8a, 0xff, 
0xbb, 0xac, 0x8b, 0xff, 0xbc, 0xad, 0x8c, 0xff, 0xbc, 0xad, 0x8c, 0xff, 0xbc, 0xac, 0x8c, 0xff, 
0xbb, 0xac, 0x8b, 0xff, 0xbd, 0xaf, 0x8d, 0xff, 0xbf, 0xb0, 0x8e, 0xff, 0xbe, 0xb0, 0x8d, 0xff, 
0xbd, 0xae, 0x8d, 0xff, 0xbe, 0xae, 0x8e, 0xff, 0xbf, 0xb0, 0x8f, 0xff, 0xc1, 0xb2, 0x91, 0xff, 
0xbf, 0xb0, 0x8f, 0xff, 0xbd, 0xae, 0x8d, 0xff, 0xbd, 0xad, 0x8d, 0xff, 0xc0, 0xb1, 0x90, 0xff, 
0xc0, 0xb1, 0x90, 0xff, 0xc1, 0xb2, 0x91, 0xff, 0xc1, 0xb2, 0x91, 0xff, 0xbf, 0xb0, 0x8f, 0xff, 
0xbd, 0xae, 0x8d, 0xff, 0xbe, 0xaf, 0x8e, 0xff, 0xbe, 0xaf, 0x8e, 0xff, 0xbe, 0xb0, 0x8f, 0xff, 
0xbe, 0xaf, 0x8e, 0xff, 0xbe, 0xae, 0x8e, 0xff, 0xbd, 0xae, 0x8d, 0xff, 0xbc, 0xad, 0x8c, 0xff, 
0xbc, 0xad, 0x8c, 0xff, 0xbc, 0xad, 0x8c, 0xff, 0xbc, 0xac, 0x8c, 0xff, 0xbc, 0xac, 0x8b, 0xff, 
0xbc, 0xac, 0x8b, 0xff, 0xbb, 0xac, 0x8b, 0xff, 0xbb, 0xab, 0x8a, 0xff, 0xbb, 0xab, 0x8a, 0xff, 
0xba, 0xaa, 0x89, 0xff, 0xba, 0xab, 0x8a, 0xff, 0xb9, 0xaa, 0x89, 0xff, 0xb8, 0xa9, 0x88, 0xff, 
0xb8, 0xa8, 0x88, 0xff, 0xb7, 0xa7, 0x86, 0xff, 0xb7, 0xa7, 0x86, 0xff, 0xb6, 0xa6, 0x85, 0xff, 
0xb7, 0xa7, 0x86, 0xff, 0xb8, 0xa7, 0x87, 0xff, 0xb8, 0xa7, 0x87, 0xff, 0xb7, 0xa7, 0x86, 0xff, 
0xb9, 0xa9, 0x88, 0xff, 0xb6, 0xa6, 0x85, 0xff, 0xb4, 0xa5, 0x84, 0xff, 0xb5, 0xa5, 0x84, 0xff, 
0xb4, 0xa4, 0x83, 0xff, 0xb5, 0xa5, 0x84, 0xff, 0xb6, 0xa6, 0x85, 0xff, 0xb8, 0xa8, 0x87, 0xff, 
0xb6, 0xa6, 0x85, 0xff, 0xb4, 0xa5, 0x84, 0xff, 0xb5, 0xa5, 0x84, 0xff, 0xb6, 0xa6, 0x85, 0xff, 
0xb8, 0xa8, 0x87, 0xff, 0xb8, 0xa8, 0x87, 0xff, 0xb9, 0xa9, 0x87, 0xff, 0xb9, 0xa9, 0x88, 0xff, 
0xbb, 0xab, 0x8a, 0xff, 0xbc, 0xac, 0x8b, 0xff, 0xbc, 0xac, 0x8b, 0xff, 0xbc, 0xab, 0x89, 0xff, 
0xbd, 0xad, 0x8b, 0xff, 0xbd, 0xad, 0x8b, 0xff, 0xbe, 0xad, 0x8c, 0xff, 0xbf, 0xaf, 0x8d, 0xff, 
0xbe, 0xae, 0x8c, 0xff, 0xc0, 0xaf, 0x8d, 0xff, 0xbf, 0xaf, 0x8d, 0xff, 0xc2, 0xb2, 0x90, 0xff, 
0xc2, 0xb2, 0x90, 0xff, 0xc1, 0xb2, 0x90, 0xff, 0xc1, 0xb3, 0x90, 0xff, 0xc1, 0xb1, 0x8f, 0xff, 
0xc3, 0xb3, 0x91, 0xff, 0xc2, 0xb2, 0x90, 0xff, 0xc2, 0xb3, 0x91, 0xff, 0xc2, 0xb3, 0x90, 0xff, 
0xc0, 0xb1, 0x8f, 0xff, 0xbf, 0xb0, 0x8e, 0xff, 0xc0, 0xb1, 0x90, 0xff, 0xc0, 0xb1, 0x8f, 0xff, 
0xc1, 0xb2, 0x90, 0xff, 0xc1, 0xb2, 0x91, 0xff, 0xbf, 0xaf, 0x8e, 0xff, 0xc0, 0xb0, 0x8f, 0xff, 
0xc1, 0xb0, 0x8f, 0xff, 0xc0, 0xb0, 0x8f, 0xff, 0xbf, 0xaf, 0x8e, 0xff, 0xbe, 0xae, 0x8d, 0xff, 
0xbf, 0xaf, 0x8e, 0xff, 0xbf, 0xaf, 0x8e, 0xff, 0xbf, 0xaf, 0x8f, 0xff, 0xc0, 0xb0, 0x8f, 0xff, 
0xc0, 0xb0, 0x8f, 0xff, 0xbf, 0xaf, 0x8e, 0xff, 0xbf, 0xaf, 0x8e, 0xff, 0xbe, 0xae, 0x8d, 0xff, 
0xbe, 0xae, 0x8d, 0xff, 0xba, 0xab, 0x8b, 0xff, 0xba, 0xaa, 0x89, 0xff, 0xbb, 0xab, 0x8a, 0xff, 
0xbb, 0xab, 0x8a, 0xff, 0xbb, 0xab, 0x8a, 0xff, 0xba, 0xaa, 0x89, 0xff, 0xb9, 0xaa, 0x89, 0xff, 
0xb9, 0xa9, 0x88, 0xff, 0xb9, 0xaa, 0x89, 0xff, 0xb7, 0xa8, 0x87, 0xff, 0xb7, 0xa8, 0x87, 0xff, 
0xb6, 0xa7, 0x87, 0xff, 0xb8, 0xa8, 0x87, 0xff, 0xb9, 0xa8, 0x88, 0xff, 0xb9, 0xa9, 0x88, 0xff, 
0xba, 0xa9, 0x88, 0xff, 0xbb, 0xab, 0x8a, 0xff, 0xbb, 0xab, 0x89, 0xff, 0xba, 0xaa, 0x89, 0xff, 
0xb9, 0xa9, 0x88, 0xff, 0xb8, 0xa8, 0x87, 0xff, 0xb8, 0xa9, 0x88, 0xff, 0xb8, 0xa8, 0x87, 0xff, 
0xb9, 0xa9, 0x88, 0xff, 0xb9, 0xaa, 0x89, 0xff, 0xb9, 0xaa, 0x87, 0xff, 0xb9, 0xa9, 0x88, 0xff, 
0xba, 0xaa, 0x89, 0xff, 0xbc, 0xac, 0x8a, 0xff, 0xbb, 0xac, 0x89, 0xff, 0xba, 0xab, 0x8a, 0xff, 
0xbb, 0xac, 0x8a, 0xff, 0xba, 0xaa, 0x89, 0xff, 0xba, 0xaa, 0x89, 0xff, 0xbb, 0xab, 0x8b, 0xff, 
0xbb, 0xab, 0x8a, 0xff, 0xbe, 0xaf, 0x8e, 0xff, 0xbb, 0xac, 0x8c, 0xff, 0xb8, 0xa8, 0x87, 0xff, 
0xb9, 0xa9, 0x88, 0xff, 0xbd, 0xac, 0x8c, 0xff, 0xbc, 0xab, 0x8b, 0xff, 0xbb, 0xaa, 0x89, 0xff, 
0xbd, 0xac, 0x8b, 0xff, 0xbd, 0xac, 0x8c, 0xff, 0xbb, 0xaa, 0x8a, 0xff, 0xb8, 0xa8, 0x87, 0xff, 
0xb8, 0xa8, 0x87, 0xff, 0xba, 0xaa, 0x8a, 0xff, 0xba, 0xaa, 0x8a, 0xff, 0xb9, 0xa8, 0x88, 0xff, 
0xb7, 0xa7, 0x87, 0xff, 0xb9, 0xa9, 0x88, 0xff, 0xb8, 0xa7, 0x87, 0xff, 0xb8, 0xa8, 0x87, 0xff, 
0xb7, 0xa7, 0x86, 0xff, 0xb6, 0xa5, 0x85, 0xff, 0xb7, 0xa6, 0x86, 0xff, 0xb7, 0xa7, 0x86, 0xff, 
0xb7, 0xa6, 0x85, 0xff, 0xb6, 0xa7, 0x86, 0xff, 0xb7, 0xa6, 0x85, 0xff, 0xb9, 0xa6, 0x86, 0xff, 
0xb9, 0xa7, 0x86, 0xff, 0xb8, 0xa7, 0x86, 0xff, 0xb7, 0xa6, 0x85, 0xff, 0xb6, 0xa4, 0x84, 0xff, 
0xb6, 0xa5, 0x84, 0xff, 0xb8, 0xa6, 0x85, 0xff, 0xb8, 0xa5, 0x85, 0xff, 0xb9, 0xa6, 0x86, 0xff, 
0xb9, 0xa7, 0x87, 0xff, 0xbb, 0xa8, 0x87, 0xff, 0xbc, 0xa9, 0x88, 0xff, 0xb9, 0xa7, 0x86, 0xff, 
0xb7, 0xa5, 0x85, 0xff, 0xb8, 0xa5, 0x85, 0xff, 0xb7, 0xa5, 0x85, 0xff, 0xb5, 0xa5, 0x84, 0xff, 
0xb6, 0xa5, 0x84, 0xff, 0xb7, 0xa6, 0x85, 0xff, 0xb7, 0xa6, 0x85, 0xff, 0xb9, 0xa6, 0x86, 0xff, 
0xb8, 0xa7, 0x87, 0xff, 0xb7, 0xa7, 0x87, 0xff, 0xb7, 0xa6, 0x86, 0xff, 0xb7, 0xa6, 0x86, 0xff, 
0xb7, 0xa6, 0x85, 0xff, 0xb9, 0xa7, 0x87, 0xff, 0xb9, 0xa7, 0x87, 0xff, 0xb9, 0xa7, 0x87, 0xff, 
0xb8, 0xa6, 0x86, 0xff, 0xba, 0xa8, 0x87, 0xff, 0xbb, 0xa9, 0x88, 0xff, 0xbb, 0xa9, 0x88, 0xff, 
0xba, 0xa8, 0x87, 0xff, 0xbb, 0xab, 0x8a, 0xff, 0xba, 0xaa, 0x8a, 0xff, 0xb7, 0xa6, 0x86, 0xff, 
0xb7, 0xa6, 0x85, 0xff, 0xb9, 0xa7, 0x87, 0xff, 0xba, 0xa8, 0x88, 0xff, 0xb8, 0xa7, 0x86, 0xff, 
0xb6, 0xa5, 0x85, 0xff, 0xb5, 0xa5, 0x84, 0xff, 0xb7, 0xa6, 0x86, 0xff, 0xb7, 0xa7, 0x86, 0xff, 
0xb6, 0xa6, 0x85, 0xff, 0xb6, 0xa6, 0x85, 0xff, 0xb6, 0xa6, 0x85, 0xff, 0xb6, 0xa5, 0x85, 0xff, 
0xb4, 0xa4, 0x84, 0xff, 0xb4, 0xa4, 0x84, 0xff, 0xb5, 0xa5, 0x85, 0xff, 0xb3, 0xa4, 0x84, 0xff, 
0xb2, 0xa3, 0x82, 0xff, 0xb4, 0xa4, 0x84, 0xff, 0xb4, 0xa5, 0x85, 0xff, 0xb3, 0xa5, 0x84, 0xff, 
0xb4, 0xa5, 0x86, 0xff, 0xb2, 0xa3, 0x83, 0xff, 0xb3, 0xa3, 0x83, 0xff, 0xb4, 0xa4, 0x84, 0xff, 
0xb3, 0xa4, 0x85, 0xff, 0xb3, 0xa4, 0x85, 0xff, 0xb3, 0xa4, 0x85, 0xff, 0xb3, 0xa3, 0x85, 0xff, 
0xb3, 0xa3, 0x84, 0xff, 0xb3, 0xa4, 0x85, 0xff, 0xb2, 0xa4, 0x85, 0xff, 0xb1, 0xa3, 0x84, 0xff, 
0xb3, 0xa3, 0x84, 0xff, 0xb4, 0xa4, 0x84, 0xff, 0xb5, 0xa5, 0x84, 0xff, 0xb4, 0xa4, 0x83, 0xff, 
0xb6, 0xa6, 0x84, 0xff, 0xb8, 0xa7, 0x86, 0xff, 0xba, 0xaa, 0x88, 0xff, 0xb9, 0xa9, 0x88, 0xff, 
0xb5, 0xa6, 0x85, 0xff, 0xb5, 0xa6, 0x85, 0xff, 0xb5, 0xa6, 0x85, 0xff, 0xb5, 0xa6, 0x84, 0xff, 
0xb6, 0xa7, 0x86, 0xff, 0xb6, 0xa7, 0x87, 0xff, 0xb5, 0xa5, 0x84, 0xff, 0xb7, 0xa7, 0x86, 0xff, 
0xb9, 0xa9, 0x88, 0xff, 0xb8, 0xa9, 0x87, 0xff, 0xb6, 0xa6, 0x85, 0xff, 0xb7, 0xa8, 0x87, 0xff, 
0xb8, 0xa8, 0x87, 0xff, 0xb8, 0xa8, 0x88, 0xff, 0xb9, 0xa9, 0x88, 0xff, 0xb8, 0xa8, 0x87, 0xff, 
0xb8, 0xa9, 0x87, 0xff, 0xb8, 0xa9, 0x88, 0xff, 0xba, 0xab, 0x89, 0xff, 0xba, 0xaa, 0x89, 0xff, 
0xba, 0xaa, 0x89, 0xff, 0xba, 0xaa, 0x8a, 0xff, 0xba, 0xaa, 0x8a, 0xff, 0xbc, 0xad, 0x8c, 0xff, 
0xbb, 0xab, 0x8b, 0xff, 0xb9, 0xa9, 0x89, 0xff, 0xbb, 0xac, 0x8b, 0xff, 0xbe, 0xae, 0x8d, 0xff, 
0xbc, 0xac, 0x8b, 0xff, 0xbe, 0xad, 0x8d, 0xff, 0xbf, 0xae, 0x8e, 0xff, 0xbe, 0xae, 0x8d, 0xff, 
0xbd, 0xae, 0x8c, 0xff, 0xbb, 0xab, 0x8a, 0xff, 0xba, 0xab, 0x89, 0xff, 0xba, 0xaa, 0x8a, 0xff, 
0xbb, 0xab, 0x8a, 0xff, 0xbb, 0xab, 0x8a, 0xff, 0xba, 0xab, 0x8a, 0xff, 0xb8, 0xa8, 0x87, 0xff, 
0xb9, 0xa9, 0x89, 0xff, 0xb9, 0xa9, 0x88, 0xff, 0xb9, 0xaa, 0x88, 0xff, 0xb9, 0xa9, 0x88, 0xff, 
0xb6, 0xa7, 0x86, 0xff, 0xb8, 0xa7, 0x87, 0xff, 0xb9, 0xa8, 0x88, 0xff, 0xb8, 0xa8, 0x87, 0xff, 
0xb7, 0xa8, 0x87, 0xff, 0xb7, 0xa6, 0x86, 0xff, 0xb8, 0xa7, 0x86, 0xff, 0xb8, 0xa7, 0x86, 0xff, 
0xb8, 0xa7, 0x86, 0xff, 0xb7, 0xa7, 0x86, 0xff, 0xb6, 0xa6, 0x85, 0xff, 0xb7, 0xa5, 0x85, 0xff, 
0xb8, 0xa7, 0x86, 0xff, 0xb8, 0xa6, 0x85, 0xff, 0xb9, 0xa7, 0x86, 0xff, 0xba, 0xa7, 0x87, 0xff, 
0xba, 0xa8, 0x88, 0xff, 0xbd, 0xaa, 0x89, 0xff, 0xba, 0xa8, 0x87, 0xff, 0xb6, 0xa6, 0x85, 0xff, 
0xb5, 0xa5, 0x84, 0xff, 0xb6, 0xa5, 0x85, 0xff, 0xb5, 0xa4, 0x84, 0xff, 0xb7, 0xa6, 0x85, 0xff, 
0xb8, 0xa6, 0x85, 0xff, 0xb7, 0xa5, 0x85, 0xff, 0xb7, 0xa5, 0x85, 0xff, 0xb8, 0xa7, 0x85, 0xff, 
0xb7, 0xa7, 0x85, 0xff, 0xb5, 0xa5, 0x85, 0xff, 0xb5, 0xa5, 0x85, 0xff, 0xb5, 0xa5, 0x84, 0xff, 
0xb9, 0xa8, 0x87, 0xff, 0xb8, 0xa8, 0x86, 0xff, 0xb7, 0xa7, 0x86, 0xff, 0xba, 0xa8, 0x87, 0xff, 
0xbe, 0xaa, 0x89, 0xff, 0xbc, 0xaa, 0x88, 0xff, 0xbc, 0xa8, 0x88, 0xff, 0xbd, 0xaa, 0x88, 0xff, 
0xbd, 0xab, 0x89, 0xff, 0xbf, 0xab, 0x8b, 0xff, 0xbf, 0xac, 0x8c, 0xff, 0xc1, 0xb0, 0x8e, 0xff, 
0xc1, 0xb0, 0x8e, 0xff, 0xc0, 0xad, 0x8c, 0xff, 0xc0, 0xae, 0x8e, 0xff, 0xc2, 0xb1, 0x8f, 0xff, 
0xc1, 0xb0, 0x8e, 0xff, 0xc1, 0xb0, 0x8e, 0xff, 0xc2, 0xb0, 0x90, 0xff, 0xc1, 0xb0, 0x8f, 0xff, 
0xc1, 0xb1, 0x90, 0xff, 0xc1, 0xb1, 0x8f, 0xff, 0xbf, 0xb0, 0x8e, 0xff, 0xc1, 0xb1, 0x90, 0xff, 
0xc1, 0xb1, 0x8f, 0xff, 0xc1, 0xb1, 0x90, 0xff, 0xc1, 0xb1, 0x90, 0xff, 0xc1, 0xb2, 0x91, 0xff, 
0xc1, 0xb1, 0x90, 0xff, 0xc0, 0xb1, 0x90, 0xff, 0xc1, 0xb1, 0x90, 0xff, 0xc0, 0xb0, 0x90, 0xff, 
0xc1, 0xb1, 0x90, 0xff, 0xc3, 0xb2, 0x91, 0xff, 0xc2, 0xb2, 0x91, 0xff, 0xc1, 0xb2, 0x90, 0xff, 
0xc1, 0xb1, 0x8f, 0xff, 0xc1, 0xb2, 0x91, 0xff, 0xc1, 0xb1, 0x90, 0xff, 0xc0, 0xb0, 0x8f, 0xff, 
0xbf, 0xaf, 0x8e, 0xff, 0xbd, 0xad, 0x8d, 0xff, 0xbd, 0xad, 0x8c, 0xff, 0xbe, 0xae, 0x8c, 0xff, 
0xbd, 0xad, 0x8c, 0xff, 0xbc, 0xad, 0x8c, 0xff, 0xbb, 0xab, 0x8a, 0xff, 0xbb, 0xab, 0x8a, 0xff, 
0xbb, 0xab, 0x8a, 0xff, 0xbb, 0xac, 0x8a, 0xff, 0xba, 0xab, 0x8a, 0xff, 0xb9, 0xaa, 0x88, 0xff, 
0xb9, 0xaa, 0x89, 0xff, 0xbb, 0xab, 0x8a, 0xff, 0xba, 0xab, 0x89, 0xff, 0xbb, 0xab, 0x8a, 0xff, 
0xbb, 0xab, 0x8a, 0xff, 0xbb, 0xab, 0x89, 0xff, 0xbd, 0xad, 0x8b, 0xff, 0xbd, 0xad, 0x8c, 0xff, 
0xbb, 0xab, 0x8b, 0xff, 0xbb, 0xab, 0x8a, 0xff, 0xbb, 0xab, 0x89, 0xff, 0xbd, 0xad, 0x8a, 0xff, 
0xbd, 0xac, 0x8b, 0xff, 0xbd, 0xad, 0x8b, 0xff, 0xbc, 0xac, 0x8a, 0xff, 0xbc, 0xac, 0x89, 0xff, 
0xbe, 0xac, 0x8b, 0xff, 0xbf, 0xad, 0x8b, 0xff, 0xbc, 0xac, 0x8a, 0xff, 0xbd, 0xac, 0x8b, 0xff, 
0xbd, 0xad, 0x8a, 0xff, 0xbe, 0xac, 0x8a, 0xff, 0xbc, 0xac, 0x8a, 0xff, 0xbd, 0xad, 0x8b, 0xff, 
0xbd, 0xad, 0x8b, 0xff, 0xbe, 0xac, 0x8b, 0xff, 0xbe, 0xac, 0x8b, 0xff, 0xbd, 0xab, 0x8a, 0xff, 
0xc1, 0xae, 0x8c, 0xff, 0xc1, 0xaf, 0x8d, 0xff, 0xbd, 0xac, 0x8a, 0xff, 0xbd, 0xab, 0x8b, 0xff, 
0xbf, 0xad, 0x8c, 0xff, 0xbf, 0xad, 0x8b, 0xff, 0xbe, 0xae, 0x8c, 0xff, 0xbe, 0xad, 0x8c, 0xff, 
0xbc, 0xab, 0x8a, 0xff, 0xbc, 0xab, 0x89, 0xff, 0xbd, 0xab, 0x8a, 0xff, 0xbc, 0xac, 0x8b, 0xff, 
0xbc, 0xac, 0x8b, 0xff, 0xbc, 0xac, 0x8b, 0xff, 0xba, 0xaa, 0x89, 0xff, 0xba, 0xa9, 0x88, 0xff, 
0xba, 0xaa, 0x89, 0xff, 0xbb, 0xab, 0x89, 0xff, 0xba, 0xaa, 0x89, 0xff, 0xbb, 0xaa, 0x89, 0xff, 
0xba, 0xaa, 0x89, 0xff, 0xb9, 0xaa, 0x88, 0xff, 0xb9, 0xa8, 0x87, 0xff, 0xba, 0xa8, 0x88, 0xff, 
0xba, 0xa8, 0x87, 0xff, 0xba, 0xa9, 0x88, 0xff, 0xb8, 0xa8, 0x87, 0xff, 0xb8, 0xa7, 0x85, 0xff, 
0xba, 0xa9, 0x87, 0xff, 0xba, 0xa8, 0x87, 0xff, 0xba, 0xa8, 0x87, 0xff, 0xb9, 0xa7, 0x86, 0xff, 
0xb8, 0xa6, 0x85, 0xff, 0xb9, 0xa7, 0x85, 0xff, 0xbc, 0xab, 0x89, 0xff, 0xbb, 0xa9, 0x88, 0xff, 
0xb9, 0xa8, 0x87, 0xff, 0xba, 0xa8, 0x87, 0xff, 0xb9, 0xa8, 0x86, 0xff, 0xbc, 0xab, 0x89, 0xff, 
0xbb, 0xab, 0x8a, 0xff, 0xbb, 0xaa, 0x88, 0xff, 0xba, 0xa8, 0x87, 0xff, 0xbc, 0xa8, 0x88, 0xff, 
0xbb, 0xa9, 0x88, 0xff, 0xb9, 0xa9, 0x87, 0xff, 0xb9, 0xa8, 0x87, 0xff, 0xb9, 0xa7, 0x86, 0xff, 
0xb8, 0xa7, 0x85, 0xff, 0xb8, 0xa7, 0x85, 0xff, 0xb9, 0xa7, 0x86, 0xff, 0xb8, 0xa6, 0x84, 0xff, 
0xb8, 0xa6, 0x85, 0xff, 0xba, 0xa7, 0x86, 0xff, 0xb9, 0xa6, 0x85, 0xff, 0xb8, 0xa6, 0x85, 0xff, 
0xb7, 0xa5, 0x84, 0xff, 0xb6, 0xa5, 0x83, 0xff, 0xb7, 0xa5, 0x84, 0xff, 0xb7, 0xa4, 0x83, 0xff, 
0xb7, 0xa4, 0x83, 0xff, 0xb8, 0xa6, 0x85, 0xff, 0xb8, 0xa5, 0x86, 0xff, 0xb6, 0xa4, 0x84, 0xff, 
0xb5, 0xa3, 0x83, 0xff, 0xb6, 0xa4, 0x83, 0xff, 0xb9, 0xa7, 0x86, 0xff, 0xb7, 0xa5, 0x85, 0xff, 
0xb7, 0xa5, 0x84, 0xff, 0xb6, 0xa5, 0x84, 0xff, 0xb7, 0xa5, 0x84, 0xff, 0xb6, 0xa5, 0x85, 0xff, 
0xb6, 0xa5, 0x84, 0xff, 0xb6, 0xa6, 0x85, 0xff, 0xb5, 0xa5, 0x84, 0xff, 0xb5, 0xa5, 0x83, 0xff, 
0xb5, 0xa4, 0x83, 0xff, 0xb7, 0xa6, 0x85, 0xff, 0xb7, 0xa7, 0x85, 0xff, 0xb5, 0xa5, 0x84, 0xff, 
0xb6, 0xa5, 0x84, 0xff, 0xb5, 0xa5, 0x84, 0xff, 0xb5, 0xa5, 0x83, 0xff, 0xb6, 0xa6, 0x85, 0xff, 
0xb5, 0xa5, 0x84, 0xff, 0xb4, 0xa4, 0x83, 0xff, 0xb3, 0xa3, 0x83, 0xff, 0xb4, 0xa3, 0x83, 0xff, 
0xb4, 0xa4, 0x84, 0xff, 0xb4, 0xa4, 0x84, 0xff, 0xb4, 0xa5, 0x84, 0xff, 0xb3, 0xa4, 0x84, 0xff, 
0xb5, 0xa5, 0x84, 0xff, 0xb5, 0xa5, 0x84, 0xff, 0xb5, 0xa5, 0x84, 0xff, 0xb5, 0xa5, 0x84, 0xff, 
0xb5, 0xa5, 0x84, 0xff, 0xb6, 0xa6, 0x85, 0xff, 0xb8, 0xa8, 0x87, 0xff, 0xb9, 0xa9, 0x88, 0xff, 
0xb9, 0xa8, 0x87, 0xff, 0xba, 0xa8, 0x87, 0xff, 0xb9, 0xa6, 0x86, 0xff, 0xbd, 0xaa, 0x8a, 0xff, 
0xbe, 0xac, 0x8a, 0xff, 0xbc, 0xaa, 0x89, 0xff, 0xb9, 0xa7, 0x86, 0xff, 0xba, 0xa8, 0x87, 0xff, 
0xbb, 0xa9, 0x88, 0xff, 0xbb, 0xa8, 0x87, 0xff, 0xbc, 0xaa, 0x88, 0xff, 0xbf, 0xad, 0x8a, 0xff, 
0xbc, 0xab, 0x87, 0xff, 0xbb, 0xaa, 0x87, 0xff, 0xbd, 0xab, 0x89, 0xff, 0xbd, 0xaa, 0x89, 0xff, 
0xbc, 0xaa, 0x89, 0xff, 0xbc, 0xaa, 0x88, 0xff, 0xbc, 0xab, 0x88, 0xff, 0xbb, 0xaa, 0x87, 0xff, 
0xbc, 0xab, 0x88, 0xff, 0xbc, 0xaa, 0x87, 0xff, 0xbc, 0xaa, 0x88, 0xff, 0xbd, 0xab, 0x89, 0xff, 
0xbb, 0xaa, 0x88, 0xff, 0xbc, 0xab, 0x88, 0xff, 0xbf, 0xae, 0x8b, 0xff, 0xbf, 0xad, 0x8b, 0xff, 
0xbd, 0xab, 0x8a, 0xff, 0xbe, 0xac, 0x8b, 0xff, 0xbe, 0xab, 0x8a, 0xff, 0xbe, 0xac, 0x8a, 0xff, 
0xc0, 0xaf, 0x8d, 0xff, 0xbe, 0xae, 0x8c, 0xff, 0xbe, 0xac, 0x8b, 0xff, 0xbd, 0xab, 0x8a, 0xff, 
0xbf, 0xad, 0x8c, 0xff, 0xbf, 0xae, 0x8c, 0xff, 0xbf, 0xad, 0x8b, 0xff, 0xbe, 0xad, 0x8b, 0xff, 
0xbf, 0xae, 0x8c, 0xff, 0xbd, 0xac, 0x8a, 0xff, 0xbc, 0xac, 0x89, 0xff, 0xbc, 0xac, 0x8a, 0xff, 
0xbc, 0xab, 0x89, 0xff, 0xbd, 0xab, 0x89, 0xff, 0xbe, 0xaa, 0x89, 0xff, 0xbc, 0xaa, 0x8a, 0xff, 
0xbb, 0xaa, 0x88, 0xff, 0xba, 0xa8, 0x87, 0xff, 0xbb, 0xa9, 0x88, 0xff, 0xbb, 0xa9, 0x88, 0xff, 
0xba, 0xa8, 0x88, 0xff, 0xba, 0xa9, 0x87, 0xff, 0xbb, 0xa8, 0x87, 0xff, 0xbd, 0xa9, 0x88, 0xff, 
0xbb, 0xa9, 0x88, 0xff, 0xbb, 0xa8, 0x87, 0xff, 0xbb, 0xa8, 0x87, 0xff, 0xba, 0xa7, 0x86, 0xff, 
0xb9, 0xa7, 0x85, 0xff, 0xbc, 0xaa, 0x89, 0xff, 0xbd, 0xaa, 0x89, 0xff, 0xbc, 0xaa, 0x89, 0xff, 
0xbb, 0xaa, 0x88, 0xff, 0xbb, 0xa9, 0x86, 0xff, 0xbf, 0xad, 0x8a, 0xff, 0xc0, 0xae, 0x8b, 0xff, 
0xbf, 0xab, 0x89, 0xff, 0xbb, 0xa8, 0x87, 0xff, 0xbb, 0xaa, 0x88, 0xff, 0xbd, 0xab, 0x88, 0xff, 
0xbc, 0xab, 0x88, 0xff, 0xbd, 0xac, 0x89, 0xff, 0xbe, 0xad, 0x8a, 0xff, 0xbc, 0xab, 0x89, 0xff, 
0xbc, 0xac, 0x88, 0xff, 0xbd, 0xac, 0x89, 0xff, 0xbe, 0xad, 0x89, 0xff, 0xc0, 0xad, 0x8a, 0xff, 
0xc0, 0xae, 0x89, 0xff, 0xbf, 0xad, 0x89, 0xff, 0xc0, 0xad, 0x8a, 0xff, 0xbf, 0xad, 0x89, 0xff, 
0xbf, 0xad, 0x89, 0xff, 0xc1, 0xaf, 0x8b, 0xff, 0xc1, 0xaf, 0x8b, 0xff, 0xc2, 0xb0, 0x8b, 0xff, 
0xc2, 0xb0, 0x8b, 0xff, 0xc1, 0xaf, 0x8a, 0xff, 0xc2, 0xb0, 0x8c, 0xff, 0xc4, 0xb2, 0x8f, 0xff, 
0xc4, 0xb3, 0x8e, 0xff, 0xc2, 0xb0, 0x8c, 0xff, 0xc1, 0xb0, 0x8d, 0xff, 0xc2, 0xb0, 0x8d, 0xff, 
0xc2, 0xb0, 0x8d, 0xff, 0xc2, 0xb1, 0x8e, 0xff, 0xc2, 0xb1, 0x8d, 0xff, 0xc2, 0xb1, 0x8e, 0xff, 
0xc2, 0xb1, 0x8d, 0xff, 0xc2, 0xb1, 0x8e, 0xff, 0xc3, 0xb2, 0x90, 0xff, 0xc5, 0xb4, 0x91, 0xff, 
0xc4, 0xb3, 0x90, 0xff, 0xc4, 0xb3, 0x8f, 0xff, 0xc4, 0xb3, 0x90, 0xff, 0xc5, 0xb4, 0x91, 0xff, 
0xc5, 0xb3, 0x90, 0xff, 0xc5, 0xb3, 0x90, 0xff, 0xc4, 0xb3, 0x90, 0xff, 0xc3, 0xb2, 0x90, 0xff, 
0xc3, 0xb2, 0x8f, 0xff, 0xc3, 0xb2, 0x8f, 0xff, 0xc3, 0xb2, 0x8f, 0xff, 0xc2, 0xb1, 0x8e, 0xff, 
0xc1, 0xb1, 0x8e, 0xff, 0xc1, 0xb1, 0x8e, 0xff, 0xc1, 0xb1, 0x8e, 0xff, 0xc0, 0xaf, 0x8d, 0xff, 
0xbf, 0xae, 0x8d, 0xff, 0xbe, 0xad, 0x8c, 0xff, 0xbd, 0xad, 0x8b, 0xff, 0xbd, 0xac, 0x8a, 0xff, 
0xbd, 0xac, 0x8b, 0xff, 0xbe, 0xac, 0x8b, 0xff, 0xbd, 0xad, 0x8b, 0xff, 0xbd, 0xac, 0x8a, 0xff, 
0xbd, 0xac, 0x8a, 0xff, 0xbe, 0xac, 0x8a, 0xff, 0xbd, 0xac, 0x8a, 0xff, 0xbd, 0xac, 0x8a, 0xff, 
0xbd, 0xab, 0x89, 0xff, 0xbd, 0xab, 0x88, 0xff, 0xbe, 0xab, 0x8a, 0xff, 0xbe, 0xac, 0x8a, 0xff, 
0xbf, 0xad, 0x8a, 0xff, 0xbf, 0xad, 0x8a, 0xff, 0xbf, 0xad, 0x89, 0xff, 0xc2, 0xb0, 0x8c, 0xff, 
0xc2, 0xb0, 0x8c, 0xff, 0xc1, 0xae, 0x8a, 0xff, 0xc1, 0xae, 0x89, 0xff, 0xc1, 0xaf, 0x8a, 0xff, 
0xc2, 0xaf, 0x8a, 0xff, 0xc2, 0xaf, 0x8a, 0xff, 0xc1, 0xaf, 0x8b, 0xff, 0xc2, 0xb1, 0x8c, 0xff, 
0xc3, 0xb1, 0x8c, 0xff, 0xc1, 0xaf, 0x8a, 0xff, 0xc1, 0xaf, 0x8a, 0xff, 0xc2, 0xb0, 0x8b, 0xff, 
0xc2, 0xb0, 0x8b, 0xff, 0xc2, 0xaf, 0x8a, 0xff, 0xc1, 0xaf, 0x8b, 0xff, 0xc1, 0xaf, 0x8a, 0xff, 
0xc2, 0xb0, 0x8b, 0xff, 0xc2, 0xb0, 0x8c, 0xff, 0xc2, 0xb0, 0x8c, 0xff, 0xbf, 0xae, 0x8a, 0xff, 
0xbf, 0xae, 0x89, 0xff, 0xbf, 0xad, 0x89, 0xff, 0xc0, 0xae, 0x8a, 0xff, 0xbf, 0xad, 0x8a, 0xff, 
0xc0, 0xad, 0x8a, 0xff, 0xbe, 0xac, 0x88, 0xff, 0xbe, 0xac, 0x88, 0xff, 0xbe, 0xac, 0x89, 0xff, 
0xbf, 0xad, 0x8a, 0xff, 0xbf, 0xae, 0x8b, 0xff, 0xbf, 0xad, 0x8a, 0xff, 0xbe, 0xab, 0x8a, 0xff, 
0xbf, 0xac, 0x8a, 0xff, 0xbf, 0xae, 0x8a, 0xff, 0xbc, 0xac, 0x89, 0xff, 0xbb, 0xa9, 0x88, 0xff, 
0xbb, 0xa9, 0x88, 0xff, 0xbb, 0xaa, 0x88, 0xff, 0xbb, 0xa9, 0x88, 0xff, 0xbb, 0xa8, 0x87, 0xff, 
0xbc, 0xa8, 0x87, 0xff, 0xbc, 0xa9, 0x88, 0xff, 0xbb, 0xa8, 0x87, 0xff, 0xbb, 0xa8, 0x87, 0xff, 
0xbb, 0xa8, 0x87, 0xff, 0xbc, 0xa9, 0x88, 0xff, 0xbb, 0xa8, 0x87, 0xff, 0xba, 0xa7, 0x86, 0xff, 
0xba, 0xa7, 0x86, 0xff, 0xbb, 0xa8, 0x87, 0xff, 0xba, 0xa8, 0x87, 0xff, 0xbb, 0xa8, 0x87, 0xff, 
0xbd, 0xaa, 0x89, 0xff, 0xbb, 0xa9, 0x87, 0xff, 0xba, 0xa6, 0x85, 0xff, 0xbd, 0xaa, 0x88, 0xff, 
0xbd, 0xa9, 0x88, 0xff, 0xbc, 0xa9, 0x86, 0xff, 0xbd, 0xab, 0x87, 0xff, 0xbc, 0xa9, 0x87, 0xff, 
0xbb, 0xa8, 0x85, 0xff, 0xbc, 0xaa, 0x87, 0xff, 0xbc, 0xaa, 0x86, 0xff, 0xbb, 0xa9, 0x85, 0xff, 
0xbc, 0xa9, 0x86, 0xff, 0xbc, 0xa9, 0x87, 0xff, 0xbb, 0xa9, 0x86, 0xff, 0xbb, 0xaa, 0x85, 0xff, 
0xbb, 0xa9, 0x85, 0xff, 0xbc, 0xaa, 0x86, 0xff, 0xbb, 0xa9, 0x85, 0xff, 0xbb, 0xa9, 0x85, 0xff, 
0xbc, 0xaa, 0x86, 0xff, 0xba, 0xa9, 0x85, 0xff, 0xba, 0xa8, 0x84, 0xff, 0xb9, 0xa8, 0x84, 0xff, 
0xba, 0xa7, 0x85, 0xff, 0xbb, 0xa8, 0x87, 0xff, 0xbb, 0xaa, 0x86, 0xff, 0xba, 0xa9, 0x85, 0xff, 
0xb9, 0xa7, 0x84, 0xff, 0xb9, 0xa7, 0x85, 0xff, 0xbb, 0xa9, 0x88, 0xff, 0xbb, 0xa9, 0x88, 0xff, 
0xba, 0xa8, 0x87, 0xff, 0xba, 0xa6, 0x86, 0xff, 0xb9, 0xa6, 0x86, 0xff, 0xba, 0xa8, 0x87, 0xff, 
0xb9, 0xa6, 0x86, 0xff, 0xba, 0xa7, 0x87, 0xff, 0xb8, 0xa6, 0x85, 0xff, 0xb8, 0xa5, 0x84, 0xff, 
0xb7, 0xa5, 0x85, 0xff, 0xb9, 0xa7, 0x86, 0xff, 0xba, 0xa6, 0x86, 0xff, 0xb9, 0xa6, 0x86, 0xff, 
0xb9, 0xa5, 0x86, 0xff, 0xba, 0xa7, 0x87, 0xff, 0xb8, 0xa7, 0x86, 0xff, 0xb6, 0xa5, 0x84, 0xff, 
0xb6, 0xa5, 0x84, 0xff, 0xb4, 0xa5, 0x83, 0xff, 0xb5, 0xa4, 0x83, 0xff, 0xb7, 0xa5, 0x84, 0xff, 
0xb7, 0xa6, 0x85, 0xff, 0xb6, 0xa5, 0x84, 0xff, 0xb6, 0xa6, 0x85, 0xff, 0xb7, 0xa7, 0x85, 0xff, 
0xbb, 0xa8, 0x88, 0xff, 0xb8, 0xa5, 0x85, 0xff, 0xb6, 0xa5, 0x85, 0xff, 0xb7, 0xa5, 0x85, 0xff, 
0xb7, 0xa4, 0x85, 0xff, 0xb4, 0xa5, 0x84, 0xff, 0xb6, 0xa5, 0x85, 0xff, 0xb6, 0xa5, 0x85, 0xff, 
0xba, 0xa7, 0x87, 0xff, 0xbb, 0xa7, 0x88, 0xff, 0xba, 0xa7, 0x86, 0xff, 0xbb, 0xa7, 0x87, 0xff, 
0xba, 0xa6, 0x86, 0xff, 0xb8, 0xa5, 0x84, 0xff, 0xba, 0xa7, 0x86, 0xff, 0xbb, 0xa7, 0x86, 0xff, 
0xb9, 0xa6, 0x85, 0xff, 0xb8, 0xa5, 0x85, 0xff, 0xba, 0xa7, 0x87, 0xff, 0xbc, 0xaa, 0x86, 0xff, 
0xbc, 0xa9, 0x84, 0xff, 0xbc, 0xaa, 0x85, 0xff, 0xbd, 0xab, 0x87, 0xff, 0xbd, 0xaa, 0x87, 0xff, 
0xbd, 0xa9, 0x86, 0xff, 0xbe, 0xab, 0x86, 0xff, 0xbf, 0xab, 0x87, 0xff, 0xbe, 0xab, 0x86, 0xff, 
0xbe, 0xac, 0x87, 0xff, 0xbe, 0xab, 0x87, 0xff, 0xbf, 0xac, 0x87, 0xff, 0xbf, 0xac, 0x87, 0xff, 
0xbf, 0xac, 0x87, 0xff, 0xc0, 0xad, 0x88, 0xff, 0xc1, 0xae, 0x89, 0xff, 0xc1, 0xaf, 0x8a, 0xff, 
0xc0, 0xae, 0x8a, 0xff, 0xc0, 0xae, 0x8a, 0xff, 0xc0, 0xae, 0x89, 0xff, 0xc0, 0xad, 0x8a, 0xff, 
0xbf, 0xad, 0x89, 0xff, 0xc1, 0xaf, 0x8b, 0xff, 0xc1, 0xaf, 0x8b, 0xff, 0xc0, 0xae, 0x8a, 0xff, 
0xc0, 0xae, 0x8a, 0xff, 0xbf, 0xad, 0x89, 0xff, 0xbf, 0xac, 0x8a, 0xff, 0xbf, 0xac, 0x8a, 0xff, 
0xc0, 0xae, 0x8b, 0xff, 0xc0, 0xae, 0x8a, 0xff, 0xbf, 0xad, 0x89, 0xff, 0xbf, 0xad, 0x89, 0xff, 
0xc0, 0xae, 0x89, 0xff, 0xbf, 0xad, 0x89, 0xff, 0xbd, 0xab, 0x88, 0xff, 0xbd, 0xaa, 0x87, 0xff, 
0xbe, 0xac, 0x88, 0xff, 0xbd, 0xab, 0x87, 0xff, 0xbc, 0xaa, 0x87, 0xff, 0xbd, 0xaa, 0x87, 0xff, 
0xbd, 0xaa, 0x88, 0xff, 0xbd, 0xaa, 0x87, 0xff, 0xbd, 0xaa, 0x87, 0xff, 0xbe, 0xab, 0x89, 0xff, 
0xbd, 0xab, 0x89, 0xff, 0xbb, 0xa8, 0x87, 0xff, 0xbb, 0xa8, 0x87, 0xff, 0xba, 0xa7, 0x86, 0xff, 
0xba, 0xa7, 0x85, 0xff, 0xba, 0xa7, 0x86, 0xff, 0xbb, 0xa7, 0x88, 0xff, 0xbd, 0xaa, 0x88, 0xff, 
0xbd, 0xaa, 0x87, 0xff, 0xbd, 0xab, 0x86, 0xff, 0xbf, 0xad, 0x88, 0xff, 0xbc, 0xaa, 0x85, 0xff, 
0xbb, 0xa9, 0x85, 0xff, 0xbd, 0xab, 0x87, 0xff, 0xbd, 0xab, 0x86, 0xff, 0xbc, 0xa9, 0x84, 0xff, 
0xbe, 0xa9, 0x85, 0xff, 0xc1, 0xad, 0x87, 0xff, 0xc1, 0xaf, 0x88, 0xff, 0xbf, 0xac, 0x87, 0xff, 
0xc1, 0xad, 0x88, 0xff, 0xc1, 0xae, 0x87, 0xff, 0xc2, 0xb0, 0x8a, 0xff, 0xc2, 0xb0, 0x8a, 0xff, 
0xc2, 0xaf, 0x89, 0xff, 0xc1, 0xae, 0x89, 0xff, 0xc3, 0xb1, 0x8b, 0xff, 0xc3, 0xb1, 0x8b, 0xff, 
0xc1, 0xaf, 0x89, 0xff, 0xc2, 0xb0, 0x8a, 0xff, 0xc3, 0xb2, 0x8b, 0xff, 0xc3, 0xb0, 0x8a, 0xff, 
0xc3, 0xb1, 0x8b, 0xff, 0xc4, 0xb2, 0x8b, 0xff, 0xc3, 0xb1, 0x8c, 0xff, 0xc5, 0xb3, 0x8f, 0xff, 
0xc5, 0xb2, 0x8e, 0xff, 0xc4, 0xb2, 0x8d, 0xff, 0xc4, 0xb2, 0x8d, 0xff, 0xc4, 0xb2, 0x8d, 0xff, 
0xc5, 0xb3, 0x8d, 0xff, 0xc5, 0xb2, 0x8e, 0xff, 0xc5, 0xb3, 0x8e, 0xff, 0xc6, 0xb4, 0x8f, 0xff, 
0xc6, 0xb4, 0x8f, 0xff, 0xc5, 0xb3, 0x8f, 0xff, 0xc7, 0xb4, 0x90, 0xff, 0xc7, 0xb4, 0x91, 0xff, 
0xc6, 0xb4, 0x90, 0xff, 0xc8, 0xb5, 0x91, 0xff, 0xc7, 0xb4, 0x90, 0xff, 0xc7, 0xb5, 0x90, 0xff, 
0xc6, 0xb4, 0x90, 0xff, 0xc5, 0xb3, 0x8e, 0xff, 0xc5, 0xb2, 0x8e, 0xff, 0xc5, 0xb3, 0x8e, 0xff, 
0xc4, 0xb2, 0x8e, 0xff, 0xc4, 0xb1, 0x8d, 0xff, 0xc3, 0xb1, 0x8c, 0xff, 0xc2, 0xb0, 0x8c, 0xff, 
0xc3, 0xb0, 0x8c, 0xff, 0xc3, 0xb1, 0x8c, 0xff, 0xc3, 0xb1, 0x8c, 0xff, 0xc2, 0xb0, 0x8c, 0xff, 
0xbf, 0xac, 0x8a, 0xff, 0xbf, 0xac, 0x8a, 0xff, 0xbf, 0xac, 0x89, 0xff, 0xbd, 0xab, 0x87, 0xff, 
0xbd, 0xaa, 0x87, 0xff, 0xbe, 0xab, 0x8a, 0xff, 0xbd, 0xaa, 0x89, 0xff, 0xbd, 0xaa, 0x88, 0xff, 
0xbd, 0xab, 0x87, 0xff, 0xbe, 0xac, 0x88, 0xff, 0xbd, 0xaa, 0x87, 0xff, 0xbb, 0xa8, 0x86, 0xff, 
0xbb, 0xa9, 0x87, 0xff, 0xbb, 0xa9, 0x86, 0xff, 0xbd, 0xaa, 0x88, 0xff, 0xbd, 0xa9, 0x88, 0xff, 
0xbd, 0xab, 0x86, 0xff, 0xbe, 0xac, 0x88, 0xff, 0xbf, 0xad, 0x89, 0xff, 0xbf, 0xad, 0x89, 0xff, 
0xbe, 0xac, 0x87, 0xff, 0xbf, 0xac, 0x87, 0xff, 0xc0, 0xac, 0x88, 0xff, 0xc2, 0xaf, 0x89, 0xff, 
0xc2, 0xb1, 0x8a, 0xff, 0xc2, 0xaf, 0x89, 0xff, 0xc1, 0xaf, 0x89, 0xff, 0xc3, 0xb0, 0x89, 0xff, 
0xc3, 0xb1, 0x8b, 0xff, 0xc3, 0xb0, 0x8a, 0xff, 0xc2, 0xb0, 0x89, 0xff, 0xc4, 0xb2, 0x8c, 0xff, 
0xc4, 0xb2, 0x8b, 0xff, 0xc3, 0xb1, 0x8a, 0xff, 0xc3, 0xb1, 0x8b, 0xff, 0xc4, 0xb2, 0x8b, 0xff, 
0xc4, 0xb2, 0x8c, 0xff, 0xc5, 0xb2, 0x8c, 0xff, 0xc4, 0xb2, 0x8c, 0xff, 0xc4, 0xb2, 0x8d, 0xff, 
0xc3, 0xb1, 0x8b, 0xff, 0xc3, 0xb1, 0x8b, 0xff, 0xc3, 0xb1, 0x8d, 0xff, 0xc2, 0xb0, 0x8c, 0xff, 
0xc3, 0xb1, 0x8d, 0xff, 0xc3, 0xb1, 0x8d, 0xff, 0xc2, 0xb0, 0x8b, 0xff, 0xc4, 0xb2, 0x8d, 0xff, 
0xc4, 0xb2, 0x8f, 0xff, 0xc2, 0xb2, 0x8e, 0xff, 0xc3, 0xb2, 0x8e, 0xff, 0xc4, 0xb2, 0x8f, 0xff, 
0xc3, 0xb1, 0x8e, 0xff, 0xc1, 0xb0, 0x8c, 0xff, 0xbf, 0xaf, 0x8c, 0xff, 0xbe, 0xae, 0x8b, 0xff, 
0xbd, 0xac, 0x8a, 0xff, 0xbe, 0xad, 0x8c, 0xff, 0xbe, 0xad, 0x8c, 0xff, 0xbd, 0xac, 0x8b, 0xff, 
0xbc, 0xac, 0x8b, 0xff, 0xbb, 0xaa, 0x89, 0xff, 0xbc, 0xab, 0x89, 0xff, 0xbc, 0xab, 0x8a, 0xff, 
0xbb, 0xab, 0x8a, 0xff, 0xba, 0xab, 0x89, 0xff, 0xba, 0xaa, 0x89, 0xff, 0xbb, 0xaa, 0x89, 0xff, 
0xbc, 0xaa, 0x89, 0xff, 0xbb, 0xa9, 0x88, 0xff, 0xbc, 0xa9, 0x88, 0xff, 0xbd, 0xab, 0x89, 0xff, 
0xbe, 0xac, 0x8a, 0xff, 0xbf, 0xab, 0x8a, 0xff, 0xbb, 0xa9, 0x88, 0xff, 0xb8, 0xa9, 0x86, 0xff, 
0xb9, 0xa9, 0x87, 0xff, 0xba, 0xa9, 0x87, 0xff, 0xbb, 0xa9, 0x87, 0xff, 0xbc, 0xaa, 0x87, 0xff, 
0xbc, 0xaa, 0x87, 0xff, 0xbd, 0xab, 0x87, 0xff, 0xbe, 0xac, 0x88, 0xff, 0xbf, 0xad, 0x88, 0xff, 
0xbd, 0xab, 0x87, 0xff, 0xbc, 0xaa, 0x86, 0xff, 0xbd, 0xab, 0x87, 0xff, 0xbd, 0xab, 0x87, 0xff, 
0xbd, 0xab, 0x87, 0xff, 0xbf, 0xad, 0x88, 0xff, 0xbe, 0xac, 0x87, 0xff, 0xbe, 0xac, 0x88, 0xff, 
0xbf, 0xad, 0x89, 0xff, 0xbe, 0xab, 0x87, 0xff, 0xbe, 0xac, 0x88, 0xff, 0xbe, 0xac, 0x88, 0xff, 
0xbe, 0xac, 0x88, 0xff, 0xbd, 0xab, 0x87, 0xff, 0xbe, 0xac, 0x87, 0xff, 0xbf, 0xad, 0x88, 0xff, 
0xbe, 0xac, 0x88, 0xff, 0xbe, 0xab, 0x89, 0xff, 0xbc, 0xa9, 0x89, 0xff, 0xbc, 0xaa, 0x89, 0xff, 
0xbc, 0xaa, 0x8a, 0xff, 0xbc, 0xaa, 0x8a, 0xff, 0xbc, 0xaa, 0x89, 0xff, 0xbb, 0xaa, 0x89, 0xff, 
0xbb, 0xa9, 0x88, 0xff, 0xba, 0xaa, 0x89, 0xff, 0xb8, 0xa9, 0x88, 0xff, 0xb8, 0xa8, 0x87, 0xff, 
0xb9, 0xa9, 0x88, 0xff, 0xb9, 0xa8, 0x87, 0xff, 0xb9, 0xa8, 0x88, 0xff, 0xb9, 0xa8, 0x88, 0xff, 
0xb9, 0xa7, 0x87, 0xff, 0xba, 0xa6, 0x87, 0xff, 0xb9, 0xa7, 0x87, 0xff, 0xb8, 0xa6, 0x86, 0xff, 
0xb7, 0xa5, 0x85, 0xff, 0xb7, 0xa5, 0x85, 0xff, 0xb7, 0xa5, 0x86, 0xff, 0xb8, 0xa6, 0x86, 0xff, 
0xb9, 0xa6, 0x86, 0xff, 0xba, 0xa7, 0x87, 0xff, 0xba, 0xa7, 0x87, 0xff, 0xbb, 0xa8, 0x87, 0xff, 
0xbd, 0xab, 0x89, 0xff, 0xbb, 0xa9, 0x87, 0xff, 0xb9, 0xa8, 0x87, 0xff, 0xb8, 0xa7, 0x86, 0xff, 
0xba, 0xaa, 0x88, 0xff, 0xbc, 0xab, 0x89, 0xff, 0xba, 0xaa, 0x88, 0xff, 0xb9, 0xa9, 0x87, 0xff, 
0xb9, 0xa8, 0x86, 0xff, 0xbb, 0xaa, 0x88, 0xff, 0xba, 0xa9, 0x87, 0xff, 0xb8, 0xa8, 0x86, 0xff, 
0xb8, 0xa7, 0x85, 0xff, 0xb8, 0xa7, 0x85, 0xff, 0xb8, 0xa7, 0x86, 0xff, 0xb9, 0xa8, 0x86, 0xff, 
0xb8, 0xa7, 0x85, 0xff, 0xb9, 0xa6, 0x85, 0xff, 0xbb, 0xa8, 0x87, 0xff, 0xb9, 0xa8, 0x85, 0xff, 
0xb9, 0xa8, 0x85, 0xff, 0xba, 0xa8, 0x85, 0xff, 0xba, 0xa8, 0x85, 0xff, 0xbb, 0xa9, 0x85, 0xff, 
0xbb, 0xa9, 0x85, 0xff, 0xbb, 0xa9, 0x85, 0xff, 0xbd, 0xab, 0x87, 0xff, 0xbe, 0xac, 0x87, 0xff, 
0xbe, 0xac, 0x88, 0xff, 0xbe, 0xac, 0x88, 0xff, 0xbf, 0xad, 0x88, 0xff, 0xc0, 0xad, 0x89, 0xff, 
0xc0, 0xae, 0x89, 0xff, 0xc0, 0xae, 0x89, 0xff, 0xc0, 0xae, 0x8a, 0xff, 0xbe, 0xac, 0x87, 0xff, 
0xc0, 0xae, 0x89, 0xff, 0xbf, 0xae, 0x89, 0xff, 0xbf, 0xac, 0x89, 0xff, 0xbe, 0xad, 0x89, 0xff, 
0xbe, 0xac, 0x87, 0xff, 0xbe, 0xac, 0x89, 0xff, 0xbf, 0xad, 0x89, 0xff, 0xbd, 0xac, 0x87, 0xff, 
0xbc, 0xab, 0x88, 0xff, 0xbd, 0xab, 0x88, 0xff, 0xbd, 0xab, 0x89, 0xff, 0xbd, 0xab, 0x8b, 0xff, 
0xbd, 0xab, 0x89, 0xff, 0xbd, 0xab, 0x88, 0xff, 0xbc, 0xa9, 0x87, 0xff, 0xbc, 0xaa, 0x87, 0xff, 
0xbc, 0xaa, 0x87, 0xff, 0xbb, 0xa9, 0x88, 0xff, 0xbc, 0xab, 0x88, 0xff, 0xbb, 0xaa, 0x87, 0xff, 
0xbc, 0xaa, 0x88, 0xff, 0xbe, 0xac, 0x89, 0xff, 0xbe, 0xab, 0x89, 0xff, 0xbc, 0xaa, 0x87, 0xff, 
0xbb, 0xaa, 0x87, 0xff, 0xbb, 0xa9, 0x87, 0xff, 0xbb, 0xa9, 0x87, 0xff, 0xbd, 0xac, 0x89, 0xff, 
0xbd, 0xac, 0x89, 0xff, 0xbb, 0xa9, 0x88, 0xff, 0xbb, 0xaa, 0x89, 0xff, 0xba, 0xa9, 0x88, 0xff, 
0xbe, 0xad, 0x8b, 0xff, 0xc0, 0xae, 0x8c, 0xff, 0xbe, 0xac, 0x8a, 0xff, 0xbb, 0xa9, 0x87, 0xff, 
0xbd, 0xab, 0x87, 0xff, 0xbe, 0xac, 0x89, 0xff, 0xbd, 0xab, 0x86, 0xff, 0xbe, 0xac, 0x89, 0xff, 
0xc0, 0xae, 0x8b, 0xff, 0xbf, 0xad, 0x89, 0xff, 0xbe, 0xac, 0x88, 0xff, 0xbf, 0xac, 0x87, 0xff, 
0xbf, 0xac, 0x87, 0xff, 0xc0, 0xad, 0x88, 0xff, 0xc0, 0xaf, 0x88, 0xff, 0xc1, 0xae, 0x88, 0xff, 
0xc2, 0xae, 0x89, 0xff, 0xc3, 0xae, 0x89, 0xff, 0xc2, 0xb0, 0x8a, 0xff, 0xc3, 0xb0, 0x8a, 0xff, 
0xc3, 0xae, 0x89, 0xff, 0xc2, 0xae, 0x89, 0xff, 0xc3, 0xaf, 0x8a, 0xff, 0xc5, 0xb2, 0x8c, 0xff, 
0xc5, 0xb2, 0x8c, 0xff, 0xc4, 0xb1, 0x8b, 0xff, 0xc3, 0xb2, 0x8c, 0xff, 0xc3, 0xb1, 0x8b, 0xff, 
0xc4, 0xb2, 0x8c, 0xff, 0xc6, 0xb4, 0x8d, 0xff, 0xc6, 0xb5, 0x90, 0xff, 0xc5, 0xb4, 0x90, 0xff, 
0xc3, 0xb1, 0x8b, 0xff, 0xc6, 0xb4, 0x8f, 0xff, 0xc6, 0xb4, 0x8f, 0xff, 0xc7, 0xb5, 0x91, 0xff, 
0xc7, 0xb5, 0x91, 0xff, 0xc6, 0xb4, 0x90, 0xff, 0xc6, 0xb4, 0x90, 0xff, 0xc7, 0xb5, 0x90, 0xff, 
0xc6, 0xb4, 0x90, 0xff, 0xc6, 0xb5, 0x91, 0xff, 0xc6, 0xb5, 0x91, 0xff, 0xc4, 0xb2, 0x8e, 0xff, 
0xc4, 0xb2, 0x8e, 0xff, 0xc4, 0xb2, 0x8e, 0xff, 0xc2, 0xb1, 0x8d, 0xff, 0xc2, 0xb0, 0x8d, 0xff, 
0xc1, 0xaf, 0x8c, 0xff, 0xc2, 0xaf, 0x8c, 0xff, 0xc1, 0xaf, 0x8c, 0xff, 0xc1, 0xaf, 0x8b, 0xff, 
0xc1, 0xaf, 0x8c, 0xff, 0xc1, 0xaf, 0x8b, 0xff, 0xc0, 0xae, 0x8a, 0xff, 0xbf, 0xad, 0x8a, 0xff, 
0xbf, 0xac, 0x8a, 0xff, 0xbe, 0xab, 0x89, 0xff, 0xbe, 0xab, 0x89, 0xff, 0xc0, 0xae, 0x8a, 0xff, 
0xbf, 0xad, 0x89, 0xff, 0xbe, 0xac, 0x89, 0xff, 0xbc, 0xaa, 0x89, 0xff, 0xbe, 0xad, 0x8a, 0xff, 
0xc1, 0xaf, 0x8c, 0xff, 0xbf, 0xae, 0x8b, 0xff, 0xbd, 0xab, 0x88, 0xff, 0xbc, 0xa9, 0x88, 0xff, 
0xbc, 0xab, 0x88, 0xff, 0xbd, 0xac, 0x88, 0xff, 0xbd, 0xab, 0x87, 0xff, 0xbf, 0xad, 0x89, 0xff, 
0xbe, 0xad, 0x89, 0xff, 0xbc, 0xab, 0x87, 0xff, 0xbe, 0xac, 0x88, 0xff, 0xbe, 0xac, 0x89, 0xff, 
0xbe, 0xac, 0x88, 0xff, 0xbf, 0xae, 0x8a, 0xff, 0xc0, 0xae, 0x8a, 0xff, 0xbf, 0xae, 0x8a, 0xff, 
0xc0, 0xae, 0x8b, 0xff, 0xc0, 0xae, 0x8a, 0xff, 0xc0, 0xaf, 0x8b, 0xff, 0xc2, 0xb0, 0x8c, 0xff, 
0xc3, 0xb1, 0x8c, 0xff, 0xc2, 0xb0, 0x8b, 0xff, 0xc3, 0xb1, 0x8b, 0xff, 0xc3, 0xb0, 0x8b, 0xff, 
0xc4, 0xb1, 0x8c, 0xff, 0xc5, 0xb4, 0x8e, 0xff, 0xc4, 0xb2, 0x8d, 0xff, 0xc4, 0xb2, 0x8d, 0xff, 
0xc4, 0xb2, 0x8d, 0xff, 0xc4, 0xb2, 0x8c, 0xff, 0xc5, 0xb3, 0x8d, 0xff, 0xc6, 0xb4, 0x8f, 0xff, 
0xc7, 0xb5, 0x91, 0xff, 0xc6, 0xb4, 0x8f, 0xff, 0xc4, 0xb2, 0x8d, 0xff, 0xc6, 0xb4, 0x8f, 0xff, 
0xc5, 0xb3, 0x8f, 0xff, 0xc5, 0xb4, 0x91, 0xff, 0xc5, 0xb3, 0x90, 0xff, 0xc3, 0xb2, 0x8f, 0xff, 
0xc3, 0xb3, 0x8f, 0xff, 0xc4, 0xb4, 0x90, 0xff, 0xc4, 0xb2, 0x8f, 0xff, 0xc6, 0xb4, 0x91, 0xff, 
0xc4, 0xb4, 0x92, 0xff, 0xc1, 0xb2, 0x91, 0xff, 0xc1, 0xb1, 0x90, 0xff, 0xc2, 0xb2, 0x90, 0xff, 
0xc2, 0xb2, 0x90, 0xff, 0xc0, 0xb0, 0x8f, 0xff, 0xc0, 0xb0, 0x8e, 0xff, 0xbf, 0xb0, 0x8e, 0xff, 
0xbf, 0xaf, 0x8d, 0xff, 0xbe, 0xae, 0x8c, 0xff, 0xbe, 0xae, 0x8d, 0xff, 0xbe, 0xaf, 0x8d, 0xff, 
0xbc, 0xad, 0x8c, 0xff, 0xbb, 0xac, 0x8a, 0xff, 0xbc, 0xad, 0x8b, 0xff, 0xbc, 0xad, 0x8b, 0xff, 
0xbc, 0xac, 0x8b, 0xff, 0xbb, 0xac, 0x8a, 0xff, 0xbb, 0xac, 0x8a, 0xff, 0xbd, 0xad, 0x8b, 0xff, 
0xbb, 0xac, 0x8b, 0xff, 0xbc, 0xad, 0x8a, 0xff, 0xbc, 0xac, 0x8a, 0xff, 0xbb, 0xab, 0x89, 0xff, 
0xbc, 0xac, 0x89, 0xff, 0xbf, 0xae, 0x8c, 0xff, 0xbf, 0xad, 0x8c, 0xff, 0xbd, 0xad, 0x8b, 0xff, 
0xbb, 0xad, 0x8b, 0xff, 0xbe, 0xae, 0x8d, 0xff, 0xbf, 0xae, 0x8d, 0xff, 0xbe, 0xad, 0x8c, 0xff, 
0xbd, 0xad, 0x8b, 0xff, 0xbe, 0xad, 0x89, 0xff, 0xbf, 0xad, 0x89, 0xff, 0xc1, 0xaf, 0x8b, 0xff, 
0xbf, 0xad, 0x8a, 0xff, 0xbf, 0xae, 0x8a, 0xff, 0xc0, 0xaf, 0x8b, 0xff, 0xc0, 0xae, 0x8a, 0xff, 
0xc0, 0xaf, 0x8b, 0xff, 0xc0, 0xae, 0x8b, 0xff, 0xc0, 0xae, 0x8a, 0xff, 0xc0, 0xae, 0x8a, 0xff, 
0xc0, 0xae, 0x89, 0xff, 0xc0, 0xae, 0x8a, 0xff, 0xc2, 0xb0, 0x8c, 0xff, 0xc2, 0xb0, 0x8d, 0xff, 
0xc0, 0xae, 0x8a, 0xff, 0xbe, 0xad, 0x89, 0xff, 0xbe, 0xad, 0x8a, 0xff, 0xbf, 0xad, 0x8a, 0xff, 
0xbf, 0xad, 0x8b, 0xff, 0xbf, 0xae, 0x8c, 0xff, 0xbc, 0xab, 0x8a, 0xff, 0xbb, 0xab, 0x89, 0xff, 
0xbd, 0xac, 0x8a, 0xff, 0xbc, 0xab, 0x8b, 0xff, 0xbc, 0xab, 0x8b, 0xff, 0xbc, 0xac, 0x8b, 0xff, 
0xba, 0xaa, 0x8a, 0xff, 0xba, 0xaa, 0x89, 0xff, 0xba, 0xaa, 0x89, 0xff, 0xba, 0xab, 0x8a, 0xff, 
0xba, 0xa9, 0x89, 0xff, 0xba, 0xaa, 0x8a, 0xff, 0xb9, 0xa9, 0x89, 0xff, 0xb8, 0xa9, 0x88, 0xff, 
0xb9, 0xa8, 0x87, 0xff, 0xb9, 0xa8, 0x88, 0xff, 0xb9, 0xa7, 0x87, 0xff, 0xb9, 0xa7, 0x87, 0xff, 
0xb8, 0xa7, 0x85, 0xff, 0xb8, 0xa7, 0x85, 0xff, 0xba, 0xa8, 0x87, 0xff, 0xb9, 0xa8, 0x86, 0xff, 
0xb9, 0xa8, 0x86, 0xff, 0xb8, 0xa7, 0x86, 0xff, 0xb8, 0xa7, 0x85, 0xff, 0xba, 0xa8, 0x86, 0xff, 
0xba, 0xa7, 0x86, 0xff, 0xbc, 0xa9, 0x86, 0xff, 0xbe, 0xab, 0x87, 0xff, 0xbb, 0xa9, 0x85, 0xff, 
0xbd, 0xaa, 0x86, 0xff, 0xbf, 0xac, 0x88, 0xff, 0xbd, 0xaa, 0x86, 0xff, 0xbd, 0xab, 0x86, 0xff, 
0xbd, 0xab, 0x86, 0xff, 0xbb, 0xa8, 0x85, 0xff, 0xbc, 0xa9, 0x85, 0xff, 0xbd, 0xaa, 0x87, 0xff, 
0xbb, 0xa9, 0x85, 0xff, 0xba, 0xa8, 0x84, 0xff, 0xbb, 0xa9, 0x85, 0xff, 0xbc, 0xaa, 0x86, 0xff, 
0xbc, 0xaa, 0x86, 0xff, 0xbc, 0xa9, 0x85, 0xff, 0xbc, 0xaa, 0x86, 0xff, 0xbc, 0xaa, 0x86, 0xff, 
0xbb, 0xa9, 0x85, 0xff, 0xbc, 0xaa, 0x87, 0xff, 0xbc, 0xaa, 0x86, 0xff, 0xbb, 0xa9, 0x85, 0xff, 
0xbb, 0xa9, 0x84, 0xff, 0xbb, 0xa8, 0x85, 0xff, 0xbc, 0xaa, 0x87, 0xff, 0xbe, 0xac, 0x89, 0xff, 
0xbd, 0xab, 0x87, 0xff, 0xbd, 0xaa, 0x87, 0xff, 0xbd, 0xaa, 0x87, 0xff, 0xbf, 0xad, 0x89, 0xff, 
0xbf, 0xad, 0x89, 0xff, 0xbe, 0xac, 0x88, 0xff, 0xbe, 0xac, 0x88, 0xff, 0xbd, 0xab, 0x87, 0xff, 
0xbd, 0xab, 0x88, 0xff, 0xbd, 0xaa, 0x86, 0xff, 0xbd, 0xab, 0x87, 0xff, 0xbd, 0xaa, 0x87, 0xff, 
0xbb, 0xa9, 0x85, 0xff, 0xbb, 0xaa, 0x86, 0xff, 0xbd, 0xab, 0x87, 0xff, 0xbc, 0xaa, 0x87, 0xff, 
0xbc, 0xa9, 0x86, 0xff, 0xbd, 0xaa, 0x88, 0xff, 0xbf, 0xac, 0x88, 0xff, 0xbe, 0xac, 0x88, 0xff, 
0xbc, 0xa9, 0x86, 0xff, 0xb9, 0xa7, 0x84, 0xff, 0xbc, 0xa9, 0x86, 0xff, 0xbd, 0xaa, 0x87, 0xff, 
0xba, 0xa8, 0x86, 0xff, 0xbb, 0xa8, 0x86, 0xff, 0xbc, 0xaa, 0x87, 0xff, 0xbb, 0xa9, 0x86, 0xff, 
0xbb, 0xa9, 0x86, 0xff, 0xbc, 0xa9, 0x86, 0xff, 0xbe, 0xab, 0x88, 0xff, 0xbe, 0xab, 0x88, 0xff, 
0xbc, 0xa9, 0x86, 0xff, 0xbb, 0xa9, 0x87, 0xff, 0xbb, 0xa9, 0x87, 0xff, 0xbc, 0xa9, 0x86, 0xff, 
0xbd, 0xaa, 0x87, 0xff, 0xbe, 0xac, 0x88, 0xff, 0xbd, 0xab, 0x87, 0xff, 0xbc, 0xa9, 0x86, 0xff, 
0xc0, 0xae, 0x8a, 0xff, 0xbf, 0xad, 0x89, 0xff, 0xbd, 0xaa, 0x86, 0xff, 0xbe, 0xab, 0x87, 0xff, 
0xbe, 0xab, 0x88, 0xff, 0xbd, 0xaa, 0x86, 0xff, 0xbd, 0xaa, 0x87, 0xff, 0xbf, 0xac, 0x88, 0xff, 
0xc2, 0xaf, 0x8a, 0xff, 0xbf, 0xab, 0x88, 0xff, 0xbf, 0xac, 0x87, 0xff, 0xc0, 0xad, 0x88, 0xff, 
0xbf, 0xac, 0x89, 0xff, 0xc0, 0xae, 0x8a, 0xff, 0xc0, 0xae, 0x89, 0xff, 0xc1, 0xae, 0x88, 0xff, 
0xc1, 0xac, 0x88, 0xff, 0xc3, 0xae, 0x8a, 0xff, 0xc1, 0xae, 0x88, 0xff, 0xc1, 0xaf, 0x89, 0xff, 
0xc2, 0xae, 0x8a, 0xff, 0xc3, 0xaf, 0x8a, 0xff, 0xc4, 0xaf, 0x8b, 0xff, 0xc4, 0xb0, 0x8b, 0xff, 
0xc6, 0xb3, 0x8e, 0xff, 0xc5, 0xb1, 0x8c, 0xff, 0xc4, 0xb0, 0x8b, 0xff, 0xc4, 0xb1, 0x8b, 0xff, 
0xc5, 0xb1, 0x8c, 0xff, 0xc4, 0xb2, 0x8c, 0xff, 0xc6, 0xb3, 0x8e, 0xff, 0xc6, 0xb3, 0x8e, 0xff, 
0xc5, 0xb1, 0x8c, 0xff, 0xc4, 0xb1, 0x8c, 0xff, 0xc4, 0xb1, 0x8b, 0xff, 0xc5, 0xb3, 0x8f, 0xff, 
0xc4, 0xb2, 0x8f, 0xff, 0xc4, 0xb2, 0x8f, 0xff, 0xc4, 0xb2, 0x8d, 0xff, 0xc3, 0xb0, 0x8b, 0xff, 
0xc2, 0xb0, 0x8d, 0xff, 0xc4, 0xb1, 0x8d, 0xff, 0xc3, 0xb0, 0x8c, 0xff, 0xc1, 0xae, 0x8a, 0xff, 
0xbf, 0xac, 0x88, 0xff, 0xbf, 0xac, 0x88, 0xff, 0xbf, 0xac, 0x88, 0xff, 0xbf, 0xab, 0x88, 0xff, 
0xbd, 0xaa, 0x87, 0xff, 0xbe, 0xab, 0x88, 0xff, 0xbe, 0xab, 0x88, 0xff, 0xbd, 0xab, 0x87, 0xff, 
0xbe, 0xab, 0x87, 0xff, 0xbe, 0xab, 0x87, 0xff, 0xbe, 0xab, 0x88, 0xff, 0xbd, 0xaa, 0x87, 0xff, 
0xbc, 0xa9, 0x86, 0xff, 0xbb, 0xa9, 0x86, 0xff, 0xbc, 0xa9, 0x86, 0xff, 0xbd, 0xa9, 0x86, 0xff, 
0xbe, 0xab, 0x87, 0xff, 0xbf, 0xac, 0x88, 0xff, 0xbd, 0xaa, 0x87, 0xff, 0xbf, 0xab, 0x87, 0xff, 
0xc0, 0xae, 0x89, 0xff, 0xbc, 0xaa, 0x85, 0xff, 0xbd, 0xaa, 0x85, 0xff, 0xbe, 0xab, 0x86, 0xff, 
0xbc, 0xaa, 0x85, 0xff, 0xbc, 0xa9, 0x85, 0xff, 0xbe, 0xab, 0x86, 0xff, 0xc1, 0xaf, 0x89, 0xff, 
0xc1, 0xae, 0x88, 0xff, 0xbe, 0xab, 0x86, 0xff, 0xc1, 0xae, 0x88, 0xff, 0xc1, 0xae, 0x88, 0xff, 
0xc2, 0xaf, 0x89, 0xff, 0xc1, 0xaf, 0x89, 0xff, 0xc2, 0xaf, 0x89, 0xff, 0xc1, 0xae, 0x88, 0xff, 
0xc3, 0xb0, 0x8a, 0xff, 0xc3, 0xb0, 0x8a, 0xff, 0xc2, 0xaf, 0x8a, 0xff, 0xc2, 0xb0, 0x8a, 0xff, 
0xc3, 0xb1, 0x8b, 0xff, 0xc3, 0xb1, 0x8b, 0xff, 0xc3, 0xb1, 0x8b, 0xff, 0xc3, 0xb1, 0x8b, 0xff, 
0xc2, 0xb0, 0x8a, 0xff, 0xc5, 0xb2, 0x8d, 0xff, 0xc6, 0xb4, 0x8e, 0xff, 0xc2, 0xb0, 0x8b, 0xff, 
0xc3, 0xb0, 0x8c, 0xff, 0xc4, 0xb1, 0x8c, 0xff, 0xc4, 0xb2, 0x8c, 0xff, 0xc4, 0xb2, 0x8d, 0xff, 
0xc4, 0xb2, 0x8e, 0xff, 0xc4, 0xb1, 0x8c, 0xff, 0xc4, 0xb1, 0x8c, 0xff, 0xc3, 0xb1, 0x8b, 0xff, 
0xc5, 0xb2, 0x8e, 0xff, 0xc7, 0xb4, 0x92, 0xff, 0xc6, 0xb4, 0x90, 0xff, 0xc5, 0xb3, 0x8f, 0xff, 
0xc5, 0xb3, 0x8f, 0xff, 0xc6, 0xb5, 0x90, 0xff, 0xc7, 0xb5, 0x90, 0xff, 0xc5, 0xb3, 0x90, 0xff, 
0xc4, 0xb2, 0x8e, 0xff, 0xc5, 0xb2, 0x8f, 0xff, 0xc5, 0xb3, 0x8f, 0xff, 0xc4, 0xb3, 0x8f, 0xff, 
0xc5, 0xb3, 0x8f, 0xff, 0xc5, 0xb2, 0x8f, 0xff, 0xc3, 0xb2, 0x8e, 0xff, 0xc4, 0xb2, 0x8e, 0xff, 
0xc4, 0xb1, 0x8d, 0xff, 0xc3, 0xb1, 0x8d, 0xff, 0xc0, 0xae, 0x8b, 0xff, 0xc0, 0xae, 0x8b, 0xff, 
0xc0, 0xae, 0x8a, 0xff, 0xbf, 0xad, 0x8a, 0xff, 0xbf, 0xac, 0x89, 0xff, 0xbf, 0xae, 0x8a, 0xff, 
0xbf, 0xad, 0x8a, 0xff, 0xbe, 0xac, 0x89, 0xff, 0xbe, 0xad, 0x89, 0xff, 0xbf, 0xad, 0x89, 0xff, 
0xbf, 0xae, 0x8a, 0xff, 0xbf, 0xad, 0x89, 0xff, 0xbe, 0xad, 0x89, 0xff, 0xbd, 0xac, 0x88, 0xff, 
0xbf, 0xad, 0x89, 0xff, 0xbe, 0xad, 0x89, 0xff, 0xc0, 0xae, 0x8a, 0xff, 0xc1, 0xae, 0x8a, 0xff, 
0xc0, 0xae, 0x8a, 0xff, 0xc2, 0xb0, 0x8b, 0xff, 0xc2, 0xb0, 0x8b, 0xff, 0xc0, 0xae, 0x89, 0xff, 
0xc0, 0xae, 0x89, 0xff, 0xc1, 0xaf, 0x89, 0xff, 0xc1, 0xaf, 0x89, 0xff, 0xc1, 0xaf, 0x89, 0xff, 
0xc1, 0xaf, 0x8a, 0xff, 0xc2, 0xb0, 0x8b, 0xff, 0xc4, 0xb2, 0x8c, 0xff, 0xc1, 0xaf, 0x8a, 0xff, 
0xc1, 0xaf, 0x8a, 0xff, 0xc2, 0xb0, 0x8b, 0xff, 0xc2, 0xb0, 0x8b, 0xff, 0xc1, 0xaf, 0x8b, 0xff, 
0xc1, 0xaf, 0x89, 0xff, 0xc1, 0xaf, 0x8a, 0xff, 0xc1, 0xaf, 0x8a, 0xff, 0xc3, 0xb1, 0x8c, 0xff, 
0xc2, 0xb0, 0x8c, 0xff, 0xc0, 0xae, 0x8a, 0xff, 0xc0, 0xae, 0x89, 0xff, 0xc0, 0xae, 0x89, 0xff, 
0xc0, 0xae, 0x8a, 0xff, 0xbf, 0xad, 0x8a, 0xff, 0xc0, 0xae, 0x8a, 0xff, 0xbe, 0xac, 0x89, 0xff, 
0xbe, 0xac, 0x88, 0xff, 0xbf, 0xac, 0x89, 0xff, 0xc0, 0xad, 0x8b, 0xff, 0xc0, 0xae, 0x8b, 0xff, 
0xbf, 0xad, 0x8b, 0xff, 0xbf, 0xac, 0x8a, 0xff, 0xbf, 0xad, 0x89, 0xff, 0xbf, 0xad, 0x89, 0xff, 
0xbe, 0xac, 0x88, 0xff, 0xbb, 0xa9, 0x87, 0xff, 0xbc, 0xa9, 0x86, 0xff, 0xbd, 0xaa, 0x87, 0xff, 
0xbc, 0xaa, 0x87, 0xff, 0xbb, 0xa9, 0x86, 0xff, 0xbb, 0xa9, 0x87, 0xff, 0xbb, 0xa9, 0x87, 0xff, 
0xbb, 0xa9, 0x85, 0xff, 0xbb, 0xa9, 0x85, 0xff, 0xbc, 0xaa, 0x86, 0xff, 0xbd, 0xab, 0x87, 0xff, 
0xbb, 0xa9, 0x87, 0xff, 0xba, 0xa8, 0x86, 0xff, 0xba, 0xa8, 0x84, 0xff, 0xbb, 0xaa, 0x85, 0xff, 
0xbe, 0xab, 0x86, 0xff, 0xc1, 0xae, 0x88, 0xff, 0xc1, 0xaf, 0x89, 0xff, 0xc0, 0xae, 0x88, 0xff, 
0xbe, 0xab, 0x85, 0xff, 0xbd, 0xaa, 0x86, 0xff, 0xc0, 0xad, 0x88, 0xff, 0xbf, 0xae, 0x87, 0xff, 
0xbf, 0xad, 0x87, 0xff, 0xc0, 0xab, 0x86, 0xff, 0xc0, 0xac, 0x87, 0xff, 0xc1, 0xaf, 0x89, 0xff, 
0xc0, 0xae, 0x88, 0xff, 0xbf, 0xad, 0x86, 0xff, 0xbe, 0xab, 0x85, 0xff, 0xbe, 0xab, 0x86, 0xff, 
0xbe, 0xac, 0x87, 0xff, 0xbe, 0xab, 0x86, 0xff, 0xbf, 0xac, 0x87, 0xff, 0xbf, 0xab, 0x86, 0xff, 
0xbd, 0xab, 0x85, 0xff, 0xbe, 0xac, 0x87, 0xff, 0xbe, 0xac, 0x87, 0xff, 0xbe, 0xab, 0x85, 0xff, 
0xbd, 0xab, 0x85, 0xff, 0xbf, 0xab, 0x87, 0xff, 0xbf, 0xac, 0x88, 0xff, 0xbc, 0xaa, 0x84, 0xff, 
0xbd, 0xab, 0x86, 0xff, 0xbd, 0xab, 0x85, 0xff, 0xbe, 0xac, 0x86, 0xff, 0xbf, 0xac, 0x87, 0xff, 
0xbc, 0xaa, 0x85, 0xff, 0xbf, 0xad, 0x89, 0xff, 0xbf, 0xad, 0x89, 0xff, 0xbe, 0xab, 0x86, 0xff, 
0xbe, 0xab, 0x86, 0xff, 0xbe, 0xab, 0x87, 0xff, 0xbf, 0xad, 0x8a, 0xff, 0xbf, 0xac, 0x89, 0xff, 
0xbe, 0xab, 0x87, 0xff, 0xbf, 0xad, 0x89, 0xff, 0xbf, 0xad, 0x89, 0xff, 0xbf, 0xac, 0x88, 0xff, 
0xc1, 0xad, 0x88, 0xff, 0xc0, 0xac, 0x88, 0xff, 0xc0, 0xad, 0x87, 0xff, 0xbe, 0xac, 0x87, 0xff, 
0xbf, 0xab, 0x87, 0xff, 0xbf, 0xab, 0x88, 0xff, 0xc0, 0xad, 0x88, 0xff, 0xc0, 0xad, 0x87, 0xff, 
0xbf, 0xad, 0x88, 0xff, 0xbf, 0xac, 0x88, 0xff, 0xbe, 0xaa, 0x87, 0xff, 0xbf, 0xac, 0x88, 0xff, 
0xbe, 0xab, 0x85, 0xff, 0xbf, 0xac, 0x86, 0xff, 0xbf, 0xac, 0x87, 0xff, 0xbd, 0xaa, 0x86, 0xff, 
0xc0, 0xad, 0x89, 0xff, 0xbf, 0xac, 0x88, 0xff, 0xbd, 0xaa, 0x86, 0xff, 0xbd, 0xaa, 0x86, 0xff, 
0xbf, 0xac, 0x88, 0xff, 0xc0, 0xae, 0x88, 0xff, 0xc1, 0xae, 0x88, 0xff, 0xbf, 0xab, 0x86, 0xff, 
0xbd, 0xa9, 0x85, 0xff, 0xbd, 0xaa, 0x85, 0xff, 0xbf, 0xaa, 0x86, 0xff, 0xc0, 0xab, 0x86, 0xff, 
0xc0, 0xac, 0x87, 0xff, 0xbf, 0xab, 0x86, 0xff, 0xbf, 0xab, 0x87, 0xff, 0xbf, 0xab, 0x86, 0xff, 
0xc0, 0xad, 0x85, 0xff, 0xc0, 0xad, 0x86, 0xff, 0xc1, 0xad, 0x87, 0xff, 0xc1, 0xae, 0x89, 0xff, 
0xbf, 0xab, 0x87, 0xff, 0xc0, 0xac, 0x87, 0xff, 0xc0, 0xab, 0x87, 0xff, 0xc0, 0xac, 0x87, 0xff, 
0xc0, 0xad, 0x87, 0xff, 0xc0, 0xad, 0x88, 0xff, 0xc0, 0xad, 0x88, 0xff, 0xc1, 0xae, 0x89, 0xff, 
0xc1, 0xad, 0x88, 0xff, 0xc2, 0xaf, 0x8a, 0xff, 0xc3, 0xaf, 0x8a, 0xff, 0xc3, 0xb0, 0x8b, 0xff, 
0xc2, 0xb0, 0x8a, 0xff, 0xc3, 0xb0, 0x8b, 0xff, 0xc5, 0xb2, 0x8c, 0xff, 0xc3, 0xb0, 0x8b, 0xff, 
0xc3, 0xb0, 0x8a, 0xff, 0xc3, 0xb1, 0x8b, 0xff, 0xc6, 0xb2, 0x8d, 0xff, 0xc6, 0xb3, 0x8d, 0xff, 
0xc3, 0xb0, 0x8b, 0xff, 0xc4, 0xb1, 0x8c, 0xff, 0xc6, 0xb3, 0x8d, 0xff, 0xc4, 0xb0, 0x8b, 0xff, 
0xc5, 0xb2, 0x8e, 0xff, 0xc5, 0xb4, 0x90, 0xff, 0xc4, 0xb1, 0x8d, 0xff, 0xc4, 0xb1, 0x8b, 0xff, 
0xc5, 0xb1, 0x8c, 0xff, 0xc3, 0xaf, 0x8a, 0xff, 0xc2, 0xaf, 0x89, 0xff, 0xc1, 0xaf, 0x89, 0xff, 
0xc1, 0xae, 0x89, 0xff, 0xc1, 0xae, 0x88, 0xff, 0xc3, 0xaf, 0x8a, 0xff, 0xc2, 0xae, 0x89, 0xff, 
0xc0, 0xad, 0x88, 0xff, 0xbf, 0xac, 0x87, 0xff, 0xbf, 0xae, 0x88, 0xff, 0xc0, 0xac, 0x87, 0xff, 
0xbf, 0xab, 0x87, 0xff, 0xc1, 0xad, 0x88, 0xff, 0xbf, 0xab, 0x86, 0xff, 0xbf, 0xac, 0x87, 0xff, 
0xc0, 0xad, 0x87, 0xff, 0xbe, 0xaa, 0x86, 0xff, 0xbe, 0xaa, 0x85, 0xff, 0xbe, 0xaa, 0x86, 0xff, 
0xc0, 0xad, 0x88, 0xff, 0xc1, 0xaf, 0x89, 0xff, 0xc0, 0xad, 0x87, 0xff, 0xbe, 0xaa, 0x85, 0xff, 
0xbe, 0xaa, 0x85, 0xff, 0xbf, 0xab, 0x86, 0xff, 0xc0, 0xac, 0x87, 0xff, 0xc0, 0xac, 0x87, 0xff, 
0xc0, 0xac, 0x86, 0xff, 0xc0, 0xac, 0x85, 0xff, 0xc0, 0xac, 0x86, 0xff, 0xc1, 0xae, 0x87, 0xff, 
0xc3, 0xb0, 0x88, 0xff, 0xc2, 0xae, 0x87, 0xff, 0xc3, 0xb0, 0x88, 0xff, 0xc3, 0xaf, 0x87, 0xff, 
0xc4, 0xb0, 0x89, 0xff, 0xc4, 0xb0, 0x89, 0xff, 0xc2, 0xaf, 0x87, 0xff, 0xc2, 0xae, 0x87, 0xff, 
0xc4, 0xb1, 0x89, 0xff, 0xc5, 0xb1, 0x8a, 0xff, 0xc4, 0xb0, 0x89, 0xff, 0xc4, 0xb0, 0x8b, 0xff, 
0xc4, 0xb2, 0x8c, 0xff, 0xc4, 0xb0, 0x8a, 0xff, 0xc5, 0xb1, 0x8b, 0xff, 0xc6, 0xb4, 0x8b, 0xff, 
0xc6, 0xb3, 0x8e, 0xff, 0xc6, 0xb3, 0x8f, 0xff, 0xc4, 0xb1, 0x8c, 0xff, 0xc7, 0xb4, 0x8e, 0xff, 
0xc7, 0xb3, 0x8e, 0xff, 0xc6, 0xb2, 0x8d, 0xff, 0xc6, 0xb3, 0x8e, 0xff, 0xc6, 0xb3, 0x8e, 0xff, 
0xc6, 0xb3, 0x8d, 0xff, 0xc8, 0xb5, 0x8f, 0xff, 0xc8, 0xb5, 0x90, 0xff, 0xc8, 0xb5, 0x8f, 0xff, 
0xca, 0xb8, 0x93, 0xff, 0xc9, 0xb8, 0x93, 0xff, 0xc9, 0xb6, 0x91, 0xff, 0xca, 0xb8, 0x92, 0xff, 
0xcb, 0xb7, 0x92, 0xff, 0xca, 0xb8, 0x92, 0xff, 0xc9, 0xb7, 0x91, 0xff, 0xc9, 0xb7, 0x91, 0xff, 
0xc9, 0xb7, 0x91, 0xff, 0xca, 0xb7, 0x91, 0xff, 0xcb, 0xb9, 0x92, 0xff, 0xcb, 0xb8, 0x93, 0xff, 
0xc8, 0xb6, 0x90, 0xff, 0xc8, 0xb5, 0x91, 0xff, 0xc8, 0xb6, 0x91, 0xff, 0xc8, 0xb4, 0x8e, 0xff, 
0xc7, 0xb3, 0x8e, 0xff, 0xc5, 0xb3, 0x8e, 0xff, 0xc5, 0xb2, 0x8d, 0xff, 0xc5, 0xb2, 0x8e, 0xff, 
0xc5, 0xb2, 0x8e, 0xff, 0xc4, 0xb2, 0x8d, 0xff, 0xc3, 0xb1, 0x8d, 0xff, 0xc2, 0xaf, 0x8b, 0xff, 
0xc2, 0xaf, 0x8b, 0xff, 0xc2, 0xb0, 0x8b, 0xff, 0xc2, 0xaf, 0x8b, 0xff, 0xc3, 0xb1, 0x8b, 0xff, 
0xc1, 0xaf, 0x8a, 0xff, 0xc1, 0xaf, 0x8b, 0xff, 0xc2, 0xb0, 0x8b, 0xff, 0xc1, 0xae, 0x89, 0xff, 
0xc0, 0xae, 0x89, 0xff, 0xc0, 0xaf, 0x89, 0xff, 0xc1, 0xb0, 0x89, 0xff, 0xc3, 0xb1, 0x8a, 0xff, 
0xc2, 0xae, 0x89, 0xff, 0xc2, 0xae, 0x88, 0xff, 0xc1, 0xad, 0x88, 0xff, 0xc2, 0xae, 0x88, 0xff, 
0xc3, 0xaf, 0x88, 0xff, 0xc3, 0xb0, 0x89, 0xff, 0xc4, 0xb2, 0x8a, 0xff, 0xc3, 0xb0, 0x88, 0xff, 
0xc2, 0xaf, 0x87, 0xff, 0xc3, 0xb0, 0x89, 0xff, 0xc6, 0xb3, 0x8b, 0xff, 0xc3, 0xb1, 0x89, 0xff, 
0xc2, 0xb0, 0x89, 0xff, 0xc5, 0xb2, 0x8c, 0xff, 0xc4, 0xb1, 0x8b, 0xff, 0xc3, 0xb1, 0x89, 0xff, 
0xc3, 0xb1, 0x8b, 0xff, 0xc3, 0xb1, 0x8b, 0xff, 0xc5, 0xb3, 0x8d, 0xff, 0xc5, 0xb3, 0x8d, 0xff, 
0xc4, 0xb2, 0x8c, 0xff, 0xc5, 0xb3, 0x8d, 0xff, 0xc3, 0xb1, 0x8b, 0xff, 0xc3, 0xb1, 0x8b, 0xff, 
0xc3, 0xb1, 0x8b, 0xff, 0xc2, 0xb0, 0x8a, 0xff, 0xc3, 0xb1, 0x8b, 0xff, 0xc4, 0xb3, 0x8d, 0xff, 
0xc2, 0xb0, 0x8b, 0xff, 0xc4, 0xb2, 0x8c, 0xff, 0xc5, 0xb4, 0x8e, 0xff, 0xc4, 0xb2, 0x8e, 0xff, 
0xc4, 0xb2, 0x8f, 0xff, 0xc4, 0xb2, 0x8d, 0xff, 0xc2, 0xb0, 0x8a, 0xff, 0xc2, 0xb0, 0x8a, 0xff, 
0xc1, 0xaf, 0x89, 0xff, 0xc1, 0xaf, 0x8a, 0xff, 0xc1, 0xaf, 0x89, 0xff, 0xc2, 0xb0, 0x89, 0xff, 
0xc2, 0xb0, 0x89, 0xff, 0xc0, 0xae, 0x88, 0xff, 0xbf, 0xad, 0x87, 0xff, 0xbf, 0xad, 0x87, 0xff, 
0xbf, 0xad, 0x88, 0xff, 0xbf, 0xad, 0x87, 0xff, 0xc0, 0xae, 0x88, 0xff, 0xbf, 0xac, 0x86, 0xff, 
0xbf, 0xac, 0x87, 0xff, 0xc0, 0xad, 0x88, 0xff, 0xbe, 0xac, 0x87, 0xff, 0xbe, 0xac, 0x86, 0xff, 
0xc3, 0xb1, 0x8a, 0xff, 0xc4, 0xb2, 0x8b, 0xff, 0xc3, 0xb0, 0x8a, 0xff, 0xc2, 0xb0, 0x8a, 0xff, 
0xc4, 0xb1, 0x8b, 0xff, 0xc5, 0xb3, 0x8b, 0xff, 0xc4, 0xb2, 0x8b, 0xff, 0xc3, 0xb1, 0x8b, 0xff, 
0xc4, 0xb2, 0x8b, 0xff, 0xc4, 0xb1, 0x8b, 0xff, 0xc4, 0xb1, 0x8b, 0xff, 0xc5, 0xb2, 0x8b, 0xff, 
0xc4, 0xb1, 0x8a, 0xff, 0xc5, 0xb2, 0x8c, 0xff, 0xc3, 0xb0, 0x89, 0xff, 0xc5, 0xb2, 0x8a, 0xff, 
0xc4, 0xb2, 0x8a, 0xff, 0xc3, 0xaf, 0x8a, 0xff, 0xc4, 0xb0, 0x8b, 0xff, 0xc3, 0xaf, 0x8a, 0xff, 
0xc3, 0xb1, 0x8b, 0xff, 0xc1, 0xaf, 0x89, 0xff, 0xc3, 0xaf, 0x89, 0xff, 0xc4, 0xb0, 0x8b, 0xff, 
0xc3, 0xb0, 0x89, 0xff, 0xc3, 0xb1, 0x8c, 0xff, 0xc2, 0xb0, 0x8b, 0xff, 0xc0, 0xae, 0x87, 0xff, 
0xc1, 0xaf, 0x89, 0xff, 0xc1, 0xae, 0x88, 0xff, 0xc3, 0xb0, 0x8a, 0xff, 0xc3, 0xb1, 0x8a, 0xff, 
0xc0, 0xae, 0x88, 0xff, 0xc1, 0xaf, 0x8a, 0xff, 0xc1, 0xaf, 0x8a, 0xff, 0xc3, 0xb1, 0x8b, 0xff, 
0xc2, 0xb0, 0x8a, 0xff, 0xc0, 0xaf, 0x8a, 0xff, 0xc3, 0xb1, 0x8c, 0xff, 0xc3, 0xb1, 0x8b, 0xff, 
0xc3, 0xb0, 0x8a, 0xff, 0xc4, 0xb2, 0x8c, 0xff, 0xc1, 0xaf, 0x89, 0xff, 0xc1, 0xaf, 0x89, 0xff, 
0xc3, 0xb0, 0x8a, 0xff, 0xc4, 0xb0, 0x8a, 0xff, 0xc3, 0xb0, 0x8b, 0xff, 0xc2, 0xb0, 0x8a, 0xff, 
0xc3, 0xb1, 0x8b, 0xff, 0xc2, 0xaf, 0x89, 0xff, 0xc3, 0xb0, 0x8a, 0xff, 0xc1, 0xaf, 0x89, 0xff, 
0xc3, 0xb1, 0x8b, 0xff, 0xc2, 0xb0, 0x8b, 0xff, 0xc1, 0xaf, 0x89, 0xff, 0xc4, 0xb1, 0x8c, 0xff, 
0xc1, 0xaf, 0x89, 0xff, 0xc3, 0xb1, 0x8b, 0xff, 0xc3, 0xb1, 0x8a, 0xff, 0xc0, 0xae, 0x88, 0xff, 
0xc1, 0xaf, 0x8a, 0xff, 0xc1, 0xaf, 0x89, 0xff, 0xc5, 0xb3, 0x8c, 0xff, 0xc3, 0xb1, 0x8b, 0xff, 
0xc1, 0xb0, 0x8a, 0xff, 0xc2, 0xb0, 0x8a, 0xff, 0xc2, 0xb0, 0x8a, 0xff, 0xc2, 0xb0, 0x89, 0xff, 
0xc4, 0xb3, 0x8b, 0xff, 0xc3, 0xb1, 0x8b, 0xff, 0xc1, 0xae, 0x89, 0xff, 0xc1, 0xae, 0x89, 0xff, 
0xc2, 0xb0, 0x89, 0xff, 0xc3, 0xb1, 0x89, 0xff, 0xc3, 0xb1, 0x8a, 0xff, 0xc4, 0xb0, 0x8a, 0xff, 
0xc4, 0xb0, 0x89, 0xff, 0xc3, 0xaf, 0x88, 0xff, 0xc3, 0xb0, 0x89, 0xff, 0xc5, 0xb3, 0x8b, 0xff, 
0xc5, 0xb1, 0x8a, 0xff, 0xc3, 0xaf, 0x89, 0xff, 0xc2, 0xaf, 0x87, 0xff, 0xc5, 0xb2, 0x8a, 0xff, 
0xc5, 0xb3, 0x8b, 0xff, 0xc2, 0xb0, 0x89, 0xff, 0xc4, 0xb1, 0x8a, 0xff, 0xc4, 0xb2, 0x8a, 0xff, 
0xc6, 0xb3, 0x8c, 0xff, 0xc6, 0xb3, 0x8b, 0xff, 0xc5, 0xb4, 0x8b, 0xff, 0xc8, 0xb6, 0x91, 0xff, 
0xc5, 0xb3, 0x8d, 0xff, 0xc4, 0xb2, 0x8c, 0xff, 0xc6, 0xb4, 0x8d, 0xff, 0xc8, 0xb6, 0x90, 0xff, 
0xcb, 0xb9, 0x93, 0xff, 0xc7, 0xb4, 0x8e, 0xff, 0xc9, 0xb7, 0x92, 0xff, 0xc9, 0xb7, 0x91, 0xff, 
0xc5, 0xb3, 0x8d, 0xff, 0xc7, 0xb5, 0x8f, 0xff, 0xca, 0xb9, 0x93, 0xff, 0xc9, 0xb7, 0x90, 0xff, 
0xcb, 0xb9, 0x94, 0xff, 0xc9, 0xb7, 0x92, 0xff, 0xc5, 0xb3, 0x8d, 0xff, 0xc7, 0xb5, 0x8f, 0xff, 
0xc8, 0xb5, 0x8f, 0xff, 0xc7, 0xb5, 0x8f, 0xff, 0xc7, 0xb4, 0x8e, 0xff, 0xc6, 0xb5, 0x8e, 0xff, 
0xc5, 0xb3, 0x8d, 0xff, 0xc5, 0xb2, 0x8d, 0xff, 0xc6, 0xb3, 0x8e, 0xff, 0xc5, 0xb2, 0x8c, 0xff, 
0xc5, 0xb4, 0x8d, 0xff, 0xc3, 0xb1, 0x8b, 0xff, 0xc5, 0xb2, 0x8c, 0xff, 0xc5, 0xb2, 0x8c, 0xff, 
0xc4, 0xb0, 0x8b, 0xff, 0xc4, 0xb1, 0x8b, 0xff, 0xc2, 0xaf, 0x89, 0xff, 0xc1, 0xaf, 0x89, 0xff, 
0xc1, 0xaf, 0x89, 0xff, 0xc5, 0xb1, 0x8a, 0xff, 0xc6, 0xb4, 0x8c, 0xff, 0xc2, 0xb0, 0x8a, 0xff, 
0xc2, 0xb0, 0x8a, 0xff, 0xc2, 0xb1, 0x8a, 0xff, 0xc2, 0xaf, 0x8a, 0xff, 0xc4, 0xb1, 0x8a, 0xff, 
0xc6, 0xb3, 0x8b, 0xff, 0xc2, 0xb0, 0x89, 0xff, 0xc2, 0xb0, 0x8a, 0xff, 0xc2, 0xb0, 0x8a, 0xff, 
0xc4, 0xb1, 0x8a, 0xff, 0xc6, 0xb2, 0x8a, 0xff, 0xc5, 0xb2, 0x8a, 0xff, 0xc6, 0xb4, 0x8c, 0xff, 
0xc6, 0xb4, 0x8c, 0xff, 0xc6, 0xb2, 0x8a, 0xff, 0xc7, 0xb4, 0x8c, 0xff, 0xc8, 0xb6, 0x8d, 0xff, 
0xc8, 0xb6, 0x8d, 0xff, 0xc7, 0xb5, 0x8d, 0xff, 0xc7, 0xb5, 0x8c, 0xff, 0xc9, 0xb6, 0x8e, 0xff, 
0xc8, 0xb5, 0x8d, 0xff, 0xc9, 0xb6, 0x8e, 0xff, 0xca, 0xb7, 0x8f, 0xff, 0xca, 0xb6, 0x8e, 0xff, 
0xc9, 0xb6, 0x8e, 0xff, 0xc9, 0xb6, 0x8e, 0xff, 0xcc, 0xb9, 0x90, 0xff, 0xcb, 0xb9, 0x90, 0xff, 
0xcd, 0xbb, 0x94, 0xff, 0xcc, 0xba, 0x95, 0xff, 0xc8, 0xb6, 0x8f, 0xff, 0xcb, 0xb8, 0x90, 0xff, 
0xca, 0xb8, 0x90, 0xff, 0xce, 0xbc, 0x96, 0xff, 0xcd, 0xbb, 0x95, 0xff, 0xcb, 0xb9, 0x92, 0xff, 
0xcb, 0xb9, 0x93, 0xff, 0xcc, 0xba, 0x93, 0xff, 0xcd, 0xbb, 0x95, 0xff, 0xcf, 0xbd, 0x97, 0xff, 
0xd1, 0xbf, 0x9a, 0xff, 0xcd, 0xbb, 0x96, 0xff, 0xcd, 0xbb, 0x95, 0xff, 0xce, 0xbc, 0x95, 0xff, 
0xce, 0xbc, 0x96, 0xff, 0xce, 0xbd, 0x97, 0xff, 0xcd, 0xbb, 0x94, 0xff, 0xce, 0xbc, 0x95, 0xff, 
0xce, 0xbc, 0x96, 0xff, 0xce, 0xbc, 0x96, 0xff, 0xcf, 0xbc, 0x97, 0xff, 0xcf, 0xbc, 0x96, 0xff, 
0xcc, 0xb9, 0x93, 0xff, 0xcb, 0xb9, 0x92, 0xff, 0xcc, 0xb9, 0x93, 0xff, 0xcb, 0xb9, 0x93, 0xff, 
0xcb, 0xb9, 0x92, 0xff, 0xc9, 0xb7, 0x91, 0xff, 0xc8, 0xb6, 0x8f, 0xff, 0xc7, 0xb5, 0x8f, 0xff, 
0xc8, 0xb6, 0x91, 0xff, 0xc7, 0xb5, 0x8f, 0xff, 0xc8, 0xb5, 0x90, 0xff, 0xc5, 0xb3, 0x8d, 0xff, 
0xc6, 0xb4, 0x8f, 0xff, 0xc7, 0xb4, 0x8e, 0xff, 0xc5, 0xb2, 0x8d, 0xff, 0xc6, 0xb3, 0x8e, 0xff, 
0xc4, 0xb2, 0x8d, 0xff, 0xc4, 0xb2, 0x8d, 0xff, 0xc3, 0xb1, 0x8d, 0xff, 0xc6, 0xb3, 0x8d, 0xff, 
0xc8, 0xb5, 0x8e, 0xff, 0xc4, 0xb2, 0x8c, 0xff, 0xc4, 0xb2, 0x8c, 0xff, 0xc5, 0xb3, 0x8c, 0xff, 
0xc4, 0xb1, 0x8c, 0xff, 0xc6, 0xb2, 0x8c, 0xff, 0xc6, 0xb4, 0x8c, 0xff, 0xc5, 0xb2, 0x8b, 0xff, 
0xc7, 0xb3, 0x8c, 0xff, 0xc7, 0xb4, 0x8c, 0xff, 0xc6, 0xb4, 0x8d, 0xff, 0xc6, 0xb3, 0x8b, 0xff, 
0xc8, 0xb5, 0x8c, 0xff, 0xc9, 0xb6, 0x8d, 0xff, 0xc8, 0xb5, 0x8d, 0xff, 0xca, 0xb7, 0x8e, 0xff, 
0xc8, 0xb6, 0x8e, 0xff, 0xc8, 0xb6, 0x8e, 0xff, 0xc8, 0xb5, 0x8d, 0xff, 0xc8, 0xb5, 0x8e, 0xff, 
0xca, 0xb7, 0x8f, 0xff, 0xc8, 0xb6, 0x8e, 0xff, 0xcb, 0xb9, 0x93, 0xff, 0xc9, 0xb7, 0x92, 0xff, 
0xc6, 0xb5, 0x8f, 0xff, 0xc7, 0xb5, 0x8e, 0xff, 0xc8, 0xb6, 0x90, 0xff, 0xcb, 0xb9, 0x93, 0xff, 
0xc8, 0xb6, 0x90, 0xff, 0xc6, 0xb4, 0x8e, 0xff, 0xc7, 0xb5, 0x8f, 0xff, 0xc9, 0xb6, 0x90, 0xff, 
0xc7, 0xb5, 0x8f, 0xff, 0xcc, 0xba, 0x94, 0xff, 0xca, 0xb8, 0x93, 0xff, 0xc5, 0xb3, 0x8e, 0xff, 
0xc6, 0xb4, 0x8f, 0xff, 0xc7, 0xb5, 0x8f, 0xff, 0xc6, 0xb5, 0x8e, 0xff, 0xc6, 0xb4, 0x8e, 0xff, 
0xc5, 0xb3, 0x8d, 0xff, 0xc5, 0xb3, 0x8d, 0xff, 0xc5, 0xb2, 0x8d, 0xff, 0xc5, 0xb3, 0x8d, 0xff, 
0xc4, 0xb2, 0x8c, 0xff, 0xc5, 0xb3, 0x8c, 0xff, 0xc3, 0xb1, 0x8b, 0xff, 0xc5, 0xb2, 0x8b, 0xff, 
0xc4, 0xb1, 0x8b, 0xff, 0xc3, 0xb0, 0x8b, 0xff, 0xc3, 0xb1, 0x8b, 0xff, 0xc2, 0xb0, 0x8a, 0xff, 
0xc2, 0xb0, 0x8a, 0xff, 0xc2, 0xb0, 0x8b, 0xff, 0xc5, 0xb3, 0x8b, 0xff, 0xc6, 0xb4, 0x8c, 0xff, 
0xc6, 0xb3, 0x8c, 0xff, 0xc4, 0xb1, 0x8b, 0xff, 0xc6, 0xb3, 0x8b, 0xff, 0xc6, 0xb3, 0x8c, 0xff, 
0xcb, 0xb7, 0x8f, 0xff, 0xc7, 0xb4, 0x8c, 0xff, 0xc7, 0xb4, 0x8c, 0xff, 0xca, 0xb7, 0x8f, 0xff, 
0xc8, 0xb5, 0x8e, 0xff, 0xc7, 0xb4, 0x8c, 0xff, 0xc6, 0xb3, 0x8b, 0xff, 0xc5, 0xb2, 0x8d, 0xff, 
0xc6, 0xb3, 0x8c, 0xff, 0xc6, 0xb3, 0x8b, 0xff, 0xc6, 0xb2, 0x8b, 0xff, 0xc6, 0xb4, 0x8b, 0xff, 
0xc6, 0xb2, 0x8b, 0xff, 0xc6, 0xb3, 0x8b, 0xff, 0xc4, 0xb1, 0x8a, 0xff, 0xc4, 0xb1, 0x89, 0xff, 
0xc4, 0xb2, 0x8a, 0xff, 0xc4, 0xb0, 0x8b, 0xff, 0xc4, 0xb1, 0x8a, 0xff, 0xc5, 0xb2, 0x8b, 0xff, 
0xc4, 0xb1, 0x8b, 0xff, 0xc4, 0xb1, 0x8d, 0xff, 0xc3, 0xb0, 0x8b, 0xff, 0xc3, 0xaf, 0x89, 0xff, 
0xc3, 0xb0, 0x8a, 0xff, 0xc3, 0xaf, 0x8b, 0xff, 0xc4, 0xb0, 0x8b, 0xff, 0xc3, 0xaf, 0x8a, 0xff, 
0xc3, 0xaf, 0x8a, 0xff, 0xc3, 0xaf, 0x8a, 0xff, 0xc4, 0xaf, 0x8a, 0xff, 0xc5, 0xb1, 0x8c, 0xff, 
0xc4, 0xb0, 0x8b, 0xff, 0xc3, 0xaf, 0x8b, 0xff, 0xc5, 0xb1, 0x8c, 0xff, 0xc4, 0xb0, 0x8b, 0xff, 
0xc4, 0xb1, 0x8c, 0xff, 0xc6, 0xb3, 0x8d, 0xff, 0xc3, 0xb0, 0x8b, 0xff, 0xc5, 0xb2, 0x8e, 0xff, 
0xc6, 0xb2, 0x8d, 0xff, 0xc5, 0xb1, 0x8c, 0xff, 0xc9, 0xb5, 0x90, 0xff, 0xc8, 0xb5, 0x8f, 0xff, 
0xc6, 0xb3, 0x8e, 0xff, 0xc4, 0xb0, 0x8c, 0xff, 0xc3, 0xaf, 0x8b, 0xff, 0xc4, 0xb1, 0x8c, 0xff, 
0xc5, 0xb1, 0x8c, 0xff, 0xc4, 0xb0, 0x8b, 0xff, 0xc4, 0xb1, 0x8c, 0xff, 0xc5, 0xb1, 0x8c, 0xff, 
0xc5, 0xb1, 0x8d, 0xff, 0xc4, 0xb1, 0x8c, 0xff, 0xc4, 0xb0, 0x8b, 0xff, 0xc4, 0xb0, 0x8b, 0xff, 
0xc4, 0xb0, 0x8b, 0xff, 0xc5, 0xb1, 0x8c, 0xff, 0xc6, 0xb2, 0x8d, 0xff, 0xc6, 0xb2, 0x8d, 0xff, 
0xc4, 0xb0, 0x8b, 0xff, 0xc5, 0xb1, 0x8c, 0xff, 0xc5, 0xb2, 0x8c, 0xff, 0xc7, 0xb4, 0x8d, 0xff, 
0xc9, 0xb7, 0x8e, 0xff, 0xc4, 0xb1, 0x8a, 0xff, 0xc4, 0xb0, 0x8c, 0xff, 0xc6, 0xb2, 0x8e, 0xff, 
0xc6, 0xb3, 0x8b, 0xff, 0xc5, 0xb2, 0x8a, 0xff, 0xc5, 0xb2, 0x8b, 0xff, 0xc8, 0xb5, 0x8d, 0xff, 
0xc8, 0xb5, 0x8e, 0xff, 0xc4, 0xb1, 0x89, 0xff, 0xc6, 0xb3, 0x8b, 0xff, 0xc8, 0xb6, 0x8d, 0xff, 
0xc6, 0xb3, 0x8b, 0xff, 0xc6, 0xb3, 0x8b, 0xff, 0xc6, 0xb3, 0x8c, 0xff, 0xc7, 0xb4, 0x8d, 0xff, 
0xc8, 0xb5, 0x8d, 0xff, 0xc5, 0xb3, 0x8a, 0xff, 0xc7, 0xb4, 0x8c, 0xff, 0xc7, 0xb4, 0x8c, 0xff, 
0xc8, 0xb5, 0x8d, 0xff, 0xc8, 0xb5, 0x8d, 0xff, 0xca, 0xb7, 0x8f, 0xff, 0xcb, 0xb8, 0x90, 0xff, 
0xc9, 0xb6, 0x8f, 0xff, 0xc9, 0xb6, 0x8e, 0xff, 0xca, 0xb7, 0x90, 0xff, 0xcb, 0xb8, 0x91, 0xff, 
0xcc, 0xb9, 0x93, 0xff, 0xca, 0xb7, 0x90, 0xff, 0xca, 0xb8, 0x90, 0xff, 0xcb, 0xb8, 0x91, 0xff, 
0xca, 0xb7, 0x91, 0xff, 0xcc, 0xba, 0x94, 0xff, 0xcc, 0xba, 0x94, 0xff, 0xca, 0xb7, 0x92, 0xff, 
0xcd, 0xba, 0x95, 0xff, 0xcc, 0xb9, 0x93, 0xff, 0xc9, 0xb5, 0x91, 0xff, 0xcb, 0xb8, 0x92, 0xff, 
0xc9, 0xb6, 0x90, 0xff, 0xcd, 0xba, 0x92, 0xff, 0xce, 0xbb, 0x93, 0xff, 0xca, 0xb8, 0x90, 0xff, 
0xc9, 0xb6, 0x90, 0xff, 0xc8, 0xb4, 0x90, 0xff, 0xc7, 0xb4, 0x8f, 0xff, 0xc7, 0xb4, 0x8f, 0xff, 
0xc7, 0xb4, 0x8d, 0xff, 0xc6, 0xb3, 0x8d, 0xff, 0xc7, 0xb3, 0x8d, 0xff, 0xc7, 0xb3, 0x8d, 0xff, 
0xc7, 0xb3, 0x8e, 0xff, 0xc6, 0xb2, 0x8b, 0xff, 0xc4, 0xb1, 0x8b, 0xff, 0xc5, 0xb1, 0x8c, 0xff, 
0xc4, 0xb0, 0x8c, 0xff, 0xc6, 0xb2, 0x8c, 0xff, 0xc7, 0xb4, 0x8d, 0xff, 0xc6, 0xb3, 0x8c, 0xff, 
0xc5, 0xb1, 0x8b, 0xff, 0xc6, 0xb3, 0x8b, 0xff, 0xc6, 0xb3, 0x8c, 0xff, 0xca, 0xb7, 0x8f, 0xff, 
0xc8, 0xb5, 0x8c, 0xff, 0xc5, 0xb2, 0x8b, 0xff, 0xc8, 0xb5, 0x8e, 0xff, 0xc8, 0xb5, 0x8d, 0xff, 
0xc7, 0xb4, 0x8d, 0xff, 0xc8, 0xb5, 0x8d, 0xff, 0xca, 0xb7, 0x8d, 0xff, 0xcc, 0xba, 0x90, 0xff, 
0xca, 0xb7, 0x8f, 0xff, 0xc8, 0xb5, 0x8d, 0xff, 0xcc, 0xb9, 0x8f, 0xff, 0xcb, 0xb7, 0x8e, 0xff, 
0xcb, 0xb8, 0x8e, 0xff, 0xcd, 0xba, 0x90, 0xff, 0xcb, 0xb8, 0x8e, 0xff, 0xcc, 0xb9, 0x8f, 0xff, 
0xcc, 0xb9, 0x91, 0xff, 0xcb, 0xb8, 0x8f, 0xff, 0xcd, 0xba, 0x91, 0xff, 0xcb, 0xb9, 0x8e, 0xff, 
0xcc, 0xb9, 0x8f, 0xff, 0xcd, 0xb9, 0x90, 0xff, 0xcd, 0xba, 0x91, 0xff, 0xce, 0xbb, 0x91, 0xff, 
0xcf, 0xbd, 0x94, 0xff, 0xcf, 0xbc, 0x94, 0xff, 0xcd, 0xba, 0x92, 0xff, 0xce, 0xbb, 0x93, 0xff, 
0xce, 0xbb, 0x94, 0xff, 0xd0, 0xbd, 0x95, 0xff, 0xce, 0xbc, 0x95, 0xff, 0xce, 0xbb, 0x94, 0xff, 
0xcf, 0xbc, 0x94, 0xff, 0xd0, 0xbe, 0x95, 0xff, 0xcf, 0xbd, 0x96, 0xff, 0xcf, 0xbd, 0x98, 0xff, 
0xd1, 0xbf, 0x9a, 0xff, 0xcf, 0xbd, 0x96, 0xff, 0xd0, 0xbd, 0x96, 0xff, 0xd0, 0xbe, 0x97, 0xff, 
0xd0, 0xbe, 0x96, 0xff, 0xd2, 0xc0, 0x99, 0xff, 0xd1, 0xbf, 0x97, 0xff, 0xd2, 0xbf, 0x97, 0xff, 
0xd1, 0xbe, 0x98, 0xff, 0xcf, 0xbd, 0x98, 0xff, 0xd1, 0xbe, 0x98, 0xff, 0xd0, 0xbd, 0x98, 0xff, 
0xcf, 0xbb, 0x96, 0xff, 0xcf, 0xbc, 0x95, 0xff, 0xcd, 0xb9, 0x94, 0xff, 0xcf, 0xbc, 0x97, 0xff, 
0xd1, 0xbe, 0x97, 0xff, 0xcd, 0xbb, 0x95, 0xff, 0xcc, 0xb8, 0x94, 0xff, 0xca, 0xb7, 0x92, 0xff, 
0xca, 0xb7, 0x91, 0xff, 0xc9, 0xb6, 0x91, 0xff, 0xc8, 0xb5, 0x90, 0xff, 0xc7, 0xb5, 0x8f, 0xff, 
0xc8, 0xb5, 0x90, 0xff, 0xc9, 0xb4, 0x90, 0xff, 0xc9, 0xb4, 0x90, 0xff, 0xc8, 0xb4, 0x8f, 0xff, 
0xc7, 0xb3, 0x8e, 0xff, 0xc7, 0xb3, 0x8e, 0xff, 0xc6, 0xb2, 0x8e, 0xff, 0xc8, 0xb4, 0x8f, 0xff, 
0xc9, 0xb5, 0x90, 0xff, 0xc8, 0xb4, 0x8f, 0xff, 0xc7, 0xb3, 0x8f, 0xff, 0xc8, 0xb5, 0x8e, 0xff, 
0xc9, 0xb6, 0x8f, 0xff, 0xcb, 0xb8, 0x90, 0xff, 0xc9, 0xb6, 0x8e, 0xff, 0xc9, 0xb6, 0x8e, 0xff, 
0xcb, 0xb8, 0x90, 0xff, 0xc9, 0xb6, 0x8e, 0xff, 0xcb, 0xb8, 0x8f, 0xff, 0xcb, 0xb8, 0x8e, 0xff, 
0xca, 0xb7, 0x8f, 0xff, 0xcc, 0xb9, 0x91, 0xff, 0xca, 0xb7, 0x8e, 0xff, 0xcc, 0xb9, 0x8e, 0xff, 
0xcc, 0xb9, 0x91, 0xff, 0xca, 0xb7, 0x8f, 0xff, 0xcb, 0xb8, 0x8f, 0xff, 0xcc, 0xb9, 0x90, 0xff, 
0xcb, 0xb8, 0x8f, 0xff, 0xcb, 0xb8, 0x90, 0xff, 0xcc, 0xbb, 0x94, 0xff, 0xca, 0xb8, 0x91, 0xff, 
0xc9, 0xb6, 0x90, 0xff, 0xca, 0xb8, 0x92, 0xff, 0xca, 0xb8, 0x90, 0xff, 0xcb, 0xb9, 0x93, 0xff, 
0xca, 0xb7, 0x91, 0xff, 0xc9, 0xb6, 0x90, 0xff, 0xcb, 0xb8, 0x92, 0xff, 0xcb, 0xb8, 0x92, 0xff, 
0xc8, 0xb7, 0x91, 0xff, 0xcd, 0xbb, 0x95, 0xff, 0xcb, 0xb9, 0x93, 0xff, 0xc8, 0xb6, 0x90, 0xff, 
0xcb, 0xb9, 0x93, 0xff, 0xc8, 0xb6, 0x91, 0xff, 0xcb, 0xb9, 0x93, 0xff, 0xcd, 0xba, 0x93, 0xff, 
0xc9, 0xb7, 0x8f, 0xff, 0xc8, 0xb5, 0x8f, 0xff, 0xc8, 0xb5, 0x8f, 0xff, 0xc7, 0xb4, 0x8f, 0xff, 
0xc8, 0xb4, 0x8f, 0xff, 0xc7, 0xb3, 0x8e, 0xff, 0xc5, 0xb2, 0x8d, 0xff, 0xc6, 0xb2, 0x8d, 0xff, 
0xc7, 0xb2, 0x8d, 0xff, 0xc6, 0xb2, 0x8c, 0xff, 0xc5, 0xb2, 0x8b, 0xff, 0xc4, 0xb1, 0x8a, 0xff, 
0xc5, 0xb2, 0x8a, 0xff, 0xc5, 0xb2, 0x8b, 0xff, 0xc6, 0xb3, 0x8b, 0xff, 0xc7, 0xb4, 0x8c, 0xff, 
0xca, 0xb8, 0x8e, 0xff, 0xc6, 0xb4, 0x8c, 0xff, 0xc9, 0xb7, 0x8e, 0xff, 0xc9, 0xb6, 0x8e, 0xff, 
0xcd, 0xba, 0x91, 0xff, 0xca, 0xb7, 0x8f, 0xff, 0xc9, 0xb6, 0x8e, 0xff, 0xcc, 0xb8, 0x90, 0xff, 
0xca, 0xb9, 0x8f, 0xff, 0xca, 0xb9, 0x90, 0xff, 0xca, 0xb6, 0x8f, 0xff, 0xc7, 0xb5, 0x8d, 0xff, 
0xc8, 0xb6, 0x8d, 0xff, 0xc6, 0xb3, 0x8b, 0xff, 0xc8, 0xb5, 0x8d, 0xff, 0xc8, 0xb5, 0x8d, 0xff, 
0xc6, 0xb4, 0x8c, 0xff, 0xc7, 0xb5, 0x8d, 0xff, 0xc7, 0xb5, 0x8c, 0xff, 0xc6, 0xb5, 0x8c, 0xff, 
0xc5, 0xb3, 0x8a, 0xff, 0xc6, 0xb3, 0x8b, 0xff, 0xc7, 0xb5, 0x8c, 0xff, 0xc7, 0xb6, 0x8d, 0xff, 
0xc6, 0xb3, 0x8d, 0xff, 0xc6, 0xb3, 0x8c, 0xff, 0xc6, 0xb4, 0x8c, 0xff, 0xc8, 0xb6, 0x8c, 0xff, 
0xc7, 0xb3, 0x8c, 0xff, 0xc6, 0xb2, 0x8c, 0xff, 0xc6, 0xb3, 0x8b, 0xff, 0xc7, 0xb4, 0x8c, 0xff, 
0xc7, 0xb4, 0x8d, 0xff, 0xc7, 0xb3, 0x8d, 0xff, 0xc7, 0xb3, 0x8d, 0xff, 0xc7, 0xb3, 0x8d, 0xff, 
0xc7, 0xb3, 0x8d, 0xff, 0xc6, 0xb3, 0x8c, 0xff, 0xc5, 0xb2, 0x8c, 0xff, 0xc7, 0xb4, 0x8d, 0xff, 
0xc6, 0xb4, 0x8e, 0xff, 0xc7, 0xb4, 0x8e, 0xff, 0xc6, 0xb4, 0x8e, 0xff, 0xc7, 0xb5, 0x8f, 0xff, 
0xc7, 0xb5, 0x8e, 0xff, 0xc5, 0xb3, 0x8c, 0xff, 0xc9, 0xb5, 0x8f, 0xff, 0xc9, 0xb6, 0x8f, 0xff, 
0xc8, 0xb6, 0x8f, 0xff, 0xc8, 0xb6, 0x90, 0xff, 0xc5, 0xb3, 0x8c, 0xff, 0xc6, 0xb4, 0x8d, 0xff, 
0xc6, 0xb3, 0x8d, 0xff, 0xc6, 0xb3, 0x8d, 0xff, 0xc6, 0xb3, 0x8c, 0xff, 0xc6, 0xb4, 0x8d, 0xff, 
0xc7, 0xb4, 0x8e, 0xff, 0xc7, 0xb3, 0x8d, 0xff, 0xc8, 0xb5, 0x8e, 0xff, 0xc8, 0xb5, 0x8e, 0xff, 
0xc8, 0xb4, 0x8d, 0xff, 0xc8, 0xb5, 0x8e, 0xff, 0xc7, 0xb4, 0x8e, 0xff, 0xca, 0xb7, 0x8f, 0xff, 
0xc9, 0xb5, 0x8f, 0xff, 0xc8, 0xb5, 0x8e, 0xff, 0xc9, 0xb6, 0x8c, 0xff, 0xcb, 0xb8, 0x90, 0xff, 
0xcc, 0xb9, 0x92, 0xff, 0xca, 0xb7, 0x8f, 0xff, 0xc9, 0xb6, 0x8f, 0xff, 0xca, 0xb7, 0x90, 0xff, 
0xca, 0xb7, 0x8f, 0xff, 0xca, 0xb7, 0x8e, 0xff, 0xca, 0xb7, 0x8e, 0xff, 0xcc, 0xb9, 0x91, 0xff, 
0xcc, 0xb9, 0x90, 0xff, 0xcc, 0xb9, 0x91, 0xff, 0xcb, 0xb8, 0x90, 0xff, 0xcb, 0xb8, 0x90, 0xff, 
0xcb, 0xb8, 0x90, 0xff, 0xcb, 0xb9, 0x90, 0xff, 0xc9, 0xb8, 0x8e, 0xff, 0xc9, 0xb6, 0x8d, 0xff, 
0xc9, 0xb6, 0x8d, 0xff, 0xca, 0xb7, 0x8e, 0xff, 0xcb, 0xb8, 0x8f, 0xff, 0xcc, 0xb9, 0x91, 0xff, 
0xcd, 0xba, 0x90, 0xff, 0xcc, 0xb9, 0x90, 0xff, 0xcb, 0xb9, 0x90, 0xff, 0xcc, 0xb9, 0x91, 0xff, 
0xcf, 0xbc, 0x93, 0xff, 0xce, 0xbb, 0x93, 0xff, 0xcc, 0xb9, 0x90, 0xff, 0xcd, 0xba, 0x92, 0xff, 
0xcd, 0xba, 0x93, 0xff, 0xce, 0xbc, 0x94, 0xff, 0xcd, 0xbb, 0x92, 0xff, 0xcd, 0xbb, 0x93, 0xff, 
0xcd, 0xba, 0x93, 0xff, 0xce, 0xbc, 0x94, 0xff, 0xcd, 0xbb, 0x96, 0xff, 0xcd, 0xba, 0x93, 0xff, 
0xcd, 0xbb, 0x94, 0xff, 0xcd, 0xbc, 0x95, 0xff, 0xcc, 0xba, 0x93, 0xff, 0xcd, 0xbb, 0x94, 0xff, 
0xcb, 0xb9, 0x93, 0xff, 0xcc, 0xba, 0x92, 0xff, 0xce, 0xbb, 0x93, 0xff, 0xcd, 0xbb, 0x92, 0xff, 
0xcd, 0xbb, 0x93, 0xff, 0xca, 0xb8, 0x91, 0xff, 0xc9, 0xb6, 0x8f, 0xff, 0xca, 0xb8, 0x90, 0xff, 
0xc8, 0xb6, 0x8e, 0xff, 0xc8, 0xb6, 0x8e, 0xff, 0xc9, 0xb6, 0x8f, 0xff, 0xc9, 0xb6, 0x8f, 0xff, 
0xc9, 0xb6, 0x8f, 0xff, 0xca, 0xb7, 0x90, 0xff, 0xcb, 0xb7, 0x90, 0xff, 0xc9, 0xb6, 0x8e, 0xff, 
0xc9, 0xb6, 0x8f, 0xff, 0xc9, 0xb6, 0x90, 0xff, 0xca, 0xb7, 0x8f, 0xff, 0xcb, 0xb8, 0x8e, 0xff, 
0xc8, 0xb5, 0x8e, 0xff, 0xca, 0xb8, 0x8f, 0xff, 0xcb, 0xb8, 0x8f, 0xff, 0xcd, 0xba, 0x92, 0xff, 
0xcb, 0xb9, 0x90, 0xff, 0xcc, 0xb9, 0x91, 0xff, 0xcd, 0xb9, 0x93, 0xff, 0xcd, 0xba, 0x91, 0xff, 
0xcb, 0xb9, 0x8f, 0xff, 0xcc, 0xba, 0x91, 0xff, 0xce, 0xbc, 0x92, 0xff, 0xce, 0xbc, 0x92, 0xff, 
0xce, 0xbc, 0x93, 0xff, 0xd0, 0xbd, 0x93, 0xff, 0xd1, 0xbe, 0x94, 0xff, 0xd0, 0xbd, 0x93, 0xff, 
0xcf, 0xbd, 0x93, 0xff, 0xd1, 0xbf, 0x95, 0xff, 0xcf, 0xbd, 0x92, 0xff, 0xcf, 0xbc, 0x92, 0xff, 
0xcf, 0xbd, 0x93, 0xff, 0xcf, 0xbd, 0x93, 0xff, 0xd0, 0xbf, 0x94, 0xff, 0xd0, 0xbf, 0x94, 0xff, 
0xd1, 0xbe, 0x94, 0xff, 0xd1, 0xbe, 0x94, 0xff, 0xd0, 0xbd, 0x93, 0xff, 0xd0, 0xbd, 0x93, 0xff, 
0xd0, 0xbd, 0x93, 0xff, 0xd0, 0xbf, 0x95, 0xff, 0xd1, 0xc1, 0x96, 0xff, 0xd0, 0xbf, 0x95, 0xff, 
0xd1, 0xbe, 0x95, 0xff, 0xd1, 0xbf, 0x95, 0xff, 0xd0, 0xbf, 0x97, 0xff, 0xd0, 0xbf, 0x97, 0xff, 
0xd1, 0xbf, 0x97, 0xff, 0xd1, 0xbf, 0x97, 0xff, 0xd1, 0xbf, 0x97, 0xff, 0xd1, 0xbf, 0x98, 0xff, 
0xd2, 0xc0, 0x99, 0xff, 0xd1, 0xc0, 0x97, 0xff, 0xd2, 0xc0, 0x98, 0xff, 0xd2, 0xc0, 0x98, 0xff, 
0xd1, 0xbf, 0x96, 0xff, 0xd3, 0xc0, 0x97, 0xff, 0xd3, 0xc1, 0x99, 0xff, 0xd3, 0xc1, 0x99, 0xff, 
0xd3, 0xc1, 0x9a, 0xff, 0xd1, 0xbf, 0x98, 0xff, 0xd2, 0xc0, 0x98, 0xff, 0xd1, 0xbf, 0x98, 0xff, 
0xd1, 0xbf, 0x97, 0xff, 0xd1, 0xbf, 0x98, 0xff, 0xcf, 0xbd, 0x96, 0xff, 0xd0, 0xbd, 0x96, 0xff, 
0xd1, 0xbd, 0x97, 0xff, 0xd0, 0xbd, 0x96, 0xff, 0xcf, 0xbd, 0x96, 0xff, 0xcd, 0xba, 0x94, 0xff, 
0xcb, 0xb9, 0x92, 0xff, 0xcc, 0xba, 0x93, 0xff, 0xca, 0xb7, 0x91, 0xff, 0xca, 0xb8, 0x91, 0xff, 
0xcb, 0xb8, 0x91, 0xff, 0xcb, 0xb7, 0x92, 0xff, 0xcb, 0xb8, 0x91, 0xff, 0xcb, 0xb8, 0x92, 0xff, 
0xcc, 0xb8, 0x94, 0xff, 0xcc, 0xb8, 0x91, 0xff, 0xcb, 0xb8, 0x91, 0xff, 0xcb, 0xb8, 0x91, 0xff, 
0xcc, 0xb9, 0x91, 0xff, 0xcd, 0xbb, 0x92, 0xff, 0xcb, 0xb8, 0x91, 0xff, 0xcc, 0xb9, 0x91, 0xff, 
0xcd, 0xba, 0x91, 0xff, 0xce, 0xbb, 0x93, 0xff, 0xcd, 0xbb, 0x92, 0xff, 0xce, 0xbc, 0x92, 0xff, 
0xce, 0xbc, 0x92, 0xff, 0xcd, 0xbb, 0x92, 0xff, 0xce, 0xbc, 0x92, 0xff, 0xcf, 0xbd, 0x92, 0xff, 
0xcd, 0xbb, 0x91, 0xff, 0xce, 0xbc, 0x91, 0xff, 0xce, 0xbb, 0x91, 0xff, 0xce, 0xbc, 0x91, 0xff, 
0xcf, 0xbd, 0x92, 0xff, 0xce, 0xbd, 0x92, 0xff, 0xcf, 0xbd, 0x93, 0xff, 0xd0, 0xbd, 0x92, 0xff, 
0xce, 0xbd, 0x93, 0xff, 0xce, 0xbc, 0x93, 0xff, 0xcf, 0xbc, 0x93, 0xff, 0xd0, 0xbe, 0x94, 0xff, 
0xcf, 0xbd, 0x94, 0xff, 0xce, 0xbc, 0x94, 0xff, 0xce, 0xbc, 0x93, 0xff, 0xce, 0xbc, 0x94, 0xff, 
0xce, 0xbc, 0x95, 0xff, 0xcc, 0xba, 0x93, 0xff, 0xcc, 0xba, 0x93, 0xff, 0xcd, 0xbb, 0x94, 0xff, 
0xcd, 0xbb, 0x95, 0xff, 0xcc, 0xba, 0x94, 0xff, 0xcb, 0xb9, 0x94, 0xff, 0xcb, 0xb9, 0x93, 0xff, 
0xcc, 0xba, 0x94, 0xff, 0xca, 0xb8, 0x91, 0xff, 0xca, 0xb8, 0x91, 0xff, 0xcd, 0xba, 0x92, 0xff, 
0xcc, 0xba, 0x93, 0xff, 0xcb, 0xb9, 0x92, 0xff, 0xca, 0xb8, 0x90, 0xff, 0xc8, 0xb6, 0x8f, 0xff, 
0xca, 0xb8, 0x90, 0xff, 0xc8, 0xb6, 0x8f, 0xff, 0xc8, 0xb6, 0x8e, 0xff, 0xc7, 0xb5, 0x8d, 0xff, 
0xc8, 0xb5, 0x8d, 0xff, 0xc8, 0xb5, 0x8d, 0xff, 0xc9, 0xb6, 0x8e, 0xff, 0xca, 0xb7, 0x8e, 0xff, 
0xc7, 0xb6, 0x8d, 0xff, 0xc8, 0xb7, 0x8e, 0xff, 0xc9, 0xb6, 0x8e, 0xff, 0xc9, 0xb6, 0x8e, 0xff, 
0xcb, 0xb7, 0x8e, 0xff, 0xcc, 0xb9, 0x8e, 0xff, 0xc9, 0xb6, 0x8d, 0xff, 0xc7, 0xb5, 0x8c, 0xff, 
0xc7, 0xb5, 0x8c, 0xff, 0xcb, 0xb8, 0x8e, 0xff, 0xc9, 0xb6, 0x8d, 0xff, 0xc7, 0xb5, 0x8d, 0xff, 
0xc9, 0xb6, 0x8b, 0xff, 0xc9, 0xb6, 0x8c, 0xff, 0xc8, 0xb6, 0x8e, 0xff, 0xc7, 0xb4, 0x8b, 0xff, 
0xc7, 0xb5, 0x8c, 0xff, 0xc8, 0xb5, 0x8c, 0xff, 0xc7, 0xb5, 0x8b, 0xff, 0xc7, 0xb5, 0x8b, 0xff, 
0xc9, 0xb6, 0x8c, 0xff, 0xcb, 0xb6, 0x8d, 0xff, 0xc9, 0xb6, 0x8c, 0xff, 0xc8, 0xb5, 0x8b, 0xff, 
0xc8, 0xb4, 0x8b, 0xff, 0xc6, 0xb4, 0x8a, 0xff, 0xc8, 0xb5, 0x8b, 0xff, 0xcb, 0xb6, 0x8c, 0xff, 
0xca, 0xb6, 0x8d, 0xff, 0xc9, 0xb7, 0x8f, 0xff, 0xc8, 0xb6, 0x8e, 0xff, 0xc9, 0xb5, 0x8c, 0xff, 
0xc9, 0xb5, 0x8d, 0xff, 0xc9, 0xb4, 0x8d, 0xff, 0xc9, 0xb5, 0x8c, 0xff, 0xca, 0xb6, 0x8d, 0xff, 
0xc8, 0xb6, 0x8d, 0xff, 0xc7, 0xb5, 0x8c, 0xff, 0xc7, 0xb5, 0x8c, 0xff, 0xc9, 0xb5, 0x8d, 0xff, 
0xc7, 0xb5, 0x8c, 0xff, 0xc6, 0xb4, 0x8b, 0xff, 0xc7, 0xb4, 0x8c, 0xff, 0xc7, 0xb5, 0x8c, 0xff, 
0xc6, 0xb3, 0x8b, 0xff, 0xc5, 0xb2, 0x8b, 0xff, 0xc7, 0xb4, 0x8d, 0xff, 0xc6, 0xb3, 0x8a, 0xff, 
0xc6, 0xb4, 0x8b, 0xff, 0xc7, 0xb4, 0x8c, 0xff, 0xc6, 0xb4, 0x8c, 0xff, 0xc7, 0xb4, 0x8b, 0xff, 
0xc6, 0xb4, 0x8c, 0xff, 0xc6, 0xb4, 0x8c, 0xff, 0xc6, 0xb4, 0x8c, 0xff, 0xc6, 0xb3, 0x8c, 0xff, 
0xc7, 0xb4, 0x8c, 0xff, 0xc6, 0xb4, 0x8c, 0xff, 0xc6, 0xb3, 0x8c, 0xff, 0xc8, 0xb5, 0x8d, 0xff, 
0xca, 0xb7, 0x8e, 0xff, 0xcb, 0xb6, 0x8d, 0xff, 0xca, 0xb7, 0x8f, 0xff, 0xc8, 0xb6, 0x8e, 0xff, 
0xc8, 0xb5, 0x8d, 0xff, 0xca, 0xb7, 0x8f, 0xff, 0xcc, 0xb7, 0x8f, 0xff, 0xcb, 0xb7, 0x8e, 0xff, 
0xcd, 0xb8, 0x8f, 0xff, 0xcb, 0xb8, 0x8f, 0xff, 0xca, 0xb7, 0x8e, 0xff, 0xca, 0xb6, 0x8e, 0xff, 
0xcc, 0xb8, 0x8f, 0xff, 0xcd, 0xb9, 0x8f, 0xff, 0xca, 0xb7, 0x8d, 0xff, 0xcb, 0xb8, 0x8f, 0xff, 
0xcc, 0xb9, 0x90, 0xff, 0xcb, 0xb9, 0x8f, 0xff, 0xcc, 0xb8, 0x8f, 0xff, 0xcc, 0xb8, 0x8e, 0xff, 
0xcc, 0xb7, 0x8e, 0xff, 0xcd, 0xb9, 0x90, 0xff, 0xcc, 0xb8, 0x8d, 0xff, 0xcd, 0xb8, 0x8f, 0xff, 
0xcf, 0xb9, 0x91, 0xff, 0xcd, 0xb8, 0x8f, 0xff, 0xcb, 0xb7, 0x8d, 0xff, 0xcd, 0xb7, 0x8e, 0xff, 
0xcb, 0xb6, 0x8d, 0xff, 0xcb, 0xb6, 0x8d, 0xff, 0xcb, 0xb7, 0x8d, 0xff, 0xcc, 0xb7, 0x8e, 0xff, 
0xce, 0xb9, 0x8f, 0xff, 0xce, 0xb9, 0x8f, 0xff, 0xce, 0xb9, 0x90, 0xff, 0xcf, 0xbb, 0x91, 0xff, 
0xce, 0xb9, 0x90, 0xff, 0xce, 0xb9, 0x8f, 0xff, 0xce, 0xb9, 0x8f, 0xff, 0xce, 0xba, 0x90, 0xff, 
0xce, 0xba, 0x91, 0xff, 0xce, 0xba, 0x90, 0xff, 0xcd, 0xba, 0x90, 0xff, 0xcc, 0xb9, 0x90, 0xff, 
0xcc, 0xb8, 0x8f, 0xff, 0xcd, 0xba, 0x90, 0xff, 0xce, 0xbb, 0x94, 0xff, 0xcc, 0xb9, 0x91, 0xff, 
0xca, 0xb6, 0x8c, 0xff, 0xcd, 0xb9, 0x90, 0xff, 0xcd, 0xb9, 0x90, 0xff, 0xcb, 0xb7, 0x8e, 0xff, 
0xcc, 0xb9, 0x90, 0xff, 0xcb, 0xb7, 0x8f, 0xff, 0xca, 0xb7, 0x8e, 0xff, 0xca, 0xb8, 0x8f, 0xff, 
0xca, 0xb7, 0x8e, 0xff, 0xc9, 0xb6, 0x8c, 0xff, 0xc9, 0xb6, 0x8d, 0xff, 0xca, 0xb6, 0x8c, 0xff, 
0xca, 0xb6, 0x8e, 0xff, 0xc9, 0xb6, 0x8d, 0xff, 0xc8, 0xb6, 0x8c, 0xff, 0xcb, 0xb7, 0x8e, 0xff, 
0xcc, 0xb7, 0x8d, 0xff, 0xcb, 0xb8, 0x8e, 0xff, 0xca, 0xb8, 0x8f, 0xff, 0xc9, 0xb6, 0x8d, 0xff, 
0xca, 0xb7, 0x8f, 0xff, 0xcc, 0xb9, 0x90, 0xff, 0xcb, 0xb7, 0x8d, 0xff, 0xcc, 0xb8, 0x8e, 0xff, 
0xcd, 0xb9, 0x8f, 0xff, 0xcb, 0xb8, 0x8f, 0xff, 0xca, 0xb7, 0x8d, 0xff, 0xca, 0xb7, 0x8e, 0xff, 
0xce, 0xba, 0x90, 0xff, 0xce, 0xb9, 0x90, 0xff, 0xcc, 0xb9, 0x90, 0xff, 0xce, 0xba, 0x91, 0xff, 
0xcd, 0xb9, 0x8f, 0xff, 0xcf, 0xba, 0x90, 0xff, 0xcf, 0xbb, 0x91, 0xff, 0xcf, 0xba, 0x90, 0xff, 
0xd1, 0xbc, 0x92, 0xff, 0xd2, 0xbd, 0x93, 0xff, 0xd1, 0xbd, 0x92, 0xff, 0xd2, 0xbf, 0x94, 0xff, 
0xd2, 0xbe, 0x93, 0xff, 0xd1, 0xbc, 0x93, 0xff, 0xd2, 0xbe, 0x95, 0xff, 0xd2, 0xbd, 0x94, 0xff, 
0xd0, 0xbb, 0x91, 0xff, 0xd1, 0xbd, 0x92, 0xff, 0xd1, 0xbd, 0x92, 0xff, 0xd2, 0xbd, 0x94, 0xff, 
0xd2, 0xbd, 0x94, 0xff, 0xd0, 0xbc, 0x92, 0xff, 0xd0, 0xbc, 0x93, 0xff, 0xd1, 0xbd, 0x94, 0xff, 
0xd1, 0xbf, 0x94, 0xff, 0xd1, 0xbe, 0x94, 0xff, 0xd1, 0xbd, 0x93, 0xff, 0xd1, 0xbd, 0x93, 0xff, 
0xd1, 0xbd, 0x93, 0xff, 0xd1, 0xbd, 0x93, 0xff, 0xd0, 0xbd, 0x93, 0xff, 0xd0, 0xbe, 0x94, 0xff, 
0xd1, 0xbd, 0x94, 0xff, 0xd0, 0xbd, 0x93, 0xff, 0xd0, 0xbd, 0x93, 0xff, 0xd0, 0xbd, 0x93, 0xff, 
0xd0, 0xbd, 0x93, 0xff, 0xd1, 0xc0, 0x97, 0xff, 0xd0, 0xbe, 0x94, 0xff, 0xd1, 0xbe, 0x94, 0xff, 
0xd1, 0xbe, 0x94, 0xff, 0xd0, 0xbd, 0x93, 0xff, 0xd0, 0xbe, 0x94, 0xff, 0xd1, 0xbf, 0x94, 0xff, 
0xd1, 0xbf, 0x95, 0xff, 0xd0, 0xbe, 0x94, 0xff, 0xcf, 0xbc, 0x93, 0xff, 0xd0, 0xbe, 0x93, 0xff, 
0xcf, 0xbd, 0x94, 0xff, 0xce, 0xbc, 0x93, 0xff, 0xd0, 0xbd, 0x94, 0xff, 0xcf, 0xbc, 0x92, 0xff, 
0xcd, 0xbb, 0x92, 0xff, 0xcd, 0xbb, 0x93, 0xff, 0xcd, 0xba, 0x92, 0xff, 0xcb, 0xba, 0x91, 0xff, 
0xcb, 0xb9, 0x90, 0xff, 0xcb, 0xb8, 0x90, 0xff, 0xcb, 0xb8, 0x90, 0xff, 0xcb, 0xb8, 0x8f, 0xff, 
0xca, 0xb8, 0x90, 0xff, 0xcc, 0xb9, 0x90, 0xff, 0xcd, 0xb9, 0x91, 0xff, 0xcc, 0xb9, 0x91, 0xff, 
0xcb, 0xb9, 0x91, 0xff, 0xcb, 0xb9, 0x90, 0xff, 0xcd, 0xb9, 0x91, 0xff, 0xce, 0xba, 0x92, 0xff, 
0xcd, 0xb9, 0x91, 0xff, 0xcc, 0xb9, 0x90, 0xff, 0xce, 0xba, 0x90, 0xff, 0xcd, 0xba, 0x92, 0xff, 
0xcb, 0xb9, 0x90, 0xff, 0xcc, 0xb9, 0x8f, 0xff, 0xce, 0xbb, 0x91, 0xff, 0xcf, 0xba, 0x90, 0xff, 
0xcf, 0xba, 0x90, 0xff, 0xd0, 0xbb, 0x91, 0xff, 0xcf, 0xbb, 0x91, 0xff, 0xce, 0xba, 0x90, 0xff, 
0xd0, 0xbb, 0x92, 0xff, 0xcf, 0xba, 0x90, 0xff, 0xd0, 0xba, 0x91, 0xff, 0xcf, 0xbb, 0x91, 0xff, 
0xcf, 0xba, 0x91, 0xff, 0xd0, 0xbb, 0x91, 0xff, 0xcf, 0xbb, 0x91, 0xff, 0xd0, 0xbb, 0x91, 0xff, 
0xd0, 0xbc, 0x92, 0xff, 0xd1, 0xbe, 0x93, 0xff, 0xd2, 0xbe, 0x94, 0xff, 0xd0, 0xbd, 0x92, 0xff, 
0xcf, 0xbb, 0x91, 0xff, 0xcf, 0xba, 0x91, 0xff, 0xcf, 0xbb, 0x91, 0xff, 0xd0, 0xbc, 0x91, 0xff, 
0xcf, 0xbb, 0x91, 0xff, 0xce, 0xbc, 0x93, 0xff, 0xcc, 0xb8, 0x91, 0xff, 0xcb, 0xb8, 0x8f, 0xff, 
0xcc, 0xb9, 0x8f, 0xff, 0xcb, 0xb8, 0x90, 0xff, 0xcc, 0xb8, 0x92, 0xff, 0xcc, 0xb9, 0x91, 0xff, 
0xca, 0xb7, 0x8e, 0xff, 0xcc, 0xb8, 0x90, 0xff, 0xca, 0xb8, 0x90, 0xff, 0xc9, 0xb6, 0x8e, 0xff, 
0xc9, 0xb7, 0x8f, 0xff, 0xc9, 0xb6, 0x8e, 0xff, 0xc8, 0xb5, 0x8d, 0xff, 0xc8, 0xb5, 0x8d, 0xff, 
0xc8, 0xb6, 0x8d, 0xff, 0xc9, 0xb6, 0x8e, 0xff, 0xc8, 0xb6, 0x8e, 0xff, 0xc8, 0xb6, 0x8d, 0xff, 
0xca, 0xb7, 0x8d, 0xff, 0xcb, 0xb8, 0x8d, 0xff, 0xcb, 0xb7, 0x8e, 0xff, 0xca, 0xb7, 0x8e, 0xff, 
0xc9, 0xb6, 0x8c, 0xff, 0xca, 0xb7, 0x8d, 0xff, 0xcc, 0xb8, 0x8f, 0xff, 0xcb, 0xb6, 0x8d, 0xff, 
0xc8, 0xb3, 0x8b, 0xff, 0xc8, 0xb4, 0x8a, 0xff, 0xc7, 0xb2, 0x89, 0xff, 0xc6, 0xb1, 0x8a, 0xff, 
0xc6, 0xb2, 0x8b, 0xff, 0xc8, 0xb3, 0x8a, 0xff, 0xc6, 0xb3, 0x89, 0xff, 0xc7, 0xb3, 0x8a, 0xff, 
0xc8, 0xb3, 0x8a, 0xff, 0xc7, 0xb2, 0x89, 0xff, 0xc7, 0xb2, 0x89, 0xff, 0xc7, 0xb2, 0x8a, 0xff, 
0xc6, 0xb2, 0x89, 0xff, 0xc6, 0xb3, 0x8a, 0xff, 0xc7, 0xb2, 0x89, 0xff, 0xc7, 0xb3, 0x89, 0xff, 
0xc7, 0xb3, 0x8a, 0xff, 0xc8, 0xb2, 0x8a, 0xff, 0xc7, 0xb2, 0x8a, 0xff, 0xc8, 0xb2, 0x8a, 0xff, 
0xc8, 0xb2, 0x89, 0xff, 0xc6, 0xb1, 0x88, 0xff, 0xc6, 0xb1, 0x8a, 0xff, 0xc7, 0xb3, 0x8b, 0xff, 
0xc6, 0xb1, 0x88, 0xff, 0xc7, 0xb3, 0x8c, 0xff, 0xc8, 0xb4, 0x8b, 0xff, 0xc5, 0xb2, 0x8a, 0xff, 
0xc5, 0xb2, 0x8b, 0xff, 0xc6, 0xb3, 0x8b, 0xff, 0xc6, 0xb2, 0x8a, 0xff, 0xc6, 0xb3, 0x8b, 0xff, 
0xc5, 0xb2, 0x8a, 0xff, 0xc4, 0xb1, 0x8a, 0xff, 0xc6, 0xb3, 0x8c, 0xff, 0xc5, 0xb2, 0x8a, 0xff, 
0xc5, 0xb2, 0x8a, 0xff, 0xc5, 0xb2, 0x8a, 0xff, 0xc6, 0xb3, 0x8b, 0xff, 0xc4, 0xb1, 0x89, 0xff, 
0xc5, 0xb2, 0x8b, 0xff, 0xc5, 0xb1, 0x8c, 0xff, 0xc6, 0xb2, 0x8c, 0xff, 0xc6, 0xb3, 0x8a, 0xff, 
0xc5, 0xb2, 0x8a, 0xff, 0xc5, 0xb2, 0x8a, 0xff, 0xc5, 0xb2, 0x8b, 0xff, 0xc6, 0xb3, 0x8b, 0xff, 
0xc6, 0xb1, 0x8c, 0xff, 0xc6, 0xb2, 0x8b, 0xff, 0xc7, 0xb3, 0x8c, 0xff, 0xc6, 0xb2, 0x8c, 0xff, 
0xc6, 0xb2, 0x8b, 0xff, 0xc7, 0xb2, 0x8b, 0xff, 0xc7, 0xb2, 0x8d, 0xff, 0xc7, 0xb3, 0x8d, 0xff, 
0xc8, 0xb3, 0x8c, 0xff, 0xc7, 0xb4, 0x8c, 0xff, 0xc8, 0xb3, 0x8c, 0xff, 0xc6, 0xb1, 0x8d, 0xff, 
0xc7, 0xb3, 0x8d, 0xff, 0xc9, 0xb5, 0x8e, 0xff, 0xc7, 0xb3, 0x8d, 0xff, 0xc8, 0xb4, 0x8e, 0xff, 
0xc8, 0xb4, 0x8c, 0xff, 0xc8, 0xb4, 0x8d, 0xff, 0xc6, 0xb1, 0x8c, 0xff, 0xc7, 0xb3, 0x8b, 0xff, 
0xc8, 0xb4, 0x8c, 0xff, 0xc7, 0xb3, 0x8c, 0xff, 0xc7, 0xb3, 0x8c, 0xff, 0xc8, 0xb4, 0x8c, 0xff, 
0xc8, 0xb4, 0x8c, 0xff, 0xc8, 0xb3, 0x8c, 0xff, 0xc9, 0xb4, 0x8d, 0xff, 0xc8, 0xb3, 0x8c, 0xff, 
0xc8, 0xb2, 0x8c, 0xff, 0xc8, 0xb3, 0x8b, 0xff, 0xc9, 0xb3, 0x8b, 0xff, 0xca, 0xb4, 0x8b, 0xff, 
0xca, 0xb3, 0x8a, 0xff, 0xca, 0xb4, 0x8b, 0xff, 0xca, 0xb2, 0x8b, 0xff, 0xca, 0xb4, 0x8b, 0xff, 
0xc9, 0xb3, 0x8a, 0xff, 0xc8, 0xb3, 0x8a, 0xff, 0xc9, 0xb4, 0x8b, 0xff, 0xc8, 0xb4, 0x8c, 0xff, 
0xca, 0xb5, 0x8c, 0xff, 0xcb, 0xb4, 0x8b, 0xff, 0xcb, 0xb5, 0x8c, 0xff, 0xcd, 0xb8, 0x8f, 0xff, 
0xcb, 0xb5, 0x8c, 0xff, 0xc9, 0xb5, 0x8c, 0xff, 0xcc, 0xb9, 0x8f, 0xff, 0xcb, 0xb7, 0x8e, 0xff, 
0xca, 0xb6, 0x8d, 0xff, 0xcc, 0xb6, 0x8d, 0xff, 0xcc, 0xb7, 0x8d, 0xff, 0xca, 0xb6, 0x8e, 0xff, 
0xca, 0xb5, 0x8d, 0xff, 0xcb, 0xb6, 0x8c, 0xff, 0xcb, 0xb7, 0x8d, 0xff, 0xcb, 0xb7, 0x8e, 0xff, 
0xcb, 0xb7, 0x8f, 0xff, 0xcb, 0xb6, 0x8f, 0xff, 0xcb, 0xb8, 0x90, 0xff, 0xca, 0xb6, 0x8d, 0xff, 
0xca, 0xb6, 0x8c, 0xff, 0xc9, 0xb5, 0x8c, 0xff, 0xc9, 0xb4, 0x8c, 0xff, 0xca, 0xb5, 0x8c, 0xff, 
0xca, 0xb5, 0x8b, 0xff, 0xca, 0xb4, 0x8b, 0xff, 0xc9, 0xb4, 0x8b, 0xff, 0xc7, 0xb4, 0x8c, 0xff, 
0xc9, 0xb4, 0x8b, 0xff, 0xc8, 0xb4, 0x8b, 0xff, 0xc8, 0xb4, 0x8c, 0xff, 0xc7, 0xb4, 0x8c, 0xff, 
0xc8, 0xb3, 0x8c, 0xff, 0xc8, 0xb3, 0x8a, 0xff, 0xc7, 0xb3, 0x8b, 0xff, 0xc6, 0xb2, 0x8a, 0xff, 
0xc9, 0xb4, 0x8d, 0xff, 0xc8, 0xb4, 0x8c, 0xff, 0xc7, 0xb3, 0x8b, 0xff, 0xc9, 0xb4, 0x8d, 0xff, 
0xc9, 0xb5, 0x8d, 0xff, 0xc7, 0xb3, 0x8b, 0xff, 0xc8, 0xb3, 0x8b, 0xff, 0xc9, 0xb3, 0x8c, 0xff, 
0xca, 0xb4, 0x8c, 0xff, 0xca, 0xb5, 0x8d, 0xff, 0xca, 0xb5, 0x8d, 0xff, 0xca, 0xb5, 0x8d, 0xff, 
0xcb, 0xb4, 0x8c, 0xff, 0xcc, 0xb5, 0x8c, 0xff, 0xcc, 0xb5, 0x8c, 0xff, 0xcb, 0xb5, 0x8c, 0xff, 
0xcc, 0xb6, 0x8d, 0xff, 0xcd, 0xb7, 0x8e, 0xff, 0xcf, 0xb8, 0x8f, 0xff, 0xce, 0xb8, 0x8f, 0xff, 
0xce, 0xb8, 0x8f, 0xff, 0xce, 0xb7, 0x8f, 0xff, 0xd0, 0xb9, 0x90, 0xff, 0xce, 0xb8, 0x8f, 0xff, 
0xcd, 0xb6, 0x8d, 0xff, 0xce, 0xb8, 0x8f, 0xff, 0xcf, 0xb9, 0x8f, 0xff, 0xcf, 0xb8, 0x8f, 0xff, 
0xcf, 0xb8, 0x90, 0xff, 0xce, 0xb7, 0x8f, 0xff, 0xce, 0xb8, 0x8f, 0xff, 0xce, 0xb8, 0x8f, 0xff, 
0xcf, 0xba, 0x91, 0xff, 0xce, 0xbb, 0x91, 0xff, 0xcd, 0xb7, 0x8e, 0xff, 0xce, 0xb9, 0x90, 0xff, 
0xcf, 0xbb, 0x91, 0xff, 0xce, 0xb9, 0x90, 0xff, 0xcd, 0xb9, 0x8f, 0xff, 0xcc, 0xb9, 0x8f, 0xff, 
0xcc, 0xb9, 0x8f, 0xff, 0xce, 0xb9, 0x8f, 0xff, 0xcd, 0xb8, 0x8f, 0xff, 0xce, 0xbb, 0x90, 0xff, 
0xcf, 0xbb, 0x92, 0xff, 0xcf, 0xbb, 0x92, 0xff, 0xcf, 0xbb, 0x91, 0xff, 0xcf, 0xbb, 0x91, 0xff, 
0xcf, 0xbb, 0x91, 0xff, 0xcf, 0xba, 0x91, 0xff, 0xd0, 0xbb, 0x91, 0xff, 0xcf, 0xbb, 0x91, 0xff, 
0xcf, 0xba, 0x91, 0xff, 0xd0, 0xbc, 0x92, 0xff, 0xcf, 0xbb, 0x92, 0xff, 0xcf, 0xbb, 0x92, 0xff, 
0xcf, 0xbc, 0x94, 0xff, 0xce, 0xba, 0x93, 0xff, 0xce, 0xba, 0x92, 0xff, 0xcd, 0xb9, 0x91, 0xff, 
0xcd, 0xb9, 0x91, 0xff, 0xcd, 0xb9, 0x91, 0xff, 0xcc, 0xb8, 0x91, 0xff, 0xcd, 0xb8, 0x91, 0xff, 
0xcc, 0xb7, 0x90, 0xff, 0xc9, 0xb6, 0x8f, 0xff, 0xca, 0xb6, 0x8f, 0xff, 0xca, 0xb6, 0x8e, 0xff, 
0xca, 0xb6, 0x8e, 0xff, 0xca, 0xb6, 0x8e, 0xff, 0xcb, 0xb6, 0x8e, 0xff, 0xcb, 0xb6, 0x8f, 0xff, 
0xc9, 0xb5, 0x8d, 0xff, 0xc8, 0xb5, 0x8d, 0xff, 0xca, 0xb7, 0x8f, 0xff, 0xca, 0xb6, 0x8f, 0xff, 
0xca, 0xb5, 0x8e, 0xff, 0xca, 0xb6, 0x8e, 0xff, 0xca, 0xb6, 0x8e, 0xff, 0xc9, 0xb5, 0x8e, 0xff, 
0xc9, 0xb5, 0x8e, 0xff, 0xc9, 0xb4, 0x8d, 0xff, 0xca, 0xb4, 0x8d, 0xff, 0xcb, 0xb4, 0x8d, 0xff, 
0xcc, 0xb5, 0x8d, 0xff, 0xcc, 0xb5, 0x8d, 0xff, 0xcb, 0xb5, 0x8c, 0xff, 0xcc, 0xb5, 0x8c, 0xff, 
0xcc, 0xb6, 0x8d, 0xff, 0xcc, 0xb5, 0x8c, 0xff, 0xcd, 0xb6, 0x8d, 0xff, 0xcd, 0xb7, 0x8e, 0xff, 
0xcd, 0xb6, 0x8d, 0xff, 0xcd, 0xb6, 0x8d, 0xff, 0xce, 0xb7, 0x8e, 0xff, 0xce, 0xb7, 0x8f, 0xff, 
0xce, 0xb7, 0x8e, 0xff, 0xce, 0xb7, 0x8e, 0xff, 0xce, 0xbb, 0x91, 0xff, 0xce, 0xb9, 0x90, 0xff, 
0xca, 0xb6, 0x8e, 0xff, 0xcd, 0xb9, 0x91, 0xff, 0xce, 0xbb, 0x91, 0xff, 0xcc, 0xb9, 0x8e, 0xff, 
0xcc, 0xb8, 0x8f, 0xff, 0xca, 0xb7, 0x8f, 0xff, 0xca, 0xb8, 0x8f, 0xff, 0xc9, 0xb7, 0x8e, 0xff, 
0xca, 0xb7, 0x8e, 0xff, 0xcc, 0xb9, 0x90, 0xff, 0xca, 0xb8, 0x8f, 0xff, 0xca, 0xb7, 0x8f, 0xff, 
0xc8, 0xb6, 0x8e, 0xff, 0xca, 0xb7, 0x8f, 0xff, 0xc9, 0xb6, 0x8e, 0xff, 0xc8, 0xb5, 0x8d, 0xff, 
0xc8, 0xb4, 0x8d, 0xff, 0xc8, 0xb4, 0x8c, 0xff, 0xc9, 0xb4, 0x8b, 0xff, 0xc8, 0xb3, 0x8b, 0xff, 
0xc7, 0xb3, 0x8b, 0xff, 0xc7, 0xb4, 0x8c, 0xff, 0xc7, 0xb4, 0x8c, 0xff, 0xc8, 0xb4, 0x8c, 0xff, 
0xc6, 0xb3, 0x8b, 0xff, 0xc7, 0xb3, 0x8a, 0xff, 0xc8, 0xb3, 0x8b, 0xff, 0xc7, 0xb2, 0x8a, 0xff, 
0xc5, 0xb1, 0x88, 0xff, 0xc8, 0xb3, 0x8a, 0xff, 0xc8, 0xb3, 0x8b, 0xff, 0xc9, 0xb2, 0x8a, 0xff, 
0xc6, 0xaf, 0x86, 0xff, 0xc6, 0xaf, 0x87, 0xff, 0xc6, 0xaf, 0x87, 0xff, 0xc6, 0xae, 0x85, 0xff, 
0xc7, 0xb0, 0x87, 0xff, 0xc7, 0xb0, 0x87, 0xff, 0xc8, 0xb1, 0x87, 0xff, 0xc8, 0xb0, 0x87, 0xff, 
0xc8, 0xb1, 0x88, 0xff, 0xc9, 0xb3, 0x8a, 0xff, 0xc9, 0xb2, 0x89, 0xff, 0xc7, 0xb0, 0x87, 0xff, 
0xc7, 0xb0, 0x87, 0xff, 0xc5, 0xaf, 0x86, 0xff, 0xc7, 0xb0, 0x87, 0xff, 0xc7, 0xaf, 0x87, 0xff, 
0xc5, 0xaf, 0x86, 0xff, 0xc6, 0xaf, 0x86, 0xff, 0xc5, 0xaf, 0x86, 0xff, 0xc8, 0xb1, 0x88, 0xff, 
0xc6, 0xaf, 0x87, 0xff, 0xc6, 0xaf, 0x86, 0xff, 0xc7, 0xb1, 0x88, 0xff, 0xc6, 0xb0, 0x87, 0xff, 
0xc6, 0xaf, 0x87, 0xff, 0xc6, 0xb0, 0x87, 0xff, 0xc5, 0xaf, 0x86, 0xff, 0xc7, 0xb1, 0x88, 0xff, 
0xc6, 0xb0, 0x87, 0xff, 0xc5, 0xb0, 0x87, 0xff, 0xc5, 0xb0, 0x87, 0xff, 0xc5, 0xaf, 0x87, 0xff, 
0xc6, 0xb0, 0x88, 0xff, 0xc6, 0xb0, 0x8a, 0xff, 0xc7, 0xb0, 0x8a, 0xff, 0xc7, 0xb1, 0x8a, 0xff, 
0xc6, 0xb1, 0x8a, 0xff, 0xc6, 0xb1, 0x8a, 0xff, 0xc7, 0xb1, 0x8b, 0xff, 0xc8, 0xb2, 0x8c, 0xff, 
0xc9, 0xb3, 0x8c, 0xff, 0xc7, 0xb2, 0x8a, 0xff, 0xc6, 0xb1, 0x8a, 0xff, 0xc7, 0xb0, 0x8a, 0xff, 
0xc7, 0xb1, 0x8b, 0xff, 0xc7, 0xb2, 0x8a, 0xff, 0xc7, 0xb1, 0x8b, 0xff, 0xc8, 0xb1, 0x8c, 0xff, 
0xca, 0xb3, 0x8c, 0xff, 0xca, 0xb4, 0x8b, 0xff, 0xc8, 0xb2, 0x8b, 0xff, 0xc8, 0xb2, 0x8b, 0xff, 
0xc7, 0xb1, 0x8b, 0xff, 0xc7, 0xb1, 0x8a, 0xff, 0xc8, 0xb2, 0x8a, 0xff, 0xc6, 0xb0, 0x8a, 0xff, 
0xc7, 0xb1, 0x8b, 0xff, 0xc6, 0xb1, 0x8a, 0xff, 0xc6, 0xb0, 0x8a, 0xff, 0xc8, 0xb2, 0x8c, 0xff, 
0xc7, 0xb1, 0x8b, 0xff, 0xc7, 0xb0, 0x8a, 0xff, 0xc7, 0xb2, 0x8b, 0xff, 0xc7, 0xb1, 0x8b, 0xff, 
0xc7, 0xb1, 0x8a, 0xff, 0xc8, 0xb1, 0x8b, 0xff, 0xc7, 0xb1, 0x8a, 0xff, 0xc7, 0xb1, 0x8a, 0xff, 
0xc8, 0xb1, 0x8b, 0xff, 0xc7, 0xb0, 0x8a, 0xff, 0xc8, 0xb1, 0x8b, 0xff, 0xc8, 0xb1, 0x8b, 0xff, 
0xc9, 0xb2, 0x8b, 0xff, 0xca, 0xb3, 0x8b, 0xff, 0xca, 0xb5, 0x8d, 0xff, 0xc7, 0xb1, 0x8a, 0xff, 
0xcc, 0xb4, 0x8d, 0xff, 0xca, 0xb4, 0x8b, 0xff, 0xc9, 0xb3, 0x8a, 0xff, 0xca, 0xb3, 0x8a, 0xff, 
0xc9, 0xb2, 0x89, 0xff, 0xc9, 0xb2, 0x8a, 0xff, 0xc9, 0xb2, 0x89, 0xff, 0xc9, 0xb2, 0x89, 0xff, 
0xca, 0xb3, 0x8b, 0xff, 0xca, 0xb3, 0x8b, 0xff, 0xca, 0xb2, 0x8a, 0xff, 0xca, 0xb3, 0x8b, 0xff, 
0xcb, 0xb4, 0x8b, 0xff, 0xca, 0xb3, 0x8b, 0xff, 0xca, 0xb4, 0x8b, 0xff, 0xc9, 0xb3, 0x8a, 0xff, 
0xcb, 0xb4, 0x8b, 0xff, 0xcd, 0xb5, 0x8d, 0xff, 0xca, 0xb4, 0x8b, 0xff, 0xcb, 0xb5, 0x8c, 0xff, 
0xcc, 0xb6, 0x8d, 0xff, 0xcc, 0xb6, 0x8d, 0xff, 0xcd, 0xb6, 0x8e, 0xff, 0xcc, 0xb6, 0x8d, 0xff, 
0xcb, 0xb5, 0x8d, 0xff, 0xcd, 0xb6, 0x8d, 0xff, 0xce, 0xb8, 0x8f, 0xff, 0xcf, 0xba, 0x90, 0xff, 
0xce, 0xb8, 0x90, 0xff, 0xca, 0xb5, 0x8c, 0xff, 0xcb, 0xb5, 0x8c, 0xff, 0xcc, 0xb5, 0x8d, 0xff, 
0xcb, 0xb5, 0x8c, 0xff, 0xcb, 0xb5, 0x8d, 0xff, 0xcb, 0xb4, 0x8c, 0xff, 0xcc, 0xb5, 0x8c, 0xff, 
0xcd, 0xb6, 0x8d, 0xff, 0xcb, 0xb4, 0x8b, 0xff, 0xc9, 0xb3, 0x8a, 0xff, 0xc9, 0xb3, 0x8a, 0xff, 
0xc8, 0xb1, 0x88, 0xff, 0xc9, 0xb2, 0x89, 0xff, 0xc8, 0xb1, 0x89, 0xff, 0xc7, 0xb0, 0x88, 0xff, 
0xc8, 0xb2, 0x89, 0xff, 0xc6, 0xb0, 0x87, 0xff, 0xc7, 0xb0, 0x87, 0xff, 0xc8, 0xb1, 0x88, 0xff, 
0xc7, 0xb0, 0x87, 0xff, 0xc7, 0xb1, 0x88, 0xff, 0xc8, 0xb1, 0x89, 0xff, 0xc7, 0xb0, 0x88, 0xff, 
0xc7, 0xb1, 0x88, 0xff, 0xc6, 0xb0, 0x87, 0xff, 0xc6, 0xb0, 0x87, 0xff, 0xc8, 0xb2, 0x89, 0xff, 
0xc9, 0xb2, 0x8a, 0xff, 0xc9, 0xb3, 0x8a, 0xff, 0xc9, 0xb3, 0x8a, 0xff, 0xc9, 0xb3, 0x8b, 0xff, 
0xca, 0xb3, 0x8a, 0xff, 0xcc, 0xb7, 0x8e, 0xff, 0xcc, 0xb5, 0x8c, 0xff, 0xcb, 0xb5, 0x8c, 0xff, 
0xce, 0xb8, 0x8f, 0xff, 0xcc, 0xb6, 0x8d, 0xff, 0xcd, 0xb8, 0x8e, 0xff, 0xcd, 0xb8, 0x8e, 0xff, 
0xcd, 0xb8, 0x8e, 0xff, 0xce, 0xb9, 0x8e, 0xff, 0xce, 0xba, 0x8f, 0xff, 0xce, 0xba, 0x8f, 0xff, 
0xcf, 0xba, 0x8f, 0xff, 0xcf, 0xba, 0x8f, 0xff, 0xcf, 0xba, 0x8f, 0xff, 0xce, 0xb9, 0x8e, 0xff, 
0xce, 0xb9, 0x8e, 0xff, 0xce, 0xb8, 0x90, 0xff, 0xcf, 0xb8, 0x8f, 0xff, 0xcf, 0xb9, 0x90, 0xff, 
0xce, 0xb8, 0x8f, 0xff, 0xcd, 0xb8, 0x8e, 0xff, 0xcf, 0xb9, 0x90, 0xff, 0xce, 0xb8, 0x8f, 0xff, 
0xce, 0xb8, 0x8f, 0xff, 0xcf, 0xb9, 0x91, 0xff, 0xce, 0xb8, 0x90, 0xff, 0xcf, 0xb8, 0x90, 0xff, 
0xce, 0xb8, 0x90, 0xff, 0xcf, 0xb8, 0x90, 0xff, 0xd0, 0xba, 0x91, 0xff, 0xd2, 0xbd, 0x94, 0xff, 
0xcf, 0xba, 0x91, 0xff, 0xcf, 0xb8, 0x8f, 0xff, 0xcf, 0xb9, 0x90, 0xff, 0xcf, 0xb9, 0x90, 0xff, 
0xd0, 0xb9, 0x91, 0xff, 0xd0, 0xb9, 0x91, 0xff, 0xd0, 0xb9, 0x91, 0xff, 0xd1, 0xbb, 0x92, 0xff, 
0xd2, 0xbc, 0x92, 0xff, 0xd1, 0xbb, 0x92, 0xff, 0xd1, 0xbb, 0x92, 0xff, 0xcf, 0xb9, 0x91, 0xff, 
0xd0, 0xb9, 0x91, 0xff, 0xcf, 0xb9, 0x91, 0xff, 0xce, 0xb8, 0x91, 0xff, 0xce, 0xb8, 0x91, 0xff, 
0xce, 0xb8, 0x8f, 0xff, 0xce, 0xb7, 0x8f, 0xff, 0xcf, 0xb9, 0x90, 0xff, 0xce, 0xb7, 0x8f, 0xff, 
0xcc, 0xb5, 0x8f, 0xff, 0xcc, 0xb6, 0x8e, 0xff, 0xca, 0xb4, 0x8d, 0xff, 0xca, 0xb4, 0x8d, 0xff, 
0xca, 0xb3, 0x8c, 0xff, 0xc9, 0xb2, 0x8c, 0xff, 0xca, 0xb3, 0x8d, 0xff, 0xc9, 0xb2, 0x8c, 0xff, 
0xc9, 0xb2, 0x8c, 0xff, 0xc9, 0xb3, 0x8b, 0xff, 0xc8, 0xb2, 0x8b, 0xff, 0xca, 0xb2, 0x8c, 0xff, 
0xca, 0xb3, 0x8d, 0xff, 0xc9, 0xb2, 0x8c, 0xff, 0xca, 0xb3, 0x8c, 0xff, 0xca, 0xb3, 0x8b, 0xff, 
0xc9, 0xb2, 0x8a, 0xff, 0xca, 0xb4, 0x8c, 0xff, 0xca, 0xb3, 0x8b, 0xff, 0xc9, 0xb4, 0x8b, 0xff, 
0xca, 0xb4, 0x8b, 0xff, 0xca, 0xb4, 0x8b, 0xff, 0xca, 0xb4, 0x8b, 0xff, 0xcc, 0xb5, 0x8c, 0xff, 
0xca, 0xb4, 0x8c, 0xff, 0xca, 0xb5, 0x8c, 0xff, 0xcd, 0xb7, 0x8e, 0xff, 0xcd, 0xb7, 0x8e, 0xff, 
0xcc, 0xb6, 0x8d, 0xff, 0xcd, 0xb7, 0x8e, 0xff, 0xcd, 0xb7, 0x8e, 0xff, 0xce, 0xb8, 0x8f, 0xff, 
0xce, 0xb7, 0x8f, 0xff, 0xce, 0xb8, 0x8f, 0xff, 0xcd, 0xb7, 0x8f, 0xff, 0xcd, 0xb8, 0x8f, 0xff, 
0xcd, 0xb8, 0x8f, 0xff, 0xcd, 0xb8, 0x8f, 0xff, 0xcd, 0xb9, 0x8f, 0xff, 0xce, 0xb9, 0x90, 0xff, 
0xcc, 0xb7, 0x8f, 0xff, 0xcc, 0xb6, 0x90, 0xff, 0xcc, 0xb8, 0x8f, 0xff, 0xcd, 0xb8, 0x8f, 0xff, 
0xcd, 0xba, 0x93, 0xff, 0xcd, 0xb9, 0x90, 0xff, 0xcb, 0xb5, 0x8c, 0xff, 0xca, 0xb5, 0x8c, 0xff, 
0xc9, 0xb4, 0x8d, 0xff, 0xc9, 0xb4, 0x8c, 0xff, 0xca, 0xb4, 0x8c, 0xff, 0xc9, 0xb3, 0x8b, 0xff, 
0xc9, 0xb3, 0x8a, 0xff, 0xcb, 0xb4, 0x8c, 0xff, 0xca, 0xb4, 0x8a, 0xff, 0xc8, 0xb1, 0x88, 0xff, 
0xc8, 0xb1, 0x88, 0xff, 0xc5, 0xaf, 0x86, 0xff, 0xc7, 0xb0, 0x87, 0xff, 0xc6, 0xb0, 0x87, 0xff, 
0xc5, 0xaf, 0x87, 0xff, 0xc6, 0xb0, 0x87, 0xff, 0xc5, 0xaf, 0x86, 0xff, 0xc6, 0xb0, 0x87, 0xff, 
0xc7, 0xb1, 0x87, 0xff, 0xc5, 0xaf, 0x86, 0xff, 0xc6, 0xb0, 0x87, 0xff, 0xc7, 0xb0, 0x87, 0xff, 
0xc8, 0xb1, 0x88, 0xff, 0xc7, 0xb0, 0x87, 0xff, 0xc8, 0xb1, 0x88, 0xff, 0xc8, 0xb1, 0x88, 0xff, 
0xc9, 0xb2, 0x88, 0xff, 0xc9, 0xb2, 0x89, 0xff, 0xca, 0xb3, 0x8a, 0xff, 0xca, 0xb2, 0x8a, 0xff, 
0xc8, 0xb1, 0x87, 0xff, 0xcd, 0xb6, 0x8c, 0xff, 0xcd, 0xb6, 0x8d, 0xff, 0xc9, 0xb2, 0x89, 0xff, 
0xc9, 0xb2, 0x89, 0xff, 0xc9, 0xb2, 0x89, 0xff, 0xc9, 0xb2, 0x89, 0xff, 0xc8, 0xb1, 0x88, 0xff, 
0xc8, 0xb1, 0x88, 0xff, 0xc8, 0xb1, 0x88, 0xff, 0xc8, 0xb2, 0x89, 0xff, 0xca, 0xb3, 0x89, 0xff, 
0xca, 0xb4, 0x8a, 0xff, 0xca, 0xb3, 0x8a, 0xff, 0xc9, 0xb2, 0x89, 0xff, 0xc9, 0xb2, 0x88, 0xff, 
0xc8, 0xb1, 0x88, 0xff, 0xc9, 0xb2, 0x88, 0xff, 0xc9, 0xb2, 0x8a, 0xff, 0xca, 0xb2, 0x89, 0xff, 
0xc9, 0xb1, 0x89, 0xff, 0xc7, 0xb0, 0x88, 0xff, 0xc9, 0xb2, 0x89, 0xff, 0xca, 0xb2, 0x89, 0xff, 
0xca, 0xb2, 0x8a, 0xff, 0xc9, 0xb2, 0x8a, 0xff, 0xc9, 0xb1, 0x88, 0xff, 0xca, 0xb3, 0x8a, 0xff, 
0xca, 0xb3, 0x8b, 0xff, 0xc9, 0xb2, 0x89, 0xff, 0xc9, 0xb2, 0x89, 0xff, 0xcb, 0xb3, 0x8b, 0xff, 
0xc8, 0xb0, 0x89, 0xff, 0xca, 0xb3, 0x8a, 0xff, 0xcc, 0xb5, 0x8c, 0xff, 0xc8, 0xb1, 0x89, 0xff, 
0xc9, 0xb2, 0x8a, 0xff, 0xca, 0xb4, 0x8b, 0xff, 0xca, 0xb3, 0x8b, 0xff, 0xca, 0xb2, 0x8a, 0xff, 
0xca, 0xb3, 0x8b, 0xff, 0xce, 0xb7, 0x8d, 0xff, 0xcb, 0xb4, 0x8c, 0xff, 0xc9, 0xb2, 0x8b, 0xff, 
0xc8, 0xb2, 0x8a, 0xff, 0xc9, 0xb3, 0x8a, 0xff, 0xc9, 0xb1, 0x8a, 0xff, 0xc8, 0xb1, 0x8a, 0xff, 
0xc8, 0xb1, 0x89, 0xff, 0xca, 0xb3, 0x8b, 0xff, 0xc9, 0xb2, 0x8a, 0xff, 0xc9, 0xb3, 0x8a, 0xff, 
0xc9, 0xb3, 0x8a, 0xff, 0xca, 0xb2, 0x8a, 0xff, 0xca, 0xb3, 0x89, 0xff, 0xc8, 0xb1, 0x8a, 0xff, 
0xc8, 0xb1, 0x8a, 0xff, 0xc8, 0xb1, 0x88, 0xff, 0xc8, 0xb1, 0x89, 0xff, 0xc9, 0xb3, 0x8a, 0xff, 
0xcb, 0xb4, 0x8b, 0xff, 0xc9, 0xb3, 0x89, 0xff, 0xca, 0xb3, 0x8a, 0xff, 0xc9, 0xb2, 0x8a, 0xff, 
0xce, 0xb7, 0x8e, 0xff, 0xcf, 0xb8, 0x8f, 0xff, 0xca, 0xb3, 0x8a, 0xff, 0xcd, 0xb6, 0x8d, 0xff, 
0xcf, 0xb8, 0x8f, 0xff, 0xcb, 0xb5, 0x8b, 0xff, 0xca, 0xb3, 0x8a, 0xff, 0xcb, 0xb4, 0x8b, 0xff, 
0xcb, 0xb3, 0x8a, 0xff, 0xcb, 0xb4, 0x8b, 0xff, 0xca, 0xb4, 0x8b, 0xff, 0xcd, 0xb6, 0x8d, 0xff, 
0xcf, 0xb8, 0x8e, 0xff, 0xcc, 0xb6, 0x8d, 0xff, 0xcb, 0xb5, 0x8b, 0xff, 0xcc, 0xb5, 0x8c, 0xff, 
0xcc, 0xb6, 0x8d, 0xff, 0xcc, 0xb5, 0x8c, 0xff, 0xcb, 0xb4, 0x8b, 0xff, 0xcc, 0xb7, 0x8d, 0xff, 
0xcd, 0xb7, 0x8d, 0xff, 0xce, 0xb8, 0x8e, 0xff, 0xcd, 0xb7, 0x8e, 0xff, 0xce, 0xb9, 0x8f, 0xff, 
0xcd, 0xb7, 0x8e, 0xff, 0xcc, 0xb5, 0x8c, 0xff, 0xcc, 0xb7, 0x8d, 0xff, 0xd0, 0xba, 0x90, 0xff, 
0xcd, 0xb8, 0x8e, 0xff, 0xce, 0xb8, 0x8e, 0xff, 0xcf, 0xba, 0x90, 0xff, 0xcf, 0xb9, 0x90, 0xff, 
0xcd, 0xb7, 0x8d, 0xff, 0xd0, 0xba, 0x8f, 0xff, 0xcd, 0xb6, 0x8d, 0xff, 0xcc, 0xb5, 0x8c, 0xff, 
0xcc, 0xb6, 0x8d, 0xff, 0xcc, 0xb7, 0x8d, 0xff, 0xcc, 0xb7, 0x8d, 0xff, 0xcb, 0xb5, 0x8c, 0xff, 
0xce, 0xb7, 0x8d, 0xff, 0xcf, 0xb8, 0x8e, 0xff, 0xcc, 0xb5, 0x8c, 0xff, 0xcb, 0xb4, 0x8b, 0xff, 
0xcb, 0xb4, 0x8b, 0xff, 0xca, 0xb3, 0x8a, 0xff, 0xc9, 0xb2, 0x89, 0xff, 0xc9, 0xb2, 0x89, 0xff, 
0xc9, 0xb2, 0x89, 0xff, 0xcb, 0xb4, 0x8a, 0xff, 0xca, 0xb3, 0x89, 0xff, 0xcb, 0xb4, 0x8a, 0xff, 
0xca, 0xb2, 0x89, 0xff, 0xcb, 0xb4, 0x8b, 0xff, 0xca, 0xb3, 0x8a, 0xff, 0xc9, 0xb2, 0x89, 0xff, 
0xc8, 0xb2, 0x88, 0xff, 0xca, 0xb2, 0x89, 0xff, 0xca, 0xb3, 0x8a, 0xff, 0xcb, 0xb4, 0x8a, 0xff, 
0xcb, 0xb4, 0x8b, 0xff, 0xcc, 0xb5, 0x8b, 0xff, 0xcc, 0xb4, 0x8b, 0xff, 0xcc, 0xb5, 0x8b, 0xff, 
0xcf, 0xb8, 0x8f, 0xff, 0xce, 0xb7, 0x8d, 0xff, 0xcf, 0xb7, 0x8e, 0xff, 0xd0, 0xba, 0x90, 0xff, 
0xd1, 0xba, 0x90, 0xff, 0xce, 0xb8, 0x8d, 0xff, 0xd0, 0xba, 0x8f, 0xff, 0xd0, 0xba, 0x90, 0xff, 
0xcf, 0xb9, 0x8e, 0xff, 0xcf, 0xb9, 0x8f, 0xff, 0xd1, 0xba, 0x8f, 0xff, 0xd3, 0xbc, 0x91, 0xff, 
0xd2, 0xbd, 0x92, 0xff, 0xd1, 0xbc, 0x91, 0xff, 0xd0, 0xbb, 0x90, 0xff, 0xd2, 0xbd, 0x92, 0xff, 
0xd1, 0xbc, 0x92, 0xff, 0xd0, 0xbb, 0x91, 0xff, 0xd1, 0xbc, 0x91, 0xff, 0xd0, 0xbb, 0x90, 0xff, 
0xd0, 0xbb, 0x90, 0xff, 0xd1, 0xbc, 0x91, 0xff, 0xd1, 0xbb, 0x90, 0xff, 0xd2, 0xbb, 0x91, 0xff, 
0xd1, 0xbb, 0x91, 0xff, 0xd1, 0xbc, 0x92, 0xff, 0xd0, 0xba, 0x90, 0xff, 0xd0, 0xbb, 0x90, 0xff, 
0xd0, 0xba, 0x90, 0xff, 0xd1, 0xbb, 0x91, 0xff, 0xd2, 0xbd, 0x93, 0xff, 0xd0, 0xba, 0x90, 0xff, 
0xd2, 0xbc, 0x92, 0xff, 0xd3, 0xbe, 0x93, 0xff, 0xd0, 0xba, 0x90, 0xff, 0xd1, 0xbb, 0x91, 0xff, 
0xd1, 0xbc, 0x92, 0xff, 0xd3, 0xbd, 0x93, 0xff, 0xd1, 0xbc, 0x92, 0xff, 0xd3, 0xbc, 0x92, 0xff, 
0xd6, 0xbf, 0x95, 0xff, 0xd3, 0xbd, 0x94, 0xff, 0xd0, 0xba, 0x90, 0xff, 0xd2, 0xbc, 0x92, 0xff, 
0xd1, 0xbb, 0x91, 0xff, 0xcf, 0xb9, 0x90, 0xff, 0xcf, 0xb9, 0x90, 0xff, 0xcf, 0xb9, 0x90, 0xff, 
0xcf, 0xb9, 0x90, 0xff, 0xcf, 0xb7, 0x8f, 0xff, 0xd1, 0xba, 0x90, 0xff, 0xd1, 0xba, 0x91, 0xff, 
0xce, 0xb7, 0x8e, 0xff, 0xcd, 0xb6, 0x8d, 0xff, 0xcd, 0xb5, 0x8e, 0xff, 0xcc, 0xb5, 0x8d, 0xff, 
0xcb, 0xb4, 0x8c, 0xff, 0xcb, 0xb3, 0x8d, 0xff, 0xcb, 0xb3, 0x8c, 0xff, 0xcd, 0xb5, 0x8d, 0xff, 
0xcc, 0xb4, 0x8d, 0xff, 0xcc, 0xb5, 0x8c, 0xff, 0xcb, 0xb3, 0x8b, 0xff, 0xcd, 0xb5, 0x8d, 0xff, 
0xcc, 0xb4, 0x8c, 0xff, 0xcb, 0xb4, 0x8c, 0xff, 0xcc, 0xb4, 0x8b, 0xff, 0xcb, 0xb4, 0x8b, 0xff, 
0xcc, 0xb5, 0x8c, 0xff, 0xcd, 0xb6, 0x8d, 0xff, 0xcc, 0xb5, 0x8c, 0xff, 0xcc, 0xb5, 0x8c, 0xff, 
0xcc, 0xb6, 0x8c, 0xff, 0xcc, 0xb5, 0x8c, 0xff, 0xce, 0xb7, 0x8d, 0xff, 0xcd, 0xb6, 0x8c, 0xff, 
0xce, 0xb7, 0x8d, 0xff, 0xcf, 0xb9, 0x8f, 0xff, 0xcf, 0xba, 0x90, 0xff, 0xcd, 0xb7, 0x8d, 0xff, 
0xce, 0xb9, 0x8f, 0xff, 0xd1, 0xbc, 0x92, 0xff, 0xd0, 0xbb, 0x90, 0xff, 0xd0, 0xbb, 0x91, 0xff, 
0xd0, 0xbb, 0x91, 0xff, 0xcf, 0xba, 0x8f, 0xff, 0xd1, 0xbb, 0x91, 0xff, 0xd1, 0xbb, 0x91, 0xff, 
0xd0, 0xba, 0x91, 0xff, 0xd0, 0xb9, 0x90, 0xff, 0xd1, 0xbb, 0x92, 0xff, 0xd1, 0xbb, 0x92, 0xff, 
0xcf, 0xb9, 0x90, 0xff, 0xcf, 0xb9, 0x90, 0xff, 0xcf, 0xb8, 0x8f, 0xff, 0xd0, 0xb9, 0x90, 0xff, 
0xcf, 0xb9, 0x90, 0xff, 0xcd, 0xb6, 0x8e, 0xff, 0xcf, 0xb9, 0x90, 0xff, 0xcc, 0xb6, 0x8d, 0xff, 
0xcc, 0xb5, 0x8c, 0xff, 0xcd, 0xb5, 0x8c, 0xff, 0xcd, 0xb6, 0x8d, 0xff, 0xcb, 0xb5, 0x8c, 0xff, 
0xcb, 0xb4, 0x8b, 0xff, 0xce, 0xb6, 0x8e, 0xff, 0xcd, 0xb6, 0x8d, 0xff, 0xca, 0xb3, 0x8a, 0xff, 
0xc9, 0xb2, 0x89, 0xff, 0xc9, 0xb2, 0x89, 0xff, 0xc9, 0xb2, 0x89, 0xff, 0xc8, 0xb1, 0x88, 0xff, 
0xc8, 0xb1, 0x88, 0xff, 0xc8, 0xb1, 0x88, 0xff, 0xca, 0xb3, 0x89, 0xff, 0xc9, 0xb2, 0x89, 0xff, 
0xca, 0xb3, 0x8a, 0xff, 0xc9, 0xb1, 0x89, 0xff, 0xca, 0xb3, 0x89, 0xff, 0xc9, 0xb2, 0x89, 0xff, 
0xca, 0xb3, 0x8a, 0xff, 0xc9, 0xb2, 0x8a, 0xff, 0xca, 0xb4, 0x8a, 0xff, 0xcb, 0xb4, 0x8a, 0xff, 
0xcb, 0xb4, 0x8a, 0xff, 0xcb, 0xb4, 0x8b, 0xff, 0xcb, 0xb4, 0x8b, 0xff, 0xce, 0xb7, 0x8e, 0xff, 
0xcd, 0xb6, 0x8c, 0xff, 0xcb, 0xb4, 0x8b, 0xff, 0xcc, 0xb5, 0x8b, 0xff, 0xcc, 0xb5, 0x8b, 0xff, 
0xcc, 0xb5, 0x8b, 0xff, 0xcc, 0xb5, 0x8c, 0xff, 0xcc, 0xb5, 0x8b, 0xff, 0xcd, 0xb6, 0x8c, 0xff, 
0xcd, 0xb6, 0x8d, 0xff, 0xca, 0xb3, 0x8b, 0xff, 0xcc, 0xb5, 0x8b, 0xff, 0xcc, 0xb5, 0x8b, 0xff, 
0xcd, 0xb7, 0x8d, 0xff, 0xcc, 0xb7, 0x8d, 0xff, 0xca, 0xb3, 0x8a, 0xff, 0xce, 0xb8, 0x8d, 0xff, 
0xcc, 0xb5, 0x8c, 0xff, 0xcb, 0xb5, 0x8c, 0xff, 0xcc, 0xb6, 0x8d, 0xff, 0xc9, 0xb3, 0x8a, 0xff, 
0xca, 0xb3, 0x8a, 0xff, 0xca, 0xb3, 0x8a, 0xff, 0xca, 0xb3, 0x8a, 0xff, 0xcc, 0xb5, 0x8b, 0xff, 
0xc9, 0xb3, 0x89, 0xff, 0xca, 0xb3, 0x89, 0xff, 0xca, 0xb3, 0x8a, 0xff, 0xca, 0xb3, 0x8a, 0xff, 
0xc9, 0xb2, 0x89, 0xff, 0xca, 0xb3, 0x8a, 0xff, 0xca, 0xb3, 0x8a, 0xff, 0xcb, 0xb4, 0x8b, 0xff, 
0xcc, 0xb5, 0x8d, 0xff, 0xcb, 0xb4, 0x8b, 0xff, 0xcb, 0xb4, 0x8a, 0xff, 0xcb, 0xb4, 0x8b, 0xff, 
0xca, 0xb4, 0x8a, 0xff, 0xca, 0xb3, 0x8a, 0xff, 0xcc, 0xb5, 0x8c, 0xff, 0xcd, 0xb6, 0x8d, 0xff, 
0xca, 0xb4, 0x8a, 0xff, 0xca, 0xb3, 0x8a, 0xff, 0xcb, 0xb5, 0x8b, 0xff, 0xcb, 0xb3, 0x8b, 0xff, 
0xcb, 0xb4, 0x8b, 0xff, 0xcb, 0xb4, 0x8b, 0xff, 0xc9, 0xb2, 0x8a, 0xff, 0xcd, 0xb6, 0x8d, 0xff, 
0xcb, 0xb3, 0x8a, 0xff, 0xcb, 0xb3, 0x8a, 0xff, 0xcc, 0xb4, 0x8b, 0xff, 0xc9, 0xb2, 0x8a, 0xff, 
0xca, 0xb2, 0x89, 0xff, 0xc9, 0xb2, 0x89, 0xff, 0xc9, 0xb2, 0x89, 0xff, 0xc9, 0xb2, 0x89, 0xff, 
0xc9, 0xb2, 0x8a, 0xff, 0xca, 0xb3, 0x8a, 0xff, 0xcb, 0xb4, 0x8b, 0xff, 0xcb, 0xb4, 0x8b, 0xff, 
0xcb, 0xb4, 0x8b, 0xff, 0xca, 0xb3, 0x89, 0xff, 0xcb, 0xb3, 0x8a, 0xff, 0xcb, 0xb4, 0x8b, 0xff, 
0xcd, 0xb7, 0x8d, 0xff, 0xcf, 0xb9, 0x8f, 0xff, 0xcb, 0xb3, 0x8b, 0xff, 0xcd, 0xb7, 0x8d, 0xff, 
0xcd, 0xb7, 0x8d, 0xff, 0xcd, 0xb6, 0x8c, 0xff, 0xcc, 0xb5, 0x8c, 0xff, 0xcc, 0xb6, 0x8c, 0xff, 
0xcd, 0xb6, 0x8d, 0xff, 0xce, 0xb7, 0x8e, 0xff, 0xcd, 0xb7, 0x8e, 0xff, 0xcf, 0xb9, 0x8f, 0xff, 
0xd1, 0xbb, 0x90, 0xff, 0xce, 0xb8, 0x8d, 0xff, 0xcd, 0xb7, 0x8d, 0xff, 0xce, 0xb8, 0x8f, 0xff, 
0xcf, 0xba, 0x8f, 0xff, 0xcf, 0xba, 0x8f, 0xff, 0xcd, 0xb8, 0x8e, 0xff, 0xd0, 0xbb, 0x90, 0xff, 
0xcf, 0xbb, 0x90, 0xff, 0xcf, 0xba, 0x8f, 0xff, 0xce, 0xba, 0x8e, 0xff, 0xcd, 0xb9, 0x8e, 0xff, 
0xce, 0xb9, 0x8e, 0xff, 0xcf, 0xb9, 0x8f, 0xff, 0xd0, 0xbb, 0x8f, 0xff, 0xcf, 0xba, 0x8f, 0xff, 
0xcf, 0xba, 0x8f, 0xff, 0xcf, 0xb9, 0x8f, 0xff, 0xcf, 0xba, 0x8f, 0xff, 0xd0, 0xba, 0x91, 0xff, 
0xd0, 0xbb, 0x91, 0xff, 0xcf, 0xb9, 0x8f, 0xff, 0xce, 0xb8, 0x8f, 0xff, 0xcd, 0xb8, 0x8e, 0xff, 
0xce, 0xb8, 0x8f, 0xff, 0xce, 0xb8, 0x8f, 0xff, 0xd0, 0xba, 0x90, 0xff, 0xcf, 0xba, 0x8f, 0xff, 
0xcc, 0xb6, 0x8c, 0xff, 0xcd, 0xb7, 0x8d, 0xff, 0xcd, 0xb7, 0x8d, 0xff, 0xcb, 0xb7, 0x8c, 0xff, 
0xcd, 0xb6, 0x8d, 0xff, 0xcb, 0xb3, 0x8b, 0xff, 0xcc, 0xb5, 0x8c, 0xff, 0xcd, 0xb6, 0x8d, 0xff, 
0xc9, 0xb2, 0x8a, 0xff, 0xcc, 0xb5, 0x8b, 0xff, 0xca, 0xb4, 0x8a, 0xff, 0xc9, 0xb2, 0x89, 0xff, 
0xca, 0xb3, 0x8a, 0xff, 0xc9, 0xb2, 0x89, 0xff, 0xc9, 0xb2, 0x89, 0xff, 0xca, 0xb3, 0x8a, 0xff, 
0xc9, 0xb2, 0x8a, 0xff, 0xcc, 0xb5, 0x8b, 0xff, 0xcc, 0xb5, 0x8b, 0xff, 0xcb, 0xb3, 0x8a, 0xff, 
0xcb, 0xb4, 0x8b, 0xff, 0xcc, 0xb5, 0x8c, 0xff, 0xcd, 0xb8, 0x8d, 0xff, 0xcc, 0xb7, 0x8c, 0xff, 
0xd0, 0xba, 0x90, 0xff, 0xcf, 0xb7, 0x8e, 0xff, 0xce, 0xb8, 0x8e, 0xff, 0xd2, 0xbd, 0x91, 0xff, 
0xd0, 0xb9, 0x8f, 0xff, 0xd2, 0xba, 0x91, 0xff, 0xd1, 0xba, 0x90, 0xff, 0xd2, 0xba, 0x90, 0xff, 
0xd1, 0xbb, 0x91, 0xff, 0xd2, 0xbd, 0x92, 0xff, 0xd4, 0xbf, 0x93, 0xff, 0xd6, 0xbf, 0x93, 0xff, 
0xd3, 0xbd, 0x93, 0xff, 0xd2, 0xbb, 0x91, 0xff, 0xd3, 0xbd, 0x92, 0xff, 0xd4, 0xbf, 0x93, 0xff, 
0xd3, 0xbd, 0x92, 0xff, 0xd1, 0xbc, 0x90, 0xff, 0xd3, 0xbf, 0x93, 0xff, 0xd3, 0xbe, 0x92, 0xff, 
0xd2, 0xbe, 0x93, 0xff, 0xd2, 0xbd, 0x93, 0xff, 0xd1, 0xbc, 0x91, 0xff, 0xd1, 0xbc, 0x91, 0xff, 
0xd1, 0xbc, 0x91, 0xff, 0xd0, 0xbc, 0x91, 0xff, 0xd1, 0xbd, 0x92, 0xff, 0xd1, 0xbd, 0x91, 0xff, 
0xd0, 0xbb, 0x90, 0xff, 0xd1, 0xbc, 0x91, 0xff, 0xd3, 0xbd, 0x93, 0xff, 0xd3, 0xbe, 0x93, 0xff, 
0xd3, 0xbe, 0x93, 0xff, 0xd3, 0xbd, 0x92, 0xff, 0xd2, 0xbc, 0x92, 0xff, 0xd3, 0xbd, 0x93, 0xff, 
0xd2, 0xbd, 0x92, 0xff, 0xd5, 0xbf, 0x94, 0xff, 0xd5, 0xc0, 0x95, 0xff, 0xd3, 0xbe, 0x94, 0xff, 
0xd3, 0xbd, 0x93, 0xff, 0xd4, 0xbf, 0x94, 0xff, 0xd3, 0xbe, 0x93, 0xff, 0xd3, 0xbe, 0x93, 0xff, 
0xd2, 0xbd, 0x93, 0xff, 0xd1, 0xbb, 0x91, 0xff, 0xd2, 0xbc, 0x92, 0xff, 0xd2, 0xbc, 0x92, 0xff, 
0xd2, 0xbc, 0x93, 0xff, 0xd2, 0xbb, 0x92, 0xff, 0xcf, 0xb8, 0x8f, 0xff, 0xcf, 0xb8, 0x8f, 0xff, 
0xce, 0xb9, 0x8f, 0xff, 0xcd, 0xb7, 0x8e, 0xff, 0xcf, 0xb7, 0x8e, 0xff, 0xce, 0xb6, 0x8d, 0xff, 
0xce, 0xb7, 0x8d, 0xff, 0xcf, 0xb8, 0x8f, 0xff, 0xcc, 0xb5, 0x8c, 0xff, 0xce, 0xb7, 0x8e, 0xff, 
0xcc, 0xb5, 0x8d, 0xff, 0xcb, 0xb4, 0x8c, 0xff, 0xcc, 0xb5, 0x8c, 0xff, 0xcc, 0xb5, 0x8b, 0xff, 
0xcb, 0xb4, 0x8b, 0xff, 0xcc, 0xb5, 0x8c, 0xff, 0xcc, 0xb5, 0x8c, 0xff, 0xcc, 0xb5, 0x8c, 0xff, 
0xce, 0xb7, 0x8e, 0xff, 0xcd, 0xb6, 0x8d, 0xff, 0xcd, 0xb6, 0x8d, 0xff, 0xcd, 0xb7, 0x8d, 0xff, 
0xce, 0xb9, 0x8e, 0xff, 0xce, 0xb7, 0x8d, 0xff, 0xd0, 0xb9, 0x8f, 0xff, 0xd0, 0xbb, 0x90, 0xff, 
0xd2, 0xbc, 0x92, 0xff, 0xd3, 0xbc, 0x92, 0xff, 0xd0, 0xba, 0x90, 0xff, 0xd1, 0xba, 0x90, 0xff, 
0xd3, 0xbd, 0x92, 0xff, 0xd3, 0xbf, 0x94, 0xff, 0xd2, 0xbc, 0x92, 0xff, 0xd2, 0xbd, 0x92, 0xff, 
0xd4, 0xbf, 0x94, 0xff, 0xd2, 0xbe, 0x93, 0xff, 0xd4, 0xc0, 0x94, 0xff, 0xd3, 0xbe, 0x93, 0xff, 
0xd1, 0xbb, 0x92, 0xff, 0xd0, 0xbb, 0x92, 0xff, 0xd0, 0xba, 0x91, 0xff, 0xd2, 0xbc, 0x93, 0xff, 
0xd1, 0xbb, 0x92, 0xff, 0xd0, 0xba, 0x91, 0xff, 0xcf, 0xb9, 0x90, 0xff, 0xd0, 0xba, 0x91, 0xff, 
0xd1, 0xbb, 0x92, 0xff, 0xd0, 0xba, 0x91, 0xff, 0xcf, 0xb9, 0x90, 0xff, 0xce, 0xb8, 0x8f, 0xff, 
0xcd, 0xb7, 0x8f, 0xff, 0xce, 0xb8, 0x8f, 0xff, 0xcd, 0xb7, 0x8e, 0xff, 0xce, 0xb8, 0x8f, 0xff, 
0xce, 0xb8, 0x8f, 0xff, 0xcb, 0xb5, 0x8c, 0xff, 0xcc, 0xb6, 0x8c, 0xff, 0xcc, 0xb6, 0x8d, 0xff, 
0xcb, 0xb5, 0x8c, 0xff, 0xcb, 0xb6, 0x8d, 0xff, 0xc9, 0xb3, 0x8a, 0xff, 0xcb, 0xb4, 0x8b, 0xff, 
0xcd, 0xb6, 0x8d, 0xff, 0xca, 0xb3, 0x8a, 0xff, 0xcb, 0xb5, 0x8c, 0xff, 0xca, 0xb4, 0x8a, 0xff, 
0xca, 0xb3, 0x8a, 0xff, 0xca, 0xb3, 0x8a, 0xff, 0xc9, 0xb2, 0x89, 0xff, 0xc9, 0xb3, 0x8a, 0xff, 
0xcf, 0xb8, 0x8d, 0xff, 0xd3, 0xbd, 0x90, 0xff, 0xd2, 0xbc, 0x90, 0xff, 0xcf, 0xb8, 0x8e, 0xff, 
0xce, 0xb7, 0x8d, 0xff, 0xcf, 0xb8, 0x8d, 0xff, 0xcf, 0xb8, 0x8e, 0xff, 0xd2, 0xbb, 0x90, 0xff, 
0xd1, 0xba, 0x90, 0xff, 0xcf, 0xb8, 0x8d, 0xff, 0xcf, 0xb8, 0x8d, 0xff, 0xd0, 0xb9, 0x8e, 0xff, 
0xd1, 0xba, 0x8f, 0xff, 0xd1, 0xba, 0x8f, 0xff, 0xcf, 0xb8, 0x8d, 0xff, 0xd1, 0xba, 0x8f, 0xff, 
0xd1, 0xba, 0x8f, 0xff, 0xcf, 0xb8, 0x8e, 0xff, 0xcf, 0xb8, 0x8d, 0xff, 0xd0, 0xba, 0x8e, 0xff, 
0xcf, 0xb8, 0x8e, 0xff, 0xcf, 0xb9, 0x8d, 0xff, 0xcf, 0xb8, 0x8d, 0xff, 0xd1, 0xbb, 0x90, 0xff, 
0xd3, 0xbd, 0x94, 0xff, 0xd0, 0xba, 0x90, 0xff, 0xce, 0xb9, 0x8e, 0xff, 0xce, 0xb9, 0x8e, 0xff, 
0xcf, 0xb8, 0x8e, 0xff, 0xcf, 0xba, 0x8f, 0xff, 0xcf, 0xb9, 0x8f, 0xff, 0xce, 0xb8, 0x8e, 0xff, 
0xce, 0xb8, 0x8e, 0xff, 0xcf, 0xb9, 0x8f, 0xff, 0xcf, 0xba, 0x90, 0xff, 0xcf, 0xba, 0x90, 0xff, 
0xce, 0xb9, 0x8f, 0xff, 0xd1, 0xbc, 0x91, 0xff, 0xd2, 0xbd, 0x93, 0xff, 0xd3, 0xbe, 0x93, 0xff, 
0xd3, 0xbd, 0x93, 0xff, 0xd1, 0xba, 0x91, 0xff, 0xcf, 0xb9, 0x90, 0xff, 0xd2, 0xbb, 0x91, 0xff, 
0xd3, 0xbd, 0x92, 0xff, 0xd3, 0xbd, 0x92, 0xff, 0xd6, 0xbf, 0x94, 0xff, 0xd4, 0xbe, 0x93, 0xff, 
0xd1, 0xbb, 0x91, 0xff, 0xd0, 0xb9, 0x90, 0xff, 0xd1, 0xbb, 0x92, 0xff, 0xd3, 0xbc, 0x92, 0xff, 
0xd3, 0xbc, 0x91, 0xff, 0xd1, 0xbb, 0x91, 0xff, 0xd1, 0xba, 0x90, 0xff, 0xd3, 0xbc, 0x91, 0xff, 
0xd2, 0xbb, 0x91, 0xff, 0xd0, 0xb9, 0x8f, 0xff, 0xcf, 0xb8, 0x8f, 0xff, 0xce, 0xb7, 0x8e, 0xff, 
0xce, 0xb8, 0x8f, 0xff, 0xcf, 0xb9, 0x8f, 0xff, 0xcf, 0xb8, 0x8f, 0xff, 0xce, 0xb7, 0x8e, 0xff, 
0xd0, 0xb9, 0x8f, 0xff, 0xd2, 0xbc, 0x91, 0xff, 0xcf, 0xb8, 0x8f, 0xff, 0xcc, 0xb5, 0x8b, 0xff, 
0xcc, 0xb5, 0x8c, 0xff, 0xcd, 0xb6, 0x8c, 0xff, 0xcd, 0xb6, 0x8d, 0xff, 0xcf, 0xb7, 0x8e, 0xff, 
0xce, 0xb7, 0x8d, 0xff, 0xce, 0xb7, 0x8d, 0xff, 0xce, 0xb8, 0x8e, 0xff, 0xce, 0xb6, 0x8d, 0xff, 
0xce, 0xb7, 0x8d, 0xff, 0xce, 0xb7, 0x8e, 0xff, 0xce, 0xb7, 0x8e, 0xff, 0xd0, 0xb9, 0x8f, 0xff, 
0xd2, 0xbb, 0x91, 0xff, 0xd1, 0xba, 0x90, 0xff, 0xd0, 0xba, 0x8f, 0xff, 0xd1, 0xba, 0x8e, 0xff, 
0xd1, 0xba, 0x8f, 0xff, 0xd1, 0xba, 0x8f, 0xff, 0xd0, 0xb8, 0x8e, 0xff, 0xd0, 0xb8, 0x8e, 0xff, 
0xd2, 0xbb, 0x90, 0xff, 0xd5, 0xc0, 0x95, 0xff, 0xd4, 0xc0, 0x95, 0xff, 0xd1, 0xbb, 0x91, 0xff, 
0xd2, 0xbb, 0x91, 0xff, 0xd2, 0xbc, 0x91, 0xff, 0xd2, 0xbc, 0x92, 0xff, 0xd3, 0xbd, 0x92, 0xff, 
0xd3, 0xbe, 0x92, 0xff, 0xd4, 0xbe, 0x92, 0xff, 0xd5, 0xbf, 0x94, 0xff, 0xd5, 0xbf, 0x94, 0xff, 
0xd6, 0xc1, 0x96, 0xff, 0xd7, 0xc3, 0x99, 0xff, 0xd7, 0xc3, 0x99, 0xff, 0xd8, 0xc3, 0x99, 0xff, 
0xd7, 0xc2, 0x97, 0xff, 0xd4, 0xbf, 0x94, 0xff, 0xd5, 0xbf, 0x94, 0xff, 0xd7, 0xc1, 0x95, 0xff, 
0xd7, 0xc0, 0x95, 0xff, 0xd7, 0xc1, 0x95, 0xff, 0xd9, 0xc2, 0x96, 0xff, 0xd6, 0xbf, 0x95, 0xff, 
0xd3, 0xbd, 0x93, 0xff, 0xd3, 0xbd, 0x92, 0xff, 0xd3, 0xbd, 0x92, 0xff, 0xd4, 0xbe, 0x92, 0xff, 
0xd4, 0xbd, 0x92, 0xff, 0xd1, 0xbb, 0x8f, 0xff, 0xd2, 0xbb, 0x90, 0xff, 0xd4, 0xbc, 0x91, 0xff, 
0xd1, 0xba, 0x90, 0xff, 0xd0, 0xb9, 0x8f, 0xff, 0xcf, 0xb8, 0x8e, 0xff, 0xce, 0xb8, 0x8e, 0xff, 
0xce, 0xb8, 0x8e, 0xff, 0xcf, 0xb8, 0x8d, 0xff, 0xce, 0xb8, 0x8e, 0xff, 0xce, 0xb7, 0x8d, 0xff, 
0xd2, 0xbb, 0x8f, 0xff, 0xd1, 0xba, 0x8f, 0xff, 0xce, 0xb7, 0x8d, 0xff, 0xcd, 0xb6, 0x8c, 0xff, 
0xcd, 0xb7, 0x8d, 0xff, 0xcf, 0xb8, 0x8e, 0xff, 0xcf, 0xba, 0x8f, 0xff, 0xd0, 0xba, 0x8f, 0xff, 
0xcf, 0xb9, 0x8e, 0xff, 0xd0, 0xb9, 0x8e, 0xff, 0xd0, 0xba, 0x8f, 0xff, 0xd1, 0xbb, 0x8f, 0xff, 
0xd1, 0xba, 0x8f, 0xff, 0xd1, 0xba, 0x8f, 0xff, 0xd3, 0xbc, 0x90, 0xff, 0xd4, 0xbd, 0x91, 0xff, 
0xd4, 0xbc, 0x91, 0xff, 0xd4, 0xbe, 0x92, 0xff, 0xd6, 0xc2, 0x95, 0xff, 0xd5, 0xbf, 0x93, 0xff, 
0xd5, 0xbe, 0x91, 0xff, 0xd4, 0xbd, 0x91, 0xff, 0xd4, 0xbe, 0x91, 0xff, 0xd5, 0xbf, 0x90, 0xff, 
0xd6, 0xbf, 0x90, 0xff, 0xd5, 0xbe, 0x91, 0xff, 0xd8, 0xc1, 0x95, 0xff, 0xd9, 0xc4, 0x98, 0xff, 
0xd7, 0xc1, 0x96, 0xff, 0xd5, 0xbe, 0x93, 0xff, 0xd5, 0xbe, 0x93, 0xff, 0xd5, 0xbf, 0x93, 0xff, 
0xd6, 0xc0, 0x94, 0xff, 0xd6, 0xc0, 0x94, 0xff, 0xd6, 0xc0, 0x94, 0xff, 0xd6, 0xbf, 0x94, 0xff, 
0xd8, 0xc4, 0x98, 0xff, 0xda, 0xc5, 0x99, 0xff, 0xda, 0xc6, 0x9a, 0xff, 0xdb, 0xc7, 0x9c, 0xff, 
0xd8, 0xc3, 0x97, 0xff, 0xd7, 0xc1, 0x96, 0xff, 0xd9, 0xc4, 0x98, 0xff, 0xda, 0xc4, 0x99, 0xff, 
0xdb, 0xc4, 0x98, 0xff, 0xdd, 0xc6, 0x99, 0xff, 0xdb, 0xc5, 0x99, 0xff, 0xd9, 0xc5, 0x98, 0xff, 
0xd8, 0xc4, 0x99, 0xff, 0xd9, 0xc5, 0x99, 0xff, 0xda, 0xc5, 0x99, 0xff, 0xd9, 0xc4, 0x98, 0xff, 
0xd8, 0xc3, 0x97, 0xff, 0xd9, 0xc4, 0x98, 0xff, 0xda, 0xc5, 0x98, 0xff, 0xda, 0xc3, 0x98, 0xff, 
0xda, 0xc4, 0x99, 0xff, 0xd7, 0xc2, 0x97, 0xff, 0xd4, 0xbf, 0x95, 0xff, 0xd4, 0xbf, 0x95, 0xff, 
0xd5, 0xc0, 0x95, 0xff, 0xd6, 0xc0, 0x96, 0xff, 0xd5, 0xc0, 0x96, 0xff, 0xd3, 0xbd, 0x93, 0xff, 
0xd4, 0xbe, 0x94, 0xff, 0xd5, 0xbf, 0x94, 0xff, 0xd3, 0xbd, 0x93, 0xff, 0xd2, 0xbb, 0x92, 0xff, 
0xd1, 0xba, 0x91, 0xff, 0xd0, 0xb9, 0x91, 0xff, 0xd0, 0xba, 0x90, 0xff, 0xd1, 0xba, 0x90, 0xff, 
0xd0, 0xb9, 0x90, 0xff, 0xd0, 0xb9, 0x8f, 0xff, 0xd2, 0xbb, 0x91, 0xff, 0xd2, 0xbb, 0x91, 0xff, 
0xd0, 0xb9, 0x8f, 0xff, 0xcf, 0xb8, 0x8e, 0xff, 0xcf, 0xb8, 0x8e, 0xff, 0xd0, 0xb9, 0x8f, 0xff, 
0xd1, 0xba, 0x90, 0xff, 0xd2, 0xbb, 0x90, 0xff, 0xd2, 0xbb, 0x90, 0xff, 0xd2, 0xbd, 0x91, 0xff, 
0xd3, 0xbd, 0x92, 0xff, 0xd3, 0xbc, 0x91, 0xff, 0xd3, 0xbc, 0x91, 0xff, 0xd3, 0xbc, 0x91, 0xff, 
0xd4, 0xbd, 0x92, 0xff, 0xd6, 0xbf, 0x92, 0xff, 0xd5, 0xbe, 0x92, 0xff, 0xd5, 0xbe, 0x93, 0xff, 
0xd8, 0xc2, 0x98, 0xff, 0xd9, 0xc4, 0x99, 0xff, 0xd7, 0xc2, 0x97, 0xff, 0xd5, 0xbf, 0x94, 0xff, 
0xd4, 0xbf, 0x93, 0xff, 0xd5, 0xbf, 0x94, 0xff, 0xd7, 0xc1, 0x96, 0xff, 0xd7, 0xc1, 0x95, 0xff, 
0xd5, 0xbf, 0x93, 0xff, 0xd7, 0xc2, 0x97, 0xff, 0xd9, 0xc3, 0x9a, 0xff, 0xd9, 0xc3, 0x9a, 0xff, 
0xda, 0xc5, 0x9a, 0xff, 0xd8, 0xc3, 0x9a, 0xff, 0xd4, 0xbe, 0x94, 0xff, 0xd5, 0xc0, 0x95, 0xff, 
0xd8, 0xc2, 0x98, 0xff, 0xd6, 0xc1, 0x96, 0xff, 0xd8, 0xc1, 0x96, 0xff, 0xd9, 0xc2, 0x98, 0xff, 
0xd5, 0xc0, 0x95, 0xff, 0xd4, 0xbe, 0x93, 0xff, 0xd3, 0xbd, 0x92, 0xff, 0xd3, 0xbe, 0x93, 0xff, 
0xd4, 0xbe, 0x93, 0xff, 0xd4, 0xbd, 0x92, 0xff, 0xd1, 0xbb, 0x90, 0xff, 0xd3, 0xbd, 0x91, 0xff, 
0xd3, 0xbc, 0x91, 0xff, 0xd1, 0xba, 0x8f, 0xff, 0xd0, 0xb9, 0x8f, 0xff, 0xcf, 0xb9, 0x8e, 0xff, 
0xcf, 0xb8, 0x8e, 0xff, 0xcf, 0xb9, 0x8e, 0xff, 0xd0, 0xb9, 0x8e, 0xff, 0xcf, 0xb9, 0x8d, 0xff, 
0xd3, 0xbc, 0x91, 0xff, 0xd5, 0xbe, 0x91, 0xff, 0xd2, 0xbb, 0x90, 0xff, 0xcf, 0xb8, 0x8f, 0xff, 
0xd1, 0xbb, 0x90, 0xff, 0xd1, 0xba, 0x90, 0xff, 0xd1, 0xba, 0x90, 0xff, 0xd2, 0xbb, 0x90, 0xff, 
0xd2, 0xbb, 0x91, 0xff, 0xd2, 0xbb, 0x90, 0xff, 0xd2, 0xbb, 0x8f, 0xff, 0xd2, 0xbb, 0x8f, 0xff, 
0xd2, 0xbb, 0x8f, 0xff, 0xd3, 0xbc, 0x90, 0xff, 0xd3, 0xbc, 0x90, 0xff, 0xd2, 0xbb, 0x90, 0xff, 
0xd3, 0xbc, 0x90, 0xff, 0xd2, 0xbb, 0x90, 0xff, 0xd2, 0xbb, 0x90, 0xff, 0xd2, 0xbb, 0x90, 0xff, 
0xd3, 0xbc, 0x92, 0xff, 0xd2, 0xbb, 0x90, 0xff, 0xd2, 0xbb, 0x90, 0xff, 0xd3, 0xbe, 0x93, 0xff, 
0xd3, 0xbe, 0x93, 0xff, 0xd2, 0xbb, 0x90, 0xff, 0xd2, 0xbc, 0x91, 0xff, 0xd3, 0xbd, 0x93, 0xff, 
0xd4, 0xbc, 0x92, 0xff, 0xd3, 0xbc, 0x92, 0xff, 0xd3, 0xbd, 0x92, 0xff, 0xd3, 0xbc, 0x92, 0xff, 
0xd3, 0xbe, 0x92, 0xff, 0xd3, 0xbf, 0x93, 0xff, 0xd4, 0xbe, 0x93, 0xff, 0xd4, 0xbe, 0x94, 0xff, 
0xd6, 0xc2, 0x96, 0xff, 0xd7, 0xc1, 0x96, 0xff, 0xd6, 0xc1, 0x96, 0xff, 0xd7, 0xc2, 0x97, 0xff, 
0xd5, 0xbe, 0x94, 0xff, 0xd4, 0xbd, 0x93, 0xff, 0xd6, 0xc0, 0x94, 0xff, 0xd8, 0xc1, 0x94, 0xff, 
0xd8, 0xc1, 0x95, 0xff, 0xd8, 0xc1, 0x95, 0xff, 0xd7, 0xc0, 0x94, 0xff, 0xd4, 0xbe, 0x93, 0xff, 
0xd5, 0xbe, 0x94, 0xff, 0xd6, 0xbf, 0x94, 0xff, 0xd4, 0xbd, 0x93, 0xff, 0xd4, 0xbe, 0x93, 0xff, 
0xd5, 0xbe, 0x93, 0xff, 0xd5, 0xbe, 0x93, 0xff, 0xd4, 0xbe, 0x93, 0xff, 0xd3, 0xbc, 0x92, 0xff, 
0xd3, 0xbb, 0x92, 0xff, 0xd1, 0xbb, 0x91, 0xff, 0xd0, 0xba, 0x90, 0xff, 0xd1, 0xb9, 0x8f, 0xff, 
0xd1, 0xba, 0x90, 0xff, 0xd3, 0xbd, 0x92, 0xff, 0xd3, 0xbc, 0x92, 0xff, 0xd2, 0xba, 0x90, 0xff, 
0xd2, 0xbb, 0x91, 0xff, 0xd3, 0xbc, 0x91, 0xff, 0xcf, 0xb8, 0x8e, 0xff, 0xce, 0xb8, 0x8d, 0xff, 
0xcf, 0xb8, 0x8e, 0xff, 0xcf, 0xb8, 0x8f, 0xff, 0xd0, 0xb9, 0x8f, 0xff, 0xd0, 0xb9, 0x8f, 0xff, 
0xd1, 0xba, 0x90, 0xff, 0xd0, 0xba, 0x90, 0xff, 0xd2, 0xbb, 0x8f, 0xff, 0xd2, 0xba, 0x8e, 0xff, 
0xd1, 0xba, 0x8f, 0xff, 0xd2, 0xbb, 0x91, 0xff, 0xd3, 0xbc, 0x8f, 0xff, 0xd3, 0xbc, 0x91, 0xff, 
0xd4, 0xbd, 0x92, 0xff, 0xd3, 0xbc, 0x8f, 0xff, 0xd1, 0xba, 0x8e, 0xff, 0xd3, 0xbc, 0x8f, 0xff, 
0xd6, 0xbf, 0x92, 0xff, 0xd3, 0xbc, 0x90, 0xff, 0xd2, 0xbb, 0x8f, 0xff, 0xd3, 0xbc, 0x8f, 0xff, 
0xd5, 0xbf, 0x93, 0xff, 0xd7, 0xc2, 0x97, 0xff, 0xd6, 0xbf, 0x93, 0xff, 0xd5, 0xbe, 0x92, 0xff, 
0xd5, 0xbe, 0x94, 0xff, 0xd5, 0xbe, 0x93, 0xff, 0xd5, 0xbe, 0x94, 0xff, 0xd7, 0xc0, 0x95, 0xff, 
0xd7, 0xc0, 0x94, 0xff, 0xd7, 0xc0, 0x94, 0xff, 0xd8, 0xc2, 0x98, 0xff, 0xd8, 0xc3, 0x99, 0xff, 
0xdc, 0xc7, 0x9c, 0xff, 0xdc, 0xc9, 0x9e, 0xff, 0xdb, 0xc6, 0x9b, 0xff, 0xda, 0xc4, 0x99, 0xff, 
0xd9, 0xc3, 0x99, 0xff, 0xd8, 0xc2, 0x96, 0xff, 0xdb, 0xc4, 0x97, 0xff, 0xdc, 0xc4, 0x98, 0xff, 
0xda, 0xc2, 0x96, 0xff, 0xda, 0xc3, 0x96, 0xff, 0xd9, 0xc2, 0x95, 0xff, 0xd6, 0xc0, 0x95, 0xff, 
0xd8, 0xc1, 0x96, 0xff, 0xd9, 0xc1, 0x96, 0xff, 0xd6, 0xbf, 0x94, 0xff, 0xd7, 0xbf, 0x93, 0xff, 
0xd7, 0xbf, 0x93, 0xff, 0xd5, 0xbe, 0x93, 0xff, 0xd4, 0xbd, 0x91, 0xff, 0xd4, 0xbd, 0x91, 0xff, 
0xd2, 0xbc, 0x91, 0xff, 0xd2, 0xbb, 0x92, 0xff, 0xd2, 0xbb, 0x91, 0xff, 0xd0, 0xba, 0x90, 0xff, 
0xd1, 0xbb, 0x91, 0xff, 0xd3, 0xbc, 0x91, 0xff, 0xd2, 0xbc, 0x91, 0xff, 0xd1, 0xba, 0x90, 0xff, 
0xd4, 0xbd, 0x91, 0xff, 0xd1, 0xba, 0x8f, 0xff, 0xd0, 0xb9, 0x8e, 0xff, 0xd1, 0xba, 0x90, 0xff, 
0xd1, 0xba, 0x90, 0xff, 0xd1, 0xba, 0x90, 0xff, 0xd2, 0xbb, 0x91, 0xff, 0xd2, 0xbb, 0x8f, 0xff, 
0xd2, 0xba, 0x8e, 0xff, 0xd2, 0xbb, 0x8f, 0xff, 0xd3, 0xbc, 0x8f, 0xff, 0xd3, 0xbc, 0x90, 0xff, 
0xd3, 0xbc, 0x90, 0xff, 0xd4, 0xbe, 0x91, 0xff, 0xd6, 0xc0, 0x92, 0xff, 0xd7, 0xc1, 0x93, 0xff, 
0xd7, 0xc0, 0x94, 0xff, 0xd6, 0xc0, 0x93, 0xff, 0xd6, 0xbf, 0x91, 0xff, 0xd8, 0xc2, 0x94, 0xff, 
0xd7, 0xc1, 0x92, 0xff, 0xd6, 0xc1, 0x92, 0xff, 0xd7, 0xc1, 0x93, 0xff, 0xd8, 0xc1, 0x93, 0xff, 
0xd8, 0xc2, 0x93, 0xff, 0xd8, 0xc1, 0x94, 0xff, 0xd9, 0xc4, 0x97, 0xff, 0xd9, 0xc2, 0x96, 0xff, 
0xd8, 0xc0, 0x94, 0xff, 0xd8, 0xc0, 0x94, 0xff, 0xd8, 0xc0, 0x94, 0xff, 0xd8, 0xc1, 0x95, 0xff, 
0xd9, 0xc2, 0x95, 0xff, 0xd9, 0xc2, 0x95, 0xff, 0xd9, 0xc1, 0x95, 0xff, 0xdb, 0xc5, 0x9a, 0xff, 
0xde, 0xca, 0x9e, 0xff, 0xdc, 0xc7, 0x9b, 0xff, 0xdd, 0xc8, 0x9d, 0xff, 0xdc, 0xc8, 0x9d, 0xff, 
0xda, 0xc4, 0x98, 0xff, 0xdd, 0xc7, 0x9c, 0xff, 0xdf, 0xca, 0x9d, 0xff, 0xdd, 0xc7, 0x9a, 0xff, 
0xdd, 0xc8, 0x9b, 0xff, 0xdc, 0xc8, 0x9a, 0xff, 0xdc, 0xc7, 0x9a, 0xff, 0xdc, 0xc8, 0x9c, 0xff, 
0xdd, 0xc8, 0x9b, 0xff, 0xdb, 0xc6, 0x99, 0xff, 0xdb, 0xc6, 0x99, 0xff, 0xdb, 0xc7, 0x99, 0xff, 
0xdd, 0xc7, 0x9b, 0xff, 0xdc, 0xc7, 0x9b, 0xff, 0xda, 0xc6, 0x99, 0xff, 0xda, 0xc5, 0x99, 0xff, 
0xda, 0xc4, 0x99, 0xff, 0xd7, 0xc3, 0x98, 0xff, 0xd9, 0xc4, 0x98, 0xff, 0xda, 0xc5, 0x99, 0xff, 
0xd7, 0xc3, 0x97, 0xff, 0xd7, 0xc3, 0x97, 0xff, 0xd8, 0xc4, 0x98, 0xff, 0xd7, 0xc2, 0x97, 0xff, 
0xd5, 0xc1, 0x95, 0xff, 0xd5, 0xc0, 0x95, 0xff, 0xd4, 0xbe, 0x94, 0xff, 0xd4, 0xbe, 0x93, 0xff, 
0xd4, 0xbd, 0x93, 0xff, 0xd4, 0xbc, 0x92, 0xff, 0xd4, 0xbd, 0x93, 0xff, 0xd5, 0xbe, 0x93, 0xff, 
0xd4, 0xbd, 0x92, 0xff, 0xd3, 0xbc, 0x92, 0xff, 0xd4, 0xbd, 0x92, 0xff, 0xd3, 0xbc, 0x91, 0xff, 
0xd2, 0xbb, 0x90, 0xff, 0xd2, 0xbb, 0x91, 0xff, 0xd2, 0xbb, 0x90, 0xff, 0xd3, 0xbc, 0x91, 0xff, 
0xd4, 0xbd, 0x92, 0xff, 0xd5, 0xbe, 0x91, 0xff, 0xd5, 0xbe, 0x92, 0xff, 0xd3, 0xbc, 0x90, 0xff, 
0xd5, 0xbd, 0x91, 0xff, 0xd6, 0xc0, 0x92, 0xff, 0xd6, 0xbf, 0x93, 0xff, 0xd6, 0xbf, 0x93, 0xff, 
0xd7, 0xc0, 0x93, 0xff, 0xd7, 0xc1, 0x93, 0xff, 0xd8, 0xc1, 0x94, 0xff, 0xda, 0xc2, 0x97, 0xff, 
0xdb, 0xc6, 0x9a, 0xff, 0xd9, 0xc3, 0x97, 0xff, 0xd7, 0xc0, 0x95, 0xff, 0xd7, 0xc1, 0x96, 0xff, 
0xd8, 0xc1, 0x96, 0xff, 0xd9, 0xc2, 0x97, 0xff, 0xdb, 0xc4, 0x9a, 0xff, 0xda, 0xc3, 0x98, 0xff, 
0xd9, 0xc3, 0x98, 0xff, 0xdd, 0xc9, 0x9e, 0xff, 0xdd, 0xc9, 0x9f, 0xff, 0xdc, 0xc8, 0x9d, 0xff, 
0xdc, 0xc7, 0x9e, 0xff, 0xda, 0xc5, 0x9b, 0xff, 0xd8, 0xc3, 0x98, 0xff, 0xdc, 0xc8, 0x9c, 0xff, 
0xdd, 0xc7, 0x9c, 0xff, 0xda, 0xc4, 0x98, 0xff, 0xdb, 0xc4, 0x99, 0xff, 0xd9, 0xc3, 0x98, 0xff, 
0xd7, 0xc2, 0x97, 0xff, 0xd8, 0xc2, 0x97, 0xff, 0xd7, 0xc1, 0x96, 0xff, 0xd6, 0xc0, 0x96, 0xff, 
0xd7, 0xc0, 0x96, 0xff, 0xd7, 0xc0, 0x94, 0xff, 0xd6, 0xbf, 0x94, 0xff, 0xd5, 0xbf, 0x94, 0xff, 
0xd5, 0xbe, 0x92, 0xff, 0xd3, 0xbc, 0x92, 0xff, 0xd2, 0xbb, 0x91, 0xff, 0xd2, 0xbc, 0x91, 0xff, 
0xd3, 0xbc, 0x92, 0xff, 0xd3, 0xbc, 0x91, 0xff, 0xd3, 0xbc, 0x91, 0xff, 0xd3, 0xbc, 0x90, 0xff, 
0xd4, 0xbd, 0x93, 0xff, 0xd3, 0xbc, 0x91, 0xff, 0xd3, 0xbc, 0x91, 0xff, 0xd2, 0xbb, 0x90, 0xff, 
0xd3, 0xbc, 0x92, 0xff, 0xd3, 0xbc, 0x93, 0xff, 0xd3, 0xbc, 0x92, 0xff, 0xd3, 0xbc, 0x92, 0xff, 
0xd3, 0xbc, 0x92, 0xff, 0xd4, 0xbd, 0x92, 0xff, 0xd3, 0xbc, 0x91, 0xff, 0xd4, 0xbd, 0x91, 0xff, 
0xd3, 0xbc, 0x90, 0xff, 0xd4, 0xbd, 0x91, 0xff, 0xd4, 0xbd, 0x92, 0xff, 0xd3, 0xbc, 0x92, 0xff, 
0xd3, 0xbc, 0x92, 0xff, 0xd3, 0xbc, 0x91, 0xff, 0xd4, 0xbc, 0x91, 0xff, 0xd4, 0xbd, 0x91, 0xff, 
0xd4, 0xbd, 0x91, 0xff, 0xd5, 0xbe, 0x93, 0xff, 0xd5, 0xbe, 0x92, 0xff, 0xd4, 0xbd, 0x91, 0xff, 
0xd3, 0xbb, 0x91, 0xff, 0xd3, 0xbc, 0x92, 0xff, 0xd5, 0xbe, 0x94, 0xff, 0xd6, 0xbf, 0x94, 0xff, 
0xd5, 0xbe, 0x94, 0xff, 0xd4, 0xbc, 0x93, 0xff, 0xd5, 0xbd, 0x94, 0xff, 0xd5, 0xbe, 0x94, 0xff, 
0xd4, 0xbe, 0x94, 0xff, 0xd4, 0xbd, 0x93, 0xff, 0xd4, 0xbd, 0x93, 0xff, 0xd4, 0xbd, 0x94, 0xff, 
0xd6, 0xc0, 0x96, 0xff, 0xd5, 0xbd, 0x93, 0xff, 0xd5, 0xbe, 0x94, 0xff, 0xd8, 0xc1, 0x97, 0xff, 
0xd5, 0xbe, 0x94, 0xff, 0xd4, 0xbd, 0x93, 0xff, 0xd6, 0xc0, 0x94, 0xff, 0xd6, 0xbf, 0x94, 0xff, 
0xd5, 0xbe, 0x94, 0xff, 0xd5, 0xbe, 0x94, 0xff, 0xd5, 0xbe, 0x94, 0xff, 0xd5, 0xbe, 0x95, 0xff, 
0xd5, 0xbe, 0x94, 0xff, 0xd5, 0xbe, 0x94, 0xff, 0xd4, 0xbd, 0x93, 0xff, 0xd5, 0xbd, 0x93, 0xff, 
0xd4, 0xbd, 0x94, 0xff, 0xd4, 0xbe, 0x94, 0xff, 0xd4, 0xbd, 0x93, 0xff, 0xd3, 0xbc, 0x93, 0xff, 
0xd3, 0xbc, 0x92, 0xff, 0xd3, 0xbc, 0x92, 0xff, 0xd4, 0xbd, 0x92, 0xff, 0xd4, 0xbd, 0x92, 0xff, 
0xd4, 0xbd, 0x92, 0xff, 0xd3, 0xbc, 0x92, 0xff, 0xd4, 0xbd, 0x92, 0xff, 0xd4, 0xbd, 0x93, 0xff, 
0xd3, 0xbc, 0x91, 0xff, 0xd2, 0xbc, 0x91, 0xff, 0xd3, 0xbc, 0x91, 0xff, 0xd3, 0xbb, 0x90, 0xff, 
0xd3, 0xbc, 0x90, 0xff, 0xd3, 0xbc, 0x91, 0xff, 0xd3, 0xbc, 0x91, 0xff, 0xd3, 0xbb, 0x90, 0xff, 
0xd3, 0xbc, 0x92, 0xff, 0xd3, 0xbc, 0x90, 0xff, 0xd4, 0xbd, 0x91, 0xff, 0xd4, 0xbd, 0x91, 0xff, 
0xd4, 0xbd, 0x91, 0xff, 0xd4, 0xbd, 0x92, 0xff, 0xd3, 0xbc, 0x91, 0xff, 0xd2, 0xbb, 0x90, 0xff, 
0xd5, 0xbd, 0x92, 0xff, 0xd7, 0xc0, 0x94, 0xff, 0xd3, 0xbc, 0x90, 0xff, 0xd3, 0xbc, 0x90, 0xff, 
0xd6, 0xbf, 0x93, 0xff, 0xd6, 0xbf, 0x93, 0xff, 0xd4, 0xbd, 0x91, 0xff, 0xd5, 0xbe, 0x92, 0xff, 
0xd6, 0xbf, 0x93, 0xff, 0xd6, 0xbe, 0x92, 0xff, 0xd6, 0xbf, 0x92, 0xff, 0xd7, 0xc1, 0x95, 0xff, 
0xd8, 0xc1, 0x95, 0xff, 0xd8, 0xc1, 0x95, 0xff, 0xd8, 0xc1, 0x95, 0xff, 0xd8, 0xc0, 0x95, 0xff, 
0xd7, 0xc0, 0x94, 0xff, 0xd7, 0xc0, 0x94, 0xff, 0xd8, 0xc0, 0x95, 0xff, 0xd9, 0xc2, 0x97, 0xff, 
0xda, 0xc4, 0x98, 0xff, 0xda, 0xc3, 0x98, 0xff, 0xda, 0xc2, 0x97, 0xff, 0xd9, 0xc2, 0x96, 0xff, 
0xd9, 0xc2, 0x96, 0xff, 0xd9, 0xc2, 0x96, 0xff, 0xd9, 0xc2, 0x96, 0xff, 0xd7, 0xc0, 0x94, 0xff, 
0xd8, 0xc1, 0x95, 0xff, 0xd8, 0xc1, 0x95, 0xff, 0xd8, 0xc1, 0x95, 0xff, 0xd7, 0xc0, 0x94, 0xff, 
0xd8, 0xc1, 0x95, 0xff, 0xd7, 0xc0, 0x95, 0xff, 0xd6, 0xbf, 0x95, 0xff, 0xd6, 0xbf, 0x93, 0xff, 
0xd4, 0xbd, 0x91, 0xff, 0xd5, 0xbe, 0x93, 0xff, 0xd4, 0xbd, 0x92, 0xff, 0xd3, 0xbc, 0x92, 0xff, 
0xd3, 0xbc, 0x93, 0xff, 0xd4, 0xbd, 0x92, 0xff, 0xd4, 0xbe, 0x92, 0xff, 0xd4, 0xbd, 0x92, 0xff, 
0xd3, 0xbc, 0x91, 0xff, 0xd3, 0xbb, 0x91, 0xff, 0xd4, 0xbc, 0x91, 0xff, 0xd4, 0xbd, 0x93, 0xff, 
0xd2, 0xbb, 0x91, 0xff, 0xd3, 0xbc, 0x90, 0xff, 0xd3, 0xbc, 0x90, 0xff, 0xd2, 0xbc, 0x90, 0xff, 
0xd4, 0xbd, 0x92, 0xff, 0xd4, 0xbd, 0x92, 0xff, 0xd4, 0xbd, 0x91, 0xff, 0xd3, 0xbc, 0x90, 0xff, 
0xd4, 0xbd, 0x91, 0xff, 0xd5, 0xbe, 0x92, 0xff, 0xd5, 0xbe, 0x92, 0xff, 0xd4, 0xbe, 0x92, 0xff, 
0xd5, 0xbe, 0x92, 0xff, 0xd6, 0xc0, 0x94, 0xff, 0xd6, 0xbf, 0x93, 0xff, 0xd6, 0xbf, 0x92, 0xff, 
0xd7, 0xc1, 0x94, 0xff, 0xd8, 0xc1, 0x94, 0xff, 0xd7, 0xc0, 0x93, 0xff, 0xd8, 0xc1, 0x95, 0xff, 
0xd8, 0xc1, 0x95, 0xff, 0xd8, 0xc2, 0x92, 0xff, 0xd8, 0xc1, 0x95, 0xff, 0xd8, 0xc1, 0x96, 0xff, 
0xd7, 0xc1, 0x95, 0xff, 0xd7, 0xc0, 0x94, 0xff, 0xd7, 0xc0, 0x94, 0xff, 0xd7, 0xc0, 0x94, 0xff, 
0xd8, 0xc1, 0x95, 0xff, 0xd9, 0xc2, 0x95, 0xff, 0xda, 0xc2, 0x96, 0xff, 0xd9, 0xc2, 0x96, 0xff, 
0xd8, 0xc1, 0x95, 0xff, 0xd8, 0xc1, 0x95, 0xff, 0xd8, 0xc1, 0x96, 0xff, 0xda, 0xc4, 0x99, 0xff, 
0xda, 0xc3, 0x97, 0xff, 0xda, 0xc3, 0x98, 0xff, 0xdc, 0xc6, 0x9c, 0xff, 0xdb, 0xc5, 0x99, 0xff, 
0xda, 0xc3, 0x97, 0xff, 0xdc, 0xc6, 0x99, 0xff, 0xdc, 0xc5, 0x99, 0xff, 0xdb, 0xc4, 0x98, 0xff, 
0xdb, 0xc5, 0x99, 0xff, 0xdb, 0xc5, 0x99, 0xff, 0xdc, 0xc5, 0x99, 0xff, 0xdc, 0xc6, 0x9a, 0xff, 
0xdc, 0xc5, 0x99, 0xff, 0xda, 0xc4, 0x98, 0xff, 0xdb, 0xc5, 0x99, 0xff, 0xdb, 0xc5, 0x98, 0xff, 
0xdb, 0xc5, 0x98, 0xff, 0xd9, 0xc3, 0x99, 0xff, 0xd9, 0xc2, 0x98, 0xff, 0xda, 0xc3, 0x99, 0xff, 
0xd9, 0xc4, 0x99, 0xff, 0xd9, 0xc3, 0x98, 0xff, 0xda, 0xc3, 0x99, 0xff, 0xd8, 0xc3, 0x98, 0xff, 
0xd8, 0xc1, 0x97, 0xff, 0xd8, 0xc2, 0x98, 0xff, 0xd7, 0xc1, 0x96, 0xff, 0xd6, 0xc1, 0x96, 0xff, 
0xd6, 0xc0, 0x95, 0xff, 0xd5, 0xbe, 0x94, 0xff, 0xd5, 0xbe, 0x94, 0xff, 0xd6, 0xbf, 0x95, 0xff, 
0xd6, 0xbf, 0x95, 0xff, 0xd6, 0xbf, 0x95, 0xff, 0xd5, 0xbe, 0x94, 0xff, 0xd5, 0xbe, 0x94, 0xff, 
0xd5, 0xbe, 0x94, 0xff, 0xd5, 0xbe, 0x94, 0xff, 0xd4, 0xbd, 0x93, 0xff, 0xd4, 0xbd, 0x93, 0xff, 
0xd4, 0xbe, 0x94, 0xff, 0xd4, 0xbd, 0x94, 0xff, 0xd5, 0xbe, 0x94, 0xff, 0xd5, 0xbe, 0x93, 0xff, 
0xd4, 0xbd, 0x91, 0xff, 0xd5, 0xbf, 0x93, 0xff, 0xd7, 0xc0, 0x94, 0xff, 0xd5, 0xbe, 0x92, 0xff, 
0xd6, 0xbf, 0x93, 0xff, 0xd8, 0xc1, 0x95, 0xff, 0xd8, 0xc1, 0x94, 0xff, 0xd7, 0xc0, 0x94, 0xff, 
0xd8, 0xc1, 0x95, 0xff, 0xd8, 0xc1, 0x95, 0xff, 0xd8, 0xc1, 0x95, 0xff, 0xd8, 0xc1, 0x95, 0xff, 
0xd8, 0xc2, 0x95, 0xff, 0xd8, 0xc1, 0x95, 0xff, 0xd9, 0xc1, 0x96, 0xff, 0xda, 0xc3, 0x98, 0xff, 
0xdb, 0xc4, 0x99, 0xff, 0xda, 0xc3, 0x98, 0xff, 0xda, 0xc3, 0x98, 0xff, 0xda, 0xc3, 0x98, 0xff, 
0xdb, 0xc5, 0x99, 0xff, 0xdb, 0xc6, 0x9b, 0xff, 0xda, 0xc4, 0x9a, 0xff, 0xdc, 0xc6, 0x9c, 0xff, 
0xdb, 0xc5, 0x9a, 0xff, 0xd9, 0xc3, 0x98, 0xff, 0xda, 0xc3, 0x99, 0xff, 0xda, 0xc4, 0x9a, 0xff, 
0xd8, 0xc2, 0x98, 0xff, 0xd8, 0xc1, 0x98, 0xff, 0xd8, 0xc1, 0x98, 0xff, 0xd8, 0xc1, 0x97, 0xff, 
0xd7, 0xc0, 0x96, 0xff, 0xd7, 0xc0, 0x96, 0xff, 0xd7, 0xc0, 0x96, 0xff, 0xd7, 0xc1, 0x96, 0xff, 
0xd7, 0xc0, 0x96, 0xff, 0xd5, 0xbe, 0x94, 0xff, 0xd6, 0xbf, 0x95, 0xff, 0xd4, 0xbd, 0x93, 0xff, 
0xd2, 0xbb, 0x91, 0xff, 0xd2, 0xbb, 0x92, 0xff, 0xd3, 0xbc, 0x92, 0xff, 0xd5, 0xbe, 0x93, 0xff, 
0xd4, 0xbd, 0x93, 0xff, 0xd4, 0xbd, 0x91, 0xff, 0xd3, 0xbc, 0x92, 0xff, 0xd4, 0xbc, 0x92, 0xff, 
0xd7, 0xbf, 0x93, 0xff, 0xd6, 0xbf, 0x93, 0xff, 0xd6, 0xbf, 0x92, 0xff, 0xd7, 0xbf, 0x93, 0xff, 
0xd8, 0xbf, 0x95, 0xff, 0xd8, 0xbf, 0x96, 0xff, 0xd8, 0xbf, 0x95, 0xff, 0xd7, 0xbf, 0x95, 0xff, 
0xd7, 0xbf, 0x94, 0xff, 0xd7, 0xc0, 0x94, 0xff, 0xd7, 0xbf, 0x94, 0xff, 0xd7, 0xc0, 0x94, 0xff, 
0xd8, 0xc0, 0x94, 0xff, 0xd8, 0xc1, 0x95, 0xff, 0xd6, 0xc0, 0x94, 0xff, 0xd6, 0xbf, 0x94, 0xff, 
0xd7, 0xbf, 0x94, 0xff, 0xd7, 0xc0, 0x93, 0xff, 0xd9, 0xc1, 0x95, 0xff, 0xd7, 0xc0, 0x94, 0xff, 
0xd6, 0xbf, 0x93, 0xff, 0xd8, 0xc1, 0x95, 0xff, 0xd6, 0xbf, 0x93, 0xff, 0xd6, 0xbf, 0x93, 0xff, 
0xd8, 0xbf, 0x94, 0xff, 0xd8, 0xbf, 0x95, 0xff, 0xd8, 0xc0, 0x94, 0xff, 0xd6, 0xbe, 0x93, 0xff, 
0xd6, 0xbe, 0x93, 0xff, 0xd6, 0xbd, 0x94, 0xff, 0xd7, 0xbe, 0x95, 0xff, 0xd7, 0xbf, 0x96, 0xff, 
0xd5, 0xbe, 0x94, 0xff, 0xd5, 0xbd, 0x93, 0xff, 0xd6, 0xbf, 0x94, 0xff, 0xd5, 0xbe, 0x94, 0xff, 
0xd6, 0xbd, 0x94, 0xff, 0xd7, 0xbf, 0x96, 0xff, 0xd8, 0xc1, 0x97, 0xff, 0xd7, 0xbf, 0x95, 0xff, 
0xd8, 0xbf, 0x96, 0xff, 0xd6, 0xbf, 0x95, 0xff, 0xd7, 0xbf, 0x96, 0xff, 0xd7, 0xbf, 0x95, 0xff, 
0xd7, 0xbf, 0x95, 0xff, 0xd7, 0xbe, 0x94, 0xff, 0xd7, 0xc0, 0x95, 0xff, 0xd7, 0xc0, 0x95, 0xff, 
0xd7, 0xc0, 0x95, 0xff, 0xd8, 0xc0, 0x96, 0xff, 0xd8, 0xc0, 0x96, 0xff, 0xd8, 0xc0, 0x95, 0xff, 
0xd7, 0xc0, 0x95, 0xff, 0xd7, 0xbf, 0x95, 0xff, 0xd6, 0xbf, 0x95, 0xff, 0xd6, 0xbf, 0x95, 0xff, 
0xd7, 0xbf, 0x94, 0xff, 0xd6, 0xbf, 0x95, 0xff, 0xd8, 0xc0, 0x93, 0xff, 0xd6, 0xbe, 0x92, 0xff, 
0xd6, 0xbe, 0x92, 0xff, 0xd5, 0xbe, 0x92, 0xff, 0xd6, 0xbf, 0x93, 0xff, 0xd6, 0xc0, 0x94, 0xff, 
0xd6, 0xbf, 0x93, 0xff, 0xd6, 0xbf, 0x92, 0xff, 0xd5, 0xbe, 0x92, 0xff, 0xd7, 0xbf, 0x93, 0xff, 
0xd7, 0xbf, 0x93, 0xff, 0xd6, 0xbe, 0x91, 0xff, 0xd6, 0xbe, 0x92, 0xff, 0xd7, 0xbf, 0x93, 0xff, 
0xd6, 0xbf, 0x93, 0xff, 0xd6, 0xbe, 0x92, 0xff, 0xd7, 0xc0, 0x94, 0xff, 0xd6, 0xbf, 0x93, 0xff, 
0xd7, 0xbf, 0x94, 0xff, 0xd8, 0xc0, 0x94, 0xff, 0xd6, 0xbd, 0x93, 0xff, 0xd7, 0xbe, 0x94, 0xff, 
0xd8, 0xc0, 0x95, 0xff, 0xd9, 0xc2, 0x96, 0xff, 0xd7, 0xc0, 0x94, 0xff, 0xd5, 0xbd, 0x91, 0xff, 
0xd6, 0xbf, 0x93, 0xff, 0xd8, 0xc1, 0x95, 0xff, 0xd7, 0xc0, 0x94, 0xff, 0xd7, 0xbf, 0x94, 0xff, 
0xd7, 0xbf, 0x92, 0xff, 0xd7, 0xc0, 0x94, 0xff, 0xd8, 0xc0, 0x95, 0xff, 0xd8, 0xc1, 0x95, 0xff, 
0xd8, 0xc1, 0x94, 0xff, 0xd8, 0xc0, 0x94, 0xff, 0xd9, 0xc1, 0x95, 0xff, 0xd8, 0xc1, 0x94, 0xff, 
0xd7, 0xc0, 0x94, 0xff, 0xd9, 0xc1, 0x96, 0xff, 0xd8, 0xc0, 0x97, 0xff, 0xd8, 0xc0, 0x94, 0xff, 
0xd8, 0xc0, 0x95, 0xff, 0xda, 0xc1, 0x97, 0xff, 0xd9, 0xc2, 0x98, 0xff, 0xd9, 0xc2, 0x98, 0xff, 
0xda, 0xc2, 0x96, 0xff, 0xd9, 0xc1, 0x95, 0xff, 0xd8, 0xc1, 0x95, 0xff, 0xd9, 0xc2, 0x96, 0xff, 
0xd9, 0xc1, 0x95, 0xff, 0xd9, 0xc2, 0x96, 0xff, 0xd8, 0xc1, 0x95, 0xff, 0xd8, 0xc1, 0x95, 0xff, 
0xd9, 0xc2, 0x97, 0xff, 0xd8, 0xc1, 0x95, 0xff, 0xd8, 0xc1, 0x95, 0xff, 0xd9, 0xc2, 0x96, 0xff, 
0xd7, 0xc0, 0x94, 0xff, 0xd7, 0xc0, 0x94, 0xff, 0xd8, 0xc0, 0x94, 0xff, 0xd7, 0xc0, 0x95, 0xff, 
0xd7, 0xbf, 0x95, 0xff, 0xd8, 0xc0, 0x94, 0xff, 0xd8, 0xc0, 0x93, 0xff, 0xd7, 0xbe, 0x93, 0xff, 
0xd6, 0xbe, 0x92, 0xff, 0xd6, 0xbe, 0x92, 0xff, 0xd7, 0xbf, 0x93, 0xff, 0xd8, 0xc0, 0x94, 0xff, 
0xd7, 0xbf, 0x93, 0xff, 0xd7, 0xbf, 0x92, 0xff, 0xd6, 0xbf, 0x92, 0xff, 0xd6, 0xbf, 0x93, 0xff, 
0xd6, 0xbf, 0x92, 0xff, 0xd6, 0xc0, 0x93, 0xff, 0xd6, 0xbf, 0x93, 0xff, 0xd8, 0xbf, 0x94, 0xff, 
0xd6, 0xbf, 0x93, 0xff, 0xd6, 0xbf, 0x93, 0xff, 0xd9, 0xc1, 0x95, 0xff, 0xd7, 0xc0, 0x94, 0xff, 
0xd8, 0xc1, 0x95, 0xff, 0xd7, 0xc0, 0x95, 0xff, 0xd7, 0xc0, 0x95, 0xff, 0xd8, 0xc1, 0x95, 0xff, 
0xd8, 0xc1, 0x95, 0xff, 0xd9, 0xc2, 0x97, 0xff, 0xd9, 0xc1, 0x95, 0xff, 0xd8, 0xc0, 0x94, 0xff, 
0xda, 0xc2, 0x95, 0xff, 0xd9, 0xc1, 0x95, 0xff, 0xd9, 0xc1, 0x95, 0xff, 0xd9, 0xc1, 0x95, 0xff, 
0xd8, 0xc1, 0x95, 0xff, 0xd8, 0xc1, 0x95, 0xff, 0xd9, 0xc2, 0x96, 0xff, 0xda, 0xc2, 0x96, 0xff, 
0xd9, 0xc2, 0x96, 0xff, 0xda, 0xc3, 0x97, 0xff, 0xda, 0xc2, 0x96, 0xff, 0xda, 0xc2, 0x96, 0xff, 
0xd9, 0xc2, 0x96, 0xff, 0xd9, 0xc2, 0x96, 0xff, 0xd9, 0xc2, 0x96, 0xff, 0xd9, 0xc1, 0x95, 0xff, 
0xda, 0xc2, 0x96, 0xff, 0xda, 0xc3, 0x97, 0xff, 0xda, 0xc3, 0x97, 0xff, 0xdb, 0xc4, 0x99, 0xff, 
0xda, 0xc3, 0x98, 0xff, 0xda, 0xc3, 0x98, 0xff, 0xdb, 0xc4, 0x98, 0xff, 0xdc, 0xc5, 0x99, 0xff, 
0xdc, 0xc5, 0x99, 0xff, 0xdd, 0xc5, 0x99, 0xff, 0xdc, 0xc5, 0x99, 0xff, 0xdd, 0xc5, 0x9a, 0xff, 
0xdd, 0xc5, 0x9b, 0xff, 0xdd, 0xc5, 0x9a, 0xff, 0xde, 0xc6, 0x9b, 0xff, 0xdd, 0xc4, 0x99, 0xff, 
0xda, 0xc3, 0x99, 0xff, 0xdb, 0xc4, 0x9a, 0xff, 0xdb, 0xc3, 0x9a, 0xff, 0xdb, 0xc3, 0x99, 0xff, 
0xda, 0xc3, 0x99, 0xff, 0xda, 0xc3, 0x99, 0xff, 0xdb, 0xc4, 0x9a, 0xff, 0xda, 0xc3, 0x99, 0xff, 
0xda, 0xc2, 0x99, 0xff, 0xda, 0xc3, 0x99, 0xff, 0xd9, 0xc2, 0x98, 0xff, 0xd8, 0xc2, 0x97, 0xff, 
0xd8, 0xc1, 0x97, 0xff, 0xd9, 0xc2, 0x98, 0xff, 0xd9, 0xc2, 0x98, 0xff, 0xd9, 0xc2, 0x98, 0xff, 
0xd8, 0xc1, 0x97, 0xff, 0xd7, 0xc0, 0x96, 0xff, 0xd6, 0xc0, 0x96, 0xff, 0xd7, 0xbf, 0x95, 0xff, 
0xd8, 0xc0, 0x96, 0xff, 0xd7, 0xc0, 0x96, 0xff, 0xd7, 0xc0, 0x96, 0xff, 0xd7, 0xbf, 0x96, 0xff, 
0xd6, 0xbf, 0x95, 0xff, 0xd7, 0xc0, 0x95, 0xff, 0xd7, 0xc0, 0x95, 0xff, 0xd6, 0xbf, 0x95, 0xff, 
0xd7, 0xbf, 0x93, 0xff, 0xd8, 0xc1, 0x94, 0xff, 0xd8, 0xc1, 0x95, 0xff, 0xd8, 0xc1, 0x95, 0xff, 
0xd7, 0xc0, 0x94, 0xff, 0xd9, 0xc2, 0x96, 0xff, 0xdb, 0xc3, 0x96, 0xff, 0xd9, 0xc1, 0x95, 0xff, 
0xd8, 0xc1, 0x95, 0xff, 0xd9, 0xc2, 0x96, 0xff, 0xd9, 0xc2, 0x96, 0xff, 0xd9, 0xc2, 0x96, 0xff, 
0xd9, 0xc2, 0x96, 0xff, 0xda, 0xc2, 0x96, 0xff, 0xda, 0xc3, 0x97, 0xff, 0xdb, 0xc3, 0x99, 0xff, 
0xda, 0xc2, 0x97, 0xff, 0xda, 0xc3, 0x98, 0xff, 0xdb, 0xc3, 0x98, 0xff, 0xdb, 0xc4, 0x98, 0xff, 
0xdb, 0xc3, 0x98, 0xff, 0xda, 0xc3, 0x99, 0xff, 0xdb, 0xc4, 0x9a, 0xff, 0xdb, 0xc5, 0x9a, 0xff, 
0xdb, 0xc3, 0x99, 0xff, 0xdb, 0xc4, 0x9a, 0xff, 0xda, 0xc2, 0x99, 0xff, 0xd9, 0xc0, 0x97, 0xff, 
0xd9, 0xc2, 0x98, 0xff, 0xd9, 0xc2, 0x98, 0xff, 0xd9, 0xc1, 0x98, 0xff, 0xd9, 0xc1, 0x97, 0xff, 
0xd8, 0xc0, 0x96, 0xff, 0xd8, 0xc1, 0x97, 0xff, 0xd9, 0xc1, 0x97, 0xff, 0xd9, 0xc1, 0x96, 0xff, 
0xd8, 0xc1, 0x95, 0xff, 0xd7, 0xc0, 0x95, 0xff, 0xd7, 0xc0, 0x95, 0xff, 0xd7, 0xc0, 0x94, 0xff, 
0xd7, 0xc0, 0x94, 0xff, 0xd7, 0xbf, 0x93, 0xff, 0xd8, 0xc0, 0x94, 0xff, 0xd7, 0xbf, 0x93, 0xff, 
0xd5, 0xbe, 0x92, 0xff, 0xd7, 0xbf, 0x93, 0xff, 0xd7, 0xbf, 0x94, 0xff, 0xd8, 0xc0, 0x94, 0xff, 
0xd8, 0xc0, 0x93, 0xff, 0xd8, 0xc0, 0x94, 0xff, 0xd8, 0xc1, 0x94, 0xff, 0xd8, 0xc0, 0x94, 0xff, 
0xd9, 0xc1, 0x94, 0xff, 0xd9, 0xc1, 0x94, 0xff, 0xd9, 0xc1, 0x95, 0xff, 0xd8, 0xc1, 0x94, 0xff, 
0xd8, 0xc0, 0x93, 0xff, 0xd8, 0xc0, 0x94, 0xff, 0xd8, 0xc0, 0x93, 0xff, 0xd9, 0xc1, 0x95, 0xff, 
0xd9, 0xc1, 0x95, 0xff, 0xd9, 0xc1, 0x95, 0xff, 0xd9, 0xc1, 0x95, 0xff, 0xd9, 0xc1, 0x95, 0xff, 
0xd9, 0xc1, 0x95, 0xff, 0xd9, 0xc1, 0x94, 0xff, 0xd8, 0xc0, 0x94, 0xff, 0xd8, 0xc0, 0x94, 0xff, 
0xd8, 0xc0, 0x93, 0xff, 0xd8, 0xc0, 0x94, 0xff, 0xd8, 0xc1, 0x94, 0xff, 0xd9, 0xc1, 0x95, 0xff, 
0xd9, 0xc1, 0x94, 0xff, 0xd8, 0xc1, 0x95, 0xff, 0xd7, 0xc0, 0x93, 0xff, 0xd8, 0xc0, 0x93, 0xff, 
0xd7, 0xc0, 0x93, 0xff, 0xd8, 0xc0, 0x94, 0xff, 0xd8, 0xc0, 0x94, 0xff, 0xd8, 0xc0, 0x94, 0xff, 
0xd7, 0xc0, 0x92, 0xff, 0xd7, 0xc0, 0x94, 0xff, 0xd8, 0xc1, 0x95, 0xff, 0xd8, 0xc0, 0x94, 0xff, 
0xd9, 0xc0, 0x96, 0xff, 0xda, 0xc0, 0x98, 0xff, 0xd9, 0xc0, 0x97, 0xff, 0xd9, 0xc1, 0x95, 0xff, 
0xd9, 0xc2, 0x95, 0xff, 0xda, 0xc2, 0x95, 0xff, 0xda, 0xc1, 0x95, 0xff, 0xda, 0xc2, 0x95, 0xff, 
0xd9, 0xc1, 0x95, 0xff, 0xd9, 0xc1, 0x94, 0xff, 0xd9, 0xc1, 0x95, 0xff, 0xd9, 0xc1, 0x94, 0xff, 
0xd8, 0xc0, 0x93, 0xff, 0xd8, 0xc1, 0x94, 0xff, 0xd8, 0xc0, 0x93, 0xff, 0xd8, 0xc0, 0x93, 0xff, 
0xd7, 0xbf, 0x92, 0xff, 0xd7, 0xbf, 0x93, 0xff, 0xd7, 0xbf, 0x92, 0xff, 0xd6, 0xbf, 0x92, 0xff, 
0xd6, 0xbe, 0x92, 0xff, 0xd6, 0xbe, 0x92, 0xff, 0xd5, 0xbd, 0x91, 0xff, 0xd7, 0xbf, 0x92, 0xff, 
0xd6, 0xbe, 0x92, 0xff, 0xd5, 0xbe, 0x91, 0xff, 0xd6, 0xbe, 0x91, 0xff, 0xd6, 0xbf, 0x92, 0xff, 
0xd7, 0xbf, 0x92, 0xff, 0xd7, 0xbf, 0x93, 0xff, 0xd6, 0xbe, 0x92, 0xff, 0xd6, 0xbf, 0x92, 0xff, 
0xd9, 0xc1, 0x94, 0xff, 0xd7, 0xbf, 0x93, 0xff, 0xd8, 0xc0, 0x93, 0xff, 0xd7, 0xc0, 0x93, 0xff, 
0xd7, 0xbf, 0x93, 0xff, 0xd7, 0xbf, 0x92, 0xff, 0xd8, 0xc0, 0x94, 0xff, 0xd8, 0xc0, 0x94, 0xff, 
0xd8, 0xc0, 0x93, 0xff, 0xd9, 0xc1, 0x94, 0xff, 0xd8, 0xc0, 0x93, 0xff, 0xd8, 0xc0, 0x93, 0xff, 
0xd9, 0xc1, 0x94, 0xff, 0xd8, 0xc0, 0x94, 0xff, 0xd8, 0xc0, 0x93, 0xff, 0xd7, 0xbf, 0x92, 0xff, 
0xd7, 0xbf, 0x92, 0xff, 0xd7, 0xbf, 0x92, 0xff, 0xd7, 0xc0, 0x93, 0xff, 0xd7, 0xbf, 0x93, 0xff, 
0xd7, 0xbf, 0x93, 0xff, 0xd7, 0xbf, 0x93, 0xff, 0xd8, 0xc0, 0x94, 0xff, 0xd7, 0xbf, 0x93, 0xff, 
0xd7, 0xbf, 0x93, 0xff, 0xd8, 0xc0, 0x93, 0xff, 0xd9, 0xc1, 0x94, 0xff, 0xd8, 0xc0, 0x94, 0xff, 
0xd8, 0xc0, 0x94, 0xff, 0xd9, 0xc1, 0x95, 0xff, 0xda, 0xc1, 0x97, 0xff, 0xd9, 0xc1, 0x95, 0xff, 
0xda, 0xc1, 0x96, 0xff, 0xda, 0xc1, 0x98, 0xff, 0xda, 0xc2, 0x97, 0xff, 0xd9, 0xc1, 0x97, 0xff, 
0xda, 0xc2, 0x97, 0xff, 0xda, 0xc2, 0x96, 0xff, 0xdb, 0xc3, 0x96, 0xff, 0xda, 0xc3, 0x96, 0xff, 
0xda, 0xc2, 0x96, 0xff, 0xda, 0xc2, 0x95, 0xff, 0xd9, 0xc2, 0x95, 0xff, 0xd9, 0xc1, 0x95, 0xff, 
0xd9, 0xc1, 0x95, 0xff, 0xd9, 0xc2, 0x95, 0xff, 0xda, 0xc2, 0x95, 0xff, 0xd9, 0xc1, 0x95, 0xff, 
0xd9, 0xc1, 0x95, 0xff, 0xd8, 0xc0, 0x94, 0xff, 0xd8, 0xc0, 0x94, 0xff, 0xd8, 0xc0, 0x93, 0xff, 
0xd7, 0xbf, 0x92, 0xff, 0xd7, 0xbf, 0x92, 0xff, 0xd7, 0xbf, 0x92, 0xff, 0xd7, 0xbf, 0x92, 0xff, 
0xd6, 0xbe, 0x91, 0xff, 0xd6, 0xbe, 0x92, 0xff, 0xd6, 0xbe, 0x92, 0xff, 0xd7, 0xbf, 0x92, 0xff, 
0xd8, 0xc0, 0x93, 0xff, 0xd8, 0xc0, 0x93, 0xff, 0xd8, 0xc0, 0x93, 0xff, 0xd8, 0xc0, 0x94, 0xff, 
0xd8, 0xc0, 0x93, 0xff, 0xd8, 0xc0, 0x94, 0xff, 0xd9, 0xc1, 0x94, 0xff, 0xd8, 0xc0, 0x94, 0xff, 
0xd7, 0xbf, 0x93, 0xff, 0xd8, 0xc0, 0x94, 0xff, 0xd8, 0xc1, 0x94, 0xff, 0xd8, 0xc0, 0x94, 0xff, 
0xd8, 0xc0, 0x94, 0xff, 0xd8, 0xc0, 0x93, 0xff, 0xd8, 0xc0, 0x92, 0xff, 0xd8, 0xc0, 0x94, 0xff, 
0xd8, 0xc0, 0x94, 0xff, 0xd7, 0xbf, 0x93, 0xff, 0xd7, 0xbf, 0x93, 0xff, 0xd7, 0xbf, 0x92, 0xff, 
0xd7, 0xbf, 0x92, 0xff, 0xd6, 0xbe, 0x91, 0xff, 0xd7, 0xbf, 0x91, 0xff, 0xd8, 0xc0, 0x93, 0xff, 
0xd9, 0xc1, 0x95, 0xff, 0xd9, 0xc1, 0x94, 0xff, 0xd9, 0xc1, 0x95, 0xff, 0xd9, 0xc1, 0x95, 0xff, 
0xd9, 0xc1, 0x95, 0xff, 0xd9, 0xc1, 0x95, 0xff, 0xd9, 0xc1, 0x95, 0xff, 0xda, 0xc2, 0x96, 0xff, 
0xda, 0xc2, 0x95, 0xff, 0xda, 0xc2, 0x95, 0xff, 0xda, 0xc2, 0x96, 0xff, 0xda, 0xc2, 0x96, 0xff, 
0xda, 0xc2, 0x96, 0xff, 0xdb, 0xc3, 0x96, 0xff, 0xdb, 0xc3, 0x96, 0xff, 0xdb, 0xc3, 0x98, 0xff, 
0xdb, 0xc4, 0x98, 0xff, 0xdc, 0xc5, 0x99, 0xff, 0xdc, 0xc4, 0x98, 0xff, 0xdc, 0xc4, 0x98, 0xff, 
0xdc, 0xc4, 0x98, 0xff, 0xdc, 0xc4, 0x97, 0xff, 0xdd, 0xc5, 0x99, 0xff, 0xdc, 0xc4, 0x98, 0xff, 
0xdc, 0xc4, 0x99, 0xff, 0xdd, 0xc4, 0x99, 0xff, 0xdc, 0xc4, 0x99, 0xff, 0xdc, 0xc3, 0x9a, 0xff, 
0xdb, 0xc3, 0x99, 0xff, 0xdc, 0xc3, 0x99, 0xff, 0xdb, 0xc2, 0x99, 0xff, 0xdb, 0xc2, 0x99, 0xff, 
0xda, 0xc3, 0x98, 0xff, 0xd9, 0xc3, 0x98, 0xff, 0xda, 0xc3, 0x99, 0xff, 0xda, 0xc4, 0x99, 0xff, 
0xda, 0xc3, 0x99, 0xff, 0xd9, 0xc2, 0x98, 0xff, 0xd9, 0xc1, 0x98, 0xff, 0xd9, 0xc2, 0x98, 0xff, 
0xd8, 0xc1, 0x97, 0xff, 0xd8, 0xc1, 0x97, 0xff, 0xd8, 0xc0, 0x96, 0xff, 0xd7, 0xc0, 0x96, 0xff, 
0xd8, 0xbf, 0x96, 0xff, 0xd8, 0xc0, 0x96, 0xff, 0xd7, 0xbf, 0x95, 0xff, 0xd7, 0xbf, 0x95, 0xff, 
0xd8, 0xbf, 0x95, 0xff, 0xd7, 0xc0, 0x94, 0xff, 0xd8, 0xc1, 0x94, 0xff, 0xd8, 0xc0, 0x94, 0xff, 
0xd7, 0xc0, 0x93, 0xff, 0xd7, 0xc0, 0x93, 0xff, 0xd8, 0xc0, 0x93, 0xff, 0xd8, 0xc0, 0x93, 0xff, 
0xd8, 0xc0, 0x94, 0xff, 0xd7, 0xbf, 0x93, 0xff, 0xd7, 0xbf, 0x93, 0xff, 0xd8, 0xc0, 0x93, 0xff, 
0xd7, 0xbf, 0x92, 0xff, 0xd6, 0xbf, 0x92, 0xff, 0xd8, 0xc0, 0x94, 0xff, 0xd9, 0xc1, 0x94, 0xff, 
0xd8, 0xc0, 0x94, 0xff, 0xd8, 0xc1, 0x94, 0xff, 0xd8, 0xc0, 0x94, 0xff, 0xd9, 0xc2, 0x95, 0xff, 
0xda, 0xc2, 0x95, 0xff, 0xda, 0xc2, 0x95, 0xff, 0xd9, 0xc2, 0x95, 0xff, 0xd9, 0xc1, 0x95, 0xff, 
0xda, 0xc2, 0x96, 0xff, 0xda, 0xc1, 0x97, 0xff, 0xda, 0xc2, 0x96, 0xff, 0xdb, 0xc3, 0x97, 0xff, 
0xdb, 0xc2, 0x99, 0xff, 0xdc, 0xc3, 0x9a, 0xff, 0xdc, 0xc4, 0x9a, 0xff, 0xdb, 0xc3, 0x98, 0xff, 
0xdb, 0xc2, 0x99, 0xff, 0xdb, 0xc4, 0x9a, 0xff, 0xdb, 0xc2, 0x99, 0xff, 0xdb, 0xc2, 0x97, 0xff, 
0xdb, 0xc2, 0x97, 0xff, 0xda, 0xc1, 0x97, 0xff, 0xda, 0xc2, 0x98, 0xff, 0xd9, 0xc1, 0x97, 0xff, 
0xda, 0xc1, 0x97, 0xff, 0xda, 0xc2, 0x96, 0xff, 0xd8, 0xc1, 0x95, 0xff, 0xd8, 0xc0, 0x95, 0xff, 
0xd9, 0xc1, 0x94, 0xff, 0xd9, 0xc1, 0x94, 0xff, 0xd7, 0xc0, 0x93, 0xff, 0xd7, 0xc0, 0x93, 0xff, 
0xd8, 0xc0, 0x93, 0xff, 0xd8, 0xc0, 0x93, 0xff, 0xd7, 0xbf, 0x93, 0xff, 0xd7, 0xbf, 0x93, 0xff, 
0xd8, 0xc0, 0x94, 0xff, 0xd8, 0xc1, 0x94, 0xff, 0xd8, 0xc1, 0x94, 0xff, 0xd9, 0xc1, 0x94, 0xff, 
0xd5, 0xbd, 0x92, 0xff, 0xd5, 0xbd, 0x92, 0xff, 0xd6, 0xbd, 0x92, 0xff, 0xd5, 0xbd, 0x92, 0xff, 
0xd6, 0xbe, 0x92, 0xff, 0xd7, 0xbe, 0x94, 0xff, 0xd7, 0xbe, 0x94, 0xff, 0xd6, 0xbe, 0x94, 0xff, 
0xd6, 0xbd, 0x93, 0xff, 0xd6, 0xbd, 0x93, 0xff, 0xd6, 0xbd, 0x93, 0xff, 0xd6, 0xbe, 0x92, 0xff, 
0xd6, 0xbe, 0x92, 0xff, 0xd6, 0xbe, 0x92, 0xff, 0xd7, 0xbf, 0x93, 0xff, 0xd7, 0xbf, 0x93, 0xff, 
0xd6, 0xbe, 0x92, 0xff, 0xd6, 0xbe, 0x93, 0xff, 0xd5, 0xbd, 0x92, 0xff, 0xd5, 0xbd, 0x92, 0xff, 
0xd5, 0xbd, 0x92, 0xff, 0xd5, 0xbd, 0x92, 0xff, 0xd6, 0xbe, 0x93, 0xff, 0xd6, 0xbe, 0x93, 0xff, 
0xd5, 0xbd, 0x92, 0xff, 0xd6, 0xbe, 0x92, 0xff, 0xd6, 0xbe, 0x93, 0xff, 0xd6, 0xbe, 0x93, 0xff, 
0xd6, 0xbe, 0x92, 0xff, 0xd5, 0xbd, 0x92, 0xff, 0xd5, 0xbd, 0x92, 0xff, 0xd5, 0xbd, 0x92, 0xff, 
0xd6, 0xbd, 0x92, 0xff, 0xd6, 0xbe, 0x94, 0xff, 0xd6, 0xbe, 0x94, 0xff, 0xd7, 0xbe, 0x93, 0xff, 
0xd7, 0xbe, 0x94, 0xff, 0xd7, 0xbe, 0x95, 0xff, 0xd7, 0xbe, 0x95, 0xff, 0xd7, 0xbe, 0x95, 0xff, 
0xd7, 0xbe, 0x94, 0xff, 0xd7, 0xbe, 0x94, 0xff, 0xd8, 0xbf, 0x94, 0xff, 0xd8, 0xbf, 0x94, 0xff, 
0xd7, 0xbf, 0x94, 0xff, 0xd7, 0xbf, 0x94, 0xff, 0xd7, 0xbe, 0x94, 0xff, 0xd5, 0xbd, 0x93, 0xff, 
0xd5, 0xbc, 0x93, 0xff, 0xd6, 0xbd, 0x93, 0xff, 0xd5, 0xbc, 0x92, 0xff, 0xd6, 0xbd, 0x93, 0xff, 
0xd5, 0xbc, 0x93, 0xff, 0xd5, 0xbc, 0x92, 0xff, 0xd5, 0xbc, 0x92, 0xff, 0xd4, 0xbc, 0x92, 0xff, 
0xd4, 0xbb, 0x92, 0xff, 0xd4, 0xbb, 0x92, 0xff, 0xd5, 0xbc, 0x92, 0xff, 0xd5, 0xbc, 0x92, 0xff, 
0xd5, 0xbc, 0x92, 0xff, 0xd5, 0xbc, 0x92, 0xff, 0xd5, 0xbc, 0x92, 0xff, 0xd4, 0xbc, 0x92, 0xff, 
0xd4, 0xbc, 0x91, 0xff, 0xd4, 0xbc, 0x91, 0xff, 0xd5, 0xbc, 0x92, 0xff, 0xd5, 0xbc, 0x92, 0xff, 
0xd6, 0xbd, 0x92, 0xff, 0xd5, 0xbd, 0x92, 0xff, 0xd5, 0xbd, 0x93, 0xff, 0xd4, 0xbc, 0x91, 0xff, 
0xd4, 0xbc, 0x91, 0xff, 0xd4, 0xbc, 0x91, 0xff, 0xd5, 0xbc, 0x91, 0xff, 0xd6, 0xbd, 0x92, 0xff, 
0xd6, 0xbd, 0x93, 0xff, 0xd5, 0xbd, 0x92, 0xff, 0xd5, 0xbc, 0x92, 0xff, 0xd6, 0xbd, 0x93, 0xff, 
0xd6, 0xbe, 0x92, 0xff, 0xd5, 0xbd, 0x91, 0xff, 0xd5, 0xbc, 0x92, 0xff, 0xd5, 0xbc, 0x92, 0xff, 
0xd4, 0xbc, 0x91, 0xff, 0xd5, 0xbc, 0x92, 0xff, 0xd5, 0xbc, 0x92, 0xff, 0xd5, 0xbc, 0x92, 0xff, 
0xd5, 0xbc, 0x92, 0xff, 0xd5, 0xbd, 0x93, 0xff, 0xd4, 0xbc, 0x91, 0xff, 0xd5, 0xbc, 0x92, 0xff, 
0xd5, 0xbd, 0x93, 0xff, 0xd5, 0xbd, 0x93, 0xff, 0xd5, 0xbd, 0x92, 0xff, 0xd5, 0xbc, 0x93, 0xff, 
0xd6, 0xbd, 0x93, 0xff, 0xd7, 0xbe, 0x94, 0xff, 0xd6, 0xbe, 0x93, 0xff, 0xd6, 0xbe, 0x94, 0xff, 
0xd7, 0xbe, 0x94, 0xff, 0xd7, 0xbe, 0x94, 0xff, 0xd8, 0xbf, 0x94, 0xff, 0xd7, 0xbe, 0x94, 0xff, 
0xd7, 0xbe, 0x95, 0xff, 0xd8, 0xbf, 0x95, 0xff, 0xd8, 0xc0, 0x95, 0xff, 0xd7, 0xbe, 0x94, 0xff, 
0xd8, 0xbf, 0x94, 0xff, 0xd8, 0xc0, 0x93, 0xff, 0xd7, 0xbf, 0x93, 0xff, 0xd7, 0xbe, 0x93, 0xff, 
0xd7, 0xbe, 0x94, 0xff, 0xd7, 0xbf, 0x93, 0xff, 0xd7, 0xbe, 0x94, 0xff, 0xd6, 0xbd, 0x93, 0xff, 
0xd6, 0xbd, 0x93, 0xff, 0xd6, 0xbd, 0x92, 0xff, 0xd5, 0xbd, 0x92, 0xff, 0xd5, 0xbc, 0x92, 0xff, 
0xd4, 0xbc, 0x91, 0xff, 0xd5, 0xbc, 0x92, 0xff, 0xd5, 0xbc, 0x92, 0xff, 0xd5, 0xbd, 0x92, 0xff, 
0xd5, 0xbd, 0x92, 0xff, 0xd4, 0xbc, 0x91, 0xff, 0xd5, 0xbc, 0x91, 0xff, 0xd5, 0xbc, 0x91, 0xff, 
0xd5, 0xbd, 0x92, 0xff, 0xd5, 0xbd, 0x92, 0xff, 0xd6, 0xbd, 0x92, 0xff, 0xd6, 0xbe, 0x92, 0xff, 
0xd6, 0xbe, 0x92, 0xff, 0xd7, 0xbe, 0x93, 0xff, 0xd6, 0xbe, 0x93, 0xff, 0xd6, 0xbe, 0x92, 0xff, 
0xd5, 0xbd, 0x92, 0xff, 0xd5, 0xbd, 0x91, 0xff, 0xd4, 0xbc, 0x91, 0xff, 0xd6, 0xbe, 0x92, 0xff, 
0xd5, 0xbd, 0x92, 0xff, 0xd6, 0xbd, 0x92, 0xff, 0xd6, 0xbe, 0x93, 0xff, 0xd5, 0xbc, 0x92, 0xff, 
0xd5, 0xbc, 0x92, 0xff, 0xd5, 0xbd, 0x91, 0xff, 0xd5, 0xbd, 0x91, 0xff, 0xd5, 0xbd, 0x91, 0xff, 
0xd5, 0xbd, 0x91, 0xff, 0xd5, 0xbd, 0x91, 0xff, 0xd4, 0xbc, 0x91, 0xff, 0xd5, 0xbd, 0x92, 0xff, 
0xd6, 0xbd, 0x92, 0xff, 0xd5, 0xbd, 0x92, 0xff, 0xd5, 0xbd, 0x92, 0xff, 0xd6, 0xbd, 0x93, 0xff, 
0xd5, 0xbd, 0x92, 0xff, 0xd7, 0xbe, 0x93, 0xff, 0xd7, 0xbe, 0x93, 0xff, 0xd7, 0xbf, 0x94, 0xff, 
0xd7, 0xbf, 0x94, 0xff, 0xd7, 0xbe, 0x93, 0xff, 0xd7, 0xbf, 0x94, 0xff, 0xd8, 0xbf, 0x95, 0xff, 
0xd7, 0xbe, 0x95, 0xff, 0xd8, 0xbf, 0x95, 0xff, 0xd8, 0xc0, 0x95, 0xff, 0xd7, 0xbf, 0x94, 0xff, 
0xd8, 0xc0, 0x95, 0xff, 0xd9, 0xc1, 0x96, 0xff, 0xd9, 0xc0, 0x96, 0xff, 0xd8, 0xc0, 0x95, 0xff, 
0xd8, 0xc0, 0x95, 0xff, 0xd8, 0xbf, 0x95, 0xff, 0xd8, 0xc0, 0x96, 0xff, 0xd8, 0xbf, 0x96, 0xff, 
0xd9, 0xc0, 0x97, 0xff, 0xd9, 0xc0, 0x96, 0xff, 0xd8, 0xbf, 0x96, 0xff, 0xd8, 0xc1, 0x97, 0xff, 
0xd8, 0xc1, 0x97, 0xff, 0xd7, 0xc0, 0x96, 0xff, 0xd9, 0xc0, 0x96, 0xff, 0xd9, 0xc0, 0x97, 0xff, 
0xd8, 0xc0, 0x96, 0xff, 0xd8, 0xc0, 0x96, 0xff, 0xd8, 0xc1, 0x97, 0xff, 0xd7, 0xc0, 0x96, 0xff, 
0xd7, 0xc1, 0x97, 0xff, 0xd7, 0xc0, 0x96, 0xff, 0xd7, 0xbf, 0x95, 0xff, 0xd7, 0xbf, 0x95, 0xff, 
0xd6, 0xbf, 0x95, 0xff, 0xd6, 0xbf, 0x95, 0xff, 0xd6, 0xbd, 0x94, 0xff, 0xd6, 0xbe, 0x95, 0xff, 
0xd7, 0xbe, 0x95, 0xff, 0xd6, 0xbf, 0x95, 0xff, 0xd6, 0xbe, 0x94, 0xff, 0xd5, 0xbe, 0x94, 0xff, 
0xd6, 0xbe, 0x94, 0xff, 0xd5, 0xbd, 0x93, 0xff, 0xd6, 0xbd, 0x93, 0xff, 0xd6, 0xbd, 0x93, 0xff, 
0xd6, 0xbd, 0x93, 0xff, 0xd6, 0xbd, 0x93, 0xff, 0xd6, 0xbd, 0x93, 0xff, 0xd6, 0xbd, 0x93, 0xff, 
0xd6, 0xbd, 0x93, 0xff, 0xd6, 0xbd, 0x92, 0xff, 0xd5, 0xbc, 0x93, 0xff, 0xd5, 0xbd, 0x92, 0xff, 
0xd5, 0xbc, 0x91, 0xff, 0xd5, 0xbd, 0x91, 0xff, 0xd6, 0xbe, 0x92, 0xff, 0xd6, 0xbe, 0x93, 0xff, 
0xd5, 0xbd, 0x92, 0xff, 0xd6, 0xbe, 0x92, 0xff, 0xd6, 0xbe, 0x92, 0xff, 0xd6, 0xbe, 0x92, 0xff, 
0xd7, 0xbf, 0x93, 0xff, 0xd7, 0xbf, 0x93, 0xff, 0xd7, 0xbf, 0x93, 0xff, 0xd7, 0xbe, 0x94, 0xff, 
0xd8, 0xbf, 0x95, 0xff, 0xd8, 0xbf, 0x95, 0xff, 0xd8, 0xbf, 0x96, 0xff, 0xd9, 0xc0, 0x97, 0xff, 
0xd9, 0xc0, 0x97, 0xff, 0xd9, 0xc0, 0x97, 0xff, 0xd9, 0xc0, 0x96, 0xff, 0xd9, 0xc0, 0x96, 0xff, 
0xd8, 0xc1, 0x96, 0xff, 0xd9, 0xc0, 0x97, 0xff, 0xd9, 0xc0, 0x97, 0xff, 0xd9, 0xc1, 0x96, 0xff, 
0xd9, 0xc0, 0x96, 0xff, 0xd8, 0xbf, 0x96, 0xff, 0xd8, 0xbf, 0x95, 0xff, 0xd7, 0xbe, 0x95, 0xff, 
0xd7, 0xbe, 0x95, 0xff, 0xd7, 0xbf, 0x94, 0xff, 0xd6, 0xbe, 0x94, 0xff, 0xd6, 0xbd, 0x95, 0xff, 
0xd7, 0xbe, 0x94, 0xff, 0xd7, 0xbe, 0x93, 0xff, 0xd6, 0xbe, 0x93, 0xff, 0xd5, 0xbc, 0x92, 0xff, 
0xd5, 0xbc, 0x92, 0xff, 0xd5, 0xbc, 0x91, 0xff, 0xd5, 0xbd, 0x92, 0xff, 0xd5, 0xbd, 0x92, 0xff, 
0xd6, 0xbe, 0x93, 0xff, 0xd6, 0xbe, 0x93, 0xff, 0xd6, 0xbd, 0x93, 0xff, 0xd5, 0xbd, 0x92, 0xff, 
0xd4, 0xbb, 0x92, 0xff, 0xd4, 0xbb, 0x92, 0xff, 0xd4, 0xbb, 0x92, 0xff, 0xd4, 0xbb, 0x92, 0xff, 
0xd5, 0xbc, 0x92, 0xff, 0xd5, 0xbc, 0x94, 0xff, 0xd5, 0xbc, 0x94, 0xff, 0xd6, 0xbc, 0x94, 0xff, 
0xd6, 0xbd, 0x95, 0xff, 0xd6, 0xbd, 0x95, 0xff, 0xd6, 0xbd, 0x95, 0xff, 0xd5, 0xbc, 0x93, 0xff, 
0xd4, 0xbc, 0x93, 0xff, 0xd4, 0xbc, 0x93, 0xff, 0xd5, 0xbc, 0x92, 0xff, 0xd5, 0xbc, 0x92, 0xff, 
0xd5, 0xbc, 0x92, 0xff, 0xd5, 0xbc, 0x93, 0xff, 0xd4, 0xbb, 0x93, 0xff, 0xd4, 0xbb, 0x92, 0xff, 
0xd4, 0xbb, 0x92, 0xff, 0xd4, 0xbb, 0x92, 0xff, 0xd4, 0xbb, 0x92, 0xff, 0xd4, 0xba, 0x92, 0xff, 
0xd4, 0xbb, 0x92, 0xff, 0xd4, 0xbb, 0x92, 0xff, 0xd4, 0xbb, 0x92, 0xff, 0xd4, 0xbb, 0x92, 0xff, 
0xd4, 0xbb, 0x92, 0xff, 0xd5, 0xbc, 0x93, 0xff, 0xd5, 0xbc, 0x93, 0xff, 0xd5, 0xbc, 0x93, 0xff, 
0xd6, 0xbd, 0x94, 0xff, 0xd6, 0xbd, 0x94, 0xff, 0xd6, 0xbd, 0x94, 0xff, 0xd6, 0xbd, 0x95, 0xff, 
0xd7, 0xbd, 0x95, 0xff, 0xd7, 0xbe, 0x95, 0xff, 0xd7, 0xbe, 0x95, 0xff, 0xd6, 0xbd, 0x95, 0xff, 
0xd6, 0xbd, 0x94, 0xff, 0xd5, 0xbc, 0x93, 0xff, 0xd5, 0xbc, 0x94, 0xff, 0xd5, 0xbc, 0x94, 0xff, 
0xd5, 0xbc, 0x94, 0xff, 0xd5, 0xbc, 0x94, 0xff, 0xd6, 0xbd, 0x94, 0xff, 0xd5, 0xbc, 0x94, 0xff, 
0xd5, 0xbc, 0x93, 0xff, 0xd5, 0xbc, 0x93, 0xff, 0xd5, 0xbc, 0x93, 0xff, 0xd5, 0xbc, 0x93, 0xff, 
0xd5, 0xbb, 0x93, 0xff, 0xd4, 0xbb, 0x92, 0xff, 0xd4, 0xbb, 0x93, 0xff, 0xd4, 0xbb, 0x92, 0xff, 
0xd4, 0xbb, 0x92, 0xff, 0xd3, 0xba, 0x91, 0xff, 0xd3, 0xba, 0x92, 0xff, 0xd3, 0xba, 0x91, 0xff, 
0xd4, 0xba, 0x92, 0xff, 0xd4, 0xba, 0x92, 0xff, 0xd3, 0xba, 0x92, 0xff, 0xd3, 0xba, 0x91, 0xff, 
0xd4, 0xba, 0x92, 0xff, 0xd3, 0xba, 0x91, 0xff, 0xd3, 0xba, 0x91, 0xff, 0xd3, 0xba, 0x92, 0xff, 
0xd3, 0xba, 0x91, 0xff, 0xd3, 0xba, 0x92, 0xff, 0xd3, 0xba, 0x91, 0xff, 0xd3, 0xba, 0x91, 0xff, 
0xd4, 0xbb, 0x91, 0xff, 0xd4, 0xbb, 0x93, 0xff, 0xd4, 0xbb, 0x93, 0xff, 0xd4, 0xba, 0x92, 0xff, 
0xd4, 0xbb, 0x92, 0xff, 0xd4, 0xbb, 0x92, 0xff, 0xd3, 0xba, 0x92, 0xff, 0xd4, 0xbb, 0x93, 0xff, 
0xd4, 0xbb, 0x93, 0xff, 0xd4, 0xbb, 0x92, 0xff, 0xd4, 0xba, 0x92, 0xff, 0xd4, 0xba, 0x92, 0xff, 
0xd4, 0xba, 0x92, 0xff, 0xd4, 0xba, 0x92, 0xff, 0xd3, 0xba, 0x92, 0xff, 0xd4, 0xba, 0x92, 0xff, 
0xd4, 0xba, 0x92, 0xff, 0xd3, 0xba, 0x92, 0xff, 0xd3, 0xba, 0x92, 0xff, 0xd4, 0xbb, 0x93, 0xff, 
0xd3, 0xba, 0x91, 0xff, 0xd4, 0xbb, 0x92, 0xff, 0xd4, 0xbb, 0x92, 0xff, 0xd3, 0xba, 0x91, 0xff, 
0xd5, 0xbb, 0x93, 0xff, 0xd6, 0xbc, 0x94, 0xff, 0xd5, 0xbc, 0x93, 0xff, 0xd6, 0xbd, 0x94, 0xff, 
0xd6, 0xbd, 0x94, 0xff, 0xd6, 0xbc, 0x94, 0xff, 0xd6, 0xbd, 0x94, 0xff, 0xd6, 0xbd, 0x94, 0xff, 
0xd5, 0xbc, 0x93, 0xff, 0xd6, 0xbc, 0x94, 0xff, 0xd6, 0xbd, 0x94, 0xff, 0xd5, 0xbc, 0x94, 0xff, 
0xd6, 0xbd, 0x94, 0xff, 0xd6, 0xbd, 0x95, 0xff, 0xd6, 0xbd, 0x94, 0xff, 0xd5, 0xbc, 0x95, 0xff, 
0xd6, 0xbc, 0x94, 0xff, 0xd5, 0xbc, 0x93, 0xff, 0xd5, 0xbc, 0x93, 0xff, 0xd5, 0xbc, 0x93, 0xff, 
0xd4, 0xbb, 0x93, 0xff, 0xd4, 0xbb, 0x93, 0xff, 0xd5, 0xbb, 0x93, 0xff, 0xd5, 0xbb, 0x93, 0xff, 
0xd4, 0xbb, 0x92, 0xff, 0xd4, 0xbb, 0x93, 0xff, 0xd4, 0xbb, 0x93, 0xff, 0xd4, 0xbb, 0x93, 0xff, 
0xd4, 0xbb, 0x92, 0xff, 0xd4, 0xbb, 0x92, 0xff, 0xd4, 0xbb, 0x92, 0xff, 0xd4, 0xbb, 0x92, 0xff, 
0xd4, 0xbb, 0x92, 0xff, 0xd4, 0xbb, 0x92, 0xff, 0xd3, 0xba, 0x92, 0xff, 0xd4, 0xbb, 0x92, 0xff, 
0xd3, 0xbb, 0x91, 0xff, 0xd4, 0xbb, 0x91, 0xff, 0xd4, 0xbb, 0x92, 0xff, 0xd4, 0xbb, 0x92, 0xff, 
0xd4, 0xbb, 0x92, 0xff, 0xd3, 0xba, 0x92, 0xff, 0xd4, 0xbb, 0x92, 0xff, 0xd4, 0xbb, 0x91, 0xff, 
0xd4, 0xba, 0x92, 0xff, 0xd3, 0xba, 0x92, 0xff, 0xd4, 0xba, 0x92, 0xff, 0xd4, 0xba, 0x92, 0xff, 
0xd4, 0xbb, 0x93, 0xff, 0xd4, 0xbb, 0x92, 0xff, 0xd4, 0xbb, 0x92, 0xff, 0xd4, 0xbb, 0x91, 0xff, 
0xd4, 0xbb, 0x91, 0xff, 0xd4, 0xbb, 0x91, 0xff, 0xd4, 0xbb, 0x92, 0xff, 0xd4, 0xba, 0x92, 0xff, 
0xd3, 0xba, 0x91, 0xff, 0xd3, 0xba, 0x91, 0xff, 0xd3, 0xba, 0x91, 0xff, 0xd4, 0xbb, 0x92, 0xff, 
0xd4, 0xba, 0x92, 0xff, 0xd3, 0xba, 0x91, 0xff, 0xd4, 0xbb, 0x92, 0xff, 0xd4, 0xbb, 0x92, 0xff, 
0xd4, 0xbb, 0x93, 0xff, 0xd4, 0xbb, 0x93, 0xff, 0xd5, 0xbc, 0x94, 0xff, 0xd6, 0xbd, 0x95, 0xff, 
0xd6, 0xbd, 0x95, 0xff, 0xd6, 0xbd, 0x95, 0xff, 0xd6, 0xbd, 0x94, 0xff, 0xd5, 0xbc, 0x94, 0xff, 
0xd5, 0xbc, 0x94, 0xff, 0xd6, 0xbc, 0x94, 0xff, 0xd6, 0xbd, 0x94, 0xff, 0xd5, 0xbc, 0x94, 0xff, 
0xd6, 0xbd, 0x95, 0xff, 0xd7, 0xbd, 0x95, 0xff, 0xd6, 0xbe, 0x96, 0xff, 0xd7, 0xbe, 0x96, 0xff, 
0xd7, 0xbe, 0x95, 0xff, 0xd7, 0xbd, 0x95, 0xff, 0xd7, 0xbe, 0x95, 0xff, 0xd7, 0xbe, 0x96, 0xff, 
0xd8, 0xbf, 0x97, 0xff, 0xd6, 0xc0, 0x96, 0xff, 0xd7, 0xbe, 0x96, 0xff, 0xd7, 0xbe, 0x96, 0xff, 
0xd8, 0xbf, 0x96, 0xff, 0xd7, 0xc0, 0x97, 0xff, 0xd7, 0xbf, 0x96, 0xff, 0xd7, 0xc0, 0x96, 0xff, 
0xd6, 0xbf, 0x96, 0xff, 0xd6, 0xc0, 0x96, 0xff, 0xd6, 0xbf, 0x96, 0xff, 0xd6, 0xbe, 0x95, 0xff, 
0xd6, 0xbe, 0x96, 0xff, 0xd6, 0xbf, 0x95, 0xff, 0xd6, 0xbf, 0x95, 0xff, 0xd5, 0xbf, 0x95, 0xff, 
0xd6, 0xbf, 0x95, 0xff, 0xd5, 0xbf, 0x95, 0xff, 0xd5, 0xbf, 0x95, 0xff, 0xd5, 0xbd, 0x94, 0xff, 
0xd5, 0xbd, 0x94, 0xff, 0xd4, 0xbd, 0x94, 0xff, 0xd5, 0xbc, 0x93, 0xff, 0xd5, 0xbb, 0x93, 0xff, 
0xd5, 0xbb, 0x93, 0xff, 0xd4, 0xbb, 0x93, 0xff, 0xd4, 0xbb, 0x93, 0xff, 0xd4, 0xbb, 0x93, 0xff, 
0xd5, 0xbb, 0x93, 0xff, 0xd4, 0xbb, 0x93, 0xff, 0xd4, 0xbb, 0x92, 0xff, 0xd4, 0xbb, 0x92, 0xff, 
0xd4, 0xbb, 0x93, 0xff, 0xd4, 0xbb, 0x92, 0xff, 0xd4, 0xbc, 0x92, 0xff, 0xd4, 0xbb, 0x93, 0xff, 
0xd4, 0xbb, 0x92, 0xff, 0xd3, 0xba, 0x92, 0xff, 0xd5, 0xbc, 0x93, 0xff, 0xd5, 0xbc, 0x93, 0xff, 
0xd5, 0xbc, 0x93, 0xff, 0xd5, 0xbc, 0x93, 0xff, 0xd6, 0xbd, 0x94, 0xff, 0xd6, 0xbd, 0x94, 0xff, 
0xd6, 0xbd, 0x94, 0xff, 0xd7, 0xbd, 0x95, 0xff, 0xd7, 0xbe, 0x95, 0xff, 0xd8, 0xbf, 0x97, 0xff, 
0xd8, 0xbe, 0x97, 0xff, 0xd8, 0xbf, 0x96, 0xff, 0xd8, 0xbf, 0x96, 0xff, 0xd8, 0xbf, 0x96, 0xff, 
0xd7, 0xbe, 0x95, 0xff, 0xd7, 0xbe, 0x96, 0xff, 0xd7, 0xbe, 0x95, 0xff, 0xd7, 0xbe, 0x95, 0xff, 
0xd6, 0xbd, 0x94, 0xff, 0xd6, 0xbd, 0x94, 0xff, 0xd6, 0xbd, 0x94, 0xff, 0xd6, 0xbd, 0x94, 0xff, 
0xd6, 0xbc, 0x93, 0xff, 0xd6, 0xbd, 0x94, 0xff, 0xd6, 0xbd, 0x95, 0xff, 0xd6, 0xbd, 0x94, 0xff, 
0xd6, 0xbd, 0x94, 0xff, 0xd5, 0xbc, 0x94, 0xff, 0xd6, 0xbd, 0x95, 0xff, 0xd5, 0xbc, 0x93, 0xff, 
0xd4, 0xbb, 0x92, 0xff, 0xd5, 0xbb, 0x93, 0xff, 0xd5, 0xbb, 0x93, 0xff, 0xd4, 0xbb, 0x92, 0xff, 
0xd4, 0xbb, 0x92, 0xff, 0xd4, 0xbb, 0x92, 0xff, 0xd4, 0xbb, 0x93, 0xff, 0xd4, 0xbb, 0x93, 0xff, 
0xd6, 0xbd, 0x95, 0xff, 0xd7, 0xbe, 0x96, 0xff, 0xd6, 0xbd, 0x94, 0xff, 0xd6, 0xbd, 0x95, 0xff, 
0xd8, 0xbe, 0x96, 0xff, 0xd7, 0xbe, 0x96, 0xff, 0xd7, 0xbe, 0x96, 0xff, 0xd8, 0xbf, 0x97, 0xff, 
0xd8, 0xbf, 0x97, 0xff, 0xd8, 0xbf, 0x97, 0xff, 0xd8, 0xbf, 0x97, 0xff, 0xd7, 0xbe, 0x96, 0xff, 
0xd7, 0xbe, 0x96, 0xff, 0xd7, 0xbe, 0x96, 0xff, 0xd7, 0xbd, 0x95, 0xff, 0xd7, 0xbe, 0x96, 0xff, 
0xd7, 0xbd, 0x95, 0xff, 0xd7, 0xbe, 0x95, 0xff, 0xd7, 0xbe, 0x95, 0xff, 0xd7, 0xbe, 0x96, 0xff, 
0xd7, 0xbe, 0x95, 0xff, 0xd7, 0xbe, 0x95, 0xff, 0xd7, 0xbe, 0x95, 0xff, 0xd6, 0xbd, 0x94, 0xff, 
0xd7, 0xbe, 0x95, 0xff, 0xd6, 0xbd, 0x95, 0xff, 0xd7, 0xbe, 0x95, 0xff, 0xd6, 0xbd, 0x95, 0xff, 
0xd6, 0xbd, 0x94, 0xff, 0xd7, 0xbe, 0x95, 0xff, 0xd7, 0xbe, 0x96, 0xff, 0xd8, 0xbf, 0x96, 0xff, 
0xd7, 0xbe, 0x95, 0xff, 0xd7, 0xbe, 0x95, 0xff, 0xd8, 0xbf, 0x96, 0xff, 0xd7, 0xbe, 0x96, 0xff, 
0xd7, 0xbe, 0x96, 0xff, 0xd8, 0xbf, 0x96, 0xff, 0xd7, 0xbe, 0x95, 0xff, 0xd6, 0xbd, 0x94, 0xff, 
0xd7, 0xbe, 0x95, 0xff, 0xd6, 0xbd, 0x95, 0xff, 0xd7, 0xbe, 0x96, 0xff, 0xd7, 0xbe, 0x95, 0xff, 
0xd6, 0xbd, 0x94, 0xff, 0xd6, 0xbd, 0x94, 0xff, 0xd7, 0xbe, 0x95, 0xff, 0xd8, 0xbf, 0x96, 0xff, 
0xd7, 0xbe, 0x96, 0xff, 0xd7, 0xbe, 0x96, 0xff, 0xd6, 0xbd, 0x95, 0xff, 0xd6, 0xbd, 0x95, 0xff, 
0xd7, 0xbe, 0x96, 0xff, 0xd6, 0xbd, 0x95, 0xff, 0xd5, 0xbc, 0x94, 0xff, 0xd6, 0xbd, 0x94, 0xff, 
0xd6, 0xbd, 0x93, 0xff, 0xd5, 0xbc, 0x93, 0xff, 0xd4, 0xbb, 0x93, 0xff, 0xd5, 0xbc, 0x93, 0xff, 
0xd4, 0xbb, 0x93, 0xff, 0xd5, 0xbc, 0x93, 0xff, 0xd4, 0xbb, 0x92, 0xff, 0xd4, 0xbb, 0x92, 0xff, 
0xd4, 0xbb, 0x92, 0xff, 0xd4, 0xbb, 0x92, 0xff, 0xd4, 0xbb, 0x92, 0xff, 0xd4, 0xbb, 0x92, 0xff, 
0xd4, 0xbb, 0x93, 0xff, 0xd4, 0xbb, 0x93, 0xff, 0xd4, 0xbb, 0x92, 0xff, 0xd5, 0xbc, 0x93, 0xff, 
0xd6, 0xbd, 0x94, 0xff, 0xd6, 0xbd, 0x95, 0xff, 0xd6, 0xbd, 0x95, 0xff, 0xd5, 0xbc, 0x94, 0xff, 
0xd5, 0xbc, 0x94, 0xff, 0xd6, 0xbd, 0x95, 0xff, 0xd6, 0xbd, 0x95, 0xff, 0xd8, 0xbf, 0x97, 0xff, 
0xd8, 0xbf, 0x97, 0xff, 0xd6, 0xbd, 0x95, 0xff, 0xd6, 0xbd, 0x94, 0xff, 0xd6, 0xbd, 0x95, 0xff, 
0xd6, 0xbd, 0x95, 0xff, 0xd6, 0xbd, 0x94, 0xff, 0xd5, 0xbc, 0x94, 0xff, 0xd5, 0xbc, 0x94, 0xff, 
0xd5, 0xbc, 0x94, 0xff, 0xd5, 0xbc, 0x94, 0xff, 0xd6, 0xbd, 0x94, 0xff, 0xd6, 0xbd, 0x95, 0xff, 
0xd5, 0xbc, 0x94, 0xff, 0xd5, 0xbc, 0x94, 0xff, 0xd5, 0xbc, 0x94, 0xff, 0xd6, 0xbd, 0x95, 0xff, 
0xd5, 0xbc, 0x93, 0xff, 0xd5, 0xbc, 0x94, 0xff, 0xd6, 0xbd, 0x95, 0xff, 0xd7, 0xbe, 0x96, 0xff, 
0xd7, 0xbe, 0x97, 0xff, 0xd7, 0xbe, 0x97, 0xff, 0xd6, 0xbd, 0x95, 0xff, 0xd7, 0xbe, 0x96, 0xff, 
0xd8, 0xbf, 0x96, 0xff, 0xd6, 0xbd, 0x95, 0xff, 0xd6, 0xbd, 0x95, 0xff, 0xd7, 0xbd, 0x94, 0xff, 
0xd6, 0xbc, 0x94, 0xff, 0xd6, 0xbd, 0x95, 0xff, 0xd7, 0xbe, 0x95, 0xff, 0xd7, 0xbe, 0x94, 0xff, 
0xd7, 0xbe, 0x95, 0xff, 0xd6, 0xbd, 0x95, 0xff, 0xd6, 0xbd, 0x95, 0xff, 0xd6, 0xbd, 0x95, 0xff, 
0xd7, 0xbe, 0x95, 0xff, 0xd7, 0xbe, 0x95, 0xff, 0xd7, 0xbe, 0x96, 0xff, 0xd6, 0xbd, 0x95, 0xff, 
0xd6, 0xbd, 0x95, 0xff, 0xd6, 0xbd, 0x94, 0xff, 0xd6, 0xbd, 0x95, 0xff, 0xd5, 0xbc, 0x94, 0xff, 
0xd5, 0xbc, 0x94, 0xff, 0xd6, 0xbd, 0x95, 0xff, 0xd6, 0xbd, 0x94, 0xff, 0xd5, 0xbc, 0x94, 0xff, 
0xd6, 0xbc, 0x94, 0xff, 0xd6, 0xbc, 0x95, 0xff, 0xd6, 0xbd, 0x95, 0xff, 0xd6, 0xbd, 0x95, 0xff, 
0xd6, 0xbc, 0x95, 0xff, 0xd5, 0xbc, 0x94, 0xff, 0xd6, 0xbd, 0x95, 0xff, 0xd6, 0xbd, 0x95, 0xff, 
0xd5, 0xbc, 0x94, 0xff, 0xd6, 0xbd, 0x95, 0xff, 0xd6, 0xbd, 0x94, 0xff, 0xd5, 0xbc, 0x94, 0xff, 
0xd5, 0xbc, 0x95, 0xff, 0xd5, 0xbc, 0x94, 0xff, 0xd5, 0xbc, 0x93, 0xff, 0xd6, 0xbd, 0x94, 0xff, 
0xd5, 0xbc, 0x95, 0xff, 0xd5, 0xbc, 0x94, 0xff, 0xd4, 0xbb, 0x93, 0xff, 0xd4, 0xbb, 0x93, 0xff, 
0xd4, 0xbb, 0x93, 0xff, 0xd4, 0xbb, 0x94, 0xff, 0xd5, 0xbb, 0x94, 0xff, 0xd5, 0xbc, 0x94, 0xff, 
0xd5, 0xbc, 0x94, 0xff, 0xd4, 0xbb, 0x92, 0xff, 0xd5, 0xbc, 0x94, 0xff, 0xd6, 0xbd, 0x94, 0xff, 
0xd5, 0xbc, 0x94, 0xff, 0xd5, 0xbc, 0x93, 0xff, 0xd5, 0xbc, 0x94, 0xff, 0xd5, 0xbc, 0x94, 0xff, 
0xd5, 0xbc, 0x94, 0xff, 0xd6, 0xbd, 0x95, 0xff, 0xd6, 0xbd, 0x96, 0xff, 0xd6, 0xbd, 0x95, 0xff, 
0xd6, 0xbd, 0x94, 0xff, 0xd5, 0xbc, 0x94, 0xff, 0xd5, 0xbc, 0x94, 0xff, 0xd7, 0xbe, 0x96, 0xff, 
0xd7, 0xbe, 0x95, 0xff, 0xd7, 0xbe, 0x96, 0xff, 0xd7, 0xbe, 0x96, 0xff, 0xd5, 0xbd, 0x95, 0xff, 
0xd6, 0xbd, 0x95, 0xff, 0xd8, 0xbf, 0x97, 0xff, 0xd8, 0xbf, 0x97, 0xff, 0xd8, 0xbf, 0x97, 0xff, 
0xd8, 0xbe, 0x97, 0xff, 0xd8, 0xbf, 0x97, 0xff, 0xd8, 0xc0, 0x98, 0xff, 0xd8, 0xbf, 0x97, 0xff, 
0xd8, 0xbf, 0x97, 0xff, 0xd8, 0xbf, 0x97, 0xff, 0xd7, 0xbe, 0x96, 0xff, 0xd7, 0xbe, 0x97, 0xff, 
0xd8, 0xc0, 0x98, 0xff, 0xd7, 0xc0, 0x97, 0xff, 0xd8, 0xc0, 0x98, 0xff, 0xd8, 0xc0, 0x98, 0xff, 
0xd7, 0xbf, 0x98, 0xff, 0xd7, 0xc0, 0x97, 0xff, 0xd8, 0xc1, 0x98, 0xff, 0xd8, 0xc1, 0x98, 0xff, 
0xd7, 0xc1, 0x98, 0xff, 0xd7, 0xc0, 0x98, 0xff, 0xd6, 0xbf, 0x98, 0xff, 0xd6, 0xbf, 0x98, 0xff, 
0xd7, 0xc0, 0x98, 0xff, 0xd7, 0xc0, 0x98, 0xff, 0xd7, 0xc0, 0x97, 0xff, 0xd7, 0xbf, 0x96, 0xff, 
0xd7, 0xbf, 0x96, 0xff, 0xd6, 0xbf, 0x96, 0xff, 0xd6, 0xbe, 0x96, 0xff, 0xd6, 0xbe, 0x95, 0xff, 
0xd7, 0xbe, 0x95, 0xff, 0xd7, 0xbe, 0x95, 0xff, 0xd6, 0xbd, 0x95, 0xff, 0xd6, 0xbd, 0x96, 0xff, 
0xd6, 0xbd, 0x95, 0xff, 0xd6, 0xbd, 0x94, 0xff, 0xd6, 0xbd, 0x94, 0xff, 0xd5, 0xbc, 0x94, 0xff, 
0xd5, 0xbc, 0x95, 0xff, 0xd5, 0xbc, 0x94, 0xff, 0xd5, 0xbc, 0x94, 0xff, 0xd6, 0xbd, 0x94, 0xff, 
0xd6, 0xbd, 0x94, 0xff, 0xd6, 0xbd, 0x95, 0xff, 0xd7, 0xbe, 0x96, 0xff, 0xd7, 0xbe, 0x95, 0xff, 
0xd7, 0xbd, 0x95, 0xff, 0xd7, 0xbe, 0x95, 0xff, 0xd7, 0xbe, 0x96, 0xff, 0xd8, 0xbf, 0x97, 0xff, 
0xd8, 0xbf, 0x97, 0xff, 0xd8, 0xbf, 0x97, 0xff, 0xd9, 0xc0, 0x98, 0xff, 0xd9, 0xc1, 0x99, 0xff, 
0xd9, 0xc1, 0x98, 0xff, 0xd9, 0xc0, 0x98, 0xff, 0xd9, 0xc0, 0x98, 0xff, 0xda, 0xc0, 0x98, 0xff, 
0xd9, 0xbf, 0x97, 0xff, 0xd8, 0xbf, 0x97, 0xff, 0xd8, 0xc0, 0x97, 0xff, 0xd8, 0xc0, 0x97, 0xff, 
0xd7, 0xbe, 0x96, 0xff, 0xd7, 0xbe, 0x96, 0xff, 0xd7, 0xbe, 0x96, 0xff, 0xd8, 0xbf, 0x96, 0xff, 
0xd8, 0xbf, 0x97, 0xff, 0xd8, 0xbf, 0x97, 0xff, 0xd7, 0xbe, 0x97, 0xff, 0xd6, 0xbd, 0x95, 0xff, 
0xd6, 0xbd, 0x95, 0xff, 0xd7, 0xbe, 0x96, 0xff, 0xd7, 0xbe, 0x97, 0xff, 0xd6, 0xbd, 0x94, 0xff, 
0xd6, 0xbd, 0x94, 0xff, 0xd7, 0xbe, 0x95, 0xff, 0xd7, 0xbd, 0x95, 0xff, 0xd6, 0xbd, 0x95, 0xff, 
0xd6, 0xbd, 0x94, 0xff, 0xd6, 0xbd, 0x94, 0xff, 0xd6, 0xbd, 0x94, 0xff, 0xd5, 0xbd, 0x93, 0xff, 
0xd4, 0xbb, 0x93, 0xff, 0xd5, 0xbb, 0x94, 0xff, 0xd4, 0xbb, 0x93, 0xff, 0xd5, 0xbc, 0x94, 0xff, 
0xd6, 0xbd, 0x95, 0xff, 0xd6, 0xbd, 0x94, 0xff, 0xd5, 0xbc, 0x94, 0xff, 0xd5, 0xbd, 0x94, 0xff, 
0xd5, 0xbc, 0x94, 0xff, 0xd6, 0xbc, 0x94, 0xff, 0xd5, 0xbc, 0x94, 0xff, 0xd5, 0xbc, 0x94, 0xff, 
0xd5, 0xbc, 0x94, 0xff, 0xd6, 0xbd, 0x94, 0xff, 0xd6, 0xbd, 0x94, 0xff, 0xd6, 0xbd, 0x94, 0xff, 
0xd5, 0xbc, 0x94, 0xff, 0xd6, 0xbd, 0x94, 0xff, 0xd6, 0xbc, 0x94, 0xff, 0xd5, 0xbc, 0x94, 0xff, 
0xd5, 0xbc, 0x94, 0xff, 0xd5, 0xbc, 0x93, 0xff, 0xd5, 0xbc, 0x94, 0xff, 0xd5, 0xbc, 0x93, 0xff, 
0xd5, 0xbc, 0x93, 0xff, 0xd5, 0xbc, 0x94, 0xff, 0xd5, 0xbc, 0x94, 0xff, 0xd5, 0xbc, 0x94, 0xff, 
0xd5, 0xbc, 0x94, 0xff, 0xd6, 0xbc, 0x95, 0xff, 0xd5, 0xbc, 0x95, 0xff, 0xd5, 0xbc, 0x94, 0xff, 
0xd5, 0xbc, 0x94, 0xff, 0xd6, 0xbc, 0x95, 0xff, 0xd6, 0xbd, 0x95, 0xff, 0xd5, 0xbc, 0x94, 0xff, 
0xd5, 0xbc, 0x94, 0xff, 0xd7, 0xbd, 0x95, 0xff, 0xd5, 0xbc, 0x93, 0xff, 0xd5, 0xbb, 0x93, 0xff, 
0xd6, 0xbd, 0x94, 0xff, 0xd6, 0xbd, 0x95, 0xff, 0xd6, 0xbd, 0x95, 0xff, 0xd6, 0xbd, 0x94, 0xff, 
0xd4, 0xbb, 0x93, 0xff, 0xd4, 0xbb, 0x93, 0xff, 0xd4, 0xbb, 0x93, 0xff, 0xd4, 0xbb, 0x93, 0xff, 
0xd5, 0xbc, 0x94, 0xff, 0xd6, 0xbc, 0x95, 0xff, 0xd4, 0xbb, 0x93, 0xff, 0xd4, 0xbb, 0x93, 0xff, 
0xd5, 0xbc, 0x93, 0xff, 0xd3, 0xba, 0x93, 0xff, 0xd3, 0xba, 0x92, 0xff, 0xd3, 0xba, 0x92, 0xff, 
0xd3, 0xb9, 0x92, 0xff, 0xd3, 0xba, 0x92, 0xff, 0xd3, 0xba, 0x92, 0xff, 0xd3, 0xba, 0x92, 0xff, 
0xd3, 0xba, 0x92, 0xff, 0xd3, 0xba, 0x91, 0xff, 0xd2, 0xb9, 0x91, 0xff, 0xd2, 0xb9, 0x91, 0xff, 
0xd2, 0xb9, 0x90, 0xff, 0xd2, 0xb9, 0x92, 0xff, 0xd3, 0xba, 0x92, 0xff, 0xd3, 0xba, 0x91, 0xff, 
0xd3, 0xba, 0x92, 0xff, 0xd3, 0xba, 0x92, 0xff, 0xd3, 0xba, 0x91, 0xff, 0xd4, 0xbb, 0x93, 0xff, 
0xd4, 0xbb, 0x92, 0xff, 0xd3, 0xba, 0x92, 0xff, 0xd4, 0xba, 0x92, 0xff, 0xd5, 0xbc, 0x94, 0xff, 
0xd5, 0xbc, 0x94, 0xff, 0xd5, 0xbc, 0x94, 0xff, 0xd6, 0xbd, 0x95, 0xff, 0xd6, 0xbd, 0x95, 0xff, 
0xd6, 0xbd, 0x95, 0xff, 0xd5, 0xbc, 0x94, 0xff, 0xd5, 0xbc, 0x94, 0xff, 0xd4, 0xbb, 0x93, 0xff, 
0xd4, 0xbb, 0x93, 0xff, 0xd4, 0xbb, 0x94, 0xff, 0xd4, 0xbb, 0x93, 0xff, 0xd5, 0xbb, 0x93, 0xff, 
0xd4, 0xbb, 0x93, 0xff, 0xd5, 0xbc, 0x93, 0xff, 0xd4, 0xbb, 0x93, 0xff, 0xd4, 0xbb, 0x93, 0xff, 
0xd4, 0xbb, 0x93, 0xff, 0xd4, 0xbb, 0x93, 0xff, 0xd4, 0xbb, 0x93, 0xff, 0xd4, 0xbb, 0x93, 0xff, 
0xd4, 0xbb, 0x92, 0xff, 0xd5, 0xbc, 0x93, 0xff, 0xd5, 0xbc, 0x94, 0xff, 0xd4, 0xbb, 0x93, 0xff, 
0xd6, 0xbd, 0x95, 0xff, 0xd5, 0xbc, 0x94, 0xff, 0xd4, 0xbb, 0x92, 0xff, 0xd5, 0xbb, 0x94, 0xff, 
0xd6, 0xbd, 0x95, 0xff, 0xd6, 0xbd, 0x95, 0xff, 0xd6, 0xbd, 0x95, 0xff, 0xd5, 0xbb, 0x93, 0xff, 
0xd5, 0xbb, 0x93, 0xff, 0xd4, 0xbb, 0x93, 0xff, 0xd4, 0xbb, 0x92, 0xff, 0xd4, 0xbb, 0x92, 0xff, 
0xd5, 0xbc, 0x94, 0xff, 0xd6, 0xbd, 0x95, 0xff, 0xd5, 0xbc, 0x94, 0xff, 0xd4, 0xbb, 0x93, 0xff, 
0xd4, 0xbb, 0x94, 0xff, 0xd4, 0xbb, 0x93, 0xff, 0xd4, 0xbb, 0x93, 0xff, 0xd4, 0xbb, 0x93, 0xff, 
0xd3, 0xba, 0x92, 0xff, 0xd3, 0xba, 0x92, 0xff, 0xd3, 0xba, 0x92, 0xff, 0xd3, 0xba, 0x92, 0xff, 
0xd2, 0xb9, 0x91, 0xff, 0xd3, 0xba, 0x92, 0xff, 0xd3, 0xba, 0x92, 0xff, 0xd3, 0xb9, 0x92, 0xff, 
0xd3, 0xba, 0x92, 0xff, 0xd4, 0xbb, 0x92, 0xff, 0xd4, 0xbb, 0x93, 0xff, 0xd4, 0xbc, 0x93, 0xff, 
0xd4, 0xbb, 0x93, 0xff, 0xd6, 0xba, 0x92, 0xff, 0xd4, 0xbb, 0x93, 0xff, 0xd3, 0xba, 0x92, 0xff, 
0xd4, 0xbb, 0x92, 0xff, 0xd4, 0xbb, 0x93, 0xff, 0xd4, 0xba, 0x93, 0xff, 0xd4, 0xbb, 0x93, 0xff, 
0xd5, 0xbb, 0x93, 0xff, 0xd4, 0xbb, 0x92, 0xff, 0xd4, 0xbb, 0x93, 0xff, 0xd4, 0xbb, 0x93, 0xff, 
0xd4, 0xba, 0x93, 0xff, 0xd3, 0xba, 0x92, 0xff, 0xd2, 0xb9, 0x91, 0xff, 0xd2, 0xb9, 0x91, 0xff, 
0xd2, 0xb9, 0x91, 0xff, 0xd2, 0xb9, 0x91, 0xff, 0xd3, 0xba, 0x92, 0xff, 0xd3, 0xba, 0x92, 0xff, 
0xd3, 0xba, 0x92, 0xff, 0xd2, 0xb9, 0x92, 0xff, 0xd3, 0xba, 0x93, 0xff, 0xd4, 0xba, 0x93, 0xff, 
0xd3, 0xba, 0x92, 0xff, 0xd4, 0xbb, 0x93, 0xff, 0xd4, 0xbb, 0x93, 0xff, 0xd4, 0xbb, 0x92, 0xff, 
0xd4, 0xbb, 0x93, 0xff, 0xd5, 0xbc, 0x94, 0xff, 0xd5, 0xbb, 0x94, 0xff, 0xd4, 0xbb, 0x93, 0xff, 
0xd4, 0xbb, 0x92, 0xff, 0xd3, 0xba, 0x92, 0xff, 0xd4, 0xbb, 0x93, 0xff, 0xd5, 0xbc, 0x95, 0xff, 
0xd6, 0xbd, 0x94, 0xff, 0xd7, 0xbe, 0x96, 0xff, 0xd6, 0xbd, 0x95, 0xff, 0xd5, 0xbb, 0x94, 0xff, 
0xd5, 0xbc, 0x95, 0xff, 0xd5, 0xbc, 0x95, 0xff, 0xd5, 0xbc, 0x95, 0xff, 0xd6, 0xbd, 0x95, 0xff, 
0xd6, 0xbd, 0x95, 0xff, 0xd6, 0xbf, 0x95, 0xff, 0xd6, 0xbe, 0x95, 0xff, 0xd7, 0xbf, 0x96, 0xff, 
0xd6, 0xbf, 0x96, 0xff, 0xd6, 0xbc, 0x95, 0xff, 0xd6, 0xbd, 0x95, 0xff, 0xd6, 0xbe, 0x95, 0xff, 
0xd5, 0xbe, 0x95, 0xff, 0xd5, 0xbe, 0x96, 0xff, 0xd6, 0xbe, 0x96, 0xff, 0xd7, 0xbf, 0x96, 0xff, 
0xd6, 0xbf, 0x96, 0xff, 0xd6, 0xbe, 0x96, 0xff, 0xd6, 0xbf, 0x96, 0xff, 0xd6, 0xbe, 0x96, 0xff, 
0xd5, 0xbe, 0x95, 0xff, 0xd5, 0xbd, 0x96, 0xff, 0xd4, 0xbd, 0x94, 0xff, 0xd4, 0xbc, 0x94, 0xff, 
0xd4, 0xbc, 0x94, 0xff, 0xd4, 0xbc, 0x94, 0xff, 0xd4, 0xbc, 0x94, 0xff, 0xd4, 0xbd, 0x94, 0xff, 
0xd4, 0xbd, 0x94, 0xff, 0xd4, 0xbc, 0x94, 0xff, 0xd4, 0xbc, 0x94, 0xff, 0xd4, 0xbd, 0x94, 0xff, 
0xd5, 0xbc, 0x94, 0xff, 0xd6, 0xbd, 0x95, 0xff, 0xd5, 0xbc, 0x94, 0xff, 0xd5, 0xbc, 0x94, 0xff, 
0xd4, 0xbb, 0x93, 0xff, 0xd4, 0xba, 0x93, 0xff, 0xd4, 0xbb, 0x93, 0xff, 0xd3, 0xba, 0x92, 0xff, 
0xd3, 0xba, 0x92, 0xff, 0xd3, 0xba, 0x92, 0xff, 0xd5, 0xbc, 0x92, 0xff, 0xd4, 0xbb, 0x92, 0xff, 
0xd4, 0xbb, 0x92, 0xff, 0xd4, 0xbb, 0x94, 0xff, 0xd5, 0xbb, 0x93, 0xff, 0xd5, 0xbc, 0x94, 0xff, 
0xd5, 0xbc, 0x94, 0xff, 0xd5, 0xbc, 0x94, 0xff, 0xd5, 0xbc, 0x94, 0xff, 0xd6, 0xbd, 0x95, 0xff, 
0xd6, 0xbe, 0x95, 0xff, 0xd7, 0xbd, 0x95, 0xff, 0xd7, 0xbe, 0x96, 0xff, 0xd7, 0xbf, 0x96, 0xff, 
0xd8, 0xc0, 0x97, 0xff, 0xd9, 0xc0, 0x98, 0xff, 0xd9, 0xbf, 0x98, 0xff, 0xd8, 0xbf, 0x97, 0xff, 
0xd8, 0xbf, 0x96, 0xff, 0xd8, 0xc0, 0x97, 0xff, 0xd8, 0xbe, 0x96, 0xff, 0xd8, 0xbe, 0x95, 0xff, 
0xd7, 0xbe, 0x96, 0xff, 0xd7, 0xbd, 0x96, 0xff, 0xd7, 0xbd, 0x95, 0xff, 0xd6, 0xbd, 0x95, 0xff, 
0xd6, 0xbd, 0x95, 0xff, 0xd6, 0xbd, 0x95, 0xff, 0xd5, 0xbd, 0x94, 0xff, 0xd5, 0xbc, 0x93, 0xff, 
0xd4, 0xbb, 0x94, 0xff, 0xd5, 0xbc, 0x94, 0xff, 0xd4, 0xbb, 0x93, 0xff, 0xd4, 0xbb, 0x92, 0xff, 
0xd4, 0xba, 0x92, 0xff, 0xd3, 0xba, 0x92, 0xff, 0xd4, 0xbb, 0x92, 0xff, 0xd4, 0xba, 0x92, 0xff, 
0xd4, 0xbb, 0x93, 0xff, 0xd5, 0xbc, 0x93, 0xff, 0xd4, 0xbb, 0x93, 0xff, 0xd4, 0xbb, 0x92, 0xff, 
0xd1, 0xb8, 0x8e, 0xff, 0xd0, 0xb7, 0x8d, 0xff, 0xd1, 0xb9, 0x8e, 0xff, 0xd2, 0xba, 0x8f, 0xff, 
0xd3, 0xba, 0x90, 0xff, 0xd3, 0xba, 0x91, 0xff, 0xd3, 0xba, 0x91, 0xff, 0xd2, 0xb9, 0x91, 0xff, 
0xd3, 0xba, 0x91, 0xff, 0xd4, 0xbb, 0x92, 0xff, 0xd3, 0xba, 0x92, 0xff, 0xd4, 0xbb, 0x91, 0xff, 
0xd3, 0xbb, 0x8f, 0xff, 0xd3, 0xbb, 0x8f, 0xff, 0xd4, 0xbc, 0x91, 0xff, 0xd3, 0xbc, 0x91, 0xff, 
0xd3, 0xbb, 0x8f, 0xff, 0xd4, 0xbb, 0x91, 0xff, 0xd3, 0xba, 0x91, 0xff, 0xd2, 0xba, 0x90, 0xff, 
0xd3, 0xbb, 0x90, 0xff, 0xd2, 0xba, 0x8f, 0xff, 0xd2, 0xbb, 0x8f, 0xff, 0xd3, 0xbb, 0x8f, 0xff, 
0xd3, 0xbb, 0x90, 0xff, 0xd3, 0xbb, 0x90, 0xff, 0xd2, 0xbb, 0x91, 0xff, 0xd2, 0xba, 0x90, 0xff, 
0xd2, 0xba, 0x90, 0xff, 0xd2, 0xba, 0x8f, 0xff, 0xd3, 0xba, 0x90, 0xff, 0xd3, 0xbb, 0x91, 0xff, 
0xd3, 0xbb, 0x92, 0xff, 0xd3, 0xba, 0x92, 0xff, 0xd4, 0xbb, 0x92, 0xff, 0xd3, 0xbb, 0x91, 0xff, 
0xd4, 0xbb, 0x92, 0xff, 0xd5, 0xbd, 0x94, 0xff, 0xd4, 0xbb, 0x92, 0xff, 0xd3, 0xba, 0x92, 0xff, 
0xd4, 0xbb, 0x91, 0xff, 0xd3, 0xbc, 0x90, 0xff, 0xd5, 0xbd, 0x91, 0xff, 0xd4, 0xbd, 0x91, 0xff, 
0xd3, 0xbb, 0x90, 0xff, 0xd4, 0xbb, 0x91, 0xff, 0xd2, 0xba, 0x90, 0xff, 0xd1, 0xb8, 0x8f, 0xff, 
0xd1, 0xb8, 0x8f, 0xff, 0xd2, 0xb9, 0x90, 0xff, 0xd1, 0xb8, 0x8f, 0xff, 0xd0, 0xb7, 0x8f, 0xff, 
0xd0, 0xb7, 0x8e, 0xff, 0xd0, 0xb7, 0x8e, 0xff, 0xd0, 0xb8, 0x8e, 0xff, 0xcf, 0xb7, 0x8e, 0xff, 
0xd0, 0xb7, 0x8f, 0xff, 0xd0, 0xb7, 0x8e, 0xff, 0xd0, 0xb7, 0x8f, 0xff, 0xd0, 0xb7, 0x8e, 0xff, 
0xcf, 0xb7, 0x8e, 0xff, 0xcf, 0xb7, 0x8d, 0xff, 0xd0, 0xb7, 0x8e, 0xff, 0xd0, 0xb7, 0x8f, 0xff, 
0xd0, 0xb7, 0x8e, 0xff, 0xd0, 0xb7, 0x8e, 0xff, 0xd0, 0xb7, 0x8e, 0xff, 0xd1, 0xb8, 0x8f, 0xff, 
0xd1, 0xb9, 0x8d, 0xff, 0xd0, 0xb8, 0x8d, 0xff, 0xd1, 0xb9, 0x8f, 0xff, 0xd0, 0xb8, 0x8f, 0xff, 
0xcf, 0xb7, 0x8d, 0xff, 0xd0, 0xb8, 0x8e, 0xff, 0xd1, 0xb9, 0x8e, 0xff, 0xd2, 0xba, 0x8f, 0xff, 
0xd3, 0xba, 0x92, 0xff, 0xd2, 0xb9, 0x91, 0xff, 0xd2, 0xb9, 0x91, 0xff, 0xd3, 0xba, 0x90, 0xff, 
0xd2, 0xba, 0x8f, 0xff, 0xd3, 0xba, 0x90, 0xff, 0xd2, 0xb9, 0x91, 0xff, 0xd1, 0xb9, 0x8f, 0xff, 
0xd2, 0xb9, 0x8f, 0xff, 0xd2, 0xb9, 0x8e, 0xff, 0xd0, 0xb8, 0x8e, 0xff, 0xd0, 0xb6, 0x8e, 0xff, 
0xd0, 0xb6, 0x8e, 0xff, 0xd0, 0xb6, 0x8e, 0xff, 0xd0, 0xb7, 0x8e, 0xff, 0xcf, 0xb6, 0x8e, 0xff, 
0xcf, 0xb7, 0x8d, 0xff, 0xd0, 0xb7, 0x8e, 0xff, 0xd0, 0xb7, 0x8e, 0xff, 0xcf, 0xb7, 0x8e, 0xff, 
0xd0, 0xb7, 0x8e, 0xff, 0xd1, 0xb8, 0x8f, 0xff, 0xd0, 0xb8, 0x8e, 0xff, 0xd1, 0xb8, 0x8f, 0xff, 
0xd3, 0xba, 0x91, 0xff, 0xd3, 0xba, 0x91, 0xff, 0xd2, 0xba, 0x90, 0xff, 0xd2, 0xb9, 0x90, 0xff, 
0xd2, 0xba, 0x90, 0xff, 0xd4, 0xbc, 0x92, 0xff, 0xd5, 0xbc, 0x92, 0xff, 0xd3, 0xba, 0x91, 0xff, 
0xd2, 0xba, 0x91, 0xff, 0xd3, 0xba, 0x91, 0xff, 0xd3, 0xba, 0x90, 0xff, 0xd2, 0xba, 0x90, 0xff, 
0xd4, 0xbc, 0x91, 0xff, 0xd3, 0xbb, 0x8f, 0xff, 0xd3, 0xba, 0x90, 0xff, 0xd2, 0xb9, 0x90, 0xff, 
0xd1, 0xb9, 0x8f, 0xff, 0xd1, 0xb8, 0x8e, 0xff, 0xd1, 0xb9, 0x8d, 0xff, 0xd0, 0xb8, 0x8d, 0xff, 
0xcf, 0xb8, 0x8c, 0xff, 0xd0, 0xb8, 0x8e, 0xff, 0xd0, 0xb8, 0x8d, 0xff, 0xcf, 0xb8, 0x8c, 0xff, 
0xcf, 0xb7, 0x8c, 0xff, 0xcf, 0xb8, 0x8c, 0xff, 0xd0, 0xb8, 0x8d, 0xff, 0xd0, 0xb8, 0x8d, 0xff, 
0xd0, 0xb9, 0x8d, 0xff, 0xd1, 0xb9, 0x8e, 0xff, 0xd1, 0xb9, 0x8e, 0xff, 0xd1, 0xba, 0x8e, 0xff, 
0xd0, 0xb9, 0x8e, 0xff, 0xd2, 0xba, 0x8f, 0xff, 0xd2, 0xbb, 0x8f, 0xff, 0xd2, 0xba, 0x8f, 0xff, 
0xd2, 0xba, 0x90, 0xff, 0xd0, 0xb8, 0x8e, 0xff, 0xd0, 0xb8, 0x8d, 0xff, 0xd2, 0xba, 0x8f, 0xff, 
0xd1, 0xb9, 0x8f, 0xff, 0xd0, 0xb8, 0x8d, 0xff, 0xd1, 0xb8, 0x90, 0xff, 0xd0, 0xb8, 0x8f, 0xff, 
0xd0, 0xb8, 0x8e, 0xff, 0xd0, 0xb8, 0x8e, 0xff, 0xd0, 0xb7, 0x8e, 0xff, 0xd0, 0xb8, 0x8e, 0xff, 
0xd0, 0xb9, 0x8e, 0xff, 0xd1, 0xb8, 0x8f, 0xff, 0xd0, 0xb8, 0x8f, 0xff, 0xd1, 0xba, 0x8e, 0xff, 
0xd0, 0xb8, 0x8e, 0xff, 0xd0, 0xb7, 0x8f, 0xff, 0xd0, 0xb7, 0x8f, 0xff, 0xcf, 0xb7, 0x8e, 0xff, 
0xcf, 0xb7, 0x8d, 0xff, 0xd0, 0xb8, 0x8e, 0xff, 0xd1, 0xb9, 0x8f, 0xff, 0xd1, 0xb8, 0x8f, 0xff, 
0xd1, 0xb9, 0x90, 0xff, 0xd2, 0xb9, 0x90, 0xff, 0xd2, 0xb9, 0x90, 0xff, 0xd2, 0xba, 0x91, 0xff, 
0xd3, 0xba, 0x91, 0xff, 0xd3, 0xbb, 0x91, 0xff, 0xd2, 0xba, 0x8f, 0xff, 0xd2, 0xba, 0x90, 0xff, 
0xd3, 0xbb, 0x91, 0xff, 0xd5, 0xbe, 0x92, 0xff, 0xd5, 0xbc, 0x92, 0xff, 0xd5, 0xba, 0x91, 0xff, 
0xd3, 0xbb, 0x91, 0xff, 0xd2, 0xba, 0x90, 0xff, 0xd3, 0xba, 0x91, 0xff, 0xd4, 0xba, 0x91, 0xff, 
0xd4, 0xbb, 0x92, 0xff, 0xd3, 0xbb, 0x91, 0xff, 0xd3, 0xbb, 0x92, 0xff, 0xd4, 0xbc, 0x93, 0xff, 
0xd5, 0xbc, 0x93, 0xff, 0xd4, 0xbb, 0x92, 0xff, 0xd4, 0xbb, 0x92, 0xff, 0xd4, 0xbb, 0x92, 0xff, 
0xd4, 0xbb, 0x92, 0xff, 0xd4, 0xbc, 0x92, 0xff, 0xd5, 0xbd, 0x94, 0xff, 0xd4, 0xbd, 0x93, 0xff, 
0xd4, 0xbd, 0x93, 0xff, 0xd3, 0xbd, 0x93, 0xff, 0xd3, 0xbb, 0x92, 0xff, 0xd3, 0xba, 0x91, 0xff, 
0xd2, 0xba, 0x91, 0xff, 0xd2, 0xba, 0x90, 0xff, 0xd1, 0xb8, 0x8f, 0xff, 0xd2, 0xba, 0x91, 0xff, 
0xd2, 0xb9, 0x90, 0xff, 0xd1, 0xb8, 0x90, 0xff, 0xd1, 0xb8, 0x8f, 0xff, 0xd1, 0xb9, 0x8f, 0xff, 
0xd1, 0xb9, 0x90, 0xff, 0xd1, 0xb8, 0x90, 0xff, 0xd2, 0xb9, 0x90, 0xff, 0xd2, 0xb9, 0x91, 0xff, 
0xd2, 0xb9, 0x91, 0xff, 0xd2, 0xb9, 0x91, 0xff, 0xd2, 0xb9, 0x91, 0xff, 0xd1, 0xb8, 0x90, 0xff, 
0xd2, 0xb9, 0x90, 0xff, 0xd1, 0xb9, 0x90, 0xff, 0xd1, 0xb8, 0x90, 0xff, 0xd0, 0xb7, 0x8e, 0xff, 
0xd0, 0xb8, 0x8d, 0xff, 0xd0, 0xb9, 0x8e, 0xff, 0xd1, 0xba, 0x8f, 0xff, 0xd2, 0xbb, 0x8e, 0xff, 
0xd1, 0xb9, 0x8e, 0xff, 0xd1, 0xb9, 0x8f, 0xff, 0xd1, 0xb9, 0x8f, 0xff, 0xd2, 0xba, 0x8f, 0xff, 
0xd2, 0xba, 0x8f, 0xff, 0xd2, 0xba, 0x90, 0xff, 0xd3, 0xbb, 0x90, 0xff, 0xd2, 0xba, 0x90, 0xff, 
0xd3, 0xba, 0x92, 0xff, 0xd2, 0xbb, 0x90, 0xff, 0xd4, 0xbb, 0x91, 0xff, 0xd4, 0xbb, 0x93, 0xff, 
0xd5, 0xbc, 0x93, 0xff, 0xd6, 0xbd, 0x94, 0xff, 0xd6, 0xbe, 0x94, 0xff, 0xd4, 0xbc, 0x92, 0xff, 
0xd4, 0xbc, 0x91, 0xff, 0xd4, 0xbd, 0x91, 0xff, 0xd5, 0xbc, 0x91, 0xff, 0xd6, 0xbd, 0x91, 0xff, 
0xd5, 0xbd, 0x92, 0xff, 0xd4, 0xbc, 0x91, 0xff, 0xd3, 0xbb, 0x90, 0xff, 0xd2, 0xba, 0x8f, 0xff, 
0xd1, 0xb9, 0x8f, 0xff, 0xd3, 0xbb, 0x90, 0xff, 0xd4, 0xbc, 0x90, 0xff, 0xd3, 0xba, 0x91, 0xff, 
0xd2, 0xba, 0x90, 0xff, 0xd2, 0xba, 0x8e, 0xff, 0xd1, 0xb9, 0x8f, 0xff, 0xd1, 0xb8, 0x8e, 0xff, 
0xd1, 0xb9, 0x8e, 0xff, 0xd1, 0xb9, 0x8e, 0xff, 0xd0, 0xb8, 0x8e, 0xff, 0xd0, 0xb8, 0x8e, 0xff, 
0xd1, 0xb9, 0x8f, 0xff, 0xd3, 0xbb, 0x8f, 0xff, 0xd2, 0xb8, 0x8e, 0xff, 0xd2, 0xb7, 0x8f, 0xff, 
0xd5, 0xbe, 0x91, 0xff, 0xd4, 0xbd, 0x90, 0xff, 0xd5, 0xbe, 0x91, 0xff, 0xd5, 0xbe, 0x91, 0xff, 
0xd6, 0xbf, 0x90, 0xff, 0xd5, 0xbe, 0x92, 0xff, 0xd6, 0xbd, 0x93, 0xff, 0xd6, 0xbe, 0x93, 0xff, 
0xd6, 0xbe, 0x93, 0xff, 0xd6, 0xbe, 0x95, 0xff, 0xd7, 0xbe, 0x94, 0xff, 0xd7, 0xc0, 0x92, 0xff, 
0xd7, 0xbf, 0x92, 0xff, 0xd6, 0xbf, 0x92, 0xff, 0xd7, 0xbf, 0x92, 0xff, 0xd8, 0xbf, 0x92, 0xff, 
0xd7, 0xbf, 0x92, 0xff, 0xd6, 0xbe, 0x93, 0xff, 0xd6, 0xbe, 0x93, 0xff, 0xd6, 0xbe, 0x91, 0xff, 
0xd6, 0xbe, 0x90, 0xff, 0xd6, 0xbe, 0x91, 0xff, 0xd7, 0xbe, 0x91, 0xff, 0xd6, 0xbd, 0x90, 0xff, 
0xd5, 0xbe, 0x91, 0xff, 0xd7, 0xbe, 0x91, 0xff, 0xd7, 0xbd, 0x90, 0xff, 0xd6, 0xbd, 0x8f, 0xff, 
0xd5, 0xbd, 0x8f, 0xff, 0xd4, 0xbd, 0x90, 0xff, 0xd5, 0xbf, 0x91, 0xff, 0xd6, 0xbe, 0x91, 0xff, 
0xd7, 0xbc, 0x92, 0xff, 0xd6, 0xbd, 0x92, 0xff, 0xd5, 0xbc, 0x92, 0xff, 0xd6, 0xbe, 0x92, 0xff, 
0xd6, 0xbe, 0x92, 0xff, 0xd6, 0xbe, 0x92, 0xff, 0xd6, 0xbe, 0x92, 0xff, 0xd6, 0xbf, 0x92, 0xff, 
0xd6, 0xbf, 0x91, 0xff, 0xd6, 0xbe, 0x91, 0xff, 0xd7, 0xbf, 0x92, 0xff, 0xd7, 0xbf, 0x92, 0xff, 
0xd8, 0xbf, 0x92, 0xff, 0xd8, 0xbf, 0x92, 0xff, 0xd6, 0xbe, 0x92, 0xff, 0xd5, 0xbd, 0x90, 0xff, 
0xd5, 0xbe, 0x90, 0xff, 0xd6, 0xbf, 0x91, 0xff, 0xd4, 0xbc, 0x91, 0xff, 0xd4, 0xbc, 0x92, 0xff, 
0xd4, 0xbc, 0x92, 0xff, 0xd4, 0xbc, 0x90, 0xff, 0xd4, 0xbc, 0x91, 0xff, 0xd3, 0xbc, 0x90, 0xff, 
0xd4, 0xbd, 0x90, 0xff, 0xd4, 0xbd, 0x90, 0xff, 0xd4, 0xbd, 0x91, 0xff, 0xd4, 0xbb, 0x8f, 0xff, 
0xd3, 0xbb, 0x8e, 0xff, 0xd3, 0xbb, 0x90, 0xff, 0xd3, 0xbc, 0x8f, 0xff, 0xd4, 0xbc, 0x8f, 0xff, 
0xd4, 0xbc, 0x8f, 0xff, 0xd4, 0xbc, 0x8f, 0xff, 0xd3, 0xbc, 0x90, 0xff, 0xd4, 0xbd, 0x8f, 0xff, 
0xd4, 0xbc, 0x90, 0xff, 0xd4, 0xbd, 0x91, 0xff, 0xd4, 0xbd, 0x90, 0xff, 0xd5, 0xbc, 0x90, 0xff, 
0xd5, 0xbd, 0x8f, 0xff, 0xd5, 0xbe, 0x91, 0xff, 0xd5, 0xbe, 0x90, 0xff, 0xd5, 0xbe, 0x90, 0xff, 
0xd5, 0xbd, 0x92, 0xff, 0xd5, 0xbd, 0x93, 0xff, 0xd5, 0xbd, 0x92, 0xff, 0xd5, 0xbe, 0x92, 0xff, 
0xd6, 0xbf, 0x91, 0xff, 0xd5, 0xbe, 0x91, 0xff, 0xd5, 0xbe, 0x91, 0xff, 0xd5, 0xbe, 0x91, 0xff, 
0xd6, 0xbe, 0x91, 0xff, 0xd6, 0xbf, 0x91, 0xff, 0xd5, 0xbd, 0x90, 0xff, 0xd3, 0xbc, 0x90, 0xff, 
0xd3, 0xbb, 0x90, 0xff, 0xd3, 0xbb, 0x8f, 0xff, 0xd4, 0xba, 0x90, 0xff, 0xd3, 0xbb, 0x90, 0xff, 
0xd4, 0xbb, 0x90, 0xff, 0xd4, 0xbc, 0x90, 0xff, 0xd3, 0xbc, 0x8f, 0xff, 0xd4, 0xbb, 0x8e, 0xff, 
0xd4, 0xbc, 0x8f, 0xff, 0xd4, 0xbc, 0x8f, 0xff, 0xd3, 0xbb, 0x90, 0xff, 0xd4, 0xbd, 0x91, 0xff, 
0xd4, 0xbc, 0x90, 0xff, 0xd6, 0xbd, 0x90, 0xff, 0xd6, 0xbe, 0x91, 0xff, 0xd5, 0xbe, 0x90, 0xff, 
0xd5, 0xbd, 0x90, 0xff, 0xd6, 0xbf, 0x92, 0xff, 0xd6, 0xbf, 0x92, 0xff, 0xd7, 0xbe, 0x92, 0xff, 
0xd7, 0xbf, 0x91, 0xff, 0xd9, 0xbe, 0x91, 0xff, 0xd8, 0xbe, 0x91, 0xff, 0xd7, 0xbe, 0x91, 0xff, 
0xd7, 0xbf, 0x92, 0xff, 0xd5, 0xbe, 0x91, 0xff, 0xd5, 0xbe, 0x91, 0xff, 0xd5, 0xbd, 0x91, 0xff, 
0xd5, 0xbe, 0x91, 0xff, 0xd5, 0xbe, 0x90, 0xff, 0xd5, 0xbe, 0x91, 0xff, 0xd5, 0xbe, 0x90, 0xff, 
0xd5, 0xbd, 0x90, 0xff, 0xd5, 0xbd, 0x91, 0xff, 0xd5, 0xbd, 0x90, 0xff, 0xd6, 0xbd, 0x90, 0xff, 
0xd5, 0xbd, 0x8f, 0xff, 0xd5, 0xbc, 0x8f, 0xff, 0xd5, 0xbc, 0x8f, 0xff, 0xd5, 0xbc, 0x8f, 0xff, 
0xd5, 0xbc, 0x8f, 0xff, 0xd5, 0xbc, 0x8f, 0xff, 0xd5, 0xbc, 0x90, 0xff, 0xd5, 0xbc, 0x8f, 0xff, 
0xd5, 0xbd, 0x8f, 0xff, 0xd6, 0xbd, 0x90, 0xff, 0xd7, 0xbd, 0x90, 0xff, 0xd6, 0xbd, 0x90, 0xff, 
0xd5, 0xbc, 0x8f, 0xff, 0xd4, 0xbc, 0x8f, 0xff, 0xd5, 0xbc, 0x90, 0xff, 0xd6, 0xbe, 0x90, 0xff, 
0xd5, 0xbc, 0x90, 0xff, 0xd4, 0xbb, 0x90, 0xff, 0xd4, 0xbc, 0x92, 0xff, 0xd4, 0xbc, 0x90, 0xff, 
0xd5, 0xbc, 0x90, 0xff, 0xd4, 0xbc, 0x90, 0xff, 0xd5, 0xbc, 0x90, 0xff, 0xd5, 0xbd, 0x90, 0xff, 
0xd6, 0xbd, 0x90, 0xff, 0xd5, 0xbc, 0x90, 0xff, 0xd4, 0xbc, 0x90, 0xff, 0xd5, 0xbd, 0x90, 0xff, 
0xd4, 0xbc, 0x8f, 0xff, 0xd5, 0xbc, 0x90, 0xff, 0xd4, 0xbc, 0x8f, 0xff, 0xd5, 0xbb, 0x8f, 0xff, 
0xd4, 0xbb, 0x8f, 0xff, 0xd5, 0xbc, 0x8f, 0xff, 0xd5, 0xbc, 0x8f, 0xff, 0xd5, 0xbc, 0x90, 0xff, 
0xd6, 0xbd, 0x91, 0xff, 0xd4, 0xbc, 0x90, 0xff, 0xd4, 0xbc, 0x8f, 0xff, 0xd6, 0xbc, 0x92, 0xff, 
0xd6, 0xbc, 0x90, 0xff, 0xd6, 0xbe, 0x91, 0xff, 0xd6, 0xbe, 0x90, 0xff, 0xd7, 0xbe, 0x92, 0xff, 
0xd7, 0xbe, 0x91, 0xff, 0xd7, 0xbf, 0x92, 0xff, 0xd7, 0xbe, 0x92, 0xff, 0xd8, 0xbe, 0x92, 0xff, 
0xd8, 0xbf, 0x93, 0xff, 0xd7, 0xc0, 0x93, 0xff, 0xd7, 0xbf, 0x93, 0xff, 0xd7, 0xbf, 0x93, 0xff, 
0xd7, 0xbf, 0x93, 0xff, 0xd6, 0xbf, 0x93, 0xff, 0xd6, 0xbf, 0x93, 0xff, 0xd7, 0xbf, 0x94, 0xff, 
0xd8, 0xc0, 0x94, 0xff, 0xd7, 0xbf, 0x94, 0xff, 0xd7, 0xbf, 0x94, 0xff, 0xd8, 0xc0, 0x94, 0xff, 
0xd8, 0xc1, 0x95, 0xff, 0xd8, 0xc0, 0x94, 0xff, 0xd9, 0xc1, 0x95, 0xff, 0xd7, 0xc0, 0x94, 0xff, 
0xd7, 0xbf, 0x94, 0xff, 0xd7, 0xbf, 0x94, 0xff, 0xd7, 0xbf, 0x95, 0xff, 0xd6, 0xbe, 0x94, 0xff, 
0xd6, 0xbf, 0x94, 0xff, 0xd6, 0xc0, 0x94, 0xff, 0xd6, 0xbe, 0x93, 0xff, 0xd6, 0xbf, 0x93, 0xff, 
0xd6, 0xbe, 0x93, 0xff, 0xd6, 0xbf, 0x94, 0xff, 0xd6, 0xbe, 0x94, 0xff, 0xd6, 0xbd, 0x93, 0xff, 
0xd6, 0xbd, 0x92, 0xff, 0xd5, 0xbd, 0x92, 0xff, 0xd6, 0xbd, 0x92, 0xff, 0xd6, 0xbd, 0x92, 0xff, 
0xd6, 0xbd, 0x92, 0xff, 0xd5, 0xbd, 0x92, 0xff, 0xd5, 0xbd, 0x92, 0xff, 0xd5, 0xbd, 0x92, 0xff, 
0xd4, 0xbd, 0x93, 0xff, 0xd4, 0xbd, 0x91, 0xff, 0xd5, 0xbd, 0x91, 0xff, 0xd5, 0xbc, 0x91, 0xff, 
0xd5, 0xbc, 0x90, 0xff, 0xd5, 0xbc, 0x8f, 0xff, 0xd6, 0xbd, 0x8f, 0xff, 0xd7, 0xbe, 0x90, 0xff, 
0xd6, 0xbc, 0x90, 0xff, 0xd6, 0xbd, 0x90, 0xff, 0xd6, 0xbd, 0x91, 0xff, 0xd6, 0xbd, 0x90, 0xff, 
0xd6, 0xbd, 0x90, 0xff, 0xd6, 0xbd, 0x90, 0xff, 0xd6, 0xbe, 0x90, 0xff, 0xd5, 0xbd, 0x90, 0xff, 
0xd6, 0xbd, 0x92, 0xff, 0xd7, 0xbd, 0x92, 0xff, 0xd6, 0xbe, 0x92, 0xff, 0xd6, 0xbe, 0x93, 0xff, 
0xd6, 0xbe, 0x94, 0xff, 0xd7, 0xbe, 0x93, 0xff, 0xd7, 0xbf, 0x92, 0xff, 0xd8, 0xbf, 0x92, 0xff, 
0xd8, 0xbf, 0x92, 0xff, 0xd7, 0xbf, 0x92, 0xff, 0xd7, 0xbf, 0x92, 0xff, 0xd7, 0xbf, 0x92, 0xff, 
0xd8, 0xbe, 0x93, 0xff, 0xd8, 0xbf, 0x93, 0xff, 0xd7, 0xbe, 0x91, 0xff, 0xd6, 0xbe, 0x91, 0xff, 
0xd5, 0xbe, 0x91, 0xff, 0xd6, 0xbf, 0x91, 0xff, 0xd6, 0xbe, 0x91, 0xff, 0xd5, 0xbd, 0x93, 0xff, 
0xd6, 0xbd, 0x91, 0xff, 0xd5, 0xbd, 0x91, 0xff, 0xd5, 0xbe, 0x92, 0xff, 0xd4, 0xbd, 0x91, 0xff, 
0xd5, 0xbd, 0x8f, 0xff, 0xd5, 0xbd, 0x90, 0xff, 0xd5, 0xbe, 0x90, 0xff, 0xd5, 0xbd, 0x90, 0xff, 
0xd5, 0xbd, 0x90, 0xff, 0xd5, 0xbe, 0x91, 0xff, 0xd5, 0xbd, 0x91, 0xff, 0xd4, 0xbc, 0x8f, 0xff, 
0xdc, 0xc1, 0x94, 0xff, 0xdb, 0xc2, 0x94, 0xff, 0xdb, 0xc1, 0x94, 0xff, 0xdb, 0xc0, 0x94, 0xff, 
0xdc, 0xc2, 0x95, 0xff, 0xdc, 0xc2, 0x97, 0xff, 0xdd, 0xc2, 0x99, 0xff, 0xdc, 0xc2, 0x98, 0xff, 
0xdd, 0xc3, 0x99, 0xff, 0xdd, 0xc3, 0x9a, 0xff, 0xdc, 0xc2, 0x97, 0xff, 0xdb, 0xc1, 0x96, 0xff, 
0xdb, 0xc1, 0x96, 0xff, 0xdc, 0xc2, 0x95, 0xff, 0xdc, 0xc2, 0x95, 0xff, 0xdd, 0xc1, 0x95, 0xff, 
0xdc, 0xc1, 0x95, 0xff, 0xdc, 0xc1, 0x96, 0xff, 0xdb, 0xc0, 0x96, 0xff, 0xdb, 0xc0, 0x94, 0xff, 
0xdb, 0xc0, 0x93, 0xff, 0xdb, 0xc0, 0x93, 0xff, 0xdc, 0xbf, 0x95, 0xff, 0xdb, 0xbf, 0x94, 0xff, 
0xdb, 0xc0, 0x93, 0xff, 0xdc, 0xbf, 0x93, 0xff, 0xdc, 0xbf, 0x93, 0xff, 0xdc, 0xbf, 0x93, 0xff, 
0xdc, 0xc0, 0x93, 0xff, 0xdb, 0xc0, 0x93, 0xff, 0xdb, 0xc1, 0x93, 0xff, 0xdb, 0xc1, 0x94, 0xff, 
0xdc, 0xc1, 0x95, 0xff, 0xdc, 0xc1, 0x94, 0xff, 0xdb, 0xc1, 0x95, 0xff, 0xdc, 0xc1, 0x94, 0xff, 
0xdc, 0xc2, 0x95, 0xff, 0xdc, 0xc1, 0x95, 0xff, 0xdc, 0xc1, 0x95, 0xff, 0xdc, 0xc1, 0x95, 0xff, 
0xdc, 0xc1, 0x94, 0xff, 0xdc, 0xc1, 0x95, 0xff, 0xdd, 0xc1, 0x94, 0xff, 0xdd, 0xc2, 0x96, 0xff, 
0xde, 0xc1, 0x96, 0xff, 0xdc, 0xc0, 0x94, 0xff, 0xdd, 0xc0, 0x94, 0xff, 0xdd, 0xc2, 0x94, 0xff, 
0xdb, 0xc1, 0x94, 0xff, 0xdb, 0xc1, 0x94, 0xff, 0xdb, 0xc1, 0x95, 0xff, 0xda, 0xc1, 0x95, 0xff, 
0xda, 0xc1, 0x94, 0xff, 0xda, 0xc1, 0x94, 0xff, 0xda, 0xbf, 0x93, 0xff, 0xda, 0xc0, 0x93, 0xff, 
0xd9, 0xc0, 0x92, 0xff, 0xd9, 0xc0, 0x93, 0xff, 0xda, 0xc1, 0x93, 0xff, 0xda, 0xbf, 0x91, 0xff, 
0xda, 0xbf, 0x91, 0xff, 0xd9, 0xbf, 0x92, 0xff, 0xd8, 0xbf, 0x91, 0xff, 0xd9, 0xbe, 0x91, 0xff, 
0xda, 0xbe, 0x91, 0xff, 0xda, 0xc0, 0x92, 0xff, 0xda, 0xc0, 0x92, 0xff, 0xda, 0xbf, 0x92, 0xff, 
0xdb, 0xbf, 0x94, 0xff, 0xda, 0xc0, 0x95, 0xff, 0xda, 0xc1, 0x93, 0xff, 0xdb, 0xc1, 0x93, 0xff, 
0xdc, 0xc0, 0x94, 0xff, 0xdb, 0xc0, 0x94, 0xff, 0xdb, 0xc1, 0x94, 0xff, 0xdb, 0xc1, 0x95, 0xff, 
0xdb, 0xc1, 0x97, 0xff, 0xdc, 0xc2, 0x98, 0xff, 0xdc, 0xc3, 0x98, 0xff, 0xdc, 0xc3, 0x97, 0xff, 
0xdc, 0xc2, 0x97, 0xff, 0xdb, 0xc1, 0x97, 0xff, 0xdb, 0xc0, 0x96, 0xff, 0xdb, 0xc1, 0x96, 0xff, 
0xdc, 0xc1, 0x95, 0xff, 0xda, 0xc0, 0x94, 0xff, 0xda, 0xc0, 0x94, 0xff, 0xda, 0xc1, 0x95, 0xff, 
0xda, 0xc0, 0x94, 0xff, 0xd9, 0xc0, 0x95, 0xff, 0xdb, 0xc0, 0x94, 0xff, 0xda, 0xc0, 0x94, 0xff, 
0xdb, 0xc0, 0x94, 0xff, 0xdb, 0xc0, 0x94, 0xff, 0xdb, 0xc0, 0x93, 0xff, 0xdb, 0xc0, 0x92, 0xff, 
0xdb, 0xc0, 0x93, 0xff, 0xdb, 0xc0, 0x93, 0xff, 0xda, 0xc0, 0x93, 0xff, 0xda, 0xc0, 0x93, 0xff, 
0xda, 0xc1, 0x93, 0xff, 0xdc, 0xc1, 0x94, 0xff, 0xdb, 0xc1, 0x95, 0xff, 0xdb, 0xc1, 0x94, 0xff, 
0xdc, 0xc1, 0x93, 0xff, 0xdd, 0xc2, 0x95, 0xff, 0xdd, 0xc2, 0x96, 0xff, 0xde, 0xc2, 0x97, 0xff, 
0xde, 0xc1, 0x96, 0xff, 0xdd, 0xc1, 0x95, 0xff, 0xde, 0xc3, 0x96, 0xff, 0xdd, 0xc0, 0x94, 0xff, 
0xdc, 0xc1, 0x96, 0xff, 0xdd, 0xc2, 0x97, 0xff, 0xdd, 0xc2, 0x98, 0xff, 0xdc, 0xc2, 0x98, 0xff, 
0xdd, 0xc4, 0x98, 0xff, 0xdd, 0xc3, 0x97, 0xff, 0xdc, 0xc1, 0x96, 0xff, 0xdb, 0xc1, 0x95, 0xff, 
0xdc, 0xc1, 0x96, 0xff, 0xdb, 0xc1, 0x94, 0xff, 0xdb, 0xc0, 0x93, 0xff, 0xdb, 0xc0, 0x93, 0xff, 
0xdb, 0xc0, 0x93, 0xff, 0xda, 0xc0, 0x94, 0xff, 0xdb, 0xc0, 0x92, 0xff, 0xdb, 0xbf, 0x93, 0xff, 
0xdb, 0xbf, 0x93, 0xff, 0xdb, 0xbf, 0x93, 0xff, 0xdc, 0xbe, 0x92, 0xff, 0xdb, 0xbe, 0x92, 0xff, 
0xdb, 0xbe, 0x91, 0xff, 0xdb, 0xbf, 0x92, 0xff, 0xdb, 0xbe, 0x91, 0xff, 0xda, 0xbd, 0x91, 0xff, 
0xda, 0xbe, 0x91, 0xff, 0xdc, 0xbf, 0x92, 0xff, 0xdb, 0xbf, 0x92, 0xff, 0xda, 0xbf, 0x92, 0xff, 
0xda, 0xbf, 0x92, 0xff, 0xdb, 0xc0, 0x93, 0xff, 0xdb, 0xc0, 0x92, 0xff, 0xdb, 0xbf, 0x93, 0xff, 
0xdb, 0xbf, 0x93, 0xff, 0xda, 0xbf, 0x93, 0xff, 0xda, 0xbf, 0x93, 0xff, 0xda, 0xbf, 0x92, 0xff, 
0xda, 0xbf, 0x92, 0xff, 0xda, 0xbe, 0x91, 0xff, 0xdb, 0xbe, 0x91, 0xff, 0xdb, 0xbd, 0x91, 0xff, 
0xdb, 0xbf, 0x92, 0xff, 0xda, 0xbf, 0x92, 0xff, 0xda, 0xbe, 0x91, 0xff, 0xdb, 0xbf, 0x92, 0xff, 
0xdb, 0xbf, 0x92, 0xff, 0xdb, 0xbf, 0x92, 0xff, 0xdb, 0xc0, 0x93, 0xff, 0xdb, 0xc0, 0x93, 0xff, 
0xdb, 0xc0, 0x93, 0xff, 0xdb, 0xbf, 0x91, 0xff, 0xdb, 0xbf, 0x92, 0xff, 0xdc, 0xc0, 0x94, 0xff, 
0xdc, 0xc0, 0x93, 0xff, 0xdc, 0xc1, 0x93, 0xff, 0xdc, 0xc0, 0x93, 0xff, 0xdc, 0xc1, 0x95, 0xff, 
0xdd, 0xc1, 0x94, 0xff, 0xdd, 0xc1, 0x96, 0xff, 0xde, 0xc2, 0x98, 0xff, 0xdd, 0xc1, 0x96, 0xff, 
0xdd, 0xc1, 0x96, 0xff, 0xde, 0xc3, 0x97, 0xff, 0xdd, 0xc2, 0x97, 0xff, 0xdc, 0xc2, 0x97, 0xff, 
0xdd, 0xc3, 0x97, 0xff, 0xdd, 0xc3, 0x98, 0xff, 0xdd, 0xc3, 0x99, 0xff, 0xde, 0xc3, 0x99, 0xff, 
0xde, 0xc3, 0x99, 0xff, 0xdf, 0xc4, 0x9b, 0xff, 0xde, 0xc3, 0x9a, 0xff, 0xdd, 0xc3, 0x99, 0xff, 
0xdd, 0xc5, 0x99, 0xff, 0xdd, 0xc3, 0x98, 0xff, 0xde, 0xc4, 0x99, 0xff, 0xde, 0xc4, 0x99, 0xff, 
0xdc, 0xc4, 0x9a, 0xff, 0xdc, 0xc4, 0x9a, 0xff, 0xdd, 0xc5, 0x9b, 0xff, 0xdc, 0xc5, 0x9b, 0xff, 
0xdc, 0xc3, 0x99, 0xff, 0xdb, 0xc2, 0x98, 0xff, 0xdb, 0xc2, 0x98, 0xff, 0xda, 0xc3, 0x97, 0xff, 
0xdb, 0xc3, 0x96, 0xff, 0xdb, 0xc2, 0x96, 0xff, 0xda, 0xc2, 0x96, 0xff, 0xdb, 0xc1, 0x95, 0xff, 
0xdc, 0xc1, 0x95, 0xff, 0xdc, 0xc1, 0x95, 0xff, 0xdc, 0xc1, 0x95, 0xff, 0xdb, 0xc1, 0x95, 0xff, 
0xdb, 0xc1, 0x95, 0xff, 0xdc, 0xc1, 0x95, 0xff, 0xdb, 0xc0, 0x95, 0xff, 0xdb, 0xc1, 0x95, 0xff, 
0xdb, 0xc1, 0x95, 0xff, 0xda, 0xc0, 0x93, 0xff, 0xdb, 0xc0, 0x93, 0xff, 0xdb, 0xc0, 0x93, 0xff, 
0xdb, 0xc0, 0x93, 0xff, 0xdb, 0xc0, 0x93, 0xff, 0xdc, 0xbf, 0x92, 0xff, 0xdc, 0xbf, 0x94, 0xff, 
0xdb, 0xc0, 0x95, 0xff, 0xdb, 0xc0, 0x94, 0xff, 0xdb, 0xc0, 0x93, 0xff, 0xdb, 0xc0, 0x94, 0xff, 
0xdb, 0xc0, 0x94, 0xff, 0xdb, 0xc0, 0x94, 0xff, 0xdb, 0xc0, 0x94, 0xff, 0xdc, 0xc1, 0x96, 0xff, 
0xdd, 0xc2, 0x97, 0xff, 0xde, 0xc2, 0x98, 0xff, 0xde, 0xc3, 0x97, 0xff, 0xdd, 0xc3, 0x98, 0xff, 
0xdc, 0xc1, 0x99, 0xff, 0xdb, 0xc1, 0x96, 0xff, 0xdd, 0xc2, 0x97, 0xff, 0xde, 0xc3, 0x97, 0xff, 
0xde, 0xc1, 0x96, 0xff, 0xde, 0xc1, 0x97, 0xff, 0xde, 0xc2, 0x97, 0xff, 0xdd, 0xc1, 0x96, 0xff, 
0xdd, 0xc1, 0x96, 0xff, 0xdc, 0xc0, 0x96, 0xff, 0xdd, 0xc1, 0x96, 0xff, 0xde, 0xc2, 0x97, 0xff, 
0xdc, 0xc1, 0x95, 0xff, 0xdc, 0xc1, 0x94, 0xff, 0xdc, 0xc1, 0x96, 0xff, 0xdc, 0xc1, 0x96, 0xff, 
0xdc, 0xc0, 0x93, 0xff, 0xdb, 0xc0, 0x93, 0xff, 0xdb, 0xc1, 0x94, 0xff, 0xdb, 0xc0, 0x94, 0xff, 
0xdb, 0xc0, 0x93, 0xff, 0xdb, 0xc0, 0x93, 0xff, 0xdb, 0xc0, 0x93, 0xff, 0xdb, 0xc0, 0x93, 0xff, 
0xdb, 0xbf, 0x93, 0xff, 0xda, 0xc0, 0x94, 0xff, 0xdb, 0xc1, 0x95, 0xff, 0xdb, 0xc1, 0x94, 0xff, 
0xde, 0xc0, 0x96, 0xff, 0xde, 0xc1, 0x97, 0xff, 0xde, 0xc0, 0x96, 0xff, 0xde, 0xc0, 0x97, 0xff, 
0xde, 0xc1, 0x99, 0xff, 0xdf, 0xc2, 0x99, 0xff, 0xdf, 0xc3, 0x9a, 0xff, 0xe0, 0xc4, 0x9b, 0xff, 
0xe1, 0xc4, 0x9d, 0xff, 0xe1, 0xc4, 0x9c, 0xff, 0xe0, 0xc3, 0x9c, 0xff, 0xdf, 0xc2, 0x9b, 0xff, 
0xde, 0xc2, 0x99, 0xff, 0xdf, 0xc2, 0x99, 0xff, 0xdf, 0xc2, 0x98, 0xff, 0xdf, 0xc2, 0x97, 0xff, 
0xde, 0xc1, 0x97, 0xff, 0xde, 0xc1, 0x97, 0xff, 0xdd, 0xc0, 0x98, 0xff, 0xdd, 0xc0, 0x97, 0xff, 
0xdd, 0xc0, 0x96, 0xff, 0xdc, 0xbf, 0x96, 0xff, 0xdd, 0xbf, 0x96, 0xff, 0xdd, 0xbf, 0x96, 0xff, 
0xdd, 0xbf, 0x95, 0xff, 0xdc, 0xbf, 0x95, 0xff, 0xdc, 0xbf, 0x95, 0xff, 0xdc, 0xc0, 0x95, 0xff, 
0xdd, 0xc0, 0x95, 0xff, 0xdd, 0xbf, 0x95, 0xff, 0xdd, 0xbf, 0x95, 0xff, 0xdd, 0xbf, 0x95, 0xff, 
0xdd, 0xc1, 0x96, 0xff, 0xdd, 0xc0, 0x96, 0xff, 0xdd, 0xbf, 0x95, 0xff, 0xdd, 0xc0, 0x96, 0xff, 
0xdd, 0xc0, 0x96, 0xff, 0xdd, 0xc0, 0x96, 0xff, 0xde, 0xc0, 0x97, 0xff, 0xde, 0xc0, 0x96, 0xff, 
0xde, 0xc0, 0x95, 0xff, 0xdf, 0xc1, 0x96, 0xff, 0xdf, 0xc1, 0x97, 0xff, 0xde, 0xc0, 0x97, 0xff, 
0xde, 0xc0, 0x96, 0xff, 0xdd, 0xc0, 0x95, 0xff, 0xdd, 0xc0, 0x95, 0xff, 0xdd, 0xc0, 0x95, 0xff, 
0xdd, 0xbf, 0x95, 0xff, 0xdc, 0xbe, 0x95, 0xff, 0xdd, 0xc0, 0x96, 0xff, 0xdd, 0xc0, 0x95, 0xff, 
0xdc, 0xbf, 0x94, 0xff, 0xdd, 0xbf, 0x94, 0xff, 0xdc, 0xbe, 0x94, 0xff, 0xdb, 0xbd, 0x93, 0xff, 
0xda, 0xbd, 0x92, 0xff, 0xda, 0xbd, 0x92, 0xff, 0xdb, 0xbe, 0x93, 0xff, 0xda, 0xbe, 0x93, 0xff, 
0xda, 0xbd, 0x93, 0xff, 0xda, 0xbd, 0x92, 0xff, 0xda, 0xbd, 0x93, 0xff, 0xda, 0xbd, 0x92, 0xff, 
0xdb, 0xbd, 0x92, 0xff, 0xdb, 0xbe, 0x93, 0xff, 0xdd, 0xbf, 0x94, 0xff, 0xdd, 0xc0, 0x95, 0xff, 
0xdd, 0xbf, 0x95, 0xff, 0xdd, 0xc0, 0x96, 0xff, 0xdd, 0xc0, 0x96, 0xff, 0xde, 0xc0, 0x96, 0xff, 
0xde, 0xc0, 0x97, 0xff, 0xde, 0xc0, 0x96, 0xff, 0xde, 0xc0, 0x98, 0xff, 0xde, 0xc1, 0x99, 0xff, 
0xdf, 0xc3, 0x9a, 0xff, 0xdf, 0xc4, 0x9a, 0xff, 0xdf, 0xc3, 0x9b, 0xff, 0xe0, 0xc3, 0x9b, 0xff, 
0xe0, 0xc3, 0x9b, 0xff, 0xdf, 0xc2, 0x9b, 0xff, 0xde, 0xc1, 0x99, 0xff, 0xde, 0xc1, 0x98, 0xff, 
0xde, 0xc1, 0x97, 0xff, 0xdd, 0xc0, 0x96, 0xff, 0xdc, 0xc0, 0x96, 0xff, 0xdc, 0xc0, 0x96, 0xff, 
0xdd, 0xc0, 0x97, 0xff, 0xdd, 0xc0, 0x97, 0xff, 0xdc, 0xc0, 0x95, 0xff, 0xdc, 0xbf, 0x95, 0xff, 
0xdb, 0xbf, 0x94, 0xff, 0xdc, 0xbf, 0x95, 0xff, 0xdc, 0xbf, 0x95, 0xff, 0xdb, 0xbf, 0x94, 0xff, 
0xdc, 0xbe, 0x94, 0xff, 0xdc, 0xbf, 0x95, 0xff, 0xdd, 0xbf, 0x94, 0xff, 0xdd, 0xbf, 0x95, 0xff, 
0xdd, 0xbf, 0x95, 0xff, 0xdd, 0xc0, 0x96, 0xff, 0xdd, 0xc0, 0x95, 0xff, 0xdd, 0xbf, 0x96, 0xff, 
0xde, 0xc1, 0x96, 0xff, 0xdf, 0xc1, 0x97, 0xff, 0xdf, 0xc1, 0x98, 0xff, 0xdf, 0xc2, 0x98, 0xff, 
0xde, 0xc1, 0x98, 0xff, 0xdf, 0xc2, 0x98, 0xff, 0xdf, 0xc2, 0x98, 0xff, 0xde, 0xc1, 0x98, 0xff, 
0xde, 0xc1, 0x98, 0xff, 0xdf, 0xc2, 0x99, 0xff, 0xe0, 0xc3, 0x9a, 0xff, 0xdf, 0xc4, 0x9a, 0xff, 
0xe0, 0xc4, 0x99, 0xff, 0xdf, 0xc4, 0x9a, 0xff, 0xde, 0xc1, 0x99, 0xff, 0xdd, 0xc0, 0x97, 0xff, 
0xde, 0xc1, 0x97, 0xff, 0xdd, 0xc1, 0x96, 0xff, 0xdc, 0xc0, 0x95, 0xff, 0xdc, 0xc0, 0x95, 0xff, 
0xdc, 0xc0, 0x95, 0xff, 0xdc, 0xbf, 0x96, 0xff, 0xdc, 0xbf, 0x95, 0xff, 0xdc, 0xbf, 0x95, 0xff, 
0xdc, 0xbf, 0x95, 0xff, 0xdc, 0xbf, 0x94, 0xff, 0xdc, 0xbf, 0x93, 0xff, 0xdc, 0xbe, 0x93, 0xff, 
0xdb, 0xbe, 0x92, 0xff, 0xdb, 0xbe, 0x91, 0xff, 0xda, 0xbd, 0x93, 0xff, 0xda, 0xbd, 0x93, 0xff, 
0xdb, 0xbe, 0x93, 0xff, 0xdc, 0xbe, 0x92, 0xff, 0xdb, 0xbe, 0x93, 0xff, 0xda, 0xbd, 0x93, 0xff, 
0xda, 0xbd, 0x93, 0xff, 0xdc, 0xbf, 0x93, 0xff, 0xdc, 0xbf, 0x92, 0xff, 0xdb, 0xbd, 0x91, 0xff, 
0xda, 0xbd, 0x93, 0xff, 0xda, 0xbe, 0x93, 0xff, 0xda, 0xbd, 0x91, 0xff, 0xda, 0xbd, 0x92, 0xff, 
0xda, 0xbd, 0x91, 0xff, 0xda, 0xbd, 0x91, 0xff, 0xdb, 0xbd, 0x91, 0xff, 0xdb, 0xbd, 0x91, 0xff, 
0xdb, 0xbe, 0x93, 0xff, 0xda, 0xbe, 0x93, 0xff, 0xda, 0xbd, 0x92, 0xff, 0xdb, 0xbe, 0x92, 0xff, 
0xdb, 0xbe, 0x93, 0xff, 0xdb, 0xbe, 0x93, 0xff, 0xdb, 0xbd, 0x93, 0xff, 0xdc, 0xbf, 0x95, 0xff, 
0xdc, 0xbf, 0x94, 0xff, 0xdc, 0xbe, 0x92, 0xff, 0xdd, 0xc0, 0x94, 0xff, 0xdd, 0xbf, 0x95, 0xff, 
0xdd, 0xbf, 0x94, 0xff, 0xdd, 0xc0, 0x95, 0xff, 0xdd, 0xc0, 0x95, 0xff, 0xdd, 0xc0, 0x95, 0xff, 
0xdf, 0xc1, 0x98, 0xff, 0xe0, 0xc2, 0x98, 0xff, 0xdf, 0xc2, 0x98, 0xff, 0xdf, 0xc2, 0x98, 0xff, 
0xdf, 0xc2, 0x98, 0xff, 0xdf, 0xc2, 0x98, 0xff, 0xdf, 0xc2, 0x98, 0xff, 0xdf, 0xc2, 0x9a, 0xff, 
0xdf, 0xc2, 0x9a, 0xff, 0xe0, 0xc2, 0x9a, 0xff, 0xe0, 0xc4, 0x9a, 0xff, 0xe1, 0xc4, 0x9b, 0xff, 
0xe0, 0xc4, 0x9c, 0xff, 0xe0, 0xc4, 0x9c, 0xff, 0xe1, 0xc4, 0x9c, 0xff, 0xe0, 0xc3, 0x9c, 0xff, 
0xe0, 0xc4, 0x9b, 0xff, 0xe0, 0xc3, 0x9a, 0xff, 0xe0, 0xc3, 0x9b, 0xff, 0xe0, 0xc3, 0x9c, 0xff, 
0xe0, 0xc5, 0x9d, 0xff, 0xe0, 0xc5, 0x9d, 0xff, 0xe0, 0xc5, 0x9c, 0xff, 0xe0, 0xc5, 0x9d, 0xff, 
0xdf, 0xc3, 0x9b, 0xff, 0xdf, 0xc1, 0x9a, 0xff, 0xdf, 0xc2, 0x9b, 0xff, 0xde, 0xc2, 0x9a, 0xff, 
0xde, 0xc1, 0x99, 0xff, 0xdd, 0xc1, 0x97, 0xff, 0xdc, 0xc2, 0x97, 0xff, 0xdd, 0xc1, 0x97, 0xff, 
0xdd, 0xc1, 0x96, 0xff, 0xdc, 0xc1, 0x96, 0xff, 0xdc, 0xc1, 0x96, 0xff, 0xdc, 0xc0, 0x96, 0xff, 
0xdd, 0xc0, 0x96, 0xff, 0xdd, 0xc0, 0x96, 0xff, 0xdc, 0xbf, 0x95, 0xff, 0xdd, 0xbe, 0x94, 0xff, 
0xdc, 0xbf, 0x95, 0xff, 0xdb, 0xbe, 0x94, 0xff, 0xdb, 0xbe, 0x94, 0xff, 0xdb, 0xbe, 0x94, 0xff, 
0xdc, 0xbf, 0x94, 0xff, 0xdd, 0xc0, 0x95, 0xff, 0xdd, 0xc0, 0x96, 0xff, 0xdd, 0xbf, 0x95, 0xff, 
0xdd, 0xc0, 0x96, 0xff, 0xdd, 0xc0, 0x96, 0xff, 0xdd, 0xc0, 0x96, 0xff, 0xdc, 0xc0, 0x96, 0xff, 
0xdd, 0xc0, 0x96, 0xff, 0xdd, 0xc1, 0x97, 0xff, 0xde, 0xc1, 0x97, 0xff, 0xdf, 0xc2, 0x98, 0xff, 
0xdf, 0xc2, 0x9a, 0xff, 0xe0, 0xc3, 0x9a, 0xff, 0xdf, 0xc3, 0x9a, 0xff, 0xdf, 0xc3, 0x9b, 0xff, 
0xdf, 0xc3, 0x9b, 0xff, 0xde, 0xc2, 0x9a, 0xff, 0xdf, 0xc2, 0x99, 0xff, 0xe0, 0xc3, 0x99, 0xff, 
0xe0, 0xc2, 0x98, 0xff, 0xdf, 0xc1, 0x98, 0xff, 0xdf, 0xc2, 0x98, 0xff, 0xde, 0xc1, 0x97, 0xff, 
0xde, 0xc0, 0x97, 0xff, 0xde, 0xc0, 0x96, 0xff, 0xde, 0xc1, 0x96, 0xff, 0xdd, 0xc0, 0x96, 0xff, 
0xdd, 0xc0, 0x95, 0xff, 0xdd, 0xbf, 0x96, 0xff, 0xdd, 0xc0, 0x96, 0xff, 0xde, 0xc0, 0x95, 0xff, 
0xdd, 0xbf, 0x95, 0xff, 0xdc, 0xbf, 0x93, 0xff, 0xdc, 0xbf, 0x94, 0xff, 0xdc, 0xbf, 0x95, 0xff, 
0xdc, 0xbf, 0x94, 0xff, 0xdc, 0xbf, 0x94, 0xff, 0xdd, 0xbf, 0x95, 0xff, 0xdd, 0xbf, 0x95, 0xff, 
0xdd, 0xc0, 0x96, 0xff, 0xdd, 0xbf, 0x96, 0xff, 0xdd, 0xc0, 0x96, 0xff, 0xdd, 0xc0, 0x96, 0xff, 
0xe2, 0xc5, 0x9d, 0xff, 0xe1, 0xc5, 0x9d, 0xff, 0xe3, 0xc6, 0x9d, 0xff, 0xe3, 0xc6, 0x9e, 0xff, 
0xe2, 0xc6, 0x9d, 0xff, 0xe3, 0xc6, 0x9d, 0xff, 0xe3, 0xc6, 0x9e, 0xff, 0xe4, 0xc9, 0xa1, 0xff, 
0xe4, 0xc9, 0xa2, 0xff, 0xe4, 0xc8, 0xa0, 0xff, 0xe4, 0xc9, 0xa0, 0xff, 0xe3, 0xc7, 0xa0, 0xff, 
0xe3, 0xc7, 0x9e, 0xff, 0xe3, 0xc7, 0x9e, 0xff, 0xe3, 0xc6, 0x9e, 0xff, 0xe2, 0xc6, 0x9d, 0xff, 
0xe2, 0xc6, 0x9d, 0xff, 0xe2, 0xc6, 0x9d, 0xff, 0xe1, 0xc5, 0x9e, 0xff, 0xe1, 0xc5, 0x9c, 0xff, 
0xe2, 0xc5, 0x9b, 0xff, 0xe2, 0xc5, 0x9b, 0xff, 0xe1, 0xc5, 0x9c, 0xff, 0xe1, 0xc4, 0x9c, 0xff, 
0xe2, 0xc5, 0x9d, 0xff, 0xe2, 0xc5, 0x9d, 0xff, 0xe1, 0xc5, 0x9c, 0xff, 0xe1, 0xc4, 0x9c, 0xff, 
0xe1, 0xc5, 0x9c, 0xff, 0xe2, 0xc5, 0x9d, 0xff, 0xe2, 0xc5, 0x9c, 0xff, 0xe1, 0xc4, 0x9c, 0xff, 
0xe1, 0xc4, 0x9b, 0xff, 0xe2, 0xc5, 0x9d, 0xff, 0xe3, 0xc7, 0x9f, 0xff, 0xe2, 0xc6, 0x9e, 0xff, 
0xe3, 0xc6, 0x9e, 0xff, 0xe2, 0xc7, 0x9e, 0xff, 0xe2, 0xc6, 0x9d, 0xff, 0xe3, 0xc6, 0x9d, 0xff, 
0xe3, 0xc7, 0x9e, 0xff, 0xe3, 0xc7, 0x9e, 0xff, 0xe4, 0xc8, 0x9f, 0xff, 0xe4, 0xc7, 0x9e, 0xff, 
0xe3, 0xc7, 0x9e, 0xff, 0xe3, 0xc6, 0x9d, 0xff, 0xe2, 0xc5, 0x9c, 0xff, 0xe2, 0xc5, 0x9c, 0xff, 
0xe2, 0xc5, 0x9c, 0xff, 0xe1, 0xc5, 0x9c, 0xff, 0xe0, 0xc4, 0x9b, 0xff, 0xe1, 0xc4, 0x9c, 0xff, 
0xe2, 0xc6, 0x9e, 0xff, 0xe1, 0xc5, 0x9d, 0xff, 0xe1, 0xc4, 0x9c, 0xff, 0xe1, 0xc5, 0x9c, 0xff, 
0xe0, 0xc4, 0x9a, 0xff, 0xe0, 0xc3, 0x9a, 0xff, 0xe0, 0xc3, 0x9a, 0xff, 0xe0, 0xc4, 0x9b, 0xff, 
0xe0, 0xc3, 0x9b, 0xff, 0xe0, 0xc4, 0x9b, 0xff, 0xe1, 0xc5, 0x9b, 0xff, 0xe0, 0xc4, 0x9b, 0xff, 
0xe0, 0xc4, 0x9a, 0xff, 0xe1, 0xc4, 0x9b, 0xff, 0xe1, 0xc4, 0x9c, 0xff, 0xe1, 0xc5, 0x9c, 0xff, 
0xe1, 0xc5, 0x9b, 0xff, 0xe2, 0xc6, 0x9d, 0xff, 0xe2, 0xc5, 0x9d, 0xff, 0xe1, 0xc5, 0x9d, 0xff, 
0xe2, 0xc6, 0x9d, 0xff, 0xe2, 0xc6, 0x9d, 0xff, 0xe2, 0xc6, 0x9d, 0xff, 0xe2, 0xc6, 0x9e, 0xff, 
0xe3, 0xc7, 0x9f, 0xff, 0xe3, 0xc7, 0x9e, 0xff, 0xe3, 0xc8, 0xa0, 0xff, 0xe3, 0xc7, 0xa0, 0xff, 
0xe3, 0xc8, 0xa0, 0xff, 0xe3, 0xc8, 0x9f, 0xff, 0xe2, 0xc6, 0x9e, 0xff, 0xe3, 0xc6, 0x9d, 0xff, 
0xe2, 0xc5, 0x9d, 0xff, 0xe1, 0xc5, 0x9d, 0xff, 0xe1, 0xc5, 0x9d, 0xff, 0xe0, 0xc4, 0x9c, 0xff, 
0xe1, 0xc5, 0x9c, 0xff, 0xe1, 0xc5, 0x9c, 0xff, 0xe1, 0xc4, 0x9d, 0xff, 0xe1, 0xc4, 0x9c, 0xff, 
0xe1, 0xc5, 0x9c, 0xff, 0xe0, 0xc4, 0x9b, 0xff, 0xe0, 0xc3, 0x9b, 0xff, 0xe0, 0xc4, 0x9a, 0xff, 
0xe0, 0xc4, 0x9b, 0xff, 0xe2, 0xc6, 0x9d, 0xff, 0xe2, 0xc6, 0x9e, 0xff, 0xe2, 0xc5, 0x9d, 0xff, 
0xe2, 0xc7, 0x9d, 0xff, 0xe2, 0xc6, 0x9c, 0xff, 0xe3, 0xc5, 0x9d, 0xff, 0xe2, 0xc6, 0x9d, 0xff, 
0xe3, 0xc7, 0x9f, 0xff, 0xe3, 0xc7, 0x9e, 0xff, 0xe4, 0xc8, 0x9f, 0xff, 0xe4, 0xc8, 0x9f, 0xff, 
0xe4, 0xc7, 0x9e, 0xff, 0xe3, 0xc6, 0x9f, 0xff, 0xe3, 0xc6, 0x9f, 0xff, 0xe3, 0xc7, 0x9f, 0xff, 
0xe3, 0xc7, 0x9e, 0xff, 0xe3, 0xc7, 0x9e, 0xff, 0xe3, 0xc6, 0x9e, 0xff, 0xe3, 0xc7, 0x9f, 0xff, 
0xe3, 0xc8, 0xa0, 0xff, 0xe2, 0xc7, 0xa0, 0xff, 0xe2, 0xc7, 0x9f, 0xff, 0xe2, 0xc6, 0x9d, 0xff, 
0xe1, 0xc4, 0x9c, 0xff, 0xe1, 0xc4, 0x9d, 0xff, 0xe2, 0xc5, 0x9e, 0xff, 0xe1, 0xc4, 0x9d, 0xff, 
0xe1, 0xc5, 0x9d, 0xff, 0xe1, 0xc5, 0x9c, 0xff, 0xe0, 0xc3, 0x9c, 0xff, 0xe0, 0xc4, 0x9b, 0xff, 
0xe0, 0xc3, 0x9a, 0xff, 0xe0, 0xc4, 0x9b, 0xff, 0xe1, 0xc4, 0x9b, 0xff, 0xe1, 0xc4, 0x9b, 0xff, 
0xe0, 0xc4, 0x9b, 0xff, 0xe0, 0xc4, 0x9b, 0xff, 0xe0, 0xc4, 0x9c, 0xff, 0xe0, 0xc4, 0x9c, 0xff, 
0xe0, 0xc3, 0x9a, 0xff, 0xdf, 0xc3, 0x9a, 0xff, 0xe0, 0xc3, 0x9a, 0xff, 0xe0, 0xc4, 0x9c, 0xff, 
0xe0, 0xc3, 0x9a, 0xff, 0xdf, 0xc3, 0x9a, 0xff, 0xe0, 0xc4, 0x9b, 0xff, 0xe1, 0xc5, 0x9c, 0xff, 
0xe0, 0xc4, 0x9c, 0xff, 0xe1, 0xc4, 0x9c, 0xff, 0xe0, 0xc3, 0x9a, 0xff, 0xe0, 0xc3, 0x9a, 0xff, 
0xe0, 0xc3, 0x9a, 0xff, 0xe0, 0xc4, 0x9b, 0xff, 0xe0, 0xc4, 0x9b, 0xff, 0xe0, 0xc4, 0x9b, 0xff, 
0xe0, 0xc4, 0x9c, 0xff, 0xe0, 0xc3, 0x9a, 0xff, 0xe0, 0xc3, 0x9a, 0xff, 0xe0, 0xc3, 0x9b, 0xff, 
0xe0, 0xc3, 0x9b, 0xff, 0xe0, 0xc4, 0x9b, 0xff, 0xe0, 0xc3, 0x9a, 0xff, 0xe0, 0xc3, 0x9b, 0xff, 
0xe1, 0xc4, 0x9c, 0xff, 0xe2, 0xc6, 0x9e, 0xff, 0xe1, 0xc5, 0x9d, 0xff, 0xe2, 0xc6, 0x9d, 0xff, 
0xe2, 0xc7, 0x9d, 0xff, 0xe2, 0xc6, 0x9d, 0xff, 0xe2, 0xc5, 0x9d, 0xff, 0xe2, 0xc6, 0x9d, 0xff, 
0xe3, 0xc7, 0x9f, 0xff, 0xe4, 0xc7, 0x9f, 0xff, 0xe4, 0xc7, 0x9f, 0xff, 0xe4, 0xc8, 0xa0, 0xff, 
0xe3, 0xc7, 0x9f, 0xff, 0xe3, 0xc7, 0x9e, 0xff, 0xe4, 0xc8, 0x9f, 0xff, 0xe4, 0xc8, 0x9f, 0xff, 
0xe4, 0xc7, 0x9f, 0xff, 0xe3, 0xc7, 0x9f, 0xff, 0xe3, 0xc8, 0x9f, 0xff, 0xe4, 0xc9, 0xa1, 0xff, 
0xe5, 0xc9, 0xa1, 0xff, 0xe4, 0xc9, 0xa2, 0xff, 0xe4, 0xca, 0xa1, 0xff, 0xe3, 0xca, 0xa0, 0xff, 
0xe4, 0xc9, 0xa1, 0xff, 0xe5, 0xc9, 0xa0, 0xff, 0xe4, 0xc8, 0xa0, 0xff, 0xe3, 0xc8, 0xa1, 0xff, 
0xe4, 0xc9, 0xa1, 0xff, 0xe4, 0xc9, 0xa2, 0xff, 0xe4, 0xc9, 0xa3, 0xff, 0xe4, 0xc9, 0xa2, 0xff, 
0xe3, 0xc8, 0xa2, 0xff, 0xe3, 0xc8, 0xa0, 0xff, 0xe2, 0xc6, 0x9f, 0xff, 0xe2, 0xc6, 0x9e, 0xff, 
0xe2, 0xc7, 0x9f, 0xff, 0xe2, 0xc6, 0x9e, 0xff, 0xe2, 0xc6, 0x9e, 0xff, 0xe1, 0xc6, 0x9e, 0xff, 
0xe0, 0xc5, 0x9e, 0xff, 0xe1, 0xc4, 0x9d, 0xff, 0xe0, 0xc4, 0x9d, 0xff, 0xe1, 0xc5, 0x9c, 0xff, 
0xe1, 0xc4, 0x9c, 0xff, 0xe1, 0xc4, 0x9c, 0xff, 0xe2, 0xc5, 0x9d, 0xff, 0xe1, 0xc5, 0x9c, 0xff, 
0xe1, 0xc5, 0x9c, 0xff, 0xe2, 0xc5, 0x9c, 0xff, 0xe1, 0xc4, 0x9b, 0xff, 0xe0, 0xc4, 0x9b, 0xff, 
0xe1, 0xc4, 0x9c, 0xff, 0xe1, 0xc5, 0x9c, 0xff, 0xe1, 0xc5, 0x9c, 0xff, 0xe1, 0xc5, 0x9c, 0xff, 
0xe1, 0xc5, 0x9c, 0xff, 0xe2, 0xc5, 0x9c, 0xff, 0xe1, 0xc5, 0x9d, 0xff, 0xe2, 0xc5, 0x9c, 0xff, 
0xe2, 0xc5, 0x9d, 0xff, 0xe2, 0xc5, 0x9d, 0xff, 0xe1, 0xc5, 0x9d, 0xff, 0xe2, 0xc5, 0x9d, 0xff, 
0xe2, 0xc6, 0x9e, 0xff, 0xe4, 0xc8, 0xa0, 0xff, 0xe2, 0xc7, 0x9f, 0xff, 0xe3, 0xc7, 0x9f, 0xff, 
0xe3, 0xc8, 0x9f, 0xff, 0xe4, 0xc8, 0x9f, 0xff, 0xe3, 0xc7, 0x9f, 0xff, 0xe4, 0xc7, 0x9e, 0xff, 
0xe4, 0xc7, 0x9f, 0xff, 0xe3, 0xc7, 0x9e, 0xff, 0xe4, 0xc7, 0x9e, 0xff, 0xe4, 0xc7, 0x9f, 0xff, 
0xe3, 0xc7, 0x9e, 0xff, 0xe3, 0xc7, 0x9d, 0xff, 0xe2, 0xc6, 0x9d, 0xff, 0xe2, 0xc5, 0x9c, 0xff, 
0xe2, 0xc5, 0x9c, 0xff, 0xe2, 0xc5, 0x9c, 0xff, 0xe1, 0xc4, 0x9b, 0xff, 0xe1, 0xc4, 0x9b, 0xff, 
0xe2, 0xc6, 0x9d, 0xff, 0xe2, 0xc5, 0x9e, 0xff, 0xe1, 0xc4, 0x9c, 0xff, 0xe2, 0xc5, 0x9d, 0xff, 
0xe1, 0xc5, 0x9c, 0xff, 0xe1, 0xc4, 0x9b, 0xff, 0xe1, 0xc4, 0x9b, 0xff, 0xe1, 0xc5, 0x9c, 0xff, 
0xe2, 0xc5, 0x9c, 0xff, 0xe2, 0xc5, 0x9d, 0xff, 0xe2, 0xc6, 0x9d, 0xff, 0xe2, 0xc5, 0x9c, 0xff, 
0xe2, 0xc5, 0x9a, 0xff, 0xe1, 0xc5, 0x99, 0xff, 0xe2, 0xc6, 0x9a, 0xff, 0xe3, 0xc7, 0x9b, 0xff, 
0xe3, 0xc7, 0x9c, 0xff, 0xe3, 0xc7, 0x9c, 0xff, 0xe4, 0xc8, 0x9d, 0xff, 0xe5, 0xc9, 0x9e, 0xff, 
0xe4, 0xc8, 0x9c, 0xff, 0xe3, 0xc7, 0x9b, 0xff, 0xe3, 0xc7, 0x9b, 0xff, 0xe2, 0xc6, 0x9a, 0xff, 
0xe3, 0xc6, 0x9a, 0xff, 0xe3, 0xc6, 0x9a, 0xff, 0xe2, 0xc5, 0x9a, 0xff, 0xe2, 0xc6, 0x9b, 0xff, 
0xe2, 0xc6, 0x9b, 0xff, 0xe3, 0xc6, 0x9a, 0xff, 0xe3, 0xc6, 0x9b, 0xff, 0xe3, 0xc7, 0x9b, 0xff, 
0xe3, 0xc6, 0x9a, 0xff, 0xe3, 0xc6, 0x9a, 0xff, 0xe3, 0xc6, 0x9a, 0xff, 0xe3, 0xc6, 0x9b, 0xff, 
0xe3, 0xc6, 0x9a, 0xff, 0xe3, 0xc6, 0x9b, 0xff, 0xe3, 0xc6, 0x9b, 0xff, 0xe3, 0xc6, 0x9b, 0xff, 
0xe3, 0xc7, 0x9b, 0xff, 0xe3, 0xc6, 0x9c, 0xff, 0xe4, 0xc8, 0x9d, 0xff, 0xe4, 0xc8, 0x9e, 0xff, 
0xe4, 0xc8, 0x9d, 0xff, 0xe4, 0xc8, 0x9d, 0xff, 0xe4, 0xc8, 0x9d, 0xff, 0xe4, 0xc8, 0x9c, 0xff, 
0xe5, 0xc9, 0x9d, 0xff, 0xe5, 0xca, 0x9f, 0xff, 0xe5, 0xc9, 0x9e, 0xff, 0xe4, 0xc8, 0x9c, 0xff, 
0xe4, 0xc8, 0x9c, 0xff, 0xe4, 0xc8, 0x9c, 0xff, 0xe4, 0xc8, 0x9c, 0xff, 0xe4, 0xc8, 0x9c, 0xff, 
0xe4, 0xc8, 0x9c, 0xff, 0xe5, 0xc9, 0x9d, 0xff, 0xe5, 0xc8, 0x9d, 0xff, 0xe3, 0xc7, 0x9b, 0xff, 
0xe3, 0xc7, 0x9c, 0xff, 0xe4, 0xc8, 0x9d, 0xff, 0xe3, 0xc7, 0x9c, 0xff, 0xe3, 0xc7, 0x9c, 0xff, 
0xe3, 0xc8, 0x9c, 0xff, 0xe2, 0xc7, 0x9b, 0xff, 0xe3, 0xc7, 0x9b, 0xff, 0xe3, 0xc8, 0x9c, 0xff, 
0xe3, 0xc7, 0x9b, 0xff, 0xe2, 0xc6, 0x9b, 0xff, 0xe1, 0xc5, 0x99, 0xff, 0xe2, 0xc6, 0x9a, 0xff, 
0xe2, 0xc5, 0x99, 0xff, 0xe2, 0xc6, 0x9a, 0xff, 0xe3, 0xc7, 0x9a, 0xff, 0xe2, 0xc7, 0x9b, 0xff, 
0xe2, 0xc6, 0x9a, 0xff, 0xe2, 0xc6, 0x9a, 0xff, 0xe2, 0xc6, 0x9a, 0xff, 0xe2, 0xc5, 0x9a, 0xff, 
0xe1, 0xc5, 0x99, 0xff, 0xe2, 0xc6, 0x99, 0xff, 0xe2, 0xc5, 0x99, 0xff, 0xe2, 0xc5, 0x99, 0xff, 
0xe2, 0xc6, 0x9a, 0xff, 0xe2, 0xc5, 0x99, 0xff, 0xe3, 0xc6, 0x9b, 0xff, 0xe3, 0xc7, 0x9c, 0xff, 
0xe3, 0xc8, 0x9d, 0xff, 0xe5, 0xc9, 0x9e, 0xff, 0xe4, 0xc9, 0x9d, 0xff, 0xe3, 0xc7, 0x9b, 0xff, 
0xe3, 0xc7, 0x9a, 0xff, 0xe3, 0xc7, 0x9a, 0xff, 0xe3, 0xc7, 0x9b, 0xff, 0xe3, 0xc7, 0x9b, 0xff, 
0xe2, 0xc6, 0x9a, 0xff, 0xe2, 0xc6, 0x9a, 0xff, 0xe2, 0xc7, 0x9b, 0xff, 0xe2, 0xc6, 0x9a, 0xff, 
0xe2, 0xc5, 0x9a, 0xff, 0xe2, 0xc6, 0x9a, 0xff, 0xe2, 0xc5, 0x9a, 0xff, 0xe2, 0xc5, 0x9a, 0xff, 
0xe3, 0xc7, 0x9b, 0xff, 0xe3, 0xc7, 0x9b, 0xff, 0xe2, 0xc6, 0x9a, 0xff, 0xe2, 0xc6, 0x9a, 0xff, 
0xe2, 0xc6, 0x99, 0xff, 0xe2, 0xc6, 0x9a, 0xff, 0xe3, 0xc7, 0x9b, 0xff, 0xe3, 0xc7, 0x9b, 0xff, 
0xe3, 0xc8, 0x9d, 0xff, 0xe4, 0xc9, 0x9d, 0xff, 0xe4, 0xc8, 0x9c, 0xff, 0xe3, 0xc7, 0x9b, 0xff, 
0xe4, 0xc7, 0x9b, 0xff, 0xe3, 0xc7, 0x9c, 0xff, 0xe3, 0xc8, 0x9c, 0xff, 0xe4, 0xc8, 0x9c, 0xff, 
0xe5, 0xc8, 0x9c, 0xff, 0xe4, 0xc7, 0x9c, 0xff, 0xe4, 0xc7, 0x9b, 0xff, 0xe3, 0xc8, 0x9b, 0xff, 
0xe4, 0xc8, 0x9c, 0xff, 0xe4, 0xc8, 0x9d, 0xff, 0xe5, 0xc8, 0x9e, 0xff, 0xe4, 0xca, 0x9f, 0xff, 
0xe4, 0xca, 0x9f, 0xff, 0xe4, 0xc8, 0x9d, 0xff, 0xe3, 0xc8, 0x9c, 0xff, 0xe3, 0xc7, 0x9b, 0xff, 
0xe3, 0xc7, 0x9b, 0xff, 0xe3, 0xc7, 0x9b, 0xff, 0xe3, 0xc6, 0x9b, 0xff, 0xe2, 0xc6, 0x9a, 0xff, 
0xe2, 0xc6, 0x9b, 0xff, 0xe3, 0xc7, 0x9b, 0xff, 0xe2, 0xc6, 0x9a, 0xff, 0xe2, 0xc6, 0x9a, 0xff, 
0xe2, 0xc5, 0x9a, 0xff, 0xe3, 0xc6, 0x9a, 0xff, 0xe2, 0xc5, 0x9a, 0xff, 0xe3, 0xc7, 0x9b, 0xff, 
0xe3, 0xc7, 0x9b, 0xff, 0xe2, 0xc5, 0x9a, 0xff, 0xe3, 0xc6, 0x9a, 0xff, 0xe2, 0xc6, 0x9b, 0xff, 
0xe2, 0xc6, 0x9a, 0xff, 0xe2, 0xc5, 0x9a, 0xff, 0xe2, 0xc6, 0x9b, 0xff, 0xe3, 0xc7, 0x9b, 0xff, 
0xe3, 0xc7, 0x9c, 0xff, 0xe2, 0xc7, 0x9c, 0xff, 0xe3, 0xc7, 0x9b, 0xff, 0xe3, 0xc6, 0x9b, 0xff, 
0xe3, 0xc6, 0x9a, 0xff, 0xe3, 0xc7, 0x9b, 0xff, 0xe4, 0xc7, 0x9d, 0xff, 0xe3, 0xc7, 0x9c, 0xff, 
0xe2, 0xc5, 0x9a, 0xff, 0xe2, 0xc5, 0x9a, 0xff, 0xe2, 0xc5, 0x9a, 0xff, 0xe2, 0xc5, 0x9a, 0xff, 
0xe2, 0xc5, 0x9a, 0xff, 0xe1, 0xc5, 0x9a, 0xff, 0xe2, 0xc6, 0x9a, 0xff, 0xe2, 0xc6, 0x9a, 0xff, 
0xe2, 0xc5, 0x9a, 0xff, 0xe2, 0xc6, 0x9b, 0xff, 0xe2, 0xc6, 0x9c, 0xff, 0xe2, 0xc6, 0x9c, 0xff, 
0xe2, 0xc6, 0x9b, 0xff, 0xe4, 0xc7, 0x9b, 0xff, 0xe3, 0xc6, 0x9b, 0xff, 0xe3, 0xc7, 0x9c, 0xff, 
0xe4, 0xc8, 0x9d, 0xff, 0xe4, 0xc8, 0x9d, 0xff, 0xe3, 0xc7, 0x9c, 0xff, 0xe3, 0xc6, 0x9b, 0xff, 
0xe4, 0xc7, 0x9c, 0xff, 0xe3, 0xc7, 0x9b, 0xff, 0xe4, 0xc8, 0x9c, 0xff, 0xe4, 0xc8, 0x9c, 0xff, 
0xe4, 0xc8, 0x9c, 0xff, 0xe4, 0xc8, 0x9c, 0xff, 0xe4, 0xc8, 0x9b, 0xff, 0xe4, 0xc9, 0x9c, 0xff, 
0xe4, 0xc9, 0x9e, 0xff, 0xe4, 0xc9, 0x9e, 0xff, 0xe4, 0xca, 0x9f, 0xff, 0xe5, 0xca, 0x9f, 0xff, 
0xe5, 0xca, 0x9f, 0xff, 0xe4, 0xca, 0x9e, 0xff, 0xe4, 0xca, 0x9c, 0xff, 0xe5, 0xca, 0x9d, 0xff, 
0xe5, 0xc9, 0x9f, 0xff, 0xe5, 0xca, 0x9e, 0xff, 0xe5, 0xca, 0x9e, 0xff, 0xe5, 0xca, 0xa0, 0xff, 
0xe5, 0xca, 0xa1, 0xff, 0xe5, 0xcb, 0xa2, 0xff, 0xe6, 0xcd, 0xa3, 0xff, 0xe5, 0xcb, 0xa1, 0xff, 
0xe5, 0xca, 0xa0, 0xff, 0xe4, 0xca, 0xa0, 0xff, 0xe4, 0xc9, 0x9e, 0xff, 0xe4, 0xc9, 0x9e, 0xff, 
0xe3, 0xc9, 0x9e, 0xff, 0xe3, 0xc8, 0x9d, 0xff, 0xe3, 0xc8, 0x9e, 0xff, 0xe4, 0xc8, 0x9e, 0xff, 
0xe4, 0xc9, 0x9e, 0xff, 0xe3, 0xc8, 0x9e, 0xff, 0xe3, 0xc7, 0x9d, 0xff, 0xe3, 0xc7, 0x9d, 0xff, 
0xe2, 0xc7, 0x9d, 0xff, 0xe3, 0xc8, 0x9d, 0xff, 0xe3, 0xc8, 0x9d, 0xff, 0xe2, 0xc7, 0x9c, 0xff, 
0xe3, 0xc7, 0x9c, 0xff, 0xe3, 0xc8, 0x9d, 0xff, 0xe3, 0xc8, 0x9c, 0xff, 0xe4, 0xc7, 0x9c, 0xff, 
0xe2, 0xc5, 0x9a, 0xff, 0xe1, 0xc5, 0x9a, 0xff, 0xe1, 0xc6, 0x99, 0xff, 0xe2, 0xc6, 0x9a, 0xff, 
0xe1, 0xc6, 0x99, 0xff, 0xe2, 0xc6, 0x9a, 0xff, 0xe2, 0xc5, 0x9a, 0xff, 0xe2, 0xc5, 0x9a, 0xff, 
0xe2, 0xc6, 0x9a, 0xff, 0xe2, 0xc6, 0x9b, 0xff, 0xe2, 0xc6, 0x9c, 0xff, 0xe3, 0xc7, 0x9d, 0xff, 
0xe4, 0xc8, 0x9d, 0xff, 0xe4, 0xc7, 0x9d, 0xff, 0xe4, 0xc8, 0x9b, 0xff, 0xe3, 0xc7, 0x9a, 0xff, 
0xe4, 0xc7, 0x9b, 0xff, 0xe4, 0xc7, 0x9c, 0xff, 0xe4, 0xc8, 0x9c, 0xff, 0xe5, 0xc8, 0x9d, 0xff, 
0xe5, 0xc8, 0x9d, 0xff, 0xe6, 0xca, 0x9e, 0xff, 0xe6, 0xca, 0x9e, 0xff, 0xe5, 0xc9, 0x9d, 0xff, 
0xe5, 0xc8, 0x9d, 0xff, 0xe5, 0xc8, 0x9d, 0xff, 0xe4, 0xc8, 0x9c, 0xff, 0xe3, 0xc7, 0x9b, 0xff, 
0xe3, 0xc7, 0x9b, 0xff, 0xe3, 0xc8, 0x9c, 0xff, 0xe4, 0xc8, 0x9d, 0xff, 0xe3, 0xc7, 0x9c, 0xff, 
0xe4, 0xc7, 0x9c, 0xff, 0xe3, 0xc7, 0x9c, 0xff, 0xe2, 0xc7, 0x9b, 0xff, 0xe4, 0xc8, 0x9c, 0xff, 
0xe4, 0xc8, 0x9c, 0xff, 0xe3, 0xc7, 0x9b, 0xff, 0xe2, 0xc6, 0x9a, 0xff, 0xe2, 0xc5, 0x9a, 0xff, 
0xe2, 0xc6, 0x9a, 0xff, 0xe2, 0xc6, 0x9a, 0xff, 0xe2, 0xc6, 0x9a, 0xff, 0xe2, 0xc6, 0x9a, 0xff, 
0xeb, 0xce, 0xa4, 0xff, 0xea, 0xcd, 0xa3, 0xff, 0xea, 0xcf, 0xa3, 0xff, 0xeb, 0xd0, 0xa5, 0xff, 
0xec, 0xcf, 0xa6, 0xff, 0xec, 0xd0, 0xa6, 0xff, 0xeb, 0xcf, 0xa5, 0xff, 0xeb, 0xcf, 0xa4, 0xff, 
0xeb, 0xce, 0xa4, 0xff, 0xeb, 0xce, 0xa4, 0xff, 0xea, 0xcd, 0xa3, 0xff, 0xe9, 0xcd, 0xa1, 0xff, 
0xe9, 0xcd, 0xa0, 0xff, 0xe9, 0xcd, 0xa0, 0xff, 0xe8, 0xcc, 0x9f, 0xff, 0xe9, 0xcc, 0xa0, 0xff, 
0xe8, 0xcc, 0x9f, 0xff, 0xe8, 0xcb, 0x9f, 0xff, 0xe8, 0xcc, 0x9f, 0xff, 0xe8, 0xcb, 0xa0, 0xff, 
0xe8, 0xcb, 0xa0, 0xff, 0xe8, 0xcc, 0xa0, 0xff, 0xe8, 0xcc, 0x9f, 0xff, 0xe9, 0xcd, 0x9f, 0xff, 
0xe8, 0xcc, 0x9f, 0xff, 0xe8, 0xcc, 0xa0, 0xff, 0xe9, 0xcc, 0xa1, 0xff, 0xea, 0xcd, 0xa2, 0xff, 
0xeb, 0xce, 0xa4, 0xff, 0xeb, 0xce, 0xa5, 0xff, 0xec, 0xd0, 0xa6, 0xff, 0xed, 0xd1, 0xa6, 0xff, 
0xec, 0xd0, 0xa6, 0xff, 0xeb, 0xce, 0xa5, 0xff, 0xeb, 0xce, 0xa3, 0xff, 0xec, 0xcf, 0xa5, 0xff, 
0xec, 0xd0, 0xa7, 0xff, 0xee, 0xd1, 0xa8, 0xff, 0xee, 0xd2, 0xa8, 0xff, 0xec, 0xd0, 0xa6, 0xff, 
0xec, 0xd0, 0xa5, 0xff, 0xed, 0xd0, 0xa6, 0xff, 0xeb, 0xd0, 0xa5, 0xff, 0xec, 0xd0, 0xa5, 0xff, 
0xec, 0xd0, 0xa5, 0xff, 0xec, 0xd0, 0xa5, 0xff, 0xec, 0xcf, 0xa6, 0xff, 0xec, 0xcf, 0xa6, 0xff, 
0xec, 0xd0, 0xa6, 0xff, 0xed, 0xd0, 0xa8, 0xff, 0xec, 0xd1, 0xa7, 0xff, 0xec, 0xd0, 0xa6, 0xff, 
0xeb, 0xce, 0xa4, 0xff, 0xeb, 0xce, 0xa4, 0xff, 0xea, 0xcf, 0xa6, 0xff, 0xec, 0xcf, 0xa6, 0xff, 
0xec, 0xd0, 0xa7, 0xff, 0xeb, 0xcf, 0xa5, 0xff, 0xea, 0xce, 0xa3, 0xff, 0xea, 0xce, 0xa3, 0xff, 
0xea, 0xce, 0xa3, 0xff, 0xea, 0xce, 0xa4, 0xff, 0xea, 0xce, 0xa5, 0xff, 0xeb, 0xd0, 0xa6, 0xff, 
0xea, 0xcf, 0xa4, 0xff, 0xea, 0xce, 0xa3, 0xff, 0xea, 0xce, 0xa4, 0xff, 0xea, 0xce, 0xa4, 0xff, 
0xea, 0xcf, 0xa4, 0xff, 0xeb, 0xcf, 0xa2, 0xff, 0xea, 0xce, 0xa2, 0xff, 0xeb, 0xce, 0xa2, 0xff, 
0xea, 0xce, 0xa1, 0xff, 0xeb, 0xd0, 0xa3, 0xff, 0xec, 0xd0, 0xa5, 0xff, 0xec, 0xd0, 0xa6, 0xff, 
0xeb, 0xcf, 0xa5, 0xff, 0xeb, 0xcf, 0xa5, 0xff, 0xeb, 0xce, 0xa4, 0xff, 0xea, 0xcd, 0xa3, 0xff, 
0xea, 0xcd, 0xa3, 0xff, 0xea, 0xcd, 0xa3, 0xff, 0xe9, 0xcd, 0xa3, 0xff, 0xea, 0xcd, 0xa3, 0xff, 
0xea, 0xcd, 0xa3, 0xff, 0xe9, 0xcd, 0xa3, 0xff, 0xea, 0xce, 0xa3, 0xff, 0xe9, 0xce, 0xa3, 0xff, 
0xea, 0xcd, 0xa3, 0xff, 0xe9, 0xcc, 0xa3, 0xff, 0xe9, 0xcc, 0xa2, 0xff, 0xe9, 0xcd, 0xa3, 0xff, 
0xea, 0xce, 0xa5, 0xff, 0xeb, 0xcf, 0xa6, 0xff, 0xeb, 0xcf, 0xa5, 0xff, 0xeb, 0xce, 0xa5, 0xff, 
0xeb, 0xce, 0xa4, 0xff, 0xea, 0xce, 0xa3, 0xff, 0xeb, 0xcf, 0xa4, 0xff, 0xeb, 0xcf, 0xa5, 0xff, 
0xec, 0xd0, 0xa7, 0xff, 0xee, 0xd2, 0xa8, 0xff, 0xed, 0xd1, 0xa7, 0xff, 0xec, 0xcf, 0xa6, 0xff, 
0xec, 0xd0, 0xa6, 0xff, 0xeb, 0xd0, 0xa5, 0xff, 0xec, 0xd1, 0xa5, 0xff, 0xed, 0xd2, 0xa6, 0xff, 
0xed, 0xd0, 0xa7, 0xff, 0xed, 0xd0, 0xa6, 0xff, 0xed, 0xd0, 0xa6, 0xff, 0xec, 0xd0, 0xa6, 0xff, 
0xed, 0xd1, 0xa8, 0xff, 0xed, 0xd1, 0xa9, 0xff, 0xed, 0xd1, 0xa7, 0xff, 0xec, 0xd1, 0xa7, 0xff, 
0xec, 0xcf, 0xa5, 0xff, 0xec, 0xcf, 0xa5, 0xff, 0xeb, 0xcf, 0xa4, 0xff, 0xeb, 0xcf, 0xa4, 0xff, 
0xeb, 0xcf, 0xa4, 0xff, 0xeb, 0xce, 0xa3, 0xff, 0xe8, 0xcd, 0xa2, 0xff, 0xe9, 0xcd, 0xa2, 0xff, 
0xea, 0xce, 0xa4, 0xff, 0xea, 0xce, 0xa4, 0xff, 0xe9, 0xce, 0xa3, 0xff, 0xe9, 0xcc, 0xa2, 0xff, 
0xe9, 0xcc, 0xa2, 0xff, 0xea, 0xcd, 0xa2, 0xff, 0xe9, 0xcd, 0xa1, 0xff, 0xe9, 0xcd, 0xa1, 0xff, 
0xe9, 0xcd, 0xa2, 0xff, 0xe8, 0xcb, 0xa2, 0xff, 0xe9, 0xcc, 0xa1, 0xff, 0xe9, 0xcc, 0xa2, 0xff, 
0xea, 0xcd, 0xa3, 0xff, 0xeb, 0xcf, 0xa4, 0xff, 0xeb, 0xcf, 0xa4, 0xff, 0xeb, 0xcf, 0xa5, 0xff, 
0xec, 0xd0, 0xa5, 0xff, 0xeb, 0xd0, 0xa5, 0xff, 0xe9, 0xce, 0xa2, 0xff, 0xe8, 0xcd, 0xa2, 0xff, 
0xea, 0xce, 0xa4, 0xff, 0xe9, 0xcf, 0xa5, 0xff, 0xeb, 0xd0, 0xa7, 0xff, 0xec, 0xcf, 0xa5, 0xff, 
0xea, 0xcd, 0xa3, 0xff, 0xea, 0xce, 0xa3, 0xff, 0xea, 0xce, 0xa3, 0xff, 0xea, 0xce, 0xa3, 0xff, 
0xea, 0xce, 0xa4, 0xff, 0xe9, 0xce, 0xa4, 0xff, 0xea, 0xce, 0xa4, 0xff, 0xea, 0xce, 0xa3, 0xff, 
0xeb, 0xce, 0xa5, 0xff, 0xeb, 0xcf, 0xa6, 0xff, 0xec, 0xd0, 0xa6, 0xff, 0xec, 0xd0, 0xa6, 0xff, 
0xea, 0xcf, 0xa4, 0xff, 0xea, 0xce, 0xa2, 0xff, 0xeb, 0xcf, 0xa4, 0xff, 0xec, 0xcf, 0xa6, 0xff, 
0xed, 0xd1, 0xa8, 0xff, 0xed, 0xd2, 0xa8, 0xff, 0xec, 0xd1, 0xa6, 0xff, 0xec, 0xd0, 0xa5, 0xff, 
0xec, 0xd0, 0xa6, 0xff, 0xec, 0xd0, 0xa5, 0xff, 0xec, 0xd2, 0xa6, 0xff, 0xed, 0xd1, 0xa6, 0xff, 
0xec, 0xd0, 0xa6, 0xff, 0xec, 0xd0, 0xa6, 0xff, 0xec, 0xd0, 0xa6, 0xff, 0xee, 0xd1, 0xa7, 0xff, 
0xed, 0xd2, 0xa8, 0xff, 0xec, 0xd1, 0xa8, 0xff, 0xed, 0xd1, 0xa7, 0xff, 0xec, 0xd1, 0xa7, 0xff, 
0xec, 0xd1, 0xa7, 0xff, 0xed, 0xd2, 0xa6, 0xff, 0xed, 0xd1, 0xa6, 0xff, 0xed, 0xd1, 0xa6, 0xff, 
0xec, 0xd1, 0xa7, 0xff, 0xec, 0xd1, 0xa7, 0xff, 0xed, 0xd1, 0xa8, 0xff, 0xee, 0xd2, 0xa9, 0xff, 
0xee, 0xd2, 0xaa, 0xff, 0xee, 0xd2, 0xa9, 0xff, 0xee, 0xd1, 0xa7, 0xff, 0xed, 0xd2, 0xa8, 0xff, 
0xed, 0xd1, 0xa8, 0xff, 0xed, 0xd1, 0xa7, 0xff, 0xec, 0xd0, 0xa7, 0xff, 0xec, 0xd0, 0xa6, 0xff, 
0xeb, 0xcf, 0xa5, 0xff, 0xeb, 0xcf, 0xa5, 0xff, 0xeb, 0xcf, 0xa6, 0xff, 0xec, 0xd0, 0xa6, 0xff, 
0xeb, 0xcf, 0xa5, 0xff, 0xea, 0xcf, 0xa5, 0xff, 0xea, 0xcf, 0xa4, 0xff, 0xea, 0xcf, 0xa5, 0xff, 
0xea, 0xcf, 0xa5, 0xff, 0xea, 0xcf, 0xa4, 0xff, 0xe9, 0xce, 0xa3, 0xff, 0xea, 0xcf, 0xa3, 0xff, 
0xeb, 0xce, 0xa5, 0xff, 0xeb, 0xcf, 0xa6, 0xff, 0xec, 0xd0, 0xa6, 0xff, 0xeb, 0xd0, 0xa6, 0xff, 
0xea, 0xcf, 0xa4, 0xff, 0xeb, 0xce, 0xa4, 0xff, 0xea, 0xce, 0xa4, 0xff, 0xea, 0xcf, 0xa4, 0xff, 
0xeb, 0xcf, 0xa3, 0xff, 0xea, 0xce, 0xa3, 0xff, 0xea, 0xce, 0xa2, 0xff, 0xea, 0xcd, 0xa1, 0xff, 
0xea, 0xce, 0xa2, 0xff, 0xeb, 0xcf, 0xa4, 0xff, 0xeb, 0xd0, 0xa4, 0xff, 0xeb, 0xcf, 0xa4, 0xff, 
0xea, 0xce, 0xa4, 0xff, 0xea, 0xcd, 0xa3, 0xff, 0xea, 0xce, 0xa3, 0xff, 0xea, 0xce, 0xa3, 0xff, 
0xea, 0xce, 0xa3, 0xff, 0xea, 0xcd, 0xa2, 0xff, 0xea, 0xce, 0xa1, 0xff, 0xea, 0xce, 0xa3, 0xff, 
0xea, 0xce, 0xa3, 0xff, 0xeb, 0xcf, 0xa4, 0xff, 0xea, 0xcf, 0xa3, 0xff, 0xea, 0xcd, 0xa3, 0xff, 
0xea, 0xcd, 0xa3, 0xff, 0xeb, 0xce, 0xa4, 0xff, 0xeb, 0xce, 0xa5, 0xff, 0xeb, 0xce, 0xa5, 0xff, 
0xeb, 0xcf, 0xa5, 0xff, 0xec, 0xd0, 0xa6, 0xff, 0xec, 0xd0, 0xa6, 0xff, 0xec, 0xd0, 0xa5, 0xff, 
0xeb, 0xce, 0xa3, 0xff, 0xea, 0xcf, 0xa3, 0xff, 0xeb, 0xcf, 0xa5, 0xff, 0xec, 0xcf, 0xa7, 0xff, 
0xed, 0xd1, 0xa7, 0xff, 0xec, 0xd0, 0xa6, 0xff, 0xeb, 0xcf, 0xa4, 0xff, 0xeb, 0xcf, 0xa3, 0xff, 
0xeb, 0xcf, 0xa4, 0xff, 0xeb, 0xcf, 0xa4, 0xff, 0xeb, 0xcf, 0xa4, 0xff, 0xea, 0xce, 0xa4, 0xff, 
0xf3, 0xd7, 0xaf, 0xff, 0xf3, 0xd8, 0xaf, 0xff, 0xf3, 0xd9, 0xae, 0xff, 0xf3, 0xd8, 0xae, 0xff, 
0xf3, 0xd8, 0xad, 0xff, 0xf3, 0xd7, 0xaf, 0xff, 0xf2, 0xd7, 0xb0, 0xff, 0xf2, 0xd7, 0xaf, 0xff, 
0xf2, 0xd6, 0xaf, 0xff, 0xf2, 0xd6, 0xaf, 0xff, 0xf1, 0xd6, 0xae, 0xff, 0xf1, 0xd6, 0xac, 0xff, 
0xf0, 0xd6, 0xab, 0xff, 0xf0, 0xd5, 0xaa, 0xff, 0xf0, 0xd5, 0xaa, 0xff, 0xf0, 0xd5, 0xab, 0xff, 
0xf0, 0xd5, 0xaa, 0xff, 0xf0, 0xd5, 0xaa, 0xff, 0xf0, 0xd5, 0xaa, 0xff, 0xf0, 0xd5, 0xaa, 0xff, 
0xf0, 0xd6, 0xab, 0xff, 0xf0, 0xd6, 0xab, 0xff, 0xf1, 0xd6, 0xab, 0xff, 0xf1, 0xd5, 0xab, 0xff, 
0xf1, 0xd6, 0xab, 0xff, 0xf1, 0xd7, 0xac, 0xff, 0xf2, 0xd7, 0xad, 0xff, 0xf4, 0xd9, 0xaf, 0xff, 
0xf4, 0xd8, 0xae, 0xff, 0xf4, 0xd9, 0xb0, 0xff, 0xf5, 0xd9, 0xb1, 0xff, 0xf5, 0xd9, 0xb1, 0xff, 
0xf6, 0xda, 0xb4, 0xff, 0xf6, 0xd9, 0xb4, 0xff, 0xf6, 0xd9, 0xb2, 0xff, 0xf5, 0xd9, 0xb2, 0xff, 
0xf5, 0xd8, 0xb1, 0xff, 0xf5, 0xda, 0xb2, 0xff, 0xf5, 0xd9, 0xb3, 0xff, 0xf5, 0xd9, 0xb3, 0xff, 
0xf5, 0xd9, 0xb2, 0xff, 0xf5, 0xd9, 0xb2, 0xff, 0xf5, 0xd9, 0xb2, 0xff, 0xf6, 0xd9, 0xb3, 0xff, 
0xf5, 0xd9, 0xb2, 0xff, 0xf5, 0xd9, 0xb2, 0xff, 0xf5, 0xd9, 0xb2, 0xff, 0xf5, 0xda, 0xb2, 0xff, 
0xf5, 0xd9, 0xb2, 0xff, 0xf5, 0xd9, 0xb1, 0xff, 0xf6, 0xda, 0xb3, 0xff, 0xf6, 0xda, 0xb4, 0xff, 
0xf5, 0xd8, 0xb1, 0xff, 0xf4, 0xd8, 0xb1, 0xff, 0xf4, 0xd8, 0xb1, 0xff, 0xf5, 0xd9, 0xb2, 0xff, 
0xf4, 0xd9, 0xb2, 0xff, 0xf4, 0xd8, 0xb2, 0xff, 0xf4, 0xd8, 0xb1, 0xff, 0xf3, 0xd7, 0xb0, 0xff, 
0xf3, 0xd7, 0xb0, 0xff, 0xf3, 0xd7, 0xb0, 0xff, 0xf4, 0xd8, 0xb1, 0xff, 0xf3, 0xd8, 0xb0, 0xff, 
0xf2, 0xd7, 0xaf, 0xff, 0xf1, 0xd7, 0xb0, 0xff, 0xf3, 0xd7, 0xaf, 0xff, 0xf3, 0xd7, 0xaf, 0xff, 
0xf3, 0xd9, 0xaf, 0xff, 0xf4, 0xd9, 0xaf, 0xff, 0xf3, 0xd8, 0xaf, 0xff, 0xf3, 0xd8, 0xae, 0xff, 
0xf3, 0xd8, 0xae, 0xff, 0xf3, 0xd9, 0xae, 0xff, 0xf3, 0xd9, 0xae, 0xff, 0xf4, 0xd9, 0xae, 0xff, 
0xf3, 0xd7, 0xb0, 0xff, 0xf3, 0xd7, 0xb0, 0xff, 0xf3, 0xd7, 0xb0, 0xff, 0xf1, 0xd7, 0xae, 0xff, 
0xf2, 0xd7, 0xae, 0xff, 0xf1, 0xd7, 0xae, 0xff, 0xf1, 0xd7, 0xae, 0xff, 0xf2, 0xd7, 0xae, 0xff, 
0xf2, 0xd6, 0xae, 0xff, 0xf2, 0xd6, 0xaf, 0xff, 0xf1, 0xd6, 0xaf, 0xff, 0xf2, 0xd6, 0xaf, 0xff, 
0xf2, 0xd7, 0xb0, 0xff, 0xf2, 0xd7, 0xaf, 0xff, 0xf1, 0xd8, 0xb0, 0xff, 0xf2, 0xd7, 0xb0, 0xff, 
0xf4, 0xd7, 0xb1, 0xff, 0xf3, 0xd8, 0xb1, 0xff, 0xf2, 0xd8, 0xb1, 0xff, 0xf4, 0xd8, 0xb1, 0xff, 
0xf4, 0xd8, 0xb2, 0xff, 0xf4, 0xd9, 0xb2, 0xff, 0xf4, 0xd8, 0xb1, 0xff, 0xf4, 0xd9, 0xb1, 0xff, 
0xf4, 0xd9, 0xb2, 0xff, 0xf5, 0xd9, 0xb2, 0xff, 0xf5, 0xd9, 0xb2, 0xff, 0xf4, 0xd9, 0xb1, 0xff, 
0xf5, 0xd9, 0xb2, 0xff, 0xf4, 0xda, 0xb1, 0xff, 0xf5, 0xda, 0xb0, 0xff, 0xf5, 0xda, 0xb0, 0xff, 
0xf5, 0xda, 0xb1, 0xff, 0xf5, 0xda, 0xb0, 0xff, 0xf5, 0xda, 0xb1, 0xff, 0xf4, 0xda, 0xb0, 0xff, 
0xf4, 0xda, 0xb1, 0xff, 0xf5, 0xd9, 0xb1, 0xff, 0xf4, 0xd8, 0xb1, 0xff, 0xf3, 0xd8, 0xb1, 0xff, 
0xf4, 0xd8, 0xb1, 0xff, 0xf3, 0xd8, 0xb1, 0xff, 0xf3, 0xd8, 0xb1, 0xff, 0xf3, 0xd9, 0xb0, 0xff, 
0xf3, 0xd7, 0xb0, 0xff, 0xf2, 0xd7, 0xb0, 0xff, 0xf2, 0xd7, 0xaf, 0xff, 0xf3, 0xd7, 0xaf, 0xff, 
0xf2, 0xd6, 0xaf, 0xff, 0xf3, 0xd7, 0xaf, 0xff, 0xf2, 0xd6, 0xaf, 0xff, 0xf1, 0xd6, 0xae, 0xff, 
0xf1, 0xd6, 0xae, 0xff, 0xf2, 0xd7, 0xae, 0xff, 0xf3, 0xd8, 0xad, 0xff, 0xf2, 0xd7, 0xad, 0xff, 
0xf2, 0xd6, 0xaf, 0xff, 0xf2, 0xd6, 0xaf, 0xff, 0xf2, 0xd7, 0xaf, 0xff, 0xf3, 0xd8, 0xae, 0xff, 
0xf3, 0xd8, 0xaf, 0xff, 0xf4, 0xd9, 0xb0, 0xff, 0xf4, 0xd9, 0xb0, 0xff, 0xf4, 0xd9, 0xb0, 0xff, 
0xf4, 0xd9, 0xaf, 0xff, 0xf5, 0xd9, 0xb3, 0xff, 0xf4, 0xd9, 0xb2, 0xff, 0xf4, 0xd8, 0xb1, 0xff, 
0xf3, 0xd9, 0xb1, 0xff, 0xf3, 0xd9, 0xb1, 0xff, 0xf3, 0xd9, 0xb1, 0xff, 0xf3, 0xd8, 0xb0, 0xff, 
0xf3, 0xd8, 0xb1, 0xff, 0xf2, 0xd8, 0xb1, 0xff, 0xf3, 0xd8, 0xb1, 0xff, 0xf3, 0xd8, 0xb1, 0xff, 
0xf3, 0xd8, 0xb1, 0xff, 0xf3, 0xd7, 0xb1, 0xff, 0xf3, 0xd8, 0xb1, 0xff, 0xf2, 0xd8, 0xb1, 0xff, 
0xf3, 0xd8, 0xb0, 0xff, 0xf4, 0xd8, 0xb1, 0xff, 0xf5, 0xd9, 0xb0, 0xff, 0xf5, 0xd9, 0xb3, 0xff, 
0xf5, 0xd9, 0xb4, 0xff, 0xf4, 0xd9, 0xb2, 0xff, 0xf5, 0xda, 0xb1, 0xff, 0xf5, 0xd9, 0xb1, 0xff, 
0xf5, 0xda, 0xb3, 0xff, 0xf5, 0xda, 0xb3, 0xff, 0xf5, 0xd9, 0xb1, 0xff, 0xf5, 0xd9, 0xb1, 0xff, 
0xf4, 0xd9, 0xb2, 0xff, 0xf5, 0xd9, 0xb1, 0xff, 0xf6, 0xda, 0xb2, 0xff, 0xf5, 0xda, 0xb1, 0xff, 
0xf5, 0xd9, 0xb2, 0xff, 0xf4, 0xda, 0xb2, 0xff, 0xf4, 0xd9, 0xb2, 0xff, 0xf4, 0xd9, 0xb1, 0xff, 
0xf4, 0xd9, 0xb1, 0xff, 0xf4, 0xd9, 0xb1, 0xff, 0xf4, 0xd8, 0xb1, 0xff, 0xf3, 0xd9, 0xb2, 0xff, 
0xf2, 0xd9, 0xb2, 0xff, 0xf3, 0xd9, 0xb1, 0xff, 0xf3, 0xd9, 0xb2, 0xff, 0xf2, 0xd9, 0xb1, 0xff, 
0xf2, 0xd9, 0xb1, 0xff, 0xf3, 0xd9, 0xb1, 0xff, 0xf2, 0xd9, 0xb1, 0xff, 0xf4, 0xda, 0xb1, 0xff, 
0xf4, 0xda, 0xb3, 0xff, 0xf3, 0xda, 0xb1, 0xff, 0xf3, 0xd9, 0xb1, 0xff, 0xf3, 0xd9, 0xb1, 0xff, 
0xf3, 0xda, 0xb1, 0xff, 0xf3, 0xd9, 0xb1, 0xff, 0xf2, 0xd9, 0xb1, 0xff, 0xf3, 0xd9, 0xb1, 0xff, 
0xf2, 0xd8, 0xb0, 0xff, 0xf3, 0xd8, 0xb0, 0xff, 0xf2, 0xd7, 0xb0, 0xff, 0xf2, 0xd8, 0xb0, 0xff, 
0xf3, 0xd7, 0xb0, 0xff, 0xf2, 0xd7, 0xaf, 0xff, 0xf3, 0xd7, 0xaf, 0xff, 0xf3, 0xd7, 0xb0, 0xff, 
0xf4, 0xd7, 0xb0, 0xff, 0xf4, 0xd7, 0xb0, 0xff, 0xf4, 0xd8, 0xb1, 0xff, 0xf4, 0xd8, 0xb1, 0xff, 
0xf4, 0xd7, 0xb0, 0xff, 0xf4, 0xd8, 0xb1, 0xff, 0xf5, 0xd8, 0xb2, 0xff, 0xf3, 0xd8, 0xb1, 0xff, 
0xf2, 0xd8, 0xb1, 0xff, 0xf4, 0xd8, 0xb0, 0xff, 0xf4, 0xd7, 0xb0, 0xff, 0xf4, 0xd8, 0xb0, 0xff, 
0xf4, 0xd9, 0xaf, 0xff, 0xf3, 0xd8, 0xaf, 0xff, 0xf3, 0xd8, 0xae, 0xff, 0xf3, 0xd8, 0xad, 0xff, 
0xf2, 0xd7, 0xac, 0xff, 0xf2, 0xd7, 0xac, 0xff, 0xf2, 0xd7, 0xac, 0xff, 0xf2, 0xd7, 0xae, 0xff, 
0xf1, 0xd6, 0xaf, 0xff, 0xf2, 0xd7, 0xae, 0xff, 0xf1, 0xd6, 0xae, 0xff, 0xf2, 0xd7, 0xad, 0xff, 
0xf1, 0xd7, 0xac, 0xff, 0xf1, 0xd6, 0xac, 0xff, 0xf2, 0xd7, 0xad, 0xff, 0xf3, 0xd8, 0xad, 0xff, 
0xf3, 0xd8, 0xae, 0xff, 0xf3, 0xd8, 0xaf, 0xff, 0xf3, 0xd7, 0xaf, 0xff, 0xf3, 0xd8, 0xae, 0xff, 
0xf4, 0xd8, 0xaf, 0xff, 0xf4, 0xd9, 0xb1, 0xff, 0xf4, 0xd9, 0xb0, 0xff, 0xf4, 0xd9, 0xb1, 0xff, 
0xf5, 0xd9, 0xb2, 0xff, 0xf5, 0xd9, 0xb2, 0xff, 0xf5, 0xd9, 0xb2, 0xff, 0xf6, 0xd9, 0xb3, 0xff, 
0xf5, 0xd9, 0xb2, 0xff, 0xf5, 0xd9, 0xb1, 0xff, 0xf4, 0xd9, 0xb1, 0xff, 0xf4, 0xd8, 0xb1, 0xff, 
0xf5, 0xd9, 0xb3, 0xff, 0xf4, 0xd8, 0xb1, 0xff, 0xf4, 0xd8, 0xaf, 0xff, 0xf4, 0xd8, 0xb0, 0xff, 
0xf4, 0xd8, 0xb1, 0xff, 0xf4, 0xd8, 0xb1, 0xff, 0xf4, 0xd8, 0xb1, 0xff, 0xf3, 0xd8, 0xb0, 0xff, 
0xf4, 0xd9, 0xad, 0xff, 0xf4, 0xd9, 0xad, 0xff, 0xf3, 0xd8, 0xac, 0xff, 0xf4, 0xd9, 0xab, 0xff, 
0xf4, 0xd9, 0xad, 0xff, 0xf3, 0xd8, 0xae, 0xff, 0xf3, 0xd7, 0xaf, 0xff, 0xf4, 0xd8, 0xad, 0xff, 
0xf3, 0xd8, 0xad, 0xff, 0xf3, 0xd8, 0xac, 0xff, 0xf2, 0xd8, 0xaa, 0xff, 0xf2, 0xd7, 0xa9, 0xff, 
0xf1, 0xd6, 0xaa, 0xff, 0xf1, 0xd6, 0xaa, 0xff, 0xf1, 0xd6, 0xa9, 0xff, 0xf1, 0xd6, 0xab, 0xff, 
0xf2, 0xd7, 0xaa, 0xff, 0xf2, 0xd7, 0xaa, 0xff, 0xf2, 0xd7, 0xaa, 0xff, 0xf2, 0xd7, 0xaa, 0xff, 
0xf2, 0xd7, 0xab, 0xff, 0xf3, 0xd8, 0xac, 0xff, 0xf3, 0xd8, 0xac, 0xff, 0xf3, 0xd8, 0xad, 0xff, 
0xf3, 0xd8, 0xad, 0xff, 0xf4, 0xd8, 0xad, 0xff, 0xf5, 0xd9, 0xad, 0xff, 0xf5, 0xd9, 0xad, 0xff, 
0xf5, 0xd9, 0xae, 0xff, 0xf5, 0xda, 0xae, 0xff, 0xf5, 0xda, 0xb0, 0xff, 0xf6, 0xda, 0xb2, 0xff, 
0xf6, 0xda, 0xb3, 0xff, 0xf7, 0xdc, 0xb4, 0xff, 0xf7, 0xdc, 0xb4, 0xff, 0xf6, 0xdb, 0xb3, 0xff, 
0xf5, 0xda, 0xb2, 0xff, 0xf7, 0xdc, 0xb2, 0xff, 0xf7, 0xdb, 0xb1, 0xff, 0xf6, 0xda, 0xb1, 0xff, 
0xf7, 0xda, 0xb2, 0xff, 0xf6, 0xda, 0xb2, 0xff, 0xf6, 0xdb, 0xb2, 0xff, 0xf7, 0xdb, 0xb2, 0xff, 
0xf7, 0xdb, 0xb1, 0xff, 0xf7, 0xdb, 0xb2, 0xff, 0xf6, 0xda, 0xb1, 0xff, 0xf6, 0xda, 0xb0, 0xff, 
0xf6, 0xda, 0xb1, 0xff, 0xf6, 0xda, 0xb2, 0xff, 0xf7, 0xda, 0xb2, 0xff, 0xf6, 0xdb, 0xb4, 0xff, 
0xf6, 0xdc, 0xb4, 0xff, 0xf6, 0xdb, 0xb3, 0xff, 0xf6, 0xda, 0xb2, 0xff, 0xf6, 0xda, 0xb1, 0xff, 
0xf6, 0xda, 0xb0, 0xff, 0xf5, 0xd9, 0xb0, 0xff, 0xf5, 0xd9, 0xb0, 0xff, 0xf5, 0xd9, 0xb0, 0xff, 
0xf5, 0xd9, 0xb1, 0xff, 0xf5, 0xd9, 0xb0, 0xff, 0xf5, 0xd9, 0xaf, 0xff, 0xf4, 0xd9, 0xae, 0xff, 
0xf4, 0xd9, 0xae, 0xff, 0xf4, 0xd9, 0xae, 0xff, 0xf4, 0xd9, 0xad, 0xff, 0xf4, 0xd9, 0xae, 0xff, 
0xf4, 0xd9, 0xad, 0xff, 0xf4, 0xd9, 0xad, 0xff, 0xf4, 0xd9, 0xad, 0xff, 0xf4, 0xd8, 0xac, 0xff, 
0xf3, 0xd9, 0xac, 0xff, 0xf3, 0xd8, 0xab, 0xff, 0xf4, 0xd9, 0xad, 0xff, 0xf5, 0xda, 0xaf, 0xff, 
0xf4, 0xd9, 0xae, 0xff, 0xf4, 0xd8, 0xaf, 0xff, 0xf4, 0xd9, 0xaf, 0xff, 0xf4, 0xd9, 0xad, 0xff, 
0xf3, 0xd9, 0xad, 0xff, 0xf3, 0xd8, 0xac, 0xff, 0xf4, 0xd9, 0xae, 0xff, 0xf3, 0xd9, 0xad, 0xff, 
0xf4, 0xda, 0xad, 0xff, 0xf3, 0xd9, 0xad, 0xff, 0xf4, 0xd9, 0xad, 0xff, 0xf3, 0xd8, 0xaf, 0xff, 
0xf2, 0xd9, 0xb0, 0xff, 0xf2, 0xd9, 0xb0, 0xff, 0xf2, 0xda, 0xb1, 0xff, 0xf3, 0xd9, 0xb0, 0xff, 
0xf5, 0xda, 0xb0, 0xff, 0xf5, 0xda, 0xb0, 0xff, 0xf4, 0xda, 0xae, 0xff, 0xf4, 0xd9, 0xaf, 0xff, 
0xf5, 0xda, 0xb0, 0xff, 0xf5, 0xda, 0xb2, 0xff, 0xf4, 0xda, 0xb1, 0xff, 0xf5, 0xda, 0xb1, 0xff, 
0xf6, 0xda, 0xb1, 0xff, 0xf6, 0xda, 0xb1, 0xff, 0xf5, 0xda, 0xb0, 0xff, 0xf5, 0xdb, 0xaf, 0xff, 
0xf5, 0xda, 0xaf, 0xff, 0xf5, 0xda, 0xaf, 0xff, 0xf5, 0xda, 0xaf, 0xff, 0xf4, 0xda, 0xae, 0xff, 
0xf5, 0xda, 0xae, 0xff, 0xf5, 0xda, 0xaf, 0xff, 0xf5, 0xdb, 0xaf, 0xff, 0xf5, 0xdb, 0xae, 0xff, 
0xf5, 0xda, 0xaf, 0xff, 0xf6, 0xdb, 0xaf, 0xff, 0xf5, 0xd9, 0xb0, 0xff, 0xf4, 0xd9, 0xb0, 0xff, 
0xf4, 0xda, 0xaf, 0xff, 0xf5, 0xda, 0xae, 0xff, 0xf5, 0xda, 0xaf, 0xff, 0xf5, 0xda, 0xae, 0xff, 
0xf5, 0xd9, 0xb0, 0xff, 0xf4, 0xda, 0xb1, 0xff, 0xf4, 0xd9, 0xb1, 0xff, 0xf4, 0xd9, 0xb1, 0xff, 
0xf4, 0xd8, 0xaf, 0xff, 0xf4, 0xd9, 0xad, 0xff, 0xf4, 0xd9, 0xad, 0xff, 0xf3, 0xd9, 0xad, 0xff, 
0xf4, 0xd9, 0xad, 0xff, 0xf4, 0xd8, 0xad, 0xff, 0xf5, 0xd9, 0xae, 0xff, 0xf4, 0xd9, 0xaf, 0xff, 
0xf4, 0xd8, 0xb0, 0xff, 0xf4, 0xd9, 0xae, 0xff, 0xf4, 0xda, 0xae, 0xff, 0xf5, 0xd9, 0xae, 0xff, 
0xf4, 0xda, 0xae, 0xff, 0xf5, 0xda, 0xae, 0xff, 0xf5, 0xda, 0xaf, 0xff, 0xf6, 0xda, 0xb1, 0xff, 
0xf5, 0xda, 0xb0, 0xff, 0xf4, 0xda, 0xb3, 0xff, 0xf5, 0xda, 0xb3, 0xff, 0xf6, 0xda, 0xb3, 0xff, 
0xf5, 0xda, 0xb2, 0xff, 0xf6, 0xd9, 0xb1, 0xff, 0xf6, 0xda, 0xae, 0xff, 0xf5, 0xda, 0xaf, 0xff, 
0xf4, 0xd9, 0xaf, 0xff, 0xf4, 0xd9, 0xaf, 0xff, 0xf5, 0xd8, 0xb0, 0xff, 0xf6, 0xd9, 0xb1, 0xff, 
0xf5, 0xd9, 0xb1, 0xff, 0xf5, 0xd9, 0xb0, 0xff, 0xf6, 0xda, 0xb0, 0xff, 0xf4, 0xd8, 0xaf, 0xff, 
0xf4, 0xd9, 0xaf, 0xff, 0xf5, 0xda, 0xae, 0xff, 0xf5, 0xd9, 0xaf, 0xff, 0xf5, 0xd9, 0xb1, 0xff, 
0xf6, 0xd9, 0xb3, 0xff, 0xf6, 0xda, 0xb3, 0xff, 0xf6, 0xda, 0xb3, 0xff, 0xf6, 0xda, 0xb2, 0xff, 
0xf5, 0xdb, 0xb1, 0xff, 0xf5, 0xda, 0xb1, 0xff, 0xf6, 0xda, 0xaf, 0xff, 0xf5, 0xdb, 0xaf, 0xff, 
0xf6, 0xda, 0xb0, 0xff, 0xf6, 0xdb, 0xb0, 0xff, 0xf6, 0xda, 0xb1, 0xff, 0xf6, 0xdb, 0xaf, 0xff, 
0xf5, 0xda, 0xaf, 0xff, 0xf5, 0xda, 0xaf, 0xff, 0xf5, 0xda, 0xae, 0xff, 0xf5, 0xda, 0xaf, 0xff, 
0xf5, 0xda, 0xaf, 0xff, 0xf5, 0xda, 0xb1, 0xff, 0xf5, 0xd8, 0xb1, 0xff, 0xf5, 0xd9, 0xb0, 0xff, 
0xf4, 0xda, 0xb0, 0xff, 0xf4, 0xda, 0xb0, 0xff, 0xf4, 0xd9, 0xaf, 0xff, 0xf5, 0xd9, 0xaf, 0xff, 
0xf4, 0xd9, 0xaf, 0xff, 0xf5, 0xda, 0xb0, 0xff, 0xf5, 0xdb, 0xb1, 0xff, 0xf4, 0xdb, 0xb1, 0xff, 
0xf3, 0xdb, 0xb1, 0xff, 0xf3, 0xda, 0xb1, 0xff, 0xf3, 0xda, 0xb1, 0xff, 0xf3, 0xda, 0xb1, 0xff, 
0xf3, 0xda, 0xb1, 0xff, 0xf2, 0xda, 0xb0, 0xff, 0xf3, 0xda, 0xb1, 0xff, 0xf3, 0xdb, 0xb2, 0xff, 
0xf4, 0xdb, 0xb3, 0xff, 0xf3, 0xda, 0xb1, 0xff, 0xf2, 0xd9, 0xb0, 0xff, 0xf2, 0xd9, 0xb0, 0xff, 
0xf2, 0xd9, 0xb0, 0xff, 0xf2, 0xd9, 0xb0, 0xff, 0xf3, 0xd9, 0xb0, 0xff, 0xf4, 0xd9, 0xb0, 0xff, 
0xf4, 0xd9, 0xb0, 0xff, 0xf4, 0xd9, 0xb1, 0xff, 0xf5, 0xda, 0xb1, 0xff, 0xf5, 0xda, 0xb1, 0xff, 
0xf5, 0xd9, 0xb1, 0xff, 0xf5, 0xd9, 0xb0, 0xff, 0xf6, 0xda, 0xb0, 0xff, 0xf5, 0xda, 0xaf, 0xff, 
0xf4, 0xda, 0xae, 0xff, 0xf4, 0xda, 0xae, 0xff, 0xf4, 0xda, 0xae, 0xff, 0xf4, 0xd9, 0xae, 0xff, 
0xf4, 0xda, 0xae, 0xff, 0xf4, 0xd9, 0xad, 0xff, 0xf4, 0xd9, 0xad, 0xff, 0xf3, 0xd8, 0xad, 0xff, 
0xf3, 0xd7, 0xab, 0xff, 0xf3, 0xd8, 0xac, 0xff, 0xf3, 0xd9, 0xad, 0xff, 0xf4, 0xd9, 0xad, 0xff, 
0xf3, 0xd9, 0xad, 0xff, 0xf4, 0xd9, 0xad, 0xff, 0xf3, 0xd8, 0xab, 0xff, 0xf3, 0xd8, 0xaa, 0xff, 
0xf4, 0xd8, 0xaa, 0xff, 0xf3, 0xd8, 0xad, 0xff, 0xf4, 0xd9, 0xad, 0xff, 0xf5, 0xda, 0xae, 0xff, 
0xf5, 0xda, 0xae, 0xff, 0xf4, 0xda, 0xae, 0xff, 0xf5, 0xda, 0xaf, 0xff, 0xf5, 0xda, 0xaf, 0xff, 
0xf5, 0xda, 0xaf, 0xff, 0xf5, 0xda, 0xaf, 0xff, 0xf5, 0xda, 0xae, 0xff, 0xf5, 0xdb, 0xaf, 0xff, 
0xf6, 0xda, 0xb1, 0xff, 0xf6, 0xda, 0xb1, 0xff, 0xf6, 0xda, 0xb1, 0xff, 0xf6, 0xda, 0xb3, 0xff, 
0xf6, 0xdb, 0xb4, 0xff, 0xf6, 0xdb, 0xb3, 0xff, 0xf6, 0xd9, 0xb2, 0xff, 0xf6, 0xda, 0xb0, 0xff, 
0xf5, 0xda, 0xb0, 0xff, 0xf4, 0xda, 0xaf, 0xff, 0xf4, 0xda, 0xae, 0xff, 0xf4, 0xd9, 0xaf, 0xff, 
0xf4, 0xd9, 0xaf, 0xff, 0xf4, 0xd9, 0xae, 0xff, 0xf4, 0xd9, 0xae, 0xff, 0xf5, 0xda, 0xae, 0xff, 
0xf5, 0xd9, 0xaf, 0xff, 0xf5, 0xd9, 0xad, 0xff, 0xf4, 0xd8, 0xac, 0xff, 0xf5, 0xd8, 0xac, 0xff, 
0xf5, 0xd9, 0xaf, 0xff, 0xf5, 0xd9, 0xb0, 0xff, 0xf5, 0xd9, 0xb0, 0xff, 0xf5, 0xda, 0xaf, 0xff, 
0xf5, 0xda, 0xb0, 0xff, 0xf5, 0xda, 0xb0, 0xff, 0xf5, 0xda, 0xaf, 0xff, 0xf5, 0xda, 0xae, 0xff, 
0xf5, 0xda, 0xad, 0xff, 0xf5, 0xd9, 0xad, 0xff, 0xf5, 0xd9, 0xad, 0xff, 0xf6, 0xda, 0xaf, 0xff, 
0xf5, 0xd9, 0xaf, 0xff, 0xf4, 0xda, 0xaf, 0xff, 0xf5, 0xda, 0xaf, 0xff, 0xf5, 0xda, 0xaf, 0xff, 
0xf4, 0xd9, 0xaf, 0xff, 0xf5, 0xda, 0xb0, 0xff, 0xf5, 0xda, 0xb0, 0xff, 0xf5, 0xdb, 0xb1, 0xff, 
0xf5, 0xdc, 0xb2, 0xff, 0xf5, 0xdc, 0xb2, 0xff, 0xf6, 0xdd, 0xb2, 0xff, 0xf6, 0xdc, 0xb2, 0xff, 
0xf6, 0xdc, 0xb2, 0xff, 0xf7, 0xdd, 0xb2, 0xff, 0xf5, 0xdc, 0xb3, 0xff, 0xf5, 0xdc, 0xb4, 0xff, 
0xf5, 0xdc, 0xb4, 0xff, 0xf5, 0xdd, 0xb5, 0xff, 0xf6, 0xde, 0xb5, 0xff, 0xf6, 0xdd, 0xb4, 0xff, 
0xf5, 0xdd, 0xb4, 0xff, 0xf7, 0xdc, 0xb3, 0xff, 0xf6, 0xdb, 0xb2, 0xff, 0xf7, 0xdb, 0xb2, 0xff, 
0xf7, 0xdc, 0xb3, 0xff, 0xf7, 0xdb, 0xb2, 0xff, 0xf7, 0xdb, 0xb3, 0xff, 0xf7, 0xdb, 0xb2, 0xff, 
0xf8, 0xdc, 0xb3, 0xff, 0xf8, 0xdc, 0xb3, 0xff, 0xf7, 0xdd, 0xb2, 0xff, 0xf6, 0xdc, 0xb2, 0xff, 
0xf6, 0xdc, 0xb2, 0xff, 0xf5, 0xdc, 0xb3, 0xff, 0xf6, 0xdd, 0xb4, 0xff, 0xf6, 0xdd, 0xb4, 0xff, 
0xf5, 0xdd, 0xb5, 0xff, 0xf5, 0xdc, 0xb4, 0xff, 0xf6, 0xdb, 0xb4, 0xff, 0xf6, 0xdb, 0xb1, 0xff, 
0xf6, 0xdb, 0xb0, 0xff, 0xf5, 0xda, 0xb0, 0xff, 0xf6, 0xd9, 0xb0, 0xff, 0xf6, 0xda, 0xb1, 0xff, 
0xf6, 0xda, 0xb1, 0xff, 0xf5, 0xd9, 0xb0, 0xff, 0xf5, 0xd9, 0xaf, 0xff, 0xf4, 0xd8, 0xae, 0xff, 
0xf4, 0xd9, 0xad, 0xff, 0xf5, 0xd9, 0xad, 0xff, 0xf4, 0xd9, 0xac, 0xff, 0xf4, 0xd9, 0xac, 0xff, 
0xf4, 0xd8, 0xac, 0xff, 0xf4, 0xd8, 0xac, 0xff, 0xf4, 0xd8, 0xac, 0xff, 0xf5, 0xd8, 0xac, 0xff, 
0xf4, 0xd9, 0xac, 0xff, 0xf4, 0xd9, 0xab, 0xff, 0xf5, 0xd9, 0xad, 0xff, 0xf5, 0xd9, 0xb0, 0xff, 
0xf5, 0xd9, 0xb0, 0xff, 0xf5, 0xda, 0xb0, 0xff, 0xf5, 0xda, 0xb0, 0xff, 0xf6, 0xda, 0xb1, 0xff, 
0xf5, 0xd9, 0xb0, 0xff, 0xf6, 0xda, 0xaf, 0xff, 0xf6, 0xda, 0xb0, 0xff, 0xf5, 0xda, 0xb0, 0xff, 
0xf4, 0xda, 0xb0, 0xff, 0xf5, 0xda, 0xb0, 0xff, 0xf6, 0xda, 0xb1, 0xff, 0xf4, 0xdb, 0xb2, 0xff, 
0xf3, 0xdb, 0xb2, 0xff, 0xf4, 0xdb, 0xb3, 0xff, 0xf4, 0xdb, 0xb3, 0xff, 0xf4, 0xdb, 0xb2, 0xff, 
0xf5, 0xda, 0xb1, 0xff, 0xf5, 0xda, 0xaf, 0xff, 0xf4, 0xda, 0xaf, 0xff, 0xf5, 0xd9, 0xb0, 0xff, 
0xf5, 0xda, 0xb0, 0xff, 0xf5, 0xda, 0xb1, 0xff, 0xf5, 0xdc, 0xb3, 0xff, 0xf7, 0xdb, 0xb3, 0xff, 
0xf7, 0xdb, 0xb2, 0xff, 0xf6, 0xdb, 0xb0, 0xff, 0xf6, 0xda, 0xaf, 0xff, 0xf5, 0xda, 0xaf, 0xff, 
0xf5, 0xd9, 0xae, 0xff, 0xf5, 0xd9, 0xad, 0xff, 0xf5, 0xd9, 0xaf, 0xff, 0xf5, 0xd9, 0xaf, 0xff, 
0xf5, 0xd9, 0xaf, 0xff, 0xf5, 0xd9, 0xaf, 0xff, 0xf5, 0xd9, 0xaf, 0xff, 0xf5, 0xd9, 0xaf, 0xff, 
0xf6, 0xd9, 0xb0, 0xff, 0xf6, 0xda, 0xb2, 0xff, 0xf6, 0xda, 0xb2, 0xff, 0xf6, 0xdb, 0xb2, 0xff, 
0xf6, 0xdb, 0xb1, 0xff, 0xf5, 0xdb, 0xb0, 0xff, 0xf5, 0xda, 0xb1, 0xff, 0xf5, 0xdb, 0xb1, 0xff, 
0xf5, 0xdb, 0xb2, 0xff, 0xf4, 0xdb, 0xb3, 0xff, 0xf4, 0xdc, 0xb3, 0xff, 0xf3, 0xdb, 0xb2, 0xff, 
0xf4, 0xda, 0xb1, 0xff, 0xf5, 0xda, 0xb0, 0xff, 0xf5, 0xda, 0xb0, 0xff, 0xf4, 0xdb, 0xb0, 0xff, 
0xf5, 0xdb, 0xb0, 0xff, 0xf5, 0xdb, 0xb0, 0xff, 0xf5, 0xdb, 0xb1, 0xff, 0xf5, 0xda, 0xb2, 0xff, 
0xf5, 0xda, 0xb3, 0xff, 0xf5, 0xdc, 0xb2, 0xff, 0xf5, 0xdc, 0xb1, 0xff, 0xf5, 0xdc, 0xb2, 0xff, 
0xf6, 0xdc, 0xb2, 0xff, 0xf7, 0xdc, 0xb2, 0xff, 0xf6, 0xdc, 0xb2, 0xff, 0xf6, 0xdb, 0xb3, 0xff, 
0xf5, 0xdc, 0xb4, 0xff, 0xf4, 0xdc, 0xb4, 0xff, 0xf4, 0xdc, 0xb4, 0xff, 0xf4, 0xdd, 0xb4, 0xff, 
0xf4, 0xdc, 0xb3, 0xff, 0xf5, 0xdb, 0xb2, 0xff, 0xf6, 0xda, 0xb0, 0xff, 0xf5, 0xda, 0xb0, 0xff, 
0xf6, 0xda, 0xb0, 0xff, 0xf5, 0xda, 0xb1, 0xff, 0xf5, 0xd9, 0xb2, 0xff, 0xf5, 0xda, 0xb2, 0xff, 
0xf5, 0xda, 0xb1, 0xff, 0xf6, 0xda, 0xb1, 0xff, 0xf5, 0xda, 0xb0, 0xff, 0xf4, 0xd9, 0xaf, 0xff, 
0xf5, 0xda, 0xb0, 0xff, 0xf6, 0xda, 0xb0, 0xff, 0xf6, 0xd9, 0xb1, 0xff, 0xf6, 0xd9, 0xb1, 0xff, 
0xf5, 0xda, 0xb2, 0xff, 0xf5, 0xdc, 0xb3, 0xff, 0xf5, 0xdc, 0xb4, 0xff, 0xf6, 0xdb, 0xb3, 0xff, 
0xf5, 0xdb, 0xb1, 0xff, 0xf5, 0xda, 0xaf, 0xff, 0xf6, 0xda, 0xaf, 0xff, 0xf6, 0xda, 0xb0, 0xff, 
0xf6, 0xda, 0xb1, 0xff, 0xf6, 0xda, 0xb0, 0xff, 0xf6, 0xda, 0xb0, 0xff, 0xf6, 0xda, 0xb0, 0xff, 
0xf5, 0xda, 0xb0, 0xff, 0xf5, 0xd9, 0xaf, 0xff, 0xf5, 0xda, 0xaf, 0xff, 0xf6, 0xda, 0xb0, 0xff, 
0xf6, 0xda, 0xb0, 0xff, 0xf6, 0xd9, 0xb1, 0xff, 0xf6, 0xd9, 0xb2, 0xff, 0xf6, 0xda, 0xb0, 0xff, 
0xf5, 0xda, 0xb1, 0xff, 0xf5, 0xda, 0xb1, 0xff, 0xf5, 0xdb, 0xb1, 0xff, 0xf6, 0xda, 0xb0, 0xff, 
0xf5, 0xd9, 0xb0, 0xff, 0xf6, 0xda, 0xb0, 0xff, 0xf5, 0xdb, 0xb0, 0xff, 0xf4, 0xdc, 0xb3, 0xff, 
0xf5, 0xdc, 0xb3, 0xff, 0xf5, 0xdb, 0xb3, 0xff, 0xf5, 0xdc, 0xb3, 0xff, 0xf5, 0xdc, 0xb3, 0xff, 
0xf5, 0xdc, 0xb3, 0xff, 0xf5, 0xdb, 0xb3, 0xff, 0xf4, 0xdb, 0xb3, 0xff, 0xf5, 0xdb, 0xb4, 0xff, 
0xf5, 0xdc, 0xb5, 0xff, 0xf5, 0xdb, 0xb4, 0xff, 0xf4, 0xdb, 0xb2, 0xff, 0xf4, 0xdb, 0xb2, 0xff, 
0xf4, 0xdb, 0xb2, 0xff, 0xf4, 0xdb, 0xb2, 0xff, 0xf4, 0xdc, 0xb2, 0xff, 0xf4, 0xdb, 0xb2, 0xff, 
0xf4, 0xdc, 0xb3, 0xff, 0xf4, 0xdb, 0xb3, 0xff, 0xf5, 0xdc, 0xb3, 0xff, 0xf4, 0xdc, 0xb3, 0xff, 
0xf4, 0xdc, 0xb3, 0xff, 0xf5, 0xdc, 0xb2, 0xff, 0xf5, 0xdb, 0xb0, 0xff, 0xf6, 0xda, 0xaf, 0xff, 
0xf5, 0xd9, 0xaf, 0xff, 0xf5, 0xd9, 0xb0, 0xff, 0xf5, 0xd9, 0xaf, 0xff, 0xf5, 0xd9, 0xaf, 0xff, 
0xf5, 0xd9, 0xae, 0xff, 0xf5, 0xd9, 0xad, 0xff, 0xf5, 0xd8, 0xad, 0xff, 0xf4, 0xd8, 0xac, 0xff, 
0xf4, 0xd8, 0xab, 0xff, 0xf4, 0xd8, 0xad, 0xff, 0xf4, 0xd8, 0xaf, 0xff, 0xf5, 0xd9, 0xaf, 0xff, 
0xf6, 0xda, 0xaf, 0xff, 0xf5, 0xd9, 0xaf, 0xff, 0xf5, 0xd9, 0xae, 0xff, 0xf5, 0xd9, 0xaf, 0xff, 
0xf5, 0xda, 0xae, 0xff, 0xf5, 0xda, 0xaf, 0xff, 0xf6, 0xdb, 0xb0, 0xff, 0xf6, 0xdb, 0xb1, 0xff, 
0xf6, 0xda, 0xb1, 0xff, 0xf5, 0xdb, 0xb0, 0xff, 0xf5, 0xdc, 0xb2, 0xff, 0xf6, 0xdd, 0xb4, 0xff, 
0xf6, 0xde, 0xb3, 0xff, 0xf6, 0xde, 0xb3, 0xff, 0xf6, 0xde, 0xb3, 0xff, 0xf6, 0xde, 0xb4, 0xff, 
0xf6, 0xdd, 0xb4, 0xff, 0xf6, 0xdc, 0xb4, 0xff, 0xf6, 0xdc, 0xb4, 0xff, 0xf6, 0xdd, 0xb4, 0xff, 
0xf6, 0xdd, 0xb5, 0xff, 0xf5, 0xdd, 0xb5, 0xff, 0xf6, 0xdb, 0xb3, 0xff, 0xf7, 0xdb, 0xb2, 0xff, 
0xf6, 0xda, 0xb0, 0xff, 0xf5, 0xda, 0xaf, 0xff, 0xf5, 0xda, 0xb0, 0xff, 0xf5, 0xda, 0xb0, 0xff, 
0xf6, 0xda, 0xb0, 0xff, 0xf5, 0xd9, 0xaf, 0xff, 0xf5, 0xd9, 0xaf, 0xff, 0xf5, 0xd9, 0xaf, 0xff, 
0xf6, 0xdb, 0xb3, 0xff, 0xf6, 0xdb, 0xb3, 0xff, 0xf5, 0xdb, 0xb2, 0xff, 0xf5, 0xdb, 0xb2, 0xff, 
0xf6, 0xdb, 0xb3, 0xff, 0xf6, 0xdc, 0xb4, 0xff, 0xf6, 0xdc, 0xb4, 0xff, 0xf6, 0xdb, 0xb5, 0xff, 
0xf5, 0xdc, 0xb5, 0xff, 0xf6, 0xdd, 0xb5, 0xff, 0xf6, 0xdc, 0xb5, 0xff, 0xf6, 0xdc, 0xb4, 0xff, 
0xf6, 0xdd, 0xb2, 0xff, 0xf6, 0xdc, 0xb3, 0xff, 0xf6, 0xdc, 0xb4, 0xff, 0xf7, 0xdc, 0xb4, 0xff, 
0xf6, 0xdd, 0xb5, 0xff, 0xf6, 0xdd, 0xb6, 0xff, 0xf6, 0xdd, 0xb5, 0xff, 0xf5, 0xdc, 0xb5, 0xff, 
0xf6, 0xdd, 0xb5, 0xff, 0xf6, 0xdc, 0xb5, 0xff, 0xf5, 0xdd, 0xb5, 0xff, 0xf5, 0xdd, 0xb5, 0xff, 
0xf6, 0xdd, 0xb6, 0xff, 0xf7, 0xde, 0xb6, 0xff, 0xf7, 0xdf, 0xb8, 0xff, 0xf6, 0xde, 0xb9, 0xff, 
0xf7, 0xde, 0xb8, 0xff, 0xf7, 0xdd, 0xb8, 0xff, 0xf6, 0xdd, 0xb7, 0xff, 0xf7, 0xdd, 0xb8, 0xff, 
0xf6, 0xdd, 0xb8, 0xff, 0xf7, 0xdc, 0xb8, 0xff, 0xf7, 0xdf, 0xb9, 0xff, 0xf6, 0xdf, 0xb7, 0xff, 
0xf6, 0xdf, 0xb7, 0xff, 0xf6, 0xde, 0xb6, 0xff, 0xf6, 0xde, 0xb6, 0xff, 0xf7, 0xde, 0xb6, 0xff, 
0xf7, 0xde, 0xb6, 0xff, 0xf7, 0xde, 0xb6, 0xff, 0xf7, 0xde, 0xb6, 0xff, 0xf7, 0xde, 0xb6, 0xff, 
0xf7, 0xde, 0xb6, 0xff, 0xf7, 0xde, 0xb6, 0xff, 0xf6, 0xdf, 0xb7, 0xff, 0xf7, 0xde, 0xb6, 0xff, 
0xf6, 0xdd, 0xb5, 0xff, 0xf6, 0xdd, 0xb7, 0xff, 0xf6, 0xdd, 0xb7, 0xff, 0xf6, 0xdd, 0xb7, 0xff, 
0xf6, 0xdd, 0xb8, 0xff, 0xf7, 0xdf, 0xb7, 0xff, 0xf6, 0xde, 0xb5, 0xff, 0xf6, 0xdd, 0xb5, 0xff, 
0xf5, 0xdc, 0xb5, 0xff, 0xf6, 0xdc, 0xb5, 0xff, 0xf6, 0xdb, 0xb4, 0xff, 0xf6, 0xdc, 0xb5, 0xff, 
0xf5, 0xdc, 0xb4, 0xff, 0xf6, 0xdb, 0xb4, 0xff, 0xf5, 0xda, 0xb2, 0xff, 0xf5, 0xdb, 0xb3, 0xff, 
0xf5, 0xdb, 0xb2, 0xff, 0xf5, 0xda, 0xb1, 0xff, 0xf6, 0xda, 0xb1, 0xff, 0xf5, 0xda, 0xb1, 0xff, 
0xf4, 0xda, 0xb1, 0xff, 0xf4, 0xda, 0xb1, 0xff, 0xf5, 0xda, 0xb1, 0xff, 0xf5, 0xdb, 0xb2, 0xff, 
0xf5, 0xdb, 0xb1, 0xff, 0xf6, 0xda, 0xb1, 0xff, 0xf5, 0xda, 0xb2, 0xff, 0xf5, 0xda, 0xb3, 0xff, 
0xf5, 0xdb, 0xb4, 0xff, 0xf5, 0xdb, 0xb4, 0xff, 0xf5, 0xdc, 0xb5, 0xff, 0xf4, 0xdc, 0xb4, 0xff, 
0xf6, 0xdc, 0xb4, 0xff, 0xf6, 0xdd, 0xb4, 0xff, 0xf6, 0xdc, 0xb4, 0xff, 0xf6, 0xdc, 0xb4, 0xff, 
0xf6, 0xdc, 0xb5, 0xff, 0xf6, 0xdc, 0xb5, 0xff, 0xf6, 0xdc, 0xb5, 0xff, 0xf6, 0xdc, 0xb6, 0xff, 
0xf6, 0xdd, 0xb6, 0xff, 0xf6, 0xdc, 0xb7, 0xff, 0xf6, 0xdd, 0xb7, 0xff, 0xf6, 0xdd, 0xb5, 0xff, 
0xf6, 0xdd, 0xb5, 0xff, 0xf6, 0xdc, 0xb5, 0xff, 0xf6, 0xdb, 0xb4, 0xff, 0xf5, 0xdb, 0xb4, 0xff, 
0xf6, 0xdc, 0xb4, 0xff, 0xf6, 0xdd, 0xb4, 0xff, 0xf6, 0xdd, 0xb5, 0xff, 0xf6, 0xdc, 0xb4, 0xff, 
0xf5, 0xdc, 0xb5, 0xff, 0xf6, 0xdc, 0xb4, 0xff, 0xf6, 0xdb, 0xb3, 0xff, 0xf6, 0xdb, 0xb3, 0xff, 
0xf6, 0xda, 0xb2, 0xff, 0xf6, 0xdb, 0xb3, 0xff, 0xf5, 0xdb, 0xb3, 0xff, 0xf6, 0xdc, 0xb3, 0xff, 
0xf6, 0xdc, 0xb4, 0xff, 0xf6, 0xdc, 0xb4, 0xff, 0xf5, 0xdb, 0xb3, 0xff, 0xf6, 0xdb, 0xb3, 0xff, 
0xf6, 0xdb, 0xb4, 0xff, 0xf6, 0xdc, 0xb5, 0xff, 0xf6, 0xdd, 0xb5, 0xff, 0xf6, 0xdc, 0xb5, 0xff, 
0xf6, 0xdd, 0xb5, 0xff, 0xf6, 0xdd, 0xb5, 0xff, 0xf5, 0xdd, 0xb5, 0xff, 0xf6, 0xdd, 0xb6, 0xff, 
0xf5, 0xdc, 0xb5, 0xff, 0xf6, 0xdd, 0xb5, 0xff, 0xf6, 0xdc, 0xb6, 0xff, 0xf6, 0xdd, 0xb6, 0xff, 
0xf5, 0xdd, 0xb5, 0xff, 0xf6, 0xdc, 0xb5, 0xff, 0xf6, 0xdd, 0xb5, 0xff, 0xf6, 0xdd, 0xb5, 0xff, 
0xf6, 0xdd, 0xb6, 0xff, 0xf6, 0xdd, 0xb6, 0xff, 0xf5, 0xdc, 0xb5, 0xff, 0xf6, 0xdd, 0xb5, 0xff, 
0xf7, 0xde, 0xb6, 0xff, 0xf7, 0xde, 0xb7, 0xff, 0xf6, 0xdd, 0xb6, 0xff, 0xf6, 0xdf, 0xb6, 0xff, 
0xf6, 0xde, 0xb8, 0xff, 0xf6, 0xde, 0xb9, 0xff, 0xf6, 0xde, 0xb7, 0xff, 0xf6, 0xdc, 0xb7, 0xff, 
0xf6, 0xdc, 0xb7, 0xff, 0xf6, 0xdc, 0xb7, 0xff, 0xf6, 0xdd, 0xb6, 0xff, 0xf6, 0xde, 0xb7, 0xff, 
0xf6, 0xde, 0xb6, 0xff, 0xf6, 0xdd, 0xb6, 0xff, 0xf5, 0xdc, 0xb6, 0xff, 0xf6, 0xdd, 0xb5, 0xff, 
0xf6, 0xdd, 0xb5, 0xff, 0xf6, 0xdd, 0xb5, 0xff, 0xf6, 0xdc, 0xb5, 0xff, 0xf5, 0xdc, 0xb5, 0xff, 
0xf6, 0xdd, 0xb5, 0xff, 0xf6, 0xdd, 0xb5, 0xff, 0xf5, 0xdc, 0xb4, 0xff, 0xf5, 0xdc, 0xb4, 0xff, 
0xf5, 0xdc, 0xb4, 0xff, 0xf6, 0xdc, 0xb4, 0xff, 0xf6, 0xdc, 0xb5, 0xff, 0xf6, 0xdb, 0xb5, 0xff, 
0xf6, 0xdd, 0xb6, 0xff, 0xf6, 0xdd, 0xb5, 0xff, 0xf5, 0xdc, 0xb5, 0xff, 0xf5, 0xdd, 0xb5, 0xff, 
0xf6, 0xdc, 0xb4, 0xff, 0xf7, 0xdc, 0xb4, 0xff, 0xf5, 0xdb, 0xb2, 0xff, 0xf5, 0xdb, 0xb3, 0xff, 
0xf6, 0xdb, 0xb3, 0xff, 0xf6, 0xdb, 0xb3, 0xff, 0xf6, 0xdc, 0xb4, 0xff, 0xf6, 0xdc, 0xb4, 0xff, 
0xf6, 0xdc, 0xb5, 0xff, 0xf6, 0xdb, 0xb4, 0xff, 0xf5, 0xdc, 0xb3, 0xff, 0xf5, 0xdb, 0xb3, 0xff, 
0xf6, 0xdc, 0xb4, 0xff, 0xf6, 0xdc, 0xb5, 0xff, 0xf6, 0xdc, 0xb5, 0xff, 0xf6, 0xdc, 0xb5, 0xff, 
0xf6, 0xdc, 0xb5, 0xff, 0xf6, 0xdd, 0xb5, 0xff, 0xf6, 0xdd, 0xb5, 0xff, 0xf6, 0xdd, 0xb5, 0xff, 
0xf5, 0xdd, 0xb5, 0xff, 0xf5, 0xdc, 0xb4, 0xff, 0xf5, 0xdd, 0xb5, 0xff, 0xf6, 0xde, 0xb6, 0xff, 
0xf6, 0xdd, 0xb7, 0xff, 0xf6, 0xdd, 0xb7, 0xff, 0xf6, 0xdd, 0xb7, 0xff, 0xf5, 0xdd, 0xb7, 0xff, 
0xf6, 0xde, 0xb7, 0xff, 0xf6, 0xde, 0xb7, 0xff, 0xf6, 0xdd, 0xb8, 0xff, 0xf6, 0xdd, 0xb7, 0xff, 
0xf6, 0xdd, 0xb8, 0xff, 0xf6, 0xdd, 0xb8, 0xff, 0xf6, 0xdd, 0xb7, 0xff, 0xf6, 0xde, 0xb6, 0xff, 
0xf6, 0xdd, 0xb6, 0xff, 0xf5, 0xde, 0xb7, 0xff, 0xf5, 0xdd, 0xb6, 0xff, 0xf6, 0xdd, 0xb7, 0xff, 
0xf6, 0xdd, 0xb6, 0xff, 0xf6, 0xdd, 0xb7, 0xff, 0xf7, 0xdd, 0xb8, 0xff, 0xf6, 0xde, 0xb7, 0xff, 
0xf5, 0xde, 0xb5, 0xff, 0xf5, 0xde, 0xb5, 0xff, 0xf5, 0xdd, 0xb5, 0xff, 0xf6, 0xdc, 0xb4, 0xff, 
0xf6, 0xdb, 0xb3, 0xff, 0xf5, 0xdb, 0xb3, 0xff, 0xf5, 0xdb, 0xb3, 0xff, 0xf5, 0xdb, 0xb2, 0xff, 
0xf4, 0xda, 0xb2, 0xff, 0xf5, 0xdb, 0xb2, 0xff, 0xf5, 0xdb, 0xb2, 0xff, 0xf6, 0xdb, 0xb2, 0xff, 
0xf5, 0xdb, 0xb1, 0xff, 0xf5, 0xda, 0xb1, 0xff, 0xf5, 0xdb, 0xb3, 0xff, 0xf5, 0xdb, 0xb3, 0xff, 
0xf5, 0xdb, 0xb3, 0xff, 0xf6, 0xdc, 0xb5, 0xff, 0xf6, 0xdc, 0xb5, 0xff, 0xf5, 0xdc, 0xb4, 0xff, 
0xf5, 0xdd, 0xb4, 0xff, 0xf6, 0xdd, 0xb5, 0xff, 0xf7, 0xdd, 0xb5, 0xff, 0xf6, 0xdd, 0xb6, 0xff, 
0xf6, 0xdd, 0xb6, 0xff, 0xf7, 0xde, 0xb7, 0xff, 0xf7, 0xe0, 0xb7, 0xff, 0xf8, 0xdf, 0xb8, 0xff, 
0xf7, 0xe0, 0xb8, 0xff, 0xf8, 0xe1, 0xb9, 0xff, 0xf8, 0xe1, 0xba, 0xff, 0xf7, 0xe0, 0xba, 0xff, 
0xf7, 0xdf, 0xb8, 0xff, 0xf6, 0xde, 0xb8, 0xff, 0xf6, 0xdd, 0xb8, 0xff, 0xf6, 0xdd, 0xb6, 0xff, 
0xf7, 0xde, 0xb7, 0xff, 0xf7, 0xdf, 0xb8, 0xff, 0xf6, 0xde, 0xb5, 0xff, 0xf5, 0xdd, 0xb5, 0xff, 
0xf5, 0xdc, 0xb4, 0xff, 0xf6, 0xdc, 0xb4, 0xff, 0xf6, 0xdb, 0xb3, 0xff, 0xf6, 0xdb, 0xb3, 0xff, 
0xf6, 0xdc, 0xb3, 0xff, 0xf5, 0xdb, 0xb3, 0xff, 0xf5, 0xda, 0xb2, 0xff, 0xf5, 0xda, 0xb2, 0xff, 
0xf6, 0xde, 0xb5, 0xff, 0xf6, 0xde, 0xb6, 0xff, 0xf6, 0xde, 0xb6, 0xff, 0xf6, 0xde, 0xb5, 0xff, 
0xf6, 0xde, 0xb7, 0xff, 0xf6, 0xde, 0xb7, 0xff, 0xf7, 0xdf, 0xb7, 0xff, 0xf7, 0xdf, 0xb7, 0xff, 
0xf7, 0xdf, 0xb7, 0xff, 0xf7, 0xde, 0xb6, 0xff, 0xf7, 0xdf, 0xb6, 0xff, 0xf7, 0xdf, 0xb6, 0xff, 
0xf7, 0xdf, 0xb6, 0xff, 0xf7, 0xdf, 0xb6, 0xff, 0xf6, 0xde, 0xb6, 0xff, 0xf6, 0xde, 0xb5, 0xff, 
0xf7, 0xdf, 0xb6, 0xff, 0xf7, 0xdf, 0xb6, 0xff, 0xf7, 0xdf, 0xb6, 0xff, 0xf7, 0xde, 0xb6, 0xff, 
0xf8, 0xdf, 0xb7, 0xff, 0xf8, 0xdf, 0xb7, 0xff, 0xf8, 0xdf, 0xb7, 0xff, 0xf8, 0xdf, 0xb7, 0xff, 
0xf8, 0xdf, 0xb7, 0xff, 0xf8, 0xde, 0xb7, 0xff, 0xf8, 0xdf, 0xb7, 0xff, 0xf8, 0xde, 0xb8, 0xff, 
0xf8, 0xdf, 0xb9, 0xff, 0xf8, 0xde, 0xb9, 0xff, 0xf8, 0xde, 0xb9, 0xff, 0xf9, 0xdf, 0xba, 0xff, 
0xf9, 0xe0, 0xbb, 0xff, 0xf9, 0xdf, 0xba, 0xff, 0xf9, 0xe0, 0xba, 0xff, 0xf8, 0xe1, 0xbb, 0xff, 
0xf9, 0xe1, 0xba, 0xff, 0xf9, 0xe2, 0xb8, 0xff, 0xfa, 0xe1, 0xba, 0xff, 0xfa, 0xe1, 0xba, 0xff, 
0xfa, 0xe1, 0xba, 0xff, 0xfa, 0xe1, 0xbb, 0xff, 0xfa, 0xe1, 0xbb, 0xff, 0xfa, 0xe1, 0xba, 0xff, 
0xfa, 0xe1, 0xb9, 0xff, 0xfa, 0xe1, 0xb9, 0xff, 0xfa, 0xe1, 0xb9, 0xff, 0xf9, 0xe0, 0xb9, 0xff, 
0xf9, 0xe0, 0xba, 0xff, 0xf9, 0xde, 0xba, 0xff, 0xf9, 0xdf, 0xba, 0xff, 0xf8, 0xe0, 0xba, 0xff, 
0xf9, 0xe0, 0xba, 0xff, 0xf8, 0xe1, 0xb9, 0xff, 0xf8, 0xe0, 0xb7, 0xff, 0xf7, 0xdd, 0xb7, 0xff, 
0xf7, 0xdd, 0xb8, 0xff, 0xf7, 0xde, 0xb7, 0xff, 0xf7, 0xde, 0xb5, 0xff, 0xf6, 0xdd, 0xb6, 0xff, 
0xf7, 0xde, 0xb6, 0xff, 0xf7, 0xde, 0xb6, 0xff, 0xf6, 0xde, 0xb5, 0xff, 0xf6, 0xde, 0xb5, 0xff, 
0xf6, 0xdd, 0xb5, 0xff, 0xf6, 0xdc, 0xb5, 0xff, 0xf7, 0xdc, 0xb4, 0xff, 0xf6, 0xdc, 0xb5, 0xff, 
0xf6, 0xdd, 0xb5, 0xff, 0xf5, 0xdc, 0xb5, 0xff, 0xf6, 0xdd, 0xb5, 0xff, 0xf6, 0xdd, 0xb5, 0xff, 
0xf6, 0xdd, 0xb5, 0xff, 0xf7, 0xdd, 0xb5, 0xff, 0xf6, 0xde, 0xb5, 0xff, 0xf6, 0xdd, 0xb7, 0xff, 
0xf7, 0xde, 0xb7, 0xff, 0xf7, 0xdf, 0xb6, 0xff, 0xf6, 0xde, 0xb6, 0xff, 0xf7, 0xdf, 0xb6, 0xff, 
0xf6, 0xde, 0xb6, 0xff, 0xf6, 0xde, 0xb7, 0xff, 0xf7, 0xde, 0xb7, 0xff, 0xf8, 0xdf, 0xb6, 0xff, 
0xf8, 0xdf, 0xb7, 0xff, 0xf7, 0xde, 0xb7, 0xff, 0xf7, 0xdd, 0xb8, 0xff, 0xf8, 0xde, 0xb8, 0xff, 
0xf8, 0xdf, 0xb9, 0xff, 0xf7, 0xde, 0xb9, 0xff, 0xf8, 0xde, 0xb9, 0xff, 0xf7, 0xdd, 0xb8, 0xff, 
0xf7, 0xde, 0xb7, 0xff, 0xf7, 0xde, 0xb8, 0xff, 0xf7, 0xde, 0xb7, 0xff, 0xf7, 0xde, 0xb7, 0xff, 
0xf7, 0xdf, 0xb7, 0xff, 0xf7, 0xde, 0xb8, 0xff, 0xf7, 0xde, 0xb8, 0xff, 0xf8, 0xdf, 0xb7, 0xff, 
0xf8, 0xdf, 0xb7, 0xff, 0xf8, 0xe0, 0xb7, 0xff, 0xf7, 0xdf, 0xb6, 0xff, 0xf8, 0xdf, 0xb7, 0xff, 
0xf8, 0xdf, 0xb7, 0xff, 0xf8, 0xdf, 0xb7, 0xff, 0xf8, 0xdf, 0xb7, 0xff, 0xf8, 0xe0, 0xb7, 0xff, 
0xf8, 0xe0, 0xb7, 0xff, 0xf9, 0xe0, 0xb8, 0xff, 0xf9, 0xe0, 0xb7, 0xff, 0xf8, 0xe0, 0xb7, 0xff, 
0xf8, 0xe0, 0xb7, 0xff, 0xf8, 0xdf, 0xb8, 0xff, 0xf9, 0xdf, 0xb9, 0xff, 0xf9, 0xe0, 0xb8, 0xff, 
0xf8, 0xe0, 0xb9, 0xff, 0xf8, 0xdf, 0xb8, 0xff, 0xf8, 0xdf, 0xb6, 0xff, 0xf8, 0xde, 0xb9, 0xff, 
0xf8, 0xe0, 0xba, 0xff, 0xf8, 0xe0, 0xb8, 0xff, 0xf8, 0xde, 0xb8, 0xff, 0xf8, 0xdf, 0xb9, 0xff, 
0xf7, 0xdd, 0xb7, 0xff, 0xf6, 0xdd, 0xb7, 0xff, 0xf7, 0xde, 0xb7, 0xff, 0xf7, 0xdd, 0xb7, 0xff, 
0xf7, 0xde, 0xb7, 0xff, 0xf7, 0xdd, 0xb8, 0xff, 0xf8, 0xde, 0xb9, 0xff, 0xf7, 0xde, 0xb8, 0xff, 
0xf8, 0xdf, 0xb8, 0xff, 0xf8, 0xde, 0xb8, 0xff, 0xf8, 0xde, 0xb7, 0xff, 0xf8, 0xdf, 0xb8, 0xff, 
0xf7, 0xde, 0xb9, 0xff, 0xf7, 0xdf, 0xb8, 0xff, 0xf7, 0xde, 0xb9, 0xff, 0xf7, 0xdd, 0xba, 0xff, 
0xf8, 0xdd, 0xb9, 0xff, 0xf8, 0xde, 0xba, 0xff, 0xf7, 0xdf, 0xb9, 0xff, 0xf8, 0xdf, 0xb9, 0xff, 
0xf8, 0xdf, 0xba, 0xff, 0xf7, 0xde, 0xb7, 0xff, 0xf7, 0xde, 0xb7, 0xff, 0xf7, 0xde, 0xb7, 0xff, 
0xf7, 0xde, 0xb7, 0xff, 0xf8, 0xde, 0xb6, 0xff, 0xf7, 0xde, 0xb7, 0xff, 0xf8, 0xde, 0xb7, 0xff, 
0xf7, 0xde, 0xb7, 0xff, 0xf8, 0xdf, 0xb7, 0xff, 0xf8, 0xdf, 0xb7, 0xff, 0xf7, 0xde, 0xb7, 0xff, 
0xf7, 0xde, 0xb6, 0xff, 0xf7, 0xde, 0xb7, 0xff, 0xf7, 0xde, 0xb8, 0xff, 0xf7, 0xde, 0xb9, 0xff, 
0xf8, 0xde, 0xb9, 0xff, 0xf8, 0xde, 0xb8, 0xff, 0xf9, 0xe0, 0xb8, 0xff, 0xf8, 0xe0, 0xb7, 0xff, 
0xf8, 0xe0, 0xb7, 0xff, 0xf8, 0xe0, 0xb7, 0xff, 0xf7, 0xdf, 0xb7, 0xff, 0xf7, 0xdf, 0xb7, 0xff, 
0xf8, 0xe0, 0xb7, 0xff, 0xf8, 0xe0, 0xb7, 0xff, 0xf8, 0xe0, 0xb7, 0xff, 0xf8, 0xdf, 0xb7, 0xff, 
0xf9, 0xe0, 0xb7, 0xff, 0xf8, 0xe0, 0xb7, 0xff, 0xf8, 0xe0, 0xb7, 0xff, 0xf8, 0xdf, 0xb7, 0xff, 
0xf8, 0xdf, 0xb8, 0xff, 0xf8, 0xdf, 0xb9, 0xff, 0xf8, 0xe0, 0xb8, 0xff, 0xf8, 0xe0, 0xb8, 0xff, 
0xf9, 0xe0, 0xb9, 0xff, 0xf9, 0xdf, 0xb9, 0xff, 0xf9, 0xdf, 0xb8, 0xff, 0xf9, 0xe0, 0xb7, 0xff, 
0xf9, 0xe1, 0xb8, 0xff, 0xf9, 0xe0, 0xb8, 0xff, 0xf9, 0xe0, 0xb8, 0xff, 0xf8, 0xe0, 0xba, 0xff, 
0xf9, 0xe1, 0xbc, 0xff, 0xf9, 0xe1, 0xbb, 0xff, 0xf9, 0xe1, 0xbb, 0xff, 0xf8, 0xe0, 0xba, 0xff, 
0xf7, 0xdf, 0xb9, 0xff, 0xf8, 0xe0, 0xbb, 0xff, 0xf9, 0xe1, 0xbd, 0xff, 0xf8, 0xe1, 0xbb, 0xff, 
0xf8, 0xe0, 0xba, 0xff, 0xf8, 0xe0, 0xba, 0xff, 0xf7, 0xdf, 0xb9, 0xff, 0xf7, 0xdf, 0xb9, 0xff, 
0xf7, 0xdf, 0xb9, 0xff, 0xf7, 0xdf, 0xb9, 0xff, 0xf7, 0xde, 0xb9, 0xff, 0xf8, 0xde, 0xb9, 0xff, 
0xf8, 0xde, 0xb9, 0xff, 0xf7, 0xde, 0xb9, 0xff, 0xf7, 0xdf, 0xb9, 0xff, 0xf8, 0xdf, 0xba, 0xff, 
0xf7, 0xe0, 0xb9, 0xff, 0xf6, 0xde, 0xb6, 0xff, 0xf7, 0xde, 0xb7, 0xff, 0xf7, 0xde, 0xb6, 0xff, 
0xf7, 0xde, 0xb6, 0xff, 0xf6, 0xdd, 0xb5, 0xff, 0xf6, 0xde, 0xb5, 0xff, 0xf6, 0xdd, 0xb5, 0xff, 
0xf6, 0xdd, 0xb5, 0xff, 0xf6, 0xdd, 0xb5, 0xff, 0xf6, 0xdd, 0xb5, 0xff, 0xf6, 0xdd, 0xb5, 0xff, 
0xf6, 0xdd, 0xb5, 0xff, 0xf6, 0xdd, 0xb5, 0xff, 0xf6, 0xde, 0xb6, 0xff, 0xf6, 0xde, 0xb6, 0xff, 
0xf7, 0xdf, 0xb6, 0xff, 0xf7, 0xdf, 0xb6, 0xff, 0xf7, 0xdf, 0xb6, 0xff, 0xf6, 0xde, 0xb6, 0xff, 
0xf7, 0xde, 0xb6, 0xff, 0xf8, 0xdf, 0xb7, 0xff, 0xf8, 0xe0, 0xb7, 0xff, 0xf9, 0xe0, 0xb7, 0xff, 
0xf9, 0xe1, 0xb8, 0xff, 0xfa, 0xe2, 0xb9, 0xff, 0xfa, 0xe1, 0xb9, 0xff, 0xfa, 0xe1, 0xba, 0xff, 
0xfa, 0xe1, 0xba, 0xff, 0xfa, 0xe1, 0xba, 0xff, 0xfa, 0xe0, 0xbc, 0xff, 0xf9, 0xe0, 0xba, 0xff, 
0xf9, 0xdf, 0xba, 0xff, 0xf8, 0xdf, 0xba, 0xff, 0xf9, 0xdf, 0xba, 0xff, 0xf8, 0xe1, 0xba, 0xff, 
0xf8, 0xe0, 0xba, 0xff, 0xf9, 0xe0, 0xb9, 0xff, 0xf8, 0xe1, 0xb8, 0xff, 0xf7, 0xdf, 0xb6, 0xff, 
0xf7, 0xdf, 0xb6, 0xff, 0xf6, 0xde, 0xb6, 0xff, 0xf7, 0xde, 0xb6, 0xff, 0xf7, 0xdf, 0xb6, 0xff, 
0xf6, 0xde, 0xb5, 0xff, 0xf6, 0xde, 0xb6, 0xff, 0xf6, 0xde, 0xb5, 0xff, 0xf6, 0xde, 0xb6, 0xff, 
0xf8, 0xde, 0xb6, 0xff, 0xf8, 0xdf, 0xb6, 0xff, 0xf8, 0xdf, 0xb7, 0xff, 0xf8, 0xdf, 0xb6, 0xff, 
0xf8, 0xdf, 0xb7, 0xff, 0xf8, 0xdd, 0xb9, 0xff, 0xf9, 0xdf, 0xb9, 0xff, 0xf9, 0xe0, 0xb8, 0xff, 
0xf8, 0xdf, 0xb8, 0xff, 0xf9, 0xdf, 0xb8, 0xff, 0xf9, 0xe0, 0xb7, 0xff, 0xf8, 0xdf, 0xb7, 0xff, 
0xf9, 0xe0, 0xb8, 0xff, 0xf9, 0xe0, 0xb8, 0xff, 0xf9, 0xdf, 0xb7, 0xff, 0xf9, 0xdf, 0xb8, 0xff, 
0xf9, 0xdf, 0xb7, 0xff, 0xf8, 0xdf, 0xb7, 0xff, 0xf8, 0xdf, 0xb7, 0xff, 0xf9, 0xdf, 0xb7, 0xff, 
0xf9, 0xdf, 0xb7, 0xff, 0xf9, 0xdf, 0xb7, 0xff, 0xf8, 0xdf, 0xb6, 0xff, 0xf8, 0xde, 0xb6, 0xff, 
0xf9, 0xdf, 0xb7, 0xff, 0xf8, 0xdf, 0xb6, 0xff, 0xf8, 0xdf, 0xb6, 0xff, 0xf9, 0xdf, 0xb6, 0xff, 
0xf9, 0xe0, 0xb7, 0xff, 0xfa, 0xe1, 0xb8, 0xff, 0xf9, 0xe0, 0xb8, 0xff, 0xf9, 0xdf, 0xb9, 0xff, 
0xfa, 0xe0, 0xba, 0xff, 0xf9, 0xe0, 0xba, 0xff, 0xf9, 0xe0, 0xb9, 0xff, 0xfa, 0xe0, 0xb9, 0xff, 
0xf9, 0xe0, 0xb9, 0xff, 0xfa, 0xe0, 0xb9, 0xff, 0xfa, 0xe0, 0xba, 0xff, 0xfa, 0xe0, 0xba, 0xff, 
0xfb, 0xe0, 0xbb, 0xff, 0xfa, 0xe0, 0xbb, 0xff, 0xfa, 0xe0, 0xbb, 0xff, 0xfa, 0xe0, 0xbb, 0xff, 
0xfb, 0xe0, 0xbb, 0xff, 0xfa, 0xe0, 0xba, 0xff, 0xfa, 0xe0, 0xba, 0xff, 0xfa, 0xe0, 0xba, 0xff, 
0xfa, 0xdf, 0xbb, 0xff, 0xfa, 0xe0, 0xba, 0xff, 0xfa, 0xdf, 0xba, 0xff, 0xf9, 0xdf, 0xba, 0xff, 
0xfa, 0xdf, 0xba, 0xff, 0xfa, 0xdf, 0xba, 0xff, 0xf9, 0xe0, 0xb8, 0xff, 0xf9, 0xe0, 0xb7, 0xff, 
0xf8, 0xdf, 0xb7, 0xff, 0xf8, 0xdf, 0xb7, 0xff, 0xf8, 0xde, 0xb6, 0xff, 0xf7, 0xde, 0xb6, 0xff, 
0xf7, 0xde, 0xb6, 0xff, 0xf7, 0xde, 0xb6, 0xff, 0xf7, 0xde, 0xb6, 0xff, 0xf7, 0xde, 0xb6, 0xff, 
0xf6, 0xdd, 0xb5, 0xff, 0xf7, 0xdd, 0xb5, 0xff, 0xf7, 0xde, 0xb5, 0xff, 0xf7, 0xdd, 0xb6, 0xff, 
0xf7, 0xde, 0xb5, 0xff, 0xf6, 0xde, 0xb5, 0xff, 0xf6, 0xde, 0xb5, 0xff, 0xf7, 0xdd, 0xb5, 0xff, 
0xf7, 0xdd, 0xb6, 0xff, 0xf7, 0xde, 0xb6, 0xff, 0xf8, 0xdf, 0xb6, 0xff, 0xf8, 0xde, 0xb8, 0xff, 
0xf8, 0xde, 0xb8, 0xff, 0xf8, 0xdf, 0xb7, 0xff, 0xf8, 0xdf, 0xb7, 0xff, 0xf9, 0xdf, 0xb7, 0xff, 
0xf8, 0xdf, 0xb7, 0xff, 0xf8, 0xde, 0xb7, 0xff, 0xf9, 0xdf, 0xb8, 0xff, 0xf9, 0xe0, 0xb7, 0xff, 
0xf9, 0xdf, 0xb8, 0xff, 0xf9, 0xe0, 0xb7, 0xff, 0xf8, 0xdf, 0xb7, 0xff, 0xf8, 0xde, 0xb8, 0xff, 
0xf7, 0xde, 0xb8, 0xff, 0xf7, 0xdf, 0xb8, 0xff, 0xf8, 0xdf, 0xb7, 0xff, 0xf8, 0xde, 0xb8, 0xff, 
0xf7, 0xde, 0xb6, 0xff, 0xf7, 0xde, 0xb6, 0xff, 0xf8, 0xde, 0xb6, 0xff, 0xf8, 0xde, 0xb7, 0xff, 
0xf8, 0xde, 0xb6, 0xff, 0xf8, 0xdf, 0xb7, 0xff, 0xf8, 0xdf, 0xb7, 0xff, 0xf9, 0xdf, 0xb8, 0xff, 
0xf9, 0xe0, 0xb7, 0xff, 0xf9, 0xdf, 0xb7, 0xff, 0xf8, 0xdf, 0xb7, 0xff, 0xf9, 0xe0, 0xb7, 0xff, 
0xf9, 0xe0, 0xb8, 0xff, 0xf9, 0xe0, 0xb7, 0xff, 0xfa, 0xe1, 0xb8, 0xff, 0xf9, 0xe0, 0xb8, 0xff, 
0xf9, 0xe0, 0xb8, 0xff, 0xf9, 0xe0, 0xb9, 0xff, 0xfa, 0xe1, 0xb9, 0xff, 0xfa, 0xe0, 0xb9, 0xff, 
0xfa, 0xe0, 0xb9, 0xff, 0xf9, 0xe0, 0xb9, 0xff, 0xfa, 0xe0, 0xbb, 0xff, 0xfa, 0xe0, 0xba, 0xff, 
0xfa, 0xe0, 0xbb, 0xff, 0xf9, 0xe0, 0xb9, 0xff, 0xf9, 0xe0, 0xb7, 0xff, 0xf9, 0xdf, 0xb8, 0xff, 
0xf9, 0xe0, 0xb8, 0xff, 0xf9, 0xdf, 0xb8, 0xff, 0xf9, 0xe0, 0xb7, 0xff, 0xf8, 0xdf, 0xb7, 0xff, 
0xf8, 0xde, 0xb7, 0xff, 0xf8, 0xde, 0xb6, 0xff, 0xf8, 0xde, 0xb8, 0xff, 0xf8, 0xde, 0xb8, 0xff, 
0xf8, 0xde, 0xb6, 0xff, 0xf8, 0xdf, 0xb7, 0xff, 0xf9, 0xdf, 0xb7, 0xff, 0xf7, 0xde, 0xb6, 0xff, 
0xf8, 0xde, 0xb6, 0xff, 0xf8, 0xdf, 0xb6, 0xff, 0xf8, 0xde, 0xb6, 0xff, 0xf8, 0xde, 0xb6, 0xff, 
0xf8, 0xdf, 0xb7, 0xff, 0xf8, 0xdf, 0xb6, 0xff, 0xf8, 0xdf, 0xb7, 0xff, 0xf8, 0xde, 0xb7, 0xff, 
0xf8, 0xdf, 0xb7, 0xff, 0xf8, 0xde, 0xb8, 0xff, 0xf9, 0xe0, 0xb8, 0xff, 0xf8, 0xdf, 0xb7, 0xff, 
0xf8, 0xdf, 0xb7, 0xff, 0xf8, 0xdf, 0xb6, 0xff, 0xf8, 0xdf, 0xb6, 0xff, 0xf8, 0xde, 0xb6, 0xff, 
0xf8, 0xdf, 0xb7, 0xff, 0xf8, 0xdf, 0xb6, 0xff, 0xf7, 0xde, 0xb6, 0xff, 0xf7, 0xde, 0xb6, 0xff, 
0xf7, 0xde, 0xb6, 0xff, 0xf7, 0xde, 0xb6, 0xff, 0xf7, 0xde, 0xb6, 0xff, 0xf7, 0xde, 0xb6, 0xff, 
0xf7, 0xde, 0xb6, 0xff, 0xf7, 0xde, 0xb6, 0xff, 0xf8, 0xde, 0xb7, 0xff, 0xf8, 0xde, 0xb9, 0xff, 
0xf8, 0xdf, 0xb7, 0xff, 0xf9, 0xe0, 0xb7, 0xff, 0xfa, 0xe0, 0xb9, 0xff, 0xf9, 0xdf, 0xb8, 0xff, 
0xf9, 0xdf, 0xb7, 0xff, 0xf9, 0xe0, 0xb8, 0xff, 0xf9, 0xdf, 0xb8, 0xff, 0xf9, 0xe0, 0xb8, 0xff, 
0xfa, 0xe1, 0xb9, 0xff, 0xf9, 0xe0, 0xb8, 0xff, 0xf9, 0xe0, 0xb7, 0xff, 0xf9, 0xe0, 0xb8, 0xff, 
0xfa, 0xe0, 0xb8, 0xff, 0xf9, 0xe0, 0xb9, 0xff, 0xf9, 0xdf, 0xb9, 0xff, 0xf9, 0xe0, 0xb8, 0xff, 
0xf9, 0xe0, 0xb9, 0xff, 0xf9, 0xe0, 0xba, 0xff, 0xfa, 0xe0, 0xbb, 0xff, 0xf9, 0xe1, 0xba, 0xff, 
0xfa, 0xe1, 0xbb, 0xff, 0xfa, 0xe0, 0xba, 0xff, 0xfa, 0xe1, 0xba, 0xff, 0xfa, 0xe1, 0xb9, 0xff, 
0xfa, 0xe0, 0xba, 0xff, 0xf9, 0xe1, 0xbb, 0xff, 0xf9, 0xe2, 0xba, 0xff, 0xf9, 0xe0, 0xbb, 0xff, 
0xfa, 0xe2, 0xbd, 0xff, 0xfa, 0xe2, 0xbc, 0xff, 0xfa, 0xe2, 0xbc, 0xff, 0xfa, 0xe2, 0xbc, 0xff, 
0xf9, 0xe0, 0xbb, 0xff, 0xf9, 0xe0, 0xba, 0xff, 0xf9, 0xe1, 0xbb, 0xff, 0xf9, 0xe1, 0xbb, 0xff, 
0xf9, 0xe1, 0xba, 0xff, 0xf8, 0xdf, 0xb9, 0xff, 0xf8, 0xdf, 0xb9, 0xff, 0xf8, 0xde, 0xb9, 0xff, 
0xf8, 0xdf, 0xb9, 0xff, 0xf8, 0xdf, 0xb8, 0xff, 0xf9, 0xde, 0xb8, 0xff, 0xf8, 0xdf, 0xb8, 0xff, 
0xf8, 0xde, 0xb8, 0xff, 0xf8, 0xde, 0xb8, 0xff, 0xf8, 0xde, 0xb8, 0xff, 0xf8, 0xde, 0xb8, 0xff, 
0xf8, 0xdf, 0xb8, 0xff, 0xf9, 0xdf, 0xb7, 0xff, 0xf8, 0xdf, 0xb7, 0xff, 0xf8, 0xde, 0xb6, 0xff, 
0xf8, 0xdf, 0xb7, 0xff, 0xf9, 0xdf, 0xb7, 0xff, 0xf8, 0xdf, 0xb7, 0xff, 0xf8, 0xdf, 0xb7, 0xff, 
0xf7, 0xde, 0xb6, 0xff, 0xf7, 0xde, 0xb6, 0xff, 0xf7, 0xde, 0xb6, 0xff, 0xf7, 0xde, 0xb5, 0xff, 
0xf7, 0xde, 0xb6, 0xff, 0xf8, 0xde, 0xb7, 0xff, 0xf8, 0xdf, 0xb7, 0xff, 0xf9, 0xdf, 0xb7, 0xff, 
0xf9, 0xdf, 0xb8, 0xff, 0xf9, 0xdf, 0xb8, 0xff, 0xf8, 0xde, 0xb6, 0xff, 0xf8, 0xdf, 0xb7, 0xff, 
0xf9, 0xdf, 0xb7, 0xff, 0xf9, 0xe0, 0xb8, 0xff, 0xf9, 0xdf, 0xb8, 0xff, 0xf9, 0xe0, 0xb8, 0xff, 
0xfa, 0xe1, 0xb9, 0xff, 0xfa, 0xe0, 0xb9, 0xff, 0xfa, 0xe0, 0xb9, 0xff, 0xfa, 0xe0, 0xb9, 0xff, 
0xfa, 0xe0, 0xb9, 0xff, 0xfa, 0xe0, 0xb9, 0xff, 0xfa, 0xdf, 0xba, 0xff, 0xfa, 0xdf, 0xba, 0xff, 
0xfa, 0xdf, 0xba, 0xff, 0xfa, 0xdf, 0xba, 0xff, 0xfa, 0xe0, 0xba, 0xff, 0xf9, 0xe0, 0xbb, 0xff, 
0xf9, 0xe0, 0xba, 0xff, 0xf9, 0xe0, 0xb9, 0xff, 0xf9, 0xe0, 0xb9, 0xff, 0xf9, 0xe0, 0xb8, 0xff, 
0xf9, 0xe0, 0xb7, 0xff, 0xf8, 0xdf, 0xb7, 0xff, 0xf8, 0xdf, 0xb7, 0xff, 0xf9, 0xdf, 0xb7, 0xff, 
0xf9, 0xdf, 0xb7, 0xff, 0xf8, 0xdf, 0xb7, 0xff, 0xf8, 0xdf, 0xb7, 0xff, 0xf8, 0xdf, 0xb7, 0xff, 
0xf9, 0xe0, 0xbc, 0xff, 0xfa, 0xe0, 0xbc, 0xff, 0xfa, 0xe1, 0xbd, 0xff, 0xfa, 0xe1, 0xbd, 0xff, 
0xfb, 0xe1, 0xbd, 0xff, 0xfa, 0xe1, 0xbd, 0xff, 0xfa, 0xe1, 0xbd, 0xff, 0xfa, 0xe0, 0xbd, 0xff, 
0xfa, 0xe1, 0xbd, 0xff, 0xfb, 0xe1, 0xbe, 0xff, 0xfb, 0xe2, 0xbe, 0xff, 0xfb, 0xe2, 0xbe, 0xff, 
0xfb, 0xe2, 0xbf, 0xff, 0xfb, 0xe2, 0xc0, 0xff, 0xfb, 0xe2, 0xbf, 0xff, 0xfb, 0xe1, 0xbd, 0xff, 
0xfb, 0xe1, 0xbe, 0xff, 0xfa, 0xe1, 0xbd, 0xff, 0xfa, 0xe1, 0xbc, 0xff, 0xfa, 0xe1, 0xbc, 0xff, 
0xfa, 0xe1, 0xbc, 0xff, 0xfa, 0xe1, 0xbc, 0xff, 0xfa, 0xe1, 0xbc, 0xff, 0xfa, 0xe1, 0xbc, 0xff, 
0xfb, 0xe1, 0xbc, 0xff, 0xfb, 0xe1, 0xbb, 0xff, 0xfb, 0xe0, 0xbb, 0xff, 0xfa, 0xe1, 0xbb, 0xff, 
0xfb, 0xe1, 0xbb, 0xff, 0xfb, 0xe1, 0xbb, 0xff, 0xfb, 0xe1, 0xbc, 0xff, 0xfc, 0xe1, 0xbd, 0xff, 
0xfb, 0xe1, 0xbc, 0xff, 0xfc, 0xe1, 0xbc, 0xff, 0xfc, 0xe2, 0xbd, 0xff, 0xfc, 0xe1, 0xbd, 0xff, 
0xfb, 0xe1, 0xbd, 0xff, 0xfc, 0xe2, 0xbe, 0xff, 0xfc, 0xe2, 0xbe, 0xff, 0xfc, 0xe2, 0xbe, 0xff, 
0xfc, 0xe3, 0xc0, 0xff, 0xfd, 0xe3, 0xbf, 0xff, 0xfc, 0xe3, 0xc0, 0xff, 0xfc, 0xe3, 0xbe, 0xff, 
0xfc, 0xe3, 0xbe, 0xff, 0xfc, 0xe2, 0xbe, 0xff, 0xfc, 0xe2, 0xbe, 0xff, 0xfb, 0xe2, 0xbe, 0xff, 
0xfc, 0xe2, 0xbd, 0xff, 0xfb, 0xe2, 0xbd, 0xff, 0xfc, 0xe2, 0xbd, 0xff, 0xfc, 0xe1, 0xbd, 0xff, 
0xfb, 0xe1, 0xbd, 0xff, 0xfb, 0xe1, 0xbd, 0xff, 0xfb, 0xe1, 0xbd, 0xff, 0xfb, 0xe1, 0xbc, 0xff, 
0xfb, 0xe0, 0xbb, 0xff, 0xfa, 0xe0, 0xbb, 0xff, 0xfa, 0xe0, 0xbb, 0xff, 0xfa, 0xe1, 0xbb, 0xff, 
0xf9, 0xdf, 0xba, 0xff, 0xf9, 0xdf, 0xbb, 0xff, 0xf9, 0xdf, 0xbb, 0xff, 0xf9, 0xdf, 0xbb, 0xff, 
0xf8, 0xdf, 0xba, 0xff, 0xf8, 0xe0, 0xbb, 0xff, 0xf8, 0xe0, 0xbb, 0xff, 0xf9, 0xe0, 0xbc, 0xff, 
0xf9, 0xe0, 0xbc, 0xff, 0xf8, 0xe0, 0xbb, 0xff, 0xf9, 0xdf, 0xbb, 0xff, 0xf8, 0xe0, 0xbb, 0xff, 
0xf8, 0xe0, 0xbb, 0xff, 0xf9, 0xe1, 0xbd, 0xff, 0xfa, 0xe0, 0xbc, 0xff, 0xfa, 0xe0, 0xbb, 0xff, 
0xf9, 0xe0, 0xbc, 0xff, 0xfa, 0xe0, 0xbc, 0xff, 0xfa, 0xe0, 0xbc, 0xff, 0xfa, 0xe0, 0xbc, 0xff, 
0xfa, 0xe1, 0xbd, 0xff, 0xfa, 0xe1, 0xbc, 0xff, 0xfa, 0xe1, 0xbd, 0xff, 0xfb, 0xe1, 0xbd, 0xff, 
0xfb, 0xe0, 0xbd, 0xff, 0xfb, 0xe2, 0xbc, 0xff, 0xfa, 0xe0, 0xbb, 0xff, 0xfa, 0xe0, 0xbb, 0xff, 
0xfa, 0xe0, 0xba, 0xff, 0xfa, 0xe0, 0xba, 0xff, 0xfa, 0xe0, 0xbb, 0xff, 0xfa, 0xe0, 0xbb, 0xff, 
0xfa, 0xe0, 0xbc, 0xff, 0xfa, 0xe0, 0xbb, 0xff, 0xfa, 0xe0, 0xbb, 0xff, 0xfa, 0xdf, 0xbb, 0xff, 
0xf9, 0xe1, 0xbb, 0xff, 0xfa, 0xe1, 0xbb, 0xff, 0xfa, 0xe1, 0xbc, 0xff, 0xfb, 0xe0, 0xbc, 0xff, 
0xfb, 0xe0, 0xbc, 0xff, 0xfb, 0xe0, 0xbc, 0xff, 0xfa, 0xe0, 0xbc, 0xff, 0xfb, 0xe2, 0xbd, 0xff, 
0xfb, 0xe3, 0xbe, 0xff, 0xfb, 0xe3, 0xbf, 0xff, 0xfc, 0xe3, 0xbf, 0xff, 0xfb, 0xe3, 0xbf, 0xff, 
0xfb, 0xe3, 0xbf, 0xff, 0xfb, 0xe3, 0xbe, 0xff, 0xfb, 0xe3, 0xbe, 0xff, 0xfb, 0xe3, 0xc0, 0xff, 
0xfb, 0xe3, 0xc0, 0xff, 0xfb, 0xe3, 0xbe, 0xff, 0xfc, 0xe2, 0xbe, 0xff, 0xfb, 0xe2, 0xbe, 0xff, 
0xfb, 0xe2, 0xbe, 0xff, 0xfb, 0xe1, 0xbe, 0xff, 0xfb, 0xe1, 0xbd, 0xff, 0xfb, 0xe1, 0xbd, 0xff, 
0xfa, 0xe0, 0xbc, 0xff, 0xfa, 0xe0, 0xbc, 0xff, 0xfa, 0xe0, 0xbb, 0xff, 0xfa, 0xe0, 0xbb, 0xff, 
0xfb, 0xe1, 0xbc, 0xff, 0xfa, 0xe0, 0xbc, 0xff, 0xfa, 0xe0, 0xbb, 0xff, 0xfa, 0xe0, 0xbb, 0xff, 
0xfa, 0xe1, 0xbb, 0xff, 0xfa, 0xe0, 0xbb, 0xff, 0xfa, 0xe0, 0xba, 0xff, 0xf9, 0xdf, 0xba, 0xff, 
0xf9, 0xe0, 0xba, 0xff, 0xfa, 0xe0, 0xba, 0xff, 0xfa, 0xdf, 0xba, 0xff, 0xfa, 0xe0, 0xba, 0xff, 
0xfb, 0xe0, 0xbb, 0xff, 0xfa, 0xe0, 0xba, 0xff, 0xfb, 0xe1, 0xba, 0xff, 0xfb, 0xe1, 0xbb, 0xff, 
0xfa, 0xe0, 0xba, 0xff, 0xfa, 0xe0, 0xb9, 0xff, 0xfb, 0xe0, 0xba, 0xff, 0xf9, 0xdf, 0xba, 0xff, 
0xfa, 0xdf, 0xba, 0xff, 0xfb, 0xe0, 0xbb, 0xff, 0xfa, 0xe0, 0xbb, 0xff, 0xfa, 0xdf, 0xbb, 0xff, 
0xfa, 0xe0, 0xba, 0xff, 0xf9, 0xe0, 0xbb, 0xff, 0xf9, 0xe1, 0xbb, 0xff, 0xf9, 0xe0, 0xbb, 0xff, 
0xf9, 0xe0, 0xba, 0xff, 0xf9, 0xdf, 0xb9, 0xff, 0xf9, 0xdf, 0xba, 0xff, 0xfa, 0xe0, 0xbb, 0xff, 
0xf9, 0xdf, 0xba, 0xff, 0xf9, 0xdf, 0xba, 0xff, 0xfa, 0xe0, 0xbb, 0xff, 0xf9, 0xdf, 0xba, 0xff, 
0xf9, 0xe0, 0xba, 0xff, 0xfa, 0xe0, 0xbb, 0xff, 0xfb, 0xe1, 0xbc, 0xff, 0xfb, 0xe1, 0xbd, 0xff, 
0xfa, 0xe1, 0xbc, 0xff, 0xfa, 0xe1, 0xbd, 0xff, 0xfa, 0xe1, 0xbd, 0xff, 0xfa, 0xe2, 0xbd, 0xff, 
0xfb, 0xe3, 0xbf, 0xff, 0xfb, 0xe3, 0xbf, 0xff, 0xfb, 0xe2, 0xbf, 0xff, 0xfb, 0xe3, 0xbf, 0xff, 
0xfb, 0xe3, 0xbf, 0xff, 0xfb, 0xe2, 0xbf, 0xff, 0xfb, 0xe2, 0xbf, 0xff, 0xfc, 0xe3, 0xc0, 0xff, 
0xfb, 0xe3, 0xc0, 0xff, 0xfb, 0xe3, 0xbf, 0xff, 0xfb, 0xe2, 0xc0, 0xff, 0xfb, 0xe3, 0xc0, 0xff, 
0xfc, 0xe4, 0xc1, 0xff, 0xfb, 0xe3, 0xc0, 0xff, 0xfb, 0xe3, 0xc1, 0xff, 0xfb, 0xe3, 0xc1, 0xff, 
0xfb, 0xe3, 0xc1, 0xff, 0xfc, 0xe4, 0xc2, 0xff, 0xfc, 0xe4, 0xc2, 0xff, 0xfc, 0xe3, 0xc0, 0xff, 
0xfc, 0xe3, 0xc0, 0xff, 0xfc, 0xe3, 0xc1, 0xff, 0xfc, 0xe3, 0xc1, 0xff, 0xfc, 0xe3, 0xc0, 0xff, 
0xfc, 0xe3, 0xc1, 0xff, 0xfb, 0xe3, 0xc0, 0xff, 0xfb, 0xe2, 0xbf, 0xff, 0xfb, 0xe2, 0xbe, 0xff, 
0xfb, 0xe2, 0xbf, 0xff, 0xfa, 0xe2, 0xbd, 0xff, 0xfb, 0xe2, 0xbe, 0xff, 0xfa, 0xe2, 0xbd, 0xff, 
0xfa, 0xe1, 0xbc, 0xff, 0xfa, 0xe1, 0xbc, 0xff, 0xfa, 0xe1, 0xbd, 0xff, 0xfa, 0xe1, 0xbc, 0xff, 
0xfa, 0xe0, 0xbb, 0xff, 0xfa, 0xe0, 0xbb, 0xff, 0xfa, 0xe0, 0xbb, 0xff, 0xfa, 0xe0, 0xbc, 0xff, 
0xfa, 0xe0, 0xbb, 0xff, 0xfb, 0xe1, 0xbc, 0xff, 0xfa, 0xe1, 0xbc, 0xff, 0xfa, 0xe0, 0xbc, 0xff, 
0xf9, 0xe0, 0xbb, 0xff, 0xfa, 0xe1, 0xbd, 0xff, 0xf9, 0xe2, 0xbc, 0xff, 0xf9, 0xe1, 0xbc, 0xff, 
0xf9, 0xe0, 0xbb, 0xff, 0xf8, 0xe0, 0xbb, 0xff, 0xf9, 0xe0, 0xbb, 0xff, 0xf9, 0xe0, 0xbb, 0xff, 
0xf9, 0xe1, 0xbd, 0xff, 0xfa, 0xe1, 0xbc, 0xff, 0xfa, 0xe0, 0xbc, 0xff, 0xfa, 0xe0, 0xbc, 0xff, 
0xfa, 0xe1, 0xbd, 0xff, 0xfa, 0xe0, 0xbc, 0xff, 0xfa, 0xe0, 0xbc, 0xff, 0xfb, 0xe1, 0xbc, 0xff, 
0xfb, 0xe2, 0xbd, 0xff, 0xfb, 0xe2, 0xbe, 0xff, 0xfb, 0xe1, 0xbe, 0xff, 0xfb, 0xe1, 0xbe, 0xff, 
0xfc, 0xe2, 0xbf, 0xff, 0xfc, 0xe2, 0xbf, 0xff, 0xfc, 0xe3, 0xbf, 0xff, 0xfc, 0xe2, 0xbe, 0xff, 
0xfc, 0xe1, 0xbe, 0xff, 0xfc, 0xe2, 0xbe, 0xff, 0xfc, 0xe3, 0xbe, 0xff, 0xfc, 0xe3, 0xbe, 0xff, 
0xfc, 0xe3, 0xbd, 0xff, 0xfd, 0xe3, 0xbe, 0xff, 0xfc, 0xe1, 0xbd, 0xff, 0xfc, 0xe2, 0xbd, 0xff, 
0xfc, 0xe1, 0xbd, 0xff, 0xfb, 0xe1, 0xbd, 0xff, 0xfc, 0xe1, 0xbd, 0xff, 0xfc, 0xe2, 0xbe, 0xff, 
0xfb, 0xe1, 0xbd, 0xff, 0xfb, 0xe0, 0xbc, 0xff, 0xfb, 0xe1, 0xbd, 0xff, 0xfa, 0xe2, 0xbd, 0xff, 
0xfb, 0xe2, 0xbd, 0xff, 0xfa, 0xe0, 0xbc, 0xff, 0xfa, 0xe2, 0xbc, 0xff, 0xfa, 0xe0, 0xbc, 0xff, 
0xfd, 0xe4, 0xc1, 0xff, 0xfd, 0xe4, 0xc2, 0xff, 0xfd, 0xe4, 0xc1, 0xff, 0xfd, 0xe5, 0xc2, 0xff, 
0xfd, 0xe5, 0xc2, 0xff, 0xfe, 0xe5, 0xc2, 0xff, 0xfd, 0xe5, 0xc1, 0xff, 0xfd, 0xe5, 0xc1, 0xff, 
0xfd, 0xe5, 0xc1, 0xff, 0xfd, 0xe5, 0xc2, 0xff, 0xfd, 0xe5, 0xc3, 0xff, 0xfd, 0xe5, 0xc3, 0xff, 
0xfd, 0xe5, 0xc2, 0xff, 0xfd, 0xe5, 0xc2, 0xff, 0xfd, 0xe5, 0xc3, 0xff, 0xfd, 0xe5, 0xc2, 0xff, 
0xfd, 0xe5, 0xc3, 0xff, 0xfd, 0xe5, 0xc4, 0xff, 0xfd, 0xe6, 0xc4, 0xff, 0xfd, 0xe5, 0xc4, 0xff, 
0xfd, 0xe5, 0xc4, 0xff, 0xfd, 0xe6, 0xc5, 0xff, 0xfd, 0xe6, 0xc6, 0xff, 0xfd, 0xe6, 0xc5, 0xff, 
0xfd, 0xe6, 0xc6, 0xff, 0xfd, 0xe7, 0xc7, 0xff, 0xfe, 0xe8, 0xc9, 0xff, 0xfd, 0xe9, 0xc9, 0xff, 
0xfd, 0xe7, 0xc7, 0xff, 0xfe, 0xe7, 0xc7, 0xff, 0xfe, 0xe8, 0xc7, 0xff, 0xfe, 0xe8, 0xc8, 0xff, 
0xfe, 0xe8, 0xc8, 0xff, 0xfe, 0xe8, 0xc9, 0xff, 0xfe, 0xe8, 0xc8, 0xff, 0xfe, 0xe9, 0xc8, 0xff, 
0xff, 0xe9, 0xc9, 0xff, 0xff, 0xe9, 0xca, 0xff, 0xfe, 0xe8, 0xc8, 0xff, 0xfe, 0xe9, 0xc8, 0xff, 
0xff, 0xe9, 0xc9, 0xff, 0xfe, 0xe9, 0xc9, 0xff, 0xfe, 0xe9, 0xc9, 0xff, 0xff, 0xe9, 0xc9, 0xff, 
0xfe, 0xe9, 0xc9, 0xff, 0xff, 0xea, 0xc9, 0xff, 0xfe, 0xe9, 0xc9, 0xff, 0xfe, 0xe9, 0xc8, 0xff, 
0xfe, 0xe8, 0xc9, 0xff, 0xfe, 0xe9, 0xc8, 0xff, 0xfe, 0xe9, 0xc9, 0xff, 0xff, 0xe9, 0xc9, 0xff, 
0xfe, 0xe8, 0xc7, 0xff, 0xfe, 0xe8, 0xc7, 0xff, 0xfe, 0xe8, 0xc7, 0xff, 0xff, 0xe7, 0xc7, 0xff, 
0xfe, 0xe6, 0xc5, 0xff, 0xfe, 0xe6, 0xc5, 0xff, 0xfe, 0xe7, 0xc5, 0xff, 0xfe, 0xe6, 0xc4, 0xff, 
0xfd, 0xe5, 0xc3, 0xff, 0xfe, 0xe6, 0xc4, 0xff, 0xfd, 0xe5, 0xc4, 0xff, 0xfd, 0xe5, 0xc3, 0xff, 
0xfd, 0xe4, 0xc1, 0xff, 0xfc, 0xe4, 0xc0, 0xff, 0xfc, 0xe4, 0xc0, 0xff, 0xfc, 0xe4, 0xc1, 0xff, 
0xfc, 0xe4, 0xc1, 0xff, 0xfc, 0xe4, 0xc0, 0xff, 0xfc, 0xe3, 0xbf, 0xff, 0xfc, 0xe3, 0xbf, 0xff, 
0xfc, 0xe4, 0xc0, 0xff, 0xfd, 0xe4, 0xc0, 0xff, 0xfd, 0xe5, 0xc1, 0xff, 0xfd, 0xe5, 0xc1, 0xff, 
0xfd, 0xe4, 0xc0, 0xff, 0xfc, 0xe4, 0xc0, 0xff, 0xfd, 0xe4, 0xc3, 0xff, 0xfd, 0xe5, 0xc2, 0xff, 
0xfd, 0xe5, 0xc2, 0xff, 0xfd, 0xe4, 0xc3, 0xff, 0xfd, 0xe5, 0xc4, 0xff, 0xfe, 0xe6, 0xc5, 0xff, 
0xfe, 0xe6, 0xc4, 0xff, 0xfd, 0xe6, 0xc4, 0xff, 0xfd, 0xe5, 0xc4, 0xff, 0xfd, 0xe6, 0xc4, 0xff, 
0xfd, 0xe5, 0xc4, 0xff, 0xfd, 0xe5, 0xc4, 0xff, 0xfe, 0xe6, 0xc5, 0xff, 0xfe, 0xe6, 0xc5, 0xff, 
0xfe, 0xe6, 0xc5, 0xff, 0xfe, 0xe6, 0xc5, 0xff, 0xfe, 0xe6, 0xc5, 0xff, 0xfe, 0xe6, 0xc5, 0xff, 
0xfe, 0xe7, 0xc5, 0xff, 0xfe, 0xe6, 0xc5, 0xff, 0xfe, 0xe6, 0xc5, 0xff, 0xfe, 0xe7, 0xc6, 0xff, 
0xff, 0xe7, 0xc6, 0xff, 0xfe, 0xe7, 0xc5, 0xff, 0xfe, 0xe6, 0xc5, 0xff, 0xfe, 0xe7, 0xc6, 0xff, 
0xfe, 0xe7, 0xc6, 0xff, 0xfe, 0xe7, 0xc7, 0xff, 0xfe, 0xe7, 0xc5, 0xff, 0xfe, 0xe7, 0xc6, 0xff, 
0xfe, 0xe7, 0xc5, 0xff, 0xfe, 0xe7, 0xc5, 0xff, 0xfe, 0xe6, 0xc5, 0xff, 0xfe, 0xe7, 0xc5, 0xff, 
0xfe, 0xe7, 0xc6, 0xff, 0xfe, 0xe8, 0xc6, 0xff, 0xfe, 0xe7, 0xc5, 0xff, 0xfe, 0xe6, 0xc4, 0xff, 
0xfe, 0xe7, 0xc5, 0xff, 0xff, 0xe7, 0xc6, 0xff, 0xff, 0xe7, 0xc6, 0xff, 0xfe, 0xe6, 0xc5, 0xff, 
0xfe, 0xe7, 0xc6, 0xff, 0xfe, 0xe6, 0xc5, 0xff, 0xfe, 0xe6, 0xc5, 0xff, 0xfe, 0xe6, 0xc5, 0xff, 
0xfe, 0xe6, 0xc5, 0xff, 0xfe, 0xe6, 0xc5, 0xff, 0xfd, 0xe5, 0xc3, 0xff, 0xfd, 0xe5, 0xc4, 0xff, 
0xfd, 0xe6, 0xc5, 0xff, 0xfd, 0xe6, 0xc5, 0xff, 0xfd, 0xe6, 0xc5, 0xff, 0xfd, 0xe6, 0xc5, 0xff, 
0xfd, 0xe6, 0xc5, 0xff, 0xfd, 0xe6, 0xc5, 0xff, 0xfd, 0xe6, 0xc6, 0xff, 0xfd, 0xe8, 0xc8, 0xff, 
0xfe, 0xe8, 0xc8, 0xff, 0xfd, 0xe7, 0xc7, 0xff, 0xfe, 0xe6, 0xc6, 0xff, 0xfe, 0xe7, 0xc6, 0xff, 
0xfe, 0xe7, 0xc7, 0xff, 0xfe, 0xe7, 0xc6, 0xff, 0xfe, 0xe7, 0xc6, 0xff, 0xfe, 0xe7, 0xc6, 0xff, 
0xfd, 0xe6, 0xc5, 0xff, 0xfd, 0xe7, 0xc6, 0xff, 0xfd, 0xe7, 0xc6, 0xff, 0xfe, 0xe7, 0xc5, 0xff, 
0xfd, 0xe6, 0xc5, 0xff, 0xfe, 0xe6, 0xc5, 0xff, 0xfe, 0xe6, 0xc6, 0xff, 0xfe, 0xe6, 0xc5, 0xff, 
0xfe, 0xe6, 0xc5, 0xff, 0xfe, 0xe5, 0xc5, 0xff, 0xfe, 0xe6, 0xc5, 0xff, 0xfe, 0xe6, 0xc5, 0xff, 
0xfe, 0xe6, 0xc5, 0xff, 0xfd, 0xe5, 0xc4, 0xff, 0xfe, 0xe6, 0xc5, 0xff, 0xfe, 0xe7, 0xc6, 0xff, 
0xfe, 0xe7, 0xc6, 0xff, 0xfe, 0xe6, 0xc5, 0xff, 0xfe, 0xe7, 0xc5, 0xff, 0xfe, 0xe7, 0xc6, 0xff, 
0xfe, 0xe7, 0xc6, 0xff, 0xfe, 0xe6, 0xc5, 0xff, 0xfe, 0xe7, 0xc5, 0xff, 0xfe, 0xe7, 0xc6, 0xff, 
0xfe, 0xe8, 0xc7, 0xff, 0xfe, 0xe7, 0xc7, 0xff, 0xfe, 0xe7, 0xc7, 0xff, 0xfe, 0xe7, 0xc6, 0xff, 
0xfe, 0xe7, 0xc6, 0xff, 0xfe, 0xe6, 0xc5, 0xff, 0xff, 0xe6, 0xc6, 0xff, 0xfe, 0xe8, 0xc7, 0xff, 
0xff, 0xe7, 0xc6, 0xff, 0xfe, 0xe7, 0xc6, 0xff, 0xfe, 0xe6, 0xc5, 0xff, 0xfe, 0xe7, 0xc6, 0xff, 
0xfe, 0xe7, 0xc6, 0xff, 0xfe, 0xe7, 0xc6, 0xff, 0xfe, 0xe7, 0xc6, 0xff, 0xfe, 0xe6, 0xc6, 0xff, 
0xff, 0xe7, 0xc8, 0xff, 0xfe, 0xe7, 0xc7, 0xff, 0xfe, 0xe8, 0xc8, 0xff, 0xfe, 0xe8, 0xc8, 0xff, 
0xfe, 0xe8, 0xc7, 0xff, 0xff, 0xe7, 0xc6, 0xff, 0xfe, 0xe8, 0xc7, 0xff, 0xfe, 0xe8, 0xc8, 0xff, 
0xfe, 0xe8, 0xc8, 0xff, 0xfe, 0xe7, 0xc7, 0xff, 0xfe, 0xe8, 0xc7, 0xff, 0xfe, 0xe8, 0xc8, 0xff, 
0xfe, 0xe7, 0xc6, 0xff, 0xfd, 0xe7, 0xc6, 0xff, 0xfe, 0xe7, 0xc7, 0xff, 0xfd, 0xe7, 0xc7, 0xff, 
0xfc, 0xe6, 0xc5, 0xff, 0xfc, 0xe6, 0xc6, 0xff, 0xfd, 0xe7, 0xc7, 0xff, 0xfd, 0xe7, 0xc7, 0xff, 
0xfd, 0xe7, 0xc7, 0xff, 0xfd, 0xe7, 0xc7, 0xff, 0xfd, 0xe6, 0xc5, 0xff, 0xfe, 0xe6, 0xc5, 0xff, 
0xfd, 0xe6, 0xc6, 0xff, 0xfd, 0xe7, 0xc7, 0xff, 0xfd, 0xe7, 0xc6, 0xff, 0xfd, 0xe6, 0xc4, 0xff, 
0xfe, 0xe5, 0xc4, 0xff, 0xfe, 0xe6, 0xc4, 0xff, 0xfe, 0xe5, 0xc3, 0xff, 0xfe, 0xe5, 0xc2, 0xff, 
0xfd, 0xe4, 0xc2, 0xff, 0xfc, 0xe4, 0xc0, 0xff, 0xfc, 0xe4, 0xc0, 0xff, 0xfc, 0xe4, 0xc0, 0xff, 
0xfc, 0xe4, 0xc0, 0xff, 0xfd, 0xe4, 0xc1, 0xff, 0xfd, 0xe4, 0xc3, 0xff, 0xfc, 0xe4, 0xc0, 0xff, 
0xfc, 0xe4, 0xc1, 0xff, 0xfd, 0xe5, 0xc2, 0xff, 0xfd, 0xe5, 0xc3, 0xff, 0xfd, 0xe5, 0xc4, 0xff, 
0xfd, 0xe6, 0xc4, 0xff, 0xfd, 0xe6, 0xc5, 0xff, 0xfe, 0xe6, 0xc6, 0xff, 0xfe, 0xe7, 0xc7, 0xff, 
0xfd, 0xe8, 0xc7, 0xff, 0xfd, 0xe8, 0xc7, 0xff, 0xfd, 0xe8, 0xc8, 0xff, 0xfe, 0xe9, 0xc8, 0xff, 
0xfe, 0xea, 0xca, 0xff, 0xfe, 0xea, 0xcd, 0xff, 0xfe, 0xeb, 0xcb, 0xff, 0xfe, 0xea, 0xca, 0xff, 
0xfe, 0xe9, 0xc9, 0xff, 0xfe, 0xe9, 0xc9, 0xff, 0xff, 0xe9, 0xc9, 0xff, 0xff, 0xe9, 0xc9, 0xff, 
0xfe, 0xe8, 0xc8, 0xff, 0xfe, 0xe7, 0xc6, 0xff, 0xfe, 0xe8, 0xc7, 0xff, 0xfe, 0xe8, 0xc7, 0xff, 
0xfe, 0xe7, 0xc6, 0xff, 0xfe, 0xe6, 0xc5, 0xff, 0xfe, 0xe7, 0xc5, 0xff, 0xfe, 0xe7, 0xc5, 0xff, 
0xfe, 0xe6, 0xc5, 0xff, 0xfd, 0xe5, 0xc3, 0xff, 0xfd, 0xe5, 0xc3, 0xff, 0xfd, 0xe4, 0xc2, 0xff, 
0xff, 0xe8, 0xc9, 0xff, 0xff, 0xe9, 0xc8, 0xff, 0xff, 0xe8, 0xc8, 0xff, 0xff, 0xe8, 0xc8, 0xff, 
0xff, 0xe9, 0xc8, 0xff, 0xff, 0xe9, 0xc8, 0xff, 0xff, 0xe8, 0xc6, 0xff, 0xff, 0xe7, 0xc6, 0xff, 
0xff, 0xe7, 0xc6, 0xff, 0xff, 0xe6, 0xc6, 0xff, 0xff, 0xe7, 0xc5, 0xff, 0xfd, 0xe5, 0xc3, 0xff, 
0xfe, 0xe6, 0xc4, 0xff, 0xff, 0xe6, 0xc5, 0xff, 0xfe, 0xe6, 0xc3, 0xff, 0xfe, 0xe6, 0xc4, 0xff, 
0xff, 0xe6, 0xc5, 0xff, 0xff, 0xe6, 0xc5, 0xff, 0xff, 0xe7, 0xc6, 0xff, 0xff, 0xe7, 0xc7, 0xff, 
0xff, 0xe7, 0xc7, 0xff, 0xfe, 0xe7, 0xc7, 0xff, 0xff, 0xe8, 0xc8, 0xff, 0xff, 0xe8, 0xca, 0xff, 
0xff, 0xe8, 0xc9, 0xff, 0xfe, 0xe8, 0xca, 0xff, 0xff, 0xea, 0xcc, 0xff, 0xff, 0xeb, 0xcc, 0xff, 
0xff, 0xeb, 0xce, 0xff, 0xfe, 0xeb, 0xd0, 0xff, 0xff, 0xeb, 0xd1, 0xff, 0xff, 0xeb, 0xd1, 0xff, 
0xff, 0xeb, 0xd0, 0xff, 0xff, 0xeb, 0xd2, 0xff, 0xff, 0xeb, 0xd2, 0xff, 0xff, 0xec, 0xd3, 0xff, 
0xff, 0xec, 0xd2, 0xff, 0xff, 0xed, 0xd4, 0xff, 0xff, 0xed, 0xd3, 0xff, 0xff, 0xec, 0xd2, 0xff, 
0xff, 0xec, 0xd1, 0xff, 0xff, 0xec, 0xd0, 0xff, 0xff, 0xec, 0xd0, 0xff, 0xff, 0xec, 0xd0, 0xff, 
0xff, 0xec, 0xd0, 0xff, 0xff, 0xec, 0xd0, 0xff, 0xff, 0xed, 0xd2, 0xff, 0xff, 0xed, 0xd2, 0xff, 
0xff, 0xec, 0xd3, 0xff, 0xff, 0xed, 0xd3, 0xff, 0xff, 0xec, 0xd1, 0xff, 0xff, 0xec, 0xd2, 0xff, 
0xff, 0xec, 0xd2, 0xff, 0xff, 0xeb, 0xd0, 0xff, 0xff, 0xeb, 0xd0, 0xff, 0xff, 0xea, 0xd0, 0xff, 
0xff, 0xeb, 0xcf, 0xff, 0xff, 0xeb, 0xce, 0xff, 0xff, 0xea, 0xcd, 0xff, 0xff, 0xea, 0xcc, 0xff, 
0xff, 0xea, 0xcd, 0xff, 0xff, 0xea, 0xcc, 0xff, 0xff, 0xea, 0xcc, 0xff, 0xff, 0xe9, 0xcc, 0xff, 
0xff, 0xe9, 0xcb, 0xff, 0xff, 0xe9, 0xc9, 0xff, 0xff, 0xe8, 0xc8, 0xff, 0xfe, 0xe8, 0xc7, 0xff, 
0xfe, 0xe8, 0xc6, 0xff, 0xff, 0xe7, 0xc6, 0xff, 0xff, 0xe8, 0xc7, 0xff, 0xfe, 0xe8, 0xc6, 0xff, 
0xff, 0xe8, 0xc6, 0xff, 0xff, 0xe8, 0xc7, 0xff, 0xff, 0xe8, 0xc8, 0xff, 0xff, 0xe9, 0xc8, 0xff, 
0xff, 0xe9, 0xc7, 0xff, 0xff, 0xe8, 0xc6, 0xff, 0xff, 0xe8, 0xc7, 0xff, 0xff, 0xe8, 0xc7, 0xff, 
0xff, 0xe8, 0xc8, 0xff, 0xff, 0xe8, 0xc8, 0xff, 0xff, 0xe8, 0xc8, 0xff, 0xff, 0xe8, 0xc7, 0xff, 
0xff, 0xe8, 0xc7, 0xff, 0xff, 0xe7, 0xc8, 0xff, 0xff, 0xe8, 0xc8, 0xff, 0xff, 0xe9, 0xca, 0xff, 
0xff, 0xe9, 0xcb, 0xff, 0xff, 0xe9, 0xcb, 0xff, 0xfe, 0xe9, 0xca, 0xff, 0xff, 0xe9, 0xcc, 0xff, 
0xff, 0xe9, 0xcc, 0xff, 0xff, 0xe9, 0xcc, 0xff, 0xff, 0xea, 0xcc, 0xff, 0xff, 0xea, 0xcb, 0xff, 
0xff, 0xea, 0xcc, 0xff, 0xff, 0xea, 0xcd, 0xff, 0xff, 0xea, 0xcd, 0xff, 0xff, 0xea, 0xce, 0xff, 
0xff, 0xeb, 0xcf, 0xff, 0xff, 0xec, 0xcf, 0xff, 0xff, 0xeb, 0xce, 0xff, 0xff, 0xea, 0xcc, 0xff, 
0xff, 0xea, 0xcd, 0xff, 0xff, 0xea, 0xcc, 0xff, 0xff, 0xeb, 0xcc, 0xff, 0xfe, 0xea, 0xcb, 0xff, 
0xff, 0xeb, 0xcb, 0xff, 0xff, 0xeb, 0xcc, 0xff, 0xff, 0xeb, 0xcd, 0xff, 0xff, 0xeb, 0xcc, 0xff, 
0xff, 0xeb, 0xcd, 0xff, 0xff, 0xeb, 0xcf, 0xff, 0xff, 0xea, 0xcc, 0xff, 0xfe, 0xe9, 0xca, 0xff, 
0xfe, 0xe9, 0xca, 0xff, 0xfe, 0xea, 0xca, 0xff, 0xfe, 0xea, 0xca, 0xff, 0xfe, 0xe9, 0xca, 0xff, 
0xfe, 0xea, 0xcb, 0xff, 0xff, 0xea, 0xcb, 0xff, 0xff, 0xe9, 0xcb, 0xff, 0xfe, 0xe9, 0xcb, 0xff, 
0xfe, 0xe9, 0xcb, 0xff, 0xfe, 0xe9, 0xca, 0xff, 0xff, 0xe9, 0xca, 0xff, 0xff, 0xe9, 0xcb, 0xff, 
0xff, 0xe8, 0xca, 0xff, 0xff, 0xe8, 0xca, 0xff, 0xff, 0xe9, 0xcb, 0xff, 0xff, 0xe9, 0xcb, 0xff, 
0xff, 0xe9, 0xcb, 0xff, 0xff, 0xea, 0xcb, 0xff, 0xfe, 0xea, 0xcc, 0xff, 0xfe, 0xeb, 0xcd, 0xff, 
0xfe, 0xeb, 0xcd, 0xff, 0xfe, 0xeb, 0xcd, 0xff, 0xfe, 0xeb, 0xce, 0xff, 0xfe, 0xeb, 0xcf, 0xff, 
0xfe, 0xec, 0xce, 0xff, 0xff, 0xec, 0xcf, 0xff, 0xff, 0xec, 0xcf, 0xff, 0xff, 0xeb, 0xce, 0xff, 
0xff, 0xea, 0xce, 0xff, 0xff, 0xea, 0xcd, 0xff, 0xfe, 0xeb, 0xcd, 0xff, 0xff, 0xeb, 0xce, 0xff, 
0xff, 0xea, 0xcc, 0xff, 0xff, 0xe9, 0xcc, 0xff, 0xff, 0xe9, 0xcb, 0xff, 0xfe, 0xe9, 0xcc, 0xff, 
0xff, 0xe9, 0xcc, 0xff, 0xff, 0xea, 0xcc, 0xff, 0xff, 0xea, 0xcc, 0xff, 0xff, 0xea, 0xcc, 0xff, 
0xff, 0xea, 0xcc, 0xff, 0xff, 0xea, 0xcd, 0xff, 0xff, 0xea, 0xcd, 0xff, 0xff, 0xeb, 0xcd, 0xff, 
0xff, 0xec, 0xce, 0xff, 0xff, 0xeb, 0xcd, 0xff, 0xff, 0xeb, 0xce, 0xff, 0xff, 0xec, 0xcd, 0xff, 
0xff, 0xec, 0xd0, 0xff, 0xff, 0xec, 0xcf, 0xff, 0xff, 0xea, 0xcd, 0xff, 0xff, 0xea, 0xcc, 0xff, 
0xff, 0xea, 0xcc, 0xff, 0xff, 0xea, 0xcc, 0xff, 0xff, 0xea, 0xcc, 0xff, 0xff, 0xea, 0xcb, 0xff, 
0xff, 0xea, 0xcc, 0xff, 0xff, 0xeb, 0xcc, 0xff, 0xff, 0xeb, 0xcd, 0xff, 0xfe, 0xeb, 0xcd, 0xff, 
0xff, 0xeb, 0xce, 0xff, 0xff, 0xea, 0xcd, 0xff, 0xff, 0xea, 0xcb, 0xff, 0xff, 0xea, 0xcb, 0xff, 
0xff, 0xea, 0xcc, 0xff, 0xff, 0xea, 0xcb, 0xff, 0xfe, 0xea, 0xcb, 0xff, 0xff, 0xea, 0xcb, 0xff, 
0xff, 0xeb, 0xcc, 0xff, 0xff, 0xeb, 0xcc, 0xff, 0xff, 0xeb, 0xcd, 0xff, 0xfe, 0xeb, 0xce, 0xff, 
0xff, 0xec, 0xcd, 0xff, 0xfe, 0xea, 0xca, 0xff, 0xff, 0xea, 0xca, 0xff, 0xff, 0xea, 0xcc, 0xff, 
0xff, 0xea, 0xcc, 0xff, 0xff, 0xea, 0xcc, 0xff, 0xff, 0xea, 0xcc, 0xff, 0xff, 0xea, 0xcd, 0xff, 
0xff, 0xea, 0xcd, 0xff, 0xff, 0xeb, 0xce, 0xff, 0xff, 0xea, 0xcb, 0xff, 0xff, 0xea, 0xcb, 0xff, 
0xfe, 0xe9, 0xcb, 0xff, 0xfe, 0xe9, 0xcc, 0xff, 0xfe, 0xe9, 0xcd, 0xff, 0xfe, 0xea, 0xcd, 0xff, 
0xfe, 0xea, 0xcd, 0xff, 0xff, 0xea, 0xce, 0xff, 0xff, 0xeb, 0xcd, 0xff, 0xff, 0xeb, 0xcd, 0xff, 
0xff, 0xea, 0xcd, 0xff, 0xfe, 0xeb, 0xcd, 0xff, 0xfe, 0xea, 0xcd, 0xff, 0xff, 0xea, 0xcc, 0xff, 
0xff, 0xe9, 0xcb, 0xff, 0xff, 0xe8, 0xca, 0xff, 0xff, 0xe8, 0xca, 0xff, 0xff, 0xe8, 0xc9, 0xff, 
0xff, 0xe8, 0xc8, 0xff, 0xff, 0xe8, 0xc8, 0xff, 0xff, 0xe8, 0xc8, 0xff, 0xff, 0xe8, 0xc8, 0xff, 
0xff, 0xe8, 0xc7, 0xff, 0xff, 0xe8, 0xc7, 0xff, 0xff, 0xe8, 0xc7, 0xff, 0xff, 0xe8, 0xc5, 0xff, 
0xff, 0xe7, 0xc6, 0xff, 0xff, 0xe7, 0xc5, 0xff, 0xff, 0xe8, 0xc7, 0xff, 0xff, 0xe8, 0xc8, 0xff, 
0xff, 0xe8, 0xc8, 0xff, 0xff, 0xe8, 0xc8, 0xff, 0xff, 0xe8, 0xc9, 0xff, 0xff, 0xe9, 0xca, 0xff, 
0xfe, 0xe9, 0xca, 0xff, 0xfd, 0xe9, 0xca, 0xff, 0xfe, 0xe9, 0xcb, 0xff, 0xfe, 0xea, 0xcb, 0xff, 
0xfe, 0xeb, 0xcd, 0xff, 0xff, 0xeb, 0xcf, 0xff, 0xff, 0xec, 0xd0, 0xff, 0xff, 0xec, 0xd1, 0xff, 
0xff, 0xec, 0xd3, 0xff, 0xff, 0xec, 0xd3, 0xff, 0xff, 0xec, 0xd1, 0xff, 0xff, 0xeb, 0xd0, 0xff, 
0xff, 0xeb, 0xd1, 0xff, 0xff, 0xeb, 0xd0, 0xff, 0xfe, 0xeb, 0xcf, 0xff, 0xfe, 0xeb, 0xd0, 0xff, 
0xff, 0xeb, 0xcf, 0xff, 0xff, 0xea, 0xcd, 0xff, 0xff, 0xea, 0xcc, 0xff, 0xff, 0xea, 0xcb, 0xff, 
0xff, 0xe9, 0xcb, 0xff, 0xfe, 0xe9, 0xca, 0xff, 0xff, 0xe9, 0xca, 0xff, 0xff, 0xe9, 0xc8, 0xff, 
0xfe, 0xec, 0xcd, 0xff, 0xfe, 0xea, 0xcc, 0xff, 0xfe, 0xea, 0xcb, 0xff, 0xfe, 0xea, 0xcb, 0xff, 
0xfe, 0xe9, 0xca, 0xff, 0xfe, 0xea, 0xca, 0xff, 0xfe, 0xea, 0xcb, 0xff, 0xfe, 0xea, 0xc9, 0xff, 
0xfe, 0xea, 0xc9, 0xff, 0xfe, 0xe9, 0xc9, 0xff, 0xfe, 0xe9, 0xc8, 0xff, 0xfe, 0xe8, 0xc7, 0xff, 
0xfe, 0xe8, 0xc8, 0xff, 0xfe, 0xe7, 0xc7, 0xff, 0xfe, 0xe7, 0xc4, 0xff, 0xfe, 0xe8, 0xc5, 0xff, 
0xff, 0xe8, 0xc6, 0xff, 0xfe, 0xe7, 0xc5, 0xff, 0xfe, 0xe7, 0xc5, 0xff, 0xfe, 0xe8, 0xc6, 0xff, 
0xff, 0xe8, 0xc7, 0xff, 0xfe, 0xe9, 0xc8, 0xff, 0xff, 0xe9, 0xc9, 0xff, 0xff, 0xe9, 0xc9, 0xff, 
0xfe, 0xe9, 0xc7, 0xff, 0xfe, 0xe8, 0xc8, 0xff, 0xff, 0xe9, 0xc9, 0xff, 0xfe, 0xea, 0xcc, 0xff, 
0xfe, 0xeb, 0xcf, 0xff, 0xff, 0xeb, 0xd0, 0xff, 0xff, 0xeb, 0xd1, 0xff, 0xff, 0xeb, 0xd1, 0xff, 
0xfe, 0xeb, 0xd0, 0xff, 0xff, 0xeb, 0xd1, 0xff, 0xff, 0xec, 0xd2, 0xff, 0xff, 0xeb, 0xd2, 0xff, 
0xff, 0xeb, 0xd1, 0xff, 0xfe, 0xec, 0xd3, 0xff, 0xff, 0xed, 0xd5, 0xff, 0xff, 0xec, 0xd4, 0xff, 
0xff, 0xed, 0xd4, 0xff, 0xff, 0xed, 0xd3, 0xff, 0xfe, 0xed, 0xd2, 0xff, 0xfe, 0xec, 0xd1, 0xff, 
0xff, 0xec, 0xd2, 0xff, 0xff, 0xed, 0xd2, 0xff, 0xff, 0xee, 0xd4, 0xff, 0xff, 0xee, 0xd4, 0xff, 
0xff, 0xed, 0xd4, 0xff, 0xff, 0xec, 0xd3, 0xff, 0xff, 0xeb, 0xd0, 0xff, 0xff, 0xec, 0xd1, 0xff, 
0xff, 0xec, 0xd2, 0xff, 0xff, 0xeb, 0xd1, 0xff, 0xfe, 0xea, 0xd0, 0xff, 0xfe, 0xeb, 0xcf, 0xff, 
0xfe, 0xeb, 0xd0, 0xff, 0xfe, 0xeb, 0xd0, 0xff, 0xff, 0xeb, 0xd0, 0xff, 0xff, 0xec, 0xcf, 0xff, 
0xff, 0xeb, 0xcf, 0xff, 0xff, 0xeb, 0xce, 0xff, 0xff, 0xeb, 0xce, 0xff, 0xff, 0xea, 0xce, 0xff, 
0xfe, 0xeb, 0xcf, 0xff, 0xff, 0xeb, 0xce, 0xff, 0xff, 0xea, 0xcb, 0xff, 0xff, 0xeb, 0xcc, 0xff, 
0xff, 0xea, 0xcc, 0xff, 0xfe, 0xea, 0xcb, 0xff, 0xfe, 0xea, 0xcc, 0xff, 0xff, 0xea, 0xcc, 0xff, 
0xff, 0xeb, 0xcb, 0xff, 0xff, 0xec, 0xcb, 0xff, 0xfe, 0xea, 0xca, 0xff, 0xfe, 0xe9, 0xca, 0xff, 
0xfe, 0xea, 0xcb, 0xff, 0xfe, 0xea, 0xca, 0xff, 0xfe, 0xea, 0xc9, 0xff, 0xfe, 0xea, 0xca, 0xff, 
0xff, 0xea, 0xca, 0xff, 0xff, 0xea, 0xca, 0xff, 0xfe, 0xe9, 0xca, 0xff, 0xff, 0xe9, 0xc9, 0xff, 
0xfe, 0xe8, 0xc7, 0xff, 0xfe, 0xe9, 0xc9, 0xff, 0xff, 0xe9, 0xc9, 0xff, 0xff, 0xe9, 0xc9, 0xff, 
0xff, 0xe9, 0xca, 0xff, 0xfe, 0xe9, 0xcb, 0xff, 0xfd, 0xe9, 0xca, 0xff, 0xfe, 0xe9, 0xcb, 0xff, 
0xfe, 0xea, 0xcd, 0xff, 0xfe, 0xeb, 0xce, 0xff, 0xfe, 0xeb, 0xce, 0xff, 0xff, 0xea, 0xce, 0xff, 
0xff, 0xec, 0xcf, 0xff, 0xff, 0xec, 0xd0, 0xff, 0xff, 0xec, 0xd0, 0xff, 0xff, 0xeb, 0xd0, 0xff, 
0xff, 0xeb, 0xd0, 0xff, 0xff, 0xec, 0xd2, 0xff, 0xff, 0xec, 0xd2, 0xff, 0xff, 0xeb, 0xd1, 0xff, 
0xff, 0xed, 0xd3, 0xff, 0xfe, 0xed, 0xd2, 0xff, 0xfe, 0xee, 0xd1, 0xff, 0xff, 0xee, 0xd1, 0xff, 
0xff, 0xee, 0xd2, 0xff, 0xfe, 0xed, 0xd1, 0xff, 0xff, 0xee, 0xd1, 0xff, 0xff, 0xed, 0xcf, 0xff, 
0xff, 0xed, 0xcf, 0xff, 0xff, 0xeb, 0xd0, 0xff, 0xff, 0xeb, 0xce, 0xff, 0xff, 0xeb, 0xce, 0xff, 
0xfe, 0xeb, 0xcc, 0xff, 0xfe, 0xe9, 0xcb, 0xff, 0xfe, 0xea, 0xcb, 0xff, 0xfe, 0xea, 0xcb, 0xff, 
0xfe, 0xea, 0xca, 0xff, 0xfe, 0xe9, 0xca, 0xff, 0xfe, 0xe9, 0xca, 0xff, 0xfe, 0xe9, 0xca, 0xff, 
0xfe, 0xe9, 0xca, 0xff, 0xfd, 0xe9, 0xca, 0xff, 0xfe, 0xe9, 0xca, 0xff, 0xfe, 0xe9, 0xca, 0xff, 
0xfe, 0xe8, 0xc9, 0xff, 0xfe, 0xe9, 0xca, 0xff, 0xff, 0xe9, 0xca, 0xff, 0xfe, 0xe8, 0xca, 0xff, 
0xff, 0xe9, 0xca, 0xff, 0xff, 0xe9, 0xca, 0xff, 0xff, 0xe9, 0xcb, 0xff, 0xfe, 0xe9, 0xca, 0xff, 
0xfe, 0xea, 0xcc, 0xff, 0xfe, 0xeb, 0xce, 0xff, 0xfe, 0xec, 0xcf, 0xff, 0xfe, 0xea, 0xd0, 0xff, 
0xfe, 0xea, 0xcf, 0xff, 0xff, 0xeb, 0xce, 0xff, 0xff, 0xec, 0xcf, 0xff, 0xfe, 0xec, 0xce, 0xff, 
0xff, 0xeb, 0xce, 0xff, 0xff, 0xea, 0xcd, 0xff, 0xff, 0xeb, 0xce, 0xff, 0xfe, 0xeb, 0xce, 0xff, 
0xfe, 0xeb, 0xce, 0xff, 0xff, 0xec, 0xcf, 0xff, 0xff, 0xec, 0xcf, 0xff, 0xff, 0xec, 0xcf, 0xff, 
0xff, 0xec, 0xcf, 0xff, 0xff, 0xeb, 0xce, 0xff, 0xff, 0xeb, 0xce, 0xff, 0xff, 0xeb, 0xce, 0xff, 
0xff, 0xeb, 0xcf, 0xff, 0xff, 0xec, 0xcf, 0xff, 0xff, 0xeb, 0xd0, 0xff, 0xff, 0xeb, 0xce, 0xff, 
0xfe, 0xec, 0xcf, 0xff, 0xff, 0xed, 0xd0, 0xff, 0xff, 0xec, 0xd0, 0xff, 0xff, 0xec, 0xd0, 0xff, 
0xff, 0xec, 0xd1, 0xff, 0xff, 0xec, 0xd2, 0xff, 0xff, 0xec, 0xd1, 0xff, 0xff, 0xec, 0xd1, 0xff, 
0xff, 0xed, 0xd1, 0xff, 0xff, 0xed, 0xd3, 0xff, 0xff, 0xee, 0xd2, 0xff, 0xff, 0xed, 0xd1, 0xff, 
0xff, 0xee, 0xd1, 0xff, 0xfe, 0xee, 0xd0, 0xff, 0xff, 0xed, 0xcf, 0xff, 0xff, 0xed, 0xcf, 0xff, 
0xff, 0xec, 0xd1, 0xff, 0xff, 0xeb, 0xd1, 0xff, 0xff, 0xec, 0xd0, 0xff, 0xff, 0xec, 0xcf, 0xff, 
0xff, 0xed, 0xcf, 0xff, 0xff, 0xed, 0xcf, 0xff, 0xff, 0xed, 0xd0, 0xff, 0xff, 0xed, 0xd0, 0xff, 
0xfe, 0xee, 0xd0, 0xff, 0xff, 0xed, 0xcf, 0xff, 0xff, 0xed, 0xcf, 0xff, 0xff, 0xec, 0xd1, 0xff, 
0xff, 0xed, 0xd1, 0xff, 0xff, 0xec, 0xcf, 0xff, 0xff, 0xeb, 0xcd, 0xff, 0xff, 0xeb, 0xcd, 0xff, 
0xff, 0xeb, 0xce, 0xff, 0xfe, 0xeb, 0xcd, 0xff, 0xff, 0xeb, 0xcd, 0xff, 0xfe, 0xea, 0xcd, 0xff, 
0xff, 0xeb, 0xcc, 0xff, 0xff, 0xea, 0xcb, 0xff, 0xfe, 0xea, 0xcb, 0xff, 0xfe, 0xea, 0xcb, 0xff, 
0xff, 0xea, 0xcb, 0xff, 0xfe, 0xe9, 0xcb, 0xff, 0xfe, 0xea, 0xcc, 0xff, 0xfe, 0xeb, 0xcd, 0xff, 
0xfe, 0xea, 0xcd, 0xff, 0xfe, 0xeb, 0xcd, 0xff, 0xff, 0xec, 0xcf, 0xff, 0xff, 0xec, 0xcf, 0xff, 
0xff, 0xea, 0xce, 0xff, 0xff, 0xeb, 0xce, 0xff, 0xfe, 0xeb, 0xcf, 0xff, 0xfe, 0xea, 0xd0, 0xff, 
0xff, 0xec, 0xce, 0xff, 0xff, 0xec, 0xce, 0xff, 0xff, 0xeb, 0xcd, 0xff, 0xff, 0xec, 0xcc, 0xff, 
0xff, 0xec, 0xcc, 0xff, 0xfe, 0xeb, 0xcc, 0xff, 0xfe, 0xea, 0xcb, 0xff, 0xff, 0xea, 0xcb, 0xff, 
0xfe, 0xeb, 0xcb, 0xff, 0xfe, 0xea, 0xcb, 0xff, 0xfe, 0xea, 0xca, 0xff, 0xff, 0xea, 0xca, 0xff, 
0xff, 0xea, 0xca, 0xff, 0xff, 0xea, 0xca, 0xff, 0xff, 0xea, 0xc9, 0xff, 0xff, 0xea, 0xca, 0xff, 
0xff, 0xea, 0xca, 0xff, 0xfe, 0xe9, 0xc8, 0xff, 0xff, 0xe9, 0xc9, 0xff, 0xff, 0xe9, 0xc9, 0xff, 
0xff, 0xe9, 0xcb, 0xff, 0xfe, 0xea, 0xca, 0xff, 0xff, 0xea, 0xcb, 0xff, 0xfe, 0xea, 0xcc, 0xff, 
0xfe, 0xe9, 0xcb, 0xff, 0xfe, 0xea, 0xcb, 0xff, 0xff, 0xeb, 0xd0, 0xff, 0xff, 0xeb, 0xd3, 0xff, 
0xff, 0xed, 0xd3, 0xff, 0xff, 0xec, 0xd4, 0xff, 0xff, 0xeb, 0xd2, 0xff, 0xff, 0xeb, 0xd1, 0xff, 
0xff, 0xec, 0xd1, 0xff, 0xff, 0xec, 0xd1, 0xff, 0xff, 0xeb, 0xd1, 0xff, 0xff, 0xeb, 0xcf, 0xff, 
0xff, 0xec, 0xd0, 0xff, 0xff, 0xeb, 0xd1, 0xff, 0xff, 0xec, 0xd0, 0xff, 0xff, 0xec, 0xce, 0xff, 
0xff, 0xec, 0xce, 0xff, 0xfe, 0xec, 0xcf, 0xff, 0xff, 0xec, 0xcd, 0xff, 0xff, 0xec, 0xcd, 0xff, 
0xff, 0xec, 0xcc, 0xff, 0xff, 0xec, 0xcc, 0xff, 0xfe, 0xeb, 0xca, 0xff, 0xff, 0xec, 0xca, 0xff, 
0xff, 0xeb, 0xca, 0xff, 0xff, 0xeb, 0xca, 0xff, 0xfe, 0xea, 0xca, 0xff, 0xfe, 0xeb, 0xc9, 0xff, 
0xfe, 0xea, 0xc8, 0xff, 0xfd, 0xeb, 0xc8, 0xff, 0xfe, 0xeb, 0xc8, 0xff, 0xfe, 0xeb, 0xc8, 0xff, 
0xfe, 0xea, 0xc7, 0xff, 0xfd, 0xea, 0xc5, 0xff, 0xfe, 0xe9, 0xc6, 0xff, 0xfe, 0xea, 0xc6, 0xff, 
0xfe, 0xea, 0xc7, 0xff, 0xfe, 0xea, 0xc8, 0xff, 0xfe, 0xeb, 0xc8, 0xff, 0xfe, 0xeb, 0xc8, 0xff, 
0xfe, 0xeb, 0xc9, 0xff, 0xff, 0xeb, 0xc9, 0xff, 0xff, 0xec, 0xca, 0xff, 0xff, 0xec, 0xca, 0xff, 
0xff, 0xec, 0xcb, 0xff, 0xff, 0xec, 0xcc, 0xff, 0xff, 0xec, 0xcd, 0xff, 0xff, 0xed, 0xce, 0xff, 
0xff, 0xec, 0xce, 0xff, 0xff, 0xed, 0xcf, 0xff, 0xff, 0xed, 0xcf, 0xff, 0xff, 0xee, 0xd1, 0xff, 
0xff, 0xee, 0xd4, 0xff, 0xff, 0xef, 0xd5, 0xff, 0xff, 0xee, 0xd3, 0xff, 0xfe, 0xee, 0xd1, 0xff, 
0xff, 0xee, 0xd2, 0xff, 0xfe, 0xee, 0xd2, 0xff, 0xfe, 0xee, 0xd2, 0xff, 0xff, 0xef, 0xd4, 0xff, 
0xff, 0xee, 0xd4, 0xff, 0xff, 0xee, 0xd4, 0xff, 0xff, 0xef, 0xd5, 0xff, 0xfe, 0xef, 0xd2, 0xff, 
0xff, 0xee, 0xd3, 0xff, 0xfe, 0xee, 0xd2, 0xff, 0xfe, 0xee, 0xd2, 0xff, 0xfe, 0xee, 0xd2, 0xff, 
0xfe, 0xee, 0xd1, 0xff, 0xff, 0xee, 0xd2, 0xff, 0xff, 0xee, 0xd4, 0xff, 0xff, 0xee, 0xd4, 0xff, 
0xff, 0xee, 0xd4, 0xff, 0xfe, 0xee, 0xd1, 0xff, 0xfe, 0xed, 0xcf, 0xff, 0xff, 0xed, 0xcf, 0xff, 
0xff, 0xed, 0xcf, 0xff, 0xff, 0xed, 0xcf, 0xff, 0xff, 0xed, 0xcf, 0xff, 0xff, 0xed, 0xce, 0xff, 
0xff, 0xed, 0xcd, 0xff, 0xff, 0xec, 0xcc, 0xff, 0xff, 0xec, 0xcc, 0xff, 0xff, 0xec, 0xcc, 0xff, 
0xff, 0xeb, 0xcb, 0xff, 0xff, 0xeb, 0xcc, 0xff, 0xff, 0xeb, 0xcb, 0xff, 0xff, 0xeb, 0xca, 0xff, 
0xff, 0xeb, 0xcb, 0xff, 0xfe, 0xec, 0xcb, 0xff, 0xfe, 0xeb, 0xca, 0xff, 0xff, 0xed, 0xcc, 0xff, 
0xff, 0xed, 0xcb, 0xff, 0xff, 0xec, 0xca, 0xff, 0xff, 0xeb, 0xca, 0xff, 0xfe, 0xea, 0xca, 0xff, 
0xfe, 0xeb, 0xca, 0xff, 0xfe, 0xeb, 0xc9, 0xff, 0xfe, 0xeb, 0xc8, 0xff, 0xfe, 0xeb, 0xc8, 0xff, 
0xfe, 0xeb, 0xc8, 0xff, 0xfe, 0xeb, 0xc8, 0xff, 0xfe, 0xeb, 0xc8, 0xff, 0xfe, 0xeb, 0xc9, 0xff, 
0xfe, 0xeb, 0xc9, 0xff, 0xff, 0xec, 0xca, 0xff, 0xff, 0xec, 0xca, 0xff, 0xff, 0xeb, 0xca, 0xff, 
0xfe, 0xea, 0xca, 0xff, 0xff, 0xeb, 0xcb, 0xff, 0xff, 0xeb, 0xcb, 0xff, 0xff, 0xea, 0xcb, 0xff, 
0xff, 0xea, 0xca, 0xff, 0xfe, 0xeb, 0xcc, 0xff, 0xff, 0xec, 0xcd, 0xff, 0xff, 0xec, 0xcd, 0xff, 
0xff, 0xed, 0xce, 0xff, 0xff, 0xed, 0xcf, 0xff, 0xff, 0xed, 0xce, 0xff, 0xff, 0xed, 0xcf, 0xff, 
0xff, 0xed, 0xcf, 0xff, 0xff, 0xed, 0xd0, 0xff, 0xfe, 0xed, 0xd2, 0xff, 0xfe, 0xed, 0xd1, 0xff, 
0xfe, 0xed, 0xd1, 0xff, 0xfe, 0xed, 0xd0, 0xff, 0xfe, 0xed, 0xd1, 0xff, 0xff, 0xed, 0xd0, 0xff, 
0xfe, 0xee, 0xd1, 0xff, 0xfe, 0xee, 0xd0, 0xff, 0xff, 0xee, 0xd0, 0xff, 0xff, 0xed, 0xce, 0xff, 
0xff, 0xed, 0xce, 0xff, 0xff, 0xed, 0xce, 0xff, 0xff, 0xed, 0xcd, 0xff, 0xff, 0xed, 0xce, 0xff, 
0xff, 0xed, 0xcd, 0xff, 0xff, 0xea, 0xcc, 0xff, 0xff, 0xea, 0xcc, 0xff, 0xff, 0xeb, 0xcb, 0xff, 
0xff, 0xec, 0xcb, 0xff, 0xfe, 0xeb, 0xca, 0xff, 0xfe, 0xeb, 0xca, 0xff, 0xfe, 0xea, 0xc9, 0xff, 
0xfe, 0xeb, 0xca, 0xff, 0xfe, 0xeb, 0xca, 0xff, 0xfe, 0xeb, 0xca, 0xff, 0xfe, 0xea, 0xc9, 0xff, 
0xfe, 0xeb, 0xca, 0xff, 0xff, 0xeb, 0xca, 0xff, 0xff, 0xeb, 0xca, 0xff, 0xff, 0xea, 0xcb, 0xff, 
0xff, 0xeb, 0xcb, 0xff, 0xff, 0xea, 0xcb, 0xff, 0xff, 0xea, 0xcb, 0xff, 0xff, 0xeb, 0xcc, 0xff, 
0xff, 0xec, 0xce, 0xff, 0xff, 0xed, 0xce, 0xff, 0xff, 0xed, 0xce, 0xff, 0xff, 0xec, 0xcf, 0xff, 
0xff, 0xec, 0xd0, 0xff, 0xff, 0xed, 0xd1, 0xff, 0xfe, 0xee, 0xd2, 0xff, 0xff, 0xed, 0xd1, 0xff, 
0xff, 0xed, 0xcf, 0xff, 0xff, 0xec, 0xce, 0xff, 0xff, 0xed, 0xce, 0xff, 0xff, 0xed, 0xcd, 0xff, 
0xff, 0xed, 0xcd, 0xff, 0xff, 0xed, 0xcd, 0xff, 0xff, 0xed, 0xce, 0xff, 0xff, 0xed, 0xce, 0xff, 
0xff, 0xed, 0xce, 0xff, 0xff, 0xed, 0xce, 0xff, 0xff, 0xed, 0xcd, 0xff, 0xff, 0xec, 0xcd, 0xff, 
0xff, 0xed, 0xcd, 0xff, 0xff, 0xed, 0xcd, 0xff, 0xff, 0xed, 0xce, 0xff, 0xff, 0xee, 0xcf, 0xff, 
0xfe, 0xed, 0xd0, 0xff, 0xff, 0xed, 0xd0, 0xff, 0xff, 0xed, 0xcf, 0xff, 0xff, 0xec, 0xce, 0xff, 
0xff, 0xed, 0xce, 0xff, 0xfe, 0xee, 0xd1, 0xff, 0xfe, 0xed, 0xd1, 0xff, 0xfe, 0xed, 0xd1, 0xff, 
0xfe, 0xed, 0xd1, 0xff, 0xfe, 0xed, 0xd0, 0xff, 0xfe, 0xed, 0xd1, 0xff, 0xfe, 0xee, 0xd1, 0xff, 
0xfe, 0xee, 0xd0, 0xff, 0xfe, 0xef, 0xce, 0xff, 0xff, 0xee, 0xcf, 0xff, 0xff, 0xed, 0xcf, 0xff, 
0xff, 0xed, 0xd0, 0xff, 0xff, 0xed, 0xd1, 0xff, 0xff, 0xed, 0xd0, 0xff, 0xfe, 0xed, 0xcf, 0xff, 
0xff, 0xed, 0xcf, 0xff, 0xff, 0xed, 0xcf, 0xff, 0xfe, 0xee, 0xd0, 0xff, 0xfe, 0xee, 0xd0, 0xff, 
0xfe, 0xef, 0xd0, 0xff, 0xfe, 0xed, 0xcf, 0xff, 0xff, 0xed, 0xcf, 0xff, 0xff, 0xee, 0xd1, 0xff, 
0xff, 0xed, 0xd0, 0xff, 0xfe, 0xee, 0xd0, 0xff, 0xff, 0xed, 0xcf, 0xff, 0xff, 0xed, 0xcd, 0xff, 
0xff, 0xec, 0xcc, 0xff, 0xfe, 0xec, 0xcc, 0xff, 0xff, 0xec, 0xcc, 0xff, 0xfe, 0xec, 0xcc, 0xff, 
0xfe, 0xec, 0xcb, 0xff, 0xfe, 0xeb, 0xcb, 0xff, 0xfe, 0xec, 0xcc, 0xff, 0xfe, 0xeb, 0xcc, 0xff, 
0xff, 0xeb, 0xcb, 0xff, 0xfe, 0xeb, 0xcb, 0xff, 0xfe, 0xec, 0xcc, 0xff, 0xff, 0xed, 0xcc, 0xff, 
0xff, 0xec, 0xcc, 0xff, 0xff, 0xed, 0xce, 0xff, 0xff, 0xed, 0xcf, 0xff, 0xff, 0xed, 0xce, 0xff, 
0xff, 0xec, 0xce, 0xff, 0xff, 0xec, 0xcd, 0xff, 0xff, 0xed, 0xcf, 0xff, 0xff, 0xed, 0xcf, 0xff, 
0xff, 0xed, 0xcd, 0xff, 0xff, 0xed, 0xcd, 0xff, 0xff, 0xed, 0xcc, 0xff, 0xff, 0xec, 0xcc, 0xff, 
0xfe, 0xec, 0xcb, 0xff, 0xfe, 0xec, 0xca, 0xff, 0xfe, 0xeb, 0xca, 0xff, 0xfe, 0xeb, 0xca, 0xff, 
0xff, 0xeb, 0xca, 0xff, 0xff, 0xeb, 0xca, 0xff, 0xff, 0xeb, 0xca, 0xff, 0xff, 0xeb, 0xca, 0xff, 
0xff, 0xeb, 0xc9, 0xff, 0xfe, 0xeb, 0xc9, 0xff, 0xff, 0xec, 0xc9, 0xff, 0xfe, 0xeb, 0xc9, 0xff, 
0xff, 0xeb, 0xca, 0xff, 0xff, 0xeb, 0xcb, 0xff, 0xff, 0xec, 0xcb, 0xff, 0xff, 0xea, 0xcb, 0xff, 
0xff, 0xe9, 0xcc, 0xff, 0xff, 0xec, 0xcc, 0xff, 0xff, 0xec, 0xcc, 0xff, 0xff, 0xed, 0xcd, 0xff, 
0xff, 0xed, 0xcf, 0xff, 0xff, 0xee, 0xcf, 0xff, 0xff, 0xed, 0xd0, 0xff, 0xff, 0xed, 0xd0, 0xff, 
0xfe, 0xed, 0xd1, 0xff, 0xff, 0xee, 0xd3, 0xff, 0xff, 0xef, 0xd6, 0xff, 0xff, 0xef, 0xd5, 0xff, 
0xff, 0xef, 0xd4, 0xff, 0xfe, 0xee, 0xd2, 0xff, 0xff, 0xee, 0xd0, 0xff, 0xfe, 0xed, 0xce, 0xff, 
0xff, 0xed, 0xce, 0xff, 0xff, 0xed, 0xd0, 0xff, 0xff, 0xee, 0xce, 0xff, 0xff, 0xed, 0xcc, 0xff, 
0xff, 0xed, 0xcd, 0xff, 0xff, 0xed, 0xcd, 0xff, 0xff, 0xed, 0xcd, 0xff, 0xff, 0xed, 0xce, 0xff, 
0xff, 0xec, 0xcc, 0xff, 0xff, 0xec, 0xcb, 0xff, 0xff, 0xec, 0xcb, 0xff, 0xff, 0xec, 0xca, 0xff, 
0xfe, 0xeb, 0xca, 0xff, 0xff, 0xea, 0xca, 0xff, 0xfe, 0xea, 0xc9, 0xff, 0xff, 0xeb, 0xc9, 0xff, 
0xfe, 0xea, 0xc9, 0xff, 0xff, 0xe9, 0xc8, 0xff, 0xff, 0xe9, 0xc7, 0xff, 0xff, 0xe9, 0xc6, 0xff, 
0xff, 0xe9, 0xc6, 0xff, 0xff, 0xe9, 0xc4, 0xff, 0xfe, 0xe9, 0xc3, 0xff, 0xfe, 0xe8, 0xc3, 0xff, 
0xfe, 0xe9, 0xc4, 0xff, 0xfe, 0xe9, 0xc4, 0xff, 0xfe, 0xe9, 0xc4, 0xff, 0xff, 0xe9, 0xc6, 0xff, 
0xfe, 0xe9, 0xc6, 0xff, 0xff, 0xe8, 0xc7, 0xff, 0xfe, 0xe9, 0xc6, 0xff, 0xfe, 0xea, 0xc8, 0xff, 
0xff, 0xeb, 0xca, 0xff, 0xfe, 0xeb, 0xca, 0xff, 0xfe, 0xeb, 0xc9, 0xff, 0xfe, 0xea, 0xcb, 0xff, 
0xfe, 0xeb, 0xcb, 0xff, 0xff, 0xeb, 0xcd, 0xff, 0xff, 0xec, 0xce, 0xff, 0xff, 0xec, 0xcf, 0xff, 
0xff, 0xec, 0xd1, 0xff, 0xff, 0xec, 0xd1, 0xff, 0xff, 0xed, 0xd2, 0xff, 0xff, 0xeb, 0xd1, 0xff, 
0xff, 0xeb, 0xd0, 0xff, 0xff, 0xed, 0xd1, 0xff, 0xff, 0xed, 0xd2, 0xff, 0xfe, 0xee, 0xd2, 0xff, 
0xfe, 0xee, 0xd2, 0xff, 0xfe, 0xee, 0xd2, 0xff, 0xfe, 0xee, 0xd2, 0xff, 0xff, 0xee, 0xd2, 0xff, 
0xfe, 0xed, 0xd1, 0xff, 0xfe, 0xed, 0xd2, 0xff, 0xff, 0xed, 0xd1, 0xff, 0xff, 0xed, 0xd1, 0xff, 
0xff, 0xec, 0xd1, 0xff, 0xff, 0xec, 0xd1, 0xff, 0xff, 0xec, 0xd1, 0xff, 0xff, 0xec, 0xd1, 0xff, 
0xff, 0xec, 0xd1, 0xff, 0xfe, 0xec, 0xcf, 0xff, 0xff, 0xec, 0xce, 0xff, 0xff, 0xec, 0xce, 0xff, 
0xfe, 0xec, 0xce, 0xff, 0xff, 0xec, 0xce, 0xff, 0xff, 0xec, 0xce, 0xff, 0xfe, 0xeb, 0xcb, 0xff, 
0xfe, 0xeb, 0xcb, 0xff, 0xfe, 0xeb, 0xcb, 0xff, 0xfe, 0xeb, 0xcb, 0xff, 0xfe, 0xea, 0xcb, 0xff, 
0xfe, 0xea, 0xca, 0xff, 0xfe, 0xea, 0xca, 0xff, 0xfe, 0xea, 0xca, 0xff, 0xff, 0xeb, 0xca, 0xff, 
0xff, 0xeb, 0xca, 0xff, 0xff, 0xeb, 0xca, 0xff, 0xff, 0xeb, 0xca, 0xff, 0xfe, 0xec, 0xca, 0xff, 
0xfe, 0xec, 0xca, 0xff, 0xff, 0xec, 0xcb, 0xff, 0xff, 0xeb, 0xca, 0xff, 0xfe, 0xea, 0xc9, 0xff, 
0xff, 0xea, 0xc9, 0xff, 0xfe, 0xea, 0xc9, 0xff, 0xfe, 0xea, 0xc8, 0xff, 0xfe, 0xea, 0xc8, 0xff, 
0xfe, 0xea, 0xc7, 0xff, 0xfe, 0xe9, 0xc6, 0xff, 0xff, 0xea, 0xc7, 0xff, 0xfe, 0xea, 0xc8, 0xff, 
0xfe, 0xea, 0xc9, 0xff, 0xfe, 0xea, 0xc9, 0xff, 0xfe, 0xea, 0xc9, 0xff, 0xff, 0xea, 0xca, 0xff, 
0xff, 0xea, 0xc9, 0xff, 0xff, 0xe9, 0xc8, 0xff, 0xfe, 0xea, 0xc9, 0xff, 0xff, 0xea, 0xca, 0xff, 
0xfe, 0xe9, 0xca, 0xff, 0xfe, 0xe9, 0xca, 0xff, 0xfe, 0xea, 0xca, 0xff, 0xfe, 0xeb, 0xcc, 0xff, 
0xff, 0xec, 0xce, 0xff, 0xff, 0xeb, 0xcc, 0xff, 0xff, 0xeb, 0xcd, 0xff, 0xff, 0xec, 0xce, 0xff, 
0xff, 0xed, 0xcf, 0xff, 0xff, 0xec, 0xd0, 0xff, 0xff, 0xed, 0xd0, 0xff, 0xfe, 0xed, 0xcf, 0xff, 
0xff, 0xed, 0xce, 0xff, 0xff, 0xee, 0xcf, 0xff, 0xff, 0xed, 0xcf, 0xff, 0xff, 0xed, 0xcf, 0xff, 
0xff, 0xed, 0xcf, 0xff, 0xff, 0xee, 0xcf, 0xff, 0xff, 0xee, 0xd0, 0xff, 0xff, 0xed, 0xcf, 0xff, 
0xff, 0xec, 0xce, 0xff, 0xff, 0xeb, 0xcd, 0xff, 0xff, 0xeb, 0xcc, 0xff, 0xfe, 0xeb, 0xcb, 0xff, 
0xfe, 0xeb, 0xcb, 0xff, 0xfe, 0xea, 0xcb, 0xff, 0xfe, 0xea, 0xca, 0xff, 0xfe, 0xea, 0xc9, 0xff, 
0xfe, 0xea, 0xc9, 0xff, 0xff, 0xea, 0xca, 0xff, 0xff, 0xea, 0xca, 0xff, 0xff, 0xea, 0xc9, 0xff, 
0xff, 0xe9, 0xc9, 0xff, 0xff, 0xea, 0xc9, 0xff, 0xff, 0xe9, 0xc9, 0xff, 0xff, 0xe9, 0xc9, 0xff, 
0xff, 0xea, 0xc9, 0xff, 0xff, 0xea, 0xca, 0xff, 0xfe, 0xeb, 0xca, 0xff, 0xfe, 0xeb, 0xca, 0xff, 
0xff, 0xeb, 0xca, 0xff, 0xff, 0xeb, 0xca, 0xff, 0xfe, 0xea, 0xc9, 0xff, 0xfe, 0xe9, 0xca, 0xff, 
0xfe, 0xea, 0xca, 0xff, 0xfe, 0xea, 0xcb, 0xff, 0xfe, 0xea, 0xcb, 0xff, 0xfe, 0xec, 0xcc, 0xff, 
0xfe, 0xeb, 0xce, 0xff, 0xfe, 0xeb, 0xce, 0xff, 0xfe, 0xeb, 0xcd, 0xff, 0xff, 0xeb, 0xcc, 0xff, 
0xfe, 0xea, 0xcb, 0xff, 0xfe, 0xeb, 0xcc, 0xff, 0xff, 0xeb, 0xcc, 0xff, 0xff, 0xec, 0xcc, 0xff, 
0xfe, 0xeb, 0xcc, 0xff, 0xfe, 0xeb, 0xcb, 0xff, 0xfe, 0xeb, 0xcb, 0xff, 0xfe, 0xeb, 0xcb, 0xff, 
0xfe, 0xeb, 0xcb, 0xff, 0xff, 0xeb, 0xcc, 0xff, 0xfe, 0xea, 0xcb, 0xff, 0xfe, 0xeb, 0xcc, 0xff, 
0xfe, 0xea, 0xcb, 0xff, 0xfe, 0xeb, 0xcb, 0xff, 0xfe, 0xeb, 0xcb, 0xff, 0xff, 0xec, 0xcd, 0xff, 
0xff, 0xec, 0xce, 0xff, 0xff, 0xec, 0xce, 0xff, 0xff, 0xec, 0xce, 0xff, 0xff, 0xec, 0xce, 0xff, 
0xff, 0xec, 0xd0, 0xff, 0xff, 0xec, 0xd0, 0xff, 0xff, 0xed, 0xd1, 0xff, 0xff, 0xed, 0xd0, 0xff, 
0xff, 0xed, 0xcf, 0xff, 0xff, 0xed, 0xcf, 0xff, 0xff, 0xec, 0xcf, 0xff, 0xff, 0xed, 0xcf, 0xff, 
0xff, 0xee, 0xcf, 0xff, 0xff, 0xee, 0xcf, 0xff, 0xff, 0xee, 0xd0, 0xff, 0xff, 0xec, 0xce, 0xff, 
0xfe, 0xec, 0xce, 0xff, 0xfe, 0xec, 0xce, 0xff, 0xfe, 0xec, 0xce, 0xff, 0xff, 0xed, 0xcf, 0xff, 
0xff, 0xed, 0xd0, 0xff, 0xff, 0xed, 0xcf, 0xff, 0xff, 0xed, 0xcf, 0xff, 0xff, 0xee, 0xcf, 0xff, 
0xff, 0xee, 0xd0, 0xff, 0xff, 0xed, 0xcf, 0xff, 0xff, 0xed, 0xce, 0xff, 0xff, 0xec, 0xce, 0xff, 
0xff, 0xed, 0xce, 0xff, 0xff, 0xec, 0xcd, 0xff, 0xff, 0xec, 0xce, 0xff, 0xff, 0xeb, 0xcb, 0xff, 
0xfe, 0xeb, 0xcb, 0xff, 0xff, 0xeb, 0xcc, 0xff, 0xfe, 0xeb, 0xcb, 0xff, 0xfe, 0xeb, 0xcb, 0xff, 
0xfe, 0xeb, 0xcb, 0xff, 0xfe, 0xeb, 0xca, 0xff, 0xfe, 0xeb, 0xc9, 0xff, 0xfe, 0xeb, 0xc9, 0xff, 
0xfe, 0xeb, 0xca, 0xff, 0xfe, 0xeb, 0xca, 0xff, 0xfe, 0xea, 0xcb, 0xff, 0xfe, 0xeb, 0xcb, 0xff, 
0xfe, 0xeb, 0xcb, 0xff, 0xfe, 0xeb, 0xcb, 0xff, 0xfe, 0xeb, 0xcb, 0xff, 0xfe, 0xeb, 0xcb, 0xff, 
0xff, 0xeb, 0xcc, 0xff, 0xfe, 0xeb, 0xcc, 0xff, 0xfe, 0xec, 0xcd, 0xff, 0xff, 0xec, 0xcd, 0xff, 
0xff, 0xec, 0xcd, 0xff, 0xfe, 0xea, 0xcb, 0xff, 0xff, 0xea, 0xcb, 0xff, 0xff, 0xea, 0xcb, 0xff, 
0xfe, 0xea, 0xc9, 0xff, 0xfe, 0xec, 0xca, 0xff, 0xfe, 0xec, 0xca, 0xff, 0xfe, 0xec, 0xcb, 0xff, 
0xfe, 0xeb, 0xc9, 0xff, 0xff, 0xea, 0xc9, 0xff, 0xfe, 0xea, 0xc9, 0xff, 0xfe, 0xeb, 0xc9, 0xff, 
0xfe, 0xea, 0xc8, 0xff, 0xfe, 0xea, 0xc7, 0xff, 0xfe, 0xea, 0xc8, 0xff, 0xfe, 0xea, 0xc8, 0xff, 
0xff, 0xeb, 0xc9, 0xff, 0xfe, 0xea, 0xc9, 0xff, 0xfe, 0xea, 0xc9, 0xff, 0xfe, 0xeb, 0xca, 0xff, 
0xfe, 0xea, 0xca, 0xff, 0xfe, 0xe9, 0xca, 0xff, 0xfe, 0xeb, 0xcb, 0xff, 0xfe, 0xeb, 0xcb, 0xff, 
0xff, 0xeb, 0xcb, 0xff, 0xff, 0xeb, 0xcc, 0xff, 0xff, 0xec, 0xcd, 0xff, 0xff, 0xec, 0xce, 0xff, 
0xff, 0xeb, 0xce, 0xff, 0xff, 0xec, 0xcf, 0xff, 0xff, 0xec, 0xd1, 0xff, 0xff, 0xec, 0xd0, 0xff, 
0xff, 0xed, 0xd1, 0xff, 0xff, 0xec, 0xcf, 0xff, 0xff, 0xec, 0xce, 0xff, 0xff, 0xec, 0xcf, 0xff, 
0xff, 0xec, 0xcf, 0xff, 0xff, 0xed, 0xcf, 0xff, 0xff, 0xec, 0xcd, 0xff, 0xff, 0xeb, 0xcc, 0xff, 
0xff, 0xeb, 0xcc, 0xff, 0xfe, 0xeb, 0xcb, 0xff, 0xff, 0xeb, 0xcb, 0xff, 0xfe, 0xeb, 0xcb, 0xff, 
0xff, 0xe9, 0xca, 0xff, 0xff, 0xe9, 0xc9, 0xff, 0xfe, 0xe9, 0xc8, 0xff, 0xff, 0xe9, 0xc9, 0xff, 
0xff, 0xe7, 0xc8, 0xff, 0xff, 0xe7, 0xc7, 0xff, 0xff, 0xe8, 0xc8, 0xff, 0xff, 0xe7, 0xc8, 0xff, 
0xff, 0xe7, 0xc6, 0xff, 0xff, 0xe7, 0xc6, 0xff, 0xff, 0xe7, 0xc5, 0xff, 0xff, 0xe6, 0xc5, 0xff, 
0xff, 0xe6, 0xc5, 0xff, 0xff, 0xe7, 0xc5, 0xff, 0xfe, 0xe6, 0xc3, 0xff, 0xff, 0xe5, 0xc2, 0xff, 
0xfe, 0xe6, 0xc4, 0xff, 0xff, 0xe7, 0xc4, 0xff, 0xff, 0xe6, 0xc4, 0xff, 0xff, 0xe6, 0xc5, 0xff, 
0xff, 0xe7, 0xc6, 0xff, 0xff, 0xe7, 0xc6, 0xff, 0xff, 0xe7, 0xc6, 0xff, 0xff, 0xe7, 0xc7, 0xff, 
0xfe, 0xe7, 0xc8, 0xff, 0xff, 0xe8, 0xc9, 0xff, 0xfe, 0xe9, 0xc9, 0xff, 0xfe, 0xe8, 0xc9, 0xff, 
0xfe, 0xe8, 0xc9, 0xff, 0xfe, 0xe8, 0xcb, 0xff, 0xfe, 0xea, 0xcd, 0xff, 0xfe, 0xe9, 0xcd, 0xff, 
0xff, 0xea, 0xcc, 0xff, 0xfe, 0xeb, 0xce, 0xff, 0xff, 0xea, 0xce, 0xff, 0xfe, 0xe9, 0xce, 0xff, 
0xfe, 0xea, 0xce, 0xff, 0xfe, 0xea, 0xcf, 0xff, 0xff, 0xeb, 0xd1, 0xff, 0xff, 0xeb, 0xd1, 0xff, 
0xfe, 0xeb, 0xd0, 0xff, 0xfe, 0xec, 0xd1, 0xff, 0xfe, 0xeb, 0xcf, 0xff, 0xfe, 0xeb, 0xd0, 0xff, 
0xfe, 0xea, 0xcf, 0xff, 0xfe, 0xea, 0xcf, 0xff, 0xfe, 0xea, 0xce, 0xff, 0xff, 0xea, 0xce, 0xff, 
0xfe, 0xea, 0xd0, 0xff, 0xfe, 0xea, 0xce, 0xff, 0xfe, 0xe9, 0xcc, 0xff, 0xfe, 0xea, 0xcd, 0xff, 
0xfe, 0xe9, 0xcc, 0xff, 0xff, 0xe9, 0xcb, 0xff, 0xfe, 0xe9, 0xcb, 0xff, 0xfe, 0xe9, 0xcb, 0xff, 
0xfe, 0xe9, 0xcb, 0xff, 0xfe, 0xe8, 0xcb, 0xff, 0xff, 0xe8, 0xca, 0xff, 0xfe, 0xe8, 0xc9, 0xff, 
0xfe, 0xe8, 0xc9, 0xff, 0xfe, 0xe8, 0xca, 0xff, 0xfe, 0xe8, 0xc9, 0xff, 0xff, 0xe8, 0xca, 0xff, 
0xff, 0xe8, 0xca, 0xff, 0xff, 0xe9, 0xc9, 0xff, 0xff, 0xe8, 0xc9, 0xff, 0xff, 0xe9, 0xc9, 0xff, 
0xfe, 0xe8, 0xc8, 0xff, 0xfe, 0xe8, 0xc8, 0xff, 0xfe, 0xe8, 0xc9, 0xff, 0xfe, 0xe8, 0xc8, 0xff, 
0xfe, 0xe9, 0xc9, 0xff, 0xff, 0xe9, 0xc9, 0xff, 0xff, 0xe9, 0xc9, 0xff, 0xff, 0xe8, 0xc8, 0xff, 
0xff, 0xe7, 0xc8, 0xff, 0xff, 0xe7, 0xc7, 0xff, 0xff, 0xe7, 0xc6, 0xff, 0xff, 0xe7, 0xc6, 0xff, 
0xff, 0xe7, 0xc6, 0xff, 0xff, 0xe7, 0xc6, 0xff, 0xff, 0xe7, 0xc5, 0xff, 0xff, 0xe7, 0xc7, 0xff, 
0xff, 0xe8, 0xc8, 0xff, 0xff, 0xe7, 0xc7, 0xff, 0xfe, 0xe8, 0xc7, 0xff, 0xff, 0xe8, 0xc7, 0xff, 
0xff, 0xe7, 0xc7, 0xff, 0xff, 0xe7, 0xc7, 0xff, 0xff, 0xe6, 0xc8, 0xff, 0xff, 0xe7, 0xc8, 0xff, 
0xff, 0xe7, 0xc9, 0xff, 0xff, 0xe8, 0xc9, 0xff, 0xfe, 0xe8, 0xc9, 0xff, 0xfe, 0xe9, 0xca, 0xff, 
0xfe, 0xe9, 0xca, 0xff, 0xfe, 0xe9, 0xcb, 0xff, 0xfe, 0xe9, 0xcd, 0xff, 0xff, 0xe9, 0xcd, 0xff, 
0xfe, 0xea, 0xcd, 0xff, 0xfe, 0xe9, 0xcd, 0xff, 0xff, 0xea, 0xce, 0xff, 0xff, 0xeb, 0xce, 0xff, 
0xff, 0xeb, 0xcf, 0xff, 0xff, 0xec, 0xce, 0xff, 0xff, 0xec, 0xce, 0xff, 0xfe, 0xeb, 0xcd, 0xff, 
0xfe, 0xeb, 0xcd, 0xff, 0xfe, 0xeb, 0xcd, 0xff, 0xff, 0xeb, 0xcd, 0xff, 0xfe, 0xea, 0xcd, 0xff, 
0xfe, 0xe9, 0xcc, 0xff, 0xff, 0xe9, 0xcb, 0xff, 0xff, 0xe8, 0xca, 0xff, 0xff, 0xe8, 0xc9, 0xff, 
0xfe, 0xe8, 0xc9, 0xff, 0xff, 0xe8, 0xc9, 0xff, 0xff, 0xe8, 0xc9, 0xff, 0xff, 0xe8, 0xc8, 0xff, 
0xff, 0xe7, 0xc8, 0xff, 0xff, 0xe7, 0xc7, 0xff, 0xff, 0xe7, 0xc7, 0xff, 0xff, 0xe7, 0xc7, 0xff, 
0xff, 0xe7, 0xc6, 0xff, 0xff, 0xe7, 0xc7, 0xff, 0xff, 0xe6, 0xc6, 0xff, 0xff, 0xe6, 0xc7, 0xff, 
0xff, 0xe7, 0xc7, 0xff, 0xff, 0xe8, 0xc7, 0xff, 0xff, 0xe7, 0xc7, 0xff, 0xfe, 0xe8, 0xc7, 0xff, 
0xff, 0xe7, 0xc6, 0xff, 0xfe, 0xe8, 0xc7, 0xff, 0xfe, 0xe8, 0xc9, 0xff, 0xfe, 0xe7, 0xc9, 0xff, 
0xff, 0xe8, 0xc9, 0xff, 0xff, 0xe8, 0xc9, 0xff, 0xfe, 0xe8, 0xc9, 0xff, 0xfe, 0xe8, 0xc9, 0xff, 
0xff, 0xe8, 0xc9, 0xff, 0xfe, 0xe8, 0xc9, 0xff, 0xff, 0xe8, 0xc8, 0xff, 0xfe, 0xe7, 0xc8, 0xff, 
0xfe, 0xe7, 0xc8, 0xff, 0xff, 0xe8, 0xc9, 0xff, 0xff, 0xe8, 0xca, 0xff, 0xfe, 0xe8, 0xca, 0xff, 
0xff, 0xe9, 0xca, 0xff, 0xff, 0xe9, 0xca, 0xff, 0xff, 0xe9, 0xca, 0xff, 0xfe, 0xe8, 0xca, 0xff, 
0xff, 0xe8, 0xc9, 0xff, 0xff, 0xe8, 0xca, 0xff, 0xfe, 0xe8, 0xca, 0xff, 0xfe, 0xe9, 0xca, 0xff, 
0xfe, 0xe8, 0xc9, 0xff, 0xfe, 0xe8, 0xca, 0xff, 0xff, 0xe9, 0xca, 0xff, 0xfe, 0xe8, 0xca, 0xff, 
0xff, 0xe9, 0xcb, 0xff, 0xfe, 0xe9, 0xcc, 0xff, 0xff, 0xea, 0xcc, 0xff, 0xfe, 0xea, 0xcd, 0xff, 
0xfe, 0xe9, 0xcd, 0xff, 0xff, 0xea, 0xce, 0xff, 0xff, 0xea, 0xce, 0xff, 0xff, 0xeb, 0xce, 0xff, 
0xff, 0xec, 0xcf, 0xff, 0xff, 0xeb, 0xcf, 0xff, 0xff, 0xeb, 0xce, 0xff, 0xfe, 0xea, 0xcd, 0xff, 
0xfe, 0xeb, 0xcd, 0xff, 0xfe, 0xeb, 0xcd, 0xff, 0xfe, 0xeb, 0xcd, 0xff, 0xfe, 0xea, 0xcd, 0xff, 
0xfe, 0xea, 0xcd, 0xff, 0xfe, 0xea, 0xcd, 0xff, 0xfe, 0xeb, 0xcd, 0xff, 0xfe, 0xea, 0xcd, 0xff, 
0xfe, 0xea, 0xcd, 0xff, 0xfe, 0xea, 0xcb, 0xff, 0xfe, 0xea, 0xcc, 0xff, 0xff, 0xea, 0xcc, 0xff, 
0xfe, 0xea, 0xcc, 0xff, 0xfe, 0xeb, 0xcd, 0xff, 0xfe, 0xea, 0xcd, 0xff, 0xfe, 0xea, 0xcc, 0xff, 
0xfd, 0xea, 0xcb, 0xff, 0xfe, 0xe9, 0xca, 0xff, 0xff, 0xe9, 0xcb, 0xff, 0xfe, 0xe9, 0xca, 0xff, 
0xff, 0xe9, 0xca, 0xff, 0xff, 0xe8, 0xca, 0xff, 0xfe, 0xe8, 0xc8, 0xff, 0xfe, 0xe8, 0xc9, 0xff, 
0xfe, 0xe7, 0xc9, 0xff, 0xff, 0xe8, 0xc9, 0xff, 0xfe, 0xe8, 0xc8, 0xff, 0xfe, 0xe8, 0xc8, 0xff, 
0xff, 0xe8, 0xc8, 0xff, 0xff, 0xe8, 0xc8, 0xff, 0xfe, 0xe8, 0xc9, 0xff, 0xfe, 0xe8, 0xc9, 0xff, 
0xff, 0xe8, 0xc9, 0xff, 0xfe, 0xe8, 0xc9, 0xff, 0xfe, 0xe8, 0xc9, 0xff, 0xfe, 0xe8, 0xc9, 0xff, 
0xff, 0xe8, 0xc9, 0xff, 0xfe, 0xe8, 0xc9, 0xff, 0xfe, 0xe8, 0xc9, 0xff, 0xff, 0xe8, 0xca, 0xff, 
0xfe, 0xe9, 0xca, 0xff, 0xfe, 0xe8, 0xc9, 0xff, 0xff, 0xe9, 0xca, 0xff, 0xff, 0xe9, 0xc9, 0xff, 
0xff, 0xe9, 0xc8, 0xff, 0xff, 0xe9, 0xc9, 0xff, 0xff, 0xe9, 0xc9, 0xff, 0xfe, 0xe8, 0xc9, 0xff, 
0xfe, 0xe8, 0xc8, 0xff, 0xff, 0xe8, 0xc8, 0xff, 0xff, 0xe8, 0xc8, 0xff, 0xfe, 0xe8, 0xc9, 0xff, 
0xfe, 0xe8, 0xc9, 0xff, 0xfe, 0xe8, 0xc9, 0xff, 0xfe, 0xe8, 0xc8, 0xff, 0xff, 0xe8, 0xc9, 0xff, 
0xff, 0xe8, 0xc9, 0xff, 0xff, 0xe8, 0xc8, 0xff, 0xff, 0xe8, 0xc8, 0xff, 0xfe, 0xe9, 0xc9, 0xff, 
0xfe, 0xe9, 0xc9, 0xff, 0xfe, 0xe9, 0xca, 0xff, 0xfe, 0xe8, 0xca, 0xff, 0xfe, 0xe9, 0xca, 0xff, 
0xfe, 0xe9, 0xca, 0xff, 0xfe, 0xe8, 0xcb, 0xff, 0xfe, 0xe8, 0xcb, 0xff, 0xff, 0xe9, 0xcb, 0xff, 
0xff, 0xea, 0xcd, 0xff, 0xfe, 0xea, 0xce, 0xff, 0xfe, 0xe9, 0xcc, 0xff, 0xfe, 0xe9, 0xcc, 0xff, 
0xfe, 0xe9, 0xcc, 0xff, 0xfe, 0xe9, 0xcb, 0xff, 0xfe, 0xe9, 0xcb, 0xff, 0xfe, 0xe9, 0xcb, 0xff, 
0xfe, 0xe9, 0xcb, 0xff, 0xfe, 0xe9, 0xcb, 0xff, 0xfe, 0xe9, 0xca, 0xff, 0xfe, 0xe9, 0xcb, 0xff, 
0xff, 0xe9, 0xcb, 0xff, 0xff, 0xe8, 0xca, 0xff, 0xfe, 0xe8, 0xca, 0xff, 0xfe, 0xe8, 0xca, 0xff, 
0xfe, 0xe6, 0xc4, 0xff, 0xff, 0xe6, 0xc5, 0xff, 0xff, 0xe7, 0xc5, 0xff, 0xff, 0xe7, 0xc6, 0xff, 
0xff, 0xe6, 0xc5, 0xff, 0xfe, 0xe6, 0xc6, 0xff, 0xff, 0xe6, 0xc6, 0xff, 0xfe, 0xe6, 0xc5, 0xff, 
0xfe, 0xe5, 0xc3, 0xff, 0xfe, 0xe5, 0xc2, 0xff, 0xfd, 0xe5, 0xc2, 0xff, 0xfe, 0xe5, 0xc2, 0xff, 
0xfd, 0xe5, 0xc2, 0xff, 0xfe, 0xe4, 0xc1, 0xff, 0xfe, 0xe3, 0xc2, 0xff, 0xfe, 0xe4, 0xc2, 0xff, 
0xfd, 0xe4, 0xc2, 0xff, 0xfd, 0xe4, 0xc1, 0xff, 0xfd, 0xe4, 0xc1, 0xff, 0xfe, 0xe5, 0xc2, 0xff, 
0xfe, 0xe5, 0xc3, 0xff, 0xfe, 0xe5, 0xc2, 0xff, 0xfe, 0xe6, 0xc4, 0xff, 0xff, 0xe6, 0xc5, 0xff, 
0xfe, 0xe5, 0xc4, 0xff, 0xff, 0xe6, 0xc5, 0xff, 0xff, 0xe7, 0xc6, 0xff, 0xff, 0xe7, 0xc6, 0xff, 
0xff, 0xe8, 0xc8, 0xff, 0xff, 0xe8, 0xc8, 0xff, 0xfe, 0xe9, 0xc9, 0xff, 0xfe, 0xe8, 0xc9, 0xff, 
0xff, 0xe8, 0xc9, 0xff, 0xfe, 0xe9, 0xca, 0xff, 0xfe, 0xe9, 0xc9, 0xff, 0xfe, 0xe9, 0xca, 0xff, 
0xfe, 0xe9, 0xca, 0xff, 0xfe, 0xe9, 0xcb, 0xff, 0xfe, 0xea, 0xcb, 0xff, 0xff, 0xe9, 0xcb, 0xff, 
0xfe, 0xe8, 0xcb, 0xff, 0xfe, 0xe9, 0xcb, 0xff, 0xfe, 0xe9, 0xca, 0xff, 0xfe, 0xe8, 0xca, 0xff, 
0xff, 0xe9, 0xca, 0xff, 0xfe, 0xe9, 0xca, 0xff, 0xfe, 0xe9, 0xca, 0xff, 0xfe, 0xe9, 0xca, 0xff, 
0xfe, 0xe9, 0xca, 0xff, 0xff, 0xe9, 0xc9, 0xff, 0xfe, 0xe8, 0xc9, 0xff, 0xff, 0xe8, 0xc8, 0xff, 
0xfe, 0xe7, 0xc7, 0xff, 0xff, 0xe7, 0xc7, 0xff, 0xff, 0xe7, 0xc7, 0xff, 0xff, 0xe7, 0xc7, 0xff, 
0xff, 0xe7, 0xc6, 0xff, 0xff, 0xe7, 0xc5, 0xff, 0xff, 0xe6, 0xc5, 0xff, 0xff, 0xe6, 0xc5, 0xff, 
0xff, 0xe7, 0xc5, 0xff, 0xff, 0xe7, 0xc5, 0xff, 0xfe, 0xe6, 0xc4, 0xff, 0xff, 0xe6, 0xc5, 0xff, 
0xff, 0xe7, 0xc5, 0xff, 0xff, 0xe6, 0xc5, 0xff, 0xfe, 0xe6, 0xc5, 0xff, 0xff, 0xe6, 0xc4, 0xff, 
0xfe, 0xe6, 0xc4, 0xff, 0xff, 0xe6, 0xc5, 0xff, 0xfe, 0xe6, 0xc5, 0xff, 0xff, 0xe6, 0xc5, 0xff, 
0xff, 0xe6, 0xc4, 0xff, 0xff, 0xe7, 0xc5, 0xff, 0xff, 0xe7, 0xc5, 0xff, 0xff, 0xe6, 0xc5, 0xff, 
0xfe, 0xe5, 0xc5, 0xff, 0xff, 0xe6, 0xc4, 0xff, 0xff, 0xe6, 0xc4, 0xff, 0xfe, 0xe5, 0xc2, 0xff, 
0xfe, 0xe5, 0xc2, 0xff, 0xfe, 0xe6, 0xc2, 0xff, 0xfd, 0xe5, 0xc2, 0xff, 0xfd, 0xe4, 0xc1, 0xff, 
0xfe, 0xe4, 0xc1, 0xff, 0xfe, 0xe5, 0xc2, 0xff, 0xfe, 0xe6, 0xc3, 0xff, 0xfe, 0xe6, 0xc2, 0xff, 
0xfe, 0xe5, 0xc2, 0xff, 0xfe, 0xe5, 0xc3, 0xff, 0xfe, 0xe5, 0xc4, 0xff, 0xff, 0xe5, 0xc5, 0xff, 
0xff, 0xe5, 0xc4, 0xff, 0xff, 0xe6, 0xc5, 0xff, 0xff, 0xe7, 0xc6, 0xff, 0xff, 0xe7, 0xc7, 0xff, 
0xff, 0xe7, 0xc7, 0xff, 0xff, 0xe7, 0xc6, 0xff, 0xfe, 0xe7, 0xc8, 0xff, 0xff, 0xe8, 0xc8, 0xff, 
0xff, 0xe8, 0xc8, 0xff, 0xfe, 0xe8, 0xc9, 0xff, 0xfe, 0xe8, 0xc9, 0xff, 0xfe, 0xe8, 0xca, 0xff, 
0xff, 0xe8, 0xca, 0xff, 0xfe, 0xe8, 0xc9, 0xff, 0xfe, 0xe8, 0xc9, 0xff, 0xfe, 0xe8, 0xc9, 0xff, 
0xfe, 0xe8, 0xc9, 0xff, 0xfe, 0xe8, 0xc9, 0xff, 0xfe, 0xe8, 0xc8, 0xff, 0xfe, 0xe9, 0xc9, 0xff, 
0xfe, 0xe9, 0xc9, 0xff, 0xff, 0xe8, 0xc8, 0xff, 0xff, 0xe8, 0xc8, 0xff, 0xff, 0xe7, 0xc7, 0xff, 
0xff, 0xe7, 0xc7, 0xff, 0xff, 0xe5, 0xc5, 0xff, 0xff, 0xe6, 0xc4, 0xff, 0xff, 0xe6, 0xc5, 0xff, 
0xff, 0xe5, 0xc4, 0xff, 0xfe, 0xe6, 0xc4, 0xff, 0xfe, 0xe6, 0xc3, 0xff, 0xfe, 0xe5, 0xc2, 0xff, 
0xfd, 0xe5, 0xc1, 0xff, 0xfd, 0xe5, 0xc2, 0xff, 0xfe, 0xe5, 0xc2, 0xff, 0xfe, 0xe5, 0xc2, 0xff, 
0xfe, 0xe5, 0xc2, 0xff, 0xfe, 0xe6, 0xc2, 0xff, 0xfe, 0xe5, 0xc2, 0xff, 0xff, 0xe6, 0xc3, 0xff, 
0xfe, 0xe6, 0xc3, 0xff, 0xfe, 0xe5, 0xc2, 0xff, 0xfe, 0xe6, 0xc3, 0xff, 0xff, 0xe6, 0xc4, 0xff, 
0xff, 0xe6, 0xc5, 0xff, 0xff, 0xe6, 0xc5, 0xff, 0xff, 0xe6, 0xc6, 0xff, 0xff, 0xe6, 0xc5, 0xff, 
0xff, 0xe6, 0xc5, 0xff, 0xff, 0xe6, 0xc6, 0xff, 0xff, 0xe6, 0xc6, 0xff, 0xff, 0xe6, 0xc5, 0xff, 
0xff, 0xe6, 0xc5, 0xff, 0xff, 0xe6, 0xc5, 0xff, 0xff, 0xe6, 0xc5, 0xff, 0xff, 0xe6, 0xc4, 0xff, 
0xff, 0xe7, 0xc5, 0xff, 0xff, 0xe7, 0xc6, 0xff, 0xff, 0xe7, 0xc5, 0xff, 0xff, 0xe6, 0xc5, 0xff, 
0xff, 0xe7, 0xc5, 0xff, 0xfe, 0xe6, 0xc5, 0xff, 0xff, 0xe7, 0xc5, 0xff, 0xff, 0xe7, 0xc6, 0xff, 
0xff, 0xe8, 0xc6, 0xff, 0xff, 0xe7, 0xc7, 0xff, 0xff, 0xe7, 0xc7, 0xff, 0xff, 0xe7, 0xc7, 0xff, 
0xff, 0xe7, 0xc7, 0xff, 0xff, 0xe8, 0xc8, 0xff, 0xff, 0xe8, 0xc8, 0xff, 0xff, 0xe8, 0xc8, 0xff, 
0xfe, 0xe8, 0xc8, 0xff, 0xfe, 0xe8, 0xc9, 0xff, 0xfe, 0xe8, 0xc9, 0xff, 0xfe, 0xe8, 0xca, 0xff, 
0xfe, 0xe9, 0xca, 0xff, 0xfe, 0xe9, 0xc9, 0xff, 0xfe, 0xe8, 0xc9, 0xff, 0xfe, 0xe9, 0xc9, 0xff, 
0xfe, 0xe8, 0xc9, 0xff, 0xfe, 0xe8, 0xc8, 0xff, 0xfe, 0xe8, 0xc9, 0xff, 0xfe, 0xe8, 0xc9, 0xff, 
0xfe, 0xe8, 0xca, 0xff, 0xfe, 0xe8, 0xc9, 0xff, 0xfe, 0xe8, 0xc9, 0xff, 0xfe, 0xe8, 0xc9, 0xff, 
0xfe, 0xe8, 0xc8, 0xff, 0xfe, 0xe8, 0xc8, 0xff, 0xfe, 0xe8, 0xc8, 0xff, 0xfe, 0xe8, 0xc9, 0xff, 
0xfd, 0xe8, 0xc9, 0xff, 0xfe, 0xe8, 0xc9, 0xff, 0xfe, 0xe8, 0xca, 0xff, 0xfe, 0xe8, 0xc9, 0xff, 
0xfe, 0xe8, 0xc8, 0xff, 0xfe, 0xe8, 0xc8, 0xff, 0xff, 0xe8, 0xc8, 0xff, 0xff, 0xe7, 0xc7, 0xff, 
0xfe, 0xe7, 0xc7, 0xff, 0xfe, 0xe7, 0xc6, 0xff, 0xff, 0xe6, 0xc6, 0xff, 0xfe, 0xe6, 0xc5, 0xff, 
0xfe, 0xe6, 0xc5, 0xff, 0xff, 0xe5, 0xc5, 0xff, 0xff, 0xe5, 0xc5, 0xff, 0xff, 0xe5, 0xc5, 0xff, 
0xfe, 0xe5, 0xc4, 0xff, 0xff, 0xe5, 0xc5, 0xff, 0xff, 0xe5, 0xc5, 0xff, 0xff, 0xe6, 0xc5, 0xff, 
0xff, 0xe6, 0xc5, 0xff, 0xff, 0xe5, 0xc6, 0xff, 0xff, 0xe5, 0xc6, 0xff, 0xff, 0xe6, 0xc5, 0xff, 
0xff, 0xe6, 0xc5, 0xff, 0xff, 0xe6, 0xc5, 0xff, 0xff, 0xe7, 0xc5, 0xff, 0xff, 0xe7, 0xc6, 0xff, 
0xff, 0xe7, 0xc6, 0xff, 0xff, 0xe7, 0xc6, 0xff, 0xff, 0xe7, 0xc5, 0xff, 0xff, 0xe6, 0xc5, 0xff, 
0xff, 0xe6, 0xc5, 0xff, 0xff, 0xe6, 0xc5, 0xff, 0xfe, 0xe6, 0xc4, 0xff, 0xfe, 0xe6, 0xc4, 0xff, 
0xff, 0xe6, 0xc5, 0xff, 0xff, 0xe6, 0xc4, 0xff, 0xfe, 0xe6, 0xc5, 0xff, 0xff, 0xe6, 0xc6, 0xff, 
0xff, 0xe6, 0xc5, 0xff, 0xfe, 0xe6, 0xc5, 0xff, 0xff, 0xe6, 0xc5, 0xff, 0xff, 0xe7, 0xc5, 0xff, 
0xfe, 0xe6, 0xc5, 0xff, 0xff, 0xe6, 0xc5, 0xff, 0xff, 0xe7, 0xc7, 0xff, 0xff, 0xe8, 0xc7, 0xff, 
0xff, 0xe8, 0xc7, 0xff, 0xff, 0xe8, 0xc8, 0xff, 0xff, 0xe8, 0xc7, 0xff, 0xff, 0xe7, 0xc7, 0xff, 
0xff, 0xe7, 0xc7, 0xff, 0xff, 0xe8, 0xc8, 0xff, 0xff, 0xe8, 0xc8, 0xff, 0xff, 0xe8, 0xc8, 0xff, 
0xfe, 0xe9, 0xca, 0xff, 0xfe, 0xe9, 0xc9, 0xff, 0xff, 0xe8, 0xc8, 0xff, 0xfe, 0xe8, 0xc8, 0xff, 
0xfe, 0xe8, 0xc7, 0xff, 0xff, 0xe7, 0xc7, 0xff, 0xff, 0xe7, 0xc6, 0xff, 0xff, 0xe7, 0xc7, 0xff, 
0xff, 0xe7, 0xc7, 0xff, 0xfe, 0xe7, 0xc6, 0xff, 0xff, 0xe7, 0xc7, 0xff, 0xff, 0xe7, 0xc7, 0xff, 
0xff, 0xe7, 0xc6, 0xff, 0xff, 0xe7, 0xc6, 0xff, 0xff, 0xe7, 0xc6, 0xff, 0xff, 0xe7, 0xc6, 0xff, 
0xfe, 0xe5, 0xc2, 0xff, 0xfe, 0xe5, 0xc1, 0xff, 0xfe, 0xe5, 0xc1, 0xff, 0xfe, 0xe5, 0xc1, 0xff, 
0xfe, 0xe6, 0xc1, 0xff, 0xfe, 0xe6, 0xc2, 0xff, 0xfd, 0xe5, 0xc3, 0xff, 0xfd, 0xe5, 0xc1, 0xff, 
0xfd, 0xe5, 0xc2, 0xff, 0xfd, 0xe4, 0xc1, 0xff, 0xfc, 0xe4, 0xc0, 0xff, 0xfd, 0xe4, 0xc0, 0xff, 
0xfd, 0xe4, 0xc0, 0xff, 0xfd, 0xe3, 0xbf, 0xff, 0xfd, 0xe4, 0xc0, 0xff, 0xfd, 0xe5, 0xc0, 0xff, 
0xfd, 0xe5, 0xc0, 0xff, 0xfd, 0xe5, 0xc1, 0xff, 0xfd, 0xe5, 0xc2, 0xff, 0xfd, 0xe5, 0xc0, 0xff, 
0xfe, 0xe5, 0xc1, 0xff, 0xfe, 0xe5, 0xc2, 0xff, 0xfe, 0xe5, 0xc2, 0xff, 0xfe, 0xe6, 0xc3, 0xff, 
0xfe, 0xe7, 0xc5, 0xff, 0xfe, 0xe7, 0xc5, 0xff, 0xfe, 0xe8, 0xc6, 0xff, 0xfe, 0xe8, 0xc7, 0xff, 
0xfd, 0xe8, 0xc8, 0xff, 0xfe, 0xe9, 0xc8, 0xff, 0xfe, 0xe8, 0xc8, 0xff, 0xfe, 0xe8, 0xc8, 0xff, 
0xfe, 0xe9, 0xc8, 0xff, 0xfe, 0xe9, 0xc8, 0xff, 0xfe, 0xea, 0xc8, 0xff, 0xfe, 0xe9, 0xc9, 0xff, 
0xfe, 0xea, 0xca, 0xff, 0xfe, 0xe9, 0xc9, 0xff, 0xfe, 0xe9, 0xc8, 0xff, 0xfe, 0xe9, 0xc9, 0xff, 
0xfe, 0xe8, 0xc8, 0xff, 0xfe, 0xe8, 0xc8, 0xff, 0xfe, 0xe8, 0xc8, 0xff, 0xfe, 0xe8, 0xc7, 0xff, 
0xfe, 0xe8, 0xc7, 0xff, 0xfe, 0xe9, 0xc8, 0xff, 0xfe, 0xea, 0xc8, 0xff, 0xfe, 0xea, 0xc9, 0xff, 
0xfe, 0xe9, 0xc7, 0xff, 0xfe, 0xe8, 0xc8, 0xff, 0xfe, 0xe7, 0xc8, 0xff, 0xfe, 0xe7, 0xc7, 0xff, 
0xfd, 0xe8, 0xc7, 0xff, 0xfd, 0xe7, 0xc8, 0xff, 0xfe, 0xe7, 0xc7, 0xff, 0xfe, 0xe7, 0xc6, 0xff, 
0xfd, 0xe6, 0xc5, 0xff, 0xfe, 0xe7, 0xc4, 0xff, 0xfe, 0xe6, 0xc4, 0xff, 0xfe, 0xe6, 0xc4, 0xff, 
0xfd, 0xe7, 0xc5, 0xff, 0xfd, 0xe6, 0xc5, 0xff, 0xfe, 0xe6, 0xc5, 0xff, 0xfd, 0xe5, 0xc2, 0xff, 
0xfd, 0xe5, 0xc1, 0xff, 0xfd, 0xe5, 0xc0, 0xff, 0xfe, 0xe5, 0xc1, 0xff, 0xfe, 0xe5, 0xc0, 0xff, 
0xfd, 0xe5, 0xc0, 0xff, 0xfd, 0xe5, 0xc1, 0xff, 0xfd, 0xe5, 0xc1, 0xff, 0xfe, 0xe6, 0xc1, 0xff, 
0xfd, 0xe5, 0xc0, 0xff, 0xfd, 0xe5, 0xc0, 0xff, 0xfd, 0xe5, 0xc0, 0xff, 0xfd, 0xe5, 0xc2, 0xff, 
0xfe, 0xe5, 0xc1, 0xff, 0xfe, 0xe6, 0xc2, 0xff, 0xfd, 0xe5, 0xc1, 0xff, 0xfe, 0xe5, 0xc2, 0xff, 
0xfe, 0xe5, 0xc1, 0xff, 0xfd, 0xe5, 0xc1, 0xff, 0xfd, 0xe5, 0xc2, 0xff, 0xfd, 0xe5, 0xc1, 0xff, 
0xfd, 0xe5, 0xc1, 0xff, 0xfd, 0xe5, 0xc2, 0xff, 0xfe, 0xe5, 0xc2, 0xff, 0xfe, 0xe6, 0xc3, 0xff, 
0xfe, 0xe6, 0xc4, 0xff, 0xfe, 0xe7, 0xc4, 0xff, 0xfe, 0xe7, 0xc6, 0xff, 0xfe, 0xe8, 0xc6, 0xff, 
0xfe, 0xe7, 0xc6, 0xff, 0xfe, 0xe6, 0xc4, 0xff, 0xfe, 0xe7, 0xc5, 0xff, 0xfd, 0xe6, 0xc5, 0xff, 
0xfe, 0xe7, 0xc5, 0xff, 0xfe, 0xe7, 0xc6, 0xff, 0xfe, 0xe7, 0xc7, 0xff, 0xfe, 0xe8, 0xc8, 0xff, 
0xfe, 0xe8, 0xc7, 0xff, 0xff, 0xe7, 0xc7, 0xff, 0xff, 0xe8, 0xc6, 0xff, 0xff, 0xe8, 0xc6, 0xff, 
0xfe, 0xe7, 0xc4, 0xff, 0xfe, 0xe7, 0xc4, 0xff, 0xfe, 0xe7, 0xc4, 0xff, 0xfe, 0xe8, 0xc5, 0xff, 
0xff, 0xe7, 0xc5, 0xff, 0xff, 0xe7, 0xc5, 0xff, 0xfe, 0xe7, 0xc5, 0xff, 0xff, 0xe7, 0xc5, 0xff, 
0xff, 0xe7, 0xc5, 0xff, 0xfe, 0xe6, 0xc5, 0xff, 0xfe, 0xe6, 0xc4, 0xff, 0xfd, 0xe6, 0xc5, 0xff, 
0xfd, 0xe6, 0xc4, 0xff, 0xfe, 0xe6, 0xc4, 0xff, 0xfe, 0xe6, 0xc3, 0xff, 0xfd, 0xe5, 0xc2, 0xff, 
0xfd, 0xe5, 0xc2, 0xff, 0xfd, 0xe5, 0xc3, 0xff, 0xfe, 0xe6, 0xc3, 0xff, 0xfe, 0xe6, 0xc4, 0xff, 
0xfe, 0xe6, 0xc4, 0xff, 0xfd, 0xe5, 0xc3, 0xff, 0xfe, 0xe5, 0xc3, 0xff, 0xfe, 0xe5, 0xc2, 0xff, 
0xfd, 0xe5, 0xc3, 0xff, 0xfd, 0xe5, 0xc3, 0xff, 0xfe, 0xe5, 0xc3, 0xff, 0xfe, 0xe6, 0xc3, 0xff, 
0xff, 0xe7, 0xc5, 0xff, 0xfe, 0xe6, 0xc4, 0xff, 0xfe, 0xe6, 0xc5, 0xff, 0xfe, 0xe7, 0xc5, 0xff, 
0xfe, 0xe8, 0xc6, 0xff, 0xfd, 0xe8, 0xc6, 0xff, 0xfd, 0xe7, 0xc6, 0xff, 0xfd, 0xe7, 0xc7, 0xff, 
0xfd, 0xe8, 0xc6, 0xff, 0xfd, 0xe7, 0xc7, 0xff, 0xfd, 0xe7, 0xc6, 0xff, 0xfd, 0xe8, 0xc6, 0xff, 
0xfd, 0xe8, 0xc7, 0xff, 0xfd, 0xe7, 0xc6, 0xff, 0xfe, 0xe7, 0xc5, 0xff, 0xfe, 0xe7, 0xc5, 0xff, 
0xff, 0xe7, 0xc5, 0xff, 0xfd, 0xe7, 0xc4, 0xff, 0xfd, 0xe7, 0xc5, 0xff, 0xfd, 0xe7, 0xc4, 0xff, 
0xfd, 0xe7, 0xc5, 0xff, 0xfe, 0xe6, 0xc4, 0xff, 0xfe, 0xe6, 0xc4, 0xff, 0xfe, 0xe6, 0xc4, 0xff, 
0xfe, 0xe7, 0xc5, 0xff, 0xfe, 0xe7, 0xc6, 0xff, 0xfd, 0xe8, 0xc7, 0xff, 0xfd, 0xe7, 0xc7, 0xff, 
0xfd, 0xe7, 0xc6, 0xff, 0xfd, 0xe7, 0xc7, 0xff, 0xfe, 0xe7, 0xc8, 0xff, 0xfe, 0xe7, 0xc7, 0xff, 
0xfe, 0xe7, 0xc7, 0xff, 0xff, 0xe7, 0xc6, 0xff, 0xfe, 0xe8, 0xc5, 0xff, 0xff, 0xe7, 0xc5, 0xff, 
0xfe, 0xe8, 0xc6, 0xff, 0xfe, 0xe7, 0xc6, 0xff, 0xff, 0xe7, 0xc6, 0xff, 0xfe, 0xe7, 0xc6, 0xff, 
0xff, 0xe7, 0xc6, 0xff, 0xff, 0xe7, 0xc7, 0xff, 0xfe, 0xe8, 0xc6, 0xff, 0xfe, 0xe7, 0xc5, 0xff, 
0xfe, 0xe6, 0xc5, 0xff, 0xfe, 0xe7, 0xc5, 0xff, 0xfe, 0xe7, 0xc5, 0xff, 0xfe, 0xe7, 0xc5, 0xff, 
0xff, 0xe7, 0xc5, 0xff, 0xfe, 0xe6, 0xc6, 0xff, 0xfe, 0xe6, 0xc5, 0xff, 0xfe, 0xe6, 0xc6, 0xff, 
0xfe, 0xe7, 0xc5, 0xff, 0xff, 0xe8, 0xc7, 0xff, 0xff, 0xe7, 0xc7, 0xff, 0xff, 0xe7, 0xc6, 0xff, 
0xff, 0xe7, 0xc6, 0xff, 0xff, 0xe7, 0xc7, 0xff, 0xfe, 0xe7, 0xc6, 0xff, 0xfe, 0xe7, 0xc6, 0xff, 
0xfe, 0xe6, 0xc5, 0xff, 0xfd, 0xe6, 0xc5, 0xff, 0xfe, 0xe6, 0xc5, 0xff, 0xfe, 0xe6, 0xc5, 0xff, 
0xfe, 0xe6, 0xc5, 0xff, 0xfe, 0xe7, 0xc6, 0xff, 0xfd, 0xe7, 0xc7, 0xff, 0xfd, 0xe7, 0xc5, 0xff, 
0xfd, 0xe6, 0xc5, 0xff, 0xfd, 0xe7, 0xc5, 0xff, 0xfd, 0xe6, 0xc5, 0xff, 0xfd, 0xe6, 0xc5, 0xff, 
0xfe, 0xe7, 0xc5, 0xff, 0xfd, 0xe6, 0xc5, 0xff, 0xfd, 0xe7, 0xc6, 0xff, 0xfd, 0xe7, 0xc6, 0xff, 
0xfd, 0xe7, 0xc6, 0xff, 0xfd, 0xe6, 0xc5, 0xff, 0xfe, 0xe6, 0xc5, 0xff, 0xfe, 0xe6, 0xc5, 0xff, 
0xfe, 0xe6, 0xc4, 0xff, 0xfe, 0xe6, 0xc4, 0xff, 0xfe, 0xe5, 0xc2, 0xff, 0xfe, 0xe5, 0xc2, 0xff, 
0xfd, 0xe6, 0xc1, 0xff, 0xfe, 0xe5, 0xc1, 0xff, 0xfe, 0xe5, 0xc1, 0xff, 0xfe, 0xe5, 0xc1, 0xff, 
0xfd, 0xe5, 0xc0, 0xff, 0xfd, 0xe5, 0xc0, 0xff, 0xfd, 0xe5, 0xc0, 0xff, 0xfe, 0xe5, 0xc1, 0xff, 
0xfd, 0xe5, 0xc2, 0xff, 0xfe, 0xe5, 0xc2, 0xff, 0xfe, 0xe6, 0xc3, 0xff, 0xfe, 0xe6, 0xc2, 0xff, 
0xfe, 0xe6, 0xc3, 0xff, 0xfe, 0xe6, 0xc3, 0xff, 0xff, 0xe6, 0xc4, 0xff, 0xff, 0xe7, 0xc4, 0xff, 
0xfe, 0xe7, 0xc5, 0xff, 0xfe, 0xe7, 0xc6, 0xff, 0xfe, 0xe8, 0xc7, 0xff, 0xfe, 0xe9, 0xc7, 0xff, 
0xfe, 0xe9, 0xc7, 0xff, 0xfe, 0xe9, 0xc8, 0xff, 0xfe, 0xe9, 0xc9, 0xff, 0xfe, 0xe9, 0xc9, 0xff, 
0xfe, 0xe9, 0xc8, 0xff, 0xfe, 0xe8, 0xc8, 0xff, 0xfe, 0xe8, 0xc7, 0xff, 0xfe, 0xe8, 0xc7, 0xff, 
0xfe, 0xe7, 0xc7, 0xff, 0xfe, 0xe7, 0xc8, 0xff, 0xfe, 0xe7, 0xc7, 0xff, 0xfe, 0xe7, 0xc7, 0xff, 
0xfe, 0xe8, 0xc6, 0xff, 0xfe, 0xe6, 0xc5, 0xff, 0xff, 0xe6, 0xc5, 0xff, 0xfe, 0xe6, 0xc4, 0xff, 
0xfe, 0xe5, 0xc3, 0xff, 0xfd, 0xe5, 0xc3, 0xff, 0xfd, 0xe5, 0xc3, 0xff, 0xfe, 0xe5, 0xc2, 0xff, 
0xfd, 0xe7, 0xc5, 0xff, 0xfd, 0xe6, 0xc4, 0xff, 0xfe, 0xe6, 0xc3, 0xff, 0xfe, 0xe6, 0xc2, 0xff, 
0xfd, 0xe5, 0xc2, 0xff, 0xfe, 0xe6, 0xc3, 0xff, 0xfd, 0xe6, 0xc4, 0xff, 0xfd, 0xe5, 0xc3, 0xff, 
0xfd, 0xe5, 0xc1, 0xff, 0xfd, 0xe4, 0xc1, 0xff, 0xfd, 0xe5, 0xc0, 0xff, 0xfd, 0xe4, 0xc0, 0xff, 
0xfd, 0xe5, 0xc0, 0xff, 0xfe, 0xe5, 0xc1, 0xff, 0xfd, 0xe5, 0xc1, 0xff, 0xfd, 0xe5, 0xc2, 0xff, 
0xfd, 0xe5, 0xc2, 0xff, 0xfe, 0xe6, 0xc3, 0xff, 0xfe, 0xe7, 0xc5, 0xff, 0xfd, 0xe7, 0xc5, 0xff, 
0xfd, 0xe8, 0xc5, 0xff, 0xfd, 0xe7, 0xc7, 0xff, 0xfe, 0xe8, 0xc7, 0xff, 0xfe, 0xe7, 0xc6, 0xff, 
0xfe, 0xe8, 0xc8, 0xff, 0xfd, 0xe8, 0xc9, 0xff, 0xfd, 0xe9, 0xc9, 0xff, 0xfd, 0xe9, 0xca, 0xff, 
0xfd, 0xe9, 0xca, 0xff, 0xfd, 0xea, 0xca, 0xff, 0xfe, 0xea, 0xcb, 0xff, 0xfe, 0xeb, 0xcd, 0xff, 
0xfe, 0xeb, 0xcd, 0xff, 0xfe, 0xea, 0xcc, 0xff, 0xfd, 0xea, 0xcd, 0xff, 0xfe, 0xeb, 0xcd, 0xff, 
0xff, 0xec, 0xce, 0xff, 0xff, 0xec, 0xce, 0xff, 0xff, 0xeb, 0xce, 0xff, 0xfe, 0xec, 0xce, 0xff, 
0xfe, 0xeb, 0xcd, 0xff, 0xfe, 0xea, 0xcd, 0xff, 0xfe, 0xea, 0xcc, 0xff, 0xfe, 0xea, 0xcc, 0xff, 
0xfe, 0xea, 0xcb, 0xff, 0xfe, 0xea, 0xcb, 0xff, 0xff, 0xea, 0xcb, 0xff, 0xff, 0xea, 0xcb, 0xff, 
0xfe, 0xe9, 0xca, 0xff, 0xfe, 0xea, 0xcb, 0xff, 0xfe, 0xea, 0xcc, 0xff, 0xfe, 0xea, 0xcc, 0xff, 
0xfd, 0xea, 0xcc, 0xff, 0xfd, 0xea, 0xcb, 0xff, 0xfd, 0xe9, 0xca, 0xff, 0xfd, 0xe9, 0xca, 0xff, 
0xfe, 0xe9, 0xca, 0xff, 0xfe, 0xe9, 0xca, 0xff, 0xfe, 0xe8, 0xcb, 0xff, 0xfe, 0xe8, 0xca, 0xff, 
0xfd, 0xe9, 0xc9, 0xff, 0xfd, 0xe8, 0xc9, 0xff, 0xfe, 0xe8, 0xc9, 0xff, 0xfe, 0xe9, 0xc9, 0xff, 
0xfe, 0xe9, 0xc8, 0xff, 0xfe, 0xe9, 0xc9, 0xff, 0xfe, 0xe8, 0xc8, 0xff, 0xfe, 0xe8, 0xc7, 0xff, 
0xfe, 0xe7, 0xc6, 0xff, 0xfe, 0xe6, 0xc4, 0xff, 0xfd, 0xe7, 0xc4, 0xff, 0xfd, 0xe7, 0xc4, 0xff, 
0xfd, 0xe7, 0xc4, 0xff, 0xfd, 0xe6, 0xc3, 0xff, 0xfe, 0xe6, 0xc3, 0xff, 0xfe, 0xe6, 0xc3, 0xff, 
0xfe, 0xe6, 0xc4, 0xff, 0xfe, 0xe6, 0xc3, 0xff, 0xfd, 0xe5, 0xc2, 0xff, 0xfe, 0xe5, 0xc3, 0xff, 
0xfe, 0xe5, 0xc3, 0xff, 0xfd, 0xe6, 0xc3, 0xff, 0xfe, 0xe6, 0xc5, 0xff, 0xfe, 0xe6, 0xc5, 0xff, 
0xfd, 0xe7, 0xc5, 0xff, 0xfe, 0xe7, 0xc6, 0xff, 0xfe, 0xe7, 0xc6, 0xff, 0xfe, 0xe8, 0xc7, 0xff, 
0xfe, 0xe8, 0xc9, 0xff, 0xfd, 0xe8, 0xc9, 0xff, 0xfd, 0xe8, 0xc9, 0xff, 0xfd, 0xe8, 0xc9, 0xff, 
0xfe, 0xe9, 0xc9, 0xff, 0xfe, 0xe9, 0xcb, 0xff, 0xff, 0xe9, 0xcb, 0xff, 0xfe, 0xeb, 0xcb, 0xff, 
0xfe, 0xea, 0xcb, 0xff, 0xfe, 0xeb, 0xcb, 0xff, 0xfe, 0xea, 0xcb, 0xff, 0xfe, 0xea, 0xca, 0xff, 
0xfe, 0xeb, 0xcc, 0xff, 0xff, 0xec, 0xce, 0xff, 0xff, 0xeb, 0xcd, 0xff, 0xff, 0xeb, 0xcc, 0xff, 
0xfe, 0xea, 0xca, 0xff, 0xfe, 0xea, 0xc9, 0xff, 0xfe, 0xe9, 0xc7, 0xff, 0xfd, 0xe8, 0xc6, 0xff, 
0xfd, 0xe8, 0xc6, 0xff, 0xfd, 0xe8, 0xc6, 0xff, 0xfe, 0xe8, 0xc6, 0xff, 0xfe, 0xe7, 0xc6, 0xff, 
0xfe, 0xe7, 0xc5, 0xff, 0xfc, 0xe6, 0xc3, 0xff, 0xfd, 0xe6, 0xc5, 0xff, 0xfd, 0xe6, 0xc5, 0xff, 
0xfd, 0xe5, 0xc3, 0xff, 0xfe, 0xe6, 0xc4, 0xff, 0xfd, 0xe5, 0xc3, 0xff, 0xfd, 0xe6, 0xc3, 0xff, 
0xfe, 0xe6, 0xc4, 0xff, 0xfe, 0xe6, 0xc4, 0xff, 0xfd, 0xe6, 0xc4, 0xff, 0xfe, 0xe7, 0xc7, 0xff, 
0xfe, 0xe8, 0xc8, 0xff, 0xfe, 0xe7, 0xc7, 0xff, 0xfe, 0xe7, 0xc7, 0xff, 0xfe, 0xe8, 0xc8, 0xff, 
0xfe, 0xe8, 0xc8, 0xff, 0xfe, 0xe8, 0xc8, 0xff, 0xfe, 0xe8, 0xc8, 0xff, 0xfd, 0xe8, 0xc8, 0xff, 
0xfe, 0xe8, 0xc8, 0xff, 0xfe, 0xe8, 0xc9, 0xff, 0xfe, 0xe8, 0xc9, 0xff, 0xfe, 0xe8, 0xc9, 0xff, 
0xfe, 0xe9, 0xca, 0xff, 0xfe, 0xe9, 0xc9, 0xff, 0xfd, 0xe9, 0xca, 0xff, 0xfd, 0xea, 0xca, 0xff, 
0xfe, 0xea, 0xcb, 0xff, 0xfe, 0xe9, 0xcb, 0xff, 0xfd, 0xe8, 0xca, 0xff, 0xfd, 0xe8, 0xca, 0xff, 
0xfe, 0xe8, 0xc9, 0xff, 0xfd, 0xe8, 0xc9, 0xff, 0xfd, 0xe8, 0xc9, 0xff, 0xfe, 0xe9, 0xc9, 0xff, 
0xff, 0xe9, 0xc9, 0xff, 0xfe, 0xe9, 0xc9, 0xff, 0xfe, 0xe8, 0xc9, 0xff, 0xfe, 0xe8, 0xc9, 0xff, 
0xfd, 0xe8, 0xc9, 0xff, 0xfd, 0xe8, 0xc9, 0xff, 0xfd, 0xe8, 0xc8, 0xff, 0xfd, 0xe8, 0xc8, 0xff, 
0xfd, 0xe8, 0xc8, 0xff, 0xfe, 0xe9, 0xc8, 0xff, 0xfe, 0xe9, 0xc9, 0xff, 0xfd, 0xe9, 0xca, 0xff, 
0xfe, 0xea, 0xcb, 0xff, 0xfe, 0xea, 0xcc, 0xff, 0xfd, 0xe9, 0xca, 0xff, 0xfe, 0xe9, 0xc9, 0xff, 
0xfe, 0xea, 0xcb, 0xff, 0xff, 0xeb, 0xcb, 0xff, 0xff, 0xeb, 0xcb, 0xff, 0xfe, 0xeb, 0xca, 0xff, 
0xfe, 0xe9, 0xc9, 0xff, 0xfe, 0xe9, 0xc8, 0xff, 0xfd, 0xe8, 0xc8, 0xff, 0xfd, 0xe7, 0xc6, 0xff, 
0xfd, 0xe8, 0xc6, 0xff, 0xfd, 0xe9, 0xc7, 0xff, 0xfd, 0xe9, 0xc7, 0xff, 0xfd, 0xe9, 0xc7, 0xff, 
0xfe, 0xe8, 0xc7, 0xff, 0xfd, 0xe8, 0xc8, 0xff, 0xfd, 0xe8, 0xc7, 0xff, 0xfd, 0xe8, 0xc7, 0xff, 
0xfe, 0xe8, 0xc7, 0xff, 0xfe, 0xe7, 0xc6, 0xff, 0xfd, 0xe7, 0xc6, 0xff, 0xfe, 0xe8, 0xc7, 0xff, 
0xfe, 0xe8, 0xc7, 0xff, 0xfe, 0xe7, 0xc6, 0xff, 0xfe, 0xe7, 0xc6, 0xff, 0xfe, 0xe7, 0xc5, 0xff, 
0xfd, 0xe7, 0xc6, 0xff, 0xfd, 0xe8, 0xc7, 0xff, 0xfd, 0xe7, 0xc6, 0xff, 0xfd, 0xe7, 0xc6, 0xff, 
0xfd, 0xe7, 0xc6, 0xff, 0xfe, 0xe7, 0xc7, 0xff, 0xfe, 0xe7, 0xc6, 0xff, 0xfe, 0xe8, 0xc7, 0xff, 
0xfe, 0xe8, 0xc7, 0xff, 0xfd, 0xe8, 0xc8, 0xff, 0xfd, 0xe8, 0xc9, 0xff, 0xfd, 0xe8, 0xc9, 0xff, 
0xfd, 0xe8, 0xc8, 0xff, 0xfd, 0xe9, 0xc8, 0xff, 0xfd, 0xe9, 0xc9, 0xff, 0xfd, 0xe9, 0xc9, 0xff, 
0xfe, 0xea, 0xcb, 0xff, 0xfd, 0xe9, 0xca, 0xff, 0xfd, 0xe9, 0xca, 0xff, 0xfd, 0xe9, 0xcb, 0xff, 
0xfe, 0xe8, 0xcb, 0xff, 0xfe, 0xe8, 0xca, 0xff, 0xfe, 0xe9, 0xcb, 0xff, 0xfd, 0xe8, 0xc9, 0xff, 
0xfe, 0xe8, 0xc9, 0xff, 0xfe, 0xe7, 0xc8, 0xff, 0xfe, 0xe7, 0xc7, 0xff, 0xfe, 0xe7, 0xc6, 0xff, 
0xfd, 0xe6, 0xc4, 0xff, 0xfe, 0xe6, 0xc4, 0xff, 0xfd, 0xe7, 0xc4, 0xff, 0xfd, 0xe7, 0xc4, 0xff, 
0xfe, 0xe7, 0xc4, 0xff, 0xfd, 0xe6, 0xc3, 0xff, 0xfd, 0xe6, 0xc3, 0xff, 0xfe, 0xe6, 0xc4, 0xff, 
0xfd, 0xe6, 0xc4, 0xff, 0xfd, 0xe6, 0xc4, 0xff, 0xfd, 0xe6, 0xc4, 0xff, 0xfd, 0xe6, 0xc4, 0xff, 
0xfe, 0xe6, 0xc5, 0xff, 0xfd, 0xe7, 0xc5, 0xff, 0xfe, 0xe8, 0xc6, 0xff, 0xfe, 0xe8, 0xc7, 0xff, 
0xfe, 0xe8, 0xc8, 0xff, 0xfe, 0xe7, 0xc7, 0xff, 0xfe, 0xe7, 0xc7, 0xff, 0xfe, 0xe9, 0xc9, 0xff, 
0xfe, 0xe9, 0xca, 0xff, 0xfe, 0xe9, 0xca, 0xff, 0xfe, 0xea, 0xcc, 0xff, 0xfe, 0xea, 0xcd, 0xff, 
0xfe, 0xea, 0xcb, 0xff, 0xfe, 0xea, 0xca, 0xff, 0xfe, 0xea, 0xcc, 0xff, 0xfd, 0xe9, 0xcc, 0xff, 
0xfd, 0xe8, 0xcb, 0xff, 0xfe, 0xe9, 0xcb, 0xff, 0xfd, 0xe9, 0xcb, 0xff, 0xfd, 0xe8, 0xc9, 0xff, 
0xfd, 0xe8, 0xc8, 0xff, 0xfe, 0xe8, 0xc8, 0xff, 0xfe, 0xe8, 0xc8, 0xff, 0xfe, 0xe8, 0xc8, 0xff, 
0xfe, 0xe8, 0xc7, 0xff, 0xfe, 0xe7, 0xc7, 0xff, 0xfe, 0xe6, 0xc5, 0xff, 0xfd, 0xe6, 0xc4, 0xff, 
0xfe, 0xeb, 0xca, 0xff, 0xfe, 0xea, 0xc8, 0xff, 0xfe, 0xe9, 0xc7, 0xff, 0xfe, 0xe9, 0xc7, 0xff, 
0xfe, 0xe9, 0xc7, 0xff, 0xfe, 0xe9, 0xc8, 0xff, 0xfe, 0xe9, 0xc8, 0xff, 0xfe, 0xe8, 0xc7, 0xff, 
0xfe, 0xe8, 0xc5, 0xff, 0xfe, 0xe8, 0xc4, 0xff, 0xfe, 0xe8, 0xc4, 0xff, 0xfe, 0xe8, 0xc5, 0xff, 
0xfe, 0xe9, 0xc4, 0xff, 0xfe, 0xe8, 0xc5, 0xff, 0xfe, 0xe9, 0xc7, 0xff, 0xfe, 0xe9, 0xc7, 0xff, 
0xfd, 0xe9, 0xc8, 0xff, 0xfe, 0xea, 0xc8, 0xff, 0xfe, 0xea, 0xc9, 0xff, 0xfd, 0xeb, 0xca, 0xff, 
0xfe, 0xeb, 0xca, 0xff, 0xfe, 0xeb, 0xcb, 0xff, 0xff, 0xec, 0xcc, 0xff, 0xff, 0xec, 0xcc, 0xff, 
0xfe, 0xeb, 0xcc, 0xff, 0xff, 0xeb, 0xcc, 0xff, 0xff, 0xec, 0xcd, 0xff, 0xff, 0xec, 0xce, 0xff, 
0xff, 0xed, 0xce, 0xff, 0xff, 0xec, 0xcf, 0xff, 0xff, 0xee, 0xd1, 0xff, 0xff, 0xee, 0xd2, 0xff, 
0xff, 0xed, 0xd2, 0xff, 0xff, 0xed, 0xd2, 0xff, 0xfe, 0xed, 0xd2, 0xff, 0xff, 0xed, 0xd0, 0xff, 
0xff, 0xed, 0xd1, 0xff, 0xff, 0xed, 0xd3, 0xff, 0xff, 0xed, 0xd3, 0xff, 0xfe, 0xee, 0xd3, 0xff, 
0xfe, 0xee, 0xd3, 0xff, 0xff, 0xee, 0xd3, 0xff, 0xff, 0xee, 0xd3, 0xff, 0xfe, 0xed, 0xd2, 0xff, 
0xff, 0xed, 0xd1, 0xff, 0xff, 0xed, 0xd0, 0xff, 0xff, 0xed, 0xd2, 0xff, 0xfe, 0xed, 0xd0, 0xff, 
0xff, 0xed, 0xd1, 0xff, 0xff, 0xed, 0xd1, 0xff, 0xff, 0xed, 0xd2, 0xff, 0xff, 0xed, 0xd2, 0xff, 
0xff, 0xed, 0xd2, 0xff, 0xff, 0xed, 0xd0, 0xff, 0xff, 0xec, 0xd0, 0xff, 0xfe, 0xec, 0xd0, 0xff, 
0xff, 0xed, 0xd1, 0xff, 0xff, 0xed, 0xd1, 0xff, 0xfe, 0xec, 0xd1, 0xff, 0xfe, 0xed, 0xd1, 0xff, 
0xfe, 0xed, 0xcf, 0xff, 0xfe, 0xec, 0xcd, 0xff, 0xfe, 0xec, 0xce, 0xff, 0xff, 0xed, 0xd1, 0xff, 
0xff, 0xed, 0xd0, 0xff, 0xff, 0xed, 0xd1, 0xff, 0xff, 0xed, 0xd0, 0xff, 0xfe, 0xed, 0xd0, 0xff, 
0xff, 0xed, 0xd0, 0xff, 0xff, 0xec, 0xce, 0xff, 0xfe, 0xeb, 0xcb, 0xff, 0xfe, 0xeb, 0xc9, 0xff, 
0xfd, 0xea, 0xc8, 0xff, 0xfe, 0xea, 0xc8, 0xff, 0xff, 0xe9, 0xc8, 0xff, 0xfe, 0xea, 0xc8, 0xff, 
0xfe, 0xea, 0xc9, 0xff, 0xff, 0xe9, 0xc8, 0xff, 0xff, 0xe9, 0xc8, 0xff, 0xfe, 0xe9, 0xc7, 0xff, 
0xfe, 0xe9, 0xc7, 0xff, 0xfe, 0xe9, 0xc7, 0xff, 0xfe, 0xe9, 0xc7, 0xff, 0xff, 0xe9, 0xc9, 0xff, 
0xfe, 0xea, 0xc9, 0xff, 0xfe, 0xeb, 0xcb, 0xff, 0xff, 0xec, 0xcc, 0xff, 0xfe, 0xeb, 0xcc, 0xff, 
0xfe, 0xeb, 0xcb, 0xff, 0xfe, 0xeb, 0xcc, 0xff, 0xfe, 0xeb, 0xcd, 0xff, 0xff, 0xec, 0xcd, 0xff, 
0xff, 0xec, 0xce, 0xff, 0xff, 0xec, 0xd0, 0xff, 0xff, 0xed, 0xd1, 0xff, 0xff, 0xee, 0xd2, 0xff, 
0xfe, 0xee, 0xd2, 0xff, 0xfe, 0xee, 0xd3, 0xff, 0xff, 0xed, 0xd2, 0xff, 0xff, 0xec, 0xce, 0xff, 
0xff, 0xed, 0xd1, 0xff, 0xfe, 0xee, 0xd3, 0xff, 0xff, 0xee, 0xd2, 0xff, 0xfe, 0xee, 0xd3, 0xff, 
0xff, 0xee, 0xd2, 0xff, 0xff, 0xee, 0xd2, 0xff, 0xff, 0xee, 0xd2, 0xff, 0xfe, 0xee, 0xd0, 0xff, 
0xfe, 0xed, 0xce, 0xff, 0xfe, 0xec, 0xcb, 0xff, 0xfe, 0xea, 0xca, 0xff, 0xfe, 0xea, 0xca, 0xff, 
0xfe, 0xea, 0xca, 0xff, 0xfd, 0xe9, 0xc9, 0xff, 0xfe, 0xea, 0xca, 0xff, 0xfe, 0xea, 0xca, 0xff, 
0xfe, 0xe9, 0xc9, 0xff, 0xfe, 0xe9, 0xc7, 0xff, 0xfe, 0xe9, 0xc7, 0xff, 0xfe, 0xe9, 0xc7, 0xff, 
0xfe, 0xea, 0xc7, 0xff, 0xff, 0xea, 0xc8, 0xff, 0xfe, 0xe9, 0xc8, 0xff, 0xfe, 0xea, 0xc9, 0xff, 
0xfe, 0xe9, 0xc9, 0xff, 0xfe, 0xea, 0xca, 0xff, 0xfe, 0xeb, 0xcb, 0xff, 0xff, 0xec, 0xcc, 0xff, 
0xfe, 0xec, 0xcc, 0xff, 0xff, 0xec, 0xcc, 0xff, 0xfe, 0xed, 0xce, 0xff, 0xfe, 0xed, 0xce, 0xff, 
0xfe, 0xec, 0xce, 0xff, 0xfe, 0xec, 0xce, 0xff, 0xfe, 0xeb, 0xce, 0xff, 0xff, 0xec, 0xd0, 0xff, 
0xff, 0xed, 0xd1, 0xff, 0xff, 0xec, 0xcf, 0xff, 0xff, 0xed, 0xd1, 0xff, 0xff, 0xee, 0xd2, 0xff, 
0xff, 0xee, 0xd2, 0xff, 0xff, 0xed, 0xd1, 0xff, 0xff, 0xed, 0xd2, 0xff, 0xff, 0xed, 0xd1, 0xff, 
0xff, 0xeb, 0xcd, 0xff, 0xff, 0xec, 0xcd, 0xff, 0xff, 0xeb, 0xcf, 0xff, 0xff, 0xec, 0xcf, 0xff, 
0xfe, 0xed, 0xcf, 0xff, 0xfe, 0xed, 0xd1, 0xff, 0xfe, 0xed, 0xcf, 0xff, 0xfe, 0xec, 0xcf, 0xff, 
0xff, 0xec, 0xcf, 0xff, 0xfe, 0xec, 0xce, 0xff, 0xfe, 0xec, 0xce, 0xff, 0xfe, 0xec, 0xce, 0xff, 
0xfe, 0xec, 0xce, 0xff, 0xff, 0xec, 0xcf, 0xff, 0xff, 0xec, 0xd1, 0xff, 0xff, 0xed, 0xd1, 0xff, 
0xff, 0xed, 0xd2, 0xff, 0xff, 0xed, 0xd2, 0xff, 0xfe, 0xec, 0xce, 0xff, 0xff, 0xed, 0xce, 0xff, 
0xff, 0xed, 0xd1, 0xff, 0xfe, 0xed, 0xd1, 0xff, 0xff, 0xed, 0xd1, 0xff, 0xff, 0xee, 0xd2, 0xff, 
0xff, 0xee, 0xd1, 0xff, 0xff, 0xee, 0xd2, 0xff, 0xfe, 0xee, 0xd1, 0xff, 0xfe, 0xed, 0xcf, 0xff, 
0xfe, 0xec, 0xcd, 0xff, 0xff, 0xeb, 0xcb, 0xff, 0xfe, 0xea, 0xca, 0xff, 0xfe, 0xeb, 0xcb, 0xff, 
0xfe, 0xeb, 0xcb, 0xff, 0xfe, 0xeb, 0xcd, 0xff, 0xfe, 0xeb, 0xcd, 0xff, 0xfe, 0xec, 0xce, 0xff, 
0xfe, 0xec, 0xcd, 0xff, 0xff, 0xed, 0xce, 0xff, 0xfe, 0xec, 0xcd, 0xff, 0xfe, 0xec, 0xcb, 0xff, 
0xfe, 0xeb, 0xcb, 0xff, 0xfe, 0xeb, 0xcb, 0xff, 0xfe, 0xeb, 0xcb, 0xff, 0xfe, 0xea, 0xca, 0xff, 
0xfe, 0xeb, 0xcb, 0xff, 0xfe, 0xeb, 0xcc, 0xff, 0xfe, 0xea, 0xcb, 0xff, 0xfd, 0xea, 0xca, 0xff, 
0xfe, 0xea, 0xca, 0xff, 0xfe, 0xea, 0xc9, 0xff, 0xfd, 0xea, 0xc9, 0xff, 0xfe, 0xea, 0xca, 0xff, 
0xfe, 0xeb, 0xca, 0xff, 0xfe, 0xeb, 0xcb, 0xff, 0xfe, 0xea, 0xcb, 0xff, 0xfe, 0xeb, 0xcd, 0xff, 
0xff, 0xec, 0xce, 0xff, 0xfe, 0xec, 0xce, 0xff, 0xfe, 0xec, 0xce, 0xff, 0xfe, 0xed, 0xcf, 0xff, 
0xff, 0xed, 0xd1, 0xff, 0xff, 0xed, 0xd1, 0xff, 0xff, 0xed, 0xd2, 0xff, 0xff, 0xed, 0xd0, 0xff, 
0xff, 0xec, 0xcf, 0xff, 0xff, 0xec, 0xd0, 0xff, 0xff, 0xed, 0xd1, 0xff, 0xff, 0xed, 0xcf, 0xff, 
0xff, 0xec, 0xce, 0xff, 0xff, 0xec, 0xce, 0xff, 0xfe, 0xec, 0xcf, 0xff, 0xff, 0xec, 0xce, 0xff, 
0xfe, 0xeb, 0xcc, 0xff, 0xfe, 0xeb, 0xca, 0xff, 0xfe, 0xea, 0xc9, 0xff, 0xfe, 0xea, 0xc8, 0xff, 
0xfe, 0xea, 0xc9, 0xff, 0xfd, 0xea, 0xc8, 0xff, 0xfe, 0xea, 0xc8, 0xff, 0xfe, 0xe9, 0xc9, 0xff, 
0xfe, 0xe9, 0xc9, 0xff, 0xfe, 0xea, 0xc8, 0xff, 0xfe, 0xe9, 0xc8, 0xff, 0xfe, 0xea, 0xc8, 0xff, 
0xff, 0xea, 0xc8, 0xff, 0xfe, 0xea, 0xc8, 0xff, 0xfe, 0xeb, 0xca, 0xff, 0xfe, 0xeb, 0xca, 0xff, 
0xfe, 0xeb, 0xcb, 0xff, 0xfe, 0xec, 0xcc, 0xff, 0xfe, 0xec, 0xcd, 0xff, 0xfe, 0xeb, 0xcd, 0xff, 
0xff, 0xeb, 0xce, 0xff, 0xfe, 0xeb, 0xce, 0xff, 0xfe, 0xed, 0xd1, 0xff, 0xff, 0xed, 0xd1, 0xff, 
0xff, 0xed, 0xd1, 0xff, 0xff, 0xed, 0xd1, 0xff, 0xff, 0xed, 0xd3, 0xff, 0xfe, 0xec, 0xd2, 0xff, 
0xff, 0xed, 0xd2, 0xff, 0xff, 0xed, 0xd1, 0xff, 0xfe, 0xeb, 0xcd, 0xff, 0xfe, 0xec, 0xce, 0xff, 
0xff, 0xec, 0xce, 0xff, 0xfe, 0xec, 0xce, 0xff, 0xfe, 0xec, 0xce, 0xff, 0xff, 0xec, 0xcf, 0xff, 
0xff, 0xec, 0xcf, 0xff, 0xfe, 0xec, 0xcf, 0xff, 0xff, 0xeb, 0xcc, 0xff, 0xfe, 0xeb, 0xcb, 0xff, 
0xff, 0xf0, 0xd7, 0xff, 0xff, 0xef, 0xd5, 0xff, 0xff, 0xee, 0xd3, 0xff, 0xff, 0xee, 0xd1, 0xff, 
0xfe, 0xed, 0xd0, 0xff, 0xfe, 0xed, 0xcf, 0xff, 0xfe, 0xed, 0xd0, 0xff, 0xff, 0xed, 0xd1, 0xff, 
0xff, 0xee, 0xd2, 0xff, 0xfe, 0xee, 0xd1, 0xff, 0xfe, 0xed, 0xcf, 0xff, 0xfe, 0xed, 0xce, 0xff, 
0xff, 0xed, 0xce, 0xff, 0xff, 0xec, 0xcd, 0xff, 0xff, 0xed, 0xce, 0xff, 0xff, 0xed, 0xcd, 0xff, 
0xff, 0xec, 0xcd, 0xff, 0xff, 0xed, 0xce, 0xff, 0xfe, 0xed, 0xcf, 0xff, 0xff, 0xed, 0xcf, 0xff, 
0xff, 0xed, 0xcf, 0xff, 0xfe, 0xed, 0xd0, 0xff, 0xff, 0xee, 0xd1, 0xff, 0xff, 0xee, 0xd2, 0xff, 
0xfe, 0xef, 0xd2, 0xff, 0xfe, 0xee, 0xd3, 0xff, 0xff, 0xee, 0xd3, 0xff, 0xff, 0xee, 0xd3, 0xff, 
0xff, 0xee, 0xd4, 0xff, 0xff, 0xee, 0xd5, 0xff, 0xff, 0xef, 0xd6, 0xff, 0xff, 0xef, 0xd6, 0xff, 
0xff, 0xef, 0xd6, 0xff, 0xff, 0xef, 0xd6, 0xff, 0xff, 0xef, 0xd6, 0xff, 0xff, 0xf0, 0xd8, 0xff, 
0xff, 0xf0, 0xd8, 0xff, 0xff, 0xf0, 0xd7, 0xff, 0xff, 0xf0, 0xd8, 0xff, 0xff, 0xef, 0xd8, 0xff, 
0xff, 0xf0, 0xd7, 0xff, 0xff, 0xf0, 0xd7, 0xff, 0xff, 0xf1, 0xd8, 0xff, 0xff, 0xf0, 0xd9, 0xff, 
0xff, 0xf1, 0xda, 0xff, 0xff, 0xf1, 0xd9, 0xff, 0xff, 0xf0, 0xd8, 0xff, 0xff, 0xf0, 0xd8, 0xff, 
0xff, 0xf0, 0xd8, 0xff, 0xff, 0xf0, 0xd7, 0xff, 0xff, 0xef, 0xd7, 0xff, 0xff, 0xef, 0xd7, 0xff, 
0xff, 0xf0, 0xd8, 0xff, 0xff, 0xf0, 0xd7, 0xff, 0xff, 0xf0, 0xd7, 0xff, 0xff, 0xef, 0xd6, 0xff, 
0xff, 0xef, 0xd6, 0xff, 0xff, 0xef, 0xd6, 0xff, 0xff, 0xef, 0xd7, 0xff, 0xff, 0xef, 0xd7, 0xff, 
0xff, 0xef, 0xd6, 0xff, 0xff, 0xef, 0xd5, 0xff, 0xfe, 0xef, 0xd5, 0xff, 0xff, 0xef, 0xd6, 0xff, 
0xff, 0xef, 0xd6, 0xff, 0xff, 0xef, 0xd5, 0xff, 0xff, 0xef, 0xd6, 0xff, 0xfe, 0xef, 0xd6, 0xff, 
0xff, 0xef, 0xd6, 0xff, 0xff, 0xf0, 0xd7, 0xff, 0xff, 0xf0, 0xd7, 0xff, 0xff, 0xf0, 0xd6, 0xff, 
0xff, 0xef, 0xd5, 0xff, 0xff, 0xef, 0xd3, 0xff, 0xff, 0xee, 0xd1, 0xff, 0xff, 0xed, 0xd0, 0xff, 
0xff, 0xee, 0xd2, 0xff, 0xff, 0xee, 0xd2, 0xff, 0xff, 0xee, 0xd2, 0xff, 0xff, 0xee, 0xd1, 0xff, 
0xfe, 0xee, 0xd1, 0xff, 0xfe, 0xee, 0xd1, 0xff, 0xfe, 0xed, 0xd1, 0xff, 0xff, 0xee, 0xd1, 0xff, 
0xff, 0xed, 0xd1, 0xff, 0xff, 0xed, 0xd1, 0xff, 0xfe, 0xee, 0xd1, 0xff, 0xff, 0xee, 0xd3, 0xff, 
0xfe, 0xee, 0xd3, 0xff, 0xff, 0xee, 0xd4, 0xff, 0xff, 0xee, 0xd4, 0xff, 0xff, 0xee, 0xd4, 0xff, 
0xff, 0xee, 0xd5, 0xff, 0xfe, 0xee, 0xd5, 0xff, 0xff, 0xef, 0xd6, 0xff, 0xff, 0xee, 0xd5, 0xff, 
0xff, 0xee, 0xd7, 0xff, 0xff, 0xef, 0xd7, 0xff, 0xff, 0xef, 0xd6, 0xff, 0xff, 0xf0, 0xd7, 0xff, 
0xff, 0xf0, 0xd8, 0xff, 0xff, 0xf0, 0xd7, 0xff, 0xff, 0xf0, 0xd7, 0xff, 0xff, 0xf0, 0xd7, 0xff, 
0xff, 0xf0, 0xd8, 0xff, 0xff, 0xf0, 0xd8, 0xff, 0xff, 0xf1, 0xd9, 0xff, 0xff, 0xf2, 0xda, 0xff, 
0xff, 0xf1, 0xdb, 0xff, 0xff, 0xf1, 0xd9, 0xff, 0xff, 0xf0, 0xd7, 0xff, 0xff, 0xef, 0xd5, 0xff, 
0xff, 0xef, 0xd4, 0xff, 0xff, 0xee, 0xd2, 0xff, 0xff, 0xee, 0xd3, 0xff, 0xff, 0xee, 0xd3, 0xff, 
0xfe, 0xee, 0xd3, 0xff, 0xfe, 0xee, 0xd2, 0xff, 0xff, 0xee, 0xd2, 0xff, 0xfe, 0xee, 0xd1, 0xff, 
0xff, 0xed, 0xd1, 0xff, 0xfe, 0xed, 0xd1, 0xff, 0xff, 0xed, 0xd0, 0xff, 0xff, 0xee, 0xd1, 0xff, 
0xff, 0xed, 0xd1, 0xff, 0xff, 0xed, 0xd2, 0xff, 0xff, 0xee, 0xd3, 0xff, 0xfe, 0xee, 0xd2, 0xff, 
0xfe, 0xee, 0xd1, 0xff, 0xfe, 0xee, 0xd2, 0xff, 0xff, 0xee, 0xd5, 0xff, 0xff, 0xee, 0xd5, 0xff, 
0xff, 0xef, 0xd5, 0xff, 0xfe, 0xef, 0xd5, 0xff, 0xff, 0xef, 0xd5, 0xff, 0xff, 0xef, 0xd5, 0xff, 
0xff, 0xee, 0xd6, 0xff, 0xff, 0xee, 0xd5, 0xff, 0xff, 0xee, 0xd6, 0xff, 0xff, 0xee, 0xd6, 0xff, 
0xff, 0xef, 0xd6, 0xff, 0xff, 0xee, 0xd6, 0xff, 0xff, 0xef, 0xd7, 0xff, 0xff, 0xf0, 0xd7, 0xff, 
0xff, 0xef, 0xd7, 0xff, 0xff, 0xef, 0xd6, 0xff, 0xff, 0xef, 0xd6, 0xff, 0xff, 0xef, 0xd6, 0xff, 
0xff, 0xee, 0xd6, 0xff, 0xff, 0xef, 0xd6, 0xff, 0xff, 0xef, 0xd5, 0xff, 0xff, 0xef, 0xd6, 0xff, 
0xff, 0xf0, 0xd7, 0xff, 0xff, 0xef, 0xd6, 0xff, 0xff, 0xef, 0xd6, 0xff, 0xff, 0xef, 0xd6, 0xff, 
0xfe, 0xef, 0xd6, 0xff, 0xfe, 0xef, 0xd6, 0xff, 0xff, 0xee, 0xd6, 0xff, 0xff, 0xef, 0xd6, 0xff, 
0xff, 0xef, 0xd7, 0xff, 0xff, 0xef, 0xd7, 0xff, 0xff, 0xf0, 0xd7, 0xff, 0xff, 0xf0, 0xd8, 0xff, 
0xff, 0xf0, 0xd8, 0xff, 0xff, 0xf0, 0xd8, 0xff, 0xff, 0xf0, 0xd6, 0xff, 0xff, 0xef, 0xd7, 0xff, 
0xff, 0xef, 0xd7, 0xff, 0xff, 0xf0, 0xd8, 0xff, 0xff, 0xf1, 0xda, 0xff, 0xff, 0xf2, 0xdb, 0xff, 
0xff, 0xf1, 0xda, 0xff, 0xff, 0xf0, 0xd8, 0xff, 0xff, 0xef, 0xd6, 0xff, 0xff, 0xef, 0xd5, 0xff, 
0xff, 0xef, 0xd4, 0xff, 0xff, 0xee, 0xd4, 0xff, 0xff, 0xef, 0xd6, 0xff, 0xff, 0xef, 0xd6, 0xff, 
0xff, 0xf0, 0xd6, 0xff, 0xff, 0xf0, 0xd8, 0xff, 0xff, 0xf0, 0xd8, 0xff, 0xff, 0xf0, 0xd7, 0xff, 
0xff, 0xf0, 0xd6, 0xff, 0xff, 0xf0, 0xd6, 0xff, 0xff, 0xef, 0xd5, 0xff, 0xff, 0xef, 0xd3, 0xff, 
0xff, 0xef, 0xd4, 0xff, 0xff, 0xef, 0xd5, 0xff, 0xff, 0xef, 0xd5, 0xff, 0xff, 0xef, 0xd4, 0xff, 
0xff, 0xee, 0xd4, 0xff, 0xff, 0xee, 0xd3, 0xff, 0xff, 0xee, 0xd3, 0xff, 0xff, 0xee, 0xd3, 0xff, 
0xff, 0xee, 0xd3, 0xff, 0xff, 0xee, 0xd3, 0xff, 0xff, 0xee, 0xd3, 0xff, 0xfe, 0xee, 0xd3, 0xff, 
0xff, 0xef, 0xd4, 0xff, 0xff, 0xef, 0xd5, 0xff, 0xff, 0xef, 0xd5, 0xff, 0xff, 0xee, 0xd5, 0xff, 
0xff, 0xef, 0xd6, 0xff, 0xff, 0xef, 0xd6, 0xff, 0xff, 0xef, 0xd7, 0xff, 0xff, 0xef, 0xd7, 0xff, 
0xff, 0xef, 0xd6, 0xff, 0xff, 0xf0, 0xd6, 0xff, 0xff, 0xef, 0xd6, 0xff, 0xff, 0xef, 0xd6, 0xff, 
0xff, 0xef, 0xd6, 0xff, 0xff, 0xee, 0xd5, 0xff, 0xff, 0xee, 0xd5, 0xff, 0xff, 0xef, 0xd6, 0xff, 
0xff, 0xef, 0xd5, 0xff, 0xff, 0xef, 0xd5, 0xff, 0xff, 0xef, 0xd5, 0xff, 0xff, 0xef, 0xd3, 0xff, 
0xff, 0xee, 0xd1, 0xff, 0xfe, 0xed, 0xd1, 0xff, 0xff, 0xed, 0xd1, 0xff, 0xff, 0xed, 0xd2, 0xff, 
0xfe, 0xed, 0xd2, 0xff, 0xff, 0xee, 0xd1, 0xff, 0xff, 0xee, 0xd1, 0xff, 0xff, 0xee, 0xd1, 0xff, 
0xfe, 0xee, 0xd1, 0xff, 0xff, 0xed, 0xd1, 0xff, 0xff, 0xed, 0xd1, 0xff, 0xff, 0xed, 0xd0, 0xff, 
0xfe, 0xee, 0xd2, 0xff, 0xfe, 0xee, 0xd3, 0xff, 0xff, 0xef, 0xd4, 0xff, 0xff, 0xef, 0xd5, 0xff, 
0xff, 0xf0, 0xd5, 0xff, 0xfe, 0xef, 0xd6, 0xff, 0xff, 0xef, 0xd6, 0xff, 0xff, 0xef, 0xd6, 0xff, 
0xff, 0xf0, 0xd7, 0xff, 0xff, 0xef, 0xd7, 0xff, 0xff, 0xef, 0xd6, 0xff, 0xff, 0xef, 0xd6, 0xff, 
0xff, 0xf0, 0xd7, 0xff, 0xff, 0xf0, 0xd7, 0xff, 0xff, 0xef, 0xd7, 0xff, 0xff, 0xf0, 0xd7, 0xff, 
0xff, 0xf0, 0xd7, 0xff, 0xff, 0xef, 0xd6, 0xff, 0xff, 0xef, 0xd5, 0xff, 0xff, 0xef, 0xd6, 0xff, 
0xff, 0xef, 0xd6, 0xff, 0xff, 0xef, 0xd7, 0xff, 0xff, 0xf0, 0xd6, 0xff, 0xff, 0xf0, 0xd7, 0xff, 
0xff, 0xf3, 0xe1, 0xff, 0xff, 0xf3, 0xe1, 0xff, 0xff, 0xf2, 0xe0, 0xff, 0xff, 0xf2, 0xde, 0xff, 
0xff, 0xf1, 0xdc, 0xff, 0xff, 0xf0, 0xd9, 0xff, 0xff, 0xf0, 0xd8, 0xff, 0xff, 0xf0, 0xd9, 0xff, 
0xff, 0xf0, 0xda, 0xff, 0xff, 0xf1, 0xdb, 0xff, 0xff, 0xf1, 0xdb, 0xff, 0xff, 0xf0, 0xda, 0xff, 
0xff, 0xf0, 0xd9, 0xff, 0xff, 0xef, 0xd8, 0xff, 0xff, 0xef, 0xd8, 0xff, 0xff, 0xef, 0xd7, 0xff, 
0xff, 0xef, 0xd6, 0xff, 0xfe, 0xee, 0xd5, 0xff, 0xfe, 0xef, 0xd6, 0xff, 0xff, 0xef, 0xd7, 0xff, 
0xff, 0xef, 0xd7, 0xff, 0xff, 0xef, 0xd7, 0xff, 0xff, 0xef, 0xd7, 0xff, 0xff, 0xef, 0xd7, 0xff, 
0xff, 0xef, 0xd6, 0xff, 0xff, 0xef, 0xd7, 0xff, 0xff, 0xef, 0xd7, 0xff, 0xff, 0xef, 0xd6, 0xff, 
0xff, 0xef, 0xd8, 0xff, 0xff, 0xef, 0xd9, 0xff, 0xfe, 0xef, 0xd9, 0xff, 0xff, 0xf0, 0xd9, 0xff, 
0xff, 0xf0, 0xd9, 0xff, 0xff, 0xf0, 0xda, 0xff, 0xff, 0xf0, 0xd9, 0xff, 0xff, 0xf1, 0xdb, 0xff, 
0xff, 0xf1, 0xdc, 0xff, 0xff, 0xf1, 0xdc, 0xff, 0xff, 0xf2, 0xde, 0xff, 0xff, 0xf2, 0xde, 0xff, 
0xff, 0xf2, 0xde, 0xff, 0xff, 0xf2, 0xdd, 0xff, 0xff, 0xf2, 0xdd, 0xff, 0xff, 0xf2, 0xde, 0xff, 
0xff, 0xf3, 0xe2, 0xff, 0xff, 0xf3, 0xe0, 0xff, 0xff, 0xf1, 0xdd, 0xff, 0xff, 0xf1, 0xdd, 0xff, 
0xff, 0xf2, 0xdc, 0xff, 0xff, 0xf1, 0xdb, 0xff, 0xff, 0xf1, 0xdc, 0xff, 0xff, 0xf0, 0xdb, 0xff, 
0xff, 0xf1, 0xda, 0xff, 0xff, 0xf1, 0xda, 0xff, 0xff, 0xf1, 0xda, 0xff, 0xff, 0xf1, 0xda, 0xff, 
0xff, 0xf1, 0xdb, 0xff, 0xff, 0xf1, 0xdb, 0xff, 0xff, 0xf1, 0xda, 0xff, 0xff, 0xf1, 0xda, 0xff, 
0xff, 0xf1, 0xda, 0xff, 0xff, 0xf1, 0xda, 0xff, 0xff, 0xf1, 0xdb, 0xff, 0xff, 0xf1, 0xdc, 0xff, 
0xff, 0xf1, 0xdb, 0xff, 0xff, 0xf0, 0xdb, 0xff, 0xff, 0xf1, 0xdb, 0xff, 0xff, 0xf1, 0xdb, 0xff, 
0xff, 0xf1, 0xdb, 0xff, 0xff, 0xf1, 0xdd, 0xff, 0xff, 0xf2, 0xe0, 0xff, 0xff, 0xf2, 0xe1, 0xff, 
0xff, 0xf3, 0xe1, 0xff, 0xff, 0xf2, 0xe0, 0xff, 0xff, 0xf2, 0xdd, 0xff, 0xff, 0xf1, 0xdb, 0xff, 
0xff, 0xf0, 0xd9, 0xff, 0xff, 0xf0, 0xd9, 0xff, 0xff, 0xf0, 0xd9, 0xff, 0xff, 0xf0, 0xda, 0xff, 
0xff, 0xf1, 0xdb, 0xff, 0xff, 0xf1, 0xdb, 0xff, 0xff, 0xf0, 0xda, 0xff, 0xff, 0xf0, 0xdb, 0xff, 
0xfe, 0xf0, 0xda, 0xff, 0xff, 0xf0, 0xd8, 0xff, 0xff, 0xef, 0xd7, 0xff, 0xff, 0xef, 0xd7, 0xff, 
0xff, 0xef, 0xd7, 0xff, 0xff, 0xef, 0xd8, 0xff, 0xff, 0xef, 0xd7, 0xff, 0xff, 0xee, 0xd7, 0xff, 
0xff, 0xf0, 0xd9, 0xff, 0xff, 0xef, 0xd9, 0xff, 0xff, 0xef, 0xd9, 0xff, 0xff, 0xef, 0xd9, 0xff, 
0xff, 0xf1, 0xda, 0xff, 0xff, 0xf0, 0xda, 0xff, 0xff, 0xf0, 0xd9, 0xff, 0xff, 0xf1, 0xdb, 0xff, 
0xff, 0xf1, 0xdc, 0xff, 0xff, 0xf2, 0xdd, 0xff, 0xff, 0xf2, 0xde, 0xff, 0xff, 0xf2, 0xde, 0xff, 
0xff, 0xf2, 0xdf, 0xff, 0xff, 0xf2, 0xdf, 0xff, 0xff, 0xf2, 0xde, 0xff, 0xff, 0xf2, 0xe0, 0xff, 
0xff, 0xf3, 0xe4, 0xff, 0xfe, 0xf3, 0xe5, 0xff, 0xff, 0xf3, 0xe3, 0xff, 0xff, 0xf4, 0xe3, 0xff, 
0xff, 0xf3, 0xe2, 0xff, 0xff, 0xf2, 0xde, 0xff, 0xff, 0xf1, 0xda, 0xff, 0xff, 0xf0, 0xda, 0xff, 
0xff, 0xf0, 0xdb, 0xff, 0xff, 0xf0, 0xdb, 0xff, 0xff, 0xf1, 0xdb, 0xff, 0xff, 0xf1, 0xdb, 0xff, 
0xff, 0xf1, 0xdb, 0xff, 0xff, 0xf1, 0xdb, 0xff, 0xff, 0xef, 0xda, 0xff, 0xff, 0xef, 0xd9, 0xff, 
0xff, 0xef, 0xd8, 0xff, 0xff, 0xef, 0xd8, 0xff, 0xff, 0xf0, 0xd8, 0xff, 0xff, 0xef, 0xd8, 0xff, 
0xff, 0xef, 0xd8, 0xff, 0xff, 0xf0, 0xd8, 0xff, 0xff, 0xef, 0xd7, 0xff, 0xff, 0xef, 0xd7, 0xff, 
0xff, 0xef, 0xd6, 0xff, 0xff, 0xee, 0xd5, 0xff, 0xff, 0xef, 0xd7, 0xff, 0xff, 0xef, 0xd7, 0xff, 
0xff, 0xef, 0xd6, 0xff, 0xff, 0xef, 0xd7, 0xff, 0xff, 0xef, 0xd8, 0xff, 0xff, 0xef, 0xd8, 0xff, 
0xff, 0xef, 0xd7, 0xff, 0xff, 0xf0, 0xd9, 0xff, 0xff, 0xf0, 0xd8, 0xff, 0xff, 0xef, 0xd8, 0xff, 
0xff, 0xf0, 0xd8, 0xff, 0xff, 0xef, 0xd9, 0xff, 0xff, 0xf0, 0xda, 0xff, 0xff, 0xf1, 0xdb, 0xff, 
0xff, 0xf0, 0xda, 0xff, 0xff, 0xf0, 0xd9, 0xff, 0xff, 0xf0, 0xd9, 0xff, 0xff, 0xf0, 0xda, 0xff, 
0xff, 0xf1, 0xdb, 0xff, 0xff, 0xf1, 0xdb, 0xff, 0xff, 0xf1, 0xda, 0xff, 0xff, 0xf0, 0xda, 0xff, 
0xff, 0xf0, 0xda, 0xff, 0xff, 0xf1, 0xda, 0xff, 0xff, 0xf0, 0xda, 0xff, 0xff, 0xf1, 0xda, 0xff, 
0xff, 0xf1, 0xda, 0xff, 0xff, 0xf1, 0xda, 0xff, 0xff, 0xf1, 0xda, 0xff, 0xff, 0xf1, 0xdc, 0xff, 
0xff, 0xf1, 0xde, 0xff, 0xff, 0xf2, 0xde, 0xff, 0xff, 0xf2, 0xdf, 0xff, 0xff, 0xf2, 0xde, 0xff, 
0xff, 0xf2, 0xde, 0xff, 0xff, 0xf2, 0xde, 0xff, 0xff, 0xf2, 0xdf, 0xff, 0xff, 0xf3, 0xe2, 0xff, 
0xff, 0xf3, 0xe2, 0xff, 0xff, 0xf3, 0xe2, 0xff, 0xff, 0xf3, 0xe1, 0xff, 0xff, 0xf3, 0xe0, 0xff, 
0xff, 0xf3, 0xe0, 0xff, 0xff, 0xf2, 0xdd, 0xff, 0xff, 0xf1, 0xdb, 0xff, 0xff, 0xf2, 0xdc, 0xff, 
0xff, 0xf2, 0xdd, 0xff, 0xff, 0xf2, 0xdf, 0xff, 0xff, 0xf2, 0xe1, 0xff, 0xff, 0xf3, 0xe2, 0xff, 
0xff, 0xf3, 0xe2, 0xff, 0xff, 0xf3, 0xe0, 0xff, 0xff, 0xf3, 0xe1, 0xff, 0xff, 0xf3, 0xdf, 0xff, 
0xff, 0xf3, 0xdb, 0xff, 0xff, 0xf2, 0xda, 0xff, 0xff, 0xf3, 0xdb, 0xff, 0xff, 0xf2, 0xdc, 0xff, 
0xff, 0xf3, 0xdb, 0xff, 0xff, 0xf3, 0xdc, 0xff, 0xff, 0xf3, 0xdc, 0xff, 0xff, 0xf3, 0xdc, 0xff, 
0xff, 0xf1, 0xdb, 0xff, 0xff, 0xf1, 0xda, 0xff, 0xff, 0xf0, 0xda, 0xff, 0xff, 0xf0, 0xd8, 0xff, 
0xff, 0xf0, 0xd8, 0xff, 0xff, 0xf0, 0xd8, 0xff, 0xff, 0xf0, 0xd9, 0xff, 0xff, 0xf0, 0xd8, 0xff, 
0xff, 0xf0, 0xd8, 0xff, 0xff, 0xf0, 0xd8, 0xff, 0xff, 0xf0, 0xd8, 0xff, 0xff, 0xf0, 0xd7, 0xff, 
0xff, 0xf0, 0xd8, 0xff, 0xff, 0xf0, 0xda, 0xff, 0xff, 0xf1, 0xdb, 0xff, 0xff, 0xf1, 0xda, 0xff, 
0xff, 0xf0, 0xda, 0xff, 0xff, 0xf1, 0xdb, 0xff, 0xff, 0xf1, 0xdb, 0xff, 0xff, 0xf1, 0xdc, 0xff, 
0xff, 0xf2, 0xdd, 0xff, 0xff, 0xf3, 0xdf, 0xff, 0xff, 0xf3, 0xe1, 0xff, 0xff, 0xf2, 0xe0, 0xff, 
0xff, 0xf2, 0xde, 0xff, 0xff, 0xf2, 0xdd, 0xff, 0xff, 0xf0, 0xda, 0xff, 0xff, 0xf0, 0xd9, 0xff, 
0xff, 0xf0, 0xd9, 0xff, 0xff, 0xf0, 0xda, 0xff, 0xff, 0xf0, 0xda, 0xff, 0xff, 0xf1, 0xdb, 0xff, 
0xff, 0xf0, 0xdb, 0xff, 0xff, 0xf0, 0xda, 0xff, 0xff, 0xf0, 0xda, 0xff, 0xff, 0xf0, 0xda, 0xff, 
0xff, 0xf0, 0xda, 0xff, 0xff, 0xf0, 0xd9, 0xff, 0xff, 0xf0, 0xd9, 0xff, 0xff, 0xef, 0xd8, 0xff, 
0xff, 0xf1, 0xda, 0xff, 0xff, 0xf1, 0xda, 0xff, 0xff, 0xf0, 0xd8, 0xff, 0xff, 0xf0, 0xd8, 0xff, 
0xff, 0xf0, 0xda, 0xff, 0xff, 0xf0, 0xd9, 0xff, 0xff, 0xf0, 0xda, 0xff, 0xff, 0xf1, 0xdb, 0xff, 
0xff, 0xf1, 0xdb, 0xff, 0xff, 0xf1, 0xda, 0xff, 0xff, 0xf1, 0xdb, 0xff, 0xff, 0xf1, 0xdc, 0xff, 
0xff, 0xf1, 0xdc, 0xff, 0xff, 0xf1, 0xdc, 0xff, 0xff, 0xf1, 0xdc, 0xff, 0xff, 0xf2, 0xdd, 0xff, 
0xff, 0xf1, 0xdc, 0xff, 0xff, 0xf1, 0xdb, 0xff, 0xff, 0xf2, 0xde, 0xff, 0xff, 0xf2, 0xe0, 0xff, 
0xff, 0xec, 0xce, 0xff, 0xff, 0xec, 0xcd, 0xff, 0xff, 0xec, 0xcc, 0xff, 0xff, 0xec, 0xcd, 0xff, 
0xff, 0xee, 0xd1, 0xff, 0xff, 0xf0, 0xd6, 0xff, 0xff, 0xf0, 0xd6, 0xff, 0xff, 0xf0, 0xd6, 0xff, 
0xff, 0xef, 0xd3, 0xff, 0xff, 0xee, 0xd0, 0xff, 0xff, 0xed, 0xcf, 0xff, 0xff, 0xec, 0xcd, 0xff, 
0xff, 0xec, 0xcd, 0xff, 0xff, 0xed, 0xcd, 0xff, 0xff, 0xed, 0xce, 0xff, 0xff, 0xed, 0xce, 0xff, 
0xff, 0xed, 0xd0, 0xff, 0xff, 0xed, 0xcf, 0xff, 0xff, 0xed, 0xce, 0xff, 0xff, 0xec, 0xcc, 0xff, 
0xff, 0xeb, 0xcc, 0xff, 0xff, 0xec, 0xcc, 0xff, 0xff, 0xed, 0xce, 0xff, 0xff, 0xee, 0xcf, 0xff, 
0xff, 0xee, 0xd0, 0xff, 0xff, 0xee, 0xd1, 0xff, 0xff, 0xef, 0xd2, 0xff, 0xff, 0xef, 0xd3, 0xff, 
0xff, 0xee, 0xd0, 0xff, 0xff, 0xed, 0xce, 0xff, 0xff, 0xed, 0xce, 0xff, 0xff, 0xed, 0xce, 0xff, 
0xff, 0xed, 0xce, 0xff, 0xff, 0xed, 0xcf, 0xff, 0xff, 0xee, 0xd1, 0xff, 0xff, 0xef, 0xd2, 0xff, 
0xff, 0xee, 0xd2, 0xff, 0xff, 0xee, 0xd1, 0xff, 0xff, 0xee, 0xd1, 0xff, 0xff, 0xed, 0xd0, 0xff, 
0xff, 0xed, 0xcf, 0xff, 0xff, 0xed, 0xd0, 0xff, 0xff, 0xed, 0xd0, 0xff, 0xff, 0xee, 0xd2, 0xff, 
0xff, 0xef, 0xd5, 0xff, 0xff, 0xef, 0xd4, 0xff, 0xff, 0xef, 0xd3, 0xff, 0xff, 0xee, 0xd1, 0xff, 
0xff, 0xed, 0xcf, 0xff, 0xff, 0xed, 0xce, 0xff, 0xff, 0xed, 0xce, 0xff, 0xff, 0xed, 0xcd, 0xff, 
0xff, 0xed, 0xcf, 0xff, 0xff, 0xee, 0xd1, 0xff, 0xff, 0xed, 0xcf, 0xff, 0xff, 0xec, 0xcd, 0xff, 
0xff, 0xeb, 0xcb, 0xff, 0xff, 0xeb, 0xca, 0xff, 0xff, 0xea, 0xc9, 0xff, 0xff, 0xea, 0xca, 0xff, 
0xff, 0xeb, 0xcb, 0xff, 0xff, 0xeb, 0xcb, 0xff, 0xff, 0xec, 0xcb, 0xff, 0xff, 0xeb, 0xca, 0xff, 
0xff, 0xea, 0xc9, 0xff, 0xff, 0xea, 0xca, 0xff, 0xff, 0xea, 0xca, 0xff, 0xff, 0xea, 0xc9, 0xff, 
0xff, 0xea, 0xcb, 0xff, 0xff, 0xec, 0xcc, 0xff, 0xff, 0xeb, 0xcb, 0xff, 0xff, 0xeb, 0xcb, 0xff, 
0xff, 0xeb, 0xcb, 0xff, 0xff, 0xeb, 0xcc, 0xff, 0xff, 0xec, 0xcc, 0xff, 0xff, 0xee, 0xd1, 0xff, 
0xff, 0xf0, 0xd5, 0xff, 0xff, 0xf0, 0xd6, 0xff, 0xff, 0xf0, 0xd4, 0xff, 0xff, 0xee, 0xd2, 0xff, 
0xff, 0xed, 0xcf, 0xff, 0xff, 0xed, 0xcf, 0xff, 0xff, 0xec, 0xcf, 0xff, 0xff, 0xec, 0xce, 0xff, 
0xff, 0xed, 0xcf, 0xff, 0xff, 0xee, 0xd0, 0xff, 0xff, 0xee, 0xd1, 0xff, 0xff, 0xee, 0xd1, 0xff, 
0xff, 0xee, 0xd0, 0xff, 0xff, 0xee, 0xd0, 0xff, 0xff, 0xee, 0xd1, 0xff, 0xff, 0xed, 0xd0, 0xff, 
0xff, 0xec, 0xce, 0xff, 0xff, 0xec, 0xcc, 0xff, 0xff, 0xeb, 0xca, 0xff, 0xff, 0xeb, 0xcb, 0xff, 
0xff, 0xec, 0xcc, 0xff, 0xff, 0xec, 0xcc, 0xff, 0xff, 0xec, 0xce, 0xff, 0xff, 0xed, 0xcf, 0xff, 
0xff, 0xed, 0xce, 0xff, 0xff, 0xec, 0xce, 0xff, 0xff, 0xec, 0xcd, 0xff, 0xff, 0xec, 0xcc, 0xff, 
0xff, 0xec, 0xcd, 0xff, 0xff, 0xec, 0xce, 0xff, 0xff, 0xec, 0xce, 0xff, 0xff, 0xee, 0xd3, 0xff, 
0xff, 0xee, 0xd2, 0xff, 0xff, 0xed, 0xd1, 0xff, 0xff, 0xed, 0xd0, 0xff, 0xff, 0xed, 0xd0, 0xff, 
0xff, 0xed, 0xd2, 0xff, 0xff, 0xef, 0xd4, 0xff, 0xff, 0xf0, 0xd8, 0xff, 0xff, 0xf1, 0xd8, 0xff, 
0xff, 0xf1, 0xd8, 0xff, 0xff, 0xf0, 0xd6, 0xff, 0xff, 0xee, 0xd1, 0xff, 0xff, 0xed, 0xce, 0xff, 
0xff, 0xed, 0xcd, 0xff, 0xff, 0xed, 0xce, 0xff, 0xff, 0xec, 0xcf, 0xff, 0xff, 0xed, 0xcf, 0xff, 
0xff, 0xee, 0xd0, 0xff, 0xff, 0xee, 0xd0, 0xff, 0xff, 0xee, 0xd0, 0xff, 0xff, 0xed, 0xcf, 0xff, 
0xff, 0xec, 0xcd, 0xff, 0xff, 0xeb, 0xcc, 0xff, 0xff, 0xeb, 0xcb, 0xff, 0xff, 0xed, 0xce, 0xff, 
0xff, 0xee, 0xd0, 0xff, 0xff, 0xed, 0xce, 0xff, 0xff, 0xee, 0xd0, 0xff, 0xff, 0xef, 0xd3, 0xff, 
0xff, 0xee, 0xd2, 0xff, 0xff, 0xed, 0xcf, 0xff, 0xff, 0xec, 0xcc, 0xff, 0xff, 0xec, 0xcb, 0xff, 
0xff, 0xec, 0xcb, 0xff, 0xff, 0xec, 0xcc, 0xff, 0xff, 0xed, 0xcd, 0xff, 0xff, 0xee, 0xcf, 0xff, 
0xff, 0xed, 0xce, 0xff, 0xff, 0xec, 0xce, 0xff, 0xff, 0xed, 0xce, 0xff, 0xff, 0xec, 0xcd, 0xff, 
0xff, 0xeb, 0xcb, 0xff, 0xff, 0xeb, 0xcb, 0xff, 0xff, 0xeb, 0xcb, 0xff, 0xff, 0xeb, 0xcb, 0xff, 
0xff, 0xec, 0xcd, 0xff, 0xff, 0xec, 0xce, 0xff, 0xff, 0xec, 0xce, 0xff, 0xff, 0xec, 0xcc, 0xff, 
0xff, 0xea, 0xca, 0xff, 0xff, 0xea, 0xc9, 0xff, 0xff, 0xeb, 0xca, 0xff, 0xff, 0xeb, 0xca, 0xff, 
0xff, 0xec, 0xcc, 0xff, 0xff, 0xed, 0xce, 0xff, 0xff, 0xed, 0xcf, 0xff, 0xff, 0xed, 0xcf, 0xff, 
0xff, 0xed, 0xce, 0xff, 0xff, 0xec, 0xcd, 0xff, 0xff, 0xec, 0xcd, 0xff, 0xff, 0xec, 0xcd, 0xff, 
0xff, 0xec, 0xcf, 0xff, 0xff, 0xec, 0xd0, 0xff, 0xff, 0xee, 0xd1, 0xff, 0xff, 0xee, 0xd2, 0xff, 
0xff, 0xed, 0xd1, 0xff, 0xff, 0xed, 0xd0, 0xff, 0xff, 0xed, 0xd0, 0xff, 0xff, 0xed, 0xd0, 0xff, 
0xff, 0xee, 0xd1, 0xff, 0xff, 0xef, 0xd3, 0xff, 0xff, 0xef, 0xd4, 0xff, 0xff, 0xee, 0xd3, 0xff, 
0xff, 0xee, 0xd3, 0xff, 0xff, 0xee, 0xd3, 0xff, 0xff, 0xee, 0xd3, 0xff, 0xff, 0xed, 0xd2, 0xff, 
0xff, 0xed, 0xd1, 0xff, 0xff, 0xed, 0xd0, 0xff, 0xff, 0xee, 0xd2, 0xff, 0xff, 0xf0, 0xd6, 0xff, 
0xff, 0xf1, 0xd8, 0xff, 0xff, 0xf1, 0xd8, 0xff, 0xff, 0xf1, 0xd8, 0xff, 0xff, 0xf1, 0xd7, 0xff, 
0xff, 0xf0, 0xd3, 0xff, 0xff, 0xef, 0xd1, 0xff, 0xff, 0xee, 0xd0, 0xff, 0xff, 0xee, 0xd1, 0xff, 
0xff, 0xee, 0xd0, 0xff, 0xff, 0xee, 0xd1, 0xff, 0xff, 0xee, 0xd1, 0xff, 0xff, 0xee, 0xd1, 0xff, 
0xff, 0xee, 0xd0, 0xff, 0xff, 0xed, 0xcf, 0xff, 0xff, 0xed, 0xcd, 0xff, 0xff, 0xec, 0xcc, 0xff, 
0xff, 0xec, 0xcc, 0xff, 0xff, 0xec, 0xcd, 0xff, 0xff, 0xed, 0xcf, 0xff, 0xff, 0xee, 0xd0, 0xff, 
0xff, 0xed, 0xcf, 0xff, 0xff, 0xec, 0xce, 0xff, 0xff, 0xec, 0xcd, 0xff, 0xff, 0xec, 0xcb, 0xff, 
0xff, 0xeb, 0xca, 0xff, 0xff, 0xeb, 0xcb, 0xff, 0xff, 0xeb, 0xcb, 0xff, 0xff, 0xec, 0xcd, 0xff, 
0xff, 0xed, 0xcf, 0xff, 0xff, 0xec, 0xcd, 0xff, 0xff, 0xeb, 0xcc, 0xff, 0xff, 0xeb, 0xcb, 0xff, 
0xff, 0xeb, 0xcb, 0xff, 0xff, 0xeb, 0xcb, 0xff, 0xff, 0xee, 0xd1, 0xff, 0xff, 0xf0, 0xd5, 0xff, 
0xff, 0xef, 0xd5, 0xff, 0xff, 0xef, 0xd3, 0xff, 0xff, 0xee, 0xd1, 0xff, 0xff, 0xee, 0xd1, 0xff, 
0xff, 0xee, 0xd1, 0xff, 0xff, 0xee, 0xd1, 0xff, 0xff, 0xee, 0xd1, 0xff, 0xff, 0xee, 0xd2, 0xff, 
0xff, 0xee, 0xd2, 0xff, 0xff, 0xf0, 0xd4, 0xff, 0xff, 0xf0, 0xd4, 0xff, 0xff, 0xf0, 0xd6, 0xff, 
0xff, 0xf0, 0xd7, 0xff, 0xff, 0xf1, 0xd8, 0xff, 0xff, 0xf0, 0xd6, 0xff, 0xff, 0xee, 0xd3, 0xff, 
0xff, 0xed, 0xcf, 0xff, 0xff, 0xed, 0xce, 0xff, 0xff, 0xed, 0xce, 0xff, 0xff, 0xed, 0xce, 0xff, 
0xff, 0xed, 0xcf, 0xff, 0xff, 0xee, 0xd1, 0xff, 0xff, 0xee, 0xd1, 0xff, 0xff, 0xed, 0xd0, 0xff, 
0xff, 0xed, 0xcd, 0xff, 0xff, 0xec, 0xcd, 0xff, 0xff, 0xec, 0xcd, 0xff, 0xff, 0xeb, 0xcd, 0xff, 
0xff, 0xec, 0xcc, 0xff, 0xff, 0xec, 0xcd, 0xff, 0xff, 0xec, 0xcf, 0xff, 0xff, 0xec, 0xce, 0xff, 
0xfd, 0xe0, 0xb4, 0xff, 0xfd, 0xe0, 0xb4, 0xff, 0xfb, 0xdf, 0xb2, 0xff, 0xfc, 0xdf, 0xb2, 0xff, 
0xfd, 0xe3, 0xb8, 0xff, 0xfe, 0xe6, 0xbf, 0xff, 0xfe, 0xe5, 0xbe, 0xff, 0xfd, 0xe4, 0xbb, 0xff, 
0xfc, 0xe2, 0xb8, 0xff, 0xfc, 0xe1, 0xb7, 0xff, 0xfc, 0xe1, 0xb6, 0xff, 0xfb, 0xe1, 0xb4, 0xff, 
0xfc, 0xe0, 0xb2, 0xff, 0xfa, 0xdf, 0xb2, 0xff, 0xfb, 0xdf, 0xb2, 0xff, 0xfc, 0xe0, 0xb3, 0xff, 
0xfc, 0xdf, 0xb4, 0xff, 0xfb, 0xe0, 0xb4, 0xff, 0xfb, 0xdf, 0xb3, 0xff, 0xfb, 0xdf, 0xb2, 0xff, 
0xfa, 0xde, 0xb2, 0xff, 0xfa, 0xdf, 0xb2, 0xff, 0xfb, 0xe0, 0xb2, 0xff, 0xfa, 0xe0, 0xb4, 0xff, 
0xfb, 0xe1, 0xb5, 0xff, 0xfb, 0xe2, 0xb6, 0xff, 0xfc, 0xe3, 0xb9, 0xff, 0xfc, 0xe2, 0xba, 0xff, 
0xfc, 0xe1, 0xb6, 0xff, 0xfb, 0xe0, 0xb3, 0xff, 0xfc, 0xdf, 0xb4, 0xff, 0xfc, 0xe1, 0xb5, 0xff, 
0xfc, 0xe1, 0xb5, 0xff, 0xfd, 0xe2, 0xb8, 0xff, 0xfd, 0xe4, 0xba, 0xff, 0xfd, 0xe4, 0xba, 0xff, 
0xfd, 0xe3, 0xb9, 0xff, 0xfd, 0xe3, 0xb7, 0xff, 0xfd, 0xe2, 0xb6, 0xff, 0xfd, 0xe1, 0xb5, 0xff, 
0xfc, 0xe1, 0xb5, 0xff, 0xfd, 0xe1, 0xb5, 0xff, 0xfd, 0xe2, 0xb6, 0xff, 0xfd, 0xe2, 0xb7, 0xff, 
0xfd, 0xe3, 0xb7, 0xff, 0xfe, 0xe3, 0xb8, 0xff, 0xfd, 0xe3, 0xb7, 0xff, 0xfd, 0xe2, 0xb6, 0xff, 
0xfc, 0xe1, 0xb6, 0xff, 0xfc, 0xe2, 0xb6, 0xff, 0xfd, 0xe1, 0xb5, 0xff, 0xfd, 0xe2, 0xb7, 0xff, 
0xfd, 0xe2, 0xb9, 0xff, 0xfd, 0xe3, 0xba, 0xff, 0xfd, 0xe2, 0xb8, 0xff, 0xfc, 0xe0, 0xb4, 0xff, 
0xfb, 0xe0, 0xb2, 0xff, 0xfc, 0xdf, 0xb2, 0xff, 0xfc, 0xdf, 0xb2, 0xff, 0xfc, 0xe0, 0xb4, 0xff, 
0xfd, 0xe0, 0xb5, 0xff, 0xfd, 0xe0, 0xb5, 0xff, 0xfb, 0xdf, 0xb2, 0xff, 0xfb, 0xdf, 0xb1, 0xff, 
0xfb, 0xdf, 0xb2, 0xff, 0xfb, 0xdf, 0xb2, 0xff, 0xfb, 0xdf, 0xb2, 0xff, 0xfb, 0xdf, 0xb2, 0xff, 
0xfc, 0xdf, 0xb2, 0xff, 0xfc, 0xdf, 0xb2, 0xff, 0xfc, 0xe0, 0xb2, 0xff, 0xfc, 0xdf, 0xb1, 0xff, 
0xfb, 0xdf, 0xb1, 0xff, 0xfc, 0xe0, 0xb2, 0xff, 0xfc, 0xe0, 0xb2, 0xff, 0xfd, 0xe4, 0xba, 0xff, 
0xfe, 0xe7, 0xbf, 0xff, 0xfe, 0xe5, 0xbd, 0xff, 0xfd, 0xe3, 0xb8, 0xff, 0xfc, 0xe1, 0xb6, 0xff, 
0xfc, 0xe1, 0xb5, 0xff, 0xfc, 0xe1, 0xb6, 0xff, 0xfc, 0xe0, 0xb4, 0xff, 0xfc, 0xe0, 0xb5, 0xff, 
0xfc, 0xe0, 0xb5, 0xff, 0xfc, 0xe1, 0xb6, 0xff, 0xfd, 0xe2, 0xb8, 0xff, 0xfd, 0xe2, 0xb8, 0xff, 
0xfc, 0xe2, 0xb8, 0xff, 0xfc, 0xe3, 0xb8, 0xff, 0xfd, 0xe4, 0xba, 0xff, 0xfc, 0xe2, 0xb8, 0xff, 
0xfb, 0xe0, 0xb4, 0xff, 0xfb, 0xe0, 0xb3, 0xff, 0xfb, 0xe0, 0xb3, 0xff, 0xfc, 0xe0, 0xb2, 0xff, 
0xfc, 0xdf, 0xb3, 0xff, 0xfc, 0xe1, 0xb5, 0xff, 0xfd, 0xe2, 0xb7, 0xff, 0xfd, 0xe2, 0xb7, 0xff, 
0xfc, 0xe1, 0xb5, 0xff, 0xfc, 0xe0, 0xb3, 0xff, 0xfd, 0xe0, 0xb3, 0xff, 0xfd, 0xe0, 0xb3, 0xff, 
0xfd, 0xe1, 0xb4, 0xff, 0xfc, 0xe1, 0xb4, 0xff, 0xfc, 0xe1, 0xb5, 0xff, 0xfd, 0xe2, 0xb6, 0xff, 
0xfd, 0xe1, 0xb5, 0xff, 0xfd, 0xe2, 0xb5, 0xff, 0xfe, 0xe2, 0xb6, 0xff, 0xfd, 0xe1, 0xb5, 0xff, 
0xfd, 0xe1, 0xb5, 0xff, 0xfd, 0xe4, 0xba, 0xff, 0xfe, 0xe7, 0xc1, 0xff, 0xfe, 0xe7, 0xc1, 0xff, 
0xfd, 0xe5, 0xbd, 0xff, 0xfe, 0xe3, 0xba, 0xff, 0xfd, 0xe1, 0xb7, 0xff, 0xfc, 0xe1, 0xb6, 0xff, 
0xfc, 0xe1, 0xb5, 0xff, 0xfc, 0xe1, 0xb4, 0xff, 0xfc, 0xe1, 0xb5, 0xff, 0xfc, 0xe1, 0xb5, 0xff, 
0xfc, 0xe1, 0xb6, 0xff, 0xfb, 0xe1, 0xb5, 0xff, 0xfb, 0xe0, 0xb5, 0xff, 0xfb, 0xe0, 0xb4, 0xff, 
0xfb, 0xe0, 0xb3, 0xff, 0xfa, 0xdf, 0xb2, 0xff, 0xfb, 0xdf, 0xb3, 0xff, 0xfb, 0xe0, 0xb4, 0xff, 
0xfb, 0xe1, 0xb6, 0xff, 0xfb, 0xe1, 0xb7, 0xff, 0xfc, 0xe2, 0xb8, 0xff, 0xfc, 0xe3, 0xb9, 0xff, 
0xfd, 0xe2, 0xba, 0xff, 0xfb, 0xe1, 0xb6, 0xff, 0xfb, 0xe0, 0xb4, 0xff, 0xfc, 0xe0, 0xb3, 0xff, 
0xfc, 0xe0, 0xb4, 0xff, 0xfc, 0xe0, 0xb5, 0xff, 0xfc, 0xe2, 0xb7, 0xff, 0xfd, 0xe3, 0xb9, 0xff, 
0xfc, 0xe2, 0xb9, 0xff, 0xfb, 0xe1, 0xb6, 0xff, 0xfc, 0xe1, 0xb4, 0xff, 0xfc, 0xe1, 0xb4, 0xff, 
0xfc, 0xe0, 0xb3, 0xff, 0xfc, 0xe0, 0xb3, 0xff, 0xfc, 0xdf, 0xb3, 0xff, 0xfc, 0xe0, 0xb3, 0xff, 
0xfc, 0xe0, 0xb4, 0xff, 0xfd, 0xe1, 0xb5, 0xff, 0xfd, 0xe1, 0xb5, 0xff, 0xfc, 0xe0, 0xb4, 0xff, 
0xfc, 0xdf, 0xb3, 0xff, 0xfb, 0xdf, 0xb1, 0xff, 0xfb, 0xdf, 0xb2, 0xff, 0xfc, 0xe1, 0xb4, 0xff, 
0xfc, 0xe1, 0xb6, 0xff, 0xfd, 0xe2, 0xb7, 0xff, 0xfd, 0xe2, 0xb9, 0xff, 0xfd, 0xe1, 0xb7, 0xff, 
0xfc, 0xe0, 0xb3, 0xff, 0xfc, 0xe0, 0xb2, 0xff, 0xfc, 0xe0, 0xb3, 0xff, 0xfd, 0xe1, 0xb4, 0xff, 
0xfc, 0xe0, 0xb5, 0xff, 0xfd, 0xe1, 0xb5, 0xff, 0xfd, 0xe2, 0xb6, 0xff, 0xfc, 0xe2, 0xb6, 0xff, 
0xfd, 0xe2, 0xb6, 0xff, 0xfd, 0xe2, 0xb6, 0xff, 0xfd, 0xe1, 0xb5, 0xff, 0xfc, 0xe1, 0xb4, 0xff, 
0xfc, 0xe2, 0xb6, 0xff, 0xfd, 0xe4, 0xba, 0xff, 0xfd, 0xe5, 0xbc, 0xff, 0xfc, 0xe4, 0xba, 0xff, 
0xfc, 0xe3, 0xb9, 0xff, 0xfc, 0xe3, 0xb9, 0xff, 0xfc, 0xe2, 0xb8, 0xff, 0xfd, 0xe2, 0xb7, 0xff, 
0xfd, 0xe3, 0xb7, 0xff, 0xfc, 0xe2, 0xb7, 0xff, 0xfc, 0xe1, 0xb6, 0xff, 0xfd, 0xe4, 0xbb, 0xff, 
0xfe, 0xe7, 0xc2, 0xff, 0xfe, 0xe7, 0xc3, 0xff, 0xfd, 0xe6, 0xbf, 0xff, 0xfd, 0xe5, 0xbc, 0xff, 
0xfc, 0xe2, 0xba, 0xff, 0xfc, 0xe2, 0xb9, 0xff, 0xfc, 0xe1, 0xb8, 0xff, 0xfb, 0xe2, 0xb6, 0xff, 
0xfc, 0xe2, 0xb6, 0xff, 0xfb, 0xe2, 0xb7, 0xff, 0xfc, 0xe2, 0xb8, 0xff, 0xfc, 0xe2, 0xb8, 0xff, 
0xfb, 0xe2, 0xb7, 0xff, 0xfb, 0xe1, 0xb6, 0xff, 0xfa, 0xe0, 0xb4, 0xff, 0xfb, 0xe0, 0xb4, 0xff, 
0xfb, 0xdf, 0xb4, 0xff, 0xfb, 0xe1, 0xb5, 0xff, 0xfc, 0xe2, 0xb7, 0xff, 0xfb, 0xe3, 0xb9, 0xff, 
0xfc, 0xe2, 0xb8, 0xff, 0xfb, 0xe1, 0xb5, 0xff, 0xfb, 0xe0, 0xb4, 0xff, 0xfb, 0xdf, 0xb3, 0xff, 
0xfc, 0xe0, 0xb3, 0xff, 0xfb, 0xdf, 0xb2, 0xff, 0xfc, 0xdf, 0xb2, 0xff, 0xfc, 0xe0, 0xb2, 0xff, 
0xfc, 0xe0, 0xb3, 0xff, 0xfc, 0xe0, 0xb2, 0xff, 0xfc, 0xe0, 0xb1, 0xff, 0xfb, 0xdf, 0xb1, 0xff, 
0xfb, 0xdf, 0xb1, 0xff, 0xfb, 0xdf, 0xb1, 0xff, 0xfd, 0xe3, 0xb8, 0xff, 0xfe, 0xe5, 0xbd, 0xff, 
0xfd, 0xe4, 0xbb, 0xff, 0xfd, 0xe2, 0xb8, 0xff, 0xfc, 0xe1, 0xb5, 0xff, 0xfc, 0xe1, 0xb5, 0xff, 
0xfc, 0xe1, 0xb6, 0xff, 0xfc, 0xe1, 0xb5, 0xff, 0xfb, 0xe1, 0xb4, 0xff, 0xfc, 0xe1, 0xb5, 0xff, 
0xfc, 0xe2, 0xb7, 0xff, 0xfd, 0xe3, 0xb9, 0xff, 0xfd, 0xe3, 0xba, 0xff, 0xfd, 0xe4, 0xbb, 0xff, 
0xfd, 0xe4, 0xbb, 0xff, 0xfd, 0xe5, 0xbc, 0xff, 0xfd, 0xe4, 0xbc, 0xff, 0xfc, 0xe2, 0xb7, 0xff, 
0xfd, 0xe1, 0xb5, 0xff, 0xfd, 0xe1, 0xb5, 0xff, 0xfc, 0xe2, 0xb4, 0xff, 0xfc, 0xe1, 0xb5, 0xff, 
0xfd, 0xe2, 0xb8, 0xff, 0xfd, 0xe3, 0xb9, 0xff, 0xfd, 0xe3, 0xb9, 0xff, 0xfc, 0xe1, 0xb5, 0xff, 
0xfc, 0xe0, 0xb3, 0xff, 0xfc, 0xe0, 0xb3, 0xff, 0xfc, 0xe0, 0xb3, 0xff, 0xfc, 0xe0, 0xb3, 0xff, 
0xfc, 0xe0, 0xb3, 0xff, 0xfd, 0xe1, 0xb4, 0xff, 0xfc, 0xe1, 0xb4, 0xff, 0xfd, 0xe0, 0xb4, 0xff, 
0xf7, 0xdb, 0xb0, 0xff, 0xf6, 0xdb, 0xaf, 0xff, 0xf6, 0xdb, 0xb0, 0xff, 0xf7, 0xdc, 0xb0, 0xff, 
0xf6, 0xdb, 0xb0, 0xff, 0xf6, 0xdc, 0xb0, 0xff, 0xf6, 0xdb, 0xb0, 0xff, 0xf6, 0xdb, 0xae, 0xff, 
0xf6, 0xdb, 0xb0, 0xff, 0xf6, 0xdc, 0xb0, 0xff, 0xf6, 0xdc, 0xb0, 0xff, 0xf6, 0xdb, 0xb0, 0xff, 
0xf6, 0xda, 0xad, 0xff, 0xf5, 0xd9, 0xab, 0xff, 0xf3, 0xd7, 0xa9, 0xff, 0xf3, 0xd7, 0xa9, 0xff, 
0xf2, 0xd5, 0xa7, 0xff, 0xf1, 0xd5, 0xa7, 0xff, 0xf2, 0xd5, 0xa6, 0xff, 0xf1, 0xd6, 0xa6, 0xff, 
0xf1, 0xd5, 0xa6, 0xff, 0xf1, 0xd5, 0xa6, 0xff, 0xf1, 0xd5, 0xa6, 0xff, 0xf1, 0xd4, 0xa5, 0xff, 
0xf1, 0xd4, 0xa3, 0xff, 0xf0, 0xd4, 0xa4, 0xff, 0xf1, 0xd4, 0xa4, 0xff, 0xf0, 0xd4, 0xa3, 0xff, 
0xf1, 0xd5, 0xa5, 0xff, 0xf2, 0xd6, 0xa6, 0xff, 0xf2, 0xd6, 0xa6, 0xff, 0xf2, 0xd6, 0xa7, 0xff, 
0xf3, 0xd7, 0xa9, 0xff, 0xf4, 0xd8, 0xaa, 0xff, 0xf4, 0xd7, 0xa9, 0xff, 0xf4, 0xd8, 0xa9, 0xff, 
0xf4, 0xd8, 0xaa, 0xff, 0xf4, 0xd8, 0xab, 0xff, 0xf4, 0xd8, 0xaa, 0xff, 0xf5, 0xd8, 0xab, 0xff, 
0xf4, 0xd8, 0xab, 0xff, 0xf5, 0xd9, 0xab, 0xff, 0xf5, 0xd8, 0xaa, 0xff, 0xf5, 0xd8, 0xab, 0xff, 
0xf5, 0xd8, 0xaa, 0xff, 0xf5, 0xd8, 0xaa, 0xff, 0xf5, 0xd8, 0xaa, 0xff, 0xf4, 0xd7, 0xaa, 0xff, 
0xf4, 0xd8, 0xaa, 0xff, 0xf4, 0xd8, 0xaa, 0xff, 0xf4, 0xd7, 0xaa, 0xff, 0xf4, 0xd8, 0xab, 0xff, 
0xf4, 0xd8, 0xab, 0xff, 0xf4, 0xd8, 0xa9, 0xff, 0xf3, 0xd8, 0xaa, 0xff, 0xf3, 0xd7, 0xaa, 0xff, 
0xf3, 0xd7, 0xaa, 0xff, 0xf2, 0xd7, 0xaa, 0xff, 0xf2, 0xd8, 0xaa, 0xff, 0xf3, 0xd7, 0xa9, 0xff, 
0xf3, 0xd8, 0xaa, 0xff, 0xf3, 0xd8, 0xaa, 0xff, 0xf3, 0xd8, 0xab, 0xff, 0xf4, 0xd8, 0xac, 0xff, 
0xf4, 0xd9, 0xac, 0xff, 0xf4, 0xd9, 0xac, 0xff, 0xf5, 0xd9, 0xad, 0xff, 0xf5, 0xd9, 0xad, 0xff, 
0xf5, 0xd9, 0xad, 0xff, 0xf5, 0xd9, 0xae, 0xff, 0xf6, 0xda, 0xaf, 0xff, 0xf7, 0xdb, 0xaf, 0xff, 
0xf6, 0xdb, 0xae, 0xff, 0xf6, 0xdb, 0xaf, 0xff, 0xf6, 0xdc, 0xb0, 0xff, 0xf6, 0xdb, 0xb0, 0xff, 
0xf6, 0xdb, 0xb0, 0xff, 0xf6, 0xdb, 0xb0, 0xff, 0xf6, 0xda, 0xae, 0xff, 0xf6, 0xda, 0xaf, 0xff, 
0xf5, 0xdb, 0xaf, 0xff, 0xf6, 0xda, 0xaf, 0xff, 0xf5, 0xd9, 0xae, 0xff, 0xf5, 0xd9, 0xac, 0xff, 
0xf4, 0xd8, 0xaa, 0xff, 0xf4, 0xd8, 0xab, 0xff, 0xf4, 0xd8, 0xaa, 0xff, 0xf3, 0xd7, 0xa9, 0xff, 
0xf4, 0xd7, 0xa9, 0xff, 0xf3, 0xd7, 0xa9, 0xff, 0xf3, 0xd6, 0xa8, 0xff, 0xf2, 0xd6, 0xa7, 0xff, 
0xf2, 0xd6, 0xa9, 0xff, 0xf2, 0xd7, 0xa9, 0xff, 0xf2, 0xd6, 0xa8, 0xff, 0xf2, 0xd7, 0xa9, 0xff, 
0xf3, 0xd7, 0xaa, 0xff, 0xf4, 0xd8, 0xaa, 0xff, 0xf4, 0xd7, 0xaa, 0xff, 0xf4, 0xd8, 0xaa, 0xff, 
0xf4, 0xd8, 0xab, 0xff, 0xf5, 0xd8, 0xac, 0xff, 0xf5, 0xd9, 0xac, 0xff, 0xf5, 0xda, 0xae, 0xff, 
0xf6, 0xda, 0xad, 0xff, 0xf7, 0xdb, 0xaf, 0xff, 0xf6, 0xdb, 0xb0, 0xff, 0xf7, 0xdb, 0xb0, 0xff, 
0xf8, 0xdc, 0xb0, 0xff, 0xf7, 0xdd, 0xb1, 0xff, 0xf7, 0xdc, 0xb1, 0xff, 0xf8, 0xde, 0xb1, 0xff, 
0xf8, 0xde, 0xb2, 0xff, 0xf7, 0xde, 0xb2, 0xff, 0xf7, 0xdd, 0xb1, 0xff, 0xf7, 0xdc, 0xb2, 0xff, 
0xf6, 0xdc, 0xb0, 0xff, 0xf6, 0xdc, 0xb1, 0xff, 0xf5, 0xdc, 0xb2, 0xff, 0xf5, 0xdc, 0xb0, 0xff, 
0xf7, 0xdc, 0xb0, 0xff, 0xf6, 0xda, 0xaf, 0xff, 0xf5, 0xd9, 0xab, 0xff, 0xf4, 0xd8, 0xab, 0xff, 
0xf3, 0xd7, 0xaa, 0xff, 0xf3, 0xd7, 0xa9, 0xff, 0xf2, 0xd6, 0xa8, 0xff, 0xf2, 0xd6, 0xa8, 0xff, 
0xf1, 0xd5, 0xa7, 0xff, 0xf1, 0xd6, 0xa8, 0xff, 0xf2, 0xd6, 0xa7, 0xff, 0xf1, 0xd5, 0xa6, 0xff, 
0xf0, 0xd4, 0xa4, 0xff, 0xf0, 0xd4, 0xa4, 0xff, 0xf0, 0xd4, 0xa4, 0xff, 0xf1, 0xd4, 0xa4, 0xff, 
0xf1, 0xd4, 0xa4, 0xff, 0xf1, 0xd4, 0xa4, 0xff, 0xf1, 0xd5, 0xa5, 0xff, 0xf1, 0xd5, 0xa6, 0xff, 
0xf1, 0xd5, 0xa7, 0xff, 0xf1, 0xd6, 0xa8, 0xff, 0xf2, 0xd7, 0xa9, 0xff, 0xf2, 0xd6, 0xa8, 0xff, 
0xf2, 0xd6, 0xa8, 0xff, 0xf2, 0xd7, 0xa8, 0xff, 0xf3, 0xd6, 0xa9, 0xff, 0xf2, 0xd6, 0xa9, 0xff, 
0xf2, 0xd7, 0xa8, 0xff, 0xf2, 0xd7, 0xa9, 0xff, 0xf2, 0xd7, 0xa9, 0xff, 0xf2, 0xd7, 0xa9, 0xff, 
0xf2, 0xd7, 0xaa, 0xff, 0xf3, 0xd7, 0xa9, 0xff, 0xf2, 0xd7, 0xa9, 0xff, 0xf2, 0xd6, 0xa9, 0xff, 
0xf3, 0xd7, 0xa9, 0xff, 0xf3, 0xd8, 0xaa, 0xff, 0xf3, 0xd7, 0xaa, 0xff, 0xf4, 0xd7, 0xaa, 0xff, 
0xf4, 0xd8, 0xab, 0xff, 0xf4, 0xd8, 0xaa, 0xff, 0xf4, 0xd8, 0xaa, 0xff, 0xf4, 0xd8, 0xab, 0xff, 
0xf4, 0xd8, 0xac, 0xff, 0xf5, 0xd9, 0xab, 0xff, 0xf5, 0xda, 0xad, 0xff, 0xf6, 0xdb, 0xae, 0xff, 
0xf6, 0xda, 0xae, 0xff, 0xf7, 0xdb, 0xb0, 0xff, 0xf6, 0xdb, 0xb0, 0xff, 0xf6, 0xdb, 0xaf, 0xff, 
0xf6, 0xdd, 0xb0, 0xff, 0xf6, 0xdc, 0xb0, 0xff, 0xf6, 0xdc, 0xb0, 0xff, 0xf6, 0xdc, 0xb0, 0xff, 
0xf6, 0xdc, 0xb1, 0xff, 0xf5, 0xdd, 0xb1, 0xff, 0xf6, 0xdc, 0xb1, 0xff, 0xf5, 0xdc, 0xb1, 0xff, 
0xf5, 0xdc, 0xb1, 0xff, 0xf5, 0xdc, 0xb2, 0xff, 0xf5, 0xdd, 0xb1, 0xff, 0xf6, 0xdd, 0xb1, 0xff, 
0xf6, 0xde, 0xb1, 0xff, 0xf6, 0xde, 0xb2, 0xff, 0xf6, 0xdd, 0xb2, 0xff, 0xf6, 0xdd, 0xb3, 0xff, 
0xf7, 0xdd, 0xb3, 0xff, 0xf8, 0xde, 0xb3, 0xff, 0xf6, 0xdd, 0xb2, 0xff, 0xf6, 0xdd, 0xb3, 0xff, 
0xf6, 0xdc, 0xb3, 0xff, 0xf6, 0xdc, 0xb3, 0xff, 0xf5, 0xdd, 0xb2, 0xff, 0xf4, 0xdc, 0xaf, 0xff, 
0xf3, 0xdb, 0xae, 0xff, 0xf2, 0xda, 0xad, 0xff, 0xf2, 0xd9, 0xac, 0xff, 0xf1, 0xd8, 0xac, 0xff, 
0xf0, 0xd8, 0xaa, 0xff, 0xf0, 0xd7, 0xa9, 0xff, 0xf1, 0xd6, 0xa9, 0xff, 0xf1, 0xd6, 0xa9, 0xff, 
0xf2, 0xd6, 0xa9, 0xff, 0xf1, 0xd6, 0xa8, 0xff, 0xf2, 0xd6, 0xa8, 0xff, 0xf2, 0xd6, 0xa8, 0xff, 
0xf2, 0xd6, 0xa9, 0xff, 0xf2, 0xd7, 0xa9, 0xff, 0xf3, 0xd7, 0xa9, 0xff, 0xf3, 0xd7, 0xaa, 0xff, 
0xf4, 0xd8, 0xac, 0xff, 0xf5, 0xd9, 0xac, 0xff, 0xf5, 0xd9, 0xac, 0xff, 0xf5, 0xd9, 0xac, 0xff, 
0xf5, 0xda, 0xad, 0xff, 0xf5, 0xd9, 0xae, 0xff, 0xf6, 0xda, 0xae, 0xff, 0xf6, 0xda, 0xae, 0xff, 
0xf6, 0xdc, 0xb0, 0xff, 0xf6, 0xdb, 0xb0, 0xff, 0xf6, 0xda, 0xae, 0xff, 0xf6, 0xdb, 0xae, 0xff, 
0xf6, 0xdb, 0xae, 0xff, 0xf6, 0xda, 0xae, 0xff, 0xf6, 0xda, 0xaf, 0xff, 0xf5, 0xda, 0xaf, 0xff, 
0xf6, 0xdb, 0xaf, 0xff, 0xf6, 0xda, 0xac, 0xff, 0xf5, 0xd9, 0xaa, 0xff, 0xf5, 0xd9, 0xab, 0xff, 
0xf5, 0xd9, 0xab, 0xff, 0xf5, 0xd9, 0xaa, 0xff, 0xf4, 0xd7, 0xa9, 0xff, 0xf4, 0xd7, 0xa8, 0xff, 
0xf4, 0xd7, 0xa8, 0xff, 0xf3, 0xd6, 0xa7, 0xff, 0xf4, 0xd7, 0xa8, 0xff, 0xf4, 0xd7, 0xa8, 0xff, 
0xf3, 0xd7, 0xa9, 0xff, 0xf3, 0xd7, 0xa9, 0xff, 0xf3, 0xd7, 0xa9, 0xff, 0xf3, 0xd7, 0xaa, 0xff, 
0xf4, 0xd7, 0xaa, 0xff, 0xf4, 0xd7, 0xa9, 0xff, 0xf4, 0xd7, 0xa9, 0xff, 0xf4, 0xd7, 0xaa, 0xff, 
0xf4, 0xd8, 0xab, 0xff, 0xf4, 0xd8, 0xab, 0xff, 0xf4, 0xd8, 0xac, 0xff, 0xf5, 0xd9, 0xab, 0xff, 
0xf5, 0xd9, 0xad, 0xff, 0xf5, 0xda, 0xae, 0xff, 0xf5, 0xda, 0xae, 0xff, 0xf6, 0xdb, 0xaf, 0xff, 
0xf1, 0xd8, 0xab, 0xff, 0xf1, 0xd9, 0xac, 0xff, 0xf2, 0xd9, 0xab, 0xff, 0xf2, 0xd8, 0xab, 0xff, 
0xf1, 0xd8, 0xa9, 0xff, 0xf1, 0xda, 0xad, 0xff, 0xf3, 0xdb, 0xb1, 0xff, 0xf3, 0xda, 0xb0, 0xff, 
0xf2, 0xda, 0xaf, 0xff, 0xf2, 0xda, 0xad, 0xff, 0xf2, 0xd9, 0xac, 0xff, 0xf1, 0xd6, 0xaa, 0xff, 
0xf0, 0xd7, 0xa8, 0xff, 0xf0, 0xd6, 0xa8, 0xff, 0xf0, 0xd5, 0xa7, 0xff, 0xef, 0xd5, 0xa7, 0xff, 
0xef, 0xd4, 0xa6, 0xff, 0xee, 0xd4, 0xa6, 0xff, 0xee, 0xd4, 0xa5, 0xff, 0xee, 0xd3, 0xa4, 0xff, 
0xee, 0xd3, 0xa4, 0xff, 0xee, 0xd3, 0xa4, 0xff, 0xed, 0xd3, 0xa5, 0xff, 0xee, 0xd3, 0xa5, 0xff, 
0xee, 0xd3, 0xa4, 0xff, 0xed, 0xd3, 0xa5, 0xff, 0xed, 0xd3, 0xa4, 0xff, 0xed, 0xd2, 0xa3, 0xff, 
0xed, 0xd3, 0xa4, 0xff, 0xee, 0xd4, 0xa6, 0xff, 0xef, 0xd5, 0xa7, 0xff, 0xef, 0xd5, 0xa6, 0xff, 
0xf0, 0xd7, 0xaa, 0xff, 0xf0, 0xd7, 0xab, 0xff, 0xf0, 0xd7, 0xac, 0xff, 0xf1, 0xd8, 0xab, 0xff, 
0xf2, 0xd8, 0xaa, 0xff, 0xf1, 0xd7, 0xaa, 0xff, 0xf2, 0xd8, 0xaa, 0xff, 0xf1, 0xd8, 0xab, 0xff, 
0xf1, 0xd7, 0xab, 0xff, 0xf2, 0xd8, 0xab, 0xff, 0xf1, 0xd8, 0xaa, 0xff, 0xf1, 0xd8, 0xaa, 0xff, 
0xf1, 0xd8, 0xaa, 0xff, 0xf0, 0xd7, 0xaa, 0xff, 0xf1, 0xd7, 0xaa, 0xff, 0xf0, 0xd7, 0xa9, 0xff, 
0xf0, 0xd6, 0xa9, 0xff, 0xf1, 0xd7, 0xa9, 0xff, 0xf1, 0xd8, 0xaa, 0xff, 0xf0, 0xd7, 0xab, 0xff, 
0xef, 0xd7, 0xac, 0xff, 0xef, 0xd7, 0xaa, 0xff, 0xee, 0xd6, 0xa7, 0xff, 0xef, 0xd6, 0xa8, 0xff, 
0xf0, 0xd6, 0xa9, 0xff, 0xef, 0xd6, 0xa8, 0xff, 0xed, 0xd6, 0xa8, 0xff, 0xef, 0xd6, 0xa8, 0xff, 
0xef, 0xd7, 0xa9, 0xff, 0xee, 0xd6, 0xa8, 0xff, 0xef, 0xd6, 0xa8, 0xff, 0xf0, 0xd6, 0xa9, 0xff, 
0xef, 0xd7, 0xa9, 0xff, 0xef, 0xd7, 0xa9, 0xff, 0xf0, 0xd7, 0xa9, 0xff, 0xf1, 0xd7, 0xa9, 0xff, 
0xf0, 0xd7, 0xa9, 0xff, 0xf0, 0xd7, 0xa9, 0xff, 0xf0, 0xd7, 0xa9, 0xff, 0xf1, 0xd7, 0xaa, 0xff, 
0xf2, 0xd8, 0xaa, 0xff, 0xf1, 0xd7, 0xa9, 0xff, 0xf1, 0xd7, 0xa9, 0xff, 0xf1, 0xd8, 0xaa, 0xff, 
0xf1, 0xd9, 0xae, 0xff, 0xf1, 0xd9, 0xb0, 0xff, 0xf1, 0xda, 0xaf, 0xff, 0xf1, 0xd9, 0xad, 0xff, 
0xf0, 0xd8, 0xab, 0xff, 0xf0, 0xd7, 0xaa, 0xff, 0xf0, 0xd7, 0xaa, 0xff, 0xf0, 0xd6, 0xa9, 0xff, 
0xef, 0xd6, 0xa8, 0xff, 0xef, 0xd5, 0xa8, 0xff, 0xef, 0xd5, 0xa7, 0xff, 0xef, 0xd5, 0xa7, 0xff, 
0xef, 0xd5, 0xa7, 0xff, 0xef, 0xd5, 0xa8, 0xff, 0xee, 0xd5, 0xa7, 0xff, 0xed, 0xd5, 0xa7, 0xff, 
0xed, 0xd5, 0xa7, 0xff, 0xed, 0xd5, 0xa6, 0xff, 0xee, 0xd5, 0xa5, 0xff, 0xef, 0xd6, 0xa8, 0xff, 
0xf0, 0xd6, 0xa9, 0xff, 0xf1, 0xd7, 0xa9, 0xff, 0xf0, 0xd7, 0xaa, 0xff, 0xef, 0xd7, 0xa9, 0xff, 
0xf0, 0xd7, 0xaa, 0xff, 0xf1, 0xd7, 0xaa, 0xff, 0xf1, 0xd8, 0xaa, 0xff, 0xf0, 0xd8, 0xaa, 0xff, 
0xf1, 0xd8, 0xaa, 0xff, 0xf3, 0xd8, 0xac, 0xff, 0xf3, 0xd9, 0xac, 0xff, 0xf3, 0xd9, 0xac, 0xff, 
0xf3, 0xd9, 0xad, 0xff, 0xf2, 0xda, 0xad, 0xff, 0xf2, 0xda, 0xad, 0xff, 0xf3, 0xd9, 0xab, 0xff, 
0xf3, 0xd8, 0xac, 0xff, 0xf2, 0xda, 0xac, 0xff, 0xf2, 0xda, 0xaf, 0xff, 0xf3, 0xdb, 0xb2, 0xff, 
0xf3, 0xdb, 0xb0, 0xff, 0xf2, 0xda, 0xb0, 0xff, 0xf2, 0xda, 0xae, 0xff, 0xf2, 0xd9, 0xac, 0xff, 
0xf1, 0xd7, 0xab, 0xff, 0xf0, 0xd7, 0xa9, 0xff, 0xee, 0xd6, 0xa7, 0xff, 0xee, 0xd5, 0xa7, 0xff, 
0xee, 0xd5, 0xa7, 0xff, 0xee, 0xd5, 0xa6, 0xff, 0xee, 0xd4, 0xa7, 0xff, 0xee, 0xd5, 0xa7, 0xff, 
0xee, 0xd4, 0xa5, 0xff, 0xee, 0xd3, 0xa5, 0xff, 0xed, 0xd3, 0xa4, 0xff, 0xed, 0xd3, 0xa4, 0xff, 
0xed, 0xd2, 0xa4, 0xff, 0xed, 0xd2, 0xa4, 0xff, 0xed, 0xd2, 0xa3, 0xff, 0xec, 0xd2, 0xa3, 0xff, 
0xec, 0xd3, 0xa4, 0xff, 0xed, 0xd3, 0xa4, 0xff, 0xed, 0xd4, 0xa5, 0xff, 0xee, 0xd4, 0xa5, 0xff, 
0xee, 0xd5, 0xa6, 0xff, 0xef, 0xd7, 0xaa, 0xff, 0xee, 0xd7, 0xa9, 0xff, 0xee, 0xd7, 0xaa, 0xff, 
0xee, 0xd6, 0xa7, 0xff, 0xee, 0xd5, 0xa6, 0xff, 0xee, 0xd5, 0xa8, 0xff, 0xee, 0xd5, 0xa7, 0xff, 
0xed, 0xd6, 0xa6, 0xff, 0xee, 0xd5, 0xa7, 0xff, 0xee, 0xd6, 0xa8, 0xff, 0xee, 0xd6, 0xa8, 0xff, 
0xee, 0xd6, 0xa8, 0xff, 0xee, 0xd6, 0xa8, 0xff, 0xee, 0xd5, 0xa7, 0xff, 0xee, 0xd5, 0xa8, 0xff, 
0xee, 0xd6, 0xa7, 0xff, 0xee, 0xd6, 0xa7, 0xff, 0xef, 0xd6, 0xa8, 0xff, 0xf0, 0xd7, 0xaa, 0xff, 
0xf1, 0xd8, 0xac, 0xff, 0xf0, 0xd7, 0xac, 0xff, 0xf0, 0xd7, 0xaa, 0xff, 0xf0, 0xd7, 0xa9, 0xff, 
0xf0, 0xd7, 0xaa, 0xff, 0xf1, 0xd7, 0xaa, 0xff, 0xf0, 0xd8, 0xaa, 0xff, 0xf1, 0xd8, 0xaa, 0xff, 
0xf2, 0xd8, 0xab, 0xff, 0xf2, 0xd9, 0xac, 0xff, 0xf2, 0xd9, 0xad, 0xff, 0xf3, 0xd9, 0xac, 0xff, 
0xf2, 0xd9, 0xac, 0xff, 0xf1, 0xd9, 0xac, 0xff, 0xf1, 0xd9, 0xac, 0xff, 0xf2, 0xd8, 0xac, 0xff, 
0xf2, 0xd9, 0xac, 0xff, 0xf1, 0xda, 0xac, 0xff, 0xf2, 0xda, 0xae, 0xff, 0xf2, 0xda, 0xb0, 0xff, 
0xf2, 0xda, 0xaf, 0xff, 0xf2, 0xda, 0xae, 0xff, 0xf2, 0xda, 0xae, 0xff, 0xf2, 0xda, 0xae, 0xff, 
0xf2, 0xda, 0xae, 0xff, 0xf2, 0xda, 0xad, 0xff, 0xf2, 0xda, 0xad, 0xff, 0xf2, 0xda, 0xae, 0xff, 
0xf2, 0xdb, 0xb0, 0xff, 0xf4, 0xdc, 0xb2, 0xff, 0xf3, 0xdb, 0xb2, 0xff, 0xf3, 0xdb, 0xb2, 0xff, 
0xf3, 0xda, 0xb1, 0xff, 0xf2, 0xd9, 0xb0, 0xff, 0xf1, 0xd9, 0xae, 0xff, 0xf0, 0xd9, 0xac, 0xff, 
0xf0, 0xd7, 0xab, 0xff, 0xee, 0xd6, 0xab, 0xff, 0xee, 0xd6, 0xa9, 0xff, 0xee, 0xd6, 0xa9, 0xff, 
0xed, 0xd5, 0xa9, 0xff, 0xed, 0xd5, 0xa7, 0xff, 0xed, 0xd5, 0xa7, 0xff, 0xee, 0xd4, 0xa7, 0xff, 
0xee, 0xd5, 0xa7, 0xff, 0xee, 0xd5, 0xa7, 0xff, 0xee, 0xd6, 0xa9, 0xff, 0xef, 0xd5, 0xa8, 0xff, 
0xee, 0xd5, 0xa7, 0xff, 0xee, 0xd5, 0xa7, 0xff, 0xef, 0xd5, 0xa8, 0xff, 0xef, 0xd6, 0xa9, 0xff, 
0xef, 0xd6, 0xa8, 0xff, 0xf0, 0xd6, 0xa8, 0xff, 0xf0, 0xd6, 0xa8, 0xff, 0xf0, 0xd6, 0xa9, 0xff, 
0xf0, 0xd7, 0xa9, 0xff, 0xf0, 0xd6, 0xaa, 0xff, 0xf1, 0xd7, 0xab, 0xff, 0xf1, 0xd8, 0xaa, 0xff, 
0xf1, 0xd7, 0xaa, 0xff, 0xf1, 0xd7, 0xaa, 0xff, 0xf0, 0xd7, 0xa9, 0xff, 0xf1, 0xd9, 0xad, 0xff, 
0xf2, 0xda, 0xaf, 0xff, 0xf1, 0xd9, 0xae, 0xff, 0xf2, 0xd9, 0xad, 0xff, 0xf1, 0xd9, 0xab, 0xff, 
0xf1, 0xd8, 0xab, 0xff, 0xf1, 0xd8, 0xab, 0xff, 0xf1, 0xd7, 0xaa, 0xff, 0xf1, 0xd7, 0xaa, 0xff, 
0xf1, 0xd6, 0xa9, 0xff, 0xf0, 0xd7, 0xa9, 0xff, 0xf0, 0xd6, 0xa9, 0xff, 0xf0, 0xd6, 0xa9, 0xff, 
0xef, 0xd6, 0xa8, 0xff, 0xef, 0xd5, 0xa8, 0xff, 0xf0, 0xd6, 0xa8, 0xff, 0xef, 0xd6, 0xa9, 0xff, 
0xef, 0xd6, 0xa8, 0xff, 0xef, 0xd6, 0xa8, 0xff, 0xf0, 0xd6, 0xaa, 0xff, 0xf1, 0xd7, 0xac, 0xff, 
0xf0, 0xd7, 0xaa, 0xff, 0xf0, 0xd7, 0xab, 0xff, 0xef, 0xd6, 0xa9, 0xff, 0xef, 0xd5, 0xa8, 0xff, 
0xf0, 0xd6, 0xa9, 0xff, 0xf0, 0xd7, 0xa9, 0xff, 0xf0, 0xd7, 0xa9, 0xff, 0xf0, 0xd7, 0xa9, 0xff, 
0xf0, 0xd7, 0xab, 0xff, 0xf0, 0xd7, 0xaa, 0xff, 0xf1, 0xd7, 0xab, 0xff, 0xf2, 0xd8, 0xab, 0xff, 
0xef, 0xd7, 0xa9, 0xff, 0xef, 0xd7, 0xa9, 0xff, 0xed, 0xd6, 0xa7, 0xff, 0xed, 0xd6, 0xa8, 0xff, 
0xee, 0xd7, 0xa8, 0xff, 0xef, 0xd8, 0xaa, 0xff, 0xf0, 0xd8, 0xab, 0xff, 0xf0, 0xd8, 0xab, 0xff, 
0xf0, 0xd8, 0xab, 0xff, 0xee, 0xd6, 0xa9, 0xff, 0xee, 0xd6, 0xa8, 0xff, 0xee, 0xd7, 0xa9, 0xff, 
0xee, 0xd6, 0xa8, 0xff, 0xed, 0xd5, 0xa6, 0xff, 0xed, 0xd5, 0xa5, 0xff, 0xec, 0xd5, 0xa5, 0xff, 
0xed, 0xd5, 0xa6, 0xff, 0xed, 0xd5, 0xa7, 0xff, 0xec, 0xd5, 0xa7, 0xff, 0xee, 0xd5, 0xa6, 0xff, 
0xee, 0xd5, 0xa6, 0xff, 0xee, 0xd5, 0xa6, 0xff, 0xed, 0xd5, 0xa7, 0xff, 0xee, 0xd6, 0xa6, 0xff, 
0xed, 0xd5, 0xa6, 0xff, 0xec, 0xd5, 0xa7, 0xff, 0xed, 0xd5, 0xa7, 0xff, 0xed, 0xd5, 0xa7, 0xff, 
0xed, 0xd5, 0xa7, 0xff, 0xed, 0xd6, 0xa9, 0xff, 0xee, 0xd6, 0xa9, 0xff, 0xef, 0xd7, 0xaa, 0xff, 
0xef, 0xd8, 0xaa, 0xff, 0xef, 0xd8, 0xac, 0xff, 0xef, 0xd8, 0xac, 0xff, 0xf0, 0xd9, 0xad, 0xff, 
0xf1, 0xda, 0xae, 0xff, 0xf2, 0xdb, 0xaf, 0xff, 0xf1, 0xda, 0xae, 0xff, 0xf0, 0xd9, 0xac, 0xff, 
0xf0, 0xd8, 0xab, 0xff, 0xf0, 0xd8, 0xab, 0xff, 0xf0, 0xd9, 0xab, 0xff, 0xf0, 0xd8, 0xac, 0xff, 
0xef, 0xd8, 0xab, 0xff, 0xef, 0xd8, 0xac, 0xff, 0xef, 0xd8, 0xaa, 0xff, 0xef, 0xd8, 0xaa, 0xff, 
0xee, 0xd7, 0xaa, 0xff, 0xef, 0xd8, 0xab, 0xff, 0xef, 0xd8, 0xab, 0xff, 0xf0, 0xd8, 0xac, 0xff, 
0xf0, 0xd8, 0xac, 0xff, 0xef, 0xd7, 0xac, 0xff, 0xef, 0xd7, 0xac, 0xff, 0xef, 0xd8, 0xac, 0xff, 
0xf0, 0xd8, 0xac, 0xff, 0xef, 0xd7, 0xac, 0xff, 0xef, 0xd7, 0xab, 0xff, 0xef, 0xd7, 0xaa, 0xff, 
0xef, 0xd7, 0xaa, 0xff, 0xf0, 0xd8, 0xab, 0xff, 0xf0, 0xd8, 0xac, 0xff, 0xef, 0xd8, 0xac, 0xff, 
0xee, 0xd7, 0xa9, 0xff, 0xef, 0xd7, 0xa9, 0xff, 0xed, 0xd6, 0xa8, 0xff, 0xee, 0xd7, 0xa8, 0xff, 
0xee, 0xd7, 0xa9, 0xff, 0xee, 0xd7, 0xa9, 0xff, 0xee, 0xd7, 0xa8, 0xff, 0xef, 0xd7, 0xa8, 0xff, 
0xee, 0xd6, 0xa8, 0xff, 0xed, 0xd5, 0xa7, 0xff, 0xee, 0xd6, 0xa8, 0xff, 0xef, 0xd7, 0xa8, 0xff, 
0xef, 0xd7, 0xaa, 0xff, 0xef, 0xd7, 0xaa, 0xff, 0xee, 0xd6, 0xa8, 0xff, 0xed, 0xd5, 0xa7, 0xff, 
0xee, 0xd6, 0xa7, 0xff, 0xee, 0xd7, 0xa8, 0xff, 0xed, 0xd6, 0xa7, 0xff, 0xed, 0xd6, 0xa7, 0xff, 
0xee, 0xd7, 0xa8, 0xff, 0xed, 0xd5, 0xa7, 0xff, 0xec, 0xd5, 0xa7, 0xff, 0xee, 0xd6, 0xa8, 0xff, 
0xee, 0xd6, 0xa8, 0xff, 0xec, 0xd5, 0xa7, 0xff, 0xed, 0xd6, 0xa7, 0xff, 0xed, 0xd6, 0xa7, 0xff, 
0xed, 0xd6, 0xa8, 0xff, 0xee, 0xd6, 0xa8, 0xff, 0xef, 0xd7, 0xa9, 0xff, 0xee, 0xd7, 0xa8, 0xff, 
0xed, 0xd7, 0xa8, 0xff, 0xee, 0xd6, 0xa9, 0xff, 0xef, 0xd7, 0xab, 0xff, 0xf0, 0xd8, 0xac, 0xff, 
0xf0, 0xd9, 0xad, 0xff, 0xf1, 0xd9, 0xae, 0xff, 0xf0, 0xd9, 0xad, 0xff, 0xef, 0xd8, 0xaa, 0xff, 
0xee, 0xd8, 0xa9, 0xff, 0xef, 0xd9, 0xaa, 0xff, 0xef, 0xd8, 0xa9, 0xff, 0xef, 0xd8, 0xa9, 0xff, 
0xf0, 0xd9, 0xaa, 0xff, 0xf0, 0xd8, 0xaa, 0xff, 0xf0, 0xd8, 0xaa, 0xff, 0xef, 0xd7, 0xa8, 0xff, 
0xef, 0xd7, 0xa9, 0xff, 0xef, 0xd8, 0xab, 0xff, 0xf0, 0xd9, 0xac, 0xff, 0xf1, 0xda, 0xad, 0xff, 
0xf0, 0xd9, 0xac, 0xff, 0xf0, 0xd8, 0xab, 0xff, 0xef, 0xd8, 0xab, 0xff, 0xef, 0xd7, 0xaa, 0xff, 
0xee, 0xd6, 0xa8, 0xff, 0xed, 0xd6, 0xa7, 0xff, 0xee, 0xd6, 0xa8, 0xff, 0xed, 0xd5, 0xa7, 0xff, 
0xec, 0xd5, 0xa6, 0xff, 0xec, 0xd5, 0xa6, 0xff, 0xed, 0xd5, 0xa7, 0xff, 0xed, 0xd5, 0xa7, 0xff, 
0xee, 0xd5, 0xa7, 0xff, 0xed, 0xd4, 0xa6, 0xff, 0xee, 0xd5, 0xa7, 0xff, 0xee, 0xd6, 0xa7, 0xff, 
0xee, 0xd6, 0xa7, 0xff, 0xee, 0xd5, 0xa7, 0xff, 0xed, 0xd4, 0xa7, 0xff, 0xed, 0xd5, 0xa8, 0xff, 
0xec, 0xd6, 0xa7, 0xff, 0xec, 0xd6, 0xa7, 0xff, 0xed, 0xd6, 0xa9, 0xff, 0xee, 0xd7, 0xa9, 0xff, 
0xee, 0xd7, 0xa8, 0xff, 0xef, 0xd8, 0xab, 0xff, 0xee, 0xd6, 0xaa, 0xff, 0xee, 0xd7, 0xaa, 0xff, 
0xef, 0xd8, 0xac, 0xff, 0xef, 0xd8, 0xaa, 0xff, 0xef, 0xd9, 0xac, 0xff, 0xef, 0xd8, 0xab, 0xff, 
0xef, 0xd7, 0xa9, 0xff, 0xee, 0xd6, 0xa8, 0xff, 0xee, 0xd7, 0xaa, 0xff, 0xee, 0xd7, 0xa9, 0xff, 
0xee, 0xd6, 0xa9, 0xff, 0xee, 0xd7, 0xaa, 0xff, 0xef, 0xd8, 0xaa, 0xff, 0xef, 0xd8, 0xaa, 0xff, 
0xee, 0xd6, 0xa9, 0xff, 0xee, 0xd6, 0xa9, 0xff, 0xef, 0xd7, 0xa9, 0xff, 0xef, 0xd8, 0xaa, 0xff, 
0xef, 0xd8, 0xab, 0xff, 0xef, 0xd8, 0xab, 0xff, 0xf0, 0xd8, 0xac, 0xff, 0xf0, 0xd9, 0xad, 0xff, 
0xf1, 0xda, 0xae, 0xff, 0xf1, 0xd9, 0xae, 0xff, 0xf0, 0xd9, 0xab, 0xff, 0xef, 0xd7, 0xa9, 0xff, 
0xef, 0xd8, 0xa9, 0xff, 0xef, 0xd8, 0xab, 0xff, 0xf0, 0xd8, 0xac, 0xff, 0xf0, 0xd9, 0xab, 0xff, 
0xf1, 0xd9, 0xab, 0xff, 0xf1, 0xd9, 0xad, 0xff, 0xf0, 0xd8, 0xac, 0xff, 0xef, 0xd8, 0xac, 0xff, 
0xf0, 0xd8, 0xac, 0xff, 0xf0, 0xd8, 0xac, 0xff, 0xf1, 0xd9, 0xac, 0xff, 0xf1, 0xd9, 0xad, 0xff, 
0xf1, 0xd9, 0xad, 0xff, 0xf1, 0xda, 0xad, 0xff, 0xf0, 0xd9, 0xad, 0xff, 0xf0, 0xd9, 0xad, 0xff, 
0xf0, 0xd8, 0xac, 0xff, 0xf0, 0xd8, 0xac, 0xff, 0xf0, 0xd8, 0xac, 0xff, 0xf1, 0xd9, 0xac, 0xff, 
0xf1, 0xd9, 0xae, 0xff, 0xf1, 0xd8, 0xaf, 0xff, 0xf1, 0xd7, 0xae, 0xff, 0xf1, 0xd8, 0xae, 0xff, 
0xf0, 0xd8, 0xae, 0xff, 0xf0, 0xd7, 0xae, 0xff, 0xf0, 0xd7, 0xad, 0xff, 0xf0, 0xd8, 0xac, 0xff, 
0xef, 0xd8, 0xab, 0xff, 0xef, 0xd7, 0xaa, 0xff, 0xee, 0xd6, 0xa8, 0xff, 0xee, 0xd6, 0xa7, 0xff, 
0xee, 0xd6, 0xa9, 0xff, 0xee, 0xd6, 0xaa, 0xff, 0xed, 0xd6, 0xa8, 0xff, 0xee, 0xd6, 0xa8, 0xff, 
0xee, 0xd6, 0xa9, 0xff, 0xef, 0xd7, 0xaa, 0xff, 0xef, 0xd7, 0xaa, 0xff, 0xef, 0xd7, 0xaa, 0xff, 
0xee, 0xd7, 0xaa, 0xff, 0xee, 0xd7, 0xab, 0xff, 0xef, 0xd8, 0xab, 0xff, 0xef, 0xd7, 0xaa, 0xff, 
0xee, 0xd6, 0xa8, 0xff, 0xed, 0xd6, 0xa8, 0xff, 0xee, 0xd6, 0xa8, 0xff, 0xee, 0xd7, 0xa9, 0xff, 
0xef, 0xd7, 0xa9, 0xff, 0xee, 0xd7, 0xa8, 0xff, 0xef, 0xd7, 0xa9, 0xff, 0xee, 0xd6, 0xa8, 0xff, 
0xec, 0xd5, 0xa6, 0xff, 0xee, 0xd6, 0xa8, 0xff, 0xee, 0xd7, 0xa8, 0xff, 0xef, 0xd7, 0xa9, 0xff, 
0xef, 0xd7, 0xa9, 0xff, 0xef, 0xd7, 0xa8, 0xff, 0xee, 0xd7, 0xa8, 0xff, 0xee, 0xd6, 0xa7, 0xff, 
0xef, 0xd7, 0xaa, 0xff, 0xef, 0xd7, 0xa9, 0xff, 0xee, 0xd7, 0xa8, 0xff, 0xee, 0xd7, 0xa8, 0xff, 
0xee, 0xd6, 0xa8, 0xff, 0xee, 0xd7, 0xa8, 0xff, 0xef, 0xd8, 0xa9, 0xff, 0xf0, 0xd8, 0xaa, 0xff, 
0xef, 0xd8, 0xaa, 0xff, 0xef, 0xd8, 0xaa, 0xff, 0xee, 0xd7, 0xa9, 0xff, 0xee, 0xd7, 0xa9, 0xff, 
0xee, 0xd7, 0xaa, 0xff, 0xef, 0xd8, 0xa9, 0xff, 0xef, 0xd8, 0xa9, 0xff, 0xef, 0xd8, 0xac, 0xff, 
0xf0, 0xd8, 0xac, 0xff, 0xef, 0xd8, 0xac, 0xff, 0xef, 0xd8, 0xac, 0xff, 0xef, 0xd8, 0xaa, 0xff, 
0xef, 0xd8, 0xac, 0xff, 0xef, 0xd7, 0xaa, 0xff, 0xee, 0xd7, 0xa9, 0xff, 0xee, 0xd7, 0xa9, 0xff, 
0xee, 0xd7, 0xa9, 0xff, 0xef, 0xd7, 0xa9, 0xff, 0xef, 0xd7, 0xa9, 0xff, 0xef, 0xd7, 0xa9, 0xff, 
0xef, 0xd7, 0xa9, 0xff, 0xee, 0xd6, 0xa8, 0xff, 0xed, 0xd4, 0xa7, 0xff, 0xed, 0xd5, 0xa7, 0xff, 
0xed, 0xd5, 0xa7, 0xff, 0xee, 0xd5, 0xa8, 0xff, 0xed, 0xd6, 0xa9, 0xff, 0xed, 0xd6, 0xa9, 0xff, 
0xee, 0xd7, 0xab, 0xff, 0xee, 0xd6, 0xab, 0xff, 0xee, 0xd6, 0xa8, 0xff, 0xef, 0xd7, 0xa9, 0xff, 
0xee, 0xd6, 0xa8, 0xff, 0xec, 0xd4, 0xa5, 0xff, 0xec, 0xd4, 0xa4, 0xff, 0xec, 0xd4, 0xa5, 0xff, 
0xec, 0xd4, 0xa5, 0xff, 0xed, 0xd5, 0xa6, 0xff, 0xec, 0xd4, 0xa7, 0xff, 0xec, 0xd4, 0xa5, 0xff, 
0xec, 0xd4, 0xa4, 0xff, 0xec, 0xd4, 0xa5, 0xff, 0xec, 0xd4, 0xa5, 0xff, 0xec, 0xd4, 0xa5, 0xff, 
0xec, 0xd4, 0xa4, 0xff, 0xec, 0xd4, 0xa5, 0xff, 0xec, 0xd4, 0xa6, 0xff, 0xeb, 0xd3, 0xa6, 0xff, 
0xec, 0xd4, 0xa6, 0xff, 0xec, 0xd4, 0xa6, 0xff, 0xec, 0xd4, 0xa7, 0xff, 0xed, 0xd4, 0xa7, 0xff, 
0xee, 0xd5, 0xa8, 0xff, 0xed, 0xd6, 0xaa, 0xff, 0xed, 0xd5, 0xa9, 0xff, 0xee, 0xd6, 0xaa, 0xff, 
0xed, 0xd6, 0xaa, 0xff, 0xed, 0xd6, 0xaa, 0xff, 0xef, 0xd6, 0xaa, 0xff, 0xee, 0xd6, 0xab, 0xff, 
0xee, 0xd6, 0xa9, 0xff, 0xee, 0xd6, 0xa9, 0xff, 0xef, 0xd6, 0xa9, 0xff, 0xef, 0xd7, 0xaa, 0xff, 
0xee, 0xd6, 0xa9, 0xff, 0xee, 0xd6, 0xa8, 0xff, 0xee, 0xd6, 0xa8, 0xff, 0xed, 0xd6, 0xa9, 0xff, 
0xed, 0xd5, 0xa9, 0xff, 0xed, 0xd4, 0xa8, 0xff, 0xed, 0xd5, 0xa8, 0xff, 0xed, 0xd5, 0xa9, 0xff, 
0xec, 0xd5, 0xa9, 0xff, 0xec, 0xd5, 0xa9, 0xff, 0xed, 0xd5, 0xa9, 0xff, 0xec, 0xd5, 0xa7, 0xff, 
0xec, 0xd4, 0xa6, 0xff, 0xec, 0xd4, 0xa8, 0xff, 0xec, 0xd4, 0xa8, 0xff, 0xec, 0xd4, 0xa7, 0xff, 
0xeb, 0xd4, 0xa8, 0xff, 0xec, 0xd4, 0xa8, 0xff, 0xec, 0xd4, 0xa7, 0xff, 0xed, 0xd4, 0xa7, 0xff, 
0xec, 0xd4, 0xa7, 0xff, 0xeb, 0xd3, 0xa6, 0xff, 0xeb, 0xd3, 0xa6, 0xff, 0xeb, 0xd3, 0xa6, 0xff, 
0xec, 0xd4, 0xa6, 0xff, 0xed, 0xd5, 0xa7, 0xff, 0xed, 0xd5, 0xa8, 0xff, 0xed, 0xd5, 0xa8, 0xff, 
0xed, 0xd5, 0xa7, 0xff, 0xed, 0xd5, 0xa7, 0xff, 0xee, 0xd6, 0xa8, 0xff, 0xee, 0xd6, 0xa9, 0xff, 
0xee, 0xd6, 0xa8, 0xff, 0xed, 0xd5, 0xa7, 0xff, 0xec, 0xd4, 0xa6, 0xff, 0xed, 0xd5, 0xa7, 0xff, 
0xed, 0xd5, 0xa8, 0xff, 0xed, 0xd5, 0xa7, 0xff, 0xed, 0xd5, 0xa7, 0xff, 0xed, 0xd5, 0xa7, 0xff, 
0xee, 0xd6, 0xa7, 0xff, 0xed, 0xd5, 0xa8, 0xff, 0xec, 0xd4, 0xa7, 0xff, 0xed, 0xd5, 0xa7, 0xff, 
0xed, 0xd5, 0xa7, 0xff, 0xec, 0xd4, 0xa6, 0xff, 0xec, 0xd4, 0xa6, 0xff, 0xec, 0xd4, 0xa6, 0xff, 
0xec, 0xd4, 0xa6, 0xff, 0xec, 0xd4, 0xa6, 0xff, 0xed, 0xd5, 0xa7, 0xff, 0xed, 0xd5, 0xa8, 0xff, 
0xec, 0xd5, 0xa7, 0xff, 0xed, 0xd5, 0xa8, 0xff, 0xee, 0xd5, 0xa9, 0xff, 0xee, 0xd5, 0xaa, 0xff, 
0xee, 0xd6, 0xa9, 0xff, 0xee, 0xd7, 0xab, 0xff, 0xed, 0xd6, 0xaa, 0xff, 0xec, 0xd5, 0xa8, 0xff, 
0xed, 0xd6, 0xa9, 0xff, 0xed, 0xd6, 0xa9, 0xff, 0xee, 0xd6, 0xa9, 0xff, 0xef, 0xd7, 0xaa, 0xff, 
0xef, 0xd7, 0xaa, 0xff, 0xef, 0xd7, 0xaa, 0xff, 0xef, 0xd7, 0xa9, 0xff, 0xef, 0xd7, 0xa9, 0xff, 
0xef, 0xd7, 0xaa, 0xff, 0xee, 0xd7, 0xac, 0xff, 0xee, 0xd7, 0xaa, 0xff, 0xef, 0xd8, 0xac, 0xff, 
0xee, 0xd7, 0xab, 0xff, 0xee, 0xd7, 0xab, 0xff, 0xee, 0xd7, 0xab, 0xff, 0xed, 0xd6, 0xa9, 0xff, 
0xec, 0xd6, 0xa9, 0xff, 0xed, 0xd6, 0xa8, 0xff, 0xed, 0xd6, 0xa8, 0xff, 0xed, 0xd5, 0xa7, 0xff, 
0xed, 0xd5, 0xa7, 0xff, 0xec, 0xd4, 0xa6, 0xff, 0xed, 0xd5, 0xa7, 0xff, 0xec, 0xd4, 0xa6, 0xff, 
0xeb, 0xd4, 0xa6, 0xff, 0xeb, 0xd4, 0xa5, 0xff, 0xec, 0xd4, 0xa6, 0xff, 0xeb, 0xd4, 0xa5, 0xff, 
0xeb, 0xd3, 0xa5, 0xff, 0xec, 0xd4, 0xa5, 0xff, 0xeb, 0xd4, 0xa6, 0xff, 0xec, 0xd4, 0xa6, 0xff, 
0xeb, 0xd3, 0xa5, 0xff, 0xeb, 0xd3, 0xa5, 0xff, 0xeb, 0xd3, 0xa6, 0xff, 0xeb, 0xd3, 0xa6, 0xff, 
0xec, 0xd4, 0xa6, 0xff, 0xeb, 0xd5, 0xa6, 0xff, 0xec, 0xd4, 0xa6, 0xff, 0xec, 0xd4, 0xa7, 0xff, 
0xed, 0xd5, 0xa9, 0xff, 0xec, 0xd4, 0xa7, 0xff, 0xeb, 0xd4, 0xa7, 0xff, 0xec, 0xd4, 0xa6, 0xff, 
0xec, 0xd3, 0xa6, 0xff, 0xec, 0xd3, 0xa6, 0xff, 0xeb, 0xd3, 0xa6, 0xff, 0xec, 0xd4, 0xa6, 0xff, 
0xec, 0xd4, 0xa6, 0xff, 0xec, 0xd5, 0xa6, 0xff, 0xec, 0xd5, 0xa7, 0xff, 0xec, 0xd4, 0xa7, 0xff, 
0xed, 0xd4, 0xa6, 0xff, 0xec, 0xd4, 0xa7, 0xff, 0xeb, 0xd5, 0xa7, 0xff, 0xec, 0xd5, 0xa8, 0xff, 
0xed, 0xd6, 0xa9, 0xff, 0xed, 0xd5, 0xa9, 0xff, 0xee, 0xd6, 0xaa, 0xff, 0xed, 0xd6, 0xaa, 0xff, 
0xee, 0xd7, 0xab, 0xff, 0xee, 0xd7, 0xab, 0xff, 0xee, 0xd6, 0xaa, 0xff, 0xee, 0xd6, 0xa9, 0xff, 
0xee, 0xd7, 0xa9, 0xff, 0xee, 0xd6, 0xaa, 0xff, 0xee, 0xd7, 0xab, 0xff, 0xef, 0xd7, 0xab, 0xff, 
0xf0, 0xd8, 0xab, 0xff, 0xf0, 0xd8, 0xac, 0xff, 0xee, 0xd7, 0xab, 0xff, 0xee, 0xd7, 0xab, 0xff, 
0xee, 0xd7, 0xab, 0xff, 0xee, 0xd7, 0xab, 0xff, 0xee, 0xd7, 0xab, 0xff, 0xef, 0xd7, 0xab, 0xff, 
0xf0, 0xd7, 0xad, 0xff, 0xf0, 0xd8, 0xae, 0xff, 0xf0, 0xd8, 0xad, 0xff, 0xef, 0xd8, 0xac, 0xff, 
0xef, 0xd8, 0xac, 0xff, 0xf0, 0xd8, 0xac, 0xff, 0xf0, 0xd8, 0xad, 0xff, 0xef, 0xd8, 0xac, 0xff, 
0xf1, 0xd9, 0xae, 0xff, 0xf0, 0xd7, 0xaf, 0xff, 0xef, 0xd7, 0xae, 0xff, 0xf0, 0xd8, 0xaf, 0xff, 
0xef, 0xd8, 0xaf, 0xff, 0xee, 0xd7, 0xad, 0xff, 0xee, 0xd7, 0xac, 0xff, 0xee, 0xd7, 0xac, 0xff, 
0xee, 0xd7, 0xaa, 0xff, 0xee, 0xd7, 0xa8, 0xff, 0xee, 0xd6, 0xa9, 0xff, 0xed, 0xd5, 0xa9, 0xff, 
0xec, 0xd6, 0xa8, 0xff, 0xeb, 0xd5, 0xa8, 0xff, 0xec, 0xd4, 0xa7, 0xff, 0xed, 0xd4, 0xa7, 0xff, 
0xec, 0xd5, 0xa7, 0xff, 0xec, 0xd5, 0xa8, 0xff, 0xec, 0xd4, 0xa6, 0xff, 0xed, 0xd5, 0xa7, 0xff, 
0xec, 0xd4, 0xa7, 0xff, 0xec, 0xd4, 0xa7, 0xff, 0xec, 0xd4, 0xa7, 0xff, 0xec, 0xd4, 0xa6, 0xff, 
0xeb, 0xd3, 0xa6, 0xff, 0xec, 0xd3, 0xa6, 0xff, 0xed, 0xd5, 0xa7, 0xff, 0xed, 0xd5, 0xa7, 0xff, 
0xed, 0xd5, 0xa7, 0xff, 0xed, 0xd5, 0xa7, 0xff, 0xed, 0xd6, 0xa7, 0xff, 0xed, 0xd5, 0xa7, 0xff, 
0xed, 0xd5, 0xa7, 0xff, 0xee, 0xd6, 0xa8, 0xff, 0xee, 0xd6, 0xa9, 0xff, 0xef, 0xd6, 0xa9, 0xff, 
0xee, 0xd5, 0xa8, 0xff, 0xee, 0xd5, 0xa8, 0xff, 0xee, 0xd6, 0xa8, 0xff, 0xee, 0xd6, 0xa8, 0xff, 
0xef, 0xd6, 0xa9, 0xff, 0xef, 0xd7, 0xaa, 0xff, 0xef, 0xd6, 0xa9, 0xff, 0xef, 0xd7, 0xa9, 0xff, 
0xef, 0xd6, 0xa9, 0xff, 0xee, 0xd7, 0xa9, 0xff, 0xef, 0xd7, 0xaa, 0xff, 0xf0, 0xd7, 0xaa, 0xff, 
0xef, 0xd7, 0xaa, 0xff, 0xed, 0xd7, 0xa9, 0xff, 0xec, 0xd5, 0xa7, 0xff, 0xed, 0xd5, 0xa7, 0xff, 
0xee, 0xd5, 0xa8, 0xff, 0xed, 0xd5, 0xa8, 0xff, 0xed, 0xd5, 0xa8, 0xff, 0xed, 0xd6, 0xa9, 0xff, 
0xed, 0xd5, 0xa9, 0xff, 0xed, 0xd5, 0xa9, 0xff, 0xed, 0xd5, 0xa9, 0xff, 0xed, 0xd4, 0xa6, 0xff, 
0xed, 0xd5, 0xa8, 0xff, 0xed, 0xd4, 0xa6, 0xff, 0xec, 0xd4, 0xa6, 0xff, 0xec, 0xd4, 0xa6, 0xff, 
0xed, 0xd5, 0xa7, 0xff, 0xed, 0xd5, 0xa7, 0xff, 0xee, 0xd5, 0xa8, 0xff, 0xee, 0xd6, 0xa8, 0xff, 
0xeb, 0xd4, 0xa5, 0xff, 0xeb, 0xd4, 0xa6, 0xff, 0xeb, 0xd4, 0xa6, 0xff, 0xeb, 0xd4, 0xa6, 0xff, 
0xec, 0xd4, 0xa6, 0xff, 0xec, 0xd5, 0xa6, 0xff, 0xed, 0xd6, 0xa8, 0xff, 0xed, 0xd6, 0xa8, 0xff, 
0xec, 0xd6, 0xa7, 0xff, 0xec, 0xd5, 0xa7, 0xff, 0xec, 0xd5, 0xa6, 0xff, 0xec, 0xd4, 0xa6, 0xff, 
0xeb, 0xd3, 0xa4, 0xff, 0xeb, 0xd3, 0xa3, 0xff, 0xeb, 0xd3, 0xa4, 0xff, 0xec, 0xd3, 0xa4, 0xff, 
0xeb, 0xd3, 0xa3, 0xff, 0xeb, 0xd3, 0xa3, 0xff, 0xec, 0xd3, 0xa6, 0xff, 0xeb, 0xd3, 0xa4, 0xff, 
0xea, 0xd2, 0xa3, 0xff, 0xea, 0xd2, 0xa3, 0xff, 0xea, 0xd2, 0xa3, 0xff, 0xea, 0xd3, 0xa3, 0xff, 
0xea, 0xd2, 0xa5, 0xff, 0xeb, 0xd3, 0xa5, 0xff, 0xea, 0xd3, 0xa5, 0xff, 0xeb, 0xd4, 0xa6, 0xff, 
0xeb, 0xd5, 0xa6, 0xff, 0xeb, 0xd4, 0xa6, 0xff, 0xec, 0xd5, 0xa7, 0xff, 0xec, 0xd5, 0xa7, 0xff, 
0xeb, 0xd5, 0xa6, 0xff, 0xec, 0xd6, 0xa7, 0xff, 0xed, 0xd6, 0xa8, 0xff, 0xed, 0xd6, 0xa8, 0xff, 
0xed, 0xd7, 0xa9, 0xff, 0xed, 0xd6, 0xaa, 0xff, 0xee, 0xd6, 0xaa, 0xff, 0xee, 0xd7, 0xaa, 0xff, 
0xee, 0xd7, 0xaa, 0xff, 0xee, 0xd7, 0xa9, 0xff, 0xee, 0xd7, 0xa9, 0xff, 0xee, 0xd7, 0xa9, 0xff, 
0xed, 0xd6, 0xa8, 0xff, 0xed, 0xd7, 0xa8, 0xff, 0xed, 0xd6, 0xa7, 0xff, 0xed, 0xd6, 0xa8, 0xff, 
0xec, 0xd6, 0xa7, 0xff, 0xec, 0xd5, 0xa7, 0xff, 0xec, 0xd5, 0xa8, 0xff, 0xec, 0xd5, 0xa7, 0xff, 
0xeb, 0xd5, 0xa6, 0xff, 0xeb, 0xd5, 0xa6, 0xff, 0xeb, 0xd4, 0xa6, 0xff, 0xeb, 0xd4, 0xa6, 0xff, 
0xea, 0xd4, 0xa5, 0xff, 0xec, 0xd5, 0xa7, 0xff, 0xeb, 0xd4, 0xa6, 0xff, 0xeb, 0xd5, 0xa7, 0xff, 
0xec, 0xd5, 0xa7, 0xff, 0xeb, 0xd5, 0xa7, 0xff, 0xeb, 0xd5, 0xa6, 0xff, 0xeb, 0xd5, 0xa6, 0xff, 
0xeb, 0xd4, 0xa6, 0xff, 0xea, 0xd3, 0xa4, 0xff, 0xeb, 0xd3, 0xa4, 0xff, 0xeb, 0xd2, 0xa4, 0xff, 
0xeb, 0xd3, 0xa5, 0xff, 0xec, 0xd4, 0xa6, 0xff, 0xec, 0xd4, 0xa5, 0xff, 0xeb, 0xd3, 0xa5, 0xff, 
0xeb, 0xd3, 0xa4, 0xff, 0xeb, 0xd3, 0xa4, 0xff, 0xeb, 0xd3, 0xa5, 0xff, 0xec, 0xd4, 0xa6, 0xff, 
0xec, 0xd4, 0xa5, 0xff, 0xeb, 0xd4, 0xa6, 0xff, 0xec, 0xd5, 0xa7, 0xff, 0xed, 0xd5, 0xa7, 0xff, 
0xec, 0xd4, 0xa6, 0xff, 0xeb, 0xd4, 0xa5, 0xff, 0xeb, 0xd3, 0xa4, 0xff, 0xeb, 0xd3, 0xa3, 0xff, 
0xeb, 0xd2, 0xa3, 0xff, 0xeb, 0xd3, 0xa5, 0xff, 0xeb, 0xd3, 0xa4, 0xff, 0xeb, 0xd2, 0xa4, 0xff, 
0xeb, 0xd4, 0xa6, 0xff, 0xeb, 0xd5, 0xa6, 0xff, 0xeb, 0xd4, 0xa5, 0xff, 0xeb, 0xd4, 0xa5, 0xff, 
0xeb, 0xd4, 0xa6, 0xff, 0xec, 0xd5, 0xa6, 0xff, 0xeb, 0xd5, 0xa6, 0xff, 0xec, 0xd5, 0xa7, 0xff, 
0xed, 0xd6, 0xa8, 0xff, 0xed, 0xd6, 0xa8, 0xff, 0xed, 0xd6, 0xa8, 0xff, 0xed, 0xd6, 0xa8, 0xff, 
0xed, 0xd7, 0xa8, 0xff, 0xed, 0xd7, 0xa9, 0xff, 0xee, 0xd7, 0xa9, 0xff, 0xee, 0xd7, 0xa9, 0xff, 
0xee, 0xd7, 0xa9, 0xff, 0xee, 0xd7, 0xa9, 0xff, 0xee, 0xd7, 0xa9, 0xff, 0xee, 0xd7, 0xa9, 0xff, 
0xee, 0xd8, 0xa9, 0xff, 0xee, 0xd7, 0xa9, 0xff, 0xee, 0xd7, 0xa9, 0xff, 0xee, 0xd8, 0xa9, 0xff, 
0xee, 0xd8, 0xa9, 0xff, 0xee, 0xd7, 0xaa, 0xff, 0xee, 0xd7, 0xaa, 0xff, 0xee, 0xd7, 0xab, 0xff, 
0xee, 0xd7, 0xaa, 0xff, 0xee, 0xd7, 0xa9, 0xff, 0xed, 0xd7, 0xa8, 0xff, 0xec, 0xd6, 0xa8, 0xff, 
0xeb, 0xd6, 0xa8, 0xff, 0xec, 0xd5, 0xa7, 0xff, 0xeb, 0xd4, 0xa6, 0xff, 0xeb, 0xd4, 0xa6, 0xff, 
0xeb, 0xd4, 0xa5, 0xff, 0xeb, 0xd4, 0xa6, 0xff, 0xeb, 0xd4, 0xa6, 0xff, 0xeb, 0xd5, 0xa6, 0xff, 
0xe9, 0xd3, 0xa4, 0xff, 0xea, 0xd3, 0xa4, 0xff, 0xea, 0xd3, 0xa4, 0xff, 0xea, 0xd2, 0xa3, 0xff, 
0xea, 0xd2, 0xa3, 0xff, 0xeb, 0xd4, 0xa3, 0xff, 0xeb, 0xd4, 0xa4, 0xff, 0xeb, 0xd3, 0xa3, 0xff, 
0xea, 0xd3, 0xa4, 0xff, 0xea, 0xd2, 0xa3, 0xff, 0xea, 0xd2, 0xa3, 0xff, 0xeb, 0xd2, 0xa4, 0xff, 
0xea, 0xd2, 0xa3, 0xff, 0xeb, 0xd3, 0xa4, 0xff, 0xeb, 0xd4, 0xa5, 0xff, 0xeb, 0xd3, 0xa4, 0xff, 
0xeb, 0xd3, 0xa4, 0xff, 0xea, 0xd4, 0xa5, 0xff, 0xea, 0xd4, 0xa5, 0xff, 0xea, 0xd2, 0xa3, 0xff, 
0xea, 0xd2, 0xa3, 0xff, 0xea, 0xd2, 0xa4, 0xff, 0xea, 0xd2, 0xa4, 0xff, 0xeb, 0xd2, 0xa4, 0xff, 
0xeb, 0xd4, 0xa5, 0xff, 0xeb, 0xd4, 0xa5, 0xff, 0xeb, 0xd4, 0xa5, 0xff, 0xeb, 0xd4, 0xa5, 0xff, 
0xeb, 0xd5, 0xa5, 0xff, 0xec, 0xd5, 0xa6, 0xff, 0xec, 0xd6, 0xa8, 0xff, 0xec, 0xd7, 0xa8, 0xff, 
0xed, 0xd7, 0xa9, 0xff, 0xed, 0xd8, 0xa9, 0xff, 0xed, 0xd7, 0xaa, 0xff, 0xee, 0xd7, 0xaa, 0xff, 
0xee, 0xd7, 0xaa, 0xff, 0xee, 0xd8, 0xa9, 0xff, 0xee, 0xd8, 0xa9, 0xff, 0xed, 0xd7, 0xa8, 0xff, 
0xee, 0xd8, 0xaa, 0xff, 0xee, 0xd8, 0xaa, 0xff, 0xee, 0xd7, 0xaa, 0xff, 0xee, 0xd8, 0xaa, 0xff, 
0xee, 0xd7, 0xaa, 0xff, 0xee, 0xd7, 0xa9, 0xff, 0xee, 0xd8, 0xab, 0xff, 0xef, 0xd7, 0xab, 0xff, 
0xee, 0xd7, 0xab, 0xff, 0xee, 0xd7, 0xac, 0xff, 0xee, 0xd7, 0xab, 0xff, 0xee, 0xd7, 0xac, 0xff, 
0xef, 0xd7, 0xac, 0xff, 0xee, 0xd7, 0xac, 0xff, 0xef, 0xd7, 0xac, 0xff, 0xef, 0xd8, 0xac, 0xff, 
0xef, 0xd8, 0xac, 0xff, 0xef, 0xd8, 0xac, 0xff, 0xef, 0xd7, 0xac, 0xff, 0xef, 0xd8, 0xac, 0xff, 
0xf0, 0xd8, 0xad, 0xff, 0xef, 0xd7, 0xae, 0xff, 0xef, 0xd8, 0xae, 0xff, 0xee, 0xd8, 0xad, 0xff, 
0xee, 0xd7, 0xac, 0xff, 0xee, 0xd7, 0xab, 0xff, 0xed, 0xd6, 0xab, 0xff, 0xec, 0xd5, 0xa9, 0xff, 
0xec, 0xd5, 0xa9, 0xff, 0xec, 0xd6, 0xa8, 0xff, 0xeb, 0xd5, 0xa7, 0xff, 0xec, 0xd6, 0xa7, 0xff, 
0xeb, 0xd5, 0xa7, 0xff, 0xeb, 0xd5, 0xa6, 0xff, 0xeb, 0xd3, 0xa6, 0xff, 0xeb, 0xd4, 0xa6, 0xff, 
0xea, 0xd4, 0xa5, 0xff, 0xeb, 0xd3, 0xa5, 0xff, 0xeb, 0xd3, 0xa5, 0xff, 0xeb, 0xd4, 0xa6, 0xff, 
0xeb, 0xd3, 0xa4, 0xff, 0xeb, 0xd2, 0xa4, 0xff, 0xeb, 0xd3, 0xa4, 0xff, 0xea, 0xd2, 0xa4, 0xff, 
0xea, 0xd1, 0xa3, 0xff, 0xea, 0xd2, 0xa3, 0xff, 0xea, 0xd2, 0xa4, 0xff, 0xeb, 0xd3, 0xa4, 0xff, 
0xeb, 0xd3, 0xa4, 0xff, 0xeb, 0xd3, 0xa5, 0xff, 0xeb, 0xd4, 0xa5, 0xff, 0xeb, 0xd4, 0xa5, 0xff, 
0xeb, 0xd5, 0xa6, 0xff, 0xeb, 0xd4, 0xa6, 0xff, 0xeb, 0xd5, 0xa6, 0xff, 0xed, 0xd5, 0xa8, 0xff, 
0xee, 0xd6, 0xaa, 0xff, 0xee, 0xd7, 0xa9, 0xff, 0xef, 0xd7, 0xaa, 0xff, 0xef, 0xd7, 0xab, 0xff, 
0xee, 0xd7, 0xaa, 0xff, 0xee, 0xd7, 0xab, 0xff, 0xee, 0xd7, 0xaa, 0xff, 0xee, 0xd7, 0xa9, 0xff, 
0xef, 0xd7, 0xaa, 0xff, 0xee, 0xd7, 0xaa, 0xff, 0xed, 0xd6, 0xaa, 0xff, 0xef, 0xd8, 0xaa, 0xff, 
0xee, 0xd7, 0xaa, 0xff, 0xed, 0xd7, 0xa8, 0xff, 0xec, 0xd5, 0xa7, 0xff, 0xed, 0xd6, 0xa9, 0xff, 
0xee, 0xd7, 0xaa, 0xff, 0xed, 0xd6, 0xa9, 0xff, 0xed, 0xd6, 0xa8, 0xff, 0xed, 0xd6, 0xa8, 0xff, 
0xed, 0xd6, 0xa8, 0xff, 0xed, 0xd6, 0xa7, 0xff, 0xec, 0xd5, 0xa6, 0xff, 0xeb, 0xd5, 0xa6, 0xff, 
0xeb, 0xd5, 0xa6, 0xff, 0xeb, 0xd4, 0xa6, 0xff, 0xeb, 0xd5, 0xa6, 0xff, 0xeb, 0xd5, 0xa6, 0xff, 
0xeb, 0xd5, 0xa6, 0xff, 0xeb, 0xd4, 0xa5, 0xff, 0xeb, 0xd4, 0xa6, 0xff, 0xec, 0xd4, 0xa6, 0xff, 
0xec, 0xd4, 0xa4, 0xff, 0xec, 0xd4, 0xa4, 0xff, 0xeb, 0xd4, 0xa4, 0xff, 0xeb, 0xd4, 0xa4, 0xff, 
0xec, 0xd4, 0xa4, 0xff, 0xed, 0xd5, 0xa5, 0xff, 0xec, 0xd5, 0xa6, 0xff, 0xec, 0xd6, 0xa6, 0xff, 
0xec, 0xd5, 0xa4, 0xff, 0xeb, 0xd3, 0xa2, 0xff, 0xec, 0xd4, 0xa3, 0xff, 0xec, 0xd4, 0xa3, 0xff, 
0xec, 0xd4, 0xa4, 0xff, 0xec, 0xd4, 0xa3, 0xff, 0xeb, 0xd4, 0xa3, 0xff, 0xec, 0xd4, 0xa4, 0xff, 
0xec, 0xd4, 0xa4, 0xff, 0xeb, 0xd4, 0xa3, 0xff, 0xeb, 0xd3, 0xa3, 0xff, 0xeb, 0xd4, 0xa3, 0xff, 
0xeb, 0xd3, 0xa3, 0xff, 0xea, 0xd2, 0xa2, 0xff, 0xea, 0xd2, 0xa2, 0xff, 0xeb, 0xd3, 0xa3, 0xff, 
0xec, 0xd4, 0xa5, 0xff, 0xec, 0xd5, 0xa4, 0xff, 0xeb, 0xd3, 0xa3, 0xff, 0xec, 0xd5, 0xa5, 0xff, 
0xeb, 0xd6, 0xa6, 0xff, 0xeb, 0xd5, 0xa5, 0xff, 0xeb, 0xd5, 0xa5, 0xff, 0xeb, 0xd5, 0xa4, 0xff, 
0xeb, 0xd5, 0xa4, 0xff, 0xec, 0xd6, 0xa7, 0xff, 0xed, 0xd7, 0xa8, 0xff, 0xee, 0xd8, 0xa8, 0xff, 
0xee, 0xd8, 0xa9, 0xff, 0xef, 0xd9, 0xac, 0xff, 0xee, 0xd8, 0xaa, 0xff, 0xef, 0xd9, 0xa9, 0xff, 
0xef, 0xd9, 0xaa, 0xff, 0xee, 0xd8, 0xa7, 0xff, 0xee, 0xd7, 0xa7, 0xff, 0xed, 0xd7, 0xa7, 0xff, 
0xed, 0xd6, 0xa6, 0xff, 0xed, 0xd7, 0xa8, 0xff, 0xec, 0xd7, 0xa7, 0xff, 0xec, 0xd6, 0xa7, 0xff, 
0xec, 0xd6, 0xa7, 0xff, 0xed, 0xd8, 0xa8, 0xff, 0xec, 0xd6, 0xa7, 0xff, 0xed, 0xd7, 0xa7, 0xff, 
0xed, 0xd7, 0xa7, 0xff, 0xec, 0xd6, 0xa6, 0xff, 0xec, 0xd6, 0xa6, 0xff, 0xec, 0xd6, 0xa7, 0xff, 
0xec, 0xd5, 0xa5, 0xff, 0xec, 0xd5, 0xa5, 0xff, 0xec, 0xd5, 0xa5, 0xff, 0xec, 0xd6, 0xa6, 0xff, 
0xed, 0xd7, 0xa6, 0xff, 0xec, 0xd6, 0xa6, 0xff, 0xeb, 0xd4, 0xa5, 0xff, 0xeb, 0xd5, 0xa5, 0xff, 
0xec, 0xd4, 0xa4, 0xff, 0xeb, 0xd4, 0xa4, 0xff, 0xeb, 0xd4, 0xa3, 0xff, 0xec, 0xd3, 0xa3, 0xff, 
0xec, 0xd4, 0xa4, 0xff, 0xeb, 0xd3, 0xa4, 0xff, 0xeb, 0xd3, 0xa3, 0xff, 0xeb, 0xd3, 0xa3, 0xff, 
0xeb, 0xd3, 0xa3, 0xff, 0xeb, 0xd3, 0xa2, 0xff, 0xeb, 0xd4, 0xa2, 0xff, 0xeb, 0xd3, 0xa2, 0xff, 
0xec, 0xd4, 0xa4, 0xff, 0xec, 0xd4, 0xa4, 0xff, 0xeb, 0xd4, 0xa4, 0xff, 0xec, 0xd3, 0xa4, 0xff, 
0xec, 0xd3, 0xa4, 0xff, 0xea, 0xd4, 0xa4, 0xff, 0xeb, 0xd3, 0xa3, 0xff, 0xeb, 0xd4, 0xa3, 0xff, 
0xeb, 0xd3, 0xa3, 0xff, 0xea, 0xd2, 0xa2, 0xff, 0xec, 0xd3, 0xa4, 0xff, 0xeb, 0xd3, 0xa4, 0xff, 
0xeb, 0xd4, 0xa4, 0xff, 0xec, 0xd4, 0xa4, 0xff, 0xec, 0xd6, 0xa5, 0xff, 0xeb, 0xd5, 0xa4, 0xff, 
0xeb, 0xd4, 0xa4, 0xff, 0xec, 0xd5, 0xa5, 0xff, 0xec, 0xd6, 0xa5, 0xff, 0xec, 0xd6, 0xa5, 0xff, 
0xed, 0xd6, 0xa5, 0xff, 0xed, 0xd7, 0xa6, 0xff, 0xef, 0xd9, 0xaa, 0xff, 0xef, 0xd9, 0xa9, 0xff, 
0xef, 0xd9, 0xaa, 0xff, 0xf0, 0xda, 0xab, 0xff, 0xf0, 0xda, 0xaa, 0xff, 0xf0, 0xda, 0xab, 0xff, 
0xf0, 0xda, 0xab, 0xff, 0xee, 0xd8, 0xa9, 0xff, 0xef, 0xd9, 0xa9, 0xff, 0xee, 0xd8, 0xa9, 0xff, 
0xef, 0xd8, 0xa9, 0xff, 0xef, 0xd8, 0xa9, 0xff, 0xef, 0xd9, 0xa9, 0xff, 0xef, 0xd8, 0xa9, 0xff, 
0xef, 0xd9, 0xaa, 0xff, 0xef, 0xda, 0xaa, 0xff, 0xee, 0xd8, 0xa9, 0xff, 0xee, 0xd7, 0xa9, 0xff, 
0xef, 0xd9, 0xaa, 0xff, 0xed, 0xd8, 0xa9, 0xff, 0xed, 0xd7, 0xa8, 0xff, 0xed, 0xd6, 0xa8, 0xff, 
0xec, 0xd5, 0xa6, 0xff, 0xec, 0xd5, 0xa5, 0xff, 0xec, 0xd4, 0xa4, 0xff, 0xec, 0xd5, 0xa4, 0xff, 
0xec, 0xd5, 0xa4, 0xff, 0xeb, 0xd4, 0xa4, 0xff, 0xeb, 0xd3, 0xa4, 0xff, 0xec, 0xd4, 0xa4, 0xff, 
0xec, 0xd4, 0xa4, 0xff, 0xeb, 0xd3, 0xa3, 0xff, 0xeb, 0xd3, 0xa3, 0xff, 0xeb, 0xd3, 0xa3, 0xff, 
0xeb, 0xd3, 0xa3, 0xff, 0xeb, 0xd3, 0xa3, 0xff, 0xec, 0xd4, 0xa4, 0xff, 0xeb, 0xd3, 0xa3, 0xff, 
0xeb, 0xd3, 0xa2, 0xff, 0xeb, 0xd3, 0xa3, 0xff, 0xeb, 0xd4, 0xa3, 0xff, 0xec, 0xd3, 0xa3, 0xff, 
0xeb, 0xd3, 0xa2, 0xff, 0xeb, 0xd4, 0xa3, 0xff, 0xed, 0xd5, 0xa5, 0xff, 0xec, 0xd4, 0xa4, 0xff, 
0xeb, 0xd3, 0xa3, 0xff, 0xeb, 0xd3, 0xa3, 0xff, 0xec, 0xd4, 0xa4, 0xff, 0xec, 0xd4, 0xa3, 0xff, 
0xeb, 0xd3, 0xa2, 0xff, 0xec, 0xd5, 0xa3, 0xff, 0xec, 0xd5, 0xa4, 0xff, 0xeb, 0xd3, 0xa3, 0xff, 
0xec, 0xd4, 0xa4, 0xff, 0xec, 0xd4, 0xa5, 0xff, 0xec, 0xd5, 0xa5, 0xff, 0xed, 0xd6, 0xa6, 0xff, 
0xec, 0xd5, 0xa5, 0xff, 0xed, 0xd5, 0xa5, 0xff, 0xee, 0xd7, 0xa7, 0xff, 0xee, 0xd7, 0xa7, 0xff, 
0xee, 0xd7, 0xa8, 0xff, 0xef, 0xd8, 0xa8, 0xff, 0xef, 0xd8, 0xa8, 0xff, 0xf0, 0xda, 0xab, 0xff, 
0xf0, 0xda, 0xac, 0xff, 0xf0, 0xda, 0xab, 0xff, 0xef, 0xda, 0xaa, 0xff, 0xf0, 0xda, 0xab, 0xff, 
0xf0, 0xda, 0xab, 0xff, 0xf0, 0xda, 0xab, 0xff, 0xf0, 0xda, 0xab, 0xff, 0xef, 0xd9, 0xab, 0xff, 
0xf0, 0xda, 0xab, 0xff, 0xef, 0xd9, 0xab, 0xff, 0xef, 0xd9, 0xab, 0xff, 0xf0, 0xd9, 0xab, 0xff, 
0xf0, 0xda, 0xac, 0xff, 0xf1, 0xda, 0xac, 0xff, 0xf0, 0xd9, 0xac, 0xff, 0xef, 0xd9, 0xac, 0xff, 
0xf0, 0xd9, 0xad, 0xff, 0xf0, 0xd9, 0xac, 0xff, 0xf0, 0xd9, 0xac, 0xff, 0xf0, 0xd9, 0xac, 0xff, 
0xf0, 0xd9, 0xac, 0xff, 0xf0, 0xd8, 0xac, 0xff, 0xef, 0xd9, 0xab, 0xff, 0xf0, 0xd9, 0xae, 0xff, 
0xef, 0xd8, 0xad, 0xff, 0xef, 0xd8, 0xad, 0xff, 0xef, 0xd8, 0xad, 0xff, 0xef, 0xd8, 0xab, 0xff, 
0xee, 0xd7, 0xaa, 0xff, 0xee, 0xd7, 0xab, 0xff, 0xed, 0xd7, 0xa9, 0xff, 0xec, 0xd6, 0xa8, 0xff, 
0xed, 0xd7, 0xa8, 0xff, 0xed, 0xd6, 0xa8, 0xff, 0xec, 0xd6, 0xa7, 0xff, 0xec, 0xd6, 0xa7, 0xff, 
0xed, 0xd5, 0xa7, 0xff, 0xed, 0xd5, 0xa6, 0xff, 0xec, 0xd3, 0xa5, 0xff, 0xec, 0xd3, 0xa4, 0xff, 
0xeb, 0xd3, 0xa3, 0xff, 0xec, 0xd3, 0xa3, 0xff, 0xeb, 0xd2, 0xa3, 0xff, 0xeb, 0xd4, 0xa4, 0xff, 
0xeb, 0xd3, 0xa3, 0xff, 0xeb, 0xd3, 0xa3, 0xff, 0xea, 0xd3, 0xa3, 0xff, 0xeb, 0xd3, 0xa2, 0xff, 
0xeb, 0xd4, 0xa3, 0xff, 0xeb, 0xd3, 0xa2, 0xff, 0xeb, 0xd3, 0xa2, 0xff, 0xec, 0xd4, 0xa3, 0xff, 
0xec, 0xd4, 0xa3, 0xff, 0xec, 0xd4, 0xa3, 0xff, 0xec, 0xd5, 0xa5, 0xff, 0xec, 0xd5, 0xa5, 0xff, 
0xec, 0xd5, 0xa5, 0xff, 0xee, 0xd8, 0xa7, 0xff, 0xed, 0xd7, 0xa8, 0xff, 0xed, 0xd6, 0xa8, 0xff, 
0xee, 0xd8, 0xa9, 0xff, 0xef, 0xda, 0xaa, 0xff, 0xef, 0xd9, 0xab, 0xff, 0xef, 0xd9, 0xaa, 0xff, 
0xef, 0xd9, 0xaa, 0xff, 0xf0, 0xd9, 0xac, 0xff, 0xef, 0xd9, 0xab, 0xff, 0xef, 0xd9, 0xab, 0xff, 
0xf0, 0xda, 0xab, 0xff, 0xf0, 0xda, 0xad, 0xff, 0xef, 0xd9, 0xad, 0xff, 0xef, 0xd9, 0xab, 0xff, 
0xef, 0xda, 0xab, 0xff, 0xef, 0xda, 0xaa, 0xff, 0xef, 0xd9, 0xaa, 0xff, 0xef, 0xd9, 0xab, 0xff, 
0xee, 0xd8, 0xaa, 0xff, 0xee, 0xd9, 0xaa, 0xff, 0xee, 0xd8, 0xa9, 0xff, 0xee, 0xd8, 0xa9, 0xff, 
0xee, 0xd8, 0xa8, 0xff, 0xed, 0xd7, 0xa8, 0xff, 0xed, 0xd7, 0xa6, 0xff, 0xec, 0xd7, 0xa7, 0xff, 
0xec, 0xd7, 0xa7, 0xff, 0xec, 0xd5, 0xa5, 0xff, 0xeb, 0xd5, 0xa4, 0xff, 0xec, 0xd7, 0xa5, 0xff, 
0xec, 0xd6, 0xa5, 0xff, 0xec, 0xd4, 0xa4, 0xff, 0xec, 0xd4, 0xa4, 0xff, 0xeb, 0xd4, 0xa4, 0xff, 
0xea, 0xd4, 0xa3, 0xff, 0xe9, 0xd2, 0xa2, 0xff, 0xe8, 0xd2, 0xa1, 0xff, 0xe9, 0xd2, 0xa1, 0xff, 
0xe9, 0xd3, 0xa2, 0xff, 0xea, 0xd3, 0xa3, 0xff, 0xea, 0xd2, 0xa1, 0xff, 0xe9, 0xd1, 0xa0, 0xff, 
0xea, 0xd2, 0xa1, 0xff, 0xea, 0xd3, 0xa2, 0xff, 0xe9, 0xd3, 0xa1, 0xff, 0xe9, 0xd3, 0xa2, 0xff, 
0xea, 0xd3, 0xa1, 0xff, 0xea, 0xd4, 0xa2, 0xff, 0xe9, 0xd3, 0xa2, 0xff, 0xe8, 0xd2, 0xa1, 0xff, 
0xe9, 0xd2, 0xa1, 0xff, 0xe9, 0xd3, 0xa1, 0xff, 0xe9, 0xd3, 0xa1, 0xff, 0xe8, 0xd2, 0xa0, 0xff, 
0xe8, 0xd1, 0xa1, 0xff, 0xea, 0xd3, 0xa3, 0xff, 0xe9, 0xd2, 0xa1, 0xff, 0xe8, 0xd0, 0xa0, 0xff, 
0xe9, 0xd3, 0xa1, 0xff, 0xea, 0xd3, 0xa2, 0xff, 0xea, 0xd2, 0xa2, 0xff, 0xe9, 0xd1, 0xa0, 0xff, 
0xe8, 0xd1, 0xa0, 0xff, 0xe9, 0xd2, 0xa1, 0xff, 0xe8, 0xd3, 0xa1, 0xff, 0xe9, 0xd3, 0xa1, 0xff, 
0xe9, 0xd2, 0xa1, 0xff, 0xe9, 0xd3, 0xa2, 0xff, 0xea, 0xd4, 0xa3, 0xff, 0xe9, 0xd3, 0xa2, 0xff, 
0xe9, 0xd3, 0xa2, 0xff, 0xeb, 0xd5, 0xa5, 0xff, 0xec, 0xd6, 0xa6, 0xff, 0xec, 0xd6, 0xa5, 0xff, 
0xec, 0xd6, 0xa5, 0xff, 0xea, 0xd4, 0xa3, 0xff, 0xea, 0xd3, 0xa2, 0xff, 0xeb, 0xd4, 0xa3, 0xff, 
0xeb, 0xd4, 0xa3, 0xff, 0xea, 0xd3, 0xa3, 0xff, 0xea, 0xd4, 0xa3, 0xff, 0xea, 0xd3, 0xa3, 0xff, 
0xea, 0xd4, 0xa3, 0xff, 0xeb, 0xd5, 0xa4, 0xff, 0xeb, 0xd4, 0xa3, 0xff, 0xeb, 0xd4, 0xa3, 0xff, 
0xeb, 0xd3, 0xa3, 0xff, 0xea, 0xd3, 0xa2, 0xff, 0xe9, 0xd4, 0xa3, 0xff, 0xea, 0xd3, 0xa3, 0xff, 
0xea, 0xd3, 0xa2, 0xff, 0xea, 0xd3, 0xa2, 0xff, 0xeb, 0xd3, 0xa3, 0xff, 0xe9, 0xd1, 0xa1, 0xff, 
0xe9, 0xd2, 0xa1, 0xff, 0xe9, 0xd1, 0xa1, 0xff, 0xe9, 0xd2, 0xa1, 0xff, 0xe9, 0xd3, 0xa2, 0xff, 
0xe9, 0xd2, 0xa1, 0xff, 0xe8, 0xd2, 0xa1, 0xff, 0xe8, 0xd1, 0xa0, 0xff, 0xe9, 0xd1, 0xa1, 0xff, 
0xe8, 0xd2, 0xa1, 0xff, 0xe9, 0xd1, 0xa1, 0xff, 0xe9, 0xd2, 0xa0, 0xff, 0xe9, 0xd2, 0xa1, 0xff, 
0xe9, 0xd3, 0xa1, 0xff, 0xe9, 0xd2, 0xa0, 0xff, 0xea, 0xd3, 0xa1, 0xff, 0xe9, 0xd3, 0xa1, 0xff, 
0xe9, 0xd3, 0xa2, 0xff, 0xea, 0xd3, 0xa2, 0xff, 0xe8, 0xd2, 0xa1, 0xff, 0xea, 0xd2, 0xa2, 0xff, 
0xeb, 0xd3, 0xa3, 0xff, 0xeb, 0xd4, 0xa3, 0xff, 0xea, 0xd4, 0xa3, 0xff, 0xe8, 0xd1, 0xa0, 0xff, 
0xe9, 0xd3, 0xa1, 0xff, 0xeb, 0xd4, 0xa4, 0xff, 0xeb, 0xd2, 0xa3, 0xff, 0xea, 0xd2, 0xa1, 0xff, 
0xe9, 0xd2, 0xa0, 0xff, 0xea, 0xd3, 0xa2, 0xff, 0xeb, 0xd4, 0xa2, 0xff, 0xeb, 0xd4, 0xa3, 0xff, 
0xeb, 0xd4, 0xa3, 0xff, 0xea, 0xd3, 0xa2, 0xff, 0xeb, 0xd3, 0xa2, 0xff, 0xeb, 0xd4, 0xa2, 0xff, 
0xea, 0xd3, 0xa2, 0xff, 0xec, 0xd5, 0xa4, 0xff, 0xed, 0xd7, 0xa6, 0xff, 0xeb, 0xd5, 0xa5, 0xff, 
0xed, 0xd7, 0xa5, 0xff, 0xee, 0xd8, 0xa8, 0xff, 0xee, 0xd8, 0xa8, 0xff, 0xee, 0xd8, 0xa9, 0xff, 
0xee, 0xd8, 0xa8, 0xff, 0xec, 0xd6, 0xa5, 0xff, 0xec, 0xd6, 0xa5, 0xff, 0xed, 0xd7, 0xa6, 0xff, 
0xee, 0xd7, 0xa7, 0xff, 0xed, 0xd7, 0xa6, 0xff, 0xed, 0xd6, 0xa6, 0xff, 0xec, 0xd5, 0xa5, 0xff, 
0xec, 0xd6, 0xa6, 0xff, 0xed, 0xd7, 0xa7, 0xff, 0xed, 0xd6, 0xa6, 0xff, 0xec, 0xd6, 0xa5, 0xff, 
0xec, 0xd6, 0xa5, 0xff, 0xec, 0xd6, 0xa6, 0xff, 0xeb, 0xd5, 0xa5, 0xff, 0xeb, 0xd5, 0xa4, 0xff, 
0xea, 0xd3, 0xa2, 0xff, 0xeb, 0xd3, 0xa3, 0xff, 0xea, 0xd3, 0xa2, 0xff, 0xe9, 0xd2, 0xa1, 0xff, 
0xea, 0xd2, 0xa2, 0xff, 0xea, 0xd2, 0xa1, 0xff, 0xe9, 0xd1, 0xa1, 0xff, 0xe9, 0xd2, 0xa1, 0xff, 
0xe8, 0xd1, 0xa0, 0xff, 0xe7, 0xd0, 0xa0, 0xff, 0xe8, 0xd0, 0xa0, 0xff, 0xe9, 0xd2, 0xa1, 0xff, 
0xe9, 0xd1, 0xa1, 0xff, 0xe9, 0xd1, 0xa1, 0xff, 0xe9, 0xd2, 0xa1, 0xff, 0xe9, 0xd2, 0xa1, 0xff, 
0xe8, 0xd1, 0xa1, 0xff, 0xe8, 0xd2, 0xa0, 0xff, 0xe9, 0xd3, 0xa1, 0xff, 0xea, 0xd3, 0xa1, 0xff, 
0xea, 0xd4, 0xa2, 0xff, 0xe8, 0xd2, 0xa1, 0xff, 0xe9, 0xd3, 0xa1, 0xff, 0xe9, 0xd3, 0xa2, 0xff, 
0xeb, 0xd4, 0xa4, 0xff, 0xec, 0xd4, 0xa5, 0xff, 0xeb, 0xd3, 0xa2, 0xff, 0xe9, 0xd3, 0xa1, 0xff, 
0xeb, 0xd4, 0xa2, 0xff, 0xeb, 0xd4, 0xa2, 0xff, 0xeb, 0xd5, 0xa3, 0xff, 0xea, 0xd4, 0xa3, 0xff, 
0xec, 0xd5, 0xa4, 0xff, 0xeb, 0xd4, 0xa4, 0xff, 0xeb, 0xd4, 0xa3, 0xff, 0xec, 0xd5, 0xa4, 0xff, 
0xec, 0xd5, 0xa5, 0xff, 0xed, 0xd5, 0xa5, 0xff, 0xea, 0xd4, 0xa3, 0xff, 0xec, 0xd5, 0xa3, 0xff, 
0xed, 0xd6, 0xa4, 0xff, 0xec, 0xd6, 0xa4, 0xff, 0xed, 0xd6, 0xa5, 0xff, 0xed, 0xd8, 0xa7, 0xff, 
0xee, 0xd8, 0xa7, 0xff, 0xee, 0xd8, 0xa8, 0xff, 0xee, 0xd8, 0xa8, 0xff, 0xef, 0xd9, 0xa9, 0xff, 
0xef, 0xd9, 0xa9, 0xff, 0xee, 0xd8, 0xa9, 0xff, 0xee, 0xd8, 0xa8, 0xff, 0xef, 0xd9, 0xa8, 0xff, 
0xee, 0xd8, 0xa8, 0xff, 0xee, 0xd8, 0xa8, 0xff, 0xee, 0xd8, 0xa7, 0xff, 0xee, 0xd9, 0xa8, 0xff, 
0xef, 0xd9, 0xa9, 0xff, 0xef, 0xd9, 0xaa, 0xff, 0xf0, 0xd9, 0xa9, 0xff, 0xee, 0xd8, 0xa8, 0xff, 
0xee, 0xd8, 0xa8, 0xff, 0xef, 0xd9, 0xaa, 0xff, 0xef, 0xd9, 0xa9, 0xff, 0xef, 0xd8, 0xa9, 0xff, 
0xee, 0xd8, 0xa9, 0xff, 0xed, 0xd7, 0xa7, 0xff, 0xee, 0xd8, 0xa8, 0xff, 0xee, 0xd8, 0xaa, 0xff, 
0xee, 0xd8, 0xa9, 0xff, 0xee, 0xd7, 0xa8, 0xff, 0xed, 0xd6, 0xa8, 0xff, 0xed, 0xd6, 0xa9, 0xff, 
0xec, 0xd6, 0xa7, 0xff, 0xec, 0xd6, 0xa7, 0xff, 0xec, 0xd6, 0xa5, 0xff, 0xec, 0xd6, 0xa5, 0xff, 
0xeb, 0xd5, 0xa5, 0xff, 0xeb, 0xd4, 0xa4, 0xff, 0xea, 0xd4, 0xa4, 0xff, 0xea, 0xd3, 0xa3, 0xff, 
0xea, 0xd4, 0xa3, 0xff, 0xe9, 0xd3, 0xa3, 0xff, 0xea, 0xd3, 0xa2, 0xff, 0xe9, 0xd1, 0xa1, 0xff, 
0xe9, 0xd2, 0xa1, 0xff, 0xe9, 0xd2, 0xa1, 0xff, 0xe9, 0xd2, 0xa1, 0xff, 0xe8, 0xd1, 0xa0, 0xff, 
0xe9, 0xd3, 0xa1, 0xff, 0xe9, 0xd3, 0xa0, 0xff, 0xea, 0xd4, 0xa2, 0xff, 0xea, 0xd3, 0xa2, 0xff, 
0xe9, 0xd2, 0xa0, 0xff, 0xea, 0xd3, 0xa1, 0xff, 0xeb, 0xd5, 0xa2, 0xff, 0xea, 0xd3, 0xa1, 0xff, 
0xea, 0xd4, 0xa2, 0xff, 0xeb, 0xd5, 0xa3, 0xff, 0xec, 0xd5, 0xa3, 0xff, 0xec, 0xd5, 0xa4, 0xff, 
0xed, 0xd5, 0xa5, 0xff, 0xed, 0xd7, 0xa5, 0xff, 0xee, 0xd8, 0xa8, 0xff, 0xee, 0xd8, 0xa8, 0xff, 
0xec, 0xd6, 0xa5, 0xff, 0xed, 0xd7, 0xa6, 0xff, 0xee, 0xd8, 0xa7, 0xff, 0xee, 0xd8, 0xa8, 0xff, 
0xee, 0xd8, 0xa9, 0xff, 0xee, 0xd8, 0xa9, 0xff, 0xef, 0xd9, 0xaa, 0xff, 0xef, 0xd8, 0xaa, 0xff, 
0xee, 0xd9, 0xa9, 0xff, 0xef, 0xd9, 0xa9, 0xff, 0xee, 0xd8, 0xa9, 0xff, 0xed, 0xd7, 0xa7, 0xff, 
0xed, 0xd7, 0xa7, 0xff, 0xed, 0xd7, 0xa7, 0xff, 0xec, 0xd6, 0xa6, 0xff, 0xec, 0xd6, 0xa6, 0xff, 
0xeb, 0xd5, 0xa5, 0xff, 0xec, 0xd6, 0xa6, 0xff, 0xec, 0xd6, 0xa6, 0xff, 0xec, 0xd6, 0xa5, 0xff, 
0xec, 0xd5, 0xa4, 0xff, 0xea, 0xd4, 0xa3, 0xff, 0xea, 0xd5, 0xa3, 0xff, 0xea, 0xd4, 0xa3, 0xff, 
0xeb, 0xd5, 0xa4, 0xff, 0xeb, 0xd3, 0xa2, 0xff, 0xea, 0xd4, 0xa3, 0xff, 0xea, 0xd3, 0xa2, 0xff, 
0xe9, 0xd2, 0xa2, 0xff, 0xea, 0xd2, 0xa2, 0xff, 0xe9, 0xd3, 0xa2, 0xff, 0xea, 0xd4, 0xa2, 0xff, 
0xe6, 0xd0, 0x9d, 0xff, 0xe5, 0xce, 0x9b, 0xff, 0xe4, 0xcf, 0x9c, 0xff, 0xe4, 0xcf, 0x9b, 0xff, 
0xe4, 0xcf, 0x9c, 0xff, 0xe5, 0xd0, 0x9c, 0xff, 0xe5, 0xd0, 0x9c, 0xff, 0xe5, 0xcf, 0x9b, 0xff, 
0xe5, 0xcf, 0x9b, 0xff, 0xe6, 0xd0, 0x9c, 0xff, 0xe5, 0xcf, 0x9c, 0xff, 0xe6, 0xd0, 0x9d, 0xff, 
0xe5, 0xd0, 0x9c, 0xff, 0xe5, 0xd0, 0x9d, 0xff, 0xe6, 0xd0, 0x9d, 0xff, 0xe4, 0xcf, 0x9b, 0xff, 
0xe4, 0xce, 0x9b, 0xff, 0xe5, 0xcf, 0x9c, 0xff, 0xe6, 0xd0, 0x9c, 0xff, 0xe4, 0xcf, 0x9b, 0xff, 
0xe5, 0xd0, 0x9c, 0xff, 0xe7, 0xd2, 0x9f, 0xff, 0xe7, 0xd1, 0x9f, 0xff, 0xe4, 0xce, 0x9c, 0xff, 
0xe3, 0xce, 0x9b, 0xff, 0xe4, 0xce, 0x9c, 0xff, 0xe6, 0xd0, 0x9e, 0xff, 0xe7, 0xd0, 0x9f, 0xff, 
0xe7, 0xd0, 0xa0, 0xff, 0xe6, 0xcf, 0x9d, 0xff, 0xe5, 0xcf, 0x9e, 0xff, 0xe6, 0xd0, 0x9e, 0xff, 
0xe6, 0xcf, 0x9d, 0xff, 0xe6, 0xd0, 0x9f, 0xff, 0xe6, 0xd0, 0x9f, 0xff, 0xe7, 0xd1, 0xa0, 0xff, 
0xe8, 0xd2, 0xa1, 0xff, 0xe6, 0xd0, 0x9e, 0xff, 0xe8, 0xd1, 0xa0, 0xff, 0xea, 0xd3, 0xa3, 0xff, 
0xe7, 0xd1, 0xa0, 0xff, 0xe7, 0xd1, 0xa0, 0xff, 0xe8, 0xd2, 0xa0, 0xff, 0xe6, 0xd1, 0x9f, 0xff, 
0xe7, 0xd1, 0xa0, 0xff, 0xe7, 0xd1, 0xa0, 0xff, 0xe7, 0xd1, 0x9f, 0xff, 0xe7, 0xd1, 0x9f, 0xff, 
0xe7, 0xd1, 0x9f, 0xff, 0xe7, 0xd1, 0x9f, 0xff, 0xe6, 0xd1, 0x9f, 0xff, 0xe7, 0xd1, 0xa0, 0xff, 
0xe6, 0xd0, 0x9f, 0xff, 0xe6, 0xd0, 0x9f, 0xff, 0xe6, 0xd0, 0x9e, 0xff, 0xe5, 0xce, 0x9d, 0xff, 
0xe4, 0xce, 0x9d, 0xff, 0xe5, 0xcf, 0x9d, 0xff, 0xe6, 0xd0, 0x9e, 0xff, 0xe6, 0xd0, 0x9d, 0xff, 
0xe5, 0xcf, 0x9c, 0xff, 0xe4, 0xce, 0x9b, 0xff, 0xe4, 0xcf, 0x9c, 0xff, 0xe5, 0xcf, 0x9c, 0xff, 
0xe4, 0xcf, 0x9b, 0xff, 0xe3, 0xcd, 0x9b, 0xff, 0xe4, 0xce, 0x9b, 0xff, 0xe4, 0xce, 0x9b, 0xff, 
0xe4, 0xcf, 0x9b, 0xff, 0xe4, 0xcf, 0x9b, 0xff, 0xe4, 0xcf, 0x9b, 0xff, 0xe4, 0xcf, 0x9b, 0xff, 
0xe4, 0xcf, 0x9b, 0xff, 0xe5, 0xce, 0x9b, 0xff, 0xe7, 0xcf, 0x9d, 0xff, 0xe6, 0xd0, 0x9d, 0xff, 
0xe6, 0xd0, 0x9c, 0xff, 0xe6, 0xd1, 0x9d, 0xff, 0xe5, 0xcf, 0x9c, 0xff, 0xe4, 0xce, 0x9a, 0xff, 
0xe6, 0xd0, 0x9d, 0xff, 0xe8, 0xd3, 0xa1, 0xff, 0xe6, 0xd0, 0x9e, 0xff, 0xe5, 0xcf, 0x9b, 0xff, 
0xe7, 0xd2, 0x9f, 0xff, 0xe9, 0xd3, 0xa2, 0xff, 0xe7, 0xd1, 0x9f, 0xff, 0xe7, 0xd1, 0x9f, 0xff, 
0xe7, 0xd1, 0x9f, 0xff, 0xe6, 0xd0, 0x9d, 0xff, 0xe6, 0xd0, 0x9e, 0xff, 0xe8, 0xd2, 0xa1, 0xff, 
0xe9, 0xd3, 0xa1, 0xff, 0xe9, 0xd3, 0xa2, 0xff, 0xe8, 0xd2, 0xa1, 0xff, 0xe8, 0xd1, 0xa0, 0xff, 
0xe8, 0xd3, 0xa1, 0xff, 0xea, 0xd4, 0xa3, 0xff, 0xea, 0xd4, 0xa3, 0xff, 0xec, 0xd6, 0xa5, 0xff, 
0xec, 0xd6, 0xa5, 0xff, 0xeb, 0xd5, 0xa4, 0xff, 0xec, 0xd6, 0xa6, 0xff, 0xeb, 0xd5, 0xa4, 0xff, 
0xeb, 0xd5, 0xa3, 0xff, 0xec, 0xd6, 0xa5, 0xff, 0xea, 0xd4, 0xa3, 0xff, 0xe9, 0xd3, 0xa2, 0xff, 
0xeb, 0xd5, 0xa3, 0xff, 0xea, 0xd4, 0xa3, 0xff, 0xe9, 0xd3, 0xa2, 0xff, 0xe8, 0xd2, 0xa1, 0xff, 
0xe9, 0xd3, 0xa1, 0xff, 0xe8, 0xd2, 0xa0, 0xff, 0xe8, 0xd3, 0xa1, 0xff, 0xe8, 0xd2, 0xa1, 0xff, 
0xe7, 0xd1, 0xa0, 0xff, 0xe8, 0xd2, 0xa0, 0xff, 0xe6, 0xd0, 0x9f, 0xff, 0xe5, 0xcf, 0x9e, 0xff, 
0xe5, 0xcf, 0x9e, 0xff, 0xe6, 0xd0, 0x9e, 0xff, 0xe6, 0xd0, 0x9e, 0xff, 0xe6, 0xd0, 0x9d, 0xff, 
0xe5, 0xcf, 0x9c, 0xff, 0xe5, 0xcf, 0x9c, 0xff, 0xe5, 0xcf, 0x9b, 0xff, 0xe4, 0xcf, 0x9c, 0xff, 
0xe3, 0xcd, 0x9a, 0xff, 0xe3, 0xce, 0x9b, 0xff, 0xe4, 0xce, 0x9a, 0xff, 0xe4, 0xcf, 0x9b, 0xff, 
0xe4, 0xcf, 0x9c, 0xff, 0xe4, 0xcf, 0x9b, 0xff, 0xe5, 0xcf, 0x9b, 0xff, 0xe4, 0xd0, 0x9c, 0xff, 
0xe5, 0xd0, 0x9c, 0xff, 0xe5, 0xd0, 0x9d, 0xff, 0xe6, 0xd1, 0x9d, 0xff, 0xe6, 0xcf, 0x9c, 0xff, 
0xe6, 0xd1, 0x9d, 0xff, 0xe7, 0xd1, 0x9d, 0xff, 0xe6, 0xd0, 0x9c, 0xff, 0xe6, 0xd0, 0x9c, 0xff, 
0xe8, 0xd3, 0x9f, 0xff, 0xe9, 0xd3, 0xa0, 0xff, 0xe8, 0xd2, 0x9e, 0xff, 0xe8, 0xd3, 0xa0, 0xff, 
0xe9, 0xd4, 0xa0, 0xff, 0xe7, 0xd2, 0x9e, 0xff, 0xe8, 0xd3, 0x9f, 0xff, 0xe9, 0xd4, 0xa1, 0xff, 
0xea, 0xd4, 0xa3, 0xff, 0xe9, 0xd3, 0xa2, 0xff, 0xe8, 0xd3, 0xa1, 0xff, 0xe8, 0xd2, 0xa0, 0xff, 
0xe9, 0xd3, 0xa1, 0xff, 0xea, 0xd5, 0xa3, 0xff, 0xeb, 0xd5, 0xa3, 0xff, 0xeb, 0xd5, 0xa3, 0xff, 
0xea, 0xd4, 0xa2, 0xff, 0xeb, 0xd5, 0xa3, 0xff, 0xeb, 0xd5, 0xa4, 0xff, 0xed, 0xd7, 0xa6, 0xff, 
0xec, 0xd6, 0xa4, 0xff, 0xed, 0xd7, 0xa5, 0xff, 0xef, 0xd9, 0xa9, 0xff, 0xed, 0xd7, 0xa6, 0xff, 
0xec, 0xd6, 0xa5, 0xff, 0xed, 0xd8, 0xa7, 0xff, 0xec, 0xd6, 0xa5, 0xff, 0xec, 0xd6, 0xa4, 0xff, 
0xed, 0xd6, 0xa5, 0xff, 0xec, 0xd7, 0xa5, 0xff, 0xed, 0xd7, 0xa5, 0xff, 0xed, 0xd7, 0xa5, 0xff, 
0xed, 0xd7, 0xa6, 0xff, 0xec, 0xd6, 0xa5, 0xff, 0xec, 0xd7, 0xa5, 0xff, 0xec, 0xd7, 0xa5, 0xff, 
0xec, 0xd6, 0xa5, 0xff, 0xeb, 0xd6, 0xa5, 0xff, 0xeb, 0xd5, 0xa4, 0xff, 0xeb, 0xd5, 0xa4, 0xff, 
0xeb, 0xd5, 0xa4, 0xff, 0xea, 0xd4, 0xa3, 0xff, 0xea, 0xd4, 0xa4, 0xff, 0xea, 0xd4, 0xa3, 0xff, 
0xea, 0xd4, 0xa2, 0xff, 0xea, 0xd4, 0xa2, 0xff, 0xe9, 0xd4, 0xa2, 0xff, 0xe9, 0xd4, 0xa3, 0xff, 
0xe8, 0xd3, 0xa1, 0xff, 0xe7, 0xd1, 0x9f, 0xff, 0xe7, 0xd1, 0x9f, 0xff, 0xe7, 0xd1, 0xa0, 0xff, 
0xe8, 0xd2, 0xa0, 0xff, 0xe8, 0xd2, 0xa0, 0xff, 0xe6, 0xd0, 0x9e, 0xff, 0xe5, 0xd0, 0x9d, 0xff, 
0xe6, 0xd0, 0x9d, 0xff, 0xe5, 0xd0, 0x9d, 0xff, 0xe4, 0xcf, 0x9c, 0xff, 0xe4, 0xcf, 0x9c, 0xff, 
0xe5, 0xd0, 0x9b, 0xff, 0xe5, 0xd0, 0x9c, 0xff, 0xe6, 0xd0, 0x9d, 0xff, 0xe5, 0xd0, 0x9c, 0xff, 
0xe4, 0xcf, 0x9b, 0xff, 0xe5, 0xd1, 0x9a, 0xff, 0xe7, 0xd1, 0x9d, 0xff, 0xe6, 0xd0, 0x9c, 0xff, 
0xe6, 0xcf, 0x9b, 0xff, 0xe8, 0xd3, 0x9f, 0xff, 0xe8, 0xd3, 0x9e, 0xff, 0xe6, 0xd1, 0x9b, 0xff, 
0xe8, 0xd3, 0x9f, 0xff, 0xea, 0xd4, 0xa1, 0xff, 0xea, 0xd4, 0xa2, 0xff, 0xea, 0xd5, 0xa3, 0xff, 
0xea, 0xd5, 0xa2, 0xff, 0xe9, 0xd3, 0xa2, 0xff, 0xeb, 0xd4, 0xa3, 0xff, 0xed, 0xd7, 0xa5, 0xff, 
0xed, 0xd7, 0xa6, 0xff, 0xed, 0xd7, 0xa6, 0xff, 0xec, 0xd6, 0xa4, 0xff, 0xec, 0xd6, 0xa4, 0xff, 
0xee, 0xd7, 0xa8, 0xff, 0xee, 0xd8, 0xa8, 0xff, 0xed, 0xd7, 0xa7, 0xff, 0xee, 0xd9, 0xab, 0xff, 
0xee, 0xd8, 0xaa, 0xff, 0xed, 0xd7, 0xa6, 0xff, 0xec, 0xd7, 0xa6, 0xff, 0xeb, 0xd5, 0xa5, 0xff, 
0xea, 0xd4, 0xa3, 0xff, 0xea, 0xd4, 0xa3, 0xff, 0xea, 0xd4, 0xa3, 0xff, 0xea, 0xd4, 0xa3, 0xff, 
0xe9, 0xd2, 0xa1, 0xff, 0xe9, 0xd2, 0xa1, 0xff, 0xe8, 0xd2, 0xa0, 0xff, 0xe8, 0xd2, 0xa0, 0xff, 
0xe8, 0xd2, 0xa1, 0xff, 0xe7, 0xd1, 0xa0, 0xff, 0xe7, 0xd1, 0xa0, 0xff, 0xe7, 0xd0, 0x9f, 0xff, 
0xe5, 0xce, 0x9d, 0xff, 0xe5, 0xcf, 0x9e, 0xff, 0xe6, 0xd0, 0x9e, 0xff, 0xe7, 0xd0, 0x9e, 0xff, 
0xe6, 0xd0, 0x9d, 0xff, 0xe5, 0xcf, 0x9c, 0xff, 0xe4, 0xcf, 0x9c, 0xff, 0xe6, 0xd0, 0x9c, 0xff, 
0xe3, 0xce, 0x99, 0xff, 0xe4, 0xcf, 0x99, 0xff, 0xe3, 0xce, 0x98, 0xff, 0xe2, 0xcd, 0x98, 0xff, 
0xe3, 0xce, 0x98, 0xff, 0xe2, 0xcd, 0x98, 0xff, 0xe2, 0xcd, 0x98, 0xff, 0xe3, 0xcf, 0x99, 0xff, 
0xe3, 0xce, 0x98, 0xff, 0xe3, 0xcd, 0x97, 0xff, 0xe3, 0xcd, 0x97, 0xff, 0xe3, 0xce, 0x99, 0xff, 
0xe4, 0xcf, 0x99, 0xff, 0xe4, 0xcf, 0x99, 0xff, 0xe5, 0xd0, 0x9a, 0xff, 0xe4, 0xcf, 0x9a, 0xff, 
0xe3, 0xcf, 0x99, 0xff, 0xe3, 0xce, 0x98, 0xff, 0xe2, 0xce, 0x98, 0xff, 0xe2, 0xcd, 0x98, 0xff, 
0xe4, 0xcf, 0x9a, 0xff, 0xe4, 0xce, 0x9a, 0xff, 0xe3, 0xce, 0x9a, 0xff, 0xe7, 0xd2, 0x9f, 0xff, 
0xe6, 0xd0, 0x9e, 0xff, 0xe3, 0xcd, 0x99, 0xff, 0xe3, 0xce, 0x9b, 0xff, 0xe5, 0xcf, 0x9c, 0xff, 
0xe5, 0xcf, 0x9d, 0xff, 0xe5, 0xcf, 0x9d, 0xff, 0xe5, 0xcf, 0x9d, 0xff, 0xe4, 0xce, 0x9c, 0xff, 
0xe5, 0xcf, 0x9d, 0xff, 0xe7, 0xd1, 0xa0, 0xff, 0xe7, 0xd0, 0x9f, 0xff, 0xe7, 0xd2, 0xa0, 0xff, 
0xea, 0xd6, 0xa4, 0xff, 0xea, 0xd4, 0xa3, 0xff, 0xe9, 0xd4, 0xa2, 0xff, 0xea, 0xd5, 0xa4, 0xff, 
0xe8, 0xd2, 0xa1, 0xff, 0xe7, 0xd1, 0xa0, 0xff, 0xe8, 0xd2, 0x9f, 0xff, 0xea, 0xd4, 0xa1, 0xff, 
0xe9, 0xd4, 0xa1, 0xff, 0xe9, 0xd3, 0xa1, 0xff, 0xe8, 0xd2, 0xa0, 0xff, 0xe7, 0xd1, 0x9f, 0xff, 
0xe7, 0xd1, 0x9f, 0xff, 0xe8, 0xd2, 0xa0, 0xff, 0xe6, 0xd0, 0x9f, 0xff, 0xe6, 0xd0, 0x9f, 0xff, 
0xe6, 0xd1, 0x9e, 0xff, 0xe6, 0xd1, 0x9d, 0xff, 0xe6, 0xd1, 0x9e, 0xff, 0xe5, 0xd0, 0x9c, 0xff, 
0xe4, 0xce, 0x9a, 0xff, 0xe3, 0xcd, 0x99, 0xff, 0xe3, 0xce, 0x99, 0xff, 0xe3, 0xce, 0x99, 0xff, 
0xe2, 0xce, 0x98, 0xff, 0xe4, 0xcf, 0x9a, 0xff, 0xe4, 0xcf, 0x9b, 0xff, 0xe3, 0xce, 0x98, 0xff, 
0xe3, 0xce, 0x99, 0xff, 0xe3, 0xce, 0x98, 0xff, 0xe1, 0xcc, 0x96, 0xff, 0xe1, 0xcc, 0x96, 0xff, 
0xe1, 0xcc, 0x96, 0xff, 0xe1, 0xcc, 0x96, 0xff, 0xe1, 0xcd, 0x96, 0xff, 0xe1, 0xcc, 0x96, 0xff, 
0xe1, 0xcd, 0x96, 0xff, 0xe1, 0xcc, 0x95, 0xff, 0xe2, 0xcc, 0x96, 0xff, 0xe4, 0xcd, 0x97, 0xff, 
0xe3, 0xcd, 0x97, 0xff, 0xe3, 0xce, 0x98, 0xff, 0xe3, 0xcf, 0x98, 0xff, 0xe4, 0xcf, 0x9a, 0xff, 
0xe5, 0xd0, 0x9b, 0xff, 0xe5, 0xd0, 0x9b, 0xff, 0xe3, 0xce, 0x98, 0xff, 0xe3, 0xce, 0x97, 0xff, 
0xe6, 0xd1, 0x9a, 0xff, 0xe4, 0xcf, 0x99, 0xff, 0xe4, 0xd0, 0x99, 0xff, 0xe4, 0xcf, 0x99, 0xff, 
0xe7, 0xd2, 0x9e, 0xff, 0xea, 0xd4, 0xa2, 0xff, 0xe6, 0xd0, 0x9e, 0xff, 0xe5, 0xd0, 0x9d, 0xff, 
0xe6, 0xd1, 0x9f, 0xff, 0xe8, 0xd3, 0x9f, 0xff, 0xe8, 0xd2, 0x9f, 0xff, 0xe8, 0xd3, 0xa1, 0xff, 
0xe9, 0xd3, 0xa1, 0xff, 0xea, 0xd3, 0xa1, 0xff, 0xeb, 0xd6, 0xa5, 0xff, 0xec, 0xd8, 0xa6, 0xff, 
0xef, 0xda, 0xaa, 0xff, 0xf1, 0xdc, 0xaf, 0xff, 0xee, 0xd9, 0xa9, 0xff, 0xec, 0xd8, 0xa5, 0xff, 
0xec, 0xd7, 0xa5, 0xff, 0xec, 0xd5, 0xa4, 0xff, 0xed, 0xd7, 0xa6, 0xff, 0xee, 0xd9, 0xa7, 0xff, 
0xec, 0xd6, 0xa5, 0xff, 0xeb, 0xd5, 0xa4, 0xff, 0xea, 0xd5, 0xa3, 0xff, 0xe8, 0xd3, 0xa1, 0xff, 
0xeb, 0xd4, 0xa4, 0xff, 0xea, 0xd3, 0xa2, 0xff, 0xe8, 0xd2, 0xa1, 0xff, 0xe8, 0xd2, 0xa1, 0xff, 
0xe8, 0xd2, 0x9f, 0xff, 0xe8, 0xd2, 0x9f, 0xff, 0xe6, 0xd0, 0x9d, 0xff, 0xe5, 0xcf, 0x9c, 0xff, 
0xe3, 0xce, 0x9a, 0xff, 0xe3, 0xcd, 0x9a, 0xff, 0xe3, 0xce, 0x9a, 0xff, 0xe4, 0xcf, 0x99, 0xff, 
0xe3, 0xce, 0x98, 0xff, 0xe4, 0xcf, 0x99, 0xff, 0xe3, 0xce, 0x99, 0xff, 0xe3, 0xce, 0x98, 0xff, 
0xe4, 0xcf, 0x99, 0xff, 0xe2, 0xcd, 0x97, 0xff, 0xe1, 0xcc, 0x96, 0xff, 0xe1, 0xcc, 0x97, 0xff, 
0xe2, 0xcd, 0x98, 0xff, 0xe3, 0xce, 0x98, 0xff, 0xe3, 0xce, 0x98, 0xff, 0xe3, 0xce, 0x98, 0xff, 
0xe3, 0xce, 0x97, 0xff, 0xe3, 0xce, 0x98, 0xff, 0xe4, 0xd0, 0x99, 0xff, 0xe5, 0xcf, 0x99, 0xff, 
0xe4, 0xce, 0x98, 0xff, 0xe5, 0xd0, 0x99, 0xff, 0xe7, 0xd2, 0x9b, 0xff, 0xe7, 0xd2, 0x9b, 0xff, 
0xe8, 0xd2, 0x9c, 0xff, 0xe7, 0xd2, 0x9d, 0xff, 0xe6, 0xd0, 0x9a, 0xff, 0xe9, 0xd4, 0x9e, 0xff, 
0xe8, 0xd3, 0x9d, 0xff, 0xe6, 0xd1, 0x99, 0xff, 0xe6, 0xd1, 0x99, 0xff, 0xe8, 0xd4, 0x9c, 0xff, 
0xe9, 0xd4, 0x9e, 0xff, 0xea, 0xd4, 0xa0, 0xff, 0xeb, 0xd7, 0xa4, 0xff, 0xea, 0xd5, 0xa3, 0xff, 
0xe8, 0xd2, 0xa0, 0xff, 0xea, 0xd4, 0xa1, 0xff, 0xe9, 0xd4, 0xa1, 0xff, 0xea, 0xd4, 0xa2, 0xff, 
0xeb, 0xd6, 0xa3, 0xff, 0xec, 0xd6, 0xa4, 0xff, 0xeb, 0xd5, 0xa3, 0xff, 0xed, 0xd8, 0xa8, 0xff, 
0xf1, 0xdc, 0xad, 0xff, 0xef, 0xd9, 0xa8, 0xff, 0xf0, 0xda, 0xac, 0xff, 0xee, 0xda, 0xab, 0xff, 
0xed, 0xd8, 0xa6, 0xff, 0xef, 0xda, 0xa8, 0xff, 0xf0, 0xdb, 0xab, 0xff, 0xee, 0xd9, 0xa7, 0xff, 
0xee, 0xd9, 0xa7, 0xff, 0xed, 0xd8, 0xa7, 0xff, 0xed, 0xd8, 0xa6, 0xff, 0xee, 0xda, 0xa8, 0xff, 
0xef, 0xda, 0xa9, 0xff, 0xed, 0xd8, 0xa6, 0xff, 0xed, 0xd7, 0xa6, 0xff, 0xed, 0xd7, 0xa6, 0xff, 
0xee, 0xd8, 0xa7, 0xff, 0xef, 0xd9, 0xa7, 0xff, 0xed, 0xd7, 0xa6, 0xff, 0xec, 0xd7, 0xa5, 0xff, 
0xeb, 0xd6, 0xa5, 0xff, 0xe9, 0xd5, 0xa3, 0xff, 0xeb, 0xd6, 0xa5, 0xff, 0xeb, 0xd6, 0xa4, 0xff, 
0xe8, 0xd4, 0xa2, 0xff, 0xe9, 0xd5, 0xa3, 0xff, 0xe9, 0xd5, 0xa2, 0xff, 0xe8, 0xd5, 0xa2, 0xff, 
0xe8, 0xd4, 0xa1, 0xff, 0xe6, 0xd1, 0x9e, 0xff, 0xe4, 0xcf, 0x9d, 0xff, 0xe4, 0xcf, 0x9d, 0xff, 
0xe5, 0xcf, 0x9d, 0xff, 0xe4, 0xcf, 0x9c, 0xff, 0xe4, 0xcf, 0x9b, 0xff, 0xe5, 0xd0, 0x9b, 0xff, 
0xe5, 0xd0, 0x9b, 0xff, 0xe4, 0xcf, 0x9a, 0xff, 0xe4, 0xcf, 0x99, 0xff, 0xe3, 0xce, 0x98, 0xff, 
0xe2, 0xcd, 0x96, 0xff, 0xe2, 0xcd, 0x96, 0xff, 0xe2, 0xcd, 0x97, 0xff, 0xe3, 0xce, 0x98, 0xff, 
0xe3, 0xcf, 0x97, 0xff, 0xe4, 0xcf, 0x97, 0xff, 0xe5, 0xd0, 0x97, 0xff, 0xe4, 0xce, 0x96, 0xff, 
0xe5, 0xcf, 0x98, 0xff, 0xe7, 0xd2, 0x9b, 0xff, 0xe5, 0xd0, 0x98, 0xff, 0xe4, 0xcf, 0x97, 0xff, 
0xe6, 0xd2, 0x99, 0xff, 0xe9, 0xd4, 0x9c, 0xff, 0xe9, 0xd4, 0x9e, 0xff, 0xeb, 0xd7, 0xa3, 0xff, 
0xed, 0xd9, 0xa8, 0xff, 0xea, 0xd5, 0xa3, 0xff, 0xe8, 0xd3, 0xa0, 0xff, 0xea, 0xd6, 0xa3, 0xff, 
0xec, 0xd7, 0xa4, 0xff, 0xec, 0xd7, 0xa5, 0xff, 0xed, 0xd8, 0xa6, 0xff, 0xed, 0xd7, 0xa6, 0xff, 
0xed, 0xd8, 0xa5, 0xff, 0xef, 0xdc, 0xae, 0xff, 0xf0, 0xdc, 0xb1, 0xff, 0xee, 0xda, 0xab, 0xff, 
0xef, 0xda, 0xae, 0xff, 0xee, 0xd9, 0xaa, 0xff, 0xed, 0xd7, 0xa6, 0xff, 0xef, 0xda, 0xaa, 0xff, 
0xef, 0xda, 0xa9, 0xff, 0xec, 0xd8, 0xa6, 0xff, 0xec, 0xd7, 0xa6, 0xff, 0xea, 0xd6, 0xa4, 0xff, 
0xe8, 0xd3, 0xa1, 0xff, 0xea, 0xd5, 0xa3, 0xff, 0xea, 0xd4, 0xa3, 0xff, 0xe8, 0xd2, 0xa1, 0xff, 
0xe9, 0xd3, 0xa1, 0xff, 0xe8, 0xd2, 0xa0, 0xff, 0xe7, 0xd2, 0xa0, 0xff, 0xe7, 0xd1, 0x9f, 0xff, 
0xe6, 0xd0, 0x9d, 0xff, 0xe3, 0xce, 0x9a, 0xff, 0xe3, 0xce, 0x99, 0xff, 0xe4, 0xcf, 0x9a, 0xff, 
0xe4, 0xcf, 0x99, 0xff, 0xe3, 0xce, 0x99, 0xff, 0xe5, 0xd0, 0x9b, 0xff, 0xe4, 0xd0, 0x9a, 0xff, 
0xe1, 0xcc, 0x96, 0xff, 0xe5, 0xcf, 0x97, 0xff, 0xe3, 0xce, 0x96, 0xff, 0xe1, 0xcc, 0x95, 0xff, 
0xe1, 0xcb, 0x95, 0xff, 0xe1, 0xcb, 0x95, 0xff, 0xe2, 0xcd, 0x96, 0xff, 0xe3, 0xcf, 0x99, 0xff, 
0xe3, 0xce, 0x99, 0xff, 0xe0, 0xcc, 0x95, 0xff, 0xe0, 0xcb, 0x93, 0xff, 0xe1, 0xcc, 0x95, 0xff, 
0xe2, 0xcd, 0x95, 0xff, 0xe2, 0xcd, 0x95, 0xff, 0xe1, 0xcc, 0x95, 0xff, 0xe3, 0xce, 0x98, 0xff, 
0xe3, 0xce, 0x97, 0xff, 0xe1, 0xcc, 0x95, 0xff, 0xe1, 0xcc, 0x95, 0xff, 0xe2, 0xcd, 0x97, 0xff, 
0xe0, 0xcc, 0x95, 0xff, 0xe1, 0xcb, 0x93, 0xff, 0xe0, 0xcb, 0x93, 0xff, 0xe3, 0xce, 0x98, 0xff, 
0xe7, 0xd3, 0xa1, 0xff, 0xe4, 0xcf, 0x9c, 0xff, 0xe1, 0xcc, 0x98, 0xff, 0xe1, 0xcd, 0x97, 0xff, 
0xe1, 0xcc, 0x97, 0xff, 0xe3, 0xce, 0x98, 0xff, 0xe2, 0xcd, 0x98, 0xff, 0xe2, 0xcd, 0x98, 0xff, 
0xe3, 0xcd, 0x98, 0xff, 0xe3, 0xce, 0x9b, 0xff, 0xe4, 0xcf, 0x9c, 0xff, 0xe4, 0xce, 0x9b, 0xff, 
0xe4, 0xcf, 0x9d, 0xff, 0xe6, 0xd1, 0x9f, 0xff, 0xe7, 0xd3, 0xa1, 0xff, 0xe7, 0xd4, 0xa1, 0xff, 
0xe8, 0xd2, 0xa1, 0xff, 0xe4, 0xce, 0x9c, 0xff, 0xe3, 0xcd, 0x9b, 0xff, 0xe5, 0xcf, 0x9d, 0xff, 
0xe7, 0xd2, 0x9e, 0xff, 0xe6, 0xd1, 0x9d, 0xff, 0xe8, 0xd3, 0x9e, 0xff, 0xe7, 0xd1, 0x9e, 0xff, 
0xe5, 0xcf, 0x9c, 0xff, 0xe4, 0xce, 0x9c, 0xff, 0xe5, 0xcf, 0x9d, 0xff, 0xe5, 0xd0, 0x9c, 0xff, 
0xe7, 0xd1, 0x9e, 0xff, 0xe4, 0xcf, 0x9a, 0xff, 0xe3, 0xce, 0x98, 0xff, 0xe5, 0xd0, 0x9a, 0xff, 
0xe4, 0xcf, 0x99, 0xff, 0xe1, 0xcc, 0x97, 0xff, 0xe2, 0xcd, 0x98, 0xff, 0xe1, 0xcc, 0x97, 0xff, 
0xe1, 0xcc, 0x97, 0xff, 0xe1, 0xcc, 0x96, 0xff, 0xe1, 0xcd, 0x97, 0xff, 0xe0, 0xcc, 0x95, 0xff, 
0xe2, 0xcc, 0x95, 0xff, 0xe3, 0xce, 0x94, 0xff, 0xe0, 0xcb, 0x93, 0xff, 0xde, 0xc9, 0x91, 0xff, 
0xdd, 0xc8, 0x90, 0xff, 0xde, 0xc9, 0x91, 0xff, 0xdf, 0xca, 0x93, 0xff, 0xe0, 0xcb, 0x94, 0xff, 
0xde, 0xc9, 0x91, 0xff, 0xdd, 0xc8, 0x91, 0xff, 0xdf, 0xca, 0x93, 0xff, 0xdf, 0xca, 0x91, 0xff, 
0xde, 0xca, 0x90, 0xff, 0xdf, 0xc9, 0x90, 0xff, 0xe0, 0xca, 0x92, 0xff, 0xe1, 0xcc, 0x95, 0xff, 
0xe4, 0xcf, 0x9b, 0xff, 0xe3, 0xce, 0x9a, 0xff, 0xe1, 0xcc, 0x94, 0xff, 0xe0, 0xcc, 0x93, 0xff, 
0xe2, 0xcd, 0x95, 0xff, 0xe2, 0xcd, 0x95, 0xff, 0xe0, 0xcb, 0x93, 0xff, 0xe1, 0xcc, 0x93, 0xff, 
0xe2, 0xcd, 0x95, 0xff, 0xe8, 0xd4, 0x9f, 0xff, 0xe8, 0xd4, 0xa2, 0xff, 0xe5, 0xcf, 0x9b, 0xff, 
0xe3, 0xcf, 0x99, 0xff, 0xe3, 0xcf, 0x99, 0xff, 0xe4, 0xd0, 0x9a, 0xff, 0xe5, 0xd1, 0x9b, 0xff, 
0xe6, 0xd1, 0x9c, 0xff, 0xe6, 0xd1, 0x9b, 0xff, 0xe8, 0xd2, 0x9f, 0xff, 0xe8, 0xd3, 0xa1, 0xff, 
0xe9, 0xd5, 0xa2, 0xff, 0xed, 0xd9, 0xa9, 0xff, 0xed, 0xd9, 0xa9, 0xff, 0xec, 0xd9, 0xa7, 0xff, 
0xeb, 0xd7, 0xa5, 0xff, 0xe6, 0xd1, 0x9f, 0xff, 0xe8, 0xd2, 0xa0, 0xff, 0xeb, 0xd5, 0xa3, 0xff, 
0xe9, 0xd4, 0xa1, 0xff, 0xea, 0xd4, 0xa1, 0xff, 0xeb, 0xd5, 0xa3, 0xff, 0xe8, 0xd3, 0xa1, 0xff, 
0xe6, 0xd2, 0xa0, 0xff, 0xe6, 0xd1, 0x9f, 0xff, 0xe6, 0xd1, 0x9e, 0xff, 0xe7, 0xd1, 0x9f, 0xff, 
0xe7, 0xd1, 0x9e, 0xff, 0xe4, 0xcf, 0x9a, 0xff, 0xe5, 0xd0, 0x9a, 0xff, 0xe5, 0xd1, 0x9b, 0xff, 
0xe2, 0xce, 0x98, 0xff, 0xe2, 0xcd, 0x98, 0xff, 0xe2, 0xcd, 0x99, 0xff, 0xe0, 0xcb, 0x97, 0xff, 
0xe1, 0xcc, 0x97, 0xff, 0xe1, 0xcc, 0x97, 0xff, 0xe0, 0xcc, 0x97, 0xff, 0xe1, 0xcc, 0x97, 0xff, 
0xe3, 0xce, 0x96, 0xff, 0xe2, 0xcd, 0x96, 0xff, 0xdf, 0xca, 0x94, 0xff, 0xde, 0xc9, 0x92, 0xff, 
0xde, 0xc9, 0x92, 0xff, 0xe0, 0xcb, 0x95, 0xff, 0xe2, 0xcd, 0x9a, 0xff, 0xe1, 0xcc, 0x97, 0xff, 
0xdf, 0xcb, 0x92, 0xff, 0xe0, 0xcb, 0x93, 0xff, 0xe1, 0xcc, 0x95, 0xff, 0xe1, 0xcd, 0x96, 0xff, 
0xe1, 0xcb, 0x95, 0xff, 0xe1, 0xcb, 0x93, 0xff, 0xe3, 0xce, 0x95, 0xff, 0xe3, 0xce, 0x97, 0xff, 
0xe4, 0xce, 0x97, 0xff, 0xe6, 0xd1, 0x9c, 0xff, 0xe8, 0xd4, 0xa0, 0xff, 0xe6, 0xd1, 0x9b, 0xff, 
0xe4, 0xcf, 0x97, 0xff, 0xe4, 0xce, 0x97, 0xff, 0xe5, 0xcf, 0x98, 0xff, 0xe4, 0xcf, 0x96, 0xff, 
0xe5, 0xd0, 0x97, 0xff, 0xe5, 0xd0, 0x98, 0xff, 0xe7, 0xd3, 0x9d, 0xff, 0xeb, 0xd7, 0xa5, 0xff, 
0xe9, 0xd4, 0xa2, 0xff, 0xe6, 0xd1, 0x9d, 0xff, 0xe5, 0xd1, 0x9c, 0xff, 0xe6, 0xd1, 0x9d, 0xff, 
0xe8, 0xd3, 0x9f, 0xff, 0xe8, 0xd3, 0x9f, 0xff, 0xe8, 0xd2, 0x9e, 0xff, 0xe8, 0xd3, 0xa0, 0xff, 
0xec, 0xd8, 0xa6, 0xff, 0xee, 0xd9, 0xa8, 0xff, 0xee, 0xda, 0xa9, 0xff, 0xef, 0xdb, 0xac, 0xff, 
0xec, 0xd8, 0xa6, 0xff, 0xea, 0xd7, 0xa4, 0xff, 0xec, 0xd9, 0xa7, 0xff, 0xec, 0xd9, 0xa6, 0xff, 
0xec, 0xd7, 0xa4, 0xff, 0xee, 0xd7, 0xa6, 0xff, 0xed, 0xd8, 0xa6, 0xff, 0xec, 0xd9, 0xa6, 0xff, 
0xec, 0xd9, 0xa7, 0xff, 0xed, 0xd9, 0xa7, 0xff, 0xed, 0xd8, 0xa7, 0xff, 0xeb, 0xd6, 0xa4, 0xff, 
0xea, 0xd5, 0xa3, 0xff, 0xeb, 0xd6, 0xa5, 0xff, 0xeb, 0xd6, 0xa4, 0xff, 0xeb, 0xd6, 0xa3, 0xff, 
0xec, 0xd6, 0xa5, 0xff, 0xe9, 0xd5, 0xa3, 0xff, 0xe8, 0xd5, 0xa2, 0xff, 0xe8, 0xd4, 0xa2, 0xff, 
0xe8, 0xd4, 0xa1, 0xff, 0xe8, 0xd4, 0xa2, 0xff, 0xe8, 0xd4, 0xa1, 0xff, 0xe5, 0xd1, 0x9e, 0xff, 
0xe6, 0xd2, 0x9f, 0xff, 0xe7, 0xd1, 0x9f, 0xff, 0xe4, 0xce, 0x9b, 0xff, 0xe3, 0xcf, 0x9c, 0xff, 
0xe2, 0xcf, 0x9b, 0xff, 0xe1, 0xcd, 0x97, 0xff, 0xe1, 0xcd, 0x98, 0xff, 0xe2, 0xce, 0x98, 0xff, 
0xe2, 0xcd, 0x98, 0xff, 0xe1, 0xcc, 0x97, 0xff, 0xe3, 0xce, 0x97, 0xff, 0xe3, 0xce, 0x96, 0xff, 
0xe1, 0xcc, 0x95, 0xff, 0xe0, 0xcb, 0x93, 0xff, 0xdf, 0xca, 0x91, 0xff, 0xe0, 0xcc, 0x92, 0xff, 
0xe2, 0xcd, 0x95, 0xff, 0xe2, 0xcd, 0x94, 0xff, 0xe1, 0xcc, 0x92, 0xff, 0xe3, 0xce, 0x95, 0xff, 
0xe4, 0xcf, 0x98, 0xff, 0xe2, 0xcd, 0x94, 0xff, 0xe2, 0xcd, 0x93, 0xff, 0xe3, 0xce, 0x94, 0xff, 
0xe4, 0xcf, 0x96, 0xff, 0xe4, 0xcf, 0x96, 0xff, 0xe5, 0xd0, 0x96, 0xff, 0xe5, 0xd1, 0x98, 0xff, 
0xeb, 0xd7, 0xa3, 0xff, 0xee, 0xda, 0xa8, 0xff, 0xea, 0xd6, 0xa4, 0xff, 0xe7, 0xd4, 0xa0, 0xff, 
0xe7, 0xd2, 0xa0, 0xff, 0xe7, 0xd3, 0xa0, 0xff, 0xe9, 0xd5, 0xa2, 0xff, 0xea, 0xd5, 0xa2, 0xff, 
0xe8, 0xd4, 0xa0, 0xff, 0xea, 0xd7, 0xa4, 0xff, 0xee, 0xda, 0xac, 0xff, 0xee, 0xd9, 0xa9, 0xff, 
0xed, 0xd9, 0xa9, 0xff, 0xed, 0xd9, 0xaa, 0xff, 0xe9, 0xd5, 0xa2, 0xff, 0xe9, 0xd6, 0xa3, 0xff, 
0xec, 0xd8, 0xa6, 0xff, 0xeb, 0xd6, 0xa4, 0xff, 0xeb, 0xd5, 0xa4, 0xff, 0xec, 0xd6, 0xa5, 0xff, 
0xe8, 0xd3, 0xa1, 0xff, 0xe7, 0xd3, 0xa0, 0xff, 0xe7, 0xd2, 0xa1, 0xff, 0xe7, 0xd1, 0xa0, 0xff, 
0xe8, 0xd2, 0xa0, 0xff, 0xe8, 0xd2, 0x9f, 0xff, 0xe4, 0xd0, 0x9b, 0xff, 0xe5, 0xd1, 0x9b, 0xff, 
0xe6, 0xd2, 0x9c, 0xff, 0xe3, 0xcf, 0x98, 0xff, 0xe2, 0xcd, 0x99, 0xff, 0xe3, 0xcd, 0x99, 0xff, 
0xe2, 0xcd, 0x97, 0xff, 0xe2, 0xcd, 0x98, 0xff, 0xe2, 0xce, 0x98, 0xff, 0xe2, 0xcd, 0x98, 0xff, 
0xdd, 0xc8, 0x93, 0xff, 0xdd, 0xc8, 0x92, 0xff, 0xde, 0xc8, 0x93, 0xff, 0xdd, 0xc8, 0x93, 0xff, 
0xdd, 0xc9, 0x93, 0xff, 0xdd, 0xc8, 0x93, 0xff, 0xdd, 0xc8, 0x93, 0xff, 0xdf, 0xca, 0x95, 0xff, 
0xe0, 0xcb, 0x96, 0xff, 0xdf, 0xca, 0x94, 0xff, 0xde, 0xc9, 0x93, 0xff, 0xdf, 0xc9, 0x94, 0xff, 
0xde, 0xc9, 0x93, 0xff, 0xde, 0xc9, 0x92, 0xff, 0xdd, 0xc8, 0x92, 0xff, 0xdf, 0xca, 0x95, 0xff, 
0xdf, 0xcb, 0x95, 0xff, 0xde, 0xc9, 0x94, 0xff, 0xdf, 0xca, 0x94, 0xff, 0xdf, 0xca, 0x95, 0xff, 
0xe0, 0xcb, 0x96, 0xff, 0xdf, 0xca, 0x94, 0xff, 0xdd, 0xc8, 0x93, 0xff, 0xe0, 0xcb, 0x97, 0xff, 
0xe0, 0xcb, 0x97, 0xff, 0xde, 0xcb, 0x97, 0xff, 0xdf, 0xcb, 0x96, 0xff, 0xdd, 0xc9, 0x93, 0xff, 
0xde, 0xca, 0x96, 0xff, 0xdd, 0xc9, 0x94, 0xff, 0xdd, 0xc9, 0x94, 0xff, 0xde, 0xca, 0x96, 0xff, 
0xdd, 0xc9, 0x94, 0xff, 0xdc, 0xc8, 0x94, 0xff, 0xdc, 0xc8, 0x95, 0xff, 0xdd, 0xc9, 0x96, 0xff, 
0xdc, 0xc8, 0x95, 0xff, 0xdc, 0xc8, 0x95, 0xff, 0xde, 0xc9, 0x96, 0xff, 0xdf, 0xcb, 0x98, 0xff, 
0xe2, 0xcd, 0x9b, 0xff, 0xde, 0xc9, 0x96, 0xff, 0xdd, 0xc9, 0x96, 0xff, 0xdd, 0xc9, 0x96, 0xff, 
0xdd, 0xc8, 0x96, 0xff, 0xde, 0xc9, 0x95, 0xff, 0xdf, 0xca, 0x96, 0xff, 0xdf, 0xcb, 0x95, 0xff, 
0xde, 0xc9, 0x96, 0xff, 0xdc, 0xc8, 0x95, 0xff, 0xde, 0xca, 0x97, 0xff, 0xdd, 0xc9, 0x95, 0xff, 
0xdd, 0xc9, 0x94, 0xff, 0xdc, 0xc8, 0x94, 0xff, 0xdc, 0xc7, 0x93, 0xff, 0xdf, 0xca, 0x95, 0xff, 
0xde, 0xc9, 0x94, 0xff, 0xdd, 0xc8, 0x93, 0xff, 0xdd, 0xc8, 0x93, 0xff, 0xdb, 0xc6, 0x91, 0xff, 
0xdc, 0xc7, 0x92, 0xff, 0xdb, 0xc7, 0x91, 0xff, 0xda, 0xc6, 0x91, 0xff, 0xdc, 0xc7, 0x92, 0xff, 
0xdc, 0xc7, 0x92, 0xff, 0xdc, 0xc7, 0x91, 0xff, 0xdd, 0xc8, 0x92, 0xff, 0xdc, 0xc7, 0x91, 0xff, 
0xdc, 0xc7, 0x90, 0xff, 0xdb, 0xc6, 0x90, 0xff, 0xdb, 0xc7, 0x92, 0xff, 0xdd, 0xc9, 0x93, 0xff, 
0xde, 0xc9, 0x92, 0xff, 0xe0, 0xcb, 0x94, 0xff, 0xdc, 0xc7, 0x91, 0xff, 0xde, 0xc9, 0x94, 0xff, 
0xde, 0xc9, 0x94, 0xff, 0xdd, 0xc9, 0x92, 0xff, 0xde, 0xc9, 0x92, 0xff, 0xde, 0xc9, 0x91, 0xff, 
0xdf, 0xcc, 0x97, 0xff, 0xe0, 0xcb, 0x98, 0xff, 0xdf, 0xca, 0x94, 0xff, 0xe1, 0xcc, 0x96, 0xff, 
0xe3, 0xce, 0x98, 0xff, 0xe0, 0xcb, 0x98, 0xff, 0xe0, 0xcb, 0x96, 0xff, 0xe0, 0xcb, 0x96, 0xff, 
0xe1, 0xcc, 0x98, 0xff, 0xe3, 0xcd, 0x98, 0xff, 0xe1, 0xce, 0x99, 0xff, 0xe3, 0xce, 0x9b, 0xff, 
0xe1, 0xcd, 0x98, 0xff, 0xe0, 0xcc, 0x96, 0xff, 0xe1, 0xcc, 0x98, 0xff, 0xdf, 0xcb, 0x96, 0xff, 
0xe1, 0xcd, 0x99, 0xff, 0xe3, 0xce, 0x9b, 0xff, 0xe3, 0xcd, 0x9a, 0xff, 0xe2, 0xcd, 0x99, 0xff, 
0xe3, 0xcf, 0x9d, 0xff, 0xe4, 0xce, 0x9c, 0xff, 0xe4, 0xce, 0x9c, 0xff, 0xe5, 0xd1, 0x9f, 0xff, 
0xe4, 0xcf, 0x9d, 0xff, 0xe3, 0xcd, 0x9b, 0xff, 0xe2, 0xcd, 0x9a, 0xff, 0xe1, 0xcb, 0x99, 0xff, 
0xe2, 0xcd, 0x9b, 0xff, 0xe3, 0xcc, 0x9a, 0xff, 0xe3, 0xcd, 0x9a, 0xff, 0xe2, 0xcc, 0x9a, 0xff, 
0xdf, 0xcb, 0x98, 0xff, 0xdf, 0xca, 0x96, 0xff, 0xdf, 0xcb, 0x98, 0xff, 0xdf, 0xca, 0x97, 0xff, 
0xe0, 0xca, 0x97, 0xff, 0xdd, 0xc9, 0x93, 0xff, 0xdd, 0xc9, 0x94, 0xff, 0xdf, 0xcb, 0x96, 0xff, 
0xdb, 0xc7, 0x93, 0xff, 0xdd, 0xc9, 0x94, 0xff, 0xdb, 0xc8, 0x93, 0xff, 0xdb, 0xc7, 0x92, 0xff, 
0xdc, 0xc8, 0x92, 0xff, 0xda, 0xc6, 0x92, 0xff, 0xdb, 0xc7, 0x92, 0xff, 0xdc, 0xc7, 0x92, 0xff, 
0xdc, 0xc7, 0x92, 0xff, 0xdd, 0xc8, 0x92, 0xff, 0xdd, 0xc8, 0x93, 0xff, 0xdc, 0xc8, 0x92, 0xff, 
0xdd, 0xc8, 0x92, 0xff, 0xdd, 0xc8, 0x93, 0xff, 0xdf, 0xca, 0x97, 0xff, 0xdf, 0xca, 0x95, 0xff, 
0xe1, 0xcc, 0x97, 0xff, 0xe0, 0xcb, 0x96, 0xff, 0xe0, 0xcc, 0x96, 0xff, 0xe2, 0xce, 0x99, 0xff, 
0xe1, 0xcd, 0x97, 0xff, 0xe2, 0xcd, 0x97, 0xff, 0xe1, 0xcc, 0x97, 0xff, 0xe2, 0xcd, 0x97, 0xff, 
0xe1, 0xcc, 0x96, 0xff, 0xe4, 0xcf, 0x9a, 0xff, 0xe7, 0xd2, 0x9f, 0xff, 0xe7, 0xd2, 0x9d, 0xff, 
0xe5, 0xd0, 0x9a, 0xff, 0xe3, 0xce, 0x98, 0xff, 0xe5, 0xd0, 0x9b, 0xff, 0xe6, 0xd1, 0x9d, 0xff, 
0xe5, 0xd0, 0x99, 0xff, 0xe3, 0xce, 0x98, 0xff, 0xe5, 0xd1, 0x9b, 0xff, 0xe5, 0xd1, 0x9c, 0xff, 
0xe6, 0xd2, 0x9d, 0xff, 0xe5, 0xd1, 0x9d, 0xff, 0xe4, 0xcf, 0x9a, 0xff, 0xe4, 0xcf, 0x9a, 0xff, 
0xe3, 0xcd, 0x99, 0xff, 0xe3, 0xcd, 0x9b, 0xff, 0xe5, 0xd0, 0x9d, 0xff, 0xe5, 0xcf, 0x9d, 0xff, 
0xe3, 0xce, 0x9b, 0xff, 0xe5, 0xd0, 0x9d, 0xff, 0xe7, 0xd3, 0xa1, 0xff, 0xe8, 0xd3, 0xa2, 0xff, 
0xe5, 0xd1, 0x9e, 0xff, 0xe5, 0xd1, 0x9f, 0xff, 0xe6, 0xd0, 0x9e, 0xff, 0xe5, 0xd0, 0x9e, 0xff, 
0xe5, 0xcf, 0x9d, 0xff, 0xe7, 0xd1, 0x9e, 0xff, 0xe8, 0xd2, 0xa0, 0xff, 0xe5, 0xd1, 0x9e, 0xff, 
0xe5, 0xd0, 0x9e, 0xff, 0xe6, 0xd2, 0x9e, 0xff, 0xe5, 0xd1, 0x9e, 0xff, 0xe5, 0xd1, 0x9e, 0xff, 
0xe4, 0xd1, 0x9d, 0xff, 0xe3, 0xcf, 0x9c, 0xff, 0xe4, 0xd1, 0x9d, 0xff, 0xe3, 0xd0, 0x9d, 0xff, 
0xe5, 0xd0, 0x9d, 0xff, 0xe4, 0xcf, 0x9d, 0xff, 0xe0, 0xcd, 0x9a, 0xff, 0xe0, 0xcd, 0x9a, 0xff, 
0xe2, 0xce, 0x9b, 0xff, 0xe1, 0xcd, 0x9a, 0xff, 0xe1, 0xcd, 0x9a, 0xff, 0xdf, 0xcb, 0x98, 0xff, 
0xdf, 0xcb, 0x98, 0xff, 0xe0, 0xcc, 0x99, 0xff, 0xdd, 0xc9, 0x96, 0xff, 0xde, 0xcb, 0x97, 0xff, 
0xdd, 0xca, 0x96, 0xff, 0xdc, 0xc9, 0x95, 0xff, 0xdd, 0xc9, 0x94, 0xff, 0xdc, 0xc8, 0x93, 0xff, 
0xdc, 0xc8, 0x94, 0xff, 0xdd, 0xc9, 0x94, 0xff, 0xdd, 0xc9, 0x94, 0xff, 0xdd, 0xc9, 0x93, 0xff, 
0xde, 0xca, 0x95, 0xff, 0xde, 0xc9, 0x93, 0xff, 0xdf, 0xc9, 0x92, 0xff, 0xdf, 0xca, 0x92, 0xff, 
0xe0, 0xcb, 0x94, 0xff, 0xe0, 0xcb, 0x93, 0xff, 0xe0, 0xcb, 0x93, 0xff, 0xe2, 0xcd, 0x96, 0xff, 
0xe3, 0xcf, 0x99, 0xff, 0xe3, 0xce, 0x97, 0xff, 0xe1, 0xcc, 0x95, 0xff, 0xe1, 0xcc, 0x95, 0xff, 
0xe4, 0xcf, 0x99, 0xff, 0xe5, 0xd0, 0x9c, 0xff, 0xe3, 0xce, 0x98, 0xff, 0xe5, 0xcf, 0x9b, 0xff, 
0xe7, 0xd2, 0x9e, 0xff, 0xe6, 0xd2, 0x9e, 0xff, 0xe7, 0xd4, 0xa0, 0xff, 0xe7, 0xd1, 0x9f, 0xff, 
0xe5, 0xcf, 0x9e, 0xff, 0xe5, 0xd1, 0x9f, 0xff, 0xe4, 0xd0, 0x9d, 0xff, 0xe5, 0xd0, 0x9e, 0xff, 
0xe5, 0xd1, 0x9f, 0xff, 0xe5, 0xd0, 0x9e, 0xff, 0xe4, 0xce, 0x9c, 0xff, 0xe6, 0xd0, 0x9f, 0xff, 
0xe8, 0xd3, 0xa2, 0xff, 0xe5, 0xd1, 0xa0, 0xff, 0xe3, 0xcf, 0x9d, 0xff, 0xe2, 0xce, 0x9b, 0xff, 
0xe3, 0xce, 0x9c, 0xff, 0xe3, 0xce, 0x9d, 0xff, 0xe2, 0xcc, 0x9b, 0xff, 0xe4, 0xcd, 0x9c, 0xff, 
0xe3, 0xcd, 0x9b, 0xff, 0xdf, 0xcb, 0x98, 0xff, 0xde, 0xcb, 0x98, 0xff, 0xe0, 0xcc, 0x99, 0xff, 
0xdf, 0xcb, 0x98, 0xff, 0xdf, 0xcb, 0x97, 0xff, 0xde, 0xca, 0x95, 0xff, 0xde, 0xcb, 0x95, 0xff, 
0xe0, 0xcb, 0x96, 0xff, 0xdc, 0xc8, 0x94, 0xff, 0xde, 0xca, 0x95, 0xff, 0xdc, 0xc8, 0x93, 0xff, 
0xdc, 0xc8, 0x93, 0xff, 0xdd, 0xc8, 0x93, 0xff, 0xdc, 0xc7, 0x92, 0xff, 0xdc, 0xc7, 0x93, 0xff, 
0xd9, 0xc4, 0x90, 0xff, 0xd9, 0xc4, 0x8f, 0xff, 0xd9, 0xc4, 0x8f, 0xff, 0xd9, 0xc4, 0x8f, 0xff, 
0xdb, 0xc5, 0x92, 0xff, 0xdb, 0xc5, 0x91, 0xff, 0xdb, 0xc6, 0x92, 0xff, 0xdb, 0xc5, 0x92, 0xff, 
0xdb, 0xc6, 0x8f, 0xff, 0xdf, 0xca, 0x95, 0xff, 0xdf, 0xc9, 0x95, 0xff, 0xdc, 0xc6, 0x93, 0xff, 
0xda, 0xc4, 0x91, 0xff, 0xdb, 0xc6, 0x92, 0xff, 0xdc, 0xc6, 0x93, 0xff, 0xda, 0xc5, 0x91, 0xff, 
0xdb, 0xc6, 0x92, 0xff, 0xda, 0xc4, 0x93, 0xff, 0xdb, 0xc6, 0x92, 0xff, 0xdb, 0xc6, 0x91, 0xff, 
0xdd, 0xc8, 0x93, 0xff, 0xdc, 0xc7, 0x94, 0xff, 0xdb, 0xc7, 0x95, 0xff, 0xdc, 0xc7, 0x94, 0xff, 
0xda, 0xc4, 0x90, 0xff, 0xd9, 0xc5, 0x8f, 0xff, 0xdc, 0xc7, 0x93, 0xff, 0xda, 0xc5, 0x91, 0xff, 
0xdb, 0xc6, 0x93, 0xff, 0xda, 0xc6, 0x93, 0xff, 0xdb, 0xc6, 0x93, 0xff, 0xdb, 0xc5, 0x93, 0xff, 
0xda, 0xc5, 0x92, 0xff, 0xdb, 0xc5, 0x92, 0xff, 0xd9, 0xc4, 0x91, 0xff, 0xdb, 0xc6, 0x94, 0xff, 
0xdb, 0xc6, 0x93, 0xff, 0xdb, 0xc5, 0x92, 0xff, 0xda, 0xc4, 0x92, 0xff, 0xdd, 0xc6, 0x95, 0xff, 
0xdb, 0xc6, 0x93, 0xff, 0xdc, 0xc7, 0x95, 0xff, 0xde, 0xc9, 0x97, 0xff, 0xda, 0xc6, 0x93, 0xff, 
0xda, 0xc6, 0x93, 0xff, 0xdb, 0xc7, 0x94, 0xff, 0xdc, 0xc7, 0x94, 0xff, 0xda, 0xc6, 0x92, 0xff, 
0xdb, 0xc6, 0x93, 0xff, 0xdf, 0xc9, 0x96, 0xff, 0xdc, 0xc7, 0x94, 0xff, 0xda, 0xc5, 0x93, 0xff, 
0xda, 0xc4, 0x91, 0xff, 0xda, 0xc5, 0x92, 0xff, 0xda, 0xc4, 0x92, 0xff, 0xda, 0xc4, 0x92, 0xff, 
0xd9, 0xc3, 0x91, 0xff, 0xdb, 0xc4, 0x91, 0xff, 0xda, 0xc5, 0x90, 0xff, 0xd9, 0xc4, 0x8f, 0xff, 
0xda, 0xc5, 0x8f, 0xff, 0xda, 0xc5, 0x90, 0xff, 0xda, 0xc5, 0x90, 0xff, 0xd8, 0xc2, 0x8e, 0xff, 
0xd9, 0xc3, 0x8f, 0xff, 0xd8, 0xc3, 0x8f, 0xff, 0xd8, 0xc3, 0x8f, 0xff, 0xda, 0xc5, 0x90, 0xff, 
0xdb, 0xc6, 0x90, 0xff, 0xda, 0xc4, 0x90, 0xff, 0xda, 0xc4, 0x8f, 0xff, 0xd9, 0xc4, 0x8e, 0xff, 
0xdf, 0xca, 0x96, 0xff, 0xe0, 0xca, 0x94, 0xff, 0xda, 0xc5, 0x8f, 0xff, 0xdf, 0xca, 0x97, 0xff, 
0xe1, 0xcb, 0x99, 0xff, 0xdc, 0xc8, 0x93, 0xff, 0xdb, 0xc6, 0x90, 0xff, 0xdc, 0xc7, 0x92, 0xff, 
0xdb, 0xc6, 0x91, 0xff, 0xdb, 0xc6, 0x91, 0xff, 0xdc, 0xc7, 0x92, 0xff, 0xdf, 0xca, 0x96, 0xff, 
0xe1, 0xcb, 0x99, 0xff, 0xde, 0xc9, 0x96, 0xff, 0xdd, 0xc7, 0x94, 0xff, 0xde, 0xc8, 0x97, 0xff, 
0xe1, 0xca, 0x99, 0xff, 0xdf, 0xca, 0x95, 0xff, 0xdc, 0xc7, 0x92, 0xff, 0xdf, 0xca, 0x97, 0xff, 
0xe0, 0xca, 0x96, 0xff, 0xe0, 0xca, 0x95, 0xff, 0xe0, 0xca, 0x97, 0xff, 0xe2, 0xcd, 0x9b, 0xff, 
0xe1, 0xcc, 0x9a, 0xff, 0xdf, 0xc9, 0x97, 0xff, 0xe0, 0xcb, 0x98, 0xff, 0xe3, 0xcd, 0x9a, 0xff, 
0xe1, 0xcb, 0x99, 0xff, 0xe1, 0xcc, 0x99, 0xff, 0xe3, 0xce, 0x9c, 0xff, 0xe2, 0xce, 0x9c, 0xff, 
0xe0, 0xca, 0x98, 0xff, 0xe3, 0xcd, 0x9b, 0xff, 0xe1, 0xca, 0x98, 0xff, 0xdf, 0xca, 0x97, 0xff, 
0xe0, 0xcb, 0x99, 0xff, 0xe0, 0xcb, 0x99, 0xff, 0xde, 0xc9, 0x96, 0xff, 0xdd, 0xc8, 0x95, 0xff, 
0xe0, 0xca, 0x97, 0xff, 0xe0, 0xcb, 0x97, 0xff, 0xde, 0xc8, 0x96, 0xff, 0xdc, 0xc6, 0x94, 0xff, 
0xdc, 0xc7, 0x94, 0xff, 0xdb, 0xc6, 0x93, 0xff, 0xd9, 0xc5, 0x92, 0xff, 0xdb, 0xc5, 0x92, 0xff, 
0xd9, 0xc4, 0x91, 0xff, 0xdb, 0xc6, 0x92, 0xff, 0xd9, 0xc4, 0x90, 0xff, 0xda, 0xc5, 0x91, 0xff, 
0xd9, 0xc4, 0x90, 0xff, 0xdb, 0xc5, 0x91, 0xff, 0xda, 0xc4, 0x90, 0xff, 0xd9, 0xc4, 0x8f, 0xff, 
0xd9, 0xc4, 0x8f, 0xff, 0xd9, 0xc4, 0x8f, 0xff, 0xd9, 0xc4, 0x8f, 0xff, 0xdb, 0xc6, 0x91, 0xff, 
0xdc, 0xc7, 0x93, 0xff, 0xdc, 0xc8, 0x93, 0xff, 0xdd, 0xc7, 0x93, 0xff, 0xdc, 0xc7, 0x92, 0xff, 
0xe1, 0xcc, 0x98, 0xff, 0xdf, 0xca, 0x94, 0xff, 0xdf, 0xca, 0x95, 0xff, 0xe3, 0xcd, 0x9a, 0xff, 
0xe2, 0xcd, 0x9a, 0xff, 0xe0, 0xcb, 0x95, 0xff, 0xe2, 0xcc, 0x97, 0xff, 0xe2, 0xcd, 0x98, 0xff, 
0xe0, 0xcc, 0x96, 0xff, 0xe1, 0xcc, 0x96, 0xff, 0xe1, 0xcc, 0x96, 0xff, 0xe3, 0xce, 0x98, 0xff, 
0xe5, 0xcf, 0x9b, 0xff, 0xe3, 0xce, 0x9a, 0xff, 0xe2, 0xcd, 0x98, 0xff, 0xe5, 0xd0, 0x9c, 0xff, 
0xe4, 0xcf, 0x9a, 0xff, 0xe4, 0xce, 0x9c, 0xff, 0xe4, 0xcf, 0x9c, 0xff, 0xe1, 0xcc, 0x96, 0xff, 
0xe2, 0xcd, 0x97, 0xff, 0xe3, 0xcd, 0x9a, 0xff, 0xe2, 0xcd, 0x99, 0xff, 0xe2, 0xcd, 0x99, 0xff, 
0xe3, 0xce, 0x9b, 0xff, 0xe4, 0xcf, 0x9e, 0xff, 0xe3, 0xce, 0x9c, 0xff, 0xe3, 0xce, 0x9b, 0xff, 
0xe3, 0xcd, 0x9a, 0xff, 0xe2, 0xcd, 0x99, 0xff, 0xe5, 0xd1, 0x9f, 0xff, 0xe3, 0xcd, 0x9c, 0xff, 
0xe5, 0xcf, 0x9d, 0xff, 0xe6, 0xd0, 0x9f, 0xff, 0xe3, 0xcc, 0x9a, 0xff, 0xe3, 0xcc, 0x9a, 0xff, 
0xe3, 0xce, 0x9c, 0xff, 0xe5, 0xcf, 0x9d, 0xff, 0xe3, 0xcd, 0x9b, 0xff, 0xe4, 0xce, 0x9b, 0xff, 
0xe6, 0xd0, 0x9e, 0xff, 0xe4, 0xd0, 0x9d, 0xff, 0xe2, 0xcd, 0x9a, 0xff, 0xe3, 0xcf, 0x9c, 0xff, 
0xe2, 0xcf, 0x9b, 0xff, 0xe1, 0xcd, 0x9a, 0xff, 0xe2, 0xcd, 0x9b, 0xff, 0xe2, 0xce, 0x9b, 0xff, 
0xe0, 0xcd, 0x99, 0xff, 0xdf, 0xcb, 0x97, 0xff, 0xe1, 0xcc, 0x99, 0xff, 0xe1, 0xce, 0x9a, 0xff, 
0xdf, 0xcb, 0x98, 0xff, 0xde, 0xca, 0x97, 0xff, 0xdd, 0xc9, 0x97, 0xff, 0xdd, 0xc9, 0x97, 0xff, 
0xdb, 0xc7, 0x94, 0xff, 0xdc, 0xc8, 0x95, 0xff, 0xdb, 0xc7, 0x94, 0xff, 0xdc, 0xc7, 0x94, 0xff, 
0xdb, 0xc7, 0x93, 0xff, 0xdb, 0xc7, 0x94, 0xff, 0xda, 0xc6, 0x93, 0xff, 0xdc, 0xc8, 0x94, 0xff, 
0xda, 0xc6, 0x93, 0xff, 0xda, 0xc6, 0x92, 0xff, 0xdb, 0xc6, 0x92, 0xff, 0xdb, 0xc5, 0x91, 0xff, 
0xdb, 0xc7, 0x92, 0xff, 0xdd, 0xc8, 0x93, 0xff, 0xdd, 0xc8, 0x92, 0xff, 0xdc, 0xc7, 0x91, 0xff, 
0xdd, 0xc8, 0x91, 0xff, 0xdc, 0xc7, 0x90, 0xff, 0xde, 0xc9, 0x92, 0xff, 0xdd, 0xc8, 0x91, 0xff, 
0xde, 0xc9, 0x91, 0xff, 0xe1, 0xcc, 0x95, 0xff, 0xe1, 0xcd, 0x97, 0xff, 0xdf, 0xca, 0x94, 0xff, 
0xe1, 0xcc, 0x96, 0xff, 0xe4, 0xcf, 0x9a, 0xff, 0xe2, 0xcd, 0x99, 0xff, 0xe4, 0xd0, 0x9e, 0xff, 
0xe4, 0xcf, 0x9d, 0xff, 0xe0, 0xcb, 0x96, 0xff, 0xe2, 0xcd, 0x99, 0xff, 0xe4, 0xce, 0x9c, 0xff, 
0xe3, 0xcd, 0x9b, 0xff, 0xe3, 0xce, 0x9c, 0xff, 0xe6, 0xd1, 0x9f, 0xff, 0xe5, 0xd1, 0x9e, 0xff, 
0xe2, 0xce, 0x9d, 0xff, 0xe2, 0xce, 0x9b, 0xff, 0xe1, 0xcd, 0x9a, 0xff, 0xe3, 0xce, 0x9c, 0xff, 
0xe4, 0xcf, 0x9f, 0xff, 0xe0, 0xcc, 0x99, 0xff, 0xe4, 0xcf, 0x9d, 0xff, 0xe0, 0xcc, 0x9a, 0xff, 
0xdf, 0xcb, 0x98, 0xff, 0xdf, 0xca, 0x98, 0xff, 0xe0, 0xcc, 0x9a, 0xff, 0xdf, 0xcb, 0x98, 0xff, 
0xdd, 0xc8, 0x95, 0xff, 0xe0, 0xca, 0x97, 0xff, 0xe0, 0xcb, 0x98, 0xff, 0xdc, 0xc9, 0x95, 0xff, 
0xdb, 0xc8, 0x94, 0xff, 0xdc, 0xc7, 0x94, 0xff, 0xdc, 0xc6, 0x94, 0xff, 0xda, 0xc5, 0x92, 0xff, 
0xdb, 0xc6, 0x93, 0xff, 0xda, 0xc4, 0x93, 0xff, 0xdc, 0xc6, 0x93, 0xff, 0xda, 0xc4, 0x92, 0xff, 
0xdb, 0xc6, 0x92, 0xff, 0xda, 0xc5, 0x90, 0xff, 0xdc, 0xc7, 0x92, 0xff, 0xdb, 0xc5, 0x91, 0xff, 
0xda, 0xc4, 0x91, 0xff, 0xd9, 0xc4, 0x91, 0xff, 0xda, 0xc4, 0x91, 0xff, 0xd9, 0xc4, 0x90, 0xff, 
0xdb, 0xc5, 0x93, 0xff, 0xdb, 0xc5, 0x93, 0xff, 0xdc, 0xc6, 0x92, 0xff, 0xdb, 0xc6, 0x93, 0xff, 
0xdc, 0xc7, 0x93, 0xff, 0xde, 0xc9, 0x95, 0xff, 0xdd, 0xc8, 0x93, 0xff, 0xdb, 0xc6, 0x91, 0xff, 
0xda, 0xc6, 0x92, 0xff, 0xd9, 0xc5, 0x91, 0xff, 0xdb, 0xc7, 0x93, 0xff, 0xda, 0xc5, 0x92, 0xff, 
0xd9, 0xc5, 0x91, 0xff, 0xda, 0xc6, 0x92, 0xff, 0xd9, 0xc5, 0x92, 0xff, 0xdb, 0xc6, 0x92, 0xff, 
0xda, 0xc5, 0x91, 0xff, 0xd9, 0xc5, 0x91, 0xff, 0xdb, 0xc7, 0x93, 0xff, 0xd9, 0xc5, 0x91, 0xff, 
0xda, 0xc5, 0x92, 0xff, 0xdb, 0xc5, 0x92, 0xff, 0xd9, 0xc4, 0x91, 0xff, 0xdb, 0xc6, 0x94, 0xff, 
0xda, 0xc5, 0x92, 0xff, 0xda, 0xc6, 0x92, 0xff, 0xda, 0xc6, 0x93, 0xff, 0xda, 0xc5, 0x92, 0xff, 
0xdb, 0xc6, 0x93, 0xff, 0xdb, 0xc7, 0x94, 0xff, 0xdb, 0xc6, 0x93, 0xff, 0xda, 0xc6, 0x93, 0xff, 
0xdb, 0xc6, 0x94, 0xff, 0xda, 0xc6, 0x93, 0xff, 0xdb, 0xc6, 0x93, 0xff, 0xdd, 0xc8, 0x97, 0xff, 
0xdd, 0xc9, 0x98, 0xff, 0xdc, 0xc8, 0x96, 0xff, 0xdb, 0xc7, 0x95, 0xff, 0xdb, 0xc7, 0x94, 0xff, 
0xdb, 0xc7, 0x94, 0xff, 0xdb, 0xc6, 0x93, 0xff, 0xdb, 0xc7, 0x94, 0xff, 0xdc, 0xc7, 0x94, 0xff, 
0xdd, 0xc8, 0x96, 0xff, 0xde, 0xc9, 0x96, 0xff, 0xdb, 0xc6, 0x93, 0xff, 0xdb, 0xc6, 0x94, 0xff, 
0xdb, 0xc5, 0x93, 0xff, 0xda, 0xc5, 0x92, 0xff, 0xda, 0xc5, 0x93, 0xff, 0xd8, 0xc4, 0x92, 0xff, 
0xd9, 0xc5, 0x92, 0xff, 0xd9, 0xc4, 0x92, 0xff, 0xd9, 0xc4, 0x91, 0xff, 0xdb, 0xc5, 0x91, 0xff, 
0xd9, 0xc4, 0x90, 0xff, 0xd9, 0xc4, 0x90, 0xff, 0xdb, 0xc5, 0x92, 0xff, 0xd9, 0xc4, 0x91, 0xff, 
0xd9, 0xc4, 0x91, 0xff, 0xda, 0xc4, 0x91, 0xff, 0xd9, 0xc3, 0x8f, 0xff, 0xd9, 0xc4, 0x90, 0xff, 
0xda, 0xc5, 0x91, 0xff, 0xd9, 0xc4, 0x90, 0xff, 0xda, 0xc5, 0x91, 0xff, 0xd9, 0xc4, 0x8f, 0xff, 
0xdb, 0xc5, 0x91, 0xff, 0xdc, 0xc7, 0x92, 0xff, 0xde, 0xca, 0x96, 0xff, 0xdb, 0xc7, 0x93, 0xff, 
0xde, 0xc8, 0x94, 0xff, 0xdc, 0xc7, 0x92, 0xff, 0xdb, 0xc5, 0x90, 0xff, 0xdb, 0xc6, 0x92, 0xff, 
0xdb, 0xc5, 0x91, 0xff, 0xdb, 0xc5, 0x90, 0xff, 0xdc, 0xc6, 0x91, 0xff, 0xdd, 0xc7, 0x92, 0xff, 
0xdd, 0xc9, 0x95, 0xff, 0xde, 0xc9, 0x95, 0xff, 0xdc, 0xc7, 0x93, 0xff, 0xdd, 0xc8, 0x95, 0xff, 
0xde, 0xc8, 0x95, 0xff, 0xdc, 0xc8, 0x94, 0xff, 0xde, 0xc9, 0x96, 0xff, 0xde, 0xc8, 0x96, 0xff, 
0xdf, 0xc8, 0x96, 0xff, 0xe0, 0xca, 0x97, 0xff, 0xdf, 0xca, 0x98, 0xff, 0xe0, 0xcc, 0x9a, 0xff, 
0xe0, 0xcc, 0x9a, 0xff, 0xe1, 0xcb, 0x99, 0xff, 0xe1, 0xcd, 0x9b, 0xff, 0xe1, 0xcd, 0x9a, 0xff, 
0xdf, 0xcb, 0x98, 0xff, 0xe1, 0xcd, 0x9a, 0xff, 0xe4, 0xcf, 0x9f, 0xff, 0xe5, 0xd0, 0x9f, 0xff, 
0xe2, 0xce, 0x9c, 0xff, 0xdf, 0xcb, 0x99, 0xff, 0xdf, 0xcb, 0x99, 0xff, 0xe0, 0xcb, 0x9a, 0xff, 
0xdf, 0xcb, 0x99, 0xff, 0xdf, 0xcb, 0x99, 0xff, 0xde, 0xca, 0x97, 0xff, 0xdf, 0xca, 0x97, 0xff, 
0xe0, 0xcb, 0x99, 0xff, 0xdf, 0xca, 0x97, 0xff, 0xdc, 0xc8, 0x95, 0xff, 0xdd, 0xc8, 0x95, 0xff, 
0xdb, 0xc6, 0x94, 0xff, 0xdb, 0xc7, 0x94, 0xff, 0xda, 0xc5, 0x92, 0xff, 0xda, 0xc4, 0x92, 0xff, 
0xdb, 0xc5, 0x93, 0xff, 0xd9, 0xc4, 0x91, 0xff, 0xda, 0xc5, 0x92, 0xff, 0xda, 0xc5, 0x92, 0xff, 
0xd8, 0xc4, 0x91, 0xff, 0xda, 0xc5, 0x91, 0xff, 0xdb, 0xc5, 0x92, 0xff, 0xd9, 0xc4, 0x92, 0xff, 
0xd9, 0xc4, 0x92, 0xff, 0xda, 0xc4, 0x93, 0xff, 0xd9, 0xc3, 0x91, 0xff, 0xdb, 0xc5, 0x93, 0xff, 
0xdb, 0xc7, 0x93, 0xff, 0xdc, 0xc7, 0x94, 0xff, 0xdc, 0xc7, 0x94, 0xff, 0xdc, 0xc7, 0x94, 0xff, 
0xdd, 0xc7, 0x94, 0xff, 0xe0, 0xca, 0x95, 0xff, 0xdf, 0xc9, 0x96, 0xff, 0xe0, 0xca, 0x98, 0xff, 
0xe2, 0xcd, 0x9c, 0xff, 0xdf, 0xca, 0x96, 0xff, 0xe0, 0xcb, 0x96, 0xff, 0xe0, 0xcb, 0x96, 0xff, 
0xe0, 0xca, 0x96, 0xff, 0xe0, 0xcb, 0x96, 0xff, 0xe1, 0xcc, 0x97, 0xff, 0xe1, 0xcb, 0x97, 0xff, 
0xe2, 0xcc, 0x97, 0xff, 0xe3, 0xcd, 0x9a, 0xff, 0xe2, 0xcc, 0x99, 0xff, 0xe1, 0xcb, 0x97, 0xff, 
0xe1, 0xcb, 0x99, 0xff, 0xe2, 0xcc, 0x9a, 0xff, 0xe2, 0xcc, 0x98, 0xff, 0xe2, 0xcd, 0x9a, 0xff, 
0xe2, 0xcd, 0x99, 0xff, 0xe1, 0xca, 0x98, 0xff, 0xe2, 0xcc, 0x9a, 0xff, 0xe2, 0xcc, 0x9a, 0xff, 
0xe2, 0xcd, 0x9c, 0xff, 0xe4, 0xcf, 0x9d, 0xff, 0xe2, 0xcc, 0x9b, 0xff, 0xe2, 0xcd, 0x9a, 0xff, 
0xe2, 0xcd, 0x9b, 0xff, 0xe2, 0xcd, 0x9a, 0xff, 0xe5, 0xd0, 0x9e, 0xff, 0xe7, 0xd3, 0xa2, 0xff, 
0xe4, 0xd0, 0x9e, 0xff, 0xe3, 0xcd, 0x9c, 0xff, 0xe4, 0xcf, 0x9c, 0xff, 0xe3, 0xce, 0x9b, 0xff, 
0xe4, 0xcf, 0x9c, 0xff, 0xe4, 0xcf, 0x9d, 0xff, 0xe3, 0xce, 0x9c, 0xff, 0xe5, 0xd0, 0x9d, 0xff, 
0xe5, 0xd1, 0x9e, 0xff, 0xe4, 0xd0, 0x9d, 0xff, 0xe4, 0xd0, 0x9e, 0xff, 0xe2, 0xce, 0x9b, 0xff, 
0xe2, 0xce, 0x9b, 0xff, 0xe2, 0xce, 0x9c, 0xff, 0xe1, 0xcd, 0x9b, 0xff, 0xe1, 0xce, 0x9b, 0xff, 
0xe0, 0xcd, 0x9a, 0xff, 0xe0, 0xcc, 0x9a, 0xff, 0xe2, 0xcd, 0x9b, 0xff, 0xe0, 0xcc, 0x99, 0xff, 
0xde, 0xca, 0x97, 0xff, 0xde, 0xca, 0x98, 0xff, 0xdc, 0xc8, 0x96, 0xff, 0xde, 0xc9, 0x97, 0xff, 
0xdc, 0xc8, 0x95, 0xff, 0xda, 0xc7, 0x94, 0xff, 0xdc, 0xc8, 0x96, 0xff, 0xda, 0xc7, 0x93, 0xff, 
0xdb, 0xc7, 0x95, 0xff, 0xdb, 0xc7, 0x95, 0xff, 0xd9, 0xc6, 0x93, 0xff, 0xdb, 0xc7, 0x94, 0xff, 
0xdb, 0xc7, 0x94, 0xff, 0xda, 0xc6, 0x93, 0xff, 0xda, 0xc6, 0x92, 0xff, 0xdc, 0xc7, 0x93, 0xff, 
0xda, 0xc6, 0x92, 0xff, 0xdc, 0xc7, 0x94, 0xff, 0xdc, 0xc8, 0x93, 0xff, 0xdb, 0xc7, 0x92, 0xff, 
0xdd, 0xc8, 0x92, 0xff, 0xdc, 0xc7, 0x92, 0xff, 0xdd, 0xc7, 0x91, 0xff, 0xdd, 0xc8, 0x92, 0xff, 
0xde, 0xc8, 0x92, 0xff, 0xde, 0xc9, 0x93, 0xff, 0xe1, 0xcb, 0x97, 0xff, 0xe0, 0xcb, 0x96, 0xff, 
0xe0, 0xca, 0x95, 0xff, 0xe1, 0xcb, 0x95, 0xff, 0xe2, 0xcc, 0x98, 0xff, 0xe2, 0xcd, 0x99, 0xff, 
0xe1, 0xcc, 0x98, 0xff, 0xe3, 0xce, 0x9b, 0xff, 0xe2, 0xcc, 0x99, 0xff, 0xe1, 0xcd, 0x9b, 0xff, 
0xe3, 0xce, 0x9d, 0xff, 0xe2, 0xcd, 0x9b, 0xff, 0xe3, 0xcf, 0x9f, 0xff, 0xe3, 0xcf, 0x9e, 0xff, 
0xe1, 0xcd, 0x9a, 0xff, 0xe1, 0xcd, 0x9a, 0xff, 0xe2, 0xce, 0x9b, 0xff, 0xe3, 0xce, 0x9e, 0xff, 
0xe4, 0xd0, 0xa1, 0xff, 0xe3, 0xcf, 0x9e, 0xff, 0xe0, 0xcc, 0x9b, 0xff, 0xe0, 0xcc, 0x9a, 0xff, 
0xe0, 0xcc, 0x9a, 0xff, 0xdf, 0xca, 0x98, 0xff, 0xe0, 0xcb, 0x99, 0xff, 0xdf, 0xcb, 0x98, 0xff, 
0xde, 0xca, 0x97, 0xff, 0xe0, 0xcb, 0x99, 0xff, 0xdf, 0xca, 0x97, 0xff, 0xdd, 0xc9, 0x96, 0xff, 
0xdd, 0xc8, 0x95, 0xff, 0xdb, 0xc6, 0x93, 0xff, 0xdc, 0xc7, 0x95, 0xff, 0xda, 0xc5, 0x92, 0xff, 
0xda, 0xc5, 0x93, 0xff, 0xdc, 0xc6, 0x94, 0xff, 0xda, 0xc5, 0x93, 0xff, 0xdb, 0xc6, 0x92, 0xff, 
0xdb, 0xc6, 0x92, 0xff, 0xda, 0xc4, 0x91, 0xff, 0xdb, 0xc6, 0x91, 0xff, 0xdb, 0xc6, 0x92, 0xff, 
0xe2, 0xcf, 0x9f, 0xff, 0xe1, 0xce, 0x9f, 0xff, 0xe1, 0xce, 0x9f, 0xff, 0xe1, 0xcd, 0x9e, 0xff, 
0xe1, 0xce, 0x9f, 0xff, 0xe2, 0xce, 0xa0, 0xff, 0xe1, 0xce, 0x9f, 0xff, 0xe2, 0xce, 0x9f, 0xff, 
0xe4, 0xcf, 0xa0, 0xff, 0xe2, 0xce, 0x9e, 0xff, 0xe2, 0xce, 0x9e, 0xff, 0xe2, 0xce, 0x9e, 0xff, 
0xe1, 0xcd, 0x9f, 0xff, 0xe2, 0xce, 0xa0, 0xff, 0xe2, 0xce, 0x9e, 0xff, 0xe2, 0xce, 0xa0, 0xff, 
0xe2, 0xce, 0x9f, 0xff, 0xe2, 0xce, 0x9f, 0xff, 0xe2, 0xce, 0x9f, 0xff, 0xe2, 0xce, 0x9e, 0xff, 
0xe1, 0xcd, 0x9e, 0xff, 0xe0, 0xcc, 0x9d, 0xff, 0xe1, 0xcd, 0x9e, 0xff, 0xe2, 0xcd, 0x9e, 0xff, 
0xe1, 0xcc, 0x9e, 0xff, 0xe1, 0xce, 0xa1, 0xff, 0xe3, 0xcf, 0xa0, 0xff, 0xe0, 0xcc, 0x9d, 0xff, 
0xe0, 0xcd, 0xa1, 0xff, 0xe1, 0xce, 0xa1, 0xff, 0xe0, 0xcc, 0x9e, 0xff, 0xe2, 0xce, 0xa0, 0xff, 
0xe0, 0xcd, 0x9f, 0xff, 0xdf, 0xcc, 0x9e, 0xff, 0xe1, 0xcf, 0xa0, 0xff, 0xdf, 0xcd, 0x9e, 0xff, 
0xde, 0xcc, 0x9e, 0xff, 0xdf, 0xcc, 0x9e, 0xff, 0xe0, 0xcc, 0x9f, 0xff, 0xdf, 0xcc, 0x9e, 0xff, 
0xe0, 0xce, 0xa0, 0xff, 0xe0, 0xcc, 0x9f, 0xff, 0xdf, 0xcc, 0x9f, 0xff, 0xe0, 0xcc, 0x9f, 0xff, 
0xe0, 0xcc, 0x9e, 0xff, 0xdf, 0xcc, 0x9e, 0xff, 0xe0, 0xcc, 0x9e, 0xff, 0xe1, 0xcd, 0x9f, 0xff, 
0xe1, 0xcd, 0x9f, 0xff, 0xe1, 0xcd, 0x9e, 0xff, 0xe2, 0xcd, 0xa0, 0xff, 0xe0, 0xcc, 0x9f, 0xff, 
0xe0, 0xcd, 0xa0, 0xff, 0xe1, 0xcd, 0x9f, 0xff, 0xe1, 0xce, 0xa0, 0xff, 0xe2, 0xce, 0xa0, 0xff, 
0xe1, 0xcd, 0x9e, 0xff, 0xe2, 0xce, 0x9f, 0xff, 0xe2, 0xce, 0x9f, 0xff, 0xe0, 0xcc, 0x9d, 0xff, 
0xe1, 0xcd, 0x9f, 0xff, 0xe2, 0xce, 0xa0, 0xff, 0xe0, 0xcd, 0x9e, 0xff, 0xe2, 0xcf, 0xa0, 0xff, 
0xe0, 0xce, 0x9e, 0xff, 0xe1, 0xce, 0x9e, 0xff, 0xe1, 0xcc, 0x9d, 0xff, 0xe1, 0xcc, 0x9c, 0xff, 
0xe1, 0xcd, 0x9d, 0xff, 0xe1, 0xcd, 0x9d, 0xff, 0xe1, 0xcd, 0x9d, 0xff, 0xe1, 0xcd, 0x9e, 0xff, 
0xe1, 0xcc, 0x9b, 0xff, 0xe1, 0xcd, 0x9d, 0xff, 0xe3, 0xcf, 0x9f, 0xff, 0xe1, 0xcd, 0x9d, 0xff, 
0xe0, 0xcc, 0x9b, 0xff, 0xe1, 0xcc, 0x9c, 0xff, 0xe2, 0xcd, 0x9d, 0xff, 0xe2, 0xcd, 0x9c, 0xff, 
0xe2, 0xce, 0x9d, 0xff, 0xe2, 0xcd, 0x9d, 0xff, 0xe1, 0xcd, 0x9d, 0xff, 0xe3, 0xce, 0x9e, 0xff, 
0xe2, 0xce, 0x9d, 0xff, 0xe2, 0xcd, 0x9d, 0xff, 0xe3, 0xce, 0x9f, 0xff, 0xe3, 0xcf, 0x9f, 0xff, 
0xe3, 0xcf, 0x9f, 0xff, 0xe3, 0xcf, 0x9e, 0xff, 0xe4, 0xcf, 0xa0, 0xff, 0xe6, 0xd2, 0xa4, 0xff, 
0xe4, 0xd0, 0xa0, 0xff, 0xe3, 0xcf, 0xa1, 0xff, 0xe5, 0xd3, 0xa6, 0xff, 0xe4, 0xd1, 0xa3, 0xff, 
0xe3, 0xd1, 0xa2, 0xff, 0xe6, 0xd2, 0xa4, 0xff, 0xe6, 0xd1, 0xa3, 0xff, 0xe4, 0xd0, 0xa3, 0xff, 
0xe4, 0xd0, 0xa2, 0xff, 0xe4, 0xd1, 0xa1, 0xff, 0xe5, 0xd1, 0xa4, 0xff, 0xe5, 0xd2, 0xa6, 0xff, 
0xe5, 0xd2, 0xa5, 0xff, 0xe4, 0xd0, 0xa3, 0xff, 0xe5, 0xd1, 0xa5, 0xff, 0xe5, 0xd0, 0xa4, 0xff, 
0xe5, 0xd2, 0xa3, 0xff, 0xe4, 0xcf, 0xa1, 0xff, 0xe4, 0xcf, 0xa2, 0xff, 0xe4, 0xd0, 0xa3, 0xff, 
0xe3, 0xcf, 0xa1, 0xff, 0xe3, 0xcf, 0xa0, 0xff, 0xe3, 0xcf, 0xa1, 0xff, 0xe2, 0xcf, 0xa1, 0xff, 
0xe2, 0xcf, 0xa1, 0xff, 0xe2, 0xcf, 0xa0, 0xff, 0xe3, 0xce, 0xa1, 0xff, 0xe1, 0xce, 0xa0, 0xff, 
0xe2, 0xce, 0x9f, 0xff, 0xe2, 0xce, 0x9f, 0xff, 0xe1, 0xce, 0x9f, 0xff, 0xdf, 0xcc, 0x9d, 0xff, 
0xe2, 0xce, 0xa0, 0xff, 0xe1, 0xcd, 0x9f, 0xff, 0xe1, 0xce, 0xa0, 0xff, 0xe1, 0xce, 0xa0, 0xff, 
0xe1, 0xce, 0x9f, 0xff, 0xe2, 0xce, 0x9e, 0xff, 0xe2, 0xce, 0x9e, 0xff, 0xe1, 0xce, 0x9e, 0xff, 
0xe3, 0xcf, 0x9f, 0xff, 0xe3, 0xcf, 0x9f, 0xff, 0xe4, 0xd0, 0xa0, 0xff, 0xe3, 0xcf, 0xa0, 0xff, 
0xe3, 0xce, 0x9e, 0xff, 0xe4, 0xd0, 0xa0, 0xff, 0xe4, 0xd0, 0xa0, 0xff, 0xe4, 0xd0, 0xa0, 0xff, 
0xe4, 0xd0, 0xa0, 0xff, 0xe4, 0xd0, 0xa0, 0xff, 0xe6, 0xd1, 0xa1, 0xff, 0xe6, 0xd2, 0xa2, 0xff, 
0xe6, 0xd0, 0xa1, 0xff, 0xe5, 0xd1, 0xa1, 0xff, 0xe7, 0xd2, 0xa1, 0xff, 0xe7, 0xd1, 0xa1, 0xff, 
0xe5, 0xd0, 0xa0, 0xff, 0xe6, 0xd2, 0xa3, 0xff, 0xe7, 0xd3, 0xa3, 0xff, 0xe6, 0xd2, 0xa1, 0xff, 
0xe8, 0xd3, 0xa5, 0xff, 0xe7, 0xd2, 0xa3, 0xff, 0xe6, 0xd2, 0xa1, 0xff, 0xe6, 0xd2, 0xa2, 0xff, 
0xe8, 0xd4, 0xa5, 0xff, 0xe8, 0xd4, 0xa5, 0xff, 0xe6, 0xd2, 0xa3, 0xff, 0xe6, 0xd3, 0xa5, 0xff, 
0xe8, 0xd4, 0xa7, 0xff, 0xe7, 0xd3, 0xa6, 0xff, 0xe7, 0xd3, 0xa6, 0xff, 0xe6, 0xd2, 0xa4, 0xff, 
0xe6, 0xd3, 0xa5, 0xff, 0xe6, 0xd3, 0xa5, 0xff, 0xe6, 0xd2, 0xa3, 0xff, 0xe7, 0xd4, 0xa6, 0xff, 
0xe7, 0xd5, 0xa7, 0xff, 0xe8, 0xd5, 0xa8, 0xff, 0xe8, 0xd4, 0xa8, 0xff, 0xe8, 0xd4, 0xa7, 0xff, 
0xe8, 0xd5, 0xa7, 0xff, 0xe7, 0xd4, 0xa6, 0xff, 0xe9, 0xd4, 0xa7, 0xff, 0xe8, 0xd4, 0xa7, 0xff, 
0xe8, 0xd5, 0xa7, 0xff, 0xe8, 0xd5, 0xa8, 0xff, 0xe7, 0xd4, 0xa7, 0xff, 0xe7, 0xd4, 0xa7, 0xff, 
0xe7, 0xd4, 0xa8, 0xff, 0xe7, 0xd4, 0xa8, 0xff, 0xe7, 0xd4, 0xa7, 0xff, 0xe5, 0xd3, 0xa5, 0xff, 
0xe6, 0xd3, 0xa5, 0xff, 0xe6, 0xd3, 0xa6, 0xff, 0xe5, 0xd1, 0xa5, 0xff, 0xe5, 0xd2, 0xa4, 0xff, 
0xe4, 0xd1, 0xa4, 0xff, 0xe3, 0xd0, 0xa4, 0xff, 0xe4, 0xd1, 0xa4, 0xff, 0xe3, 0xd1, 0xa3, 0xff, 
0xe3, 0xd1, 0xa4, 0xff, 0xe2, 0xcf, 0xa3, 0xff, 0xe2, 0xcf, 0xa2, 0xff, 0xe3, 0xd0, 0xa3, 0xff, 
0xe3, 0xcf, 0xa2, 0xff, 0xe1, 0xcf, 0xa1, 0xff, 0xe2, 0xd0, 0xa2, 0xff, 0xe2, 0xd0, 0xa2, 0xff, 
0xe2, 0xcf, 0xa2, 0xff, 0xe2, 0xcf, 0xa2, 0xff, 0xe1, 0xce, 0xa0, 0xff, 0xe2, 0xcf, 0x9f, 0xff, 
0xe2, 0xce, 0x9e, 0xff, 0xe1, 0xce, 0x9e, 0xff, 0xe1, 0xce, 0x9d, 0xff, 0xe2, 0xcf, 0x9d, 0xff, 
0xe3, 0xcf, 0x9d, 0xff, 0xe3, 0xcf, 0x9e, 0xff, 0xe3, 0xce, 0x9d, 0xff, 0xe4, 0xcf, 0x9e, 0xff, 
0xe4, 0xcf, 0x9e, 0xff, 0xe3, 0xce, 0x9d, 0xff, 0xe5, 0xcf, 0x9e, 0xff, 0xe6, 0xd1, 0xa0, 0xff, 
0xe5, 0xcf, 0x9e, 0xff, 0xe5, 0xd1, 0xa0, 0xff, 0xe7, 0xd3, 0xa4, 0xff, 0xe6, 0xd2, 0xa2, 0xff, 
0xe5, 0xd2, 0xa1, 0xff, 0xe6, 0xd2, 0xa3, 0xff, 0xe8, 0xd5, 0xa7, 0xff, 0xe7, 0xd4, 0xa5, 0xff, 
0xe6, 0xd2, 0xa5, 0xff, 0xe7, 0xd4, 0xa9, 0xff, 0xe7, 0xd4, 0xa8, 0xff, 0xe6, 0xd3, 0xa6, 0xff, 
0xe6, 0xd2, 0xa5, 0xff, 0xe6, 0xd1, 0xa4, 0xff, 0xe5, 0xd3, 0xa5, 0xff, 0xe5, 0xd1, 0xa5, 0xff, 
0xe5, 0xd1, 0xa4, 0xff, 0xe6, 0xd2, 0xa6, 0xff, 0xe4, 0xd2, 0xa5, 0xff, 0xe5, 0xd2, 0xa6, 0xff, 
0xe5, 0xd0, 0xa4, 0xff, 0xe5, 0xd1, 0xa5, 0xff, 0xe4, 0xd0, 0xa4, 0xff, 0xe4, 0xcf, 0xa2, 0xff, 
0xe5, 0xd0, 0xa3, 0xff, 0xe3, 0xcf, 0xa2, 0xff, 0xe3, 0xcf, 0xa1, 0xff, 0xe3, 0xcf, 0xa1, 0xff, 
0xe3, 0xcf, 0xa2, 0xff, 0xe3, 0xcf, 0xa2, 0xff, 0xe3, 0xcf, 0xa1, 0xff, 0xe3, 0xcf, 0xa2, 0xff, 
0xe1, 0xce, 0xa0, 0xff, 0xe2, 0xce, 0xa0, 0xff, 0xe3, 0xcf, 0xa1, 0xff, 0xe2, 0xce, 0xa0, 0xff, 
0xe0, 0xcd, 0x9f, 0xff, 0xe3, 0xcf, 0xa2, 0xff, 0xe2, 0xce, 0xa0, 0xff, 0xe2, 0xce, 0xa0, 0xff, 
0xe9, 0xd7, 0xab, 0xff, 0xe9, 0xd8, 0xab, 0xff, 0xe7, 0xd6, 0xab, 0xff, 0xe6, 0xd5, 0xab, 0xff, 
0xe6, 0xd5, 0xaa, 0xff, 0xe8, 0xd7, 0xab, 0xff, 0xe7, 0xd5, 0xab, 0xff, 0xe6, 0xd5, 0xaa, 0xff, 
0xe7, 0xd5, 0xa9, 0xff, 0xe7, 0xd5, 0xa9, 0xff, 0xe7, 0xd4, 0xaa, 0xff, 0xe6, 0xd3, 0xa8, 0xff, 
0xe6, 0xd3, 0xa8, 0xff, 0xe7, 0xd4, 0xaa, 0xff, 0xe6, 0xd4, 0xa9, 0xff, 0xe6, 0xd4, 0xaa, 0xff, 
0xe8, 0xd5, 0xac, 0xff, 0xe8, 0xd6, 0xab, 0xff, 0xe7, 0xd5, 0xaa, 0xff, 0xe6, 0xd4, 0xa9, 0xff, 
0xe6, 0xd4, 0xa9, 0xff, 0xe5, 0xd3, 0xa8, 0xff, 0xe6, 0xd4, 0xa9, 0xff, 0xe7, 0xd5, 0xa9, 0xff, 
0xe8, 0xd6, 0xab, 0xff, 0xe8, 0xd7, 0xae, 0xff, 0xe7, 0xd5, 0xab, 0xff, 0xe6, 0xd5, 0xa9, 0xff, 
0xe6, 0xd4, 0xa9, 0xff, 0xe7, 0xd4, 0xaa, 0xff, 0xe7, 0xd5, 0xaa, 0xff, 0xe7, 0xd5, 0xaa, 0xff, 
0xe6, 0xd5, 0xaa, 0xff, 0xe6, 0xd4, 0xaa, 0xff, 0xe6, 0xd4, 0xa9, 0xff, 0xe7, 0xd4, 0xa9, 0xff, 
0xe6, 0xd4, 0xaa, 0xff, 0xe5, 0xd3, 0xa9, 0xff, 0xe5, 0xd3, 0xa9, 0xff, 0xe5, 0xd3, 0xa9, 0xff, 
0xe4, 0xd2, 0xa6, 0xff, 0xe3, 0xd1, 0xa6, 0xff, 0xe6, 0xd3, 0xa9, 0xff, 0xe5, 0xd2, 0xa9, 0xff, 
0xe5, 0xd3, 0xa8, 0xff, 0xe6, 0xd3, 0xa9, 0xff, 0xe5, 0xd2, 0xa8, 0xff, 0xe5, 0xd2, 0xa8, 0xff, 
0xe5, 0xd3, 0xa8, 0xff, 0xe5, 0xd3, 0xa8, 0xff, 0xe5, 0xd3, 0xa9, 0xff, 0xe5, 0xd2, 0xa8, 0xff, 
0xe6, 0xd3, 0xa8, 0xff, 0xe5, 0xd4, 0xa8, 0xff, 0xe6, 0xd4, 0xa9, 0xff, 0xe7, 0xd5, 0xab, 0xff, 
0xe8, 0xd5, 0xab, 0xff, 0xe8, 0xd6, 0xaa, 0xff, 0xe8, 0xd6, 0xaa, 0xff, 0xe7, 0xd5, 0xab, 0xff, 
0xe6, 0xd5, 0xaa, 0xff, 0xe8, 0xd6, 0xab, 0xff, 0xe9, 0xd6, 0xab, 0xff, 0xe9, 0xd6, 0xab, 0xff, 
0xe9, 0xd7, 0xab, 0xff, 0xe8, 0xd7, 0xaa, 0xff, 0xe7, 0xd6, 0xaa, 0xff, 0xe7, 0xd5, 0xaa, 0xff, 
0xe9, 0xd7, 0xab, 0xff, 0xe9, 0xd7, 0xab, 0xff, 0xe8, 0xd6, 0xaa, 0xff, 0xe8, 0xd7, 0xab, 0xff, 
0xe8, 0xd7, 0xab, 0xff, 0xe9, 0xd6, 0xaa, 0xff, 0xe8, 0xd6, 0xaa, 0xff, 0xe9, 0xd6, 0xaa, 0xff, 
0xe7, 0xd5, 0xa9, 0xff, 0xe8, 0xd6, 0xaa, 0xff, 0xe9, 0xd6, 0xaa, 0xff, 0xe9, 0xd6, 0xab, 0xff, 
0xeb, 0xd8, 0xad, 0xff, 0xea, 0xd7, 0xac, 0xff, 0xe7, 0xd5, 0xa9, 0xff, 0xe8, 0xd5, 0xa9, 0xff, 
0xe8, 0xd5, 0xa9, 0xff, 0xe7, 0xd5, 0xa9, 0xff, 0xe8, 0xd6, 0xaa, 0xff, 0xe9, 0xd6, 0xab, 0xff, 
0xe9, 0xd7, 0xab, 0xff, 0xe9, 0xd7, 0xab, 0xff, 0xeb, 0xd8, 0xae, 0xff, 0xeb, 0xd9, 0xaf, 0xff, 
0xe9, 0xd7, 0xab, 0xff, 0xe9, 0xd7, 0xab, 0xff, 0xea, 0xd7, 0xab, 0xff, 0xe9, 0xd7, 0xac, 0xff, 
0xe9, 0xd7, 0xac, 0xff, 0xe9, 0xd8, 0xac, 0xff, 0xea, 0xd8, 0xad, 0xff, 0xea, 0xd7, 0xae, 0xff, 
0xe8, 0xd7, 0xab, 0xff, 0xe9, 0xd8, 0xac, 0xff, 0xeb, 0xd9, 0xb1, 0xff, 0xe9, 0xd8, 0xae, 0xff, 
0xe7, 0xd5, 0xaa, 0xff, 0xea, 0xd7, 0xad, 0xff, 0xe9, 0xd7, 0xad, 0xff, 0xe8, 0xd5, 0xaa, 0xff, 
0xe9, 0xd7, 0xac, 0xff, 0xe8, 0xd6, 0xac, 0xff, 0xe7, 0xd5, 0xab, 0xff, 0xe7, 0xd5, 0xab, 0xff, 
0xe7, 0xd5, 0xaa, 0xff, 0xe7, 0xd5, 0xab, 0xff, 0xe7, 0xd4, 0xaa, 0xff, 0xe7, 0xd4, 0xa9, 0xff, 
0xe7, 0xd5, 0xaa, 0xff, 0xe6, 0xd5, 0xaa, 0xff, 0xe7, 0xd5, 0xaa, 0xff, 0xe8, 0xd6, 0xab, 0xff, 
0xe8, 0xd6, 0xab, 0xff, 0xe8, 0xd6, 0xab, 0xff, 0xe8, 0xd6, 0xab, 0xff, 0xe7, 0xd6, 0xab, 0xff, 
0xe7, 0xd6, 0xab, 0xff, 0xe9, 0xd7, 0xac, 0xff, 0xe8, 0xd5, 0xab, 0xff, 0xe9, 0xd6, 0xab, 0xff, 
0xe9, 0xd7, 0xab, 0xff, 0xe8, 0xd7, 0xaa, 0xff, 0xe8, 0xd6, 0xaa, 0xff, 0xe8, 0xd6, 0xab, 0xff, 
0xea, 0xd8, 0xac, 0xff, 0xea, 0xd8, 0xad, 0xff, 0xea, 0xd7, 0xad, 0xff, 0xea, 0xd9, 0xae, 0xff, 
0xea, 0xd8, 0xac, 0xff, 0xea, 0xd8, 0xad, 0xff, 0xeb, 0xd9, 0xad, 0xff, 0xe9, 0xd7, 0xab, 0xff, 
0xeb, 0xd8, 0xac, 0xff, 0xec, 0xd9, 0xad, 0xff, 0xec, 0xda, 0xad, 0xff, 0xec, 0xda, 0xaf, 0xff, 
0xed, 0xda, 0xaf, 0xff, 0xeb, 0xd9, 0xad, 0xff, 0xec, 0xda, 0xad, 0xff, 0xec, 0xda, 0xae, 0xff, 
0xeb, 0xd8, 0xac, 0xff, 0xeb, 0xd9, 0xad, 0xff, 0xec, 0xd9, 0xae, 0xff, 0xed, 0xda, 0xaf, 0xff, 
0xec, 0xda, 0xaf, 0xff, 0xeb, 0xd9, 0xad, 0xff, 0xeb, 0xd9, 0xad, 0xff, 0xec, 0xda, 0xaf, 0xff, 
0xee, 0xdc, 0xb2, 0xff, 0xec, 0xdb, 0xb1, 0xff, 0xeb, 0xda, 0xaf, 0xff, 0xeb, 0xd9, 0xae, 0xff, 
0xec, 0xda, 0xae, 0xff, 0xec, 0xda, 0xaf, 0xff, 0xec, 0xda, 0xaf, 0xff, 0xeb, 0xda, 0xb0, 0xff, 
0xeb, 0xd9, 0xb0, 0xff, 0xec, 0xda, 0xaf, 0xff, 0xeb, 0xda, 0xaf, 0xff, 0xeb, 0xd9, 0xae, 0xff, 
0xed, 0xdb, 0xb1, 0xff, 0xee, 0xdd, 0xb4, 0xff, 0xec, 0xda, 0xb0, 0xff, 0xec, 0xda, 0xb0, 0xff, 
0xed, 0xdb, 0xb1, 0xff, 0xeb, 0xda, 0xaf, 0xff, 0xec, 0xda, 0xb0, 0xff, 0xec, 0xda, 0xb0, 0xff, 
0xee, 0xdb, 0xb2, 0xff, 0xed, 0xdb, 0xb0, 0xff, 0xeb, 0xd8, 0xae, 0xff, 0xed, 0xda, 0xb1, 0xff, 
0xed, 0xda, 0xb0, 0xff, 0xeb, 0xd8, 0xaf, 0xff, 0xec, 0xd9, 0xb0, 0xff, 0xeb, 0xd9, 0xaf, 0xff, 
0xea, 0xd8, 0xae, 0xff, 0xea, 0xd8, 0xae, 0xff, 0xea, 0xd8, 0xae, 0xff, 0xe9, 0xd8, 0xae, 0xff, 
0xe9, 0xd7, 0xad, 0xff, 0xe9, 0xd6, 0xac, 0xff, 0xe9, 0xd6, 0xad, 0xff, 0xe7, 0xd6, 0xac, 0xff, 
0xe8, 0xd6, 0xac, 0xff, 0xea, 0xd7, 0xad, 0xff, 0xe9, 0xd7, 0xad, 0xff, 0xe9, 0xd7, 0xad, 0xff, 
0xe9, 0xd7, 0xad, 0xff, 0xe9, 0xd7, 0xad, 0xff, 0xe9, 0xd7, 0xad, 0xff, 0xea, 0xd8, 0xae, 0xff, 
0xea, 0xd6, 0xad, 0xff, 0xe9, 0xd7, 0xac, 0xff, 0xe9, 0xd8, 0xac, 0xff, 0xe9, 0xd8, 0xab, 0xff, 
0xe9, 0xd7, 0xab, 0xff, 0xe8, 0xd6, 0xab, 0xff, 0xea, 0xd7, 0xac, 0xff, 0xe9, 0xd7, 0xab, 0xff, 
0xe9, 0xd7, 0xab, 0xff, 0xea, 0xd8, 0xac, 0xff, 0xea, 0xd7, 0xab, 0xff, 0xe9, 0xd7, 0xab, 0xff, 
0xea, 0xd8, 0xac, 0xff, 0xe9, 0xd7, 0xab, 0xff, 0xea, 0xd7, 0xaa, 0xff, 0xea, 0xd8, 0xaa, 0xff, 
0xea, 0xd7, 0xab, 0xff, 0xeb, 0xd9, 0xad, 0xff, 0xeb, 0xd9, 0xad, 0xff, 0xea, 0xd8, 0xac, 0xff, 
0xeb, 0xd9, 0xad, 0xff, 0xec, 0xda, 0xaf, 0xff, 0xed, 0xdc, 0xb1, 0xff, 0xeb, 0xda, 0xaf, 0xff, 
0xeb, 0xd9, 0xaf, 0xff, 0xec, 0xd9, 0xaf, 0xff, 0xeb, 0xd9, 0xae, 0xff, 0xeb, 0xd9, 0xae, 0xff, 
0xeb, 0xd9, 0xaf, 0xff, 0xeb, 0xd9, 0xaf, 0xff, 0xea, 0xd8, 0xb0, 0xff, 0xe9, 0xd7, 0xae, 0xff, 
0xe8, 0xd6, 0xab, 0xff, 0xe8, 0xd6, 0xac, 0xff, 0xeb, 0xd8, 0xb0, 0xff, 0xea, 0xd8, 0xaf, 0xff, 
0xe8, 0xd5, 0xab, 0xff, 0xea, 0xd7, 0xae, 0xff, 0xe8, 0xd6, 0xac, 0xff, 0xe7, 0xd5, 0xab, 0xff, 
0xe8, 0xd6, 0xab, 0xff, 0xe8, 0xd5, 0xac, 0xff, 0xe7, 0xd5, 0xab, 0xff, 0xe6, 0xd4, 0xa9, 0xff, 
0xe7, 0xd4, 0xa9, 0xff, 0xe7, 0xd4, 0xab, 0xff, 0xe7, 0xd5, 0xaa, 0xff, 0xe7, 0xd5, 0xab, 0xff, 
0xe8, 0xd5, 0xab, 0xff, 0xe8, 0xd6, 0xab, 0xff, 0xe8, 0xd7, 0xab, 0xff, 0xe8, 0xd6, 0xac, 0xff, 
0xe7, 0xd5, 0xab, 0xff, 0xe8, 0xd5, 0xaa, 0xff, 0xe9, 0xd7, 0xac, 0xff, 0xe9, 0xd6, 0xac, 0xff, 
0xec, 0xda, 0xb2, 0xff, 0xea, 0xd8, 0xb2, 0xff, 0xeb, 0xda, 0xb1, 0xff, 0xeb, 0xd9, 0xb1, 0xff, 
0xed, 0xdb, 0xb4, 0xff, 0xeb, 0xd9, 0xb2, 0xff, 0xeb, 0xd9, 0xb2, 0xff, 0xec, 0xda, 0xb2, 0xff, 
0xec, 0xda, 0xb2, 0xff, 0xec, 0xda, 0xb3, 0xff, 0xeb, 0xd9, 0xb3, 0xff, 0xea, 0xd8, 0xaf, 0xff, 
0xea, 0xd9, 0xaf, 0xff, 0xe9, 0xd7, 0xae, 0xff, 0xea, 0xd8, 0xaf, 0xff, 0xe9, 0xd8, 0xaf, 0xff, 
0xe9, 0xd8, 0xaf, 0xff, 0xe9, 0xd8, 0xae, 0xff, 0xe9, 0xd7, 0xae, 0xff, 0xe8, 0xd7, 0xad, 0xff, 
0xe8, 0xd7, 0xac, 0xff, 0xe9, 0xd7, 0xad, 0xff, 0xe9, 0xd7, 0xad, 0xff, 0xea, 0xd8, 0xaf, 0xff, 
0xe8, 0xd8, 0xae, 0xff, 0xe9, 0xd8, 0xae, 0xff, 0xea, 0xd8, 0xaf, 0xff, 0xea, 0xd9, 0xaf, 0xff, 
0xe9, 0xd7, 0xae, 0xff, 0xe8, 0xd6, 0xae, 0xff, 0xe8, 0xd7, 0xae, 0xff, 0xea, 0xd8, 0xb0, 0xff, 
0xea, 0xd8, 0xaf, 0xff, 0xe9, 0xd7, 0xb0, 0xff, 0xe9, 0xd7, 0xb0, 0xff, 0xe9, 0xd7, 0xb0, 0xff, 
0xea, 0xd8, 0xb0, 0xff, 0xea, 0xd8, 0xb1, 0xff, 0xe9, 0xd7, 0xb0, 0xff, 0xe9, 0xd8, 0xb1, 0xff, 
0xe9, 0xd7, 0xb0, 0xff, 0xe9, 0xd8, 0xb1, 0xff, 0xe9, 0xd7, 0xb1, 0xff, 0xea, 0xd9, 0xb1, 0xff, 
0xea, 0xd8, 0xb0, 0xff, 0xe8, 0xd7, 0xb0, 0xff, 0xea, 0xd8, 0xb0, 0xff, 0xeb, 0xd9, 0xb1, 0xff, 
0xeb, 0xd9, 0xb2, 0xff, 0xeb, 0xd9, 0xb2, 0xff, 0xe9, 0xd8, 0xb0, 0xff, 0xea, 0xd8, 0xb0, 0xff, 
0xea, 0xd7, 0xb0, 0xff, 0xe9, 0xd7, 0xaf, 0xff, 0xe9, 0xd7, 0xaf, 0xff, 0xe9, 0xd7, 0xaf, 0xff, 
0xea, 0xd8, 0xaf, 0xff, 0xe9, 0xd8, 0xb0, 0xff, 0xea, 0xd9, 0xb1, 0xff, 0xea, 0xd8, 0xaf, 0xff, 
0xe9, 0xd8, 0xb0, 0xff, 0xea, 0xda, 0xb0, 0xff, 0xea, 0xd8, 0xb0, 0xff, 0xeb, 0xd9, 0xb0, 0xff, 
0xeb, 0xd9, 0xb0, 0xff, 0xeb, 0xd9, 0xb2, 0xff, 0xea, 0xd9, 0xaf, 0xff, 0xec, 0xda, 0xb3, 0xff, 
0xed, 0xda, 0xb3, 0xff, 0xeb, 0xd9, 0xb1, 0xff, 0xeb, 0xd9, 0xb1, 0xff, 0xeb, 0xda, 0xb3, 0xff, 
0xea, 0xd9, 0xaf, 0xff, 0xea, 0xd8, 0xaf, 0xff, 0xeb, 0xd9, 0xb0, 0xff, 0xeb, 0xda, 0xb0, 0xff, 
0xeb, 0xda, 0xb0, 0xff, 0xec, 0xdb, 0xb0, 0xff, 0xeb, 0xd9, 0xaf, 0xff, 0xec, 0xda, 0xb2, 0xff, 
0xeb, 0xd9, 0xb2, 0xff, 0xec, 0xdb, 0xb2, 0xff, 0xea, 0xd9, 0xaf, 0xff, 0xe9, 0xd7, 0xae, 0xff, 
0xea, 0xd8, 0xae, 0xff, 0xe9, 0xd8, 0xae, 0xff, 0xea, 0xd8, 0xb0, 0xff, 0xeb, 0xda, 0xb1, 0xff, 
0xec, 0xdb, 0xb0, 0xff, 0xeb, 0xda, 0xb0, 0xff, 0xeb, 0xda, 0xb0, 0xff, 0xed, 0xdb, 0xb1, 0xff, 
0xee, 0xdc, 0xb3, 0xff, 0xed, 0xdb, 0xb2, 0xff, 0xec, 0xda, 0xb1, 0xff, 0xec, 0xdb, 0xb2, 0xff, 
0xee, 0xdc, 0xb5, 0xff, 0xee, 0xdc, 0xb5, 0xff, 0xed, 0xdb, 0xb3, 0xff, 0xed, 0xdb, 0xb4, 0xff, 
0xed, 0xdb, 0xb4, 0xff, 0xee, 0xde, 0xb7, 0xff, 0xef, 0xdd, 0xb8, 0xff, 0xee, 0xdc, 0xb6, 0xff, 
0xec, 0xdc, 0xb6, 0xff, 0xee, 0xdd, 0xb6, 0xff, 0xec, 0xdc, 0xb5, 0xff, 0xed, 0xdc, 0xb4, 0xff, 
0xec, 0xdb, 0xb4, 0xff, 0xec, 0xdb, 0xb3, 0xff, 0xed, 0xdb, 0xb3, 0xff, 0xee, 0xdc, 0xb4, 0xff, 
0xed, 0xdc, 0xb5, 0xff, 0xec, 0xdb, 0xb4, 0xff, 0xeb, 0xd9, 0xb2, 0xff, 0xec, 0xd9, 0xb2, 0xff, 
0xea, 0xd8, 0xb0, 0xff, 0xeb, 0xd9, 0xb1, 0xff, 0xea, 0xd8, 0xb0, 0xff, 0xea, 0xd8, 0xb0, 0xff, 
0xea, 0xd8, 0xb0, 0xff, 0xea, 0xd9, 0xb1, 0xff, 0xeb, 0xd9, 0xb2, 0xff, 0xea, 0xd9, 0xb0, 0xff, 
0xea, 0xd9, 0xb0, 0xff, 0xeb, 0xd9, 0xb1, 0xff, 0xeb, 0xda, 0xb0, 0xff, 0xec, 0xd9, 0xb0, 0xff, 
0xea, 0xd8, 0xb2, 0xff, 0xea, 0xd9, 0xb1, 0xff, 0xeb, 0xd9, 0xb1, 0xff, 0xed, 0xdb, 0xb4, 0xff, 
0xec, 0xda, 0xb2, 0xff, 0xec, 0xda, 0xb4, 0xff, 0xed, 0xdb, 0xb6, 0xff, 0xed, 0xdb, 0xb3, 0xff, 
0xeb, 0xda, 0xb0, 0xff, 0xec, 0xdb, 0xb2, 0xff, 0xee, 0xdc, 0xb3, 0xff, 0xed, 0xdc, 0xb3, 0xff, 
0xee, 0xdc, 0xb4, 0xff, 0xef, 0xde, 0xb4, 0xff, 0xef, 0xde, 0xb3, 0xff, 0xee, 0xdd, 0xb2, 0xff, 
0xef, 0xdd, 0xb4, 0xff, 0xef, 0xde, 0xb4, 0xff, 0xee, 0xdd, 0xb3, 0xff, 0xee, 0xdd, 0xb3, 0xff, 
0xee, 0xdc, 0xb3, 0xff, 0xee, 0xdd, 0xb2, 0xff, 0xef, 0xde, 0xb3, 0xff, 0xef, 0xde, 0xb4, 0xff, 
0xef, 0xde, 0xb3, 0xff, 0xef, 0xde, 0xb3, 0xff, 0xee, 0xdd, 0xb3, 0xff, 0xee, 0xdd, 0xb3, 0xff, 
0xef, 0xdd, 0xb3, 0xff, 0xef, 0xde, 0xb5, 0xff, 0xf0, 0xdf, 0xb6, 0xff, 0xef, 0xde, 0xb4, 0xff, 
0xef, 0xdd, 0xb4, 0xff, 0xef, 0xdd, 0xb5, 0xff, 0xf0, 0xde, 0xb7, 0xff, 0xf0, 0xde, 0xb7, 0xff, 
0xf0, 0xde, 0xb6, 0xff, 0xf0, 0xde, 0xb8, 0xff, 0xf1, 0xe0, 0xb9, 0xff, 0xf0, 0xe0, 0xba, 0xff, 
0xf1, 0xe0, 0xbc, 0xff, 0xf1, 0xdf, 0xba, 0xff, 0xf1, 0xe0, 0xb9, 0xff, 0xf0, 0xe0, 0xb9, 0xff, 
0xef, 0xdf, 0xb7, 0xff, 0xf1, 0xdf, 0xb8, 0xff, 0xf1, 0xe0, 0xb8, 0xff, 0xf0, 0xe1, 0xb9, 0xff, 
0xf1, 0xe1, 0xbb, 0xff, 0xef, 0xe0, 0xb9, 0xff, 0xef, 0xe0, 0xb7, 0xff, 0xef, 0xdf, 0xb8, 0xff, 
0xee, 0xde, 0xb7, 0xff, 0xef, 0xde, 0xb7, 0xff, 0xef, 0xde, 0xb6, 0xff, 0xee, 0xdd, 0xb6, 0xff, 
0xee, 0xdc, 0xb5, 0xff, 0xee, 0xdd, 0xb6, 0xff, 0xed, 0xde, 0xb7, 0xff, 0xec, 0xdc, 0xb6, 0xff, 
0xec, 0xda, 0xb4, 0xff, 0xec, 0xda, 0xb3, 0xff, 0xeb, 0xd9, 0xb2, 0xff, 0xeb, 0xd9, 0xb2, 0xff, 
0xeb, 0xd9, 0xb2, 0xff, 0xeb, 0xd9, 0xb2, 0xff, 0xeb, 0xd9, 0xb2, 0xff, 0xeb, 0xd9, 0xb2, 0xff, 
0xec, 0xdb, 0xb4, 0xff, 0xeb, 0xda, 0xb3, 0xff, 0xeb, 0xda, 0xb2, 0xff, 0xec, 0xda, 0xb3, 0xff, 
0xec, 0xda, 0xb1, 0xff, 0xec, 0xdb, 0xb1, 0xff, 0xeb, 0xda, 0xb2, 0xff, 0xec, 0xda, 0xb2, 0xff, 
0xec, 0xda, 0xb1, 0xff, 0xed, 0xdb, 0xb3, 0xff, 0xed, 0xdc, 0xb2, 0xff, 0xed, 0xdc, 0xb2, 0xff, 
0xee, 0xdc, 0xb3, 0xff, 0xed, 0xdb, 0xb1, 0xff, 0xed, 0xdc, 0xb2, 0xff, 0xee, 0xdd, 0xb2, 0xff, 
0xed, 0xdb, 0xb1, 0xff, 0xed, 0xdc, 0xb1, 0xff, 0xed, 0xdb, 0xb1, 0xff, 0xee, 0xdc, 0xb2, 0xff, 
0xee, 0xdd, 0xb3, 0xff, 0xee, 0xdd, 0xb2, 0xff, 0xee, 0xdd, 0xb2, 0xff, 0xee, 0xdd, 0xb2, 0xff, 
0xee, 0xdd, 0xb3, 0xff, 0xee, 0xdd, 0xb3, 0xff, 0xee, 0xdd, 0xb3, 0xff, 0xf0, 0xde, 0xb6, 0xff, 
0xef, 0xde, 0xb6, 0xff, 0xef, 0xdd, 0xb6, 0xff, 0xef, 0xdc, 0xb4, 0xff, 0xef, 0xdd, 0xb6, 0xff, 
0xef, 0xde, 0xb7, 0xff, 0xed, 0xdc, 0xb5, 0xff, 0xee, 0xdc, 0xb6, 0xff, 0xee, 0xdc, 0xb6, 0xff, 
0xee, 0xdd, 0xb6, 0xff, 0xee, 0xdd, 0xb9, 0xff, 0xee, 0xdc, 0xb7, 0xff, 0xed, 0xdc, 0xb6, 0xff, 
0xed, 0xdc, 0xb7, 0xff, 0xec, 0xdb, 0xb5, 0xff, 0xec, 0xda, 0xb3, 0xff, 0xed, 0xdb, 0xb4, 0xff, 
0xec, 0xdc, 0xb5, 0xff, 0xed, 0xdc, 0xb5, 0xff, 0xed, 0xda, 0xb4, 0xff, 0xeb, 0xd9, 0xb2, 0xff, 
0xeb, 0xd9, 0xb1, 0xff, 0xea, 0xd8, 0xb0, 0xff, 0xea, 0xd9, 0xb1, 0xff, 0xea, 0xd8, 0xb0, 0xff, 
0xea, 0xd9, 0xb0, 0xff, 0xea, 0xd9, 0xb0, 0xff, 0xeb, 0xd9, 0xb0, 0xff, 0xeb, 0xda, 0xb2, 0xff, 
0xea, 0xd8, 0xb1, 0xff, 0xea, 0xd9, 0xb0, 0xff, 0xeb, 0xd9, 0xb0, 0xff, 0xeb, 0xd9, 0xb1, 0xff, 
0xea, 0xd8, 0xb1, 0xff, 0xe8, 0xd6, 0xb1, 0xff, 0xea, 0xd8, 0xb3, 0xff, 0xea, 0xd8, 0xb2, 0xff, 
0xee, 0xdc, 0xb5, 0xff, 0xeb, 0xd9, 0xb2, 0xff, 0xea, 0xd8, 0xb3, 0xff, 0xed, 0xdb, 0xb6, 0xff, 
0xec, 0xda, 0xb4, 0xff, 0xeb, 0xd9, 0xb2, 0xff, 0xeb, 0xd9, 0xb2, 0xff, 0xeb, 0xd9, 0xb3, 0xff, 
0xeb, 0xd9, 0xb3, 0xff, 0xea, 0xd8, 0xb2, 0xff, 0xe9, 0xd7, 0xb0, 0xff, 0xe9, 0xd7, 0xaf, 0xff, 
0xe9, 0xd7, 0xaf, 0xff, 0xe9, 0xd7, 0xb0, 0xff, 0xe8, 0xd6, 0xaf, 0xff, 0xe8, 0xd6, 0xaf, 0xff, 
0xe9, 0xd7, 0xaf, 0xff, 0xe8, 0xd6, 0xae, 0xff, 0xe8, 0xd6, 0xae, 0xff, 0xe8, 0xd6, 0xaf, 0xff, 
0xe9, 0xd6, 0xb1, 0xff, 0xea, 0xd7, 0xb2, 0xff, 0xe8, 0xd7, 0xb0, 0xff, 0xe8, 0xd5, 0xae, 0xff, 
0xe8, 0xd6, 0xaf, 0xff, 0xe8, 0xd6, 0xb1, 0xff, 0xe9, 0xd7, 0xb0, 0xff, 0xe8, 0xd6, 0xaf, 0xff, 
0xe8, 0xd6, 0xb0, 0xff, 0xe9, 0xd6, 0xb1, 0xff, 0xe9, 0xd7, 0xb1, 0xff, 0xe9, 0xd7, 0xb2, 0xff, 
0xea, 0xd8, 0xb2, 0xff, 0xe9, 0xd7, 0xb2, 0xff, 0xea, 0xd9, 0xb3, 0xff, 0xea, 0xd8, 0xb3, 0xff, 
0xe9, 0xd8, 0xb3, 0xff, 0xeb, 0xd9, 0xb5, 0xff, 0xe9, 0xd8, 0xb3, 0xff, 0xea, 0xd9, 0xb2, 0xff, 
0xeb, 0xd9, 0xb3, 0xff, 0xe9, 0xd9, 0xb3, 0xff, 0xec, 0xdb, 0xb5, 0xff, 0xec, 0xda, 0xb4, 0xff, 
0xeb, 0xd9, 0xb3, 0xff, 0xea, 0xd8, 0xb3, 0xff, 0xe9, 0xd7, 0xb2, 0xff, 0xea, 0xd8, 0xb3, 0xff, 
0xea, 0xd8, 0xb3, 0xff, 0xe9, 0xd7, 0xb2, 0xff, 0xe8, 0xd6, 0xb0, 0xff, 0xe8, 0xd6, 0xae, 0xff, 
0xe9, 0xd7, 0xb0, 0xff, 0xe9, 0xd7, 0xb1, 0xff, 0xe8, 0xd6, 0xb0, 0xff, 0xe8, 0xd6, 0xb0, 0xff, 
0xe9, 0xd7, 0xb1, 0xff, 0xe9, 0xd7, 0xb0, 0xff, 0xe9, 0xd7, 0xb1, 0xff, 0xe9, 0xd8, 0xb1, 0xff, 
0xe8, 0xd6, 0xaf, 0xff, 0xe9, 0xd7, 0xb0, 0xff, 0xe9, 0xd7, 0xaf, 0xff, 0xeb, 0xd9, 0xb1, 0xff, 
0xec, 0xda, 0xb3, 0xff, 0xe8, 0xd6, 0xae, 0xff, 0xe9, 0xd7, 0xb1, 0xff, 0xea, 0xd9, 0xb2, 0xff, 
0xe9, 0xd7, 0xaf, 0xff, 0xe8, 0xd5, 0xae, 0xff, 0xe8, 0xd6, 0xaf, 0xff, 0xeb, 0xd9, 0xb0, 0xff, 
0xec, 0xd9, 0xaf, 0xff, 0xe8, 0xd7, 0xad, 0xff, 0xe9, 0xd8, 0xaf, 0xff, 0xea, 0xd9, 0xb1, 0xff, 
0xe8, 0xd6, 0xae, 0xff, 0xe9, 0xd7, 0xaf, 0xff, 0xea, 0xd8, 0xb0, 0xff, 0xe9, 0xd8, 0xb0, 0xff, 
0xe9, 0xd8, 0xb0, 0xff, 0xe8, 0xd7, 0xae, 0xff, 0xea, 0xd7, 0xb0, 0xff, 0xea, 0xd8, 0xb0, 0xff, 
0xea, 0xd8, 0xaf, 0xff, 0xea, 0xd9, 0xb1, 0xff, 0xec, 0xda, 0xb2, 0xff, 0xec, 0xda, 0xb3, 0xff, 
0xeb, 0xd9, 0xb2, 0xff, 0xeb, 0xd9, 0xb4, 0xff, 0xec, 0xdb, 0xb5, 0xff, 0xee, 0xdc, 0xb6, 0xff, 
0xef, 0xdd, 0xb8, 0xff, 0xee, 0xdb, 0xb5, 0xff, 0xed, 0xdb, 0xb5, 0xff, 0xee, 0xdb, 0xb5, 0xff, 
0xee, 0xdb, 0xb5, 0xff, 0xef, 0xde, 0xbb, 0xff, 0xef, 0xdf, 0xba, 0xff, 0xed, 0xdd, 0xb6, 0xff, 
0xef, 0xde, 0xba, 0xff, 0xef, 0xdd, 0xb9, 0xff, 0xed, 0xdc, 0xb6, 0xff, 0xef, 0xdd, 0xb7, 0xff, 
0xee, 0xdb, 0xb6, 0xff, 0xee, 0xdd, 0xb7, 0xff, 0xf0, 0xde, 0xb8, 0xff, 0xee, 0xdb, 0xb6, 0xff, 
0xed, 0xdb, 0xb6, 0xff, 0xed, 0xdb, 0xb5, 0xff, 0xec, 0xda, 0xb4, 0xff, 0xec, 0xda, 0xb5, 0xff, 
0xeb, 0xd9, 0xb4, 0xff, 0xea, 0xd8, 0xb3, 0xff, 0xea, 0xd8, 0xb1, 0xff, 0xea, 0xd8, 0xb1, 0xff, 
0xea, 0xd8, 0xb2, 0xff, 0xe9, 0xd7, 0xb1, 0xff, 0xe9, 0xd7, 0xb0, 0xff, 0xe9, 0xd7, 0xb2, 0xff, 
0xea, 0xd7, 0xb1, 0xff, 0xe9, 0xd7, 0xb0, 0xff, 0xea, 0xd8, 0xaf, 0xff, 0xea, 0xd8, 0xb0, 0xff, 
0xe9, 0xd6, 0xb1, 0xff, 0xe9, 0xd7, 0xb0, 0xff, 0xea, 0xd8, 0xb0, 0xff, 0xed, 0xdb, 0xb3, 0xff, 
0xea, 0xd8, 0xb1, 0xff, 0xe9, 0xd7, 0xb0, 0xff, 0xec, 0xda, 0xb4, 0xff, 0xeb, 0xd9, 0xb2, 0xff, 
0xea, 0xd8, 0xb0, 0xff, 0xeb, 0xd9, 0xb1, 0xff, 0xec, 0xda, 0xb2, 0xff, 0xee, 0xdc, 0xb4, 0xff, 
0xec, 0xda, 0xb3, 0xff, 0xeb, 0xd9, 0xb0, 0xff, 0xed, 0xdd, 0xb2, 0xff, 0xec, 0xdb, 0xb0, 0xff, 
0xec, 0xda, 0xb1, 0xff, 0xee, 0xdc, 0xb3, 0xff, 0xed, 0xdb, 0xb0, 0xff, 0xed, 0xdc, 0xb2, 0xff, 
0xee, 0xdc, 0xb4, 0xff, 0xed, 0xdb, 0xb3, 0xff, 0xee, 0xdc, 0xb4, 0xff, 0xed, 0xdc, 0xb2, 0xff, 
0xed, 0xdc, 0xb1, 0xff, 0xee, 0xdc, 0xb2, 0xff, 0xee, 0xdd, 0xb3, 0xff, 0xef, 0xdd, 0xb5, 0xff, 
0xef, 0xde, 0xb7, 0xff, 0xef, 0xdd, 0xb6, 0xff, 0xef, 0xdc, 0xb4, 0xff, 0xef, 0xdd, 0xb6, 0xff, 
0xf0, 0xde, 0xb8, 0xff, 0xf0, 0xde, 0xb9, 0xff, 0xef, 0xde, 0xb9, 0xff, 0xf0, 0xde, 0xb8, 0xff, 
0xf0, 0xde, 0xb8, 0xff, 0xf1, 0xdf, 0xb9, 0xff, 0xf0, 0xe0, 0xbb, 0xff, 0xef, 0xe0, 0xbd, 0xff, 
0xf1, 0xe1, 0xbe, 0xff, 0xef, 0xe0, 0xbb, 0xff, 0xf1, 0xe0, 0xbc, 0xff, 0xf1, 0xe0, 0xbb, 0xff, 
0xf0, 0xdf, 0xb9, 0xff, 0xf4, 0xe1, 0xbc, 0xff, 0xf1, 0xe1, 0xbb, 0xff, 0xf0, 0xe1, 0xba, 0xff, 
0xf1, 0xe1, 0xbb, 0xff, 0xf0, 0xdf, 0xb9, 0xff, 0xf1, 0xe1, 0xbb, 0xff, 0xf1, 0xe0, 0xbb, 0xff, 
0xef, 0xde, 0xb8, 0xff, 0xf0, 0xdf, 0xb9, 0xff, 0xef, 0xde, 0xb8, 0xff, 0xef, 0xde, 0xb8, 0xff, 
0xf1, 0xdf, 0xb9, 0xff, 0xf0, 0xde, 0xb8, 0xff, 0xed, 0xdd, 0xb6, 0xff, 0xed, 0xdc, 0xb7, 0xff, 
0xed, 0xdb, 0xb8, 0xff, 0xec, 0xdb, 0xb6, 0xff, 0xed, 0xda, 0xb4, 0xff, 0xec, 0xd9, 0xb4, 0xff, 
0xeb, 0xda, 0xb4, 0xff, 0xeb, 0xd9, 0xb4, 0xff, 0xeb, 0xd9, 0xb4, 0xff, 0xeb, 0xd9, 0xb3, 0xff, 
0xea, 0xd8, 0xb2, 0xff, 0xeb, 0xd8, 0xb3, 0xff, 0xeb, 0xd8, 0xb3, 0xff, 0xea, 0xd9, 0xb3, 0xff, 
0xeb, 0xd9, 0xb3, 0xff, 0xeb, 0xd9, 0xb2, 0xff, 0xea, 0xd8, 0xb2, 0xff, 0xea, 0xd8, 0xb1, 0xff, 
0xeb, 0xd9, 0xb1, 0xff, 0xed, 0xdb, 0xb3, 0xff, 0xeb, 0xda, 0xb1, 0xff, 0xeb, 0xd9, 0xb1, 0xff, 
0xec, 0xda, 0xb2, 0xff, 0xea, 0xd8, 0xb0, 0xff, 0xec, 0xdb, 0xb0, 0xff, 0xec, 0xdc, 0xb1, 0xff, 
0xec, 0xda, 0xb0, 0xff, 0xed, 0xdb, 0xb2, 0xff, 0xec, 0xdb, 0xb1, 0xff, 0xed, 0xdc, 0xb1, 0xff, 
0xec, 0xdb, 0xb2, 0xff, 0xec, 0xda, 0xaf, 0xff, 0xed, 0xdb, 0xaf, 0xff, 0xed, 0xdc, 0xb1, 0xff, 
0xed, 0xdb, 0xb3, 0xff, 0xed, 0xdb, 0xb4, 0xff, 0xef, 0xdd, 0xb7, 0xff, 0xee, 0xdc, 0xb5, 0xff, 
0xed, 0xdb, 0xb4, 0xff, 0xee, 0xdc, 0xb7, 0xff, 0xee, 0xdc, 0xb7, 0xff, 0xef, 0xdd, 0xb7, 0xff, 
0xee, 0xdc, 0xb6, 0xff, 0xec, 0xdb, 0xb5, 0xff, 0xee, 0xdc, 0xb6, 0xff, 0xef, 0xdc, 0xb6, 0xff, 
0xee, 0xdc, 0xb8, 0xff, 0xee, 0xdf, 0xbc, 0xff, 0xee, 0xdd, 0xb9, 0xff, 0xec, 0xdc, 0xb6, 0xff, 
0xee, 0xde, 0xb9, 0xff, 0xed, 0xdb, 0xb5, 0xff, 0xee, 0xdd, 0xb8, 0xff, 0xf0, 0xde, 0xb9, 0xff, 
0xec, 0xdc, 0xb6, 0xff, 0xec, 0xdb, 0xb5, 0xff, 0xec, 0xda, 0xb5, 0xff, 0xec, 0xda, 0xb4, 0xff, 
0xec, 0xda, 0xb4, 0xff, 0xeb, 0xd9, 0xb4, 0xff, 0xea, 0xd8, 0xb3, 0xff, 0xeb, 0xd8, 0xb3, 0xff, 
0xea, 0xd9, 0xb2, 0xff, 0xea, 0xd9, 0xb2, 0xff, 0xea, 0xd8, 0xb2, 0xff, 0xe9, 0xd7, 0xb1, 0xff, 
0xea, 0xd8, 0xb2, 0xff, 0xea, 0xd8, 0xb2, 0xff, 0xea, 0xd8, 0xb1, 0xff, 0xea, 0xd8, 0xb1, 0xff, 
0xe9, 0xd7, 0xb0, 0xff, 0xe9, 0xd6, 0xb0, 0xff, 0xe8, 0xd6, 0xb0, 0xff, 0xe8, 0xd6, 0xb0, 0xff, 
0xea, 0xd7, 0xb1, 0xff, 0xea, 0xd8, 0xb1, 0xff, 0xe9, 0xd7, 0xb1, 0xff, 0xea, 0xd7, 0xb2, 0xff, 
0xea, 0xd7, 0xb1, 0xff, 0xea, 0xd7, 0xb1, 0xff, 0xea, 0xd8, 0xaf, 0xff, 0xe9, 0xd7, 0xaf, 0xff, 
0xe9, 0xd6, 0xb0, 0xff, 0xea, 0xd8, 0xb2, 0xff, 0xe9, 0xd6, 0xb0, 0xff, 0xea, 0xd8, 0xb1, 0xff, 
0xe9, 0xd7, 0xb0, 0xff, 0xe8, 0xd6, 0xb0, 0xff, 0xe9, 0xd6, 0xb0, 0xff, 0xe8, 0xd6, 0xb0, 0xff, 
0xe9, 0xd7, 0xb1, 0xff, 0xe8, 0xd5, 0xaf, 0xff, 0xe8, 0xd5, 0xad, 0xff, 0xe9, 0xd7, 0xb0, 0xff, 
0xe8, 0xd6, 0xaf, 0xff, 0xe9, 0xd8, 0xb4, 0xff, 0xe9, 0xd7, 0xb3, 0xff, 0xe7, 0xd5, 0xad, 0xff, 
0xe8, 0xd6, 0xaf, 0xff, 0xe8, 0xd6, 0xaf, 0xff, 0xe9, 0xd7, 0xb0, 0xff, 0xe8, 0xd6, 0xb0, 0xff, 
0xe7, 0xd5, 0xaf, 0xff, 0xe8, 0xd6, 0xb0, 0xff, 0xe8, 0xd5, 0xb0, 0xff, 0xeb, 0xd8, 0xb2, 0xff, 
0xe9, 0xd6, 0xb0, 0xff, 0xe8, 0xd6, 0xb1, 0xff, 0xe9, 0xd7, 0xb3, 0xff, 0xe9, 0xd6, 0xb1, 0xff, 
0xea, 0xd8, 0xb2, 0xff, 0xea, 0xd9, 0xb3, 0xff, 0xe8, 0xd6, 0xb0, 0xff, 0xe8, 0xd5, 0xaf, 0xff, 
0xe9, 0xd7, 0xb1, 0xff, 0xea, 0xd8, 0xb2, 0xff, 0xea, 0xd8, 0xb2, 0xff, 0xe9, 0xd7, 0xb1, 0xff, 
0xea, 0xd7, 0xb1, 0xff, 0xe9, 0xd6, 0xb0, 0xff, 0xe9, 0xd7, 0xb1, 0xff, 0xe8, 0xd6, 0xb0, 0xff, 
0xe9, 0xd7, 0xb1, 0xff, 0xe9, 0xd7, 0xb1, 0xff, 0xe8, 0xd6, 0xb0, 0xff, 0xea, 0xd7, 0xb1, 0xff, 
0xe8, 0xd6, 0xb0, 0xff, 0xe9, 0xd7, 0xb0, 0xff, 0xe8, 0xd6, 0xaf, 0xff, 0xe7, 0xd5, 0xaf, 0xff, 
0xe8, 0xd6, 0xb0, 0xff, 0xe8, 0xd5, 0xaf, 0xff, 0xea, 0xd8, 0xaf, 0xff, 0xe9, 0xd7, 0xb0, 0xff, 
0xe8, 0xd6, 0xb0, 0xff, 0xe7, 0xd5, 0xaf, 0xff, 0xe7, 0xd5, 0xaf, 0xff, 0xe7, 0xd5, 0xaf, 0xff, 
0xe9, 0xd7, 0xaf, 0xff, 0xe8, 0xd6, 0xaf, 0xff, 0xe6, 0xd4, 0xad, 0xff, 0xe6, 0xd4, 0xad, 0xff, 
0xe7, 0xd5, 0xad, 0xff, 0xe7, 0xd5, 0xad, 0xff, 0xe7, 0xd5, 0xad, 0xff, 0xe8, 0xd6, 0xad, 0xff, 
0xe8, 0xd5, 0xac, 0xff, 0xe6, 0xd4, 0xac, 0xff, 0xe7, 0xd5, 0xae, 0xff, 0xe9, 0xd7, 0xb0, 0xff, 
0xe8, 0xd6, 0xae, 0xff, 0xe7, 0xd5, 0xac, 0xff, 0xe7, 0xd5, 0xac, 0xff, 0xe9, 0xd6, 0xaf, 0xff, 
0xe9, 0xd7, 0xb0, 0xff, 0xe8, 0xd6, 0xaf, 0xff, 0xe8, 0xd7, 0xaf, 0xff, 0xe8, 0xd6, 0xae, 0xff, 
0xe9, 0xd7, 0xb0, 0xff, 0xea, 0xd8, 0xb0, 0xff, 0xe9, 0xd8, 0xb1, 0xff, 0xeb, 0xdb, 0xb7, 0xff, 
0xea, 0xd9, 0xb4, 0xff, 0xea, 0xd8, 0xb2, 0xff, 0xea, 0xd8, 0xb1, 0xff, 0xec, 0xdb, 0xb7, 0xff, 
0xee, 0xdd, 0xba, 0xff, 0xeb, 0xda, 0xb4, 0xff, 0xed, 0xdc, 0xb8, 0xff, 0xed, 0xdb, 0xb6, 0xff, 
0xeb, 0xd9, 0xb3, 0xff, 0xec, 0xdc, 0xb8, 0xff, 0xec, 0xde, 0xba, 0xff, 0xec, 0xdc, 0xb7, 0xff, 
0xef, 0xde, 0xba, 0xff, 0xee, 0xdd, 0xb8, 0xff, 0xeb, 0xd8, 0xb3, 0xff, 0xeb, 0xda, 0xb4, 0xff, 
0xed, 0xdb, 0xb5, 0xff, 0xed, 0xdb, 0xb6, 0xff, 0xeb, 0xda, 0xb5, 0xff, 0xea, 0xd9, 0xb4, 0xff, 
0xeb, 0xd9, 0xb3, 0xff, 0xeb, 0xd9, 0xb3, 0xff, 0xeb, 0xd9, 0xb3, 0xff, 0xea, 0xd8, 0xb2, 0xff, 
0xea, 0xd9, 0xb3, 0xff, 0xe8, 0xd7, 0xb1, 0xff, 0xea, 0xd8, 0xb0, 0xff, 0xea, 0xd8, 0xb1, 0xff, 
0xe9, 0xd7, 0xb0, 0xff, 0xe9, 0xd7, 0xb1, 0xff, 0xe7, 0xd5, 0xae, 0xff, 0xe7, 0xd5, 0xb0, 0xff, 
0xe7, 0xd5, 0xb0, 0xff, 0xe9, 0xd7, 0xaf, 0xff, 0xea, 0xd8, 0xb0, 0xff, 0xe8, 0xd6, 0xb0, 0xff, 
0xe8, 0xd6, 0xaf, 0xff, 0xe8, 0xd5, 0xae, 0xff, 0xe8, 0xd6, 0xaf, 0xff, 0xe8, 0xd6, 0xae, 0xff, 
0xe9, 0xd8, 0xb0, 0xff, 0xe8, 0xd6, 0xae, 0xff, 0xe7, 0xd5, 0xad, 0xff, 0xe7, 0xd5, 0xae, 0xff, 
0xe8, 0xd6, 0xae, 0xff, 0xe8, 0xd7, 0xae, 0xff, 0xe8, 0xd7, 0xad, 0xff, 0xea, 0xd8, 0xaf, 0xff, 
0xe9, 0xd7, 0xb0, 0xff, 0xe8, 0xd7, 0xac, 0xff, 0xeb, 0xd9, 0xae, 0xff, 0xeb, 0xda, 0xaf, 0xff, 
0xeb, 0xd9, 0xaf, 0xff, 0xea, 0xd9, 0xae, 0xff, 0xeb, 0xd9, 0xae, 0xff, 0xec, 0xdb, 0xb1, 0xff, 
0xeb, 0xda, 0xb0, 0xff, 0xeb, 0xd9, 0xb0, 0xff, 0xed, 0xdb, 0xb3, 0xff, 0xec, 0xda, 0xb2, 0xff, 
0xeb, 0xd9, 0xb1, 0xff, 0xeb, 0xd9, 0xb1, 0xff, 0xee, 0xdc, 0xb3, 0xff, 0xee, 0xdc, 0xb3, 0xff, 
0xf0, 0xdf, 0xb9, 0xff, 0xef, 0xde, 0xba, 0xff, 0xed, 0xda, 0xb4, 0xff, 0xed, 0xdb, 0xb5, 0xff, 
0xee, 0xdc, 0xb5, 0xff, 0xf0, 0xdf, 0xbb, 0xff, 0xf0, 0xdf, 0xb9, 0xff, 0xef, 0xdd, 0xb6, 0xff, 
0xee, 0xdc, 0xb6, 0xff, 0xef, 0xdd, 0xb7, 0xff, 0xef, 0xde, 0xb9, 0xff, 0xf0, 0xe0, 0xbd, 0xff, 
0xf1, 0xe2, 0xbf, 0xff, 0xef, 0xdf, 0xbb, 0xff, 0xf0, 0xde, 0xb9, 0xff, 0xf1, 0xdf, 0xb8, 0xff, 
0xf2, 0xdf, 0xb9, 0xff, 0xf1, 0xe0, 0xbc, 0xff, 0xef, 0xdf, 0xb9, 0xff, 0xf1, 0xdf, 0xb9, 0xff, 
0xf1, 0xdf, 0xb9, 0xff, 0xf1, 0xde, 0xba, 0xff, 0xf1, 0xdf, 0xbb, 0xff, 0xf0, 0xdf, 0xbb, 0xff, 
0xef, 0xdc, 0xb7, 0xff, 0xef, 0xdc, 0xb7, 0xff, 0xf0, 0xdd, 0xb8, 0xff, 0xef, 0xdd, 0xb8, 0xff, 
0xee, 0xdc, 0xb7, 0xff, 0xec, 0xdb, 0xb6, 0xff, 0xed, 0xda, 0xb5, 0xff, 0xed, 0xdb, 0xb5, 0xff, 
0xec, 0xda, 0xb6, 0xff, 0xeb, 0xd9, 0xb4, 0xff, 0xeb, 0xda, 0xb6, 0xff, 0xea, 0xd8, 0xb3, 0xff, 
0xeb, 0xd9, 0xb3, 0xff, 0xeb, 0xd9, 0xb3, 0xff, 0xeb, 0xd8, 0xb2, 0xff, 0xea, 0xd8, 0xb2, 0xff, 
0xe9, 0xd6, 0xb0, 0xff, 0xe9, 0xd7, 0xb2, 0xff, 0xe7, 0xd7, 0xb2, 0xff, 0xea, 0xd8, 0xb2, 0xff, 
0xeb, 0xd9, 0xb3, 0xff, 0xe9, 0xd7, 0xb1, 0xff, 0xe9, 0xd7, 0xb0, 0xff, 0xe9, 0xd7, 0xaf, 0xff, 
0xe9, 0xd7, 0xb0, 0xff, 0xe9, 0xd7, 0xaf, 0xff, 0xe9, 0xd7, 0xae, 0xff, 0xe8, 0xd6, 0xae, 0xff, 
0xe8, 0xd6, 0xae, 0xff, 0xe9, 0xd7, 0xaf, 0xff, 0xe9, 0xd8, 0xae, 0xff, 0xe9, 0xd8, 0xad, 0xff, 
0xeb, 0xd9, 0xaf, 0xff, 0xeb, 0xda, 0xaf, 0xff, 0xea, 0xd8, 0xad, 0xff, 0xeb, 0xd9, 0xb0, 0xff, 
0xeb, 0xd9, 0xb1, 0xff, 0xea, 0xd9, 0xaf, 0xff, 0xeb, 0xd9, 0xae, 0xff, 0xeb, 0xd9, 0xb1, 0xff, 
0xec, 0xda, 0xb2, 0xff, 0xec, 0xda, 0xb2, 0xff, 0xee, 0xdd, 0xb9, 0xff, 0xed, 0xdb, 0xb6, 0xff, 
0xeb, 0xd9, 0xb2, 0xff, 0xeb, 0xd9, 0xb2, 0xff, 0xec, 0xda, 0xb5, 0xff, 0xee, 0xde, 0xb9, 0xff, 
0xed, 0xdb, 0xb5, 0xff, 0xec, 0xd9, 0xb4, 0xff, 0xec, 0xda, 0xb4, 0xff, 0xed, 0xdb, 0xb5, 0xff, 
0xec, 0xda, 0xb5, 0xff, 0xee, 0xde, 0xbb, 0xff, 0xec, 0xdd, 0xba, 0xff, 0xea, 0xd9, 0xb4, 0xff, 
0xeb, 0xda, 0xb5, 0xff, 0xec, 0xdb, 0xb5, 0xff, 0xec, 0xdb, 0xb6, 0xff, 0xeb, 0xda, 0xb5, 0xff, 
0xea, 0xd9, 0xb3, 0xff, 0xeb, 0xd8, 0xb3, 0xff, 0xeb, 0xd9, 0xb2, 0xff, 0xeb, 0xd9, 0xb3, 0xff, 
0xeb, 0xd8, 0xb2, 0xff, 0xea, 0xd9, 0xb2, 0xff, 0xe8, 0xd6, 0xb0, 0xff, 0xea, 0xd8, 0xb1, 0xff, 
0xe9, 0xd7, 0xb1, 0xff, 0xe9, 0xd7, 0xb0, 0xff, 0xea, 0xd7, 0xb1, 0xff, 0xe8, 0xd5, 0xaf, 0xff, 
0xe9, 0xd7, 0xb1, 0xff, 0xe8, 0xd6, 0xb1, 0xff, 0xea, 0xd7, 0xb0, 0xff, 0xeb, 0xd9, 0xb1, 0xff, 
0xe6, 0xd4, 0xaf, 0xff, 0xe8, 0xd6, 0xb0, 0xff, 0xe9, 0xd7, 0xb0, 0xff, 0xe7, 0xd6, 0xb0, 0xff, 
0xe5, 0xd4, 0xae, 0xff, 0xe5, 0xd3, 0xae, 0xff, 0xe8, 0xd5, 0xaf, 0xff, 0xe7, 0xd5, 0xaf, 0xff, 
0xe7, 0xd5, 0xae, 0xff, 0xe7, 0xd5, 0xaf, 0xff, 0xe7, 0xd5, 0xaf, 0xff, 0xe8, 0xd6, 0xb0, 0xff, 
0xe8, 0xd6, 0xb0, 0xff, 0xe7, 0xd5, 0xae, 0xff, 0xe6, 0xd4, 0xae, 0xff, 0xe6, 0xd5, 0xaf, 0xff, 
0xe6, 0xd4, 0xae, 0xff, 0xe6, 0xd4, 0xae, 0xff, 0xe6, 0xd5, 0xaf, 0xff, 0xe6, 0xd4, 0xae, 0xff, 
0xe5, 0xd3, 0xae, 0xff, 0xe6, 0xd5, 0xaf, 0xff, 0xe5, 0xd4, 0xae, 0xff, 0xe6, 0xd3, 0xae, 0xff, 
0xe5, 0xd4, 0xad, 0xff, 0xe4, 0xd5, 0xb0, 0xff, 0xe6, 0xd5, 0xb2, 0xff, 0xe5, 0xd3, 0xad, 0xff, 
0xe5, 0xd4, 0xb0, 0xff, 0xe5, 0xd4, 0xaf, 0xff, 0xe6, 0xd4, 0xae, 0xff, 0xe6, 0xd5, 0xaf, 0xff, 
0xe5, 0xd3, 0xaf, 0xff, 0xe5, 0xd5, 0xb1, 0xff, 0xe6, 0xd5, 0xb1, 0xff, 0xe5, 0xd4, 0xaf, 0xff, 
0xe5, 0xd3, 0xae, 0xff, 0xe6, 0xd5, 0xb1, 0xff, 0xe5, 0xd5, 0xb1, 0xff, 0xe5, 0xd4, 0xb0, 0xff, 
0xe6, 0xd4, 0xaf, 0xff, 0xe7, 0xd6, 0xb3, 0xff, 0xe6, 0xd5, 0xb1, 0xff, 0xe7, 0xd5, 0xaf, 0xff, 
0xe9, 0xd6, 0xb0, 0xff, 0xe8, 0xd5, 0xaf, 0xff, 0xe7, 0xd5, 0xaf, 0xff, 0xe6, 0xd4, 0xaf, 0xff, 
0xe6, 0xd4, 0xae, 0xff, 0xe6, 0xd4, 0xae, 0xff, 0xe7, 0xd6, 0xb0, 0xff, 0xe7, 0xd6, 0xb0, 0xff, 
0xe6, 0xd4, 0xae, 0xff, 0xe6, 0xd4, 0xae, 0xff, 0xe6, 0xd4, 0xae, 0xff, 0xe7, 0xd5, 0xaf, 0xff, 
0xe6, 0xd4, 0xae, 0xff, 0xe6, 0xd5, 0xaf, 0xff, 0xe6, 0xd5, 0xae, 0xff, 0xe4, 0xd2, 0xad, 0xff, 
0xe7, 0xd6, 0xb1, 0xff, 0xe6, 0xd5, 0xaf, 0xff, 0xe4, 0xd3, 0xac, 0xff, 0xe5, 0xd3, 0xac, 0xff, 
0xe6, 0xd4, 0xae, 0xff, 0xe6, 0xd5, 0xaf, 0xff, 0xe8, 0xd6, 0xb0, 0xff, 0xe7, 0xd5, 0xaf, 0xff, 
0xe4, 0xd2, 0xaa, 0xff, 0xe4, 0xd2, 0xab, 0xff, 0xe5, 0xd3, 0xab, 0xff, 0xe5, 0xd3, 0xad, 0xff, 
0xe6, 0xd4, 0xad, 0xff, 0xe5, 0xd3, 0xab, 0xff, 0xe4, 0xd2, 0xaa, 0xff, 0xe4, 0xd2, 0xaa, 0xff, 
0xe6, 0xd3, 0xaa, 0xff, 0xe6, 0xd4, 0xab, 0xff, 0xe6, 0xd4, 0xac, 0xff, 0xe7, 0xd5, 0xae, 0xff, 
0xe6, 0xd4, 0xab, 0xff, 0xe6, 0xd4, 0xad, 0xff, 0xe6, 0xd4, 0xab, 0xff, 0xe5, 0xd3, 0xab, 0xff, 
0xe5, 0xd3, 0xab, 0xff, 0xe7, 0xd5, 0xaf, 0xff, 0xe7, 0xd6, 0xaf, 0xff, 0xe7, 0xd5, 0xae, 0xff, 
0xe7, 0xd5, 0xaf, 0xff, 0xe7, 0xd6, 0xaf, 0xff, 0xe6, 0xd6, 0xaf, 0xff, 0xe8, 0xd8, 0xb3, 0xff, 
0xe7, 0xd7, 0xb1, 0xff, 0xe7, 0xd7, 0xb1, 0xff, 0xe9, 0xd9, 0xb4, 0xff, 0xe8, 0xd7, 0xb3, 0xff, 
0xe7, 0xd8, 0xb3, 0xff, 0xe8, 0xd8, 0xb3, 0xff, 0xe9, 0xd9, 0xb5, 0xff, 0xe8, 0xd9, 0xb5, 0xff, 
0xe8, 0xd8, 0xb4, 0xff, 0xe9, 0xd9, 0xb5, 0xff, 0xe9, 0xd9, 0xb6, 0xff, 0xe8, 0xd8, 0xb5, 0xff, 
0xe9, 0xda, 0xb7, 0xff, 0xea, 0xda, 0xb8, 0xff, 0xe8, 0xd8, 0xb5, 0xff, 0xea, 0xd9, 0xb4, 0xff, 
0xec, 0xda, 0xb4, 0xff, 0xea, 0xd8, 0xb2, 0xff, 0xe7, 0xd7, 0xb2, 0xff, 0xe7, 0xd7, 0xb1, 0xff, 
0xe9, 0xd7, 0xb2, 0xff, 0xe8, 0xd7, 0xb1, 0xff, 0xe9, 0xd8, 0xb2, 0xff, 0xe8, 0xd7, 0xb0, 0xff, 
0xe8, 0xd6, 0xb0, 0xff, 0xe7, 0xd5, 0xaf, 0xff, 0xe7, 0xd6, 0xb0, 0xff, 0xe7, 0xd5, 0xaf, 0xff, 
0xe6, 0xd4, 0xae, 0xff, 0xe8, 0xd6, 0xaf, 0xff, 0xe5, 0xd3, 0xad, 0xff, 0xe6, 0xd5, 0xb0, 0xff, 
0xe6, 0xd6, 0xb1, 0xff, 0xe5, 0xd3, 0xae, 0xff, 0xe5, 0xd3, 0xad, 0xff, 0xe6, 0xd4, 0xae, 0xff, 
0xe7, 0xd5, 0xaf, 0xff, 0xe8, 0xd7, 0xb1, 0xff, 0xe8, 0xd6, 0xb0, 0xff, 0xe5, 0xd2, 0xac, 0xff, 
0xe3, 0xd1, 0xab, 0xff, 0xe5, 0xd3, 0xad, 0xff, 0xe5, 0xd3, 0xad, 0xff, 0xe6, 0xd4, 0xad, 0xff, 
0xe5, 0xd3, 0xab, 0xff, 0xe5, 0xd3, 0xab, 0xff, 0xe6, 0xd3, 0xab, 0xff, 0xe6, 0xd4, 0xab, 0xff, 
0xe7, 0xd5, 0xad, 0xff, 0xe7, 0xd5, 0xac, 0xff, 0xe8, 0xd7, 0xab, 0xff, 0xe9, 0xd5, 0xac, 0xff, 
0xe9, 0xd6, 0xb0, 0xff, 0xe8, 0xd7, 0xae, 0xff, 0xe7, 0xd6, 0xac, 0xff, 0xe7, 0xd6, 0xad, 0xff, 
0xe8, 0xd7, 0xad, 0xff, 0xe8, 0xd6, 0xae, 0xff, 0xe9, 0xd7, 0xaf, 0xff, 0xea, 0xd8, 0xb2, 0xff, 
0xea, 0xd8, 0xb2, 0xff, 0xe9, 0xd7, 0xaf, 0xff, 0xea, 0xd8, 0xb0, 0xff, 0xea, 0xd9, 0xb0, 0xff, 
0xeb, 0xda, 0xb5, 0xff, 0xec, 0xdb, 0xb7, 0xff, 0xea, 0xd8, 0xb2, 0xff, 0xeb, 0xdb, 0xb5, 0xff, 
0xec, 0xda, 0xb3, 0xff, 0xec, 0xda, 0xb4, 0xff, 0xec, 0xda, 0xb5, 0xff, 0xec, 0xda, 0xb4, 0xff, 
0xec, 0xdb, 0xb6, 0xff, 0xeb, 0xdc, 0xb7, 0xff, 0xec, 0xdb, 0xb7, 0xff, 0xed, 0xdc, 0xb8, 0xff, 
0xed, 0xdd, 0xbb, 0xff, 0xec, 0xdd, 0xbb, 0xff, 0xed, 0xdc, 0xb8, 0xff, 0xee, 0xdd, 0xb9, 0xff, 
0xee, 0xdd, 0xb9, 0xff, 0xed, 0xdd, 0xb8, 0xff, 0xec, 0xdc, 0xb7, 0xff, 0xee, 0xdc, 0xb8, 0xff, 
0xee, 0xdc, 0xb7, 0xff, 0xee, 0xdc, 0xb8, 0xff, 0xed, 0xdd, 0xb9, 0xff, 0xed, 0xdc, 0xb9, 0xff, 
0xeb, 0xdb, 0xb7, 0xff, 0xeb, 0xdb, 0xb7, 0xff, 0xec, 0xdb, 0xb7, 0xff, 0xed, 0xda, 0xb5, 0xff, 
0xea, 0xd9, 0xb5, 0xff, 0xe9, 0xd8, 0xb5, 0xff, 0xea, 0xd8, 0xb4, 0xff, 0xea, 0xd8, 0xb4, 0xff, 
0xeb, 0xd9, 0xb5, 0xff, 0xe9, 0xd7, 0xb4, 0xff, 0xe8, 0xd7, 0xb3, 0xff, 0xe8, 0xd6, 0xb2, 0xff, 
0xe9, 0xd6, 0xb2, 0xff, 0xe8, 0xd6, 0xb2, 0xff, 0xe7, 0xd5, 0xb1, 0xff, 0xe9, 0xd7, 0xb1, 0xff, 
0xe6, 0xd5, 0xb0, 0xff, 0xe5, 0xd6, 0xb2, 0xff, 0xe7, 0xd6, 0xb3, 0xff, 0xe6, 0xd5, 0xb0, 0xff, 
0xe6, 0xd5, 0xae, 0xff, 0xe7, 0xd5, 0xaf, 0xff, 0xe8, 0xd5, 0xaf, 0xff, 0xe9, 0xd6, 0xb0, 0xff, 
0xe8, 0xd5, 0xb0, 0xff, 0xe7, 0xd5, 0xae, 0xff, 0xe6, 0xd3, 0xac, 0xff, 0xe7, 0xd4, 0xac, 0xff, 
0xe7, 0xd5, 0xad, 0xff, 0xe8, 0xd5, 0xad, 0xff, 0xe9, 0xd6, 0xaf, 0xff, 0xe8, 0xd5, 0xac, 0xff, 
0xe6, 0xd5, 0xab, 0xff, 0xe6, 0xd5, 0xab, 0xff, 0xe9, 0xd7, 0xac, 0xff, 0xe8, 0xd6, 0xad, 0xff, 
0xe8, 0xd6, 0xae, 0xff, 0xea, 0xd8, 0xb2, 0xff, 0xe9, 0xd8, 0xb1, 0xff, 0xe8, 0xd6, 0xaf, 0xff, 
0xe9, 0xd7, 0xaf, 0xff, 0xe9, 0xd7, 0xb0, 0xff, 0xea, 0xd9, 0xb5, 0xff, 0xea, 0xd9, 0xb3, 0xff, 
0xe9, 0xd7, 0xb2, 0xff, 0xe9, 0xd9, 0xb4, 0xff, 0xe9, 0xd8, 0xb0, 0xff, 0xea, 0xd8, 0xb2, 0xff, 
0xea, 0xd8, 0xb3, 0xff, 0xe9, 0xd7, 0xb2, 0xff, 0xe8, 0xd8, 0xb4, 0xff, 0xe8, 0xd9, 0xb5, 0xff, 
0xe8, 0xd8, 0xb3, 0xff, 0xe9, 0xd9, 0xb5, 0xff, 0xea, 0xda, 0xb8, 0xff, 0xe8, 0xd8, 0xb6, 0xff, 
0xe8, 0xd9, 0xb6, 0xff, 0xe9, 0xda, 0xb6, 0xff, 0xea, 0xd8, 0xb4, 0xff, 0xe7, 0xd7, 0xb2, 0xff, 
0xe7, 0xd6, 0xb2, 0xff, 0xe9, 0xd7, 0xb3, 0xff, 0xe9, 0xd7, 0xb1, 0xff, 0xe9, 0xd8, 0xb2, 0xff, 
0xe9, 0xd7, 0xb1, 0xff, 0xe8, 0xd7, 0xb1, 0xff, 0xe7, 0xd6, 0xb0, 0xff, 0xe7, 0xd6, 0xb0, 0xff, 
0xe7, 0xd6, 0xb0, 0xff, 0xe6, 0xd4, 0xae, 0xff, 0xe8, 0xd6, 0xb0, 0xff, 0xe6, 0xd4, 0xad, 0xff, 
0xe7, 0xd5, 0xb0, 0xff, 0xe7, 0xd6, 0xb1, 0xff, 0xe5, 0xd5, 0xaf, 0xff, 0xe6, 0xd4, 0xae, 0xff, 
0xe1, 0xd1, 0xad, 0xff, 0xe3, 0xd2, 0xae, 0xff, 0xe5, 0xd3, 0xaf, 0xff, 0xe1, 0xd1, 0xae, 0xff, 
0xe2, 0xd2, 0xad, 0xff, 0xe3, 0xd3, 0xaf, 0xff, 0xe2, 0xd2, 0xae, 0xff, 0xe2, 0xd3, 0xae, 0xff, 
0xe2, 0xd3, 0xae, 0xff, 0xe1, 0xd1, 0xad, 0xff, 0xe1, 0xd1, 0xad, 0xff, 0xe2, 0xd3, 0xae, 0xff, 
0xe2, 0xd2, 0xad, 0xff, 0xe1, 0xd1, 0xac, 0xff, 0xe1, 0xd1, 0xad, 0xff, 0xe1, 0xd1, 0xae, 0xff, 
0xe1, 0xd1, 0xad, 0xff, 0xe0, 0xd1, 0xad, 0xff, 0xe2, 0xd2, 0xae, 0xff, 0xe2, 0xd2, 0xac, 0xff, 
0xe0, 0xd0, 0xac, 0xff, 0xe1, 0xd1, 0xae, 0xff, 0xe0, 0xd1, 0xad, 0xff, 0xe0, 0xd0, 0xac, 0xff, 
0xe0, 0xd0, 0xac, 0xff, 0xe0, 0xd0, 0xac, 0xff, 0xe1, 0xd1, 0xae, 0xff, 0xe1, 0xd2, 0xaf, 0xff, 
0xdf, 0xd0, 0xac, 0xff, 0xdf, 0xd0, 0xac, 0xff, 0xdf, 0xd0, 0xac, 0xff, 0xe1, 0xd1, 0xad, 0xff, 
0xe1, 0xd1, 0xae, 0xff, 0xe0, 0xd0, 0xac, 0xff, 0xe0, 0xd0, 0xac, 0xff, 0xdf, 0xd0, 0xac, 0xff, 
0xe0, 0xd1, 0xad, 0xff, 0xdf, 0xd0, 0xac, 0xff, 0xe1, 0xd1, 0xad, 0xff, 0xe0, 0xd0, 0xac, 0xff, 
0xdf, 0xcf, 0xab, 0xff, 0xdf, 0xcf, 0xac, 0xff, 0xe0, 0xd1, 0xad, 0xff, 0xe1, 0xd0, 0xac, 0xff, 
0xe2, 0xd1, 0xac, 0xff, 0xe2, 0xd1, 0xad, 0xff, 0xe3, 0xd2, 0xad, 0xff, 0xe1, 0xd2, 0xad, 0xff, 
0xdf, 0xd0, 0xac, 0xff, 0xdf, 0xcf, 0xab, 0xff, 0xe0, 0xd1, 0xad, 0xff, 0xe0, 0xd1, 0xac, 0xff, 
0xe1, 0xd0, 0xab, 0xff, 0xe0, 0xd0, 0xab, 0xff, 0xe0, 0xd1, 0xad, 0xff, 0xe0, 0xd1, 0xac, 0xff, 
0xe0, 0xd0, 0xac, 0xff, 0xe1, 0xd1, 0xac, 0xff, 0xe2, 0xd3, 0xad, 0xff, 0xe2, 0xd2, 0xae, 0xff, 
0xe1, 0xd0, 0xac, 0xff, 0xe1, 0xd1, 0xad, 0xff, 0xe2, 0xd1, 0xac, 0xff, 0xe2, 0xd1, 0xac, 0xff, 
0xe2, 0xd1, 0xac, 0xff, 0xe5, 0xd3, 0xae, 0xff, 0xe4, 0xd3, 0xad, 0xff, 0xe3, 0xd1, 0xab, 0xff, 
0xe5, 0xd3, 0xae, 0xff, 0xe4, 0xd2, 0xac, 0xff, 0xe3, 0xd1, 0xaa, 0xff, 0xe4, 0xd2, 0xad, 0xff, 
0xe4, 0xd3, 0xae, 0xff, 0xe3, 0xd1, 0xab, 0xff, 0xe3, 0xd0, 0xaa, 0xff, 0xe4, 0xd2, 0xab, 0xff, 
0xe6, 0xd4, 0xae, 0xff, 0xe4, 0xd2, 0xac, 0xff, 0xe3, 0xd2, 0xab, 0xff, 0xe4, 0xd2, 0xab, 0xff, 
0xe3, 0xd2, 0xad, 0xff, 0xe5, 0xd3, 0xaf, 0xff, 0xe5, 0xd2, 0xad, 0xff, 0xe4, 0xd2, 0xac, 0xff, 
0xe4, 0xd2, 0xac, 0xff, 0xe5, 0xd3, 0xae, 0xff, 0xe5, 0xd3, 0xae, 0xff, 0xe5, 0xd3, 0xaf, 0xff, 
0xe5, 0xd4, 0xaf, 0xff, 0xe4, 0xd4, 0xad, 0xff, 0xe5, 0xd3, 0xae, 0xff, 0xe7, 0xd4, 0xaf, 0xff, 
0xe7, 0xd6, 0xb2, 0xff, 0xe6, 0xd5, 0xb2, 0xff, 0xe5, 0xd4, 0xb1, 0xff, 0xe5, 0xd4, 0xb0, 0xff, 
0xe5, 0xd4, 0xb0, 0xff, 0xe7, 0xd4, 0xaf, 0xff, 0xe6, 0xd5, 0xb0, 0xff, 0xe6, 0xd6, 0xb2, 0xff, 
0xe6, 0xd5, 0xb2, 0xff, 0xe6, 0xd5, 0xb0, 0xff, 0xe4, 0xd4, 0xb0, 0xff, 0xe4, 0xd4, 0xb0, 0xff, 
0xe4, 0xd4, 0xb1, 0xff, 0xe5, 0xd5, 0xb2, 0xff, 0xe5, 0xd5, 0xb1, 0xff, 0xe5, 0xd4, 0xb0, 0xff, 
0xe5, 0xd4, 0xb0, 0xff, 0xe6, 0xd5, 0xb0, 0xff, 0xe5, 0xd5, 0xb0, 0xff, 0xe3, 0xd4, 0xaf, 0xff, 
0xe1, 0xd1, 0xad, 0xff, 0xe2, 0xd2, 0xae, 0xff, 0xe2, 0xd3, 0xaf, 0xff, 0xe1, 0xd2, 0xae, 0xff, 
0xe2, 0xd1, 0xad, 0xff, 0xe2, 0xd1, 0xad, 0xff, 0xe1, 0xd2, 0xae, 0xff, 0xe1, 0xd1, 0xad, 0xff, 
0xe1, 0xd2, 0xad, 0xff, 0xe1, 0xd2, 0xad, 0xff, 0xe2, 0xd3, 0xae, 0xff, 0xe1, 0xd2, 0xad, 0xff, 
0xe1, 0xd1, 0xad, 0xff, 0xe2, 0xd1, 0xad, 0xff, 0xe1, 0xd1, 0xab, 0xff, 0xe1, 0xd0, 0xac, 0xff, 
0xe4, 0xd2, 0xad, 0xff, 0xe3, 0xd3, 0xae, 0xff, 0xe2, 0xd1, 0xac, 0xff, 0xe4, 0xd2, 0xac, 0xff, 
0xe4, 0xd3, 0xad, 0xff, 0xe3, 0xd1, 0xaa, 0xff, 0xe3, 0xd1, 0xac, 0xff, 0xe4, 0xd2, 0xac, 0xff, 
0xe3, 0xd1, 0xab, 0xff, 0xe3, 0xd1, 0xaa, 0xff, 0xe4, 0xd2, 0xab, 0xff, 0xe6, 0xd4, 0xad, 0xff, 
0xe5, 0xd3, 0xac, 0xff, 0xe4, 0xd2, 0xab, 0xff, 0xe5, 0xd3, 0xab, 0xff, 0xe5, 0xd3, 0xab, 0xff, 
0xe5, 0xd3, 0xac, 0xff, 0xe6, 0xd5, 0xad, 0xff, 0xe6, 0xd4, 0xad, 0xff, 0xe5, 0xd3, 0xad, 0xff, 
0xe6, 0xd5, 0xae, 0xff, 0xe7, 0xd5, 0xaf, 0xff, 0xe6, 0xd4, 0xad, 0xff, 0xe6, 0xd6, 0xb0, 0xff, 
0xe6, 0xd7, 0xb0, 0xff, 0xe6, 0xd6, 0xaf, 0xff, 0xe6, 0xd6, 0xaf, 0xff, 0xe7, 0xd5, 0xaf, 0xff, 
0xe7, 0xd6, 0xb0, 0xff, 0xe8, 0xd8, 0xb4, 0xff, 0xe9, 0xd8, 0xb4, 0xff, 0xe8, 0xd6, 0xb2, 0xff, 
0xe7, 0xd6, 0xb1, 0xff, 0xe6, 0xd5, 0xb2, 0xff, 0xe6, 0xd6, 0xb2, 0xff, 0xe6, 0xd6, 0xb2, 0xff, 
0xe6, 0xd7, 0xb3, 0xff, 0xe7, 0xd7, 0xb3, 0xff, 0xe8, 0xd7, 0xb3, 0xff, 0xe7, 0xd7, 0xb2, 0xff, 
0xe7, 0xd7, 0xb4, 0xff, 0xe8, 0xd8, 0xb8, 0xff, 0xe8, 0xd8, 0xb5, 0xff, 0xe8, 0xd8, 0xb4, 0xff, 
0xe8, 0xd8, 0xb5, 0xff, 0xe8, 0xd8, 0xb5, 0xff, 0xe8, 0xd9, 0xb4, 0xff, 0xe7, 0xd7, 0xb3, 0xff, 
0xe7, 0xd7, 0xb2, 0xff, 0xe8, 0xd8, 0xb4, 0xff, 0xe7, 0xd8, 0xb4, 0xff, 0xe7, 0xd7, 0xb3, 0xff, 
0xe7, 0xd7, 0xb3, 0xff, 0xe7, 0xd7, 0xb4, 0xff, 0xe6, 0xd7, 0xb3, 0xff, 0xe7, 0xd7, 0xb2, 0xff, 
0xe7, 0xd6, 0xb2, 0xff, 0xe6, 0xd6, 0xb3, 0xff, 0xe4, 0xd4, 0xb0, 0xff, 0xe4, 0xd3, 0xaf, 0xff, 
0xe4, 0xd4, 0xb1, 0xff, 0xe3, 0xd4, 0xb0, 0xff, 0xe3, 0xd3, 0xaf, 0xff, 0xe3, 0xd3, 0xaf, 0xff, 
0xe2, 0xd3, 0xaf, 0xff, 0xe2, 0xd3, 0xaf, 0xff, 0xe2, 0xd3, 0xae, 0xff, 0xe3, 0xd3, 0xaf, 0xff, 
0xe3, 0xd3, 0xaf, 0xff, 0xe3, 0xd3, 0xaf, 0xff, 0xe3, 0xd3, 0xaf, 0xff, 0xe2, 0xd2, 0xae, 0xff, 
0xe2, 0xd2, 0xae, 0xff, 0xe2, 0xd2, 0xad, 0xff, 0xe4, 0xd3, 0xae, 0xff, 0xe4, 0xd4, 0xaf, 0xff, 
0xe4, 0xd4, 0xae, 0xff, 0xe4, 0xd5, 0xae, 0xff, 0xe6, 0xd5, 0xae, 0xff, 0xe4, 0xd3, 0xad, 0xff, 
0xe4, 0xd4, 0xac, 0xff, 0xe6, 0xd4, 0xad, 0xff, 0xe5, 0xd5, 0xad, 0xff, 0xe5, 0xd6, 0xae, 0xff, 
0xe6, 0xd4, 0xae, 0xff, 0xe6, 0xd5, 0xaf, 0xff, 0xe7, 0xd7, 0xaf, 0xff, 0xe6, 0xd4, 0xae, 0xff, 
0xe6, 0xd4, 0xad, 0xff, 0xe7, 0xd7, 0xb1, 0xff, 0xe6, 0xd6, 0xb0, 0xff, 0xe5, 0xd5, 0xae, 0xff, 
0xe7, 0xd4, 0xae, 0xff, 0xe6, 0xd4, 0xae, 0xff, 0xe8, 0xd6, 0xb0, 0xff, 0xe8, 0xd6, 0xb2, 0xff, 
0xe6, 0xd6, 0xb3, 0xff, 0xe7, 0xd5, 0xb2, 0xff, 0xe5, 0xd4, 0xb0, 0xff, 0xe5, 0xd4, 0xb0, 0xff, 
0xe6, 0xd5, 0xb1, 0xff, 0xe3, 0xd4, 0xb0, 0xff, 0xe4, 0xd4, 0xb1, 0xff, 0xe4, 0xd4, 0xb0, 0xff, 
0xe3, 0xd4, 0xaf, 0xff, 0xe3, 0xd3, 0xaf, 0xff, 0xe5, 0xd5, 0xb3, 0xff, 0xe5, 0xd5, 0xb4, 0xff, 
0xe4, 0xd4, 0xb2, 0xff, 0xe4, 0xd4, 0xb2, 0xff, 0xe5, 0xd5, 0xb1, 0xff, 0xe4, 0xd4, 0xb0, 0xff, 
0xe3, 0xd3, 0xaf, 0xff, 0xe1, 0xd2, 0xae, 0xff, 0xe2, 0xd2, 0xad, 0xff, 0xe2, 0xd3, 0xaf, 0xff, 
0xe2, 0xd2, 0xae, 0xff, 0xe2, 0xd1, 0xad, 0xff, 0xe2, 0xd2, 0xae, 0xff, 0xe2, 0xd2, 0xae, 0xff, 
0xe1, 0xd1, 0xad, 0xff, 0xe1, 0xd1, 0xad, 0xff, 0xe1, 0xd2, 0xae, 0xff, 0xe2, 0xd3, 0xaf, 0xff, 
0xe1, 0xd1, 0xad, 0xff, 0xe1, 0xd1, 0xad, 0xff, 0xe1, 0xd1, 0xad, 0xff, 0xe2, 0xd1, 0xac, 0xff, 
0xe4, 0xd3, 0xaf, 0xff, 0xe3, 0xd1, 0xae, 0xff, 0xe2, 0xd1, 0xae, 0xff, 0xe2, 0xd0, 0xad, 0xff, 
0xe5, 0xd2, 0xae, 0xff, 0xe5, 0xd3, 0xb0, 0xff, 0xe3, 0xd2, 0xae, 0xff, 0xe2, 0xd1, 0xad, 0xff, 
0xe3, 0xd1, 0xae, 0xff, 0xe4, 0xd2, 0xae, 0xff, 0xe2, 0xd1, 0xad, 0xff, 0xe0, 0xd0, 0xac, 0xff, 
0xe1, 0xd0, 0xac, 0xff, 0xe1, 0xd0, 0xac, 0xff, 0xdf, 0xd0, 0xac, 0xff, 0xe0, 0xd0, 0xac, 0xff, 
0xe1, 0xd0, 0xad, 0xff, 0xe1, 0xd0, 0xab, 0xff, 0xe2, 0xd1, 0xad, 0xff, 0xe0, 0xd0, 0xac, 0xff, 
0xe0, 0xcf, 0xac, 0xff, 0xe1, 0xd0, 0xac, 0xff, 0xe1, 0xce, 0xaa, 0xff, 0xe1, 0xcf, 0xab, 0xff, 
0xe1, 0xcf, 0xac, 0xff, 0xe1, 0xcf, 0xac, 0xff, 0xe1, 0xd0, 0xac, 0xff, 0xe1, 0xd0, 0xac, 0xff, 
0xe0, 0xcf, 0xab, 0xff, 0xe0, 0xce, 0xaa, 0xff, 0xe1, 0xcf, 0xab, 0xff, 0xe2, 0xd0, 0xac, 0xff, 
0xe1, 0xcf, 0xab, 0xff, 0xe0, 0xcf, 0xab, 0xff, 0xe0, 0xcf, 0xab, 0xff, 0xe0, 0xcf, 0xaa, 0xff, 
0xe1, 0xd0, 0xac, 0xff, 0xe0, 0xcf, 0xab, 0xff, 0xe0, 0xcf, 0xac, 0xff, 0xdf, 0xcf, 0xac, 0xff, 
0xdf, 0xcf, 0xaa, 0xff, 0xdf, 0xce, 0xab, 0xff, 0xe0, 0xd0, 0xac, 0xff, 0xdf, 0xcf, 0xab, 0xff, 
0xdf, 0xcf, 0xac, 0xff, 0xdf, 0xce, 0xab, 0xff, 0xe0, 0xcf, 0xab, 0xff, 0xe0, 0xcf, 0xab, 0xff, 
0xe1, 0xd0, 0xac, 0xff, 0xe0, 0xcf, 0xab, 0xff, 0xde, 0xce, 0xab, 0xff, 0xde, 0xce, 0xab, 0xff, 
0xde, 0xce, 0xab, 0xff, 0xe0, 0xcf, 0xac, 0xff, 0xe0, 0xcf, 0xac, 0xff, 0xe0, 0xcf, 0xac, 0xff, 
0xe0, 0xcf, 0xab, 0xff, 0xe2, 0xd0, 0xab, 0xff, 0xe3, 0xd1, 0xad, 0xff, 0xe3, 0xd1, 0xad, 0xff, 
0xe2, 0xd0, 0xac, 0xff, 0xe1, 0xcf, 0xab, 0xff, 0xe2, 0xd0, 0xac, 0xff, 0xe4, 0xd2, 0xae, 0xff, 
0xe4, 0xd2, 0xae, 0xff, 0xe3, 0xd1, 0xac, 0xff, 0xe3, 0xd1, 0xac, 0xff, 0xe2, 0xd0, 0xaa, 0xff, 
0xe6, 0xd3, 0xad, 0xff, 0xe7, 0xd5, 0xaf, 0xff, 0xe5, 0xd3, 0xae, 0xff, 0xe1, 0xcf, 0xaa, 0xff, 
0xe3, 0xd1, 0xab, 0xff, 0xe4, 0xd2, 0xac, 0xff, 0xe4, 0xd1, 0xab, 0xff, 0xe3, 0xd2, 0xad, 0xff, 
0xe4, 0xd4, 0xb0, 0xff, 0xe3, 0xd1, 0xab, 0xff, 0xe3, 0xd1, 0xaa, 0xff, 0xe3, 0xd1, 0xab, 0xff, 
0xe3, 0xd1, 0xad, 0xff, 0xe3, 0xd1, 0xae, 0xff, 0xe3, 0xd1, 0xab, 0xff, 0xe3, 0xd1, 0xab, 0xff, 
0xe3, 0xd1, 0xab, 0xff, 0xe3, 0xd1, 0xac, 0xff, 0xe3, 0xd1, 0xab, 0xff, 0xe3, 0xd1, 0xac, 0xff, 
0xe4, 0xd1, 0xac, 0xff, 0xe3, 0xd1, 0xab, 0xff, 0xe3, 0xd1, 0xac, 0xff, 0xe5, 0xd3, 0xae, 0xff, 
0xe6, 0xd3, 0xb0, 0xff, 0xe5, 0xd3, 0xaf, 0xff, 0xe4, 0xd3, 0xaf, 0xff, 0xe4, 0xd3, 0xae, 0xff, 
0xe4, 0xd2, 0xad, 0xff, 0xe6, 0xd4, 0xb1, 0xff, 0xe5, 0xd4, 0xb1, 0xff, 0xe6, 0xd3, 0xaf, 0xff, 
0xe6, 0xd3, 0xaf, 0xff, 0xe5, 0xd3, 0xaf, 0xff, 0xe4, 0xd4, 0xb1, 0xff, 0xe3, 0xd3, 0xaf, 0xff, 
0xe3, 0xd4, 0xb0, 0xff, 0xe3, 0xd4, 0xb1, 0xff, 0xe3, 0xd3, 0xb0, 0xff, 0xe2, 0xd2, 0xae, 0xff, 
0xe1, 0xd2, 0xae, 0xff, 0xe1, 0xd2, 0xae, 0xff, 0xe2, 0xd2, 0xaf, 0xff, 0xe2, 0xd1, 0xae, 0xff, 
0xe2, 0xd2, 0xae, 0xff, 0xe1, 0xd1, 0xad, 0xff, 0xe1, 0xd1, 0xad, 0xff, 0xe1, 0xd0, 0xac, 0xff, 
0xe1, 0xd1, 0xad, 0xff, 0xe1, 0xd0, 0xac, 0xff, 0xe1, 0xd0, 0xac, 0xff, 0xe0, 0xd0, 0xad, 0xff, 
0xe1, 0xd1, 0xac, 0xff, 0xe2, 0xd1, 0xae, 0xff, 0xe2, 0xd1, 0xae, 0xff, 0xe1, 0xd0, 0xad, 0xff, 
0xe1, 0xd0, 0xac, 0xff, 0xe2, 0xcf, 0xac, 0xff, 0xe1, 0xd1, 0xac, 0xff, 0xe3, 0xd3, 0xae, 0xff, 
0xe4, 0xd1, 0xac, 0xff, 0xe3, 0xd1, 0xad, 0xff, 0xe1, 0xd0, 0xab, 0xff, 0xe4, 0xd2, 0xac, 0xff, 
0xe6, 0xd4, 0xaf, 0xff, 0xe5, 0xd3, 0xae, 0xff, 0xe3, 0xd1, 0xab, 0xff, 0xe2, 0xd0, 0xaa, 0xff, 
0xe2, 0xd0, 0xab, 0xff, 0xe3, 0xd1, 0xac, 0xff, 0xe3, 0xd1, 0xac, 0xff, 0xe5, 0xd4, 0xae, 0xff, 
0xe4, 0xd2, 0xac, 0xff, 0xe3, 0xd1, 0xab, 0xff, 0xe4, 0xd1, 0xac, 0xff, 0xe4, 0xd2, 0xac, 0xff, 
0xe4, 0xd2, 0xac, 0xff, 0xe5, 0xd3, 0xae, 0xff, 0xe5, 0xd3, 0xad, 0xff, 0xe5, 0xd3, 0xad, 0xff, 
0xe4, 0xd3, 0xad, 0xff, 0xe5, 0xd3, 0xad, 0xff, 0xe5, 0xd2, 0xad, 0xff, 0xe5, 0xd4, 0xae, 0xff, 
0xe5, 0xd4, 0xad, 0xff, 0xe5, 0xd3, 0xad, 0xff, 0xe6, 0xd4, 0xaf, 0xff, 0xe5, 0xd3, 0xad, 0xff, 
0xe6, 0xd4, 0xaf, 0xff, 0xe8, 0xd7, 0xb3, 0xff, 0xe7, 0xd6, 0xb1, 0xff, 0xe7, 0xd5, 0xb1, 0xff, 
0xe6, 0xd5, 0xb1, 0xff, 0xe6, 0xd5, 0xaf, 0xff, 0xe8, 0xd6, 0xb2, 0xff, 0xe7, 0xd7, 0xb4, 0xff, 
0xe6, 0xd5, 0xb2, 0xff, 0xe7, 0xd6, 0xb1, 0xff, 0xe7, 0xd6, 0xb1, 0xff, 0xe7, 0xd6, 0xb2, 0xff, 
0xe6, 0xd6, 0xb5, 0xff, 0xe8, 0xd8, 0xb6, 0xff, 0xe7, 0xd7, 0xb3, 0xff, 0xe6, 0xd6, 0xb2, 0xff, 
0xe6, 0xd6, 0xb2, 0xff, 0xe6, 0xd6, 0xb2, 0xff, 0xe7, 0xd6, 0xb2, 0xff, 0xe8, 0xd7, 0xb3, 0xff, 
0xe7, 0xd7, 0xb5, 0xff, 0xe6, 0xd6, 0xb4, 0xff, 0xe6, 0xd5, 0xb3, 0xff, 0xe6, 0xd6, 0xb2, 0xff, 
0xe5, 0xd5, 0xb2, 0xff, 0xe5, 0xd5, 0xb2, 0xff, 0xe5, 0xd5, 0xb2, 0xff, 0xe4, 0xd4, 0xb0, 0xff, 
0xe4, 0xd4, 0xb0, 0xff, 0xe4, 0xd4, 0xb0, 0xff, 0xe5, 0xd5, 0xb1, 0xff, 0xe3, 0xd3, 0xaf, 0xff, 
0xe3, 0xd3, 0xb0, 0xff, 0xe2, 0xd3, 0xaf, 0xff, 0xe1, 0xd3, 0xaf, 0xff, 0xe1, 0xd2, 0xae, 0xff, 
0xe1, 0xd3, 0xae, 0xff, 0xe2, 0xd3, 0xae, 0xff, 0xe2, 0xd3, 0xaf, 0xff, 0xe3, 0xd3, 0xaf, 0xff, 
0xe3, 0xd3, 0xaf, 0xff, 0xe3, 0xd3, 0xaf, 0xff, 0xe3, 0xd3, 0xae, 0xff, 0xe2, 0xd2, 0xae, 0xff, 
0xe3, 0xd2, 0xaf, 0xff, 0xe4, 0xd4, 0xb0, 0xff, 0xe3, 0xd4, 0xae, 0xff, 0xe2, 0xd3, 0xae, 0xff, 
0xe2, 0xd3, 0xae, 0xff, 0xe4, 0xd5, 0xae, 0xff, 0xe4, 0xd5, 0xae, 0xff, 0xe5, 0xd3, 0xad, 0xff, 
0xe4, 0xd3, 0xad, 0xff, 0xe4, 0xd3, 0xad, 0xff, 0xe4, 0xd4, 0xae, 0xff, 0xe5, 0xd5, 0xae, 0xff, 
0xe5, 0xd3, 0xae, 0xff, 0xe6, 0xd3, 0xae, 0xff, 0xe5, 0xd4, 0xae, 0xff, 0xe5, 0xd3, 0xad, 0xff, 
0xe5, 0xd3, 0xad, 0xff, 0xe5, 0xd3, 0xad, 0xff, 0xe5, 0xd3, 0xad, 0xff, 0xe5, 0xd3, 0xad, 0xff, 
0xe5, 0xd2, 0xad, 0xff, 0xe5, 0xd2, 0xac, 0xff, 0xe7, 0xd5, 0xae, 0xff, 0xe7, 0xd5, 0xb0, 0xff, 
0xe6, 0xd4, 0xb0, 0xff, 0xe6, 0xd4, 0xaf, 0xff, 0xe5, 0xd3, 0xaf, 0xff, 0xe5, 0xd3, 0xae, 0xff, 
0xe5, 0xd5, 0xb1, 0xff, 0xe5, 0xd4, 0xb2, 0xff, 0xe4, 0xd3, 0xaf, 0xff, 0xe4, 0xd2, 0xae, 0xff, 
0xe5, 0xd2, 0xae, 0xff, 0xe4, 0xd3, 0xb0, 0xff, 0xe3, 0xd3, 0xb2, 0xff, 0xe3, 0xd4, 0xb1, 0xff, 
0xe3, 0xd2, 0xaf, 0xff, 0xe2, 0xd2, 0xb0, 0xff, 0xe2, 0xd2, 0xaf, 0xff, 0xe2, 0xd2, 0xae, 0xff, 
0xe2, 0xd1, 0xad, 0xff, 0xe3, 0xd2, 0xae, 0xff, 0xe1, 0xd1, 0xad, 0xff, 0xe0, 0xd0, 0xac, 0xff, 
0xe1, 0xd1, 0xac, 0xff, 0xe1, 0xd0, 0xac, 0xff, 0xe1, 0xd1, 0xad, 0xff, 0xe1, 0xd0, 0xac, 0xff, 
0xe0, 0xcf, 0xac, 0xff, 0xe1, 0xd1, 0xac, 0xff, 0xe3, 0xd1, 0xae, 0xff, 0xe3, 0xd1, 0xae, 0xff, 
0xe1, 0xd1, 0xad, 0xff, 0xe1, 0xd0, 0xac, 0xff, 0xe2, 0xd0, 0xac, 0xff, 0xe3, 0xd1, 0xad, 0xff, 
0xe4, 0xd1, 0xad, 0xff, 0xe1, 0xcf, 0xab, 0xff, 0xe0, 0xcf, 0xaa, 0xff, 0xe1, 0xcf, 0xab, 0xff, 
0xe0, 0xce, 0xaa, 0xff, 0xdf, 0xce, 0xa9, 0xff, 0xe0, 0xcf, 0xaa, 0xff, 0xe1, 0xcf, 0xab, 0xff, 
0xe1, 0xd0, 0xab, 0xff, 0xe2, 0xd0, 0xac, 0xff, 0xe1, 0xd0, 0xab, 0xff, 0xe1, 0xcf, 0xab, 0xff, 
0xe1, 0xcf, 0xaa, 0xff, 0xe1, 0xce, 0xaa, 0xff, 0xe0, 0xce, 0xab, 0xff, 0xe1, 0xcf, 0xab, 0xff, 
0xe0, 0xce, 0xaa, 0xff, 0xde, 0xcd, 0xaa, 0xff, 0xdf, 0xce, 0xa9, 0xff, 0xe1, 0xcf, 0xaa, 0xff, 
0xe1, 0xcf, 0xaa, 0xff, 0xe0, 0xce, 0xa9, 0xff, 0xe1, 0xcf, 0xac, 0xff, 0xe0, 0xcf, 0xaf, 0xff, 
0xdf, 0xcd, 0xaa, 0xff, 0xdf, 0xcd, 0xa7, 0xff, 0xe0, 0xce, 0xa9, 0xff, 0xe1, 0xcf, 0xaa, 0xff, 
0xe1, 0xce, 0xaa, 0xff, 0xde, 0xcd, 0xa9, 0xff, 0xde, 0xcd, 0xa9, 0xff, 0xe1, 0xcf, 0xaa, 0xff, 
0xe1, 0xcf, 0xaa, 0xff, 0xe1, 0xcf, 0xaa, 0xff, 0xe1, 0xcf, 0xaa, 0xff, 0xe1, 0xce, 0xab, 0xff, 
0xe0, 0xce, 0xaa, 0xff, 0xe0, 0xce, 0xab, 0xff, 0xe0, 0xce, 0xaa, 0xff, 0xe0, 0xce, 0xaa, 0xff, 
0xdf, 0xcd, 0xaa, 0xff, 0xde, 0xcd, 0xaa, 0xff, 0xdf, 0xce, 0xaa, 0xff, 0xdf, 0xcf, 0xac, 0xff, 
0xdf, 0xcf, 0xab, 0xff, 0xdd, 0xce, 0xaa, 0xff, 0xdf, 0xcd, 0xac, 0xff, 0xdf, 0xce, 0xaa, 0xff, 
0xe1, 0xcf, 0xaa, 0xff, 0xdf, 0xcf, 0xa9, 0xff, 0xdf, 0xce, 0xaa, 0xff, 0xe0, 0xcd, 0xac, 0xff, 
0xdf, 0xcd, 0xab, 0xff, 0xe0, 0xcd, 0xab, 0xff, 0xe1, 0xce, 0xac, 0xff, 0xe1, 0xce, 0xaa, 0xff, 
0xde, 0xcd, 0xaa, 0xff, 0xdf, 0xcd, 0xaa, 0xff, 0xe1, 0xcf, 0xaa, 0xff, 0xe1, 0xce, 0xaa, 0xff, 
0xe1, 0xcf, 0xab, 0xff, 0xe2, 0xcf, 0xab, 0xff, 0xe2, 0xd0, 0xab, 0xff, 0xe3, 0xd1, 0xac, 0xff, 
0xe2, 0xd1, 0xac, 0xff, 0xdf, 0xce, 0xaa, 0xff, 0xe0, 0xce, 0xaa, 0xff, 0xe0, 0xce, 0xa9, 0xff, 
0xde, 0xcd, 0xa8, 0xff, 0xdf, 0xce, 0xa9, 0xff, 0xe0, 0xcf, 0xac, 0xff, 0xe0, 0xce, 0xaa, 0xff, 
0xe1, 0xcf, 0xa9, 0xff, 0xe2, 0xd0, 0xa9, 0xff, 0xe1, 0xcf, 0xa9, 0xff, 0xe0, 0xce, 0xa9, 0xff, 
0xe0, 0xce, 0xaa, 0xff, 0xdf, 0xce, 0xa9, 0xff, 0xe1, 0xcf, 0xaa, 0xff, 0xe1, 0xcf, 0xa9, 0xff, 
0xe0, 0xcd, 0xa8, 0xff, 0xe0, 0xce, 0xaa, 0xff, 0xe1, 0xcf, 0xaa, 0xff, 0xe1, 0xcf, 0xa9, 0xff, 
0xe0, 0xce, 0xa8, 0xff, 0xe0, 0xce, 0xa9, 0xff, 0xe1, 0xcf, 0xa9, 0xff, 0xe1, 0xcf, 0xaa, 0xff, 
0xe3, 0xd1, 0xb0, 0xff, 0xe2, 0xd0, 0xaf, 0xff, 0xe1, 0xcf, 0xaa, 0xff, 0xe1, 0xcf, 0xaa, 0xff, 
0xe4, 0xd1, 0xab, 0xff, 0xe4, 0xd2, 0xad, 0xff, 0xe5, 0xd2, 0xad, 0xff, 0xe6, 0xd2, 0xae, 0xff, 
0xe5, 0xd2, 0xaf, 0xff, 0xe5, 0xd4, 0xb0, 0xff, 0xe4, 0xd2, 0xae, 0xff, 0xe2, 0xd1, 0xac, 0xff, 
0xe3, 0xd2, 0xb0, 0xff, 0xe4, 0xd3, 0xb1, 0xff, 0xe3, 0xd1, 0xb0, 0xff, 0xe4, 0xd1, 0xae, 0xff, 
0xe4, 0xd2, 0xad, 0xff, 0xe3, 0xd0, 0xae, 0xff, 0xe3, 0xd1, 0xaf, 0xff, 0xe3, 0xd0, 0xae, 0xff, 
0xe2, 0xd1, 0xae, 0xff, 0xe0, 0xd0, 0xad, 0xff, 0xe1, 0xcf, 0xad, 0xff, 0xe2, 0xcf, 0xae, 0xff, 
0xe3, 0xd0, 0xad, 0xff, 0xe2, 0xcf, 0xad, 0xff, 0xe2, 0xcf, 0xac, 0xff, 0xe2, 0xcf, 0xab, 0xff, 
0xe1, 0xcf, 0xab, 0xff, 0xe2, 0xcf, 0xac, 0xff, 0xe2, 0xcf, 0xac, 0xff, 0xe1, 0xcf, 0xab, 0xff, 
0xdf, 0xce, 0xaa, 0xff, 0xe1, 0xcf, 0xac, 0xff, 0xe1, 0xcf, 0xaa, 0xff, 0xe1, 0xce, 0xaa, 0xff, 
0xe2, 0xd0, 0xab, 0xff, 0xe2, 0xd0, 0xad, 0xff, 0xe3, 0xd1, 0xaa, 0xff, 0xe3, 0xd1, 0xab, 0xff, 
0xe1, 0xcf, 0xab, 0xff, 0xe1, 0xcf, 0xab, 0xff, 0xe1, 0xcf, 0xa9, 0xff, 0xe0, 0xce, 0xa7, 0xff, 
0xde, 0xce, 0xa9, 0xff, 0xe1, 0xcf, 0xac, 0xff, 0xe1, 0xcf, 0xaa, 0xff, 0xe0, 0xce, 0xa8, 0xff, 
0xe1, 0xcf, 0xa8, 0xff, 0xe2, 0xd0, 0xaa, 0xff, 0xe1, 0xcf, 0xa9, 0xff, 0xe0, 0xce, 0xa8, 0xff, 
0xe0, 0xce, 0xa8, 0xff, 0xe0, 0xce, 0xa8, 0xff, 0xe1, 0xcf, 0xaa, 0xff, 0xe1, 0xcf, 0xaa, 0xff, 
0xe2, 0xd0, 0xaa, 0xff, 0xe1, 0xcf, 0xa9, 0xff, 0xe2, 0xd0, 0xaa, 0xff, 0xe3, 0xd1, 0xab, 0xff, 
0xe2, 0xd0, 0xaa, 0xff, 0xe2, 0xd0, 0xaa, 0xff, 0xe2, 0xd1, 0xaa, 0xff, 0xe3, 0xd1, 0xaa, 0xff, 
0xe4, 0xd1, 0xab, 0xff, 0xe5, 0xd4, 0xb0, 0xff, 0xe5, 0xd4, 0xb4, 0xff, 0xe4, 0xd1, 0xad, 0xff, 
0xe3, 0xd1, 0xac, 0xff, 0xe6, 0xd4, 0xae, 0xff, 0xe7, 0xd5, 0xaf, 0xff, 0xe6, 0xd4, 0xb0, 0xff, 
0xe6, 0xd4, 0xaf, 0xff, 0xe8, 0xd5, 0xb0, 0xff, 0xe7, 0xd6, 0xb2, 0xff, 0xe6, 0xd5, 0xb2, 0xff, 
0xe6, 0xd3, 0xb0, 0xff, 0xe6, 0xd4, 0xaf, 0xff, 0xe7, 0xd4, 0xb2, 0xff, 0xe7, 0xd4, 0xb3, 0xff, 
0xe6, 0xd4, 0xb2, 0xff, 0xe7, 0xd5, 0xb1, 0xff, 0xe7, 0xd5, 0xb1, 0xff, 0xe7, 0xd4, 0xb1, 0xff, 
0xe6, 0xd5, 0xb2, 0xff, 0xe5, 0xd4, 0xb2, 0xff, 0xe6, 0xd4, 0xb2, 0xff, 0xe9, 0xd5, 0xb4, 0xff, 
0xe6, 0xd6, 0xb5, 0xff, 0xe6, 0xd5, 0xb3, 0xff, 0xe6, 0xd5, 0xb1, 0xff, 0xe6, 0xd5, 0xb1, 0xff, 
0xe5, 0xd5, 0xb2, 0xff, 0xe4, 0xd5, 0xb1, 0xff, 0xe3, 0xd3, 0xb1, 0xff, 0xe3, 0xd3, 0xb0, 0xff, 
0xe2, 0xd2, 0xb1, 0xff, 0xe2, 0xd2, 0xb0, 0xff, 0xe2, 0xd3, 0xb0, 0xff, 0xe2, 0xd2, 0xb0, 0xff, 
0xe1, 0xd1, 0xaf, 0xff, 0xe1, 0xd1, 0xaf, 0xff, 0xe1, 0xd0, 0xae, 0xff, 0xe2, 0xd1, 0xaf, 0xff, 
0xe2, 0xd2, 0xaf, 0xff, 0xe1, 0xd1, 0xaf, 0xff, 0xe0, 0xd0, 0xae, 0xff, 0xe0, 0xd1, 0xaf, 0xff, 
0xe1, 0xd1, 0xaf, 0xff, 0xe2, 0xd0, 0xad, 0xff, 0xe2, 0xd0, 0xad, 0xff, 0xe3, 0xd1, 0xae, 0xff, 
0xe3, 0xd2, 0xad, 0xff, 0xe4, 0xd2, 0xad, 0xff, 0xe1, 0xd1, 0xac, 0xff, 0xe0, 0xd0, 0xac, 0xff, 
0xdf, 0xd1, 0xab, 0xff, 0xe0, 0xd0, 0xa9, 0xff, 0xe0, 0xcf, 0xaa, 0xff, 0xe2, 0xd0, 0xac, 0xff, 
0xe2, 0xd0, 0xab, 0xff, 0xe2, 0xd0, 0xab, 0xff, 0xe3, 0xd0, 0xab, 0xff, 0xe3, 0xd0, 0xab, 0xff, 
0xe2, 0xd0, 0xaa, 0xff, 0xe3, 0xd0, 0xaa, 0xff, 0xe3, 0xd1, 0xab, 0xff, 0xe3, 0xd1, 0xab, 0xff, 
0xe2, 0xd1, 0xaa, 0xff, 0xe3, 0xd1, 0xab, 0xff, 0xe4, 0xd1, 0xaa, 0xff, 0xe5, 0xd3, 0xb1, 0xff, 
0xe5, 0xd3, 0xb1, 0xff, 0xe3, 0xd1, 0xab, 0xff, 0xe4, 0xd1, 0xab, 0xff, 0xe6, 0xd2, 0xac, 0xff, 
0xe5, 0xd2, 0xae, 0xff, 0xe4, 0xd2, 0xae, 0xff, 0xe6, 0xd3, 0xae, 0xff, 0xe6, 0xd3, 0xaf, 0xff, 
0xe4, 0xd3, 0xb0, 0xff, 0xe4, 0xd2, 0xae, 0xff, 0xe3, 0xd1, 0xac, 0xff, 0xe3, 0xd2, 0xae, 0xff, 
0xe4, 0xd1, 0xb0, 0xff, 0xe3, 0xd0, 0xb0, 0xff, 0xe3, 0xd0, 0xae, 0xff, 0xe3, 0xd1, 0xae, 0xff, 
0xe2, 0xcf, 0xae, 0xff, 0xe3, 0xcf, 0xaf, 0xff, 0xe2, 0xd0, 0xae, 0xff, 0xe0, 0xcf, 0xad, 0xff, 
0xe2, 0xd0, 0xad, 0xff, 0xe2, 0xd0, 0xad, 0xff, 0xe1, 0xcf, 0xad, 0xff, 0xe1, 0xcf, 0xad, 0xff, 
0xe2, 0xcf, 0xac, 0xff, 0xe2, 0xcf, 0xac, 0xff, 0xe2, 0xcf, 0xac, 0xff, 0xe2, 0xcf, 0xad, 0xff, 
0xe1, 0xcf, 0xaa, 0xff, 0xe0, 0xce, 0xaa, 0xff, 0xe2, 0xd0, 0xab, 0xff, 0xe1, 0xcf, 0xaa, 0xff, 
0xe1, 0xcf, 0xab, 0xff, 0xe2, 0xcf, 0xab, 0xff, 0xe3, 0xd0, 0xac, 0xff, 0xe3, 0xd1, 0xac, 0xff, 
0xdd, 0xcd, 0xa9, 0xff, 0xdc, 0xcc, 0xa9, 0xff, 0xde, 0xcc, 0xa9, 0xff, 0xde, 0xcd, 0xa9, 0xff, 
0xde, 0xcd, 0xa9, 0xff, 0xde, 0xce, 0xab, 0xff, 0xe0, 0xce, 0xac, 0xff, 0xdf, 0xcd, 0xaa, 0xff, 
0xdf, 0xcd, 0xa9, 0xff, 0xe0, 0xce, 0xaa, 0xff, 0xdf, 0xce, 0xaa, 0xff, 0xe0, 0xcd, 0xab, 0xff, 
0xe0, 0xcd, 0xab, 0xff, 0xe0, 0xcd, 0xab, 0xff, 0xde, 0xce, 0xab, 0xff, 0xde, 0xcd, 0xaa, 0xff, 
0xdf, 0xcc, 0xaa, 0xff, 0xdd, 0xcb, 0xaa, 0xff, 0xde, 0xcc, 0xa9, 0xff, 0xe0, 0xcd, 0xaa, 0xff, 
0xdf, 0xcd, 0xa9, 0xff, 0xde, 0xcd, 0xa9, 0xff, 0xde, 0xcf, 0xae, 0xff, 0xde, 0xcd, 0xad, 0xff, 
0xdd, 0xca, 0xa8, 0xff, 0xde, 0xcb, 0xa7, 0xff, 0xde, 0xcb, 0xa8, 0xff, 0xdf, 0xcc, 0xaa, 0xff, 
0xde, 0xcc, 0xa9, 0xff, 0xdc, 0xcb, 0xa9, 0xff, 0xdc, 0xca, 0xa9, 0xff, 0xde, 0xcc, 0xa9, 0xff, 
0xdf, 0xcc, 0xaa, 0xff, 0xdf, 0xcc, 0xaa, 0xff, 0xde, 0xcc, 0xaa, 0xff, 0xde, 0xcc, 0xab, 0xff, 
0xde, 0xcc, 0xa9, 0xff, 0xdd, 0xcc, 0xa9, 0xff, 0xde, 0xcc, 0xa9, 0xff, 0xde, 0xcb, 0xaa, 0xff, 
0xdd, 0xcb, 0xa9, 0xff, 0xde, 0xcb, 0xa9, 0xff, 0xdd, 0xcd, 0xab, 0xff, 0xde, 0xcd, 0xac, 0xff, 
0xde, 0xcc, 0xab, 0xff, 0xde, 0xcd, 0xab, 0xff, 0xdf, 0xcc, 0xaa, 0xff, 0xde, 0xcc, 0xa9, 0xff, 
0xde, 0xcd, 0xaa, 0xff, 0xdf, 0xcc, 0xa9, 0xff, 0xdf, 0xcc, 0xaa, 0xff, 0xdf, 0xcb, 0xab, 0xff, 
0xdf, 0xcc, 0xab, 0xff, 0xdf, 0xcb, 0xab, 0xff, 0xdf, 0xcc, 0xaa, 0xff, 0xde, 0xcc, 0xa9, 0xff, 
0xdd, 0xcb, 0xaa, 0xff, 0xde, 0xcb, 0xa9, 0xff, 0xdf, 0xcc, 0xa9, 0xff, 0xdf, 0xcd, 0xaa, 0xff, 
0xdf, 0xcd, 0xab, 0xff, 0xdf, 0xcd, 0xaa, 0xff, 0xe0, 0xce, 0xaa, 0xff, 0xde, 0xcd, 0xaa, 0xff, 
0xdd, 0xcc, 0xa8, 0xff, 0xdc, 0xcb, 0xa7, 0xff, 0xde, 0xcc, 0xa8, 0xff, 0xde, 0xcd, 0xa8, 0xff, 
0xdd, 0xcd, 0xa9, 0xff, 0xe0, 0xcf, 0xab, 0xff, 0xe0, 0xce, 0xaa, 0xff, 0xdf, 0xcd, 0xa8, 0xff, 
0xe0, 0xce, 0xa7, 0xff, 0xe0, 0xcd, 0xa7, 0xff, 0xe0, 0xce, 0xa9, 0xff, 0xe0, 0xce, 0xa9, 0xff, 
0xe0, 0xce, 0xa8, 0xff, 0xdf, 0xcd, 0xa8, 0xff, 0xdf, 0xce, 0xa8, 0xff, 0xdf, 0xcd, 0xa7, 0xff, 
0xdf, 0xcd, 0xa8, 0xff, 0xdf, 0xcd, 0xa8, 0xff, 0xdf, 0xcd, 0xa8, 0xff, 0xe0, 0xce, 0xa7, 0xff, 
0xe0, 0xce, 0xa9, 0xff, 0xe0, 0xcd, 0xaa, 0xff, 0xe0, 0xcd, 0xaa, 0xff, 0xe0, 0xcf, 0xad, 0xff, 
0xe1, 0xd1, 0xb1, 0xff, 0xe0, 0xce, 0xac, 0xff, 0xdf, 0xcc, 0xa8, 0xff, 0xe0, 0xce, 0xa9, 0xff, 
0xe2, 0xd0, 0xac, 0xff, 0xe3, 0xd0, 0xae, 0xff, 0xe1, 0xd0, 0xab, 0xff, 0xe1, 0xd0, 0xad, 0xff, 
0xe1, 0xd0, 0xaf, 0xff, 0xdf, 0xcf, 0xac, 0xff, 0xe0, 0xce, 0xab, 0xff, 0xe0, 0xcf, 0xac, 0xff, 
0xe0, 0xd0, 0xaf, 0xff, 0xe1, 0xd0, 0xae, 0xff, 0xe2, 0xcf, 0xad, 0xff, 0xe1, 0xcf, 0xae, 0xff, 
0xe2, 0xcf, 0xad, 0xff, 0xe1, 0xce, 0xad, 0xff, 0xe0, 0xcf, 0xae, 0xff, 0xe1, 0xcf, 0xae, 0xff, 
0xe3, 0xcf, 0xaf, 0xff, 0xe1, 0xce, 0xad, 0xff, 0xe1, 0xcd, 0xac, 0xff, 0xe0, 0xcd, 0xac, 0xff, 
0xe0, 0xcd, 0xad, 0xff, 0xe0, 0xcc, 0xac, 0xff, 0xe1, 0xce, 0xac, 0xff, 0xe0, 0xcd, 0xac, 0xff, 
0xe0, 0xcd, 0xab, 0xff, 0xde, 0xcd, 0xab, 0xff, 0xde, 0xcd, 0xab, 0xff, 0xdf, 0xcd, 0xaa, 0xff, 
0xdc, 0xcd, 0xab, 0xff, 0xde, 0xcc, 0xa9, 0xff, 0xe0, 0xcd, 0xaa, 0xff, 0xe0, 0xcd, 0xab, 0xff, 
0xdf, 0xcd, 0xaa, 0xff, 0xe0, 0xce, 0xab, 0xff, 0xe0, 0xce, 0xab, 0xff, 0xdd, 0xcc, 0xa8, 0xff, 
0xde, 0xcc, 0xa8, 0xff, 0xdc, 0xcc, 0xa7, 0xff, 0xdf, 0xcd, 0xa8, 0xff, 0xde, 0xcd, 0xa8, 0xff, 
0xde, 0xce, 0xab, 0xff, 0xe1, 0xcf, 0xab, 0xff, 0xe0, 0xce, 0xa9, 0xff, 0xdf, 0xcd, 0xa6, 0xff, 
0xdf, 0xcd, 0xa7, 0xff, 0xdf, 0xcd, 0xa7, 0xff, 0xe0, 0xce, 0xa8, 0xff, 0xdf, 0xcd, 0xa7, 0xff, 
0xdf, 0xcd, 0xa7, 0xff, 0xdf, 0xcd, 0xa7, 0xff, 0xe0, 0xce, 0xa8, 0xff, 0xe0, 0xce, 0xa7, 0xff, 
0xe0, 0xce, 0xa8, 0xff, 0xe0, 0xce, 0xa8, 0xff, 0xe1, 0xcf, 0xa8, 0xff, 0xe0, 0xce, 0xa7, 0xff, 
0xe1, 0xce, 0xa8, 0xff, 0xe1, 0xcf, 0xa9, 0xff, 0xe2, 0xcf, 0xa9, 0xff, 0xe2, 0xd0, 0xaa, 0xff, 
0xe2, 0xcf, 0xab, 0xff, 0xe4, 0xd3, 0xb1, 0xff, 0xe4, 0xd3, 0xb0, 0xff, 0xe1, 0xcf, 0xab, 0xff, 
0xe2, 0xcf, 0xab, 0xff, 0xe3, 0xd0, 0xad, 0xff, 0xe6, 0xd3, 0xb0, 0xff, 0xe5, 0xd3, 0xb0, 0xff, 
0xe4, 0xd2, 0xae, 0xff, 0xe4, 0xd2, 0xb0, 0xff, 0xe2, 0xd2, 0xb0, 0xff, 0xe2, 0xd0, 0xae, 0xff, 
0xe3, 0xd0, 0xae, 0xff, 0xe4, 0xd2, 0xb0, 0xff, 0xe5, 0xd2, 0xb1, 0xff, 0xe5, 0xd1, 0xb0, 0xff, 
0xe4, 0xd1, 0xaf, 0xff, 0xe5, 0xd2, 0xb1, 0xff, 0xe6, 0xd2, 0xb2, 0xff, 0xe6, 0xd3, 0xb2, 0xff, 
0xe4, 0xd3, 0xb2, 0xff, 0xe3, 0xd3, 0xb1, 0xff, 0xe4, 0xd2, 0xb1, 0xff, 0xe5, 0xd2, 0xb2, 0xff, 
0xe5, 0xd2, 0xb1, 0xff, 0xe5, 0xd3, 0xb2, 0xff, 0xe6, 0xd4, 0xb2, 0xff, 0xe5, 0xd3, 0xb2, 0xff, 
0xe5, 0xd4, 0xb2, 0xff, 0xe3, 0xd3, 0xb1, 0xff, 0xe2, 0xd2, 0xb1, 0xff, 0xe2, 0xd1, 0xb0, 0xff, 
0xe2, 0xd0, 0xaf, 0xff, 0xe1, 0xd1, 0xaf, 0xff, 0xe0, 0xd0, 0xae, 0xff, 0xe0, 0xd0, 0xae, 0xff, 
0xe0, 0xd0, 0xaf, 0xff, 0xdf, 0xd0, 0xaf, 0xff, 0xdf, 0xcf, 0xae, 0xff, 0xe0, 0xcf, 0xae, 0xff, 
0xdf, 0xcf, 0xad, 0xff, 0xdf, 0xce, 0xad, 0xff, 0xdf, 0xcf, 0xae, 0xff, 0xde, 0xce, 0xad, 0xff, 
0xde, 0xcf, 0xad, 0xff, 0xdf, 0xcf, 0xae, 0xff, 0xdf, 0xcf, 0xae, 0xff, 0xe0, 0xcf, 0xad, 0xff, 
0xe0, 0xd0, 0xad, 0xff, 0xde, 0xcf, 0xab, 0xff, 0xde, 0xce, 0xaa, 0xff, 0xde, 0xce, 0xaa, 0xff, 
0xde, 0xce, 0xa9, 0xff, 0xde, 0xce, 0xa9, 0xff, 0xe0, 0xcf, 0xab, 0xff, 0xe2, 0xd0, 0xac, 0xff, 
0xe1, 0xcf, 0xab, 0xff, 0xe1, 0xcf, 0xaa, 0xff, 0xe0, 0xce, 0xa7, 0xff, 0xe1, 0xcf, 0xa8, 0xff, 
0xe1, 0xcf, 0xa8, 0xff, 0xe0, 0xcf, 0xa8, 0xff, 0xe2, 0xcf, 0xa9, 0xff, 0xe2, 0xd0, 0xaa, 0xff, 
0xe1, 0xcf, 0xa9, 0xff, 0xe2, 0xcf, 0xaa, 0xff, 0xe2, 0xd0, 0xab, 0xff, 0xe3, 0xd3, 0xb1, 0xff, 
0xe2, 0xd1, 0xae, 0xff, 0xe0, 0xce, 0xa9, 0xff, 0xe1, 0xcf, 0xab, 0xff, 0xe2, 0xd0, 0xac, 0xff, 
0xe3, 0xd1, 0xaf, 0xff, 0xe2, 0xcf, 0xae, 0xff, 0xe2, 0xd0, 0xac, 0xff, 0xe2, 0xd1, 0xae, 0xff, 
0xdf, 0xd0, 0xad, 0xff, 0xdf, 0xce, 0xab, 0xff, 0xe0, 0xcf, 0xac, 0xff, 0xe0, 0xd0, 0xae, 0xff, 
0xe0, 0xcf, 0xad, 0xff, 0xe1, 0xce, 0xac, 0xff, 0xe1, 0xce, 0xad, 0xff, 0xe2, 0xce, 0xae, 0xff, 
0xe1, 0xce, 0xae, 0xff, 0xe1, 0xd0, 0xaf, 0xff, 0xdf, 0xcf, 0xad, 0xff, 0xe0, 0xce, 0xac, 0xff, 
0xdf, 0xcd, 0xad, 0xff, 0xe0, 0xcd, 0xac, 0xff, 0xdf, 0xcd, 0xab, 0xff, 0xe1, 0xcd, 0xad, 0xff, 
0xe1, 0xcd, 0xad, 0xff, 0xdf, 0xcc, 0xac, 0xff, 0xde, 0xcd, 0xab, 0xff, 0xdf, 0xcc, 0xab, 0xff, 
0xde, 0xcc, 0xaa, 0xff, 0xdc, 0xcc, 0xaa, 0xff, 0xde, 0xcc, 0xaa, 0xff, 0xe0, 0xcd, 0xaa, 0xff, 
0xe0, 0xce, 0xab, 0xff, 0xe0, 0xcd, 0xab, 0xff, 0xe0, 0xce, 0xaa, 0xff, 0xdf, 0xcf, 0xab, 0xff, 
0xdc, 0xcc, 0xac, 0xff, 0xdc, 0xcc, 0xac, 0xff, 0xdd, 0xcc, 0xab, 0xff, 0xdd, 0xcc, 0xaa, 0xff, 
0xdd, 0xcd, 0xab, 0xff, 0xdd, 0xcd, 0xab, 0xff, 0xdf, 0xcd, 0xad, 0xff, 0xdf, 0xcd, 0xad, 0xff, 
0xdf, 0xcc, 0xab, 0xff, 0xdf, 0xcd, 0xab, 0xff, 0xdd, 0xcc, 0xab, 0xff, 0xde, 0xcc, 0xab, 0xff, 
0xdf, 0xcd, 0xac, 0xff, 0xde, 0xcc, 0xac, 0xff, 0xdd, 0xcd, 0xac, 0xff, 0xdc, 0xcc, 0xac, 0xff, 
0xdc, 0xcb, 0xab, 0xff, 0xdd, 0xcc, 0xab, 0xff, 0xdd, 0xcb, 0xaa, 0xff, 0xdc, 0xcb, 0xaa, 0xff, 
0xdc, 0xcc, 0xaa, 0xff, 0xdc, 0xcd, 0xac, 0xff, 0xdb, 0xcb, 0xaa, 0xff, 0xdb, 0xca, 0xa9, 0xff, 
0xdc, 0xca, 0xaa, 0xff, 0xdc, 0xcb, 0xab, 0xff, 0xdc, 0xcb, 0xab, 0xff, 0xdc, 0xcc, 0xab, 0xff, 
0xdb, 0xcb, 0xab, 0xff, 0xdb, 0xcb, 0xaa, 0xff, 0xdc, 0xcb, 0xaa, 0xff, 0xdc, 0xcb, 0xab, 0xff, 
0xdc, 0xcb, 0xab, 0xff, 0xdb, 0xcb, 0xaa, 0xff, 0xdb, 0xcb, 0xaa, 0xff, 0xdb, 0xcb, 0xaa, 0xff, 
0xdc, 0xcb, 0xaa, 0xff, 0xdc, 0xcb, 0xaa, 0xff, 0xdd, 0xcc, 0xab, 0xff, 0xdd, 0xcd, 0xab, 0xff, 
0xdd, 0xcd, 0xab, 0xff, 0xdd, 0xcd, 0xac, 0xff, 0xdc, 0xcc, 0xab, 0xff, 0xdd, 0xcc, 0xac, 0xff, 
0xde, 0xcb, 0xab, 0xff, 0xdf, 0xcc, 0xab, 0xff, 0xe0, 0xce, 0xac, 0xff, 0xe1, 0xcd, 0xac, 0xff, 
0xdf, 0xcc, 0xab, 0xff, 0xde, 0xcb, 0xab, 0xff, 0xdd, 0xcb, 0xab, 0xff, 0xde, 0xcc, 0xac, 0xff, 
0xdd, 0xcc, 0xab, 0xff, 0xdd, 0xcc, 0xaa, 0xff, 0xdc, 0xcc, 0xab, 0xff, 0xdc, 0xcc, 0xab, 0xff, 
0xdd, 0xcb, 0xab, 0xff, 0xdd, 0xcc, 0xab, 0xff, 0xdc, 0xcc, 0xab, 0xff, 0xdc, 0xcc, 0xab, 0xff, 
0xdc, 0xcb, 0xab, 0xff, 0xdb, 0xcb, 0xa9, 0xff, 0xdc, 0xcb, 0xaa, 0xff, 0xdc, 0xcb, 0xaa, 0xff, 
0xdc, 0xcb, 0xaa, 0xff, 0xdd, 0xcc, 0xaa, 0xff, 0xdc, 0xcc, 0xa9, 0xff, 0xdc, 0xcc, 0xa9, 0xff, 
0xdd, 0xcc, 0xa9, 0xff, 0xdf, 0xcc, 0xaa, 0xff, 0xdd, 0xcb, 0xa9, 0xff, 0xdc, 0xca, 0xa8, 0xff, 
0xde, 0xcc, 0xa8, 0xff, 0xde, 0xcc, 0xa8, 0xff, 0xdd, 0xcc, 0xa9, 0xff, 0xdd, 0xcb, 0xa7, 0xff, 
0xdd, 0xcb, 0xa7, 0xff, 0xde, 0xcb, 0xa7, 0xff, 0xdf, 0xcc, 0xa7, 0xff, 0xde, 0xcc, 0xa8, 0xff, 
0xde, 0xcc, 0xa9, 0xff, 0xdd, 0xcb, 0xa8, 0xff, 0xdd, 0xcb, 0xa7, 0xff, 0xdd, 0xcb, 0xa7, 0xff, 
0xdf, 0xcc, 0xa9, 0xff, 0xde, 0xcc, 0xab, 0xff, 0xde, 0xcb, 0xaa, 0xff, 0xdd, 0xcc, 0xaa, 0xff, 
0xdc, 0xcb, 0xa9, 0xff, 0xdd, 0xcb, 0xa9, 0xff, 0xde, 0xcd, 0xab, 0xff, 0xdf, 0xce, 0xab, 0xff, 
0xde, 0xce, 0xad, 0xff, 0xdf, 0xce, 0xae, 0xff, 0xde, 0xce, 0xad, 0xff, 0xde, 0xce, 0xac, 0xff, 
0xde, 0xcf, 0xae, 0xff, 0xde, 0xce, 0xae, 0xff, 0xde, 0xce, 0xad, 0xff, 0xdf, 0xcf, 0xae, 0xff, 
0xdf, 0xce, 0xad, 0xff, 0xdf, 0xcf, 0xad, 0xff, 0xe1, 0xd0, 0xaf, 0xff, 0xe1, 0xd1, 0xb0, 0xff, 
0xe1, 0xd1, 0xb1, 0xff, 0xe0, 0xcf, 0xae, 0xff, 0xe0, 0xd0, 0xae, 0xff, 0xe0, 0xd0, 0xaf, 0xff, 
0xe0, 0xce, 0xad, 0xff, 0xe2, 0xd0, 0xaf, 0xff, 0xe2, 0xd0, 0xaf, 0xff, 0xe0, 0xce, 0xad, 0xff, 
0xde, 0xcf, 0xad, 0xff, 0xdf, 0xcd, 0xad, 0xff, 0xe0, 0xcd, 0xad, 0xff, 0xe0, 0xce, 0xae, 0xff, 
0xdf, 0xcd, 0xad, 0xff, 0xde, 0xcd, 0xac, 0xff, 0xdd, 0xcc, 0xab, 0xff, 0xdc, 0xcc, 0xab, 0xff, 
0xdd, 0xcc, 0xac, 0xff, 0xdd, 0xcc, 0xac, 0xff, 0xdd, 0xcb, 0xaa, 0xff, 0xdc, 0xcc, 0xac, 0xff, 
0xdb, 0xcb, 0xab, 0xff, 0xdb, 0xcb, 0xa9, 0xff, 0xdc, 0xcc, 0xaa, 0xff, 0xdb, 0xcb, 0xa9, 0xff, 
0xdc, 0xcb, 0xa9, 0xff, 0xdb, 0xcc, 0xa9, 0xff, 0xdb, 0xcb, 0xa9, 0xff, 0xdc, 0xcb, 0xa9, 0xff, 
0xde, 0xcc, 0xa9, 0xff, 0xde, 0xcc, 0xaa, 0xff, 0xdc, 0xcb, 0xa8, 0xff, 0xdc, 0xcb, 0xa8, 0xff, 
0xdc, 0xcb, 0xa7, 0xff, 0xdd, 0xcb, 0xa6, 0xff, 0xdd, 0xcb, 0xa7, 0xff, 0xde, 0xcc, 0xa7, 0xff, 
0xde, 0xcc, 0xa7, 0xff, 0xde, 0xcc, 0xa7, 0xff, 0xde, 0xcc, 0xa7, 0xff, 0xdf, 0xcc, 0xa7, 0xff, 
0xdf, 0xcd, 0xa8, 0xff, 0xdf, 0xcd, 0xa8, 0xff, 0xdf, 0xcd, 0xa8, 0xff, 0xde, 0xcc, 0xa7, 0xff, 
0xe0, 0xcd, 0xa8, 0xff, 0xe0, 0xce, 0xa9, 0xff, 0xe0, 0xce, 0xa9, 0xff, 0xdf, 0xce, 0xab, 0xff, 
0xdf, 0xcf, 0xab, 0xff, 0xe0, 0xcf, 0xac, 0xff, 0xe0, 0xce, 0xaa, 0xff, 0xe0, 0xcf, 0xac, 0xff, 
0xe1, 0xd0, 0xaf, 0xff, 0xe2, 0xd1, 0xb0, 0xff, 0xe2, 0xd0, 0xaf, 0xff, 0xe0, 0xd0, 0xaf, 0xff, 
0xe0, 0xd0, 0xaf, 0xff, 0xe1, 0xd1, 0xaf, 0xff, 0xe1, 0xd1, 0xb0, 0xff, 0xe0, 0xd0, 0xb0, 0xff, 
0xe1, 0xd0, 0xb0, 0xff, 0xe1, 0xd1, 0xb1, 0xff, 0xe2, 0xd2, 0xb1, 0xff, 0xe3, 0xd3, 0xb2, 0xff, 
0xe3, 0xd3, 0xb3, 0xff, 0xe2, 0xd2, 0xb1, 0xff, 0xe3, 0xd3, 0xb2, 0xff, 0xe3, 0xd3, 0xb2, 0xff, 
0xe3, 0xd3, 0xb2, 0xff, 0xe5, 0xd5, 0xb3, 0xff, 0xe4, 0xd3, 0xb2, 0xff, 0xe3, 0xd3, 0xb2, 0xff, 
0xe3, 0xd3, 0xb2, 0xff, 0xe4, 0xd3, 0xb2, 0xff, 0xe5, 0xd5, 0xb4, 0xff, 0xe3, 0xd3, 0xb2, 0xff, 
0xe3, 0xd3, 0xb2, 0xff, 0xe3, 0xd3, 0xb2, 0xff, 0xe2, 0xd2, 0xb1, 0xff, 0xe3, 0xd3, 0xb1, 0xff, 
0xe3, 0xd3, 0xb1, 0xff, 0xe1, 0xd1, 0xb0, 0xff, 0xe0, 0xd0, 0xaf, 0xff, 0xdf, 0xd0, 0xaf, 0xff, 
0xe0, 0xd0, 0xaf, 0xff, 0xe1, 0xd1, 0xb0, 0xff, 0xdf, 0xcf, 0xae, 0xff, 0xdf, 0xcf, 0xae, 0xff, 
0xde, 0xcf, 0xae, 0xff, 0xde, 0xce, 0xad, 0xff, 0xdf, 0xcf, 0xae, 0xff, 0xde, 0xce, 0xad, 0xff, 
0xde, 0xce, 0xad, 0xff, 0xde, 0xce, 0xad, 0xff, 0xde, 0xce, 0xac, 0xff, 0xdd, 0xcd, 0xac, 0xff, 
0xdd, 0xce, 0xac, 0xff, 0xdd, 0xcd, 0xac, 0xff, 0xdd, 0xcd, 0xac, 0xff, 0xdd, 0xcd, 0xab, 0xff, 
0xdc, 0xcc, 0xaa, 0xff, 0xdd, 0xcd, 0xaa, 0xff, 0xdf, 0xcd, 0xaa, 0xff, 0xdf, 0xcd, 0xaa, 0xff, 
0xde, 0xcd, 0xa9, 0xff, 0xe0, 0xcd, 0xa9, 0xff, 0xdf, 0xcd, 0xa8, 0xff, 0xdf, 0xcd, 0xa8, 0xff, 
0xdf, 0xcd, 0xa8, 0xff, 0xdf, 0xcd, 0xa8, 0xff, 0xe0, 0xce, 0xa9, 0xff, 0xe0, 0xce, 0xa8, 0xff, 
0xdf, 0xce, 0xaa, 0xff, 0xdf, 0xce, 0xab, 0xff, 0xdf, 0xce, 0xac, 0xff, 0xde, 0xce, 0xab, 0xff, 
0xde, 0xcd, 0xa9, 0xff, 0xe0, 0xcf, 0xac, 0xff, 0xe1, 0xd0, 0xad, 0xff, 0xe0, 0xd0, 0xae, 0xff, 
0xdf, 0xcf, 0xae, 0xff, 0xdf, 0xce, 0xae, 0xff, 0xdf, 0xce, 0xad, 0xff, 0xdf, 0xcf, 0xad, 0xff, 
0xdf, 0xcf, 0xae, 0xff, 0xdf, 0xce, 0xae, 0xff, 0xdf, 0xcf, 0xae, 0xff, 0xe0, 0xd0, 0xae, 0xff, 
0xe0, 0xcf, 0xae, 0xff, 0xe1, 0xd1, 0xb0, 0xff, 0xe0, 0xd0, 0xaf, 0xff, 0xdf, 0xcf, 0xae, 0xff, 
0xe0, 0xd0, 0xaf, 0xff, 0xdf, 0xcf, 0xae, 0xff, 0xe0, 0xd0, 0xaf, 0xff, 0xe0, 0xd0, 0xae, 0xff, 
0xdf, 0xce, 0xad, 0xff, 0xdf, 0xce, 0xad, 0xff, 0xdf, 0xcd, 0xac, 0xff, 0xdf, 0xce, 0xad, 0xff, 
0xdf, 0xce, 0xad, 0xff, 0xde, 0xcc, 0xac, 0xff, 0xdd, 0xcd, 0xad, 0xff, 0xdd, 0xcc, 0xac, 0xff, 
0xdc, 0xcc, 0xab, 0xff, 0xdc, 0xcc, 0xab, 0xff, 0xdd, 0xcc, 0xab, 0xff, 0xdc, 0xcc, 0xab, 0xff, 
0xdc, 0xcc, 0xab, 0xff, 0xdc, 0xcc, 0xac, 0xff, 0xdb, 0xcb, 0xaa, 0xff, 0xdc, 0xcc, 0xab, 0xff, 
0xd2, 0xc2, 0xa1, 0xff, 0xd2, 0xc2, 0xa2, 0xff, 0xd2, 0xc3, 0xa1, 0xff, 0xd1, 0xc2, 0xa1, 0xff, 
0xd1, 0xc2, 0xa1, 0xff, 0xd1, 0xc2, 0xa1, 0xff, 0xd1, 0xc2, 0xa1, 0xff, 0xd4, 0xc4, 0xa3, 0xff, 
0xd5, 0xc5, 0xa4, 0xff, 0xd3, 0xc3, 0xa2, 0xff, 0xd6, 0xc5, 0xa5, 0xff, 0xd5, 0xc6, 0xa5, 0xff, 
0xd5, 0xc5, 0xa3, 0xff, 0xd5, 0xc6, 0xa4, 0xff, 0xd4, 0xc4, 0xa3, 0xff, 0xd3, 0xc4, 0xa2, 0xff, 
0xd3, 0xc4, 0xa3, 0xff, 0xd3, 0xc4, 0xa2, 0xff, 0xd2, 0xc3, 0xa1, 0xff, 0xd2, 0xc3, 0xa2, 0xff, 
0xd4, 0xc4, 0xa3, 0xff, 0xd4, 0xc4, 0xa3, 0xff, 0xd3, 0xc3, 0xa2, 0xff, 0xd2, 0xc3, 0xa1, 0xff, 
0xd2, 0xc3, 0xa2, 0xff, 0xd4, 0xc4, 0xa3, 0xff, 0xd3, 0xc3, 0xa2, 0xff, 0xd2, 0xc2, 0xa1, 0xff, 
0xd2, 0xc2, 0xa2, 0xff, 0xd1, 0xc1, 0xa1, 0xff, 0xd2, 0xc2, 0xa1, 0xff, 0xd1, 0xc2, 0xa0, 0xff, 
0xd2, 0xc2, 0xa1, 0xff, 0xd1, 0xc2, 0xa0, 0xff, 0xd1, 0xc1, 0xa0, 0xff, 0xd1, 0xc2, 0xa0, 0xff, 
0xd1, 0xc2, 0xa1, 0xff, 0xd2, 0xc2, 0xa1, 0xff, 0xd1, 0xc2, 0xa1, 0xff, 0xd2, 0xc3, 0xa2, 0xff, 
0xd2, 0xc3, 0xa4, 0xff, 0xd1, 0xc2, 0xa2, 0xff, 0xd2, 0xc2, 0xa0, 0xff, 0xd2, 0xc3, 0xa2, 0xff, 
0xd2, 0xc2, 0xa1, 0xff, 0xd2, 0xc3, 0xa2, 0xff, 0xd3, 0xc3, 0xa3, 0xff, 0xd6, 0xc6, 0xa4, 0xff, 
0xd4, 0xc3, 0xa2, 0xff, 0xd3, 0xc2, 0xa2, 0xff, 0xd5, 0xc5, 0xa4, 0xff, 0xd4, 0xc4, 0xa3, 0xff, 
0xd3, 0xc4, 0xa4, 0xff, 0xd2, 0xc3, 0xa2, 0xff, 0xd3, 0xc3, 0xa3, 0xff, 0xd3, 0xc3, 0xa2, 0xff, 
0xd2, 0xc3, 0xa1, 0xff, 0xd2, 0xc3, 0xa2, 0xff, 0xd1, 0xc1, 0xa0, 0xff, 0xd1, 0xc1, 0xa0, 0xff, 
0xd1, 0xc1, 0xa0, 0xff, 0xd0, 0xc1, 0x9f, 0xff, 0xd0, 0xc0, 0x9f, 0xff, 0xd0, 0xc1, 0x9f, 0xff, 
0xd0, 0xc1, 0xa0, 0xff, 0xd1, 0xc1, 0xa1, 0xff, 0xd0, 0xc1, 0x9f, 0xff, 0xd0, 0xc1, 0xa0, 0xff, 
0xd0, 0xc0, 0x9f, 0xff, 0xd0, 0xc0, 0x9f, 0xff, 0xd0, 0xc0, 0x9f, 0xff, 0xd1, 0xc2, 0xa1, 0xff, 
0xd2, 0xc2, 0xa1, 0xff, 0xd2, 0xc2, 0xa1, 0xff, 0xd2, 0xc2, 0xa0, 0xff, 0xd2, 0xc2, 0xa1, 0xff, 
0xd2, 0xc2, 0xa2, 0xff, 0xd4, 0xc3, 0xa2, 0xff, 0xd6, 0xc3, 0xa3, 0xff, 0xd6, 0xc4, 0xa3, 0xff, 
0xd4, 0xc4, 0xa3, 0xff, 0xd3, 0xc2, 0xa2, 0xff, 0xd3, 0xc2, 0xa0, 0xff, 0xd3, 0xc3, 0xa2, 0xff, 
0xd6, 0xc5, 0xa3, 0xff, 0xd5, 0xc5, 0xa3, 0xff, 0xd4, 0xc4, 0xa3, 0xff, 0xd5, 0xc5, 0xa3, 0xff, 
0xd4, 0xc5, 0xa3, 0xff, 0xd5, 0xc5, 0xa4, 0xff, 0xd5, 0xc6, 0xa4, 0xff, 0xd5, 0xc6, 0xa4, 0xff, 
0xd4, 0xc5, 0xa3, 0xff, 0xd4, 0xc5, 0xa3, 0xff, 0xd5, 0xc5, 0xa4, 0xff, 0xd4, 0xc4, 0xa3, 0xff, 
0xd4, 0xc5, 0xa3, 0xff, 0xd5, 0xc5, 0xa4, 0xff, 0xd5, 0xc5, 0xa4, 0xff, 0xd6, 0xc6, 0xa5, 0xff, 
0xd6, 0xc7, 0xa5, 0xff, 0xd5, 0xc6, 0xa7, 0xff, 0xd7, 0xc6, 0xa8, 0xff, 0xd7, 0xc8, 0xa8, 0xff, 
0xd6, 0xc8, 0xa7, 0xff, 0xd6, 0xc7, 0xa6, 0xff, 0xd6, 0xc6, 0xa6, 0xff, 0xd6, 0xc6, 0xa5, 0xff, 
0xd5, 0xc5, 0xa4, 0xff, 0xd6, 0xc5, 0xa6, 0xff, 0xd7, 0xc8, 0xa6, 0xff, 0xd8, 0xc8, 0xa6, 0xff, 
0xd4, 0xc5, 0xa4, 0xff, 0xd6, 0xc7, 0xa6, 0xff, 0xd7, 0xc7, 0xa6, 0xff, 0xd5, 0xc6, 0xa5, 0xff, 
0xd6, 0xc6, 0xa5, 0xff, 0xd4, 0xc4, 0xa3, 0xff, 0xd3, 0xc3, 0xa2, 0xff, 0xd3, 0xc3, 0xa2, 0xff, 
0xd3, 0xc3, 0xa2, 0xff, 0xd2, 0xc2, 0xa1, 0xff, 0xd1, 0xc2, 0xa0, 0xff, 0xd1, 0xc2, 0xa0, 0xff, 
0xd1, 0xc1, 0xa0, 0xff, 0xd0, 0xc1, 0x9f, 0xff, 0xd1, 0xc1, 0xa0, 0xff, 0xd1, 0xc1, 0xa0, 0xff, 
0xd1, 0xc1, 0xa0, 0xff, 0xd0, 0xc1, 0xa0, 0xff, 0xd0, 0xc1, 0x9f, 0xff, 0xd0, 0xc1, 0x9f, 0xff, 
0xd0, 0xc0, 0x9f, 0xff, 0xd0, 0xc0, 0x9e, 0xff, 0xd0, 0xc1, 0x9f, 0xff, 0xd1, 0xc2, 0xa0, 0xff, 
0xd1, 0xc2, 0xa1, 0xff, 0xd2, 0xc2, 0xa0, 0xff, 0xd2, 0xc2, 0xa0, 0xff, 0xd2, 0xc2, 0xa0, 0xff, 
0xd2, 0xc2, 0xa0, 0xff, 0xd3, 0xc3, 0xa1, 0xff, 0xd4, 0xc2, 0xa1, 0xff, 0xd4, 0xc3, 0xa2, 0xff, 
0xd6, 0xc3, 0xa2, 0xff, 0xd5, 0xc4, 0xa2, 0xff, 0xd3, 0xc3, 0xa2, 0xff, 0xd7, 0xc5, 0xa3, 0xff, 
0xd7, 0xc7, 0xa4, 0xff, 0xd6, 0xc6, 0xa4, 0xff, 0xd6, 0xc6, 0xa5, 0xff, 0xd6, 0xc7, 0xa6, 0xff, 
0xd8, 0xc8, 0xa7, 0xff, 0xd8, 0xc8, 0xa7, 0xff, 0xd8, 0xc8, 0xa7, 0xff, 0xd7, 0xc8, 0xa6, 0xff, 
0xd8, 0xc8, 0xa8, 0xff, 0xd8, 0xc8, 0xa7, 0xff, 0xd7, 0xc8, 0xa6, 0xff, 0xd6, 0xc7, 0xa6, 0xff, 
0xd7, 0xc7, 0xa6, 0xff, 0xd7, 0xc7, 0xa6, 0xff, 0xd8, 0xc8, 0xa7, 0xff, 0xd7, 0xc8, 0xa7, 0xff, 
0xd8, 0xc8, 0xa7, 0xff, 0xd8, 0xc9, 0xa8, 0xff, 0xd9, 0xca, 0xa9, 0xff, 0xda, 0xca, 0xa9, 0xff, 
0xda, 0xca, 0xaa, 0xff, 0xd9, 0xca, 0xa9, 0xff, 0xda, 0xca, 0xa9, 0xff, 0xd9, 0xca, 0xa8, 0xff, 
0xda, 0xca, 0xa9, 0xff, 0xdc, 0xcc, 0xaa, 0xff, 0xdd, 0xce, 0xac, 0xff, 0xdb, 0xcc, 0xaa, 0xff, 
0xdb, 0xcb, 0xab, 0xff, 0xdd, 0xce, 0xac, 0xff, 0xdc, 0xcc, 0xaa, 0xff, 0xdb, 0xcc, 0xab, 0xff, 
0xd9, 0xca, 0xab, 0xff, 0xd8, 0xc9, 0xa9, 0xff, 0xd8, 0xc8, 0xa8, 0xff, 0xd9, 0xc8, 0xaa, 0xff, 
0xd8, 0xc9, 0xaa, 0xff, 0xd9, 0xca, 0xab, 0xff, 0xd7, 0xc7, 0xa8, 0xff, 0xd8, 0xc8, 0xa9, 0xff, 
0xd7, 0xc8, 0xa9, 0xff, 0xd7, 0xc8, 0xa9, 0xff, 0xd7, 0xc8, 0xa9, 0xff, 0xd5, 0xc6, 0xa7, 0xff, 
0xd5, 0xc6, 0xa6, 0xff, 0xd5, 0xc5, 0xa5, 0xff, 0xd4, 0xc5, 0xa5, 0xff, 0xd3, 0xc3, 0xa5, 0xff, 
0xd4, 0xc4, 0xa4, 0xff, 0xd3, 0xc3, 0xa3, 0xff, 0xd3, 0xc3, 0xa1, 0xff, 0xd3, 0xc3, 0xa1, 0xff, 
0xd2, 0xc2, 0xa1, 0xff, 0xd2, 0xc2, 0xa1, 0xff, 0xd3, 0xc3, 0xa2, 0xff, 0xd2, 0xc3, 0xa1, 0xff, 
0xd2, 0xc2, 0xa1, 0xff, 0xd2, 0xc3, 0xa1, 0xff, 0xd3, 0xc3, 0xa2, 0xff, 0xd2, 0xc2, 0xa2, 0xff, 
0xd3, 0xc3, 0xa2, 0xff, 0xd4, 0xc3, 0xa3, 0xff, 0xd6, 0xc4, 0xa4, 0xff, 0xd5, 0xc4, 0xa3, 0xff, 
0xd4, 0xc5, 0xa4, 0xff, 0xd8, 0xc6, 0xa5, 0xff, 0xd7, 0xc8, 0xa5, 0xff, 0xd7, 0xc6, 0xa4, 0xff, 
0xd7, 0xc7, 0xa6, 0xff, 0xd7, 0xc7, 0xa7, 0xff, 0xd6, 0xc6, 0xa5, 0xff, 0xd7, 0xc6, 0xa6, 0xff, 
0xd6, 0xc7, 0xa6, 0xff, 0xd7, 0xc7, 0xa6, 0xff, 0xd7, 0xc7, 0xa6, 0xff, 0xd6, 0xc6, 0xa5, 0xff, 
0xd5, 0xc6, 0xa5, 0xff, 0xd5, 0xc6, 0xa4, 0xff, 0xd5, 0xc5, 0xa4, 0xff, 0xd5, 0xc5, 0xa4, 0xff, 
0xd5, 0xc5, 0xa4, 0xff, 0xd4, 0xc5, 0xa4, 0xff, 0xd5, 0xc5, 0xa4, 0xff, 0xd6, 0xc6, 0xa5, 0xff, 
0xd6, 0xc5, 0xa8, 0xff, 0xd6, 0xc6, 0xa7, 0xff, 0xd6, 0xc6, 0xa5, 0xff, 0xd5, 0xc5, 0xa5, 0xff, 
0xd5, 0xc5, 0xa5, 0xff, 0xd5, 0xc5, 0xa5, 0xff, 0xd5, 0xc5, 0xa5, 0xff, 0xd6, 0xc7, 0xa6, 0xff, 
0xd7, 0xc8, 0xa7, 0xff, 0xd4, 0xc4, 0xa4, 0xff, 0xd6, 0xc7, 0xa6, 0xff, 0xd6, 0xc7, 0xa6, 0xff, 
0xd5, 0xc6, 0xa5, 0xff, 0xd6, 0xc6, 0xa5, 0xff, 0xd4, 0xc4, 0xa4, 0xff, 0xd3, 0xc4, 0xa3, 0xff, 
0xd3, 0xc3, 0xa2, 0xff, 0xd3, 0xc3, 0xa2, 0xff, 0xd2, 0xc2, 0xa1, 0xff, 0xd2, 0xc3, 0xa1, 0xff, 
0xd2, 0xc3, 0xa1, 0xff, 0xd1, 0xc2, 0xa1, 0xff, 0xd1, 0xc2, 0xa0, 0xff, 0xd2, 0xc2, 0xa1, 0xff, 
0xcb, 0xbc, 0x9a, 0xff, 0xcb, 0xbc, 0x9b, 0xff, 0xca, 0xbc, 0x9a, 0xff, 0xca, 0xbb, 0x99, 0xff, 
0xca, 0xbb, 0x99, 0xff, 0xcb, 0xbc, 0x9d, 0xff, 0xcb, 0xbc, 0x9c, 0xff, 0xcd, 0xbe, 0x9e, 0xff, 
0xce, 0xbf, 0x9e, 0xff, 0xcb, 0xbc, 0x9c, 0xff, 0xcf, 0xbf, 0x9f, 0xff, 0xcd, 0xbe, 0x9d, 0xff, 
0xcc, 0xbd, 0x9d, 0xff, 0xcd, 0xbe, 0x9d, 0xff, 0xcc, 0xbd, 0x9c, 0xff, 0xcc, 0xbd, 0x9c, 0xff, 
0xcc, 0xbd, 0x9c, 0xff, 0xcc, 0xbd, 0x9c, 0xff, 0xcc, 0xbd, 0x9d, 0xff, 0xce, 0xbe, 0x9d, 0xff, 
0xce, 0xbf, 0x9d, 0xff, 0xce, 0xbe, 0x9d, 0xff, 0xcc, 0xbd, 0x9d, 0xff, 0xcd, 0xbd, 0x9e, 0xff, 
0xcd, 0xbe, 0x9d, 0xff, 0xcc, 0xbd, 0x9b, 0xff, 0xcb, 0xbc, 0x9b, 0xff, 0xcb, 0xbc, 0x9b, 0xff, 
0xcb, 0xbc, 0x9c, 0xff, 0xcb, 0xbc, 0x9c, 0xff, 0xcb, 0xbc, 0x9b, 0xff, 0xcb, 0xbc, 0x9b, 0xff, 
0xcb, 0xbc, 0x9b, 0xff, 0xcb, 0xbc, 0x9c, 0xff, 0xcb, 0xbc, 0x9b, 0xff, 0xcc, 0xbc, 0x9c, 0xff, 
0xcc, 0xbd, 0x9c, 0xff, 0xcc, 0xbc, 0x9b, 0xff, 0xca, 0xbb, 0x9b, 0xff, 0xcb, 0xbc, 0x9c, 0xff, 
0xcb, 0xbc, 0x9d, 0xff, 0xcb, 0xbc, 0x9c, 0xff, 0xcc, 0xbd, 0x9d, 0xff, 0xcb, 0xbc, 0x9c, 0xff, 
0xca, 0xbc, 0x9c, 0xff, 0xca, 0xbc, 0x9c, 0xff, 0xcc, 0xbd, 0x9d, 0xff, 0xcf, 0xc0, 0x9f, 0xff, 
0xcb, 0xbc, 0x9c, 0xff, 0xcb, 0xbc, 0x9d, 0xff, 0xcd, 0xbe, 0x9e, 0xff, 0xca, 0xbc, 0x9c, 0xff, 
0xcb, 0xbc, 0x9d, 0xff, 0xcb, 0xbb, 0x9c, 0xff, 0xcb, 0xbc, 0x9c, 0xff, 0xca, 0xbb, 0x9b, 0xff, 
0xca, 0xbb, 0x9b, 0xff, 0xca, 0xbb, 0x9a, 0xff, 0xca, 0xbb, 0x9a, 0xff, 0xca, 0xba, 0x9a, 0xff, 
0xca, 0xbb, 0x9b, 0xff, 0xca, 0xbb, 0x9a, 0xff, 0xc9, 0xba, 0x9a, 0xff, 0xca, 0xbb, 0x9a, 0xff, 
0xca, 0xbb, 0x9b, 0xff, 0xca, 0xbb, 0x9b, 0xff, 0xca, 0xbb, 0x9a, 0xff, 0xca, 0xbb, 0x9a, 0xff, 
0xca, 0xbb, 0x9a, 0xff, 0xcb, 0xbc, 0x9b, 0xff, 0xcb, 0xbc, 0x9a, 0xff, 0xcc, 0xbd, 0x9b, 0xff, 
0xce, 0xbf, 0x9d, 0xff, 0xce, 0xbe, 0x9c, 0xff, 0xcd, 0xbd, 0x9c, 0xff, 0xce, 0xbe, 0x9e, 0xff, 
0xcf, 0xc0, 0x9e, 0xff, 0xd0, 0xc1, 0x9f, 0xff, 0xd1, 0xc1, 0xa0, 0xff, 0xd2, 0xc2, 0xa0, 0xff, 
0xd1, 0xc1, 0xa1, 0xff, 0xcf, 0xbe, 0x9f, 0xff, 0xd0, 0xc1, 0xa0, 0xff, 0xd2, 0xc2, 0xa0, 0xff, 
0xd2, 0xc2, 0xa0, 0xff, 0xd1, 0xc1, 0xa0, 0xff, 0xd0, 0xc0, 0x9f, 0xff, 0xd0, 0xc0, 0xa0, 0xff, 
0xd1, 0xc1, 0xa0, 0xff, 0xd1, 0xc1, 0xa1, 0xff, 0xd0, 0xc0, 0xa0, 0xff, 0xcf, 0xbf, 0x9f, 0xff, 
0xcf, 0xbe, 0x9e, 0xff, 0xce, 0xbe, 0x9e, 0xff, 0xce, 0xbf, 0x9f, 0xff, 0xce, 0xbe, 0x9e, 0xff, 
0xce, 0xbe, 0x9e, 0xff, 0xce, 0xbf, 0x9e, 0xff, 0xd1, 0xc1, 0xa2, 0xff, 0xd2, 0xc1, 0xa2, 0xff, 
0xd0, 0xbf, 0xa0, 0xff, 0xcf, 0xbf, 0xa0, 0xff, 0xce, 0xbf, 0xa0, 0xff, 0xce, 0xbf, 0xa0, 0xff, 
0xce, 0xbf, 0x9f, 0xff, 0xcf, 0xbf, 0xa0, 0xff, 0xce, 0xbe, 0x9f, 0xff, 0xcd, 0xbe, 0x9e, 0xff, 
0xce, 0xbd, 0x9e, 0xff, 0xcd, 0xbd, 0x9e, 0xff, 0xd0, 0xc1, 0xa1, 0xff, 0xd0, 0xc1, 0xa1, 0xff, 
0xcc, 0xbd, 0x9e, 0xff, 0xcf, 0xbe, 0xa0, 0xff, 0xcd, 0xbe, 0x9f, 0xff, 0xcc, 0xbd, 0x9d, 0xff, 
0xcd, 0xbd, 0x9d, 0xff, 0xcc, 0xbd, 0x9d, 0xff, 0xcc, 0xbd, 0x9d, 0xff, 0xcb, 0xbc, 0x9c, 0xff, 
0xcb, 0xbc, 0x9c, 0xff, 0xcb, 0xbc, 0x9c, 0xff, 0xca, 0xbb, 0x9a, 0xff, 0xca, 0xbb, 0x9b, 0xff, 
0xca, 0xbb, 0x9b, 0xff, 0xca, 0xba, 0x9a, 0xff, 0xca, 0xbb, 0x9a, 0xff, 0xca, 0xbb, 0x9a, 0xff, 
0xca, 0xbb, 0x9a, 0xff, 0xca, 0xbb, 0x9a, 0xff, 0xca, 0xbb, 0x99, 0xff, 0xca, 0xbb, 0x9a, 0xff, 
0xcb, 0xbc, 0x9b, 0xff, 0xcb, 0xbc, 0x9a, 0xff, 0xca, 0xbc, 0x9a, 0xff, 0xcc, 0xbd, 0x9b, 0xff, 
0xce, 0xbe, 0x9d, 0xff, 0xcd, 0xbd, 0x9c, 0xff, 0xce, 0xbe, 0x9c, 0xff, 0xce, 0xbe, 0x9d, 0xff, 
0xcf, 0xbf, 0x9d, 0xff, 0xd0, 0xc1, 0x9f, 0xff, 0xd0, 0xc1, 0xa0, 0xff, 0xd0, 0xc1, 0x9f, 0xff, 
0xd0, 0xc0, 0x9e, 0xff, 0xd2, 0xc1, 0xa1, 0xff, 0xd3, 0xc1, 0xa1, 0xff, 0xd4, 0xc3, 0xa1, 0xff, 
0xd4, 0xc6, 0xa4, 0xff, 0xd2, 0xc4, 0xa2, 0xff, 0xd3, 0xc3, 0xa2, 0xff, 0xd4, 0xc4, 0xa3, 0xff, 
0xd5, 0xc4, 0xa3, 0xff, 0xd4, 0xc3, 0xa2, 0xff, 0xd2, 0xc3, 0xa3, 0xff, 0xd2, 0xc2, 0xa2, 0xff, 
0xd1, 0xc2, 0xa0, 0xff, 0xd1, 0xc1, 0xa0, 0xff, 0xd1, 0xc0, 0xa0, 0xff, 0xd0, 0xc1, 0xa0, 0xff, 
0xd0, 0xc1, 0x9f, 0xff, 0xd0, 0xc1, 0xa0, 0xff, 0xd1, 0xc2, 0xa0, 0xff, 0xd1, 0xc2, 0xa2, 0xff, 
0xd1, 0xc2, 0xa2, 0xff, 0xd1, 0xc1, 0xa1, 0xff, 0xd1, 0xc1, 0xa1, 0xff, 0xd1, 0xc2, 0xa2, 0xff, 
0xd2, 0xc2, 0xa2, 0xff, 0xd2, 0xc3, 0xa4, 0xff, 0xd1, 0xc2, 0xa2, 0xff, 0xd2, 0xc3, 0xa2, 0xff, 
0xd2, 0xc3, 0xa3, 0xff, 0xd3, 0xc4, 0xa4, 0xff, 0xd6, 0xc7, 0xa6, 0xff, 0xd3, 0xc4, 0xa4, 0xff, 
0xd4, 0xc3, 0xa5, 0xff, 0xd5, 0xc4, 0xa6, 0xff, 0xd2, 0xc3, 0xa4, 0xff, 0xd3, 0xc4, 0xa4, 0xff, 
0xd2, 0xc3, 0xa3, 0xff, 0xd1, 0xc2, 0xa2, 0xff, 0xd1, 0xc1, 0xa2, 0xff, 0xd1, 0xc0, 0xa2, 0xff, 
0xd2, 0xc2, 0xa3, 0xff, 0xd2, 0xc3, 0xa4, 0xff, 0xd0, 0xc0, 0xa1, 0xff, 0xd2, 0xc0, 0xa3, 0xff, 
0xd0, 0xc1, 0xa2, 0xff, 0xce, 0xbf, 0xa0, 0xff, 0xcf, 0xc0, 0xa1, 0xff, 0xce, 0xbf, 0xa0, 0xff, 
0xce, 0xbe, 0x9f, 0xff, 0xce, 0xbf, 0x9f, 0xff, 0xcd, 0xbe, 0x9f, 0xff, 0xcd, 0xbe, 0x9f, 0xff, 
0xcc, 0xbd, 0x9d, 0xff, 0xcc, 0xbd, 0x9e, 0xff, 0xcd, 0xbe, 0x9e, 0xff, 0xcc, 0xbc, 0x9c, 0xff, 
0xcc, 0xbc, 0x9c, 0xff, 0xcc, 0xbd, 0x9d, 0xff, 0xcd, 0xbe, 0x9d, 0xff, 0xcd, 0xbe, 0x9d, 0xff, 
0xcd, 0xbd, 0x9d, 0xff, 0xce, 0xbe, 0x9e, 0xff, 0xcf, 0xbf, 0x9d, 0xff, 0xcf, 0xbf, 0x9e, 0xff, 
0xd0, 0xc0, 0x9f, 0xff, 0xd0, 0xc0, 0x9f, 0xff, 0xd2, 0xc2, 0xa0, 0xff, 0xd4, 0xc4, 0xa2, 0xff, 
0xd3, 0xc2, 0xa1, 0xff, 0xd4, 0xc4, 0xa3, 0xff, 0xd5, 0xc6, 0xa5, 0xff, 0xd4, 0xc4, 0xa3, 0xff, 
0xd5, 0xc5, 0xa3, 0xff, 0xd4, 0xc4, 0xa2, 0xff, 0xd2, 0xc3, 0xa1, 0xff, 0xd2, 0xc2, 0xa1, 0xff, 
0xd2, 0xc3, 0xa2, 0xff, 0xd2, 0xc2, 0xa0, 0xff, 0xd0, 0xc0, 0x9f, 0xff, 0xd0, 0xbf, 0x9f, 0xff, 
0xd0, 0xbf, 0x9f, 0xff, 0xcf, 0xc0, 0x9f, 0xff, 0xcf, 0xc0, 0x9f, 0xff, 0xce, 0xbf, 0x9e, 0xff, 
0xcf, 0xbf, 0x9e, 0xff, 0xcf, 0xc0, 0x9f, 0xff, 0xce, 0xbe, 0x9f, 0xff, 0xcd, 0xbd, 0x9e, 0xff, 
0xce, 0xbe, 0x9f, 0xff, 0xcd, 0xbe, 0x9f, 0xff, 0xce, 0xbf, 0x9f, 0xff, 0xcd, 0xbe, 0x9f, 0xff, 
0xcc, 0xbd, 0x9e, 0xff, 0xcd, 0xbd, 0x9e, 0xff, 0xcd, 0xbd, 0x9e, 0xff, 0xcf, 0xc0, 0xa1, 0xff, 
0xcf, 0xc0, 0xa0, 0xff, 0xcc, 0xbd, 0x9e, 0xff, 0xd0, 0xbf, 0xa0, 0xff, 0xcd, 0xbe, 0x9e, 0xff, 
0xcc, 0xbd, 0x9d, 0xff, 0xcd, 0xbd, 0x9e, 0xff, 0xcc, 0xbd, 0x9c, 0xff, 0xcb, 0xbc, 0x9c, 0xff, 
0xcb, 0xbc, 0x9c, 0xff, 0xca, 0xbb, 0x9b, 0xff, 0xcb, 0xbc, 0x9b, 0xff, 0xca, 0xbb, 0x9b, 0xff, 
0xcb, 0xbc, 0x9b, 0xff, 0xcb, 0xbc, 0x9b, 0xff, 0xca, 0xbb, 0x9b, 0xff, 0xcb, 0xbb, 0x9a, 0xff, 
0xd3, 0xc2, 0xa4, 0xff, 0xd2, 0xc1, 0xa3, 0xff, 0xd1, 0xc0, 0xa2, 0xff, 0xd2, 0xc1, 0xa3, 0xff, 
0xd1, 0xbf, 0xa3, 0xff, 0xd0, 0xbf, 0xa3, 0xff, 0xd1, 0xc0, 0xa3, 0xff, 0xd1, 0xc0, 0xa4, 0xff, 
0xd1, 0xc0, 0xa3, 0xff, 0xd1, 0xc0, 0xa3, 0xff, 0xd0, 0xbf, 0xa1, 0xff, 0xd1, 0xc0, 0xa2, 0xff, 
0xd2, 0xc0, 0xa3, 0xff, 0xd2, 0xc1, 0xa5, 0xff, 0xd2, 0xc1, 0xa4, 0xff, 0xd2, 0xc1, 0xa5, 0xff, 
0xd2, 0xc1, 0xa5, 0xff, 0xd1, 0xc0, 0xa4, 0xff, 0xd2, 0xc0, 0xa4, 0xff, 0xd2, 0xc0, 0xa3, 0xff, 
0xd3, 0xc2, 0xa5, 0xff, 0xd4, 0xc3, 0xa6, 0xff, 0xd2, 0xc1, 0xa5, 0xff, 0xd2, 0xc0, 0xa5, 0xff, 
0xd2, 0xc1, 0xa4, 0xff, 0xd2, 0xc1, 0xa3, 0xff, 0xd2, 0xc1, 0xa4, 0xff, 0xd2, 0xc1, 0xa5, 0xff, 
0xd2, 0xc1, 0xa5, 0xff, 0xd1, 0xc1, 0xa4, 0xff, 0xd0, 0xc0, 0xa4, 0xff, 0xd1, 0xc1, 0xa5, 0xff, 
0xd2, 0xc2, 0xa5, 0xff, 0xd1, 0xc1, 0xa4, 0xff, 0xd1, 0xc0, 0xa4, 0xff, 0xd0, 0xc0, 0xa3, 0xff, 
0xd3, 0xc3, 0xa6, 0xff, 0xd2, 0xc1, 0xa5, 0xff, 0xcf, 0xbf, 0xa2, 0xff, 0xd0, 0xc0, 0xa4, 0xff, 
0xcf, 0xbf, 0xa3, 0xff, 0xce, 0xbf, 0xa2, 0xff, 0xcf, 0xc0, 0xa2, 0xff, 0xd0, 0xc1, 0xa3, 0xff, 
0xcf, 0xbf, 0xa2, 0xff, 0xd0, 0xc0, 0xa3, 0xff, 0xd0, 0xc0, 0xa3, 0xff, 0xce, 0xbe, 0xa1, 0xff, 
0xce, 0xbf, 0xa2, 0xff, 0xce, 0xbf, 0xa1, 0xff, 0xce, 0xbe, 0xa1, 0xff, 0xcf, 0xbf, 0xa2, 0xff, 
0xd0, 0xc0, 0xa3, 0xff, 0xd2, 0xc0, 0xa4, 0xff, 0xd1, 0xc1, 0xa4, 0xff, 0xd0, 0xc1, 0xa4, 0xff, 
0xcf, 0xc0, 0xa3, 0xff, 0xcf, 0xbf, 0xa2, 0xff, 0xd0, 0xc1, 0xa4, 0xff, 0xd1, 0xc1, 0xa4, 0xff, 
0xd0, 0xc0, 0xa3, 0xff, 0xd0, 0xbf, 0xa3, 0xff, 0xcf, 0xbf, 0xa2, 0xff, 0xd2, 0xc2, 0xa5, 0xff, 
0xd3, 0xc2, 0xa6, 0xff, 0xd2, 0xc1, 0xa5, 0xff, 0xd1, 0xc1, 0xa4, 0xff, 0xd1, 0xc1, 0xa4, 0xff, 
0xd1, 0xc1, 0xa4, 0xff, 0xd2, 0xc1, 0xa5, 0xff, 0xd3, 0xc3, 0xa6, 0xff, 0xd3, 0xc2, 0xa5, 0xff, 
0xd4, 0xc4, 0xa5, 0xff, 0xd4, 0xc5, 0xa6, 0xff, 0xd4, 0xc5, 0xa8, 0xff, 0xd3, 0xc3, 0xa8, 0xff, 
0xd5, 0xc6, 0xa8, 0xff, 0xd7, 0xc7, 0xa7, 0xff, 0xd7, 0xc8, 0xa9, 0xff, 0xd7, 0xc8, 0xaa, 0xff, 
0xd6, 0xc7, 0xa9, 0xff, 0xd5, 0xc5, 0xa9, 0xff, 0xd6, 0xc7, 0xa9, 0xff, 0xd6, 0xc6, 0xa8, 0xff, 
0xd7, 0xc6, 0xa7, 0xff, 0xd6, 0xc5, 0xa8, 0xff, 0xd4, 0xc4, 0xa7, 0xff, 0xd5, 0xc5, 0xa8, 0xff, 
0xd5, 0xc5, 0xa7, 0xff, 0xd6, 0xc5, 0xa8, 0xff, 0xd5, 0xc5, 0xa7, 0xff, 0xd4, 0xc4, 0xa7, 0xff, 
0xd6, 0xc5, 0xa9, 0xff, 0xd5, 0xc5, 0xa9, 0xff, 0xd5, 0xc4, 0xa8, 0xff, 0xd4, 0xc4, 0xa6, 0xff, 
0xd4, 0xc3, 0xa7, 0xff, 0xd5, 0xc5, 0xa8, 0xff, 0xd6, 0xc7, 0xa9, 0xff, 0xd8, 0xc7, 0xab, 0xff, 
0xd7, 0xc5, 0xa9, 0xff, 0xd3, 0xc4, 0xa7, 0xff, 0xd4, 0xc5, 0xa7, 0xff, 0xd4, 0xc3, 0xa6, 0xff, 
0xd2, 0xc2, 0xa5, 0xff, 0xd1, 0xc1, 0xa5, 0xff, 0xd1, 0xc1, 0xa4, 0xff, 0xd2, 0xc2, 0xa5, 0xff, 
0xd2, 0xc2, 0xa5, 0xff, 0xd2, 0xc2, 0xa5, 0xff, 0xd1, 0xc0, 0xa5, 0xff, 0xd1, 0xc0, 0xa3, 0xff, 
0xd0, 0xc1, 0xa3, 0xff, 0xd0, 0xbf, 0xa2, 0xff, 0xd0, 0xc0, 0xa3, 0xff, 0xd1, 0xc0, 0xa3, 0xff, 
0xd3, 0xc1, 0xa5, 0xff, 0xd2, 0xc1, 0xa5, 0xff, 0xd2, 0xc2, 0xa5, 0xff, 0xd1, 0xc1, 0xa4, 0xff, 
0xd0, 0xc0, 0xa3, 0xff, 0xd0, 0xc0, 0xa3, 0xff, 0xd1, 0xc2, 0xa5, 0xff, 0xd1, 0xc0, 0xa4, 0xff, 
0xd1, 0xc0, 0xa3, 0xff, 0xd0, 0xbf, 0xa3, 0xff, 0xd1, 0xc1, 0xa3, 0xff, 0xd3, 0xc3, 0xa5, 0xff, 
0xd2, 0xc0, 0xa4, 0xff, 0xd1, 0xc1, 0xa3, 0xff, 0xd2, 0xc1, 0xa4, 0xff, 0xd1, 0xbf, 0xa3, 0xff, 
0xd1, 0xc0, 0xa3, 0xff, 0xd3, 0xc2, 0xa5, 0xff, 0xd3, 0xc1, 0xa5, 0xff, 0xd2, 0xc1, 0xa4, 0xff, 
0xd2, 0xc2, 0xa4, 0xff, 0xd4, 0xc3, 0xa5, 0xff, 0xd3, 0xc3, 0xa6, 0xff, 0xd3, 0xc3, 0xa6, 0xff, 
0xd5, 0xc6, 0xa8, 0xff, 0xd6, 0xc8, 0xa9, 0xff, 0xd8, 0xc9, 0xaa, 0xff, 0xd6, 0xc6, 0xa8, 0xff, 
0xd6, 0xc5, 0xa8, 0xff, 0xd8, 0xc8, 0xa9, 0xff, 0xd8, 0xc7, 0xa8, 0xff, 0xd8, 0xc8, 0xa9, 0xff, 
0xd9, 0xc9, 0xaa, 0xff, 0xd9, 0xc8, 0xa9, 0xff, 0xd7, 0xc7, 0xa8, 0xff, 0xd8, 0xc8, 0xa9, 0xff, 
0xda, 0xca, 0xab, 0xff, 0xd9, 0xc9, 0xaa, 0xff, 0xd8, 0xc8, 0xa9, 0xff, 0xd7, 0xc7, 0xa9, 0xff, 
0xd6, 0xc6, 0xa8, 0xff, 0xd7, 0xc7, 0xa9, 0xff, 0xd8, 0xc8, 0xab, 0xff, 0xd7, 0xc6, 0xaa, 0xff, 
0xd6, 0xc6, 0xa8, 0xff, 0xd5, 0xc5, 0xa7, 0xff, 0xd7, 0xc7, 0xa9, 0xff, 0xd8, 0xc8, 0xaa, 0xff, 
0xd5, 0xc6, 0xa9, 0xff, 0xd6, 0xc5, 0xa8, 0xff, 0xd7, 0xc5, 0xa9, 0xff, 0xd6, 0xc6, 0xa9, 0xff, 
0xd6, 0xc6, 0xa9, 0xff, 0xd6, 0xc5, 0xa8, 0xff, 0xd6, 0xc6, 0xa9, 0xff, 0xd6, 0xc6, 0xa9, 0xff, 
0xd7, 0xc7, 0xaa, 0xff, 0xd8, 0xc8, 0xab, 0xff, 0xd6, 0xc7, 0xa9, 0xff, 0xd6, 0xc7, 0xa9, 0xff, 
0xd6, 0xc6, 0xa9, 0xff, 0xd6, 0xc6, 0xa9, 0xff, 0xd7, 0xc7, 0xa9, 0xff, 0xd7, 0xc7, 0xaa, 0xff, 
0xd7, 0xc7, 0xaa, 0xff, 0xd6, 0xc6, 0xaa, 0xff, 0xd6, 0xc6, 0xaa, 0xff, 0xd5, 0xc6, 0xa9, 0xff, 
0xd4, 0xc4, 0xa8, 0xff, 0xd4, 0xc3, 0xa7, 0xff, 0xd4, 0xc4, 0xa7, 0xff, 0xd2, 0xc2, 0xa6, 0xff, 
0xd2, 0xc2, 0xa6, 0xff, 0xd3, 0xc2, 0xa7, 0xff, 0xd4, 0xc4, 0xa8, 0xff, 0xd4, 0xc3, 0xa8, 0xff, 
0xd3, 0xc3, 0xa7, 0xff, 0xd3, 0xc4, 0xa7, 0xff, 0xd2, 0xc2, 0xa6, 0xff, 0xd2, 0xc2, 0xa6, 0xff, 
0xd3, 0xc3, 0xa7, 0xff, 0xd3, 0xc3, 0xa7, 0xff, 0xd3, 0xc2, 0xa7, 0xff, 0xd3, 0xc1, 0xa6, 0xff, 
0xd3, 0xc3, 0xa8, 0xff, 0xd4, 0xc4, 0xa8, 0xff, 0xd4, 0xc3, 0xa7, 0xff, 0xd4, 0xc4, 0xa7, 0xff, 
0xd4, 0xc4, 0xa7, 0xff, 0xd4, 0xc4, 0xa6, 0xff, 0xd5, 0xc5, 0xa7, 0xff, 0xd6, 0xc6, 0xa8, 0xff, 
0xd7, 0xc7, 0xa8, 0xff, 0xd6, 0xc6, 0xa7, 0xff, 0xd8, 0xc7, 0xa8, 0xff, 0xd8, 0xc9, 0xaa, 0xff, 
0xd7, 0xc7, 0xa8, 0xff, 0xd8, 0xc9, 0xa9, 0xff, 0xda, 0xca, 0xaa, 0xff, 0xd9, 0xc7, 0xa8, 0xff, 
0xd9, 0xc7, 0xa8, 0xff, 0xd7, 0xc8, 0xa8, 0xff, 0xd8, 0xc9, 0xa9, 0xff, 0xd6, 0xc7, 0xa8, 0xff, 
0xd6, 0xc6, 0xa8, 0xff, 0xd7, 0xc6, 0xa7, 0xff, 0xd6, 0xc5, 0xa6, 0xff, 0xd6, 0xc5, 0xa7, 0xff, 
0xd6, 0xc5, 0xa8, 0xff, 0xd5, 0xc4, 0xa7, 0xff, 0xd4, 0xc4, 0xa6, 0xff, 0xd3, 0xc3, 0xa5, 0xff, 
0xd6, 0xc6, 0xa7, 0xff, 0xd6, 0xc5, 0xa7, 0xff, 0xd2, 0xc2, 0xa5, 0xff, 0xd3, 0xc2, 0xa5, 0xff, 
0xd3, 0xc3, 0xa5, 0xff, 0xd2, 0xc1, 0xa4, 0xff, 0xd2, 0xc0, 0xa4, 0xff, 0xd1, 0xc0, 0xa3, 0xff, 
0xd1, 0xc0, 0xa3, 0xff, 0xd1, 0xc0, 0xa3, 0xff, 0xd2, 0xc2, 0xa4, 0xff, 0xd1, 0xc0, 0xa3, 0xff, 
0xd0, 0xc0, 0xa3, 0xff, 0xd0, 0xc0, 0xa3, 0xff, 0xd0, 0xbe, 0xa2, 0xff, 0xd0, 0xc0, 0xa2, 0xff, 
0xd1, 0xc0, 0xa3, 0xff, 0xd2, 0xc1, 0xa5, 0xff, 0xd2, 0xc1, 0xa4, 0xff, 0xd1, 0xc1, 0xa4, 0xff, 
0xd1, 0xc0, 0xa3, 0xff, 0xd0, 0xbf, 0xa2, 0xff, 0xd0, 0xc0, 0xa3, 0xff, 0xd2, 0xc1, 0xa4, 0xff, 
0xd1, 0xc0, 0xa4, 0xff, 0xd0, 0xbf, 0xa3, 0xff, 0xd0, 0xbf, 0xa2, 0xff, 0xd1, 0xc0, 0xa3, 0xff, 
0xd3, 0xc4, 0xaa, 0xff, 0xd1, 0xc2, 0xa9, 0xff, 0xd3, 0xc3, 0xa9, 0xff, 0xd6, 0xc6, 0xac, 0xff, 
0xd4, 0xc5, 0xab, 0xff, 0xd3, 0xc3, 0xa9, 0xff, 0xd3, 0xc4, 0xab, 0xff, 0xd4, 0xc4, 0xaa, 0xff, 
0xd3, 0xc4, 0xaa, 0xff, 0xd3, 0xc3, 0xaa, 0xff, 0xd3, 0xc2, 0xa9, 0xff, 0xd3, 0xc3, 0xaa, 0xff, 
0xd3, 0xc3, 0xaa, 0xff, 0xd3, 0xc4, 0xaa, 0xff, 0xd4, 0xc4, 0xaa, 0xff, 0xd3, 0xc3, 0xa9, 0xff, 
0xd2, 0xc3, 0xaa, 0xff, 0xd2, 0xc2, 0xa8, 0xff, 0xd2, 0xc2, 0xa8, 0xff, 0xd2, 0xc2, 0xa8, 0xff, 
0xd2, 0xc2, 0xa8, 0xff, 0xd2, 0xc4, 0xa9, 0xff, 0xd2, 0xc3, 0xa9, 0xff, 0xd1, 0xc1, 0xa7, 0xff, 
0xd2, 0xc2, 0xa8, 0xff, 0xd2, 0xc3, 0xa8, 0xff, 0xd3, 0xc3, 0xa9, 0xff, 0xd3, 0xc3, 0xa9, 0xff, 
0xd2, 0xc2, 0xa9, 0xff, 0xd2, 0xc2, 0xa8, 0xff, 0xd2, 0xc2, 0xa9, 0xff, 0xd2, 0xc2, 0xa9, 0xff, 
0xd3, 0xc4, 0xaa, 0xff, 0xd2, 0xc3, 0xa9, 0xff, 0xd3, 0xc3, 0xaa, 0xff, 0xd2, 0xc3, 0xa9, 0xff, 
0xd3, 0xc4, 0xaa, 0xff, 0xd3, 0xc4, 0xaa, 0xff, 0xd2, 0xc3, 0xaa, 0xff, 0xd3, 0xc3, 0xaa, 0xff, 
0xd2, 0xc2, 0xaa, 0xff, 0xd3, 0xc3, 0xab, 0xff, 0xd3, 0xc4, 0xab, 0xff, 0xd4, 0xc5, 0xab, 0xff, 
0xd3, 0xc3, 0xa9, 0xff, 0xd3, 0xc3, 0xaa, 0xff, 0xd2, 0xc3, 0xa9, 0xff, 0xd1, 0xc2, 0xa8, 0xff, 
0xd2, 0xc3, 0xa9, 0xff, 0xd2, 0xc3, 0xa9, 0xff, 0xd1, 0xc1, 0xa9, 0xff, 0xd2, 0xc2, 0xa9, 0xff, 
0xd2, 0xc2, 0xa8, 0xff, 0xd3, 0xc3, 0xaa, 0xff, 0xd2, 0xc3, 0xaa, 0xff, 0xd1, 0xc3, 0xa8, 0xff, 
0xd1, 0xc3, 0xa8, 0xff, 0xd1, 0xc1, 0xa8, 0xff, 0xd1, 0xc2, 0xa8, 0xff, 0xd2, 0xc3, 0xa9, 0xff, 
0xd2, 0xc3, 0xaa, 0xff, 0xd2, 0xc2, 0xa8, 0xff, 0xd2, 0xc1, 0xa8, 0xff, 0xd4, 0xc4, 0xaa, 0xff, 
0xd3, 0xc3, 0xa9, 0xff, 0xd2, 0xc2, 0xa9, 0xff, 0xd3, 0xc3, 0xaa, 0xff, 0xd4, 0xc4, 0xaa, 0xff, 
0xd4, 0xc4, 0xaa, 0xff, 0xd3, 0xc3, 0xa9, 0xff, 0xd4, 0xc5, 0xab, 0xff, 0xd5, 0xc5, 0xac, 0xff, 
0xd4, 0xc5, 0xab, 0xff, 0xd4, 0xc4, 0xaa, 0xff, 0xd5, 0xc4, 0xab, 0xff, 0xd4, 0xc4, 0xaa, 0xff, 
0xd4, 0xc4, 0xaa, 0xff, 0xd6, 0xc7, 0xac, 0xff, 0xd6, 0xc6, 0xac, 0xff, 0xd5, 0xc5, 0xab, 0xff, 
0xd4, 0xc5, 0xa9, 0xff, 0xd4, 0xc5, 0xaa, 0xff, 0xd4, 0xc4, 0xaa, 0xff, 0xd4, 0xc4, 0xaa, 0xff, 
0xd5, 0xc5, 0xaa, 0xff, 0xd5, 0xc5, 0xaa, 0xff, 0xd4, 0xc4, 0xaa, 0xff, 0xd5, 0xc5, 0xaa, 0xff, 
0xd4, 0xc5, 0xaa, 0xff, 0xd4, 0xc5, 0xaa, 0xff, 0xd5, 0xc6, 0xab, 0xff, 0xd4, 0xc5, 0xab, 0xff, 
0xd5, 0xc6, 0xab, 0xff, 0xd6, 0xc6, 0xad, 0xff, 0xd6, 0xc7, 0xad, 0xff, 0xd6, 0xc6, 0xac, 0xff, 
0xd6, 0xc6, 0xad, 0xff, 0xd6, 0xc6, 0xad, 0xff, 0xd5, 0xc6, 0xab, 0xff, 0xd6, 0xc7, 0xac, 0xff, 
0xd6, 0xc8, 0xad, 0xff, 0xd6, 0xc7, 0xad, 0xff, 0xd7, 0xc9, 0xae, 0xff, 0xd7, 0xc8, 0xae, 0xff, 
0xd7, 0xc8, 0xae, 0xff, 0xd8, 0xc8, 0xaf, 0xff, 0xd7, 0xc8, 0xae, 0xff, 0xd6, 0xc7, 0xad, 0xff, 
0xd5, 0xc6, 0xac, 0xff, 0xd4, 0xc6, 0xac, 0xff, 0xd4, 0xc5, 0xab, 0xff, 0xd4, 0xc5, 0xab, 0xff, 
0xd4, 0xc5, 0xab, 0xff, 0xd4, 0xc4, 0xaa, 0xff, 0xd3, 0xc4, 0xab, 0xff, 0xd4, 0xc5, 0xab, 0xff, 
0xd4, 0xc5, 0xab, 0xff, 0xd4, 0xc5, 0xab, 0xff, 0xd3, 0xc4, 0xaa, 0xff, 0xd3, 0xc3, 0xaa, 0xff, 
0xd2, 0xc3, 0xa9, 0xff, 0xd1, 0xc2, 0xa8, 0xff, 0xd3, 0xc3, 0xa9, 0xff, 0xd4, 0xc4, 0xaa, 0xff, 
0xd2, 0xc3, 0xa9, 0xff, 0xd2, 0xc2, 0xa9, 0xff, 0xd4, 0xc4, 0xaa, 0xff, 0xd4, 0xc4, 0xaa, 0xff, 
0xd2, 0xc2, 0xa8, 0xff, 0xd2, 0xc3, 0xa9, 0xff, 0xd4, 0xc4, 0xaa, 0xff, 0xd4, 0xc4, 0xa9, 0xff, 
0xd2, 0xc2, 0xa8, 0xff, 0xd4, 0xc4, 0xaa, 0xff, 0xd5, 0xc5, 0xab, 0xff, 0xd3, 0xc3, 0xa9, 0xff, 
0xd2, 0xc2, 0xa8, 0xff, 0xd3, 0xc4, 0xaa, 0xff, 0xd4, 0xc4, 0xaa, 0xff, 0xd3, 0xc3, 0xa9, 0xff, 
0xd5, 0xc4, 0xaa, 0xff, 0xd6, 0xc5, 0xab, 0xff, 0xd4, 0xc5, 0xa9, 0xff, 0xd4, 0xc4, 0xa9, 0xff, 
0xd5, 0xc5, 0xaa, 0xff, 0xd6, 0xc7, 0xab, 0xff, 0xd5, 0xc5, 0xaa, 0xff, 0xd5, 0xc6, 0xaa, 0xff, 
0xd6, 0xc7, 0xab, 0xff, 0xd6, 0xc7, 0xab, 0xff, 0xd6, 0xc6, 0xab, 0xff, 0xd6, 0xc7, 0xac, 0xff, 
0xd7, 0xc8, 0xae, 0xff, 0xd8, 0xc9, 0xae, 0xff, 0xd7, 0xc8, 0xac, 0xff, 0xd7, 0xc8, 0xad, 0xff, 
0xd7, 0xc9, 0xae, 0xff, 0xd7, 0xc9, 0xae, 0xff, 0xd9, 0xca, 0xaf, 0xff, 0xd9, 0xc9, 0xaf, 0xff, 
0xd8, 0xc8, 0xae, 0xff, 0xd8, 0xc9, 0xae, 0xff, 0xd8, 0xc9, 0xaf, 0xff, 0xd8, 0xc9, 0xae, 0xff, 
0xd8, 0xc9, 0xae, 0xff, 0xd9, 0xca, 0xaf, 0xff, 0xd9, 0xca, 0xb0, 0xff, 0xda, 0xcb, 0xb0, 0xff, 
0xdb, 0xcc, 0xb2, 0xff, 0xdb, 0xcc, 0xb2, 0xff, 0xdb, 0xcc, 0xb2, 0xff, 0xda, 0xcb, 0xb1, 0xff, 
0xda, 0xcb, 0xb1, 0xff, 0xd9, 0xcb, 0xb1, 0xff, 0xda, 0xcb, 0xb1, 0xff, 0xd9, 0xcb, 0xb0, 0xff, 
0xd9, 0xcb, 0xb0, 0xff, 0xda, 0xcc, 0xb0, 0xff, 0xda, 0xcb, 0xb1, 0xff, 0xda, 0xcb, 0xb2, 0xff, 
0xda, 0xcc, 0xb2, 0xff, 0xd8, 0xcb, 0xb1, 0xff, 0xd7, 0xc9, 0xaf, 0xff, 0xd8, 0xc9, 0xaf, 0xff, 
0xd6, 0xc8, 0xae, 0xff, 0xd6, 0xc8, 0xae, 0xff, 0xd5, 0xc7, 0xae, 0xff, 0xd5, 0xc7, 0xad, 0xff, 
0xd5, 0xc6, 0xad, 0xff, 0xd5, 0xc6, 0xad, 0xff, 0xd6, 0xc6, 0xae, 0xff, 0xd6, 0xc6, 0xae, 0xff, 
0xd5, 0xc6, 0xad, 0xff, 0xd5, 0xc6, 0xac, 0xff, 0xd4, 0xc5, 0xac, 0xff, 0xd4, 0xc4, 0xac, 0xff, 
0xd5, 0xc6, 0xad, 0xff, 0xd5, 0xc7, 0xad, 0xff, 0xd5, 0xc5, 0xac, 0xff, 0xd6, 0xc5, 0xac, 0xff, 
0xd6, 0xc6, 0xad, 0xff, 0xd6, 0xc6, 0xac, 0xff, 0xd5, 0xc4, 0xab, 0xff, 0xd5, 0xc4, 0xac, 0xff, 
0xd6, 0xc5, 0xac, 0xff, 0xd5, 0xc4, 0xab, 0xff, 0xd5, 0xc5, 0xac, 0xff, 0xd5, 0xc5, 0xab, 0xff, 
0xd4, 0xc5, 0xab, 0xff, 0xd4, 0xc5, 0xab, 0xff, 0xd6, 0xc7, 0xac, 0xff, 0xd6, 0xc7, 0xab, 0xff, 
0xd5, 0xc6, 0xaa, 0xff, 0xd6, 0xc6, 0xab, 0xff, 0xd6, 0xc7, 0xab, 0xff, 0xd7, 0xc6, 0xab, 0xff, 
0xd7, 0xc5, 0xac, 0xff, 0xd6, 0xc6, 0xab, 0xff, 0xd7, 0xc8, 0xad, 0xff, 0xd8, 0xc8, 0xad, 0xff, 
0xd6, 0xc6, 0xac, 0xff, 0xd7, 0xc7, 0xac, 0xff, 0xd7, 0xc7, 0xad, 0xff, 0xd7, 0xc7, 0xae, 0xff, 
0xd7, 0xc7, 0xae, 0xff, 0xd7, 0xc7, 0xad, 0xff, 0xd7, 0xc7, 0xad, 0xff, 0xd7, 0xc6, 0xad, 0xff, 
0xd7, 0xc7, 0xae, 0xff, 0xd6, 0xc6, 0xac, 0xff, 0xd5, 0xc6, 0xac, 0xff, 0xd7, 0xc8, 0xae, 0xff, 
0xd6, 0xc7, 0xad, 0xff, 0xd6, 0xc7, 0xad, 0xff, 0xd8, 0xc8, 0xae, 0xff, 0xd7, 0xc8, 0xae, 0xff, 
0xd6, 0xc7, 0xad, 0xff, 0xd5, 0xc5, 0xac, 0xff, 0xd4, 0xc5, 0xab, 0xff, 0xd3, 0xc4, 0xab, 0xff, 
0xd4, 0xc5, 0xab, 0xff, 0xd4, 0xc5, 0xab, 0xff, 0xd3, 0xc5, 0xab, 0xff, 0xd4, 0xc4, 0xab, 0xff, 
0xd4, 0xc5, 0xab, 0xff, 0xd4, 0xc5, 0xab, 0xff, 0xd4, 0xc5, 0xab, 0xff, 0xd3, 0xc4, 0xaa, 0xff, 
0xd3, 0xc4, 0xaa, 0xff, 0xd2, 0xc3, 0xa9, 0xff, 0xd2, 0xc2, 0xa9, 0xff, 0xd3, 0xc4, 0xa9, 0xff, 
0xd3, 0xc4, 0xaa, 0xff, 0xd3, 0xc3, 0xa9, 0xff, 0xd3, 0xc3, 0xa9, 0xff, 0xd3, 0xc3, 0xaa, 0xff, 
0xcd, 0xc2, 0xaa, 0xff, 0xce, 0xc3, 0xac, 0xff, 0xcf, 0xc3, 0xab, 0xff, 0xd0, 0xc4, 0xab, 0xff, 
0xd1, 0xc5, 0xad, 0xff, 0xd0, 0xc4, 0xad, 0xff, 0xcf, 0xc3, 0xab, 0xff, 0xcf, 0xc3, 0xab, 0xff, 
0xd1, 0xc4, 0xab, 0xff, 0xd1, 0xc4, 0xac, 0xff, 0xcf, 0xc3, 0xab, 0xff, 0xce, 0xc3, 0xab, 0xff, 
0xcf, 0xc4, 0xac, 0xff, 0xce, 0xc3, 0xab, 0xff, 0xcf, 0xc4, 0xac, 0xff, 0xcf, 0xc4, 0xab, 0xff, 
0xcf, 0xc4, 0xaa, 0xff, 0xcf, 0xc4, 0xa9, 0xff, 0xce, 0xc3, 0xaa, 0xff, 0xcf, 0xc3, 0xaa, 0xff, 
0xcf, 0xc3, 0xaa, 0xff, 0xce, 0xc3, 0xa9, 0xff, 0xce, 0xc3, 0xaa, 0xff, 0xce, 0xc3, 0xa9, 0xff, 
0xcf, 0xc4, 0xaa, 0xff, 0xcf, 0xc5, 0xaa, 0xff, 0xcf, 0xc4, 0xa9, 0xff, 0xcf, 0xc3, 0xa9, 0xff, 
0xcf, 0xc3, 0xa9, 0xff, 0xce, 0xc2, 0xa8, 0xff, 0xcf, 0xc3, 0xa9, 0xff, 0xcf, 0xc4, 0xaa, 0xff, 
0xcf, 0xc4, 0xaa, 0xff, 0xcf, 0xc3, 0xaa, 0xff, 0xcf, 0xc2, 0xaa, 0xff, 0xcf, 0xc3, 0xaa, 0xff, 
0xcf, 0xc3, 0xaa, 0xff, 0xce, 0xc3, 0xaa, 0xff, 0xce, 0xc3, 0xab, 0xff, 0xce, 0xc2, 0xaa, 0xff, 
0xce, 0xc2, 0xab, 0xff, 0xcf, 0xc3, 0xab, 0xff, 0xd0, 0xc3, 0xac, 0xff, 0xd1, 0xc4, 0xae, 0xff, 
0xcf, 0xc3, 0xac, 0xff, 0xce, 0xc2, 0xaa, 0xff, 0xce, 0xc3, 0xaa, 0xff, 0xce, 0xc3, 0xab, 0xff, 
0xcf, 0xc4, 0xab, 0xff, 0xce, 0xc3, 0xab, 0xff, 0xce, 0xc2, 0xab, 0xff, 0xce, 0xc2, 0xac, 0xff, 
0xce, 0xc2, 0xab, 0xff, 0xce, 0xc2, 0xab, 0xff, 0xcf, 0xc3, 0xac, 0xff, 0xce, 0xc2, 0xa9, 0xff, 
0xce, 0xc3, 0xa9, 0xff, 0xcf, 0xc3, 0xaa, 0xff, 0xce, 0xc3, 0xaa, 0xff, 0xce, 0xc3, 0xab, 0xff, 
0xce, 0xc2, 0xaa, 0xff, 0xce, 0xc2, 0xaa, 0xff, 0xcf, 0xc2, 0xaa, 0xff, 0xcf, 0xc2, 0xa9, 0xff, 
0xce, 0xc2, 0xaa, 0xff, 0xce, 0xc2, 0xaa, 0xff, 0xcf, 0xc2, 0xa9, 0xff, 0xd0, 0xc4, 0xab, 0xff, 
0xd0, 0xc4, 0xac, 0xff, 0xcf, 0xc3, 0xab, 0xff, 0xce, 0xc2, 0xa9, 0xff, 0xd0, 0xc4, 0xab, 0xff, 
0xd2, 0xc5, 0xad, 0xff, 0xd2, 0xc4, 0xab, 0xff, 0xd0, 0xc3, 0xaa, 0xff, 0xd0, 0xc3, 0xab, 0xff, 
0xd1, 0xc5, 0xac, 0xff, 0xd1, 0xc6, 0xac, 0xff, 0xd1, 0xc5, 0xac, 0xff, 0xd2, 0xc5, 0xab, 0xff, 
0xd1, 0xc4, 0xab, 0xff, 0xd0, 0xc4, 0xab, 0xff, 0xd0, 0xc4, 0xab, 0xff, 0xd0, 0xc4, 0xab, 0xff, 
0xd2, 0xc5, 0xac, 0xff, 0xd2, 0xc5, 0xab, 0xff, 0xd0, 0xc4, 0xaa, 0xff, 0xd0, 0xc4, 0xaa, 0xff, 
0xd1, 0xc5, 0xab, 0xff, 0xd1, 0xc5, 0xab, 0xff, 0xd3, 0xc7, 0xac, 0xff, 0xd2, 0xc6, 0xab, 0xff, 
0xd1, 0xc6, 0xac, 0xff, 0xd2, 0xc5, 0xad, 0xff, 0xd2, 0xc5, 0xac, 0xff, 0xd2, 0xc6, 0xac, 0xff, 
0xd1, 0xc6, 0xae, 0xff, 0xd1, 0xc5, 0xad, 0xff, 0xd1, 0xc5, 0xac, 0xff, 0xd1, 0xc5, 0xac, 0xff, 
0xd1, 0xc6, 0xad, 0xff, 0xd2, 0xc6, 0xae, 0xff, 0xd2, 0xc6, 0xad, 0xff, 0xd1, 0xc6, 0xae, 0xff, 
0xd2, 0xc6, 0xae, 0xff, 0xd3, 0xc6, 0xaf, 0xff, 0xd4, 0xc7, 0xb0, 0xff, 0xd2, 0xc6, 0xaf, 0xff, 
0xd0, 0xc4, 0xad, 0xff, 0xd0, 0xc4, 0xac, 0xff, 0xd0, 0xc5, 0xad, 0xff, 0xd0, 0xc5, 0xad, 0xff, 
0xd1, 0xc5, 0xae, 0xff, 0xd0, 0xc4, 0xad, 0xff, 0xd0, 0xc4, 0xad, 0xff, 0xd0, 0xc5, 0xae, 0xff, 
0xcf, 0xc4, 0xac, 0xff, 0xd0, 0xc4, 0xad, 0xff, 0xcf, 0xc4, 0xac, 0xff, 0xcf, 0xc3, 0xab, 0xff, 
0xcf, 0xc4, 0xab, 0xff, 0xcf, 0xc4, 0xab, 0xff, 0xcf, 0xc3, 0xab, 0xff, 0xcf, 0xc3, 0xab, 0xff, 
0xce, 0xc3, 0xaa, 0xff, 0xcf, 0xc3, 0xaa, 0xff, 0xcf, 0xc3, 0xaa, 0xff, 0xce, 0xc2, 0xaa, 0xff, 
0xce, 0xc2, 0xaa, 0xff, 0xcf, 0xc3, 0xaa, 0xff, 0xd0, 0xc3, 0xaa, 0xff, 0xd1, 0xc4, 0xac, 0xff, 
0xd0, 0xc4, 0xab, 0xff, 0xcf, 0xc3, 0xaa, 0xff, 0xcf, 0xc3, 0xaa, 0xff, 0xd1, 0xc5, 0xac, 0xff, 
0xd0, 0xc4, 0xac, 0xff, 0xd0, 0xc4, 0xab, 0xff, 0xd2, 0xc4, 0xab, 0xff, 0xd2, 0xc5, 0xac, 0xff, 
0xd1, 0xc4, 0xab, 0xff, 0xd0, 0xc4, 0xab, 0xff, 0xd0, 0xc4, 0xab, 0xff, 0xd1, 0xc5, 0xac, 0xff, 
0xd1, 0xc5, 0xac, 0xff, 0xd1, 0xc5, 0xac, 0xff, 0xd2, 0xc5, 0xac, 0xff, 0xd2, 0xc6, 0xac, 0xff, 
0xd2, 0xc6, 0xac, 0xff, 0xd2, 0xc6, 0xac, 0xff, 0xd2, 0xc6, 0xac, 0xff, 0xd3, 0xc7, 0xad, 0xff, 
0xd3, 0xc7, 0xad, 0xff, 0xd4, 0xc8, 0xad, 0xff, 0xd4, 0xc7, 0xae, 0xff, 0xd3, 0xc7, 0xad, 0xff, 
0xd5, 0xc8, 0xaf, 0xff, 0xd5, 0xc9, 0xaf, 0xff, 0xd4, 0xc8, 0xae, 0xff, 0xd4, 0xc8, 0xae, 0xff, 
0xd3, 0xc7, 0xae, 0xff, 0xd4, 0xc7, 0xae, 0xff, 0xd3, 0xc8, 0xaf, 0xff, 0xd3, 0xc8, 0xaf, 0xff, 
0xd5, 0xc8, 0xb0, 0xff, 0xd5, 0xc9, 0xb0, 0xff, 0xd4, 0xc9, 0xb0, 0xff, 0xd5, 0xc9, 0xb1, 0xff, 
0xd5, 0xca, 0xb1, 0xff, 0xd7, 0xcb, 0xb3, 0xff, 0xd7, 0xcc, 0xb4, 0xff, 0xd6, 0xca, 0xb2, 0xff, 
0xd5, 0xca, 0xb1, 0xff, 0xd5, 0xc9, 0xb1, 0xff, 0xd5, 0xc9, 0xb2, 0xff, 0xd6, 0xca, 0xb3, 0xff, 
0xd6, 0xcb, 0xb3, 0xff, 0xd5, 0xca, 0xb2, 0xff, 0xd5, 0xca, 0xb2, 0xff, 0xd6, 0xca, 0xb2, 0xff, 
0xd5, 0xc9, 0xb2, 0xff, 0xd6, 0xca, 0xb2, 0xff, 0xd4, 0xc8, 0xaf, 0xff, 0xd4, 0xc7, 0xb0, 0xff, 
0xd3, 0xc8, 0xb0, 0xff, 0xd4, 0xc7, 0xb0, 0xff, 0xd3, 0xc7, 0xaf, 0xff, 0xd2, 0xc6, 0xaf, 0xff, 
0xd3, 0xc6, 0xaf, 0xff, 0xd2, 0xc6, 0xaf, 0xff, 0xd2, 0xc5, 0xaf, 0xff, 0xd3, 0xc6, 0xaf, 0xff, 
0xd2, 0xc6, 0xaf, 0xff, 0xd2, 0xc5, 0xad, 0xff, 0xd2, 0xc6, 0xae, 0xff, 0xd2, 0xc6, 0xaf, 0xff, 
0xd1, 0xc5, 0xae, 0xff, 0xd1, 0xc5, 0xae, 0xff, 0xd1, 0xc5, 0xae, 0xff, 0xd1, 0xc4, 0xad, 0xff, 
0xd1, 0xc5, 0xac, 0xff, 0xd0, 0xc4, 0xac, 0xff, 0xd1, 0xc4, 0xac, 0xff, 0xd1, 0xc4, 0xac, 0xff, 
0xd2, 0xc4, 0xac, 0xff, 0xd2, 0xc5, 0xac, 0xff, 0xd2, 0xc4, 0xac, 0xff, 0xd0, 0xc4, 0xab, 0xff, 
0xd0, 0xc4, 0xac, 0xff, 0xd1, 0xc5, 0xac, 0xff, 0xd2, 0xc5, 0xab, 0xff, 0xd2, 0xc5, 0xab, 0xff, 
0xd2, 0xc5, 0xac, 0xff, 0xd2, 0xc5, 0xac, 0xff, 0xd2, 0xc6, 0xac, 0xff, 0xd2, 0xc5, 0xab, 0xff, 
0xd3, 0xc5, 0xac, 0xff, 0xd3, 0xc6, 0xac, 0xff, 0xd2, 0xc5, 0xab, 0xff, 0xd3, 0xc7, 0xac, 0xff, 
0xd3, 0xc6, 0xac, 0xff, 0xd4, 0xc7, 0xad, 0xff, 0xd4, 0xc7, 0xad, 0xff, 0xd4, 0xc7, 0xad, 0xff, 
0xd2, 0xc6, 0xac, 0xff, 0xd2, 0xc5, 0xac, 0xff, 0xd2, 0xc5, 0xab, 0xff, 0xd2, 0xc5, 0xad, 0xff, 
0xd1, 0xc4, 0xac, 0xff, 0xd1, 0xc5, 0xab, 0xff, 0xd1, 0xc5, 0xac, 0xff, 0xd1, 0xc5, 0xad, 0xff, 
0xd1, 0xc5, 0xad, 0xff, 0xd2, 0xc6, 0xae, 0xff, 0xd2, 0xc7, 0xae, 0xff, 0xd3, 0xc8, 0xb0, 0xff, 
0xd2, 0xc7, 0xb0, 0xff, 0xd0, 0xc3, 0xac, 0xff, 0xcf, 0xc4, 0xad, 0xff, 0xcf, 0xc4, 0xac, 0xff, 
0xd0, 0xc5, 0xac, 0xff, 0xd1, 0xc5, 0xad, 0xff, 0xcf, 0xc4, 0xad, 0xff, 0xcf, 0xc4, 0xac, 0xff, 
0xcf, 0xc4, 0xad, 0xff, 0xcf, 0xc4, 0xab, 0xff, 0xcf, 0xc4, 0xac, 0xff, 0xcf, 0xc3, 0xab, 0xff, 
0xce, 0xc3, 0xaa, 0xff, 0xcf, 0xc3, 0xab, 0xff, 0xcf, 0xc3, 0xab, 0xff, 0xcf, 0xc3, 0xab, 0xff, 
0xce, 0xc3, 0xab, 0xff, 0xcf, 0xc3, 0xaa, 0xff, 0xcf, 0xc3, 0xab, 0xff, 0xcf, 0xc3, 0xab, 0xff, 
0xcd, 0xc2, 0xaf, 0xff, 0xcd, 0xc1, 0xae, 0xff, 0xcd, 0xc2, 0xae, 0xff, 0xcd, 0xc3, 0xaf, 0xff, 
0xce, 0xc2, 0xb0, 0xff, 0xcc, 0xc2, 0xaf, 0xff, 0xcc, 0xc1, 0xae, 0xff, 0xcd, 0xc1, 0xae, 0xff, 
0xce, 0xc2, 0xaf, 0xff, 0xcd, 0xc1, 0xae, 0xff, 0xcc, 0xc2, 0xae, 0xff, 0xcc, 0xc1, 0xad, 0xff, 
0xcc, 0xc0, 0xac, 0xff, 0xcc, 0xc0, 0xad, 0xff, 0xcb, 0xc0, 0xad, 0xff, 0xcc, 0xc0, 0xad, 0xff, 
0xcc, 0xc0, 0xad, 0xff, 0xcb, 0xbf, 0xac, 0xff, 0xcb, 0xc0, 0xac, 0xff, 0xcb, 0xc0, 0xac, 0xff, 
0xcc, 0xc0, 0xac, 0xff, 0xcc, 0xc0, 0xad, 0xff, 0xcb, 0xbf, 0xac, 0xff, 0xcb, 0xbf, 0xab, 0xff, 
0xcb, 0xbf, 0xab, 0xff, 0xcb, 0xc0, 0xac, 0xff, 0xcc, 0xbf, 0xac, 0xff, 0xcb, 0xc0, 0xac, 0xff, 
0xca, 0xbf, 0xac, 0xff, 0xcc, 0xbf, 0xac, 0xff, 0xcb, 0xbf, 0xac, 0xff, 0xcc, 0xc0, 0xad, 0xff, 
0xcc, 0xc0, 0xad, 0xff, 0xcb, 0xc0, 0xad, 0xff, 0xcb, 0xc0, 0xac, 0xff, 0xcb, 0xc0, 0xac, 0xff, 
0xcb, 0xc0, 0xad, 0xff, 0xcc, 0xc1, 0xad, 0xff, 0xcb, 0xc0, 0xad, 0xff, 0xca, 0xbe, 0xac, 0xff, 
0xcb, 0xc1, 0xad, 0xff, 0xca, 0xc0, 0xad, 0xff, 0xca, 0xbf, 0xab, 0xff, 0xcb, 0xc1, 0xad, 0xff, 
0xcc, 0xc1, 0xae, 0xff, 0xcb, 0xc0, 0xad, 0xff, 0xcb, 0xc0, 0xac, 0xff, 0xcb, 0xc0, 0xad, 0xff, 
0xcb, 0xbf, 0xad, 0xff, 0xcb, 0xbf, 0xad, 0xff, 0xcb, 0xc0, 0xad, 0xff, 0xca, 0xbf, 0xac, 0xff, 
0xca, 0xbf, 0xac, 0xff, 0xca, 0xbf, 0xac, 0xff, 0xcb, 0xc0, 0xac, 0xff, 0xcb, 0xc0, 0xac, 0xff, 
0xcb, 0xc0, 0xac, 0xff, 0xcb, 0xbf, 0xac, 0xff, 0xcb, 0xc0, 0xad, 0xff, 0xcb, 0xc0, 0xac, 0xff, 
0xcb, 0xc0, 0xac, 0xff, 0xcc, 0xc1, 0xad, 0xff, 0xcb, 0xc1, 0xad, 0xff, 0xcc, 0xc1, 0xad, 0xff, 
0xcc, 0xc0, 0xae, 0xff, 0xcc, 0xc0, 0xad, 0xff, 0xcd, 0xc2, 0xae, 0xff, 0xcd, 0xc2, 0xaf, 0xff, 
0xcd, 0xc1, 0xae, 0xff, 0xcc, 0xc1, 0xae, 0xff, 0xcc, 0xc1, 0xad, 0xff, 0xcd, 0xc1, 0xaf, 0xff, 
0xd0, 0xc3, 0xb0, 0xff, 0xcf, 0xc2, 0xaf, 0xff, 0xcd, 0xc2, 0xad, 0xff, 0xcd, 0xc2, 0xaf, 0xff, 
0xce, 0xc4, 0xb1, 0xff, 0xcf, 0xc3, 0xaf, 0xff, 0xcf, 0xc3, 0xaf, 0xff, 0xce, 0xc1, 0xad, 0xff, 
0xcd, 0xc2, 0xae, 0xff, 0xce, 0xc3, 0xaf, 0xff, 0xce, 0xc2, 0xaf, 0xff, 0xcf, 0xc3, 0xaf, 0xff, 
0xd0, 0xc3, 0xb0, 0xff, 0xcf, 0xc3, 0xb0, 0xff, 0xce, 0xc3, 0xaf, 0xff, 0xcf, 0xc4, 0xaf, 0xff, 
0xcf, 0xc4, 0xaf, 0xff, 0xcf, 0xc3, 0xaf, 0xff, 0xd0, 0xc4, 0xb0, 0xff, 0xd0, 0xc4, 0xb0, 0xff, 
0xd0, 0xc5, 0xb1, 0xff, 0xcf, 0xc5, 0xb1, 0xff, 0xd1, 0xc6, 0xb2, 0xff, 0xd0, 0xc6, 0xb2, 0xff, 
0xcf, 0xc4, 0xb1, 0xff, 0xcf, 0xc4, 0xb1, 0xff, 0xcf, 0xc5, 0xb1, 0xff, 0xcf, 0xc4, 0xb0, 0xff, 
0xcf, 0xc3, 0xb0, 0xff, 0xcf, 0xc5, 0xb1, 0xff, 0xcf, 0xc4, 0xb1, 0xff, 0xce, 0xc4, 0xb1, 0xff, 
0xcf, 0xc4, 0xb0, 0xff, 0xcd, 0xc3, 0xaf, 0xff, 0xcd, 0xc3, 0xaf, 0xff, 0xce, 0xc3, 0xb0, 0xff, 
0xcd, 0xc2, 0xb0, 0xff, 0xcd, 0xc2, 0xaf, 0xff, 0xcd, 0xc2, 0xaf, 0xff, 0xcd, 0xc2, 0xaf, 0xff, 
0xcd, 0xc2, 0xaf, 0xff, 0xcd, 0xc2, 0xaf, 0xff, 0xcd, 0xc2, 0xaf, 0xff, 0xcb, 0xc0, 0xae, 0xff, 
0xcb, 0xc1, 0xae, 0xff, 0xcc, 0xc1, 0xae, 0xff, 0xcc, 0xc1, 0xad, 0xff, 0xcb, 0xc0, 0xad, 0xff, 
0xcb, 0xc1, 0xad, 0xff, 0xcc, 0xc1, 0xae, 0xff, 0xcc, 0xc1, 0xae, 0xff, 0xcc, 0xc1, 0xad, 0xff, 
0xcd, 0xc1, 0xae, 0xff, 0xcd, 0xc2, 0xae, 0xff, 0xcd, 0xc1, 0xae, 0xff, 0xcd, 0xc2, 0xae, 0xff, 
0xcc, 0xc1, 0xaf, 0xff, 0xcd, 0xc2, 0xaf, 0xff, 0xce, 0xc3, 0xaf, 0xff, 0xcd, 0xc3, 0xaf, 0xff, 
0xcc, 0xc2, 0xaf, 0xff, 0xcd, 0xc2, 0xaf, 0xff, 0xcd, 0xc2, 0xaf, 0xff, 0xcf, 0xc4, 0xb1, 0xff, 
0xcf, 0xc4, 0xb0, 0xff, 0xcf, 0xc4, 0xb0, 0xff, 0xce, 0xc3, 0xaf, 0xff, 0xcf, 0xc3, 0xaf, 0xff, 
0xcf, 0xc3, 0xb0, 0xff, 0xd0, 0xc5, 0xb2, 0xff, 0xcf, 0xc5, 0xb1, 0xff, 0xce, 0xc2, 0xae, 0xff, 
0xce, 0xc2, 0xaf, 0xff, 0xcf, 0xc3, 0xae, 0xff, 0xcf, 0xc3, 0xb0, 0xff, 0xd0, 0xc4, 0xb0, 0xff, 
0xd0, 0xc4, 0xb0, 0xff, 0xd0, 0xc4, 0xb0, 0xff, 0xd0, 0xc4, 0xb1, 0xff, 0xd1, 0xc6, 0xb1, 0xff, 
0xd1, 0xc7, 0xb0, 0xff, 0xd1, 0xc6, 0xb0, 0xff, 0xd1, 0xc5, 0xb1, 0xff, 0xd0, 0xc5, 0xb1, 0xff, 
0xd1, 0xc5, 0xb1, 0xff, 0xd2, 0xc6, 0xb3, 0xff, 0xd1, 0xc7, 0xb2, 0xff, 0xd1, 0xc6, 0xb2, 0xff, 
0xd1, 0xc6, 0xb2, 0xff, 0xd1, 0xc6, 0xb1, 0xff, 0xd1, 0xc6, 0xb2, 0xff, 0xd1, 0xc6, 0xb3, 0xff, 
0xd2, 0xc7, 0xb3, 0xff, 0xd2, 0xc6, 0xb3, 0xff, 0xd1, 0xc6, 0xb2, 0xff, 0xd3, 0xc8, 0xb4, 0xff, 
0xd2, 0xc8, 0xb4, 0xff, 0xd2, 0xc7, 0xb3, 0xff, 0xd2, 0xc8, 0xb3, 0xff, 0xd3, 0xc8, 0xb4, 0xff, 
0xd3, 0xc8, 0xb4, 0xff, 0xd3, 0xc8, 0xb4, 0xff, 0xd3, 0xc8, 0xb4, 0xff, 0xd4, 0xc9, 0xb4, 0xff, 
0xd3, 0xc8, 0xb4, 0xff, 0xd3, 0xc8, 0xb4, 0xff, 0xd3, 0xc7, 0xb4, 0xff, 0xd3, 0xc6, 0xb3, 0xff, 
0xd2, 0xc6, 0xb3, 0xff, 0xd1, 0xc7, 0xb3, 0xff, 0xd1, 0xc6, 0xb3, 0xff, 0xd0, 0xc5, 0xb2, 0xff, 
0xd0, 0xc5, 0xb2, 0xff, 0xd1, 0xc4, 0xb1, 0xff, 0xd0, 0xc4, 0xb1, 0xff, 0xcf, 0xc4, 0xb1, 0xff, 
0xce, 0xc3, 0xb0, 0xff, 0xce, 0xc3, 0xb0, 0xff, 0xcd, 0xc3, 0xb0, 0xff, 0xce, 0xc3, 0xb0, 0xff, 
0xce, 0xc3, 0xb0, 0xff, 0xce, 0xc3, 0xaf, 0xff, 0xcd, 0xc3, 0xaf, 0xff, 0xce, 0xc3, 0xb0, 0xff, 
0xcf, 0xc3, 0xb1, 0xff, 0xce, 0xc3, 0xb0, 0xff, 0xce, 0xc3, 0xaf, 0xff, 0xce, 0xc3, 0xb0, 0xff, 
0xce, 0xc3, 0xaf, 0xff, 0xce, 0xc3, 0xb0, 0xff, 0xcd, 0xc3, 0xb0, 0xff, 0xce, 0xc3, 0xaf, 0xff, 
0xcf, 0xc4, 0xaf, 0xff, 0xcf, 0xc4, 0xaf, 0xff, 0xcf, 0xc3, 0xb0, 0xff, 0xce, 0xc4, 0xb0, 0xff, 
0xce, 0xc3, 0xaf, 0xff, 0xd0, 0xc3, 0xaf, 0xff, 0xcf, 0xc3, 0xaf, 0xff, 0xd0, 0xc3, 0xae, 0xff, 
0xcf, 0xc4, 0xaf, 0xff, 0xd0, 0xc4, 0xb0, 0xff, 0xd0, 0xc3, 0xb0, 0xff, 0xcf, 0xc3, 0xaf, 0xff, 
0xd0, 0xc4, 0xaf, 0xff, 0xd1, 0xc5, 0xb0, 0xff, 0xd0, 0xc4, 0xae, 0xff, 0xd0, 0xc4, 0xaf, 0xff, 
0xd0, 0xc4, 0xae, 0xff, 0xd0, 0xc4, 0xae, 0xff, 0xd1, 0xc4, 0xb0, 0xff, 0xd0, 0xc4, 0xb0, 0xff, 
0xcf, 0xc4, 0xb0, 0xff, 0xcf, 0xc4, 0xaf, 0xff, 0xce, 0xc4, 0xaf, 0xff, 0xcd, 0xc3, 0xae, 0xff, 
0xce, 0xc3, 0xaf, 0xff, 0xcf, 0xc4, 0xb0, 0xff, 0xce, 0xc4, 0xaf, 0xff, 0xcd, 0xc1, 0xae, 0xff, 
0xcd, 0xc2, 0xaf, 0xff, 0xcf, 0xc4, 0xb0, 0xff, 0xcd, 0xc2, 0xaf, 0xff, 0xcc, 0xc2, 0xae, 0xff, 
0xcd, 0xc2, 0xae, 0xff, 0xcd, 0xc2, 0xae, 0xff, 0xcc, 0xc1, 0xae, 0xff, 0xcd, 0xc2, 0xae, 0xff, 
0xcd, 0xc1, 0xae, 0xff, 0xcc, 0xc2, 0xad, 0xff, 0xcc, 0xc1, 0xae, 0xff, 0xcc, 0xc1, 0xae, 0xff, 
0xcb, 0xc0, 0xad, 0xff, 0xcc, 0xc1, 0xad, 0xff, 0xcc, 0xc1, 0xae, 0xff, 0xcc, 0xc0, 0xad, 0xff, 
0xcc, 0xc1, 0xad, 0xff, 0xcc, 0xc1, 0xad, 0xff, 0xcb, 0xc1, 0xad, 0xff, 0xcc, 0xc1, 0xae, 0xff, 
0xcc, 0xc1, 0xad, 0xff, 0xcc, 0xc1, 0xae, 0xff, 0xcc, 0xc1, 0xad, 0xff, 0xcc, 0xc1, 0xae, 0xff, 
0xc7, 0xbd, 0xad, 0xff, 0xc6, 0xbc, 0xaa, 0xff, 0xc6, 0xbb, 0xa9, 0xff, 0xc7, 0xbd, 0xab, 0xff, 
0xc8, 0xbe, 0xad, 0xff, 0xc7, 0xbd, 0xac, 0xff, 0xc7, 0xbd, 0xac, 0xff, 0xc8, 0xbe, 0xac, 0xff, 
0xc8, 0xbd, 0xac, 0xff, 0xc6, 0xbb, 0xa9, 0xff, 0xc5, 0xbb, 0xa9, 0xff, 0xc6, 0xbb, 0xa9, 0xff, 
0xc5, 0xba, 0xa8, 0xff, 0xc7, 0xba, 0xa9, 0xff, 0xc6, 0xba, 0xa9, 0xff, 0xc6, 0xbb, 0xa9, 0xff, 
0xc7, 0xbb, 0xaa, 0xff, 0xc8, 0xbc, 0xab, 0xff, 0xc9, 0xbc, 0xab, 0xff, 0xc7, 0xbb, 0xaa, 0xff, 
0xc7, 0xbb, 0xaa, 0xff, 0xc7, 0xbb, 0xaa, 0xff, 0xc6, 0xb9, 0xa9, 0xff, 0xc7, 0xbb, 0xa9, 0xff, 
0xc8, 0xbd, 0xaa, 0xff, 0xc7, 0xbb, 0xa9, 0xff, 0xc7, 0xbb, 0xaa, 0xff, 0xc6, 0xbb, 0xaa, 0xff, 
0xc7, 0xbb, 0xab, 0xff, 0xc7, 0xbb, 0xab, 0xff, 0xc7, 0xbb, 0xaa, 0xff, 0xc7, 0xbb, 0xaa, 0xff, 
0xc8, 0xbc, 0xaa, 0xff, 0xc7, 0xbc, 0xab, 0xff, 0xc7, 0xbb, 0xab, 0xff, 0xc6, 0xbb, 0xa9, 0xff, 
0xc8, 0xbc, 0xab, 0xff, 0xc9, 0xbd, 0xab, 0xff, 0xc7, 0xbb, 0xaa, 0xff, 0xc6, 0xbb, 0xa9, 0xff, 
0xc7, 0xbc, 0xab, 0xff, 0xc7, 0xbb, 0xac, 0xff, 0xc5, 0xbb, 0xa9, 0xff, 0xc6, 0xbb, 0xaa, 0xff, 
0xc7, 0xbc, 0xab, 0xff, 0xc5, 0xba, 0xa9, 0xff, 0xc5, 0xba, 0xa9, 0xff, 0xc5, 0xbb, 0xa9, 0xff, 
0xc5, 0xba, 0xa9, 0xff, 0xc5, 0xba, 0xa9, 0xff, 0xc5, 0xb9, 0xa9, 0xff, 0xc5, 0xba, 0xa8, 0xff, 
0xc5, 0xba, 0xa8, 0xff, 0xc5, 0xba, 0xa8, 0xff, 0xc5, 0xba, 0xa8, 0xff, 0xc5, 0xbb, 0xa9, 0xff, 
0xc5, 0xbb, 0xa9, 0xff, 0xc6, 0xba, 0xa9, 0xff, 0xc7, 0xbb, 0xaa, 0xff, 0xc7, 0xbc, 0xa9, 0xff, 
0xc6, 0xbb, 0xaa, 0xff, 0xc6, 0xbb, 0xa9, 0xff, 0xc5, 0xbb, 0xa9, 0xff, 0xc6, 0xbc, 0xab, 0xff, 
0xc6, 0xbc, 0xaa, 0xff, 0xc5, 0xbb, 0xa9, 0xff, 0xc5, 0xbc, 0xaa, 0xff, 0xc8, 0xbd, 0xac, 0xff, 
0xc7, 0xbd, 0xab, 0xff, 0xc7, 0xbd, 0xab, 0xff, 0xc7, 0xbe, 0xac, 0xff, 0xca, 0xbf, 0xae, 0xff, 
0xca, 0xbf, 0xae, 0xff, 0xc7, 0xbe, 0xab, 0xff, 0xc9, 0xbf, 0xab, 0xff, 0xc9, 0xbf, 0xad, 0xff, 
0xc9, 0xbe, 0xad, 0xff, 0xca, 0xbe, 0xad, 0xff, 0xca, 0xbf, 0xac, 0xff, 0xcd, 0xc0, 0xae, 0xff, 
0xce, 0xc2, 0xb2, 0xff, 0xcf, 0xc4, 0xb3, 0xff, 0xcc, 0xc1, 0xaf, 0xff, 0xcb, 0xbf, 0xae, 0xff, 
0xcc, 0xc0, 0xaf, 0xff, 0xcc, 0xc0, 0xaf, 0xff, 0xcb, 0xc0, 0xaf, 0xff, 0xcc, 0xc1, 0xaf, 0xff, 
0xcc, 0xc0, 0xaf, 0xff, 0xcd, 0xc1, 0xb0, 0xff, 0xcc, 0xc0, 0xaf, 0xff, 0xcd, 0xc1, 0xb0, 0xff, 
0xcd, 0xc1, 0xb1, 0xff, 0xcc, 0xc0, 0xb0, 0xff, 0xcd, 0xc2, 0xb1, 0xff, 0xcd, 0xc2, 0xb0, 0xff, 
0xcc, 0xc1, 0xaf, 0xff, 0xcc, 0xc1, 0xb0, 0xff, 0xcc, 0xc1, 0xaf, 0xff, 0xcd, 0xc1, 0xb0, 0xff, 
0xce, 0xc2, 0xb1, 0xff, 0xcd, 0xc2, 0xb0, 0xff, 0xcb, 0xc0, 0xaf, 0xff, 0xcc, 0xc1, 0xaf, 0xff, 
0xcc, 0xc0, 0xaf, 0xff, 0xca, 0xbf, 0xad, 0xff, 0xc9, 0xbf, 0xad, 0xff, 0xc9, 0xbf, 0xad, 0xff, 
0xc9, 0xbe, 0xad, 0xff, 0xc8, 0xbd, 0xab, 0xff, 0xc9, 0xbe, 0xad, 0xff, 0xc9, 0xbe, 0xac, 0xff, 
0xc7, 0xbc, 0xab, 0xff, 0xc7, 0xbc, 0xaa, 0xff, 0xc6, 0xbc, 0xaa, 0xff, 0xc5, 0xbb, 0xa9, 0xff, 
0xc7, 0xbb, 0xaa, 0xff, 0xc6, 0xbb, 0xaa, 0xff, 0xc5, 0xbc, 0xaa, 0xff, 0xc5, 0xbc, 0xaa, 0xff, 
0xc6, 0xbc, 0xaa, 0xff, 0xc8, 0xbd, 0xab, 0xff, 0xc8, 0xbd, 0xab, 0xff, 0xc7, 0xbc, 0xab, 0xff, 
0xc7, 0xbc, 0xab, 0xff, 0xc6, 0xbc, 0xaa, 0xff, 0xc6, 0xbc, 0xab, 0xff, 0xc7, 0xbd, 0xab, 0xff, 
0xc7, 0xbd, 0xab, 0xff, 0xc7, 0xbc, 0xab, 0xff, 0xc8, 0xbe, 0xac, 0xff, 0xca, 0xbf, 0xad, 0xff, 
0xc9, 0xbe, 0xac, 0xff, 0xc9, 0xbe, 0xad, 0xff, 0xcb, 0xbf, 0xae, 0xff, 0xcb, 0xc0, 0xae, 0xff, 
0xca, 0xbf, 0xad, 0xff, 0xca, 0xbf, 0xae, 0xff, 0xcb, 0xbf, 0xaf, 0xff, 0xc9, 0xbe, 0xac, 0xff, 
0xca, 0xbf, 0xad, 0xff, 0xcc, 0xc1, 0xaf, 0xff, 0xcc, 0xc1, 0xb0, 0xff, 0xcd, 0xc2, 0xb0, 0xff, 
0xcf, 0xc3, 0xb2, 0xff, 0xcf, 0xc3, 0xb1, 0xff, 0xcc, 0xbf, 0xae, 0xff, 0xcd, 0xc1, 0xb0, 0xff, 
0xcf, 0xc2, 0xb1, 0xff, 0xcd, 0xc1, 0xb0, 0xff, 0xcd, 0xc1, 0xb0, 0xff, 0xce, 0xc1, 0xb0, 0xff, 
0xcd, 0xc1, 0xaf, 0xff, 0xcd, 0xc0, 0xaf, 0xff, 0xcd, 0xc1, 0xb0, 0xff, 0xcc, 0xc2, 0xb0, 0xff, 
0xcd, 0xc2, 0xb1, 0xff, 0xcf, 0xc2, 0xb2, 0xff, 0xce, 0xc2, 0xb1, 0xff, 0xcd, 0xc1, 0xb0, 0xff, 
0xcd, 0xc2, 0xb0, 0xff, 0xcc, 0xc1, 0xaf, 0xff, 0xcd, 0xc1, 0xb0, 0xff, 0xcd, 0xc2, 0xb1, 0xff, 
0xcd, 0xc1, 0xb0, 0xff, 0xcd, 0xc1, 0xb0, 0xff, 0xce, 0xc2, 0xb1, 0xff, 0xcf, 0xc3, 0xb2, 0xff, 
0xce, 0xc3, 0xb2, 0xff, 0xce, 0xc2, 0xb1, 0xff, 0xce, 0xc2, 0xb1, 0xff, 0xce, 0xc3, 0xb1, 0xff, 
0xce, 0xc2, 0xb1, 0xff, 0xce, 0xc3, 0xb1, 0xff, 0xcf, 0xc4, 0xb3, 0xff, 0xce, 0xc4, 0xb1, 0xff, 
0xce, 0xc2, 0xb0, 0xff, 0xce, 0xc2, 0xb1, 0xff, 0xce, 0xc3, 0xb1, 0xff, 0xce, 0xc3, 0xb1, 0xff, 
0xcd, 0xc2, 0xb0, 0xff, 0xcc, 0xc2, 0xb0, 0xff, 0xcc, 0xc1, 0xb0, 0xff, 0xcb, 0xc0, 0xae, 0xff, 
0xcc, 0xc1, 0xaf, 0xff, 0xcc, 0xc0, 0xae, 0xff, 0xca, 0xbe, 0xad, 0xff, 0xc9, 0xbe, 0xad, 0xff, 
0xc8, 0xbe, 0xad, 0xff, 0xc7, 0xbd, 0xad, 0xff, 0xc8, 0xbd, 0xad, 0xff, 0xc7, 0xbc, 0xac, 0xff, 
0xc7, 0xbd, 0xac, 0xff, 0xc8, 0xbe, 0xad, 0xff, 0xc9, 0xbd, 0xad, 0xff, 0xc9, 0xbd, 0xad, 0xff, 
0xc9, 0xbe, 0xae, 0xff, 0xc9, 0xbf, 0xae, 0xff, 0xc9, 0xbe, 0xad, 0xff, 0xc8, 0xbe, 0xad, 0xff, 
0xc8, 0xbe, 0xae, 0xff, 0xca, 0xbf, 0xae, 0xff, 0xc9, 0xbe, 0xac, 0xff, 0xc9, 0xbf, 0xad, 0xff, 
0xcb, 0xc0, 0xae, 0xff, 0xca, 0xc0, 0xae, 0xff, 0xca, 0xbf, 0xae, 0xff, 0xcb, 0xc0, 0xae, 0xff, 
0xcb, 0xc0, 0xae, 0xff, 0xcd, 0xc2, 0xaf, 0xff, 0xd0, 0xc4, 0xb2, 0xff, 0xcd, 0xc2, 0xb0, 0xff, 
0xcc, 0xc0, 0xae, 0xff, 0xce, 0xc2, 0xb0, 0xff, 0xcd, 0xc2, 0xb0, 0xff, 0xcd, 0xc1, 0xaf, 0xff, 
0xcd, 0xc1, 0xb0, 0xff, 0xce, 0xc1, 0xb0, 0xff, 0xcc, 0xc0, 0xaf, 0xff, 0xcd, 0xc0, 0xaf, 0xff, 
0xcd, 0xc1, 0xae, 0xff, 0xcc, 0xc0, 0xae, 0xff, 0xcc, 0xc0, 0xaf, 0xff, 0xcd, 0xc1, 0xb0, 0xff, 
0xcc, 0xc0, 0xaf, 0xff, 0xcc, 0xc1, 0xaf, 0xff, 0xcb, 0xc0, 0xae, 0xff, 0xca, 0xbf, 0xad, 0xff, 
0xcb, 0xbf, 0xae, 0xff, 0xcc, 0xc0, 0xae, 0xff, 0xcb, 0xbf, 0xae, 0xff, 0xc9, 0xbd, 0xac, 0xff, 
0xcb, 0xbf, 0xae, 0xff, 0xcc, 0xc1, 0xaf, 0xff, 0xca, 0xbf, 0xad, 0xff, 0xc9, 0xbd, 0xac, 0xff, 
0xc9, 0xbe, 0xac, 0xff, 0xc8, 0xbd, 0xac, 0xff, 0xc6, 0xbb, 0xaa, 0xff, 0xc7, 0xbd, 0xab, 0xff, 
0xc7, 0xbc, 0xab, 0xff, 0xc6, 0xbc, 0xaa, 0xff, 0xc6, 0xbc, 0xaa, 0xff, 0xc6, 0xbb, 0xaa, 0xff, 
0xc5, 0xbb, 0xa9, 0xff, 0xc6, 0xbb, 0xa9, 0xff, 0xc6, 0xbb, 0xa9, 0xff, 0xc5, 0xbb, 0xa9, 0xff, 
0xc6, 0xbb, 0xa9, 0xff, 0xc6, 0xbc, 0xaa, 0xff, 0xc7, 0xbc, 0xaa, 0xff, 0xc7, 0xbc, 0xab, 0xff, 
0xc7, 0xbc, 0xaa, 0xff, 0xc7, 0xbc, 0xab, 0xff, 0xc5, 0xbb, 0xa9, 0xff, 0xc6, 0xbb, 0xab, 0xff, 
0xce, 0xc4, 0xb3, 0xff, 0xce, 0xc3, 0xb3, 0xff, 0xce, 0xc3, 0xb3, 0xff, 0xcc, 0xc2, 0xb2, 0xff, 
0xcc, 0xc2, 0xb1, 0xff, 0xcd, 0xc1, 0xb1, 0xff, 0xcd, 0xc1, 0xb1, 0xff, 0xcc, 0xc1, 0xb1, 0xff, 
0xcc, 0xc1, 0xb1, 0xff, 0xcc, 0xc1, 0xb1, 0xff, 0xcc, 0xc1, 0xb0, 0xff, 0xcb, 0xc0, 0xaf, 0xff, 
0xcd, 0xc3, 0xb3, 0xff, 0xd0, 0xc4, 0xb4, 0xff, 0xcc, 0xbf, 0xb0, 0xff, 0xcc, 0xc0, 0xb0, 0xff, 
0xca, 0xbf, 0xaf, 0xff, 0xcc, 0xc2, 0xb1, 0xff, 0xcf, 0xc3, 0xb2, 0xff, 0xcb, 0xbf, 0xb0, 0xff, 
0xce, 0xc3, 0xb3, 0xff, 0xcf, 0xc3, 0xb3, 0xff, 0xca, 0xbf, 0xae, 0xff, 0xcc, 0xc0, 0xaf, 0xff, 
0xcc, 0xc1, 0xb0, 0xff, 0xcf, 0xc3, 0xb2, 0xff, 0xcf, 0xc4, 0xb4, 0xff, 0xcc, 0xc0, 0xb0, 0xff, 
0xcc, 0xc0, 0xb0, 0xff, 0xcb, 0xc0, 0xaf, 0xff, 0xcd, 0xc1, 0xb0, 0xff, 0xd0, 0xc4, 0xb3, 0xff, 
0xcd, 0xc1, 0xb1, 0xff, 0xcc, 0xc1, 0xb1, 0xff, 0xcc, 0xc0, 0xaf, 0xff, 0xcc, 0xc1, 0xb0, 0xff, 
0xce, 0xc2, 0xb1, 0xff, 0xcd, 0xc1, 0xb1, 0xff, 0xcd, 0xc2, 0xb2, 0xff, 0xce, 0xc3, 0xb3, 0xff, 
0xcd, 0xc1, 0xb1, 0xff, 0xca, 0xc0, 0xb0, 0xff, 0xcb, 0xc1, 0xb0, 0xff, 0xcb, 0xc2, 0xb1, 0xff, 
0xca, 0xc1, 0xb1, 0xff, 0xcb, 0xc0, 0xaf, 0xff, 0xcb, 0xc0, 0xb0, 0xff, 0xca, 0xc0, 0xb0, 0xff, 
0xca, 0xc0, 0xb0, 0xff, 0xcb, 0xc0, 0xaf, 0xff, 0xca, 0xc0, 0xb0, 0xff, 0xca, 0xc0, 0xaf, 0xff, 
0xcd, 0xc3, 0xb3, 0xff, 0xcc, 0xc1, 0xb1, 0xff, 0xca, 0xc0, 0xb0, 0xff, 0xca, 0xc0, 0xaf, 0xff, 
0xca, 0xbf, 0xaf, 0xff, 0xce, 0xc2, 0xb1, 0xff, 0xd0, 0xc3, 0xb2, 0xff, 0xcb, 0xc0, 0xb0, 0xff, 
0xca, 0xc0, 0xaf, 0xff, 0xcb, 0xbf, 0xaf, 0xff, 0xcc, 0xc1, 0xb0, 0xff, 0xce, 0xc3, 0xb2, 0xff, 
0xcd, 0xc2, 0xb1, 0xff, 0xcc, 0xc1, 0xb1, 0xff, 0xcb, 0xc1, 0xb1, 0xff, 0xcb, 0xc0, 0xaf, 0xff, 
0xcb, 0xc1, 0xb0, 0xff, 0xcc, 0xc1, 0xb1, 0xff, 0xcb, 0xc1, 0xb0, 0xff, 0xcd, 0xc2, 0xb0, 0xff, 
0xcd, 0xc2, 0xb2, 0xff, 0xcd, 0xc3, 0xb2, 0xff, 0xcd, 0xc3, 0xb2, 0xff, 0xcd, 0xc2, 0xb2, 0xff, 
0xce, 0xc2, 0xb2, 0xff, 0xcf, 0xc3, 0xb3, 0xff, 0xcf, 0xc3, 0xb2, 0xff, 0xd2, 0xc5, 0xb5, 0xff, 
0xd3, 0xc7, 0xb7, 0xff, 0xd3, 0xc7, 0xb7, 0xff, 0xd0, 0xc4, 0xb3, 0xff, 0xce, 0xc3, 0xb1, 0xff, 
0xd2, 0xc5, 0xb5, 0xff, 0xd4, 0xc7, 0xb8, 0xff, 0xd4, 0xc7, 0xb8, 0xff, 0xd1, 0xc4, 0xb4, 0xff, 
0xd0, 0xc4, 0xb4, 0xff, 0xd0, 0xc5, 0xb4, 0xff, 0xd1, 0xc5, 0xb4, 0xff, 0xd5, 0xc9, 0xb7, 0xff, 
0xd4, 0xc7, 0xb7, 0xff, 0xd1, 0xc5, 0xb4, 0xff, 0xd1, 0xc5, 0xb4, 0xff, 0xd1, 0xc5, 0xb4, 0xff, 
0xd3, 0xc7, 0xb6, 0xff, 0xd4, 0xc7, 0xb7, 0xff, 0xd3, 0xc7, 0xb6, 0xff, 0xd4, 0xc8, 0xb7, 0xff, 
0xd2, 0xc6, 0xb5, 0xff, 0xd1, 0xc4, 0xb4, 0xff, 0xd3, 0xc6, 0xb6, 0xff, 0xd3, 0xc7, 0xb7, 0xff, 
0xd0, 0xc4, 0xb3, 0xff, 0xcf, 0xc3, 0xb2, 0xff, 0xce, 0xc4, 0xb3, 0xff, 0xcd, 0xc4, 0xb3, 0xff, 
0xce, 0xc3, 0xb4, 0xff, 0xce, 0xc2, 0xb3, 0xff, 0xcd, 0xc1, 0xb2, 0xff, 0xcc, 0xc3, 0xb2, 0xff, 
0xcc, 0xc2, 0xb1, 0xff, 0xce, 0xc1, 0xb0, 0xff, 0xcb, 0xc1, 0xb0, 0xff, 0xcd, 0xc3, 0xb2, 0xff, 
0xcf, 0xc3, 0xb4, 0xff, 0xcb, 0xc0, 0xb0, 0xff, 0xcb, 0xc1, 0xb0, 0xff, 0xca, 0xc1, 0xb0, 0xff, 
0xcc, 0xc1, 0xb0, 0xff, 0xd1, 0xc4, 0xb3, 0xff, 0xce, 0xc3, 0xb2, 0xff, 0xcb, 0xc1, 0xb1, 0xff, 
0xcb, 0xc1, 0xb0, 0xff, 0xcb, 0xc1, 0xb0, 0xff, 0xcd, 0xc3, 0xb2, 0xff, 0xcf, 0xc4, 0xb3, 0xff, 
0xce, 0xc3, 0xb2, 0xff, 0xcf, 0xc3, 0xb3, 0xff, 0xcc, 0xc2, 0xb1, 0xff, 0xce, 0xc2, 0xb1, 0xff, 
0xcf, 0xc2, 0xb2, 0xff, 0xcf, 0xc2, 0xb3, 0xff, 0xcf, 0xc3, 0xb4, 0xff, 0xd0, 0xc3, 0xb4, 0xff, 
0xd0, 0xc3, 0xb3, 0xff, 0xd0, 0xc4, 0xb4, 0xff, 0xd0, 0xc4, 0xb3, 0xff, 0xd0, 0xc4, 0xb4, 0xff, 
0xd0, 0xc5, 0xb5, 0xff, 0xcf, 0xc4, 0xb4, 0xff, 0xd0, 0xc4, 0xb4, 0xff, 0xd2, 0xc6, 0xb6, 0xff, 
0xd5, 0xc8, 0xb9, 0xff, 0xd3, 0xc7, 0xb7, 0xff, 0xcf, 0xc3, 0xb3, 0xff, 0xd1, 0xc5, 0xb4, 0xff, 
0xd5, 0xc9, 0xb8, 0xff, 0xd4, 0xc8, 0xb7, 0xff, 0xd2, 0xc6, 0xb5, 0xff, 0xd3, 0xc7, 0xb7, 0xff, 
0xd3, 0xc6, 0xb6, 0xff, 0xd1, 0xc4, 0xb4, 0xff, 0xd1, 0xc5, 0xb4, 0xff, 0xd1, 0xc5, 0xb4, 0xff, 
0xd3, 0xc8, 0xb6, 0xff, 0xd6, 0xc9, 0xb9, 0xff, 0xd2, 0xc5, 0xb5, 0xff, 0xd1, 0xc4, 0xb4, 0xff, 
0xd2, 0xc6, 0xb4, 0xff, 0xd2, 0xc6, 0xb5, 0xff, 0xd4, 0xc7, 0xb7, 0xff, 0xd2, 0xc6, 0xb5, 0xff, 
0xd1, 0xc5, 0xb4, 0xff, 0xd2, 0xc6, 0xb5, 0xff, 0xd4, 0xc7, 0xb7, 0xff, 0xd3, 0xc7, 0xb6, 0xff, 
0xd2, 0xc6, 0xb5, 0xff, 0xd3, 0xc6, 0xb6, 0xff, 0xd3, 0xc6, 0xb6, 0xff, 0xd3, 0xc7, 0xb6, 0xff, 
0xd3, 0xc7, 0xb6, 0xff, 0xd4, 0xc8, 0xb7, 0xff, 0xd3, 0xc7, 0xb7, 0xff, 0xd3, 0xc6, 0xb6, 0xff, 
0xd4, 0xc7, 0xb7, 0xff, 0xd5, 0xc8, 0xb8, 0xff, 0xd3, 0xc8, 0xb7, 0xff, 0xd5, 0xc9, 0xb8, 0xff, 
0xd2, 0xc6, 0xb5, 0xff, 0xd2, 0xc5, 0xb4, 0xff, 0xd1, 0xc5, 0xb5, 0xff, 0xd1, 0xc5, 0xb5, 0xff, 
0xd1, 0xc5, 0xb5, 0xff, 0xd1, 0xc6, 0xb5, 0xff, 0xd0, 0xc4, 0xb3, 0xff, 0xcf, 0xc3, 0xb3, 0xff, 
0xce, 0xc3, 0xb3, 0xff, 0xcf, 0xc5, 0xb4, 0xff, 0xd0, 0xc6, 0xb6, 0xff, 0xcd, 0xc3, 0xb2, 0xff, 
0xcd, 0xc3, 0xb3, 0xff, 0xcc, 0xc3, 0xb1, 0xff, 0xce, 0xc3, 0xb3, 0xff, 0xd3, 0xc6, 0xb5, 0xff, 
0xd0, 0xc5, 0xb4, 0xff, 0xcd, 0xc3, 0xb3, 0xff, 0xcd, 0xc3, 0xb2, 0xff, 0xcd, 0xc3, 0xb2, 0xff, 
0xcf, 0xc5, 0xb4, 0xff, 0xd0, 0xc5, 0xb4, 0xff, 0xcf, 0xc4, 0xb3, 0xff, 0xd0, 0xc4, 0xb4, 0xff, 
0xcf, 0xc4, 0xb3, 0xff, 0xcf, 0xc3, 0xb3, 0xff, 0xd0, 0xc3, 0xb3, 0xff, 0xcf, 0xc3, 0xb3, 0xff, 
0xd0, 0xc4, 0xb3, 0xff, 0xd2, 0xc5, 0xb6, 0xff, 0xd4, 0xc7, 0xb7, 0xff, 0xd1, 0xc4, 0xb4, 0xff, 
0xcf, 0xc2, 0xb2, 0xff, 0xd2, 0xc6, 0xb5, 0xff, 0xd4, 0xc9, 0xb8, 0xff, 0xd3, 0xc7, 0xb6, 0xff, 
0xd2, 0xc5, 0xb5, 0xff, 0xd3, 0xc7, 0xb7, 0xff, 0xd0, 0xc4, 0xb4, 0xff, 0xd0, 0xc4, 0xb3, 0xff, 
0xd1, 0xc5, 0xb4, 0xff, 0xd0, 0xc4, 0xb3, 0xff, 0xd2, 0xc7, 0xb6, 0xff, 0xd4, 0xc8, 0xb7, 0xff, 
0xd0, 0xc4, 0xb3, 0xff, 0xd0, 0xc4, 0xb3, 0xff, 0xcf, 0xc3, 0xb2, 0xff, 0xd1, 0xc4, 0xb4, 0xff, 
0xd1, 0xc5, 0xb5, 0xff, 0xcf, 0xc2, 0xb3, 0xff, 0xd0, 0xc3, 0xb3, 0xff, 0xd1, 0xc4, 0xb4, 0xff, 
0xd1, 0xc4, 0xb4, 0xff, 0xcf, 0xc3, 0xb2, 0xff, 0xce, 0xc2, 0xb2, 0xff, 0xce, 0xc2, 0xb3, 0xff, 
0xcd, 0xc2, 0xb3, 0xff, 0xcd, 0xc1, 0xb2, 0xff, 0xcd, 0xc1, 0xb2, 0xff, 0xcc, 0xc0, 0xb1, 0xff, 
0xcc, 0xc0, 0xb1, 0xff, 0xcc, 0xc0, 0xb1, 0xff, 0xcc, 0xc1, 0xb1, 0xff, 0xcb, 0xc0, 0xb0, 0xff, 
0xce, 0xc2, 0xb2, 0xff, 0xcf, 0xc3, 0xb4, 0xff, 0xcb, 0xc0, 0xb0, 0xff, 0xcc, 0xc0, 0xaf, 0xff, 
0xcb, 0xc0, 0xaf, 0xff, 0xcc, 0xc1, 0xb0, 0xff, 0xd1, 0xc3, 0xb3, 0xff, 0xce, 0xc2, 0xb2, 0xff, 
0xcb, 0xc0, 0xb0, 0xff, 0xcc, 0xc0, 0xb1, 0xff, 0xcb, 0xc0, 0xaf, 0xff, 0xce, 0xc3, 0xb2, 0xff, 
0xd3, 0xc6, 0xb9, 0xff, 0xd2, 0xc5, 0xb9, 0xff, 0xce, 0xc4, 0xb8, 0xff, 0xcd, 0xc3, 0xb7, 0xff, 
0xcf, 0xc4, 0xb8, 0xff, 0xd2, 0xc7, 0xba, 0xff, 0xd2, 0xc6, 0xb9, 0xff, 0xce, 0xc3, 0xb6, 0xff, 
0xcc, 0xc2, 0xb5, 0xff, 0xcd, 0xc2, 0xb6, 0xff, 0xcd, 0xc2, 0xb5, 0xff, 0xce, 0xc3, 0xb7, 0xff, 
0xce, 0xc4, 0xb8, 0xff, 0xcc, 0xc2, 0xb5, 0xff, 0xcb, 0xc1, 0xb4, 0xff, 0xcc, 0xc2, 0xb6, 0xff, 
0xce, 0xc3, 0xb6, 0xff, 0xcc, 0xc1, 0xb4, 0xff, 0xca, 0xc0, 0xb2, 0xff, 0xca, 0xc0, 0xb4, 0xff, 
0xcc, 0xc2, 0xb5, 0xff, 0xcb, 0xc1, 0xb3, 0xff, 0xca, 0xc0, 0xb1, 0xff, 0xcd, 0xc3, 0xb4, 0xff, 
0xcf, 0xc3, 0xb7, 0xff, 0xcd, 0xc1, 0xb5, 0xff, 0xca, 0xc0, 0xb3, 0xff, 0xca, 0xc0, 0xb1, 0xff, 
0xcc, 0xc3, 0xb4, 0xff, 0xcc, 0xc3, 0xb4, 0xff, 0xcb, 0xc1, 0xb2, 0xff, 0xcb, 0xc0, 0xb2, 0xff, 
0xc9, 0xc0, 0xb2, 0xff, 0xca, 0xc1, 0xb2, 0xff, 0xcc, 0xc3, 0xb3, 0xff, 0xcc, 0xc2, 0xb4, 0xff, 
0xca, 0xc1, 0xb2, 0xff, 0xc9, 0xc0, 0xb1, 0xff, 0xca, 0xc1, 0xb3, 0xff, 0xca, 0xc1, 0xb3, 0xff, 
0xc9, 0xc0, 0xb1, 0xff, 0xc9, 0xc0, 0xb1, 0xff, 0xc9, 0xc0, 0xb1, 0xff, 0xc9, 0xc0, 0xb3, 0xff, 
0xcb, 0xc2, 0xb5, 0xff, 0xcf, 0xc3, 0xb7, 0xff, 0xcc, 0xc2, 0xb5, 0xff, 0xc9, 0xbf, 0xb2, 0xff, 
0xc9, 0xbf, 0xb2, 0xff, 0xc9, 0xc0, 0xb1, 0xff, 0xca, 0xc0, 0xb3, 0xff, 0xcb, 0xc2, 0xb6, 0xff, 
0xcc, 0xc2, 0xb4, 0xff, 0xca, 0xc0, 0xb2, 0xff, 0xcc, 0xc1, 0xb5, 0xff, 0xce, 0xc3, 0xb7, 0xff, 
0xcd, 0xc3, 0xb5, 0xff, 0xcc, 0xc2, 0xb4, 0xff, 0xcb, 0xc1, 0xb4, 0xff, 0xcb, 0xc1, 0xb3, 0xff, 
0xcc, 0xc2, 0xb4, 0xff, 0xcd, 0xc4, 0xb5, 0xff, 0xcf, 0xc5, 0xb6, 0xff, 0xd0, 0xc5, 0xb6, 0xff, 
0xd0, 0xc6, 0xb7, 0xff, 0xcf, 0xc4, 0xb7, 0xff, 0xce, 0xc4, 0xb5, 0xff, 0xcd, 0xc4, 0xb4, 0xff, 
0xd0, 0xc5, 0xb7, 0xff, 0xd1, 0xc6, 0xb9, 0xff, 0xcf, 0xc4, 0xb7, 0xff, 0xcf, 0xc4, 0xb7, 0xff, 
0xce, 0xc4, 0xb6, 0xff, 0xce, 0xc4, 0xb6, 0xff, 0xcf, 0xc5, 0xb8, 0xff, 0xd0, 0xc6, 0xba, 0xff, 
0xd1, 0xc7, 0xb8, 0xff, 0xcf, 0xc5, 0xb7, 0xff, 0xd0, 0xc4, 0xb7, 0xff, 0xd0, 0xc6, 0xb7, 0xff, 
0xd0, 0xc6, 0xb8, 0xff, 0xcd, 0xc3, 0xb5, 0xff, 0xcd, 0xc3, 0xb4, 0xff, 0xcf, 0xc4, 0xb6, 0xff, 
0xd1, 0xc7, 0xb9, 0xff, 0xd1, 0xc6, 0xba, 0xff, 0xd0, 0xc6, 0xb8, 0xff, 0xcf, 0xc4, 0xb6, 0xff, 
0xd0, 0xc6, 0xb6, 0xff, 0xd2, 0xc6, 0xb8, 0xff, 0xd3, 0xc6, 0xb9, 0xff, 0xd0, 0xc5, 0xb8, 0xff, 
0xce, 0xc3, 0xb5, 0xff, 0xce, 0xc4, 0xb5, 0xff, 0xd1, 0xc7, 0xb8, 0xff, 0xd3, 0xc8, 0xb9, 0xff, 
0xd2, 0xc7, 0xba, 0xff, 0xd1, 0xc7, 0xb9, 0xff, 0xd1, 0xc6, 0xb8, 0xff, 0xce, 0xc4, 0xb5, 0xff, 
0xcc, 0xc3, 0xb3, 0xff, 0xcd, 0xc3, 0xb4, 0xff, 0xce, 0xc4, 0xb7, 0xff, 0xcd, 0xc3, 0xb6, 0xff, 
0xcc, 0xc3, 0xb4, 0xff, 0xcc, 0xc3, 0xb4, 0xff, 0xcc, 0xc3, 0xb5, 0xff, 0xcc, 0xc4, 0xb6, 0xff, 
0xcf, 0xc4, 0xb8, 0xff, 0xd0, 0xc5, 0xb9, 0xff, 0xcb, 0xc2, 0xb5, 0xff, 0xca, 0xc0, 0xb3, 0xff, 
0xca, 0xc1, 0xb3, 0xff, 0xca, 0xc1, 0xb3, 0xff, 0xcc, 0xc3, 0xb6, 0xff, 0xcd, 0xc4, 0xb6, 0xff, 
0xcc, 0xc3, 0xb4, 0xff, 0xcb, 0xc2, 0xb3, 0xff, 0xcd, 0xc3, 0xb6, 0xff, 0xce, 0xc4, 0xb6, 0xff, 
0xcd, 0xc3, 0xb5, 0xff, 0xcc, 0xc2, 0xb5, 0xff, 0xcb, 0xc2, 0xb5, 0xff, 0xcd, 0xc3, 0xb5, 0xff, 
0xcd, 0xc4, 0xb5, 0xff, 0xcf, 0xc5, 0xb6, 0xff, 0xd1, 0xc6, 0xb8, 0xff, 0xd3, 0xc7, 0xb9, 0xff, 
0xd1, 0xc6, 0xb9, 0xff, 0xd0, 0xc5, 0xb8, 0xff, 0xcf, 0xc4, 0xb7, 0xff, 0xd0, 0xc6, 0xb7, 0xff, 
0xd3, 0xc9, 0xba, 0xff, 0xd3, 0xc7, 0xbb, 0xff, 0xd0, 0xc6, 0xba, 0xff, 0xd0, 0xc6, 0xb8, 0xff, 
0xd0, 0xc5, 0xb7, 0xff, 0xd1, 0xc6, 0xb8, 0xff, 0xd3, 0xc8, 0xba, 0xff, 0xd4, 0xc8, 0xbb, 0xff, 
0xd2, 0xc7, 0xbb, 0xff, 0xcf, 0xc5, 0xb8, 0xff, 0xd0, 0xc6, 0xb7, 0xff, 0xd1, 0xc7, 0xb8, 0xff, 
0xd0, 0xc5, 0xb8, 0xff, 0xce, 0xc4, 0xb5, 0xff, 0xce, 0xc4, 0xb5, 0xff, 0xd0, 0xc6, 0xb7, 0xff, 
0xd1, 0xc7, 0xb8, 0xff, 0xd1, 0xc6, 0xb7, 0xff, 0xd1, 0xc6, 0xb8, 0xff, 0xd0, 0xc6, 0xb8, 0xff, 
0xce, 0xc4, 0xb5, 0xff, 0xcf, 0xc4, 0xb5, 0xff, 0xd1, 0xc6, 0xb7, 0xff, 0xd2, 0xc7, 0xb8, 0xff, 
0xd1, 0xc6, 0xb8, 0xff, 0xcf, 0xc5, 0xb6, 0xff, 0xce, 0xc4, 0xb4, 0xff, 0xcf, 0xc5, 0xb6, 0xff, 
0xd2, 0xc6, 0xb7, 0xff, 0xd3, 0xc7, 0xb9, 0xff, 0xd2, 0xc8, 0xb9, 0xff, 0xcf, 0xc6, 0xb7, 0xff, 
0xce, 0xc4, 0xb6, 0xff, 0xd0, 0xc6, 0xb7, 0xff, 0xd0, 0xc6, 0xb7, 0xff, 0xd0, 0xc5, 0xb6, 0xff, 
0xd0, 0xc6, 0xb7, 0xff, 0xcf, 0xc6, 0xb6, 0xff, 0xd0, 0xc7, 0xb7, 0xff, 0xd3, 0xc9, 0xba, 0xff, 
0xd5, 0xca, 0xbb, 0xff, 0xd3, 0xc9, 0xba, 0xff, 0xd0, 0xc6, 0xb7, 0xff, 0xd0, 0xc5, 0xb6, 0xff, 
0xd0, 0xc6, 0xb7, 0xff, 0xd2, 0xc8, 0xb9, 0xff, 0xd2, 0xc9, 0xba, 0xff, 0xd0, 0xc7, 0xb8, 0xff, 
0xcf, 0xc6, 0xb7, 0xff, 0xd0, 0xc7, 0xb8, 0xff, 0xd3, 0xc8, 0xba, 0xff, 0xd3, 0xc9, 0xba, 0xff, 
0xcf, 0xc5, 0xb8, 0xff, 0xcd, 0xc4, 0xb6, 0xff, 0xcd, 0xc4, 0xb5, 0xff, 0xce, 0xc4, 0xb5, 0xff, 
0xcf, 0xc5, 0xb8, 0xff, 0xcf, 0xc6, 0xb9, 0xff, 0xce, 0xc5, 0xb7, 0xff, 0xcd, 0xc4, 0xb6, 0xff, 
0xce, 0xc5, 0xb8, 0xff, 0xd1, 0xc7, 0xb8, 0xff, 0xd0, 0xc5, 0xb7, 0xff, 0xcf, 0xc4, 0xb7, 0xff, 
0xce, 0xc4, 0xb7, 0xff, 0xce, 0xc5, 0xb7, 0xff, 0xd0, 0xc6, 0xb7, 0xff, 0xd1, 0xc7, 0xb8, 0xff, 
0xd3, 0xc8, 0xb9, 0xff, 0xd4, 0xc8, 0xba, 0xff, 0xd2, 0xc8, 0xb9, 0xff, 0xd1, 0xc6, 0xb9, 0xff, 
0xd1, 0xc6, 0xb9, 0xff, 0xd1, 0xc6, 0xb8, 0xff, 0xd1, 0xc7, 0xb9, 0xff, 0xd1, 0xc7, 0xb8, 0xff, 
0xd1, 0xc6, 0xb7, 0xff, 0xd0, 0xc6, 0xb7, 0xff, 0xce, 0xc4, 0xb5, 0xff, 0xcd, 0xc3, 0xb4, 0xff, 
0xcf, 0xc5, 0xb6, 0xff, 0xd1, 0xc6, 0xb8, 0xff, 0xd0, 0xc5, 0xb8, 0xff, 0xd0, 0xc5, 0xb6, 0xff, 
0xcf, 0xc5, 0xb7, 0xff, 0xce, 0xc4, 0xb6, 0xff, 0xcd, 0xc3, 0xb3, 0xff, 0xce, 0xc3, 0xb4, 0xff, 
0xd0, 0xc5, 0xb6, 0xff, 0xd2, 0xc5, 0xb8, 0xff, 0xcf, 0xc4, 0xb6, 0xff, 0xcd, 0xc4, 0xb4, 0xff, 
0xcd, 0xc3, 0xb4, 0xff, 0xce, 0xc4, 0xb5, 0xff, 0xd0, 0xc5, 0xb6, 0xff, 0xd0, 0xc6, 0xb8, 0xff, 
0xcf, 0xc5, 0xb6, 0xff, 0xcc, 0xc3, 0xb3, 0xff, 0xcd, 0xc3, 0xb4, 0xff, 0xcd, 0xc4, 0xb4, 0xff, 
0xcc, 0xc3, 0xb4, 0xff, 0xcc, 0xc2, 0xb3, 0xff, 0xcb, 0xc2, 0xb4, 0xff, 0xcb, 0xc2, 0xb3, 0xff, 
0xcc, 0xc3, 0xb5, 0xff, 0xcf, 0xc5, 0xb8, 0xff, 0xd1, 0xc6, 0xb9, 0xff, 0xcc, 0xc3, 0xb6, 0xff, 
0xc9, 0xc0, 0xb2, 0xff, 0xca, 0xc0, 0xb2, 0xff, 0xcb, 0xc1, 0xb3, 0xff, 0xcd, 0xc2, 0xb6, 0xff, 
0xcd, 0xc4, 0xb7, 0xff, 0xcc, 0xc2, 0xb5, 0xff, 0xcb, 0xc2, 0xb4, 0xff, 0xcd, 0xc3, 0xb6, 0xff, 
0xcf, 0xc4, 0xb7, 0xff, 0xcd, 0xc3, 0xb5, 0xff, 0xcd, 0xc2, 0xb5, 0xff, 0xcc, 0xc1, 0xb5, 0xff, 
0xcc, 0xc2, 0xb4, 0xff, 0xce, 0xc4, 0xb6, 0xff, 0xce, 0xc5, 0xb6, 0xff, 0xd0, 0xc6, 0xb7, 0xff, 
0xc8, 0xbe, 0xb3, 0xff, 0xc6, 0xbd, 0xb1, 0xff, 0xc5, 0xbd, 0xb1, 0xff, 0xc5, 0xbe, 0xb1, 0xff, 
0xc5, 0xbe, 0xb1, 0xff, 0xc8, 0xc0, 0xb3, 0xff, 0xc9, 0xc0, 0xb4, 0xff, 0xc6, 0xbf, 0xb2, 0xff, 
0xc6, 0xbf, 0xb1, 0xff, 0xc7, 0xbf, 0xb2, 0xff, 0xc6, 0xbe, 0xb2, 0xff, 0xc6, 0xbd, 0xb1, 0xff, 
0xc5, 0xbd, 0xb0, 0xff, 0xc5, 0xbc, 0xb0, 0xff, 0xc5, 0xbc, 0xb0, 0xff, 0xc5, 0xbd, 0xb0, 0xff, 
0xc6, 0xbe, 0xb2, 0xff, 0xc5, 0xbc, 0xb0, 0xff, 0xc5, 0xbc, 0xb0, 0xff, 0xc5, 0xbb, 0xaf, 0xff, 
0xc4, 0xbb, 0xaf, 0xff, 0xc4, 0xbb, 0xaf, 0xff, 0xc4, 0xbb, 0xaf, 0xff, 0xc6, 0xbd, 0xb1, 0xff, 
0xc7, 0xbe, 0xb2, 0xff, 0xc4, 0xbb, 0xaf, 0xff, 0xc4, 0xbb, 0xae, 0xff, 0xc4, 0xbb, 0xaf, 0xff, 
0xc4, 0xbc, 0xaf, 0xff, 0xc6, 0xbd, 0xb1, 0xff, 0xc4, 0xbc, 0xaf, 0xff, 0xc4, 0xbb, 0xae, 0xff, 
0xc4, 0xbb, 0xae, 0xff, 0xc4, 0xbb, 0xae, 0xff, 0xc4, 0xbc, 0xaf, 0xff, 0xc5, 0xbd, 0xb0, 0xff, 
0xc5, 0xbd, 0xb0, 0xff, 0xc5, 0xbc, 0xb0, 0xff, 0xc4, 0xbb, 0xae, 0xff, 0xc4, 0xbb, 0xae, 0xff, 
0xc5, 0xbc, 0xb0, 0xff, 0xc6, 0xbe, 0xb1, 0xff, 0xc5, 0xbc, 0xaf, 0xff, 0xc4, 0xbb, 0xaf, 0xff, 
0xc5, 0xbc, 0xb0, 0xff, 0xc5, 0xbe, 0xb1, 0xff, 0xc6, 0xbd, 0xb1, 0xff, 0xc6, 0xbd, 0xb0, 0xff, 
0xc6, 0xbd, 0xb1, 0xff, 0xc5, 0xbd, 0xb0, 0xff, 0xc4, 0xbb, 0xaf, 0xff, 0xc5, 0xbc, 0xb1, 0xff, 
0xc5, 0xbc, 0xb0, 0xff, 0xc4, 0xbb, 0xaf, 0xff, 0xc4, 0xbb, 0xaf, 0xff, 0xc5, 0xbd, 0xb1, 0xff, 
0xc6, 0xbc, 0xb0, 0xff, 0xc4, 0xbb, 0xaf, 0xff, 0xc4, 0xbb, 0xaf, 0xff, 0xc4, 0xbb, 0xaf, 0xff, 
0xc3, 0xbb, 0xae, 0xff, 0xc4, 0xbc, 0xaf, 0xff, 0xc5, 0xbd, 0xb0, 0xff, 0xc5, 0xbd, 0xb0, 0xff, 
0xc5, 0xbc, 0xb0, 0xff, 0xc4, 0xbb, 0xaf, 0xff, 0xc4, 0xbc, 0xaf, 0xff, 0xc4, 0xbc, 0xaf, 0xff, 
0xc5, 0xbd, 0xb0, 0xff, 0xc7, 0xc0, 0xb3, 0xff, 0xc7, 0xbf, 0xb3, 0xff, 0xc5, 0xbe, 0xb1, 0xff, 
0xc5, 0xbd, 0xb0, 0xff, 0xc5, 0xbd, 0xb0, 0xff, 0xc5, 0xbd, 0xb1, 0xff, 0xc7, 0xc0, 0xb3, 0xff, 
0xc7, 0xbf, 0xb2, 0xff, 0xc5, 0xbe, 0xb1, 0xff, 0xc7, 0xbf, 0xb2, 0xff, 0xc7, 0xc0, 0xb2, 0xff, 
0xc8, 0xc0, 0xb4, 0xff, 0xc7, 0xc0, 0xb3, 0xff, 0xc7, 0xc0, 0xb3, 0xff, 0xc6, 0xbf, 0xb2, 0xff, 
0xc7, 0xbf, 0xb3, 0xff, 0xc7, 0xbf, 0xb3, 0xff, 0xc7, 0xbf, 0xb3, 0xff, 0xc8, 0xc0, 0xb3, 0xff, 
0xc8, 0xc1, 0xb4, 0xff, 0xca, 0xc1, 0xb5, 0xff, 0xca, 0xc1, 0xb5, 0xff, 0xc7, 0xc0, 0xb3, 0xff, 
0xc7, 0xbf, 0xb2, 0xff, 0xc7, 0xbf, 0xb3, 0xff, 0xc8, 0xc0, 0xb3, 0xff, 0xc9, 0xc1, 0xb4, 0xff, 
0xc9, 0xc1, 0xb4, 0xff, 0xc9, 0xc0, 0xb4, 0xff, 0xc7, 0xc0, 0xb3, 0xff, 0xc7, 0xbf, 0xb2, 0xff, 
0xc8, 0xc0, 0xb3, 0xff, 0xc8, 0xc0, 0xb3, 0xff, 0xc7, 0xbf, 0xb3, 0xff, 0xc7, 0xbf, 0xb2, 0xff, 
0xc8, 0xc0, 0xb3, 0xff, 0xc7, 0xbf, 0xb3, 0xff, 0xc7, 0xbf, 0xb2, 0xff, 0xc7, 0xbf, 0xb2, 0xff, 
0xc7, 0xbf, 0xb3, 0xff, 0xc8, 0xc0, 0xb3, 0xff, 0xc7, 0xbf, 0xb3, 0xff, 0xc7, 0xbf, 0xb2, 0xff, 
0xc7, 0xbf, 0xb2, 0xff, 0xc6, 0xbe, 0xb1, 0xff, 0xc6, 0xbe, 0xb1, 0xff, 0xc6, 0xbe, 0xb2, 0xff, 
0xc5, 0xbd, 0xb0, 0xff, 0xc4, 0xbd, 0xb0, 0xff, 0xc5, 0xbd, 0xb1, 0xff, 0xc7, 0xbf, 0xb2, 0xff, 
0xc6, 0xbd, 0xb1, 0xff, 0xc5, 0xbd, 0xb0, 0xff, 0xc5, 0xbd, 0xb1, 0xff, 0xc5, 0xbd, 0xb0, 0xff, 
0xc5, 0xbd, 0xb1, 0xff, 0xc6, 0xbe, 0xb2, 0xff, 0xc6, 0xbf, 0xb2, 0xff, 0xc7, 0xbf, 0xb3, 0xff, 
0xc6, 0xbe, 0xb2, 0xff, 0xc6, 0xbd, 0xb1, 0xff, 0xc6, 0xbe, 0xb2, 0xff, 0xc6, 0xbf, 0xb2, 0xff, 
0xc9, 0xc1, 0xb4, 0xff, 0xc9, 0xc1, 0xb6, 0xff, 0xc8, 0xc0, 0xb4, 0xff, 0xc7, 0xc0, 0xb2, 0xff, 
0xc7, 0xc0, 0xb2, 0xff, 0xc7, 0xbf, 0xb3, 0xff, 0xc8, 0xc0, 0xb4, 0xff, 0xc9, 0xc1, 0xb4, 0xff, 
0xc7, 0xc0, 0xb3, 0xff, 0xc7, 0xbf, 0xb2, 0xff, 0xc7, 0xc0, 0xb3, 0xff, 0xc8, 0xc1, 0xb3, 0xff, 
0xc7, 0xc0, 0xb3, 0xff, 0xc8, 0xc1, 0xb4, 0xff, 0xc7, 0xc0, 0xb3, 0xff, 0xc8, 0xc1, 0xb3, 0xff, 
0xc8, 0xc0, 0xb3, 0xff, 0xc7, 0xbf, 0xb2, 0xff, 0xc8, 0xc0, 0xb3, 0xff, 0xc8, 0xc0, 0xb3, 0xff, 
0xc7, 0xc0, 0xb3, 0xff, 0xc7, 0xc0, 0xb2, 0xff, 0xc8, 0xc1, 0xb4, 0xff, 0xc9, 0xc2, 0xb5, 0xff, 
0xc8, 0xc0, 0xb4, 0xff, 0xc6, 0xbf, 0xb2, 0xff, 0xc7, 0xbf, 0xb3, 0xff, 0xc7, 0xc0, 0xb3, 0xff, 
0xc8, 0xc0, 0xb3, 0xff, 0xc9, 0xc0, 0xb4, 0xff, 0xc8, 0xc1, 0xb3, 0xff, 0xc8, 0xc1, 0xb4, 0xff, 
0xc7, 0xc0, 0xb3, 0xff, 0xc8, 0xc0, 0xb3, 0xff, 0xc8, 0xc0, 0xb3, 0xff, 0xc9, 0xc1, 0xb4, 0xff, 
0xca, 0xc3, 0xb5, 0xff, 0xc8, 0xc1, 0xb4, 0xff, 0xc8, 0xc1, 0xb3, 0xff, 0xc9, 0xc1, 0xb5, 0xff, 
0xca, 0xc3, 0xb5, 0xff, 0xca, 0xc3, 0xb6, 0xff, 0xca, 0xc2, 0xb5, 0xff, 0xca, 0xc3, 0xb5, 0xff, 
0xca, 0xc3, 0xb5, 0xff, 0xc9, 0xc1, 0xb4, 0xff, 0xca, 0xc2, 0xb5, 0xff, 0xca, 0xc2, 0xb5, 0xff, 
0xc9, 0xc1, 0xb4, 0xff, 0xc9, 0xc1, 0xb5, 0xff, 0xca, 0xc2, 0xb5, 0xff, 0xca, 0xc2, 0xb5, 0xff, 
0xc8, 0xc1, 0xb4, 0xff, 0xc8, 0xc0, 0xb3, 0xff, 0xc9, 0xc1, 0xb4, 0xff, 0xc8, 0xc0, 0xb3, 0xff, 
0xc8, 0xbf, 0xb3, 0xff, 0xc8, 0xc0, 0xb4, 0xff, 0xc7, 0xbf, 0xb2, 0xff, 0xc7, 0xbf, 0xb2, 0xff, 
0xc7, 0xbf, 0xb3, 0xff, 0xc9, 0xc1, 0xb4, 0xff, 0xc8, 0xbf, 0xb3, 0xff, 0xc7, 0xbe, 0xb2, 0xff, 
0xc7, 0xbf, 0xb3, 0xff, 0xc7, 0xbf, 0xb2, 0xff, 0xc7, 0xbf, 0xb2, 0xff, 0xc8, 0xc1, 0xb4, 0xff, 
0xc9, 0xc0, 0xb3, 0xff, 0xc9, 0xc0, 0xb4, 0xff, 0xc8, 0xbf, 0xb3, 0xff, 0xc6, 0xbe, 0xb2, 0xff, 
0xc8, 0xc0, 0xb3, 0xff, 0xc7, 0xbf, 0xb2, 0xff, 0xc7, 0xc0, 0xb2, 0xff, 0xc8, 0xc0, 0xb3, 0xff, 
0xc7, 0xbf, 0xb2, 0xff, 0xc7, 0xc0, 0xb2, 0xff, 0xc7, 0xc1, 0xb2, 0xff, 0xc7, 0xc0, 0xb2, 0xff, 
0xc8, 0xc1, 0xb2, 0xff, 0xc8, 0xc0, 0xb4, 0xff, 0xc7, 0xbf, 0xb3, 0xff, 0xc6, 0xbf, 0xb0, 0xff, 
0xc8, 0xc0, 0xb3, 0xff, 0xc7, 0xc1, 0xb2, 0xff, 0xc6, 0xc0, 0xb1, 0xff, 0xc6, 0xbf, 0xb1, 0xff, 
0xc8, 0xc0, 0xb3, 0xff, 0xc9, 0xc1, 0xb5, 0xff, 0xc7, 0xc0, 0xb1, 0xff, 0xc6, 0xbf, 0xb0, 0xff, 
0xc6, 0xbe, 0xb1, 0xff, 0xc6, 0xbe, 0xb0, 0xff, 0xc7, 0xbf, 0xb1, 0xff, 0xc6, 0xbf, 0xb2, 0xff, 
0xc7, 0xbf, 0xb1, 0xff, 0xc6, 0xc0, 0xb1, 0xff, 0xc6, 0xbf, 0xb1, 0xff, 0xc5, 0xbe, 0xb0, 0xff, 
0xc5, 0xbe, 0xb1, 0xff, 0xc8, 0xc1, 0xb3, 0xff, 0xc7, 0xc0, 0xb2, 0xff, 0xc5, 0xbe, 0xb0, 0xff, 
0xc6, 0xbe, 0xb1, 0xff, 0xc7, 0xbf, 0xb2, 0xff, 0xc8, 0xc0, 0xb3, 0xff, 0xc6, 0xbf, 0xb3, 0xff, 
0xc6, 0xbf, 0xb1, 0xff, 0xc7, 0xc0, 0xb2, 0xff, 0xc5, 0xbe, 0xb0, 0xff, 0xc5, 0xbd, 0xb0, 0xff, 
0xc5, 0xbd, 0xb0, 0xff, 0xc4, 0xbd, 0xb0, 0xff, 0xc4, 0xbd, 0xb0, 0xff, 0xc5, 0xbd, 0xb1, 0xff, 
0xc6, 0xbe, 0xb1, 0xff, 0xc5, 0xbd, 0xb0, 0xff, 0xc4, 0xbd, 0xb0, 0xff, 0xc5, 0xbc, 0xb0, 0xff, 
0xc5, 0xbc, 0xb0, 0xff, 0xc5, 0xbd, 0xb0, 0xff, 0xc6, 0xbe, 0xb1, 0xff, 0xc6, 0xbe, 0xb2, 0xff, 
0xc4, 0xbe, 0xb2, 0xff, 0xc4, 0xbe, 0xb1, 0xff, 0xc6, 0xbf, 0xb2, 0xff, 0xc7, 0xbf, 0xb3, 0xff, 
0xc6, 0xbe, 0xb2, 0xff, 0xc4, 0xbc, 0xb1, 0xff, 0xc4, 0xbe, 0xb2, 0xff, 0xc6, 0xbf, 0xb3, 0xff, 
0xc7, 0xc0, 0xb3, 0xff, 0xc5, 0xbf, 0xb2, 0xff, 0xc6, 0xbf, 0xb2, 0xff, 0xc5, 0xbf, 0xb2, 0xff, 
0xc5, 0xbe, 0xb1, 0xff, 0xc5, 0xbf, 0xb2, 0xff, 0xc5, 0xbe, 0xb2, 0xff, 0xc4, 0xbc, 0xb1, 0xff, 
0xc4, 0xbc, 0xb0, 0xff, 0xc3, 0xbc, 0xb0, 0xff, 0xc3, 0xbd, 0xb1, 0xff, 0xc5, 0xbe, 0xb1, 0xff, 
0xc4, 0xbd, 0xb1, 0xff, 0xc4, 0xbd, 0xb2, 0xff, 0xc4, 0xbc, 0xb2, 0xff, 0xc3, 0xbc, 0xb0, 0xff, 
0xc2, 0xbb, 0xaf, 0xff, 0xc3, 0xbb, 0xaf, 0xff, 0xc3, 0xbc, 0xb0, 0xff, 0xc3, 0xbc, 0xb1, 0xff, 
0xc2, 0xba, 0xaf, 0xff, 0xc2, 0xba, 0xaf, 0xff, 0xc3, 0xbb, 0xb0, 0xff, 0xc4, 0xbc, 0xb0, 0xff, 
0xc3, 0xbc, 0xb0, 0xff, 0xc3, 0xbc, 0xb0, 0xff, 0xc3, 0xbc, 0xaf, 0xff, 0xc3, 0xbb, 0xaf, 0xff, 
0xc4, 0xbc, 0xb0, 0xff, 0xc4, 0xbd, 0xb1, 0xff, 0xc4, 0xbd, 0xb1, 0xff, 0xc3, 0xbc, 0xb1, 0xff, 
0xc4, 0xbc, 0xb1, 0xff, 0xc5, 0xbe, 0xb2, 0xff, 0xc4, 0xbe, 0xb2, 0xff, 0xc5, 0xbe, 0xb2, 0xff, 
0xc4, 0xbc, 0xb1, 0xff, 0xc3, 0xbc, 0xb0, 0xff, 0xc4, 0xbe, 0xb1, 0xff, 0xc5, 0xbf, 0xb2, 0xff, 
0xc4, 0xbf, 0xb1, 0xff, 0xc4, 0xbe, 0xb1, 0xff, 0xc3, 0xbe, 0xb1, 0xff, 0xc3, 0xbd, 0xb1, 0xff, 
0xc3, 0xbd, 0xb1, 0xff, 0xc4, 0xbe, 0xb2, 0xff, 0xc4, 0xbc, 0xb0, 0xff, 0xc3, 0xbb, 0xaf, 0xff, 
0xc3, 0xbb, 0xaf, 0xff, 0xc3, 0xbc, 0xaf, 0xff, 0xc3, 0xbc, 0xaf, 0xff, 0xc3, 0xbb, 0xaf, 0xff, 
0xc3, 0xbb, 0xb0, 0xff, 0xc3, 0xbb, 0xaf, 0xff, 0xc2, 0xbb, 0xaf, 0xff, 0xc3, 0xbb, 0xb0, 0xff, 
0xc2, 0xbc, 0xaf, 0xff, 0xc3, 0xbd, 0xaf, 0xff, 0xc4, 0xbd, 0xb0, 0xff, 0xc4, 0xbc, 0xb0, 0xff, 
0xc3, 0xbc, 0xb0, 0xff, 0xc3, 0xbc, 0xaf, 0xff, 0xc4, 0xbc, 0xaf, 0xff, 0xc4, 0xbc, 0xb0, 0xff, 
0xc6, 0xbe, 0xb2, 0xff, 0xc6, 0xbe, 0xb2, 0xff, 0xc6, 0xbe, 0xb2, 0xff, 0xc6, 0xbe, 0xb2, 0xff, 
0xc6, 0xbe, 0xb3, 0xff, 0xc7, 0xbf, 0xb3, 0xff, 0xc8, 0xc0, 0xb4, 0xff, 0xc8, 0xc0, 0xb4, 0xff, 
0xc8, 0xc0, 0xb4, 0xff, 0xc8, 0xc0, 0xb4, 0xff, 0xc8, 0xc0, 0xb4, 0xff, 0xc8, 0xc0, 0xb4, 0xff, 
0xc8, 0xc0, 0xb5, 0xff, 0xc8, 0xc1, 0xb5, 0xff, 0xc8, 0xc1, 0xb5, 0xff, 0xc8, 0xc0, 0xb5, 0xff, 
0xc7, 0xbf, 0xb4, 0xff, 0xc7, 0xbf, 0xb4, 0xff, 0xc7, 0xc0, 0xb4, 0xff, 0xc8, 0xc0, 0xb4, 0xff, 
0xc8, 0xc0, 0xb5, 0xff, 0xc8, 0xc1, 0xb5, 0xff, 0xc8, 0xc0, 0xb5, 0xff, 0xc8, 0xc0, 0xb5, 0xff, 
0xc8, 0xc1, 0xb5, 0xff, 0xc8, 0xc1, 0xb5, 0xff, 0xc7, 0xc0, 0xb5, 0xff, 0xc8, 0xc0, 0xb5, 0xff, 
0xc8, 0xc0, 0xb5, 0xff, 0xc9, 0xc2, 0xb6, 0xff, 0xc8, 0xc1, 0xb5, 0xff, 0xc7, 0xc0, 0xb4, 0xff, 
0xc8, 0xc0, 0xb5, 0xff, 0xc8, 0xc0, 0xb5, 0xff, 0xc8, 0xc0, 0xb4, 0xff, 0xc7, 0xc0, 0xb4, 0xff, 
0xc7, 0xbf, 0xb4, 0xff, 0xc6, 0xbf, 0xb3, 0xff, 0xc8, 0xc1, 0xb5, 0xff, 0xc7, 0xc0, 0xb4, 0xff, 
0xc6, 0xbe, 0xb3, 0xff, 0xc5, 0xbf, 0xb3, 0xff, 0xc5, 0xbf, 0xb2, 0xff, 0xc5, 0xbe, 0xb2, 0xff, 
0xc5, 0xbe, 0xb3, 0xff, 0xc5, 0xbd, 0xb2, 0xff, 0xc4, 0xbd, 0xb1, 0xff, 0xc4, 0xbd, 0xb1, 0xff, 
0xc4, 0xbd, 0xb2, 0xff, 0xc5, 0xbe, 0xb1, 0xff, 0xc5, 0xbe, 0xb1, 0xff, 0xc5, 0xbe, 0xb2, 0xff, 
0xc5, 0xbe, 0xb2, 0xff, 0xc5, 0xbd, 0xb2, 0xff, 0xc4, 0xbc, 0xb1, 0xff, 0xc4, 0xbe, 0xb2, 0xff, 
0xc6, 0xbf, 0xb3, 0xff, 0xc7, 0xbf, 0xb4, 0xff, 0xc7, 0xbf, 0xb3, 0xff, 0xc7, 0xbf, 0xb3, 0xff, 
0xc5, 0xbd, 0xb2, 0xff, 0xc6, 0xbe, 0xb2, 0xff, 0xc6, 0xbf, 0xb3, 0xff, 0xc8, 0xc0, 0xb4, 0xff, 
0xc8, 0xc0, 0xb5, 0xff, 0xc8, 0xc0, 0xb4, 0xff, 0xc8, 0xc0, 0xb4, 0xff, 0xc8, 0xc0, 0xb4, 0xff, 
0xc8, 0xc0, 0xb4, 0xff, 0xc9, 0xc1, 0xb5, 0xff, 0xc8, 0xc0, 0xb5, 0xff, 0xc9, 0xc0, 0xb5, 0xff, 
0xc8, 0xc1, 0xb5, 0xff, 0xc9, 0xc1, 0xb6, 0xff, 0xc9, 0xc1, 0xb5, 0xff, 0xc8, 0xc1, 0xb5, 0xff, 
0xc8, 0xc2, 0xb5, 0xff, 0xc8, 0xc1, 0xb5, 0xff, 0xc8, 0xc0, 0xb5, 0xff, 0xc8, 0xc0, 0xb5, 0xff, 
0xc8, 0xc0, 0xb5, 0xff, 0xc7, 0xc0, 0xb4, 0xff, 0xc7, 0xbf, 0xb3, 0xff, 0xc7, 0xbf, 0xb2, 0xff, 
0xc8, 0xc0, 0xb3, 0xff, 0xc8, 0xc0, 0xb3, 0xff, 0xc8, 0xc0, 0xb3, 0xff, 0xc8, 0xc0, 0xb3, 0xff, 
0xc7, 0xbf, 0xb4, 0xff, 0xc7, 0xbf, 0xb3, 0xff, 0xc7, 0xbf, 0xb4, 0xff, 0xc7, 0xbf, 0xb4, 0xff, 
0xc8, 0xc0, 0xb4, 0xff, 0xc7, 0xc0, 0xb5, 0xff, 0xc7, 0xc0, 0xb4, 0xff, 0xc9, 0xc1, 0xb5, 0xff, 
0xc9, 0xc1, 0xb6, 0xff, 0xc9, 0xc1, 0xb5, 0xff, 0xc9, 0xc1, 0xb6, 0xff, 0xc9, 0xc1, 0xb6, 0xff, 
0xc9, 0xc1, 0xb5, 0xff, 0xca, 0xc2, 0xb6, 0xff, 0xca, 0xc4, 0xb7, 0xff, 0xca, 0xc4, 0xb7, 0xff, 
0xca, 0xc3, 0xb7, 0xff, 0xcb, 0xc4, 0xb8, 0xff, 0xc9, 0xc3, 0xb7, 0xff, 0xca, 0xc3, 0xb8, 0xff, 
0xca, 0xc3, 0xb7, 0xff, 0xca, 0xc2, 0xb6, 0xff, 0xc8, 0xc0, 0xb4, 0xff, 0xc8, 0xc1, 0xb5, 0xff, 
0xc9, 0xc1, 0xb6, 0xff, 0xc9, 0xc2, 0xb5, 0xff, 0xc8, 0xc2, 0xb6, 0xff, 0xc7, 0xc2, 0xb5, 0xff, 
0xc8, 0xc1, 0xb4, 0xff, 0xc7, 0xc0, 0xb3, 0xff, 0xc7, 0xc1, 0xb5, 0xff, 0xc7, 0xc0, 0xb5, 0xff, 
0xc7, 0xbf, 0xb3, 0xff, 0xc5, 0xbf, 0xb3, 0xff, 0xc6, 0xbf, 0xb4, 0xff, 0xc7, 0xc0, 0xb3, 0xff, 
0xc7, 0xc0, 0xb4, 0xff, 0xc7, 0xbf, 0xb4, 0xff, 0xc6, 0xbf, 0xb2, 0xff, 0xc6, 0xbe, 0xb1, 0xff, 
0xc6, 0xbe, 0xb2, 0xff, 0xc6, 0xbf, 0xb3, 0xff, 0xc7, 0xc0, 0xb4, 0xff, 0xc7, 0xc0, 0xb3, 0xff, 
0xc7, 0xbf, 0xb3, 0xff, 0xc7, 0xbf, 0xb3, 0xff, 0xc6, 0xbe, 0xb3, 0xff, 0xc7, 0xbf, 0xb3, 0xff, 
0xc7, 0xbf, 0xb3, 0xff, 0xc6, 0xbf, 0xb2, 0xff, 0xc8, 0xc0, 0xb4, 0xff, 0xc9, 0xc0, 0xb5, 0xff, 
0xc8, 0xc0, 0xb5, 0xff, 0xc9, 0xc2, 0xb5, 0xff, 0xc8, 0xc2, 0xb4, 0xff, 0xc8, 0xc0, 0xb4, 0xff, 
0xc7, 0xc0, 0xb3, 0xff, 0xc8, 0xc0, 0xb4, 0xff, 0xc8, 0xc0, 0xb5, 0xff, 0xc6, 0xbe, 0xb3, 0xff, 
0xc6, 0xbe, 0xb1, 0xff, 0xc6, 0xbe, 0xb1, 0xff, 0xc6, 0xbf, 0xb3, 0xff, 0xc6, 0xbf, 0xb3, 0xff, 
0xc7, 0xbf, 0xb3, 0xff, 0xc6, 0xbf, 0xb3, 0xff, 0xc6, 0xbe, 0xb2, 0xff, 0xc5, 0xbe, 0xb1, 0xff, 
0xc6, 0xbe, 0xb1, 0xff, 0xc6, 0xbe, 0xb3, 0xff, 0xc6, 0xbe, 0xb3, 0xff, 0xc6, 0xbe, 0xb4, 0xff, 
0xc5, 0xbe, 0xb2, 0xff, 0xc7, 0xc0, 0xb4, 0xff, 0xc8, 0xc0, 0xb5, 0xff, 0xc6, 0xbe, 0xb3, 0xff, 
0xc6, 0xbf, 0xb3, 0xff, 0xc6, 0xbe, 0xb3, 0xff, 0xc5, 0xbf, 0xb2, 0xff, 0xc7, 0xc0, 0xb4, 0xff, 
0xc7, 0xc1, 0xb4, 0xff, 0xc6, 0xbf, 0xb3, 0xff, 0xc6, 0xbf, 0xb3, 0xff, 0xc5, 0xbf, 0xb2, 0xff, 
0xc4, 0xbe, 0xb2, 0xff, 0xc5, 0xbf, 0xb3, 0xff, 0xc5, 0xbd, 0xb2, 0xff, 0xc4, 0xbd, 0xb1, 0xff, 
0xc4, 0xbd, 0xb0, 0xff, 0xc5, 0xbd, 0xb2, 0xff, 0xc4, 0xbe, 0xb1, 0xff, 0xc4, 0xbe, 0xb1, 0xff, 
0xc4, 0xbd, 0xb1, 0xff, 0xc4, 0xbd, 0xb1, 0xff, 0xc4, 0xbd, 0xb1, 0xff, 0xc4, 0xbd, 0xb1, 0xff, 
0xc5, 0xbe, 0xb3, 0xff, 0xc4, 0xbe, 0xb2, 0xff, 0xc4, 0xbe, 0xb2, 0xff, 0xc5, 0xbd, 0xb3, 0xff, 
0xc6, 0xbe, 0xb3, 0xff, 0xc5, 0xbd, 0xb3, 0xff, 0xc5, 0xbe, 0xb3, 0xff, 0xc6, 0xbe, 0xb3, 0xff, 
0xc4, 0xbd, 0xb2, 0xff, 0xc4, 0xbd, 0xb2, 0xff, 0xc4, 0xbe, 0xb2, 0xff, 0xc4, 0xbe, 0xb2, 0xff, 
0xc5, 0xbf, 0xb3, 0xff, 0xc4, 0xbf, 0xb2, 0xff, 0xc4, 0xbe, 0xb2, 0xff, 0xc5, 0xbe, 0xb3, 0xff, 
0xc5, 0xbd, 0xb2, 0xff, 0xc4, 0xbd, 0xb1, 0xff, 0xc4, 0xbe, 0xb2, 0xff, 0xc4, 0xbf, 0xb3, 0xff, 
0xc4, 0xbe, 0xb2, 0xff, 0xc4, 0xbd, 0xb1, 0xff, 0xc5, 0xbc, 0xb2, 0xff, 0xc6, 0xbe, 0xb3, 0xff, 
0xc5, 0xbd, 0xb2, 0xff, 0xc4, 0xbc, 0xb2, 0xff, 0xc3, 0xbd, 0xb1, 0xff, 0xc4, 0xbd, 0xb2, 0xff, 
0xc5, 0xbd, 0xb2, 0xff, 0xc4, 0xbd, 0xb1, 0xff, 0xc4, 0xbd, 0xb2, 0xff, 0xc4, 0xbd, 0xb2, 0xff, 
0xc4, 0xbc, 0xb2, 0xff, 0xc3, 0xbd, 0xb1, 0xff, 0xc4, 0xbd, 0xb2, 0xff, 0xc5, 0xbd, 0xb2, 0xff, 
0xc4, 0xbd, 0xb2, 0xff, 0xc4, 0xbd, 0xb2, 0xff, 0xc3, 0xbd, 0xb1, 0xff, 0xc3, 0xbd, 0xb1, 0xff, 
0xc3, 0xbc, 0xb1, 0xff, 0xc5, 0xbe, 0xb3, 0xff, 0xc5, 0xbe, 0xb2, 0xff, 0xc4, 0xbd, 0xb2, 0xff, 
0xc5, 0xbd, 0xb2, 0xff, 0xc5, 0xbd, 0xb2, 0xff, 0xc3, 0xbd, 0xb1, 0xff, 0xc3, 0xbd, 0xb1, 0xff, 
0xc3, 0xbc, 0xb1, 0xff, 0xc3, 0xbc, 0xb0, 0xff, 0xc2, 0xbd, 0xb1, 0xff, 0xc3, 0xbe, 0xb2, 0xff, 
0xc3, 0xbd, 0xb1, 0xff, 0xc3, 0xbd, 0xb1, 0xff, 0xc3, 0xbd, 0xb2, 0xff, 0xc4, 0xbd, 0xb2, 0xff, 
0xc3, 0xbc, 0xb1, 0xff, 0xc4, 0xbc, 0xb1, 0xff, 0xc4, 0xbc, 0xb2, 0xff, 0xc4, 0xbc, 0xb1, 0xff, 
0xc3, 0xbd, 0xb1, 0xff, 0xc4, 0xbd, 0xb1, 0xff, 0xc5, 0xbd, 0xb2, 0xff, 0xc4, 0xbd, 0xb2, 0xff, 
0xc3, 0xbd, 0xb1, 0xff, 0xc3, 0xbd, 0xb1, 0xff, 0xc4, 0xbd, 0xb2, 0xff, 0xc4, 0xbc, 0xb2, 0xff, 
0xc4, 0xbd, 0xb2, 0xff, 0xc5, 0xbd, 0xb2, 0xff, 0xc4, 0xbc, 0xb1, 0xff, 0xc5, 0xbd, 0xb3, 0xff, 
0xc6, 0xbe, 0xb4, 0xff, 0xc6, 0xbe, 0xb4, 0xff, 0xc6, 0xbe, 0xb4, 0xff, 0xc6, 0xbe, 0xb4, 0xff, 
0xc6, 0xbe, 0xb3, 0xff, 0xc6, 0xbe, 0xb4, 0xff, 0xc7, 0xbf, 0xb5, 0xff, 0xc8, 0xc0, 0xb5, 0xff, 
0xc8, 0xc0, 0xb6, 0xff, 0xc8, 0xc0, 0xb5, 0xff, 0xc8, 0xc0, 0xb5, 0xff, 0xc9, 0xc0, 0xb6, 0xff, 
0xc8, 0xc1, 0xb6, 0xff, 0xc8, 0xc2, 0xb6, 0xff, 0xc9, 0xc2, 0xb6, 0xff, 0xc8, 0xc0, 0xb5, 0xff, 
0xc8, 0xc0, 0xb5, 0xff, 0xc8, 0xc1, 0xb6, 0xff, 0xc8, 0xc0, 0xb5, 0xff, 0xc8, 0xc1, 0xb5, 0xff, 
0xc7, 0xc2, 0xb6, 0xff, 0xc8, 0xc2, 0xb6, 0xff, 0xc9, 0xc1, 0xb6, 0xff, 0xc9, 0xc4, 0xb7, 0xff, 
0xc9, 0xc3, 0xb7, 0xff, 0xc8, 0xc1, 0xb6, 0xff, 0xc7, 0xc1, 0xb5, 0xff, 0xc7, 0xc1, 0xb5, 0xff, 
0xc8, 0xc0, 0xb5, 0xff, 0xc8, 0xc1, 0xb6, 0xff, 0xc7, 0xc1, 0xb5, 0xff, 0xc6, 0xc0, 0xb4, 0xff, 
0xc6, 0xc0, 0xb5, 0xff, 0xc8, 0xc1, 0xb6, 0xff, 0xc7, 0xc1, 0xb5, 0xff, 0xc6, 0xc0, 0xb5, 0xff, 
0xc6, 0xbf, 0xb4, 0xff, 0xc6, 0xbf, 0xb3, 0xff, 0xc6, 0xbe, 0xb3, 0xff, 0xc5, 0xbd, 0xb3, 0xff, 
0xc5, 0xbd, 0xb2, 0xff, 0xc5, 0xbe, 0xb3, 0xff, 0xc5, 0xbe, 0xb3, 0xff, 0xc5, 0xbf, 0xb3, 0xff, 
0xc5, 0xbf, 0xb3, 0xff, 0xc5, 0xbe, 0xb2, 0xff, 0xc5, 0xbd, 0xb2, 0xff, 0xc4, 0xbd, 0xb2, 0xff, 
0xc5, 0xbd, 0xb2, 0xff, 0xc5, 0xbd, 0xb2, 0xff, 0xc5, 0xbd, 0xb3, 0xff, 0xc5, 0xbe, 0xb3, 0xff, 
0xc6, 0xbe, 0xb3, 0xff, 0xc6, 0xbe, 0xb3, 0xff, 0xc6, 0xbe, 0xb3, 0xff, 0xc6, 0xbe, 0xb3, 0xff, 
0xc6, 0xbf, 0xb3, 0xff, 0xc6, 0xbf, 0xb4, 0xff, 0xc6, 0xbe, 0xb3, 0xff, 0xc7, 0xbf, 0xb4, 0xff, 
0xc6, 0xbe, 0xb4, 0xff, 0xc7, 0xbf, 0xb4, 0xff, 0xc7, 0xbf, 0xb4, 0xff, 0xc7, 0xbf, 0xb5, 0xff, 
0xc7, 0xbf, 0xb5, 0xff, 0xc8, 0xc0, 0xb5, 0xff, 0xc8, 0xc0, 0xb5, 0xff, 0xc8, 0xc0, 0xb5, 0xff, 
0xc7, 0xc0, 0xb5, 0xff, 0xc8, 0xc0, 0xb5, 0xff, 0xc8, 0xc0, 0xb5, 0xff, 0xc8, 0xc0, 0xb5, 0xff, 
0xc8, 0xc0, 0xb5, 0xff, 0xc8, 0xc0, 0xb5, 0xff, 0xc8, 0xc0, 0xb5, 0xff, 0xc8, 0xc0, 0xb6, 0xff, 
0xc8, 0xc1, 0xb6, 0xff, 0xc8, 0xc1, 0xb6, 0xff, 0xc9, 0xc1, 0xb6, 0xff, 0xc8, 0xc0, 0xb6, 0xff, 
0xc8, 0xc0, 0xb5, 0xff, 0xc8, 0xc0, 0xb5, 0xff, 0xc8, 0xc0, 0xb6, 0xff, 0xc8, 0xc0, 0xb4, 0xff, 
0xc8, 0xc0, 0xb5, 0xff, 0xc8, 0xc0, 0xb5, 0xff, 0xc8, 0xc0, 0xb5, 0xff, 0xc8, 0xc0, 0xb5, 0xff, 
0xc8, 0xc1, 0xb6, 0xff, 0xc8, 0xc0, 0xb5, 0xff, 0xc8, 0xc0, 0xb5, 0xff, 0xc8, 0xc0, 0xb5, 0xff, 
0xc8, 0xc0, 0xb6, 0xff, 0xc8, 0xc0, 0xb5, 0xff, 0xc8, 0xc0, 0xb6, 0xff, 0xc8, 0xc1, 0xb5, 0xff, 
0xc9, 0xc1, 0xb7, 0xff, 0xc9, 0xc1, 0xb6, 0xff, 0xc9, 0xc1, 0xb6, 0xff, 0xc8, 0xc0, 0xb6, 0xff, 
0xc9, 0xc2, 0xb7, 0xff, 0xc8, 0xc1, 0xb6, 0xff, 0xc9, 0xc2, 0xb7, 0xff, 0xc8, 0xc1, 0xb6, 0xff, 
0xc9, 0xc1, 0xb6, 0xff, 0xc8, 0xc2, 0xb6, 0xff, 0xc8, 0xc2, 0xb6, 0xff, 0xc9, 0xc3, 0xb7, 0xff, 
0xc9, 0xc2, 0xb6, 0xff, 0xc9, 0xc0, 0xb6, 0xff, 0xc9, 0xc1, 0xb6, 0xff, 0xc8, 0xc1, 0xb6, 0xff, 
0xc7, 0xc0, 0xb5, 0xff, 0xc7, 0xc0, 0xb5, 0xff, 0xc7, 0xc0, 0xb5, 0xff, 0xc7, 0xc0, 0xb5, 0xff, 
0xc7, 0xc0, 0xb5, 0xff, 0xc7, 0xc0, 0xb5, 0xff, 0xc7, 0xc0, 0xb5, 0xff, 0xc6, 0xc0, 0xb4, 0xff, 
0xc7, 0xc0, 0xb4, 0xff, 0xc7, 0xc0, 0xb5, 0xff, 0xc7, 0xbf, 0xb4, 0xff, 0xc7, 0xbf, 0xb4, 0xff, 
0xc7, 0xbf, 0xb4, 0xff, 0xc6, 0xbf, 0xb4, 0xff, 0xc6, 0xc0, 0xb4, 0xff, 0xc7, 0xbf, 0xb4, 0xff, 
0xc7, 0xbf, 0xb4, 0xff, 0xc7, 0xbf, 0xb4, 0xff, 0xc7, 0xbf, 0xb4, 0xff, 0xc7, 0xbf, 0xb4, 0xff, 
0xc8, 0xc0, 0xb5, 0xff, 0xc7, 0xc0, 0xb5, 0xff, 0xc7, 0xbf, 0xb4, 0xff, 0xc7, 0xbf, 0xb4, 0xff, 
0xc7, 0xbf, 0xb5, 0xff, 0xc7, 0xbf, 0xb4, 0xff, 0xc8, 0xc0, 0xb5, 0xff, 0xc8, 0xc0, 0xb6, 0xff, 
0xc7, 0xc0, 0xb5, 0xff, 0xc8, 0xc2, 0xb6, 0xff, 0xc8, 0xc1, 0xb6, 0xff, 0xc8, 0xc1, 0xb6, 0xff, 
0xc7, 0xc0, 0xb5, 0xff, 0xc7, 0xc0, 0xb5, 0xff, 0xc7, 0xbf, 0xb4, 0xff, 0xc7, 0xbf, 0xb4, 0xff, 
0xc8, 0xc0, 0xb4, 0xff, 0xc7, 0xbf, 0xb4, 0xff, 0xc7, 0xbf, 0xb4, 0xff, 0xc7, 0xbf, 0xb4, 0xff, 
0xc7, 0xbf, 0xb4, 0xff, 0xc7, 0xc0, 0xb5, 0xff, 0xc8, 0xc0, 0xb5, 0xff, 0xc7, 0xbf, 0xb4, 0xff, 
0xc6, 0xbe, 0xb3, 0xff, 0xc6, 0xbe, 0xb3, 0xff, 0xc6, 0xbe, 0xb3, 0xff, 0xc6, 0xbf, 0xb3, 0xff, 
0xc5, 0xbf, 0xb3, 0xff, 0xc6, 0xbf, 0xb3, 0xff, 0xc7, 0xbf, 0xb4, 0xff, 0xc6, 0xbe, 0xb3, 0xff, 
0xc6, 0xbe, 0xb3, 0xff, 0xc6, 0xbf, 0xb4, 0xff, 0xc5, 0xbf, 0xb3, 0xff, 0xc5, 0xbe, 0xb2, 0xff, 
0xc5, 0xbe, 0xb2, 0xff, 0xc4, 0xbd, 0xb2, 0xff, 0xc4, 0xbe, 0xb2, 0xff, 0xc4, 0xbe, 0xb2, 0xff, 
0xc5, 0xbf, 0xb3, 0xff, 0xc4, 0xbf, 0xb3, 0xff, 0xc4, 0xbe, 0xb2, 0xff, 0xc5, 0xbe, 0xb3, 0xff, 
0xc5, 0xbe, 0xb3, 0xff, 0xc4, 0xbd, 0xb2, 0xff, 0xc4, 0xbd, 0xb2, 0xff, 0xc5, 0xbe, 0xb2, 0xff, 
0xc4, 0xbd, 0xb2, 0xff, 0xc4, 0xbd, 0xb2, 0xff, 0xc5, 0xbe, 0xb3, 0xff, 0xc5, 0xbe, 0xb2, 0xff, 
0xc6, 0xbe, 0xb3, 0xff, 0xc7, 0xbe, 0xb3, 0xff, 0xc8, 0xc0, 0xb5, 0xff, 0xc8, 0xc0, 0xb5, 0xff, 
0xc7, 0xbf, 0xb3, 0xff, 0xc7, 0xbf, 0xb4, 0xff, 0xc7, 0xbf, 0xb4, 0xff, 0xc7, 0xbf, 0xb4, 0xff, 
0xc7, 0xbf, 0xb4, 0xff, 0xc7, 0xbf, 0xb4, 0xff, 0xc7, 0xbf, 0xb4, 0xff, 0xc6, 0xbe, 0xb3, 0xff, 
0xc6, 0xbe, 0xb3, 0xff, 0xc6, 0xbf, 0xb4, 0xff, 0xc6, 0xbe, 0xb3, 0xff, 0xc7, 0xbf, 0xb3, 0xff, 
0xc7, 0xc0, 0xb4, 0xff, 0xc6, 0xbe, 0xb3, 0xff, 0xc6, 0xbe, 0xb3, 0xff, 0xc6, 0xbf, 0xb3, 0xff, 
0xc6, 0xbe, 0xb3, 0xff, 0xc6, 0xbe, 0xb3, 0xff, 0xc6, 0xbe, 0xb2, 0xff, 0xc8, 0xc0, 0xb5, 0xff, 
0xc7, 0xbf, 0xb4, 0xff, 0xc5, 0xbe, 0xb2, 0xff, 0xc6, 0xbe, 0xb3, 0xff, 0xc7, 0xbf, 0xb3, 0xff, 
0xc7, 0xbf, 0xb4, 0xff, 0xc7, 0xbf, 0xb4, 0xff, 0xc6, 0xbf, 0xb3, 0xff, 0xc6, 0xbf, 0xb3, 0xff, 
0xc6, 0xbe, 0xb3, 0xff, 0xc6, 0xbf, 0xb3, 0xff, 0xc7, 0xbf, 0xb4, 0xff, 0xc7, 0xbe, 0xb4, 0xff, 
0xc6, 0xbf, 0xb3, 0xff, 0xc7, 0xbf, 0xb4, 0xff, 0xc6, 0xbf, 0xb4, 0xff, 0xc7, 0xbf, 0xb4, 0xff, 
0xc7, 0xbe, 0xb4, 0xff, 0xc7, 0xbe, 0xb4, 0xff, 0xc7, 0xbf, 0xb4, 0xff, 0xc7, 0xbf, 0xb4, 0xff, 
0xc7, 0xbf, 0xb4, 0xff, 0xc7, 0xbf, 0xb4, 0xff, 0xc6, 0xbe, 0xb3, 0xff, 0xc6, 0xbe, 0xb3, 0xff, 
0xc6, 0xbe, 0xb3, 0xff, 0xc6, 0xbe, 0xb3, 0xff, 0xc6, 0xbe, 0xb3, 0xff, 0xc6, 0xbe, 0xb3, 0xff, 
0xc6, 0xbe, 0xb3, 0xff, 0xc6, 0xbe, 0xb3, 0xff, 0xc6, 0xbe, 0xb3, 0xff, 0xc7, 0xbf, 0xb4, 0xff, 
0xc6, 0xbe, 0xb2, 0xff, 0xc5, 0xbe, 0xb2, 0xff, 0xc6, 0xbe, 0xb3, 0xff, 0xc6, 0xbe, 0xb3, 0xff, 
0xc5, 0xbe, 0xb2, 0xff, 0xc6, 0xbe, 0xb3, 0xff, 0xc6, 0xbe, 0xb3, 0xff, 0xc6, 0xbd, 0xb2, 0xff, 
0xc6, 0xbd, 0xb2, 0xff, 0xc6, 0xbd, 0xb2, 0xff, 0xc6, 0xbe, 0xb3, 0xff, 0xc6, 0xbe, 0xb3, 0xff, 
0xc6, 0xbe, 0xb3, 0xff, 0xc6, 0xbe, 0xb3, 0xff, 0xc6, 0xbf, 0xb4, 0xff, 0xc7, 0xbf, 0xb4, 0xff, 
0xc6, 0xbe, 0xb3, 0xff, 0xc7, 0xbf, 0xb4, 0xff, 0xc6, 0xbe, 0xb4, 0xff, 0xc7, 0xbf, 0xb4, 0xff, 
0xc7, 0xbf, 0xb4, 0xff, 0xc7, 0xbf, 0xb4, 0xff, 0xc8, 0xc0, 0xb5, 0xff, 0xc7, 0xc0, 0xb4, 0xff, 
0xc8, 0xc0, 0xb5, 0xff, 0xc8, 0xc0, 0xb5, 0xff, 0xc8, 0xc0, 0xb5, 0xff, 0xc8, 0xc0, 0xb5, 0xff, 
0xc8, 0xc0, 0xb5, 0xff, 0xc9, 0xc1, 0xb6, 0xff, 0xc9, 0xc1, 0xb6, 0xff, 0xc9, 0xc0, 0xb6, 0xff, 
0xc9, 0xc1, 0xb6, 0xff, 0xca, 0xc2, 0xb7, 0xff, 0xc9, 0xc1, 0xb6, 0xff, 0xc9, 0xc1, 0xb6, 0xff, 
0xc9, 0xc1, 0xb6, 0xff, 0xc9, 0xc1, 0xb6, 0xff, 0xc9, 0xc1, 0xb6, 0xff, 0xca, 0xc2, 0xb7, 0xff, 
0xc9, 0xc1, 0xb6, 0xff, 0xc8, 0xc1, 0xb5, 0xff, 0xc9, 0xc1, 0xb6, 0xff, 0xc8, 0xc1, 0xb6, 0xff, 
0xca, 0xc1, 0xb7, 0xff, 0xca, 0xc1, 0xb7, 0xff, 0xc9, 0xc0, 0xb6, 0xff, 0xc9, 0xc1, 0xb6, 0xff, 
0xc9, 0xc0, 0xb6, 0xff, 0xc9, 0xc1, 0xb6, 0xff, 0xc9, 0xc1, 0xb6, 0xff, 0xc8, 0xc1, 0xb6, 0xff, 
0xc8, 0xc0, 0xb5, 0xff, 0xc8, 0xc0, 0xb5, 0xff, 0xc8, 0xc0, 0xb5, 0xff, 0xc8, 0xc0, 0xb5, 0xff, 
0xc8, 0xbf, 0xb5, 0xff, 0xc8, 0xbf, 0xb5, 0xff, 0xc8, 0xbf, 0xb5, 0xff, 0xc7, 0xbf, 0xb4, 0xff, 
0xc7, 0xbf, 0xb4, 0xff, 0xc7, 0xbf, 0xb4, 0xff, 0xc7, 0xbf, 0xb4, 0xff, 0xc7, 0xbf, 0xb4, 0xff, 
0xc7, 0xbf, 0xb4, 0xff, 0xc7, 0xbf, 0xb4, 0xff, 0xc7, 0xbf, 0xb3, 0xff, 0xc7, 0xbf, 0xb4, 0xff, 
0xc7, 0xbf, 0xb4, 0xff, 0xc7, 0xbf, 0xb3, 0xff, 0xc7, 0xbf, 0xb3, 0xff, 0xc7, 0xbf, 0xb3, 0xff, 
0xc6, 0xbe, 0xb3, 0xff, 0xc7, 0xbf, 0xb4, 0xff, 0xc7, 0xbf, 0xb4, 0xff, 0xc7, 0xbf, 0xb4, 0xff, 
0xc7, 0xbf, 0xb4, 0xff, 0xc7, 0xbf, 0xb4, 0xff, 0xc7, 0xbf, 0xb4, 0xff, 0xc7, 0xbf, 0xb4, 0xff, 
0xc7, 0xbf, 0xb4, 0xff, 0xc7, 0xc0, 0xb4, 0xff, 0xc7, 0xbf, 0xb4, 0xff, 0xc8, 0xc0, 0xb5, 0xff, 
0xc8, 0xc0, 0xb5, 0xff, 0xc8, 0xc0, 0xb5, 0xff, 0xc8, 0xc0, 0xb5, 0xff, 0xc8, 0xc0, 0xb5, 0xff, 
0xc8, 0xc0, 0xb5, 0xff, 0xc8, 0xc0, 0xb5, 0xff, 0xc8, 0xc0, 0xb5, 0xff, 0xc8, 0xc0, 0xb5, 0xff, 
0xc8, 0xc0, 0xb5, 0xff, 0xc8, 0xc0, 0xb5, 0xff, 0xc8, 0xc1, 0xb5, 0xff, 0xc7, 0xc0, 0xb5, 0xff, 
0xc8, 0xc0, 0xb5, 0xff, 0xc8, 0xc0, 0xb5, 0xff, 0xc9, 0xc1, 0xb6, 0xff, 0xc8, 0xc1, 0xb6, 0xff, 
0xc9, 0xc1, 0xb6, 0xff, 0xc9, 0xc1, 0xb6, 0xff, 0xc9, 0xc1, 0xb6, 0xff, 0xc9, 0xc1, 0xb6, 0xff, 
0xc9, 0xc2, 0xb6, 0xff, 0xc9, 0xc1, 0xb6, 0xff, 0xc9, 0xc1, 0xb6, 0xff, 0xc9, 0xc1, 0xb6, 0xff, 
0xc9, 0xc2, 0xb6, 0xff, 0xca, 0xc1, 0xb6, 0xff, 0xca, 0xc2, 0xb7, 0xff, 0xca, 0xc2, 0xb7, 0xff, 
0xca, 0xc2, 0xb7, 0xff, 0xcb, 0xc3, 0xb8, 0xff, 0xcb, 0xc3, 0xb8, 0xff, 0xca, 0xc2, 0xb7, 0xff, 
0xc9, 0xc2, 0xb7, 0xff, 0xca, 0xc2, 0xb7, 0xff, 0xcb, 0xc2, 0xb8, 0xff, 0xcb, 0xc3, 0xb8, 0xff, 
0xca, 0xc3, 0xb7, 0xff, 0xca, 0xc2, 0xb7, 0xff, 0xca, 0xc2, 0xb7, 0xff, 0xca, 0xc2, 0xb7, 0xff, 
0xca, 0xc2, 0xb7, 0xff, 0xca, 0xc2, 0xb7, 0xff, 0xca, 0xc2, 0xb7, 0xff, 0xca, 0xc2, 0xb7, 0xff, 
0xc9, 0xc2, 0xb7, 0xff, 0xca, 0xc2, 0xb7, 0xff, 0xca, 0xc1, 0xb7, 0xff, 0xc9, 0xc1, 0xb6, 0xff, 
0xc9, 0xc1, 0xb6, 0xff, 0xc9, 0xc1, 0xb6, 0xff, 0xc9, 0xc1, 0xb6, 0xff, 0xc9, 0xc1, 0xb6, 0xff, 
0xc9, 0xc1, 0xb6, 0xff, 0xc9, 0xc1, 0xb6, 0xff, 0xc9, 0xc0, 0xb6, 0xff, 0xc8, 0xc0, 0xb5, 0xff, 
0xc8, 0xc0, 0xb5, 0xff, 0xc8, 0xc1, 0xb5, 0xff, 0xc8, 0xc0, 0xb5, 0xff, 0xc8, 0xc0, 0xb5, 0xff, 
0xc8, 0xc0, 0xb5, 0xff, 0xc8, 0xc0, 0xb5, 0xff, 0xc8, 0xc0, 0xb5, 0xff, 0xc8, 0xc0, 0xb5, 0xff, 
0xc8, 0xc0, 0xb5, 0xff, 0xc8, 0xc0, 0xb5, 0xff, 0xc8, 0xc0, 0xb5, 0xff, 0xc8, 0xc0, 0xb5, 0xff, 
0xc8, 0xc0, 0xb5, 0xff, 0xc8, 0xc1, 0xb6, 0xff, 0xc8, 0xc0, 0xb5, 0xff, 0xc8, 0xc0, 0xb5, 0xff, 
0xc8, 0xc0, 0xb5, 0xff, 0xc8, 0xc0, 0xb5, 0xff, 0xc8, 0xc0, 0xb5, 0xff, 0xc9, 0xc1, 0xb6, 0xff, 
0xc8, 0xc1, 0xb5, 0xff, 0xc7, 0xbf, 0xb4, 0xff, 0xc7, 0xc0, 0xb5, 0xff, 0xc8, 0xc0, 0xb5, 0xff, 
0xc9, 0xc1, 0xb6, 0xff, 0xc8, 0xc1, 0xb6, 0xff, 0xc8, 0xc0, 0xb5, 0xff, 0xc8, 0xc0, 0xb5, 0xff, 
0xc8, 0xc0, 0xb5, 0xff, 0xc8, 0xc1, 0xb6, 0xff, 0xc8, 0xc1, 0xb6, 0xff, 0xc8, 0xc0, 0xb5, 0xff, 
0xc8, 0xc1, 0xb5, 0xff, 0xc8, 0xc0, 0xb5, 0xff, 0xc9, 0xc1, 0xb6, 0xff, 0xc9, 0xc1, 0xb6, 0xff, 
0xc9, 0xc1, 0xb6, 0xff, 0xc8, 0xc0, 0xb5, 0xff, 0xc9, 0xc1, 0xb6, 0xff, 0xc9, 0xc1, 0xb6, 0xff, 
0xc9, 0xc1, 0xb6, 0xff, 0xc9, 0xc0, 0xb6, 0xff, 0xc8, 0xc0, 0xb5, 0xff, 0xc8, 0xc0, 0xb5, 0xff, 
0xc8, 0xc0, 0xb5, 0xff, 0xc7, 0xbf, 0xb4, 0xff, 0xc7, 0xbf, 0xb4, 0xff, 0xc7, 0xbf, 0xb4, 0xff, 
0xc7, 0xbf, 0xb3, 0xff, 0xc6, 0xbe, 0xb3, 0xff, 0xc6, 0xbe, 0xb4, 0xff, 0xc7, 0xc0, 0xb4, 0xff, 
0xc8, 0xc0, 0xb5, 0xff, 0xc6, 0xbe, 0xb3, 0xff, 0xc6, 0xbe, 0xb3, 0xff, 0xc6, 0xbe, 0xb3, 0xff, 
0xc6, 0xbe, 0xb3, 0xff, 0xc6, 0xbe, 0xb3, 0xff, 0xc7, 0xbf, 0xb4, 0xff, 0xc7, 0xbe, 0xb3, 0xff, 
0xc8, 0xbf, 0xb6, 0xff, 0xc8, 0xbf, 0xb6, 0xff, 0xc8, 0xc0, 0xb6, 0xff, 0xc9, 0xc0, 0xb6, 0xff, 
0xc8, 0xc0, 0xb6, 0xff, 0xc8, 0xc0, 0xb6, 0xff, 0xc8, 0xc0, 0xb6, 0xff, 0xc8, 0xc0, 0xb6, 0xff, 
0xc8, 0xc0, 0xb6, 0xff, 0xc8, 0xbf, 0xb6, 0xff, 0xc9, 0xc0, 0xb6, 0xff, 0xc8, 0xc0, 0xb6, 0xff, 
0xc8, 0xbf, 0xb6, 0xff, 0xc8, 0xbf, 0xb6, 0xff, 0xc8, 0xc0, 0xb6, 0xff, 0xc7, 0xbf, 0xb5, 0xff, 
0xc8, 0xc0, 0xb6, 0xff, 0xc8, 0xc0, 0xb6, 0xff, 0xc8, 0xbf, 0xb6, 0xff, 0xc8, 0xbf, 0xb6, 0xff, 
0xc8, 0xbf, 0xb6, 0xff, 0xc8, 0xbf, 0xb6, 0xff, 0xc8, 0xbf, 0xb6, 0xff, 0xc8, 0xbf, 0xb6, 0xff, 
0xc8, 0xc0, 0xb6, 0xff, 0xc8, 0xc0, 0xb6, 0xff, 0xc8, 0xbf, 0xb6, 0xff, 0xc8, 0xbf, 0xb6, 0xff, 
0xc8, 0xbf, 0xb6, 0xff, 0xc8, 0xbf, 0xb6, 0xff, 0xc8, 0xbf, 0xb6, 0xff, 0xc8, 0xc0, 0xb6, 0xff, 
0xc8, 0xbf, 0xb6, 0xff, 0xc8, 0xbf, 0xb6, 0xff, 0xc8, 0xc0, 0xb6, 0xff, 0xc8, 0xbf, 0xb6, 0xff, 
0xc8, 0xbf, 0xb5, 0xff, 0xc8, 0xbf, 0xb5, 0xff, 0xc8, 0xbf, 0xb6, 0xff, 0xc8, 0xbf, 0xb5, 0xff, 
0xc8, 0xc0, 0xb5, 0xff, 0xc7, 0xbf, 0xb5, 0xff, 0xc7, 0xbe, 0xb5, 0xff, 0xc7, 0xbe, 0xb5, 0xff, 
0xc7, 0xbf, 0xb5, 0xff, 0xc7, 0xbe, 0xb5, 0xff, 0xc7, 0xbe, 0xb5, 0xff, 0xc7, 0xbe, 0xb5, 0xff, 
0xc7, 0xbf, 0xb5, 0xff, 0xc7, 0xbe, 0xb5, 0xff, 0xc7, 0xbe, 0xb5, 0xff, 0xc7, 0xbe, 0xb5, 0xff, 
0xc7, 0xbe, 0xb5, 0xff, 0xc7, 0xbf, 0xb5, 0xff, 0xc7, 0xbe, 0xb5, 0xff, 0xc7, 0xbe, 0xb5, 0xff, 
0xc7, 0xbf, 0xb5, 0xff, 0xc7, 0xbe, 0xb4, 0xff, 0xc7, 0xbf, 0xb5, 0xff, 0xc7, 0xbe, 0xb4, 0xff, 
0xc7, 0xbe, 0xb4, 0xff, 0xc7, 0xbf, 0xb4, 0xff, 0xc7, 0xbf, 0xb4, 0xff, 0xc7, 0xbe, 0xb4, 0xff, 
0xc7, 0xbe, 0xb4, 0xff, 0xc6, 0xbf, 0xb4, 0xff, 0xc7, 0xbf, 0xb4, 0xff, 0xc7, 0xbf, 0xb4, 0xff, 
0xc7, 0xbf, 0xb5, 0xff, 0xc7, 0xbf, 0xb4, 0xff, 0xc8, 0xbf, 0xb4, 0xff, 0xc8, 0xbf, 0xb4, 0xff, 
0xc7, 0xbf, 0xb4, 0xff, 0xc7, 0xbf, 0xb4, 0xff, 0xc8, 0xbf, 0xb5, 0xff, 0xc7, 0xc0, 0xb4, 0xff, 
0xc8, 0xc0, 0xb5, 0xff, 0xc8, 0xc0, 0xb5, 0xff, 0xc9, 0xc0, 0xb5, 0xff, 0xc9, 0xbf, 0xb5, 0xff, 
0xc9, 0xc0, 0xb5, 0xff, 0xc9, 0xc0, 0xb5, 0xff, 0xca, 0xc0, 0xb6, 0xff, 0xc9, 0xc1, 0xb6, 0xff, 
0xca, 0xc1, 0xb6, 0xff, 0xca, 0xc1, 0xb6, 0xff, 0xca, 0xc1, 0xb6, 0xff, 0xca, 0xc1, 0xb6, 0xff, 
0xca, 0xc0, 0xb6, 0xff, 0xcb, 0xc1, 0xb7, 0xff, 0xcb, 0xc1, 0xb7, 0xff, 0xca, 0xc0, 0xb6, 0xff, 
0xca, 0xc0, 0xb6, 0xff, 0xca, 0xc2, 0xb7, 0xff, 0xca, 0xc2, 0xb7, 0xff, 0xcb, 0xc1, 0xb7, 0xff, 
0xca, 0xc1, 0xb7, 0xff, 0xca, 0xc1, 0xb7, 0xff, 0xca, 0xc1, 0xb6, 0xff, 0xca, 0xc1, 0xb7, 0xff, 
0xcb, 0xc2, 0xb7, 0xff, 0xca, 0xc0, 0xb7, 0xff, 0xca, 0xc0, 0xb8, 0xff, 0xca, 0xc0, 0xb7, 0xff, 
0xca, 0xc0, 0xb8, 0xff, 0xc9, 0xc0, 0xb7, 0xff, 0xc9, 0xc0, 0xb7, 0xff, 0xc9, 0xc0, 0xb7, 0xff, 
0xc9, 0xc0, 0xb7, 0xff, 0xc9, 0xc1, 0xb7, 0xff, 0xc9, 0xc1, 0xb6, 0xff, 0xc9, 0xc1, 0xb6, 0xff, 
0xc9, 0xbf, 0xb7, 0xff, 0xc8, 0xbf, 0xb6, 0xff, 0xc8, 0xc0, 0xb6, 0xff, 0xc8, 0xbf, 0xb6, 0xff, 
0xc8, 0xbf, 0xb6, 0xff, 0xc8, 0xbf, 0xb6, 0xff, 0xc8, 0xc0, 0xb6, 0xff, 0xc8, 0xc0, 0xb6, 0xff, 
0xc8, 0xc0, 0xb6, 0xff, 0xc8, 0xbf, 0xb6, 0xff, 0xc8, 0xc0, 0xb6, 0xff, 0xc8, 0xc0, 0xb5, 0xff, 
0xc8, 0xc0, 0xb6, 0xff, 0xc8, 0xc0, 0xb5, 0xff, 0xc8, 0xc0, 0xb5, 0xff, 0xc8, 0xbf, 0xb5, 0xff, 
0xc8, 0xc0, 0xb5, 0xff, 0xc8, 0xc0, 0xb5, 0xff, 0xc8, 0xc0, 0xb5, 0xff, 0xc8, 0xc0, 0xb5, 0xff, 
0xc8, 0xc0, 0xb5, 0xff, 0xc8, 0xc0, 0xb5, 0xff, 0xc8, 0xc0, 0xb5, 0xff, 0xc8, 0xc0, 0xb5, 0xff, 
0xc8, 0xc0, 0xb6, 0xff, 0xc9, 0xc0, 0xb6, 0xff, 0xc9, 0xc0, 0xb5, 0xff, 0xc9, 0xc0, 0xb5, 0xff, 
0xc9, 0xc0, 0xb6, 0xff, 0xc9, 0xbf, 0xb6, 0xff, 0xc9, 0xc0, 0xb5, 0xff, 0xc9, 0xc0, 0xb5, 0xff, 
0xc8, 0xc0, 0xb5, 0xff, 0xc8, 0xc0, 0xb5, 0xff, 0xc9, 0xc1, 0xb6, 0xff, 0xc9, 0xc1, 0xb6, 0xff, 
0xc9, 0xc1, 0xb6, 0xff, 0xc9, 0xc0, 0xb6, 0xff, 0xc9, 0xc0, 0xb6, 0xff, 0xc9, 0xc0, 0xb6, 0xff, 
0xca, 0xc1, 0xb6, 0xff, 0xca, 0xc0, 0xb6, 0xff, 0xca, 0xc1, 0xb6, 0xff, 0xca, 0xc1, 0xb6, 0xff, 
0xca, 0xc0, 0xb6, 0xff, 0xcb, 0xc1, 0xb6, 0xff, 0xca, 0xc1, 0xb6, 0xff, 0xca, 0xc1, 0xb6, 0xff, 
0xca, 0xc1, 0xb7, 0xff, 0xca, 0xc2, 0xb7, 0xff, 0xca, 0xc3, 0xb7, 0xff, 0xcb, 0xc2, 0xb7, 0xff, 
0xcb, 0xc2, 0xb7, 0xff, 0xcb, 0xc1, 0xb7, 0xff, 0xcb, 0xc1, 0xb7, 0xff, 0xcc, 0xc1, 0xb7, 0xff, 
0xcb, 0xc1, 0xb7, 0xff, 0xcb, 0xc2, 0xb7, 0xff, 0xcb, 0xc2, 0xb8, 0xff, 0xcb, 0xc2, 0xb8, 0xff, 
0xcb, 0xc2, 0xb7, 0xff, 0xcb, 0xc2, 0xb8, 0xff, 0xcc, 0xc2, 0xb8, 0xff, 0xcc, 0xc3, 0xb8, 0xff, 
0xcc, 0xc3, 0xb8, 0xff, 0xcc, 0xc3, 0xb8, 0xff, 0xcc, 0xc3, 0xb8, 0xff, 0xcb, 0xc3, 0xb8, 0xff, 
0xcb, 0xc3, 0xb8, 0xff, 0xcb, 0xc3, 0xb8, 0xff, 0xcb, 0xc3, 0xb8, 0xff, 0xcb, 0xc3, 0xb8, 0xff, 
0xcb, 0xc2, 0xb7, 0xff, 0xcb, 0xc2, 0xb7, 0xff, 0xcb, 0xc1, 0xb7, 0xff, 0xcb, 0xc1, 0xb8, 0xff, 
0xcb, 0xc2, 0xb7, 0xff, 0xcb, 0xc2, 0xb8, 0xff, 0xca, 0xc2, 0xb8, 0xff, 0xca, 0xc2, 0xb8, 0xff, 
0xca, 0xc2, 0xb7, 0xff, 0xca, 0xc2, 0xb7, 0xff, 0xca, 0xc1, 0xb7, 0xff, 0xc9, 0xc0, 0xb7, 0xff, 
0xca, 0xc1, 0xb6, 0xff, 0xca, 0xc1, 0xb6, 0xff, 0xca, 0xc1, 0xb6, 0xff, 0xca, 0xc1, 0xb6, 0xff, 
0xca, 0xc1, 0xb6, 0xff, 0xc9, 0xc0, 0xb6, 0xff, 0xc9, 0xc1, 0xb6, 0xff, 0xc9, 0xc1, 0xb6, 0xff, 
0xc9, 0xc1, 0xb6, 0xff, 0xc9, 0xc1, 0xb6, 0xff, 0xc9, 0xc1, 0xb6, 0xff, 0xc9, 0xc1, 0xb6, 0xff, 
0xc9, 0xc1, 0xb6, 0xff, 0xc9, 0xc0, 0xb5, 0xff, 0xc9, 0xc0, 0xb5, 0xff, 0xc9, 0xc1, 0xb6, 0xff, 
0xc9, 0xc1, 0xb6, 0xff, 0xc9, 0xc1, 0xb6, 0xff, 0xc9, 0xc1, 0xb6, 0xff, 0xc9, 0xc0, 0xb5, 0xff, 
0xc9, 0xc0, 0xb6, 0xff, 0xc9, 0xc0, 0xb6, 0xff, 0xc9, 0xc1, 0xb6, 0xff, 0xc9, 0xc0, 0xb6, 0xff, 
0xc9, 0xc1, 0xb6, 0xff, 0xca, 0xc1, 0xb6, 0xff, 0xca, 0xc1, 0xb7, 0xff, 0xca, 0xc1, 0xb6, 0xff, 
0xca, 0xc1, 0xb6, 0xff, 0xca, 0xc1, 0xb6, 0xff, 0xca, 0xc1, 0xb6, 0xff, 0xca, 0xc1, 0xb6, 0xff, 
0xc9, 0xc1, 0xb7, 0xff, 0xc9, 0xc0, 0xb7, 0xff, 0xc9, 0xc0, 0xb8, 0xff, 0xc9, 0xc0, 0xb8, 0xff, 
0xc9, 0xc1, 0xb7, 0xff, 0xc9, 0xc0, 0xb7, 0xff, 0xc9, 0xc1, 0xb7, 0xff, 0xc9, 0xc0, 0xb7, 0xff, 
0xc9, 0xc1, 0xb7, 0xff, 0xc9, 0xc1, 0xb7, 0xff, 0xca, 0xc1, 0xb7, 0xff, 0xc9, 0xc1, 0xb6, 0xff, 
0xc9, 0xc0, 0xb6, 0xff, 0xc9, 0xc0, 0xb6, 0xff, 0xc8, 0xc0, 0xb6, 0xff, 0xc9, 0xc1, 0xb6, 0xff, 
0xc8, 0xc0, 0xb6, 0xff, 0xc8, 0xbf, 0xb6, 0xff, 0xc8, 0xbf, 0xb6, 0xff, 0xc8, 0xbf, 0xb6, 0xff, 
0xc9, 0xc0, 0xb6, 0xff, 0xc8, 0xbf, 0xb6, 0xff, 0xc8, 0xbf, 0xb6, 0xff, 0xc8, 0xbf, 0xb6, 0xff, 
0xc8, 0xbf, 0xb6, 0xff, 0xc8, 0xbf, 0xb6, 0xff, 0xc8, 0xc0, 0xb6, 0xff, 0xc8, 0xc0, 0xb6, 0xff, 
0xc8, 0xbf, 0xb6, 0xff, 0xc8, 0xbf, 0xb6, 0xff, 0xc8, 0xbf, 0xb6, 0xff, 0xc7, 0xbe, 0xb6, 0xff, 
0xc8, 0xbf, 0xb6, 0xff, 0xc8, 0xbf, 0xb6, 0xff, 0xc8, 0xbf, 0xb6, 0xff, 0xc8, 0xbf, 0xb6, 0xff, 
0xc8, 0xbf, 0xb6, 0xff, 0xc8, 0xbf, 0xb6, 0xff, 0xc8, 0xbe, 0xb6, 0xff, 0xc8, 0xbf, 0xb6, 0xff, 
0xc8, 0xbf, 0xb6, 0xff, 0xc8, 0xbf, 0xb6, 0xff, 0xc8, 0xbf, 0xb6, 0xff, 0xc8, 0xbf, 0xb6, 0xff, 
0xc8, 0xbf, 0xb6, 0xff, 0xc8, 0xbf, 0xb6, 0xff, 0xc8, 0xbf, 0xb6, 0xff, 0xc8, 0xbf, 0xb6, 0xff, 
0xc8, 0xbf, 0xb6, 0xff, 0xc8, 0xbf, 0xb6, 0xff, 0xc8, 0xbf, 0xb6, 0xff, 0xc8, 0xbf, 0xb6, 0xff, 
0xc8, 0xbf, 0xb5, 0xff, 0xc8, 0xbf, 0xb5, 0xff, 0xc8, 0xbe, 0xb5, 0xff, 0xc8, 0xbe, 0xb5, 0xff, 
0xc8, 0xbf, 0xb5, 0xff, 0xc8, 0xbf, 0xb6, 0xff, 0xc8, 0xbf, 0xb6, 0xff, 0xc9, 0xbf, 0xb6, 0xff, 
0xc8, 0xbe, 0xb5, 0xff, 0xc8, 0xbe, 0xb5, 0xff, 0xc8, 0xbf, 0xb5, 0xff, 0xc8, 0xbf, 0xb5, 0xff, 
0xc9, 0xbe, 0xb5, 0xff, 0xc9, 0xbe, 0xb5, 0xff, 0xc8, 0xbe, 0xb5, 0xff, 0xc8, 0xbf, 0xb4, 0xff, 
0xc8, 0xbf, 0xb5, 0xff, 0xc8, 0xbf, 0xb4, 0xff, 0xc8, 0xbe, 0xb5, 0xff, 0xc8, 0xbe, 0xb5, 0xff, 
0xc8, 0xbe, 0xb5, 0xff, 0xc8, 0xbe, 0xb5, 0xff, 0xc8, 0xbe, 0xb5, 0xff, 0xc8, 0xbe, 0xb5, 0xff, 
0xc8, 0xbe, 0xb5, 0xff, 0xc8, 0xbe, 0xb5, 0xff, 0xc8, 0xbe, 0xb5, 0xff, 0xc7, 0xbe, 0xb5, 0xff, 
0xc7, 0xbe, 0xb5, 0xff, 0xc7, 0xbe, 0xb5, 0xff, 0xc7, 0xbe, 0xb5, 0xff, 0xc7, 0xbe, 0xb5, 0xff, 
0xc7, 0xbe, 0xb5, 0xff, 0xc7, 0xbe, 0xb5, 0xff, 0xc7, 0xbe, 0xb5, 0xff, 0xc7, 0xbe, 0xb5, 0xff, 
0xc8, 0xbe, 0xb5, 0xff, 0xc8, 0xbe, 0xb5, 0xff, 0xc8, 0xbe, 0xb5, 0xff, 0xc8, 0xbe, 0xb5, 0xff, 
0xc8, 0xbe, 0xb5, 0xff, 0xc8, 0xbe, 0xb5, 0xff, 0xc8, 0xbf, 0xb4, 0xff, 0xc8, 0xbf, 0xb4, 0xff, 
0xc8, 0xbe, 0xb5, 0xff, 0xc8, 0xbe, 0xb4, 0xff, 0xc9, 0xbe, 0xb4, 0xff, 0xc9, 0xbe, 0xb5, 0xff, 
0xc9, 0xbf, 0xb5, 0xff, 0xc9, 0xc0, 0xb5, 0xff, 0xc9, 0xbf, 0xb5, 0xff, 0xc9, 0xc0, 0xb5, 0xff, 
0xc9, 0xbf, 0xb5, 0xff, 0xc9, 0xbf, 0xb5, 0xff, 0xc9, 0xbf, 0xb5, 0xff, 0xca, 0xbf, 0xb6, 0xff, 
0xca, 0xc0, 0xb6, 0xff, 0xca, 0xc1, 0xb6, 0xff, 0xca, 0xc0, 0xb6, 0xff, 0xca, 0xc1, 0xb6, 0xff, 
0xca, 0xc0, 0xb6, 0xff, 0xca, 0xc0, 0xb6, 0xff, 0xca, 0xc0, 0xb6, 0xff, 0xca, 0xc0, 0xb6, 0xff, 
0xca, 0xc0, 0xb6, 0xff, 0xca, 0xc0, 0xb6, 0xff, 0xca, 0xc0, 0xb6, 0xff, 0xca, 0xc0, 0xb6, 0xff, 
0xca, 0xc0, 0xb6, 0xff, 0xca, 0xc0, 0xb6, 0xff, 0xca, 0xc0, 0xb6, 0xff, 0xca, 0xc0, 0xb6, 0xff, 
0xca, 0xc0, 0xb6, 0xff, 0xca, 0xc0, 0xb6, 0xff, 0xca, 0xc0, 0xb6, 0xff, 0xca, 0xc0, 0xb6, 0xff, 
0xc9, 0xc0, 0xb6, 0xff, 0xca, 0xc0, 0xb6, 0xff, 0xc9, 0xc0, 0xb6, 0xff, 0xc9, 0xc0, 0xb6, 0xff, 
0xca, 0xc0, 0xb7, 0xff, 0xc9, 0xbf, 0xb6, 0xff, 0xc9, 0xbf, 0xb5, 0xff, 0xc9, 0xbf, 0xb6, 0xff, 
0xc9, 0xbf, 0xb6, 0xff, 0xc9, 0xc0, 0xb6, 0xff, 0xc9, 0xbf, 0xb6, 0xff, 0xc9, 0xbf, 0xb6, 0xff, 
0xc9, 0xbf, 0xb6, 0xff, 0xc8, 0xbf, 0xb6, 0xff, 0xc8, 0xc0, 0xb6, 0xff, 0xc8, 0xbf, 0xb6, 0xff, 
0xc8, 0xbf, 0xb6, 0xff, 0xc8, 0xbf, 0xb6, 0xff, 0xc8, 0xbf, 0xb5, 0xff, 0xc8, 0xbf, 0xb5, 0xff, 
0xc8, 0xbf, 0xb6, 0xff, 0xc8, 0xbf, 0xb6, 0xff, 0xc8, 0xbf, 0xb6, 0xff, 0xc8, 0xbf, 0xb5, 0xff, 
0xc8, 0xc0, 0xb6, 0xff, 0xc8, 0xbf, 0xb5, 0xff, 0xc8, 0xbf, 0xb6, 0xff, 0xc8, 0xbf, 0xb6, 0xff, 
0xc8, 0xc0, 0xb6, 0xff, 0xc9, 0xbf, 0xb6, 0xff, 0xc9, 0xbf, 0xb6, 0xff, 0xc9, 0xbf, 0xb6, 0xff, 
0xc9, 0xbf, 0xb6, 0xff, 0xc9, 0xbf, 0xb6, 0xff, 0xc9, 0xc0, 0xb5, 0xff, 0xc9, 0xc0, 0xb5, 0xff, 
0xc9, 0xbf, 0xb5, 0xff, 0xc9, 0xbf, 0xb5, 0xff, 0xc9, 0xbf, 0xb5, 0xff, 0xc9, 0xbf, 0xb5, 0xff, 
0xc9, 0xbf, 0xb5, 0xff, 0xca, 0xc0, 0xb6, 0xff, 0xc9, 0xc0, 0xb6, 0xff, 0xc9, 0xc0, 0xb6, 0xff, 
0xca, 0xc0, 0xb6, 0xff, 0xca, 0xc0, 0xb6, 0xff, 0xca, 0xc1, 0xb6, 0xff, 0xca, 0xc0, 0xb6, 0xff, 
0xca, 0xc0, 0xb6, 0xff, 0xca, 0xc0, 0xb6, 0xff, 0xca, 0xc0, 0xb6, 0xff, 0xca, 0xc0, 0xb6, 0xff, 
0xca, 0xc0, 0xb6, 0xff, 0xca, 0xc0, 0xb6, 0xff, 0xca, 0xc0, 0xb6, 0xff, 0xca, 0xc0, 0xb6, 0xff, 
0xca, 0xc0, 0xb6, 0xff, 0xca, 0xc0, 0xb6, 0xff, 0xca, 0xc0, 0xb6, 0xff, 0xca, 0xc0, 0xb6, 0xff, 
0xca, 0xc0, 0xb6, 0xff, 0xca, 0xc1, 0xb7, 0xff, 0xca, 0xc1, 0xb7, 0xff, 0xcb, 0xc1, 0xb7, 0xff, 
0xcb, 0xc0, 0xb7, 0xff, 0xcb, 0xc1, 0xb7, 0xff, 0xcb, 0xc1, 0xb7, 0xff, 0xcb, 0xc1, 0xb7, 0xff, 
0xcb, 0xc1, 0xb7, 0xff, 0xcb, 0xc1, 0xb7, 0xff, 0xcb, 0xc1, 0xb7, 0xff, 0xcb, 0xc1, 0xb7, 0xff, 
0xcb, 0xc1, 0xb7, 0xff, 0xcb, 0xc1, 0xb7, 0xff, 0xcb, 0xc1, 0xb7, 0xff, 0xcb, 0xc1, 0xb7, 0xff, 
0xcb, 0xc1, 0xb7, 0xff, 0xcb, 0xc1, 0xb7, 0xff, 0xcb, 0xc1, 0xb7, 0xff, 0xcb, 0xc1, 0xb7, 0xff, 
0xcb, 0xc1, 0xb7, 0xff, 0xcb, 0xc1, 0xb7, 0xff, 0xcb, 0xc1, 0xb7, 0xff, 0xcb, 0xc1, 0xb7, 0xff, 
0xcb, 0xc1, 0xb7, 0xff, 0xcb, 0xc1, 0xb7, 0xff, 0xcb, 0xc1, 0xb7, 0xff, 0xcb, 0xc2, 0xb7, 0xff, 
0xcb, 0xc1, 0xb8, 0xff, 0xcb, 0xc1, 0xb8, 0xff, 0xca, 0xc1, 0xb7, 0xff, 0xca, 0xc1, 0xb8, 0xff, 
0xca, 0xc2, 0xb7, 0xff, 0xca, 0xc1, 0xb6, 0xff, 0xca, 0xc1, 0xb6, 0xff, 0xca, 0xc0, 0xb7, 0xff, 
0xca, 0xc0, 0xb6, 0xff, 0xca, 0xc0, 0xb6, 0xff, 0xca, 0xc0, 0xb6, 0xff, 0xca, 0xc0, 0xb6, 0xff, 
0xca, 0xc0, 0xb6, 0xff, 0xcb, 0xc0, 0xb6, 0xff, 0xca, 0xc0, 0xb6, 0xff, 0xca, 0xc0, 0xb6, 0xff, 
0xca, 0xc0, 0xb6, 0xff, 0xca, 0xc0, 0xb6, 0xff, 0xca, 0xc0, 0xb6, 0xff, 0xca, 0xc0, 0xb6, 0xff, 
0xca, 0xc0, 0xb7, 0xff, 0xcb, 0xc0, 0xb6, 0xff, 0xca, 0xc0, 0xb6, 0xff, 0xca, 0xc0, 0xb6, 0xff, 
0xca, 0xc0, 0xb6, 0xff, 0xca, 0xc0, 0xb6, 0xff, 0xca, 0xc0, 0xb6, 0xff, 0xca, 0xc0, 0xb6, 0xff, 
0xca, 0xc0, 0xb6, 0xff, 0xca, 0xc0, 0xb6, 0xff, 0xca, 0xc0, 0xb6, 0xff, 0xca, 0xc0, 0xb6, 0xff, 
0xca, 0xc0, 0xb6, 0xff, 0xca, 0xc0, 0xb6, 0xff, 0xcb, 0xc1, 0xb7, 0xff, 0xcb, 0xc1, 0xb7, 0xff, 
0xca, 0xc0, 0xb6, 0xff, 0xca, 0xc0, 0xb6, 0xff, 0xca, 0xc0, 0xb6, 0xff, 0xca, 0xc0, 0xb6, 0xff, 
0xca, 0xc0, 0xb7, 0xff, 0xc9, 0xc0, 0xb7, 0xff, 0xc9, 0xc0, 0xb6, 0xff, 0xc9, 0xc0, 0xb6, 0xff, 
0xc9, 0xc0, 0xb7, 0xff, 0xca, 0xc0, 0xb6, 0xff, 0xc9, 0xc0, 0xb6, 0xff, 0xc9, 0xc0, 0xb5, 0xff, 
0xc9, 0xc0, 0xb5, 0xff, 0xc9, 0xc0, 0xb5, 0xff, 0xc9, 0xbf, 0xb6, 0xff, 0xc9, 0xc0, 0xb6, 0xff, 
0xc9, 0xc0, 0xb6, 0xff, 0xc9, 0xbf, 0xb5, 0xff, 0xc9, 0xc0, 0xb5, 0xff, 0xc9, 0xc0, 0xb5, 0xff, 
0xc8, 0xc0, 0xb6, 0xff, 0xc8, 0xbf, 0xb6, 0xff, 0xc8, 0xbf, 0xb6, 0xff, 0xc8, 0xbf, 0xb6, 0xff, 
0xc8, 0xbf, 0xb6, 0xff, 0xc8, 0xbf, 0xb6, 0xff, 0xc8, 0xbf, 0xb6, 0xff, 0xc8, 0xbf, 0xb6, 0xff, 
0xc8, 0xbf, 0xb6, 0xff, 0xc8, 0xbf, 0xb6, 0xff, 0xc8, 0xbf, 0xb6, 0xff, 0xc8, 0xbf, 0xb6, 0xff, 
0xc8, 0xbe, 0xb5, 0xff, 0xc8, 0xbe, 0xb5, 0xff, 0xc8, 0xbe, 0xb5, 0xff, 0xc8, 0xbe, 0xb5, 0xff, 
0xc8, 0xbe, 0xb5, 0xff, 0xc8, 0xbe, 0xb5, 0xff, 0xc8, 0xbe, 0xb5, 0xff, 0xc8, 0xbe, 0xb5, 0xff, 
0xc8, 0xbe, 0xb5, 0xff, 0xc8, 0xbe, 0xb5, 0xff, 0xc8, 0xbe, 0xb5, 0xff, 0xc8, 0xbe, 0xb5, 0xff, 
0xc8, 0xbe, 0xb5, 0xff, 0xc8, 0xbe, 0xb5, 0xff, 0xc8, 0xbe, 0xb5, 0xff, 0xc8, 0xbe, 0xb5, 0xff, 
0xc8, 0xbe, 0xb5, 0xff, 0xc8, 0xbe, 0xb5, 0xff, 0xc8, 0xbe, 0xb5, 0xff, 0xc8, 0xbe, 0xb4, 0xff, 
0xc8, 0xbe, 0xb5, 0xff, 0xc8, 0xbe, 0xb4, 0xff, 0xc8, 0xbe, 0xb4, 0xff, 0xc8, 0xbe, 0xb4, 0xff, 
0xc8, 0xbe, 0xb4, 0xff, 0xc8, 0xbe, 0xb4, 0xff, 0xc8, 0xbe, 0xb4, 0xff, 0xc8, 0xbe, 0xb4, 0xff, 
0xc7, 0xbe, 0xb4, 0xff, 0xc8, 0xbe, 0xb4, 0xff, 0xc8, 0xbe, 0xb4, 0xff, 0xc8, 0xbe, 0xb4, 0xff, 
0xc8, 0xbe, 0xb4, 0xff, 0xc8, 0xbe, 0xb4, 0xff, 0xc7, 0xbd, 0xb4, 0xff, 0xc7, 0xbd, 0xb4, 0xff, 
0xc8, 0xbd, 0xb4, 0xff, 0xc8, 0xbd, 0xb4, 0xff, 0xc8, 0xbe, 0xb4, 0xff, 0xc8, 0xbd, 0xb4, 0xff, 
0xc8, 0xbd, 0xb4, 0xff, 0xc7, 0xbd, 0xb4, 0xff, 0xc8, 0xbd, 0xb4, 0xff, 0xc8, 0xbd, 0xb4, 0xff, 
0xc8, 0xbd, 0xb4, 0xff, 0xc8, 0xbd, 0xb4, 0xff, 0xc7, 0xbd, 0xb4, 0xff, 0xc7, 0xbd, 0xb4, 0xff, 
0xc7, 0xbd, 0xb4, 0xff, 0xc7, 0xbd, 0xb4, 0xff, 0xc7, 0xbd, 0xb4, 0xff, 0xc8, 0xbe, 0xb4, 0xff, 
0xc7, 0xbe, 0xb4, 0xff, 0xc7, 0xbd, 0xb4, 0xff, 0xc8, 0xbe, 0xb4, 0xff, 0xc7, 0xbe, 0xb4, 0xff, 
0xc7, 0xbe, 0xb4, 0xff, 0xc7, 0xbe, 0xb4, 0xff, 0xc7, 0xbd, 0xb4, 0xff, 0xc7, 0xbe, 0xb4, 0xff, 
0xc7, 0xbe, 0xb4, 0xff, 0xc8, 0xbe, 0xb5, 0xff, 0xc7, 0xbe, 0xb4, 0xff, 0xc8, 0xbe, 0xb4, 0xff, 
0xc8, 0xbe, 0xb5, 0xff, 0xc8, 0xbe, 0xb5, 0xff, 0xc8, 0xbe, 0xb5, 0xff, 0xc8, 0xbe, 0xb5, 0xff, 
0xc8, 0xbe, 0xb5, 0xff, 0xc8, 0xbe, 0xb5, 0xff, 0xc8, 0xbe, 0xb4, 0xff, 0xc8, 0xbe, 0xb4, 0xff, 
0xc8, 0xbe, 0xb4, 0xff, 0xc8, 0xbe, 0xb4, 0xff, 0xc8, 0xbe, 0xb4, 0xff, 0xc8, 0xbe, 0xb5, 0xff, 
0xc8, 0xbf, 0xb5, 0xff, 0xc9, 0xbf, 0xb6, 0xff, 0xc9, 0xbf, 0xb5, 0xff, 0xc9, 0xbf, 0xb6, 0xff, 
0xc9, 0xbf, 0xb5, 0xff, 0xc9, 0xbf, 0xb5, 0xff, 0xc9, 0xbf, 0xb5, 0xff, 0xc9, 0xbf, 0xb5, 0xff, 
0xc9, 0xbf, 0xb5, 0xff, 0xc9, 0xbf, 0xb5, 0xff, 0xc9, 0xbf, 0xb5, 0xff, 0xc9, 0xbf, 0xb5, 0xff, 
0xc9, 0xbf, 0xb5, 0xff, 0xc9, 0xbf, 0xb5, 0xff, 0xc9, 0xbf, 0xb5, 0xff, 0xc9, 0xbf, 0xb5, 0xff, 
0xc9, 0xbf, 0xb5, 0xff, 0xc9, 0xbf, 0xb5, 0xff, 0xc9, 0xbf, 0xb5, 0xff, 0xc9, 0xbf, 0xb5, 0xff, 
0xc9, 0xbf, 0xb5, 0xff, 0xc9, 0xbf, 0xb5, 0xff, 0xc9, 0xbf, 0xb5, 0xff, 0xc9, 0xbf, 0xb5, 0xff, 
0xc8, 0xbe, 0xb4, 0xff, 0xc9, 0xbf, 0xb5, 0xff, 0xc8, 0xbe, 0xb4, 0xff, 0xc8, 0xbe, 0xb5, 0xff, 
0xc8, 0xbe, 0xb5, 0xff, 0xc8, 0xbe, 0xb5, 0xff, 0xc8, 0xbe, 0xb5, 0xff, 0xc8, 0xbe, 0xb5, 0xff, 
0xc8, 0xbe, 0xb5, 0xff, 0xc8, 0xbe, 0xb5, 0xff, 0xc8, 0xbe, 0xb5, 0xff, 0xc8, 0xbe, 0xb5, 0xff, 
0xc8, 0xbe, 0xb5, 0xff, 0xc8, 0xbe, 0xb5, 0xff, 0xc8, 0xbe, 0xb5, 0xff, 0xc7, 0xbe, 0xb5, 0xff, 
0xc8, 0xbe, 0xb4, 0xff, 0xc7, 0xbe, 0xb4, 0xff, 0xc8, 0xbe, 0xb4, 0xff, 0xc8, 0xbe, 0xb4, 0xff, 
0xc7, 0xbe, 0xb4, 0xff, 0xc7, 0xbe, 0xb4, 0xff, 0xc8, 0xbe, 0xb4, 0xff, 0xc7, 0xbe, 0xb4, 0xff, 
0xc8, 0xbe, 0xb4, 0xff, 0xc8, 0xbe, 0xb4, 0xff, 0xc8, 0xbe, 0xb5, 0xff, 0xc8, 0xbe, 0xb5, 0xff, 
0xc8, 0xbe, 0xb5, 0xff, 0xc8, 0xbe, 0xb5, 0xff, 0xc8, 0xbe, 0xb5, 0xff, 0xc8, 0xbe, 0xb5, 0xff, 
0xc8, 0xbe, 0xb5, 0xff, 0xc9, 0xbf, 0xb5, 0xff, 0xc8, 0xbe, 0xb5, 0xff, 0xc9, 0xbe, 0xb4, 0xff, 
0xc9, 0xbf, 0xb5, 0xff, 0xc9, 0xbf, 0xb5, 0xff, 0xc9, 0xbf, 0xb5, 0xff, 0xc9, 0xbf, 0xb5, 0xff, 
0xc9, 0xbf, 0xb5, 0xff, 0xc9, 0xbf, 0xb5, 0xff, 0xc9, 0xbf, 0xb5, 0xff, 0xc9, 0xbf, 0xb5, 0xff, 
0xc9, 0xbf, 0xb5, 0xff, 0xc9, 0xbf, 0xb5, 0xff, 0xc9, 0xbf, 0xb5, 0xff, 0xc9, 0xbe, 0xb5, 0xff, 
0xc9, 0xbe, 0xb5, 0xff, 0xc9, 0xbf, 0xb5, 0xff, 0xc9, 0xbf, 0xb5, 0xff, 0xc9, 0xbf, 0xb5, 0xff, 
0xc9, 0xbf, 0xb5, 0xff, 0xc9, 0xbf, 0xb5, 0xff, 0xc9, 0xbf, 0xb6, 0xff, 0xc9, 0xbf, 0xb6, 0xff, 
0xc9, 0xbf, 0xb6, 0xff, 0xc9, 0xbf, 0xb6, 0xff, 0xc9, 0xbf, 0xb6, 0xff, 0xc9, 0xbf, 0xb6, 0xff, 
0xc9, 0xbf, 0xb6, 0xff, 0xc9, 0xbf, 0xb6, 0xff, 0xc9, 0xbf, 0xb5, 0xff, 0xc9, 0xbf, 0xb5, 0xff, 
0xc9, 0xbf, 0xb5, 0xff, 0xc9, 0xbf, 0xb5, 0xff, 0xca, 0xc0, 0xb6, 0xff, 0xca, 0xc0, 0xb6, 0xff, 
0xc9, 0xbf, 0xb6, 0xff, 0xca, 0xc0, 0xb6, 0xff, 0xca, 0xc0, 0xb6, 0xff, 0xca, 0xc0, 0xb6, 0xff, 
0xca, 0xc0, 0xb6, 0xff, 0xca, 0xc0, 0xb6, 0xff, 0xca, 0xc0, 0xb6, 0xff, 0xca, 0xc0, 0xb6, 0xff, 
0xca, 0xc0, 0xb6, 0xff, 0xca, 0xc0, 0xb6, 0xff, 0xca, 0xc0, 0xb7, 0xff, 0xca, 0xc0, 0xb6, 0xff, 
0xca, 0xc0, 0xb7, 0xff, 0xca, 0xc0, 0xb6, 0xff, 0xca, 0xc0, 0xb7, 0xff, 0xca, 0xc0, 0xb7, 0xff, 
0xca, 0xc0, 0xb7, 0xff, 0xca, 0xc0, 0xb7, 0xff, 0xca, 0xc0, 0xb7, 0xff, 0xca, 0xc0, 0xb7, 0xff, 
0xca, 0xc0, 0xb7, 0xff, 0xca, 0xc0, 0xb6, 0xff, 0xca, 0xc0, 0xb6, 0xff, 0xca, 0xc0, 0xb6, 0xff, 
0xca, 0xbf, 0xb6, 0xff, 0xca, 0xbf, 0xb6, 0xff, 0xca, 0xc0, 0xb6, 0xff, 0xca, 0xc0, 0xb6, 0xff, 
0xca, 0xc0, 0xb6, 0xff, 0xca, 0xc0, 0xb7, 0xff, 0xca, 0xc0, 0xb6, 0xff, 0xca, 0xc0, 0xb6, 0xff, 
0xca, 0xc0, 0xb6, 0xff, 0xca, 0xc0, 0xb6, 0xff, 0xca, 0xbf, 0xb6, 0xff, 0xca, 0xbf, 0xb6, 0xff, 
0xca, 0xbf, 0xb6, 0xff, 0xca, 0xc0, 0xb7, 0xff, 0xca, 0xc0, 0xb7, 0xff, 0xca, 0xc0, 0xb7, 0xff, 
0xca, 0xc0, 0xb7, 0xff, 0xca, 0xc0, 0xb7, 0xff, 0xca, 0xc0, 0xb7, 0xff, 0xca, 0xc0, 0xb6, 0xff, 
0xca, 0xc0, 0xb6, 0xff, 0xca, 0xbf, 0xb6, 0xff, 0xca, 0xc0, 0xb6, 0xff, 0xc9, 0xbf, 0xb6, 0xff, 
0xc9, 0xc0, 0xb6, 0xff, 0xc9, 0xc0, 0xb6, 0xff, 0xc9, 0xc0, 0xb6, 0xff, 0xc9, 0xbf, 0xb6, 0xff, 
0xc9, 0xbf, 0xb6, 0xff, 0xc9, 0xbf, 0xb6, 0xff, 0xc9, 0xbf, 0xb5, 0xff, 0xc9, 0xbf, 0xb5, 0xff, 
0xca, 0xc0, 0xb6, 0xff, 0xc9, 0xbf, 0xb5, 0xff, 0xc9, 0xbf, 0xb5, 0xff, 0xc9, 0xbf, 0xb5, 0xff, 
0xc9, 0xbf, 0xb5, 0xff, 0xc9, 0xbf, 0xb6, 0xff, 0xc9, 0xbf, 0xb5, 0xff, 0xc9, 0xbf, 0xb5, 0xff, 
0xc9, 0xbf, 0xb5, 0xff, 0xc9, 0xbf, 0xb5, 0xff, 0xc9, 0xbf, 0xb5, 0xff, 0xc9, 0xbf, 0xb5, 0xff, 
0xc9, 0xbe, 0xb5, 0xff, 0xc9, 0xbe, 0xb5, 0xff, 0xc9, 0xbf, 0xb5, 0xff, 0xc9, 0xbe, 0xb5, 0xff, 
0xc9, 0xbe, 0xb5, 0xff, 0xc8, 0xbe, 0xb5, 0xff, 0xc9, 0xbe, 0xb5, 0xff, 0xc8, 0xbe, 0xb5, 0xff, 
0xc8, 0xbe, 0xb5, 0xff, 0xc8, 0xbe, 0xb5, 0xff, 0xc8, 0xbe, 0xb4, 0xff, 0xc8, 0xbe, 0xb4, 0xff, 
0xc8, 0xbe, 0xb4, 0xff, 0xc8, 0xbe, 0xb4, 0xff, 0xc8, 0xbe, 0xb4, 0xff, 0xc8, 0xbe, 0xb4, 0xff, 
0xc8, 0xbe, 0xb4, 0xff, 0xc8, 0xbe, 0xb5, 0xff, 0xc8, 0xbe, 0xb5, 0xff, 0xc8, 0xbe, 0xb5, 0xff, 
0xc7, 0xbd, 0xb4, 0xff, 0xc7, 0xbd, 0xb4, 0xff, 0xc7, 0xbd, 0xb4, 0xff, 0xc7, 0xbd, 0xb4, 0xff, 
0xc7, 0xbd, 0xb4, 0xff, 0xc7, 0xbd, 0xb4, 0xff, 0xc7, 0xbd, 0xb4, 0xff, 0xc7, 0xbd, 0xb4, 0xff, 
0xc7, 0xbd, 0xb4, 0xff, 0xc7, 0xbd, 0xb4, 0xff, 0xc7, 0xbd, 0xb4, 0xff, 0xc7, 0xbd, 0xb4, 0xff, 
0xc7, 0xbd, 0xb4, 0xff, 0xc7, 0xbd, 0xb4, 0xff, 0xc7, 0xbd, 0xb4, 0xff, 0xc7, 0xbd, 0xb4, 0xff, 
0xc7, 0xbd, 0xb4, 0xff, 0xc7, 0xbd, 0xb4, 0xff, 0xc7, 0xbd, 0xb4, 0xff, 0xc7, 0xbd, 0xb4, 0xff, 
0xc7, 0xbd, 0xb4, 0xff, 0xc7, 0xbd, 0xb4, 0xff, 0xc7, 0xbd, 0xb4, 0xff, 0xc7, 0xbd, 0xb4, 0xff, 
0xc7, 0xbd, 0xb4, 0xff, 0xc7, 0xbd, 0xb4, 0xff, 0xc7, 0xbd, 0xb3, 0xff, 0xc7, 0xbd, 0xb4, 0xff, 
0xc7, 0xbc, 0xb3, 0xff, 0xc7, 0xbc, 0xb3, 0xff, 0xc7, 0xbc, 0xb3, 0xff, 0xc7, 0xbc, 0xb3, 0xff, 
0xc7, 0xbc, 0xb3, 0xff, 0xc7, 0xbc, 0xb3, 0xff, 0xc7, 0xbd, 0xb3, 0xff, 0xc7, 0xbd, 0xb3, 0xff, 
0xc6, 0xbc, 0xb3, 0xff, 0xc6, 0xbc, 0xb3, 0xff, 0xc6, 0xbc, 0xb3, 0xff, 0xc6, 0xbc, 0xb3, 0xff, 
0xc6, 0xbc, 0xb3, 0xff, 0xc6, 0xbc, 0xb3, 0xff, 0xc6, 0xbc, 0xb3, 0xff, 0xc6, 0xbc, 0xb3, 0xff, 
0xc6, 0xbc, 0xb3, 0xff, 0xc6, 0xbc, 0xb3, 0xff, 0xc6, 0xbc, 0xb3, 0xff, 0xc6, 0xbc, 0xb3, 0xff, 
0xc6, 0xbc, 0xb3, 0xff, 0xc6, 0xbc, 0xb3, 0xff, 0xc6, 0xbc, 0xb3, 0xff, 0xc6, 0xbc, 0xb3, 0xff, 
0xc6, 0xbc, 0xb3, 0xff, 0xc6, 0xbc, 0xb3, 0xff, 0xc6, 0xbc, 0xb3, 0xff, 0xc6, 0xbc, 0xb3, 0xff, 
0xc6, 0xbc, 0xb3, 0xff, 0xc6, 0xbc, 0xb3, 0xff, 0xc6, 0xbc, 0xb3, 0xff, 0xc6, 0xbc, 0xb3, 0xff, 
0xc6, 0xbc, 0xb3, 0xff, 0xc7, 0xbc, 0xb3, 0xff, 0xc6, 0xbc, 0xb3, 0xff, 0xc6, 0xbc, 0xb4, 0xff, 
0xc6, 0xbc, 0xb4, 0xff, 0xc6, 0xbc, 0xb3, 0xff, 0xc6, 0xbc, 0xb4, 0xff, 0xc7, 0xbd, 0xb4, 0xff, 
0xc7, 0xbd, 0xb4, 0xff, 0xc7, 0xbd, 0xb4, 0xff, 0xc7, 0xbd, 0xb3, 0xff, 0xc7, 0xbd, 0xb3, 0xff, 
0xc7, 0xbc, 0xb3, 0xff, 0xc7, 0xbd, 0xb4, 0xff, 0xc7, 0xbd, 0xb4, 0xff, 0xc7, 0xbd, 0xb4, 0xff, 
0xc7, 0xbd, 0xb4, 0xff, 0xc7, 0xbd, 0xb4, 0xff, 0xc7, 0xbd, 0xb4, 0xff, 0xc7, 0xbd, 0xb4, 0xff, 
0xc7, 0xbd, 0xb4, 0xff, 0xc7, 0xbd, 0xb4, 0xff, 0xc7, 0xbd, 0xb4, 0xff, 0xc7, 0xbd, 0xb4, 0xff, 
0xc7, 0xbd, 0xb4, 0xff, 0xc7, 0xbd, 0xb4, 0xff, 0xc7, 0xbd, 0xb4, 0xff, 0xc7, 0xbd, 0xb4, 0xff, 
0xc7, 0xbd, 0xb4, 0xff, 0xc7, 0xbd, 0xb4, 0xff, 0xc7, 0xbd, 0xb4, 0xff, 0xc7, 0xbd, 0xb4, 0xff, 
0xc7, 0xbd, 0xb4, 0xff, 0xc7, 0xbd, 0xb4, 0xff, 0xc7, 0xbd, 0xb4, 0xff, 0xc7, 0xbd, 0xb4, 0xff, 
0xc7, 0xbd, 0xb4, 0xff, 0xc7, 0xbd, 0xb4, 0xff, 0xc7, 0xbd, 0xb4, 0xff, 0xc7, 0xbd, 0xb4, 0xff, 
0xc7, 0xbc, 0xb3, 0xff, 0xc7, 0xbd, 0xb3, 0xff, 0xc7, 0xbd, 0xb3, 0xff, 0xc7, 0xbc, 0xb4, 0xff, 
0xc7, 0xbc, 0xb4, 0xff, 0xc7, 0xbc, 0xb3, 0xff, 0xc7, 0xbd, 0xb4, 0xff, 0xc7, 0xbc, 0xb4, 0xff, 
0xc7, 0xbc, 0xb4, 0xff, 0xc7, 0xbc, 0xb4, 0xff, 0xc7, 0xbc, 0xb3, 0xff, 0xc7, 0xbc, 0xb3, 0xff, 
0xc7, 0xbc, 0xb3, 0xff, 0xc7, 0xbc, 0xb3, 0xff, 0xc7, 0xbc, 0xb4, 0xff, 0xc7, 0xbd, 0xb4, 0xff, 
0xc7, 0xbc, 0xb3, 0xff, 0xc7, 0xbc, 0xb4, 0xff, 0xc7, 0xbc, 0xb4, 0xff, 0xc6, 0xbc, 0xb4, 0xff, 
0xc7, 0xbc, 0xb3, 0xff, 0xc7, 0xbc, 0xb4, 0xff, 0xc7, 0xbc, 0xb4, 0xff, 0xc7, 0xbc, 0xb4, 0xff, 
0xc7, 0xbc, 0xb4, 0xff, 0xc7, 0xbd, 0xb4, 0xff, 0xc7, 0xbc, 0xb4, 0xff, 0xc7, 0xbd, 0xb4, 0xff, 
0xc7, 0xbc, 0xb4, 0xff, 0xc7, 0xbd, 0xb4, 0xff, 0xc6, 0xbc, 0xb4, 0xff, 0xc7, 0xbd, 0xb4, 0xff, 
0xc7, 0xbd, 0xb4, 0xff, 0xc7, 0xbd, 0xb4, 0xff, 0xc7, 0xbd, 0xb4, 0xff, 0xc7, 0xbd, 0xb4, 0xff, 
0xc7, 0xbd, 0xb4, 0xff, 0xc7, 0xbd, 0xb4, 0xff, 0xc7, 0xbd, 0xb4, 0xff, 0xc7, 0xbd, 0xb4, 0xff, 
0xc7, 0xbd, 0xb4, 0xff, 0xc7, 0xbd, 0xb4, 0xff, 0xc7, 0xbd, 0xb4, 0xff, 0xc7, 0xbd, 0xb4, 0xff, 
0xc7, 0xbd, 0xb4, 0xff, 0xc7, 0xbd, 0xb4, 0xff, 0xc7, 0xbd, 0xb4, 0xff, 0xc7, 0xbd, 0xb4, 0xff, 
0xc7, 0xbd, 0xb3, 0xff, 0xc7, 0xbd, 0xb4, 0xff, 0xc7, 0xbd, 0xb4, 0xff, 0xc7, 0xbd, 0xb4, 0xff, 
0xc7, 0xbd, 0xb4, 0xff, 0xc7, 0xbd, 0xb4, 0xff, 0xc7, 0xbd, 0xb4, 0xff, 0xc7, 0xbd, 0xb4, 0xff, 
0xc7, 0xbd, 0xb4, 0xff, 0xc7, 0xbd, 0xb4, 0xff, 0xc7, 0xbd, 0xb4, 0xff, 0xc7, 0xbd, 0xb4, 0xff, 
0xc7, 0xbd, 0xb4, 0xff, 0xc7, 0xbd, 0xb4, 0xff, 0xc7, 0xbd, 0xb4, 0xff, 0xc8, 0xbe, 0xb4, 0xff, 
0xc8, 0xbe, 0xb4, 0xff, 0xc8, 0xbe, 0xb5, 0xff, 0xc8, 0xbe, 0xb5, 0xff, 0xc8, 0xbe, 0xb5, 0xff, 
0xc8, 0xbe, 0xb5, 0xff, 0xc8, 0xbe, 0xb5, 0xff, 0xc8, 0xbe, 0xb5, 0xff, 0xc8, 0xbe, 0xb5, 0xff, 
0xc8, 0xbe, 0xb5, 0xff, 0xc8, 0xbe, 0xb5, 0xff, 0xc8, 0xbe, 0xb5, 0xff, 0xc8, 0xbe, 0xb5, 0xff, 
0xc8, 0xbe, 0xb5, 0xff, 0xc8, 0xbe, 0xb5, 0xff, 0xc8, 0xbe, 0xb5, 0xff, 0xc8, 0xbe, 0xb6, 0xff, 
0xc8, 0xbe, 0xb6, 0xff, 0xc8, 0xbe, 0xb6, 0xff, 0xc8, 0xbe, 0xb5, 0xff, 0xc9, 0xbe, 0xb6, 0xff, 
0xc8, 0xbe, 0xb5, 0xff, 0xc8, 0xbe, 0xb5, 0xff, 0xc8, 0xbe, 0xb5, 0xff, 0xc9, 0xbe, 0xb6, 0xff, 
0xc9, 0xbf, 0xb6, 0xff, 0xc9, 0xbe, 0xb6, 0xff, 0xc8, 0xbe, 0xb5, 0xff, 0xc9, 0xbe, 0xb6, 0xff, 
0xc8, 0xbe, 0xb6, 0xff, 0xc8, 0xbe, 0xb5, 0xff, 0xc8, 0xbe, 0xb6, 0xff, 0xc8, 0xbe, 0xb6, 0xff, 
0xc8, 0xbe, 0xb6, 0xff, 0xc8, 0xbe, 0xb6, 0xff, 0xc8, 0xbe, 0xb6, 0xff, 0xc8, 0xbe, 0xb6, 0xff, 
0xc8, 0xbe, 0xb6, 0xff, 0xc8, 0xbe, 0xb5, 0xff, 0xc8, 0xbe, 0xb5, 0xff, 0xc8, 0xbe, 0xb5, 0xff, 
0xc8, 0xbe, 0xb5, 0xff, 0xc8, 0xbe, 0xb5, 0xff, 0xc8, 0xbe, 0xb5, 0xff, 0xc8, 0xbe, 0xb5, 0xff, 
0xc8, 0xbe, 0xb5, 0xff, 0xc8, 0xbe, 0xb5, 0xff, 0xc8, 0xbe, 0xb5, 0xff, 0xc8, 0xbe, 0xb5, 0xff, 
0xc8, 0xbe, 0xb5, 0xff, 0xc8, 0xbe, 0xb5, 0xff, 0xc8, 0xbe, 0xb5, 0xff, 0xc8, 0xbe, 0xb5, 0xff, 
0xc8, 0xbe, 0xb5, 0xff, 0xc8, 0xbe, 0xb5, 0xff, 0xc8, 0xbe, 0xb5, 0xff, 0xc8, 0xbe, 0xb5, 0xff, 
0xc8, 0xbe, 0xb5, 0xff, 0xc8, 0xbe, 0xb5, 0xff, 0xc8, 0xbe, 0xb5, 0xff, 0xc8, 0xbe, 0xb4, 0xff, 
0xc8, 0xbe, 0xb5, 0xff, 0xc8, 0xbe, 0xb5, 0xff, 0xc8, 0xbe, 0xb5, 0xff, 0xc8, 0xbe, 0xb5, 0xff, 
0xc8, 0xbe, 0xb5, 0xff, 0xc8, 0xbe, 0xb5, 0xff, 0xc8, 0xbe, 0xb5, 0xff, 0xc8, 0xbe, 0xb5, 0xff, 
0xc8, 0xbe, 0xb5, 0xff, 0xc8, 0xbd, 0xb4, 0xff, 0xc8, 0xbd, 0xb4, 0xff, 0xc8, 0xbe, 0xb5, 0xff, 
0xc8, 0xbe, 0xb5, 0xff, 0xc8, 0xbe, 0xb5, 0xff, 0xc8, 0xbe, 0xb4, 0xff, 0xc8, 0xbe, 0xb4, 0xff, 
0xc8, 0xbe, 0xb5, 0xff, 0xc7, 0xbd, 0xb4, 0xff, 0xc7, 0xbd, 0xb4, 0xff, 0xc7, 0xbd, 0xb4, 0xff, 
0xc7, 0xbd, 0xb4, 0xff, 0xc7, 0xbd, 0xb4, 0xff, 0xc7, 0xbd, 0xb4, 0xff, 0xc7, 0xbd, 0xb4, 0xff, 
0xc7, 0xbd, 0xb4, 0xff, 0xc7, 0xbd, 0xb4, 0xff, 0xc7, 0xbd, 0xb4, 0xff, 0xc7, 0xbd, 0xb4, 0xff, 
0xc7, 0xbd, 0xb4, 0xff, 0xc7, 0xbd, 0xb4, 0xff, 0xc7, 0xbd, 0xb4, 0xff, 0xc7, 0xbd, 0xb4, 0xff, 
0xc6, 0xbc, 0xb2, 0xff, 0xc6, 0xbc, 0xb2, 0xff, 0xc6, 0xbc, 0xb2, 0xff, 0xc6, 0xbc, 0xb2, 0xff, 
0xc6, 0xbc, 0xb2, 0xff, 0xc6, 0xbc, 0xb2, 0xff, 0xc6, 0xbc, 0xb2, 0xff, 0xc6, 0xbc, 0xb2, 0xff, 
0xc6, 0xbc, 0xb2, 0xff, 0xc6, 0xbc, 0xb2, 0xff, 0xc6, 0xbc, 0xb2, 0xff, 0xc6, 0xbc, 0xb2, 0xff, 
0xc6, 0xbc, 0xb2, 0xff, 0xc6, 0xbc, 0xb2, 0xff, 0xc6, 0xbc, 0xb2, 0xff, 0xc6, 0xbc, 0xb2, 0xff, 
0xc6, 0xbc, 0xb2, 0xff, 0xc6, 0xbb, 0xb2, 0xff, 0xc6, 0xbb, 0xb2, 0xff, 0xc6, 0xbb, 0xb2, 0xff, 
0xc6, 0xbb, 0xb2, 0xff, 0xc5, 0xbc, 0xb2, 0xff, 0xc5, 0xbc, 0xb3, 0xff, 0xc5, 0xbc, 0xb3, 0xff, 
0xc5, 0xbc, 0xb3, 0xff, 0xc6, 0xbc, 0xb3, 0xff, 0xc6, 0xbc, 0xb3, 0xff, 0xc6, 0xbc, 0xb3, 0xff, 
0xc6, 0xbc, 0xb3, 0xff, 0xc6, 0xbc, 0xb3, 0xff, 0xc6, 0xbc, 0xb3, 0xff, 0xc6, 0xbc, 0xb3, 0xff, 
0xc6, 0xbc, 0xb3, 0xff, 0xc6, 0xbc, 0xb3, 0xff, 0xc6, 0xbc, 0xb3, 0xff, 0xc6, 0xbc, 0xb3, 0xff, 
0xc6, 0xbc, 0xb3, 0xff, 0xc6, 0xbc, 0xb3, 0xff, 0xc6, 0xbc, 0xb3, 0xff, 0xc6, 0xbc, 0xb3, 0xff, 
0xc6, 0xbc, 0xb3, 0xff, 0xc5, 0xbc, 0xb3, 0xff, 0xc5, 0xbc, 0xb3, 0xff, 0xc5, 0xbb, 0xb2, 0xff, 
0xc5, 0xbc, 0xb3, 0xff, 0xc5, 0xbc, 0xb3, 0xff, 0xc6, 0xbc, 0xb3, 0xff, 0xc5, 0xbc, 0xb3, 0xff, 
0xc5, 0xbb, 0xb2, 0xff, 0xc5, 0xbb, 0xb2, 0xff, 0xc5, 0xbb, 0xb2, 0xff, 0xc5, 0xbb, 0xb2, 0xff, 
0xc5, 0xbb, 0xb3, 0xff, 0xc5, 0xbb, 0xb2, 0xff, 0xc5, 0xbb, 0xb3, 0xff, 0xc5, 0xbb, 0xb2, 0xff, 
0xc5, 0xbb, 0xb2, 0xff, 0xc5, 0xbb, 0xb2, 0xff, 0xc5, 0xbb, 0xb2, 0xff, 0xc5, 0xbb, 0xb2, 0xff, 
0xc5, 0xbb, 0xb2, 0xff, 0xc5, 0xbb, 0xb1, 0xff, 0xc5, 0xbb, 0xb2, 0xff, 0xc5, 0xbb, 0xb2, 0xff, 
0xc5, 0xbb, 0xb2, 0xff, 0xc5, 0xbb, 0xb2, 0xff, 0xc5, 0xbb, 0xb2, 0xff, 0xc6, 0xbb, 0xb2, 0xff, 
0xc6, 0xbb, 0xb2, 0xff, 0xc5, 0xbb, 0xb2, 0xff, 0xc6, 0xbb, 0xb2, 0xff, 0xc5, 0xbb, 0xb2, 0xff, 
0xc5, 0xbb, 0xb2, 0xff, 0xc5, 0xbb, 0xb2, 0xff, 0xc5, 0xbb, 0xb2, 0xff, 0xc5, 0xbb, 0xb2, 0xff, 
0xc5, 0xbb, 0xb2, 0xff, 0xc5, 0xbb, 0xb2, 0xff, 0xc5, 0xbb, 0xb2, 0xff, 0xc5, 0xbb, 0xb2, 0xff, 
0xc5, 0xbb, 0xb2, 0xff, 0xc5, 0xbb, 0xb2, 0xff, 0xc5, 0xbb, 0xb2, 0xff, 0xc5, 0xbb, 0xb2, 0xff, 
0xc5, 0xbb, 0xb2, 0xff, 0xc5, 0xbb, 0xb2, 0xff, 0xc5, 0xbb, 0xb2, 0xff, 0xc5, 0xbb, 0xb2, 0xff, 
0xc5, 0xbb, 0xb2, 0xff, 0xc5, 0xbb, 0xb2, 0xff, 0xc5, 0xbb, 0xb2, 0xff, 0xc5, 0xbb, 0xb2, 0xff, 
0xc5, 0xbb, 0xb2, 0xff, 0xc5, 0xbb, 0xb2, 0xff, 0xc5, 0xbb, 0xb2, 0xff, 0xc5, 0xbb, 0xb2, 0xff, 
0xc5, 0xbb, 0xb2, 0xff, 0xc5, 0xbb, 0xb2, 0xff, 0xc6, 0xbb, 0xb2, 0xff, 0xc6, 0xbb, 0xb2, 0xff, 
0xc6, 0xbb, 0xb2, 0xff, 0xc5, 0xbb, 0xb2, 0xff, 0xc5, 0xbb, 0xb2, 0xff, 0xc5, 0xbb, 0xb2, 0xff, 
0xc5, 0xbb, 0xb2, 0xff, 0xc5, 0xbb, 0xb2, 0xff, 0xc5, 0xbb, 0xb2, 0xff, 0xc5, 0xbb, 0xb2, 0xff, 
0xc5, 0xbb, 0xb2, 0xff, 0xc6, 0xbc, 0xb2, 0xff, 0xc5, 0xbb, 0xb2, 0xff, 0xc5, 0xbb, 0xb2, 0xff, 
0xc5, 0xbb, 0xb2, 0xff, 0xc6, 0xbb, 0xb2, 0xff, 0xc5, 0xbb, 0xb2, 0xff, 0xc5, 0xbb, 0xb2, 0xff, 
0xc5, 0xbb, 0xb2, 0xff, 0xc5, 0xbb, 0xb2, 0xff, 0xc5, 0xbb, 0xb2, 0xff, 0xc5, 0xbb, 0xb2, 0xff, 
0xc5, 0xbb, 0xb2, 0xff, 0xc5, 0xbb, 0xb2, 0xff, 0xc5, 0xbb, 0xb2, 0xff, 0xc5, 0xbb, 0xb2, 0xff, 
0xc5, 0xbb, 0xb2, 0xff, 0xc5, 0xbb, 0xb2, 0xff, 0xc5, 0xbb, 0xb2, 0xff, 0xc5, 0xbb, 0xb2, 0xff, 
0xc6, 0xbb, 0xb2, 0xff, 0xc5, 0xbb, 0xb2, 0xff, 0xc6, 0xbb, 0xb2, 0xff, 0xc5, 0xbb, 0xb2, 0xff, 
0xc5, 0xbb, 0xb2, 0xff, 0xc5, 0xbb, 0xb2, 0xff, 0xc5, 0xbb, 0xb2, 0xff, 0xc5, 0xbb, 0xb2, 0xff, 
0xc5, 0xbb, 0xb2, 0xff, 0xc5, 0xbb, 0xb2, 0xff, 0xc5, 0xbb, 0xb2, 0xff, 0xc5, 0xbb, 0xb2, 0xff, 
0xc5, 0xbb, 0xb2, 0xff, 0xc5, 0xbb, 0xb2, 0xff, 0xc5, 0xbb, 0xb2, 0xff, 0xc5, 0xbb, 0xb2, 0xff, 
0xc5, 0xbb, 0xb2, 0xff, 0xc5, 0xbb, 0xb2, 0xff, 0xc5, 0xbb, 0xb2, 0xff, 0xc5, 0xbb, 0xb2, 0xff, 
0xc5, 0xbb, 0xb2, 0xff, 0xc5, 0xbb, 0xb2, 0xff, 0xc5, 0xbb, 0xb2, 0xff, 0xc5, 0xbb, 0xb2, 0xff, 
0xc5, 0xbb, 0xb2, 0xff, 0xc5, 0xbb, 0xb2, 0xff, 0xc5, 0xbb, 0xb2, 0xff, 0xc5, 0xbb, 0xb2, 0xff, 
0xc5, 0xbc, 0xb3, 0xff, 0xc6, 0xbc, 0xb2, 0xff, 0xc6, 0xbc, 0xb3, 0xff, 0xc5, 0xbb, 0xb3, 0xff, 
0xc6, 0xbc, 0xb3, 0xff, 0xc6, 0xbc, 0xb2, 0xff, 0xc6, 0xbc, 0xb2, 0xff, 0xc6, 0xbc, 0xb2, 0xff, 
0xc6, 0xbc, 0xb2, 0xff, 0xc6, 0xbc, 0xb3, 0xff, 0xc6, 0xbc, 0xb3, 0xff, 0xc6, 0xbc, 0xb3, 0xff, 
0xc7, 0xbd, 0xb3, 0xff, 0xc6, 0xbd, 0xb3, 0xff, 0xc6, 0xbc, 0xb3, 0xff, 0xc6, 0xbc, 0xb3, 0xff, 
0xc6, 0xbd, 0xb4, 0xff, 0xc6, 0xbc, 0xb4, 0xff, 0xc7, 0xbd, 0xb3, 0xff, 0xc7, 0xbd, 0xb3, 0xff, 
0xc7, 0xbd, 0xb3, 0xff, 0xc7, 0xbd, 0xb3, 0xff, 0xc7, 0xbd, 0xb4, 0xff, 0xc8, 0xbd, 0xb4, 0xff, 
0xc8, 0xbd, 0xb4, 0xff, 0xc7, 0xbd, 0xb4, 0xff, 0xc7, 0xbd, 0xb4, 0xff, 0xc7, 0xbd, 0xb4, 0xff, 
0xc7, 0xbd, 0xb4, 0xff, 0xc7, 0xbd, 0xb4, 0xff, 0xc7, 0xbd, 0xb4, 0xff, 0xc7, 0xbd, 0xb4, 0xff, 
0xc7, 0xbd, 0xb4, 0xff, 0xc7, 0xbd, 0xb4, 0xff, 0xc7, 0xbd, 0xb4, 0xff, 0xc7, 0xbd, 0xb4, 0xff, 
0xc8, 0xbd, 0xb4, 0xff, 0xc7, 0xbd, 0xb4, 0xff, 0xc7, 0xbd, 0xb3, 0xff, 0xc7, 0xbd, 0xb3, 0xff, 
0xc7, 0xbd, 0xb3, 0xff, 0xc7, 0xbd, 0xb3, 0xff, 0xc7, 0xbd, 0xb3, 0xff, 0xc7, 0xbd, 0xb3, 0xff, 
0xc7, 0xbd, 0xb3, 0xff, 0xc7, 0xbc, 0xb3, 0xff, 0xc6, 0xbc, 0xb3, 0xff, 0xc6, 0xbc, 0xb3, 0xff, 
0xc6, 0xbc, 0xb3, 0xff, 0xc6, 0xbc, 0xb3, 0xff, 0xc6, 0xbc, 0xb3, 0xff, 0xc6, 0xbc, 0xb3, 0xff, 
0xc6, 0xbc, 0xb3, 0xff, 0xc6, 0xbc, 0xb3, 0xff, 0xc6, 0xbc, 0xb3, 0xff, 0xc6, 0xbc, 0xb3, 0xff, 
0xc6, 0xbc, 0xb3, 0xff, 0xc6, 0xbc, 0xb3, 0xff, 0xc6, 0xbc, 0xb3, 0xff, 0xc6, 0xbc, 0xb3, 0xff, 
0xc7, 0xbc, 0xb3, 0xff, 0xc6, 0xbc, 0xb3, 0xff, 0xc6, 0xbd, 0xb4, 0xff, 0xc6, 0xbc, 0xb4, 0xff, 
0xc6, 0xbc, 0xb4, 0xff, 0xc6, 0xbc, 0xb4, 0xff, 0xc6, 0xbc, 0xb4, 0xff, 0xc6, 0xbd, 0xb4, 0xff, 
0xc6, 0xbc, 0xb4, 0xff, 0xc6, 0xbd, 0xb4, 0xff, 0xc6, 0xbd, 0xb3, 0xff, 0xc6, 0xbc, 0xb3, 0xff, 
0xc6, 0xbc, 0xb3, 0xff, 0xc6, 0xbc, 0xb4, 0xff, 0xc6, 0xbc, 0xb4, 0xff, 0xc6, 0xbc, 0xb4, 0xff, 
0xc6, 0xbc, 0xb3, 0xff, 0xc6, 0xbc, 0xb4, 0xff, 0xc6, 0xbc, 0xb4, 0xff, 0xc6, 0xbc, 0xb3, 0xff, 
0xc6, 0xbc, 0xb3, 0xff, 0xc6, 0xbd, 0xb3, 0xff, 0xc6, 0xbc, 0xb4, 0xff, 0xc6, 0xbc, 0xb4, 0xff, 
0xc7, 0xbc, 0xb3, 0xff, 0xc6, 0xbc, 0xb3, 0xff, 0xc6, 0xbc, 0xb3, 0xff, 0xc6, 0xbc, 0xb3, 0xff, 
0xc7, 0xbc, 0xb3, 0xff, 0xc6, 0xbc, 0xb3, 0xff, 0xc6, 0xbc, 0xb3, 0xff, 0xc6, 0xbc, 0xb3, 0xff, 
0xc6, 0xbc, 0xb3, 0xff, 0xc6, 0xbc, 0xb2, 0xff, 0xc6, 0xbc, 0xb2, 0xff, 0xc6, 0xbc, 0xb2, 0xff, 
0xc6, 0xbc, 0xb2, 0xff, 0xc6, 0xbc, 0xb2, 0xff, 0xc6, 0xbc, 0xb3, 0xff, 0xc6, 0xbc, 0xb2, 0xff, 
0xc5, 0xbb, 0xb3, 0xff, 0xc5, 0xbb, 0xb3, 0xff, 0xc5, 0xbb, 0xb3, 0xff, 0xc5, 0xbb, 0xb3, 0xff, 
0xc5, 0xbb, 0xb3, 0xff, 0xc5, 0xbb, 0xb3, 0xff, 0xc5, 0xbb, 0xb3, 0xff, 0xc5, 0xbb, 0xb3, 0xff, 
0xc5, 0xbb, 0xb3, 0xff, 0xc5, 0xbb, 0xb3, 0xff, 0xc5, 0xbb, 0xb3, 0xff, 0xc5, 0xbb, 0xb3, 0xff, 
0xc5, 0xbb, 0xb3, 0xff, 0xc5, 0xbb, 0xb3, 0xff, 0xc5, 0xbb, 0xb3, 0xff, 0xc5, 0xbb, 0xb3, 0xff, 
0xc4, 0xbb, 0xb3, 0xff, 0xc5, 0xbb, 0xb3, 0xff, 0xc4, 0xbb, 0xb3, 0xff, 0xc4, 0xbb, 0xb3, 0xff, 
0xc4, 0xbb, 0xb3, 0xff, 0xc4, 0xbb, 0xb3, 0xff, 0xc4, 0xbb, 0xb3, 0xff, 0xc4, 0xbb, 0xb2, 0xff, 
0xc4, 0xbb, 0xb2, 0xff, 0xc4, 0xbb, 0xb3, 0xff, 0xc4, 0xbb, 0xb3, 0xff, 0xc4, 0xbb, 0xb3, 0xff, 
0xc4, 0xbb, 0xb4, 0xff, 0xc4, 0xbb, 0xb4, 0xff, 0xc4, 0xbb, 0xb4, 0xff, 0xc4, 0xbb, 0xb4, 0xff, 
0xc4, 0xbb, 0xb4, 0xff, 0xc4, 0xbb, 0xb4, 0xff, 0xc4, 0xbb, 0xb4, 0xff, 0xc4, 0xbb, 0xb4, 0xff, 
0xc4, 0xbb, 0xb4, 0xff, 0xc4, 0xbb, 0xb4, 0xff, 0xc4, 0xbb, 0xb4, 0xff, 0xc4, 0xbb, 0xb4, 0xff, 
0xc4, 0xbb, 0xb4, 0xff, 0xc4, 0xbb, 0xb4, 0xff, 0xc4, 0xbb, 0xb4, 0xff, 0xc4, 0xbb, 0xb4, 0xff, 
0xc4, 0xbb, 0xb4, 0xff, 0xc4, 0xbb, 0xb4, 0xff, 0xc4, 0xbb, 0xb4, 0xff, 0xc4, 0xbb, 0xb4, 0xff, 
0xc4, 0xbb, 0xb4, 0xff, 0xc4, 0xbb, 0xb4, 0xff, 0xc4, 0xbb, 0xb4, 0xff, 0xc4, 0xbb, 0xb3, 0xff, 
0xc4, 0xbb, 0xb3, 0xff, 0xc4, 0xbb, 0xb4, 0xff, 0xc4, 0xbb, 0xb3, 0xff, 0xc4, 0xbb, 0xb3, 0xff, 
0xc4, 0xbb, 0xb3, 0xff, 0xc4, 0xba, 0xb2, 0xff, 0xc4, 0xba, 0xb2, 0xff, 0xc4, 0xba, 0xb2, 0xff, 
0xc4, 0xba, 0xb2, 0xff, 0xc3, 0xba, 0xb2, 0xff, 0xc3, 0xba, 0xb2, 0xff, 0xc3, 0xba, 0xb2, 0xff, 
0xc4, 0xba, 0xb2, 0xff, 0xc4, 0xba, 0xb2, 0xff, 0xc4, 0xbb, 0xb2, 0xff, 0xc4, 0xba, 0xb3, 0xff, 
0xc4, 0xbb, 0xb2, 0xff, 0xc4, 0xbb, 0xb2, 0xff, 0xc4, 0xbb, 0xb2, 0xff, 0xc4, 0xbb, 0xb2, 0xff, 
0xc4, 0xbb, 0xb3, 0xff, 0xc3, 0xba, 0xb2, 0xff, 0xc4, 0xba, 0xb2, 0xff, 0xc4, 0xba, 0xb2, 0xff, 
0xc4, 0xba, 0xb2, 0xff, 0xc3, 0xba, 0xb2, 0xff, 0xc3, 0xba, 0xb2, 0xff, 0xc4, 0xba, 0xb2, 0xff, 
0xc4, 0xba, 0xb2, 0xff, 0xc4, 0xba, 0xb2, 0xff, 0xc4, 0xba, 0xb2, 0xff, 0xc4, 0xba, 0xb2, 0xff, 
0xc4, 0xba, 0xb2, 0xff, 0xc4, 0xba, 0xb2, 0xff, 0xc4, 0xba, 0xb2, 0xff, 0xc4, 0xba, 0xb2, 0xff, 
0xc4, 0xba, 0xb2, 0xff, 0xc4, 0xba, 0xb2, 0xff, 0xc4, 0xba, 0xb2, 0xff, 0xc4, 0xba, 0xb2, 0xff, 
0xc4, 0xba, 0xb2, 0xff, 0xc4, 0xba, 0xb2, 0xff, 0xc4, 0xba, 0xb2, 0xff, 0xc4, 0xba, 0xb2, 0xff, 
0xc4, 0xba, 0xb2, 0xff, 0xc4, 0xba, 0xb2, 0xff, 0xc4, 0xba, 0xb2, 0xff, 0xc4, 0xba, 0xb2, 0xff, 
0xc4, 0xba, 0xb2, 0xff, 0xc4, 0xba, 0xb3, 0xff, 0xc3, 0xba, 0xb3, 0xff, 0xc4, 0xbb, 0xb2, 0xff, 
0xc4, 0xbb, 0xb3, 0xff, 0xc4, 0xbb, 0xb3, 0xff, 0xc4, 0xbb, 0xb3, 0xff, 0xc4, 0xbb, 0xb3, 0xff, 
0xc4, 0xbb, 0xb3, 0xff, 0xc3, 0xba, 0xb1, 0xff, 0xc4, 0xbb, 0xb3, 0xff, 0xc4, 0xbb, 0xb3, 0xff, 
0xc4, 0xbb, 0xb3, 0xff, 0xc4, 0xba, 0xb3, 0xff, 0xc4, 0xbb, 0xb2, 0xff, 0xc4, 0xbb, 0xb2, 0xff, 
0xc4, 0xbb, 0xb2, 0xff, 0xc3, 0xba, 0xb3, 0xff, 0xc4, 0xbb, 0xb3, 0xff, 0xc4, 0xbb, 0xb3, 0xff, 
0xc4, 0xbb, 0xb4, 0xff, 0xc3, 0xba, 0xb3, 0xff, 0xc4, 0xba, 0xb3, 0xff, 0xc4, 0xbb, 0xb3, 0xff, 
0xc4, 0xbb, 0xb3, 0xff, 0xc3, 0xba, 0xb2, 0xff, 0xc4, 0xbb, 0xb2, 0xff, 0xc4, 0xba, 0xb2, 0xff, 
0xc4, 0xbb, 0xb2, 0xff, 0xc4, 0xba, 0xb2, 0xff, 0xc4, 0xba, 0xb2, 0xff, 0xc4, 0xba, 0xb2, 0xff, 
0xc4, 0xba, 0xb2, 0xff, 0xc4, 0xba, 0xb2, 0xff, 0xc4, 0xba, 0xb2, 0xff, 0xc4, 0xba, 0xb2, 0xff, 
0xc4, 0xba, 0xb2, 0xff, 0xc4, 0xba, 0xb2, 0xff, 0xc4, 0xba, 0xb2, 0xff, 0xc4, 0xba, 0xb1, 0xff, 
0xc4, 0xba, 0xb2, 0xff, 0xc4, 0xba, 0xb2, 0xff, 0xc4, 0xba, 0xb2, 0xff, 0xc4, 0xba, 0xb2, 0xff, 
0xc4, 0xba, 0xb2, 0xff, 0xc4, 0xba, 0xb2, 0xff, 0xc4, 0xba, 0xb2, 0xff, 0xc4, 0xba, 0xb2, 0xff, 
0xc4, 0xba, 0xb2, 0xff, 0xc4, 0xba, 0xb2, 0xff, 0xc4, 0xba, 0xb2, 0xff, 0xc4, 0xba, 0xb2, 0xff, 
0xc4, 0xba, 0xb2, 0xff, 0xc4, 0xba, 0xb2, 0xff, 0xc4, 0xba, 0xb2, 0xff, 0xc3, 0xba, 0xb2, 0xff, 
0xc4, 0xba, 0xb3, 0xff, 0xc4, 0xbb, 0xb3, 0xff, 0xc4, 0xbb, 0xb4, 0xff, 0xc4, 0xbb, 0xb4, 0xff, 
0xc4, 0xbb, 0xb4, 0xff, 0xc5, 0xbb, 0xb3, 0xff, 0xc4, 0xbb, 0xb3, 0xff, 0xc4, 0xbb, 0xb3, 0xff, 
0xc4, 0xbb, 0xb3, 0xff, 0xc5, 0xbb, 0xb3, 0xff, 0xc5, 0xbb, 0xb3, 0xff, 0xc5, 0xbb, 0xb3, 0xff, 
0xc5, 0xbb, 0xb3, 0xff, 0xc4, 0xbb, 0xb4, 0xff, 0xc4, 0xbb, 0xb4, 0xff, 0xc4, 0xbb, 0xb4, 0xff, 
0xc5, 0xbc, 0xb4, 0xff, 0xc5, 0xbc, 0xb5, 0xff, 0xc5, 0xbc, 0xb5, 0xff, 0xc6, 0xbc, 0xb4, 0xff, 
0xc6, 0xbc, 0xb4, 0xff, 0xc6, 0xbc, 0xb4, 0xff, 0xc6, 0xbc, 0xb4, 0xff, 0xc6, 0xbc, 0xb4, 0xff, 
0xc6, 0xbc, 0xb4, 0xff, 0xc6, 0xbc, 0xb4, 0xff, 0xc6, 0xbd, 0xb5, 0xff, 0xc5, 0xbc, 0xb5, 0xff, 
0xc6, 0xbc, 0xb5, 0xff, 0xc5, 0xbc, 0xb5, 0xff, 0xc6, 0xbd, 0xb5, 0xff, 0xc6, 0xbd, 0xb5, 0xff, 
0xc6, 0xbd, 0xb5, 0xff, 0xc6, 0xbc, 0xb5, 0xff, 0xc6, 0xbd, 0xb5, 0xff, 0xc6, 0xbd, 0xb4, 0xff, 
0xc6, 0xbd, 0xb4, 0xff, 0xc6, 0xbc, 0xb4, 0xff, 0xc6, 0xbc, 0xb4, 0xff, 0xc6, 0xbc, 0xb4, 0xff, 
0xc6, 0xbc, 0xb4, 0xff, 0xc6, 0xbc, 0xb4, 0xff, 0xc5, 0xbc, 0xb4, 0xff, 0xc5, 0xbc, 0xb4, 0xff, 
0xc5, 0xbc, 0xb4, 0xff, 0xc6, 0xbc, 0xb4, 0xff, 0xc6, 0xbc, 0xb4, 0xff, 0xc5, 0xbc, 0xb4, 0xff, 
0xc5, 0xbc, 0xb4, 0xff, 0xc4, 0xbb, 0xb3, 0xff, 0xc5, 0xbb, 0xb4, 0xff, 0xc4, 0xbb, 0xb4, 0xff, 
0xc5, 0xbb, 0xb4, 0xff, 0xc5, 0xbb, 0xb4, 0xff, 0xc5, 0xbb, 0xb4, 0xff, 0xc5, 0xbc, 0xb4, 0xff, 
0xc5, 0xbb, 0xb4, 0xff, 0xc5, 0xbb, 0xb3, 0xff, 0xc5, 0xbb, 0xb3, 0xff, 0xc5, 0xbb, 0xb3, 0xff, 
0xc5, 0xbc, 0xb4, 0xff, 0xc5, 0xbc, 0xb4, 0xff, 0xc5, 0xbc, 0xb5, 0xff, 0xc5, 0xbc, 0xb5, 0xff, 
0xc5, 0xbc, 0xb5, 0xff, 0xc5, 0xbc, 0xb4, 0xff, 0xc5, 0xbc, 0xb4, 0xff, 0xc5, 0xbc, 0xb4, 0xff, 
0xc4, 0xbb, 0xb4, 0xff, 0xc5, 0xbc, 0xb5, 0xff, 0xc5, 0xbc, 0xb4, 0xff, 0xc5, 0xbc, 0xb4, 0xff, 
0xc5, 0xbc, 0xb4, 0xff, 0xc5, 0xbc, 0xb5, 0xff, 0xc5, 0xbc, 0xb5, 0xff, 0xc5, 0xbc, 0xb5, 0xff, 
0xc5, 0xbc, 0xb4, 0xff, 0xc5, 0xbc, 0xb5, 0xff, 0xc5, 0xbc, 0xb5, 0xff, 0xc5, 0xbc, 0xb4, 0xff, 
0xc5, 0xbc, 0xb4, 0xff, 0xc5, 0xbc, 0xb4, 0xff, 0xc5, 0xbc, 0xb5, 0xff, 0xc5, 0xbc, 0xb5, 0xff, 
0xc5, 0xbc, 0xb4, 0xff, 0xc5, 0xbc, 0xb3, 0xff, 0xc5, 0xbc, 0xb4, 0xff, 0xc5, 0xbb, 0xb4, 0xff, 
0xc5, 0xbc, 0xb4, 0xff, 0xc5, 0xbc, 0xb4, 0xff, 0xc5, 0xbb, 0xb3, 0xff, 0xc5, 0xbb, 0xb3, 0xff, 
0xc5, 0xbb, 0xb3, 0xff, 0xc5, 0xbb, 0xb3, 0xff, 0xc5, 0xbb, 0xb3, 0xff, 0xc5, 0xbb, 0xb3, 0xff, 
0xc5, 0xbb, 0xb3, 0xff, 0xc5, 0xbb, 0xb2, 0xff, 0xc5, 0xbb, 0xb3, 0xff, 0xc5, 0xbb, 0xb3, 0xff, 
0xc2, 0xb9, 0xb2, 0xff, 0xc2, 0xb9, 0xb2, 0xff, 0xc2, 0xb8, 0xb2, 0xff, 0xc2, 0xb8, 0xb2, 0xff, 
0xc2, 0xb8, 0xb2, 0xff, 0xc2, 0xb8, 0xb2, 0xff, 0xc2, 0xb9, 0xb2, 0xff, 0xc2, 0xb9, 0xb2, 0xff, 
0xc2, 0xb9, 0xb2, 0xff, 0xc2, 0xb9, 0xb2, 0xff, 0xc2, 0xb9, 0xb2, 0xff, 0xc2, 0xb8, 0xb1, 0xff, 
0xc1, 0xb9, 0xb1, 0xff, 0xc2, 0xb8, 0xb1, 0xff, 0xc2, 0xb9, 0xb2, 0xff, 0xc1, 0xb8, 0xb1, 0xff, 
0xc2, 0xb8, 0xb2, 0xff, 0xc2, 0xb8, 0xb2, 0xff, 0xc2, 0xb8, 0xb1, 0xff, 0xc1, 0xb8, 0xb1, 0xff, 
0xc2, 0xb8, 0xb1, 0xff, 0xc1, 0xb8, 0xb1, 0xff, 0xc2, 0xb9, 0xb1, 0xff, 0xc1, 0xb8, 0xb0, 0xff, 
0xc1, 0xb8, 0xb0, 0xff, 0xc1, 0xb8, 0xb0, 0xff, 0xc1, 0xb8, 0xb0, 0xff, 0xc1, 0xb8, 0xb1, 0xff, 
0xc1, 0xb8, 0xb1, 0xff, 0xc1, 0xb8, 0xb1, 0xff, 0xc1, 0xb8, 0xb1, 0xff, 0xc1, 0xb8, 0xb1, 0xff, 
0xc1, 0xb8, 0xb1, 0xff, 0xc1, 0xb8, 0xb1, 0xff, 0xc1, 0xb8, 0xb1, 0xff, 0xc1, 0xb8, 0xb1, 0xff, 
0xc1, 0xb8, 0xb1, 0xff, 0xc1, 0xb8, 0xb1, 0xff, 0xc1, 0xb8, 0xb1, 0xff, 0xc1, 0xb8, 0xb1, 0xff, 
0xc1, 0xb9, 0xb1, 0xff, 0xc1, 0xb9, 0xb1, 0xff, 0xc1, 0xb9, 0xb1, 0xff, 0xc1, 0xb9, 0xb1, 0xff, 
0xc1, 0xb9, 0xb1, 0xff, 0xc1, 0xb9, 0xb1, 0xff, 0xc2, 0xb8, 0xb1, 0xff, 0xc2, 0xb9, 0xb2, 0xff, 
0xc2, 0xb9, 0xb2, 0xff, 0xc1, 0xb8, 0xb1, 0xff, 0xc1, 0xb8, 0xb1, 0xff, 0xc1, 0xb8, 0xb0, 0xff, 
0xc1, 0xb8, 0xb0, 0xff, 0xc1, 0xb7, 0xb1, 0xff, 0xc1, 0xb8, 0xb0, 0xff, 0xc1, 0xb8, 0xb0, 0xff, 
0xc1, 0xb8, 0xb1, 0xff, 0xc1, 0xb8, 0xb0, 0xff, 0xc1, 0xb8, 0xb0, 0xff, 0xc1, 0xb8, 0xb1, 0xff, 
0xc1, 0xb8, 0xb1, 0xff, 0xc1, 0xb7, 0xb0, 0xff, 0xc1, 0xb8, 0xb1, 0xff, 0xc1, 0xb8, 0xb1, 0xff, 
0xc1, 0xb8, 0xb1, 0xff, 0xc1, 0xb8, 0xb0, 0xff, 0xc1, 0xb8, 0xb0, 0xff, 0xc1, 0xb8, 0xb1, 0xff, 
0xc1, 0xb8, 0xb1, 0xff, 0xc1, 0xb8, 0xb1, 0xff, 0xc1, 0xb8, 0xb1, 0xff, 0xc1, 0xb8, 0xb0, 0xff, 
0xc1, 0xb8, 0xb1, 0xff, 0xc1, 0xb8, 0xb1, 0xff, 0xc1, 0xb7, 0xb1, 0xff, 0xc1, 0xb7, 0xb0, 0xff, 
0xc1, 0xb7, 0xb0, 0xff, 0xc1, 0xb8, 0xb1, 0xff, 0xc1, 0xb8, 0xb1, 0xff, 0xc0, 0xb8, 0xb1, 0xff, 
0xc1, 0xb8, 0xb1, 0xff, 0xc0, 0xb7, 0xb0, 0xff, 0xc0, 0xb7, 0xb0, 0xff, 0xc0, 0xb7, 0xb0, 0xff, 
0xc1, 0xb7, 0xb0, 0xff, 0xc1, 0xb7, 0xb0, 0xff, 0xc1, 0xb8, 0xb1, 0xff, 0xc1, 0xb7, 0xb0, 0xff, 
0xc1, 0xb8, 0xb0, 0xff, 0xc1, 0xb8, 0xb0, 0xff, 0xc1, 0xb7, 0xb0, 0xff, 0xc1, 0xb7, 0xb0, 0xff, 
0xc1, 0xb7, 0xb0, 0xff, 0xc1, 0xb7, 0xb0, 0xff, 0xc1, 0xb7, 0xb1, 0xff, 0xc1, 0xb8, 0xb1, 0xff, 
0xc1, 0xb8, 0xb1, 0xff, 0xc1, 0xb8, 0xb1, 0xff, 0xc1, 0xb8, 0xb1, 0xff, 0xc1, 0xb8, 0xb1, 0xff, 
0xc1, 0xb8, 0xb1, 0xff, 0xc1, 0xb8, 0xb1, 0xff, 0xc1, 0xb8, 0xb1, 0xff, 0xc1, 0xb8, 0xb1, 0xff, 
0xc1, 0xb8, 0xb1, 0xff, 0xc1, 0xb8, 0xb1, 0xff, 0xc1, 0xb8, 0xb1, 0xff, 0xc1, 0xb8, 0xb1, 0xff, 
0xc2, 0xb8, 0xb2, 0xff, 0xc1, 0xb8, 0xb1, 0xff, 0xc2, 0xb8, 0xb1, 0xff, 0xc1, 0xb8, 0xb1, 0xff, 
0xc2, 0xb8, 0xb1, 0xff, 0xc1, 0xb8, 0xb1, 0xff, 0xc2, 0xb9, 0xb1, 0xff, 0xc2, 0xb9, 0xb1, 0xff, 
0xc2, 0xb8, 0xb1, 0xff, 0xc2, 0xb9, 0xb2, 0xff, 0xc1, 0xb8, 0xb1, 0xff, 0xc1, 0xb8, 0xb1, 0xff, 
0xc1, 0xb8, 0xb1, 0xff, 0xc1, 0xb8, 0xb1, 0xff, 0xc1, 0xb9, 0xb2, 0xff, 0xc1, 0xb8, 0xb1, 0xff, 
0xc1, 0xb8, 0xb1, 0xff, 0xc1, 0xb8, 0xb1, 0xff, 0xc1, 0xb8, 0xb1, 0xff, 0xc1, 0xb8, 0xb1, 0xff, 
0xc1, 0xb8, 0xb0, 0xff, 0xc1, 0xb7, 0xb1, 0xff, 0xc0, 0xb7, 0xb0, 0xff, 0xc1, 0xb8, 0xb1, 0xff, 
0xc1, 0xb8, 0xb1, 0xff, 0xc1, 0xb8, 0xb1, 0xff, 0xc1, 0xb7, 0xb1, 0xff, 0xc1, 0xb7, 0xb1, 0xff, 
0xc1, 0xb7, 0xb1, 0xff, 0xc1, 0xb7, 0xb0, 0xff, 0xc1, 0xb7, 0xb1, 0xff, 0xc1, 0xb8, 0xb0, 0xff, 
0xc1, 0xb8, 0xb1, 0xff, 0xc1, 0xb8, 0xb1, 0xff, 0xc1, 0xb8, 0xb1, 0xff, 0xc1, 0xb8, 0xb1, 0xff, 
0xc1, 0xb8, 0xb1, 0xff, 0xc1, 0xb8, 0xb1, 0xff, 0xc1, 0xb8, 0xb1, 0xff, 0xc1, 0xb8, 0xb1, 0xff, 
0xc1, 0xb8, 0xb1, 0xff, 0xc1, 0xb8, 0xb1, 0xff, 0xc1, 0xb8, 0xb1, 0xff, 0xc1, 0xb8, 0xb1, 0xff, 
0xc1, 0xb8, 0xb1, 0xff, 0xc1, 0xb8, 0xb1, 0xff, 0xc1, 0xb8, 0xb1, 0xff, 0xc1, 0xb8, 0xb0, 0xff, 
0xc1, 0xb8, 0xb0, 0xff, 0xc0, 0xb8, 0xb0, 0xff, 0xc1, 0xb8, 0xb1, 0xff, 0xc1, 0xb8, 0xb1, 0xff, 
0xc1, 0xb8, 0xb1, 0xff, 0xc1, 0xb9, 0xb2, 0xff, 0xc1, 0xb8, 0xb1, 0xff, 0xc2, 0xb9, 0xb2, 0xff, 
0xc2, 0xb9, 0xb2, 0xff, 0xc2, 0xb9, 0xb2, 0xff, 0xc2, 0xb9, 0xb2, 0xff, 0xc2, 0xb9, 0xb2, 0xff, 
0xc2, 0xb8, 0xb2, 0xff, 0xc2, 0xb8, 0xb1, 0xff, 0xc2, 0xb9, 0xb2, 0xff, 0xc2, 0xb9, 0xb2, 0xff, 
0xc2, 0xb9, 0xb1, 0xff, 0xc2, 0xb9, 0xb2, 0xff, 0xc3, 0xba, 0xb3, 0xff, 0xc3, 0xb9, 0xb2, 0xff, 
0xc3, 0xba, 0xb3, 0xff, 0xc3, 0xb9, 0xb3, 0xff, 0xc3, 0xb9, 0xb3, 0xff, 0xc3, 0xba, 0xb3, 0xff, 
0xc3, 0xba, 0xb2, 0xff, 0xc3, 0xba, 0xb3, 0xff, 0xc3, 0xba, 0xb3, 0xff, 0xc3, 0xba, 0xb3, 0xff, 
0xc3, 0xba, 0xb3, 0xff, 0xc3, 0xba, 0xb3, 0xff, 0xc3, 0xba, 0xb3, 0xff, 0xc3, 0xba, 0xb3, 0xff, 
0xc3, 0xba, 0xb3, 0xff, 0xc3, 0xba, 0xb3, 0xff, 0xc3, 0xba, 0xb3, 0xff, 0xc3, 0xba, 0xb3, 0xff, 
0xc3, 0xb9, 0xb2, 0xff, 0xc2, 0xba, 0xb2, 0xff, 0xc3, 0xb9, 0xb3, 0xff, 0xc3, 0xba, 0xb3, 0xff, 
0xc2, 0xba, 0xb3, 0xff, 0xc2, 0xba, 0xb3, 0xff, 0xc2, 0xb9, 0xb2, 0xff, 0xc2, 0xb9, 0xb2, 0xff, 
0xc2, 0xba, 0xb3, 0xff, 0xc3, 0xba, 0xb3, 0xff, 0xc2, 0xba, 0xb3, 0xff, 0xc3, 0xba, 0xb3, 0xff, 
0xc2, 0xb9, 0xb1, 0xff, 0xc2, 0xb9, 0xb2, 0xff, 0xc2, 0xb9, 0xb2, 0xff, 0xc2, 0xba, 0xb2, 0xff, 
0xc2, 0xb9, 0xb2, 0xff, 0xc2, 0xb9, 0xb2, 0xff, 0xc2, 0xb9, 0xb2, 0xff, 0xc2, 0xb9, 0xb2, 0xff, 
0xc2, 0xb9, 0xb2, 0xff, 0xc2, 0xb9, 0xb2, 0xff, 0xc2, 0xb9, 0xb2, 0xff, 0xc2, 0xb9, 0xb2, 0xff, 
0xc2, 0xb9, 0xb2, 0xff, 0xc2, 0xb9, 0xb2, 0xff, 0xc2, 0xb9, 0xb2, 0xff, 0xc3, 0xb9, 0xb2, 0xff, 
0xc3, 0xba, 0xb3, 0xff, 0xc2, 0xba, 0xb1, 0xff, 0xc2, 0xb9, 0xb1, 0xff, 0xc2, 0xb9, 0xb2, 0xff, 
0xc2, 0xb9, 0xb2, 0xff, 0xc2, 0xba, 0xb2, 0xff, 0xc2, 0xba, 0xb2, 0xff, 0xc2, 0xb9, 0xb2, 0xff, 
0xc3, 0xba, 0xb3, 0xff, 0xc3, 0xba, 0xb2, 0xff, 0xc3, 0xba, 0xb3, 0xff, 0xc3, 0xba, 0xb3, 0xff, 
0xc3, 0xba, 0xb3, 0xff, 0xc3, 0xba, 0xb3, 0xff, 0xc3, 0xba, 0xb2, 0xff, 0xc3, 0xba, 0xb3, 0xff, 
0xc3, 0xba, 0xb3, 0xff, 0xc3, 0xba, 0xb3, 0xff, 0xc3, 0xba, 0xb3, 0xff, 0xc3, 0xba, 0xb3, 0xff, 
0xc3, 0xba, 0xb3, 0xff, 0xc2, 0xba, 0xb2, 0xff, 0xc2, 0xba, 0xb2, 0xff, 0xc2, 0xba, 0xb2, 0xff, 
0xc2, 0xb9, 0xb2, 0xff, 0xc2, 0xb9, 0xb2, 0xff, 0xc2, 0xb9, 0xb2, 0xff, 0xc2, 0xb9, 0xb1, 0xff, 
0xc2, 0xb9, 0xb2, 0xff, 0xc2, 0xb9, 0xb2, 0xff, 0xc2, 0xb9, 0xb2, 0xff, 0xc2, 0xb9, 0xb2, 0xff, 
0xc2, 0xb9, 0xb2, 0xff, 0xc2, 0xb9, 0xb1, 0xff, 0xc2, 0xb9, 0xb1, 0xff, 0xc2, 0xb9, 0xb2, 0xff, 
0xbd, 0xb5, 0xae, 0xff, 0xbd, 0xb5, 0xae, 0xff, 0xbd, 0xb5, 0xae, 0xff, 0xbd, 0xb4, 0xae, 0xff, 
0xbd, 0xb4, 0xae, 0xff, 0xbd, 0xb4, 0xae, 0xff, 0xbe, 0xb4, 0xae, 0xff, 0xbd, 0xb4, 0xae, 0xff, 
0xbd, 0xb4, 0xae, 0xff, 0xbd, 0xb5, 0xae, 0xff, 0xbd, 0xb5, 0xae, 0xff, 0xbd, 0xb5, 0xae, 0xff, 
0xbd, 0xb5, 0xae, 0xff, 0xbd, 0xb5, 0xae, 0xff, 0xbd, 0xb5, 0xae, 0xff, 0xbd, 0xb4, 0xad, 0xff, 
0xbd, 0xb4, 0xad, 0xff, 0xbd, 0xb4, 0xae, 0xff, 0xbd, 0xb4, 0xae, 0xff, 0xbd, 0xb4, 0xad, 0xff, 
0xbd, 0xb4, 0xae, 0xff, 0xbd, 0xb4, 0xae, 0xff, 0xbd, 0xb4, 0xad, 0xff, 0xbd, 0xb4, 0xae, 0xff, 
0xbc, 0xb4, 0xae, 0xff, 0xbd, 0xb4, 0xae, 0xff, 0xbd, 0xb4, 0xad, 0xff, 0xbd, 0xb4, 0xad, 0xff, 
0xbd, 0xb4, 0xad, 0xff, 0xbc, 0xb3, 0xad, 0xff, 0xbc, 0xb3, 0xad, 0xff, 0xbd, 0xb4, 0xad, 0xff, 
0xbc, 0xb4, 0xad, 0xff, 0xbd, 0xb4, 0xad, 0xff, 0xbd, 0xb4, 0xad, 0xff, 0xbc, 0xb3, 0xad, 0xff, 
0xbd, 0xb3, 0xad, 0xff, 0xbc, 0xb4, 0xad, 0xff, 0xbc, 0xb4, 0xad, 0xff, 0xbc, 0xb3, 0xad, 0xff, 
0xbd, 0xb4, 0xad, 0xff, 0xbd, 0xb4, 0xad, 0xff, 0xbd, 0xb4, 0xae, 0xff, 0xbc, 0xb4, 0xad, 0xff, 
0xbd, 0xb4, 0xad, 0xff, 0xbd, 0xb4, 0xad, 0xff, 0xbd, 0xb4, 0xad, 0xff, 0xbd, 0xb4, 0xad, 0xff, 
0xbd, 0xb4, 0xad, 0xff, 0xbd, 0xb4, 0xad, 0xff, 0xbd, 0xb3, 0xad, 0xff, 0xbd, 0xb4, 0xad, 0xff, 
0xbd, 0xb4, 0xad, 0xff, 0xbc, 0xb3, 0xac, 0xff, 0xbd, 0xb4, 0xad, 0xff, 0xbd, 0xb3, 0xad, 0xff, 
0xbd, 0xb3, 0xad, 0xff, 0xbc, 0xb3, 0xad, 0xff, 0xbc, 0xb3, 0xad, 0xff, 0xbc, 0xb3, 0xad, 0xff, 
0xbc, 0xb4, 0xad, 0xff, 0xbc, 0xb3, 0xac, 0xff, 0xbc, 0xb3, 0xad, 0xff, 0xbc, 0xb4, 0xad, 0xff, 
0xbc, 0xb4, 0xad, 0xff, 0xbc, 0xb3, 0xad, 0xff, 0xbc, 0xb3, 0xad, 0xff, 0xbc, 0xb4, 0xad, 0xff, 
0xbc, 0xb3, 0xad, 0xff, 0xbc, 0xb3, 0xad, 0xff, 0xbc, 0xb3, 0xac, 0xff, 0xbc, 0xb3, 0xad, 0xff, 
0xbc, 0xb3, 0xad, 0xff, 0xbc, 0xb3, 0xad, 0xff, 0xbc, 0xb3, 0xad, 0xff, 0xbc, 0xb4, 0xad, 0xff, 
0xbc, 0xb3, 0xac, 0xff, 0xbc, 0xb3, 0xad, 0xff, 0xbc, 0xb3, 0xad, 0xff, 0xbc, 0xb3, 0xac, 0xff, 
0xbc, 0xb3, 0xac, 0xff, 0xbc, 0xb3, 0xad, 0xff, 0xbc, 0xb3, 0xad, 0xff, 0xbc, 0xb3, 0xad, 0xff, 
0xbc, 0xb4, 0xad, 0xff, 0xbc, 0xb3, 0xad, 0xff, 0xbc, 0xb3, 0xac, 0xff, 0xbc, 0xb4, 0xad, 0xff, 
0xbc, 0xb4, 0xad, 0xff, 0xbc, 0xb4, 0xad, 0xff, 0xbc, 0xb4, 0xad, 0xff, 0xbc, 0xb3, 0xad, 0xff, 
0xbc, 0xb3, 0xad, 0xff, 0xbc, 0xb4, 0xad, 0xff, 0xbc, 0xb4, 0xad, 0xff, 0xbc, 0xb4, 0xad, 0xff, 
0xbb, 0xb3, 0xac, 0xff, 0xbc, 0xb3, 0xad, 0xff, 0xbc, 0xb4, 0xad, 0xff, 0xbd, 0xb4, 0xad, 0xff, 
0xbd, 0xb4, 0xad, 0xff, 0xbc, 0xb4, 0xad, 0xff, 0xbd, 0xb4, 0xad, 0xff, 0xbc, 0xb3, 0xac, 0xff, 
0xbc, 0xb4, 0xac, 0xff, 0xbc, 0xb4, 0xac, 0xff, 0xbb, 0xb3, 0xac, 0xff, 0xbc, 0xb4, 0xac, 0xff, 
0xbc, 0xb4, 0xad, 0xff, 0xbd, 0xb4, 0xad, 0xff, 0xbd, 0xb4, 0xad, 0xff, 0xbd, 0xb3, 0xac, 0xff, 
0xbd, 0xb4, 0xad, 0xff, 0xbd, 0xb4, 0xad, 0xff, 0xbd, 0xb4, 0xad, 0xff, 0xbd, 0xb4, 0xad, 0xff, 
0xbc, 0xb4, 0xad, 0xff, 0xbd, 0xb3, 0xac, 0xff, 0xbc, 0xb4, 0xac, 0xff, 0xbc, 0xb3, 0xac, 0xff, 
0xbd, 0xb3, 0xad, 0xff, 0xbc, 0xb3, 0xac, 0xff, 0xbd, 0xb4, 0xad, 0xff, 0xbd, 0xb3, 0xad, 0xff, 
0xbc, 0xb3, 0xac, 0xff, 0xbc, 0xb4, 0xad, 0xff, 0xbc, 0xb3, 0xad, 0xff, 0xbc, 0xb4, 0xad, 0xff, 
0xbc, 0xb3, 0xad, 0xff, 0xbc, 0xb4, 0xad, 0xff, 0xbc, 0xb3, 0xad, 0xff, 0xbc, 0xb4, 0xad, 0xff, 
0xbc, 0xb3, 0xac, 0xff, 0xbc, 0xb4, 0xad, 0xff, 0xbc, 0xb3, 0xad, 0xff, 0xbc, 0xb3, 0xad, 0xff, 
0xbc, 0xb3, 0xad, 0xff, 0xbc, 0xb4, 0xad, 0xff, 0xbc, 0xb3, 0xac, 0xff, 0xbc, 0xb3, 0xad, 0xff, 
0xbc, 0xb3, 0xad, 0xff, 0xbc, 0xb3, 0xad, 0xff, 0xbc, 0xb3, 0xad, 0xff, 0xbd, 0xb4, 0xad, 0xff, 
0xbc, 0xb4, 0xad, 0xff, 0xbc, 0xb3, 0xac, 0xff, 0xbc, 0xb3, 0xac, 0xff, 0xbc, 0xb3, 0xac, 0xff, 
0xbc, 0xb3, 0xac, 0xff, 0xbc, 0xb3, 0xac, 0xff, 0xbc, 0xb3, 0xad, 0xff, 0xbc, 0xb3, 0xac, 0xff, 
0xbc, 0xb3, 0xac, 0xff, 0xbc, 0xb3, 0xac, 0xff, 0xbc, 0xb3, 0xac, 0xff, 0xbc, 0xb3, 0xad, 0xff, 
0xbc, 0xb3, 0xad, 0xff, 0xbc, 0xb3, 0xad, 0xff, 0xbc, 0xb4, 0xad, 0xff, 0xbc, 0xb4, 0xad, 0xff, 
0xbc, 0xb4, 0xac, 0xff, 0xbc, 0xb4, 0xad, 0xff, 0xbc, 0xb4, 0xad, 0xff, 0xbd, 0xb3, 0xad, 0xff, 
0xbd, 0xb4, 0xad, 0xff, 0xbd, 0xb4, 0xad, 0xff, 0xbd, 0xb4, 0xae, 0xff, 0xbd, 0xb4, 0xad, 0xff, 
0xbd, 0xb5, 0xae, 0xff, 0xbd, 0xb4, 0xad, 0xff, 0xbd, 0xb5, 0xae, 0xff, 0xbd, 0xb5, 0xae, 0xff, 
0xbe, 0xb5, 0xae, 0xff, 0xbe, 0xb5, 0xae, 0xff, 0xbe, 0xb5, 0xaf, 0xff, 0xbe, 0xb6, 0xaf, 0xff, 
0xbe, 0xb5, 0xae, 0xff, 0xbe, 0xb5, 0xae, 0xff, 0xbe, 0xb5, 0xae, 0xff, 0xbe, 0xb5, 0xae, 0xff, 
0xbe, 0xb6, 0xaf, 0xff, 0xbf, 0xb6, 0xaf, 0xff, 0xbe, 0xb6, 0xae, 0xff, 0xbe, 0xb5, 0xaf, 0xff, 
0xbe, 0xb5, 0xaf, 0xff, 0xbf, 0xb5, 0xae, 0xff, 0xbf, 0xb5, 0xaf, 0xff, 0xbe, 0xb5, 0xae, 0xff, 
0xbe, 0xb5, 0xaf, 0xff, 0xbe, 0xb5, 0xae, 0xff, 0xbe, 0xb6, 0xaf, 0xff, 0xbe, 0xb6, 0xaf, 0xff, 
0xbe, 0xb6, 0xaf, 0xff, 0xbe, 0xb6, 0xaf, 0xff, 0xbe, 0xb5, 0xaf, 0xff, 0xbe, 0xb5, 0xaf, 0xff, 
0xbe, 0xb6, 0xaf, 0xff, 0xbe, 0xb6, 0xaf, 0xff, 0xbe, 0xb5, 0xaf, 0xff, 0xbe, 0xb5, 0xae, 0xff, 
0xbe, 0xb5, 0xae, 0xff, 0xbe, 0xb5, 0xae, 0xff, 0xbe, 0xb4, 0xae, 0xff, 0xbe, 0xb4, 0xae, 0xff, 
0xbe, 0xb4, 0xae, 0xff, 0xbd, 0xb5, 0xae, 0xff, 0xbe, 0xb5, 0xae, 0xff, 0xbe, 0xb5, 0xae, 0xff, 
0xbe, 0xb5, 0xae, 0xff, 0xbe, 0xb5, 0xae, 0xff, 0xbe, 0xb5, 0xae, 0xff, 0xbe, 0xb5, 0xae, 0xff, 
0xbe, 0xb4, 0xae, 0xff, 0xbe, 0xb5, 0xae, 0xff, 0xbe, 0xb5, 0xaf, 0xff, 0xbe, 0xb4, 0xae, 0xff, 
0xbe, 0xb4, 0xae, 0xff, 0xbe, 0xb5, 0xaf, 0xff, 0xbe, 0xb5, 0xaf, 0xff, 0xbf, 0xb5, 0xaf, 0xff, 
0xbf, 0xb6, 0xaf, 0xff, 0xbf, 0xb6, 0xb0, 0xff, 0xbf, 0xb6, 0xb0, 0xff, 0xbf, 0xb6, 0xaf, 0xff, 
0xbf, 0xb6, 0xb0, 0xff, 0xbe, 0xb6, 0xaf, 0xff, 0xbe, 0xb6, 0xaf, 0xff, 0xbf, 0xb6, 0xb0, 0xff, 
0xbf, 0xb5, 0xaf, 0xff, 0xbf, 0xb5, 0xaf, 0xff, 0xbf, 0xb6, 0xaf, 0xff, 0xbf, 0xb6, 0xaf, 0xff, 
0xbf, 0xb6, 0xb0, 0xff, 0xbf, 0xb6, 0xaf, 0xff, 0xbf, 0xb6, 0xb0, 0xff, 0xbf, 0xb5, 0xaf, 0xff, 
0xbf, 0xb6, 0xaf, 0xff, 0xbf, 0xb6, 0xb0, 0xff, 0xbf, 0xb6, 0xaf, 0xff, 0xbf, 0xb5, 0xaf, 0xff, 
0xbf, 0xb6, 0xaf, 0xff, 0xbe, 0xb6, 0xaf, 0xff, 0xbe, 0xb6, 0xaf, 0xff, 0xbe, 0xb5, 0xae, 0xff, 
0xbe, 0xb5, 0xaf, 0xff, 0xbe, 0xb5, 0xae, 0xff, 0xbd, 0xb5, 0xae, 0xff, 0xbd, 0xb4, 0xae, 0xff, 
0xbe, 0xb4, 0xae, 0xff, 0xbe, 0xb5, 0xae, 0xff, 0xbe, 0xb5, 0xae, 0xff, 0xbe, 0xb5, 0xae, 0xff, 
0xbe, 0xb5, 0xae, 0xff, 0xbe, 0xb5, 0xaf, 0xff, 0xbe, 0xb5, 0xaf, 0xff, 0xbe, 0xb5, 0xaf, 0xff, 
0xb8, 0xb2, 0xad, 0xff, 0xb8, 0xb2, 0xad, 0xff, 0xb8, 0xb2, 0xad, 0xff, 0xb8, 0xb3, 0xad, 0xff, 
0xb8, 0xb3, 0xad, 0xff, 0xb8, 0xb3, 0xad, 0xff, 0xb8, 0xb2, 0xad, 0xff, 0xb8, 0xb2, 0xad, 0xff, 
0xb8, 0xb2, 0xad, 0xff, 0xb8, 0xb2, 0xad, 0xff, 0xb8, 0xb2, 0xad, 0xff, 0xb8, 0xb2, 0xad, 0xff, 
0xb8, 0xb3, 0xad, 0xff, 0xb8, 0xb3, 0xad, 0xff, 0xb8, 0xb2, 0xad, 0xff, 0xb8, 0xb2, 0xad, 0xff, 
0xb8, 0xb2, 0xad, 0xff, 0xb8, 0xb2, 0xad, 0xff, 0xb8, 0xb2, 0xad, 0xff, 0xb8, 0xb2, 0xad, 0xff, 
0xb8, 0xb2, 0xad, 0xff, 0xb8, 0xb2, 0xad, 0xff, 0xb8, 0xb2, 0xad, 0xff, 0xb8, 0xb2, 0xad, 0xff, 
0xb8, 0xb2, 0xad, 0xff, 0xb8, 0xb2, 0xad, 0xff, 0xb8, 0xb3, 0xad, 0xff, 0xb8, 0xb3, 0xad, 0xff, 
0xb8, 0xb2, 0xad, 0xff, 0xb8, 0xb2, 0xad, 0xff, 0xb8, 0xb2, 0xad, 0xff, 0xb8, 0xb2, 0xad, 0xff, 
0xb8, 0xb2, 0xad, 0xff, 0xb8, 0xb2, 0xad, 0xff, 0xb8, 0xb2, 0xad, 0xff, 0xb8, 0xb2, 0xad, 0xff, 
0xb8, 0xb2, 0xad, 0xff, 0xb8, 0xb2, 0xad, 0xff, 0xb8, 0xb2, 0xad, 0xff, 0xb8, 0xb1, 0xac, 0xff, 
0xb8, 0xb1, 0xac, 0xff, 0xb8, 0xb1, 0xac, 0xff, 0xb8, 0xb2, 0xad, 0xff, 0xb8, 0xb1, 0xac, 0xff, 
0xb8, 0xb1, 0xac, 0xff, 0xb8, 0xb2, 0xad, 0xff, 0xb7, 0xb1, 0xad, 0xff, 0xb7, 0xb1, 0xad, 0xff, 
0xb7, 0xb1, 0xac, 0xff, 0xb7, 0xb1, 0xac, 0xff, 0xb7, 0xb1, 0xad, 0xff, 0xb7, 0xb1, 0xac, 0xff, 
0xb7, 0xb1, 0xab, 0xff, 0xb7, 0xb1, 0xac, 0xff, 0xb7, 0xb1, 0xad, 0xff, 0xb7, 0xb1, 0xad, 0xff, 
0xb8, 0xb1, 0xac, 0xff, 0xb8, 0xb2, 0xad, 0xff, 0xb7, 0xb1, 0xac, 0xff, 0xb7, 0xb2, 0xad, 0xff, 
0xb7, 0xb1, 0xac, 0xff, 0xb7, 0xb1, 0xac, 0xff, 0xb7, 0xb1, 0xac, 0xff, 0xb7, 0xb1, 0xac, 0xff, 
0xb7, 0xb1, 0xac, 0xff, 0xb7, 0xb1, 0xac, 0xff, 0xb7, 0xb1, 0xac, 0xff, 0xb7, 0xb1, 0xac, 0xff, 
0xb7, 0xb1, 0xac, 0xff, 0xb7, 0xb1, 0xab, 0xff, 0xb7, 0xb1, 0xab, 0xff, 0xb7, 0xb1, 0xac, 0xff, 
0xb7, 0xb1, 0xab, 0xff, 0xb7, 0xb1, 0xac, 0xff, 0xb7, 0xb1, 0xac, 0xff, 0xb7, 0xb1, 0xac, 0xff, 
0xb7, 0xb1, 0xab, 0xff, 0xb7, 0xb1, 0xac, 0xff, 0xb7, 0xb1, 0xac, 0xff, 0xb7, 0xb1, 0xac, 0xff, 
0xb7, 0xb1, 0xac, 0xff, 0xb7, 0xb1, 0xac, 0xff, 0xb7, 0xb1, 0xab, 0xff, 0xb6, 0xb0, 0xab, 0xff, 
0xb6, 0xb1, 0xab, 0xff, 0xb6, 0xb1, 0xac, 0xff, 0xb6, 0xb0, 0xac, 0xff, 0xb7, 0xb1, 0xac, 0xff, 
0xb6, 0xb1, 0xab, 0xff, 0xb6, 0xb1, 0xac, 0xff, 0xb7, 0xb1, 0xac, 0xff, 0xb7, 0xb1, 0xac, 0xff, 
0xb7, 0xb1, 0xac, 0xff, 0xb7, 0xb1, 0xac, 0xff, 0xb7, 0xb2, 0xad, 0xff, 0xb7, 0xb1, 0xac, 0xff, 
0xb7, 0xb1, 0xac, 0xff, 0xb7, 0xb1, 0xac, 0xff, 0xb7, 0xb1, 0xac, 0xff, 0xb7, 0xb1, 0xac, 0xff, 
0xb7, 0xb1, 0xac, 0xff, 0xb7, 0xb1, 0xac, 0xff, 0xb7, 0xb1, 0xad, 0xff, 0xb7, 0xb1, 0xac, 0xff, 
0xb7, 0xb1, 0xac, 0xff, 0xb7, 0xb1, 0xac, 0xff, 0xb7, 0xb2, 0xac, 0xff, 0xb7, 0xb2, 0xac, 0xff, 
0xb7, 0xb1, 0xac, 0xff, 0xb7, 0xb1, 0xac, 0xff, 0xb7, 0xb2, 0xad, 0xff, 0xb8, 0xb2, 0xac, 0xff, 
0xb8, 0xb2, 0xad, 0xff, 0xb8, 0xb2, 0xad, 0xff, 0xb7, 0xb1, 0xac, 0xff, 0xb7, 0xb1, 0xac, 0xff, 
0xb7, 0xb1, 0xac, 0xff, 0xb7, 0xb1, 0xab, 0xff, 0xb7, 0xb1, 0xac, 0xff, 0xb7, 0xb1, 0xac, 0xff, 
0xb7, 0xb1, 0xac, 0xff, 0xb7, 0xb1, 0xac, 0xff, 0xb7, 0xb1, 0xac, 0xff, 0xb7, 0xb1, 0xac, 0xff, 
0xb7, 0xb1, 0xac, 0xff, 0xb7, 0xb2, 0xad, 0xff, 0xb7, 0xb1, 0xac, 0xff, 0xb7, 0xb1, 0xad, 0xff, 
0xb7, 0xb2, 0xad, 0xff, 0xb7, 0xb1, 0xad, 0xff, 0xb7, 0xb2, 0xac, 0xff, 0xb7, 0xb1, 0xac, 0xff, 
0xb7, 0xb1, 0xac, 0xff, 0xb7, 0xb1, 0xac, 0xff, 0xb7, 0xb1, 0xad, 0xff, 0xb7, 0xb1, 0xad, 0xff, 
0xb7, 0xb1, 0xac, 0xff, 0xb7, 0xb2, 0xad, 0xff, 0xb7, 0xb2, 0xac, 0xff, 0xb7, 0xb1, 0xac, 0xff, 
0xb7, 0xb1, 0xac, 0xff, 0xb7, 0xb1, 0xac, 0xff, 0xb7, 0xb1, 0xac, 0xff, 0xb7, 0xb1, 0xac, 0xff, 
0xb7, 0xb1, 0xac, 0xff, 0xb7, 0xb1, 0xac, 0xff, 0xb7, 0xb1, 0xac, 0xff, 0xb7, 0xb1, 0xac, 0xff, 
0xb7, 0xb1, 0xac, 0xff, 0xb6, 0xb0, 0xac, 0xff, 0xb6, 0xb0, 0xac, 0xff, 0xb7, 0xb1, 0xab, 0xff, 
0xb6, 0xb0, 0xac, 0xff, 0xb7, 0xb1, 0xab, 0xff, 0xb7, 0xb1, 0xac, 0xff, 0xb6, 0xb0, 0xac, 0xff, 
0xb7, 0xb1, 0xac, 0xff, 0xb7, 0xb1, 0xac, 0xff, 0xb7, 0xb1, 0xac, 0xff, 0xb7, 0xb1, 0xac, 0xff, 
0xb7, 0xb1, 0xac, 0xff, 0xb7, 0xb2, 0xad, 0xff, 0xb7, 0xb1, 0xac, 0xff, 0xb7, 0xb1, 0xac, 0xff, 
0xb7, 0xb1, 0xad, 0xff, 0xb7, 0xb1, 0xad, 0xff, 0xb8, 0xb2, 0xad, 0xff, 0xb7, 0xb1, 0xac, 0xff, 
0xb7, 0xb2, 0xac, 0xff, 0xb7, 0xb2, 0xad, 0xff, 0xb8, 0xb2, 0xad, 0xff, 0xb8, 0xb2, 0xad, 0xff, 
0xb8, 0xb2, 0xad, 0xff, 0xb8, 0xb2, 0xad, 0xff, 0xb9, 0xb2, 0xae, 0xff, 0xb9, 0xb3, 0xae, 0xff, 
0xb8, 0xb3, 0xad, 0xff, 0xb9, 0xb3, 0xae, 0xff, 0xb9, 0xb3, 0xae, 0xff, 0xb9, 0xb3, 0xae, 0xff, 
0xb9, 0xb3, 0xae, 0xff, 0xb9, 0xb3, 0xae, 0xff, 0xb9, 0xb3, 0xae, 0xff, 0xb9, 0xb3, 0xae, 0xff, 
0xb9, 0xb3, 0xae, 0xff, 0xb9, 0xb3, 0xae, 0xff, 0xb9, 0xb3, 0xae, 0xff, 0xb9, 0xb3, 0xae, 0xff, 
0xb9, 0xb3, 0xae, 0xff, 0xb9, 0xb3, 0xae, 0xff, 0xb9, 0xb3, 0xaf, 0xff, 0xb9, 0xb4, 0xaf, 0xff, 
0xb9, 0xb3, 0xaf, 0xff, 0xb9, 0xb3, 0xae, 0xff, 0xb9, 0xb3, 0xae, 0xff, 0xb9, 0xb3, 0xae, 0xff, 
0xb9, 0xb3, 0xaf, 0xff, 0xb9, 0xb3, 0xae, 0xff, 0xb9, 0xb3, 0xae, 0xff, 0xb9, 0xb3, 0xae, 0xff, 
0xb9, 0xb2, 0xad, 0xff, 0xb9, 0xb2, 0xad, 0xff, 0xb9, 0xb2, 0xad, 0xff, 0xb9, 0xb2, 0xad, 0xff, 
0xb8, 0xb2, 0xad, 0xff, 0xb8, 0xb2, 0xad, 0xff, 0xb8, 0xb2, 0xad, 0xff, 0xb8, 0xb2, 0xad, 0xff, 
0xb8, 0xb2, 0xae, 0xff, 0xb9, 0xb2, 0xae, 0xff, 0xb8, 0xb2, 0xae, 0xff, 0xb9, 0xb2, 0xae, 0xff, 
0xb9, 0xb3, 0xad, 0xff, 0xb9, 0xb2, 0xad, 0xff, 0xb9, 0xb3, 0xae, 0xff, 0xb9, 0xb3, 0xae, 0xff, 
0xb9, 0xb3, 0xae, 0xff, 0xb9, 0xb3, 0xae, 0xff, 0xb9, 0xb3, 0xae, 0xff, 0xb9, 0xb3, 0xae, 0xff, 
0xb9, 0xb3, 0xae, 0xff, 0xb9, 0xb3, 0xaf, 0xff, 0xba, 0xb4, 0xae, 0xff, 0xba, 0xb4, 0xaf, 0xff, 
0xb9, 0xb4, 0xae, 0xff, 0xb9, 0xb4, 0xaf, 0xff, 0xb9, 0xb4, 0xaf, 0xff, 0xba, 0xb4, 0xaf, 0xff, 
0xba, 0xb4, 0xaf, 0xff, 0xba, 0xb4, 0xaf, 0xff, 0xba, 0xb4, 0xaf, 0xff, 0xba, 0xb4, 0xaf, 0xff, 
0xba, 0xb4, 0xaf, 0xff, 0xba, 0xb4, 0xaf, 0xff, 0xba, 0xb4, 0xaf, 0xff, 0xb9, 0xb4, 0xaf, 0xff, 
0xb9, 0xb4, 0xaf, 0xff, 0xb9, 0xb4, 0xaf, 0xff, 0xb9, 0xb4, 0xae, 0xff, 0xb9, 0xb3, 0xae, 0xff, 
0xb9, 0xb3, 0xae, 0xff, 0xb9, 0xb4, 0xae, 0xff, 0xb9, 0xb4, 0xae, 0xff, 0xb9, 0xb3, 0xae, 0xff, 
0xb9, 0xb3, 0xae, 0xff, 0xb9, 0xb3, 0xae, 0xff, 0xb8, 0xb3, 0xad, 0xff, 0xb8, 0xb2, 0xad, 0xff, 
0xb8, 0xb2, 0xad, 0xff, 0xb8, 0xb2, 0xad, 0xff, 0xb8, 0xb2, 0xad, 0xff, 0xb8, 0xb2, 0xae, 0xff, 
0xb8, 0xb2, 0xae, 0xff, 0xb8, 0xb3, 0xae, 0xff, 0xb8, 0xb3, 0xae, 0xff, 0xb8, 0xb3, 0xad, 0xff, 
0xb3, 0xaf, 0xac, 0xff, 0xb3, 0xaf, 0xac, 0xff, 0xb3, 0xaf, 0xac, 0xff, 0xb3, 0xaf, 0xac, 0xff, 
0xb3, 0xaf, 0xac, 0xff, 0xb3, 0xaf, 0xac, 0xff, 0xb3, 0xaf, 0xac, 0xff, 0xb3, 0xaf, 0xad, 0xff, 
0xb3, 0xaf, 0xac, 0xff, 0xb3, 0xaf, 0xac, 0xff, 0xb3, 0xaf, 0xac, 0xff, 0xb3, 0xaf, 0xad, 0xff, 
0xb3, 0xaf, 0xac, 0xff, 0xb3, 0xaf, 0xac, 0xff, 0xb3, 0xaf, 0xad, 0xff, 0xb3, 0xaf, 0xad, 0xff, 
0xb3, 0xaf, 0xad, 0xff, 0xb3, 0xaf, 0xad, 0xff, 0xb3, 0xaf, 0xad, 0xff, 0xb3, 0xaf, 0xad, 0xff, 
0xb3, 0xaf, 0xad, 0xff, 0xb3, 0xaf, 0xad, 0xff, 0xb3, 0xaf, 0xac, 0xff, 0xb3, 0xaf, 0xac, 0xff, 
0xb3, 0xaf, 0xac, 0xff, 0xb3, 0xaf, 0xac, 0xff, 0xb3, 0xaf, 0xac, 0xff, 0xb3, 0xaf, 0xac, 0xff, 
0xb3, 0xaf, 0xac, 0xff, 0xb3, 0xaf, 0xac, 0xff, 0xb3, 0xaf, 0xac, 0xff, 0xb3, 0xaf, 0xac, 0xff, 
0xb3, 0xaf, 0xab, 0xff, 0xb3, 0xaf, 0xac, 0xff, 0xb3, 0xaf, 0xac, 0xff, 0xb3, 0xaf, 0xac, 0xff, 
0xb3, 0xaf, 0xac, 0xff, 0xb3, 0xaf, 0xac, 0xff, 0xb3, 0xaf, 0xac, 0xff, 0xb3, 0xae, 0xac, 0xff, 
0xb3, 0xae, 0xac, 0xff, 0xb3, 0xae, 0xab, 0xff, 0xb3, 0xae, 0xab, 0xff, 0xb3, 0xaf, 0xac, 0xff, 
0xb3, 0xae, 0xac, 0xff, 0xb3, 0xaf, 0xac, 0xff, 0xb3, 0xae, 0xac, 0xff, 0xb2, 0xae, 0xab, 0xff, 
0xb3, 0xae, 0xac, 0xff, 0xb2, 0xae, 0xac, 0xff, 0xb2, 0xae, 0xac, 0xff, 0xb2, 0xae, 0xac, 0xff, 
0xb2, 0xae, 0xab, 0xff, 0xb2, 0xae, 0xab, 0xff, 0xb2, 0xae, 0xab, 0xff, 0xb2, 0xae, 0xab, 0xff, 
0xb2, 0xae, 0xab, 0xff, 0xb2, 0xad, 0xab, 0xff, 0xb2, 0xad, 0xab, 0xff, 0xb2, 0xae, 0xab, 0xff, 
0xb2, 0xad, 0xab, 0xff, 0xb1, 0xad, 0xab, 0xff, 0xb1, 0xad, 0xab, 0xff, 0xb1, 0xad, 0xab, 0xff, 
0xb1, 0xad, 0xab, 0xff, 0xb1, 0xad, 0xab, 0xff, 0xb1, 0xad, 0xab, 0xff, 0xb2, 0xad, 0xab, 0xff, 
0xb1, 0xad, 0xab, 0xff, 0xb1, 0xad, 0xab, 0xff, 0xb1, 0xad, 0xab, 0xff, 0xb1, 0xad, 0xab, 0xff, 
0xb1, 0xad, 0xab, 0xff, 0xb1, 0xad, 0xab, 0xff, 0xb1, 0xad, 0xab, 0xff, 0xb1, 0xad, 0xaa, 0xff, 
0xb1, 0xad, 0xab, 0xff, 0xb1, 0xad, 0xab, 0xff, 0xb1, 0xad, 0xab, 0xff, 0xb1, 0xad, 0xab, 0xff, 
0xb1, 0xad, 0xab, 0xff, 0xb1, 0xad, 0xab, 0xff, 0xb1, 0xad, 0xab, 0xff, 0xb1, 0xad, 0xab, 0xff, 
0xb1, 0xad, 0xaa, 0xff, 0xb1, 0xad, 0xaa, 0xff, 0xb2, 0xad, 0xab, 0xff, 0xb1, 0xad, 0xab, 0xff, 
0xb1, 0xad, 0xab, 0xff, 0xb2, 0xad, 0xab, 0xff, 0xb2, 0xad, 0xab, 0xff, 0xb2, 0xad, 0xab, 0xff, 
0xb2, 0xad, 0xab, 0xff, 0xb2, 0xad, 0xab, 0xff, 0xb2, 0xad, 0xab, 0xff, 0xb2, 0xae, 0xab, 0xff, 
0xb2, 0xae, 0xab, 0xff, 0xb2, 0xad, 0xab, 0xff, 0xb2, 0xae, 0xab, 0xff, 0xb2, 0xae, 0xab, 0xff, 
0xb2, 0xad, 0xab, 0xff, 0xb2, 0xae, 0xab, 0xff, 0xb2, 0xae, 0xab, 0xff, 0xb2, 0xae, 0xac, 0xff, 
0xb3, 0xae, 0xac, 0xff, 0xb2, 0xad, 0xac, 0xff, 0xb2, 0xae, 0xac, 0xff, 0xb3, 0xae, 0xac, 0xff, 
0xb2, 0xae, 0xac, 0xff, 0xb2, 0xad, 0xac, 0xff, 0xb2, 0xae, 0xac, 0xff, 0xb2, 0xae, 0xac, 0xff, 
0xb2, 0xae, 0xac, 0xff, 0xb2, 0xae, 0xac, 0xff, 0xb2, 0xae, 0xac, 0xff, 0xb2, 0xae, 0xac, 0xff, 
0xb3, 0xae, 0xac, 0xff, 0xb2, 0xae, 0xac, 0xff, 0xb2, 0xae, 0xac, 0xff, 0xb2, 0xae, 0xac, 0xff, 
0xb3, 0xae, 0xac, 0xff, 0xb3, 0xae, 0xac, 0xff, 0xb3, 0xae, 0xac, 0xff, 0xb2, 0xae, 0xac, 0xff, 
0xb2, 0xae, 0xac, 0xff, 0xb2, 0xae, 0xac, 0xff, 0xb2, 0xae, 0xac, 0xff, 0xb2, 0xae, 0xac, 0xff, 
0xb2, 0xae, 0xac, 0xff, 0xb2, 0xae, 0xac, 0xff, 0xb2, 0xae, 0xac, 0xff, 0xb3, 0xae, 0xac, 0xff, 
0xb3, 0xae, 0xac, 0xff, 0xb2, 0xae, 0xac, 0xff, 0xb2, 0xae, 0xac, 0xff, 0xb2, 0xae, 0xac, 0xff, 
0xb3, 0xae, 0xac, 0xff, 0xb2, 0xae, 0xac, 0xff, 0xb3, 0xae, 0xac, 0xff, 0xb2, 0xae, 0xac, 0xff, 
0xb2, 0xae, 0xac, 0xff, 0xb3, 0xae, 0xac, 0xff, 0xb2, 0xae, 0xac, 0xff, 0xb2, 0xae, 0xac, 0xff, 
0xb2, 0xae, 0xac, 0xff, 0xb3, 0xae, 0xac, 0xff, 0xb3, 0xae, 0xac, 0xff, 0xb3, 0xae, 0xac, 0xff, 
0xb2, 0xae, 0xab, 0xff, 0xb2, 0xae, 0xab, 0xff, 0xb2, 0xae, 0xab, 0xff, 0xb2, 0xad, 0xab, 0xff, 
0xb2, 0xad, 0xaa, 0xff, 0xb2, 0xae, 0xab, 0xff, 0xb2, 0xae, 0xac, 0xff, 0xb2, 0xad, 0xab, 0xff, 
0xb2, 0xae, 0xac, 0xff, 0xb2, 0xae, 0xac, 0xff, 0xb2, 0xae, 0xac, 0xff, 0xb2, 0xae, 0xac, 0xff, 
0xb2, 0xae, 0xac, 0xff, 0xb2, 0xae, 0xac, 0xff, 0xb3, 0xae, 0xac, 0xff, 0xb2, 0xae, 0xac, 0xff, 
0xb3, 0xae, 0xac, 0xff, 0xb3, 0xae, 0xac, 0xff, 0xb3, 0xae, 0xac, 0xff, 0xb3, 0xaf, 0xad, 0xff, 
0xb3, 0xae, 0xad, 0xff, 0xb4, 0xaf, 0xad, 0xff, 0xb4, 0xaf, 0xad, 0xff, 0xb3, 0xaf, 0xad, 0xff, 
0xb3, 0xaf, 0xad, 0xff, 0xb4, 0xaf, 0xad, 0xff, 0xb4, 0xaf, 0xad, 0xff, 0xb4, 0xaf, 0xad, 0xff, 
0xb4, 0xaf, 0xad, 0xff, 0xb4, 0xaf, 0xad, 0xff, 0xb4, 0xaf, 0xad, 0xff, 0xb4, 0xb0, 0xae, 0xff, 
0xb4, 0xb0, 0xae, 0xff, 0xb4, 0xb0, 0xae, 0xff, 0xb4, 0xb0, 0xae, 0xff, 0xb4, 0xb0, 0xae, 0xff, 
0xb4, 0xb0, 0xae, 0xff, 0xb4, 0xb0, 0xae, 0xff, 0xb4, 0xb0, 0xae, 0xff, 0xb4, 0xb0, 0xae, 0xff, 
0xb4, 0xb0, 0xae, 0xff, 0xb4, 0xb0, 0xae, 0xff, 0xb4, 0xb0, 0xae, 0xff, 0xb4, 0xb0, 0xae, 0xff, 
0xb4, 0xb0, 0xae, 0xff, 0xb3, 0xb0, 0xae, 0xff, 0xb4, 0xb0, 0xae, 0xff, 0xb4, 0xb0, 0xae, 0xff, 
0xb4, 0xb0, 0xad, 0xff, 0xb4, 0xb0, 0xad, 0xff, 0xb4, 0xb0, 0xad, 0xff, 0xb4, 0xb0, 0xad, 0xff, 
0xb3, 0xb0, 0xad, 0xff, 0xb4, 0xb0, 0xae, 0xff, 0xb4, 0xb0, 0xad, 0xff, 0xb3, 0xb0, 0xad, 0xff, 
0xb3, 0xaf, 0xad, 0xff, 0xb3, 0xaf, 0xad, 0xff, 0xb3, 0xaf, 0xad, 0xff, 0xb3, 0xaf, 0xad, 0xff, 
0xb3, 0xaf, 0xad, 0xff, 0xb3, 0xaf, 0xad, 0xff, 0xb4, 0xaf, 0xad, 0xff, 0xb4, 0xb0, 0xad, 0xff, 
0xb4, 0xb0, 0xad, 0xff, 0xb4, 0xb0, 0xad, 0xff, 0xb4, 0xb0, 0xad, 0xff, 0xb5, 0xb0, 0xae, 0xff, 
0xb5, 0xb0, 0xae, 0xff, 0xb5, 0xb0, 0xae, 0xff, 0xb4, 0xb0, 0xae, 0xff, 0xb5, 0xb0, 0xae, 0xff, 
0xb5, 0xb0, 0xae, 0xff, 0xb5, 0xb0, 0xae, 0xff, 0xb5, 0xb0, 0xae, 0xff, 0xb4, 0xb0, 0xae, 0xff, 
0xb4, 0xb0, 0xae, 0xff, 0xb4, 0xb0, 0xae, 0xff, 0xb5, 0xb0, 0xae, 0xff, 0xb4, 0xb0, 0xae, 0xff, 
0xb5, 0xb1, 0xae, 0xff, 0xb5, 0xb0, 0xae, 0xff, 0xb5, 0xb1, 0xae, 0xff, 0xb5, 0xb0, 0xae, 0xff, 
0xb5, 0xb1, 0xae, 0xff, 0xb5, 0xb0, 0xae, 0xff, 0xb5, 0xb0, 0xae, 0xff, 0xb4, 0xb0, 0xae, 0xff, 
0xb5, 0xb0, 0xae, 0xff, 0xb5, 0xb0, 0xae, 0xff, 0xb4, 0xb0, 0xae, 0xff, 0xb4, 0xb0, 0xae, 0xff, 
0xb4, 0xb0, 0xae, 0xff, 0xb4, 0xb0, 0xad, 0xff, 0xb5, 0xb0, 0xae, 0xff, 0xb4, 0xb0, 0xad, 0xff, 
0xb4, 0xaf, 0xad, 0xff, 0xb3, 0xaf, 0xad, 0xff, 0xb3, 0xaf, 0xad, 0xff, 0xb4, 0xaf, 0xad, 0xff, 
0xb4, 0xaf, 0xad, 0xff, 0xb3, 0xaf, 0xad, 0xff, 0xb3, 0xaf, 0xad, 0xff, 0xb3, 0xaf, 0xad, 0xff, 
0xb3, 0xaf, 0xad, 0xff, 0xb3, 0xaf, 0xad, 0xff, 0xb3, 0xaf, 0xac, 0xff, 0xb3, 0xaf, 0xac, 0xff, 
0xae, 0xaa, 0xaa, 0xff, 0xad, 0xaa, 0xa9, 0xff, 0xad, 0xaa, 0xa9, 0xff, 0xad, 0xaa, 0xa9, 0xff, 
0xad, 0xab, 0xa9, 0xff, 0xae, 0xab, 0xa9, 0xff, 0xad, 0xab, 0xa9, 0xff, 0xae, 0xaa, 0xa9, 0xff, 
0xad, 0xaa, 0xa9, 0xff, 0xad, 0xaa, 0xa9, 0xff, 0xad, 0xaa, 0xa9, 0xff, 0xae, 0xaa, 0xaa, 0xff, 
0xad, 0xab, 0xaa, 0xff, 0xae, 0xab, 0xaa, 0xff, 0xae, 0xaa, 0xaa, 0xff, 0xae, 0xaa, 0xaa, 0xff, 
0xae, 0xaa, 0xaa, 0xff, 0xae, 0xaa, 0xaa, 0xff, 0xae, 0xaa, 0xaa, 0xff, 0xad, 0xaa, 0xaa, 0xff, 
0xad, 0xaa, 0xaa, 0xff, 0xae, 0xaa, 0xaa, 0xff, 0xad, 0xaa, 0xa9, 0xff, 0xad, 0xaa, 0xa9, 0xff, 
0xad, 0xaa, 0xa9, 0xff, 0xad, 0xaa, 0xa9, 0xff, 0xad, 0xaa, 0xa9, 0xff, 0xad, 0xaa, 0xa9, 0xff, 
0xad, 0xaa, 0xa9, 0xff, 0xad, 0xaa, 0xa9, 0xff, 0xad, 0xaa, 0xa9, 0xff, 0xad, 0xaa, 0xa9, 0xff, 
0xae, 0xaa, 0xa9, 0xff, 0xae, 0xaa, 0xaa, 0xff, 0xad, 0xab, 0xa9, 0xff, 0xad, 0xab, 0xa9, 0xff, 
0xad, 0xab, 0xa9, 0xff, 0xad, 0xaa, 0xa9, 0xff, 0xad, 0xaa, 0xaa, 0xff, 0xad, 0xaa, 0xaa, 0xff, 
0xad, 0xaa, 0xaa, 0xff, 0xad, 0xab, 0xa8, 0xff, 0xad, 0xaa, 0xa9, 0xff, 0xad, 0xa9, 0xaa, 0xff, 
0xac, 0xaa, 0xa9, 0xff, 0xad, 0xaa, 0xaa, 0xff, 0xad, 0xaa, 0xa9, 0xff, 0xad, 0xaa, 0xaa, 0xff, 
0xac, 0xaa, 0xa9, 0xff, 0xac, 0xaa, 0xa9, 0xff, 0xac, 0xa9, 0xa9, 0xff, 0xac, 0xaa, 0xa9, 0xff, 
0xac, 0xa9, 0xaa, 0xff, 0xac, 0xaa, 0xa8, 0xff, 0xac, 0xaa, 0xa8, 0xff, 0xac, 0xa9, 0xa8, 0xff, 
0xac, 0xa9, 0xa9, 0xff, 0xac, 0xa9, 0xa9, 0xff, 0xac, 0xa9, 0xa9, 0xff, 0xac, 0xa9, 0xa9, 0xff, 
0xab, 0xa9, 0xa8, 0xff, 0xab, 0xa8, 0xa8, 0xff, 0xab, 0xa9, 0xa8, 0xff, 0xab, 0xa9, 0xa7, 0xff, 
0xab, 0xa9, 0xa8, 0xff, 0xab, 0xa9, 0xa7, 0xff, 0xac, 0xa9, 0xa8, 0xff, 0xab, 0xa9, 0xa8, 0xff, 
0xab, 0xa9, 0xa7, 0xff, 0xab, 0xa9, 0xa8, 0xff, 0xab, 0xa9, 0xa8, 0xff, 0xab, 0xa9, 0xa8, 0xff, 
0xab, 0xa9, 0xa7, 0xff, 0xab, 0xa8, 0xa8, 0xff, 0xab, 0xa8, 0xa8, 0xff, 0xab, 0xa9, 0xa8, 0xff, 
0xab, 0xa9, 0xa8, 0xff, 0xab, 0xa9, 0xa8, 0xff, 0xab, 0xa9, 0xa8, 0xff, 0xab, 0xa9, 0xa8, 0xff, 
0xab, 0xa9, 0xa7, 0xff, 0xab, 0xa9, 0xa8, 0xff, 0xab, 0xa9, 0xa8, 0xff, 0xab, 0xa9, 0xa7, 0xff, 
0xab, 0xa9, 0xa7, 0xff, 0xab, 0xa9, 0xa7, 0xff, 0xab, 0xa9, 0xa8, 0xff, 0xab, 0xa9, 0xa8, 0xff, 
0xab, 0xa9, 0xa8, 0xff, 0xab, 0xa9, 0xa8, 0xff, 0xab, 0xa9, 0xa8, 0xff, 0xab, 0xa9, 0xa7, 0xff, 
0xab, 0xa9, 0xa7, 0xff, 0xac, 0xa9, 0xa8, 0xff, 0xab, 0xa9, 0xa8, 0xff, 0xab, 0xa9, 0xa7, 0xff, 
0xac, 0xa9, 0xa8, 0xff, 0xab, 0xa9, 0xa8, 0xff, 0xac, 0xaa, 0xa8, 0xff, 0xac, 0xaa, 0xa8, 0xff, 
0xac, 0xaa, 0xa8, 0xff, 0xac, 0xaa, 0xa8, 0xff, 0xac, 0xaa, 0xa8, 0xff, 0xac, 0xaa, 0xa9, 0xff, 
0xac, 0xaa, 0xa9, 0xff, 0xac, 0xaa, 0xa9, 0xff, 0xac, 0xaa, 0xa9, 0xff, 0xac, 0xaa, 0xa8, 0xff, 
0xac, 0xaa, 0xa8, 0xff, 0xac, 0xaa, 0xa9, 0xff, 0xac, 0xaa, 0xa9, 0xff, 0xad, 0xa9, 0xa9, 0xff, 
0xac, 0xaa, 0xa9, 0xff, 0xad, 0xaa, 0xa9, 0xff, 0xad, 0xaa, 0xa8, 0xff, 0xad, 0xaa, 0xa8, 0xff, 
0xac, 0xaa, 0xa8, 0xff, 0xac, 0xaa, 0xa9, 0xff, 0xac, 0xaa, 0xa8, 0xff, 0xac, 0xaa, 0xa9, 0xff, 
0xac, 0xaa, 0xa9, 0xff, 0xac, 0xaa, 0xa8, 0xff, 0xac, 0xaa, 0xa9, 0xff, 0xac, 0xaa, 0xa8, 0xff, 
0xad, 0xaa, 0xa8, 0xff, 0xad, 0xaa, 0xa8, 0xff, 0xac, 0xaa, 0xa8, 0xff, 0xac, 0xaa, 0xa8, 0xff, 
0xac, 0xaa, 0xa9, 0xff, 0xac, 0xaa, 0xa8, 0xff, 0xad, 0xaa, 0xa8, 0xff, 0xad, 0xaa, 0xa8, 0xff, 
0xad, 0xaa, 0xa8, 0xff, 0xac, 0xaa, 0xa8, 0xff, 0xac, 0xaa, 0xa8, 0xff, 0xac, 0xaa, 0xa8, 0xff, 
0xac, 0xa9, 0xa9, 0xff, 0xac, 0xaa, 0xa8, 0xff, 0xac, 0xaa, 0xa9, 0xff, 0xac, 0xaa, 0xa9, 0xff, 
0xac, 0xaa, 0xa8, 0xff, 0xac, 0xaa, 0xa9, 0xff, 0xac, 0xaa, 0xa9, 0xff, 0xac, 0xaa, 0xa9, 0xff, 
0xac, 0xaa, 0xa9, 0xff, 0xac, 0xaa, 0xa8, 0xff, 0xac, 0xaa, 0xa8, 0xff, 0xac, 0xa9, 0xa8, 0xff, 
0xac, 0xa9, 0xa8, 0xff, 0xac, 0xa9, 0xa8, 0xff, 0xac, 0xa9, 0xa8, 0xff, 0xac, 0xa9, 0xa7, 0xff, 
0xac, 0xa9, 0xa7, 0xff, 0xac, 0xa9, 0xa8, 0xff, 0xac, 0xa9, 0xa8, 0xff, 0xac, 0xa9, 0xa8, 0xff, 
0xac, 0xaa, 0xa8, 0xff, 0xac, 0xaa, 0xa8, 0xff, 0xac, 0xaa, 0xa9, 0xff, 0xac, 0xaa, 0xa9, 0xff, 
0xac, 0xaa, 0xa8, 0xff, 0xad, 0xaa, 0xa8, 0xff, 0xad, 0xaa, 0xa8, 0xff, 0xad, 0xaa, 0xa8, 0xff, 
0xad, 0xaa, 0xa9, 0xff, 0xad, 0xaa, 0xa9, 0xff, 0xad, 0xaa, 0xa9, 0xff, 0xae, 0xaa, 0xaa, 0xff, 
0xad, 0xab, 0xaa, 0xff, 0xad, 0xab, 0xaa, 0xff, 0xad, 0xab, 0xaa, 0xff, 0xae, 0xab, 0xa9, 0xff, 
0xae, 0xac, 0xaa, 0xff, 0xae, 0xac, 0xab, 0xff, 0xae, 0xab, 0xab, 0xff, 0xae, 0xac, 0xaa, 0xff, 
0xae, 0xac, 0xaa, 0xff, 0xad, 0xac, 0xaa, 0xff, 0xae, 0xac, 0xaa, 0xff, 0xad, 0xad, 0xab, 0xff, 
0xae, 0xad, 0xab, 0xff, 0xae, 0xad, 0xab, 0xff, 0xae, 0xad, 0xab, 0xff, 0xae, 0xad, 0xab, 0xff, 
0xae, 0xad, 0xab, 0xff, 0xae, 0xad, 0xab, 0xff, 0xae, 0xad, 0xab, 0xff, 0xae, 0xad, 0xab, 0xff, 
0xae, 0xad, 0xab, 0xff, 0xae, 0xad, 0xab, 0xff, 0xae, 0xad, 0xab, 0xff, 0xae, 0xad, 0xab, 0xff, 
0xae, 0xad, 0xab, 0xff, 0xad, 0xad, 0xab, 0xff, 0xae, 0xad, 0xab, 0xff, 0xae, 0xad, 0xab, 0xff, 
0xae, 0xad, 0xab, 0xff, 0xae, 0xac, 0xac, 0xff, 0xae, 0xac, 0xac, 0xff, 0xad, 0xac, 0xac, 0xff, 
0xad, 0xac, 0xab, 0xff, 0xad, 0xac, 0xaa, 0xff, 0xad, 0xac, 0xab, 0xff, 0xad, 0xac, 0xaa, 0xff, 
0xad, 0xac, 0xaa, 0xff, 0xad, 0xac, 0xab, 0xff, 0xad, 0xac, 0xab, 0xff, 0xad, 0xac, 0xab, 0xff, 
0xad, 0xab, 0xaa, 0xff, 0xad, 0xab, 0xab, 0xff, 0xae, 0xab, 0xab, 0xff, 0xad, 0xab, 0xab, 0xff, 
0xae, 0xab, 0xab, 0xff, 0xae, 0xac, 0xac, 0xff, 0xae, 0xac, 0xac, 0xff, 0xae, 0xab, 0xac, 0xff, 
0xaf, 0xac, 0xac, 0xff, 0xaf, 0xac, 0xab, 0xff, 0xae, 0xab, 0xab, 0xff, 0xae, 0xac, 0xab, 0xff, 
0xae, 0xab, 0xab, 0xff, 0xaf, 0xac, 0xab, 0xff, 0xae, 0xac, 0xac, 0xff, 0xaf, 0xac, 0xab, 0xff, 
0xb0, 0xac, 0xac, 0xff, 0xae, 0xac, 0xab, 0xff, 0xaf, 0xac, 0xab, 0xff, 0xaf, 0xac, 0xac, 0xff, 
0xb0, 0xac, 0xac, 0xff, 0xaf, 0xac, 0xab, 0xff, 0xb0, 0xac, 0xab, 0xff, 0xaf, 0xac, 0xac, 0xff, 
0xb0, 0xac, 0xab, 0xff, 0xb0, 0xac, 0xab, 0xff, 0xaf, 0xac, 0xac, 0xff, 0xaf, 0xac, 0xab, 0xff, 
0xae, 0xac, 0xab, 0xff, 0xae, 0xac, 0xac, 0xff, 0xaf, 0xac, 0xab, 0xff, 0xaf, 0xac, 0xab, 0xff, 
0xaf, 0xac, 0xab, 0xff, 0xae, 0xab, 0xaa, 0xff, 0xae, 0xab, 0xaa, 0xff, 0xae, 0xab, 0xaa, 0xff, 
0xae, 0xab, 0xa9, 0xff, 0xae, 0xab, 0xa9, 0xff, 0xae, 0xab, 0xa9, 0xff, 0xad, 0xab, 0xaa, 0xff, 
0xae, 0xab, 0xa9, 0xff, 0xae, 0xab, 0xaa, 0xff, 0xae, 0xab, 0xaa, 0xff, 0xae, 0xab, 0xaa, 0xff, 
0xae, 0xab, 0xa9, 0xff, 0xad, 0xab, 0xa9, 0xff, 0xae, 0xab, 0xaa, 0xff, 0xae, 0xaa, 0xa9, 0xff, 
0xa8, 0xa7, 0xa8, 0xff, 0xa8, 0xa7, 0xa7, 0xff, 0xa8, 0xa7, 0xa8, 0xff, 0xa8, 0xa8, 0xa8, 0xff, 
0xa7, 0xa7, 0xa6, 0xff, 0xa7, 0xa7, 0xa7, 0xff, 0xa8, 0xa8, 0xa8, 0xff, 0xa8, 0xa8, 0xa7, 0xff, 
0xa8, 0xa7, 0xa8, 0xff, 0xa7, 0xa7, 0xa7, 0xff, 0xa8, 0xa7, 0xa7, 0xff, 0xa7, 0xa7, 0xa7, 0xff, 
0xa8, 0xa7, 0xa7, 0xff, 0xa8, 0xa7, 0xa7, 0xff, 0xa8, 0xa7, 0xa7, 0xff, 0xa8, 0xa7, 0xa7, 0xff, 
0xa8, 0xa7, 0xa7, 0xff, 0xa8, 0xa7, 0xa7, 0xff, 0xa8, 0xa7, 0xa7, 0xff, 0xa8, 0xa7, 0xa7, 0xff, 
0xa8, 0xa8, 0xa8, 0xff, 0xa8, 0xa7, 0xa7, 0xff, 0xa8, 0xa8, 0xa8, 0xff, 0xa7, 0xa7, 0xa7, 0xff, 
0xa7, 0xa7, 0xa6, 0xff, 0xa7, 0xa7, 0xa6, 0xff, 0xa8, 0xa7, 0xa7, 0xff, 0xa7, 0xa7, 0xa7, 0xff, 
0xa7, 0xa7, 0xa7, 0xff, 0xa8, 0xa7, 0xa7, 0xff, 0xa7, 0xa7, 0xa7, 0xff, 0xa8, 0xa7, 0xa7, 0xff, 
0xa8, 0xa8, 0xa8, 0xff, 0xa8, 0xa7, 0xa8, 0xff, 0xa8, 0xa7, 0xa7, 0xff, 0xa9, 0xa7, 0xa8, 0xff, 
0xa8, 0xa8, 0xa7, 0xff, 0xa8, 0xa8, 0xa8, 0xff, 0xa8, 0xa8, 0xa8, 0xff, 0xa9, 0xa7, 0xa8, 0xff, 
0xa9, 0xa7, 0xa8, 0xff, 0xa8, 0xa8, 0xa7, 0xff, 0xa8, 0xa8, 0xa7, 0xff, 0xa8, 0xa7, 0xa8, 0xff, 
0xa8, 0xa7, 0xa7, 0xff, 0xa8, 0xa7, 0xa7, 0xff, 0xa7, 0xa7, 0xa7, 0xff, 0xa8, 0xa7, 0xa8, 0xff, 
0xa8, 0xa7, 0xa7, 0xff, 0xa8, 0xa7, 0xa7, 0xff, 0xa8, 0xa6, 0xa7, 0xff, 0xa8, 0xa6, 0xa7, 0xff, 
0xa8, 0xa6, 0xa7, 0xff, 0xa7, 0xa7, 0xa6, 0xff, 0xa7, 0xa6, 0xa7, 0xff, 0xa7, 0xa6, 0xa6, 0xff, 
0xa7, 0xa6, 0xa7, 0xff, 0xa7, 0xa6, 0xa7, 0xff, 0xa7, 0xa6, 0xa7, 0xff, 0xa6, 0xa6, 0xa6, 0xff, 
0xa7, 0xa6, 0xa6, 0xff, 0xa7, 0xa5, 0xa6, 0xff, 0xa7, 0xa6, 0xa6, 0xff, 0xa7, 0xa7, 0xa6, 0xff, 
0xa7, 0xa7, 0xa6, 0xff, 0xa7, 0xa6, 0xa5, 0xff, 0xa6, 0xa6, 0xa6, 0xff, 0xa7, 0xa5, 0xa6, 0xff, 
0xa6, 0xa6, 0xa5, 0xff, 0xa7, 0xa6, 0xa6, 0xff, 0xa7, 0xa6, 0xa6, 0xff, 0xa6, 0xa6, 0xa6, 0xff, 
0xa7, 0xa6, 0xa5, 0xff, 0xa7, 0xa6, 0xa6, 0xff, 0xa7, 0xa6, 0xa6, 0xff, 0xa7, 0xa5, 0xa6, 0xff, 
0xa7, 0xa6, 0xa6, 0xff, 0xa7, 0xa5, 0xa6, 0xff, 0xa7, 0xa6, 0xa6, 0xff, 0xa7, 0xa5, 0xa6, 0xff, 
0xa7, 0xa6, 0xa6, 0xff, 0xa7, 0xa6, 0xa5, 0xff, 0xa7, 0xa5, 0xa5, 0xff, 0xa7, 0xa6, 0xa5, 0xff, 
0xa7, 0xa6, 0xa5, 0xff, 0xa7, 0xa6, 0xa6, 0xff, 0xa7, 0xa6, 0xa6, 0xff, 0xa7, 0xa6, 0xa6, 0xff, 
0xa7, 0xa6, 0xa6, 0xff, 0xa7, 0xa6, 0xa6, 0xff, 0xa7, 0xa6, 0xa6, 0xff, 0xa7, 0xa6, 0xa7, 0xff, 
0xa6, 0xa7, 0xa6, 0xff, 0xa7, 0xa7, 0xa7, 0xff, 0xa7, 0xa7, 0xa7, 0xff, 0xa7, 0xa7, 0xa7, 0xff, 
0xa7, 0xa7, 0xa7, 0xff, 0xa7, 0xa7, 0xa7, 0xff, 0xa7, 0xa7, 0xa7, 0xff, 0xa7, 0xa7, 0xa7, 0xff, 
0xa7, 0xa7, 0xa6, 0xff, 0xa7, 0xa7, 0xa7, 0xff, 0xa7, 0xa7, 0xa7, 0xff, 0xa7, 0xa7, 0xa7, 0xff, 
0xa7, 0xa7, 0xa7, 0xff, 0xa7, 0xa7, 0xa7, 0xff, 0xa7, 0xa7, 0xa7, 0xff, 0xa7, 0xa8, 0xa6, 0xff, 
0xa7, 0xa7, 0xa6, 0xff, 0xa7, 0xa8, 0xa7, 0xff, 0xa7, 0xa7, 0xa6, 0xff, 0xa8, 0xa7, 0xa7, 0xff, 
0xa8, 0xa7, 0xa7, 0xff, 0xa8, 0xa7, 0xa7, 0xff, 0xa7, 0xa7, 0xa6, 0xff, 0xa7, 0xa7, 0xa6, 0xff, 
0xa7, 0xa7, 0xa6, 0xff, 0xa8, 0xa7, 0xa7, 0xff, 0xa8, 0xa7, 0xa7, 0xff, 0xa8, 0xa7, 0xa7, 0xff, 
0xa8, 0xa8, 0xa7, 0xff, 0xa8, 0xa8, 0xa7, 0xff, 0xa7, 0xa7, 0xa7, 0xff, 0xa7, 0xa7, 0xa6, 0xff, 
0xa8, 0xa8, 0xa7, 0xff, 0xa8, 0xa8, 0xa7, 0xff, 0xa7, 0xa7, 0xa7, 0xff, 0xa7, 0xa7, 0xa7, 0xff, 
0xa8, 0xa8, 0xa7, 0xff, 0xa7, 0xa7, 0xa7, 0xff, 0xa8, 0xa8, 0xa7, 0xff, 0xa7, 0xa7, 0xa6, 0xff, 
0xa7, 0xa7, 0xa6, 0xff, 0xa7, 0xa7, 0xa6, 0xff, 0xa7, 0xa7, 0xa6, 0xff, 0xa7, 0xa8, 0xa7, 0xff, 
0xa7, 0xa7, 0xa7, 0xff, 0xa7, 0xa7, 0xa6, 0xff, 0xa7, 0xa7, 0xa6, 0xff, 0xa7, 0xa7, 0xa6, 0xff, 
0xa7, 0xa7, 0xa6, 0xff, 0xa7, 0xa7, 0xa6, 0xff, 0xa7, 0xa7, 0xa6, 0xff, 0xa7, 0xa7, 0xa5, 0xff, 
0xa7, 0xa7, 0xa5, 0xff, 0xa7, 0xa7, 0xa5, 0xff, 0xa7, 0xa7, 0xa6, 0xff, 0xa7, 0xa7, 0xa5, 0xff, 
0xa7, 0xa7, 0xa6, 0xff, 0xa7, 0xa7, 0xa6, 0xff, 0xa6, 0xa7, 0xa5, 0xff, 0xa7, 0xa7, 0xa6, 0xff, 
0xa7, 0xa7, 0xa6, 0xff, 0xa7, 0xa7, 0xa6, 0xff, 0xa7, 0xa7, 0xa5, 0xff, 0xa7, 0xa7, 0xa6, 0xff, 
0xa8, 0xa7, 0xa6, 0xff, 0xa8, 0xa7, 0xa6, 0xff, 0xa8, 0xa7, 0xa6, 0xff, 0xa8, 0xa7, 0xa6, 0xff, 
0xa8, 0xa8, 0xa6, 0xff, 0xa8, 0xa7, 0xa7, 0xff, 0xa8, 0xa8, 0xa7, 0xff, 0xa8, 0xa8, 0xa7, 0xff, 
0xa9, 0xa8, 0xa7, 0xff, 0xa9, 0xa8, 0xa7, 0xff, 0xa9, 0xa8, 0xa7, 0xff, 0xa9, 0xa8, 0xa7, 0xff, 
0xa9, 0xa9, 0xa8, 0xff, 0xa8, 0xa9, 0xa7, 0xff, 0xa9, 0xa9, 0xa8, 0xff, 0xaa, 0xa9, 0xa7, 0xff, 
0xaa, 0xa9, 0xa8, 0xff, 0xaa, 0xa9, 0xa8, 0xff, 0xaa, 0xa8, 0xa9, 0xff, 0xaa, 0xa9, 0xa9, 0xff, 
0xaa, 0xa9, 0xa9, 0xff, 0xaa, 0xaa, 0xa9, 0xff, 0xaa, 0xaa, 0xa9, 0xff, 0xaa, 0xaa, 0xa9, 0xff, 
0xab, 0xaa, 0xa9, 0xff, 0xab, 0xaa, 0xa8, 0xff, 0xab, 0xaa, 0xa9, 0xff, 0xab, 0xaa, 0xa9, 0xff, 
0xab, 0xaa, 0xa9, 0xff, 0xab, 0xaa, 0xa9, 0xff, 0xab, 0xaa, 0xa9, 0xff, 0xab, 0xaa, 0xa9, 0xff, 
0xab, 0xaa, 0xa9, 0xff, 0xab, 0xaa, 0xa9, 0xff, 0xab, 0xaa, 0xa9, 0xff, 0xab, 0xaa, 0xa9, 0xff, 
0xaa, 0xaa, 0xaa, 0xff, 0xab, 0xab, 0xa9, 0xff, 0xab, 0xab, 0xa9, 0xff, 0xaa, 0xaa, 0xa9, 0xff, 
0xaa, 0xab, 0xaa, 0xff, 0xab, 0xaa, 0xaa, 0xff, 0xaa, 0xa9, 0xaa, 0xff, 0xaa, 0xa9, 0xaa, 0xff, 
0xaa, 0xa9, 0xa9, 0xff, 0xa9, 0xa9, 0xa8, 0xff, 0xa9, 0xa9, 0xa8, 0xff, 0xaa, 0xa9, 0xa8, 0xff, 
0xaa, 0xa9, 0xa8, 0xff, 0xa9, 0xa9, 0xa8, 0xff, 0xaa, 0xa8, 0xa9, 0xff, 0xa9, 0xa9, 0xa8, 0xff, 
0xa8, 0xa8, 0xa8, 0xff, 0xa9, 0xa8, 0xa9, 0xff, 0xa8, 0xa8, 0xa8, 0xff, 0xa9, 0xa8, 0xa9, 0xff, 
0xa9, 0xa8, 0xa9, 0xff, 0xa9, 0xa8, 0xa9, 0xff, 0xa9, 0xa9, 0xa9, 0xff, 0xa8, 0xa8, 0xa9, 0xff, 
0xa9, 0xa7, 0xa9, 0xff, 0xa9, 0xa8, 0xa8, 0xff, 0xaa, 0xa8, 0xa8, 0xff, 0xaa, 0xa8, 0xa9, 0xff, 
0xa9, 0xa8, 0xa9, 0xff, 0xa9, 0xa8, 0xa8, 0xff, 0xa9, 0xa8, 0xa9, 0xff, 0xaa, 0xa8, 0xa8, 0xff, 
0xaa, 0xa8, 0xa8, 0xff, 0xa9, 0xa8, 0xa9, 0xff, 0xa9, 0xa8, 0xa8, 0xff, 0xaa, 0xa8, 0xa8, 0xff, 
0xa9, 0xa8, 0xa8, 0xff, 0xaa, 0xa8, 0xa8, 0xff, 0xa9, 0xa8, 0xa8, 0xff, 0xa9, 0xa8, 0xa9, 0xff, 
0xa9, 0xa8, 0xa8, 0xff, 0xa9, 0xa8, 0xa8, 0xff, 0xa9, 0xa8, 0xa9, 0xff, 0xa9, 0xa8, 0xa8, 0xff, 
0xa9, 0xa8, 0xa8, 0xff, 0xa9, 0xa8, 0xa8, 0xff, 0xaa, 0xa8, 0xa8, 0xff, 0xa9, 0xa8, 0xa8, 0xff, 
0xa9, 0xa8, 0xa9, 0xff, 0xa9, 0xa9, 0xa9, 0xff, 0xa9, 0xa9, 0xa9, 0xff, 0xa9, 0xa9, 0xa8, 0xff, 
0xa8, 0xa8, 0xa7, 0xff, 0xa8, 0xa8, 0xa8, 0xff, 0xa8, 0xa8, 0xa7, 0xff, 0xa8, 0xa8, 0xa7, 0xff, 
0xa9, 0xa8, 0xa7, 0xff, 0xa8, 0xa8, 0xa8, 0xff, 0xa8, 0xa8, 0xa7, 0xff, 0xa8, 0xa8, 0xa8, 0xff, 
0xa8, 0xa8, 0xa7, 0xff, 0xa8, 0xa7, 0xa8, 0xff, 0xa9, 0xa7, 0xa8, 0xff, 0xa9, 0xa7, 0xa8, 0xff, 
0xa4, 0xa4, 0xa4, 0xff, 0xa4, 0xa4, 0xa5, 0xff, 0xa4, 0xa4, 0xa4, 0xff, 0xa4, 0xa4, 0xa5, 0xff, 
0xa3, 0xa3, 0xa4, 0xff, 0xa4, 0xa4, 0xa5, 0xff, 0xa4, 0xa4, 0xa4, 0xff, 0xa4, 0xa4, 0xa5, 0xff, 
0xa3, 0xa4, 0xa3, 0xff, 0xa4, 0xa4, 0xa4, 0xff, 0xa4, 0xa4, 0xa5, 0xff, 0xa3, 0xa4, 0xa3, 0xff, 
0xa3, 0xa4, 0xa4, 0xff, 0xa3, 0xa3, 0xa4, 0xff, 0xa3, 0xa3, 0xa4, 0xff, 0xa3, 0xa4, 0xa4, 0xff, 
0xa4, 0xa4, 0xa5, 0xff, 0xa3, 0xa4, 0xa4, 0xff, 0xa3, 0xa3, 0xa4, 0xff, 0xa3, 0xa3, 0xa4, 0xff, 
0xa4, 0xa4, 0xa5, 0xff, 0xa3, 0xa3, 0xa4, 0xff, 0xa3, 0xa3, 0xa4, 0xff, 0xa3, 0xa4, 0xa4, 0xff, 
0xa3, 0xa3, 0xa4, 0xff, 0xa3, 0xa4, 0xa4, 0xff, 0xa3, 0xa4, 0xa4, 0xff, 0xa3, 0xa3, 0xa4, 0xff, 
0xa3, 0xa3, 0xa4, 0xff, 0xa3, 0xa3, 0xa4, 0xff, 0xa3, 0xa4, 0xa4, 0xff, 0xa3, 0xa4, 0xa4, 0xff, 
0xa3, 0xa4, 0xa5, 0xff, 0xa4, 0xa3, 0xa4, 0xff, 0xa3, 0xa3, 0xa4, 0xff, 0xa4, 0xa3, 0xa4, 0xff, 
0xa4, 0xa4, 0xa4, 0xff, 0xa3, 0xa4, 0xa4, 0xff, 0xa4, 0xa4, 0xa4, 0xff, 0xa4, 0xa3, 0xa4, 0xff, 
0xa4, 0xa4, 0xa5, 0xff, 0xa4, 0xa4, 0xa5, 0xff, 0xa4, 0xa4, 0xa5, 0xff, 0xa4, 0xa4, 0xa5, 0xff, 
0xa4, 0xa4, 0xa4, 0xff, 0xa4, 0xa3, 0xa4, 0xff, 0xa3, 0xa3, 0xa4, 0xff, 0xa4, 0xa3, 0xa4, 0xff, 
0xa4, 0xa3, 0xa5, 0xff, 0xa4, 0xa3, 0xa4, 0xff, 0xa4, 0xa3, 0xa4, 0xff, 0xa4, 0xa3, 0xa5, 0xff, 
0xa3, 0xa3, 0xa4, 0xff, 0xa3, 0xa3, 0xa4, 0xff, 0xa3, 0xa3, 0xa4, 0xff, 0xa3, 0xa3, 0xa4, 0xff, 
0xa3, 0xa3, 0xa4, 0xff, 0xa3, 0xa3, 0xa4, 0xff, 0xa3, 0xa3, 0xa4, 0xff, 0xa3, 0xa3, 0xa4, 0xff, 
0xa3, 0xa3, 0xa4, 0xff, 0xa3, 0xa2, 0xa4, 0xff, 0xa2, 0xa2, 0xa3, 0xff, 0xa2, 0xa2, 0xa4, 0xff, 
0xa2, 0xa2, 0xa4, 0xff, 0xa2, 0xa2, 0xa4, 0xff, 0xa2, 0xa2, 0xa3, 0xff, 0xa2, 0xa2, 0xa3, 0xff, 
0xa2, 0xa2, 0xa4, 0xff, 0xa3, 0xa2, 0xa3, 0xff, 0xa3, 0xa2, 0xa3, 0xff, 0xa2, 0xa2, 0xa3, 0xff, 
0xa2, 0xa2, 0xa3, 0xff, 0xa2, 0xa2, 0xa3, 0xff, 0xa2, 0xa2, 0xa4, 0xff, 0xa2, 0xa2, 0xa3, 0xff, 
0xa2, 0xa2, 0xa3, 0xff, 0xa2, 0xa2, 0xa3, 0xff, 0xa2, 0xa2, 0xa3, 0xff, 0xa2, 0xa2, 0xa3, 0xff, 
0xa2, 0xa2, 0xa3, 0xff, 0xa3, 0xa2, 0xa4, 0xff, 0xa2, 0xa2, 0xa3, 0xff, 0xa3, 0xa2, 0xa3, 0xff, 
0xa3, 0xa2, 0xa3, 0xff, 0xa3, 0xa2, 0xa4, 0xff, 0xa3, 0xa2, 0xa4, 0xff, 0xa3, 0xa2, 0xa4, 0xff, 
0xa2, 0xa2, 0xa4, 0xff, 0xa2, 0xa2, 0xa3, 0xff, 0xa3, 0xa2, 0xa4, 0xff, 0xa2, 0xa2, 0xa3, 0xff, 
0xa3, 0xa3, 0xa4, 0xff, 0xa2, 0xa2, 0xa3, 0xff, 0xa3, 0xa2, 0xa4, 0xff, 0xa3, 0xa3, 0xa5, 0xff, 
0xa3, 0xa3, 0xa4, 0xff, 0xa3, 0xa3, 0xa4, 0xff, 0xa3, 0xa3, 0xa4, 0xff, 0xa2, 0xa3, 0xa4, 0xff, 
0xa3, 0xa3, 0xa4, 0xff, 0xa3, 0xa3, 0xa4, 0xff, 0xa3, 0xa3, 0xa4, 0xff, 0xa3, 0xa3, 0xa4, 0xff, 
0xa3, 0xa3, 0xa4, 0xff, 0xa3, 0xa3, 0xa4, 0xff, 0xa3, 0xa3, 0xa4, 0xff, 0xa4, 0xa3, 0xa4, 0xff, 
0xa3, 0xa3, 0xa5, 0xff, 0xa3, 0xa3, 0xa5, 0xff, 0xa3, 0xa3, 0xa4, 0xff, 0xa4, 0xa4, 0xa5, 0xff, 
0xa4, 0xa4, 0xa5, 0xff, 0xa3, 0xa3, 0xa4, 0xff, 0xa3, 0xa3, 0xa4, 0xff, 0xa4, 0xa4, 0xa4, 0xff, 
0xa3, 0xa3, 0xa4, 0xff, 0xa4, 0xa3, 0xa4, 0xff, 0xa4, 0xa4, 0xa4, 0xff, 0xa4, 0xa3, 0xa4, 0xff, 
0xa4, 0xa4, 0xa4, 0xff, 0xa4, 0xa4, 0xa5, 0xff, 0xa3, 0xa3, 0xa5, 0xff, 0xa4, 0xa4, 0xa5, 0xff, 
0xa4, 0xa4, 0xa4, 0xff, 0xa4, 0xa4, 0xa5, 0xff, 0xa3, 0xa3, 0xa4, 0xff, 0xa3, 0xa3, 0xa4, 0xff, 
0xa3, 0xa3, 0xa3, 0xff, 0xa3, 0xa3, 0xa4, 0xff, 0xa3, 0xa3, 0xa3, 0xff, 0xa3, 0xa3, 0xa4, 0xff, 
0xa3, 0xa3, 0xa4, 0xff, 0xa4, 0xa4, 0xa4, 0xff, 0xa3, 0xa3, 0xa3, 0xff, 0xa3, 0xa3, 0xa4, 0xff, 
0xa3, 0xa3, 0xa4, 0xff, 0xa3, 0xa3, 0xa3, 0xff, 0xa3, 0xa3, 0xa3, 0xff, 0xa3, 0xa3, 0xa4, 0xff, 
0xa3, 0xa3, 0xa4, 0xff, 0xa3, 0xa3, 0xa3, 0xff, 0xa3, 0xa3, 0xa4, 0xff, 0xa3, 0xa3, 0xa4, 0xff, 
0xa3, 0xa3, 0xa4, 0xff, 0xa3, 0xa3, 0xa4, 0xff, 0xa3, 0xa2, 0xa4, 0xff, 0xa3, 0xa3, 0xa4, 0xff, 
0xa3, 0xa3, 0xa3, 0xff, 0xa3, 0xa3, 0xa4, 0xff, 0xa3, 0xa3, 0xa4, 0xff, 0xa3, 0xa3, 0xa3, 0xff, 
0xa3, 0xa2, 0xa3, 0xff, 0xa3, 0xa3, 0xa4, 0xff, 0xa3, 0xa3, 0xa4, 0xff, 0xa3, 0xa3, 0xa3, 0xff, 
0xa3, 0xa3, 0xa3, 0xff, 0xa4, 0xa3, 0xa4, 0xff, 0xa4, 0xa3, 0xa5, 0xff, 0xa4, 0xa3, 0xa5, 0xff, 
0xa4, 0xa3, 0xa5, 0xff, 0xa4, 0xa3, 0xa4, 0xff, 0xa4, 0xa4, 0xa4, 0xff, 0xa5, 0xa5, 0xa5, 0xff, 
0xa5, 0xa4, 0xa5, 0xff, 0xa5, 0xa4, 0xa5, 0xff, 0xa5, 0xa4, 0xa5, 0xff, 0xa5, 0xa5, 0xa6, 0xff, 
0xa5, 0xa5, 0xa6, 0xff, 0xa5, 0xa5, 0xa6, 0xff, 0xa6, 0xa5, 0xa6, 0xff, 0xa6, 0xa6, 0xa6, 0xff, 
0xa6, 0xa5, 0xa6, 0xff, 0xa6, 0xa5, 0xa6, 0xff, 0xa6, 0xa6, 0xa6, 0xff, 0xa6, 0xa6, 0xa7, 0xff, 
0xa7, 0xa6, 0xa7, 0xff, 0xa6, 0xa6, 0xa7, 0xff, 0xa7, 0xa7, 0xa6, 0xff, 0xa7, 0xa7, 0xa7, 0xff, 
0xa7, 0xa6, 0xa7, 0xff, 0xa7, 0xa6, 0xa7, 0xff, 0xa6, 0xa6, 0xa7, 0xff, 0xa7, 0xa7, 0xa7, 0xff, 
0xa7, 0xa6, 0xa6, 0xff, 0xa7, 0xa6, 0xa7, 0xff, 0xa7, 0xa6, 0xa7, 0xff, 0xa7, 0xa6, 0xa6, 0xff, 
0xa7, 0xa6, 0xa7, 0xff, 0xa6, 0xa6, 0xa7, 0xff, 0xa7, 0xa6, 0xa7, 0xff, 0xa7, 0xa6, 0xa6, 0xff, 
0xa7, 0xa6, 0xa7, 0xff, 0xa7, 0xa7, 0xa7, 0xff, 0xa6, 0xa6, 0xa6, 0xff, 0xa6, 0xa6, 0xa7, 0xff, 
0xa6, 0xa7, 0xa7, 0xff, 0xa6, 0xa6, 0xa7, 0xff, 0xa6, 0xa6, 0xa6, 0xff, 0xa6, 0xa6, 0xa7, 0xff, 
0xa6, 0xa6, 0xa7, 0xff, 0xa5, 0xa5, 0xa6, 0xff, 0xa5, 0xa6, 0xa6, 0xff, 0xa6, 0xa6, 0xa6, 0xff, 
0xa5, 0xa6, 0xa6, 0xff, 0xa5, 0xa5, 0xa5, 0xff, 0xa5, 0xa5, 0xa6, 0xff, 0xa6, 0xa6, 0xa6, 0xff, 
0xa5, 0xa5, 0xa6, 0xff, 0xa5, 0xa5, 0xa5, 0xff, 0xa5, 0xa5, 0xa5, 0xff, 0xa5, 0xa5, 0xa5, 0xff, 
0xa5, 0xa5, 0xa5, 0xff, 0xa5, 0xa5, 0xa5, 0xff, 0xa5, 0xa5, 0xa5, 0xff, 0xa5, 0xa5, 0xa5, 0xff, 
0xa5, 0xa5, 0xa5, 0xff, 0xa5, 0xa5, 0xa5, 0xff, 0xa5, 0xa6, 0xa6, 0xff, 0xa5, 0xa5, 0xa6, 0xff, 
0xa6, 0xa5, 0xa6, 0xff, 0xa5, 0xa5, 0xa5, 0xff, 0xa6, 0xa5, 0xa5, 0xff, 0xa6, 0xa5, 0xa6, 0xff, 
0xa5, 0xa5, 0xa5, 0xff, 0xa5, 0xa5, 0xa6, 0xff, 0xa6, 0xa5, 0xa6, 0xff, 0xa5, 0xa5, 0xa5, 0xff, 
0xa5, 0xa5, 0xa6, 0xff, 0xa5, 0xa5, 0xa5, 0xff, 0xa5, 0xa5, 0xa6, 0xff, 0xa5, 0xa5, 0xa5, 0xff, 
0xa5, 0xa5, 0xa6, 0xff, 0xa5, 0xa5, 0xa5, 0xff, 0xa5, 0xa5, 0xa5, 0xff, 0xa5, 0xa5, 0xa5, 0xff, 
0xa5, 0xa5, 0xa5, 0xff, 0xa5, 0xa5, 0xa6, 0xff, 0xa5, 0xa4, 0xa5, 0xff, 0xa5, 0xa5, 0xa5, 0xff, 
0xa5, 0xa5, 0xa5, 0xff, 0xa5, 0xa5, 0xa5, 0xff, 0xa5, 0xa5, 0xa5, 0xff, 0xa5, 0xa5, 0xa5, 0xff, 
0xa4, 0xa4, 0xa5, 0xff, 0xa5, 0xa5, 0xa5, 0xff, 0xa4, 0xa4, 0xa5, 0xff, 0xa4, 0xa4, 0xa5, 0xff, 
0xa5, 0xa4, 0xa5, 0xff, 0xa4, 0xa4, 0xa5, 0xff, 0xa4, 0xa4, 0xa5, 0xff, 0xa4, 0xa4, 0xa4, 0xff, 
0xa4, 0xa4, 0xa4, 0xff, 0xa4, 0xa4, 0xa4, 0xff, 0xa4, 0xa4, 0xa4, 0xff, 0xa4, 0xa4, 0xa4, 0xff, 
0xa0, 0xa0, 0xa1, 0xff, 0xa0, 0x9f, 0xa2, 0xff, 0xa0, 0x9f, 0xa1, 0xff, 0xa0, 0x9f, 0xa2, 0xff, 
0xa0, 0xa0, 0xa2, 0xff, 0xa0, 0xa0, 0xa1, 0xff, 0xa0, 0xa0, 0xa1, 0xff, 0xa0, 0x9f, 0xa1, 0xff, 
0xa0, 0xa0, 0xa1, 0xff, 0xa0, 0xa0, 0xa1, 0xff, 0xa0, 0xa0, 0xa2, 0xff, 0xa0, 0xa0, 0xa1, 0xff, 
0xa0, 0xa0, 0xa1, 0xff, 0xa0, 0x9f, 0xa2, 0xff, 0xa0, 0x9f, 0xa2, 0xff, 0x9f, 0x9f, 0xa1, 0xff, 
0xa0, 0xa0, 0xa2, 0xff, 0xa0, 0xa0, 0xa2, 0xff, 0xa0, 0x9f, 0xa2, 0xff, 0x9f, 0x9f, 0xa1, 0xff, 
0x9f, 0x9f, 0xa1, 0xff, 0xa0, 0x9f, 0xa1, 0xff, 0x9f, 0x9f, 0xa2, 0xff, 0xa0, 0xa0, 0xa2, 0xff, 
0x9f, 0x9f, 0xa2, 0xff, 0x9f, 0x9f, 0xa2, 0xff, 0x9f, 0x9f, 0xa2, 0xff, 0x9f, 0x9f, 0xa2, 0xff, 
0x9f, 0x9f, 0xa2, 0xff, 0x9f, 0xa0, 0xa2, 0xff, 0x9f, 0x9f, 0xa2, 0xff, 0x9f, 0x9f, 0xa2, 0xff, 
0x9f, 0x9f, 0xa2, 0xff, 0x9f, 0x9f, 0xa2, 0xff, 0xa0, 0xa0, 0xa1, 0xff, 0x9f, 0xa0, 0xa2, 0xff, 
0x9f, 0x9f, 0xa2, 0xff, 0xa0, 0xa0, 0xa2, 0xff, 0x9f, 0xa0, 0xa2, 0xff, 0x9f, 0xa0, 0xa2, 0xff, 
0x9f, 0xa0, 0xa2, 0xff, 0x9f, 0xa0, 0xa2, 0xff, 0x9f, 0x9f, 0xa2, 0xff, 0x9f, 0xa0, 0xa2, 0xff, 
0x9f, 0xa0, 0xa2, 0xff, 0x9f, 0xa0, 0xa2, 0xff, 0x9f, 0xa0, 0xa2, 0xff, 0x9f, 0xa0, 0xa2, 0xff, 
0x9f, 0x9f, 0xa2, 0xff, 0x9f, 0xa0, 0xa2, 0xff, 0x9f, 0x9f, 0xa1, 0xff, 0x9f, 0xa0, 0xa2, 0xff, 
0x9f, 0xa0, 0xa2, 0xff, 0x9f, 0xa0, 0xa2, 0xff, 0x9f, 0xa0, 0xa2, 0xff, 0x9f, 0xa0, 0xa2, 0xff, 
0x9f, 0xa0, 0xa2, 0xff, 0x9f, 0x9f, 0xa2, 0xff, 0x9f, 0xa0, 0xa1, 0xff, 0xa0, 0xa0, 0xa2, 0xff, 
0x9f, 0x9f, 0xa2, 0xff, 0x9f, 0x9f, 0xa1, 0xff, 0x9f, 0x9f, 0xa1, 0xff, 0x9f, 0x9f, 0xa1, 0xff, 
0x9f, 0x9e, 0xa1, 0xff, 0x9f, 0x9f, 0xa1, 0xff, 0x9f, 0x9f, 0xa0, 0xff, 0x9f, 0x9f, 0xa1, 0xff, 
0x9f, 0x9f, 0xa1, 0xff, 0x9f, 0x9f, 0xa1, 0xff, 0x9f, 0x9f, 0xa1, 0xff, 0x9f, 0x9f, 0xa1, 0xff, 
0x9f, 0x9f, 0xa0, 0xff, 0x9f, 0x9f, 0xa1, 0xff, 0x9f, 0x9e, 0xa0, 0xff, 0x9f, 0x9e, 0xa1, 0xff, 
0x9f, 0x9e, 0xa0, 0xff, 0x9f, 0x9e, 0xa0, 0xff, 0x9f, 0x9e, 0xa0, 0xff, 0x9f, 0x9e, 0xa0, 0xff, 
0x9e, 0x9e, 0x9f, 0xff, 0x9e, 0x9e, 0xa1, 0xff, 0x9e, 0x9e, 0xa1, 0xff, 0x9e, 0x9e, 0xa0, 0xff, 
0x9e, 0x9e, 0xa0, 0xff, 0x9e, 0x9f, 0xa0, 0xff, 0x9e, 0x9e, 0xa0, 0xff, 0x9e, 0x9e, 0xa0, 0xff, 
0x9e, 0x9e, 0x9f, 0xff, 0x9e, 0x9e, 0xa0, 0xff, 0x9e, 0x9e, 0x9f, 0xff, 0x9e, 0x9e, 0x9f, 0xff, 
0x9e, 0x9e, 0xa1, 0xff, 0x9e, 0x9f, 0xa1, 0xff, 0x9f, 0x9f, 0xa0, 0xff, 0x9f, 0x9e, 0xa1, 0xff, 
0x9e, 0x9e, 0xa0, 0xff, 0x9f, 0x9e, 0xa1, 0xff, 0x9f, 0x9f, 0xa1, 0xff, 0x9f, 0x9f, 0xa1, 0xff, 
0x9f, 0x9f, 0xa1, 0xff, 0x9f, 0x9f, 0xa1, 0xff, 0x9f, 0x9f, 0xa1, 0xff, 0x9f, 0x9f, 0xa2, 0xff, 
0x9f, 0x9f, 0xa2, 0xff, 0x9f, 0x9f, 0xa2, 0xff, 0x9f, 0x9f, 0xa2, 0xff, 0x9f, 0x9f, 0xa2, 0xff, 
0x9f, 0x9f, 0xa1, 0xff, 0x9f, 0x9f, 0xa1, 0xff, 0x9f, 0x9f, 0xa1, 0xff, 0x9f, 0x9f, 0xa1, 0xff, 
0x9f, 0x9f, 0xa1, 0xff, 0x9f, 0x9f, 0xa1, 0xff, 0x9f, 0x9f, 0xa1, 0xff, 0x9f, 0x9f, 0xa1, 0xff, 
0x9f, 0x9f, 0xa1, 0xff, 0xa0, 0xa0, 0xa1, 0xff, 0x9f, 0xa0, 0xa1, 0xff, 0x9f, 0xa0, 0xa1, 0xff, 
0x9f, 0x9f, 0xa1, 0xff, 0x9f, 0x9f, 0xa1, 0xff, 0x9f, 0x9f, 0xa1, 0xff, 0x9f, 0x9f, 0xa2, 0xff, 
0x9f, 0x9f, 0xa1, 0xff, 0x9f, 0x9f, 0xa1, 0xff, 0x9f, 0x9f, 0xa1, 0xff, 0x9f, 0x9f, 0xa1, 0xff, 
0x9f, 0x9f, 0xa1, 0xff, 0x9f, 0xa0, 0xa1, 0xff, 0x9f, 0x9f, 0xa0, 0xff, 0x9f, 0x9f, 0xa1, 0xff, 
0x9f, 0x9f, 0xa1, 0xff, 0x9f, 0xa0, 0xa1, 0xff, 0x9f, 0x9f, 0xa1, 0xff, 0x9f, 0x9f, 0xa0, 0xff, 
0x9f, 0x9f, 0xa1, 0xff, 0x9f, 0x9f, 0xa1, 0xff, 0x9f, 0x9f, 0xa0, 0xff, 0x9f, 0x9f, 0xa1, 0xff, 
0x9f, 0x9f, 0xa1, 0xff, 0x9f, 0x9f, 0xa0, 0xff, 0x9f, 0x9f, 0xa1, 0xff, 0x9f, 0x9f, 0xa2, 0xff, 
0x9e, 0x9f, 0xa1, 0xff, 0x9f, 0x9f, 0xa1, 0xff, 0x9e, 0x9f, 0xa1, 0xff, 0x9e, 0x9f, 0xa1, 0xff, 
0x9e, 0x9e, 0xa0, 0xff, 0x9e, 0x9e, 0xa1, 0xff, 0x9e, 0x9e, 0xa1, 0xff, 0x9e, 0x9e, 0xa0, 0xff, 
0x9e, 0x9e, 0xa0, 0xff, 0x9e, 0x9f, 0xa0, 0xff, 0x9f, 0x9f, 0xa1, 0xff, 0x9e, 0x9f, 0xa0, 0xff, 
0x9e, 0x9f, 0xa1, 0xff, 0x9f, 0x9f, 0xa0, 0xff, 0x9f, 0x9f, 0xa1, 0xff, 0x9f, 0x9f, 0xa1, 0xff, 
0x9f, 0x9f, 0xa1, 0xff, 0x9f, 0xa0, 0xa1, 0xff, 0xa0, 0x9f, 0xa1, 0xff, 0xa0, 0x9f, 0xa1, 0xff, 
0xa0, 0xa0, 0xa2, 0xff, 0xa0, 0xa0, 0xa2, 0xff, 0xa0, 0xa0, 0xa2, 0xff, 0xa1, 0xa0, 0xa3, 0xff, 
0xa0, 0xa1, 0xa2, 0xff, 0xa1, 0xa1, 0xa3, 0xff, 0xa1, 0xa1, 0xa3, 0xff, 0xa1, 0xa1, 0xa3, 0xff, 
0xa1, 0xa1, 0xa3, 0xff, 0xa1, 0xa1, 0xa3, 0xff, 0xa1, 0xa2, 0xa3, 0xff, 0xa1, 0xa2, 0xa3, 0xff, 
0xa2, 0xa2, 0xa4, 0xff, 0xa1, 0xa2, 0xa4, 0xff, 0xa2, 0xa2, 0xa3, 0xff, 0xa2, 0xa2, 0xa4, 0xff, 
0xa2, 0xa2, 0xa3, 0xff, 0xa2, 0xa2, 0xa4, 0xff, 0xa2, 0xa2, 0xa4, 0xff, 0xa2, 0xa2, 0xa4, 0xff, 
0xa2, 0xa2, 0xa3, 0xff, 0xa3, 0xa2, 0xa4, 0xff, 0xa2, 0xa2, 0xa4, 0xff, 0xa2, 0xa2, 0xa4, 0xff, 
0xa2, 0xa2, 0xa3, 0xff, 0xa2, 0xa2, 0xa4, 0xff, 0xa2, 0xa2, 0xa5, 0xff, 0xa2, 0xa2, 0xa4, 0xff, 
0xa2, 0xa2, 0xa4, 0xff, 0xa2, 0xa2, 0xa4, 0xff, 0xa2, 0xa2, 0xa4, 0xff, 0xa2, 0xa2, 0xa4, 0xff, 
0xa2, 0xa2, 0xa4, 0xff, 0xa2, 0xa2, 0xa4, 0xff, 0xa2, 0xa2, 0xa4, 0xff, 0xa2, 0xa2, 0xa4, 0xff, 
0xa2, 0xa2, 0xa4, 0xff, 0xa1, 0xa2, 0xa4, 0xff, 0xa2, 0xa2, 0xa4, 0xff, 0xa2, 0xa2, 0xa3, 0xff, 
0xa1, 0xa1, 0xa3, 0xff, 0xa1, 0xa1, 0xa3, 0xff, 0xa1, 0xa2, 0xa3, 0xff, 0xa1, 0xa2, 0xa3, 0xff, 
0xa1, 0xa2, 0xa3, 0xff, 0xa1, 0xa1, 0xa2, 0xff, 0xa1, 0xa2, 0xa3, 0xff, 0xa1, 0xa1, 0xa4, 0xff, 
0xa1, 0xa2, 0xa4, 0xff, 0xa1, 0xa1, 0xa3, 0xff, 0xa1, 0xa1, 0xa3, 0xff, 0xa2, 0xa2, 0xa3, 0xff, 
0xa1, 0xa1, 0xa4, 0xff, 0xa1, 0xa2, 0xa4, 0xff, 0xa1, 0xa1, 0xa3, 0xff, 0xa1, 0xa1, 0xa2, 0xff, 
0xa1, 0xa1, 0xa2, 0xff, 0xa1, 0xa1, 0xa4, 0xff, 0xa1, 0xa1, 0xa4, 0xff, 0xa1, 0xa1, 0xa3, 0xff, 
0xa1, 0xa1, 0xa2, 0xff, 0xa0, 0xa1, 0xa3, 0xff, 0xa1, 0xa1, 0xa3, 0xff, 0xa1, 0xa1, 0xa3, 0xff, 
0xa2, 0xa1, 0xa3, 0xff, 0xa1, 0xa1, 0xa3, 0xff, 0xa1, 0xa1, 0xa3, 0xff, 0xa1, 0xa1, 0xa3, 0xff, 
0xa2, 0xa1, 0xa3, 0xff, 0xa1, 0xa1, 0xa2, 0xff, 0xa0, 0xa1, 0xa2, 0xff, 0xa1, 0xa1, 0xa3, 0xff, 
0xa1, 0xa1, 0xa3, 0xff, 0xa1, 0xa1, 0xa3, 0xff, 0xa1, 0xa1, 0xa2, 0xff, 0xa1, 0xa1, 0xa2, 0xff, 
0xa1, 0xa1, 0xa3, 0xff, 0xa0, 0xa0, 0xa3, 0xff, 0xa0, 0xa0, 0xa1, 0xff, 0xa0, 0xa1, 0xa3, 0xff, 
0xa1, 0xa0, 0xa2, 0xff, 0xa1, 0xa1, 0xa2, 0xff, 0xa0, 0xa0, 0xa2, 0xff, 0xa0, 0xa0, 0xa2, 0xff, 
0xa0, 0xa0, 0xa2, 0xff, 0xa0, 0xa0, 0xa3, 0xff, 0xa0, 0xa0, 0xa3, 0xff, 0xa0, 0xa0, 0xa2, 0xff, 
0xa0, 0xa0, 0xa2, 0xff, 0xa0, 0xa0, 0xa3, 0xff, 0xa0, 0xa0, 0xa2, 0xff, 0xa0, 0xa0, 0xa2, 0xff, 
0x9e, 0x9f, 0xa1, 0xff, 0x9d, 0x9e, 0xa1, 0xff, 0x9c, 0x9e, 0xa1, 0xff, 0x9c, 0x9f, 0xa1, 0xff, 
0x9c, 0x9f, 0xa1, 0xff, 0x9c, 0x9e, 0xa1, 0xff, 0x9d, 0x9f, 0xa1, 0xff, 0x9c, 0x9e, 0xa1, 0xff, 
0x9d, 0x9e, 0xa1, 0xff, 0x9d, 0x9e, 0xa1, 0xff, 0x9c, 0x9e, 0xa0, 0xff, 0x9d, 0x9e, 0xa0, 0xff, 
0x9c, 0x9f, 0xa0, 0xff, 0x9d, 0x9e, 0xa0, 0xff, 0x9d, 0x9e, 0xa0, 0xff, 0x9c, 0x9e, 0xa0, 0xff, 
0x9c, 0x9e, 0xa0, 0xff, 0x9d, 0x9e, 0xa0, 0xff, 0x9c, 0x9e, 0xa0, 0xff, 0x9c, 0x9e, 0xa0, 0xff, 
0x9c, 0x9e, 0x9f, 0xff, 0x9c, 0x9e, 0xa0, 0xff, 0x9c, 0x9e, 0xa0, 0xff, 0x9d, 0x9d, 0xa0, 0xff, 
0x9c, 0x9d, 0xa0, 0xff, 0x9c, 0x9d, 0xa0, 0xff, 0x9c, 0x9e, 0xa0, 0xff, 0x9c, 0x9e, 0xa0, 0xff, 
0x9d, 0x9e, 0xa0, 0xff, 0x9d, 0x9e, 0xa0, 0xff, 0x9d, 0x9e, 0xa0, 0xff, 0x9d, 0x9e, 0xa0, 0xff, 
0x9d, 0x9e, 0xa0, 0xff, 0x9c, 0x9f, 0xa1, 0xff, 0x9d, 0x9f, 0xa2, 0xff, 0x9d, 0x9f, 0xa2, 0xff, 
0x9d, 0x9f, 0xa2, 0xff, 0x9d, 0x9f, 0xa1, 0xff, 0x9e, 0x9f, 0xa1, 0xff, 0x9e, 0x9f, 0xa1, 0xff, 
0x9e, 0x9f, 0xa1, 0xff, 0x9e, 0x9f, 0xa1, 0xff, 0x9e, 0x9f, 0xa1, 0xff, 0x9e, 0x9f, 0xa1, 0xff, 
0x9e, 0x9f, 0xa1, 0xff, 0x9e, 0x9f, 0xa1, 0xff, 0x9e, 0x9f, 0xa1, 0xff, 0x9e, 0x9f, 0xa1, 0xff, 
0x9e, 0x9f, 0xa1, 0xff, 0x9e, 0x9f, 0xa1, 0xff, 0x9e, 0x9f, 0xa1, 0xff, 0x9e, 0x9f, 0xa1, 0xff, 
0x9e, 0x9f, 0xa1, 0xff, 0x9e, 0x9f, 0xa1, 0xff, 0x9e, 0x9f, 0xa1, 0xff, 0x9e, 0x9f, 0xa1, 0xff, 
0x9e, 0x9f, 0xa1, 0xff, 0x9e, 0x9f, 0xa1, 0xff, 0x9d, 0x9f, 0xa1, 0xff, 0x9d, 0x9f, 0xa1, 0xff, 
0x9d, 0x9f, 0xa1, 0xff, 0x9e, 0x9f, 0xa2, 0xff, 0x9d, 0x9f, 0xa2, 0xff, 0x9d, 0x9f, 0xa2, 0xff, 
0x9c, 0x9f, 0xa1, 0xff, 0x9c, 0x9f, 0xa1, 0xff, 0x9c, 0x9f, 0xa1, 0xff, 0x9d, 0x9e, 0xa1, 0xff, 
0x9d, 0x9e, 0xa1, 0xff, 0x9d, 0x9e, 0xa1, 0xff, 0x9d, 0x9e, 0xa1, 0xff, 0x9d, 0x9e, 0xa1, 0xff, 
0x9d, 0x9e, 0xa1, 0xff, 0x9d, 0x9e, 0xa1, 0xff, 0x9d, 0x9e, 0xa1, 0xff, 0x9d, 0x9e, 0xa1, 0xff, 
0x9d, 0x9e, 0xa1, 0xff, 0x9d, 0x9f, 0xa1, 0xff, 0x9d, 0x9f, 0xa1, 0xff, 0x9d, 0x9e, 0xa1, 0xff, 
0x9d, 0x9e, 0xa1, 0xff, 0x9d, 0x9e, 0xa1, 0xff, 0x9d, 0x9e, 0xa1, 0xff, 0x9d, 0x9e, 0xa1, 0xff, 
0x9d, 0x9e, 0xa1, 0xff, 0x9d, 0x9e, 0xa1, 0xff, 0x9d, 0x9e, 0xa0, 0xff, 0x9d, 0x9e, 0xa0, 0xff, 
0x9d, 0x9e, 0xa1, 0xff, 0x9d, 0x9e, 0xa0, 0xff, 0x9d, 0x9e, 0xa1, 0xff, 0x9d, 0x9e, 0xa1, 0xff, 
0x9d, 0x9e, 0xa1, 0xff, 0x9c, 0x9e, 0xa1, 0xff, 0x9c, 0x9e, 0xa1, 0xff, 0x9c, 0x9e, 0xa1, 0xff, 
0x9c, 0x9e, 0xa1, 0xff, 0x9c, 0x9f, 0xa1, 0xff, 0x9e, 0x9f, 0xa2, 0xff, 0x9e, 0x9f, 0xa1, 0xff, 
0x9e, 0x9f, 0xa1, 0xff, 0x9e, 0x9f, 0xa1, 0xff, 0x9e, 0x9f, 0xa1, 0xff, 0x9e, 0x9f, 0xa1, 0xff, 
0x9e, 0x9f, 0xa1, 0xff, 0x9e, 0x9f, 0xa1, 0xff, 0x9e, 0x9f, 0xa1, 0xff, 0x9e, 0x9f, 0xa1, 0xff, 
0x9e, 0x9f, 0xa1, 0xff, 0x9e, 0x9f, 0xa1, 0xff, 0x9e, 0x9f, 0xa1, 0xff, 0x9e, 0x9f, 0xa1, 0xff, 
0x9e, 0x9f, 0xa1, 0xff, 0x9e, 0x9f, 0xa1, 0xff, 0x9e, 0x9f, 0xa1, 0xff, 0x9e, 0x9f, 0xa1, 0xff, 
0x9e, 0x9f, 0xa1, 0xff, 0x9e, 0x9f, 0xa1, 0xff, 0x9e, 0x9f, 0xa1, 0xff, 0x9e, 0x9f, 0xa1, 0xff, 
0x9e, 0x9f, 0xa1, 0xff, 0x9e, 0x9f, 0xa1, 0xff, 0x9e, 0x9f, 0xa1, 0xff, 0x9e, 0x9f, 0xa1, 0xff, 
0x9e, 0x9f, 0xa1, 0xff, 0x9e, 0x9f, 0xa1, 0xff, 0x9e, 0x9f, 0xa1, 0xff, 0x9e, 0x9f, 0xa1, 0xff, 
0x9e, 0x9f, 0xa1, 0xff, 0x9e, 0x9f, 0xa1, 0xff, 0x9e, 0x9f, 0xa1, 0xff, 0x9e, 0x9f, 0xa1, 0xff, 
0x9e, 0x9f, 0xa2, 0xff, 0x9e, 0x9f, 0xa2, 0xff, 0x9e, 0x9f, 0xa2, 0xff, 0x9e, 0x9f, 0xa2, 0xff, 
0x9e, 0x9f, 0xa2, 0xff, 0x9e, 0x9f, 0xa2, 0xff, 0x9e, 0x9f, 0xa2, 0xff, 0x9e, 0x9f, 0xa2, 0xff, 
0x9d, 0x9f, 0xa2, 0xff, 0x9e, 0x9e, 0xa2, 0xff, 0x9e, 0x9e, 0xa2, 0xff, 0x9e, 0x9e, 0xa2, 0xff, 
0x9e, 0x9e, 0xa2, 0xff, 0x9e, 0x9f, 0xa3, 0xff, 0x9d, 0x9e, 0xa2, 0xff, 0x9d, 0x9e, 0xa2, 0xff, 
0x9e, 0x9e, 0xa2, 0xff, 0x9e, 0x9e, 0xa2, 0xff, 0x9e, 0x9e, 0xa2, 0xff, 0x9e, 0x9e, 0xa2, 0xff, 
0x9e, 0x9e, 0xa2, 0xff, 0x9d, 0x9e, 0xa2, 0xff, 0x9e, 0x9e, 0xa2, 0xff, 0x9e, 0x9e, 0xa2, 0xff, 
0x9e, 0x9e, 0xa2, 0xff, 0x9e, 0x9e, 0xa2, 0xff, 0x9e, 0x9f, 0xa2, 0xff, 0x9e, 0x9e, 0xa2, 0xff, 
0x9e, 0x9e, 0xa2, 0xff, 0x9e, 0x9f, 0xa2, 0xff, 0x9d, 0x9f, 0xa3, 0xff, 0x9d, 0x9f, 0xa3, 0xff, 
0x9d, 0x9f, 0xa3, 0xff, 0x9d, 0x9f, 0xa3, 0xff, 0x9d, 0x9f, 0xa3, 0xff, 0x9e, 0x9f, 0xa3, 0xff, 
0x9e, 0xa0, 0xa4, 0xff, 0x9e, 0xa0, 0xa2, 0xff, 0x9e, 0xa0, 0xa2, 0xff, 0x9f, 0xa0, 0xa3, 0xff, 
0x9f, 0xa0, 0xa3, 0xff, 0xa0, 0xa0, 0xa4, 0xff, 0x9f, 0xa1, 0xa4, 0xff, 0x9f, 0xa1, 0xa3, 0xff, 
0x9f, 0xa1, 0xa3, 0xff, 0x9f, 0xa1, 0xa3, 0xff, 0x9f, 0xa1, 0xa5, 0xff, 0xa0, 0xa1, 0xa5, 0xff, 
0xa0, 0xa1, 0xa5, 0xff, 0xa0, 0xa1, 0xa4, 0xff, 0xa0, 0xa2, 0xa5, 0xff, 0xa0, 0xa2, 0xa4, 0xff, 
0xa1, 0xa2, 0xa6, 0xff, 0xa1, 0xa2, 0xa6, 0xff, 0xa1, 0xa2, 0xa4, 0xff, 0xa1, 0xa2, 0xa6, 0xff, 
0xa1, 0xa2, 0xa4, 0xff, 0xa1, 0xa2, 0xa4, 0xff, 0xa1, 0xa2, 0xa4, 0xff, 0xa1, 0xa2, 0xa4, 0xff, 
0xa1, 0xa2, 0xa4, 0xff, 0xa1, 0xa2, 0xa4, 0xff, 0xa1, 0xa2, 0xa4, 0xff, 0xa1, 0xa2, 0xa4, 0xff, 
0xa1, 0xa2, 0xa6, 0xff, 0xa1, 0xa2, 0xa4, 0xff, 0xa0, 0xa1, 0xa4, 0xff, 0xa0, 0xa1, 0xa4, 0xff, 
0xa0, 0xa1, 0xa3, 0xff, 0xa0, 0xa2, 0xa5, 0xff, 0xa0, 0xa2, 0xa5, 0xff, 0x9f, 0xa1, 0xa4, 0xff, 
0xa0, 0xa1, 0xa3, 0xff, 0xa0, 0xa1, 0xa3, 0xff, 0xa0, 0xa1, 0xa3, 0xff, 0xa0, 0xa1, 0xa5, 0xff, 
0x9f, 0xa1, 0xa5, 0xff, 0x9f, 0xa1, 0xa4, 0xff, 0x9f, 0xa1, 0xa4, 0xff, 0x9f, 0xa0, 0xa2, 0xff, 
0x9f, 0xa0, 0xa3, 0xff, 0x9f, 0xa0, 0xa2, 0xff, 0x9f, 0x9f, 0xa2, 0xff, 0x9f, 0xa0, 0xa2, 0xff, 
0x9f, 0xa0, 0xa2, 0xff, 0x9f, 0xa0, 0xa2, 0xff, 0x9f, 0xa0, 0xa2, 0xff, 0x9e, 0xa0, 0xa2, 0xff, 
0x9e, 0xa0, 0xa2, 0xff, 0x9e, 0xa0, 0xa2, 0xff, 0x9e, 0xa0, 0xa2, 0xff, 0x9e, 0xa0, 0xa2, 0xff, 
0x9f, 0xa0, 0xa2, 0xff, 0x9f, 0xa0, 0xa2, 0xff, 0x9f, 0xa0, 0xa2, 0xff, 0x9e, 0xa0, 0xa3, 0xff, 
0x9f, 0xa0, 0xa3, 0xff, 0x9f, 0xa0, 0xa2, 0xff, 0x9f, 0xa0, 0xa2, 0xff, 0x9f, 0xa0, 0xa2, 0xff, 
0xa0, 0xa0, 0xa3, 0xff, 0x9f, 0xa0, 0xa2, 0xff, 0x9f, 0xa0, 0xa3, 0xff, 0x9f, 0xa0, 0xa3, 0xff, 
0x9f, 0xa0, 0xa3, 0xff, 0x9f, 0xa0, 0xa3, 0xff, 0x9f, 0xa0, 0xa3, 0xff, 0x9f, 0xa0, 0xa2, 0xff, 
0x9f, 0xa0, 0xa3, 0xff, 0x9e, 0xa0, 0xa2, 0xff, 0x9e, 0xa0, 0xa2, 0xff, 0x9e, 0xa0, 0xa2, 0xff, 
0x9e, 0xa0, 0xa2, 0xff, 0x9d, 0x9f, 0xa2, 0xff, 0x9e, 0x9f, 0xa2, 0xff, 0x9e, 0x9f, 0xa3, 0xff, 
0x9e, 0x9f, 0xa3, 0xff, 0x9e, 0x9f, 0xa3, 0xff, 0x9e, 0x9f, 0xa1, 0xff, 0x9e, 0x9f, 0xa1, 0xff, 
0x9e, 0x9f, 0xa1, 0xff, 0x9d, 0x9f, 0xa1, 0xff, 0x9d, 0x9e, 0xa1, 0xff, 0x9e, 0x9e, 0xa1, 0xff, 
0x9b, 0x9f, 0xa2, 0xff, 0x9a, 0x9f, 0xa1, 0xff, 0x9a, 0x9f, 0xa2, 0xff, 0x9a, 0x9f, 0xa2, 0xff, 
0x9a, 0x9f, 0xa2, 0xff, 0x9a, 0x9f, 0xa2, 0xff, 0x9a, 0x9f, 0xa2, 0xff, 0x9a, 0x9f, 0xa2, 0xff, 
0x9a, 0x9e, 0xa1, 0xff, 0x9a, 0x9e, 0xa1, 0xff, 0x9a, 0x9e, 0xa0, 0xff, 0x9a, 0x9e, 0xa0, 0xff, 
0x9a, 0x9e, 0xa1, 0xff, 0x9a, 0x9e, 0xa1, 0xff, 0x9a, 0x9e, 0xa1, 0xff, 0x9a, 0x9e, 0xa1, 0xff, 
0x99, 0x9e, 0xa1, 0xff, 0x9a, 0x9e, 0xa1, 0xff, 0x9a, 0x9e, 0xa1, 0xff, 0x9a, 0x9e, 0xa1, 0xff, 
0x9a, 0x9e, 0xa1, 0xff, 0x9a, 0x9e, 0xa1, 0xff, 0x99, 0x9e, 0xa1, 0xff, 0x9a, 0x9e, 0xa0, 0xff, 
0x9a, 0x9e, 0xa0, 0xff, 0x9a, 0x9e, 0xa0, 0xff, 0x9a, 0x9e, 0xa1, 0xff, 0x9a, 0x9e, 0xa1, 0xff, 
0x9a, 0x9e, 0xa0, 0xff, 0x9a, 0x9e, 0xa1, 0xff, 0x9a, 0x9e, 0xa0, 0xff, 0x9a, 0x9e, 0xa0, 0xff, 
0x9a, 0x9e, 0xa0, 0xff, 0x9a, 0x9f, 0xa1, 0xff, 0x9a, 0x9e, 0xa1, 0xff, 0x9a, 0x9f, 0xa2, 0xff, 
0x9a, 0x9e, 0xa1, 0xff, 0x9a, 0x9f, 0xa1, 0xff, 0x9b, 0x9f, 0xa1, 0xff, 0x9b, 0x9f, 0xa1, 0xff, 
0x9a, 0x9e, 0xa1, 0xff, 0x9b, 0x9f, 0xa1, 0xff, 0x9b, 0x9f, 0xa2, 0xff, 0x9b, 0x9f, 0xa1, 0xff, 
0x9b, 0x9f, 0xa1, 0xff, 0x9b, 0x9f, 0xa1, 0xff, 0x9b, 0x9f, 0xa1, 0xff, 0x9b, 0x9f, 0xa1, 0xff, 
0x9b, 0x9f, 0xa1, 0xff, 0x9b, 0x9f, 0xa1, 0xff, 0x9b, 0x9f, 0xa2, 0xff, 0x9b, 0x9f, 0xa1, 0xff, 
0x9b, 0x9f, 0xa1, 0xff, 0x9b, 0x9f, 0xa1, 0xff, 0x9b, 0x9f, 0xa1, 0xff, 0x9b, 0x9f, 0xa1, 0xff, 
0x9b, 0x9f, 0xa1, 0xff, 0x9b, 0x9f, 0xa1, 0xff, 0x9a, 0x9e, 0xa1, 0xff, 0x9a, 0x9e, 0xa1, 0xff, 
0x9a, 0x9e, 0xa1, 0xff, 0x9a, 0x9e, 0xa1, 0xff, 0x9a, 0x9e, 0xa1, 0xff, 0x9a, 0x9e, 0xa1, 0xff, 
0x9a, 0x9f, 0xa2, 0xff, 0x9a, 0x9f, 0xa2, 0xff, 0x9a, 0x9f, 0xa2, 0xff, 0x9a, 0x9e, 0xa2, 0xff, 
0x9a, 0x9e, 0xa2, 0xff, 0x9a, 0x9f, 0xa2, 0xff, 0x9a, 0x9f, 0xa2, 0xff, 0x9a, 0x9f, 0xa2, 0xff, 
0x9a, 0x9f, 0xa2, 0xff, 0x9a, 0x9f, 0xa2, 0xff, 0x9a, 0x9f, 0xa2, 0xff, 0x9a, 0x9e, 0xa2, 0xff, 
0x9a, 0x9e, 0xa2, 0xff, 0x9a, 0x9f, 0xa2, 0xff, 0x9a, 0x9f, 0xa2, 0xff, 0x9a, 0x9f, 0xa2, 0xff, 
0x9b, 0x9f, 0xa2, 0xff, 0x9a, 0x9f, 0xa2, 0xff, 0x9a, 0x9f, 0xa2, 0xff, 0x9a, 0x9f, 0xa2, 0xff, 
0x9a, 0x9f, 0xa2, 0xff, 0x9a, 0x9f, 0xa2, 0xff, 0x9a, 0x9f, 0xa2, 0xff, 0x9a, 0x9f, 0xa2, 0xff, 
0x9a, 0x9f, 0xa2, 0xff, 0x9a, 0x9f, 0xa2, 0xff, 0x9a, 0x9f, 0xa2, 0xff, 0x9a, 0x9f, 0xa2, 0xff, 
0x9a, 0x9f, 0xa2, 0xff, 0x9a, 0x9f, 0xa2, 0xff, 0x9a, 0x9f, 0xa2, 0xff, 0x9a, 0x9f, 0xa2, 0xff, 
0x9a, 0x9f, 0xa2, 0xff, 0x9a, 0x9f, 0xa2, 0xff, 0x9a, 0x9f, 0xa2, 0xff, 0x9a, 0x9f, 0xa1, 0xff, 
0x9a, 0x9f, 0xa1, 0xff, 0x9a, 0x9e, 0xa1, 0xff, 0x9b, 0x9e, 0xa1, 0xff, 0x9b, 0x9e, 0xa1, 0xff, 
0x9b, 0x9e, 0xa1, 0xff, 0x9b, 0x9e, 0xa1, 0xff, 0x9b, 0x9e, 0xa1, 0xff, 0x9b, 0x9e, 0xa1, 0xff, 
0x9b, 0x9e, 0xa1, 0xff, 0x9b, 0x9e, 0xa1, 0xff, 0x9b, 0x9e, 0xa1, 0xff, 0x9b, 0x9e, 0xa1, 0xff, 
0x9b, 0x9e, 0xa1, 0xff, 0x9b, 0x9f, 0xa2, 0xff, 0x9b, 0x9f, 0xa1, 0xff, 0x9b, 0x9f, 0xa2, 0xff, 
0x9b, 0x9f, 0xa2, 0xff, 0x9c, 0x9f, 0xa2, 0xff, 0x9c, 0x9f, 0xa2, 0xff, 0x9b, 0x9f, 0xa1, 0xff, 
0x9b, 0x9f, 0xa1, 0xff, 0x9c, 0x9f, 0xa2, 0xff, 0x9b, 0xa0, 0xa2, 0xff, 0x9c, 0x9f, 0xa2, 0xff, 
0x9c, 0x9f, 0xa2, 0xff, 0x9c, 0x9f, 0xa2, 0xff, 0x9c, 0x9f, 0xa2, 0xff, 0x9c, 0x9f, 0xa2, 0xff, 
0x9c, 0x9f, 0xa2, 0xff, 0x9c, 0x9f, 0xa1, 0xff, 0x9c, 0x9f, 0xa1, 0xff, 0x9b, 0x9f, 0xa1, 0xff, 
0x9c, 0x9f, 0xa2, 0xff, 0x9b, 0x9f, 0xa2, 0xff, 0x9c, 0x9f, 0xa2, 0xff, 0x9c, 0x9f, 0xa2, 0xff, 
0x9c, 0x9f, 0xa2, 0xff, 0x9c, 0x9f, 0xa2, 0xff, 0x9c, 0x9f, 0xa3, 0xff, 0x9c, 0x9f, 0xa3, 0xff, 
0x9b, 0x9f, 0xa3, 0xff, 0x9c, 0x9f, 0xa3, 0xff, 0x9c, 0x9f, 0xa3, 0xff, 0x9c, 0x9f, 0xa2, 0xff, 
0x9c, 0x9f, 0xa3, 0xff, 0x9c, 0x9f, 0xa3, 0xff, 0x9c, 0x9f, 0xa3, 0xff, 0x9c, 0x9f, 0xa3, 0xff, 
0x9c, 0x9f, 0xa3, 0xff, 0x9c, 0xa0, 0xa3, 0xff, 0x9c, 0xa0, 0xa3, 0xff, 0x9c, 0xa0, 0xa3, 0xff, 
0x9c, 0xa0, 0xa3, 0xff, 0x9c, 0xa0, 0xa3, 0xff, 0x9c, 0xa0, 0xa3, 0xff, 0x9d, 0xa0, 0xa3, 0xff, 
0x9d, 0xa0, 0xa3, 0xff, 0x9d, 0xa0, 0xa3, 0xff, 0x9c, 0xa0, 0xa3, 0xff, 0x9c, 0xa0, 0xa3, 0xff, 
0x9c, 0x9f, 0xa3, 0xff, 0x9c, 0xa0, 0xa3, 0xff, 0x9c, 0xa0, 0xa3, 0xff, 0x9c, 0xa0, 0xa3, 0xff, 
0x9c, 0xa0, 0xa3, 0xff, 0x9c, 0xa0, 0xa3, 0xff, 0x9c, 0xa0, 0xa3, 0xff, 0x9c, 0xa0, 0xa3, 0xff, 
0x9c, 0xa0, 0xa3, 0xff, 0x9c, 0xa0, 0xa3, 0xff, 0x9c, 0xa0, 0xa3, 0xff, 0x9d, 0xa0, 0xa4, 0xff, 
0x9d, 0xa0, 0xa4, 0xff, 0x9e, 0xa1, 0xa4, 0xff, 0x9d, 0xa1, 0xa4, 0xff, 0x9d, 0xa1, 0xa4, 0xff, 
0x9d, 0xa1, 0xa4, 0xff, 0x9d, 0xa1, 0xa4, 0xff, 0x9d, 0xa1, 0xa4, 0xff, 0x9d, 0xa2, 0xa5, 0xff, 
0x9e, 0xa1, 0xa5, 0xff, 0x9e, 0xa1, 0xa5, 0xff, 0x9d, 0xa1, 0xa5, 0xff, 0x9d, 0xa2, 0xa4, 0xff, 
0x9d, 0xa2, 0xa5, 0xff, 0x9d, 0xa2, 0xa5, 0xff, 0x9e, 0xa2, 0xa4, 0xff, 0x9e, 0xa2, 0xa5, 0xff, 
0x9e, 0xa2, 0xa4, 0xff, 0x9e, 0xa2, 0xa4, 0xff, 0x9e, 0xa2, 0xa4, 0xff, 0x9e, 0xa2, 0xa4, 0xff, 
0x9e, 0xa2, 0xa4, 0xff, 0x9e, 0xa2, 0xa4, 0xff, 0x9e, 0xa2, 0xa4, 0xff, 0x9e, 0xa2, 0xa4, 0xff, 
0x9e, 0xa2, 0xa5, 0xff, 0x9e, 0xa2, 0xa4, 0xff, 0x9d, 0xa1, 0xa4, 0xff, 0x9d, 0xa2, 0xa4, 0xff, 
0x9d, 0xa2, 0xa4, 0xff, 0x9d, 0xa2, 0xa5, 0xff, 0x9d, 0xa2, 0xa5, 0xff, 0x9d, 0xa1, 0xa5, 0xff, 
0x9d, 0xa1, 0xa4, 0xff, 0x9d, 0xa1, 0xa4, 0xff, 0x9d, 0xa1, 0xa3, 0xff, 0x9d, 0xa1, 0xa4, 0xff, 
0x9c, 0xa1, 0xa4, 0xff, 0x9c, 0xa1, 0xa4, 0xff, 0x9c, 0xa1, 0xa4, 0xff, 0x9d, 0xa0, 0xa3, 0xff, 
0x9d, 0xa0, 0xa3, 0xff, 0x9d, 0xa0, 0xa3, 0xff, 0x9d, 0xa0, 0xa3, 0xff, 0x9c, 0xa0, 0xa3, 0xff, 
0x9c, 0xa0, 0xa3, 0xff, 0x9c, 0xa0, 0xa3, 0xff, 0x9c, 0xa0, 0xa3, 0xff, 0x9c, 0xa0, 0xa3, 0xff, 
0x9c, 0xa0, 0xa3, 0xff, 0x9c, 0xa0, 0xa3, 0xff, 0x9c, 0xa0, 0xa3, 0xff, 0x9c, 0xa0, 0xa3, 0xff, 
0x9d, 0xa0, 0xa3, 0xff, 0x9d, 0xa0, 0xa3, 0xff, 0x9c, 0xa0, 0xa3, 0xff, 0x9c, 0xa0, 0xa3, 0xff, 
0x9d, 0xa1, 0xa4, 0xff, 0x9d, 0xa0, 0xa3, 0xff, 0x9d, 0xa0, 0xa3, 0xff, 0x9d, 0xa0, 0xa3, 0xff, 
0x9e, 0xa0, 0xa4, 0xff, 0x9d, 0xa0, 0xa3, 0xff, 0x9d, 0xa0, 0xa4, 0xff, 0x9d, 0xa0, 0xa4, 0xff, 
0x9d, 0xa0, 0xa4, 0xff, 0x9c, 0xa0, 0xa4, 0xff, 0x9c, 0xa0, 0xa4, 0xff, 0x9d, 0xa0, 0xa3, 0xff, 
0x9c, 0xa0, 0xa3, 0xff, 0x9c, 0xa0, 0xa3, 0xff, 0x9c, 0xa0, 0xa3, 0xff, 0x9c, 0xa0, 0xa3, 0xff, 
0x9c, 0xa0, 0xa3, 0xff, 0x9b, 0xa0, 0xa2, 0xff, 0x9c, 0x9f, 0xa3, 0xff, 0x9c, 0x9f, 0xa3, 0xff, 
0x9c, 0x9f, 0xa2, 0xff, 0x9c, 0x9f, 0xa2, 0xff, 0x9c, 0x9f, 0xa2, 0xff, 0x9b, 0x9f, 0xa2, 0xff, 
0x9b, 0x9f, 0xa2, 0xff, 0x9b, 0x9f, 0xa2, 0xff, 0x9b, 0x9f, 0xa2, 0xff, 0x9b, 0x9f, 0xa2, 0xff, 
0x99, 0x9e, 0xa1, 0xff, 0x99, 0x9e, 0xa1, 0xff, 0x99, 0x9e, 0xa1, 0xff, 0x99, 0x9e, 0xa1, 0xff, 
0x99, 0x9e, 0xa1, 0xff, 0x99, 0x9e, 0xa1, 0xff, 0x99, 0x9e, 0xa1, 0xff, 0x99, 0x9e, 0xa1, 0xff, 
0x99, 0x9d, 0xa0, 0xff, 0x99, 0x9d, 0xa1, 0xff, 0x99, 0x9d, 0xa0, 0xff, 0x99, 0x9d, 0xa1, 0xff, 
0x99, 0x9d, 0xa0, 0xff, 0x99, 0x9d, 0xa0, 0xff, 0x99, 0x9d, 0xa0, 0xff, 0x99, 0x9d, 0xa0, 0xff, 
0x99, 0x9d, 0xa0, 0xff, 0x99, 0x9d, 0xa1, 0xff, 0x99, 0x9d, 0xa0, 0xff, 0x99, 0x9e, 0xa1, 0xff, 
0x99, 0x9e, 0xa1, 0xff, 0x99, 0x9e, 0xa1, 0xff, 0x98, 0x9d, 0xa0, 0xff, 0x98, 0x9d, 0xa0, 0xff, 
0x98, 0x9d, 0xa0, 0xff, 0x98, 0x9d, 0xa0, 0xff, 0x98, 0x9e, 0xa1, 0xff, 0x98, 0x9e, 0xa1, 0xff, 
0x98, 0x9d, 0xa1, 0xff, 0x98, 0x9d, 0xa0, 0xff, 0x98, 0x9d, 0xa0, 0xff, 0x98, 0x9d, 0xa0, 0xff, 
0x98, 0x9d, 0xa1, 0xff, 0x98, 0x9d, 0xa0, 0xff, 0x98, 0x9d, 0xa0, 0xff, 0x98, 0x9d, 0xa0, 0xff, 
0x98, 0x9d, 0xa0, 0xff, 0x98, 0x9d, 0xa0, 0xff, 0x98, 0x9d, 0xa0, 0xff, 0x98, 0x9d, 0xa0, 0xff, 
0x98, 0x9d, 0xa0, 0xff, 0x98, 0x9d, 0xa0, 0xff, 0x98, 0x9d, 0xa0, 0xff, 0x98, 0x9d, 0xa0, 0xff, 
0x97, 0x9d, 0xa0, 0xff, 0x98, 0x9d, 0xa0, 0xff, 0x98, 0x9d, 0xa0, 0xff, 0x98, 0x9d, 0xa0, 0xff, 
0x98, 0x9d, 0xa0, 0xff, 0x98, 0x9d, 0xa0, 0xff, 0x98, 0x9d, 0xa0, 0xff, 0x98, 0x9d, 0xa0, 0xff, 
0x98, 0x9d, 0xa0, 0xff, 0x98, 0x9d, 0xa0, 0xff, 0x98, 0x9d, 0xa0, 0xff, 0x98, 0x9d, 0xa0, 0xff, 
0x98, 0x9d, 0xa0, 0xff, 0x98, 0x9d, 0xa0, 0xff, 0x98, 0x9d, 0xa0, 0xff, 0x99, 0x9d, 0xa0, 0xff, 
0x99, 0x9d, 0xa0, 0xff, 0x99, 0x9d, 0xa0, 0xff, 0x99, 0x9d, 0xa0, 0xff, 0x99, 0x9d, 0xa0, 0xff, 
0x98, 0x9d, 0xa0, 0xff, 0x98, 0x9d, 0xa0, 0xff, 0x98, 0x9d, 0xa0, 0xff, 0x98, 0x9d, 0xa0, 0xff, 
0x98, 0x9d, 0xa0, 0xff, 0x98, 0x9d, 0xa0, 0xff, 0x98, 0x9d, 0xa0, 0xff, 0x98, 0x9d, 0xa0, 0xff, 
0x98, 0x9d, 0xa0, 0xff, 0x98, 0x9d, 0xa0, 0xff, 0x98, 0x9d, 0xa0, 0xff, 0x98, 0x9d, 0xa0, 0xff, 
0x98, 0x9d, 0xa0, 0xff, 0x98, 0x9d, 0xa0, 0xff, 0x98, 0x9d, 0xa0, 0xff, 0x98, 0x9d, 0xa0, 0xff, 
0x98, 0x9d, 0xa0, 0xff, 0x98, 0x9d, 0xa0, 0xff, 0x98, 0x9d, 0xa0, 0xff, 0x98, 0x9d, 0xa0, 0xff, 
0x98, 0x9d, 0xa0, 0xff, 0x98, 0x9d, 0xa0, 0xff, 0x98, 0x9d, 0xa0, 0xff, 0x98, 0x9d, 0xa0, 0xff, 
0x98, 0x9d, 0xa0, 0xff, 0x98, 0x9d, 0xa0, 0xff, 0x98, 0x9d, 0xa0, 0xff, 0x98, 0x9d, 0xa0, 0xff, 
0x98, 0x9d, 0xa0, 0xff, 0x98, 0x9d, 0xa0, 0xff, 0x98, 0x9d, 0xa0, 0xff, 0x98, 0x9d, 0xa0, 0xff, 
0x98, 0x9d, 0xa0, 0xff, 0x98, 0x9d, 0xa0, 0xff, 0x98, 0x9d, 0xa0, 0xff, 0x98, 0x9d, 0xa0, 0xff, 
0x98, 0x9d, 0xa0, 0xff, 0x98, 0x9d, 0xa0, 0xff, 0x99, 0x9d, 0xa0, 0xff, 0x99, 0x9d, 0xa0, 0xff, 
0x99, 0x9d, 0xa0, 0xff, 0x99, 0x9d, 0xa0, 0xff, 0x99, 0x9d, 0xa0, 0xff, 0x99, 0x9d, 0xa0, 0xff, 
0x99, 0x9d, 0xa0, 0xff, 0x99, 0x9d, 0xa0, 0xff, 0x99, 0x9d, 0xa0, 0xff, 0x99, 0x9d, 0xa0, 0xff, 
0x99, 0x9d, 0xa0, 0xff, 0x99, 0x9d, 0xa0, 0xff, 0x99, 0x9d, 0xa0, 0xff, 0x99, 0x9d, 0xa0, 0xff, 
0x99, 0x9d, 0xa0, 0xff, 0x99, 0x9d, 0xa0, 0xff, 0x99, 0x9d, 0xa0, 0xff, 0x98, 0x9d, 0xa0, 0xff, 
0x98, 0x9d, 0xa0, 0xff, 0x99, 0x9d, 0xa0, 0xff, 0x99, 0x9d, 0xa0, 0xff, 0x99, 0x9d, 0xa0, 0xff, 
0x99, 0x9e, 0xa1, 0xff, 0x99, 0x9e, 0xa1, 0xff, 0x99, 0x9d, 0xa0, 0xff, 0x99, 0x9d, 0xa0, 0xff, 
0x99, 0x9d, 0xa1, 0xff, 0x99, 0x9e, 0xa1, 0xff, 0x99, 0x9e, 0xa1, 0xff, 0x98, 0x9e, 0xa1, 0xff, 
0x98, 0x9e, 0xa0, 0xff, 0x98, 0x9e, 0xa1, 0xff, 0x98, 0x9e, 0xa0, 0xff, 0x99, 0x9e, 0xa1, 0xff, 
0x99, 0x9e, 0xa1, 0xff, 0x99, 0x9e, 0xa1, 0xff, 0x99, 0x9e, 0xa1, 0xff, 0x99, 0x9e, 0xa1, 0xff, 
0x99, 0x9e, 0xa1, 0xff, 0x99, 0x9e, 0xa1, 0xff, 0x99, 0x9e, 0xa1, 0xff, 0x99, 0x9e, 0xa1, 0xff, 
0x99, 0x9e, 0xa1, 0xff, 0x99, 0x9e, 0xa1, 0xff, 0x99, 0x9e, 0xa1, 0xff, 0x99, 0x9e, 0xa1, 0xff, 
0x99, 0x9e, 0xa1, 0xff, 0x99, 0x9e, 0xa1, 0xff, 0x99, 0x9e, 0xa1, 0xff, 0x99, 0x9e, 0xa1, 0xff, 
0x9a, 0x9e, 0xa1, 0xff, 0x9a, 0x9e, 0xa1, 0xff, 0x9a, 0x9e, 0xa1, 0xff, 0x9a, 0x9e, 0xa1, 0xff, 
0x9a, 0x9e, 0xa1, 0xff, 0x9a, 0x9e, 0xa1, 0xff, 0x9a, 0x9e, 0xa1, 0xff, 0x9a, 0x9e, 0xa1, 0xff, 
0x9a, 0x9e, 0xa1, 0xff, 0x9a, 0x9e, 0xa1, 0xff, 0x9a, 0x9e, 0xa1, 0xff, 0x9a, 0x9e, 0xa1, 0xff, 
0x9b, 0x9f, 0xa2, 0xff, 0x9b, 0x9f, 0xa2, 0xff, 0x9b, 0x9f, 0xa2, 0xff, 0x9b, 0x9f, 0xa2, 0xff, 
0x9b, 0x9f, 0xa2, 0xff, 0x9b, 0x9f, 0xa2, 0xff, 0x9a, 0x9f, 0xa2, 0xff, 0x9a, 0x9f, 0xa2, 0xff, 
0x9a, 0x9f, 0xa2, 0xff, 0x9a, 0x9f, 0xa2, 0xff, 0x9a, 0x9f, 0xa2, 0xff, 0x9a, 0x9f, 0xa2, 0xff, 
0x9a, 0x9f, 0xa2, 0xff, 0x9a, 0x9f, 0xa2, 0xff, 0x9a, 0x9f, 0xa2, 0xff, 0x9a, 0x9f, 0xa2, 0xff, 
0x9a, 0x9f, 0xa2, 0xff, 0x9a, 0x9f, 0xa2, 0xff, 0x9a, 0x9f, 0xa2, 0xff, 0x9a, 0x9f, 0xa2, 0xff, 
0x9a, 0x9f, 0xa2, 0xff, 0x9a, 0x9f, 0xa2, 0xff, 0x9a, 0x9f, 0xa2, 0xff, 0x9a, 0x9f, 0xa2, 0xff, 
0x9a, 0x9f, 0xa2, 0xff, 0x9a, 0x9f, 0xa2, 0xff, 0x9a, 0x9f, 0xa2, 0xff, 0x9a, 0x9f, 0xa2, 0xff, 
0x9a, 0x9f, 0xa2, 0xff, 0x9a, 0x9f, 0xa2, 0xff, 0x9a, 0x9f, 0xa2, 0xff, 0x9a, 0x9f, 0xa2, 0xff, 
0x9a, 0x9f, 0xa2, 0xff, 0x9a, 0x9f, 0xa2, 0xff, 0x9b, 0x9f, 0xa2, 0xff, 0x9b, 0x9f, 0xa2, 0xff, 
0x9b, 0x9f, 0xa2, 0xff, 0x9b, 0x9f, 0xa2, 0xff, 0x9b, 0x9f, 0xa2, 0xff, 0x9b, 0x9f, 0xa2, 0xff, 
0x9a, 0x9f, 0xa2, 0xff, 0x9a, 0x9f, 0xa2, 0xff, 0x9a, 0x9f, 0xa2, 0xff, 0x9a, 0x9f, 0xa2, 0xff, 
0x9a, 0x9f, 0xa2, 0xff, 0x9b, 0x9f, 0xa2, 0xff, 0x9b, 0x9f, 0xa2, 0xff, 0x9a, 0x9f, 0xa2, 0xff, 
0x9a, 0x9f, 0xa2, 0xff, 0x9a, 0x9f, 0xa2, 0xff, 0x9a, 0x9f, 0xa2, 0xff, 0x9a, 0x9f, 0xa2, 0xff, 
0x9a, 0x9f, 0xa2, 0xff, 0x9a, 0x9f, 0xa2, 0xff, 0x9a, 0x9f, 0xa2, 0xff, 0x9a, 0x9f, 0xa2, 0xff, 
0x9a, 0x9f, 0xa2, 0xff, 0x9a, 0x9f, 0xa2, 0xff, 0x9a, 0x9f, 0xa2, 0xff, 0x9a, 0x9f, 0xa2, 0xff, 
0x9a, 0x9f, 0xa2, 0xff, 0x9a, 0x9f, 0xa2, 0xff, 0x9a, 0x9f, 0xa2, 0xff, 0x9a, 0x9f, 0xa2, 0xff, 
0x9a, 0x9f, 0xa2, 0xff, 0x9a, 0x9f, 0xa2, 0xff, 0x9a, 0x9f, 0xa2, 0xff, 0x99, 0x9f, 0xa2, 0xff, 
0x9a, 0x9f, 0xa2, 0xff, 0x9a, 0x9f, 0xa2, 0xff, 0x99, 0x9f, 0xa2, 0xff, 0x9a, 0x9e, 0xa1, 0xff, 
0x9a, 0x9e, 0xa1, 0xff, 0x9a, 0x9e, 0xa1, 0xff, 0x9a, 0x9f, 0xa1, 0xff, 0x9a, 0x9f, 0xa2, 0xff, 
0x9a, 0x9e, 0xa1, 0xff, 0x9b, 0x9f, 0xa2, 0xff, 0x9a, 0x9f, 0xa2, 0xff, 0x99, 0x9f, 0xa2, 0xff, 
0x99, 0x9e, 0xa2, 0xff, 0x9a, 0x9e, 0xa1, 0xff, 0x9a, 0x9e, 0xa1, 0xff, 0x99, 0x9e, 0xa1, 0xff, 
0x99, 0x9e, 0xa1, 0xff, 0x99, 0x9e, 0xa1, 0xff, 0x99, 0x9e, 0xa1, 0xff, 0x99, 0x9e, 0xa1, 0xff, 
0x99, 0x9e, 0xa1, 0xff, 0x99, 0x9e, 0xa1, 0xff, 0x99, 0x9e, 0xa1, 0xff, 0x99, 0x9e, 0xa1, 0xff, 
};
