static const unsigned char uranus_img[] = {
0xaa, 0xdc, 0xe5, 0xff, 0xaa, 0xdc, 0xe5, 0xff, 0xaa, 0xdc, 0xe5, 0xff, 0xaa, 0xdc, 0xe5, 0xff, 
0xaa, 0xdc, 0xe5, 0xff, 0xaa, 0xdc, 0xe5, 0xff, 0xaa, 0xdc, 0xe5, 0xff, 0xaa, 0xdc, 0xe5, 0xff, 
0xaa, 0xdc, 0xe5, 0xff, 0xaa, 0xdc, 0xe5, 0xff, 0xaa, 0xdc, 0xe5, 0xff, 0xaa, 0xdc, 0xe5, 0xff, 
0xaa, 0xdc, 0xe5, 0xff, 0xaa, 0xdc, 0xe5, 0xff, 0xaa, 0xdc, 0xe5, 0xff, 0xaa, 0xdc, 0xe5, 0xff, 
0xaa, 0xdc, 0xe5, 0xff, 0xaa, 0xdc, 0xe5, 0xff, 0xaa, 0xdc, 0xe5, 0xff, 0xaa, 0xdc, 0xe5, 0xff, 
0xaa, 0xdc, 0xe5, 0xff, 0xaa, 0xdc, 0xe5, 0xff, 0xaa, 0xdc, 0xe5, 0xff, 0xaa, 0xdc, 0xe5, 0xff, 
0xaa, 0xdc, 0xe5, 0xff, 0xaa, 0xdc, 0xe5, 0xff, 0xaa, 0xdc, 0xe5, 0xff, 0xaa, 0xdc, 0xe5, 0xff, 
0xaa, 0xdc, 0xe5, 0xff, 0xaa, 0xdc, 0xe5, 0xff, 0xaa, 0xdc, 0xe5, 0xff, 0xaa, 0xdc, 0xe5, 0xff, 
0xaa, 0xdc, 0xe5, 0xff, 0xaa, 0xdc, 0xe5, 0xff, 0xaa, 0xdc, 0xe5, 0xff, 0xaa, 0xdc, 0xe5, 0xff, 
0xaa, 0xdc, 0xe5, 0xff, 0xaa, 0xdc, 0xe5, 0xff, 0xaa, 0xdc, 0xe5, 0xff, 0xaa, 0xdc, 0xe5, 0xff, 
0xaa, 0xdc, 0xe5, 0xff, 0xaa, 0xdc, 0xe5, 0xff, 0xaa, 0xdc, 0xe5, 0xff, 0xaa, 0xdc, 0xe5, 0xff, 
0xaa, 0xdc, 0xe5, 0xff, 0xaa, 0xdc, 0xe5, 0xff, 0xaa, 0xdc, 0xe5, 0xff, 0xaa, 0xdc, 0xe5, 0xff, 
0xaa, 0xdc, 0xe5, 0xff, 0xaa, 0xdc, 0xe5, 0xff, 0xaa, 0xdc, 0xe5, 0xff, 0xaa, 0xdc, 0xe5, 0xff, 
0xaa, 0xdc, 0xe5, 0xff, 0xaa, 0xdc, 0xe5, 0xff, 0xaa, 0xdc, 0xe5, 0xff, 0xaa, 0xdc, 0xe5, 0xff, 
0xaa, 0xdc, 0xe5, 0xff, 0xaa, 0xdc, 0xe5, 0xff, 0xaa, 0xdc, 0xe5, 0xff, 0xaa, 0xdc, 0xe5, 0xff, 
0xaa, 0xdc, 0xe5, 0xff, 0xaa, 0xdc, 0xe5, 0xff, 0xaa, 0xdc, 0xe5, 0xff, 0xaa, 0xdc, 0xe5, 0xff, 
0xaa, 0xdc, 0xe5, 0xff, 0xaa, 0xdc, 0xe5, 0xff, 0xaa, 0xdc, 0xe5, 0xff, 0xaa, 0xdc, 0xe5, 0xff, 
0xaa, 0xdc, 0xe5, 0xff, 0xaa, 0xdc, 0xe5, 0xff, 0xaa, 0xdc, 0xe5, 0xff, 0xaa, 0xdc, 0xe5, 0xff, 
0xaa, 0xdc, 0xe5, 0xff, 0xaa, 0xdc, 0xe5, 0xff, 0xaa, 0xdc, 0xe5, 0xff, 0xaa, 0xdc, 0xe5, 0xff, 
0xaa, 0xdc, 0xe5, 0xff, 0xaa, 0xdc, 0xe5, 0xff, 0xaa, 0xdc, 0xe5, 0xff, 0xaa, 0xdc, 0xe5, 0xff, 
0xaa, 0xdc, 0xe5, 0xff, 0xaa, 0xdc, 0xe5, 0xff, 0xaa, 0xdc, 0xe5, 0xff, 0xaa, 0xdc, 0xe5, 0xff, 
0xaa, 0xdc, 0xe5, 0xff, 0xaa, 0xdc, 0xe5, 0xff, 0xaa, 0xdc, 0xe5, 0xff, 0xaa, 0xdc, 0xe5, 0xff, 
0xaa, 0xdc, 0xe5, 0xff, 0xaa, 0xdc, 0xe5, 0xff, 0xaa, 0xdc, 0xe5, 0xff, 0xaa, 0xdc, 0xe5, 0xff, 
0xaa, 0xdc, 0xe5, 0xff, 0xaa, 0xdc, 0xe5, 0xff, 0xaa, 0xdc, 0xe5, 0xff, 0xaa, 0xdc, 0xe5, 0xff, 
0xaa, 0xdc, 0xe5, 0xff, 0xaa, 0xdc, 0xe5, 0xff, 0xaa, 0xdc, 0xe5, 0xff, 0xaa, 0xdc, 0xe5, 0xff, 
0xaa, 0xdc, 0xe5, 0xff, 0xaa, 0xdc, 0xe5, 0xff, 0xaa, 0xdc, 0xe5, 0xff, 0xaa, 0xdc, 0xe5, 0xff, 
0xaa, 0xdc, 0xe5, 0xff, 0xaa, 0xdc, 0xe5, 0xff, 0xaa, 0xdc, 0xe5, 0xff, 0xaa, 0xdc, 0xe5, 0xff, 
0xaa, 0xdc, 0xe5, 0xff, 0xaa, 0xdc, 0xe5, 0xff, 0xaa, 0xdc, 0xe5, 0xff, 0xaa, 0xdc, 0xe5, 0xff, 
0xaa, 0xdc, 0xe5, 0xff, 0xaa, 0xdc, 0xe5, 0xff, 0xaa, 0xdc, 0xe5, 0xff, 0xaa, 0xdc, 0xe5, 0xff, 
0xaa, 0xdc, 0xe5, 0xff, 0xaa, 0xdc, 0xe5, 0xff, 0xaa, 0xdc, 0xe5, 0xff, 0xaa, 0xdc, 0xe5, 0xff, 
0xaa, 0xdc, 0xe5, 0xff, 0xaa, 0xdc, 0xe5, 0xff, 0xaa, 0xdc, 0xe5, 0xff, 0xaa, 0xdc, 0xe5, 0xff, 
0xaa, 0xdc, 0xe5, 0xff, 0xaa, 0xdc, 0xe5, 0xff, 0xaa, 0xdc, 0xe5, 0xff, 0xaa, 0xdc, 0xe5, 0xff, 
0xaa, 0xdc, 0xe5, 0xff, 0xaa, 0xdc, 0xe5, 0xff, 0xaa, 0xdc, 0xe5, 0xff, 0xaa, 0xdc, 0xe5, 0xff, 
0xaa, 0xdc, 0xe5, 0xff, 0xaa, 0xdc, 0xe5, 0xff, 0xaa, 0xdc, 0xe5, 0xff, 0xaa, 0xdc, 0xe5, 0xff, 
0xaa, 0xdc, 0xe5, 0xff, 0xaa, 0xdc, 0xe5, 0xff, 0xaa, 0xdc, 0xe5, 0xff, 0xaa, 0xdc, 0xe5, 0xff, 
0xaa, 0xdc, 0xe5, 0xff, 0xaa, 0xdc, 0xe5, 0xff, 0xaa, 0xdc, 0xe5, 0xff, 0xaa, 0xdc, 0xe5, 0xff, 
0xaa, 0xdc, 0xe5, 0xff, 0xaa, 0xdc, 0xe5, 0xff, 0xaa, 0xdc, 0xe5, 0xff, 0xaa, 0xdc, 0xe5, 0xff, 
0xaa, 0xdc, 0xe5, 0xff, 0xaa, 0xdc, 0xe5, 0xff, 0xaa, 0xdc, 0xe5, 0xff, 0xaa, 0xdc, 0xe5, 0xff, 
0xaa, 0xdc, 0xe5, 0xff, 0xaa, 0xdc, 0xe5, 0xff, 0xaa, 0xdc, 0xe5, 0xff, 0xaa, 0xdc, 0xe5, 0xff, 
0xaa, 0xdc, 0xe5, 0xff, 0xaa, 0xdc, 0xe5, 0xff, 0xaa, 0xdc, 0xe5, 0xff, 0xaa, 0xdc, 0xe5, 0xff, 
0xaa, 0xdc, 0xe5, 0xff, 0xaa, 0xdc, 0xe5, 0xff, 0xaa, 0xdc, 0xe5, 0xff, 0xaa, 0xdc, 0xe5, 0xff, 
0xaa, 0xdc, 0xe5, 0xff, 0xaa, 0xdc, 0xe5, 0xff, 0xaa, 0xdc, 0xe5, 0xff, 0xaa, 0xdc, 0xe5, 0xff, 
0xaa, 0xdc, 0xe5, 0xff, 0xaa, 0xdc, 0xe5, 0xff, 0xaa, 0xdc, 0xe5, 0xff, 0xaa, 0xdc, 0xe5, 0xff, 
0xaa, 0xdc, 0xe5, 0xff, 0xaa, 0xdc, 0xe5, 0xff, 0xaa, 0xdc, 0xe5, 0xff, 0xaa, 0xdc, 0xe5, 0xff, 
0xaa, 0xdc, 0xe5, 0xff, 0xaa, 0xdc, 0xe5, 0xff, 0xaa, 0xdc, 0xe5, 0xff, 0xaa, 0xdc, 0xe5, 0xff, 
0xaa, 0xdc, 0xe5, 0xff, 0xaa, 0xdc, 0xe5, 0xff, 0xaa, 0xdc, 0xe5, 0xff, 0xaa, 0xdc, 0xe5, 0xff, 
0xaa, 0xdc, 0xe5, 0xff, 0xaa, 0xdc, 0xe5, 0xff, 0xaa, 0xdc, 0xe5, 0xff, 0xaa, 0xdc, 0xe5, 0xff, 
0xaa, 0xdc, 0xe5, 0xff, 0xaa, 0xdc, 0xe5, 0xff, 0xaa, 0xdc, 0xe5, 0xff, 0xaa, 0xdc, 0xe5, 0xff, 
0xaa, 0xdc, 0xe5, 0xff, 0xaa, 0xdc, 0xe5, 0xff, 0xaa, 0xdc, 0xe5, 0xff, 0xaa, 0xdc, 0xe5, 0xff, 
0xaa, 0xdc, 0xe5, 0xff, 0xaa, 0xdc, 0xe5, 0xff, 0xaa, 0xdc, 0xe5, 0xff, 0xaa, 0xdc, 0xe5, 0xff, 
0xaa, 0xdc, 0xe5, 0xff, 0xaa, 0xdc, 0xe5, 0xff, 0xaa, 0xdc, 0xe5, 0xff, 0xaa, 0xdc, 0xe5, 0xff, 
0xaa, 0xdc, 0xe5, 0xff, 0xaa, 0xdc, 0xe5, 0xff, 0xaa, 0xdc, 0xe5, 0xff, 0xaa, 0xdc, 0xe5, 0xff, 
0xaa, 0xdc, 0xe5, 0xff, 0xaa, 0xdc, 0xe5, 0xff, 0xaa, 0xdc, 0xe5, 0xff, 0xaa, 0xdc, 0xe5, 0xff, 
0xaa, 0xdc, 0xe5, 0xff, 0xaa, 0xdc, 0xe5, 0xff, 0xaa, 0xdc, 0xe5, 0xff, 0xaa, 0xdc, 0xe5, 0xff, 
0xaa, 0xdc, 0xe5, 0xff, 0xaa, 0xdc, 0xe5, 0xff, 0xaa, 0xdc, 0xe5, 0xff, 0xaa, 0xdc, 0xe5, 0xff, 
0xaa, 0xdc, 0xe5, 0xff, 0xaa, 0xdc, 0xe5, 0xff, 0xaa, 0xdc, 0xe5, 0xff, 0xaa, 0xdc, 0xe5, 0xff, 
0xaa, 0xdc, 0xe5, 0xff, 0xaa, 0xdc, 0xe5, 0xff, 0xaa, 0xdc, 0xe5, 0xff, 0xaa, 0xdc, 0xe5, 0xff, 
0xaa, 0xdc, 0xe5, 0xff, 0xaa, 0xdc, 0xe5, 0xff, 0xaa, 0xdc, 0xe5, 0xff, 0xaa, 0xdc, 0xe5, 0xff, 
0xaa, 0xdc, 0xe5, 0xff, 0xaa, 0xdc, 0xe5, 0xff, 0xaa, 0xdc, 0xe5, 0xff, 0xaa, 0xdc, 0xe5, 0xff, 
0xaa, 0xdc, 0xe5, 0xff, 0xaa, 0xdc, 0xe5, 0xff, 0xaa, 0xdc, 0xe5, 0xff, 0xaa, 0xdc, 0xe5, 0xff, 
0xaa, 0xdc, 0xe5, 0xff, 0xaa, 0xdc, 0xe5, 0xff, 0xaa, 0xdc, 0xe5, 0xff, 0xaa, 0xdc, 0xe5, 0xff, 
0xaa, 0xdc, 0xe5, 0xff, 0xaa, 0xdc, 0xe5, 0xff, 0xaa, 0xdc, 0xe5, 0xff, 0xaa, 0xdc, 0xe5, 0xff, 
0xaa, 0xdc, 0xe5, 0xff, 0xaa, 0xdc, 0xe5, 0xff, 0xaa, 0xdc, 0xe5, 0xff, 0xaa, 0xdc, 0xe5, 0xff, 
0xaa, 0xdc, 0xe5, 0xff, 0xaa, 0xdc, 0xe5, 0xff, 0xaa, 0xdc, 0xe5, 0xff, 0xaa, 0xdc, 0xe5, 0xff, 
0xaa, 0xdc, 0xe5, 0xff, 0xaa, 0xdc, 0xe5, 0xff, 0xaa, 0xdc, 0xe5, 0xff, 0xaa, 0xdc, 0xe5, 0xff, 
0xaa, 0xdc, 0xe5, 0xff, 0xaa, 0xdc, 0xe5, 0xff, 0xaa, 0xdc, 0xe5, 0xff, 0xaa, 0xdc, 0xe5, 0xff, 
0xaa, 0xdc, 0xe5, 0xff, 0xaa, 0xdc, 0xe5, 0xff, 0xaa, 0xdc, 0xe5, 0xff, 0xaa, 0xdc, 0xe5, 0xff, 
0xaa, 0xdc, 0xe5, 0xff, 0xaa, 0xdc, 0xe5, 0xff, 0xaa, 0xdc, 0xe5, 0xff, 0xaa, 0xdc, 0xe5, 0xff, 
0xaa, 0xdc, 0xe5, 0xff, 0xaa, 0xdc, 0xe5, 0xff, 0xaa, 0xdc, 0xe5, 0xff, 0xaa, 0xdc, 0xe5, 0xff, 
0xaa, 0xdc, 0xe5, 0xff, 0xaa, 0xdc, 0xe5, 0xff, 0xaa, 0xdc, 0xe5, 0xff, 0xaa, 0xdc, 0xe5, 0xff, 
0xaa, 0xdc, 0xe5, 0xff, 0xaa, 0xdc, 0xe5, 0xff, 0xaa, 0xdc, 0xe5, 0xff, 0xaa, 0xdc, 0xe5, 0xff, 
0xaa, 0xdc, 0xe5, 0xff, 0xaa, 0xdc, 0xe5, 0xff, 0xaa, 0xdc, 0xe5, 0xff, 0xaa, 0xdc, 0xe5, 0xff, 
0xaa, 0xdc, 0xe5, 0xff, 0xaa, 0xdc, 0xe5, 0xff, 0xaa, 0xdc, 0xe5, 0xff, 0xaa, 0xdc, 0xe5, 0xff, 
0xaa, 0xdc, 0xe5, 0xff, 0xaa, 0xdc, 0xe5, 0xff, 0xaa, 0xdc, 0xe5, 0xff, 0xaa, 0xdc, 0xe5, 0xff, 
0xaa, 0xdc, 0xe5, 0xff, 0xaa, 0xdc, 0xe5, 0xff, 0xaa, 0xdc, 0xe5, 0xff, 0xaa, 0xdc, 0xe5, 0xff, 
0xaa, 0xdc, 0xe5, 0xff, 0xaa, 0xdc, 0xe5, 0xff, 0xaa, 0xdc, 0xe5, 0xff, 0xaa, 0xdc, 0xe5, 0xff, 
0xaa, 0xdc, 0xe5, 0xff, 0xaa, 0xdc, 0xe5, 0xff, 0xaa, 0xdc, 0xe5, 0xff, 0xaa, 0xdc, 0xe5, 0xff, 
0xaa, 0xdc, 0xe5, 0xff, 0xaa, 0xdc, 0xe5, 0xff, 0xaa, 0xdc, 0xe5, 0xff, 0xaa, 0xdc, 0xe5, 0xff, 
0xaa, 0xdc, 0xe5, 0xff, 0xaa, 0xdc, 0xe5, 0xff, 0xaa, 0xdc, 0xe5, 0xff, 0xaa, 0xdc, 0xe5, 0xff, 
0xaa, 0xdc, 0xe5, 0xff, 0xaa, 0xdc, 0xe5, 0xff, 0xaa, 0xdc, 0xe5, 0xff, 0xaa, 0xdc, 0xe5, 0xff, 
0xaa, 0xdc, 0xe5, 0xff, 0xaa, 0xdc, 0xe5, 0xff, 0xaa, 0xdc, 0xe5, 0xff, 0xaa, 0xdc, 0xe5, 0xff, 
0xaa, 0xdc, 0xe5, 0xff, 0xaa, 0xdc, 0xe5, 0xff, 0xaa, 0xdc, 0xe5, 0xff, 0xaa, 0xdc, 0xe5, 0xff, 
0xaa, 0xdc, 0xe5, 0xff, 0xaa, 0xdc, 0xe5, 0xff, 0xaa, 0xdc, 0xe5, 0xff, 0xaa, 0xdc, 0xe5, 0xff, 
0xaa, 0xdc, 0xe5, 0xff, 0xaa, 0xdc, 0xe5, 0xff, 0xaa, 0xdc, 0xe5, 0xff, 0xaa, 0xdc, 0xe5, 0xff, 
0xaa, 0xdc, 0xe5, 0xff, 0xaa, 0xdc, 0xe5, 0xff, 0xaa, 0xdc, 0xe5, 0xff, 0xaa, 0xdc, 0xe5, 0xff, 
0xaa, 0xdc, 0xe5, 0xff, 0xaa, 0xdc, 0xe5, 0xff, 0xaa, 0xdc, 0xe5, 0xff, 0xaa, 0xdc, 0xe5, 0xff, 
0xaa, 0xdc, 0xe5, 0xff, 0xaa, 0xdc, 0xe5, 0xff, 0xaa, 0xdc, 0xe5, 0xff, 0xaa, 0xdc, 0xe5, 0xff, 
0xaa, 0xdc, 0xe5, 0xff, 0xaa, 0xdc, 0xe5, 0xff, 0xaa, 0xdc, 0xe5, 0xff, 0xaa, 0xdc, 0xe5, 0xff, 
0xaa, 0xdc, 0xe5, 0xff, 0xaa, 0xdc, 0xe5, 0xff, 0xaa, 0xdc, 0xe5, 0xff, 0xaa, 0xdc, 0xe5, 0xff, 
0xaa, 0xdc, 0xe5, 0xff, 0xaa, 0xdc, 0xe5, 0xff, 0xaa, 0xdc, 0xe5, 0xff, 0xaa, 0xdc, 0xe5, 0xff, 
0xaa, 0xdc, 0xe5, 0xff, 0xaa, 0xdc, 0xe5, 0xff, 0xaa, 0xdc, 0xe5, 0xff, 0xaa, 0xdc, 0xe5, 0xff, 
0xaa, 0xdc, 0xe5, 0xff, 0xaa, 0xdc, 0xe5, 0xff, 0xaa, 0xdc, 0xe5, 0xff, 0xaa, 0xdc, 0xe5, 0xff, 
0xaa, 0xdc, 0xe5, 0xff, 0xaa, 0xdc, 0xe5, 0xff, 0xaa, 0xdc, 0xe5, 0xff, 0xaa, 0xdc, 0xe5, 0xff, 
0xaa, 0xdc, 0xe5, 0xff, 0xaa, 0xdc, 0xe5, 0xff, 0xaa, 0xdc, 0xe5, 0xff, 0xaa, 0xdc, 0xe5, 0xff, 
0xaa, 0xdc, 0xe5, 0xff, 0xaa, 0xdc, 0xe5, 0xff, 0xaa, 0xdc, 0xe5, 0xff, 0xaa, 0xdc, 0xe5, 0xff, 
0xaa, 0xdc, 0xe5, 0xff, 0xaa, 0xdc, 0xe5, 0xff, 0xaa, 0xdc, 0xe5, 0xff, 0xaa, 0xdc, 0xe5, 0xff, 
0xaa, 0xdc, 0xe5, 0xff, 0xaa, 0xdc, 0xe5, 0xff, 0xaa, 0xdc, 0xe5, 0xff, 0xaa, 0xdc, 0xe5, 0xff, 
0xaa, 0xdc, 0xe5, 0xff, 0xaa, 0xdc, 0xe5, 0xff, 0xaa, 0xdc, 0xe5, 0xff, 0xaa, 0xdc, 0xe5, 0xff, 
0xaa, 0xdc, 0xe5, 0xff, 0xaa, 0xdc, 0xe5, 0xff, 0xaa, 0xdc, 0xe5, 0xff, 0xaa, 0xdc, 0xe5, 0xff, 
0xaa, 0xdc, 0xe5, 0xff, 0xaa, 0xdc, 0xe5, 0xff, 0xaa, 0xdc, 0xe5, 0xff, 0xaa, 0xdc, 0xe5, 0xff, 
0xaa, 0xdc, 0xe5, 0xff, 0xaa, 0xdc, 0xe5, 0xff, 0xaa, 0xdc, 0xe5, 0xff, 0xaa, 0xdc, 0xe5, 0xff, 
0xaa, 0xdc, 0xe5, 0xff, 0xaa, 0xdc, 0xe5, 0xff, 0xaa, 0xdc, 0xe5, 0xff, 0xaa, 0xdc, 0xe5, 0xff, 
0xaa, 0xdc, 0xe5, 0xff, 0xaa, 0xdc, 0xe5, 0xff, 0xaa, 0xdc, 0xe5, 0xff, 0xaa, 0xdc, 0xe5, 0xff, 
0xaa, 0xdc, 0xe5, 0xff, 0xaa, 0xdc, 0xe5, 0xff, 0xaa, 0xdc, 0xe5, 0xff, 0xaa, 0xdc, 0xe5, 0xff, 
0xaa, 0xdc, 0xe5, 0xff, 0xaa, 0xdc, 0xe5, 0xff, 0xaa, 0xdc, 0xe5, 0xff, 0xaa, 0xdc, 0xe5, 0xff, 
0xaa, 0xdc, 0xe5, 0xff, 0xaa, 0xdc, 0xe5, 0xff, 0xaa, 0xdc, 0xe5, 0xff, 0xaa, 0xdc, 0xe5, 0xff, 
0xaa, 0xdc, 0xe5, 0xff, 0xaa, 0xdc, 0xe5, 0xff, 0xaa, 0xdc, 0xe5, 0xff, 0xaa, 0xdc, 0xe5, 0xff, 
0xaa, 0xdc, 0xe5, 0xff, 0xaa, 0xdc, 0xe5, 0xff, 0xaa, 0xdc, 0xe5, 0xff, 0xaa, 0xdc, 0xe5, 0xff, 
0xaa, 0xdc, 0xe5, 0xff, 0xaa, 0xdc, 0xe5, 0xff, 0xaa, 0xdc, 0xe5, 0xff, 0xaa, 0xdc, 0xe5, 0xff, 
0xaa, 0xdc, 0xe5, 0xff, 0xaa, 0xdc, 0xe5, 0xff, 0xaa, 0xdc, 0xe5, 0xff, 0xaa, 0xdc, 0xe5, 0xff, 
0xaa, 0xdc, 0xe5, 0xff, 0xaa, 0xdc, 0xe5, 0xff, 0xaa, 0xdc, 0xe5, 0xff, 0xaa, 0xdc, 0xe5, 0xff, 
0xaa, 0xdc, 0xe5, 0xff, 0xaa, 0xdc, 0xe5, 0xff, 0xaa, 0xdc, 0xe5, 0xff, 0xaa, 0xdc, 0xe5, 0xff, 
0xaa, 0xdc, 0xe5, 0xff, 0xaa, 0xdc, 0xe5, 0xff, 0xaa, 0xdc, 0xe5, 0xff, 0xaa, 0xdc, 0xe5, 0xff, 
0xaa, 0xdc, 0xe5, 0xff, 0xaa, 0xdc, 0xe5, 0xff, 0xaa, 0xdc, 0xe5, 0xff, 0xaa, 0xdc, 0xe5, 0xff, 
0xaa, 0xdc, 0xe5, 0xff, 0xaa, 0xdc, 0xe5, 0xff, 0xaa, 0xdc, 0xe5, 0xff, 0xaa, 0xdc, 0xe5, 0xff, 
0xaa, 0xdc, 0xe5, 0xff, 0xaa, 0xdc, 0xe5, 0xff, 0xaa, 0xdc, 0xe5, 0xff, 0xaa, 0xdc, 0xe5, 0xff, 
0xaa, 0xdc, 0xe5, 0xff, 0xaa, 0xdc, 0xe5, 0xff, 0xaa, 0xdc, 0xe5, 0xff, 0xaa, 0xdc, 0xe5, 0xff, 
0xaa, 0xdc, 0xe5, 0xff, 0xaa, 0xdc, 0xe5, 0xff, 0xaa, 0xdc, 0xe5, 0xff, 0xaa, 0xdc, 0xe5, 0xff, 
0xaa, 0xdc, 0xe5, 0xff, 0xaa, 0xdc, 0xe5, 0xff, 0xaa, 0xdc, 0xe5, 0xff, 0xaa, 0xdc, 0xe5, 0xff, 
0xaa, 0xdc, 0xe5, 0xff, 0xaa, 0xdc, 0xe5, 0xff, 0xaa, 0xdc, 0xe5, 0xff, 0xaa, 0xdc, 0xe5, 0xff, 
0xaa, 0xdc, 0xe5, 0xff, 0xaa, 0xdc, 0xe5, 0xff, 0xaa, 0xdc, 0xe5, 0xff, 0xaa, 0xdc, 0xe5, 0xff, 
0xaa, 0xdc, 0xe5, 0xff, 0xaa, 0xdc, 0xe5, 0xff, 0xaa, 0xdc, 0xe5, 0xff, 0xaa, 0xdc, 0xe5, 0xff, 
0xaa, 0xdc, 0xe5, 0xff, 0xaa, 0xdc, 0xe5, 0xff, 0xaa, 0xdc, 0xe5, 0xff, 0xaa, 0xdc, 0xe5, 0xff, 
0xaa, 0xdc, 0xe5, 0xff, 0xaa, 0xdc, 0xe5, 0xff, 0xaa, 0xdc, 0xe5, 0xff, 0xaa, 0xdc, 0xe5, 0xff, 
0xaa, 0xdc, 0xe5, 0xff, 0xaa, 0xdc, 0xe5, 0xff, 0xaa, 0xdc, 0xe5, 0xff, 0xaa, 0xdc, 0xe5, 0xff, 
0xaa, 0xdc, 0xe5, 0xff, 0xaa, 0xdc, 0xe5, 0xff, 0xaa, 0xdc, 0xe5, 0xff, 0xaa, 0xdc, 0xe5, 0xff, 
0xaa, 0xdc, 0xe5, 0xff, 0xaa, 0xdc, 0xe5, 0xff, 0xaa, 0xdc, 0xe5, 0xff, 0xaa, 0xdc, 0xe5, 0xff, 
0xaa, 0xdc, 0xe5, 0xff, 0xaa, 0xdc, 0xe5, 0xff, 0xaa, 0xdc, 0xe5, 0xff, 0xaa, 0xdc, 0xe5, 0xff, 
0xaa, 0xdc, 0xe5, 0xff, 0xaa, 0xdc, 0xe5, 0xff, 0xaa, 0xdc, 0xe5, 0xff, 0xaa, 0xdc, 0xe5, 0xff, 
0xaa, 0xdc, 0xe5, 0xff, 0xaa, 0xdc, 0xe5, 0xff, 0xaa, 0xdc, 0xe5, 0xff, 0xaa, 0xdc, 0xe5, 0xff, 
0xaa, 0xdc, 0xe5, 0xff, 0xaa, 0xdc, 0xe5, 0xff, 0xaa, 0xdc, 0xe5, 0xff, 0xaa, 0xdc, 0xe5, 0xff, 
0xaa, 0xdc, 0xe5, 0xff, 0xaa, 0xdc, 0xe5, 0xff, 0xaa, 0xdc, 0xe5, 0xff, 0xaa, 0xdc, 0xe5, 0xff, 
0xaa, 0xdc, 0xe5, 0xff, 0xaa, 0xdc, 0xe5, 0xff, 0xaa, 0xdc, 0xe5, 0xff, 0xaa, 0xdc, 0xe4, 0xff, 
0xaa, 0xdc, 0xe4, 0xff, 0xaa, 0xdc, 0xe4, 0xff, 0xaa, 0xdc, 0xe4, 0xff, 0xaa, 0xdc, 0xe4, 0xff, 
0xaa, 0xdc, 0xe5, 0xff, 0xaa, 0xdc, 0xe5, 0xff, 0xaa, 0xdc, 0xe5, 0xff, 0xaa, 0xdc, 0xe5, 0xff, 
0xaa, 0xdc, 0xe5, 0xff, 0xaa, 0xdc, 0xe5, 0xff, 0xaa, 0xdc, 0xe5, 0xff, 0xaa, 0xdc, 0xe5, 0xff, 
0xaa, 0xdc, 0xe5, 0xff, 0xaa, 0xdc, 0xe5, 0xff, 0xaa, 0xdc, 0xe5, 0xff, 0xaa, 0xdc, 0xe5, 0xff, 
0xaa, 0xdc, 0xe5, 0xff, 0xaa, 0xdc, 0xe5, 0xff, 0xaa, 0xdc, 0xe5, 0xff, 0xaa, 0xdc, 0xe5, 0xff, 
0xaa, 0xdc, 0xe5, 0xff, 0xaa, 0xdc, 0xe5, 0xff, 0xaa, 0xdc, 0xe5, 0xff, 0xaa, 0xdc, 0xe5, 0xff, 
0xaa, 0xdc, 0xe5, 0xff, 0xaa, 0xdc, 0xe5, 0xff, 0xaa, 0xdc, 0xe5, 0xff, 0xaa, 0xdc, 0xe5, 0xff, 
0xaa, 0xdc, 0xe5, 0xff, 0xaa, 0xdc, 0xe5, 0xff, 0xaa, 0xdc, 0xe5, 0xff, 0xaa, 0xdc, 0xe5, 0xff, 
0xaa, 0xdc, 0xe5, 0xff, 0xaa, 0xdc, 0xe5, 0xff, 0xaa, 0xdc, 0xe5, 0xff, 0xaa, 0xdc, 0xe5, 0xff, 
0xaa, 0xdc, 0xe5, 0xff, 0xaa, 0xdc, 0xe5, 0xff, 0xaa, 0xdc, 0xe5, 0xff, 0xaa, 0xdc, 0xe5, 0xff, 
0xaa, 0xdc, 0xe5, 0xff, 0xaa, 0xdc, 0xe5, 0xff, 0xaa, 0xdc, 0xe5, 0xff, 0xaa, 0xdc, 0xe5, 0xff, 
0xaa, 0xdc, 0xe5, 0xff, 0xaa, 0xdc, 0xe5, 0xff, 0xaa, 0xdc, 0xe5, 0xff, 0xaa, 0xdc, 0xe5, 0xff, 
0xaa, 0xdc, 0xe5, 0xff, 0xaa, 0xdc, 0xe5, 0xff, 0xaa, 0xdc, 0xe5, 0xff, 0xaa, 0xdc, 0xe5, 0xff, 
0xaa, 0xdc, 0xe5, 0xff, 0xaa, 0xdc, 0xe5, 0xff, 0xaa, 0xdc, 0xe5, 0xff, 0xaa, 0xdc, 0xe5, 0xff, 
0xaa, 0xdc, 0xe5, 0xff, 0xaa, 0xdc, 0xe5, 0xff, 0xaa, 0xdc, 0xe5, 0xff, 0xaa, 0xdc, 0xe5, 0xff, 
0xaa, 0xdc, 0xe5, 0xff, 0xaa, 0xdc, 0xe5, 0xff, 0xaa, 0xdc, 0xe5, 0xff, 0xaa, 0xdc, 0xe5, 0xff, 
0xaa, 0xdc, 0xe5, 0xff, 0xaa, 0xdc, 0xe5, 0xff, 0xaa, 0xdc, 0xe5, 0xff, 0xaa, 0xdc, 0xe5, 0xff, 
0xaa, 0xdc, 0xe5, 0xff, 0xaa, 0xdc, 0xe5, 0xff, 0xaa, 0xdc, 0xe5, 0xff, 0xaa, 0xdc, 0xe5, 0xff, 
0xaa, 0xdc, 0xe5, 0xff, 0xaa, 0xdc, 0xe5, 0xff, 0xaa, 0xdc, 0xe5, 0xff, 0xaa, 0xdc, 0xe5, 0xff, 
0xaa, 0xdc, 0xe5, 0xff, 0xaa, 0xdc, 0xe5, 0xff, 0xaa, 0xdc, 0xe5, 0xff, 0xaa, 0xdc, 0xe5, 0xff, 
0xaa, 0xdc, 0xe5, 0xff, 0xaa, 0xdc, 0xe5, 0xff, 0xaa, 0xdc, 0xe5, 0xff, 0xaa, 0xdc, 0xe5, 0xff, 
0xaa, 0xdc, 0xe4, 0xff, 0xaa, 0xdc, 0xe4, 0xff, 0xaa, 0xdc, 0xe4, 0xff, 0xaa, 0xdc, 0xe4, 0xff, 
0xaa, 0xdc, 0xe4, 0xff, 0xaa, 0xdc, 0xe5, 0xff, 0xaa, 0xdc, 0xe5, 0xff, 0xaa, 0xdc, 0xe5, 0xff, 
0xaa, 0xdc, 0xe5, 0xff, 0xaa, 0xdc, 0xe5, 0xff, 0xaa, 0xdc, 0xe5, 0xff, 0xaa, 0xdc, 0xe5, 0xff, 
0xaa, 0xdc, 0xe5, 0xff, 0xaa, 0xdc, 0xe5, 0xff, 0xaa, 0xdc, 0xe5, 0xff, 0xaa, 0xdc, 0xe5, 0xff, 
0xaa, 0xdc, 0xe5, 0xff, 0xaa, 0xdc, 0xe5, 0xff, 0xaa, 0xdc, 0xe5, 0xff, 0xaa, 0xdc, 0xe5, 0xff, 
0xaa, 0xdc, 0xe5, 0xff, 0xaa, 0xdc, 0xe5, 0xff, 0xaa, 0xdc, 0xe5, 0xff, 0xaa, 0xdc, 0xe5, 0xff, 
0xaa, 0xdc, 0xe5, 0xff, 0xaa, 0xdc, 0xe5, 0xff, 0xaa, 0xdc, 0xe5, 0xff, 0xaa, 0xdc, 0xe5, 0xff, 
0xaa, 0xdc, 0xe5, 0xff, 0xaa, 0xdc, 0xe5, 0xff, 0xaa, 0xdc, 0xe5, 0xff, 0xaa, 0xdc, 0xe5, 0xff, 
0xaa, 0xdc, 0xe5, 0xff, 0xaa, 0xdc, 0xe5, 0xff, 0xaa, 0xdc, 0xe5, 0xff, 0xaa, 0xdc, 0xe5, 0xff, 
0xaa, 0xdc, 0xe5, 0xff, 0xaa, 0xdc, 0xe5, 0xff, 0xaa, 0xdc, 0xe5, 0xff, 0xaa, 0xdc, 0xe5, 0xff, 
0xaa, 0xdc, 0xe5, 0xff, 0xaa, 0xdc, 0xe5, 0xff, 0xaa, 0xdc, 0xe5, 0xff, 0xaa, 0xdc, 0xe4, 0xff, 
0xaa, 0xdc, 0xe4, 0xff, 0xaa, 0xdc, 0xe4, 0xff, 0xaa, 0xdc, 0xe4, 0xff, 0xaa, 0xdc, 0xe4, 0xff, 
0xaa, 0xdc, 0xe5, 0xff, 0xaa, 0xdc, 0xe5, 0xff, 0xaa, 0xdc, 0xe5, 0xff, 0xaa, 0xdc, 0xe5, 0xff, 
0xaa, 0xdc, 0xe5, 0xff, 0xaa, 0xdc, 0xe5, 0xff, 0xaa, 0xdc, 0xe5, 0xff, 0xaa, 0xdc, 0xe5, 0xff, 
0xaa, 0xdc, 0xe5, 0xff, 0xaa, 0xdc, 0xe5, 0xff, 0xaa, 0xdc, 0xe5, 0xff, 0xaa, 0xdc, 0xe5, 0xff, 
0xaa, 0xdc, 0xe5, 0xff, 0xaa, 0xdc, 0xe5, 0xff, 0xaa, 0xdc, 0xe5, 0xff, 0xaa, 0xdc, 0xe5, 0xff, 
0xaa, 0xdc, 0xe5, 0xff, 0xaa, 0xdc, 0xe5, 0xff, 0xaa, 0xdc, 0xe5, 0xff, 0xaa, 0xdc, 0xe5, 0xff, 
0xaa, 0xdc, 0xe5, 0xff, 0xaa, 0xdc, 0xe5, 0xff, 0xaa, 0xdc, 0xe5, 0xff, 0xaa, 0xdc, 0xe5, 0xff, 
0xaa, 0xdc, 0xe5, 0xff, 0xaa, 0xdc, 0xe5, 0xff, 0xaa, 0xdc, 0xe5, 0xff, 0xaa, 0xdc, 0xe5, 0xff, 
0xaa, 0xdc, 0xe5, 0xff, 0xaa, 0xdc, 0xe5, 0xff, 0xaa, 0xdc, 0xe5, 0xff, 0xaa, 0xdc, 0xe5, 0xff, 
0xaa, 0xdc, 0xe5, 0xff, 0xaa, 0xdc, 0xe5, 0xff, 0xaa, 0xdc, 0xe5, 0xff, 0xaa, 0xdc, 0xe5, 0xff, 
0xaa, 0xdc, 0xe5, 0xff, 0xaa, 0xdc, 0xe5, 0xff, 0xaa, 0xdc, 0xe5, 0xff, 0xaa, 0xdc, 0xe5, 0xff, 
0xaa, 0xdc, 0xe5, 0xff, 0xaa, 0xdc, 0xe5, 0xff, 0xaa, 0xdc, 0xe5, 0xff, 0xaa, 0xdc, 0xe5, 0xff, 
0xaa, 0xdc, 0xe5, 0xff, 0xaa, 0xdc, 0xe5, 0xff, 0xaa, 0xdc, 0xe5, 0xff, 0xaa, 0xdc, 0xe5, 0xff, 
0xaa, 0xdc, 0xe5, 0xff, 0xaa, 0xdc, 0xe5, 0xff, 0xaa, 0xdc, 0xe5, 0xff, 0xaa, 0xdc, 0xe5, 0xff, 
0xaa, 0xdc, 0xe5, 0xff, 0xaa, 0xdc, 0xe5, 0xff, 0xaa, 0xdc, 0xe5, 0xff, 0xaa, 0xdc, 0xe5, 0xff, 
0xaa, 0xdc, 0xe5, 0xff, 0xaa, 0xdc, 0xe5, 0xff, 0xaa, 0xdc, 0xe5, 0xff, 0xaa, 0xdc, 0xe5, 0xff, 
0xaa, 0xdc, 0xe5, 0xff, 0xaa, 0xdc, 0xe5, 0xff, 0xaa, 0xdc, 0xe5, 0xff, 0xaa, 0xdc, 0xe5, 0xff, 
0xaa, 0xdc, 0xe5, 0xff, 0xaa, 0xdc, 0xe5, 0xff, 0xaa, 0xdc, 0xe5, 0xff, 0xaa, 0xdc, 0xe5, 0xff, 
0xaa, 0xdc, 0xe5, 0xff, 0xaa, 0xdc, 0xe5, 0xff, 0xaa, 0xdc, 0xe5, 0xff, 0xaa, 0xdc, 0xe5, 0xff, 
0xaa, 0xdc, 0xe5, 0xff, 0xaa, 0xdc, 0xe5, 0xff, 0xaa, 0xdc, 0xe5, 0xff, 0xaa, 0xdc, 0xe5, 0xff, 
0xaa, 0xdc, 0xe5, 0xff, 0xaa, 0xdc, 0xe5, 0xff, 0xaa, 0xdc, 0xe5, 0xff, 0xaa, 0xdc, 0xe5, 0xff, 
0xaa, 0xdc, 0xe4, 0xff, 0xaa, 0xdc, 0xe4, 0xff, 0xaa, 0xdc, 0xe4, 0xff, 0xaa, 0xdc, 0xe4, 0xff, 
0xaa, 0xdc, 0xe4, 0xff, 0xaa, 0xdc, 0xe5, 0xff, 0xaa, 0xdc, 0xe5, 0xff, 0xaa, 0xdc, 0xe5, 0xff, 
0xaa, 0xdc, 0xe5, 0xff, 0xaa, 0xdc, 0xe5, 0xff, 0xaa, 0xdc, 0xe5, 0xff, 0xaa, 0xdc, 0xe5, 0xff, 
0xaa, 0xdc, 0xe5, 0xff, 0xaa, 0xdc, 0xe5, 0xff, 0xaa, 0xdc, 0xe5, 0xff, 0xaa, 0xdc, 0xe5, 0xff, 
0xaa, 0xdc, 0xe5, 0xff, 0xaa, 0xdc, 0xe5, 0xff, 0xaa, 0xdc, 0xe5, 0xff, 0xaa, 0xdc, 0xe5, 0xff, 
0xaa, 0xdc, 0xe5, 0xff, 0xaa, 0xdc, 0xe5, 0xff, 0xaa, 0xdc, 0xe5, 0xff, 0xaa, 0xdc, 0xe5, 0xff, 
0xaa, 0xdc, 0xe5, 0xff, 0xaa, 0xdc, 0xe5, 0xff, 0xaa, 0xdc, 0xe5, 0xff, 0xaa, 0xdc, 0xe5, 0xff, 
0xaa, 0xdc, 0xe5, 0xff, 0xaa, 0xdc, 0xe5, 0xff, 0xaa, 0xdc, 0xe5, 0xff, 0xaa, 0xdc, 0xe5, 0xff, 
0xaa, 0xdc, 0xe5, 0xff, 0xaa, 0xdc, 0xe5, 0xff, 0xaa, 0xdc, 0xe5, 0xff, 0xaa, 0xdc, 0xe5, 0xff, 
0xaa, 0xdc, 0xe5, 0xff, 0xaa, 0xdc, 0xe5, 0xff, 0xaa, 0xdc, 0xe5, 0xff, 0xaa, 0xdc, 0xe5, 0xff, 
0xaa, 0xdc, 0xe5, 0xff, 0xaa, 0xdc, 0xe5, 0xff, 0xaa, 0xdc, 0xe5, 0xff, 0xaa, 0xdc, 0xe5, 0xff, 
0xaa, 0xdc, 0xe5, 0xff, 0xaa, 0xdc, 0xe5, 0xff, 0xaa, 0xdc, 0xe5, 0xff, 0xaa, 0xdc, 0xe5, 0xff, 
0xaa, 0xdc, 0xe5, 0xff, 0xaa, 0xdc, 0xe5, 0xff, 0xaa, 0xdc, 0xe5, 0xff, 0xaa, 0xdc, 0xe5, 0xff, 
0xaa, 0xdc, 0xe5, 0xff, 0xaa, 0xdc, 0xe4, 0xff, 0xaa, 0xdc, 0xe5, 0xff, 0xaa, 0xdc, 0xe5, 0xff, 
0xaa, 0xdc, 0xe5, 0xff, 0xaa, 0xdc, 0xe5, 0xff, 0xaa, 0xdc, 0xe5, 0xff, 0xaa, 0xdc, 0xe5, 0xff, 
0xaa, 0xdc, 0xe5, 0xff, 0xaa, 0xdc, 0xe5, 0xff, 0xaa, 0xdc, 0xe5, 0xff, 0xaa, 0xdc, 0xe5, 0xff, 
0xaa, 0xdc, 0xe5, 0xff, 0xaa, 0xdc, 0xe5, 0xff, 0xaa, 0xdc, 0xe5, 0xff, 0xaa, 0xdc, 0xe5, 0xff, 
0xaa, 0xdc, 0xe5, 0xff, 0xaa, 0xdc, 0xe5, 0xff, 0xaa, 0xdc, 0xe5, 0xff, 0xaa, 0xdc, 0xe5, 0xff, 
0xaa, 0xdc, 0xe5, 0xff, 0xaa, 0xdc, 0xe5, 0xff, 0xaa, 0xdc, 0xe5, 0xff, 0xaa, 0xdc, 0xe5, 0xff, 
0xaa, 0xdc, 0xe5, 0xff, 0xaa, 0xdc, 0xe5, 0xff, 0xaa, 0xdc, 0xe5, 0xff, 0xaa, 0xdc, 0xe5, 0xff, 
0xaa, 0xdc, 0xe4, 0xff, 0xaa, 0xdc, 0xe4, 0xff, 0xaa, 0xdc, 0xe4, 0xff, 0xaa, 0xdc, 0xe4, 0xff, 
0xaa, 0xdc, 0xe4, 0xff, 0xaa, 0xdc, 0xe4, 0xff, 0xaa, 0xdc, 0xe4, 0xff, 0xaa, 0xdc, 0xe4, 0xff, 
0xaa, 0xdc, 0xe4, 0xff, 0xaa, 0xdc, 0xe4, 0xff, 0xaa, 0xdc, 0xe4, 0xff, 0xaa, 0xdc, 0xe4, 0xff, 
0xaa, 0xdc, 0xe4, 0xff, 0xaa, 0xdc, 0xe4, 0xff, 0xaa, 0xdc, 0xe4, 0xff, 0xaa, 0xdc, 0xe4, 0xff, 
0xaa, 0xdc, 0xe5, 0xff, 0xaa, 0xdc, 0xe5, 0xff, 0xaa, 0xdc, 0xe5, 0xff, 0xaa, 0xdc, 0xe5, 0xff, 
0xaa, 0xdc, 0xe5, 0xff, 0xaa, 0xdc, 0xe5, 0xff, 0xaa, 0xdc, 0xe5, 0xff, 0xaa, 0xdc, 0xe5, 0xff, 
0xaa, 0xdc, 0xe5, 0xff, 0xaa, 0xdc, 0xe5, 0xff, 0xaa, 0xdc, 0xe5, 0xff, 0xaa, 0xdc, 0xe5, 0xff, 
0xaa, 0xdc, 0xe5, 0xff, 0xaa, 0xdc, 0xe5, 0xff, 0xaa, 0xdc, 0xe5, 0xff, 0xaa, 0xdc, 0xe5, 0xff, 
0xaa, 0xdc, 0xe5, 0xff, 0xaa, 0xdc, 0xe5, 0xff, 0xaa, 0xdc, 0xe5, 0xff, 0xaa, 0xdc, 0xe5, 0xff, 
0xaa, 0xdc, 0xe5, 0xff, 0xaa, 0xdc, 0xe5, 0xff, 0xaa, 0xdc, 0xe5, 0xff, 0xaa, 0xdc, 0xe5, 0xff, 
0xaa, 0xdc, 0xe5, 0xff, 0xaa, 0xdc, 0xe5, 0xff, 0xaa, 0xdc, 0xe4, 0xff, 0xaa, 0xdc, 0xe5, 0xff, 
0xaa, 0xdc, 0xe5, 0xff, 0xaa, 0xdc, 0xe5, 0xff, 0xaa, 0xdc, 0xe5, 0xff, 0xaa, 0xdc, 0xe5, 0xff, 
0xaa, 0xdc, 0xe5, 0xff, 0xaa, 0xdc, 0xe5, 0xff, 0xaa, 0xdc, 0xe5, 0xff, 0xaa, 0xdc, 0xe5, 0xff, 
0xaa, 0xdc, 0xe5, 0xff, 0xaa, 0xdc, 0xe5, 0xff, 0xaa, 0xdc, 0xe5, 0xff, 0xaa, 0xdc, 0xe5, 0xff, 
0xaa, 0xdc, 0xe5, 0xff, 0xaa, 0xdc, 0xe5, 0xff, 0xaa, 0xdc, 0xe5, 0xff, 0xaa, 0xdc, 0xe5, 0xff, 
0xaa, 0xdc, 0xe5, 0xff, 0xaa, 0xdc, 0xe5, 0xff, 0xaa, 0xdc, 0xe5, 0xff, 0xaa, 0xdc, 0xe5, 0xff, 
0xaa, 0xdc, 0xe5, 0xff, 0xaa, 0xdc, 0xe5, 0xff, 0xaa, 0xdc, 0xe5, 0xff, 0xaa, 0xdc, 0xe5, 0xff, 
0xaa, 0xdc, 0xe5, 0xff, 0xaa, 0xdc, 0xe5, 0xff, 0xaa, 0xdc, 0xe5, 0xff, 0xaa, 0xdc, 0xe5, 0xff, 
0xaa, 0xdc, 0xe5, 0xff, 0xaa, 0xdc, 0xe5, 0xff, 0xaa, 0xdc, 0xe5, 0xff, 0xaa, 0xdc, 0xe5, 0xff, 
0xaa, 0xdc, 0xe5, 0xff, 0xaa, 0xdc, 0xe5, 0xff, 0xaa, 0xdc, 0xe5, 0xff, 0xaa, 0xdc, 0xe5, 0xff, 
0xaa, 0xdc, 0xe5, 0xff, 0xaa, 0xdc, 0xe5, 0xff, 0xaa, 0xdc, 0xe5, 0xff, 0xaa, 0xdc, 0xe5, 0xff, 
0xaa, 0xdc, 0xe5, 0xff, 0xaa, 0xdc, 0xe5, 0xff, 0xaa, 0xdc, 0xe5, 0xff, 0xaa, 0xdc, 0xe5, 0xff, 
0xaa, 0xdc, 0xe5, 0xff, 0xaa, 0xdc, 0xe5, 0xff, 0xaa, 0xdc, 0xe5, 0xff, 0xaa, 0xdc, 0xe5, 0xff, 
0xaa, 0xdc, 0xe5, 0xff, 0xaa, 0xdc, 0xe5, 0xff, 0xaa, 0xdc, 0xe5, 0xff, 0xaa, 0xdc, 0xe5, 0xff, 
0xaa, 0xdc, 0xe5, 0xff, 0xaa, 0xdc, 0xe5, 0xff, 0xaa, 0xdc, 0xe5, 0xff, 0xaa, 0xdc, 0xe5, 0xff, 
0xaa, 0xdc, 0xe5, 0xff, 0xaa, 0xdc, 0xe4, 0xff, 0xaa, 0xdc, 0xe5, 0xff, 0xaa, 0xdc, 0xe5, 0xff, 
0xaa, 0xdc, 0xe5, 0xff, 0xaa, 0xdc, 0xe5, 0xff, 0xaa, 0xdc, 0xe5, 0xff, 0xaa, 0xdc, 0xe5, 0xff, 
0xaa, 0xdc, 0xe5, 0xff, 0xaa, 0xdc, 0xe5, 0xff, 0xaa, 0xdc, 0xe5, 0xff, 0xaa, 0xdc, 0xe5, 0xff, 
0xaa, 0xdc, 0xe5, 0xff, 0xaa, 0xdc, 0xe5, 0xff, 0xaa, 0xdc, 0xe5, 0xff, 0xaa, 0xdc, 0xe5, 0xff, 
0xaa, 0xdc, 0xe5, 0xff, 0xaa, 0xdc, 0xe5, 0xff, 0xaa, 0xdc, 0xe5, 0xff, 0xaa, 0xdc, 0xe5, 0xff, 
0xaa, 0xdc, 0xe5, 0xff, 0xaa, 0xdc, 0xe5, 0xff, 0xaa, 0xdc, 0xe5, 0xff, 0xaa, 0xdc, 0xe5, 0xff, 
0xaa, 0xdc, 0xe5, 0xff, 0xaa, 0xdc, 0xe5, 0xff, 0xaa, 0xdc, 0xe5, 0xff, 0xaa, 0xdc, 0xe5, 0xff, 
0xaa, 0xdc, 0xe4, 0xff, 0xaa, 0xdc, 0xe4, 0xff, 0xaa, 0xdc, 0xe4, 0xff, 0xaa, 0xdc, 0xe4, 0xff, 
0xaa, 0xdc, 0xe4, 0xff, 0xaa, 0xdc, 0xe4, 0xff, 0xaa, 0xdc, 0xe4, 0xff, 0xaa, 0xdc, 0xe4, 0xff, 
0xaa, 0xdc, 0xe4, 0xff, 0xaa, 0xdc, 0xe4, 0xff, 0xaa, 0xdc, 0xe4, 0xff, 0xaa, 0xdc, 0xe4, 0xff, 
0xaa, 0xdc, 0xe4, 0xff, 0xaa, 0xdc, 0xe4, 0xff, 0xaa, 0xdc, 0xe4, 0xff, 0xaa, 0xdc, 0xe4, 0xff, 
0xaa, 0xdc, 0xe5, 0xff, 0xaa, 0xdc, 0xe5, 0xff, 0xaa, 0xdc, 0xe5, 0xff, 0xaa, 0xdc, 0xe5, 0xff, 
0xaa, 0xdc, 0xe5, 0xff, 0xaa, 0xdc, 0xe5, 0xff, 0xaa, 0xdc, 0xe5, 0xff, 0xaa, 0xdc, 0xe5, 0xff, 
0xaa, 0xdc, 0xe5, 0xff, 0xaa, 0xdc, 0xe5, 0xff, 0xaa, 0xdc, 0xe5, 0xff, 0xaa, 0xdc, 0xe5, 0xff, 
0xaa, 0xdc, 0xe5, 0xff, 0xaa, 0xdc, 0xe5, 0xff, 0xaa, 0xdc, 0xe5, 0xff, 0xaa, 0xdc, 0xe5, 0xff, 
0xaa, 0xdc, 0xe5, 0xff, 0xaa, 0xdc, 0xe5, 0xff, 0xaa, 0xdc, 0xe5, 0xff, 0xaa, 0xdc, 0xe5, 0xff, 
0xaa, 0xdc, 0xe5, 0xff, 0xaa, 0xdc, 0xe5, 0xff, 0xaa, 0xdc, 0xe5, 0xff, 0xaa, 0xdc, 0xe5, 0xff, 
0xaa, 0xdc, 0xe5, 0xff, 0xaa, 0xdc, 0xe5, 0xff, 0xaa, 0xdc, 0xe4, 0xff, 0xaa, 0xdc, 0xe5, 0xff, 
0xaa, 0xdc, 0xe5, 0xff, 0xaa, 0xdc, 0xe5, 0xff, 0xaa, 0xdc, 0xe5, 0xff, 0xaa, 0xdc, 0xe5, 0xff, 
0xaa, 0xdc, 0xe5, 0xff, 0xaa, 0xdc, 0xe5, 0xff, 0xaa, 0xdc, 0xe5, 0xff, 0xaa, 0xdc, 0xe5, 0xff, 
0xaa, 0xdc, 0xe5, 0xff, 0xaa, 0xdc, 0xe5, 0xff, 0xaa, 0xdc, 0xe5, 0xff, 0xaa, 0xdc, 0xe5, 0xff, 
0xaa, 0xdc, 0xe5, 0xff, 0xaa, 0xdc, 0xe5, 0xff, 0xaa, 0xdc, 0xe5, 0xff, 0xaa, 0xdc, 0xe5, 0xff, 
0xaa, 0xdc, 0xe5, 0xff, 0xaa, 0xdc, 0xe5, 0xff, 0xaa, 0xdc, 0xe5, 0xff, 0xaa, 0xdc, 0xe5, 0xff, 
0xaa, 0xdc, 0xe5, 0xff, 0xaa, 0xdc, 0xe5, 0xff, 0xaa, 0xdc, 0xe5, 0xff, 0xaa, 0xdc, 0xe5, 0xff, 
0xaa, 0xdc, 0xe5, 0xff, 0xaa, 0xdc, 0xe5, 0xff, 0xaa, 0xdc, 0xe5, 0xff, 0xaa, 0xdc, 0xe5, 0xff, 
0xab, 0xdd, 0xe4, 0xff, 0xab, 0xdd, 0xe4, 0xff, 0xaa, 0xdc, 0xe4, 0xff, 0xaa, 0xdc, 0xe4, 0xff, 
0xaa, 0xdc, 0xe4, 0xff, 0xaa, 0xdc, 0xe4, 0xff, 0xaa, 0xdc, 0xe4, 0xff, 0xaa, 0xdc, 0xe4, 0xff, 
0xaa, 0xdc, 0xe3, 0xff, 0xaa, 0xdc, 0xe5, 0xff, 0xaa, 0xdc, 0xe5, 0xff, 0xaa, 0xdc, 0xe5, 0xff, 
0xaa, 0xdc, 0xe5, 0xff, 0xaa, 0xdc, 0xe5, 0xff, 0xaa, 0xdc, 0xe5, 0xff, 0xaa, 0xdc, 0xe5, 0xff, 
0xaa, 0xdc, 0xe5, 0xff, 0xaa, 0xdc, 0xe5, 0xff, 0xaa, 0xdc, 0xe5, 0xff, 0xaa, 0xdc, 0xe5, 0xff, 
0xaa, 0xdc, 0xe5, 0xff, 0xaa, 0xdc, 0xe5, 0xff, 0xaa, 0xdc, 0xe5, 0xff, 0xaa, 0xdc, 0xe5, 0xff, 
0xaa, 0xdc, 0xe5, 0xff, 0xaa, 0xdc, 0xe5, 0xff, 0xaa, 0xdc, 0xe5, 0xff, 0xaa, 0xdc, 0xe5, 0xff, 
0xaa, 0xdc, 0xe5, 0xff, 0xaa, 0xdc, 0xe5, 0xff, 0xaa, 0xdc, 0xe4, 0xff, 0xaa, 0xdc, 0xe5, 0xff, 
0xaa, 0xdc, 0xe5, 0xff, 0xaa, 0xdc, 0xe5, 0xff, 0xaa, 0xdc, 0xe5, 0xff, 0xaa, 0xdc, 0xe5, 0xff, 
0xaa, 0xdc, 0xe5, 0xff, 0xaa, 0xdc, 0xe5, 0xff, 0xaa, 0xdc, 0xe5, 0xff, 0xaa, 0xdc, 0xe5, 0xff, 
0xaa, 0xdc, 0xe5, 0xff, 0xaa, 0xdc, 0xe4, 0xff, 0xaa, 0xdc, 0xe4, 0xff, 0xaa, 0xdc, 0xe4, 0xff, 
0xaa, 0xdc, 0xe4, 0xff, 0xaa, 0xdc, 0xe4, 0xff, 0xaa, 0xdc, 0xe4, 0xff, 0xaa, 0xdc, 0xe4, 0xff, 
0xaa, 0xdc, 0xe4, 0xff, 0xaa, 0xdc, 0xe3, 0xff, 0xaa, 0xdc, 0xe3, 0xff, 0xaa, 0xdc, 0xe3, 0xff, 
0xaa, 0xdc, 0xe3, 0xff, 0xaa, 0xdc, 0xe3, 0xff, 0xaa, 0xdc, 0xe3, 0xff, 0xaa, 0xdc, 0xe3, 0xff, 
0xaa, 0xdc, 0xe3, 0xff, 0xaa, 0xdc, 0xe3, 0xff, 0xaa, 0xdc, 0xe3, 0xff, 0xaa, 0xdc, 0xe3, 0xff, 
0xaa, 0xdc, 0xe3, 0xff, 0xaa, 0xdc, 0xe3, 0xff, 0xaa, 0xdc, 0xe3, 0xff, 0xaa, 0xdc, 0xe3, 0xff, 
0xaa, 0xdc, 0xe3, 0xff, 0xaa, 0xdc, 0xe3, 0xff, 0xaa, 0xdc, 0xe3, 0xff, 0xaa, 0xdc, 0xe3, 0xff, 
0xaa, 0xdc, 0xe3, 0xff, 0xaa, 0xdc, 0xe3, 0xff, 0xaa, 0xdc, 0xe3, 0xff, 0xaa, 0xdc, 0xe3, 0xff, 
0xaa, 0xdc, 0xe3, 0xff, 0xaa, 0xdc, 0xe3, 0xff, 0xaa, 0xdc, 0xe3, 0xff, 0xaa, 0xdc, 0xe3, 0xff, 
0xaa, 0xdc, 0xe3, 0xff, 0xaa, 0xdc, 0xe3, 0xff, 0xaa, 0xdc, 0xe3, 0xff, 0xaa, 0xdc, 0xe4, 0xff, 
0xaa, 0xdc, 0xe4, 0xff, 0xaa, 0xdc, 0xe4, 0xff, 0xaa, 0xdc, 0xe4, 0xff, 0xaa, 0xdc, 0xe4, 0xff, 
0xaa, 0xdc, 0xe4, 0xff, 0xaa, 0xdc, 0xe4, 0xff, 0xaa, 0xdc, 0xe4, 0xff, 0xaa, 0xdc, 0xe5, 0xff, 
0xaa, 0xdc, 0xe5, 0xff, 0xaa, 0xdc, 0xe5, 0xff, 0xaa, 0xdc, 0xe5, 0xff, 0xaa, 0xdc, 0xe5, 0xff, 
0xaa, 0xdc, 0xe5, 0xff, 0xaa, 0xdc, 0xe5, 0xff, 0xaa, 0xdc, 0xe5, 0xff, 0xaa, 0xdc, 0xe5, 0xff, 
0xaa, 0xdc, 0xe5, 0xff, 0xaa, 0xdc, 0xe5, 0xff, 0xaa, 0xdc, 0xe5, 0xff, 0xaa, 0xdc, 0xe5, 0xff, 
0xaa, 0xdc, 0xe5, 0xff, 0xaa, 0xdc, 0xe5, 0xff, 0xaa, 0xdc, 0xe5, 0xff, 0xaa, 0xdc, 0xe5, 0xff, 
0xaa, 0xdc, 0xe5, 0xff, 0xaa, 0xdc, 0xe5, 0xff, 0xaa, 0xdc, 0xe5, 0xff, 0xaa, 0xdc, 0xe5, 0xff, 
0xaa, 0xdc, 0xe5, 0xff, 0xaa, 0xdc, 0xe5, 0xff, 0xaa, 0xdc, 0xe5, 0xff, 0xaa, 0xdc, 0xe5, 0xff, 
0xaa, 0xdc, 0xe5, 0xff, 0xaa, 0xdc, 0xe5, 0xff, 0xaa, 0xdc, 0xe5, 0xff, 0xaa, 0xdc, 0xe5, 0xff, 
0xaa, 0xdc, 0xe5, 0xff, 0xaa, 0xdc, 0xe5, 0xff, 0xaa, 0xdc, 0xe5, 0xff, 0xaa, 0xdc, 0xe3, 0xff, 
0xaa, 0xdc, 0xe4, 0xff, 0xaa, 0xdc, 0xe4, 0xff, 0xaa, 0xdc, 0xe4, 0xff, 0xaa, 0xdc, 0xe4, 0xff, 
0xaa, 0xdc, 0xe4, 0xff, 0xaa, 0xdc, 0xe4, 0xff, 0xab, 0xdd, 0xe4, 0xff, 0xab, 0xdd, 0xe4, 0xff, 
0xab, 0xdd, 0xe4, 0xff, 0xab, 0xdd, 0xe4, 0xff, 0xaa, 0xdc, 0xe4, 0xff, 0xaa, 0xdc, 0xe4, 0xff, 
0xaa, 0xdc, 0xe4, 0xff, 0xaa, 0xdc, 0xe4, 0xff, 0xaa, 0xdc, 0xe4, 0xff, 0xaa, 0xdc, 0xe4, 0xff, 
0xaa, 0xdc, 0xe3, 0xff, 0xaa, 0xdc, 0xe5, 0xff, 0xaa, 0xdc, 0xe5, 0xff, 0xaa, 0xdc, 0xe5, 0xff, 
0xaa, 0xdc, 0xe5, 0xff, 0xaa, 0xdc, 0xe5, 0xff, 0xaa, 0xdc, 0xe5, 0xff, 0xaa, 0xdc, 0xe5, 0xff, 
0xaa, 0xdc, 0xe5, 0xff, 0xaa, 0xdc, 0xe5, 0xff, 0xaa, 0xdc, 0xe5, 0xff, 0xaa, 0xdc, 0xe5, 0xff, 
0xaa, 0xdc, 0xe5, 0xff, 0xaa, 0xdc, 0xe5, 0xff, 0xaa, 0xdc, 0xe5, 0xff, 0xaa, 0xdc, 0xe5, 0xff, 
0xaa, 0xdc, 0xe5, 0xff, 0xaa, 0xdc, 0xe5, 0xff, 0xaa, 0xdc, 0xe5, 0xff, 0xaa, 0xdc, 0xe5, 0xff, 
0xaa, 0xdc, 0xe5, 0xff, 0xaa, 0xdc, 0xe5, 0xff, 0xaa, 0xdc, 0xe5, 0xff, 0xaa, 0xdc, 0xe5, 0xff, 
0xaa, 0xdc, 0xe5, 0xff, 0xaa, 0xdc, 0xe5, 0xff, 0xaa, 0xdc, 0xe5, 0xff, 0xaa, 0xdc, 0xe5, 0xff, 
0xaa, 0xdc, 0xe5, 0xff, 0xaa, 0xdc, 0xe5, 0xff, 0xaa, 0xdc, 0xe5, 0xff, 0xaa, 0xdc, 0xe5, 0xff, 
0xaa, 0xdc, 0xe5, 0xff, 0xaa, 0xdc, 0xe4, 0xff, 0xaa, 0xdc, 0xe4, 0xff, 0xaa, 0xdc, 0xe4, 0xff, 
0xaa, 0xdc, 0xe4, 0xff, 0xaa, 0xdc, 0xe4, 0xff, 0xaa, 0xdc, 0xe4, 0xff, 0xaa, 0xdc, 0xe4, 0xff, 
0xaa, 0xdc, 0xe4, 0xff, 0xaa, 0xdc, 0xe3, 0xff, 0xaa, 0xdc, 0xe3, 0xff, 0xaa, 0xdc, 0xe3, 0xff, 
0xaa, 0xdc, 0xe3, 0xff, 0xaa, 0xdc, 0xe3, 0xff, 0xaa, 0xdc, 0xe3, 0xff, 0xaa, 0xdc, 0xe3, 0xff, 
0xaa, 0xdc, 0xe3, 0xff, 0xaa, 0xdc, 0xe3, 0xff, 0xaa, 0xdc, 0xe3, 0xff, 0xaa, 0xdc, 0xe3, 0xff, 
0xaa, 0xdc, 0xe3, 0xff, 0xaa, 0xdc, 0xe3, 0xff, 0xaa, 0xdc, 0xe3, 0xff, 0xaa, 0xdc, 0xe3, 0xff, 
0xaa, 0xdc, 0xe3, 0xff, 0xaa, 0xdc, 0xe3, 0xff, 0xaa, 0xdc, 0xe3, 0xff, 0xaa, 0xdc, 0xe3, 0xff, 
0xaa, 0xdc, 0xe3, 0xff, 0xaa, 0xdc, 0xe3, 0xff, 0xaa, 0xdc, 0xe3, 0xff, 0xaa, 0xdc, 0xe3, 0xff, 
0xaa, 0xdc, 0xe3, 0xff, 0xaa, 0xdc, 0xe3, 0xff, 0xaa, 0xdc, 0xe3, 0xff, 0xaa, 0xdc, 0xe3, 0xff, 
0xaa, 0xdc, 0xe3, 0xff, 0xaa, 0xdc, 0xe3, 0xff, 0xaa, 0xdc, 0xe3, 0xff, 0xaa, 0xdc, 0xe4, 0xff, 
0xaa, 0xdc, 0xe4, 0xff, 0xaa, 0xdc, 0xe4, 0xff, 0xaa, 0xdc, 0xe4, 0xff, 0xaa, 0xdc, 0xe4, 0xff, 
0xaa, 0xdc, 0xe4, 0xff, 0xaa, 0xdc, 0xe4, 0xff, 0xaa, 0xdc, 0xe4, 0xff, 0xaa, 0xdc, 0xe5, 0xff, 
0xaa, 0xdc, 0xe5, 0xff, 0xaa, 0xdc, 0xe5, 0xff, 0xaa, 0xdc, 0xe5, 0xff, 0xaa, 0xdc, 0xe5, 0xff, 
0xaa, 0xdc, 0xe5, 0xff, 0xaa, 0xdc, 0xe5, 0xff, 0xaa, 0xdc, 0xe5, 0xff, 0xaa, 0xdc, 0xe5, 0xff, 
0xaa, 0xdc, 0xe5, 0xff, 0xaa, 0xdc, 0xe4, 0xff, 0xaa, 0xdc, 0xe5, 0xff, 0xaa, 0xdc, 0xe5, 0xff, 
0xaa, 0xdc, 0xe5, 0xff, 0xaa, 0xdc, 0xe5, 0xff, 0xaa, 0xdc, 0xe5, 0xff, 0xaa, 0xdc, 0xe5, 0xff, 
0xaa, 0xdc, 0xe5, 0xff, 0xaa, 0xdc, 0xe5, 0xff, 0xaa, 0xdc, 0xe5, 0xff, 0xaa, 0xdc, 0xe5, 0xff, 
0xaa, 0xdc, 0xe5, 0xff, 0xaa, 0xdc, 0xe5, 0xff, 0xaa, 0xdc, 0xe5, 0xff, 0xaa, 0xdc, 0xe5, 0xff, 
0xaa, 0xdc, 0xe5, 0xff, 0xaa, 0xdc, 0xe5, 0xff, 0xaa, 0xdc, 0xe5, 0xff, 0xaa, 0xdc, 0xe5, 0xff, 
0xaa, 0xdc, 0xe5, 0xff, 0xaa, 0xdc, 0xe5, 0xff, 0xaa, 0xdc, 0xe5, 0xff, 0xaa, 0xdc, 0xe3, 0xff, 
0xaa, 0xdc, 0xe4, 0xff, 0xaa, 0xdc, 0xe4, 0xff, 0xaa, 0xdc, 0xe4, 0xff, 0xaa, 0xdc, 0xe4, 0xff, 
0xaa, 0xdc, 0xe4, 0xff, 0xaa, 0xdc, 0xe4, 0xff, 0xab, 0xdd, 0xe4, 0xff, 0xab, 0xdd, 0xe4, 0xff, 
0xab, 0xdd, 0xe4, 0xff, 0xab, 0xdd, 0xe4, 0xff, 0xab, 0xdd, 0xe4, 0xff, 0xab, 0xdd, 0xe4, 0xff, 
0xab, 0xdd, 0xe4, 0xff, 0xab, 0xdd, 0xe4, 0xff, 0xab, 0xdd, 0xe4, 0xff, 0xab, 0xdd, 0xe4, 0xff, 
0xab, 0xdd, 0xe4, 0xff, 0xab, 0xdd, 0xe4, 0xff, 0xab, 0xdd, 0xe4, 0xff, 0xab, 0xdd, 0xe4, 0xff, 
0xab, 0xdd, 0xe4, 0xff, 0xab, 0xdd, 0xe4, 0xff, 0xaa, 0xdc, 0xe3, 0xff, 0xaa, 0xdc, 0xe3, 0xff, 
0xaa, 0xdc, 0xe4, 0xff, 0xaa, 0xdc, 0xe4, 0xff, 0xaa, 0xdc, 0xe3, 0xff, 0xaa, 0xdc, 0xe5, 0xff, 
0xaa, 0xdc, 0xe5, 0xff, 0xaa, 0xdc, 0xe5, 0xff, 0xaa, 0xdc, 0xe5, 0xff, 0xaa, 0xdc, 0xe5, 0xff, 
0xaa, 0xdc, 0xe5, 0xff, 0xaa, 0xdc, 0xe5, 0xff, 0xaa, 0xdc, 0xe5, 0xff, 0xaa, 0xdc, 0xe5, 0xff, 
0xaa, 0xdc, 0xe5, 0xff, 0xaa, 0xdc, 0xe5, 0xff, 0xaa, 0xdc, 0xe5, 0xff, 0xaa, 0xdc, 0xe5, 0xff, 
0xaa, 0xdc, 0xe5, 0xff, 0xaa, 0xdc, 0xe5, 0xff, 0xaa, 0xdc, 0xe5, 0xff, 0xaa, 0xdc, 0xe5, 0xff, 
0xaa, 0xdc, 0xe5, 0xff, 0xaa, 0xdc, 0xe5, 0xff, 0xaa, 0xdc, 0xe4, 0xff, 0xaa, 0xdc, 0xe4, 0xff, 
0xaa, 0xdc, 0xe3, 0xff, 0xaa, 0xdc, 0xe3, 0xff, 0xaa, 0xdc, 0xe3, 0xff, 0xaa, 0xdc, 0xe3, 0xff, 
0xaa, 0xdc, 0xe3, 0xff, 0xaa, 0xdc, 0xe3, 0xff, 0xaa, 0xdc, 0xe3, 0xff, 0xaa, 0xdc, 0xe3, 0xff, 
0xaa, 0xdc, 0xe2, 0xff, 0xaa, 0xdc, 0xe3, 0xff, 0xaa, 0xdc, 0xe3, 0xff, 0xaa, 0xdc, 0xe3, 0xff, 
0xaa, 0xdc, 0xe3, 0xff, 0xa9, 0xdc, 0xe3, 0xff, 0xa9, 0xdc, 0xe3, 0xff, 0xa9, 0xdc, 0xe3, 0xff, 
0xa9, 0xdc, 0xe3, 0xff, 0xa9, 0xdc, 0xe3, 0xff, 0xa9, 0xdd, 0xe3, 0xff, 0xa9, 0xdd, 0xe3, 0xff, 
0xa9, 0xdd, 0xe3, 0xff, 0xa9, 0xdd, 0xe3, 0xff, 0xa9, 0xdd, 0xe3, 0xff, 0xa9, 0xdd, 0xe3, 0xff, 
0xa9, 0xdd, 0xe3, 0xff, 0xa9, 0xdd, 0xe3, 0xff, 0xa9, 0xdd, 0xe3, 0xff, 0xa9, 0xdd, 0xe3, 0xff, 
0xa9, 0xdd, 0xe3, 0xff, 0xa9, 0xdd, 0xe3, 0xff, 0xa9, 0xdc, 0xe3, 0xff, 0xa9, 0xdc, 0xe3, 0xff, 
0xa9, 0xdc, 0xe3, 0xff, 0xa9, 0xdc, 0xe3, 0xff, 0xa9, 0xdc, 0xe3, 0xff, 0xaa, 0xdc, 0xe3, 0xff, 
0xaa, 0xdc, 0xe3, 0xff, 0xaa, 0xdc, 0xe3, 0xff, 0xaa, 0xdc, 0xe3, 0xff, 0xaa, 0xdc, 0xe2, 0xff, 
0xaa, 0xdc, 0xe3, 0xff, 0xaa, 0xdc, 0xe3, 0xff, 0xaa, 0xdc, 0xe3, 0xff, 0xaa, 0xdc, 0xe3, 0xff, 
0xaa, 0xdc, 0xe3, 0xff, 0xaa, 0xdc, 0xe3, 0xff, 0xaa, 0xdc, 0xe3, 0xff, 0xaa, 0xdc, 0xe3, 0xff, 
0xaa, 0xdc, 0xe4, 0xff, 0xaa, 0xdc, 0xe4, 0xff, 0xaa, 0xdc, 0xe5, 0xff, 0xaa, 0xdc, 0xe5, 0xff, 
0xaa, 0xdc, 0xe5, 0xff, 0xaa, 0xdc, 0xe5, 0xff, 0xaa, 0xdc, 0xe5, 0xff, 0xaa, 0xdc, 0xe5, 0xff, 
0xaa, 0xdc, 0xe5, 0xff, 0xaa, 0xdc, 0xe5, 0xff, 0xaa, 0xdc, 0xe5, 0xff, 0xaa, 0xdc, 0xe5, 0xff, 
0xaa, 0xdc, 0xe5, 0xff, 0xaa, 0xdc, 0xe5, 0xff, 0xaa, 0xdc, 0xe5, 0xff, 0xaa, 0xdc, 0xe5, 0xff, 
0xaa, 0xdc, 0xe5, 0xff, 0xaa, 0xdc, 0xe5, 0xff, 0xaa, 0xdc, 0xe5, 0xff, 0xaa, 0xdc, 0xe5, 0xff, 
0xaa, 0xdc, 0xe5, 0xff, 0xaa, 0xdc, 0xe3, 0xff, 0xaa, 0xdc, 0xe4, 0xff, 0xaa, 0xdc, 0xe4, 0xff, 
0xaa, 0xdc, 0xe3, 0xff, 0xaa, 0xdc, 0xe3, 0xff, 0xab, 0xdd, 0xe4, 0xff, 0xab, 0xdd, 0xe4, 0xff, 
0xab, 0xdd, 0xe4, 0xff, 0xab, 0xdd, 0xe4, 0xff, 0xab, 0xdd, 0xe4, 0xff, 0xab, 0xdd, 0xe4, 0xff, 
0xab, 0xdd, 0xe4, 0xff, 0xab, 0xdd, 0xe4, 0xff, 0xab, 0xdd, 0xe4, 0xff, 0xab, 0xdd, 0xe4, 0xff, 
0xab, 0xdd, 0xe4, 0xff, 0xab, 0xdd, 0xe4, 0xff, 0xab, 0xdd, 0xe4, 0xff, 0xab, 0xdd, 0xe4, 0xff, 
0xab, 0xdd, 0xe4, 0xff, 0xab, 0xdd, 0xe4, 0xff, 0xab, 0xdd, 0xe4, 0xff, 0xab, 0xdd, 0xe4, 0xff, 
0xab, 0xdd, 0xe4, 0xff, 0xab, 0xdd, 0xe4, 0xff, 0xab, 0xdd, 0xe4, 0xff, 0xab, 0xdd, 0xe4, 0xff, 
0xab, 0xdd, 0xe4, 0xff, 0xab, 0xdd, 0xe4, 0xff, 0xab, 0xdd, 0xe4, 0xff, 0xab, 0xdd, 0xe4, 0xff, 
0xab, 0xdd, 0xe4, 0xff, 0xab, 0xdd, 0xe4, 0xff, 0xaa, 0xdc, 0xe3, 0xff, 0xaa, 0xdc, 0xe3, 0xff, 
0xaa, 0xdc, 0xe4, 0xff, 0xaa, 0xdc, 0xe4, 0xff, 0xaa, 0xdc, 0xe3, 0xff, 0xaa, 0xdc, 0xe5, 0xff, 
0xaa, 0xdc, 0xe5, 0xff, 0xaa, 0xdc, 0xe5, 0xff, 0xaa, 0xdc, 0xe5, 0xff, 0xaa, 0xdc, 0xe5, 0xff, 
0xaa, 0xdc, 0xe5, 0xff, 0xaa, 0xdc, 0xe5, 0xff, 0xaa, 0xdc, 0xe5, 0xff, 0xaa, 0xdc, 0xe5, 0xff, 
0xaa, 0xdc, 0xe5, 0xff, 0xaa, 0xdc, 0xe5, 0xff, 0xaa, 0xdc, 0xe5, 0xff, 0xaa, 0xdc, 0xe5, 0xff, 
0xaa, 0xdc, 0xe5, 0xff, 0xaa, 0xdc, 0xe5, 0xff, 0xaa, 0xdc, 0xe5, 0xff, 0xaa, 0xdc, 0xe5, 0xff, 
0xaa, 0xdc, 0xe5, 0xff, 0xaa, 0xdc, 0xe5, 0xff, 0xaa, 0xdc, 0xe4, 0xff, 0xaa, 0xdc, 0xe4, 0xff, 
0xaa, 0xdc, 0xe3, 0xff, 0xaa, 0xdc, 0xe3, 0xff, 0xaa, 0xdc, 0xe3, 0xff, 0xaa, 0xdc, 0xe3, 0xff, 
0xaa, 0xdc, 0xe3, 0xff, 0xaa, 0xdc, 0xe3, 0xff, 0xaa, 0xdc, 0xe3, 0xff, 0xaa, 0xdc, 0xe3, 0xff, 
0xaa, 0xdc, 0xe2, 0xff, 0xaa, 0xdc, 0xe3, 0xff, 0xaa, 0xdc, 0xe3, 0xff, 0xaa, 0xdc, 0xe3, 0xff, 
0xaa, 0xdc, 0xe3, 0xff, 0xa9, 0xdc, 0xe3, 0xff, 0xa9, 0xdc, 0xe3, 0xff, 0xa9, 0xdc, 0xe3, 0xff, 
0xa9, 0xdc, 0xe3, 0xff, 0xa9, 0xdc, 0xe3, 0xff, 0xa9, 0xdd, 0xe3, 0xff, 0xa9, 0xdd, 0xe3, 0xff, 
0xa9, 0xdd, 0xe3, 0xff, 0xa9, 0xdd, 0xe3, 0xff, 0xa9, 0xdd, 0xe3, 0xff, 0xa9, 0xdd, 0xe3, 0xff, 
0xa9, 0xdd, 0xe3, 0xff, 0xa9, 0xdd, 0xe3, 0xff, 0xa9, 0xdd, 0xe3, 0xff, 0xa9, 0xdd, 0xe3, 0xff, 
0xa9, 0xdd, 0xe3, 0xff, 0xa9, 0xdd, 0xe3, 0xff, 0xa9, 0xdc, 0xe3, 0xff, 0xa9, 0xdc, 0xe3, 0xff, 
0xa9, 0xdc, 0xe3, 0xff, 0xa9, 0xdc, 0xe3, 0xff, 0xa9, 0xdc, 0xe3, 0xff, 0xaa, 0xdc, 0xe3, 0xff, 
0xaa, 0xdc, 0xe3, 0xff, 0xaa, 0xdc, 0xe3, 0xff, 0xaa, 0xdc, 0xe3, 0xff, 0xaa, 0xdc, 0xe2, 0xff, 
0xaa, 0xdc, 0xe3, 0xff, 0xaa, 0xdc, 0xe3, 0xff, 0xaa, 0xdc, 0xe3, 0xff, 0xaa, 0xdc, 0xe3, 0xff, 
0xaa, 0xdc, 0xe3, 0xff, 0xaa, 0xdc, 0xe3, 0xff, 0xaa, 0xdc, 0xe3, 0xff, 0xaa, 0xdc, 0xe3, 0xff, 
0xaa, 0xdc, 0xe4, 0xff, 0xaa, 0xdc, 0xe4, 0xff, 0xaa, 0xdc, 0xe5, 0xff, 0xaa, 0xdc, 0xe5, 0xff, 
0xaa, 0xdc, 0xe5, 0xff, 0xaa, 0xdc, 0xe5, 0xff, 0xaa, 0xdc, 0xe5, 0xff, 0xaa, 0xdc, 0xe5, 0xff, 
0xaa, 0xdc, 0xe5, 0xff, 0xaa, 0xdc, 0xe5, 0xff, 0xaa, 0xdc, 0xe5, 0xff, 0xaa, 0xdc, 0xe5, 0xff, 
0xaa, 0xdc, 0xe5, 0xff, 0xaa, 0xdc, 0xe5, 0xff, 0xaa, 0xdc, 0xe5, 0xff, 0xaa, 0xdc, 0xe5, 0xff, 
0xaa, 0xdc, 0xe5, 0xff, 0xaa, 0xdc, 0xe5, 0xff, 0xaa, 0xdc, 0xe5, 0xff, 0xaa, 0xdc, 0xe5, 0xff, 
0xaa, 0xdc, 0xe5, 0xff, 0xaa, 0xdc, 0xe3, 0xff, 0xaa, 0xdc, 0xe4, 0xff, 0xaa, 0xdc, 0xe4, 0xff, 
0xaa, 0xdc, 0xe3, 0xff, 0xaa, 0xdc, 0xe3, 0xff, 0xab, 0xdd, 0xe4, 0xff, 0xab, 0xdd, 0xe4, 0xff, 
0xab, 0xdd, 0xe4, 0xff, 0xab, 0xdd, 0xe4, 0xff, 0xab, 0xdd, 0xe4, 0xff, 0xab, 0xdd, 0xe4, 0xff, 
0xab, 0xdd, 0xe4, 0xff, 0xab, 0xdd, 0xe4, 0xff, 0xab, 0xdd, 0xe4, 0xff, 0xab, 0xdd, 0xe4, 0xff, 
0xab, 0xdd, 0xe4, 0xff, 0xab, 0xdd, 0xe4, 0xff, 0xab, 0xdd, 0xe4, 0xff, 0xab, 0xdd, 0xe4, 0xff, 
0xab, 0xdd, 0xe4, 0xff, 0xab, 0xdd, 0xe4, 0xff, 0xab, 0xdd, 0xe4, 0xff, 0xab, 0xdd, 0xe4, 0xff, 
0xab, 0xdd, 0xe4, 0xff, 0xab, 0xdd, 0xe4, 0xff, 0xab, 0xdd, 0xe4, 0xff, 0xab, 0xdd, 0xe4, 0xff, 
0xab, 0xdd, 0xe4, 0xff, 0xab, 0xdd, 0xe4, 0xff, 0xab, 0xdd, 0xe4, 0xff, 0xab, 0xdd, 0xe4, 0xff, 
0xab, 0xdd, 0xe4, 0xff, 0xab, 0xdd, 0xe4, 0xff, 0xab, 0xdd, 0xe4, 0xff, 0xab, 0xdd, 0xe4, 0xff, 
0xab, 0xdd, 0xe4, 0xff, 0xab, 0xdd, 0xe4, 0xff, 0xab, 0xdd, 0xe4, 0xff, 0xab, 0xdd, 0xe4, 0xff, 
0xaa, 0xdc, 0xe3, 0xff, 0xaa, 0xdc, 0xe4, 0xff, 0xaa, 0xdc, 0xe5, 0xff, 0xaa, 0xdc, 0xe5, 0xff, 
0xaa, 0xdc, 0xe5, 0xff, 0xaa, 0xdc, 0xe5, 0xff, 0xaa, 0xdc, 0xe5, 0xff, 0xaa, 0xdc, 0xe5, 0xff, 
0xaa, 0xdc, 0xe5, 0xff, 0xaa, 0xdc, 0xe5, 0xff, 0xaa, 0xdc, 0xe5, 0xff, 0xaa, 0xdc, 0xe5, 0xff, 
0xaa, 0xdc, 0xe5, 0xff, 0xaa, 0xdc, 0xe5, 0xff, 0xaa, 0xdc, 0xe5, 0xff, 0xaa, 0xdc, 0xe4, 0xff, 
0xaa, 0xdc, 0xe4, 0xff, 0xaa, 0xdc, 0xe3, 0xff, 0xaa, 0xdc, 0xe3, 0xff, 0xa9, 0xdc, 0xe3, 0xff, 
0xa9, 0xdc, 0xe3, 0xff, 0xa9, 0xdd, 0xe3, 0xff, 0xa9, 0xdd, 0xe3, 0xff, 0xa9, 0xdd, 0xe3, 0xff, 
0xa9, 0xdd, 0xe3, 0xff, 0xa9, 0xdd, 0xe3, 0xff, 0xaa, 0xdc, 0xe3, 0xff, 0xa8, 0xdd, 0xe3, 0xff, 
0xa8, 0xdd, 0xe3, 0xff, 0xa8, 0xdd, 0xe3, 0xff, 0xa8, 0xdd, 0xe3, 0xff, 0xa8, 0xdd, 0xe3, 0xff, 
0xa8, 0xdd, 0xe3, 0xff, 0xa7, 0xdd, 0xe3, 0xff, 0xa7, 0xdd, 0xe3, 0xff, 0xa7, 0xdd, 0xe3, 0xff, 
0xa7, 0xdd, 0xe3, 0xff, 0xa8, 0xdd, 0xe3, 0xff, 0xa7, 0xdd, 0xe3, 0xff, 0xa8, 0xdd, 0xe3, 0xff, 
0xa8, 0xdd, 0xe3, 0xff, 0xa8, 0xdd, 0xe3, 0xff, 0xa8, 0xdd, 0xe3, 0xff, 0xa8, 0xdd, 0xe3, 0xff, 
0xa8, 0xdd, 0xe3, 0xff, 0xa8, 0xdd, 0xe3, 0xff, 0xa8, 0xdd, 0xe3, 0xff, 0xa8, 0xdd, 0xe3, 0xff, 
0xa8, 0xdd, 0xe3, 0xff, 0xa7, 0xdd, 0xe3, 0xff, 0xa8, 0xdd, 0xe3, 0xff, 0xa7, 0xdd, 0xe3, 0xff, 
0xa7, 0xdd, 0xe3, 0xff, 0xa7, 0xdd, 0xe3, 0xff, 0xa8, 0xdd, 0xe3, 0xff, 0xa8, 0xdd, 0xe3, 0xff, 
0xa8, 0xdd, 0xe3, 0xff, 0xa8, 0xdd, 0xe3, 0xff, 0xa8, 0xdd, 0xe3, 0xff, 0xa8, 0xdd, 0xe3, 0xff, 
0xa8, 0xdd, 0xe3, 0xff, 0xaa, 0xdc, 0xe3, 0xff, 0xa9, 0xdd, 0xe3, 0xff, 0xa9, 0xdd, 0xe3, 0xff, 
0xa9, 0xdd, 0xe3, 0xff, 0xa9, 0xdd, 0xe3, 0xff, 0xa9, 0xdd, 0xe3, 0xff, 0xa9, 0xdc, 0xe3, 0xff, 
0xa9, 0xdc, 0xe3, 0xff, 0xaa, 0xdc, 0xe3, 0xff, 0xaa, 0xdc, 0xe3, 0xff, 0xaa, 0xdc, 0xe4, 0xff, 
0xaa, 0xdc, 0xe4, 0xff, 0xaa, 0xdc, 0xe5, 0xff, 0xaa, 0xdc, 0xe5, 0xff, 0xaa, 0xdc, 0xe5, 0xff, 
0xaa, 0xdc, 0xe5, 0xff, 0xaa, 0xdc, 0xe5, 0xff, 0xaa, 0xdc, 0xe5, 0xff, 0xaa, 0xdc, 0xe5, 0xff, 
0xaa, 0xdc, 0xe5, 0xff, 0xaa, 0xdc, 0xe5, 0xff, 0xaa, 0xdc, 0xe5, 0xff, 0xaa, 0xdc, 0xe5, 0xff, 
0xaa, 0xdc, 0xe5, 0xff, 0xaa, 0xdc, 0xe5, 0xff, 0xaa, 0xdc, 0xe4, 0xff, 0xaa, 0xdc, 0xe3, 0xff, 
0xab, 0xdd, 0xe4, 0xff, 0xab, 0xdd, 0xe4, 0xff, 0xab, 0xdd, 0xe4, 0xff, 0xab, 0xdd, 0xe4, 0xff, 
0xab, 0xdd, 0xe4, 0xff, 0xab, 0xdd, 0xe4, 0xff, 0xab, 0xdd, 0xe4, 0xff, 0xab, 0xdd, 0xe4, 0xff, 
0xab, 0xdd, 0xe4, 0xff, 0xab, 0xdd, 0xe4, 0xff, 0xab, 0xdd, 0xe4, 0xff, 0xab, 0xdd, 0xe4, 0xff, 
0xab, 0xdd, 0xe4, 0xff, 0xab, 0xdd, 0xe4, 0xff, 0xab, 0xdd, 0xe4, 0xff, 0xab, 0xdd, 0xe4, 0xff, 
0xab, 0xdd, 0xe4, 0xff, 0xab, 0xdd, 0xe4, 0xff, 0xab, 0xdd, 0xe4, 0xff, 0xab, 0xdd, 0xe4, 0xff, 
0xab, 0xdd, 0xe4, 0xff, 0xab, 0xdd, 0xe4, 0xff, 0xab, 0xdd, 0xe4, 0xff, 0xab, 0xdd, 0xe4, 0xff, 
0xab, 0xdd, 0xe4, 0xff, 0xab, 0xdd, 0xe4, 0xff, 0xab, 0xdd, 0xe4, 0xff, 0xab, 0xdd, 0xe4, 0xff, 
0xab, 0xdd, 0xe4, 0xff, 0xab, 0xdd, 0xe4, 0xff, 0xab, 0xdd, 0xe4, 0xff, 0xab, 0xdd, 0xe4, 0xff, 
0xab, 0xdd, 0xe4, 0xff, 0xab, 0xdd, 0xe4, 0xff, 0xab, 0xdd, 0xe4, 0xff, 0xab, 0xdd, 0xe4, 0xff, 
0xab, 0xdd, 0xe4, 0xff, 0xab, 0xdd, 0xe4, 0xff, 0xab, 0xdd, 0xe4, 0xff, 0xab, 0xdd, 0xe4, 0xff, 
0xaa, 0xdc, 0xe3, 0xff, 0xaa, 0xdc, 0xe4, 0xff, 0xaa, 0xdc, 0xe5, 0xff, 0xaa, 0xdc, 0xe5, 0xff, 
0xaa, 0xdc, 0xe5, 0xff, 0xaa, 0xdc, 0xe5, 0xff, 0xaa, 0xdc, 0xe5, 0xff, 0xaa, 0xdc, 0xe5, 0xff, 
0xaa, 0xdc, 0xe5, 0xff, 0xaa, 0xdc, 0xe5, 0xff, 0xaa, 0xdc, 0xe5, 0xff, 0xaa, 0xdc, 0xe5, 0xff, 
0xaa, 0xdc, 0xe5, 0xff, 0xaa, 0xdc, 0xe5, 0xff, 0xaa, 0xdc, 0xe5, 0xff, 0xaa, 0xdc, 0xe4, 0xff, 
0xaa, 0xdc, 0xe4, 0xff, 0xaa, 0xdc, 0xe3, 0xff, 0xaa, 0xdc, 0xe3, 0xff, 0xa9, 0xdc, 0xe3, 0xff, 
0xa9, 0xdc, 0xe3, 0xff, 0xa9, 0xdd, 0xe3, 0xff, 0xa9, 0xdd, 0xe3, 0xff, 0xa9, 0xdd, 0xe3, 0xff, 
0xa9, 0xdd, 0xe3, 0xff, 0xa9, 0xdd, 0xe3, 0xff, 0xaa, 0xdc, 0xe3, 0xff, 0xa8, 0xdd, 0xe3, 0xff, 
0xa8, 0xdd, 0xe3, 0xff, 0xa8, 0xdd, 0xe3, 0xff, 0xa8, 0xdd, 0xe3, 0xff, 0xa8, 0xdd, 0xe3, 0xff, 
0xa8, 0xdd, 0xe3, 0xff, 0xa7, 0xdd, 0xe3, 0xff, 0xa7, 0xdd, 0xe3, 0xff, 0xa7, 0xdd, 0xe3, 0xff, 
0xa7, 0xdd, 0xe3, 0xff, 0xa8, 0xdd, 0xe3, 0xff, 0xa7, 0xdd, 0xe3, 0xff, 0xa8, 0xdd, 0xe3, 0xff, 
0xa8, 0xdd, 0xe3, 0xff, 0xa8, 0xdd, 0xe3, 0xff, 0xa8, 0xdd, 0xe3, 0xff, 0xa8, 0xdd, 0xe3, 0xff, 
0xa8, 0xdd, 0xe3, 0xff, 0xa8, 0xdd, 0xe3, 0xff, 0xa8, 0xdd, 0xe3, 0xff, 0xa8, 0xdd, 0xe3, 0xff, 
0xa8, 0xdd, 0xe3, 0xff, 0xa7, 0xdd, 0xe3, 0xff, 0xa8, 0xdd, 0xe3, 0xff, 0xa7, 0xdd, 0xe3, 0xff, 
0xa7, 0xdd, 0xe3, 0xff, 0xa7, 0xdd, 0xe3, 0xff, 0xa7, 0xdd, 0xe3, 0xff, 0xa8, 0xdd, 0xe3, 0xff, 
0xa8, 0xdd, 0xe3, 0xff, 0xa8, 0xdd, 0xe3, 0xff, 0xa8, 0xdd, 0xe3, 0xff, 0xa8, 0xdd, 0xe3, 0xff, 
0xa8, 0xdd, 0xe3, 0xff, 0xaa, 0xdc, 0xe3, 0xff, 0xa9, 0xdd, 0xe3, 0xff, 0xa9, 0xdd, 0xe3, 0xff, 
0xa9, 0xdd, 0xe3, 0xff, 0xa9, 0xdd, 0xe3, 0xff, 0xa9, 0xdd, 0xe3, 0xff, 0xa9, 0xdc, 0xe3, 0xff, 
0xa9, 0xdc, 0xe3, 0xff, 0xaa, 0xdc, 0xe3, 0xff, 0xaa, 0xdc, 0xe3, 0xff, 0xaa, 0xdc, 0xe4, 0xff, 
0xaa, 0xdc, 0xe4, 0xff, 0xaa, 0xdc, 0xe5, 0xff, 0xaa, 0xdc, 0xe5, 0xff, 0xaa, 0xdc, 0xe5, 0xff, 
0xaa, 0xdc, 0xe5, 0xff, 0xaa, 0xdc, 0xe5, 0xff, 0xaa, 0xdc, 0xe5, 0xff, 0xaa, 0xdc, 0xe5, 0xff, 
0xaa, 0xdc, 0xe5, 0xff, 0xaa, 0xdc, 0xe5, 0xff, 0xaa, 0xdc, 0xe5, 0xff, 0xaa, 0xdc, 0xe5, 0xff, 
0xaa, 0xdc, 0xe5, 0xff, 0xaa, 0xdc, 0xe5, 0xff, 0xaa, 0xdc, 0xe4, 0xff, 0xaa, 0xdc, 0xe3, 0xff, 
0xab, 0xdd, 0xe4, 0xff, 0xab, 0xdd, 0xe4, 0xff, 0xab, 0xdd, 0xe4, 0xff, 0xab, 0xdd, 0xe4, 0xff, 
0xab, 0xdd, 0xe4, 0xff, 0xab, 0xdd, 0xe4, 0xff, 0xab, 0xdd, 0xe4, 0xff, 0xab, 0xdd, 0xe4, 0xff, 
0xab, 0xdd, 0xe4, 0xff, 0xab, 0xdd, 0xe4, 0xff, 0xab, 0xdd, 0xe4, 0xff, 0xab, 0xdd, 0xe4, 0xff, 
0xab, 0xdd, 0xe4, 0xff, 0xab, 0xdd, 0xe4, 0xff, 0xab, 0xdd, 0xe4, 0xff, 0xab, 0xdd, 0xe4, 0xff, 
0xab, 0xdd, 0xe4, 0xff, 0xab, 0xdd, 0xe4, 0xff, 0xab, 0xdd, 0xe4, 0xff, 0xab, 0xdd, 0xe4, 0xff, 
0xab, 0xdd, 0xe4, 0xff, 0xab, 0xdd, 0xe4, 0xff, 0xab, 0xdd, 0xe4, 0xff, 0xab, 0xdd, 0xe4, 0xff, 
0xab, 0xdd, 0xe4, 0xff, 0xab, 0xdd, 0xe4, 0xff, 0xab, 0xdd, 0xe4, 0xff, 0xab, 0xdd, 0xe4, 0xff, 
0xab, 0xdd, 0xe4, 0xff, 0xab, 0xdd, 0xe4, 0xff, 0xab, 0xdd, 0xe4, 0xff, 0xab, 0xdd, 0xe4, 0xff, 
0xab, 0xdd, 0xe4, 0xff, 0xab, 0xdd, 0xe4, 0xff, 0xab, 0xdd, 0xe4, 0xff, 0xab, 0xdd, 0xe4, 0xff, 
0xab, 0xdd, 0xe4, 0xff, 0xab, 0xdd, 0xe4, 0xff, 0xab, 0xdd, 0xe4, 0xff, 0xab, 0xdd, 0xe4, 0xff, 
0xab, 0xdd, 0xe4, 0xff, 0xab, 0xdd, 0xe4, 0xff, 0xab, 0xdd, 0xe4, 0xff, 0xaa, 0xdc, 0xe4, 0xff, 
0xaa, 0xdc, 0xe3, 0xff, 0xaa, 0xdc, 0xe5, 0xff, 0xaa, 0xdc, 0xe5, 0xff, 0xaa, 0xdc, 0xe5, 0xff, 
0xaa, 0xdc, 0xe5, 0xff, 0xaa, 0xdc, 0xe5, 0xff, 0xaa, 0xdc, 0xe5, 0xff, 0xa9, 0xdc, 0xe5, 0xff, 
0xa9, 0xdd, 0xe5, 0xff, 0xa9, 0xdd, 0xe3, 0xff, 0xa9, 0xdc, 0xe3, 0xff, 0xa9, 0xdd, 0xe2, 0xff, 
0xa8, 0xdd, 0xe2, 0xff, 0xa8, 0xdd, 0xe2, 0xff, 0xa8, 0xdd, 0xe3, 0xff, 0xa8, 0xdd, 0xe3, 0xff, 
0xa7, 0xdd, 0xe3, 0xff, 0xa7, 0xdd, 0xe3, 0xff, 0xa7, 0xdd, 0xe3, 0xff, 0xa7, 0xdd, 0xe3, 0xff, 
0xa7, 0xdd, 0xe3, 0xff, 0xa7, 0xdd, 0xe3, 0xff, 0xa8, 0xdd, 0xe3, 0xff, 0xa8, 0xdd, 0xe3, 0xff, 
0xa8, 0xdd, 0xe3, 0xff, 0xa8, 0xdd, 0xe3, 0xff, 0xa8, 0xdd, 0xe3, 0xff, 0xaa, 0xdc, 0xe3, 0xff, 
0xa9, 0xdd, 0xe4, 0xff, 0xaa, 0xdc, 0xe4, 0xff, 0xaa, 0xdd, 0xe4, 0xff, 0xaa, 0xdc, 0xe4, 0xff, 
0xaa, 0xdd, 0xe4, 0xff, 0xa9, 0xdd, 0xe4, 0xff, 0xaa, 0xdd, 0xe4, 0xff, 0xaa, 0xdc, 0xe4, 0xff, 
0xab, 0xdd, 0xe5, 0xff, 0xaa, 0xdd, 0xe4, 0xff, 0xaa, 0xdd, 0xe4, 0xff, 0xab, 0xdd, 0xe5, 0xff, 
0xab, 0xdd, 0xe5, 0xff, 0xaa, 0xdd, 0xe4, 0xff, 0xaa, 0xdd, 0xe4, 0xff, 0xab, 0xdd, 0xe5, 0xff, 
0xaa, 0xdc, 0xe4, 0xff, 0xaa, 0xdd, 0xe4, 0xff, 0xa9, 0xdd, 0xe4, 0xff, 0xaa, 0xdd, 0xe4, 0xff, 
0xaa, 0xdd, 0xe4, 0xff, 0xaa, 0xdd, 0xe4, 0xff, 0xa9, 0xdc, 0xe4, 0xff, 0xa9, 0xdd, 0xe4, 0xff, 
0xaa, 0xdc, 0xe3, 0xff, 0xa8, 0xdd, 0xe3, 0xff, 0xa8, 0xdd, 0xe3, 0xff, 0xa8, 0xdd, 0xe3, 0xff, 
0xa8, 0xdd, 0xe3, 0xff, 0xa8, 0xdd, 0xe3, 0xff, 0xa7, 0xdd, 0xe3, 0xff, 0xa7, 0xdd, 0xe3, 0xff, 
0xa7, 0xdd, 0xe3, 0xff, 0xa7, 0xdd, 0xe3, 0xff, 0xa7, 0xdd, 0xe3, 0xff, 0xa7, 0xdd, 0xe3, 0xff, 
0xa7, 0xdd, 0xe3, 0xff, 0xa8, 0xdd, 0xe3, 0xff, 0xa8, 0xdd, 0xe2, 0xff, 0xa8, 0xdd, 0xe2, 0xff, 
0xa9, 0xdd, 0xe2, 0xff, 0xa9, 0xdc, 0xe3, 0xff, 0xa9, 0xdd, 0xe3, 0xff, 0xa9, 0xdd, 0xe5, 0xff, 
0xa9, 0xdc, 0xe5, 0xff, 0xaa, 0xdc, 0xe5, 0xff, 0xaa, 0xdc, 0xe5, 0xff, 0xaa, 0xdc, 0xe5, 0xff, 
0xaa, 0xdc, 0xe5, 0xff, 0xaa, 0xdc, 0xe5, 0xff, 0xaa, 0xdc, 0xe5, 0xff, 0xaa, 0xdc, 0xe3, 0xff, 
0xaa, 0xdc, 0xe4, 0xff, 0xab, 0xdd, 0xe4, 0xff, 0xab, 0xdd, 0xe4, 0xff, 0xab, 0xdd, 0xe4, 0xff, 
0xab, 0xdd, 0xe4, 0xff, 0xab, 0xdd, 0xe4, 0xff, 0xab, 0xdd, 0xe4, 0xff, 0xab, 0xdd, 0xe4, 0xff, 
0xab, 0xdd, 0xe4, 0xff, 0xab, 0xdd, 0xe4, 0xff, 0xab, 0xdd, 0xe4, 0xff, 0xab, 0xdd, 0xe4, 0xff, 
0xab, 0xdd, 0xe4, 0xff, 0xab, 0xdd, 0xe4, 0xff, 0xab, 0xdd, 0xe4, 0xff, 0xab, 0xdd, 0xe4, 0xff, 
0xab, 0xdd, 0xe4, 0xff, 0xab, 0xdd, 0xe4, 0xff, 0xab, 0xdd, 0xe4, 0xff, 0xab, 0xdd, 0xe4, 0xff, 
0xab, 0xdd, 0xe4, 0xff, 0xab, 0xdd, 0xe4, 0xff, 0xab, 0xdd, 0xe4, 0xff, 0xab, 0xdd, 0xe4, 0xff, 
0xab, 0xdd, 0xe4, 0xff, 0xab, 0xdd, 0xe4, 0xff, 0xab, 0xdd, 0xe4, 0xff, 0xab, 0xdd, 0xe4, 0xff, 
0xab, 0xdd, 0xe4, 0xff, 0xab, 0xdd, 0xe4, 0xff, 0xab, 0xdd, 0xe4, 0xff, 0xab, 0xdd, 0xe4, 0xff, 
0xab, 0xdd, 0xe4, 0xff, 0xab, 0xdd, 0xe4, 0xff, 0xab, 0xdd, 0xe4, 0xff, 0xab, 0xdd, 0xe4, 0xff, 
0xab, 0xdd, 0xe4, 0xff, 0xab, 0xdd, 0xe4, 0xff, 0xab, 0xdd, 0xe4, 0xff, 0xab, 0xdd, 0xe4, 0xff, 
0xab, 0xdd, 0xe4, 0xff, 0xab, 0xdd, 0xe4, 0xff, 0xab, 0xdd, 0xe4, 0xff, 0xab, 0xdd, 0xe4, 0xff, 
0xab, 0xdd, 0xe4, 0xff, 0xab, 0xdd, 0xe4, 0xff, 0xab, 0xdd, 0xe4, 0xff, 0xaa, 0xdc, 0xe4, 0xff, 
0xaa, 0xdc, 0xe3, 0xff, 0xaa, 0xdc, 0xe5, 0xff, 0xaa, 0xdc, 0xe5, 0xff, 0xaa, 0xdc, 0xe5, 0xff, 
0xaa, 0xdc, 0xe5, 0xff, 0xaa, 0xdc, 0xe5, 0xff, 0xaa, 0xdc, 0xe5, 0xff, 0xa9, 0xdc, 0xe5, 0xff, 
0xa9, 0xdd, 0xe5, 0xff, 0xa9, 0xdd, 0xe3, 0xff, 0xa9, 0xdc, 0xe3, 0xff, 0xa9, 0xdd, 0xe2, 0xff, 
0xa8, 0xdd, 0xe2, 0xff, 0xa8, 0xdd, 0xe2, 0xff, 0xa8, 0xdd, 0xe3, 0xff, 0xa8, 0xdd, 0xe3, 0xff, 
0xa7, 0xdd, 0xe3, 0xff, 0xa7, 0xdd, 0xe3, 0xff, 0xa7, 0xdd, 0xe3, 0xff, 0xa7, 0xdd, 0xe3, 0xff, 
0xa7, 0xdd, 0xe3, 0xff, 0xa7, 0xdd, 0xe3, 0xff, 0xa8, 0xdd, 0xe3, 0xff, 0xa8, 0xdd, 0xe3, 0xff, 
0xa8, 0xdd, 0xe3, 0xff, 0xa8, 0xdd, 0xe3, 0xff, 0xa8, 0xdd, 0xe3, 0xff, 0xaa, 0xdc, 0xe3, 0xff, 
0xa9, 0xdd, 0xe4, 0xff, 0xaa, 0xdc, 0xe4, 0xff, 0xaa, 0xdd, 0xe4, 0xff, 0xaa, 0xdc, 0xe4, 0xff, 
0xaa, 0xdd, 0xe4, 0xff, 0xa9, 0xdd, 0xe4, 0xff, 0xaa, 0xdd, 0xe4, 0xff, 0xaa, 0xdc, 0xe4, 0xff, 
0xab, 0xdd, 0xe5, 0xff, 0xaa, 0xdd, 0xe4, 0xff, 0xaa, 0xdd, 0xe4, 0xff, 0xab, 0xdd, 0xe5, 0xff, 
0xab, 0xdd, 0xe5, 0xff, 0xaa, 0xdd, 0xe4, 0xff, 0xaa, 0xdd, 0xe4, 0xff, 0xab, 0xdd, 0xe5, 0xff, 
0xaa, 0xdc, 0xe4, 0xff, 0xaa, 0xdd, 0xe4, 0xff, 0xa9, 0xdd, 0xe4, 0xff, 0xaa, 0xdd, 0xe4, 0xff, 
0xaa, 0xdd, 0xe4, 0xff, 0xaa, 0xdd, 0xe4, 0xff, 0xaa, 0xdc, 0xe4, 0xff, 0xa9, 0xdd, 0xe4, 0xff, 
0xaa, 0xdc, 0xe3, 0xff, 0xa8, 0xdd, 0xe3, 0xff, 0xa8, 0xdd, 0xe3, 0xff, 0xa8, 0xdd, 0xe3, 0xff, 
0xa8, 0xdd, 0xe3, 0xff, 0xa8, 0xdd, 0xe3, 0xff, 0xa7, 0xdd, 0xe3, 0xff, 0xa7, 0xdd, 0xe3, 0xff, 
0xa7, 0xdd, 0xe3, 0xff, 0xa7, 0xdd, 0xe3, 0xff, 0xa7, 0xdd, 0xe3, 0xff, 0xa7, 0xdd, 0xe3, 0xff, 
0xa7, 0xdd, 0xe3, 0xff, 0xa8, 0xdd, 0xe3, 0xff, 0xa8, 0xdd, 0xe2, 0xff, 0xa8, 0xdd, 0xe2, 0xff, 
0xa9, 0xdd, 0xe2, 0xff, 0xa9, 0xdc, 0xe3, 0xff, 0xa9, 0xdd, 0xe3, 0xff, 0xa9, 0xdd, 0xe5, 0xff, 
0xa9, 0xdc, 0xe5, 0xff, 0xaa, 0xdc, 0xe5, 0xff, 0xaa, 0xdc, 0xe5, 0xff, 0xaa, 0xdc, 0xe5, 0xff, 
0xaa, 0xdc, 0xe5, 0xff, 0xaa, 0xdc, 0xe5, 0xff, 0xaa, 0xdc, 0xe5, 0xff, 0xaa, 0xdc, 0xe3, 0xff, 
0xaa, 0xdc, 0xe4, 0xff, 0xab, 0xdd, 0xe4, 0xff, 0xab, 0xdd, 0xe4, 0xff, 0xab, 0xdd, 0xe4, 0xff, 
0xab, 0xdd, 0xe4, 0xff, 0xab, 0xdd, 0xe4, 0xff, 0xab, 0xdd, 0xe4, 0xff, 0xab, 0xdd, 0xe4, 0xff, 
0xab, 0xdd, 0xe4, 0xff, 0xab, 0xdd, 0xe4, 0xff, 0xab, 0xdd, 0xe4, 0xff, 0xab, 0xdd, 0xe4, 0xff, 
0xab, 0xdd, 0xe4, 0xff, 0xab, 0xdd, 0xe4, 0xff, 0xab, 0xdd, 0xe4, 0xff, 0xab, 0xdd, 0xe4, 0xff, 
0xab, 0xdd, 0xe4, 0xff, 0xab, 0xdd, 0xe4, 0xff, 0xab, 0xdd, 0xe4, 0xff, 0xab, 0xdd, 0xe4, 0xff, 
0xab, 0xdd, 0xe4, 0xff, 0xab, 0xdd, 0xe4, 0xff, 0xab, 0xdd, 0xe4, 0xff, 0xab, 0xdd, 0xe4, 0xff, 
0xab, 0xdd, 0xe4, 0xff, 0xab, 0xdd, 0xe4, 0xff, 0xab, 0xdd, 0xe4, 0xff, 0xab, 0xdd, 0xe4, 0xff, 
0xab, 0xdd, 0xe4, 0xff, 0xab, 0xdd, 0xe4, 0xff, 0xab, 0xdd, 0xe4, 0xff, 0xab, 0xdd, 0xe4, 0xff, 
0xab, 0xdd, 0xe4, 0xff, 0xab, 0xdd, 0xe4, 0xff, 0xab, 0xdd, 0xe4, 0xff, 0xab, 0xdd, 0xe4, 0xff, 
0xab, 0xdd, 0xe4, 0xff, 0xab, 0xdd, 0xe4, 0xff, 0xab, 0xdd, 0xe4, 0xff, 0xab, 0xdd, 0xe4, 0xff, 
0xab, 0xdd, 0xe4, 0xff, 0xab, 0xdd, 0xe4, 0xff, 0xab, 0xdd, 0xe4, 0xff, 0xab, 0xdd, 0xe4, 0xff, 
0xab, 0xdd, 0xe4, 0xff, 0xab, 0xdd, 0xe4, 0xff, 0xab, 0xdd, 0xe3, 0xff, 0xab, 0xdd, 0xe3, 0xff, 
0xab, 0xdc, 0xe4, 0xff, 0xab, 0xdc, 0xe4, 0xff, 0xaa, 0xdc, 0xe4, 0xff, 0xaa, 0xdc, 0xe5, 0xff, 
0xaa, 0xdc, 0xe5, 0xff, 0xaa, 0xdc, 0xe6, 0xff, 0xaa, 0xdd, 0xe6, 0xff, 0xa9, 0xdd, 0xe5, 0xff, 
0xa9, 0xdd, 0xe4, 0xff, 0xa9, 0xdd, 0xe4, 0xff, 0xa9, 0xdd, 0xe4, 0xff, 0xa9, 0xdd, 0xe4, 0xff, 
0xa9, 0xdd, 0xe4, 0xff, 0xa9, 0xdc, 0xe4, 0xff, 0xa9, 0xdd, 0xe4, 0xff, 0xaa, 0xdc, 0xe4, 0xff, 
0xa9, 0xdd, 0xe3, 0xff, 0xa9, 0xdd, 0xe3, 0xff, 0xa9, 0xdd, 0xe4, 0xff, 0xa9, 0xdd, 0xe4, 0xff, 
0xa9, 0xdd, 0xe4, 0xff, 0xa9, 0xdd, 0xe4, 0xff, 0xa9, 0xdd, 0xe4, 0xff, 0xaa, 0xdc, 0xe4, 0xff, 
0xaa, 0xdc, 0xe5, 0xff, 0xaa, 0xdd, 0xe5, 0xff, 0xab, 0xdd, 0xe5, 0xff, 0xab, 0xdc, 0xe5, 0xff, 
0xab, 0xdc, 0xe6, 0xff, 0xab, 0xdd, 0xe5, 0xff, 0xab, 0xdc, 0xe5, 0xff, 0xab, 0xdc, 0xe5, 0xff, 
0xab, 0xdc, 0xe5, 0xff, 0xab, 0xdc, 0xe5, 0xff, 0xab, 0xdc, 0xe4, 0xff, 0xab, 0xdc, 0xe5, 0xff, 
0xab, 0xdd, 0xe5, 0xff, 0xab, 0xdd, 0xe5, 0xff, 0xab, 0xdd, 0xe5, 0xff, 0xab, 0xdd, 0xe5, 0xff, 
0xab, 0xdd, 0xe5, 0xff, 0xab, 0xdd, 0xe5, 0xff, 0xab, 0xdd, 0xe5, 0xff, 0xab, 0xdd, 0xe5, 0xff, 
0xab, 0xdc, 0xe5, 0xff, 0xab, 0xdc, 0xe4, 0xff, 0xab, 0xdc, 0xe5, 0xff, 0xab, 0xdc, 0xe5, 0xff, 
0xab, 0xdc, 0xe5, 0xff, 0xab, 0xdc, 0xe5, 0xff, 0xab, 0xdc, 0xe6, 0xff, 0xab, 0xdc, 0xe6, 0xff, 
0xab, 0xdc, 0xe5, 0xff, 0xaa, 0xdd, 0xe6, 0xff, 0xaa, 0xdd, 0xe6, 0xff, 0xaa, 0xdc, 0xe5, 0xff, 
0xaa, 0xdd, 0xe4, 0xff, 0xa9, 0xdd, 0xe4, 0xff, 0xa9, 0xdd, 0xe4, 0xff, 0xa9, 0xdd, 0xe4, 0xff, 
0xa9, 0xdd, 0xe4, 0xff, 0xa9, 0xdd, 0xe4, 0xff, 0xa9, 0xdd, 0xe3, 0xff, 0xa9, 0xdd, 0xe3, 0xff, 
0xa9, 0xdc, 0xe4, 0xff, 0xa9, 0xdd, 0xe4, 0xff, 0xa9, 0xdc, 0xe4, 0xff, 0xa9, 0xdc, 0xe4, 0xff, 
0xa9, 0xdd, 0xe4, 0xff, 0xa9, 0xdd, 0xe4, 0xff, 0xa9, 0xdd, 0xe4, 0xff, 0xa9, 0xdd, 0xe4, 0xff, 
0xa9, 0xdd, 0xe5, 0xff, 0xaa, 0xdd, 0xe6, 0xff, 0xab, 0xdc, 0xe6, 0xff, 0xaa, 0xdc, 0xe5, 0xff, 
0xaa, 0xdc, 0xe5, 0xff, 0xaa, 0xdc, 0xe4, 0xff, 0xaa, 0xdc, 0xe4, 0xff, 0xab, 0xdc, 0xe4, 0xff, 
0xab, 0xdd, 0xe4, 0xff, 0xab, 0xdd, 0xe4, 0xff, 0xab, 0xdd, 0xe4, 0xff, 0xab, 0xdd, 0xe4, 0xff, 
0xab, 0xdd, 0xe4, 0xff, 0xab, 0xdd, 0xe4, 0xff, 0xab, 0xdd, 0xe4, 0xff, 0xab, 0xdd, 0xe4, 0xff, 
0xab, 0xdd, 0xe4, 0xff, 0xab, 0xdd, 0xe4, 0xff, 0xab, 0xdd, 0xe4, 0xff, 0xab, 0xdd, 0xe4, 0xff, 
0xab, 0xdd, 0xe3, 0xff, 0xab, 0xdd, 0xe4, 0xff, 0xab, 0xdd, 0xe4, 0xff, 0xab, 0xdd, 0xe4, 0xff, 
0xab, 0xdd, 0xe4, 0xff, 0xab, 0xdd, 0xe4, 0xff, 0xab, 0xdd, 0xe4, 0xff, 0xab, 0xdd, 0xe4, 0xff, 
0xab, 0xdd, 0xe4, 0xff, 0xab, 0xdd, 0xe4, 0xff, 0xab, 0xdd, 0xe4, 0xff, 0xab, 0xdd, 0xe4, 0xff, 
0xab, 0xdd, 0xe4, 0xff, 0xab, 0xdd, 0xe4, 0xff, 0xab, 0xdd, 0xe4, 0xff, 0xab, 0xdd, 0xe4, 0xff, 
0xab, 0xdd, 0xe4, 0xff, 0xab, 0xdd, 0xe4, 0xff, 0xab, 0xdd, 0xe4, 0xff, 0xab, 0xdd, 0xe4, 0xff, 
0xab, 0xdd, 0xe4, 0xff, 0xab, 0xdd, 0xe4, 0xff, 0xab, 0xdd, 0xe4, 0xff, 0xab, 0xdd, 0xe4, 0xff, 
0xab, 0xdd, 0xe4, 0xff, 0xab, 0xdd, 0xe4, 0xff, 0xab, 0xdd, 0xe4, 0xff, 0xab, 0xdd, 0xe4, 0xff, 
0xab, 0xdd, 0xe4, 0xff, 0xab, 0xdd, 0xe4, 0xff, 0xab, 0xdd, 0xe4, 0xff, 0xab, 0xdd, 0xe4, 0xff, 
0xab, 0xdd, 0xe4, 0xff, 0xab, 0xdd, 0xe4, 0xff, 0xab, 0xdd, 0xe3, 0xff, 0xab, 0xdd, 0xe3, 0xff, 
0xab, 0xdc, 0xe4, 0xff, 0xab, 0xdc, 0xe4, 0xff, 0xaa, 0xdc, 0xe4, 0xff, 0xaa, 0xdc, 0xe5, 0xff, 
0xaa, 0xdc, 0xe5, 0xff, 0xaa, 0xdc, 0xe6, 0xff, 0xaa, 0xdd, 0xe6, 0xff, 0xa9, 0xdd, 0xe5, 0xff, 
0xa9, 0xdd, 0xe4, 0xff, 0xa9, 0xdd, 0xe4, 0xff, 0xa9, 0xdd, 0xe4, 0xff, 0xa9, 0xdd, 0xe4, 0xff, 
0xa9, 0xdd, 0xe4, 0xff, 0xa9, 0xdc, 0xe4, 0xff, 0xa9, 0xdd, 0xe4, 0xff, 0xaa, 0xdc, 0xe4, 0xff, 
0xa9, 0xdd, 0xe3, 0xff, 0xa9, 0xdd, 0xe3, 0xff, 0xa9, 0xdd, 0xe4, 0xff, 0xa9, 0xdd, 0xe4, 0xff, 
0xa9, 0xdd, 0xe4, 0xff, 0xa9, 0xdd, 0xe4, 0xff, 0xa9, 0xdd, 0xe4, 0xff, 0xaa, 0xdc, 0xe4, 0xff, 
0xaa, 0xdc, 0xe5, 0xff, 0xaa, 0xdd, 0xe5, 0xff, 0xab, 0xdd, 0xe6, 0xff, 0xab, 0xdc, 0xe5, 0xff, 
0xab, 0xdc, 0xe6, 0xff, 0xab, 0xdd, 0xe5, 0xff, 0xab, 0xdc, 0xe5, 0xff, 0xab, 0xdc, 0xe5, 0xff, 
0xab, 0xdc, 0xe5, 0xff, 0xab, 0xdc, 0xe5, 0xff, 0xab, 0xdc, 0xe4, 0xff, 0xab, 0xdc, 0xe5, 0xff, 
0xab, 0xdd, 0xe5, 0xff, 0xab, 0xdd, 0xe5, 0xff, 0xab, 0xdd, 0xe5, 0xff, 0xab, 0xdd, 0xe5, 0xff, 
0xab, 0xdd, 0xe5, 0xff, 0xab, 0xdd, 0xe5, 0xff, 0xab, 0xdd, 0xe5, 0xff, 0xab, 0xdd, 0xe5, 0xff, 
0xab, 0xdc, 0xe5, 0xff, 0xab, 0xdc, 0xe4, 0xff, 0xab, 0xdc, 0xe5, 0xff, 0xab, 0xdc, 0xe5, 0xff, 
0xab, 0xdc, 0xe5, 0xff, 0xab, 0xdc, 0xe5, 0xff, 0xab, 0xdd, 0xe5, 0xff, 0xab, 0xdc, 0xe6, 0xff, 
0xab, 0xdc, 0xe5, 0xff, 0xaa, 0xdd, 0xe5, 0xff, 0xaa, 0xdd, 0xe6, 0xff, 0xaa, 0xdc, 0xe5, 0xff, 
0xaa, 0xdc, 0xe4, 0xff, 0xa9, 0xdd, 0xe4, 0xff, 0xa9, 0xdd, 0xe4, 0xff, 0xa9, 0xdd, 0xe4, 0xff, 
0xa9, 0xdd, 0xe4, 0xff, 0xa9, 0xdd, 0xe4, 0xff, 0xa9, 0xdd, 0xe3, 0xff, 0xa9, 0xdd, 0xe3, 0xff, 
0xa9, 0xdc, 0xe4, 0xff, 0xa9, 0xdd, 0xe4, 0xff, 0xa9, 0xdc, 0xe4, 0xff, 0xa9, 0xdc, 0xe4, 0xff, 
0xa9, 0xdd, 0xe4, 0xff, 0xa9, 0xdd, 0xe4, 0xff, 0xa9, 0xdd, 0xe4, 0xff, 0xa9, 0xdd, 0xe4, 0xff, 
0xa9, 0xdd, 0xe5, 0xff, 0xaa, 0xdd, 0xe6, 0xff, 0xab, 0xdc, 0xe6, 0xff, 0xaa, 0xdc, 0xe5, 0xff, 
0xaa, 0xdc, 0xe5, 0xff, 0xaa, 0xdc, 0xe4, 0xff, 0xaa, 0xdc, 0xe4, 0xff, 0xab, 0xdc, 0xe4, 0xff, 
0xab, 0xdd, 0xe4, 0xff, 0xab, 0xdd, 0xe4, 0xff, 0xab, 0xdd, 0xe4, 0xff, 0xab, 0xdd, 0xe4, 0xff, 
0xab, 0xdd, 0xe4, 0xff, 0xab, 0xdd, 0xe4, 0xff, 0xab, 0xdd, 0xe4, 0xff, 0xab, 0xdd, 0xe4, 0xff, 
0xab, 0xdd, 0xe4, 0xff, 0xab, 0xdd, 0xe4, 0xff, 0xab, 0xdd, 0xe4, 0xff, 0xab, 0xdd, 0xe4, 0xff, 
0xab, 0xdd, 0xe3, 0xff, 0xab, 0xdd, 0xe4, 0xff, 0xab, 0xdd, 0xe4, 0xff, 0xab, 0xdd, 0xe4, 0xff, 
0xab, 0xdd, 0xe4, 0xff, 0xab, 0xdd, 0xe4, 0xff, 0xab, 0xdd, 0xe4, 0xff, 0xab, 0xdd, 0xe4, 0xff, 
0xab, 0xdd, 0xe4, 0xff, 0xab, 0xdd, 0xe4, 0xff, 0xab, 0xdd, 0xe4, 0xff, 0xab, 0xdd, 0xe4, 0xff, 
0xaa, 0xdc, 0xe5, 0xff, 0xaa, 0xdc, 0xe5, 0xff, 0xaa, 0xdc, 0xe5, 0xff, 0xaa, 0xdc, 0xe5, 0xff, 
0xaa, 0xdc, 0xe5, 0xff, 0xaa, 0xdc, 0xe5, 0xff, 0xaa, 0xdc, 0xe5, 0xff, 0xaa, 0xdc, 0xe5, 0xff, 
0xaa, 0xdc, 0xe5, 0xff, 0xaa, 0xdc, 0xe4, 0xff, 0xaa, 0xdc, 0xe4, 0xff, 0xaa, 0xdc, 0xe3, 0xff, 
0xaa, 0xdc, 0xe2, 0xff, 0xaa, 0xdc, 0xe2, 0xff, 0xaa, 0xdc, 0xe2, 0xff, 0xaa, 0xdc, 0xe2, 0xff, 
0xaa, 0xdc, 0xe3, 0xff, 0xaa, 0xdc, 0xe3, 0xff, 0xaa, 0xdc, 0xe3, 0xff, 0xaa, 0xdc, 0xe3, 0xff, 
0xaa, 0xdc, 0xe3, 0xff, 0xaa, 0xdb, 0xe3, 0xff, 0xaa, 0xdb, 0xe3, 0xff, 0xaa, 0xdc, 0xe3, 0xff, 
0xaa, 0xdc, 0xe3, 0xff, 0xa9, 0xdc, 0xe3, 0xff, 0xaa, 0xdc, 0xe5, 0xff, 0xaa, 0xdc, 0xe5, 0xff, 
0xaa, 0xdc, 0xe5, 0xff, 0xaa, 0xdc, 0xe5, 0xff, 0xaa, 0xdc, 0xe4, 0xff, 0xaa, 0xdb, 0xe3, 0xff, 
0xaa, 0xdb, 0xe3, 0xff, 0xaa, 0xdb, 0xe3, 0xff, 0xaa, 0xdb, 0xe3, 0xff, 0xaa, 0xdb, 0xe3, 0xff, 
0xaa, 0xdc, 0xe4, 0xff, 0xaa, 0xdc, 0xe3, 0xff, 0xaa, 0xdc, 0xe3, 0xff, 0xaa, 0xdc, 0xe4, 0xff, 
0xaa, 0xdc, 0xe5, 0xff, 0xaa, 0xdc, 0xe5, 0xff, 0xaa, 0xdc, 0xe5, 0xff, 0xaa, 0xdc, 0xe5, 0xff, 
0xaa, 0xdc, 0xe4, 0xff, 0xaa, 0xdc, 0xe4, 0xff, 0xaa, 0xdc, 0xe4, 0xff, 0xaa, 0xdc, 0xe3, 0xff, 
0xaa, 0xdc, 0xe4, 0xff, 0xaa, 0xdc, 0xe4, 0xff, 0xaa, 0xdc, 0xe4, 0xff, 0xaa, 0xdc, 0xe4, 0xff, 
0xaa, 0xdc, 0xe4, 0xff, 0xaa, 0xdc, 0xe4, 0xff, 0xaa, 0xdc, 0xe4, 0xff, 0xaa, 0xdc, 0xe5, 0xff, 
0xaa, 0xdc, 0xe5, 0xff, 0xaa, 0xdc, 0xe5, 0xff, 0xaa, 0xdc, 0xe5, 0xff, 0xaa, 0xdc, 0xe5, 0xff, 
0xaa, 0xdc, 0xe5, 0xff, 0xaa, 0xdc, 0xe5, 0xff, 0xaa, 0xdc, 0xe5, 0xff, 0xaa, 0xdc, 0xe5, 0xff, 
0xaa, 0xdc, 0xe5, 0xff, 0xaa, 0xdc, 0xe5, 0xff, 0xaa, 0xdc, 0xe5, 0xff, 0xaa, 0xdc, 0xe5, 0xff, 
0xaa, 0xdc, 0xe5, 0xff, 0xaa, 0xdc, 0xe5, 0xff, 0xaa, 0xdc, 0xe5, 0xff, 0xaa, 0xdc, 0xe5, 0xff, 
0xaa, 0xdc, 0xe5, 0xff, 0xaa, 0xdc, 0xe4, 0xff, 0xaa, 0xdc, 0xe4, 0xff, 0xaa, 0xdc, 0xe4, 0xff, 
0xaa, 0xdc, 0xe4, 0xff, 0xaa, 0xdc, 0xe4, 0xff, 0xaa, 0xdc, 0xe4, 0xff, 0xaa, 0xdc, 0xe4, 0xff, 
0xaa, 0xdc, 0xe3, 0xff, 0xaa, 0xdc, 0xe4, 0xff, 0xaa, 0xdc, 0xe4, 0xff, 0xaa, 0xdc, 0xe4, 0xff, 
0xaa, 0xdc, 0xe5, 0xff, 0xaa, 0xdc, 0xe5, 0xff, 0xab, 0xdc, 0xe5, 0xff, 0xaa, 0xdc, 0xe4, 0xff, 
0xaa, 0xdc, 0xe4, 0xff, 0xaa, 0xdc, 0xe3, 0xff, 0xa9, 0xdc, 0xe3, 0xff, 0xaa, 0xdc, 0xe4, 0xff, 
0xaa, 0xdb, 0xe3, 0xff, 0xaa, 0xdb, 0xe3, 0xff, 0xaa, 0xdb, 0xe3, 0xff, 0xaa, 0xdb, 0xe3, 0xff, 
0xaa, 0xdb, 0xe3, 0xff, 0xaa, 0xdc, 0xe4, 0xff, 0xaa, 0xdc, 0xe5, 0xff, 0xaa, 0xdc, 0xe5, 0xff, 
0xaa, 0xdc, 0xe5, 0xff, 0xaa, 0xdc, 0xe5, 0xff, 0xa9, 0xdc, 0xe3, 0xff, 0xaa, 0xdc, 0xe3, 0xff, 
0xaa, 0xdc, 0xe3, 0xff, 0xaa, 0xdc, 0xe3, 0xff, 0xaa, 0xdb, 0xe3, 0xff, 0xaa, 0xdc, 0xe3, 0xff, 
0xaa, 0xdc, 0xe3, 0xff, 0xaa, 0xdc, 0xe3, 0xff, 0xaa, 0xdc, 0xe3, 0xff, 0xaa, 0xdc, 0xe3, 0xff, 
0xaa, 0xdc, 0xe3, 0xff, 0xaa, 0xdc, 0xe2, 0xff, 0xaa, 0xdc, 0xe2, 0xff, 0xaa, 0xdc, 0xe2, 0xff, 
0xaa, 0xdc, 0xe3, 0xff, 0xaa, 0xdc, 0xe4, 0xff, 0xaa, 0xdc, 0xe4, 0xff, 0xaa, 0xdc, 0xe5, 0xff, 
0xaa, 0xdc, 0xe5, 0xff, 0xaa, 0xdc, 0xe5, 0xff, 0xaa, 0xdc, 0xe5, 0xff, 0xaa, 0xdc, 0xe5, 0xff, 
0xaa, 0xdc, 0xe5, 0xff, 0xaa, 0xdc, 0xe5, 0xff, 0xaa, 0xdc, 0xe5, 0xff, 0xaa, 0xdc, 0xe5, 0xff, 
0xaa, 0xdc, 0xe5, 0xff, 0xaa, 0xdc, 0xe5, 0xff, 0xaa, 0xdc, 0xe5, 0xff, 0xaa, 0xdc, 0xe5, 0xff, 
0xaa, 0xdc, 0xe5, 0xff, 0xaa, 0xdc, 0xe5, 0xff, 0xaa, 0xdc, 0xe5, 0xff, 0xaa, 0xdc, 0xe5, 0xff, 
0xaa, 0xdc, 0xe5, 0xff, 0xaa, 0xdc, 0xe4, 0xff, 0xaa, 0xdc, 0xe4, 0xff, 0xaa, 0xdc, 0xe3, 0xff, 
0xaa, 0xdc, 0xe2, 0xff, 0xaa, 0xdc, 0xe2, 0xff, 0xaa, 0xdc, 0xe2, 0xff, 0xaa, 0xdc, 0xe3, 0xff, 
0xaa, 0xdc, 0xe3, 0xff, 0xaa, 0xdc, 0xe3, 0xff, 0xaa, 0xdc, 0xe3, 0xff, 0xaa, 0xdc, 0xe3, 0xff, 
0xaa, 0xdc, 0xe3, 0xff, 0xaa, 0xdb, 0xe3, 0xff, 0xaa, 0xdb, 0xe3, 0xff, 0xaa, 0xdc, 0xe3, 0xff, 
0xaa, 0xdc, 0xe3, 0xff, 0xa9, 0xdc, 0xe3, 0xff, 0xaa, 0xdc, 0xe5, 0xff, 0xaa, 0xdc, 0xe5, 0xff, 
0xaa, 0xdc, 0xe5, 0xff, 0xaa, 0xdc, 0xe5, 0xff, 0xaa, 0xdc, 0xe4, 0xff, 0xaa, 0xdb, 0xe3, 0xff, 
0xaa, 0xdb, 0xe3, 0xff, 0xaa, 0xdb, 0xe3, 0xff, 0xaa, 0xdb, 0xe3, 0xff, 0xaa, 0xdb, 0xe3, 0xff, 
0xaa, 0xdc, 0xe4, 0xff, 0xaa, 0xdc, 0xe3, 0xff, 0xaa, 0xdc, 0xe3, 0xff, 0xaa, 0xdc, 0xe4, 0xff, 
0xaa, 0xdc, 0xe4, 0xff, 0xab, 0xdc, 0xe5, 0xff, 0xaa, 0xdc, 0xe5, 0xff, 0xaa, 0xdc, 0xe5, 0xff, 
0xaa, 0xdc, 0xe4, 0xff, 0xaa, 0xdc, 0xe4, 0xff, 0xaa, 0xdc, 0xe4, 0xff, 0xaa, 0xdc, 0xe3, 0xff, 
0xaa, 0xdc, 0xe4, 0xff, 0xaa, 0xdc, 0xe4, 0xff, 0xaa, 0xdc, 0xe4, 0xff, 0xaa, 0xdc, 0xe4, 0xff, 
0xaa, 0xdc, 0xe4, 0xff, 0xaa, 0xdc, 0xe4, 0xff, 0xaa, 0xdc, 0xe4, 0xff, 0xaa, 0xdc, 0xe5, 0xff, 
0xaa, 0xdc, 0xe5, 0xff, 0xaa, 0xdc, 0xe5, 0xff, 0xaa, 0xdc, 0xe5, 0xff, 0xaa, 0xdc, 0xe5, 0xff, 
0xaa, 0xdc, 0xe5, 0xff, 0xaa, 0xdc, 0xe5, 0xff, 0xaa, 0xdc, 0xe5, 0xff, 0xaa, 0xdc, 0xe5, 0xff, 
0xaa, 0xdc, 0xe5, 0xff, 0xaa, 0xdc, 0xe5, 0xff, 0xaa, 0xdc, 0xe5, 0xff, 0xaa, 0xdc, 0xe5, 0xff, 
0xaa, 0xdc, 0xe5, 0xff, 0xaa, 0xdc, 0xe5, 0xff, 0xaa, 0xdc, 0xe5, 0xff, 0xaa, 0xdc, 0xe5, 0xff, 
0xaa, 0xdc, 0xe5, 0xff, 0xaa, 0xdc, 0xe4, 0xff, 0xaa, 0xdc, 0xe4, 0xff, 0xaa, 0xdc, 0xe4, 0xff, 
0xaa, 0xdc, 0xe4, 0xff, 0xaa, 0xdc, 0xe4, 0xff, 0xaa, 0xdc, 0xe4, 0xff, 0xaa, 0xdc, 0xe4, 0xff, 
0xaa, 0xdc, 0xe3, 0xff, 0xaa, 0xdc, 0xe4, 0xff, 0xaa, 0xdc, 0xe4, 0xff, 0xaa, 0xdc, 0xe4, 0xff, 
0xaa, 0xdc, 0xe5, 0xff, 0xaa, 0xdc, 0xe5, 0xff, 0xaa, 0xdc, 0xe5, 0xff, 0xaa, 0xdc, 0xe5, 0xff, 
0xaa, 0xdc, 0xe4, 0xff, 0xaa, 0xdc, 0xe3, 0xff, 0xa9, 0xdc, 0xe3, 0xff, 0xa9, 0xdc, 0xe4, 0xff, 
0xaa, 0xdb, 0xe3, 0xff, 0xaa, 0xdb, 0xe3, 0xff, 0xaa, 0xdb, 0xe3, 0xff, 0xaa, 0xdb, 0xe3, 0xff, 
0xaa, 0xdb, 0xe3, 0xff, 0xaa, 0xdc, 0xe4, 0xff, 0xaa, 0xdc, 0xe5, 0xff, 0xaa, 0xdc, 0xe5, 0xff, 
0xaa, 0xdc, 0xe5, 0xff, 0xaa, 0xdc, 0xe5, 0xff, 0xa9, 0xdc, 0xe3, 0xff, 0xaa, 0xdc, 0xe3, 0xff, 
0xaa, 0xdc, 0xe3, 0xff, 0xaa, 0xdc, 0xe3, 0xff, 0xaa, 0xdb, 0xe3, 0xff, 0xaa, 0xdc, 0xe3, 0xff, 
0xaa, 0xdc, 0xe3, 0xff, 0xaa, 0xdc, 0xe3, 0xff, 0xaa, 0xdc, 0xe3, 0xff, 0xaa, 0xdc, 0xe3, 0xff, 
0xaa, 0xdc, 0xe2, 0xff, 0xaa, 0xdc, 0xe2, 0xff, 0xaa, 0xdc, 0xe2, 0xff, 0xaa, 0xdc, 0xe2, 0xff, 
0xaa, 0xdc, 0xe3, 0xff, 0xaa, 0xdc, 0xe4, 0xff, 0xaa, 0xdc, 0xe4, 0xff, 0xaa, 0xdc, 0xe5, 0xff, 
0xaa, 0xdc, 0xe5, 0xff, 0xaa, 0xdc, 0xe5, 0xff, 0xaa, 0xdc, 0xe5, 0xff, 0xaa, 0xdc, 0xe5, 0xff, 
0xaa, 0xdc, 0xe5, 0xff, 0xaa, 0xdc, 0xe5, 0xff, 0xaa, 0xdc, 0xe5, 0xff, 0xaa, 0xdc, 0xe5, 0xff, 
0xab, 0xdd, 0xe4, 0xff, 0xab, 0xdd, 0xe4, 0xff, 0xaa, 0xdc, 0xe4, 0xff, 0xaa, 0xdc, 0xe4, 0xff, 
0xaa, 0xdc, 0xe4, 0xff, 0xaa, 0xdc, 0xe4, 0xff, 0xaa, 0xdc, 0xe4, 0xff, 0xaa, 0xdc, 0xe5, 0xff, 
0xaa, 0xdc, 0xe5, 0xff, 0xaa, 0xdc, 0xe5, 0xff, 0xaa, 0xdc, 0xe5, 0xff, 0xaa, 0xdc, 0xe5, 0xff, 
0xaa, 0xdc, 0xe4, 0xff, 0xaa, 0xdc, 0xe4, 0xff, 0xaa, 0xdc, 0xe3, 0xff, 0xaa, 0xdc, 0xe3, 0xff, 
0xaa, 0xdc, 0xe2, 0xff, 0xaa, 0xdc, 0xe3, 0xff, 0xaa, 0xdc, 0xe3, 0xff, 0xaa, 0xdc, 0xe3, 0xff, 
0xaa, 0xdc, 0xe3, 0xff, 0xaa, 0xdc, 0xe3, 0xff, 0xa9, 0xdc, 0xe3, 0xff, 0xaa, 0xdc, 0xe3, 0xff, 
0xa8, 0xdd, 0xe3, 0xff, 0xa8, 0xdd, 0xe3, 0xff, 0xaa, 0xdc, 0xe5, 0xff, 0xaa, 0xdc, 0xe5, 0xff, 
0xaa, 0xdc, 0xe5, 0xff, 0xaa, 0xdc, 0xe3, 0xff, 0xa9, 0xdc, 0xe2, 0xff, 0xa8, 0xdc, 0xe2, 0xff, 
0xa8, 0xdc, 0xe2, 0xff, 0xa9, 0xdc, 0xe3, 0xff, 0xa8, 0xdc, 0xe2, 0xff, 0xaa, 0xdc, 0xe2, 0xff, 
0xa8, 0xdd, 0xe3, 0xff, 0xa9, 0xdd, 0xe3, 0xff, 0xa9, 0xdc, 0xe4, 0xff, 0xaa, 0xdc, 0xe4, 0xff, 
0xaa, 0xdc, 0xe4, 0xff, 0xaa, 0xdc, 0xe3, 0xff, 0xaa, 0xdc, 0xe4, 0xff, 0xaa, 0xdc, 0xe3, 0xff, 
0xaa, 0xdc, 0xe3, 0xff, 0xaa, 0xdc, 0xe4, 0xff, 0xaa, 0xdc, 0xe4, 0xff, 0xaa, 0xdc, 0xe4, 0xff, 
0xaa, 0xdc, 0xe5, 0xff, 0xaa, 0xdc, 0xe5, 0xff, 0xa9, 0xdc, 0xe4, 0xff, 0xaa, 0xdc, 0xe4, 0xff, 
0xa9, 0xdb, 0xe4, 0xff, 0xaa, 0xdc, 0xe5, 0xff, 0xaa, 0xdc, 0xe4, 0xff, 0xaa, 0xdc, 0xe4, 0xff, 
0xaa, 0xdc, 0xe4, 0xff, 0xaa, 0xdc, 0xe4, 0xff, 0xaa, 0xdc, 0xe4, 0xff, 0xaa, 0xdc, 0xe4, 0xff, 
0xa9, 0xdb, 0xe4, 0xff, 0xa9, 0xdb, 0xe3, 0xff, 0xaa, 0xdc, 0xe4, 0xff, 0xaa, 0xdc, 0xe4, 0xff, 
0xaa, 0xdc, 0xe4, 0xff, 0xaa, 0xdc, 0xe4, 0xff, 0xa9, 0xdb, 0xe3, 0xff, 0xa9, 0xdb, 0xe4, 0xff, 
0xaa, 0xdc, 0xe4, 0xff, 0xaa, 0xdc, 0xe4, 0xff, 0xaa, 0xdc, 0xe4, 0xff, 0xaa, 0xdc, 0xe4, 0xff, 
0xaa, 0xdc, 0xe4, 0xff, 0xaa, 0xdc, 0xe4, 0xff, 0xaa, 0xdc, 0xe5, 0xff, 0xa9, 0xdb, 0xe4, 0xff, 
0xaa, 0xdc, 0xe4, 0xff, 0xa9, 0xdb, 0xe4, 0xff, 0xaa, 0xdc, 0xe4, 0xff, 0xaa, 0xdc, 0xe5, 0xff, 
0xaa, 0xdc, 0xe4, 0xff, 0xaa, 0xdc, 0xe4, 0xff, 0xaa, 0xdc, 0xe4, 0xff, 0xaa, 0xdc, 0xe3, 0xff, 
0xaa, 0xdc, 0xe3, 0xff, 0xaa, 0xdc, 0xe4, 0xff, 0xaa, 0xdc, 0xe3, 0xff, 0xaa, 0xdc, 0xe4, 0xff, 
0xaa, 0xdc, 0xe4, 0xff, 0xaa, 0xdc, 0xe4, 0xff, 0xa9, 0xdd, 0xe3, 0xff, 0xa8, 0xdd, 0xe3, 0xff, 
0xa9, 0xdc, 0xe2, 0xff, 0xa8, 0xdc, 0xe2, 0xff, 0xa9, 0xdc, 0xe3, 0xff, 0xa8, 0xdc, 0xe2, 0xff, 
0xa8, 0xdc, 0xe2, 0xff, 0xa9, 0xdc, 0xe2, 0xff, 0xaa, 0xdb, 0xe3, 0xff, 0xaa, 0xdc, 0xe5, 0xff, 
0xaa, 0xdc, 0xe5, 0xff, 0xaa, 0xdc, 0xe5, 0xff, 0xa8, 0xdd, 0xe3, 0xff, 0xa8, 0xdd, 0xe3, 0xff, 
0xaa, 0xdc, 0xe3, 0xff, 0xa9, 0xdc, 0xe3, 0xff, 0xaa, 0xdc, 0xe3, 0xff, 0xaa, 0xdc, 0xe3, 0xff, 
0xaa, 0xdc, 0xe3, 0xff, 0xaa, 0xdc, 0xe3, 0xff, 0xaa, 0xdc, 0xe3, 0xff, 0xaa, 0xdc, 0xe2, 0xff, 
0xaa, 0xdc, 0xe2, 0xff, 0xaa, 0xdc, 0xe3, 0xff, 0xaa, 0xdc, 0xe4, 0xff, 0xaa, 0xdc, 0xe4, 0xff, 
0xaa, 0xdc, 0xe5, 0xff, 0xaa, 0xdc, 0xe5, 0xff, 0xaa, 0xdc, 0xe5, 0xff, 0xaa, 0xdc, 0xe5, 0xff, 
0xaa, 0xdc, 0xe5, 0xff, 0xaa, 0xdc, 0xe4, 0xff, 0xaa, 0xdc, 0xe4, 0xff, 0xaa, 0xdc, 0xe4, 0xff, 
0xaa, 0xdc, 0xe4, 0xff, 0xaa, 0xdc, 0xe4, 0xff, 0xab, 0xdd, 0xe4, 0xff, 0xab, 0xdd, 0xe4, 0xff, 
0xab, 0xdd, 0xe4, 0xff, 0xab, 0xdd, 0xe4, 0xff, 0xaa, 0xdc, 0xe4, 0xff, 0xaa, 0xdc, 0xe4, 0xff, 
0xaa, 0xdc, 0xe4, 0xff, 0xaa, 0xdc, 0xe4, 0xff, 0xaa, 0xdc, 0xe4, 0xff, 0xaa, 0xdc, 0xe5, 0xff, 
0xaa, 0xdc, 0xe5, 0xff, 0xaa, 0xdc, 0xe5, 0xff, 0xaa, 0xdc, 0xe5, 0xff, 0xaa, 0xdc, 0xe5, 0xff, 
0xaa, 0xdc, 0xe4, 0xff, 0xaa, 0xdc, 0xe4, 0xff, 0xaa, 0xdc, 0xe3, 0xff, 0xaa, 0xdc, 0xe2, 0xff, 
0xaa, 0xdc, 0xe2, 0xff, 0xaa, 0xdc, 0xe3, 0xff, 0xaa, 0xdc, 0xe3, 0xff, 0xaa, 0xdc, 0xe3, 0xff, 
0xaa, 0xdc, 0xe3, 0xff, 0xaa, 0xdc, 0xe3, 0xff, 0xa9, 0xdc, 0xe3, 0xff, 0xaa, 0xdc, 0xe3, 0xff, 
0xa8, 0xdd, 0xe3, 0xff, 0xa8, 0xdd, 0xe3, 0xff, 0xaa, 0xdc, 0xe5, 0xff, 0xaa, 0xdc, 0xe5, 0xff, 
0xaa, 0xdc, 0xe5, 0xff, 0xaa, 0xdb, 0xe3, 0xff, 0xa9, 0xdc, 0xe2, 0xff, 0xa8, 0xdc, 0xe2, 0xff, 
0xa8, 0xdc, 0xe2, 0xff, 0xa9, 0xdc, 0xe3, 0xff, 0xa8, 0xdc, 0xe2, 0xff, 0xa9, 0xdc, 0xe2, 0xff, 
0xa8, 0xdd, 0xe3, 0xff, 0xa9, 0xdd, 0xe3, 0xff, 0xa9, 0xdc, 0xe4, 0xff, 0xaa, 0xdc, 0xe4, 0xff, 
0xaa, 0xdc, 0xe4, 0xff, 0xaa, 0xdc, 0xe3, 0xff, 0xaa, 0xdc, 0xe4, 0xff, 0xaa, 0xdc, 0xe3, 0xff, 
0xaa, 0xdc, 0xe3, 0xff, 0xaa, 0xdc, 0xe4, 0xff, 0xaa, 0xdc, 0xe4, 0xff, 0xaa, 0xdc, 0xe4, 0xff, 
0xaa, 0xdc, 0xe5, 0xff, 0xaa, 0xdc, 0xe5, 0xff, 0xa9, 0xdc, 0xe4, 0xff, 0xaa, 0xdc, 0xe4, 0xff, 
0xa9, 0xdb, 0xe4, 0xff, 0xaa, 0xdc, 0xe5, 0xff, 0xaa, 0xdc, 0xe4, 0xff, 0xaa, 0xdc, 0xe4, 0xff, 
0xaa, 0xdc, 0xe4, 0xff, 0xaa, 0xdc, 0xe4, 0xff, 0xaa, 0xdc, 0xe4, 0xff, 0xaa, 0xdc, 0xe4, 0xff, 
0xa9, 0xdb, 0xe4, 0xff, 0xa9, 0xdb, 0xe3, 0xff, 0xaa, 0xdc, 0xe4, 0xff, 0xaa, 0xdc, 0xe4, 0xff, 
0xaa, 0xdc, 0xe4, 0xff, 0xaa, 0xdc, 0xe4, 0xff, 0xa9, 0xdb, 0xe3, 0xff, 0xa9, 0xdb, 0xe4, 0xff, 
0xaa, 0xdc, 0xe4, 0xff, 0xaa, 0xdc, 0xe4, 0xff, 0xaa, 0xdc, 0xe4, 0xff, 0xaa, 0xdc, 0xe4, 0xff, 
0xaa, 0xdc, 0xe4, 0xff, 0xaa, 0xdc, 0xe4, 0xff, 0xaa, 0xdc, 0xe5, 0xff, 0xa9, 0xdb, 0xe4, 0xff, 
0xaa, 0xdc, 0xe4, 0xff, 0xa9, 0xdb, 0xe4, 0xff, 0xaa, 0xdc, 0xe4, 0xff, 0xaa, 0xdc, 0xe5, 0xff, 
0xaa, 0xdc, 0xe4, 0xff, 0xaa, 0xdc, 0xe4, 0xff, 0xaa, 0xdc, 0xe4, 0xff, 0xaa, 0xdc, 0xe3, 0xff, 
0xaa, 0xdc, 0xe3, 0xff, 0xaa, 0xdc, 0xe4, 0xff, 0xaa, 0xdc, 0xe3, 0xff, 0xaa, 0xdc, 0xe4, 0xff, 
0xaa, 0xdc, 0xe4, 0xff, 0xaa, 0xdc, 0xe4, 0xff, 0xa9, 0xdd, 0xe3, 0xff, 0xa8, 0xdd, 0xe3, 0xff, 
0xaa, 0xdc, 0xe2, 0xff, 0xa8, 0xdc, 0xe2, 0xff, 0xa9, 0xdc, 0xe3, 0xff, 0xa8, 0xdc, 0xe2, 0xff, 
0xa8, 0xdc, 0xe2, 0xff, 0xa8, 0xdc, 0xe2, 0xff, 0xaa, 0xdc, 0xe3, 0xff, 0xaa, 0xdc, 0xe5, 0xff, 
0xaa, 0xdc, 0xe5, 0xff, 0xaa, 0xdc, 0xe5, 0xff, 0xa8, 0xdd, 0xe3, 0xff, 0xa8, 0xdd, 0xe3, 0xff, 
0xaa, 0xdc, 0xe3, 0xff, 0xa9, 0xdc, 0xe3, 0xff, 0xaa, 0xdc, 0xe3, 0xff, 0xaa, 0xdc, 0xe3, 0xff, 
0xaa, 0xdc, 0xe3, 0xff, 0xaa, 0xdc, 0xe3, 0xff, 0xaa, 0xdc, 0xe3, 0xff, 0xaa, 0xdc, 0xe2, 0xff, 
0xaa, 0xdc, 0xe3, 0xff, 0xaa, 0xdc, 0xe3, 0xff, 0xaa, 0xdc, 0xe4, 0xff, 0xaa, 0xdc, 0xe4, 0xff, 
0xaa, 0xdc, 0xe5, 0xff, 0xaa, 0xdc, 0xe5, 0xff, 0xaa, 0xdc, 0xe5, 0xff, 0xaa, 0xdc, 0xe5, 0xff, 
0xaa, 0xdc, 0xe5, 0xff, 0xaa, 0xdc, 0xe4, 0xff, 0xaa, 0xdc, 0xe4, 0xff, 0xaa, 0xdc, 0xe4, 0xff, 
0xaa, 0xdc, 0xe4, 0xff, 0xaa, 0xdc, 0xe4, 0xff, 0xab, 0xdd, 0xe4, 0xff, 0xab, 0xdd, 0xe4, 0xff, 
0xab, 0xdd, 0xe4, 0xff, 0xab, 0xdd, 0xe4, 0xff, 0xab, 0xdd, 0xe4, 0xff, 0xab, 0xdd, 0xe4, 0xff, 
0xab, 0xdd, 0xe4, 0xff, 0xab, 0xdd, 0xe4, 0xff, 0xab, 0xdd, 0xe4, 0xff, 0xab, 0xdd, 0xe4, 0xff, 
0xab, 0xdd, 0xe4, 0xff, 0xab, 0xdd, 0xe4, 0xff, 0xab, 0xdd, 0xe4, 0xff, 0xaa, 0xdc, 0xe4, 0xff, 
0xaa, 0xdc, 0xe4, 0xff, 0xaa, 0xdc, 0xe5, 0xff, 0xaa, 0xdc, 0xe5, 0xff, 0xaa, 0xdc, 0xe5, 0xff, 
0xaa, 0xdc, 0xe4, 0xff, 0xaa, 0xdc, 0xe3, 0xff, 0xaa, 0xdc, 0xe3, 0xff, 0xaa, 0xdc, 0xe3, 0xff, 
0xa9, 0xdd, 0xe3, 0xff, 0xa8, 0xdd, 0xe3, 0xff, 0xa8, 0xdd, 0xe3, 0xff, 0xa8, 0xdd, 0xe3, 0xff, 
0xa8, 0xdd, 0xe3, 0xff, 0xa9, 0xdd, 0xe4, 0xff, 0xaa, 0xdc, 0xe5, 0xff, 0xaa, 0xdc, 0xe5, 0xff, 
0xaa, 0xdc, 0xe3, 0xff, 0xa9, 0xdc, 0xe3, 0xff, 0xa9, 0xdc, 0xe3, 0xff, 0xa7, 0xdd, 0xe3, 0xff, 
0xa7, 0xdd, 0xe3, 0xff, 0xa7, 0xde, 0xe3, 0xff, 0xa8, 0xdd, 0xe3, 0xff, 0xaa, 0xdd, 0xe4, 0xff, 
0xaa, 0xdc, 0xe5, 0xff, 0xaa, 0xdc, 0xe5, 0xff, 0xab, 0xdc, 0xe5, 0xff, 0xaa, 0xdc, 0xe3, 0xff, 
0xab, 0xdc, 0xe4, 0xff, 0xaa, 0xdc, 0xe4, 0xff, 0xaa, 0xdc, 0xe5, 0xff, 0xaa, 0xdc, 0xe5, 0xff, 
0xaa, 0xdc, 0xe5, 0xff, 0xaa, 0xdc, 0xe5, 0xff, 0xaa, 0xdc, 0xe5, 0xff, 0xa9, 0xdb, 0xe4, 0xff, 
0xa9, 0xdb, 0xe4, 0xff, 0xaa, 0xdc, 0xe3, 0xff, 0xaa, 0xdc, 0xe3, 0xff, 0xaa, 0xdc, 0xe3, 0xff, 
0xaa, 0xdc, 0xe3, 0xff, 0xaa, 0xdc, 0xe3, 0xff, 0xaa, 0xdc, 0xe2, 0xff, 0xaa, 0xdb, 0xe2, 0xff, 
0xaa, 0xdc, 0xe3, 0xff, 0xaa, 0xdc, 0xe3, 0xff, 0xaa, 0xdc, 0xe2, 0xff, 0xaa, 0xdc, 0xe3, 0xff, 
0xaa, 0xdc, 0xe3, 0xff, 0xaa, 0xdc, 0xe3, 0xff, 0xaa, 0xdc, 0xe3, 0xff, 0xaa, 0xdc, 0xe3, 0xff, 
0xaa, 0xdc, 0xe3, 0xff, 0xaa, 0xdc, 0xe3, 0xff, 0xaa, 0xdc, 0xe3, 0xff, 0xaa, 0xdc, 0xe3, 0xff, 
0xaa, 0xdc, 0xe3, 0xff, 0xaa, 0xdc, 0xe3, 0xff, 0xaa, 0xdc, 0xe3, 0xff, 0xaa, 0xdc, 0xe3, 0xff, 
0xaa, 0xdb, 0xe2, 0xff, 0xaa, 0xdc, 0xe2, 0xff, 0xaa, 0xdc, 0xe3, 0xff, 0xaa, 0xdc, 0xe3, 0xff, 
0xaa, 0xdc, 0xe3, 0xff, 0xaa, 0xdc, 0xe4, 0xff, 0xaa, 0xdc, 0xe4, 0xff, 0xaa, 0xdc, 0xe4, 0xff, 
0xaa, 0xdc, 0xe5, 0xff, 0xaa, 0xdc, 0xe5, 0xff, 0xaa, 0xdc, 0xe5, 0xff, 0xaa, 0xdc, 0xe5, 0xff, 
0xaa, 0xdc, 0xe5, 0xff, 0xaa, 0xdc, 0xe5, 0xff, 0xaa, 0xdc, 0xe4, 0xff, 0xaa, 0xdc, 0xe4, 0xff, 
0xaa, 0xdc, 0xe3, 0xff, 0xaa, 0xdc, 0xe5, 0xff, 0xaa, 0xdc, 0xe5, 0xff, 0xaa, 0xdd, 0xe4, 0xff, 
0xa9, 0xdd, 0xe4, 0xff, 0xa8, 0xdd, 0xe3, 0xff, 0xa8, 0xde, 0xe3, 0xff, 0xa7, 0xdd, 0xe3, 0xff, 
0xa7, 0xdd, 0xe3, 0xff, 0xa9, 0xdc, 0xe3, 0xff, 0xa9, 0xdc, 0xe2, 0xff, 0xaa, 0xdc, 0xe4, 0xff, 
0xaa, 0xdc, 0xe5, 0xff, 0xaa, 0xdc, 0xe5, 0xff, 0xaa, 0xdc, 0xe3, 0xff, 0xa8, 0xdd, 0xe3, 0xff, 
0xa8, 0xdd, 0xe3, 0xff, 0xa8, 0xdd, 0xe3, 0xff, 0xa8, 0xdd, 0xe3, 0xff, 0xa9, 0xdd, 0xe3, 0xff, 
0xaa, 0xdc, 0xe3, 0xff, 0xaa, 0xdc, 0xe3, 0xff, 0xaa, 0xdc, 0xe3, 0xff, 0xaa, 0xdc, 0xe4, 0xff, 
0xaa, 0xdc, 0xe4, 0xff, 0xaa, 0xdc, 0xe5, 0xff, 0xaa, 0xdc, 0xe5, 0xff, 0xaa, 0xdc, 0xe4, 0xff, 
0xaa, 0xdc, 0xe4, 0xff, 0xaa, 0xdc, 0xe4, 0xff, 0xab, 0xdd, 0xe4, 0xff, 0xab, 0xdd, 0xe4, 0xff, 
0xab, 0xdd, 0xe4, 0xff, 0xab, 0xdd, 0xe4, 0xff, 0xab, 0xdd, 0xe4, 0xff, 0xab, 0xdd, 0xe4, 0xff, 
0xab, 0xdd, 0xe4, 0xff, 0xab, 0xdd, 0xe4, 0xff, 0xab, 0xdd, 0xe4, 0xff, 0xab, 0xdd, 0xe4, 0xff, 
0xab, 0xdd, 0xe4, 0xff, 0xab, 0xdd, 0xe4, 0xff, 0xab, 0xdd, 0xe4, 0xff, 0xab, 0xdd, 0xe4, 0xff, 
0xab, 0xdd, 0xe4, 0xff, 0xab, 0xdd, 0xe4, 0xff, 0xab, 0xdd, 0xe4, 0xff, 0xab, 0xdd, 0xe4, 0xff, 
0xab, 0xdd, 0xe4, 0xff, 0xab, 0xdd, 0xe4, 0xff, 0xaa, 0xdc, 0xe4, 0xff, 0xaa, 0xdc, 0xe4, 0xff, 
0xaa, 0xdc, 0xe4, 0xff, 0xaa, 0xdc, 0xe5, 0xff, 0xaa, 0xdc, 0xe5, 0xff, 0xaa, 0xdc, 0xe4, 0xff, 
0xaa, 0xdc, 0xe4, 0xff, 0xaa, 0xdc, 0xe3, 0xff, 0xaa, 0xdc, 0xe3, 0xff, 0xaa, 0xdc, 0xe3, 0xff, 
0xa9, 0xdd, 0xe3, 0xff, 0xa8, 0xdd, 0xe3, 0xff, 0xa8, 0xdd, 0xe3, 0xff, 0xa8, 0xdd, 0xe3, 0xff, 
0xa8, 0xdd, 0xe3, 0xff, 0xaa, 0xdc, 0xe3, 0xff, 0xaa, 0xdc, 0xe5, 0xff, 0xaa, 0xdc, 0xe5, 0xff, 
0xaa, 0xdc, 0xe4, 0xff, 0xa9, 0xdc, 0xe2, 0xff, 0xa9, 0xdc, 0xe3, 0xff, 0xa7, 0xdd, 0xe3, 0xff, 
0xa7, 0xdd, 0xe3, 0xff, 0xa8, 0xde, 0xe3, 0xff, 0xa8, 0xdd, 0xe3, 0xff, 0xa9, 0xdd, 0xe4, 0xff, 
0xaa, 0xdd, 0xe4, 0xff, 0xaa, 0xdc, 0xe5, 0xff, 0xaa, 0xdc, 0xe5, 0xff, 0xaa, 0xdc, 0xe3, 0xff, 
0xaa, 0xdc, 0xe4, 0xff, 0xaa, 0xdc, 0xe4, 0xff, 0xaa, 0xdc, 0xe5, 0xff, 0xaa, 0xdc, 0xe5, 0xff, 
0xaa, 0xdc, 0xe5, 0xff, 0xaa, 0xdc, 0xe5, 0xff, 0xaa, 0xdc, 0xe5, 0xff, 0xaa, 0xdc, 0xe5, 0xff, 
0xaa, 0xdc, 0xe4, 0xff, 0xaa, 0xdc, 0xe3, 0xff, 0xaa, 0xdc, 0xe3, 0xff, 0xaa, 0xdc, 0xe3, 0xff, 
0xaa, 0xdc, 0xe3, 0xff, 0xaa, 0xdc, 0xe3, 0xff, 0xaa, 0xdc, 0xe2, 0xff, 0xaa, 0xdb, 0xe2, 0xff, 
0xaa, 0xdc, 0xe3, 0xff, 0xaa, 0xdc, 0xe3, 0xff, 0xaa, 0xdc, 0xe3, 0xff, 0xaa, 0xdc, 0xe3, 0xff, 
0xaa, 0xdc, 0xe3, 0xff, 0xaa, 0xdc, 0xe3, 0xff, 0xaa, 0xdc, 0xe3, 0xff, 0xaa, 0xdc, 0xe3, 0xff, 
0xaa, 0xdc, 0xe3, 0xff, 0xaa, 0xdc, 0xe3, 0xff, 0xaa, 0xdc, 0xe3, 0xff, 0xaa, 0xdc, 0xe3, 0xff, 
0xaa, 0xdc, 0xe3, 0xff, 0xaa, 0xdc, 0xe2, 0xff, 0xaa, 0xdc, 0xe3, 0xff, 0xaa, 0xdc, 0xe3, 0xff, 
0xaa, 0xdb, 0xe2, 0xff, 0xaa, 0xdc, 0xe2, 0xff, 0xaa, 0xdc, 0xe3, 0xff, 0xaa, 0xdc, 0xe3, 0xff, 
0xaa, 0xdc, 0xe3, 0xff, 0xaa, 0xdc, 0xe3, 0xff, 0xaa, 0xdc, 0xe4, 0xff, 0xa9, 0xdb, 0xe4, 0xff, 
0xa9, 0xdb, 0xe4, 0xff, 0xaa, 0xdc, 0xe5, 0xff, 0xaa, 0xdc, 0xe5, 0xff, 0xaa, 0xdc, 0xe5, 0xff, 
0xaa, 0xdc, 0xe5, 0xff, 0xaa, 0xdc, 0xe5, 0xff, 0xaa, 0xdc, 0xe4, 0xff, 0xab, 0xdc, 0xe4, 0xff, 
0xaa, 0xdc, 0xe3, 0xff, 0xaa, 0xdc, 0xe5, 0xff, 0xaa, 0xdc, 0xe5, 0xff, 0xaa, 0xdc, 0xe5, 0xff, 
0xaa, 0xdd, 0xe4, 0xff, 0xa8, 0xdd, 0xe3, 0xff, 0xa7, 0xde, 0xe3, 0xff, 0xa7, 0xdd, 0xe3, 0xff, 
0xa7, 0xdd, 0xe3, 0xff, 0xa9, 0xdc, 0xe3, 0xff, 0xa9, 0xdc, 0xe3, 0xff, 0xaa, 0xdc, 0xe3, 0xff, 
0xaa, 0xdc, 0xe5, 0xff, 0xaa, 0xdc, 0xe5, 0xff, 0xa9, 0xdd, 0xe4, 0xff, 0xa8, 0xdd, 0xe3, 0xff, 
0xa8, 0xdd, 0xe3, 0xff, 0xa8, 0xdd, 0xe3, 0xff, 0xa8, 0xdd, 0xe3, 0xff, 0xa9, 0xdd, 0xe3, 0xff, 
0xaa, 0xdc, 0xe3, 0xff, 0xaa, 0xdc, 0xe3, 0xff, 0xaa, 0xdc, 0xe3, 0xff, 0xaa, 0xdc, 0xe4, 0xff, 
0xaa, 0xdc, 0xe5, 0xff, 0xaa, 0xdc, 0xe5, 0xff, 0xaa, 0xdc, 0xe5, 0xff, 0xaa, 0xdc, 0xe4, 0xff, 
0xaa, 0xdc, 0xe4, 0xff, 0xab, 0xdd, 0xe4, 0xff, 0xab, 0xdd, 0xe4, 0xff, 0xab, 0xdd, 0xe4, 0xff, 
0xab, 0xdd, 0xe4, 0xff, 0xab, 0xdd, 0xe4, 0xff, 0xab, 0xdd, 0xe4, 0xff, 0xab, 0xdd, 0xe4, 0xff, 
0xab, 0xdd, 0xe4, 0xff, 0xab, 0xdd, 0xe4, 0xff, 0xab, 0xdd, 0xe4, 0xff, 0xab, 0xdd, 0xe4, 0xff, 
0xab, 0xdd, 0xe4, 0xff, 0xab, 0xdd, 0xe4, 0xff, 0xab, 0xdd, 0xe4, 0xff, 0xab, 0xdd, 0xe4, 0xff, 
0xab, 0xdd, 0xe4, 0xff, 0xab, 0xdd, 0xe4, 0xff, 0xab, 0xdd, 0xe4, 0xff, 0xab, 0xdd, 0xe4, 0xff, 
0xab, 0xdd, 0xe4, 0xff, 0xab, 0xdd, 0xe4, 0xff, 0xab, 0xdd, 0xe4, 0xff, 0xab, 0xdd, 0xe4, 0xff, 
0xab, 0xdd, 0xe4, 0xff, 0xab, 0xdd, 0xe4, 0xff, 0xab, 0xdd, 0xe4, 0xff, 0xaa, 0xdc, 0xe4, 0xff, 
0xaa, 0xdc, 0xe5, 0xff, 0xaa, 0xdc, 0xe5, 0xff, 0xa9, 0xdd, 0xe4, 0xff, 0xa8, 0xdd, 0xe3, 0xff, 
0xa8, 0xdd, 0xe3, 0xff, 0xa8, 0xdd, 0xe3, 0xff, 0xa8, 0xdd, 0xe3, 0xff, 0xa8, 0xdd, 0xe3, 0xff, 
0xa8, 0xdd, 0xe3, 0xff, 0xa9, 0xdd, 0xe4, 0xff, 0xab, 0xdc, 0xe6, 0xff, 0xab, 0xdd, 0xe4, 0xff, 
0xaa, 0xdd, 0xe3, 0xff, 0xa8, 0xdd, 0xe3, 0xff, 0xa8, 0xdd, 0xe3, 0xff, 0xa8, 0xdd, 0xe3, 0xff, 
0xa9, 0xdd, 0xe4, 0xff, 0xa9, 0xdc, 0xe4, 0xff, 0xaa, 0xdc, 0xe4, 0xff, 0xaa, 0xdc, 0xe4, 0xff, 
0xab, 0xdc, 0xe5, 0xff, 0xaa, 0xdc, 0xe5, 0xff, 0xaa, 0xdc, 0xe4, 0xff, 0xa9, 0xdd, 0xe5, 0xff, 
0xa9, 0xdc, 0xe5, 0xff, 0xa9, 0xdc, 0xe5, 0xff, 0xaa, 0xdc, 0xe4, 0xff, 0xaa, 0xdc, 0xe4, 0xff, 
0xaa, 0xdc, 0xe4, 0xff, 0xaa, 0xdc, 0xe3, 0xff, 0xaa, 0xdc, 0xe3, 0xff, 0xaa, 0xdc, 0xe3, 0xff, 
0xaa, 0xdc, 0xe2, 0xff, 0xaa, 0xdc, 0xe3, 0xff, 0xaa, 0xdc, 0xe3, 0xff, 0xaa, 0xdc, 0xe4, 0xff, 
0xab, 0xdc, 0xe3, 0xff, 0xaa, 0xdc, 0xe3, 0xff, 0xab, 0xdc, 0xe3, 0xff, 0xab, 0xdc, 0xe3, 0xff, 
0xaa, 0xdc, 0xe3, 0xff, 0xaa, 0xdc, 0xe3, 0xff, 0xab, 0xdc, 0xe3, 0xff, 0xaa, 0xdc, 0xe3, 0xff, 
0xaa, 0xdc, 0xe3, 0xff, 0xaa, 0xdc, 0xe3, 0xff, 0xaa, 0xdc, 0xe3, 0xff, 0xaa, 0xdc, 0xe3, 0xff, 
0xaa, 0xdc, 0xe3, 0xff, 0xaa, 0xdc, 0xe3, 0xff, 0xaa, 0xdc, 0xe3, 0xff, 0xaa, 0xdc, 0xe3, 0xff, 
0xaa, 0xdc, 0xe3, 0xff, 0xaa, 0xdc, 0xe3, 0xff, 0xaa, 0xdc, 0xe3, 0xff, 0xaa, 0xdc, 0xe3, 0xff, 
0xab, 0xdc, 0xe3, 0xff, 0xab, 0xdc, 0xe3, 0xff, 0xaa, 0xdc, 0xe3, 0xff, 0xab, 0xdc, 0xe3, 0xff, 
0xab, 0xdc, 0xe4, 0xff, 0xaa, 0xdc, 0xe3, 0xff, 0xaa, 0xdc, 0xe3, 0xff, 0xaa, 0xdc, 0xe3, 0xff, 
0xaa, 0xdc, 0xe3, 0xff, 0xaa, 0xdc, 0xe3, 0xff, 0xaa, 0xdc, 0xe3, 0xff, 0xaa, 0xdc, 0xe4, 0xff, 
0xaa, 0xdc, 0xe4, 0xff, 0xaa, 0xdc, 0xe4, 0xff, 0xa9, 0xdc, 0xe4, 0xff, 0xa9, 0xdc, 0xe5, 0xff, 
0xaa, 0xdd, 0xe5, 0xff, 0xaa, 0xdc, 0xe4, 0xff, 0xaa, 0xdc, 0xe5, 0xff, 0xab, 0xdc, 0xe5, 0xff, 
0xaa, 0xdc, 0xe4, 0xff, 0xaa, 0xdc, 0xe4, 0xff, 0xaa, 0xdc, 0xe4, 0xff, 0xa9, 0xdd, 0xe4, 0xff, 
0xa8, 0xdd, 0xe3, 0xff, 0xa8, 0xdd, 0xe3, 0xff, 0xa8, 0xdd, 0xe3, 0xff, 0xaa, 0xdd, 0xe3, 0xff, 
0xab, 0xdd, 0xe4, 0xff, 0xab, 0xdc, 0xe6, 0xff, 0xa9, 0xdd, 0xe4, 0xff, 0xa8, 0xdd, 0xe3, 0xff, 
0xa8, 0xdd, 0xe3, 0xff, 0xa8, 0xdd, 0xe3, 0xff, 0xa8, 0xdd, 0xe3, 0xff, 0xa8, 0xdd, 0xe3, 0xff, 
0xa8, 0xdd, 0xe3, 0xff, 0xa9, 0xdd, 0xe4, 0xff, 0xa9, 0xdc, 0xe5, 0xff, 0xaa, 0xdc, 0xe5, 0xff, 
0xaa, 0xdc, 0xe4, 0xff, 0xab, 0xdd, 0xe4, 0xff, 0xab, 0xdd, 0xe4, 0xff, 0xab, 0xdd, 0xe4, 0xff, 
0xab, 0xdd, 0xe4, 0xff, 0xab, 0xdd, 0xe4, 0xff, 0xab, 0xdd, 0xe4, 0xff, 0xab, 0xdd, 0xe4, 0xff, 
0xab, 0xdd, 0xe4, 0xff, 0xab, 0xdd, 0xe4, 0xff, 0xab, 0xdd, 0xe4, 0xff, 0xab, 0xdd, 0xe4, 0xff, 
0xab, 0xdd, 0xe4, 0xff, 0xab, 0xdd, 0xe4, 0xff, 0xab, 0xdd, 0xe4, 0xff, 0xab, 0xdd, 0xe4, 0xff, 
0xab, 0xdd, 0xe4, 0xff, 0xab, 0xdd, 0xe4, 0xff, 0xab, 0xdd, 0xe4, 0xff, 0xab, 0xdd, 0xe4, 0xff, 
0xab, 0xdd, 0xe4, 0xff, 0xab, 0xdd, 0xe4, 0xff, 0xab, 0xdd, 0xe4, 0xff, 0xab, 0xdd, 0xe4, 0xff, 
0xab, 0xdd, 0xe4, 0xff, 0xab, 0xdd, 0xe4, 0xff, 0xab, 0xdd, 0xe4, 0xff, 0xab, 0xdd, 0xe4, 0xff, 
0xab, 0xdd, 0xe4, 0xff, 0xab, 0xdd, 0xe4, 0xff, 0xab, 0xdd, 0xe4, 0xff, 0xaa, 0xdc, 0xe4, 0xff, 
0xaa, 0xdc, 0xe5, 0xff, 0xa9, 0xdc, 0xe5, 0xff, 0xa9, 0xdd, 0xe4, 0xff, 0xa8, 0xdd, 0xe3, 0xff, 
0xa8, 0xdd, 0xe3, 0xff, 0xa8, 0xdd, 0xe3, 0xff, 0xa8, 0xdd, 0xe3, 0xff, 0xa8, 0xdd, 0xe3, 0xff, 
0xa8, 0xdd, 0xe3, 0xff, 0xa9, 0xdd, 0xe4, 0xff, 0xab, 0xdc, 0xe6, 0xff, 0xab, 0xdd, 0xe4, 0xff, 
0xaa, 0xdd, 0xe3, 0xff, 0xa8, 0xdd, 0xe3, 0xff, 0xa8, 0xdd, 0xe3, 0xff, 0xa8, 0xdd, 0xe3, 0xff, 
0xa9, 0xdd, 0xe4, 0xff, 0xaa, 0xdc, 0xe4, 0xff, 0xaa, 0xdc, 0xe4, 0xff, 0xaa, 0xdc, 0xe4, 0xff, 
0xab, 0xdc, 0xe5, 0xff, 0xaa, 0xdc, 0xe5, 0xff, 0xaa, 0xdc, 0xe4, 0xff, 0xaa, 0xdd, 0xe5, 0xff, 
0xa9, 0xdc, 0xe5, 0xff, 0xa9, 0xdc, 0xe4, 0xff, 0xaa, 0xdc, 0xe4, 0xff, 0xaa, 0xdc, 0xe4, 0xff, 
0xaa, 0xdc, 0xe4, 0xff, 0xaa, 0xdc, 0xe3, 0xff, 0xaa, 0xdc, 0xe3, 0xff, 0xaa, 0xdc, 0xe3, 0xff, 
0xaa, 0xdc, 0xe3, 0xff, 0xaa, 0xdc, 0xe3, 0xff, 0xaa, 0xdc, 0xe3, 0xff, 0xab, 0xdc, 0xe4, 0xff, 
0xab, 0xdc, 0xe3, 0xff, 0xaa, 0xdc, 0xe3, 0xff, 0xab, 0xdc, 0xe3, 0xff, 0xab, 0xdc, 0xe3, 0xff, 
0xaa, 0xdc, 0xe3, 0xff, 0xaa, 0xdc, 0xe3, 0xff, 0xaa, 0xdc, 0xe3, 0xff, 0xaa, 0xdc, 0xe3, 0xff, 
0xaa, 0xdc, 0xe3, 0xff, 0xaa, 0xdc, 0xe3, 0xff, 0xaa, 0xdc, 0xe3, 0xff, 0xaa, 0xdc, 0xe3, 0xff, 
0xaa, 0xdc, 0xe3, 0xff, 0xaa, 0xdc, 0xe3, 0xff, 0xaa, 0xdc, 0xe3, 0xff, 0xaa, 0xdc, 0xe3, 0xff, 
0xaa, 0xdc, 0xe3, 0xff, 0xab, 0xdc, 0xe3, 0xff, 0xaa, 0xdc, 0xe3, 0xff, 0xaa, 0xdc, 0xe3, 0xff, 
0xab, 0xdc, 0xe3, 0xff, 0xab, 0xdc, 0xe3, 0xff, 0xaa, 0xdc, 0xe3, 0xff, 0xab, 0xdc, 0xe3, 0xff, 
0xaa, 0xdc, 0xe4, 0xff, 0xaa, 0xdc, 0xe3, 0xff, 0xaa, 0xdc, 0xe3, 0xff, 0xaa, 0xdc, 0xe2, 0xff, 
0xaa, 0xdc, 0xe3, 0xff, 0xaa, 0xdc, 0xe3, 0xff, 0xaa, 0xdc, 0xe3, 0xff, 0xaa, 0xdc, 0xe4, 0xff, 
0xaa, 0xdc, 0xe4, 0xff, 0xaa, 0xdc, 0xe4, 0xff, 0xa9, 0xdc, 0xe5, 0xff, 0xa9, 0xdc, 0xe5, 0xff, 
0xa9, 0xdd, 0xe5, 0xff, 0xaa, 0xdc, 0xe4, 0xff, 0xaa, 0xdc, 0xe5, 0xff, 0xab, 0xdc, 0xe5, 0xff, 
0xaa, 0xdc, 0xe4, 0xff, 0xaa, 0xdc, 0xe4, 0xff, 0xa9, 0xdc, 0xe4, 0xff, 0xa9, 0xdd, 0xe4, 0xff, 
0xa8, 0xdd, 0xe3, 0xff, 0xa8, 0xdd, 0xe3, 0xff, 0xa8, 0xdd, 0xe3, 0xff, 0xaa, 0xdd, 0xe3, 0xff, 
0xab, 0xdd, 0xe4, 0xff, 0xab, 0xdc, 0xe6, 0xff, 0xa9, 0xdd, 0xe4, 0xff, 0xa8, 0xdd, 0xe3, 0xff, 
0xa8, 0xdd, 0xe3, 0xff, 0xa8, 0xdd, 0xe3, 0xff, 0xa8, 0xdd, 0xe3, 0xff, 0xa8, 0xdd, 0xe3, 0xff, 
0xa8, 0xdd, 0xe3, 0xff, 0xa9, 0xdd, 0xe4, 0xff, 0xaa, 0xdc, 0xe5, 0xff, 0xaa, 0xdc, 0xe5, 0xff, 
0xaa, 0xdc, 0xe4, 0xff, 0xab, 0xdd, 0xe4, 0xff, 0xab, 0xdd, 0xe4, 0xff, 0xab, 0xdd, 0xe4, 0xff, 
0xab, 0xdd, 0xe4, 0xff, 0xab, 0xdd, 0xe4, 0xff, 0xab, 0xdd, 0xe4, 0xff, 0xab, 0xdd, 0xe4, 0xff, 
0xab, 0xdd, 0xe4, 0xff, 0xab, 0xdd, 0xe4, 0xff, 0xab, 0xdd, 0xe4, 0xff, 0xab, 0xdd, 0xe4, 0xff, 
0xab, 0xdd, 0xe4, 0xff, 0xab, 0xdd, 0xe4, 0xff, 0xab, 0xdd, 0xe4, 0xff, 0xab, 0xdd, 0xe4, 0xff, 
0xab, 0xdd, 0xe5, 0xff, 0xab, 0xdd, 0xe5, 0xff, 0xab, 0xdd, 0xe5, 0xff, 0xab, 0xdd, 0xe5, 0xff, 
0xab, 0xdd, 0xe5, 0xff, 0xab, 0xdd, 0xe5, 0xff, 0xab, 0xdd, 0xe4, 0xff, 0xab, 0xdd, 0xe4, 0xff, 
0xab, 0xdd, 0xe4, 0xff, 0xab, 0xdd, 0xe4, 0xff, 0xab, 0xdd, 0xe4, 0xff, 0xab, 0xdd, 0xe4, 0xff, 
0xab, 0xdd, 0xe4, 0xff, 0xab, 0xdd, 0xe4, 0xff, 0xab, 0xdd, 0xe4, 0xff, 0xab, 0xdd, 0xe4, 0xff, 
0xaa, 0xdd, 0xe4, 0xff, 0xaa, 0xdd, 0xe6, 0xff, 0xa8, 0xdd, 0xe6, 0xff, 0xa7, 0xdd, 0xe3, 0xff, 
0xa8, 0xdd, 0xe3, 0xff, 0xa8, 0xdd, 0xe3, 0xff, 0xa8, 0xdd, 0xe3, 0xff, 0xa8, 0xde, 0xe4, 0xff, 
0xa8, 0xde, 0xe3, 0xff, 0xaa, 0xdd, 0xe5, 0xff, 0xab, 0xdd, 0xe6, 0xff, 0xab, 0xdd, 0xe3, 0xff, 
0xa9, 0xdd, 0xe3, 0xff, 0xa9, 0xdd, 0xe4, 0xff, 0xaa, 0xdd, 0xe5, 0xff, 0xaa, 0xdd, 0xe5, 0xff, 
0xab, 0xdc, 0xe6, 0xff, 0xaa, 0xdc, 0xe5, 0xff, 0xaa, 0xdc, 0xe5, 0xff, 0xaa, 0xdd, 0xe5, 0xff, 
0xa9, 0xdc, 0xe5, 0xff, 0xaa, 0xdc, 0xe5, 0xff, 0xa9, 0xdc, 0xe5, 0xff, 0xaa, 0xdd, 0xe4, 0xff, 
0xaa, 0xdc, 0xe3, 0xff, 0xaa, 0xdc, 0xe4, 0xff, 0xab, 0xdc, 0xe3, 0xff, 0xaa, 0xdc, 0xe3, 0xff, 
0xab, 0xdd, 0xe3, 0xff, 0xab, 0xdd, 0xe3, 0xff, 0xaa, 0xdc, 0xe3, 0xff, 0xab, 0xdd, 0xe4, 0xff, 
0xab, 0xdd, 0xe4, 0xff, 0xaa, 0xdc, 0xe3, 0xff, 0xab, 0xdd, 0xe4, 0xff, 0xaa, 0xdc, 0xe3, 0xff, 
0xaa, 0xdc, 0xe3, 0xff, 0xa9, 0xdc, 0xe3, 0xff, 0xaa, 0xdd, 0xe3, 0xff, 0xaa, 0xdd, 0xe3, 0xff, 
0xaa, 0xdd, 0xe4, 0xff, 0xaa, 0xdd, 0xe3, 0xff, 0xaa, 0xdd, 0xe3, 0xff, 0xa9, 0xdd, 0xe3, 0xff, 
0xa9, 0xdd, 0xe3, 0xff, 0xaa, 0xdd, 0xe3, 0xff, 0xaa, 0xdd, 0xe3, 0xff, 0xaa, 0xdd, 0xe3, 0xff, 
0xaa, 0xdd, 0xe3, 0xff, 0xaa, 0xdd, 0xe3, 0xff, 0xaa, 0xdd, 0xe3, 0xff, 0xa9, 0xdd, 0xe3, 0xff, 
0xa9, 0xdd, 0xe3, 0xff, 0xaa, 0xdd, 0xe3, 0xff, 0xaa, 0xdd, 0xe3, 0xff, 0xaa, 0xdd, 0xe3, 0xff, 
0xaa, 0xdd, 0xe3, 0xff, 0xaa, 0xdd, 0xe3, 0xff, 0xaa, 0xdc, 0xe3, 0xff, 0xaa, 0xdc, 0xe3, 0xff, 
0xaa, 0xdd, 0xe4, 0xff, 0xab, 0xdd, 0xe4, 0xff, 0xaa, 0xdc, 0xe3, 0xff, 0xab, 0xdd, 0xe4, 0xff, 
0xab, 0xdd, 0xe4, 0xff, 0xaa, 0xdc, 0xe3, 0xff, 0xab, 0xdd, 0xe3, 0xff, 0xab, 0xdd, 0xe3, 0xff, 
0xaa, 0xdc, 0xe3, 0xff, 0xaa, 0xdc, 0xe3, 0xff, 0xaa, 0xdc, 0xe3, 0xff, 0xaa, 0xdd, 0xe4, 0xff, 
0xaa, 0xdc, 0xe4, 0xff, 0xa9, 0xdc, 0xe5, 0xff, 0xa9, 0xdd, 0xe5, 0xff, 0xa9, 0xdd, 0xe5, 0xff, 
0xaa, 0xdd, 0xe5, 0xff, 0xaa, 0xdc, 0xe5, 0xff, 0xaa, 0xdc, 0xe5, 0xff, 0xab, 0xdc, 0xe5, 0xff, 
0xab, 0xdd, 0xe5, 0xff, 0xaa, 0xdd, 0xe5, 0xff, 0xa8, 0xdd, 0xe4, 0xff, 0xa9, 0xdd, 0xe3, 0xff, 
0xab, 0xdd, 0xe4, 0xff, 0xab, 0xdd, 0xe6, 0xff, 0xaa, 0xdd, 0xe5, 0xff, 0xa8, 0xde, 0xe4, 0xff, 
0xa8, 0xde, 0xe4, 0xff, 0xa8, 0xdd, 0xe3, 0xff, 0xa8, 0xdd, 0xe3, 0xff, 0xa8, 0xdd, 0xe3, 0xff, 
0xa7, 0xdd, 0xe3, 0xff, 0xa8, 0xdd, 0xe6, 0xff, 0xaa, 0xdd, 0xe6, 0xff, 0xaa, 0xdd, 0xe4, 0xff, 
0xab, 0xdc, 0xe3, 0xff, 0xab, 0xdd, 0xe4, 0xff, 0xab, 0xdd, 0xe4, 0xff, 0xab, 0xdd, 0xe4, 0xff, 
0xab, 0xdd, 0xe4, 0xff, 0xab, 0xdd, 0xe4, 0xff, 0xab, 0xdd, 0xe4, 0xff, 0xab, 0xdd, 0xe4, 0xff, 
0xab, 0xdd, 0xe4, 0xff, 0xab, 0xdd, 0xe4, 0xff, 0xab, 0xdd, 0xe4, 0xff, 0xab, 0xdd, 0xe5, 0xff, 
0xab, 0xdd, 0xe5, 0xff, 0xab, 0xdd, 0xe5, 0xff, 0xab, 0xdd, 0xe5, 0xff, 0xab, 0xdd, 0xe5, 0xff, 
0xab, 0xdd, 0xe5, 0xff, 0xab, 0xdd, 0xe5, 0xff, 0xab, 0xdd, 0xe5, 0xff, 0xab, 0xdd, 0xe5, 0xff, 
0xab, 0xdd, 0xe5, 0xff, 0xab, 0xdd, 0xe4, 0xff, 0xab, 0xdd, 0xe4, 0xff, 0xab, 0xdd, 0xe4, 0xff, 
0xab, 0xdd, 0xe4, 0xff, 0xab, 0xdd, 0xe4, 0xff, 0xab, 0xdd, 0xe4, 0xff, 0xab, 0xdd, 0xe4, 0xff, 
0xab, 0xdd, 0xe4, 0xff, 0xab, 0xdd, 0xe4, 0xff, 0xab, 0xdd, 0xe4, 0xff, 0xab, 0xdc, 0xe3, 0xff, 
0xaa, 0xdd, 0xe4, 0xff, 0xaa, 0xdd, 0xe6, 0xff, 0xa8, 0xdd, 0xe6, 0xff, 0xa7, 0xdd, 0xe3, 0xff, 
0xa8, 0xdd, 0xe3, 0xff, 0xa8, 0xdd, 0xe3, 0xff, 0xa8, 0xdd, 0xe3, 0xff, 0xa8, 0xde, 0xe4, 0xff, 
0xa8, 0xde, 0xe4, 0xff, 0xaa, 0xdd, 0xe5, 0xff, 0xab, 0xdd, 0xe6, 0xff, 0xab, 0xdd, 0xe4, 0xff, 
0xa9, 0xdd, 0xe3, 0xff, 0xa8, 0xdd, 0xe4, 0xff, 0xaa, 0xdd, 0xe5, 0xff, 0xab, 0xdd, 0xe5, 0xff, 
0xab, 0xdc, 0xe5, 0xff, 0xaa, 0xdc, 0xe5, 0xff, 0xaa, 0xdc, 0xe5, 0xff, 0xaa, 0xdd, 0xe5, 0xff, 
0xa9, 0xdd, 0xe5, 0xff, 0xa9, 0xdd, 0xe5, 0xff, 0xa9, 0xdc, 0xe5, 0xff, 0xaa, 0xdc, 0xe4, 0xff, 
0xaa, 0xdd, 0xe4, 0xff, 0xaa, 0xdc, 0xe3, 0xff, 0xaa, 0xdc, 0xe3, 0xff, 0xaa, 0xdc, 0xe3, 0xff, 
0xab, 0xdd, 0xe3, 0xff, 0xab, 0xdd, 0xe3, 0xff, 0xaa, 0xdc, 0xe3, 0xff, 0xab, 0xdd, 0xe4, 0xff, 
0xab, 0xdd, 0xe4, 0xff, 0xaa, 0xdc, 0xe3, 0xff, 0xab, 0xdd, 0xe4, 0xff, 0xaa, 0xdd, 0xe4, 0xff, 
0xaa, 0xdc, 0xe3, 0xff, 0xaa, 0xdc, 0xe3, 0xff, 0xaa, 0xdd, 0xe3, 0xff, 0xaa, 0xdd, 0xe3, 0xff, 
0xaa, 0xdd, 0xe3, 0xff, 0xaa, 0xdd, 0xe3, 0xff, 0xaa, 0xdd, 0xe3, 0xff, 0xa9, 0xdd, 0xe3, 0xff, 
0xa9, 0xdd, 0xe3, 0xff, 0xaa, 0xdd, 0xe3, 0xff, 0xaa, 0xdd, 0xe3, 0xff, 0xaa, 0xdd, 0xe3, 0xff, 
0xaa, 0xdd, 0xe3, 0xff, 0xaa, 0xdd, 0xe3, 0xff, 0xaa, 0xdd, 0xe3, 0xff, 0xa9, 0xdd, 0xe3, 0xff, 
0xa9, 0xdd, 0xe3, 0xff, 0xaa, 0xdd, 0xe3, 0xff, 0xaa, 0xdd, 0xe3, 0xff, 0xaa, 0xdd, 0xe4, 0xff, 
0xaa, 0xdd, 0xe3, 0xff, 0xaa, 0xdd, 0xe3, 0xff, 0xa9, 0xdc, 0xe3, 0xff, 0xaa, 0xdc, 0xe3, 0xff, 
0xaa, 0xdc, 0xe3, 0xff, 0xab, 0xdd, 0xe4, 0xff, 0xaa, 0xdc, 0xe3, 0xff, 0xab, 0xdd, 0xe4, 0xff, 
0xab, 0xdd, 0xe4, 0xff, 0xaa, 0xdc, 0xe3, 0xff, 0xab, 0xdd, 0xe3, 0xff, 0xab, 0xdd, 0xe3, 0xff, 
0xaa, 0xdc, 0xe3, 0xff, 0xab, 0xdc, 0xe3, 0xff, 0xaa, 0xdc, 0xe4, 0xff, 0xaa, 0xdc, 0xe3, 0xff, 
0xaa, 0xdd, 0xe4, 0xff, 0xa9, 0xdc, 0xe5, 0xff, 0xaa, 0xdc, 0xe5, 0xff, 0xa9, 0xdc, 0xe5, 0xff, 
0xaa, 0xdd, 0xe5, 0xff, 0xaa, 0xdc, 0xe5, 0xff, 0xaa, 0xdc, 0xe5, 0xff, 0xab, 0xdc, 0xe6, 0xff, 
0xaa, 0xdd, 0xe5, 0xff, 0xaa, 0xdd, 0xe5, 0xff, 0xa9, 0xdd, 0xe4, 0xff, 0xa9, 0xdd, 0xe3, 0xff, 
0xab, 0xdd, 0xe3, 0xff, 0xac, 0xdd, 0xe6, 0xff, 0xaa, 0xdd, 0xe5, 0xff, 0xa8, 0xde, 0xe3, 0xff, 
0xa8, 0xde, 0xe4, 0xff, 0xa8, 0xdd, 0xe3, 0xff, 0xa8, 0xdd, 0xe3, 0xff, 0xa8, 0xdd, 0xe3, 0xff, 
0xa7, 0xdd, 0xe3, 0xff, 0xa8, 0xdd, 0xe6, 0xff, 0xaa, 0xdd, 0xe6, 0xff, 0xaa, 0xdd, 0xe4, 0xff, 
0xab, 0xdd, 0xe4, 0xff, 0xab, 0xdd, 0xe4, 0xff, 0xab, 0xdd, 0xe4, 0xff, 0xab, 0xdd, 0xe4, 0xff, 
0xab, 0xdd, 0xe4, 0xff, 0xab, 0xdd, 0xe4, 0xff, 0xab, 0xdd, 0xe4, 0xff, 0xab, 0xdd, 0xe4, 0xff, 
0xab, 0xdd, 0xe4, 0xff, 0xab, 0xdd, 0xe4, 0xff, 0xab, 0xdd, 0xe5, 0xff, 0xab, 0xdd, 0xe5, 0xff, 
0xab, 0xdd, 0xe5, 0xff, 0xab, 0xdd, 0xe5, 0xff, 0xab, 0xdd, 0xe5, 0xff, 0xab, 0xdd, 0xe5, 0xff, 
0xaa, 0xde, 0xe5, 0xff, 0xaa, 0xde, 0xe5, 0xff, 0xab, 0xde, 0xe5, 0xff, 0xab, 0xdd, 0xe5, 0xff, 
0xab, 0xdd, 0xe5, 0xff, 0xab, 0xdd, 0xe5, 0xff, 0xab, 0xdd, 0xe5, 0xff, 0xab, 0xdd, 0xe6, 0xff, 
0xab, 0xdd, 0xe5, 0xff, 0xab, 0xdd, 0xe5, 0xff, 0xab, 0xdd, 0xe4, 0xff, 0xab, 0xdd, 0xe4, 0xff, 
0xab, 0xdd, 0xe4, 0xff, 0xab, 0xdd, 0xe4, 0xff, 0xab, 0xdd, 0xe4, 0xff, 0xaa, 0xde, 0xe4, 0xff, 
0xa9, 0xde, 0xe4, 0xff, 0xab, 0xdd, 0xe4, 0xff, 0xab, 0xdd, 0xe6, 0xff, 0xaa, 0xdd, 0xe5, 0xff, 
0xaa, 0xdc, 0xe3, 0xff, 0xaa, 0xdc, 0xe4, 0xff, 0xaa, 0xdd, 0xe4, 0xff, 0xa9, 0xde, 0xe4, 0xff, 
0xa9, 0xde, 0xe4, 0xff, 0xab, 0xdd, 0xe6, 0xff, 0xab, 0xdd, 0xe4, 0xff, 0xab, 0xdd, 0xe4, 0xff, 
0xaa, 0xdd, 0xe5, 0xff, 0xab, 0xdd, 0xe6, 0xff, 0xab, 0xdd, 0xe6, 0xff, 0xab, 0xdc, 0xe5, 0xff, 
0xaa, 0xdc, 0xe5, 0xff, 0xab, 0xdd, 0xe6, 0xff, 0xab, 0xdd, 0xe6, 0xff, 0xaa, 0xdd, 0xe5, 0xff, 
0xaa, 0xdd, 0xe4, 0xff, 0xaa, 0xdc, 0xe4, 0xff, 0xab, 0xdc, 0xe3, 0xff, 0xab, 0xdd, 0xe3, 0xff, 
0xab, 0xdd, 0xe4, 0xff, 0xab, 0xdd, 0xe4, 0xff, 0xaa, 0xdd, 0xe4, 0xff, 0xab, 0xdd, 0xe4, 0xff, 
0xab, 0xdd, 0xe4, 0xff, 0xab, 0xdd, 0xe4, 0xff, 0xab, 0xdd, 0xe4, 0xff, 0xab, 0xdd, 0xe4, 0xff, 
0xab, 0xdd, 0xe4, 0xff, 0xab, 0xdc, 0xe3, 0xff, 0xab, 0xdd, 0xe4, 0xff, 0xaa, 0xdd, 0xe4, 0xff, 
0xa9, 0xdd, 0xe3, 0xff, 0xa9, 0xdd, 0xe3, 0xff, 0xaa, 0xdd, 0xe3, 0xff, 0xaa, 0xdd, 0xe3, 0xff, 
0xaa, 0xdd, 0xe4, 0xff, 0xaa, 0xdd, 0xe4, 0xff, 0xaa, 0xdd, 0xe4, 0xff, 0xaa, 0xdd, 0xe4, 0xff, 
0xaa, 0xdd, 0xe4, 0xff, 0xab, 0xdd, 0xe4, 0xff, 0xab, 0xdd, 0xe4, 0xff, 0xaa, 0xde, 0xe4, 0xff, 
0xaa, 0xde, 0xe4, 0xff, 0xab, 0xdd, 0xe4, 0xff, 0xab, 0xdd, 0xe4, 0xff, 0xaa, 0xdd, 0xe4, 0xff, 
0xaa, 0xdd, 0xe4, 0xff, 0xaa, 0xdd, 0xe4, 0xff, 0xaa, 0xdd, 0xe4, 0xff, 0xa9, 0xdd, 0xe3, 0xff, 
0xaa, 0xdd, 0xe3, 0xff, 0xaa, 0xdd, 0xe3, 0xff, 0xa9, 0xdd, 0xe3, 0xff, 0xaa, 0xdd, 0xe4, 0xff, 
0xaa, 0xdd, 0xe4, 0xff, 0xab, 0xdd, 0xe4, 0xff, 0xab, 0xdc, 0xe4, 0xff, 0xab, 0xdd, 0xe4, 0xff, 
0xab, 0xdd, 0xe4, 0xff, 0xab, 0xdd, 0xe4, 0xff, 0xab, 0xdd, 0xe4, 0xff, 0xab, 0xdd, 0xe4, 0xff, 
0xab, 0xdd, 0xe4, 0xff, 0xab, 0xdd, 0xe4, 0xff, 0xab, 0xdd, 0xe4, 0xff, 0xab, 0xdd, 0xe4, 0xff, 
0xab, 0xdd, 0xe3, 0xff, 0xab, 0xdd, 0xe4, 0xff, 0xaa, 0xdd, 0xe4, 0xff, 0xaa, 0xdd, 0xe5, 0xff, 
0xab, 0xdd, 0xe6, 0xff, 0xab, 0xdd, 0xe6, 0xff, 0xab, 0xdd, 0xe5, 0xff, 0xaa, 0xdc, 0xe5, 0xff, 
0xaa, 0xdc, 0xe5, 0xff, 0xab, 0xdd, 0xe6, 0xff, 0xab, 0xdd, 0xe6, 0xff, 0xab, 0xdd, 0xe5, 0xff, 
0xab, 0xdd, 0xe4, 0xff, 0xab, 0xdd, 0xe4, 0xff, 0xab, 0xdd, 0xe5, 0xff, 0xa9, 0xde, 0xe4, 0xff, 
0xa9, 0xde, 0xe4, 0xff, 0xaa, 0xdd, 0xe4, 0xff, 0xaa, 0xdc, 0xe3, 0xff, 0xaa, 0xdc, 0xe3, 0xff, 
0xaa, 0xdd, 0xe6, 0xff, 0xaa, 0xdd, 0xe6, 0xff, 0xab, 0xdd, 0xe4, 0xff, 0xa9, 0xde, 0xe4, 0xff, 
0xaa, 0xdd, 0xe4, 0xff, 0xab, 0xdd, 0xe4, 0xff, 0xab, 0xdd, 0xe4, 0xff, 0xab, 0xdd, 0xe4, 0xff, 
0xab, 0xdd, 0xe4, 0xff, 0xab, 0xdd, 0xe4, 0xff, 0xab, 0xdd, 0xe5, 0xff, 0xab, 0xdd, 0xe5, 0xff, 
0xab, 0xdd, 0xe5, 0xff, 0xab, 0xdd, 0xe6, 0xff, 0xab, 0xdd, 0xe5, 0xff, 0xab, 0xdd, 0xe5, 0xff, 
0xab, 0xdd, 0xe5, 0xff, 0xab, 0xdd, 0xe5, 0xff, 0xab, 0xdd, 0xe5, 0xff, 0xaa, 0xde, 0xe5, 0xff, 
0xaa, 0xde, 0xe5, 0xff, 0xab, 0xdd, 0xe5, 0xff, 0xab, 0xdd, 0xe5, 0xff, 0xab, 0xdd, 0xe5, 0xff, 
0xab, 0xdd, 0xe5, 0xff, 0xab, 0xdd, 0xe5, 0xff, 0xab, 0xdd, 0xe6, 0xff, 0xab, 0xdd, 0xe5, 0xff, 
0xab, 0xdd, 0xe5, 0xff, 0xab, 0xdd, 0xe5, 0xff, 0xab, 0xdd, 0xe4, 0xff, 0xab, 0xdd, 0xe4, 0xff, 
0xab, 0xdd, 0xe4, 0xff, 0xab, 0xdd, 0xe4, 0xff, 0xab, 0xdd, 0xe4, 0xff, 0xaa, 0xdd, 0xe4, 0xff, 
0xa9, 0xde, 0xe4, 0xff, 0xab, 0xdd, 0xe4, 0xff, 0xaa, 0xdd, 0xe5, 0xff, 0xaa, 0xdd, 0xe6, 0xff, 
0xaa, 0xdc, 0xe3, 0xff, 0xaa, 0xdc, 0xe3, 0xff, 0xaa, 0xdd, 0xe4, 0xff, 0xa9, 0xde, 0xe4, 0xff, 
0xa9, 0xde, 0xe4, 0xff, 0xab, 0xdd, 0xe5, 0xff, 0xab, 0xdd, 0xe4, 0xff, 0xab, 0xdd, 0xe4, 0xff, 
0xab, 0xdd, 0xe5, 0xff, 0xab, 0xdd, 0xe6, 0xff, 0xab, 0xdd, 0xe6, 0xff, 0xaa, 0xdc, 0xe5, 0xff, 
0xaa, 0xdc, 0xe5, 0xff, 0xab, 0xdd, 0xe5, 0xff, 0xab, 0xdd, 0xe6, 0xff, 0xab, 0xdd, 0xe6, 0xff, 
0xaa, 0xdd, 0xe5, 0xff, 0xaa, 0xdd, 0xe4, 0xff, 0xab, 0xdd, 0xe4, 0xff, 0xab, 0xdd, 0xe3, 0xff, 
0xab, 0xdd, 0xe4, 0xff, 0xab, 0xdd, 0xe4, 0xff, 0xab, 0xdd, 0xe4, 0xff, 0xab, 0xdd, 0xe4, 0xff, 
0xab, 0xdd, 0xe4, 0xff, 0xab, 0xdd, 0xe4, 0xff, 0xab, 0xdd, 0xe4, 0xff, 0xab, 0xdd, 0xe4, 0xff, 
0xab, 0xdd, 0xe4, 0xff, 0xab, 0xdc, 0xe4, 0xff, 0xab, 0xdd, 0xe4, 0xff, 0xaa, 0xdd, 0xe4, 0xff, 
0xaa, 0xdd, 0xe4, 0xff, 0xa9, 0xdd, 0xe3, 0xff, 0xaa, 0xdd, 0xe3, 0xff, 0xaa, 0xdd, 0xe3, 0xff, 
0xa9, 0xdd, 0xe3, 0xff, 0xaa, 0xdd, 0xe4, 0xff, 0xaa, 0xdd, 0xe4, 0xff, 0xaa, 0xdd, 0xe4, 0xff, 
0xaa, 0xdd, 0xe4, 0xff, 0xab, 0xdd, 0xe4, 0xff, 0xab, 0xdd, 0xe4, 0xff, 0xaa, 0xde, 0xe4, 0xff, 
0xaa, 0xde, 0xe4, 0xff, 0xab, 0xdd, 0xe4, 0xff, 0xab, 0xdd, 0xe4, 0xff, 0xaa, 0xdd, 0xe4, 0xff, 
0xaa, 0xdd, 0xe4, 0xff, 0xaa, 0xdd, 0xe4, 0xff, 0xaa, 0xdd, 0xe4, 0xff, 0xaa, 0xdd, 0xe4, 0xff, 
0xaa, 0xdd, 0xe3, 0xff, 0xaa, 0xdd, 0xe3, 0xff, 0xa9, 0xdd, 0xe3, 0xff, 0xa9, 0xdd, 0xe3, 0xff, 
0xaa, 0xdd, 0xe4, 0xff, 0xab, 0xdd, 0xe4, 0xff, 0xab, 0xdc, 0xe3, 0xff, 0xab, 0xdd, 0xe4, 0xff, 
0xab, 0xdd, 0xe4, 0xff, 0xab, 0xdd, 0xe4, 0xff, 0xab, 0xdd, 0xe4, 0xff, 0xab, 0xdd, 0xe4, 0xff, 
0xab, 0xdd, 0xe4, 0xff, 0xaa, 0xdd, 0xe4, 0xff, 0xab, 0xdd, 0xe4, 0xff, 0xab, 0xdd, 0xe4, 0xff, 
0xab, 0xdd, 0xe3, 0xff, 0xab, 0xdc, 0xe3, 0xff, 0xaa, 0xdc, 0xe4, 0xff, 0xaa, 0xdd, 0xe4, 0xff, 
0xaa, 0xdd, 0xe5, 0xff, 0xab, 0xdd, 0xe6, 0xff, 0xab, 0xdd, 0xe6, 0xff, 0xaa, 0xdc, 0xe5, 0xff, 
0xab, 0xdc, 0xe5, 0xff, 0xab, 0xdd, 0xe6, 0xff, 0xab, 0xdd, 0xe6, 0xff, 0xaa, 0xdd, 0xe5, 0xff, 
0xab, 0xdd, 0xe5, 0xff, 0xab, 0xdd, 0xe4, 0xff, 0xab, 0xdd, 0xe6, 0xff, 0xa9, 0xde, 0xe4, 0xff, 
0xa9, 0xde, 0xe4, 0xff, 0xaa, 0xdd, 0xe4, 0xff, 0xaa, 0xdc, 0xe4, 0xff, 0xaa, 0xdc, 0xe3, 0xff, 
0xaa, 0xdd, 0xe5, 0xff, 0xab, 0xdd, 0xe6, 0xff, 0xab, 0xdd, 0xe4, 0xff, 0xa9, 0xde, 0xe4, 0xff, 
0xaa, 0xde, 0xe4, 0xff, 0xab, 0xdd, 0xe4, 0xff, 0xab, 0xdd, 0xe4, 0xff, 0xab, 0xdd, 0xe4, 0xff, 
0xab, 0xdd, 0xe4, 0xff, 0xab, 0xdd, 0xe4, 0xff, 0xab, 0xdd, 0xe5, 0xff, 0xab, 0xdd, 0xe5, 0xff, 
0xab, 0xdd, 0xe6, 0xff, 0xab, 0xdd, 0xe5, 0xff, 0xab, 0xdd, 0xe5, 0xff, 0xab, 0xdd, 0xe5, 0xff, 
0xab, 0xdd, 0xe5, 0xff, 0xab, 0xde, 0xe5, 0xff, 0xaa, 0xde, 0xe5, 0xff, 0xaa, 0xde, 0xe5, 0xff, 
0xac, 0xde, 0xe4, 0xff, 0xac, 0xde, 0xe4, 0xff, 0xac, 0xde, 0xe5, 0xff, 0xac, 0xde, 0xe5, 0xff, 
0xac, 0xde, 0xe4, 0xff, 0xac, 0xde, 0xe4, 0xff, 0xac, 0xdd, 0xe4, 0xff, 0xac, 0xdd, 0xe5, 0xff, 
0xab, 0xdd, 0xe5, 0xff, 0xac, 0xdd, 0xe5, 0xff, 0xab, 0xdd, 0xe5, 0xff, 0xab, 0xdd, 0xe6, 0xff, 
0xab, 0xdd, 0xe4, 0xff, 0xab, 0xdd, 0xe4, 0xff, 0xac, 0xdd, 0xe4, 0xff, 0xab, 0xde, 0xe4, 0xff, 
0xab, 0xdd, 0xe4, 0xff, 0xab, 0xdd, 0xe4, 0xff, 0xac, 0xdd, 0xe4, 0xff, 0xac, 0xdd, 0xe5, 0xff, 
0xac, 0xdd, 0xe5, 0xff, 0xac, 0xde, 0xe4, 0xff, 0xab, 0xdd, 0xe4, 0xff, 0xab, 0xdd, 0xe4, 0xff, 
0xab, 0xde, 0xe5, 0xff, 0xab, 0xdd, 0xe5, 0xff, 0xab, 0xdd, 0xe4, 0xff, 0xab, 0xdd, 0xe5, 0xff, 
0xab, 0xdd, 0xe7, 0xff, 0xab, 0xdd, 0xe6, 0xff, 0xab, 0xdd, 0xe6, 0xff, 0xab, 0xdd, 0xe6, 0xff, 
0xab, 0xdd, 0xe5, 0xff, 0xab, 0xdd, 0xe5, 0xff, 0xab, 0xdd, 0xe6, 0xff, 0xab, 0xdd, 0xe4, 0xff, 
0xac, 0xdd, 0xe4, 0xff, 0xab, 0xdd, 0xe4, 0xff, 0xab, 0xdd, 0xe4, 0xff, 0xab, 0xdd, 0xe5, 0xff, 
0xab, 0xdd, 0xe4, 0xff, 0xab, 0xdd, 0xe4, 0xff, 0xab, 0xdd, 0xe4, 0xff, 0xac, 0xdd, 0xe5, 0xff, 
0xab, 0xdd, 0xe4, 0xff, 0xab, 0xdd, 0xe4, 0xff, 0xac, 0xde, 0xe5, 0xff, 0xab, 0xdd, 0xe4, 0xff, 
0xac, 0xde, 0xe4, 0xff, 0xac, 0xde, 0xe5, 0xff, 0xab, 0xdd, 0xe4, 0xff, 0xac, 0xdd, 0xe4, 0xff, 
0xab, 0xdd, 0xe4, 0xff, 0xab, 0xde, 0xe4, 0xff, 0xac, 0xde, 0xe4, 0xff, 0xac, 0xdd, 0xe4, 0xff, 
0xab, 0xdd, 0xe4, 0xff, 0xac, 0xdd, 0xe4, 0xff, 0xac, 0xdd, 0xe4, 0xff, 0xab, 0xdd, 0xe4, 0xff, 
0xab, 0xdd, 0xe4, 0xff, 0xab, 0xdd, 0xe4, 0xff, 0xab, 0xdd, 0xe4, 0xff, 0xab, 0xdd, 0xe4, 0xff, 
0xab, 0xdd, 0xe4, 0xff, 0xab, 0xdd, 0xe4, 0xff, 0xab, 0xdd, 0xe4, 0xff, 0xab, 0xdd, 0xe4, 0xff, 
0xab, 0xdd, 0xe4, 0xff, 0xac, 0xdd, 0xe4, 0xff, 0xac, 0xdd, 0xe4, 0xff, 0xac, 0xde, 0xe5, 0xff, 
0xac, 0xdd, 0xe4, 0xff, 0xac, 0xde, 0xe4, 0xff, 0xab, 0xde, 0xe4, 0xff, 0xab, 0xdd, 0xe4, 0xff, 
0xac, 0xde, 0xe4, 0xff, 0xab, 0xdd, 0xe4, 0xff, 0xac, 0xde, 0xe4, 0xff, 0xab, 0xdd, 0xe4, 0xff, 
0xab, 0xdd, 0xe4, 0xff, 0xab, 0xdd, 0xe4, 0xff, 0xac, 0xde, 0xe4, 0xff, 0xac, 0xdd, 0xe4, 0xff, 
0xab, 0xdd, 0xe5, 0xff, 0xab, 0xdd, 0xe4, 0xff, 0xab, 0xdd, 0xe4, 0xff, 0xac, 0xde, 0xe4, 0xff, 
0xab, 0xdd, 0xe4, 0xff, 0xab, 0xdd, 0xe4, 0xff, 0xac, 0xdd, 0xe4, 0xff, 0xac, 0xdd, 0xe4, 0xff, 
0xab, 0xdd, 0xe4, 0xff, 0xab, 0xdd, 0xe6, 0xff, 0xab, 0xdd, 0xe5, 0xff, 0xab, 0xdd, 0xe5, 0xff, 
0xab, 0xdd, 0xe5, 0xff, 0xab, 0xdd, 0xe6, 0xff, 0xab, 0xdd, 0xe6, 0xff, 0xab, 0xdd, 0xe6, 0xff, 
0xab, 0xdd, 0xe5, 0xff, 0xab, 0xdd, 0xe4, 0xff, 0xab, 0xdd, 0xe6, 0xff, 0xab, 0xde, 0xe4, 0xff, 
0xab, 0xdd, 0xe4, 0xff, 0xab, 0xdd, 0xe4, 0xff, 0xac, 0xde, 0xe5, 0xff, 0xac, 0xdd, 0xe5, 0xff, 
0xac, 0xdd, 0xe5, 0xff, 0xac, 0xdd, 0xe4, 0xff, 0xab, 0xdd, 0xe4, 0xff, 0xab, 0xdd, 0xe4, 0xff, 
0xab, 0xde, 0xe4, 0xff, 0xac, 0xdd, 0xe4, 0xff, 0xab, 0xdd, 0xe4, 0xff, 0xab, 0xdd, 0xe4, 0xff, 
0xab, 0xdd, 0xe4, 0xff, 0xab, 0xdd, 0xe5, 0xff, 0xab, 0xdd, 0xe5, 0xff, 0xac, 0xdd, 0xe5, 0xff, 
0xac, 0xdd, 0xe5, 0xff, 0xab, 0xdd, 0xe4, 0xff, 0xac, 0xde, 0xe4, 0xff, 0xac, 0xdd, 0xe4, 0xff, 
0xac, 0xde, 0xe4, 0xff, 0xac, 0xde, 0xe4, 0xff, 0xac, 0xde, 0xe4, 0xff, 0xac, 0xde, 0xe4, 0xff, 
0xac, 0xde, 0xe4, 0xff, 0xac, 0xde, 0xe4, 0xff, 0xac, 0xde, 0xe4, 0xff, 0xac, 0xde, 0xe4, 0xff, 
0xac, 0xdd, 0xe4, 0xff, 0xac, 0xde, 0xe4, 0xff, 0xab, 0xdd, 0xe4, 0xff, 0xac, 0xdd, 0xe5, 0xff, 
0xac, 0xdd, 0xe5, 0xff, 0xab, 0xdd, 0xe5, 0xff, 0xab, 0xdd, 0xe5, 0xff, 0xab, 0xdd, 0xe4, 0xff, 
0xab, 0xdd, 0xe4, 0xff, 0xab, 0xdd, 0xe4, 0xff, 0xac, 0xdd, 0xe4, 0xff, 0xab, 0xde, 0xe4, 0xff, 
0xab, 0xdd, 0xe4, 0xff, 0xab, 0xdd, 0xe4, 0xff, 0xac, 0xdd, 0xe4, 0xff, 0xac, 0xdd, 0xe5, 0xff, 
0xac, 0xdd, 0xe5, 0xff, 0xac, 0xde, 0xe5, 0xff, 0xab, 0xdd, 0xe4, 0xff, 0xab, 0xdd, 0xe4, 0xff, 
0xab, 0xde, 0xe4, 0xff, 0xab, 0xdd, 0xe6, 0xff, 0xab, 0xdd, 0xe4, 0xff, 0xab, 0xdd, 0xe5, 0xff, 
0xab, 0xdd, 0xe6, 0xff, 0xab, 0xdd, 0xe6, 0xff, 0xab, 0xdd, 0xe6, 0xff, 0xab, 0xdd, 0xe5, 0xff, 
0xab, 0xdd, 0xe5, 0xff, 0xab, 0xdd, 0xe5, 0xff, 0xab, 0xdd, 0xe6, 0xff, 0xab, 0xdd, 0xe4, 0xff, 
0xac, 0xdd, 0xe4, 0xff, 0xac, 0xdd, 0xe4, 0xff, 0xab, 0xdd, 0xe4, 0xff, 0xab, 0xdd, 0xe4, 0xff, 
0xac, 0xde, 0xe4, 0xff, 0xab, 0xdd, 0xe4, 0xff, 0xab, 0xdd, 0xe4, 0xff, 0xab, 0xdd, 0xe5, 0xff, 
0xac, 0xdd, 0xe4, 0xff, 0xac, 0xde, 0xe4, 0xff, 0xab, 0xdd, 0xe4, 0xff, 0xab, 0xdd, 0xe4, 0xff, 
0xab, 0xdd, 0xe4, 0xff, 0xac, 0xde, 0xe4, 0xff, 0xab, 0xdd, 0xe4, 0xff, 0xac, 0xde, 0xe4, 0xff, 
0xab, 0xdd, 0xe4, 0xff, 0xab, 0xde, 0xe4, 0xff, 0xac, 0xde, 0xe4, 0xff, 0xac, 0xdd, 0xe4, 0xff, 
0xac, 0xde, 0xe5, 0xff, 0xac, 0xdd, 0xe4, 0xff, 0xac, 0xdd, 0xe4, 0xff, 0xab, 0xdd, 0xe4, 0xff, 
0xab, 0xdd, 0xe4, 0xff, 0xab, 0xdd, 0xe4, 0xff, 0xab, 0xdd, 0xe4, 0xff, 0xab, 0xdd, 0xe4, 0xff, 
0xab, 0xdd, 0xe4, 0xff, 0xab, 0xdd, 0xe4, 0xff, 0xab, 0xdd, 0xe4, 0xff, 0xab, 0xdd, 0xe4, 0xff, 
0xab, 0xdd, 0xe4, 0xff, 0xac, 0xdd, 0xe4, 0xff, 0xac, 0xdd, 0xe4, 0xff, 0xab, 0xdd, 0xe4, 0xff, 
0xac, 0xdd, 0xe4, 0xff, 0xac, 0xde, 0xe4, 0xff, 0xab, 0xde, 0xe4, 0xff, 0xab, 0xdd, 0xe4, 0xff, 
0xac, 0xdd, 0xe4, 0xff, 0xab, 0xdd, 0xe4, 0xff, 0xac, 0xde, 0xe5, 0xff, 0xac, 0xde, 0xe4, 0xff, 
0xab, 0xdd, 0xe4, 0xff, 0xac, 0xde, 0xe5, 0xff, 0xab, 0xdd, 0xe4, 0xff, 0xab, 0xdd, 0xe4, 0xff, 
0xac, 0xdd, 0xe5, 0xff, 0xab, 0xdd, 0xe4, 0xff, 0xab, 0xdd, 0xe4, 0xff, 0xab, 0xdd, 0xe4, 0xff, 
0xab, 0xdd, 0xe5, 0xff, 0xab, 0xdd, 0xe4, 0xff, 0xab, 0xdd, 0xe4, 0xff, 0xac, 0xdd, 0xe4, 0xff, 
0xab, 0xdd, 0xe4, 0xff, 0xab, 0xdd, 0xe6, 0xff, 0xab, 0xdd, 0xe5, 0xff, 0xab, 0xdd, 0xe5, 0xff, 
0xab, 0xdd, 0xe6, 0xff, 0xab, 0xdd, 0xe6, 0xff, 0xab, 0xdd, 0xe6, 0xff, 0xab, 0xdd, 0xe7, 0xff, 
0xab, 0xdd, 0xe5, 0xff, 0xab, 0xdd, 0xe4, 0xff, 0xab, 0xdd, 0xe5, 0xff, 0xab, 0xde, 0xe5, 0xff, 
0xab, 0xdd, 0xe4, 0xff, 0xab, 0xdd, 0xe4, 0xff, 0xac, 0xde, 0xe4, 0xff, 0xac, 0xdd, 0xe5, 0xff, 
0xac, 0xdd, 0xe5, 0xff, 0xac, 0xdd, 0xe4, 0xff, 0xab, 0xdd, 0xe4, 0xff, 0xab, 0xdd, 0xe4, 0xff, 
0xab, 0xde, 0xe4, 0xff, 0xac, 0xdd, 0xe4, 0xff, 0xab, 0xdd, 0xe4, 0xff, 0xab, 0xdd, 0xe4, 0xff, 
0xab, 0xdd, 0xe6, 0xff, 0xab, 0xdd, 0xe5, 0xff, 0xac, 0xdd, 0xe5, 0xff, 0xab, 0xdd, 0xe5, 0xff, 
0xac, 0xdd, 0xe5, 0xff, 0xac, 0xdd, 0xe4, 0xff, 0xac, 0xde, 0xe4, 0xff, 0xac, 0xde, 0xe4, 0xff, 
0xac, 0xde, 0xe5, 0xff, 0xac, 0xde, 0xe5, 0xff, 0xac, 0xde, 0xe4, 0xff, 0xac, 0xde, 0xe4, 0xff, 
0xac, 0xde, 0xe5, 0xff, 0xac, 0xde, 0xe5, 0xff, 0xac, 0xde, 0xe5, 0xff, 0xac, 0xde, 0xe5, 0xff, 
0xac, 0xde, 0xe5, 0xff, 0xac, 0xde, 0xe6, 0xff, 0xac, 0xde, 0xe6, 0xff, 0xac, 0xde, 0xe5, 0xff, 
0xac, 0xde, 0xe5, 0xff, 0xac, 0xde, 0xe5, 0xff, 0xac, 0xde, 0xe5, 0xff, 0xac, 0xde, 0xe6, 0xff, 
0xab, 0xde, 0xe5, 0xff, 0xab, 0xde, 0xe5, 0xff, 0xac, 0xde, 0xe6, 0xff, 0xac, 0xde, 0xe6, 0xff, 
0xac, 0xde, 0xe6, 0xff, 0xac, 0xde, 0xe6, 0xff, 0xab, 0xde, 0xe5, 0xff, 0xac, 0xde, 0xe5, 0xff, 
0xac, 0xde, 0xe6, 0xff, 0xac, 0xde, 0xe6, 0xff, 0xac, 0xde, 0xe5, 0xff, 0xac, 0xde, 0xe5, 0xff, 
0xad, 0xde, 0xe7, 0xff, 0xac, 0xde, 0xe5, 0xff, 0xac, 0xde, 0xe5, 0xff, 0xac, 0xde, 0xe6, 0xff, 
0xac, 0xde, 0xe7, 0xff, 0xac, 0xde, 0xe6, 0xff, 0xac, 0xde, 0xe6, 0xff, 0xac, 0xde, 0xe5, 0xff, 
0xac, 0xde, 0xe4, 0xff, 0xac, 0xde, 0xe5, 0xff, 0xac, 0xde, 0xe5, 0xff, 0xac, 0xde, 0xe5, 0xff, 
0xac, 0xde, 0xe6, 0xff, 0xac, 0xde, 0xe5, 0xff, 0xac, 0xde, 0xe5, 0xff, 0xac, 0xde, 0xe6, 0xff, 
0xac, 0xde, 0xe5, 0xff, 0xac, 0xde, 0xe5, 0xff, 0xab, 0xde, 0xe5, 0xff, 0xac, 0xde, 0xe6, 0xff, 
0xac, 0xde, 0xe5, 0xff, 0xab, 0xde, 0xe5, 0xff, 0xac, 0xde, 0xe5, 0xff, 0xac, 0xde, 0xe5, 0xff, 
0xac, 0xde, 0xe5, 0xff, 0xac, 0xde, 0xe5, 0xff, 0xac, 0xde, 0xe5, 0xff, 0xac, 0xde, 0xe5, 0xff, 
0xac, 0xde, 0xe5, 0xff, 0xac, 0xde, 0xe6, 0xff, 0xac, 0xde, 0xe6, 0xff, 0xac, 0xde, 0xe6, 0xff, 
0xac, 0xde, 0xe5, 0xff, 0xac, 0xde, 0xe5, 0xff, 0xac, 0xde, 0xe5, 0xff, 0xac, 0xde, 0xe5, 0xff, 
0xac, 0xde, 0xe6, 0xff, 0xac, 0xde, 0xe6, 0xff, 0xac, 0xde, 0xe6, 0xff, 0xac, 0xde, 0xe6, 0xff, 
0xac, 0xde, 0xe6, 0xff, 0xac, 0xde, 0xe6, 0xff, 0xac, 0xde, 0xe6, 0xff, 0xac, 0xde, 0xe6, 0xff, 
0xac, 0xde, 0xe6, 0xff, 0xac, 0xde, 0xe5, 0xff, 0xac, 0xde, 0xe5, 0xff, 0xac, 0xde, 0xe6, 0xff, 
0xac, 0xde, 0xe6, 0xff, 0xac, 0xde, 0xe6, 0xff, 0xac, 0xde, 0xe6, 0xff, 0xac, 0xde, 0xe5, 0xff, 
0xac, 0xde, 0xe5, 0xff, 0xac, 0xde, 0xe5, 0xff, 0xac, 0xde, 0xe6, 0xff, 0xac, 0xde, 0xe5, 0xff, 
0xac, 0xde, 0xe5, 0xff, 0xac, 0xde, 0xe5, 0xff, 0xac, 0xde, 0xe5, 0xff, 0xac, 0xde, 0xe5, 0xff, 
0xab, 0xde, 0xe5, 0xff, 0xac, 0xde, 0xe5, 0xff, 0xac, 0xde, 0xe5, 0xff, 0xac, 0xde, 0xe6, 0xff, 
0xac, 0xde, 0xe6, 0xff, 0xac, 0xde, 0xe5, 0xff, 0xac, 0xde, 0xe6, 0xff, 0xac, 0xde, 0xe6, 0xff, 
0xac, 0xde, 0xe5, 0xff, 0xac, 0xde, 0xe6, 0xff, 0xac, 0xde, 0xe5, 0xff, 0xac, 0xde, 0xe4, 0xff, 
0xac, 0xde, 0xe5, 0xff, 0xac, 0xde, 0xe6, 0xff, 0xac, 0xde, 0xe6, 0xff, 0xac, 0xde, 0xe6, 0xff, 
0xac, 0xde, 0xe5, 0xff, 0xac, 0xde, 0xe5, 0xff, 0xac, 0xde, 0xe6, 0xff, 0xac, 0xde, 0xe6, 0xff, 
0xac, 0xde, 0xe5, 0xff, 0xac, 0xde, 0xe6, 0xff, 0xac, 0xde, 0xe6, 0xff, 0xac, 0xde, 0xe5, 0xff, 
0xab, 0xde, 0xe5, 0xff, 0xac, 0xde, 0xe5, 0xff, 0xac, 0xde, 0xe6, 0xff, 0xac, 0xde, 0xe6, 0xff, 
0xac, 0xde, 0xe6, 0xff, 0xac, 0xde, 0xe6, 0xff, 0xac, 0xde, 0xe6, 0xff, 0xac, 0xde, 0xe6, 0xff, 
0xac, 0xde, 0xe6, 0xff, 0xac, 0xde, 0xe5, 0xff, 0xac, 0xde, 0xe5, 0xff, 0xac, 0xde, 0xe5, 0xff, 
0xac, 0xde, 0xe6, 0xff, 0xac, 0xde, 0xe5, 0xff, 0xac, 0xde, 0xe6, 0xff, 0xac, 0xde, 0xe6, 0xff, 
0xac, 0xde, 0xe6, 0xff, 0xac, 0xde, 0xe5, 0xff, 0xac, 0xde, 0xe5, 0xff, 0xac, 0xde, 0xe5, 0xff, 
0xac, 0xde, 0xe5, 0xff, 0xac, 0xde, 0xe5, 0xff, 0xac, 0xde, 0xe5, 0xff, 0xac, 0xde, 0xe6, 0xff, 
0xac, 0xde, 0xe6, 0xff, 0xac, 0xde, 0xe6, 0xff, 0xac, 0xde, 0xe5, 0xff, 0xac, 0xde, 0xe6, 0xff, 
0xac, 0xde, 0xe5, 0xff, 0xac, 0xde, 0xe5, 0xff, 0xac, 0xde, 0xe5, 0xff, 0xac, 0xde, 0xe6, 0xff, 
0xac, 0xde, 0xe6, 0xff, 0xac, 0xde, 0xe6, 0xff, 0xac, 0xde, 0xe6, 0xff, 0xac, 0xde, 0xe6, 0xff, 
0xac, 0xde, 0xe6, 0xff, 0xac, 0xde, 0xe6, 0xff, 0xac, 0xde, 0xe5, 0xff, 0xab, 0xde, 0xe5, 0xff, 
0xac, 0xde, 0xe5, 0xff, 0xac, 0xde, 0xe6, 0xff, 0xac, 0xde, 0xe6, 0xff, 0xac, 0xde, 0xe5, 0xff, 
0xac, 0xde, 0xe6, 0xff, 0xac, 0xde, 0xe6, 0xff, 0xac, 0xde, 0xe5, 0xff, 0xac, 0xde, 0xe5, 0xff, 
0xac, 0xde, 0xe6, 0xff, 0xac, 0xde, 0xe6, 0xff, 0xac, 0xde, 0xe6, 0xff, 0xac, 0xde, 0xe5, 0xff, 
0xac, 0xde, 0xe4, 0xff, 0xac, 0xde, 0xe5, 0xff, 0xac, 0xde, 0xe6, 0xff, 0xac, 0xde, 0xe5, 0xff, 
0xac, 0xde, 0xe6, 0xff, 0xac, 0xde, 0xe6, 0xff, 0xac, 0xde, 0xe5, 0xff, 0xac, 0xde, 0xe6, 0xff, 
0xac, 0xde, 0xe6, 0xff, 0xac, 0xde, 0xe5, 0xff, 0xac, 0xde, 0xe5, 0xff, 0xab, 0xde, 0xe5, 0xff, 
0xac, 0xde, 0xe5, 0xff, 0xac, 0xde, 0xe5, 0xff, 0xac, 0xde, 0xe5, 0xff, 0xac, 0xde, 0xe5, 0xff, 
0xac, 0xde, 0xe5, 0xff, 0xac, 0xde, 0xe6, 0xff, 0xac, 0xde, 0xe5, 0xff, 0xac, 0xde, 0xe5, 0xff, 
0xac, 0xde, 0xe5, 0xff, 0xac, 0xde, 0xe6, 0xff, 0xac, 0xde, 0xe6, 0xff, 0xac, 0xde, 0xe6, 0xff, 
0xac, 0xde, 0xe6, 0xff, 0xac, 0xde, 0xe5, 0xff, 0xac, 0xde, 0xe5, 0xff, 0xac, 0xde, 0xe6, 0xff, 
0xac, 0xde, 0xe6, 0xff, 0xac, 0xde, 0xe6, 0xff, 0xac, 0xde, 0xe6, 0xff, 0xac, 0xde, 0xe6, 0xff, 
0xac, 0xde, 0xe6, 0xff, 0xac, 0xde, 0xe6, 0xff, 0xac, 0xde, 0xe6, 0xff, 0xac, 0xde, 0xe6, 0xff, 
0xac, 0xde, 0xe5, 0xff, 0xac, 0xde, 0xe5, 0xff, 0xac, 0xde, 0xe5, 0xff, 0xac, 0xde, 0xe5, 0xff, 
0xac, 0xde, 0xe6, 0xff, 0xac, 0xde, 0xe6, 0xff, 0xac, 0xde, 0xe6, 0xff, 0xac, 0xde, 0xe5, 0xff, 
0xac, 0xde, 0xe5, 0xff, 0xac, 0xde, 0xe5, 0xff, 0xac, 0xde, 0xe5, 0xff, 0xac, 0xde, 0xe5, 0xff, 
0xac, 0xde, 0xe5, 0xff, 0xac, 0xde, 0xe5, 0xff, 0xab, 0xde, 0xe5, 0xff, 0xac, 0xde, 0xe5, 0xff, 
0xac, 0xde, 0xe6, 0xff, 0xab, 0xde, 0xe5, 0xff, 0xac, 0xde, 0xe5, 0xff, 0xac, 0xde, 0xe5, 0xff, 
0xac, 0xde, 0xe6, 0xff, 0xac, 0xde, 0xe5, 0xff, 0xac, 0xde, 0xe5, 0xff, 0xac, 0xde, 0xe6, 0xff, 
0xac, 0xde, 0xe5, 0xff, 0xac, 0xde, 0xe5, 0xff, 0xac, 0xde, 0xe5, 0xff, 0xac, 0xde, 0xe4, 0xff, 
0xac, 0xde, 0xe5, 0xff, 0xac, 0xde, 0xe6, 0xff, 0xac, 0xde, 0xe6, 0xff, 0xac, 0xde, 0xe7, 0xff, 
0xac, 0xde, 0xe6, 0xff, 0xac, 0xde, 0xe5, 0xff, 0xac, 0xde, 0xe5, 0xff, 0xad, 0xde, 0xe7, 0xff, 
0xac, 0xde, 0xe5, 0xff, 0xac, 0xde, 0xe5, 0xff, 0xac, 0xde, 0xe6, 0xff, 0xac, 0xde, 0xe6, 0xff, 
0xac, 0xde, 0xe5, 0xff, 0xab, 0xde, 0xe5, 0xff, 0xac, 0xde, 0xe6, 0xff, 0xac, 0xde, 0xe6, 0xff, 
0xac, 0xde, 0xe6, 0xff, 0xac, 0xde, 0xe6, 0xff, 0xab, 0xde, 0xe5, 0xff, 0xab, 0xde, 0xe5, 0xff, 
0xac, 0xde, 0xe6, 0xff, 0xac, 0xde, 0xe5, 0xff, 0xac, 0xde, 0xe5, 0xff, 0xac, 0xde, 0xe5, 0xff, 
0xac, 0xde, 0xe5, 0xff, 0xac, 0xde, 0xe6, 0xff, 0xac, 0xde, 0xe6, 0xff, 0xac, 0xde, 0xe5, 0xff, 
0xac, 0xde, 0xe5, 0xff, 0xac, 0xde, 0xe5, 0xff, 0xac, 0xde, 0xe5, 0xff, 0xac, 0xde, 0xe5, 0xff, 
0xab, 0xdf, 0xe6, 0xff, 0xab, 0xdf, 0xe6, 0xff, 0xab, 0xdf, 0xe6, 0xff, 0xab, 0xdf, 0xe6, 0xff, 
0xab, 0xdf, 0xe6, 0xff, 0xab, 0xdf, 0xe6, 0xff, 0xab, 0xdf, 0xe6, 0xff, 0xab, 0xdf, 0xe6, 0xff, 
0xab, 0xdf, 0xe6, 0xff, 0xab, 0xdf, 0xe6, 0xff, 0xab, 0xdf, 0xe6, 0xff, 0xac, 0xde, 0xe5, 0xff, 
0xab, 0xdf, 0xe6, 0xff, 0xab, 0xdf, 0xe6, 0xff, 0xaa, 0xdf, 0xe5, 0xff, 0xab, 0xde, 0xe5, 0xff, 
0xab, 0xde, 0xe5, 0xff, 0xaa, 0xdf, 0xe5, 0xff, 0xab, 0xdf, 0xe6, 0xff, 0xab, 0xdf, 0xe6, 0xff, 
0xab, 0xde, 0xe5, 0xff, 0xaa, 0xdf, 0xe5, 0xff, 0xab, 0xdf, 0xe6, 0xff, 0xac, 0xdf, 0xe6, 0xff, 
0xac, 0xde, 0xe7, 0xff, 0xac, 0xde, 0xe6, 0xff, 0xac, 0xde, 0xe6, 0xff, 0xac, 0xde, 0xe7, 0xff, 
0xac, 0xde, 0xe6, 0xff, 0xab, 0xde, 0xe5, 0xff, 0xac, 0xde, 0xe5, 0xff, 0xac, 0xde, 0xe5, 0xff, 
0xac, 0xde, 0xe5, 0xff, 0xab, 0xde, 0xe5, 0xff, 0xac, 0xde, 0xe4, 0xff, 0xac, 0xde, 0xe5, 0xff, 
0xab, 0xdf, 0xe5, 0xff, 0xab, 0xde, 0xe5, 0xff, 0xab, 0xdf, 0xe5, 0xff, 0xaa, 0xdf, 0xe5, 0xff, 
0xab, 0xde, 0xe5, 0xff, 0xac, 0xde, 0xe5, 0xff, 0xab, 0xdf, 0xe6, 0xff, 0xab, 0xde, 0xe6, 0xff, 
0xab, 0xde, 0xe6, 0xff, 0xac, 0xde, 0xe6, 0xff, 0xac, 0xde, 0xe5, 0xff, 0xac, 0xde, 0xe6, 0xff, 
0xac, 0xde, 0xe6, 0xff, 0xab, 0xde, 0xe6, 0xff, 0xac, 0xdf, 0xe7, 0xff, 0xac, 0xde, 0xe6, 0xff, 
0xab, 0xde, 0xe6, 0xff, 0xac, 0xde, 0xe6, 0xff, 0xac, 0xde, 0xe6, 0xff, 0xac, 0xde, 0xe6, 0xff, 
0xab, 0xdf, 0xe6, 0xff, 0xac, 0xde, 0xe6, 0xff, 0xab, 0xde, 0xe5, 0xff, 0xab, 0xde, 0xe5, 0xff, 
0xac, 0xde, 0xe5, 0xff, 0xac, 0xde, 0xe6, 0xff, 0xab, 0xde, 0xe6, 0xff, 0xab, 0xde, 0xe5, 0xff, 
0xab, 0xde, 0xe5, 0xff, 0xab, 0xde, 0xe6, 0xff, 0xab, 0xde, 0xe6, 0xff, 0xab, 0xdf, 0xe5, 0xff, 
0xaa, 0xdf, 0xe5, 0xff, 0xab, 0xde, 0xe5, 0xff, 0xac, 0xde, 0xe6, 0xff, 0xab, 0xdf, 0xe6, 0xff, 
0xac, 0xde, 0xe6, 0xff, 0xab, 0xdf, 0xe5, 0xff, 0xac, 0xde, 0xe5, 0xff, 0xab, 0xdf, 0xe6, 0xff, 
0xac, 0xdf, 0xe6, 0xff, 0xab, 0xdf, 0xe6, 0xff, 0xab, 0xdf, 0xe6, 0xff, 0xac, 0xde, 0xe6, 0xff, 
0xac, 0xde, 0xe6, 0xff, 0xab, 0xde, 0xe5, 0xff, 0xac, 0xde, 0xe6, 0xff, 0xab, 0xdf, 0xe6, 0xff, 
0xab, 0xdf, 0xe6, 0xff, 0xab, 0xde, 0xe5, 0xff, 0xac, 0xde, 0xe5, 0xff, 0xac, 0xde, 0xe6, 0xff, 
0xab, 0xdf, 0xe5, 0xff, 0xab, 0xde, 0xe5, 0xff, 0xab, 0xde, 0xe5, 0xff, 0xab, 0xde, 0xe6, 0xff, 
0xab, 0xde, 0xe5, 0xff, 0xab, 0xde, 0xe5, 0xff, 0xab, 0xde, 0xe5, 0xff, 0xac, 0xde, 0xe5, 0xff, 
0xac, 0xde, 0xe5, 0xff, 0xab, 0xde, 0xe5, 0xff, 0xac, 0xdf, 0xe5, 0xff, 0xad, 0xde, 0xe6, 0xff, 
0xab, 0xde, 0xe6, 0xff, 0xac, 0xde, 0xe6, 0xff, 0xac, 0xde, 0xe7, 0xff, 0xac, 0xde, 0xe7, 0xff, 
0xac, 0xdf, 0xe6, 0xff, 0xab, 0xdf, 0xe6, 0xff, 0xab, 0xde, 0xe5, 0xff, 0xab, 0xdf, 0xe5, 0xff, 
0xab, 0xdf, 0xe6, 0xff, 0xab, 0xdf, 0xe6, 0xff, 0xac, 0xde, 0xe5, 0xff, 0xab, 0xde, 0xe5, 0xff, 
0xab, 0xde, 0xe5, 0xff, 0xaa, 0xdf, 0xe5, 0xff, 0xab, 0xde, 0xe5, 0xff, 0xab, 0xdf, 0xe5, 0xff, 
0xab, 0xdf, 0xe5, 0xff, 0xab, 0xdf, 0xe6, 0xff, 0xab, 0xdf, 0xe6, 0xff, 0xab, 0xdf, 0xe6, 0xff, 
0xab, 0xdf, 0xe6, 0xff, 0xab, 0xdf, 0xe6, 0xff, 0xab, 0xdf, 0xe6, 0xff, 0xac, 0xde, 0xe6, 0xff, 
0xab, 0xdf, 0xe6, 0xff, 0xab, 0xdf, 0xe6, 0xff, 0xab, 0xdf, 0xe6, 0xff, 0xab, 0xdf, 0xe6, 0xff, 
0xab, 0xdf, 0xe6, 0xff, 0xab, 0xdf, 0xe6, 0xff, 0xab, 0xdf, 0xe6, 0xff, 0xab, 0xdf, 0xe6, 0xff, 
0xac, 0xde, 0xe6, 0xff, 0xab, 0xdf, 0xe6, 0xff, 0xab, 0xdf, 0xe6, 0xff, 0xab, 0xdf, 0xe6, 0xff, 
0xab, 0xdf, 0xe6, 0xff, 0xab, 0xdf, 0xe6, 0xff, 0xab, 0xdf, 0xe6, 0xff, 0xab, 0xdf, 0xe5, 0xff, 
0xab, 0xdf, 0xe5, 0xff, 0xab, 0xde, 0xe5, 0xff, 0xaa, 0xdf, 0xe5, 0xff, 0xab, 0xde, 0xe5, 0xff, 
0xab, 0xde, 0xe5, 0xff, 0xac, 0xde, 0xe5, 0xff, 0xab, 0xdf, 0xe6, 0xff, 0xab, 0xdf, 0xe6, 0xff, 
0xab, 0xdf, 0xe5, 0xff, 0xab, 0xde, 0xe5, 0xff, 0xab, 0xdf, 0xe6, 0xff, 0xac, 0xdf, 0xe6, 0xff, 
0xac, 0xde, 0xe7, 0xff, 0xac, 0xde, 0xe7, 0xff, 0xac, 0xde, 0xe6, 0xff, 0xab, 0xde, 0xe6, 0xff, 
0xad, 0xde, 0xe6, 0xff, 0xac, 0xdf, 0xe5, 0xff, 0xab, 0xde, 0xe5, 0xff, 0xac, 0xde, 0xe5, 0xff, 
0xac, 0xde, 0xe5, 0xff, 0xab, 0xde, 0xe5, 0xff, 0xab, 0xde, 0xe5, 0xff, 0xab, 0xde, 0xe5, 0xff, 
0xab, 0xde, 0xe6, 0xff, 0xab, 0xde, 0xe5, 0xff, 0xab, 0xde, 0xe5, 0xff, 0xab, 0xdf, 0xe5, 0xff, 
0xac, 0xde, 0xe6, 0xff, 0xac, 0xde, 0xe5, 0xff, 0xab, 0xde, 0xe5, 0xff, 0xab, 0xdf, 0xe6, 0xff, 
0xab, 0xdf, 0xe6, 0xff, 0xac, 0xde, 0xe6, 0xff, 0xab, 0xde, 0xe5, 0xff, 0xac, 0xde, 0xe6, 0xff, 
0xac, 0xde, 0xe6, 0xff, 0xab, 0xdf, 0xe6, 0xff, 0xab, 0xdf, 0xe6, 0xff, 0xac, 0xdf, 0xe6, 0xff, 
0xab, 0xdf, 0xe6, 0xff, 0xac, 0xde, 0xe5, 0xff, 0xab, 0xdf, 0xe5, 0xff, 0xac, 0xde, 0xe6, 0xff, 
0xab, 0xdf, 0xe6, 0xff, 0xac, 0xde, 0xe6, 0xff, 0xab, 0xde, 0xe5, 0xff, 0xaa, 0xdf, 0xe5, 0xff, 
0xab, 0xdf, 0xe5, 0xff, 0xab, 0xde, 0xe6, 0xff, 0xab, 0xde, 0xe6, 0xff, 0xab, 0xde, 0xe5, 0xff, 
0xab, 0xde, 0xe5, 0xff, 0xab, 0xde, 0xe6, 0xff, 0xac, 0xde, 0xe6, 0xff, 0xac, 0xde, 0xe5, 0xff, 
0xab, 0xde, 0xe5, 0xff, 0xab, 0xde, 0xe5, 0xff, 0xac, 0xde, 0xe6, 0xff, 0xab, 0xdf, 0xe6, 0xff, 
0xac, 0xde, 0xe6, 0xff, 0xac, 0xde, 0xe6, 0xff, 0xac, 0xde, 0xe6, 0xff, 0xab, 0xde, 0xe6, 0xff, 
0xac, 0xde, 0xe6, 0xff, 0xac, 0xdf, 0xe7, 0xff, 0xab, 0xde, 0xe6, 0xff, 0xac, 0xde, 0xe6, 0xff, 
0xac, 0xde, 0xe6, 0xff, 0xac, 0xde, 0xe5, 0xff, 0xac, 0xde, 0xe6, 0xff, 0xab, 0xde, 0xe6, 0xff, 
0xab, 0xde, 0xe6, 0xff, 0xab, 0xdf, 0xe6, 0xff, 0xac, 0xde, 0xe5, 0xff, 0xab, 0xde, 0xe5, 0xff, 
0xaa, 0xdf, 0xe5, 0xff, 0xab, 0xdf, 0xe5, 0xff, 0xab, 0xde, 0xe5, 0xff, 0xab, 0xdf, 0xe5, 0xff, 
0xac, 0xde, 0xe5, 0xff, 0xac, 0xde, 0xe4, 0xff, 0xab, 0xde, 0xe5, 0xff, 0xac, 0xde, 0xe5, 0xff, 
0xac, 0xde, 0xe5, 0xff, 0xac, 0xde, 0xe5, 0xff, 0xab, 0xde, 0xe5, 0xff, 0xac, 0xde, 0xe6, 0xff, 
0xac, 0xde, 0xe7, 0xff, 0xac, 0xde, 0xe6, 0xff, 0xac, 0xde, 0xe6, 0xff, 0xac, 0xde, 0xe7, 0xff, 
0xac, 0xdf, 0xe6, 0xff, 0xab, 0xdf, 0xe6, 0xff, 0xaa, 0xdf, 0xe5, 0xff, 0xab, 0xde, 0xe5, 0xff, 
0xab, 0xdf, 0xe6, 0xff, 0xab, 0xdf, 0xe6, 0xff, 0xaa, 0xdf, 0xe5, 0xff, 0xab, 0xde, 0xe5, 0xff, 
0xab, 0xde, 0xe5, 0xff, 0xaa, 0xdf, 0xe5, 0xff, 0xab, 0xdf, 0xe6, 0xff, 0xab, 0xdf, 0xe6, 0xff, 
0xac, 0xde, 0xe5, 0xff, 0xab, 0xdf, 0xe6, 0xff, 0xab, 0xdf, 0xe6, 0xff, 0xab, 0xdf, 0xe6, 0xff, 
0xab, 0xdf, 0xe6, 0xff, 0xab, 0xdf, 0xe6, 0xff, 0xab, 0xdf, 0xe6, 0xff, 0xab, 0xdf, 0xe6, 0xff, 
0xab, 0xdf, 0xe6, 0xff, 0xab, 0xdf, 0xe6, 0xff, 0xab, 0xdf, 0xe6, 0xff, 0xab, 0xdf, 0xe6, 0xff, 
0xac, 0xde, 0xe6, 0xff, 0xac, 0xde, 0xe6, 0xff, 0xac, 0xde, 0xe6, 0xff, 0xac, 0xdf, 0xe6, 0xff, 
0xac, 0xdf, 0xe6, 0xff, 0xac, 0xdf, 0xe6, 0xff, 0xac, 0xdf, 0xe6, 0xff, 0xac, 0xdf, 0xe6, 0xff, 
0xac, 0xdf, 0xe6, 0xff, 0xac, 0xdf, 0xe6, 0xff, 0xac, 0xdf, 0xe6, 0xff, 0xac, 0xdf, 0xe6, 0xff, 
0xac, 0xdf, 0xe6, 0xff, 0xac, 0xdf, 0xe6, 0xff, 0xab, 0xdf, 0xe6, 0xff, 0xac, 0xde, 0xe6, 0xff, 
0xac, 0xde, 0xe6, 0xff, 0xac, 0xde, 0xe6, 0xff, 0xac, 0xdf, 0xe6, 0xff, 0xac, 0xde, 0xe6, 0xff, 
0xac, 0xde, 0xe6, 0xff, 0xac, 0xde, 0xe6, 0xff, 0xac, 0xdf, 0xe6, 0xff, 0xac, 0xdf, 0xe7, 0xff, 
0xab, 0xdf, 0xe6, 0xff, 0xab, 0xdf, 0xe7, 0xff, 0xab, 0xdf, 0xe6, 0xff, 0xab, 0xdf, 0xe6, 0xff, 
0xab, 0xdf, 0xe6, 0xff, 0xac, 0xde, 0xe6, 0xff, 0xab, 0xde, 0xe6, 0xff, 0xac, 0xdf, 0xe6, 0xff, 
0xac, 0xdf, 0xe6, 0xff, 0xac, 0xde, 0xe6, 0xff, 0xac, 0xdf, 0xe6, 0xff, 0xac, 0xdf, 0xe6, 0xff, 
0xac, 0xdf, 0xe6, 0xff, 0xac, 0xde, 0xe6, 0xff, 0xac, 0xdf, 0xe6, 0xff, 0xac, 0xde, 0xe6, 0xff, 
0xab, 0xdf, 0xe6, 0xff, 0xab, 0xdf, 0xe6, 0xff, 0xac, 0xdf, 0xe7, 0xff, 0xac, 0xdf, 0xe7, 0xff, 
0xac, 0xdf, 0xe6, 0xff, 0xac, 0xdf, 0xe6, 0xff, 0xab, 0xdf, 0xe6, 0xff, 0xab, 0xdf, 0xe7, 0xff, 
0xab, 0xdf, 0xe7, 0xff, 0xac, 0xde, 0xe6, 0xff, 0xac, 0xdf, 0xe7, 0xff, 0xab, 0xdf, 0xe7, 0xff, 
0xac, 0xde, 0xe6, 0xff, 0xac, 0xdf, 0xe6, 0xff, 0xac, 0xdf, 0xe6, 0xff, 0xac, 0xdf, 0xe6, 0xff, 
0xac, 0xdf, 0xe6, 0xff, 0xac, 0xdf, 0xe6, 0xff, 0xac, 0xde, 0xe6, 0xff, 0xac, 0xde, 0xe6, 0xff, 
0xab, 0xdf, 0xe6, 0xff, 0xac, 0xde, 0xe6, 0xff, 0xad, 0xde, 0xe6, 0xff, 0xad, 0xde, 0xe6, 0xff, 
0xac, 0xde, 0xe6, 0xff, 0xac, 0xde, 0xe6, 0xff, 0xac, 0xde, 0xe6, 0xff, 0xac, 0xde, 0xe6, 0xff, 
0xac, 0xde, 0xe6, 0xff, 0xac, 0xde, 0xe6, 0xff, 0xac, 0xdf, 0xe6, 0xff, 0xac, 0xdf, 0xe6, 0xff, 
0xac, 0xdf, 0xe6, 0xff, 0xac, 0xdf, 0xe6, 0xff, 0xac, 0xdf, 0xe6, 0xff, 0xac, 0xdf, 0xe6, 0xff, 
0xac, 0xdf, 0xe7, 0xff, 0xac, 0xde, 0xe6, 0xff, 0xac, 0xdf, 0xe6, 0xff, 0xab, 0xdf, 0xe7, 0xff, 
0xab, 0xdf, 0xe7, 0xff, 0xac, 0xdf, 0xe6, 0xff, 0xac, 0xdf, 0xe7, 0xff, 0xac, 0xde, 0xe6, 0xff, 
0xac, 0xdf, 0xe6, 0xff, 0xac, 0xde, 0xe6, 0xff, 0xab, 0xdf, 0xe6, 0xff, 0xab, 0xdf, 0xe6, 0xff, 
0xac, 0xde, 0xe6, 0xff, 0xac, 0xdf, 0xe6, 0xff, 0xac, 0xde, 0xe5, 0xff, 0xac, 0xdf, 0xe6, 0xff, 
0xac, 0xde, 0xe6, 0xff, 0xab, 0xdf, 0xe6, 0xff, 0xac, 0xdf, 0xe6, 0xff, 0xac, 0xdf, 0xe6, 0xff, 
0xab, 0xdf, 0xe6, 0xff, 0xac, 0xde, 0xe6, 0xff, 0xac, 0xdf, 0xe6, 0xff, 0xab, 0xdf, 0xe6, 0xff, 
0xac, 0xde, 0xe7, 0xff, 0xab, 0xdf, 0xe7, 0xff, 0xac, 0xdf, 0xe7, 0xff, 0xab, 0xdf, 0xe6, 0xff, 
0xac, 0xdf, 0xe6, 0xff, 0xac, 0xdf, 0xe6, 0xff, 0xab, 0xdf, 0xe6, 0xff, 0xac, 0xdf, 0xe6, 0xff, 
0xac, 0xdf, 0xe6, 0xff, 0xac, 0xdf, 0xe6, 0xff, 0xac, 0xdf, 0xe5, 0xff, 0xac, 0xde, 0xe6, 0xff, 
0xac, 0xde, 0xe6, 0xff, 0xab, 0xdf, 0xe6, 0xff, 0xab, 0xdf, 0xe6, 0xff, 0xac, 0xdf, 0xe6, 0xff, 
0xac, 0xdf, 0xe6, 0xff, 0xac, 0xdf, 0xe6, 0xff, 0xac, 0xdf, 0xe6, 0xff, 0xac, 0xdf, 0xe6, 0xff, 
0xac, 0xdf, 0xe6, 0xff, 0xac, 0xdf, 0xe6, 0xff, 0xac, 0xdf, 0xe6, 0xff, 0xac, 0xdf, 0xe6, 0xff, 
0xac, 0xdf, 0xe6, 0xff, 0xac, 0xdf, 0xe6, 0xff, 0xac, 0xdf, 0xe6, 0xff, 0xac, 0xdf, 0xe6, 0xff, 
0xac, 0xdf, 0xe6, 0xff, 0xac, 0xdf, 0xe6, 0xff, 0xac, 0xdf, 0xe6, 0xff, 0xac, 0xdf, 0xe6, 0xff, 
0xac, 0xdf, 0xe6, 0xff, 0xac, 0xdf, 0xe6, 0xff, 0xac, 0xdf, 0xe6, 0xff, 0xac, 0xdf, 0xe6, 0xff, 
0xac, 0xdf, 0xe6, 0xff, 0xac, 0xdf, 0xe6, 0xff, 0xac, 0xdf, 0xe6, 0xff, 0xac, 0xdf, 0xe6, 0xff, 
0xac, 0xdf, 0xe6, 0xff, 0xab, 0xdf, 0xe6, 0xff, 0xab, 0xdf, 0xe6, 0xff, 0xac, 0xde, 0xe6, 0xff, 
0xac, 0xde, 0xe6, 0xff, 0xac, 0xdf, 0xe5, 0xff, 0xac, 0xdf, 0xe6, 0xff, 0xac, 0xdf, 0xe6, 0xff, 
0xac, 0xdf, 0xe6, 0xff, 0xab, 0xdf, 0xe6, 0xff, 0xac, 0xdf, 0xe6, 0xff, 0xac, 0xdf, 0xe6, 0xff, 
0xab, 0xdf, 0xe6, 0xff, 0xac, 0xdf, 0xe7, 0xff, 0xab, 0xdf, 0xe7, 0xff, 0xac, 0xde, 0xe7, 0xff, 
0xab, 0xdf, 0xe6, 0xff, 0xac, 0xdf, 0xe6, 0xff, 0xac, 0xde, 0xe6, 0xff, 0xab, 0xdf, 0xe6, 0xff, 
0xac, 0xdf, 0xe6, 0xff, 0xac, 0xdf, 0xe6, 0xff, 0xab, 0xdf, 0xe6, 0xff, 0xac, 0xde, 0xe6, 0xff, 
0xac, 0xdf, 0xe6, 0xff, 0xac, 0xde, 0xe5, 0xff, 0xac, 0xdf, 0xe6, 0xff, 0xac, 0xde, 0xe6, 0xff, 
0xab, 0xdf, 0xe6, 0xff, 0xab, 0xdf, 0xe6, 0xff, 0xac, 0xde, 0xe6, 0xff, 0xac, 0xdf, 0xe7, 0xff, 
0xac, 0xde, 0xe6, 0xff, 0xac, 0xdf, 0xe7, 0xff, 0xac, 0xdf, 0xe6, 0xff, 0xab, 0xdf, 0xe7, 0xff, 
0xab, 0xdf, 0xe7, 0xff, 0xac, 0xdf, 0xe6, 0xff, 0xac, 0xde, 0xe6, 0xff, 0xac, 0xdf, 0xe7, 0xff, 
0xac, 0xdf, 0xe6, 0xff, 0xac, 0xdf, 0xe6, 0xff, 0xac, 0xdf, 0xe6, 0xff, 0xac, 0xdf, 0xe6, 0xff, 
0xac, 0xdf, 0xe6, 0xff, 0xac, 0xdf, 0xe6, 0xff, 0xac, 0xde, 0xe6, 0xff, 0xac, 0xde, 0xe6, 0xff, 
0xac, 0xde, 0xe6, 0xff, 0xac, 0xde, 0xe6, 0xff, 0xac, 0xde, 0xe6, 0xff, 0xac, 0xde, 0xe6, 0xff, 
0xad, 0xde, 0xe6, 0xff, 0xad, 0xde, 0xe6, 0xff, 0xac, 0xde, 0xe6, 0xff, 0xab, 0xdf, 0xe6, 0xff, 
0xac, 0xde, 0xe6, 0xff, 0xac, 0xde, 0xe6, 0xff, 0xac, 0xdf, 0xe6, 0xff, 0xac, 0xdf, 0xe6, 0xff, 
0xac, 0xdf, 0xe6, 0xff, 0xac, 0xdf, 0xe6, 0xff, 0xac, 0xdf, 0xe6, 0xff, 0xac, 0xde, 0xe6, 0xff, 
0xab, 0xdf, 0xe7, 0xff, 0xac, 0xdf, 0xe7, 0xff, 0xac, 0xde, 0xe6, 0xff, 0xab, 0xdf, 0xe7, 0xff, 
0xab, 0xdf, 0xe7, 0xff, 0xab, 0xdf, 0xe6, 0xff, 0xac, 0xdf, 0xe6, 0xff, 0xac, 0xdf, 0xe6, 0xff, 
0xac, 0xdf, 0xe7, 0xff, 0xac, 0xdf, 0xe7, 0xff, 0xab, 0xdf, 0xe6, 0xff, 0xab, 0xdf, 0xe6, 0xff, 
0xac, 0xde, 0xe6, 0xff, 0xac, 0xdf, 0xe6, 0xff, 0xac, 0xde, 0xe6, 0xff, 0xac, 0xdf, 0xe6, 0xff, 
0xac, 0xdf, 0xe6, 0xff, 0xac, 0xdf, 0xe6, 0xff, 0xac, 0xde, 0xe6, 0xff, 0xac, 0xdf, 0xe6, 0xff, 
0xac, 0xdf, 0xe6, 0xff, 0xab, 0xde, 0xe6, 0xff, 0xac, 0xde, 0xe6, 0xff, 0xab, 0xdf, 0xe6, 0xff, 
0xab, 0xdf, 0xe6, 0xff, 0xab, 0xdf, 0xe6, 0xff, 0xab, 0xdf, 0xe7, 0xff, 0xab, 0xdf, 0xe6, 0xff, 
0xac, 0xdf, 0xe7, 0xff, 0xac, 0xdf, 0xe6, 0xff, 0xac, 0xde, 0xe6, 0xff, 0xac, 0xde, 0xe6, 0xff, 
0xac, 0xde, 0xe6, 0xff, 0xac, 0xdf, 0xe6, 0xff, 0xac, 0xde, 0xe6, 0xff, 0xac, 0xde, 0xe6, 0xff, 
0xac, 0xde, 0xe6, 0xff, 0xab, 0xdf, 0xe6, 0xff, 0xac, 0xdf, 0xe6, 0xff, 0xac, 0xdf, 0xe6, 0xff, 
0xac, 0xdf, 0xe6, 0xff, 0xac, 0xdf, 0xe6, 0xff, 0xac, 0xdf, 0xe6, 0xff, 0xac, 0xdf, 0xe6, 0xff, 
0xac, 0xdf, 0xe6, 0xff, 0xac, 0xdf, 0xe6, 0xff, 0xac, 0xdf, 0xe6, 0xff, 0xac, 0xdf, 0xe6, 0xff, 
0xac, 0xdf, 0xe6, 0xff, 0xac, 0xde, 0xe6, 0xff, 0xac, 0xde, 0xe6, 0xff, 0xac, 0xde, 0xe6, 0xff, 
0xad, 0xdf, 0xe7, 0xff, 0xad, 0xdf, 0xe7, 0xff, 0xad, 0xdf, 0xe7, 0xff, 0xad, 0xdf, 0xe7, 0xff, 
0xad, 0xdf, 0xe7, 0xff, 0xad, 0xdf, 0xe7, 0xff, 0xac, 0xdf, 0xe7, 0xff, 0xad, 0xdf, 0xe7, 0xff, 
0xac, 0xdf, 0xe7, 0xff, 0xac, 0xdf, 0xe7, 0xff, 0xad, 0xdf, 0xe7, 0xff, 0xad, 0xdf, 0xe7, 0xff, 
0xad, 0xdf, 0xe7, 0xff, 0xad, 0xdf, 0xe7, 0xff, 0xad, 0xdf, 0xe7, 0xff, 0xac, 0xdf, 0xe7, 0xff, 
0xad, 0xdf, 0xe7, 0xff, 0xad, 0xdf, 0xe7, 0xff, 0xad, 0xdf, 0xe7, 0xff, 0xad, 0xdf, 0xe7, 0xff, 
0xad, 0xdf, 0xe7, 0xff, 0xad, 0xdf, 0xe7, 0xff, 0xad, 0xdf, 0xe7, 0xff, 0xad, 0xdf, 0xe7, 0xff, 
0xac, 0xdf, 0xe7, 0xff, 0xad, 0xdf, 0xe6, 0xff, 0xad, 0xdf, 0xe7, 0xff, 0xad, 0xdf, 0xe7, 0xff, 
0xad, 0xdf, 0xe7, 0xff, 0xad, 0xdf, 0xe7, 0xff, 0xad, 0xdf, 0xe7, 0xff, 0xad, 0xdf, 0xe7, 0xff, 
0xad, 0xdf, 0xe7, 0xff, 0xad, 0xdf, 0xe7, 0xff, 0xad, 0xdf, 0xe7, 0xff, 0xad, 0xdf, 0xe7, 0xff, 
0xad, 0xdf, 0xe7, 0xff, 0xac, 0xdf, 0xe7, 0xff, 0xad, 0xdf, 0xe7, 0xff, 0xad, 0xdf, 0xe7, 0xff, 
0xad, 0xdf, 0xe7, 0xff, 0xad, 0xdf, 0xe7, 0xff, 0xad, 0xdf, 0xe7, 0xff, 0xad, 0xdf, 0xe7, 0xff, 
0xad, 0xdf, 0xe7, 0xff, 0xad, 0xdf, 0xe7, 0xff, 0xad, 0xdf, 0xe7, 0xff, 0xad, 0xdf, 0xe7, 0xff, 
0xad, 0xdf, 0xe7, 0xff, 0xad, 0xdf, 0xe7, 0xff, 0xac, 0xdf, 0xe7, 0xff, 0xad, 0xdf, 0xe7, 0xff, 
0xad, 0xdf, 0xe7, 0xff, 0xad, 0xdf, 0xe7, 0xff, 0xad, 0xdf, 0xe7, 0xff, 0xad, 0xdf, 0xe7, 0xff, 
0xad, 0xdf, 0xe7, 0xff, 0xad, 0xdf, 0xe7, 0xff, 0xad, 0xdf, 0xe7, 0xff, 0xad, 0xdf, 0xe7, 0xff, 
0xad, 0xdf, 0xe7, 0xff, 0xad, 0xdf, 0xe7, 0xff, 0xad, 0xdf, 0xe7, 0xff, 0xad, 0xdf, 0xe7, 0xff, 
0xad, 0xdf, 0xe7, 0xff, 0xad, 0xdf, 0xe7, 0xff, 0xad, 0xdf, 0xe7, 0xff, 0xad, 0xdf, 0xe7, 0xff, 
0xad, 0xdf, 0xe7, 0xff, 0xad, 0xdf, 0xe7, 0xff, 0xad, 0xdf, 0xe7, 0xff, 0xad, 0xdf, 0xe7, 0xff, 
0xad, 0xdf, 0xe7, 0xff, 0xad, 0xdf, 0xe7, 0xff, 0xad, 0xdf, 0xe7, 0xff, 0xad, 0xdf, 0xe7, 0xff, 
0xac, 0xdf, 0xe7, 0xff, 0xad, 0xdf, 0xe7, 0xff, 0xad, 0xdf, 0xe7, 0xff, 0xad, 0xdf, 0xe7, 0xff, 
0xad, 0xdf, 0xe7, 0xff, 0xad, 0xdf, 0xe7, 0xff, 0xad, 0xdf, 0xe7, 0xff, 0xad, 0xdf, 0xe7, 0xff, 
0xad, 0xdf, 0xe7, 0xff, 0xad, 0xdf, 0xe7, 0xff, 0xad, 0xdf, 0xe7, 0xff, 0xad, 0xdf, 0xe7, 0xff, 
0xad, 0xdf, 0xe7, 0xff, 0xad, 0xdf, 0xe7, 0xff, 0xad, 0xdf, 0xe7, 0xff, 0xad, 0xdf, 0xe7, 0xff, 
0xad, 0xdf, 0xe7, 0xff, 0xad, 0xdf, 0xe7, 0xff, 0xad, 0xdf, 0xe7, 0xff, 0xad, 0xdf, 0xe7, 0xff, 
0xad, 0xdf, 0xe7, 0xff, 0xad, 0xdf, 0xe7, 0xff, 0xad, 0xdf, 0xe7, 0xff, 0xad, 0xdf, 0xe7, 0xff, 
0xad, 0xdf, 0xe6, 0xff, 0xad, 0xdf, 0xe7, 0xff, 0xac, 0xdf, 0xe6, 0xff, 0xad, 0xdf, 0xe7, 0xff, 
0xad, 0xdf, 0xe7, 0xff, 0xad, 0xdf, 0xe7, 0xff, 0xad, 0xdf, 0xe7, 0xff, 0xad, 0xdf, 0xe7, 0xff, 
0xad, 0xdf, 0xe7, 0xff, 0xad, 0xdf, 0xe7, 0xff, 0xad, 0xdf, 0xe7, 0xff, 0xad, 0xdf, 0xe7, 0xff, 
0xad, 0xdf, 0xe7, 0xff, 0xad, 0xdf, 0xe7, 0xff, 0xad, 0xdf, 0xe7, 0xff, 0xad, 0xdf, 0xe7, 0xff, 
0xad, 0xdf, 0xe7, 0xff, 0xad, 0xdf, 0xe7, 0xff, 0xad, 0xdf, 0xe7, 0xff, 0xac, 0xdf, 0xe7, 0xff, 
0xac, 0xdf, 0xe7, 0xff, 0xac, 0xdf, 0xe7, 0xff, 0xac, 0xdf, 0xe7, 0xff, 0xac, 0xdf, 0xe7, 0xff, 
0xad, 0xdf, 0xe7, 0xff, 0xad, 0xdf, 0xe7, 0xff, 0xad, 0xdf, 0xe7, 0xff, 0xad, 0xdf, 0xe7, 0xff, 
0xad, 0xdf, 0xe7, 0xff, 0xad, 0xdf, 0xe7, 0xff, 0xad, 0xdf, 0xe7, 0xff, 0xad, 0xdf, 0xe7, 0xff, 
0xac, 0xdf, 0xe7, 0xff, 0xac, 0xdf, 0xe7, 0xff, 0xac, 0xdf, 0xe7, 0xff, 0xac, 0xdf, 0xe7, 0xff, 
0xac, 0xdf, 0xe7, 0xff, 0xad, 0xdf, 0xe7, 0xff, 0xad, 0xdf, 0xe7, 0xff, 0xad, 0xdf, 0xe7, 0xff, 
0xad, 0xdf, 0xe7, 0xff, 0xad, 0xdf, 0xe7, 0xff, 0xad, 0xdf, 0xe7, 0xff, 0xad, 0xdf, 0xe7, 0xff, 
0xad, 0xdf, 0xe7, 0xff, 0xad, 0xdf, 0xe7, 0xff, 0xad, 0xdf, 0xe7, 0xff, 0xad, 0xdf, 0xe7, 0xff, 
0xad, 0xdf, 0xe7, 0xff, 0xad, 0xdf, 0xe7, 0xff, 0xad, 0xdf, 0xe7, 0xff, 0xad, 0xdf, 0xe7, 0xff, 
0xad, 0xdf, 0xe7, 0xff, 0xac, 0xdf, 0xe6, 0xff, 0xad, 0xdf, 0xe7, 0xff, 0xad, 0xdf, 0xe6, 0xff, 
0xad, 0xdf, 0xe7, 0xff, 0xad, 0xdf, 0xe7, 0xff, 0xad, 0xdf, 0xe7, 0xff, 0xad, 0xdf, 0xe7, 0xff, 
0xad, 0xdf, 0xe7, 0xff, 0xad, 0xdf, 0xe7, 0xff, 0xad, 0xdf, 0xe7, 0xff, 0xad, 0xdf, 0xe7, 0xff, 
0xad, 0xdf, 0xe7, 0xff, 0xad, 0xdf, 0xe7, 0xff, 0xad, 0xdf, 0xe7, 0xff, 0xad, 0xdf, 0xe7, 0xff, 
0xad, 0xdf, 0xe7, 0xff, 0xad, 0xdf, 0xe7, 0xff, 0xad, 0xdf, 0xe7, 0xff, 0xac, 0xdf, 0xe7, 0xff, 
0xad, 0xdf, 0xe7, 0xff, 0xad, 0xdf, 0xe7, 0xff, 0xad, 0xdf, 0xe7, 0xff, 0xad, 0xdf, 0xe7, 0xff, 
0xad, 0xdf, 0xe7, 0xff, 0xad, 0xdf, 0xe7, 0xff, 0xad, 0xdf, 0xe7, 0xff, 0xac, 0xdf, 0xe7, 0xff, 
0xad, 0xdf, 0xe7, 0xff, 0xad, 0xdf, 0xe7, 0xff, 0xad, 0xdf, 0xe7, 0xff, 0xad, 0xdf, 0xe7, 0xff, 
0xad, 0xdf, 0xe7, 0xff, 0xad, 0xdf, 0xe7, 0xff, 0xad, 0xdf, 0xe7, 0xff, 0xad, 0xdf, 0xe7, 0xff, 
0xad, 0xdf, 0xe7, 0xff, 0xac, 0xdf, 0xe7, 0xff, 0xac, 0xdf, 0xe7, 0xff, 0xad, 0xdf, 0xe7, 0xff, 
0xad, 0xdf, 0xe7, 0xff, 0xad, 0xdf, 0xe7, 0xff, 0xad, 0xdf, 0xe7, 0xff, 0xac, 0xdf, 0xe7, 0xff, 
0xad, 0xdf, 0xe7, 0xff, 0xad, 0xdf, 0xe7, 0xff, 0xad, 0xdf, 0xe7, 0xff, 0xad, 0xdf, 0xe7, 0xff, 
0xad, 0xdf, 0xe7, 0xff, 0xad, 0xdf, 0xe7, 0xff, 0xad, 0xdf, 0xe7, 0xff, 0xad, 0xdf, 0xe7, 0xff, 
0xad, 0xdf, 0xe7, 0xff, 0xad, 0xdf, 0xe7, 0xff, 0xad, 0xdf, 0xe7, 0xff, 0xad, 0xdf, 0xe7, 0xff, 
0xad, 0xdf, 0xe7, 0xff, 0xad, 0xdf, 0xe7, 0xff, 0xad, 0xdf, 0xe7, 0xff, 0xad, 0xdf, 0xe7, 0xff, 
0xac, 0xdf, 0xe7, 0xff, 0xac, 0xdf, 0xe7, 0xff, 0xad, 0xdf, 0xe7, 0xff, 0xad, 0xdf, 0xe7, 0xff, 
0xad, 0xdf, 0xe7, 0xff, 0xad, 0xdf, 0xe7, 0xff, 0xac, 0xdf, 0xe7, 0xff, 0xad, 0xdf, 0xe7, 0xff, 
0xad, 0xdf, 0xe7, 0xff, 0xad, 0xdf, 0xe7, 0xff, 0xad, 0xdf, 0xe7, 0xff, 0xad, 0xdf, 0xe7, 0xff, 
0xad, 0xdf, 0xe7, 0xff, 0xad, 0xdf, 0xe7, 0xff, 0xad, 0xdf, 0xe7, 0xff, 0xad, 0xdf, 0xe7, 0xff, 
0xad, 0xdf, 0xe7, 0xff, 0xad, 0xdf, 0xe7, 0xff, 0xad, 0xdf, 0xe6, 0xff, 0xac, 0xdf, 0xe7, 0xff, 
0xad, 0xdf, 0xe7, 0xff, 0xad, 0xdf, 0xe7, 0xff, 0xad, 0xdf, 0xe7, 0xff, 0xad, 0xdf, 0xe7, 0xff, 
0xad, 0xdf, 0xe7, 0xff, 0xad, 0xdf, 0xe7, 0xff, 0xad, 0xdf, 0xe7, 0xff, 0xad, 0xdf, 0xe7, 0xff, 
0xad, 0xdf, 0xe7, 0xff, 0xad, 0xdf, 0xe7, 0xff, 0xad, 0xdf, 0xe7, 0xff, 0xad, 0xdf, 0xe7, 0xff, 
0xad, 0xdf, 0xe7, 0xff, 0xad, 0xdf, 0xe7, 0xff, 0xad, 0xdf, 0xe7, 0xff, 0xad, 0xdf, 0xe7, 0xff, 
0xad, 0xdf, 0xe7, 0xff, 0xad, 0xdf, 0xe7, 0xff, 0xad, 0xdf, 0xe7, 0xff, 0xad, 0xdf, 0xe7, 0xff, 
0xad, 0xdf, 0xe7, 0xff, 0xad, 0xdf, 0xe7, 0xff, 0xad, 0xdf, 0xe7, 0xff, 0xad, 0xdf, 0xe7, 0xff, 
0xae, 0xe0, 0xe8, 0xff, 0xae, 0xe1, 0xe8, 0xff, 0xae, 0xe1, 0xe8, 0xff, 0xae, 0xe1, 0xe8, 0xff, 
0xae, 0xe0, 0xe8, 0xff, 0xae, 0xe0, 0xe8, 0xff, 0xae, 0xe0, 0xe8, 0xff, 0xae, 0xe0, 0xe8, 0xff, 
0xae, 0xe0, 0xe8, 0xff, 0xae, 0xe0, 0xe8, 0xff, 0xad, 0xe1, 0xe8, 0xff, 0xad, 0xe1, 0xe8, 0xff, 
0xae, 0xe0, 0xe8, 0xff, 0xad, 0xe0, 0xe7, 0xff, 0xae, 0xe0, 0xe8, 0xff, 0xae, 0xe0, 0xe8, 0xff, 
0xae, 0xe0, 0xe8, 0xff, 0xae, 0xe0, 0xe8, 0xff, 0xae, 0xe0, 0xe8, 0xff, 0xae, 0xe0, 0xe8, 0xff, 
0xad, 0xe0, 0xe9, 0xff, 0xad, 0xe0, 0xe9, 0xff, 0xae, 0xe0, 0xe7, 0xff, 0xad, 0xe0, 0xe7, 0xff, 
0xae, 0xe0, 0xe7, 0xff, 0xae, 0xe0, 0xe8, 0xff, 0xad, 0xe0, 0xe7, 0xff, 0xae, 0xe0, 0xe7, 0xff, 
0xae, 0xe0, 0xe7, 0xff, 0xae, 0xe0, 0xe8, 0xff, 0xae, 0xe0, 0xe8, 0xff, 0xae, 0xe1, 0xe8, 0xff, 
0xae, 0xe1, 0xe8, 0xff, 0xae, 0xe0, 0xe8, 0xff, 0xae, 0xe0, 0xe8, 0xff, 0xae, 0xe0, 0xe8, 0xff, 
0xae, 0xe0, 0xe9, 0xff, 0xae, 0xe0, 0xe9, 0xff, 0xae, 0xe0, 0xe8, 0xff, 0xae, 0xe0, 0xe7, 0xff, 
0xae, 0xe0, 0xe7, 0xff, 0xae, 0xe0, 0xe7, 0xff, 0xae, 0xe0, 0xe7, 0xff, 0xae, 0xe0, 0xe8, 0xff, 
0xae, 0xe0, 0xe8, 0xff, 0xae, 0xe0, 0xe7, 0xff, 0xae, 0xe0, 0xe8, 0xff, 0xae, 0xe0, 0xe9, 0xff, 
0xae, 0xe0, 0xe8, 0xff, 0xae, 0xe0, 0xe8, 0xff, 0xae, 0xe0, 0xe8, 0xff, 0xae, 0xe0, 0xe8, 0xff, 
0xae, 0xe0, 0xe8, 0xff, 0xae, 0xe0, 0xe8, 0xff, 0xad, 0xe0, 0xe8, 0xff, 0xae, 0xe0, 0xe8, 0xff, 
0xae, 0xe0, 0xe8, 0xff, 0xae, 0xe0, 0xe8, 0xff, 0xae, 0xe0, 0xe8, 0xff, 0xae, 0xe0, 0xe8, 0xff, 
0xae, 0xe0, 0xe8, 0xff, 0xae, 0xe0, 0xe8, 0xff, 0xae, 0xe0, 0xe8, 0xff, 0xae, 0xe0, 0xe8, 0xff, 
0xae, 0xe0, 0xe8, 0xff, 0xae, 0xe0, 0xe8, 0xff, 0xae, 0xe0, 0xe8, 0xff, 0xae, 0xe0, 0xe8, 0xff, 
0xae, 0xe0, 0xe8, 0xff, 0xae, 0xe0, 0xe8, 0xff, 0xae, 0xe0, 0xe8, 0xff, 0xae, 0xe0, 0xe8, 0xff, 
0xae, 0xe0, 0xe8, 0xff, 0xae, 0xe0, 0xe8, 0xff, 0xae, 0xe0, 0xe8, 0xff, 0xae, 0xe0, 0xe8, 0xff, 
0xae, 0xe0, 0xe8, 0xff, 0xae, 0xe0, 0xe8, 0xff, 0xae, 0xe0, 0xe8, 0xff, 0xae, 0xe0, 0xe8, 0xff, 
0xae, 0xe0, 0xe8, 0xff, 0xae, 0xe0, 0xe8, 0xff, 0xae, 0xe0, 0xe8, 0xff, 0xae, 0xe0, 0xe8, 0xff, 
0xae, 0xe0, 0xe8, 0xff, 0xae, 0xe0, 0xe8, 0xff, 0xae, 0xe0, 0xe8, 0xff, 0xae, 0xe0, 0xe8, 0xff, 
0xae, 0xe0, 0xe8, 0xff, 0xae, 0xe0, 0xe8, 0xff, 0xae, 0xe0, 0xe8, 0xff, 0xae, 0xe0, 0xe8, 0xff, 
0xae, 0xe0, 0xe8, 0xff, 0xae, 0xe0, 0xe8, 0xff, 0xae, 0xe0, 0xe8, 0xff, 0xae, 0xe0, 0xe8, 0xff, 
0xae, 0xe0, 0xe8, 0xff, 0xae, 0xe0, 0xe8, 0xff, 0xae, 0xe0, 0xe8, 0xff, 0xae, 0xe0, 0xe8, 0xff, 
0xae, 0xe0, 0xe7, 0xff, 0xae, 0xe0, 0xe7, 0xff, 0xae, 0xe0, 0xe7, 0xff, 0xae, 0xe0, 0xe7, 0xff, 
0xae, 0xe0, 0xe8, 0xff, 0xae, 0xe0, 0xe8, 0xff, 0xae, 0xe0, 0xe8, 0xff, 0xae, 0xe0, 0xe8, 0xff, 
0xae, 0xe0, 0xe8, 0xff, 0xae, 0xe0, 0xe8, 0xff, 0xad, 0xe0, 0xe8, 0xff, 0xae, 0xe0, 0xe8, 0xff, 
0xad, 0xe0, 0xe8, 0xff, 0xad, 0xe0, 0xe8, 0xff, 0xae, 0xe0, 0xe7, 0xff, 0xad, 0xe0, 0xe7, 0xff, 
0xad, 0xe0, 0xe8, 0xff, 0xad, 0xe0, 0xe8, 0xff, 0xae, 0xe0, 0xe8, 0xff, 0xae, 0xe0, 0xe8, 0xff, 
0xae, 0xe0, 0xe8, 0xff, 0xae, 0xe0, 0xe8, 0xff, 0xae, 0xe0, 0xe8, 0xff, 0xae, 0xe0, 0xe8, 0xff, 
0xae, 0xe0, 0xe8, 0xff, 0xae, 0xe0, 0xe8, 0xff, 0xae, 0xe0, 0xe8, 0xff, 0xae, 0xe0, 0xe8, 0xff, 
0xae, 0xe0, 0xe8, 0xff, 0xae, 0xe0, 0xe8, 0xff, 0xae, 0xe0, 0xe8, 0xff, 0xae, 0xe0, 0xe8, 0xff, 
0xae, 0xe0, 0xe8, 0xff, 0xae, 0xe0, 0xe8, 0xff, 0xae, 0xe0, 0xe8, 0xff, 0xae, 0xe0, 0xe8, 0xff, 
0xae, 0xe0, 0xe8, 0xff, 0xae, 0xe0, 0xe8, 0xff, 0xad, 0xe1, 0xe9, 0xff, 0xad, 0xe1, 0xe8, 0xff, 
0xad, 0xe0, 0xe7, 0xff, 0xae, 0xe0, 0xe7, 0xff, 0xae, 0xe0, 0xe8, 0xff, 0xad, 0xe1, 0xe8, 0xff, 
0xae, 0xe0, 0xe8, 0xff, 0xae, 0xe0, 0xe8, 0xff, 0xae, 0xe1, 0xe8, 0xff, 0xae, 0xe0, 0xe8, 0xff, 
0xae, 0xe0, 0xe8, 0xff, 0xae, 0xe0, 0xe9, 0xff, 0xae, 0xe0, 0xe7, 0xff, 0xad, 0xe0, 0xe8, 0xff, 
0xae, 0xe0, 0xe7, 0xff, 0xae, 0xe0, 0xe7, 0xff, 0xad, 0xe0, 0xe7, 0xff, 0xae, 0xe0, 0xe7, 0xff, 
0xae, 0xe0, 0xe8, 0xff, 0xae, 0xe0, 0xe8, 0xff, 0xae, 0xe0, 0xe8, 0xff, 0xad, 0xe1, 0xe8, 0xff, 
0xae, 0xe0, 0xe8, 0xff, 0xae, 0xe0, 0xe8, 0xff, 0xae, 0xe0, 0xe8, 0xff, 0xad, 0xe0, 0xe9, 0xff, 
0xae, 0xe0, 0xe8, 0xff, 0xae, 0xe0, 0xe9, 0xff, 0xae, 0xe0, 0xe9, 0xff, 0xae, 0xe0, 0xe8, 0xff, 
0xae, 0xe0, 0xe7, 0xff, 0xae, 0xe0, 0xe7, 0xff, 0xae, 0xe0, 0xe8, 0xff, 0xae, 0xe0, 0xe8, 0xff, 
0xae, 0xe0, 0xe7, 0xff, 0xae, 0xe0, 0xe7, 0xff, 0xae, 0xe0, 0xe8, 0xff, 0xae, 0xe0, 0xe7, 0xff, 
0xae, 0xe0, 0xe8, 0xff, 0xae, 0xe0, 0xe7, 0xff, 0xae, 0xe0, 0xe8, 0xff, 0xae, 0xe0, 0xe9, 0xff, 
0xae, 0xe0, 0xe9, 0xff, 0xae, 0xe0, 0xe9, 0xff, 0xad, 0xe0, 0xe8, 0xff, 0xad, 0xe0, 0xe9, 0xff, 
0xad, 0xe1, 0xe8, 0xff, 0xae, 0xe0, 0xe8, 0xff, 0xae, 0xe0, 0xe8, 0xff, 0xae, 0xe0, 0xe8, 0xff, 
0xae, 0xe0, 0xe8, 0xff, 0xae, 0xe0, 0xe8, 0xff, 0xae, 0xe0, 0xe8, 0xff, 0xae, 0xe0, 0xe8, 0xff, 
0xae, 0xe0, 0xe8, 0xff, 0xae, 0xe0, 0xe8, 0xff, 0xae, 0xe0, 0xe8, 0xff, 0xae, 0xe0, 0xe8, 0xff, 
0xae, 0xe0, 0xe8, 0xff, 0xae, 0xe0, 0xe8, 0xff, 0xae, 0xe0, 0xe8, 0xff, 0xae, 0xe0, 0xe8, 0xff, 
0xae, 0xe1, 0xe9, 0xff, 0xad, 0xe1, 0xe8, 0xff, 0xae, 0xe0, 0xe8, 0xff, 0xae, 0xe0, 0xe8, 0xff, 
0xae, 0xe0, 0xe8, 0xff, 0xae, 0xe0, 0xe8, 0xff, 0xae, 0xe0, 0xe8, 0xff, 0xae, 0xe0, 0xe8, 0xff, 
0xae, 0xe0, 0xe9, 0xff, 0xae, 0xe0, 0xe7, 0xff, 0xae, 0xe0, 0xe7, 0xff, 0xae, 0xe0, 0xe8, 0xff, 
0xae, 0xe0, 0xe8, 0xff, 0xae, 0xe0, 0xe7, 0xff, 0xae, 0xe0, 0xe7, 0xff, 0xae, 0xe0, 0xe7, 0xff, 
0xae, 0xe0, 0xe7, 0xff, 0xae, 0xe0, 0xe8, 0xff, 0xae, 0xe0, 0xe9, 0xff, 0xae, 0xe0, 0xe9, 0xff, 
0xae, 0xe0, 0xe8, 0xff, 0xae, 0xe0, 0xe8, 0xff, 0xae, 0xe0, 0xe8, 0xff, 0xae, 0xe1, 0xe8, 0xff, 
0xae, 0xe1, 0xe8, 0xff, 0xae, 0xe0, 0xe8, 0xff, 0xae, 0xe0, 0xe8, 0xff, 0xae, 0xe0, 0xe7, 0xff, 
0xae, 0xe0, 0xe7, 0xff, 0xad, 0xe0, 0xe7, 0xff, 0xae, 0xe0, 0xe8, 0xff, 0xae, 0xe0, 0xe7, 0xff, 
0xad, 0xe0, 0xe7, 0xff, 0xae, 0xe0, 0xe7, 0xff, 0xad, 0xe0, 0xe9, 0xff, 0xad, 0xe0, 0xe9, 0xff, 
0xae, 0xe0, 0xe8, 0xff, 0xae, 0xe0, 0xe8, 0xff, 0xae, 0xe0, 0xe8, 0xff, 0xae, 0xe0, 0xe8, 0xff, 
0xae, 0xe0, 0xe8, 0xff, 0xae, 0xe0, 0xe8, 0xff, 0xae, 0xe0, 0xe8, 0xff, 0xae, 0xe0, 0xe8, 0xff, 
0xae, 0xe0, 0xe8, 0xff, 0xae, 0xe0, 0xe8, 0xff, 0xae, 0xe0, 0xe8, 0xff, 0xae, 0xe0, 0xe8, 0xff, 
0xae, 0xe0, 0xe8, 0xff, 0xae, 0xe0, 0xe8, 0xff, 0xae, 0xe0, 0xe8, 0xff, 0xae, 0xe0, 0xe8, 0xff, 
0xae, 0xe0, 0xe8, 0xff, 0xae, 0xe0, 0xe8, 0xff, 0xae, 0xe0, 0xe8, 0xff, 0xae, 0xe0, 0xe8, 0xff, 
0xad, 0xe3, 0xe8, 0xff, 0xae, 0xe2, 0xe8, 0xff, 0xae, 0xe2, 0xe8, 0xff, 0xae, 0xe2, 0xe8, 0xff, 
0xad, 0xe2, 0xe8, 0xff, 0xae, 0xe1, 0xe8, 0xff, 0xaf, 0xe1, 0xe8, 0xff, 0xaf, 0xe1, 0xe8, 0xff, 
0xaf, 0xe1, 0xe8, 0xff, 0xaf, 0xe2, 0xe8, 0xff, 0xad, 0xe2, 0xe8, 0xff, 0xad, 0xe2, 0xe8, 0xff, 
0xad, 0xe2, 0xe8, 0xff, 0xad, 0xe1, 0xe7, 0xff, 0xae, 0xe2, 0xe8, 0xff, 0xb0, 0xe1, 0xe8, 0xff, 
0xad, 0xe2, 0xe8, 0xff, 0xae, 0xe2, 0xe8, 0xff, 0xaf, 0xe1, 0xe8, 0xff, 0xae, 0xe2, 0xe8, 0xff, 
0xac, 0xe2, 0xe9, 0xff, 0xae, 0xe1, 0xe8, 0xff, 0xae, 0xe1, 0xe8, 0xff, 0xae, 0xe1, 0xe8, 0xff, 
0xae, 0xe1, 0xe8, 0xff, 0xad, 0xe1, 0xe8, 0xff, 0xad, 0xe2, 0xe7, 0xff, 0xae, 0xe1, 0xe8, 0xff, 
0xad, 0xe2, 0xe8, 0xff, 0xae, 0xe2, 0xe8, 0xff, 0xad, 0xe2, 0xe8, 0xff, 0xad, 0xe2, 0xe8, 0xff, 
0xae, 0xe2, 0xe8, 0xff, 0xae, 0xe2, 0xe8, 0xff, 0xad, 0xe2, 0xe8, 0xff, 0xad, 0xe2, 0xe8, 0xff, 
0xaf, 0xe1, 0xe8, 0xff, 0xae, 0xe2, 0xe8, 0xff, 0xae, 0xe1, 0xe8, 0xff, 0xae, 0xe2, 0xe8, 0xff, 
0xaf, 0xe1, 0xe8, 0xff, 0xae, 0xe2, 0xe8, 0xff, 0xad, 0xe2, 0xe8, 0xff, 0xae, 0xe1, 0xe8, 0xff, 
0xae, 0xe1, 0xe8, 0xff, 0xae, 0xe1, 0xe7, 0xff, 0xae, 0xe1, 0xe8, 0xff, 0xae, 0xe2, 0xe8, 0xff, 
0xae, 0xe2, 0xe8, 0xff, 0xad, 0xe2, 0xe8, 0xff, 0xae, 0xe3, 0xe9, 0xff, 0xae, 0xe3, 0xe9, 0xff, 
0xae, 0xe3, 0xe8, 0xff, 0xae, 0xe3, 0xe8, 0xff, 0xad, 0xe3, 0xe8, 0xff, 0xae, 0xe3, 0xe8, 0xff, 
0xae, 0xe3, 0xe8, 0xff, 0xae, 0xe3, 0xe8, 0xff, 0xae, 0xe3, 0xe8, 0xff, 0xae, 0xe3, 0xe8, 0xff, 
0xae, 0xe3, 0xe8, 0xff, 0xae, 0xe3, 0xe8, 0xff, 0xae, 0xe3, 0xe8, 0xff, 0xae, 0xe3, 0xe8, 0xff, 
0xae, 0xe3, 0xe8, 0xff, 0xae, 0xe3, 0xe8, 0xff, 0xae, 0xe3, 0xe8, 0xff, 0xae, 0xe3, 0xe8, 0xff, 
0xae, 0xe3, 0xe8, 0xff, 0xae, 0xe3, 0xe8, 0xff, 0xae, 0xe3, 0xe8, 0xff, 0xae, 0xe3, 0xe8, 0xff, 
0xae, 0xe3, 0xe8, 0xff, 0xae, 0xe3, 0xe8, 0xff, 0xae, 0xe3, 0xe8, 0xff, 0xae, 0xe3, 0xe8, 0xff, 
0xae, 0xe3, 0xe8, 0xff, 0xae, 0xe3, 0xe8, 0xff, 0xae, 0xe3, 0xe8, 0xff, 0xae, 0xe3, 0xe8, 0xff, 
0xae, 0xe3, 0xe8, 0xff, 0xae, 0xe3, 0xe8, 0xff, 0xae, 0xe3, 0xe8, 0xff, 0xae, 0xe3, 0xe8, 0xff, 
0xae, 0xe3, 0xe8, 0xff, 0xae, 0xe3, 0xe8, 0xff, 0xae, 0xe3, 0xe8, 0xff, 0xae, 0xe3, 0xe8, 0xff, 
0xae, 0xe3, 0xe8, 0xff, 0xae, 0xe3, 0xe8, 0xff, 0xae, 0xe3, 0xe8, 0xff, 0xae, 0xe3, 0xe8, 0xff, 
0xae, 0xe3, 0xe8, 0xff, 0xae, 0xe3, 0xe8, 0xff, 0xae, 0xe3, 0xe8, 0xff, 0xae, 0xe3, 0xe8, 0xff, 
0xae, 0xe3, 0xe8, 0xff, 0xae, 0xe3, 0xe8, 0xff, 0xae, 0xe3, 0xe8, 0xff, 0xae, 0xe3, 0xe8, 0xff, 
0xae, 0xe3, 0xe9, 0xff, 0xae, 0xe3, 0xe9, 0xff, 0xae, 0xe3, 0xe9, 0xff, 0xae, 0xe3, 0xe9, 0xff, 
0xae, 0xe3, 0xe8, 0xff, 0xae, 0xe3, 0xe8, 0xff, 0xae, 0xe3, 0xe8, 0xff, 0xae, 0xe3, 0xe8, 0xff, 
0xae, 0xe3, 0xe8, 0xff, 0xae, 0xe3, 0xe8, 0xff, 0xad, 0xe3, 0xe8, 0xff, 0xae, 0xe3, 0xe8, 0xff, 
0xad, 0xe3, 0xe8, 0xff, 0xad, 0xe3, 0xe8, 0xff, 0xad, 0xe2, 0xe8, 0xff, 0xad, 0xe2, 0xe8, 0xff, 
0xad, 0xe3, 0xe8, 0xff, 0xad, 0xe3, 0xe9, 0xff, 0xae, 0xe2, 0xe8, 0xff, 0xae, 0xe2, 0xe8, 0xff, 
0xae, 0xe2, 0xe8, 0xff, 0xae, 0xe2, 0xe8, 0xff, 0xae, 0xe2, 0xe8, 0xff, 0xae, 0xe3, 0xe8, 0xff, 
0xae, 0xe3, 0xe8, 0xff, 0xae, 0xe3, 0xe8, 0xff, 0xae, 0xe3, 0xe8, 0xff, 0xae, 0xe3, 0xe8, 0xff, 
0xae, 0xe3, 0xe8, 0xff, 0xae, 0xe3, 0xe8, 0xff, 0xae, 0xe3, 0xe8, 0xff, 0xae, 0xe3, 0xe8, 0xff, 
0xae, 0xe3, 0xe8, 0xff, 0xae, 0xe2, 0xe8, 0xff, 0xae, 0xe2, 0xe8, 0xff, 0xaf, 0xe2, 0xe8, 0xff, 
0xaf, 0xe1, 0xe8, 0xff, 0xaf, 0xe1, 0xe8, 0xff, 0xad, 0xe2, 0xe8, 0xff, 0xad, 0xe2, 0xe8, 0xff, 
0xad, 0xe2, 0xe8, 0xff, 0xad, 0xe1, 0xe7, 0xff, 0xae, 0xe2, 0xe8, 0xff, 0xad, 0xe2, 0xe8, 0xff, 
0xad, 0xe2, 0xe7, 0xff, 0xad, 0xe2, 0xe8, 0xff, 0xae, 0xe2, 0xe8, 0xff, 0xae, 0xe2, 0xe8, 0xff, 
0xad, 0xe2, 0xe8, 0xff, 0xad, 0xe2, 0xe9, 0xff, 0xaf, 0xe1, 0xe8, 0xff, 0xae, 0xe1, 0xe7, 0xff, 
0xaf, 0xe1, 0xe8, 0xff, 0xae, 0xe2, 0xe8, 0xff, 0xad, 0xe1, 0xe7, 0xff, 0xad, 0xe1, 0xe8, 0xff, 
0xae, 0xe1, 0xe8, 0xff, 0xae, 0xe1, 0xe8, 0xff, 0xae, 0xe2, 0xe8, 0xff, 0xac, 0xe3, 0xe8, 0xff, 
0xae, 0xe2, 0xe8, 0xff, 0xae, 0xe2, 0xe8, 0xff, 0xad, 0xe1, 0xe7, 0xff, 0xad, 0xe1, 0xe8, 0xff, 
0xaf, 0xe1, 0xe8, 0xff, 0xaf, 0xe1, 0xe8, 0xff, 0xae, 0xe1, 0xe8, 0xff, 0xae, 0xe1, 0xe8, 0xff, 
0xaf, 0xe1, 0xe8, 0xff, 0xaf, 0xe1, 0xe8, 0xff, 0xae, 0xe2, 0xe8, 0xff, 0xae, 0xe1, 0xe8, 0xff, 
0xae, 0xe1, 0xe8, 0xff, 0xae, 0xe1, 0xe8, 0xff, 0xae, 0xe1, 0xe8, 0xff, 0xae, 0xe1, 0xe8, 0xff, 
0xae, 0xe2, 0xe8, 0xff, 0xad, 0xe1, 0xe8, 0xff, 0xae, 0xe1, 0xe8, 0xff, 0xae, 0xe2, 0xe8, 0xff, 
0xaf, 0xe1, 0xe8, 0xff, 0xae, 0xe2, 0xe9, 0xff, 0xad, 0xe2, 0xe8, 0xff, 0xae, 0xe2, 0xe8, 0xff, 
0xad, 0xe2, 0xe8, 0xff, 0xad, 0xe2, 0xe8, 0xff, 0xad, 0xe2, 0xe8, 0xff, 0xad, 0xe2, 0xe8, 0xff, 
0xae, 0xe2, 0xe8, 0xff, 0xae, 0xe2, 0xe8, 0xff, 0xae, 0xe2, 0xe8, 0xff, 0xae, 0xe2, 0xe8, 0xff, 
0xae, 0xe1, 0xe8, 0xff, 0xad, 0xe1, 0xe8, 0xff, 0xad, 0xe1, 0xe8, 0xff, 0xae, 0xe2, 0xe8, 0xff, 
0xad, 0xe2, 0xe8, 0xff, 0xad, 0xe2, 0xe8, 0xff, 0xad, 0xe2, 0xe8, 0xff, 0xad, 0xe2, 0xe8, 0xff, 
0xad, 0xe2, 0xe8, 0xff, 0xad, 0xe2, 0xe8, 0xff, 0xae, 0xe2, 0xe8, 0xff, 0xae, 0xe2, 0xe8, 0xff, 
0xad, 0xe2, 0xe8, 0xff, 0xae, 0xe3, 0xe8, 0xff, 0xae, 0xe2, 0xe8, 0xff, 0xae, 0xe2, 0xe8, 0xff, 
0xae, 0xe3, 0xe9, 0xff, 0xae, 0xe2, 0xe8, 0xff, 0xae, 0xe2, 0xe8, 0xff, 0xae, 0xe2, 0xe8, 0xff, 
0xae, 0xe2, 0xe8, 0xff, 0xae, 0xe2, 0xe8, 0xff, 0xae, 0xe2, 0xe8, 0xff, 0xaf, 0xe1, 0xe8, 0xff, 
0xae, 0xe1, 0xe8, 0xff, 0xae, 0xe1, 0xe8, 0xff, 0xae, 0xe2, 0xe8, 0xff, 0xaf, 0xe1, 0xe8, 0xff, 
0xad, 0xe2, 0xe8, 0xff, 0xad, 0xe2, 0xe8, 0xff, 0xae, 0xe2, 0xe8, 0xff, 0xae, 0xe2, 0xe8, 0xff, 
0xad, 0xe2, 0xe8, 0xff, 0xad, 0xe2, 0xe8, 0xff, 0xae, 0xe2, 0xe8, 0xff, 0xad, 0xe2, 0xe8, 0xff, 
0xae, 0xe1, 0xe8, 0xff, 0xad, 0xe2, 0xe7, 0xff, 0xad, 0xe1, 0xe8, 0xff, 0xaf, 0xe1, 0xe8, 0xff, 
0xae, 0xe1, 0xe8, 0xff, 0xae, 0xe1, 0xe7, 0xff, 0xae, 0xe1, 0xe8, 0xff, 0xad, 0xe2, 0xe9, 0xff, 
0xae, 0xe2, 0xe8, 0xff, 0xaf, 0xe2, 0xe8, 0xff, 0xae, 0xe3, 0xe8, 0xff, 0xae, 0xe3, 0xe8, 0xff, 
0xae, 0xe3, 0xe8, 0xff, 0xae, 0xe3, 0xe8, 0xff, 0xae, 0xe3, 0xe8, 0xff, 0xae, 0xe3, 0xe8, 0xff, 
0xae, 0xe3, 0xe8, 0xff, 0xae, 0xe3, 0xe8, 0xff, 0xae, 0xe3, 0xe8, 0xff, 0xae, 0xe3, 0xe8, 0xff, 
0xae, 0xe3, 0xe8, 0xff, 0xae, 0xe3, 0xe8, 0xff, 0xae, 0xe3, 0xe8, 0xff, 0xae, 0xe3, 0xe8, 0xff, 
0xae, 0xe3, 0xe8, 0xff, 0xae, 0xe3, 0xe8, 0xff, 0xae, 0xe3, 0xe9, 0xff, 0xae, 0xe3, 0xe8, 0xff, 
0xae, 0xe3, 0xe9, 0xff, 0xb0, 0xe2, 0xe9, 0xff, 0xb0, 0xe2, 0xe9, 0xff, 0xaf, 0xe1, 0xe8, 0xff, 
0xae, 0xe2, 0xe8, 0xff, 0xae, 0xe1, 0xe8, 0xff, 0xad, 0xe2, 0xe8, 0xff, 0xaf, 0xe1, 0xe8, 0xff, 
0xaf, 0xe1, 0xe8, 0xff, 0xad, 0xe2, 0xe8, 0xff, 0xad, 0xe2, 0xe8, 0xff, 0xad, 0xe2, 0xe8, 0xff, 
0xad, 0xe2, 0xe8, 0xff, 0xae, 0xe2, 0xe8, 0xff, 0xad, 0xe2, 0xe8, 0xff, 0xaf, 0xe2, 0xe8, 0xff, 
0xae, 0xe3, 0xe9, 0xff, 0xad, 0xe2, 0xe8, 0xff, 0xad, 0xe2, 0xe8, 0xff, 0xad, 0xe2, 0xe8, 0xff, 
0xae, 0xe2, 0xe8, 0xff, 0xaf, 0xe1, 0xe8, 0xff, 0xaf, 0xe1, 0xe8, 0xff, 0xaf, 0xe1, 0xe8, 0xff, 
0xad, 0xe2, 0xe8, 0xff, 0xad, 0xe2, 0xe8, 0xff, 0xad, 0xe2, 0xe8, 0xff, 0xaf, 0xe1, 0xe8, 0xff, 
0xae, 0xe2, 0xe8, 0xff, 0xad, 0xe2, 0xe8, 0xff, 0xae, 0xe2, 0xe8, 0xff, 0xaf, 0xe1, 0xe8, 0xff, 
0xae, 0xe2, 0xe8, 0xff, 0xae, 0xe1, 0xe8, 0xff, 0xae, 0xe2, 0xe8, 0xff, 0xaf, 0xe1, 0xe8, 0xff, 
0xaf, 0xe1, 0xe8, 0xff, 0xae, 0xe2, 0xe8, 0xff, 0xaf, 0xe1, 0xe8, 0xff, 0xae, 0xe2, 0xe8, 0xff, 
0xad, 0xe2, 0xe8, 0xff, 0xaf, 0xe1, 0xe8, 0xff, 0xae, 0xe2, 0xe8, 0xff, 0xaf, 0xe2, 0xe8, 0xff, 
0xae, 0xe2, 0xe9, 0xff, 0xaf, 0xe2, 0xe9, 0xff, 0xaf, 0xe2, 0xe9, 0xff, 0xae, 0xe3, 0xe9, 0xff, 
0xaf, 0xe3, 0xe9, 0xff, 0xaf, 0xe3, 0xe9, 0xff, 0xaf, 0xe3, 0xe9, 0xff, 0xaf, 0xe3, 0xe9, 0xff, 
0xaf, 0xe3, 0xe9, 0xff, 0xaf, 0xe3, 0xe9, 0xff, 0xaf, 0xe3, 0xe9, 0xff, 0xaf, 0xe3, 0xe9, 0xff, 
0xaf, 0xe3, 0xe9, 0xff, 0xaf, 0xe3, 0xe9, 0xff, 0xaf, 0xe3, 0xe9, 0xff, 0xaf, 0xe3, 0xe9, 0xff, 
0xaf, 0xe3, 0xe9, 0xff, 0xaf, 0xe3, 0xe9, 0xff, 0xaf, 0xe3, 0xe9, 0xff, 0xaf, 0xe3, 0xe9, 0xff, 
0xaf, 0xe3, 0xe9, 0xff, 0xaf, 0xe3, 0xe9, 0xff, 0xaf, 0xe3, 0xe9, 0xff, 0xaf, 0xe3, 0xe9, 0xff, 
0xaf, 0xe3, 0xe9, 0xff, 0xaf, 0xe3, 0xe9, 0xff, 0xaf, 0xe3, 0xe9, 0xff, 0xaf, 0xe3, 0xe9, 0xff, 
0xaf, 0xe3, 0xe9, 0xff, 0xaf, 0xe3, 0xe9, 0xff, 0xaf, 0xe3, 0xe9, 0xff, 0xaf, 0xe3, 0xe9, 0xff, 
0xaf, 0xe3, 0xe9, 0xff, 0xaf, 0xe3, 0xe9, 0xff, 0xaf, 0xe3, 0xe9, 0xff, 0xaf, 0xe3, 0xe9, 0xff, 
0xaf, 0xe3, 0xe9, 0xff, 0xaf, 0xe3, 0xe9, 0xff, 0xaf, 0xe3, 0xe9, 0xff, 0xaf, 0xe3, 0xe9, 0xff, 
0xaf, 0xe3, 0xe9, 0xff, 0xaf, 0xe3, 0xe9, 0xff, 0xaf, 0xe3, 0xe9, 0xff, 0xaf, 0xe3, 0xe9, 0xff, 
0xaf, 0xe3, 0xe9, 0xff, 0xaf, 0xe3, 0xe9, 0xff, 0xaf, 0xe3, 0xe9, 0xff, 0xaf, 0xe3, 0xe9, 0xff, 
0xaf, 0xe3, 0xe9, 0xff, 0xaf, 0xe3, 0xe9, 0xff, 0xaf, 0xe3, 0xe9, 0xff, 0xaf, 0xe3, 0xe9, 0xff, 
0xaf, 0xe3, 0xe9, 0xff, 0xaf, 0xe3, 0xe9, 0xff, 0xaf, 0xe3, 0xe9, 0xff, 0xaf, 0xe3, 0xe9, 0xff, 
0xaf, 0xe3, 0xe9, 0xff, 0xaf, 0xe3, 0xe9, 0xff, 0xaf, 0xe3, 0xe9, 0xff, 0xaf, 0xe3, 0xe9, 0xff, 
0xaf, 0xe3, 0xe9, 0xff, 0xaf, 0xe3, 0xe9, 0xff, 0xaf, 0xe3, 0xe9, 0xff, 0xaf, 0xe3, 0xe9, 0xff, 
0xaf, 0xe3, 0xe9, 0xff, 0xaf, 0xe3, 0xe9, 0xff, 0xaf, 0xe3, 0xe9, 0xff, 0xaf, 0xe3, 0xe9, 0xff, 
0xaf, 0xe3, 0xe9, 0xff, 0xaf, 0xe3, 0xe9, 0xff, 0xaf, 0xe3, 0xe9, 0xff, 0xaf, 0xe3, 0xe9, 0xff, 
0xaf, 0xe3, 0xe9, 0xff, 0xaf, 0xe3, 0xe9, 0xff, 0xae, 0xe3, 0xe9, 0xff, 0xae, 0xe3, 0xe9, 0xff, 
0xae, 0xe3, 0xe9, 0xff, 0xae, 0xe3, 0xe9, 0xff, 0xae, 0xe3, 0xe9, 0xff, 0xae, 0xe3, 0xe9, 0xff, 
0xaf, 0xe3, 0xe9, 0xff, 0xaf, 0xe3, 0xe9, 0xff, 0xaf, 0xe3, 0xe9, 0xff, 0xaf, 0xe3, 0xe9, 0xff, 
0xaf, 0xe3, 0xe9, 0xff, 0xaf, 0xe3, 0xe9, 0xff, 0xaf, 0xe3, 0xe9, 0xff, 0xaf, 0xe3, 0xe9, 0xff, 
0xae, 0xe3, 0xe9, 0xff, 0xae, 0xe3, 0xe9, 0xff, 0xae, 0xe3, 0xe9, 0xff, 0xae, 0xe3, 0xe9, 0xff, 
0xb0, 0xe2, 0xe9, 0xff, 0xb0, 0xe2, 0xe9, 0xff, 0xb0, 0xe2, 0xe9, 0xff, 0xae, 0xe2, 0xe9, 0xff, 
0xad, 0xe2, 0xe8, 0xff, 0xad, 0xe2, 0xe8, 0xff, 0xad, 0xe2, 0xe8, 0xff, 0xad, 0xe2, 0xe8, 0xff, 
0xae, 0xe2, 0xe8, 0xff, 0xad, 0xe2, 0xe8, 0xff, 0xaf, 0xe1, 0xe8, 0xff, 0xad, 0xe2, 0xe8, 0xff, 
0xad, 0xe2, 0xe9, 0xff, 0xae, 0xe2, 0xe8, 0xff, 0xaf, 0xe1, 0xe8, 0xff, 0xaf, 0xe1, 0xe8, 0xff, 
0xaf, 0xe1, 0xe8, 0xff, 0xae, 0xe2, 0xe8, 0xff, 0xae, 0xe1, 0xe8, 0xff, 0xae, 0xe2, 0xe8, 0xff, 
0xaf, 0xe1, 0xe8, 0xff, 0xae, 0xe2, 0xe8, 0xff, 0xad, 0xe2, 0xe8, 0xff, 0xae, 0xe2, 0xe8, 0xff, 
0xae, 0xe2, 0xe8, 0xff, 0xae, 0xe2, 0xe8, 0xff, 0xae, 0xe2, 0xe8, 0xff, 0xaf, 0xe1, 0xe8, 0xff, 
0xaf, 0xe1, 0xe8, 0xff, 0xae, 0xe2, 0xe8, 0xff, 0xae, 0xe2, 0xe8, 0xff, 0xaf, 0xe1, 0xe8, 0xff, 
0xae, 0xe1, 0xe8, 0xff, 0xad, 0xe2, 0xe8, 0xff, 0xaf, 0xe1, 0xe8, 0xff, 0xae, 0xe1, 0xe8, 0xff, 
0xad, 0xe2, 0xe8, 0xff, 0xaf, 0xe1, 0xe8, 0xff, 0xaf, 0xe1, 0xe8, 0xff, 0xae, 0xe2, 0xe8, 0xff, 
0xad, 0xe2, 0xe8, 0xff, 0xad, 0xe2, 0xe8, 0xff, 0xae, 0xe1, 0xe8, 0xff, 0xad, 0xe2, 0xe8, 0xff, 
0xad, 0xe2, 0xe8, 0xff, 0xad, 0xe2, 0xe8, 0xff, 0xad, 0xe2, 0xe8, 0xff, 0xaf, 0xe1, 0xe8, 0xff, 
0xad, 0xe2, 0xe8, 0xff, 0xad, 0xe2, 0xe8, 0xff, 0xae, 0xe2, 0xe8, 0xff, 0xad, 0xe2, 0xe8, 0xff, 
0xae, 0xe2, 0xe8, 0xff, 0xae, 0xe2, 0xe8, 0xff, 0xad, 0xe2, 0xe8, 0xff, 0xad, 0xe2, 0xe8, 0xff, 
0xaf, 0xe1, 0xe8, 0xff, 0xad, 0xe2, 0xe8, 0xff, 0xad, 0xe2, 0xe8, 0xff, 0xad, 0xe2, 0xe8, 0xff, 
0xae, 0xe2, 0xe8, 0xff, 0xae, 0xe2, 0xe8, 0xff, 0xae, 0xe2, 0xe8, 0xff, 0xad, 0xe2, 0xe8, 0xff, 
0xaf, 0xe2, 0xe8, 0xff, 0xb0, 0xe2, 0xe9, 0xff, 0xb0, 0xe2, 0xe9, 0xff, 0xaf, 0xe2, 0xe9, 0xff, 
0xaf, 0xe2, 0xe9, 0xff, 0xaf, 0xe2, 0xe9, 0xff, 0xaf, 0xe3, 0xe9, 0xff, 0xaf, 0xe3, 0xe9, 0xff, 
0xaf, 0xe3, 0xe9, 0xff, 0xaf, 0xe3, 0xe9, 0xff, 0xaf, 0xe3, 0xe9, 0xff, 0xaf, 0xe3, 0xe9, 0xff, 
0xae, 0xe3, 0xe9, 0xff, 0xae, 0xe3, 0xe9, 0xff, 0xb0, 0xe2, 0xe9, 0xff, 0xaf, 0xe2, 0xe9, 0xff, 
0xaf, 0xe2, 0xe9, 0xff, 0xaf, 0xe1, 0xe8, 0xff, 0xae, 0xe1, 0xe8, 0xff, 0xaf, 0xe1, 0xe8, 0xff, 
0xaf, 0xe1, 0xe8, 0xff, 0xae, 0xe2, 0xe8, 0xff, 0xae, 0xe1, 0xe8, 0xff, 0xae, 0xe2, 0xe8, 0xff, 
0xaf, 0xe1, 0xe8, 0xff, 0xae, 0xe1, 0xe8, 0xff, 0xad, 0xe2, 0xe8, 0xff, 0xae, 0xe2, 0xe8, 0xff, 
0xaf, 0xe1, 0xe8, 0xff, 0xad, 0xe2, 0xe8, 0xff, 0xad, 0xe2, 0xe8, 0xff, 0xad, 0xe2, 0xe8, 0xff, 
0xaf, 0xe1, 0xe8, 0xff, 0xaf, 0xe1, 0xe8, 0xff, 0xaf, 0xe2, 0xe8, 0xff, 0xaf, 0xe2, 0xe8, 0xff, 
0xae, 0xe2, 0xe9, 0xff, 0xaf, 0xe3, 0xe9, 0xff, 0xaf, 0xe3, 0xe9, 0xff, 0xaf, 0xe3, 0xe9, 0xff, 
0xaf, 0xe3, 0xe9, 0xff, 0xaf, 0xe3, 0xe9, 0xff, 0xaf, 0xe3, 0xe9, 0xff, 0xaf, 0xe3, 0xe9, 0xff, 
0xaf, 0xe3, 0xe9, 0xff, 0xaf, 0xe3, 0xe9, 0xff, 0xaf, 0xe3, 0xe9, 0xff, 0xaf, 0xe3, 0xe9, 0xff, 
0xaf, 0xe3, 0xe9, 0xff, 0xaf, 0xe3, 0xe9, 0xff, 0xaf, 0xe3, 0xe9, 0xff, 0xaf, 0xe3, 0xe9, 0xff, 
0xaf, 0xe3, 0xe9, 0xff, 0xaf, 0xe3, 0xe9, 0xff, 0xae, 0xe3, 0xe9, 0xff, 0xaf, 0xe3, 0xe9, 0xff, 
0xb0, 0xe2, 0xe9, 0xff, 0xb0, 0xe2, 0xe9, 0xff, 0xb0, 0xe2, 0xe9, 0xff, 0xb0, 0xe2, 0xe9, 0xff, 
0xb1, 0xe2, 0xe9, 0xff, 0xb0, 0xe2, 0xe9, 0xff, 0xae, 0xe3, 0xe9, 0xff, 0xae, 0xe3, 0xe9, 0xff, 
0xae, 0xe3, 0xe9, 0xff, 0xae, 0xe3, 0xe9, 0xff, 0xae, 0xe3, 0xe9, 0xff, 0xae, 0xe3, 0xe9, 0xff, 
0xae, 0xe3, 0xe9, 0xff, 0xae, 0xe3, 0xe9, 0xff, 0xae, 0xe3, 0xe9, 0xff, 0xae, 0xe3, 0xe9, 0xff, 
0xae, 0xe3, 0xe9, 0xff, 0xae, 0xe3, 0xe9, 0xff, 0xaf, 0xe2, 0xe9, 0xff, 0xae, 0xe3, 0xe9, 0xff, 
0xb0, 0xe2, 0xe9, 0xff, 0xb0, 0xe2, 0xe9, 0xff, 0xb0, 0xe2, 0xe9, 0xff, 0xae, 0xe3, 0xe9, 0xff, 
0xb0, 0xe2, 0xe9, 0xff, 0xb0, 0xe2, 0xe9, 0xff, 0xae, 0xe3, 0xe9, 0xff, 0xae, 0xe2, 0xe9, 0xff, 
0xb0, 0xe2, 0xe9, 0xff, 0xb0, 0xe2, 0xe9, 0xff, 0xb0, 0xe2, 0xe9, 0xff, 0xb0, 0xe2, 0xe9, 0xff, 
0xb0, 0xe2, 0xe9, 0xff, 0xaf, 0xe2, 0xe9, 0xff, 0xb0, 0xe2, 0xe9, 0xff, 0xb0, 0xe2, 0xe9, 0xff, 
0xb0, 0xe2, 0xe9, 0xff, 0xb0, 0xe2, 0xe9, 0xff, 0xaf, 0xe2, 0xe9, 0xff, 0xb0, 0xe2, 0xe9, 0xff, 
0xae, 0xe3, 0xe9, 0xff, 0xb0, 0xe2, 0xe9, 0xff, 0xb0, 0xe2, 0xe9, 0xff, 0xb0, 0xe2, 0xe9, 0xff, 
0xb0, 0xe2, 0xe9, 0xff, 0xb0, 0xe2, 0xe9, 0xff, 0xb0, 0xe2, 0xe9, 0xff, 0xb0, 0xe2, 0xe9, 0xff, 
0xb0, 0xe2, 0xe9, 0xff, 0xb0, 0xe2, 0xe9, 0xff, 0xb0, 0xe2, 0xe9, 0xff, 0xb0, 0xe2, 0xe9, 0xff, 
0xb0, 0xe2, 0xe9, 0xff, 0xb0, 0xe2, 0xe9, 0xff, 0xb0, 0xe2, 0xe9, 0xff, 0xb0, 0xe2, 0xe9, 0xff, 
0xb0, 0xe2, 0xe9, 0xff, 0xb0, 0xe2, 0xe9, 0xff, 0xb0, 0xe2, 0xe9, 0xff, 0xb0, 0xe2, 0xe9, 0xff, 
0xb0, 0xe2, 0xe9, 0xff, 0xb0, 0xe2, 0xe9, 0xff, 0xb0, 0xe2, 0xe9, 0xff, 0xb0, 0xe2, 0xe9, 0xff, 
0xb0, 0xe2, 0xe9, 0xff, 0xb0, 0xe2, 0xe9, 0xff, 0xb0, 0xe2, 0xe9, 0xff, 0xb0, 0xe2, 0xe9, 0xff, 
0xb0, 0xe2, 0xe9, 0xff, 0xb0, 0xe2, 0xe9, 0xff, 0xb0, 0xe2, 0xe9, 0xff, 0xb0, 0xe2, 0xe9, 0xff, 
0xb0, 0xe2, 0xe9, 0xff, 0xb0, 0xe2, 0xe9, 0xff, 0xb0, 0xe2, 0xe9, 0xff, 0xb0, 0xe2, 0xe9, 0xff, 
0xb0, 0xe2, 0xe9, 0xff, 0xb0, 0xe2, 0xe9, 0xff, 0xb0, 0xe2, 0xe9, 0xff, 0xb0, 0xe2, 0xe9, 0xff, 
0xb0, 0xe2, 0xe9, 0xff, 0xb0, 0xe2, 0xe9, 0xff, 0xb0, 0xe2, 0xe9, 0xff, 0xb0, 0xe2, 0xe9, 0xff, 
0xb0, 0xe2, 0xe9, 0xff, 0xb0, 0xe2, 0xe9, 0xff, 0xb0, 0xe2, 0xe9, 0xff, 0xb0, 0xe2, 0xe9, 0xff, 
0xb0, 0xe2, 0xe9, 0xff, 0xb0, 0xe2, 0xe9, 0xff, 0xb0, 0xe2, 0xe9, 0xff, 0xb0, 0xe2, 0xe9, 0xff, 
0xb0, 0xe2, 0xe9, 0xff, 0xb0, 0xe2, 0xe9, 0xff, 0xb0, 0xe2, 0xe9, 0xff, 0xb0, 0xe2, 0xe9, 0xff, 
0xb0, 0xe2, 0xe9, 0xff, 0xb0, 0xe2, 0xe9, 0xff, 0xb0, 0xe2, 0xe9, 0xff, 0xb0, 0xe2, 0xe9, 0xff, 
0xb0, 0xe2, 0xe9, 0xff, 0xb0, 0xe2, 0xe9, 0xff, 0xb0, 0xe2, 0xe9, 0xff, 0xb0, 0xe2, 0xe9, 0xff, 
0xb0, 0xe2, 0xe9, 0xff, 0xb0, 0xe2, 0xe9, 0xff, 0xb0, 0xe2, 0xe9, 0xff, 0xb0, 0xe2, 0xe9, 0xff, 
0xb0, 0xe2, 0xe9, 0xff, 0xb0, 0xe2, 0xe9, 0xff, 0xb0, 0xe2, 0xe9, 0xff, 0xb0, 0xe2, 0xe9, 0xff, 
0xb0, 0xe2, 0xe9, 0xff, 0xb0, 0xe2, 0xe9, 0xff, 0xb0, 0xe2, 0xe9, 0xff, 0xb0, 0xe2, 0xe9, 0xff, 
0xb0, 0xe2, 0xe9, 0xff, 0xb0, 0xe2, 0xe9, 0xff, 0xb0, 0xe2, 0xe9, 0xff, 0xb0, 0xe2, 0xe9, 0xff, 
0xb0, 0xe2, 0xe9, 0xff, 0xb0, 0xe2, 0xe9, 0xff, 0xb0, 0xe2, 0xe9, 0xff, 0xb0, 0xe2, 0xe9, 0xff, 
0xb0, 0xe2, 0xe9, 0xff, 0xb0, 0xe2, 0xe9, 0xff, 0xb0, 0xe2, 0xe9, 0xff, 0xb0, 0xe2, 0xe9, 0xff, 
0xb0, 0xe2, 0xe9, 0xff, 0xb0, 0xe2, 0xe9, 0xff, 0xb0, 0xe2, 0xe9, 0xff, 0xb0, 0xe2, 0xe9, 0xff, 
0xb0, 0xe2, 0xe9, 0xff, 0xb0, 0xe2, 0xe9, 0xff, 0xb0, 0xe2, 0xe9, 0xff, 0xb0, 0xe2, 0xe9, 0xff, 
0xb0, 0xe2, 0xe9, 0xff, 0xb0, 0xe2, 0xe9, 0xff, 0xb0, 0xe2, 0xe9, 0xff, 0xae, 0xe3, 0xe9, 0xff, 
0xae, 0xe3, 0xe9, 0xff, 0xae, 0xe3, 0xe9, 0xff, 0xae, 0xe3, 0xe9, 0xff, 0xae, 0xe3, 0xe9, 0xff, 
0xb0, 0xe2, 0xe9, 0xff, 0xae, 0xe3, 0xe9, 0xff, 0xaf, 0xe2, 0xea, 0xff, 0xaf, 0xe2, 0xeb, 0xff, 
0xaf, 0xe2, 0xe9, 0xff, 0xb0, 0xe2, 0xe9, 0xff, 0xb0, 0xe2, 0xe9, 0xff, 0xaf, 0xe2, 0xe9, 0xff, 
0xae, 0xe2, 0xe9, 0xff, 0xb0, 0xe2, 0xe9, 0xff, 0xb0, 0xe2, 0xe9, 0xff, 0xae, 0xe3, 0xe9, 0xff, 
0xaf, 0xe3, 0xe9, 0xff, 0xb0, 0xe2, 0xe9, 0xff, 0xb0, 0xe2, 0xe9, 0xff, 0xb0, 0xe2, 0xe9, 0xff, 
0xb0, 0xe2, 0xe9, 0xff, 0xb0, 0xe2, 0xe9, 0xff, 0xaf, 0xe2, 0xe9, 0xff, 0xb0, 0xe2, 0xe9, 0xff, 
0xb0, 0xe2, 0xe9, 0xff, 0xb0, 0xe2, 0xe9, 0xff, 0xaf, 0xe3, 0xe9, 0xff, 0xb0, 0xe2, 0xe9, 0xff, 
0xb0, 0xe2, 0xe9, 0xff, 0xb0, 0xe2, 0xe9, 0xff, 0xb0, 0xe2, 0xe9, 0xff, 0xae, 0xe3, 0xe9, 0xff, 
0xae, 0xe3, 0xe9, 0xff, 0xb0, 0xe2, 0xe9, 0xff, 0xae, 0xe3, 0xe9, 0xff, 0xae, 0xe3, 0xe9, 0xff, 
0xae, 0xe3, 0xe9, 0xff, 0xae, 0xe3, 0xe9, 0xff, 0xae, 0xe3, 0xe9, 0xff, 0xae, 0xe3, 0xe9, 0xff, 
0xae, 0xe3, 0xe9, 0xff, 0xae, 0xe3, 0xe9, 0xff, 0xae, 0xe3, 0xe9, 0xff, 0xae, 0xe3, 0xe9, 0xff, 
0xae, 0xe3, 0xe9, 0xff, 0xb0, 0xe2, 0xe9, 0xff, 0xaf, 0xe3, 0xe9, 0xff, 0xaf, 0xe3, 0xe9, 0xff, 
0xaf, 0xe3, 0xe9, 0xff, 0xb0, 0xe2, 0xe9, 0xff, 0xae, 0xe3, 0xe9, 0xff, 0xb0, 0xe2, 0xe9, 0xff, 
0xb0, 0xe2, 0xe9, 0xff, 0xb0, 0xe2, 0xe9, 0xff, 0xb0, 0xe2, 0xe9, 0xff, 0xb0, 0xe2, 0xe9, 0xff, 
0xaf, 0xe3, 0xe9, 0xff, 0xb0, 0xe2, 0xe9, 0xff, 0xaf, 0xe3, 0xe9, 0xff, 0xb0, 0xe2, 0xe9, 0xff, 
0xb0, 0xe2, 0xe9, 0xff, 0xb0, 0xe2, 0xe9, 0xff, 0xb0, 0xe2, 0xe9, 0xff, 0xb0, 0xe2, 0xe9, 0xff, 
0xb0, 0xe2, 0xe9, 0xff, 0xb0, 0xe2, 0xe9, 0xff, 0xb0, 0xe2, 0xe9, 0xff, 0xb0, 0xe2, 0xe9, 0xff, 
0xb0, 0xe2, 0xe9, 0xff, 0xb0, 0xe2, 0xe9, 0xff, 0xb0, 0xe2, 0xe9, 0xff, 0xb0, 0xe2, 0xe9, 0xff, 
0xb0, 0xe2, 0xe9, 0xff, 0xb0, 0xe2, 0xe9, 0xff, 0xb0, 0xe2, 0xe9, 0xff, 0xb0, 0xe2, 0xe9, 0xff, 
0xb0, 0xe2, 0xe9, 0xff, 0xb0, 0xe2, 0xe9, 0xff, 0xb0, 0xe2, 0xe9, 0xff, 0xb0, 0xe2, 0xe9, 0xff, 
0xb0, 0xe2, 0xe9, 0xff, 0xb0, 0xe2, 0xe9, 0xff, 0xaf, 0xe2, 0xe9, 0xff, 0xb0, 0xe2, 0xe9, 0xff, 
0xb0, 0xe2, 0xe9, 0xff, 0xb0, 0xe2, 0xe9, 0xff, 0xaf, 0xe3, 0xe9, 0xff, 0xb0, 0xe2, 0xe9, 0xff, 
0xae, 0xe3, 0xe9, 0xff, 0xae, 0xe3, 0xe9, 0xff, 0xb0, 0xe2, 0xe9, 0xff, 0xae, 0xe3, 0xe9, 0xff, 
0xae, 0xe3, 0xe9, 0xff, 0xb0, 0xe2, 0xe9, 0xff, 0xb0, 0xe2, 0xe9, 0xff, 0xb0, 0xe2, 0xe9, 0xff, 
0xb0, 0xe2, 0xe9, 0xff, 0xb0, 0xe2, 0xe9, 0xff, 0xb0, 0xe2, 0xe9, 0xff, 0xb0, 0xe2, 0xe9, 0xff, 
0xb0, 0xe2, 0xe9, 0xff, 0xb0, 0xe2, 0xe9, 0xff, 0xb0, 0xe2, 0xe9, 0xff, 0xb0, 0xe2, 0xe9, 0xff, 
0xb0, 0xe2, 0xe9, 0xff, 0xb0, 0xe2, 0xe9, 0xff, 0xb0, 0xe2, 0xe9, 0xff, 0xb0, 0xe2, 0xe9, 0xff, 
0xb0, 0xe2, 0xe9, 0xff, 0xb0, 0xe2, 0xe9, 0xff, 0xb0, 0xe2, 0xe9, 0xff, 0xb0, 0xe2, 0xe9, 0xff, 
0xb0, 0xe2, 0xe9, 0xff, 0xb0, 0xe2, 0xe9, 0xff, 0xb0, 0xe2, 0xe9, 0xff, 0xb0, 0xe2, 0xe9, 0xff, 
0xaf, 0xe4, 0xea, 0xff, 0xaf, 0xe4, 0xea, 0xff, 0xaf, 0xe4, 0xea, 0xff, 0xaf, 0xe4, 0xea, 0xff, 
0xaf, 0xe4, 0xea, 0xff, 0xaf, 0xe4, 0xea, 0xff, 0xaf, 0xe4, 0xea, 0xff, 0xaf, 0xe4, 0xea, 0xff, 
0xaf, 0xe4, 0xea, 0xff, 0xaf, 0xe4, 0xea, 0xff, 0xaf, 0xe4, 0xea, 0xff, 0xaf, 0xe4, 0xea, 0xff, 
0xaf, 0xe4, 0xea, 0xff, 0xaf, 0xe4, 0xea, 0xff, 0xaf, 0xe4, 0xea, 0xff, 0xaf, 0xe4, 0xea, 0xff, 
0xaf, 0xe4, 0xea, 0xff, 0xaf, 0xe4, 0xea, 0xff, 0xaf, 0xe4, 0xea, 0xff, 0xaf, 0xe4, 0xea, 0xff, 
0xaf, 0xe4, 0xea, 0xff, 0xaf, 0xe4, 0xea, 0xff, 0xaf, 0xe4, 0xea, 0xff, 0xaf, 0xe4, 0xea, 0xff, 
0xaf, 0xe4, 0xea, 0xff, 0xaf, 0xe4, 0xea, 0xff, 0xaf, 0xe4, 0xea, 0xff, 0xaf, 0xe3, 0xea, 0xff, 
0xaf, 0xe3, 0xea, 0xff, 0xaf, 0xe3, 0xea, 0xff, 0xaf, 0xe4, 0xea, 0xff, 0xaf, 0xe4, 0xea, 0xff, 
0xaf, 0xe4, 0xea, 0xff, 0xaf, 0xe4, 0xea, 0xff, 0xaf, 0xe4, 0xea, 0xff, 0xaf, 0xe4, 0xea, 0xff, 
0xaf, 0xe4, 0xea, 0xff, 0xaf, 0xe4, 0xea, 0xff, 0xaf, 0xe4, 0xea, 0xff, 0xaf, 0xe4, 0xea, 0xff, 
0xaf, 0xe4, 0xea, 0xff, 0xaf, 0xe4, 0xea, 0xff, 0xaf, 0xe4, 0xea, 0xff, 0xaf, 0xe4, 0xea, 0xff, 
0xaf, 0xe4, 0xea, 0xff, 0xaf, 0xe4, 0xea, 0xff, 0xaf, 0xe4, 0xea, 0xff, 0xaf, 0xe4, 0xea, 0xff, 
0xaf, 0xe4, 0xea, 0xff, 0xaf, 0xe4, 0xea, 0xff, 0xaf, 0xe4, 0xea, 0xff, 0xaf, 0xe4, 0xea, 0xff, 
0xaf, 0xe4, 0xea, 0xff, 0xaf, 0xe4, 0xea, 0xff, 0xaf, 0xe4, 0xea, 0xff, 0xaf, 0xe4, 0xea, 0xff, 
0xaf, 0xe4, 0xea, 0xff, 0xaf, 0xe4, 0xea, 0xff, 0xaf, 0xe4, 0xea, 0xff, 0xaf, 0xe4, 0xea, 0xff, 
0xaf, 0xe4, 0xea, 0xff, 0xaf, 0xe4, 0xea, 0xff, 0xaf, 0xe4, 0xea, 0xff, 0xaf, 0xe4, 0xea, 0xff, 
0xaf, 0xe4, 0xea, 0xff, 0xaf, 0xe4, 0xea, 0xff, 0xaf, 0xe4, 0xea, 0xff, 0xaf, 0xe4, 0xea, 0xff, 
0xaf, 0xe4, 0xea, 0xff, 0xaf, 0xe4, 0xea, 0xff, 0xaf, 0xe4, 0xea, 0xff, 0xaf, 0xe4, 0xea, 0xff, 
0xaf, 0xe4, 0xea, 0xff, 0xaf, 0xe4, 0xea, 0xff, 0xaf, 0xe4, 0xea, 0xff, 0xaf, 0xe4, 0xea, 0xff, 
0xaf, 0xe4, 0xea, 0xff, 0xaf, 0xe4, 0xea, 0xff, 0xaf, 0xe4, 0xea, 0xff, 0xaf, 0xe4, 0xea, 0xff, 
0xaf, 0xe4, 0xea, 0xff, 0xaf, 0xe4, 0xea, 0xff, 0xaf, 0xe4, 0xea, 0xff, 0xaf, 0xe4, 0xea, 0xff, 
0xaf, 0xe4, 0xea, 0xff, 0xaf, 0xe4, 0xea, 0xff, 0xaf, 0xe4, 0xea, 0xff, 0xaf, 0xe4, 0xea, 0xff, 
0xaf, 0xe4, 0xea, 0xff, 0xaf, 0xe4, 0xea, 0xff, 0xaf, 0xe4, 0xea, 0xff, 0xaf, 0xe4, 0xea, 0xff, 
0xaf, 0xe4, 0xea, 0xff, 0xaf, 0xe4, 0xea, 0xff, 0xaf, 0xe4, 0xea, 0xff, 0xaf, 0xe4, 0xea, 0xff, 
0xaf, 0xe4, 0xea, 0xff, 0xaf, 0xe4, 0xea, 0xff, 0xaf, 0xe4, 0xea, 0xff, 0xaf, 0xe4, 0xea, 0xff, 
0xaf, 0xe4, 0xea, 0xff, 0xaf, 0xe4, 0xea, 0xff, 0xaf, 0xe4, 0xea, 0xff, 0xaf, 0xe4, 0xea, 0xff, 
0xaf, 0xe4, 0xea, 0xff, 0xaf, 0xe4, 0xea, 0xff, 0xaf, 0xe4, 0xea, 0xff, 0xaf, 0xe4, 0xea, 0xff, 
0xaf, 0xe4, 0xea, 0xff, 0xaf, 0xe4, 0xea, 0xff, 0xaf, 0xe4, 0xea, 0xff, 0xaf, 0xe4, 0xea, 0xff, 
0xaf, 0xe4, 0xea, 0xff, 0xaf, 0xe4, 0xea, 0xff, 0xaf, 0xe4, 0xea, 0xff, 0xaf, 0xe4, 0xea, 0xff, 
0xaf, 0xe4, 0xea, 0xff, 0xaf, 0xe4, 0xea, 0xff, 0xaf, 0xe4, 0xea, 0xff, 0xaf, 0xe4, 0xea, 0xff, 
0xaf, 0xe4, 0xea, 0xff, 0xaf, 0xe4, 0xea, 0xff, 0xaf, 0xe4, 0xea, 0xff, 0xaf, 0xe4, 0xea, 0xff, 
0xaf, 0xe4, 0xea, 0xff, 0xaf, 0xe4, 0xea, 0xff, 0xaf, 0xe4, 0xea, 0xff, 0xaf, 0xe4, 0xea, 0xff, 
0xaf, 0xe4, 0xea, 0xff, 0xaf, 0xe4, 0xea, 0xff, 0xaf, 0xe4, 0xea, 0xff, 0xaf, 0xe4, 0xea, 0xff, 
0xaf, 0xe4, 0xea, 0xff, 0xaf, 0xe4, 0xea, 0xff, 0xaf, 0xe4, 0xea, 0xff, 0xaf, 0xe4, 0xea, 0xff, 
0xaf, 0xe4, 0xea, 0xff, 0xaf, 0xe4, 0xea, 0xff, 0xaf, 0xe4, 0xea, 0xff, 0xaf, 0xe4, 0xea, 0xff, 
0xaf, 0xe4, 0xea, 0xff, 0xaf, 0xe4, 0xea, 0xff, 0xaf, 0xe4, 0xea, 0xff, 0xaf, 0xe4, 0xea, 0xff, 
0xaf, 0xe4, 0xea, 0xff, 0xaf, 0xe4, 0xea, 0xff, 0xae, 0xe3, 0xea, 0xff, 0xae, 0xe3, 0xe9, 0xff, 
0xb0, 0xe2, 0xe9, 0xff, 0xb0, 0xe2, 0xe9, 0xff, 0xae, 0xe3, 0xe9, 0xff, 0xae, 0xe3, 0xe9, 0xff, 
0xae, 0xe3, 0xe9, 0xff, 0xaf, 0xe4, 0xea, 0xff, 0xaf, 0xe4, 0xea, 0xff, 0xae, 0xe3, 0xe9, 0xff, 
0xae, 0xe3, 0xe9, 0xff, 0xae, 0xe3, 0xe9, 0xff, 0xae, 0xe3, 0xea, 0xff, 0xaf, 0xe3, 0xe9, 0xff, 
0xaf, 0xe4, 0xea, 0xff, 0xaf, 0xe4, 0xea, 0xff, 0xaf, 0xe4, 0xea, 0xff, 0xaf, 0xe4, 0xea, 0xff, 
0xaf, 0xe4, 0xea, 0xff, 0xaf, 0xe4, 0xea, 0xff, 0xaf, 0xe4, 0xea, 0xff, 0xaf, 0xe4, 0xea, 0xff, 
0xaf, 0xe4, 0xea, 0xff, 0xaf, 0xe4, 0xea, 0xff, 0xaf, 0xe4, 0xea, 0xff, 0xaf, 0xe4, 0xea, 0xff, 
0xaf, 0xe4, 0xea, 0xff, 0xaf, 0xe4, 0xea, 0xff, 0xaf, 0xe4, 0xea, 0xff, 0xaf, 0xe4, 0xea, 0xff, 
0xaf, 0xe4, 0xea, 0xff, 0xaf, 0xe4, 0xea, 0xff, 0xaf, 0xe4, 0xea, 0xff, 0xaf, 0xe4, 0xea, 0xff, 
0xaf, 0xe4, 0xea, 0xff, 0xaf, 0xe4, 0xea, 0xff, 0xaf, 0xe4, 0xea, 0xff, 0xaf, 0xe4, 0xea, 0xff, 
0xaf, 0xe4, 0xea, 0xff, 0xaf, 0xe4, 0xea, 0xff, 0xaf, 0xe4, 0xea, 0xff, 0xaf, 0xe4, 0xea, 0xff, 
0xaf, 0xe4, 0xea, 0xff, 0xaf, 0xe4, 0xea, 0xff, 0xaf, 0xe4, 0xea, 0xff, 0xaf, 0xe4, 0xea, 0xff, 
0xaf, 0xe4, 0xea, 0xff, 0xaf, 0xe4, 0xea, 0xff, 0xaf, 0xe4, 0xea, 0xff, 0xaf, 0xe4, 0xea, 0xff, 
0xaf, 0xe4, 0xea, 0xff, 0xaf, 0xe4, 0xea, 0xff, 0xaf, 0xe4, 0xea, 0xff, 0xaf, 0xe4, 0xea, 0xff, 
0xaf, 0xe4, 0xea, 0xff, 0xaf, 0xe4, 0xea, 0xff, 0xaf, 0xe4, 0xea, 0xff, 0xaf, 0xe4, 0xea, 0xff, 
0xaf, 0xe4, 0xea, 0xff, 0xaf, 0xe4, 0xea, 0xff, 0xaf, 0xe4, 0xea, 0xff, 0xaf, 0xe4, 0xea, 0xff, 
0xaf, 0xe4, 0xea, 0xff, 0xaf, 0xe4, 0xea, 0xff, 0xaf, 0xe4, 0xea, 0xff, 0xaf, 0xe4, 0xea, 0xff, 
0xaf, 0xe4, 0xea, 0xff, 0xaf, 0xe4, 0xea, 0xff, 0xaf, 0xe4, 0xea, 0xff, 0xaf, 0xe4, 0xea, 0xff, 
0xaf, 0xe4, 0xea, 0xff, 0xaf, 0xe4, 0xea, 0xff, 0xaf, 0xe4, 0xea, 0xff, 0xaf, 0xe4, 0xea, 0xff, 
0xaf, 0xe4, 0xea, 0xff, 0xaf, 0xe4, 0xea, 0xff, 0xaf, 0xe4, 0xea, 0xff, 0xaf, 0xe4, 0xea, 0xff, 
0xaf, 0xe4, 0xea, 0xff, 0xaf, 0xe4, 0xea, 0xff, 0xaf, 0xe4, 0xea, 0xff, 0xaf, 0xe4, 0xea, 0xff, 
0xaf, 0xe4, 0xea, 0xff, 0xaf, 0xe4, 0xea, 0xff, 0xaf, 0xe4, 0xea, 0xff, 0xaf, 0xe4, 0xea, 0xff, 
0xaf, 0xe4, 0xea, 0xff, 0xaf, 0xe4, 0xea, 0xff, 0xaf, 0xe4, 0xea, 0xff, 0xaf, 0xe4, 0xea, 0xff, 
0xaf, 0xe4, 0xea, 0xff, 0xaf, 0xe4, 0xea, 0xff, 0xaf, 0xe4, 0xea, 0xff, 0xaf, 0xe4, 0xea, 0xff, 
0xaf, 0xe4, 0xea, 0xff, 0xaf, 0xe4, 0xea, 0xff, 0xaf, 0xe4, 0xea, 0xff, 0xaf, 0xe4, 0xea, 0xff, 
0xaf, 0xe4, 0xea, 0xff, 0xaf, 0xe4, 0xea, 0xff, 0xaf, 0xe4, 0xea, 0xff, 0xaf, 0xe4, 0xea, 0xff, 
0xaf, 0xe4, 0xea, 0xff, 0xaf, 0xe4, 0xea, 0xff, 0xaf, 0xe4, 0xea, 0xff, 0xaf, 0xe4, 0xea, 0xff, 
0xaf, 0xe4, 0xea, 0xff, 0xaf, 0xe4, 0xea, 0xff, 0xaf, 0xe4, 0xea, 0xff, 0xaf, 0xe4, 0xea, 0xff, 
0xaf, 0xe4, 0xea, 0xff, 0xaf, 0xe4, 0xea, 0xff, 0xaf, 0xe4, 0xea, 0xff, 0xaf, 0xe4, 0xea, 0xff, 
0xaf, 0xe4, 0xea, 0xff, 0xaf, 0xe4, 0xea, 0xff, 0xaf, 0xe4, 0xea, 0xff, 0xaf, 0xe4, 0xea, 0xff, 
0xaf, 0xe4, 0xea, 0xff, 0xaf, 0xe4, 0xea, 0xff, 0xaf, 0xe4, 0xea, 0xff, 0xaf, 0xe4, 0xea, 0xff, 
0xaf, 0xe4, 0xea, 0xff, 0xaf, 0xe4, 0xea, 0xff, 0xaf, 0xe4, 0xea, 0xff, 0xaf, 0xe4, 0xea, 0xff, 
0xaf, 0xe4, 0xea, 0xff, 0xaf, 0xe4, 0xea, 0xff, 0xaf, 0xe4, 0xea, 0xff, 0xaf, 0xe4, 0xea, 0xff, 
0xaf, 0xe4, 0xea, 0xff, 0xaf, 0xe4, 0xea, 0xff, 0xaf, 0xe4, 0xea, 0xff, 0xaf, 0xe4, 0xea, 0xff, 
0xaf, 0xe4, 0xea, 0xff, 0xaf, 0xe4, 0xea, 0xff, 0xaf, 0xe4, 0xea, 0xff, 0xaf, 0xe4, 0xea, 0xff, 
0xaf, 0xe4, 0xea, 0xff, 0xaf, 0xe4, 0xea, 0xff, 0xaf, 0xe4, 0xea, 0xff, 0xaf, 0xe4, 0xea, 0xff, 
0xaf, 0xe4, 0xea, 0xff, 0xaf, 0xe4, 0xea, 0xff, 0xaf, 0xe4, 0xea, 0xff, 0xaf, 0xe4, 0xea, 0xff, 
0xaf, 0xe4, 0xea, 0xff, 0xaf, 0xe4, 0xea, 0xff, 0xaf, 0xe4, 0xea, 0xff, 0xaf, 0xe4, 0xea, 0xff, 
0xaf, 0xe4, 0xea, 0xff, 0xaf, 0xe4, 0xea, 0xff, 0xaf, 0xe4, 0xea, 0xff, 0xaf, 0xe4, 0xea, 0xff, 
0xaf, 0xe4, 0xea, 0xff, 0xaf, 0xe4, 0xea, 0xff, 0xaf, 0xe4, 0xea, 0xff, 0xaf, 0xe4, 0xea, 0xff, 
0xaf, 0xe4, 0xea, 0xff, 0xaf, 0xe4, 0xea, 0xff, 0xaf, 0xe4, 0xea, 0xff, 0xaf, 0xe4, 0xea, 0xff, 
0xaf, 0xe4, 0xea, 0xff, 0xaf, 0xe4, 0xea, 0xff, 0xaf, 0xe4, 0xea, 0xff, 0xaf, 0xe4, 0xea, 0xff, 
0xaf, 0xe4, 0xea, 0xff, 0xaf, 0xe4, 0xea, 0xff, 0xaf, 0xe4, 0xea, 0xff, 0xaf, 0xe4, 0xea, 0xff, 
0xaf, 0xe4, 0xea, 0xff, 0xaf, 0xe4, 0xea, 0xff, 0xaf, 0xe4, 0xea, 0xff, 0xaf, 0xe4, 0xea, 0xff, 
0xaf, 0xe4, 0xea, 0xff, 0xaf, 0xe4, 0xea, 0xff, 0xaf, 0xe4, 0xea, 0xff, 0xaf, 0xe4, 0xea, 0xff, 
0xaf, 0xe4, 0xea, 0xff, 0xaf, 0xe4, 0xea, 0xff, 0xaf, 0xe4, 0xea, 0xff, 0xaf, 0xe4, 0xea, 0xff, 
0xaf, 0xe4, 0xea, 0xff, 0xaf, 0xe4, 0xea, 0xff, 0xaf, 0xe4, 0xea, 0xff, 0xaf, 0xe4, 0xea, 0xff, 
0xaf, 0xe4, 0xea, 0xff, 0xaf, 0xe4, 0xea, 0xff, 0xaf, 0xe4, 0xea, 0xff, 0xaf, 0xe4, 0xea, 0xff, 
0xaf, 0xe4, 0xea, 0xff, 0xaf, 0xe4, 0xea, 0xff, 0xaf, 0xe4, 0xea, 0xff, 0xaf, 0xe4, 0xea, 0xff, 
0xaf, 0xe4, 0xea, 0xff, 0xaf, 0xe4, 0xea, 0xff, 0xaf, 0xe4, 0xea, 0xff, 0xaf, 0xe4, 0xea, 0xff, 
0xaf, 0xe4, 0xea, 0xff, 0xaf, 0xe4, 0xea, 0xff, 0xaf, 0xe4, 0xea, 0xff, 0xaf, 0xe4, 0xea, 0xff, 
0xaf, 0xe4, 0xea, 0xff, 0xaf, 0xe4, 0xea, 0xff, 0xaf, 0xe4, 0xea, 0xff, 0xaf, 0xe4, 0xea, 0xff, 
0xaf, 0xe4, 0xea, 0xff, 0xaf, 0xe4, 0xea, 0xff, 0xaf, 0xe4, 0xea, 0xff, 0xaf, 0xe4, 0xea, 0xff, 
0xaf, 0xe4, 0xea, 0xff, 0xaf, 0xe4, 0xea, 0xff, 0xaf, 0xe4, 0xea, 0xff, 0xaf, 0xe4, 0xea, 0xff, 
0xaf, 0xe4, 0xea, 0xff, 0xaf, 0xe4, 0xea, 0xff, 0xaf, 0xe4, 0xea, 0xff, 0xaf, 0xe4, 0xea, 0xff, 
0xaf, 0xe4, 0xea, 0xff, 0xaf, 0xe4, 0xea, 0xff, 0xaf, 0xe4, 0xea, 0xff, 0xaf, 0xe4, 0xea, 0xff, 
0xaf, 0xe4, 0xea, 0xff, 0xaf, 0xe4, 0xea, 0xff, 0xaf, 0xe4, 0xea, 0xff, 0xaf, 0xe4, 0xea, 0xff, 
0xaf, 0xe4, 0xea, 0xff, 0xaf, 0xe4, 0xea, 0xff, 0xaf, 0xe4, 0xea, 0xff, 0xaf, 0xe4, 0xea, 0xff, 
0xaf, 0xe4, 0xea, 0xff, 0xaf, 0xe4, 0xea, 0xff, 0xaf, 0xe4, 0xea, 0xff, 0xaf, 0xe4, 0xea, 0xff, 
0xaf, 0xe4, 0xea, 0xff, 0xaf, 0xe4, 0xea, 0xff, 0xaf, 0xe4, 0xea, 0xff, 0xaf, 0xe4, 0xea, 0xff, 
0xaf, 0xe4, 0xea, 0xff, 0xaf, 0xe4, 0xea, 0xff, 0xaf, 0xe4, 0xea, 0xff, 0xaf, 0xe4, 0xea, 0xff, 
0xaf, 0xe4, 0xea, 0xff, 0xaf, 0xe4, 0xea, 0xff, 0xaf, 0xe4, 0xea, 0xff, 0xaf, 0xe4, 0xea, 0xff, 
0xaf, 0xe4, 0xea, 0xff, 0xaf, 0xe4, 0xea, 0xff, 0xaf, 0xe4, 0xea, 0xff, 0xaf, 0xe4, 0xea, 0xff, 
0xaf, 0xe4, 0xea, 0xff, 0xaf, 0xe4, 0xea, 0xff, 0xaf, 0xe4, 0xea, 0xff, 0xaf, 0xe4, 0xea, 0xff, 
0xaf, 0xe4, 0xea, 0xff, 0xaf, 0xe4, 0xea, 0xff, 0xaf, 0xe4, 0xea, 0xff, 0xaf, 0xe4, 0xe9, 0xff, 
0xaf, 0xe4, 0xea, 0xff, 0xaf, 0xe4, 0xea, 0xff, 0xaf, 0xe4, 0xea, 0xff, 0xaf, 0xe4, 0xea, 0xff, 
0xaf, 0xe4, 0xea, 0xff, 0xaf, 0xe4, 0xea, 0xff, 0xaf, 0xe4, 0xea, 0xff, 0xaf, 0xe4, 0xea, 0xff, 
0xaf, 0xe4, 0xea, 0xff, 0xaf, 0xe4, 0xea, 0xff, 0xaf, 0xe4, 0xea, 0xff, 0xaf, 0xe4, 0xea, 0xff, 
0xaf, 0xe4, 0xea, 0xff, 0xaf, 0xe4, 0xea, 0xff, 0xaf, 0xe4, 0xea, 0xff, 0xaf, 0xe4, 0xea, 0xff, 
0xaf, 0xe4, 0xea, 0xff, 0xaf, 0xe4, 0xea, 0xff, 0xaf, 0xe4, 0xea, 0xff, 0xaf, 0xe4, 0xea, 0xff, 
0xaf, 0xe4, 0xea, 0xff, 0xaf, 0xe4, 0xea, 0xff, 0xaf, 0xe4, 0xea, 0xff, 0xaf, 0xe4, 0xea, 0xff, 
0xaf, 0xe4, 0xea, 0xff, 0xaf, 0xe4, 0xea, 0xff, 0xaf, 0xe4, 0xea, 0xff, 0xaf, 0xe4, 0xea, 0xff, 
0xaf, 0xe4, 0xea, 0xff, 0xaf, 0xe4, 0xea, 0xff, 0xaf, 0xe4, 0xea, 0xff, 0xaf, 0xe4, 0xea, 0xff, 
0xaf, 0xe4, 0xea, 0xff, 0xaf, 0xe4, 0xea, 0xff, 0xaf, 0xe4, 0xea, 0xff, 0xaf, 0xe4, 0xea, 0xff, 
0xaf, 0xe4, 0xea, 0xff, 0xaf, 0xe4, 0xea, 0xff, 0xaf, 0xe4, 0xea, 0xff, 0xaf, 0xe4, 0xea, 0xff, 
0xaf, 0xe4, 0xea, 0xff, 0xaf, 0xe4, 0xea, 0xff, 0xaf, 0xe4, 0xea, 0xff, 0xaf, 0xe4, 0xea, 0xff, 
0xaf, 0xe4, 0xea, 0xff, 0xaf, 0xe4, 0xea, 0xff, 0xaf, 0xe4, 0xea, 0xff, 0xaf, 0xe4, 0xea, 0xff, 
0xaf, 0xe4, 0xea, 0xff, 0xaf, 0xe4, 0xea, 0xff, 0xaf, 0xe4, 0xea, 0xff, 0xaf, 0xe4, 0xea, 0xff, 
0xaf, 0xe4, 0xea, 0xff, 0xaf, 0xe4, 0xea, 0xff, 0xaf, 0xe4, 0xea, 0xff, 0xaf, 0xe4, 0xea, 0xff, 
0xaf, 0xe4, 0xea, 0xff, 0xaf, 0xe4, 0xea, 0xff, 0xaf, 0xe4, 0xea, 0xff, 0xaf, 0xe4, 0xea, 0xff, 
0xaf, 0xe4, 0xea, 0xff, 0xaf, 0xe4, 0xea, 0xff, 0xaf, 0xe4, 0xea, 0xff, 0xaf, 0xe4, 0xea, 0xff, 
0xaf, 0xe4, 0xea, 0xff, 0xaf, 0xe4, 0xea, 0xff, 0xaf, 0xe4, 0xea, 0xff, 0xaf, 0xe4, 0xea, 0xff, 
0xaf, 0xe4, 0xea, 0xff, 0xaf, 0xe4, 0xea, 0xff, 0xaf, 0xe4, 0xea, 0xff, 0xaf, 0xe4, 0xea, 0xff, 
0xaf, 0xe4, 0xea, 0xff, 0xaf, 0xe4, 0xea, 0xff, 0xaf, 0xe4, 0xea, 0xff, 0xaf, 0xe4, 0xea, 0xff, 
0xaf, 0xe4, 0xea, 0xff, 0xaf, 0xe4, 0xea, 0xff, 0xaf, 0xe4, 0xea, 0xff, 0xaf, 0xe4, 0xea, 0xff, 
0xaf, 0xe4, 0xea, 0xff, 0xaf, 0xe4, 0xea, 0xff, 0xaf, 0xe4, 0xea, 0xff, 0xaf, 0xe4, 0xea, 0xff, 
0xaf, 0xe4, 0xea, 0xff, 0xaf, 0xe4, 0xea, 0xff, 0xaf, 0xe4, 0xea, 0xff, 0xaf, 0xe4, 0xea, 0xff, 
0xaf, 0xe4, 0xea, 0xff, 0xaf, 0xe4, 0xea, 0xff, 0xaf, 0xe4, 0xea, 0xff, 0xaf, 0xe4, 0xea, 0xff, 
0xaf, 0xe4, 0xea, 0xff, 0xaf, 0xe4, 0xea, 0xff, 0xaf, 0xe4, 0xea, 0xff, 0xaf, 0xe4, 0xea, 0xff, 
0xaf, 0xe4, 0xea, 0xff, 0xaf, 0xe4, 0xea, 0xff, 0xaf, 0xe4, 0xea, 0xff, 0xaf, 0xe4, 0xea, 0xff, 
0xaf, 0xe4, 0xea, 0xff, 0xaf, 0xe4, 0xea, 0xff, 0xaf, 0xe4, 0xea, 0xff, 0xaf, 0xe4, 0xea, 0xff, 
0xaf, 0xe4, 0xea, 0xff, 0xaf, 0xe4, 0xea, 0xff, 0xaf, 0xe4, 0xea, 0xff, 0xaf, 0xe4, 0xea, 0xff, 
0xaf, 0xe4, 0xea, 0xff, 0xaf, 0xe4, 0xea, 0xff, 0xaf, 0xe4, 0xea, 0xff, 0xaf, 0xe4, 0xea, 0xff, 
0xaf, 0xe4, 0xea, 0xff, 0xaf, 0xe4, 0xea, 0xff, 0xaf, 0xe4, 0xea, 0xff, 0xaf, 0xe4, 0xea, 0xff, 
0xaf, 0xe4, 0xea, 0xff, 0xaf, 0xe4, 0xea, 0xff, 0xaf, 0xe4, 0xea, 0xff, 0xaf, 0xe4, 0xea, 0xff, 
0xaf, 0xe4, 0xea, 0xff, 0xaf, 0xe4, 0xea, 0xff, 0xaf, 0xe4, 0xea, 0xff, 0xaf, 0xe4, 0xea, 0xff, 
0xaf, 0xe4, 0xea, 0xff, 0xaf, 0xe4, 0xea, 0xff, 0xaf, 0xe4, 0xea, 0xff, 0xaf, 0xe4, 0xea, 0xff, 
0xaf, 0xe4, 0xea, 0xff, 0xaf, 0xe4, 0xea, 0xff, 0xaf, 0xe4, 0xea, 0xff, 0xaf, 0xe4, 0xea, 0xff, 
0xaf, 0xe4, 0xea, 0xff, 0xaf, 0xe4, 0xea, 0xff, 0xaf, 0xe4, 0xea, 0xff, 0xaf, 0xe4, 0xea, 0xff, 
0xaf, 0xe4, 0xea, 0xff, 0xaf, 0xe4, 0xea, 0xff, 0xaf, 0xe4, 0xea, 0xff, 0xaf, 0xe4, 0xea, 0xff, 
0xaf, 0xe4, 0xea, 0xff, 0xaf, 0xe4, 0xea, 0xff, 0xaf, 0xe4, 0xea, 0xff, 0xaf, 0xe4, 0xea, 0xff, 
0xaf, 0xe4, 0xea, 0xff, 0xaf, 0xe4, 0xea, 0xff, 0xaf, 0xe4, 0xea, 0xff, 0xaf, 0xe4, 0xea, 0xff, 
0xaf, 0xe4, 0xea, 0xff, 0xaf, 0xe4, 0xea, 0xff, 0xaf, 0xe4, 0xea, 0xff, 0xaf, 0xe4, 0xea, 0xff, 
0xaf, 0xe4, 0xea, 0xff, 0xaf, 0xe4, 0xea, 0xff, 0xaf, 0xe4, 0xea, 0xff, 0xaf, 0xe4, 0xea, 0xff, 
0xaf, 0xe4, 0xea, 0xff, 0xaf, 0xe4, 0xea, 0xff, 0xaf, 0xe4, 0xea, 0xff, 0xaf, 0xe4, 0xea, 0xff, 
0xaf, 0xe4, 0xea, 0xff, 0xaf, 0xe4, 0xea, 0xff, 0xaf, 0xe4, 0xea, 0xff, 0xaf, 0xe4, 0xea, 0xff, 
0xaf, 0xe4, 0xea, 0xff, 0xaf, 0xe4, 0xea, 0xff, 0xaf, 0xe4, 0xea, 0xff, 0xaf, 0xe4, 0xea, 0xff, 
0xaf, 0xe4, 0xea, 0xff, 0xaf, 0xe4, 0xea, 0xff, 0xaf, 0xe4, 0xea, 0xff, 0xaf, 0xe4, 0xea, 0xff, 
0xaf, 0xe4, 0xea, 0xff, 0xaf, 0xe4, 0xea, 0xff, 0xaf, 0xe4, 0xea, 0xff, 0xaf, 0xe4, 0xea, 0xff, 
0xaf, 0xe4, 0xea, 0xff, 0xaf, 0xe4, 0xea, 0xff, 0xaf, 0xe4, 0xea, 0xff, 0xaf, 0xe4, 0xea, 0xff, 
0xaf, 0xe4, 0xea, 0xff, 0xaf, 0xe4, 0xea, 0xff, 0xaf, 0xe4, 0xea, 0xff, 0xaf, 0xe4, 0xea, 0xff, 
0xaf, 0xe4, 0xea, 0xff, 0xaf, 0xe4, 0xea, 0xff, 0xaf, 0xe4, 0xea, 0xff, 0xaf, 0xe4, 0xea, 0xff, 
0xaf, 0xe4, 0xea, 0xff, 0xaf, 0xe4, 0xea, 0xff, 0xaf, 0xe4, 0xea, 0xff, 0xaf, 0xe4, 0xea, 0xff, 
0xaf, 0xe4, 0xea, 0xff, 0xaf, 0xe4, 0xea, 0xff, 0xaf, 0xe4, 0xea, 0xff, 0xaf, 0xe4, 0xea, 0xff, 
0xaf, 0xe4, 0xea, 0xff, 0xaf, 0xe4, 0xea, 0xff, 0xaf, 0xe4, 0xea, 0xff, 0xaf, 0xe4, 0xea, 0xff, 
0xaf, 0xe4, 0xea, 0xff, 0xaf, 0xe4, 0xea, 0xff, 0xaf, 0xe4, 0xea, 0xff, 0xaf, 0xe4, 0xea, 0xff, 
0xaf, 0xe4, 0xea, 0xff, 0xaf, 0xe4, 0xea, 0xff, 0xaf, 0xe4, 0xea, 0xff, 0xaf, 0xe4, 0xea, 0xff, 
0xaf, 0xe4, 0xea, 0xff, 0xaf, 0xe4, 0xea, 0xff, 0xaf, 0xe4, 0xea, 0xff, 0xaf, 0xe4, 0xea, 0xff, 
0xaf, 0xe4, 0xea, 0xff, 0xaf, 0xe4, 0xea, 0xff, 0xaf, 0xe4, 0xea, 0xff, 0xaf, 0xe4, 0xea, 0xff, 
0xaf, 0xe4, 0xea, 0xff, 0xaf, 0xe4, 0xea, 0xff, 0xaf, 0xe4, 0xea, 0xff, 0xaf, 0xe4, 0xea, 0xff, 
0xaf, 0xe4, 0xea, 0xff, 0xaf, 0xe4, 0xea, 0xff, 0xaf, 0xe4, 0xea, 0xff, 0xaf, 0xe4, 0xea, 0xff, 
0xaf, 0xe4, 0xea, 0xff, 0xaf, 0xe4, 0xea, 0xff, 0xaf, 0xe4, 0xea, 0xff, 0xaf, 0xe4, 0xea, 0xff, 
0xaf, 0xe4, 0xea, 0xff, 0xaf, 0xe4, 0xea, 0xff, 0xaf, 0xe4, 0xea, 0xff, 0xaf, 0xe4, 0xea, 0xff, 
0xaf, 0xe4, 0xea, 0xff, 0xaf, 0xe4, 0xea, 0xff, 0xaf, 0xe4, 0xea, 0xff, 0xaf, 0xe4, 0xea, 0xff, 
0xaf, 0xe4, 0xea, 0xff, 0xaf, 0xe4, 0xea, 0xff, 0xaf, 0xe4, 0xea, 0xff, 0xaf, 0xe4, 0xea, 0xff, 
0xaf, 0xe4, 0xea, 0xff, 0xaf, 0xe4, 0xea, 0xff, 0xaf, 0xe4, 0xea, 0xff, 0xaf, 0xe4, 0xea, 0xff, 
0xaf, 0xe4, 0xea, 0xff, 0xaf, 0xe4, 0xea, 0xff, 0xaf, 0xe4, 0xea, 0xff, 0xaf, 0xe4, 0xea, 0xff, 
0xaf, 0xe4, 0xea, 0xff, 0xaf, 0xe4, 0xea, 0xff, 0xaf, 0xe4, 0xea, 0xff, 0xaf, 0xe4, 0xea, 0xff, 
0xaf, 0xe4, 0xea, 0xff, 0xaf, 0xe4, 0xea, 0xff, 0xaf, 0xe4, 0xea, 0xff, 0xaf, 0xe4, 0xea, 0xff, 
0xaf, 0xe4, 0xea, 0xff, 0xaf, 0xe4, 0xea, 0xff, 0xaf, 0xe4, 0xea, 0xff, 0xaf, 0xe4, 0xea, 0xff, 
0xaf, 0xe4, 0xea, 0xff, 0xaf, 0xe4, 0xea, 0xff, 0xaf, 0xe4, 0xea, 0xff, 0xaf, 0xe4, 0xea, 0xff, 
0xaf, 0xe4, 0xea, 0xff, 0xaf, 0xe4, 0xea, 0xff, 0xaf, 0xe4, 0xea, 0xff, 0xaf, 0xe4, 0xea, 0xff, 
0xaf, 0xe4, 0xea, 0xff, 0xaf, 0xe4, 0xea, 0xff, 0xaf, 0xe4, 0xea, 0xff, 0xaf, 0xe4, 0xea, 0xff, 
0xaf, 0xe4, 0xea, 0xff, 0xaf, 0xe4, 0xea, 0xff, 0xaf, 0xe4, 0xea, 0xff, 0xaf, 0xe4, 0xea, 0xff, 
0xaf, 0xe4, 0xea, 0xff, 0xaf, 0xe4, 0xea, 0xff, 0xaf, 0xe4, 0xea, 0xff, 0xaf, 0xe4, 0xea, 0xff, 
0xaf, 0xe4, 0xea, 0xff, 0xaf, 0xe4, 0xea, 0xff, 0xaf, 0xe4, 0xea, 0xff, 0xaf, 0xe4, 0xea, 0xff, 
0xaf, 0xe4, 0xea, 0xff, 0xaf, 0xe4, 0xea, 0xff, 0xaf, 0xe4, 0xea, 0xff, 0xaf, 0xe4, 0xea, 0xff, 
0xaf, 0xe4, 0xea, 0xff, 0xaf, 0xe4, 0xea, 0xff, 0xaf, 0xe4, 0xea, 0xff, 0xaf, 0xe4, 0xea, 0xff, 
0xaf, 0xe4, 0xea, 0xff, 0xaf, 0xe4, 0xea, 0xff, 0xaf, 0xe4, 0xea, 0xff, 0xaf, 0xe4, 0xea, 0xff, 
0xaf, 0xe4, 0xea, 0xff, 0xaf, 0xe4, 0xea, 0xff, 0xaf, 0xe4, 0xea, 0xff, 0xaf, 0xe4, 0xea, 0xff, 
0xaf, 0xe4, 0xea, 0xff, 0xaf, 0xe4, 0xea, 0xff, 0xaf, 0xe4, 0xea, 0xff, 0xaf, 0xe4, 0xea, 0xff, 
0xaf, 0xe4, 0xea, 0xff, 0xaf, 0xe4, 0xea, 0xff, 0xaf, 0xe4, 0xea, 0xff, 0xaf, 0xe4, 0xea, 0xff, 
0xaf, 0xe4, 0xea, 0xff, 0xaf, 0xe4, 0xea, 0xff, 0xaf, 0xe4, 0xea, 0xff, 0xaf, 0xe4, 0xea, 0xff, 
0xaf, 0xe4, 0xea, 0xff, 0xaf, 0xe4, 0xea, 0xff, 0xaf, 0xe4, 0xea, 0xff, 0xaf, 0xe4, 0xea, 0xff, 
0xaf, 0xe4, 0xea, 0xff, 0xaf, 0xe4, 0xea, 0xff, 0xaf, 0xe4, 0xea, 0xff, 0xaf, 0xe4, 0xea, 0xff, 
0xaf, 0xe4, 0xea, 0xff, 0xaf, 0xe4, 0xea, 0xff, 0xaf, 0xe4, 0xea, 0xff, 0xaf, 0xe4, 0xea, 0xff, 
0xaf, 0xe4, 0xea, 0xff, 0xaf, 0xe4, 0xea, 0xff, 0xaf, 0xe4, 0xea, 0xff, 0xaf, 0xe4, 0xea, 0xff, 
0xaf, 0xe4, 0xea, 0xff, 0xaf, 0xe4, 0xea, 0xff, 0xaf, 0xe4, 0xea, 0xff, 0xaf, 0xe4, 0xea, 0xff, 
0xaf, 0xe4, 0xea, 0xff, 0xaf, 0xe4, 0xea, 0xff, 0xaf, 0xe4, 0xea, 0xff, 0xaf, 0xe4, 0xea, 0xff, 
0xaf, 0xe4, 0xea, 0xff, 0xaf, 0xe4, 0xea, 0xff, 0xaf, 0xe4, 0xea, 0xff, 0xaf, 0xe4, 0xea, 0xff, 
0xaf, 0xe4, 0xea, 0xff, 0xaf, 0xe4, 0xea, 0xff, 0xaf, 0xe4, 0xea, 0xff, 0xaf, 0xe4, 0xea, 0xff, 
0xaf, 0xe4, 0xea, 0xff, 0xaf, 0xe4, 0xea, 0xff, 0xaf, 0xe4, 0xea, 0xff, 0xaf, 0xe4, 0xea, 0xff, 
0xaf, 0xe4, 0xea, 0xff, 0xaf, 0xe4, 0xea, 0xff, 0xaf, 0xe4, 0xea, 0xff, 0xaf, 0xe4, 0xea, 0xff, 
0xaf, 0xe4, 0xea, 0xff, 0xaf, 0xe4, 0xea, 0xff, 0xaf, 0xe4, 0xea, 0xff, 0xaf, 0xe4, 0xea, 0xff, 
0xaf, 0xe4, 0xea, 0xff, 0xaf, 0xe4, 0xea, 0xff, 0xaf, 0xe4, 0xea, 0xff, 0xaf, 0xe4, 0xea, 0xff, 
0xaf, 0xe4, 0xea, 0xff, 0xaf, 0xe4, 0xea, 0xff, 0xaf, 0xe4, 0xea, 0xff, 0xaf, 0xe4, 0xea, 0xff, 
0xb0, 0xe5, 0xeb, 0xff, 0xb0, 0xe5, 0xeb, 0xff, 0xb0, 0xe5, 0xeb, 0xff, 0xb0, 0xe5, 0xeb, 0xff, 
0xb0, 0xe5, 0xeb, 0xff, 0xb0, 0xe5, 0xeb, 0xff, 0xb0, 0xe5, 0xeb, 0xff, 0xb0, 0xe5, 0xeb, 0xff, 
0xb0, 0xe5, 0xeb, 0xff, 0xb0, 0xe5, 0xeb, 0xff, 0xb0, 0xe5, 0xeb, 0xff, 0xb0, 0xe5, 0xeb, 0xff, 
0xb0, 0xe5, 0xeb, 0xff, 0xb0, 0xe5, 0xeb, 0xff, 0xb0, 0xe5, 0xeb, 0xff, 0xb0, 0xe5, 0xeb, 0xff, 
0xb0, 0xe5, 0xeb, 0xff, 0xb0, 0xe5, 0xeb, 0xff, 0xb0, 0xe5, 0xeb, 0xff, 0xb0, 0xe5, 0xeb, 0xff, 
0xb0, 0xe5, 0xeb, 0xff, 0xb0, 0xe5, 0xeb, 0xff, 0xb0, 0xe5, 0xeb, 0xff, 0xb0, 0xe5, 0xeb, 0xff, 
0xb0, 0xe5, 0xeb, 0xff, 0xb0, 0xe5, 0xeb, 0xff, 0xb0, 0xe5, 0xeb, 0xff, 0xb0, 0xe5, 0xeb, 0xff, 
0xb0, 0xe5, 0xeb, 0xff, 0xb0, 0xe5, 0xeb, 0xff, 0xb0, 0xe5, 0xeb, 0xff, 0xb0, 0xe5, 0xeb, 0xff, 
0xb0, 0xe5, 0xeb, 0xff, 0xb0, 0xe5, 0xeb, 0xff, 0xb0, 0xe5, 0xeb, 0xff, 0xb0, 0xe5, 0xeb, 0xff, 
0xb0, 0xe5, 0xeb, 0xff, 0xb0, 0xe5, 0xeb, 0xff, 0xb0, 0xe5, 0xeb, 0xff, 0xb0, 0xe5, 0xeb, 0xff, 
0xb0, 0xe5, 0xeb, 0xff, 0xb0, 0xe5, 0xeb, 0xff, 0xb0, 0xe5, 0xeb, 0xff, 0xb0, 0xe5, 0xeb, 0xff, 
0xb0, 0xe5, 0xeb, 0xff, 0xb0, 0xe5, 0xeb, 0xff, 0xb0, 0xe5, 0xeb, 0xff, 0xb0, 0xe5, 0xeb, 0xff, 
0xb0, 0xe5, 0xeb, 0xff, 0xb0, 0xe5, 0xeb, 0xff, 0xb0, 0xe5, 0xeb, 0xff, 0xb0, 0xe5, 0xeb, 0xff, 
0xb0, 0xe5, 0xeb, 0xff, 0xb0, 0xe5, 0xeb, 0xff, 0xb0, 0xe5, 0xeb, 0xff, 0xb0, 0xe5, 0xeb, 0xff, 
0xb0, 0xe5, 0xeb, 0xff, 0xb0, 0xe5, 0xeb, 0xff, 0xb0, 0xe5, 0xeb, 0xff, 0xb0, 0xe5, 0xeb, 0xff, 
0xb0, 0xe5, 0xeb, 0xff, 0xb0, 0xe5, 0xeb, 0xff, 0xb0, 0xe5, 0xeb, 0xff, 0xb0, 0xe5, 0xeb, 0xff, 
0xb0, 0xe5, 0xeb, 0xff, 0xb0, 0xe5, 0xeb, 0xff, 0xb0, 0xe5, 0xeb, 0xff, 0xb0, 0xe5, 0xeb, 0xff, 
0xb0, 0xe5, 0xeb, 0xff, 0xb0, 0xe5, 0xeb, 0xff, 0xb0, 0xe5, 0xeb, 0xff, 0xb0, 0xe5, 0xeb, 0xff, 
0xb0, 0xe5, 0xeb, 0xff, 0xb0, 0xe5, 0xeb, 0xff, 0xb0, 0xe5, 0xeb, 0xff, 0xb0, 0xe5, 0xeb, 0xff, 
0xb0, 0xe5, 0xeb, 0xff, 0xb0, 0xe5, 0xeb, 0xff, 0xb0, 0xe5, 0xeb, 0xff, 0xb0, 0xe5, 0xeb, 0xff, 
0xb0, 0xe5, 0xeb, 0xff, 0xb0, 0xe5, 0xeb, 0xff, 0xb0, 0xe5, 0xeb, 0xff, 0xb0, 0xe5, 0xeb, 0xff, 
0xb0, 0xe5, 0xeb, 0xff, 0xb0, 0xe5, 0xeb, 0xff, 0xb0, 0xe5, 0xeb, 0xff, 0xb0, 0xe5, 0xeb, 0xff, 
0xb0, 0xe5, 0xeb, 0xff, 0xb0, 0xe5, 0xeb, 0xff, 0xb0, 0xe5, 0xeb, 0xff, 0xb0, 0xe5, 0xeb, 0xff, 
0xb0, 0xe5, 0xeb, 0xff, 0xb0, 0xe5, 0xeb, 0xff, 0xb0, 0xe5, 0xeb, 0xff, 0xb0, 0xe5, 0xeb, 0xff, 
0xb0, 0xe5, 0xeb, 0xff, 0xb0, 0xe5, 0xeb, 0xff, 0xb0, 0xe5, 0xeb, 0xff, 0xb0, 0xe5, 0xeb, 0xff, 
0xb0, 0xe5, 0xeb, 0xff, 0xb0, 0xe5, 0xeb, 0xff, 0xb0, 0xe5, 0xeb, 0xff, 0xb0, 0xe5, 0xeb, 0xff, 
0xb0, 0xe5, 0xeb, 0xff, 0xb0, 0xe5, 0xeb, 0xff, 0xb0, 0xe5, 0xeb, 0xff, 0xb0, 0xe5, 0xeb, 0xff, 
0xb0, 0xe5, 0xeb, 0xff, 0xb0, 0xe5, 0xeb, 0xff, 0xb0, 0xe5, 0xeb, 0xff, 0xb0, 0xe5, 0xeb, 0xff, 
0xb0, 0xe5, 0xeb, 0xff, 0xb0, 0xe5, 0xeb, 0xff, 0xb0, 0xe5, 0xeb, 0xff, 0xb0, 0xe5, 0xeb, 0xff, 
0xb0, 0xe5, 0xeb, 0xff, 0xb0, 0xe5, 0xeb, 0xff, 0xb0, 0xe5, 0xeb, 0xff, 0xb0, 0xe5, 0xeb, 0xff, 
0xb0, 0xe5, 0xeb, 0xff, 0xb0, 0xe5, 0xeb, 0xff, 0xb0, 0xe5, 0xeb, 0xff, 0xb0, 0xe5, 0xeb, 0xff, 
0xb0, 0xe5, 0xeb, 0xff, 0xb0, 0xe5, 0xeb, 0xff, 0xb0, 0xe5, 0xeb, 0xff, 0xb0, 0xe5, 0xeb, 0xff, 
0xb0, 0xe5, 0xeb, 0xff, 0xb0, 0xe5, 0xeb, 0xff, 0xb0, 0xe5, 0xeb, 0xff, 0xb0, 0xe5, 0xeb, 0xff, 
0xb0, 0xe5, 0xeb, 0xff, 0xb0, 0xe5, 0xeb, 0xff, 0xb0, 0xe5, 0xeb, 0xff, 0xb0, 0xe5, 0xeb, 0xff, 
0xb0, 0xe5, 0xeb, 0xff, 0xb0, 0xe5, 0xeb, 0xff, 0xb0, 0xe5, 0xeb, 0xff, 0xb0, 0xe5, 0xeb, 0xff, 
0xb0, 0xe5, 0xeb, 0xff, 0xb0, 0xe5, 0xeb, 0xff, 0xb0, 0xe5, 0xeb, 0xff, 0xb0, 0xe5, 0xeb, 0xff, 
0xb0, 0xe5, 0xeb, 0xff, 0xb0, 0xe5, 0xeb, 0xff, 0xb0, 0xe5, 0xeb, 0xff, 0xb0, 0xe5, 0xeb, 0xff, 
0xb0, 0xe5, 0xeb, 0xff, 0xb0, 0xe5, 0xeb, 0xff, 0xb0, 0xe5, 0xeb, 0xff, 0xb0, 0xe5, 0xeb, 0xff, 
0xb0, 0xe5, 0xeb, 0xff, 0xb0, 0xe5, 0xeb, 0xff, 0xb0, 0xe5, 0xeb, 0xff, 0xb0, 0xe5, 0xeb, 0xff, 
0xb0, 0xe5, 0xeb, 0xff, 0xb0, 0xe5, 0xeb, 0xff, 0xb0, 0xe5, 0xeb, 0xff, 0xb0, 0xe5, 0xeb, 0xff, 
0xb0, 0xe5, 0xeb, 0xff, 0xb0, 0xe5, 0xeb, 0xff, 0xb0, 0xe5, 0xeb, 0xff, 0xb0, 0xe5, 0xeb, 0xff, 
0xb0, 0xe5, 0xeb, 0xff, 0xb0, 0xe5, 0xeb, 0xff, 0xb0, 0xe5, 0xeb, 0xff, 0xb0, 0xe5, 0xeb, 0xff, 
0xb0, 0xe5, 0xeb, 0xff, 0xb0, 0xe5, 0xeb, 0xff, 0xb0, 0xe5, 0xeb, 0xff, 0xb0, 0xe5, 0xeb, 0xff, 
0xb0, 0xe5, 0xeb, 0xff, 0xb0, 0xe5, 0xeb, 0xff, 0xb0, 0xe5, 0xeb, 0xff, 0xb0, 0xe5, 0xeb, 0xff, 
0xb0, 0xe5, 0xeb, 0xff, 0xb0, 0xe5, 0xeb, 0xff, 0xb0, 0xe5, 0xeb, 0xff, 0xb0, 0xe5, 0xeb, 0xff, 
0xb0, 0xe5, 0xeb, 0xff, 0xb0, 0xe5, 0xeb, 0xff, 0xb0, 0xe5, 0xeb, 0xff, 0xb0, 0xe5, 0xeb, 0xff, 
0xb0, 0xe5, 0xeb, 0xff, 0xb0, 0xe5, 0xeb, 0xff, 0xb0, 0xe5, 0xeb, 0xff, 0xb0, 0xe5, 0xeb, 0xff, 
0xb0, 0xe5, 0xeb, 0xff, 0xb0, 0xe5, 0xeb, 0xff, 0xb0, 0xe5, 0xeb, 0xff, 0xb0, 0xe5, 0xeb, 0xff, 
0xb0, 0xe5, 0xeb, 0xff, 0xb0, 0xe5, 0xeb, 0xff, 0xb0, 0xe5, 0xeb, 0xff, 0xb0, 0xe5, 0xeb, 0xff, 
0xb0, 0xe5, 0xeb, 0xff, 0xb0, 0xe5, 0xeb, 0xff, 0xb0, 0xe5, 0xeb, 0xff, 0xb0, 0xe5, 0xeb, 0xff, 
0xb0, 0xe5, 0xeb, 0xff, 0xb0, 0xe5, 0xeb, 0xff, 0xb0, 0xe5, 0xeb, 0xff, 0xb0, 0xe5, 0xeb, 0xff, 
0xb0, 0xe5, 0xeb, 0xff, 0xb0, 0xe5, 0xeb, 0xff, 0xb0, 0xe5, 0xeb, 0xff, 0xb0, 0xe5, 0xeb, 0xff, 
0xb0, 0xe5, 0xeb, 0xff, 0xb0, 0xe5, 0xeb, 0xff, 0xb0, 0xe5, 0xeb, 0xff, 0xb0, 0xe5, 0xeb, 0xff, 
0xb0, 0xe5, 0xeb, 0xff, 0xb0, 0xe5, 0xeb, 0xff, 0xb0, 0xe5, 0xeb, 0xff, 0xb0, 0xe5, 0xeb, 0xff, 
0xb0, 0xe5, 0xeb, 0xff, 0xb0, 0xe5, 0xeb, 0xff, 0xb0, 0xe5, 0xeb, 0xff, 0xb0, 0xe5, 0xeb, 0xff, 
0xb0, 0xe5, 0xeb, 0xff, 0xb0, 0xe5, 0xeb, 0xff, 0xb0, 0xe5, 0xeb, 0xff, 0xb0, 0xe5, 0xeb, 0xff, 
0xb0, 0xe5, 0xeb, 0xff, 0xb0, 0xe5, 0xeb, 0xff, 0xb0, 0xe5, 0xeb, 0xff, 0xb0, 0xe5, 0xeb, 0xff, 
0xb0, 0xe5, 0xeb, 0xff, 0xb0, 0xe5, 0xeb, 0xff, 0xb0, 0xe5, 0xeb, 0xff, 0xb0, 0xe5, 0xeb, 0xff, 
0xb0, 0xe5, 0xeb, 0xff, 0xb0, 0xe5, 0xeb, 0xff, 0xb0, 0xe5, 0xeb, 0xff, 0xb0, 0xe5, 0xeb, 0xff, 
0xb0, 0xe5, 0xeb, 0xff, 0xb0, 0xe5, 0xeb, 0xff, 0xb0, 0xe5, 0xeb, 0xff, 0xb0, 0xe5, 0xeb, 0xff, 
0xb0, 0xe5, 0xeb, 0xff, 0xb0, 0xe5, 0xeb, 0xff, 0xb0, 0xe5, 0xeb, 0xff, 0xb0, 0xe5, 0xeb, 0xff, 
0xb0, 0xe5, 0xeb, 0xff, 0xb0, 0xe5, 0xeb, 0xff, 0xb0, 0xe5, 0xeb, 0xff, 0xb0, 0xe5, 0xeb, 0xff, 
0xb0, 0xe5, 0xeb, 0xff, 0xb0, 0xe5, 0xeb, 0xff, 0xb0, 0xe5, 0xeb, 0xff, 0xb0, 0xe5, 0xeb, 0xff, 
0xb0, 0xe5, 0xeb, 0xff, 0xb0, 0xe5, 0xeb, 0xff, 0xb0, 0xe5, 0xeb, 0xff, 0xb0, 0xe5, 0xeb, 0xff, 
0xb0, 0xe5, 0xeb, 0xff, 0xb0, 0xe5, 0xeb, 0xff, 0xb0, 0xe5, 0xeb, 0xff, 0xb0, 0xe5, 0xeb, 0xff, 
0xb0, 0xe5, 0xeb, 0xff, 0xb0, 0xe5, 0xeb, 0xff, 0xb0, 0xe5, 0xeb, 0xff, 0xb0, 0xe5, 0xeb, 0xff, 
0xb0, 0xe5, 0xeb, 0xff, 0xb0, 0xe5, 0xeb, 0xff, 0xb0, 0xe5, 0xeb, 0xff, 0xb0, 0xe5, 0xeb, 0xff, 
0xb0, 0xe5, 0xeb, 0xff, 0xb0, 0xe5, 0xeb, 0xff, 0xb0, 0xe5, 0xeb, 0xff, 0xb0, 0xe5, 0xeb, 0xff, 
0xb0, 0xe5, 0xeb, 0xff, 0xb0, 0xe5, 0xeb, 0xff, 0xb0, 0xe5, 0xeb, 0xff, 0xb0, 0xe5, 0xeb, 0xff, 
0xb0, 0xe5, 0xeb, 0xff, 0xb0, 0xe5, 0xeb, 0xff, 0xb0, 0xe5, 0xeb, 0xff, 0xb0, 0xe5, 0xeb, 0xff, 
0xb0, 0xe5, 0xeb, 0xff, 0xb0, 0xe5, 0xeb, 0xff, 0xb0, 0xe5, 0xeb, 0xff, 0xb0, 0xe5, 0xeb, 0xff, 
0xb0, 0xe5, 0xeb, 0xff, 0xb0, 0xe5, 0xeb, 0xff, 0xb0, 0xe5, 0xeb, 0xff, 0xb0, 0xe5, 0xeb, 0xff, 
0xb0, 0xe5, 0xeb, 0xff, 0xb0, 0xe5, 0xeb, 0xff, 0xb0, 0xe5, 0xeb, 0xff, 0xb0, 0xe5, 0xeb, 0xff, 
0xb0, 0xe5, 0xeb, 0xff, 0xb0, 0xe5, 0xeb, 0xff, 0xb0, 0xe5, 0xeb, 0xff, 0xb0, 0xe5, 0xeb, 0xff, 
0xb0, 0xe5, 0xeb, 0xff, 0xb0, 0xe5, 0xeb, 0xff, 0xb0, 0xe5, 0xeb, 0xff, 0xb0, 0xe5, 0xeb, 0xff, 
0xb0, 0xe5, 0xeb, 0xff, 0xb0, 0xe5, 0xeb, 0xff, 0xb0, 0xe5, 0xeb, 0xff, 0xb0, 0xe5, 0xeb, 0xff, 
0xb0, 0xe5, 0xeb, 0xff, 0xb0, 0xe5, 0xeb, 0xff, 0xb0, 0xe5, 0xeb, 0xff, 0xb0, 0xe5, 0xeb, 0xff, 
0xb0, 0xe5, 0xeb, 0xff, 0xb0, 0xe5, 0xeb, 0xff, 0xb0, 0xe5, 0xeb, 0xff, 0xb0, 0xe5, 0xeb, 0xff, 
0xb0, 0xe5, 0xeb, 0xff, 0xb0, 0xe5, 0xeb, 0xff, 0xb0, 0xe5, 0xeb, 0xff, 0xb0, 0xe5, 0xeb, 0xff, 
0xb0, 0xe5, 0xeb, 0xff, 0xb0, 0xe5, 0xeb, 0xff, 0xb0, 0xe5, 0xeb, 0xff, 0xb0, 0xe5, 0xeb, 0xff, 
0xb0, 0xe5, 0xeb, 0xff, 0xb0, 0xe5, 0xeb, 0xff, 0xb0, 0xe5, 0xeb, 0xff, 0xb0, 0xe5, 0xeb, 0xff, 
0xb0, 0xe5, 0xeb, 0xff, 0xb0, 0xe5, 0xeb, 0xff, 0xb0, 0xe5, 0xeb, 0xff, 0xb0, 0xe5, 0xeb, 0xff, 
0xb0, 0xe5, 0xeb, 0xff, 0xb0, 0xe5, 0xeb, 0xff, 0xb0, 0xe5, 0xeb, 0xff, 0xb0, 0xe5, 0xeb, 0xff, 
0xb0, 0xe5, 0xeb, 0xff, 0xb0, 0xe5, 0xeb, 0xff, 0xb0, 0xe5, 0xeb, 0xff, 0xb0, 0xe5, 0xeb, 0xff, 
0xb0, 0xe5, 0xeb, 0xff, 0xb0, 0xe5, 0xeb, 0xff, 0xb0, 0xe5, 0xeb, 0xff, 0xb0, 0xe5, 0xeb, 0xff, 
0xb0, 0xe5, 0xeb, 0xff, 0xb0, 0xe5, 0xeb, 0xff, 0xb0, 0xe5, 0xeb, 0xff, 0xb0, 0xe5, 0xeb, 0xff, 
0xb0, 0xe5, 0xeb, 0xff, 0xb0, 0xe5, 0xeb, 0xff, 0xb0, 0xe5, 0xeb, 0xff, 0xb0, 0xe5, 0xeb, 0xff, 
0xb0, 0xe5, 0xeb, 0xff, 0xb0, 0xe5, 0xeb, 0xff, 0xb0, 0xe5, 0xeb, 0xff, 0xb0, 0xe5, 0xeb, 0xff, 
0xb0, 0xe5, 0xeb, 0xff, 0xb0, 0xe5, 0xeb, 0xff, 0xb0, 0xe5, 0xeb, 0xff, 0xb0, 0xe5, 0xeb, 0xff, 
0xb0, 0xe5, 0xeb, 0xff, 0xb0, 0xe5, 0xeb, 0xff, 0xb0, 0xe5, 0xeb, 0xff, 0xb0, 0xe5, 0xeb, 0xff, 
0xb0, 0xe5, 0xeb, 0xff, 0xb0, 0xe5, 0xeb, 0xff, 0xb0, 0xe5, 0xeb, 0xff, 0xb0, 0xe5, 0xeb, 0xff, 
0xb0, 0xe5, 0xeb, 0xff, 0xb0, 0xe5, 0xeb, 0xff, 0xb0, 0xe5, 0xeb, 0xff, 0xb0, 0xe5, 0xeb, 0xff, 
0xb0, 0xe5, 0xeb, 0xff, 0xb0, 0xe5, 0xeb, 0xff, 0xb0, 0xe5, 0xeb, 0xff, 0xb0, 0xe5, 0xeb, 0xff, 
0xb0, 0xe5, 0xeb, 0xff, 0xb0, 0xe5, 0xeb, 0xff, 0xb0, 0xe5, 0xeb, 0xff, 0xb0, 0xe5, 0xeb, 0xff, 
0xb0, 0xe5, 0xeb, 0xff, 0xb0, 0xe5, 0xeb, 0xff, 0xb0, 0xe5, 0xeb, 0xff, 0xb0, 0xe5, 0xeb, 0xff, 
0xb0, 0xe5, 0xeb, 0xff, 0xb0, 0xe5, 0xeb, 0xff, 0xb0, 0xe5, 0xeb, 0xff, 0xb0, 0xe5, 0xeb, 0xff, 
0xb0, 0xe5, 0xeb, 0xff, 0xb0, 0xe5, 0xeb, 0xff, 0xb0, 0xe5, 0xeb, 0xff, 0xb0, 0xe5, 0xeb, 0xff, 
0xb0, 0xe5, 0xeb, 0xff, 0xb0, 0xe5, 0xeb, 0xff, 0xb0, 0xe5, 0xeb, 0xff, 0xb0, 0xe5, 0xeb, 0xff, 
0xb0, 0xe5, 0xeb, 0xff, 0xb0, 0xe5, 0xeb, 0xff, 0xb0, 0xe5, 0xeb, 0xff, 0xb0, 0xe5, 0xeb, 0xff, 
0xb0, 0xe5, 0xeb, 0xff, 0xb0, 0xe5, 0xeb, 0xff, 0xb0, 0xe5, 0xeb, 0xff, 0xb0, 0xe5, 0xeb, 0xff, 
0xb0, 0xe5, 0xeb, 0xff, 0xb0, 0xe5, 0xeb, 0xff, 0xb0, 0xe5, 0xeb, 0xff, 0xb0, 0xe5, 0xeb, 0xff, 
0xb0, 0xe5, 0xeb, 0xff, 0xb0, 0xe5, 0xeb, 0xff, 0xb0, 0xe5, 0xeb, 0xff, 0xb0, 0xe5, 0xeb, 0xff, 
0xb0, 0xe5, 0xeb, 0xff, 0xb0, 0xe5, 0xeb, 0xff, 0xb0, 0xe5, 0xeb, 0xff, 0xb0, 0xe5, 0xeb, 0xff, 
0xb0, 0xe5, 0xeb, 0xff, 0xb0, 0xe5, 0xeb, 0xff, 0xb0, 0xe5, 0xeb, 0xff, 0xb0, 0xe5, 0xeb, 0xff, 
0xb0, 0xe5, 0xeb, 0xff, 0xb0, 0xe5, 0xeb, 0xff, 0xb0, 0xe5, 0xeb, 0xff, 0xb0, 0xe5, 0xeb, 0xff, 
0xb0, 0xe5, 0xeb, 0xff, 0xb0, 0xe5, 0xeb, 0xff, 0xb0, 0xe5, 0xeb, 0xff, 0xb0, 0xe5, 0xeb, 0xff, 
0xb0, 0xe5, 0xeb, 0xff, 0xb0, 0xe5, 0xeb, 0xff, 0xb0, 0xe5, 0xeb, 0xff, 0xb0, 0xe5, 0xeb, 0xff, 
0xb0, 0xe5, 0xeb, 0xff, 0xb0, 0xe5, 0xeb, 0xff, 0xb0, 0xe5, 0xeb, 0xff, 0xb0, 0xe5, 0xeb, 0xff, 
0xb0, 0xe5, 0xeb, 0xff, 0xb0, 0xe5, 0xeb, 0xff, 0xb0, 0xe5, 0xeb, 0xff, 0xb0, 0xe5, 0xeb, 0xff, 
0xb0, 0xe5, 0xeb, 0xff, 0xb0, 0xe5, 0xeb, 0xff, 0xb0, 0xe5, 0xeb, 0xff, 0xb0, 0xe5, 0xeb, 0xff, 
0xb0, 0xe5, 0xeb, 0xff, 0xb0, 0xe5, 0xeb, 0xff, 0xb0, 0xe5, 0xeb, 0xff, 0xb0, 0xe5, 0xeb, 0xff, 
0xb0, 0xe5, 0xeb, 0xff, 0xb0, 0xe5, 0xeb, 0xff, 0xb0, 0xe5, 0xeb, 0xff, 0xb0, 0xe5, 0xeb, 0xff, 
0xb0, 0xe5, 0xeb, 0xff, 0xb0, 0xe5, 0xeb, 0xff, 0xb0, 0xe5, 0xeb, 0xff, 0xb0, 0xe5, 0xeb, 0xff, 
0xb0, 0xe5, 0xeb, 0xff, 0xb0, 0xe5, 0xeb, 0xff, 0xb0, 0xe5, 0xeb, 0xff, 0xb0, 0xe5, 0xeb, 0xff, 
0xb0, 0xe5, 0xeb, 0xff, 0xb0, 0xe5, 0xeb, 0xff, 0xb0, 0xe5, 0xeb, 0xff, 0xb0, 0xe5, 0xeb, 0xff, 
0xb0, 0xe5, 0xeb, 0xff, 0xb0, 0xe5, 0xeb, 0xff, 0xb0, 0xe5, 0xeb, 0xff, 0xb0, 0xe5, 0xeb, 0xff, 
0xb0, 0xe5, 0xeb, 0xff, 0xb0, 0xe5, 0xeb, 0xff, 0xb0, 0xe5, 0xeb, 0xff, 0xb0, 0xe5, 0xeb, 0xff, 
0xb0, 0xe5, 0xeb, 0xff, 0xb0, 0xe5, 0xeb, 0xff, 0xb0, 0xe5, 0xeb, 0xff, 0xb0, 0xe5, 0xeb, 0xff, 
0xb0, 0xe5, 0xeb, 0xff, 0xb0, 0xe5, 0xeb, 0xff, 0xb0, 0xe5, 0xeb, 0xff, 0xb0, 0xe5, 0xeb, 0xff, 
0xb0, 0xe5, 0xeb, 0xff, 0xb0, 0xe5, 0xeb, 0xff, 0xb0, 0xe5, 0xeb, 0xff, 0xb0, 0xe5, 0xeb, 0xff, 
0xb0, 0xe5, 0xeb, 0xff, 0xb0, 0xe5, 0xeb, 0xff, 0xb0, 0xe5, 0xeb, 0xff, 0xb0, 0xe5, 0xeb, 0xff, 
0xb0, 0xe5, 0xeb, 0xff, 0xb0, 0xe5, 0xeb, 0xff, 0xb0, 0xe5, 0xeb, 0xff, 0xb0, 0xe5, 0xeb, 0xff, 
0xb0, 0xe5, 0xeb, 0xff, 0xb0, 0xe5, 0xeb, 0xff, 0xb0, 0xe5, 0xeb, 0xff, 0xb0, 0xe5, 0xeb, 0xff, 
0xb0, 0xe5, 0xeb, 0xff, 0xb0, 0xe5, 0xeb, 0xff, 0xb0, 0xe5, 0xeb, 0xff, 0xb0, 0xe5, 0xeb, 0xff, 
0xb0, 0xe5, 0xeb, 0xff, 0xb0, 0xe5, 0xeb, 0xff, 0xb0, 0xe5, 0xeb, 0xff, 0xb0, 0xe5, 0xeb, 0xff, 
0xb0, 0xe5, 0xeb, 0xff, 0xb0, 0xe5, 0xeb, 0xff, 0xb0, 0xe5, 0xeb, 0xff, 0xb0, 0xe5, 0xeb, 0xff, 
0xb0, 0xe5, 0xeb, 0xff, 0xb0, 0xe5, 0xeb, 0xff, 0xb0, 0xe5, 0xeb, 0xff, 0xb0, 0xe5, 0xeb, 0xff, 
0xb0, 0xe5, 0xeb, 0xff, 0xb0, 0xe5, 0xeb, 0xff, 0xb0, 0xe5, 0xeb, 0xff, 0xb0, 0xe5, 0xeb, 0xff, 
0xb0, 0xe5, 0xeb, 0xff, 0xb0, 0xe5, 0xeb, 0xff, 0xb0, 0xe5, 0xeb, 0xff, 0xb0, 0xe5, 0xeb, 0xff, 
0xb0, 0xe5, 0xeb, 0xff, 0xb0, 0xe5, 0xeb, 0xff, 0xb0, 0xe5, 0xeb, 0xff, 0xb0, 0xe5, 0xeb, 0xff, 
0xb0, 0xe5, 0xeb, 0xff, 0xb0, 0xe5, 0xeb, 0xff, 0xb0, 0xe5, 0xeb, 0xff, 0xb0, 0xe5, 0xeb, 0xff, 
0xb0, 0xe5, 0xeb, 0xff, 0xb0, 0xe5, 0xeb, 0xff, 0xb0, 0xe5, 0xeb, 0xff, 0xb0, 0xe5, 0xeb, 0xff, 
0xb0, 0xe5, 0xeb, 0xff, 0xb0, 0xe5, 0xeb, 0xff, 0xb0, 0xe5, 0xeb, 0xff, 0xb0, 0xe5, 0xeb, 0xff, 
0xb0, 0xe5, 0xeb, 0xff, 0xb0, 0xe5, 0xeb, 0xff, 0xb0, 0xe5, 0xeb, 0xff, 0xb0, 0xe5, 0xeb, 0xff, 
0xb0, 0xe5, 0xeb, 0xff, 0xb0, 0xe5, 0xeb, 0xff, 0xb0, 0xe5, 0xeb, 0xff, 0xb0, 0xe5, 0xeb, 0xff, 
0xb0, 0xe5, 0xeb, 0xff, 0xb0, 0xe5, 0xeb, 0xff, 0xb0, 0xe5, 0xeb, 0xff, 0xb0, 0xe5, 0xeb, 0xff, 
0xb0, 0xe5, 0xeb, 0xff, 0xb0, 0xe5, 0xeb, 0xff, 0xb0, 0xe5, 0xeb, 0xff, 0xb0, 0xe5, 0xeb, 0xff, 
0xb0, 0xe5, 0xeb, 0xff, 0xb0, 0xe5, 0xeb, 0xff, 0xb0, 0xe5, 0xeb, 0xff, 0xb0, 0xe5, 0xeb, 0xff, 
0xb0, 0xe5, 0xeb, 0xff, 0xb0, 0xe5, 0xeb, 0xff, 0xb0, 0xe5, 0xeb, 0xff, 0xb0, 0xe5, 0xeb, 0xff, 
0xb0, 0xe5, 0xeb, 0xff, 0xb0, 0xe5, 0xeb, 0xff, 0xb0, 0xe5, 0xeb, 0xff, 0xb0, 0xe5, 0xeb, 0xff, 
0xb0, 0xe5, 0xeb, 0xff, 0xb0, 0xe5, 0xeb, 0xff, 0xb0, 0xe5, 0xeb, 0xff, 0xb0, 0xe5, 0xeb, 0xff, 
0xb0, 0xe5, 0xeb, 0xff, 0xb0, 0xe5, 0xeb, 0xff, 0xb0, 0xe5, 0xeb, 0xff, 0xb0, 0xe5, 0xeb, 0xff, 
0xb0, 0xe5, 0xeb, 0xff, 0xb0, 0xe5, 0xeb, 0xff, 0xb0, 0xe5, 0xeb, 0xff, 0xb0, 0xe5, 0xeb, 0xff, 
0xb0, 0xe5, 0xeb, 0xff, 0xb0, 0xe5, 0xeb, 0xff, 0xb0, 0xe5, 0xeb, 0xff, 0xb0, 0xe5, 0xeb, 0xff, 
0xb0, 0xe5, 0xeb, 0xff, 0xb0, 0xe5, 0xeb, 0xff, 0xb0, 0xe5, 0xeb, 0xff, 0xb0, 0xe5, 0xeb, 0xff, 
0xb0, 0xe5, 0xeb, 0xff, 0xb0, 0xe5, 0xeb, 0xff, 0xb0, 0xe5, 0xeb, 0xff, 0xb0, 0xe5, 0xeb, 0xff, 
0xb0, 0xe5, 0xeb, 0xff, 0xb0, 0xe5, 0xeb, 0xff, 0xb0, 0xe5, 0xeb, 0xff, 0xb0, 0xe5, 0xeb, 0xff, 
0xb0, 0xe5, 0xeb, 0xff, 0xb0, 0xe5, 0xeb, 0xff, 0xb0, 0xe5, 0xeb, 0xff, 0xb0, 0xe5, 0xeb, 0xff, 
0xb0, 0xe5, 0xeb, 0xff, 0xb0, 0xe5, 0xeb, 0xff, 0xb0, 0xe5, 0xeb, 0xff, 0xb0, 0xe5, 0xeb, 0xff, 
0xb0, 0xe5, 0xeb, 0xff, 0xb0, 0xe5, 0xeb, 0xff, 0xb0, 0xe5, 0xeb, 0xff, 0xb0, 0xe5, 0xeb, 0xff, 
0xb0, 0xe5, 0xeb, 0xff, 0xb0, 0xe5, 0xeb, 0xff, 0xb0, 0xe5, 0xeb, 0xff, 0xb0, 0xe5, 0xeb, 0xff, 
0xb0, 0xe5, 0xeb, 0xff, 0xb0, 0xe5, 0xeb, 0xff, 0xb0, 0xe5, 0xeb, 0xff, 0xb0, 0xe5, 0xeb, 0xff, 
0xb0, 0xe5, 0xeb, 0xff, 0xb0, 0xe5, 0xeb, 0xff, 0xb0, 0xe5, 0xeb, 0xff, 0xb0, 0xe5, 0xeb, 0xff, 
0xb0, 0xe5, 0xeb, 0xff, 0xb0, 0xe5, 0xeb, 0xff, 0xb0, 0xe5, 0xeb, 0xff, 0xb0, 0xe5, 0xeb, 0xff, 
0xb0, 0xe5, 0xeb, 0xff, 0xb0, 0xe5, 0xeb, 0xff, 0xb0, 0xe5, 0xeb, 0xff, 0xb0, 0xe5, 0xeb, 0xff, 
0xb0, 0xe5, 0xeb, 0xff, 0xb0, 0xe5, 0xeb, 0xff, 0xb0, 0xe5, 0xeb, 0xff, 0xb0, 0xe5, 0xeb, 0xff, 
0xb0, 0xe5, 0xeb, 0xff, 0xb0, 0xe5, 0xeb, 0xff, 0xb0, 0xe5, 0xeb, 0xff, 0xb0, 0xe5, 0xeb, 0xff, 
0xb0, 0xe5, 0xeb, 0xff, 0xb0, 0xe5, 0xeb, 0xff, 0xb0, 0xe5, 0xeb, 0xff, 0xb0, 0xe5, 0xeb, 0xff, 
0xb0, 0xe5, 0xeb, 0xff, 0xb0, 0xe5, 0xeb, 0xff, 0xb0, 0xe5, 0xeb, 0xff, 0xb0, 0xe5, 0xeb, 0xff, 
0xb0, 0xe5, 0xeb, 0xff, 0xb0, 0xe5, 0xeb, 0xff, 0xb0, 0xe5, 0xeb, 0xff, 0xb0, 0xe5, 0xeb, 0xff, 
0xb0, 0xe5, 0xeb, 0xff, 0xb0, 0xe5, 0xeb, 0xff, 0xb0, 0xe5, 0xeb, 0xff, 0xb0, 0xe5, 0xeb, 0xff, 
0xb0, 0xe5, 0xeb, 0xff, 0xb0, 0xe5, 0xeb, 0xff, 0xb0, 0xe5, 0xeb, 0xff, 0xb0, 0xe5, 0xeb, 0xff, 
0xb0, 0xe5, 0xeb, 0xff, 0xb0, 0xe5, 0xeb, 0xff, 0xb0, 0xe5, 0xeb, 0xff, 0xb0, 0xe5, 0xeb, 0xff, 
0xb0, 0xe5, 0xeb, 0xff, 0xb0, 0xe5, 0xeb, 0xff, 0xb0, 0xe5, 0xeb, 0xff, 0xb0, 0xe5, 0xeb, 0xff, 
0xb0, 0xe5, 0xeb, 0xff, 0xb0, 0xe5, 0xeb, 0xff, 0xb0, 0xe5, 0xeb, 0xff, 0xb0, 0xe5, 0xeb, 0xff, 
0xb0, 0xe5, 0xeb, 0xff, 0xb0, 0xe5, 0xeb, 0xff, 0xb0, 0xe5, 0xeb, 0xff, 0xb0, 0xe5, 0xeb, 0xff, 
0xb0, 0xe5, 0xeb, 0xff, 0xb0, 0xe5, 0xeb, 0xff, 0xb0, 0xe5, 0xeb, 0xff, 0xb0, 0xe5, 0xeb, 0xff, 
0xb0, 0xe5, 0xeb, 0xff, 0xb0, 0xe5, 0xeb, 0xff, 0xb0, 0xe5, 0xeb, 0xff, 0xb0, 0xe5, 0xeb, 0xff, 
0xb0, 0xe5, 0xeb, 0xff, 0xb0, 0xe5, 0xeb, 0xff, 0xb0, 0xe5, 0xeb, 0xff, 0xb0, 0xe5, 0xeb, 0xff, 
0xb0, 0xe5, 0xeb, 0xff, 0xb0, 0xe5, 0xeb, 0xff, 0xb0, 0xe5, 0xeb, 0xff, 0xb0, 0xe5, 0xeb, 0xff, 
0xb0, 0xe5, 0xeb, 0xff, 0xb0, 0xe5, 0xeb, 0xff, 0xb0, 0xe5, 0xeb, 0xff, 0xb0, 0xe5, 0xeb, 0xff, 
0xb0, 0xe5, 0xeb, 0xff, 0xb0, 0xe5, 0xeb, 0xff, 0xb0, 0xe5, 0xeb, 0xff, 0xb0, 0xe5, 0xeb, 0xff, 
0xb0, 0xe5, 0xeb, 0xff, 0xb0, 0xe5, 0xeb, 0xff, 0xb0, 0xe5, 0xeb, 0xff, 0xb0, 0xe5, 0xeb, 0xff, 
0xb0, 0xe5, 0xeb, 0xff, 0xb0, 0xe5, 0xeb, 0xff, 0xb0, 0xe5, 0xeb, 0xff, 0xb0, 0xe5, 0xeb, 0xff, 
0xb0, 0xe5, 0xeb, 0xff, 0xb0, 0xe5, 0xeb, 0xff, 0xb0, 0xe5, 0xeb, 0xff, 0xb0, 0xe5, 0xeb, 0xff, 
0xb0, 0xe5, 0xeb, 0xff, 0xb0, 0xe5, 0xeb, 0xff, 0xb0, 0xe5, 0xeb, 0xff, 0xb0, 0xe5, 0xeb, 0xff, 
0xb0, 0xe5, 0xeb, 0xff, 0xb0, 0xe5, 0xeb, 0xff, 0xb0, 0xe5, 0xeb, 0xff, 0xb0, 0xe5, 0xeb, 0xff, 
0xb0, 0xe5, 0xeb, 0xff, 0xb0, 0xe5, 0xeb, 0xff, 0xb0, 0xe5, 0xeb, 0xff, 0xb0, 0xe5, 0xeb, 0xff, 
0xb0, 0xe5, 0xeb, 0xff, 0xb0, 0xe5, 0xeb, 0xff, 0xb0, 0xe5, 0xeb, 0xff, 0xb0, 0xe5, 0xeb, 0xff, 
0xb0, 0xe5, 0xeb, 0xff, 0xb0, 0xe5, 0xeb, 0xff, 0xb0, 0xe5, 0xeb, 0xff, 0xb0, 0xe5, 0xeb, 0xff, 
0xb0, 0xe5, 0xeb, 0xff, 0xb0, 0xe5, 0xeb, 0xff, 0xb0, 0xe5, 0xeb, 0xff, 0xb0, 0xe5, 0xeb, 0xff, 
0xb0, 0xe5, 0xeb, 0xff, 0xb0, 0xe5, 0xeb, 0xff, 0xb0, 0xe5, 0xeb, 0xff, 0xb0, 0xe5, 0xeb, 0xff, 
0xb0, 0xe5, 0xeb, 0xff, 0xb0, 0xe5, 0xeb, 0xff, 0xb0, 0xe5, 0xeb, 0xff, 0xb0, 0xe5, 0xeb, 0xff, 
0xb0, 0xe5, 0xeb, 0xff, 0xb0, 0xe5, 0xeb, 0xff, 0xb0, 0xe5, 0xeb, 0xff, 0xb0, 0xe5, 0xeb, 0xff, 
0xb0, 0xe5, 0xeb, 0xff, 0xb0, 0xe5, 0xeb, 0xff, 0xb0, 0xe5, 0xeb, 0xff, 0xb0, 0xe5, 0xeb, 0xff, 
0xb0, 0xe5, 0xeb, 0xff, 0xb0, 0xe5, 0xeb, 0xff, 0xb0, 0xe5, 0xeb, 0xff, 0xb0, 0xe5, 0xeb, 0xff, 
0xb0, 0xe5, 0xeb, 0xff, 0xb0, 0xe5, 0xeb, 0xff, 0xb0, 0xe5, 0xeb, 0xff, 0xb0, 0xe5, 0xeb, 0xff, 
0xb0, 0xe5, 0xeb, 0xff, 0xb0, 0xe5, 0xeb, 0xff, 0xb0, 0xe5, 0xeb, 0xff, 0xb0, 0xe5, 0xeb, 0xff, 
0xb0, 0xe5, 0xeb, 0xff, 0xb0, 0xe5, 0xeb, 0xff, 0xb0, 0xe5, 0xeb, 0xff, 0xb0, 0xe5, 0xeb, 0xff, 
0xb0, 0xe5, 0xeb, 0xff, 0xb0, 0xe5, 0xeb, 0xff, 0xb0, 0xe5, 0xeb, 0xff, 0xb0, 0xe5, 0xeb, 0xff, 
0xb0, 0xe5, 0xeb, 0xff, 0xb0, 0xe5, 0xeb, 0xff, 0xb0, 0xe5, 0xeb, 0xff, 0xb0, 0xe5, 0xeb, 0xff, 
0xb0, 0xe5, 0xeb, 0xff, 0xb0, 0xe5, 0xeb, 0xff, 0xb0, 0xe5, 0xeb, 0xff, 0xb0, 0xe5, 0xeb, 0xff, 
0xb0, 0xe5, 0xeb, 0xff, 0xb0, 0xe5, 0xeb, 0xff, 0xb0, 0xe5, 0xeb, 0xff, 0xb0, 0xe5, 0xeb, 0xff, 
0xb0, 0xe5, 0xeb, 0xff, 0xb0, 0xe5, 0xeb, 0xff, 0xb0, 0xe5, 0xeb, 0xff, 0xb0, 0xe5, 0xeb, 0xff, 
0xb0, 0xe5, 0xeb, 0xff, 0xb0, 0xe5, 0xeb, 0xff, 0xb0, 0xe5, 0xeb, 0xff, 0xb0, 0xe5, 0xeb, 0xff, 
0xb0, 0xe5, 0xeb, 0xff, 0xb0, 0xe5, 0xeb, 0xff, 0xb0, 0xe5, 0xeb, 0xff, 0xb0, 0xe5, 0xeb, 0xff, 
0xb0, 0xe5, 0xeb, 0xff, 0xb0, 0xe5, 0xeb, 0xff, 0xb0, 0xe5, 0xeb, 0xff, 0xb0, 0xe5, 0xeb, 0xff, 
0xb0, 0xe5, 0xeb, 0xff, 0xb0, 0xe5, 0xeb, 0xff, 0xb0, 0xe5, 0xeb, 0xff, 0xb0, 0xe5, 0xeb, 0xff, 
0xb0, 0xe5, 0xeb, 0xff, 0xb0, 0xe5, 0xeb, 0xff, 0xb0, 0xe5, 0xeb, 0xff, 0xb0, 0xe5, 0xeb, 0xff, 
0xb0, 0xe5, 0xeb, 0xff, 0xb0, 0xe5, 0xeb, 0xff, 0xb0, 0xe5, 0xeb, 0xff, 0xb0, 0xe5, 0xeb, 0xff, 
0xb0, 0xe5, 0xeb, 0xff, 0xb0, 0xe5, 0xeb, 0xff, 0xb0, 0xe5, 0xeb, 0xff, 0xb0, 0xe5, 0xeb, 0xff, 
0xb0, 0xe5, 0xeb, 0xff, 0xb0, 0xe5, 0xeb, 0xff, 0xb0, 0xe5, 0xeb, 0xff, 0xb0, 0xe5, 0xeb, 0xff, 
0xb0, 0xe5, 0xeb, 0xff, 0xb0, 0xe5, 0xeb, 0xff, 0xb0, 0xe5, 0xeb, 0xff, 0xb0, 0xe5, 0xeb, 0xff, 
0xb0, 0xe5, 0xeb, 0xff, 0xb0, 0xe5, 0xeb, 0xff, 0xb0, 0xe5, 0xeb, 0xff, 0xb0, 0xe5, 0xeb, 0xff, 
0xb0, 0xe5, 0xeb, 0xff, 0xb0, 0xe5, 0xeb, 0xff, 0xb0, 0xe5, 0xeb, 0xff, 0xb0, 0xe5, 0xeb, 0xff, 
0xb0, 0xe5, 0xeb, 0xff, 0xb0, 0xe5, 0xeb, 0xff, 0xb0, 0xe5, 0xeb, 0xff, 0xb0, 0xe5, 0xeb, 0xff, 
0xb0, 0xe5, 0xeb, 0xff, 0xb0, 0xe5, 0xeb, 0xff, 0xb0, 0xe5, 0xeb, 0xff, 0xb0, 0xe5, 0xeb, 0xff, 
0xb0, 0xe5, 0xeb, 0xff, 0xb0, 0xe5, 0xeb, 0xff, 0xb0, 0xe5, 0xeb, 0xff, 0xb0, 0xe5, 0xeb, 0xff, 
0xb0, 0xe5, 0xeb, 0xff, 0xb0, 0xe5, 0xeb, 0xff, 0xb0, 0xe5, 0xeb, 0xff, 0xb0, 0xe5, 0xeb, 0xff, 
0xb0, 0xe5, 0xeb, 0xff, 0xb0, 0xe5, 0xeb, 0xff, 0xb0, 0xe5, 0xeb, 0xff, 0xb0, 0xe5, 0xeb, 0xff, 
0xb0, 0xe5, 0xeb, 0xff, 0xb0, 0xe5, 0xeb, 0xff, 0xb0, 0xe5, 0xeb, 0xff, 0xb0, 0xe5, 0xeb, 0xff, 
0xb0, 0xe5, 0xeb, 0xff, 0xb0, 0xe5, 0xeb, 0xff, 0xb0, 0xe5, 0xeb, 0xff, 0xb0, 0xe5, 0xeb, 0xff, 
0xb0, 0xe5, 0xeb, 0xff, 0xb0, 0xe5, 0xeb, 0xff, 0xb0, 0xe5, 0xeb, 0xff, 0xb0, 0xe5, 0xeb, 0xff, 
0xb0, 0xe5, 0xeb, 0xff, 0xb0, 0xe5, 0xeb, 0xff, 0xb0, 0xe5, 0xeb, 0xff, 0xb0, 0xe5, 0xeb, 0xff, 
0xb0, 0xe5, 0xeb, 0xff, 0xb0, 0xe5, 0xeb, 0xff, 0xb0, 0xe5, 0xeb, 0xff, 0xb0, 0xe5, 0xeb, 0xff, 
0xb0, 0xe5, 0xeb, 0xff, 0xb0, 0xe5, 0xeb, 0xff, 0xb0, 0xe5, 0xeb, 0xff, 0xb0, 0xe5, 0xeb, 0xff, 
0xb0, 0xe5, 0xeb, 0xff, 0xb0, 0xe5, 0xeb, 0xff, 0xb0, 0xe5, 0xeb, 0xff, 0xb0, 0xe5, 0xeb, 0xff, 
0xb0, 0xe5, 0xeb, 0xff, 0xb0, 0xe5, 0xeb, 0xff, 0xb0, 0xe5, 0xeb, 0xff, 0xb0, 0xe5, 0xeb, 0xff, 
0xb0, 0xe5, 0xeb, 0xff, 0xb0, 0xe5, 0xeb, 0xff, 0xb0, 0xe5, 0xeb, 0xff, 0xb0, 0xe5, 0xeb, 0xff, 
0xb0, 0xe5, 0xeb, 0xff, 0xb0, 0xe5, 0xeb, 0xff, 0xb0, 0xe5, 0xeb, 0xff, 0xb0, 0xe5, 0xeb, 0xff, 
0xb0, 0xe5, 0xeb, 0xff, 0xb0, 0xe5, 0xeb, 0xff, 0xb0, 0xe5, 0xeb, 0xff, 0xb0, 0xe5, 0xeb, 0xff, 
0xb0, 0xe5, 0xeb, 0xff, 0xb0, 0xe5, 0xeb, 0xff, 0xb0, 0xe5, 0xeb, 0xff, 0xb0, 0xe5, 0xeb, 0xff, 
0xb0, 0xe5, 0xeb, 0xff, 0xb0, 0xe5, 0xeb, 0xff, 0xb0, 0xe5, 0xeb, 0xff, 0xb0, 0xe5, 0xeb, 0xff, 
0xb0, 0xe5, 0xeb, 0xff, 0xb0, 0xe5, 0xeb, 0xff, 0xb0, 0xe5, 0xeb, 0xff, 0xb0, 0xe5, 0xeb, 0xff, 
0xb0, 0xe5, 0xeb, 0xff, 0xb0, 0xe5, 0xeb, 0xff, 0xb0, 0xe5, 0xeb, 0xff, 0xb0, 0xe5, 0xeb, 0xff, 
0xb0, 0xe5, 0xeb, 0xff, 0xb0, 0xe5, 0xeb, 0xff, 0xb0, 0xe5, 0xeb, 0xff, 0xb0, 0xe5, 0xeb, 0xff, 
0xb0, 0xe5, 0xeb, 0xff, 0xb0, 0xe5, 0xeb, 0xff, 0xb0, 0xe5, 0xeb, 0xff, 0xb0, 0xe5, 0xeb, 0xff, 
0xb0, 0xe5, 0xeb, 0xff, 0xb0, 0xe5, 0xeb, 0xff, 0xb0, 0xe5, 0xeb, 0xff, 0xb0, 0xe5, 0xeb, 0xff, 
0xb0, 0xe5, 0xeb, 0xff, 0xb0, 0xe5, 0xeb, 0xff, 0xb0, 0xe5, 0xeb, 0xff, 0xb0, 0xe5, 0xeb, 0xff, 
0xb0, 0xe5, 0xeb, 0xff, 0xb0, 0xe5, 0xeb, 0xff, 0xb0, 0xe5, 0xeb, 0xff, 0xb0, 0xe5, 0xeb, 0xff, 
0xb0, 0xe5, 0xeb, 0xff, 0xb0, 0xe5, 0xeb, 0xff, 0xb0, 0xe5, 0xeb, 0xff, 0xb0, 0xe5, 0xeb, 0xff, 
0xb0, 0xe5, 0xeb, 0xff, 0xb0, 0xe5, 0xeb, 0xff, 0xb0, 0xe5, 0xeb, 0xff, 0xb0, 0xe5, 0xeb, 0xff, 
0xb0, 0xe5, 0xeb, 0xff, 0xb0, 0xe5, 0xeb, 0xff, 0xb0, 0xe5, 0xeb, 0xff, 0xb0, 0xe5, 0xeb, 0xff, 
0xb0, 0xe5, 0xeb, 0xff, 0xb0, 0xe5, 0xeb, 0xff, 0xb0, 0xe5, 0xeb, 0xff, 0xb0, 0xe5, 0xeb, 0xff, 
0xb0, 0xe5, 0xeb, 0xff, 0xb0, 0xe5, 0xeb, 0xff, 0xb0, 0xe5, 0xeb, 0xff, 0xb0, 0xe5, 0xeb, 0xff, 
0xb0, 0xe5, 0xeb, 0xff, 0xb0, 0xe5, 0xeb, 0xff, 0xb0, 0xe5, 0xeb, 0xff, 0xb0, 0xe5, 0xeb, 0xff, 
0xb0, 0xe5, 0xeb, 0xff, 0xb0, 0xe5, 0xeb, 0xff, 0xb0, 0xe5, 0xeb, 0xff, 0xb0, 0xe5, 0xeb, 0xff, 
0xb0, 0xe5, 0xeb, 0xff, 0xb0, 0xe5, 0xeb, 0xff, 0xb0, 0xe5, 0xeb, 0xff, 0xb0, 0xe5, 0xeb, 0xff, 
0xb0, 0xe5, 0xeb, 0xff, 0xb0, 0xe5, 0xeb, 0xff, 0xb0, 0xe5, 0xeb, 0xff, 0xb0, 0xe5, 0xeb, 0xff, 
0xb0, 0xe5, 0xeb, 0xff, 0xb0, 0xe5, 0xeb, 0xff, 0xb0, 0xe5, 0xeb, 0xff, 0xb0, 0xe5, 0xeb, 0xff, 
0xb0, 0xe5, 0xeb, 0xff, 0xb0, 0xe5, 0xeb, 0xff, 0xb0, 0xe5, 0xeb, 0xff, 0xb0, 0xe5, 0xeb, 0xff, 
0xb0, 0xe5, 0xeb, 0xff, 0xb0, 0xe5, 0xeb, 0xff, 0xb0, 0xe5, 0xeb, 0xff, 0xb0, 0xe5, 0xeb, 0xff, 
0xb0, 0xe5, 0xeb, 0xff, 0xb0, 0xe5, 0xeb, 0xff, 0xb0, 0xe5, 0xeb, 0xff, 0xb0, 0xe5, 0xeb, 0xff, 
0xb0, 0xe5, 0xeb, 0xff, 0xb0, 0xe5, 0xeb, 0xff, 0xb0, 0xe5, 0xeb, 0xff, 0xb0, 0xe5, 0xeb, 0xff, 
0xb0, 0xe5, 0xeb, 0xff, 0xb0, 0xe5, 0xeb, 0xff, 0xb0, 0xe5, 0xeb, 0xff, 0xb0, 0xe5, 0xeb, 0xff, 
0xb0, 0xe5, 0xeb, 0xff, 0xb0, 0xe5, 0xeb, 0xff, 0xb0, 0xe5, 0xeb, 0xff, 0xb0, 0xe5, 0xeb, 0xff, 
0xb0, 0xe5, 0xeb, 0xff, 0xb0, 0xe5, 0xeb, 0xff, 0xb0, 0xe5, 0xeb, 0xff, 0xb0, 0xe5, 0xeb, 0xff, 
0xb0, 0xe5, 0xeb, 0xff, 0xb0, 0xe5, 0xeb, 0xff, 0xb0, 0xe5, 0xeb, 0xff, 0xb0, 0xe5, 0xeb, 0xff, 
0xb0, 0xe5, 0xeb, 0xff, 0xb0, 0xe5, 0xeb, 0xff, 0xb0, 0xe5, 0xeb, 0xff, 0xb0, 0xe5, 0xeb, 0xff, 
0xb0, 0xe5, 0xeb, 0xff, 0xb0, 0xe5, 0xeb, 0xff, 0xb0, 0xe5, 0xeb, 0xff, 0xb0, 0xe5, 0xeb, 0xff, 
0xb0, 0xe5, 0xeb, 0xff, 0xb0, 0xe5, 0xeb, 0xff, 0xb0, 0xe5, 0xeb, 0xff, 0xb0, 0xe5, 0xeb, 0xff, 
0xb0, 0xe5, 0xeb, 0xff, 0xb0, 0xe5, 0xeb, 0xff, 0xb0, 0xe5, 0xeb, 0xff, 0xb0, 0xe5, 0xeb, 0xff, 
0xb0, 0xe5, 0xeb, 0xff, 0xb0, 0xe5, 0xeb, 0xff, 0xb0, 0xe5, 0xeb, 0xff, 0xb0, 0xe5, 0xeb, 0xff, 
0xb0, 0xe5, 0xeb, 0xff, 0xb0, 0xe5, 0xeb, 0xff, 0xb0, 0xe5, 0xeb, 0xff, 0xb0, 0xe5, 0xeb, 0xff, 
0xb0, 0xe5, 0xeb, 0xff, 0xb0, 0xe5, 0xeb, 0xff, 0xb0, 0xe5, 0xeb, 0xff, 0xb0, 0xe5, 0xeb, 0xff, 
0xb0, 0xe5, 0xeb, 0xff, 0xb0, 0xe5, 0xeb, 0xff, 0xb0, 0xe5, 0xeb, 0xff, 0xb0, 0xe5, 0xeb, 0xff, 
0xb0, 0xe4, 0xea, 0xff, 0xb0, 0xe4, 0xea, 0xff, 0xb0, 0xe4, 0xea, 0xff, 0xb0, 0xe4, 0xea, 0xff, 
0xb0, 0xe4, 0xea, 0xff, 0xb0, 0xe4, 0xea, 0xff, 0xb0, 0xe4, 0xea, 0xff, 0xb0, 0xe4, 0xea, 0xff, 
0xb0, 0xe4, 0xea, 0xff, 0xb0, 0xe4, 0xea, 0xff, 0xb0, 0xe4, 0xea, 0xff, 0xb0, 0xe4, 0xea, 0xff, 
0xb0, 0xe4, 0xea, 0xff, 0xb0, 0xe4, 0xea, 0xff, 0xb0, 0xe4, 0xea, 0xff, 0xb0, 0xe4, 0xea, 0xff, 
0xb0, 0xe4, 0xea, 0xff, 0xb0, 0xe4, 0xea, 0xff, 0xb0, 0xe4, 0xea, 0xff, 0xb0, 0xe4, 0xea, 0xff, 
0xb0, 0xe4, 0xea, 0xff, 0xb0, 0xe4, 0xea, 0xff, 0xb0, 0xe4, 0xea, 0xff, 0xb0, 0xe4, 0xea, 0xff, 
0xb0, 0xe4, 0xea, 0xff, 0xb0, 0xe4, 0xea, 0xff, 0xb0, 0xe4, 0xea, 0xff, 0xb0, 0xe4, 0xea, 0xff, 
0xb0, 0xe4, 0xea, 0xff, 0xb0, 0xe4, 0xea, 0xff, 0xb0, 0xe4, 0xea, 0xff, 0xb0, 0xe4, 0xea, 0xff, 
0xb0, 0xe4, 0xea, 0xff, 0xb0, 0xe4, 0xea, 0xff, 0xb0, 0xe4, 0xea, 0xff, 0xb0, 0xe4, 0xea, 0xff, 
0xb0, 0xe4, 0xea, 0xff, 0xb0, 0xe4, 0xea, 0xff, 0xb0, 0xe4, 0xea, 0xff, 0xb0, 0xe4, 0xea, 0xff, 
0xb0, 0xe4, 0xea, 0xff, 0xb0, 0xe4, 0xea, 0xff, 0xb0, 0xe4, 0xea, 0xff, 0xb0, 0xe4, 0xea, 0xff, 
0xb0, 0xe4, 0xea, 0xff, 0xb0, 0xe4, 0xea, 0xff, 0xb0, 0xe4, 0xea, 0xff, 0xb0, 0xe4, 0xea, 0xff, 
0xb0, 0xe4, 0xea, 0xff, 0xb0, 0xe4, 0xea, 0xff, 0xb0, 0xe4, 0xea, 0xff, 0xb0, 0xe4, 0xea, 0xff, 
0xb0, 0xe4, 0xea, 0xff, 0xb0, 0xe4, 0xea, 0xff, 0xb0, 0xe4, 0xea, 0xff, 0xb0, 0xe4, 0xea, 0xff, 
0xb0, 0xe4, 0xea, 0xff, 0xb0, 0xe4, 0xea, 0xff, 0xb0, 0xe4, 0xea, 0xff, 0xb0, 0xe4, 0xea, 0xff, 
0xb0, 0xe4, 0xea, 0xff, 0xb0, 0xe4, 0xea, 0xff, 0xb0, 0xe4, 0xea, 0xff, 0xb0, 0xe4, 0xea, 0xff, 
0xb0, 0xe4, 0xea, 0xff, 0xb0, 0xe4, 0xea, 0xff, 0xb0, 0xe4, 0xea, 0xff, 0xb0, 0xe4, 0xea, 0xff, 
0xb0, 0xe4, 0xea, 0xff, 0xb0, 0xe4, 0xea, 0xff, 0xb0, 0xe4, 0xea, 0xff, 0xb0, 0xe4, 0xea, 0xff, 
0xb0, 0xe4, 0xea, 0xff, 0xb0, 0xe4, 0xea, 0xff, 0xb0, 0xe4, 0xea, 0xff, 0xb0, 0xe4, 0xea, 0xff, 
0xb0, 0xe4, 0xea, 0xff, 0xb0, 0xe4, 0xea, 0xff, 0xb0, 0xe4, 0xea, 0xff, 0xb0, 0xe4, 0xea, 0xff, 
0xb0, 0xe4, 0xea, 0xff, 0xb0, 0xe4, 0xea, 0xff, 0xb0, 0xe4, 0xea, 0xff, 0xb0, 0xe4, 0xea, 0xff, 
0xb0, 0xe4, 0xea, 0xff, 0xb0, 0xe4, 0xea, 0xff, 0xb0, 0xe4, 0xea, 0xff, 0xb0, 0xe4, 0xea, 0xff, 
0xb0, 0xe4, 0xea, 0xff, 0xb0, 0xe4, 0xea, 0xff, 0xb0, 0xe4, 0xea, 0xff, 0xb0, 0xe4, 0xea, 0xff, 
0xb0, 0xe4, 0xea, 0xff, 0xb0, 0xe4, 0xea, 0xff, 0xb0, 0xe4, 0xea, 0xff, 0xb0, 0xe4, 0xea, 0xff, 
0xb0, 0xe4, 0xea, 0xff, 0xb0, 0xe4, 0xea, 0xff, 0xb0, 0xe4, 0xea, 0xff, 0xb0, 0xe4, 0xea, 0xff, 
0xb0, 0xe4, 0xea, 0xff, 0xb0, 0xe4, 0xea, 0xff, 0xb0, 0xe4, 0xea, 0xff, 0xb0, 0xe4, 0xea, 0xff, 
0xb0, 0xe4, 0xea, 0xff, 0xb0, 0xe4, 0xea, 0xff, 0xb0, 0xe4, 0xea, 0xff, 0xb0, 0xe4, 0xea, 0xff, 
0xb0, 0xe4, 0xea, 0xff, 0xb0, 0xe4, 0xea, 0xff, 0xb0, 0xe4, 0xea, 0xff, 0xb0, 0xe4, 0xea, 0xff, 
0xb0, 0xe4, 0xea, 0xff, 0xb0, 0xe4, 0xea, 0xff, 0xb0, 0xe4, 0xea, 0xff, 0xb0, 0xe4, 0xea, 0xff, 
0xb0, 0xe4, 0xea, 0xff, 0xb0, 0xe4, 0xea, 0xff, 0xb0, 0xe4, 0xea, 0xff, 0xb0, 0xe4, 0xea, 0xff, 
0xb0, 0xe4, 0xea, 0xff, 0xb0, 0xe4, 0xea, 0xff, 0xb0, 0xe4, 0xea, 0xff, 0xb0, 0xe4, 0xea, 0xff, 
0xb0, 0xe4, 0xea, 0xff, 0xb0, 0xe4, 0xea, 0xff, 0xb0, 0xe4, 0xea, 0xff, 0xb0, 0xe4, 0xea, 0xff, 
0xb0, 0xe4, 0xea, 0xff, 0xb0, 0xe4, 0xea, 0xff, 0xb0, 0xe4, 0xea, 0xff, 0xb0, 0xe4, 0xea, 0xff, 
0xb0, 0xe4, 0xea, 0xff, 0xb0, 0xe4, 0xea, 0xff, 0xb0, 0xe4, 0xea, 0xff, 0xb0, 0xe4, 0xea, 0xff, 
0xb0, 0xe4, 0xea, 0xff, 0xb0, 0xe4, 0xea, 0xff, 0xb0, 0xe4, 0xea, 0xff, 0xb0, 0xe4, 0xea, 0xff, 
0xb0, 0xe4, 0xea, 0xff, 0xb0, 0xe4, 0xea, 0xff, 0xb0, 0xe4, 0xea, 0xff, 0xb0, 0xe4, 0xea, 0xff, 
0xb0, 0xe4, 0xea, 0xff, 0xb0, 0xe4, 0xea, 0xff, 0xb0, 0xe4, 0xea, 0xff, 0xb0, 0xe4, 0xea, 0xff, 
0xb0, 0xe4, 0xea, 0xff, 0xb0, 0xe4, 0xea, 0xff, 0xb0, 0xe4, 0xea, 0xff, 0xb0, 0xe4, 0xea, 0xff, 
0xb0, 0xe4, 0xea, 0xff, 0xb0, 0xe4, 0xea, 0xff, 0xb0, 0xe4, 0xea, 0xff, 0xb0, 0xe4, 0xea, 0xff, 
0xb0, 0xe4, 0xea, 0xff, 0xb0, 0xe4, 0xea, 0xff, 0xb0, 0xe4, 0xea, 0xff, 0xb0, 0xe4, 0xea, 0xff, 
0xb0, 0xe4, 0xea, 0xff, 0xb0, 0xe4, 0xea, 0xff, 0xb0, 0xe4, 0xea, 0xff, 0xb0, 0xe4, 0xea, 0xff, 
0xb0, 0xe4, 0xea, 0xff, 0xb0, 0xe4, 0xea, 0xff, 0xb0, 0xe4, 0xea, 0xff, 0xb0, 0xe4, 0xea, 0xff, 
0xb0, 0xe4, 0xea, 0xff, 0xb0, 0xe4, 0xea, 0xff, 0xb0, 0xe4, 0xea, 0xff, 0xb0, 0xe4, 0xea, 0xff, 
0xb0, 0xe4, 0xea, 0xff, 0xb0, 0xe4, 0xea, 0xff, 0xb0, 0xe4, 0xea, 0xff, 0xb0, 0xe4, 0xea, 0xff, 
0xb0, 0xe4, 0xea, 0xff, 0xb0, 0xe4, 0xea, 0xff, 0xb0, 0xe4, 0xea, 0xff, 0xb0, 0xe4, 0xea, 0xff, 
0xb0, 0xe4, 0xea, 0xff, 0xb0, 0xe4, 0xea, 0xff, 0xb0, 0xe4, 0xea, 0xff, 0xb0, 0xe4, 0xea, 0xff, 
0xb0, 0xe4, 0xea, 0xff, 0xb0, 0xe4, 0xea, 0xff, 0xb0, 0xe4, 0xea, 0xff, 0xb0, 0xe4, 0xea, 0xff, 
0xb0, 0xe4, 0xea, 0xff, 0xb0, 0xe4, 0xea, 0xff, 0xb0, 0xe4, 0xea, 0xff, 0xb0, 0xe4, 0xea, 0xff, 
0xb0, 0xe4, 0xea, 0xff, 0xb0, 0xe4, 0xea, 0xff, 0xb0, 0xe4, 0xea, 0xff, 0xb0, 0xe4, 0xea, 0xff, 
0xb0, 0xe4, 0xea, 0xff, 0xb0, 0xe4, 0xea, 0xff, 0xb0, 0xe4, 0xea, 0xff, 0xb0, 0xe4, 0xea, 0xff, 
0xb0, 0xe4, 0xea, 0xff, 0xb0, 0xe4, 0xea, 0xff, 0xb0, 0xe4, 0xea, 0xff, 0xb0, 0xe4, 0xea, 0xff, 
0xb0, 0xe4, 0xea, 0xff, 0xb0, 0xe4, 0xea, 0xff, 0xb0, 0xe4, 0xea, 0xff, 0xb0, 0xe4, 0xea, 0xff, 
0xb0, 0xe4, 0xea, 0xff, 0xb0, 0xe4, 0xea, 0xff, 0xb0, 0xe4, 0xea, 0xff, 0xb0, 0xe4, 0xea, 0xff, 
0xb0, 0xe4, 0xea, 0xff, 0xb0, 0xe4, 0xea, 0xff, 0xb0, 0xe4, 0xea, 0xff, 0xb0, 0xe4, 0xea, 0xff, 
0xb0, 0xe4, 0xea, 0xff, 0xb0, 0xe4, 0xea, 0xff, 0xb0, 0xe4, 0xea, 0xff, 0xb0, 0xe4, 0xea, 0xff, 
0xb0, 0xe4, 0xea, 0xff, 0xb0, 0xe4, 0xea, 0xff, 0xb0, 0xe4, 0xea, 0xff, 0xb0, 0xe4, 0xea, 0xff, 
0xb0, 0xe4, 0xea, 0xff, 0xb0, 0xe4, 0xea, 0xff, 0xb0, 0xe4, 0xea, 0xff, 0xb0, 0xe4, 0xea, 0xff, 
0xb0, 0xe4, 0xea, 0xff, 0xb0, 0xe4, 0xea, 0xff, 0xb0, 0xe4, 0xea, 0xff, 0xb0, 0xe4, 0xea, 0xff, 
0xb0, 0xe4, 0xea, 0xff, 0xb0, 0xe4, 0xea, 0xff, 0xb0, 0xe4, 0xea, 0xff, 0xb0, 0xe4, 0xea, 0xff, 
0xb0, 0xe4, 0xea, 0xff, 0xb0, 0xe4, 0xea, 0xff, 0xb0, 0xe4, 0xea, 0xff, 0xb0, 0xe4, 0xea, 0xff, 
0xb0, 0xe4, 0xea, 0xff, 0xb0, 0xe4, 0xea, 0xff, 0xb0, 0xe4, 0xea, 0xff, 0xb0, 0xe4, 0xea, 0xff, 
0xb0, 0xe4, 0xea, 0xff, 0xb0, 0xe4, 0xea, 0xff, 0xb0, 0xe4, 0xea, 0xff, 0xb0, 0xe4, 0xea, 0xff, 
0xb0, 0xe4, 0xea, 0xff, 0xb0, 0xe4, 0xea, 0xff, 0xb0, 0xe4, 0xea, 0xff, 0xb0, 0xe4, 0xea, 0xff, 
0xb0, 0xe4, 0xea, 0xff, 0xb0, 0xe4, 0xea, 0xff, 0xb0, 0xe4, 0xea, 0xff, 0xb0, 0xe4, 0xea, 0xff, 
0xaf, 0xe4, 0xea, 0xff, 0xaf, 0xe4, 0xea, 0xff, 0xaf, 0xe4, 0xea, 0xff, 0xaf, 0xe4, 0xea, 0xff, 
0xaf, 0xe4, 0xea, 0xff, 0xaf, 0xe4, 0xea, 0xff, 0xaf, 0xe4, 0xea, 0xff, 0xaf, 0xe4, 0xea, 0xff, 
0xaf, 0xe4, 0xea, 0xff, 0xaf, 0xe4, 0xea, 0xff, 0xaf, 0xe4, 0xea, 0xff, 0xaf, 0xe4, 0xea, 0xff, 
0xaf, 0xe4, 0xea, 0xff, 0xaf, 0xe4, 0xea, 0xff, 0xaf, 0xe4, 0xea, 0xff, 0xaf, 0xe4, 0xea, 0xff, 
0xaf, 0xe4, 0xea, 0xff, 0xaf, 0xe4, 0xea, 0xff, 0xaf, 0xe4, 0xea, 0xff, 0xaf, 0xe4, 0xea, 0xff, 
0xaf, 0xe4, 0xea, 0xff, 0xaf, 0xe4, 0xea, 0xff, 0xaf, 0xe4, 0xea, 0xff, 0xaf, 0xe4, 0xea, 0xff, 
0xaf, 0xe4, 0xea, 0xff, 0xaf, 0xe4, 0xea, 0xff, 0xaf, 0xe4, 0xea, 0xff, 0xaf, 0xe4, 0xea, 0xff, 
0xaf, 0xe4, 0xea, 0xff, 0xaf, 0xe4, 0xea, 0xff, 0xaf, 0xe4, 0xea, 0xff, 0xaf, 0xe4, 0xea, 0xff, 
0xaf, 0xe4, 0xea, 0xff, 0xaf, 0xe4, 0xea, 0xff, 0xaf, 0xe4, 0xea, 0xff, 0xaf, 0xe4, 0xea, 0xff, 
0xaf, 0xe4, 0xea, 0xff, 0xaf, 0xe4, 0xea, 0xff, 0xaf, 0xe4, 0xea, 0xff, 0xaf, 0xe4, 0xea, 0xff, 
0xaf, 0xe4, 0xea, 0xff, 0xaf, 0xe4, 0xea, 0xff, 0xaf, 0xe4, 0xea, 0xff, 0xaf, 0xe4, 0xea, 0xff, 
0xaf, 0xe4, 0xea, 0xff, 0xaf, 0xe4, 0xea, 0xff, 0xaf, 0xe4, 0xea, 0xff, 0xaf, 0xe4, 0xea, 0xff, 
0xaf, 0xe4, 0xea, 0xff, 0xaf, 0xe4, 0xea, 0xff, 0xaf, 0xe4, 0xea, 0xff, 0xaf, 0xe4, 0xea, 0xff, 
0xaf, 0xe4, 0xea, 0xff, 0xaf, 0xe4, 0xea, 0xff, 0xaf, 0xe4, 0xea, 0xff, 0xaf, 0xe4, 0xea, 0xff, 
0xaf, 0xe4, 0xea, 0xff, 0xaf, 0xe4, 0xea, 0xff, 0xaf, 0xe4, 0xea, 0xff, 0xaf, 0xe4, 0xea, 0xff, 
0xaf, 0xe4, 0xea, 0xff, 0xaf, 0xe4, 0xea, 0xff, 0xaf, 0xe4, 0xea, 0xff, 0xaf, 0xe4, 0xea, 0xff, 
0xaf, 0xe4, 0xea, 0xff, 0xaf, 0xe4, 0xea, 0xff, 0xaf, 0xe4, 0xea, 0xff, 0xaf, 0xe4, 0xea, 0xff, 
0xaf, 0xe4, 0xea, 0xff, 0xaf, 0xe4, 0xea, 0xff, 0xaf, 0xe4, 0xea, 0xff, 0xaf, 0xe4, 0xea, 0xff, 
0xaf, 0xe4, 0xea, 0xff, 0xaf, 0xe4, 0xea, 0xff, 0xaf, 0xe4, 0xea, 0xff, 0xaf, 0xe4, 0xea, 0xff, 
0xaf, 0xe4, 0xea, 0xff, 0xaf, 0xe4, 0xea, 0xff, 0xaf, 0xe4, 0xea, 0xff, 0xaf, 0xe4, 0xea, 0xff, 
0xaf, 0xe4, 0xea, 0xff, 0xaf, 0xe4, 0xea, 0xff, 0xaf, 0xe4, 0xea, 0xff, 0xaf, 0xe4, 0xea, 0xff, 
0xaf, 0xe4, 0xea, 0xff, 0xaf, 0xe4, 0xea, 0xff, 0xaf, 0xe4, 0xea, 0xff, 0xaf, 0xe4, 0xea, 0xff, 
0xaf, 0xe4, 0xea, 0xff, 0xaf, 0xe4, 0xea, 0xff, 0xaf, 0xe4, 0xea, 0xff, 0xaf, 0xe4, 0xea, 0xff, 
0xaf, 0xe4, 0xea, 0xff, 0xaf, 0xe4, 0xea, 0xff, 0xaf, 0xe4, 0xea, 0xff, 0xaf, 0xe4, 0xea, 0xff, 
0xaf, 0xe4, 0xea, 0xff, 0xaf, 0xe4, 0xea, 0xff, 0xaf, 0xe4, 0xea, 0xff, 0xaf, 0xe4, 0xea, 0xff, 
0xaf, 0xe4, 0xea, 0xff, 0xaf, 0xe4, 0xea, 0xff, 0xaf, 0xe4, 0xea, 0xff, 0xaf, 0xe4, 0xea, 0xff, 
0xaf, 0xe4, 0xea, 0xff, 0xaf, 0xe4, 0xea, 0xff, 0xaf, 0xe4, 0xea, 0xff, 0xaf, 0xe4, 0xea, 0xff, 
0xaf, 0xe4, 0xea, 0xff, 0xaf, 0xe4, 0xea, 0xff, 0xaf, 0xe4, 0xea, 0xff, 0xaf, 0xe4, 0xea, 0xff, 
0xaf, 0xe4, 0xea, 0xff, 0xaf, 0xe4, 0xea, 0xff, 0xaf, 0xe4, 0xea, 0xff, 0xaf, 0xe4, 0xea, 0xff, 
0xaf, 0xe4, 0xea, 0xff, 0xaf, 0xe4, 0xea, 0xff, 0xaf, 0xe4, 0xea, 0xff, 0xaf, 0xe4, 0xea, 0xff, 
0xaf, 0xe4, 0xea, 0xff, 0xaf, 0xe4, 0xea, 0xff, 0xaf, 0xe4, 0xea, 0xff, 0xaf, 0xe4, 0xea, 0xff, 
0xaf, 0xe4, 0xea, 0xff, 0xaf, 0xe4, 0xea, 0xff, 0xaf, 0xe4, 0xea, 0xff, 0xaf, 0xe4, 0xea, 0xff, 
0xaf, 0xe4, 0xea, 0xff, 0xaf, 0xe4, 0xea, 0xff, 0xaf, 0xe4, 0xea, 0xff, 0xaf, 0xe4, 0xea, 0xff, 
0xaf, 0xe4, 0xea, 0xff, 0xaf, 0xe4, 0xea, 0xff, 0xaf, 0xe4, 0xea, 0xff, 0xaf, 0xe4, 0xea, 0xff, 
0xaf, 0xe4, 0xea, 0xff, 0xaf, 0xe4, 0xea, 0xff, 0xaf, 0xe4, 0xea, 0xff, 0xaf, 0xe4, 0xea, 0xff, 
0xaf, 0xe4, 0xea, 0xff, 0xaf, 0xe4, 0xea, 0xff, 0xaf, 0xe4, 0xea, 0xff, 0xaf, 0xe4, 0xea, 0xff, 
0xaf, 0xe4, 0xea, 0xff, 0xaf, 0xe4, 0xea, 0xff, 0xaf, 0xe4, 0xea, 0xff, 0xaf, 0xe4, 0xea, 0xff, 
0xaf, 0xe4, 0xea, 0xff, 0xaf, 0xe4, 0xea, 0xff, 0xaf, 0xe4, 0xea, 0xff, 0xaf, 0xe4, 0xea, 0xff, 
0xaf, 0xe4, 0xea, 0xff, 0xaf, 0xe4, 0xea, 0xff, 0xaf, 0xe4, 0xea, 0xff, 0xaf, 0xe4, 0xea, 0xff, 
0xaf, 0xe4, 0xea, 0xff, 0xaf, 0xe4, 0xea, 0xff, 0xaf, 0xe4, 0xea, 0xff, 0xaf, 0xe4, 0xea, 0xff, 
0xaf, 0xe4, 0xea, 0xff, 0xaf, 0xe4, 0xea, 0xff, 0xaf, 0xe4, 0xea, 0xff, 0xaf, 0xe4, 0xea, 0xff, 
0xaf, 0xe4, 0xea, 0xff, 0xaf, 0xe4, 0xea, 0xff, 0xaf, 0xe4, 0xea, 0xff, 0xaf, 0xe4, 0xea, 0xff, 
0xaf, 0xe4, 0xea, 0xff, 0xaf, 0xe4, 0xea, 0xff, 0xaf, 0xe4, 0xea, 0xff, 0xaf, 0xe4, 0xea, 0xff, 
0xaf, 0xe4, 0xea, 0xff, 0xaf, 0xe4, 0xea, 0xff, 0xaf, 0xe4, 0xea, 0xff, 0xaf, 0xe4, 0xea, 0xff, 
0xaf, 0xe4, 0xea, 0xff, 0xaf, 0xe4, 0xea, 0xff, 0xaf, 0xe4, 0xea, 0xff, 0xaf, 0xe4, 0xea, 0xff, 
0xaf, 0xe4, 0xea, 0xff, 0xaf, 0xe4, 0xea, 0xff, 0xaf, 0xe4, 0xea, 0xff, 0xaf, 0xe4, 0xea, 0xff, 
0xaf, 0xe4, 0xea, 0xff, 0xaf, 0xe4, 0xea, 0xff, 0xaf, 0xe4, 0xea, 0xff, 0xaf, 0xe4, 0xea, 0xff, 
0xaf, 0xe4, 0xea, 0xff, 0xaf, 0xe4, 0xea, 0xff, 0xaf, 0xe4, 0xea, 0xff, 0xaf, 0xe4, 0xea, 0xff, 
0xaf, 0xe4, 0xea, 0xff, 0xaf, 0xe4, 0xea, 0xff, 0xaf, 0xe4, 0xea, 0xff, 0xaf, 0xe4, 0xea, 0xff, 
0xaf, 0xe4, 0xea, 0xff, 0xaf, 0xe4, 0xea, 0xff, 0xaf, 0xe4, 0xea, 0xff, 0xaf, 0xe4, 0xea, 0xff, 
0xaf, 0xe4, 0xea, 0xff, 0xaf, 0xe4, 0xea, 0xff, 0xaf, 0xe4, 0xea, 0xff, 0xaf, 0xe4, 0xea, 0xff, 
0xaf, 0xe4, 0xea, 0xff, 0xaf, 0xe4, 0xea, 0xff, 0xaf, 0xe4, 0xea, 0xff, 0xaf, 0xe4, 0xea, 0xff, 
0xaf, 0xe4, 0xea, 0xff, 0xaf, 0xe4, 0xea, 0xff, 0xaf, 0xe4, 0xea, 0xff, 0xaf, 0xe4, 0xea, 0xff, 
0xaf, 0xe4, 0xea, 0xff, 0xaf, 0xe4, 0xea, 0xff, 0xaf, 0xe4, 0xea, 0xff, 0xaf, 0xe4, 0xea, 0xff, 
0xaf, 0xe4, 0xea, 0xff, 0xaf, 0xe4, 0xea, 0xff, 0xaf, 0xe4, 0xea, 0xff, 0xaf, 0xe4, 0xea, 0xff, 
0xaf, 0xe4, 0xea, 0xff, 0xaf, 0xe4, 0xea, 0xff, 0xaf, 0xe4, 0xea, 0xff, 0xaf, 0xe4, 0xea, 0xff, 
0xaf, 0xe4, 0xea, 0xff, 0xaf, 0xe4, 0xea, 0xff, 0xaf, 0xe4, 0xea, 0xff, 0xaf, 0xe4, 0xea, 0xff, 
0xaf, 0xe4, 0xea, 0xff, 0xaf, 0xe4, 0xea, 0xff, 0xaf, 0xe4, 0xea, 0xff, 0xaf, 0xe4, 0xea, 0xff, 
0xaf, 0xe4, 0xea, 0xff, 0xaf, 0xe4, 0xea, 0xff, 0xaf, 0xe4, 0xea, 0xff, 0xaf, 0xe4, 0xea, 0xff, 
0xaf, 0xe4, 0xea, 0xff, 0xaf, 0xe4, 0xea, 0xff, 0xaf, 0xe4, 0xea, 0xff, 0xaf, 0xe4, 0xea, 0xff, 
0xaf, 0xe4, 0xea, 0xff, 0xaf, 0xe4, 0xea, 0xff, 0xaf, 0xe4, 0xea, 0xff, 0xaf, 0xe4, 0xea, 0xff, 
0xaf, 0xe4, 0xea, 0xff, 0xaf, 0xe4, 0xea, 0xff, 0xaf, 0xe4, 0xea, 0xff, 0xaf, 0xe4, 0xea, 0xff, 
0xaf, 0xe4, 0xea, 0xff, 0xaf, 0xe4, 0xea, 0xff, 0xaf, 0xe4, 0xea, 0xff, 0xaf, 0xe4, 0xea, 0xff, 
0xaf, 0xe4, 0xea, 0xff, 0xaf, 0xe4, 0xea, 0xff, 0xaf, 0xe4, 0xea, 0xff, 0xaf, 0xe4, 0xea, 0xff, 
0xaf, 0xe4, 0xea, 0xff, 0xaf, 0xe4, 0xea, 0xff, 0xaf, 0xe4, 0xea, 0xff, 0xaf, 0xe4, 0xea, 0xff, 
0xaf, 0xe4, 0xea, 0xff, 0xaf, 0xe4, 0xea, 0xff, 0xaf, 0xe4, 0xea, 0xff, 0xaf, 0xe4, 0xea, 0xff, 
0xaf, 0xe4, 0xea, 0xff, 0xaf, 0xe4, 0xea, 0xff, 0xaf, 0xe4, 0xea, 0xff, 0xaf, 0xe4, 0xea, 0xff, 
0xaf, 0xe4, 0xea, 0xff, 0xaf, 0xe4, 0xea, 0xff, 0xaf, 0xe4, 0xea, 0xff, 0xaf, 0xe4, 0xea, 0xff, 
0xaf, 0xe4, 0xea, 0xff, 0xaf, 0xe4, 0xea, 0xff, 0xaf, 0xe4, 0xea, 0xff, 0xaf, 0xe4, 0xea, 0xff, 
0xaf, 0xe4, 0xea, 0xff, 0xaf, 0xe4, 0xea, 0xff, 0xaf, 0xe4, 0xea, 0xff, 0xaf, 0xe4, 0xea, 0xff, 
0xaf, 0xe4, 0xea, 0xff, 0xaf, 0xe4, 0xea, 0xff, 0xaf, 0xe4, 0xea, 0xff, 0xaf, 0xe4, 0xea, 0xff, 
0xaf, 0xe4, 0xea, 0xff, 0xaf, 0xe4, 0xea, 0xff, 0xaf, 0xe4, 0xea, 0xff, 0xaf, 0xe4, 0xea, 0xff, 
0xaf, 0xe4, 0xea, 0xff, 0xaf, 0xe4, 0xea, 0xff, 0xaf, 0xe4, 0xea, 0xff, 0xaf, 0xe4, 0xea, 0xff, 
0xaf, 0xe4, 0xea, 0xff, 0xaf, 0xe4, 0xea, 0xff, 0xaf, 0xe4, 0xea, 0xff, 0xaf, 0xe4, 0xea, 0xff, 
0xaf, 0xe4, 0xea, 0xff, 0xaf, 0xe4, 0xea, 0xff, 0xaf, 0xe4, 0xea, 0xff, 0xaf, 0xe4, 0xea, 0xff, 
0xaf, 0xe4, 0xea, 0xff, 0xaf, 0xe4, 0xea, 0xff, 0xaf, 0xe4, 0xea, 0xff, 0xaf, 0xe4, 0xea, 0xff, 
0xaf, 0xe4, 0xea, 0xff, 0xaf, 0xe4, 0xea, 0xff, 0xaf, 0xe4, 0xea, 0xff, 0xaf, 0xe4, 0xea, 0xff, 
0xaf, 0xe4, 0xea, 0xff, 0xaf, 0xe4, 0xea, 0xff, 0xaf, 0xe4, 0xea, 0xff, 0xaf, 0xe4, 0xea, 0xff, 
0xaf, 0xe4, 0xea, 0xff, 0xaf, 0xe4, 0xea, 0xff, 0xaf, 0xe4, 0xea, 0xff, 0xaf, 0xe4, 0xea, 0xff, 
0xaf, 0xe4, 0xea, 0xff, 0xaf, 0xe4, 0xea, 0xff, 0xaf, 0xe4, 0xea, 0xff, 0xaf, 0xe4, 0xea, 0xff, 
0xaf, 0xe4, 0xea, 0xff, 0xaf, 0xe4, 0xea, 0xff, 0xaf, 0xe4, 0xea, 0xff, 0xaf, 0xe4, 0xea, 0xff, 
0xaf, 0xe4, 0xea, 0xff, 0xaf, 0xe4, 0xea, 0xff, 0xaf, 0xe4, 0xea, 0xff, 0xaf, 0xe4, 0xea, 0xff, 
0xaf, 0xe4, 0xea, 0xff, 0xaf, 0xe4, 0xea, 0xff, 0xaf, 0xe4, 0xea, 0xff, 0xaf, 0xe4, 0xea, 0xff, 
0xaf, 0xe4, 0xea, 0xff, 0xaf, 0xe4, 0xea, 0xff, 0xaf, 0xe4, 0xea, 0xff, 0xaf, 0xe4, 0xea, 0xff, 
0xaf, 0xe4, 0xea, 0xff, 0xaf, 0xe4, 0xea, 0xff, 0xaf, 0xe4, 0xea, 0xff, 0xaf, 0xe4, 0xea, 0xff, 
0xaf, 0xe4, 0xea, 0xff, 0xaf, 0xe4, 0xea, 0xff, 0xaf, 0xe4, 0xea, 0xff, 0xaf, 0xe4, 0xea, 0xff, 
0xaf, 0xe4, 0xea, 0xff, 0xaf, 0xe4, 0xea, 0xff, 0xaf, 0xe4, 0xea, 0xff, 0xaf, 0xe4, 0xea, 0xff, 
0xaf, 0xe4, 0xea, 0xff, 0xaf, 0xe4, 0xea, 0xff, 0xaf, 0xe4, 0xea, 0xff, 0xaf, 0xe4, 0xea, 0xff, 
0xaf, 0xe4, 0xea, 0xff, 0xaf, 0xe4, 0xea, 0xff, 0xaf, 0xe4, 0xea, 0xff, 0xaf, 0xe4, 0xea, 0xff, 
0xaf, 0xe4, 0xea, 0xff, 0xaf, 0xe4, 0xea, 0xff, 0xaf, 0xe4, 0xea, 0xff, 0xaf, 0xe4, 0xea, 0xff, 
0xaf, 0xe4, 0xea, 0xff, 0xaf, 0xe4, 0xea, 0xff, 0xaf, 0xe4, 0xea, 0xff, 0xaf, 0xe4, 0xea, 0xff, 
0xaf, 0xe4, 0xea, 0xff, 0xaf, 0xe4, 0xea, 0xff, 0xaf, 0xe4, 0xea, 0xff, 0xaf, 0xe4, 0xea, 0xff, 
0xaf, 0xe4, 0xea, 0xff, 0xaf, 0xe4, 0xea, 0xff, 0xaf, 0xe4, 0xea, 0xff, 0xaf, 0xe4, 0xea, 0xff, 
0xaf, 0xe4, 0xea, 0xff, 0xaf, 0xe4, 0xea, 0xff, 0xaf, 0xe4, 0xea, 0xff, 0xaf, 0xe4, 0xea, 0xff, 
0xaf, 0xe4, 0xea, 0xff, 0xaf, 0xe4, 0xea, 0xff, 0xaf, 0xe4, 0xea, 0xff, 0xaf, 0xe4, 0xea, 0xff, 
0xaf, 0xe4, 0xea, 0xff, 0xaf, 0xe4, 0xea, 0xff, 0xaf, 0xe4, 0xea, 0xff, 0xaf, 0xe4, 0xea, 0xff, 
0xaf, 0xe4, 0xea, 0xff, 0xaf, 0xe4, 0xea, 0xff, 0xaf, 0xe4, 0xea, 0xff, 0xaf, 0xe4, 0xea, 0xff, 
0xaf, 0xe4, 0xea, 0xff, 0xaf, 0xe4, 0xea, 0xff, 0xaf, 0xe4, 0xea, 0xff, 0xaf, 0xe4, 0xea, 0xff, 
0xaf, 0xe4, 0xea, 0xff, 0xaf, 0xe4, 0xea, 0xff, 0xaf, 0xe4, 0xea, 0xff, 0xaf, 0xe4, 0xea, 0xff, 
0xaf, 0xe4, 0xea, 0xff, 0xaf, 0xe4, 0xea, 0xff, 0xaf, 0xe4, 0xea, 0xff, 0xaf, 0xe4, 0xea, 0xff, 
0xaf, 0xe4, 0xea, 0xff, 0xaf, 0xe4, 0xea, 0xff, 0xaf, 0xe4, 0xea, 0xff, 0xaf, 0xe4, 0xea, 0xff, 
0xaf, 0xe4, 0xea, 0xff, 0xaf, 0xe4, 0xea, 0xff, 0xaf, 0xe4, 0xea, 0xff, 0xaf, 0xe4, 0xea, 0xff, 
0xaf, 0xe4, 0xea, 0xff, 0xaf, 0xe4, 0xea, 0xff, 0xaf, 0xe4, 0xea, 0xff, 0xaf, 0xe4, 0xea, 0xff, 
0xaf, 0xe4, 0xea, 0xff, 0xaf, 0xe4, 0xea, 0xff, 0xaf, 0xe4, 0xea, 0xff, 0xaf, 0xe4, 0xea, 0xff, 
0xaf, 0xe4, 0xea, 0xff, 0xaf, 0xe4, 0xea, 0xff, 0xaf, 0xe4, 0xea, 0xff, 0xaf, 0xe4, 0xea, 0xff, 
0xaf, 0xe4, 0xea, 0xff, 0xaf, 0xe4, 0xea, 0xff, 0xaf, 0xe4, 0xea, 0xff, 0xaf, 0xe4, 0xea, 0xff, 
0xaf, 0xe4, 0xea, 0xff, 0xaf, 0xe4, 0xea, 0xff, 0xaf, 0xe4, 0xea, 0xff, 0xaf, 0xe4, 0xea, 0xff, 
0xaf, 0xe4, 0xea, 0xff, 0xaf, 0xe4, 0xea, 0xff, 0xaf, 0xe4, 0xea, 0xff, 0xaf, 0xe4, 0xea, 0xff, 
0xaf, 0xe4, 0xea, 0xff, 0xaf, 0xe4, 0xea, 0xff, 0xaf, 0xe4, 0xea, 0xff, 0xaf, 0xe4, 0xea, 0xff, 
0xaf, 0xe4, 0xea, 0xff, 0xaf, 0xe4, 0xea, 0xff, 0xaf, 0xe4, 0xea, 0xff, 0xaf, 0xe4, 0xea, 0xff, 
0xaf, 0xe4, 0xea, 0xff, 0xaf, 0xe4, 0xea, 0xff, 0xaf, 0xe4, 0xea, 0xff, 0xaf, 0xe4, 0xea, 0xff, 
0xaf, 0xe4, 0xea, 0xff, 0xaf, 0xe4, 0xea, 0xff, 0xaf, 0xe4, 0xea, 0xff, 0xaf, 0xe4, 0xea, 0xff, 
0xaf, 0xe4, 0xea, 0xff, 0xaf, 0xe4, 0xea, 0xff, 0xaf, 0xe4, 0xea, 0xff, 0xaf, 0xe4, 0xea, 0xff, 
0xaf, 0xe4, 0xea, 0xff, 0xaf, 0xe4, 0xea, 0xff, 0xaf, 0xe4, 0xea, 0xff, 0xaf, 0xe4, 0xea, 0xff, 
0xaf, 0xe4, 0xea, 0xff, 0xaf, 0xe4, 0xea, 0xff, 0xaf, 0xe4, 0xea, 0xff, 0xaf, 0xe4, 0xea, 0xff, 
0xaf, 0xe4, 0xea, 0xff, 0xaf, 0xe4, 0xea, 0xff, 0xaf, 0xe4, 0xea, 0xff, 0xaf, 0xe4, 0xea, 0xff, 
0xaf, 0xe4, 0xea, 0xff, 0xaf, 0xe4, 0xea, 0xff, 0xaf, 0xe4, 0xea, 0xff, 0xaf, 0xe4, 0xea, 0xff, 
0xaf, 0xe4, 0xea, 0xff, 0xaf, 0xe4, 0xea, 0xff, 0xaf, 0xe4, 0xea, 0xff, 0xaf, 0xe4, 0xea, 0xff, 
0xaf, 0xe4, 0xea, 0xff, 0xaf, 0xe4, 0xea, 0xff, 0xaf, 0xe4, 0xea, 0xff, 0xaf, 0xe4, 0xea, 0xff, 
0xaf, 0xe4, 0xea, 0xff, 0xaf, 0xe4, 0xea, 0xff, 0xaf, 0xe4, 0xea, 0xff, 0xaf, 0xe4, 0xea, 0xff, 
0xaf, 0xe4, 0xea, 0xff, 0xaf, 0xe4, 0xea, 0xff, 0xaf, 0xe4, 0xea, 0xff, 0xaf, 0xe4, 0xea, 0xff, 
0xaf, 0xe4, 0xea, 0xff, 0xaf, 0xe4, 0xea, 0xff, 0xaf, 0xe4, 0xea, 0xff, 0xaf, 0xe4, 0xea, 0xff, 
0xaf, 0xe4, 0xea, 0xff, 0xaf, 0xe4, 0xea, 0xff, 0xaf, 0xe4, 0xea, 0xff, 0xaf, 0xe4, 0xea, 0xff, 
0xaf, 0xe4, 0xea, 0xff, 0xaf, 0xe4, 0xea, 0xff, 0xaf, 0xe4, 0xea, 0xff, 0xaf, 0xe4, 0xea, 0xff, 
0xaf, 0xe4, 0xea, 0xff, 0xaf, 0xe4, 0xea, 0xff, 0xaf, 0xe4, 0xea, 0xff, 0xaf, 0xe4, 0xea, 0xff, 
0xaf, 0xe4, 0xea, 0xff, 0xaf, 0xe4, 0xea, 0xff, 0xaf, 0xe4, 0xea, 0xff, 0xaf, 0xe4, 0xea, 0xff, 
0xaf, 0xe4, 0xea, 0xff, 0xaf, 0xe4, 0xea, 0xff, 0xaf, 0xe4, 0xea, 0xff, 0xaf, 0xe4, 0xea, 0xff, 
0xaf, 0xe4, 0xea, 0xff, 0xaf, 0xe4, 0xea, 0xff, 0xaf, 0xe4, 0xea, 0xff, 0xaf, 0xe4, 0xea, 0xff, 
0xaf, 0xe3, 0xea, 0xff, 0xaf, 0xe3, 0xea, 0xff, 0xaf, 0xe3, 0xea, 0xff, 0xaf, 0xe3, 0xea, 0xff, 
0xaf, 0xe3, 0xea, 0xff, 0xaf, 0xe3, 0xea, 0xff, 0xaf, 0xe3, 0xea, 0xff, 0xaf, 0xe3, 0xea, 0xff, 
0xaf, 0xe3, 0xea, 0xff, 0xaf, 0xe3, 0xea, 0xff, 0xaf, 0xe3, 0xea, 0xff, 0xaf, 0xe3, 0xea, 0xff, 
0xaf, 0xe3, 0xea, 0xff, 0xaf, 0xe3, 0xea, 0xff, 0xaf, 0xe3, 0xea, 0xff, 0xaf, 0xe3, 0xea, 0xff, 
0xaf, 0xe3, 0xea, 0xff, 0xaf, 0xe3, 0xea, 0xff, 0xaf, 0xe3, 0xea, 0xff, 0xaf, 0xe3, 0xea, 0xff, 
0xaf, 0xe3, 0xea, 0xff, 0xaf, 0xe3, 0xea, 0xff, 0xaf, 0xe3, 0xea, 0xff, 0xaf, 0xe3, 0xea, 0xff, 
0xaf, 0xe3, 0xea, 0xff, 0xaf, 0xe3, 0xea, 0xff, 0xaf, 0xe3, 0xea, 0xff, 0xaf, 0xe3, 0xea, 0xff, 
0xaf, 0xe3, 0xea, 0xff, 0xaf, 0xe3, 0xea, 0xff, 0xaf, 0xe3, 0xea, 0xff, 0xaf, 0xe3, 0xea, 0xff, 
0xaf, 0xe3, 0xea, 0xff, 0xaf, 0xe3, 0xea, 0xff, 0xaf, 0xe3, 0xea, 0xff, 0xaf, 0xe3, 0xea, 0xff, 
0xaf, 0xe3, 0xea, 0xff, 0xaf, 0xe3, 0xea, 0xff, 0xaf, 0xe3, 0xea, 0xff, 0xaf, 0xe3, 0xea, 0xff, 
0xaf, 0xe3, 0xea, 0xff, 0xaf, 0xe3, 0xea, 0xff, 0xaf, 0xe3, 0xea, 0xff, 0xaf, 0xe3, 0xea, 0xff, 
0xaf, 0xe3, 0xea, 0xff, 0xaf, 0xe3, 0xea, 0xff, 0xaf, 0xe3, 0xea, 0xff, 0xaf, 0xe3, 0xea, 0xff, 
0xaf, 0xe3, 0xea, 0xff, 0xaf, 0xe3, 0xea, 0xff, 0xaf, 0xe3, 0xea, 0xff, 0xaf, 0xe3, 0xea, 0xff, 
0xaf, 0xe3, 0xea, 0xff, 0xaf, 0xe3, 0xea, 0xff, 0xaf, 0xe3, 0xea, 0xff, 0xaf, 0xe3, 0xea, 0xff, 
0xaf, 0xe3, 0xea, 0xff, 0xaf, 0xe3, 0xea, 0xff, 0xaf, 0xe3, 0xea, 0xff, 0xaf, 0xe3, 0xea, 0xff, 
0xaf, 0xe3, 0xea, 0xff, 0xaf, 0xe3, 0xea, 0xff, 0xaf, 0xe3, 0xea, 0xff, 0xaf, 0xe3, 0xea, 0xff, 
0xaf, 0xe3, 0xea, 0xff, 0xaf, 0xe3, 0xea, 0xff, 0xaf, 0xe3, 0xea, 0xff, 0xaf, 0xe3, 0xea, 0xff, 
0xaf, 0xe3, 0xea, 0xff, 0xaf, 0xe3, 0xea, 0xff, 0xaf, 0xe3, 0xea, 0xff, 0xaf, 0xe3, 0xea, 0xff, 
0xaf, 0xe3, 0xea, 0xff, 0xaf, 0xe3, 0xea, 0xff, 0xaf, 0xe3, 0xea, 0xff, 0xaf, 0xe3, 0xea, 0xff, 
0xaf, 0xe3, 0xea, 0xff, 0xaf, 0xe3, 0xea, 0xff, 0xaf, 0xe3, 0xea, 0xff, 0xaf, 0xe3, 0xea, 0xff, 
0xaf, 0xe3, 0xea, 0xff, 0xaf, 0xe3, 0xea, 0xff, 0xaf, 0xe3, 0xea, 0xff, 0xaf, 0xe3, 0xea, 0xff, 
0xaf, 0xe3, 0xea, 0xff, 0xaf, 0xe3, 0xea, 0xff, 0xaf, 0xe3, 0xea, 0xff, 0xaf, 0xe3, 0xea, 0xff, 
0xaf, 0xe3, 0xea, 0xff, 0xaf, 0xe3, 0xea, 0xff, 0xaf, 0xe3, 0xea, 0xff, 0xaf, 0xe3, 0xea, 0xff, 
0xaf, 0xe3, 0xea, 0xff, 0xaf, 0xe3, 0xea, 0xff, 0xaf, 0xe3, 0xea, 0xff, 0xaf, 0xe3, 0xea, 0xff, 
0xaf, 0xe3, 0xea, 0xff, 0xaf, 0xe3, 0xea, 0xff, 0xaf, 0xe3, 0xea, 0xff, 0xaf, 0xe3, 0xea, 0xff, 
0xaf, 0xe3, 0xea, 0xff, 0xaf, 0xe3, 0xea, 0xff, 0xaf, 0xe3, 0xea, 0xff, 0xaf, 0xe3, 0xea, 0xff, 
0xaf, 0xe3, 0xea, 0xff, 0xaf, 0xe3, 0xea, 0xff, 0xaf, 0xe3, 0xea, 0xff, 0xaf, 0xe3, 0xea, 0xff, 
0xaf, 0xe3, 0xea, 0xff, 0xaf, 0xe3, 0xea, 0xff, 0xaf, 0xe3, 0xea, 0xff, 0xaf, 0xe3, 0xea, 0xff, 
0xaf, 0xe3, 0xea, 0xff, 0xaf, 0xe3, 0xea, 0xff, 0xaf, 0xe3, 0xea, 0xff, 0xaf, 0xe3, 0xea, 0xff, 
0xaf, 0xe3, 0xea, 0xff, 0xaf, 0xe3, 0xea, 0xff, 0xaf, 0xe3, 0xea, 0xff, 0xaf, 0xe3, 0xea, 0xff, 
0xaf, 0xe3, 0xea, 0xff, 0xaf, 0xe3, 0xea, 0xff, 0xaf, 0xe3, 0xea, 0xff, 0xaf, 0xe3, 0xea, 0xff, 
0xaf, 0xe3, 0xea, 0xff, 0xaf, 0xe3, 0xea, 0xff, 0xaf, 0xe3, 0xea, 0xff, 0xaf, 0xe3, 0xea, 0xff, 
0xaf, 0xe3, 0xea, 0xff, 0xaf, 0xe3, 0xea, 0xff, 0xaf, 0xe3, 0xea, 0xff, 0xaf, 0xe3, 0xea, 0xff, 
0xaf, 0xe3, 0xea, 0xff, 0xaf, 0xe3, 0xea, 0xff, 0xaf, 0xe3, 0xea, 0xff, 0xaf, 0xe3, 0xea, 0xff, 
0xaf, 0xe3, 0xea, 0xff, 0xaf, 0xe3, 0xea, 0xff, 0xaf, 0xe3, 0xea, 0xff, 0xaf, 0xe3, 0xea, 0xff, 
0xaf, 0xe3, 0xea, 0xff, 0xaf, 0xe3, 0xea, 0xff, 0xaf, 0xe3, 0xea, 0xff, 0xaf, 0xe3, 0xea, 0xff, 
0xaf, 0xe3, 0xea, 0xff, 0xaf, 0xe3, 0xea, 0xff, 0xaf, 0xe3, 0xea, 0xff, 0xaf, 0xe3, 0xea, 0xff, 
0xaf, 0xe3, 0xea, 0xff, 0xaf, 0xe3, 0xea, 0xff, 0xaf, 0xe3, 0xea, 0xff, 0xaf, 0xe3, 0xea, 0xff, 
0xaf, 0xe3, 0xea, 0xff, 0xaf, 0xe3, 0xea, 0xff, 0xaf, 0xe3, 0xea, 0xff, 0xaf, 0xe3, 0xea, 0xff, 
0xaf, 0xe3, 0xea, 0xff, 0xaf, 0xe3, 0xea, 0xff, 0xaf, 0xe3, 0xea, 0xff, 0xaf, 0xe3, 0xea, 0xff, 
0xaf, 0xe3, 0xea, 0xff, 0xaf, 0xe3, 0xea, 0xff, 0xaf, 0xe3, 0xea, 0xff, 0xaf, 0xe3, 0xea, 0xff, 
0xaf, 0xe3, 0xea, 0xff, 0xaf, 0xe3, 0xea, 0xff, 0xaf, 0xe3, 0xea, 0xff, 0xaf, 0xe3, 0xea, 0xff, 
0xaf, 0xe3, 0xea, 0xff, 0xaf, 0xe3, 0xea, 0xff, 0xaf, 0xe3, 0xea, 0xff, 0xaf, 0xe3, 0xea, 0xff, 
0xaf, 0xe3, 0xea, 0xff, 0xaf, 0xe3, 0xea, 0xff, 0xaf, 0xe3, 0xea, 0xff, 0xaf, 0xe3, 0xea, 0xff, 
0xaf, 0xe3, 0xea, 0xff, 0xaf, 0xe3, 0xea, 0xff, 0xaf, 0xe3, 0xea, 0xff, 0xaf, 0xe3, 0xea, 0xff, 
0xaf, 0xe3, 0xea, 0xff, 0xaf, 0xe3, 0xea, 0xff, 0xaf, 0xe3, 0xea, 0xff, 0xaf, 0xe3, 0xea, 0xff, 
0xaf, 0xe3, 0xea, 0xff, 0xaf, 0xe3, 0xea, 0xff, 0xaf, 0xe3, 0xea, 0xff, 0xaf, 0xe3, 0xea, 0xff, 
0xaf, 0xe3, 0xea, 0xff, 0xaf, 0xe3, 0xea, 0xff, 0xaf, 0xe3, 0xea, 0xff, 0xaf, 0xe3, 0xea, 0xff, 
0xaf, 0xe3, 0xea, 0xff, 0xaf, 0xe3, 0xea, 0xff, 0xaf, 0xe3, 0xea, 0xff, 0xaf, 0xe3, 0xea, 0xff, 
0xaf, 0xe3, 0xea, 0xff, 0xaf, 0xe3, 0xea, 0xff, 0xaf, 0xe3, 0xea, 0xff, 0xaf, 0xe3, 0xea, 0xff, 
0xaf, 0xe3, 0xea, 0xff, 0xaf, 0xe3, 0xea, 0xff, 0xaf, 0xe3, 0xea, 0xff, 0xaf, 0xe3, 0xea, 0xff, 
0xaf, 0xe3, 0xea, 0xff, 0xaf, 0xe3, 0xea, 0xff, 0xaf, 0xe3, 0xea, 0xff, 0xaf, 0xe3, 0xea, 0xff, 
0xaf, 0xe3, 0xea, 0xff, 0xaf, 0xe3, 0xea, 0xff, 0xaf, 0xe3, 0xea, 0xff, 0xaf, 0xe3, 0xea, 0xff, 
0xaf, 0xe3, 0xea, 0xff, 0xaf, 0xe3, 0xea, 0xff, 0xaf, 0xe3, 0xea, 0xff, 0xaf, 0xe3, 0xea, 0xff, 
0xaf, 0xe3, 0xea, 0xff, 0xaf, 0xe3, 0xea, 0xff, 0xaf, 0xe3, 0xea, 0xff, 0xaf, 0xe3, 0xea, 0xff, 
0xaf, 0xe3, 0xea, 0xff, 0xaf, 0xe3, 0xea, 0xff, 0xaf, 0xe3, 0xea, 0xff, 0xaf, 0xe3, 0xea, 0xff, 
0xaf, 0xe3, 0xea, 0xff, 0xaf, 0xe3, 0xea, 0xff, 0xaf, 0xe3, 0xea, 0xff, 0xaf, 0xe3, 0xea, 0xff, 
0xaf, 0xe3, 0xea, 0xff, 0xaf, 0xe3, 0xea, 0xff, 0xaf, 0xe3, 0xea, 0xff, 0xaf, 0xe3, 0xea, 0xff, 
0xaf, 0xe3, 0xea, 0xff, 0xaf, 0xe3, 0xea, 0xff, 0xaf, 0xe3, 0xea, 0xff, 0xaf, 0xe3, 0xea, 0xff, 
0xaf, 0xe3, 0xea, 0xff, 0xaf, 0xe3, 0xea, 0xff, 0xaf, 0xe3, 0xea, 0xff, 0xaf, 0xe3, 0xea, 0xff, 
0xaf, 0xe3, 0xea, 0xff, 0xaf, 0xe3, 0xea, 0xff, 0xaf, 0xe3, 0xea, 0xff, 0xaf, 0xe3, 0xea, 0xff, 
0xaf, 0xe3, 0xea, 0xff, 0xaf, 0xe3, 0xea, 0xff, 0xaf, 0xe3, 0xea, 0xff, 0xaf, 0xe3, 0xea, 0xff, 
0xaf, 0xe3, 0xea, 0xff, 0xaf, 0xe3, 0xea, 0xff, 0xaf, 0xe3, 0xea, 0xff, 0xaf, 0xe3, 0xea, 0xff, 
0xaf, 0xe3, 0xea, 0xff, 0xaf, 0xe3, 0xea, 0xff, 0xaf, 0xe3, 0xea, 0xff, 0xaf, 0xe3, 0xea, 0xff, 
0xae, 0xe2, 0xe9, 0xff, 0xae, 0xe2, 0xe9, 0xff, 0xae, 0xe2, 0xe9, 0xff, 0xae, 0xe2, 0xe9, 0xff, 
0xae, 0xe2, 0xe9, 0xff, 0xae, 0xe2, 0xe9, 0xff, 0xae, 0xe2, 0xe9, 0xff, 0xae, 0xe2, 0xe9, 0xff, 
0xae, 0xe2, 0xe9, 0xff, 0xae, 0xe2, 0xe9, 0xff, 0xae, 0xe2, 0xe9, 0xff, 0xae, 0xe2, 0xe9, 0xff, 
0xae, 0xe2, 0xe9, 0xff, 0xae, 0xe2, 0xe9, 0xff, 0xae, 0xe2, 0xe9, 0xff, 0xae, 0xe2, 0xe9, 0xff, 
0xae, 0xe2, 0xe9, 0xff, 0xae, 0xe2, 0xe9, 0xff, 0xae, 0xe2, 0xe9, 0xff, 0xae, 0xe2, 0xe9, 0xff, 
0xae, 0xe2, 0xe9, 0xff, 0xae, 0xe2, 0xe9, 0xff, 0xae, 0xe2, 0xe9, 0xff, 0xae, 0xe2, 0xe9, 0xff, 
0xae, 0xe2, 0xe9, 0xff, 0xae, 0xe2, 0xe9, 0xff, 0xae, 0xe2, 0xe9, 0xff, 0xae, 0xe2, 0xe9, 0xff, 
0xae, 0xe2, 0xe9, 0xff, 0xae, 0xe2, 0xe9, 0xff, 0xae, 0xe2, 0xe9, 0xff, 0xae, 0xe2, 0xe9, 0xff, 
0xae, 0xe2, 0xe9, 0xff, 0xae, 0xe2, 0xe9, 0xff, 0xae, 0xe2, 0xe9, 0xff, 0xae, 0xe2, 0xe9, 0xff, 
0xae, 0xe2, 0xe9, 0xff, 0xae, 0xe2, 0xe9, 0xff, 0xae, 0xe2, 0xe9, 0xff, 0xae, 0xe2, 0xe9, 0xff, 
0xae, 0xe2, 0xe9, 0xff, 0xae, 0xe2, 0xe9, 0xff, 0xae, 0xe2, 0xe9, 0xff, 0xae, 0xe2, 0xe9, 0xff, 
0xae, 0xe2, 0xe9, 0xff, 0xae, 0xe2, 0xe9, 0xff, 0xae, 0xe2, 0xe9, 0xff, 0xae, 0xe2, 0xe9, 0xff, 
0xae, 0xe2, 0xe9, 0xff, 0xae, 0xe2, 0xe9, 0xff, 0xae, 0xe2, 0xe9, 0xff, 0xae, 0xe2, 0xe9, 0xff, 
0xae, 0xe2, 0xe9, 0xff, 0xae, 0xe2, 0xe9, 0xff, 0xae, 0xe2, 0xe9, 0xff, 0xae, 0xe2, 0xe9, 0xff, 
0xae, 0xe2, 0xe9, 0xff, 0xae, 0xe2, 0xe9, 0xff, 0xae, 0xe2, 0xe9, 0xff, 0xae, 0xe2, 0xe9, 0xff, 
0xae, 0xe2, 0xe9, 0xff, 0xae, 0xe2, 0xe9, 0xff, 0xae, 0xe2, 0xe9, 0xff, 0xae, 0xe2, 0xe9, 0xff, 
0xae, 0xe2, 0xe9, 0xff, 0xae, 0xe2, 0xe9, 0xff, 0xae, 0xe2, 0xe9, 0xff, 0xae, 0xe2, 0xe9, 0xff, 
0xae, 0xe2, 0xe9, 0xff, 0xae, 0xe2, 0xe9, 0xff, 0xae, 0xe2, 0xe9, 0xff, 0xae, 0xe2, 0xe9, 0xff, 
0xae, 0xe2, 0xe9, 0xff, 0xae, 0xe2, 0xe9, 0xff, 0xae, 0xe2, 0xe9, 0xff, 0xae, 0xe2, 0xe9, 0xff, 
0xae, 0xe2, 0xe9, 0xff, 0xae, 0xe2, 0xe9, 0xff, 0xae, 0xe2, 0xe9, 0xff, 0xae, 0xe2, 0xe9, 0xff, 
0xae, 0xe2, 0xe9, 0xff, 0xae, 0xe2, 0xe9, 0xff, 0xae, 0xe2, 0xe9, 0xff, 0xae, 0xe2, 0xe9, 0xff, 
0xae, 0xe2, 0xe9, 0xff, 0xae, 0xe2, 0xe9, 0xff, 0xae, 0xe2, 0xe9, 0xff, 0xae, 0xe2, 0xe9, 0xff, 
0xae, 0xe2, 0xe9, 0xff, 0xae, 0xe2, 0xe9, 0xff, 0xae, 0xe2, 0xe9, 0xff, 0xae, 0xe2, 0xe9, 0xff, 
0xae, 0xe2, 0xe9, 0xff, 0xae, 0xe2, 0xe9, 0xff, 0xae, 0xe2, 0xe9, 0xff, 0xae, 0xe2, 0xe9, 0xff, 
0xae, 0xe2, 0xe9, 0xff, 0xae, 0xe2, 0xe9, 0xff, 0xae, 0xe2, 0xe9, 0xff, 0xae, 0xe2, 0xe9, 0xff, 
0xae, 0xe2, 0xe9, 0xff, 0xae, 0xe2, 0xe9, 0xff, 0xae, 0xe2, 0xe9, 0xff, 0xae, 0xe2, 0xe9, 0xff, 
0xae, 0xe2, 0xe9, 0xff, 0xae, 0xe2, 0xe9, 0xff, 0xae, 0xe2, 0xe9, 0xff, 0xae, 0xe2, 0xe9, 0xff, 
0xae, 0xe2, 0xe9, 0xff, 0xae, 0xe2, 0xe9, 0xff, 0xae, 0xe2, 0xe9, 0xff, 0xae, 0xe2, 0xe9, 0xff, 
0xae, 0xe2, 0xe9, 0xff, 0xae, 0xe2, 0xe9, 0xff, 0xae, 0xe2, 0xe9, 0xff, 0xae, 0xe2, 0xe9, 0xff, 
0xae, 0xe2, 0xe9, 0xff, 0xae, 0xe2, 0xe9, 0xff, 0xae, 0xe2, 0xe9, 0xff, 0xae, 0xe2, 0xe9, 0xff, 
0xae, 0xe2, 0xe9, 0xff, 0xae, 0xe2, 0xe9, 0xff, 0xae, 0xe2, 0xe9, 0xff, 0xae, 0xe2, 0xe9, 0xff, 
0xae, 0xe2, 0xe9, 0xff, 0xae, 0xe2, 0xe9, 0xff, 0xae, 0xe2, 0xe9, 0xff, 0xae, 0xe2, 0xe9, 0xff, 
0xae, 0xe2, 0xe9, 0xff, 0xae, 0xe2, 0xe9, 0xff, 0xae, 0xe2, 0xe9, 0xff, 0xae, 0xe2, 0xe9, 0xff, 
0xae, 0xe2, 0xe9, 0xff, 0xae, 0xe2, 0xe9, 0xff, 0xae, 0xe2, 0xe9, 0xff, 0xae, 0xe2, 0xe9, 0xff, 
0xae, 0xe2, 0xe9, 0xff, 0xae, 0xe2, 0xe9, 0xff, 0xae, 0xe2, 0xe9, 0xff, 0xae, 0xe2, 0xe9, 0xff, 
0xae, 0xe2, 0xe9, 0xff, 0xae, 0xe2, 0xe9, 0xff, 0xae, 0xe2, 0xe9, 0xff, 0xae, 0xe2, 0xe9, 0xff, 
0xae, 0xe2, 0xe9, 0xff, 0xae, 0xe2, 0xe9, 0xff, 0xae, 0xe2, 0xe9, 0xff, 0xae, 0xe2, 0xe9, 0xff, 
0xae, 0xe2, 0xe9, 0xff, 0xae, 0xe2, 0xe9, 0xff, 0xae, 0xe2, 0xe9, 0xff, 0xae, 0xe2, 0xe9, 0xff, 
0xae, 0xe2, 0xe9, 0xff, 0xae, 0xe2, 0xe9, 0xff, 0xae, 0xe2, 0xe9, 0xff, 0xae, 0xe2, 0xe9, 0xff, 
0xae, 0xe2, 0xe9, 0xff, 0xae, 0xe2, 0xe9, 0xff, 0xae, 0xe2, 0xe9, 0xff, 0xae, 0xe2, 0xe9, 0xff, 
0xae, 0xe2, 0xe9, 0xff, 0xae, 0xe2, 0xe9, 0xff, 0xae, 0xe2, 0xe9, 0xff, 0xae, 0xe2, 0xe9, 0xff, 
0xae, 0xe2, 0xe9, 0xff, 0xae, 0xe2, 0xe9, 0xff, 0xae, 0xe2, 0xe9, 0xff, 0xae, 0xe2, 0xe9, 0xff, 
0xae, 0xe2, 0xe9, 0xff, 0xae, 0xe2, 0xe9, 0xff, 0xae, 0xe2, 0xe9, 0xff, 0xae, 0xe2, 0xe9, 0xff, 
0xae, 0xe2, 0xe9, 0xff, 0xae, 0xe2, 0xe9, 0xff, 0xae, 0xe2, 0xe9, 0xff, 0xae, 0xe2, 0xe9, 0xff, 
0xae, 0xe2, 0xe9, 0xff, 0xae, 0xe2, 0xe9, 0xff, 0xae, 0xe2, 0xe9, 0xff, 0xae, 0xe2, 0xe9, 0xff, 
0xae, 0xe2, 0xe9, 0xff, 0xae, 0xe2, 0xe9, 0xff, 0xae, 0xe2, 0xe9, 0xff, 0xae, 0xe2, 0xe9, 0xff, 
0xae, 0xe2, 0xe9, 0xff, 0xae, 0xe2, 0xe9, 0xff, 0xae, 0xe2, 0xe9, 0xff, 0xae, 0xe2, 0xe9, 0xff, 
0xae, 0xe2, 0xe9, 0xff, 0xae, 0xe2, 0xe9, 0xff, 0xae, 0xe2, 0xe9, 0xff, 0xae, 0xe2, 0xe9, 0xff, 
0xae, 0xe2, 0xe9, 0xff, 0xae, 0xe2, 0xe9, 0xff, 0xae, 0xe2, 0xe9, 0xff, 0xae, 0xe2, 0xe9, 0xff, 
0xae, 0xe2, 0xe9, 0xff, 0xae, 0xe2, 0xe9, 0xff, 0xae, 0xe2, 0xe9, 0xff, 0xae, 0xe2, 0xe9, 0xff, 
0xae, 0xe2, 0xe9, 0xff, 0xae, 0xe2, 0xe9, 0xff, 0xae, 0xe2, 0xe9, 0xff, 0xae, 0xe2, 0xe9, 0xff, 
0xae, 0xe2, 0xe9, 0xff, 0xae, 0xe2, 0xe9, 0xff, 0xae, 0xe2, 0xe9, 0xff, 0xae, 0xe2, 0xe9, 0xff, 
0xae, 0xe2, 0xe9, 0xff, 0xae, 0xe2, 0xe9, 0xff, 0xae, 0xe2, 0xe9, 0xff, 0xae, 0xe2, 0xe9, 0xff, 
0xae, 0xe2, 0xe9, 0xff, 0xae, 0xe2, 0xe9, 0xff, 0xae, 0xe2, 0xe9, 0xff, 0xae, 0xe2, 0xe9, 0xff, 
0xae, 0xe2, 0xe9, 0xff, 0xae, 0xe2, 0xe9, 0xff, 0xae, 0xe2, 0xe9, 0xff, 0xae, 0xe2, 0xe9, 0xff, 
0xae, 0xe2, 0xe9, 0xff, 0xae, 0xe2, 0xe9, 0xff, 0xae, 0xe2, 0xe9, 0xff, 0xae, 0xe2, 0xe9, 0xff, 
0xae, 0xe2, 0xe9, 0xff, 0xae, 0xe2, 0xe9, 0xff, 0xae, 0xe2, 0xe9, 0xff, 0xae, 0xe2, 0xe9, 0xff, 
0xae, 0xe2, 0xe9, 0xff, 0xae, 0xe2, 0xe9, 0xff, 0xae, 0xe2, 0xe9, 0xff, 0xae, 0xe2, 0xe9, 0xff, 
0xae, 0xe2, 0xe9, 0xff, 0xae, 0xe2, 0xe9, 0xff, 0xae, 0xe2, 0xe9, 0xff, 0xae, 0xe2, 0xe9, 0xff, 
0xae, 0xe2, 0xe9, 0xff, 0xae, 0xe2, 0xe9, 0xff, 0xae, 0xe2, 0xe9, 0xff, 0xae, 0xe2, 0xe9, 0xff, 
0xae, 0xe2, 0xe9, 0xff, 0xae, 0xe2, 0xe9, 0xff, 0xae, 0xe2, 0xe9, 0xff, 0xae, 0xe2, 0xe9, 0xff, 
0xae, 0xe2, 0xe9, 0xff, 0xae, 0xe2, 0xe9, 0xff, 0xae, 0xe2, 0xe9, 0xff, 0xae, 0xe2, 0xe9, 0xff, 
0xae, 0xe2, 0xe9, 0xff, 0xae, 0xe2, 0xe9, 0xff, 0xae, 0xe2, 0xe9, 0xff, 0xae, 0xe2, 0xe9, 0xff, 
0xae, 0xe2, 0xe9, 0xff, 0xae, 0xe2, 0xe9, 0xff, 0xae, 0xe2, 0xe9, 0xff, 0xae, 0xe2, 0xe9, 0xff, 
0xad, 0xe2, 0xe8, 0xff, 0xad, 0xe2, 0xe8, 0xff, 0xad, 0xe2, 0xe8, 0xff, 0xad, 0xe2, 0xe8, 0xff, 
0xad, 0xe2, 0xe8, 0xff, 0xad, 0xe2, 0xe8, 0xff, 0xad, 0xe2, 0xe8, 0xff, 0xad, 0xe2, 0xe8, 0xff, 
0xad, 0xe2, 0xe8, 0xff, 0xad, 0xe2, 0xe8, 0xff, 0xad, 0xe2, 0xe8, 0xff, 0xad, 0xe2, 0xe8, 0xff, 
0xad, 0xe2, 0xe8, 0xff, 0xad, 0xe2, 0xe8, 0xff, 0xad, 0xe2, 0xe8, 0xff, 0xad, 0xe2, 0xe8, 0xff, 
0xad, 0xe2, 0xe8, 0xff, 0xad, 0xe2, 0xe8, 0xff, 0xad, 0xe2, 0xe8, 0xff, 0xad, 0xe2, 0xe8, 0xff, 
0xad, 0xe2, 0xe8, 0xff, 0xad, 0xe2, 0xe8, 0xff, 0xad, 0xe2, 0xe8, 0xff, 0xad, 0xe2, 0xe8, 0xff, 
0xad, 0xe2, 0xe8, 0xff, 0xad, 0xe2, 0xe8, 0xff, 0xad, 0xe2, 0xe8, 0xff, 0xad, 0xe2, 0xe8, 0xff, 
0xad, 0xe2, 0xe8, 0xff, 0xad, 0xe2, 0xe8, 0xff, 0xad, 0xe2, 0xe8, 0xff, 0xad, 0xe2, 0xe8, 0xff, 
0xad, 0xe2, 0xe8, 0xff, 0xad, 0xe2, 0xe8, 0xff, 0xad, 0xe2, 0xe8, 0xff, 0xad, 0xe2, 0xe8, 0xff, 
0xad, 0xe2, 0xe8, 0xff, 0xad, 0xe2, 0xe8, 0xff, 0xad, 0xe2, 0xe8, 0xff, 0xad, 0xe2, 0xe8, 0xff, 
0xad, 0xe2, 0xe8, 0xff, 0xad, 0xe2, 0xe8, 0xff, 0xad, 0xe2, 0xe8, 0xff, 0xad, 0xe2, 0xe8, 0xff, 
0xad, 0xe2, 0xe8, 0xff, 0xad, 0xe2, 0xe8, 0xff, 0xad, 0xe2, 0xe8, 0xff, 0xad, 0xe2, 0xe8, 0xff, 
0xad, 0xe2, 0xe8, 0xff, 0xad, 0xe2, 0xe8, 0xff, 0xad, 0xe2, 0xe8, 0xff, 0xad, 0xe2, 0xe8, 0xff, 
0xad, 0xe2, 0xe8, 0xff, 0xad, 0xe2, 0xe8, 0xff, 0xad, 0xe2, 0xe8, 0xff, 0xad, 0xe2, 0xe8, 0xff, 
0xad, 0xe2, 0xe8, 0xff, 0xad, 0xe2, 0xe8, 0xff, 0xad, 0xe2, 0xe8, 0xff, 0xad, 0xe2, 0xe8, 0xff, 
0xad, 0xe2, 0xe8, 0xff, 0xad, 0xe2, 0xe8, 0xff, 0xad, 0xe2, 0xe8, 0xff, 0xad, 0xe2, 0xe8, 0xff, 
0xad, 0xe2, 0xe8, 0xff, 0xad, 0xe2, 0xe8, 0xff, 0xad, 0xe2, 0xe8, 0xff, 0xad, 0xe2, 0xe8, 0xff, 
0xad, 0xe2, 0xe8, 0xff, 0xad, 0xe2, 0xe8, 0xff, 0xad, 0xe2, 0xe8, 0xff, 0xad, 0xe2, 0xe8, 0xff, 
0xad, 0xe2, 0xe8, 0xff, 0xad, 0xe2, 0xe8, 0xff, 0xad, 0xe2, 0xe8, 0xff, 0xad, 0xe2, 0xe8, 0xff, 
0xad, 0xe2, 0xe8, 0xff, 0xad, 0xe2, 0xe8, 0xff, 0xad, 0xe2, 0xe8, 0xff, 0xad, 0xe2, 0xe8, 0xff, 
0xad, 0xe2, 0xe8, 0xff, 0xad, 0xe2, 0xe8, 0xff, 0xad, 0xe2, 0xe8, 0xff, 0xad, 0xe2, 0xe8, 0xff, 
0xad, 0xe2, 0xe8, 0xff, 0xad, 0xe2, 0xe8, 0xff, 0xad, 0xe2, 0xe8, 0xff, 0xad, 0xe2, 0xe8, 0xff, 
0xad, 0xe2, 0xe8, 0xff, 0xad, 0xe2, 0xe8, 0xff, 0xad, 0xe2, 0xe8, 0xff, 0xad, 0xe2, 0xe8, 0xff, 
0xad, 0xe2, 0xe8, 0xff, 0xad, 0xe2, 0xe8, 0xff, 0xad, 0xe2, 0xe8, 0xff, 0xad, 0xe2, 0xe8, 0xff, 
0xad, 0xe2, 0xe8, 0xff, 0xad, 0xe2, 0xe8, 0xff, 0xad, 0xe2, 0xe8, 0xff, 0xad, 0xe2, 0xe8, 0xff, 
0xad, 0xe2, 0xe8, 0xff, 0xad, 0xe2, 0xe8, 0xff, 0xad, 0xe2, 0xe8, 0xff, 0xad, 0xe2, 0xe8, 0xff, 
0xad, 0xe2, 0xe8, 0xff, 0xad, 0xe2, 0xe8, 0xff, 0xad, 0xe2, 0xe8, 0xff, 0xad, 0xe2, 0xe8, 0xff, 
0xad, 0xe2, 0xe8, 0xff, 0xad, 0xe2, 0xe8, 0xff, 0xad, 0xe2, 0xe8, 0xff, 0xad, 0xe2, 0xe8, 0xff, 
0xad, 0xe2, 0xe8, 0xff, 0xad, 0xe2, 0xe8, 0xff, 0xad, 0xe2, 0xe8, 0xff, 0xad, 0xe2, 0xe8, 0xff, 
0xad, 0xe2, 0xe8, 0xff, 0xad, 0xe2, 0xe8, 0xff, 0xad, 0xe2, 0xe8, 0xff, 0xad, 0xe2, 0xe8, 0xff, 
0xad, 0xe2, 0xe8, 0xff, 0xad, 0xe2, 0xe8, 0xff, 0xad, 0xe2, 0xe8, 0xff, 0xad, 0xe2, 0xe8, 0xff, 
0xad, 0xe2, 0xe8, 0xff, 0xad, 0xe2, 0xe8, 0xff, 0xad, 0xe2, 0xe8, 0xff, 0xad, 0xe2, 0xe8, 0xff, 
0xad, 0xe2, 0xe8, 0xff, 0xad, 0xe2, 0xe8, 0xff, 0xad, 0xe2, 0xe8, 0xff, 0xad, 0xe2, 0xe8, 0xff, 
0xad, 0xe2, 0xe8, 0xff, 0xad, 0xe2, 0xe8, 0xff, 0xad, 0xe2, 0xe8, 0xff, 0xad, 0xe2, 0xe8, 0xff, 
0xad, 0xe2, 0xe8, 0xff, 0xad, 0xe2, 0xe8, 0xff, 0xad, 0xe2, 0xe8, 0xff, 0xad, 0xe2, 0xe8, 0xff, 
0xad, 0xe2, 0xe8, 0xff, 0xad, 0xe2, 0xe8, 0xff, 0xad, 0xe2, 0xe8, 0xff, 0xad, 0xe2, 0xe8, 0xff, 
0xad, 0xe2, 0xe8, 0xff, 0xad, 0xe2, 0xe8, 0xff, 0xad, 0xe2, 0xe8, 0xff, 0xad, 0xe2, 0xe8, 0xff, 
0xad, 0xe2, 0xe8, 0xff, 0xad, 0xe2, 0xe8, 0xff, 0xad, 0xe2, 0xe8, 0xff, 0xad, 0xe2, 0xe8, 0xff, 
0xad, 0xe2, 0xe8, 0xff, 0xad, 0xe2, 0xe8, 0xff, 0xad, 0xe2, 0xe8, 0xff, 0xad, 0xe2, 0xe8, 0xff, 
0xad, 0xe2, 0xe8, 0xff, 0xad, 0xe2, 0xe8, 0xff, 0xad, 0xe2, 0xe8, 0xff, 0xad, 0xe2, 0xe8, 0xff, 
0xad, 0xe2, 0xe8, 0xff, 0xad, 0xe2, 0xe8, 0xff, 0xad, 0xe2, 0xe8, 0xff, 0xad, 0xe2, 0xe8, 0xff, 
0xad, 0xe2, 0xe8, 0xff, 0xad, 0xe2, 0xe8, 0xff, 0xad, 0xe2, 0xe8, 0xff, 0xad, 0xe2, 0xe8, 0xff, 
0xad, 0xe2, 0xe8, 0xff, 0xad, 0xe2, 0xe8, 0xff, 0xad, 0xe2, 0xe8, 0xff, 0xad, 0xe2, 0xe8, 0xff, 
0xad, 0xe2, 0xe8, 0xff, 0xad, 0xe2, 0xe8, 0xff, 0xad, 0xe2, 0xe8, 0xff, 0xad, 0xe2, 0xe8, 0xff, 
0xad, 0xe2, 0xe8, 0xff, 0xad, 0xe2, 0xe8, 0xff, 0xad, 0xe2, 0xe8, 0xff, 0xad, 0xe2, 0xe8, 0xff, 
0xad, 0xe2, 0xe8, 0xff, 0xad, 0xe2, 0xe8, 0xff, 0xad, 0xe2, 0xe8, 0xff, 0xad, 0xe2, 0xe8, 0xff, 
0xad, 0xe2, 0xe8, 0xff, 0xad, 0xe2, 0xe8, 0xff, 0xad, 0xe2, 0xe8, 0xff, 0xad, 0xe2, 0xe8, 0xff, 
0xad, 0xe2, 0xe8, 0xff, 0xad, 0xe2, 0xe8, 0xff, 0xad, 0xe2, 0xe8, 0xff, 0xad, 0xe2, 0xe8, 0xff, 
0xad, 0xe2, 0xe8, 0xff, 0xad, 0xe2, 0xe8, 0xff, 0xad, 0xe2, 0xe8, 0xff, 0xad, 0xe2, 0xe8, 0xff, 
0xad, 0xe2, 0xe8, 0xff, 0xad, 0xe2, 0xe8, 0xff, 0xad, 0xe2, 0xe8, 0xff, 0xad, 0xe2, 0xe8, 0xff, 
0xad, 0xe2, 0xe8, 0xff, 0xad, 0xe2, 0xe8, 0xff, 0xad, 0xe2, 0xe8, 0xff, 0xad, 0xe2, 0xe8, 0xff, 
0xad, 0xe2, 0xe8, 0xff, 0xad, 0xe2, 0xe8, 0xff, 0xad, 0xe2, 0xe8, 0xff, 0xad, 0xe2, 0xe8, 0xff, 
0xad, 0xe2, 0xe8, 0xff, 0xad, 0xe2, 0xe8, 0xff, 0xad, 0xe2, 0xe8, 0xff, 0xad, 0xe2, 0xe8, 0xff, 
0xad, 0xe2, 0xe8, 0xff, 0xad, 0xe2, 0xe8, 0xff, 0xad, 0xe2, 0xe8, 0xff, 0xad, 0xe2, 0xe8, 0xff, 
0xad, 0xe2, 0xe8, 0xff, 0xad, 0xe2, 0xe8, 0xff, 0xad, 0xe2, 0xe8, 0xff, 0xad, 0xe2, 0xe8, 0xff, 
0xad, 0xe2, 0xe8, 0xff, 0xad, 0xe2, 0xe8, 0xff, 0xad, 0xe2, 0xe8, 0xff, 0xad, 0xe2, 0xe8, 0xff, 
0xad, 0xe2, 0xe8, 0xff, 0xad, 0xe2, 0xe8, 0xff, 0xad, 0xe2, 0xe8, 0xff, 0xad, 0xe2, 0xe8, 0xff, 
0xad, 0xe2, 0xe8, 0xff, 0xad, 0xe2, 0xe8, 0xff, 0xad, 0xe2, 0xe8, 0xff, 0xad, 0xe2, 0xe8, 0xff, 
0xad, 0xe2, 0xe8, 0xff, 0xad, 0xe2, 0xe8, 0xff, 0xad, 0xe2, 0xe8, 0xff, 0xad, 0xe2, 0xe8, 0xff, 
0xad, 0xe2, 0xe8, 0xff, 0xad, 0xe2, 0xe8, 0xff, 0xad, 0xe2, 0xe8, 0xff, 0xad, 0xe2, 0xe8, 0xff, 
0xad, 0xe2, 0xe8, 0xff, 0xad, 0xe2, 0xe8, 0xff, 0xad, 0xe2, 0xe8, 0xff, 0xad, 0xe2, 0xe8, 0xff, 
0xad, 0xe2, 0xe8, 0xff, 0xad, 0xe2, 0xe8, 0xff, 0xad, 0xe2, 0xe8, 0xff, 0xad, 0xe2, 0xe8, 0xff, 
0xad, 0xe2, 0xe8, 0xff, 0xad, 0xe2, 0xe8, 0xff, 0xad, 0xe2, 0xe8, 0xff, 0xad, 0xe2, 0xe8, 0xff, 
0xad, 0xe2, 0xe8, 0xff, 0xad, 0xe2, 0xe8, 0xff, 0xad, 0xe2, 0xe8, 0xff, 0xad, 0xe2, 0xe8, 0xff, 
0xad, 0xe1, 0xe7, 0xff, 0xad, 0xe1, 0xe7, 0xff, 0xad, 0xe1, 0xe7, 0xff, 0xad, 0xe1, 0xe7, 0xff, 
0xad, 0xe1, 0xe7, 0xff, 0xad, 0xe1, 0xe7, 0xff, 0xad, 0xe1, 0xe7, 0xff, 0xad, 0xe1, 0xe7, 0xff, 
0xad, 0xe1, 0xe7, 0xff, 0xad, 0xe1, 0xe7, 0xff, 0xad, 0xe1, 0xe7, 0xff, 0xad, 0xe1, 0xe7, 0xff, 
0xad, 0xe1, 0xe7, 0xff, 0xad, 0xe1, 0xe7, 0xff, 0xad, 0xe1, 0xe7, 0xff, 0xad, 0xe1, 0xe7, 0xff, 
0xad, 0xe1, 0xe7, 0xff, 0xad, 0xe1, 0xe7, 0xff, 0xad, 0xe1, 0xe7, 0xff, 0xad, 0xe1, 0xe7, 0xff, 
0xad, 0xe1, 0xe7, 0xff, 0xad, 0xe1, 0xe7, 0xff, 0xad, 0xe1, 0xe7, 0xff, 0xad, 0xe1, 0xe7, 0xff, 
0xad, 0xe1, 0xe7, 0xff, 0xad, 0xe1, 0xe7, 0xff, 0xad, 0xe1, 0xe7, 0xff, 0xad, 0xe1, 0xe7, 0xff, 
0xad, 0xe1, 0xe7, 0xff, 0xad, 0xe1, 0xe7, 0xff, 0xad, 0xe1, 0xe7, 0xff, 0xad, 0xe1, 0xe7, 0xff, 
0xad, 0xe1, 0xe7, 0xff, 0xad, 0xe1, 0xe7, 0xff, 0xad, 0xe1, 0xe7, 0xff, 0xad, 0xe1, 0xe7, 0xff, 
0xad, 0xe1, 0xe7, 0xff, 0xad, 0xe1, 0xe7, 0xff, 0xad, 0xe1, 0xe7, 0xff, 0xad, 0xe1, 0xe7, 0xff, 
0xad, 0xe1, 0xe7, 0xff, 0xad, 0xe1, 0xe7, 0xff, 0xad, 0xe1, 0xe7, 0xff, 0xad, 0xe1, 0xe7, 0xff, 
0xad, 0xe1, 0xe7, 0xff, 0xad, 0xe1, 0xe7, 0xff, 0xad, 0xe1, 0xe7, 0xff, 0xad, 0xe1, 0xe7, 0xff, 
0xad, 0xe1, 0xe7, 0xff, 0xad, 0xe1, 0xe7, 0xff, 0xad, 0xe1, 0xe7, 0xff, 0xad, 0xe1, 0xe7, 0xff, 
0xad, 0xe1, 0xe7, 0xff, 0xad, 0xe1, 0xe7, 0xff, 0xad, 0xe1, 0xe7, 0xff, 0xad, 0xe1, 0xe7, 0xff, 
0xad, 0xe1, 0xe7, 0xff, 0xad, 0xe1, 0xe7, 0xff, 0xad, 0xe1, 0xe7, 0xff, 0xad, 0xe1, 0xe7, 0xff, 
0xad, 0xe1, 0xe7, 0xff, 0xad, 0xe1, 0xe7, 0xff, 0xad, 0xe1, 0xe7, 0xff, 0xad, 0xe1, 0xe7, 0xff, 
0xad, 0xe1, 0xe7, 0xff, 0xad, 0xe1, 0xe7, 0xff, 0xad, 0xe1, 0xe7, 0xff, 0xad, 0xe1, 0xe7, 0xff, 
0xad, 0xe1, 0xe7, 0xff, 0xad, 0xe1, 0xe7, 0xff, 0xad, 0xe1, 0xe7, 0xff, 0xad, 0xe1, 0xe7, 0xff, 
0xad, 0xe1, 0xe7, 0xff, 0xad, 0xe1, 0xe7, 0xff, 0xad, 0xe1, 0xe7, 0xff, 0xad, 0xe1, 0xe7, 0xff, 
0xad, 0xe1, 0xe7, 0xff, 0xad, 0xe1, 0xe7, 0xff, 0xad, 0xe1, 0xe7, 0xff, 0xad, 0xe1, 0xe7, 0xff, 
0xad, 0xe1, 0xe7, 0xff, 0xad, 0xe1, 0xe7, 0xff, 0xad, 0xe1, 0xe7, 0xff, 0xad, 0xe1, 0xe7, 0xff, 
0xad, 0xe1, 0xe7, 0xff, 0xad, 0xe1, 0xe7, 0xff, 0xad, 0xe1, 0xe7, 0xff, 0xad, 0xe1, 0xe7, 0xff, 
0xad, 0xe1, 0xe7, 0xff, 0xad, 0xe1, 0xe7, 0xff, 0xad, 0xe1, 0xe7, 0xff, 0xad, 0xe1, 0xe7, 0xff, 
0xad, 0xe1, 0xe7, 0xff, 0xad, 0xe1, 0xe7, 0xff, 0xad, 0xe1, 0xe7, 0xff, 0xad, 0xe1, 0xe7, 0xff, 
0xad, 0xe1, 0xe7, 0xff, 0xad, 0xe1, 0xe7, 0xff, 0xad, 0xe1, 0xe7, 0xff, 0xad, 0xe1, 0xe7, 0xff, 
0xad, 0xe1, 0xe7, 0xff, 0xad, 0xe1, 0xe7, 0xff, 0xad, 0xe1, 0xe7, 0xff, 0xad, 0xe1, 0xe7, 0xff, 
0xad, 0xe1, 0xe7, 0xff, 0xad, 0xe1, 0xe7, 0xff, 0xad, 0xe1, 0xe7, 0xff, 0xad, 0xe1, 0xe7, 0xff, 
0xad, 0xe1, 0xe7, 0xff, 0xad, 0xe1, 0xe7, 0xff, 0xad, 0xe1, 0xe7, 0xff, 0xad, 0xe1, 0xe7, 0xff, 
0xad, 0xe1, 0xe7, 0xff, 0xad, 0xe1, 0xe7, 0xff, 0xad, 0xe1, 0xe7, 0xff, 0xad, 0xe1, 0xe7, 0xff, 
0xad, 0xe1, 0xe7, 0xff, 0xad, 0xe1, 0xe7, 0xff, 0xad, 0xe1, 0xe7, 0xff, 0xad, 0xe1, 0xe7, 0xff, 
0xad, 0xe1, 0xe7, 0xff, 0xad, 0xe1, 0xe7, 0xff, 0xad, 0xe1, 0xe7, 0xff, 0xad, 0xe1, 0xe7, 0xff, 
0xad, 0xe1, 0xe7, 0xff, 0xad, 0xe1, 0xe7, 0xff, 0xad, 0xe1, 0xe7, 0xff, 0xad, 0xe1, 0xe7, 0xff, 
0xad, 0xe1, 0xe7, 0xff, 0xad, 0xe1, 0xe7, 0xff, 0xad, 0xe1, 0xe7, 0xff, 0xad, 0xe1, 0xe7, 0xff, 
0xad, 0xe1, 0xe7, 0xff, 0xad, 0xe1, 0xe7, 0xff, 0xad, 0xe1, 0xe7, 0xff, 0xad, 0xe1, 0xe7, 0xff, 
0xad, 0xe1, 0xe7, 0xff, 0xad, 0xe1, 0xe7, 0xff, 0xad, 0xe1, 0xe7, 0xff, 0xad, 0xe1, 0xe7, 0xff, 
0xad, 0xe1, 0xe7, 0xff, 0xad, 0xe1, 0xe7, 0xff, 0xad, 0xe1, 0xe7, 0xff, 0xad, 0xe1, 0xe7, 0xff, 
0xad, 0xe1, 0xe7, 0xff, 0xad, 0xe1, 0xe7, 0xff, 0xad, 0xe1, 0xe7, 0xff, 0xad, 0xe1, 0xe7, 0xff, 
0xad, 0xe1, 0xe7, 0xff, 0xad, 0xe1, 0xe7, 0xff, 0xad, 0xe1, 0xe7, 0xff, 0xad, 0xe1, 0xe7, 0xff, 
0xad, 0xe1, 0xe7, 0xff, 0xad, 0xe1, 0xe7, 0xff, 0xad, 0xe1, 0xe7, 0xff, 0xad, 0xe1, 0xe7, 0xff, 
0xad, 0xe1, 0xe7, 0xff, 0xad, 0xe1, 0xe7, 0xff, 0xad, 0xe1, 0xe7, 0xff, 0xad, 0xe1, 0xe7, 0xff, 
0xad, 0xe1, 0xe7, 0xff, 0xad, 0xe1, 0xe7, 0xff, 0xad, 0xe1, 0xe7, 0xff, 0xad, 0xe1, 0xe7, 0xff, 
0xad, 0xe1, 0xe7, 0xff, 0xad, 0xe1, 0xe7, 0xff, 0xad, 0xe1, 0xe7, 0xff, 0xad, 0xe1, 0xe7, 0xff, 
0xad, 0xe1, 0xe7, 0xff, 0xad, 0xe1, 0xe7, 0xff, 0xad, 0xe1, 0xe7, 0xff, 0xad, 0xe1, 0xe7, 0xff, 
0xad, 0xe1, 0xe7, 0xff, 0xad, 0xe1, 0xe7, 0xff, 0xad, 0xe1, 0xe7, 0xff, 0xad, 0xe1, 0xe7, 0xff, 
0xad, 0xe1, 0xe7, 0xff, 0xad, 0xe1, 0xe7, 0xff, 0xad, 0xe1, 0xe7, 0xff, 0xad, 0xe1, 0xe7, 0xff, 
0xad, 0xe1, 0xe7, 0xff, 0xad, 0xe1, 0xe7, 0xff, 0xad, 0xe1, 0xe7, 0xff, 0xad, 0xe1, 0xe7, 0xff, 
0xad, 0xe1, 0xe7, 0xff, 0xad, 0xe1, 0xe7, 0xff, 0xad, 0xe1, 0xe7, 0xff, 0xad, 0xe1, 0xe7, 0xff, 
0xad, 0xe1, 0xe7, 0xff, 0xad, 0xe1, 0xe7, 0xff, 0xad, 0xe1, 0xe7, 0xff, 0xad, 0xe1, 0xe7, 0xff, 
0xad, 0xe1, 0xe7, 0xff, 0xad, 0xe1, 0xe7, 0xff, 0xad, 0xe1, 0xe7, 0xff, 0xad, 0xe1, 0xe7, 0xff, 
0xad, 0xe1, 0xe7, 0xff, 0xad, 0xe1, 0xe7, 0xff, 0xad, 0xe1, 0xe7, 0xff, 0xad, 0xe1, 0xe7, 0xff, 
0xad, 0xe1, 0xe7, 0xff, 0xad, 0xe1, 0xe7, 0xff, 0xad, 0xe1, 0xe7, 0xff, 0xad, 0xe1, 0xe7, 0xff, 
0xad, 0xe1, 0xe7, 0xff, 0xad, 0xe1, 0xe7, 0xff, 0xad, 0xe1, 0xe7, 0xff, 0xad, 0xe1, 0xe7, 0xff, 
0xad, 0xe1, 0xe7, 0xff, 0xad, 0xe1, 0xe7, 0xff, 0xad, 0xe1, 0xe7, 0xff, 0xad, 0xe1, 0xe7, 0xff, 
0xad, 0xe1, 0xe7, 0xff, 0xad, 0xe1, 0xe7, 0xff, 0xad, 0xe1, 0xe7, 0xff, 0xad, 0xe1, 0xe7, 0xff, 
0xad, 0xe1, 0xe7, 0xff, 0xad, 0xe1, 0xe7, 0xff, 0xad, 0xe1, 0xe7, 0xff, 0xad, 0xe1, 0xe7, 0xff, 
0xad, 0xe1, 0xe7, 0xff, 0xad, 0xe1, 0xe7, 0xff, 0xad, 0xe1, 0xe7, 0xff, 0xad, 0xe1, 0xe7, 0xff, 
0xad, 0xe1, 0xe7, 0xff, 0xad, 0xe1, 0xe7, 0xff, 0xad, 0xe1, 0xe7, 0xff, 0xad, 0xe1, 0xe7, 0xff, 
0xad, 0xe1, 0xe7, 0xff, 0xad, 0xe1, 0xe7, 0xff, 0xad, 0xe1, 0xe7, 0xff, 0xad, 0xe1, 0xe7, 0xff, 
0xad, 0xe1, 0xe7, 0xff, 0xad, 0xe1, 0xe7, 0xff, 0xad, 0xe1, 0xe7, 0xff, 0xad, 0xe1, 0xe7, 0xff, 
0xad, 0xe1, 0xe7, 0xff, 0xad, 0xe1, 0xe7, 0xff, 0xad, 0xe1, 0xe7, 0xff, 0xad, 0xe1, 0xe7, 0xff, 
0xad, 0xe1, 0xe7, 0xff, 0xad, 0xe1, 0xe7, 0xff, 0xad, 0xe1, 0xe7, 0xff, 0xad, 0xe1, 0xe7, 0xff, 
0xad, 0xe1, 0xe7, 0xff, 0xad, 0xe1, 0xe7, 0xff, 0xad, 0xe1, 0xe7, 0xff, 0xad, 0xe1, 0xe7, 0xff, 
0xad, 0xe1, 0xe7, 0xff, 0xad, 0xe1, 0xe7, 0xff, 0xad, 0xe1, 0xe7, 0xff, 0xad, 0xe1, 0xe7, 0xff, 
0xad, 0xe1, 0xe7, 0xff, 0xad, 0xe1, 0xe7, 0xff, 0xad, 0xe1, 0xe7, 0xff, 0xad, 0xe1, 0xe7, 0xff, 
0xae, 0xdf, 0xe7, 0xff, 0xae, 0xdf, 0xe7, 0xff, 0xae, 0xdf, 0xe7, 0xff, 0xae, 0xdf, 0xe7, 0xff, 
0xae, 0xdf, 0xe7, 0xff, 0xae, 0xdf, 0xe7, 0xff, 0xae, 0xdf, 0xe7, 0xff, 0xae, 0xdf, 0xe7, 0xff, 
0xae, 0xdf, 0xe7, 0xff, 0xae, 0xdf, 0xe7, 0xff, 0xae, 0xdf, 0xe7, 0xff, 0xae, 0xdf, 0xe7, 0xff, 
0xae, 0xdf, 0xe7, 0xff, 0xae, 0xdf, 0xe7, 0xff, 0xae, 0xdf, 0xe7, 0xff, 0xae, 0xdf, 0xe7, 0xff, 
0xae, 0xdf, 0xe7, 0xff, 0xae, 0xdf, 0xe7, 0xff, 0xae, 0xdf, 0xe7, 0xff, 0xae, 0xdf, 0xe7, 0xff, 
0xae, 0xdf, 0xe7, 0xff, 0xae, 0xdf, 0xe7, 0xff, 0xae, 0xdf, 0xe7, 0xff, 0xae, 0xdf, 0xe7, 0xff, 
0xae, 0xdf, 0xe7, 0xff, 0xae, 0xdf, 0xe7, 0xff, 0xae, 0xdf, 0xe7, 0xff, 0xae, 0xdf, 0xe7, 0xff, 
0xae, 0xdf, 0xe7, 0xff, 0xae, 0xdf, 0xe7, 0xff, 0xae, 0xdf, 0xe7, 0xff, 0xae, 0xdf, 0xe7, 0xff, 
0xae, 0xdf, 0xe7, 0xff, 0xae, 0xdf, 0xe7, 0xff, 0xae, 0xdf, 0xe7, 0xff, 0xae, 0xdf, 0xe7, 0xff, 
0xae, 0xdf, 0xe7, 0xff, 0xae, 0xdf, 0xe7, 0xff, 0xae, 0xdf, 0xe7, 0xff, 0xae, 0xdf, 0xe7, 0xff, 
0xae, 0xdf, 0xe7, 0xff, 0xae, 0xdf, 0xe7, 0xff, 0xae, 0xdf, 0xe7, 0xff, 0xae, 0xdf, 0xe7, 0xff, 
0xae, 0xdf, 0xe7, 0xff, 0xae, 0xdf, 0xe7, 0xff, 0xae, 0xdf, 0xe7, 0xff, 0xae, 0xdf, 0xe7, 0xff, 
0xae, 0xdf, 0xe7, 0xff, 0xae, 0xdf, 0xe7, 0xff, 0xae, 0xdf, 0xe7, 0xff, 0xae, 0xdf, 0xe7, 0xff, 
0xae, 0xdf, 0xe7, 0xff, 0xae, 0xdf, 0xe7, 0xff, 0xae, 0xdf, 0xe7, 0xff, 0xae, 0xdf, 0xe7, 0xff, 
0xae, 0xdf, 0xe7, 0xff, 0xae, 0xdf, 0xe7, 0xff, 0xae, 0xdf, 0xe7, 0xff, 0xae, 0xdf, 0xe7, 0xff, 
0xae, 0xdf, 0xe7, 0xff, 0xae, 0xdf, 0xe7, 0xff, 0xae, 0xdf, 0xe7, 0xff, 0xae, 0xdf, 0xe7, 0xff, 
0xae, 0xdf, 0xe7, 0xff, 0xae, 0xdf, 0xe7, 0xff, 0xae, 0xdf, 0xe7, 0xff, 0xae, 0xdf, 0xe7, 0xff, 
0xae, 0xdf, 0xe7, 0xff, 0xae, 0xdf, 0xe7, 0xff, 0xae, 0xdf, 0xe7, 0xff, 0xae, 0xdf, 0xe7, 0xff, 
0xae, 0xdf, 0xe7, 0xff, 0xae, 0xdf, 0xe7, 0xff, 0xae, 0xdf, 0xe7, 0xff, 0xae, 0xdf, 0xe7, 0xff, 
0xae, 0xdf, 0xe7, 0xff, 0xae, 0xdf, 0xe7, 0xff, 0xae, 0xdf, 0xe7, 0xff, 0xae, 0xdf, 0xe7, 0xff, 
0xae, 0xdf, 0xe7, 0xff, 0xae, 0xdf, 0xe7, 0xff, 0xae, 0xdf, 0xe7, 0xff, 0xae, 0xdf, 0xe7, 0xff, 
0xae, 0xdf, 0xe7, 0xff, 0xae, 0xdf, 0xe7, 0xff, 0xae, 0xdf, 0xe7, 0xff, 0xae, 0xdf, 0xe7, 0xff, 
0xae, 0xdf, 0xe7, 0xff, 0xae, 0xdf, 0xe7, 0xff, 0xae, 0xdf, 0xe7, 0xff, 0xae, 0xdf, 0xe7, 0xff, 
0xae, 0xdf, 0xe7, 0xff, 0xae, 0xdf, 0xe7, 0xff, 0xae, 0xdf, 0xe7, 0xff, 0xae, 0xdf, 0xe7, 0xff, 
0xae, 0xdf, 0xe7, 0xff, 0xae, 0xdf, 0xe7, 0xff, 0xae, 0xdf, 0xe7, 0xff, 0xae, 0xdf, 0xe7, 0xff, 
0xae, 0xdf, 0xe7, 0xff, 0xae, 0xdf, 0xe7, 0xff, 0xae, 0xdf, 0xe7, 0xff, 0xae, 0xdf, 0xe7, 0xff, 
0xae, 0xdf, 0xe7, 0xff, 0xae, 0xdf, 0xe7, 0xff, 0xae, 0xdf, 0xe7, 0xff, 0xae, 0xdf, 0xe7, 0xff, 
0xae, 0xdf, 0xe7, 0xff, 0xae, 0xdf, 0xe7, 0xff, 0xae, 0xdf, 0xe7, 0xff, 0xae, 0xdf, 0xe7, 0xff, 
0xae, 0xdf, 0xe7, 0xff, 0xae, 0xdf, 0xe7, 0xff, 0xae, 0xdf, 0xe7, 0xff, 0xae, 0xdf, 0xe7, 0xff, 
0xae, 0xdf, 0xe7, 0xff, 0xae, 0xdf, 0xe7, 0xff, 0xae, 0xdf, 0xe7, 0xff, 0xae, 0xdf, 0xe7, 0xff, 
0xae, 0xdf, 0xe7, 0xff, 0xae, 0xdf, 0xe7, 0xff, 0xae, 0xdf, 0xe7, 0xff, 0xae, 0xdf, 0xe7, 0xff, 
0xae, 0xdf, 0xe7, 0xff, 0xae, 0xdf, 0xe7, 0xff, 0xae, 0xdf, 0xe7, 0xff, 0xae, 0xdf, 0xe7, 0xff, 
0xae, 0xdf, 0xe7, 0xff, 0xae, 0xdf, 0xe7, 0xff, 0xae, 0xdf, 0xe7, 0xff, 0xae, 0xdf, 0xe7, 0xff, 
0xae, 0xdf, 0xe7, 0xff, 0xae, 0xdf, 0xe7, 0xff, 0xae, 0xdf, 0xe7, 0xff, 0xae, 0xdf, 0xe7, 0xff, 
0xae, 0xdf, 0xe7, 0xff, 0xae, 0xdf, 0xe7, 0xff, 0xae, 0xdf, 0xe7, 0xff, 0xae, 0xdf, 0xe7, 0xff, 
0xae, 0xdf, 0xe7, 0xff, 0xae, 0xdf, 0xe7, 0xff, 0xae, 0xdf, 0xe7, 0xff, 0xae, 0xdf, 0xe7, 0xff, 
0xae, 0xdf, 0xe7, 0xff, 0xae, 0xdf, 0xe7, 0xff, 0xae, 0xdf, 0xe7, 0xff, 0xae, 0xdf, 0xe7, 0xff, 
0xae, 0xdf, 0xe7, 0xff, 0xae, 0xdf, 0xe7, 0xff, 0xae, 0xdf, 0xe7, 0xff, 0xae, 0xdf, 0xe7, 0xff, 
0xae, 0xdf, 0xe7, 0xff, 0xae, 0xdf, 0xe7, 0xff, 0xae, 0xdf, 0xe7, 0xff, 0xae, 0xdf, 0xe7, 0xff, 
0xae, 0xdf, 0xe7, 0xff, 0xae, 0xdf, 0xe7, 0xff, 0xae, 0xdf, 0xe7, 0xff, 0xae, 0xdf, 0xe7, 0xff, 
0xae, 0xdf, 0xe7, 0xff, 0xae, 0xdf, 0xe7, 0xff, 0xae, 0xdf, 0xe7, 0xff, 0xae, 0xdf, 0xe7, 0xff, 
0xae, 0xdf, 0xe7, 0xff, 0xae, 0xdf, 0xe7, 0xff, 0xae, 0xdf, 0xe7, 0xff, 0xae, 0xdf, 0xe7, 0xff, 
0xae, 0xdf, 0xe7, 0xff, 0xae, 0xdf, 0xe7, 0xff, 0xae, 0xdf, 0xe7, 0xff, 0xae, 0xdf, 0xe7, 0xff, 
0xae, 0xdf, 0xe7, 0xff, 0xae, 0xdf, 0xe7, 0xff, 0xae, 0xdf, 0xe7, 0xff, 0xae, 0xdf, 0xe7, 0xff, 
0xae, 0xdf, 0xe7, 0xff, 0xae, 0xdf, 0xe7, 0xff, 0xae, 0xdf, 0xe7, 0xff, 0xae, 0xdf, 0xe7, 0xff, 
0xae, 0xdf, 0xe7, 0xff, 0xae, 0xdf, 0xe7, 0xff, 0xae, 0xdf, 0xe7, 0xff, 0xae, 0xdf, 0xe7, 0xff, 
0xae, 0xdf, 0xe7, 0xff, 0xae, 0xdf, 0xe7, 0xff, 0xae, 0xdf, 0xe7, 0xff, 0xae, 0xdf, 0xe7, 0xff, 
0xae, 0xdf, 0xe7, 0xff, 0xae, 0xdf, 0xe7, 0xff, 0xae, 0xdf, 0xe7, 0xff, 0xae, 0xdf, 0xe7, 0xff, 
0xae, 0xdf, 0xe7, 0xff, 0xae, 0xdf, 0xe7, 0xff, 0xae, 0xdf, 0xe7, 0xff, 0xae, 0xdf, 0xe7, 0xff, 
0xae, 0xdf, 0xe7, 0xff, 0xae, 0xdf, 0xe7, 0xff, 0xae, 0xdf, 0xe7, 0xff, 0xae, 0xdf, 0xe7, 0xff, 
0xae, 0xdf, 0xe7, 0xff, 0xae, 0xdf, 0xe7, 0xff, 0xae, 0xdf, 0xe7, 0xff, 0xae, 0xdf, 0xe7, 0xff, 
0xae, 0xdf, 0xe7, 0xff, 0xae, 0xdf, 0xe7, 0xff, 0xae, 0xdf, 0xe7, 0xff, 0xae, 0xdf, 0xe7, 0xff, 
0xae, 0xdf, 0xe7, 0xff, 0xae, 0xdf, 0xe7, 0xff, 0xae, 0xdf, 0xe7, 0xff, 0xae, 0xdf, 0xe7, 0xff, 
0xae, 0xdf, 0xe7, 0xff, 0xae, 0xdf, 0xe7, 0xff, 0xae, 0xdf, 0xe7, 0xff, 0xae, 0xdf, 0xe7, 0xff, 
0xae, 0xdf, 0xe7, 0xff, 0xae, 0xdf, 0xe7, 0xff, 0xae, 0xdf, 0xe7, 0xff, 0xae, 0xdf, 0xe7, 0xff, 
0xae, 0xdf, 0xe7, 0xff, 0xae, 0xdf, 0xe7, 0xff, 0xae, 0xdf, 0xe7, 0xff, 0xae, 0xdf, 0xe7, 0xff, 
0xae, 0xdf, 0xe7, 0xff, 0xae, 0xdf, 0xe7, 0xff, 0xae, 0xdf, 0xe7, 0xff, 0xae, 0xdf, 0xe7, 0xff, 
0xae, 0xdf, 0xe7, 0xff, 0xae, 0xdf, 0xe7, 0xff, 0xae, 0xdf, 0xe7, 0xff, 0xae, 0xdf, 0xe7, 0xff, 
0xae, 0xdf, 0xe7, 0xff, 0xae, 0xdf, 0xe7, 0xff, 0xae, 0xdf, 0xe7, 0xff, 0xae, 0xdf, 0xe7, 0xff, 
0xae, 0xdf, 0xe7, 0xff, 0xae, 0xdf, 0xe7, 0xff, 0xae, 0xdf, 0xe7, 0xff, 0xae, 0xdf, 0xe7, 0xff, 
0xae, 0xdf, 0xe7, 0xff, 0xae, 0xdf, 0xe7, 0xff, 0xae, 0xdf, 0xe7, 0xff, 0xae, 0xdf, 0xe7, 0xff, 
0xae, 0xdf, 0xe7, 0xff, 0xae, 0xdf, 0xe7, 0xff, 0xae, 0xdf, 0xe7, 0xff, 0xae, 0xdf, 0xe7, 0xff, 
0xae, 0xdf, 0xe7, 0xff, 0xae, 0xdf, 0xe7, 0xff, 0xae, 0xdf, 0xe7, 0xff, 0xae, 0xdf, 0xe7, 0xff, 
0xae, 0xdf, 0xe7, 0xff, 0xae, 0xdf, 0xe7, 0xff, 0xae, 0xdf, 0xe7, 0xff, 0xae, 0xdf, 0xe7, 0xff, 
0xac, 0xdf, 0xe6, 0xff, 0xac, 0xdf, 0xe6, 0xff, 0xac, 0xdf, 0xe6, 0xff, 0xac, 0xdf, 0xe6, 0xff, 
0xac, 0xdf, 0xe6, 0xff, 0xac, 0xdf, 0xe6, 0xff, 0xac, 0xdf, 0xe6, 0xff, 0xac, 0xdf, 0xe6, 0xff, 
0xac, 0xdf, 0xe6, 0xff, 0xac, 0xdf, 0xe6, 0xff, 0xac, 0xdf, 0xe6, 0xff, 0xac, 0xdf, 0xe6, 0xff, 
0xac, 0xdf, 0xe6, 0xff, 0xac, 0xdf, 0xe6, 0xff, 0xac, 0xdf, 0xe6, 0xff, 0xac, 0xdf, 0xe6, 0xff, 
0xac, 0xdf, 0xe6, 0xff, 0xac, 0xdf, 0xe6, 0xff, 0xac, 0xdf, 0xe6, 0xff, 0xac, 0xdf, 0xe6, 0xff, 
0xac, 0xdf, 0xe6, 0xff, 0xac, 0xdf, 0xe6, 0xff, 0xac, 0xdf, 0xe6, 0xff, 0xac, 0xdf, 0xe6, 0xff, 
0xac, 0xdf, 0xe6, 0xff, 0xac, 0xdf, 0xe6, 0xff, 0xac, 0xdf, 0xe6, 0xff, 0xac, 0xdf, 0xe6, 0xff, 
0xac, 0xdf, 0xe6, 0xff, 0xac, 0xdf, 0xe6, 0xff, 0xac, 0xdf, 0xe6, 0xff, 0xac, 0xdf, 0xe6, 0xff, 
0xac, 0xdf, 0xe6, 0xff, 0xac, 0xdf, 0xe6, 0xff, 0xac, 0xdf, 0xe6, 0xff, 0xac, 0xdf, 0xe6, 0xff, 
0xac, 0xdf, 0xe6, 0xff, 0xac, 0xdf, 0xe6, 0xff, 0xac, 0xdf, 0xe6, 0xff, 0xac, 0xdf, 0xe6, 0xff, 
0xac, 0xdf, 0xe6, 0xff, 0xac, 0xdf, 0xe6, 0xff, 0xac, 0xdf, 0xe6, 0xff, 0xac, 0xdf, 0xe6, 0xff, 
0xac, 0xdf, 0xe6, 0xff, 0xac, 0xdf, 0xe6, 0xff, 0xac, 0xdf, 0xe6, 0xff, 0xac, 0xdf, 0xe6, 0xff, 
0xac, 0xdf, 0xe6, 0xff, 0xac, 0xdf, 0xe6, 0xff, 0xac, 0xdf, 0xe6, 0xff, 0xac, 0xdf, 0xe6, 0xff, 
0xac, 0xdf, 0xe6, 0xff, 0xac, 0xdf, 0xe6, 0xff, 0xac, 0xdf, 0xe6, 0xff, 0xac, 0xdf, 0xe6, 0xff, 
0xac, 0xdf, 0xe6, 0xff, 0xac, 0xdf, 0xe6, 0xff, 0xac, 0xdf, 0xe6, 0xff, 0xac, 0xdf, 0xe6, 0xff, 
0xac, 0xdf, 0xe6, 0xff, 0xac, 0xdf, 0xe6, 0xff, 0xac, 0xdf, 0xe6, 0xff, 0xac, 0xdf, 0xe6, 0xff, 
0xac, 0xdf, 0xe6, 0xff, 0xac, 0xdf, 0xe6, 0xff, 0xac, 0xdf, 0xe6, 0xff, 0xac, 0xdf, 0xe6, 0xff, 
0xac, 0xdf, 0xe6, 0xff, 0xac, 0xdf, 0xe6, 0xff, 0xac, 0xdf, 0xe6, 0xff, 0xac, 0xdf, 0xe6, 0xff, 
0xac, 0xdf, 0xe6, 0xff, 0xac, 0xdf, 0xe6, 0xff, 0xac, 0xdf, 0xe6, 0xff, 0xac, 0xdf, 0xe6, 0xff, 
0xac, 0xdf, 0xe6, 0xff, 0xac, 0xdf, 0xe6, 0xff, 0xac, 0xdf, 0xe6, 0xff, 0xac, 0xdf, 0xe6, 0xff, 
0xac, 0xdf, 0xe6, 0xff, 0xac, 0xdf, 0xe6, 0xff, 0xac, 0xdf, 0xe6, 0xff, 0xac, 0xdf, 0xe6, 0xff, 
0xac, 0xdf, 0xe6, 0xff, 0xac, 0xdf, 0xe6, 0xff, 0xac, 0xdf, 0xe6, 0xff, 0xac, 0xdf, 0xe6, 0xff, 
0xac, 0xdf, 0xe6, 0xff, 0xac, 0xdf, 0xe6, 0xff, 0xac, 0xdf, 0xe6, 0xff, 0xac, 0xdf, 0xe6, 0xff, 
0xac, 0xdf, 0xe6, 0xff, 0xac, 0xdf, 0xe6, 0xff, 0xac, 0xdf, 0xe6, 0xff, 0xac, 0xdf, 0xe6, 0xff, 
0xac, 0xdf, 0xe6, 0xff, 0xac, 0xdf, 0xe6, 0xff, 0xac, 0xdf, 0xe6, 0xff, 0xac, 0xdf, 0xe6, 0xff, 
0xac, 0xdf, 0xe6, 0xff, 0xac, 0xdf, 0xe6, 0xff, 0xac, 0xdf, 0xe6, 0xff, 0xac, 0xdf, 0xe6, 0xff, 
0xac, 0xdf, 0xe6, 0xff, 0xac, 0xdf, 0xe6, 0xff, 0xac, 0xdf, 0xe6, 0xff, 0xac, 0xdf, 0xe6, 0xff, 
0xac, 0xdf, 0xe6, 0xff, 0xac, 0xdf, 0xe6, 0xff, 0xac, 0xdf, 0xe6, 0xff, 0xac, 0xdf, 0xe6, 0xff, 
0xac, 0xdf, 0xe6, 0xff, 0xac, 0xdf, 0xe6, 0xff, 0xac, 0xdf, 0xe6, 0xff, 0xac, 0xdf, 0xe6, 0xff, 
0xac, 0xdf, 0xe6, 0xff, 0xac, 0xdf, 0xe6, 0xff, 0xac, 0xdf, 0xe6, 0xff, 0xac, 0xdf, 0xe6, 0xff, 
0xac, 0xdf, 0xe6, 0xff, 0xac, 0xdf, 0xe6, 0xff, 0xac, 0xdf, 0xe6, 0xff, 0xac, 0xdf, 0xe6, 0xff, 
0xac, 0xdf, 0xe6, 0xff, 0xac, 0xdf, 0xe6, 0xff, 0xac, 0xdf, 0xe6, 0xff, 0xac, 0xdf, 0xe6, 0xff, 
0xac, 0xdf, 0xe6, 0xff, 0xac, 0xdf, 0xe6, 0xff, 0xac, 0xdf, 0xe6, 0xff, 0xac, 0xdf, 0xe6, 0xff, 
0xac, 0xdf, 0xe6, 0xff, 0xac, 0xdf, 0xe6, 0xff, 0xac, 0xdf, 0xe6, 0xff, 0xac, 0xdf, 0xe6, 0xff, 
0xac, 0xdf, 0xe6, 0xff, 0xac, 0xdf, 0xe6, 0xff, 0xac, 0xdf, 0xe6, 0xff, 0xac, 0xdf, 0xe6, 0xff, 
0xac, 0xdf, 0xe6, 0xff, 0xac, 0xdf, 0xe6, 0xff, 0xac, 0xdf, 0xe6, 0xff, 0xac, 0xdf, 0xe6, 0xff, 
0xac, 0xdf, 0xe6, 0xff, 0xac, 0xdf, 0xe6, 0xff, 0xac, 0xdf, 0xe6, 0xff, 0xac, 0xdf, 0xe6, 0xff, 
0xac, 0xdf, 0xe6, 0xff, 0xac, 0xdf, 0xe6, 0xff, 0xac, 0xdf, 0xe6, 0xff, 0xac, 0xdf, 0xe6, 0xff, 
0xac, 0xdf, 0xe6, 0xff, 0xac, 0xdf, 0xe6, 0xff, 0xac, 0xdf, 0xe6, 0xff, 0xac, 0xdf, 0xe6, 0xff, 
0xac, 0xdf, 0xe6, 0xff, 0xac, 0xdf, 0xe6, 0xff, 0xac, 0xdf, 0xe6, 0xff, 0xac, 0xdf, 0xe6, 0xff, 
0xac, 0xdf, 0xe6, 0xff, 0xac, 0xdf, 0xe6, 0xff, 0xac, 0xdf, 0xe6, 0xff, 0xac, 0xdf, 0xe6, 0xff, 
0xac, 0xdf, 0xe6, 0xff, 0xac, 0xdf, 0xe6, 0xff, 0xac, 0xdf, 0xe6, 0xff, 0xac, 0xdf, 0xe6, 0xff, 
0xac, 0xdf, 0xe6, 0xff, 0xac, 0xdf, 0xe6, 0xff, 0xac, 0xdf, 0xe6, 0xff, 0xac, 0xdf, 0xe6, 0xff, 
0xac, 0xdf, 0xe6, 0xff, 0xac, 0xdf, 0xe6, 0xff, 0xac, 0xdf, 0xe6, 0xff, 0xac, 0xdf, 0xe6, 0xff, 
0xac, 0xdf, 0xe6, 0xff, 0xac, 0xdf, 0xe6, 0xff, 0xac, 0xdf, 0xe6, 0xff, 0xac, 0xdf, 0xe6, 0xff, 
0xac, 0xdf, 0xe6, 0xff, 0xac, 0xdf, 0xe6, 0xff, 0xac, 0xdf, 0xe6, 0xff, 0xac, 0xdf, 0xe6, 0xff, 
0xac, 0xdf, 0xe6, 0xff, 0xac, 0xdf, 0xe6, 0xff, 0xac, 0xdf, 0xe6, 0xff, 0xac, 0xdf, 0xe6, 0xff, 
0xac, 0xdf, 0xe6, 0xff, 0xac, 0xdf, 0xe6, 0xff, 0xac, 0xdf, 0xe6, 0xff, 0xac, 0xdf, 0xe6, 0xff, 
0xac, 0xdf, 0xe6, 0xff, 0xac, 0xdf, 0xe6, 0xff, 0xac, 0xdf, 0xe6, 0xff, 0xac, 0xdf, 0xe6, 0xff, 
0xac, 0xdf, 0xe6, 0xff, 0xac, 0xdf, 0xe6, 0xff, 0xac, 0xdf, 0xe6, 0xff, 0xac, 0xdf, 0xe6, 0xff, 
0xac, 0xdf, 0xe6, 0xff, 0xac, 0xdf, 0xe6, 0xff, 0xac, 0xdf, 0xe6, 0xff, 0xac, 0xdf, 0xe6, 0xff, 
0xac, 0xdf, 0xe6, 0xff, 0xac, 0xdf, 0xe6, 0xff, 0xac, 0xdf, 0xe6, 0xff, 0xac, 0xdf, 0xe6, 0xff, 
0xac, 0xdf, 0xe6, 0xff, 0xac, 0xdf, 0xe6, 0xff, 0xac, 0xdf, 0xe6, 0xff, 0xac, 0xdf, 0xe6, 0xff, 
0xac, 0xdf, 0xe6, 0xff, 0xac, 0xdf, 0xe6, 0xff, 0xac, 0xdf, 0xe6, 0xff, 0xac, 0xdf, 0xe6, 0xff, 
0xac, 0xdf, 0xe6, 0xff, 0xac, 0xdf, 0xe6, 0xff, 0xac, 0xdf, 0xe6, 0xff, 0xac, 0xdf, 0xe6, 0xff, 
0xac, 0xdf, 0xe6, 0xff, 0xac, 0xdf, 0xe6, 0xff, 0xac, 0xdf, 0xe6, 0xff, 0xac, 0xdf, 0xe6, 0xff, 
0xac, 0xdf, 0xe6, 0xff, 0xac, 0xdf, 0xe6, 0xff, 0xac, 0xdf, 0xe6, 0xff, 0xac, 0xdf, 0xe6, 0xff, 
0xac, 0xdf, 0xe6, 0xff, 0xac, 0xdf, 0xe6, 0xff, 0xac, 0xdf, 0xe6, 0xff, 0xac, 0xdf, 0xe6, 0xff, 
0xac, 0xdf, 0xe6, 0xff, 0xac, 0xdf, 0xe6, 0xff, 0xac, 0xdf, 0xe6, 0xff, 0xac, 0xdf, 0xe6, 0xff, 
0xac, 0xdf, 0xe6, 0xff, 0xac, 0xdf, 0xe6, 0xff, 0xac, 0xdf, 0xe6, 0xff, 0xac, 0xdf, 0xe6, 0xff, 
0xac, 0xdf, 0xe6, 0xff, 0xac, 0xdf, 0xe6, 0xff, 0xac, 0xdf, 0xe6, 0xff, 0xac, 0xdf, 0xe6, 0xff, 
0xac, 0xdf, 0xe6, 0xff, 0xac, 0xdf, 0xe6, 0xff, 0xac, 0xdf, 0xe6, 0xff, 0xac, 0xdf, 0xe6, 0xff, 
0xac, 0xdf, 0xe6, 0xff, 0xac, 0xdf, 0xe6, 0xff, 0xac, 0xdf, 0xe6, 0xff, 0xac, 0xdf, 0xe6, 0xff, 
0xac, 0xdf, 0xe6, 0xff, 0xac, 0xdf, 0xe6, 0xff, 0xac, 0xdf, 0xe6, 0xff, 0xac, 0xdf, 0xe6, 0xff, 
0xac, 0xde, 0xe5, 0xff, 0xac, 0xde, 0xe5, 0xff, 0xac, 0xde, 0xe5, 0xff, 0xac, 0xde, 0xe5, 0xff, 
0xac, 0xde, 0xe5, 0xff, 0xac, 0xde, 0xe5, 0xff, 0xac, 0xde, 0xe5, 0xff, 0xac, 0xde, 0xe5, 0xff, 
0xac, 0xde, 0xe5, 0xff, 0xac, 0xde, 0xe5, 0xff, 0xac, 0xde, 0xe5, 0xff, 0xac, 0xde, 0xe5, 0xff, 
0xac, 0xde, 0xe5, 0xff, 0xac, 0xde, 0xe5, 0xff, 0xac, 0xde, 0xe5, 0xff, 0xac, 0xde, 0xe5, 0xff, 
0xac, 0xde, 0xe5, 0xff, 0xac, 0xde, 0xe5, 0xff, 0xac, 0xde, 0xe5, 0xff, 0xac, 0xde, 0xe5, 0xff, 
0xac, 0xde, 0xe5, 0xff, 0xac, 0xde, 0xe5, 0xff, 0xac, 0xde, 0xe5, 0xff, 0xac, 0xde, 0xe5, 0xff, 
0xac, 0xde, 0xe5, 0xff, 0xac, 0xde, 0xe5, 0xff, 0xac, 0xde, 0xe5, 0xff, 0xac, 0xde, 0xe5, 0xff, 
0xac, 0xde, 0xe5, 0xff, 0xac, 0xde, 0xe5, 0xff, 0xac, 0xde, 0xe5, 0xff, 0xac, 0xde, 0xe5, 0xff, 
0xac, 0xde, 0xe5, 0xff, 0xac, 0xde, 0xe5, 0xff, 0xac, 0xde, 0xe5, 0xff, 0xac, 0xde, 0xe5, 0xff, 
0xac, 0xde, 0xe5, 0xff, 0xac, 0xde, 0xe5, 0xff, 0xac, 0xde, 0xe5, 0xff, 0xac, 0xde, 0xe5, 0xff, 
0xac, 0xde, 0xe5, 0xff, 0xac, 0xde, 0xe5, 0xff, 0xac, 0xde, 0xe5, 0xff, 0xac, 0xde, 0xe5, 0xff, 
0xac, 0xde, 0xe5, 0xff, 0xac, 0xde, 0xe5, 0xff, 0xac, 0xde, 0xe5, 0xff, 0xac, 0xde, 0xe5, 0xff, 
0xac, 0xde, 0xe5, 0xff, 0xac, 0xde, 0xe5, 0xff, 0xac, 0xde, 0xe5, 0xff, 0xac, 0xde, 0xe5, 0xff, 
0xac, 0xde, 0xe5, 0xff, 0xac, 0xde, 0xe5, 0xff, 0xac, 0xde, 0xe5, 0xff, 0xac, 0xde, 0xe5, 0xff, 
0xac, 0xde, 0xe5, 0xff, 0xac, 0xde, 0xe5, 0xff, 0xac, 0xde, 0xe5, 0xff, 0xac, 0xde, 0xe5, 0xff, 
0xac, 0xde, 0xe5, 0xff, 0xac, 0xde, 0xe5, 0xff, 0xac, 0xde, 0xe5, 0xff, 0xac, 0xde, 0xe5, 0xff, 
0xac, 0xde, 0xe5, 0xff, 0xac, 0xde, 0xe5, 0xff, 0xac, 0xde, 0xe5, 0xff, 0xac, 0xde, 0xe5, 0xff, 
0xac, 0xde, 0xe5, 0xff, 0xac, 0xde, 0xe5, 0xff, 0xac, 0xde, 0xe5, 0xff, 0xac, 0xde, 0xe5, 0xff, 
0xac, 0xde, 0xe5, 0xff, 0xac, 0xde, 0xe5, 0xff, 0xac, 0xde, 0xe5, 0xff, 0xac, 0xde, 0xe5, 0xff, 
0xac, 0xde, 0xe5, 0xff, 0xac, 0xde, 0xe5, 0xff, 0xac, 0xde, 0xe5, 0xff, 0xac, 0xde, 0xe5, 0xff, 
0xac, 0xde, 0xe5, 0xff, 0xac, 0xde, 0xe5, 0xff, 0xac, 0xde, 0xe5, 0xff, 0xac, 0xde, 0xe5, 0xff, 
0xac, 0xde, 0xe5, 0xff, 0xac, 0xde, 0xe5, 0xff, 0xac, 0xde, 0xe5, 0xff, 0xac, 0xde, 0xe5, 0xff, 
0xac, 0xde, 0xe5, 0xff, 0xac, 0xde, 0xe5, 0xff, 0xac, 0xde, 0xe5, 0xff, 0xac, 0xde, 0xe5, 0xff, 
0xac, 0xde, 0xe5, 0xff, 0xac, 0xde, 0xe5, 0xff, 0xac, 0xde, 0xe5, 0xff, 0xac, 0xde, 0xe5, 0xff, 
0xac, 0xde, 0xe5, 0xff, 0xac, 0xde, 0xe5, 0xff, 0xac, 0xde, 0xe5, 0xff, 0xac, 0xde, 0xe5, 0xff, 
0xac, 0xde, 0xe5, 0xff, 0xac, 0xde, 0xe5, 0xff, 0xac, 0xde, 0xe5, 0xff, 0xac, 0xde, 0xe5, 0xff, 
0xac, 0xde, 0xe5, 0xff, 0xac, 0xde, 0xe5, 0xff, 0xac, 0xde, 0xe5, 0xff, 0xac, 0xde, 0xe5, 0xff, 
0xac, 0xde, 0xe5, 0xff, 0xac, 0xde, 0xe5, 0xff, 0xac, 0xde, 0xe5, 0xff, 0xac, 0xde, 0xe5, 0xff, 
0xac, 0xde, 0xe5, 0xff, 0xac, 0xde, 0xe5, 0xff, 0xac, 0xde, 0xe5, 0xff, 0xac, 0xde, 0xe5, 0xff, 
0xac, 0xde, 0xe5, 0xff, 0xac, 0xde, 0xe5, 0xff, 0xac, 0xde, 0xe5, 0xff, 0xac, 0xde, 0xe5, 0xff, 
0xac, 0xde, 0xe5, 0xff, 0xac, 0xde, 0xe5, 0xff, 0xac, 0xde, 0xe5, 0xff, 0xac, 0xde, 0xe5, 0xff, 
0xac, 0xde, 0xe5, 0xff, 0xac, 0xde, 0xe5, 0xff, 0xac, 0xde, 0xe5, 0xff, 0xac, 0xde, 0xe5, 0xff, 
0xac, 0xde, 0xe5, 0xff, 0xac, 0xde, 0xe5, 0xff, 0xac, 0xde, 0xe5, 0xff, 0xac, 0xde, 0xe5, 0xff, 
0xac, 0xde, 0xe5, 0xff, 0xac, 0xde, 0xe5, 0xff, 0xac, 0xde, 0xe5, 0xff, 0xac, 0xde, 0xe5, 0xff, 
0xac, 0xde, 0xe5, 0xff, 0xac, 0xde, 0xe5, 0xff, 0xac, 0xde, 0xe5, 0xff, 0xac, 0xde, 0xe5, 0xff, 
0xac, 0xde, 0xe5, 0xff, 0xac, 0xde, 0xe5, 0xff, 0xac, 0xde, 0xe5, 0xff, 0xac, 0xde, 0xe5, 0xff, 
0xac, 0xde, 0xe5, 0xff, 0xac, 0xde, 0xe5, 0xff, 0xac, 0xde, 0xe5, 0xff, 0xac, 0xde, 0xe5, 0xff, 
0xac, 0xde, 0xe5, 0xff, 0xac, 0xde, 0xe5, 0xff, 0xac, 0xde, 0xe5, 0xff, 0xac, 0xde, 0xe5, 0xff, 
0xac, 0xde, 0xe5, 0xff, 0xac, 0xde, 0xe5, 0xff, 0xac, 0xde, 0xe5, 0xff, 0xac, 0xde, 0xe5, 0xff, 
0xac, 0xde, 0xe5, 0xff, 0xac, 0xde, 0xe5, 0xff, 0xac, 0xde, 0xe5, 0xff, 0xac, 0xde, 0xe5, 0xff, 
0xac, 0xde, 0xe5, 0xff, 0xac, 0xde, 0xe5, 0xff, 0xac, 0xde, 0xe5, 0xff, 0xac, 0xde, 0xe5, 0xff, 
0xac, 0xde, 0xe5, 0xff, 0xac, 0xde, 0xe5, 0xff, 0xac, 0xde, 0xe5, 0xff, 0xac, 0xde, 0xe5, 0xff, 
0xac, 0xde, 0xe5, 0xff, 0xac, 0xde, 0xe5, 0xff, 0xac, 0xde, 0xe5, 0xff, 0xac, 0xde, 0xe5, 0xff, 
0xac, 0xde, 0xe5, 0xff, 0xac, 0xde, 0xe5, 0xff, 0xac, 0xde, 0xe5, 0xff, 0xac, 0xde, 0xe5, 0xff, 
0xac, 0xde, 0xe5, 0xff, 0xac, 0xde, 0xe5, 0xff, 0xac, 0xde, 0xe5, 0xff, 0xac, 0xde, 0xe5, 0xff, 
0xac, 0xde, 0xe5, 0xff, 0xac, 0xde, 0xe5, 0xff, 0xac, 0xde, 0xe5, 0xff, 0xac, 0xde, 0xe5, 0xff, 
0xac, 0xde, 0xe5, 0xff, 0xac, 0xde, 0xe5, 0xff, 0xac, 0xde, 0xe5, 0xff, 0xac, 0xde, 0xe5, 0xff, 
0xac, 0xde, 0xe5, 0xff, 0xac, 0xde, 0xe5, 0xff, 0xac, 0xde, 0xe5, 0xff, 0xac, 0xde, 0xe5, 0xff, 
0xac, 0xde, 0xe5, 0xff, 0xac, 0xde, 0xe5, 0xff, 0xac, 0xde, 0xe5, 0xff, 0xac, 0xde, 0xe5, 0xff, 
0xac, 0xde, 0xe5, 0xff, 0xac, 0xde, 0xe5, 0xff, 0xac, 0xde, 0xe5, 0xff, 0xac, 0xde, 0xe5, 0xff, 
0xac, 0xde, 0xe5, 0xff, 0xac, 0xde, 0xe5, 0xff, 0xac, 0xde, 0xe5, 0xff, 0xac, 0xde, 0xe5, 0xff, 
0xac, 0xde, 0xe5, 0xff, 0xac, 0xde, 0xe5, 0xff, 0xac, 0xde, 0xe5, 0xff, 0xac, 0xde, 0xe5, 0xff, 
0xac, 0xde, 0xe5, 0xff, 0xac, 0xde, 0xe5, 0xff, 0xac, 0xde, 0xe5, 0xff, 0xac, 0xde, 0xe5, 0xff, 
0xac, 0xde, 0xe5, 0xff, 0xac, 0xde, 0xe5, 0xff, 0xac, 0xde, 0xe5, 0xff, 0xac, 0xde, 0xe5, 0xff, 
0xac, 0xde, 0xe5, 0xff, 0xac, 0xde, 0xe5, 0xff, 0xac, 0xde, 0xe5, 0xff, 0xac, 0xde, 0xe5, 0xff, 
0xac, 0xde, 0xe5, 0xff, 0xac, 0xde, 0xe5, 0xff, 0xac, 0xde, 0xe5, 0xff, 0xac, 0xde, 0xe5, 0xff, 
0xac, 0xde, 0xe5, 0xff, 0xac, 0xde, 0xe5, 0xff, 0xac, 0xde, 0xe5, 0xff, 0xac, 0xde, 0xe5, 0xff, 
0xac, 0xde, 0xe5, 0xff, 0xac, 0xde, 0xe5, 0xff, 0xac, 0xde, 0xe5, 0xff, 0xac, 0xde, 0xe5, 0xff, 
0xac, 0xde, 0xe5, 0xff, 0xac, 0xde, 0xe5, 0xff, 0xac, 0xde, 0xe5, 0xff, 0xac, 0xde, 0xe5, 0xff, 
0xac, 0xde, 0xe5, 0xff, 0xac, 0xde, 0xe5, 0xff, 0xac, 0xde, 0xe5, 0xff, 0xac, 0xde, 0xe5, 0xff, 
0xac, 0xde, 0xe5, 0xff, 0xac, 0xde, 0xe5, 0xff, 0xac, 0xde, 0xe5, 0xff, 0xac, 0xde, 0xe5, 0xff, 
0xac, 0xde, 0xe5, 0xff, 0xac, 0xde, 0xe5, 0xff, 0xac, 0xde, 0xe5, 0xff, 0xac, 0xde, 0xe5, 0xff, 
0xac, 0xde, 0xe5, 0xff, 0xac, 0xde, 0xe5, 0xff, 0xac, 0xde, 0xe5, 0xff, 0xac, 0xde, 0xe5, 0xff, 
0xac, 0xde, 0xe5, 0xff, 0xac, 0xde, 0xe5, 0xff, 0xac, 0xde, 0xe5, 0xff, 0xac, 0xde, 0xe5, 0xff, 
0xac, 0xde, 0xe5, 0xff, 0xac, 0xde, 0xe5, 0xff, 0xac, 0xde, 0xe5, 0xff, 0xac, 0xde, 0xe5, 0xff, 
0xac, 0xde, 0xe5, 0xff, 0xac, 0xde, 0xe5, 0xff, 0xac, 0xde, 0xe5, 0xff, 0xac, 0xde, 0xe5, 0xff, 
0xac, 0xde, 0xe5, 0xff, 0xac, 0xde, 0xe5, 0xff, 0xac, 0xde, 0xe5, 0xff, 0xac, 0xde, 0xe5, 0xff, 
0xac, 0xde, 0xe5, 0xff, 0xac, 0xde, 0xe5, 0xff, 0xac, 0xde, 0xe5, 0xff, 0xac, 0xde, 0xe5, 0xff, 
0xac, 0xde, 0xe5, 0xff, 0xac, 0xde, 0xe5, 0xff, 0xac, 0xde, 0xe5, 0xff, 0xac, 0xde, 0xe5, 0xff, 
0xac, 0xde, 0xe5, 0xff, 0xac, 0xde, 0xe5, 0xff, 0xac, 0xde, 0xe5, 0xff, 0xac, 0xde, 0xe5, 0xff, 
0xac, 0xde, 0xe5, 0xff, 0xac, 0xde, 0xe5, 0xff, 0xac, 0xde, 0xe5, 0xff, 0xac, 0xde, 0xe5, 0xff, 
0xac, 0xde, 0xe5, 0xff, 0xac, 0xde, 0xe5, 0xff, 0xac, 0xde, 0xe5, 0xff, 0xac, 0xde, 0xe5, 0xff, 
0xac, 0xde, 0xe5, 0xff, 0xac, 0xde, 0xe5, 0xff, 0xac, 0xde, 0xe5, 0xff, 0xac, 0xde, 0xe5, 0xff, 
0xac, 0xde, 0xe5, 0xff, 0xac, 0xde, 0xe5, 0xff, 0xac, 0xde, 0xe5, 0xff, 0xac, 0xde, 0xe5, 0xff, 
0xac, 0xde, 0xe5, 0xff, 0xac, 0xde, 0xe5, 0xff, 0xac, 0xde, 0xe5, 0xff, 0xac, 0xde, 0xe5, 0xff, 
0xac, 0xde, 0xe5, 0xff, 0xac, 0xde, 0xe5, 0xff, 0xac, 0xde, 0xe5, 0xff, 0xac, 0xde, 0xe5, 0xff, 
0xac, 0xde, 0xe5, 0xff, 0xac, 0xde, 0xe5, 0xff, 0xac, 0xde, 0xe5, 0xff, 0xac, 0xde, 0xe5, 0xff, 
0xac, 0xde, 0xe5, 0xff, 0xac, 0xde, 0xe5, 0xff, 0xac, 0xde, 0xe5, 0xff, 0xac, 0xde, 0xe5, 0xff, 
0xac, 0xde, 0xe5, 0xff, 0xac, 0xde, 0xe5, 0xff, 0xac, 0xde, 0xe5, 0xff, 0xac, 0xde, 0xe5, 0xff, 
0xac, 0xde, 0xe5, 0xff, 0xac, 0xde, 0xe5, 0xff, 0xac, 0xde, 0xe5, 0xff, 0xac, 0xde, 0xe5, 0xff, 
0xac, 0xde, 0xe5, 0xff, 0xac, 0xde, 0xe5, 0xff, 0xac, 0xde, 0xe5, 0xff, 0xac, 0xde, 0xe5, 0xff, 
0xac, 0xde, 0xe5, 0xff, 0xac, 0xde, 0xe5, 0xff, 0xac, 0xde, 0xe5, 0xff, 0xac, 0xde, 0xe5, 0xff, 
0xac, 0xde, 0xe5, 0xff, 0xac, 0xde, 0xe5, 0xff, 0xac, 0xde, 0xe5, 0xff, 0xac, 0xde, 0xe5, 0xff, 
0xac, 0xde, 0xe5, 0xff, 0xac, 0xde, 0xe5, 0xff, 0xac, 0xde, 0xe5, 0xff, 0xac, 0xde, 0xe5, 0xff, 
0xac, 0xde, 0xe5, 0xff, 0xac, 0xde, 0xe5, 0xff, 0xac, 0xde, 0xe5, 0xff, 0xac, 0xde, 0xe5, 0xff, 
0xac, 0xde, 0xe5, 0xff, 0xac, 0xde, 0xe5, 0xff, 0xac, 0xde, 0xe5, 0xff, 0xac, 0xde, 0xe5, 0xff, 
0xac, 0xde, 0xe5, 0xff, 0xac, 0xde, 0xe5, 0xff, 0xac, 0xde, 0xe5, 0xff, 0xac, 0xde, 0xe5, 0xff, 
0xac, 0xde, 0xe5, 0xff, 0xac, 0xde, 0xe5, 0xff, 0xac, 0xde, 0xe5, 0xff, 0xac, 0xde, 0xe5, 0xff, 
0xac, 0xde, 0xe5, 0xff, 0xac, 0xde, 0xe5, 0xff, 0xac, 0xde, 0xe5, 0xff, 0xac, 0xde, 0xe5, 0xff, 
0xac, 0xde, 0xe5, 0xff, 0xac, 0xde, 0xe5, 0xff, 0xac, 0xde, 0xe5, 0xff, 0xac, 0xde, 0xe5, 0xff, 
0xac, 0xde, 0xe5, 0xff, 0xac, 0xde, 0xe5, 0xff, 0xac, 0xde, 0xe5, 0xff, 0xac, 0xde, 0xe5, 0xff, 
0xac, 0xde, 0xe5, 0xff, 0xac, 0xde, 0xe5, 0xff, 0xac, 0xde, 0xe5, 0xff, 0xac, 0xde, 0xe5, 0xff, 
0xac, 0xde, 0xe5, 0xff, 0xac, 0xde, 0xe5, 0xff, 0xac, 0xde, 0xe5, 0xff, 0xac, 0xde, 0xe5, 0xff, 
0xac, 0xde, 0xe5, 0xff, 0xac, 0xde, 0xe5, 0xff, 0xac, 0xde, 0xe5, 0xff, 0xac, 0xde, 0xe5, 0xff, 
0xac, 0xde, 0xe5, 0xff, 0xac, 0xde, 0xe5, 0xff, 0xac, 0xde, 0xe5, 0xff, 0xac, 0xde, 0xe5, 0xff, 
0xac, 0xde, 0xe5, 0xff, 0xac, 0xde, 0xe5, 0xff, 0xac, 0xde, 0xe5, 0xff, 0xac, 0xde, 0xe5, 0xff, 
0xac, 0xde, 0xe5, 0xff, 0xac, 0xde, 0xe5, 0xff, 0xac, 0xde, 0xe5, 0xff, 0xac, 0xde, 0xe5, 0xff, 
0xac, 0xde, 0xe5, 0xff, 0xac, 0xde, 0xe5, 0xff, 0xac, 0xde, 0xe5, 0xff, 0xac, 0xde, 0xe5, 0xff, 
0xac, 0xde, 0xe5, 0xff, 0xac, 0xde, 0xe5, 0xff, 0xac, 0xde, 0xe5, 0xff, 0xac, 0xde, 0xe5, 0xff, 
0xac, 0xde, 0xe5, 0xff, 0xac, 0xde, 0xe5, 0xff, 0xac, 0xde, 0xe5, 0xff, 0xac, 0xde, 0xe5, 0xff, 
0xac, 0xde, 0xe5, 0xff, 0xac, 0xde, 0xe5, 0xff, 0xac, 0xde, 0xe5, 0xff, 0xac, 0xde, 0xe5, 0xff, 
0xac, 0xde, 0xe5, 0xff, 0xac, 0xde, 0xe5, 0xff, 0xac, 0xde, 0xe5, 0xff, 0xac, 0xde, 0xe5, 0xff, 
0xac, 0xde, 0xe5, 0xff, 0xac, 0xde, 0xe5, 0xff, 0xac, 0xde, 0xe5, 0xff, 0xac, 0xde, 0xe5, 0xff, 
0xac, 0xde, 0xe5, 0xff, 0xac, 0xde, 0xe5, 0xff, 0xac, 0xde, 0xe5, 0xff, 0xac, 0xde, 0xe5, 0xff, 
0xac, 0xde, 0xe5, 0xff, 0xac, 0xde, 0xe5, 0xff, 0xac, 0xde, 0xe5, 0xff, 0xac, 0xde, 0xe5, 0xff, 
0xac, 0xde, 0xe5, 0xff, 0xac, 0xde, 0xe5, 0xff, 0xac, 0xde, 0xe5, 0xff, 0xac, 0xde, 0xe5, 0xff, 
0xac, 0xde, 0xe5, 0xff, 0xac, 0xde, 0xe5, 0xff, 0xac, 0xde, 0xe5, 0xff, 0xac, 0xde, 0xe5, 0xff, 
0xac, 0xde, 0xe5, 0xff, 0xac, 0xde, 0xe5, 0xff, 0xac, 0xde, 0xe5, 0xff, 0xac, 0xde, 0xe5, 0xff, 
0xac, 0xde, 0xe5, 0xff, 0xac, 0xde, 0xe5, 0xff, 0xac, 0xde, 0xe5, 0xff, 0xac, 0xde, 0xe5, 0xff, 
0xac, 0xde, 0xe5, 0xff, 0xac, 0xde, 0xe5, 0xff, 0xac, 0xde, 0xe5, 0xff, 0xac, 0xde, 0xe5, 0xff, 
0xac, 0xde, 0xe5, 0xff, 0xac, 0xde, 0xe5, 0xff, 0xac, 0xde, 0xe5, 0xff, 0xac, 0xde, 0xe5, 0xff, 
0xac, 0xde, 0xe5, 0xff, 0xac, 0xde, 0xe5, 0xff, 0xac, 0xde, 0xe5, 0xff, 0xac, 0xde, 0xe5, 0xff, 
0xac, 0xde, 0xe5, 0xff, 0xac, 0xde, 0xe5, 0xff, 0xac, 0xde, 0xe5, 0xff, 0xac, 0xde, 0xe5, 0xff, 
0xac, 0xde, 0xe5, 0xff, 0xac, 0xde, 0xe5, 0xff, 0xac, 0xde, 0xe5, 0xff, 0xac, 0xde, 0xe5, 0xff, 
0xac, 0xde, 0xe5, 0xff, 0xac, 0xde, 0xe5, 0xff, 0xac, 0xde, 0xe5, 0xff, 0xac, 0xde, 0xe5, 0xff, 
0xac, 0xde, 0xe5, 0xff, 0xac, 0xde, 0xe5, 0xff, 0xac, 0xde, 0xe5, 0xff, 0xac, 0xde, 0xe5, 0xff, 
0xac, 0xde, 0xe5, 0xff, 0xac, 0xde, 0xe5, 0xff, 0xac, 0xde, 0xe5, 0xff, 0xac, 0xde, 0xe5, 0xff, 
0xac, 0xde, 0xe5, 0xff, 0xac, 0xde, 0xe5, 0xff, 0xac, 0xde, 0xe5, 0xff, 0xac, 0xde, 0xe5, 0xff, 
0xac, 0xde, 0xe5, 0xff, 0xac, 0xde, 0xe5, 0xff, 0xac, 0xde, 0xe5, 0xff, 0xac, 0xde, 0xe5, 0xff, 
0xac, 0xde, 0xe5, 0xff, 0xac, 0xde, 0xe5, 0xff, 0xac, 0xde, 0xe5, 0xff, 0xac, 0xde, 0xe5, 0xff, 
0xac, 0xde, 0xe5, 0xff, 0xac, 0xde, 0xe5, 0xff, 0xac, 0xde, 0xe5, 0xff, 0xac, 0xde, 0xe5, 0xff, 
0xac, 0xde, 0xe5, 0xff, 0xac, 0xde, 0xe5, 0xff, 0xac, 0xde, 0xe5, 0xff, 0xac, 0xde, 0xe5, 0xff, 
0xac, 0xde, 0xe5, 0xff, 0xac, 0xde, 0xe5, 0xff, 0xac, 0xde, 0xe5, 0xff, 0xac, 0xde, 0xe5, 0xff, 
0xac, 0xde, 0xe5, 0xff, 0xac, 0xde, 0xe5, 0xff, 0xac, 0xde, 0xe5, 0xff, 0xac, 0xde, 0xe5, 0xff, 
0xac, 0xde, 0xe5, 0xff, 0xac, 0xde, 0xe5, 0xff, 0xac, 0xde, 0xe5, 0xff, 0xac, 0xde, 0xe5, 0xff, 
0xac, 0xde, 0xe5, 0xff, 0xac, 0xde, 0xe5, 0xff, 0xac, 0xde, 0xe5, 0xff, 0xac, 0xde, 0xe5, 0xff, 
0xac, 0xde, 0xe5, 0xff, 0xac, 0xde, 0xe5, 0xff, 0xac, 0xde, 0xe5, 0xff, 0xac, 0xde, 0xe5, 0xff, 
0xac, 0xde, 0xe5, 0xff, 0xac, 0xde, 0xe5, 0xff, 0xac, 0xde, 0xe5, 0xff, 0xac, 0xde, 0xe5, 0xff, 
0xab, 0xdd, 0xe4, 0xff, 0xab, 0xdd, 0xe4, 0xff, 0xab, 0xdd, 0xe4, 0xff, 0xab, 0xdd, 0xe4, 0xff, 
0xab, 0xdd, 0xe4, 0xff, 0xab, 0xdd, 0xe4, 0xff, 0xab, 0xdd, 0xe4, 0xff, 0xab, 0xdd, 0xe4, 0xff, 
0xab, 0xdd, 0xe4, 0xff, 0xab, 0xdd, 0xe4, 0xff, 0xab, 0xdd, 0xe4, 0xff, 0xab, 0xdd, 0xe4, 0xff, 
0xab, 0xdd, 0xe4, 0xff, 0xab, 0xdd, 0xe4, 0xff, 0xab, 0xdd, 0xe4, 0xff, 0xab, 0xdd, 0xe4, 0xff, 
0xab, 0xdd, 0xe4, 0xff, 0xab, 0xdd, 0xe4, 0xff, 0xab, 0xdd, 0xe4, 0xff, 0xab, 0xdd, 0xe4, 0xff, 
0xab, 0xdd, 0xe4, 0xff, 0xab, 0xdd, 0xe4, 0xff, 0xab, 0xdd, 0xe4, 0xff, 0xab, 0xdd, 0xe4, 0xff, 
0xab, 0xdd, 0xe4, 0xff, 0xab, 0xdd, 0xe4, 0xff, 0xab, 0xdd, 0xe4, 0xff, 0xab, 0xdd, 0xe4, 0xff, 
0xab, 0xdd, 0xe4, 0xff, 0xab, 0xdd, 0xe4, 0xff, 0xab, 0xdd, 0xe4, 0xff, 0xab, 0xdd, 0xe4, 0xff, 
0xab, 0xdd, 0xe4, 0xff, 0xab, 0xdd, 0xe4, 0xff, 0xab, 0xdd, 0xe4, 0xff, 0xab, 0xdd, 0xe4, 0xff, 
0xab, 0xdd, 0xe4, 0xff, 0xab, 0xdd, 0xe4, 0xff, 0xab, 0xdd, 0xe4, 0xff, 0xab, 0xdd, 0xe4, 0xff, 
0xab, 0xdd, 0xe4, 0xff, 0xab, 0xdd, 0xe4, 0xff, 0xab, 0xdd, 0xe4, 0xff, 0xab, 0xdd, 0xe4, 0xff, 
0xab, 0xdd, 0xe4, 0xff, 0xab, 0xdd, 0xe4, 0xff, 0xab, 0xdd, 0xe4, 0xff, 0xab, 0xdd, 0xe4, 0xff, 
0xab, 0xdd, 0xe4, 0xff, 0xab, 0xdd, 0xe4, 0xff, 0xab, 0xdd, 0xe4, 0xff, 0xab, 0xdd, 0xe4, 0xff, 
0xab, 0xdd, 0xe4, 0xff, 0xab, 0xdd, 0xe4, 0xff, 0xab, 0xdd, 0xe4, 0xff, 0xab, 0xdd, 0xe4, 0xff, 
0xab, 0xdd, 0xe4, 0xff, 0xab, 0xdd, 0xe4, 0xff, 0xab, 0xdd, 0xe4, 0xff, 0xab, 0xdd, 0xe4, 0xff, 
0xab, 0xdd, 0xe4, 0xff, 0xab, 0xdd, 0xe4, 0xff, 0xab, 0xdd, 0xe4, 0xff, 0xab, 0xdd, 0xe4, 0xff, 
0xab, 0xdd, 0xe4, 0xff, 0xab, 0xdd, 0xe4, 0xff, 0xab, 0xdd, 0xe4, 0xff, 0xab, 0xdd, 0xe4, 0xff, 
0xab, 0xdd, 0xe4, 0xff, 0xab, 0xdd, 0xe4, 0xff, 0xab, 0xdd, 0xe4, 0xff, 0xab, 0xdd, 0xe4, 0xff, 
0xab, 0xdd, 0xe4, 0xff, 0xab, 0xdd, 0xe4, 0xff, 0xab, 0xdd, 0xe4, 0xff, 0xab, 0xdd, 0xe4, 0xff, 
0xab, 0xdd, 0xe4, 0xff, 0xab, 0xdd, 0xe4, 0xff, 0xab, 0xdd, 0xe4, 0xff, 0xab, 0xdd, 0xe4, 0xff, 
0xab, 0xdd, 0xe4, 0xff, 0xab, 0xdd, 0xe4, 0xff, 0xab, 0xdd, 0xe4, 0xff, 0xab, 0xdd, 0xe4, 0xff, 
0xab, 0xdd, 0xe4, 0xff, 0xab, 0xdd, 0xe4, 0xff, 0xab, 0xdd, 0xe4, 0xff, 0xab, 0xdd, 0xe4, 0xff, 
0xab, 0xdd, 0xe4, 0xff, 0xab, 0xdd, 0xe4, 0xff, 0xab, 0xdd, 0xe4, 0xff, 0xab, 0xdd, 0xe4, 0xff, 
0xab, 0xdd, 0xe4, 0xff, 0xab, 0xdd, 0xe4, 0xff, 0xab, 0xdd, 0xe4, 0xff, 0xab, 0xdd, 0xe4, 0xff, 
0xab, 0xdd, 0xe4, 0xff, 0xab, 0xdd, 0xe4, 0xff, 0xab, 0xdd, 0xe4, 0xff, 0xab, 0xdd, 0xe4, 0xff, 
0xab, 0xdd, 0xe4, 0xff, 0xab, 0xdd, 0xe4, 0xff, 0xab, 0xdd, 0xe4, 0xff, 0xab, 0xdd, 0xe4, 0xff, 
0xab, 0xdd, 0xe4, 0xff, 0xab, 0xdd, 0xe4, 0xff, 0xab, 0xdd, 0xe4, 0xff, 0xab, 0xdd, 0xe4, 0xff, 
0xab, 0xdd, 0xe4, 0xff, 0xab, 0xdd, 0xe4, 0xff, 0xab, 0xdd, 0xe4, 0xff, 0xab, 0xdd, 0xe4, 0xff, 
0xab, 0xdd, 0xe4, 0xff, 0xab, 0xdd, 0xe4, 0xff, 0xab, 0xdd, 0xe4, 0xff, 0xab, 0xdd, 0xe4, 0xff, 
0xab, 0xdd, 0xe4, 0xff, 0xab, 0xdd, 0xe4, 0xff, 0xab, 0xdd, 0xe4, 0xff, 0xab, 0xdd, 0xe4, 0xff, 
0xab, 0xdd, 0xe4, 0xff, 0xab, 0xdd, 0xe4, 0xff, 0xab, 0xdd, 0xe4, 0xff, 0xab, 0xdd, 0xe4, 0xff, 
0xab, 0xdd, 0xe4, 0xff, 0xab, 0xdd, 0xe4, 0xff, 0xab, 0xdd, 0xe4, 0xff, 0xab, 0xdd, 0xe4, 0xff, 
0xab, 0xdd, 0xe4, 0xff, 0xab, 0xdd, 0xe4, 0xff, 0xab, 0xdd, 0xe4, 0xff, 0xab, 0xdd, 0xe4, 0xff, 
0xab, 0xdd, 0xe4, 0xff, 0xab, 0xdd, 0xe4, 0xff, 0xab, 0xdd, 0xe4, 0xff, 0xab, 0xdd, 0xe4, 0xff, 
0xab, 0xdd, 0xe4, 0xff, 0xab, 0xdd, 0xe4, 0xff, 0xab, 0xdd, 0xe4, 0xff, 0xab, 0xdd, 0xe4, 0xff, 
0xab, 0xdd, 0xe4, 0xff, 0xab, 0xdd, 0xe4, 0xff, 0xab, 0xdd, 0xe4, 0xff, 0xab, 0xdd, 0xe4, 0xff, 
0xab, 0xdd, 0xe4, 0xff, 0xab, 0xdd, 0xe4, 0xff, 0xab, 0xdd, 0xe4, 0xff, 0xab, 0xdd, 0xe4, 0xff, 
0xab, 0xdd, 0xe4, 0xff, 0xab, 0xdd, 0xe4, 0xff, 0xab, 0xdd, 0xe4, 0xff, 0xab, 0xdd, 0xe4, 0xff, 
0xab, 0xdd, 0xe4, 0xff, 0xab, 0xdd, 0xe4, 0xff, 0xab, 0xdd, 0xe4, 0xff, 0xab, 0xdd, 0xe4, 0xff, 
0xab, 0xdd, 0xe4, 0xff, 0xab, 0xdd, 0xe4, 0xff, 0xab, 0xdd, 0xe4, 0xff, 0xab, 0xdd, 0xe4, 0xff, 
0xab, 0xdd, 0xe4, 0xff, 0xab, 0xdd, 0xe4, 0xff, 0xab, 0xdd, 0xe4, 0xff, 0xab, 0xdd, 0xe4, 0xff, 
0xab, 0xdd, 0xe4, 0xff, 0xab, 0xdd, 0xe4, 0xff, 0xab, 0xdd, 0xe4, 0xff, 0xab, 0xdd, 0xe4, 0xff, 
0xab, 0xdd, 0xe4, 0xff, 0xab, 0xdd, 0xe4, 0xff, 0xab, 0xdd, 0xe4, 0xff, 0xab, 0xdd, 0xe4, 0xff, 
0xab, 0xdd, 0xe4, 0xff, 0xab, 0xdd, 0xe4, 0xff, 0xab, 0xdd, 0xe4, 0xff, 0xab, 0xdd, 0xe4, 0xff, 
0xab, 0xdd, 0xe4, 0xff, 0xab, 0xdd, 0xe4, 0xff, 0xab, 0xdd, 0xe4, 0xff, 0xab, 0xdd, 0xe4, 0xff, 
0xab, 0xdd, 0xe4, 0xff, 0xab, 0xdd, 0xe4, 0xff, 0xab, 0xdd, 0xe4, 0xff, 0xab, 0xdd, 0xe4, 0xff, 
0xab, 0xdd, 0xe4, 0xff, 0xab, 0xdd, 0xe4, 0xff, 0xab, 0xdd, 0xe4, 0xff, 0xab, 0xdd, 0xe4, 0xff, 
0xab, 0xdd, 0xe4, 0xff, 0xab, 0xdd, 0xe4, 0xff, 0xab, 0xdd, 0xe4, 0xff, 0xab, 0xdd, 0xe4, 0xff, 
0xab, 0xdd, 0xe4, 0xff, 0xab, 0xdd, 0xe4, 0xff, 0xab, 0xdd, 0xe4, 0xff, 0xab, 0xdd, 0xe4, 0xff, 
0xab, 0xdd, 0xe4, 0xff, 0xab, 0xdd, 0xe4, 0xff, 0xab, 0xdd, 0xe4, 0xff, 0xab, 0xdd, 0xe4, 0xff, 
0xab, 0xdd, 0xe4, 0xff, 0xab, 0xdd, 0xe4, 0xff, 0xab, 0xdd, 0xe4, 0xff, 0xab, 0xdd, 0xe4, 0xff, 
0xab, 0xdd, 0xe4, 0xff, 0xab, 0xdd, 0xe4, 0xff, 0xab, 0xdd, 0xe4, 0xff, 0xab, 0xdd, 0xe4, 0xff, 
0xab, 0xdd, 0xe4, 0xff, 0xab, 0xdd, 0xe4, 0xff, 0xab, 0xdd, 0xe4, 0xff, 0xab, 0xdd, 0xe4, 0xff, 
0xab, 0xdd, 0xe4, 0xff, 0xab, 0xdd, 0xe4, 0xff, 0xab, 0xdd, 0xe4, 0xff, 0xab, 0xdd, 0xe4, 0xff, 
0xab, 0xdd, 0xe4, 0xff, 0xab, 0xdd, 0xe4, 0xff, 0xab, 0xdd, 0xe4, 0xff, 0xab, 0xdd, 0xe4, 0xff, 
0xab, 0xdd, 0xe4, 0xff, 0xab, 0xdd, 0xe4, 0xff, 0xab, 0xdd, 0xe4, 0xff, 0xab, 0xdd, 0xe4, 0xff, 
0xab, 0xdd, 0xe4, 0xff, 0xab, 0xdd, 0xe4, 0xff, 0xab, 0xdd, 0xe4, 0xff, 0xab, 0xdd, 0xe4, 0xff, 
0xab, 0xdd, 0xe4, 0xff, 0xab, 0xdd, 0xe4, 0xff, 0xab, 0xdd, 0xe4, 0xff, 0xab, 0xdd, 0xe4, 0xff, 
0xab, 0xdd, 0xe4, 0xff, 0xab, 0xdd, 0xe4, 0xff, 0xab, 0xdd, 0xe4, 0xff, 0xab, 0xdd, 0xe4, 0xff, 
0xab, 0xdd, 0xe4, 0xff, 0xab, 0xdd, 0xe4, 0xff, 0xab, 0xdd, 0xe4, 0xff, 0xab, 0xdd, 0xe4, 0xff, 
0xab, 0xdd, 0xe4, 0xff, 0xab, 0xdd, 0xe4, 0xff, 0xab, 0xdd, 0xe4, 0xff, 0xab, 0xdd, 0xe4, 0xff, 
0xab, 0xdd, 0xe4, 0xff, 0xab, 0xdd, 0xe4, 0xff, 0xab, 0xdd, 0xe4, 0xff, 0xab, 0xdd, 0xe4, 0xff, 
0xab, 0xdd, 0xe4, 0xff, 0xab, 0xdd, 0xe4, 0xff, 0xab, 0xdd, 0xe4, 0xff, 0xab, 0xdd, 0xe4, 0xff, 
0xab, 0xdd, 0xe4, 0xff, 0xab, 0xdd, 0xe4, 0xff, 0xab, 0xdd, 0xe4, 0xff, 0xab, 0xdd, 0xe4, 0xff, 
0xaa, 0xdc, 0xe3, 0xff, 0xaa, 0xdc, 0xe3, 0xff, 0xaa, 0xdc, 0xe3, 0xff, 0xaa, 0xdc, 0xe3, 0xff, 
0xaa, 0xdc, 0xe3, 0xff, 0xaa, 0xdc, 0xe3, 0xff, 0xaa, 0xdc, 0xe3, 0xff, 0xaa, 0xdc, 0xe3, 0xff, 
0xaa, 0xdc, 0xe3, 0xff, 0xaa, 0xdc, 0xe3, 0xff, 0xaa, 0xdc, 0xe3, 0xff, 0xaa, 0xdc, 0xe3, 0xff, 
0xaa, 0xdc, 0xe3, 0xff, 0xaa, 0xdc, 0xe3, 0xff, 0xaa, 0xdc, 0xe3, 0xff, 0xaa, 0xdc, 0xe3, 0xff, 
0xaa, 0xdc, 0xe3, 0xff, 0xaa, 0xdc, 0xe3, 0xff, 0xaa, 0xdc, 0xe3, 0xff, 0xaa, 0xdc, 0xe3, 0xff, 
0xaa, 0xdc, 0xe3, 0xff, 0xaa, 0xdc, 0xe3, 0xff, 0xaa, 0xdc, 0xe3, 0xff, 0xaa, 0xdc, 0xe3, 0xff, 
0xaa, 0xdc, 0xe3, 0xff, 0xaa, 0xdc, 0xe3, 0xff, 0xaa, 0xdc, 0xe3, 0xff, 0xaa, 0xdc, 0xe3, 0xff, 
0xaa, 0xdc, 0xe3, 0xff, 0xaa, 0xdc, 0xe3, 0xff, 0xaa, 0xdc, 0xe3, 0xff, 0xaa, 0xdc, 0xe3, 0xff, 
0xaa, 0xdc, 0xe3, 0xff, 0xaa, 0xdc, 0xe3, 0xff, 0xaa, 0xdc, 0xe3, 0xff, 0xaa, 0xdc, 0xe3, 0xff, 
0xaa, 0xdc, 0xe3, 0xff, 0xaa, 0xdc, 0xe3, 0xff, 0xaa, 0xdc, 0xe3, 0xff, 0xaa, 0xdc, 0xe3, 0xff, 
0xaa, 0xdc, 0xe3, 0xff, 0xaa, 0xdc, 0xe3, 0xff, 0xaa, 0xdc, 0xe3, 0xff, 0xaa, 0xdc, 0xe3, 0xff, 
0xaa, 0xdc, 0xe3, 0xff, 0xaa, 0xdc, 0xe3, 0xff, 0xaa, 0xdc, 0xe3, 0xff, 0xaa, 0xdc, 0xe3, 0xff, 
0xaa, 0xdc, 0xe3, 0xff, 0xaa, 0xdc, 0xe3, 0xff, 0xaa, 0xdc, 0xe3, 0xff, 0xaa, 0xdc, 0xe3, 0xff, 
0xaa, 0xdc, 0xe3, 0xff, 0xaa, 0xdc, 0xe3, 0xff, 0xaa, 0xdc, 0xe3, 0xff, 0xaa, 0xdc, 0xe3, 0xff, 
0xaa, 0xdc, 0xe3, 0xff, 0xaa, 0xdc, 0xe3, 0xff, 0xaa, 0xdc, 0xe3, 0xff, 0xaa, 0xdc, 0xe3, 0xff, 
0xaa, 0xdc, 0xe3, 0xff, 0xaa, 0xdc, 0xe3, 0xff, 0xaa, 0xdc, 0xe3, 0xff, 0xaa, 0xdc, 0xe3, 0xff, 
0xaa, 0xdc, 0xe3, 0xff, 0xaa, 0xdc, 0xe3, 0xff, 0xaa, 0xdc, 0xe3, 0xff, 0xaa, 0xdc, 0xe3, 0xff, 
0xaa, 0xdc, 0xe3, 0xff, 0xaa, 0xdc, 0xe3, 0xff, 0xaa, 0xdc, 0xe3, 0xff, 0xaa, 0xdc, 0xe3, 0xff, 
0xaa, 0xdc, 0xe3, 0xff, 0xaa, 0xdc, 0xe3, 0xff, 0xaa, 0xdc, 0xe3, 0xff, 0xaa, 0xdc, 0xe3, 0xff, 
0xaa, 0xdc, 0xe3, 0xff, 0xaa, 0xdc, 0xe3, 0xff, 0xaa, 0xdc, 0xe3, 0xff, 0xaa, 0xdc, 0xe3, 0xff, 
0xaa, 0xdc, 0xe3, 0xff, 0xaa, 0xdc, 0xe3, 0xff, 0xaa, 0xdc, 0xe3, 0xff, 0xaa, 0xdc, 0xe3, 0xff, 
0xaa, 0xdc, 0xe3, 0xff, 0xaa, 0xdc, 0xe3, 0xff, 0xaa, 0xdc, 0xe3, 0xff, 0xaa, 0xdc, 0xe3, 0xff, 
0xaa, 0xdc, 0xe3, 0xff, 0xaa, 0xdc, 0xe3, 0xff, 0xaa, 0xdc, 0xe3, 0xff, 0xaa, 0xdc, 0xe3, 0xff, 
0xaa, 0xdc, 0xe3, 0xff, 0xaa, 0xdc, 0xe3, 0xff, 0xaa, 0xdc, 0xe3, 0xff, 0xaa, 0xdc, 0xe3, 0xff, 
0xaa, 0xdc, 0xe3, 0xff, 0xaa, 0xdc, 0xe3, 0xff, 0xaa, 0xdc, 0xe3, 0xff, 0xaa, 0xdc, 0xe3, 0xff, 
0xaa, 0xdc, 0xe3, 0xff, 0xaa, 0xdc, 0xe3, 0xff, 0xaa, 0xdc, 0xe3, 0xff, 0xaa, 0xdc, 0xe3, 0xff, 
0xaa, 0xdc, 0xe3, 0xff, 0xaa, 0xdc, 0xe3, 0xff, 0xaa, 0xdc, 0xe3, 0xff, 0xaa, 0xdc, 0xe3, 0xff, 
0xaa, 0xdc, 0xe3, 0xff, 0xaa, 0xdc, 0xe3, 0xff, 0xaa, 0xdc, 0xe3, 0xff, 0xaa, 0xdc, 0xe3, 0xff, 
0xaa, 0xdc, 0xe3, 0xff, 0xaa, 0xdc, 0xe3, 0xff, 0xaa, 0xdc, 0xe3, 0xff, 0xaa, 0xdc, 0xe3, 0xff, 
0xaa, 0xdc, 0xe3, 0xff, 0xaa, 0xdc, 0xe3, 0xff, 0xaa, 0xdc, 0xe3, 0xff, 0xaa, 0xdc, 0xe3, 0xff, 
0xaa, 0xdc, 0xe3, 0xff, 0xaa, 0xdc, 0xe3, 0xff, 0xaa, 0xdc, 0xe3, 0xff, 0xaa, 0xdc, 0xe3, 0xff, 
0xaa, 0xdc, 0xe3, 0xff, 0xaa, 0xdc, 0xe3, 0xff, 0xaa, 0xdc, 0xe3, 0xff, 0xaa, 0xdc, 0xe3, 0xff, 
0xaa, 0xdc, 0xe3, 0xff, 0xaa, 0xdc, 0xe3, 0xff, 0xaa, 0xdc, 0xe3, 0xff, 0xaa, 0xdc, 0xe3, 0xff, 
0xaa, 0xdc, 0xe3, 0xff, 0xaa, 0xdc, 0xe3, 0xff, 0xaa, 0xdc, 0xe3, 0xff, 0xaa, 0xdc, 0xe3, 0xff, 
0xaa, 0xdc, 0xe3, 0xff, 0xaa, 0xdc, 0xe3, 0xff, 0xaa, 0xdc, 0xe3, 0xff, 0xaa, 0xdc, 0xe3, 0xff, 
0xaa, 0xdc, 0xe3, 0xff, 0xaa, 0xdc, 0xe3, 0xff, 0xaa, 0xdc, 0xe3, 0xff, 0xaa, 0xdc, 0xe3, 0xff, 
0xaa, 0xdc, 0xe3, 0xff, 0xaa, 0xdc, 0xe3, 0xff, 0xaa, 0xdc, 0xe3, 0xff, 0xaa, 0xdc, 0xe3, 0xff, 
0xaa, 0xdc, 0xe3, 0xff, 0xaa, 0xdc, 0xe3, 0xff, 0xaa, 0xdc, 0xe3, 0xff, 0xaa, 0xdc, 0xe3, 0xff, 
0xaa, 0xdc, 0xe3, 0xff, 0xaa, 0xdc, 0xe3, 0xff, 0xaa, 0xdc, 0xe3, 0xff, 0xaa, 0xdc, 0xe3, 0xff, 
0xaa, 0xdc, 0xe3, 0xff, 0xaa, 0xdc, 0xe3, 0xff, 0xaa, 0xdc, 0xe3, 0xff, 0xaa, 0xdc, 0xe3, 0xff, 
0xaa, 0xdc, 0xe3, 0xff, 0xaa, 0xdc, 0xe3, 0xff, 0xaa, 0xdc, 0xe3, 0xff, 0xaa, 0xdc, 0xe3, 0xff, 
0xaa, 0xdc, 0xe3, 0xff, 0xaa, 0xdc, 0xe3, 0xff, 0xaa, 0xdc, 0xe3, 0xff, 0xaa, 0xdc, 0xe3, 0xff, 
0xaa, 0xdc, 0xe3, 0xff, 0xaa, 0xdc, 0xe3, 0xff, 0xaa, 0xdc, 0xe3, 0xff, 0xaa, 0xdc, 0xe3, 0xff, 
0xaa, 0xdc, 0xe3, 0xff, 0xaa, 0xdc, 0xe3, 0xff, 0xaa, 0xdc, 0xe3, 0xff, 0xaa, 0xdc, 0xe3, 0xff, 
0xaa, 0xdc, 0xe3, 0xff, 0xaa, 0xdc, 0xe3, 0xff, 0xaa, 0xdc, 0xe3, 0xff, 0xaa, 0xdc, 0xe3, 0xff, 
0xaa, 0xdc, 0xe3, 0xff, 0xaa, 0xdc, 0xe3, 0xff, 0xaa, 0xdc, 0xe3, 0xff, 0xaa, 0xdc, 0xe3, 0xff, 
0xaa, 0xdc, 0xe3, 0xff, 0xaa, 0xdc, 0xe3, 0xff, 0xaa, 0xdc, 0xe3, 0xff, 0xaa, 0xdc, 0xe3, 0xff, 
0xaa, 0xdc, 0xe3, 0xff, 0xaa, 0xdc, 0xe3, 0xff, 0xaa, 0xdc, 0xe3, 0xff, 0xaa, 0xdc, 0xe3, 0xff, 
0xaa, 0xdc, 0xe3, 0xff, 0xaa, 0xdc, 0xe3, 0xff, 0xaa, 0xdc, 0xe3, 0xff, 0xaa, 0xdc, 0xe3, 0xff, 
0xaa, 0xdc, 0xe3, 0xff, 0xaa, 0xdc, 0xe3, 0xff, 0xaa, 0xdc, 0xe3, 0xff, 0xaa, 0xdc, 0xe3, 0xff, 
0xaa, 0xdc, 0xe3, 0xff, 0xaa, 0xdc, 0xe3, 0xff, 0xaa, 0xdc, 0xe3, 0xff, 0xaa, 0xdc, 0xe3, 0xff, 
0xaa, 0xdc, 0xe3, 0xff, 0xaa, 0xdc, 0xe3, 0xff, 0xaa, 0xdc, 0xe3, 0xff, 0xaa, 0xdc, 0xe3, 0xff, 
0xaa, 0xdc, 0xe3, 0xff, 0xaa, 0xdc, 0xe3, 0xff, 0xaa, 0xdc, 0xe3, 0xff, 0xaa, 0xdc, 0xe3, 0xff, 
0xaa, 0xdc, 0xe3, 0xff, 0xaa, 0xdc, 0xe3, 0xff, 0xaa, 0xdc, 0xe3, 0xff, 0xaa, 0xdc, 0xe3, 0xff, 
0xaa, 0xdc, 0xe3, 0xff, 0xaa, 0xdc, 0xe3, 0xff, 0xaa, 0xdc, 0xe3, 0xff, 0xaa, 0xdc, 0xe3, 0xff, 
0xaa, 0xdc, 0xe3, 0xff, 0xaa, 0xdc, 0xe3, 0xff, 0xaa, 0xdc, 0xe3, 0xff, 0xaa, 0xdc, 0xe3, 0xff, 
0xaa, 0xdc, 0xe3, 0xff, 0xaa, 0xdc, 0xe3, 0xff, 0xaa, 0xdc, 0xe3, 0xff, 0xaa, 0xdc, 0xe3, 0xff, 
0xaa, 0xdc, 0xe3, 0xff, 0xaa, 0xdc, 0xe3, 0xff, 0xaa, 0xdc, 0xe3, 0xff, 0xaa, 0xdc, 0xe3, 0xff, 
0xaa, 0xdc, 0xe3, 0xff, 0xaa, 0xdc, 0xe3, 0xff, 0xaa, 0xdc, 0xe3, 0xff, 0xaa, 0xdc, 0xe3, 0xff, 
0xaa, 0xdc, 0xe3, 0xff, 0xaa, 0xdc, 0xe3, 0xff, 0xaa, 0xdc, 0xe3, 0xff, 0xaa, 0xdc, 0xe3, 0xff, 
0xaa, 0xdc, 0xe3, 0xff, 0xaa, 0xdc, 0xe3, 0xff, 0xaa, 0xdc, 0xe3, 0xff, 0xaa, 0xdc, 0xe3, 0xff, 
0xaa, 0xdc, 0xe3, 0xff, 0xaa, 0xdc, 0xe3, 0xff, 0xaa, 0xdc, 0xe3, 0xff, 0xaa, 0xdc, 0xe3, 0xff, 
0xaa, 0xdc, 0xe3, 0xff, 0xaa, 0xdc, 0xe3, 0xff, 0xaa, 0xdc, 0xe3, 0xff, 0xaa, 0xdc, 0xe3, 0xff, 
0xaa, 0xdc, 0xe3, 0xff, 0xaa, 0xdc, 0xe3, 0xff, 0xaa, 0xdc, 0xe3, 0xff, 0xaa, 0xdc, 0xe3, 0xff, 
0xab, 0xdc, 0xe3, 0xff, 0xab, 0xdc, 0xe3, 0xff, 0xab, 0xdc, 0xe3, 0xff, 0xab, 0xdc, 0xe3, 0xff, 
0xab, 0xdc, 0xe3, 0xff, 0xab, 0xdc, 0xe3, 0xff, 0xab, 0xdc, 0xe3, 0xff, 0xab, 0xdc, 0xe3, 0xff, 
0xab, 0xdc, 0xe3, 0xff, 0xab, 0xdc, 0xe3, 0xff, 0xab, 0xdc, 0xe3, 0xff, 0xab, 0xdc, 0xe3, 0xff, 
0xab, 0xdc, 0xe3, 0xff, 0xab, 0xdc, 0xe3, 0xff, 0xab, 0xdc, 0xe3, 0xff, 0xab, 0xdc, 0xe3, 0xff, 
0xab, 0xdc, 0xe3, 0xff, 0xab, 0xdc, 0xe3, 0xff, 0xab, 0xdc, 0xe3, 0xff, 0xab, 0xdc, 0xe3, 0xff, 
0xab, 0xdc, 0xe3, 0xff, 0xab, 0xdc, 0xe3, 0xff, 0xab, 0xdc, 0xe3, 0xff, 0xab, 0xdc, 0xe3, 0xff, 
0xab, 0xdc, 0xe3, 0xff, 0xab, 0xdc, 0xe3, 0xff, 0xab, 0xdc, 0xe3, 0xff, 0xab, 0xdc, 0xe3, 0xff, 
0xab, 0xdc, 0xe3, 0xff, 0xab, 0xdc, 0xe3, 0xff, 0xab, 0xdc, 0xe3, 0xff, 0xab, 0xdc, 0xe3, 0xff, 
0xab, 0xdc, 0xe3, 0xff, 0xab, 0xdc, 0xe3, 0xff, 0xab, 0xdc, 0xe3, 0xff, 0xab, 0xdc, 0xe3, 0xff, 
0xab, 0xdc, 0xe3, 0xff, 0xab, 0xdc, 0xe3, 0xff, 0xab, 0xdc, 0xe3, 0xff, 0xab, 0xdc, 0xe3, 0xff, 
0xab, 0xdc, 0xe3, 0xff, 0xab, 0xdc, 0xe3, 0xff, 0xab, 0xdc, 0xe3, 0xff, 0xab, 0xdc, 0xe3, 0xff, 
0xab, 0xdc, 0xe3, 0xff, 0xab, 0xdc, 0xe3, 0xff, 0xab, 0xdc, 0xe3, 0xff, 0xab, 0xdc, 0xe3, 0xff, 
0xab, 0xdc, 0xe3, 0xff, 0xab, 0xdc, 0xe3, 0xff, 0xab, 0xdc, 0xe3, 0xff, 0xab, 0xdc, 0xe3, 0xff, 
0xab, 0xdc, 0xe3, 0xff, 0xab, 0xdc, 0xe3, 0xff, 0xab, 0xdc, 0xe3, 0xff, 0xab, 0xdc, 0xe3, 0xff, 
0xab, 0xdc, 0xe3, 0xff, 0xab, 0xdc, 0xe3, 0xff, 0xab, 0xdc, 0xe3, 0xff, 0xab, 0xdc, 0xe3, 0xff, 
0xab, 0xdc, 0xe3, 0xff, 0xab, 0xdc, 0xe3, 0xff, 0xab, 0xdc, 0xe3, 0xff, 0xab, 0xdc, 0xe3, 0xff, 
0xab, 0xdc, 0xe3, 0xff, 0xab, 0xdc, 0xe3, 0xff, 0xab, 0xdc, 0xe3, 0xff, 0xab, 0xdc, 0xe3, 0xff, 
0xab, 0xdc, 0xe3, 0xff, 0xab, 0xdc, 0xe3, 0xff, 0xab, 0xdc, 0xe3, 0xff, 0xab, 0xdc, 0xe3, 0xff, 
0xab, 0xdc, 0xe3, 0xff, 0xab, 0xdc, 0xe3, 0xff, 0xab, 0xdc, 0xe3, 0xff, 0xab, 0xdc, 0xe3, 0xff, 
0xab, 0xdc, 0xe3, 0xff, 0xab, 0xdc, 0xe3, 0xff, 0xab, 0xdc, 0xe3, 0xff, 0xab, 0xdc, 0xe3, 0xff, 
0xab, 0xdc, 0xe3, 0xff, 0xab, 0xdc, 0xe3, 0xff, 0xab, 0xdc, 0xe3, 0xff, 0xab, 0xdc, 0xe3, 0xff, 
0xab, 0xdc, 0xe3, 0xff, 0xab, 0xdc, 0xe3, 0xff, 0xab, 0xdc, 0xe3, 0xff, 0xab, 0xdc, 0xe3, 0xff, 
0xab, 0xdc, 0xe3, 0xff, 0xab, 0xdc, 0xe3, 0xff, 0xab, 0xdc, 0xe3, 0xff, 0xab, 0xdc, 0xe3, 0xff, 
0xab, 0xdc, 0xe3, 0xff, 0xab, 0xdc, 0xe3, 0xff, 0xab, 0xdc, 0xe3, 0xff, 0xab, 0xdc, 0xe3, 0xff, 
0xab, 0xdc, 0xe3, 0xff, 0xab, 0xdc, 0xe3, 0xff, 0xab, 0xdc, 0xe3, 0xff, 0xab, 0xdc, 0xe3, 0xff, 
0xab, 0xdc, 0xe3, 0xff, 0xab, 0xdc, 0xe3, 0xff, 0xab, 0xdc, 0xe3, 0xff, 0xab, 0xdc, 0xe3, 0xff, 
0xab, 0xdc, 0xe3, 0xff, 0xab, 0xdc, 0xe3, 0xff, 0xab, 0xdc, 0xe3, 0xff, 0xab, 0xdc, 0xe3, 0xff, 
0xab, 0xdc, 0xe3, 0xff, 0xab, 0xdc, 0xe3, 0xff, 0xab, 0xdc, 0xe3, 0xff, 0xab, 0xdc, 0xe3, 0xff, 
0xab, 0xdc, 0xe3, 0xff, 0xab, 0xdc, 0xe3, 0xff, 0xab, 0xdc, 0xe3, 0xff, 0xab, 0xdc, 0xe3, 0xff, 
0xab, 0xdc, 0xe3, 0xff, 0xab, 0xdc, 0xe3, 0xff, 0xab, 0xdc, 0xe3, 0xff, 0xab, 0xdc, 0xe3, 0xff, 
0xab, 0xdc, 0xe3, 0xff, 0xab, 0xdc, 0xe3, 0xff, 0xab, 0xdc, 0xe3, 0xff, 0xab, 0xdc, 0xe3, 0xff, 
0xab, 0xdc, 0xe3, 0xff, 0xab, 0xdc, 0xe3, 0xff, 0xab, 0xdc, 0xe3, 0xff, 0xab, 0xdc, 0xe3, 0xff, 
0xab, 0xdc, 0xe3, 0xff, 0xab, 0xdc, 0xe3, 0xff, 0xab, 0xdc, 0xe3, 0xff, 0xab, 0xdc, 0xe3, 0xff, 
0xab, 0xdc, 0xe3, 0xff, 0xab, 0xdc, 0xe3, 0xff, 0xab, 0xdc, 0xe3, 0xff, 0xab, 0xdc, 0xe3, 0xff, 
0xab, 0xdc, 0xe3, 0xff, 0xab, 0xdc, 0xe3, 0xff, 0xab, 0xdc, 0xe3, 0xff, 0xab, 0xdc, 0xe3, 0xff, 
0xab, 0xdc, 0xe3, 0xff, 0xab, 0xdc, 0xe3, 0xff, 0xab, 0xdc, 0xe3, 0xff, 0xab, 0xdc, 0xe3, 0xff, 
0xab, 0xdc, 0xe3, 0xff, 0xab, 0xdc, 0xe3, 0xff, 0xab, 0xdc, 0xe3, 0xff, 0xab, 0xdc, 0xe3, 0xff, 
0xab, 0xdc, 0xe3, 0xff, 0xab, 0xdc, 0xe3, 0xff, 0xab, 0xdc, 0xe3, 0xff, 0xab, 0xdc, 0xe3, 0xff, 
0xab, 0xdc, 0xe3, 0xff, 0xab, 0xdc, 0xe3, 0xff, 0xab, 0xdc, 0xe3, 0xff, 0xab, 0xdc, 0xe3, 0xff, 
0xab, 0xdc, 0xe3, 0xff, 0xab, 0xdc, 0xe3, 0xff, 0xab, 0xdc, 0xe3, 0xff, 0xab, 0xdc, 0xe3, 0xff, 
0xab, 0xdc, 0xe3, 0xff, 0xab, 0xdc, 0xe3, 0xff, 0xab, 0xdc, 0xe3, 0xff, 0xab, 0xdc, 0xe3, 0xff, 
0xab, 0xdc, 0xe3, 0xff, 0xab, 0xdc, 0xe3, 0xff, 0xab, 0xdc, 0xe3, 0xff, 0xab, 0xdc, 0xe3, 0xff, 
0xab, 0xdc, 0xe3, 0xff, 0xab, 0xdc, 0xe3, 0xff, 0xab, 0xdc, 0xe3, 0xff, 0xab, 0xdc, 0xe3, 0xff, 
0xab, 0xdc, 0xe3, 0xff, 0xab, 0xdc, 0xe3, 0xff, 0xab, 0xdc, 0xe3, 0xff, 0xab, 0xdc, 0xe3, 0xff, 
0xab, 0xdc, 0xe3, 0xff, 0xab, 0xdc, 0xe3, 0xff, 0xab, 0xdc, 0xe3, 0xff, 0xab, 0xdc, 0xe3, 0xff, 
0xab, 0xdc, 0xe3, 0xff, 0xab, 0xdc, 0xe3, 0xff, 0xab, 0xdc, 0xe3, 0xff, 0xab, 0xdc, 0xe3, 0xff, 
0xab, 0xdc, 0xe3, 0xff, 0xab, 0xdc, 0xe3, 0xff, 0xab, 0xdc, 0xe3, 0xff, 0xab, 0xdc, 0xe3, 0xff, 
0xab, 0xdc, 0xe3, 0xff, 0xab, 0xdc, 0xe3, 0xff, 0xab, 0xdc, 0xe3, 0xff, 0xab, 0xdc, 0xe3, 0xff, 
0xab, 0xdc, 0xe3, 0xff, 0xab, 0xdc, 0xe3, 0xff, 0xab, 0xdc, 0xe3, 0xff, 0xab, 0xdc, 0xe3, 0xff, 
0xab, 0xdc, 0xe3, 0xff, 0xab, 0xdc, 0xe3, 0xff, 0xab, 0xdc, 0xe3, 0xff, 0xab, 0xdc, 0xe3, 0xff, 
0xab, 0xdc, 0xe3, 0xff, 0xab, 0xdc, 0xe3, 0xff, 0xab, 0xdc, 0xe3, 0xff, 0xab, 0xdc, 0xe3, 0xff, 
0xab, 0xdc, 0xe3, 0xff, 0xab, 0xdc, 0xe3, 0xff, 0xab, 0xdc, 0xe3, 0xff, 0xab, 0xdc, 0xe3, 0xff, 
0xab, 0xdc, 0xe3, 0xff, 0xab, 0xdc, 0xe3, 0xff, 0xab, 0xdc, 0xe3, 0xff, 0xab, 0xdc, 0xe3, 0xff, 
0xab, 0xdc, 0xe3, 0xff, 0xab, 0xdc, 0xe3, 0xff, 0xab, 0xdc, 0xe3, 0xff, 0xab, 0xdc, 0xe3, 0xff, 
0xab, 0xdc, 0xe3, 0xff, 0xab, 0xdc, 0xe3, 0xff, 0xab, 0xdc, 0xe3, 0xff, 0xab, 0xdc, 0xe3, 0xff, 
0xab, 0xdc, 0xe3, 0xff, 0xab, 0xdc, 0xe3, 0xff, 0xab, 0xdc, 0xe3, 0xff, 0xab, 0xdc, 0xe3, 0xff, 
0xab, 0xdc, 0xe3, 0xff, 0xab, 0xdc, 0xe3, 0xff, 0xab, 0xdc, 0xe3, 0xff, 0xab, 0xdc, 0xe3, 0xff, 
0xab, 0xdc, 0xe3, 0xff, 0xab, 0xdc, 0xe3, 0xff, 0xab, 0xdc, 0xe3, 0xff, 0xab, 0xdc, 0xe3, 0xff, 
0xab, 0xdc, 0xe3, 0xff, 0xab, 0xdc, 0xe3, 0xff, 0xab, 0xdc, 0xe3, 0xff, 0xab, 0xdc, 0xe3, 0xff, 
0xab, 0xdc, 0xe3, 0xff, 0xab, 0xdc, 0xe3, 0xff, 0xab, 0xdc, 0xe3, 0xff, 0xab, 0xdc, 0xe3, 0xff, 
0xab, 0xdc, 0xe3, 0xff, 0xab, 0xdc, 0xe3, 0xff, 0xab, 0xdc, 0xe3, 0xff, 0xab, 0xdc, 0xe3, 0xff, 
0xab, 0xdc, 0xe3, 0xff, 0xab, 0xdc, 0xe3, 0xff, 0xab, 0xdc, 0xe3, 0xff, 0xab, 0xdc, 0xe3, 0xff, 
0xab, 0xdc, 0xe3, 0xff, 0xab, 0xdc, 0xe3, 0xff, 0xab, 0xdc, 0xe3, 0xff, 0xab, 0xdc, 0xe3, 0xff, 
0xab, 0xdc, 0xe3, 0xff, 0xab, 0xdc, 0xe3, 0xff, 0xab, 0xdc, 0xe3, 0xff, 0xab, 0xdc, 0xe3, 0xff, 
0xaa, 0xdc, 0xe3, 0xff, 0xaa, 0xdc, 0xe3, 0xff, 0xaa, 0xdc, 0xe3, 0xff, 0xaa, 0xdc, 0xe3, 0xff, 
0xaa, 0xdc, 0xe3, 0xff, 0xaa, 0xdc, 0xe3, 0xff, 0xaa, 0xdc, 0xe3, 0xff, 0xaa, 0xdc, 0xe3, 0xff, 
0xaa, 0xdc, 0xe3, 0xff, 0xaa, 0xdc, 0xe3, 0xff, 0xaa, 0xdc, 0xe3, 0xff, 0xaa, 0xdc, 0xe3, 0xff, 
0xaa, 0xdc, 0xe3, 0xff, 0xaa, 0xdc, 0xe3, 0xff, 0xaa, 0xdc, 0xe3, 0xff, 0xaa, 0xdc, 0xe3, 0xff, 
0xaa, 0xdc, 0xe3, 0xff, 0xaa, 0xdc, 0xe3, 0xff, 0xaa, 0xdc, 0xe3, 0xff, 0xaa, 0xdc, 0xe3, 0xff, 
0xaa, 0xdc, 0xe3, 0xff, 0xaa, 0xdc, 0xe3, 0xff, 0xaa, 0xdc, 0xe3, 0xff, 0xaa, 0xdc, 0xe3, 0xff, 
0xaa, 0xdc, 0xe3, 0xff, 0xaa, 0xdc, 0xe3, 0xff, 0xaa, 0xdc, 0xe3, 0xff, 0xaa, 0xdc, 0xe3, 0xff, 
0xaa, 0xdc, 0xe3, 0xff, 0xaa, 0xdc, 0xe3, 0xff, 0xaa, 0xdc, 0xe3, 0xff, 0xaa, 0xdc, 0xe3, 0xff, 
0xaa, 0xdc, 0xe3, 0xff, 0xaa, 0xdc, 0xe3, 0xff, 0xaa, 0xdc, 0xe3, 0xff, 0xaa, 0xdc, 0xe3, 0xff, 
0xaa, 0xdc, 0xe3, 0xff, 0xaa, 0xdc, 0xe3, 0xff, 0xaa, 0xdc, 0xe3, 0xff, 0xaa, 0xdc, 0xe3, 0xff, 
0xaa, 0xdc, 0xe3, 0xff, 0xaa, 0xdc, 0xe3, 0xff, 0xaa, 0xdc, 0xe3, 0xff, 0xaa, 0xdc, 0xe3, 0xff, 
0xaa, 0xdc, 0xe3, 0xff, 0xaa, 0xdc, 0xe3, 0xff, 0xaa, 0xdc, 0xe3, 0xff, 0xaa, 0xdc, 0xe3, 0xff, 
0xaa, 0xdc, 0xe3, 0xff, 0xaa, 0xdc, 0xe3, 0xff, 0xaa, 0xdc, 0xe3, 0xff, 0xaa, 0xdc, 0xe3, 0xff, 
0xaa, 0xdc, 0xe3, 0xff, 0xaa, 0xdc, 0xe3, 0xff, 0xaa, 0xdc, 0xe3, 0xff, 0xaa, 0xdc, 0xe3, 0xff, 
0xaa, 0xdc, 0xe3, 0xff, 0xaa, 0xdc, 0xe3, 0xff, 0xaa, 0xdc, 0xe3, 0xff, 0xaa, 0xdc, 0xe3, 0xff, 
0xaa, 0xdc, 0xe3, 0xff, 0xaa, 0xdc, 0xe3, 0xff, 0xaa, 0xdc, 0xe3, 0xff, 0xaa, 0xdc, 0xe3, 0xff, 
0xaa, 0xdc, 0xe3, 0xff, 0xaa, 0xdc, 0xe3, 0xff, 0xaa, 0xdc, 0xe3, 0xff, 0xaa, 0xdc, 0xe3, 0xff, 
0xaa, 0xdc, 0xe3, 0xff, 0xaa, 0xdc, 0xe3, 0xff, 0xaa, 0xdc, 0xe3, 0xff, 0xaa, 0xdc, 0xe3, 0xff, 
0xaa, 0xdc, 0xe3, 0xff, 0xaa, 0xdc, 0xe3, 0xff, 0xaa, 0xdc, 0xe3, 0xff, 0xaa, 0xdc, 0xe3, 0xff, 
0xaa, 0xdc, 0xe3, 0xff, 0xaa, 0xdc, 0xe3, 0xff, 0xaa, 0xdc, 0xe3, 0xff, 0xaa, 0xdc, 0xe3, 0xff, 
0xaa, 0xdc, 0xe3, 0xff, 0xaa, 0xdc, 0xe3, 0xff, 0xaa, 0xdc, 0xe3, 0xff, 0xaa, 0xdc, 0xe3, 0xff, 
0xaa, 0xdc, 0xe3, 0xff, 0xaa, 0xdc, 0xe3, 0xff, 0xaa, 0xdc, 0xe3, 0xff, 0xaa, 0xdc, 0xe3, 0xff, 
0xaa, 0xdc, 0xe3, 0xff, 0xaa, 0xdc, 0xe3, 0xff, 0xaa, 0xdc, 0xe3, 0xff, 0xaa, 0xdc, 0xe3, 0xff, 
0xaa, 0xdc, 0xe3, 0xff, 0xaa, 0xdc, 0xe3, 0xff, 0xaa, 0xdc, 0xe3, 0xff, 0xaa, 0xdc, 0xe3, 0xff, 
0xaa, 0xdc, 0xe3, 0xff, 0xaa, 0xdc, 0xe3, 0xff, 0xaa, 0xdc, 0xe3, 0xff, 0xaa, 0xdc, 0xe3, 0xff, 
0xaa, 0xdc, 0xe3, 0xff, 0xaa, 0xdc, 0xe3, 0xff, 0xaa, 0xdc, 0xe3, 0xff, 0xaa, 0xdc, 0xe3, 0xff, 
0xaa, 0xdc, 0xe3, 0xff, 0xaa, 0xdc, 0xe3, 0xff, 0xaa, 0xdc, 0xe3, 0xff, 0xaa, 0xdc, 0xe3, 0xff, 
0xaa, 0xdc, 0xe3, 0xff, 0xaa, 0xdc, 0xe3, 0xff, 0xaa, 0xdc, 0xe3, 0xff, 0xaa, 0xdc, 0xe3, 0xff, 
0xaa, 0xdc, 0xe3, 0xff, 0xaa, 0xdc, 0xe3, 0xff, 0xaa, 0xdc, 0xe3, 0xff, 0xaa, 0xdc, 0xe3, 0xff, 
0xaa, 0xdc, 0xe3, 0xff, 0xaa, 0xdc, 0xe3, 0xff, 0xaa, 0xdc, 0xe3, 0xff, 0xaa, 0xdc, 0xe3, 0xff, 
0xaa, 0xdc, 0xe3, 0xff, 0xaa, 0xdc, 0xe3, 0xff, 0xaa, 0xdc, 0xe3, 0xff, 0xaa, 0xdc, 0xe3, 0xff, 
0xaa, 0xdc, 0xe3, 0xff, 0xaa, 0xdc, 0xe3, 0xff, 0xaa, 0xdc, 0xe3, 0xff, 0xaa, 0xdc, 0xe3, 0xff, 
0xaa, 0xdc, 0xe3, 0xff, 0xaa, 0xdc, 0xe3, 0xff, 0xaa, 0xdc, 0xe3, 0xff, 0xaa, 0xdc, 0xe3, 0xff, 
0xaa, 0xdc, 0xe3, 0xff, 0xaa, 0xdc, 0xe3, 0xff, 0xaa, 0xdc, 0xe3, 0xff, 0xaa, 0xdc, 0xe3, 0xff, 
0xaa, 0xdc, 0xe3, 0xff, 0xaa, 0xdc, 0xe3, 0xff, 0xaa, 0xdc, 0xe3, 0xff, 0xaa, 0xdc, 0xe3, 0xff, 
0xaa, 0xdc, 0xe3, 0xff, 0xaa, 0xdc, 0xe3, 0xff, 0xaa, 0xdc, 0xe3, 0xff, 0xaa, 0xdc, 0xe3, 0xff, 
0xaa, 0xdc, 0xe3, 0xff, 0xaa, 0xdc, 0xe3, 0xff, 0xaa, 0xdc, 0xe3, 0xff, 0xaa, 0xdc, 0xe3, 0xff, 
0xaa, 0xdc, 0xe3, 0xff, 0xaa, 0xdc, 0xe3, 0xff, 0xaa, 0xdc, 0xe3, 0xff, 0xaa, 0xdc, 0xe3, 0xff, 
0xaa, 0xdc, 0xe3, 0xff, 0xaa, 0xdc, 0xe3, 0xff, 0xaa, 0xdc, 0xe3, 0xff, 0xaa, 0xdc, 0xe3, 0xff, 
0xaa, 0xdc, 0xe3, 0xff, 0xaa, 0xdc, 0xe3, 0xff, 0xaa, 0xdc, 0xe3, 0xff, 0xaa, 0xdc, 0xe3, 0xff, 
0xaa, 0xdc, 0xe3, 0xff, 0xaa, 0xdc, 0xe3, 0xff, 0xaa, 0xdc, 0xe3, 0xff, 0xaa, 0xdc, 0xe3, 0xff, 
0xaa, 0xdc, 0xe3, 0xff, 0xaa, 0xdc, 0xe3, 0xff, 0xaa, 0xdc, 0xe3, 0xff, 0xaa, 0xdc, 0xe3, 0xff, 
0xaa, 0xdc, 0xe3, 0xff, 0xaa, 0xdc, 0xe3, 0xff, 0xaa, 0xdc, 0xe3, 0xff, 0xaa, 0xdc, 0xe3, 0xff, 
0xaa, 0xdc, 0xe3, 0xff, 0xaa, 0xdc, 0xe3, 0xff, 0xaa, 0xdc, 0xe3, 0xff, 0xaa, 0xdc, 0xe3, 0xff, 
0xaa, 0xdc, 0xe3, 0xff, 0xaa, 0xdc, 0xe3, 0xff, 0xaa, 0xdc, 0xe3, 0xff, 0xaa, 0xdc, 0xe3, 0xff, 
0xaa, 0xdc, 0xe3, 0xff, 0xaa, 0xdc, 0xe3, 0xff, 0xaa, 0xdc, 0xe3, 0xff, 0xaa, 0xdc, 0xe3, 0xff, 
0xaa, 0xdc, 0xe3, 0xff, 0xaa, 0xdc, 0xe3, 0xff, 0xaa, 0xdc, 0xe3, 0xff, 0xaa, 0xdc, 0xe3, 0xff, 
0xaa, 0xdc, 0xe3, 0xff, 0xaa, 0xdc, 0xe3, 0xff, 0xaa, 0xdc, 0xe3, 0xff, 0xaa, 0xdc, 0xe3, 0xff, 
0xaa, 0xdc, 0xe3, 0xff, 0xaa, 0xdc, 0xe3, 0xff, 0xaa, 0xdc, 0xe3, 0xff, 0xaa, 0xdc, 0xe3, 0xff, 
0xaa, 0xdc, 0xe3, 0xff, 0xaa, 0xdc, 0xe3, 0xff, 0xaa, 0xdc, 0xe3, 0xff, 0xaa, 0xdc, 0xe3, 0xff, 
0xaa, 0xdc, 0xe3, 0xff, 0xaa, 0xdc, 0xe3, 0xff, 0xaa, 0xdc, 0xe3, 0xff, 0xaa, 0xdc, 0xe3, 0xff, 
0xaa, 0xdc, 0xe3, 0xff, 0xaa, 0xdc, 0xe3, 0xff, 0xaa, 0xdc, 0xe3, 0xff, 0xaa, 0xdc, 0xe3, 0xff, 
0xaa, 0xdc, 0xe3, 0xff, 0xaa, 0xdc, 0xe3, 0xff, 0xaa, 0xdc, 0xe3, 0xff, 0xaa, 0xdc, 0xe3, 0xff, 
0xaa, 0xdc, 0xe3, 0xff, 0xaa, 0xdc, 0xe3, 0xff, 0xaa, 0xdc, 0xe3, 0xff, 0xaa, 0xdc, 0xe3, 0xff, 
0xaa, 0xdc, 0xe3, 0xff, 0xaa, 0xdc, 0xe3, 0xff, 0xaa, 0xdc, 0xe3, 0xff, 0xaa, 0xdc, 0xe3, 0xff, 
0xaa, 0xdc, 0xe3, 0xff, 0xaa, 0xdc, 0xe3, 0xff, 0xaa, 0xdc, 0xe3, 0xff, 0xaa, 0xdc, 0xe3, 0xff, 
0xaa, 0xdc, 0xe3, 0xff, 0xaa, 0xdc, 0xe3, 0xff, 0xaa, 0xdc, 0xe3, 0xff, 0xaa, 0xdc, 0xe3, 0xff, 
0xaa, 0xdc, 0xe3, 0xff, 0xaa, 0xdc, 0xe3, 0xff, 0xaa, 0xdc, 0xe3, 0xff, 0xaa, 0xdc, 0xe3, 0xff, 
0xaa, 0xdc, 0xe3, 0xff, 0xaa, 0xdc, 0xe3, 0xff, 0xaa, 0xdc, 0xe3, 0xff, 0xaa, 0xdc, 0xe3, 0xff, 
0xaa, 0xdc, 0xe3, 0xff, 0xaa, 0xdc, 0xe3, 0xff, 0xaa, 0xdc, 0xe3, 0xff, 0xaa, 0xdc, 0xe3, 0xff, 
0xaa, 0xdc, 0xe3, 0xff, 0xaa, 0xdc, 0xe3, 0xff, 0xaa, 0xdc, 0xe3, 0xff, 0xaa, 0xdc, 0xe3, 0xff, 
0xaa, 0xdc, 0xe3, 0xff, 0xaa, 0xdc, 0xe3, 0xff, 0xaa, 0xdc, 0xe3, 0xff, 0xaa, 0xdc, 0xe3, 0xff, 
0xaa, 0xdc, 0xe3, 0xff, 0xaa, 0xdc, 0xe3, 0xff, 0xaa, 0xdc, 0xe3, 0xff, 0xaa, 0xdc, 0xe3, 0xff, 
0xaa, 0xdc, 0xe3, 0xff, 0xaa, 0xdc, 0xe3, 0xff, 0xaa, 0xdc, 0xe3, 0xff, 0xaa, 0xdc, 0xe3, 0xff, 
0xa9, 0xdb, 0xe2, 0xff, 0xa9, 0xdb, 0xe2, 0xff, 0xa9, 0xdb, 0xe2, 0xff, 0xa9, 0xdb, 0xe2, 0xff, 
0xa9, 0xdb, 0xe2, 0xff, 0xa9, 0xdb, 0xe2, 0xff, 0xa9, 0xdb, 0xe2, 0xff, 0xa9, 0xdb, 0xe2, 0xff, 
0xa9, 0xdb, 0xe2, 0xff, 0xa9, 0xdb, 0xe2, 0xff, 0xa9, 0xdb, 0xe2, 0xff, 0xa9, 0xdb, 0xe2, 0xff, 
0xa9, 0xdb, 0xe2, 0xff, 0xa9, 0xdb, 0xe2, 0xff, 0xa9, 0xdb, 0xe2, 0xff, 0xa9, 0xdb, 0xe2, 0xff, 
0xa9, 0xdb, 0xe2, 0xff, 0xa9, 0xdb, 0xe2, 0xff, 0xa9, 0xdb, 0xe2, 0xff, 0xa9, 0xdb, 0xe2, 0xff, 
0xa9, 0xdb, 0xe2, 0xff, 0xa9, 0xdb, 0xe2, 0xff, 0xa9, 0xdb, 0xe2, 0xff, 0xa9, 0xdb, 0xe2, 0xff, 
0xa9, 0xdb, 0xe2, 0xff, 0xa9, 0xdb, 0xe2, 0xff, 0xa9, 0xdb, 0xe2, 0xff, 0xa9, 0xdb, 0xe2, 0xff, 
0xa9, 0xdb, 0xe2, 0xff, 0xa9, 0xdb, 0xe2, 0xff, 0xa9, 0xdb, 0xe2, 0xff, 0xa9, 0xdb, 0xe2, 0xff, 
0xa9, 0xdb, 0xe2, 0xff, 0xa9, 0xdb, 0xe2, 0xff, 0xa9, 0xdb, 0xe2, 0xff, 0xa9, 0xdb, 0xe2, 0xff, 
0xa9, 0xdb, 0xe2, 0xff, 0xa9, 0xdb, 0xe2, 0xff, 0xa9, 0xdb, 0xe2, 0xff, 0xa9, 0xdb, 0xe2, 0xff, 
0xa9, 0xdb, 0xe2, 0xff, 0xa9, 0xdb, 0xe2, 0xff, 0xa9, 0xdb, 0xe2, 0xff, 0xa9, 0xdb, 0xe2, 0xff, 
0xa9, 0xdb, 0xe2, 0xff, 0xa9, 0xdb, 0xe2, 0xff, 0xa9, 0xdb, 0xe2, 0xff, 0xa9, 0xdb, 0xe2, 0xff, 
0xa9, 0xdb, 0xe2, 0xff, 0xa9, 0xdb, 0xe2, 0xff, 0xa9, 0xdb, 0xe2, 0xff, 0xa9, 0xdb, 0xe2, 0xff, 
0xa9, 0xdb, 0xe2, 0xff, 0xa9, 0xdb, 0xe2, 0xff, 0xa9, 0xdb, 0xe2, 0xff, 0xa9, 0xdb, 0xe2, 0xff, 
0xa9, 0xdb, 0xe2, 0xff, 0xa9, 0xdb, 0xe2, 0xff, 0xa9, 0xdb, 0xe2, 0xff, 0xa9, 0xdb, 0xe2, 0xff, 
0xa9, 0xdb, 0xe2, 0xff, 0xa9, 0xdb, 0xe2, 0xff, 0xa9, 0xdb, 0xe2, 0xff, 0xa9, 0xdb, 0xe2, 0xff, 
0xa9, 0xdb, 0xe2, 0xff, 0xa9, 0xdb, 0xe2, 0xff, 0xa9, 0xdb, 0xe2, 0xff, 0xa9, 0xdb, 0xe2, 0xff, 
0xa9, 0xdb, 0xe2, 0xff, 0xa9, 0xdb, 0xe2, 0xff, 0xa9, 0xdb, 0xe2, 0xff, 0xa9, 0xdb, 0xe2, 0xff, 
0xa9, 0xdb, 0xe2, 0xff, 0xa9, 0xdb, 0xe2, 0xff, 0xa9, 0xdb, 0xe2, 0xff, 0xa9, 0xdb, 0xe2, 0xff, 
0xa9, 0xdb, 0xe2, 0xff, 0xa9, 0xdb, 0xe2, 0xff, 0xa9, 0xdb, 0xe2, 0xff, 0xa9, 0xdb, 0xe2, 0xff, 
0xa9, 0xdb, 0xe2, 0xff, 0xa9, 0xdb, 0xe2, 0xff, 0xa9, 0xdb, 0xe2, 0xff, 0xa9, 0xdb, 0xe2, 0xff, 
0xa9, 0xdb, 0xe2, 0xff, 0xa9, 0xdb, 0xe2, 0xff, 0xa9, 0xdb, 0xe2, 0xff, 0xa9, 0xdb, 0xe2, 0xff, 
0xa9, 0xdb, 0xe2, 0xff, 0xa9, 0xdb, 0xe2, 0xff, 0xa9, 0xdb, 0xe2, 0xff, 0xa9, 0xdb, 0xe2, 0xff, 
0xa9, 0xdb, 0xe2, 0xff, 0xa9, 0xdb, 0xe2, 0xff, 0xa9, 0xdb, 0xe2, 0xff, 0xa9, 0xdb, 0xe2, 0xff, 
0xa9, 0xdb, 0xe2, 0xff, 0xa9, 0xdb, 0xe2, 0xff, 0xa9, 0xdb, 0xe2, 0xff, 0xa9, 0xdb, 0xe2, 0xff, 
0xa9, 0xdb, 0xe2, 0xff, 0xa9, 0xdb, 0xe2, 0xff, 0xa9, 0xdb, 0xe2, 0xff, 0xa9, 0xdb, 0xe2, 0xff, 
0xa9, 0xdb, 0xe2, 0xff, 0xa9, 0xdb, 0xe2, 0xff, 0xa9, 0xdb, 0xe2, 0xff, 0xa9, 0xdb, 0xe2, 0xff, 
0xa9, 0xdb, 0xe2, 0xff, 0xa9, 0xdb, 0xe2, 0xff, 0xa9, 0xdb, 0xe2, 0xff, 0xa9, 0xdb, 0xe2, 0xff, 
0xa9, 0xdb, 0xe2, 0xff, 0xa9, 0xdb, 0xe2, 0xff, 0xa9, 0xdb, 0xe2, 0xff, 0xa9, 0xdb, 0xe2, 0xff, 
0xa9, 0xdb, 0xe2, 0xff, 0xa9, 0xdb, 0xe2, 0xff, 0xa9, 0xdb, 0xe2, 0xff, 0xa9, 0xdb, 0xe2, 0xff, 
0xa9, 0xdb, 0xe2, 0xff, 0xa9, 0xdb, 0xe2, 0xff, 0xa9, 0xdb, 0xe2, 0xff, 0xa9, 0xdb, 0xe2, 0xff, 
0xa9, 0xdb, 0xe2, 0xff, 0xa9, 0xdb, 0xe2, 0xff, 0xa9, 0xdb, 0xe2, 0xff, 0xa9, 0xdb, 0xe2, 0xff, 
0xa9, 0xdb, 0xe2, 0xff, 0xa9, 0xdb, 0xe2, 0xff, 0xa9, 0xdb, 0xe2, 0xff, 0xa9, 0xdb, 0xe2, 0xff, 
0xa9, 0xdb, 0xe2, 0xff, 0xa9, 0xdb, 0xe2, 0xff, 0xa9, 0xdb, 0xe2, 0xff, 0xa9, 0xdb, 0xe2, 0xff, 
0xa9, 0xdb, 0xe2, 0xff, 0xa9, 0xdb, 0xe2, 0xff, 0xa9, 0xdb, 0xe2, 0xff, 0xa9, 0xdb, 0xe2, 0xff, 
0xa9, 0xdb, 0xe2, 0xff, 0xa9, 0xdb, 0xe2, 0xff, 0xa9, 0xdb, 0xe2, 0xff, 0xa9, 0xdb, 0xe2, 0xff, 
0xa9, 0xdb, 0xe2, 0xff, 0xa9, 0xdb, 0xe2, 0xff, 0xa9, 0xdb, 0xe2, 0xff, 0xa9, 0xdb, 0xe2, 0xff, 
0xa9, 0xdb, 0xe2, 0xff, 0xa9, 0xdb, 0xe2, 0xff, 0xa9, 0xdb, 0xe2, 0xff, 0xa9, 0xdb, 0xe2, 0xff, 
0xa9, 0xdb, 0xe2, 0xff, 0xa9, 0xdb, 0xe2, 0xff, 0xa9, 0xdb, 0xe2, 0xff, 0xa9, 0xdb, 0xe2, 0xff, 
0xa9, 0xdb, 0xe2, 0xff, 0xa9, 0xdb, 0xe2, 0xff, 0xa9, 0xdb, 0xe2, 0xff, 0xa9, 0xdb, 0xe2, 0xff, 
0xa9, 0xdb, 0xe2, 0xff, 0xa9, 0xdb, 0xe2, 0xff, 0xa9, 0xdb, 0xe2, 0xff, 0xa9, 0xdb, 0xe2, 0xff, 
0xa9, 0xdb, 0xe2, 0xff, 0xa9, 0xdb, 0xe2, 0xff, 0xa9, 0xdb, 0xe2, 0xff, 0xa9, 0xdb, 0xe2, 0xff, 
0xa9, 0xdb, 0xe2, 0xff, 0xa9, 0xdb, 0xe2, 0xff, 0xa9, 0xdb, 0xe2, 0xff, 0xa9, 0xdb, 0xe2, 0xff, 
0xa9, 0xdb, 0xe2, 0xff, 0xa9, 0xdb, 0xe2, 0xff, 0xa9, 0xdb, 0xe2, 0xff, 0xa9, 0xdb, 0xe2, 0xff, 
0xa9, 0xdb, 0xe2, 0xff, 0xa9, 0xdb, 0xe2, 0xff, 0xa9, 0xdb, 0xe2, 0xff, 0xa9, 0xdb, 0xe2, 0xff, 
0xa9, 0xdb, 0xe2, 0xff, 0xa9, 0xdb, 0xe2, 0xff, 0xa9, 0xdb, 0xe2, 0xff, 0xa9, 0xdb, 0xe2, 0xff, 
0xa9, 0xdb, 0xe2, 0xff, 0xa9, 0xdb, 0xe2, 0xff, 0xa9, 0xdb, 0xe2, 0xff, 0xa9, 0xdb, 0xe2, 0xff, 
0xa9, 0xdb, 0xe2, 0xff, 0xa9, 0xdb, 0xe2, 0xff, 0xa9, 0xdb, 0xe2, 0xff, 0xa9, 0xdb, 0xe2, 0xff, 
0xa9, 0xdb, 0xe2, 0xff, 0xa9, 0xdb, 0xe2, 0xff, 0xa9, 0xdb, 0xe2, 0xff, 0xa9, 0xdb, 0xe2, 0xff, 
0xa9, 0xdb, 0xe2, 0xff, 0xa9, 0xdb, 0xe2, 0xff, 0xa9, 0xdb, 0xe2, 0xff, 0xa9, 0xdb, 0xe2, 0xff, 
0xa9, 0xdb, 0xe2, 0xff, 0xa9, 0xdb, 0xe2, 0xff, 0xa9, 0xdb, 0xe2, 0xff, 0xa9, 0xdb, 0xe2, 0xff, 
0xa9, 0xdb, 0xe2, 0xff, 0xa9, 0xdb, 0xe2, 0xff, 0xa9, 0xdb, 0xe2, 0xff, 0xa9, 0xdb, 0xe2, 0xff, 
0xa9, 0xdb, 0xe2, 0xff, 0xa9, 0xdb, 0xe2, 0xff, 0xa9, 0xdb, 0xe2, 0xff, 0xa9, 0xdb, 0xe2, 0xff, 
0xa9, 0xdb, 0xe2, 0xff, 0xa9, 0xdb, 0xe2, 0xff, 0xa9, 0xdb, 0xe2, 0xff, 0xa9, 0xdb, 0xe2, 0xff, 
0xa9, 0xdb, 0xe2, 0xff, 0xa9, 0xdb, 0xe2, 0xff, 0xa9, 0xdb, 0xe2, 0xff, 0xa9, 0xdb, 0xe2, 0xff, 
0xa9, 0xdb, 0xe2, 0xff, 0xa9, 0xdb, 0xe2, 0xff, 0xa9, 0xdb, 0xe2, 0xff, 0xa9, 0xdb, 0xe2, 0xff, 
0xa9, 0xdb, 0xe2, 0xff, 0xa9, 0xdb, 0xe2, 0xff, 0xa9, 0xdb, 0xe2, 0xff, 0xa9, 0xdb, 0xe2, 0xff, 
0xa9, 0xdb, 0xe2, 0xff, 0xa9, 0xdb, 0xe2, 0xff, 0xa9, 0xdb, 0xe2, 0xff, 0xa9, 0xdb, 0xe2, 0xff, 
0xa9, 0xdb, 0xe2, 0xff, 0xa9, 0xdb, 0xe2, 0xff, 0xa9, 0xdb, 0xe2, 0xff, 0xa9, 0xdb, 0xe2, 0xff, 
0xa9, 0xdb, 0xe2, 0xff, 0xa9, 0xdb, 0xe2, 0xff, 0xa9, 0xdb, 0xe2, 0xff, 0xa9, 0xdb, 0xe2, 0xff, 
0xa9, 0xdb, 0xe2, 0xff, 0xa9, 0xdb, 0xe2, 0xff, 0xa9, 0xdb, 0xe2, 0xff, 0xa9, 0xdb, 0xe2, 0xff, 
0xa9, 0xdb, 0xe2, 0xff, 0xa9, 0xdb, 0xe2, 0xff, 0xa9, 0xdb, 0xe2, 0xff, 0xa9, 0xdb, 0xe2, 0xff, 
0xa9, 0xdb, 0xe2, 0xff, 0xa9, 0xdb, 0xe2, 0xff, 0xa9, 0xdb, 0xe2, 0xff, 0xa9, 0xdb, 0xe2, 0xff, 
0xa9, 0xdb, 0xe2, 0xff, 0xa9, 0xdb, 0xe2, 0xff, 0xa9, 0xdb, 0xe2, 0xff, 0xa9, 0xdb, 0xe2, 0xff, 
0xa9, 0xdb, 0xe2, 0xff, 0xa9, 0xdb, 0xe2, 0xff, 0xa9, 0xdb, 0xe2, 0xff, 0xa9, 0xdb, 0xe2, 0xff, 
0xa9, 0xdb, 0xe2, 0xff, 0xa9, 0xdb, 0xe2, 0xff, 0xa9, 0xdb, 0xe2, 0xff, 0xa9, 0xdb, 0xe2, 0xff, 
0xa9, 0xdb, 0xe2, 0xff, 0xa9, 0xdb, 0xe2, 0xff, 0xa9, 0xdb, 0xe2, 0xff, 0xa9, 0xdb, 0xe2, 0xff, 
0xa9, 0xdb, 0xe2, 0xff, 0xa9, 0xdb, 0xe2, 0xff, 0xa9, 0xdb, 0xe2, 0xff, 0xa9, 0xdb, 0xe2, 0xff, 
0xa9, 0xdb, 0xe2, 0xff, 0xa9, 0xdb, 0xe2, 0xff, 0xa9, 0xdb, 0xe2, 0xff, 0xa9, 0xdb, 0xe2, 0xff, 
0xa9, 0xdb, 0xe2, 0xff, 0xa9, 0xdb, 0xe2, 0xff, 0xa9, 0xdb, 0xe2, 0xff, 0xa9, 0xdb, 0xe2, 0xff, 
0xa9, 0xdb, 0xe2, 0xff, 0xa9, 0xdb, 0xe2, 0xff, 0xa9, 0xdb, 0xe2, 0xff, 0xa9, 0xdb, 0xe2, 0xff, 
0xa9, 0xdb, 0xe2, 0xff, 0xa9, 0xdb, 0xe2, 0xff, 0xa9, 0xdb, 0xe2, 0xff, 0xa9, 0xdb, 0xe2, 0xff, 
0xa9, 0xdb, 0xe2, 0xff, 0xa9, 0xdb, 0xe2, 0xff, 0xa9, 0xdb, 0xe2, 0xff, 0xa9, 0xdb, 0xe2, 0xff, 
0xa9, 0xdb, 0xe2, 0xff, 0xa9, 0xdb, 0xe2, 0xff, 0xa9, 0xdb, 0xe2, 0xff, 0xa9, 0xdb, 0xe2, 0xff, 
0xa9, 0xdb, 0xe2, 0xff, 0xa9, 0xdb, 0xe2, 0xff, 0xa9, 0xdb, 0xe2, 0xff, 0xa9, 0xdb, 0xe2, 0xff, 
0xa9, 0xdb, 0xe2, 0xff, 0xa9, 0xdb, 0xe2, 0xff, 0xa9, 0xdb, 0xe2, 0xff, 0xa9, 0xdb, 0xe2, 0xff, 
0xa9, 0xdb, 0xe2, 0xff, 0xa9, 0xdb, 0xe2, 0xff, 0xa9, 0xdb, 0xe2, 0xff, 0xa9, 0xdb, 0xe2, 0xff, 
0xa9, 0xdb, 0xe2, 0xff, 0xa9, 0xdb, 0xe2, 0xff, 0xa9, 0xdb, 0xe2, 0xff, 0xa9, 0xdb, 0xe2, 0xff, 
0xa9, 0xdb, 0xe2, 0xff, 0xa9, 0xdb, 0xe2, 0xff, 0xa9, 0xdb, 0xe2, 0xff, 0xa9, 0xdb, 0xe2, 0xff, 
0xa9, 0xdb, 0xe2, 0xff, 0xa9, 0xdb, 0xe2, 0xff, 0xa9, 0xdb, 0xe2, 0xff, 0xa9, 0xdb, 0xe2, 0xff, 
0xa9, 0xdb, 0xe2, 0xff, 0xa9, 0xdb, 0xe2, 0xff, 0xa9, 0xdb, 0xe2, 0xff, 0xa9, 0xdb, 0xe2, 0xff, 
0xa9, 0xdb, 0xe2, 0xff, 0xa9, 0xdb, 0xe2, 0xff, 0xa9, 0xdb, 0xe2, 0xff, 0xa9, 0xdb, 0xe2, 0xff, 
0xa9, 0xdb, 0xe2, 0xff, 0xa9, 0xdb, 0xe2, 0xff, 0xa9, 0xdb, 0xe2, 0xff, 0xa9, 0xdb, 0xe2, 0xff, 
0xa9, 0xdb, 0xe2, 0xff, 0xa9, 0xdb, 0xe2, 0xff, 0xa9, 0xdb, 0xe2, 0xff, 0xa9, 0xdb, 0xe2, 0xff, 
0xa9, 0xdb, 0xe2, 0xff, 0xa9, 0xdb, 0xe2, 0xff, 0xa9, 0xdb, 0xe2, 0xff, 0xa9, 0xdb, 0xe2, 0xff, 
0xa9, 0xdb, 0xe2, 0xff, 0xa9, 0xdb, 0xe2, 0xff, 0xa9, 0xdb, 0xe2, 0xff, 0xa9, 0xdb, 0xe2, 0xff, 
0xa9, 0xdb, 0xe2, 0xff, 0xa9, 0xdb, 0xe2, 0xff, 0xa9, 0xdb, 0xe2, 0xff, 0xa9, 0xdb, 0xe2, 0xff, 
0xa9, 0xdb, 0xe2, 0xff, 0xa9, 0xdb, 0xe2, 0xff, 0xa9, 0xdb, 0xe2, 0xff, 0xa9, 0xdb, 0xe2, 0xff, 
0xa9, 0xdb, 0xe2, 0xff, 0xa9, 0xdb, 0xe2, 0xff, 0xa9, 0xdb, 0xe2, 0xff, 0xa9, 0xdb, 0xe2, 0xff, 
0xa9, 0xdb, 0xe2, 0xff, 0xa9, 0xdb, 0xe2, 0xff, 0xa9, 0xdb, 0xe2, 0xff, 0xa9, 0xdb, 0xe2, 0xff, 
0xa9, 0xdb, 0xe2, 0xff, 0xa9, 0xdb, 0xe2, 0xff, 0xa9, 0xdb, 0xe2, 0xff, 0xa9, 0xdb, 0xe2, 0xff, 
0xa9, 0xdb, 0xe2, 0xff, 0xa9, 0xdb, 0xe2, 0xff, 0xa9, 0xdb, 0xe2, 0xff, 0xa9, 0xdb, 0xe2, 0xff, 
0xa9, 0xdb, 0xe2, 0xff, 0xa9, 0xdb, 0xe2, 0xff, 0xa9, 0xdb, 0xe2, 0xff, 0xa9, 0xdb, 0xe2, 0xff, 
0xa9, 0xdb, 0xe2, 0xff, 0xa9, 0xdb, 0xe2, 0xff, 0xa9, 0xdb, 0xe2, 0xff, 0xa9, 0xdb, 0xe2, 0xff, 
0xa9, 0xdb, 0xe2, 0xff, 0xa9, 0xdb, 0xe2, 0xff, 0xa9, 0xdb, 0xe2, 0xff, 0xa9, 0xdb, 0xe2, 0xff, 
0xa9, 0xdb, 0xe2, 0xff, 0xa9, 0xdb, 0xe2, 0xff, 0xa9, 0xdb, 0xe2, 0xff, 0xa9, 0xdb, 0xe2, 0xff, 
0xa9, 0xdb, 0xe2, 0xff, 0xa9, 0xdb, 0xe2, 0xff, 0xa9, 0xdb, 0xe2, 0xff, 0xa9, 0xdb, 0xe2, 0xff, 
0xa9, 0xdb, 0xe2, 0xff, 0xa9, 0xdb, 0xe2, 0xff, 0xa9, 0xdb, 0xe2, 0xff, 0xa9, 0xdb, 0xe2, 0xff, 
0xa9, 0xdb, 0xe2, 0xff, 0xa9, 0xdb, 0xe2, 0xff, 0xa9, 0xdb, 0xe2, 0xff, 0xa9, 0xdb, 0xe2, 0xff, 
0xa9, 0xdb, 0xe2, 0xff, 0xa9, 0xdb, 0xe2, 0xff, 0xa9, 0xdb, 0xe2, 0xff, 0xa9, 0xdb, 0xe2, 0xff, 
0xa9, 0xdb, 0xe2, 0xff, 0xa9, 0xdb, 0xe2, 0xff, 0xa9, 0xdb, 0xe2, 0xff, 0xa9, 0xdb, 0xe2, 0xff, 
0xa9, 0xdb, 0xe2, 0xff, 0xa9, 0xdb, 0xe2, 0xff, 0xa9, 0xdb, 0xe2, 0xff, 0xa9, 0xdb, 0xe2, 0xff, 
0xa9, 0xdb, 0xe2, 0xff, 0xa9, 0xdb, 0xe2, 0xff, 0xa9, 0xdb, 0xe2, 0xff, 0xa9, 0xdb, 0xe2, 0xff, 
0xa9, 0xdb, 0xe2, 0xff, 0xa9, 0xdb, 0xe2, 0xff, 0xa9, 0xdb, 0xe2, 0xff, 0xa9, 0xdb, 0xe2, 0xff, 
0xa9, 0xdb, 0xe2, 0xff, 0xa9, 0xdb, 0xe2, 0xff, 0xa9, 0xdb, 0xe2, 0xff, 0xa9, 0xdb, 0xe2, 0xff, 
0xa9, 0xdb, 0xe2, 0xff, 0xa9, 0xdb, 0xe2, 0xff, 0xa9, 0xdb, 0xe2, 0xff, 0xa9, 0xdb, 0xe2, 0xff, 
0xa9, 0xdb, 0xe2, 0xff, 0xa9, 0xdb, 0xe2, 0xff, 0xa9, 0xdb, 0xe2, 0xff, 0xa9, 0xdb, 0xe2, 0xff, 
0xa9, 0xdb, 0xe2, 0xff, 0xa9, 0xdb, 0xe2, 0xff, 0xa9, 0xdb, 0xe2, 0xff, 0xa9, 0xdb, 0xe2, 0xff, 
0xa9, 0xdb, 0xe2, 0xff, 0xa9, 0xdb, 0xe2, 0xff, 0xa9, 0xdb, 0xe2, 0xff, 0xa9, 0xdb, 0xe2, 0xff, 
0xa9, 0xdb, 0xe2, 0xff, 0xa9, 0xdb, 0xe2, 0xff, 0xa9, 0xdb, 0xe2, 0xff, 0xa9, 0xdb, 0xe2, 0xff, 
0xa9, 0xdb, 0xe2, 0xff, 0xa9, 0xdb, 0xe2, 0xff, 0xa9, 0xdb, 0xe2, 0xff, 0xa9, 0xdb, 0xe2, 0xff, 
0xa9, 0xdb, 0xe2, 0xff, 0xa9, 0xdb, 0xe2, 0xff, 0xa9, 0xdb, 0xe2, 0xff, 0xa9, 0xdb, 0xe2, 0xff, 
0xa9, 0xdb, 0xe2, 0xff, 0xa9, 0xdb, 0xe2, 0xff, 0xa9, 0xdb, 0xe2, 0xff, 0xa9, 0xdb, 0xe2, 0xff, 
0xa9, 0xdb, 0xe2, 0xff, 0xa9, 0xdb, 0xe2, 0xff, 0xa9, 0xdb, 0xe2, 0xff, 0xa9, 0xdb, 0xe2, 0xff, 
0xa9, 0xdb, 0xe2, 0xff, 0xa9, 0xdb, 0xe2, 0xff, 0xa9, 0xdb, 0xe2, 0xff, 0xa9, 0xdb, 0xe2, 0xff, 
0xa9, 0xdb, 0xe2, 0xff, 0xa9, 0xdb, 0xe2, 0xff, 0xa9, 0xdb, 0xe2, 0xff, 0xa9, 0xdb, 0xe2, 0xff, 
0xa9, 0xdb, 0xe2, 0xff, 0xa9, 0xdb, 0xe2, 0xff, 0xa9, 0xdb, 0xe2, 0xff, 0xa9, 0xdb, 0xe2, 0xff, 
0xa9, 0xdb, 0xe2, 0xff, 0xa9, 0xdb, 0xe2, 0xff, 0xa9, 0xdb, 0xe2, 0xff, 0xa9, 0xdb, 0xe2, 0xff, 
0xa9, 0xdb, 0xe2, 0xff, 0xa9, 0xdb, 0xe2, 0xff, 0xa9, 0xdb, 0xe2, 0xff, 0xa9, 0xdb, 0xe2, 0xff, 
0xa9, 0xdb, 0xe2, 0xff, 0xa9, 0xdb, 0xe2, 0xff, 0xa9, 0xdb, 0xe2, 0xff, 0xa9, 0xdb, 0xe2, 0xff, 
0xa9, 0xdb, 0xe2, 0xff, 0xa9, 0xdb, 0xe2, 0xff, 0xa9, 0xdb, 0xe2, 0xff, 0xa9, 0xdb, 0xe2, 0xff, 
0xa9, 0xdb, 0xe2, 0xff, 0xa9, 0xdb, 0xe2, 0xff, 0xa9, 0xdb, 0xe2, 0xff, 0xa9, 0xdb, 0xe2, 0xff, 
0xa9, 0xdb, 0xe2, 0xff, 0xa9, 0xdb, 0xe2, 0xff, 0xa9, 0xdb, 0xe2, 0xff, 0xa9, 0xdb, 0xe2, 0xff, 
0xa9, 0xdb, 0xe2, 0xff, 0xa9, 0xdb, 0xe2, 0xff, 0xa9, 0xdb, 0xe2, 0xff, 0xa9, 0xdb, 0xe2, 0xff, 
0xa9, 0xdb, 0xe2, 0xff, 0xa9, 0xdb, 0xe2, 0xff, 0xa9, 0xdb, 0xe2, 0xff, 0xa9, 0xdb, 0xe2, 0xff, 
0xa9, 0xdb, 0xe2, 0xff, 0xa9, 0xdb, 0xe2, 0xff, 0xa9, 0xdb, 0xe2, 0xff, 0xa9, 0xdb, 0xe2, 0xff, 
0xa9, 0xdb, 0xe2, 0xff, 0xa9, 0xdb, 0xe2, 0xff, 0xa9, 0xdb, 0xe2, 0xff, 0xa9, 0xdb, 0xe2, 0xff, 
0xa9, 0xdb, 0xe2, 0xff, 0xa9, 0xdb, 0xe2, 0xff, 0xa9, 0xdb, 0xe2, 0xff, 0xa9, 0xdb, 0xe2, 0xff, 
0xa8, 0xda, 0xe1, 0xff, 0xa8, 0xda, 0xe1, 0xff, 0xa8, 0xda, 0xe1, 0xff, 0xa8, 0xda, 0xe1, 0xff, 
0xa8, 0xda, 0xe1, 0xff, 0xa8, 0xda, 0xe1, 0xff, 0xa8, 0xda, 0xe1, 0xff, 0xa8, 0xda, 0xe1, 0xff, 
0xa8, 0xda, 0xe1, 0xff, 0xa8, 0xda, 0xe1, 0xff, 0xa8, 0xda, 0xe1, 0xff, 0xa8, 0xda, 0xe1, 0xff, 
0xa8, 0xda, 0xe1, 0xff, 0xa8, 0xda, 0xe1, 0xff, 0xa8, 0xda, 0xe1, 0xff, 0xa8, 0xda, 0xe1, 0xff, 
0xa8, 0xda, 0xe1, 0xff, 0xa8, 0xda, 0xe1, 0xff, 0xa8, 0xda, 0xe1, 0xff, 0xa8, 0xda, 0xe1, 0xff, 
0xa8, 0xda, 0xe1, 0xff, 0xa8, 0xda, 0xe1, 0xff, 0xa8, 0xda, 0xe1, 0xff, 0xa8, 0xda, 0xe1, 0xff, 
0xa8, 0xda, 0xe1, 0xff, 0xa8, 0xda, 0xe1, 0xff, 0xa8, 0xda, 0xe1, 0xff, 0xa8, 0xda, 0xe1, 0xff, 
0xa8, 0xda, 0xe1, 0xff, 0xa8, 0xda, 0xe1, 0xff, 0xa8, 0xda, 0xe1, 0xff, 0xa8, 0xda, 0xe1, 0xff, 
0xa8, 0xda, 0xe1, 0xff, 0xa8, 0xda, 0xe1, 0xff, 0xa8, 0xda, 0xe1, 0xff, 0xa8, 0xda, 0xe1, 0xff, 
0xa8, 0xda, 0xe1, 0xff, 0xa8, 0xda, 0xe1, 0xff, 0xa8, 0xda, 0xe1, 0xff, 0xa8, 0xda, 0xe1, 0xff, 
0xa8, 0xda, 0xe1, 0xff, 0xa8, 0xda, 0xe1, 0xff, 0xa8, 0xda, 0xe1, 0xff, 0xa8, 0xda, 0xe1, 0xff, 
0xa8, 0xda, 0xe1, 0xff, 0xa8, 0xda, 0xe1, 0xff, 0xa8, 0xda, 0xe1, 0xff, 0xa8, 0xda, 0xe1, 0xff, 
0xa8, 0xda, 0xe1, 0xff, 0xa8, 0xda, 0xe1, 0xff, 0xa8, 0xda, 0xe1, 0xff, 0xa8, 0xda, 0xe1, 0xff, 
0xa8, 0xda, 0xe1, 0xff, 0xa8, 0xda, 0xe1, 0xff, 0xa8, 0xda, 0xe1, 0xff, 0xa8, 0xda, 0xe1, 0xff, 
0xa8, 0xda, 0xe1, 0xff, 0xa8, 0xda, 0xe1, 0xff, 0xa8, 0xda, 0xe1, 0xff, 0xa8, 0xda, 0xe1, 0xff, 
0xa8, 0xda, 0xe1, 0xff, 0xa8, 0xda, 0xe1, 0xff, 0xa8, 0xda, 0xe1, 0xff, 0xa8, 0xda, 0xe1, 0xff, 
0xa8, 0xda, 0xe1, 0xff, 0xa8, 0xda, 0xe1, 0xff, 0xa8, 0xda, 0xe1, 0xff, 0xa8, 0xda, 0xe1, 0xff, 
0xa8, 0xda, 0xe1, 0xff, 0xa8, 0xda, 0xe1, 0xff, 0xa8, 0xda, 0xe1, 0xff, 0xa8, 0xda, 0xe1, 0xff, 
0xa8, 0xda, 0xe1, 0xff, 0xa8, 0xda, 0xe1, 0xff, 0xa8, 0xda, 0xe1, 0xff, 0xa8, 0xda, 0xe1, 0xff, 
0xa8, 0xda, 0xe1, 0xff, 0xa8, 0xda, 0xe1, 0xff, 0xa8, 0xda, 0xe1, 0xff, 0xa8, 0xda, 0xe1, 0xff, 
0xa8, 0xda, 0xe1, 0xff, 0xa8, 0xda, 0xe1, 0xff, 0xa8, 0xda, 0xe1, 0xff, 0xa8, 0xda, 0xe1, 0xff, 
0xa8, 0xda, 0xe1, 0xff, 0xa8, 0xda, 0xe1, 0xff, 0xa8, 0xda, 0xe1, 0xff, 0xa8, 0xda, 0xe1, 0xff, 
0xa8, 0xda, 0xe1, 0xff, 0xa8, 0xda, 0xe1, 0xff, 0xa8, 0xda, 0xe1, 0xff, 0xa8, 0xda, 0xe1, 0xff, 
0xa8, 0xda, 0xe1, 0xff, 0xa8, 0xda, 0xe1, 0xff, 0xa8, 0xda, 0xe1, 0xff, 0xa8, 0xda, 0xe1, 0xff, 
0xa8, 0xda, 0xe1, 0xff, 0xa8, 0xda, 0xe1, 0xff, 0xa8, 0xda, 0xe1, 0xff, 0xa8, 0xda, 0xe1, 0xff, 
0xa8, 0xda, 0xe1, 0xff, 0xa8, 0xda, 0xe1, 0xff, 0xa8, 0xda, 0xe1, 0xff, 0xa8, 0xda, 0xe1, 0xff, 
0xa8, 0xda, 0xe1, 0xff, 0xa8, 0xda, 0xe1, 0xff, 0xa8, 0xda, 0xe1, 0xff, 0xa8, 0xda, 0xe1, 0xff, 
0xa8, 0xda, 0xe1, 0xff, 0xa8, 0xda, 0xe1, 0xff, 0xa8, 0xda, 0xe1, 0xff, 0xa8, 0xda, 0xe1, 0xff, 
0xa8, 0xda, 0xe1, 0xff, 0xa8, 0xda, 0xe1, 0xff, 0xa8, 0xda, 0xe1, 0xff, 0xa8, 0xda, 0xe1, 0xff, 
0xa8, 0xda, 0xe1, 0xff, 0xa8, 0xda, 0xe1, 0xff, 0xa8, 0xda, 0xe1, 0xff, 0xa8, 0xda, 0xe1, 0xff, 
0xa8, 0xda, 0xe1, 0xff, 0xa8, 0xda, 0xe1, 0xff, 0xa8, 0xda, 0xe1, 0xff, 0xa8, 0xda, 0xe1, 0xff, 
0xa8, 0xda, 0xe1, 0xff, 0xa8, 0xda, 0xe1, 0xff, 0xa8, 0xda, 0xe1, 0xff, 0xa8, 0xda, 0xe1, 0xff, 
0xa8, 0xda, 0xe1, 0xff, 0xa8, 0xda, 0xe1, 0xff, 0xa8, 0xda, 0xe1, 0xff, 0xa8, 0xda, 0xe1, 0xff, 
0xa8, 0xda, 0xe1, 0xff, 0xa8, 0xda, 0xe1, 0xff, 0xa8, 0xda, 0xe1, 0xff, 0xa8, 0xda, 0xe1, 0xff, 
0xa8, 0xda, 0xe1, 0xff, 0xa8, 0xda, 0xe1, 0xff, 0xa8, 0xda, 0xe1, 0xff, 0xa8, 0xda, 0xe1, 0xff, 
0xa8, 0xda, 0xe1, 0xff, 0xa8, 0xda, 0xe1, 0xff, 0xa8, 0xda, 0xe1, 0xff, 0xa8, 0xda, 0xe1, 0xff, 
0xa8, 0xda, 0xe1, 0xff, 0xa8, 0xda, 0xe1, 0xff, 0xa8, 0xda, 0xe1, 0xff, 0xa8, 0xda, 0xe1, 0xff, 
0xa8, 0xda, 0xe1, 0xff, 0xa8, 0xda, 0xe1, 0xff, 0xa8, 0xda, 0xe1, 0xff, 0xa8, 0xda, 0xe1, 0xff, 
0xa8, 0xda, 0xe1, 0xff, 0xa8, 0xda, 0xe1, 0xff, 0xa8, 0xda, 0xe1, 0xff, 0xa8, 0xda, 0xe1, 0xff, 
0xa8, 0xda, 0xe1, 0xff, 0xa8, 0xda, 0xe1, 0xff, 0xa8, 0xda, 0xe1, 0xff, 0xa8, 0xda, 0xe1, 0xff, 
0xa8, 0xda, 0xe1, 0xff, 0xa8, 0xda, 0xe1, 0xff, 0xa8, 0xda, 0xe1, 0xff, 0xa8, 0xda, 0xe1, 0xff, 
0xa8, 0xda, 0xe1, 0xff, 0xa8, 0xda, 0xe1, 0xff, 0xa8, 0xda, 0xe1, 0xff, 0xa8, 0xda, 0xe1, 0xff, 
0xa8, 0xda, 0xe1, 0xff, 0xa8, 0xda, 0xe1, 0xff, 0xa8, 0xda, 0xe1, 0xff, 0xa8, 0xda, 0xe1, 0xff, 
0xa8, 0xda, 0xe1, 0xff, 0xa8, 0xda, 0xe1, 0xff, 0xa8, 0xda, 0xe1, 0xff, 0xa8, 0xda, 0xe1, 0xff, 
0xa8, 0xda, 0xe1, 0xff, 0xa8, 0xda, 0xe1, 0xff, 0xa8, 0xda, 0xe1, 0xff, 0xa8, 0xda, 0xe1, 0xff, 
0xa8, 0xda, 0xe1, 0xff, 0xa8, 0xda, 0xe1, 0xff, 0xa8, 0xda, 0xe1, 0xff, 0xa8, 0xda, 0xe1, 0xff, 
0xa8, 0xda, 0xe1, 0xff, 0xa8, 0xda, 0xe1, 0xff, 0xa8, 0xda, 0xe1, 0xff, 0xa8, 0xda, 0xe1, 0xff, 
0xa8, 0xda, 0xe1, 0xff, 0xa8, 0xda, 0xe1, 0xff, 0xa8, 0xda, 0xe1, 0xff, 0xa8, 0xda, 0xe1, 0xff, 
0xa8, 0xda, 0xe1, 0xff, 0xa8, 0xda, 0xe1, 0xff, 0xa8, 0xda, 0xe1, 0xff, 0xa8, 0xda, 0xe1, 0xff, 
0xa8, 0xda, 0xe1, 0xff, 0xa8, 0xda, 0xe1, 0xff, 0xa8, 0xda, 0xe1, 0xff, 0xa8, 0xda, 0xe1, 0xff, 
0xa8, 0xda, 0xe1, 0xff, 0xa8, 0xda, 0xe1, 0xff, 0xa8, 0xda, 0xe1, 0xff, 0xa8, 0xda, 0xe1, 0xff, 
0xa8, 0xda, 0xe1, 0xff, 0xa8, 0xda, 0xe1, 0xff, 0xa8, 0xda, 0xe1, 0xff, 0xa8, 0xda, 0xe1, 0xff, 
0xa8, 0xda, 0xe1, 0xff, 0xa8, 0xda, 0xe1, 0xff, 0xa8, 0xda, 0xe1, 0xff, 0xa8, 0xda, 0xe1, 0xff, 
0xa8, 0xda, 0xe1, 0xff, 0xa8, 0xda, 0xe1, 0xff, 0xa8, 0xda, 0xe1, 0xff, 0xa8, 0xda, 0xe1, 0xff, 
0xa8, 0xda, 0xe1, 0xff, 0xa8, 0xda, 0xe1, 0xff, 0xa8, 0xda, 0xe1, 0xff, 0xa8, 0xda, 0xe1, 0xff, 
0xa8, 0xda, 0xe1, 0xff, 0xa8, 0xda, 0xe1, 0xff, 0xa8, 0xda, 0xe1, 0xff, 0xa8, 0xda, 0xe1, 0xff, 
0xa8, 0xda, 0xe1, 0xff, 0xa8, 0xda, 0xe1, 0xff, 0xa8, 0xda, 0xe1, 0xff, 0xa8, 0xda, 0xe1, 0xff, 
0xa8, 0xda, 0xe1, 0xff, 0xa8, 0xda, 0xe1, 0xff, 0xa8, 0xda, 0xe1, 0xff, 0xa8, 0xda, 0xe1, 0xff, 
0xa8, 0xda, 0xe1, 0xff, 0xa8, 0xda, 0xe1, 0xff, 0xa8, 0xda, 0xe1, 0xff, 0xa8, 0xda, 0xe1, 0xff, 
0xa8, 0xda, 0xe1, 0xff, 0xa8, 0xda, 0xe1, 0xff, 0xa8, 0xda, 0xe1, 0xff, 0xa8, 0xda, 0xe1, 0xff, 
0xa8, 0xda, 0xe1, 0xff, 0xa8, 0xda, 0xe1, 0xff, 0xa8, 0xda, 0xe1, 0xff, 0xa8, 0xda, 0xe1, 0xff, 
0xa8, 0xda, 0xe1, 0xff, 0xa8, 0xda, 0xe1, 0xff, 0xa8, 0xda, 0xe1, 0xff, 0xa8, 0xda, 0xe1, 0xff, 
0xa8, 0xda, 0xe1, 0xff, 0xa8, 0xda, 0xe1, 0xff, 0xa8, 0xda, 0xe1, 0xff, 0xa8, 0xda, 0xe1, 0xff, 
0xa8, 0xda, 0xe1, 0xff, 0xa8, 0xda, 0xe1, 0xff, 0xa8, 0xda, 0xe1, 0xff, 0xa8, 0xda, 0xe1, 0xff, 
0xa7, 0xd9, 0xe0, 0xff, 0xa7, 0xd9, 0xe0, 0xff, 0xa7, 0xd9, 0xe0, 0xff, 0xa7, 0xd9, 0xe0, 0xff, 
0xa7, 0xd9, 0xe0, 0xff, 0xa7, 0xd9, 0xe0, 0xff, 0xa7, 0xd9, 0xe0, 0xff, 0xa7, 0xd9, 0xe0, 0xff, 
0xa7, 0xd9, 0xe0, 0xff, 0xa7, 0xd9, 0xe0, 0xff, 0xa7, 0xd9, 0xe0, 0xff, 0xa7, 0xd9, 0xe0, 0xff, 
0xa7, 0xd9, 0xe0, 0xff, 0xa7, 0xd9, 0xe0, 0xff, 0xa7, 0xd9, 0xe0, 0xff, 0xa7, 0xd9, 0xe0, 0xff, 
0xa7, 0xd9, 0xe0, 0xff, 0xa7, 0xd9, 0xe0, 0xff, 0xa7, 0xd9, 0xe0, 0xff, 0xa7, 0xd9, 0xe0, 0xff, 
0xa7, 0xd9, 0xe0, 0xff, 0xa7, 0xd9, 0xe0, 0xff, 0xa7, 0xd9, 0xe0, 0xff, 0xa7, 0xd9, 0xe0, 0xff, 
0xa7, 0xd9, 0xe0, 0xff, 0xa7, 0xd9, 0xe0, 0xff, 0xa7, 0xd9, 0xe0, 0xff, 0xa7, 0xd9, 0xe0, 0xff, 
0xa7, 0xd9, 0xe0, 0xff, 0xa7, 0xd9, 0xe0, 0xff, 0xa7, 0xd9, 0xe0, 0xff, 0xa7, 0xd9, 0xe0, 0xff, 
0xa7, 0xd9, 0xe0, 0xff, 0xa7, 0xd9, 0xe0, 0xff, 0xa7, 0xd9, 0xe0, 0xff, 0xa7, 0xd9, 0xe0, 0xff, 
0xa7, 0xd9, 0xe0, 0xff, 0xa7, 0xd9, 0xe0, 0xff, 0xa7, 0xd9, 0xe0, 0xff, 0xa7, 0xd9, 0xe0, 0xff, 
0xa7, 0xd9, 0xe0, 0xff, 0xa7, 0xd9, 0xe0, 0xff, 0xa7, 0xd9, 0xe0, 0xff, 0xa7, 0xd9, 0xe0, 0xff, 
0xa7, 0xd9, 0xe0, 0xff, 0xa7, 0xd9, 0xe0, 0xff, 0xa7, 0xd9, 0xe0, 0xff, 0xa7, 0xd9, 0xe0, 0xff, 
0xa7, 0xd9, 0xe0, 0xff, 0xa7, 0xd9, 0xe0, 0xff, 0xa7, 0xd9, 0xe0, 0xff, 0xa7, 0xd9, 0xe0, 0xff, 
0xa7, 0xd9, 0xe0, 0xff, 0xa7, 0xd9, 0xe0, 0xff, 0xa7, 0xd9, 0xe0, 0xff, 0xa7, 0xd9, 0xe0, 0xff, 
0xa7, 0xd9, 0xe0, 0xff, 0xa7, 0xd9, 0xe0, 0xff, 0xa7, 0xd9, 0xe0, 0xff, 0xa7, 0xd9, 0xe0, 0xff, 
0xa7, 0xd9, 0xe0, 0xff, 0xa7, 0xd9, 0xe0, 0xff, 0xa7, 0xd9, 0xe0, 0xff, 0xa7, 0xd9, 0xe0, 0xff, 
0xa7, 0xd9, 0xe0, 0xff, 0xa7, 0xd9, 0xe0, 0xff, 0xa7, 0xd9, 0xe0, 0xff, 0xa7, 0xd9, 0xe0, 0xff, 
0xa7, 0xd9, 0xe0, 0xff, 0xa7, 0xd9, 0xe0, 0xff, 0xa7, 0xd9, 0xe0, 0xff, 0xa7, 0xd9, 0xe0, 0xff, 
0xa7, 0xd9, 0xe0, 0xff, 0xa7, 0xd9, 0xe0, 0xff, 0xa7, 0xd9, 0xe0, 0xff, 0xa7, 0xd9, 0xe0, 0xff, 
0xa7, 0xd9, 0xe0, 0xff, 0xa7, 0xd9, 0xe0, 0xff, 0xa7, 0xd9, 0xe0, 0xff, 0xa7, 0xd9, 0xe0, 0xff, 
0xa7, 0xd9, 0xe0, 0xff, 0xa7, 0xd9, 0xe0, 0xff, 0xa7, 0xd9, 0xe0, 0xff, 0xa7, 0xd9, 0xe0, 0xff, 
0xa7, 0xd9, 0xe0, 0xff, 0xa7, 0xd9, 0xe0, 0xff, 0xa7, 0xd9, 0xe0, 0xff, 0xa7, 0xd9, 0xe0, 0xff, 
0xa7, 0xd9, 0xe0, 0xff, 0xa7, 0xd9, 0xe0, 0xff, 0xa7, 0xd9, 0xe0, 0xff, 0xa7, 0xd9, 0xe0, 0xff, 
0xa7, 0xd9, 0xe0, 0xff, 0xa7, 0xd9, 0xe0, 0xff, 0xa7, 0xd9, 0xe0, 0xff, 0xa7, 0xd9, 0xe0, 0xff, 
0xa7, 0xd9, 0xe0, 0xff, 0xa7, 0xd9, 0xe0, 0xff, 0xa7, 0xd9, 0xe0, 0xff, 0xa7, 0xd9, 0xe0, 0xff, 
0xa7, 0xd9, 0xe0, 0xff, 0xa7, 0xd9, 0xe0, 0xff, 0xa7, 0xd9, 0xe0, 0xff, 0xa7, 0xd9, 0xe0, 0xff, 
0xa7, 0xd9, 0xe0, 0xff, 0xa7, 0xd9, 0xe0, 0xff, 0xa7, 0xd9, 0xe0, 0xff, 0xa7, 0xd9, 0xe0, 0xff, 
0xa7, 0xd9, 0xe0, 0xff, 0xa7, 0xd9, 0xe0, 0xff, 0xa7, 0xd9, 0xe0, 0xff, 0xa7, 0xd9, 0xe0, 0xff, 
0xa7, 0xd9, 0xe0, 0xff, 0xa7, 0xd9, 0xe0, 0xff, 0xa7, 0xd9, 0xe0, 0xff, 0xa7, 0xd9, 0xe0, 0xff, 
0xa7, 0xd9, 0xe0, 0xff, 0xa7, 0xd9, 0xe0, 0xff, 0xa7, 0xd9, 0xe0, 0xff, 0xa7, 0xd9, 0xe0, 0xff, 
0xa7, 0xd9, 0xe0, 0xff, 0xa7, 0xd9, 0xe0, 0xff, 0xa7, 0xd9, 0xe0, 0xff, 0xa7, 0xd9, 0xe0, 0xff, 
0xa7, 0xd9, 0xe0, 0xff, 0xa7, 0xd9, 0xe0, 0xff, 0xa7, 0xd9, 0xe0, 0xff, 0xa7, 0xd9, 0xe0, 0xff, 
0xa7, 0xd9, 0xe0, 0xff, 0xa7, 0xd9, 0xe0, 0xff, 0xa7, 0xd9, 0xe0, 0xff, 0xa7, 0xd9, 0xe0, 0xff, 
0xa7, 0xd9, 0xe0, 0xff, 0xa7, 0xd9, 0xe0, 0xff, 0xa7, 0xd9, 0xe0, 0xff, 0xa7, 0xd9, 0xe0, 0xff, 
0xa7, 0xd9, 0xe0, 0xff, 0xa7, 0xd9, 0xe0, 0xff, 0xa7, 0xd9, 0xe0, 0xff, 0xa7, 0xd9, 0xe0, 0xff, 
0xa7, 0xd9, 0xe0, 0xff, 0xa7, 0xd9, 0xe0, 0xff, 0xa7, 0xd9, 0xe0, 0xff, 0xa7, 0xd9, 0xe0, 0xff, 
0xa7, 0xd9, 0xe0, 0xff, 0xa7, 0xd9, 0xe0, 0xff, 0xa7, 0xd9, 0xe0, 0xff, 0xa7, 0xd9, 0xe0, 0xff, 
0xa7, 0xd9, 0xe0, 0xff, 0xa7, 0xd9, 0xe0, 0xff, 0xa7, 0xd9, 0xe0, 0xff, 0xa7, 0xd9, 0xe0, 0xff, 
0xa7, 0xd9, 0xe0, 0xff, 0xa7, 0xd9, 0xe0, 0xff, 0xa7, 0xd9, 0xe0, 0xff, 0xa7, 0xd9, 0xe0, 0xff, 
0xa7, 0xd9, 0xe0, 0xff, 0xa7, 0xd9, 0xe0, 0xff, 0xa7, 0xd9, 0xe0, 0xff, 0xa7, 0xd9, 0xe0, 0xff, 
0xa7, 0xd9, 0xe0, 0xff, 0xa7, 0xd9, 0xe0, 0xff, 0xa7, 0xd9, 0xe0, 0xff, 0xa7, 0xd9, 0xe0, 0xff, 
0xa7, 0xd9, 0xe0, 0xff, 0xa7, 0xd9, 0xe0, 0xff, 0xa7, 0xd9, 0xe0, 0xff, 0xa7, 0xd9, 0xe0, 0xff, 
0xa7, 0xd9, 0xe0, 0xff, 0xa7, 0xd9, 0xe0, 0xff, 0xa7, 0xd9, 0xe0, 0xff, 0xa7, 0xd9, 0xe0, 0xff, 
0xa7, 0xd9, 0xe0, 0xff, 0xa7, 0xd9, 0xe0, 0xff, 0xa7, 0xd9, 0xe0, 0xff, 0xa7, 0xd9, 0xe0, 0xff, 
0xa7, 0xd9, 0xe0, 0xff, 0xa7, 0xd9, 0xe0, 0xff, 0xa7, 0xd9, 0xe0, 0xff, 0xa7, 0xd9, 0xe0, 0xff, 
0xa7, 0xd9, 0xe0, 0xff, 0xa7, 0xd9, 0xe0, 0xff, 0xa7, 0xd9, 0xe0, 0xff, 0xa7, 0xd9, 0xe0, 0xff, 
0xa7, 0xd9, 0xe0, 0xff, 0xa7, 0xd9, 0xe0, 0xff, 0xa7, 0xd9, 0xe0, 0xff, 0xa7, 0xd9, 0xe0, 0xff, 
0xa7, 0xd9, 0xe0, 0xff, 0xa7, 0xd9, 0xe0, 0xff, 0xa7, 0xd9, 0xe0, 0xff, 0xa7, 0xd9, 0xe0, 0xff, 
0xa7, 0xd9, 0xe0, 0xff, 0xa7, 0xd9, 0xe0, 0xff, 0xa7, 0xd9, 0xe0, 0xff, 0xa7, 0xd9, 0xe0, 0xff, 
0xa7, 0xd9, 0xe0, 0xff, 0xa7, 0xd9, 0xe0, 0xff, 0xa7, 0xd9, 0xe0, 0xff, 0xa7, 0xd9, 0xe0, 0xff, 
0xa7, 0xd9, 0xe0, 0xff, 0xa7, 0xd9, 0xe0, 0xff, 0xa7, 0xd9, 0xe0, 0xff, 0xa7, 0xd9, 0xe0, 0xff, 
0xa7, 0xd9, 0xe0, 0xff, 0xa7, 0xd9, 0xe0, 0xff, 0xa7, 0xd9, 0xe0, 0xff, 0xa7, 0xd9, 0xe0, 0xff, 
0xa7, 0xd9, 0xe0, 0xff, 0xa7, 0xd9, 0xe0, 0xff, 0xa7, 0xd9, 0xe0, 0xff, 0xa7, 0xd9, 0xe0, 0xff, 
0xa7, 0xd9, 0xe0, 0xff, 0xa7, 0xd9, 0xe0, 0xff, 0xa7, 0xd9, 0xe0, 0xff, 0xa7, 0xd9, 0xe0, 0xff, 
0xa7, 0xd9, 0xe0, 0xff, 0xa7, 0xd9, 0xe0, 0xff, 0xa7, 0xd9, 0xe0, 0xff, 0xa7, 0xd9, 0xe0, 0xff, 
0xa7, 0xd9, 0xe0, 0xff, 0xa7, 0xd9, 0xe0, 0xff, 0xa7, 0xd9, 0xe0, 0xff, 0xa7, 0xd9, 0xe0, 0xff, 
0xa7, 0xd9, 0xe0, 0xff, 0xa7, 0xd9, 0xe0, 0xff, 0xa7, 0xd9, 0xe0, 0xff, 0xa7, 0xd9, 0xe0, 0xff, 
0xa7, 0xd9, 0xe0, 0xff, 0xa7, 0xd9, 0xe0, 0xff, 0xa7, 0xd9, 0xe0, 0xff, 0xa7, 0xd9, 0xe0, 0xff, 
0xa7, 0xd9, 0xe0, 0xff, 0xa7, 0xd9, 0xe0, 0xff, 0xa7, 0xd9, 0xe0, 0xff, 0xa7, 0xd9, 0xe0, 0xff, 
0xa7, 0xd9, 0xe0, 0xff, 0xa7, 0xd9, 0xe0, 0xff, 0xa7, 0xd9, 0xe0, 0xff, 0xa7, 0xd9, 0xe0, 0xff, 
0xa7, 0xd9, 0xe0, 0xff, 0xa7, 0xd9, 0xe0, 0xff, 0xa7, 0xd9, 0xe0, 0xff, 0xa7, 0xd9, 0xe0, 0xff, 
0xa7, 0xd9, 0xe0, 0xff, 0xa7, 0xd9, 0xe0, 0xff, 0xa7, 0xd9, 0xe0, 0xff, 0xa7, 0xd9, 0xe0, 0xff, 
0xa7, 0xd9, 0xe0, 0xff, 0xa7, 0xd9, 0xe0, 0xff, 0xa7, 0xd9, 0xe0, 0xff, 0xa7, 0xd9, 0xe0, 0xff, 
0xa7, 0xd9, 0xe0, 0xff, 0xa7, 0xd9, 0xe0, 0xff, 0xa7, 0xd9, 0xe0, 0xff, 0xa7, 0xd9, 0xe0, 0xff, 
0xa6, 0xd8, 0xdf, 0xff, 0xa6, 0xd8, 0xdf, 0xff, 0xa6, 0xd8, 0xdf, 0xff, 0xa6, 0xd8, 0xdf, 0xff, 
0xa6, 0xd8, 0xdf, 0xff, 0xa6, 0xd8, 0xdf, 0xff, 0xa6, 0xd8, 0xdf, 0xff, 0xa6, 0xd8, 0xdf, 0xff, 
0xa6, 0xd8, 0xdf, 0xff, 0xa6, 0xd8, 0xdf, 0xff, 0xa6, 0xd8, 0xdf, 0xff, 0xa6, 0xd8, 0xdf, 0xff, 
0xa6, 0xd8, 0xdf, 0xff, 0xa6, 0xd8, 0xdf, 0xff, 0xa6, 0xd8, 0xdf, 0xff, 0xa6, 0xd8, 0xdf, 0xff, 
0xa6, 0xd8, 0xdf, 0xff, 0xa6, 0xd8, 0xdf, 0xff, 0xa6, 0xd8, 0xdf, 0xff, 0xa6, 0xd8, 0xdf, 0xff, 
0xa6, 0xd8, 0xdf, 0xff, 0xa6, 0xd8, 0xdf, 0xff, 0xa6, 0xd8, 0xdf, 0xff, 0xa6, 0xd8, 0xdf, 0xff, 
0xa6, 0xd8, 0xdf, 0xff, 0xa6, 0xd8, 0xdf, 0xff, 0xa6, 0xd8, 0xdf, 0xff, 0xa6, 0xd8, 0xdf, 0xff, 
0xa6, 0xd8, 0xdf, 0xff, 0xa6, 0xd8, 0xdf, 0xff, 0xa6, 0xd8, 0xdf, 0xff, 0xa6, 0xd8, 0xdf, 0xff, 
0xa6, 0xd8, 0xdf, 0xff, 0xa6, 0xd8, 0xdf, 0xff, 0xa6, 0xd8, 0xdf, 0xff, 0xa6, 0xd8, 0xdf, 0xff, 
0xa6, 0xd8, 0xdf, 0xff, 0xa6, 0xd8, 0xdf, 0xff, 0xa6, 0xd8, 0xdf, 0xff, 0xa6, 0xd8, 0xdf, 0xff, 
0xa6, 0xd8, 0xdf, 0xff, 0xa6, 0xd8, 0xdf, 0xff, 0xa6, 0xd8, 0xdf, 0xff, 0xa6, 0xd8, 0xdf, 0xff, 
0xa6, 0xd8, 0xdf, 0xff, 0xa6, 0xd8, 0xdf, 0xff, 0xa6, 0xd8, 0xdf, 0xff, 0xa6, 0xd8, 0xdf, 0xff, 
0xa6, 0xd8, 0xdf, 0xff, 0xa6, 0xd8, 0xdf, 0xff, 0xa6, 0xd8, 0xdf, 0xff, 0xa6, 0xd8, 0xdf, 0xff, 
0xa6, 0xd8, 0xdf, 0xff, 0xa6, 0xd8, 0xdf, 0xff, 0xa6, 0xd8, 0xdf, 0xff, 0xa6, 0xd8, 0xdf, 0xff, 
0xa6, 0xd8, 0xdf, 0xff, 0xa6, 0xd8, 0xdf, 0xff, 0xa6, 0xd8, 0xdf, 0xff, 0xa6, 0xd8, 0xdf, 0xff, 
0xa6, 0xd8, 0xdf, 0xff, 0xa6, 0xd8, 0xdf, 0xff, 0xa6, 0xd8, 0xdf, 0xff, 0xa6, 0xd8, 0xdf, 0xff, 
0xa6, 0xd8, 0xdf, 0xff, 0xa6, 0xd8, 0xdf, 0xff, 0xa6, 0xd8, 0xdf, 0xff, 0xa6, 0xd8, 0xdf, 0xff, 
0xa6, 0xd8, 0xdf, 0xff, 0xa6, 0xd8, 0xdf, 0xff, 0xa6, 0xd8, 0xdf, 0xff, 0xa6, 0xd8, 0xdf, 0xff, 
0xa6, 0xd8, 0xdf, 0xff, 0xa6, 0xd8, 0xdf, 0xff, 0xa6, 0xd8, 0xdf, 0xff, 0xa6, 0xd8, 0xdf, 0xff, 
0xa6, 0xd8, 0xdf, 0xff, 0xa6, 0xd8, 0xdf, 0xff, 0xa6, 0xd8, 0xdf, 0xff, 0xa6, 0xd8, 0xdf, 0xff, 
0xa6, 0xd8, 0xdf, 0xff, 0xa6, 0xd8, 0xdf, 0xff, 0xa6, 0xd8, 0xdf, 0xff, 0xa6, 0xd8, 0xdf, 0xff, 
0xa6, 0xd8, 0xdf, 0xff, 0xa6, 0xd8, 0xdf, 0xff, 0xa6, 0xd8, 0xdf, 0xff, 0xa6, 0xd8, 0xdf, 0xff, 
0xa6, 0xd8, 0xdf, 0xff, 0xa6, 0xd8, 0xdf, 0xff, 0xa6, 0xd8, 0xdf, 0xff, 0xa6, 0xd8, 0xdf, 0xff, 
0xa6, 0xd8, 0xdf, 0xff, 0xa6, 0xd8, 0xdf, 0xff, 0xa6, 0xd8, 0xdf, 0xff, 0xa6, 0xd8, 0xdf, 0xff, 
0xa6, 0xd8, 0xdf, 0xff, 0xa6, 0xd8, 0xdf, 0xff, 0xa6, 0xd8, 0xdf, 0xff, 0xa6, 0xd8, 0xdf, 0xff, 
0xa6, 0xd8, 0xdf, 0xff, 0xa6, 0xd8, 0xdf, 0xff, 0xa6, 0xd8, 0xdf, 0xff, 0xa6, 0xd8, 0xdf, 0xff, 
0xa6, 0xd8, 0xdf, 0xff, 0xa6, 0xd8, 0xdf, 0xff, 0xa6, 0xd8, 0xdf, 0xff, 0xa6, 0xd8, 0xdf, 0xff, 
0xa6, 0xd8, 0xdf, 0xff, 0xa6, 0xd8, 0xdf, 0xff, 0xa6, 0xd8, 0xdf, 0xff, 0xa6, 0xd8, 0xdf, 0xff, 
0xa6, 0xd8, 0xdf, 0xff, 0xa6, 0xd8, 0xdf, 0xff, 0xa6, 0xd8, 0xdf, 0xff, 0xa6, 0xd8, 0xdf, 0xff, 
0xa6, 0xd8, 0xdf, 0xff, 0xa6, 0xd8, 0xdf, 0xff, 0xa6, 0xd8, 0xdf, 0xff, 0xa6, 0xd8, 0xdf, 0xff, 
0xa6, 0xd8, 0xdf, 0xff, 0xa6, 0xd8, 0xdf, 0xff, 0xa6, 0xd8, 0xdf, 0xff, 0xa6, 0xd8, 0xdf, 0xff, 
0xa6, 0xd8, 0xdf, 0xff, 0xa6, 0xd8, 0xdf, 0xff, 0xa6, 0xd8, 0xdf, 0xff, 0xa6, 0xd8, 0xdf, 0xff, 
0xa6, 0xd8, 0xdf, 0xff, 0xa6, 0xd8, 0xdf, 0xff, 0xa6, 0xd8, 0xdf, 0xff, 0xa6, 0xd8, 0xdf, 0xff, 
0xa6, 0xd8, 0xdf, 0xff, 0xa6, 0xd8, 0xdf, 0xff, 0xa6, 0xd8, 0xdf, 0xff, 0xa6, 0xd8, 0xdf, 0xff, 
0xa6, 0xd8, 0xdf, 0xff, 0xa6, 0xd8, 0xdf, 0xff, 0xa6, 0xd8, 0xdf, 0xff, 0xa6, 0xd8, 0xdf, 0xff, 
0xa6, 0xd8, 0xdf, 0xff, 0xa6, 0xd8, 0xdf, 0xff, 0xa6, 0xd8, 0xdf, 0xff, 0xa6, 0xd8, 0xdf, 0xff, 
0xa6, 0xd8, 0xdf, 0xff, 0xa6, 0xd8, 0xdf, 0xff, 0xa6, 0xd8, 0xdf, 0xff, 0xa6, 0xd8, 0xdf, 0xff, 
0xa6, 0xd8, 0xdf, 0xff, 0xa6, 0xd8, 0xdf, 0xff, 0xa6, 0xd8, 0xdf, 0xff, 0xa6, 0xd8, 0xdf, 0xff, 
0xa6, 0xd8, 0xdf, 0xff, 0xa6, 0xd8, 0xdf, 0xff, 0xa6, 0xd8, 0xdf, 0xff, 0xa6, 0xd8, 0xdf, 0xff, 
0xa6, 0xd8, 0xdf, 0xff, 0xa6, 0xd8, 0xdf, 0xff, 0xa6, 0xd8, 0xdf, 0xff, 0xa6, 0xd8, 0xdf, 0xff, 
0xa6, 0xd8, 0xdf, 0xff, 0xa6, 0xd8, 0xdf, 0xff, 0xa6, 0xd8, 0xdf, 0xff, 0xa6, 0xd8, 0xdf, 0xff, 
0xa6, 0xd8, 0xdf, 0xff, 0xa6, 0xd8, 0xdf, 0xff, 0xa6, 0xd8, 0xdf, 0xff, 0xa6, 0xd8, 0xdf, 0xff, 
0xa6, 0xd8, 0xdf, 0xff, 0xa6, 0xd8, 0xdf, 0xff, 0xa6, 0xd8, 0xdf, 0xff, 0xa6, 0xd8, 0xdf, 0xff, 
0xa6, 0xd8, 0xdf, 0xff, 0xa6, 0xd8, 0xdf, 0xff, 0xa6, 0xd8, 0xdf, 0xff, 0xa6, 0xd8, 0xdf, 0xff, 
0xa6, 0xd8, 0xdf, 0xff, 0xa6, 0xd8, 0xdf, 0xff, 0xa6, 0xd8, 0xdf, 0xff, 0xa6, 0xd8, 0xdf, 0xff, 
0xa6, 0xd8, 0xdf, 0xff, 0xa6, 0xd8, 0xdf, 0xff, 0xa6, 0xd8, 0xdf, 0xff, 0xa6, 0xd8, 0xdf, 0xff, 
0xa6, 0xd8, 0xdf, 0xff, 0xa6, 0xd8, 0xdf, 0xff, 0xa6, 0xd8, 0xdf, 0xff, 0xa6, 0xd8, 0xdf, 0xff, 
0xa6, 0xd8, 0xdf, 0xff, 0xa6, 0xd8, 0xdf, 0xff, 0xa6, 0xd8, 0xdf, 0xff, 0xa6, 0xd8, 0xdf, 0xff, 
0xa6, 0xd8, 0xdf, 0xff, 0xa6, 0xd8, 0xdf, 0xff, 0xa6, 0xd8, 0xdf, 0xff, 0xa6, 0xd8, 0xdf, 0xff, 
0xa6, 0xd8, 0xdf, 0xff, 0xa6, 0xd8, 0xdf, 0xff, 0xa6, 0xd8, 0xdf, 0xff, 0xa6, 0xd8, 0xdf, 0xff, 
0xa6, 0xd8, 0xdf, 0xff, 0xa6, 0xd8, 0xdf, 0xff, 0xa6, 0xd8, 0xdf, 0xff, 0xa6, 0xd8, 0xdf, 0xff, 
0xa6, 0xd8, 0xdf, 0xff, 0xa6, 0xd8, 0xdf, 0xff, 0xa6, 0xd8, 0xdf, 0xff, 0xa6, 0xd8, 0xdf, 0xff, 
0xa6, 0xd8, 0xdf, 0xff, 0xa6, 0xd8, 0xdf, 0xff, 0xa6, 0xd8, 0xdf, 0xff, 0xa6, 0xd8, 0xdf, 0xff, 
0xa6, 0xd8, 0xdf, 0xff, 0xa6, 0xd8, 0xdf, 0xff, 0xa6, 0xd8, 0xdf, 0xff, 0xa6, 0xd8, 0xdf, 0xff, 
0xa6, 0xd8, 0xdf, 0xff, 0xa6, 0xd8, 0xdf, 0xff, 0xa6, 0xd8, 0xdf, 0xff, 0xa6, 0xd8, 0xdf, 0xff, 
0xa6, 0xd8, 0xdf, 0xff, 0xa6, 0xd8, 0xdf, 0xff, 0xa6, 0xd8, 0xdf, 0xff, 0xa6, 0xd8, 0xdf, 0xff, 
0xa6, 0xd8, 0xdf, 0xff, 0xa6, 0xd8, 0xdf, 0xff, 0xa6, 0xd8, 0xdf, 0xff, 0xa6, 0xd8, 0xdf, 0xff, 
0xa6, 0xd8, 0xdf, 0xff, 0xa6, 0xd8, 0xdf, 0xff, 0xa6, 0xd8, 0xdf, 0xff, 0xa6, 0xd8, 0xdf, 0xff, 
0xa6, 0xd8, 0xdf, 0xff, 0xa6, 0xd8, 0xdf, 0xff, 0xa6, 0xd8, 0xdf, 0xff, 0xa6, 0xd8, 0xdf, 0xff, 
0xa6, 0xd8, 0xdf, 0xff, 0xa6, 0xd8, 0xdf, 0xff, 0xa6, 0xd8, 0xdf, 0xff, 0xa6, 0xd8, 0xdf, 0xff, 
0xa6, 0xd8, 0xdf, 0xff, 0xa6, 0xd8, 0xdf, 0xff, 0xa6, 0xd8, 0xdf, 0xff, 0xa6, 0xd8, 0xdf, 0xff, 
0xa6, 0xd8, 0xdf, 0xff, 0xa6, 0xd8, 0xdf, 0xff, 0xa6, 0xd8, 0xdf, 0xff, 0xa6, 0xd8, 0xdf, 0xff, 
0xa6, 0xd8, 0xdf, 0xff, 0xa6, 0xd8, 0xdf, 0xff, 0xa6, 0xd8, 0xdf, 0xff, 0xa6, 0xd8, 0xdf, 0xff, 
0xa6, 0xd8, 0xdf, 0xff, 0xa6, 0xd8, 0xdf, 0xff, 0xa6, 0xd8, 0xdf, 0xff, 0xa6, 0xd8, 0xdf, 0xff, 
0xa7, 0xd9, 0xe0, 0xff, 0xa7, 0xd9, 0xe0, 0xff, 0xa7, 0xd9, 0xe0, 0xff, 0xa7, 0xd9, 0xe0, 0xff, 
0xa7, 0xd9, 0xe0, 0xff, 0xa7, 0xd9, 0xe0, 0xff, 0xa7, 0xd9, 0xe0, 0xff, 0xa7, 0xd9, 0xe0, 0xff, 
0xa7, 0xd9, 0xe0, 0xff, 0xa7, 0xd9, 0xe0, 0xff, 0xa7, 0xd9, 0xe0, 0xff, 0xa7, 0xd9, 0xe0, 0xff, 
0xa7, 0xd9, 0xe0, 0xff, 0xa7, 0xd9, 0xe0, 0xff, 0xa7, 0xd9, 0xe0, 0xff, 0xa7, 0xd9, 0xe0, 0xff, 
0xa7, 0xd9, 0xe0, 0xff, 0xa7, 0xd9, 0xe0, 0xff, 0xa7, 0xd9, 0xe0, 0xff, 0xa7, 0xd9, 0xe0, 0xff, 
0xa7, 0xd9, 0xe0, 0xff, 0xa7, 0xd9, 0xe0, 0xff, 0xa7, 0xd9, 0xe0, 0xff, 0xa7, 0xd9, 0xe0, 0xff, 
0xa7, 0xd9, 0xe0, 0xff, 0xa7, 0xd9, 0xe0, 0xff, 0xa7, 0xd9, 0xe0, 0xff, 0xa7, 0xd9, 0xe0, 0xff, 
0xa7, 0xd9, 0xe0, 0xff, 0xa7, 0xd9, 0xe0, 0xff, 0xa7, 0xd9, 0xe0, 0xff, 0xa7, 0xd9, 0xe0, 0xff, 
0xa7, 0xd9, 0xe0, 0xff, 0xa7, 0xd9, 0xe0, 0xff, 0xa7, 0xd9, 0xe0, 0xff, 0xa7, 0xd9, 0xe0, 0xff, 
0xa7, 0xd9, 0xe0, 0xff, 0xa7, 0xd9, 0xe0, 0xff, 0xa7, 0xd9, 0xe0, 0xff, 0xa7, 0xd9, 0xe0, 0xff, 
0xa7, 0xd9, 0xe0, 0xff, 0xa7, 0xd9, 0xe0, 0xff, 0xa7, 0xd9, 0xe0, 0xff, 0xa7, 0xd9, 0xe0, 0xff, 
0xa7, 0xd9, 0xe0, 0xff, 0xa7, 0xd9, 0xe0, 0xff, 0xa7, 0xd9, 0xe0, 0xff, 0xa7, 0xd9, 0xe0, 0xff, 
0xa7, 0xd9, 0xe0, 0xff, 0xa7, 0xd9, 0xe0, 0xff, 0xa7, 0xd9, 0xe0, 0xff, 0xa7, 0xd9, 0xe0, 0xff, 
0xa7, 0xd9, 0xe0, 0xff, 0xa7, 0xd9, 0xe0, 0xff, 0xa7, 0xd9, 0xe0, 0xff, 0xa7, 0xd9, 0xe0, 0xff, 
0xa7, 0xd9, 0xe0, 0xff, 0xa7, 0xd9, 0xe0, 0xff, 0xa7, 0xd9, 0xe0, 0xff, 0xa7, 0xd9, 0xe0, 0xff, 
0xa7, 0xd9, 0xe0, 0xff, 0xa7, 0xd9, 0xe0, 0xff, 0xa7, 0xd9, 0xe0, 0xff, 0xa7, 0xd9, 0xe0, 0xff, 
0xa7, 0xd9, 0xe0, 0xff, 0xa7, 0xd9, 0xe0, 0xff, 0xa7, 0xd9, 0xe0, 0xff, 0xa7, 0xd9, 0xe0, 0xff, 
0xa7, 0xd9, 0xe0, 0xff, 0xa7, 0xd9, 0xe0, 0xff, 0xa7, 0xd9, 0xe0, 0xff, 0xa7, 0xd9, 0xe0, 0xff, 
0xa7, 0xd9, 0xe0, 0xff, 0xa7, 0xd9, 0xe0, 0xff, 0xa7, 0xd9, 0xe0, 0xff, 0xa7, 0xd9, 0xe0, 0xff, 
0xa7, 0xd9, 0xe0, 0xff, 0xa7, 0xd9, 0xe0, 0xff, 0xa7, 0xd9, 0xe0, 0xff, 0xa7, 0xd9, 0xe0, 0xff, 
0xa7, 0xd9, 0xe0, 0xff, 0xa7, 0xd9, 0xe0, 0xff, 0xa7, 0xd9, 0xe0, 0xff, 0xa7, 0xd9, 0xe0, 0xff, 
0xa7, 0xd9, 0xe0, 0xff, 0xa7, 0xd9, 0xe0, 0xff, 0xa7, 0xd9, 0xe0, 0xff, 0xa7, 0xd9, 0xe0, 0xff, 
0xa7, 0xd9, 0xe0, 0xff, 0xa7, 0xd9, 0xe0, 0xff, 0xa7, 0xd9, 0xe0, 0xff, 0xa7, 0xd9, 0xe0, 0xff, 
0xa7, 0xd9, 0xe0, 0xff, 0xa7, 0xd9, 0xe0, 0xff, 0xa7, 0xd9, 0xe0, 0xff, 0xa7, 0xd9, 0xe0, 0xff, 
0xa7, 0xd9, 0xe0, 0xff, 0xa7, 0xd9, 0xe0, 0xff, 0xa7, 0xd9, 0xe0, 0xff, 0xa7, 0xd9, 0xe0, 0xff, 
0xa7, 0xd9, 0xe0, 0xff, 0xa7, 0xd9, 0xe0, 0xff, 0xa7, 0xd9, 0xe0, 0xff, 0xa7, 0xd9, 0xe0, 0xff, 
0xa7, 0xd9, 0xe0, 0xff, 0xa7, 0xd9, 0xe0, 0xff, 0xa7, 0xd9, 0xe0, 0xff, 0xa7, 0xd9, 0xe0, 0xff, 
0xa7, 0xd9, 0xe0, 0xff, 0xa7, 0xd9, 0xe0, 0xff, 0xa7, 0xd9, 0xe0, 0xff, 0xa7, 0xd9, 0xe0, 0xff, 
0xa7, 0xd9, 0xe0, 0xff, 0xa7, 0xd9, 0xe0, 0xff, 0xa7, 0xd9, 0xe0, 0xff, 0xa7, 0xd9, 0xe0, 0xff, 
0xa7, 0xd9, 0xe0, 0xff, 0xa7, 0xd9, 0xe0, 0xff, 0xa7, 0xd9, 0xe0, 0xff, 0xa7, 0xd9, 0xe0, 0xff, 
0xa7, 0xd9, 0xe0, 0xff, 0xa7, 0xd9, 0xe0, 0xff, 0xa7, 0xd9, 0xe0, 0xff, 0xa7, 0xd9, 0xe0, 0xff, 
0xa7, 0xd9, 0xe0, 0xff, 0xa7, 0xd9, 0xe0, 0xff, 0xa7, 0xd9, 0xe0, 0xff, 0xa7, 0xd9, 0xe0, 0xff, 
0xa7, 0xd9, 0xe0, 0xff, 0xa7, 0xd9, 0xe0, 0xff, 0xa7, 0xd9, 0xe0, 0xff, 0xa7, 0xd9, 0xe0, 0xff, 
0xa7, 0xd9, 0xe0, 0xff, 0xa7, 0xd9, 0xe0, 0xff, 0xa7, 0xd9, 0xe0, 0xff, 0xa7, 0xd9, 0xe0, 0xff, 
0xa7, 0xd9, 0xe0, 0xff, 0xa7, 0xd9, 0xe0, 0xff, 0xa7, 0xd9, 0xe0, 0xff, 0xa7, 0xd9, 0xe0, 0xff, 
0xa7, 0xd9, 0xe0, 0xff, 0xa7, 0xd9, 0xe0, 0xff, 0xa7, 0xd9, 0xe0, 0xff, 0xa7, 0xd9, 0xe0, 0xff, 
0xa7, 0xd9, 0xe0, 0xff, 0xa7, 0xd9, 0xe0, 0xff, 0xa7, 0xd9, 0xe0, 0xff, 0xa7, 0xd9, 0xe0, 0xff, 
0xa7, 0xd9, 0xe0, 0xff, 0xa7, 0xd9, 0xe0, 0xff, 0xa7, 0xd9, 0xe0, 0xff, 0xa7, 0xd9, 0xe0, 0xff, 
0xa7, 0xd9, 0xe0, 0xff, 0xa7, 0xd9, 0xe0, 0xff, 0xa7, 0xd9, 0xe0, 0xff, 0xa7, 0xd9, 0xe0, 0xff, 
0xa7, 0xd9, 0xe0, 0xff, 0xa7, 0xd9, 0xe0, 0xff, 0xa7, 0xd9, 0xe0, 0xff, 0xa7, 0xd9, 0xe0, 0xff, 
0xa7, 0xd9, 0xe0, 0xff, 0xa7, 0xd9, 0xe0, 0xff, 0xa7, 0xd9, 0xe0, 0xff, 0xa7, 0xd9, 0xe0, 0xff, 
0xa7, 0xd9, 0xe0, 0xff, 0xa7, 0xd9, 0xe0, 0xff, 0xa7, 0xd9, 0xe0, 0xff, 0xa7, 0xd9, 0xe0, 0xff, 
0xa7, 0xd9, 0xe0, 0xff, 0xa7, 0xd9, 0xe0, 0xff, 0xa7, 0xd9, 0xe0, 0xff, 0xa7, 0xd9, 0xe0, 0xff, 
0xa7, 0xd9, 0xe0, 0xff, 0xa7, 0xd9, 0xe0, 0xff, 0xa7, 0xd9, 0xe0, 0xff, 0xa7, 0xd9, 0xe0, 0xff, 
0xa7, 0xd9, 0xe0, 0xff, 0xa7, 0xd9, 0xe0, 0xff, 0xa7, 0xd9, 0xe0, 0xff, 0xa7, 0xd9, 0xe0, 0xff, 
0xa7, 0xd9, 0xe0, 0xff, 0xa7, 0xd9, 0xe0, 0xff, 0xa7, 0xd9, 0xe0, 0xff, 0xa7, 0xd9, 0xe0, 0xff, 
0xa7, 0xd9, 0xe0, 0xff, 0xa7, 0xd9, 0xe0, 0xff, 0xa7, 0xd9, 0xe0, 0xff, 0xa7, 0xd9, 0xe0, 0xff, 
0xa7, 0xd9, 0xe0, 0xff, 0xa7, 0xd9, 0xe0, 0xff, 0xa7, 0xd9, 0xe0, 0xff, 0xa7, 0xd9, 0xe0, 0xff, 
0xa7, 0xd9, 0xe0, 0xff, 0xa7, 0xd9, 0xe0, 0xff, 0xa7, 0xd9, 0xe0, 0xff, 0xa7, 0xd9, 0xe0, 0xff, 
0xa7, 0xd9, 0xe0, 0xff, 0xa7, 0xd9, 0xe0, 0xff, 0xa7, 0xd9, 0xe0, 0xff, 0xa7, 0xd9, 0xe0, 0xff, 
0xa7, 0xd9, 0xe0, 0xff, 0xa7, 0xd9, 0xe0, 0xff, 0xa7, 0xd9, 0xe0, 0xff, 0xa7, 0xd9, 0xe0, 0xff, 
0xa7, 0xd9, 0xe0, 0xff, 0xa7, 0xd9, 0xe0, 0xff, 0xa7, 0xd9, 0xe0, 0xff, 0xa7, 0xd9, 0xe0, 0xff, 
0xa7, 0xd9, 0xe0, 0xff, 0xa7, 0xd9, 0xe0, 0xff, 0xa7, 0xd9, 0xe0, 0xff, 0xa7, 0xd9, 0xe0, 0xff, 
0xa7, 0xd9, 0xe0, 0xff, 0xa7, 0xd9, 0xe0, 0xff, 0xa7, 0xd9, 0xe0, 0xff, 0xa7, 0xd9, 0xe0, 0xff, 
0xa7, 0xd9, 0xe0, 0xff, 0xa7, 0xd9, 0xe0, 0xff, 0xa7, 0xd9, 0xe0, 0xff, 0xa7, 0xd9, 0xe0, 0xff, 
0xa7, 0xd9, 0xe0, 0xff, 0xa7, 0xd9, 0xe0, 0xff, 0xa7, 0xd9, 0xe0, 0xff, 0xa7, 0xd9, 0xe0, 0xff, 
0xa7, 0xd9, 0xe0, 0xff, 0xa7, 0xd9, 0xe0, 0xff, 0xa7, 0xd9, 0xe0, 0xff, 0xa7, 0xd9, 0xe0, 0xff, 
0xa7, 0xd9, 0xe0, 0xff, 0xa7, 0xd9, 0xe0, 0xff, 0xa7, 0xd9, 0xe0, 0xff, 0xa7, 0xd9, 0xe0, 0xff, 
0xa7, 0xd9, 0xe0, 0xff, 0xa7, 0xd9, 0xe0, 0xff, 0xa7, 0xd9, 0xe0, 0xff, 0xa7, 0xd9, 0xe0, 0xff, 
0xa7, 0xd9, 0xe0, 0xff, 0xa7, 0xd9, 0xe0, 0xff, 0xa7, 0xd9, 0xe0, 0xff, 0xa7, 0xd9, 0xe0, 0xff, 
0xa7, 0xd9, 0xe0, 0xff, 0xa7, 0xd9, 0xe0, 0xff, 0xa7, 0xd9, 0xe0, 0xff, 0xa7, 0xd9, 0xe0, 0xff, 
0xa7, 0xd9, 0xe0, 0xff, 0xa7, 0xd9, 0xe0, 0xff, 0xa7, 0xd9, 0xe0, 0xff, 0xa7, 0xd9, 0xe0, 0xff, 
0xa7, 0xd9, 0xe0, 0xff, 0xa7, 0xd9, 0xe0, 0xff, 0xa7, 0xd9, 0xe0, 0xff, 0xa7, 0xd9, 0xe0, 0xff, 
0xa7, 0xd9, 0xe0, 0xff, 0xa7, 0xd9, 0xe0, 0xff, 0xa7, 0xd9, 0xe0, 0xff, 0xa7, 0xd9, 0xe0, 0xff, 
0xa7, 0xd9, 0xe0, 0xff, 0xa7, 0xd9, 0xe0, 0xff, 0xa7, 0xd9, 0xe0, 0xff, 0xa7, 0xd9, 0xe0, 0xff, 
0xa7, 0xd9, 0xe0, 0xff, 0xa7, 0xd9, 0xe0, 0xff, 0xa7, 0xd9, 0xe0, 0xff, 0xa7, 0xd9, 0xe0, 0xff, 
0xa7, 0xd9, 0xe0, 0xff, 0xa7, 0xd9, 0xe0, 0xff, 0xa7, 0xd9, 0xe0, 0xff, 0xa7, 0xd9, 0xe0, 0xff, 
0xa7, 0xd9, 0xe0, 0xff, 0xa7, 0xd9, 0xe0, 0xff, 0xa7, 0xd9, 0xe0, 0xff, 0xa7, 0xd9, 0xe0, 0xff, 
0xa7, 0xd9, 0xe0, 0xff, 0xa7, 0xd9, 0xe0, 0xff, 0xa7, 0xd9, 0xe0, 0xff, 0xa7, 0xd9, 0xe0, 0xff, 
0xa7, 0xd9, 0xe0, 0xff, 0xa7, 0xd9, 0xe0, 0xff, 0xa7, 0xd9, 0xe0, 0xff, 0xa7, 0xd9, 0xe0, 0xff, 
0xa7, 0xd9, 0xe0, 0xff, 0xa7, 0xd9, 0xe0, 0xff, 0xa7, 0xd9, 0xe0, 0xff, 0xa7, 0xd9, 0xe0, 0xff, 
0xa7, 0xd9, 0xe0, 0xff, 0xa7, 0xd9, 0xe0, 0xff, 0xa7, 0xd9, 0xe0, 0xff, 0xa7, 0xd9, 0xe0, 0xff, 
0xa7, 0xd9, 0xe0, 0xff, 0xa7, 0xd9, 0xe0, 0xff, 0xa7, 0xd9, 0xe0, 0xff, 0xa7, 0xd9, 0xe0, 0xff, 
0xa7, 0xd9, 0xe0, 0xff, 0xa7, 0xd9, 0xe0, 0xff, 0xa7, 0xd9, 0xe0, 0xff, 0xa7, 0xd9, 0xe0, 0xff, 
0xa7, 0xd9, 0xe0, 0xff, 0xa7, 0xd9, 0xe0, 0xff, 0xa7, 0xd9, 0xe0, 0xff, 0xa7, 0xd9, 0xe0, 0xff, 
0xa7, 0xd9, 0xe0, 0xff, 0xa7, 0xd9, 0xe0, 0xff, 0xa7, 0xd9, 0xe0, 0xff, 0xa7, 0xd9, 0xe0, 0xff, 
0xa7, 0xd9, 0xe0, 0xff, 0xa7, 0xd9, 0xe0, 0xff, 0xa7, 0xd9, 0xe0, 0xff, 0xa7, 0xd9, 0xe0, 0xff, 
0xa7, 0xd9, 0xe0, 0xff, 0xa7, 0xd9, 0xe0, 0xff, 0xa7, 0xd9, 0xe0, 0xff, 0xa7, 0xd9, 0xe0, 0xff, 
0xa7, 0xd9, 0xe0, 0xff, 0xa7, 0xd9, 0xe0, 0xff, 0xa7, 0xd9, 0xe0, 0xff, 0xa7, 0xd9, 0xe0, 0xff, 
0xa7, 0xd9, 0xe0, 0xff, 0xa7, 0xd9, 0xe0, 0xff, 0xa7, 0xd9, 0xe0, 0xff, 0xa7, 0xd9, 0xe0, 0xff, 
0xa7, 0xd9, 0xe0, 0xff, 0xa7, 0xd9, 0xe0, 0xff, 0xa7, 0xd9, 0xe0, 0xff, 0xa7, 0xd9, 0xe0, 0xff, 
0xa7, 0xd9, 0xe0, 0xff, 0xa7, 0xd9, 0xe0, 0xff, 0xa7, 0xd9, 0xe0, 0xff, 0xa7, 0xd9, 0xe0, 0xff, 
0xa7, 0xd9, 0xe0, 0xff, 0xa7, 0xd9, 0xe0, 0xff, 0xa7, 0xd9, 0xe0, 0xff, 0xa7, 0xd9, 0xe0, 0xff, 
0xa7, 0xd9, 0xe0, 0xff, 0xa7, 0xd9, 0xe0, 0xff, 0xa7, 0xd9, 0xe0, 0xff, 0xa7, 0xd9, 0xe0, 0xff, 
0xa7, 0xd9, 0xe0, 0xff, 0xa7, 0xd9, 0xe0, 0xff, 0xa7, 0xd9, 0xe0, 0xff, 0xa7, 0xd9, 0xe0, 0xff, 
0xa7, 0xd9, 0xe0, 0xff, 0xa7, 0xd9, 0xe0, 0xff, 0xa7, 0xd9, 0xe0, 0xff, 0xa7, 0xd9, 0xe0, 0xff, 
0xa7, 0xd9, 0xe0, 0xff, 0xa7, 0xd9, 0xe0, 0xff, 0xa7, 0xd9, 0xe0, 0xff, 0xa7, 0xd9, 0xe0, 0xff, 
0xa7, 0xd9, 0xe0, 0xff, 0xa7, 0xd9, 0xe0, 0xff, 0xa7, 0xd9, 0xe0, 0xff, 0xa7, 0xd9, 0xe0, 0xff, 
0xa7, 0xd9, 0xe0, 0xff, 0xa7, 0xd9, 0xe0, 0xff, 0xa7, 0xd9, 0xe0, 0xff, 0xa7, 0xd9, 0xe0, 0xff, 
0xa7, 0xd9, 0xe0, 0xff, 0xa7, 0xd9, 0xe0, 0xff, 0xa7, 0xd9, 0xe0, 0xff, 0xa7, 0xd9, 0xe0, 0xff, 
0xa7, 0xd9, 0xe0, 0xff, 0xa7, 0xd9, 0xe0, 0xff, 0xa7, 0xd9, 0xe0, 0xff, 0xa7, 0xd9, 0xe0, 0xff, 
0xa7, 0xd9, 0xe0, 0xff, 0xa7, 0xd9, 0xe0, 0xff, 0xa7, 0xd9, 0xe0, 0xff, 0xa7, 0xd9, 0xe0, 0xff, 
0xa7, 0xd9, 0xe0, 0xff, 0xa7, 0xd9, 0xe0, 0xff, 0xa7, 0xd9, 0xe0, 0xff, 0xa7, 0xd9, 0xe0, 0xff, 
0xa7, 0xd9, 0xe0, 0xff, 0xa7, 0xd9, 0xe0, 0xff, 0xa7, 0xd9, 0xe0, 0xff, 0xa7, 0xd9, 0xe0, 0xff, 
0xa7, 0xd9, 0xe0, 0xff, 0xa7, 0xd9, 0xe0, 0xff, 0xa7, 0xd9, 0xe0, 0xff, 0xa7, 0xd9, 0xe0, 0xff, 
0xa7, 0xd9, 0xe0, 0xff, 0xa7, 0xd9, 0xe0, 0xff, 0xa7, 0xd9, 0xe0, 0xff, 0xa7, 0xd9, 0xe0, 0xff, 
0xa7, 0xd9, 0xe0, 0xff, 0xa7, 0xd9, 0xe0, 0xff, 0xa7, 0xd9, 0xe0, 0xff, 0xa7, 0xd9, 0xe0, 0xff, 
0xa7, 0xd9, 0xe0, 0xff, 0xa7, 0xd9, 0xe0, 0xff, 0xa7, 0xd9, 0xe0, 0xff, 0xa7, 0xd9, 0xe0, 0xff, 
0xa7, 0xd9, 0xe0, 0xff, 0xa7, 0xd9, 0xe0, 0xff, 0xa7, 0xd9, 0xe0, 0xff, 0xa7, 0xd9, 0xe0, 0xff, 
0xa7, 0xd9, 0xe0, 0xff, 0xa7, 0xd9, 0xe0, 0xff, 0xa7, 0xd9, 0xe0, 0xff, 0xa7, 0xd9, 0xe0, 0xff, 
0xa7, 0xd9, 0xe0, 0xff, 0xa7, 0xd9, 0xe0, 0xff, 0xa7, 0xd9, 0xe0, 0xff, 0xa7, 0xd9, 0xe0, 0xff, 
0xa7, 0xd9, 0xe0, 0xff, 0xa7, 0xd9, 0xe0, 0xff, 0xa7, 0xd9, 0xe0, 0xff, 0xa7, 0xd9, 0xe0, 0xff, 
0xa7, 0xd9, 0xe0, 0xff, 0xa7, 0xd9, 0xe0, 0xff, 0xa7, 0xd9, 0xe0, 0xff, 0xa7, 0xd9, 0xe0, 0xff, 
0xa7, 0xd9, 0xe0, 0xff, 0xa7, 0xd9, 0xe0, 0xff, 0xa7, 0xd9, 0xe0, 0xff, 0xa7, 0xd9, 0xe0, 0xff, 
0xa7, 0xd9, 0xe0, 0xff, 0xa7, 0xd9, 0xe0, 0xff, 0xa7, 0xd9, 0xe0, 0xff, 0xa7, 0xd9, 0xe0, 0xff, 
0xa7, 0xd9, 0xe0, 0xff, 0xa7, 0xd9, 0xe0, 0xff, 0xa7, 0xd9, 0xe0, 0xff, 0xa7, 0xd9, 0xe0, 0xff, 
0xa7, 0xd9, 0xe0, 0xff, 0xa7, 0xd9, 0xe0, 0xff, 0xa7, 0xd9, 0xe0, 0xff, 0xa7, 0xd9, 0xe0, 0xff, 
0xa7, 0xd9, 0xe0, 0xff, 0xa7, 0xd9, 0xe0, 0xff, 0xa7, 0xd9, 0xe0, 0xff, 0xa7, 0xd9, 0xe0, 0xff, 
0xa7, 0xd9, 0xe0, 0xff, 0xa7, 0xd9, 0xe0, 0xff, 0xa7, 0xd9, 0xe0, 0xff, 0xa7, 0xd9, 0xe0, 0xff, 
0xa7, 0xd9, 0xe0, 0xff, 0xa7, 0xd9, 0xe0, 0xff, 0xa7, 0xd9, 0xe0, 0xff, 0xa7, 0xd9, 0xe0, 0xff, 
0xa7, 0xd9, 0xe0, 0xff, 0xa7, 0xd9, 0xe0, 0xff, 0xa7, 0xd9, 0xe0, 0xff, 0xa7, 0xd9, 0xe0, 0xff, 
0xa7, 0xd9, 0xe0, 0xff, 0xa7, 0xd9, 0xe0, 0xff, 0xa7, 0xd9, 0xe0, 0xff, 0xa7, 0xd9, 0xe0, 0xff, 
0xa7, 0xd9, 0xe0, 0xff, 0xa7, 0xd9, 0xe0, 0xff, 0xa7, 0xd9, 0xe0, 0xff, 0xa7, 0xd9, 0xe0, 0xff, 
0xa7, 0xd9, 0xe0, 0xff, 0xa7, 0xd9, 0xe0, 0xff, 0xa7, 0xd9, 0xe0, 0xff, 0xa7, 0xd9, 0xe0, 0xff, 
0xa7, 0xd9, 0xe0, 0xff, 0xa7, 0xd9, 0xe0, 0xff, 0xa7, 0xd9, 0xe0, 0xff, 0xa7, 0xd9, 0xe0, 0xff, 
0xa7, 0xd9, 0xe0, 0xff, 0xa7, 0xd9, 0xe0, 0xff, 0xa7, 0xd9, 0xe0, 0xff, 0xa7, 0xd9, 0xe0, 0xff, 
0xa7, 0xd9, 0xe0, 0xff, 0xa7, 0xd9, 0xe0, 0xff, 0xa7, 0xd9, 0xe0, 0xff, 0xa7, 0xd9, 0xe0, 0xff, 
0xa7, 0xd9, 0xe0, 0xff, 0xa7, 0xd9, 0xe0, 0xff, 0xa7, 0xd9, 0xe0, 0xff, 0xa7, 0xd9, 0xe0, 0xff, 
0xa7, 0xd9, 0xe0, 0xff, 0xa7, 0xd9, 0xe0, 0xff, 0xa7, 0xd9, 0xe0, 0xff, 0xa7, 0xd9, 0xe0, 0xff, 
0xa7, 0xd9, 0xe0, 0xff, 0xa7, 0xd9, 0xe0, 0xff, 0xa7, 0xd9, 0xe0, 0xff, 0xa7, 0xd9, 0xe0, 0xff, 
0xa7, 0xd9, 0xe0, 0xff, 0xa7, 0xd9, 0xe0, 0xff, 0xa7, 0xd9, 0xe0, 0xff, 0xa7, 0xd9, 0xe0, 0xff, 
0xa7, 0xd9, 0xe0, 0xff, 0xa7, 0xd9, 0xe0, 0xff, 0xa7, 0xd9, 0xe0, 0xff, 0xa7, 0xd9, 0xe0, 0xff, 
0xa7, 0xd9, 0xe0, 0xff, 0xa7, 0xd9, 0xe0, 0xff, 0xa7, 0xd9, 0xe0, 0xff, 0xa7, 0xd9, 0xe0, 0xff, 
0xa7, 0xd9, 0xe0, 0xff, 0xa7, 0xd9, 0xe0, 0xff, 0xa7, 0xd9, 0xe0, 0xff, 0xa7, 0xd9, 0xe0, 0xff, 
0xa7, 0xd9, 0xe0, 0xff, 0xa7, 0xd9, 0xe0, 0xff, 0xa7, 0xd9, 0xe0, 0xff, 0xa7, 0xd9, 0xe0, 0xff, 
0xa7, 0xd9, 0xe0, 0xff, 0xa7, 0xd9, 0xe0, 0xff, 0xa7, 0xd9, 0xe0, 0xff, 0xa7, 0xd9, 0xe0, 0xff, 
0xa7, 0xd9, 0xe0, 0xff, 0xa7, 0xd9, 0xe0, 0xff, 0xa7, 0xd9, 0xe0, 0xff, 0xa7, 0xd9, 0xe0, 0xff, 
0xa7, 0xd9, 0xe0, 0xff, 0xa7, 0xd9, 0xe0, 0xff, 0xa7, 0xd9, 0xe0, 0xff, 0xa7, 0xd9, 0xe0, 0xff, 
0xa6, 0xd8, 0xdf, 0xff, 0xa6, 0xd8, 0xdf, 0xff, 0xa6, 0xd8, 0xdf, 0xff, 0xa6, 0xd8, 0xdf, 0xff, 
0xa6, 0xd8, 0xdf, 0xff, 0xa6, 0xd8, 0xdf, 0xff, 0xa6, 0xd8, 0xdf, 0xff, 0xa6, 0xd8, 0xdf, 0xff, 
0xa6, 0xd8, 0xdf, 0xff, 0xa6, 0xd8, 0xdf, 0xff, 0xa6, 0xd8, 0xdf, 0xff, 0xa6, 0xd8, 0xdf, 0xff, 
0xa6, 0xd8, 0xdf, 0xff, 0xa6, 0xd8, 0xdf, 0xff, 0xa6, 0xd8, 0xdf, 0xff, 0xa6, 0xd8, 0xdf, 0xff, 
0xa6, 0xd8, 0xdf, 0xff, 0xa6, 0xd8, 0xdf, 0xff, 0xa6, 0xd8, 0xdf, 0xff, 0xa6, 0xd8, 0xdf, 0xff, 
0xa6, 0xd8, 0xdf, 0xff, 0xa6, 0xd8, 0xdf, 0xff, 0xa6, 0xd8, 0xdf, 0xff, 0xa6, 0xd8, 0xdf, 0xff, 
0xa6, 0xd8, 0xdf, 0xff, 0xa6, 0xd8, 0xdf, 0xff, 0xa6, 0xd8, 0xdf, 0xff, 0xa6, 0xd8, 0xdf, 0xff, 
0xa6, 0xd8, 0xdf, 0xff, 0xa6, 0xd8, 0xdf, 0xff, 0xa6, 0xd8, 0xdf, 0xff, 0xa6, 0xd8, 0xdf, 0xff, 
0xa6, 0xd8, 0xdf, 0xff, 0xa6, 0xd8, 0xdf, 0xff, 0xa6, 0xd8, 0xdf, 0xff, 0xa6, 0xd8, 0xdf, 0xff, 
0xa6, 0xd8, 0xdf, 0xff, 0xa6, 0xd8, 0xdf, 0xff, 0xa6, 0xd8, 0xdf, 0xff, 0xa6, 0xd8, 0xdf, 0xff, 
0xa6, 0xd8, 0xdf, 0xff, 0xa6, 0xd8, 0xdf, 0xff, 0xa6, 0xd8, 0xdf, 0xff, 0xa6, 0xd8, 0xdf, 0xff, 
0xa6, 0xd8, 0xdf, 0xff, 0xa6, 0xd8, 0xdf, 0xff, 0xa6, 0xd8, 0xdf, 0xff, 0xa6, 0xd8, 0xdf, 0xff, 
0xa6, 0xd8, 0xdf, 0xff, 0xa6, 0xd8, 0xdf, 0xff, 0xa6, 0xd8, 0xdf, 0xff, 0xa6, 0xd8, 0xdf, 0xff, 
0xa6, 0xd8, 0xdf, 0xff, 0xa6, 0xd8, 0xdf, 0xff, 0xa6, 0xd8, 0xdf, 0xff, 0xa6, 0xd8, 0xdf, 0xff, 
0xa6, 0xd8, 0xdf, 0xff, 0xa6, 0xd8, 0xdf, 0xff, 0xa6, 0xd8, 0xdf, 0xff, 0xa6, 0xd8, 0xdf, 0xff, 
0xa6, 0xd8, 0xdf, 0xff, 0xa6, 0xd8, 0xdf, 0xff, 0xa6, 0xd8, 0xdf, 0xff, 0xa6, 0xd8, 0xdf, 0xff, 
0xa6, 0xd8, 0xdf, 0xff, 0xa6, 0xd8, 0xdf, 0xff, 0xa6, 0xd8, 0xdf, 0xff, 0xa6, 0xd8, 0xdf, 0xff, 
0xa6, 0xd8, 0xdf, 0xff, 0xa6, 0xd8, 0xdf, 0xff, 0xa6, 0xd8, 0xdf, 0xff, 0xa6, 0xd8, 0xdf, 0xff, 
0xa6, 0xd8, 0xdf, 0xff, 0xa6, 0xd8, 0xdf, 0xff, 0xa6, 0xd8, 0xdf, 0xff, 0xa6, 0xd8, 0xdf, 0xff, 
0xa6, 0xd8, 0xdf, 0xff, 0xa6, 0xd8, 0xdf, 0xff, 0xa6, 0xd8, 0xdf, 0xff, 0xa6, 0xd8, 0xdf, 0xff, 
0xa6, 0xd8, 0xdf, 0xff, 0xa6, 0xd8, 0xdf, 0xff, 0xa6, 0xd8, 0xdf, 0xff, 0xa6, 0xd8, 0xdf, 0xff, 
0xa6, 0xd8, 0xdf, 0xff, 0xa6, 0xd8, 0xdf, 0xff, 0xa6, 0xd8, 0xdf, 0xff, 0xa6, 0xd8, 0xdf, 0xff, 
0xa6, 0xd8, 0xdf, 0xff, 0xa6, 0xd8, 0xdf, 0xff, 0xa6, 0xd8, 0xdf, 0xff, 0xa6, 0xd8, 0xdf, 0xff, 
0xa6, 0xd8, 0xdf, 0xff, 0xa6, 0xd8, 0xdf, 0xff, 0xa6, 0xd8, 0xdf, 0xff, 0xa6, 0xd8, 0xdf, 0xff, 
0xa6, 0xd8, 0xdf, 0xff, 0xa6, 0xd8, 0xdf, 0xff, 0xa6, 0xd8, 0xdf, 0xff, 0xa6, 0xd8, 0xdf, 0xff, 
0xa6, 0xd8, 0xdf, 0xff, 0xa6, 0xd8, 0xdf, 0xff, 0xa6, 0xd8, 0xdf, 0xff, 0xa6, 0xd8, 0xdf, 0xff, 
0xa6, 0xd8, 0xdf, 0xff, 0xa6, 0xd8, 0xdf, 0xff, 0xa6, 0xd8, 0xdf, 0xff, 0xa6, 0xd8, 0xdf, 0xff, 
0xa6, 0xd8, 0xdf, 0xff, 0xa6, 0xd8, 0xdf, 0xff, 0xa6, 0xd8, 0xdf, 0xff, 0xa6, 0xd8, 0xdf, 0xff, 
0xa6, 0xd8, 0xdf, 0xff, 0xa6, 0xd8, 0xdf, 0xff, 0xa6, 0xd8, 0xdf, 0xff, 0xa6, 0xd8, 0xdf, 0xff, 
0xa6, 0xd8, 0xdf, 0xff, 0xa6, 0xd8, 0xdf, 0xff, 0xa6, 0xd8, 0xdf, 0xff, 0xa6, 0xd8, 0xdf, 0xff, 
0xa6, 0xd8, 0xdf, 0xff, 0xa6, 0xd8, 0xdf, 0xff, 0xa6, 0xd8, 0xdf, 0xff, 0xa6, 0xd8, 0xdf, 0xff, 
0xa6, 0xd8, 0xdf, 0xff, 0xa6, 0xd8, 0xdf, 0xff, 0xa6, 0xd8, 0xdf, 0xff, 0xa6, 0xd8, 0xdf, 0xff, 
0xa6, 0xd8, 0xdf, 0xff, 0xa6, 0xd8, 0xdf, 0xff, 0xa6, 0xd8, 0xdf, 0xff, 0xa6, 0xd8, 0xdf, 0xff, 
0xa6, 0xd8, 0xdf, 0xff, 0xa6, 0xd8, 0xdf, 0xff, 0xa6, 0xd8, 0xdf, 0xff, 0xa6, 0xd8, 0xdf, 0xff, 
0xa6, 0xd8, 0xdf, 0xff, 0xa6, 0xd8, 0xdf, 0xff, 0xa6, 0xd8, 0xdf, 0xff, 0xa6, 0xd8, 0xdf, 0xff, 
0xa6, 0xd8, 0xdf, 0xff, 0xa6, 0xd8, 0xdf, 0xff, 0xa6, 0xd8, 0xdf, 0xff, 0xa6, 0xd8, 0xdf, 0xff, 
0xa6, 0xd8, 0xdf, 0xff, 0xa6, 0xd8, 0xdf, 0xff, 0xa6, 0xd8, 0xdf, 0xff, 0xa6, 0xd8, 0xdf, 0xff, 
0xa6, 0xd8, 0xdf, 0xff, 0xa6, 0xd8, 0xdf, 0xff, 0xa6, 0xd8, 0xdf, 0xff, 0xa6, 0xd8, 0xdf, 0xff, 
0xa6, 0xd8, 0xdf, 0xff, 0xa6, 0xd8, 0xdf, 0xff, 0xa6, 0xd8, 0xdf, 0xff, 0xa6, 0xd8, 0xdf, 0xff, 
0xa6, 0xd8, 0xdf, 0xff, 0xa6, 0xd8, 0xdf, 0xff, 0xa6, 0xd8, 0xdf, 0xff, 0xa6, 0xd8, 0xdf, 0xff, 
0xa6, 0xd8, 0xdf, 0xff, 0xa6, 0xd8, 0xdf, 0xff, 0xa6, 0xd8, 0xdf, 0xff, 0xa6, 0xd8, 0xdf, 0xff, 
0xa6, 0xd8, 0xdf, 0xff, 0xa6, 0xd8, 0xdf, 0xff, 0xa6, 0xd8, 0xdf, 0xff, 0xa6, 0xd8, 0xdf, 0xff, 
0xa6, 0xd8, 0xdf, 0xff, 0xa6, 0xd8, 0xdf, 0xff, 0xa6, 0xd8, 0xdf, 0xff, 0xa6, 0xd8, 0xdf, 0xff, 
0xa6, 0xd8, 0xdf, 0xff, 0xa6, 0xd8, 0xdf, 0xff, 0xa6, 0xd8, 0xdf, 0xff, 0xa6, 0xd8, 0xdf, 0xff, 
0xa6, 0xd8, 0xdf, 0xff, 0xa6, 0xd8, 0xdf, 0xff, 0xa6, 0xd8, 0xdf, 0xff, 0xa6, 0xd8, 0xdf, 0xff, 
0xa6, 0xd8, 0xdf, 0xff, 0xa6, 0xd8, 0xdf, 0xff, 0xa6, 0xd8, 0xdf, 0xff, 0xa6, 0xd8, 0xdf, 0xff, 
0xa6, 0xd8, 0xdf, 0xff, 0xa6, 0xd8, 0xdf, 0xff, 0xa6, 0xd8, 0xdf, 0xff, 0xa6, 0xd8, 0xdf, 0xff, 
0xa6, 0xd8, 0xdf, 0xff, 0xa6, 0xd8, 0xdf, 0xff, 0xa6, 0xd8, 0xdf, 0xff, 0xa6, 0xd8, 0xdf, 0xff, 
0xa6, 0xd8, 0xdf, 0xff, 0xa6, 0xd8, 0xdf, 0xff, 0xa6, 0xd8, 0xdf, 0xff, 0xa6, 0xd8, 0xdf, 0xff, 
0xa6, 0xd8, 0xdf, 0xff, 0xa6, 0xd8, 0xdf, 0xff, 0xa6, 0xd8, 0xdf, 0xff, 0xa6, 0xd8, 0xdf, 0xff, 
0xa6, 0xd8, 0xdf, 0xff, 0xa6, 0xd8, 0xdf, 0xff, 0xa6, 0xd8, 0xdf, 0xff, 0xa6, 0xd8, 0xdf, 0xff, 
0xa6, 0xd8, 0xdf, 0xff, 0xa6, 0xd8, 0xdf, 0xff, 0xa6, 0xd8, 0xdf, 0xff, 0xa6, 0xd8, 0xdf, 0xff, 
0xa6, 0xd8, 0xdf, 0xff, 0xa6, 0xd8, 0xdf, 0xff, 0xa6, 0xd8, 0xdf, 0xff, 0xa6, 0xd8, 0xdf, 0xff, 
0xa6, 0xd8, 0xdf, 0xff, 0xa6, 0xd8, 0xdf, 0xff, 0xa6, 0xd8, 0xdf, 0xff, 0xa6, 0xd8, 0xdf, 0xff, 
0xa6, 0xd8, 0xdf, 0xff, 0xa6, 0xd8, 0xdf, 0xff, 0xa6, 0xd8, 0xdf, 0xff, 0xa6, 0xd8, 0xdf, 0xff, 
0xa6, 0xd8, 0xdf, 0xff, 0xa6, 0xd8, 0xdf, 0xff, 0xa6, 0xd8, 0xdf, 0xff, 0xa6, 0xd8, 0xdf, 0xff, 
0xa6, 0xd8, 0xdf, 0xff, 0xa6, 0xd8, 0xdf, 0xff, 0xa6, 0xd8, 0xdf, 0xff, 0xa6, 0xd8, 0xdf, 0xff, 
0xa6, 0xd8, 0xdf, 0xff, 0xa6, 0xd8, 0xdf, 0xff, 0xa6, 0xd8, 0xdf, 0xff, 0xa6, 0xd8, 0xdf, 0xff, 
0xa6, 0xd8, 0xdf, 0xff, 0xa6, 0xd8, 0xdf, 0xff, 0xa6, 0xd8, 0xdf, 0xff, 0xa6, 0xd8, 0xdf, 0xff, 
0xa6, 0xd8, 0xdf, 0xff, 0xa6, 0xd8, 0xdf, 0xff, 0xa6, 0xd8, 0xdf, 0xff, 0xa6, 0xd8, 0xdf, 0xff, 
0xa6, 0xd8, 0xdf, 0xff, 0xa6, 0xd8, 0xdf, 0xff, 0xa6, 0xd8, 0xdf, 0xff, 0xa6, 0xd8, 0xdf, 0xff, 
0xa6, 0xd8, 0xdf, 0xff, 0xa6, 0xd8, 0xdf, 0xff, 0xa6, 0xd8, 0xdf, 0xff, 0xa6, 0xd8, 0xdf, 0xff, 
0xa6, 0xd8, 0xdf, 0xff, 0xa6, 0xd8, 0xdf, 0xff, 0xa6, 0xd8, 0xdf, 0xff, 0xa6, 0xd8, 0xdf, 0xff, 
0xa6, 0xd8, 0xdf, 0xff, 0xa6, 0xd8, 0xdf, 0xff, 0xa6, 0xd8, 0xdf, 0xff, 0xa6, 0xd8, 0xdf, 0xff, 
0xa6, 0xd8, 0xdf, 0xff, 0xa6, 0xd8, 0xdf, 0xff, 0xa6, 0xd8, 0xdf, 0xff, 0xa6, 0xd8, 0xdf, 0xff, 
0xa6, 0xd8, 0xdf, 0xff, 0xa6, 0xd8, 0xdf, 0xff, 0xa6, 0xd8, 0xdf, 0xff, 0xa6, 0xd8, 0xdf, 0xff, 
0xa6, 0xd8, 0xdf, 0xff, 0xa6, 0xd8, 0xdf, 0xff, 0xa6, 0xd8, 0xdf, 0xff, 0xa6, 0xd8, 0xdf, 0xff, 
0xa6, 0xd8, 0xdf, 0xff, 0xa6, 0xd8, 0xdf, 0xff, 0xa6, 0xd8, 0xdf, 0xff, 0xa6, 0xd8, 0xdf, 0xff, 
0xa6, 0xd8, 0xdf, 0xff, 0xa6, 0xd8, 0xdf, 0xff, 0xa6, 0xd8, 0xdf, 0xff, 0xa6, 0xd8, 0xdf, 0xff, 
0xa6, 0xd8, 0xdf, 0xff, 0xa6, 0xd8, 0xdf, 0xff, 0xa6, 0xd8, 0xdf, 0xff, 0xa6, 0xd8, 0xdf, 0xff, 
0xa6, 0xd8, 0xdf, 0xff, 0xa6, 0xd8, 0xdf, 0xff, 0xa6, 0xd8, 0xdf, 0xff, 0xa6, 0xd8, 0xdf, 0xff, 
0xa6, 0xd8, 0xdf, 0xff, 0xa6, 0xd8, 0xdf, 0xff, 0xa6, 0xd8, 0xdf, 0xff, 0xa6, 0xd8, 0xdf, 0xff, 
0xa6, 0xd8, 0xdf, 0xff, 0xa6, 0xd8, 0xdf, 0xff, 0xa6, 0xd8, 0xdf, 0xff, 0xa6, 0xd8, 0xdf, 0xff, 
0xa6, 0xd8, 0xdf, 0xff, 0xa6, 0xd8, 0xdf, 0xff, 0xa6, 0xd8, 0xdf, 0xff, 0xa6, 0xd8, 0xdf, 0xff, 
0xa6, 0xd8, 0xdf, 0xff, 0xa6, 0xd8, 0xdf, 0xff, 0xa6, 0xd8, 0xdf, 0xff, 0xa6, 0xd8, 0xdf, 0xff, 
0xa6, 0xd8, 0xdf, 0xff, 0xa6, 0xd8, 0xdf, 0xff, 0xa6, 0xd8, 0xdf, 0xff, 0xa6, 0xd8, 0xdf, 0xff, 
0xa6, 0xd8, 0xdf, 0xff, 0xa6, 0xd8, 0xdf, 0xff, 0xa6, 0xd8, 0xdf, 0xff, 0xa6, 0xd8, 0xdf, 0xff, 
0xa6, 0xd8, 0xdf, 0xff, 0xa6, 0xd8, 0xdf, 0xff, 0xa6, 0xd8, 0xdf, 0xff, 0xa6, 0xd8, 0xdf, 0xff, 
0xa6, 0xd8, 0xdf, 0xff, 0xa6, 0xd8, 0xdf, 0xff, 0xa6, 0xd8, 0xdf, 0xff, 0xa6, 0xd8, 0xdf, 0xff, 
0xa6, 0xd8, 0xdf, 0xff, 0xa6, 0xd8, 0xdf, 0xff, 0xa6, 0xd8, 0xdf, 0xff, 0xa6, 0xd8, 0xdf, 0xff, 
0xa6, 0xd8, 0xdf, 0xff, 0xa6, 0xd8, 0xdf, 0xff, 0xa6, 0xd8, 0xdf, 0xff, 0xa6, 0xd8, 0xdf, 0xff, 
0xa6, 0xd8, 0xdf, 0xff, 0xa6, 0xd8, 0xdf, 0xff, 0xa6, 0xd8, 0xdf, 0xff, 0xa6, 0xd8, 0xdf, 0xff, 
0xa6, 0xd8, 0xdf, 0xff, 0xa6, 0xd8, 0xdf, 0xff, 0xa6, 0xd8, 0xdf, 0xff, 0xa6, 0xd8, 0xdf, 0xff, 
0xa6, 0xd8, 0xdf, 0xff, 0xa6, 0xd8, 0xdf, 0xff, 0xa6, 0xd8, 0xdf, 0xff, 0xa6, 0xd8, 0xdf, 0xff, 
0xa6, 0xd8, 0xdf, 0xff, 0xa6, 0xd8, 0xdf, 0xff, 0xa6, 0xd8, 0xdf, 0xff, 0xa6, 0xd8, 0xdf, 0xff, 
0xa6, 0xd8, 0xdf, 0xff, 0xa6, 0xd8, 0xdf, 0xff, 0xa6, 0xd8, 0xdf, 0xff, 0xa6, 0xd8, 0xdf, 0xff, 
0xa6, 0xd8, 0xdf, 0xff, 0xa6, 0xd8, 0xdf, 0xff, 0xa6, 0xd8, 0xdf, 0xff, 0xa6, 0xd8, 0xdf, 0xff, 
0xa6, 0xd8, 0xdf, 0xff, 0xa6, 0xd8, 0xdf, 0xff, 0xa6, 0xd8, 0xdf, 0xff, 0xa6, 0xd8, 0xdf, 0xff, 
0xa6, 0xd8, 0xdf, 0xff, 0xa6, 0xd8, 0xdf, 0xff, 0xa6, 0xd8, 0xdf, 0xff, 0xa6, 0xd8, 0xdf, 0xff, 
0xa6, 0xd8, 0xdf, 0xff, 0xa6, 0xd8, 0xdf, 0xff, 0xa6, 0xd8, 0xdf, 0xff, 0xa6, 0xd8, 0xdf, 0xff, 
0xa6, 0xd8, 0xdf, 0xff, 0xa6, 0xd8, 0xdf, 0xff, 0xa6, 0xd8, 0xdf, 0xff, 0xa6, 0xd8, 0xdf, 0xff, 
0xa6, 0xd8, 0xdf, 0xff, 0xa6, 0xd8, 0xdf, 0xff, 0xa6, 0xd8, 0xdf, 0xff, 0xa6, 0xd8, 0xdf, 0xff, 
0xa6, 0xd8, 0xdf, 0xff, 0xa6, 0xd8, 0xdf, 0xff, 0xa6, 0xd8, 0xdf, 0xff, 0xa6, 0xd8, 0xdf, 0xff, 
0xa6, 0xd8, 0xdf, 0xff, 0xa6, 0xd8, 0xdf, 0xff, 0xa6, 0xd8, 0xdf, 0xff, 0xa6, 0xd8, 0xdf, 0xff, 
0xa6, 0xd8, 0xdf, 0xff, 0xa6, 0xd8, 0xdf, 0xff, 0xa6, 0xd8, 0xdf, 0xff, 0xa6, 0xd8, 0xdf, 0xff, 
0xa6, 0xd8, 0xdf, 0xff, 0xa6, 0xd8, 0xdf, 0xff, 0xa6, 0xd8, 0xdf, 0xff, 0xa6, 0xd8, 0xdf, 0xff, 
0xa6, 0xd8, 0xdf, 0xff, 0xa6, 0xd8, 0xdf, 0xff, 0xa6, 0xd8, 0xdf, 0xff, 0xa6, 0xd8, 0xdf, 0xff, 
0xa6, 0xd8, 0xdf, 0xff, 0xa6, 0xd8, 0xdf, 0xff, 0xa6, 0xd8, 0xdf, 0xff, 0xa6, 0xd8, 0xdf, 0xff, 
0xa6, 0xd8, 0xdf, 0xff, 0xa6, 0xd8, 0xdf, 0xff, 0xa6, 0xd8, 0xdf, 0xff, 0xa6, 0xd8, 0xdf, 0xff, 
0xa6, 0xd8, 0xdf, 0xff, 0xa6, 0xd8, 0xdf, 0xff, 0xa6, 0xd8, 0xdf, 0xff, 0xa6, 0xd8, 0xdf, 0xff, 
0xa6, 0xd8, 0xdf, 0xff, 0xa6, 0xd8, 0xdf, 0xff, 0xa6, 0xd8, 0xdf, 0xff, 0xa6, 0xd8, 0xdf, 0xff, 
0xa6, 0xd8, 0xdf, 0xff, 0xa6, 0xd8, 0xdf, 0xff, 0xa6, 0xd8, 0xdf, 0xff, 0xa6, 0xd8, 0xdf, 0xff, 
0xa6, 0xd8, 0xdf, 0xff, 0xa6, 0xd8, 0xdf, 0xff, 0xa6, 0xd8, 0xdf, 0xff, 0xa6, 0xd8, 0xdf, 0xff, 
0xa6, 0xd8, 0xdf, 0xff, 0xa6, 0xd8, 0xdf, 0xff, 0xa6, 0xd8, 0xdf, 0xff, 0xa6, 0xd8, 0xdf, 0xff, 
0xa6, 0xd8, 0xdf, 0xff, 0xa6, 0xd8, 0xdf, 0xff, 0xa6, 0xd8, 0xdf, 0xff, 0xa6, 0xd8, 0xdf, 0xff, 
0xa6, 0xd8, 0xdf, 0xff, 0xa6, 0xd8, 0xdf, 0xff, 0xa6, 0xd8, 0xdf, 0xff, 0xa6, 0xd8, 0xdf, 0xff, 
0xa6, 0xd8, 0xdf, 0xff, 0xa6, 0xd8, 0xdf, 0xff, 0xa6, 0xd8, 0xdf, 0xff, 0xa6, 0xd8, 0xdf, 0xff, 
0xa6, 0xd8, 0xdf, 0xff, 0xa6, 0xd8, 0xdf, 0xff, 0xa6, 0xd8, 0xdf, 0xff, 0xa6, 0xd8, 0xdf, 0xff, 
0xa6, 0xd8, 0xdf, 0xff, 0xa6, 0xd8, 0xdf, 0xff, 0xa6, 0xd8, 0xdf, 0xff, 0xa6, 0xd8, 0xdf, 0xff, 
0xa6, 0xd8, 0xdf, 0xff, 0xa6, 0xd8, 0xdf, 0xff, 0xa6, 0xd8, 0xdf, 0xff, 0xa6, 0xd8, 0xdf, 0xff, 
0xa6, 0xd8, 0xdf, 0xff, 0xa6, 0xd8, 0xdf, 0xff, 0xa6, 0xd8, 0xdf, 0xff, 0xa6, 0xd8, 0xdf, 0xff, 
0xa6, 0xd8, 0xdf, 0xff, 0xa6, 0xd8, 0xdf, 0xff, 0xa6, 0xd8, 0xdf, 0xff, 0xa6, 0xd8, 0xdf, 0xff, 
0xa6, 0xd8, 0xdf, 0xff, 0xa6, 0xd8, 0xdf, 0xff, 0xa6, 0xd8, 0xdf, 0xff, 0xa6, 0xd8, 0xdf, 0xff, 
0xa6, 0xd8, 0xdf, 0xff, 0xa6, 0xd8, 0xdf, 0xff, 0xa6, 0xd8, 0xdf, 0xff, 0xa6, 0xd8, 0xdf, 0xff, 
0xa6, 0xd8, 0xdf, 0xff, 0xa6, 0xd8, 0xdf, 0xff, 0xa6, 0xd8, 0xdf, 0xff, 0xa6, 0xd8, 0xdf, 0xff, 
0xa6, 0xd8, 0xdf, 0xff, 0xa6, 0xd8, 0xdf, 0xff, 0xa6, 0xd8, 0xdf, 0xff, 0xa6, 0xd8, 0xdf, 0xff, 
0xa6, 0xd8, 0xdf, 0xff, 0xa6, 0xd8, 0xdf, 0xff, 0xa6, 0xd8, 0xdf, 0xff, 0xa6, 0xd8, 0xdf, 0xff, 
0xa6, 0xd8, 0xdf, 0xff, 0xa6, 0xd8, 0xdf, 0xff, 0xa6, 0xd8, 0xdf, 0xff, 0xa6, 0xd8, 0xdf, 0xff, 
0xa6, 0xd8, 0xdf, 0xff, 0xa6, 0xd8, 0xdf, 0xff, 0xa6, 0xd8, 0xdf, 0xff, 0xa6, 0xd8, 0xdf, 0xff, 
0xa6, 0xd8, 0xdf, 0xff, 0xa6, 0xd8, 0xdf, 0xff, 0xa6, 0xd8, 0xdf, 0xff, 0xa6, 0xd8, 0xdf, 0xff, 
0xa6, 0xd8, 0xdf, 0xff, 0xa6, 0xd8, 0xdf, 0xff, 0xa6, 0xd8, 0xdf, 0xff, 0xa6, 0xd8, 0xdf, 0xff, 
0xa6, 0xd8, 0xdf, 0xff, 0xa6, 0xd8, 0xdf, 0xff, 0xa6, 0xd8, 0xdf, 0xff, 0xa6, 0xd8, 0xdf, 0xff, 
0xa6, 0xd8, 0xdf, 0xff, 0xa6, 0xd8, 0xdf, 0xff, 0xa6, 0xd8, 0xdf, 0xff, 0xa6, 0xd8, 0xdf, 0xff, 
0xa6, 0xd8, 0xdf, 0xff, 0xa6, 0xd8, 0xdf, 0xff, 0xa6, 0xd8, 0xdf, 0xff, 0xa6, 0xd8, 0xdf, 0xff, 
0xa6, 0xd8, 0xdf, 0xff, 0xa6, 0xd8, 0xdf, 0xff, 0xa6, 0xd8, 0xdf, 0xff, 0xa6, 0xd8, 0xdf, 0xff, 
0xa6, 0xd8, 0xdf, 0xff, 0xa6, 0xd8, 0xdf, 0xff, 0xa6, 0xd8, 0xdf, 0xff, 0xa6, 0xd8, 0xdf, 0xff, 
0xa6, 0xd8, 0xdf, 0xff, 0xa6, 0xd8, 0xdf, 0xff, 0xa6, 0xd8, 0xdf, 0xff, 0xa6, 0xd8, 0xdf, 0xff, 
0xa6, 0xd8, 0xdf, 0xff, 0xa6, 0xd8, 0xdf, 0xff, 0xa6, 0xd8, 0xdf, 0xff, 0xa6, 0xd8, 0xdf, 0xff, 
0xa7, 0xd7, 0xde, 0xff, 0xa7, 0xd7, 0xde, 0xff, 0xa7, 0xd7, 0xde, 0xff, 0xa7, 0xd7, 0xde, 0xff, 
0xa7, 0xd7, 0xde, 0xff, 0xa7, 0xd7, 0xde, 0xff, 0xa7, 0xd7, 0xde, 0xff, 0xa7, 0xd7, 0xde, 0xff, 
0xa7, 0xd7, 0xde, 0xff, 0xa7, 0xd7, 0xde, 0xff, 0xa7, 0xd7, 0xde, 0xff, 0xa7, 0xd7, 0xde, 0xff, 
0xa7, 0xd7, 0xde, 0xff, 0xa7, 0xd7, 0xde, 0xff, 0xa7, 0xd7, 0xde, 0xff, 0xa7, 0xd7, 0xde, 0xff, 
0xa7, 0xd7, 0xde, 0xff, 0xa7, 0xd7, 0xde, 0xff, 0xa7, 0xd7, 0xde, 0xff, 0xa7, 0xd7, 0xde, 0xff, 
0xa7, 0xd7, 0xde, 0xff, 0xa7, 0xd7, 0xde, 0xff, 0xa7, 0xd7, 0xde, 0xff, 0xa7, 0xd7, 0xde, 0xff, 
0xa7, 0xd7, 0xde, 0xff, 0xa7, 0xd7, 0xde, 0xff, 0xa7, 0xd7, 0xde, 0xff, 0xa7, 0xd7, 0xde, 0xff, 
0xa7, 0xd7, 0xde, 0xff, 0xa7, 0xd7, 0xde, 0xff, 0xa7, 0xd7, 0xde, 0xff, 0xa7, 0xd7, 0xde, 0xff, 
0xa7, 0xd7, 0xde, 0xff, 0xa7, 0xd7, 0xde, 0xff, 0xa7, 0xd7, 0xde, 0xff, 0xa7, 0xd7, 0xde, 0xff, 
0xa7, 0xd7, 0xde, 0xff, 0xa7, 0xd7, 0xde, 0xff, 0xa7, 0xd7, 0xde, 0xff, 0xa7, 0xd7, 0xde, 0xff, 
0xa7, 0xd7, 0xde, 0xff, 0xa7, 0xd7, 0xde, 0xff, 0xa7, 0xd7, 0xde, 0xff, 0xa7, 0xd7, 0xde, 0xff, 
0xa7, 0xd7, 0xde, 0xff, 0xa7, 0xd7, 0xde, 0xff, 0xa7, 0xd7, 0xde, 0xff, 0xa7, 0xd7, 0xde, 0xff, 
0xa7, 0xd7, 0xde, 0xff, 0xa7, 0xd7, 0xde, 0xff, 0xa7, 0xd7, 0xde, 0xff, 0xa7, 0xd7, 0xde, 0xff, 
0xa7, 0xd7, 0xde, 0xff, 0xa7, 0xd7, 0xde, 0xff, 0xa7, 0xd7, 0xde, 0xff, 0xa7, 0xd7, 0xde, 0xff, 
0xa7, 0xd7, 0xde, 0xff, 0xa7, 0xd7, 0xde, 0xff, 0xa7, 0xd7, 0xde, 0xff, 0xa7, 0xd7, 0xde, 0xff, 
0xa7, 0xd7, 0xde, 0xff, 0xa7, 0xd7, 0xde, 0xff, 0xa7, 0xd7, 0xde, 0xff, 0xa7, 0xd7, 0xde, 0xff, 
0xa7, 0xd7, 0xde, 0xff, 0xa7, 0xd7, 0xde, 0xff, 0xa7, 0xd7, 0xde, 0xff, 0xa7, 0xd7, 0xde, 0xff, 
0xa7, 0xd7, 0xde, 0xff, 0xa7, 0xd7, 0xde, 0xff, 0xa7, 0xd7, 0xde, 0xff, 0xa7, 0xd7, 0xde, 0xff, 
0xa7, 0xd7, 0xde, 0xff, 0xa7, 0xd7, 0xde, 0xff, 0xa7, 0xd7, 0xde, 0xff, 0xa7, 0xd7, 0xde, 0xff, 
0xa7, 0xd7, 0xde, 0xff, 0xa7, 0xd7, 0xde, 0xff, 0xa7, 0xd7, 0xde, 0xff, 0xa7, 0xd7, 0xde, 0xff, 
0xa7, 0xd7, 0xde, 0xff, 0xa7, 0xd7, 0xde, 0xff, 0xa7, 0xd7, 0xde, 0xff, 0xa7, 0xd7, 0xde, 0xff, 
0xa7, 0xd7, 0xde, 0xff, 0xa7, 0xd7, 0xde, 0xff, 0xa7, 0xd7, 0xde, 0xff, 0xa7, 0xd7, 0xde, 0xff, 
0xa7, 0xd7, 0xde, 0xff, 0xa7, 0xd7, 0xde, 0xff, 0xa7, 0xd7, 0xde, 0xff, 0xa7, 0xd7, 0xde, 0xff, 
0xa7, 0xd7, 0xde, 0xff, 0xa7, 0xd7, 0xde, 0xff, 0xa7, 0xd7, 0xde, 0xff, 0xa7, 0xd7, 0xde, 0xff, 
0xa7, 0xd7, 0xde, 0xff, 0xa7, 0xd7, 0xde, 0xff, 0xa7, 0xd7, 0xde, 0xff, 0xa7, 0xd7, 0xde, 0xff, 
0xa7, 0xd7, 0xde, 0xff, 0xa7, 0xd7, 0xde, 0xff, 0xa7, 0xd7, 0xde, 0xff, 0xa7, 0xd7, 0xde, 0xff, 
0xa7, 0xd7, 0xde, 0xff, 0xa7, 0xd7, 0xde, 0xff, 0xa7, 0xd7, 0xde, 0xff, 0xa7, 0xd7, 0xde, 0xff, 
0xa7, 0xd7, 0xde, 0xff, 0xa7, 0xd7, 0xde, 0xff, 0xa7, 0xd7, 0xde, 0xff, 0xa7, 0xd7, 0xde, 0xff, 
0xa7, 0xd7, 0xde, 0xff, 0xa7, 0xd7, 0xde, 0xff, 0xa7, 0xd7, 0xde, 0xff, 0xa7, 0xd7, 0xde, 0xff, 
0xa7, 0xd7, 0xde, 0xff, 0xa7, 0xd7, 0xde, 0xff, 0xa7, 0xd7, 0xde, 0xff, 0xa7, 0xd7, 0xde, 0xff, 
0xa7, 0xd7, 0xde, 0xff, 0xa7, 0xd7, 0xde, 0xff, 0xa7, 0xd7, 0xde, 0xff, 0xa7, 0xd7, 0xde, 0xff, 
0xa7, 0xd7, 0xde, 0xff, 0xa7, 0xd7, 0xde, 0xff, 0xa7, 0xd7, 0xde, 0xff, 0xa7, 0xd7, 0xde, 0xff, 
0xa7, 0xd7, 0xde, 0xff, 0xa7, 0xd7, 0xde, 0xff, 0xa7, 0xd7, 0xde, 0xff, 0xa7, 0xd7, 0xde, 0xff, 
0xa7, 0xd7, 0xde, 0xff, 0xa7, 0xd7, 0xde, 0xff, 0xa7, 0xd7, 0xde, 0xff, 0xa7, 0xd7, 0xde, 0xff, 
0xa7, 0xd7, 0xde, 0xff, 0xa7, 0xd7, 0xde, 0xff, 0xa7, 0xd7, 0xde, 0xff, 0xa7, 0xd7, 0xde, 0xff, 
0xa7, 0xd7, 0xde, 0xff, 0xa7, 0xd7, 0xde, 0xff, 0xa7, 0xd7, 0xde, 0xff, 0xa7, 0xd7, 0xde, 0xff, 
0xa7, 0xd7, 0xde, 0xff, 0xa7, 0xd7, 0xde, 0xff, 0xa7, 0xd7, 0xde, 0xff, 0xa7, 0xd7, 0xde, 0xff, 
0xa7, 0xd7, 0xde, 0xff, 0xa7, 0xd7, 0xde, 0xff, 0xa7, 0xd7, 0xde, 0xff, 0xa7, 0xd7, 0xde, 0xff, 
0xa7, 0xd7, 0xde, 0xff, 0xa7, 0xd7, 0xde, 0xff, 0xa7, 0xd7, 0xde, 0xff, 0xa7, 0xd7, 0xde, 0xff, 
0xa7, 0xd7, 0xde, 0xff, 0xa7, 0xd7, 0xde, 0xff, 0xa7, 0xd7, 0xde, 0xff, 0xa7, 0xd7, 0xde, 0xff, 
0xa7, 0xd7, 0xde, 0xff, 0xa7, 0xd7, 0xde, 0xff, 0xa7, 0xd7, 0xde, 0xff, 0xa7, 0xd7, 0xde, 0xff, 
0xa7, 0xd7, 0xde, 0xff, 0xa7, 0xd7, 0xde, 0xff, 0xa7, 0xd7, 0xde, 0xff, 0xa7, 0xd7, 0xde, 0xff, 
0xa7, 0xd7, 0xde, 0xff, 0xa7, 0xd7, 0xde, 0xff, 0xa7, 0xd7, 0xde, 0xff, 0xa7, 0xd7, 0xde, 0xff, 
0xa7, 0xd7, 0xde, 0xff, 0xa7, 0xd7, 0xde, 0xff, 0xa7, 0xd7, 0xde, 0xff, 0xa7, 0xd7, 0xde, 0xff, 
0xa7, 0xd7, 0xde, 0xff, 0xa7, 0xd7, 0xde, 0xff, 0xa7, 0xd7, 0xde, 0xff, 0xa7, 0xd7, 0xde, 0xff, 
0xa7, 0xd7, 0xde, 0xff, 0xa7, 0xd7, 0xde, 0xff, 0xa7, 0xd7, 0xde, 0xff, 0xa7, 0xd7, 0xde, 0xff, 
0xa7, 0xd7, 0xde, 0xff, 0xa7, 0xd7, 0xde, 0xff, 0xa7, 0xd7, 0xde, 0xff, 0xa7, 0xd7, 0xde, 0xff, 
0xa7, 0xd7, 0xde, 0xff, 0xa7, 0xd7, 0xde, 0xff, 0xa7, 0xd7, 0xde, 0xff, 0xa7, 0xd7, 0xde, 0xff, 
0xa7, 0xd7, 0xde, 0xff, 0xa7, 0xd7, 0xde, 0xff, 0xa7, 0xd7, 0xde, 0xff, 0xa7, 0xd7, 0xde, 0xff, 
0xa7, 0xd7, 0xde, 0xff, 0xa7, 0xd7, 0xde, 0xff, 0xa7, 0xd7, 0xde, 0xff, 0xa7, 0xd7, 0xde, 0xff, 
0xa7, 0xd7, 0xde, 0xff, 0xa7, 0xd7, 0xde, 0xff, 0xa7, 0xd7, 0xde, 0xff, 0xa7, 0xd7, 0xde, 0xff, 
0xa7, 0xd7, 0xde, 0xff, 0xa7, 0xd7, 0xde, 0xff, 0xa7, 0xd7, 0xde, 0xff, 0xa7, 0xd7, 0xde, 0xff, 
0xa7, 0xd7, 0xde, 0xff, 0xa7, 0xd7, 0xde, 0xff, 0xa7, 0xd7, 0xde, 0xff, 0xa7, 0xd7, 0xde, 0xff, 
0xa7, 0xd7, 0xde, 0xff, 0xa7, 0xd7, 0xde, 0xff, 0xa7, 0xd7, 0xde, 0xff, 0xa7, 0xd7, 0xde, 0xff, 
0xa7, 0xd7, 0xde, 0xff, 0xa7, 0xd7, 0xde, 0xff, 0xa7, 0xd7, 0xde, 0xff, 0xa7, 0xd7, 0xde, 0xff, 
0xa7, 0xd7, 0xde, 0xff, 0xa7, 0xd7, 0xde, 0xff, 0xa7, 0xd7, 0xde, 0xff, 0xa7, 0xd7, 0xde, 0xff, 
0xa7, 0xd7, 0xde, 0xff, 0xa7, 0xd7, 0xde, 0xff, 0xa7, 0xd7, 0xde, 0xff, 0xa7, 0xd7, 0xde, 0xff, 
0xa7, 0xd7, 0xde, 0xff, 0xa7, 0xd7, 0xde, 0xff, 0xa7, 0xd7, 0xde, 0xff, 0xa7, 0xd7, 0xde, 0xff, 
0xa7, 0xd7, 0xde, 0xff, 0xa7, 0xd7, 0xde, 0xff, 0xa7, 0xd7, 0xde, 0xff, 0xa7, 0xd7, 0xde, 0xff, 
0xa7, 0xd7, 0xde, 0xff, 0xa7, 0xd7, 0xde, 0xff, 0xa7, 0xd7, 0xde, 0xff, 0xa7, 0xd7, 0xde, 0xff, 
0xa7, 0xd7, 0xde, 0xff, 0xa7, 0xd7, 0xde, 0xff, 0xa7, 0xd7, 0xde, 0xff, 0xa7, 0xd7, 0xde, 0xff, 
0xa7, 0xd7, 0xde, 0xff, 0xa7, 0xd7, 0xde, 0xff, 0xa7, 0xd7, 0xde, 0xff, 0xa7, 0xd7, 0xde, 0xff, 
0xa7, 0xd7, 0xde, 0xff, 0xa7, 0xd7, 0xde, 0xff, 0xa7, 0xd7, 0xde, 0xff, 0xa7, 0xd7, 0xde, 0xff, 
0xa7, 0xd7, 0xde, 0xff, 0xa7, 0xd7, 0xde, 0xff, 0xa7, 0xd7, 0xde, 0xff, 0xa7, 0xd7, 0xde, 0xff, 
0xa6, 0xd7, 0xde, 0xff, 0xa6, 0xd7, 0xde, 0xff, 0xa6, 0xd7, 0xde, 0xff, 0xa6, 0xd7, 0xde, 0xff, 
0xa6, 0xd7, 0xde, 0xff, 0xa6, 0xd7, 0xde, 0xff, 0xa6, 0xd7, 0xde, 0xff, 0xa6, 0xd7, 0xde, 0xff, 
0xa6, 0xd7, 0xde, 0xff, 0xa6, 0xd7, 0xde, 0xff, 0xa6, 0xd7, 0xde, 0xff, 0xa6, 0xd7, 0xde, 0xff, 
0xa6, 0xd7, 0xde, 0xff, 0xa6, 0xd7, 0xde, 0xff, 0xa6, 0xd7, 0xde, 0xff, 0xa6, 0xd7, 0xde, 0xff, 
0xa6, 0xd7, 0xde, 0xff, 0xa6, 0xd7, 0xde, 0xff, 0xa6, 0xd7, 0xde, 0xff, 0xa6, 0xd7, 0xde, 0xff, 
0xa6, 0xd7, 0xde, 0xff, 0xa6, 0xd7, 0xde, 0xff, 0xa6, 0xd7, 0xde, 0xff, 0xa6, 0xd7, 0xde, 0xff, 
0xa6, 0xd7, 0xde, 0xff, 0xa6, 0xd7, 0xde, 0xff, 0xa6, 0xd7, 0xde, 0xff, 0xa6, 0xd7, 0xde, 0xff, 
0xa6, 0xd7, 0xde, 0xff, 0xa6, 0xd7, 0xde, 0xff, 0xa6, 0xd7, 0xde, 0xff, 0xa6, 0xd7, 0xde, 0xff, 
0xa6, 0xd7, 0xde, 0xff, 0xa6, 0xd7, 0xde, 0xff, 0xa6, 0xd7, 0xde, 0xff, 0xa6, 0xd7, 0xde, 0xff, 
0xa6, 0xd7, 0xde, 0xff, 0xa6, 0xd7, 0xde, 0xff, 0xa6, 0xd7, 0xde, 0xff, 0xa6, 0xd7, 0xde, 0xff, 
0xa6, 0xd7, 0xde, 0xff, 0xa6, 0xd7, 0xde, 0xff, 0xa6, 0xd7, 0xde, 0xff, 0xa6, 0xd7, 0xde, 0xff, 
0xa6, 0xd7, 0xde, 0xff, 0xa6, 0xd7, 0xde, 0xff, 0xa6, 0xd7, 0xde, 0xff, 0xa6, 0xd7, 0xde, 0xff, 
0xa6, 0xd7, 0xde, 0xff, 0xa6, 0xd7, 0xde, 0xff, 0xa6, 0xd7, 0xde, 0xff, 0xa6, 0xd7, 0xde, 0xff, 
0xa6, 0xd7, 0xde, 0xff, 0xa6, 0xd7, 0xde, 0xff, 0xa6, 0xd7, 0xde, 0xff, 0xa6, 0xd7, 0xde, 0xff, 
0xa6, 0xd7, 0xde, 0xff, 0xa6, 0xd7, 0xde, 0xff, 0xa6, 0xd7, 0xde, 0xff, 0xa6, 0xd7, 0xde, 0xff, 
0xa6, 0xd7, 0xde, 0xff, 0xa6, 0xd7, 0xde, 0xff, 0xa6, 0xd7, 0xde, 0xff, 0xa6, 0xd7, 0xde, 0xff, 
0xa6, 0xd7, 0xde, 0xff, 0xa6, 0xd7, 0xde, 0xff, 0xa6, 0xd7, 0xde, 0xff, 0xa6, 0xd7, 0xde, 0xff, 
0xa6, 0xd7, 0xde, 0xff, 0xa6, 0xd7, 0xde, 0xff, 0xa6, 0xd7, 0xde, 0xff, 0xa6, 0xd7, 0xde, 0xff, 
0xa6, 0xd7, 0xde, 0xff, 0xa6, 0xd7, 0xde, 0xff, 0xa6, 0xd7, 0xde, 0xff, 0xa6, 0xd7, 0xde, 0xff, 
0xa6, 0xd7, 0xde, 0xff, 0xa6, 0xd7, 0xde, 0xff, 0xa6, 0xd7, 0xde, 0xff, 0xa6, 0xd7, 0xde, 0xff, 
0xa6, 0xd7, 0xde, 0xff, 0xa6, 0xd7, 0xde, 0xff, 0xa6, 0xd7, 0xde, 0xff, 0xa6, 0xd7, 0xde, 0xff, 
0xa6, 0xd7, 0xde, 0xff, 0xa6, 0xd7, 0xde, 0xff, 0xa6, 0xd7, 0xde, 0xff, 0xa6, 0xd7, 0xde, 0xff, 
0xa6, 0xd7, 0xde, 0xff, 0xa6, 0xd7, 0xde, 0xff, 0xa6, 0xd7, 0xde, 0xff, 0xa6, 0xd7, 0xde, 0xff, 
0xa6, 0xd7, 0xde, 0xff, 0xa6, 0xd7, 0xde, 0xff, 0xa6, 0xd7, 0xde, 0xff, 0xa6, 0xd7, 0xde, 0xff, 
0xa6, 0xd7, 0xde, 0xff, 0xa6, 0xd7, 0xde, 0xff, 0xa6, 0xd7, 0xde, 0xff, 0xa6, 0xd7, 0xde, 0xff, 
0xa6, 0xd7, 0xde, 0xff, 0xa6, 0xd7, 0xde, 0xff, 0xa6, 0xd7, 0xde, 0xff, 0xa6, 0xd7, 0xde, 0xff, 
0xa6, 0xd7, 0xde, 0xff, 0xa6, 0xd7, 0xde, 0xff, 0xa6, 0xd7, 0xde, 0xff, 0xa6, 0xd7, 0xde, 0xff, 
0xa6, 0xd7, 0xde, 0xff, 0xa6, 0xd7, 0xde, 0xff, 0xa6, 0xd7, 0xde, 0xff, 0xa6, 0xd7, 0xde, 0xff, 
0xa6, 0xd7, 0xde, 0xff, 0xa6, 0xd7, 0xde, 0xff, 0xa6, 0xd7, 0xde, 0xff, 0xa6, 0xd7, 0xde, 0xff, 
0xa6, 0xd7, 0xde, 0xff, 0xa6, 0xd7, 0xde, 0xff, 0xa6, 0xd7, 0xde, 0xff, 0xa6, 0xd7, 0xde, 0xff, 
0xa6, 0xd7, 0xde, 0xff, 0xa6, 0xd7, 0xde, 0xff, 0xa6, 0xd7, 0xde, 0xff, 0xa6, 0xd7, 0xde, 0xff, 
0xa6, 0xd7, 0xde, 0xff, 0xa6, 0xd7, 0xde, 0xff, 0xa6, 0xd7, 0xde, 0xff, 0xa6, 0xd7, 0xde, 0xff, 
0xa6, 0xd7, 0xde, 0xff, 0xa6, 0xd7, 0xde, 0xff, 0xa6, 0xd7, 0xde, 0xff, 0xa6, 0xd7, 0xde, 0xff, 
0xa6, 0xd7, 0xde, 0xff, 0xa6, 0xd7, 0xde, 0xff, 0xa6, 0xd7, 0xde, 0xff, 0xa6, 0xd7, 0xde, 0xff, 
0xa6, 0xd7, 0xde, 0xff, 0xa6, 0xd7, 0xde, 0xff, 0xa6, 0xd7, 0xde, 0xff, 0xa6, 0xd7, 0xde, 0xff, 
0xa6, 0xd7, 0xde, 0xff, 0xa6, 0xd7, 0xde, 0xff, 0xa6, 0xd7, 0xde, 0xff, 0xa6, 0xd7, 0xde, 0xff, 
0xa6, 0xd7, 0xde, 0xff, 0xa6, 0xd7, 0xde, 0xff, 0xa6, 0xd7, 0xde, 0xff, 0xa6, 0xd7, 0xde, 0xff, 
0xa6, 0xd7, 0xde, 0xff, 0xa6, 0xd7, 0xde, 0xff, 0xa6, 0xd7, 0xde, 0xff, 0xa6, 0xd7, 0xde, 0xff, 
0xa6, 0xd7, 0xde, 0xff, 0xa6, 0xd7, 0xde, 0xff, 0xa6, 0xd7, 0xde, 0xff, 0xa6, 0xd7, 0xde, 0xff, 
0xa6, 0xd7, 0xde, 0xff, 0xa6, 0xd7, 0xde, 0xff, 0xa6, 0xd7, 0xde, 0xff, 0xa6, 0xd7, 0xde, 0xff, 
0xa6, 0xd7, 0xde, 0xff, 0xa6, 0xd7, 0xde, 0xff, 0xa6, 0xd7, 0xde, 0xff, 0xa6, 0xd7, 0xde, 0xff, 
0xa6, 0xd7, 0xde, 0xff, 0xa6, 0xd7, 0xde, 0xff, 0xa6, 0xd7, 0xde, 0xff, 0xa6, 0xd7, 0xde, 0xff, 
0xa6, 0xd7, 0xde, 0xff, 0xa6, 0xd7, 0xde, 0xff, 0xa6, 0xd7, 0xde, 0xff, 0xa6, 0xd7, 0xde, 0xff, 
0xa6, 0xd7, 0xde, 0xff, 0xa6, 0xd7, 0xde, 0xff, 0xa6, 0xd7, 0xde, 0xff, 0xa6, 0xd7, 0xde, 0xff, 
0xa6, 0xd7, 0xde, 0xff, 0xa6, 0xd7, 0xde, 0xff, 0xa6, 0xd7, 0xde, 0xff, 0xa6, 0xd7, 0xde, 0xff, 
0xa6, 0xd7, 0xde, 0xff, 0xa6, 0xd7, 0xde, 0xff, 0xa6, 0xd7, 0xde, 0xff, 0xa6, 0xd7, 0xde, 0xff, 
0xa6, 0xd7, 0xde, 0xff, 0xa6, 0xd7, 0xde, 0xff, 0xa6, 0xd7, 0xde, 0xff, 0xa6, 0xd7, 0xde, 0xff, 
0xa6, 0xd7, 0xde, 0xff, 0xa6, 0xd7, 0xde, 0xff, 0xa6, 0xd7, 0xde, 0xff, 0xa6, 0xd7, 0xde, 0xff, 
0xa6, 0xd7, 0xde, 0xff, 0xa6, 0xd7, 0xde, 0xff, 0xa6, 0xd7, 0xde, 0xff, 0xa6, 0xd7, 0xde, 0xff, 
0xa6, 0xd7, 0xde, 0xff, 0xa6, 0xd7, 0xde, 0xff, 0xa6, 0xd7, 0xde, 0xff, 0xa6, 0xd7, 0xde, 0xff, 
0xa6, 0xd7, 0xde, 0xff, 0xa6, 0xd7, 0xde, 0xff, 0xa6, 0xd7, 0xde, 0xff, 0xa6, 0xd7, 0xde, 0xff, 
0xa6, 0xd7, 0xde, 0xff, 0xa6, 0xd7, 0xde, 0xff, 0xa6, 0xd7, 0xde, 0xff, 0xa6, 0xd7, 0xde, 0xff, 
0xa6, 0xd7, 0xde, 0xff, 0xa6, 0xd7, 0xde, 0xff, 0xa6, 0xd7, 0xde, 0xff, 0xa6, 0xd7, 0xde, 0xff, 
0xa6, 0xd7, 0xde, 0xff, 0xa6, 0xd7, 0xde, 0xff, 0xa6, 0xd7, 0xde, 0xff, 0xa6, 0xd7, 0xde, 0xff, 
0xa6, 0xd7, 0xde, 0xff, 0xa6, 0xd7, 0xde, 0xff, 0xa6, 0xd7, 0xde, 0xff, 0xa6, 0xd7, 0xde, 0xff, 
0xa6, 0xd7, 0xde, 0xff, 0xa6, 0xd7, 0xde, 0xff, 0xa6, 0xd7, 0xde, 0xff, 0xa6, 0xd7, 0xde, 0xff, 
0xa6, 0xd7, 0xde, 0xff, 0xa6, 0xd7, 0xde, 0xff, 0xa6, 0xd7, 0xde, 0xff, 0xa6, 0xd7, 0xde, 0xff, 
0xa6, 0xd7, 0xde, 0xff, 0xa6, 0xd7, 0xde, 0xff, 0xa6, 0xd7, 0xde, 0xff, 0xa6, 0xd7, 0xde, 0xff, 
0xa6, 0xd7, 0xde, 0xff, 0xa6, 0xd7, 0xde, 0xff, 0xa6, 0xd7, 0xde, 0xff, 0xa6, 0xd7, 0xde, 0xff, 
0xa6, 0xd7, 0xde, 0xff, 0xa6, 0xd7, 0xde, 0xff, 0xa6, 0xd7, 0xde, 0xff, 0xa6, 0xd7, 0xde, 0xff, 
0xa6, 0xd7, 0xde, 0xff, 0xa6, 0xd7, 0xde, 0xff, 0xa6, 0xd7, 0xde, 0xff, 0xa6, 0xd7, 0xde, 0xff, 
0xa6, 0xd7, 0xde, 0xff, 0xa6, 0xd7, 0xde, 0xff, 0xa6, 0xd7, 0xde, 0xff, 0xa6, 0xd7, 0xde, 0xff, 
0xa6, 0xd7, 0xde, 0xff, 0xa6, 0xd7, 0xde, 0xff, 0xa6, 0xd7, 0xde, 0xff, 0xa6, 0xd7, 0xde, 0xff, 
0xa6, 0xd7, 0xde, 0xff, 0xa6, 0xd7, 0xde, 0xff, 0xa6, 0xd7, 0xde, 0xff, 0xa6, 0xd7, 0xde, 0xff, 
0xa5, 0xd6, 0xdd, 0xff, 0xa5, 0xd6, 0xdd, 0xff, 0xa5, 0xd6, 0xdd, 0xff, 0xa5, 0xd6, 0xdd, 0xff, 
0xa5, 0xd6, 0xdd, 0xff, 0xa5, 0xd6, 0xdd, 0xff, 0xa5, 0xd6, 0xdd, 0xff, 0xa5, 0xd6, 0xdd, 0xff, 
0xa5, 0xd6, 0xdd, 0xff, 0xa5, 0xd6, 0xdd, 0xff, 0xa5, 0xd6, 0xdd, 0xff, 0xa5, 0xd6, 0xdd, 0xff, 
0xa5, 0xd6, 0xdd, 0xff, 0xa5, 0xd6, 0xdd, 0xff, 0xa5, 0xd6, 0xdd, 0xff, 0xa5, 0xd6, 0xdd, 0xff, 
0xa5, 0xd6, 0xdd, 0xff, 0xa5, 0xd6, 0xdd, 0xff, 0xa5, 0xd6, 0xdd, 0xff, 0xa5, 0xd6, 0xdd, 0xff, 
0xa5, 0xd6, 0xdd, 0xff, 0xa5, 0xd6, 0xdd, 0xff, 0xa5, 0xd6, 0xdd, 0xff, 0xa5, 0xd6, 0xdd, 0xff, 
0xa5, 0xd6, 0xdd, 0xff, 0xa5, 0xd6, 0xdd, 0xff, 0xa5, 0xd6, 0xdd, 0xff, 0xa5, 0xd6, 0xdd, 0xff, 
0xa5, 0xd6, 0xdd, 0xff, 0xa5, 0xd6, 0xdd, 0xff, 0xa5, 0xd6, 0xdd, 0xff, 0xa5, 0xd6, 0xdd, 0xff, 
0xa5, 0xd6, 0xdd, 0xff, 0xa5, 0xd6, 0xdd, 0xff, 0xa5, 0xd6, 0xdd, 0xff, 0xa5, 0xd6, 0xdd, 0xff, 
0xa5, 0xd6, 0xdd, 0xff, 0xa5, 0xd6, 0xdd, 0xff, 0xa5, 0xd6, 0xdd, 0xff, 0xa5, 0xd6, 0xdd, 0xff, 
0xa5, 0xd6, 0xdd, 0xff, 0xa5, 0xd6, 0xdd, 0xff, 0xa5, 0xd6, 0xdd, 0xff, 0xa5, 0xd6, 0xdd, 0xff, 
0xa5, 0xd6, 0xdd, 0xff, 0xa5, 0xd6, 0xdd, 0xff, 0xa5, 0xd6, 0xdd, 0xff, 0xa5, 0xd6, 0xdd, 0xff, 
0xa5, 0xd6, 0xdd, 0xff, 0xa5, 0xd6, 0xdd, 0xff, 0xa5, 0xd6, 0xdd, 0xff, 0xa5, 0xd6, 0xdd, 0xff, 
0xa5, 0xd6, 0xdd, 0xff, 0xa5, 0xd6, 0xdd, 0xff, 0xa5, 0xd6, 0xdd, 0xff, 0xa5, 0xd6, 0xdd, 0xff, 
0xa5, 0xd6, 0xdd, 0xff, 0xa5, 0xd6, 0xdd, 0xff, 0xa5, 0xd6, 0xdd, 0xff, 0xa5, 0xd6, 0xdd, 0xff, 
0xa5, 0xd6, 0xdd, 0xff, 0xa5, 0xd6, 0xdd, 0xff, 0xa5, 0xd6, 0xdd, 0xff, 0xa5, 0xd6, 0xdd, 0xff, 
0xa5, 0xd6, 0xdd, 0xff, 0xa5, 0xd6, 0xdd, 0xff, 0xa5, 0xd6, 0xdd, 0xff, 0xa5, 0xd6, 0xdd, 0xff, 
0xa5, 0xd6, 0xdd, 0xff, 0xa5, 0xd6, 0xdd, 0xff, 0xa5, 0xd6, 0xdd, 0xff, 0xa5, 0xd6, 0xdd, 0xff, 
0xa5, 0xd6, 0xdd, 0xff, 0xa5, 0xd6, 0xdd, 0xff, 0xa5, 0xd6, 0xdd, 0xff, 0xa5, 0xd6, 0xdd, 0xff, 
0xa5, 0xd6, 0xdd, 0xff, 0xa5, 0xd6, 0xdd, 0xff, 0xa5, 0xd6, 0xdd, 0xff, 0xa5, 0xd6, 0xdd, 0xff, 
0xa5, 0xd6, 0xdd, 0xff, 0xa5, 0xd6, 0xdd, 0xff, 0xa5, 0xd6, 0xdd, 0xff, 0xa5, 0xd6, 0xdd, 0xff, 
0xa5, 0xd6, 0xdd, 0xff, 0xa5, 0xd6, 0xdd, 0xff, 0xa5, 0xd6, 0xdd, 0xff, 0xa5, 0xd6, 0xdd, 0xff, 
0xa5, 0xd6, 0xdd, 0xff, 0xa5, 0xd6, 0xdd, 0xff, 0xa5, 0xd6, 0xdd, 0xff, 0xa5, 0xd6, 0xdd, 0xff, 
0xa5, 0xd6, 0xdd, 0xff, 0xa5, 0xd6, 0xdd, 0xff, 0xa5, 0xd6, 0xdd, 0xff, 0xa5, 0xd6, 0xdd, 0xff, 
0xa5, 0xd6, 0xdd, 0xff, 0xa5, 0xd6, 0xdd, 0xff, 0xa5, 0xd6, 0xdd, 0xff, 0xa5, 0xd6, 0xdd, 0xff, 
0xa5, 0xd6, 0xdd, 0xff, 0xa5, 0xd6, 0xdd, 0xff, 0xa5, 0xd6, 0xdd, 0xff, 0xa5, 0xd6, 0xdd, 0xff, 
0xa5, 0xd6, 0xdd, 0xff, 0xa5, 0xd6, 0xdd, 0xff, 0xa5, 0xd6, 0xdd, 0xff, 0xa5, 0xd6, 0xdd, 0xff, 
0xa5, 0xd6, 0xdd, 0xff, 0xa5, 0xd6, 0xdd, 0xff, 0xa5, 0xd6, 0xdd, 0xff, 0xa5, 0xd6, 0xdd, 0xff, 
0xa5, 0xd6, 0xdd, 0xff, 0xa5, 0xd6, 0xdd, 0xff, 0xa5, 0xd6, 0xdd, 0xff, 0xa5, 0xd6, 0xdd, 0xff, 
0xa5, 0xd6, 0xdd, 0xff, 0xa5, 0xd6, 0xdd, 0xff, 0xa5, 0xd6, 0xdd, 0xff, 0xa5, 0xd6, 0xdd, 0xff, 
0xa5, 0xd6, 0xdd, 0xff, 0xa5, 0xd6, 0xdd, 0xff, 0xa5, 0xd6, 0xdd, 0xff, 0xa5, 0xd6, 0xdd, 0xff, 
0xa5, 0xd6, 0xdd, 0xff, 0xa5, 0xd6, 0xdd, 0xff, 0xa5, 0xd6, 0xdd, 0xff, 0xa5, 0xd6, 0xdd, 0xff, 
0xa5, 0xd6, 0xdd, 0xff, 0xa5, 0xd6, 0xdd, 0xff, 0xa5, 0xd6, 0xdd, 0xff, 0xa5, 0xd6, 0xdd, 0xff, 
0xa5, 0xd6, 0xdd, 0xff, 0xa5, 0xd6, 0xdd, 0xff, 0xa5, 0xd6, 0xdd, 0xff, 0xa5, 0xd6, 0xdd, 0xff, 
0xa5, 0xd6, 0xdd, 0xff, 0xa5, 0xd6, 0xdd, 0xff, 0xa5, 0xd6, 0xdd, 0xff, 0xa5, 0xd6, 0xdd, 0xff, 
0xa5, 0xd6, 0xdd, 0xff, 0xa5, 0xd6, 0xdd, 0xff, 0xa5, 0xd6, 0xdd, 0xff, 0xa5, 0xd6, 0xdd, 0xff, 
0xa5, 0xd6, 0xdd, 0xff, 0xa5, 0xd6, 0xdd, 0xff, 0xa5, 0xd6, 0xdd, 0xff, 0xa5, 0xd6, 0xdd, 0xff, 
0xa5, 0xd6, 0xdd, 0xff, 0xa5, 0xd6, 0xdd, 0xff, 0xa5, 0xd6, 0xdd, 0xff, 0xa5, 0xd6, 0xdd, 0xff, 
0xa5, 0xd6, 0xdd, 0xff, 0xa5, 0xd6, 0xdd, 0xff, 0xa5, 0xd6, 0xdd, 0xff, 0xa5, 0xd6, 0xdd, 0xff, 
0xa5, 0xd6, 0xdd, 0xff, 0xa5, 0xd6, 0xdd, 0xff, 0xa5, 0xd6, 0xdd, 0xff, 0xa5, 0xd6, 0xdd, 0xff, 
0xa5, 0xd6, 0xdd, 0xff, 0xa5, 0xd6, 0xdd, 0xff, 0xa5, 0xd6, 0xdd, 0xff, 0xa5, 0xd6, 0xdd, 0xff, 
0xa5, 0xd6, 0xdd, 0xff, 0xa5, 0xd6, 0xdd, 0xff, 0xa5, 0xd6, 0xdd, 0xff, 0xa5, 0xd6, 0xdd, 0xff, 
0xa5, 0xd6, 0xdd, 0xff, 0xa5, 0xd6, 0xdd, 0xff, 0xa5, 0xd6, 0xdd, 0xff, 0xa5, 0xd6, 0xdd, 0xff, 
0xa5, 0xd6, 0xdd, 0xff, 0xa5, 0xd6, 0xdd, 0xff, 0xa5, 0xd6, 0xdd, 0xff, 0xa5, 0xd6, 0xdd, 0xff, 
0xa5, 0xd6, 0xdd, 0xff, 0xa5, 0xd6, 0xdd, 0xff, 0xa5, 0xd6, 0xdd, 0xff, 0xa5, 0xd6, 0xdd, 0xff, 
0xa5, 0xd6, 0xdd, 0xff, 0xa5, 0xd6, 0xdd, 0xff, 0xa5, 0xd6, 0xdd, 0xff, 0xa5, 0xd6, 0xdd, 0xff, 
0xa5, 0xd6, 0xdd, 0xff, 0xa5, 0xd6, 0xdd, 0xff, 0xa5, 0xd6, 0xdd, 0xff, 0xa5, 0xd6, 0xdd, 0xff, 
0xa5, 0xd6, 0xdd, 0xff, 0xa5, 0xd6, 0xdd, 0xff, 0xa5, 0xd6, 0xdd, 0xff, 0xa5, 0xd6, 0xdd, 0xff, 
0xa5, 0xd6, 0xdd, 0xff, 0xa5, 0xd6, 0xdd, 0xff, 0xa5, 0xd6, 0xdd, 0xff, 0xa5, 0xd6, 0xdd, 0xff, 
0xa5, 0xd6, 0xdd, 0xff, 0xa5, 0xd6, 0xdd, 0xff, 0xa5, 0xd6, 0xdd, 0xff, 0xa5, 0xd6, 0xdd, 0xff, 
0xa5, 0xd6, 0xdd, 0xff, 0xa5, 0xd6, 0xdd, 0xff, 0xa5, 0xd6, 0xdd, 0xff, 0xa5, 0xd6, 0xdd, 0xff, 
0xa5, 0xd6, 0xdd, 0xff, 0xa5, 0xd6, 0xdd, 0xff, 0xa5, 0xd6, 0xdd, 0xff, 0xa5, 0xd6, 0xdd, 0xff, 
0xa5, 0xd6, 0xdd, 0xff, 0xa5, 0xd6, 0xdd, 0xff, 0xa5, 0xd6, 0xdd, 0xff, 0xa5, 0xd6, 0xdd, 0xff, 
0xa5, 0xd6, 0xdd, 0xff, 0xa5, 0xd6, 0xdd, 0xff, 0xa5, 0xd6, 0xdd, 0xff, 0xa5, 0xd6, 0xdd, 0xff, 
0xa5, 0xd6, 0xdd, 0xff, 0xa5, 0xd6, 0xdd, 0xff, 0xa5, 0xd6, 0xdd, 0xff, 0xa5, 0xd6, 0xdd, 0xff, 
0xa5, 0xd6, 0xdd, 0xff, 0xa5, 0xd6, 0xdd, 0xff, 0xa5, 0xd6, 0xdd, 0xff, 0xa5, 0xd6, 0xdd, 0xff, 
0xa5, 0xd6, 0xdd, 0xff, 0xa5, 0xd6, 0xdd, 0xff, 0xa5, 0xd6, 0xdd, 0xff, 0xa5, 0xd6, 0xdd, 0xff, 
0xa5, 0xd6, 0xdd, 0xff, 0xa5, 0xd6, 0xdd, 0xff, 0xa5, 0xd6, 0xdd, 0xff, 0xa5, 0xd6, 0xdd, 0xff, 
0xa5, 0xd6, 0xdd, 0xff, 0xa5, 0xd6, 0xdd, 0xff, 0xa5, 0xd6, 0xdd, 0xff, 0xa5, 0xd6, 0xdd, 0xff, 
0xa5, 0xd6, 0xdd, 0xff, 0xa5, 0xd6, 0xdd, 0xff, 0xa5, 0xd6, 0xdd, 0xff, 0xa5, 0xd6, 0xdd, 0xff, 
0xa5, 0xd6, 0xdd, 0xff, 0xa5, 0xd6, 0xdd, 0xff, 0xa5, 0xd6, 0xdd, 0xff, 0xa5, 0xd6, 0xdd, 0xff, 
0xa5, 0xd6, 0xdd, 0xff, 0xa5, 0xd6, 0xdd, 0xff, 0xa5, 0xd6, 0xdd, 0xff, 0xa5, 0xd6, 0xdd, 0xff, 
0xa5, 0xd6, 0xdd, 0xff, 0xa5, 0xd6, 0xdd, 0xff, 0xa5, 0xd6, 0xdd, 0xff, 0xa5, 0xd6, 0xdd, 0xff, 
0xa5, 0xd6, 0xdd, 0xff, 0xa5, 0xd6, 0xdd, 0xff, 0xa5, 0xd6, 0xdd, 0xff, 0xa5, 0xd6, 0xdd, 0xff, 
0xa5, 0xd6, 0xdd, 0xff, 0xa5, 0xd6, 0xdd, 0xff, 0xa5, 0xd6, 0xdd, 0xff, 0xa5, 0xd6, 0xdd, 0xff, 
0xa5, 0xd6, 0xdd, 0xff, 0xa5, 0xd6, 0xdd, 0xff, 0xa5, 0xd6, 0xdd, 0xff, 0xa5, 0xd6, 0xdd, 0xff, 
0xa5, 0xd6, 0xdd, 0xff, 0xa5, 0xd6, 0xdd, 0xff, 0xa5, 0xd6, 0xdd, 0xff, 0xa5, 0xd6, 0xdd, 0xff, 
0xa5, 0xd6, 0xdd, 0xff, 0xa5, 0xd6, 0xdd, 0xff, 0xa5, 0xd6, 0xdd, 0xff, 0xa5, 0xd6, 0xdd, 0xff, 
0xa5, 0xd6, 0xdd, 0xff, 0xa5, 0xd6, 0xdd, 0xff, 0xa5, 0xd6, 0xdd, 0xff, 0xa5, 0xd6, 0xdd, 0xff, 
0xa5, 0xd6, 0xdd, 0xff, 0xa5, 0xd6, 0xdd, 0xff, 0xa5, 0xd6, 0xdd, 0xff, 0xa5, 0xd6, 0xdd, 0xff, 
0xa5, 0xd6, 0xdd, 0xff, 0xa5, 0xd6, 0xdd, 0xff, 0xa5, 0xd6, 0xdd, 0xff, 0xa5, 0xd6, 0xdd, 0xff, 
0xa5, 0xd6, 0xdd, 0xff, 0xa5, 0xd6, 0xdd, 0xff, 0xa5, 0xd6, 0xdd, 0xff, 0xa5, 0xd6, 0xdd, 0xff, 
0xa5, 0xd6, 0xdd, 0xff, 0xa5, 0xd6, 0xdd, 0xff, 0xa5, 0xd6, 0xdd, 0xff, 0xa5, 0xd6, 0xdd, 0xff, 
0xa5, 0xd6, 0xdd, 0xff, 0xa5, 0xd6, 0xdd, 0xff, 0xa5, 0xd6, 0xdd, 0xff, 0xa5, 0xd6, 0xdd, 0xff, 
0xa5, 0xd6, 0xdd, 0xff, 0xa5, 0xd6, 0xdd, 0xff, 0xa5, 0xd6, 0xdd, 0xff, 0xa5, 0xd6, 0xdd, 0xff, 
0xa5, 0xd6, 0xdd, 0xff, 0xa5, 0xd6, 0xdd, 0xff, 0xa5, 0xd6, 0xdd, 0xff, 0xa5, 0xd6, 0xdd, 0xff, 
0xa5, 0xd6, 0xdd, 0xff, 0xa5, 0xd6, 0xdd, 0xff, 0xa5, 0xd6, 0xdd, 0xff, 0xa5, 0xd6, 0xdd, 0xff, 
0xa5, 0xd6, 0xdd, 0xff, 0xa5, 0xd6, 0xdd, 0xff, 0xa5, 0xd6, 0xdd, 0xff, 0xa5, 0xd6, 0xdd, 0xff, 
0xa5, 0xd6, 0xdd, 0xff, 0xa5, 0xd6, 0xdd, 0xff, 0xa5, 0xd6, 0xdd, 0xff, 0xa5, 0xd6, 0xdd, 0xff, 
0xa5, 0xd6, 0xdd, 0xff, 0xa5, 0xd6, 0xdd, 0xff, 0xa5, 0xd6, 0xdd, 0xff, 0xa5, 0xd6, 0xdd, 0xff, 
0xa5, 0xd6, 0xdd, 0xff, 0xa5, 0xd6, 0xdd, 0xff, 0xa5, 0xd6, 0xdd, 0xff, 0xa5, 0xd6, 0xdd, 0xff, 
0xa5, 0xd6, 0xdd, 0xff, 0xa5, 0xd6, 0xdd, 0xff, 0xa5, 0xd6, 0xdd, 0xff, 0xa5, 0xd6, 0xdd, 0xff, 
0xa5, 0xd6, 0xdd, 0xff, 0xa5, 0xd6, 0xdd, 0xff, 0xa5, 0xd6, 0xdd, 0xff, 0xa5, 0xd6, 0xdd, 0xff, 
0xa5, 0xd6, 0xdd, 0xff, 0xa5, 0xd6, 0xdd, 0xff, 0xa5, 0xd6, 0xdd, 0xff, 0xa5, 0xd6, 0xdd, 0xff, 
0xa5, 0xd6, 0xdd, 0xff, 0xa5, 0xd6, 0xdd, 0xff, 0xa5, 0xd6, 0xdd, 0xff, 0xa5, 0xd6, 0xdd, 0xff, 
0xa5, 0xd6, 0xdd, 0xff, 0xa5, 0xd6, 0xdd, 0xff, 0xa5, 0xd6, 0xdd, 0xff, 0xa5, 0xd6, 0xdd, 0xff, 
0xa5, 0xd6, 0xdd, 0xff, 0xa5, 0xd6, 0xdd, 0xff, 0xa5, 0xd6, 0xdd, 0xff, 0xa5, 0xd6, 0xdd, 0xff, 
0xa5, 0xd6, 0xdd, 0xff, 0xa5, 0xd6, 0xdd, 0xff, 0xa5, 0xd6, 0xdd, 0xff, 0xa5, 0xd6, 0xdd, 0xff, 
0xa5, 0xd6, 0xdd, 0xff, 0xa5, 0xd6, 0xdd, 0xff, 0xa5, 0xd6, 0xdd, 0xff, 0xa5, 0xd6, 0xdd, 0xff, 
0xa5, 0xd6, 0xdd, 0xff, 0xa5, 0xd6, 0xdd, 0xff, 0xa5, 0xd6, 0xdd, 0xff, 0xa5, 0xd6, 0xdd, 0xff, 
0xa5, 0xd6, 0xdd, 0xff, 0xa5, 0xd6, 0xdd, 0xff, 0xa5, 0xd6, 0xdd, 0xff, 0xa5, 0xd6, 0xdd, 0xff, 
0xa5, 0xd6, 0xdd, 0xff, 0xa5, 0xd6, 0xdd, 0xff, 0xa5, 0xd6, 0xdd, 0xff, 0xa5, 0xd6, 0xdd, 0xff, 
0xa5, 0xd6, 0xdd, 0xff, 0xa5, 0xd6, 0xdd, 0xff, 0xa5, 0xd6, 0xdd, 0xff, 0xa5, 0xd6, 0xdd, 0xff, 
0xa5, 0xd6, 0xdd, 0xff, 0xa5, 0xd6, 0xdd, 0xff, 0xa5, 0xd6, 0xdd, 0xff, 0xa5, 0xd6, 0xdd, 0xff, 
0xa5, 0xd6, 0xdd, 0xff, 0xa5, 0xd6, 0xdd, 0xff, 0xa5, 0xd6, 0xdd, 0xff, 0xa5, 0xd6, 0xdd, 0xff, 
0xa5, 0xd6, 0xdd, 0xff, 0xa5, 0xd6, 0xdd, 0xff, 0xa5, 0xd6, 0xdd, 0xff, 0xa5, 0xd6, 0xdd, 0xff, 
0xa5, 0xd6, 0xdd, 0xff, 0xa5, 0xd6, 0xdd, 0xff, 0xa5, 0xd6, 0xdd, 0xff, 0xa5, 0xd6, 0xdd, 0xff, 
0xa5, 0xd6, 0xdd, 0xff, 0xa5, 0xd6, 0xdd, 0xff, 0xa5, 0xd6, 0xdd, 0xff, 0xa5, 0xd6, 0xdd, 0xff, 
0xa5, 0xd6, 0xdd, 0xff, 0xa5, 0xd6, 0xdd, 0xff, 0xa5, 0xd6, 0xdd, 0xff, 0xa5, 0xd6, 0xdd, 0xff, 
0xa5, 0xd6, 0xdd, 0xff, 0xa5, 0xd6, 0xdd, 0xff, 0xa5, 0xd6, 0xdd, 0xff, 0xa5, 0xd6, 0xdd, 0xff, 
0xa5, 0xd6, 0xdd, 0xff, 0xa5, 0xd6, 0xdd, 0xff, 0xa5, 0xd6, 0xdd, 0xff, 0xa5, 0xd6, 0xdd, 0xff, 
0xa5, 0xd6, 0xdd, 0xff, 0xa5, 0xd6, 0xdd, 0xff, 0xa5, 0xd6, 0xdd, 0xff, 0xa5, 0xd6, 0xdd, 0xff, 
0xa5, 0xd6, 0xdd, 0xff, 0xa5, 0xd6, 0xdd, 0xff, 0xa5, 0xd6, 0xdd, 0xff, 0xa5, 0xd6, 0xdd, 0xff, 
0xa5, 0xd6, 0xdd, 0xff, 0xa5, 0xd6, 0xdd, 0xff, 0xa5, 0xd6, 0xdd, 0xff, 0xa5, 0xd6, 0xdd, 0xff, 
0xa5, 0xd6, 0xdd, 0xff, 0xa5, 0xd6, 0xdd, 0xff, 0xa5, 0xd6, 0xdd, 0xff, 0xa5, 0xd6, 0xdd, 0xff, 
0xa5, 0xd6, 0xdd, 0xff, 0xa5, 0xd6, 0xdd, 0xff, 0xa5, 0xd6, 0xdd, 0xff, 0xa5, 0xd6, 0xdd, 0xff, 
0xa5, 0xd6, 0xdd, 0xff, 0xa5, 0xd6, 0xdd, 0xff, 0xa5, 0xd6, 0xdd, 0xff, 0xa5, 0xd6, 0xdd, 0xff, 
0xa5, 0xd6, 0xdd, 0xff, 0xa5, 0xd6, 0xdd, 0xff, 0xa5, 0xd6, 0xdd, 0xff, 0xa5, 0xd6, 0xdd, 0xff, 
0xa5, 0xd6, 0xdd, 0xff, 0xa5, 0xd6, 0xdd, 0xff, 0xa5, 0xd6, 0xdd, 0xff, 0xa5, 0xd6, 0xdd, 0xff, 
0xa5, 0xd6, 0xdd, 0xff, 0xa5, 0xd6, 0xdd, 0xff, 0xa5, 0xd6, 0xdd, 0xff, 0xa5, 0xd6, 0xdd, 0xff, 
0xa5, 0xd6, 0xdd, 0xff, 0xa5, 0xd6, 0xdd, 0xff, 0xa5, 0xd6, 0xdd, 0xff, 0xa5, 0xd6, 0xdd, 0xff, 
0xa5, 0xd6, 0xdd, 0xff, 0xa5, 0xd6, 0xdd, 0xff, 0xa5, 0xd6, 0xdd, 0xff, 0xa5, 0xd6, 0xdd, 0xff, 
0xa5, 0xd6, 0xdd, 0xff, 0xa5, 0xd6, 0xdd, 0xff, 0xa5, 0xd6, 0xdd, 0xff, 0xa5, 0xd6, 0xdd, 0xff, 
0xa5, 0xd6, 0xdd, 0xff, 0xa5, 0xd6, 0xdd, 0xff, 0xa5, 0xd6, 0xdd, 0xff, 0xa5, 0xd6, 0xdd, 0xff, 
0xa5, 0xd6, 0xdd, 0xff, 0xa5, 0xd6, 0xdd, 0xff, 0xa5, 0xd6, 0xdd, 0xff, 0xa5, 0xd6, 0xdd, 0xff, 
0xa5, 0xd6, 0xdd, 0xff, 0xa5, 0xd6, 0xdd, 0xff, 0xa5, 0xd6, 0xdd, 0xff, 0xa5, 0xd6, 0xdd, 0xff, 
0xa5, 0xd6, 0xdd, 0xff, 0xa5, 0xd6, 0xdd, 0xff, 0xa5, 0xd6, 0xdd, 0xff, 0xa5, 0xd6, 0xdd, 0xff, 
0xa5, 0xd6, 0xdd, 0xff, 0xa5, 0xd6, 0xdd, 0xff, 0xa5, 0xd6, 0xdd, 0xff, 0xa5, 0xd6, 0xdd, 0xff, 
0xa5, 0xd6, 0xdd, 0xff, 0xa5, 0xd6, 0xdd, 0xff, 0xa5, 0xd6, 0xdd, 0xff, 0xa5, 0xd6, 0xdd, 0xff, 
0xa5, 0xd6, 0xdd, 0xff, 0xa5, 0xd6, 0xdd, 0xff, 0xa5, 0xd6, 0xdd, 0xff, 0xa5, 0xd6, 0xdd, 0xff, 
0xa5, 0xd6, 0xdd, 0xff, 0xa5, 0xd6, 0xdd, 0xff, 0xa5, 0xd6, 0xdd, 0xff, 0xa5, 0xd6, 0xdd, 0xff, 
0xa5, 0xd6, 0xdd, 0xff, 0xa5, 0xd6, 0xdd, 0xff, 0xa5, 0xd6, 0xdd, 0xff, 0xa5, 0xd6, 0xdd, 0xff, 
0xa5, 0xd6, 0xdd, 0xff, 0xa5, 0xd6, 0xdd, 0xff, 0xa5, 0xd6, 0xdd, 0xff, 0xa5, 0xd6, 0xdd, 0xff, 
0xa5, 0xd6, 0xdd, 0xff, 0xa5, 0xd6, 0xdd, 0xff, 0xa5, 0xd6, 0xdd, 0xff, 0xa5, 0xd6, 0xdd, 0xff, 
0xa5, 0xd6, 0xdd, 0xff, 0xa5, 0xd6, 0xdd, 0xff, 0xa5, 0xd6, 0xdd, 0xff, 0xa5, 0xd6, 0xdd, 0xff, 
0xa5, 0xd6, 0xdd, 0xff, 0xa5, 0xd6, 0xdd, 0xff, 0xa5, 0xd6, 0xdd, 0xff, 0xa5, 0xd6, 0xdd, 0xff, 
0xa5, 0xd6, 0xdd, 0xff, 0xa5, 0xd6, 0xdd, 0xff, 0xa5, 0xd6, 0xdd, 0xff, 0xa5, 0xd6, 0xdd, 0xff, 
0xa5, 0xd6, 0xdd, 0xff, 0xa5, 0xd6, 0xdd, 0xff, 0xa5, 0xd6, 0xdd, 0xff, 0xa5, 0xd6, 0xdd, 0xff, 
0xa5, 0xd6, 0xdd, 0xff, 0xa5, 0xd6, 0xdd, 0xff, 0xa5, 0xd6, 0xdd, 0xff, 0xa5, 0xd6, 0xdd, 0xff, 
0xa5, 0xd6, 0xdd, 0xff, 0xa5, 0xd6, 0xdd, 0xff, 0xa5, 0xd6, 0xdd, 0xff, 0xa5, 0xd6, 0xdd, 0xff, 
0xa5, 0xd6, 0xdd, 0xff, 0xa5, 0xd6, 0xdd, 0xff, 0xa5, 0xd6, 0xdd, 0xff, 0xa5, 0xd6, 0xdd, 0xff, 
0xa5, 0xd6, 0xdd, 0xff, 0xa5, 0xd6, 0xdd, 0xff, 0xa5, 0xd6, 0xdd, 0xff, 0xa5, 0xd6, 0xdd, 0xff, 
0xa5, 0xd6, 0xdd, 0xff, 0xa5, 0xd6, 0xdd, 0xff, 0xa5, 0xd6, 0xdd, 0xff, 0xa5, 0xd6, 0xdd, 0xff, 
0xa5, 0xd6, 0xdd, 0xff, 0xa5, 0xd6, 0xdd, 0xff, 0xa5, 0xd6, 0xdd, 0xff, 0xa5, 0xd6, 0xdd, 0xff, 
0xa5, 0xd6, 0xdd, 0xff, 0xa5, 0xd6, 0xdd, 0xff, 0xa5, 0xd6, 0xdd, 0xff, 0xa5, 0xd6, 0xdd, 0xff, 
0xa5, 0xd6, 0xdd, 0xff, 0xa5, 0xd6, 0xdd, 0xff, 0xa5, 0xd6, 0xdd, 0xff, 0xa5, 0xd6, 0xdd, 0xff, 
0xa5, 0xd6, 0xdd, 0xff, 0xa5, 0xd6, 0xdd, 0xff, 0xa5, 0xd6, 0xdd, 0xff, 0xa5, 0xd6, 0xdd, 0xff, 
0xa5, 0xd6, 0xdd, 0xff, 0xa5, 0xd6, 0xdd, 0xff, 0xa5, 0xd6, 0xdd, 0xff, 0xa5, 0xd6, 0xdd, 0xff, 
0xa5, 0xd6, 0xdd, 0xff, 0xa5, 0xd6, 0xdd, 0xff, 0xa5, 0xd6, 0xdd, 0xff, 0xa5, 0xd6, 0xdd, 0xff, 
0xa5, 0xd6, 0xdd, 0xff, 0xa5, 0xd6, 0xdd, 0xff, 0xa5, 0xd6, 0xdd, 0xff, 0xa5, 0xd6, 0xdd, 0xff, 
0xa5, 0xd6, 0xdd, 0xff, 0xa5, 0xd6, 0xdd, 0xff, 0xa5, 0xd6, 0xdd, 0xff, 0xa5, 0xd6, 0xdd, 0xff, 
0xa5, 0xd6, 0xdd, 0xff, 0xa5, 0xd6, 0xdd, 0xff, 0xa5, 0xd6, 0xdd, 0xff, 0xa5, 0xd6, 0xdd, 0xff, 
0xa5, 0xd6, 0xdd, 0xff, 0xa5, 0xd6, 0xdd, 0xff, 0xa5, 0xd6, 0xdd, 0xff, 0xa5, 0xd6, 0xdd, 0xff, 
0xa5, 0xd6, 0xdd, 0xff, 0xa5, 0xd6, 0xdd, 0xff, 0xa5, 0xd6, 0xdd, 0xff, 0xa5, 0xd6, 0xdd, 0xff, 
0xa5, 0xd6, 0xdd, 0xff, 0xa5, 0xd6, 0xdd, 0xff, 0xa5, 0xd6, 0xdd, 0xff, 0xa5, 0xd6, 0xdd, 0xff, 
0xa5, 0xd6, 0xdd, 0xff, 0xa5, 0xd6, 0xdd, 0xff, 0xa5, 0xd6, 0xdd, 0xff, 0xa5, 0xd6, 0xdd, 0xff, 
0xa5, 0xd6, 0xdd, 0xff, 0xa5, 0xd6, 0xdd, 0xff, 0xa5, 0xd6, 0xdd, 0xff, 0xa5, 0xd6, 0xdd, 0xff, 
0xa5, 0xd6, 0xdd, 0xff, 0xa5, 0xd6, 0xdd, 0xff, 0xa5, 0xd6, 0xdd, 0xff, 0xa5, 0xd6, 0xdd, 0xff, 
0xa5, 0xd6, 0xdd, 0xff, 0xa5, 0xd6, 0xdd, 0xff, 0xa5, 0xd6, 0xdd, 0xff, 0xa5, 0xd6, 0xdd, 0xff, 
0xa5, 0xd6, 0xdd, 0xff, 0xa5, 0xd6, 0xdd, 0xff, 0xa5, 0xd6, 0xdd, 0xff, 0xa5, 0xd6, 0xdd, 0xff, 
0xa5, 0xd6, 0xdd, 0xff, 0xa5, 0xd6, 0xdd, 0xff, 0xa5, 0xd6, 0xdd, 0xff, 0xa5, 0xd6, 0xdd, 0xff, 
0xa5, 0xd6, 0xdd, 0xff, 0xa5, 0xd6, 0xdd, 0xff, 0xa5, 0xd6, 0xdd, 0xff, 0xa5, 0xd6, 0xdd, 0xff, 
0xa5, 0xd6, 0xdd, 0xff, 0xa5, 0xd6, 0xdd, 0xff, 0xa5, 0xd6, 0xdd, 0xff, 0xa5, 0xd6, 0xdd, 0xff, 
0xa5, 0xd6, 0xdd, 0xff, 0xa5, 0xd6, 0xdd, 0xff, 0xa5, 0xd6, 0xdd, 0xff, 0xa5, 0xd6, 0xdd, 0xff, 
0xa5, 0xd6, 0xdd, 0xff, 0xa5, 0xd6, 0xdd, 0xff, 0xa5, 0xd6, 0xdd, 0xff, 0xa5, 0xd6, 0xdd, 0xff, 
0xa5, 0xd6, 0xdd, 0xff, 0xa5, 0xd6, 0xdd, 0xff, 0xa5, 0xd6, 0xdd, 0xff, 0xa5, 0xd6, 0xdd, 0xff, 
0xa5, 0xd6, 0xdd, 0xff, 0xa5, 0xd6, 0xdd, 0xff, 0xa5, 0xd6, 0xdd, 0xff, 0xa5, 0xd6, 0xdd, 0xff, 
0xa5, 0xd6, 0xdd, 0xff, 0xa5, 0xd6, 0xdd, 0xff, 0xa5, 0xd6, 0xdd, 0xff, 0xa5, 0xd6, 0xdd, 0xff, 
0xa5, 0xd6, 0xdd, 0xff, 0xa5, 0xd6, 0xdd, 0xff, 0xa5, 0xd6, 0xdd, 0xff, 0xa5, 0xd6, 0xdd, 0xff, 
0xa5, 0xd6, 0xdd, 0xff, 0xa5, 0xd6, 0xdd, 0xff, 0xa5, 0xd6, 0xdd, 0xff, 0xa5, 0xd6, 0xdd, 0xff, 
0xa5, 0xd6, 0xdd, 0xff, 0xa5, 0xd6, 0xdd, 0xff, 0xa5, 0xd6, 0xdd, 0xff, 0xa5, 0xd6, 0xdd, 0xff, 
0xa5, 0xd6, 0xdd, 0xff, 0xa5, 0xd6, 0xdd, 0xff, 0xa5, 0xd6, 0xdd, 0xff, 0xa5, 0xd6, 0xdd, 0xff, 
0xa5, 0xd6, 0xdd, 0xff, 0xa5, 0xd6, 0xdd, 0xff, 0xa5, 0xd6, 0xdd, 0xff, 0xa5, 0xd6, 0xdd, 0xff, 
0xa5, 0xd6, 0xdd, 0xff, 0xa5, 0xd6, 0xdd, 0xff, 0xa5, 0xd6, 0xdd, 0xff, 0xa5, 0xd6, 0xdd, 0xff, 
0xa5, 0xd6, 0xdd, 0xff, 0xa5, 0xd6, 0xdd, 0xff, 0xa5, 0xd6, 0xdd, 0xff, 0xa5, 0xd6, 0xdd, 0xff, 
0xa5, 0xd6, 0xdd, 0xff, 0xa5, 0xd6, 0xdd, 0xff, 0xa5, 0xd6, 0xdd, 0xff, 0xa5, 0xd6, 0xdd, 0xff, 
0xa5, 0xd6, 0xdd, 0xff, 0xa5, 0xd6, 0xdd, 0xff, 0xa5, 0xd6, 0xdd, 0xff, 0xa5, 0xd6, 0xdd, 0xff, 
0xa5, 0xd6, 0xdd, 0xff, 0xa5, 0xd6, 0xdd, 0xff, 0xa5, 0xd6, 0xdd, 0xff, 0xa5, 0xd6, 0xdd, 0xff, 
0xa5, 0xd6, 0xdd, 0xff, 0xa5, 0xd6, 0xdd, 0xff, 0xa5, 0xd6, 0xdd, 0xff, 0xa5, 0xd6, 0xdd, 0xff, 
0xa5, 0xd6, 0xdd, 0xff, 0xa5, 0xd6, 0xdd, 0xff, 0xa5, 0xd6, 0xdd, 0xff, 0xa5, 0xd6, 0xdd, 0xff, 
0xa5, 0xd6, 0xdd, 0xff, 0xa5, 0xd6, 0xdd, 0xff, 0xa5, 0xd6, 0xdd, 0xff, 0xa5, 0xd6, 0xdd, 0xff, 
0xa5, 0xd6, 0xdd, 0xff, 0xa5, 0xd6, 0xdd, 0xff, 0xa5, 0xd6, 0xdd, 0xff, 0xa5, 0xd6, 0xdd, 0xff, 
0xa5, 0xd6, 0xdd, 0xff, 0xa5, 0xd6, 0xdd, 0xff, 0xa5, 0xd6, 0xdd, 0xff, 0xa5, 0xd6, 0xdd, 0xff, 
0xa5, 0xd6, 0xdd, 0xff, 0xa5, 0xd6, 0xdd, 0xff, 0xa5, 0xd6, 0xdd, 0xff, 0xa5, 0xd6, 0xdd, 0xff, 
0xa5, 0xd6, 0xdd, 0xff, 0xa5, 0xd6, 0xdd, 0xff, 0xa5, 0xd6, 0xdd, 0xff, 0xa5, 0xd6, 0xdd, 0xff, 
0xa5, 0xd6, 0xdd, 0xff, 0xa5, 0xd6, 0xdd, 0xff, 0xa5, 0xd6, 0xdd, 0xff, 0xa5, 0xd6, 0xdd, 0xff, 
0xa5, 0xd6, 0xdd, 0xff, 0xa5, 0xd6, 0xdd, 0xff, 0xa5, 0xd6, 0xdd, 0xff, 0xa5, 0xd6, 0xdd, 0xff, 
0xa5, 0xd6, 0xdd, 0xff, 0xa5, 0xd6, 0xdd, 0xff, 0xa5, 0xd6, 0xdd, 0xff, 0xa5, 0xd6, 0xdd, 0xff, 
0xa5, 0xd6, 0xdd, 0xff, 0xa5, 0xd6, 0xdd, 0xff, 0xa5, 0xd6, 0xdd, 0xff, 0xa5, 0xd6, 0xdd, 0xff, 
0xa5, 0xd6, 0xdd, 0xff, 0xa5, 0xd6, 0xdd, 0xff, 0xa5, 0xd6, 0xdd, 0xff, 0xa5, 0xd6, 0xdd, 0xff, 
0xa5, 0xd6, 0xdd, 0xff, 0xa5, 0xd6, 0xdd, 0xff, 0xa5, 0xd6, 0xdd, 0xff, 0xa5, 0xd6, 0xdd, 0xff, 
0xa5, 0xd6, 0xdd, 0xff, 0xa5, 0xd6, 0xdd, 0xff, 0xa5, 0xd6, 0xdd, 0xff, 0xa5, 0xd6, 0xdd, 0xff, 
0xa5, 0xd6, 0xdd, 0xff, 0xa5, 0xd6, 0xdd, 0xff, 0xa5, 0xd6, 0xdd, 0xff, 0xa5, 0xd6, 0xdd, 0xff, 
0xa5, 0xd6, 0xdd, 0xff, 0xa5, 0xd6, 0xdd, 0xff, 0xa5, 0xd6, 0xdd, 0xff, 0xa5, 0xd6, 0xdd, 0xff, 
0xa5, 0xd6, 0xdd, 0xff, 0xa5, 0xd6, 0xdd, 0xff, 0xa5, 0xd6, 0xdd, 0xff, 0xa5, 0xd6, 0xdd, 0xff, 
0xa5, 0xd6, 0xdd, 0xff, 0xa5, 0xd6, 0xdd, 0xff, 0xa5, 0xd6, 0xdd, 0xff, 0xa5, 0xd6, 0xdd, 0xff, 
0xa5, 0xd6, 0xdd, 0xff, 0xa5, 0xd6, 0xdd, 0xff, 0xa5, 0xd6, 0xdd, 0xff, 0xa5, 0xd6, 0xdd, 0xff, 
0xa5, 0xd6, 0xdd, 0xff, 0xa5, 0xd6, 0xdd, 0xff, 0xa5, 0xd6, 0xdd, 0xff, 0xa5, 0xd6, 0xdd, 0xff, 
0xa5, 0xd6, 0xdd, 0xff, 0xa5, 0xd6, 0xdd, 0xff, 0xa5, 0xd6, 0xdd, 0xff, 0xa5, 0xd6, 0xdd, 0xff, 
0xa5, 0xd6, 0xdd, 0xff, 0xa5, 0xd6, 0xdd, 0xff, 0xa5, 0xd6, 0xdd, 0xff, 0xa5, 0xd6, 0xdd, 0xff, 
0xa5, 0xd6, 0xdd, 0xff, 0xa5, 0xd6, 0xdd, 0xff, 0xa5, 0xd6, 0xdd, 0xff, 0xa5, 0xd6, 0xdd, 0xff, 
0xa5, 0xd6, 0xdd, 0xff, 0xa5, 0xd6, 0xdd, 0xff, 0xa5, 0xd6, 0xdd, 0xff, 0xa5, 0xd6, 0xdd, 0xff, 
0xa5, 0xd6, 0xdd, 0xff, 0xa5, 0xd6, 0xdd, 0xff, 0xa5, 0xd6, 0xdd, 0xff, 0xa5, 0xd6, 0xdd, 0xff, 
0xa5, 0xd6, 0xdd, 0xff, 0xa5, 0xd6, 0xdd, 0xff, 0xa5, 0xd6, 0xdd, 0xff, 0xa5, 0xd6, 0xdd, 0xff, 
0xa5, 0xd6, 0xdd, 0xff, 0xa5, 0xd6, 0xdd, 0xff, 0xa5, 0xd6, 0xdd, 0xff, 0xa5, 0xd6, 0xdd, 0xff, 
0xa5, 0xd6, 0xdd, 0xff, 0xa5, 0xd6, 0xdd, 0xff, 0xa5, 0xd6, 0xdd, 0xff, 0xa5, 0xd6, 0xdd, 0xff, 
0xa5, 0xd6, 0xdd, 0xff, 0xa5, 0xd6, 0xdd, 0xff, 0xa5, 0xd6, 0xdd, 0xff, 0xa5, 0xd6, 0xdd, 0xff, 
0xa5, 0xd6, 0xdd, 0xff, 0xa5, 0xd6, 0xdd, 0xff, 0xa5, 0xd6, 0xdd, 0xff, 0xa5, 0xd6, 0xdd, 0xff, 
0xa5, 0xd6, 0xdd, 0xff, 0xa5, 0xd6, 0xdd, 0xff, 0xa5, 0xd6, 0xdd, 0xff, 0xa5, 0xd6, 0xdd, 0xff, 
0xa5, 0xd6, 0xdd, 0xff, 0xa5, 0xd6, 0xdd, 0xff, 0xa5, 0xd6, 0xdd, 0xff, 0xa5, 0xd6, 0xdd, 0xff, 
0xa5, 0xd6, 0xdd, 0xff, 0xa5, 0xd6, 0xdd, 0xff, 0xa5, 0xd6, 0xdd, 0xff, 0xa5, 0xd6, 0xdd, 0xff, 
0xa5, 0xd6, 0xdd, 0xff, 0xa5, 0xd6, 0xdd, 0xff, 0xa5, 0xd6, 0xdd, 0xff, 0xa5, 0xd6, 0xdd, 0xff, 
0xa5, 0xd6, 0xdd, 0xff, 0xa5, 0xd6, 0xdd, 0xff, 0xa5, 0xd6, 0xdd, 0xff, 0xa5, 0xd6, 0xdd, 0xff, 
0xa5, 0xd6, 0xdd, 0xff, 0xa5, 0xd6, 0xdd, 0xff, 0xa5, 0xd6, 0xdd, 0xff, 0xa5, 0xd6, 0xdd, 0xff, 
0xa5, 0xd6, 0xdd, 0xff, 0xa5, 0xd6, 0xdd, 0xff, 0xa5, 0xd6, 0xdd, 0xff, 0xa5, 0xd6, 0xdd, 0xff, 
0xa5, 0xd6, 0xdd, 0xff, 0xa5, 0xd6, 0xdd, 0xff, 0xa5, 0xd6, 0xdd, 0xff, 0xa5, 0xd6, 0xdd, 0xff, 
0xa5, 0xd6, 0xdd, 0xff, 0xa5, 0xd6, 0xdd, 0xff, 0xa5, 0xd6, 0xdd, 0xff, 0xa5, 0xd6, 0xdd, 0xff, 
0xa5, 0xd6, 0xdd, 0xff, 0xa5, 0xd6, 0xdd, 0xff, 0xa5, 0xd6, 0xdd, 0xff, 0xa5, 0xd6, 0xdd, 0xff, 
0xa5, 0xd6, 0xdd, 0xff, 0xa5, 0xd6, 0xdd, 0xff, 0xa5, 0xd6, 0xdd, 0xff, 0xa5, 0xd6, 0xdd, 0xff, 
0xa5, 0xd6, 0xdd, 0xff, 0xa5, 0xd6, 0xdd, 0xff, 0xa5, 0xd6, 0xdd, 0xff, 0xa5, 0xd6, 0xdd, 0xff, 
0xa5, 0xd6, 0xdd, 0xff, 0xa5, 0xd6, 0xdd, 0xff, 0xa5, 0xd6, 0xdd, 0xff, 0xa5, 0xd6, 0xdd, 0xff, 
0xa5, 0xd6, 0xdd, 0xff, 0xa5, 0xd6, 0xdd, 0xff, 0xa5, 0xd6, 0xdd, 0xff, 0xa5, 0xd6, 0xdd, 0xff, 
0xa5, 0xd6, 0xdd, 0xff, 0xa5, 0xd6, 0xdd, 0xff, 0xa5, 0xd6, 0xdd, 0xff, 0xa5, 0xd6, 0xdd, 0xff, 
0xa5, 0xd6, 0xdd, 0xff, 0xa5, 0xd6, 0xdd, 0xff, 0xa5, 0xd6, 0xdd, 0xff, 0xa5, 0xd6, 0xdd, 0xff, 
0xa5, 0xd6, 0xdd, 0xff, 0xa5, 0xd6, 0xdd, 0xff, 0xa5, 0xd6, 0xdd, 0xff, 0xa5, 0xd6, 0xdd, 0xff, 
0xa5, 0xd6, 0xdd, 0xff, 0xa5, 0xd6, 0xdd, 0xff, 0xa5, 0xd6, 0xdd, 0xff, 0xa5, 0xd6, 0xdd, 0xff, 
0xa5, 0xd6, 0xdd, 0xff, 0xa5, 0xd6, 0xdd, 0xff, 0xa5, 0xd6, 0xdd, 0xff, 0xa5, 0xd6, 0xdd, 0xff, 
0xa5, 0xd6, 0xdd, 0xff, 0xa5, 0xd6, 0xdd, 0xff, 0xa5, 0xd6, 0xdd, 0xff, 0xa5, 0xd6, 0xdd, 0xff, 
0xa5, 0xd6, 0xdd, 0xff, 0xa5, 0xd6, 0xdd, 0xff, 0xa5, 0xd6, 0xdd, 0xff, 0xa5, 0xd6, 0xdd, 0xff, 
0xa5, 0xd6, 0xdd, 0xff, 0xa5, 0xd6, 0xdd, 0xff, 0xa5, 0xd6, 0xdd, 0xff, 0xa5, 0xd6, 0xdd, 0xff, 
0xa5, 0xd6, 0xdd, 0xff, 0xa5, 0xd6, 0xdd, 0xff, 0xa5, 0xd6, 0xdd, 0xff, 0xa5, 0xd6, 0xdd, 0xff, 
0xa5, 0xd6, 0xdd, 0xff, 0xa5, 0xd6, 0xdd, 0xff, 0xa5, 0xd6, 0xdd, 0xff, 0xa5, 0xd6, 0xdd, 0xff, 
0xa5, 0xd6, 0xdd, 0xff, 0xa5, 0xd6, 0xdd, 0xff, 0xa5, 0xd6, 0xdd, 0xff, 0xa5, 0xd6, 0xdd, 0xff, 
0xa5, 0xd6, 0xdd, 0xff, 0xa5, 0xd6, 0xdd, 0xff, 0xa5, 0xd6, 0xdd, 0xff, 0xa5, 0xd6, 0xdd, 0xff, 
0xa5, 0xd6, 0xdd, 0xff, 0xa5, 0xd6, 0xdd, 0xff, 0xa5, 0xd6, 0xdd, 0xff, 0xa5, 0xd6, 0xdd, 0xff, 
0xa5, 0xd6, 0xdd, 0xff, 0xa5, 0xd6, 0xdd, 0xff, 0xa5, 0xd6, 0xdd, 0xff, 0xa5, 0xd6, 0xdd, 0xff, 
0xa5, 0xd6, 0xdd, 0xff, 0xa5, 0xd6, 0xdd, 0xff, 0xa5, 0xd6, 0xdd, 0xff, 0xa5, 0xd6, 0xdd, 0xff, 
0xa5, 0xd6, 0xdd, 0xff, 0xa5, 0xd6, 0xdd, 0xff, 0xa5, 0xd6, 0xdd, 0xff, 0xa5, 0xd6, 0xdd, 0xff, 
0xa5, 0xd6, 0xdd, 0xff, 0xa5, 0xd6, 0xdd, 0xff, 0xa5, 0xd6, 0xdd, 0xff, 0xa5, 0xd6, 0xdd, 0xff, 
0xa5, 0xd6, 0xdd, 0xff, 0xa5, 0xd6, 0xdd, 0xff, 0xa5, 0xd6, 0xdd, 0xff, 0xa5, 0xd6, 0xdd, 0xff, 
0xa5, 0xd6, 0xdd, 0xff, 0xa5, 0xd6, 0xdd, 0xff, 0xa5, 0xd6, 0xdd, 0xff, 0xa5, 0xd6, 0xdd, 0xff, 
0xa5, 0xd6, 0xdd, 0xff, 0xa5, 0xd6, 0xdd, 0xff, 0xa5, 0xd6, 0xdd, 0xff, 0xa5, 0xd6, 0xdd, 0xff, 
0xa5, 0xd6, 0xdd, 0xff, 0xa5, 0xd6, 0xdd, 0xff, 0xa5, 0xd6, 0xdd, 0xff, 0xa5, 0xd6, 0xdd, 0xff, 
0xa5, 0xd6, 0xdd, 0xff, 0xa5, 0xd6, 0xdd, 0xff, 0xa5, 0xd6, 0xdd, 0xff, 0xa5, 0xd6, 0xdd, 0xff, 
0xa5, 0xd6, 0xdd, 0xff, 0xa5, 0xd6, 0xdd, 0xff, 0xa5, 0xd6, 0xdd, 0xff, 0xa5, 0xd6, 0xdd, 0xff, 
0xa5, 0xd6, 0xdd, 0xff, 0xa5, 0xd6, 0xdd, 0xff, 0xa5, 0xd6, 0xdd, 0xff, 0xa5, 0xd6, 0xdd, 0xff, 
0xa5, 0xd6, 0xdd, 0xff, 0xa5, 0xd6, 0xdd, 0xff, 0xa5, 0xd6, 0xdd, 0xff, 0xa5, 0xd6, 0xdd, 0xff, 
0xa5, 0xd6, 0xdd, 0xff, 0xa5, 0xd6, 0xdd, 0xff, 0xa5, 0xd6, 0xdd, 0xff, 0xa5, 0xd6, 0xdd, 0xff, 
0xa5, 0xd6, 0xdd, 0xff, 0xa5, 0xd6, 0xdd, 0xff, 0xa5, 0xd6, 0xdd, 0xff, 0xa5, 0xd6, 0xdd, 0xff, 
0xa5, 0xd6, 0xdd, 0xff, 0xa5, 0xd6, 0xdd, 0xff, 0xa5, 0xd6, 0xdd, 0xff, 0xa5, 0xd6, 0xdd, 0xff, 
0xa5, 0xd6, 0xdd, 0xff, 0xa5, 0xd6, 0xdd, 0xff, 0xa5, 0xd6, 0xdd, 0xff, 0xa5, 0xd6, 0xdd, 0xff, 
0xa5, 0xd6, 0xdd, 0xff, 0xa5, 0xd6, 0xdd, 0xff, 0xa5, 0xd6, 0xdd, 0xff, 0xa5, 0xd6, 0xdd, 0xff, 
0xa5, 0xd6, 0xdd, 0xff, 0xa5, 0xd6, 0xdd, 0xff, 0xa5, 0xd6, 0xdd, 0xff, 0xa5, 0xd6, 0xdd, 0xff, 
0xa5, 0xd6, 0xdd, 0xff, 0xa5, 0xd6, 0xdd, 0xff, 0xa5, 0xd6, 0xdd, 0xff, 0xa5, 0xd6, 0xdd, 0xff, 
0xa5, 0xd6, 0xdd, 0xff, 0xa5, 0xd6, 0xdd, 0xff, 0xa5, 0xd6, 0xdd, 0xff, 0xa5, 0xd6, 0xdd, 0xff, 
0xa5, 0xd6, 0xdd, 0xff, 0xa5, 0xd6, 0xdd, 0xff, 0xa5, 0xd6, 0xdd, 0xff, 0xa5, 0xd6, 0xdd, 0xff, 
0xa5, 0xd6, 0xdd, 0xff, 0xa5, 0xd6, 0xdd, 0xff, 0xa5, 0xd6, 0xdd, 0xff, 0xa5, 0xd6, 0xdd, 0xff, 
0xa5, 0xd6, 0xdd, 0xff, 0xa5, 0xd6, 0xdd, 0xff, 0xa5, 0xd6, 0xdd, 0xff, 0xa5, 0xd6, 0xdd, 0xff, 
0xa5, 0xd6, 0xdd, 0xff, 0xa5, 0xd6, 0xdd, 0xff, 0xa5, 0xd6, 0xdd, 0xff, 0xa5, 0xd6, 0xdd, 0xff, 
0xa5, 0xd6, 0xdd, 0xff, 0xa5, 0xd6, 0xdd, 0xff, 0xa5, 0xd6, 0xdd, 0xff, 0xa5, 0xd6, 0xdd, 0xff, 
0xa5, 0xd6, 0xdd, 0xff, 0xa5, 0xd6, 0xdd, 0xff, 0xa5, 0xd6, 0xdd, 0xff, 0xa5, 0xd6, 0xdd, 0xff, 
0xa5, 0xd6, 0xdd, 0xff, 0xa5, 0xd6, 0xdd, 0xff, 0xa5, 0xd6, 0xdd, 0xff, 0xa5, 0xd6, 0xdd, 0xff, 
0xa5, 0xd6, 0xdd, 0xff, 0xa5, 0xd6, 0xdd, 0xff, 0xa5, 0xd6, 0xdd, 0xff, 0xa5, 0xd6, 0xdd, 0xff, 
0xa5, 0xd6, 0xdd, 0xff, 0xa5, 0xd6, 0xdd, 0xff, 0xa5, 0xd6, 0xdd, 0xff, 0xa5, 0xd6, 0xdd, 0xff, 
0xa5, 0xd6, 0xdd, 0xff, 0xa5, 0xd6, 0xdd, 0xff, 0xa5, 0xd6, 0xdd, 0xff, 0xa5, 0xd6, 0xdd, 0xff, 
0xa5, 0xd6, 0xdd, 0xff, 0xa5, 0xd6, 0xdd, 0xff, 0xa5, 0xd6, 0xdd, 0xff, 0xa5, 0xd6, 0xdd, 0xff, 
0xa4, 0xd5, 0xdc, 0xff, 0xa4, 0xd5, 0xdc, 0xff, 0xa4, 0xd5, 0xdc, 0xff, 0xa4, 0xd5, 0xdc, 0xff, 
0xa4, 0xd5, 0xdc, 0xff, 0xa4, 0xd5, 0xdc, 0xff, 0xa4, 0xd5, 0xdc, 0xff, 0xa4, 0xd5, 0xdc, 0xff, 
0xa4, 0xd5, 0xdc, 0xff, 0xa4, 0xd5, 0xdc, 0xff, 0xa4, 0xd5, 0xdc, 0xff, 0xa4, 0xd5, 0xdc, 0xff, 
0xa4, 0xd5, 0xdc, 0xff, 0xa4, 0xd5, 0xdc, 0xff, 0xa4, 0xd5, 0xdc, 0xff, 0xa4, 0xd5, 0xdc, 0xff, 
0xa4, 0xd5, 0xdc, 0xff, 0xa4, 0xd5, 0xdc, 0xff, 0xa4, 0xd5, 0xdc, 0xff, 0xa4, 0xd5, 0xdc, 0xff, 
0xa4, 0xd5, 0xdc, 0xff, 0xa4, 0xd5, 0xdc, 0xff, 0xa4, 0xd5, 0xdc, 0xff, 0xa4, 0xd5, 0xdc, 0xff, 
0xa4, 0xd5, 0xdc, 0xff, 0xa4, 0xd5, 0xdc, 0xff, 0xa4, 0xd5, 0xdc, 0xff, 0xa4, 0xd5, 0xdc, 0xff, 
0xa4, 0xd5, 0xdc, 0xff, 0xa4, 0xd5, 0xdc, 0xff, 0xa4, 0xd5, 0xdc, 0xff, 0xa4, 0xd5, 0xdc, 0xff, 
0xa4, 0xd5, 0xdc, 0xff, 0xa4, 0xd5, 0xdc, 0xff, 0xa4, 0xd5, 0xdc, 0xff, 0xa4, 0xd5, 0xdc, 0xff, 
0xa4, 0xd5, 0xdc, 0xff, 0xa4, 0xd5, 0xdc, 0xff, 0xa4, 0xd5, 0xdc, 0xff, 0xa4, 0xd5, 0xdc, 0xff, 
0xa4, 0xd5, 0xdc, 0xff, 0xa4, 0xd5, 0xdc, 0xff, 0xa4, 0xd5, 0xdc, 0xff, 0xa4, 0xd5, 0xdc, 0xff, 
0xa4, 0xd5, 0xdc, 0xff, 0xa4, 0xd5, 0xdc, 0xff, 0xa4, 0xd5, 0xdc, 0xff, 0xa4, 0xd5, 0xdc, 0xff, 
0xa4, 0xd5, 0xdc, 0xff, 0xa4, 0xd5, 0xdc, 0xff, 0xa4, 0xd5, 0xdc, 0xff, 0xa4, 0xd5, 0xdc, 0xff, 
0xa4, 0xd5, 0xdc, 0xff, 0xa4, 0xd5, 0xdc, 0xff, 0xa4, 0xd5, 0xdc, 0xff, 0xa4, 0xd5, 0xdc, 0xff, 
0xa4, 0xd5, 0xdc, 0xff, 0xa4, 0xd5, 0xdc, 0xff, 0xa4, 0xd5, 0xdc, 0xff, 0xa4, 0xd5, 0xdc, 0xff, 
0xa4, 0xd5, 0xdc, 0xff, 0xa4, 0xd5, 0xdc, 0xff, 0xa4, 0xd5, 0xdc, 0xff, 0xa4, 0xd5, 0xdc, 0xff, 
0xa4, 0xd5, 0xdc, 0xff, 0xa4, 0xd5, 0xdc, 0xff, 0xa4, 0xd5, 0xdc, 0xff, 0xa4, 0xd5, 0xdc, 0xff, 
0xa4, 0xd5, 0xdc, 0xff, 0xa4, 0xd5, 0xdc, 0xff, 0xa4, 0xd5, 0xdc, 0xff, 0xa4, 0xd5, 0xdc, 0xff, 
0xa4, 0xd5, 0xdc, 0xff, 0xa4, 0xd5, 0xdc, 0xff, 0xa4, 0xd5, 0xdc, 0xff, 0xa4, 0xd5, 0xdc, 0xff, 
0xa4, 0xd5, 0xdc, 0xff, 0xa4, 0xd5, 0xdc, 0xff, 0xa4, 0xd5, 0xdc, 0xff, 0xa4, 0xd5, 0xdc, 0xff, 
0xa4, 0xd5, 0xdc, 0xff, 0xa4, 0xd5, 0xdc, 0xff, 0xa4, 0xd5, 0xdc, 0xff, 0xa4, 0xd5, 0xdc, 0xff, 
0xa4, 0xd5, 0xdc, 0xff, 0xa4, 0xd5, 0xdc, 0xff, 0xa4, 0xd5, 0xdc, 0xff, 0xa4, 0xd5, 0xdc, 0xff, 
0xa4, 0xd5, 0xdc, 0xff, 0xa4, 0xd5, 0xdc, 0xff, 0xa4, 0xd5, 0xdc, 0xff, 0xa4, 0xd5, 0xdc, 0xff, 
0xa4, 0xd5, 0xdc, 0xff, 0xa4, 0xd5, 0xdc, 0xff, 0xa4, 0xd5, 0xdc, 0xff, 0xa4, 0xd5, 0xdc, 0xff, 
0xa4, 0xd5, 0xdc, 0xff, 0xa4, 0xd5, 0xdc, 0xff, 0xa4, 0xd5, 0xdc, 0xff, 0xa4, 0xd5, 0xdc, 0xff, 
0xa4, 0xd5, 0xdc, 0xff, 0xa4, 0xd5, 0xdc, 0xff, 0xa4, 0xd5, 0xdc, 0xff, 0xa4, 0xd5, 0xdc, 0xff, 
0xa4, 0xd5, 0xdc, 0xff, 0xa4, 0xd5, 0xdc, 0xff, 0xa4, 0xd5, 0xdc, 0xff, 0xa4, 0xd5, 0xdc, 0xff, 
0xa4, 0xd5, 0xdc, 0xff, 0xa4, 0xd5, 0xdc, 0xff, 0xa4, 0xd5, 0xdc, 0xff, 0xa4, 0xd5, 0xdc, 0xff, 
0xa4, 0xd5, 0xdc, 0xff, 0xa4, 0xd5, 0xdc, 0xff, 0xa4, 0xd5, 0xdc, 0xff, 0xa4, 0xd5, 0xdc, 0xff, 
0xa4, 0xd5, 0xdc, 0xff, 0xa4, 0xd5, 0xdc, 0xff, 0xa4, 0xd5, 0xdc, 0xff, 0xa4, 0xd5, 0xdc, 0xff, 
0xa4, 0xd5, 0xdc, 0xff, 0xa4, 0xd5, 0xdc, 0xff, 0xa4, 0xd5, 0xdc, 0xff, 0xa4, 0xd5, 0xdc, 0xff, 
0xa4, 0xd5, 0xdc, 0xff, 0xa4, 0xd5, 0xdc, 0xff, 0xa4, 0xd5, 0xdc, 0xff, 0xa4, 0xd5, 0xdc, 0xff, 
0xa4, 0xd5, 0xdc, 0xff, 0xa4, 0xd5, 0xdc, 0xff, 0xa4, 0xd5, 0xdc, 0xff, 0xa4, 0xd5, 0xdc, 0xff, 
0xa4, 0xd5, 0xdc, 0xff, 0xa4, 0xd5, 0xdc, 0xff, 0xa4, 0xd5, 0xdc, 0xff, 0xa4, 0xd5, 0xdc, 0xff, 
0xa4, 0xd5, 0xdc, 0xff, 0xa4, 0xd5, 0xdc, 0xff, 0xa4, 0xd5, 0xdc, 0xff, 0xa4, 0xd5, 0xdc, 0xff, 
0xa4, 0xd5, 0xdc, 0xff, 0xa4, 0xd5, 0xdc, 0xff, 0xa4, 0xd5, 0xdc, 0xff, 0xa4, 0xd5, 0xdc, 0xff, 
0xa4, 0xd5, 0xdc, 0xff, 0xa4, 0xd5, 0xdc, 0xff, 0xa4, 0xd5, 0xdc, 0xff, 0xa4, 0xd5, 0xdc, 0xff, 
0xa4, 0xd5, 0xdc, 0xff, 0xa4, 0xd5, 0xdc, 0xff, 0xa4, 0xd5, 0xdc, 0xff, 0xa4, 0xd5, 0xdc, 0xff, 
0xa4, 0xd5, 0xdc, 0xff, 0xa4, 0xd5, 0xdc, 0xff, 0xa4, 0xd5, 0xdc, 0xff, 0xa4, 0xd5, 0xdc, 0xff, 
0xa4, 0xd5, 0xdc, 0xff, 0xa4, 0xd5, 0xdc, 0xff, 0xa4, 0xd5, 0xdc, 0xff, 0xa4, 0xd5, 0xdc, 0xff, 
0xa4, 0xd5, 0xdc, 0xff, 0xa4, 0xd5, 0xdc, 0xff, 0xa4, 0xd5, 0xdc, 0xff, 0xa4, 0xd5, 0xdc, 0xff, 
0xa4, 0xd5, 0xdc, 0xff, 0xa4, 0xd5, 0xdc, 0xff, 0xa4, 0xd5, 0xdc, 0xff, 0xa4, 0xd5, 0xdc, 0xff, 
0xa4, 0xd5, 0xdc, 0xff, 0xa4, 0xd5, 0xdc, 0xff, 0xa4, 0xd5, 0xdc, 0xff, 0xa4, 0xd5, 0xdc, 0xff, 
0xa4, 0xd5, 0xdc, 0xff, 0xa4, 0xd5, 0xdc, 0xff, 0xa4, 0xd5, 0xdc, 0xff, 0xa4, 0xd5, 0xdc, 0xff, 
0xa4, 0xd5, 0xdc, 0xff, 0xa4, 0xd5, 0xdc, 0xff, 0xa4, 0xd5, 0xdc, 0xff, 0xa4, 0xd5, 0xdc, 0xff, 
0xa4, 0xd5, 0xdc, 0xff, 0xa4, 0xd5, 0xdc, 0xff, 0xa4, 0xd5, 0xdc, 0xff, 0xa4, 0xd5, 0xdc, 0xff, 
0xa4, 0xd5, 0xdc, 0xff, 0xa4, 0xd5, 0xdc, 0xff, 0xa4, 0xd5, 0xdc, 0xff, 0xa4, 0xd5, 0xdc, 0xff, 
0xa4, 0xd5, 0xdc, 0xff, 0xa4, 0xd5, 0xdc, 0xff, 0xa4, 0xd5, 0xdc, 0xff, 0xa4, 0xd5, 0xdc, 0xff, 
0xa4, 0xd5, 0xdc, 0xff, 0xa4, 0xd5, 0xdc, 0xff, 0xa4, 0xd5, 0xdc, 0xff, 0xa4, 0xd5, 0xdc, 0xff, 
0xa4, 0xd5, 0xdc, 0xff, 0xa4, 0xd5, 0xdc, 0xff, 0xa4, 0xd5, 0xdc, 0xff, 0xa4, 0xd5, 0xdc, 0xff, 
0xa4, 0xd5, 0xdc, 0xff, 0xa4, 0xd5, 0xdc, 0xff, 0xa4, 0xd5, 0xdc, 0xff, 0xa4, 0xd5, 0xdc, 0xff, 
0xa4, 0xd5, 0xdc, 0xff, 0xa4, 0xd5, 0xdc, 0xff, 0xa4, 0xd5, 0xdc, 0xff, 0xa4, 0xd5, 0xdc, 0xff, 
0xa4, 0xd5, 0xdc, 0xff, 0xa4, 0xd5, 0xdc, 0xff, 0xa4, 0xd5, 0xdc, 0xff, 0xa4, 0xd5, 0xdc, 0xff, 
0xa4, 0xd5, 0xdc, 0xff, 0xa4, 0xd5, 0xdc, 0xff, 0xa4, 0xd5, 0xdc, 0xff, 0xa4, 0xd5, 0xdc, 0xff, 
0xa4, 0xd5, 0xdc, 0xff, 0xa4, 0xd5, 0xdc, 0xff, 0xa4, 0xd5, 0xdc, 0xff, 0xa4, 0xd5, 0xdc, 0xff, 
0xa4, 0xd5, 0xdc, 0xff, 0xa4, 0xd5, 0xdc, 0xff, 0xa4, 0xd5, 0xdc, 0xff, 0xa4, 0xd5, 0xdc, 0xff, 
0xa4, 0xd5, 0xdc, 0xff, 0xa4, 0xd5, 0xdc, 0xff, 0xa4, 0xd5, 0xdc, 0xff, 0xa4, 0xd5, 0xdc, 0xff, 
0xa4, 0xd5, 0xdc, 0xff, 0xa4, 0xd5, 0xdc, 0xff, 0xa4, 0xd5, 0xdc, 0xff, 0xa4, 0xd5, 0xdc, 0xff, 
0xa4, 0xd5, 0xdc, 0xff, 0xa4, 0xd5, 0xdc, 0xff, 0xa4, 0xd5, 0xdc, 0xff, 0xa4, 0xd5, 0xdc, 0xff, 
0xa4, 0xd5, 0xdc, 0xff, 0xa4, 0xd5, 0xdc, 0xff, 0xa4, 0xd5, 0xdc, 0xff, 0xa4, 0xd5, 0xdc, 0xff, 
0xa4, 0xd5, 0xdc, 0xff, 0xa4, 0xd5, 0xdc, 0xff, 0xa4, 0xd5, 0xdc, 0xff, 0xa4, 0xd5, 0xdc, 0xff, 
0xa4, 0xd5, 0xdc, 0xff, 0xa4, 0xd5, 0xdc, 0xff, 0xa4, 0xd5, 0xdc, 0xff, 0xa4, 0xd5, 0xdc, 0xff, 
0xa4, 0xd5, 0xdc, 0xff, 0xa4, 0xd5, 0xdc, 0xff, 0xa4, 0xd5, 0xdc, 0xff, 0xa4, 0xd5, 0xdc, 0xff, 
0xa4, 0xd5, 0xdc, 0xff, 0xa4, 0xd5, 0xdc, 0xff, 0xa4, 0xd5, 0xdc, 0xff, 0xa4, 0xd5, 0xdc, 0xff, 
0xa4, 0xd5, 0xdc, 0xff, 0xa4, 0xd5, 0xdc, 0xff, 0xa4, 0xd5, 0xdc, 0xff, 0xa4, 0xd5, 0xdc, 0xff, 
0xa4, 0xd5, 0xdc, 0xff, 0xa4, 0xd5, 0xdc, 0xff, 0xa4, 0xd5, 0xdc, 0xff, 0xa4, 0xd5, 0xdc, 0xff, 
0xa4, 0xd5, 0xdc, 0xff, 0xa4, 0xd5, 0xdc, 0xff, 0xa4, 0xd5, 0xdc, 0xff, 0xa4, 0xd5, 0xdc, 0xff, 
0xa4, 0xd5, 0xdc, 0xff, 0xa4, 0xd5, 0xdc, 0xff, 0xa4, 0xd5, 0xdc, 0xff, 0xa4, 0xd5, 0xdc, 0xff, 
0xa4, 0xd5, 0xdc, 0xff, 0xa4, 0xd5, 0xdc, 0xff, 0xa4, 0xd5, 0xdc, 0xff, 0xa4, 0xd5, 0xdc, 0xff, 
0xa4, 0xd5, 0xdc, 0xff, 0xa4, 0xd5, 0xdc, 0xff, 0xa4, 0xd5, 0xdc, 0xff, 0xa4, 0xd5, 0xdc, 0xff, 
0xa4, 0xd5, 0xdc, 0xff, 0xa4, 0xd5, 0xdc, 0xff, 0xa4, 0xd5, 0xdc, 0xff, 0xa4, 0xd5, 0xdc, 0xff, 
0xa4, 0xd5, 0xdc, 0xff, 0xa4, 0xd5, 0xdc, 0xff, 0xa4, 0xd5, 0xdc, 0xff, 0xa4, 0xd5, 0xdc, 0xff, 
0xa4, 0xd5, 0xdc, 0xff, 0xa4, 0xd5, 0xdc, 0xff, 0xa4, 0xd5, 0xdc, 0xff, 0xa4, 0xd5, 0xdc, 0xff, 
0xa4, 0xd5, 0xdc, 0xff, 0xa4, 0xd5, 0xdc, 0xff, 0xa4, 0xd5, 0xdc, 0xff, 0xa4, 0xd5, 0xdc, 0xff, 
0xa4, 0xd5, 0xdc, 0xff, 0xa4, 0xd5, 0xdc, 0xff, 0xa4, 0xd5, 0xdc, 0xff, 0xa4, 0xd5, 0xdc, 0xff, 
0xa4, 0xd5, 0xdc, 0xff, 0xa4, 0xd5, 0xdc, 0xff, 0xa4, 0xd5, 0xdc, 0xff, 0xa4, 0xd5, 0xdc, 0xff, 
0xa4, 0xd5, 0xdc, 0xff, 0xa4, 0xd5, 0xdc, 0xff, 0xa4, 0xd5, 0xdc, 0xff, 0xa4, 0xd5, 0xdc, 0xff, 
0xa4, 0xd5, 0xdc, 0xff, 0xa4, 0xd5, 0xdc, 0xff, 0xa4, 0xd5, 0xdc, 0xff, 0xa4, 0xd5, 0xdc, 0xff, 
0xa4, 0xd5, 0xdc, 0xff, 0xa4, 0xd5, 0xdc, 0xff, 0xa4, 0xd5, 0xdc, 0xff, 0xa4, 0xd5, 0xdc, 0xff, 
0xa4, 0xd5, 0xdc, 0xff, 0xa4, 0xd5, 0xdc, 0xff, 0xa4, 0xd5, 0xdc, 0xff, 0xa4, 0xd5, 0xdc, 0xff, 
0xa4, 0xd5, 0xdc, 0xff, 0xa4, 0xd5, 0xdc, 0xff, 0xa4, 0xd5, 0xdc, 0xff, 0xa4, 0xd5, 0xdc, 0xff, 
0xa4, 0xd5, 0xdc, 0xff, 0xa4, 0xd5, 0xdc, 0xff, 0xa4, 0xd5, 0xdc, 0xff, 0xa4, 0xd5, 0xdc, 0xff, 
0xa4, 0xd5, 0xdc, 0xff, 0xa4, 0xd5, 0xdc, 0xff, 0xa4, 0xd5, 0xdc, 0xff, 0xa4, 0xd5, 0xdc, 0xff, 
0xa4, 0xd5, 0xdc, 0xff, 0xa4, 0xd5, 0xdc, 0xff, 0xa4, 0xd5, 0xdc, 0xff, 0xa4, 0xd5, 0xdc, 0xff, 
0xa4, 0xd5, 0xdc, 0xff, 0xa4, 0xd5, 0xdc, 0xff, 0xa4, 0xd5, 0xdc, 0xff, 0xa4, 0xd5, 0xdc, 0xff, 
0xa4, 0xd5, 0xdc, 0xff, 0xa4, 0xd5, 0xdc, 0xff, 0xa4, 0xd5, 0xdc, 0xff, 0xa4, 0xd5, 0xdc, 0xff, 
0xa4, 0xd5, 0xdc, 0xff, 0xa4, 0xd5, 0xdc, 0xff, 0xa4, 0xd5, 0xdc, 0xff, 0xa4, 0xd5, 0xdc, 0xff, 
0xa4, 0xd5, 0xdc, 0xff, 0xa4, 0xd5, 0xdc, 0xff, 0xa4, 0xd5, 0xdc, 0xff, 0xa4, 0xd5, 0xdc, 0xff, 
0xa4, 0xd5, 0xdc, 0xff, 0xa4, 0xd5, 0xdc, 0xff, 0xa4, 0xd5, 0xdc, 0xff, 0xa4, 0xd5, 0xdc, 0xff, 
0xa4, 0xd5, 0xdc, 0xff, 0xa4, 0xd5, 0xdc, 0xff, 0xa4, 0xd5, 0xdc, 0xff, 0xa4, 0xd5, 0xdc, 0xff, 
0xa4, 0xd5, 0xdc, 0xff, 0xa4, 0xd5, 0xdc, 0xff, 0xa4, 0xd5, 0xdc, 0xff, 0xa4, 0xd5, 0xdc, 0xff, 
0xa4, 0xd5, 0xdc, 0xff, 0xa4, 0xd5, 0xdc, 0xff, 0xa4, 0xd5, 0xdc, 0xff, 0xa4, 0xd5, 0xdc, 0xff, 
0xa4, 0xd5, 0xdc, 0xff, 0xa4, 0xd5, 0xdc, 0xff, 0xa4, 0xd5, 0xdc, 0xff, 0xa4, 0xd5, 0xdc, 0xff, 
0xa4, 0xd5, 0xdc, 0xff, 0xa4, 0xd5, 0xdc, 0xff, 0xa4, 0xd5, 0xdc, 0xff, 0xa4, 0xd5, 0xdc, 0xff, 
0xa4, 0xd5, 0xdc, 0xff, 0xa4, 0xd5, 0xdc, 0xff, 0xa4, 0xd5, 0xdc, 0xff, 0xa4, 0xd5, 0xdc, 0xff, 
0xa4, 0xd5, 0xdc, 0xff, 0xa4, 0xd5, 0xdc, 0xff, 0xa4, 0xd5, 0xdc, 0xff, 0xa4, 0xd5, 0xdc, 0xff, 
0xa4, 0xd5, 0xdc, 0xff, 0xa4, 0xd5, 0xdc, 0xff, 0xa4, 0xd5, 0xdc, 0xff, 0xa4, 0xd5, 0xdc, 0xff, 
0xa4, 0xd5, 0xdc, 0xff, 0xa4, 0xd5, 0xdc, 0xff, 0xa4, 0xd5, 0xdc, 0xff, 0xa4, 0xd5, 0xdc, 0xff, 
0xa4, 0xd5, 0xdc, 0xff, 0xa4, 0xd5, 0xdc, 0xff, 0xa4, 0xd5, 0xdc, 0xff, 0xa4, 0xd5, 0xdc, 0xff, 
0xa4, 0xd5, 0xdc, 0xff, 0xa4, 0xd5, 0xdc, 0xff, 0xa4, 0xd5, 0xdc, 0xff, 0xa4, 0xd5, 0xdc, 0xff, 
0xa4, 0xd5, 0xdc, 0xff, 0xa4, 0xd5, 0xdc, 0xff, 0xa4, 0xd5, 0xdc, 0xff, 0xa4, 0xd5, 0xdc, 0xff, 
0xa4, 0xd5, 0xdc, 0xff, 0xa4, 0xd5, 0xdc, 0xff, 0xa4, 0xd5, 0xdc, 0xff, 0xa4, 0xd5, 0xdc, 0xff, 
0xa4, 0xd5, 0xdc, 0xff, 0xa4, 0xd5, 0xdc, 0xff, 0xa4, 0xd5, 0xdc, 0xff, 0xa4, 0xd5, 0xdc, 0xff, 
0xa4, 0xd5, 0xdc, 0xff, 0xa4, 0xd5, 0xdc, 0xff, 0xa4, 0xd5, 0xdc, 0xff, 0xa4, 0xd5, 0xdc, 0xff, 
0xa4, 0xd5, 0xdc, 0xff, 0xa4, 0xd5, 0xdc, 0xff, 0xa4, 0xd5, 0xdc, 0xff, 0xa4, 0xd5, 0xdc, 0xff, 
0xa4, 0xd5, 0xdc, 0xff, 0xa4, 0xd5, 0xdc, 0xff, 0xa4, 0xd5, 0xdc, 0xff, 0xa4, 0xd5, 0xdc, 0xff, 
0xa4, 0xd5, 0xdc, 0xff, 0xa4, 0xd5, 0xdc, 0xff, 0xa4, 0xd5, 0xdc, 0xff, 0xa4, 0xd5, 0xdc, 0xff, 
0xa4, 0xd5, 0xdc, 0xff, 0xa4, 0xd5, 0xdc, 0xff, 0xa4, 0xd5, 0xdc, 0xff, 0xa4, 0xd5, 0xdc, 0xff, 
0xa4, 0xd5, 0xdc, 0xff, 0xa4, 0xd5, 0xdc, 0xff, 0xa4, 0xd5, 0xdc, 0xff, 0xa4, 0xd5, 0xdc, 0xff, 
0xa4, 0xd5, 0xdc, 0xff, 0xa4, 0xd5, 0xdc, 0xff, 0xa4, 0xd5, 0xdc, 0xff, 0xa4, 0xd5, 0xdc, 0xff, 
0xa4, 0xd5, 0xdc, 0xff, 0xa4, 0xd5, 0xdc, 0xff, 0xa4, 0xd5, 0xdc, 0xff, 0xa4, 0xd5, 0xdc, 0xff, 
0xa4, 0xd5, 0xdc, 0xff, 0xa4, 0xd5, 0xdc, 0xff, 0xa4, 0xd5, 0xdc, 0xff, 0xa4, 0xd5, 0xdc, 0xff, 
0xa4, 0xd5, 0xdc, 0xff, 0xa4, 0xd5, 0xdc, 0xff, 0xa4, 0xd5, 0xdc, 0xff, 0xa4, 0xd5, 0xdc, 0xff, 
0xa4, 0xd5, 0xdc, 0xff, 0xa4, 0xd5, 0xdc, 0xff, 0xa4, 0xd5, 0xdc, 0xff, 0xa4, 0xd5, 0xdc, 0xff, 
0xa4, 0xd5, 0xdc, 0xff, 0xa4, 0xd5, 0xdc, 0xff, 0xa4, 0xd5, 0xdc, 0xff, 0xa4, 0xd5, 0xdc, 0xff, 
0xa4, 0xd5, 0xdc, 0xff, 0xa4, 0xd5, 0xdc, 0xff, 0xa4, 0xd5, 0xdc, 0xff, 0xa4, 0xd5, 0xdc, 0xff, 
0xa4, 0xd5, 0xdc, 0xff, 0xa4, 0xd5, 0xdc, 0xff, 0xa4, 0xd5, 0xdc, 0xff, 0xa4, 0xd5, 0xdc, 0xff, 
0xa4, 0xd5, 0xdc, 0xff, 0xa4, 0xd5, 0xdc, 0xff, 0xa4, 0xd5, 0xdc, 0xff, 0xa4, 0xd5, 0xdc, 0xff, 
0xa4, 0xd5, 0xdc, 0xff, 0xa4, 0xd5, 0xdc, 0xff, 0xa4, 0xd5, 0xdc, 0xff, 0xa4, 0xd5, 0xdc, 0xff, 
0xa4, 0xd5, 0xdc, 0xff, 0xa4, 0xd5, 0xdc, 0xff, 0xa4, 0xd5, 0xdc, 0xff, 0xa4, 0xd5, 0xdc, 0xff, 
0xa4, 0xd5, 0xdc, 0xff, 0xa4, 0xd5, 0xdc, 0xff, 0xa4, 0xd5, 0xdc, 0xff, 0xa4, 0xd5, 0xdc, 0xff, 
0xa4, 0xd5, 0xdc, 0xff, 0xa4, 0xd5, 0xdc, 0xff, 0xa4, 0xd5, 0xdc, 0xff, 0xa4, 0xd5, 0xdc, 0xff, 
0xa4, 0xd5, 0xdc, 0xff, 0xa4, 0xd5, 0xdc, 0xff, 0xa4, 0xd5, 0xdc, 0xff, 0xa4, 0xd5, 0xdc, 0xff, 
0xa4, 0xd5, 0xdc, 0xff, 0xa4, 0xd5, 0xdc, 0xff, 0xa4, 0xd5, 0xdc, 0xff, 0xa4, 0xd5, 0xdc, 0xff, 
0xa4, 0xd5, 0xdc, 0xff, 0xa4, 0xd5, 0xdc, 0xff, 0xa4, 0xd5, 0xdc, 0xff, 0xa4, 0xd5, 0xdc, 0xff, 
0xa4, 0xd5, 0xdc, 0xff, 0xa4, 0xd5, 0xdc, 0xff, 0xa4, 0xd5, 0xdc, 0xff, 0xa4, 0xd5, 0xdc, 0xff, 
0xa4, 0xd5, 0xdc, 0xff, 0xa4, 0xd5, 0xdc, 0xff, 0xa4, 0xd5, 0xdc, 0xff, 0xa4, 0xd5, 0xdc, 0xff, 
0xa4, 0xd5, 0xdc, 0xff, 0xa4, 0xd5, 0xdc, 0xff, 0xa4, 0xd5, 0xdc, 0xff, 0xa4, 0xd5, 0xdc, 0xff, 
0xa4, 0xd5, 0xdc, 0xff, 0xa4, 0xd5, 0xdc, 0xff, 0xa4, 0xd5, 0xdc, 0xff, 0xa4, 0xd5, 0xdc, 0xff, 
0xa4, 0xd5, 0xdc, 0xff, 0xa4, 0xd5, 0xdc, 0xff, 0xa4, 0xd5, 0xdc, 0xff, 0xa4, 0xd5, 0xdc, 0xff, 
0xa4, 0xd5, 0xdc, 0xff, 0xa4, 0xd5, 0xdc, 0xff, 0xa4, 0xd5, 0xdc, 0xff, 0xa4, 0xd5, 0xdc, 0xff, 
0xa4, 0xd5, 0xdc, 0xff, 0xa4, 0xd5, 0xdc, 0xff, 0xa4, 0xd5, 0xdc, 0xff, 0xa4, 0xd5, 0xdc, 0xff, 
0xa4, 0xd5, 0xdc, 0xff, 0xa4, 0xd5, 0xdc, 0xff, 0xa4, 0xd5, 0xdc, 0xff, 0xa4, 0xd5, 0xdc, 0xff, 
0xa4, 0xd5, 0xdc, 0xff, 0xa4, 0xd5, 0xdc, 0xff, 0xa4, 0xd5, 0xdc, 0xff, 0xa4, 0xd5, 0xdc, 0xff, 
0xa4, 0xd5, 0xdc, 0xff, 0xa4, 0xd5, 0xdc, 0xff, 0xa4, 0xd5, 0xdc, 0xff, 0xa4, 0xd5, 0xdc, 0xff, 
0xa4, 0xd5, 0xdc, 0xff, 0xa4, 0xd5, 0xdc, 0xff, 0xa4, 0xd5, 0xdc, 0xff, 0xa4, 0xd5, 0xdc, 0xff, 
0xa4, 0xd5, 0xdc, 0xff, 0xa4, 0xd5, 0xdc, 0xff, 0xa4, 0xd5, 0xdc, 0xff, 0xa4, 0xd5, 0xdc, 0xff, 
0xa4, 0xd5, 0xdc, 0xff, 0xa4, 0xd5, 0xdc, 0xff, 0xa4, 0xd5, 0xdc, 0xff, 0xa4, 0xd5, 0xdc, 0xff, 
0xa4, 0xd5, 0xdc, 0xff, 0xa4, 0xd5, 0xdc, 0xff, 0xa4, 0xd5, 0xdc, 0xff, 0xa4, 0xd5, 0xdc, 0xff, 
0xa4, 0xd5, 0xdc, 0xff, 0xa4, 0xd5, 0xdc, 0xff, 0xa4, 0xd5, 0xdc, 0xff, 0xa4, 0xd5, 0xdc, 0xff, 
0xa4, 0xd5, 0xdc, 0xff, 0xa4, 0xd5, 0xdc, 0xff, 0xa4, 0xd5, 0xdc, 0xff, 0xa4, 0xd5, 0xdc, 0xff, 
0xa4, 0xd5, 0xdc, 0xff, 0xa4, 0xd5, 0xdc, 0xff, 0xa4, 0xd5, 0xdc, 0xff, 0xa4, 0xd5, 0xdc, 0xff, 
0xa4, 0xd5, 0xdc, 0xff, 0xa4, 0xd5, 0xdc, 0xff, 0xa4, 0xd5, 0xdc, 0xff, 0xa4, 0xd5, 0xdc, 0xff, 
0xa4, 0xd5, 0xdc, 0xff, 0xa4, 0xd5, 0xdc, 0xff, 0xa4, 0xd5, 0xdc, 0xff, 0xa4, 0xd5, 0xdc, 0xff, 
0xa4, 0xd5, 0xdc, 0xff, 0xa4, 0xd5, 0xdc, 0xff, 0xa4, 0xd5, 0xdc, 0xff, 0xa4, 0xd5, 0xdc, 0xff, 
0xa4, 0xd5, 0xdc, 0xff, 0xa4, 0xd5, 0xdc, 0xff, 0xa4, 0xd5, 0xdc, 0xff, 0xa4, 0xd5, 0xdc, 0xff, 
0xa4, 0xd5, 0xdc, 0xff, 0xa4, 0xd5, 0xdc, 0xff, 0xa4, 0xd5, 0xdc, 0xff, 0xa4, 0xd5, 0xdc, 0xff, 
0xa4, 0xd5, 0xdc, 0xff, 0xa4, 0xd5, 0xdc, 0xff, 0xa4, 0xd5, 0xdc, 0xff, 0xa4, 0xd5, 0xdc, 0xff, 
0xa4, 0xd5, 0xdc, 0xff, 0xa4, 0xd5, 0xdc, 0xff, 0xa4, 0xd5, 0xdc, 0xff, 0xa4, 0xd5, 0xdc, 0xff, 
0xa4, 0xd5, 0xdc, 0xff, 0xa4, 0xd5, 0xdc, 0xff, 0xa4, 0xd5, 0xdc, 0xff, 0xa4, 0xd5, 0xdc, 0xff, 
0xa4, 0xd5, 0xdc, 0xff, 0xa4, 0xd5, 0xdc, 0xff, 0xa4, 0xd5, 0xdc, 0xff, 0xa4, 0xd5, 0xdc, 0xff, 
0xa4, 0xd5, 0xdc, 0xff, 0xa4, 0xd5, 0xdc, 0xff, 0xa4, 0xd5, 0xdc, 0xff, 0xa4, 0xd5, 0xdc, 0xff, 
0xa4, 0xd5, 0xdc, 0xff, 0xa4, 0xd5, 0xdc, 0xff, 0xa4, 0xd5, 0xdc, 0xff, 0xa4, 0xd5, 0xdc, 0xff, 
0xa4, 0xd5, 0xdc, 0xff, 0xa4, 0xd5, 0xdc, 0xff, 0xa4, 0xd5, 0xdc, 0xff, 0xa4, 0xd5, 0xdc, 0xff, 
0xa4, 0xd5, 0xdc, 0xff, 0xa4, 0xd5, 0xdc, 0xff, 0xa4, 0xd5, 0xdc, 0xff, 0xa4, 0xd5, 0xdc, 0xff, 
0xa4, 0xd5, 0xdc, 0xff, 0xa4, 0xd5, 0xdc, 0xff, 0xa4, 0xd5, 0xdc, 0xff, 0xa4, 0xd5, 0xdc, 0xff, 
0xa4, 0xd5, 0xdc, 0xff, 0xa4, 0xd5, 0xdc, 0xff, 0xa4, 0xd5, 0xdc, 0xff, 0xa4, 0xd5, 0xdc, 0xff, 
0xa4, 0xd5, 0xdc, 0xff, 0xa4, 0xd5, 0xdc, 0xff, 0xa4, 0xd5, 0xdc, 0xff, 0xa4, 0xd5, 0xdc, 0xff, 
0xa4, 0xd5, 0xdc, 0xff, 0xa4, 0xd5, 0xdc, 0xff, 0xa4, 0xd5, 0xdc, 0xff, 0xa4, 0xd5, 0xdc, 0xff, 
0xa4, 0xd5, 0xdc, 0xff, 0xa4, 0xd5, 0xdc, 0xff, 0xa4, 0xd5, 0xdc, 0xff, 0xa4, 0xd5, 0xdc, 0xff, 
0xa4, 0xd5, 0xdc, 0xff, 0xa4, 0xd5, 0xdc, 0xff, 0xa4, 0xd5, 0xdc, 0xff, 0xa4, 0xd5, 0xdc, 0xff, 
0xa4, 0xd5, 0xdc, 0xff, 0xa4, 0xd5, 0xdc, 0xff, 0xa4, 0xd5, 0xdc, 0xff, 0xa4, 0xd5, 0xdc, 0xff, 
0xa4, 0xd5, 0xdc, 0xff, 0xa4, 0xd5, 0xdc, 0xff, 0xa4, 0xd5, 0xdc, 0xff, 0xa4, 0xd5, 0xdc, 0xff, 
0xa4, 0xd5, 0xdc, 0xff, 0xa4, 0xd5, 0xdc, 0xff, 0xa4, 0xd5, 0xdc, 0xff, 0xa4, 0xd5, 0xdc, 0xff, 
0xa4, 0xd5, 0xdc, 0xff, 0xa4, 0xd5, 0xdc, 0xff, 0xa4, 0xd5, 0xdc, 0xff, 0xa4, 0xd5, 0xdc, 0xff, 
0xa4, 0xd5, 0xdc, 0xff, 0xa4, 0xd5, 0xdc, 0xff, 0xa4, 0xd5, 0xdc, 0xff, 0xa4, 0xd5, 0xdc, 0xff, 
0xa4, 0xd5, 0xdc, 0xff, 0xa4, 0xd5, 0xdc, 0xff, 0xa4, 0xd5, 0xdc, 0xff, 0xa4, 0xd5, 0xdc, 0xff, 
0xa4, 0xd5, 0xdc, 0xff, 0xa4, 0xd5, 0xdc, 0xff, 0xa4, 0xd5, 0xdc, 0xff, 0xa4, 0xd5, 0xdc, 0xff, 
0xa4, 0xd5, 0xdc, 0xff, 0xa4, 0xd5, 0xdc, 0xff, 0xa4, 0xd5, 0xdc, 0xff, 0xa4, 0xd5, 0xdc, 0xff, 
0xa4, 0xd5, 0xdc, 0xff, 0xa4, 0xd5, 0xdc, 0xff, 0xa4, 0xd5, 0xdc, 0xff, 0xa4, 0xd5, 0xdc, 0xff, 
0xa4, 0xd5, 0xdc, 0xff, 0xa4, 0xd5, 0xdc, 0xff, 0xa4, 0xd5, 0xdc, 0xff, 0xa4, 0xd5, 0xdc, 0xff, 
0xa4, 0xd5, 0xdc, 0xff, 0xa4, 0xd5, 0xdc, 0xff, 0xa4, 0xd5, 0xdc, 0xff, 0xa4, 0xd5, 0xdc, 0xff, 
0xa4, 0xd5, 0xdc, 0xff, 0xa4, 0xd5, 0xdc, 0xff, 0xa4, 0xd5, 0xdc, 0xff, 0xa4, 0xd5, 0xdc, 0xff, 
0xa4, 0xd5, 0xdc, 0xff, 0xa4, 0xd5, 0xdc, 0xff, 0xa4, 0xd5, 0xdc, 0xff, 0xa4, 0xd5, 0xdc, 0xff, 
0xa4, 0xd5, 0xdc, 0xff, 0xa4, 0xd5, 0xdc, 0xff, 0xa4, 0xd5, 0xdc, 0xff, 0xa4, 0xd5, 0xdc, 0xff, 
0xa4, 0xd5, 0xdc, 0xff, 0xa4, 0xd5, 0xdc, 0xff, 0xa4, 0xd5, 0xdc, 0xff, 0xa4, 0xd5, 0xdc, 0xff, 
0xa4, 0xd5, 0xdc, 0xff, 0xa4, 0xd5, 0xdc, 0xff, 0xa4, 0xd5, 0xdc, 0xff, 0xa4, 0xd5, 0xdc, 0xff, 
0xa4, 0xd5, 0xdc, 0xff, 0xa4, 0xd5, 0xdc, 0xff, 0xa4, 0xd5, 0xdc, 0xff, 0xa4, 0xd5, 0xdc, 0xff, 
0xa4, 0xd5, 0xdc, 0xff, 0xa4, 0xd5, 0xdc, 0xff, 0xa4, 0xd5, 0xdc, 0xff, 0xa4, 0xd5, 0xdc, 0xff, 
0xa4, 0xd5, 0xdc, 0xff, 0xa4, 0xd5, 0xdc, 0xff, 0xa4, 0xd5, 0xdc, 0xff, 0xa4, 0xd5, 0xdc, 0xff, 
0xa4, 0xd5, 0xdc, 0xff, 0xa4, 0xd5, 0xdc, 0xff, 0xa4, 0xd5, 0xdc, 0xff, 0xa4, 0xd5, 0xdc, 0xff, 
0xa4, 0xd5, 0xdc, 0xff, 0xa4, 0xd5, 0xdc, 0xff, 0xa4, 0xd5, 0xdc, 0xff, 0xa4, 0xd5, 0xdc, 0xff, 
0xa4, 0xd5, 0xdc, 0xff, 0xa4, 0xd5, 0xdc, 0xff, 0xa4, 0xd5, 0xdc, 0xff, 0xa4, 0xd5, 0xdc, 0xff, 
0xa4, 0xd5, 0xdc, 0xff, 0xa4, 0xd5, 0xdc, 0xff, 0xa4, 0xd5, 0xdc, 0xff, 0xa4, 0xd5, 0xdc, 0xff, 
0xa4, 0xd5, 0xdc, 0xff, 0xa4, 0xd5, 0xdc, 0xff, 0xa4, 0xd5, 0xdc, 0xff, 0xa4, 0xd5, 0xdc, 0xff, 
0xa4, 0xd5, 0xdc, 0xff, 0xa4, 0xd5, 0xdc, 0xff, 0xa4, 0xd5, 0xdc, 0xff, 0xa4, 0xd5, 0xdc, 0xff, 
0xa4, 0xd5, 0xdc, 0xff, 0xa4, 0xd5, 0xdc, 0xff, 0xa4, 0xd5, 0xdc, 0xff, 0xa4, 0xd5, 0xdc, 0xff, 
0xa4, 0xd5, 0xdc, 0xff, 0xa4, 0xd5, 0xdc, 0xff, 0xa4, 0xd5, 0xdc, 0xff, 0xa4, 0xd5, 0xdc, 0xff, 
0xa4, 0xd5, 0xdc, 0xff, 0xa4, 0xd5, 0xdc, 0xff, 0xa4, 0xd5, 0xdc, 0xff, 0xa4, 0xd5, 0xdc, 0xff, 
0xa4, 0xd5, 0xdc, 0xff, 0xa4, 0xd5, 0xdc, 0xff, 0xa4, 0xd5, 0xdc, 0xff, 0xa4, 0xd5, 0xdc, 0xff, 
0xa4, 0xd5, 0xdc, 0xff, 0xa4, 0xd5, 0xdc, 0xff, 0xa4, 0xd5, 0xdc, 0xff, 0xa4, 0xd5, 0xdc, 0xff, 
0xa4, 0xd5, 0xdc, 0xff, 0xa4, 0xd5, 0xdc, 0xff, 0xa4, 0xd5, 0xdc, 0xff, 0xa4, 0xd5, 0xdc, 0xff, 
0xa3, 0xd4, 0xdb, 0xff, 0xa3, 0xd4, 0xdb, 0xff, 0xa3, 0xd4, 0xdb, 0xff, 0xa3, 0xd4, 0xdb, 0xff, 
0xa3, 0xd4, 0xdb, 0xff, 0xa3, 0xd4, 0xdb, 0xff, 0xa3, 0xd4, 0xdb, 0xff, 0xa3, 0xd4, 0xdb, 0xff, 
0xa3, 0xd4, 0xdb, 0xff, 0xa3, 0xd4, 0xdb, 0xff, 0xa3, 0xd4, 0xdb, 0xff, 0xa3, 0xd4, 0xdb, 0xff, 
0xa3, 0xd4, 0xdb, 0xff, 0xa3, 0xd4, 0xdb, 0xff, 0xa3, 0xd4, 0xdb, 0xff, 0xa3, 0xd4, 0xdb, 0xff, 
0xa3, 0xd4, 0xdb, 0xff, 0xa3, 0xd4, 0xdb, 0xff, 0xa3, 0xd4, 0xdb, 0xff, 0xa3, 0xd4, 0xdb, 0xff, 
0xa3, 0xd4, 0xdb, 0xff, 0xa3, 0xd4, 0xdb, 0xff, 0xa3, 0xd4, 0xdb, 0xff, 0xa3, 0xd4, 0xdb, 0xff, 
0xa3, 0xd4, 0xdb, 0xff, 0xa3, 0xd4, 0xdb, 0xff, 0xa3, 0xd4, 0xdb, 0xff, 0xa3, 0xd4, 0xdb, 0xff, 
0xa3, 0xd4, 0xdb, 0xff, 0xa3, 0xd4, 0xdb, 0xff, 0xa3, 0xd4, 0xdb, 0xff, 0xa3, 0xd4, 0xdb, 0xff, 
0xa3, 0xd4, 0xdb, 0xff, 0xa3, 0xd4, 0xdb, 0xff, 0xa3, 0xd4, 0xdb, 0xff, 0xa3, 0xd4, 0xdb, 0xff, 
0xa3, 0xd4, 0xdb, 0xff, 0xa3, 0xd4, 0xdb, 0xff, 0xa3, 0xd4, 0xdb, 0xff, 0xa3, 0xd4, 0xdb, 0xff, 
0xa3, 0xd4, 0xdb, 0xff, 0xa3, 0xd4, 0xdb, 0xff, 0xa3, 0xd4, 0xdb, 0xff, 0xa3, 0xd4, 0xdb, 0xff, 
0xa3, 0xd4, 0xdb, 0xff, 0xa3, 0xd4, 0xdb, 0xff, 0xa3, 0xd4, 0xdb, 0xff, 0xa3, 0xd4, 0xdb, 0xff, 
0xa3, 0xd4, 0xdb, 0xff, 0xa3, 0xd4, 0xdb, 0xff, 0xa3, 0xd4, 0xdb, 0xff, 0xa3, 0xd4, 0xdb, 0xff, 
0xa3, 0xd4, 0xdb, 0xff, 0xa3, 0xd4, 0xdb, 0xff, 0xa3, 0xd4, 0xdb, 0xff, 0xa3, 0xd4, 0xdb, 0xff, 
0xa3, 0xd4, 0xdb, 0xff, 0xa3, 0xd4, 0xdb, 0xff, 0xa3, 0xd4, 0xdb, 0xff, 0xa3, 0xd4, 0xdb, 0xff, 
0xa3, 0xd4, 0xdb, 0xff, 0xa3, 0xd4, 0xdb, 0xff, 0xa3, 0xd4, 0xdb, 0xff, 0xa3, 0xd4, 0xdb, 0xff, 
0xa3, 0xd4, 0xdb, 0xff, 0xa3, 0xd4, 0xdb, 0xff, 0xa3, 0xd4, 0xdb, 0xff, 0xa3, 0xd4, 0xdb, 0xff, 
0xa3, 0xd4, 0xdb, 0xff, 0xa3, 0xd4, 0xdb, 0xff, 0xa3, 0xd4, 0xdb, 0xff, 0xa3, 0xd4, 0xdb, 0xff, 
0xa3, 0xd4, 0xdb, 0xff, 0xa3, 0xd4, 0xdb, 0xff, 0xa3, 0xd4, 0xdb, 0xff, 0xa3, 0xd4, 0xdb, 0xff, 
0xa3, 0xd4, 0xdb, 0xff, 0xa3, 0xd4, 0xdb, 0xff, 0xa3, 0xd4, 0xdb, 0xff, 0xa3, 0xd4, 0xdb, 0xff, 
0xa3, 0xd4, 0xdb, 0xff, 0xa3, 0xd4, 0xdb, 0xff, 0xa3, 0xd4, 0xdb, 0xff, 0xa3, 0xd4, 0xdb, 0xff, 
0xa3, 0xd4, 0xdb, 0xff, 0xa3, 0xd4, 0xdb, 0xff, 0xa3, 0xd4, 0xdb, 0xff, 0xa3, 0xd4, 0xdb, 0xff, 
0xa3, 0xd4, 0xdb, 0xff, 0xa3, 0xd4, 0xdb, 0xff, 0xa3, 0xd4, 0xdb, 0xff, 0xa3, 0xd4, 0xdb, 0xff, 
0xa3, 0xd4, 0xdb, 0xff, 0xa3, 0xd4, 0xdb, 0xff, 0xa3, 0xd4, 0xdb, 0xff, 0xa3, 0xd4, 0xdb, 0xff, 
0xa3, 0xd4, 0xdb, 0xff, 0xa3, 0xd4, 0xdb, 0xff, 0xa3, 0xd4, 0xdb, 0xff, 0xa3, 0xd4, 0xdb, 0xff, 
0xa3, 0xd4, 0xdb, 0xff, 0xa3, 0xd4, 0xdb, 0xff, 0xa3, 0xd4, 0xdb, 0xff, 0xa3, 0xd4, 0xdb, 0xff, 
0xa3, 0xd4, 0xdb, 0xff, 0xa3, 0xd4, 0xdb, 0xff, 0xa3, 0xd4, 0xdb, 0xff, 0xa3, 0xd4, 0xdb, 0xff, 
0xa3, 0xd4, 0xdb, 0xff, 0xa3, 0xd4, 0xdb, 0xff, 0xa3, 0xd4, 0xdb, 0xff, 0xa3, 0xd4, 0xdb, 0xff, 
0xa3, 0xd4, 0xdb, 0xff, 0xa3, 0xd4, 0xdb, 0xff, 0xa3, 0xd4, 0xdb, 0xff, 0xa3, 0xd4, 0xdb, 0xff, 
0xa3, 0xd4, 0xdb, 0xff, 0xa3, 0xd4, 0xdb, 0xff, 0xa3, 0xd4, 0xdb, 0xff, 0xa3, 0xd4, 0xdb, 0xff, 
0xa3, 0xd4, 0xdb, 0xff, 0xa3, 0xd4, 0xdb, 0xff, 0xa3, 0xd4, 0xdb, 0xff, 0xa3, 0xd4, 0xdb, 0xff, 
0xa3, 0xd4, 0xdb, 0xff, 0xa3, 0xd4, 0xdb, 0xff, 0xa3, 0xd4, 0xdb, 0xff, 0xa3, 0xd4, 0xdb, 0xff, 
0xa3, 0xd4, 0xdb, 0xff, 0xa3, 0xd4, 0xdb, 0xff, 0xa3, 0xd4, 0xdb, 0xff, 0xa3, 0xd4, 0xdb, 0xff, 
0xa3, 0xd4, 0xdb, 0xff, 0xa3, 0xd4, 0xdb, 0xff, 0xa3, 0xd4, 0xdb, 0xff, 0xa3, 0xd4, 0xdb, 0xff, 
0xa3, 0xd4, 0xdb, 0xff, 0xa3, 0xd4, 0xdb, 0xff, 0xa3, 0xd4, 0xdb, 0xff, 0xa3, 0xd4, 0xdb, 0xff, 
0xa3, 0xd4, 0xdb, 0xff, 0xa3, 0xd4, 0xdb, 0xff, 0xa3, 0xd4, 0xdb, 0xff, 0xa3, 0xd4, 0xdb, 0xff, 
0xa3, 0xd4, 0xdb, 0xff, 0xa3, 0xd4, 0xdb, 0xff, 0xa3, 0xd4, 0xdb, 0xff, 0xa3, 0xd4, 0xdb, 0xff, 
0xa3, 0xd4, 0xdb, 0xff, 0xa3, 0xd4, 0xdb, 0xff, 0xa3, 0xd4, 0xdb, 0xff, 0xa3, 0xd4, 0xdb, 0xff, 
0xa3, 0xd4, 0xdb, 0xff, 0xa3, 0xd4, 0xdb, 0xff, 0xa3, 0xd4, 0xdb, 0xff, 0xa3, 0xd4, 0xdb, 0xff, 
0xa3, 0xd4, 0xdb, 0xff, 0xa3, 0xd4, 0xdb, 0xff, 0xa3, 0xd4, 0xdb, 0xff, 0xa3, 0xd4, 0xdb, 0xff, 
0xa3, 0xd4, 0xdb, 0xff, 0xa3, 0xd4, 0xdb, 0xff, 0xa3, 0xd4, 0xdb, 0xff, 0xa3, 0xd4, 0xdb, 0xff, 
0xa3, 0xd4, 0xdb, 0xff, 0xa3, 0xd4, 0xdb, 0xff, 0xa3, 0xd4, 0xdb, 0xff, 0xa3, 0xd4, 0xdb, 0xff, 
0xa3, 0xd4, 0xdb, 0xff, 0xa3, 0xd4, 0xdb, 0xff, 0xa3, 0xd4, 0xdb, 0xff, 0xa3, 0xd4, 0xdb, 0xff, 
0xa3, 0xd4, 0xdb, 0xff, 0xa3, 0xd4, 0xdb, 0xff, 0xa3, 0xd4, 0xdb, 0xff, 0xa3, 0xd4, 0xdb, 0xff, 
0xa3, 0xd4, 0xdb, 0xff, 0xa3, 0xd4, 0xdb, 0xff, 0xa3, 0xd4, 0xdb, 0xff, 0xa3, 0xd4, 0xdb, 0xff, 
0xa3, 0xd4, 0xdb, 0xff, 0xa3, 0xd4, 0xdb, 0xff, 0xa3, 0xd4, 0xdb, 0xff, 0xa3, 0xd4, 0xdb, 0xff, 
0xa3, 0xd4, 0xdb, 0xff, 0xa3, 0xd4, 0xdb, 0xff, 0xa3, 0xd4, 0xdb, 0xff, 0xa3, 0xd4, 0xdb, 0xff, 
0xa3, 0xd4, 0xdb, 0xff, 0xa3, 0xd4, 0xdb, 0xff, 0xa3, 0xd4, 0xdb, 0xff, 0xa3, 0xd4, 0xdb, 0xff, 
0xa3, 0xd4, 0xdb, 0xff, 0xa3, 0xd4, 0xdb, 0xff, 0xa3, 0xd4, 0xdb, 0xff, 0xa3, 0xd4, 0xdb, 0xff, 
0xa3, 0xd4, 0xdb, 0xff, 0xa3, 0xd4, 0xdb, 0xff, 0xa3, 0xd4, 0xdb, 0xff, 0xa3, 0xd4, 0xdb, 0xff, 
0xa3, 0xd4, 0xdb, 0xff, 0xa3, 0xd4, 0xdb, 0xff, 0xa3, 0xd4, 0xdb, 0xff, 0xa3, 0xd4, 0xdb, 0xff, 
0xa3, 0xd4, 0xdb, 0xff, 0xa3, 0xd4, 0xdb, 0xff, 0xa3, 0xd4, 0xdb, 0xff, 0xa3, 0xd4, 0xdb, 0xff, 
0xa3, 0xd4, 0xdb, 0xff, 0xa3, 0xd4, 0xdb, 0xff, 0xa3, 0xd4, 0xdb, 0xff, 0xa3, 0xd4, 0xdb, 0xff, 
0xa3, 0xd4, 0xdb, 0xff, 0xa3, 0xd4, 0xdb, 0xff, 0xa3, 0xd4, 0xdb, 0xff, 0xa3, 0xd4, 0xdb, 0xff, 
0xa3, 0xd4, 0xdb, 0xff, 0xa3, 0xd4, 0xdb, 0xff, 0xa3, 0xd4, 0xdb, 0xff, 0xa3, 0xd4, 0xdb, 0xff, 
0xa3, 0xd4, 0xdb, 0xff, 0xa3, 0xd4, 0xdb, 0xff, 0xa3, 0xd4, 0xdb, 0xff, 0xa3, 0xd4, 0xdb, 0xff, 
0xa3, 0xd4, 0xdb, 0xff, 0xa3, 0xd4, 0xdb, 0xff, 0xa3, 0xd4, 0xdb, 0xff, 0xa3, 0xd4, 0xdb, 0xff, 
0xa3, 0xd4, 0xdb, 0xff, 0xa3, 0xd4, 0xdb, 0xff, 0xa3, 0xd4, 0xdb, 0xff, 0xa3, 0xd4, 0xdb, 0xff, 
0xa3, 0xd4, 0xdb, 0xff, 0xa3, 0xd4, 0xdb, 0xff, 0xa3, 0xd4, 0xdb, 0xff, 0xa3, 0xd4, 0xdb, 0xff, 
0xa3, 0xd4, 0xdb, 0xff, 0xa3, 0xd4, 0xdb, 0xff, 0xa3, 0xd4, 0xdb, 0xff, 0xa3, 0xd4, 0xdb, 0xff, 
0xa3, 0xd4, 0xdb, 0xff, 0xa3, 0xd4, 0xdb, 0xff, 0xa3, 0xd4, 0xdb, 0xff, 0xa3, 0xd4, 0xdb, 0xff, 
0xa3, 0xd4, 0xdb, 0xff, 0xa3, 0xd4, 0xdb, 0xff, 0xa3, 0xd4, 0xdb, 0xff, 0xa3, 0xd4, 0xdb, 0xff, 
0xa3, 0xd4, 0xdb, 0xff, 0xa3, 0xd4, 0xdb, 0xff, 0xa3, 0xd4, 0xdb, 0xff, 0xa3, 0xd4, 0xdb, 0xff, 
0xa3, 0xd4, 0xdb, 0xff, 0xa3, 0xd4, 0xdb, 0xff, 0xa3, 0xd4, 0xdb, 0xff, 0xa3, 0xd4, 0xdb, 0xff, 
0xa2, 0xd3, 0xda, 0xff, 0xa2, 0xd3, 0xda, 0xff, 0xa2, 0xd3, 0xda, 0xff, 0xa2, 0xd3, 0xda, 0xff, 
0xa2, 0xd3, 0xda, 0xff, 0xa2, 0xd3, 0xda, 0xff, 0xa2, 0xd3, 0xda, 0xff, 0xa2, 0xd3, 0xda, 0xff, 
0xa2, 0xd3, 0xda, 0xff, 0xa2, 0xd3, 0xda, 0xff, 0xa2, 0xd3, 0xda, 0xff, 0xa2, 0xd3, 0xda, 0xff, 
0xa2, 0xd3, 0xda, 0xff, 0xa2, 0xd3, 0xda, 0xff, 0xa2, 0xd3, 0xda, 0xff, 0xa2, 0xd3, 0xda, 0xff, 
0xa2, 0xd3, 0xda, 0xff, 0xa2, 0xd3, 0xda, 0xff, 0xa2, 0xd3, 0xda, 0xff, 0xa2, 0xd3, 0xda, 0xff, 
0xa2, 0xd3, 0xda, 0xff, 0xa2, 0xd3, 0xda, 0xff, 0xa2, 0xd3, 0xda, 0xff, 0xa2, 0xd3, 0xda, 0xff, 
0xa2, 0xd3, 0xda, 0xff, 0xa2, 0xd3, 0xda, 0xff, 0xa2, 0xd3, 0xda, 0xff, 0xa2, 0xd3, 0xda, 0xff, 
0xa2, 0xd3, 0xda, 0xff, 0xa2, 0xd3, 0xda, 0xff, 0xa2, 0xd3, 0xda, 0xff, 0xa2, 0xd3, 0xda, 0xff, 
0xa2, 0xd3, 0xda, 0xff, 0xa2, 0xd3, 0xda, 0xff, 0xa2, 0xd3, 0xda, 0xff, 0xa2, 0xd3, 0xda, 0xff, 
0xa2, 0xd3, 0xda, 0xff, 0xa2, 0xd3, 0xda, 0xff, 0xa2, 0xd3, 0xda, 0xff, 0xa2, 0xd3, 0xda, 0xff, 
0xa2, 0xd3, 0xda, 0xff, 0xa2, 0xd3, 0xda, 0xff, 0xa2, 0xd3, 0xda, 0xff, 0xa2, 0xd3, 0xda, 0xff, 
0xa2, 0xd3, 0xda, 0xff, 0xa2, 0xd3, 0xda, 0xff, 0xa2, 0xd3, 0xda, 0xff, 0xa2, 0xd3, 0xda, 0xff, 
0xa2, 0xd3, 0xda, 0xff, 0xa2, 0xd3, 0xda, 0xff, 0xa2, 0xd3, 0xda, 0xff, 0xa2, 0xd3, 0xda, 0xff, 
0xa2, 0xd3, 0xda, 0xff, 0xa2, 0xd3, 0xda, 0xff, 0xa2, 0xd3, 0xda, 0xff, 0xa2, 0xd3, 0xda, 0xff, 
0xa2, 0xd3, 0xda, 0xff, 0xa2, 0xd3, 0xda, 0xff, 0xa2, 0xd3, 0xda, 0xff, 0xa2, 0xd3, 0xda, 0xff, 
0xa2, 0xd3, 0xda, 0xff, 0xa2, 0xd3, 0xda, 0xff, 0xa2, 0xd3, 0xda, 0xff, 0xa2, 0xd3, 0xda, 0xff, 
0xa2, 0xd3, 0xda, 0xff, 0xa2, 0xd3, 0xda, 0xff, 0xa2, 0xd3, 0xda, 0xff, 0xa2, 0xd3, 0xda, 0xff, 
0xa2, 0xd3, 0xda, 0xff, 0xa2, 0xd3, 0xda, 0xff, 0xa2, 0xd3, 0xda, 0xff, 0xa2, 0xd3, 0xda, 0xff, 
0xa2, 0xd3, 0xda, 0xff, 0xa2, 0xd3, 0xda, 0xff, 0xa2, 0xd3, 0xda, 0xff, 0xa2, 0xd3, 0xda, 0xff, 
0xa2, 0xd3, 0xda, 0xff, 0xa2, 0xd3, 0xda, 0xff, 0xa2, 0xd3, 0xda, 0xff, 0xa2, 0xd3, 0xda, 0xff, 
0xa2, 0xd3, 0xda, 0xff, 0xa2, 0xd3, 0xda, 0xff, 0xa2, 0xd3, 0xda, 0xff, 0xa2, 0xd3, 0xda, 0xff, 
0xa2, 0xd3, 0xda, 0xff, 0xa2, 0xd3, 0xda, 0xff, 0xa2, 0xd3, 0xda, 0xff, 0xa2, 0xd3, 0xda, 0xff, 
0xa2, 0xd3, 0xda, 0xff, 0xa2, 0xd3, 0xda, 0xff, 0xa2, 0xd3, 0xda, 0xff, 0xa2, 0xd3, 0xda, 0xff, 
0xa2, 0xd3, 0xda, 0xff, 0xa2, 0xd3, 0xda, 0xff, 0xa2, 0xd3, 0xda, 0xff, 0xa2, 0xd3, 0xda, 0xff, 
0xa2, 0xd3, 0xda, 0xff, 0xa2, 0xd3, 0xda, 0xff, 0xa2, 0xd3, 0xda, 0xff, 0xa2, 0xd3, 0xda, 0xff, 
0xa2, 0xd3, 0xda, 0xff, 0xa2, 0xd3, 0xda, 0xff, 0xa2, 0xd3, 0xda, 0xff, 0xa2, 0xd3, 0xda, 0xff, 
0xa2, 0xd3, 0xda, 0xff, 0xa2, 0xd3, 0xda, 0xff, 0xa2, 0xd3, 0xda, 0xff, 0xa2, 0xd3, 0xda, 0xff, 
0xa2, 0xd3, 0xda, 0xff, 0xa2, 0xd3, 0xda, 0xff, 0xa2, 0xd3, 0xda, 0xff, 0xa2, 0xd3, 0xda, 0xff, 
0xa2, 0xd3, 0xda, 0xff, 0xa2, 0xd3, 0xda, 0xff, 0xa2, 0xd3, 0xda, 0xff, 0xa2, 0xd3, 0xda, 0xff, 
0xa2, 0xd3, 0xda, 0xff, 0xa2, 0xd3, 0xda, 0xff, 0xa2, 0xd3, 0xda, 0xff, 0xa2, 0xd3, 0xda, 0xff, 
0xa2, 0xd3, 0xda, 0xff, 0xa2, 0xd3, 0xda, 0xff, 0xa2, 0xd3, 0xda, 0xff, 0xa2, 0xd3, 0xda, 0xff, 
0xa2, 0xd3, 0xda, 0xff, 0xa2, 0xd3, 0xda, 0xff, 0xa2, 0xd3, 0xda, 0xff, 0xa2, 0xd3, 0xda, 0xff, 
0xa2, 0xd3, 0xda, 0xff, 0xa2, 0xd3, 0xda, 0xff, 0xa2, 0xd3, 0xda, 0xff, 0xa2, 0xd3, 0xda, 0xff, 
0xa2, 0xd3, 0xda, 0xff, 0xa2, 0xd3, 0xda, 0xff, 0xa2, 0xd3, 0xda, 0xff, 0xa2, 0xd3, 0xda, 0xff, 
0xa2, 0xd3, 0xda, 0xff, 0xa2, 0xd3, 0xda, 0xff, 0xa2, 0xd3, 0xda, 0xff, 0xa2, 0xd3, 0xda, 0xff, 
0xa2, 0xd3, 0xda, 0xff, 0xa2, 0xd3, 0xda, 0xff, 0xa2, 0xd3, 0xda, 0xff, 0xa2, 0xd3, 0xda, 0xff, 
0xa2, 0xd3, 0xda, 0xff, 0xa2, 0xd3, 0xda, 0xff, 0xa2, 0xd3, 0xda, 0xff, 0xa2, 0xd3, 0xda, 0xff, 
0xa2, 0xd3, 0xda, 0xff, 0xa2, 0xd3, 0xda, 0xff, 0xa2, 0xd3, 0xda, 0xff, 0xa2, 0xd3, 0xda, 0xff, 
0xa2, 0xd3, 0xda, 0xff, 0xa2, 0xd3, 0xda, 0xff, 0xa2, 0xd3, 0xda, 0xff, 0xa2, 0xd3, 0xda, 0xff, 
0xa2, 0xd3, 0xda, 0xff, 0xa2, 0xd3, 0xda, 0xff, 0xa2, 0xd3, 0xda, 0xff, 0xa2, 0xd3, 0xda, 0xff, 
0xa2, 0xd3, 0xda, 0xff, 0xa2, 0xd3, 0xda, 0xff, 0xa2, 0xd3, 0xda, 0xff, 0xa2, 0xd3, 0xda, 0xff, 
0xa2, 0xd3, 0xda, 0xff, 0xa2, 0xd3, 0xda, 0xff, 0xa2, 0xd3, 0xda, 0xff, 0xa2, 0xd3, 0xda, 0xff, 
0xa2, 0xd3, 0xda, 0xff, 0xa2, 0xd3, 0xda, 0xff, 0xa2, 0xd3, 0xda, 0xff, 0xa2, 0xd3, 0xda, 0xff, 
0xa2, 0xd3, 0xda, 0xff, 0xa2, 0xd3, 0xda, 0xff, 0xa2, 0xd3, 0xda, 0xff, 0xa2, 0xd3, 0xda, 0xff, 
0xa2, 0xd3, 0xda, 0xff, 0xa2, 0xd3, 0xda, 0xff, 0xa2, 0xd3, 0xda, 0xff, 0xa2, 0xd3, 0xda, 0xff, 
0xa2, 0xd3, 0xda, 0xff, 0xa2, 0xd3, 0xda, 0xff, 0xa2, 0xd3, 0xda, 0xff, 0xa2, 0xd3, 0xda, 0xff, 
0xa2, 0xd3, 0xda, 0xff, 0xa2, 0xd3, 0xda, 0xff, 0xa2, 0xd3, 0xda, 0xff, 0xa2, 0xd3, 0xda, 0xff, 
0xa2, 0xd3, 0xda, 0xff, 0xa2, 0xd3, 0xda, 0xff, 0xa2, 0xd3, 0xda, 0xff, 0xa2, 0xd3, 0xda, 0xff, 
0xa2, 0xd3, 0xda, 0xff, 0xa2, 0xd3, 0xda, 0xff, 0xa2, 0xd3, 0xda, 0xff, 0xa2, 0xd3, 0xda, 0xff, 
0xa2, 0xd3, 0xda, 0xff, 0xa2, 0xd3, 0xda, 0xff, 0xa2, 0xd3, 0xda, 0xff, 0xa2, 0xd3, 0xda, 0xff, 
0xa2, 0xd3, 0xda, 0xff, 0xa2, 0xd3, 0xda, 0xff, 0xa2, 0xd3, 0xda, 0xff, 0xa2, 0xd3, 0xda, 0xff, 
0xa2, 0xd3, 0xda, 0xff, 0xa2, 0xd3, 0xda, 0xff, 0xa2, 0xd3, 0xda, 0xff, 0xa2, 0xd3, 0xda, 0xff, 
0xa2, 0xd3, 0xda, 0xff, 0xa2, 0xd3, 0xda, 0xff, 0xa2, 0xd3, 0xda, 0xff, 0xa2, 0xd3, 0xda, 0xff, 
0xa2, 0xd3, 0xda, 0xff, 0xa2, 0xd3, 0xda, 0xff, 0xa2, 0xd3, 0xda, 0xff, 0xa2, 0xd3, 0xda, 0xff, 
0xa2, 0xd3, 0xda, 0xff, 0xa2, 0xd3, 0xda, 0xff, 0xa2, 0xd3, 0xda, 0xff, 0xa2, 0xd3, 0xda, 0xff, 
0xa2, 0xd3, 0xda, 0xff, 0xa2, 0xd3, 0xda, 0xff, 0xa2, 0xd3, 0xda, 0xff, 0xa2, 0xd3, 0xda, 0xff, 
0xa2, 0xd3, 0xda, 0xff, 0xa2, 0xd3, 0xda, 0xff, 0xa2, 0xd3, 0xda, 0xff, 0xa2, 0xd3, 0xda, 0xff, 
0xa2, 0xd3, 0xda, 0xff, 0xa2, 0xd3, 0xda, 0xff, 0xa2, 0xd3, 0xda, 0xff, 0xa2, 0xd3, 0xda, 0xff, 
0xa2, 0xd3, 0xda, 0xff, 0xa2, 0xd3, 0xda, 0xff, 0xa2, 0xd3, 0xda, 0xff, 0xa2, 0xd3, 0xda, 0xff, 
0xa2, 0xd3, 0xda, 0xff, 0xa2, 0xd3, 0xda, 0xff, 0xa2, 0xd3, 0xda, 0xff, 0xa2, 0xd3, 0xda, 0xff, 
0xa2, 0xd3, 0xda, 0xff, 0xa2, 0xd3, 0xda, 0xff, 0xa2, 0xd3, 0xda, 0xff, 0xa2, 0xd3, 0xda, 0xff, 
0xa2, 0xd3, 0xda, 0xff, 0xa2, 0xd3, 0xda, 0xff, 0xa2, 0xd3, 0xda, 0xff, 0xa2, 0xd3, 0xda, 0xff, 
0xa2, 0xd3, 0xda, 0xff, 0xa2, 0xd3, 0xda, 0xff, 0xa2, 0xd3, 0xda, 0xff, 0xa2, 0xd3, 0xda, 0xff, 
0xa2, 0xd3, 0xda, 0xff, 0xa2, 0xd3, 0xda, 0xff, 0xa2, 0xd3, 0xda, 0xff, 0xa2, 0xd3, 0xda, 0xff, 
0xa2, 0xd3, 0xda, 0xff, 0xa2, 0xd3, 0xda, 0xff, 0xa2, 0xd3, 0xda, 0xff, 0xa2, 0xd3, 0xda, 0xff, 
0xa2, 0xd3, 0xda, 0xff, 0xa2, 0xd3, 0xda, 0xff, 0xa2, 0xd3, 0xda, 0xff, 0xa2, 0xd3, 0xda, 0xff, 
0xa2, 0xd3, 0xda, 0xff, 0xa2, 0xd3, 0xda, 0xff, 0xa2, 0xd3, 0xda, 0xff, 0xa2, 0xd3, 0xda, 0xff, 
0xa2, 0xd3, 0xda, 0xff, 0xa2, 0xd3, 0xda, 0xff, 0xa2, 0xd3, 0xda, 0xff, 0xa2, 0xd3, 0xda, 0xff, 
0xa2, 0xd3, 0xda, 0xff, 0xa2, 0xd3, 0xda, 0xff, 0xa2, 0xd3, 0xda, 0xff, 0xa2, 0xd3, 0xda, 0xff, 
0xa2, 0xd3, 0xda, 0xff, 0xa2, 0xd3, 0xda, 0xff, 0xa2, 0xd3, 0xda, 0xff, 0xa2, 0xd3, 0xda, 0xff, 
0xa2, 0xd3, 0xda, 0xff, 0xa2, 0xd3, 0xda, 0xff, 0xa2, 0xd3, 0xda, 0xff, 0xa2, 0xd3, 0xda, 0xff, 
0xa2, 0xd3, 0xda, 0xff, 0xa2, 0xd3, 0xda, 0xff, 0xa2, 0xd3, 0xda, 0xff, 0xa2, 0xd3, 0xda, 0xff, 
0xa2, 0xd3, 0xda, 0xff, 0xa2, 0xd3, 0xda, 0xff, 0xa2, 0xd3, 0xda, 0xff, 0xa2, 0xd3, 0xda, 0xff, 
0xa2, 0xd3, 0xda, 0xff, 0xa2, 0xd3, 0xda, 0xff, 0xa2, 0xd3, 0xda, 0xff, 0xa2, 0xd3, 0xda, 0xff, 
0xa2, 0xd3, 0xda, 0xff, 0xa2, 0xd3, 0xda, 0xff, 0xa2, 0xd3, 0xda, 0xff, 0xa2, 0xd3, 0xda, 0xff, 
0xa2, 0xd3, 0xda, 0xff, 0xa2, 0xd3, 0xda, 0xff, 0xa2, 0xd3, 0xda, 0xff, 0xa2, 0xd3, 0xda, 0xff, 
0xa2, 0xd3, 0xda, 0xff, 0xa2, 0xd3, 0xda, 0xff, 0xa2, 0xd3, 0xda, 0xff, 0xa2, 0xd3, 0xda, 0xff, 
0xa2, 0xd3, 0xda, 0xff, 0xa2, 0xd3, 0xda, 0xff, 0xa2, 0xd3, 0xda, 0xff, 0xa2, 0xd3, 0xda, 0xff, 
0xa2, 0xd3, 0xda, 0xff, 0xa2, 0xd3, 0xda, 0xff, 0xa2, 0xd3, 0xda, 0xff, 0xa2, 0xd3, 0xda, 0xff, 
0xa2, 0xd3, 0xda, 0xff, 0xa2, 0xd3, 0xda, 0xff, 0xa2, 0xd3, 0xda, 0xff, 0xa2, 0xd3, 0xda, 0xff, 
0xa2, 0xd3, 0xda, 0xff, 0xa2, 0xd3, 0xda, 0xff, 0xa2, 0xd3, 0xda, 0xff, 0xa2, 0xd3, 0xda, 0xff, 
0xa2, 0xd3, 0xda, 0xff, 0xa2, 0xd3, 0xda, 0xff, 0xa2, 0xd3, 0xda, 0xff, 0xa2, 0xd3, 0xda, 0xff, 
0xa2, 0xd3, 0xda, 0xff, 0xa2, 0xd3, 0xda, 0xff, 0xa2, 0xd3, 0xda, 0xff, 0xa2, 0xd3, 0xda, 0xff, 
0xa2, 0xd3, 0xda, 0xff, 0xa2, 0xd3, 0xda, 0xff, 0xa2, 0xd3, 0xda, 0xff, 0xa2, 0xd3, 0xda, 0xff, 
0xa2, 0xd3, 0xda, 0xff, 0xa2, 0xd3, 0xda, 0xff, 0xa2, 0xd3, 0xda, 0xff, 0xa2, 0xd3, 0xda, 0xff, 
0xa2, 0xd3, 0xda, 0xff, 0xa2, 0xd3, 0xda, 0xff, 0xa2, 0xd3, 0xda, 0xff, 0xa2, 0xd3, 0xda, 0xff, 
0xa2, 0xd3, 0xda, 0xff, 0xa2, 0xd3, 0xda, 0xff, 0xa2, 0xd3, 0xda, 0xff, 0xa2, 0xd3, 0xda, 0xff, 
0xa2, 0xd3, 0xda, 0xff, 0xa2, 0xd3, 0xda, 0xff, 0xa2, 0xd3, 0xda, 0xff, 0xa2, 0xd3, 0xda, 0xff, 
0xa2, 0xd3, 0xda, 0xff, 0xa2, 0xd3, 0xda, 0xff, 0xa2, 0xd3, 0xda, 0xff, 0xa2, 0xd3, 0xda, 0xff, 
0xa2, 0xd3, 0xda, 0xff, 0xa2, 0xd3, 0xda, 0xff, 0xa2, 0xd3, 0xda, 0xff, 0xa2, 0xd3, 0xda, 0xff, 
0xa2, 0xd3, 0xda, 0xff, 0xa2, 0xd3, 0xda, 0xff, 0xa2, 0xd3, 0xda, 0xff, 0xa2, 0xd3, 0xda, 0xff, 
0xa2, 0xd3, 0xda, 0xff, 0xa2, 0xd3, 0xda, 0xff, 0xa2, 0xd3, 0xda, 0xff, 0xa2, 0xd3, 0xda, 0xff, 
0xa2, 0xd3, 0xda, 0xff, 0xa2, 0xd3, 0xda, 0xff, 0xa2, 0xd3, 0xda, 0xff, 0xa2, 0xd3, 0xda, 0xff, 
0xa2, 0xd3, 0xda, 0xff, 0xa2, 0xd3, 0xda, 0xff, 0xa2, 0xd3, 0xda, 0xff, 0xa2, 0xd3, 0xda, 0xff, 
0xa2, 0xd3, 0xda, 0xff, 0xa2, 0xd3, 0xda, 0xff, 0xa2, 0xd3, 0xda, 0xff, 0xa2, 0xd3, 0xda, 0xff, 
0xa2, 0xd3, 0xda, 0xff, 0xa2, 0xd3, 0xda, 0xff, 0xa2, 0xd3, 0xda, 0xff, 0xa2, 0xd3, 0xda, 0xff, 
0xa2, 0xd3, 0xda, 0xff, 0xa2, 0xd3, 0xda, 0xff, 0xa2, 0xd3, 0xda, 0xff, 0xa2, 0xd3, 0xda, 0xff, 
0xa2, 0xd3, 0xda, 0xff, 0xa2, 0xd3, 0xda, 0xff, 0xa2, 0xd3, 0xda, 0xff, 0xa2, 0xd3, 0xda, 0xff, 
0xa2, 0xd3, 0xda, 0xff, 0xa2, 0xd3, 0xda, 0xff, 0xa2, 0xd3, 0xda, 0xff, 0xa2, 0xd3, 0xda, 0xff, 
0xa2, 0xd3, 0xda, 0xff, 0xa2, 0xd3, 0xda, 0xff, 0xa2, 0xd3, 0xda, 0xff, 0xa2, 0xd3, 0xda, 0xff, 
0xa2, 0xd3, 0xda, 0xff, 0xa2, 0xd3, 0xda, 0xff, 0xa2, 0xd3, 0xda, 0xff, 0xa2, 0xd3, 0xda, 0xff, 
0xa2, 0xd3, 0xda, 0xff, 0xa2, 0xd3, 0xda, 0xff, 0xa2, 0xd3, 0xda, 0xff, 0xa2, 0xd3, 0xda, 0xff, 
0xa2, 0xd3, 0xda, 0xff, 0xa2, 0xd3, 0xda, 0xff, 0xa2, 0xd3, 0xda, 0xff, 0xa2, 0xd3, 0xda, 0xff, 
0xa2, 0xd3, 0xda, 0xff, 0xa2, 0xd3, 0xda, 0xff, 0xa2, 0xd3, 0xda, 0xff, 0xa2, 0xd3, 0xda, 0xff, 
0xa2, 0xd3, 0xda, 0xff, 0xa2, 0xd3, 0xda, 0xff, 0xa2, 0xd3, 0xda, 0xff, 0xa2, 0xd3, 0xda, 0xff, 
0xa2, 0xd3, 0xda, 0xff, 0xa2, 0xd3, 0xda, 0xff, 0xa2, 0xd3, 0xda, 0xff, 0xa2, 0xd3, 0xda, 0xff, 
0xa2, 0xd3, 0xda, 0xff, 0xa2, 0xd3, 0xda, 0xff, 0xa2, 0xd3, 0xda, 0xff, 0xa2, 0xd3, 0xda, 0xff, 
0xa2, 0xd3, 0xda, 0xff, 0xa2, 0xd3, 0xda, 0xff, 0xa2, 0xd3, 0xda, 0xff, 0xa2, 0xd3, 0xda, 0xff, 
0xa2, 0xd3, 0xda, 0xff, 0xa2, 0xd3, 0xda, 0xff, 0xa2, 0xd3, 0xda, 0xff, 0xa2, 0xd3, 0xda, 0xff, 
0xa2, 0xd3, 0xda, 0xff, 0xa2, 0xd3, 0xda, 0xff, 0xa2, 0xd3, 0xda, 0xff, 0xa2, 0xd3, 0xda, 0xff, 
0xa2, 0xd3, 0xda, 0xff, 0xa2, 0xd3, 0xda, 0xff, 0xa2, 0xd3, 0xda, 0xff, 0xa2, 0xd3, 0xda, 0xff, 
0xa2, 0xd3, 0xda, 0xff, 0xa2, 0xd3, 0xda, 0xff, 0xa2, 0xd3, 0xda, 0xff, 0xa2, 0xd3, 0xda, 0xff, 
0xa2, 0xd3, 0xda, 0xff, 0xa2, 0xd3, 0xda, 0xff, 0xa2, 0xd3, 0xda, 0xff, 0xa2, 0xd3, 0xda, 0xff, 
0xa2, 0xd3, 0xda, 0xff, 0xa2, 0xd3, 0xda, 0xff, 0xa2, 0xd3, 0xda, 0xff, 0xa2, 0xd3, 0xda, 0xff, 
0xa2, 0xd3, 0xda, 0xff, 0xa2, 0xd3, 0xda, 0xff, 0xa2, 0xd3, 0xda, 0xff, 0xa2, 0xd3, 0xda, 0xff, 
0xa2, 0xd3, 0xda, 0xff, 0xa2, 0xd3, 0xda, 0xff, 0xa2, 0xd3, 0xda, 0xff, 0xa2, 0xd3, 0xda, 0xff, 
0xa2, 0xd3, 0xda, 0xff, 0xa2, 0xd3, 0xda, 0xff, 0xa2, 0xd3, 0xda, 0xff, 0xa2, 0xd3, 0xda, 0xff, 
0xa2, 0xd3, 0xda, 0xff, 0xa2, 0xd3, 0xda, 0xff, 0xa2, 0xd3, 0xda, 0xff, 0xa2, 0xd3, 0xda, 0xff, 
0xa2, 0xd3, 0xda, 0xff, 0xa2, 0xd3, 0xda, 0xff, 0xa2, 0xd3, 0xda, 0xff, 0xa2, 0xd3, 0xda, 0xff, 
0xa2, 0xd3, 0xda, 0xff, 0xa2, 0xd3, 0xda, 0xff, 0xa2, 0xd3, 0xda, 0xff, 0xa2, 0xd3, 0xda, 0xff, 
0xa2, 0xd3, 0xda, 0xff, 0xa2, 0xd3, 0xda, 0xff, 0xa2, 0xd3, 0xda, 0xff, 0xa2, 0xd3, 0xda, 0xff, 
0xa2, 0xd3, 0xda, 0xff, 0xa2, 0xd3, 0xda, 0xff, 0xa2, 0xd3, 0xda, 0xff, 0xa2, 0xd3, 0xda, 0xff, 
0xa2, 0xd3, 0xda, 0xff, 0xa2, 0xd3, 0xda, 0xff, 0xa2, 0xd3, 0xda, 0xff, 0xa2, 0xd3, 0xda, 0xff, 
0xa2, 0xd3, 0xda, 0xff, 0xa2, 0xd3, 0xda, 0xff, 0xa2, 0xd3, 0xda, 0xff, 0xa2, 0xd3, 0xda, 0xff, 
0xa2, 0xd3, 0xda, 0xff, 0xa2, 0xd3, 0xda, 0xff, 0xa2, 0xd3, 0xda, 0xff, 0xa2, 0xd3, 0xda, 0xff, 
0xa2, 0xd3, 0xda, 0xff, 0xa2, 0xd3, 0xda, 0xff, 0xa2, 0xd3, 0xda, 0xff, 0xa2, 0xd3, 0xda, 0xff, 
0xa2, 0xd3, 0xda, 0xff, 0xa2, 0xd3, 0xda, 0xff, 0xa2, 0xd3, 0xda, 0xff, 0xa2, 0xd3, 0xda, 0xff, 
0xa2, 0xd3, 0xda, 0xff, 0xa2, 0xd3, 0xda, 0xff, 0xa2, 0xd3, 0xda, 0xff, 0xa2, 0xd3, 0xda, 0xff, 
0xa1, 0xd2, 0xd9, 0xff, 0xa1, 0xd2, 0xd9, 0xff, 0xa1, 0xd2, 0xd9, 0xff, 0xa1, 0xd2, 0xd9, 0xff, 
0xa1, 0xd2, 0xd9, 0xff, 0xa1, 0xd2, 0xd9, 0xff, 0xa1, 0xd2, 0xd9, 0xff, 0xa1, 0xd2, 0xd9, 0xff, 
0xa1, 0xd2, 0xd9, 0xff, 0xa1, 0xd2, 0xd9, 0xff, 0xa1, 0xd2, 0xd9, 0xff, 0xa1, 0xd2, 0xd9, 0xff, 
0xa1, 0xd2, 0xd9, 0xff, 0xa1, 0xd2, 0xd9, 0xff, 0xa1, 0xd2, 0xd9, 0xff, 0xa1, 0xd2, 0xd9, 0xff, 
0xa1, 0xd2, 0xd9, 0xff, 0xa1, 0xd2, 0xd9, 0xff, 0xa1, 0xd2, 0xd9, 0xff, 0xa1, 0xd2, 0xd9, 0xff, 
0xa1, 0xd2, 0xd9, 0xff, 0xa1, 0xd2, 0xd9, 0xff, 0xa1, 0xd2, 0xd9, 0xff, 0xa1, 0xd2, 0xd9, 0xff, 
0xa1, 0xd2, 0xd9, 0xff, 0xa1, 0xd2, 0xd9, 0xff, 0xa1, 0xd2, 0xd9, 0xff, 0xa1, 0xd2, 0xd9, 0xff, 
0xa1, 0xd2, 0xd9, 0xff, 0xa1, 0xd2, 0xd9, 0xff, 0xa1, 0xd2, 0xd9, 0xff, 0xa1, 0xd2, 0xd9, 0xff, 
0xa1, 0xd2, 0xd9, 0xff, 0xa1, 0xd2, 0xd9, 0xff, 0xa1, 0xd2, 0xd9, 0xff, 0xa1, 0xd2, 0xd9, 0xff, 
0xa1, 0xd2, 0xd9, 0xff, 0xa1, 0xd2, 0xd9, 0xff, 0xa1, 0xd2, 0xd9, 0xff, 0xa1, 0xd2, 0xd9, 0xff, 
0xa1, 0xd2, 0xd9, 0xff, 0xa1, 0xd2, 0xd9, 0xff, 0xa1, 0xd2, 0xd9, 0xff, 0xa1, 0xd2, 0xd9, 0xff, 
0xa1, 0xd2, 0xd9, 0xff, 0xa1, 0xd2, 0xd9, 0xff, 0xa1, 0xd2, 0xd9, 0xff, 0xa1, 0xd2, 0xd9, 0xff, 
0xa1, 0xd2, 0xd9, 0xff, 0xa1, 0xd2, 0xd9, 0xff, 0xa1, 0xd2, 0xd9, 0xff, 0xa1, 0xd2, 0xd9, 0xff, 
0xa1, 0xd2, 0xd9, 0xff, 0xa1, 0xd2, 0xd9, 0xff, 0xa1, 0xd2, 0xd9, 0xff, 0xa1, 0xd2, 0xd9, 0xff, 
0xa1, 0xd2, 0xd9, 0xff, 0xa1, 0xd2, 0xd9, 0xff, 0xa1, 0xd2, 0xd9, 0xff, 0xa1, 0xd2, 0xd9, 0xff, 
0xa1, 0xd2, 0xd9, 0xff, 0xa1, 0xd2, 0xd9, 0xff, 0xa1, 0xd2, 0xd9, 0xff, 0xa1, 0xd2, 0xd9, 0xff, 
0xa1, 0xd2, 0xd9, 0xff, 0xa1, 0xd2, 0xd9, 0xff, 0xa1, 0xd2, 0xd9, 0xff, 0xa1, 0xd2, 0xd9, 0xff, 
0xa1, 0xd2, 0xd9, 0xff, 0xa1, 0xd2, 0xd9, 0xff, 0xa1, 0xd2, 0xd9, 0xff, 0xa1, 0xd2, 0xd9, 0xff, 
0xa1, 0xd2, 0xd9, 0xff, 0xa1, 0xd2, 0xd9, 0xff, 0xa1, 0xd2, 0xd9, 0xff, 0xa1, 0xd2, 0xd9, 0xff, 
0xa1, 0xd2, 0xd9, 0xff, 0xa1, 0xd2, 0xd9, 0xff, 0xa1, 0xd2, 0xd9, 0xff, 0xa1, 0xd2, 0xd9, 0xff, 
0xa1, 0xd2, 0xd9, 0xff, 0xa1, 0xd2, 0xd9, 0xff, 0xa1, 0xd2, 0xd9, 0xff, 0xa1, 0xd2, 0xd9, 0xff, 
0xa1, 0xd2, 0xd9, 0xff, 0xa1, 0xd2, 0xd9, 0xff, 0xa1, 0xd2, 0xd9, 0xff, 0xa1, 0xd2, 0xd9, 0xff, 
0xa1, 0xd2, 0xd9, 0xff, 0xa1, 0xd2, 0xd9, 0xff, 0xa1, 0xd2, 0xd9, 0xff, 0xa1, 0xd2, 0xd9, 0xff, 
0xa1, 0xd2, 0xd9, 0xff, 0xa1, 0xd2, 0xd9, 0xff, 0xa1, 0xd2, 0xd9, 0xff, 0xa1, 0xd2, 0xd9, 0xff, 
0xa1, 0xd2, 0xd9, 0xff, 0xa1, 0xd2, 0xd9, 0xff, 0xa1, 0xd2, 0xd9, 0xff, 0xa1, 0xd2, 0xd9, 0xff, 
0xa1, 0xd2, 0xd9, 0xff, 0xa1, 0xd2, 0xd9, 0xff, 0xa1, 0xd2, 0xd9, 0xff, 0xa1, 0xd2, 0xd9, 0xff, 
0xa1, 0xd2, 0xd9, 0xff, 0xa1, 0xd2, 0xd9, 0xff, 0xa1, 0xd2, 0xd9, 0xff, 0xa1, 0xd2, 0xd9, 0xff, 
0xa1, 0xd2, 0xd9, 0xff, 0xa1, 0xd2, 0xd9, 0xff, 0xa1, 0xd2, 0xd9, 0xff, 0xa1, 0xd2, 0xd9, 0xff, 
0xa1, 0xd2, 0xd9, 0xff, 0xa1, 0xd2, 0xd9, 0xff, 0xa1, 0xd2, 0xd9, 0xff, 0xa1, 0xd2, 0xd9, 0xff, 
0xa1, 0xd2, 0xd9, 0xff, 0xa1, 0xd2, 0xd9, 0xff, 0xa1, 0xd2, 0xd9, 0xff, 0xa1, 0xd2, 0xd9, 0xff, 
0xa1, 0xd2, 0xd9, 0xff, 0xa1, 0xd2, 0xd9, 0xff, 0xa1, 0xd2, 0xd9, 0xff, 0xa1, 0xd2, 0xd9, 0xff, 
0xa1, 0xd2, 0xd9, 0xff, 0xa1, 0xd2, 0xd9, 0xff, 0xa1, 0xd2, 0xd9, 0xff, 0xa1, 0xd2, 0xd9, 0xff, 
0xa1, 0xd2, 0xd9, 0xff, 0xa1, 0xd2, 0xd9, 0xff, 0xa1, 0xd2, 0xd9, 0xff, 0xa1, 0xd2, 0xd9, 0xff, 
0xa1, 0xd2, 0xd9, 0xff, 0xa1, 0xd2, 0xd9, 0xff, 0xa1, 0xd2, 0xd9, 0xff, 0xa1, 0xd2, 0xd9, 0xff, 
0xa1, 0xd2, 0xd9, 0xff, 0xa1, 0xd2, 0xd9, 0xff, 0xa1, 0xd2, 0xd9, 0xff, 0xa1, 0xd2, 0xd9, 0xff, 
0xa1, 0xd2, 0xd9, 0xff, 0xa1, 0xd2, 0xd9, 0xff, 0xa1, 0xd2, 0xd9, 0xff, 0xa1, 0xd2, 0xd9, 0xff, 
0xa1, 0xd2, 0xd9, 0xff, 0xa1, 0xd2, 0xd9, 0xff, 0xa1, 0xd2, 0xd9, 0xff, 0xa1, 0xd2, 0xd9, 0xff, 
0xa1, 0xd2, 0xd9, 0xff, 0xa1, 0xd2, 0xd9, 0xff, 0xa1, 0xd2, 0xd9, 0xff, 0xa1, 0xd2, 0xd9, 0xff, 
0xa1, 0xd2, 0xd9, 0xff, 0xa1, 0xd2, 0xd9, 0xff, 0xa1, 0xd2, 0xd9, 0xff, 0xa1, 0xd2, 0xd9, 0xff, 
0xa1, 0xd2, 0xd9, 0xff, 0xa1, 0xd2, 0xd9, 0xff, 0xa1, 0xd2, 0xd9, 0xff, 0xa1, 0xd2, 0xd9, 0xff, 
0xa1, 0xd2, 0xd9, 0xff, 0xa1, 0xd2, 0xd9, 0xff, 0xa1, 0xd2, 0xd9, 0xff, 0xa1, 0xd2, 0xd9, 0xff, 
0xa1, 0xd2, 0xd9, 0xff, 0xa1, 0xd2, 0xd9, 0xff, 0xa1, 0xd2, 0xd9, 0xff, 0xa1, 0xd2, 0xd9, 0xff, 
0xa1, 0xd2, 0xd9, 0xff, 0xa1, 0xd2, 0xd9, 0xff, 0xa1, 0xd2, 0xd9, 0xff, 0xa1, 0xd2, 0xd9, 0xff, 
0xa1, 0xd2, 0xd9, 0xff, 0xa1, 0xd2, 0xd9, 0xff, 0xa1, 0xd2, 0xd9, 0xff, 0xa1, 0xd2, 0xd9, 0xff, 
0xa1, 0xd2, 0xd9, 0xff, 0xa1, 0xd2, 0xd9, 0xff, 0xa1, 0xd2, 0xd9, 0xff, 0xa1, 0xd2, 0xd9, 0xff, 
0xa1, 0xd2, 0xd9, 0xff, 0xa1, 0xd2, 0xd9, 0xff, 0xa1, 0xd2, 0xd9, 0xff, 0xa1, 0xd2, 0xd9, 0xff, 
0xa1, 0xd2, 0xd9, 0xff, 0xa1, 0xd2, 0xd9, 0xff, 0xa1, 0xd2, 0xd9, 0xff, 0xa1, 0xd2, 0xd9, 0xff, 
0xa1, 0xd2, 0xd9, 0xff, 0xa1, 0xd2, 0xd9, 0xff, 0xa1, 0xd2, 0xd9, 0xff, 0xa1, 0xd2, 0xd9, 0xff, 
0xa1, 0xd2, 0xd9, 0xff, 0xa1, 0xd2, 0xd9, 0xff, 0xa1, 0xd2, 0xd9, 0xff, 0xa1, 0xd2, 0xd9, 0xff, 
0xa1, 0xd2, 0xd9, 0xff, 0xa1, 0xd2, 0xd9, 0xff, 0xa1, 0xd2, 0xd9, 0xff, 0xa1, 0xd2, 0xd9, 0xff, 
0xa1, 0xd2, 0xd9, 0xff, 0xa1, 0xd2, 0xd9, 0xff, 0xa1, 0xd2, 0xd9, 0xff, 0xa1, 0xd2, 0xd9, 0xff, 
0xa1, 0xd2, 0xd9, 0xff, 0xa1, 0xd2, 0xd9, 0xff, 0xa1, 0xd2, 0xd9, 0xff, 0xa1, 0xd2, 0xd9, 0xff, 
0xa1, 0xd2, 0xd9, 0xff, 0xa1, 0xd2, 0xd9, 0xff, 0xa1, 0xd2, 0xd9, 0xff, 0xa1, 0xd2, 0xd9, 0xff, 
0xa1, 0xd2, 0xd9, 0xff, 0xa1, 0xd2, 0xd9, 0xff, 0xa1, 0xd2, 0xd9, 0xff, 0xa1, 0xd2, 0xd9, 0xff, 
0xa1, 0xd2, 0xd9, 0xff, 0xa1, 0xd2, 0xd9, 0xff, 0xa1, 0xd2, 0xd9, 0xff, 0xa1, 0xd2, 0xd9, 0xff, 
0xa1, 0xd2, 0xd9, 0xff, 0xa1, 0xd2, 0xd9, 0xff, 0xa1, 0xd2, 0xd9, 0xff, 0xa1, 0xd2, 0xd9, 0xff, 
0xa1, 0xd2, 0xd9, 0xff, 0xa1, 0xd2, 0xd9, 0xff, 0xa1, 0xd2, 0xd9, 0xff, 0xa1, 0xd2, 0xd9, 0xff, 
0xa1, 0xd2, 0xd9, 0xff, 0xa1, 0xd2, 0xd9, 0xff, 0xa1, 0xd2, 0xd9, 0xff, 0xa1, 0xd2, 0xd9, 0xff, 
0xa1, 0xd2, 0xd9, 0xff, 0xa1, 0xd2, 0xd9, 0xff, 0xa1, 0xd2, 0xd9, 0xff, 0xa1, 0xd2, 0xd9, 0xff, 
0xa1, 0xd2, 0xd9, 0xff, 0xa1, 0xd2, 0xd9, 0xff, 0xa1, 0xd2, 0xd9, 0xff, 0xa1, 0xd2, 0xd9, 0xff, 
0xa1, 0xd2, 0xd9, 0xff, 0xa1, 0xd2, 0xd9, 0xff, 0xa1, 0xd2, 0xd9, 0xff, 0xa1, 0xd2, 0xd9, 0xff, 
0xa1, 0xd2, 0xd9, 0xff, 0xa1, 0xd2, 0xd9, 0xff, 0xa1, 0xd2, 0xd9, 0xff, 0xa1, 0xd2, 0xd9, 0xff, 
0xa1, 0xd2, 0xd9, 0xff, 0xa1, 0xd2, 0xd9, 0xff, 0xa1, 0xd2, 0xd9, 0xff, 0xa1, 0xd2, 0xd9, 0xff, 
0xa1, 0xd2, 0xd9, 0xff, 0xa1, 0xd2, 0xd9, 0xff, 0xa1, 0xd2, 0xd9, 0xff, 0xa1, 0xd2, 0xd9, 0xff, 
0xa1, 0xd2, 0xd9, 0xff, 0xa1, 0xd2, 0xd9, 0xff, 0xa1, 0xd2, 0xd9, 0xff, 0xa1, 0xd2, 0xd9, 0xff, 
0xa1, 0xd2, 0xd9, 0xff, 0xa1, 0xd2, 0xd9, 0xff, 0xa1, 0xd2, 0xd9, 0xff, 0xa1, 0xd2, 0xd9, 0xff, 
0xa1, 0xd2, 0xd9, 0xff, 0xa1, 0xd2, 0xd9, 0xff, 0xa1, 0xd2, 0xd9, 0xff, 0xa1, 0xd2, 0xd9, 0xff, 
0xa1, 0xd2, 0xd9, 0xff, 0xa1, 0xd2, 0xd9, 0xff, 0xa1, 0xd2, 0xd9, 0xff, 0xa1, 0xd2, 0xd9, 0xff, 
0xa1, 0xd2, 0xd9, 0xff, 0xa1, 0xd2, 0xd9, 0xff, 0xa1, 0xd2, 0xd9, 0xff, 0xa1, 0xd2, 0xd9, 0xff, 
0xa1, 0xd2, 0xd9, 0xff, 0xa1, 0xd2, 0xd9, 0xff, 0xa1, 0xd2, 0xd9, 0xff, 0xa1, 0xd2, 0xd9, 0xff, 
0xa1, 0xd2, 0xd9, 0xff, 0xa1, 0xd2, 0xd9, 0xff, 0xa1, 0xd2, 0xd9, 0xff, 0xa1, 0xd2, 0xd9, 0xff, 
0xa1, 0xd2, 0xd9, 0xff, 0xa1, 0xd2, 0xd9, 0xff, 0xa1, 0xd2, 0xd9, 0xff, 0xa1, 0xd2, 0xd9, 0xff, 
0xa1, 0xd2, 0xd9, 0xff, 0xa1, 0xd2, 0xd9, 0xff, 0xa1, 0xd2, 0xd9, 0xff, 0xa1, 0xd2, 0xd9, 0xff, 
0xa1, 0xd2, 0xd9, 0xff, 0xa1, 0xd2, 0xd9, 0xff, 0xa1, 0xd2, 0xd9, 0xff, 0xa1, 0xd2, 0xd9, 0xff, 
0xa1, 0xd2, 0xd9, 0xff, 0xa1, 0xd2, 0xd9, 0xff, 0xa1, 0xd2, 0xd9, 0xff, 0xa1, 0xd2, 0xd9, 0xff, 
0xa1, 0xd2, 0xd9, 0xff, 0xa1, 0xd2, 0xd9, 0xff, 0xa1, 0xd2, 0xd9, 0xff, 0xa1, 0xd2, 0xd9, 0xff, 
0xa1, 0xd2, 0xd9, 0xff, 0xa1, 0xd2, 0xd9, 0xff, 0xa1, 0xd2, 0xd9, 0xff, 0xa1, 0xd2, 0xd9, 0xff, 
0xa1, 0xd2, 0xd9, 0xff, 0xa1, 0xd2, 0xd9, 0xff, 0xa1, 0xd2, 0xd9, 0xff, 0xa1, 0xd2, 0xd9, 0xff, 
0xa1, 0xd2, 0xd9, 0xff, 0xa1, 0xd2, 0xd9, 0xff, 0xa1, 0xd2, 0xd9, 0xff, 0xa1, 0xd2, 0xd9, 0xff, 
0xa1, 0xd2, 0xd9, 0xff, 0xa1, 0xd2, 0xd9, 0xff, 0xa1, 0xd2, 0xd9, 0xff, 0xa1, 0xd2, 0xd9, 0xff, 
0xa1, 0xd2, 0xd9, 0xff, 0xa1, 0xd2, 0xd9, 0xff, 0xa1, 0xd2, 0xd9, 0xff, 0xa1, 0xd2, 0xd9, 0xff, 
0xa1, 0xd2, 0xd9, 0xff, 0xa1, 0xd2, 0xd9, 0xff, 0xa1, 0xd2, 0xd9, 0xff, 0xa1, 0xd2, 0xd9, 0xff, 
0xa1, 0xd2, 0xd9, 0xff, 0xa1, 0xd2, 0xd9, 0xff, 0xa1, 0xd2, 0xd9, 0xff, 0xa1, 0xd2, 0xd9, 0xff, 
0xa1, 0xd2, 0xd9, 0xff, 0xa1, 0xd2, 0xd9, 0xff, 0xa1, 0xd2, 0xd9, 0xff, 0xa1, 0xd2, 0xd9, 0xff, 
0xa1, 0xd2, 0xd9, 0xff, 0xa1, 0xd2, 0xd9, 0xff, 0xa1, 0xd2, 0xd9, 0xff, 0xa1, 0xd2, 0xd9, 0xff, 
0xa1, 0xd2, 0xd9, 0xff, 0xa1, 0xd2, 0xd9, 0xff, 0xa1, 0xd2, 0xd9, 0xff, 0xa1, 0xd2, 0xd9, 0xff, 
0xa1, 0xd2, 0xd9, 0xff, 0xa1, 0xd2, 0xd9, 0xff, 0xa1, 0xd2, 0xd9, 0xff, 0xa1, 0xd2, 0xd9, 0xff, 
0xa1, 0xd2, 0xd9, 0xff, 0xa1, 0xd2, 0xd9, 0xff, 0xa1, 0xd2, 0xd9, 0xff, 0xa1, 0xd2, 0xd9, 0xff, 
0xa1, 0xd2, 0xd9, 0xff, 0xa1, 0xd2, 0xd9, 0xff, 0xa1, 0xd2, 0xd9, 0xff, 0xa1, 0xd2, 0xd9, 0xff, 
0xa1, 0xd2, 0xd9, 0xff, 0xa1, 0xd2, 0xd9, 0xff, 0xa1, 0xd2, 0xd9, 0xff, 0xa1, 0xd2, 0xd9, 0xff, 
0xa1, 0xd2, 0xd9, 0xff, 0xa1, 0xd2, 0xd9, 0xff, 0xa1, 0xd2, 0xd9, 0xff, 0xa1, 0xd2, 0xd9, 0xff, 
0xa1, 0xd2, 0xd9, 0xff, 0xa1, 0xd2, 0xd9, 0xff, 0xa1, 0xd2, 0xd9, 0xff, 0xa1, 0xd2, 0xd9, 0xff, 
0xa1, 0xd2, 0xd9, 0xff, 0xa1, 0xd2, 0xd9, 0xff, 0xa1, 0xd2, 0xd9, 0xff, 0xa1, 0xd2, 0xd9, 0xff, 
0xa1, 0xd2, 0xd9, 0xff, 0xa1, 0xd2, 0xd9, 0xff, 0xa1, 0xd2, 0xd9, 0xff, 0xa1, 0xd2, 0xd9, 0xff, 
0xa1, 0xd2, 0xd9, 0xff, 0xa1, 0xd2, 0xd9, 0xff, 0xa1, 0xd2, 0xd9, 0xff, 0xa1, 0xd2, 0xd9, 0xff, 
0xa1, 0xd2, 0xd9, 0xff, 0xa1, 0xd2, 0xd9, 0xff, 0xa1, 0xd2, 0xd9, 0xff, 0xa1, 0xd2, 0xd9, 0xff, 
0xa1, 0xd2, 0xd9, 0xff, 0xa1, 0xd2, 0xd9, 0xff, 0xa1, 0xd2, 0xd9, 0xff, 0xa1, 0xd2, 0xd9, 0xff, 
0xa1, 0xd2, 0xd9, 0xff, 0xa1, 0xd2, 0xd9, 0xff, 0xa1, 0xd2, 0xd9, 0xff, 0xa1, 0xd2, 0xd9, 0xff, 
0xa1, 0xd2, 0xd9, 0xff, 0xa1, 0xd2, 0xd9, 0xff, 0xa1, 0xd2, 0xd9, 0xff, 0xa1, 0xd2, 0xd9, 0xff, 
0xa1, 0xd2, 0xd9, 0xff, 0xa1, 0xd2, 0xd9, 0xff, 0xa1, 0xd2, 0xd9, 0xff, 0xa1, 0xd2, 0xd9, 0xff, 
0xa1, 0xd2, 0xd9, 0xff, 0xa1, 0xd2, 0xd9, 0xff, 0xa1, 0xd2, 0xd9, 0xff, 0xa1, 0xd2, 0xd9, 0xff, 
0xa1, 0xd2, 0xd9, 0xff, 0xa1, 0xd2, 0xd9, 0xff, 0xa1, 0xd2, 0xd9, 0xff, 0xa1, 0xd2, 0xd9, 0xff, 
0xa1, 0xd2, 0xd9, 0xff, 0xa1, 0xd2, 0xd9, 0xff, 0xa1, 0xd2, 0xd9, 0xff, 0xa1, 0xd2, 0xd9, 0xff, 
0xa1, 0xd2, 0xd9, 0xff, 0xa1, 0xd2, 0xd9, 0xff, 0xa1, 0xd2, 0xd9, 0xff, 0xa1, 0xd2, 0xd9, 0xff, 
0xa1, 0xd2, 0xd9, 0xff, 0xa1, 0xd2, 0xd9, 0xff, 0xa1, 0xd2, 0xd9, 0xff, 0xa1, 0xd2, 0xd9, 0xff, 
0xa1, 0xd2, 0xd9, 0xff, 0xa1, 0xd2, 0xd9, 0xff, 0xa1, 0xd2, 0xd9, 0xff, 0xa1, 0xd2, 0xd9, 0xff, 
0xa1, 0xd2, 0xd9, 0xff, 0xa1, 0xd2, 0xd9, 0xff, 0xa1, 0xd2, 0xd9, 0xff, 0xa1, 0xd2, 0xd9, 0xff, 
0xa1, 0xd2, 0xd9, 0xff, 0xa1, 0xd2, 0xd9, 0xff, 0xa1, 0xd2, 0xd9, 0xff, 0xa1, 0xd2, 0xd9, 0xff, 
0xa1, 0xd2, 0xd9, 0xff, 0xa1, 0xd2, 0xd9, 0xff, 0xa1, 0xd2, 0xd9, 0xff, 0xa1, 0xd2, 0xd9, 0xff, 
0xa1, 0xd2, 0xd9, 0xff, 0xa1, 0xd2, 0xd9, 0xff, 0xa1, 0xd2, 0xd9, 0xff, 0xa1, 0xd2, 0xd9, 0xff, 
0xa1, 0xd2, 0xd9, 0xff, 0xa1, 0xd2, 0xd9, 0xff, 0xa1, 0xd2, 0xd9, 0xff, 0xa1, 0xd2, 0xd9, 0xff, 
0xa1, 0xd2, 0xd9, 0xff, 0xa1, 0xd2, 0xd9, 0xff, 0xa1, 0xd2, 0xd9, 0xff, 0xa1, 0xd2, 0xd9, 0xff, 
0xa1, 0xd2, 0xd9, 0xff, 0xa1, 0xd2, 0xd9, 0xff, 0xa1, 0xd2, 0xd9, 0xff, 0xa1, 0xd2, 0xd9, 0xff, 
0xa1, 0xd2, 0xd9, 0xff, 0xa1, 0xd2, 0xd9, 0xff, 0xa1, 0xd2, 0xd9, 0xff, 0xa1, 0xd2, 0xd9, 0xff, 
0xa1, 0xd2, 0xd9, 0xff, 0xa1, 0xd2, 0xd9, 0xff, 0xa1, 0xd2, 0xd9, 0xff, 0xa1, 0xd2, 0xd9, 0xff, 
0xa1, 0xd2, 0xd9, 0xff, 0xa1, 0xd2, 0xd9, 0xff, 0xa1, 0xd2, 0xd9, 0xff, 0xa1, 0xd2, 0xd9, 0xff, 
0xa1, 0xd2, 0xd9, 0xff, 0xa1, 0xd2, 0xd9, 0xff, 0xa1, 0xd2, 0xd9, 0xff, 0xa1, 0xd2, 0xd9, 0xff, 
0xa1, 0xd2, 0xd9, 0xff, 0xa1, 0xd2, 0xd9, 0xff, 0xa1, 0xd2, 0xd9, 0xff, 0xa1, 0xd2, 0xd9, 0xff, 
0xa1, 0xd2, 0xd9, 0xff, 0xa1, 0xd2, 0xd9, 0xff, 0xa1, 0xd2, 0xd9, 0xff, 0xa1, 0xd2, 0xd9, 0xff, 
0xa1, 0xd2, 0xd9, 0xff, 0xa1, 0xd2, 0xd9, 0xff, 0xa1, 0xd2, 0xd9, 0xff, 0xa1, 0xd2, 0xd9, 0xff, 
0xa1, 0xd2, 0xd9, 0xff, 0xa1, 0xd2, 0xd9, 0xff, 0xa1, 0xd2, 0xd9, 0xff, 0xa1, 0xd2, 0xd9, 0xff, 
0xa1, 0xd2, 0xd9, 0xff, 0xa1, 0xd2, 0xd9, 0xff, 0xa1, 0xd2, 0xd9, 0xff, 0xa1, 0xd2, 0xd9, 0xff, 
0xa1, 0xd2, 0xd9, 0xff, 0xa1, 0xd2, 0xd9, 0xff, 0xa1, 0xd2, 0xd9, 0xff, 0xa1, 0xd2, 0xd9, 0xff, 
0xa1, 0xd2, 0xd9, 0xff, 0xa1, 0xd2, 0xd9, 0xff, 0xa1, 0xd2, 0xd9, 0xff, 0xa1, 0xd2, 0xd9, 0xff, 
0xa1, 0xd2, 0xd9, 0xff, 0xa1, 0xd2, 0xd9, 0xff, 0xa1, 0xd2, 0xd9, 0xff, 0xa1, 0xd2, 0xd9, 0xff, 
0xa1, 0xd2, 0xd9, 0xff, 0xa1, 0xd2, 0xd9, 0xff, 0xa1, 0xd2, 0xd9, 0xff, 0xa1, 0xd2, 0xd9, 0xff, 
0xa1, 0xd2, 0xd9, 0xff, 0xa1, 0xd2, 0xd9, 0xff, 0xa1, 0xd2, 0xd9, 0xff, 0xa1, 0xd2, 0xd9, 0xff, 
0xa1, 0xd2, 0xd9, 0xff, 0xa1, 0xd2, 0xd9, 0xff, 0xa1, 0xd2, 0xd9, 0xff, 0xa1, 0xd2, 0xd9, 0xff, 
0xa1, 0xd1, 0xd9, 0xff, 0xa1, 0xd1, 0xd9, 0xff, 0xa1, 0xd1, 0xd9, 0xff, 0xa1, 0xd1, 0xd9, 0xff, 
0xa1, 0xd1, 0xd9, 0xff, 0xa1, 0xd1, 0xd9, 0xff, 0xa1, 0xd1, 0xd9, 0xff, 0xa1, 0xd1, 0xd9, 0xff, 
0xa1, 0xd1, 0xd9, 0xff, 0xa1, 0xd1, 0xd9, 0xff, 0xa1, 0xd1, 0xd9, 0xff, 0xa1, 0xd1, 0xd9, 0xff, 
0xa1, 0xd1, 0xd9, 0xff, 0xa1, 0xd1, 0xd9, 0xff, 0xa1, 0xd1, 0xd9, 0xff, 0xa1, 0xd1, 0xd9, 0xff, 
0xa1, 0xd1, 0xd9, 0xff, 0xa1, 0xd1, 0xd9, 0xff, 0xa1, 0xd1, 0xd9, 0xff, 0xa1, 0xd1, 0xd9, 0xff, 
0xa1, 0xd1, 0xd9, 0xff, 0xa1, 0xd1, 0xd9, 0xff, 0xa1, 0xd1, 0xd9, 0xff, 0xa1, 0xd1, 0xd9, 0xff, 
0xa1, 0xd1, 0xd9, 0xff, 0xa1, 0xd1, 0xd9, 0xff, 0xa1, 0xd1, 0xd9, 0xff, 0xa1, 0xd1, 0xd9, 0xff, 
0xa1, 0xd1, 0xd9, 0xff, 0xa1, 0xd1, 0xd9, 0xff, 0xa1, 0xd1, 0xd9, 0xff, 0xa1, 0xd1, 0xd9, 0xff, 
0xa1, 0xd1, 0xd9, 0xff, 0xa1, 0xd1, 0xd9, 0xff, 0xa1, 0xd1, 0xd9, 0xff, 0xa1, 0xd1, 0xd9, 0xff, 
0xa1, 0xd1, 0xd9, 0xff, 0xa1, 0xd1, 0xd9, 0xff, 0xa1, 0xd1, 0xd9, 0xff, 0xa1, 0xd1, 0xd9, 0xff, 
0xa1, 0xd1, 0xd9, 0xff, 0xa1, 0xd1, 0xd9, 0xff, 0xa1, 0xd1, 0xd9, 0xff, 0xa1, 0xd1, 0xd9, 0xff, 
0xa1, 0xd1, 0xd9, 0xff, 0xa1, 0xd1, 0xd9, 0xff, 0xa1, 0xd1, 0xd9, 0xff, 0xa1, 0xd1, 0xd9, 0xff, 
0xa1, 0xd1, 0xd9, 0xff, 0xa1, 0xd1, 0xd9, 0xff, 0xa1, 0xd1, 0xd9, 0xff, 0xa1, 0xd1, 0xd9, 0xff, 
0xa1, 0xd1, 0xd9, 0xff, 0xa1, 0xd1, 0xd9, 0xff, 0xa1, 0xd1, 0xd9, 0xff, 0xa1, 0xd1, 0xd9, 0xff, 
0xa1, 0xd1, 0xd9, 0xff, 0xa1, 0xd1, 0xd9, 0xff, 0xa1, 0xd1, 0xd9, 0xff, 0xa1, 0xd1, 0xd9, 0xff, 
0xa1, 0xd1, 0xd9, 0xff, 0xa1, 0xd1, 0xd9, 0xff, 0xa1, 0xd1, 0xd9, 0xff, 0xa1, 0xd1, 0xd9, 0xff, 
0xa1, 0xd1, 0xd9, 0xff, 0xa1, 0xd1, 0xd9, 0xff, 0xa1, 0xd1, 0xd9, 0xff, 0xa1, 0xd1, 0xd9, 0xff, 
0xa1, 0xd1, 0xd9, 0xff, 0xa1, 0xd1, 0xd9, 0xff, 0xa1, 0xd1, 0xd9, 0xff, 0xa1, 0xd1, 0xd9, 0xff, 
0xa1, 0xd1, 0xd9, 0xff, 0xa1, 0xd1, 0xd9, 0xff, 0xa1, 0xd1, 0xd9, 0xff, 0xa1, 0xd1, 0xd9, 0xff, 
0xa1, 0xd1, 0xd9, 0xff, 0xa1, 0xd1, 0xd9, 0xff, 0xa1, 0xd1, 0xd9, 0xff, 0xa1, 0xd1, 0xd9, 0xff, 
0xa1, 0xd1, 0xd9, 0xff, 0xa1, 0xd1, 0xd9, 0xff, 0xa1, 0xd1, 0xd9, 0xff, 0xa1, 0xd1, 0xd9, 0xff, 
0xa1, 0xd1, 0xd9, 0xff, 0xa1, 0xd1, 0xd9, 0xff, 0xa1, 0xd1, 0xd9, 0xff, 0xa1, 0xd1, 0xd9, 0xff, 
0xa1, 0xd1, 0xd9, 0xff, 0xa1, 0xd1, 0xd9, 0xff, 0xa1, 0xd1, 0xd9, 0xff, 0xa1, 0xd1, 0xd9, 0xff, 
0xa1, 0xd1, 0xd9, 0xff, 0xa1, 0xd1, 0xd9, 0xff, 0xa1, 0xd1, 0xd9, 0xff, 0xa1, 0xd1, 0xd9, 0xff, 
0xa1, 0xd1, 0xd9, 0xff, 0xa1, 0xd1, 0xd9, 0xff, 0xa1, 0xd1, 0xd9, 0xff, 0xa1, 0xd1, 0xd9, 0xff, 
0xa1, 0xd1, 0xd9, 0xff, 0xa1, 0xd1, 0xd9, 0xff, 0xa1, 0xd1, 0xd9, 0xff, 0xa1, 0xd1, 0xd9, 0xff, 
0xa1, 0xd1, 0xd9, 0xff, 0xa1, 0xd1, 0xd9, 0xff, 0xa1, 0xd1, 0xd9, 0xff, 0xa1, 0xd1, 0xd9, 0xff, 
0xa1, 0xd1, 0xd9, 0xff, 0xa1, 0xd1, 0xd9, 0xff, 0xa1, 0xd1, 0xd9, 0xff, 0xa1, 0xd1, 0xd9, 0xff, 
0xa1, 0xd1, 0xd9, 0xff, 0xa1, 0xd1, 0xd9, 0xff, 0xa1, 0xd1, 0xd9, 0xff, 0xa1, 0xd1, 0xd9, 0xff, 
0xa1, 0xd1, 0xd9, 0xff, 0xa1, 0xd1, 0xd9, 0xff, 0xa1, 0xd1, 0xd9, 0xff, 0xa1, 0xd1, 0xd9, 0xff, 
0xa1, 0xd1, 0xd9, 0xff, 0xa1, 0xd1, 0xd9, 0xff, 0xa1, 0xd1, 0xd9, 0xff, 0xa1, 0xd1, 0xd9, 0xff, 
0xa1, 0xd1, 0xd9, 0xff, 0xa1, 0xd1, 0xd9, 0xff, 0xa1, 0xd1, 0xd9, 0xff, 0xa1, 0xd1, 0xd9, 0xff, 
0xa1, 0xd1, 0xd9, 0xff, 0xa1, 0xd1, 0xd9, 0xff, 0xa1, 0xd1, 0xd9, 0xff, 0xa1, 0xd1, 0xd9, 0xff, 
0xa1, 0xd1, 0xd9, 0xff, 0xa1, 0xd1, 0xd9, 0xff, 0xa1, 0xd1, 0xd9, 0xff, 0xa1, 0xd1, 0xd9, 0xff, 
0xa1, 0xd1, 0xd9, 0xff, 0xa1, 0xd1, 0xd9, 0xff, 0xa1, 0xd1, 0xd9, 0xff, 0xa1, 0xd1, 0xd9, 0xff, 
0xa1, 0xd1, 0xd9, 0xff, 0xa1, 0xd1, 0xd9, 0xff, 0xa1, 0xd1, 0xd9, 0xff, 0xa1, 0xd1, 0xd9, 0xff, 
0xa1, 0xd1, 0xd9, 0xff, 0xa1, 0xd1, 0xd9, 0xff, 0xa1, 0xd1, 0xd9, 0xff, 0xa1, 0xd1, 0xd9, 0xff, 
0xa1, 0xd1, 0xd9, 0xff, 0xa1, 0xd1, 0xd9, 0xff, 0xa1, 0xd1, 0xd9, 0xff, 0xa1, 0xd1, 0xd9, 0xff, 
0xa1, 0xd1, 0xd9, 0xff, 0xa1, 0xd1, 0xd9, 0xff, 0xa1, 0xd1, 0xd9, 0xff, 0xa1, 0xd1, 0xd9, 0xff, 
0xa1, 0xd1, 0xd9, 0xff, 0xa1, 0xd1, 0xd9, 0xff, 0xa1, 0xd1, 0xd9, 0xff, 0xa1, 0xd1, 0xd9, 0xff, 
0xa1, 0xd1, 0xd9, 0xff, 0xa1, 0xd1, 0xd9, 0xff, 0xa1, 0xd1, 0xd9, 0xff, 0xa1, 0xd1, 0xd9, 0xff, 
0xa1, 0xd1, 0xd9, 0xff, 0xa1, 0xd1, 0xd9, 0xff, 0xa1, 0xd1, 0xd9, 0xff, 0xa1, 0xd1, 0xd9, 0xff, 
0xa1, 0xd1, 0xd9, 0xff, 0xa1, 0xd1, 0xd9, 0xff, 0xa1, 0xd1, 0xd9, 0xff, 0xa1, 0xd1, 0xd9, 0xff, 
0xa1, 0xd1, 0xd9, 0xff, 0xa1, 0xd1, 0xd9, 0xff, 0xa1, 0xd1, 0xd9, 0xff, 0xa1, 0xd1, 0xd9, 0xff, 
0xa1, 0xd1, 0xd9, 0xff, 0xa1, 0xd1, 0xd9, 0xff, 0xa1, 0xd1, 0xd9, 0xff, 0xa1, 0xd1, 0xd9, 0xff, 
0xa1, 0xd1, 0xd9, 0xff, 0xa1, 0xd1, 0xd9, 0xff, 0xa1, 0xd1, 0xd9, 0xff, 0xa1, 0xd1, 0xd9, 0xff, 
0xa1, 0xd1, 0xd9, 0xff, 0xa1, 0xd1, 0xd9, 0xff, 0xa1, 0xd1, 0xd9, 0xff, 0xa1, 0xd1, 0xd9, 0xff, 
0xa1, 0xd1, 0xd9, 0xff, 0xa1, 0xd1, 0xd9, 0xff, 0xa1, 0xd1, 0xd9, 0xff, 0xa1, 0xd1, 0xd9, 0xff, 
0xa1, 0xd1, 0xd9, 0xff, 0xa1, 0xd1, 0xd9, 0xff, 0xa1, 0xd1, 0xd9, 0xff, 0xa1, 0xd1, 0xd9, 0xff, 
0xa1, 0xd1, 0xd9, 0xff, 0xa1, 0xd1, 0xd9, 0xff, 0xa1, 0xd1, 0xd9, 0xff, 0xa1, 0xd1, 0xd9, 0xff, 
0xa1, 0xd1, 0xd9, 0xff, 0xa1, 0xd1, 0xd9, 0xff, 0xa1, 0xd1, 0xd9, 0xff, 0xa1, 0xd1, 0xd9, 0xff, 
0xa1, 0xd1, 0xd9, 0xff, 0xa1, 0xd1, 0xd9, 0xff, 0xa1, 0xd1, 0xd9, 0xff, 0xa1, 0xd1, 0xd9, 0xff, 
0xa1, 0xd1, 0xd9, 0xff, 0xa1, 0xd1, 0xd9, 0xff, 0xa1, 0xd1, 0xd9, 0xff, 0xa1, 0xd1, 0xd9, 0xff, 
0xa1, 0xd1, 0xd9, 0xff, 0xa1, 0xd1, 0xd9, 0xff, 0xa1, 0xd1, 0xd9, 0xff, 0xa1, 0xd1, 0xd9, 0xff, 
0xa1, 0xd1, 0xd9, 0xff, 0xa1, 0xd1, 0xd9, 0xff, 0xa1, 0xd1, 0xd9, 0xff, 0xa1, 0xd1, 0xd9, 0xff, 
0xa1, 0xd1, 0xd9, 0xff, 0xa1, 0xd1, 0xd9, 0xff, 0xa1, 0xd1, 0xd9, 0xff, 0xa1, 0xd1, 0xd9, 0xff, 
0xa1, 0xd1, 0xd9, 0xff, 0xa1, 0xd1, 0xd9, 0xff, 0xa1, 0xd1, 0xd9, 0xff, 0xa1, 0xd1, 0xd9, 0xff, 
0xa1, 0xd1, 0xd9, 0xff, 0xa1, 0xd1, 0xd9, 0xff, 0xa1, 0xd1, 0xd9, 0xff, 0xa1, 0xd1, 0xd9, 0xff, 
0xa1, 0xd1, 0xd9, 0xff, 0xa1, 0xd1, 0xd9, 0xff, 0xa1, 0xd1, 0xd9, 0xff, 0xa1, 0xd1, 0xd9, 0xff, 
0xa1, 0xd1, 0xd9, 0xff, 0xa1, 0xd1, 0xd9, 0xff, 0xa1, 0xd1, 0xd9, 0xff, 0xa1, 0xd1, 0xd9, 0xff, 
0xa1, 0xd1, 0xd9, 0xff, 0xa1, 0xd1, 0xd9, 0xff, 0xa1, 0xd1, 0xd9, 0xff, 0xa1, 0xd1, 0xd9, 0xff, 
0xa1, 0xd1, 0xd9, 0xff, 0xa1, 0xd1, 0xd9, 0xff, 0xa1, 0xd1, 0xd9, 0xff, 0xa1, 0xd1, 0xd9, 0xff, 
0xa1, 0xd1, 0xd9, 0xff, 0xa1, 0xd1, 0xd9, 0xff, 0xa1, 0xd1, 0xd9, 0xff, 0xa1, 0xd1, 0xd9, 0xff, 
0xa1, 0xd1, 0xd9, 0xff, 0xa1, 0xd1, 0xd9, 0xff, 0xa1, 0xd1, 0xd9, 0xff, 0xa1, 0xd1, 0xd9, 0xff, 
0xa0, 0xd0, 0xd8, 0xff, 0xa0, 0xd0, 0xd8, 0xff, 0xa0, 0xd0, 0xd8, 0xff, 0xa0, 0xd0, 0xd8, 0xff, 
0xa0, 0xd0, 0xd8, 0xff, 0xa0, 0xd0, 0xd8, 0xff, 0xa0, 0xd0, 0xd8, 0xff, 0xa0, 0xd0, 0xd8, 0xff, 
0xa0, 0xd0, 0xd8, 0xff, 0xa0, 0xd0, 0xd8, 0xff, 0xa0, 0xd0, 0xd8, 0xff, 0xa0, 0xd0, 0xd8, 0xff, 
0xa0, 0xd0, 0xd8, 0xff, 0xa0, 0xd0, 0xd8, 0xff, 0xa0, 0xd0, 0xd8, 0xff, 0xa0, 0xd0, 0xd8, 0xff, 
0xa0, 0xd0, 0xd8, 0xff, 0xa0, 0xd0, 0xd8, 0xff, 0xa0, 0xd0, 0xd8, 0xff, 0xa0, 0xd0, 0xd8, 0xff, 
0xa0, 0xd0, 0xd8, 0xff, 0xa0, 0xd0, 0xd8, 0xff, 0xa0, 0xd0, 0xd8, 0xff, 0xa0, 0xd0, 0xd8, 0xff, 
0xa0, 0xd0, 0xd8, 0xff, 0xa0, 0xd0, 0xd8, 0xff, 0xa0, 0xd0, 0xd8, 0xff, 0xa0, 0xd0, 0xd8, 0xff, 
0xa0, 0xd0, 0xd8, 0xff, 0xa0, 0xd0, 0xd8, 0xff, 0xa0, 0xd0, 0xd8, 0xff, 0xa0, 0xd0, 0xd8, 0xff, 
0xa0, 0xd0, 0xd8, 0xff, 0xa0, 0xd0, 0xd8, 0xff, 0xa0, 0xd0, 0xd8, 0xff, 0xa0, 0xd0, 0xd8, 0xff, 
0xa0, 0xd0, 0xd8, 0xff, 0xa0, 0xd0, 0xd8, 0xff, 0xa0, 0xd0, 0xd8, 0xff, 0xa0, 0xd0, 0xd8, 0xff, 
0xa0, 0xd0, 0xd8, 0xff, 0xa0, 0xd0, 0xd8, 0xff, 0xa0, 0xd0, 0xd8, 0xff, 0xa0, 0xd0, 0xd8, 0xff, 
0xa0, 0xd0, 0xd8, 0xff, 0xa0, 0xd0, 0xd8, 0xff, 0xa0, 0xd0, 0xd8, 0xff, 0xa0, 0xd0, 0xd8, 0xff, 
0xa0, 0xd0, 0xd8, 0xff, 0xa0, 0xd0, 0xd8, 0xff, 0xa0, 0xd0, 0xd8, 0xff, 0xa0, 0xd0, 0xd8, 0xff, 
0xa0, 0xd0, 0xd8, 0xff, 0xa0, 0xd0, 0xd8, 0xff, 0xa0, 0xd0, 0xd8, 0xff, 0xa0, 0xd0, 0xd8, 0xff, 
0xa0, 0xd0, 0xd8, 0xff, 0xa0, 0xd0, 0xd8, 0xff, 0xa0, 0xd0, 0xd8, 0xff, 0xa0, 0xd0, 0xd8, 0xff, 
0xa0, 0xd0, 0xd8, 0xff, 0xa0, 0xd0, 0xd8, 0xff, 0xa0, 0xd0, 0xd8, 0xff, 0xa0, 0xd0, 0xd8, 0xff, 
0xa0, 0xd0, 0xd8, 0xff, 0xa0, 0xd0, 0xd8, 0xff, 0xa0, 0xd0, 0xd8, 0xff, 0xa0, 0xd0, 0xd8, 0xff, 
0xa0, 0xd0, 0xd8, 0xff, 0xa0, 0xd0, 0xd8, 0xff, 0xa0, 0xd0, 0xd8, 0xff, 0xa0, 0xd0, 0xd8, 0xff, 
0xa0, 0xd0, 0xd8, 0xff, 0xa0, 0xd0, 0xd8, 0xff, 0xa0, 0xd0, 0xd8, 0xff, 0xa0, 0xd0, 0xd8, 0xff, 
0xa0, 0xd0, 0xd8, 0xff, 0xa0, 0xd0, 0xd8, 0xff, 0xa0, 0xd0, 0xd8, 0xff, 0xa0, 0xd0, 0xd8, 0xff, 
0xa0, 0xd0, 0xd8, 0xff, 0xa0, 0xd0, 0xd8, 0xff, 0xa0, 0xd0, 0xd8, 0xff, 0xa0, 0xd0, 0xd8, 0xff, 
0xa0, 0xd0, 0xd8, 0xff, 0xa0, 0xd0, 0xd8, 0xff, 0xa0, 0xd0, 0xd8, 0xff, 0xa0, 0xd0, 0xd8, 0xff, 
0xa0, 0xd0, 0xd8, 0xff, 0xa0, 0xd0, 0xd8, 0xff, 0xa0, 0xd0, 0xd8, 0xff, 0xa0, 0xd0, 0xd8, 0xff, 
0xa0, 0xd0, 0xd8, 0xff, 0xa0, 0xd0, 0xd8, 0xff, 0xa0, 0xd0, 0xd8, 0xff, 0xa0, 0xd0, 0xd8, 0xff, 
0xa0, 0xd0, 0xd8, 0xff, 0xa0, 0xd0, 0xd8, 0xff, 0xa0, 0xd0, 0xd8, 0xff, 0xa0, 0xd0, 0xd8, 0xff, 
0xa0, 0xd0, 0xd8, 0xff, 0xa0, 0xd0, 0xd8, 0xff, 0xa0, 0xd0, 0xd8, 0xff, 0xa0, 0xd0, 0xd8, 0xff, 
0xa0, 0xd0, 0xd8, 0xff, 0xa0, 0xd0, 0xd8, 0xff, 0xa0, 0xd0, 0xd8, 0xff, 0xa0, 0xd0, 0xd8, 0xff, 
0xa0, 0xd0, 0xd8, 0xff, 0xa0, 0xd0, 0xd8, 0xff, 0xa0, 0xd0, 0xd8, 0xff, 0xa0, 0xd0, 0xd8, 0xff, 
0xa0, 0xd0, 0xd8, 0xff, 0xa0, 0xd0, 0xd8, 0xff, 0xa0, 0xd0, 0xd8, 0xff, 0xa0, 0xd0, 0xd8, 0xff, 
0xa0, 0xd0, 0xd8, 0xff, 0xa0, 0xd0, 0xd8, 0xff, 0xa0, 0xd0, 0xd8, 0xff, 0xa0, 0xd0, 0xd8, 0xff, 
0xa0, 0xd0, 0xd8, 0xff, 0xa0, 0xd0, 0xd8, 0xff, 0xa0, 0xd0, 0xd8, 0xff, 0xa0, 0xd0, 0xd8, 0xff, 
0xa0, 0xd0, 0xd8, 0xff, 0xa0, 0xd0, 0xd8, 0xff, 0xa0, 0xd0, 0xd8, 0xff, 0xa0, 0xd0, 0xd8, 0xff, 
0xa0, 0xd0, 0xd8, 0xff, 0xa0, 0xd0, 0xd8, 0xff, 0xa0, 0xd0, 0xd8, 0xff, 0xa0, 0xd0, 0xd8, 0xff, 
0xa0, 0xd0, 0xd8, 0xff, 0xa0, 0xd0, 0xd8, 0xff, 0xa0, 0xd0, 0xd8, 0xff, 0xa0, 0xd0, 0xd8, 0xff, 
0xa0, 0xd0, 0xd8, 0xff, 0xa0, 0xd0, 0xd8, 0xff, 0xa0, 0xd0, 0xd8, 0xff, 0xa0, 0xd0, 0xd8, 0xff, 
0xa0, 0xd0, 0xd8, 0xff, 0xa0, 0xd0, 0xd8, 0xff, 0xa0, 0xd0, 0xd8, 0xff, 0xa0, 0xd0, 0xd8, 0xff, 
0xa0, 0xd0, 0xd8, 0xff, 0xa0, 0xd0, 0xd8, 0xff, 0xa0, 0xd0, 0xd8, 0xff, 0xa0, 0xd0, 0xd8, 0xff, 
0xa0, 0xd0, 0xd8, 0xff, 0xa0, 0xd0, 0xd8, 0xff, 0xa0, 0xd0, 0xd8, 0xff, 0xa0, 0xd0, 0xd8, 0xff, 
0xa0, 0xd0, 0xd8, 0xff, 0xa0, 0xd0, 0xd8, 0xff, 0xa0, 0xd0, 0xd8, 0xff, 0xa0, 0xd0, 0xd8, 0xff, 
0xa0, 0xd0, 0xd8, 0xff, 0xa0, 0xd0, 0xd8, 0xff, 0xa0, 0xd0, 0xd8, 0xff, 0xa0, 0xd0, 0xd8, 0xff, 
0xa0, 0xd0, 0xd8, 0xff, 0xa0, 0xd0, 0xd8, 0xff, 0xa0, 0xd0, 0xd8, 0xff, 0xa0, 0xd0, 0xd8, 0xff, 
0xa0, 0xd0, 0xd8, 0xff, 0xa0, 0xd0, 0xd8, 0xff, 0xa0, 0xd0, 0xd8, 0xff, 0xa0, 0xd0, 0xd8, 0xff, 
0xa0, 0xd0, 0xd8, 0xff, 0xa0, 0xd0, 0xd8, 0xff, 0xa0, 0xd0, 0xd8, 0xff, 0xa0, 0xd0, 0xd8, 0xff, 
0xa0, 0xd0, 0xd8, 0xff, 0xa0, 0xd0, 0xd8, 0xff, 0xa0, 0xd0, 0xd8, 0xff, 0xa0, 0xd0, 0xd8, 0xff, 
0xa0, 0xd0, 0xd8, 0xff, 0xa0, 0xd0, 0xd8, 0xff, 0xa0, 0xd0, 0xd8, 0xff, 0xa0, 0xd0, 0xd8, 0xff, 
0xa0, 0xd0, 0xd8, 0xff, 0xa0, 0xd0, 0xd8, 0xff, 0xa0, 0xd0, 0xd8, 0xff, 0xa0, 0xd0, 0xd8, 0xff, 
0xa0, 0xd0, 0xd8, 0xff, 0xa0, 0xd0, 0xd8, 0xff, 0xa0, 0xd0, 0xd8, 0xff, 0xa0, 0xd0, 0xd8, 0xff, 
0xa0, 0xd0, 0xd8, 0xff, 0xa0, 0xd0, 0xd8, 0xff, 0xa0, 0xd0, 0xd8, 0xff, 0xa0, 0xd0, 0xd8, 0xff, 
0xa0, 0xd0, 0xd8, 0xff, 0xa0, 0xd0, 0xd8, 0xff, 0xa0, 0xd0, 0xd8, 0xff, 0xa0, 0xd0, 0xd8, 0xff, 
0xa0, 0xd0, 0xd8, 0xff, 0xa0, 0xd0, 0xd8, 0xff, 0xa0, 0xd0, 0xd8, 0xff, 0xa0, 0xd0, 0xd8, 0xff, 
0xa0, 0xd0, 0xd8, 0xff, 0xa0, 0xd0, 0xd8, 0xff, 0xa0, 0xd0, 0xd8, 0xff, 0xa0, 0xd0, 0xd8, 0xff, 
0xa0, 0xd0, 0xd8, 0xff, 0xa0, 0xd0, 0xd8, 0xff, 0xa0, 0xd0, 0xd8, 0xff, 0xa0, 0xd0, 0xd8, 0xff, 
0xa0, 0xd0, 0xd8, 0xff, 0xa0, 0xd0, 0xd8, 0xff, 0xa0, 0xd0, 0xd8, 0xff, 0xa0, 0xd0, 0xd8, 0xff, 
0xa0, 0xd0, 0xd8, 0xff, 0xa0, 0xd0, 0xd8, 0xff, 0xa0, 0xd0, 0xd8, 0xff, 0xa0, 0xd0, 0xd8, 0xff, 
0xa0, 0xd0, 0xd8, 0xff, 0xa0, 0xd0, 0xd8, 0xff, 0xa0, 0xd0, 0xd8, 0xff, 0xa0, 0xd0, 0xd8, 0xff, 
0xa0, 0xd0, 0xd8, 0xff, 0xa0, 0xd0, 0xd8, 0xff, 0xa0, 0xd0, 0xd8, 0xff, 0xa0, 0xd0, 0xd8, 0xff, 
0xa0, 0xd0, 0xd8, 0xff, 0xa0, 0xd0, 0xd8, 0xff, 0xa0, 0xd0, 0xd8, 0xff, 0xa0, 0xd0, 0xd8, 0xff, 
0xa0, 0xd0, 0xd8, 0xff, 0xa0, 0xd0, 0xd8, 0xff, 0xa0, 0xd0, 0xd8, 0xff, 0xa0, 0xd0, 0xd8, 0xff, 
0xa0, 0xd0, 0xd8, 0xff, 0xa0, 0xd0, 0xd8, 0xff, 0xa0, 0xd0, 0xd8, 0xff, 0xa0, 0xd0, 0xd8, 0xff, 
0xa0, 0xd0, 0xd8, 0xff, 0xa0, 0xd0, 0xd8, 0xff, 0xa0, 0xd0, 0xd8, 0xff, 0xa0, 0xd0, 0xd8, 0xff, 
0xa0, 0xd0, 0xd8, 0xff, 0xa0, 0xd0, 0xd8, 0xff, 0xa0, 0xd0, 0xd8, 0xff, 0xa0, 0xd0, 0xd8, 0xff, 
0xa0, 0xd0, 0xd8, 0xff, 0xa0, 0xd0, 0xd8, 0xff, 0xa0, 0xd0, 0xd8, 0xff, 0xa0, 0xd0, 0xd8, 0xff, 
0xa0, 0xd0, 0xd8, 0xff, 0xa0, 0xd0, 0xd8, 0xff, 0xa0, 0xd0, 0xd8, 0xff, 0xa0, 0xd0, 0xd8, 0xff, 
0xa0, 0xd0, 0xd8, 0xff, 0xa0, 0xd0, 0xd8, 0xff, 0xa0, 0xd0, 0xd8, 0xff, 0xa0, 0xd0, 0xd8, 0xff, 
0x9f, 0xd0, 0xd7, 0xff, 0x9f, 0xd0, 0xd7, 0xff, 0x9f, 0xd0, 0xd7, 0xff, 0x9f, 0xd0, 0xd7, 0xff, 
0x9f, 0xd0, 0xd7, 0xff, 0x9f, 0xd0, 0xd7, 0xff, 0x9f, 0xd0, 0xd7, 0xff, 0x9f, 0xd0, 0xd7, 0xff, 
0x9f, 0xd0, 0xd7, 0xff, 0x9f, 0xd0, 0xd7, 0xff, 0x9f, 0xd0, 0xd7, 0xff, 0x9f, 0xd0, 0xd7, 0xff, 
0x9f, 0xd0, 0xd7, 0xff, 0x9f, 0xd0, 0xd7, 0xff, 0x9f, 0xd0, 0xd7, 0xff, 0x9f, 0xd0, 0xd7, 0xff, 
0x9f, 0xd0, 0xd7, 0xff, 0x9f, 0xd0, 0xd7, 0xff, 0x9f, 0xd0, 0xd7, 0xff, 0x9f, 0xd0, 0xd7, 0xff, 
0x9f, 0xd0, 0xd7, 0xff, 0x9f, 0xd0, 0xd7, 0xff, 0x9f, 0xd0, 0xd7, 0xff, 0x9f, 0xd0, 0xd7, 0xff, 
0x9f, 0xd0, 0xd7, 0xff, 0x9f, 0xd0, 0xd7, 0xff, 0x9f, 0xd0, 0xd7, 0xff, 0x9f, 0xd0, 0xd7, 0xff, 
0x9f, 0xd0, 0xd7, 0xff, 0x9f, 0xd0, 0xd7, 0xff, 0x9f, 0xd0, 0xd7, 0xff, 0x9f, 0xd0, 0xd7, 0xff, 
0x9f, 0xd0, 0xd7, 0xff, 0x9f, 0xd0, 0xd7, 0xff, 0x9f, 0xd0, 0xd7, 0xff, 0x9f, 0xd0, 0xd7, 0xff, 
0x9f, 0xd0, 0xd7, 0xff, 0x9f, 0xd0, 0xd7, 0xff, 0x9f, 0xd0, 0xd7, 0xff, 0x9f, 0xd0, 0xd7, 0xff, 
0x9f, 0xd0, 0xd7, 0xff, 0x9f, 0xd0, 0xd7, 0xff, 0x9f, 0xd0, 0xd7, 0xff, 0x9f, 0xd0, 0xd7, 0xff, 
0x9f, 0xd0, 0xd7, 0xff, 0x9f, 0xd0, 0xd7, 0xff, 0x9f, 0xd0, 0xd7, 0xff, 0x9f, 0xd0, 0xd7, 0xff, 
0x9f, 0xd0, 0xd7, 0xff, 0x9f, 0xd0, 0xd7, 0xff, 0x9f, 0xd0, 0xd7, 0xff, 0x9f, 0xd0, 0xd7, 0xff, 
0x9f, 0xd0, 0xd7, 0xff, 0x9f, 0xd0, 0xd7, 0xff, 0x9f, 0xd0, 0xd7, 0xff, 0x9f, 0xd0, 0xd7, 0xff, 
0x9f, 0xd0, 0xd7, 0xff, 0x9f, 0xd0, 0xd7, 0xff, 0x9f, 0xd0, 0xd7, 0xff, 0x9f, 0xd0, 0xd7, 0xff, 
0x9f, 0xd0, 0xd7, 0xff, 0x9f, 0xd0, 0xd7, 0xff, 0x9f, 0xd0, 0xd7, 0xff, 0x9f, 0xd0, 0xd7, 0xff, 
0x9f, 0xd0, 0xd7, 0xff, 0x9f, 0xd0, 0xd7, 0xff, 0x9f, 0xd0, 0xd7, 0xff, 0x9f, 0xd0, 0xd7, 0xff, 
0x9f, 0xd0, 0xd7, 0xff, 0x9f, 0xd0, 0xd7, 0xff, 0x9f, 0xd0, 0xd7, 0xff, 0x9f, 0xd0, 0xd7, 0xff, 
0x9f, 0xd0, 0xd7, 0xff, 0x9f, 0xd0, 0xd7, 0xff, 0x9f, 0xd0, 0xd7, 0xff, 0x9f, 0xd0, 0xd7, 0xff, 
0x9f, 0xd0, 0xd7, 0xff, 0x9f, 0xd0, 0xd7, 0xff, 0x9f, 0xd0, 0xd7, 0xff, 0x9f, 0xd0, 0xd7, 0xff, 
0x9f, 0xd0, 0xd7, 0xff, 0x9f, 0xd0, 0xd7, 0xff, 0x9f, 0xd0, 0xd7, 0xff, 0x9f, 0xd0, 0xd7, 0xff, 
0x9f, 0xd0, 0xd7, 0xff, 0x9f, 0xd0, 0xd7, 0xff, 0x9f, 0xd0, 0xd7, 0xff, 0x9f, 0xd0, 0xd7, 0xff, 
0x9f, 0xd0, 0xd7, 0xff, 0x9f, 0xd0, 0xd7, 0xff, 0x9f, 0xd0, 0xd7, 0xff, 0x9f, 0xd0, 0xd7, 0xff, 
0x9f, 0xd0, 0xd7, 0xff, 0x9f, 0xd0, 0xd7, 0xff, 0x9f, 0xd0, 0xd7, 0xff, 0x9f, 0xd0, 0xd7, 0xff, 
0x9f, 0xd0, 0xd7, 0xff, 0x9f, 0xd0, 0xd7, 0xff, 0x9f, 0xd0, 0xd7, 0xff, 0x9f, 0xd0, 0xd7, 0xff, 
0x9f, 0xd0, 0xd7, 0xff, 0x9f, 0xd0, 0xd7, 0xff, 0x9f, 0xd0, 0xd7, 0xff, 0x9f, 0xd0, 0xd7, 0xff, 
0x9f, 0xd0, 0xd7, 0xff, 0x9f, 0xd0, 0xd7, 0xff, 0x9f, 0xd0, 0xd7, 0xff, 0x9f, 0xd0, 0xd7, 0xff, 
0x9f, 0xd0, 0xd7, 0xff, 0x9f, 0xd0, 0xd7, 0xff, 0x9f, 0xd0, 0xd7, 0xff, 0x9f, 0xd0, 0xd7, 0xff, 
0x9f, 0xd0, 0xd7, 0xff, 0x9f, 0xd0, 0xd7, 0xff, 0x9f, 0xd0, 0xd7, 0xff, 0x9f, 0xd0, 0xd7, 0xff, 
0x9f, 0xd0, 0xd7, 0xff, 0x9f, 0xd0, 0xd7, 0xff, 0x9f, 0xd0, 0xd7, 0xff, 0x9f, 0xd0, 0xd7, 0xff, 
0x9f, 0xd0, 0xd7, 0xff, 0x9f, 0xd0, 0xd7, 0xff, 0x9f, 0xd0, 0xd7, 0xff, 0x9f, 0xd0, 0xd7, 0xff, 
0x9f, 0xd0, 0xd7, 0xff, 0x9f, 0xd0, 0xd7, 0xff, 0x9f, 0xd0, 0xd7, 0xff, 0x9f, 0xd0, 0xd7, 0xff, 
0x9f, 0xd0, 0xd7, 0xff, 0x9f, 0xd0, 0xd7, 0xff, 0x9f, 0xd0, 0xd7, 0xff, 0x9f, 0xd0, 0xd7, 0xff, 
0x9f, 0xd0, 0xd7, 0xff, 0x9f, 0xd0, 0xd7, 0xff, 0x9f, 0xd0, 0xd7, 0xff, 0x9f, 0xd0, 0xd7, 0xff, 
0x9f, 0xd0, 0xd7, 0xff, 0x9f, 0xd0, 0xd7, 0xff, 0x9f, 0xd0, 0xd7, 0xff, 0x9f, 0xd0, 0xd7, 0xff, 
0x9f, 0xd0, 0xd7, 0xff, 0x9f, 0xd0, 0xd7, 0xff, 0x9f, 0xd0, 0xd7, 0xff, 0x9f, 0xd0, 0xd7, 0xff, 
0x9f, 0xd0, 0xd7, 0xff, 0x9f, 0xd0, 0xd7, 0xff, 0x9f, 0xd0, 0xd7, 0xff, 0x9f, 0xd0, 0xd7, 0xff, 
0x9f, 0xd0, 0xd7, 0xff, 0x9f, 0xd0, 0xd7, 0xff, 0x9f, 0xd0, 0xd7, 0xff, 0x9f, 0xd0, 0xd7, 0xff, 
0x9f, 0xd0, 0xd7, 0xff, 0x9f, 0xd0, 0xd7, 0xff, 0x9f, 0xd0, 0xd7, 0xff, 0x9f, 0xd0, 0xd7, 0xff, 
0x9f, 0xd0, 0xd7, 0xff, 0x9f, 0xd0, 0xd7, 0xff, 0x9f, 0xd0, 0xd7, 0xff, 0x9f, 0xd0, 0xd7, 0xff, 
0x9f, 0xd0, 0xd7, 0xff, 0x9f, 0xd0, 0xd7, 0xff, 0x9f, 0xd0, 0xd7, 0xff, 0x9f, 0xd0, 0xd7, 0xff, 
0x9f, 0xd0, 0xd7, 0xff, 0x9f, 0xd0, 0xd7, 0xff, 0x9f, 0xd0, 0xd7, 0xff, 0x9f, 0xd0, 0xd7, 0xff, 
0x9f, 0xd0, 0xd7, 0xff, 0x9f, 0xd0, 0xd7, 0xff, 0x9f, 0xd0, 0xd7, 0xff, 0x9f, 0xd0, 0xd7, 0xff, 
0x9f, 0xd0, 0xd7, 0xff, 0x9f, 0xd0, 0xd7, 0xff, 0x9f, 0xd0, 0xd7, 0xff, 0x9f, 0xd0, 0xd7, 0xff, 
0x9f, 0xd0, 0xd7, 0xff, 0x9f, 0xd0, 0xd7, 0xff, 0x9f, 0xd0, 0xd7, 0xff, 0x9f, 0xd0, 0xd7, 0xff, 
0x9f, 0xd0, 0xd7, 0xff, 0x9f, 0xd0, 0xd7, 0xff, 0x9f, 0xd0, 0xd7, 0xff, 0x9f, 0xd0, 0xd7, 0xff, 
0x9f, 0xd0, 0xd7, 0xff, 0x9f, 0xd0, 0xd7, 0xff, 0x9f, 0xd0, 0xd7, 0xff, 0x9f, 0xd0, 0xd7, 0xff, 
0x9f, 0xd0, 0xd7, 0xff, 0x9f, 0xd0, 0xd7, 0xff, 0x9f, 0xd0, 0xd7, 0xff, 0x9f, 0xd0, 0xd7, 0xff, 
0x9f, 0xd0, 0xd7, 0xff, 0x9f, 0xd0, 0xd7, 0xff, 0x9f, 0xd0, 0xd7, 0xff, 0x9f, 0xd0, 0xd7, 0xff, 
0x9f, 0xd0, 0xd7, 0xff, 0x9f, 0xd0, 0xd7, 0xff, 0x9f, 0xd0, 0xd7, 0xff, 0x9f, 0xd0, 0xd7, 0xff, 
0x9f, 0xd0, 0xd7, 0xff, 0x9f, 0xd0, 0xd7, 0xff, 0x9f, 0xd0, 0xd7, 0xff, 0x9f, 0xd0, 0xd7, 0xff, 
0x9f, 0xd0, 0xd7, 0xff, 0x9f, 0xd0, 0xd7, 0xff, 0x9f, 0xd0, 0xd7, 0xff, 0x9f, 0xd0, 0xd7, 0xff, 
0x9f, 0xd0, 0xd7, 0xff, 0x9f, 0xd0, 0xd7, 0xff, 0x9f, 0xd0, 0xd7, 0xff, 0x9f, 0xd0, 0xd7, 0xff, 
0x9f, 0xd0, 0xd7, 0xff, 0x9f, 0xd0, 0xd7, 0xff, 0x9f, 0xd0, 0xd7, 0xff, 0x9f, 0xd0, 0xd7, 0xff, 
0x9f, 0xd0, 0xd7, 0xff, 0x9f, 0xd0, 0xd7, 0xff, 0x9f, 0xd0, 0xd7, 0xff, 0x9f, 0xd0, 0xd7, 0xff, 
0x9f, 0xd0, 0xd7, 0xff, 0x9f, 0xd0, 0xd7, 0xff, 0x9f, 0xd0, 0xd7, 0xff, 0x9f, 0xd0, 0xd7, 0xff, 
0x9f, 0xd0, 0xd7, 0xff, 0x9f, 0xd0, 0xd7, 0xff, 0x9f, 0xd0, 0xd7, 0xff, 0x9f, 0xd0, 0xd7, 0xff, 
0x9f, 0xd0, 0xd7, 0xff, 0x9f, 0xd0, 0xd7, 0xff, 0x9f, 0xd0, 0xd7, 0xff, 0x9f, 0xd0, 0xd7, 0xff, 
0x9f, 0xd0, 0xd7, 0xff, 0x9f, 0xd0, 0xd7, 0xff, 0x9f, 0xd0, 0xd7, 0xff, 0x9f, 0xd0, 0xd7, 0xff, 
0x9f, 0xd0, 0xd7, 0xff, 0x9f, 0xd0, 0xd7, 0xff, 0x9f, 0xd0, 0xd7, 0xff, 0x9f, 0xd0, 0xd7, 0xff, 
0x9f, 0xd0, 0xd7, 0xff, 0x9f, 0xd0, 0xd7, 0xff, 0x9f, 0xd0, 0xd7, 0xff, 0x9f, 0xd0, 0xd7, 0xff, 
0x9f, 0xd0, 0xd7, 0xff, 0x9f, 0xd0, 0xd7, 0xff, 0x9f, 0xd0, 0xd7, 0xff, 0x9f, 0xd0, 0xd7, 0xff, 
0x9f, 0xd0, 0xd7, 0xff, 0x9f, 0xd0, 0xd7, 0xff, 0x9f, 0xd0, 0xd7, 0xff, 0x9f, 0xd0, 0xd7, 0xff, 
0x9f, 0xd0, 0xd7, 0xff, 0x9f, 0xd0, 0xd7, 0xff, 0x9f, 0xd0, 0xd7, 0xff, 0x9f, 0xd0, 0xd7, 0xff, 
0x9e, 0xce, 0xd6, 0xff, 0x9e, 0xce, 0xd6, 0xff, 0x9e, 0xce, 0xd6, 0xff, 0x9e, 0xce, 0xd6, 0xff, 
0x9e, 0xce, 0xd6, 0xff, 0x9e, 0xce, 0xd6, 0xff, 0x9e, 0xce, 0xd6, 0xff, 0x9e, 0xce, 0xd6, 0xff, 
0x9e, 0xce, 0xd6, 0xff, 0x9e, 0xce, 0xd6, 0xff, 0x9e, 0xce, 0xd6, 0xff, 0x9e, 0xce, 0xd6, 0xff, 
0x9e, 0xce, 0xd6, 0xff, 0x9e, 0xce, 0xd6, 0xff, 0x9e, 0xce, 0xd6, 0xff, 0x9e, 0xce, 0xd6, 0xff, 
0x9e, 0xce, 0xd6, 0xff, 0x9e, 0xce, 0xd6, 0xff, 0x9e, 0xce, 0xd6, 0xff, 0x9e, 0xce, 0xd6, 0xff, 
0x9e, 0xce, 0xd6, 0xff, 0x9e, 0xce, 0xd6, 0xff, 0x9e, 0xce, 0xd6, 0xff, 0x9e, 0xce, 0xd6, 0xff, 
0x9e, 0xce, 0xd6, 0xff, 0x9e, 0xce, 0xd6, 0xff, 0x9e, 0xce, 0xd6, 0xff, 0x9e, 0xce, 0xd6, 0xff, 
0x9e, 0xce, 0xd6, 0xff, 0x9e, 0xce, 0xd6, 0xff, 0x9e, 0xce, 0xd6, 0xff, 0x9e, 0xce, 0xd6, 0xff, 
0x9e, 0xce, 0xd6, 0xff, 0x9e, 0xce, 0xd6, 0xff, 0x9e, 0xce, 0xd6, 0xff, 0x9e, 0xce, 0xd6, 0xff, 
0x9e, 0xce, 0xd6, 0xff, 0x9e, 0xce, 0xd6, 0xff, 0x9e, 0xce, 0xd6, 0xff, 0x9e, 0xce, 0xd6, 0xff, 
0x9e, 0xce, 0xd6, 0xff, 0x9e, 0xce, 0xd6, 0xff, 0x9e, 0xce, 0xd6, 0xff, 0x9e, 0xce, 0xd6, 0xff, 
0x9e, 0xce, 0xd6, 0xff, 0x9e, 0xce, 0xd6, 0xff, 0x9e, 0xce, 0xd6, 0xff, 0x9e, 0xce, 0xd6, 0xff, 
0x9e, 0xce, 0xd6, 0xff, 0x9e, 0xce, 0xd6, 0xff, 0x9e, 0xce, 0xd6, 0xff, 0x9e, 0xce, 0xd6, 0xff, 
0x9e, 0xce, 0xd6, 0xff, 0x9e, 0xce, 0xd6, 0xff, 0x9e, 0xce, 0xd6, 0xff, 0x9e, 0xce, 0xd6, 0xff, 
0x9e, 0xce, 0xd6, 0xff, 0x9e, 0xce, 0xd6, 0xff, 0x9e, 0xce, 0xd6, 0xff, 0x9e, 0xce, 0xd6, 0xff, 
0x9e, 0xce, 0xd6, 0xff, 0x9e, 0xce, 0xd6, 0xff, 0x9e, 0xce, 0xd6, 0xff, 0x9e, 0xce, 0xd6, 0xff, 
0x9e, 0xce, 0xd6, 0xff, 0x9e, 0xce, 0xd6, 0xff, 0x9e, 0xce, 0xd6, 0xff, 0x9e, 0xce, 0xd6, 0xff, 
0x9e, 0xce, 0xd6, 0xff, 0x9e, 0xce, 0xd6, 0xff, 0x9e, 0xce, 0xd6, 0xff, 0x9e, 0xce, 0xd6, 0xff, 
0x9e, 0xce, 0xd6, 0xff, 0x9e, 0xce, 0xd6, 0xff, 0x9e, 0xce, 0xd6, 0xff, 0x9e, 0xce, 0xd6, 0xff, 
0x9e, 0xce, 0xd6, 0xff, 0x9e, 0xce, 0xd6, 0xff, 0x9e, 0xce, 0xd6, 0xff, 0x9e, 0xce, 0xd6, 0xff, 
0x9e, 0xce, 0xd6, 0xff, 0x9e, 0xce, 0xd6, 0xff, 0x9e, 0xce, 0xd6, 0xff, 0x9e, 0xce, 0xd6, 0xff, 
0x9e, 0xce, 0xd6, 0xff, 0x9e, 0xce, 0xd6, 0xff, 0x9e, 0xce, 0xd6, 0xff, 0x9e, 0xce, 0xd6, 0xff, 
0x9e, 0xce, 0xd6, 0xff, 0x9e, 0xce, 0xd6, 0xff, 0x9e, 0xce, 0xd6, 0xff, 0x9e, 0xce, 0xd6, 0xff, 
0x9e, 0xce, 0xd6, 0xff, 0x9e, 0xce, 0xd6, 0xff, 0x9e, 0xce, 0xd6, 0xff, 0x9e, 0xce, 0xd6, 0xff, 
0x9e, 0xce, 0xd6, 0xff, 0x9e, 0xce, 0xd6, 0xff, 0x9e, 0xce, 0xd6, 0xff, 0x9e, 0xce, 0xd6, 0xff, 
0x9e, 0xce, 0xd6, 0xff, 0x9e, 0xce, 0xd6, 0xff, 0x9e, 0xce, 0xd6, 0xff, 0x9e, 0xce, 0xd6, 0xff, 
0x9e, 0xce, 0xd6, 0xff, 0x9e, 0xce, 0xd6, 0xff, 0x9e, 0xce, 0xd6, 0xff, 0x9e, 0xce, 0xd6, 0xff, 
0x9e, 0xce, 0xd6, 0xff, 0x9e, 0xce, 0xd6, 0xff, 0x9e, 0xce, 0xd6, 0xff, 0x9e, 0xce, 0xd6, 0xff, 
0x9e, 0xce, 0xd6, 0xff, 0x9e, 0xce, 0xd6, 0xff, 0x9e, 0xce, 0xd6, 0xff, 0x9e, 0xce, 0xd6, 0xff, 
0x9e, 0xce, 0xd6, 0xff, 0x9e, 0xce, 0xd6, 0xff, 0x9e, 0xce, 0xd6, 0xff, 0x9e, 0xce, 0xd6, 0xff, 
0x9e, 0xce, 0xd6, 0xff, 0x9e, 0xce, 0xd6, 0xff, 0x9e, 0xce, 0xd6, 0xff, 0x9e, 0xce, 0xd6, 0xff, 
0x9e, 0xce, 0xd6, 0xff, 0x9e, 0xce, 0xd6, 0xff, 0x9e, 0xce, 0xd6, 0xff, 0x9e, 0xce, 0xd6, 0xff, 
0x9e, 0xce, 0xd6, 0xff, 0x9e, 0xce, 0xd6, 0xff, 0x9e, 0xce, 0xd6, 0xff, 0x9e, 0xce, 0xd6, 0xff, 
0x9e, 0xce, 0xd6, 0xff, 0x9e, 0xce, 0xd6, 0xff, 0x9e, 0xce, 0xd6, 0xff, 0x9e, 0xce, 0xd6, 0xff, 
0x9e, 0xce, 0xd6, 0xff, 0x9e, 0xce, 0xd6, 0xff, 0x9e, 0xce, 0xd6, 0xff, 0x9e, 0xce, 0xd6, 0xff, 
0x9e, 0xce, 0xd6, 0xff, 0x9e, 0xce, 0xd6, 0xff, 0x9e, 0xce, 0xd6, 0xff, 0x9e, 0xce, 0xd6, 0xff, 
0x9e, 0xce, 0xd6, 0xff, 0x9e, 0xce, 0xd6, 0xff, 0x9e, 0xce, 0xd6, 0xff, 0x9e, 0xce, 0xd6, 0xff, 
0x9e, 0xce, 0xd6, 0xff, 0x9e, 0xce, 0xd6, 0xff, 0x9e, 0xce, 0xd6, 0xff, 0x9e, 0xce, 0xd6, 0xff, 
0x9e, 0xce, 0xd6, 0xff, 0x9e, 0xce, 0xd6, 0xff, 0x9e, 0xce, 0xd6, 0xff, 0x9e, 0xce, 0xd6, 0xff, 
0x9e, 0xce, 0xd6, 0xff, 0x9e, 0xce, 0xd6, 0xff, 0x9e, 0xce, 0xd6, 0xff, 0x9e, 0xce, 0xd6, 0xff, 
0x9e, 0xce, 0xd6, 0xff, 0x9e, 0xce, 0xd6, 0xff, 0x9e, 0xce, 0xd6, 0xff, 0x9e, 0xce, 0xd6, 0xff, 
0x9e, 0xce, 0xd6, 0xff, 0x9e, 0xce, 0xd6, 0xff, 0x9e, 0xce, 0xd6, 0xff, 0x9e, 0xce, 0xd6, 0xff, 
0x9e, 0xce, 0xd6, 0xff, 0x9e, 0xce, 0xd6, 0xff, 0x9e, 0xce, 0xd6, 0xff, 0x9e, 0xce, 0xd6, 0xff, 
0x9e, 0xce, 0xd6, 0xff, 0x9e, 0xce, 0xd6, 0xff, 0x9e, 0xce, 0xd6, 0xff, 0x9e, 0xce, 0xd6, 0xff, 
0x9e, 0xce, 0xd6, 0xff, 0x9e, 0xce, 0xd6, 0xff, 0x9e, 0xce, 0xd6, 0xff, 0x9e, 0xce, 0xd6, 0xff, 
0x9e, 0xce, 0xd6, 0xff, 0x9e, 0xce, 0xd6, 0xff, 0x9e, 0xce, 0xd6, 0xff, 0x9e, 0xce, 0xd6, 0xff, 
0x9e, 0xce, 0xd6, 0xff, 0x9e, 0xce, 0xd6, 0xff, 0x9e, 0xce, 0xd6, 0xff, 0x9e, 0xce, 0xd6, 0xff, 
0x9e, 0xce, 0xd6, 0xff, 0x9e, 0xce, 0xd6, 0xff, 0x9e, 0xce, 0xd6, 0xff, 0x9e, 0xce, 0xd6, 0xff, 
0x9e, 0xce, 0xd6, 0xff, 0x9e, 0xce, 0xd6, 0xff, 0x9e, 0xce, 0xd6, 0xff, 0x9e, 0xce, 0xd6, 0xff, 
0x9e, 0xce, 0xd6, 0xff, 0x9e, 0xce, 0xd6, 0xff, 0x9e, 0xce, 0xd6, 0xff, 0x9e, 0xce, 0xd6, 0xff, 
0x9e, 0xce, 0xd6, 0xff, 0x9e, 0xce, 0xd6, 0xff, 0x9e, 0xce, 0xd6, 0xff, 0x9e, 0xce, 0xd6, 0xff, 
0x9e, 0xce, 0xd6, 0xff, 0x9e, 0xce, 0xd6, 0xff, 0x9e, 0xce, 0xd6, 0xff, 0x9e, 0xce, 0xd6, 0xff, 
0x9e, 0xce, 0xd6, 0xff, 0x9e, 0xce, 0xd6, 0xff, 0x9e, 0xce, 0xd6, 0xff, 0x9e, 0xce, 0xd6, 0xff, 
0x9e, 0xce, 0xd6, 0xff, 0x9e, 0xce, 0xd6, 0xff, 0x9e, 0xce, 0xd6, 0xff, 0x9e, 0xce, 0xd6, 0xff, 
0x9e, 0xce, 0xd6, 0xff, 0x9e, 0xce, 0xd6, 0xff, 0x9e, 0xce, 0xd6, 0xff, 0x9e, 0xce, 0xd6, 0xff, 
0x9e, 0xce, 0xd6, 0xff, 0x9e, 0xce, 0xd6, 0xff, 0x9e, 0xce, 0xd6, 0xff, 0x9e, 0xce, 0xd6, 0xff, 
0x9e, 0xce, 0xd6, 0xff, 0x9e, 0xce, 0xd6, 0xff, 0x9e, 0xce, 0xd6, 0xff, 0x9e, 0xce, 0xd6, 0xff, 
0x9e, 0xce, 0xd6, 0xff, 0x9e, 0xce, 0xd6, 0xff, 0x9e, 0xce, 0xd6, 0xff, 0x9e, 0xce, 0xd6, 0xff, 
0x9e, 0xce, 0xd6, 0xff, 0x9e, 0xce, 0xd6, 0xff, 0x9e, 0xce, 0xd6, 0xff, 0x9e, 0xce, 0xd6, 0xff, 
0x9e, 0xce, 0xd6, 0xff, 0x9e, 0xce, 0xd6, 0xff, 0x9e, 0xce, 0xd6, 0xff, 0x9e, 0xce, 0xd6, 0xff, 
0x9e, 0xce, 0xd6, 0xff, 0x9e, 0xce, 0xd6, 0xff, 0x9e, 0xce, 0xd6, 0xff, 0x9e, 0xce, 0xd6, 0xff, 
0x9e, 0xce, 0xd6, 0xff, 0x9e, 0xce, 0xd6, 0xff, 0x9e, 0xce, 0xd6, 0xff, 0x9e, 0xce, 0xd6, 0xff, 
0x9e, 0xce, 0xd6, 0xff, 0x9e, 0xce, 0xd6, 0xff, 0x9e, 0xce, 0xd6, 0xff, 0x9e, 0xce, 0xd6, 0xff, 
0x9e, 0xce, 0xd6, 0xff, 0x9e, 0xce, 0xd6, 0xff, 0x9e, 0xce, 0xd6, 0xff, 0x9e, 0xce, 0xd6, 0xff, 
0x9d, 0xcd, 0xd4, 0xff, 0x9d, 0xcd, 0xd4, 0xff, 0x9d, 0xcd, 0xd4, 0xff, 0x9d, 0xcd, 0xd4, 0xff, 
0x9d, 0xcd, 0xd4, 0xff, 0x9d, 0xcd, 0xd4, 0xff, 0x9d, 0xcd, 0xd4, 0xff, 0x9d, 0xcd, 0xd4, 0xff, 
0x9d, 0xcd, 0xd4, 0xff, 0x9d, 0xcd, 0xd4, 0xff, 0x9d, 0xcd, 0xd4, 0xff, 0x9d, 0xcd, 0xd4, 0xff, 
0x9d, 0xcd, 0xd4, 0xff, 0x9d, 0xcd, 0xd4, 0xff, 0x9d, 0xcd, 0xd4, 0xff, 0x9d, 0xcd, 0xd4, 0xff, 
0x9d, 0xcd, 0xd4, 0xff, 0x9d, 0xcd, 0xd4, 0xff, 0x9d, 0xcd, 0xd4, 0xff, 0x9d, 0xcd, 0xd4, 0xff, 
0x9d, 0xcd, 0xd4, 0xff, 0x9d, 0xcd, 0xd4, 0xff, 0x9d, 0xcd, 0xd4, 0xff, 0x9d, 0xcd, 0xd4, 0xff, 
0x9d, 0xcd, 0xd4, 0xff, 0x9d, 0xcd, 0xd4, 0xff, 0x9d, 0xcd, 0xd4, 0xff, 0x9d, 0xcd, 0xd4, 0xff, 
0x9d, 0xcd, 0xd4, 0xff, 0x9d, 0xcd, 0xd4, 0xff, 0x9d, 0xcd, 0xd4, 0xff, 0x9d, 0xcd, 0xd4, 0xff, 
0x9d, 0xcd, 0xd4, 0xff, 0x9d, 0xcd, 0xd4, 0xff, 0x9d, 0xcd, 0xd4, 0xff, 0x9d, 0xcd, 0xd4, 0xff, 
0x9d, 0xcd, 0xd4, 0xff, 0x9d, 0xcd, 0xd4, 0xff, 0x9d, 0xcd, 0xd4, 0xff, 0x9d, 0xcd, 0xd4, 0xff, 
0x9d, 0xcd, 0xd4, 0xff, 0x9d, 0xcd, 0xd4, 0xff, 0x9d, 0xcd, 0xd4, 0xff, 0x9d, 0xcd, 0xd4, 0xff, 
0x9d, 0xcd, 0xd4, 0xff, 0x9d, 0xcd, 0xd4, 0xff, 0x9d, 0xcd, 0xd4, 0xff, 0x9d, 0xcd, 0xd4, 0xff, 
0x9d, 0xcd, 0xd4, 0xff, 0x9d, 0xcd, 0xd4, 0xff, 0x9d, 0xcd, 0xd4, 0xff, 0x9d, 0xcd, 0xd4, 0xff, 
0x9d, 0xcd, 0xd4, 0xff, 0x9d, 0xcd, 0xd4, 0xff, 0x9d, 0xcd, 0xd4, 0xff, 0x9d, 0xcd, 0xd4, 0xff, 
0x9d, 0xcd, 0xd4, 0xff, 0x9d, 0xcd, 0xd4, 0xff, 0x9d, 0xcd, 0xd4, 0xff, 0x9d, 0xcd, 0xd4, 0xff, 
0x9d, 0xcd, 0xd4, 0xff, 0x9d, 0xcd, 0xd4, 0xff, 0x9d, 0xcd, 0xd4, 0xff, 0x9d, 0xcd, 0xd4, 0xff, 
0x9d, 0xcd, 0xd4, 0xff, 0x9d, 0xcd, 0xd4, 0xff, 0x9d, 0xcd, 0xd4, 0xff, 0x9d, 0xcd, 0xd4, 0xff, 
0x9d, 0xcd, 0xd4, 0xff, 0x9d, 0xcd, 0xd4, 0xff, 0x9d, 0xcd, 0xd4, 0xff, 0x9d, 0xcd, 0xd4, 0xff, 
0x9d, 0xcd, 0xd4, 0xff, 0x9d, 0xcd, 0xd4, 0xff, 0x9d, 0xcd, 0xd4, 0xff, 0x9d, 0xcd, 0xd4, 0xff, 
0x9d, 0xcd, 0xd4, 0xff, 0x9d, 0xcd, 0xd4, 0xff, 0x9d, 0xcd, 0xd4, 0xff, 0x9d, 0xcd, 0xd4, 0xff, 
0x9d, 0xcd, 0xd4, 0xff, 0x9d, 0xcd, 0xd4, 0xff, 0x9d, 0xcd, 0xd4, 0xff, 0x9d, 0xcd, 0xd4, 0xff, 
0x9d, 0xcd, 0xd4, 0xff, 0x9d, 0xcd, 0xd4, 0xff, 0x9d, 0xcd, 0xd4, 0xff, 0x9d, 0xcd, 0xd4, 0xff, 
0x9d, 0xcd, 0xd4, 0xff, 0x9d, 0xcd, 0xd4, 0xff, 0x9d, 0xcd, 0xd4, 0xff, 0x9d, 0xcd, 0xd4, 0xff, 
0x9d, 0xcd, 0xd4, 0xff, 0x9d, 0xcd, 0xd4, 0xff, 0x9d, 0xcd, 0xd4, 0xff, 0x9d, 0xcd, 0xd4, 0xff, 
0x9d, 0xcd, 0xd4, 0xff, 0x9d, 0xcd, 0xd4, 0xff, 0x9d, 0xcd, 0xd4, 0xff, 0x9d, 0xcd, 0xd4, 0xff, 
0x9d, 0xcd, 0xd4, 0xff, 0x9d, 0xcd, 0xd4, 0xff, 0x9d, 0xcd, 0xd4, 0xff, 0x9d, 0xcd, 0xd4, 0xff, 
0x9d, 0xcd, 0xd4, 0xff, 0x9d, 0xcd, 0xd4, 0xff, 0x9d, 0xcd, 0xd4, 0xff, 0x9d, 0xcd, 0xd4, 0xff, 
0x9d, 0xcd, 0xd4, 0xff, 0x9d, 0xcd, 0xd4, 0xff, 0x9d, 0xcd, 0xd4, 0xff, 0x9d, 0xcd, 0xd4, 0xff, 
0x9d, 0xcd, 0xd4, 0xff, 0x9d, 0xcd, 0xd4, 0xff, 0x9d, 0xcd, 0xd4, 0xff, 0x9d, 0xcd, 0xd4, 0xff, 
0x9d, 0xcd, 0xd4, 0xff, 0x9d, 0xcd, 0xd4, 0xff, 0x9d, 0xcd, 0xd4, 0xff, 0x9d, 0xcd, 0xd4, 0xff, 
0x9d, 0xcd, 0xd4, 0xff, 0x9d, 0xcd, 0xd4, 0xff, 0x9d, 0xcd, 0xd4, 0xff, 0x9d, 0xcd, 0xd4, 0xff, 
0x9d, 0xcd, 0xd4, 0xff, 0x9d, 0xcd, 0xd4, 0xff, 0x9d, 0xcd, 0xd4, 0xff, 0x9d, 0xcd, 0xd4, 0xff, 
0x9d, 0xcd, 0xd4, 0xff, 0x9d, 0xcd, 0xd4, 0xff, 0x9d, 0xcd, 0xd4, 0xff, 0x9d, 0xcd, 0xd4, 0xff, 
0x9d, 0xcd, 0xd4, 0xff, 0x9d, 0xcd, 0xd4, 0xff, 0x9d, 0xcd, 0xd4, 0xff, 0x9d, 0xcd, 0xd4, 0xff, 
0x9d, 0xcd, 0xd4, 0xff, 0x9d, 0xcd, 0xd4, 0xff, 0x9d, 0xcd, 0xd4, 0xff, 0x9d, 0xcd, 0xd4, 0xff, 
0x9d, 0xcd, 0xd4, 0xff, 0x9d, 0xcd, 0xd4, 0xff, 0x9d, 0xcd, 0xd4, 0xff, 0x9d, 0xcd, 0xd4, 0xff, 
0x9d, 0xcd, 0xd4, 0xff, 0x9d, 0xcd, 0xd4, 0xff, 0x9d, 0xcd, 0xd4, 0xff, 0x9d, 0xcd, 0xd4, 0xff, 
0x9d, 0xcd, 0xd4, 0xff, 0x9d, 0xcd, 0xd4, 0xff, 0x9d, 0xcd, 0xd4, 0xff, 0x9d, 0xcd, 0xd4, 0xff, 
0x9d, 0xcd, 0xd4, 0xff, 0x9d, 0xcd, 0xd4, 0xff, 0x9d, 0xcd, 0xd4, 0xff, 0x9d, 0xcd, 0xd4, 0xff, 
0x9d, 0xcd, 0xd4, 0xff, 0x9d, 0xcd, 0xd4, 0xff, 0x9d, 0xcd, 0xd4, 0xff, 0x9d, 0xcd, 0xd4, 0xff, 
0x9d, 0xcd, 0xd4, 0xff, 0x9d, 0xcd, 0xd4, 0xff, 0x9d, 0xcd, 0xd4, 0xff, 0x9d, 0xcd, 0xd4, 0xff, 
0x9d, 0xcd, 0xd4, 0xff, 0x9d, 0xcd, 0xd4, 0xff, 0x9d, 0xcd, 0xd4, 0xff, 0x9d, 0xcd, 0xd4, 0xff, 
0x9d, 0xcd, 0xd4, 0xff, 0x9d, 0xcd, 0xd4, 0xff, 0x9d, 0xcd, 0xd4, 0xff, 0x9d, 0xcd, 0xd4, 0xff, 
0x9d, 0xcd, 0xd4, 0xff, 0x9d, 0xcd, 0xd4, 0xff, 0x9d, 0xcd, 0xd4, 0xff, 0x9d, 0xcd, 0xd4, 0xff, 
0x9d, 0xcd, 0xd4, 0xff, 0x9d, 0xcd, 0xd4, 0xff, 0x9d, 0xcd, 0xd4, 0xff, 0x9d, 0xcd, 0xd4, 0xff, 
0x9d, 0xcd, 0xd4, 0xff, 0x9d, 0xcd, 0xd4, 0xff, 0x9d, 0xcd, 0xd4, 0xff, 0x9d, 0xcd, 0xd4, 0xff, 
0x9d, 0xcd, 0xd4, 0xff, 0x9d, 0xcd, 0xd4, 0xff, 0x9d, 0xcd, 0xd4, 0xff, 0x9d, 0xcd, 0xd4, 0xff, 
0x9d, 0xcd, 0xd4, 0xff, 0x9d, 0xcd, 0xd4, 0xff, 0x9d, 0xcd, 0xd4, 0xff, 0x9d, 0xcd, 0xd4, 0xff, 
0x9d, 0xcd, 0xd4, 0xff, 0x9d, 0xcd, 0xd4, 0xff, 0x9d, 0xcd, 0xd4, 0xff, 0x9d, 0xcd, 0xd4, 0xff, 
0x9d, 0xcd, 0xd4, 0xff, 0x9d, 0xcd, 0xd4, 0xff, 0x9d, 0xcd, 0xd4, 0xff, 0x9d, 0xcd, 0xd4, 0xff, 
0x9d, 0xcd, 0xd4, 0xff, 0x9d, 0xcd, 0xd4, 0xff, 0x9d, 0xcd, 0xd4, 0xff, 0x9d, 0xcd, 0xd4, 0xff, 
0x9d, 0xcd, 0xd4, 0xff, 0x9d, 0xcd, 0xd4, 0xff, 0x9d, 0xcd, 0xd4, 0xff, 0x9d, 0xcd, 0xd4, 0xff, 
0x9d, 0xcd, 0xd4, 0xff, 0x9d, 0xcd, 0xd4, 0xff, 0x9d, 0xcd, 0xd4, 0xff, 0x9d, 0xcd, 0xd4, 0xff, 
0x9d, 0xcd, 0xd4, 0xff, 0x9d, 0xcd, 0xd4, 0xff, 0x9d, 0xcd, 0xd4, 0xff, 0x9d, 0xcd, 0xd4, 0xff, 
0x9d, 0xcd, 0xd4, 0xff, 0x9d, 0xcd, 0xd4, 0xff, 0x9d, 0xcd, 0xd4, 0xff, 0x9d, 0xcd, 0xd4, 0xff, 
0x9d, 0xcd, 0xd4, 0xff, 0x9d, 0xcd, 0xd4, 0xff, 0x9d, 0xcd, 0xd4, 0xff, 0x9d, 0xcd, 0xd4, 0xff, 
0x9d, 0xcd, 0xd4, 0xff, 0x9d, 0xcd, 0xd4, 0xff, 0x9d, 0xcd, 0xd4, 0xff, 0x9d, 0xcd, 0xd4, 0xff, 
0x9d, 0xcd, 0xd4, 0xff, 0x9d, 0xcd, 0xd4, 0xff, 0x9d, 0xcd, 0xd4, 0xff, 0x9d, 0xcd, 0xd4, 0xff, 
0x9d, 0xcd, 0xd4, 0xff, 0x9d, 0xcd, 0xd4, 0xff, 0x9d, 0xcd, 0xd4, 0xff, 0x9d, 0xcd, 0xd4, 0xff, 
0x9d, 0xcd, 0xd4, 0xff, 0x9d, 0xcd, 0xd4, 0xff, 0x9d, 0xcd, 0xd4, 0xff, 0x9d, 0xcd, 0xd4, 0xff, 
0x9d, 0xcd, 0xd4, 0xff, 0x9d, 0xcd, 0xd4, 0xff, 0x9d, 0xcd, 0xd4, 0xff, 0x9d, 0xcd, 0xd4, 0xff, 
0x9d, 0xcd, 0xd4, 0xff, 0x9d, 0xcd, 0xd4, 0xff, 0x9d, 0xcd, 0xd4, 0xff, 0x9d, 0xcd, 0xd4, 0xff, 
0x9d, 0xcd, 0xd4, 0xff, 0x9d, 0xcd, 0xd4, 0xff, 0x9d, 0xcd, 0xd4, 0xff, 0x9d, 0xcd, 0xd4, 0xff, 
0x9d, 0xcd, 0xd4, 0xff, 0x9d, 0xcd, 0xd4, 0xff, 0x9d, 0xcd, 0xd4, 0xff, 0x9d, 0xcd, 0xd4, 0xff, 
0x9c, 0xcb, 0xd3, 0xff, 0x9c, 0xcb, 0xd3, 0xff, 0x9c, 0xcb, 0xd3, 0xff, 0x9c, 0xcb, 0xd3, 0xff, 
0x9c, 0xcb, 0xd3, 0xff, 0x9c, 0xcb, 0xd3, 0xff, 0x9c, 0xcb, 0xd3, 0xff, 0x9c, 0xcb, 0xd3, 0xff, 
0x9c, 0xcb, 0xd3, 0xff, 0x9c, 0xcb, 0xd3, 0xff, 0x9c, 0xcb, 0xd3, 0xff, 0x9c, 0xcb, 0xd3, 0xff, 
0x9c, 0xcb, 0xd3, 0xff, 0x9c, 0xcb, 0xd3, 0xff, 0x9c, 0xcb, 0xd3, 0xff, 0x9c, 0xcb, 0xd3, 0xff, 
0x9c, 0xcb, 0xd3, 0xff, 0x9c, 0xcb, 0xd3, 0xff, 0x9c, 0xcb, 0xd3, 0xff, 0x9c, 0xcb, 0xd3, 0xff, 
0x9c, 0xcb, 0xd3, 0xff, 0x9c, 0xcb, 0xd3, 0xff, 0x9c, 0xcb, 0xd3, 0xff, 0x9c, 0xcb, 0xd3, 0xff, 
0x9c, 0xcb, 0xd3, 0xff, 0x9c, 0xcb, 0xd3, 0xff, 0x9c, 0xcb, 0xd3, 0xff, 0x9c, 0xcb, 0xd3, 0xff, 
0x9c, 0xcb, 0xd3, 0xff, 0x9c, 0xcb, 0xd3, 0xff, 0x9c, 0xcb, 0xd3, 0xff, 0x9c, 0xcb, 0xd3, 0xff, 
0x9c, 0xcb, 0xd3, 0xff, 0x9c, 0xcb, 0xd3, 0xff, 0x9c, 0xcb, 0xd3, 0xff, 0x9c, 0xcb, 0xd3, 0xff, 
0x9c, 0xcb, 0xd3, 0xff, 0x9c, 0xcb, 0xd3, 0xff, 0x9c, 0xcb, 0xd3, 0xff, 0x9c, 0xcb, 0xd3, 0xff, 
0x9c, 0xcb, 0xd3, 0xff, 0x9c, 0xcb, 0xd3, 0xff, 0x9c, 0xcb, 0xd3, 0xff, 0x9c, 0xcb, 0xd3, 0xff, 
0x9c, 0xcb, 0xd3, 0xff, 0x9c, 0xcb, 0xd3, 0xff, 0x9c, 0xcb, 0xd3, 0xff, 0x9c, 0xcb, 0xd3, 0xff, 
0x9c, 0xcb, 0xd3, 0xff, 0x9c, 0xcb, 0xd3, 0xff, 0x9c, 0xcb, 0xd3, 0xff, 0x9c, 0xcb, 0xd3, 0xff, 
0x9c, 0xcb, 0xd3, 0xff, 0x9c, 0xcb, 0xd3, 0xff, 0x9c, 0xcb, 0xd3, 0xff, 0x9c, 0xcb, 0xd3, 0xff, 
0x9c, 0xcb, 0xd3, 0xff, 0x9c, 0xcb, 0xd3, 0xff, 0x9c, 0xcb, 0xd3, 0xff, 0x9c, 0xcb, 0xd3, 0xff, 
0x9c, 0xcb, 0xd3, 0xff, 0x9c, 0xcb, 0xd3, 0xff, 0x9c, 0xcb, 0xd3, 0xff, 0x9c, 0xcb, 0xd3, 0xff, 
0x9c, 0xcb, 0xd3, 0xff, 0x9c, 0xcb, 0xd3, 0xff, 0x9c, 0xcb, 0xd3, 0xff, 0x9c, 0xcb, 0xd3, 0xff, 
0x9c, 0xcb, 0xd3, 0xff, 0x9c, 0xcb, 0xd3, 0xff, 0x9c, 0xcb, 0xd3, 0xff, 0x9c, 0xcb, 0xd3, 0xff, 
0x9c, 0xcb, 0xd3, 0xff, 0x9c, 0xcb, 0xd3, 0xff, 0x9c, 0xcb, 0xd3, 0xff, 0x9c, 0xcb, 0xd3, 0xff, 
0x9c, 0xcb, 0xd3, 0xff, 0x9c, 0xcb, 0xd3, 0xff, 0x9c, 0xcb, 0xd3, 0xff, 0x9c, 0xcb, 0xd3, 0xff, 
0x9c, 0xcb, 0xd3, 0xff, 0x9c, 0xcb, 0xd3, 0xff, 0x9c, 0xcb, 0xd3, 0xff, 0x9c, 0xcb, 0xd3, 0xff, 
0x9c, 0xcb, 0xd3, 0xff, 0x9c, 0xcb, 0xd3, 0xff, 0x9c, 0xcb, 0xd3, 0xff, 0x9c, 0xcb, 0xd3, 0xff, 
0x9c, 0xcb, 0xd3, 0xff, 0x9c, 0xcb, 0xd3, 0xff, 0x9c, 0xcb, 0xd3, 0xff, 0x9c, 0xcb, 0xd3, 0xff, 
0x9c, 0xcb, 0xd3, 0xff, 0x9c, 0xcb, 0xd3, 0xff, 0x9c, 0xcb, 0xd3, 0xff, 0x9c, 0xcb, 0xd3, 0xff, 
0x9c, 0xcb, 0xd3, 0xff, 0x9c, 0xcb, 0xd3, 0xff, 0x9c, 0xcb, 0xd3, 0xff, 0x9c, 0xcb, 0xd3, 0xff, 
0x9c, 0xcb, 0xd3, 0xff, 0x9c, 0xcb, 0xd3, 0xff, 0x9c, 0xcb, 0xd3, 0xff, 0x9c, 0xcb, 0xd3, 0xff, 
0x9c, 0xcb, 0xd3, 0xff, 0x9c, 0xcb, 0xd3, 0xff, 0x9c, 0xcb, 0xd3, 0xff, 0x9c, 0xcb, 0xd3, 0xff, 
0x9c, 0xcb, 0xd3, 0xff, 0x9c, 0xcb, 0xd3, 0xff, 0x9c, 0xcb, 0xd3, 0xff, 0x9c, 0xcb, 0xd3, 0xff, 
0x9c, 0xcb, 0xd3, 0xff, 0x9c, 0xcb, 0xd3, 0xff, 0x9c, 0xcb, 0xd3, 0xff, 0x9c, 0xcb, 0xd3, 0xff, 
0x9c, 0xcb, 0xd3, 0xff, 0x9c, 0xcb, 0xd3, 0xff, 0x9c, 0xcb, 0xd3, 0xff, 0x9c, 0xcb, 0xd3, 0xff, 
0x9c, 0xcb, 0xd3, 0xff, 0x9c, 0xcb, 0xd3, 0xff, 0x9c, 0xcb, 0xd3, 0xff, 0x9c, 0xcb, 0xd3, 0xff, 
0x9c, 0xcb, 0xd3, 0xff, 0x9c, 0xcb, 0xd3, 0xff, 0x9c, 0xcb, 0xd3, 0xff, 0x9c, 0xcb, 0xd3, 0xff, 
0x9c, 0xcb, 0xd3, 0xff, 0x9c, 0xcb, 0xd3, 0xff, 0x9c, 0xcb, 0xd3, 0xff, 0x9c, 0xcb, 0xd3, 0xff, 
0x9c, 0xcb, 0xd3, 0xff, 0x9c, 0xcb, 0xd3, 0xff, 0x9c, 0xcb, 0xd3, 0xff, 0x9c, 0xcb, 0xd3, 0xff, 
0x9c, 0xcb, 0xd3, 0xff, 0x9c, 0xcb, 0xd3, 0xff, 0x9c, 0xcb, 0xd3, 0xff, 0x9c, 0xcb, 0xd3, 0xff, 
0x9c, 0xcb, 0xd3, 0xff, 0x9c, 0xcb, 0xd3, 0xff, 0x9c, 0xcb, 0xd3, 0xff, 0x9c, 0xcb, 0xd3, 0xff, 
0x9c, 0xcb, 0xd3, 0xff, 0x9c, 0xcb, 0xd3, 0xff, 0x9c, 0xcb, 0xd3, 0xff, 0x9c, 0xcb, 0xd3, 0xff, 
0x9c, 0xcb, 0xd3, 0xff, 0x9c, 0xcb, 0xd3, 0xff, 0x9c, 0xcb, 0xd3, 0xff, 0x9c, 0xcb, 0xd3, 0xff, 
0x9c, 0xcb, 0xd3, 0xff, 0x9c, 0xcb, 0xd3, 0xff, 0x9c, 0xcb, 0xd3, 0xff, 0x9c, 0xcb, 0xd3, 0xff, 
0x9c, 0xcb, 0xd3, 0xff, 0x9c, 0xcb, 0xd3, 0xff, 0x9c, 0xcb, 0xd3, 0xff, 0x9c, 0xcb, 0xd3, 0xff, 
0x9c, 0xcb, 0xd3, 0xff, 0x9c, 0xcb, 0xd3, 0xff, 0x9c, 0xcb, 0xd3, 0xff, 0x9c, 0xcb, 0xd3, 0xff, 
0x9c, 0xcb, 0xd3, 0xff, 0x9c, 0xcb, 0xd3, 0xff, 0x9c, 0xcb, 0xd3, 0xff, 0x9c, 0xcb, 0xd3, 0xff, 
0x9c, 0xcb, 0xd3, 0xff, 0x9c, 0xcb, 0xd3, 0xff, 0x9c, 0xcb, 0xd3, 0xff, 0x9c, 0xcb, 0xd3, 0xff, 
0x9c, 0xcb, 0xd3, 0xff, 0x9c, 0xcb, 0xd3, 0xff, 0x9c, 0xcb, 0xd3, 0xff, 0x9c, 0xcb, 0xd3, 0xff, 
0x9c, 0xcb, 0xd3, 0xff, 0x9c, 0xcb, 0xd3, 0xff, 0x9c, 0xcb, 0xd3, 0xff, 0x9c, 0xcb, 0xd3, 0xff, 
0x9c, 0xcb, 0xd3, 0xff, 0x9c, 0xcb, 0xd3, 0xff, 0x9c, 0xcb, 0xd3, 0xff, 0x9c, 0xcb, 0xd3, 0xff, 
0x9c, 0xcb, 0xd3, 0xff, 0x9c, 0xcb, 0xd3, 0xff, 0x9c, 0xcb, 0xd3, 0xff, 0x9c, 0xcb, 0xd3, 0xff, 
0x9c, 0xcb, 0xd3, 0xff, 0x9c, 0xcb, 0xd3, 0xff, 0x9c, 0xcb, 0xd3, 0xff, 0x9c, 0xcb, 0xd3, 0xff, 
0x9c, 0xcb, 0xd3, 0xff, 0x9c, 0xcb, 0xd3, 0xff, 0x9c, 0xcb, 0xd3, 0xff, 0x9c, 0xcb, 0xd3, 0xff, 
0x9c, 0xcb, 0xd3, 0xff, 0x9c, 0xcb, 0xd3, 0xff, 0x9c, 0xcb, 0xd3, 0xff, 0x9c, 0xcb, 0xd3, 0xff, 
0x9c, 0xcb, 0xd3, 0xff, 0x9c, 0xcb, 0xd3, 0xff, 0x9c, 0xcb, 0xd3, 0xff, 0x9c, 0xcb, 0xd3, 0xff, 
0x9c, 0xcb, 0xd3, 0xff, 0x9c, 0xcb, 0xd3, 0xff, 0x9c, 0xcb, 0xd3, 0xff, 0x9c, 0xcb, 0xd3, 0xff, 
0x9c, 0xcb, 0xd3, 0xff, 0x9c, 0xcb, 0xd3, 0xff, 0x9c, 0xcb, 0xd3, 0xff, 0x9c, 0xcb, 0xd3, 0xff, 
0x9c, 0xcb, 0xd3, 0xff, 0x9c, 0xcb, 0xd3, 0xff, 0x9c, 0xcb, 0xd3, 0xff, 0x9c, 0xcb, 0xd3, 0xff, 
0x9c, 0xcb, 0xd3, 0xff, 0x9c, 0xcb, 0xd3, 0xff, 0x9c, 0xcb, 0xd3, 0xff, 0x9c, 0xcb, 0xd3, 0xff, 
0x9c, 0xcb, 0xd3, 0xff, 0x9c, 0xcb, 0xd3, 0xff, 0x9c, 0xcb, 0xd3, 0xff, 0x9c, 0xcb, 0xd3, 0xff, 
0x9c, 0xcb, 0xd3, 0xff, 0x9c, 0xcb, 0xd3, 0xff, 0x9c, 0xcb, 0xd3, 0xff, 0x9c, 0xcb, 0xd3, 0xff, 
0x9c, 0xcb, 0xd3, 0xff, 0x9c, 0xcb, 0xd3, 0xff, 0x9c, 0xcb, 0xd3, 0xff, 0x9c, 0xcb, 0xd3, 0xff, 
0x9c, 0xcb, 0xd3, 0xff, 0x9c, 0xcb, 0xd3, 0xff, 0x9c, 0xcb, 0xd3, 0xff, 0x9c, 0xcb, 0xd3, 0xff, 
0x9c, 0xcb, 0xd3, 0xff, 0x9c, 0xcb, 0xd3, 0xff, 0x9c, 0xcb, 0xd3, 0xff, 0x9c, 0xcb, 0xd3, 0xff, 
0x9c, 0xcb, 0xd3, 0xff, 0x9c, 0xcb, 0xd3, 0xff, 0x9c, 0xcb, 0xd3, 0xff, 0x9c, 0xcb, 0xd3, 0xff, 
0x9c, 0xcb, 0xd3, 0xff, 0x9c, 0xcb, 0xd3, 0xff, 0x9c, 0xcb, 0xd3, 0xff, 0x9c, 0xcb, 0xd3, 0xff, 
0x9c, 0xcb, 0xd3, 0xff, 0x9c, 0xcb, 0xd3, 0xff, 0x9c, 0xcb, 0xd3, 0xff, 0x9c, 0xcb, 0xd3, 0xff, 
0x9c, 0xcb, 0xd3, 0xff, 0x9c, 0xcb, 0xd3, 0xff, 0x9c, 0xcb, 0xd3, 0xff, 0x9c, 0xcb, 0xd3, 0xff, 
0x9b, 0xca, 0xd2, 0xff, 0x9b, 0xca, 0xd2, 0xff, 0x9b, 0xca, 0xd2, 0xff, 0x9b, 0xca, 0xd2, 0xff, 
0x9b, 0xca, 0xd2, 0xff, 0x9b, 0xca, 0xd2, 0xff, 0x9b, 0xca, 0xd2, 0xff, 0x9b, 0xca, 0xd2, 0xff, 
0x9b, 0xca, 0xd2, 0xff, 0x9b, 0xca, 0xd2, 0xff, 0x9b, 0xca, 0xd2, 0xff, 0x9b, 0xca, 0xd2, 0xff, 
0x9b, 0xca, 0xd2, 0xff, 0x9b, 0xca, 0xd2, 0xff, 0x9b, 0xca, 0xd2, 0xff, 0x9b, 0xca, 0xd2, 0xff, 
0x9b, 0xca, 0xd2, 0xff, 0x9b, 0xca, 0xd2, 0xff, 0x9b, 0xca, 0xd2, 0xff, 0x9b, 0xca, 0xd2, 0xff, 
0x9b, 0xca, 0xd2, 0xff, 0x9b, 0xca, 0xd2, 0xff, 0x9b, 0xca, 0xd2, 0xff, 0x9b, 0xca, 0xd2, 0xff, 
0x9b, 0xca, 0xd2, 0xff, 0x9b, 0xca, 0xd2, 0xff, 0x9b, 0xca, 0xd2, 0xff, 0x9b, 0xca, 0xd2, 0xff, 
0x9b, 0xca, 0xd2, 0xff, 0x9b, 0xca, 0xd2, 0xff, 0x9b, 0xca, 0xd2, 0xff, 0x9b, 0xca, 0xd2, 0xff, 
0x9b, 0xca, 0xd2, 0xff, 0x9b, 0xca, 0xd2, 0xff, 0x9b, 0xca, 0xd2, 0xff, 0x9b, 0xca, 0xd2, 0xff, 
0x9b, 0xca, 0xd2, 0xff, 0x9b, 0xca, 0xd2, 0xff, 0x9b, 0xca, 0xd2, 0xff, 0x9b, 0xca, 0xd2, 0xff, 
0x9b, 0xca, 0xd2, 0xff, 0x9b, 0xca, 0xd2, 0xff, 0x9b, 0xca, 0xd2, 0xff, 0x9b, 0xca, 0xd2, 0xff, 
0x9b, 0xca, 0xd2, 0xff, 0x9b, 0xca, 0xd2, 0xff, 0x9b, 0xca, 0xd2, 0xff, 0x9b, 0xca, 0xd2, 0xff, 
0x9b, 0xca, 0xd2, 0xff, 0x9b, 0xca, 0xd2, 0xff, 0x9b, 0xca, 0xd2, 0xff, 0x9b, 0xca, 0xd2, 0xff, 
0x9b, 0xca, 0xd2, 0xff, 0x9b, 0xca, 0xd2, 0xff, 0x9b, 0xca, 0xd2, 0xff, 0x9b, 0xca, 0xd2, 0xff, 
0x9b, 0xca, 0xd2, 0xff, 0x9b, 0xca, 0xd2, 0xff, 0x9b, 0xca, 0xd2, 0xff, 0x9b, 0xca, 0xd2, 0xff, 
0x9b, 0xca, 0xd2, 0xff, 0x9b, 0xca, 0xd2, 0xff, 0x9b, 0xca, 0xd2, 0xff, 0x9b, 0xca, 0xd2, 0xff, 
0x9b, 0xca, 0xd2, 0xff, 0x9b, 0xca, 0xd2, 0xff, 0x9b, 0xca, 0xd2, 0xff, 0x9b, 0xca, 0xd2, 0xff, 
0x9b, 0xca, 0xd2, 0xff, 0x9b, 0xca, 0xd2, 0xff, 0x9b, 0xca, 0xd2, 0xff, 0x9b, 0xca, 0xd2, 0xff, 
0x9b, 0xca, 0xd2, 0xff, 0x9b, 0xca, 0xd2, 0xff, 0x9b, 0xca, 0xd2, 0xff, 0x9b, 0xca, 0xd2, 0xff, 
0x9b, 0xca, 0xd2, 0xff, 0x9b, 0xca, 0xd2, 0xff, 0x9b, 0xca, 0xd2, 0xff, 0x9b, 0xca, 0xd2, 0xff, 
0x9b, 0xca, 0xd2, 0xff, 0x9b, 0xca, 0xd2, 0xff, 0x9b, 0xca, 0xd2, 0xff, 0x9b, 0xca, 0xd2, 0xff, 
0x9b, 0xca, 0xd2, 0xff, 0x9b, 0xca, 0xd2, 0xff, 0x9b, 0xca, 0xd2, 0xff, 0x9b, 0xca, 0xd2, 0xff, 
0x9b, 0xca, 0xd2, 0xff, 0x9b, 0xca, 0xd2, 0xff, 0x9b, 0xca, 0xd2, 0xff, 0x9b, 0xca, 0xd2, 0xff, 
0x9b, 0xca, 0xd2, 0xff, 0x9b, 0xca, 0xd2, 0xff, 0x9b, 0xca, 0xd2, 0xff, 0x9b, 0xca, 0xd2, 0xff, 
0x9b, 0xca, 0xd2, 0xff, 0x9b, 0xca, 0xd2, 0xff, 0x9b, 0xca, 0xd2, 0xff, 0x9b, 0xca, 0xd2, 0xff, 
0x9b, 0xca, 0xd2, 0xff, 0x9b, 0xca, 0xd2, 0xff, 0x9b, 0xca, 0xd2, 0xff, 0x9b, 0xca, 0xd2, 0xff, 
0x9b, 0xca, 0xd2, 0xff, 0x9b, 0xca, 0xd2, 0xff, 0x9b, 0xca, 0xd2, 0xff, 0x9b, 0xca, 0xd2, 0xff, 
0x9b, 0xca, 0xd2, 0xff, 0x9b, 0xca, 0xd2, 0xff, 0x9b, 0xca, 0xd2, 0xff, 0x9b, 0xca, 0xd2, 0xff, 
0x9b, 0xca, 0xd2, 0xff, 0x9b, 0xca, 0xd2, 0xff, 0x9b, 0xca, 0xd2, 0xff, 0x9b, 0xca, 0xd2, 0xff, 
0x9b, 0xca, 0xd2, 0xff, 0x9b, 0xca, 0xd2, 0xff, 0x9b, 0xca, 0xd2, 0xff, 0x9b, 0xca, 0xd2, 0xff, 
0x9b, 0xca, 0xd2, 0xff, 0x9b, 0xca, 0xd2, 0xff, 0x9b, 0xca, 0xd2, 0xff, 0x9b, 0xca, 0xd2, 0xff, 
0x9b, 0xca, 0xd2, 0xff, 0x9b, 0xca, 0xd2, 0xff, 0x9b, 0xca, 0xd2, 0xff, 0x9b, 0xca, 0xd2, 0xff, 
0x9b, 0xca, 0xd2, 0xff, 0x9b, 0xca, 0xd2, 0xff, 0x9b, 0xca, 0xd2, 0xff, 0x9b, 0xca, 0xd2, 0xff, 
0x9b, 0xca, 0xd2, 0xff, 0x9b, 0xca, 0xd2, 0xff, 0x9b, 0xca, 0xd2, 0xff, 0x9b, 0xca, 0xd2, 0xff, 
0x9b, 0xca, 0xd2, 0xff, 0x9b, 0xca, 0xd2, 0xff, 0x9b, 0xca, 0xd2, 0xff, 0x9b, 0xca, 0xd2, 0xff, 
0x9b, 0xca, 0xd2, 0xff, 0x9b, 0xca, 0xd2, 0xff, 0x9b, 0xca, 0xd2, 0xff, 0x9b, 0xca, 0xd2, 0xff, 
0x9b, 0xca, 0xd2, 0xff, 0x9b, 0xca, 0xd2, 0xff, 0x9b, 0xca, 0xd2, 0xff, 0x9b, 0xca, 0xd2, 0xff, 
0x9b, 0xca, 0xd2, 0xff, 0x9b, 0xca, 0xd2, 0xff, 0x9b, 0xca, 0xd2, 0xff, 0x9b, 0xca, 0xd2, 0xff, 
0x9b, 0xca, 0xd2, 0xff, 0x9b, 0xca, 0xd2, 0xff, 0x9b, 0xca, 0xd2, 0xff, 0x9b, 0xca, 0xd2, 0xff, 
0x9b, 0xca, 0xd2, 0xff, 0x9b, 0xca, 0xd2, 0xff, 0x9b, 0xca, 0xd2, 0xff, 0x9b, 0xca, 0xd2, 0xff, 
0x9b, 0xca, 0xd2, 0xff, 0x9b, 0xca, 0xd2, 0xff, 0x9b, 0xca, 0xd2, 0xff, 0x9b, 0xca, 0xd2, 0xff, 
0x9b, 0xca, 0xd2, 0xff, 0x9b, 0xca, 0xd2, 0xff, 0x9b, 0xca, 0xd2, 0xff, 0x9b, 0xca, 0xd2, 0xff, 
0x9b, 0xca, 0xd2, 0xff, 0x9b, 0xca, 0xd2, 0xff, 0x9b, 0xca, 0xd2, 0xff, 0x9b, 0xca, 0xd2, 0xff, 
0x9b, 0xca, 0xd2, 0xff, 0x9b, 0xca, 0xd2, 0xff, 0x9b, 0xca, 0xd2, 0xff, 0x9b, 0xca, 0xd2, 0xff, 
0x9b, 0xca, 0xd2, 0xff, 0x9b, 0xca, 0xd2, 0xff, 0x9b, 0xca, 0xd2, 0xff, 0x9b, 0xca, 0xd2, 0xff, 
0x9b, 0xca, 0xd2, 0xff, 0x9b, 0xca, 0xd2, 0xff, 0x9b, 0xca, 0xd2, 0xff, 0x9b, 0xca, 0xd2, 0xff, 
0x9b, 0xca, 0xd2, 0xff, 0x9b, 0xca, 0xd2, 0xff, 0x9b, 0xca, 0xd2, 0xff, 0x9b, 0xca, 0xd2, 0xff, 
0x9b, 0xca, 0xd2, 0xff, 0x9b, 0xca, 0xd2, 0xff, 0x9b, 0xca, 0xd2, 0xff, 0x9b, 0xca, 0xd2, 0xff, 
0x9b, 0xca, 0xd2, 0xff, 0x9b, 0xca, 0xd2, 0xff, 0x9b, 0xca, 0xd2, 0xff, 0x9b, 0xca, 0xd2, 0xff, 
0x9b, 0xca, 0xd2, 0xff, 0x9b, 0xca, 0xd2, 0xff, 0x9b, 0xca, 0xd2, 0xff, 0x9b, 0xca, 0xd2, 0xff, 
0x9b, 0xca, 0xd2, 0xff, 0x9b, 0xca, 0xd2, 0xff, 0x9b, 0xca, 0xd2, 0xff, 0x9b, 0xca, 0xd2, 0xff, 
0x9b, 0xca, 0xd2, 0xff, 0x9b, 0xca, 0xd2, 0xff, 0x9b, 0xca, 0xd2, 0xff, 0x9b, 0xca, 0xd2, 0xff, 
0x9b, 0xca, 0xd2, 0xff, 0x9b, 0xca, 0xd2, 0xff, 0x9b, 0xca, 0xd2, 0xff, 0x9b, 0xca, 0xd2, 0xff, 
0x9b, 0xca, 0xd2, 0xff, 0x9b, 0xca, 0xd2, 0xff, 0x9b, 0xca, 0xd2, 0xff, 0x9b, 0xca, 0xd2, 0xff, 
0x9b, 0xca, 0xd2, 0xff, 0x9b, 0xca, 0xd2, 0xff, 0x9b, 0xca, 0xd2, 0xff, 0x9b, 0xca, 0xd2, 0xff, 
0x9b, 0xca, 0xd2, 0xff, 0x9b, 0xca, 0xd2, 0xff, 0x9b, 0xca, 0xd2, 0xff, 0x9b, 0xca, 0xd2, 0xff, 
0x9b, 0xca, 0xd2, 0xff, 0x9b, 0xca, 0xd2, 0xff, 0x9b, 0xca, 0xd2, 0xff, 0x9b, 0xca, 0xd2, 0xff, 
0x9b, 0xca, 0xd2, 0xff, 0x9b, 0xca, 0xd2, 0xff, 0x9b, 0xca, 0xd2, 0xff, 0x9b, 0xca, 0xd2, 0xff, 
0x9b, 0xca, 0xd2, 0xff, 0x9b, 0xca, 0xd2, 0xff, 0x9b, 0xca, 0xd2, 0xff, 0x9b, 0xca, 0xd2, 0xff, 
0x9b, 0xca, 0xd2, 0xff, 0x9b, 0xca, 0xd2, 0xff, 0x9b, 0xca, 0xd2, 0xff, 0x9b, 0xca, 0xd2, 0xff, 
0x9b, 0xca, 0xd2, 0xff, 0x9b, 0xca, 0xd2, 0xff, 0x9b, 0xca, 0xd2, 0xff, 0x9b, 0xca, 0xd2, 0xff, 
0x9b, 0xca, 0xd2, 0xff, 0x9b, 0xca, 0xd2, 0xff, 0x9b, 0xca, 0xd2, 0xff, 0x9b, 0xca, 0xd2, 0xff, 
0x9b, 0xca, 0xd2, 0xff, 0x9b, 0xca, 0xd2, 0xff, 0x9b, 0xca, 0xd2, 0xff, 0x9b, 0xca, 0xd2, 0xff, 
0x9b, 0xca, 0xd2, 0xff, 0x9b, 0xca, 0xd2, 0xff, 0x9b, 0xca, 0xd2, 0xff, 0x9b, 0xca, 0xd2, 0xff, 
0x9a, 0xc8, 0xd0, 0xff, 0x9a, 0xc8, 0xd0, 0xff, 0x9a, 0xc8, 0xd0, 0xff, 0x9a, 0xc8, 0xd0, 0xff, 
0x9a, 0xc8, 0xd0, 0xff, 0x9a, 0xc8, 0xd0, 0xff, 0x9a, 0xc8, 0xd0, 0xff, 0x9a, 0xc8, 0xd0, 0xff, 
0x9a, 0xc8, 0xd0, 0xff, 0x9a, 0xc8, 0xd0, 0xff, 0x9a, 0xc8, 0xd0, 0xff, 0x9a, 0xc8, 0xd0, 0xff, 
0x9a, 0xc8, 0xd0, 0xff, 0x9a, 0xc8, 0xd0, 0xff, 0x9a, 0xc8, 0xd0, 0xff, 0x9a, 0xc8, 0xd0, 0xff, 
0x9a, 0xc8, 0xd0, 0xff, 0x9a, 0xc8, 0xd0, 0xff, 0x9a, 0xc8, 0xd0, 0xff, 0x9a, 0xc8, 0xd0, 0xff, 
0x9a, 0xc8, 0xd0, 0xff, 0x9a, 0xc8, 0xd0, 0xff, 0x9a, 0xc8, 0xd0, 0xff, 0x9a, 0xc8, 0xd0, 0xff, 
0x9a, 0xc8, 0xd0, 0xff, 0x9a, 0xc8, 0xd0, 0xff, 0x9a, 0xc8, 0xd0, 0xff, 0x9a, 0xc8, 0xd0, 0xff, 
0x9a, 0xc8, 0xd0, 0xff, 0x9a, 0xc8, 0xd0, 0xff, 0x9a, 0xc8, 0xd0, 0xff, 0x9a, 0xc8, 0xd0, 0xff, 
0x9a, 0xc8, 0xd0, 0xff, 0x9a, 0xc8, 0xd0, 0xff, 0x9a, 0xc8, 0xd0, 0xff, 0x9a, 0xc8, 0xd0, 0xff, 
0x9a, 0xc8, 0xd0, 0xff, 0x9a, 0xc8, 0xd0, 0xff, 0x9a, 0xc8, 0xd0, 0xff, 0x9a, 0xc8, 0xd0, 0xff, 
0x9a, 0xc8, 0xd0, 0xff, 0x9a, 0xc8, 0xd0, 0xff, 0x9a, 0xc8, 0xd0, 0xff, 0x9a, 0xc8, 0xd0, 0xff, 
0x9a, 0xc8, 0xd0, 0xff, 0x9a, 0xc8, 0xd0, 0xff, 0x9a, 0xc8, 0xd0, 0xff, 0x9a, 0xc8, 0xd0, 0xff, 
0x9a, 0xc8, 0xd0, 0xff, 0x9a, 0xc8, 0xd0, 0xff, 0x9a, 0xc8, 0xd0, 0xff, 0x9a, 0xc8, 0xd0, 0xff, 
0x9a, 0xc8, 0xd0, 0xff, 0x9a, 0xc8, 0xd0, 0xff, 0x9a, 0xc8, 0xd0, 0xff, 0x9a, 0xc8, 0xd0, 0xff, 
0x9a, 0xc8, 0xd0, 0xff, 0x9a, 0xc8, 0xd0, 0xff, 0x9a, 0xc8, 0xd0, 0xff, 0x9a, 0xc8, 0xd0, 0xff, 
0x9a, 0xc8, 0xd0, 0xff, 0x9a, 0xc8, 0xd0, 0xff, 0x9a, 0xc8, 0xd0, 0xff, 0x9a, 0xc8, 0xd0, 0xff, 
0x9a, 0xc8, 0xd0, 0xff, 0x9a, 0xc8, 0xd0, 0xff, 0x9a, 0xc8, 0xd0, 0xff, 0x9a, 0xc8, 0xd0, 0xff, 
0x9a, 0xc8, 0xd0, 0xff, 0x9a, 0xc8, 0xd0, 0xff, 0x9a, 0xc8, 0xd0, 0xff, 0x9a, 0xc8, 0xd0, 0xff, 
0x9a, 0xc8, 0xd0, 0xff, 0x9a, 0xc8, 0xd0, 0xff, 0x9a, 0xc8, 0xd0, 0xff, 0x9a, 0xc8, 0xd0, 0xff, 
0x9a, 0xc8, 0xd0, 0xff, 0x9a, 0xc8, 0xd0, 0xff, 0x9a, 0xc8, 0xd0, 0xff, 0x9a, 0xc8, 0xd0, 0xff, 
0x9a, 0xc8, 0xd0, 0xff, 0x9a, 0xc8, 0xd0, 0xff, 0x9a, 0xc8, 0xd0, 0xff, 0x9a, 0xc8, 0xd0, 0xff, 
0x9a, 0xc8, 0xd0, 0xff, 0x9a, 0xc8, 0xd0, 0xff, 0x9a, 0xc8, 0xd0, 0xff, 0x9a, 0xc8, 0xd0, 0xff, 
0x9a, 0xc8, 0xd0, 0xff, 0x9a, 0xc8, 0xd0, 0xff, 0x9a, 0xc8, 0xd0, 0xff, 0x9a, 0xc8, 0xd0, 0xff, 
0x9a, 0xc8, 0xd0, 0xff, 0x9a, 0xc8, 0xd0, 0xff, 0x9a, 0xc8, 0xd0, 0xff, 0x9a, 0xc8, 0xd0, 0xff, 
0x9a, 0xc8, 0xd0, 0xff, 0x9a, 0xc8, 0xd0, 0xff, 0x9a, 0xc8, 0xd0, 0xff, 0x9a, 0xc8, 0xd0, 0xff, 
0x9a, 0xc8, 0xd0, 0xff, 0x9a, 0xc8, 0xd0, 0xff, 0x9a, 0xc8, 0xd0, 0xff, 0x9a, 0xc8, 0xd0, 0xff, 
0x9a, 0xc8, 0xd0, 0xff, 0x9a, 0xc8, 0xd0, 0xff, 0x9a, 0xc8, 0xd0, 0xff, 0x9a, 0xc8, 0xd0, 0xff, 
0x9a, 0xc8, 0xd0, 0xff, 0x9a, 0xc8, 0xd0, 0xff, 0x9a, 0xc8, 0xd0, 0xff, 0x9a, 0xc8, 0xd0, 0xff, 
0x9a, 0xc8, 0xd0, 0xff, 0x9a, 0xc8, 0xd0, 0xff, 0x9a, 0xc8, 0xd0, 0xff, 0x9a, 0xc8, 0xd0, 0xff, 
0x9a, 0xc8, 0xd0, 0xff, 0x9a, 0xc8, 0xd0, 0xff, 0x9a, 0xc8, 0xd0, 0xff, 0x9a, 0xc8, 0xd0, 0xff, 
0x9a, 0xc8, 0xd0, 0xff, 0x9a, 0xc8, 0xd0, 0xff, 0x9a, 0xc8, 0xd0, 0xff, 0x9a, 0xc8, 0xd0, 0xff, 
0x9a, 0xc8, 0xd0, 0xff, 0x9a, 0xc8, 0xd0, 0xff, 0x9a, 0xc8, 0xd0, 0xff, 0x9a, 0xc8, 0xd0, 0xff, 
0x9a, 0xc8, 0xd0, 0xff, 0x9a, 0xc8, 0xd0, 0xff, 0x9a, 0xc8, 0xd0, 0xff, 0x9a, 0xc8, 0xd0, 0xff, 
0x9a, 0xc8, 0xd0, 0xff, 0x9a, 0xc8, 0xd0, 0xff, 0x9a, 0xc8, 0xd0, 0xff, 0x9a, 0xc8, 0xd0, 0xff, 
0x9a, 0xc8, 0xd0, 0xff, 0x9a, 0xc8, 0xd0, 0xff, 0x9a, 0xc8, 0xd0, 0xff, 0x9a, 0xc8, 0xd0, 0xff, 
0x9a, 0xc8, 0xd0, 0xff, 0x9a, 0xc8, 0xd0, 0xff, 0x9a, 0xc8, 0xd0, 0xff, 0x9a, 0xc8, 0xd0, 0xff, 
0x9a, 0xc8, 0xd0, 0xff, 0x9a, 0xc8, 0xd0, 0xff, 0x9a, 0xc8, 0xd0, 0xff, 0x9a, 0xc8, 0xd0, 0xff, 
0x9a, 0xc8, 0xd0, 0xff, 0x9a, 0xc8, 0xd0, 0xff, 0x9a, 0xc8, 0xd0, 0xff, 0x9a, 0xc8, 0xd0, 0xff, 
0x9a, 0xc8, 0xd0, 0xff, 0x9a, 0xc8, 0xd0, 0xff, 0x9a, 0xc8, 0xd0, 0xff, 0x9a, 0xc8, 0xd0, 0xff, 
0x9a, 0xc8, 0xd0, 0xff, 0x9a, 0xc8, 0xd0, 0xff, 0x9a, 0xc8, 0xd0, 0xff, 0x9a, 0xc8, 0xd0, 0xff, 
0x9a, 0xc8, 0xd0, 0xff, 0x9a, 0xc8, 0xd0, 0xff, 0x9a, 0xc8, 0xd0, 0xff, 0x9a, 0xc8, 0xd0, 0xff, 
0x9a, 0xc8, 0xd0, 0xff, 0x9a, 0xc8, 0xd0, 0xff, 0x9a, 0xc8, 0xd0, 0xff, 0x9a, 0xc8, 0xd0, 0xff, 
0x9a, 0xc8, 0xd0, 0xff, 0x9a, 0xc8, 0xd0, 0xff, 0x9a, 0xc8, 0xd0, 0xff, 0x9a, 0xc8, 0xd0, 0xff, 
0x9a, 0xc8, 0xd0, 0xff, 0x9a, 0xc8, 0xd0, 0xff, 0x9a, 0xc8, 0xd0, 0xff, 0x9a, 0xc8, 0xd0, 0xff, 
0x9a, 0xc8, 0xd0, 0xff, 0x9a, 0xc8, 0xd0, 0xff, 0x9a, 0xc8, 0xd0, 0xff, 0x9a, 0xc8, 0xd0, 0xff, 
0x9a, 0xc8, 0xd0, 0xff, 0x9a, 0xc8, 0xd0, 0xff, 0x9a, 0xc8, 0xd0, 0xff, 0x9a, 0xc8, 0xd0, 0xff, 
0x9a, 0xc8, 0xd0, 0xff, 0x9a, 0xc8, 0xd0, 0xff, 0x9a, 0xc8, 0xd0, 0xff, 0x9a, 0xc8, 0xd0, 0xff, 
0x9a, 0xc8, 0xd0, 0xff, 0x9a, 0xc8, 0xd0, 0xff, 0x9a, 0xc8, 0xd0, 0xff, 0x9a, 0xc8, 0xd0, 0xff, 
0x9a, 0xc8, 0xd0, 0xff, 0x9a, 0xc8, 0xd0, 0xff, 0x9a, 0xc8, 0xd0, 0xff, 0x9a, 0xc8, 0xd0, 0xff, 
0x9a, 0xc8, 0xd0, 0xff, 0x9a, 0xc8, 0xd0, 0xff, 0x9a, 0xc8, 0xd0, 0xff, 0x9a, 0xc8, 0xd0, 0xff, 
0x9a, 0xc8, 0xd0, 0xff, 0x9a, 0xc8, 0xd0, 0xff, 0x9a, 0xc8, 0xd0, 0xff, 0x9a, 0xc8, 0xd0, 0xff, 
0x9a, 0xc8, 0xd0, 0xff, 0x9a, 0xc8, 0xd0, 0xff, 0x9a, 0xc8, 0xd0, 0xff, 0x9a, 0xc8, 0xd0, 0xff, 
0x9a, 0xc8, 0xd0, 0xff, 0x9a, 0xc8, 0xd0, 0xff, 0x9a, 0xc8, 0xd0, 0xff, 0x9a, 0xc8, 0xd0, 0xff, 
0x9a, 0xc8, 0xd0, 0xff, 0x9a, 0xc8, 0xd0, 0xff, 0x9a, 0xc8, 0xd0, 0xff, 0x9a, 0xc8, 0xd0, 0xff, 
0x9a, 0xc8, 0xd0, 0xff, 0x9a, 0xc8, 0xd0, 0xff, 0x9a, 0xc8, 0xd0, 0xff, 0x9a, 0xc8, 0xd0, 0xff, 
0x9a, 0xc8, 0xd0, 0xff, 0x9a, 0xc8, 0xd0, 0xff, 0x9a, 0xc8, 0xd0, 0xff, 0x9a, 0xc8, 0xd0, 0xff, 
0x9a, 0xc8, 0xd0, 0xff, 0x9a, 0xc8, 0xd0, 0xff, 0x9a, 0xc8, 0xd0, 0xff, 0x9a, 0xc8, 0xd0, 0xff, 
0x9a, 0xc8, 0xd0, 0xff, 0x9a, 0xc8, 0xd0, 0xff, 0x9a, 0xc8, 0xd0, 0xff, 0x9a, 0xc8, 0xd0, 0xff, 
0x9a, 0xc8, 0xd0, 0xff, 0x9a, 0xc8, 0xd0, 0xff, 0x9a, 0xc8, 0xd0, 0xff, 0x9a, 0xc8, 0xd0, 0xff, 
0x9a, 0xc8, 0xd0, 0xff, 0x9a, 0xc8, 0xd0, 0xff, 0x9a, 0xc8, 0xd0, 0xff, 0x9a, 0xc8, 0xd0, 0xff, 
0x9a, 0xc8, 0xd0, 0xff, 0x9a, 0xc8, 0xd0, 0xff, 0x9a, 0xc8, 0xd0, 0xff, 0x9a, 0xc8, 0xd0, 0xff, 
0x9a, 0xc8, 0xd0, 0xff, 0x9a, 0xc8, 0xd0, 0xff, 0x9a, 0xc8, 0xd0, 0xff, 0x9a, 0xc8, 0xd0, 0xff, 
0x9a, 0xc8, 0xd0, 0xff, 0x9a, 0xc8, 0xd0, 0xff, 0x9a, 0xc8, 0xd0, 0xff, 0x9a, 0xc8, 0xd0, 0xff, 
0x9a, 0xc8, 0xd0, 0xff, 0x9a, 0xc8, 0xd0, 0xff, 0x9a, 0xc8, 0xd0, 0xff, 0x9a, 0xc8, 0xd0, 0xff, 
0x98, 0xc7, 0xcf, 0xff, 0x98, 0xc7, 0xcf, 0xff, 0x98, 0xc7, 0xcf, 0xff, 0x98, 0xc7, 0xcf, 0xff, 
0x98, 0xc7, 0xcf, 0xff, 0x98, 0xc7, 0xcf, 0xff, 0x98, 0xc7, 0xcf, 0xff, 0x98, 0xc7, 0xcf, 0xff, 
0x98, 0xc7, 0xcf, 0xff, 0x98, 0xc7, 0xcf, 0xff, 0x98, 0xc7, 0xcf, 0xff, 0x98, 0xc7, 0xcf, 0xff, 
0x98, 0xc7, 0xcf, 0xff, 0x98, 0xc7, 0xcf, 0xff, 0x98, 0xc7, 0xcf, 0xff, 0x98, 0xc7, 0xcf, 0xff, 
0x98, 0xc7, 0xcf, 0xff, 0x98, 0xc7, 0xcf, 0xff, 0x98, 0xc7, 0xcf, 0xff, 0x98, 0xc7, 0xcf, 0xff, 
0x98, 0xc7, 0xcf, 0xff, 0x98, 0xc7, 0xcf, 0xff, 0x98, 0xc7, 0xcf, 0xff, 0x98, 0xc7, 0xcf, 0xff, 
0x98, 0xc7, 0xcf, 0xff, 0x98, 0xc7, 0xcf, 0xff, 0x98, 0xc7, 0xcf, 0xff, 0x98, 0xc7, 0xcf, 0xff, 
0x98, 0xc7, 0xcf, 0xff, 0x98, 0xc7, 0xcf, 0xff, 0x98, 0xc7, 0xcf, 0xff, 0x98, 0xc7, 0xcf, 0xff, 
0x98, 0xc7, 0xcf, 0xff, 0x98, 0xc7, 0xcf, 0xff, 0x98, 0xc7, 0xcf, 0xff, 0x98, 0xc7, 0xcf, 0xff, 
0x98, 0xc7, 0xcf, 0xff, 0x98, 0xc7, 0xcf, 0xff, 0x98, 0xc7, 0xcf, 0xff, 0x98, 0xc7, 0xcf, 0xff, 
0x98, 0xc7, 0xcf, 0xff, 0x98, 0xc7, 0xcf, 0xff, 0x98, 0xc7, 0xcf, 0xff, 0x98, 0xc7, 0xcf, 0xff, 
0x98, 0xc7, 0xcf, 0xff, 0x98, 0xc7, 0xcf, 0xff, 0x98, 0xc7, 0xcf, 0xff, 0x98, 0xc7, 0xcf, 0xff, 
0x98, 0xc7, 0xcf, 0xff, 0x98, 0xc7, 0xcf, 0xff, 0x98, 0xc7, 0xcf, 0xff, 0x98, 0xc7, 0xcf, 0xff, 
0x98, 0xc7, 0xcf, 0xff, 0x98, 0xc7, 0xcf, 0xff, 0x98, 0xc7, 0xcf, 0xff, 0x98, 0xc7, 0xcf, 0xff, 
0x98, 0xc7, 0xcf, 0xff, 0x98, 0xc7, 0xcf, 0xff, 0x98, 0xc7, 0xcf, 0xff, 0x98, 0xc7, 0xcf, 0xff, 
0x98, 0xc7, 0xcf, 0xff, 0x98, 0xc7, 0xcf, 0xff, 0x98, 0xc7, 0xcf, 0xff, 0x98, 0xc7, 0xcf, 0xff, 
0x98, 0xc7, 0xcf, 0xff, 0x98, 0xc7, 0xcf, 0xff, 0x98, 0xc7, 0xcf, 0xff, 0x98, 0xc7, 0xcf, 0xff, 
0x98, 0xc7, 0xcf, 0xff, 0x98, 0xc7, 0xcf, 0xff, 0x98, 0xc7, 0xcf, 0xff, 0x98, 0xc7, 0xcf, 0xff, 
0x98, 0xc7, 0xcf, 0xff, 0x98, 0xc7, 0xcf, 0xff, 0x98, 0xc7, 0xcf, 0xff, 0x98, 0xc7, 0xcf, 0xff, 
0x98, 0xc7, 0xcf, 0xff, 0x98, 0xc7, 0xcf, 0xff, 0x98, 0xc7, 0xcf, 0xff, 0x98, 0xc7, 0xcf, 0xff, 
0x98, 0xc7, 0xcf, 0xff, 0x98, 0xc7, 0xcf, 0xff, 0x98, 0xc7, 0xcf, 0xff, 0x98, 0xc7, 0xcf, 0xff, 
0x98, 0xc7, 0xcf, 0xff, 0x98, 0xc7, 0xcf, 0xff, 0x98, 0xc7, 0xcf, 0xff, 0x98, 0xc7, 0xcf, 0xff, 
0x98, 0xc7, 0xcf, 0xff, 0x98, 0xc7, 0xcf, 0xff, 0x98, 0xc7, 0xcf, 0xff, 0x98, 0xc7, 0xcf, 0xff, 
0x98, 0xc7, 0xcf, 0xff, 0x98, 0xc7, 0xcf, 0xff, 0x98, 0xc7, 0xcf, 0xff, 0x98, 0xc7, 0xcf, 0xff, 
0x98, 0xc7, 0xcf, 0xff, 0x98, 0xc7, 0xcf, 0xff, 0x98, 0xc7, 0xcf, 0xff, 0x98, 0xc7, 0xcf, 0xff, 
0x98, 0xc7, 0xcf, 0xff, 0x98, 0xc7, 0xcf, 0xff, 0x98, 0xc7, 0xcf, 0xff, 0x98, 0xc7, 0xcf, 0xff, 
0x98, 0xc7, 0xcf, 0xff, 0x98, 0xc7, 0xcf, 0xff, 0x98, 0xc7, 0xcf, 0xff, 0x98, 0xc7, 0xcf, 0xff, 
0x98, 0xc7, 0xcf, 0xff, 0x98, 0xc7, 0xcf, 0xff, 0x98, 0xc7, 0xcf, 0xff, 0x98, 0xc7, 0xcf, 0xff, 
0x98, 0xc7, 0xcf, 0xff, 0x98, 0xc7, 0xcf, 0xff, 0x98, 0xc7, 0xcf, 0xff, 0x98, 0xc7, 0xcf, 0xff, 
0x98, 0xc7, 0xcf, 0xff, 0x98, 0xc7, 0xcf, 0xff, 0x98, 0xc7, 0xcf, 0xff, 0x98, 0xc7, 0xcf, 0xff, 
0x98, 0xc7, 0xcf, 0xff, 0x98, 0xc7, 0xcf, 0xff, 0x98, 0xc7, 0xcf, 0xff, 0x98, 0xc7, 0xcf, 0xff, 
0x98, 0xc7, 0xcf, 0xff, 0x98, 0xc7, 0xcf, 0xff, 0x98, 0xc7, 0xcf, 0xff, 0x98, 0xc7, 0xcf, 0xff, 
0x98, 0xc7, 0xcf, 0xff, 0x98, 0xc7, 0xcf, 0xff, 0x98, 0xc7, 0xcf, 0xff, 0x98, 0xc7, 0xcf, 0xff, 
0x98, 0xc7, 0xcf, 0xff, 0x98, 0xc7, 0xcf, 0xff, 0x98, 0xc7, 0xcf, 0xff, 0x98, 0xc7, 0xcf, 0xff, 
0x98, 0xc7, 0xcf, 0xff, 0x98, 0xc7, 0xcf, 0xff, 0x98, 0xc7, 0xcf, 0xff, 0x98, 0xc7, 0xcf, 0xff, 
0x98, 0xc7, 0xcf, 0xff, 0x98, 0xc7, 0xcf, 0xff, 0x98, 0xc7, 0xcf, 0xff, 0x98, 0xc7, 0xcf, 0xff, 
0x98, 0xc7, 0xcf, 0xff, 0x98, 0xc7, 0xcf, 0xff, 0x98, 0xc7, 0xcf, 0xff, 0x98, 0xc7, 0xcf, 0xff, 
0x98, 0xc7, 0xcf, 0xff, 0x98, 0xc7, 0xcf, 0xff, 0x98, 0xc7, 0xcf, 0xff, 0x98, 0xc7, 0xcf, 0xff, 
0x98, 0xc7, 0xcf, 0xff, 0x98, 0xc7, 0xcf, 0xff, 0x98, 0xc7, 0xcf, 0xff, 0x98, 0xc7, 0xcf, 0xff, 
0x98, 0xc7, 0xcf, 0xff, 0x98, 0xc7, 0xcf, 0xff, 0x98, 0xc7, 0xcf, 0xff, 0x98, 0xc7, 0xcf, 0xff, 
0x98, 0xc7, 0xcf, 0xff, 0x98, 0xc7, 0xcf, 0xff, 0x98, 0xc7, 0xcf, 0xff, 0x98, 0xc7, 0xcf, 0xff, 
0x98, 0xc7, 0xcf, 0xff, 0x98, 0xc7, 0xcf, 0xff, 0x98, 0xc7, 0xcf, 0xff, 0x98, 0xc7, 0xcf, 0xff, 
0x98, 0xc7, 0xcf, 0xff, 0x98, 0xc7, 0xcf, 0xff, 0x98, 0xc7, 0xcf, 0xff, 0x98, 0xc7, 0xcf, 0xff, 
0x98, 0xc7, 0xcf, 0xff, 0x98, 0xc7, 0xcf, 0xff, 0x98, 0xc7, 0xcf, 0xff, 0x98, 0xc7, 0xcf, 0xff, 
0x98, 0xc7, 0xcf, 0xff, 0x98, 0xc7, 0xcf, 0xff, 0x98, 0xc7, 0xcf, 0xff, 0x98, 0xc7, 0xcf, 0xff, 
0x98, 0xc7, 0xcf, 0xff, 0x98, 0xc7, 0xcf, 0xff, 0x98, 0xc7, 0xcf, 0xff, 0x98, 0xc7, 0xcf, 0xff, 
0x98, 0xc7, 0xcf, 0xff, 0x98, 0xc7, 0xcf, 0xff, 0x98, 0xc7, 0xcf, 0xff, 0x98, 0xc7, 0xcf, 0xff, 
0x98, 0xc7, 0xcf, 0xff, 0x98, 0xc7, 0xcf, 0xff, 0x98, 0xc7, 0xcf, 0xff, 0x98, 0xc7, 0xcf, 0xff, 
0x98, 0xc7, 0xcf, 0xff, 0x98, 0xc7, 0xcf, 0xff, 0x98, 0xc7, 0xcf, 0xff, 0x98, 0xc7, 0xcf, 0xff, 
0x98, 0xc7, 0xcf, 0xff, 0x98, 0xc7, 0xcf, 0xff, 0x98, 0xc7, 0xcf, 0xff, 0x98, 0xc7, 0xcf, 0xff, 
0x98, 0xc7, 0xcf, 0xff, 0x98, 0xc7, 0xcf, 0xff, 0x98, 0xc7, 0xcf, 0xff, 0x98, 0xc7, 0xcf, 0xff, 
0x98, 0xc7, 0xcf, 0xff, 0x98, 0xc7, 0xcf, 0xff, 0x98, 0xc7, 0xcf, 0xff, 0x98, 0xc7, 0xcf, 0xff, 
0x98, 0xc7, 0xcf, 0xff, 0x98, 0xc7, 0xcf, 0xff, 0x98, 0xc7, 0xcf, 0xff, 0x98, 0xc7, 0xcf, 0xff, 
0x98, 0xc7, 0xcf, 0xff, 0x98, 0xc7, 0xcf, 0xff, 0x98, 0xc7, 0xcf, 0xff, 0x98, 0xc7, 0xcf, 0xff, 
0x98, 0xc7, 0xcf, 0xff, 0x98, 0xc7, 0xcf, 0xff, 0x98, 0xc7, 0xcf, 0xff, 0x98, 0xc7, 0xcf, 0xff, 
0x98, 0xc7, 0xcf, 0xff, 0x98, 0xc7, 0xcf, 0xff, 0x98, 0xc7, 0xcf, 0xff, 0x98, 0xc7, 0xcf, 0xff, 
0x98, 0xc7, 0xcf, 0xff, 0x98, 0xc7, 0xcf, 0xff, 0x98, 0xc7, 0xcf, 0xff, 0x98, 0xc7, 0xcf, 0xff, 
0x98, 0xc7, 0xcf, 0xff, 0x98, 0xc7, 0xcf, 0xff, 0x98, 0xc7, 0xcf, 0xff, 0x98, 0xc7, 0xcf, 0xff, 
0x98, 0xc7, 0xcf, 0xff, 0x98, 0xc7, 0xcf, 0xff, 0x98, 0xc7, 0xcf, 0xff, 0x98, 0xc7, 0xcf, 0xff, 
0x98, 0xc7, 0xcf, 0xff, 0x98, 0xc7, 0xcf, 0xff, 0x98, 0xc7, 0xcf, 0xff, 0x98, 0xc7, 0xcf, 0xff, 
0x98, 0xc7, 0xcf, 0xff, 0x98, 0xc7, 0xcf, 0xff, 0x98, 0xc7, 0xcf, 0xff, 0x98, 0xc7, 0xcf, 0xff, 
0x98, 0xc7, 0xcf, 0xff, 0x98, 0xc7, 0xcf, 0xff, 0x98, 0xc7, 0xcf, 0xff, 0x98, 0xc7, 0xcf, 0xff, 
0x98, 0xc7, 0xcf, 0xff, 0x98, 0xc7, 0xcf, 0xff, 0x98, 0xc7, 0xcf, 0xff, 0x98, 0xc7, 0xcf, 0xff, 
0x98, 0xc7, 0xcf, 0xff, 0x98, 0xc7, 0xcf, 0xff, 0x98, 0xc7, 0xcf, 0xff, 0x98, 0xc7, 0xcf, 0xff, 
0x96, 0xc5, 0xcd, 0xff, 0x96, 0xc5, 0xcd, 0xff, 0x96, 0xc5, 0xcd, 0xff, 0x96, 0xc5, 0xcd, 0xff, 
0x96, 0xc5, 0xcd, 0xff, 0x96, 0xc5, 0xcd, 0xff, 0x96, 0xc5, 0xcd, 0xff, 0x96, 0xc5, 0xcd, 0xff, 
0x96, 0xc5, 0xcd, 0xff, 0x96, 0xc5, 0xcd, 0xff, 0x96, 0xc5, 0xcd, 0xff, 0x96, 0xc5, 0xcd, 0xff, 
0x96, 0xc5, 0xcd, 0xff, 0x96, 0xc5, 0xcd, 0xff, 0x96, 0xc5, 0xcd, 0xff, 0x96, 0xc5, 0xcd, 0xff, 
0x96, 0xc5, 0xcd, 0xff, 0x96, 0xc5, 0xcd, 0xff, 0x96, 0xc5, 0xcd, 0xff, 0x96, 0xc5, 0xcd, 0xff, 
0x96, 0xc5, 0xcd, 0xff, 0x96, 0xc5, 0xcd, 0xff, 0x96, 0xc5, 0xcd, 0xff, 0x96, 0xc5, 0xcd, 0xff, 
0x96, 0xc5, 0xcd, 0xff, 0x96, 0xc5, 0xcd, 0xff, 0x96, 0xc5, 0xcd, 0xff, 0x96, 0xc5, 0xcd, 0xff, 
0x96, 0xc5, 0xcd, 0xff, 0x96, 0xc5, 0xcd, 0xff, 0x96, 0xc5, 0xcd, 0xff, 0x96, 0xc5, 0xcd, 0xff, 
0x96, 0xc5, 0xcd, 0xff, 0x96, 0xc5, 0xcd, 0xff, 0x96, 0xc5, 0xcd, 0xff, 0x96, 0xc5, 0xcd, 0xff, 
0x96, 0xc5, 0xcd, 0xff, 0x96, 0xc5, 0xcd, 0xff, 0x96, 0xc5, 0xcd, 0xff, 0x96, 0xc5, 0xcd, 0xff, 
0x96, 0xc5, 0xcd, 0xff, 0x96, 0xc5, 0xcd, 0xff, 0x96, 0xc5, 0xcd, 0xff, 0x96, 0xc5, 0xcd, 0xff, 
0x96, 0xc5, 0xcd, 0xff, 0x96, 0xc5, 0xcd, 0xff, 0x96, 0xc5, 0xcd, 0xff, 0x96, 0xc5, 0xcd, 0xff, 
0x96, 0xc5, 0xcd, 0xff, 0x96, 0xc5, 0xcd, 0xff, 0x96, 0xc5, 0xcd, 0xff, 0x96, 0xc5, 0xcd, 0xff, 
0x96, 0xc5, 0xcd, 0xff, 0x96, 0xc5, 0xcd, 0xff, 0x96, 0xc5, 0xcd, 0xff, 0x96, 0xc5, 0xcd, 0xff, 
0x96, 0xc5, 0xcd, 0xff, 0x96, 0xc5, 0xcd, 0xff, 0x96, 0xc5, 0xcd, 0xff, 0x96, 0xc5, 0xcd, 0xff, 
0x96, 0xc5, 0xcd, 0xff, 0x96, 0xc5, 0xcd, 0xff, 0x96, 0xc5, 0xcd, 0xff, 0x96, 0xc5, 0xcd, 0xff, 
0x96, 0xc5, 0xcd, 0xff, 0x96, 0xc5, 0xcd, 0xff, 0x96, 0xc5, 0xcd, 0xff, 0x96, 0xc5, 0xcd, 0xff, 
0x96, 0xc5, 0xcd, 0xff, 0x96, 0xc5, 0xcd, 0xff, 0x96, 0xc5, 0xcd, 0xff, 0x96, 0xc5, 0xcd, 0xff, 
0x96, 0xc5, 0xcd, 0xff, 0x96, 0xc5, 0xcd, 0xff, 0x96, 0xc5, 0xcd, 0xff, 0x96, 0xc5, 0xcd, 0xff, 
0x96, 0xc5, 0xcd, 0xff, 0x96, 0xc5, 0xcd, 0xff, 0x96, 0xc5, 0xcd, 0xff, 0x96, 0xc5, 0xcd, 0xff, 
0x96, 0xc5, 0xcd, 0xff, 0x96, 0xc5, 0xcd, 0xff, 0x96, 0xc5, 0xcd, 0xff, 0x96, 0xc5, 0xcd, 0xff, 
0x96, 0xc5, 0xcd, 0xff, 0x96, 0xc5, 0xcd, 0xff, 0x96, 0xc5, 0xcd, 0xff, 0x96, 0xc5, 0xcd, 0xff, 
0x96, 0xc5, 0xcd, 0xff, 0x96, 0xc5, 0xcd, 0xff, 0x96, 0xc5, 0xcd, 0xff, 0x96, 0xc5, 0xcd, 0xff, 
0x96, 0xc5, 0xcd, 0xff, 0x96, 0xc5, 0xcd, 0xff, 0x96, 0xc5, 0xcd, 0xff, 0x96, 0xc5, 0xcd, 0xff, 
0x96, 0xc5, 0xcd, 0xff, 0x96, 0xc5, 0xcd, 0xff, 0x96, 0xc5, 0xcd, 0xff, 0x96, 0xc5, 0xcd, 0xff, 
0x96, 0xc5, 0xcd, 0xff, 0x96, 0xc5, 0xcd, 0xff, 0x96, 0xc5, 0xcd, 0xff, 0x96, 0xc5, 0xcd, 0xff, 
0x96, 0xc5, 0xcd, 0xff, 0x96, 0xc5, 0xcd, 0xff, 0x96, 0xc5, 0xcd, 0xff, 0x96, 0xc5, 0xcd, 0xff, 
0x96, 0xc5, 0xcd, 0xff, 0x96, 0xc5, 0xcd, 0xff, 0x96, 0xc5, 0xcd, 0xff, 0x96, 0xc5, 0xcd, 0xff, 
0x96, 0xc5, 0xcd, 0xff, 0x96, 0xc5, 0xcd, 0xff, 0x96, 0xc5, 0xcd, 0xff, 0x96, 0xc5, 0xcd, 0xff, 
0x96, 0xc5, 0xcd, 0xff, 0x96, 0xc5, 0xcd, 0xff, 0x96, 0xc5, 0xcd, 0xff, 0x96, 0xc5, 0xcd, 0xff, 
0x96, 0xc5, 0xcd, 0xff, 0x96, 0xc5, 0xcd, 0xff, 0x96, 0xc5, 0xcd, 0xff, 0x96, 0xc5, 0xcd, 0xff, 
0x96, 0xc5, 0xcd, 0xff, 0x96, 0xc5, 0xcd, 0xff, 0x96, 0xc5, 0xcd, 0xff, 0x96, 0xc5, 0xcd, 0xff, 
0x96, 0xc5, 0xcd, 0xff, 0x96, 0xc5, 0xcd, 0xff, 0x96, 0xc5, 0xcd, 0xff, 0x96, 0xc5, 0xcd, 0xff, 
0x96, 0xc5, 0xcd, 0xff, 0x96, 0xc5, 0xcd, 0xff, 0x96, 0xc5, 0xcd, 0xff, 0x96, 0xc5, 0xcd, 0xff, 
0x96, 0xc5, 0xcd, 0xff, 0x96, 0xc5, 0xcd, 0xff, 0x96, 0xc5, 0xcd, 0xff, 0x96, 0xc5, 0xcd, 0xff, 
0x96, 0xc5, 0xcd, 0xff, 0x96, 0xc5, 0xcd, 0xff, 0x96, 0xc5, 0xcd, 0xff, 0x96, 0xc5, 0xcd, 0xff, 
0x96, 0xc5, 0xcd, 0xff, 0x96, 0xc5, 0xcd, 0xff, 0x96, 0xc5, 0xcd, 0xff, 0x96, 0xc5, 0xcd, 0xff, 
0x96, 0xc5, 0xcd, 0xff, 0x96, 0xc5, 0xcd, 0xff, 0x96, 0xc5, 0xcd, 0xff, 0x96, 0xc5, 0xcd, 0xff, 
0x96, 0xc5, 0xcd, 0xff, 0x96, 0xc5, 0xcd, 0xff, 0x96, 0xc5, 0xcd, 0xff, 0x96, 0xc5, 0xcd, 0xff, 
0x96, 0xc5, 0xcd, 0xff, 0x96, 0xc5, 0xcd, 0xff, 0x96, 0xc5, 0xcd, 0xff, 0x96, 0xc5, 0xcd, 0xff, 
0x96, 0xc5, 0xcd, 0xff, 0x96, 0xc5, 0xcd, 0xff, 0x96, 0xc5, 0xcd, 0xff, 0x96, 0xc5, 0xcd, 0xff, 
0x96, 0xc5, 0xcd, 0xff, 0x96, 0xc5, 0xcd, 0xff, 0x96, 0xc5, 0xcd, 0xff, 0x96, 0xc5, 0xcd, 0xff, 
0x96, 0xc5, 0xcd, 0xff, 0x96, 0xc5, 0xcd, 0xff, 0x96, 0xc5, 0xcd, 0xff, 0x96, 0xc5, 0xcd, 0xff, 
0x96, 0xc5, 0xcd, 0xff, 0x96, 0xc5, 0xcd, 0xff, 0x96, 0xc5, 0xcd, 0xff, 0x96, 0xc5, 0xcd, 0xff, 
0x96, 0xc5, 0xcd, 0xff, 0x96, 0xc5, 0xcd, 0xff, 0x96, 0xc5, 0xcd, 0xff, 0x96, 0xc5, 0xcd, 0xff, 
0x96, 0xc5, 0xcd, 0xff, 0x96, 0xc5, 0xcd, 0xff, 0x96, 0xc5, 0xcd, 0xff, 0x96, 0xc5, 0xcd, 0xff, 
0x96, 0xc5, 0xcd, 0xff, 0x96, 0xc5, 0xcd, 0xff, 0x96, 0xc5, 0xcd, 0xff, 0x96, 0xc5, 0xcd, 0xff, 
0x96, 0xc5, 0xcd, 0xff, 0x96, 0xc5, 0xcd, 0xff, 0x96, 0xc5, 0xcd, 0xff, 0x96, 0xc5, 0xcd, 0xff, 
0x96, 0xc5, 0xcd, 0xff, 0x96, 0xc5, 0xcd, 0xff, 0x96, 0xc5, 0xcd, 0xff, 0x96, 0xc5, 0xcd, 0xff, 
0x96, 0xc5, 0xcd, 0xff, 0x96, 0xc5, 0xcd, 0xff, 0x96, 0xc5, 0xcd, 0xff, 0x96, 0xc5, 0xcd, 0xff, 
0x96, 0xc5, 0xcd, 0xff, 0x96, 0xc5, 0xcd, 0xff, 0x96, 0xc5, 0xcd, 0xff, 0x96, 0xc5, 0xcd, 0xff, 
0x96, 0xc5, 0xcd, 0xff, 0x96, 0xc5, 0xcd, 0xff, 0x96, 0xc5, 0xcd, 0xff, 0x96, 0xc5, 0xcd, 0xff, 
0x96, 0xc5, 0xcd, 0xff, 0x96, 0xc5, 0xcd, 0xff, 0x96, 0xc5, 0xcd, 0xff, 0x96, 0xc5, 0xcd, 0xff, 
0x96, 0xc5, 0xcd, 0xff, 0x96, 0xc5, 0xcd, 0xff, 0x96, 0xc5, 0xcd, 0xff, 0x96, 0xc5, 0xcd, 0xff, 
0x96, 0xc5, 0xcd, 0xff, 0x96, 0xc5, 0xcd, 0xff, 0x96, 0xc5, 0xcd, 0xff, 0x96, 0xc5, 0xcd, 0xff, 
0x96, 0xc5, 0xcd, 0xff, 0x96, 0xc5, 0xcd, 0xff, 0x96, 0xc5, 0xcd, 0xff, 0x96, 0xc5, 0xcd, 0xff, 
0x96, 0xc5, 0xcd, 0xff, 0x96, 0xc5, 0xcd, 0xff, 0x96, 0xc5, 0xcd, 0xff, 0x96, 0xc5, 0xcd, 0xff, 
0x96, 0xc5, 0xcd, 0xff, 0x96, 0xc5, 0xcd, 0xff, 0x96, 0xc5, 0xcd, 0xff, 0x96, 0xc5, 0xcd, 0xff, 
0x96, 0xc5, 0xcd, 0xff, 0x96, 0xc5, 0xcd, 0xff, 0x96, 0xc5, 0xcd, 0xff, 0x96, 0xc5, 0xcd, 0xff, 
0x96, 0xc5, 0xcd, 0xff, 0x96, 0xc5, 0xcd, 0xff, 0x96, 0xc5, 0xcd, 0xff, 0x96, 0xc5, 0xcd, 0xff, 
0x96, 0xc5, 0xcd, 0xff, 0x96, 0xc5, 0xcd, 0xff, 0x96, 0xc5, 0xcd, 0xff, 0x96, 0xc5, 0xcd, 0xff, 
0x96, 0xc5, 0xcd, 0xff, 0x96, 0xc5, 0xcd, 0xff, 0x96, 0xc5, 0xcd, 0xff, 0x96, 0xc5, 0xcd, 0xff, 
0x96, 0xc5, 0xcd, 0xff, 0x96, 0xc5, 0xcd, 0xff, 0x96, 0xc5, 0xcd, 0xff, 0x96, 0xc5, 0xcd, 0xff, 
0x96, 0xc5, 0xcd, 0xff, 0x96, 0xc5, 0xcd, 0xff, 0x96, 0xc5, 0xcd, 0xff, 0x96, 0xc5, 0xcd, 0xff, 
0x96, 0xc3, 0xcc, 0xff, 0x96, 0xc3, 0xcc, 0xff, 0x96, 0xc3, 0xcc, 0xff, 0x96, 0xc3, 0xcc, 0xff, 
0x96, 0xc3, 0xcc, 0xff, 0x96, 0xc3, 0xcc, 0xff, 0x96, 0xc3, 0xcc, 0xff, 0x96, 0xc3, 0xcc, 0xff, 
0x96, 0xc3, 0xcc, 0xff, 0x96, 0xc3, 0xcc, 0xff, 0x96, 0xc3, 0xcc, 0xff, 0x96, 0xc3, 0xcc, 0xff, 
0x96, 0xc3, 0xcc, 0xff, 0x96, 0xc3, 0xcc, 0xff, 0x96, 0xc3, 0xcc, 0xff, 0x96, 0xc3, 0xcc, 0xff, 
0x96, 0xc3, 0xcc, 0xff, 0x96, 0xc3, 0xcc, 0xff, 0x96, 0xc3, 0xcc, 0xff, 0x96, 0xc3, 0xcc, 0xff, 
0x96, 0xc3, 0xcc, 0xff, 0x96, 0xc3, 0xcc, 0xff, 0x96, 0xc3, 0xcc, 0xff, 0x96, 0xc3, 0xcc, 0xff, 
0x96, 0xc3, 0xcc, 0xff, 0x96, 0xc3, 0xcc, 0xff, 0x96, 0xc3, 0xcc, 0xff, 0x96, 0xc3, 0xcc, 0xff, 
0x96, 0xc3, 0xcc, 0xff, 0x96, 0xc3, 0xcc, 0xff, 0x96, 0xc3, 0xcc, 0xff, 0x96, 0xc3, 0xcc, 0xff, 
0x96, 0xc3, 0xcc, 0xff, 0x96, 0xc3, 0xcc, 0xff, 0x96, 0xc3, 0xcc, 0xff, 0x96, 0xc3, 0xcc, 0xff, 
0x96, 0xc3, 0xcc, 0xff, 0x96, 0xc3, 0xcc, 0xff, 0x96, 0xc3, 0xcc, 0xff, 0x96, 0xc3, 0xcc, 0xff, 
0x96, 0xc3, 0xcc, 0xff, 0x96, 0xc3, 0xcc, 0xff, 0x96, 0xc3, 0xcc, 0xff, 0x96, 0xc3, 0xcc, 0xff, 
0x96, 0xc3, 0xcc, 0xff, 0x96, 0xc3, 0xcc, 0xff, 0x96, 0xc3, 0xcc, 0xff, 0x96, 0xc3, 0xcc, 0xff, 
0x96, 0xc3, 0xcc, 0xff, 0x96, 0xc3, 0xcc, 0xff, 0x96, 0xc3, 0xcc, 0xff, 0x96, 0xc3, 0xcc, 0xff, 
0x96, 0xc3, 0xcc, 0xff, 0x96, 0xc3, 0xcc, 0xff, 0x96, 0xc3, 0xcc, 0xff, 0x96, 0xc3, 0xcc, 0xff, 
0x96, 0xc3, 0xcc, 0xff, 0x96, 0xc3, 0xcc, 0xff, 0x96, 0xc3, 0xcc, 0xff, 0x96, 0xc3, 0xcc, 0xff, 
0x96, 0xc3, 0xcc, 0xff, 0x96, 0xc3, 0xcc, 0xff, 0x96, 0xc3, 0xcc, 0xff, 0x96, 0xc3, 0xcc, 0xff, 
0x96, 0xc3, 0xcc, 0xff, 0x96, 0xc3, 0xcc, 0xff, 0x96, 0xc3, 0xcc, 0xff, 0x96, 0xc3, 0xcc, 0xff, 
0x96, 0xc3, 0xcc, 0xff, 0x96, 0xc3, 0xcc, 0xff, 0x96, 0xc3, 0xcc, 0xff, 0x96, 0xc3, 0xcc, 0xff, 
0x96, 0xc3, 0xcc, 0xff, 0x96, 0xc3, 0xcc, 0xff, 0x96, 0xc3, 0xcc, 0xff, 0x96, 0xc3, 0xcc, 0xff, 
0x96, 0xc3, 0xcc, 0xff, 0x96, 0xc3, 0xcc, 0xff, 0x96, 0xc3, 0xcc, 0xff, 0x96, 0xc3, 0xcc, 0xff, 
0x96, 0xc3, 0xcc, 0xff, 0x96, 0xc3, 0xcc, 0xff, 0x96, 0xc3, 0xcc, 0xff, 0x96, 0xc3, 0xcc, 0xff, 
0x96, 0xc3, 0xcc, 0xff, 0x96, 0xc3, 0xcc, 0xff, 0x96, 0xc3, 0xcc, 0xff, 0x96, 0xc3, 0xcc, 0xff, 
0x96, 0xc3, 0xcc, 0xff, 0x96, 0xc3, 0xcc, 0xff, 0x96, 0xc3, 0xcc, 0xff, 0x96, 0xc3, 0xcc, 0xff, 
0x96, 0xc3, 0xcc, 0xff, 0x96, 0xc3, 0xcc, 0xff, 0x96, 0xc3, 0xcc, 0xff, 0x96, 0xc3, 0xcc, 0xff, 
0x96, 0xc3, 0xcc, 0xff, 0x96, 0xc3, 0xcc, 0xff, 0x96, 0xc3, 0xcc, 0xff, 0x96, 0xc3, 0xcc, 0xff, 
0x96, 0xc3, 0xcc, 0xff, 0x96, 0xc3, 0xcc, 0xff, 0x96, 0xc3, 0xcc, 0xff, 0x96, 0xc3, 0xcc, 0xff, 
0x96, 0xc3, 0xcc, 0xff, 0x96, 0xc3, 0xcc, 0xff, 0x96, 0xc3, 0xcc, 0xff, 0x96, 0xc3, 0xcc, 0xff, 
0x96, 0xc3, 0xcc, 0xff, 0x96, 0xc3, 0xcc, 0xff, 0x96, 0xc3, 0xcc, 0xff, 0x96, 0xc3, 0xcc, 0xff, 
0x96, 0xc3, 0xcc, 0xff, 0x96, 0xc3, 0xcc, 0xff, 0x96, 0xc3, 0xcc, 0xff, 0x96, 0xc3, 0xcc, 0xff, 
0x96, 0xc3, 0xcc, 0xff, 0x96, 0xc3, 0xcc, 0xff, 0x96, 0xc3, 0xcc, 0xff, 0x96, 0xc3, 0xcc, 0xff, 
0x96, 0xc3, 0xcc, 0xff, 0x96, 0xc3, 0xcc, 0xff, 0x96, 0xc3, 0xcc, 0xff, 0x96, 0xc3, 0xcc, 0xff, 
0x96, 0xc3, 0xcc, 0xff, 0x96, 0xc3, 0xcc, 0xff, 0x96, 0xc3, 0xcc, 0xff, 0x96, 0xc3, 0xcc, 0xff, 
0x96, 0xc3, 0xcc, 0xff, 0x96, 0xc3, 0xcc, 0xff, 0x96, 0xc3, 0xcc, 0xff, 0x96, 0xc3, 0xcc, 0xff, 
0x96, 0xc3, 0xcc, 0xff, 0x96, 0xc3, 0xcc, 0xff, 0x96, 0xc3, 0xcc, 0xff, 0x96, 0xc3, 0xcc, 0xff, 
0x96, 0xc3, 0xcc, 0xff, 0x96, 0xc3, 0xcc, 0xff, 0x96, 0xc3, 0xcc, 0xff, 0x96, 0xc3, 0xcc, 0xff, 
0x96, 0xc3, 0xcc, 0xff, 0x96, 0xc3, 0xcc, 0xff, 0x96, 0xc3, 0xcc, 0xff, 0x96, 0xc3, 0xcc, 0xff, 
0x96, 0xc3, 0xcc, 0xff, 0x96, 0xc3, 0xcc, 0xff, 0x96, 0xc3, 0xcc, 0xff, 0x96, 0xc3, 0xcc, 0xff, 
0x96, 0xc3, 0xcc, 0xff, 0x96, 0xc3, 0xcc, 0xff, 0x96, 0xc3, 0xcc, 0xff, 0x96, 0xc3, 0xcc, 0xff, 
0x96, 0xc3, 0xcc, 0xff, 0x96, 0xc3, 0xcc, 0xff, 0x96, 0xc3, 0xcc, 0xff, 0x96, 0xc3, 0xcc, 0xff, 
0x96, 0xc3, 0xcc, 0xff, 0x96, 0xc3, 0xcc, 0xff, 0x96, 0xc3, 0xcc, 0xff, 0x96, 0xc3, 0xcc, 0xff, 
0x96, 0xc3, 0xcc, 0xff, 0x96, 0xc3, 0xcc, 0xff, 0x96, 0xc3, 0xcc, 0xff, 0x96, 0xc3, 0xcc, 0xff, 
0x96, 0xc3, 0xcc, 0xff, 0x96, 0xc3, 0xcc, 0xff, 0x96, 0xc3, 0xcc, 0xff, 0x96, 0xc3, 0xcc, 0xff, 
0x96, 0xc3, 0xcc, 0xff, 0x96, 0xc3, 0xcc, 0xff, 0x96, 0xc3, 0xcc, 0xff, 0x96, 0xc3, 0xcc, 0xff, 
0x96, 0xc3, 0xcc, 0xff, 0x96, 0xc3, 0xcc, 0xff, 0x96, 0xc3, 0xcc, 0xff, 0x96, 0xc3, 0xcc, 0xff, 
0x96, 0xc3, 0xcc, 0xff, 0x96, 0xc3, 0xcc, 0xff, 0x96, 0xc3, 0xcc, 0xff, 0x96, 0xc3, 0xcc, 0xff, 
0x96, 0xc3, 0xcc, 0xff, 0x96, 0xc3, 0xcc, 0xff, 0x96, 0xc3, 0xcc, 0xff, 0x96, 0xc3, 0xcc, 0xff, 
0x96, 0xc3, 0xcc, 0xff, 0x96, 0xc3, 0xcc, 0xff, 0x96, 0xc3, 0xcc, 0xff, 0x96, 0xc3, 0xcc, 0xff, 
0x96, 0xc3, 0xcc, 0xff, 0x96, 0xc3, 0xcc, 0xff, 0x96, 0xc3, 0xcc, 0xff, 0x96, 0xc3, 0xcc, 0xff, 
0x96, 0xc3, 0xcc, 0xff, 0x96, 0xc3, 0xcc, 0xff, 0x96, 0xc3, 0xcc, 0xff, 0x96, 0xc3, 0xcc, 0xff, 
0x96, 0xc3, 0xcc, 0xff, 0x96, 0xc3, 0xcc, 0xff, 0x96, 0xc3, 0xcc, 0xff, 0x96, 0xc3, 0xcc, 0xff, 
0x96, 0xc3, 0xcc, 0xff, 0x96, 0xc3, 0xcc, 0xff, 0x96, 0xc3, 0xcc, 0xff, 0x96, 0xc3, 0xcc, 0xff, 
0x96, 0xc3, 0xcc, 0xff, 0x96, 0xc3, 0xcc, 0xff, 0x96, 0xc3, 0xcc, 0xff, 0x96, 0xc3, 0xcc, 0xff, 
0x96, 0xc3, 0xcc, 0xff, 0x96, 0xc3, 0xcc, 0xff, 0x96, 0xc3, 0xcc, 0xff, 0x96, 0xc3, 0xcc, 0xff, 
0x96, 0xc3, 0xcc, 0xff, 0x96, 0xc3, 0xcc, 0xff, 0x96, 0xc3, 0xcc, 0xff, 0x96, 0xc3, 0xcc, 0xff, 
0x96, 0xc3, 0xcc, 0xff, 0x96, 0xc3, 0xcc, 0xff, 0x96, 0xc3, 0xcc, 0xff, 0x96, 0xc3, 0xcc, 0xff, 
0x96, 0xc3, 0xcc, 0xff, 0x96, 0xc3, 0xcc, 0xff, 0x96, 0xc3, 0xcc, 0xff, 0x96, 0xc3, 0xcc, 0xff, 
0x96, 0xc3, 0xcc, 0xff, 0x96, 0xc3, 0xcc, 0xff, 0x96, 0xc3, 0xcc, 0xff, 0x96, 0xc3, 0xcc, 0xff, 
0x96, 0xc3, 0xcc, 0xff, 0x96, 0xc3, 0xcc, 0xff, 0x96, 0xc3, 0xcc, 0xff, 0x96, 0xc3, 0xcc, 0xff, 
0x96, 0xc3, 0xcc, 0xff, 0x96, 0xc3, 0xcc, 0xff, 0x96, 0xc3, 0xcc, 0xff, 0x96, 0xc3, 0xcc, 0xff, 
0x96, 0xc3, 0xcc, 0xff, 0x96, 0xc3, 0xcc, 0xff, 0x96, 0xc3, 0xcc, 0xff, 0x96, 0xc3, 0xcc, 0xff, 
0x96, 0xc3, 0xcc, 0xff, 0x96, 0xc3, 0xcc, 0xff, 0x96, 0xc3, 0xcc, 0xff, 0x96, 0xc3, 0xcc, 0xff, 
0x96, 0xc3, 0xcc, 0xff, 0x96, 0xc3, 0xcc, 0xff, 0x96, 0xc3, 0xcc, 0xff, 0x96, 0xc3, 0xcc, 0xff, 
0x96, 0xc3, 0xcc, 0xff, 0x96, 0xc3, 0xcc, 0xff, 0x96, 0xc3, 0xcc, 0xff, 0x96, 0xc3, 0xcc, 0xff, 
0x96, 0xc3, 0xcc, 0xff, 0x96, 0xc3, 0xcc, 0xff, 0x96, 0xc3, 0xcc, 0xff, 0x96, 0xc3, 0xcc, 0xff, 
0x93, 0xc2, 0xca, 0xff, 0x93, 0xc2, 0xca, 0xff, 0x93, 0xc2, 0xca, 0xff, 0x93, 0xc2, 0xca, 0xff, 
0x93, 0xc2, 0xca, 0xff, 0x93, 0xc2, 0xca, 0xff, 0x93, 0xc2, 0xca, 0xff, 0x93, 0xc2, 0xca, 0xff, 
0x93, 0xc2, 0xca, 0xff, 0x93, 0xc2, 0xca, 0xff, 0x93, 0xc2, 0xca, 0xff, 0x93, 0xc2, 0xca, 0xff, 
0x93, 0xc2, 0xca, 0xff, 0x93, 0xc2, 0xca, 0xff, 0x93, 0xc2, 0xca, 0xff, 0x93, 0xc2, 0xca, 0xff, 
0x93, 0xc2, 0xca, 0xff, 0x93, 0xc2, 0xca, 0xff, 0x93, 0xc2, 0xca, 0xff, 0x93, 0xc2, 0xca, 0xff, 
0x93, 0xc2, 0xca, 0xff, 0x93, 0xc2, 0xca, 0xff, 0x93, 0xc2, 0xca, 0xff, 0x93, 0xc2, 0xca, 0xff, 
0x93, 0xc2, 0xca, 0xff, 0x93, 0xc2, 0xca, 0xff, 0x93, 0xc2, 0xca, 0xff, 0x93, 0xc2, 0xca, 0xff, 
0x93, 0xc2, 0xca, 0xff, 0x93, 0xc2, 0xca, 0xff, 0x93, 0xc2, 0xca, 0xff, 0x93, 0xc2, 0xca, 0xff, 
0x93, 0xc2, 0xca, 0xff, 0x93, 0xc2, 0xca, 0xff, 0x93, 0xc2, 0xca, 0xff, 0x93, 0xc2, 0xca, 0xff, 
0x93, 0xc2, 0xca, 0xff, 0x93, 0xc2, 0xca, 0xff, 0x93, 0xc2, 0xca, 0xff, 0x93, 0xc2, 0xca, 0xff, 
0x93, 0xc2, 0xca, 0xff, 0x93, 0xc2, 0xca, 0xff, 0x93, 0xc2, 0xca, 0xff, 0x93, 0xc2, 0xca, 0xff, 
0x93, 0xc2, 0xca, 0xff, 0x93, 0xc2, 0xca, 0xff, 0x93, 0xc2, 0xca, 0xff, 0x93, 0xc2, 0xca, 0xff, 
0x93, 0xc2, 0xca, 0xff, 0x93, 0xc2, 0xca, 0xff, 0x93, 0xc2, 0xca, 0xff, 0x93, 0xc2, 0xca, 0xff, 
0x93, 0xc2, 0xca, 0xff, 0x93, 0xc2, 0xca, 0xff, 0x93, 0xc2, 0xca, 0xff, 0x93, 0xc2, 0xca, 0xff, 
0x93, 0xc2, 0xca, 0xff, 0x93, 0xc2, 0xca, 0xff, 0x93, 0xc2, 0xca, 0xff, 0x93, 0xc2, 0xca, 0xff, 
0x93, 0xc2, 0xca, 0xff, 0x93, 0xc2, 0xca, 0xff, 0x93, 0xc2, 0xca, 0xff, 0x93, 0xc2, 0xca, 0xff, 
0x93, 0xc2, 0xca, 0xff, 0x93, 0xc2, 0xca, 0xff, 0x93, 0xc2, 0xca, 0xff, 0x93, 0xc2, 0xca, 0xff, 
0x93, 0xc2, 0xca, 0xff, 0x93, 0xc2, 0xca, 0xff, 0x93, 0xc2, 0xca, 0xff, 0x93, 0xc2, 0xca, 0xff, 
0x93, 0xc2, 0xca, 0xff, 0x93, 0xc2, 0xca, 0xff, 0x93, 0xc2, 0xca, 0xff, 0x93, 0xc2, 0xca, 0xff, 
0x93, 0xc2, 0xca, 0xff, 0x93, 0xc2, 0xca, 0xff, 0x93, 0xc2, 0xca, 0xff, 0x93, 0xc2, 0xca, 0xff, 
0x93, 0xc2, 0xca, 0xff, 0x93, 0xc2, 0xca, 0xff, 0x93, 0xc2, 0xca, 0xff, 0x93, 0xc2, 0xca, 0xff, 
0x93, 0xc2, 0xca, 0xff, 0x93, 0xc2, 0xca, 0xff, 0x93, 0xc2, 0xca, 0xff, 0x93, 0xc2, 0xca, 0xff, 
0x93, 0xc2, 0xca, 0xff, 0x93, 0xc2, 0xca, 0xff, 0x93, 0xc2, 0xca, 0xff, 0x93, 0xc2, 0xca, 0xff, 
0x93, 0xc2, 0xca, 0xff, 0x93, 0xc2, 0xca, 0xff, 0x93, 0xc2, 0xca, 0xff, 0x93, 0xc2, 0xca, 0xff, 
0x93, 0xc2, 0xca, 0xff, 0x93, 0xc2, 0xca, 0xff, 0x93, 0xc2, 0xca, 0xff, 0x93, 0xc2, 0xca, 0xff, 
0x93, 0xc2, 0xca, 0xff, 0x93, 0xc2, 0xca, 0xff, 0x93, 0xc2, 0xca, 0xff, 0x93, 0xc2, 0xca, 0xff, 
0x93, 0xc2, 0xca, 0xff, 0x93, 0xc2, 0xca, 0xff, 0x93, 0xc2, 0xca, 0xff, 0x93, 0xc2, 0xca, 0xff, 
0x93, 0xc2, 0xca, 0xff, 0x93, 0xc2, 0xca, 0xff, 0x93, 0xc2, 0xca, 0xff, 0x93, 0xc2, 0xca, 0xff, 
0x93, 0xc2, 0xca, 0xff, 0x93, 0xc2, 0xca, 0xff, 0x93, 0xc2, 0xca, 0xff, 0x93, 0xc2, 0xca, 0xff, 
0x93, 0xc2, 0xca, 0xff, 0x93, 0xc2, 0xca, 0xff, 0x93, 0xc2, 0xca, 0xff, 0x93, 0xc2, 0xca, 0xff, 
0x93, 0xc2, 0xca, 0xff, 0x93, 0xc2, 0xca, 0xff, 0x93, 0xc2, 0xca, 0xff, 0x93, 0xc2, 0xca, 0xff, 
0x93, 0xc2, 0xca, 0xff, 0x93, 0xc2, 0xca, 0xff, 0x93, 0xc2, 0xca, 0xff, 0x93, 0xc2, 0xca, 0xff, 
0x93, 0xc2, 0xca, 0xff, 0x93, 0xc2, 0xca, 0xff, 0x93, 0xc2, 0xca, 0xff, 0x93, 0xc2, 0xca, 0xff, 
0x93, 0xc2, 0xca, 0xff, 0x93, 0xc2, 0xca, 0xff, 0x93, 0xc2, 0xca, 0xff, 0x93, 0xc2, 0xca, 0xff, 
0x93, 0xc2, 0xca, 0xff, 0x93, 0xc2, 0xca, 0xff, 0x93, 0xc2, 0xca, 0xff, 0x93, 0xc2, 0xca, 0xff, 
0x93, 0xc2, 0xca, 0xff, 0x93, 0xc2, 0xca, 0xff, 0x93, 0xc2, 0xca, 0xff, 0x93, 0xc2, 0xca, 0xff, 
0x93, 0xc2, 0xca, 0xff, 0x93, 0xc2, 0xca, 0xff, 0x93, 0xc2, 0xca, 0xff, 0x93, 0xc2, 0xca, 0xff, 
0x93, 0xc2, 0xca, 0xff, 0x93, 0xc2, 0xca, 0xff, 0x93, 0xc2, 0xca, 0xff, 0x93, 0xc2, 0xca, 0xff, 
0x93, 0xc2, 0xca, 0xff, 0x93, 0xc2, 0xca, 0xff, 0x93, 0xc2, 0xca, 0xff, 0x93, 0xc2, 0xca, 0xff, 
0x93, 0xc2, 0xca, 0xff, 0x93, 0xc2, 0xca, 0xff, 0x93, 0xc2, 0xca, 0xff, 0x93, 0xc2, 0xca, 0xff, 
0x93, 0xc2, 0xca, 0xff, 0x93, 0xc2, 0xca, 0xff, 0x93, 0xc2, 0xca, 0xff, 0x93, 0xc2, 0xca, 0xff, 
0x93, 0xc2, 0xca, 0xff, 0x93, 0xc2, 0xca, 0xff, 0x93, 0xc2, 0xca, 0xff, 0x93, 0xc2, 0xca, 0xff, 
0x93, 0xc2, 0xca, 0xff, 0x93, 0xc2, 0xca, 0xff, 0x93, 0xc2, 0xca, 0xff, 0x93, 0xc2, 0xca, 0xff, 
0x93, 0xc2, 0xca, 0xff, 0x93, 0xc2, 0xca, 0xff, 0x93, 0xc2, 0xca, 0xff, 0x93, 0xc2, 0xca, 0xff, 
0x93, 0xc2, 0xca, 0xff, 0x93, 0xc2, 0xca, 0xff, 0x93, 0xc2, 0xca, 0xff, 0x93, 0xc2, 0xca, 0xff, 
0x93, 0xc2, 0xca, 0xff, 0x93, 0xc2, 0xca, 0xff, 0x93, 0xc2, 0xca, 0xff, 0x93, 0xc2, 0xca, 0xff, 
0x93, 0xc2, 0xca, 0xff, 0x93, 0xc2, 0xca, 0xff, 0x93, 0xc2, 0xca, 0xff, 0x93, 0xc2, 0xca, 0xff, 
0x93, 0xc2, 0xca, 0xff, 0x93, 0xc2, 0xca, 0xff, 0x93, 0xc2, 0xca, 0xff, 0x93, 0xc2, 0xca, 0xff, 
0x93, 0xc2, 0xca, 0xff, 0x93, 0xc2, 0xca, 0xff, 0x93, 0xc2, 0xca, 0xff, 0x93, 0xc2, 0xca, 0xff, 
0x93, 0xc2, 0xca, 0xff, 0x93, 0xc2, 0xca, 0xff, 0x93, 0xc2, 0xca, 0xff, 0x93, 0xc2, 0xca, 0xff, 
0x93, 0xc2, 0xca, 0xff, 0x93, 0xc2, 0xca, 0xff, 0x93, 0xc2, 0xca, 0xff, 0x93, 0xc2, 0xca, 0xff, 
0x93, 0xc2, 0xca, 0xff, 0x93, 0xc2, 0xca, 0xff, 0x93, 0xc2, 0xca, 0xff, 0x93, 0xc2, 0xca, 0xff, 
0x93, 0xc2, 0xca, 0xff, 0x93, 0xc2, 0xca, 0xff, 0x93, 0xc2, 0xca, 0xff, 0x93, 0xc2, 0xca, 0xff, 
0x93, 0xc2, 0xca, 0xff, 0x93, 0xc2, 0xca, 0xff, 0x93, 0xc2, 0xca, 0xff, 0x93, 0xc2, 0xca, 0xff, 
0x93, 0xc2, 0xca, 0xff, 0x93, 0xc2, 0xca, 0xff, 0x93, 0xc2, 0xca, 0xff, 0x93, 0xc2, 0xca, 0xff, 
0x93, 0xc2, 0xca, 0xff, 0x93, 0xc2, 0xca, 0xff, 0x93, 0xc2, 0xca, 0xff, 0x93, 0xc2, 0xca, 0xff, 
0x93, 0xc2, 0xca, 0xff, 0x93, 0xc2, 0xca, 0xff, 0x93, 0xc2, 0xca, 0xff, 0x93, 0xc2, 0xca, 0xff, 
0x93, 0xc2, 0xca, 0xff, 0x93, 0xc2, 0xca, 0xff, 0x93, 0xc2, 0xca, 0xff, 0x93, 0xc2, 0xca, 0xff, 
0x93, 0xc2, 0xca, 0xff, 0x93, 0xc2, 0xca, 0xff, 0x93, 0xc2, 0xca, 0xff, 0x93, 0xc2, 0xca, 0xff, 
0x93, 0xc2, 0xca, 0xff, 0x93, 0xc2, 0xca, 0xff, 0x93, 0xc2, 0xca, 0xff, 0x93, 0xc2, 0xca, 0xff, 
0x93, 0xc2, 0xca, 0xff, 0x93, 0xc2, 0xca, 0xff, 0x93, 0xc2, 0xca, 0xff, 0x93, 0xc2, 0xca, 0xff, 
0x93, 0xc2, 0xca, 0xff, 0x93, 0xc2, 0xca, 0xff, 0x93, 0xc2, 0xca, 0xff, 0x93, 0xc2, 0xca, 0xff, 
0x93, 0xc2, 0xca, 0xff, 0x93, 0xc2, 0xca, 0xff, 0x93, 0xc2, 0xca, 0xff, 0x93, 0xc2, 0xca, 0xff, 
0x93, 0xc2, 0xca, 0xff, 0x93, 0xc2, 0xca, 0xff, 0x93, 0xc2, 0xca, 0xff, 0x93, 0xc2, 0xca, 0xff, 
0x91, 0xc1, 0xc9, 0xff, 0x91, 0xc1, 0xc9, 0xff, 0x91, 0xc1, 0xc9, 0xff, 0x91, 0xc1, 0xc9, 0xff, 
0x91, 0xc1, 0xc9, 0xff, 0x91, 0xc1, 0xc9, 0xff, 0x91, 0xc1, 0xc9, 0xff, 0x91, 0xc1, 0xc9, 0xff, 
0x91, 0xc1, 0xc9, 0xff, 0x91, 0xc1, 0xc9, 0xff, 0x91, 0xc1, 0xc9, 0xff, 0x91, 0xc1, 0xc9, 0xff, 
0x91, 0xc1, 0xc9, 0xff, 0x91, 0xc1, 0xc9, 0xff, 0x91, 0xc1, 0xc9, 0xff, 0x91, 0xc1, 0xc9, 0xff, 
0x91, 0xc1, 0xc9, 0xff, 0x91, 0xc1, 0xc9, 0xff, 0x91, 0xc1, 0xc9, 0xff, 0x91, 0xc1, 0xc9, 0xff, 
0x91, 0xc1, 0xc9, 0xff, 0x91, 0xc1, 0xc9, 0xff, 0x91, 0xc1, 0xc9, 0xff, 0x91, 0xc1, 0xc9, 0xff, 
0x91, 0xc1, 0xc9, 0xff, 0x91, 0xc1, 0xc9, 0xff, 0x91, 0xc1, 0xc9, 0xff, 0x91, 0xc1, 0xc9, 0xff, 
0x91, 0xc1, 0xc9, 0xff, 0x91, 0xc1, 0xc9, 0xff, 0x91, 0xc1, 0xc9, 0xff, 0x91, 0xc1, 0xc9, 0xff, 
0x91, 0xc1, 0xc9, 0xff, 0x91, 0xc1, 0xc9, 0xff, 0x91, 0xc1, 0xc9, 0xff, 0x91, 0xc1, 0xc9, 0xff, 
0x91, 0xc1, 0xc9, 0xff, 0x91, 0xc1, 0xc9, 0xff, 0x91, 0xc1, 0xc9, 0xff, 0x91, 0xc1, 0xc9, 0xff, 
0x91, 0xc1, 0xc9, 0xff, 0x91, 0xc1, 0xc9, 0xff, 0x91, 0xc1, 0xc9, 0xff, 0x91, 0xc1, 0xc9, 0xff, 
0x91, 0xc1, 0xc9, 0xff, 0x91, 0xc1, 0xc9, 0xff, 0x91, 0xc1, 0xc9, 0xff, 0x91, 0xc1, 0xc9, 0xff, 
0x91, 0xc1, 0xc9, 0xff, 0x91, 0xc1, 0xc9, 0xff, 0x91, 0xc1, 0xc9, 0xff, 0x91, 0xc1, 0xc9, 0xff, 
0x91, 0xc1, 0xc9, 0xff, 0x91, 0xc1, 0xc9, 0xff, 0x91, 0xc1, 0xc9, 0xff, 0x91, 0xc1, 0xc9, 0xff, 
0x91, 0xc1, 0xc9, 0xff, 0x91, 0xc1, 0xc9, 0xff, 0x91, 0xc1, 0xc9, 0xff, 0x91, 0xc1, 0xc9, 0xff, 
0x91, 0xc1, 0xc9, 0xff, 0x91, 0xc1, 0xc9, 0xff, 0x91, 0xc1, 0xc9, 0xff, 0x91, 0xc1, 0xc9, 0xff, 
0x91, 0xc1, 0xc9, 0xff, 0x91, 0xc1, 0xc9, 0xff, 0x91, 0xc1, 0xc9, 0xff, 0x91, 0xc1, 0xc9, 0xff, 
0x91, 0xc1, 0xc9, 0xff, 0x91, 0xc1, 0xc9, 0xff, 0x91, 0xc1, 0xc9, 0xff, 0x91, 0xc1, 0xc9, 0xff, 
0x91, 0xc1, 0xc9, 0xff, 0x91, 0xc1, 0xc9, 0xff, 0x91, 0xc1, 0xc9, 0xff, 0x91, 0xc1, 0xc9, 0xff, 
0x91, 0xc1, 0xc9, 0xff, 0x91, 0xc1, 0xc9, 0xff, 0x91, 0xc1, 0xc9, 0xff, 0x91, 0xc1, 0xc9, 0xff, 
0x91, 0xc1, 0xc9, 0xff, 0x91, 0xc1, 0xc9, 0xff, 0x91, 0xc1, 0xc9, 0xff, 0x91, 0xc1, 0xc9, 0xff, 
0x91, 0xc1, 0xc9, 0xff, 0x91, 0xc1, 0xc9, 0xff, 0x91, 0xc1, 0xc9, 0xff, 0x91, 0xc1, 0xc9, 0xff, 
0x91, 0xc1, 0xc9, 0xff, 0x91, 0xc1, 0xc9, 0xff, 0x91, 0xc1, 0xc9, 0xff, 0x91, 0xc1, 0xc9, 0xff, 
0x91, 0xc1, 0xc9, 0xff, 0x91, 0xc1, 0xc9, 0xff, 0x91, 0xc1, 0xc9, 0xff, 0x91, 0xc1, 0xc9, 0xff, 
0x91, 0xc1, 0xc9, 0xff, 0x91, 0xc1, 0xc9, 0xff, 0x91, 0xc1, 0xc9, 0xff, 0x91, 0xc1, 0xc9, 0xff, 
0x91, 0xc1, 0xc9, 0xff, 0x91, 0xc1, 0xc9, 0xff, 0x91, 0xc1, 0xc9, 0xff, 0x91, 0xc1, 0xc9, 0xff, 
0x91, 0xc1, 0xc9, 0xff, 0x91, 0xc1, 0xc9, 0xff, 0x91, 0xc1, 0xc9, 0xff, 0x91, 0xc1, 0xc9, 0xff, 
0x91, 0xc1, 0xc9, 0xff, 0x91, 0xc1, 0xc9, 0xff, 0x91, 0xc1, 0xc9, 0xff, 0x91, 0xc1, 0xc9, 0xff, 
0x91, 0xc1, 0xc9, 0xff, 0x91, 0xc1, 0xc9, 0xff, 0x91, 0xc1, 0xc9, 0xff, 0x91, 0xc1, 0xc9, 0xff, 
0x91, 0xc1, 0xc9, 0xff, 0x91, 0xc1, 0xc9, 0xff, 0x91, 0xc1, 0xc9, 0xff, 0x91, 0xc1, 0xc9, 0xff, 
0x91, 0xc1, 0xc9, 0xff, 0x91, 0xc1, 0xc9, 0xff, 0x91, 0xc1, 0xc9, 0xff, 0x91, 0xc1, 0xc9, 0xff, 
0x91, 0xc1, 0xc9, 0xff, 0x91, 0xc1, 0xc9, 0xff, 0x91, 0xc1, 0xc9, 0xff, 0x91, 0xc1, 0xc9, 0xff, 
0x91, 0xc1, 0xc9, 0xff, 0x91, 0xc1, 0xc9, 0xff, 0x91, 0xc1, 0xc9, 0xff, 0x91, 0xc1, 0xc9, 0xff, 
0x91, 0xc1, 0xc9, 0xff, 0x91, 0xc1, 0xc9, 0xff, 0x91, 0xc1, 0xc9, 0xff, 0x91, 0xc1, 0xc9, 0xff, 
0x91, 0xc1, 0xc9, 0xff, 0x91, 0xc1, 0xc9, 0xff, 0x91, 0xc1, 0xc9, 0xff, 0x91, 0xc1, 0xc9, 0xff, 
0x91, 0xc1, 0xc9, 0xff, 0x91, 0xc1, 0xc9, 0xff, 0x91, 0xc1, 0xc9, 0xff, 0x91, 0xc1, 0xc9, 0xff, 
0x91, 0xc1, 0xc9, 0xff, 0x91, 0xc1, 0xc9, 0xff, 0x91, 0xc1, 0xc9, 0xff, 0x91, 0xc1, 0xc9, 0xff, 
0x91, 0xc1, 0xc9, 0xff, 0x91, 0xc1, 0xc9, 0xff, 0x91, 0xc1, 0xc9, 0xff, 0x91, 0xc1, 0xc9, 0xff, 
0x91, 0xc1, 0xc9, 0xff, 0x91, 0xc1, 0xc9, 0xff, 0x91, 0xc1, 0xc9, 0xff, 0x91, 0xc1, 0xc9, 0xff, 
0x91, 0xc1, 0xc9, 0xff, 0x91, 0xc1, 0xc9, 0xff, 0x91, 0xc1, 0xc9, 0xff, 0x91, 0xc1, 0xc9, 0xff, 
0x91, 0xc1, 0xc9, 0xff, 0x91, 0xc1, 0xc9, 0xff, 0x91, 0xc1, 0xc9, 0xff, 0x91, 0xc1, 0xc9, 0xff, 
0x91, 0xc1, 0xc9, 0xff, 0x91, 0xc1, 0xc9, 0xff, 0x91, 0xc1, 0xc9, 0xff, 0x91, 0xc1, 0xc9, 0xff, 
0x91, 0xc1, 0xc9, 0xff, 0x91, 0xc1, 0xc9, 0xff, 0x91, 0xc1, 0xc9, 0xff, 0x91, 0xc1, 0xc9, 0xff, 
0x91, 0xc1, 0xc9, 0xff, 0x91, 0xc1, 0xc9, 0xff, 0x91, 0xc1, 0xc9, 0xff, 0x91, 0xc1, 0xc9, 0xff, 
0x91, 0xc1, 0xc9, 0xff, 0x91, 0xc1, 0xc9, 0xff, 0x91, 0xc1, 0xc9, 0xff, 0x91, 0xc1, 0xc9, 0xff, 
0x91, 0xc1, 0xc9, 0xff, 0x91, 0xc1, 0xc9, 0xff, 0x91, 0xc1, 0xc9, 0xff, 0x91, 0xc1, 0xc9, 0xff, 
0x91, 0xc1, 0xc9, 0xff, 0x91, 0xc1, 0xc9, 0xff, 0x91, 0xc1, 0xc9, 0xff, 0x91, 0xc1, 0xc9, 0xff, 
0x91, 0xc1, 0xc9, 0xff, 0x91, 0xc1, 0xc9, 0xff, 0x91, 0xc1, 0xc9, 0xff, 0x91, 0xc1, 0xc9, 0xff, 
0x91, 0xc1, 0xc9, 0xff, 0x91, 0xc1, 0xc9, 0xff, 0x91, 0xc1, 0xc9, 0xff, 0x91, 0xc1, 0xc9, 0xff, 
0x91, 0xc1, 0xc9, 0xff, 0x91, 0xc1, 0xc9, 0xff, 0x91, 0xc1, 0xc9, 0xff, 0x91, 0xc1, 0xc9, 0xff, 
0x91, 0xc1, 0xc9, 0xff, 0x91, 0xc1, 0xc9, 0xff, 0x91, 0xc1, 0xc9, 0xff, 0x91, 0xc1, 0xc9, 0xff, 
0x91, 0xc1, 0xc9, 0xff, 0x91, 0xc1, 0xc9, 0xff, 0x91, 0xc1, 0xc9, 0xff, 0x91, 0xc1, 0xc9, 0xff, 
0x91, 0xc1, 0xc9, 0xff, 0x91, 0xc1, 0xc9, 0xff, 0x91, 0xc1, 0xc9, 0xff, 0x91, 0xc1, 0xc9, 0xff, 
0x91, 0xc1, 0xc9, 0xff, 0x91, 0xc1, 0xc9, 0xff, 0x91, 0xc1, 0xc9, 0xff, 0x91, 0xc1, 0xc9, 0xff, 
0x91, 0xc1, 0xc9, 0xff, 0x91, 0xc1, 0xc9, 0xff, 0x91, 0xc1, 0xc9, 0xff, 0x91, 0xc1, 0xc9, 0xff, 
0x91, 0xc1, 0xc9, 0xff, 0x91, 0xc1, 0xc9, 0xff, 0x91, 0xc1, 0xc9, 0xff, 0x91, 0xc1, 0xc9, 0xff, 
0x91, 0xc1, 0xc9, 0xff, 0x91, 0xc1, 0xc9, 0xff, 0x91, 0xc1, 0xc9, 0xff, 0x91, 0xc1, 0xc9, 0xff, 
0x91, 0xc1, 0xc9, 0xff, 0x91, 0xc1, 0xc9, 0xff, 0x91, 0xc1, 0xc9, 0xff, 0x91, 0xc1, 0xc9, 0xff, 
0x91, 0xc1, 0xc9, 0xff, 0x91, 0xc1, 0xc9, 0xff, 0x91, 0xc1, 0xc9, 0xff, 0x91, 0xc1, 0xc9, 0xff, 
0x91, 0xc1, 0xc9, 0xff, 0x91, 0xc1, 0xc9, 0xff, 0x91, 0xc1, 0xc9, 0xff, 0x91, 0xc1, 0xc9, 0xff, 
0x91, 0xc1, 0xc9, 0xff, 0x91, 0xc1, 0xc9, 0xff, 0x91, 0xc1, 0xc9, 0xff, 0x91, 0xc1, 0xc9, 0xff, 
0x91, 0xc1, 0xc9, 0xff, 0x91, 0xc1, 0xc9, 0xff, 0x91, 0xc1, 0xc9, 0xff, 0x91, 0xc1, 0xc9, 0xff, 
0x91, 0xc1, 0xc9, 0xff, 0x91, 0xc1, 0xc9, 0xff, 0x91, 0xc1, 0xc9, 0xff, 0x91, 0xc1, 0xc9, 0xff, 
0x91, 0xc1, 0xc9, 0xff, 0x91, 0xc1, 0xc9, 0xff, 0x91, 0xc1, 0xc9, 0xff, 0x91, 0xc1, 0xc9, 0xff, 
0x92, 0xbf, 0xc8, 0xff, 0x92, 0xbf, 0xc8, 0xff, 0x92, 0xbf, 0xc8, 0xff, 0x92, 0xbf, 0xc8, 0xff, 
0x92, 0xbf, 0xc8, 0xff, 0x92, 0xbf, 0xc8, 0xff, 0x92, 0xbf, 0xc8, 0xff, 0x92, 0xbf, 0xc8, 0xff, 
0x92, 0xbf, 0xc8, 0xff, 0x92, 0xbf, 0xc8, 0xff, 0x92, 0xbf, 0xc8, 0xff, 0x92, 0xbf, 0xc8, 0xff, 
0x92, 0xbf, 0xc8, 0xff, 0x92, 0xbf, 0xc8, 0xff, 0x92, 0xbf, 0xc8, 0xff, 0x92, 0xbf, 0xc8, 0xff, 
0x92, 0xbf, 0xc8, 0xff, 0x92, 0xbf, 0xc8, 0xff, 0x92, 0xbf, 0xc8, 0xff, 0x92, 0xbf, 0xc8, 0xff, 
0x92, 0xbf, 0xc8, 0xff, 0x92, 0xbf, 0xc8, 0xff, 0x92, 0xbf, 0xc8, 0xff, 0x92, 0xbf, 0xc8, 0xff, 
0x92, 0xbf, 0xc8, 0xff, 0x92, 0xbf, 0xc8, 0xff, 0x92, 0xbf, 0xc8, 0xff, 0x92, 0xbf, 0xc8, 0xff, 
0x92, 0xbf, 0xc8, 0xff, 0x92, 0xbf, 0xc8, 0xff, 0x92, 0xbf, 0xc8, 0xff, 0x92, 0xbf, 0xc8, 0xff, 
0x92, 0xbf, 0xc8, 0xff, 0x92, 0xbf, 0xc8, 0xff, 0x92, 0xbf, 0xc8, 0xff, 0x92, 0xbf, 0xc8, 0xff, 
0x92, 0xbf, 0xc8, 0xff, 0x92, 0xbf, 0xc8, 0xff, 0x92, 0xbf, 0xc8, 0xff, 0x92, 0xbf, 0xc8, 0xff, 
0x92, 0xbf, 0xc8, 0xff, 0x92, 0xbf, 0xc8, 0xff, 0x92, 0xbf, 0xc8, 0xff, 0x92, 0xbf, 0xc8, 0xff, 
0x92, 0xbf, 0xc8, 0xff, 0x92, 0xbf, 0xc8, 0xff, 0x92, 0xbf, 0xc8, 0xff, 0x92, 0xbf, 0xc8, 0xff, 
0x92, 0xbf, 0xc8, 0xff, 0x92, 0xbf, 0xc8, 0xff, 0x92, 0xbf, 0xc8, 0xff, 0x92, 0xbf, 0xc8, 0xff, 
0x92, 0xbf, 0xc8, 0xff, 0x92, 0xbf, 0xc8, 0xff, 0x92, 0xbf, 0xc8, 0xff, 0x92, 0xbf, 0xc8, 0xff, 
0x92, 0xbf, 0xc8, 0xff, 0x92, 0xbf, 0xc8, 0xff, 0x92, 0xbf, 0xc8, 0xff, 0x92, 0xbf, 0xc8, 0xff, 
0x92, 0xbf, 0xc8, 0xff, 0x92, 0xbf, 0xc8, 0xff, 0x92, 0xbf, 0xc8, 0xff, 0x92, 0xbf, 0xc8, 0xff, 
0x92, 0xbf, 0xc8, 0xff, 0x92, 0xbf, 0xc8, 0xff, 0x92, 0xbf, 0xc8, 0xff, 0x92, 0xbf, 0xc8, 0xff, 
0x92, 0xbf, 0xc8, 0xff, 0x92, 0xbf, 0xc8, 0xff, 0x92, 0xbf, 0xc8, 0xff, 0x92, 0xbf, 0xc8, 0xff, 
0x92, 0xbf, 0xc8, 0xff, 0x92, 0xbf, 0xc8, 0xff, 0x92, 0xbf, 0xc8, 0xff, 0x92, 0xbf, 0xc8, 0xff, 
0x92, 0xbf, 0xc8, 0xff, 0x92, 0xbf, 0xc8, 0xff, 0x92, 0xbf, 0xc8, 0xff, 0x92, 0xbf, 0xc8, 0xff, 
0x92, 0xbf, 0xc8, 0xff, 0x92, 0xbf, 0xc8, 0xff, 0x92, 0xbf, 0xc8, 0xff, 0x92, 0xbf, 0xc8, 0xff, 
0x92, 0xbf, 0xc8, 0xff, 0x92, 0xbf, 0xc8, 0xff, 0x92, 0xbf, 0xc8, 0xff, 0x92, 0xbf, 0xc8, 0xff, 
0x92, 0xbf, 0xc8, 0xff, 0x92, 0xbf, 0xc8, 0xff, 0x92, 0xbf, 0xc8, 0xff, 0x92, 0xbf, 0xc8, 0xff, 
0x92, 0xbf, 0xc8, 0xff, 0x92, 0xbf, 0xc8, 0xff, 0x92, 0xbf, 0xc8, 0xff, 0x92, 0xbf, 0xc8, 0xff, 
0x92, 0xbf, 0xc8, 0xff, 0x92, 0xbf, 0xc8, 0xff, 0x92, 0xbf, 0xc8, 0xff, 0x92, 0xbf, 0xc8, 0xff, 
0x92, 0xbf, 0xc8, 0xff, 0x92, 0xbf, 0xc8, 0xff, 0x92, 0xbf, 0xc8, 0xff, 0x92, 0xbf, 0xc8, 0xff, 
0x92, 0xbf, 0xc8, 0xff, 0x92, 0xbf, 0xc8, 0xff, 0x92, 0xbf, 0xc8, 0xff, 0x92, 0xbf, 0xc8, 0xff, 
0x92, 0xbf, 0xc8, 0xff, 0x92, 0xbf, 0xc8, 0xff, 0x92, 0xbf, 0xc8, 0xff, 0x92, 0xbf, 0xc8, 0xff, 
0x92, 0xbf, 0xc8, 0xff, 0x92, 0xbf, 0xc8, 0xff, 0x92, 0xbf, 0xc8, 0xff, 0x92, 0xbf, 0xc8, 0xff, 
0x92, 0xbf, 0xc8, 0xff, 0x92, 0xbf, 0xc8, 0xff, 0x92, 0xbf, 0xc8, 0xff, 0x92, 0xbf, 0xc8, 0xff, 
0x92, 0xbf, 0xc8, 0xff, 0x92, 0xbf, 0xc8, 0xff, 0x92, 0xbf, 0xc8, 0xff, 0x92, 0xbf, 0xc8, 0xff, 
0x92, 0xbf, 0xc8, 0xff, 0x92, 0xbf, 0xc8, 0xff, 0x92, 0xbf, 0xc8, 0xff, 0x92, 0xbf, 0xc8, 0xff, 
0x92, 0xbf, 0xc8, 0xff, 0x92, 0xbf, 0xc8, 0xff, 0x92, 0xbf, 0xc8, 0xff, 0x92, 0xbf, 0xc8, 0xff, 
0x92, 0xbf, 0xc8, 0xff, 0x92, 0xbf, 0xc8, 0xff, 0x92, 0xbf, 0xc8, 0xff, 0x92, 0xbf, 0xc8, 0xff, 
0x92, 0xbf, 0xc8, 0xff, 0x92, 0xbf, 0xc8, 0xff, 0x92, 0xbf, 0xc8, 0xff, 0x92, 0xbf, 0xc8, 0xff, 
0x92, 0xbf, 0xc8, 0xff, 0x92, 0xbf, 0xc8, 0xff, 0x92, 0xbf, 0xc8, 0xff, 0x92, 0xbf, 0xc8, 0xff, 
0x92, 0xbf, 0xc8, 0xff, 0x92, 0xbf, 0xc8, 0xff, 0x92, 0xbf, 0xc8, 0xff, 0x92, 0xbf, 0xc8, 0xff, 
0x92, 0xbf, 0xc8, 0xff, 0x92, 0xbf, 0xc8, 0xff, 0x92, 0xbf, 0xc8, 0xff, 0x92, 0xbf, 0xc8, 0xff, 
0x92, 0xbf, 0xc8, 0xff, 0x92, 0xbf, 0xc8, 0xff, 0x92, 0xbf, 0xc8, 0xff, 0x92, 0xbf, 0xc8, 0xff, 
0x92, 0xbf, 0xc8, 0xff, 0x92, 0xbf, 0xc8, 0xff, 0x92, 0xbf, 0xc8, 0xff, 0x92, 0xbf, 0xc8, 0xff, 
0x92, 0xbf, 0xc8, 0xff, 0x92, 0xbf, 0xc8, 0xff, 0x92, 0xbf, 0xc8, 0xff, 0x92, 0xbf, 0xc8, 0xff, 
0x92, 0xbf, 0xc8, 0xff, 0x92, 0xbf, 0xc8, 0xff, 0x92, 0xbf, 0xc8, 0xff, 0x92, 0xbf, 0xc8, 0xff, 
0x92, 0xbf, 0xc8, 0xff, 0x92, 0xbf, 0xc8, 0xff, 0x92, 0xbf, 0xc8, 0xff, 0x92, 0xbf, 0xc8, 0xff, 
0x92, 0xbf, 0xc8, 0xff, 0x92, 0xbf, 0xc8, 0xff, 0x92, 0xbf, 0xc8, 0xff, 0x92, 0xbf, 0xc8, 0xff, 
0x92, 0xbf, 0xc8, 0xff, 0x92, 0xbf, 0xc8, 0xff, 0x92, 0xbf, 0xc8, 0xff, 0x92, 0xbf, 0xc8, 0xff, 
0x92, 0xbf, 0xc8, 0xff, 0x92, 0xbf, 0xc8, 0xff, 0x92, 0xbf, 0xc8, 0xff, 0x92, 0xbf, 0xc8, 0xff, 
0x92, 0xbf, 0xc8, 0xff, 0x92, 0xbf, 0xc8, 0xff, 0x92, 0xbf, 0xc8, 0xff, 0x92, 0xbf, 0xc8, 0xff, 
0x92, 0xbf, 0xc8, 0xff, 0x92, 0xbf, 0xc8, 0xff, 0x92, 0xbf, 0xc8, 0xff, 0x92, 0xbf, 0xc8, 0xff, 
0x92, 0xbf, 0xc8, 0xff, 0x92, 0xbf, 0xc8, 0xff, 0x92, 0xbf, 0xc8, 0xff, 0x92, 0xbf, 0xc8, 0xff, 
0x92, 0xbf, 0xc8, 0xff, 0x92, 0xbf, 0xc8, 0xff, 0x92, 0xbf, 0xc8, 0xff, 0x92, 0xbf, 0xc8, 0xff, 
0x92, 0xbf, 0xc8, 0xff, 0x92, 0xbf, 0xc8, 0xff, 0x92, 0xbf, 0xc8, 0xff, 0x92, 0xbf, 0xc8, 0xff, 
0x92, 0xbf, 0xc8, 0xff, 0x92, 0xbf, 0xc8, 0xff, 0x92, 0xbf, 0xc8, 0xff, 0x92, 0xbf, 0xc8, 0xff, 
0x92, 0xbf, 0xc8, 0xff, 0x92, 0xbf, 0xc8, 0xff, 0x92, 0xbf, 0xc8, 0xff, 0x92, 0xbf, 0xc8, 0xff, 
0x92, 0xbf, 0xc8, 0xff, 0x92, 0xbf, 0xc8, 0xff, 0x92, 0xbf, 0xc8, 0xff, 0x92, 0xbf, 0xc8, 0xff, 
0x92, 0xbf, 0xc8, 0xff, 0x92, 0xbf, 0xc8, 0xff, 0x92, 0xbf, 0xc8, 0xff, 0x92, 0xbf, 0xc8, 0xff, 
0x92, 0xbf, 0xc8, 0xff, 0x92, 0xbf, 0xc8, 0xff, 0x92, 0xbf, 0xc8, 0xff, 0x92, 0xbf, 0xc8, 0xff, 
0x92, 0xbf, 0xc8, 0xff, 0x92, 0xbf, 0xc8, 0xff, 0x92, 0xbf, 0xc8, 0xff, 0x92, 0xbf, 0xc8, 0xff, 
0x92, 0xbf, 0xc8, 0xff, 0x92, 0xbf, 0xc8, 0xff, 0x92, 0xbf, 0xc8, 0xff, 0x92, 0xbf, 0xc8, 0xff, 
0x92, 0xbf, 0xc8, 0xff, 0x92, 0xbf, 0xc8, 0xff, 0x92, 0xbf, 0xc8, 0xff, 0x92, 0xbf, 0xc8, 0xff, 
0x92, 0xbf, 0xc8, 0xff, 0x92, 0xbf, 0xc8, 0xff, 0x92, 0xbf, 0xc8, 0xff, 0x92, 0xbf, 0xc8, 0xff, 
0x92, 0xbf, 0xc8, 0xff, 0x92, 0xbf, 0xc8, 0xff, 0x92, 0xbf, 0xc8, 0xff, 0x92, 0xbf, 0xc8, 0xff, 
0x92, 0xbf, 0xc8, 0xff, 0x92, 0xbf, 0xc8, 0xff, 0x92, 0xbf, 0xc8, 0xff, 0x92, 0xbf, 0xc8, 0xff, 
0x92, 0xbf, 0xc8, 0xff, 0x92, 0xbf, 0xc8, 0xff, 0x92, 0xbf, 0xc8, 0xff, 0x92, 0xbf, 0xc8, 0xff, 
0x92, 0xbf, 0xc8, 0xff, 0x92, 0xbf, 0xc8, 0xff, 0x92, 0xbf, 0xc8, 0xff, 0x92, 0xbf, 0xc8, 0xff, 
0x92, 0xbe, 0xc5, 0xff, 0x92, 0xbe, 0xc5, 0xff, 0x92, 0xbe, 0xc5, 0xff, 0x92, 0xbe, 0xc5, 0xff, 
0x92, 0xbe, 0xc5, 0xff, 0x92, 0xbe, 0xc5, 0xff, 0x92, 0xbe, 0xc5, 0xff, 0x92, 0xbe, 0xc5, 0xff, 
0x92, 0xbe, 0xc5, 0xff, 0x92, 0xbe, 0xc5, 0xff, 0x92, 0xbe, 0xc5, 0xff, 0x92, 0xbe, 0xc5, 0xff, 
0x92, 0xbe, 0xc5, 0xff, 0x92, 0xbe, 0xc5, 0xff, 0x92, 0xbe, 0xc5, 0xff, 0x92, 0xbe, 0xc5, 0xff, 
0x92, 0xbe, 0xc5, 0xff, 0x92, 0xbe, 0xc5, 0xff, 0x92, 0xbe, 0xc5, 0xff, 0x92, 0xbe, 0xc5, 0xff, 
0x92, 0xbe, 0xc5, 0xff, 0x92, 0xbe, 0xc5, 0xff, 0x92, 0xbe, 0xc5, 0xff, 0x92, 0xbe, 0xc5, 0xff, 
0x92, 0xbe, 0xc5, 0xff, 0x92, 0xbe, 0xc5, 0xff, 0x92, 0xbe, 0xc5, 0xff, 0x92, 0xbe, 0xc5, 0xff, 
0x92, 0xbe, 0xc5, 0xff, 0x92, 0xbe, 0xc5, 0xff, 0x92, 0xbe, 0xc5, 0xff, 0x92, 0xbe, 0xc5, 0xff, 
0x92, 0xbe, 0xc5, 0xff, 0x92, 0xbe, 0xc5, 0xff, 0x92, 0xbe, 0xc5, 0xff, 0x92, 0xbe, 0xc5, 0xff, 
0x92, 0xbe, 0xc5, 0xff, 0x92, 0xbe, 0xc5, 0xff, 0x92, 0xbe, 0xc5, 0xff, 0x92, 0xbe, 0xc5, 0xff, 
0x92, 0xbe, 0xc5, 0xff, 0x92, 0xbe, 0xc5, 0xff, 0x92, 0xbe, 0xc5, 0xff, 0x92, 0xbe, 0xc5, 0xff, 
0x92, 0xbe, 0xc5, 0xff, 0x92, 0xbe, 0xc5, 0xff, 0x92, 0xbe, 0xc5, 0xff, 0x92, 0xbe, 0xc5, 0xff, 
0x92, 0xbe, 0xc5, 0xff, 0x92, 0xbe, 0xc5, 0xff, 0x92, 0xbe, 0xc5, 0xff, 0x92, 0xbe, 0xc5, 0xff, 
0x92, 0xbe, 0xc5, 0xff, 0x92, 0xbe, 0xc5, 0xff, 0x92, 0xbe, 0xc5, 0xff, 0x92, 0xbe, 0xc5, 0xff, 
0x92, 0xbe, 0xc5, 0xff, 0x92, 0xbe, 0xc5, 0xff, 0x92, 0xbe, 0xc5, 0xff, 0x92, 0xbe, 0xc5, 0xff, 
0x92, 0xbe, 0xc5, 0xff, 0x92, 0xbe, 0xc5, 0xff, 0x92, 0xbe, 0xc5, 0xff, 0x92, 0xbe, 0xc5, 0xff, 
0x92, 0xbe, 0xc5, 0xff, 0x92, 0xbe, 0xc5, 0xff, 0x92, 0xbe, 0xc5, 0xff, 0x92, 0xbe, 0xc5, 0xff, 
0x92, 0xbe, 0xc5, 0xff, 0x92, 0xbe, 0xc5, 0xff, 0x92, 0xbe, 0xc5, 0xff, 0x92, 0xbe, 0xc5, 0xff, 
0x92, 0xbe, 0xc5, 0xff, 0x92, 0xbe, 0xc5, 0xff, 0x92, 0xbe, 0xc5, 0xff, 0x92, 0xbe, 0xc5, 0xff, 
0x92, 0xbe, 0xc5, 0xff, 0x92, 0xbe, 0xc5, 0xff, 0x92, 0xbe, 0xc5, 0xff, 0x92, 0xbe, 0xc5, 0xff, 
0x92, 0xbe, 0xc5, 0xff, 0x92, 0xbe, 0xc5, 0xff, 0x92, 0xbe, 0xc5, 0xff, 0x92, 0xbe, 0xc5, 0xff, 
0x92, 0xbe, 0xc5, 0xff, 0x92, 0xbe, 0xc5, 0xff, 0x92, 0xbe, 0xc5, 0xff, 0x92, 0xbe, 0xc5, 0xff, 
0x92, 0xbe, 0xc5, 0xff, 0x92, 0xbe, 0xc5, 0xff, 0x92, 0xbe, 0xc5, 0xff, 0x92, 0xbe, 0xc5, 0xff, 
0x92, 0xbe, 0xc5, 0xff, 0x92, 0xbe, 0xc5, 0xff, 0x92, 0xbe, 0xc5, 0xff, 0x92, 0xbe, 0xc5, 0xff, 
0x92, 0xbe, 0xc5, 0xff, 0x92, 0xbe, 0xc5, 0xff, 0x92, 0xbe, 0xc5, 0xff, 0x92, 0xbe, 0xc5, 0xff, 
0x92, 0xbe, 0xc5, 0xff, 0x92, 0xbe, 0xc5, 0xff, 0x92, 0xbe, 0xc5, 0xff, 0x92, 0xbe, 0xc5, 0xff, 
0x92, 0xbe, 0xc5, 0xff, 0x92, 0xbe, 0xc5, 0xff, 0x92, 0xbe, 0xc5, 0xff, 0x92, 0xbe, 0xc5, 0xff, 
0x92, 0xbe, 0xc5, 0xff, 0x92, 0xbe, 0xc5, 0xff, 0x92, 0xbe, 0xc5, 0xff, 0x92, 0xbe, 0xc5, 0xff, 
0x92, 0xbe, 0xc5, 0xff, 0x92, 0xbe, 0xc5, 0xff, 0x92, 0xbe, 0xc5, 0xff, 0x92, 0xbe, 0xc5, 0xff, 
0x92, 0xbe, 0xc5, 0xff, 0x92, 0xbe, 0xc5, 0xff, 0x92, 0xbe, 0xc5, 0xff, 0x92, 0xbe, 0xc5, 0xff, 
0x92, 0xbe, 0xc5, 0xff, 0x92, 0xbe, 0xc5, 0xff, 0x92, 0xbe, 0xc5, 0xff, 0x92, 0xbe, 0xc5, 0xff, 
0x92, 0xbe, 0xc5, 0xff, 0x92, 0xbe, 0xc5, 0xff, 0x92, 0xbe, 0xc5, 0xff, 0x92, 0xbe, 0xc5, 0xff, 
0x92, 0xbe, 0xc5, 0xff, 0x92, 0xbe, 0xc5, 0xff, 0x92, 0xbe, 0xc5, 0xff, 0x92, 0xbe, 0xc5, 0xff, 
0x92, 0xbe, 0xc5, 0xff, 0x92, 0xbe, 0xc5, 0xff, 0x92, 0xbe, 0xc5, 0xff, 0x92, 0xbe, 0xc5, 0xff, 
0x92, 0xbe, 0xc5, 0xff, 0x92, 0xbe, 0xc5, 0xff, 0x92, 0xbe, 0xc5, 0xff, 0x92, 0xbe, 0xc5, 0xff, 
0x92, 0xbe, 0xc5, 0xff, 0x92, 0xbe, 0xc5, 0xff, 0x92, 0xbe, 0xc5, 0xff, 0x92, 0xbe, 0xc5, 0xff, 
0x92, 0xbe, 0xc5, 0xff, 0x92, 0xbe, 0xc5, 0xff, 0x92, 0xbe, 0xc5, 0xff, 0x92, 0xbe, 0xc5, 0xff, 
0x92, 0xbe, 0xc5, 0xff, 0x92, 0xbe, 0xc5, 0xff, 0x92, 0xbe, 0xc5, 0xff, 0x92, 0xbe, 0xc5, 0xff, 
0x92, 0xbe, 0xc5, 0xff, 0x92, 0xbe, 0xc5, 0xff, 0x92, 0xbe, 0xc5, 0xff, 0x92, 0xbe, 0xc5, 0xff, 
0x92, 0xbe, 0xc5, 0xff, 0x92, 0xbe, 0xc5, 0xff, 0x92, 0xbe, 0xc5, 0xff, 0x92, 0xbe, 0xc5, 0xff, 
0x92, 0xbe, 0xc5, 0xff, 0x92, 0xbe, 0xc5, 0xff, 0x92, 0xbe, 0xc5, 0xff, 0x92, 0xbe, 0xc5, 0xff, 
0x92, 0xbe, 0xc5, 0xff, 0x92, 0xbe, 0xc5, 0xff, 0x92, 0xbe, 0xc5, 0xff, 0x92, 0xbe, 0xc5, 0xff, 
0x92, 0xbe, 0xc5, 0xff, 0x92, 0xbe, 0xc5, 0xff, 0x92, 0xbe, 0xc5, 0xff, 0x92, 0xbe, 0xc5, 0xff, 
0x92, 0xbe, 0xc5, 0xff, 0x92, 0xbe, 0xc5, 0xff, 0x92, 0xbe, 0xc5, 0xff, 0x92, 0xbe, 0xc5, 0xff, 
0x92, 0xbe, 0xc5, 0xff, 0x92, 0xbe, 0xc5, 0xff, 0x92, 0xbe, 0xc5, 0xff, 0x92, 0xbe, 0xc5, 0xff, 
0x92, 0xbe, 0xc5, 0xff, 0x92, 0xbe, 0xc5, 0xff, 0x92, 0xbe, 0xc5, 0xff, 0x92, 0xbe, 0xc5, 0xff, 
0x92, 0xbe, 0xc5, 0xff, 0x92, 0xbe, 0xc5, 0xff, 0x92, 0xbe, 0xc5, 0xff, 0x92, 0xbe, 0xc5, 0xff, 
0x92, 0xbe, 0xc5, 0xff, 0x92, 0xbe, 0xc5, 0xff, 0x92, 0xbe, 0xc5, 0xff, 0x92, 0xbe, 0xc5, 0xff, 
0x92, 0xbe, 0xc5, 0xff, 0x92, 0xbe, 0xc5, 0xff, 0x92, 0xbe, 0xc5, 0xff, 0x92, 0xbe, 0xc5, 0xff, 
0x92, 0xbe, 0xc5, 0xff, 0x92, 0xbe, 0xc5, 0xff, 0x92, 0xbe, 0xc5, 0xff, 0x92, 0xbe, 0xc5, 0xff, 
0x92, 0xbe, 0xc5, 0xff, 0x92, 0xbe, 0xc5, 0xff, 0x92, 0xbe, 0xc5, 0xff, 0x92, 0xbe, 0xc5, 0xff, 
0x92, 0xbe, 0xc5, 0xff, 0x92, 0xbe, 0xc5, 0xff, 0x92, 0xbe, 0xc5, 0xff, 0x92, 0xbe, 0xc5, 0xff, 
0x92, 0xbe, 0xc5, 0xff, 0x92, 0xbe, 0xc5, 0xff, 0x92, 0xbe, 0xc5, 0xff, 0x92, 0xbe, 0xc5, 0xff, 
0x92, 0xbe, 0xc5, 0xff, 0x92, 0xbe, 0xc5, 0xff, 0x92, 0xbe, 0xc5, 0xff, 0x92, 0xbe, 0xc5, 0xff, 
0x92, 0xbe, 0xc5, 0xff, 0x92, 0xbe, 0xc5, 0xff, 0x92, 0xbe, 0xc5, 0xff, 0x92, 0xbe, 0xc5, 0xff, 
0x92, 0xbe, 0xc5, 0xff, 0x92, 0xbe, 0xc5, 0xff, 0x92, 0xbe, 0xc5, 0xff, 0x92, 0xbe, 0xc5, 0xff, 
0x92, 0xbe, 0xc5, 0xff, 0x92, 0xbe, 0xc5, 0xff, 0x92, 0xbe, 0xc5, 0xff, 0x92, 0xbe, 0xc5, 0xff, 
0x92, 0xbe, 0xc5, 0xff, 0x92, 0xbe, 0xc5, 0xff, 0x92, 0xbe, 0xc5, 0xff, 0x92, 0xbe, 0xc5, 0xff, 
0x92, 0xbe, 0xc5, 0xff, 0x92, 0xbe, 0xc5, 0xff, 0x92, 0xbe, 0xc5, 0xff, 0x92, 0xbe, 0xc5, 0xff, 
0x92, 0xbe, 0xc5, 0xff, 0x92, 0xbe, 0xc5, 0xff, 0x92, 0xbe, 0xc5, 0xff, 0x92, 0xbe, 0xc5, 0xff, 
0x92, 0xbe, 0xc5, 0xff, 0x92, 0xbe, 0xc5, 0xff, 0x92, 0xbe, 0xc5, 0xff, 0x92, 0xbe, 0xc5, 0xff, 
0x92, 0xbe, 0xc5, 0xff, 0x92, 0xbe, 0xc5, 0xff, 0x92, 0xbe, 0xc5, 0xff, 0x92, 0xbe, 0xc5, 0xff, 
0x92, 0xbe, 0xc5, 0xff, 0x92, 0xbe, 0xc5, 0xff, 0x92, 0xbe, 0xc5, 0xff, 0x92, 0xbe, 0xc5, 0xff, 
0x92, 0xbe, 0xc5, 0xff, 0x92, 0xbe, 0xc5, 0xff, 0x92, 0xbe, 0xc5, 0xff, 0x92, 0xbe, 0xc5, 0xff, 
0x91, 0xbe, 0xc3, 0xff, 0x91, 0xbe, 0xc3, 0xff, 0x91, 0xbe, 0xc3, 0xff, 0x91, 0xbe, 0xc3, 0xff, 
0x91, 0xbe, 0xc3, 0xff, 0x91, 0xbe, 0xc3, 0xff, 0x91, 0xbe, 0xc3, 0xff, 0x91, 0xbe, 0xc3, 0xff, 
0x91, 0xbe, 0xc3, 0xff, 0x91, 0xbe, 0xc3, 0xff, 0x91, 0xbe, 0xc3, 0xff, 0x91, 0xbe, 0xc3, 0xff, 
0x91, 0xbe, 0xc3, 0xff, 0x91, 0xbe, 0xc3, 0xff, 0x91, 0xbe, 0xc3, 0xff, 0x91, 0xbe, 0xc3, 0xff, 
0x91, 0xbe, 0xc3, 0xff, 0x91, 0xbe, 0xc3, 0xff, 0x91, 0xbe, 0xc3, 0xff, 0x91, 0xbe, 0xc3, 0xff, 
0x91, 0xbe, 0xc3, 0xff, 0x91, 0xbe, 0xc3, 0xff, 0x91, 0xbe, 0xc3, 0xff, 0x91, 0xbe, 0xc3, 0xff, 
0x91, 0xbe, 0xc3, 0xff, 0x91, 0xbe, 0xc3, 0xff, 0x91, 0xbe, 0xc3, 0xff, 0x91, 0xbe, 0xc3, 0xff, 
0x91, 0xbe, 0xc3, 0xff, 0x91, 0xbe, 0xc3, 0xff, 0x91, 0xbe, 0xc3, 0xff, 0x91, 0xbe, 0xc3, 0xff, 
0x91, 0xbe, 0xc3, 0xff, 0x91, 0xbe, 0xc3, 0xff, 0x91, 0xbe, 0xc3, 0xff, 0x91, 0xbe, 0xc3, 0xff, 
0x91, 0xbe, 0xc3, 0xff, 0x91, 0xbe, 0xc3, 0xff, 0x91, 0xbe, 0xc3, 0xff, 0x91, 0xbe, 0xc3, 0xff, 
0x91, 0xbe, 0xc3, 0xff, 0x91, 0xbe, 0xc3, 0xff, 0x91, 0xbe, 0xc3, 0xff, 0x91, 0xbe, 0xc3, 0xff, 
0x91, 0xbe, 0xc3, 0xff, 0x91, 0xbe, 0xc3, 0xff, 0x91, 0xbe, 0xc3, 0xff, 0x91, 0xbe, 0xc3, 0xff, 
0x91, 0xbe, 0xc3, 0xff, 0x91, 0xbe, 0xc3, 0xff, 0x91, 0xbe, 0xc3, 0xff, 0x91, 0xbe, 0xc3, 0xff, 
0x91, 0xbe, 0xc3, 0xff, 0x91, 0xbe, 0xc3, 0xff, 0x91, 0xbe, 0xc3, 0xff, 0x91, 0xbe, 0xc3, 0xff, 
0x91, 0xbe, 0xc3, 0xff, 0x91, 0xbe, 0xc3, 0xff, 0x91, 0xbe, 0xc3, 0xff, 0x91, 0xbe, 0xc3, 0xff, 
0x91, 0xbe, 0xc3, 0xff, 0x91, 0xbe, 0xc3, 0xff, 0x91, 0xbe, 0xc3, 0xff, 0x91, 0xbe, 0xc3, 0xff, 
0x91, 0xbe, 0xc3, 0xff, 0x91, 0xbe, 0xc3, 0xff, 0x91, 0xbe, 0xc3, 0xff, 0x91, 0xbe, 0xc3, 0xff, 
0x91, 0xbe, 0xc3, 0xff, 0x91, 0xbe, 0xc3, 0xff, 0x91, 0xbe, 0xc3, 0xff, 0x91, 0xbe, 0xc3, 0xff, 
0x91, 0xbe, 0xc3, 0xff, 0x91, 0xbe, 0xc3, 0xff, 0x91, 0xbe, 0xc3, 0xff, 0x91, 0xbe, 0xc3, 0xff, 
0x91, 0xbe, 0xc3, 0xff, 0x91, 0xbe, 0xc3, 0xff, 0x91, 0xbe, 0xc3, 0xff, 0x91, 0xbe, 0xc3, 0xff, 
0x91, 0xbe, 0xc3, 0xff, 0x91, 0xbe, 0xc3, 0xff, 0x91, 0xbe, 0xc3, 0xff, 0x91, 0xbe, 0xc3, 0xff, 
0x91, 0xbe, 0xc3, 0xff, 0x91, 0xbe, 0xc3, 0xff, 0x91, 0xbe, 0xc3, 0xff, 0x91, 0xbe, 0xc3, 0xff, 
0x91, 0xbe, 0xc3, 0xff, 0x91, 0xbe, 0xc3, 0xff, 0x91, 0xbe, 0xc3, 0xff, 0x91, 0xbe, 0xc3, 0xff, 
0x91, 0xbe, 0xc3, 0xff, 0x91, 0xbe, 0xc3, 0xff, 0x91, 0xbe, 0xc3, 0xff, 0x91, 0xbe, 0xc3, 0xff, 
0x91, 0xbe, 0xc3, 0xff, 0x91, 0xbe, 0xc3, 0xff, 0x91, 0xbe, 0xc3, 0xff, 0x91, 0xbe, 0xc3, 0xff, 
0x91, 0xbe, 0xc3, 0xff, 0x91, 0xbe, 0xc3, 0xff, 0x91, 0xbe, 0xc3, 0xff, 0x91, 0xbe, 0xc3, 0xff, 
0x91, 0xbe, 0xc3, 0xff, 0x91, 0xbe, 0xc3, 0xff, 0x91, 0xbe, 0xc3, 0xff, 0x91, 0xbe, 0xc3, 0xff, 
0x91, 0xbe, 0xc3, 0xff, 0x91, 0xbe, 0xc3, 0xff, 0x91, 0xbe, 0xc3, 0xff, 0x91, 0xbe, 0xc3, 0xff, 
0x91, 0xbe, 0xc3, 0xff, 0x91, 0xbe, 0xc3, 0xff, 0x91, 0xbe, 0xc3, 0xff, 0x91, 0xbe, 0xc3, 0xff, 
0x91, 0xbe, 0xc3, 0xff, 0x91, 0xbe, 0xc3, 0xff, 0x91, 0xbe, 0xc3, 0xff, 0x91, 0xbe, 0xc3, 0xff, 
0x91, 0xbe, 0xc3, 0xff, 0x91, 0xbe, 0xc3, 0xff, 0x91, 0xbe, 0xc3, 0xff, 0x91, 0xbe, 0xc3, 0xff, 
0x91, 0xbe, 0xc3, 0xff, 0x91, 0xbe, 0xc3, 0xff, 0x91, 0xbe, 0xc3, 0xff, 0x91, 0xbe, 0xc3, 0xff, 
0x91, 0xbe, 0xc3, 0xff, 0x91, 0xbe, 0xc3, 0xff, 0x91, 0xbe, 0xc3, 0xff, 0x91, 0xbe, 0xc3, 0xff, 
0x91, 0xbe, 0xc3, 0xff, 0x91, 0xbe, 0xc3, 0xff, 0x91, 0xbe, 0xc3, 0xff, 0x91, 0xbe, 0xc3, 0xff, 
0x91, 0xbe, 0xc3, 0xff, 0x91, 0xbe, 0xc3, 0xff, 0x91, 0xbe, 0xc3, 0xff, 0x91, 0xbe, 0xc3, 0xff, 
0x91, 0xbe, 0xc3, 0xff, 0x91, 0xbe, 0xc3, 0xff, 0x91, 0xbe, 0xc3, 0xff, 0x91, 0xbe, 0xc3, 0xff, 
0x91, 0xbe, 0xc3, 0xff, 0x91, 0xbe, 0xc3, 0xff, 0x91, 0xbe, 0xc3, 0xff, 0x91, 0xbe, 0xc3, 0xff, 
0x91, 0xbe, 0xc3, 0xff, 0x91, 0xbe, 0xc3, 0xff, 0x91, 0xbe, 0xc3, 0xff, 0x91, 0xbe, 0xc3, 0xff, 
0x91, 0xbe, 0xc3, 0xff, 0x91, 0xbe, 0xc3, 0xff, 0x91, 0xbe, 0xc3, 0xff, 0x91, 0xbe, 0xc3, 0xff, 
0x91, 0xbe, 0xc3, 0xff, 0x91, 0xbe, 0xc3, 0xff, 0x91, 0xbe, 0xc3, 0xff, 0x91, 0xbe, 0xc3, 0xff, 
0x91, 0xbe, 0xc3, 0xff, 0x91, 0xbe, 0xc3, 0xff, 0x91, 0xbe, 0xc3, 0xff, 0x91, 0xbe, 0xc3, 0xff, 
0x91, 0xbe, 0xc3, 0xff, 0x91, 0xbe, 0xc3, 0xff, 0x91, 0xbe, 0xc3, 0xff, 0x91, 0xbe, 0xc3, 0xff, 
0x91, 0xbe, 0xc3, 0xff, 0x91, 0xbe, 0xc3, 0xff, 0x91, 0xbe, 0xc3, 0xff, 0x91, 0xbe, 0xc3, 0xff, 
0x91, 0xbe, 0xc3, 0xff, 0x91, 0xbe, 0xc3, 0xff, 0x91, 0xbe, 0xc3, 0xff, 0x91, 0xbe, 0xc3, 0xff, 
0x91, 0xbe, 0xc3, 0xff, 0x91, 0xbe, 0xc3, 0xff, 0x91, 0xbe, 0xc3, 0xff, 0x91, 0xbe, 0xc3, 0xff, 
0x91, 0xbe, 0xc3, 0xff, 0x91, 0xbe, 0xc3, 0xff, 0x91, 0xbe, 0xc3, 0xff, 0x91, 0xbe, 0xc3, 0xff, 
0x91, 0xbe, 0xc3, 0xff, 0x91, 0xbe, 0xc3, 0xff, 0x91, 0xbe, 0xc3, 0xff, 0x91, 0xbe, 0xc3, 0xff, 
0x91, 0xbe, 0xc3, 0xff, 0x91, 0xbe, 0xc3, 0xff, 0x91, 0xbe, 0xc3, 0xff, 0x91, 0xbe, 0xc3, 0xff, 
0x91, 0xbe, 0xc3, 0xff, 0x91, 0xbe, 0xc3, 0xff, 0x91, 0xbe, 0xc3, 0xff, 0x91, 0xbe, 0xc3, 0xff, 
0x91, 0xbe, 0xc3, 0xff, 0x91, 0xbe, 0xc3, 0xff, 0x91, 0xbe, 0xc3, 0xff, 0x91, 0xbe, 0xc3, 0xff, 
0x91, 0xbe, 0xc3, 0xff, 0x91, 0xbe, 0xc3, 0xff, 0x91, 0xbe, 0xc3, 0xff, 0x91, 0xbe, 0xc3, 0xff, 
0x91, 0xbe, 0xc3, 0xff, 0x91, 0xbe, 0xc3, 0xff, 0x91, 0xbe, 0xc3, 0xff, 0x91, 0xbe, 0xc3, 0xff, 
0x91, 0xbe, 0xc3, 0xff, 0x91, 0xbe, 0xc3, 0xff, 0x91, 0xbe, 0xc3, 0xff, 0x91, 0xbe, 0xc3, 0xff, 
0x91, 0xbe, 0xc3, 0xff, 0x91, 0xbe, 0xc3, 0xff, 0x91, 0xbe, 0xc3, 0xff, 0x91, 0xbe, 0xc3, 0xff, 
0x91, 0xbe, 0xc3, 0xff, 0x91, 0xbe, 0xc3, 0xff, 0x91, 0xbe, 0xc3, 0xff, 0x91, 0xbe, 0xc3, 0xff, 
0x91, 0xbe, 0xc3, 0xff, 0x91, 0xbe, 0xc3, 0xff, 0x91, 0xbe, 0xc3, 0xff, 0x91, 0xbe, 0xc3, 0xff, 
0x91, 0xbe, 0xc3, 0xff, 0x91, 0xbe, 0xc3, 0xff, 0x91, 0xbe, 0xc3, 0xff, 0x91, 0xbe, 0xc3, 0xff, 
0x91, 0xbe, 0xc3, 0xff, 0x91, 0xbe, 0xc3, 0xff, 0x91, 0xbe, 0xc3, 0xff, 0x91, 0xbe, 0xc3, 0xff, 
0x91, 0xbe, 0xc3, 0xff, 0x91, 0xbe, 0xc3, 0xff, 0x91, 0xbe, 0xc3, 0xff, 0x91, 0xbe, 0xc3, 0xff, 
0x91, 0xbe, 0xc3, 0xff, 0x91, 0xbe, 0xc3, 0xff, 0x91, 0xbe, 0xc3, 0xff, 0x91, 0xbe, 0xc3, 0xff, 
0x91, 0xbe, 0xc3, 0xff, 0x91, 0xbe, 0xc3, 0xff, 0x91, 0xbe, 0xc3, 0xff, 0x91, 0xbe, 0xc3, 0xff, 
0x91, 0xbe, 0xc3, 0xff, 0x91, 0xbe, 0xc3, 0xff, 0x91, 0xbe, 0xc3, 0xff, 0x91, 0xbe, 0xc3, 0xff, 
0x91, 0xbe, 0xc3, 0xff, 0x91, 0xbe, 0xc3, 0xff, 0x91, 0xbe, 0xc3, 0xff, 0x91, 0xbe, 0xc3, 0xff, 
0x91, 0xbe, 0xc3, 0xff, 0x91, 0xbe, 0xc3, 0xff, 0x91, 0xbe, 0xc3, 0xff, 0x91, 0xbe, 0xc3, 0xff, 
0x8f, 0xbb, 0xc4, 0xff, 0x8f, 0xbb, 0xc4, 0xff, 0x8f, 0xbb, 0xc4, 0xff, 0x8f, 0xbb, 0xc4, 0xff, 
0x8f, 0xbb, 0xc4, 0xff, 0x8f, 0xbb, 0xc4, 0xff, 0x8f, 0xbb, 0xc4, 0xff, 0x8f, 0xbb, 0xc4, 0xff, 
0x8f, 0xbb, 0xc4, 0xff, 0x8f, 0xbb, 0xc4, 0xff, 0x8f, 0xbb, 0xc4, 0xff, 0x8f, 0xbb, 0xc4, 0xff, 
0x8f, 0xbb, 0xc4, 0xff, 0x8f, 0xbb, 0xc4, 0xff, 0x8f, 0xbb, 0xc4, 0xff, 0x8f, 0xbb, 0xc4, 0xff, 
0x8f, 0xbb, 0xc4, 0xff, 0x8f, 0xbb, 0xc4, 0xff, 0x8f, 0xbb, 0xc4, 0xff, 0x8f, 0xbb, 0xc4, 0xff, 
0x8f, 0xbb, 0xc4, 0xff, 0x8f, 0xbb, 0xc4, 0xff, 0x8f, 0xbb, 0xc4, 0xff, 0x8f, 0xbb, 0xc4, 0xff, 
0x8f, 0xbb, 0xc4, 0xff, 0x8f, 0xbb, 0xc4, 0xff, 0x8f, 0xbb, 0xc4, 0xff, 0x8f, 0xbb, 0xc4, 0xff, 
0x8f, 0xbb, 0xc4, 0xff, 0x8f, 0xbb, 0xc4, 0xff, 0x8f, 0xbb, 0xc4, 0xff, 0x8f, 0xbb, 0xc4, 0xff, 
0x8f, 0xbb, 0xc4, 0xff, 0x8f, 0xbb, 0xc4, 0xff, 0x8f, 0xbb, 0xc4, 0xff, 0x8f, 0xbb, 0xc4, 0xff, 
0x8f, 0xbb, 0xc4, 0xff, 0x8f, 0xbb, 0xc4, 0xff, 0x8f, 0xbb, 0xc4, 0xff, 0x8f, 0xbb, 0xc4, 0xff, 
0x8f, 0xbb, 0xc4, 0xff, 0x8f, 0xbb, 0xc4, 0xff, 0x8f, 0xbb, 0xc4, 0xff, 0x8f, 0xbb, 0xc4, 0xff, 
0x8f, 0xbb, 0xc4, 0xff, 0x8f, 0xbb, 0xc4, 0xff, 0x8f, 0xbb, 0xc4, 0xff, 0x8f, 0xbb, 0xc4, 0xff, 
0x8f, 0xbb, 0xc4, 0xff, 0x8f, 0xbb, 0xc4, 0xff, 0x8f, 0xbb, 0xc4, 0xff, 0x8f, 0xbb, 0xc4, 0xff, 
0x8f, 0xbb, 0xc4, 0xff, 0x8f, 0xbb, 0xc4, 0xff, 0x8f, 0xbb, 0xc4, 0xff, 0x8f, 0xbb, 0xc4, 0xff, 
0x8f, 0xbb, 0xc4, 0xff, 0x8f, 0xbb, 0xc4, 0xff, 0x8f, 0xbb, 0xc4, 0xff, 0x8f, 0xbb, 0xc4, 0xff, 
0x8f, 0xbb, 0xc4, 0xff, 0x8f, 0xbb, 0xc4, 0xff, 0x8f, 0xbb, 0xc4, 0xff, 0x8f, 0xbb, 0xc4, 0xff, 
0x8f, 0xbb, 0xc4, 0xff, 0x8f, 0xbb, 0xc4, 0xff, 0x8f, 0xbb, 0xc4, 0xff, 0x8f, 0xbb, 0xc4, 0xff, 
0x8f, 0xbb, 0xc4, 0xff, 0x8f, 0xbb, 0xc4, 0xff, 0x8f, 0xbb, 0xc4, 0xff, 0x8f, 0xbb, 0xc4, 0xff, 
0x8f, 0xbb, 0xc4, 0xff, 0x8f, 0xbb, 0xc4, 0xff, 0x8f, 0xbb, 0xc4, 0xff, 0x8f, 0xbb, 0xc4, 0xff, 
0x8f, 0xbb, 0xc4, 0xff, 0x8f, 0xbb, 0xc4, 0xff, 0x8f, 0xbb, 0xc4, 0xff, 0x8f, 0xbb, 0xc4, 0xff, 
0x8f, 0xbb, 0xc4, 0xff, 0x8f, 0xbb, 0xc4, 0xff, 0x8f, 0xbb, 0xc4, 0xff, 0x8f, 0xbb, 0xc4, 0xff, 
0x8f, 0xbb, 0xc4, 0xff, 0x8f, 0xbb, 0xc4, 0xff, 0x8f, 0xbb, 0xc4, 0xff, 0x8f, 0xbb, 0xc4, 0xff, 
0x8f, 0xbb, 0xc4, 0xff, 0x8f, 0xbb, 0xc4, 0xff, 0x8f, 0xbb, 0xc4, 0xff, 0x8f, 0xbb, 0xc4, 0xff, 
0x8f, 0xbb, 0xc4, 0xff, 0x8f, 0xbb, 0xc4, 0xff, 0x8f, 0xbb, 0xc4, 0xff, 0x8f, 0xbb, 0xc4, 0xff, 
0x8f, 0xbb, 0xc4, 0xff, 0x8f, 0xbb, 0xc4, 0xff, 0x8f, 0xbb, 0xc4, 0xff, 0x8f, 0xbb, 0xc4, 0xff, 
0x8f, 0xbb, 0xc4, 0xff, 0x8f, 0xbb, 0xc4, 0xff, 0x8f, 0xbb, 0xc4, 0xff, 0x8f, 0xbb, 0xc4, 0xff, 
0x8f, 0xbb, 0xc4, 0xff, 0x8f, 0xbb, 0xc4, 0xff, 0x8f, 0xbb, 0xc4, 0xff, 0x8f, 0xbb, 0xc4, 0xff, 
0x8f, 0xbb, 0xc4, 0xff, 0x8f, 0xbb, 0xc4, 0xff, 0x8f, 0xbb, 0xc4, 0xff, 0x8f, 0xbb, 0xc4, 0xff, 
0x8f, 0xbb, 0xc4, 0xff, 0x8f, 0xbb, 0xc4, 0xff, 0x8f, 0xbb, 0xc4, 0xff, 0x8f, 0xbb, 0xc4, 0xff, 
0x8f, 0xbb, 0xc4, 0xff, 0x8f, 0xbb, 0xc4, 0xff, 0x8f, 0xbb, 0xc4, 0xff, 0x8f, 0xbb, 0xc4, 0xff, 
0x8f, 0xbb, 0xc4, 0xff, 0x8f, 0xbb, 0xc4, 0xff, 0x8f, 0xbb, 0xc4, 0xff, 0x8f, 0xbb, 0xc4, 0xff, 
0x8f, 0xbb, 0xc4, 0xff, 0x8f, 0xbb, 0xc4, 0xff, 0x8f, 0xbb, 0xc4, 0xff, 0x8f, 0xbb, 0xc4, 0xff, 
0x8f, 0xbb, 0xc4, 0xff, 0x8f, 0xbb, 0xc4, 0xff, 0x8f, 0xbb, 0xc4, 0xff, 0x8f, 0xbb, 0xc4, 0xff, 
0x8f, 0xbb, 0xc4, 0xff, 0x8f, 0xbb, 0xc4, 0xff, 0x8f, 0xbb, 0xc4, 0xff, 0x8f, 0xbb, 0xc4, 0xff, 
0x8f, 0xbb, 0xc4, 0xff, 0x8f, 0xbb, 0xc4, 0xff, 0x8f, 0xbb, 0xc4, 0xff, 0x8f, 0xbb, 0xc4, 0xff, 
0x8f, 0xbb, 0xc4, 0xff, 0x8f, 0xbb, 0xc4, 0xff, 0x8f, 0xbb, 0xc4, 0xff, 0x8f, 0xbb, 0xc4, 0xff, 
0x8f, 0xbb, 0xc4, 0xff, 0x8f, 0xbb, 0xc4, 0xff, 0x8f, 0xbb, 0xc4, 0xff, 0x8f, 0xbb, 0xc4, 0xff, 
0x8f, 0xbb, 0xc4, 0xff, 0x8f, 0xbb, 0xc4, 0xff, 0x8f, 0xbb, 0xc4, 0xff, 0x8f, 0xbb, 0xc4, 0xff, 
0x8f, 0xbb, 0xc4, 0xff, 0x8f, 0xbb, 0xc4, 0xff, 0x8f, 0xbb, 0xc4, 0xff, 0x8f, 0xbb, 0xc4, 0xff, 
0x8f, 0xbb, 0xc4, 0xff, 0x8f, 0xbb, 0xc4, 0xff, 0x8f, 0xbb, 0xc4, 0xff, 0x8f, 0xbb, 0xc4, 0xff, 
0x8f, 0xbb, 0xc4, 0xff, 0x8f, 0xbb, 0xc4, 0xff, 0x8f, 0xbb, 0xc4, 0xff, 0x8f, 0xbb, 0xc4, 0xff, 
0x8f, 0xbb, 0xc4, 0xff, 0x8f, 0xbb, 0xc4, 0xff, 0x8f, 0xbb, 0xc4, 0xff, 0x8f, 0xbb, 0xc4, 0xff, 
0x8f, 0xbb, 0xc4, 0xff, 0x8f, 0xbb, 0xc4, 0xff, 0x8f, 0xbb, 0xc4, 0xff, 0x8f, 0xbb, 0xc4, 0xff, 
0x8f, 0xbb, 0xc4, 0xff, 0x8f, 0xbb, 0xc4, 0xff, 0x8f, 0xbb, 0xc4, 0xff, 0x8f, 0xbb, 0xc4, 0xff, 
0x8f, 0xbb, 0xc4, 0xff, 0x8f, 0xbb, 0xc4, 0xff, 0x8f, 0xbb, 0xc4, 0xff, 0x8f, 0xbb, 0xc4, 0xff, 
0x8f, 0xbb, 0xc4, 0xff, 0x8f, 0xbb, 0xc4, 0xff, 0x8f, 0xbb, 0xc4, 0xff, 0x8f, 0xbb, 0xc4, 0xff, 
0x8f, 0xbb, 0xc4, 0xff, 0x8f, 0xbb, 0xc4, 0xff, 0x8f, 0xbb, 0xc4, 0xff, 0x8f, 0xbb, 0xc4, 0xff, 
0x8f, 0xbb, 0xc4, 0xff, 0x8f, 0xbb, 0xc4, 0xff, 0x8f, 0xbb, 0xc4, 0xff, 0x8f, 0xbb, 0xc4, 0xff, 
0x8f, 0xbb, 0xc4, 0xff, 0x8f, 0xbb, 0xc4, 0xff, 0x8f, 0xbb, 0xc4, 0xff, 0x8f, 0xbb, 0xc4, 0xff, 
0x8f, 0xbb, 0xc4, 0xff, 0x8f, 0xbb, 0xc4, 0xff, 0x8f, 0xbb, 0xc4, 0xff, 0x8f, 0xbb, 0xc4, 0xff, 
0x8f, 0xbb, 0xc4, 0xff, 0x8f, 0xbb, 0xc4, 0xff, 0x8f, 0xbb, 0xc4, 0xff, 0x8f, 0xbb, 0xc4, 0xff, 
0x8f, 0xbb, 0xc4, 0xff, 0x8f, 0xbb, 0xc4, 0xff, 0x8f, 0xbb, 0xc4, 0xff, 0x8f, 0xbb, 0xc4, 0xff, 
0x8f, 0xbb, 0xc4, 0xff, 0x8f, 0xbb, 0xc4, 0xff, 0x8f, 0xbb, 0xc4, 0xff, 0x8f, 0xbb, 0xc4, 0xff, 
0x8f, 0xbb, 0xc4, 0xff, 0x8f, 0xbb, 0xc4, 0xff, 0x8f, 0xbb, 0xc4, 0xff, 0x8f, 0xbb, 0xc4, 0xff, 
0x8f, 0xbb, 0xc4, 0xff, 0x8f, 0xbb, 0xc4, 0xff, 0x8f, 0xbb, 0xc4, 0xff, 0x8f, 0xbb, 0xc4, 0xff, 
0x8f, 0xbb, 0xc4, 0xff, 0x8f, 0xbb, 0xc4, 0xff, 0x8f, 0xbb, 0xc4, 0xff, 0x8f, 0xbb, 0xc4, 0xff, 
0x8f, 0xbb, 0xc4, 0xff, 0x8f, 0xbb, 0xc4, 0xff, 0x8f, 0xbb, 0xc4, 0xff, 0x8f, 0xbb, 0xc4, 0xff, 
0x8f, 0xbb, 0xc4, 0xff, 0x8f, 0xbb, 0xc4, 0xff, 0x8f, 0xbb, 0xc4, 0xff, 0x8f, 0xbb, 0xc4, 0xff, 
0x8f, 0xbb, 0xc4, 0xff, 0x8f, 0xbb, 0xc4, 0xff, 0x8f, 0xbb, 0xc4, 0xff, 0x8f, 0xbb, 0xc4, 0xff, 
0x8f, 0xbb, 0xc4, 0xff, 0x8f, 0xbb, 0xc4, 0xff, 0x8f, 0xbb, 0xc4, 0xff, 0x8f, 0xbb, 0xc4, 0xff, 
0x8f, 0xbb, 0xc4, 0xff, 0x8f, 0xbb, 0xc4, 0xff, 0x8f, 0xbb, 0xc4, 0xff, 0x8f, 0xbb, 0xc4, 0xff, 
0x8f, 0xbb, 0xc4, 0xff, 0x8f, 0xbb, 0xc4, 0xff, 0x8f, 0xbb, 0xc4, 0xff, 0x8f, 0xbb, 0xc4, 0xff, 
0x8f, 0xbb, 0xc4, 0xff, 0x8f, 0xbb, 0xc4, 0xff, 0x8f, 0xbb, 0xc4, 0xff, 0x8f, 0xbb, 0xc4, 0xff, 
0x8f, 0xbb, 0xc4, 0xff, 0x8f, 0xbb, 0xc4, 0xff, 0x8f, 0xbb, 0xc4, 0xff, 0x8f, 0xbb, 0xc4, 0xff, 
0x8e, 0xba, 0xc2, 0xff, 0x8e, 0xba, 0xc2, 0xff, 0x8e, 0xba, 0xc2, 0xff, 0x8e, 0xba, 0xc2, 0xff, 
0x8e, 0xba, 0xc2, 0xff, 0x8e, 0xba, 0xc2, 0xff, 0x8e, 0xba, 0xc2, 0xff, 0x8e, 0xba, 0xc2, 0xff, 
0x8e, 0xba, 0xc2, 0xff, 0x8e, 0xba, 0xc2, 0xff, 0x8e, 0xba, 0xc2, 0xff, 0x8e, 0xba, 0xc2, 0xff, 
0x8e, 0xba, 0xc2, 0xff, 0x8e, 0xba, 0xc2, 0xff, 0x8e, 0xba, 0xc2, 0xff, 0x8e, 0xba, 0xc2, 0xff, 
0x8e, 0xba, 0xc2, 0xff, 0x8e, 0xba, 0xc2, 0xff, 0x8e, 0xba, 0xc2, 0xff, 0x8e, 0xba, 0xc2, 0xff, 
0x8e, 0xba, 0xc2, 0xff, 0x8e, 0xba, 0xc2, 0xff, 0x8e, 0xba, 0xc2, 0xff, 0x8e, 0xba, 0xc2, 0xff, 
0x8e, 0xba, 0xc2, 0xff, 0x8e, 0xba, 0xc2, 0xff, 0x8e, 0xba, 0xc2, 0xff, 0x8e, 0xba, 0xc2, 0xff, 
0x8e, 0xba, 0xc2, 0xff, 0x8e, 0xba, 0xc2, 0xff, 0x8e, 0xba, 0xc2, 0xff, 0x8e, 0xba, 0xc2, 0xff, 
0x8e, 0xba, 0xc2, 0xff, 0x8e, 0xba, 0xc2, 0xff, 0x8e, 0xba, 0xc2, 0xff, 0x8e, 0xba, 0xc2, 0xff, 
0x8e, 0xba, 0xc2, 0xff, 0x8e, 0xba, 0xc2, 0xff, 0x8e, 0xba, 0xc2, 0xff, 0x8e, 0xba, 0xc2, 0xff, 
0x8e, 0xba, 0xc2, 0xff, 0x8e, 0xba, 0xc2, 0xff, 0x8e, 0xba, 0xc2, 0xff, 0x8e, 0xba, 0xc2, 0xff, 
0x8e, 0xba, 0xc2, 0xff, 0x8e, 0xba, 0xc2, 0xff, 0x8e, 0xba, 0xc2, 0xff, 0x8e, 0xba, 0xc2, 0xff, 
0x8e, 0xba, 0xc2, 0xff, 0x8e, 0xba, 0xc2, 0xff, 0x8e, 0xba, 0xc2, 0xff, 0x8e, 0xba, 0xc2, 0xff, 
0x8e, 0xba, 0xc2, 0xff, 0x8e, 0xba, 0xc2, 0xff, 0x8e, 0xba, 0xc2, 0xff, 0x8e, 0xba, 0xc2, 0xff, 
0x8e, 0xba, 0xc2, 0xff, 0x8e, 0xba, 0xc2, 0xff, 0x8e, 0xba, 0xc2, 0xff, 0x8e, 0xba, 0xc2, 0xff, 
0x8e, 0xba, 0xc2, 0xff, 0x8e, 0xba, 0xc2, 0xff, 0x8e, 0xba, 0xc2, 0xff, 0x8e, 0xba, 0xc2, 0xff, 
0x8e, 0xba, 0xc2, 0xff, 0x8e, 0xba, 0xc2, 0xff, 0x8e, 0xba, 0xc2, 0xff, 0x8e, 0xba, 0xc2, 0xff, 
0x8e, 0xba, 0xc2, 0xff, 0x8e, 0xba, 0xc2, 0xff, 0x8e, 0xba, 0xc2, 0xff, 0x8e, 0xba, 0xc2, 0xff, 
0x8e, 0xba, 0xc2, 0xff, 0x8e, 0xba, 0xc2, 0xff, 0x8e, 0xba, 0xc2, 0xff, 0x8e, 0xba, 0xc2, 0xff, 
0x8e, 0xba, 0xc2, 0xff, 0x8e, 0xba, 0xc2, 0xff, 0x8e, 0xba, 0xc2, 0xff, 0x8e, 0xba, 0xc2, 0xff, 
0x8e, 0xba, 0xc2, 0xff, 0x8e, 0xba, 0xc2, 0xff, 0x8e, 0xba, 0xc2, 0xff, 0x8e, 0xba, 0xc2, 0xff, 
0x8e, 0xba, 0xc2, 0xff, 0x8e, 0xba, 0xc2, 0xff, 0x8e, 0xba, 0xc2, 0xff, 0x8e, 0xba, 0xc2, 0xff, 
0x8e, 0xba, 0xc2, 0xff, 0x8e, 0xba, 0xc2, 0xff, 0x8e, 0xba, 0xc2, 0xff, 0x8e, 0xba, 0xc2, 0xff, 
0x8e, 0xba, 0xc2, 0xff, 0x8e, 0xba, 0xc2, 0xff, 0x8e, 0xba, 0xc2, 0xff, 0x8e, 0xba, 0xc2, 0xff, 
0x8e, 0xba, 0xc2, 0xff, 0x8e, 0xba, 0xc2, 0xff, 0x8e, 0xba, 0xc2, 0xff, 0x8e, 0xba, 0xc2, 0xff, 
0x8e, 0xba, 0xc2, 0xff, 0x8e, 0xba, 0xc2, 0xff, 0x8e, 0xba, 0xc2, 0xff, 0x8e, 0xba, 0xc2, 0xff, 
0x8e, 0xba, 0xc2, 0xff, 0x8e, 0xba, 0xc2, 0xff, 0x8e, 0xba, 0xc2, 0xff, 0x8e, 0xba, 0xc2, 0xff, 
0x8e, 0xba, 0xc2, 0xff, 0x8e, 0xba, 0xc2, 0xff, 0x8e, 0xba, 0xc2, 0xff, 0x8e, 0xba, 0xc2, 0xff, 
0x8e, 0xba, 0xc2, 0xff, 0x8e, 0xba, 0xc2, 0xff, 0x8e, 0xba, 0xc2, 0xff, 0x8e, 0xba, 0xc2, 0xff, 
0x8e, 0xba, 0xc2, 0xff, 0x8e, 0xba, 0xc2, 0xff, 0x8e, 0xba, 0xc2, 0xff, 0x8e, 0xba, 0xc2, 0xff, 
0x8e, 0xba, 0xc2, 0xff, 0x8e, 0xba, 0xc2, 0xff, 0x8e, 0xba, 0xc2, 0xff, 0x8e, 0xba, 0xc2, 0xff, 
0x8e, 0xba, 0xc2, 0xff, 0x8e, 0xba, 0xc2, 0xff, 0x8e, 0xba, 0xc2, 0xff, 0x8e, 0xba, 0xc2, 0xff, 
0x8e, 0xba, 0xc2, 0xff, 0x8e, 0xba, 0xc2, 0xff, 0x8e, 0xba, 0xc2, 0xff, 0x8e, 0xba, 0xc2, 0xff, 
0x8e, 0xba, 0xc2, 0xff, 0x8e, 0xba, 0xc2, 0xff, 0x8e, 0xba, 0xc2, 0xff, 0x8e, 0xba, 0xc2, 0xff, 
0x8e, 0xba, 0xc2, 0xff, 0x8e, 0xba, 0xc2, 0xff, 0x8e, 0xba, 0xc2, 0xff, 0x8e, 0xba, 0xc2, 0xff, 
0x8e, 0xba, 0xc2, 0xff, 0x8e, 0xba, 0xc2, 0xff, 0x8e, 0xba, 0xc2, 0xff, 0x8e, 0xba, 0xc2, 0xff, 
0x8e, 0xba, 0xc2, 0xff, 0x8e, 0xba, 0xc2, 0xff, 0x8e, 0xba, 0xc2, 0xff, 0x8e, 0xba, 0xc2, 0xff, 
0x8e, 0xba, 0xc2, 0xff, 0x8e, 0xba, 0xc2, 0xff, 0x8e, 0xba, 0xc2, 0xff, 0x8e, 0xba, 0xc2, 0xff, 
0x8e, 0xba, 0xc2, 0xff, 0x8e, 0xba, 0xc2, 0xff, 0x8e, 0xba, 0xc2, 0xff, 0x8e, 0xba, 0xc2, 0xff, 
0x8e, 0xba, 0xc2, 0xff, 0x8e, 0xba, 0xc2, 0xff, 0x8e, 0xba, 0xc2, 0xff, 0x8e, 0xba, 0xc2, 0xff, 
0x8e, 0xba, 0xc2, 0xff, 0x8e, 0xba, 0xc2, 0xff, 0x8e, 0xba, 0xc2, 0xff, 0x8e, 0xba, 0xc2, 0xff, 
0x8e, 0xba, 0xc2, 0xff, 0x8e, 0xba, 0xc2, 0xff, 0x8e, 0xba, 0xc2, 0xff, 0x8e, 0xba, 0xc2, 0xff, 
0x8e, 0xba, 0xc2, 0xff, 0x8e, 0xba, 0xc2, 0xff, 0x8e, 0xba, 0xc2, 0xff, 0x8e, 0xba, 0xc2, 0xff, 
0x8e, 0xba, 0xc2, 0xff, 0x8e, 0xba, 0xc2, 0xff, 0x8e, 0xba, 0xc2, 0xff, 0x8e, 0xba, 0xc2, 0xff, 
0x8e, 0xba, 0xc2, 0xff, 0x8e, 0xba, 0xc2, 0xff, 0x8e, 0xba, 0xc2, 0xff, 0x8e, 0xba, 0xc2, 0xff, 
0x8e, 0xba, 0xc2, 0xff, 0x8e, 0xba, 0xc2, 0xff, 0x8e, 0xba, 0xc2, 0xff, 0x8e, 0xba, 0xc2, 0xff, 
0x8e, 0xba, 0xc2, 0xff, 0x8e, 0xba, 0xc2, 0xff, 0x8e, 0xba, 0xc2, 0xff, 0x8e, 0xba, 0xc2, 0xff, 
0x8e, 0xba, 0xc2, 0xff, 0x8e, 0xba, 0xc2, 0xff, 0x8e, 0xba, 0xc2, 0xff, 0x8e, 0xba, 0xc2, 0xff, 
0x8e, 0xba, 0xc2, 0xff, 0x8e, 0xba, 0xc2, 0xff, 0x8e, 0xba, 0xc2, 0xff, 0x8e, 0xba, 0xc2, 0xff, 
0x8e, 0xba, 0xc2, 0xff, 0x8e, 0xba, 0xc2, 0xff, 0x8e, 0xba, 0xc2, 0xff, 0x8e, 0xba, 0xc2, 0xff, 
0x8e, 0xba, 0xc2, 0xff, 0x8e, 0xba, 0xc2, 0xff, 0x8e, 0xba, 0xc2, 0xff, 0x8e, 0xba, 0xc2, 0xff, 
0x8e, 0xba, 0xc2, 0xff, 0x8e, 0xba, 0xc2, 0xff, 0x8e, 0xba, 0xc2, 0xff, 0x8e, 0xba, 0xc2, 0xff, 
0x8e, 0xba, 0xc2, 0xff, 0x8e, 0xba, 0xc2, 0xff, 0x8e, 0xba, 0xc2, 0xff, 0x8e, 0xba, 0xc2, 0xff, 
0x8e, 0xba, 0xc2, 0xff, 0x8e, 0xba, 0xc2, 0xff, 0x8e, 0xba, 0xc2, 0xff, 0x8e, 0xba, 0xc2, 0xff, 
0x8e, 0xba, 0xc2, 0xff, 0x8e, 0xba, 0xc2, 0xff, 0x8e, 0xba, 0xc2, 0xff, 0x8e, 0xba, 0xc2, 0xff, 
0x8e, 0xba, 0xc2, 0xff, 0x8e, 0xba, 0xc2, 0xff, 0x8e, 0xba, 0xc2, 0xff, 0x8e, 0xba, 0xc2, 0xff, 
0x8e, 0xba, 0xc2, 0xff, 0x8e, 0xba, 0xc2, 0xff, 0x8e, 0xba, 0xc2, 0xff, 0x8e, 0xba, 0xc2, 0xff, 
0x8e, 0xba, 0xc2, 0xff, 0x8e, 0xba, 0xc2, 0xff, 0x8e, 0xba, 0xc2, 0xff, 0x8e, 0xba, 0xc2, 0xff, 
0x8e, 0xba, 0xc2, 0xff, 0x8e, 0xba, 0xc2, 0xff, 0x8e, 0xba, 0xc2, 0xff, 0x8e, 0xba, 0xc2, 0xff, 
0x8e, 0xba, 0xc2, 0xff, 0x8e, 0xba, 0xc2, 0xff, 0x8e, 0xba, 0xc2, 0xff, 0x8e, 0xba, 0xc2, 0xff, 
0x8e, 0xba, 0xc2, 0xff, 0x8e, 0xba, 0xc2, 0xff, 0x8e, 0xba, 0xc2, 0xff, 0x8e, 0xba, 0xc2, 0xff, 
0x8e, 0xba, 0xc2, 0xff, 0x8e, 0xba, 0xc2, 0xff, 0x8e, 0xba, 0xc2, 0xff, 0x8e, 0xba, 0xc2, 0xff, 
0x8e, 0xba, 0xc2, 0xff, 0x8e, 0xba, 0xc2, 0xff, 0x8e, 0xba, 0xc2, 0xff, 0x8e, 0xba, 0xc2, 0xff, 
0x8e, 0xba, 0xc2, 0xff, 0x8e, 0xba, 0xc2, 0xff, 0x8e, 0xba, 0xc2, 0xff, 0x8e, 0xba, 0xc2, 0xff, 
0x8c, 0xba, 0xbf, 0xff, 0x8c, 0xba, 0xbf, 0xff, 0x8c, 0xba, 0xbf, 0xff, 0x8c, 0xba, 0xbf, 0xff, 
0x8c, 0xba, 0xbf, 0xff, 0x8c, 0xba, 0xbf, 0xff, 0x8c, 0xba, 0xbf, 0xff, 0x8c, 0xba, 0xbf, 0xff, 
0x8c, 0xba, 0xbf, 0xff, 0x8c, 0xba, 0xbf, 0xff, 0x8c, 0xba, 0xbf, 0xff, 0x8c, 0xba, 0xbf, 0xff, 
0x8c, 0xba, 0xbf, 0xff, 0x8c, 0xba, 0xbf, 0xff, 0x8c, 0xba, 0xbf, 0xff, 0x8c, 0xba, 0xbf, 0xff, 
0x8c, 0xba, 0xbf, 0xff, 0x8c, 0xba, 0xbf, 0xff, 0x8c, 0xba, 0xbf, 0xff, 0x8c, 0xba, 0xbf, 0xff, 
0x8c, 0xba, 0xbf, 0xff, 0x8c, 0xba, 0xbf, 0xff, 0x8c, 0xba, 0xbf, 0xff, 0x8c, 0xba, 0xbf, 0xff, 
0x8c, 0xba, 0xbf, 0xff, 0x8c, 0xba, 0xbf, 0xff, 0x8c, 0xba, 0xbf, 0xff, 0x8c, 0xba, 0xbf, 0xff, 
0x8c, 0xba, 0xbf, 0xff, 0x8c, 0xba, 0xbf, 0xff, 0x8c, 0xba, 0xbf, 0xff, 0x8c, 0xba, 0xbf, 0xff, 
0x8c, 0xba, 0xbf, 0xff, 0x8c, 0xba, 0xbf, 0xff, 0x8c, 0xba, 0xbf, 0xff, 0x8c, 0xba, 0xbf, 0xff, 
0x8c, 0xba, 0xbf, 0xff, 0x8c, 0xba, 0xbf, 0xff, 0x8c, 0xba, 0xbf, 0xff, 0x8c, 0xba, 0xbf, 0xff, 
0x8c, 0xba, 0xbf, 0xff, 0x8c, 0xba, 0xbf, 0xff, 0x8c, 0xba, 0xbf, 0xff, 0x8c, 0xba, 0xbf, 0xff, 
0x8c, 0xba, 0xbf, 0xff, 0x8c, 0xba, 0xbf, 0xff, 0x8c, 0xba, 0xbf, 0xff, 0x8c, 0xba, 0xbf, 0xff, 
0x8c, 0xba, 0xbf, 0xff, 0x8c, 0xba, 0xbf, 0xff, 0x8c, 0xba, 0xbf, 0xff, 0x8c, 0xba, 0xbf, 0xff, 
0x8c, 0xba, 0xbf, 0xff, 0x8c, 0xba, 0xbf, 0xff, 0x8c, 0xba, 0xbf, 0xff, 0x8c, 0xba, 0xbf, 0xff, 
0x8c, 0xba, 0xbf, 0xff, 0x8c, 0xba, 0xbf, 0xff, 0x8c, 0xba, 0xbf, 0xff, 0x8c, 0xba, 0xbf, 0xff, 
0x8c, 0xba, 0xbf, 0xff, 0x8c, 0xba, 0xbf, 0xff, 0x8c, 0xba, 0xbf, 0xff, 0x8c, 0xba, 0xbf, 0xff, 
0x8c, 0xba, 0xbf, 0xff, 0x8c, 0xba, 0xbf, 0xff, 0x8c, 0xba, 0xbf, 0xff, 0x8c, 0xba, 0xbf, 0xff, 
0x8c, 0xba, 0xbf, 0xff, 0x8c, 0xba, 0xbf, 0xff, 0x8c, 0xba, 0xbf, 0xff, 0x8c, 0xba, 0xbf, 0xff, 
0x8c, 0xba, 0xbf, 0xff, 0x8c, 0xba, 0xbf, 0xff, 0x8c, 0xba, 0xbf, 0xff, 0x8c, 0xba, 0xbf, 0xff, 
0x8c, 0xba, 0xbf, 0xff, 0x8c, 0xba, 0xbf, 0xff, 0x8c, 0xba, 0xbf, 0xff, 0x8c, 0xba, 0xbf, 0xff, 
0x8c, 0xba, 0xbf, 0xff, 0x8c, 0xba, 0xbf, 0xff, 0x8c, 0xba, 0xbf, 0xff, 0x8c, 0xba, 0xbf, 0xff, 
0x8c, 0xba, 0xbf, 0xff, 0x8c, 0xba, 0xbf, 0xff, 0x8c, 0xba, 0xbf, 0xff, 0x8c, 0xba, 0xbf, 0xff, 
0x8c, 0xba, 0xbf, 0xff, 0x8c, 0xba, 0xbf, 0xff, 0x8c, 0xba, 0xbf, 0xff, 0x8c, 0xba, 0xbf, 0xff, 
0x8c, 0xba, 0xbf, 0xff, 0x8c, 0xba, 0xbf, 0xff, 0x8c, 0xba, 0xbf, 0xff, 0x8c, 0xba, 0xbf, 0xff, 
0x8c, 0xba, 0xbf, 0xff, 0x8c, 0xba, 0xbf, 0xff, 0x8c, 0xba, 0xbf, 0xff, 0x8c, 0xba, 0xbf, 0xff, 
0x8c, 0xba, 0xbf, 0xff, 0x8c, 0xba, 0xbf, 0xff, 0x8c, 0xba, 0xbf, 0xff, 0x8c, 0xba, 0xbf, 0xff, 
0x8c, 0xba, 0xbf, 0xff, 0x8c, 0xba, 0xbf, 0xff, 0x8c, 0xba, 0xbf, 0xff, 0x8c, 0xba, 0xbf, 0xff, 
0x8c, 0xba, 0xbf, 0xff, 0x8c, 0xba, 0xbf, 0xff, 0x8c, 0xba, 0xbf, 0xff, 0x8c, 0xba, 0xbf, 0xff, 
0x8c, 0xba, 0xbf, 0xff, 0x8c, 0xba, 0xbf, 0xff, 0x8c, 0xba, 0xbf, 0xff, 0x8c, 0xba, 0xbf, 0xff, 
0x8c, 0xba, 0xbf, 0xff, 0x8c, 0xba, 0xbf, 0xff, 0x8c, 0xba, 0xbf, 0xff, 0x8c, 0xba, 0xbf, 0xff, 
0x8c, 0xba, 0xbf, 0xff, 0x8c, 0xba, 0xbf, 0xff, 0x8c, 0xba, 0xbf, 0xff, 0x8c, 0xba, 0xbf, 0xff, 
0x8c, 0xba, 0xbf, 0xff, 0x8c, 0xba, 0xbf, 0xff, 0x8c, 0xba, 0xbf, 0xff, 0x8c, 0xba, 0xbf, 0xff, 
0x8c, 0xba, 0xbf, 0xff, 0x8c, 0xba, 0xbf, 0xff, 0x8c, 0xba, 0xbf, 0xff, 0x8c, 0xba, 0xbf, 0xff, 
0x8c, 0xba, 0xbf, 0xff, 0x8c, 0xba, 0xbf, 0xff, 0x8c, 0xba, 0xbf, 0xff, 0x8c, 0xba, 0xbf, 0xff, 
0x8c, 0xba, 0xbf, 0xff, 0x8c, 0xba, 0xbf, 0xff, 0x8c, 0xba, 0xbf, 0xff, 0x8c, 0xba, 0xbf, 0xff, 
0x8c, 0xba, 0xbf, 0xff, 0x8c, 0xba, 0xbf, 0xff, 0x8c, 0xba, 0xbf, 0xff, 0x8c, 0xba, 0xbf, 0xff, 
0x8c, 0xba, 0xbf, 0xff, 0x8c, 0xba, 0xbf, 0xff, 0x8c, 0xba, 0xbf, 0xff, 0x8c, 0xba, 0xbf, 0xff, 
0x8c, 0xba, 0xbf, 0xff, 0x8c, 0xba, 0xbf, 0xff, 0x8c, 0xba, 0xbf, 0xff, 0x8c, 0xba, 0xbf, 0xff, 
0x8c, 0xba, 0xbf, 0xff, 0x8c, 0xba, 0xbf, 0xff, 0x8c, 0xba, 0xbf, 0xff, 0x8c, 0xba, 0xbf, 0xff, 
0x8c, 0xba, 0xbf, 0xff, 0x8c, 0xba, 0xbf, 0xff, 0x8c, 0xba, 0xbf, 0xff, 0x8c, 0xba, 0xbf, 0xff, 
0x8c, 0xba, 0xbf, 0xff, 0x8c, 0xba, 0xbf, 0xff, 0x8c, 0xba, 0xbf, 0xff, 0x8c, 0xba, 0xbf, 0xff, 
0x8c, 0xba, 0xbf, 0xff, 0x8c, 0xba, 0xbf, 0xff, 0x8c, 0xba, 0xbf, 0xff, 0x8c, 0xba, 0xbf, 0xff, 
0x8c, 0xba, 0xbf, 0xff, 0x8c, 0xba, 0xbf, 0xff, 0x8c, 0xba, 0xbf, 0xff, 0x8c, 0xba, 0xbf, 0xff, 
0x8c, 0xba, 0xbf, 0xff, 0x8c, 0xba, 0xbf, 0xff, 0x8c, 0xba, 0xbf, 0xff, 0x8c, 0xba, 0xbf, 0xff, 
0x8c, 0xba, 0xbf, 0xff, 0x8c, 0xba, 0xbf, 0xff, 0x8c, 0xba, 0xbf, 0xff, 0x8c, 0xba, 0xbf, 0xff, 
0x8c, 0xba, 0xbf, 0xff, 0x8c, 0xba, 0xbf, 0xff, 0x8c, 0xba, 0xbf, 0xff, 0x8c, 0xba, 0xbf, 0xff, 
0x8c, 0xba, 0xbf, 0xff, 0x8c, 0xba, 0xbf, 0xff, 0x8c, 0xba, 0xbf, 0xff, 0x8c, 0xba, 0xbf, 0xff, 
0x8c, 0xba, 0xbf, 0xff, 0x8c, 0xba, 0xbf, 0xff, 0x8c, 0xba, 0xbf, 0xff, 0x8c, 0xba, 0xbf, 0xff, 
0x8c, 0xba, 0xbf, 0xff, 0x8c, 0xba, 0xbf, 0xff, 0x8c, 0xba, 0xbf, 0xff, 0x8c, 0xba, 0xbf, 0xff, 
0x8c, 0xba, 0xbf, 0xff, 0x8c, 0xba, 0xbf, 0xff, 0x8c, 0xba, 0xbf, 0xff, 0x8c, 0xba, 0xbf, 0xff, 
0x8c, 0xba, 0xbf, 0xff, 0x8c, 0xba, 0xbf, 0xff, 0x8c, 0xba, 0xbf, 0xff, 0x8c, 0xba, 0xbf, 0xff, 
0x8c, 0xba, 0xbf, 0xff, 0x8c, 0xba, 0xbf, 0xff, 0x8c, 0xba, 0xbf, 0xff, 0x8c, 0xba, 0xbf, 0xff, 
0x8c, 0xba, 0xbf, 0xff, 0x8c, 0xba, 0xbf, 0xff, 0x8c, 0xba, 0xbf, 0xff, 0x8c, 0xba, 0xbf, 0xff, 
0x8c, 0xba, 0xbf, 0xff, 0x8c, 0xba, 0xbf, 0xff, 0x8c, 0xba, 0xbf, 0xff, 0x8c, 0xba, 0xbf, 0xff, 
0x8c, 0xba, 0xbf, 0xff, 0x8c, 0xba, 0xbf, 0xff, 0x8c, 0xba, 0xbf, 0xff, 0x8c, 0xba, 0xbf, 0xff, 
0x8c, 0xba, 0xbf, 0xff, 0x8c, 0xba, 0xbf, 0xff, 0x8c, 0xba, 0xbf, 0xff, 0x8c, 0xba, 0xbf, 0xff, 
0x8c, 0xba, 0xbf, 0xff, 0x8c, 0xba, 0xbf, 0xff, 0x8c, 0xba, 0xbf, 0xff, 0x8c, 0xba, 0xbf, 0xff, 
0x8c, 0xba, 0xbf, 0xff, 0x8c, 0xba, 0xbf, 0xff, 0x8c, 0xba, 0xbf, 0xff, 0x8c, 0xba, 0xbf, 0xff, 
0x8c, 0xba, 0xbf, 0xff, 0x8c, 0xba, 0xbf, 0xff, 0x8c, 0xba, 0xbf, 0xff, 0x8c, 0xba, 0xbf, 0xff, 
0x8c, 0xba, 0xbf, 0xff, 0x8c, 0xba, 0xbf, 0xff, 0x8c, 0xba, 0xbf, 0xff, 0x8c, 0xba, 0xbf, 0xff, 
0x8c, 0xba, 0xbf, 0xff, 0x8c, 0xba, 0xbf, 0xff, 0x8c, 0xba, 0xbf, 0xff, 0x8c, 0xba, 0xbf, 0xff, 
0x8c, 0xba, 0xbf, 0xff, 0x8c, 0xba, 0xbf, 0xff, 0x8c, 0xba, 0xbf, 0xff, 0x8c, 0xba, 0xbf, 0xff, 
0x8c, 0xba, 0xbf, 0xff, 0x8c, 0xba, 0xbf, 0xff, 0x8c, 0xba, 0xbf, 0xff, 0x8c, 0xba, 0xbf, 0xff, 
0x8c, 0xba, 0xbf, 0xff, 0x8c, 0xba, 0xbf, 0xff, 0x8c, 0xba, 0xbf, 0xff, 0x8c, 0xba, 0xbf, 0xff, 
0x8b, 0xb8, 0xbe, 0xff, 0x8b, 0xb8, 0xbe, 0xff, 0x8b, 0xb8, 0xbe, 0xff, 0x8b, 0xb8, 0xbe, 0xff, 
0x8b, 0xb8, 0xbe, 0xff, 0x8b, 0xb8, 0xbe, 0xff, 0x8b, 0xb8, 0xbe, 0xff, 0x8b, 0xb8, 0xbe, 0xff, 
0x8b, 0xb8, 0xbe, 0xff, 0x8b, 0xb8, 0xbe, 0xff, 0x8b, 0xb8, 0xbe, 0xff, 0x8b, 0xb8, 0xbe, 0xff, 
0x8b, 0xb8, 0xbe, 0xff, 0x8b, 0xb8, 0xbe, 0xff, 0x8b, 0xb8, 0xbe, 0xff, 0x8b, 0xb8, 0xbe, 0xff, 
0x8b, 0xb8, 0xbe, 0xff, 0x8b, 0xb8, 0xbe, 0xff, 0x8b, 0xb8, 0xbe, 0xff, 0x8b, 0xb8, 0xbe, 0xff, 
0x8b, 0xb8, 0xbe, 0xff, 0x8b, 0xb8, 0xbe, 0xff, 0x8b, 0xb8, 0xbe, 0xff, 0x8b, 0xb8, 0xbe, 0xff, 
0x8b, 0xb8, 0xbe, 0xff, 0x8b, 0xb8, 0xbe, 0xff, 0x8b, 0xb8, 0xbe, 0xff, 0x8b, 0xb8, 0xbe, 0xff, 
0x8b, 0xb8, 0xbe, 0xff, 0x8b, 0xb8, 0xbe, 0xff, 0x8b, 0xb8, 0xbe, 0xff, 0x8b, 0xb8, 0xbe, 0xff, 
0x8b, 0xb8, 0xbe, 0xff, 0x8b, 0xb8, 0xbe, 0xff, 0x8b, 0xb8, 0xbe, 0xff, 0x8b, 0xb8, 0xbe, 0xff, 
0x8b, 0xb8, 0xbe, 0xff, 0x8b, 0xb8, 0xbe, 0xff, 0x8b, 0xb8, 0xbe, 0xff, 0x8b, 0xb8, 0xbe, 0xff, 
0x8b, 0xb8, 0xbe, 0xff, 0x8b, 0xb8, 0xbe, 0xff, 0x8b, 0xb8, 0xbe, 0xff, 0x8b, 0xb8, 0xbe, 0xff, 
0x8b, 0xb8, 0xbe, 0xff, 0x8b, 0xb8, 0xbe, 0xff, 0x8b, 0xb8, 0xbe, 0xff, 0x8b, 0xb8, 0xbe, 0xff, 
0x8b, 0xb8, 0xbe, 0xff, 0x8b, 0xb8, 0xbe, 0xff, 0x8b, 0xb8, 0xbe, 0xff, 0x8b, 0xb8, 0xbe, 0xff, 
0x8b, 0xb8, 0xbe, 0xff, 0x8b, 0xb8, 0xbe, 0xff, 0x8b, 0xb8, 0xbe, 0xff, 0x8b, 0xb8, 0xbe, 0xff, 
0x8b, 0xb8, 0xbe, 0xff, 0x8b, 0xb8, 0xbe, 0xff, 0x8b, 0xb8, 0xbe, 0xff, 0x8b, 0xb8, 0xbe, 0xff, 
0x8b, 0xb8, 0xbe, 0xff, 0x8b, 0xb8, 0xbe, 0xff, 0x8b, 0xb8, 0xbe, 0xff, 0x8b, 0xb8, 0xbe, 0xff, 
0x8b, 0xb8, 0xbe, 0xff, 0x8b, 0xb8, 0xbe, 0xff, 0x8b, 0xb8, 0xbe, 0xff, 0x8b, 0xb8, 0xbe, 0xff, 
0x8b, 0xb8, 0xbe, 0xff, 0x8b, 0xb8, 0xbe, 0xff, 0x8b, 0xb8, 0xbe, 0xff, 0x8b, 0xb8, 0xbe, 0xff, 
0x8b, 0xb8, 0xbe, 0xff, 0x8b, 0xb8, 0xbe, 0xff, 0x8b, 0xb8, 0xbe, 0xff, 0x8b, 0xb8, 0xbe, 0xff, 
0x8b, 0xb8, 0xbe, 0xff, 0x8b, 0xb8, 0xbe, 0xff, 0x8b, 0xb8, 0xbe, 0xff, 0x8b, 0xb8, 0xbe, 0xff, 
0x8b, 0xb8, 0xbe, 0xff, 0x8b, 0xb8, 0xbe, 0xff, 0x8b, 0xb8, 0xbe, 0xff, 0x8b, 0xb8, 0xbe, 0xff, 
0x8b, 0xb8, 0xbe, 0xff, 0x8b, 0xb8, 0xbe, 0xff, 0x8b, 0xb8, 0xbe, 0xff, 0x8b, 0xb8, 0xbe, 0xff, 
0x8b, 0xb8, 0xbe, 0xff, 0x8b, 0xb8, 0xbe, 0xff, 0x8b, 0xb8, 0xbe, 0xff, 0x8b, 0xb8, 0xbe, 0xff, 
0x8b, 0xb8, 0xbe, 0xff, 0x8b, 0xb8, 0xbe, 0xff, 0x8b, 0xb8, 0xbe, 0xff, 0x8b, 0xb8, 0xbe, 0xff, 
0x8b, 0xb8, 0xbe, 0xff, 0x8b, 0xb8, 0xbe, 0xff, 0x8b, 0xb8, 0xbe, 0xff, 0x8b, 0xb8, 0xbe, 0xff, 
0x8b, 0xb8, 0xbe, 0xff, 0x8b, 0xb8, 0xbe, 0xff, 0x8b, 0xb8, 0xbe, 0xff, 0x8b, 0xb8, 0xbe, 0xff, 
0x8b, 0xb8, 0xbe, 0xff, 0x8b, 0xb8, 0xbe, 0xff, 0x8b, 0xb8, 0xbe, 0xff, 0x8b, 0xb8, 0xbe, 0xff, 
0x8b, 0xb8, 0xbe, 0xff, 0x8b, 0xb8, 0xbe, 0xff, 0x8b, 0xb8, 0xbe, 0xff, 0x8b, 0xb8, 0xbe, 0xff, 
0x8b, 0xb8, 0xbe, 0xff, 0x8b, 0xb8, 0xbe, 0xff, 0x8b, 0xb8, 0xbe, 0xff, 0x8b, 0xb8, 0xbe, 0xff, 
0x8b, 0xb8, 0xbe, 0xff, 0x8b, 0xb8, 0xbe, 0xff, 0x8b, 0xb8, 0xbe, 0xff, 0x8b, 0xb8, 0xbe, 0xff, 
0x8b, 0xb8, 0xbe, 0xff, 0x8b, 0xb8, 0xbe, 0xff, 0x8b, 0xb8, 0xbe, 0xff, 0x8b, 0xb8, 0xbe, 0xff, 
0x8b, 0xb8, 0xbe, 0xff, 0x8b, 0xb8, 0xbe, 0xff, 0x8b, 0xb8, 0xbe, 0xff, 0x8b, 0xb8, 0xbe, 0xff, 
0x8b, 0xb8, 0xbe, 0xff, 0x8b, 0xb8, 0xbe, 0xff, 0x8b, 0xb8, 0xbe, 0xff, 0x8b, 0xb8, 0xbe, 0xff, 
0x8b, 0xb8, 0xbe, 0xff, 0x8b, 0xb8, 0xbe, 0xff, 0x8b, 0xb8, 0xbe, 0xff, 0x8b, 0xb8, 0xbe, 0xff, 
0x8b, 0xb8, 0xbe, 0xff, 0x8b, 0xb8, 0xbe, 0xff, 0x8b, 0xb8, 0xbe, 0xff, 0x8b, 0xb8, 0xbe, 0xff, 
0x8b, 0xb8, 0xbe, 0xff, 0x8b, 0xb8, 0xbe, 0xff, 0x8b, 0xb8, 0xbe, 0xff, 0x8b, 0xb8, 0xbe, 0xff, 
0x8b, 0xb8, 0xbe, 0xff, 0x8b, 0xb8, 0xbe, 0xff, 0x8b, 0xb8, 0xbe, 0xff, 0x8b, 0xb8, 0xbe, 0xff, 
0x8b, 0xb8, 0xbe, 0xff, 0x8b, 0xb8, 0xbe, 0xff, 0x8b, 0xb8, 0xbe, 0xff, 0x8b, 0xb8, 0xbe, 0xff, 
0x8b, 0xb8, 0xbe, 0xff, 0x8b, 0xb8, 0xbe, 0xff, 0x8b, 0xb8, 0xbe, 0xff, 0x8b, 0xb8, 0xbe, 0xff, 
0x8b, 0xb8, 0xbe, 0xff, 0x8b, 0xb8, 0xbe, 0xff, 0x8b, 0xb8, 0xbe, 0xff, 0x8b, 0xb8, 0xbe, 0xff, 
0x8b, 0xb8, 0xbe, 0xff, 0x8b, 0xb8, 0xbe, 0xff, 0x8b, 0xb8, 0xbe, 0xff, 0x8b, 0xb8, 0xbe, 0xff, 
0x8b, 0xb8, 0xbe, 0xff, 0x8b, 0xb8, 0xbe, 0xff, 0x8b, 0xb8, 0xbe, 0xff, 0x8b, 0xb8, 0xbe, 0xff, 
0x8b, 0xb8, 0xbe, 0xff, 0x8b, 0xb8, 0xbe, 0xff, 0x8b, 0xb8, 0xbe, 0xff, 0x8b, 0xb8, 0xbe, 0xff, 
0x8b, 0xb8, 0xbe, 0xff, 0x8b, 0xb8, 0xbe, 0xff, 0x8b, 0xb8, 0xbe, 0xff, 0x8b, 0xb8, 0xbe, 0xff, 
0x8b, 0xb8, 0xbe, 0xff, 0x8b, 0xb8, 0xbe, 0xff, 0x8b, 0xb8, 0xbe, 0xff, 0x8b, 0xb8, 0xbe, 0xff, 
0x8b, 0xb8, 0xbe, 0xff, 0x8b, 0xb8, 0xbe, 0xff, 0x8b, 0xb8, 0xbe, 0xff, 0x8b, 0xb8, 0xbe, 0xff, 
0x8b, 0xb8, 0xbe, 0xff, 0x8b, 0xb8, 0xbe, 0xff, 0x8b, 0xb8, 0xbe, 0xff, 0x8b, 0xb8, 0xbe, 0xff, 
0x8b, 0xb8, 0xbe, 0xff, 0x8b, 0xb8, 0xbe, 0xff, 0x8b, 0xb8, 0xbe, 0xff, 0x8b, 0xb8, 0xbe, 0xff, 
0x8b, 0xb8, 0xbe, 0xff, 0x8b, 0xb8, 0xbe, 0xff, 0x8b, 0xb8, 0xbe, 0xff, 0x8b, 0xb8, 0xbe, 0xff, 
0x8b, 0xb8, 0xbe, 0xff, 0x8b, 0xb8, 0xbe, 0xff, 0x8b, 0xb8, 0xbe, 0xff, 0x8b, 0xb8, 0xbe, 0xff, 
0x8b, 0xb8, 0xbe, 0xff, 0x8b, 0xb8, 0xbe, 0xff, 0x8b, 0xb8, 0xbe, 0xff, 0x8b, 0xb8, 0xbe, 0xff, 
0x8b, 0xb8, 0xbe, 0xff, 0x8b, 0xb8, 0xbe, 0xff, 0x8b, 0xb8, 0xbe, 0xff, 0x8b, 0xb8, 0xbe, 0xff, 
0x8b, 0xb8, 0xbe, 0xff, 0x8b, 0xb8, 0xbe, 0xff, 0x8b, 0xb8, 0xbe, 0xff, 0x8b, 0xb8, 0xbe, 0xff, 
0x8b, 0xb8, 0xbe, 0xff, 0x8b, 0xb8, 0xbe, 0xff, 0x8b, 0xb8, 0xbe, 0xff, 0x8b, 0xb8, 0xbe, 0xff, 
0x8b, 0xb8, 0xbe, 0xff, 0x8b, 0xb8, 0xbe, 0xff, 0x8b, 0xb8, 0xbe, 0xff, 0x8b, 0xb8, 0xbe, 0xff, 
0x8b, 0xb8, 0xbe, 0xff, 0x8b, 0xb8, 0xbe, 0xff, 0x8b, 0xb8, 0xbe, 0xff, 0x8b, 0xb8, 0xbe, 0xff, 
0x8b, 0xb8, 0xbe, 0xff, 0x8b, 0xb8, 0xbe, 0xff, 0x8b, 0xb8, 0xbe, 0xff, 0x8b, 0xb8, 0xbe, 0xff, 
0x8b, 0xb8, 0xbe, 0xff, 0x8b, 0xb8, 0xbe, 0xff, 0x8b, 0xb8, 0xbe, 0xff, 0x8b, 0xb8, 0xbe, 0xff, 
0x8b, 0xb8, 0xbe, 0xff, 0x8b, 0xb8, 0xbe, 0xff, 0x8b, 0xb8, 0xbe, 0xff, 0x8b, 0xb8, 0xbe, 0xff, 
0x8b, 0xb8, 0xbe, 0xff, 0x8b, 0xb8, 0xbe, 0xff, 0x8b, 0xb8, 0xbe, 0xff, 0x8b, 0xb8, 0xbe, 0xff, 
0x8b, 0xb8, 0xbe, 0xff, 0x8b, 0xb8, 0xbe, 0xff, 0x8b, 0xb8, 0xbe, 0xff, 0x8b, 0xb8, 0xbe, 0xff, 
0x8b, 0xb8, 0xbe, 0xff, 0x8b, 0xb8, 0xbe, 0xff, 0x8b, 0xb8, 0xbe, 0xff, 0x8b, 0xb8, 0xbe, 0xff, 
0x8b, 0xb8, 0xbe, 0xff, 0x8b, 0xb8, 0xbe, 0xff, 0x8b, 0xb8, 0xbe, 0xff, 0x8b, 0xb8, 0xbe, 0xff, 
0x8b, 0xb8, 0xbe, 0xff, 0x8b, 0xb8, 0xbe, 0xff, 0x8b, 0xb8, 0xbe, 0xff, 0x8b, 0xb8, 0xbe, 0xff, 
0x8b, 0xb6, 0xbf, 0xff, 0x8b, 0xb6, 0xbf, 0xff, 0x8b, 0xb6, 0xbf, 0xff, 0x8b, 0xb6, 0xbf, 0xff, 
0x8b, 0xb6, 0xbf, 0xff, 0x8b, 0xb6, 0xbf, 0xff, 0x8b, 0xb6, 0xbf, 0xff, 0x8b, 0xb6, 0xbf, 0xff, 
0x8b, 0xb6, 0xbf, 0xff, 0x8b, 0xb6, 0xbf, 0xff, 0x8b, 0xb6, 0xbf, 0xff, 0x8b, 0xb6, 0xbf, 0xff, 
0x8b, 0xb6, 0xbf, 0xff, 0x8b, 0xb6, 0xbf, 0xff, 0x8b, 0xb6, 0xbf, 0xff, 0x8b, 0xb6, 0xbf, 0xff, 
0x8b, 0xb6, 0xbf, 0xff, 0x8b, 0xb6, 0xbf, 0xff, 0x8b, 0xb6, 0xbf, 0xff, 0x8b, 0xb6, 0xbf, 0xff, 
0x8b, 0xb6, 0xbf, 0xff, 0x8b, 0xb6, 0xbf, 0xff, 0x8b, 0xb6, 0xbf, 0xff, 0x8b, 0xb6, 0xbf, 0xff, 
0x8b, 0xb6, 0xbf, 0xff, 0x8b, 0xb6, 0xbf, 0xff, 0x8b, 0xb6, 0xbf, 0xff, 0x8b, 0xb6, 0xbf, 0xff, 
0x8b, 0xb6, 0xbf, 0xff, 0x8b, 0xb6, 0xbf, 0xff, 0x8b, 0xb6, 0xbf, 0xff, 0x8b, 0xb6, 0xbf, 0xff, 
0x8b, 0xb6, 0xbf, 0xff, 0x8b, 0xb6, 0xbf, 0xff, 0x8b, 0xb6, 0xbf, 0xff, 0x8b, 0xb6, 0xbf, 0xff, 
0x8b, 0xb6, 0xbf, 0xff, 0x8b, 0xb6, 0xbf, 0xff, 0x8b, 0xb6, 0xbf, 0xff, 0x8b, 0xb6, 0xbf, 0xff, 
0x8b, 0xb6, 0xbf, 0xff, 0x8b, 0xb6, 0xbf, 0xff, 0x8b, 0xb6, 0xbf, 0xff, 0x8b, 0xb6, 0xbf, 0xff, 
0x8b, 0xb6, 0xbf, 0xff, 0x8b, 0xb6, 0xbf, 0xff, 0x8b, 0xb6, 0xbf, 0xff, 0x8b, 0xb6, 0xbf, 0xff, 
0x8b, 0xb6, 0xbf, 0xff, 0x8b, 0xb6, 0xbf, 0xff, 0x8b, 0xb6, 0xbf, 0xff, 0x8b, 0xb6, 0xbf, 0xff, 
0x8b, 0xb6, 0xbf, 0xff, 0x8b, 0xb6, 0xbf, 0xff, 0x8b, 0xb6, 0xbf, 0xff, 0x8b, 0xb6, 0xbf, 0xff, 
0x8b, 0xb6, 0xbf, 0xff, 0x8b, 0xb6, 0xbf, 0xff, 0x8b, 0xb6, 0xbf, 0xff, 0x8b, 0xb6, 0xbf, 0xff, 
0x8b, 0xb6, 0xbf, 0xff, 0x8b, 0xb6, 0xbf, 0xff, 0x8b, 0xb6, 0xbf, 0xff, 0x8b, 0xb6, 0xbf, 0xff, 
0x8b, 0xb6, 0xbf, 0xff, 0x8b, 0xb6, 0xbf, 0xff, 0x8b, 0xb6, 0xbf, 0xff, 0x8b, 0xb6, 0xbf, 0xff, 
0x8b, 0xb6, 0xbf, 0xff, 0x8b, 0xb6, 0xbf, 0xff, 0x8b, 0xb6, 0xbf, 0xff, 0x8b, 0xb6, 0xbf, 0xff, 
0x8b, 0xb6, 0xbf, 0xff, 0x8b, 0xb6, 0xbf, 0xff, 0x8b, 0xb6, 0xbf, 0xff, 0x8b, 0xb6, 0xbf, 0xff, 
0x8b, 0xb6, 0xbf, 0xff, 0x8b, 0xb6, 0xbf, 0xff, 0x8b, 0xb6, 0xbf, 0xff, 0x8b, 0xb6, 0xbf, 0xff, 
0x8b, 0xb6, 0xbf, 0xff, 0x8b, 0xb6, 0xbf, 0xff, 0x8b, 0xb6, 0xbf, 0xff, 0x8b, 0xb6, 0xbf, 0xff, 
0x8b, 0xb6, 0xbf, 0xff, 0x8b, 0xb6, 0xbf, 0xff, 0x8b, 0xb6, 0xbf, 0xff, 0x8b, 0xb6, 0xbf, 0xff, 
0x8b, 0xb6, 0xbf, 0xff, 0x8b, 0xb6, 0xbf, 0xff, 0x8b, 0xb6, 0xbf, 0xff, 0x8b, 0xb6, 0xbf, 0xff, 
0x8b, 0xb6, 0xbf, 0xff, 0x8b, 0xb6, 0xbf, 0xff, 0x8b, 0xb6, 0xbf, 0xff, 0x8b, 0xb6, 0xbf, 0xff, 
0x8b, 0xb6, 0xbf, 0xff, 0x8b, 0xb6, 0xbf, 0xff, 0x8b, 0xb6, 0xbf, 0xff, 0x8b, 0xb6, 0xbf, 0xff, 
0x8b, 0xb6, 0xbf, 0xff, 0x8b, 0xb6, 0xbf, 0xff, 0x8b, 0xb6, 0xbf, 0xff, 0x8b, 0xb6, 0xbf, 0xff, 
0x8b, 0xb6, 0xbf, 0xff, 0x8b, 0xb6, 0xbf, 0xff, 0x8b, 0xb6, 0xbf, 0xff, 0x8b, 0xb6, 0xbf, 0xff, 
0x8b, 0xb6, 0xbf, 0xff, 0x8b, 0xb6, 0xbf, 0xff, 0x8b, 0xb6, 0xbf, 0xff, 0x8b, 0xb6, 0xbf, 0xff, 
0x8b, 0xb6, 0xbf, 0xff, 0x8b, 0xb6, 0xbf, 0xff, 0x8b, 0xb6, 0xbf, 0xff, 0x8b, 0xb6, 0xbf, 0xff, 
0x8b, 0xb6, 0xbf, 0xff, 0x8b, 0xb6, 0xbf, 0xff, 0x8b, 0xb6, 0xbf, 0xff, 0x8b, 0xb6, 0xbf, 0xff, 
0x8b, 0xb6, 0xbf, 0xff, 0x8b, 0xb6, 0xbf, 0xff, 0x8b, 0xb6, 0xbf, 0xff, 0x8b, 0xb6, 0xbf, 0xff, 
0x8b, 0xb6, 0xbf, 0xff, 0x8b, 0xb6, 0xbf, 0xff, 0x8b, 0xb6, 0xbf, 0xff, 0x8b, 0xb6, 0xbf, 0xff, 
0x8b, 0xb6, 0xbf, 0xff, 0x8b, 0xb6, 0xbf, 0xff, 0x8b, 0xb6, 0xbf, 0xff, 0x8b, 0xb6, 0xbf, 0xff, 
0x8b, 0xb6, 0xbf, 0xff, 0x8b, 0xb6, 0xbf, 0xff, 0x8b, 0xb6, 0xbf, 0xff, 0x8b, 0xb6, 0xbf, 0xff, 
0x8b, 0xb6, 0xbf, 0xff, 0x8b, 0xb6, 0xbf, 0xff, 0x8b, 0xb6, 0xbf, 0xff, 0x8b, 0xb6, 0xbf, 0xff, 
0x8b, 0xb6, 0xbf, 0xff, 0x8b, 0xb6, 0xbf, 0xff, 0x8b, 0xb6, 0xbf, 0xff, 0x8b, 0xb6, 0xbf, 0xff, 
0x8b, 0xb6, 0xbf, 0xff, 0x8b, 0xb6, 0xbf, 0xff, 0x8b, 0xb6, 0xbf, 0xff, 0x8b, 0xb6, 0xbf, 0xff, 
0x8b, 0xb6, 0xbf, 0xff, 0x8b, 0xb6, 0xbf, 0xff, 0x8b, 0xb6, 0xbf, 0xff, 0x8b, 0xb6, 0xbf, 0xff, 
0x8b, 0xb6, 0xbf, 0xff, 0x8b, 0xb6, 0xbf, 0xff, 0x8b, 0xb6, 0xbf, 0xff, 0x8b, 0xb6, 0xbf, 0xff, 
0x8b, 0xb6, 0xbf, 0xff, 0x8b, 0xb6, 0xbf, 0xff, 0x8b, 0xb6, 0xbf, 0xff, 0x8b, 0xb6, 0xbf, 0xff, 
0x8b, 0xb6, 0xbf, 0xff, 0x8b, 0xb6, 0xbf, 0xff, 0x8b, 0xb6, 0xbf, 0xff, 0x8b, 0xb6, 0xbf, 0xff, 
0x8b, 0xb6, 0xbf, 0xff, 0x8b, 0xb6, 0xbf, 0xff, 0x8b, 0xb6, 0xbf, 0xff, 0x8b, 0xb6, 0xbf, 0xff, 
0x8b, 0xb6, 0xbf, 0xff, 0x8b, 0xb6, 0xbf, 0xff, 0x8b, 0xb6, 0xbf, 0xff, 0x8b, 0xb6, 0xbf, 0xff, 
0x8b, 0xb6, 0xbf, 0xff, 0x8b, 0xb6, 0xbf, 0xff, 0x8b, 0xb6, 0xbf, 0xff, 0x8b, 0xb6, 0xbf, 0xff, 
0x8b, 0xb6, 0xbf, 0xff, 0x8b, 0xb6, 0xbf, 0xff, 0x8b, 0xb6, 0xbf, 0xff, 0x8b, 0xb6, 0xbf, 0xff, 
0x8b, 0xb6, 0xbf, 0xff, 0x8b, 0xb6, 0xbf, 0xff, 0x8b, 0xb6, 0xbf, 0xff, 0x8b, 0xb6, 0xbf, 0xff, 
0x8b, 0xb6, 0xbf, 0xff, 0x8b, 0xb6, 0xbf, 0xff, 0x8b, 0xb6, 0xbf, 0xff, 0x8b, 0xb6, 0xbf, 0xff, 
0x8b, 0xb6, 0xbf, 0xff, 0x8b, 0xb6, 0xbf, 0xff, 0x8b, 0xb6, 0xbf, 0xff, 0x8b, 0xb6, 0xbf, 0xff, 
0x8b, 0xb6, 0xbf, 0xff, 0x8b, 0xb6, 0xbf, 0xff, 0x8b, 0xb6, 0xbf, 0xff, 0x8b, 0xb6, 0xbf, 0xff, 
0x8b, 0xb6, 0xbf, 0xff, 0x8b, 0xb6, 0xbf, 0xff, 0x8b, 0xb6, 0xbf, 0xff, 0x8b, 0xb6, 0xbf, 0xff, 
0x8b, 0xb6, 0xbf, 0xff, 0x8b, 0xb6, 0xbf, 0xff, 0x8b, 0xb6, 0xbf, 0xff, 0x8b, 0xb6, 0xbf, 0xff, 
0x8b, 0xb6, 0xbf, 0xff, 0x8b, 0xb6, 0xbf, 0xff, 0x8b, 0xb6, 0xbf, 0xff, 0x8b, 0xb6, 0xbf, 0xff, 
0x8b, 0xb6, 0xbf, 0xff, 0x8b, 0xb6, 0xbf, 0xff, 0x8b, 0xb6, 0xbf, 0xff, 0x8b, 0xb6, 0xbf, 0xff, 
0x8b, 0xb6, 0xbf, 0xff, 0x8b, 0xb6, 0xbf, 0xff, 0x8b, 0xb6, 0xbf, 0xff, 0x8b, 0xb6, 0xbf, 0xff, 
0x8b, 0xb6, 0xbf, 0xff, 0x8b, 0xb6, 0xbf, 0xff, 0x8b, 0xb6, 0xbf, 0xff, 0x8b, 0xb6, 0xbf, 0xff, 
0x8b, 0xb6, 0xbf, 0xff, 0x8b, 0xb6, 0xbf, 0xff, 0x8b, 0xb6, 0xbf, 0xff, 0x8b, 0xb6, 0xbf, 0xff, 
0x8b, 0xb6, 0xbf, 0xff, 0x8b, 0xb6, 0xbf, 0xff, 0x8b, 0xb6, 0xbf, 0xff, 0x8b, 0xb6, 0xbf, 0xff, 
0x8b, 0xb6, 0xbf, 0xff, 0x8b, 0xb6, 0xbf, 0xff, 0x8b, 0xb6, 0xbf, 0xff, 0x8b, 0xb6, 0xbf, 0xff, 
0x8b, 0xb6, 0xbf, 0xff, 0x8b, 0xb6, 0xbf, 0xff, 0x8b, 0xb6, 0xbf, 0xff, 0x8b, 0xb6, 0xbf, 0xff, 
0x8b, 0xb6, 0xbf, 0xff, 0x8b, 0xb6, 0xbf, 0xff, 0x8b, 0xb6, 0xbf, 0xff, 0x8b, 0xb6, 0xbf, 0xff, 
0x8b, 0xb6, 0xbf, 0xff, 0x8b, 0xb6, 0xbf, 0xff, 0x8b, 0xb6, 0xbf, 0xff, 0x8b, 0xb6, 0xbf, 0xff, 
0x8b, 0xb6, 0xbf, 0xff, 0x8b, 0xb6, 0xbf, 0xff, 0x8b, 0xb6, 0xbf, 0xff, 0x8b, 0xb6, 0xbf, 0xff, 
0x8b, 0xb6, 0xbf, 0xff, 0x8b, 0xb6, 0xbf, 0xff, 0x8b, 0xb6, 0xbf, 0xff, 0x8b, 0xb6, 0xbf, 0xff, 
0x8b, 0xb6, 0xbf, 0xff, 0x8b, 0xb6, 0xbf, 0xff, 0x8b, 0xb6, 0xbf, 0xff, 0x8b, 0xb6, 0xbf, 0xff, 
0x8a, 0xb4, 0xbc, 0xff, 0x8a, 0xb4, 0xbc, 0xff, 0x8a, 0xb4, 0xbc, 0xff, 0x8a, 0xb4, 0xbc, 0xff, 
0x8a, 0xb4, 0xbc, 0xff, 0x8a, 0xb4, 0xbc, 0xff, 0x8a, 0xb4, 0xbc, 0xff, 0x8a, 0xb4, 0xbc, 0xff, 
0x8a, 0xb4, 0xbc, 0xff, 0x8a, 0xb4, 0xbc, 0xff, 0x8a, 0xb4, 0xbc, 0xff, 0x8a, 0xb4, 0xbc, 0xff, 
0x8a, 0xb4, 0xbc, 0xff, 0x8a, 0xb4, 0xbc, 0xff, 0x8a, 0xb4, 0xbc, 0xff, 0x8a, 0xb4, 0xbc, 0xff, 
0x8a, 0xb4, 0xbc, 0xff, 0x8a, 0xb4, 0xbc, 0xff, 0x8a, 0xb4, 0xbc, 0xff, 0x8a, 0xb4, 0xbc, 0xff, 
0x8a, 0xb4, 0xbc, 0xff, 0x8a, 0xb4, 0xbc, 0xff, 0x8a, 0xb4, 0xbc, 0xff, 0x8a, 0xb4, 0xbc, 0xff, 
0x8a, 0xb4, 0xbc, 0xff, 0x8a, 0xb4, 0xbc, 0xff, 0x8a, 0xb4, 0xbc, 0xff, 0x8a, 0xb4, 0xbc, 0xff, 
0x8a, 0xb4, 0xbc, 0xff, 0x8a, 0xb4, 0xbc, 0xff, 0x8a, 0xb4, 0xbc, 0xff, 0x8a, 0xb4, 0xbc, 0xff, 
0x8a, 0xb4, 0xbc, 0xff, 0x8a, 0xb4, 0xbc, 0xff, 0x8a, 0xb4, 0xbc, 0xff, 0x8a, 0xb4, 0xbc, 0xff, 
0x8a, 0xb4, 0xbc, 0xff, 0x8a, 0xb4, 0xbc, 0xff, 0x8a, 0xb4, 0xbc, 0xff, 0x8a, 0xb4, 0xbc, 0xff, 
0x8a, 0xb4, 0xbc, 0xff, 0x8a, 0xb4, 0xbc, 0xff, 0x8a, 0xb4, 0xbc, 0xff, 0x8a, 0xb4, 0xbc, 0xff, 
0x8a, 0xb4, 0xbc, 0xff, 0x8a, 0xb4, 0xbc, 0xff, 0x8a, 0xb4, 0xbc, 0xff, 0x8a, 0xb4, 0xbc, 0xff, 
0x8a, 0xb4, 0xbc, 0xff, 0x8a, 0xb4, 0xbc, 0xff, 0x8a, 0xb4, 0xbc, 0xff, 0x8a, 0xb4, 0xbc, 0xff, 
0x8a, 0xb4, 0xbc, 0xff, 0x8a, 0xb4, 0xbc, 0xff, 0x8a, 0xb4, 0xbc, 0xff, 0x8a, 0xb4, 0xbc, 0xff, 
0x8a, 0xb4, 0xbc, 0xff, 0x8a, 0xb4, 0xbc, 0xff, 0x8a, 0xb4, 0xbc, 0xff, 0x8a, 0xb4, 0xbc, 0xff, 
0x8a, 0xb4, 0xbc, 0xff, 0x8a, 0xb4, 0xbc, 0xff, 0x8a, 0xb4, 0xbc, 0xff, 0x8a, 0xb4, 0xbc, 0xff, 
0x8a, 0xb4, 0xbc, 0xff, 0x8a, 0xb4, 0xbc, 0xff, 0x8a, 0xb4, 0xbc, 0xff, 0x8a, 0xb4, 0xbc, 0xff, 
0x8a, 0xb4, 0xbc, 0xff, 0x8a, 0xb4, 0xbc, 0xff, 0x8a, 0xb4, 0xbc, 0xff, 0x8a, 0xb4, 0xbc, 0xff, 
0x8a, 0xb4, 0xbc, 0xff, 0x8a, 0xb4, 0xbc, 0xff, 0x8a, 0xb4, 0xbc, 0xff, 0x8a, 0xb4, 0xbc, 0xff, 
0x8a, 0xb4, 0xbc, 0xff, 0x8a, 0xb4, 0xbc, 0xff, 0x8a, 0xb4, 0xbc, 0xff, 0x8a, 0xb4, 0xbc, 0xff, 
0x8a, 0xb4, 0xbc, 0xff, 0x8a, 0xb4, 0xbc, 0xff, 0x8a, 0xb4, 0xbc, 0xff, 0x8a, 0xb4, 0xbc, 0xff, 
0x8a, 0xb4, 0xbc, 0xff, 0x8a, 0xb4, 0xbc, 0xff, 0x8a, 0xb4, 0xbc, 0xff, 0x8a, 0xb4, 0xbc, 0xff, 
0x8a, 0xb4, 0xbc, 0xff, 0x8a, 0xb4, 0xbc, 0xff, 0x8a, 0xb4, 0xbc, 0xff, 0x8a, 0xb4, 0xbc, 0xff, 
0x8a, 0xb4, 0xbc, 0xff, 0x8a, 0xb4, 0xbc, 0xff, 0x8a, 0xb4, 0xbc, 0xff, 0x8a, 0xb4, 0xbc, 0xff, 
0x8a, 0xb4, 0xbc, 0xff, 0x8a, 0xb4, 0xbc, 0xff, 0x8a, 0xb4, 0xbc, 0xff, 0x8a, 0xb4, 0xbc, 0xff, 
0x8a, 0xb4, 0xbc, 0xff, 0x8a, 0xb4, 0xbc, 0xff, 0x8a, 0xb4, 0xbc, 0xff, 0x8a, 0xb4, 0xbc, 0xff, 
0x8a, 0xb4, 0xbc, 0xff, 0x8a, 0xb4, 0xbc, 0xff, 0x8a, 0xb4, 0xbc, 0xff, 0x8a, 0xb4, 0xbc, 0xff, 
0x8a, 0xb4, 0xbc, 0xff, 0x8a, 0xb4, 0xbc, 0xff, 0x8a, 0xb4, 0xbc, 0xff, 0x8a, 0xb4, 0xbc, 0xff, 
0x8a, 0xb4, 0xbc, 0xff, 0x8a, 0xb4, 0xbc, 0xff, 0x8a, 0xb4, 0xbc, 0xff, 0x8a, 0xb4, 0xbc, 0xff, 
0x8a, 0xb4, 0xbc, 0xff, 0x8a, 0xb4, 0xbc, 0xff, 0x8a, 0xb4, 0xbc, 0xff, 0x8a, 0xb4, 0xbc, 0xff, 
0x8a, 0xb4, 0xbc, 0xff, 0x8a, 0xb4, 0xbc, 0xff, 0x8a, 0xb4, 0xbc, 0xff, 0x8a, 0xb4, 0xbc, 0xff, 
0x8a, 0xb4, 0xbc, 0xff, 0x8a, 0xb4, 0xbc, 0xff, 0x8a, 0xb4, 0xbc, 0xff, 0x8a, 0xb4, 0xbc, 0xff, 
0x8a, 0xb4, 0xbc, 0xff, 0x8a, 0xb4, 0xbc, 0xff, 0x8a, 0xb4, 0xbc, 0xff, 0x8a, 0xb4, 0xbc, 0xff, 
0x8a, 0xb4, 0xbc, 0xff, 0x8a, 0xb4, 0xbc, 0xff, 0x8a, 0xb4, 0xbc, 0xff, 0x8a, 0xb4, 0xbc, 0xff, 
0x8a, 0xb4, 0xbc, 0xff, 0x8a, 0xb4, 0xbc, 0xff, 0x8a, 0xb4, 0xbc, 0xff, 0x8a, 0xb4, 0xbc, 0xff, 
0x8a, 0xb4, 0xbc, 0xff, 0x8a, 0xb4, 0xbc, 0xff, 0x8a, 0xb4, 0xbc, 0xff, 0x8a, 0xb4, 0xbc, 0xff, 
0x8a, 0xb4, 0xbc, 0xff, 0x8a, 0xb4, 0xbc, 0xff, 0x8a, 0xb4, 0xbc, 0xff, 0x8a, 0xb4, 0xbc, 0xff, 
0x8a, 0xb4, 0xbc, 0xff, 0x8a, 0xb4, 0xbc, 0xff, 0x8a, 0xb4, 0xbc, 0xff, 0x8a, 0xb4, 0xbc, 0xff, 
0x8a, 0xb4, 0xbc, 0xff, 0x8a, 0xb4, 0xbc, 0xff, 0x8a, 0xb4, 0xbc, 0xff, 0x8a, 0xb4, 0xbc, 0xff, 
0x8a, 0xb4, 0xbc, 0xff, 0x8a, 0xb4, 0xbc, 0xff, 0x8a, 0xb4, 0xbc, 0xff, 0x8a, 0xb4, 0xbc, 0xff, 
0x8a, 0xb4, 0xbc, 0xff, 0x8a, 0xb4, 0xbc, 0xff, 0x8a, 0xb4, 0xbc, 0xff, 0x8a, 0xb4, 0xbc, 0xff, 
0x8a, 0xb4, 0xbc, 0xff, 0x8a, 0xb4, 0xbc, 0xff, 0x8a, 0xb4, 0xbc, 0xff, 0x8a, 0xb4, 0xbc, 0xff, 
0x8a, 0xb4, 0xbc, 0xff, 0x8a, 0xb4, 0xbc, 0xff, 0x8a, 0xb4, 0xbc, 0xff, 0x8a, 0xb4, 0xbc, 0xff, 
0x8a, 0xb4, 0xbc, 0xff, 0x8a, 0xb4, 0xbc, 0xff, 0x8a, 0xb4, 0xbc, 0xff, 0x8a, 0xb4, 0xbc, 0xff, 
0x8a, 0xb4, 0xbc, 0xff, 0x8a, 0xb4, 0xbc, 0xff, 0x8a, 0xb4, 0xbc, 0xff, 0x8a, 0xb4, 0xbc, 0xff, 
0x8a, 0xb4, 0xbc, 0xff, 0x8a, 0xb4, 0xbc, 0xff, 0x8a, 0xb4, 0xbc, 0xff, 0x8a, 0xb4, 0xbc, 0xff, 
0x8a, 0xb4, 0xbc, 0xff, 0x8a, 0xb4, 0xbc, 0xff, 0x8a, 0xb4, 0xbc, 0xff, 0x8a, 0xb4, 0xbc, 0xff, 
0x8a, 0xb4, 0xbc, 0xff, 0x8a, 0xb4, 0xbc, 0xff, 0x8a, 0xb4, 0xbc, 0xff, 0x8a, 0xb4, 0xbc, 0xff, 
0x8a, 0xb4, 0xbc, 0xff, 0x8a, 0xb4, 0xbc, 0xff, 0x8a, 0xb4, 0xbc, 0xff, 0x8a, 0xb4, 0xbc, 0xff, 
0x8a, 0xb4, 0xbc, 0xff, 0x8a, 0xb4, 0xbc, 0xff, 0x8a, 0xb4, 0xbc, 0xff, 0x8a, 0xb4, 0xbc, 0xff, 
0x8a, 0xb4, 0xbc, 0xff, 0x8a, 0xb4, 0xbc, 0xff, 0x8a, 0xb4, 0xbc, 0xff, 0x8a, 0xb4, 0xbc, 0xff, 
0x8a, 0xb4, 0xbc, 0xff, 0x8a, 0xb4, 0xbc, 0xff, 0x8a, 0xb4, 0xbc, 0xff, 0x8a, 0xb4, 0xbc, 0xff, 
0x8a, 0xb4, 0xbc, 0xff, 0x8a, 0xb4, 0xbc, 0xff, 0x8a, 0xb4, 0xbc, 0xff, 0x8a, 0xb4, 0xbc, 0xff, 
0x8a, 0xb4, 0xbc, 0xff, 0x8a, 0xb4, 0xbc, 0xff, 0x8a, 0xb4, 0xbc, 0xff, 0x8a, 0xb4, 0xbc, 0xff, 
0x8a, 0xb4, 0xbc, 0xff, 0x8a, 0xb4, 0xbc, 0xff, 0x8a, 0xb4, 0xbc, 0xff, 0x8a, 0xb4, 0xbc, 0xff, 
0x8a, 0xb4, 0xbc, 0xff, 0x8a, 0xb4, 0xbc, 0xff, 0x8a, 0xb4, 0xbc, 0xff, 0x8a, 0xb4, 0xbc, 0xff, 
0x8a, 0xb4, 0xbc, 0xff, 0x8a, 0xb4, 0xbc, 0xff, 0x8a, 0xb4, 0xbc, 0xff, 0x8a, 0xb4, 0xbc, 0xff, 
0x8a, 0xb4, 0xbc, 0xff, 0x8a, 0xb4, 0xbc, 0xff, 0x8a, 0xb4, 0xbc, 0xff, 0x8a, 0xb4, 0xbc, 0xff, 
0x8a, 0xb4, 0xbc, 0xff, 0x8a, 0xb4, 0xbc, 0xff, 0x8a, 0xb4, 0xbc, 0xff, 0x8a, 0xb4, 0xbc, 0xff, 
0x8a, 0xb4, 0xbc, 0xff, 0x8a, 0xb4, 0xbc, 0xff, 0x8a, 0xb4, 0xbc, 0xff, 0x8a, 0xb4, 0xbc, 0xff, 
0x8a, 0xb4, 0xbc, 0xff, 0x8a, 0xb4, 0xbc, 0xff, 0x8a, 0xb4, 0xbc, 0xff, 0x8a, 0xb4, 0xbc, 0xff, 
0x8a, 0xb4, 0xbc, 0xff, 0x8a, 0xb4, 0xbc, 0xff, 0x8a, 0xb4, 0xbc, 0xff, 0x8a, 0xb4, 0xbc, 0xff, 
0x8a, 0xb4, 0xbc, 0xff, 0x8a, 0xb4, 0xbc, 0xff, 0x8a, 0xb4, 0xbc, 0xff, 0x8a, 0xb4, 0xbc, 0xff, 
0x8a, 0xb4, 0xbc, 0xff, 0x8a, 0xb4, 0xbc, 0xff, 0x8a, 0xb4, 0xbc, 0xff, 0x8a, 0xb4, 0xbc, 0xff, 
0x89, 0xb4, 0xbb, 0xff, 0x89, 0xb4, 0xbb, 0xff, 0x89, 0xb4, 0xbb, 0xff, 0x89, 0xb4, 0xbb, 0xff, 
0x89, 0xb4, 0xbb, 0xff, 0x89, 0xb4, 0xbb, 0xff, 0x89, 0xb4, 0xbb, 0xff, 0x89, 0xb4, 0xbb, 0xff, 
0x89, 0xb4, 0xbb, 0xff, 0x89, 0xb4, 0xbb, 0xff, 0x89, 0xb4, 0xbb, 0xff, 0x89, 0xb4, 0xbb, 0xff, 
0x89, 0xb4, 0xbb, 0xff, 0x89, 0xb4, 0xbb, 0xff, 0x89, 0xb4, 0xbb, 0xff, 0x89, 0xb4, 0xbb, 0xff, 
0x89, 0xb4, 0xbb, 0xff, 0x89, 0xb4, 0xbb, 0xff, 0x89, 0xb4, 0xbb, 0xff, 0x89, 0xb4, 0xbb, 0xff, 
0x89, 0xb4, 0xbb, 0xff, 0x89, 0xb4, 0xbb, 0xff, 0x89, 0xb4, 0xbb, 0xff, 0x89, 0xb4, 0xbb, 0xff, 
0x89, 0xb4, 0xbb, 0xff, 0x89, 0xb4, 0xbb, 0xff, 0x89, 0xb4, 0xbb, 0xff, 0x89, 0xb4, 0xbb, 0xff, 
0x89, 0xb4, 0xbb, 0xff, 0x89, 0xb4, 0xbb, 0xff, 0x89, 0xb4, 0xbb, 0xff, 0x89, 0xb4, 0xbb, 0xff, 
0x89, 0xb4, 0xbb, 0xff, 0x89, 0xb4, 0xbb, 0xff, 0x89, 0xb4, 0xbb, 0xff, 0x89, 0xb4, 0xbb, 0xff, 
0x89, 0xb4, 0xbb, 0xff, 0x89, 0xb4, 0xbb, 0xff, 0x89, 0xb4, 0xbb, 0xff, 0x89, 0xb4, 0xbb, 0xff, 
0x89, 0xb4, 0xbb, 0xff, 0x89, 0xb4, 0xbb, 0xff, 0x89, 0xb4, 0xbb, 0xff, 0x89, 0xb4, 0xbb, 0xff, 
0x89, 0xb4, 0xbb, 0xff, 0x89, 0xb4, 0xbb, 0xff, 0x89, 0xb4, 0xbb, 0xff, 0x89, 0xb4, 0xbb, 0xff, 
0x89, 0xb4, 0xbb, 0xff, 0x89, 0xb4, 0xbb, 0xff, 0x89, 0xb4, 0xbb, 0xff, 0x89, 0xb4, 0xbb, 0xff, 
0x89, 0xb4, 0xbb, 0xff, 0x89, 0xb4, 0xbb, 0xff, 0x89, 0xb4, 0xbb, 0xff, 0x89, 0xb4, 0xbb, 0xff, 
0x89, 0xb4, 0xbb, 0xff, 0x89, 0xb4, 0xbb, 0xff, 0x89, 0xb4, 0xbb, 0xff, 0x89, 0xb4, 0xbb, 0xff, 
0x89, 0xb4, 0xbb, 0xff, 0x89, 0xb4, 0xbb, 0xff, 0x89, 0xb4, 0xbb, 0xff, 0x89, 0xb4, 0xbb, 0xff, 
0x89, 0xb4, 0xbb, 0xff, 0x89, 0xb4, 0xbb, 0xff, 0x89, 0xb4, 0xbb, 0xff, 0x89, 0xb4, 0xbb, 0xff, 
0x89, 0xb4, 0xbb, 0xff, 0x89, 0xb4, 0xbb, 0xff, 0x89, 0xb4, 0xbb, 0xff, 0x89, 0xb4, 0xbb, 0xff, 
0x89, 0xb4, 0xbb, 0xff, 0x89, 0xb4, 0xbb, 0xff, 0x89, 0xb4, 0xbb, 0xff, 0x89, 0xb4, 0xbb, 0xff, 
0x89, 0xb4, 0xbb, 0xff, 0x89, 0xb4, 0xbb, 0xff, 0x89, 0xb4, 0xbb, 0xff, 0x89, 0xb4, 0xbb, 0xff, 
0x89, 0xb4, 0xbb, 0xff, 0x89, 0xb4, 0xbb, 0xff, 0x89, 0xb4, 0xbb, 0xff, 0x89, 0xb4, 0xbb, 0xff, 
0x89, 0xb4, 0xbb, 0xff, 0x89, 0xb4, 0xbb, 0xff, 0x89, 0xb4, 0xbb, 0xff, 0x89, 0xb4, 0xbb, 0xff, 
0x89, 0xb4, 0xbb, 0xff, 0x89, 0xb4, 0xbb, 0xff, 0x89, 0xb4, 0xbb, 0xff, 0x89, 0xb4, 0xbb, 0xff, 
0x89, 0xb4, 0xbb, 0xff, 0x89, 0xb4, 0xbb, 0xff, 0x89, 0xb4, 0xbb, 0xff, 0x89, 0xb4, 0xbb, 0xff, 
0x89, 0xb4, 0xbb, 0xff, 0x89, 0xb4, 0xbb, 0xff, 0x89, 0xb4, 0xbb, 0xff, 0x89, 0xb4, 0xbb, 0xff, 
0x89, 0xb4, 0xbb, 0xff, 0x89, 0xb4, 0xbb, 0xff, 0x89, 0xb4, 0xbb, 0xff, 0x89, 0xb4, 0xbb, 0xff, 
0x89, 0xb4, 0xbb, 0xff, 0x89, 0xb4, 0xbb, 0xff, 0x89, 0xb4, 0xbb, 0xff, 0x89, 0xb4, 0xbb, 0xff, 
0x89, 0xb4, 0xbb, 0xff, 0x89, 0xb4, 0xbb, 0xff, 0x89, 0xb4, 0xbb, 0xff, 0x89, 0xb4, 0xbb, 0xff, 
0x89, 0xb4, 0xbb, 0xff, 0x89, 0xb4, 0xbb, 0xff, 0x89, 0xb4, 0xbb, 0xff, 0x89, 0xb4, 0xbb, 0xff, 
0x89, 0xb4, 0xbb, 0xff, 0x89, 0xb4, 0xbb, 0xff, 0x89, 0xb4, 0xbb, 0xff, 0x89, 0xb4, 0xbb, 0xff, 
0x89, 0xb4, 0xbb, 0xff, 0x89, 0xb4, 0xbb, 0xff, 0x89, 0xb4, 0xbb, 0xff, 0x89, 0xb4, 0xbb, 0xff, 
0x89, 0xb4, 0xbb, 0xff, 0x89, 0xb4, 0xbb, 0xff, 0x89, 0xb4, 0xbb, 0xff, 0x89, 0xb4, 0xbb, 0xff, 
0x89, 0xb4, 0xbb, 0xff, 0x89, 0xb4, 0xbb, 0xff, 0x89, 0xb4, 0xbb, 0xff, 0x89, 0xb4, 0xbb, 0xff, 
0x89, 0xb4, 0xbb, 0xff, 0x89, 0xb4, 0xbb, 0xff, 0x89, 0xb4, 0xbb, 0xff, 0x89, 0xb4, 0xbb, 0xff, 
0x89, 0xb4, 0xbb, 0xff, 0x89, 0xb4, 0xbb, 0xff, 0x89, 0xb4, 0xbb, 0xff, 0x89, 0xb4, 0xbb, 0xff, 
0x89, 0xb4, 0xbb, 0xff, 0x89, 0xb4, 0xbb, 0xff, 0x89, 0xb4, 0xbb, 0xff, 0x89, 0xb4, 0xbb, 0xff, 
0x89, 0xb4, 0xbb, 0xff, 0x89, 0xb4, 0xbb, 0xff, 0x89, 0xb4, 0xbb, 0xff, 0x89, 0xb4, 0xbb, 0xff, 
0x89, 0xb4, 0xbb, 0xff, 0x89, 0xb4, 0xbb, 0xff, 0x89, 0xb4, 0xbb, 0xff, 0x89, 0xb4, 0xbb, 0xff, 
0x89, 0xb4, 0xbb, 0xff, 0x89, 0xb4, 0xbb, 0xff, 0x89, 0xb4, 0xbb, 0xff, 0x89, 0xb4, 0xbb, 0xff, 
0x89, 0xb4, 0xbb, 0xff, 0x89, 0xb4, 0xbb, 0xff, 0x89, 0xb4, 0xbb, 0xff, 0x89, 0xb4, 0xbb, 0xff, 
0x89, 0xb4, 0xbb, 0xff, 0x89, 0xb4, 0xbb, 0xff, 0x89, 0xb4, 0xbb, 0xff, 0x89, 0xb4, 0xbb, 0xff, 
0x89, 0xb4, 0xbb, 0xff, 0x89, 0xb4, 0xbb, 0xff, 0x89, 0xb4, 0xbb, 0xff, 0x89, 0xb4, 0xbb, 0xff, 
0x89, 0xb4, 0xbb, 0xff, 0x89, 0xb4, 0xbb, 0xff, 0x89, 0xb4, 0xbb, 0xff, 0x89, 0xb4, 0xbb, 0xff, 
0x89, 0xb4, 0xbb, 0xff, 0x89, 0xb4, 0xbb, 0xff, 0x89, 0xb4, 0xbb, 0xff, 0x89, 0xb4, 0xbb, 0xff, 
0x89, 0xb4, 0xbb, 0xff, 0x89, 0xb4, 0xbb, 0xff, 0x89, 0xb4, 0xbb, 0xff, 0x89, 0xb4, 0xbb, 0xff, 
0x89, 0xb4, 0xbb, 0xff, 0x89, 0xb4, 0xbb, 0xff, 0x89, 0xb4, 0xbb, 0xff, 0x89, 0xb4, 0xbb, 0xff, 
0x89, 0xb4, 0xbb, 0xff, 0x89, 0xb4, 0xbb, 0xff, 0x89, 0xb4, 0xbb, 0xff, 0x89, 0xb4, 0xbb, 0xff, 
0x89, 0xb4, 0xbb, 0xff, 0x89, 0xb4, 0xbb, 0xff, 0x89, 0xb4, 0xbb, 0xff, 0x89, 0xb4, 0xbb, 0xff, 
0x89, 0xb4, 0xbb, 0xff, 0x89, 0xb4, 0xbb, 0xff, 0x89, 0xb4, 0xbb, 0xff, 0x89, 0xb4, 0xbb, 0xff, 
0x89, 0xb4, 0xbb, 0xff, 0x89, 0xb4, 0xbb, 0xff, 0x89, 0xb4, 0xbb, 0xff, 0x89, 0xb4, 0xbb, 0xff, 
0x89, 0xb4, 0xbb, 0xff, 0x89, 0xb4, 0xbb, 0xff, 0x89, 0xb4, 0xbb, 0xff, 0x89, 0xb4, 0xbb, 0xff, 
0x89, 0xb4, 0xbb, 0xff, 0x89, 0xb4, 0xbb, 0xff, 0x89, 0xb4, 0xbb, 0xff, 0x89, 0xb4, 0xbb, 0xff, 
0x89, 0xb4, 0xbb, 0xff, 0x89, 0xb4, 0xbb, 0xff, 0x89, 0xb4, 0xbb, 0xff, 0x89, 0xb4, 0xbb, 0xff, 
0x89, 0xb4, 0xbb, 0xff, 0x89, 0xb4, 0xbb, 0xff, 0x89, 0xb4, 0xbb, 0xff, 0x89, 0xb4, 0xbb, 0xff, 
0x89, 0xb4, 0xbb, 0xff, 0x89, 0xb4, 0xbb, 0xff, 0x89, 0xb4, 0xbb, 0xff, 0x89, 0xb4, 0xbb, 0xff, 
0x89, 0xb4, 0xbb, 0xff, 0x89, 0xb4, 0xbb, 0xff, 0x89, 0xb4, 0xbb, 0xff, 0x89, 0xb4, 0xbb, 0xff, 
0x89, 0xb4, 0xbb, 0xff, 0x89, 0xb4, 0xbb, 0xff, 0x89, 0xb4, 0xbb, 0xff, 0x89, 0xb4, 0xbb, 0xff, 
0x89, 0xb4, 0xbb, 0xff, 0x89, 0xb4, 0xbb, 0xff, 0x89, 0xb4, 0xbb, 0xff, 0x89, 0xb4, 0xbb, 0xff, 
0x89, 0xb4, 0xbb, 0xff, 0x89, 0xb4, 0xbb, 0xff, 0x89, 0xb4, 0xbb, 0xff, 0x89, 0xb4, 0xbb, 0xff, 
0x89, 0xb4, 0xbb, 0xff, 0x89, 0xb4, 0xbb, 0xff, 0x89, 0xb4, 0xbb, 0xff, 0x89, 0xb4, 0xbb, 0xff, 
0x89, 0xb4, 0xbb, 0xff, 0x89, 0xb4, 0xbb, 0xff, 0x89, 0xb4, 0xbb, 0xff, 0x89, 0xb4, 0xbb, 0xff, 
0x89, 0xb4, 0xbb, 0xff, 0x89, 0xb4, 0xbb, 0xff, 0x89, 0xb4, 0xbb, 0xff, 0x89, 0xb4, 0xbb, 0xff, 
0x89, 0xb4, 0xbb, 0xff, 0x89, 0xb4, 0xbb, 0xff, 0x89, 0xb4, 0xbb, 0xff, 0x89, 0xb4, 0xbb, 0xff, 
0x89, 0xb4, 0xbb, 0xff, 0x89, 0xb4, 0xbb, 0xff, 0x89, 0xb4, 0xbb, 0xff, 0x89, 0xb4, 0xbb, 0xff, 
0x88, 0xb4, 0xbb, 0xff, 0x88, 0xb4, 0xbb, 0xff, 0x88, 0xb4, 0xbb, 0xff, 0x88, 0xb4, 0xbb, 0xff, 
0x88, 0xb4, 0xbb, 0xff, 0x88, 0xb4, 0xbb, 0xff, 0x88, 0xb4, 0xbb, 0xff, 0x88, 0xb4, 0xbb, 0xff, 
0x88, 0xb4, 0xbb, 0xff, 0x88, 0xb4, 0xbb, 0xff, 0x88, 0xb4, 0xbb, 0xff, 0x88, 0xb4, 0xbb, 0xff, 
0x88, 0xb4, 0xbb, 0xff, 0x88, 0xb4, 0xbb, 0xff, 0x88, 0xb4, 0xbb, 0xff, 0x88, 0xb4, 0xbb, 0xff, 
0x88, 0xb4, 0xbb, 0xff, 0x88, 0xb4, 0xbb, 0xff, 0x88, 0xb4, 0xbb, 0xff, 0x88, 0xb4, 0xbb, 0xff, 
0x88, 0xb4, 0xbb, 0xff, 0x88, 0xb4, 0xbb, 0xff, 0x88, 0xb4, 0xbb, 0xff, 0x88, 0xb4, 0xbb, 0xff, 
0x88, 0xb4, 0xbb, 0xff, 0x88, 0xb4, 0xbb, 0xff, 0x88, 0xb4, 0xbb, 0xff, 0x88, 0xb4, 0xbb, 0xff, 
0x88, 0xb4, 0xbb, 0xff, 0x88, 0xb4, 0xbb, 0xff, 0x88, 0xb4, 0xbb, 0xff, 0x88, 0xb4, 0xbb, 0xff, 
0x88, 0xb4, 0xbb, 0xff, 0x88, 0xb4, 0xbb, 0xff, 0x88, 0xb4, 0xbb, 0xff, 0x88, 0xb4, 0xbb, 0xff, 
0x88, 0xb4, 0xbb, 0xff, 0x88, 0xb4, 0xbb, 0xff, 0x88, 0xb4, 0xbb, 0xff, 0x88, 0xb4, 0xbb, 0xff, 
0x88, 0xb4, 0xbb, 0xff, 0x88, 0xb4, 0xbb, 0xff, 0x88, 0xb4, 0xbb, 0xff, 0x88, 0xb4, 0xbb, 0xff, 
0x88, 0xb4, 0xbb, 0xff, 0x88, 0xb4, 0xbb, 0xff, 0x88, 0xb4, 0xbb, 0xff, 0x88, 0xb4, 0xbb, 0xff, 
0x88, 0xb4, 0xbb, 0xff, 0x88, 0xb4, 0xbb, 0xff, 0x88, 0xb4, 0xbb, 0xff, 0x88, 0xb4, 0xbb, 0xff, 
0x88, 0xb4, 0xbb, 0xff, 0x88, 0xb4, 0xbb, 0xff, 0x88, 0xb4, 0xbb, 0xff, 0x88, 0xb4, 0xbb, 0xff, 
0x88, 0xb4, 0xbb, 0xff, 0x88, 0xb4, 0xbb, 0xff, 0x88, 0xb4, 0xbb, 0xff, 0x88, 0xb4, 0xbb, 0xff, 
0x88, 0xb4, 0xbb, 0xff, 0x88, 0xb4, 0xbb, 0xff, 0x88, 0xb4, 0xbb, 0xff, 0x88, 0xb4, 0xbb, 0xff, 
0x88, 0xb4, 0xbb, 0xff, 0x88, 0xb4, 0xbb, 0xff, 0x88, 0xb4, 0xbb, 0xff, 0x88, 0xb4, 0xbb, 0xff, 
0x88, 0xb4, 0xbb, 0xff, 0x88, 0xb4, 0xbb, 0xff, 0x88, 0xb4, 0xbb, 0xff, 0x88, 0xb4, 0xbb, 0xff, 
0x88, 0xb4, 0xbb, 0xff, 0x88, 0xb4, 0xbb, 0xff, 0x88, 0xb4, 0xbb, 0xff, 0x88, 0xb4, 0xbb, 0xff, 
0x88, 0xb4, 0xbb, 0xff, 0x88, 0xb4, 0xbb, 0xff, 0x88, 0xb4, 0xbb, 0xff, 0x88, 0xb4, 0xbb, 0xff, 
0x88, 0xb4, 0xbb, 0xff, 0x88, 0xb4, 0xbb, 0xff, 0x88, 0xb4, 0xbb, 0xff, 0x88, 0xb4, 0xbb, 0xff, 
0x88, 0xb4, 0xbb, 0xff, 0x88, 0xb4, 0xbb, 0xff, 0x88, 0xb4, 0xbb, 0xff, 0x88, 0xb4, 0xbb, 0xff, 
0x88, 0xb4, 0xbb, 0xff, 0x88, 0xb4, 0xbb, 0xff, 0x88, 0xb4, 0xbb, 0xff, 0x88, 0xb4, 0xbb, 0xff, 
0x88, 0xb4, 0xbb, 0xff, 0x88, 0xb4, 0xbb, 0xff, 0x88, 0xb4, 0xbb, 0xff, 0x88, 0xb4, 0xbb, 0xff, 
0x88, 0xb4, 0xbb, 0xff, 0x88, 0xb4, 0xbb, 0xff, 0x88, 0xb4, 0xbb, 0xff, 0x88, 0xb4, 0xbb, 0xff, 
0x88, 0xb4, 0xbb, 0xff, 0x88, 0xb4, 0xbb, 0xff, 0x88, 0xb4, 0xbb, 0xff, 0x88, 0xb4, 0xbb, 0xff, 
0x88, 0xb4, 0xbb, 0xff, 0x88, 0xb4, 0xbb, 0xff, 0x88, 0xb4, 0xbb, 0xff, 0x88, 0xb4, 0xbb, 0xff, 
0x88, 0xb4, 0xbb, 0xff, 0x88, 0xb4, 0xbb, 0xff, 0x88, 0xb4, 0xbb, 0xff, 0x88, 0xb4, 0xbb, 0xff, 
0x88, 0xb4, 0xbb, 0xff, 0x88, 0xb4, 0xbb, 0xff, 0x88, 0xb4, 0xbb, 0xff, 0x88, 0xb4, 0xbb, 0xff, 
0x88, 0xb4, 0xbb, 0xff, 0x88, 0xb4, 0xbb, 0xff, 0x88, 0xb4, 0xbb, 0xff, 0x88, 0xb4, 0xbb, 0xff, 
0x88, 0xb4, 0xbb, 0xff, 0x88, 0xb4, 0xbb, 0xff, 0x88, 0xb4, 0xbb, 0xff, 0x88, 0xb4, 0xbb, 0xff, 
0x88, 0xb4, 0xbb, 0xff, 0x88, 0xb4, 0xbb, 0xff, 0x88, 0xb4, 0xbb, 0xff, 0x88, 0xb4, 0xbb, 0xff, 
0x88, 0xb4, 0xbb, 0xff, 0x88, 0xb4, 0xbb, 0xff, 0x88, 0xb4, 0xbb, 0xff, 0x88, 0xb4, 0xbb, 0xff, 
0x88, 0xb4, 0xbb, 0xff, 0x88, 0xb4, 0xbb, 0xff, 0x88, 0xb4, 0xbb, 0xff, 0x88, 0xb4, 0xbb, 0xff, 
0x88, 0xb4, 0xbb, 0xff, 0x88, 0xb4, 0xbb, 0xff, 0x88, 0xb4, 0xbb, 0xff, 0x88, 0xb4, 0xbb, 0xff, 
0x88, 0xb4, 0xbb, 0xff, 0x88, 0xb4, 0xbb, 0xff, 0x88, 0xb4, 0xbb, 0xff, 0x88, 0xb4, 0xbb, 0xff, 
0x88, 0xb4, 0xbb, 0xff, 0x88, 0xb4, 0xbb, 0xff, 0x88, 0xb4, 0xbb, 0xff, 0x88, 0xb4, 0xbb, 0xff, 
0x88, 0xb4, 0xbb, 0xff, 0x88, 0xb4, 0xbb, 0xff, 0x88, 0xb4, 0xbb, 0xff, 0x88, 0xb4, 0xbb, 0xff, 
0x88, 0xb4, 0xbb, 0xff, 0x88, 0xb4, 0xbb, 0xff, 0x88, 0xb4, 0xbb, 0xff, 0x88, 0xb4, 0xbb, 0xff, 
0x88, 0xb4, 0xbb, 0xff, 0x88, 0xb4, 0xbb, 0xff, 0x88, 0xb4, 0xbb, 0xff, 0x88, 0xb4, 0xbb, 0xff, 
0x88, 0xb4, 0xbb, 0xff, 0x88, 0xb4, 0xbb, 0xff, 0x88, 0xb4, 0xbb, 0xff, 0x88, 0xb4, 0xbb, 0xff, 
0x88, 0xb4, 0xbb, 0xff, 0x88, 0xb4, 0xbb, 0xff, 0x88, 0xb4, 0xbb, 0xff, 0x88, 0xb4, 0xbb, 0xff, 
0x88, 0xb4, 0xbb, 0xff, 0x88, 0xb4, 0xbb, 0xff, 0x88, 0xb4, 0xbb, 0xff, 0x88, 0xb4, 0xbb, 0xff, 
0x88, 0xb4, 0xbb, 0xff, 0x88, 0xb4, 0xbb, 0xff, 0x88, 0xb4, 0xbb, 0xff, 0x88, 0xb4, 0xbb, 0xff, 
0x88, 0xb4, 0xbb, 0xff, 0x88, 0xb4, 0xbb, 0xff, 0x88, 0xb4, 0xbb, 0xff, 0x88, 0xb4, 0xbb, 0xff, 
0x88, 0xb4, 0xbb, 0xff, 0x88, 0xb4, 0xbb, 0xff, 0x88, 0xb4, 0xbb, 0xff, 0x88, 0xb4, 0xbb, 0xff, 
0x88, 0xb4, 0xbb, 0xff, 0x88, 0xb4, 0xbb, 0xff, 0x88, 0xb4, 0xbb, 0xff, 0x88, 0xb4, 0xbb, 0xff, 
0x88, 0xb4, 0xbb, 0xff, 0x88, 0xb4, 0xbb, 0xff, 0x88, 0xb4, 0xbb, 0xff, 0x88, 0xb4, 0xbb, 0xff, 
0x88, 0xb4, 0xbb, 0xff, 0x88, 0xb4, 0xbb, 0xff, 0x88, 0xb4, 0xbb, 0xff, 0x88, 0xb4, 0xbb, 0xff, 
0x88, 0xb4, 0xbb, 0xff, 0x88, 0xb4, 0xbb, 0xff, 0x88, 0xb4, 0xbb, 0xff, 0x88, 0xb4, 0xbb, 0xff, 
0x88, 0xb4, 0xbb, 0xff, 0x88, 0xb4, 0xbb, 0xff, 0x88, 0xb4, 0xbb, 0xff, 0x88, 0xb4, 0xbb, 0xff, 
0x88, 0xb4, 0xbb, 0xff, 0x88, 0xb4, 0xbb, 0xff, 0x88, 0xb4, 0xbb, 0xff, 0x88, 0xb4, 0xbb, 0xff, 
0x88, 0xb4, 0xbb, 0xff, 0x88, 0xb4, 0xbb, 0xff, 0x88, 0xb4, 0xbb, 0xff, 0x88, 0xb4, 0xbb, 0xff, 
0x88, 0xb4, 0xbb, 0xff, 0x88, 0xb4, 0xbb, 0xff, 0x88, 0xb4, 0xbb, 0xff, 0x88, 0xb4, 0xbb, 0xff, 
0x88, 0xb4, 0xbb, 0xff, 0x88, 0xb4, 0xbb, 0xff, 0x88, 0xb4, 0xbb, 0xff, 0x88, 0xb4, 0xbb, 0xff, 
0x88, 0xb4, 0xbb, 0xff, 0x88, 0xb4, 0xbb, 0xff, 0x88, 0xb4, 0xbb, 0xff, 0x88, 0xb4, 0xbb, 0xff, 
0x88, 0xb4, 0xbb, 0xff, 0x88, 0xb4, 0xbb, 0xff, 0x88, 0xb4, 0xbb, 0xff, 0x88, 0xb4, 0xbb, 0xff, 
0x88, 0xb4, 0xbb, 0xff, 0x88, 0xb4, 0xbb, 0xff, 0x88, 0xb4, 0xbb, 0xff, 0x88, 0xb4, 0xbb, 0xff, 
0x88, 0xb4, 0xbb, 0xff, 0x88, 0xb4, 0xbb, 0xff, 0x88, 0xb4, 0xbb, 0xff, 0x88, 0xb4, 0xbb, 0xff, 
0x88, 0xb4, 0xbb, 0xff, 0x88, 0xb4, 0xbb, 0xff, 0x88, 0xb4, 0xbb, 0xff, 0x88, 0xb4, 0xbb, 0xff, 
0x88, 0xb4, 0xbb, 0xff, 0x88, 0xb4, 0xbb, 0xff, 0x88, 0xb4, 0xbb, 0xff, 0x88, 0xb4, 0xbb, 0xff, 
0x88, 0xb4, 0xbb, 0xff, 0x88, 0xb4, 0xbb, 0xff, 0x88, 0xb4, 0xbb, 0xff, 0x88, 0xb4, 0xbb, 0xff, 
0x88, 0xb4, 0xbb, 0xff, 0x88, 0xb4, 0xbb, 0xff, 0x88, 0xb4, 0xbb, 0xff, 0x88, 0xb4, 0xbb, 0xff, 
0x88, 0xb4, 0xbb, 0xff, 0x88, 0xb4, 0xbb, 0xff, 0x88, 0xb4, 0xbb, 0xff, 0x88, 0xb4, 0xbb, 0xff, 
0x87, 0xb4, 0xba, 0xff, 0x87, 0xb4, 0xba, 0xff, 0x87, 0xb4, 0xba, 0xff, 0x87, 0xb4, 0xba, 0xff, 
0x87, 0xb4, 0xba, 0xff, 0x87, 0xb4, 0xba, 0xff, 0x87, 0xb4, 0xba, 0xff, 0x87, 0xb4, 0xba, 0xff, 
0x87, 0xb4, 0xba, 0xff, 0x87, 0xb4, 0xba, 0xff, 0x87, 0xb4, 0xba, 0xff, 0x87, 0xb4, 0xba, 0xff, 
0x87, 0xb4, 0xba, 0xff, 0x87, 0xb4, 0xba, 0xff, 0x87, 0xb4, 0xba, 0xff, 0x87, 0xb4, 0xba, 0xff, 
0x87, 0xb4, 0xba, 0xff, 0x87, 0xb4, 0xba, 0xff, 0x87, 0xb4, 0xba, 0xff, 0x87, 0xb4, 0xba, 0xff, 
0x87, 0xb4, 0xba, 0xff, 0x87, 0xb4, 0xba, 0xff, 0x87, 0xb4, 0xba, 0xff, 0x87, 0xb4, 0xba, 0xff, 
0x87, 0xb4, 0xba, 0xff, 0x87, 0xb4, 0xba, 0xff, 0x87, 0xb4, 0xba, 0xff, 0x87, 0xb4, 0xba, 0xff, 
0x87, 0xb4, 0xba, 0xff, 0x87, 0xb4, 0xba, 0xff, 0x87, 0xb4, 0xba, 0xff, 0x87, 0xb4, 0xba, 0xff, 
0x87, 0xb4, 0xba, 0xff, 0x87, 0xb4, 0xba, 0xff, 0x87, 0xb4, 0xba, 0xff, 0x87, 0xb4, 0xba, 0xff, 
0x87, 0xb4, 0xba, 0xff, 0x87, 0xb4, 0xba, 0xff, 0x87, 0xb4, 0xba, 0xff, 0x87, 0xb4, 0xba, 0xff, 
0x87, 0xb4, 0xba, 0xff, 0x87, 0xb4, 0xba, 0xff, 0x87, 0xb4, 0xba, 0xff, 0x87, 0xb4, 0xba, 0xff, 
0x87, 0xb4, 0xba, 0xff, 0x87, 0xb4, 0xba, 0xff, 0x87, 0xb4, 0xba, 0xff, 0x87, 0xb4, 0xba, 0xff, 
0x87, 0xb4, 0xba, 0xff, 0x87, 0xb4, 0xba, 0xff, 0x87, 0xb4, 0xba, 0xff, 0x87, 0xb4, 0xba, 0xff, 
0x87, 0xb4, 0xba, 0xff, 0x87, 0xb4, 0xba, 0xff, 0x87, 0xb4, 0xba, 0xff, 0x87, 0xb4, 0xba, 0xff, 
0x87, 0xb4, 0xba, 0xff, 0x87, 0xb4, 0xba, 0xff, 0x87, 0xb4, 0xba, 0xff, 0x87, 0xb4, 0xba, 0xff, 
0x87, 0xb4, 0xba, 0xff, 0x87, 0xb4, 0xba, 0xff, 0x87, 0xb4, 0xba, 0xff, 0x87, 0xb4, 0xba, 0xff, 
0x87, 0xb4, 0xba, 0xff, 0x87, 0xb4, 0xba, 0xff, 0x87, 0xb4, 0xba, 0xff, 0x87, 0xb4, 0xba, 0xff, 
0x87, 0xb4, 0xba, 0xff, 0x87, 0xb4, 0xba, 0xff, 0x87, 0xb4, 0xba, 0xff, 0x87, 0xb4, 0xba, 0xff, 
0x87, 0xb4, 0xba, 0xff, 0x87, 0xb4, 0xba, 0xff, 0x87, 0xb4, 0xba, 0xff, 0x87, 0xb4, 0xba, 0xff, 
0x87, 0xb4, 0xba, 0xff, 0x87, 0xb4, 0xba, 0xff, 0x87, 0xb4, 0xba, 0xff, 0x87, 0xb4, 0xba, 0xff, 
0x87, 0xb4, 0xba, 0xff, 0x87, 0xb4, 0xba, 0xff, 0x87, 0xb4, 0xba, 0xff, 0x87, 0xb4, 0xba, 0xff, 
0x87, 0xb4, 0xba, 0xff, 0x87, 0xb4, 0xba, 0xff, 0x87, 0xb4, 0xba, 0xff, 0x87, 0xb4, 0xba, 0xff, 
0x87, 0xb4, 0xba, 0xff, 0x87, 0xb4, 0xba, 0xff, 0x87, 0xb4, 0xba, 0xff, 0x87, 0xb4, 0xba, 0xff, 
0x87, 0xb4, 0xba, 0xff, 0x87, 0xb4, 0xba, 0xff, 0x87, 0xb4, 0xba, 0xff, 0x87, 0xb4, 0xba, 0xff, 
0x87, 0xb4, 0xba, 0xff, 0x87, 0xb4, 0xba, 0xff, 0x87, 0xb4, 0xba, 0xff, 0x87, 0xb4, 0xba, 0xff, 
0x87, 0xb4, 0xba, 0xff, 0x87, 0xb4, 0xba, 0xff, 0x87, 0xb4, 0xba, 0xff, 0x87, 0xb4, 0xba, 0xff, 
0x87, 0xb4, 0xba, 0xff, 0x87, 0xb4, 0xba, 0xff, 0x87, 0xb4, 0xba, 0xff, 0x87, 0xb4, 0xba, 0xff, 
0x87, 0xb4, 0xba, 0xff, 0x87, 0xb4, 0xba, 0xff, 0x87, 0xb4, 0xba, 0xff, 0x87, 0xb4, 0xba, 0xff, 
0x87, 0xb4, 0xba, 0xff, 0x87, 0xb4, 0xba, 0xff, 0x87, 0xb4, 0xba, 0xff, 0x87, 0xb4, 0xba, 0xff, 
0x87, 0xb4, 0xba, 0xff, 0x87, 0xb4, 0xba, 0xff, 0x87, 0xb4, 0xba, 0xff, 0x87, 0xb4, 0xba, 0xff, 
0x87, 0xb4, 0xba, 0xff, 0x87, 0xb4, 0xba, 0xff, 0x87, 0xb4, 0xba, 0xff, 0x87, 0xb4, 0xba, 0xff, 
0x87, 0xb4, 0xba, 0xff, 0x87, 0xb4, 0xba, 0xff, 0x87, 0xb4, 0xba, 0xff, 0x87, 0xb4, 0xba, 0xff, 
0x87, 0xb4, 0xba, 0xff, 0x87, 0xb4, 0xba, 0xff, 0x87, 0xb4, 0xba, 0xff, 0x87, 0xb4, 0xba, 0xff, 
0x87, 0xb4, 0xba, 0xff, 0x87, 0xb4, 0xba, 0xff, 0x87, 0xb4, 0xba, 0xff, 0x87, 0xb4, 0xba, 0xff, 
0x87, 0xb4, 0xba, 0xff, 0x87, 0xb4, 0xba, 0xff, 0x87, 0xb4, 0xba, 0xff, 0x87, 0xb4, 0xba, 0xff, 
0x87, 0xb4, 0xba, 0xff, 0x87, 0xb4, 0xba, 0xff, 0x87, 0xb4, 0xba, 0xff, 0x87, 0xb4, 0xba, 0xff, 
0x87, 0xb4, 0xba, 0xff, 0x87, 0xb4, 0xba, 0xff, 0x87, 0xb4, 0xba, 0xff, 0x87, 0xb4, 0xba, 0xff, 
0x87, 0xb4, 0xba, 0xff, 0x87, 0xb4, 0xba, 0xff, 0x87, 0xb4, 0xba, 0xff, 0x87, 0xb4, 0xba, 0xff, 
0x87, 0xb4, 0xba, 0xff, 0x87, 0xb4, 0xba, 0xff, 0x87, 0xb4, 0xba, 0xff, 0x87, 0xb4, 0xba, 0xff, 
0x87, 0xb4, 0xba, 0xff, 0x87, 0xb4, 0xba, 0xff, 0x87, 0xb4, 0xba, 0xff, 0x87, 0xb4, 0xba, 0xff, 
0x87, 0xb4, 0xba, 0xff, 0x87, 0xb4, 0xba, 0xff, 0x87, 0xb4, 0xba, 0xff, 0x87, 0xb4, 0xba, 0xff, 
0x87, 0xb4, 0xba, 0xff, 0x87, 0xb4, 0xba, 0xff, 0x87, 0xb4, 0xba, 0xff, 0x87, 0xb4, 0xba, 0xff, 
0x87, 0xb4, 0xba, 0xff, 0x87, 0xb4, 0xba, 0xff, 0x87, 0xb4, 0xba, 0xff, 0x87, 0xb4, 0xba, 0xff, 
0x87, 0xb4, 0xba, 0xff, 0x87, 0xb4, 0xba, 0xff, 0x87, 0xb4, 0xba, 0xff, 0x87, 0xb4, 0xba, 0xff, 
0x87, 0xb4, 0xba, 0xff, 0x87, 0xb4, 0xba, 0xff, 0x87, 0xb4, 0xba, 0xff, 0x87, 0xb4, 0xba, 0xff, 
0x87, 0xb4, 0xba, 0xff, 0x87, 0xb4, 0xba, 0xff, 0x87, 0xb4, 0xba, 0xff, 0x87, 0xb4, 0xba, 0xff, 
0x87, 0xb4, 0xba, 0xff, 0x87, 0xb4, 0xba, 0xff, 0x87, 0xb4, 0xba, 0xff, 0x87, 0xb4, 0xba, 0xff, 
0x87, 0xb4, 0xba, 0xff, 0x87, 0xb4, 0xba, 0xff, 0x87, 0xb4, 0xba, 0xff, 0x87, 0xb4, 0xba, 0xff, 
0x87, 0xb4, 0xba, 0xff, 0x87, 0xb4, 0xba, 0xff, 0x87, 0xb4, 0xba, 0xff, 0x87, 0xb4, 0xba, 0xff, 
0x87, 0xb4, 0xba, 0xff, 0x87, 0xb4, 0xba, 0xff, 0x87, 0xb4, 0xba, 0xff, 0x87, 0xb4, 0xba, 0xff, 
0x87, 0xb4, 0xba, 0xff, 0x87, 0xb4, 0xba, 0xff, 0x87, 0xb4, 0xba, 0xff, 0x87, 0xb4, 0xba, 0xff, 
0x87, 0xb4, 0xba, 0xff, 0x87, 0xb4, 0xba, 0xff, 0x87, 0xb4, 0xba, 0xff, 0x87, 0xb4, 0xba, 0xff, 
0x87, 0xb4, 0xba, 0xff, 0x87, 0xb4, 0xba, 0xff, 0x87, 0xb4, 0xba, 0xff, 0x87, 0xb4, 0xba, 0xff, 
0x87, 0xb4, 0xba, 0xff, 0x87, 0xb4, 0xba, 0xff, 0x87, 0xb4, 0xba, 0xff, 0x87, 0xb4, 0xba, 0xff, 
0x87, 0xb4, 0xba, 0xff, 0x87, 0xb4, 0xba, 0xff, 0x87, 0xb4, 0xba, 0xff, 0x87, 0xb4, 0xba, 0xff, 
0x87, 0xb4, 0xba, 0xff, 0x87, 0xb4, 0xba, 0xff, 0x87, 0xb4, 0xba, 0xff, 0x87, 0xb4, 0xba, 0xff, 
0x87, 0xb4, 0xba, 0xff, 0x87, 0xb4, 0xba, 0xff, 0x87, 0xb4, 0xba, 0xff, 0x87, 0xb4, 0xba, 0xff, 
0x87, 0xb4, 0xba, 0xff, 0x87, 0xb4, 0xba, 0xff, 0x87, 0xb4, 0xba, 0xff, 0x87, 0xb4, 0xba, 0xff, 
0x87, 0xb4, 0xba, 0xff, 0x87, 0xb4, 0xba, 0xff, 0x87, 0xb4, 0xba, 0xff, 0x87, 0xb4, 0xba, 0xff, 
0x87, 0xb4, 0xba, 0xff, 0x87, 0xb4, 0xba, 0xff, 0x87, 0xb4, 0xba, 0xff, 0x87, 0xb4, 0xba, 0xff, 
0x87, 0xb4, 0xba, 0xff, 0x87, 0xb4, 0xba, 0xff, 0x87, 0xb4, 0xba, 0xff, 0x87, 0xb4, 0xba, 0xff, 
0x87, 0xb4, 0xba, 0xff, 0x87, 0xb4, 0xba, 0xff, 0x87, 0xb4, 0xba, 0xff, 0x87, 0xb4, 0xba, 0xff, 
0x87, 0xb4, 0xba, 0xff, 0x87, 0xb4, 0xba, 0xff, 0x87, 0xb4, 0xba, 0xff, 0x87, 0xb4, 0xba, 0xff, 
0x87, 0xb4, 0xba, 0xff, 0x87, 0xb4, 0xba, 0xff, 0x87, 0xb4, 0xba, 0xff, 0x87, 0xb4, 0xba, 0xff, 
0x87, 0xb4, 0xba, 0xff, 0x87, 0xb4, 0xba, 0xff, 0x87, 0xb4, 0xba, 0xff, 0x87, 0xb4, 0xba, 0xff, 
0x87, 0xb4, 0xba, 0xff, 0x87, 0xb4, 0xba, 0xff, 0x87, 0xb4, 0xba, 0xff, 0x87, 0xb4, 0xba, 0xff, 
0x87, 0xb4, 0xba, 0xff, 0x87, 0xb4, 0xba, 0xff, 0x87, 0xb4, 0xba, 0xff, 0x87, 0xb4, 0xba, 0xff, 
0x87, 0xb4, 0xba, 0xff, 0x87, 0xb4, 0xba, 0xff, 0x87, 0xb4, 0xba, 0xff, 0x87, 0xb4, 0xba, 0xff, 
0x87, 0xb4, 0xba, 0xff, 0x87, 0xb4, 0xba, 0xff, 0x87, 0xb4, 0xba, 0xff, 0x87, 0xb4, 0xba, 0xff, 
0x87, 0xb4, 0xba, 0xff, 0x87, 0xb4, 0xba, 0xff, 0x87, 0xb4, 0xba, 0xff, 0x87, 0xb4, 0xba, 0xff, 
0x87, 0xb4, 0xba, 0xff, 0x87, 0xb4, 0xba, 0xff, 0x87, 0xb4, 0xba, 0xff, 0x87, 0xb4, 0xba, 0xff, 
0x87, 0xb4, 0xba, 0xff, 0x87, 0xb4, 0xba, 0xff, 0x87, 0xb4, 0xba, 0xff, 0x87, 0xb4, 0xba, 0xff, 
0x87, 0xb4, 0xba, 0xff, 0x87, 0xb4, 0xba, 0xff, 0x87, 0xb4, 0xba, 0xff, 0x87, 0xb4, 0xba, 0xff, 
0x87, 0xb4, 0xba, 0xff, 0x87, 0xb4, 0xba, 0xff, 0x87, 0xb4, 0xba, 0xff, 0x87, 0xb4, 0xba, 0xff, 
0x87, 0xb4, 0xba, 0xff, 0x87, 0xb4, 0xba, 0xff, 0x87, 0xb4, 0xba, 0xff, 0x87, 0xb4, 0xba, 0xff, 
0x87, 0xb4, 0xba, 0xff, 0x87, 0xb4, 0xba, 0xff, 0x87, 0xb4, 0xba, 0xff, 0x87, 0xb4, 0xba, 0xff, 
0x87, 0xb4, 0xba, 0xff, 0x87, 0xb4, 0xba, 0xff, 0x87, 0xb4, 0xba, 0xff, 0x87, 0xb4, 0xba, 0xff, 
0x87, 0xb4, 0xba, 0xff, 0x87, 0xb4, 0xba, 0xff, 0x87, 0xb4, 0xba, 0xff, 0x87, 0xb4, 0xba, 0xff, 
0x87, 0xb4, 0xba, 0xff, 0x87, 0xb4, 0xba, 0xff, 0x87, 0xb4, 0xba, 0xff, 0x87, 0xb4, 0xba, 0xff, 
0x87, 0xb4, 0xba, 0xff, 0x87, 0xb4, 0xba, 0xff, 0x87, 0xb4, 0xba, 0xff, 0x87, 0xb4, 0xba, 0xff, 
0x87, 0xb4, 0xba, 0xff, 0x87, 0xb4, 0xba, 0xff, 0x87, 0xb4, 0xba, 0xff, 0x87, 0xb4, 0xba, 0xff, 
0x87, 0xb4, 0xba, 0xff, 0x87, 0xb4, 0xba, 0xff, 0x87, 0xb4, 0xba, 0xff, 0x87, 0xb4, 0xba, 0xff, 
0x87, 0xb4, 0xba, 0xff, 0x87, 0xb4, 0xba, 0xff, 0x87, 0xb4, 0xba, 0xff, 0x87, 0xb4, 0xba, 0xff, 
0x87, 0xb4, 0xba, 0xff, 0x87, 0xb4, 0xba, 0xff, 0x87, 0xb4, 0xba, 0xff, 0x87, 0xb4, 0xba, 0xff, 
0x87, 0xb4, 0xba, 0xff, 0x87, 0xb4, 0xba, 0xff, 0x87, 0xb4, 0xba, 0xff, 0x87, 0xb4, 0xba, 0xff, 
0x87, 0xb4, 0xba, 0xff, 0x87, 0xb4, 0xba, 0xff, 0x87, 0xb4, 0xba, 0xff, 0x87, 0xb4, 0xba, 0xff, 
0x87, 0xb4, 0xba, 0xff, 0x87, 0xb4, 0xba, 0xff, 0x87, 0xb4, 0xba, 0xff, 0x87, 0xb4, 0xba, 0xff, 
0x87, 0xb4, 0xba, 0xff, 0x87, 0xb4, 0xba, 0xff, 0x87, 0xb4, 0xba, 0xff, 0x87, 0xb4, 0xba, 0xff, 
0x87, 0xb4, 0xba, 0xff, 0x87, 0xb4, 0xba, 0xff, 0x87, 0xb4, 0xba, 0xff, 0x87, 0xb4, 0xba, 0xff, 
0x87, 0xb4, 0xba, 0xff, 0x87, 0xb4, 0xba, 0xff, 0x87, 0xb4, 0xba, 0xff, 0x87, 0xb4, 0xba, 0xff, 
0x87, 0xb4, 0xba, 0xff, 0x87, 0xb4, 0xba, 0xff, 0x87, 0xb4, 0xba, 0xff, 0x87, 0xb4, 0xba, 0xff, 
0x87, 0xb4, 0xba, 0xff, 0x87, 0xb4, 0xba, 0xff, 0x87, 0xb4, 0xba, 0xff, 0x87, 0xb4, 0xba, 0xff, 
0x87, 0xb4, 0xba, 0xff, 0x87, 0xb4, 0xba, 0xff, 0x87, 0xb4, 0xba, 0xff, 0x87, 0xb4, 0xba, 0xff, 
0x87, 0xb4, 0xba, 0xff, 0x87, 0xb4, 0xba, 0xff, 0x87, 0xb4, 0xba, 0xff, 0x87, 0xb4, 0xba, 0xff, 
0x87, 0xb4, 0xba, 0xff, 0x87, 0xb4, 0xba, 0xff, 0x87, 0xb4, 0xba, 0xff, 0x87, 0xb4, 0xba, 0xff, 
0x87, 0xb4, 0xba, 0xff, 0x87, 0xb4, 0xba, 0xff, 0x87, 0xb4, 0xba, 0xff, 0x87, 0xb4, 0xba, 0xff, 
0x87, 0xb4, 0xba, 0xff, 0x87, 0xb4, 0xba, 0xff, 0x87, 0xb4, 0xba, 0xff, 0x87, 0xb4, 0xba, 0xff, 
0x87, 0xb4, 0xba, 0xff, 0x87, 0xb4, 0xba, 0xff, 0x87, 0xb4, 0xba, 0xff, 0x87, 0xb4, 0xba, 0xff, 
0x87, 0xb4, 0xba, 0xff, 0x87, 0xb4, 0xba, 0xff, 0x87, 0xb4, 0xba, 0xff, 0x87, 0xb4, 0xba, 0xff, 
0x87, 0xb4, 0xba, 0xff, 0x87, 0xb4, 0xba, 0xff, 0x87, 0xb4, 0xba, 0xff, 0x87, 0xb4, 0xba, 0xff, 
0x87, 0xb4, 0xba, 0xff, 0x87, 0xb4, 0xba, 0xff, 0x87, 0xb4, 0xba, 0xff, 0x87, 0xb4, 0xba, 0xff, 
0x87, 0xb4, 0xba, 0xff, 0x87, 0xb4, 0xba, 0xff, 0x87, 0xb4, 0xba, 0xff, 0x87, 0xb4, 0xba, 0xff, 
0x87, 0xb4, 0xba, 0xff, 0x87, 0xb4, 0xba, 0xff, 0x87, 0xb4, 0xba, 0xff, 0x87, 0xb4, 0xba, 0xff, 
0x87, 0xb4, 0xba, 0xff, 0x87, 0xb4, 0xba, 0xff, 0x87, 0xb4, 0xba, 0xff, 0x87, 0xb4, 0xba, 0xff, 
0x87, 0xb4, 0xba, 0xff, 0x87, 0xb4, 0xba, 0xff, 0x87, 0xb4, 0xba, 0xff, 0x87, 0xb4, 0xba, 0xff, 
0x87, 0xb4, 0xba, 0xff, 0x87, 0xb4, 0xba, 0xff, 0x87, 0xb4, 0xba, 0xff, 0x87, 0xb4, 0xba, 0xff, 
0x87, 0xb4, 0xba, 0xff, 0x87, 0xb4, 0xba, 0xff, 0x87, 0xb4, 0xba, 0xff, 0x87, 0xb4, 0xba, 0xff, 
0x87, 0xb4, 0xba, 0xff, 0x87, 0xb4, 0xba, 0xff, 0x87, 0xb4, 0xba, 0xff, 0x87, 0xb4, 0xba, 0xff, 
0x87, 0xb4, 0xba, 0xff, 0x87, 0xb4, 0xba, 0xff, 0x87, 0xb4, 0xba, 0xff, 0x87, 0xb4, 0xba, 0xff, 
0x87, 0xb4, 0xba, 0xff, 0x87, 0xb4, 0xba, 0xff, 0x87, 0xb4, 0xba, 0xff, 0x87, 0xb4, 0xba, 0xff, 
0x87, 0xb4, 0xba, 0xff, 0x87, 0xb4, 0xba, 0xff, 0x87, 0xb4, 0xba, 0xff, 0x87, 0xb4, 0xba, 0xff, 
0x87, 0xb4, 0xba, 0xff, 0x87, 0xb4, 0xba, 0xff, 0x87, 0xb4, 0xba, 0xff, 0x87, 0xb4, 0xba, 0xff, 
0x87, 0xb4, 0xba, 0xff, 0x87, 0xb4, 0xba, 0xff, 0x87, 0xb4, 0xba, 0xff, 0x87, 0xb4, 0xba, 0xff, 
0x87, 0xb4, 0xba, 0xff, 0x87, 0xb4, 0xba, 0xff, 0x87, 0xb4, 0xba, 0xff, 0x87, 0xb4, 0xba, 0xff, 
0x87, 0xb4, 0xba, 0xff, 0x87, 0xb4, 0xba, 0xff, 0x87, 0xb4, 0xba, 0xff, 0x87, 0xb4, 0xba, 0xff, 
0x87, 0xb4, 0xba, 0xff, 0x87, 0xb4, 0xba, 0xff, 0x87, 0xb4, 0xba, 0xff, 0x87, 0xb4, 0xba, 0xff, 
0x87, 0xb4, 0xba, 0xff, 0x87, 0xb4, 0xba, 0xff, 0x87, 0xb4, 0xba, 0xff, 0x87, 0xb4, 0xba, 0xff, 
0x87, 0xb4, 0xba, 0xff, 0x87, 0xb4, 0xba, 0xff, 0x87, 0xb4, 0xba, 0xff, 0x87, 0xb4, 0xba, 0xff, 
0x87, 0xb4, 0xba, 0xff, 0x87, 0xb4, 0xba, 0xff, 0x87, 0xb4, 0xba, 0xff, 0x87, 0xb4, 0xba, 0xff, 
0x87, 0xb4, 0xba, 0xff, 0x87, 0xb4, 0xba, 0xff, 0x87, 0xb4, 0xba, 0xff, 0x87, 0xb4, 0xba, 0xff, 
0x87, 0xb4, 0xba, 0xff, 0x87, 0xb4, 0xba, 0xff, 0x87, 0xb4, 0xba, 0xff, 0x87, 0xb4, 0xba, 0xff, 
0x87, 0xb4, 0xba, 0xff, 0x87, 0xb4, 0xba, 0xff, 0x87, 0xb4, 0xba, 0xff, 0x87, 0xb4, 0xba, 0xff, 
0x87, 0xb4, 0xba, 0xff, 0x87, 0xb4, 0xba, 0xff, 0x87, 0xb4, 0xba, 0xff, 0x87, 0xb4, 0xba, 0xff, 
0x87, 0xb4, 0xba, 0xff, 0x87, 0xb4, 0xba, 0xff, 0x87, 0xb4, 0xba, 0xff, 0x87, 0xb4, 0xba, 0xff, 
0x87, 0xb4, 0xba, 0xff, 0x87, 0xb4, 0xba, 0xff, 0x87, 0xb4, 0xba, 0xff, 0x87, 0xb4, 0xba, 0xff, 
0x87, 0xb4, 0xba, 0xff, 0x87, 0xb4, 0xba, 0xff, 0x87, 0xb4, 0xba, 0xff, 0x87, 0xb4, 0xba, 0xff, 
0x87, 0xb4, 0xba, 0xff, 0x87, 0xb4, 0xba, 0xff, 0x87, 0xb4, 0xba, 0xff, 0x87, 0xb4, 0xba, 0xff, 
0x87, 0xb4, 0xba, 0xff, 0x87, 0xb4, 0xba, 0xff, 0x87, 0xb4, 0xba, 0xff, 0x87, 0xb4, 0xba, 0xff, 
0x88, 0xb2, 0xb9, 0xff, 0x88, 0xb2, 0xb9, 0xff, 0x88, 0xb2, 0xb9, 0xff, 0x88, 0xb2, 0xb9, 0xff, 
0x88, 0xb2, 0xb9, 0xff, 0x88, 0xb2, 0xb9, 0xff, 0x88, 0xb2, 0xb9, 0xff, 0x88, 0xb2, 0xb9, 0xff, 
0x88, 0xb2, 0xb9, 0xff, 0x88, 0xb2, 0xb9, 0xff, 0x88, 0xb2, 0xb9, 0xff, 0x88, 0xb2, 0xb9, 0xff, 
0x88, 0xb2, 0xb9, 0xff, 0x88, 0xb2, 0xb9, 0xff, 0x88, 0xb2, 0xb9, 0xff, 0x88, 0xb2, 0xb9, 0xff, 
0x88, 0xb2, 0xb9, 0xff, 0x88, 0xb2, 0xb9, 0xff, 0x88, 0xb2, 0xb9, 0xff, 0x88, 0xb2, 0xb9, 0xff, 
0x88, 0xb2, 0xb9, 0xff, 0x88, 0xb2, 0xb9, 0xff, 0x88, 0xb2, 0xb9, 0xff, 0x88, 0xb2, 0xb9, 0xff, 
0x88, 0xb2, 0xb9, 0xff, 0x88, 0xb2, 0xb9, 0xff, 0x88, 0xb2, 0xb9, 0xff, 0x88, 0xb2, 0xb9, 0xff, 
0x88, 0xb2, 0xb9, 0xff, 0x88, 0xb2, 0xb9, 0xff, 0x88, 0xb2, 0xb9, 0xff, 0x88, 0xb2, 0xb9, 0xff, 
0x88, 0xb2, 0xb9, 0xff, 0x88, 0xb2, 0xb9, 0xff, 0x88, 0xb2, 0xb9, 0xff, 0x88, 0xb2, 0xb9, 0xff, 
0x88, 0xb2, 0xb9, 0xff, 0x88, 0xb2, 0xb9, 0xff, 0x88, 0xb2, 0xb9, 0xff, 0x88, 0xb2, 0xb9, 0xff, 
0x88, 0xb2, 0xb9, 0xff, 0x88, 0xb2, 0xb9, 0xff, 0x88, 0xb2, 0xb9, 0xff, 0x88, 0xb2, 0xb9, 0xff, 
0x88, 0xb2, 0xb9, 0xff, 0x88, 0xb2, 0xb9, 0xff, 0x88, 0xb2, 0xb9, 0xff, 0x88, 0xb2, 0xb9, 0xff, 
0x88, 0xb2, 0xb9, 0xff, 0x88, 0xb2, 0xb9, 0xff, 0x88, 0xb2, 0xb9, 0xff, 0x88, 0xb2, 0xb9, 0xff, 
0x88, 0xb2, 0xb9, 0xff, 0x88, 0xb2, 0xb9, 0xff, 0x88, 0xb2, 0xb9, 0xff, 0x88, 0xb2, 0xb9, 0xff, 
0x88, 0xb2, 0xb9, 0xff, 0x88, 0xb2, 0xb9, 0xff, 0x88, 0xb2, 0xb9, 0xff, 0x88, 0xb2, 0xb9, 0xff, 
0x88, 0xb2, 0xb9, 0xff, 0x88, 0xb2, 0xb9, 0xff, 0x88, 0xb2, 0xb9, 0xff, 0x88, 0xb2, 0xb9, 0xff, 
0x88, 0xb2, 0xb9, 0xff, 0x88, 0xb2, 0xb9, 0xff, 0x88, 0xb2, 0xb9, 0xff, 0x88, 0xb2, 0xb9, 0xff, 
0x88, 0xb2, 0xb9, 0xff, 0x88, 0xb2, 0xb9, 0xff, 0x88, 0xb2, 0xb9, 0xff, 0x88, 0xb2, 0xb9, 0xff, 
0x88, 0xb2, 0xb9, 0xff, 0x88, 0xb2, 0xb9, 0xff, 0x88, 0xb2, 0xb9, 0xff, 0x88, 0xb2, 0xb9, 0xff, 
0x88, 0xb2, 0xb9, 0xff, 0x88, 0xb2, 0xb9, 0xff, 0x88, 0xb2, 0xb9, 0xff, 0x88, 0xb2, 0xb9, 0xff, 
0x88, 0xb2, 0xb9, 0xff, 0x88, 0xb2, 0xb9, 0xff, 0x88, 0xb2, 0xb9, 0xff, 0x88, 0xb2, 0xb9, 0xff, 
0x88, 0xb2, 0xb9, 0xff, 0x88, 0xb2, 0xb9, 0xff, 0x88, 0xb2, 0xb9, 0xff, 0x88, 0xb2, 0xb9, 0xff, 
0x88, 0xb2, 0xb9, 0xff, 0x88, 0xb2, 0xb9, 0xff, 0x88, 0xb2, 0xb9, 0xff, 0x88, 0xb2, 0xb9, 0xff, 
0x88, 0xb2, 0xb9, 0xff, 0x88, 0xb2, 0xb9, 0xff, 0x88, 0xb2, 0xb9, 0xff, 0x88, 0xb2, 0xb9, 0xff, 
0x88, 0xb2, 0xb9, 0xff, 0x88, 0xb2, 0xb9, 0xff, 0x88, 0xb2, 0xb9, 0xff, 0x88, 0xb2, 0xb9, 0xff, 
0x88, 0xb2, 0xb9, 0xff, 0x88, 0xb2, 0xb9, 0xff, 0x88, 0xb2, 0xb9, 0xff, 0x88, 0xb2, 0xb9, 0xff, 
0x88, 0xb2, 0xb9, 0xff, 0x88, 0xb2, 0xb9, 0xff, 0x88, 0xb2, 0xb9, 0xff, 0x88, 0xb2, 0xb9, 0xff, 
0x88, 0xb2, 0xb9, 0xff, 0x88, 0xb2, 0xb9, 0xff, 0x88, 0xb2, 0xb9, 0xff, 0x88, 0xb2, 0xb9, 0xff, 
0x88, 0xb2, 0xb9, 0xff, 0x88, 0xb2, 0xb9, 0xff, 0x88, 0xb2, 0xb9, 0xff, 0x88, 0xb2, 0xb9, 0xff, 
0x88, 0xb2, 0xb9, 0xff, 0x88, 0xb2, 0xb9, 0xff, 0x88, 0xb2, 0xb9, 0xff, 0x88, 0xb2, 0xb9, 0xff, 
0x88, 0xb2, 0xb9, 0xff, 0x88, 0xb2, 0xb9, 0xff, 0x88, 0xb2, 0xb9, 0xff, 0x88, 0xb2, 0xb9, 0xff, 
0x88, 0xb2, 0xb9, 0xff, 0x88, 0xb2, 0xb9, 0xff, 0x88, 0xb2, 0xb9, 0xff, 0x88, 0xb2, 0xb9, 0xff, 
0x88, 0xb2, 0xb9, 0xff, 0x88, 0xb2, 0xb9, 0xff, 0x88, 0xb2, 0xb9, 0xff, 0x88, 0xb2, 0xb9, 0xff, 
0x88, 0xb2, 0xb9, 0xff, 0x88, 0xb2, 0xb9, 0xff, 0x88, 0xb2, 0xb9, 0xff, 0x88, 0xb2, 0xb9, 0xff, 
0x88, 0xb2, 0xb9, 0xff, 0x88, 0xb2, 0xb9, 0xff, 0x88, 0xb2, 0xb9, 0xff, 0x88, 0xb2, 0xb9, 0xff, 
0x88, 0xb2, 0xb9, 0xff, 0x88, 0xb2, 0xb9, 0xff, 0x88, 0xb2, 0xb9, 0xff, 0x88, 0xb2, 0xb9, 0xff, 
0x88, 0xb2, 0xb9, 0xff, 0x88, 0xb2, 0xb9, 0xff, 0x88, 0xb2, 0xb9, 0xff, 0x88, 0xb2, 0xb9, 0xff, 
0x88, 0xb2, 0xb9, 0xff, 0x88, 0xb2, 0xb9, 0xff, 0x88, 0xb2, 0xb9, 0xff, 0x88, 0xb2, 0xb9, 0xff, 
0x88, 0xb2, 0xb9, 0xff, 0x88, 0xb2, 0xb9, 0xff, 0x88, 0xb2, 0xb9, 0xff, 0x88, 0xb2, 0xb9, 0xff, 
0x88, 0xb2, 0xb9, 0xff, 0x88, 0xb2, 0xb9, 0xff, 0x88, 0xb2, 0xb9, 0xff, 0x88, 0xb2, 0xb9, 0xff, 
0x88, 0xb2, 0xb9, 0xff, 0x88, 0xb2, 0xb9, 0xff, 0x88, 0xb2, 0xb9, 0xff, 0x88, 0xb2, 0xb9, 0xff, 
0x88, 0xb2, 0xb9, 0xff, 0x88, 0xb2, 0xb9, 0xff, 0x88, 0xb2, 0xb9, 0xff, 0x88, 0xb2, 0xb9, 0xff, 
0x88, 0xb2, 0xb9, 0xff, 0x88, 0xb2, 0xb9, 0xff, 0x88, 0xb2, 0xb9, 0xff, 0x88, 0xb2, 0xb9, 0xff, 
0x88, 0xb2, 0xb9, 0xff, 0x88, 0xb2, 0xb9, 0xff, 0x88, 0xb2, 0xb9, 0xff, 0x88, 0xb2, 0xb9, 0xff, 
0x88, 0xb2, 0xb9, 0xff, 0x88, 0xb2, 0xb9, 0xff, 0x88, 0xb2, 0xb9, 0xff, 0x88, 0xb2, 0xb9, 0xff, 
0x88, 0xb2, 0xb9, 0xff, 0x88, 0xb2, 0xb9, 0xff, 0x88, 0xb2, 0xb9, 0xff, 0x88, 0xb2, 0xb9, 0xff, 
0x88, 0xb2, 0xb9, 0xff, 0x88, 0xb2, 0xb9, 0xff, 0x88, 0xb2, 0xb9, 0xff, 0x88, 0xb2, 0xb9, 0xff, 
0x88, 0xb2, 0xb9, 0xff, 0x88, 0xb2, 0xb9, 0xff, 0x88, 0xb2, 0xb9, 0xff, 0x88, 0xb2, 0xb9, 0xff, 
0x88, 0xb2, 0xb9, 0xff, 0x88, 0xb2, 0xb9, 0xff, 0x88, 0xb2, 0xb9, 0xff, 0x88, 0xb2, 0xb9, 0xff, 
0x88, 0xb2, 0xb9, 0xff, 0x88, 0xb2, 0xb9, 0xff, 0x88, 0xb2, 0xb9, 0xff, 0x88, 0xb2, 0xb9, 0xff, 
0x88, 0xb2, 0xb9, 0xff, 0x88, 0xb2, 0xb9, 0xff, 0x88, 0xb2, 0xb9, 0xff, 0x88, 0xb2, 0xb9, 0xff, 
0x88, 0xb2, 0xb9, 0xff, 0x88, 0xb2, 0xb9, 0xff, 0x88, 0xb2, 0xb9, 0xff, 0x88, 0xb2, 0xb9, 0xff, 
0x88, 0xb2, 0xb9, 0xff, 0x88, 0xb2, 0xb9, 0xff, 0x88, 0xb2, 0xb9, 0xff, 0x88, 0xb2, 0xb9, 0xff, 
0x88, 0xb2, 0xb9, 0xff, 0x88, 0xb2, 0xb9, 0xff, 0x88, 0xb2, 0xb9, 0xff, 0x88, 0xb2, 0xb9, 0xff, 
0x88, 0xb2, 0xb9, 0xff, 0x88, 0xb2, 0xb9, 0xff, 0x88, 0xb2, 0xb9, 0xff, 0x88, 0xb2, 0xb9, 0xff, 
0x88, 0xb2, 0xb9, 0xff, 0x88, 0xb2, 0xb9, 0xff, 0x88, 0xb2, 0xb9, 0xff, 0x88, 0xb2, 0xb9, 0xff, 
0x88, 0xb2, 0xb9, 0xff, 0x88, 0xb2, 0xb9, 0xff, 0x88, 0xb2, 0xb9, 0xff, 0x88, 0xb2, 0xb9, 0xff, 
0x88, 0xb2, 0xb9, 0xff, 0x88, 0xb2, 0xb9, 0xff, 0x88, 0xb2, 0xb9, 0xff, 0x88, 0xb2, 0xb9, 0xff, 
0x88, 0xb2, 0xb9, 0xff, 0x88, 0xb2, 0xb9, 0xff, 0x88, 0xb2, 0xb9, 0xff, 0x88, 0xb2, 0xb9, 0xff, 
0x88, 0xb2, 0xb9, 0xff, 0x88, 0xb2, 0xb9, 0xff, 0x88, 0xb2, 0xb9, 0xff, 0x88, 0xb2, 0xb9, 0xff, 
0x88, 0xb2, 0xb9, 0xff, 0x88, 0xb2, 0xb9, 0xff, 0x88, 0xb2, 0xb9, 0xff, 0x88, 0xb2, 0xb9, 0xff, 
0x88, 0xb2, 0xb9, 0xff, 0x88, 0xb2, 0xb9, 0xff, 0x88, 0xb2, 0xb9, 0xff, 0x88, 0xb2, 0xb9, 0xff, 
0x88, 0xb2, 0xb9, 0xff, 0x88, 0xb2, 0xb9, 0xff, 0x88, 0xb2, 0xb9, 0xff, 0x88, 0xb2, 0xb9, 0xff, 
0x88, 0xb2, 0xb9, 0xff, 0x88, 0xb2, 0xb9, 0xff, 0x88, 0xb2, 0xb9, 0xff, 0x88, 0xb2, 0xb9, 0xff, 
0x87, 0xb3, 0xb9, 0xff, 0x87, 0xb3, 0xb9, 0xff, 0x87, 0xb3, 0xb9, 0xff, 0x87, 0xb3, 0xb9, 0xff, 
0x87, 0xb3, 0xb9, 0xff, 0x87, 0xb3, 0xb9, 0xff, 0x87, 0xb3, 0xb9, 0xff, 0x87, 0xb3, 0xb9, 0xff, 
0x87, 0xb3, 0xb9, 0xff, 0x87, 0xb3, 0xb9, 0xff, 0x87, 0xb3, 0xb9, 0xff, 0x87, 0xb3, 0xb9, 0xff, 
0x87, 0xb3, 0xb9, 0xff, 0x87, 0xb3, 0xb9, 0xff, 0x87, 0xb3, 0xb9, 0xff, 0x87, 0xb3, 0xb9, 0xff, 
0x87, 0xb3, 0xb9, 0xff, 0x87, 0xb3, 0xb9, 0xff, 0x87, 0xb3, 0xb9, 0xff, 0x87, 0xb3, 0xb9, 0xff, 
0x87, 0xb3, 0xb9, 0xff, 0x87, 0xb3, 0xb9, 0xff, 0x87, 0xb3, 0xb9, 0xff, 0x87, 0xb3, 0xb9, 0xff, 
0x87, 0xb3, 0xb9, 0xff, 0x87, 0xb3, 0xb9, 0xff, 0x87, 0xb3, 0xb9, 0xff, 0x87, 0xb3, 0xb9, 0xff, 
0x87, 0xb3, 0xb9, 0xff, 0x87, 0xb3, 0xb9, 0xff, 0x87, 0xb3, 0xb9, 0xff, 0x87, 0xb3, 0xb9, 0xff, 
0x87, 0xb3, 0xb9, 0xff, 0x87, 0xb3, 0xb9, 0xff, 0x87, 0xb3, 0xb9, 0xff, 0x87, 0xb3, 0xb9, 0xff, 
0x87, 0xb3, 0xb9, 0xff, 0x87, 0xb3, 0xb9, 0xff, 0x87, 0xb3, 0xb9, 0xff, 0x87, 0xb3, 0xb9, 0xff, 
0x87, 0xb3, 0xb9, 0xff, 0x87, 0xb3, 0xb9, 0xff, 0x87, 0xb3, 0xb9, 0xff, 0x87, 0xb3, 0xb9, 0xff, 
0x87, 0xb3, 0xb9, 0xff, 0x87, 0xb3, 0xb9, 0xff, 0x87, 0xb3, 0xb9, 0xff, 0x87, 0xb3, 0xb9, 0xff, 
0x87, 0xb3, 0xb9, 0xff, 0x87, 0xb3, 0xb9, 0xff, 0x87, 0xb3, 0xb9, 0xff, 0x87, 0xb3, 0xb9, 0xff, 
0x87, 0xb3, 0xb9, 0xff, 0x87, 0xb3, 0xb9, 0xff, 0x87, 0xb3, 0xb9, 0xff, 0x87, 0xb3, 0xb9, 0xff, 
0x87, 0xb3, 0xb9, 0xff, 0x87, 0xb3, 0xb9, 0xff, 0x87, 0xb3, 0xb9, 0xff, 0x87, 0xb3, 0xb9, 0xff, 
0x87, 0xb3, 0xb9, 0xff, 0x87, 0xb3, 0xb9, 0xff, 0x87, 0xb3, 0xb9, 0xff, 0x87, 0xb3, 0xb9, 0xff, 
0x87, 0xb3, 0xb9, 0xff, 0x87, 0xb3, 0xb9, 0xff, 0x87, 0xb3, 0xb9, 0xff, 0x87, 0xb3, 0xb9, 0xff, 
0x87, 0xb3, 0xb9, 0xff, 0x87, 0xb3, 0xb9, 0xff, 0x87, 0xb3, 0xb9, 0xff, 0x87, 0xb3, 0xb9, 0xff, 
0x87, 0xb3, 0xb9, 0xff, 0x87, 0xb3, 0xb9, 0xff, 0x87, 0xb3, 0xb9, 0xff, 0x87, 0xb3, 0xb9, 0xff, 
0x87, 0xb3, 0xb9, 0xff, 0x87, 0xb3, 0xb9, 0xff, 0x87, 0xb3, 0xb9, 0xff, 0x87, 0xb3, 0xb9, 0xff, 
0x87, 0xb3, 0xb9, 0xff, 0x87, 0xb3, 0xb9, 0xff, 0x87, 0xb3, 0xb9, 0xff, 0x87, 0xb3, 0xb9, 0xff, 
0x87, 0xb3, 0xb9, 0xff, 0x87, 0xb3, 0xb9, 0xff, 0x87, 0xb3, 0xb9, 0xff, 0x87, 0xb3, 0xb9, 0xff, 
0x87, 0xb3, 0xb9, 0xff, 0x87, 0xb3, 0xb9, 0xff, 0x87, 0xb3, 0xb9, 0xff, 0x87, 0xb3, 0xb9, 0xff, 
0x87, 0xb3, 0xb9, 0xff, 0x87, 0xb3, 0xb9, 0xff, 0x87, 0xb3, 0xb9, 0xff, 0x87, 0xb3, 0xb9, 0xff, 
0x87, 0xb3, 0xb9, 0xff, 0x87, 0xb3, 0xb9, 0xff, 0x87, 0xb3, 0xb9, 0xff, 0x87, 0xb3, 0xb9, 0xff, 
0x87, 0xb3, 0xb9, 0xff, 0x87, 0xb3, 0xb9, 0xff, 0x87, 0xb3, 0xb9, 0xff, 0x87, 0xb3, 0xb9, 0xff, 
0x87, 0xb3, 0xb9, 0xff, 0x87, 0xb3, 0xb9, 0xff, 0x87, 0xb3, 0xb9, 0xff, 0x87, 0xb3, 0xb9, 0xff, 
0x87, 0xb3, 0xb9, 0xff, 0x87, 0xb3, 0xb9, 0xff, 0x87, 0xb3, 0xb9, 0xff, 0x87, 0xb3, 0xb9, 0xff, 
0x87, 0xb3, 0xb9, 0xff, 0x87, 0xb3, 0xb9, 0xff, 0x87, 0xb3, 0xb9, 0xff, 0x87, 0xb3, 0xb9, 0xff, 
0x87, 0xb3, 0xb9, 0xff, 0x87, 0xb3, 0xb9, 0xff, 0x87, 0xb3, 0xb9, 0xff, 0x87, 0xb3, 0xb9, 0xff, 
0x87, 0xb3, 0xb9, 0xff, 0x87, 0xb3, 0xb9, 0xff, 0x87, 0xb3, 0xb9, 0xff, 0x87, 0xb3, 0xb9, 0xff, 
0x87, 0xb3, 0xb9, 0xff, 0x87, 0xb3, 0xb9, 0xff, 0x87, 0xb3, 0xb9, 0xff, 0x87, 0xb3, 0xb9, 0xff, 
0x87, 0xb3, 0xb9, 0xff, 0x87, 0xb3, 0xb9, 0xff, 0x87, 0xb3, 0xb9, 0xff, 0x87, 0xb3, 0xb9, 0xff, 
0x87, 0xb3, 0xb9, 0xff, 0x87, 0xb3, 0xb9, 0xff, 0x87, 0xb3, 0xb9, 0xff, 0x87, 0xb3, 0xb9, 0xff, 
0x87, 0xb3, 0xb9, 0xff, 0x87, 0xb3, 0xb9, 0xff, 0x87, 0xb3, 0xb9, 0xff, 0x87, 0xb3, 0xb9, 0xff, 
0x87, 0xb3, 0xb9, 0xff, 0x87, 0xb3, 0xb9, 0xff, 0x87, 0xb3, 0xb9, 0xff, 0x87, 0xb3, 0xb9, 0xff, 
0x87, 0xb3, 0xb9, 0xff, 0x87, 0xb3, 0xb9, 0xff, 0x87, 0xb3, 0xb9, 0xff, 0x87, 0xb3, 0xb9, 0xff, 
0x87, 0xb3, 0xb9, 0xff, 0x87, 0xb3, 0xb9, 0xff, 0x87, 0xb3, 0xb9, 0xff, 0x87, 0xb3, 0xb9, 0xff, 
0x87, 0xb3, 0xb9, 0xff, 0x87, 0xb3, 0xb9, 0xff, 0x87, 0xb3, 0xb9, 0xff, 0x87, 0xb3, 0xb9, 0xff, 
0x87, 0xb3, 0xb9, 0xff, 0x87, 0xb3, 0xb9, 0xff, 0x87, 0xb3, 0xb9, 0xff, 0x87, 0xb3, 0xb9, 0xff, 
0x87, 0xb3, 0xb9, 0xff, 0x87, 0xb3, 0xb9, 0xff, 0x87, 0xb3, 0xb9, 0xff, 0x87, 0xb3, 0xb9, 0xff, 
0x87, 0xb3, 0xb9, 0xff, 0x87, 0xb3, 0xb9, 0xff, 0x87, 0xb3, 0xb9, 0xff, 0x87, 0xb3, 0xb9, 0xff, 
0x87, 0xb3, 0xb9, 0xff, 0x87, 0xb3, 0xb9, 0xff, 0x87, 0xb3, 0xb9, 0xff, 0x87, 0xb3, 0xb9, 0xff, 
0x87, 0xb3, 0xb9, 0xff, 0x87, 0xb3, 0xb9, 0xff, 0x87, 0xb3, 0xb9, 0xff, 0x87, 0xb3, 0xb9, 0xff, 
0x87, 0xb3, 0xb9, 0xff, 0x87, 0xb3, 0xb9, 0xff, 0x87, 0xb3, 0xb9, 0xff, 0x87, 0xb3, 0xb9, 0xff, 
0x87, 0xb3, 0xb9, 0xff, 0x87, 0xb3, 0xb9, 0xff, 0x87, 0xb3, 0xb9, 0xff, 0x87, 0xb3, 0xb9, 0xff, 
0x87, 0xb3, 0xb9, 0xff, 0x87, 0xb3, 0xb9, 0xff, 0x87, 0xb3, 0xb9, 0xff, 0x87, 0xb3, 0xb9, 0xff, 
0x87, 0xb3, 0xb9, 0xff, 0x87, 0xb3, 0xb9, 0xff, 0x87, 0xb3, 0xb9, 0xff, 0x87, 0xb3, 0xb9, 0xff, 
0x87, 0xb3, 0xb9, 0xff, 0x87, 0xb3, 0xb9, 0xff, 0x87, 0xb3, 0xb9, 0xff, 0x87, 0xb3, 0xb9, 0xff, 
0x87, 0xb3, 0xb9, 0xff, 0x87, 0xb3, 0xb9, 0xff, 0x87, 0xb3, 0xb9, 0xff, 0x87, 0xb3, 0xb9, 0xff, 
0x87, 0xb3, 0xb9, 0xff, 0x87, 0xb3, 0xb9, 0xff, 0x87, 0xb3, 0xb9, 0xff, 0x87, 0xb3, 0xb9, 0xff, 
0x87, 0xb3, 0xb9, 0xff, 0x87, 0xb3, 0xb9, 0xff, 0x87, 0xb3, 0xb9, 0xff, 0x87, 0xb3, 0xb9, 0xff, 
0x87, 0xb3, 0xb9, 0xff, 0x87, 0xb3, 0xb9, 0xff, 0x87, 0xb3, 0xb9, 0xff, 0x87, 0xb3, 0xb9, 0xff, 
0x87, 0xb3, 0xb9, 0xff, 0x87, 0xb3, 0xb9, 0xff, 0x87, 0xb3, 0xb9, 0xff, 0x87, 0xb3, 0xb9, 0xff, 
0x87, 0xb3, 0xb9, 0xff, 0x87, 0xb3, 0xb9, 0xff, 0x87, 0xb3, 0xb9, 0xff, 0x87, 0xb3, 0xb9, 0xff, 
0x87, 0xb3, 0xb9, 0xff, 0x87, 0xb3, 0xb9, 0xff, 0x87, 0xb3, 0xb9, 0xff, 0x87, 0xb3, 0xb9, 0xff, 
0x87, 0xb3, 0xb9, 0xff, 0x87, 0xb3, 0xb9, 0xff, 0x87, 0xb3, 0xb9, 0xff, 0x87, 0xb3, 0xb9, 0xff, 
0x87, 0xb3, 0xb9, 0xff, 0x87, 0xb3, 0xb9, 0xff, 0x87, 0xb3, 0xb9, 0xff, 0x87, 0xb3, 0xb9, 0xff, 
0x87, 0xb3, 0xb9, 0xff, 0x87, 0xb3, 0xb9, 0xff, 0x87, 0xb3, 0xb9, 0xff, 0x87, 0xb3, 0xb9, 0xff, 
0x87, 0xb3, 0xb9, 0xff, 0x87, 0xb3, 0xb9, 0xff, 0x87, 0xb3, 0xb9, 0xff, 0x87, 0xb3, 0xb9, 0xff, 
0x87, 0xb3, 0xb9, 0xff, 0x87, 0xb3, 0xb9, 0xff, 0x87, 0xb3, 0xb9, 0xff, 0x87, 0xb3, 0xb9, 0xff, 
0x87, 0xb3, 0xb9, 0xff, 0x87, 0xb3, 0xb9, 0xff, 0x87, 0xb3, 0xb9, 0xff, 0x87, 0xb3, 0xb9, 0xff, 
0x87, 0xb3, 0xb9, 0xff, 0x87, 0xb3, 0xb9, 0xff, 0x87, 0xb3, 0xb9, 0xff, 0x87, 0xb3, 0xb9, 0xff, 
0x87, 0xb3, 0xb9, 0xff, 0x87, 0xb3, 0xb9, 0xff, 0x87, 0xb3, 0xb9, 0xff, 0x87, 0xb3, 0xb9, 0xff, 
0x86, 0xb3, 0xb9, 0xff, 0x86, 0xb3, 0xb9, 0xff, 0x86, 0xb3, 0xb9, 0xff, 0x86, 0xb3, 0xb9, 0xff, 
0x86, 0xb3, 0xb9, 0xff, 0x86, 0xb3, 0xb9, 0xff, 0x86, 0xb3, 0xb9, 0xff, 0x86, 0xb3, 0xb9, 0xff, 
0x86, 0xb3, 0xb9, 0xff, 0x86, 0xb3, 0xb9, 0xff, 0x86, 0xb3, 0xb9, 0xff, 0x86, 0xb3, 0xb9, 0xff, 
0x86, 0xb3, 0xb9, 0xff, 0x86, 0xb3, 0xb9, 0xff, 0x86, 0xb3, 0xb9, 0xff, 0x86, 0xb3, 0xb9, 0xff, 
0x86, 0xb3, 0xb9, 0xff, 0x86, 0xb3, 0xb9, 0xff, 0x86, 0xb3, 0xb9, 0xff, 0x86, 0xb3, 0xb9, 0xff, 
0x86, 0xb3, 0xb9, 0xff, 0x86, 0xb3, 0xb9, 0xff, 0x86, 0xb3, 0xb9, 0xff, 0x86, 0xb3, 0xb9, 0xff, 
0x86, 0xb3, 0xb9, 0xff, 0x86, 0xb3, 0xb9, 0xff, 0x86, 0xb3, 0xb9, 0xff, 0x86, 0xb3, 0xb9, 0xff, 
0x86, 0xb3, 0xb9, 0xff, 0x86, 0xb3, 0xb9, 0xff, 0x86, 0xb3, 0xb9, 0xff, 0x86, 0xb3, 0xb9, 0xff, 
0x86, 0xb3, 0xb9, 0xff, 0x86, 0xb3, 0xb9, 0xff, 0x86, 0xb3, 0xb9, 0xff, 0x86, 0xb3, 0xb9, 0xff, 
0x86, 0xb3, 0xb9, 0xff, 0x86, 0xb3, 0xb9, 0xff, 0x86, 0xb3, 0xb9, 0xff, 0x86, 0xb3, 0xb9, 0xff, 
0x86, 0xb3, 0xb9, 0xff, 0x86, 0xb3, 0xb9, 0xff, 0x86, 0xb3, 0xb9, 0xff, 0x86, 0xb3, 0xb9, 0xff, 
0x86, 0xb3, 0xb9, 0xff, 0x86, 0xb3, 0xb9, 0xff, 0x86, 0xb3, 0xb9, 0xff, 0x86, 0xb3, 0xb9, 0xff, 
0x86, 0xb3, 0xb9, 0xff, 0x86, 0xb3, 0xb9, 0xff, 0x86, 0xb3, 0xb9, 0xff, 0x86, 0xb3, 0xb9, 0xff, 
0x86, 0xb3, 0xb9, 0xff, 0x86, 0xb3, 0xb9, 0xff, 0x86, 0xb3, 0xb9, 0xff, 0x86, 0xb3, 0xb9, 0xff, 
0x86, 0xb3, 0xb9, 0xff, 0x86, 0xb3, 0xb9, 0xff, 0x86, 0xb3, 0xb9, 0xff, 0x86, 0xb3, 0xb9, 0xff, 
0x86, 0xb3, 0xb9, 0xff, 0x86, 0xb3, 0xb9, 0xff, 0x86, 0xb3, 0xb9, 0xff, 0x86, 0xb3, 0xb9, 0xff, 
0x86, 0xb3, 0xb9, 0xff, 0x86, 0xb3, 0xb9, 0xff, 0x86, 0xb3, 0xb9, 0xff, 0x86, 0xb3, 0xb9, 0xff, 
0x86, 0xb3, 0xb9, 0xff, 0x86, 0xb3, 0xb9, 0xff, 0x86, 0xb3, 0xb9, 0xff, 0x86, 0xb3, 0xb9, 0xff, 
0x86, 0xb3, 0xb9, 0xff, 0x86, 0xb3, 0xb9, 0xff, 0x86, 0xb3, 0xb9, 0xff, 0x86, 0xb3, 0xb9, 0xff, 
0x86, 0xb3, 0xb9, 0xff, 0x86, 0xb3, 0xb9, 0xff, 0x86, 0xb3, 0xb9, 0xff, 0x86, 0xb3, 0xb9, 0xff, 
0x86, 0xb3, 0xb9, 0xff, 0x86, 0xb3, 0xb9, 0xff, 0x86, 0xb3, 0xb9, 0xff, 0x86, 0xb3, 0xb9, 0xff, 
0x86, 0xb3, 0xb9, 0xff, 0x86, 0xb3, 0xb9, 0xff, 0x86, 0xb3, 0xb9, 0xff, 0x86, 0xb3, 0xb9, 0xff, 
0x86, 0xb3, 0xb9, 0xff, 0x86, 0xb3, 0xb9, 0xff, 0x86, 0xb3, 0xb9, 0xff, 0x86, 0xb3, 0xb9, 0xff, 
0x86, 0xb3, 0xb9, 0xff, 0x86, 0xb3, 0xb9, 0xff, 0x86, 0xb3, 0xb9, 0xff, 0x86, 0xb3, 0xb9, 0xff, 
0x86, 0xb3, 0xb9, 0xff, 0x86, 0xb3, 0xb9, 0xff, 0x86, 0xb3, 0xb9, 0xff, 0x86, 0xb3, 0xb9, 0xff, 
0x86, 0xb3, 0xb9, 0xff, 0x86, 0xb3, 0xb9, 0xff, 0x86, 0xb3, 0xb9, 0xff, 0x86, 0xb3, 0xb9, 0xff, 
0x86, 0xb3, 0xb9, 0xff, 0x86, 0xb3, 0xb9, 0xff, 0x86, 0xb3, 0xb9, 0xff, 0x86, 0xb3, 0xb9, 0xff, 
0x86, 0xb3, 0xb9, 0xff, 0x86, 0xb3, 0xb9, 0xff, 0x86, 0xb3, 0xb9, 0xff, 0x86, 0xb3, 0xb9, 0xff, 
0x86, 0xb3, 0xb9, 0xff, 0x86, 0xb3, 0xb9, 0xff, 0x86, 0xb3, 0xb9, 0xff, 0x86, 0xb3, 0xb9, 0xff, 
0x86, 0xb3, 0xb9, 0xff, 0x86, 0xb3, 0xb9, 0xff, 0x86, 0xb3, 0xb9, 0xff, 0x86, 0xb3, 0xb9, 0xff, 
0x86, 0xb3, 0xb9, 0xff, 0x86, 0xb3, 0xb9, 0xff, 0x86, 0xb3, 0xb9, 0xff, 0x86, 0xb3, 0xb9, 0xff, 
0x86, 0xb3, 0xb9, 0xff, 0x86, 0xb3, 0xb9, 0xff, 0x86, 0xb3, 0xb9, 0xff, 0x86, 0xb3, 0xb9, 0xff, 
0x86, 0xb3, 0xb9, 0xff, 0x86, 0xb3, 0xb9, 0xff, 0x86, 0xb3, 0xb9, 0xff, 0x86, 0xb3, 0xb9, 0xff, 
0x86, 0xb3, 0xb9, 0xff, 0x86, 0xb3, 0xb9, 0xff, 0x86, 0xb3, 0xb9, 0xff, 0x86, 0xb3, 0xb9, 0xff, 
0x86, 0xb3, 0xb9, 0xff, 0x86, 0xb3, 0xb9, 0xff, 0x86, 0xb3, 0xb9, 0xff, 0x86, 0xb3, 0xb9, 0xff, 
0x86, 0xb3, 0xb9, 0xff, 0x86, 0xb3, 0xb9, 0xff, 0x86, 0xb3, 0xb9, 0xff, 0x86, 0xb3, 0xb9, 0xff, 
0x86, 0xb3, 0xb9, 0xff, 0x86, 0xb3, 0xb9, 0xff, 0x86, 0xb3, 0xb9, 0xff, 0x86, 0xb3, 0xb9, 0xff, 
0x86, 0xb3, 0xb9, 0xff, 0x86, 0xb3, 0xb9, 0xff, 0x86, 0xb3, 0xb9, 0xff, 0x86, 0xb3, 0xb9, 0xff, 
0x86, 0xb3, 0xb9, 0xff, 0x86, 0xb3, 0xb9, 0xff, 0x86, 0xb3, 0xb9, 0xff, 0x86, 0xb3, 0xb9, 0xff, 
0x86, 0xb3, 0xb9, 0xff, 0x86, 0xb3, 0xb9, 0xff, 0x86, 0xb3, 0xb9, 0xff, 0x86, 0xb3, 0xb9, 0xff, 
0x86, 0xb3, 0xb9, 0xff, 0x86, 0xb3, 0xb9, 0xff, 0x86, 0xb3, 0xb9, 0xff, 0x86, 0xb3, 0xb9, 0xff, 
0x86, 0xb3, 0xb9, 0xff, 0x86, 0xb3, 0xb9, 0xff, 0x86, 0xb3, 0xb9, 0xff, 0x86, 0xb3, 0xb9, 0xff, 
0x86, 0xb3, 0xb9, 0xff, 0x86, 0xb3, 0xb9, 0xff, 0x86, 0xb3, 0xb9, 0xff, 0x86, 0xb3, 0xb9, 0xff, 
0x86, 0xb3, 0xb9, 0xff, 0x86, 0xb3, 0xb9, 0xff, 0x86, 0xb3, 0xb9, 0xff, 0x86, 0xb3, 0xb9, 0xff, 
0x86, 0xb3, 0xb9, 0xff, 0x86, 0xb3, 0xb9, 0xff, 0x86, 0xb3, 0xb9, 0xff, 0x86, 0xb3, 0xb9, 0xff, 
0x86, 0xb3, 0xb9, 0xff, 0x86, 0xb3, 0xb9, 0xff, 0x86, 0xb3, 0xb9, 0xff, 0x86, 0xb3, 0xb9, 0xff, 
0x86, 0xb3, 0xb9, 0xff, 0x86, 0xb3, 0xb9, 0xff, 0x86, 0xb3, 0xb9, 0xff, 0x86, 0xb3, 0xb9, 0xff, 
0x86, 0xb3, 0xb9, 0xff, 0x86, 0xb3, 0xb9, 0xff, 0x86, 0xb3, 0xb9, 0xff, 0x86, 0xb3, 0xb9, 0xff, 
0x86, 0xb3, 0xb9, 0xff, 0x86, 0xb3, 0xb9, 0xff, 0x86, 0xb3, 0xb9, 0xff, 0x86, 0xb3, 0xb9, 0xff, 
0x86, 0xb3, 0xb9, 0xff, 0x86, 0xb3, 0xb9, 0xff, 0x86, 0xb3, 0xb9, 0xff, 0x86, 0xb3, 0xb9, 0xff, 
0x86, 0xb3, 0xb9, 0xff, 0x86, 0xb3, 0xb9, 0xff, 0x86, 0xb3, 0xb9, 0xff, 0x86, 0xb3, 0xb9, 0xff, 
0x86, 0xb3, 0xb9, 0xff, 0x86, 0xb3, 0xb9, 0xff, 0x86, 0xb3, 0xb9, 0xff, 0x86, 0xb3, 0xb9, 0xff, 
0x86, 0xb3, 0xb9, 0xff, 0x86, 0xb3, 0xb9, 0xff, 0x86, 0xb3, 0xb9, 0xff, 0x86, 0xb3, 0xb9, 0xff, 
0x86, 0xb3, 0xb9, 0xff, 0x86, 0xb3, 0xb9, 0xff, 0x86, 0xb3, 0xb9, 0xff, 0x86, 0xb3, 0xb9, 0xff, 
0x86, 0xb3, 0xb9, 0xff, 0x86, 0xb3, 0xb9, 0xff, 0x86, 0xb3, 0xb9, 0xff, 0x86, 0xb3, 0xb9, 0xff, 
0x86, 0xb3, 0xb9, 0xff, 0x86, 0xb3, 0xb9, 0xff, 0x86, 0xb3, 0xb9, 0xff, 0x86, 0xb3, 0xb9, 0xff, 
0x86, 0xb3, 0xb9, 0xff, 0x86, 0xb3, 0xb9, 0xff, 0x86, 0xb3, 0xb9, 0xff, 0x86, 0xb3, 0xb9, 0xff, 
0x86, 0xb3, 0xb9, 0xff, 0x86, 0xb3, 0xb9, 0xff, 0x86, 0xb3, 0xb9, 0xff, 0x86, 0xb3, 0xb9, 0xff, 
0x86, 0xb3, 0xb9, 0xff, 0x86, 0xb3, 0xb9, 0xff, 0x86, 0xb3, 0xb9, 0xff, 0x86, 0xb3, 0xb9, 0xff, 
0x86, 0xb3, 0xb9, 0xff, 0x86, 0xb3, 0xb9, 0xff, 0x86, 0xb3, 0xb9, 0xff, 0x86, 0xb3, 0xb9, 0xff, 
0x86, 0xb3, 0xb9, 0xff, 0x86, 0xb3, 0xb9, 0xff, 0x86, 0xb3, 0xb9, 0xff, 0x86, 0xb3, 0xb9, 0xff, 
0x86, 0xb3, 0xb9, 0xff, 0x86, 0xb3, 0xb9, 0xff, 0x86, 0xb3, 0xb9, 0xff, 0x86, 0xb3, 0xb9, 0xff, 
0x86, 0xb3, 0xb9, 0xff, 0x86, 0xb3, 0xb9, 0xff, 0x86, 0xb3, 0xb9, 0xff, 0x86, 0xb3, 0xb9, 0xff, 
0x86, 0xb3, 0xb9, 0xff, 0x86, 0xb3, 0xb9, 0xff, 0x86, 0xb3, 0xb9, 0xff, 0x86, 0xb3, 0xb9, 0xff, 
0x87, 0xb2, 0xb9, 0xff, 0x87, 0xb2, 0xb9, 0xff, 0x87, 0xb2, 0xb9, 0xff, 0x87, 0xb2, 0xb9, 0xff, 
0x87, 0xb2, 0xb9, 0xff, 0x87, 0xb2, 0xb9, 0xff, 0x87, 0xb2, 0xb9, 0xff, 0x87, 0xb2, 0xb9, 0xff, 
0x87, 0xb2, 0xb9, 0xff, 0x87, 0xb2, 0xb9, 0xff, 0x87, 0xb2, 0xb9, 0xff, 0x87, 0xb2, 0xb9, 0xff, 
0x87, 0xb2, 0xb9, 0xff, 0x87, 0xb2, 0xb9, 0xff, 0x87, 0xb2, 0xb9, 0xff, 0x87, 0xb2, 0xb9, 0xff, 
0x87, 0xb2, 0xb9, 0xff, 0x87, 0xb2, 0xb9, 0xff, 0x87, 0xb2, 0xb9, 0xff, 0x87, 0xb2, 0xb9, 0xff, 
0x87, 0xb2, 0xb9, 0xff, 0x87, 0xb2, 0xb9, 0xff, 0x87, 0xb2, 0xb9, 0xff, 0x87, 0xb2, 0xb9, 0xff, 
0x87, 0xb2, 0xb9, 0xff, 0x87, 0xb2, 0xb9, 0xff, 0x87, 0xb2, 0xb9, 0xff, 0x87, 0xb2, 0xb9, 0xff, 
0x87, 0xb2, 0xb9, 0xff, 0x87, 0xb2, 0xb9, 0xff, 0x87, 0xb2, 0xb9, 0xff, 0x87, 0xb2, 0xb9, 0xff, 
0x87, 0xb2, 0xb9, 0xff, 0x87, 0xb2, 0xb9, 0xff, 0x87, 0xb2, 0xb9, 0xff, 0x87, 0xb2, 0xb9, 0xff, 
0x87, 0xb2, 0xb9, 0xff, 0x87, 0xb2, 0xb9, 0xff, 0x87, 0xb2, 0xb9, 0xff, 0x87, 0xb2, 0xb9, 0xff, 
0x87, 0xb2, 0xb9, 0xff, 0x87, 0xb2, 0xb9, 0xff, 0x87, 0xb2, 0xb9, 0xff, 0x87, 0xb2, 0xb9, 0xff, 
0x87, 0xb2, 0xb9, 0xff, 0x87, 0xb2, 0xb9, 0xff, 0x87, 0xb2, 0xb9, 0xff, 0x87, 0xb2, 0xb9, 0xff, 
0x87, 0xb2, 0xb9, 0xff, 0x87, 0xb2, 0xb9, 0xff, 0x87, 0xb2, 0xb9, 0xff, 0x87, 0xb2, 0xb9, 0xff, 
0x87, 0xb2, 0xb9, 0xff, 0x87, 0xb2, 0xb9, 0xff, 0x87, 0xb2, 0xb9, 0xff, 0x87, 0xb2, 0xb9, 0xff, 
0x87, 0xb2, 0xb9, 0xff, 0x87, 0xb2, 0xb9, 0xff, 0x87, 0xb2, 0xb9, 0xff, 0x87, 0xb2, 0xb9, 0xff, 
0x87, 0xb2, 0xb9, 0xff, 0x87, 0xb2, 0xb9, 0xff, 0x87, 0xb2, 0xb9, 0xff, 0x87, 0xb2, 0xb9, 0xff, 
0x87, 0xb2, 0xb9, 0xff, 0x87, 0xb2, 0xb9, 0xff, 0x87, 0xb2, 0xb9, 0xff, 0x87, 0xb2, 0xb9, 0xff, 
0x87, 0xb2, 0xb9, 0xff, 0x87, 0xb2, 0xb9, 0xff, 0x87, 0xb2, 0xb9, 0xff, 0x87, 0xb2, 0xb9, 0xff, 
0x87, 0xb2, 0xb9, 0xff, 0x87, 0xb2, 0xb9, 0xff, 0x87, 0xb2, 0xb9, 0xff, 0x87, 0xb2, 0xb9, 0xff, 
0x87, 0xb2, 0xb9, 0xff, 0x87, 0xb2, 0xb9, 0xff, 0x87, 0xb2, 0xb9, 0xff, 0x87, 0xb2, 0xb9, 0xff, 
0x87, 0xb2, 0xb9, 0xff, 0x87, 0xb2, 0xb9, 0xff, 0x87, 0xb2, 0xb9, 0xff, 0x87, 0xb2, 0xb9, 0xff, 
0x87, 0xb2, 0xb9, 0xff, 0x87, 0xb2, 0xb9, 0xff, 0x87, 0xb2, 0xb9, 0xff, 0x87, 0xb2, 0xb9, 0xff, 
0x87, 0xb2, 0xb9, 0xff, 0x87, 0xb2, 0xb9, 0xff, 0x87, 0xb2, 0xb9, 0xff, 0x87, 0xb2, 0xb9, 0xff, 
0x87, 0xb2, 0xb9, 0xff, 0x87, 0xb2, 0xb9, 0xff, 0x87, 0xb2, 0xb9, 0xff, 0x87, 0xb2, 0xb9, 0xff, 
0x87, 0xb2, 0xb9, 0xff, 0x87, 0xb2, 0xb9, 0xff, 0x87, 0xb2, 0xb9, 0xff, 0x87, 0xb2, 0xb9, 0xff, 
0x87, 0xb2, 0xb9, 0xff, 0x87, 0xb2, 0xb9, 0xff, 0x87, 0xb2, 0xb9, 0xff, 0x87, 0xb2, 0xb9, 0xff, 
0x87, 0xb2, 0xb9, 0xff, 0x87, 0xb2, 0xb9, 0xff, 0x87, 0xb2, 0xb9, 0xff, 0x87, 0xb2, 0xb9, 0xff, 
0x87, 0xb2, 0xb9, 0xff, 0x87, 0xb2, 0xb9, 0xff, 0x87, 0xb2, 0xb9, 0xff, 0x87, 0xb2, 0xb9, 0xff, 
0x87, 0xb2, 0xb9, 0xff, 0x87, 0xb2, 0xb9, 0xff, 0x87, 0xb2, 0xb9, 0xff, 0x87, 0xb2, 0xb9, 0xff, 
0x87, 0xb2, 0xb9, 0xff, 0x87, 0xb2, 0xb9, 0xff, 0x87, 0xb2, 0xb9, 0xff, 0x87, 0xb2, 0xb9, 0xff, 
0x87, 0xb2, 0xb9, 0xff, 0x87, 0xb2, 0xb9, 0xff, 0x87, 0xb2, 0xb9, 0xff, 0x87, 0xb2, 0xb9, 0xff, 
0x87, 0xb2, 0xb9, 0xff, 0x87, 0xb2, 0xb9, 0xff, 0x87, 0xb2, 0xb9, 0xff, 0x87, 0xb2, 0xb9, 0xff, 
0x87, 0xb2, 0xb9, 0xff, 0x87, 0xb2, 0xb9, 0xff, 0x87, 0xb2, 0xb9, 0xff, 0x87, 0xb2, 0xb9, 0xff, 
0x87, 0xb2, 0xb9, 0xff, 0x87, 0xb2, 0xb9, 0xff, 0x87, 0xb2, 0xb9, 0xff, 0x87, 0xb2, 0xb9, 0xff, 
0x87, 0xb2, 0xb9, 0xff, 0x87, 0xb2, 0xb9, 0xff, 0x87, 0xb2, 0xb9, 0xff, 0x87, 0xb2, 0xb9, 0xff, 
0x87, 0xb2, 0xb9, 0xff, 0x87, 0xb2, 0xb9, 0xff, 0x87, 0xb2, 0xb9, 0xff, 0x87, 0xb2, 0xb9, 0xff, 
0x87, 0xb2, 0xb9, 0xff, 0x87, 0xb2, 0xb9, 0xff, 0x87, 0xb2, 0xb9, 0xff, 0x87, 0xb2, 0xb9, 0xff, 
0x87, 0xb2, 0xb9, 0xff, 0x87, 0xb2, 0xb9, 0xff, 0x87, 0xb2, 0xb9, 0xff, 0x87, 0xb2, 0xb9, 0xff, 
0x87, 0xb2, 0xb9, 0xff, 0x87, 0xb2, 0xb9, 0xff, 0x87, 0xb2, 0xb9, 0xff, 0x87, 0xb2, 0xb9, 0xff, 
0x87, 0xb2, 0xb9, 0xff, 0x87, 0xb2, 0xb9, 0xff, 0x87, 0xb2, 0xb9, 0xff, 0x87, 0xb2, 0xb9, 0xff, 
0x87, 0xb2, 0xb9, 0xff, 0x87, 0xb2, 0xb9, 0xff, 0x87, 0xb2, 0xb9, 0xff, 0x87, 0xb2, 0xb9, 0xff, 
0x87, 0xb2, 0xb9, 0xff, 0x87, 0xb2, 0xb9, 0xff, 0x87, 0xb2, 0xb9, 0xff, 0x87, 0xb2, 0xb9, 0xff, 
0x87, 0xb2, 0xb9, 0xff, 0x87, 0xb2, 0xb9, 0xff, 0x87, 0xb2, 0xb9, 0xff, 0x87, 0xb2, 0xb9, 0xff, 
0x87, 0xb2, 0xb9, 0xff, 0x87, 0xb2, 0xb9, 0xff, 0x87, 0xb2, 0xb9, 0xff, 0x87, 0xb2, 0xb9, 0xff, 
0x87, 0xb2, 0xb9, 0xff, 0x87, 0xb2, 0xb9, 0xff, 0x87, 0xb2, 0xb9, 0xff, 0x87, 0xb2, 0xb9, 0xff, 
0x87, 0xb2, 0xb9, 0xff, 0x87, 0xb2, 0xb9, 0xff, 0x87, 0xb2, 0xb9, 0xff, 0x87, 0xb2, 0xb9, 0xff, 
0x87, 0xb2, 0xb9, 0xff, 0x87, 0xb2, 0xb9, 0xff, 0x87, 0xb2, 0xb9, 0xff, 0x87, 0xb2, 0xb9, 0xff, 
0x87, 0xb2, 0xb9, 0xff, 0x87, 0xb2, 0xb9, 0xff, 0x87, 0xb2, 0xb9, 0xff, 0x87, 0xb2, 0xb9, 0xff, 
0x87, 0xb2, 0xb9, 0xff, 0x87, 0xb2, 0xb9, 0xff, 0x87, 0xb2, 0xb9, 0xff, 0x87, 0xb2, 0xb9, 0xff, 
0x87, 0xb2, 0xb9, 0xff, 0x87, 0xb2, 0xb9, 0xff, 0x87, 0xb2, 0xb9, 0xff, 0x87, 0xb2, 0xb9, 0xff, 
0x87, 0xb2, 0xb9, 0xff, 0x87, 0xb2, 0xb9, 0xff, 0x87, 0xb2, 0xb9, 0xff, 0x87, 0xb2, 0xb9, 0xff, 
0x87, 0xb2, 0xb9, 0xff, 0x87, 0xb2, 0xb9, 0xff, 0x87, 0xb2, 0xb9, 0xff, 0x87, 0xb2, 0xb9, 0xff, 
0x87, 0xb2, 0xb9, 0xff, 0x87, 0xb2, 0xb9, 0xff, 0x87, 0xb2, 0xb9, 0xff, 0x87, 0xb2, 0xb9, 0xff, 
0x87, 0xb2, 0xb9, 0xff, 0x87, 0xb2, 0xb9, 0xff, 0x87, 0xb2, 0xb9, 0xff, 0x87, 0xb2, 0xb9, 0xff, 
0x87, 0xb2, 0xb9, 0xff, 0x87, 0xb2, 0xb9, 0xff, 0x87, 0xb2, 0xb9, 0xff, 0x87, 0xb2, 0xb9, 0xff, 
0x87, 0xb2, 0xb9, 0xff, 0x87, 0xb2, 0xb9, 0xff, 0x87, 0xb2, 0xb9, 0xff, 0x87, 0xb2, 0xb9, 0xff, 
0x87, 0xb2, 0xb9, 0xff, 0x87, 0xb2, 0xb9, 0xff, 0x87, 0xb2, 0xb9, 0xff, 0x87, 0xb2, 0xb9, 0xff, 
0x87, 0xb2, 0xb9, 0xff, 0x87, 0xb2, 0xb9, 0xff, 0x87, 0xb2, 0xb9, 0xff, 0x87, 0xb2, 0xb9, 0xff, 
0x87, 0xb2, 0xb9, 0xff, 0x87, 0xb2, 0xb9, 0xff, 0x87, 0xb2, 0xb9, 0xff, 0x87, 0xb2, 0xb9, 0xff, 
0x87, 0xb2, 0xb9, 0xff, 0x87, 0xb2, 0xb9, 0xff, 0x87, 0xb2, 0xb9, 0xff, 0x87, 0xb2, 0xb9, 0xff, 
0x87, 0xb2, 0xb9, 0xff, 0x87, 0xb2, 0xb9, 0xff, 0x87, 0xb2, 0xb9, 0xff, 0x87, 0xb2, 0xb9, 0xff, 
0x87, 0xb2, 0xb9, 0xff, 0x87, 0xb2, 0xb9, 0xff, 0x87, 0xb2, 0xb9, 0xff, 0x87, 0xb2, 0xb9, 0xff, 
0x87, 0xb2, 0xb9, 0xff, 0x87, 0xb2, 0xb9, 0xff, 0x87, 0xb2, 0xb9, 0xff, 0x87, 0xb2, 0xb9, 0xff, 
0x87, 0xb2, 0xb9, 0xff, 0x87, 0xb2, 0xb9, 0xff, 0x87, 0xb2, 0xb9, 0xff, 0x87, 0xb2, 0xb9, 0xff, 
0x87, 0xb2, 0xb8, 0xff, 0x87, 0xb2, 0xb8, 0xff, 0x87, 0xb2, 0xb8, 0xff, 0x87, 0xb2, 0xb8, 0xff, 
0x87, 0xb2, 0xb8, 0xff, 0x87, 0xb2, 0xb8, 0xff, 0x87, 0xb2, 0xb8, 0xff, 0x87, 0xb2, 0xb8, 0xff, 
0x87, 0xb2, 0xb8, 0xff, 0x87, 0xb2, 0xb8, 0xff, 0x87, 0xb2, 0xb8, 0xff, 0x87, 0xb2, 0xb8, 0xff, 
0x87, 0xb2, 0xb8, 0xff, 0x87, 0xb2, 0xb8, 0xff, 0x87, 0xb2, 0xb8, 0xff, 0x87, 0xb2, 0xb8, 0xff, 
0x87, 0xb2, 0xb8, 0xff, 0x87, 0xb2, 0xb8, 0xff, 0x87, 0xb2, 0xb8, 0xff, 0x87, 0xb2, 0xb8, 0xff, 
0x87, 0xb2, 0xb8, 0xff, 0x87, 0xb2, 0xb8, 0xff, 0x87, 0xb2, 0xb8, 0xff, 0x87, 0xb2, 0xb8, 0xff, 
0x87, 0xb2, 0xb8, 0xff, 0x87, 0xb2, 0xb8, 0xff, 0x87, 0xb2, 0xb8, 0xff, 0x87, 0xb2, 0xb8, 0xff, 
0x87, 0xb2, 0xb8, 0xff, 0x87, 0xb2, 0xb8, 0xff, 0x87, 0xb2, 0xb8, 0xff, 0x87, 0xb2, 0xb8, 0xff, 
0x87, 0xb2, 0xb8, 0xff, 0x87, 0xb2, 0xb8, 0xff, 0x87, 0xb2, 0xb8, 0xff, 0x87, 0xb2, 0xb8, 0xff, 
0x87, 0xb2, 0xb8, 0xff, 0x87, 0xb2, 0xb8, 0xff, 0x87, 0xb2, 0xb8, 0xff, 0x87, 0xb2, 0xb8, 0xff, 
0x87, 0xb2, 0xb8, 0xff, 0x87, 0xb2, 0xb8, 0xff, 0x87, 0xb2, 0xb8, 0xff, 0x87, 0xb2, 0xb8, 0xff, 
0x87, 0xb2, 0xb8, 0xff, 0x87, 0xb2, 0xb8, 0xff, 0x87, 0xb2, 0xb8, 0xff, 0x87, 0xb2, 0xb8, 0xff, 
0x87, 0xb2, 0xb8, 0xff, 0x87, 0xb2, 0xb8, 0xff, 0x87, 0xb2, 0xb8, 0xff, 0x87, 0xb2, 0xb8, 0xff, 
0x87, 0xb2, 0xb8, 0xff, 0x87, 0xb2, 0xb8, 0xff, 0x87, 0xb2, 0xb8, 0xff, 0x87, 0xb2, 0xb8, 0xff, 
0x87, 0xb2, 0xb8, 0xff, 0x87, 0xb2, 0xb8, 0xff, 0x87, 0xb2, 0xb8, 0xff, 0x87, 0xb2, 0xb8, 0xff, 
0x87, 0xb2, 0xb8, 0xff, 0x87, 0xb2, 0xb8, 0xff, 0x87, 0xb2, 0xb8, 0xff, 0x87, 0xb2, 0xb8, 0xff, 
0x87, 0xb2, 0xb8, 0xff, 0x87, 0xb2, 0xb8, 0xff, 0x87, 0xb2, 0xb8, 0xff, 0x87, 0xb2, 0xb8, 0xff, 
0x87, 0xb2, 0xb8, 0xff, 0x87, 0xb2, 0xb8, 0xff, 0x87, 0xb2, 0xb8, 0xff, 0x87, 0xb2, 0xb8, 0xff, 
0x87, 0xb2, 0xb8, 0xff, 0x87, 0xb2, 0xb8, 0xff, 0x87, 0xb2, 0xb8, 0xff, 0x87, 0xb2, 0xb8, 0xff, 
0x87, 0xb2, 0xb8, 0xff, 0x87, 0xb2, 0xb8, 0xff, 0x87, 0xb2, 0xb8, 0xff, 0x87, 0xb2, 0xb8, 0xff, 
0x87, 0xb2, 0xb8, 0xff, 0x87, 0xb2, 0xb8, 0xff, 0x87, 0xb2, 0xb8, 0xff, 0x87, 0xb2, 0xb8, 0xff, 
0x87, 0xb2, 0xb8, 0xff, 0x87, 0xb2, 0xb8, 0xff, 0x87, 0xb2, 0xb8, 0xff, 0x87, 0xb2, 0xb8, 0xff, 
0x87, 0xb2, 0xb8, 0xff, 0x87, 0xb2, 0xb8, 0xff, 0x87, 0xb2, 0xb8, 0xff, 0x87, 0xb2, 0xb8, 0xff, 
0x87, 0xb2, 0xb8, 0xff, 0x87, 0xb2, 0xb8, 0xff, 0x87, 0xb2, 0xb8, 0xff, 0x87, 0xb2, 0xb8, 0xff, 
0x87, 0xb2, 0xb8, 0xff, 0x87, 0xb2, 0xb8, 0xff, 0x87, 0xb2, 0xb8, 0xff, 0x87, 0xb2, 0xb8, 0xff, 
0x87, 0xb2, 0xb8, 0xff, 0x87, 0xb2, 0xb8, 0xff, 0x87, 0xb2, 0xb8, 0xff, 0x87, 0xb2, 0xb8, 0xff, 
0x87, 0xb2, 0xb8, 0xff, 0x87, 0xb2, 0xb8, 0xff, 0x87, 0xb2, 0xb8, 0xff, 0x87, 0xb2, 0xb8, 0xff, 
0x87, 0xb2, 0xb8, 0xff, 0x87, 0xb2, 0xb8, 0xff, 0x87, 0xb2, 0xb8, 0xff, 0x87, 0xb2, 0xb8, 0xff, 
0x87, 0xb2, 0xb8, 0xff, 0x87, 0xb2, 0xb8, 0xff, 0x87, 0xb2, 0xb8, 0xff, 0x87, 0xb2, 0xb8, 0xff, 
0x87, 0xb2, 0xb8, 0xff, 0x87, 0xb2, 0xb8, 0xff, 0x87, 0xb2, 0xb8, 0xff, 0x87, 0xb2, 0xb8, 0xff, 
0x87, 0xb2, 0xb8, 0xff, 0x87, 0xb2, 0xb8, 0xff, 0x87, 0xb2, 0xb8, 0xff, 0x87, 0xb2, 0xb8, 0xff, 
0x87, 0xb2, 0xb8, 0xff, 0x87, 0xb2, 0xb8, 0xff, 0x87, 0xb2, 0xb8, 0xff, 0x87, 0xb2, 0xb8, 0xff, 
0x87, 0xb2, 0xb8, 0xff, 0x87, 0xb2, 0xb8, 0xff, 0x87, 0xb2, 0xb8, 0xff, 0x87, 0xb2, 0xb8, 0xff, 
0x87, 0xb2, 0xb8, 0xff, 0x87, 0xb2, 0xb8, 0xff, 0x87, 0xb2, 0xb8, 0xff, 0x87, 0xb2, 0xb8, 0xff, 
0x87, 0xb2, 0xb8, 0xff, 0x87, 0xb2, 0xb8, 0xff, 0x87, 0xb2, 0xb8, 0xff, 0x87, 0xb2, 0xb8, 0xff, 
0x87, 0xb2, 0xb8, 0xff, 0x87, 0xb2, 0xb8, 0xff, 0x87, 0xb2, 0xb8, 0xff, 0x87, 0xb2, 0xb8, 0xff, 
0x87, 0xb2, 0xb8, 0xff, 0x87, 0xb2, 0xb8, 0xff, 0x87, 0xb2, 0xb8, 0xff, 0x87, 0xb2, 0xb8, 0xff, 
0x87, 0xb2, 0xb8, 0xff, 0x87, 0xb2, 0xb8, 0xff, 0x87, 0xb2, 0xb8, 0xff, 0x87, 0xb2, 0xb8, 0xff, 
0x87, 0xb2, 0xb8, 0xff, 0x87, 0xb2, 0xb8, 0xff, 0x87, 0xb2, 0xb8, 0xff, 0x87, 0xb2, 0xb8, 0xff, 
0x87, 0xb2, 0xb8, 0xff, 0x87, 0xb2, 0xb8, 0xff, 0x87, 0xb2, 0xb8, 0xff, 0x87, 0xb2, 0xb8, 0xff, 
0x87, 0xb2, 0xb8, 0xff, 0x87, 0xb2, 0xb8, 0xff, 0x87, 0xb2, 0xb8, 0xff, 0x87, 0xb2, 0xb8, 0xff, 
0x87, 0xb2, 0xb8, 0xff, 0x87, 0xb2, 0xb8, 0xff, 0x87, 0xb2, 0xb8, 0xff, 0x87, 0xb2, 0xb8, 0xff, 
0x87, 0xb2, 0xb8, 0xff, 0x87, 0xb2, 0xb8, 0xff, 0x87, 0xb2, 0xb8, 0xff, 0x87, 0xb2, 0xb8, 0xff, 
0x87, 0xb2, 0xb8, 0xff, 0x87, 0xb2, 0xb8, 0xff, 0x87, 0xb2, 0xb8, 0xff, 0x87, 0xb2, 0xb8, 0xff, 
0x87, 0xb2, 0xb8, 0xff, 0x87, 0xb2, 0xb8, 0xff, 0x87, 0xb2, 0xb8, 0xff, 0x87, 0xb2, 0xb8, 0xff, 
0x87, 0xb2, 0xb8, 0xff, 0x87, 0xb2, 0xb8, 0xff, 0x87, 0xb2, 0xb8, 0xff, 0x87, 0xb2, 0xb8, 0xff, 
0x87, 0xb2, 0xb8, 0xff, 0x87, 0xb2, 0xb8, 0xff, 0x87, 0xb2, 0xb8, 0xff, 0x87, 0xb2, 0xb8, 0xff, 
0x87, 0xb2, 0xb8, 0xff, 0x87, 0xb2, 0xb8, 0xff, 0x87, 0xb2, 0xb8, 0xff, 0x87, 0xb2, 0xb8, 0xff, 
0x87, 0xb2, 0xb8, 0xff, 0x87, 0xb2, 0xb8, 0xff, 0x87, 0xb2, 0xb8, 0xff, 0x87, 0xb2, 0xb8, 0xff, 
0x87, 0xb2, 0xb8, 0xff, 0x87, 0xb2, 0xb8, 0xff, 0x87, 0xb2, 0xb8, 0xff, 0x87, 0xb2, 0xb8, 0xff, 
0x87, 0xb2, 0xb8, 0xff, 0x87, 0xb2, 0xb8, 0xff, 0x87, 0xb2, 0xb8, 0xff, 0x87, 0xb2, 0xb8, 0xff, 
0x87, 0xb2, 0xb8, 0xff, 0x87, 0xb2, 0xb8, 0xff, 0x87, 0xb2, 0xb8, 0xff, 0x87, 0xb2, 0xb8, 0xff, 
0x87, 0xb2, 0xb8, 0xff, 0x87, 0xb2, 0xb8, 0xff, 0x87, 0xb2, 0xb8, 0xff, 0x87, 0xb2, 0xb8, 0xff, 
0x87, 0xb2, 0xb8, 0xff, 0x87, 0xb2, 0xb8, 0xff, 0x87, 0xb2, 0xb8, 0xff, 0x87, 0xb2, 0xb8, 0xff, 
0x87, 0xb2, 0xb8, 0xff, 0x87, 0xb2, 0xb8, 0xff, 0x87, 0xb2, 0xb8, 0xff, 0x87, 0xb2, 0xb8, 0xff, 
0x87, 0xb2, 0xb8, 0xff, 0x87, 0xb2, 0xb8, 0xff, 0x87, 0xb2, 0xb8, 0xff, 0x87, 0xb2, 0xb8, 0xff, 
0x87, 0xb2, 0xb8, 0xff, 0x87, 0xb2, 0xb8, 0xff, 0x87, 0xb2, 0xb8, 0xff, 0x87, 0xb2, 0xb8, 0xff, 
0x87, 0xb2, 0xb8, 0xff, 0x87, 0xb2, 0xb8, 0xff, 0x87, 0xb2, 0xb8, 0xff, 0x87, 0xb2, 0xb8, 0xff, 
0x87, 0xb2, 0xb8, 0xff, 0x87, 0xb2, 0xb8, 0xff, 0x87, 0xb2, 0xb8, 0xff, 0x87, 0xb2, 0xb8, 0xff, 
0x87, 0xb2, 0xb8, 0xff, 0x87, 0xb2, 0xb8, 0xff, 0x87, 0xb2, 0xb8, 0xff, 0x87, 0xb2, 0xb8, 0xff, 
0x87, 0xb2, 0xb8, 0xff, 0x87, 0xb2, 0xb8, 0xff, 0x87, 0xb2, 0xb8, 0xff, 0x87, 0xb2, 0xb8, 0xff, 
0x87, 0xb2, 0xb8, 0xff, 0x87, 0xb2, 0xb8, 0xff, 0x87, 0xb2, 0xb8, 0xff, 0x87, 0xb2, 0xb8, 0xff, 
0x87, 0xb2, 0xb8, 0xff, 0x87, 0xb2, 0xb8, 0xff, 0x87, 0xb2, 0xb8, 0xff, 0x87, 0xb2, 0xb8, 0xff, 
0x87, 0xb2, 0xb8, 0xff, 0x87, 0xb2, 0xb8, 0xff, 0x87, 0xb2, 0xb8, 0xff, 0x87, 0xb2, 0xb8, 0xff, 
0x87, 0xb2, 0xb8, 0xff, 0x87, 0xb2, 0xb8, 0xff, 0x87, 0xb2, 0xb8, 0xff, 0x87, 0xb2, 0xb8, 0xff, 
0x87, 0xb2, 0xb8, 0xff, 0x87, 0xb2, 0xb8, 0xff, 0x87, 0xb2, 0xb8, 0xff, 0x87, 0xb2, 0xb8, 0xff, 
0x87, 0xb2, 0xb8, 0xff, 0x87, 0xb2, 0xb8, 0xff, 0x87, 0xb2, 0xb8, 0xff, 0x87, 0xb2, 0xb8, 0xff, 
0x87, 0xb2, 0xb8, 0xff, 0x87, 0xb2, 0xb8, 0xff, 0x87, 0xb2, 0xb8, 0xff, 0x87, 0xb2, 0xb8, 0xff, 
0x87, 0xb2, 0xb8, 0xff, 0x87, 0xb2, 0xb8, 0xff, 0x87, 0xb2, 0xb8, 0xff, 0x87, 0xb2, 0xb8, 0xff, 
0x87, 0xb2, 0xb8, 0xff, 0x87, 0xb2, 0xb8, 0xff, 0x87, 0xb2, 0xb8, 0xff, 0x87, 0xb2, 0xb8, 0xff, 
0x87, 0xb2, 0xb8, 0xff, 0x87, 0xb2, 0xb8, 0xff, 0x87, 0xb2, 0xb8, 0xff, 0x87, 0xb2, 0xb8, 0xff, 
0x87, 0xb2, 0xb8, 0xff, 0x87, 0xb2, 0xb8, 0xff, 0x87, 0xb2, 0xb8, 0xff, 0x87, 0xb2, 0xb8, 0xff, 
0x87, 0xb2, 0xb8, 0xff, 0x87, 0xb2, 0xb8, 0xff, 0x87, 0xb2, 0xb8, 0xff, 0x87, 0xb2, 0xb8, 0xff, 
0x87, 0xb2, 0xb8, 0xff, 0x87, 0xb2, 0xb8, 0xff, 0x87, 0xb2, 0xb8, 0xff, 0x87, 0xb2, 0xb8, 0xff, 
0x87, 0xb2, 0xb8, 0xff, 0x87, 0xb2, 0xb8, 0xff, 0x87, 0xb2, 0xb8, 0xff, 0x87, 0xb2, 0xb8, 0xff, 
0x87, 0xb2, 0xb8, 0xff, 0x87, 0xb2, 0xb8, 0xff, 0x87, 0xb2, 0xb8, 0xff, 0x87, 0xb2, 0xb8, 0xff, 
0x87, 0xb2, 0xb8, 0xff, 0x87, 0xb2, 0xb8, 0xff, 0x87, 0xb2, 0xb8, 0xff, 0x87, 0xb2, 0xb8, 0xff, 
0x87, 0xb2, 0xb8, 0xff, 0x87, 0xb2, 0xb8, 0xff, 0x87, 0xb2, 0xb8, 0xff, 0x87, 0xb2, 0xb8, 0xff, 
0x87, 0xb2, 0xb8, 0xff, 0x87, 0xb2, 0xb8, 0xff, 0x87, 0xb2, 0xb8, 0xff, 0x87, 0xb2, 0xb8, 0xff, 
0x87, 0xb2, 0xb8, 0xff, 0x87, 0xb2, 0xb8, 0xff, 0x87, 0xb2, 0xb8, 0xff, 0x87, 0xb2, 0xb8, 0xff, 
0x87, 0xb2, 0xb8, 0xff, 0x87, 0xb2, 0xb8, 0xff, 0x87, 0xb2, 0xb8, 0xff, 0x87, 0xb2, 0xb8, 0xff, 
0x87, 0xb2, 0xb8, 0xff, 0x87, 0xb2, 0xb8, 0xff, 0x87, 0xb2, 0xb8, 0xff, 0x87, 0xb2, 0xb8, 0xff, 
0x87, 0xb2, 0xb8, 0xff, 0x87, 0xb2, 0xb8, 0xff, 0x87, 0xb2, 0xb8, 0xff, 0x87, 0xb2, 0xb8, 0xff, 
0x87, 0xb2, 0xb8, 0xff, 0x87, 0xb2, 0xb8, 0xff, 0x87, 0xb2, 0xb8, 0xff, 0x87, 0xb2, 0xb8, 0xff, 
0x87, 0xb2, 0xb8, 0xff, 0x87, 0xb2, 0xb8, 0xff, 0x87, 0xb2, 0xb8, 0xff, 0x87, 0xb2, 0xb8, 0xff, 
0x87, 0xb2, 0xb8, 0xff, 0x87, 0xb2, 0xb8, 0xff, 0x87, 0xb2, 0xb8, 0xff, 0x87, 0xb2, 0xb8, 0xff, 
0x87, 0xb2, 0xb8, 0xff, 0x87, 0xb2, 0xb8, 0xff, 0x87, 0xb2, 0xb8, 0xff, 0x87, 0xb2, 0xb8, 0xff, 
0x87, 0xb2, 0xb8, 0xff, 0x87, 0xb2, 0xb8, 0xff, 0x87, 0xb2, 0xb8, 0xff, 0x87, 0xb2, 0xb8, 0xff, 
0x87, 0xb2, 0xb8, 0xff, 0x87, 0xb2, 0xb8, 0xff, 0x87, 0xb2, 0xb8, 0xff, 0x87, 0xb2, 0xb8, 0xff, 
0x87, 0xb2, 0xb8, 0xff, 0x87, 0xb2, 0xb8, 0xff, 0x87, 0xb2, 0xb8, 0xff, 0x87, 0xb2, 0xb8, 0xff, 
0x87, 0xb2, 0xb8, 0xff, 0x87, 0xb2, 0xb8, 0xff, 0x87, 0xb2, 0xb8, 0xff, 0x87, 0xb2, 0xb8, 0xff, 
0x87, 0xb2, 0xb8, 0xff, 0x87, 0xb2, 0xb8, 0xff, 0x87, 0xb2, 0xb8, 0xff, 0x87, 0xb2, 0xb8, 0xff, 
0x87, 0xb2, 0xb8, 0xff, 0x87, 0xb2, 0xb8, 0xff, 0x87, 0xb2, 0xb8, 0xff, 0x87, 0xb2, 0xb8, 0xff, 
0x87, 0xb2, 0xb8, 0xff, 0x87, 0xb2, 0xb8, 0xff, 0x87, 0xb2, 0xb8, 0xff, 0x87, 0xb2, 0xb8, 0xff, 
0x87, 0xb2, 0xb8, 0xff, 0x87, 0xb2, 0xb8, 0xff, 0x87, 0xb2, 0xb8, 0xff, 0x87, 0xb2, 0xb8, 0xff, 
0x87, 0xb2, 0xb8, 0xff, 0x87, 0xb2, 0xb8, 0xff, 0x87, 0xb2, 0xb8, 0xff, 0x87, 0xb2, 0xb8, 0xff, 
0x87, 0xb2, 0xb8, 0xff, 0x87, 0xb2, 0xb8, 0xff, 0x87, 0xb2, 0xb8, 0xff, 0x87, 0xb2, 0xb8, 0xff, 
0x87, 0xb2, 0xb8, 0xff, 0x87, 0xb2, 0xb8, 0xff, 0x87, 0xb2, 0xb8, 0xff, 0x87, 0xb2, 0xb8, 0xff, 
0x87, 0xb2, 0xb8, 0xff, 0x87, 0xb2, 0xb8, 0xff, 0x87, 0xb2, 0xb8, 0xff, 0x87, 0xb2, 0xb8, 0xff, 
0x87, 0xb2, 0xb8, 0xff, 0x87, 0xb2, 0xb8, 0xff, 0x87, 0xb2, 0xb8, 0xff, 0x87, 0xb2, 0xb8, 0xff, 
0x87, 0xb2, 0xb8, 0xff, 0x87, 0xb2, 0xb8, 0xff, 0x87, 0xb2, 0xb8, 0xff, 0x87, 0xb2, 0xb8, 0xff, 
0x87, 0xb2, 0xb8, 0xff, 0x87, 0xb2, 0xb8, 0xff, 0x87, 0xb2, 0xb8, 0xff, 0x87, 0xb2, 0xb8, 0xff, 
0x87, 0xb2, 0xb8, 0xff, 0x87, 0xb2, 0xb8, 0xff, 0x87, 0xb2, 0xb8, 0xff, 0x87, 0xb2, 0xb8, 0xff, 
0x87, 0xb2, 0xb8, 0xff, 0x87, 0xb2, 0xb8, 0xff, 0x87, 0xb2, 0xb8, 0xff, 0x87, 0xb2, 0xb8, 0xff, 
0x87, 0xb2, 0xb8, 0xff, 0x87, 0xb2, 0xb8, 0xff, 0x87, 0xb2, 0xb8, 0xff, 0x87, 0xb2, 0xb8, 0xff, 
0x87, 0xb2, 0xb8, 0xff, 0x87, 0xb2, 0xb8, 0xff, 0x87, 0xb2, 0xb8, 0xff, 0x87, 0xb2, 0xb8, 0xff, 
0x87, 0xb2, 0xb8, 0xff, 0x87, 0xb2, 0xb8, 0xff, 0x87, 0xb2, 0xb8, 0xff, 0x87, 0xb2, 0xb8, 0xff, 
0x87, 0xb2, 0xb8, 0xff, 0x87, 0xb2, 0xb8, 0xff, 0x87, 0xb2, 0xb8, 0xff, 0x87, 0xb2, 0xb8, 0xff, 
0x87, 0xb2, 0xb8, 0xff, 0x87, 0xb2, 0xb8, 0xff, 0x87, 0xb2, 0xb8, 0xff, 0x87, 0xb2, 0xb8, 0xff, 
0x87, 0xb2, 0xb8, 0xff, 0x87, 0xb2, 0xb8, 0xff, 0x87, 0xb2, 0xb8, 0xff, 0x87, 0xb2, 0xb8, 0xff, 
0x87, 0xb2, 0xb8, 0xff, 0x87, 0xb2, 0xb8, 0xff, 0x87, 0xb2, 0xb8, 0xff, 0x87, 0xb2, 0xb8, 0xff, 
0x87, 0xb2, 0xb8, 0xff, 0x87, 0xb2, 0xb8, 0xff, 0x87, 0xb2, 0xb8, 0xff, 0x87, 0xb2, 0xb8, 0xff, 
0x87, 0xb2, 0xb8, 0xff, 0x87, 0xb2, 0xb8, 0xff, 0x87, 0xb2, 0xb8, 0xff, 0x87, 0xb2, 0xb8, 0xff, 
0x87, 0xb2, 0xb8, 0xff, 0x87, 0xb2, 0xb8, 0xff, 0x87, 0xb2, 0xb8, 0xff, 0x87, 0xb2, 0xb8, 0xff, 
0x87, 0xb2, 0xb8, 0xff, 0x87, 0xb2, 0xb8, 0xff, 0x87, 0xb2, 0xb8, 0xff, 0x87, 0xb2, 0xb8, 0xff, 
0x87, 0xb2, 0xb8, 0xff, 0x87, 0xb2, 0xb8, 0xff, 0x87, 0xb2, 0xb8, 0xff, 0x87, 0xb2, 0xb8, 0xff, 
0x87, 0xb2, 0xb8, 0xff, 0x87, 0xb2, 0xb8, 0xff, 0x87, 0xb2, 0xb8, 0xff, 0x87, 0xb2, 0xb8, 0xff, 
0x87, 0xb2, 0xb8, 0xff, 0x87, 0xb2, 0xb8, 0xff, 0x87, 0xb2, 0xb8, 0xff, 0x87, 0xb2, 0xb8, 0xff, 
0x87, 0xb2, 0xb8, 0xff, 0x87, 0xb2, 0xb8, 0xff, 0x87, 0xb2, 0xb8, 0xff, 0x87, 0xb2, 0xb8, 0xff, 
0x87, 0xb2, 0xb8, 0xff, 0x87, 0xb2, 0xb8, 0xff, 0x87, 0xb2, 0xb8, 0xff, 0x87, 0xb2, 0xb8, 0xff, 
0x87, 0xb2, 0xb8, 0xff, 0x87, 0xb2, 0xb8, 0xff, 0x87, 0xb2, 0xb8, 0xff, 0x87, 0xb2, 0xb8, 0xff, 
0x87, 0xb2, 0xb8, 0xff, 0x87, 0xb2, 0xb8, 0xff, 0x87, 0xb2, 0xb8, 0xff, 0x87, 0xb2, 0xb8, 0xff, 
0x87, 0xb2, 0xb8, 0xff, 0x87, 0xb2, 0xb8, 0xff, 0x87, 0xb2, 0xb8, 0xff, 0x87, 0xb2, 0xb8, 0xff, 
0x87, 0xb2, 0xb8, 0xff, 0x87, 0xb2, 0xb8, 0xff, 0x87, 0xb2, 0xb8, 0xff, 0x87, 0xb2, 0xb8, 0xff, 
0x87, 0xb2, 0xb8, 0xff, 0x87, 0xb2, 0xb8, 0xff, 0x87, 0xb2, 0xb8, 0xff, 0x87, 0xb2, 0xb8, 0xff, 
0x87, 0xb2, 0xb8, 0xff, 0x87, 0xb2, 0xb8, 0xff, 0x87, 0xb2, 0xb8, 0xff, 0x87, 0xb2, 0xb8, 0xff, 
0x87, 0xb2, 0xb8, 0xff, 0x87, 0xb2, 0xb8, 0xff, 0x87, 0xb2, 0xb8, 0xff, 0x87, 0xb2, 0xb8, 0xff, 
0x87, 0xb2, 0xb8, 0xff, 0x87, 0xb2, 0xb8, 0xff, 0x87, 0xb2, 0xb8, 0xff, 0x87, 0xb2, 0xb8, 0xff, 
0x86, 0xb2, 0xb8, 0xff, 0x86, 0xb2, 0xb8, 0xff, 0x86, 0xb2, 0xb8, 0xff, 0x86, 0xb2, 0xb8, 0xff, 
0x86, 0xb2, 0xb8, 0xff, 0x86, 0xb2, 0xb8, 0xff, 0x86, 0xb2, 0xb8, 0xff, 0x86, 0xb2, 0xb8, 0xff, 
0x86, 0xb2, 0xb8, 0xff, 0x86, 0xb2, 0xb8, 0xff, 0x86, 0xb2, 0xb8, 0xff, 0x86, 0xb2, 0xb8, 0xff, 
0x86, 0xb2, 0xb8, 0xff, 0x86, 0xb2, 0xb8, 0xff, 0x86, 0xb2, 0xb8, 0xff, 0x86, 0xb2, 0xb8, 0xff, 
0x86, 0xb2, 0xb8, 0xff, 0x86, 0xb2, 0xb8, 0xff, 0x86, 0xb2, 0xb8, 0xff, 0x86, 0xb2, 0xb8, 0xff, 
0x86, 0xb2, 0xb8, 0xff, 0x86, 0xb2, 0xb8, 0xff, 0x86, 0xb2, 0xb8, 0xff, 0x86, 0xb2, 0xb8, 0xff, 
0x86, 0xb2, 0xb8, 0xff, 0x86, 0xb2, 0xb8, 0xff, 0x86, 0xb2, 0xb8, 0xff, 0x86, 0xb2, 0xb8, 0xff, 
0x86, 0xb2, 0xb8, 0xff, 0x86, 0xb2, 0xb8, 0xff, 0x86, 0xb2, 0xb8, 0xff, 0x86, 0xb2, 0xb8, 0xff, 
0x86, 0xb2, 0xb8, 0xff, 0x86, 0xb2, 0xb8, 0xff, 0x86, 0xb2, 0xb8, 0xff, 0x86, 0xb2, 0xb8, 0xff, 
0x86, 0xb2, 0xb8, 0xff, 0x86, 0xb2, 0xb8, 0xff, 0x86, 0xb2, 0xb8, 0xff, 0x86, 0xb2, 0xb8, 0xff, 
0x86, 0xb2, 0xb8, 0xff, 0x86, 0xb2, 0xb8, 0xff, 0x86, 0xb2, 0xb8, 0xff, 0x86, 0xb2, 0xb8, 0xff, 
0x86, 0xb2, 0xb8, 0xff, 0x86, 0xb2, 0xb8, 0xff, 0x86, 0xb2, 0xb8, 0xff, 0x86, 0xb2, 0xb8, 0xff, 
0x86, 0xb2, 0xb8, 0xff, 0x86, 0xb2, 0xb8, 0xff, 0x86, 0xb2, 0xb8, 0xff, 0x86, 0xb2, 0xb8, 0xff, 
0x86, 0xb2, 0xb8, 0xff, 0x86, 0xb2, 0xb8, 0xff, 0x86, 0xb2, 0xb8, 0xff, 0x86, 0xb2, 0xb8, 0xff, 
0x86, 0xb2, 0xb8, 0xff, 0x86, 0xb2, 0xb8, 0xff, 0x86, 0xb2, 0xb8, 0xff, 0x86, 0xb2, 0xb8, 0xff, 
0x86, 0xb2, 0xb8, 0xff, 0x86, 0xb2, 0xb8, 0xff, 0x86, 0xb2, 0xb8, 0xff, 0x86, 0xb2, 0xb8, 0xff, 
0x86, 0xb2, 0xb8, 0xff, 0x86, 0xb2, 0xb8, 0xff, 0x86, 0xb2, 0xb8, 0xff, 0x86, 0xb2, 0xb8, 0xff, 
0x86, 0xb2, 0xb8, 0xff, 0x86, 0xb2, 0xb8, 0xff, 0x86, 0xb2, 0xb8, 0xff, 0x86, 0xb2, 0xb8, 0xff, 
0x86, 0xb2, 0xb8, 0xff, 0x86, 0xb2, 0xb8, 0xff, 0x86, 0xb2, 0xb8, 0xff, 0x86, 0xb2, 0xb8, 0xff, 
0x86, 0xb2, 0xb8, 0xff, 0x86, 0xb2, 0xb8, 0xff, 0x86, 0xb2, 0xb8, 0xff, 0x86, 0xb2, 0xb8, 0xff, 
0x86, 0xb2, 0xb8, 0xff, 0x86, 0xb2, 0xb8, 0xff, 0x86, 0xb2, 0xb8, 0xff, 0x86, 0xb2, 0xb8, 0xff, 
0x86, 0xb2, 0xb8, 0xff, 0x86, 0xb2, 0xb8, 0xff, 0x86, 0xb2, 0xb8, 0xff, 0x86, 0xb2, 0xb8, 0xff, 
0x86, 0xb2, 0xb8, 0xff, 0x86, 0xb2, 0xb8, 0xff, 0x86, 0xb2, 0xb8, 0xff, 0x86, 0xb2, 0xb8, 0xff, 
0x86, 0xb2, 0xb8, 0xff, 0x86, 0xb2, 0xb8, 0xff, 0x86, 0xb2, 0xb8, 0xff, 0x86, 0xb2, 0xb8, 0xff, 
0x86, 0xb2, 0xb8, 0xff, 0x86, 0xb2, 0xb8, 0xff, 0x86, 0xb2, 0xb8, 0xff, 0x86, 0xb2, 0xb8, 0xff, 
0x86, 0xb2, 0xb8, 0xff, 0x86, 0xb2, 0xb8, 0xff, 0x86, 0xb2, 0xb8, 0xff, 0x86, 0xb2, 0xb8, 0xff, 
0x86, 0xb2, 0xb8, 0xff, 0x86, 0xb2, 0xb8, 0xff, 0x86, 0xb2, 0xb8, 0xff, 0x86, 0xb2, 0xb8, 0xff, 
0x86, 0xb2, 0xb8, 0xff, 0x86, 0xb2, 0xb8, 0xff, 0x86, 0xb2, 0xb8, 0xff, 0x86, 0xb2, 0xb8, 0xff, 
0x86, 0xb2, 0xb8, 0xff, 0x86, 0xb2, 0xb8, 0xff, 0x86, 0xb2, 0xb8, 0xff, 0x86, 0xb2, 0xb8, 0xff, 
0x86, 0xb2, 0xb8, 0xff, 0x86, 0xb2, 0xb8, 0xff, 0x86, 0xb2, 0xb8, 0xff, 0x86, 0xb2, 0xb8, 0xff, 
0x86, 0xb2, 0xb8, 0xff, 0x86, 0xb2, 0xb8, 0xff, 0x86, 0xb2, 0xb8, 0xff, 0x86, 0xb2, 0xb8, 0xff, 
0x86, 0xb2, 0xb8, 0xff, 0x86, 0xb2, 0xb8, 0xff, 0x86, 0xb2, 0xb8, 0xff, 0x86, 0xb2, 0xb8, 0xff, 
0x86, 0xb2, 0xb8, 0xff, 0x86, 0xb2, 0xb8, 0xff, 0x86, 0xb2, 0xb8, 0xff, 0x86, 0xb2, 0xb8, 0xff, 
0x86, 0xb2, 0xb8, 0xff, 0x86, 0xb2, 0xb8, 0xff, 0x86, 0xb2, 0xb8, 0xff, 0x86, 0xb2, 0xb8, 0xff, 
0x86, 0xb2, 0xb8, 0xff, 0x86, 0xb2, 0xb8, 0xff, 0x86, 0xb2, 0xb8, 0xff, 0x86, 0xb2, 0xb8, 0xff, 
0x86, 0xb2, 0xb8, 0xff, 0x86, 0xb2, 0xb8, 0xff, 0x86, 0xb2, 0xb8, 0xff, 0x86, 0xb2, 0xb8, 0xff, 
0x86, 0xb2, 0xb8, 0xff, 0x86, 0xb2, 0xb8, 0xff, 0x86, 0xb2, 0xb8, 0xff, 0x86, 0xb2, 0xb8, 0xff, 
0x86, 0xb2, 0xb8, 0xff, 0x86, 0xb2, 0xb8, 0xff, 0x86, 0xb2, 0xb8, 0xff, 0x86, 0xb2, 0xb8, 0xff, 
0x86, 0xb2, 0xb8, 0xff, 0x86, 0xb2, 0xb8, 0xff, 0x86, 0xb2, 0xb8, 0xff, 0x86, 0xb2, 0xb8, 0xff, 
0x86, 0xb2, 0xb8, 0xff, 0x86, 0xb2, 0xb8, 0xff, 0x86, 0xb2, 0xb8, 0xff, 0x86, 0xb2, 0xb8, 0xff, 
0x86, 0xb2, 0xb8, 0xff, 0x86, 0xb2, 0xb8, 0xff, 0x86, 0xb2, 0xb8, 0xff, 0x86, 0xb2, 0xb8, 0xff, 
0x86, 0xb2, 0xb8, 0xff, 0x86, 0xb2, 0xb8, 0xff, 0x86, 0xb2, 0xb8, 0xff, 0x86, 0xb2, 0xb8, 0xff, 
0x86, 0xb2, 0xb8, 0xff, 0x86, 0xb2, 0xb8, 0xff, 0x86, 0xb2, 0xb8, 0xff, 0x86, 0xb2, 0xb8, 0xff, 
0x86, 0xb2, 0xb8, 0xff, 0x86, 0xb2, 0xb8, 0xff, 0x86, 0xb2, 0xb8, 0xff, 0x86, 0xb2, 0xb8, 0xff, 
0x86, 0xb2, 0xb8, 0xff, 0x86, 0xb2, 0xb8, 0xff, 0x86, 0xb2, 0xb8, 0xff, 0x86, 0xb2, 0xb8, 0xff, 
0x86, 0xb2, 0xb8, 0xff, 0x86, 0xb2, 0xb8, 0xff, 0x86, 0xb2, 0xb8, 0xff, 0x86, 0xb2, 0xb8, 0xff, 
0x86, 0xb2, 0xb8, 0xff, 0x86, 0xb2, 0xb8, 0xff, 0x86, 0xb2, 0xb8, 0xff, 0x86, 0xb2, 0xb8, 0xff, 
0x86, 0xb2, 0xb8, 0xff, 0x86, 0xb2, 0xb8, 0xff, 0x86, 0xb2, 0xb8, 0xff, 0x86, 0xb2, 0xb8, 0xff, 
0x86, 0xb2, 0xb8, 0xff, 0x86, 0xb2, 0xb8, 0xff, 0x86, 0xb2, 0xb8, 0xff, 0x86, 0xb2, 0xb8, 0xff, 
0x86, 0xb2, 0xb8, 0xff, 0x86, 0xb2, 0xb8, 0xff, 0x86, 0xb2, 0xb8, 0xff, 0x86, 0xb2, 0xb8, 0xff, 
0x86, 0xb2, 0xb8, 0xff, 0x86, 0xb2, 0xb8, 0xff, 0x86, 0xb2, 0xb8, 0xff, 0x86, 0xb2, 0xb8, 0xff, 
0x86, 0xb2, 0xb8, 0xff, 0x86, 0xb2, 0xb8, 0xff, 0x86, 0xb2, 0xb8, 0xff, 0x86, 0xb2, 0xb8, 0xff, 
0x86, 0xb2, 0xb8, 0xff, 0x86, 0xb2, 0xb8, 0xff, 0x86, 0xb2, 0xb8, 0xff, 0x86, 0xb2, 0xb8, 0xff, 
0x86, 0xb2, 0xb8, 0xff, 0x86, 0xb2, 0xb8, 0xff, 0x86, 0xb2, 0xb8, 0xff, 0x86, 0xb2, 0xb8, 0xff, 
0x86, 0xb2, 0xb8, 0xff, 0x86, 0xb2, 0xb8, 0xff, 0x86, 0xb2, 0xb8, 0xff, 0x86, 0xb2, 0xb8, 0xff, 
0x86, 0xb2, 0xb8, 0xff, 0x86, 0xb2, 0xb8, 0xff, 0x86, 0xb2, 0xb8, 0xff, 0x86, 0xb2, 0xb8, 0xff, 
0x86, 0xb2, 0xb8, 0xff, 0x86, 0xb2, 0xb8, 0xff, 0x86, 0xb2, 0xb8, 0xff, 0x86, 0xb2, 0xb8, 0xff, 
0x86, 0xb2, 0xb8, 0xff, 0x86, 0xb2, 0xb8, 0xff, 0x86, 0xb2, 0xb8, 0xff, 0x86, 0xb2, 0xb8, 0xff, 
0x86, 0xb2, 0xb8, 0xff, 0x86, 0xb2, 0xb8, 0xff, 0x86, 0xb2, 0xb8, 0xff, 0x86, 0xb2, 0xb8, 0xff, 
0x86, 0xb2, 0xb8, 0xff, 0x86, 0xb2, 0xb8, 0xff, 0x86, 0xb2, 0xb8, 0xff, 0x86, 0xb2, 0xb8, 0xff, 
0x86, 0xb2, 0xb8, 0xff, 0x86, 0xb2, 0xb8, 0xff, 0x86, 0xb2, 0xb8, 0xff, 0x86, 0xb2, 0xb8, 0xff, 
0x86, 0xb2, 0xb8, 0xff, 0x86, 0xb2, 0xb8, 0xff, 0x86, 0xb2, 0xb8, 0xff, 0x86, 0xb2, 0xb8, 0xff, 
0x86, 0xb2, 0xb8, 0xff, 0x86, 0xb2, 0xb8, 0xff, 0x86, 0xb2, 0xb8, 0xff, 0x86, 0xb2, 0xb8, 0xff, 
0x86, 0xb2, 0xb8, 0xff, 0x86, 0xb2, 0xb8, 0xff, 0x86, 0xb2, 0xb8, 0xff, 0x86, 0xb2, 0xb8, 0xff, 
0x85, 0xb2, 0xb8, 0xff, 0x85, 0xb2, 0xb8, 0xff, 0x85, 0xb2, 0xb8, 0xff, 0x85, 0xb2, 0xb8, 0xff, 
0x85, 0xb2, 0xb8, 0xff, 0x85, 0xb2, 0xb8, 0xff, 0x85, 0xb2, 0xb8, 0xff, 0x85, 0xb2, 0xb8, 0xff, 
0x85, 0xb2, 0xb8, 0xff, 0x85, 0xb2, 0xb8, 0xff, 0x85, 0xb2, 0xb8, 0xff, 0x85, 0xb2, 0xb8, 0xff, 
0x85, 0xb2, 0xb8, 0xff, 0x85, 0xb2, 0xb8, 0xff, 0x85, 0xb2, 0xb8, 0xff, 0x85, 0xb2, 0xb8, 0xff, 
0x85, 0xb2, 0xb8, 0xff, 0x85, 0xb2, 0xb8, 0xff, 0x85, 0xb2, 0xb8, 0xff, 0x85, 0xb2, 0xb8, 0xff, 
0x85, 0xb2, 0xb8, 0xff, 0x85, 0xb2, 0xb8, 0xff, 0x85, 0xb2, 0xb8, 0xff, 0x85, 0xb2, 0xb8, 0xff, 
0x85, 0xb2, 0xb8, 0xff, 0x85, 0xb2, 0xb8, 0xff, 0x85, 0xb2, 0xb8, 0xff, 0x85, 0xb2, 0xb8, 0xff, 
0x85, 0xb2, 0xb8, 0xff, 0x85, 0xb2, 0xb8, 0xff, 0x85, 0xb2, 0xb8, 0xff, 0x85, 0xb2, 0xb8, 0xff, 
0x85, 0xb2, 0xb8, 0xff, 0x85, 0xb2, 0xb8, 0xff, 0x85, 0xb2, 0xb8, 0xff, 0x85, 0xb2, 0xb8, 0xff, 
0x85, 0xb2, 0xb8, 0xff, 0x85, 0xb2, 0xb8, 0xff, 0x85, 0xb2, 0xb8, 0xff, 0x85, 0xb2, 0xb8, 0xff, 
0x85, 0xb2, 0xb8, 0xff, 0x85, 0xb2, 0xb8, 0xff, 0x85, 0xb2, 0xb8, 0xff, 0x85, 0xb2, 0xb8, 0xff, 
0x85, 0xb2, 0xb8, 0xff, 0x85, 0xb2, 0xb8, 0xff, 0x85, 0xb2, 0xb8, 0xff, 0x85, 0xb2, 0xb8, 0xff, 
0x85, 0xb2, 0xb8, 0xff, 0x85, 0xb2, 0xb8, 0xff, 0x85, 0xb2, 0xb8, 0xff, 0x85, 0xb2, 0xb8, 0xff, 
0x85, 0xb2, 0xb8, 0xff, 0x85, 0xb2, 0xb8, 0xff, 0x85, 0xb2, 0xb8, 0xff, 0x85, 0xb2, 0xb8, 0xff, 
0x85, 0xb2, 0xb8, 0xff, 0x85, 0xb2, 0xb8, 0xff, 0x85, 0xb2, 0xb8, 0xff, 0x85, 0xb2, 0xb8, 0xff, 
0x85, 0xb2, 0xb8, 0xff, 0x85, 0xb2, 0xb8, 0xff, 0x85, 0xb2, 0xb8, 0xff, 0x85, 0xb2, 0xb8, 0xff, 
0x85, 0xb2, 0xb8, 0xff, 0x85, 0xb2, 0xb8, 0xff, 0x85, 0xb2, 0xb8, 0xff, 0x85, 0xb2, 0xb8, 0xff, 
0x85, 0xb2, 0xb8, 0xff, 0x85, 0xb2, 0xb8, 0xff, 0x85, 0xb2, 0xb8, 0xff, 0x85, 0xb2, 0xb8, 0xff, 
0x85, 0xb2, 0xb8, 0xff, 0x85, 0xb2, 0xb8, 0xff, 0x85, 0xb2, 0xb8, 0xff, 0x85, 0xb2, 0xb8, 0xff, 
0x85, 0xb2, 0xb8, 0xff, 0x85, 0xb2, 0xb8, 0xff, 0x85, 0xb2, 0xb8, 0xff, 0x85, 0xb2, 0xb8, 0xff, 
0x85, 0xb2, 0xb8, 0xff, 0x85, 0xb2, 0xb8, 0xff, 0x85, 0xb2, 0xb8, 0xff, 0x85, 0xb2, 0xb8, 0xff, 
0x85, 0xb2, 0xb8, 0xff, 0x85, 0xb2, 0xb8, 0xff, 0x85, 0xb2, 0xb8, 0xff, 0x85, 0xb2, 0xb8, 0xff, 
0x85, 0xb2, 0xb8, 0xff, 0x85, 0xb2, 0xb8, 0xff, 0x85, 0xb2, 0xb8, 0xff, 0x85, 0xb2, 0xb8, 0xff, 
0x85, 0xb2, 0xb8, 0xff, 0x85, 0xb2, 0xb8, 0xff, 0x85, 0xb2, 0xb8, 0xff, 0x85, 0xb2, 0xb8, 0xff, 
0x85, 0xb2, 0xb8, 0xff, 0x85, 0xb2, 0xb8, 0xff, 0x85, 0xb2, 0xb8, 0xff, 0x85, 0xb2, 0xb8, 0xff, 
0x85, 0xb2, 0xb8, 0xff, 0x85, 0xb2, 0xb8, 0xff, 0x85, 0xb2, 0xb8, 0xff, 0x85, 0xb2, 0xb8, 0xff, 
0x85, 0xb2, 0xb8, 0xff, 0x85, 0xb2, 0xb8, 0xff, 0x85, 0xb2, 0xb8, 0xff, 0x85, 0xb2, 0xb8, 0xff, 
0x85, 0xb2, 0xb8, 0xff, 0x85, 0xb2, 0xb8, 0xff, 0x85, 0xb2, 0xb8, 0xff, 0x85, 0xb2, 0xb8, 0xff, 
0x85, 0xb2, 0xb8, 0xff, 0x85, 0xb2, 0xb8, 0xff, 0x85, 0xb2, 0xb8, 0xff, 0x85, 0xb2, 0xb8, 0xff, 
0x85, 0xb2, 0xb8, 0xff, 0x85, 0xb2, 0xb8, 0xff, 0x85, 0xb2, 0xb8, 0xff, 0x85, 0xb2, 0xb8, 0xff, 
0x85, 0xb2, 0xb8, 0xff, 0x85, 0xb2, 0xb8, 0xff, 0x85, 0xb2, 0xb8, 0xff, 0x85, 0xb2, 0xb8, 0xff, 
0x85, 0xb2, 0xb8, 0xff, 0x85, 0xb2, 0xb8, 0xff, 0x85, 0xb2, 0xb8, 0xff, 0x85, 0xb2, 0xb8, 0xff, 
0x85, 0xb2, 0xb8, 0xff, 0x85, 0xb2, 0xb8, 0xff, 0x85, 0xb2, 0xb8, 0xff, 0x85, 0xb2, 0xb8, 0xff, 
0x85, 0xb2, 0xb8, 0xff, 0x85, 0xb2, 0xb8, 0xff, 0x85, 0xb2, 0xb8, 0xff, 0x85, 0xb2, 0xb8, 0xff, 
0x85, 0xb2, 0xb8, 0xff, 0x85, 0xb2, 0xb8, 0xff, 0x85, 0xb2, 0xb8, 0xff, 0x85, 0xb2, 0xb8, 0xff, 
0x85, 0xb2, 0xb8, 0xff, 0x85, 0xb2, 0xb8, 0xff, 0x85, 0xb2, 0xb8, 0xff, 0x85, 0xb2, 0xb8, 0xff, 
0x85, 0xb2, 0xb8, 0xff, 0x85, 0xb2, 0xb8, 0xff, 0x85, 0xb2, 0xb8, 0xff, 0x85, 0xb2, 0xb8, 0xff, 
0x85, 0xb2, 0xb8, 0xff, 0x85, 0xb2, 0xb8, 0xff, 0x85, 0xb2, 0xb8, 0xff, 0x85, 0xb2, 0xb8, 0xff, 
0x85, 0xb2, 0xb8, 0xff, 0x85, 0xb2, 0xb8, 0xff, 0x85, 0xb2, 0xb8, 0xff, 0x85, 0xb2, 0xb8, 0xff, 
0x85, 0xb2, 0xb8, 0xff, 0x85, 0xb2, 0xb8, 0xff, 0x85, 0xb2, 0xb8, 0xff, 0x85, 0xb2, 0xb8, 0xff, 
0x85, 0xb2, 0xb8, 0xff, 0x85, 0xb2, 0xb8, 0xff, 0x85, 0xb2, 0xb8, 0xff, 0x85, 0xb2, 0xb8, 0xff, 
0x85, 0xb2, 0xb8, 0xff, 0x85, 0xb2, 0xb8, 0xff, 0x85, 0xb2, 0xb8, 0xff, 0x85, 0xb2, 0xb8, 0xff, 
0x85, 0xb2, 0xb8, 0xff, 0x85, 0xb2, 0xb8, 0xff, 0x85, 0xb2, 0xb8, 0xff, 0x85, 0xb2, 0xb8, 0xff, 
0x85, 0xb2, 0xb8, 0xff, 0x85, 0xb2, 0xb8, 0xff, 0x85, 0xb2, 0xb8, 0xff, 0x85, 0xb2, 0xb8, 0xff, 
0x85, 0xb2, 0xb8, 0xff, 0x85, 0xb2, 0xb8, 0xff, 0x85, 0xb2, 0xb8, 0xff, 0x85, 0xb2, 0xb8, 0xff, 
0x85, 0xb2, 0xb8, 0xff, 0x85, 0xb2, 0xb8, 0xff, 0x85, 0xb2, 0xb8, 0xff, 0x85, 0xb2, 0xb8, 0xff, 
0x85, 0xb2, 0xb8, 0xff, 0x85, 0xb2, 0xb8, 0xff, 0x85, 0xb2, 0xb8, 0xff, 0x85, 0xb2, 0xb8, 0xff, 
0x85, 0xb2, 0xb8, 0xff, 0x85, 0xb2, 0xb8, 0xff, 0x85, 0xb2, 0xb8, 0xff, 0x85, 0xb2, 0xb8, 0xff, 
0x85, 0xb2, 0xb8, 0xff, 0x85, 0xb2, 0xb8, 0xff, 0x85, 0xb2, 0xb8, 0xff, 0x85, 0xb2, 0xb8, 0xff, 
0x85, 0xb2, 0xb8, 0xff, 0x85, 0xb2, 0xb8, 0xff, 0x85, 0xb2, 0xb8, 0xff, 0x85, 0xb2, 0xb8, 0xff, 
0x85, 0xb2, 0xb8, 0xff, 0x85, 0xb2, 0xb8, 0xff, 0x85, 0xb2, 0xb8, 0xff, 0x85, 0xb2, 0xb8, 0xff, 
0x85, 0xb2, 0xb8, 0xff, 0x85, 0xb2, 0xb8, 0xff, 0x85, 0xb2, 0xb8, 0xff, 0x85, 0xb2, 0xb8, 0xff, 
0x85, 0xb2, 0xb8, 0xff, 0x85, 0xb2, 0xb8, 0xff, 0x85, 0xb2, 0xb8, 0xff, 0x85, 0xb2, 0xb8, 0xff, 
0x85, 0xb2, 0xb8, 0xff, 0x85, 0xb2, 0xb8, 0xff, 0x85, 0xb2, 0xb8, 0xff, 0x85, 0xb2, 0xb8, 0xff, 
0x85, 0xb2, 0xb8, 0xff, 0x85, 0xb2, 0xb8, 0xff, 0x85, 0xb2, 0xb8, 0xff, 0x85, 0xb2, 0xb8, 0xff, 
0x85, 0xb2, 0xb8, 0xff, 0x85, 0xb2, 0xb8, 0xff, 0x85, 0xb2, 0xb8, 0xff, 0x85, 0xb2, 0xb8, 0xff, 
0x85, 0xb2, 0xb8, 0xff, 0x85, 0xb2, 0xb8, 0xff, 0x85, 0xb2, 0xb8, 0xff, 0x85, 0xb2, 0xb8, 0xff, 
0x85, 0xb2, 0xb8, 0xff, 0x85, 0xb2, 0xb8, 0xff, 0x85, 0xb2, 0xb8, 0xff, 0x85, 0xb2, 0xb8, 0xff, 
0x85, 0xb2, 0xb8, 0xff, 0x85, 0xb2, 0xb8, 0xff, 0x85, 0xb2, 0xb8, 0xff, 0x85, 0xb2, 0xb8, 0xff, 
0x85, 0xb2, 0xb8, 0xff, 0x85, 0xb2, 0xb8, 0xff, 0x85, 0xb2, 0xb8, 0xff, 0x85, 0xb2, 0xb8, 0xff, 
0x85, 0xb2, 0xb8, 0xff, 0x85, 0xb2, 0xb8, 0xff, 0x85, 0xb2, 0xb8, 0xff, 0x85, 0xb2, 0xb8, 0xff, 
0x85, 0xb2, 0xb8, 0xff, 0x85, 0xb2, 0xb8, 0xff, 0x85, 0xb2, 0xb8, 0xff, 0x85, 0xb2, 0xb8, 0xff, 
0x85, 0xb2, 0xb8, 0xff, 0x85, 0xb2, 0xb8, 0xff, 0x85, 0xb2, 0xb8, 0xff, 0x85, 0xb2, 0xb8, 0xff, 
0x85, 0xb2, 0xb8, 0xff, 0x85, 0xb2, 0xb8, 0xff, 0x85, 0xb2, 0xb8, 0xff, 0x85, 0xb2, 0xb8, 0xff, 
0x85, 0xb2, 0xb8, 0xff, 0x85, 0xb2, 0xb8, 0xff, 0x85, 0xb2, 0xb8, 0xff, 0x85, 0xb2, 0xb8, 0xff, 
0x85, 0xb2, 0xb8, 0xff, 0x85, 0xb2, 0xb8, 0xff, 0x85, 0xb2, 0xb8, 0xff, 0x85, 0xb2, 0xb8, 0xff, 
0x85, 0xb2, 0xb8, 0xff, 0x85, 0xb2, 0xb8, 0xff, 0x85, 0xb2, 0xb8, 0xff, 0x85, 0xb2, 0xb8, 0xff, 
0x85, 0xb2, 0xb8, 0xff, 0x85, 0xb2, 0xb8, 0xff, 0x85, 0xb2, 0xb8, 0xff, 0x85, 0xb2, 0xb8, 0xff, 
0x85, 0xb2, 0xb8, 0xff, 0x85, 0xb2, 0xb8, 0xff, 0x85, 0xb2, 0xb8, 0xff, 0x85, 0xb2, 0xb8, 0xff, 
0x85, 0xb2, 0xb8, 0xff, 0x85, 0xb2, 0xb8, 0xff, 0x85, 0xb2, 0xb8, 0xff, 0x85, 0xb2, 0xb8, 0xff, 
0x85, 0xb2, 0xb8, 0xff, 0x85, 0xb2, 0xb8, 0xff, 0x85, 0xb2, 0xb8, 0xff, 0x85, 0xb2, 0xb8, 0xff, 
0x85, 0xb2, 0xb8, 0xff, 0x85, 0xb2, 0xb8, 0xff, 0x85, 0xb2, 0xb8, 0xff, 0x85, 0xb2, 0xb8, 0xff, 
0x85, 0xb2, 0xb8, 0xff, 0x85, 0xb2, 0xb8, 0xff, 0x85, 0xb2, 0xb8, 0xff, 0x85, 0xb2, 0xb8, 0xff, 
0x85, 0xb2, 0xb8, 0xff, 0x85, 0xb2, 0xb8, 0xff, 0x85, 0xb2, 0xb8, 0xff, 0x85, 0xb2, 0xb8, 0xff, 
0x85, 0xb2, 0xb8, 0xff, 0x85, 0xb2, 0xb8, 0xff, 0x85, 0xb2, 0xb8, 0xff, 0x85, 0xb2, 0xb8, 0xff, 
0x85, 0xb2, 0xb8, 0xff, 0x85, 0xb2, 0xb8, 0xff, 0x85, 0xb2, 0xb8, 0xff, 0x85, 0xb2, 0xb8, 0xff, 
0x85, 0xb2, 0xb8, 0xff, 0x85, 0xb2, 0xb8, 0xff, 0x85, 0xb2, 0xb8, 0xff, 0x85, 0xb2, 0xb8, 0xff, 
0x85, 0xb2, 0xb8, 0xff, 0x85, 0xb2, 0xb8, 0xff, 0x85, 0xb2, 0xb8, 0xff, 0x85, 0xb2, 0xb8, 0xff, 
0x85, 0xb2, 0xb8, 0xff, 0x85, 0xb2, 0xb8, 0xff, 0x85, 0xb2, 0xb8, 0xff, 0x85, 0xb2, 0xb8, 0xff, 
0x85, 0xb2, 0xb8, 0xff, 0x85, 0xb2, 0xb8, 0xff, 0x85, 0xb2, 0xb8, 0xff, 0x85, 0xb2, 0xb8, 0xff, 
0x85, 0xb2, 0xb8, 0xff, 0x85, 0xb2, 0xb8, 0xff, 0x85, 0xb2, 0xb8, 0xff, 0x85, 0xb2, 0xb8, 0xff, 
0x85, 0xb2, 0xb8, 0xff, 0x85, 0xb2, 0xb8, 0xff, 0x85, 0xb2, 0xb8, 0xff, 0x85, 0xb2, 0xb8, 0xff, 
0x85, 0xb2, 0xb8, 0xff, 0x85, 0xb2, 0xb8, 0xff, 0x85, 0xb2, 0xb8, 0xff, 0x85, 0xb2, 0xb8, 0xff, 
0x85, 0xb2, 0xb8, 0xff, 0x85, 0xb2, 0xb8, 0xff, 0x85, 0xb2, 0xb8, 0xff, 0x85, 0xb2, 0xb8, 0xff, 
0x85, 0xb2, 0xb8, 0xff, 0x85, 0xb2, 0xb8, 0xff, 0x85, 0xb2, 0xb8, 0xff, 0x85, 0xb2, 0xb8, 0xff, 
0x85, 0xb2, 0xb8, 0xff, 0x85, 0xb2, 0xb8, 0xff, 0x85, 0xb2, 0xb8, 0xff, 0x85, 0xb2, 0xb8, 0xff, 
0x85, 0xb2, 0xb8, 0xff, 0x85, 0xb2, 0xb8, 0xff, 0x85, 0xb2, 0xb8, 0xff, 0x85, 0xb2, 0xb8, 0xff, 
0x85, 0xb2, 0xb8, 0xff, 0x85, 0xb2, 0xb8, 0xff, 0x85, 0xb2, 0xb8, 0xff, 0x85, 0xb2, 0xb8, 0xff, 
0x85, 0xb2, 0xb8, 0xff, 0x85, 0xb2, 0xb8, 0xff, 0x85, 0xb2, 0xb8, 0xff, 0x85, 0xb2, 0xb8, 0xff, 
0x85, 0xb2, 0xb8, 0xff, 0x85, 0xb2, 0xb8, 0xff, 0x85, 0xb2, 0xb8, 0xff, 0x85, 0xb2, 0xb8, 0xff, 
0x85, 0xb2, 0xb8, 0xff, 0x85, 0xb2, 0xb8, 0xff, 0x85, 0xb2, 0xb8, 0xff, 0x85, 0xb2, 0xb8, 0xff, 
0x85, 0xb2, 0xb8, 0xff, 0x85, 0xb2, 0xb8, 0xff, 0x85, 0xb2, 0xb8, 0xff, 0x85, 0xb2, 0xb8, 0xff, 
0x85, 0xb2, 0xb8, 0xff, 0x85, 0xb2, 0xb8, 0xff, 0x85, 0xb2, 0xb8, 0xff, 0x85, 0xb2, 0xb8, 0xff, 
0x85, 0xb2, 0xb8, 0xff, 0x85, 0xb2, 0xb8, 0xff, 0x85, 0xb2, 0xb8, 0xff, 0x85, 0xb2, 0xb8, 0xff, 
0x85, 0xb2, 0xb8, 0xff, 0x85, 0xb2, 0xb8, 0xff, 0x85, 0xb2, 0xb8, 0xff, 0x85, 0xb2, 0xb8, 0xff, 
0x85, 0xb2, 0xb8, 0xff, 0x85, 0xb2, 0xb8, 0xff, 0x85, 0xb2, 0xb8, 0xff, 0x85, 0xb2, 0xb8, 0xff, 
0x85, 0xb2, 0xb8, 0xff, 0x85, 0xb2, 0xb8, 0xff, 0x85, 0xb2, 0xb8, 0xff, 0x85, 0xb2, 0xb8, 0xff, 
0x85, 0xb2, 0xb8, 0xff, 0x85, 0xb2, 0xb8, 0xff, 0x85, 0xb2, 0xb8, 0xff, 0x85, 0xb2, 0xb8, 0xff, 
0x85, 0xb2, 0xb8, 0xff, 0x85, 0xb2, 0xb8, 0xff, 0x85, 0xb2, 0xb8, 0xff, 0x85, 0xb2, 0xb8, 0xff, 
0x85, 0xb2, 0xb8, 0xff, 0x85, 0xb2, 0xb8, 0xff, 0x85, 0xb2, 0xb8, 0xff, 0x85, 0xb2, 0xb8, 0xff, 
0x85, 0xb2, 0xb8, 0xff, 0x85, 0xb2, 0xb8, 0xff, 0x85, 0xb2, 0xb8, 0xff, 0x85, 0xb2, 0xb8, 0xff, 
0x85, 0xb2, 0xb8, 0xff, 0x85, 0xb2, 0xb8, 0xff, 0x85, 0xb2, 0xb8, 0xff, 0x85, 0xb2, 0xb8, 0xff, 
0x85, 0xb2, 0xb8, 0xff, 0x85, 0xb2, 0xb8, 0xff, 0x85, 0xb2, 0xb8, 0xff, 0x85, 0xb2, 0xb8, 0xff, 
0x85, 0xb2, 0xb8, 0xff, 0x85, 0xb2, 0xb8, 0xff, 0x85, 0xb2, 0xb8, 0xff, 0x85, 0xb2, 0xb8, 0xff, 
0x85, 0xb2, 0xb8, 0xff, 0x85, 0xb2, 0xb8, 0xff, 0x85, 0xb2, 0xb8, 0xff, 0x85, 0xb2, 0xb8, 0xff, 
0x85, 0xb2, 0xb8, 0xff, 0x85, 0xb2, 0xb8, 0xff, 0x85, 0xb2, 0xb8, 0xff, 0x85, 0xb2, 0xb8, 0xff, 
0x85, 0xb2, 0xb8, 0xff, 0x85, 0xb2, 0xb8, 0xff, 0x85, 0xb2, 0xb8, 0xff, 0x85, 0xb2, 0xb8, 0xff, 
0x85, 0xb2, 0xb8, 0xff, 0x85, 0xb2, 0xb8, 0xff, 0x85, 0xb2, 0xb8, 0xff, 0x85, 0xb2, 0xb8, 0xff, 
0x85, 0xb2, 0xb8, 0xff, 0x85, 0xb2, 0xb8, 0xff, 0x85, 0xb2, 0xb8, 0xff, 0x85, 0xb2, 0xb8, 0xff, 
0x85, 0xb2, 0xb8, 0xff, 0x85, 0xb2, 0xb8, 0xff, 0x85, 0xb2, 0xb8, 0xff, 0x85, 0xb2, 0xb8, 0xff, 
0x85, 0xb2, 0xb8, 0xff, 0x85, 0xb2, 0xb8, 0xff, 0x85, 0xb2, 0xb8, 0xff, 0x85, 0xb2, 0xb8, 0xff, 
0x85, 0xb2, 0xb8, 0xff, 0x85, 0xb2, 0xb8, 0xff, 0x85, 0xb2, 0xb8, 0xff, 0x85, 0xb2, 0xb8, 0xff, 
0x85, 0xb2, 0xb8, 0xff, 0x85, 0xb2, 0xb8, 0xff, 0x85, 0xb2, 0xb8, 0xff, 0x85, 0xb2, 0xb8, 0xff, 
0x85, 0xb2, 0xb8, 0xff, 0x85, 0xb2, 0xb8, 0xff, 0x85, 0xb2, 0xb8, 0xff, 0x85, 0xb2, 0xb8, 0xff, 
0x85, 0xb2, 0xb8, 0xff, 0x85, 0xb2, 0xb8, 0xff, 0x85, 0xb2, 0xb8, 0xff, 0x85, 0xb2, 0xb8, 0xff, 
0x85, 0xb2, 0xb8, 0xff, 0x85, 0xb2, 0xb8, 0xff, 0x85, 0xb2, 0xb8, 0xff, 0x85, 0xb2, 0xb8, 0xff, 
0x85, 0xb2, 0xb8, 0xff, 0x85, 0xb2, 0xb8, 0xff, 0x85, 0xb2, 0xb8, 0xff, 0x85, 0xb2, 0xb8, 0xff, 
0x85, 0xb2, 0xb8, 0xff, 0x85, 0xb2, 0xb8, 0xff, 0x85, 0xb2, 0xb8, 0xff, 0x85, 0xb2, 0xb8, 0xff, 
0x85, 0xb2, 0xb8, 0xff, 0x85, 0xb2, 0xb8, 0xff, 0x85, 0xb2, 0xb8, 0xff, 0x85, 0xb2, 0xb8, 0xff, 
0x85, 0xb2, 0xb8, 0xff, 0x85, 0xb2, 0xb8, 0xff, 0x85, 0xb2, 0xb8, 0xff, 0x85, 0xb2, 0xb8, 0xff, 
0x85, 0xb2, 0xb8, 0xff, 0x85, 0xb2, 0xb8, 0xff, 0x85, 0xb2, 0xb8, 0xff, 0x85, 0xb2, 0xb8, 0xff, 
0x85, 0xb2, 0xb8, 0xff, 0x85, 0xb2, 0xb8, 0xff, 0x85, 0xb2, 0xb8, 0xff, 0x85, 0xb2, 0xb8, 0xff, 
0x85, 0xb2, 0xb8, 0xff, 0x85, 0xb2, 0xb8, 0xff, 0x85, 0xb2, 0xb8, 0xff, 0x85, 0xb2, 0xb8, 0xff, 
0x85, 0xb2, 0xb8, 0xff, 0x85, 0xb2, 0xb8, 0xff, 0x85, 0xb2, 0xb8, 0xff, 0x85, 0xb2, 0xb8, 0xff, 
0x85, 0xb2, 0xb8, 0xff, 0x85, 0xb2, 0xb8, 0xff, 0x85, 0xb2, 0xb8, 0xff, 0x85, 0xb2, 0xb8, 0xff, 
0x85, 0xb2, 0xb8, 0xff, 0x85, 0xb2, 0xb8, 0xff, 0x85, 0xb2, 0xb8, 0xff, 0x85, 0xb2, 0xb8, 0xff, 
0x85, 0xb2, 0xb8, 0xff, 0x85, 0xb2, 0xb8, 0xff, 0x85, 0xb2, 0xb8, 0xff, 0x85, 0xb2, 0xb8, 0xff, 
0x85, 0xb2, 0xb8, 0xff, 0x85, 0xb2, 0xb8, 0xff, 0x85, 0xb2, 0xb8, 0xff, 0x85, 0xb2, 0xb8, 0xff, 
0x85, 0xb1, 0xb7, 0xff, 0x85, 0xb1, 0xb7, 0xff, 0x85, 0xb1, 0xb7, 0xff, 0x85, 0xb1, 0xb7, 0xff, 
0x85, 0xb1, 0xb8, 0xff, 0x85, 0xb1, 0xb8, 0xff, 0x85, 0xb1, 0xb8, 0xff, 0x85, 0xb1, 0xb8, 0xff, 
0x85, 0xb1, 0xb8, 0xff, 0x85, 0xb1, 0xb8, 0xff, 0x85, 0xb1, 0xb8, 0xff, 0x85, 0xb1, 0xb8, 0xff, 
0x85, 0xb1, 0xb8, 0xff, 0x85, 0xb1, 0xb8, 0xff, 0x85, 0xb1, 0xb8, 0xff, 0x85, 0xb1, 0xb8, 0xff, 
0x85, 0xb1, 0xb8, 0xff, 0x85, 0xb1, 0xb8, 0xff, 0x85, 0xb1, 0xb8, 0xff, 0x85, 0xb1, 0xb8, 0xff, 
0x85, 0xb1, 0xb8, 0xff, 0x85, 0xb1, 0xb8, 0xff, 0x85, 0xb1, 0xb8, 0xff, 0x85, 0xb1, 0xb8, 0xff, 
0x85, 0xb1, 0xb8, 0xff, 0x85, 0xb1, 0xb8, 0xff, 0x85, 0xb1, 0xb8, 0xff, 0x85, 0xb1, 0xb8, 0xff, 
0x85, 0xb1, 0xb8, 0xff, 0x85, 0xb1, 0xb8, 0xff, 0x85, 0xb1, 0xb8, 0xff, 0x85, 0xb1, 0xb8, 0xff, 
0x85, 0xb1, 0xb8, 0xff, 0x85, 0xb1, 0xb8, 0xff, 0x85, 0xb1, 0xb8, 0xff, 0x85, 0xb1, 0xb8, 0xff, 
0x85, 0xb1, 0xb8, 0xff, 0x85, 0xb1, 0xb8, 0xff, 0x85, 0xb1, 0xb8, 0xff, 0x85, 0xb1, 0xb8, 0xff, 
0x85, 0xb1, 0xb8, 0xff, 0x85, 0xb1, 0xb8, 0xff, 0x85, 0xb1, 0xb8, 0xff, 0x85, 0xb1, 0xb8, 0xff, 
0x85, 0xb1, 0xb8, 0xff, 0x85, 0xb1, 0xb8, 0xff, 0x85, 0xb1, 0xb8, 0xff, 0x85, 0xb1, 0xb8, 0xff, 
0x85, 0xb1, 0xb8, 0xff, 0x85, 0xb1, 0xb8, 0xff, 0x85, 0xb1, 0xb8, 0xff, 0x85, 0xb1, 0xb8, 0xff, 
0x85, 0xb1, 0xb8, 0xff, 0x85, 0xb1, 0xb8, 0xff, 0x85, 0xb1, 0xb8, 0xff, 0x85, 0xb1, 0xb8, 0xff, 
0x85, 0xb1, 0xb8, 0xff, 0x85, 0xb1, 0xb8, 0xff, 0x85, 0xb1, 0xb7, 0xff, 0x85, 0xb1, 0xb7, 0xff, 
0x85, 0xb1, 0xb7, 0xff, 0x85, 0xb1, 0xb7, 0xff, 0x85, 0xb1, 0xb7, 0xff, 0x85, 0xb1, 0xb7, 0xff, 
0x85, 0xb1, 0xb7, 0xff, 0x85, 0xb1, 0xb7, 0xff, 0x85, 0xb1, 0xb7, 0xff, 0x85, 0xb1, 0xb7, 0xff, 
0x85, 0xb1, 0xb7, 0xff, 0x85, 0xb1, 0xb7, 0xff, 0x85, 0xb1, 0xb7, 0xff, 0x85, 0xb1, 0xb7, 0xff, 
0x85, 0xb1, 0xb7, 0xff, 0x85, 0xb1, 0xb7, 0xff, 0x85, 0xb1, 0xb7, 0xff, 0x85, 0xb1, 0xb7, 0xff, 
0x85, 0xb1, 0xb8, 0xff, 0x85, 0xb1, 0xb8, 0xff, 0x85, 0xb1, 0xb8, 0xff, 0x85, 0xb1, 0xb8, 0xff, 
0x85, 0xb1, 0xb8, 0xff, 0x85, 0xb1, 0xb8, 0xff, 0x85, 0xb1, 0xb8, 0xff, 0x85, 0xb1, 0xb8, 0xff, 
0x85, 0xb1, 0xb8, 0xff, 0x85, 0xb1, 0xb8, 0xff, 0x85, 0xb1, 0xb8, 0xff, 0x85, 0xb1, 0xb8, 0xff, 
0x85, 0xb1, 0xb8, 0xff, 0x85, 0xb1, 0xb8, 0xff, 0x85, 0xb1, 0xb8, 0xff, 0x85, 0xb1, 0xb8, 0xff, 
0x85, 0xb1, 0xb8, 0xff, 0x85, 0xb1, 0xb8, 0xff, 0x85, 0xb1, 0xb8, 0xff, 0x85, 0xb1, 0xb8, 0xff, 
0x85, 0xb1, 0xb8, 0xff, 0x85, 0xb1, 0xb8, 0xff, 0x85, 0xb1, 0xb8, 0xff, 0x85, 0xb1, 0xb8, 0xff, 
0x85, 0xb1, 0xb8, 0xff, 0x85, 0xb1, 0xb8, 0xff, 0x85, 0xb1, 0xb8, 0xff, 0x85, 0xb1, 0xb8, 0xff, 
0x85, 0xb1, 0xb8, 0xff, 0x85, 0xb1, 0xb8, 0xff, 0x85, 0xb1, 0xb8, 0xff, 0x85, 0xb1, 0xb8, 0xff, 
0x85, 0xb1, 0xb8, 0xff, 0x85, 0xb1, 0xb8, 0xff, 0x85, 0xb1, 0xb8, 0xff, 0x85, 0xb1, 0xb8, 0xff, 
0x85, 0xb1, 0xb8, 0xff, 0x85, 0xb1, 0xb8, 0xff, 0x85, 0xb1, 0xb8, 0xff, 0x85, 0xb1, 0xb8, 0xff, 
0x85, 0xb1, 0xb8, 0xff, 0x85, 0xb1, 0xb8, 0xff, 0x85, 0xb1, 0xb7, 0xff, 0x85, 0xb1, 0xb7, 0xff, 
0x85, 0xb1, 0xb7, 0xff, 0x85, 0xb1, 0xb7, 0xff, 0x85, 0xb1, 0xb7, 0xff, 0x85, 0xb1, 0xb7, 0xff, 
0x85, 0xb1, 0xb7, 0xff, 0x85, 0xb1, 0xb7, 0xff, 0x85, 0xb1, 0xb7, 0xff, 0x85, 0xb1, 0xb7, 0xff, 
0x85, 0xb1, 0xb7, 0xff, 0x85, 0xb1, 0xb7, 0xff, 0x85, 0xb1, 0xb7, 0xff, 0x85, 0xb1, 0xb7, 0xff, 
0x85, 0xb1, 0xb7, 0xff, 0x85, 0xb1, 0xb7, 0xff, 0x85, 0xb1, 0xb7, 0xff, 0x85, 0xb1, 0xb7, 0xff, 
0x85, 0xb1, 0xb7, 0xff, 0x85, 0xb1, 0xb7, 0xff, 0x85, 0xb1, 0xb7, 0xff, 0x85, 0xb1, 0xb7, 0xff, 
0x85, 0xb1, 0xb7, 0xff, 0x85, 0xb1, 0xb7, 0xff, 0x85, 0xb1, 0xb7, 0xff, 0x85, 0xb1, 0xb7, 0xff, 
0x85, 0xb1, 0xb7, 0xff, 0x85, 0xb1, 0xb7, 0xff, 0x85, 0xb1, 0xb7, 0xff, 0x85, 0xb1, 0xb7, 0xff, 
0x85, 0xb1, 0xb7, 0xff, 0x85, 0xb1, 0xb7, 0xff, 0x85, 0xb1, 0xb7, 0xff, 0x85, 0xb1, 0xb7, 0xff, 
0x85, 0xb1, 0xb7, 0xff, 0x85, 0xb1, 0xb8, 0xff, 0x85, 0xb1, 0xb8, 0xff, 0x85, 0xb1, 0xb7, 0xff, 
0x85, 0xb1, 0xb8, 0xff, 0x85, 0xb1, 0xb8, 0xff, 0x85, 0xb1, 0xb7, 0xff, 0x85, 0xb1, 0xb8, 0xff, 
0x85, 0xb1, 0xb8, 0xff, 0x85, 0xb1, 0xb8, 0xff, 0x85, 0xb1, 0xb8, 0xff, 0x85, 0xb1, 0xb8, 0xff, 
0x85, 0xb1, 0xb7, 0xff, 0x85, 0xb1, 0xb7, 0xff, 0x85, 0xb1, 0xb8, 0xff, 0x85, 0xb1, 0xb8, 0xff, 
0x85, 0xb1, 0xb8, 0xff, 0x85, 0xb1, 0xb8, 0xff, 0x85, 0xb1, 0xb8, 0xff, 0x85, 0xb1, 0xb7, 0xff, 
0x85, 0xb1, 0xb7, 0xff, 0x85, 0xb1, 0xb7, 0xff, 0x85, 0xb1, 0xb7, 0xff, 0x85, 0xb1, 0xb7, 0xff, 
0x85, 0xb1, 0xb7, 0xff, 0x85, 0xb1, 0xb7, 0xff, 0x85, 0xb1, 0xb7, 0xff, 0x85, 0xb1, 0xb7, 0xff, 
0x85, 0xb1, 0xb7, 0xff, 0x85, 0xb1, 0xb7, 0xff, 0x85, 0xb1, 0xb7, 0xff, 0x85, 0xb1, 0xb7, 0xff, 
0x85, 0xb1, 0xb7, 0xff, 0x85, 0xb1, 0xb7, 0xff, 0x85, 0xb1, 0xb7, 0xff, 0x85, 0xb1, 0xb7, 0xff, 
0x85, 0xb1, 0xb7, 0xff, 0x85, 0xb1, 0xb7, 0xff, 0x85, 0xb1, 0xb7, 0xff, 0x85, 0xb1, 0xb7, 0xff, 
0x85, 0xb1, 0xb7, 0xff, 0x85, 0xb1, 0xb7, 0xff, 0x85, 0xb1, 0xb7, 0xff, 0x85, 0xb1, 0xb7, 0xff, 
0x85, 0xb1, 0xb7, 0xff, 0x85, 0xb1, 0xb7, 0xff, 0x85, 0xb1, 0xb7, 0xff, 0x85, 0xb1, 0xb7, 0xff, 
0x85, 0xb1, 0xb7, 0xff, 0x85, 0xb1, 0xb7, 0xff, 0x85, 0xb1, 0xb7, 0xff, 0x85, 0xb1, 0xb7, 0xff, 
0x85, 0xb1, 0xb7, 0xff, 0x85, 0xb1, 0xb7, 0xff, 0x85, 0xb1, 0xb7, 0xff, 0x85, 0xb1, 0xb7, 0xff, 
0x85, 0xb1, 0xb7, 0xff, 0x85, 0xb1, 0xb7, 0xff, 0x85, 0xb1, 0xb7, 0xff, 0x85, 0xb1, 0xb7, 0xff, 
0x85, 0xb1, 0xb7, 0xff, 0x85, 0xb1, 0xb7, 0xff, 0x85, 0xb1, 0xb7, 0xff, 0x85, 0xb1, 0xb7, 0xff, 
0x85, 0xb1, 0xb7, 0xff, 0x85, 0xb1, 0xb7, 0xff, 0x85, 0xb1, 0xb7, 0xff, 0x85, 0xb1, 0xb7, 0xff, 
0x85, 0xb1, 0xb7, 0xff, 0x85, 0xb1, 0xb7, 0xff, 0x85, 0xb1, 0xb7, 0xff, 0x85, 0xb1, 0xb7, 0xff, 
0x85, 0xb1, 0xb7, 0xff, 0x85, 0xb1, 0xb7, 0xff, 0x85, 0xb1, 0xb7, 0xff, 0x85, 0xb1, 0xb7, 0xff, 
0x85, 0xb1, 0xb7, 0xff, 0x85, 0xb1, 0xb7, 0xff, 0x85, 0xb1, 0xb7, 0xff, 0x85, 0xb1, 0xb7, 0xff, 
0x85, 0xb1, 0xb7, 0xff, 0x85, 0xb1, 0xb7, 0xff, 0x85, 0xb1, 0xb7, 0xff, 0x85, 0xb1, 0xb7, 0xff, 
0x85, 0xb1, 0xb7, 0xff, 0x85, 0xb1, 0xb7, 0xff, 0x85, 0xb1, 0xb7, 0xff, 0x85, 0xb1, 0xb7, 0xff, 
0x85, 0xb1, 0xb7, 0xff, 0x85, 0xb1, 0xb7, 0xff, 0x85, 0xb1, 0xb7, 0xff, 0x85, 0xb1, 0xb7, 0xff, 
0x85, 0xb1, 0xb7, 0xff, 0x85, 0xb1, 0xb7, 0xff, 0x85, 0xb1, 0xb7, 0xff, 0x85, 0xb1, 0xb7, 0xff, 
0x85, 0xb1, 0xb7, 0xff, 0x85, 0xb1, 0xb7, 0xff, 0x85, 0xb1, 0xb7, 0xff, 0x85, 0xb1, 0xb7, 0xff, 
0x85, 0xb1, 0xb7, 0xff, 0x85, 0xb1, 0xb7, 0xff, 0x85, 0xb1, 0xb7, 0xff, 0x85, 0xb1, 0xb7, 0xff, 
0x85, 0xb0, 0xb7, 0xff, 0x85, 0xb0, 0xb7, 0xff, 0x85, 0xb0, 0xb7, 0xff, 0x85, 0xb0, 0xb7, 0xff, 
0x85, 0xb0, 0xb7, 0xff, 0x85, 0xb0, 0xb7, 0xff, 0x85, 0xb0, 0xb7, 0xff, 0x85, 0xb0, 0xb7, 0xff, 
0x85, 0xb0, 0xb7, 0xff, 0x85, 0xb0, 0xb7, 0xff, 0x85, 0xb0, 0xb7, 0xff, 0x85, 0xb0, 0xb7, 0xff, 
0x85, 0xb0, 0xb7, 0xff, 0x85, 0xb0, 0xb7, 0xff, 0x85, 0xb0, 0xb7, 0xff, 0x85, 0xb0, 0xb7, 0xff, 
0x85, 0xb0, 0xb7, 0xff, 0x85, 0xb0, 0xb7, 0xff, 0x85, 0xb0, 0xb7, 0xff, 0x85, 0xb0, 0xb7, 0xff, 
0x85, 0xb0, 0xb7, 0xff, 0x85, 0xb0, 0xb7, 0xff, 0x85, 0xb0, 0xb7, 0xff, 0x85, 0xb0, 0xb7, 0xff, 
0x85, 0xb0, 0xb7, 0xff, 0x85, 0xb0, 0xb6, 0xff, 0x85, 0xb0, 0xb7, 0xff, 0x85, 0xb0, 0xb7, 0xff, 
0x85, 0xb0, 0xb7, 0xff, 0x85, 0xb0, 0xb7, 0xff, 0x85, 0xb0, 0xb7, 0xff, 0x85, 0xb0, 0xb7, 0xff, 
0x85, 0xb0, 0xb7, 0xff, 0x85, 0xb0, 0xb7, 0xff, 0x85, 0xb0, 0xb7, 0xff, 0x85, 0xb0, 0xb7, 0xff, 
0x85, 0xb0, 0xb7, 0xff, 0x85, 0xb0, 0xb7, 0xff, 0x85, 0xb0, 0xb7, 0xff, 0x85, 0xaf, 0xb6, 0xff, 
0x85, 0xb0, 0xb7, 0xff, 0x85, 0xb0, 0xb7, 0xff, 0x85, 0xb0, 0xb6, 0xff, 0x85, 0xb0, 0xb7, 0xff, 
0x85, 0xb0, 0xb7, 0xff, 0x85, 0xb0, 0xb7, 0xff, 0x85, 0xb0, 0xb7, 0xff, 0x85, 0xb0, 0xb7, 0xff, 
0x85, 0xb0, 0xb7, 0xff, 0x85, 0xb0, 0xb7, 0xff, 0x85, 0xb0, 0xb7, 0xff, 0x85, 0xaf, 0xb6, 0xff, 
0x85, 0xb0, 0xb7, 0xff, 0x85, 0xb0, 0xb7, 0xff, 0x85, 0xb0, 0xb7, 0xff, 0x85, 0xb0, 0xb7, 0xff, 
0x85, 0xb0, 0xb7, 0xff, 0x85, 0xb0, 0xb7, 0xff, 0x85, 0xb0, 0xb7, 0xff, 0x85, 0xb0, 0xb7, 0xff, 
0x85, 0xb0, 0xb7, 0xff, 0x85, 0xb0, 0xb7, 0xff, 0x85, 0xb0, 0xb7, 0xff, 0x85, 0xb0, 0xb7, 0xff, 
0x85, 0xb0, 0xb7, 0xff, 0x85, 0xb0, 0xb7, 0xff, 0x85, 0xb0, 0xb7, 0xff, 0x85, 0xb0, 0xb7, 0xff, 
0x85, 0xb0, 0xb7, 0xff, 0x85, 0xb0, 0xb7, 0xff, 0x85, 0xb0, 0xb7, 0xff, 0x85, 0xb0, 0xb7, 0xff, 
0x85, 0xb0, 0xb7, 0xff, 0x85, 0xb0, 0xb7, 0xff, 0x85, 0xb0, 0xb7, 0xff, 0x85, 0xb0, 0xb7, 0xff, 
0x85, 0xb0, 0xb7, 0xff, 0x85, 0xb0, 0xb7, 0xff, 0x85, 0xb0, 0xb7, 0xff, 0x85, 0xb0, 0xb7, 0xff, 
0x85, 0xb0, 0xb7, 0xff, 0x85, 0xb0, 0xb7, 0xff, 0x85, 0xb0, 0xb7, 0xff, 0x85, 0xb0, 0xb7, 0xff, 
0x85, 0xb0, 0xb7, 0xff, 0x85, 0xb0, 0xb7, 0xff, 0x85, 0xb0, 0xb7, 0xff, 0x85, 0xb0, 0xb7, 0xff, 
0x85, 0xb0, 0xb7, 0xff, 0x85, 0xb0, 0xb7, 0xff, 0x85, 0xb0, 0xb7, 0xff, 0x85, 0xb0, 0xb7, 0xff, 
0x85, 0xb0, 0xb7, 0xff, 0x85, 0xb0, 0xb7, 0xff, 0x85, 0xb0, 0xb7, 0xff, 0x85, 0xb0, 0xb7, 0xff, 
0x85, 0xb0, 0xb7, 0xff, 0x85, 0xb0, 0xb7, 0xff, 0x85, 0xb0, 0xb7, 0xff, 0x85, 0xb0, 0xb7, 0xff, 
0x85, 0xb0, 0xb7, 0xff, 0x85, 0xb0, 0xb7, 0xff, 0x85, 0xb0, 0xb7, 0xff, 0x85, 0xb0, 0xb7, 0xff, 
0x85, 0xb0, 0xb7, 0xff, 0x85, 0xb0, 0xb7, 0xff, 0x85, 0xb0, 0xb7, 0xff, 0x85, 0xb0, 0xb7, 0xff, 
0x85, 0xb0, 0xb7, 0xff, 0x85, 0xb0, 0xb7, 0xff, 0x85, 0xb0, 0xb7, 0xff, 0x85, 0xb0, 0xb7, 0xff, 
0x85, 0xb0, 0xb7, 0xff, 0x85, 0xb0, 0xb7, 0xff, 0x85, 0xb0, 0xb7, 0xff, 0x85, 0xb0, 0xb7, 0xff, 
0x85, 0xb0, 0xb7, 0xff, 0x85, 0xb0, 0xb7, 0xff, 0x85, 0xb0, 0xb7, 0xff, 0x85, 0xb0, 0xb7, 0xff, 
0x85, 0xb0, 0xb7, 0xff, 0x85, 0xb0, 0xb7, 0xff, 0x85, 0xb0, 0xb7, 0xff, 0x85, 0xb0, 0xb7, 0xff, 
0x85, 0xb0, 0xb7, 0xff, 0x85, 0xb0, 0xb7, 0xff, 0x85, 0xb0, 0xb7, 0xff, 0x85, 0xb0, 0xb7, 0xff, 
0x85, 0xb0, 0xb7, 0xff, 0x85, 0xb0, 0xb7, 0xff, 0x85, 0xb0, 0xb7, 0xff, 0x85, 0xb0, 0xb7, 0xff, 
0x85, 0xb0, 0xb7, 0xff, 0x85, 0xb0, 0xb7, 0xff, 0x85, 0xb0, 0xb7, 0xff, 0x85, 0xb0, 0xb7, 0xff, 
0x85, 0xb0, 0xb7, 0xff, 0x85, 0xb0, 0xb7, 0xff, 0x85, 0xb0, 0xb7, 0xff, 0x85, 0xb0, 0xb7, 0xff, 
0x85, 0xb0, 0xb7, 0xff, 0x85, 0xb0, 0xb7, 0xff, 0x85, 0xb0, 0xb7, 0xff, 0x85, 0xb0, 0xb7, 0xff, 
0x85, 0xb0, 0xb7, 0xff, 0x85, 0xb0, 0xb7, 0xff, 0x85, 0xb0, 0xb7, 0xff, 0x85, 0xb0, 0xb7, 0xff, 
0x85, 0xb0, 0xb7, 0xff, 0x85, 0xb0, 0xb7, 0xff, 0x85, 0xb0, 0xb7, 0xff, 0x85, 0xb0, 0xb7, 0xff, 
0x85, 0xb0, 0xb7, 0xff, 0x85, 0xb0, 0xb7, 0xff, 0x85, 0xb0, 0xb7, 0xff, 0x85, 0xb0, 0xb7, 0xff, 
0x85, 0xb0, 0xb7, 0xff, 0x85, 0xb0, 0xb7, 0xff, 0x85, 0xb0, 0xb7, 0xff, 0x85, 0xb0, 0xb7, 0xff, 
0x85, 0xb0, 0xb7, 0xff, 0x85, 0xb0, 0xb7, 0xff, 0x85, 0xb0, 0xb7, 0xff, 0x85, 0xb0, 0xb7, 0xff, 
0x85, 0xb0, 0xb7, 0xff, 0x85, 0xb0, 0xb7, 0xff, 0x85, 0xb0, 0xb7, 0xff, 0x85, 0xb0, 0xb7, 0xff, 
0x85, 0xb0, 0xb7, 0xff, 0x85, 0xb0, 0xb7, 0xff, 0x85, 0xb0, 0xb7, 0xff, 0x85, 0xb0, 0xb7, 0xff, 
0x85, 0xb0, 0xb7, 0xff, 0x85, 0xb0, 0xb7, 0xff, 0x85, 0xb0, 0xb7, 0xff, 0x85, 0xb0, 0xb7, 0xff, 
0x85, 0xb0, 0xb7, 0xff, 0x85, 0xb0, 0xb7, 0xff, 0x85, 0xb0, 0xb7, 0xff, 0x85, 0xb0, 0xb7, 0xff, 
0x85, 0xb0, 0xb7, 0xff, 0x85, 0xb0, 0xb7, 0xff, 0x85, 0xb0, 0xb7, 0xff, 0x85, 0xb0, 0xb7, 0xff, 
0x85, 0xb0, 0xb7, 0xff, 0x85, 0xb0, 0xb7, 0xff, 0x85, 0xb0, 0xb7, 0xff, 0x85, 0xb0, 0xb7, 0xff, 
0x85, 0xb0, 0xb7, 0xff, 0x85, 0xb0, 0xb7, 0xff, 0x85, 0xb0, 0xb7, 0xff, 0x85, 0xb0, 0xb7, 0xff, 
0x85, 0xb0, 0xb7, 0xff, 0x85, 0xb0, 0xb7, 0xff, 0x85, 0xb0, 0xb7, 0xff, 0x85, 0xb0, 0xb7, 0xff, 
0x85, 0xb0, 0xb7, 0xff, 0x85, 0xb0, 0xb7, 0xff, 0x85, 0xb0, 0xb7, 0xff, 0x85, 0xb0, 0xb7, 0xff, 
0x85, 0xb0, 0xb7, 0xff, 0x85, 0xb0, 0xb7, 0xff, 0x85, 0xb0, 0xb7, 0xff, 0x85, 0xb0, 0xb7, 0xff, 
0x85, 0xb0, 0xb7, 0xff, 0x85, 0xb0, 0xb7, 0xff, 0x85, 0xb0, 0xb7, 0xff, 0x85, 0xb0, 0xb7, 0xff, 
0x85, 0xb0, 0xb7, 0xff, 0x85, 0xb0, 0xb7, 0xff, 0x85, 0xb0, 0xb7, 0xff, 0x85, 0xb0, 0xb7, 0xff, 
0x85, 0xb0, 0xb7, 0xff, 0x85, 0xb0, 0xb7, 0xff, 0x85, 0xb0, 0xb7, 0xff, 0x85, 0xb0, 0xb7, 0xff, 
0x85, 0xb0, 0xb7, 0xff, 0x85, 0xb0, 0xb7, 0xff, 0x85, 0xb0, 0xb7, 0xff, 0x85, 0xb0, 0xb7, 0xff, 
0x85, 0xb0, 0xb7, 0xff, 0x85, 0xb0, 0xb7, 0xff, 0x85, 0xb0, 0xb7, 0xff, 0x85, 0xb0, 0xb7, 0xff, 
0x85, 0xb0, 0xb7, 0xff, 0x85, 0xb0, 0xb7, 0xff, 0x85, 0xb0, 0xb7, 0xff, 0x85, 0xb0, 0xb7, 0xff, 
0x85, 0xb0, 0xb7, 0xff, 0x85, 0xb0, 0xb7, 0xff, 0x85, 0xb0, 0xb7, 0xff, 0x85, 0xb0, 0xb7, 0xff, 
0x85, 0xb0, 0xb7, 0xff, 0x85, 0xb0, 0xb7, 0xff, 0x85, 0xb0, 0xb7, 0xff, 0x85, 0xb0, 0xb7, 0xff, 
0x85, 0xb0, 0xb7, 0xff, 0x85, 0xb0, 0xb7, 0xff, 0x85, 0xb0, 0xb7, 0xff, 0x85, 0xb0, 0xb7, 0xff, 
0x85, 0xb0, 0xb7, 0xff, 0x85, 0xb0, 0xb7, 0xff, 0x85, 0xb0, 0xb7, 0xff, 0x85, 0xb0, 0xb7, 0xff, 
0x85, 0xb0, 0xb7, 0xff, 0x85, 0xb0, 0xb7, 0xff, 0x85, 0xb0, 0xb7, 0xff, 0x85, 0xb0, 0xb7, 0xff, 
0x85, 0xb0, 0xb7, 0xff, 0x85, 0xb0, 0xb7, 0xff, 0x85, 0xb0, 0xb7, 0xff, 0x85, 0xb0, 0xb7, 0xff, 
0x85, 0xb0, 0xb7, 0xff, 0x85, 0xb0, 0xb7, 0xff, 0x85, 0xb0, 0xb7, 0xff, 0x85, 0xb0, 0xb7, 0xff, 
0x85, 0xb0, 0xb7, 0xff, 0x85, 0xb0, 0xb7, 0xff, 0x85, 0xb0, 0xb7, 0xff, 0x85, 0xb0, 0xb7, 0xff, 
0x85, 0xb0, 0xb7, 0xff, 0x85, 0xb0, 0xb7, 0xff, 0x85, 0xb0, 0xb7, 0xff, 0x85, 0xb0, 0xb7, 0xff, 
0x85, 0xb0, 0xb7, 0xff, 0x85, 0xb0, 0xb7, 0xff, 0x85, 0xb0, 0xb7, 0xff, 0x85, 0xb0, 0xb7, 0xff, 
0x84, 0xaf, 0xb6, 0xff, 0x84, 0xaf, 0xb6, 0xff, 0x85, 0xb0, 0xb7, 0xff, 0x85, 0xb0, 0xb7, 0xff, 
0x85, 0xb0, 0xb7, 0xff, 0x85, 0xb0, 0xb7, 0xff, 0x85, 0xb0, 0xb7, 0xff, 0x85, 0xb0, 0xb7, 0xff, 
0x84, 0xaf, 0xb6, 0xff, 0x85, 0xb0, 0xb7, 0xff, 0x84, 0xaf, 0xb6, 0xff, 0x85, 0xb0, 0xb7, 0xff, 
0x85, 0xb0, 0xb7, 0xff, 0x84, 0xaf, 0xb6, 0xff, 0x84, 0xaf, 0xb6, 0xff, 0x84, 0xaf, 0xb6, 0xff, 
0x85, 0xb0, 0xb7, 0xff, 0x85, 0xb0, 0xb7, 0xff, 0x85, 0xb0, 0xb7, 0xff, 0x84, 0xaf, 0xb6, 0xff, 
0x85, 0xb0, 0xb7, 0xff, 0x85, 0xb0, 0xb7, 0xff, 0x85, 0xb0, 0xb7, 0xff, 0x84, 0xb0, 0xb6, 0xff, 
0x84, 0xaf, 0xb6, 0xff, 0x85, 0xb0, 0xb6, 0xff, 0x84, 0xaf, 0xb6, 0xff, 0x84, 0xaf, 0xb6, 0xff, 
0x85, 0xb0, 0xb7, 0xff, 0x84, 0xaf, 0xb6, 0xff, 0x84, 0xaf, 0xb6, 0xff, 0x84, 0xaf, 0xb6, 0xff, 
0x84, 0xaf, 0xb6, 0xff, 0x84, 0xaf, 0xb6, 0xff, 0x84, 0xaf, 0xb6, 0xff, 0x85, 0xb0, 0xb7, 0xff, 
0x84, 0xaf, 0xb6, 0xff, 0x84, 0xaf, 0xb6, 0xff, 0x84, 0xaf, 0xb6, 0xff, 0x84, 0xaf, 0xb6, 0xff, 
0x84, 0xaf, 0xb6, 0xff, 0x84, 0xaf, 0xb6, 0xff, 0x85, 0xb0, 0xb7, 0xff, 0x84, 0xaf, 0xb6, 0xff, 
0x85, 0xb0, 0xb7, 0xff, 0x85, 0xb0, 0xb7, 0xff, 0x85, 0xb0, 0xb7, 0xff, 0x85, 0xb0, 0xb7, 0xff, 
0x85, 0xb0, 0xb7, 0xff, 0x85, 0xb0, 0xb7, 0xff, 0x85, 0xb0, 0xb7, 0xff, 0x85, 0xb0, 0xb7, 0xff, 
0x85, 0xb0, 0xb7, 0xff, 0x85, 0xb0, 0xb7, 0xff, 0x85, 0xb0, 0xb7, 0xff, 0x85, 0xb0, 0xb7, 0xff, 
0x85, 0xb0, 0xb7, 0xff, 0x85, 0xb0, 0xb7, 0xff, 0x85, 0xb0, 0xb7, 0xff, 0x85, 0xb0, 0xb7, 0xff, 
0x85, 0xb0, 0xb7, 0xff, 0x85, 0xb0, 0xb7, 0xff, 0x85, 0xb0, 0xb7, 0xff, 0x85, 0xb0, 0xb7, 0xff, 
0x84, 0xaf, 0xb6, 0xff, 0x84, 0xaf, 0xb6, 0xff, 0x84, 0xb0, 0xb6, 0xff, 0x84, 0xb0, 0xb7, 0xff, 
0x84, 0xaf, 0xb6, 0xff, 0x84, 0xaf, 0xb6, 0xff, 0x84, 0xaf, 0xb6, 0xff, 0x84, 0xaf, 0xb6, 0xff, 
0x84, 0xaf, 0xb6, 0xff, 0x84, 0xb0, 0xb6, 0xff, 0x84, 0xaf, 0xb6, 0xff, 0x84, 0xaf, 0xb6, 0xff, 
0x84, 0xaf, 0xb6, 0xff, 0x85, 0xb0, 0xb7, 0xff, 0x85, 0xb0, 0xb7, 0xff, 0x85, 0xb0, 0xb7, 0xff, 
0x85, 0xb0, 0xb7, 0xff, 0x85, 0xb0, 0xb6, 0xff, 0x85, 0xb0, 0xb6, 0xff, 0x85, 0xb0, 0xb7, 0xff, 
0x85, 0xb0, 0xb7, 0xff, 0x85, 0xb0, 0xb7, 0xff, 0x84, 0xb0, 0xb6, 0xff, 0x85, 0xb0, 0xb7, 0xff, 
0x85, 0xb0, 0xb7, 0xff, 0x84, 0xaf, 0xb6, 0xff, 0x85, 0xb0, 0xb7, 0xff, 0x85, 0xb0, 0xb7, 0xff, 
0x85, 0xb0, 0xb7, 0xff, 0x85, 0xb0, 0xb7, 0xff, 0x84, 0xaf, 0xb6, 0xff, 0x85, 0xb0, 0xb7, 0xff, 
0x85, 0xb0, 0xb7, 0xff, 0x85, 0xb0, 0xb7, 0xff, 0x85, 0xb0, 0xb7, 0xff, 0x85, 0xb0, 0xb7, 0xff, 
0x85, 0xb0, 0xb7, 0xff, 0x85, 0xb0, 0xb7, 0xff, 0x84, 0xaf, 0xb6, 0xff, 0x84, 0xaf, 0xb6, 0xff, 
0x85, 0xb0, 0xb7, 0xff, 0x85, 0xb0, 0xb7, 0xff, 0x85, 0xb0, 0xb7, 0xff, 0x85, 0xb0, 0xb7, 0xff, 
0x85, 0xb0, 0xb7, 0xff, 0x85, 0xb0, 0xb7, 0xff, 0x85, 0xb0, 0xb7, 0xff, 0x85, 0xb0, 0xb7, 0xff, 
0x85, 0xb0, 0xb7, 0xff, 0x85, 0xb0, 0xb7, 0xff, 0x85, 0xb0, 0xb7, 0xff, 0x85, 0xb0, 0xb7, 0xff, 
0x85, 0xb0, 0xb7, 0xff, 0x85, 0xb0, 0xb7, 0xff, 0x85, 0xb0, 0xb7, 0xff, 0x85, 0xb0, 0xb7, 0xff, 
0x85, 0xb0, 0xb7, 0xff, 0x85, 0xb0, 0xb7, 0xff, 0x85, 0xb0, 0xb7, 0xff, 0x85, 0xb0, 0xb7, 0xff, 
0x85, 0xb0, 0xb7, 0xff, 0x85, 0xb0, 0xb7, 0xff, 0x85, 0xb0, 0xb7, 0xff, 0x85, 0xb0, 0xb7, 0xff, 
0x85, 0xb0, 0xb7, 0xff, 0x85, 0xb0, 0xb7, 0xff, 0x85, 0xb0, 0xb7, 0xff, 0x85, 0xb0, 0xb7, 0xff, 
0x85, 0xb0, 0xb7, 0xff, 0x85, 0xb0, 0xb7, 0xff, 0x85, 0xb0, 0xb7, 0xff, 0x85, 0xb0, 0xb7, 0xff, 
0x85, 0xb0, 0xb7, 0xff, 0x85, 0xb0, 0xb7, 0xff, 0x85, 0xb0, 0xb7, 0xff, 0x85, 0xb0, 0xb7, 0xff, 
0x85, 0xb0, 0xb7, 0xff, 0x85, 0xb0, 0xb7, 0xff, 0x84, 0xaf, 0xb6, 0xff, 0x85, 0xb0, 0xb7, 0xff, 
0x85, 0xb0, 0xb7, 0xff, 0x84, 0xb0, 0xb6, 0xff, 0x85, 0xb0, 0xb7, 0xff, 0x85, 0xb0, 0xb7, 0xff, 
0x84, 0xb0, 0xb6, 0xff, 0x85, 0xb0, 0xb6, 0xff, 0x85, 0xb0, 0xb7, 0xff, 0x85, 0xb0, 0xb7, 0xff, 
0x85, 0xb0, 0xb7, 0xff, 0x85, 0xb0, 0xb7, 0xff, 0x85, 0xb0, 0xb6, 0xff, 0x85, 0xb0, 0xb7, 0xff, 
0x85, 0xb0, 0xb7, 0xff, 0x85, 0xb0, 0xb7, 0xff, 0x85, 0xb0, 0xb7, 0xff, 0x85, 0xb0, 0xb7, 0xff, 
0x85, 0xb0, 0xb7, 0xff, 0x85, 0xb0, 0xb7, 0xff, 0x85, 0xb0, 0xb7, 0xff, 0x85, 0xb0, 0xb7, 0xff, 
0x85, 0xb0, 0xb7, 0xff, 0x85, 0xb0, 0xb7, 0xff, 0x85, 0xb0, 0xb7, 0xff, 0x85, 0xb0, 0xb7, 0xff, 
0x85, 0xb0, 0xb7, 0xff, 0x85, 0xb0, 0xb7, 0xff, 0x85, 0xb0, 0xb7, 0xff, 0x85, 0xb0, 0xb7, 0xff, 
0x85, 0xb0, 0xb7, 0xff, 0x85, 0xb0, 0xb7, 0xff, 0x85, 0xb0, 0xb7, 0xff, 0x85, 0xb0, 0xb7, 0xff, 
0x85, 0xb0, 0xb7, 0xff, 0x85, 0xb0, 0xb7, 0xff, 0x85, 0xb0, 0xb7, 0xff, 0x85, 0xb0, 0xb7, 0xff, 
0x85, 0xb0, 0xb7, 0xff, 0x85, 0xb0, 0xb7, 0xff, 0x85, 0xb0, 0xb7, 0xff, 0x85, 0xb0, 0xb7, 0xff, 
0x85, 0xb0, 0xb7, 0xff, 0x85, 0xb0, 0xb7, 0xff, 0x85, 0xb0, 0xb7, 0xff, 0x85, 0xb0, 0xb7, 0xff, 
0x85, 0xb0, 0xb7, 0xff, 0x85, 0xb0, 0xb7, 0xff, 0x85, 0xb0, 0xb7, 0xff, 0x85, 0xb0, 0xb7, 0xff, 
0x85, 0xb0, 0xb7, 0xff, 0x85, 0xb0, 0xb7, 0xff, 0x85, 0xb0, 0xb7, 0xff, 0x85, 0xb0, 0xb7, 0xff, 
0x85, 0xb0, 0xb7, 0xff, 0x85, 0xb0, 0xb7, 0xff, 0x85, 0xb0, 0xb7, 0xff, 0x85, 0xb0, 0xb7, 0xff, 
0x85, 0xb0, 0xb7, 0xff, 0x85, 0xb0, 0xb7, 0xff, 0x85, 0xb0, 0xb7, 0xff, 0x85, 0xb0, 0xb7, 0xff, 
0x85, 0xb0, 0xb7, 0xff, 0x85, 0xb0, 0xb7, 0xff, 0x85, 0xb0, 0xb7, 0xff, 0x85, 0xb0, 0xb7, 0xff, 
0x85, 0xb0, 0xb7, 0xff, 0x85, 0xb0, 0xb7, 0xff, 0x85, 0xb0, 0xb7, 0xff, 0x85, 0xb0, 0xb7, 0xff, 
0x85, 0xb0, 0xb7, 0xff, 0x85, 0xb0, 0xb7, 0xff, 0x85, 0xb0, 0xb7, 0xff, 0x85, 0xb0, 0xb7, 0xff, 
0x85, 0xb0, 0xb7, 0xff, 0x85, 0xb0, 0xb7, 0xff, 0x85, 0xb0, 0xb7, 0xff, 0x85, 0xb0, 0xb7, 0xff, 
0x85, 0xb0, 0xb7, 0xff, 0x85, 0xb0, 0xb7, 0xff, 0x85, 0xb0, 0xb7, 0xff, 0x85, 0xb0, 0xb7, 0xff, 
0x85, 0xb0, 0xb7, 0xff, 0x85, 0xb0, 0xb7, 0xff, 0x85, 0xb0, 0xb7, 0xff, 0x85, 0xb0, 0xb7, 0xff, 
0x85, 0xb0, 0xb7, 0xff, 0x85, 0xb0, 0xb7, 0xff, 0x85, 0xb0, 0xb7, 0xff, 0x85, 0xb0, 0xb7, 0xff, 
0x85, 0xb0, 0xb7, 0xff, 0x85, 0xb0, 0xb7, 0xff, 0x85, 0xb0, 0xb7, 0xff, 0x85, 0xb0, 0xb7, 0xff, 
0x85, 0xb0, 0xb7, 0xff, 0x85, 0xb0, 0xb7, 0xff, 0x85, 0xb0, 0xb7, 0xff, 0x85, 0xb0, 0xb7, 0xff, 
0x85, 0xb0, 0xb7, 0xff, 0x85, 0xb0, 0xb7, 0xff, 0x85, 0xb0, 0xb7, 0xff, 0x85, 0xb0, 0xb7, 0xff, 
0x83, 0xae, 0xb5, 0xff, 0x83, 0xae, 0xb5, 0xff, 0x83, 0xae, 0xb5, 0xff, 0x83, 0xae, 0xb5, 0xff, 
0x83, 0xae, 0xb5, 0xff, 0x83, 0xae, 0xb5, 0xff, 0x83, 0xae, 0xb5, 0xff, 0x83, 0xae, 0xb5, 0xff, 
0x83, 0xae, 0xb5, 0xff, 0x83, 0xae, 0xb5, 0xff, 0x83, 0xae, 0xb5, 0xff, 0x83, 0xae, 0xb5, 0xff, 
0x83, 0xae, 0xb5, 0xff, 0x83, 0xae, 0xb5, 0xff, 0x83, 0xae, 0xb5, 0xff, 0x83, 0xae, 0xb5, 0xff, 
0x83, 0xae, 0xb5, 0xff, 0x83, 0xae, 0xb5, 0xff, 0x83, 0xae, 0xb5, 0xff, 0x83, 0xae, 0xb5, 0xff, 
0x83, 0xae, 0xb5, 0xff, 0x83, 0xae, 0xb5, 0xff, 0x83, 0xae, 0xb5, 0xff, 0x83, 0xae, 0xb5, 0xff, 
0x83, 0xae, 0xb5, 0xff, 0x83, 0xae, 0xb5, 0xff, 0x83, 0xae, 0xb5, 0xff, 0x84, 0xaf, 0xb6, 0xff, 
0x83, 0xae, 0xb5, 0xff, 0x83, 0xae, 0xb5, 0xff, 0x83, 0xae, 0xb5, 0xff, 0x83, 0xae, 0xb5, 0xff, 
0x84, 0xae, 0xb6, 0xff, 0x84, 0xaf, 0xb5, 0xff, 0x84, 0xaf, 0xb6, 0xff, 0x83, 0xae, 0xb5, 0xff, 
0x83, 0xae, 0xb5, 0xff, 0x83, 0xae, 0xb5, 0xff, 0x83, 0xae, 0xb5, 0xff, 0x84, 0xae, 0xb6, 0xff, 
0x84, 0xaf, 0xb6, 0xff, 0x83, 0xae, 0xb5, 0xff, 0x83, 0xae, 0xb5, 0xff, 0x83, 0xae, 0xb5, 0xff, 
0x83, 0xae, 0xb5, 0xff, 0x83, 0xae, 0xb5, 0xff, 0x83, 0xae, 0xb5, 0xff, 0x84, 0xaf, 0xb6, 0xff, 
0x83, 0xae, 0xb5, 0xff, 0x83, 0xae, 0xb5, 0xff, 0x84, 0xaf, 0xb6, 0xff, 0x83, 0xae, 0xb5, 0xff, 
0x84, 0xae, 0xb5, 0xff, 0x83, 0xae, 0xb5, 0xff, 0x83, 0xae, 0xb5, 0xff, 0x84, 0xaf, 0xb6, 0xff, 
0x83, 0xae, 0xb5, 0xff, 0x84, 0xae, 0xb5, 0xff, 0x84, 0xae, 0xb5, 0xff, 0x84, 0xae, 0xb5, 0xff, 
0x83, 0xae, 0xb5, 0xff, 0x83, 0xae, 0xb5, 0xff, 0x83, 0xae, 0xb5, 0xff, 0x83, 0xae, 0xb5, 0xff, 
0x84, 0xae, 0xb5, 0xff, 0x84, 0xae, 0xb5, 0xff, 0x84, 0xae, 0xb5, 0xff, 0x84, 0xae, 0xb5, 0xff, 
0x83, 0xae, 0xb5, 0xff, 0x83, 0xae, 0xb5, 0xff, 0x83, 0xae, 0xb5, 0xff, 0x84, 0xae, 0xb5, 0xff, 
0x83, 0xae, 0xb5, 0xff, 0x83, 0xae, 0xb5, 0xff, 0x83, 0xae, 0xb5, 0xff, 0x83, 0xae, 0xb5, 0xff, 
0x83, 0xae, 0xb5, 0xff, 0x83, 0xae, 0xb5, 0xff, 0x84, 0xae, 0xb5, 0xff, 0x83, 0xae, 0xb5, 0xff, 
0x83, 0xae, 0xb5, 0xff, 0x84, 0xaf, 0xb6, 0xff, 0x84, 0xae, 0xb5, 0xff, 0x84, 0xaf, 0xb6, 0xff, 
0x84, 0xaf, 0xb6, 0xff, 0x83, 0xae, 0xb5, 0xff, 0x84, 0xaf, 0xb6, 0xff, 0x84, 0xae, 0xb6, 0xff, 
0x84, 0xaf, 0xb6, 0xff, 0x83, 0xae, 0xb5, 0xff, 0x83, 0xae, 0xb5, 0xff, 0x83, 0xae, 0xb5, 0xff, 
0x83, 0xae, 0xb5, 0xff, 0x83, 0xae, 0xb6, 0xff, 0x83, 0xae, 0xb5, 0xff, 0x83, 0xae, 0xb5, 0xff, 
0x83, 0xae, 0xb5, 0xff, 0x83, 0xae, 0xb5, 0xff, 0x83, 0xae, 0xb5, 0xff, 0x83, 0xae, 0xb5, 0xff, 
0x83, 0xae, 0xb5, 0xff, 0x83, 0xae, 0xb5, 0xff, 0x83, 0xae, 0xb5, 0xff, 0x83, 0xae, 0xb5, 0xff, 
0x83, 0xae, 0xb5, 0xff, 0x83, 0xae, 0xb5, 0xff, 0x83, 0xae, 0xb5, 0xff, 0x83, 0xae, 0xb5, 0xff, 
0x83, 0xae, 0xb5, 0xff, 0x83, 0xae, 0xb5, 0xff, 0x83, 0xae, 0xb5, 0xff, 0x83, 0xae, 0xb5, 0xff, 
0x83, 0xae, 0xb5, 0xff, 0x83, 0xae, 0xb5, 0xff, 0x83, 0xae, 0xb5, 0xff, 0x83, 0xae, 0xb5, 0xff, 
0x83, 0xae, 0xb5, 0xff, 0x83, 0xae, 0xb5, 0xff, 0x83, 0xae, 0xb5, 0xff, 0x83, 0xae, 0xb5, 0xff, 
0x83, 0xae, 0xb5, 0xff, 0x83, 0xae, 0xb5, 0xff, 0x83, 0xae, 0xb5, 0xff, 0x83, 0xae, 0xb5, 0xff, 
0x83, 0xae, 0xb5, 0xff, 0x83, 0xae, 0xb5, 0xff, 0x83, 0xae, 0xb5, 0xff, 0x83, 0xae, 0xb5, 0xff, 
0x83, 0xae, 0xb5, 0xff, 0x83, 0xae, 0xb5, 0xff, 0x83, 0xae, 0xb5, 0xff, 0x83, 0xae, 0xb5, 0xff, 
0x83, 0xae, 0xb5, 0xff, 0x83, 0xae, 0xb5, 0xff, 0x83, 0xae, 0xb5, 0xff, 0x83, 0xae, 0xb5, 0xff, 
0x83, 0xae, 0xb5, 0xff, 0x83, 0xae, 0xb5, 0xff, 0x83, 0xae, 0xb5, 0xff, 0x83, 0xae, 0xb5, 0xff, 
0x83, 0xae, 0xb5, 0xff, 0x83, 0xae, 0xb5, 0xff, 0x83, 0xae, 0xb5, 0xff, 0x83, 0xae, 0xb5, 0xff, 
0x83, 0xae, 0xb5, 0xff, 0x83, 0xae, 0xb5, 0xff, 0x83, 0xae, 0xb5, 0xff, 0x83, 0xae, 0xb5, 0xff, 
0x83, 0xae, 0xb5, 0xff, 0x83, 0xae, 0xb5, 0xff, 0x83, 0xae, 0xb5, 0xff, 0x83, 0xae, 0xb5, 0xff, 
0x83, 0xae, 0xb5, 0xff, 0x83, 0xae, 0xb5, 0xff, 0x83, 0xae, 0xb5, 0xff, 0x83, 0xae, 0xb5, 0xff, 
0x83, 0xae, 0xb5, 0xff, 0x83, 0xae, 0xb5, 0xff, 0x83, 0xae, 0xb5, 0xff, 0x83, 0xae, 0xb5, 0xff, 
0x84, 0xae, 0xb6, 0xff, 0x83, 0xae, 0xb5, 0xff, 0x83, 0xae, 0xb5, 0xff, 0x83, 0xae, 0xb5, 0xff, 
0x83, 0xae, 0xb5, 0xff, 0x83, 0xae, 0xb5, 0xff, 0x83, 0xae, 0xb5, 0xff, 0x83, 0xae, 0xb5, 0xff, 
0x83, 0xae, 0xb5, 0xff, 0x83, 0xae, 0xb5, 0xff, 0x83, 0xae, 0xb5, 0xff, 0x83, 0xae, 0xb5, 0xff, 
0x83, 0xae, 0xb5, 0xff, 0x84, 0xae, 0xb5, 0xff, 0x83, 0xae, 0xb5, 0xff, 0x83, 0xae, 0xb5, 0xff, 
0x83, 0xae, 0xb5, 0xff, 0x83, 0xae, 0xb5, 0xff, 0x83, 0xae, 0xb5, 0xff, 0x83, 0xae, 0xb5, 0xff, 
0x83, 0xae, 0xb5, 0xff, 0x83, 0xae, 0xb5, 0xff, 0x83, 0xae, 0xb5, 0xff, 0x83, 0xae, 0xb5, 0xff, 
0x83, 0xae, 0xb5, 0xff, 0x83, 0xae, 0xb5, 0xff, 0x83, 0xae, 0xb5, 0xff, 0x83, 0xae, 0xb5, 0xff, 
0x83, 0xae, 0xb5, 0xff, 0x83, 0xae, 0xb5, 0xff, 0x83, 0xae, 0xb5, 0xff, 0x83, 0xae, 0xb5, 0xff, 
0x83, 0xae, 0xb5, 0xff, 0x83, 0xae, 0xb5, 0xff, 0x83, 0xae, 0xb5, 0xff, 0x83, 0xae, 0xb5, 0xff, 
0x83, 0xae, 0xb5, 0xff, 0x83, 0xae, 0xb5, 0xff, 0x83, 0xae, 0xb5, 0xff, 0x83, 0xae, 0xb5, 0xff, 
0x83, 0xae, 0xb5, 0xff, 0x83, 0xae, 0xb5, 0xff, 0x83, 0xae, 0xb5, 0xff, 0x83, 0xae, 0xb5, 0xff, 
0x83, 0xae, 0xb5, 0xff, 0x83, 0xae, 0xb5, 0xff, 0x83, 0xae, 0xb5, 0xff, 0x83, 0xae, 0xb5, 0xff, 
0x83, 0xae, 0xb5, 0xff, 0x83, 0xae, 0xb5, 0xff, 0x83, 0xae, 0xb5, 0xff, 0x83, 0xae, 0xb5, 0xff, 
0x83, 0xae, 0xb5, 0xff, 0x83, 0xae, 0xb5, 0xff, 0x83, 0xae, 0xb5, 0xff, 0x83, 0xae, 0xb5, 0xff, 
0x83, 0xae, 0xb5, 0xff, 0x83, 0xae, 0xb5, 0xff, 0x83, 0xae, 0xb5, 0xff, 0x83, 0xae, 0xb5, 0xff, 
0x83, 0xae, 0xb5, 0xff, 0x83, 0xae, 0xb5, 0xff, 0x83, 0xae, 0xb5, 0xff, 0x83, 0xae, 0xb5, 0xff, 
0x83, 0xae, 0xb5, 0xff, 0x83, 0xae, 0xb5, 0xff, 0x83, 0xae, 0xb5, 0xff, 0x83, 0xae, 0xb5, 0xff, 
0x83, 0xae, 0xb5, 0xff, 0x83, 0xae, 0xb5, 0xff, 0x83, 0xae, 0xb5, 0xff, 0x83, 0xae, 0xb5, 0xff, 
0x83, 0xae, 0xb5, 0xff, 0x83, 0xae, 0xb5, 0xff, 0x83, 0xae, 0xb5, 0xff, 0x83, 0xae, 0xb5, 0xff, 
0x83, 0xae, 0xb5, 0xff, 0x83, 0xae, 0xb5, 0xff, 0x83, 0xae, 0xb5, 0xff, 0x83, 0xae, 0xb5, 0xff, 
0x83, 0xae, 0xb5, 0xff, 0x83, 0xae, 0xb5, 0xff, 0x83, 0xae, 0xb5, 0xff, 0x83, 0xae, 0xb5, 0xff, 
0x83, 0xae, 0xb5, 0xff, 0x83, 0xae, 0xb5, 0xff, 0x83, 0xae, 0xb5, 0xff, 0x83, 0xae, 0xb5, 0xff, 
0x83, 0xae, 0xb5, 0xff, 0x83, 0xae, 0xb5, 0xff, 0x83, 0xae, 0xb5, 0xff, 0x83, 0xae, 0xb5, 0xff, 
0x83, 0xae, 0xb5, 0xff, 0x83, 0xae, 0xb5, 0xff, 0x83, 0xae, 0xb5, 0xff, 0x83, 0xae, 0xb5, 0xff, 
0x83, 0xae, 0xb5, 0xff, 0x83, 0xae, 0xb5, 0xff, 0x83, 0xae, 0xb5, 0xff, 0x83, 0xae, 0xb5, 0xff, 
0x83, 0xae, 0xb5, 0xff, 0x83, 0xae, 0xb5, 0xff, 0x83, 0xae, 0xb5, 0xff, 0x83, 0xae, 0xb5, 0xff, 
0x83, 0xae, 0xb5, 0xff, 0x83, 0xae, 0xb5, 0xff, 0x83, 0xae, 0xb5, 0xff, 0x83, 0xae, 0xb5, 0xff, 
0x83, 0xae, 0xb5, 0xff, 0x83, 0xae, 0xb5, 0xff, 0x83, 0xae, 0xb5, 0xff, 0x83, 0xae, 0xb5, 0xff, 
0x83, 0xae, 0xb5, 0xff, 0x83, 0xae, 0xb5, 0xff, 0x83, 0xae, 0xb5, 0xff, 0x83, 0xae, 0xb5, 0xff, 
0x83, 0xae, 0xb5, 0xff, 0x83, 0xae, 0xb5, 0xff, 0x83, 0xae, 0xb5, 0xff, 0x83, 0xae, 0xb5, 0xff, 
0x83, 0xae, 0xb5, 0xff, 0x83, 0xae, 0xb5, 0xff, 0x83, 0xae, 0xb5, 0xff, 0x83, 0xae, 0xb5, 0xff, 
0x83, 0xae, 0xb5, 0xff, 0x83, 0xae, 0xb5, 0xff, 0x83, 0xae, 0xb5, 0xff, 0x83, 0xae, 0xb5, 0xff, 
0x83, 0xae, 0xb5, 0xff, 0x83, 0xae, 0xb5, 0xff, 0x83, 0xae, 0xb5, 0xff, 0x83, 0xae, 0xb5, 0xff, 
0x83, 0xae, 0xb5, 0xff, 0x83, 0xae, 0xb5, 0xff, 0x83, 0xae, 0xb5, 0xff, 0x83, 0xae, 0xb5, 0xff, 
0x83, 0xae, 0xb5, 0xff, 0x83, 0xae, 0xb5, 0xff, 0x83, 0xae, 0xb5, 0xff, 0x83, 0xae, 0xb5, 0xff, 
0x83, 0xae, 0xb5, 0xff, 0x83, 0xae, 0xb5, 0xff, 0x83, 0xae, 0xb5, 0xff, 0x83, 0xae, 0xb5, 0xff, 
0x83, 0xae, 0xb5, 0xff, 0x83, 0xae, 0xb5, 0xff, 0x83, 0xae, 0xb5, 0xff, 0x83, 0xae, 0xb5, 0xff, 
0x83, 0xae, 0xb5, 0xff, 0x83, 0xae, 0xb5, 0xff, 0x83, 0xae, 0xb5, 0xff, 0x83, 0xae, 0xb5, 0xff, 
0x83, 0xae, 0xb5, 0xff, 0x83, 0xae, 0xb5, 0xff, 0x83, 0xae, 0xb5, 0xff, 0x83, 0xae, 0xb5, 0xff, 
0x83, 0xae, 0xb5, 0xff, 0x83, 0xae, 0xb5, 0xff, 0x83, 0xae, 0xb5, 0xff, 0x83, 0xae, 0xb5, 0xff, 
0x83, 0xae, 0xb5, 0xff, 0x83, 0xae, 0xb5, 0xff, 0x83, 0xae, 0xb5, 0xff, 0x83, 0xae, 0xb5, 0xff, 
0x83, 0xae, 0xb5, 0xff, 0x83, 0xae, 0xb5, 0xff, 0x83, 0xae, 0xb5, 0xff, 0x83, 0xae, 0xb5, 0xff, 
0x83, 0xae, 0xb5, 0xff, 0x83, 0xae, 0xb5, 0xff, 0x83, 0xae, 0xb5, 0xff, 0x83, 0xae, 0xb5, 0xff, 
0x83, 0xae, 0xb5, 0xff, 0x83, 0xae, 0xb5, 0xff, 0x83, 0xae, 0xb5, 0xff, 0x83, 0xae, 0xb5, 0xff, 
0x83, 0xae, 0xb5, 0xff, 0x83, 0xae, 0xb5, 0xff, 0x83, 0xae, 0xb5, 0xff, 0x83, 0xae, 0xb5, 0xff, 
0x83, 0xae, 0xb5, 0xff, 0x83, 0xae, 0xb5, 0xff, 0x83, 0xae, 0xb5, 0xff, 0x83, 0xae, 0xb5, 0xff, 
0x83, 0xae, 0xb5, 0xff, 0x83, 0xae, 0xb5, 0xff, 0x83, 0xae, 0xb5, 0xff, 0x83, 0xae, 0xb5, 0xff, 
0x83, 0xae, 0xb5, 0xff, 0x83, 0xae, 0xb5, 0xff, 0x83, 0xae, 0xb5, 0xff, 0x83, 0xae, 0xb5, 0xff, 
0x83, 0xae, 0xb5, 0xff, 0x83, 0xae, 0xb5, 0xff, 0x83, 0xae, 0xb5, 0xff, 0x83, 0xae, 0xb5, 0xff, 
0x83, 0xae, 0xb5, 0xff, 0x83, 0xae, 0xb5, 0xff, 0x83, 0xae, 0xb5, 0xff, 0x83, 0xae, 0xb5, 0xff, 
0x83, 0xae, 0xb5, 0xff, 0x83, 0xae, 0xb5, 0xff, 0x83, 0xae, 0xb5, 0xff, 0x83, 0xae, 0xb5, 0xff, 
0x83, 0xae, 0xb5, 0xff, 0x83, 0xae, 0xb5, 0xff, 0x83, 0xae, 0xb5, 0xff, 0x83, 0xae, 0xb5, 0xff, 
0x83, 0xae, 0xb5, 0xff, 0x83, 0xae, 0xb5, 0xff, 0x83, 0xae, 0xb5, 0xff, 0x83, 0xae, 0xb5, 0xff, 
0x83, 0xae, 0xb5, 0xff, 0x83, 0xae, 0xb5, 0xff, 0x83, 0xae, 0xb5, 0xff, 0x83, 0xae, 0xb5, 0xff, 
0x83, 0xae, 0xb5, 0xff, 0x83, 0xae, 0xb5, 0xff, 0x83, 0xae, 0xb5, 0xff, 0x83, 0xae, 0xb5, 0xff, 
0x83, 0xae, 0xb5, 0xff, 0x83, 0xae, 0xb5, 0xff, 0x83, 0xae, 0xb5, 0xff, 0x83, 0xae, 0xb5, 0xff, 
0x83, 0xae, 0xb5, 0xff, 0x83, 0xae, 0xb5, 0xff, 0x83, 0xae, 0xb5, 0xff, 0x83, 0xae, 0xb5, 0xff, 
0x83, 0xae, 0xb5, 0xff, 0x83, 0xae, 0xb5, 0xff, 0x83, 0xae, 0xb5, 0xff, 0x83, 0xae, 0xb5, 0xff, 
0x83, 0xae, 0xb5, 0xff, 0x83, 0xae, 0xb5, 0xff, 0x83, 0xae, 0xb5, 0xff, 0x83, 0xae, 0xb5, 0xff, 
0x83, 0xae, 0xb5, 0xff, 0x83, 0xae, 0xb5, 0xff, 0x83, 0xae, 0xb5, 0xff, 0x83, 0xae, 0xb5, 0xff, 
0x83, 0xae, 0xb5, 0xff, 0x83, 0xae, 0xb5, 0xff, 0x83, 0xae, 0xb5, 0xff, 0x83, 0xae, 0xb5, 0xff, 
0x83, 0xae, 0xb5, 0xff, 0x83, 0xae, 0xb5, 0xff, 0x83, 0xae, 0xb5, 0xff, 0x83, 0xae, 0xb5, 0xff, 
0x83, 0xae, 0xb5, 0xff, 0x83, 0xae, 0xb5, 0xff, 0x83, 0xae, 0xb5, 0xff, 0x83, 0xae, 0xb5, 0xff, 
0x83, 0xae, 0xb5, 0xff, 0x83, 0xae, 0xb5, 0xff, 0x83, 0xae, 0xb5, 0xff, 0x83, 0xae, 0xb5, 0xff, 
0x83, 0xae, 0xb5, 0xff, 0x83, 0xae, 0xb5, 0xff, 0x83, 0xae, 0xb5, 0xff, 0x83, 0xae, 0xb5, 0xff, 
0x83, 0xae, 0xb5, 0xff, 0x83, 0xae, 0xb5, 0xff, 0x83, 0xae, 0xb5, 0xff, 0x83, 0xae, 0xb5, 0xff, 
0x83, 0xae, 0xb5, 0xff, 0x83, 0xae, 0xb5, 0xff, 0x83, 0xae, 0xb5, 0xff, 0x83, 0xae, 0xb5, 0xff, 
0x83, 0xae, 0xb5, 0xff, 0x83, 0xae, 0xb5, 0xff, 0x83, 0xae, 0xb5, 0xff, 0x83, 0xae, 0xb5, 0xff, 
0x83, 0xae, 0xb5, 0xff, 0x83, 0xae, 0xb5, 0xff, 0x83, 0xae, 0xb5, 0xff, 0x83, 0xae, 0xb5, 0xff, 
0x83, 0xae, 0xb5, 0xff, 0x83, 0xae, 0xb5, 0xff, 0x83, 0xae, 0xb5, 0xff, 0x83, 0xae, 0xb5, 0xff, 
0x83, 0xae, 0xb5, 0xff, 0x83, 0xae, 0xb5, 0xff, 0x83, 0xae, 0xb5, 0xff, 0x83, 0xae, 0xb5, 0xff, 
0x83, 0xae, 0xb5, 0xff, 0x83, 0xae, 0xb5, 0xff, 0x83, 0xae, 0xb5, 0xff, 0x83, 0xae, 0xb5, 0xff, 
0x83, 0xae, 0xb5, 0xff, 0x83, 0xae, 0xb5, 0xff, 0x83, 0xae, 0xb5, 0xff, 0x83, 0xae, 0xb5, 0xff, 
0x83, 0xae, 0xb5, 0xff, 0x83, 0xae, 0xb5, 0xff, 0x83, 0xae, 0xb5, 0xff, 0x83, 0xae, 0xb5, 0xff, 
0x83, 0xae, 0xb5, 0xff, 0x83, 0xae, 0xb5, 0xff, 0x83, 0xae, 0xb5, 0xff, 0x83, 0xae, 0xb5, 0xff, 
0x83, 0xae, 0xb5, 0xff, 0x83, 0xae, 0xb5, 0xff, 0x83, 0xae, 0xb5, 0xff, 0x83, 0xae, 0xb5, 0xff, 
0x83, 0xae, 0xb5, 0xff, 0x83, 0xae, 0xb5, 0xff, 0x83, 0xae, 0xb5, 0xff, 0x83, 0xae, 0xb5, 0xff, 
0x83, 0xae, 0xb5, 0xff, 0x83, 0xae, 0xb5, 0xff, 0x83, 0xae, 0xb5, 0xff, 0x83, 0xae, 0xb5, 0xff, 
0x83, 0xae, 0xb5, 0xff, 0x83, 0xae, 0xb5, 0xff, 0x83, 0xae, 0xb5, 0xff, 0x83, 0xae, 0xb5, 0xff, 
0x83, 0xae, 0xb5, 0xff, 0x83, 0xae, 0xb5, 0xff, 0x83, 0xae, 0xb5, 0xff, 0x83, 0xae, 0xb5, 0xff, 
0x83, 0xae, 0xb5, 0xff, 0x83, 0xae, 0xb5, 0xff, 0x83, 0xae, 0xb5, 0xff, 0x83, 0xae, 0xb5, 0xff, 
0x83, 0xae, 0xb5, 0xff, 0x83, 0xae, 0xb5, 0xff, 0x83, 0xae, 0xb5, 0xff, 0x83, 0xae, 0xb5, 0xff, 
0x83, 0xae, 0xb5, 0xff, 0x83, 0xae, 0xb5, 0xff, 0x83, 0xae, 0xb5, 0xff, 0x83, 0xae, 0xb5, 0xff, 
0x83, 0xae, 0xb5, 0xff, 0x83, 0xae, 0xb5, 0xff, 0x83, 0xae, 0xb5, 0xff, 0x83, 0xae, 0xb5, 0xff, 
0x83, 0xae, 0xb5, 0xff, 0x83, 0xae, 0xb5, 0xff, 0x83, 0xae, 0xb5, 0xff, 0x83, 0xae, 0xb5, 0xff, 
0x83, 0xae, 0xb5, 0xff, 0x83, 0xae, 0xb5, 0xff, 0x83, 0xae, 0xb5, 0xff, 0x83, 0xae, 0xb5, 0xff, 
0x83, 0xae, 0xb5, 0xff, 0x83, 0xae, 0xb5, 0xff, 0x83, 0xae, 0xb5, 0xff, 0x83, 0xae, 0xb5, 0xff, 
0x83, 0xae, 0xb5, 0xff, 0x83, 0xae, 0xb5, 0xff, 0x83, 0xae, 0xb5, 0xff, 0x83, 0xae, 0xb5, 0xff, 
0x82, 0xad, 0xb4, 0xff, 0x82, 0xad, 0xb4, 0xff, 0x82, 0xad, 0xb4, 0xff, 0x82, 0xad, 0xb4, 0xff, 
0x82, 0xad, 0xb4, 0xff, 0x82, 0xad, 0xb4, 0xff, 0x82, 0xad, 0xb4, 0xff, 0x82, 0xad, 0xb4, 0xff, 
0x82, 0xad, 0xb4, 0xff, 0x82, 0xad, 0xb4, 0xff, 0x82, 0xad, 0xb4, 0xff, 0x82, 0xad, 0xb4, 0xff, 
0x82, 0xad, 0xb4, 0xff, 0x82, 0xad, 0xb4, 0xff, 0x82, 0xad, 0xb4, 0xff, 0x82, 0xad, 0xb4, 0xff, 
0x82, 0xad, 0xb4, 0xff, 0x82, 0xad, 0xb4, 0xff, 0x82, 0xad, 0xb4, 0xff, 0x82, 0xad, 0xb4, 0xff, 
0x82, 0xad, 0xb4, 0xff, 0x82, 0xad, 0xb4, 0xff, 0x82, 0xad, 0xb4, 0xff, 0x82, 0xad, 0xb4, 0xff, 
0x82, 0xad, 0xb4, 0xff, 0x82, 0xad, 0xb4, 0xff, 0x82, 0xad, 0xb4, 0xff, 0x82, 0xad, 0xb4, 0xff, 
0x82, 0xad, 0xb4, 0xff, 0x82, 0xad, 0xb4, 0xff, 0x82, 0xad, 0xb4, 0xff, 0x82, 0xad, 0xb4, 0xff, 
0x82, 0xad, 0xb4, 0xff, 0x82, 0xad, 0xb4, 0xff, 0x82, 0xad, 0xb4, 0xff, 0x82, 0xad, 0xb4, 0xff, 
0x82, 0xad, 0xb4, 0xff, 0x82, 0xad, 0xb4, 0xff, 0x82, 0xad, 0xb4, 0xff, 0x82, 0xad, 0xb4, 0xff, 
0x82, 0xad, 0xb4, 0xff, 0x82, 0xad, 0xb4, 0xff, 0x82, 0xad, 0xb4, 0xff, 0x82, 0xad, 0xb4, 0xff, 
0x82, 0xad, 0xb4, 0xff, 0x82, 0xad, 0xb4, 0xff, 0x82, 0xad, 0xb4, 0xff, 0x82, 0xad, 0xb4, 0xff, 
0x82, 0xad, 0xb4, 0xff, 0x82, 0xad, 0xb4, 0xff, 0x82, 0xad, 0xb4, 0xff, 0x82, 0xad, 0xb4, 0xff, 
0x82, 0xad, 0xb4, 0xff, 0x82, 0xad, 0xb4, 0xff, 0x82, 0xad, 0xb4, 0xff, 0x82, 0xad, 0xb4, 0xff, 
0x82, 0xad, 0xb4, 0xff, 0x82, 0xad, 0xb4, 0xff, 0x82, 0xad, 0xb4, 0xff, 0x82, 0xad, 0xb4, 0xff, 
0x82, 0xad, 0xb4, 0xff, 0x82, 0xad, 0xb4, 0xff, 0x82, 0xad, 0xb4, 0xff, 0x82, 0xad, 0xb4, 0xff, 
0x82, 0xad, 0xb4, 0xff, 0x82, 0xad, 0xb4, 0xff, 0x82, 0xad, 0xb4, 0xff, 0x82, 0xad, 0xb4, 0xff, 
0x82, 0xad, 0xb4, 0xff, 0x82, 0xad, 0xb4, 0xff, 0x82, 0xad, 0xb4, 0xff, 0x82, 0xad, 0xb4, 0xff, 
0x82, 0xad, 0xb4, 0xff, 0x82, 0xad, 0xb4, 0xff, 0x82, 0xad, 0xb4, 0xff, 0x82, 0xad, 0xb4, 0xff, 
0x82, 0xad, 0xb4, 0xff, 0x82, 0xad, 0xb4, 0xff, 0x82, 0xad, 0xb4, 0xff, 0x82, 0xad, 0xb4, 0xff, 
0x82, 0xad, 0xb4, 0xff, 0x82, 0xad, 0xb4, 0xff, 0x82, 0xad, 0xb4, 0xff, 0x82, 0xad, 0xb4, 0xff, 
0x82, 0xad, 0xb4, 0xff, 0x82, 0xad, 0xb4, 0xff, 0x82, 0xad, 0xb4, 0xff, 0x82, 0xad, 0xb4, 0xff, 
0x82, 0xad, 0xb4, 0xff, 0x82, 0xad, 0xb4, 0xff, 0x82, 0xad, 0xb4, 0xff, 0x82, 0xad, 0xb4, 0xff, 
0x82, 0xad, 0xb4, 0xff, 0x82, 0xad, 0xb4, 0xff, 0x82, 0xad, 0xb4, 0xff, 0x82, 0xad, 0xb4, 0xff, 
0x82, 0xad, 0xb4, 0xff, 0x82, 0xad, 0xb4, 0xff, 0x82, 0xad, 0xb4, 0xff, 0x81, 0xad, 0xb4, 0xff, 
0x82, 0xad, 0xb4, 0xff, 0x82, 0xad, 0xb4, 0xff, 0x82, 0xad, 0xb4, 0xff, 0x82, 0xad, 0xb4, 0xff, 
0x82, 0xad, 0xb4, 0xff, 0x82, 0xad, 0xb4, 0xff, 0x82, 0xad, 0xb4, 0xff, 0x82, 0xad, 0xb4, 0xff, 
0x82, 0xad, 0xb4, 0xff, 0x82, 0xad, 0xb4, 0xff, 0x82, 0xad, 0xb4, 0xff, 0x82, 0xad, 0xb4, 0xff, 
0x82, 0xad, 0xb4, 0xff, 0x82, 0xad, 0xb4, 0xff, 0x82, 0xad, 0xb4, 0xff, 0x82, 0xad, 0xb4, 0xff, 
0x82, 0xad, 0xb4, 0xff, 0x82, 0xad, 0xb4, 0xff, 0x82, 0xad, 0xb4, 0xff, 0x82, 0xad, 0xb4, 0xff, 
0x82, 0xad, 0xb4, 0xff, 0x82, 0xad, 0xb4, 0xff, 0x82, 0xad, 0xb4, 0xff, 0x82, 0xad, 0xb4, 0xff, 
0x82, 0xad, 0xb4, 0xff, 0x82, 0xad, 0xb4, 0xff, 0x82, 0xad, 0xb4, 0xff, 0x82, 0xad, 0xb4, 0xff, 
0x82, 0xad, 0xb4, 0xff, 0x82, 0xad, 0xb4, 0xff, 0x82, 0xad, 0xb4, 0xff, 0x82, 0xad, 0xb4, 0xff, 
0x82, 0xad, 0xb4, 0xff, 0x82, 0xad, 0xb4, 0xff, 0x82, 0xad, 0xb4, 0xff, 0x82, 0xad, 0xb4, 0xff, 
0x82, 0xad, 0xb4, 0xff, 0x82, 0xad, 0xb4, 0xff, 0x82, 0xad, 0xb4, 0xff, 0x82, 0xad, 0xb4, 0xff, 
0x82, 0xad, 0xb4, 0xff, 0x82, 0xad, 0xb4, 0xff, 0x82, 0xad, 0xb4, 0xff, 0x82, 0xad, 0xb4, 0xff, 
0x82, 0xad, 0xb4, 0xff, 0x82, 0xad, 0xb4, 0xff, 0x82, 0xad, 0xb4, 0xff, 0x82, 0xad, 0xb4, 0xff, 
0x82, 0xad, 0xb4, 0xff, 0x82, 0xad, 0xb4, 0xff, 0x82, 0xad, 0xb4, 0xff, 0x82, 0xad, 0xb4, 0xff, 
0x82, 0xad, 0xb4, 0xff, 0x82, 0xad, 0xb4, 0xff, 0x82, 0xad, 0xb4, 0xff, 0x82, 0xad, 0xb4, 0xff, 
0x81, 0xad, 0xb4, 0xff, 0x82, 0xad, 0xb4, 0xff, 0x82, 0xad, 0xb4, 0xff, 0x82, 0xad, 0xb4, 0xff, 
0x82, 0xad, 0xb4, 0xff, 0x82, 0xad, 0xb4, 0xff, 0x82, 0xad, 0xb4, 0xff, 0x82, 0xad, 0xb4, 0xff, 
0x82, 0xad, 0xb4, 0xff, 0x82, 0xad, 0xb4, 0xff, 0x82, 0xad, 0xb4, 0xff, 0x82, 0xad, 0xb4, 0xff, 
0x82, 0xad, 0xb4, 0xff, 0x82, 0xad, 0xb4, 0xff, 0x82, 0xad, 0xb4, 0xff, 0x82, 0xad, 0xb4, 0xff, 
0x82, 0xad, 0xb4, 0xff, 0x82, 0xad, 0xb4, 0xff, 0x82, 0xad, 0xb4, 0xff, 0x82, 0xad, 0xb4, 0xff, 
0x82, 0xad, 0xb4, 0xff, 0x82, 0xad, 0xb4, 0xff, 0x82, 0xad, 0xb4, 0xff, 0x82, 0xad, 0xb4, 0xff, 
0x82, 0xad, 0xb4, 0xff, 0x82, 0xad, 0xb4, 0xff, 0x82, 0xad, 0xb4, 0xff, 0x82, 0xad, 0xb4, 0xff, 
0x82, 0xad, 0xb4, 0xff, 0x82, 0xad, 0xb4, 0xff, 0x82, 0xad, 0xb4, 0xff, 0x82, 0xad, 0xb4, 0xff, 
0x82, 0xad, 0xb4, 0xff, 0x82, 0xad, 0xb4, 0xff, 0x82, 0xad, 0xb4, 0xff, 0x82, 0xad, 0xb4, 0xff, 
0x82, 0xad, 0xb4, 0xff, 0x82, 0xad, 0xb4, 0xff, 0x82, 0xad, 0xb4, 0xff, 0x82, 0xad, 0xb4, 0xff, 
0x82, 0xad, 0xb4, 0xff, 0x82, 0xad, 0xb4, 0xff, 0x82, 0xad, 0xb4, 0xff, 0x82, 0xad, 0xb4, 0xff, 
0x82, 0xad, 0xb4, 0xff, 0x82, 0xad, 0xb4, 0xff, 0x82, 0xad, 0xb4, 0xff, 0x82, 0xad, 0xb4, 0xff, 
0x82, 0xad, 0xb4, 0xff, 0x82, 0xad, 0xb4, 0xff, 0x82, 0xad, 0xb4, 0xff, 0x82, 0xad, 0xb4, 0xff, 
0x82, 0xad, 0xb4, 0xff, 0x82, 0xad, 0xb4, 0xff, 0x82, 0xad, 0xb4, 0xff, 0x82, 0xad, 0xb4, 0xff, 
0x82, 0xad, 0xb4, 0xff, 0x82, 0xad, 0xb4, 0xff, 0x82, 0xad, 0xb4, 0xff, 0x82, 0xad, 0xb4, 0xff, 
0x82, 0xad, 0xb4, 0xff, 0x82, 0xad, 0xb4, 0xff, 0x82, 0xad, 0xb4, 0xff, 0x82, 0xad, 0xb4, 0xff, 
0x82, 0xad, 0xb4, 0xff, 0x82, 0xad, 0xb4, 0xff, 0x82, 0xad, 0xb4, 0xff, 0x82, 0xad, 0xb4, 0xff, 
0x82, 0xad, 0xb4, 0xff, 0x82, 0xad, 0xb4, 0xff, 0x82, 0xad, 0xb4, 0xff, 0x82, 0xad, 0xb4, 0xff, 
0x82, 0xad, 0xb4, 0xff, 0x82, 0xad, 0xb4, 0xff, 0x82, 0xad, 0xb4, 0xff, 0x82, 0xad, 0xb4, 0xff, 
0x82, 0xad, 0xb4, 0xff, 0x82, 0xad, 0xb4, 0xff, 0x82, 0xad, 0xb4, 0xff, 0x82, 0xad, 0xb4, 0xff, 
0x82, 0xad, 0xb4, 0xff, 0x82, 0xad, 0xb4, 0xff, 0x82, 0xad, 0xb4, 0xff, 0x82, 0xad, 0xb4, 0xff, 
0x82, 0xad, 0xb4, 0xff, 0x82, 0xad, 0xb4, 0xff, 0x82, 0xad, 0xb4, 0xff, 0x82, 0xad, 0xb4, 0xff, 
0x82, 0xad, 0xb4, 0xff, 0x82, 0xad, 0xb4, 0xff, 0x82, 0xad, 0xb4, 0xff, 0x82, 0xad, 0xb4, 0xff, 
0x82, 0xad, 0xb4, 0xff, 0x82, 0xad, 0xb4, 0xff, 0x82, 0xad, 0xb4, 0xff, 0x82, 0xad, 0xb4, 0xff, 
0x82, 0xad, 0xb4, 0xff, 0x82, 0xad, 0xb4, 0xff, 0x82, 0xad, 0xb4, 0xff, 0x82, 0xad, 0xb4, 0xff, 
0x82, 0xad, 0xb4, 0xff, 0x82, 0xad, 0xb4, 0xff, 0x82, 0xad, 0xb4, 0xff, 0x82, 0xad, 0xb4, 0xff, 
0x82, 0xad, 0xb4, 0xff, 0x82, 0xad, 0xb4, 0xff, 0x82, 0xad, 0xb4, 0xff, 0x82, 0xad, 0xb4, 0xff, 
0x82, 0xad, 0xb4, 0xff, 0x82, 0xad, 0xb4, 0xff, 0x82, 0xad, 0xb4, 0xff, 0x82, 0xad, 0xb4, 0xff, 
0x82, 0xad, 0xb4, 0xff, 0x81, 0xac, 0xb3, 0xff, 0x81, 0xac, 0xb3, 0xff, 0x81, 0xac, 0xb3, 0xff, 
0x82, 0xad, 0xb4, 0xff, 0x81, 0xac, 0xb3, 0xff, 0x82, 0xad, 0xb4, 0xff, 0x82, 0xad, 0xb4, 0xff, 
0x82, 0xad, 0xb4, 0xff, 0x82, 0xad, 0xb4, 0xff, 0x82, 0xad, 0xb4, 0xff, 0x81, 0xac, 0xb3, 0xff, 
0x81, 0xac, 0xb3, 0xff, 0x81, 0xac, 0xb3, 0xff, 0x82, 0xad, 0xb4, 0xff, 0x82, 0xad, 0xb4, 0xff, 
0x82, 0xac, 0xb3, 0xff, 0x81, 0xac, 0xb3, 0xff, 0x82, 0xad, 0xb4, 0xff, 0x82, 0xad, 0xb4, 0xff, 
0x81, 0xac, 0xb3, 0xff, 0x81, 0xac, 0xb3, 0xff, 0x81, 0xac, 0xb3, 0xff, 0x81, 0xac, 0xb3, 0xff, 
0x81, 0xac, 0xb3, 0xff, 0x81, 0xac, 0xb3, 0xff, 0x81, 0xac, 0xb3, 0xff, 0x81, 0xac, 0xb3, 0xff, 
0x81, 0xac, 0xb3, 0xff, 0x81, 0xac, 0xb3, 0xff, 0x82, 0xad, 0xb4, 0xff, 0x82, 0xac, 0xb3, 0xff, 
0x81, 0xac, 0xb3, 0xff, 0x81, 0xac, 0xb3, 0xff, 0x82, 0xad, 0xb4, 0xff, 0x82, 0xad, 0xb4, 0xff, 
0x81, 0xac, 0xb3, 0xff, 0x82, 0xad, 0xb4, 0xff, 0x82, 0xad, 0xb4, 0xff, 0x81, 0xad, 0xb4, 0xff, 
0x81, 0xac, 0xb3, 0xff, 0x81, 0xac, 0xb3, 0xff, 0x81, 0xac, 0xb3, 0xff, 0x82, 0xad, 0xb4, 0xff, 
0x82, 0xad, 0xb4, 0xff, 0x81, 0xac, 0xb4, 0xff, 0x82, 0xad, 0xb4, 0xff, 0x82, 0xad, 0xb4, 0xff, 
0x82, 0xad, 0xb4, 0xff, 0x82, 0xad, 0xb4, 0xff, 0x82, 0xad, 0xb4, 0xff, 0x82, 0xad, 0xb4, 0xff, 
0x82, 0xad, 0xb4, 0xff, 0x82, 0xad, 0xb4, 0xff, 0x82, 0xad, 0xb4, 0xff, 0x82, 0xad, 0xb4, 0xff, 
0x82, 0xad, 0xb4, 0xff, 0x82, 0xad, 0xb4, 0xff, 0x81, 0xac, 0xb4, 0xff, 0x82, 0xad, 0xb4, 0xff, 
0x82, 0xad, 0xb4, 0xff, 0x81, 0xac, 0xb3, 0xff, 0x81, 0xac, 0xb3, 0xff, 0x81, 0xac, 0xb3, 0xff, 
0x81, 0xad, 0xb3, 0xff, 0x82, 0xad, 0xb4, 0xff, 0x82, 0xad, 0xb3, 0xff, 0x82, 0xad, 0xb4, 0xff, 
0x82, 0xad, 0xb4, 0xff, 0x81, 0xac, 0xb3, 0xff, 0x81, 0xac, 0xb3, 0xff, 0x82, 0xac, 0xb3, 0xff, 
0x82, 0xac, 0xb4, 0xff, 0x82, 0xad, 0xb4, 0xff, 0x81, 0xac, 0xb3, 0xff, 0x82, 0xad, 0xb4, 0xff, 
0x82, 0xad, 0xb4, 0xff, 0x82, 0xad, 0xb4, 0xff, 0x82, 0xad, 0xb4, 0xff, 0x81, 0xac, 0xb3, 0xff, 
0x82, 0xad, 0xb4, 0xff, 0x81, 0xac, 0xb3, 0xff, 0x82, 0xad, 0xb4, 0xff, 0x81, 0xac, 0xb3, 0xff, 
0x82, 0xad, 0xb4, 0xff, 0x82, 0xad, 0xb4, 0xff, 0x81, 0xac, 0xb3, 0xff, 0x83, 0xac, 0xb4, 0xff, 
0x82, 0xad, 0xb4, 0xff, 0x82, 0xad, 0xb4, 0xff, 0x81, 0xac, 0xb3, 0xff, 0x81, 0xac, 0xb3, 0xff, 
0x82, 0xad, 0xb4, 0xff, 0x82, 0xad, 0xb4, 0xff, 0x82, 0xad, 0xb4, 0xff, 0x82, 0xad, 0xb4, 0xff, 
0x82, 0xad, 0xb4, 0xff, 0x81, 0xac, 0xb3, 0xff, 0x81, 0xac, 0xb3, 0xff, 0x81, 0xac, 0xb3, 0xff, 
0x81, 0xac, 0xb3, 0xff, 0x81, 0xac, 0xb3, 0xff, 0x81, 0xac, 0xb3, 0xff, 0x82, 0xad, 0xb4, 0xff, 
0x82, 0xad, 0xb4, 0xff, 0x82, 0xad, 0xb4, 0xff, 0x82, 0xad, 0xb4, 0xff, 0x82, 0xad, 0xb4, 0xff, 
0x82, 0xad, 0xb4, 0xff, 0x82, 0xad, 0xb4, 0xff, 0x82, 0xad, 0xb4, 0xff, 0x82, 0xad, 0xb4, 0xff, 
0x82, 0xad, 0xb4, 0xff, 0x82, 0xad, 0xb4, 0xff, 0x82, 0xad, 0xb4, 0xff, 0x82, 0xad, 0xb4, 0xff, 
0x82, 0xad, 0xb4, 0xff, 0x82, 0xad, 0xb4, 0xff, 0x82, 0xad, 0xb4, 0xff, 0x82, 0xad, 0xb4, 0xff, 
0x82, 0xad, 0xb4, 0xff, 0x82, 0xad, 0xb4, 0xff, 0x82, 0xad, 0xb4, 0xff, 0x82, 0xad, 0xb4, 0xff, 
0x82, 0xad, 0xb4, 0xff, 0x82, 0xad, 0xb4, 0xff, 0x82, 0xad, 0xb4, 0xff, 0x82, 0xad, 0xb4, 0xff, 
0x82, 0xad, 0xb4, 0xff, 0x81, 0xac, 0xb3, 0xff, 0x81, 0xac, 0xb3, 0xff, 0x81, 0xac, 0xb3, 0xff, 
0x81, 0xac, 0xb3, 0xff, 0x81, 0xac, 0xb3, 0xff, 0x81, 0xac, 0xb3, 0xff, 0x82, 0xad, 0xb4, 0xff, 
0x82, 0xad, 0xb4, 0xff, 0x82, 0xad, 0xb4, 0xff, 0x82, 0xad, 0xb4, 0xff, 0x82, 0xad, 0xb4, 0xff, 
0x81, 0xac, 0xb3, 0xff, 0x81, 0xac, 0xb3, 0xff, 0x82, 0xad, 0xb4, 0xff, 0x82, 0xad, 0xb4, 0xff, 
0x83, 0xac, 0xb4, 0xff, 0x81, 0xac, 0xb3, 0xff, 0x82, 0xad, 0xb4, 0xff, 0x82, 0xad, 0xb4, 0xff, 
0x81, 0xac, 0xb3, 0xff, 0x82, 0xad, 0xb4, 0xff, 0x81, 0xac, 0xb3, 0xff, 0x82, 0xad, 0xb4, 0xff, 
0x81, 0xac, 0xb3, 0xff, 0x82, 0xad, 0xb4, 0xff, 0x82, 0xad, 0xb4, 0xff, 0x82, 0xad, 0xb4, 0xff, 
0x82, 0xad, 0xb4, 0xff, 0x81, 0xac, 0xb3, 0xff, 0x82, 0xad, 0xb4, 0xff, 0x82, 0xac, 0xb4, 0xff, 
0x82, 0xac, 0xb3, 0xff, 0x81, 0xac, 0xb3, 0xff, 0x81, 0xac, 0xb3, 0xff, 0x82, 0xad, 0xb4, 0xff, 
0x82, 0xad, 0xb4, 0xff, 0x82, 0xad, 0xb3, 0xff, 0x82, 0xad, 0xb4, 0xff, 0x81, 0xad, 0xb3, 0xff, 
0x81, 0xac, 0xb3, 0xff, 0x81, 0xac, 0xb3, 0xff, 0x81, 0xac, 0xb3, 0xff, 0x82, 0xad, 0xb4, 0xff, 
0x82, 0xad, 0xb4, 0xff, 0x81, 0xac, 0xb4, 0xff, 0x82, 0xad, 0xb4, 0xff, 0x82, 0xad, 0xb4, 0xff, 
0x82, 0xad, 0xb4, 0xff, 0x82, 0xad, 0xb4, 0xff, 0x82, 0xad, 0xb4, 0xff, 0x82, 0xad, 0xb4, 0xff, 
0x82, 0xad, 0xb4, 0xff, 0x82, 0xad, 0xb4, 0xff, 0x82, 0xad, 0xb4, 0xff, 0x82, 0xad, 0xb4, 0xff, 
0x82, 0xad, 0xb4, 0xff, 0x82, 0xad, 0xb4, 0xff, 0x81, 0xac, 0xb4, 0xff, 0x82, 0xad, 0xb4, 0xff, 
0x82, 0xad, 0xb4, 0xff, 0x81, 0xac, 0xb3, 0xff, 0x81, 0xac, 0xb3, 0xff, 0x81, 0xac, 0xb3, 0xff, 
0x82, 0xad, 0xb4, 0xff, 0x82, 0xad, 0xb4, 0xff, 0x82, 0xad, 0xb4, 0xff, 0x81, 0xac, 0xb3, 0xff, 
0x82, 0xad, 0xb4, 0xff, 0x82, 0xad, 0xb4, 0xff, 0x81, 0xac, 0xb3, 0xff, 0x81, 0xac, 0xb3, 0xff, 
0x82, 0xac, 0xb3, 0xff, 0x82, 0xad, 0xb4, 0xff, 0x81, 0xac, 0xb3, 0xff, 0x81, 0xac, 0xb3, 0xff, 
0x81, 0xac, 0xb3, 0xff, 0x81, 0xac, 0xb3, 0xff, 0x81, 0xac, 0xb3, 0xff, 0x81, 0xac, 0xb3, 0xff, 
0x81, 0xac, 0xb3, 0xff, 0x81, 0xac, 0xb3, 0xff, 0x81, 0xac, 0xb3, 0xff, 0x81, 0xac, 0xb3, 0xff, 
0x82, 0xad, 0xb4, 0xff, 0x82, 0xad, 0xb4, 0xff, 0x81, 0xac, 0xb3, 0xff, 0x82, 0xac, 0xb3, 0xff, 
0x82, 0xad, 0xb4, 0xff, 0x82, 0xad, 0xb4, 0xff, 0x81, 0xac, 0xb3, 0xff, 0x81, 0xac, 0xb3, 0xff, 
0x81, 0xac, 0xb3, 0xff, 0x82, 0xad, 0xb4, 0xff, 0x82, 0xad, 0xb4, 0xff, 0x82, 0xad, 0xb4, 0xff, 
0x82, 0xad, 0xb4, 0xff, 0x82, 0xad, 0xb4, 0xff, 0x81, 0xac, 0xb3, 0xff, 0x82, 0xad, 0xb4, 0xff, 
0x81, 0xac, 0xb3, 0xff, 0x81, 0xac, 0xb3, 0xff, 0x81, 0xac, 0xb3, 0xff, 0x82, 0xad, 0xb4, 0xff, 
0x82, 0xad, 0xb4, 0xff, 0x82, 0xad, 0xb4, 0xff, 0x82, 0xad, 0xb4, 0xff, 0x82, 0xad, 0xb4, 0xff, 
0x82, 0xad, 0xb4, 0xff, 0x82, 0xad, 0xb4, 0xff, 0x82, 0xad, 0xb4, 0xff, 0x82, 0xad, 0xb4, 0xff, 
0x82, 0xad, 0xb4, 0xff, 0x82, 0xad, 0xb4, 0xff, 0x82, 0xad, 0xb4, 0xff, 0x82, 0xad, 0xb4, 0xff, 
0x82, 0xad, 0xb4, 0xff, 0x82, 0xad, 0xb4, 0xff, 0x82, 0xad, 0xb4, 0xff, 0x82, 0xad, 0xb4, 0xff, 
0x82, 0xad, 0xb4, 0xff, 0x82, 0xad, 0xb4, 0xff, 0x82, 0xad, 0xb4, 0xff, 0x82, 0xad, 0xb4, 0xff, 
0x82, 0xad, 0xb4, 0xff, 0x82, 0xad, 0xb4, 0xff, 0x82, 0xad, 0xb4, 0xff, 0x82, 0xad, 0xb4, 0xff, 
0x81, 0xac, 0xb3, 0xff, 0x81, 0xac, 0xb3, 0xff, 0x82, 0xad, 0xb4, 0xff, 0x82, 0xad, 0xb4, 0xff, 
0x81, 0xac, 0xb3, 0xff, 0x81, 0xac, 0xb3, 0xff, 0x81, 0xac, 0xb3, 0xff, 0x81, 0xac, 0xb3, 0xff, 
0x82, 0xad, 0xb4, 0xff, 0x82, 0xad, 0xb4, 0xff, 0x81, 0xac, 0xb3, 0xff, 0x82, 0xad, 0xb4, 0xff, 
0x81, 0xac, 0xb3, 0xff, 0x82, 0xac, 0xb3, 0xff, 0x82, 0xad, 0xb4, 0xff, 0x82, 0xac, 0xb4, 0xff, 
0x82, 0xac, 0xb3, 0xff, 0x81, 0xac, 0xb3, 0xff, 0x81, 0xac, 0xb3, 0xff, 0x82, 0xad, 0xb4, 0xff, 
0x81, 0xac, 0xb3, 0xff, 0x81, 0xac, 0xb3, 0xff, 0x81, 0xac, 0xb3, 0xff, 0x81, 0xac, 0xb3, 0xff, 
0x81, 0xac, 0xb3, 0xff, 0x81, 0xac, 0xb3, 0xff, 0x82, 0xad, 0xb4, 0xff, 0x82, 0xad, 0xb4, 0xff, 
0x81, 0xac, 0xb3, 0xff, 0x82, 0xad, 0xb4, 0xff, 0x82, 0xad, 0xb4, 0xff, 0x82, 0xad, 0xb4, 0xff, 
0x81, 0xac, 0xb3, 0xff, 0x81, 0xac, 0xb3, 0xff, 0x82, 0xad, 0xb4, 0xff, 0x82, 0xad, 0xb3, 0xff, 
0x81, 0xac, 0xb3, 0xff, 0x82, 0xad, 0xb4, 0xff, 0x82, 0xad, 0xb4, 0xff, 0x82, 0xad, 0xb4, 0xff, 
0x82, 0xac, 0xb4, 0xff, 0x82, 0xac, 0xb3, 0xff, 0x81, 0xac, 0xb3, 0xff, 0x81, 0xac, 0xb3, 0xff, 
0x81, 0xac, 0xb3, 0xff, 0x81, 0xac, 0xb3, 0xff, 0x81, 0xac, 0xb3, 0xff, 0x81, 0xac, 0xb3, 0xff, 
0x82, 0xad, 0xb4, 0xff, 0x82, 0xad, 0xb4, 0xff, 0x82, 0xad, 0xb4, 0xff, 0x82, 0xad, 0xb4, 0xff, 
0x82, 0xad, 0xb4, 0xff, 0x82, 0xad, 0xb4, 0xff, 0x82, 0xad, 0xb4, 0xff, 0x81, 0xac, 0xb3, 0xff, 
0x82, 0xad, 0xb4, 0xff, 0x81, 0xac, 0xb3, 0xff, 0x81, 0xac, 0xb3, 0xff, 0x81, 0xac, 0xb3, 0xff, 
0x81, 0xac, 0xb3, 0xff, 0x81, 0xac, 0xb3, 0xff, 0x82, 0xac, 0xb3, 0xff, 0x82, 0xad, 0xb4, 0xff, 
0x82, 0xac, 0xb4, 0xff, 0x82, 0xad, 0xb4, 0xff, 0x82, 0xad, 0xb3, 0xff, 0x81, 0xac, 0xb3, 0xff, 
0x82, 0xad, 0xb4, 0xff, 0x81, 0xac, 0xb3, 0xff, 0x81, 0xac, 0xb3, 0xff, 0x82, 0xac, 0xb3, 0xff, 
0x82, 0xac, 0xb4, 0xff, 0x82, 0xad, 0xb4, 0xff, 0x82, 0xad, 0xb4, 0xff, 0x81, 0xac, 0xb3, 0xff, 
0x81, 0xac, 0xb3, 0xff, 0x82, 0xad, 0xb4, 0xff, 0x81, 0xac, 0xb3, 0xff, 0x81, 0xac, 0xb3, 0xff, 
0x81, 0xac, 0xb3, 0xff, 0x82, 0xac, 0xb3, 0xff, 0x81, 0xac, 0xb3, 0xff, 0x82, 0xad, 0xb4, 0xff, 
0x81, 0xac, 0xb3, 0xff, 0x82, 0xad, 0xb4, 0xff, 0x81, 0xac, 0xb3, 0xff, 0x83, 0xac, 0xb4, 0xff, 
0x82, 0xad, 0xb4, 0xff, 0x82, 0xac, 0xb3, 0xff, 0x81, 0xac, 0xb3, 0xff, 0x81, 0xac, 0xb3, 0xff, 
0x81, 0xac, 0xb3, 0xff, 0x82, 0xad, 0xb4, 0xff, 0x82, 0xad, 0xb4, 0xff, 0x82, 0xad, 0xb4, 0xff, 
0x82, 0xad, 0xb4, 0xff, 0x81, 0xac, 0xb3, 0xff, 0x81, 0xac, 0xb3, 0xff, 0x82, 0xad, 0xb4, 0xff, 
0x82, 0xad, 0xb4, 0xff, 0x82, 0xad, 0xb4, 0xff, 0x81, 0xac, 0xb3, 0xff, 0x82, 0xad, 0xb4, 0xff, 
0x82, 0xad, 0xb4, 0xff, 0x82, 0xad, 0xb4, 0xff, 0x82, 0xad, 0xb4, 0xff, 0x82, 0xad, 0xb4, 0xff, 
0x82, 0xad, 0xb4, 0xff, 0x82, 0xad, 0xb4, 0xff, 0x82, 0xad, 0xb4, 0xff, 0x82, 0xad, 0xb4, 0xff, 
0x82, 0xad, 0xb4, 0xff, 0x82, 0xad, 0xb4, 0xff, 0x82, 0xad, 0xb4, 0xff, 0x82, 0xad, 0xb4, 0xff, 
0x82, 0xad, 0xb4, 0xff, 0x82, 0xad, 0xb4, 0xff, 0x82, 0xad, 0xb4, 0xff, 0x82, 0xad, 0xb4, 0xff, 
0x82, 0xad, 0xb4, 0xff, 0x82, 0xad, 0xb4, 0xff, 0x82, 0xad, 0xb4, 0xff, 0x82, 0xad, 0xb4, 0xff, 
0x82, 0xad, 0xb4, 0xff, 0x82, 0xad, 0xb4, 0xff, 0x82, 0xad, 0xb4, 0xff, 0x82, 0xad, 0xb4, 0xff, 
0x82, 0xad, 0xb4, 0xff, 0x81, 0xac, 0xb3, 0xff, 0x82, 0xad, 0xb4, 0xff, 0x82, 0xad, 0xb4, 0xff, 
0x82, 0xad, 0xb4, 0xff, 0x81, 0xac, 0xb3, 0xff, 0x81, 0xac, 0xb3, 0xff, 0x82, 0xad, 0xb4, 0xff, 
0x82, 0xad, 0xb4, 0xff, 0x82, 0xad, 0xb4, 0xff, 0x82, 0xad, 0xb4, 0xff, 0x81, 0xac, 0xb3, 0xff, 
0x81, 0xac, 0xb3, 0xff, 0x81, 0xac, 0xb3, 0xff, 0x82, 0xac, 0xb3, 0xff, 0x82, 0xad, 0xb4, 0xff, 
0x83, 0xac, 0xb4, 0xff, 0x81, 0xac, 0xb3, 0xff, 0x82, 0xad, 0xb4, 0xff, 0x81, 0xac, 0xb3, 0xff, 
0x82, 0xad, 0xb4, 0xff, 0x81, 0xac, 0xb3, 0xff, 0x82, 0xac, 0xb3, 0xff, 0x81, 0xac, 0xb3, 0xff, 
0x81, 0xac, 0xb3, 0xff, 0x81, 0xac, 0xb3, 0xff, 0x82, 0xad, 0xb4, 0xff, 0x81, 0xac, 0xb3, 0xff, 
0x81, 0xac, 0xb3, 0xff, 0x82, 0xad, 0xb4, 0xff, 0x82, 0xad, 0xb4, 0xff, 0x82, 0xac, 0xb4, 0xff, 
0x82, 0xac, 0xb3, 0xff, 0x81, 0xac, 0xb3, 0xff, 0x81, 0xac, 0xb3, 0xff, 0x82, 0xad, 0xb4, 0xff, 
0x81, 0xac, 0xb3, 0xff, 0x82, 0xad, 0xb3, 0xff, 0x82, 0xad, 0xb4, 0xff, 0x82, 0xac, 0xb4, 0xff, 
0x82, 0xad, 0xb4, 0xff, 0x82, 0xac, 0xb3, 0xff, 0x81, 0xac, 0xb3, 0xff, 0x81, 0xac, 0xb3, 0xff, 
0x81, 0xac, 0xb3, 0xff, 0x81, 0xac, 0xb3, 0xff, 0x81, 0xac, 0xb3, 0xff, 0x82, 0xad, 0xb4, 0xff, 
0x81, 0xac, 0xb3, 0xff, 0x82, 0xad, 0xb4, 0xff, 0x82, 0xad, 0xb4, 0xff, 0x82, 0xad, 0xb4, 0xff, 
0x82, 0xad, 0xb4, 0xff, 0x82, 0xad, 0xb4, 0xff, 0x82, 0xad, 0xb4, 0xff, 0x82, 0xad, 0xb4, 0xff, 
0x81, 0xac, 0xb3, 0xff, 0x81, 0xac, 0xb3, 0xff, 0x81, 0xac, 0xb3, 0xff, 0x81, 0xac, 0xb3, 0xff, 
0x81, 0xac, 0xb3, 0xff, 0x81, 0xac, 0xb3, 0xff, 0x82, 0xac, 0xb3, 0xff, 0x82, 0xac, 0xb4, 0xff, 
0x82, 0xad, 0xb4, 0xff, 0x82, 0xad, 0xb4, 0xff, 0x82, 0xad, 0xb4, 0xff, 0x81, 0xac, 0xb3, 0xff, 
0x82, 0xad, 0xb3, 0xff, 0x82, 0xad, 0xb4, 0xff, 0x81, 0xac, 0xb3, 0xff, 0x81, 0xac, 0xb3, 0xff, 
0x82, 0xad, 0xb4, 0xff, 0x82, 0xad, 0xb4, 0xff, 0x82, 0xad, 0xb4, 0xff, 0x81, 0xac, 0xb3, 0xff, 
0x82, 0xad, 0xb4, 0xff, 0x82, 0xad, 0xb4, 0xff, 0x81, 0xac, 0xb3, 0xff, 0x81, 0xac, 0xb3, 0xff, 
0x81, 0xac, 0xb3, 0xff, 0x81, 0xac, 0xb3, 0xff, 0x81, 0xac, 0xb3, 0xff, 0x81, 0xac, 0xb3, 0xff, 
0x82, 0xad, 0xb4, 0xff, 0x81, 0xac, 0xb3, 0xff, 0x81, 0xac, 0xb3, 0xff, 0x82, 0xac, 0xb3, 0xff, 
0x82, 0xac, 0xb4, 0xff, 0x82, 0xad, 0xb4, 0xff, 0x82, 0xac, 0xb3, 0xff, 0x81, 0xac, 0xb3, 0xff, 
0x82, 0xad, 0xb4, 0xff, 0x81, 0xac, 0xb3, 0xff, 0x82, 0xad, 0xb4, 0xff, 0x82, 0xad, 0xb4, 0xff, 
0x81, 0xac, 0xb3, 0xff, 0x81, 0xac, 0xb3, 0xff, 0x81, 0xac, 0xb3, 0xff, 0x81, 0xac, 0xb3, 0xff, 
0x82, 0xad, 0xb4, 0xff, 0x82, 0xad, 0xb4, 0xff, 0x81, 0xac, 0xb3, 0xff, 0x81, 0xac, 0xb3, 0xff, 
0x82, 0xad, 0xb4, 0xff, 0x82, 0xad, 0xb4, 0xff, 0x82, 0xad, 0xb4, 0xff, 0x82, 0xad, 0xb4, 0xff, 
0x82, 0xad, 0xb4, 0xff, 0x82, 0xad, 0xb4, 0xff, 0x82, 0xad, 0xb4, 0xff, 0x82, 0xad, 0xb4, 0xff, 
0x82, 0xad, 0xb4, 0xff, 0x82, 0xad, 0xb4, 0xff, 0x82, 0xad, 0xb4, 0xff, 0x82, 0xad, 0xb4, 0xff, 
0x81, 0xac, 0xb3, 0xff, 0x81, 0xac, 0xb3, 0xff, 0x81, 0xac, 0xb3, 0xff, 0x81, 0xac, 0xb3, 0xff, 
0x81, 0xac, 0xb3, 0xff, 0x81, 0xac, 0xb3, 0xff, 0x81, 0xac, 0xb3, 0xff, 0x81, 0xac, 0xb3, 0xff, 
0x81, 0xac, 0xb3, 0xff, 0x81, 0xac, 0xb3, 0xff, 0x81, 0xac, 0xb3, 0xff, 0x81, 0xac, 0xb3, 0xff, 
0x81, 0xac, 0xb3, 0xff, 0x80, 0xab, 0xb2, 0xff, 0x81, 0xac, 0xb3, 0xff, 0x81, 0xac, 0xb3, 0xff, 
0x80, 0xab, 0xb2, 0xff, 0x81, 0xac, 0xb3, 0xff, 0x80, 0xab, 0xb2, 0xff, 0x81, 0xab, 0xb2, 0xff, 
0x81, 0xac, 0xb3, 0xff, 0x82, 0xac, 0xb3, 0xff, 0x81, 0xac, 0xb3, 0xff, 0x80, 0xab, 0xb2, 0xff, 
0x80, 0xab, 0xb2, 0xff, 0x81, 0xab, 0xb3, 0xff, 0x81, 0xac, 0xb3, 0xff, 0x81, 0xac, 0xb3, 0xff, 
0x81, 0xac, 0xb3, 0xff, 0x80, 0xab, 0xb2, 0xff, 0x81, 0xac, 0xb3, 0xff, 0x80, 0xab, 0xb2, 0xff, 
0x80, 0xab, 0xb2, 0xff, 0x81, 0xac, 0xb3, 0xff, 0x80, 0xab, 0xb2, 0xff, 0x80, 0xab, 0xb2, 0xff, 
0x80, 0xac, 0xb2, 0xff, 0x80, 0xac, 0xb3, 0xff, 0x81, 0xac, 0xb3, 0xff, 0x81, 0xac, 0xb3, 0xff, 
0x81, 0xac, 0xb3, 0xff, 0x81, 0xac, 0xb3, 0xff, 0x80, 0xab, 0xb2, 0xff, 0x81, 0xab, 0xb2, 0xff, 
0x81, 0xac, 0xb3, 0xff, 0x81, 0xac, 0xb3, 0xff, 0x81, 0xac, 0xb2, 0xff, 0x81, 0xac, 0xb3, 0xff, 
0x81, 0xab, 0xb3, 0xff, 0x81, 0xac, 0xb3, 0xff, 0x81, 0xac, 0xb3, 0xff, 0x82, 0xac, 0xb3, 0xff, 
0x81, 0xac, 0xb2, 0xff, 0x81, 0xac, 0xb3, 0xff, 0x81, 0xac, 0xb3, 0xff, 0x81, 0xac, 0xb3, 0xff, 
0x80, 0xac, 0xb3, 0xff, 0x81, 0xac, 0xb2, 0xff, 0x80, 0xab, 0xb2, 0xff, 0x81, 0xac, 0xb3, 0xff, 
0x81, 0xac, 0xb3, 0xff, 0x80, 0xab, 0xb2, 0xff, 0x80, 0xab, 0xb2, 0xff, 0x80, 0xab, 0xb2, 0xff, 
0x80, 0xab, 0xb2, 0xff, 0x80, 0xab, 0xb2, 0xff, 0x81, 0xac, 0xb3, 0xff, 0x81, 0xac, 0xb3, 0xff, 
0x81, 0xac, 0xb3, 0xff, 0x80, 0xab, 0xb2, 0xff, 0x81, 0xac, 0xb2, 0xff, 0x80, 0xac, 0xb3, 0xff, 
0x81, 0xac, 0xb3, 0xff, 0x81, 0xac, 0xb3, 0xff, 0x81, 0xac, 0xb3, 0xff, 0x81, 0xac, 0xb2, 0xff, 
0x81, 0xab, 0xb2, 0xff, 0x81, 0xac, 0xb3, 0xff, 0x81, 0xac, 0xb3, 0xff, 0x81, 0xac, 0xb3, 0xff, 
0x81, 0xac, 0xb3, 0xff, 0x81, 0xac, 0xb2, 0xff, 0x81, 0xac, 0xb3, 0xff, 0x80, 0xac, 0xb2, 0xff, 
0x81, 0xab, 0xb2, 0xff, 0x81, 0xab, 0xb2, 0xff, 0x81, 0xac, 0xb3, 0xff, 0x81, 0xac, 0xb3, 0xff, 
0x81, 0xac, 0xb3, 0xff, 0x81, 0xac, 0xb3, 0xff, 0x80, 0xac, 0xb3, 0xff, 0x80, 0xac, 0xb2, 0xff, 
0x80, 0xab, 0xb2, 0xff, 0x82, 0xac, 0xb3, 0xff, 0x81, 0xac, 0xb3, 0xff, 0x80, 0xab, 0xb2, 0xff, 
0x81, 0xac, 0xb3, 0xff, 0x81, 0xac, 0xb3, 0xff, 0x81, 0xac, 0xb3, 0xff, 0x81, 0xac, 0xb3, 0xff, 
0x81, 0xac, 0xb3, 0xff, 0x81, 0xac, 0xb3, 0xff, 0x80, 0xab, 0xb2, 0xff, 0x80, 0xab, 0xb2, 0xff, 
0x80, 0xab, 0xb2, 0xff, 0x81, 0xac, 0xb3, 0xff, 0x81, 0xac, 0xb3, 0xff, 0x81, 0xac, 0xb3, 0xff, 
0x80, 0xab, 0xb2, 0xff, 0x81, 0xac, 0xb3, 0xff, 0x80, 0xac, 0xb2, 0xff, 0x80, 0xab, 0xb2, 0xff, 
0x81, 0xac, 0xb3, 0xff, 0x81, 0xac, 0xb3, 0xff, 0x81, 0xac, 0xb3, 0xff, 0x81, 0xac, 0xb3, 0xff, 
0x81, 0xac, 0xb3, 0xff, 0x81, 0xac, 0xb3, 0xff, 0x81, 0xac, 0xb3, 0xff, 0x81, 0xac, 0xb3, 0xff, 
0x81, 0xac, 0xb3, 0xff, 0x81, 0xac, 0xb3, 0xff, 0x81, 0xac, 0xb3, 0xff, 0x81, 0xac, 0xb3, 0xff, 
0x81, 0xac, 0xb3, 0xff, 0x81, 0xac, 0xb3, 0xff, 0x81, 0xac, 0xb3, 0xff, 0x81, 0xac, 0xb3, 0xff, 
0x81, 0xac, 0xb3, 0xff, 0x81, 0xac, 0xb3, 0xff, 0x81, 0xac, 0xb3, 0xff, 0x81, 0xac, 0xb3, 0xff, 
0x81, 0xac, 0xb3, 0xff, 0x81, 0xac, 0xb3, 0xff, 0x81, 0xac, 0xb3, 0xff, 0x81, 0xac, 0xb3, 0xff, 
0x81, 0xac, 0xb3, 0xff, 0x81, 0xac, 0xb3, 0xff, 0x81, 0xac, 0xb3, 0xff, 0x81, 0xac, 0xb3, 0xff, 
0x81, 0xac, 0xb3, 0xff, 0x81, 0xac, 0xb3, 0xff, 0x81, 0xac, 0xb3, 0xff, 0x81, 0xac, 0xb3, 0xff, 
0x80, 0xab, 0xb2, 0xff, 0x80, 0xac, 0xb2, 0xff, 0x81, 0xac, 0xb3, 0xff, 0x80, 0xab, 0xb2, 0xff, 
0x81, 0xac, 0xb3, 0xff, 0x81, 0xac, 0xb3, 0xff, 0x81, 0xac, 0xb3, 0xff, 0x80, 0xab, 0xb2, 0xff, 
0x80, 0xab, 0xb2, 0xff, 0x80, 0xab, 0xb2, 0xff, 0x81, 0xac, 0xb3, 0xff, 0x81, 0xac, 0xb3, 0xff, 
0x81, 0xac, 0xb3, 0xff, 0x81, 0xac, 0xb3, 0xff, 0x81, 0xac, 0xb3, 0xff, 0x81, 0xac, 0xb3, 0xff, 
0x80, 0xab, 0xb2, 0xff, 0x81, 0xac, 0xb3, 0xff, 0x82, 0xac, 0xb3, 0xff, 0x80, 0xab, 0xb2, 0xff, 
0x80, 0xac, 0xb2, 0xff, 0x80, 0xac, 0xb3, 0xff, 0x81, 0xac, 0xb3, 0xff, 0x81, 0xac, 0xb3, 0xff, 
0x81, 0xac, 0xb3, 0xff, 0x81, 0xac, 0xb3, 0xff, 0x81, 0xab, 0xb2, 0xff, 0x81, 0xab, 0xb2, 0xff, 
0x80, 0xac, 0xb2, 0xff, 0x81, 0xac, 0xb3, 0xff, 0x81, 0xac, 0xb2, 0xff, 0x81, 0xac, 0xb3, 0xff, 
0x81, 0xac, 0xb3, 0xff, 0x81, 0xac, 0xb3, 0xff, 0x81, 0xac, 0xb3, 0xff, 0x81, 0xab, 0xb2, 0xff, 
0x81, 0xac, 0xb2, 0xff, 0x81, 0xac, 0xb3, 0xff, 0x81, 0xac, 0xb3, 0xff, 0x81, 0xac, 0xb3, 0xff, 
0x80, 0xac, 0xb3, 0xff, 0x81, 0xac, 0xb2, 0xff, 0x80, 0xab, 0xb2, 0xff, 0x81, 0xac, 0xb3, 0xff, 
0x81, 0xac, 0xb3, 0xff, 0x81, 0xac, 0xb3, 0xff, 0x80, 0xab, 0xb2, 0xff, 0x80, 0xab, 0xb2, 0xff, 
0x80, 0xab, 0xb2, 0xff, 0x80, 0xab, 0xb2, 0xff, 0x80, 0xab, 0xb2, 0xff, 0x81, 0xac, 0xb3, 0xff, 
0x81, 0xac, 0xb3, 0xff, 0x80, 0xab, 0xb2, 0xff, 0x81, 0xac, 0xb2, 0xff, 0x80, 0xac, 0xb3, 0xff, 
0x81, 0xac, 0xb3, 0xff, 0x81, 0xac, 0xb3, 0xff, 0x81, 0xac, 0xb3, 0xff, 0x81, 0xac, 0xb2, 0xff, 
0x82, 0xac, 0xb3, 0xff, 0x81, 0xac, 0xb3, 0xff, 0x81, 0xac, 0xb3, 0xff, 0x81, 0xab, 0xb3, 0xff, 
0x81, 0xac, 0xb3, 0xff, 0x81, 0xac, 0xb2, 0xff, 0x81, 0xac, 0xb3, 0xff, 0x81, 0xac, 0xb3, 0xff, 
0x81, 0xab, 0xb2, 0xff, 0x80, 0xab, 0xb2, 0xff, 0x81, 0xac, 0xb3, 0xff, 0x81, 0xac, 0xb3, 0xff, 
0x81, 0xac, 0xb3, 0xff, 0x81, 0xac, 0xb3, 0xff, 0x80, 0xac, 0xb3, 0xff, 0x80, 0xac, 0xb2, 0xff, 
0x80, 0xab, 0xb2, 0xff, 0x80, 0xab, 0xb2, 0xff, 0x81, 0xac, 0xb3, 0xff, 0x80, 0xab, 0xb2, 0xff, 
0x80, 0xab, 0xb2, 0xff, 0x81, 0xac, 0xb3, 0xff, 0x80, 0xab, 0xb2, 0xff, 0x81, 0xac, 0xb3, 0xff, 
0x81, 0xac, 0xb3, 0xff, 0x81, 0xac, 0xb3, 0xff, 0x81, 0xab, 0xb3, 0xff, 0x80, 0xab, 0xb2, 0xff, 
0x80, 0xab, 0xb2, 0xff, 0x81, 0xac, 0xb3, 0xff, 0x82, 0xac, 0xb3, 0xff, 0x81, 0xac, 0xb3, 0xff, 
0x81, 0xab, 0xb2, 0xff, 0x80, 0xab, 0xb2, 0xff, 0x81, 0xac, 0xb3, 0xff, 0x80, 0xab, 0xb2, 0xff, 
0x81, 0xac, 0xb3, 0xff, 0x81, 0xac, 0xb3, 0xff, 0x80, 0xab, 0xb2, 0xff, 0x81, 0xac, 0xb3, 0xff, 
0x81, 0xac, 0xb3, 0xff, 0x81, 0xac, 0xb3, 0xff, 0x81, 0xac, 0xb3, 0xff, 0x81, 0xac, 0xb3, 0xff, 
0x81, 0xac, 0xb3, 0xff, 0x81, 0xac, 0xb3, 0xff, 0x81, 0xac, 0xb3, 0xff, 0x81, 0xac, 0xb3, 0xff, 
0x81, 0xac, 0xb3, 0xff, 0x81, 0xac, 0xb3, 0xff, 0x81, 0xac, 0xb3, 0xff, 0x81, 0xac, 0xb3, 0xff, 
0x81, 0xac, 0xb3, 0xff, 0x81, 0xac, 0xb3, 0xff, 0x81, 0xac, 0xb3, 0xff, 0x81, 0xac, 0xb3, 0xff, 
0x81, 0xac, 0xb3, 0xff, 0x81, 0xac, 0xb3, 0xff, 0x81, 0xac, 0xb3, 0xff, 0x81, 0xac, 0xb3, 0xff, 
0x80, 0xab, 0xb2, 0xff, 0x80, 0xab, 0xb3, 0xff, 0x80, 0xab, 0xb2, 0xff, 0x80, 0xab, 0xb2, 0xff, 
0x80, 0xab, 0xb2, 0xff, 0x80, 0xab, 0xb2, 0xff, 0x80, 0xab, 0xb2, 0xff, 0x80, 0xab, 0xb2, 0xff, 
0x80, 0xab, 0xb2, 0xff, 0x80, 0xab, 0xb2, 0xff, 0x80, 0xab, 0xb2, 0xff, 0x80, 0xab, 0xb2, 0xff, 
0x80, 0xab, 0xb2, 0xff, 0x80, 0xab, 0xb2, 0xff, 0x80, 0xab, 0xb2, 0xff, 0x80, 0xab, 0xb2, 0xff, 
0x80, 0xab, 0xb2, 0xff, 0x80, 0xab, 0xb2, 0xff, 0x80, 0xab, 0xb2, 0xff, 0x81, 0xac, 0xb2, 0xff, 
0x81, 0xac, 0xb3, 0xff, 0x81, 0xac, 0xb2, 0xff, 0x80, 0xab, 0xb2, 0xff, 0x80, 0xab, 0xb2, 0xff, 
0x80, 0xab, 0xb2, 0xff, 0x80, 0xab, 0xb2, 0xff, 0x80, 0xab, 0xb2, 0xff, 0x80, 0xab, 0xb2, 0xff, 
0x82, 0xaa, 0xb2, 0xff, 0x82, 0xaa, 0xb2, 0xff, 0x82, 0xaa, 0xb2, 0xff, 0x81, 0xab, 0xb2, 0xff, 
0x80, 0xac, 0xb2, 0xff, 0x80, 0xab, 0xb2, 0xff, 0x80, 0xab, 0xb2, 0xff, 0x80, 0xab, 0xb2, 0xff, 
0x80, 0xab, 0xb2, 0xff, 0x80, 0xab, 0xb2, 0xff, 0x80, 0xab, 0xb2, 0xff, 0x80, 0xab, 0xb2, 0xff, 
0x81, 0xab, 0xb2, 0xff, 0x80, 0xab, 0xb2, 0xff, 0x80, 0xab, 0xb2, 0xff, 0x80, 0xab, 0xb2, 0xff, 
0x80, 0xab, 0xb2, 0xff, 0x80, 0xab, 0xb2, 0xff, 0x80, 0xab, 0xb2, 0xff, 0x80, 0xab, 0xb2, 0xff, 
0x81, 0xab, 0xb2, 0xff, 0x80, 0xab, 0xb2, 0xff, 0x80, 0xab, 0xb2, 0xff, 0x80, 0xab, 0xb2, 0xff, 
0x80, 0xab, 0xb2, 0xff, 0x80, 0xab, 0xb2, 0xff, 0x80, 0xab, 0xb2, 0xff, 0x80, 0xab, 0xb2, 0xff, 
0x80, 0xab, 0xb2, 0xff, 0x80, 0xab, 0xb2, 0xff, 0x80, 0xab, 0xb2, 0xff, 0x80, 0xab, 0xb2, 0xff, 
0x80, 0xab, 0xb2, 0xff, 0x80, 0xab, 0xb2, 0xff, 0x80, 0xab, 0xb2, 0xff, 0x81, 0xab, 0xb2, 0xff, 
0x80, 0xab, 0xb2, 0xff, 0x80, 0xab, 0xb2, 0xff, 0x80, 0xab, 0xb2, 0xff, 0x80, 0xab, 0xb2, 0xff, 
0x80, 0xab, 0xb2, 0xff, 0x80, 0xab, 0xb2, 0xff, 0x80, 0xab, 0xb2, 0xff, 0x81, 0xab, 0xb2, 0xff, 
0x80, 0xab, 0xb2, 0xff, 0x80, 0xab, 0xb2, 0xff, 0x80, 0xab, 0xb2, 0xff, 0x80, 0xab, 0xb2, 0xff, 
0x80, 0xab, 0xb2, 0xff, 0x80, 0xab, 0xb2, 0xff, 0x80, 0xab, 0xb2, 0xff, 0x80, 0xab, 0xb2, 0xff, 
0x80, 0xab, 0xb2, 0xff, 0x82, 0xaa, 0xb2, 0xff, 0x82, 0xaa, 0xb2, 0xff, 0x81, 0xaa, 0xb2, 0xff, 
0x80, 0xab, 0xb2, 0xff, 0x80, 0xab, 0xb2, 0xff, 0x80, 0xab, 0xb2, 0xff, 0x80, 0xab, 0xb2, 0xff, 
0x80, 0xab, 0xb2, 0xff, 0x80, 0xab, 0xb2, 0xff, 0x81, 0xac, 0xb3, 0xff, 0x81, 0xac, 0xb3, 0xff, 
0x81, 0xac, 0xb3, 0xff, 0x80, 0xab, 0xb2, 0xff, 0x80, 0xab, 0xb2, 0xff, 0x80, 0xab, 0xb2, 0xff, 
0x80, 0xab, 0xb2, 0xff, 0x80, 0xab, 0xb2, 0xff, 0x80, 0xab, 0xb2, 0xff, 0x80, 0xab, 0xb2, 0xff, 
0x80, 0xab, 0xb2, 0xff, 0x80, 0xab, 0xb2, 0xff, 0x80, 0xab, 0xb2, 0xff, 0x80, 0xab, 0xb2, 0xff, 
0x80, 0xab, 0xb2, 0xff, 0x80, 0xab, 0xb2, 0xff, 0x80, 0xab, 0xb2, 0xff, 0x80, 0xab, 0xb2, 0xff, 
0x80, 0xab, 0xb2, 0xff, 0x80, 0xab, 0xb3, 0xff, 0x80, 0xab, 0xb3, 0xff, 0x80, 0xab, 0xb2, 0xff, 
0x81, 0xac, 0xb3, 0xff, 0x81, 0xac, 0xb3, 0xff, 0x81, 0xac, 0xb3, 0xff, 0x81, 0xac, 0xb3, 0xff, 
0x81, 0xac, 0xb3, 0xff, 0x81, 0xac, 0xb3, 0xff, 0x81, 0xac, 0xb3, 0xff, 0x81, 0xac, 0xb3, 0xff, 
0x81, 0xac, 0xb3, 0xff, 0x81, 0xac, 0xb3, 0xff, 0x81, 0xac, 0xb3, 0xff, 0x81, 0xac, 0xb3, 0xff, 
0x81, 0xac, 0xb3, 0xff, 0x81, 0xac, 0xb3, 0xff, 0x81, 0xac, 0xb3, 0xff, 0x81, 0xac, 0xb3, 0xff, 
0x80, 0xab, 0xb2, 0xff, 0x80, 0xab, 0xb3, 0xff, 0x80, 0xab, 0xb3, 0xff, 0x80, 0xab, 0xb2, 0xff, 
0x80, 0xab, 0xb2, 0xff, 0x80, 0xab, 0xb2, 0xff, 0x80, 0xab, 0xb2, 0xff, 0x80, 0xab, 0xb2, 0xff, 
0x80, 0xab, 0xb2, 0xff, 0x80, 0xab, 0xb2, 0xff, 0x80, 0xab, 0xb2, 0xff, 0x80, 0xab, 0xb2, 0xff, 
0x80, 0xab, 0xb2, 0xff, 0x80, 0xab, 0xb2, 0xff, 0x80, 0xab, 0xb2, 0xff, 0x80, 0xab, 0xb2, 0xff, 
0x80, 0xab, 0xb2, 0xff, 0x80, 0xab, 0xb2, 0xff, 0x80, 0xab, 0xb2, 0xff, 0x81, 0xac, 0xb3, 0xff, 
0x81, 0xac, 0xb3, 0xff, 0x81, 0xac, 0xb3, 0xff, 0x80, 0xab, 0xb2, 0xff, 0x80, 0xab, 0xb2, 0xff, 
0x80, 0xab, 0xb2, 0xff, 0x80, 0xab, 0xb2, 0xff, 0x80, 0xab, 0xb2, 0xff, 0x80, 0xab, 0xb2, 0xff, 
0x81, 0xaa, 0xb2, 0xff, 0x82, 0xaa, 0xb2, 0xff, 0x82, 0xaa, 0xb2, 0xff, 0x80, 0xab, 0xb2, 0xff, 
0x80, 0xab, 0xb2, 0xff, 0x80, 0xab, 0xb2, 0xff, 0x80, 0xab, 0xb2, 0xff, 0x80, 0xab, 0xb2, 0xff, 
0x80, 0xab, 0xb2, 0xff, 0x80, 0xab, 0xb2, 0xff, 0x80, 0xab, 0xb2, 0xff, 0x80, 0xab, 0xb2, 0xff, 
0x81, 0xab, 0xb2, 0xff, 0x80, 0xab, 0xb2, 0xff, 0x80, 0xab, 0xb2, 0xff, 0x80, 0xab, 0xb2, 0xff, 
0x80, 0xab, 0xb2, 0xff, 0x80, 0xab, 0xb2, 0xff, 0x80, 0xab, 0xb2, 0xff, 0x80, 0xab, 0xb2, 0xff, 
0x81, 0xab, 0xb2, 0xff, 0x80, 0xab, 0xb2, 0xff, 0x80, 0xab, 0xb2, 0xff, 0x80, 0xab, 0xb2, 0xff, 
0x80, 0xab, 0xb2, 0xff, 0x80, 0xab, 0xb2, 0xff, 0x80, 0xab, 0xb2, 0xff, 0x80, 0xab, 0xb2, 0xff, 
0x80, 0xab, 0xb2, 0xff, 0x80, 0xab, 0xb2, 0xff, 0x80, 0xab, 0xb2, 0xff, 0x80, 0xab, 0xb2, 0xff, 
0x80, 0xab, 0xb2, 0xff, 0x80, 0xab, 0xb2, 0xff, 0x80, 0xab, 0xb2, 0xff, 0x81, 0xab, 0xb2, 0xff, 
0x80, 0xab, 0xb2, 0xff, 0x80, 0xab, 0xb2, 0xff, 0x80, 0xab, 0xb2, 0xff, 0x80, 0xab, 0xb2, 0xff, 
0x80, 0xab, 0xb2, 0xff, 0x80, 0xab, 0xb2, 0xff, 0x80, 0xab, 0xb2, 0xff, 0x81, 0xab, 0xb2, 0xff, 
0x80, 0xab, 0xb2, 0xff, 0x80, 0xab, 0xb2, 0xff, 0x80, 0xab, 0xb2, 0xff, 0x80, 0xab, 0xb2, 0xff, 
0x80, 0xab, 0xb2, 0xff, 0x80, 0xab, 0xb2, 0xff, 0x80, 0xab, 0xb2, 0xff, 0x80, 0xac, 0xb2, 0xff, 
0x81, 0xab, 0xb2, 0xff, 0x82, 0xaa, 0xb2, 0xff, 0x82, 0xaa, 0xb2, 0xff, 0x82, 0xaa, 0xb2, 0xff, 
0x80, 0xab, 0xb2, 0xff, 0x80, 0xab, 0xb2, 0xff, 0x80, 0xab, 0xb2, 0xff, 0x80, 0xab, 0xb2, 0xff, 
0x80, 0xab, 0xb2, 0xff, 0x80, 0xab, 0xb2, 0xff, 0x81, 0xac, 0xb2, 0xff, 0x81, 0xac, 0xb3, 0xff, 
0x81, 0xac, 0xb2, 0xff, 0x80, 0xab, 0xb2, 0xff, 0x80, 0xab, 0xb2, 0xff, 0x80, 0xab, 0xb2, 0xff, 
0x80, 0xab, 0xb2, 0xff, 0x80, 0xab, 0xb2, 0xff, 0x80, 0xab, 0xb2, 0xff, 0x80, 0xab, 0xb2, 0xff, 
0x80, 0xab, 0xb2, 0xff, 0x80, 0xab, 0xb2, 0xff, 0x80, 0xab, 0xb2, 0xff, 0x80, 0xab, 0xb2, 0xff, 
0x80, 0xab, 0xb2, 0xff, 0x80, 0xab, 0xb2, 0xff, 0x80, 0xab, 0xb2, 0xff, 0x80, 0xab, 0xb2, 0xff, 
0x80, 0xab, 0xb2, 0xff, 0x80, 0xab, 0xb2, 0xff, 0x80, 0xab, 0xb3, 0xff, 0x80, 0xab, 0xb2, 0xff, 
0x81, 0xac, 0xb3, 0xff, 0x81, 0xac, 0xb3, 0xff, 0x81, 0xac, 0xb3, 0xff, 0x81, 0xac, 0xb3, 0xff, 
0x81, 0xac, 0xb3, 0xff, 0x81, 0xac, 0xb3, 0xff, 0x81, 0xac, 0xb3, 0xff, 0x81, 0xac, 0xb3, 0xff, 
0x80, 0xab, 0xb2, 0xff, 0x80, 0xab, 0xb2, 0xff, 0x80, 0xab, 0xb2, 0xff, 0x80, 0xab, 0xb2, 0xff, 
0x80, 0xab, 0xb2, 0xff, 0x80, 0xab, 0xb2, 0xff, 0x80, 0xab, 0xb2, 0xff, 0x80, 0xab, 0xb2, 0xff, 
0x80, 0xab, 0xb2, 0xff, 0x80, 0xab, 0xb2, 0xff, 0x80, 0xab, 0xb2, 0xff, 0x80, 0xab, 0xb2, 0xff, 
0x80, 0xab, 0xb2, 0xff, 0x80, 0xab, 0xb2, 0xff, 0x80, 0xab, 0xb2, 0xff, 0x80, 0xab, 0xb2, 0xff, 
0x80, 0xab, 0xb2, 0xff, 0x80, 0xab, 0xb2, 0xff, 0x80, 0xab, 0xb2, 0xff, 0x80, 0xab, 0xb2, 0xff, 
0x80, 0xab, 0xb2, 0xff, 0x7f, 0xaa, 0xb1, 0xff, 0x7f, 0xaa, 0xb1, 0xff, 0x7f, 0xaa, 0xb1, 0xff, 
0x80, 0xab, 0xb2, 0xff, 0x80, 0xab, 0xb2, 0xff, 0x80, 0xab, 0xb2, 0xff, 0x80, 0xab, 0xb2, 0xff, 
0x80, 0xab, 0xb2, 0xff, 0x81, 0xab, 0xb2, 0xff, 0x82, 0xaa, 0xb2, 0xff, 0x80, 0xab, 0xb2, 0xff, 
0x80, 0xab, 0xb2, 0xff, 0x80, 0xab, 0xb2, 0xff, 0x80, 0xab, 0xb2, 0xff, 0x80, 0xab, 0xb2, 0xff, 
0x81, 0xab, 0xb2, 0xff, 0x82, 0xab, 0xb2, 0xff, 0x82, 0xaa, 0xb2, 0xff, 0x82, 0xaa, 0xb2, 0xff, 
0x82, 0xaa, 0xb2, 0xff, 0x81, 0xaa, 0xb2, 0xff, 0x81, 0xab, 0xb2, 0xff, 0x80, 0xab, 0xb2, 0xff, 
0x7f, 0xab, 0xb2, 0xff, 0x7f, 0xab, 0xb2, 0xff, 0x80, 0xab, 0xb2, 0xff, 0x80, 0xab, 0xb2, 0xff, 
0x80, 0xab, 0xb2, 0xff, 0x80, 0xab, 0xb2, 0xff, 0x81, 0xab, 0xb2, 0xff, 0x80, 0xab, 0xb1, 0xff, 
0x80, 0xab, 0xb2, 0xff, 0x80, 0xab, 0xb2, 0xff, 0x80, 0xab, 0xb2, 0xff, 0x80, 0xab, 0xb2, 0xff, 
0x81, 0xab, 0xb2, 0xff, 0x80, 0xab, 0xb2, 0xff, 0x80, 0xab, 0xb2, 0xff, 0x80, 0xab, 0xb2, 0xff, 
0x80, 0xab, 0xb2, 0xff, 0x80, 0xab, 0xb2, 0xff, 0x80, 0xab, 0xb2, 0xff, 0x80, 0xab, 0xb2, 0xff, 
0x80, 0xab, 0xb2, 0xff, 0x80, 0xab, 0xb2, 0xff, 0x80, 0xab, 0xb2, 0xff, 0x80, 0xab, 0xb2, 0xff, 
0x80, 0xab, 0xb2, 0xff, 0x80, 0xab, 0xb2, 0xff, 0x80, 0xab, 0xb2, 0xff, 0x81, 0xab, 0xb2, 0xff, 
0x80, 0xab, 0xb2, 0xff, 0x80, 0xab, 0xb2, 0xff, 0x81, 0xaa, 0xb2, 0xff, 0x80, 0xab, 0xb2, 0xff, 
0x80, 0xab, 0xb1, 0xff, 0x80, 0xab, 0xb2, 0xff, 0x80, 0xab, 0xb2, 0xff, 0x80, 0xab, 0xb2, 0xff, 
0x80, 0xab, 0xb2, 0xff, 0x80, 0xab, 0xb2, 0xff, 0x80, 0xab, 0xb2, 0xff, 0x80, 0xab, 0xb2, 0xff, 
0x80, 0xab, 0xb2, 0xff, 0x81, 0xab, 0xb2, 0xff, 0x81, 0xab, 0xb2, 0xff, 0x82, 0xaa, 0xb2, 0xff, 
0x82, 0xaa, 0xb2, 0xff, 0x82, 0xaa, 0xb2, 0xff, 0x82, 0xab, 0xb2, 0xff, 0x80, 0xab, 0xb2, 0xff, 
0x80, 0xab, 0xb2, 0xff, 0x80, 0xab, 0xb2, 0xff, 0x80, 0xab, 0xb2, 0xff, 0x80, 0xab, 0xb2, 0xff, 
0x80, 0xab, 0xb2, 0xff, 0x81, 0xab, 0xb2, 0xff, 0x81, 0xab, 0xb2, 0xff, 0x80, 0xab, 0xb2, 0xff, 
0x80, 0xab, 0xb2, 0xff, 0x80, 0xab, 0xb2, 0xff, 0x80, 0xab, 0xb2, 0xff, 0x80, 0xab, 0xb2, 0xff, 
0x7f, 0xaa, 0xb1, 0xff, 0x7f, 0xaa, 0xb1, 0xff, 0x7f, 0xaa, 0xb1, 0xff, 0x80, 0xab, 0xb2, 0xff, 
0x80, 0xab, 0xb2, 0xff, 0x80, 0xab, 0xb2, 0xff, 0x81, 0xab, 0xb2, 0xff, 0x80, 0xab, 0xb2, 0xff, 
0x80, 0xab, 0xb2, 0xff, 0x80, 0xab, 0xb2, 0xff, 0x80, 0xab, 0xb2, 0xff, 0x80, 0xab, 0xb2, 0xff, 
0x80, 0xab, 0xb2, 0xff, 0x80, 0xab, 0xb2, 0xff, 0x80, 0xab, 0xb2, 0xff, 0x80, 0xab, 0xb2, 0xff, 
0x80, 0xab, 0xb2, 0xff, 0x80, 0xab, 0xb2, 0xff, 0x80, 0xab, 0xb2, 0xff, 0x80, 0xab, 0xb2, 0xff, 
0x80, 0xab, 0xb2, 0xff, 0x80, 0xab, 0xb2, 0xff, 0x81, 0xac, 0xb3, 0xff, 0x80, 0xab, 0xb2, 0xff, 
0x80, 0xab, 0xb2, 0xff, 0x81, 0xac, 0xb3, 0xff, 0x80, 0xab, 0xb2, 0xff, 0x80, 0xab, 0xb2, 0xff, 
0x80, 0xab, 0xb2, 0xff, 0x80, 0xab, 0xb2, 0xff, 0x80, 0xab, 0xb2, 0xff, 0x80, 0xab, 0xb2, 0xff, 
0x80, 0xab, 0xb2, 0xff, 0x80, 0xab, 0xb2, 0xff, 0x80, 0xab, 0xb2, 0xff, 0x80, 0xab, 0xb2, 0xff, 
0x80, 0xab, 0xb2, 0xff, 0x80, 0xab, 0xb2, 0xff, 0x80, 0xab, 0xb2, 0xff, 0x80, 0xab, 0xb2, 0xff, 
0x80, 0xab, 0xb2, 0xff, 0x81, 0xab, 0xb2, 0xff, 0x80, 0xab, 0xb2, 0xff, 0x80, 0xab, 0xb2, 0xff, 
0x80, 0xab, 0xb2, 0xff, 0x7f, 0xaa, 0xb1, 0xff, 0x7f, 0xaa, 0xb1, 0xff, 0x7f, 0xaa, 0xb1, 0xff, 
0x80, 0xab, 0xb2, 0xff, 0x80, 0xab, 0xb2, 0xff, 0x80, 0xab, 0xb2, 0xff, 0x80, 0xab, 0xb2, 0xff, 
0x80, 0xab, 0xb2, 0xff, 0x81, 0xab, 0xb2, 0xff, 0x81, 0xab, 0xb2, 0xff, 0x80, 0xab, 0xb2, 0xff, 
0x80, 0xab, 0xb2, 0xff, 0x80, 0xab, 0xb2, 0xff, 0x80, 0xab, 0xb2, 0xff, 0x80, 0xab, 0xb2, 0xff, 
0x80, 0xab, 0xb2, 0xff, 0x82, 0xab, 0xb2, 0xff, 0x82, 0xaa, 0xb2, 0xff, 0x82, 0xaa, 0xb2, 0xff, 
0x82, 0xaa, 0xb2, 0xff, 0x81, 0xab, 0xb2, 0xff, 0x81, 0xab, 0xb2, 0xff, 0x80, 0xab, 0xb2, 0xff, 
0x80, 0xab, 0xb2, 0xff, 0x80, 0xab, 0xb2, 0xff, 0x80, 0xab, 0xb2, 0xff, 0x80, 0xab, 0xb2, 0xff, 
0x80, 0xab, 0xb2, 0xff, 0x80, 0xab, 0xb2, 0xff, 0x80, 0xab, 0xb2, 0xff, 0x80, 0xab, 0xb1, 0xff, 
0x80, 0xab, 0xb2, 0xff, 0x81, 0xaa, 0xb2, 0xff, 0x80, 0xab, 0xb2, 0xff, 0x80, 0xab, 0xb2, 0xff, 
0x81, 0xab, 0xb2, 0xff, 0x80, 0xab, 0xb2, 0xff, 0x80, 0xab, 0xb2, 0xff, 0x80, 0xab, 0xb2, 0xff, 
0x80, 0xab, 0xb2, 0xff, 0x80, 0xab, 0xb2, 0xff, 0x80, 0xab, 0xb2, 0xff, 0x80, 0xab, 0xb2, 0xff, 
0x80, 0xab, 0xb2, 0xff, 0x80, 0xab, 0xb2, 0xff, 0x80, 0xab, 0xb2, 0xff, 0x80, 0xab, 0xb2, 0xff, 
0x80, 0xab, 0xb2, 0xff, 0x80, 0xab, 0xb2, 0xff, 0x80, 0xab, 0xb2, 0xff, 0x81, 0xab, 0xb2, 0xff, 
0x80, 0xab, 0xb2, 0xff, 0x80, 0xab, 0xb2, 0xff, 0x80, 0xab, 0xb2, 0xff, 0x80, 0xab, 0xb2, 0xff, 
0x80, 0xab, 0xb1, 0xff, 0x81, 0xab, 0xb2, 0xff, 0x80, 0xab, 0xb2, 0xff, 0x80, 0xab, 0xb2, 0xff, 
0x80, 0xab, 0xb2, 0xff, 0x80, 0xab, 0xb2, 0xff, 0x7f, 0xab, 0xb2, 0xff, 0x7f, 0xab, 0xb2, 0xff, 
0x80, 0xab, 0xb2, 0xff, 0x81, 0xab, 0xb2, 0xff, 0x81, 0xaa, 0xb2, 0xff, 0x82, 0xaa, 0xb2, 0xff, 
0x82, 0xaa, 0xb2, 0xff, 0x82, 0xaa, 0xb2, 0xff, 0x82, 0xab, 0xb2, 0xff, 0x81, 0xab, 0xb2, 0xff, 
0x80, 0xab, 0xb2, 0xff, 0x80, 0xab, 0xb2, 0xff, 0x80, 0xab, 0xb2, 0xff, 0x80, 0xab, 0xb2, 0xff, 
0x80, 0xab, 0xb2, 0xff, 0x82, 0xaa, 0xb2, 0xff, 0x81, 0xab, 0xb2, 0xff, 0x80, 0xab, 0xb2, 0xff, 
0x80, 0xab, 0xb2, 0xff, 0x80, 0xab, 0xb2, 0xff, 0x80, 0xab, 0xb2, 0xff, 0x80, 0xab, 0xb2, 0xff, 
0x7f, 0xaa, 0xb1, 0xff, 0x7f, 0xaa, 0xb1, 0xff, 0x7f, 0xaa, 0xb1, 0xff, 0x80, 0xab, 0xb2, 0xff, 
0x80, 0xab, 0xb2, 0xff, 0x80, 0xab, 0xb2, 0xff, 0x80, 0xab, 0xb2, 0xff, 0x80, 0xab, 0xb2, 0xff, 
0x80, 0xab, 0xb2, 0xff, 0x80, 0xab, 0xb2, 0xff, 0x80, 0xab, 0xb2, 0xff, 0x80, 0xab, 0xb2, 0xff, 
0x80, 0xab, 0xb2, 0xff, 0x80, 0xab, 0xb2, 0xff, 0x80, 0xab, 0xb2, 0xff, 0x80, 0xab, 0xb2, 0xff, 
0x80, 0xab, 0xb2, 0xff, 0x80, 0xab, 0xb2, 0xff, 0x80, 0xab, 0xb2, 0xff, 0x80, 0xab, 0xb2, 0xff, 
0x80, 0xab, 0xb2, 0xff, 0x80, 0xab, 0xb2, 0xff, 0x80, 0xab, 0xb2, 0xff, 0x80, 0xab, 0xb2, 0xff, 
0x80, 0xab, 0xb2, 0xff, 0x80, 0xab, 0xb2, 0xff, 0x80, 0xab, 0xb2, 0xff, 0x80, 0xab, 0xb2, 0xff, 
0x80, 0xab, 0xb2, 0xff, 0x80, 0xab, 0xb2, 0xff, 0x80, 0xab, 0xb2, 0xff, 0x80, 0xab, 0xb2, 0xff, 
0x80, 0xab, 0xb2, 0xff, 0x80, 0xab, 0xb2, 0xff, 0x80, 0xab, 0xb2, 0xff, 0x80, 0xab, 0xb2, 0xff, 
0x80, 0xab, 0xb2, 0xff, 0x81, 0xab, 0xb2, 0xff, 0x81, 0xab, 0xb2, 0xff, 0x80, 0xab, 0xb2, 0xff, 
0x80, 0xab, 0xb2, 0xff, 0x80, 0xab, 0xb2, 0xff, 0x80, 0xab, 0xb2, 0xff, 0x7f, 0xaa, 0xb1, 0xff, 
0x7f, 0xaa, 0xb1, 0xff, 0x7f, 0xaa, 0xb1, 0xff, 0x7f, 0xaa, 0xb1, 0xff, 0x7f, 0xaa, 0xb1, 0xff, 
0x7f, 0xaa, 0xb1, 0xff, 0x7f, 0xaa, 0xb1, 0xff, 0x80, 0xab, 0xb2, 0xff, 0x80, 0xab, 0xb2, 0xff, 
0x80, 0xab, 0xb2, 0xff, 0x82, 0xaa, 0xb2, 0xff, 0x83, 0xaa, 0xb2, 0xff, 0x81, 0xaa, 0xb2, 0xff, 
0x80, 0xaa, 0xb1, 0xff, 0x80, 0xab, 0xb1, 0xff, 0x80, 0xab, 0xb2, 0xff, 0x80, 0xab, 0xb2, 0xff, 
0x80, 0xab, 0xb2, 0xff, 0x80, 0xab, 0xb2, 0xff, 0x80, 0xab, 0xb2, 0xff, 0x81, 0xab, 0xb2, 0xff, 
0x81, 0xaa, 0xb2, 0xff, 0x81, 0xaa, 0xb2, 0xff, 0x82, 0xaa, 0xb2, 0xff, 0x81, 0xaa, 0xb2, 0xff, 
0x81, 0xaa, 0xb2, 0xff, 0x81, 0xaa, 0xb2, 0xff, 0x80, 0xaa, 0xb2, 0xff, 0x80, 0xaa, 0xb2, 0xff, 
0x80, 0xab, 0xb2, 0xff, 0x80, 0xab, 0xb2, 0xff, 0x80, 0xab, 0xb2, 0xff, 0x80, 0xab, 0xb1, 0xff, 
0x80, 0xaa, 0xb2, 0xff, 0x80, 0xab, 0xb2, 0xff, 0x80, 0xab, 0xb1, 0xff, 0x80, 0xaa, 0xb1, 0xff, 
0x80, 0xab, 0xb2, 0xff, 0x80, 0xab, 0xb2, 0xff, 0x80, 0xab, 0xb2, 0xff, 0x80, 0xab, 0xb2, 0xff, 
0x80, 0xab, 0xb2, 0xff, 0x80, 0xab, 0xb2, 0xff, 0x80, 0xab, 0xb2, 0xff, 0x80, 0xab, 0xb2, 0xff, 
0x80, 0xab, 0xb2, 0xff, 0x80, 0xab, 0xb2, 0xff, 0x80, 0xab, 0xb2, 0xff, 0x80, 0xab, 0xb2, 0xff, 
0x80, 0xab, 0xb2, 0xff, 0x80, 0xab, 0xb2, 0xff, 0x80, 0xab, 0xb2, 0xff, 0x80, 0xab, 0xb2, 0xff, 
0x80, 0xaa, 0xb1, 0xff, 0x80, 0xab, 0xb2, 0xff, 0x80, 0xaa, 0xb2, 0xff, 0x80, 0xaa, 0xb2, 0xff, 
0x7f, 0xab, 0xb1, 0xff, 0x80, 0xab, 0xb2, 0xff, 0x7f, 0xab, 0xb2, 0xff, 0x80, 0xab, 0xb2, 0xff, 
0x80, 0xaa, 0xb2, 0xff, 0x81, 0xaa, 0xb2, 0xff, 0x81, 0xaa, 0xb2, 0xff, 0x81, 0xaa, 0xb2, 0xff, 
0x81, 0xaa, 0xb2, 0xff, 0x82, 0xaa, 0xb2, 0xff, 0x81, 0xaa, 0xb2, 0xff, 0x81, 0xab, 0xb2, 0xff, 
0x81, 0xab, 0xb2, 0xff, 0x80, 0xab, 0xb2, 0xff, 0x80, 0xab, 0xb2, 0xff, 0x80, 0xab, 0xb2, 0xff, 
0x80, 0xab, 0xb2, 0xff, 0x80, 0xab, 0xb2, 0xff, 0x80, 0xab, 0xb1, 0xff, 0x80, 0xaa, 0xb1, 0xff, 
0x82, 0xaa, 0xb2, 0xff, 0x82, 0xaa, 0xb2, 0xff, 0x80, 0xab, 0xb2, 0xff, 0x80, 0xab, 0xb2, 0xff, 
0x80, 0xab, 0xb2, 0xff, 0x80, 0xab, 0xb2, 0xff, 0x7f, 0xaa, 0xb1, 0xff, 0x7f, 0xaa, 0xb1, 0xff, 
0x7f, 0xaa, 0xb1, 0xff, 0x7f, 0xaa, 0xb1, 0xff, 0x7f, 0xaa, 0xb1, 0xff, 0x7f, 0xaa, 0xb1, 0xff, 
0x7f, 0xaa, 0xb1, 0xff, 0x80, 0xab, 0xb2, 0xff, 0x80, 0xab, 0xb2, 0xff, 0x80, 0xab, 0xb2, 0xff, 
0x81, 0xab, 0xb2, 0xff, 0x80, 0xab, 0xb2, 0xff, 0x80, 0xab, 0xb2, 0xff, 0x80, 0xab, 0xb2, 0xff, 
0x80, 0xab, 0xb2, 0xff, 0x80, 0xab, 0xb2, 0xff, 0x80, 0xab, 0xb2, 0xff, 0x80, 0xab, 0xb2, 0xff, 
0x80, 0xab, 0xb2, 0xff, 0x80, 0xab, 0xb2, 0xff, 0x80, 0xab, 0xb2, 0xff, 0x80, 0xab, 0xb2, 0xff, 
0x80, 0xab, 0xb2, 0xff, 0x80, 0xab, 0xb2, 0xff, 0x80, 0xab, 0xb2, 0xff, 0x80, 0xab, 0xb2, 0xff, 
0x80, 0xab, 0xb2, 0xff, 0x80, 0xab, 0xb2, 0xff, 0x80, 0xab, 0xb2, 0xff, 0x80, 0xab, 0xb2, 0xff, 
0x80, 0xab, 0xb2, 0xff, 0x80, 0xab, 0xb2, 0xff, 0x80, 0xab, 0xb2, 0xff, 0x80, 0xab, 0xb2, 0xff, 
0x80, 0xab, 0xb2, 0xff, 0x80, 0xab, 0xb2, 0xff, 0x80, 0xab, 0xb2, 0xff, 0x80, 0xab, 0xb2, 0xff, 
0x80, 0xab, 0xb2, 0xff, 0x80, 0xab, 0xb2, 0xff, 0x80, 0xab, 0xb2, 0xff, 0x81, 0xab, 0xb2, 0xff, 
0x80, 0xab, 0xb2, 0xff, 0x80, 0xab, 0xb2, 0xff, 0x80, 0xab, 0xb2, 0xff, 0x7f, 0xaa, 0xb1, 0xff, 
0x7f, 0xaa, 0xb1, 0xff, 0x7f, 0xaa, 0xb1, 0xff, 0x7f, 0xaa, 0xb1, 0xff, 0x7f, 0xaa, 0xb1, 0xff, 
0x7f, 0xaa, 0xb1, 0xff, 0x7f, 0xaa, 0xb1, 0xff, 0x80, 0xab, 0xb2, 0xff, 0x80, 0xab, 0xb2, 0xff, 
0x80, 0xab, 0xb2, 0xff, 0x80, 0xab, 0xb2, 0xff, 0x82, 0xaa, 0xb2, 0xff, 0x82, 0xaa, 0xb2, 0xff, 
0x80, 0xaa, 0xb1, 0xff, 0x80, 0xab, 0xb1, 0xff, 0x80, 0xab, 0xb2, 0xff, 0x80, 0xab, 0xb2, 0xff, 
0x80, 0xab, 0xb2, 0xff, 0x80, 0xab, 0xb2, 0xff, 0x80, 0xab, 0xb2, 0xff, 0x81, 0xab, 0xb2, 0xff, 
0x81, 0xab, 0xb2, 0xff, 0x81, 0xaa, 0xb2, 0xff, 0x82, 0xaa, 0xb2, 0xff, 0x81, 0xaa, 0xb2, 0xff, 
0x81, 0xaa, 0xb2, 0xff, 0x81, 0xaa, 0xb2, 0xff, 0x81, 0xaa, 0xb2, 0xff, 0x80, 0xaa, 0xb2, 0xff, 
0x80, 0xab, 0xb2, 0xff, 0x7f, 0xab, 0xb2, 0xff, 0x80, 0xab, 0xb2, 0xff, 0x7f, 0xab, 0xb1, 0xff, 
0x80, 0xaa, 0xb2, 0xff, 0x80, 0xaa, 0xb2, 0xff, 0x80, 0xab, 0xb2, 0xff, 0x80, 0xaa, 0xb1, 0xff, 
0x80, 0xab, 0xb2, 0xff, 0x80, 0xab, 0xb2, 0xff, 0x80, 0xab, 0xb2, 0xff, 0x80, 0xab, 0xb2, 0xff, 
0x80, 0xab, 0xb2, 0xff, 0x80, 0xab, 0xb2, 0xff, 0x80, 0xab, 0xb2, 0xff, 0x80, 0xab, 0xb2, 0xff, 
0x80, 0xab, 0xb2, 0xff, 0x80, 0xab, 0xb2, 0xff, 0x80, 0xab, 0xb2, 0xff, 0x80, 0xab, 0xb2, 0xff, 
0x80, 0xab, 0xb2, 0xff, 0x80, 0xab, 0xb2, 0xff, 0x80, 0xab, 0xb2, 0xff, 0x80, 0xab, 0xb2, 0xff, 
0x80, 0xaa, 0xb1, 0xff, 0x80, 0xab, 0xb1, 0xff, 0x80, 0xab, 0xb2, 0xff, 0x80, 0xaa, 0xb2, 0xff, 
0x80, 0xab, 0xb1, 0xff, 0x80, 0xab, 0xb2, 0xff, 0x80, 0xab, 0xb2, 0xff, 0x80, 0xab, 0xb2, 0xff, 
0x80, 0xaa, 0xb2, 0xff, 0x80, 0xaa, 0xb2, 0xff, 0x81, 0xaa, 0xb2, 0xff, 0x81, 0xaa, 0xb2, 0xff, 
0x81, 0xaa, 0xb2, 0xff, 0x82, 0xaa, 0xb2, 0xff, 0x81, 0xaa, 0xb2, 0xff, 0x81, 0xaa, 0xb2, 0xff, 
0x81, 0xab, 0xb2, 0xff, 0x80, 0xab, 0xb2, 0xff, 0x80, 0xab, 0xb2, 0xff, 0x80, 0xab, 0xb2, 0xff, 
0x80, 0xab, 0xb2, 0xff, 0x80, 0xab, 0xb2, 0xff, 0x80, 0xab, 0xb1, 0xff, 0x80, 0xaa, 0xb1, 0xff, 
0x81, 0xaa, 0xb2, 0xff, 0x83, 0xaa, 0xb2, 0xff, 0x82, 0xaa, 0xb2, 0xff, 0x80, 0xab, 0xb2, 0xff, 
0x80, 0xab, 0xb2, 0xff, 0x80, 0xab, 0xb2, 0xff, 0x7f, 0xaa, 0xb1, 0xff, 0x7f, 0xaa, 0xb1, 0xff, 
0x7f, 0xaa, 0xb1, 0xff, 0x7f, 0xaa, 0xb1, 0xff, 0x7f, 0xaa, 0xb1, 0xff, 0x7f, 0xaa, 0xb1, 0xff, 
0x7f, 0xaa, 0xb1, 0xff, 0x80, 0xab, 0xb2, 0xff, 0x80, 0xab, 0xb2, 0xff, 0x80, 0xab, 0xb2, 0xff, 
0x80, 0xab, 0xb2, 0xff, 0x81, 0xab, 0xb2, 0xff, 0x81, 0xab, 0xb2, 0xff, 0x80, 0xab, 0xb2, 0xff, 
0x80, 0xab, 0xb2, 0xff, 0x80, 0xab, 0xb2, 0xff, 0x80, 0xab, 0xb2, 0xff, 0x80, 0xab, 0xb2, 0xff, 
0x80, 0xab, 0xb2, 0xff, 0x80, 0xab, 0xb2, 0xff, 0x80, 0xab, 0xb2, 0xff, 0x80, 0xab, 0xb2, 0xff, 
0x80, 0xab, 0xb2, 0xff, 0x80, 0xab, 0xb2, 0xff, 0x80, 0xab, 0xb2, 0xff, 0x80, 0xab, 0xb2, 0xff, 
0x80, 0xab, 0xb2, 0xff, 0x80, 0xab, 0xb2, 0xff, 0x80, 0xab, 0xb2, 0xff, 0x80, 0xab, 0xb2, 0xff, 
0x80, 0xab, 0xb2, 0xff, 0x80, 0xab, 0xb2, 0xff, 0x81, 0xab, 0xb2, 0xff, 0x80, 0xab, 0xb2, 0xff, 
0x80, 0xab, 0xb2, 0xff, 0x81, 0xab, 0xb2, 0xff, 0x80, 0xab, 0xb2, 0xff, 0x80, 0xab, 0xb2, 0xff, 
0x80, 0xab, 0xb2, 0xff, 0x80, 0xab, 0xb2, 0xff, 0x80, 0xab, 0xb2, 0xff, 0x80, 0xab, 0xb2, 0xff, 
0x7f, 0xaa, 0xb1, 0xff, 0x7f, 0xaa, 0xb1, 0xff, 0x7f, 0xaa, 0xb1, 0xff, 0x7f, 0xaa, 0xb1, 0xff, 
0x7f, 0xaa, 0xb1, 0xff, 0x7f, 0xaa, 0xb1, 0xff, 0x7f, 0xaa, 0xb1, 0xff, 0x7f, 0xaa, 0xb1, 0xff, 
0x7f, 0xaa, 0xb1, 0xff, 0x7f, 0xaa, 0xb1, 0xff, 0x7f, 0xaa, 0xb1, 0xff, 0x7f, 0xaa, 0xb1, 0xff, 
0x7f, 0xaa, 0xb1, 0xff, 0x80, 0xaa, 0xb2, 0xff, 0x81, 0xaa, 0xb2, 0xff, 0x83, 0xaa, 0xb2, 0xff, 
0x81, 0xaa, 0xb1, 0xff, 0x7f, 0xaa, 0xb1, 0xff, 0x7f, 0xaa, 0xb1, 0xff, 0x7f, 0xaa, 0xb1, 0xff, 
0x80, 0xaa, 0xb1, 0xff, 0x80, 0xaa, 0xb2, 0xff, 0x7f, 0xab, 0xb1, 0xff, 0x7f, 0xab, 0xb2, 0xff, 
0x80, 0xab, 0xb2, 0xff, 0x80, 0xab, 0xb2, 0xff, 0x80, 0xab, 0xb2, 0xff, 0x80, 0xab, 0xb2, 0xff, 
0x81, 0xaa, 0xb2, 0xff, 0x80, 0xaa, 0xb1, 0xff, 0x80, 0xaa, 0xb1, 0xff, 0x81, 0xaa, 0xb1, 0xff, 
0x80, 0xaa, 0xb1, 0xff, 0x81, 0xaa, 0xb2, 0xff, 0x7f, 0xaa, 0xb1, 0xff, 0x7f, 0xaa, 0xb1, 0xff, 
0x7f, 0xaa, 0xb1, 0xff, 0x7f, 0xaa, 0xb1, 0xff, 0x7f, 0xaa, 0xb1, 0xff, 0x7f, 0xaa, 0xb1, 0xff, 
0x7f, 0xaa, 0xb1, 0xff, 0x7f, 0xaa, 0xb1, 0xff, 0x7f, 0xaa, 0xb1, 0xff, 0x7f, 0xaa, 0xb1, 0xff, 
0x7f, 0xaa, 0xb1, 0xff, 0x7f, 0xaa, 0xb1, 0xff, 0x7f, 0xaa, 0xb1, 0xff, 0x7f, 0xaa, 0xb1, 0xff, 
0x7f, 0xaa, 0xb1, 0xff, 0x7f, 0xaa, 0xb1, 0xff, 0x7f, 0xaa, 0xb1, 0xff, 0x7f, 0xaa, 0xb1, 0xff, 
0x7f, 0xaa, 0xb1, 0xff, 0x7f, 0xaa, 0xb1, 0xff, 0x7f, 0xaa, 0xb1, 0xff, 0x7f, 0xaa, 0xb1, 0xff, 
0x7f, 0xaa, 0xb1, 0xff, 0x7f, 0xaa, 0xb1, 0xff, 0x7f, 0xaa, 0xb1, 0xff, 0x7f, 0xaa, 0xb1, 0xff, 
0x7f, 0xaa, 0xb1, 0xff, 0x7f, 0xaa, 0xb1, 0xff, 0x80, 0xaa, 0xb1, 0xff, 0x80, 0xaa, 0xb1, 0xff, 
0x81, 0xa9, 0xb1, 0xff, 0x81, 0xaa, 0xb1, 0xff, 0x80, 0xaa, 0xb1, 0xff, 0x81, 0xaa, 0xb2, 0xff, 
0x80, 0xab, 0xb2, 0xff, 0x80, 0xab, 0xb2, 0xff, 0x80, 0xab, 0xb2, 0xff, 0x80, 0xab, 0xb2, 0xff, 
0x7f, 0xab, 0xb2, 0xff, 0x7f, 0xab, 0xb1, 0xff, 0x80, 0xaa, 0xb2, 0xff, 0x80, 0xaa, 0xb1, 0xff, 
0x7f, 0xaa, 0xb1, 0xff, 0x7f, 0xaa, 0xb1, 0xff, 0x7f, 0xaa, 0xb0, 0xff, 0x81, 0xaa, 0xb1, 0xff, 
0x83, 0xaa, 0xb2, 0xff, 0x81, 0xaa, 0xb2, 0xff, 0x7f, 0xab, 0xb2, 0xff, 0x7f, 0xaa, 0xb1, 0xff, 
0x7f, 0xaa, 0xb1, 0xff, 0x7f, 0xaa, 0xb1, 0xff, 0x7f, 0xaa, 0xb1, 0xff, 0x7f, 0xaa, 0xb1, 0xff, 
0x7f, 0xaa, 0xb1, 0xff, 0x7f, 0xaa, 0xb1, 0xff, 0x7f, 0xaa, 0xb1, 0xff, 0x7f, 0xaa, 0xb1, 0xff, 
0x7f, 0xaa, 0xb1, 0xff, 0x7f, 0xaa, 0xb1, 0xff, 0x7f, 0xaa, 0xb1, 0xff, 0x80, 0xab, 0xb2, 0xff, 
0x7f, 0xab, 0xb2, 0xff, 0x80, 0xab, 0xb2, 0xff, 0x80, 0xab, 0xb2, 0xff, 0x80, 0xab, 0xb2, 0xff, 
0x80, 0xab, 0xb2, 0xff, 0x80, 0xab, 0xb2, 0xff, 0x81, 0xab, 0xb2, 0xff, 0x80, 0xab, 0xb2, 0xff, 
0x80, 0xab, 0xb2, 0xff, 0x80, 0xab, 0xb2, 0xff, 0x80, 0xab, 0xb2, 0xff, 0x80, 0xab, 0xb2, 0xff, 
0x80, 0xab, 0xb2, 0xff, 0x80, 0xab, 0xb2, 0xff, 0x80, 0xab, 0xb2, 0xff, 0x80, 0xab, 0xb2, 0xff, 
0x80, 0xab, 0xb2, 0xff, 0x80, 0xab, 0xb2, 0xff, 0x80, 0xab, 0xb2, 0xff, 0x80, 0xab, 0xb2, 0xff, 
0x80, 0xab, 0xb2, 0xff, 0x80, 0xab, 0xb2, 0xff, 0x80, 0xab, 0xb2, 0xff, 0x80, 0xab, 0xb2, 0xff, 
0x80, 0xab, 0xb2, 0xff, 0x81, 0xab, 0xb2, 0xff, 0x80, 0xab, 0xb2, 0xff, 0x80, 0xab, 0xb2, 0xff, 
0x80, 0xab, 0xb2, 0xff, 0x80, 0xab, 0xb2, 0xff, 0x80, 0xab, 0xb2, 0xff, 0x7f, 0xab, 0xb2, 0xff, 
0x80, 0xab, 0xb2, 0xff, 0x7f, 0xaa, 0xb1, 0xff, 0x7f, 0xaa, 0xb1, 0xff, 0x7f, 0xaa, 0xb1, 0xff, 
0x7f, 0xaa, 0xb1, 0xff, 0x7f, 0xaa, 0xb1, 0xff, 0x7f, 0xaa, 0xb1, 0xff, 0x7f, 0xaa, 0xb1, 0xff, 
0x7f, 0xaa, 0xb1, 0xff, 0x7f, 0xaa, 0xb1, 0xff, 0x7f, 0xaa, 0xb1, 0xff, 0x7f, 0xaa, 0xb1, 0xff, 
0x7f, 0xaa, 0xb1, 0xff, 0x7f, 0xab, 0xb2, 0xff, 0x81, 0xaa, 0xb2, 0xff, 0x83, 0xaa, 0xb2, 0xff, 
0x81, 0xaa, 0xb1, 0xff, 0x7f, 0xaa, 0xb0, 0xff, 0x7f, 0xaa, 0xb1, 0xff, 0x7f, 0xaa, 0xb1, 0xff, 
0x80, 0xaa, 0xb1, 0xff, 0x80, 0xaa, 0xb2, 0xff, 0x7f, 0xab, 0xb1, 0xff, 0x7f, 0xab, 0xb2, 0xff, 
0x80, 0xab, 0xb2, 0xff, 0x80, 0xab, 0xb2, 0xff, 0x80, 0xab, 0xb2, 0xff, 0x80, 0xab, 0xb2, 0xff, 
0x81, 0xaa, 0xb2, 0xff, 0x80, 0xaa, 0xb1, 0xff, 0x81, 0xaa, 0xb1, 0xff, 0x81, 0xa9, 0xb1, 0xff, 
0x80, 0xaa, 0xb1, 0xff, 0x80, 0xaa, 0xb1, 0xff, 0x7f, 0xaa, 0xb1, 0xff, 0x7f, 0xaa, 0xb1, 0xff, 
0x7f, 0xaa, 0xb1, 0xff, 0x7f, 0xaa, 0xb1, 0xff, 0x7f, 0xaa, 0xb1, 0xff, 0x7f, 0xaa, 0xb1, 0xff, 
0x7f, 0xaa, 0xb1, 0xff, 0x7f, 0xaa, 0xb1, 0xff, 0x7f, 0xaa, 0xb1, 0xff, 0x7f, 0xaa, 0xb1, 0xff, 
0x7f, 0xaa, 0xb1, 0xff, 0x7f, 0xaa, 0xb1, 0xff, 0x7f, 0xaa, 0xb1, 0xff, 0x7f, 0xaa, 0xb1, 0xff, 
0x7f, 0xaa, 0xb1, 0xff, 0x7f, 0xaa, 0xb1, 0xff, 0x7f, 0xaa, 0xb1, 0xff, 0x7f, 0xaa, 0xb1, 0xff, 
0x7f, 0xaa, 0xb1, 0xff, 0x7f, 0xaa, 0xb1, 0xff, 0x7f, 0xaa, 0xb1, 0xff, 0x7f, 0xaa, 0xb1, 0xff, 
0x7f, 0xaa, 0xb1, 0xff, 0x7f, 0xaa, 0xb1, 0xff, 0x7f, 0xaa, 0xb1, 0xff, 0x7f, 0xaa, 0xb1, 0xff, 
0x7f, 0xaa, 0xb1, 0xff, 0x7f, 0xaa, 0xb1, 0xff, 0x81, 0xaa, 0xb2, 0xff, 0x80, 0xaa, 0xb1, 0xff, 
0x81, 0xaa, 0xb1, 0xff, 0x80, 0xaa, 0xb1, 0xff, 0x80, 0xaa, 0xb1, 0xff, 0x81, 0xaa, 0xb2, 0xff, 
0x80, 0xab, 0xb2, 0xff, 0x80, 0xab, 0xb2, 0xff, 0x80, 0xab, 0xb2, 0xff, 0x80, 0xab, 0xb2, 0xff, 
0x7f, 0xab, 0xb2, 0xff, 0x7f, 0xab, 0xb1, 0xff, 0x80, 0xaa, 0xb2, 0xff, 0x80, 0xaa, 0xb1, 0xff, 
0x7f, 0xaa, 0xb1, 0xff, 0x7f, 0xaa, 0xb1, 0xff, 0x7f, 0xaa, 0xb1, 0xff, 0x81, 0xaa, 0xb1, 0xff, 
0x83, 0xaa, 0xb2, 0xff, 0x81, 0xaa, 0xb2, 0xff, 0x80, 0xaa, 0xb2, 0xff, 0x7f, 0xaa, 0xb1, 0xff, 
0x7f, 0xaa, 0xb1, 0xff, 0x7f, 0xaa, 0xb1, 0xff, 0x7f, 0xaa, 0xb1, 0xff, 0x7f, 0xaa, 0xb1, 0xff, 
0x7f, 0xaa, 0xb1, 0xff, 0x7f, 0xaa, 0xb1, 0xff, 0x7f, 0xaa, 0xb1, 0xff, 0x7f, 0xaa, 0xb1, 0xff, 
0x7f, 0xaa, 0xb1, 0xff, 0x7f, 0xaa, 0xb1, 0xff, 0x7f, 0xaa, 0xb1, 0xff, 0x7f, 0xaa, 0xb1, 0xff, 
0x80, 0xab, 0xb2, 0xff, 0x80, 0xab, 0xb2, 0xff, 0x80, 0xab, 0xb2, 0xff, 0x80, 0xab, 0xb2, 0xff, 
0x80, 0xab, 0xb2, 0xff, 0x80, 0xab, 0xb2, 0xff, 0x81, 0xab, 0xb2, 0xff, 0x80, 0xab, 0xb2, 0xff, 
0x80, 0xab, 0xb2, 0xff, 0x81, 0xab, 0xb2, 0xff, 0x80, 0xab, 0xb2, 0xff, 0x80, 0xab, 0xb2, 0xff, 
0x80, 0xab, 0xb2, 0xff, 0x80, 0xab, 0xb2, 0xff, 0x80, 0xab, 0xb2, 0xff, 0x80, 0xab, 0xb2, 0xff, 
0x80, 0xab, 0xb2, 0xff, 0x80, 0xab, 0xb2, 0xff, 0x80, 0xab, 0xb2, 0xff, 0x80, 0xab, 0xb2, 0xff, 
0x80, 0xab, 0xb2, 0xff, 0x80, 0xab, 0xb2, 0xff, 0x80, 0xab, 0xb2, 0xff, 0x80, 0xab, 0xb2, 0xff, 
0x7f, 0xab, 0xb2, 0xff, 0x80, 0xab, 0xb2, 0xff, 0x7f, 0xaa, 0xb1, 0xff, 0x7f, 0xab, 0xb2, 0xff, 
0x7f, 0xaa, 0xb1, 0xff, 0x7f, 0xaa, 0xb1, 0xff, 0x7f, 0xaa, 0xb1, 0xff, 0x7f, 0xaa, 0xb1, 0xff, 
0x7f, 0xaa, 0xb1, 0xff, 0x7f, 0xaa, 0xb1, 0xff, 0x7f, 0xaa, 0xb1, 0xff, 0x7f, 0xaa, 0xb1, 0xff, 
0x7f, 0xaa, 0xb1, 0xff, 0x7f, 0xaa, 0xb1, 0xff, 0x7f, 0xaa, 0xb1, 0xff, 0x7f, 0xaa, 0xb1, 0xff, 
0x7f, 0xaa, 0xb1, 0xff, 0x7f, 0xaa, 0xb1, 0xff, 0x7f, 0xaa, 0xb1, 0xff, 0x7f, 0xaa, 0xb1, 0xff, 
0x7f, 0xaa, 0xb1, 0xff, 0x7f, 0xaa, 0xb1, 0xff, 0x7f, 0xaa, 0xb1, 0xff, 0x81, 0xa9, 0xb1, 0xff, 
0x81, 0xa9, 0xb1, 0xff, 0x7f, 0xaa, 0xb1, 0xff, 0x7f, 0xaa, 0xb1, 0xff, 0x7f, 0xaa, 0xb1, 0xff, 
0x7f, 0xaa, 0xb1, 0xff, 0x7f, 0xaa, 0xb1, 0xff, 0x7f, 0xaa, 0xb1, 0xff, 0x7f, 0xaa, 0xb1, 0xff, 
0x7f, 0xaa, 0xb1, 0xff, 0x7f, 0xaa, 0xb1, 0xff, 0x80, 0xaa, 0xb1, 0xff, 0x80, 0xaa, 0xb2, 0xff, 
0x7f, 0xab, 0xb1, 0xff, 0x80, 0xab, 0xb2, 0xff, 0x7f, 0xaa, 0xb1, 0xff, 0x80, 0xaa, 0xb1, 0xff, 
0x7f, 0xaa, 0xb1, 0xff, 0x7f, 0xaa, 0xb1, 0xff, 0x80, 0xaa, 0xb1, 0xff, 0x7f, 0xaa, 0xb1, 0xff, 
0x7f, 0xaa, 0xb1, 0xff, 0x7f, 0xaa, 0xb1, 0xff, 0x7f, 0xaa, 0xb1, 0xff, 0x7f, 0xaa, 0xb1, 0xff, 
0x7f, 0xaa, 0xb1, 0xff, 0x7f, 0xaa, 0xb1, 0xff, 0x7f, 0xaa, 0xb1, 0xff, 0x7f, 0xaa, 0xb1, 0xff, 
0x7f, 0xaa, 0xb1, 0xff, 0x7f, 0xaa, 0xb1, 0xff, 0x7f, 0xaa, 0xb1, 0xff, 0x7f, 0xaa, 0xb1, 0xff, 
0x7f, 0xaa, 0xb1, 0xff, 0x7f, 0xaa, 0xb1, 0xff, 0x7f, 0xaa, 0xb1, 0xff, 0x7f, 0xaa, 0xb1, 0xff, 
0x7f, 0xaa, 0xb1, 0xff, 0x7f, 0xaa, 0xb1, 0xff, 0x7f, 0xaa, 0xb1, 0xff, 0x7f, 0xaa, 0xb1, 0xff, 
0x7f, 0xaa, 0xb1, 0xff, 0x7f, 0xaa, 0xb1, 0xff, 0x7f, 0xaa, 0xb1, 0xff, 0x7f, 0xaa, 0xb1, 0xff, 
0x7f, 0xaa, 0xb1, 0xff, 0x7f, 0xaa, 0xb1, 0xff, 0x7f, 0xaa, 0xb1, 0xff, 0x7f, 0xaa, 0xb1, 0xff, 
0x80, 0xab, 0xb2, 0xff, 0x7f, 0xab, 0xb1, 0xff, 0x80, 0xab, 0xb2, 0xff, 0x7f, 0xab, 0xb1, 0xff, 
0x80, 0xab, 0xb2, 0xff, 0x80, 0xaa, 0xb1, 0xff, 0x7f, 0xaa, 0xb1, 0xff, 0x7f, 0xaa, 0xb1, 0xff, 
0x7f, 0xaa, 0xb1, 0xff, 0x7f, 0xaa, 0xb1, 0xff, 0x7f, 0xaa, 0xb1, 0xff, 0x7f, 0xaa, 0xb1, 0xff, 
0x7f, 0xaa, 0xb1, 0xff, 0x7f, 0xaa, 0xb1, 0xff, 0x7f, 0xaa, 0xb1, 0xff, 0x82, 0xa9, 0xb1, 0xff, 
0x81, 0xa9, 0xb1, 0xff, 0x7f, 0xaa, 0xb1, 0xff, 0x7f, 0xaa, 0xb1, 0xff, 0x7f, 0xaa, 0xb1, 0xff, 
0x7f, 0xaa, 0xb1, 0xff, 0x7f, 0xaa, 0xb1, 0xff, 0x7f, 0xaa, 0xb1, 0xff, 0x7f, 0xaa, 0xb1, 0xff, 
0x7f, 0xaa, 0xb1, 0xff, 0x7f, 0xaa, 0xb1, 0xff, 0x7f, 0xaa, 0xb1, 0xff, 0x7f, 0xaa, 0xb1, 0xff, 
0x7f, 0xaa, 0xb1, 0xff, 0x7f, 0xaa, 0xb1, 0xff, 0x7f, 0xaa, 0xb1, 0xff, 0x7f, 0xaa, 0xb1, 0xff, 
0x7f, 0xaa, 0xb1, 0xff, 0x7f, 0xaa, 0xb1, 0xff, 0x7f, 0xaa, 0xb1, 0xff, 0x7f, 0xaa, 0xb1, 0xff, 
0x7f, 0xab, 0xb2, 0xff, 0x7f, 0xab, 0xb2, 0xff, 0x7f, 0xab, 0xb2, 0xff, 0x7f, 0xab, 0xb2, 0xff, 
0x80, 0xab, 0xb2, 0xff, 0x80, 0xab, 0xb2, 0xff, 0x80, 0xab, 0xb2, 0xff, 0x80, 0xab, 0xb2, 0xff, 
0x80, 0xab, 0xb2, 0xff, 0x80, 0xab, 0xb2, 0xff, 0x80, 0xab, 0xb2, 0xff, 0x80, 0xab, 0xb2, 0xff, 
0x80, 0xab, 0xb2, 0xff, 0x80, 0xab, 0xb2, 0xff, 0x80, 0xab, 0xb2, 0xff, 0x80, 0xab, 0xb2, 0xff, 
0x80, 0xab, 0xb2, 0xff, 0x80, 0xab, 0xb2, 0xff, 0x80, 0xab, 0xb2, 0xff, 0x80, 0xab, 0xb2, 0xff, 
0x7f, 0xab, 0xb2, 0xff, 0x7f, 0xab, 0xb2, 0xff, 0x7f, 0xab, 0xb2, 0xff, 0x7f, 0xab, 0xb2, 0xff, 
0x7f, 0xaa, 0xb1, 0xff, 0x7f, 0xaa, 0xb1, 0xff, 0x7f, 0xaa, 0xb1, 0xff, 0x7f, 0xaa, 0xb1, 0xff, 
0x7f, 0xaa, 0xb1, 0xff, 0x7f, 0xaa, 0xb1, 0xff, 0x7f, 0xaa, 0xb1, 0xff, 0x7f, 0xaa, 0xb1, 0xff, 
0x7f, 0xaa, 0xb1, 0xff, 0x7f, 0xaa, 0xb1, 0xff, 0x7f, 0xaa, 0xb1, 0xff, 0x7f, 0xaa, 0xb1, 0xff, 
0x7f, 0xaa, 0xb1, 0xff, 0x7f, 0xaa, 0xb1, 0xff, 0x7f, 0xaa, 0xb1, 0xff, 0x7f, 0xaa, 0xb1, 0xff, 
0x7f, 0xaa, 0xb1, 0xff, 0x7f, 0xaa, 0xb1, 0xff, 0x7f, 0xaa, 0xb1, 0xff, 0x81, 0xa9, 0xb1, 0xff, 
0x82, 0xa9, 0xb1, 0xff, 0x7f, 0xaa, 0xb1, 0xff, 0x7f, 0xaa, 0xb1, 0xff, 0x7f, 0xaa, 0xb1, 0xff, 
0x7f, 0xaa, 0xb1, 0xff, 0x7f, 0xaa, 0xb1, 0xff, 0x7f, 0xaa, 0xb1, 0xff, 0x7f, 0xaa, 0xb1, 0xff, 
0x7f, 0xaa, 0xb1, 0xff, 0x7f, 0xaa, 0xb1, 0xff, 0x80, 0xaa, 0xb1, 0xff, 0x80, 0xaa, 0xb2, 0xff, 
0x7f, 0xab, 0xb1, 0xff, 0x80, 0xab, 0xb2, 0xff, 0x7f, 0xab, 0xb1, 0xff, 0x80, 0xab, 0xb2, 0xff, 
0x7f, 0xaa, 0xb1, 0xff, 0x7f, 0xaa, 0xb1, 0xff, 0x7f, 0xaa, 0xb1, 0xff, 0x80, 0xaa, 0xb1, 0xff, 
0x7f, 0xaa, 0xb1, 0xff, 0x7f, 0xaa, 0xb1, 0xff, 0x7f, 0xaa, 0xb1, 0xff, 0x7f, 0xaa, 0xb1, 0xff, 
0x7f, 0xaa, 0xb1, 0xff, 0x7f, 0xaa, 0xb1, 0xff, 0x7f, 0xaa, 0xb1, 0xff, 0x7f, 0xaa, 0xb1, 0xff, 
0x7f, 0xaa, 0xb1, 0xff, 0x7f, 0xaa, 0xb1, 0xff, 0x7f, 0xaa, 0xb1, 0xff, 0x7f, 0xaa, 0xb1, 0xff, 
0x7f, 0xaa, 0xb1, 0xff, 0x7f, 0xaa, 0xb1, 0xff, 0x7f, 0xaa, 0xb1, 0xff, 0x7f, 0xaa, 0xb1, 0xff, 
0x7f, 0xaa, 0xb1, 0xff, 0x7f, 0xaa, 0xb1, 0xff, 0x7f, 0xaa, 0xb1, 0xff, 0x7f, 0xaa, 0xb1, 0xff, 
0x7f, 0xaa, 0xb1, 0xff, 0x7f, 0xaa, 0xb1, 0xff, 0x7f, 0xaa, 0xb1, 0xff, 0x7f, 0xaa, 0xb1, 0xff, 
0x7f, 0xaa, 0xb1, 0xff, 0x80, 0xaa, 0xb1, 0xff, 0x7f, 0xaa, 0xb1, 0xff, 0x7f, 0xaa, 0xb1, 0xff, 
0x80, 0xaa, 0xb1, 0xff, 0x7f, 0xaa, 0xb1, 0xff, 0x80, 0xab, 0xb2, 0xff, 0x7f, 0xab, 0xb1, 0xff, 
0x80, 0xab, 0xb2, 0xff, 0x80, 0xaa, 0xb1, 0xff, 0x7f, 0xaa, 0xb1, 0xff, 0x7f, 0xaa, 0xb1, 0xff, 
0x7f, 0xaa, 0xb1, 0xff, 0x7f, 0xaa, 0xb1, 0xff, 0x7f, 0xaa, 0xb1, 0xff, 0x7f, 0xaa, 0xb1, 0xff, 
0x7f, 0xaa, 0xb1, 0xff, 0x7f, 0xaa, 0xb1, 0xff, 0x7f, 0xaa, 0xb1, 0xff, 0x81, 0xa9, 0xb1, 0xff, 
0x81, 0xa9, 0xb1, 0xff, 0x7f, 0xaa, 0xb1, 0xff, 0x7f, 0xaa, 0xb1, 0xff, 0x7f, 0xaa, 0xb1, 0xff, 
0x7f, 0xaa, 0xb1, 0xff, 0x7f, 0xaa, 0xb1, 0xff, 0x7f, 0xaa, 0xb1, 0xff, 0x7f, 0xaa, 0xb1, 0xff, 
0x7f, 0xaa, 0xb1, 0xff, 0x7f, 0xaa, 0xb1, 0xff, 0x7f, 0xaa, 0xb1, 0xff, 0x7f, 0xaa, 0xb1, 0xff, 
0x7f, 0xaa, 0xb1, 0xff, 0x7f, 0xaa, 0xb1, 0xff, 0x7f, 0xaa, 0xb1, 0xff, 0x7f, 0xaa, 0xb1, 0xff, 
0x7f, 0xaa, 0xb1, 0xff, 0x7f, 0xaa, 0xb1, 0xff, 0x7f, 0xaa, 0xb1, 0xff, 0x7f, 0xaa, 0xb1, 0xff, 
0x7f, 0xab, 0xb2, 0xff, 0x7f, 0xaa, 0xb1, 0xff, 0x80, 0xab, 0xb2, 0xff, 0x7f, 0xab, 0xb2, 0xff, 
0x80, 0xab, 0xb2, 0xff, 0x80, 0xab, 0xb2, 0xff, 0x80, 0xab, 0xb2, 0xff, 0x80, 0xab, 0xb2, 0xff, 
0x80, 0xab, 0xb2, 0xff, 0x80, 0xab, 0xb2, 0xff, 0x80, 0xab, 0xb2, 0xff, 0x80, 0xab, 0xb2, 0xff, 
0x7f, 0xaa, 0xb1, 0xff, 0x7f, 0xaa, 0xb1, 0xff, 0x7f, 0xaa, 0xb1, 0xff, 0x7f, 0xaa, 0xb1, 0xff, 
0x7f, 0xaa, 0xb1, 0xff, 0x7f, 0xaa, 0xb1, 0xff, 0x7e, 0xaa, 0xb1, 0xff, 0x7e, 0xaa, 0xb1, 0xff, 
0x7e, 0xaa, 0xb1, 0xff, 0x7e, 0xaa, 0xb1, 0xff, 0x7e, 0xaa, 0xb1, 0xff, 0x7e, 0xaa, 0xb1, 0xff, 
0x7e, 0xaa, 0xb1, 0xff, 0x7e, 0xaa, 0xb1, 0xff, 0x7f, 0xaa, 0xb1, 0xff, 0x7f, 0xaa, 0xb1, 0xff, 
0x7f, 0xaa, 0xb1, 0xff, 0x7f, 0xaa, 0xb1, 0xff, 0x7f, 0xaa, 0xb1, 0xff, 0x7f, 0xaa, 0xb1, 0xff, 
0x7f, 0xaa, 0xb1, 0xff, 0x7f, 0xaa, 0xb1, 0xff, 0x7f, 0xaa, 0xb1, 0xff, 0x7f, 0xaa, 0xb1, 0xff, 
0x7f, 0xaa, 0xb1, 0xff, 0x7f, 0xaa, 0xb1, 0xff, 0x7f, 0xaa, 0xb1, 0xff, 0x7f, 0xaa, 0xb1, 0xff, 
0x7f, 0xaa, 0xb1, 0xff, 0x7f, 0xaa, 0xb1, 0xff, 0x7f, 0xaa, 0xb1, 0xff, 0x81, 0xa9, 0xb1, 0xff, 
0x81, 0xa9, 0xb1, 0xff, 0x7f, 0xa9, 0xb0, 0xff, 0x7e, 0xa9, 0xb0, 0xff, 0x7e, 0xa9, 0xb0, 0xff, 
0x7e, 0xa9, 0xb0, 0xff, 0x7e, 0xa9, 0xb0, 0xff, 0x7f, 0xa9, 0xb0, 0xff, 0x7f, 0xaa, 0xb1, 0xff, 
0x7f, 0xaa, 0xb0, 0xff, 0x7f, 0xaa, 0xb1, 0xff, 0x7f, 0xaa, 0xb1, 0xff, 0x7f, 0xaa, 0xb1, 0xff, 
0x7f, 0xaa, 0xb0, 0xff, 0x7f, 0xaa, 0xb1, 0xff, 0x7f, 0xaa, 0xb1, 0xff, 0x7f, 0xaa, 0xb1, 0xff, 
0x7f, 0xaa, 0xb1, 0xff, 0x7f, 0xaa, 0xb1, 0xff, 0x80, 0xa9, 0xb1, 0xff, 0x81, 0xa9, 0xb1, 0xff, 
0x81, 0xaa, 0xb1, 0xff, 0x81, 0xaa, 0xb1, 0xff, 0x80, 0xaa, 0xb1, 0xff, 0x80, 0xaa, 0xb1, 0xff, 
0x80, 0xaa, 0xb1, 0xff, 0x80, 0xaa, 0xb1, 0xff, 0x80, 0xa9, 0xb1, 0xff, 0x80, 0xaa, 0xb1, 0xff, 
0x80, 0xaa, 0xb1, 0xff, 0x80, 0xaa, 0xb1, 0xff, 0x80, 0xaa, 0xb1, 0xff, 0x80, 0xaa, 0xb1, 0xff, 
0x80, 0xaa, 0xb1, 0xff, 0x80, 0xa9, 0xb1, 0xff, 0x80, 0xaa, 0xb1, 0xff, 0x80, 0xaa, 0xb1, 0xff, 
0x80, 0xaa, 0xb1, 0xff, 0x80, 0xa9, 0xb1, 0xff, 0x80, 0xaa, 0xb1, 0xff, 0x80, 0xaa, 0xb1, 0xff, 
0x80, 0xaa, 0xb1, 0xff, 0x80, 0xaa, 0xb1, 0xff, 0x81, 0xaa, 0xb1, 0xff, 0x81, 0xaa, 0xb1, 0xff, 
0x81, 0xa9, 0xb1, 0xff, 0x7f, 0xaa, 0xb1, 0xff, 0x7f, 0xaa, 0xb1, 0xff, 0x7f, 0xaa, 0xb1, 0xff, 
0x7f, 0xaa, 0xb1, 0xff, 0x7f, 0xaa, 0xb1, 0xff, 0x7f, 0xaa, 0xb1, 0xff, 0x7f, 0xaa, 0xb0, 0xff, 
0x7f, 0xaa, 0xb1, 0xff, 0x7f, 0xaa, 0xb1, 0xff, 0x7f, 0xaa, 0xb0, 0xff, 0x7f, 0xaa, 0xb0, 0xff, 
0x7f, 0xaa, 0xb1, 0xff, 0x7f, 0xaa, 0xb0, 0xff, 0x7e, 0xa9, 0xb0, 0xff, 0x7e, 0xa9, 0xb0, 0xff, 
0x7e, 0xa9, 0xb0, 0xff, 0x7e, 0xa9, 0xb0, 0xff, 0x80, 0xa9, 0xb1, 0xff, 0x82, 0xa9, 0xb1, 0xff, 
0x81, 0xa9, 0xb1, 0xff, 0x7e, 0xaa, 0xb1, 0xff, 0x7f, 0xaa, 0xb1, 0xff, 0x7f, 0xaa, 0xb1, 0xff, 
0x7f, 0xaa, 0xb1, 0xff, 0x7f, 0xaa, 0xb1, 0xff, 0x7f, 0xaa, 0xb1, 0xff, 0x7f, 0xaa, 0xb1, 0xff, 
0x7f, 0xaa, 0xb1, 0xff, 0x7f, 0xaa, 0xb1, 0xff, 0x7f, 0xaa, 0xb1, 0xff, 0x7f, 0xaa, 0xb1, 0xff, 
0x7f, 0xaa, 0xb1, 0xff, 0x7f, 0xaa, 0xb1, 0xff, 0x7f, 0xaa, 0xb1, 0xff, 0x7f, 0xaa, 0xb1, 0xff, 
0x7f, 0xaa, 0xb1, 0xff, 0x7f, 0xaa, 0xb1, 0xff, 0x7e, 0xaa, 0xb1, 0xff, 0x7f, 0xaa, 0xb1, 0xff, 
0x7e, 0xaa, 0xb1, 0xff, 0x7e, 0xaa, 0xb1, 0xff, 0x7e, 0xaa, 0xb1, 0xff, 0x7e, 0xaa, 0xb1, 0xff, 
0x7e, 0xaa, 0xb1, 0xff, 0x7e, 0xaa, 0xb1, 0xff, 0x7f, 0xaa, 0xb1, 0xff, 0x7f, 0xaa, 0xb1, 0xff, 
0x7f, 0xaa, 0xb1, 0xff, 0x7f, 0xaa, 0xb1, 0xff, 0x7f, 0xaa, 0xb1, 0xff, 0x7f, 0xaa, 0xb1, 0xff, 
0x7f, 0xaa, 0xb1, 0xff, 0x7f, 0xaa, 0xb1, 0xff, 0x7f, 0xaa, 0xb1, 0xff, 0x7f, 0xaa, 0xb1, 0xff, 
0x7f, 0xaa, 0xb1, 0xff, 0x7f, 0xaa, 0xb1, 0xff, 0x7e, 0xaa, 0xb1, 0xff, 0x7e, 0xaa, 0xb1, 0xff, 
0x7e, 0xaa, 0xb1, 0xff, 0x7e, 0xaa, 0xb1, 0xff, 0x7e, 0xaa, 0xb1, 0xff, 0x7e, 0xaa, 0xb1, 0xff, 
0x7e, 0xaa, 0xb1, 0xff, 0x7e, 0xaa, 0xb1, 0xff, 0x7f, 0xaa, 0xb1, 0xff, 0x7f, 0xaa, 0xb1, 0xff, 
0x7f, 0xaa, 0xb1, 0xff, 0x7f, 0xaa, 0xb1, 0xff, 0x7f, 0xaa, 0xb1, 0xff, 0x7f, 0xaa, 0xb1, 0xff, 
0x7f, 0xaa, 0xb1, 0xff, 0x7f, 0xaa, 0xb1, 0xff, 0x7f, 0xaa, 0xb1, 0xff, 0x7f, 0xaa, 0xb1, 0xff, 
0x7f, 0xaa, 0xb1, 0xff, 0x7f, 0xaa, 0xb1, 0xff, 0x7f, 0xaa, 0xb1, 0xff, 0x7f, 0xaa, 0xb1, 0xff, 
0x7f, 0xaa, 0xb1, 0xff, 0x7f, 0xaa, 0xb1, 0xff, 0x7e, 0xaa, 0xb1, 0xff, 0x81, 0xa9, 0xb1, 0xff, 
0x82, 0xa9, 0xb1, 0xff, 0x80, 0xa9, 0xb1, 0xff, 0x7e, 0xa9, 0xb0, 0xff, 0x7e, 0xa9, 0xb0, 0xff, 
0x7e, 0xa9, 0xb0, 0xff, 0x7e, 0xa9, 0xb0, 0xff, 0x7f, 0xa9, 0xb0, 0xff, 0x7f, 0xaa, 0xb1, 0xff, 
0x7f, 0xaa, 0xb0, 0xff, 0x7f, 0xaa, 0xb1, 0xff, 0x7f, 0xaa, 0xb1, 0xff, 0x7f, 0xaa, 0xb1, 0xff, 
0x7f, 0xaa, 0xb0, 0xff, 0x7f, 0xaa, 0xb1, 0xff, 0x7f, 0xaa, 0xb1, 0xff, 0x7f, 0xaa, 0xb1, 0xff, 
0x7f, 0xaa, 0xb1, 0xff, 0x7f, 0xaa, 0xb1, 0xff, 0x7f, 0xaa, 0xb1, 0xff, 0x80, 0xa9, 0xb1, 0xff, 
0x81, 0xaa, 0xb1, 0xff, 0x81, 0xaa, 0xb1, 0xff, 0x80, 0xaa, 0xb1, 0xff, 0x80, 0xaa, 0xb1, 0xff, 
0x80, 0xaa, 0xb1, 0xff, 0x80, 0xaa, 0xb1, 0xff, 0x80, 0xa9, 0xb1, 0xff, 0x80, 0xaa, 0xb1, 0xff, 
0x80, 0xaa, 0xb1, 0xff, 0x80, 0xaa, 0xb1, 0xff, 0x80, 0xaa, 0xb1, 0xff, 0x80, 0xaa, 0xb1, 0xff, 
0x80, 0xaa, 0xb1, 0xff, 0x80, 0xa9, 0xb1, 0xff, 0x80, 0xaa, 0xb1, 0xff, 0x80, 0xaa, 0xb1, 0xff, 
0x80, 0xaa, 0xb1, 0xff, 0x80, 0xa9, 0xb1, 0xff, 0x80, 0xaa, 0xb1, 0xff, 0x80, 0xaa, 0xb1, 0xff, 
0x80, 0xaa, 0xb1, 0xff, 0x80, 0xaa, 0xb1, 0xff, 0x81, 0xaa, 0xb1, 0xff, 0x81, 0xaa, 0xb1, 0xff, 
0x81, 0xa9, 0xb1, 0xff, 0x80, 0xa9, 0xb1, 0xff, 0x7f, 0xaa, 0xb1, 0xff, 0x7f, 0xaa, 0xb1, 0xff, 
0x7f, 0xaa, 0xb1, 0xff, 0x7f, 0xaa, 0xb1, 0xff, 0x7f, 0xaa, 0xb1, 0xff, 0x7f, 0xaa, 0xb0, 0xff, 
0x7f, 0xaa, 0xb1, 0xff, 0x7f, 0xaa, 0xb1, 0xff, 0x7f, 0xaa, 0xb0, 0xff, 0x7f, 0xaa, 0xb0, 0xff, 
0x7f, 0xaa, 0xb1, 0xff, 0x7f, 0xaa, 0xb0, 0xff, 0x7e, 0xa9, 0xb0, 0xff, 0x7e, 0xa9, 0xb0, 0xff, 
0x7e, 0xa9, 0xb0, 0xff, 0x7e, 0xa9, 0xb0, 0xff, 0x7f, 0xa9, 0xb0, 0xff, 0x81, 0xa9, 0xb1, 0xff, 
0x81, 0xa9, 0xb1, 0xff, 0x7f, 0xaa, 0xb1, 0xff, 0x7f, 0xaa, 0xb1, 0xff, 0x7f, 0xaa, 0xb1, 0xff, 
0x7f, 0xaa, 0xb1, 0xff, 0x7f, 0xaa, 0xb1, 0xff, 0x7f, 0xaa, 0xb1, 0xff, 0x7f, 0xaa, 0xb1, 0xff, 
0x7f, 0xaa, 0xb1, 0xff, 0x7f, 0xaa, 0xb1, 0xff, 0x7f, 0xaa, 0xb1, 0xff, 0x7f, 0xaa, 0xb1, 0xff, 
0x7f, 0xaa, 0xb1, 0xff, 0x7f, 0xaa, 0xb1, 0xff, 0x7f, 0xaa, 0xb1, 0xff, 0x7f, 0xaa, 0xb1, 0xff, 
0x7f, 0xaa, 0xb1, 0xff, 0x7f, 0xaa, 0xb1, 0xff, 0x7e, 0xaa, 0xb1, 0xff, 0x7f, 0xaa, 0xb1, 0xff, 
0x7e, 0xaa, 0xb1, 0xff, 0x7e, 0xaa, 0xb1, 0xff, 0x7e, 0xaa, 0xb1, 0xff, 0x7e, 0xaa, 0xb1, 0xff, 
0x7e, 0xaa, 0xb1, 0xff, 0x7e, 0xaa, 0xb1, 0xff, 0x7f, 0xaa, 0xb1, 0xff, 0x7f, 0xaa, 0xb1, 0xff, 
0x7f, 0xaa, 0xb1, 0xff, 0x7f, 0xaa, 0xb1, 0xff, 0x7f, 0xaa, 0xb1, 0xff, 0x7f, 0xaa, 0xb1, 0xff, 
0x81, 0xaa, 0xb1, 0xff, 0x81, 0xaa, 0xb1, 0xff, 0x81, 0xaa, 0xb1, 0xff, 0x81, 0xaa, 0xb1, 0xff, 
0x81, 0xaa, 0xb1, 0xff, 0x81, 0xaa, 0xb1, 0xff, 0x81, 0xaa, 0xb1, 0xff, 0x81, 0xaa, 0xb1, 0xff, 
0x81, 0xaa, 0xb1, 0xff, 0x81, 0xaa, 0xb1, 0xff, 0x81, 0xaa, 0xb1, 0xff, 0x81, 0xaa, 0xb1, 0xff, 
0x81, 0xaa, 0xb1, 0xff, 0x81, 0xaa, 0xb1, 0xff, 0x81, 0xaa, 0xb1, 0xff, 0x81, 0xaa, 0xb1, 0xff, 
0x81, 0xaa, 0xb1, 0xff, 0x81, 0xaa, 0xb1, 0xff, 0x81, 0xaa, 0xb1, 0xff, 0x81, 0xaa, 0xb1, 0xff, 
0x81, 0xaa, 0xb1, 0xff, 0x81, 0xaa, 0xb1, 0xff, 0x81, 0xaa, 0xb1, 0xff, 0x81, 0xaa, 0xb1, 0xff, 
0x81, 0xaa, 0xb1, 0xff, 0x81, 0xaa, 0xb1, 0xff, 0x81, 0xaa, 0xb1, 0xff, 0x81, 0xaa, 0xb1, 0xff, 
0x81, 0xaa, 0xb1, 0xff, 0x81, 0xaa, 0xb1, 0xff, 0x81, 0xaa, 0xb1, 0xff, 0x82, 0xa9, 0xb1, 0xff, 
0x81, 0xa9, 0xb1, 0xff, 0x81, 0xa9, 0xb1, 0xff, 0x80, 0xa9, 0xb1, 0xff, 0x81, 0xa9, 0xb1, 0xff, 
0x80, 0xa9, 0xb1, 0xff, 0x80, 0xa9, 0xb0, 0xff, 0x80, 0xa9, 0xb0, 0xff, 0x80, 0xa9, 0xb0, 0xff, 
0x80, 0xa9, 0xb0, 0xff, 0x81, 0xa9, 0xb1, 0xff, 0x80, 0xa9, 0xb1, 0xff, 0x81, 0xa9, 0xb1, 0xff, 
0x80, 0xa9, 0xb1, 0xff, 0x80, 0xa9, 0xb1, 0xff, 0x80, 0xa9, 0xb1, 0xff, 0x80, 0xa9, 0xb1, 0xff, 
0x80, 0xa9, 0xb1, 0xff, 0x80, 0xaa, 0xb1, 0xff, 0x80, 0xaa, 0xb1, 0xff, 0x80, 0xa9, 0xb1, 0xff, 
0x80, 0xaa, 0xb1, 0xff, 0x81, 0xa9, 0xb1, 0xff, 0x80, 0xaa, 0xb1, 0xff, 0x81, 0xaa, 0xb1, 0xff, 
0x81, 0xaa, 0xb1, 0xff, 0x81, 0xa9, 0xb1, 0xff, 0x81, 0xa9, 0xb1, 0xff, 0x81, 0xaa, 0xb1, 0xff, 
0x81, 0xaa, 0xb1, 0xff, 0x81, 0xaa, 0xb1, 0xff, 0x81, 0xaa, 0xb1, 0xff, 0x81, 0xa9, 0xb1, 0xff, 
0x81, 0xa9, 0xb1, 0xff, 0x81, 0xaa, 0xb1, 0xff, 0x81, 0xa9, 0xb1, 0xff, 0x81, 0xaa, 0xb1, 0xff, 
0x81, 0xa9, 0xb1, 0xff, 0x81, 0xaa, 0xb1, 0xff, 0x81, 0xa9, 0xb1, 0xff, 0x81, 0xaa, 0xb1, 0xff, 
0x81, 0xaa, 0xb1, 0xff, 0x80, 0xaa, 0xb1, 0xff, 0x81, 0xa9, 0xb1, 0xff, 0x81, 0xaa, 0xb1, 0xff, 
0x81, 0xa9, 0xb1, 0xff, 0x80, 0xaa, 0xb1, 0xff, 0x80, 0xaa, 0xb1, 0xff, 0x80, 0xa9, 0xb1, 0xff, 
0x80, 0xa9, 0xb1, 0xff, 0x80, 0xa9, 0xb1, 0xff, 0x80, 0xa9, 0xb1, 0xff, 0x80, 0xa9, 0xb1, 0xff, 
0x80, 0xa9, 0xb1, 0xff, 0x80, 0xa9, 0xb1, 0xff, 0x80, 0xa9, 0xb0, 0xff, 0x80, 0xa9, 0xb0, 0xff, 
0x80, 0xa9, 0xb0, 0xff, 0x80, 0xa9, 0xb0, 0xff, 0x80, 0xa9, 0xb0, 0xff, 0x80, 0xa9, 0xb1, 0xff, 
0x81, 0xa9, 0xb1, 0xff, 0x80, 0xa9, 0xb1, 0xff, 0x81, 0xa9, 0xb1, 0xff, 0x81, 0xa9, 0xb1, 0xff, 
0x81, 0xa9, 0xb1, 0xff, 0x81, 0xaa, 0xb1, 0xff, 0x81, 0xa9, 0xb1, 0xff, 0x81, 0xaa, 0xb1, 0xff, 
0x81, 0xaa, 0xb1, 0xff, 0x81, 0xaa, 0xb1, 0xff, 0x81, 0xaa, 0xb1, 0xff, 0x81, 0xa9, 0xb1, 0xff, 
0x81, 0xaa, 0xb1, 0xff, 0x81, 0xaa, 0xb1, 0xff, 0x81, 0xaa, 0xb1, 0xff, 0x81, 0xa9, 0xb1, 0xff, 
0x81, 0xaa, 0xb1, 0xff, 0x81, 0xaa, 0xb1, 0xff, 0x81, 0xaa, 0xb1, 0xff, 0x81, 0xaa, 0xb1, 0xff, 
0x81, 0xa9, 0xb1, 0xff, 0x81, 0xa9, 0xb1, 0xff, 0x81, 0xaa, 0xb1, 0xff, 0x81, 0xa9, 0xb1, 0xff, 
0x81, 0xaa, 0xb1, 0xff, 0x81, 0xaa, 0xb1, 0xff, 0x81, 0xaa, 0xb1, 0xff, 0x81, 0xa9, 0xb1, 0xff, 
0x81, 0xaa, 0xb1, 0xff, 0x81, 0xaa, 0xb1, 0xff, 0x81, 0xaa, 0xb1, 0xff, 0x81, 0xaa, 0xb1, 0xff, 
0x81, 0xaa, 0xb1, 0xff, 0x81, 0xaa, 0xb1, 0xff, 0x81, 0xaa, 0xb1, 0xff, 0x81, 0xaa, 0xb1, 0xff, 
0x81, 0xaa, 0xb1, 0xff, 0x81, 0xaa, 0xb1, 0xff, 0x81, 0xaa, 0xb1, 0xff, 0x81, 0xaa, 0xb1, 0xff, 
0x81, 0xaa, 0xb1, 0xff, 0x81, 0xaa, 0xb1, 0xff, 0x81, 0xaa, 0xb1, 0xff, 0x81, 0xaa, 0xb1, 0xff, 
0x81, 0xaa, 0xb1, 0xff, 0x81, 0xaa, 0xb1, 0xff, 0x81, 0xaa, 0xb1, 0xff, 0x81, 0xaa, 0xb1, 0xff, 
0x81, 0xaa, 0xb1, 0xff, 0x81, 0xaa, 0xb1, 0xff, 0x81, 0xaa, 0xb1, 0xff, 0x81, 0xaa, 0xb1, 0xff, 
0x81, 0xaa, 0xb1, 0xff, 0x81, 0xaa, 0xb1, 0xff, 0x81, 0xaa, 0xb1, 0xff, 0x81, 0xaa, 0xb1, 0xff, 
0x81, 0xaa, 0xb1, 0xff, 0x81, 0xaa, 0xb1, 0xff, 0x81, 0xaa, 0xb1, 0xff, 0x81, 0xaa, 0xb1, 0xff, 
0x81, 0xaa, 0xb1, 0xff, 0x81, 0xaa, 0xb1, 0xff, 0x81, 0xaa, 0xb1, 0xff, 0x81, 0xaa, 0xb1, 0xff, 
0x81, 0xaa, 0xb1, 0xff, 0x81, 0xaa, 0xb1, 0xff, 0x81, 0xaa, 0xb1, 0xff, 0x81, 0xa9, 0xb1, 0xff, 
0x81, 0xa9, 0xb1, 0xff, 0x80, 0xa9, 0xb1, 0xff, 0x80, 0xa9, 0xb1, 0xff, 0x81, 0xa9, 0xb1, 0xff, 
0x80, 0xa9, 0xb1, 0xff, 0x80, 0xa9, 0xb0, 0xff, 0x80, 0xa9, 0xb0, 0xff, 0x80, 0xa9, 0xb0, 0xff, 
0x80, 0xa9, 0xb0, 0xff, 0x81, 0xa9, 0xb1, 0xff, 0x80, 0xa9, 0xb1, 0xff, 0x81, 0xa9, 0xb1, 0xff, 
0x80, 0xa9, 0xb1, 0xff, 0x80, 0xa9, 0xb1, 0xff, 0x80, 0xa9, 0xb1, 0xff, 0x80, 0xa9, 0xb1, 0xff, 
0x80, 0xa9, 0xb1, 0xff, 0x80, 0xaa, 0xb1, 0xff, 0x80, 0xaa, 0xb1, 0xff, 0x80, 0xa9, 0xb1, 0xff, 
0x80, 0xaa, 0xb1, 0xff, 0x81, 0xa9, 0xb1, 0xff, 0x80, 0xaa, 0xb1, 0xff, 0x81, 0xaa, 0xb1, 0xff, 
0x81, 0xaa, 0xb1, 0xff, 0x81, 0xa9, 0xb1, 0xff, 0x81, 0xa9, 0xb1, 0xff, 0x81, 0xaa, 0xb1, 0xff, 
0x81, 0xaa, 0xb1, 0xff, 0x81, 0xaa, 0xb1, 0xff, 0x81, 0xaa, 0xb1, 0xff, 0x81, 0xa9, 0xb1, 0xff, 
0x81, 0xa9, 0xb1, 0xff, 0x81, 0xaa, 0xb1, 0xff, 0x81, 0xa9, 0xb1, 0xff, 0x81, 0xaa, 0xb1, 0xff, 
0x81, 0xa9, 0xb1, 0xff, 0x81, 0xaa, 0xb1, 0xff, 0x81, 0xa9, 0xb1, 0xff, 0x81, 0xaa, 0xb1, 0xff, 
0x81, 0xaa, 0xb1, 0xff, 0x80, 0xaa, 0xb1, 0xff, 0x81, 0xa9, 0xb1, 0xff, 0x81, 0xaa, 0xb1, 0xff, 
0x81, 0xa9, 0xb1, 0xff, 0x80, 0xaa, 0xb1, 0xff, 0x80, 0xaa, 0xb1, 0xff, 0x80, 0xa9, 0xb1, 0xff, 
0x80, 0xa9, 0xb1, 0xff, 0x80, 0xa9, 0xb1, 0xff, 0x80, 0xa9, 0xb1, 0xff, 0x80, 0xa9, 0xb1, 0xff, 
0x80, 0xa9, 0xb1, 0xff, 0x80, 0xa9, 0xb1, 0xff, 0x80, 0xa9, 0xb0, 0xff, 0x80, 0xa9, 0xb0, 0xff, 
0x80, 0xa9, 0xb0, 0xff, 0x80, 0xa9, 0xb0, 0xff, 0x80, 0xa9, 0xb0, 0xff, 0x80, 0xa9, 0xb1, 0xff, 
0x81, 0xa9, 0xb1, 0xff, 0x80, 0xa9, 0xb1, 0xff, 0x81, 0xa9, 0xb1, 0xff, 0x81, 0xa9, 0xb1, 0xff, 
0x82, 0xa9, 0xb1, 0xff, 0x81, 0xaa, 0xb1, 0xff, 0x81, 0xaa, 0xb1, 0xff, 0x81, 0xaa, 0xb1, 0xff, 
0x81, 0xaa, 0xb1, 0xff, 0x81, 0xaa, 0xb1, 0xff, 0x81, 0xaa, 0xb1, 0xff, 0x81, 0xa9, 0xb1, 0xff, 
0x81, 0xaa, 0xb1, 0xff, 0x81, 0xaa, 0xb1, 0xff, 0x81, 0xaa, 0xb1, 0xff, 0x81, 0xa9, 0xb1, 0xff, 
0x81, 0xaa, 0xb1, 0xff, 0x81, 0xaa, 0xb1, 0xff, 0x81, 0xaa, 0xb1, 0xff, 0x81, 0xaa, 0xb1, 0xff, 
0x81, 0xa9, 0xb1, 0xff, 0x81, 0xa9, 0xb1, 0xff, 0x81, 0xaa, 0xb1, 0xff, 0x81, 0xa9, 0xb1, 0xff, 
0x81, 0xaa, 0xb1, 0xff, 0x81, 0xaa, 0xb1, 0xff, 0x81, 0xaa, 0xb1, 0xff, 0x81, 0xa9, 0xb1, 0xff, 
0x81, 0xaa, 0xb1, 0xff, 0x81, 0xaa, 0xb1, 0xff, 0x81, 0xaa, 0xb1, 0xff, 0x81, 0xaa, 0xb1, 0xff, 
0x81, 0xaa, 0xb1, 0xff, 0x81, 0xaa, 0xb1, 0xff, 0x81, 0xaa, 0xb1, 0xff, 0x81, 0xaa, 0xb1, 0xff, 
0x81, 0xab, 0xb2, 0xff, 0x82, 0xab, 0xb2, 0xff, 0x81, 0xab, 0xb2, 0xff, 0x82, 0xaa, 0xb2, 0xff, 
0x82, 0xab, 0xb2, 0xff, 0x82, 0xab, 0xb2, 0xff, 0x81, 0xaa, 0xb2, 0xff, 0x81, 0xab, 0xb2, 0xff, 
0x82, 0xab, 0xb2, 0xff, 0x82, 0xab, 0xb2, 0xff, 0x82, 0xab, 0xb2, 0xff, 0x82, 0xab, 0xb2, 0xff, 
0x82, 0xaa, 0xb2, 0xff, 0x81, 0xaa, 0xb2, 0xff, 0x82, 0xab, 0xb2, 0xff, 0x81, 0xaa, 0xb2, 0xff, 
0x82, 0xab, 0xb2, 0xff, 0x82, 0xab, 0xb2, 0xff, 0x82, 0xab, 0xb2, 0xff, 0x82, 0xaa, 0xb2, 0xff, 
0x82, 0xab, 0xb2, 0xff, 0x82, 0xaa, 0xb2, 0xff, 0x82, 0xaa, 0xb2, 0xff, 0x82, 0xab, 0xb2, 0xff, 
0x81, 0xab, 0xb2, 0xff, 0x82, 0xaa, 0xb2, 0xff, 0x81, 0xab, 0xb2, 0xff, 0x81, 0xab, 0xb2, 0xff, 
0x82, 0xab, 0xb2, 0xff, 0x83, 0xaa, 0xb3, 0xff, 0x83, 0xaa, 0xb2, 0xff, 0x81, 0xaa, 0xb1, 0xff, 
0x7f, 0xaa, 0xb1, 0xff, 0x7f, 0xaa, 0xb1, 0xff, 0x7f, 0xaa, 0xb1, 0xff, 0x7f, 0xaa, 0xb1, 0xff, 
0x7f, 0xaa, 0xb1, 0xff, 0x7f, 0xaa, 0xb1, 0xff, 0x7f, 0xaa, 0xb1, 0xff, 0x7f, 0xaa, 0xb1, 0xff, 
0x7f, 0xaa, 0xb1, 0xff, 0x7f, 0xaa, 0xb1, 0xff, 0x7f, 0xaa, 0xb1, 0xff, 0x7f, 0xaa, 0xb1, 0xff, 
0x7f, 0xaa, 0xb1, 0xff, 0x7f, 0xaa, 0xb1, 0xff, 0x7f, 0xaa, 0xb1, 0xff, 0x7f, 0xaa, 0xb1, 0xff, 
0x7f, 0xaa, 0xb1, 0xff, 0x7f, 0xaa, 0xb1, 0xff, 0x7f, 0xaa, 0xb1, 0xff, 0x7f, 0xaa, 0xb1, 0xff, 
0x7f, 0xaa, 0xb1, 0xff, 0x7f, 0xaa, 0xb1, 0xff, 0x7f, 0xaa, 0xb1, 0xff, 0x80, 0xaa, 0xb1, 0xff, 
0x7f, 0xaa, 0xb1, 0xff, 0x7f, 0xaa, 0xb1, 0xff, 0x80, 0xaa, 0xb1, 0xff, 0x80, 0xaa, 0xb1, 0xff, 
0x81, 0xa9, 0xb1, 0xff, 0x80, 0xaa, 0xb1, 0xff, 0x81, 0xa9, 0xb1, 0xff, 0x81, 0xa9, 0xb1, 0xff, 
0x81, 0xa9, 0xb1, 0xff, 0x81, 0xaa, 0xb1, 0xff, 0x81, 0xa9, 0xb1, 0xff, 0x81, 0xa9, 0xb1, 0xff, 
0x81, 0xa9, 0xb1, 0xff, 0x80, 0xaa, 0xb1, 0xff, 0x7f, 0xaa, 0xb1, 0xff, 0x7f, 0xaa, 0xb1, 0xff, 
0x80, 0xaa, 0xb1, 0xff, 0x7f, 0xaa, 0xb1, 0xff, 0x7f, 0xaa, 0xb1, 0xff, 0x7f, 0xaa, 0xb1, 0xff, 
0x7f, 0xaa, 0xb1, 0xff, 0x7f, 0xaa, 0xb1, 0xff, 0x7f, 0xaa, 0xb1, 0xff, 0x7f, 0xaa, 0xb1, 0xff, 
0x7f, 0xaa, 0xb1, 0xff, 0x7f, 0xaa, 0xb1, 0xff, 0x7f, 0xaa, 0xb1, 0xff, 0x7f, 0xaa, 0xb1, 0xff, 
0x7f, 0xaa, 0xb1, 0xff, 0x7f, 0xaa, 0xb1, 0xff, 0x7f, 0xaa, 0xb1, 0xff, 0x7f, 0xaa, 0xb1, 0xff, 
0x7f, 0xaa, 0xb1, 0xff, 0x7f, 0xaa, 0xb1, 0xff, 0x7f, 0xaa, 0xb1, 0xff, 0x7f, 0xaa, 0xb1, 0xff, 
0x7f, 0xaa, 0xb1, 0xff, 0x7f, 0xaa, 0xb1, 0xff, 0x7f, 0xaa, 0xb1, 0xff, 0x7f, 0xaa, 0xb1, 0xff, 
0x81, 0xaa, 0xb1, 0xff, 0x83, 0xaa, 0xb2, 0xff, 0x82, 0xaa, 0xb2, 0xff, 0x82, 0xab, 0xb2, 0xff, 
0x81, 0xab, 0xb2, 0xff, 0x82, 0xaa, 0xb2, 0xff, 0x82, 0xab, 0xb2, 0xff, 0x81, 0xaa, 0xb2, 0xff, 
0x82, 0xab, 0xb2, 0xff, 0x82, 0xab, 0xb2, 0xff, 0x82, 0xab, 0xb2, 0xff, 0x82, 0xaa, 0xb2, 0xff, 
0x82, 0xab, 0xb2, 0xff, 0x81, 0xaa, 0xb2, 0xff, 0x82, 0xaa, 0xb2, 0xff, 0x82, 0xab, 0xb2, 0xff, 
0x82, 0xaa, 0xb2, 0xff, 0x81, 0xaa, 0xb2, 0xff, 0x82, 0xab, 0xb2, 0xff, 0x82, 0xaa, 0xb2, 0xff, 
0x82, 0xab, 0xb2, 0xff, 0x82, 0xab, 0xb2, 0xff, 0x81, 0xaa, 0xb2, 0xff, 0x82, 0xab, 0xb2, 0xff, 
0x82, 0xab, 0xb2, 0xff, 0x82, 0xab, 0xb2, 0xff, 0x82, 0xab, 0xb2, 0xff, 0x82, 0xab, 0xb2, 0xff, 
0x82, 0xaa, 0xb2, 0xff, 0x81, 0xab, 0xb2, 0xff, 0x82, 0xab, 0xb2, 0xff, 0x82, 0xab, 0xb2, 0xff, 
0x81, 0xab, 0xb2, 0xff, 0x82, 0xab, 0xb2, 0xff, 0x81, 0xab, 0xb2, 0xff, 0x82, 0xaa, 0xb2, 0xff, 
0x82, 0xab, 0xb2, 0xff, 0x82, 0xab, 0xb2, 0xff, 0x81, 0xab, 0xb2, 0xff, 0x81, 0xab, 0xb2, 0xff, 
0x82, 0xab, 0xb2, 0xff, 0x82, 0xab, 0xb2, 0xff, 0x82, 0xab, 0xb2, 0xff, 0x82, 0xab, 0xb2, 0xff, 
0x82, 0xaa, 0xb2, 0xff, 0x81, 0xaa, 0xb2, 0xff, 0x82, 0xab, 0xb2, 0xff, 0x81, 0xaa, 0xb2, 0xff, 
0x82, 0xab, 0xb2, 0xff, 0x82, 0xab, 0xb2, 0xff, 0x82, 0xab, 0xb2, 0xff, 0x82, 0xaa, 0xb2, 0xff, 
0x82, 0xab, 0xb2, 0xff, 0x82, 0xaa, 0xb2, 0xff, 0x82, 0xaa, 0xb2, 0xff, 0x82, 0xab, 0xb2, 0xff, 
0x82, 0xab, 0xb2, 0xff, 0x81, 0xaa, 0xb2, 0xff, 0x82, 0xab, 0xb2, 0xff, 0x82, 0xab, 0xb2, 0xff, 
0x82, 0xab, 0xb2, 0xff, 0x83, 0xaa, 0xb2, 0xff, 0x83, 0xaa, 0xb2, 0xff, 0x81, 0xaa, 0xb1, 0xff, 
0x7f, 0xaa, 0xb1, 0xff, 0x7f, 0xaa, 0xb1, 0xff, 0x7f, 0xaa, 0xb1, 0xff, 0x7f, 0xaa, 0xb1, 0xff, 
0x7f, 0xaa, 0xb1, 0xff, 0x7f, 0xaa, 0xb1, 0xff, 0x7f, 0xaa, 0xb1, 0xff, 0x7f, 0xaa, 0xb1, 0xff, 
0x7f, 0xaa, 0xb1, 0xff, 0x7f, 0xaa, 0xb1, 0xff, 0x7f, 0xaa, 0xb1, 0xff, 0x7f, 0xaa, 0xb1, 0xff, 
0x7f, 0xaa, 0xb1, 0xff, 0x7f, 0xaa, 0xb1, 0xff, 0x7f, 0xaa, 0xb1, 0xff, 0x7f, 0xaa, 0xb1, 0xff, 
0x7f, 0xaa, 0xb1, 0xff, 0x7f, 0xaa, 0xb1, 0xff, 0x7f, 0xaa, 0xb1, 0xff, 0x7f, 0xaa, 0xb1, 0xff, 
0x7f, 0xaa, 0xb1, 0xff, 0x7f, 0xaa, 0xb1, 0xff, 0x7f, 0xaa, 0xb1, 0xff, 0x80, 0xaa, 0xb1, 0xff, 
0x7f, 0xaa, 0xb1, 0xff, 0x7f, 0xaa, 0xb1, 0xff, 0x80, 0xaa, 0xb1, 0xff, 0x80, 0xaa, 0xb1, 0xff, 
0x81, 0xa9, 0xb1, 0xff, 0x80, 0xaa, 0xb1, 0xff, 0x81, 0xa9, 0xb1, 0xff, 0x81, 0xa9, 0xb1, 0xff, 
0x81, 0xa9, 0xb1, 0xff, 0x81, 0xaa, 0xb1, 0xff, 0x81, 0xa9, 0xb1, 0xff, 0x81, 0xa9, 0xb1, 0xff, 
0x81, 0xa9, 0xb1, 0xff, 0x80, 0xaa, 0xb1, 0xff, 0x7f, 0xaa, 0xb1, 0xff, 0x7f, 0xaa, 0xb1, 0xff, 
0x80, 0xaa, 0xb1, 0xff, 0x7f, 0xaa, 0xb1, 0xff, 0x7f, 0xaa, 0xb1, 0xff, 0x7f, 0xaa, 0xb1, 0xff, 
0x7f, 0xaa, 0xb1, 0xff, 0x7f, 0xaa, 0xb1, 0xff, 0x7f, 0xaa, 0xb1, 0xff, 0x7f, 0xaa, 0xb1, 0xff, 
0x7f, 0xaa, 0xb1, 0xff, 0x7f, 0xaa, 0xb1, 0xff, 0x7f, 0xaa, 0xb1, 0xff, 0x7f, 0xaa, 0xb1, 0xff, 
0x7f, 0xaa, 0xb1, 0xff, 0x7f, 0xaa, 0xb1, 0xff, 0x7f, 0xaa, 0xb1, 0xff, 0x7f, 0xaa, 0xb1, 0xff, 
0x7f, 0xaa, 0xb1, 0xff, 0x7f, 0xaa, 0xb1, 0xff, 0x7f, 0xaa, 0xb1, 0xff, 0x7f, 0xaa, 0xb1, 0xff, 
0x7f, 0xaa, 0xb1, 0xff, 0x7f, 0xaa, 0xb1, 0xff, 0x7f, 0xaa, 0xb1, 0xff, 0x7f, 0xaa, 0xb1, 0xff, 
0x81, 0xaa, 0xb1, 0xff, 0x83, 0xaa, 0xb2, 0xff, 0x83, 0xaa, 0xb2, 0xff, 0x82, 0xab, 0xb2, 0xff, 
0x81, 0xab, 0xb2, 0xff, 0x81, 0xab, 0xb2, 0xff, 0x82, 0xab, 0xb2, 0xff, 0x81, 0xaa, 0xb2, 0xff, 
0x82, 0xab, 0xb2, 0xff, 0x82, 0xab, 0xb2, 0xff, 0x82, 0xab, 0xb2, 0xff, 0x82, 0xaa, 0xb2, 0xff, 
0x82, 0xab, 0xb2, 0xff, 0x81, 0xaa, 0xb2, 0xff, 0x82, 0xaa, 0xb2, 0xff, 0x82, 0xab, 0xb2, 0xff, 
0x82, 0xaa, 0xb2, 0xff, 0x81, 0xaa, 0xb2, 0xff, 0x82, 0xab, 0xb2, 0xff, 0x82, 0xaa, 0xb2, 0xff, 
0x82, 0xab, 0xb2, 0xff, 0x82, 0xab, 0xb2, 0xff, 0x81, 0xaa, 0xb2, 0xff, 0x82, 0xab, 0xb2, 0xff, 
0x82, 0xab, 0xb2, 0xff, 0x82, 0xab, 0xb2, 0xff, 0x82, 0xab, 0xb2, 0xff, 0x82, 0xab, 0xb2, 0xff, 
0x82, 0xaa, 0xb2, 0xff, 0x81, 0xab, 0xb2, 0xff, 0x82, 0xab, 0xb2, 0xff, 0x82, 0xab, 0xb2, 0xff, 
0x80, 0xab, 0xb2, 0xff, 0x80, 0xab, 0xb2, 0xff, 0x80, 0xab, 0xb2, 0xff, 0x80, 0xab, 0xb2, 0xff, 
0x80, 0xab, 0xb2, 0xff, 0x80, 0xab, 0xb2, 0xff, 0x80, 0xab, 0xb2, 0xff, 0x80, 0xab, 0xb2, 0xff, 
0x80, 0xab, 0xb2, 0xff, 0x80, 0xab, 0xb2, 0xff, 0x80, 0xab, 0xb2, 0xff, 0x80, 0xab, 0xb2, 0xff, 
0x80, 0xab, 0xb2, 0xff, 0x80, 0xab, 0xb2, 0xff, 0x80, 0xab, 0xb2, 0xff, 0x80, 0xab, 0xb2, 0xff, 
0x80, 0xab, 0xb2, 0xff, 0x80, 0xab, 0xb2, 0xff, 0x80, 0xab, 0xb2, 0xff, 0x80, 0xab, 0xb2, 0xff, 
0x80, 0xab, 0xb2, 0xff, 0x7f, 0xab, 0xb2, 0xff, 0x80, 0xab, 0xb2, 0xff, 0x80, 0xab, 0xb2, 0xff, 
0x80, 0xab, 0xb2, 0xff, 0x82, 0xaa, 0xb2, 0xff, 0x81, 0xab, 0xb2, 0xff, 0x82, 0xab, 0xb2, 0xff, 
0x82, 0xaa, 0xb2, 0xff, 0x82, 0xaa, 0xb2, 0xff, 0x80, 0xaa, 0xb1, 0xff, 0x7f, 0xaa, 0xb1, 0xff, 
0x7f, 0xaa, 0xb1, 0xff, 0x7f, 0xaa, 0xb1, 0xff, 0x7f, 0xaa, 0xb1, 0xff, 0x7f, 0xaa, 0xb1, 0xff, 
0x7f, 0xaa, 0xb1, 0xff, 0x7f, 0xaa, 0xb1, 0xff, 0x7f, 0xaa, 0xb1, 0xff, 0x7f, 0xaa, 0xb1, 0xff, 
0x7f, 0xaa, 0xb1, 0xff, 0x7f, 0xaa, 0xb1, 0xff, 0x7f, 0xaa, 0xb1, 0xff, 0x7f, 0xaa, 0xb1, 0xff, 
0x7f, 0xaa, 0xb1, 0xff, 0x7f, 0xaa, 0xb1, 0xff, 0x7f, 0xaa, 0xb1, 0xff, 0x7f, 0xaa, 0xb1, 0xff, 
0x7f, 0xaa, 0xb1, 0xff, 0x7f, 0xaa, 0xb1, 0xff, 0x7f, 0xaa, 0xb1, 0xff, 0x7f, 0xaa, 0xb1, 0xff, 
0x7f, 0xaa, 0xb1, 0xff, 0x7f, 0xaa, 0xb1, 0xff, 0x7f, 0xaa, 0xb1, 0xff, 0x7f, 0xaa, 0xb1, 0xff, 
0x7f, 0xaa, 0xb1, 0xff, 0x7f, 0xaa, 0xb1, 0xff, 0x7f, 0xaa, 0xb1, 0xff, 0x7f, 0xaa, 0xb1, 0xff, 
0x7f, 0xaa, 0xb1, 0xff, 0x7f, 0xaa, 0xb1, 0xff, 0x7f, 0xaa, 0xb1, 0xff, 0x7f, 0xaa, 0xb1, 0xff, 
0x7f, 0xaa, 0xb1, 0xff, 0x7f, 0xaa, 0xb1, 0xff, 0x7f, 0xaa, 0xb1, 0xff, 0x7f, 0xaa, 0xb1, 0xff, 
0x7f, 0xaa, 0xb1, 0xff, 0x7f, 0xaa, 0xb1, 0xff, 0x7f, 0xaa, 0xb1, 0xff, 0x7f, 0xaa, 0xb1, 0xff, 
0x7f, 0xaa, 0xb1, 0xff, 0x7f, 0xaa, 0xb1, 0xff, 0x7f, 0xaa, 0xb1, 0xff, 0x7f, 0xaa, 0xb1, 0xff, 
0x7f, 0xaa, 0xb1, 0xff, 0x7f, 0xaa, 0xb1, 0xff, 0x7f, 0xaa, 0xb1, 0xff, 0x7f, 0xaa, 0xb1, 0xff, 
0x7f, 0xaa, 0xb1, 0xff, 0x7f, 0xaa, 0xb1, 0xff, 0x7f, 0xaa, 0xb1, 0xff, 0x7f, 0xaa, 0xb1, 0xff, 
0x7f, 0xaa, 0xb1, 0xff, 0x7f, 0xaa, 0xb1, 0xff, 0x7f, 0xaa, 0xb1, 0xff, 0x7f, 0xaa, 0xb1, 0xff, 
0x7f, 0xaa, 0xb1, 0xff, 0x7f, 0xaa, 0xb1, 0xff, 0x7f, 0xaa, 0xb1, 0xff, 0x7f, 0xaa, 0xb1, 0xff, 
0x7f, 0xaa, 0xb1, 0xff, 0x7f, 0xaa, 0xb1, 0xff, 0x7f, 0xaa, 0xb1, 0xff, 0x7f, 0xaa, 0xb1, 0xff, 
0x7f, 0xaa, 0xb1, 0xff, 0x81, 0xaa, 0xb2, 0xff, 0x82, 0xaa, 0xb2, 0xff, 0x82, 0xaa, 0xb2, 0xff, 
0x82, 0xaa, 0xb2, 0xff, 0x82, 0xaa, 0xb2, 0xff, 0x80, 0xab, 0xb2, 0xff, 0x80, 0xab, 0xb2, 0xff, 
0x80, 0xab, 0xb2, 0xff, 0x7f, 0xab, 0xb2, 0xff, 0x7f, 0xab, 0xb2, 0xff, 0x80, 0xab, 0xb2, 0xff, 
0x80, 0xab, 0xb2, 0xff, 0x80, 0xab, 0xb2, 0xff, 0x80, 0xab, 0xb2, 0xff, 0x80, 0xab, 0xb2, 0xff, 
0x80, 0xab, 0xb2, 0xff, 0x80, 0xab, 0xb2, 0xff, 0x80, 0xab, 0xb2, 0xff, 0x80, 0xab, 0xb2, 0xff, 
0x80, 0xab, 0xb2, 0xff, 0x80, 0xab, 0xb2, 0xff, 0x80, 0xab, 0xb2, 0xff, 0x80, 0xab, 0xb2, 0xff, 
0x80, 0xab, 0xb2, 0xff, 0x80, 0xab, 0xb2, 0xff, 0x80, 0xab, 0xb2, 0xff, 0x80, 0xab, 0xb2, 0xff, 
0x80, 0xab, 0xb2, 0xff, 0x80, 0xab, 0xb2, 0xff, 0x80, 0xab, 0xb2, 0xff, 0x80, 0xab, 0xb2, 0xff, 
0x80, 0xab, 0xb2, 0xff, 0x80, 0xab, 0xb2, 0xff, 0x80, 0xab, 0xb2, 0xff, 0x80, 0xab, 0xb2, 0xff, 
0x80, 0xab, 0xb2, 0xff, 0x80, 0xab, 0xb2, 0xff, 0x80, 0xab, 0xb2, 0xff, 0x80, 0xab, 0xb2, 0xff, 
0x80, 0xab, 0xb2, 0xff, 0x80, 0xab, 0xb2, 0xff, 0x80, 0xab, 0xb2, 0xff, 0x80, 0xab, 0xb2, 0xff, 
0x80, 0xab, 0xb2, 0xff, 0x80, 0xab, 0xb2, 0xff, 0x80, 0xab, 0xb2, 0xff, 0x80, 0xab, 0xb2, 0xff, 
0x80, 0xab, 0xb2, 0xff, 0x80, 0xab, 0xb2, 0xff, 0x80, 0xab, 0xb2, 0xff, 0x80, 0xab, 0xb2, 0xff, 
0x80, 0xab, 0xb2, 0xff, 0x7f, 0xab, 0xb2, 0xff, 0x7f, 0xab, 0xb2, 0xff, 0x80, 0xab, 0xb2, 0xff, 
0x80, 0xab, 0xb2, 0xff, 0x80, 0xab, 0xb2, 0xff, 0x82, 0xaa, 0xb2, 0xff, 0x82, 0xab, 0xb2, 0xff, 
0x82, 0xaa, 0xb2, 0xff, 0x82, 0xaa, 0xb2, 0xff, 0x81, 0xaa, 0xb2, 0xff, 0x7f, 0xaa, 0xb1, 0xff, 
0x7f, 0xaa, 0xb1, 0xff, 0x7f, 0xaa, 0xb1, 0xff, 0x7f, 0xaa, 0xb1, 0xff, 0x7f, 0xaa, 0xb1, 0xff, 
0x7f, 0xaa, 0xb1, 0xff, 0x7f, 0xaa, 0xb1, 0xff, 0x7f, 0xaa, 0xb1, 0xff, 0x7f, 0xaa, 0xb1, 0xff, 
0x7f, 0xaa, 0xb1, 0xff, 0x7f, 0xaa, 0xb1, 0xff, 0x7f, 0xaa, 0xb1, 0xff, 0x7f, 0xaa, 0xb1, 0xff, 
0x7f, 0xaa, 0xb1, 0xff, 0x7f, 0xaa, 0xb1, 0xff, 0x7f, 0xaa, 0xb1, 0xff, 0x7f, 0xaa, 0xb1, 0xff, 
0x7f, 0xaa, 0xb1, 0xff, 0x7f, 0xaa, 0xb1, 0xff, 0x7f, 0xaa, 0xb1, 0xff, 0x7f, 0xaa, 0xb1, 0xff, 
0x7f, 0xaa, 0xb1, 0xff, 0x7f, 0xaa, 0xb1, 0xff, 0x7f, 0xaa, 0xb1, 0xff, 0x7f, 0xaa, 0xb1, 0xff, 
0x7f, 0xaa, 0xb1, 0xff, 0x7f, 0xaa, 0xb1, 0xff, 0x7f, 0xaa, 0xb1, 0xff, 0x7f, 0xaa, 0xb1, 0xff, 
0x7f, 0xaa, 0xb1, 0xff, 0x7f, 0xaa, 0xb1, 0xff, 0x7f, 0xaa, 0xb1, 0xff, 0x7f, 0xaa, 0xb1, 0xff, 
0x7f, 0xaa, 0xb1, 0xff, 0x7f, 0xaa, 0xb1, 0xff, 0x7f, 0xaa, 0xb1, 0xff, 0x7f, 0xaa, 0xb1, 0xff, 
0x7f, 0xaa, 0xb1, 0xff, 0x7f, 0xaa, 0xb1, 0xff, 0x7f, 0xaa, 0xb1, 0xff, 0x7f, 0xaa, 0xb1, 0xff, 
0x7f, 0xaa, 0xb1, 0xff, 0x7f, 0xaa, 0xb1, 0xff, 0x7f, 0xaa, 0xb1, 0xff, 0x7f, 0xaa, 0xb1, 0xff, 
0x7f, 0xaa, 0xb1, 0xff, 0x7f, 0xaa, 0xb1, 0xff, 0x7f, 0xaa, 0xb1, 0xff, 0x7f, 0xaa, 0xb1, 0xff, 
0x7f, 0xaa, 0xb1, 0xff, 0x7f, 0xaa, 0xb1, 0xff, 0x7f, 0xaa, 0xb1, 0xff, 0x7f, 0xaa, 0xb1, 0xff, 
0x7f, 0xaa, 0xb1, 0xff, 0x7f, 0xaa, 0xb1, 0xff, 0x7f, 0xaa, 0xb1, 0xff, 0x7f, 0xaa, 0xb1, 0xff, 
0x7f, 0xaa, 0xb1, 0xff, 0x7f, 0xaa, 0xb1, 0xff, 0x7f, 0xaa, 0xb1, 0xff, 0x7f, 0xaa, 0xb1, 0xff, 
0x7f, 0xaa, 0xb1, 0xff, 0x7f, 0xaa, 0xb1, 0xff, 0x7f, 0xaa, 0xb1, 0xff, 0x7f, 0xaa, 0xb1, 0xff, 
0x7f, 0xaa, 0xb1, 0xff, 0x80, 0xaa, 0xb1, 0xff, 0x82, 0xaa, 0xb2, 0xff, 0x82, 0xaa, 0xb2, 0xff, 
0x82, 0xaa, 0xb2, 0xff, 0x81, 0xab, 0xb2, 0xff, 0x82, 0xaa, 0xb2, 0xff, 0x80, 0xab, 0xb2, 0xff, 
0x80, 0xab, 0xb2, 0xff, 0x80, 0xab, 0xb2, 0xff, 0x7f, 0xab, 0xb2, 0xff, 0x80, 0xab, 0xb2, 0xff, 
0x80, 0xab, 0xb2, 0xff, 0x80, 0xab, 0xb2, 0xff, 0x80, 0xab, 0xb2, 0xff, 0x80, 0xab, 0xb2, 0xff, 
0x80, 0xab, 0xb2, 0xff, 0x80, 0xab, 0xb2, 0xff, 0x80, 0xab, 0xb2, 0xff, 0x80, 0xab, 0xb2, 0xff, 
0x80, 0xab, 0xb2, 0xff, 0x80, 0xab, 0xb2, 0xff, 0x80, 0xab, 0xb2, 0xff, 0x80, 0xab, 0xb2, 0xff, 
0x80, 0xab, 0xb2, 0xff, 0x80, 0xab, 0xb2, 0xff, 0x80, 0xab, 0xb2, 0xff, 0x80, 0xab, 0xb2, 0xff, 
0x80, 0xab, 0xb2, 0xff, 0x80, 0xab, 0xb2, 0xff, 0x80, 0xab, 0xb2, 0xff, 0x80, 0xab, 0xb2, 0xff, 
0x80, 0xab, 0xb2, 0xff, 0x80, 0xab, 0xb2, 0xff, 0x80, 0xab, 0xb2, 0xff, 0x80, 0xab, 0xb2, 0xff, 
0x80, 0xab, 0xb2, 0xff, 0x80, 0xab, 0xb2, 0xff, 0x80, 0xab, 0xb2, 0xff, 0x80, 0xab, 0xb2, 0xff, 
0x80, 0xab, 0xb2, 0xff, 0x80, 0xab, 0xb2, 0xff, 0x80, 0xab, 0xb2, 0xff, 0x80, 0xab, 0xb2, 0xff, 
0x80, 0xab, 0xb2, 0xff, 0x80, 0xab, 0xb2, 0xff, 0x80, 0xab, 0xb2, 0xff, 0x80, 0xab, 0xb2, 0xff, 
0x80, 0xab, 0xb2, 0xff, 0x80, 0xab, 0xb2, 0xff, 0x80, 0xab, 0xb2, 0xff, 0x80, 0xab, 0xb2, 0xff, 
0x82, 0xaa, 0xb2, 0xff, 0x81, 0xab, 0xb2, 0xff, 0x82, 0xaa, 0xb2, 0xff, 0x82, 0xaa, 0xb2, 0xff, 
0x83, 0xaa, 0xb2, 0xff, 0x82, 0xaa, 0xb2, 0xff, 0x82, 0xaa, 0xb2, 0xff, 0x81, 0xaa, 0xb2, 0xff, 
0x81, 0xaa, 0xb1, 0xff, 0x7f, 0xaa, 0xb1, 0xff, 0x7f, 0xaa, 0xb1, 0xff, 0x7f, 0xaa, 0xb1, 0xff, 
0x7f, 0xaa, 0xb1, 0xff, 0x7f, 0xaa, 0xb1, 0xff, 0x7f, 0xaa, 0xb1, 0xff, 0x7f, 0xaa, 0xb1, 0xff, 
0x7f, 0xaa, 0xb1, 0xff, 0x7f, 0xaa, 0xb1, 0xff, 0x7f, 0xaa, 0xb1, 0xff, 0x7f, 0xaa, 0xb1, 0xff, 
0x7f, 0xaa, 0xb1, 0xff, 0x7f, 0xaa, 0xb1, 0xff, 0x7f, 0xaa, 0xb1, 0xff, 0x7f, 0xaa, 0xb1, 0xff, 
0x7f, 0xaa, 0xb1, 0xff, 0x7f, 0xaa, 0xb1, 0xff, 0x7f, 0xaa, 0xb1, 0xff, 0x7f, 0xaa, 0xb1, 0xff, 
0x7f, 0xaa, 0xb1, 0xff, 0x7f, 0xaa, 0xb1, 0xff, 0x7f, 0xaa, 0xb1, 0xff, 0x7f, 0xaa, 0xb1, 0xff, 
0x7f, 0xaa, 0xb1, 0xff, 0x7f, 0xaa, 0xb1, 0xff, 0x7f, 0xaa, 0xb1, 0xff, 0x7f, 0xaa, 0xb1, 0xff, 
0x7f, 0xaa, 0xb1, 0xff, 0x7f, 0xaa, 0xb1, 0xff, 0x7f, 0xaa, 0xb1, 0xff, 0x7f, 0xaa, 0xb1, 0xff, 
0x7f, 0xaa, 0xb1, 0xff, 0x7f, 0xaa, 0xb1, 0xff, 0x7f, 0xaa, 0xb1, 0xff, 0x7f, 0xaa, 0xb1, 0xff, 
0x7f, 0xaa, 0xb1, 0xff, 0x7f, 0xaa, 0xb1, 0xff, 0x7f, 0xaa, 0xb1, 0xff, 0x7f, 0xaa, 0xb1, 0xff, 
0x7f, 0xaa, 0xb1, 0xff, 0x7f, 0xaa, 0xb1, 0xff, 0x7f, 0xaa, 0xb1, 0xff, 0x7f, 0xaa, 0xb1, 0xff, 
0x7f, 0xaa, 0xb1, 0xff, 0x7f, 0xaa, 0xb1, 0xff, 0x7f, 0xaa, 0xb1, 0xff, 0x7f, 0xaa, 0xb1, 0xff, 
0x7f, 0xaa, 0xb1, 0xff, 0x7f, 0xaa, 0xb1, 0xff, 0x7f, 0xaa, 0xb1, 0xff, 0x7f, 0xaa, 0xb1, 0xff, 
0x7f, 0xaa, 0xb1, 0xff, 0x7f, 0xaa, 0xb1, 0xff, 0x7f, 0xaa, 0xb1, 0xff, 0x7f, 0xaa, 0xb1, 0xff, 
0x7f, 0xaa, 0xb1, 0xff, 0x7f, 0xaa, 0xb1, 0xff, 0x7f, 0xaa, 0xb1, 0xff, 0x7f, 0xaa, 0xb1, 0xff, 
0x7f, 0xaa, 0xb1, 0xff, 0x7f, 0xaa, 0xb1, 0xff, 0x7f, 0xaa, 0xb1, 0xff, 0x7f, 0xaa, 0xb1, 0xff, 
0x7f, 0xaa, 0xb1, 0xff, 0x7f, 0xaa, 0xb1, 0xff, 0x7f, 0xaa, 0xb1, 0xff, 0x7f, 0xaa, 0xb1, 0xff, 
0x7f, 0xaa, 0xb1, 0xff, 0x7f, 0xaa, 0xb1, 0xff, 0x7f, 0xaa, 0xb1, 0xff, 0x80, 0xaa, 0xb1, 0xff, 
0x81, 0xaa, 0xb2, 0xff, 0x82, 0xaa, 0xb2, 0xff, 0x82, 0xaa, 0xb2, 0xff, 0x82, 0xaa, 0xb2, 0xff, 
0x82, 0xaa, 0xb2, 0xff, 0x82, 0xaa, 0xb2, 0xff, 0x81, 0xab, 0xb2, 0xff, 0x82, 0xaa, 0xb2, 0xff, 
0x80, 0xab, 0xb2, 0xff, 0x80, 0xab, 0xb2, 0xff, 0x80, 0xab, 0xb2, 0xff, 0x80, 0xab, 0xb2, 0xff, 
0x80, 0xab, 0xb2, 0xff, 0x80, 0xab, 0xb2, 0xff, 0x80, 0xab, 0xb2, 0xff, 0x80, 0xab, 0xb2, 0xff, 
0x80, 0xab, 0xb2, 0xff, 0x80, 0xab, 0xb2, 0xff, 0x80, 0xab, 0xb2, 0xff, 0x80, 0xab, 0xb2, 0xff, 
0x80, 0xab, 0xb2, 0xff, 0x80, 0xab, 0xb2, 0xff, 0x80, 0xab, 0xb2, 0xff, 0x80, 0xab, 0xb2, 0xff, 
0x80, 0xab, 0xb2, 0xff, 0x80, 0xab, 0xb2, 0xff, 0x80, 0xab, 0xb2, 0xff, 0x80, 0xab, 0xb2, 0xff, 
0x80, 0xab, 0xb2, 0xff, 0x80, 0xab, 0xb2, 0xff, 0x80, 0xab, 0xb2, 0xff, 0x80, 0xab, 0xb2, 0xff, 
0x80, 0xab, 0xb2, 0xff, 0x80, 0xab, 0xb2, 0xff, 0x80, 0xab, 0xb2, 0xff, 0x80, 0xab, 0xb2, 0xff, 
0x80, 0xab, 0xb2, 0xff, 0x80, 0xab, 0xb2, 0xff, 0x80, 0xab, 0xb2, 0xff, 0x80, 0xab, 0xb2, 0xff, 
0x80, 0xab, 0xb2, 0xff, 0x80, 0xab, 0xb2, 0xff, 0x80, 0xab, 0xb2, 0xff, 0x80, 0xab, 0xb2, 0xff, 
0x80, 0xab, 0xb2, 0xff, 0x80, 0xab, 0xb2, 0xff, 0x80, 0xab, 0xb2, 0xff, 0x80, 0xab, 0xb2, 0xff, 
0x82, 0xaa, 0xb2, 0xff, 0x81, 0xab, 0xb2, 0xff, 0x81, 0xab, 0xb2, 0xff, 0x82, 0xaa, 0xb2, 0xff, 
0x82, 0xaa, 0xb2, 0xff, 0x82, 0xaa, 0xb2, 0xff, 0x82, 0xaa, 0xb2, 0xff, 0x81, 0xaa, 0xb2, 0xff, 
0x81, 0xaa, 0xb1, 0xff, 0x7f, 0xaa, 0xb1, 0xff, 0x7f, 0xaa, 0xb1, 0xff, 0x7f, 0xaa, 0xb1, 0xff, 
0x7f, 0xaa, 0xb1, 0xff, 0x7f, 0xaa, 0xb1, 0xff, 0x7f, 0xaa, 0xb1, 0xff, 0x7f, 0xaa, 0xb1, 0xff, 
0x7f, 0xaa, 0xb1, 0xff, 0x7f, 0xaa, 0xb1, 0xff, 0x7f, 0xaa, 0xb1, 0xff, 0x7f, 0xaa, 0xb1, 0xff, 
0x7f, 0xaa, 0xb1, 0xff, 0x7f, 0xaa, 0xb1, 0xff, 0x7f, 0xaa, 0xb1, 0xff, 0x7f, 0xaa, 0xb1, 0xff, 
0x7f, 0xaa, 0xb1, 0xff, 0x7f, 0xaa, 0xb1, 0xff, 0x7f, 0xaa, 0xb1, 0xff, 0x7f, 0xaa, 0xb1, 0xff, 
0x7f, 0xaa, 0xb1, 0xff, 0x7f, 0xaa, 0xb1, 0xff, 0x7f, 0xaa, 0xb1, 0xff, 0x7f, 0xaa, 0xb1, 0xff, 
0x7f, 0xaa, 0xb1, 0xff, 0x7f, 0xaa, 0xb1, 0xff, 0x7f, 0xaa, 0xb1, 0xff, 0x7f, 0xaa, 0xb1, 0xff, 
0x7f, 0xaa, 0xb1, 0xff, 0x7f, 0xaa, 0xb1, 0xff, 0x7f, 0xaa, 0xb1, 0xff, 0x7f, 0xaa, 0xb1, 0xff, 
0x7f, 0xaa, 0xb1, 0xff, 0x7f, 0xaa, 0xb1, 0xff, 0x7f, 0xaa, 0xb1, 0xff, 0x7f, 0xaa, 0xb1, 0xff, 
0x7f, 0xaa, 0xb1, 0xff, 0x7f, 0xaa, 0xb1, 0xff, 0x7f, 0xaa, 0xb1, 0xff, 0x7f, 0xaa, 0xb1, 0xff, 
0x7f, 0xaa, 0xb1, 0xff, 0x7f, 0xaa, 0xb1, 0xff, 0x7f, 0xaa, 0xb1, 0xff, 0x7f, 0xaa, 0xb1, 0xff, 
0x7f, 0xaa, 0xb1, 0xff, 0x7f, 0xaa, 0xb1, 0xff, 0x7f, 0xaa, 0xb1, 0xff, 0x7f, 0xaa, 0xb1, 0xff, 
0x7f, 0xaa, 0xb1, 0xff, 0x7f, 0xaa, 0xb1, 0xff, 0x7f, 0xaa, 0xb1, 0xff, 0x7f, 0xaa, 0xb1, 0xff, 
0x7f, 0xaa, 0xb1, 0xff, 0x7f, 0xaa, 0xb1, 0xff, 0x7f, 0xaa, 0xb1, 0xff, 0x7f, 0xaa, 0xb1, 0xff, 
0x7f, 0xaa, 0xb1, 0xff, 0x7f, 0xaa, 0xb1, 0xff, 0x7f, 0xaa, 0xb1, 0xff, 0x7f, 0xaa, 0xb1, 0xff, 
0x7f, 0xaa, 0xb1, 0xff, 0x7f, 0xaa, 0xb1, 0xff, 0x7f, 0xaa, 0xb1, 0xff, 0x7f, 0xaa, 0xb1, 0xff, 
0x7f, 0xaa, 0xb1, 0xff, 0x7f, 0xaa, 0xb1, 0xff, 0x7f, 0xaa, 0xb1, 0xff, 0x7f, 0xaa, 0xb1, 0xff, 
0x7f, 0xaa, 0xb1, 0xff, 0x7f, 0xaa, 0xb1, 0xff, 0x7f, 0xaa, 0xb1, 0xff, 0x80, 0xaa, 0xb1, 0xff, 
0x81, 0xaa, 0xb2, 0xff, 0x82, 0xaa, 0xb2, 0xff, 0x82, 0xaa, 0xb2, 0xff, 0x83, 0xaa, 0xb2, 0xff, 
0x82, 0xaa, 0xb2, 0xff, 0x82, 0xaa, 0xb2, 0xff, 0x82, 0xaa, 0xb2, 0xff, 0x82, 0xaa, 0xb2, 0xff, 
0x80, 0xab, 0xb2, 0xff, 0x80, 0xab, 0xb2, 0xff, 0x80, 0xab, 0xb2, 0xff, 0x80, 0xab, 0xb2, 0xff, 
0x80, 0xab, 0xb2, 0xff, 0x80, 0xab, 0xb2, 0xff, 0x80, 0xab, 0xb2, 0xff, 0x80, 0xab, 0xb2, 0xff, 
0x80, 0xab, 0xb2, 0xff, 0x80, 0xab, 0xb2, 0xff, 0x80, 0xab, 0xb2, 0xff, 0x80, 0xab, 0xb2, 0xff, 
0x80, 0xab, 0xb2, 0xff, 0x80, 0xab, 0xb2, 0xff, 0x80, 0xab, 0xb2, 0xff, 0x80, 0xab, 0xb2, 0xff, 
0x80, 0xab, 0xb2, 0xff, 0x80, 0xab, 0xb2, 0xff, 0x80, 0xab, 0xb2, 0xff, 0x80, 0xab, 0xb2, 0xff, 
0x81, 0xab, 0xb2, 0xff, 0x81, 0xab, 0xb2, 0xff, 0x81, 0xab, 0xb2, 0xff, 0x81, 0xab, 0xb2, 0xff, 
0x81, 0xab, 0xb2, 0xff, 0x81, 0xab, 0xb2, 0xff, 0x81, 0xab, 0xb2, 0xff, 0x81, 0xab, 0xb2, 0xff, 
0x82, 0xab, 0xb2, 0xff, 0x82, 0xab, 0xb2, 0xff, 0x82, 0xab, 0xb2, 0xff, 0x82, 0xab, 0xb2, 0xff, 
0x82, 0xaa, 0xb2, 0xff, 0x82, 0xaa, 0xb2, 0xff, 0x82, 0xaa, 0xb2, 0xff, 0x82, 0xaa, 0xb2, 0xff, 
0x82, 0xaa, 0xb2, 0xff, 0x82, 0xaa, 0xb2, 0xff, 0x81, 0xaa, 0xb2, 0xff, 0x82, 0xaa, 0xb2, 0xff, 
0x82, 0xaa, 0xb2, 0xff, 0x81, 0xaa, 0xb2, 0xff, 0x81, 0xaa, 0xb2, 0xff, 0x81, 0xaa, 0xb2, 0xff, 
0x80, 0xaa, 0xb1, 0xff, 0x7f, 0xaa, 0xb1, 0xff, 0x7f, 0xaa, 0xb1, 0xff, 0x7f, 0xaa, 0xb1, 0xff, 
0x7f, 0xaa, 0xb1, 0xff, 0x7f, 0xaa, 0xb1, 0xff, 0x7f, 0xaa, 0xb1, 0xff, 0x7f, 0xaa, 0xb1, 0xff, 
0x7f, 0xaa, 0xb1, 0xff, 0x7f, 0xaa, 0xb1, 0xff, 0x7f, 0xaa, 0xb1, 0xff, 0x7f, 0xaa, 0xb1, 0xff, 
0x7f, 0xaa, 0xb1, 0xff, 0x7f, 0xaa, 0xb1, 0xff, 0x7f, 0xaa, 0xb1, 0xff, 0x7f, 0xaa, 0xb1, 0xff, 
0x7f, 0xaa, 0xb1, 0xff, 0x7f, 0xaa, 0xb1, 0xff, 0x7f, 0xaa, 0xb1, 0xff, 0x7f, 0xaa, 0xb1, 0xff, 
0x7f, 0xaa, 0xb1, 0xff, 0x7f, 0xaa, 0xb1, 0xff, 0x7f, 0xaa, 0xb1, 0xff, 0x7f, 0xaa, 0xb1, 0xff, 
0x7f, 0xaa, 0xb1, 0xff, 0x7f, 0xaa, 0xb1, 0xff, 0x7f, 0xaa, 0xb1, 0xff, 0x7f, 0xaa, 0xb1, 0xff, 
0x7f, 0xaa, 0xb1, 0xff, 0x7f, 0xaa, 0xb1, 0xff, 0x7f, 0xaa, 0xb1, 0xff, 0x7f, 0xaa, 0xb1, 0xff, 
0x7f, 0xaa, 0xb1, 0xff, 0x7f, 0xaa, 0xb1, 0xff, 0x7f, 0xaa, 0xb1, 0xff, 0x7f, 0xaa, 0xb1, 0xff, 
0x7f, 0xaa, 0xb1, 0xff, 0x7f, 0xaa, 0xb1, 0xff, 0x7f, 0xaa, 0xb1, 0xff, 0x7f, 0xaa, 0xb1, 0xff, 
0x7f, 0xaa, 0xb1, 0xff, 0x7f, 0xaa, 0xb1, 0xff, 0x7f, 0xaa, 0xb1, 0xff, 0x7f, 0xaa, 0xb1, 0xff, 
0x7f, 0xaa, 0xb1, 0xff, 0x7f, 0xaa, 0xb1, 0xff, 0x7f, 0xaa, 0xb1, 0xff, 0x7f, 0xaa, 0xb1, 0xff, 
0x7f, 0xaa, 0xb1, 0xff, 0x7f, 0xaa, 0xb1, 0xff, 0x7f, 0xaa, 0xb1, 0xff, 0x7f, 0xaa, 0xb1, 0xff, 
0x7f, 0xaa, 0xb1, 0xff, 0x7f, 0xaa, 0xb1, 0xff, 0x7f, 0xaa, 0xb1, 0xff, 0x7f, 0xaa, 0xb1, 0xff, 
0x7f, 0xaa, 0xb1, 0xff, 0x7f, 0xaa, 0xb1, 0xff, 0x7f, 0xaa, 0xb1, 0xff, 0x7f, 0xaa, 0xb1, 0xff, 
0x7f, 0xaa, 0xb1, 0xff, 0x7f, 0xaa, 0xb1, 0xff, 0x7f, 0xaa, 0xb1, 0xff, 0x7f, 0xaa, 0xb1, 0xff, 
0x7f, 0xaa, 0xb1, 0xff, 0x7f, 0xaa, 0xb1, 0xff, 0x7f, 0xaa, 0xb1, 0xff, 0x7f, 0xaa, 0xb1, 0xff, 
0x7f, 0xaa, 0xb1, 0xff, 0x7f, 0xaa, 0xb1, 0xff, 0x7f, 0xaa, 0xb1, 0xff, 0x7f, 0xaa, 0xb1, 0xff, 
0x7f, 0xaa, 0xb1, 0xff, 0x7f, 0xaa, 0xb1, 0xff, 0x7f, 0xaa, 0xb1, 0xff, 0x7f, 0xaa, 0xb1, 0xff, 
0x7f, 0xaa, 0xb1, 0xff, 0x7f, 0xaa, 0xb1, 0xff, 0x80, 0xaa, 0xb1, 0xff, 0x80, 0xaa, 0xb1, 0xff, 
0x81, 0xaa, 0xb2, 0xff, 0x81, 0xaa, 0xb2, 0xff, 0x82, 0xaa, 0xb2, 0xff, 0x82, 0xaa, 0xb2, 0xff, 
0x81, 0xaa, 0xb2, 0xff, 0x81, 0xaa, 0xb2, 0xff, 0x82, 0xaa, 0xb2, 0xff, 0x82, 0xaa, 0xb2, 0xff, 
0x82, 0xaa, 0xb2, 0xff, 0x82, 0xaa, 0xb2, 0xff, 0x82, 0xaa, 0xb2, 0xff, 0x82, 0xaa, 0xb2, 0xff, 
0x82, 0xab, 0xb2, 0xff, 0x82, 0xab, 0xb2, 0xff, 0x81, 0xab, 0xb2, 0xff, 0x81, 0xab, 0xb2, 0xff, 
0x81, 0xab, 0xb2, 0xff, 0x81, 0xab, 0xb2, 0xff, 0x81, 0xab, 0xb2, 0xff, 0x81, 0xab, 0xb2, 0xff, 
0x81, 0xab, 0xb2, 0xff, 0x81, 0xab, 0xb2, 0xff, 0x81, 0xab, 0xb2, 0xff, 0x81, 0xab, 0xb2, 0xff, 
0x81, 0xab, 0xb2, 0xff, 0x81, 0xab, 0xb2, 0xff, 0x81, 0xab, 0xb2, 0xff, 0x81, 0xab, 0xb2, 0xff, 
0x81, 0xab, 0xb2, 0xff, 0x81, 0xab, 0xb2, 0xff, 0x81, 0xab, 0xb2, 0xff, 0x81, 0xab, 0xb2, 0xff, 
0x81, 0xab, 0xb2, 0xff, 0x81, 0xab, 0xb2, 0xff, 0x82, 0xab, 0xb2, 0xff, 0x82, 0xab, 0xb2, 0xff, 
0x82, 0xaa, 0xb2, 0xff, 0x82, 0xaa, 0xb2, 0xff, 0x82, 0xaa, 0xb2, 0xff, 0x82, 0xaa, 0xb2, 0xff, 
0x82, 0xaa, 0xb2, 0xff, 0x82, 0xaa, 0xb2, 0xff, 0x81, 0xaa, 0xb2, 0xff, 0x81, 0xaa, 0xb2, 0xff, 
0x82, 0xaa, 0xb2, 0xff, 0x82, 0xaa, 0xb2, 0xff, 0x81, 0xaa, 0xb2, 0xff, 0x81, 0xaa, 0xb2, 0xff, 
0x80, 0xaa, 0xb1, 0xff, 0x80, 0xaa, 0xb1, 0xff, 0x7f, 0xaa, 0xb1, 0xff, 0x7f, 0xaa, 0xb1, 0xff, 
0x7f, 0xaa, 0xb1, 0xff, 0x7f, 0xaa, 0xb1, 0xff, 0x7f, 0xaa, 0xb1, 0xff, 0x7f, 0xaa, 0xb1, 0xff, 
0x7f, 0xaa, 0xb1, 0xff, 0x7f, 0xaa, 0xb1, 0xff, 0x7f, 0xaa, 0xb1, 0xff, 0x7f, 0xaa, 0xb1, 0xff, 
0x7f, 0xaa, 0xb1, 0xff, 0x7f, 0xaa, 0xb1, 0xff, 0x7f, 0xaa, 0xb1, 0xff, 0x7f, 0xaa, 0xb1, 0xff, 
0x7f, 0xaa, 0xb1, 0xff, 0x7f, 0xaa, 0xb1, 0xff, 0x7f, 0xaa, 0xb1, 0xff, 0x7f, 0xaa, 0xb1, 0xff, 
0x7f, 0xaa, 0xb1, 0xff, 0x7f, 0xaa, 0xb1, 0xff, 0x7f, 0xaa, 0xb1, 0xff, 0x7f, 0xaa, 0xb1, 0xff, 
0x7f, 0xaa, 0xb1, 0xff, 0x7f, 0xaa, 0xb1, 0xff, 0x7f, 0xaa, 0xb1, 0xff, 0x7f, 0xaa, 0xb1, 0xff, 
0x7f, 0xaa, 0xb1, 0xff, 0x7f, 0xaa, 0xb1, 0xff, 0x7f, 0xaa, 0xb1, 0xff, 0x7f, 0xaa, 0xb1, 0xff, 
0x7f, 0xaa, 0xb1, 0xff, 0x7f, 0xaa, 0xb1, 0xff, 0x7f, 0xaa, 0xb1, 0xff, 0x7f, 0xaa, 0xb1, 0xff, 
0x7f, 0xaa, 0xb1, 0xff, 0x7f, 0xaa, 0xb1, 0xff, 0x7f, 0xaa, 0xb1, 0xff, 0x7f, 0xaa, 0xb1, 0xff, 
0x7f, 0xaa, 0xb1, 0xff, 0x7f, 0xaa, 0xb1, 0xff, 0x7f, 0xaa, 0xb1, 0xff, 0x7f, 0xaa, 0xb1, 0xff, 
0x7f, 0xaa, 0xb1, 0xff, 0x7f, 0xaa, 0xb1, 0xff, 0x7f, 0xaa, 0xb1, 0xff, 0x7f, 0xaa, 0xb1, 0xff, 
0x7f, 0xaa, 0xb1, 0xff, 0x7f, 0xaa, 0xb1, 0xff, 0x7f, 0xaa, 0xb1, 0xff, 0x7f, 0xaa, 0xb1, 0xff, 
0x7f, 0xaa, 0xb1, 0xff, 0x7f, 0xaa, 0xb1, 0xff, 0x7f, 0xaa, 0xb1, 0xff, 0x7f, 0xaa, 0xb1, 0xff, 
0x7f, 0xaa, 0xb1, 0xff, 0x7f, 0xaa, 0xb1, 0xff, 0x7f, 0xaa, 0xb1, 0xff, 0x7f, 0xaa, 0xb1, 0xff, 
0x7f, 0xaa, 0xb1, 0xff, 0x7f, 0xaa, 0xb1, 0xff, 0x7f, 0xaa, 0xb1, 0xff, 0x7f, 0xaa, 0xb1, 0xff, 
0x7f, 0xaa, 0xb1, 0xff, 0x7f, 0xaa, 0xb1, 0xff, 0x7f, 0xaa, 0xb1, 0xff, 0x7f, 0xaa, 0xb1, 0xff, 
0x7f, 0xaa, 0xb1, 0xff, 0x7f, 0xaa, 0xb1, 0xff, 0x7f, 0xaa, 0xb1, 0xff, 0x7f, 0xaa, 0xb1, 0xff, 
0x7f, 0xaa, 0xb1, 0xff, 0x7f, 0xaa, 0xb1, 0xff, 0x7f, 0xaa, 0xb1, 0xff, 0x7f, 0xaa, 0xb1, 0xff, 
0x7f, 0xaa, 0xb1, 0xff, 0x7f, 0xaa, 0xb1, 0xff, 0x7f, 0xaa, 0xb1, 0xff, 0x80, 0xaa, 0xb1, 0xff, 
0x81, 0xaa, 0xb2, 0xff, 0x81, 0xaa, 0xb2, 0xff, 0x81, 0xaa, 0xb2, 0xff, 0x82, 0xaa, 0xb2, 0xff, 
0x82, 0xaa, 0xb2, 0xff, 0x81, 0xaa, 0xb2, 0xff, 0x82, 0xaa, 0xb2, 0xff, 0x82, 0xaa, 0xb2, 0xff, 
0x82, 0xaa, 0xb2, 0xff, 0x82, 0xaa, 0xb2, 0xff, 0x82, 0xaa, 0xb2, 0xff, 0x82, 0xaa, 0xb2, 0xff, 
0x82, 0xab, 0xb2, 0xff, 0x82, 0xab, 0xb2, 0xff, 0x82, 0xab, 0xb2, 0xff, 0x82, 0xab, 0xb2, 0xff, 
0x81, 0xab, 0xb2, 0xff, 0x81, 0xab, 0xb2, 0xff, 0x81, 0xab, 0xb2, 0xff, 0x81, 0xab, 0xb2, 0xff, 
0x81, 0xab, 0xb2, 0xff, 0x81, 0xab, 0xb2, 0xff, 0x81, 0xab, 0xb2, 0xff, 0x81, 0xab, 0xb2, 0xff, 
0x82, 0xaa, 0xb2, 0xff, 0x82, 0xaa, 0xb2, 0xff, 0x82, 0xaa, 0xb2, 0xff, 0x82, 0xaa, 0xb2, 0xff, 
0x82, 0xaa, 0xb2, 0xff, 0x82, 0xaa, 0xb2, 0xff, 0x82, 0xaa, 0xb2, 0xff, 0x82, 0xaa, 0xb2, 0xff, 
0x81, 0xaa, 0xb2, 0xff, 0x81, 0xaa, 0xb2, 0xff, 0x81, 0xaa, 0xb2, 0xff, 0x81, 0xaa, 0xb2, 0xff, 
0x81, 0xaa, 0xb2, 0xff, 0x81, 0xaa, 0xb2, 0xff, 0x81, 0xaa, 0xb2, 0xff, 0x81, 0xaa, 0xb1, 0xff, 
0x80, 0xaa, 0xb1, 0xff, 0x80, 0xaa, 0xb1, 0xff, 0x7f, 0xaa, 0xb1, 0xff, 0x7f, 0xaa, 0xb1, 0xff, 
0x7f, 0xaa, 0xb1, 0xff, 0x7f, 0xaa, 0xb1, 0xff, 0x7f, 0xaa, 0xb1, 0xff, 0x7e, 0xaa, 0xb1, 0xff, 
0x7e, 0xaa, 0xb1, 0xff, 0x7f, 0xaa, 0xb1, 0xff, 0x7f, 0xaa, 0xb1, 0xff, 0x7f, 0xaa, 0xb1, 0xff, 
0x7f, 0xaa, 0xb1, 0xff, 0x7f, 0xaa, 0xb1, 0xff, 0x7f, 0xaa, 0xb1, 0xff, 0x7f, 0xaa, 0xb1, 0xff, 
0x7f, 0xaa, 0xb1, 0xff, 0x7f, 0xaa, 0xb1, 0xff, 0x7f, 0xaa, 0xb1, 0xff, 0x7f, 0xaa, 0xb1, 0xff, 
0x7f, 0xaa, 0xb1, 0xff, 0x7f, 0xaa, 0xb1, 0xff, 0x7f, 0xaa, 0xb1, 0xff, 0x7f, 0xaa, 0xb1, 0xff, 
0x7f, 0xaa, 0xb1, 0xff, 0x7f, 0xaa, 0xb1, 0xff, 0x7f, 0xaa, 0xb1, 0xff, 0x7f, 0xaa, 0xb1, 0xff, 
0x7f, 0xaa, 0xb1, 0xff, 0x7f, 0xaa, 0xb1, 0xff, 0x7f, 0xaa, 0xb1, 0xff, 0x7f, 0xaa, 0xb1, 0xff, 
0x7f, 0xaa, 0xb1, 0xff, 0x7f, 0xaa, 0xb1, 0xff, 0x7f, 0xaa, 0xb1, 0xff, 0x7f, 0xaa, 0xb1, 0xff, 
0x7f, 0xaa, 0xb1, 0xff, 0x7f, 0xaa, 0xb1, 0xff, 0x7f, 0xaa, 0xb1, 0xff, 0x7f, 0xaa, 0xb1, 0xff, 
0x7f, 0xaa, 0xb1, 0xff, 0x7f, 0xaa, 0xb1, 0xff, 0x7f, 0xaa, 0xb1, 0xff, 0x7f, 0xaa, 0xb1, 0xff, 
0x7f, 0xaa, 0xb1, 0xff, 0x7f, 0xaa, 0xb1, 0xff, 0x7f, 0xaa, 0xb1, 0xff, 0x7f, 0xaa, 0xb1, 0xff, 
0x7f, 0xaa, 0xb1, 0xff, 0x7f, 0xaa, 0xb1, 0xff, 0x7f, 0xaa, 0xb1, 0xff, 0x7f, 0xaa, 0xb1, 0xff, 
0x7f, 0xaa, 0xb1, 0xff, 0x7f, 0xaa, 0xb1, 0xff, 0x7f, 0xaa, 0xb1, 0xff, 0x7f, 0xaa, 0xb1, 0xff, 
0x7f, 0xaa, 0xb1, 0xff, 0x7f, 0xaa, 0xb1, 0xff, 0x7f, 0xaa, 0xb1, 0xff, 0x7f, 0xaa, 0xb1, 0xff, 
0x7f, 0xaa, 0xb1, 0xff, 0x7f, 0xaa, 0xb1, 0xff, 0x7f, 0xaa, 0xb1, 0xff, 0x7f, 0xaa, 0xb1, 0xff, 
0x7f, 0xaa, 0xb1, 0xff, 0x7f, 0xaa, 0xb1, 0xff, 0x7f, 0xaa, 0xb1, 0xff, 0x7f, 0xaa, 0xb1, 0xff, 
0x7f, 0xaa, 0xb1, 0xff, 0x7f, 0xaa, 0xb1, 0xff, 0x7f, 0xaa, 0xb1, 0xff, 0x7f, 0xaa, 0xb1, 0xff, 
0x7f, 0xaa, 0xb1, 0xff, 0x7f, 0xaa, 0xb1, 0xff, 0x7f, 0xaa, 0xb1, 0xff, 0x7f, 0xaa, 0xb1, 0xff, 
0x7f, 0xaa, 0xb1, 0xff, 0x7f, 0xaa, 0xb1, 0xff, 0x7f, 0xaa, 0xb1, 0xff, 0x7f, 0xaa, 0xb1, 0xff, 
0x7f, 0xaa, 0xb1, 0xff, 0x7f, 0xaa, 0xb1, 0xff, 0x7f, 0xaa, 0xb1, 0xff, 0x7f, 0xaa, 0xb1, 0xff, 
0x7f, 0xaa, 0xb1, 0xff, 0x7f, 0xaa, 0xb1, 0xff, 0x7f, 0xaa, 0xb1, 0xff, 0x7e, 0xaa, 0xb1, 0xff, 
0x7e, 0xaa, 0xb1, 0xff, 0x7f, 0xaa, 0xb1, 0xff, 0x7f, 0xaa, 0xb1, 0xff, 0x7f, 0xaa, 0xb1, 0xff, 
0x7f, 0xaa, 0xb1, 0xff, 0x7f, 0xaa, 0xb1, 0xff, 0x80, 0xaa, 0xb1, 0xff, 0x80, 0xaa, 0xb1, 0xff, 
0x81, 0xaa, 0xb1, 0xff, 0x81, 0xaa, 0xb2, 0xff, 0x81, 0xaa, 0xb2, 0xff, 0x81, 0xaa, 0xb2, 0xff, 
0x81, 0xaa, 0xb2, 0xff, 0x81, 0xaa, 0xb2, 0xff, 0x82, 0xa9, 0xb2, 0xff, 0x82, 0xaa, 0xb2, 0xff, 
0x82, 0xaa, 0xb2, 0xff, 0x82, 0xaa, 0xb2, 0xff, 0x82, 0xaa, 0xb2, 0xff, 0x82, 0xaa, 0xb2, 0xff, 
0x82, 0xaa, 0xb2, 0xff, 0x82, 0xaa, 0xb2, 0xff, 0x82, 0xaa, 0xb2, 0xff, 0x82, 0xaa, 0xb2, 0xff, 
0x82, 0xaa, 0xb2, 0xff, 0x82, 0xaa, 0xb2, 0xff, 0x82, 0xaa, 0xb2, 0xff, 0x82, 0xaa, 0xb2, 0xff, 
0x82, 0xaa, 0xb2, 0xff, 0x82, 0xaa, 0xb2, 0xff, 0x82, 0xaa, 0xb2, 0xff, 0x82, 0xaa, 0xb2, 0xff, 
0x82, 0xaa, 0xb2, 0xff, 0x82, 0xa9, 0xb2, 0xff, 0x81, 0xaa, 0xb2, 0xff, 0x81, 0xaa, 0xb2, 0xff, 
0x81, 0xaa, 0xb2, 0xff, 0x81, 0xaa, 0xb2, 0xff, 0x81, 0xaa, 0xb2, 0xff, 0x81, 0xaa, 0xb1, 0xff, 
0x80, 0xaa, 0xb1, 0xff, 0x80, 0xaa, 0xb1, 0xff, 0x7f, 0xaa, 0xb1, 0xff, 0x7f, 0xaa, 0xb1, 0xff, 
0x7f, 0xaa, 0xb1, 0xff, 0x7f, 0xaa, 0xb1, 0xff, 0x7f, 0xaa, 0xb1, 0xff, 0x7e, 0xaa, 0xb1, 0xff, 
0x7e, 0xaa, 0xb1, 0xff, 0x7f, 0xaa, 0xb1, 0xff, 0x7f, 0xaa, 0xb1, 0xff, 0x7f, 0xaa, 0xb1, 0xff, 
0x7f, 0xaa, 0xb1, 0xff, 0x7f, 0xaa, 0xb1, 0xff, 0x7f, 0xaa, 0xb1, 0xff, 0x7f, 0xaa, 0xb1, 0xff, 
0x7f, 0xaa, 0xb1, 0xff, 0x7f, 0xaa, 0xb1, 0xff, 0x7f, 0xaa, 0xb1, 0xff, 0x7f, 0xaa, 0xb1, 0xff, 
0x7f, 0xaa, 0xb1, 0xff, 0x7f, 0xaa, 0xb1, 0xff, 0x7f, 0xaa, 0xb1, 0xff, 0x7f, 0xaa, 0xb1, 0xff, 
0x7f, 0xaa, 0xb1, 0xff, 0x7f, 0xaa, 0xb1, 0xff, 0x7f, 0xaa, 0xb1, 0xff, 0x7f, 0xaa, 0xb1, 0xff, 
0x7f, 0xaa, 0xb1, 0xff, 0x7f, 0xaa, 0xb1, 0xff, 0x7f, 0xaa, 0xb1, 0xff, 0x7f, 0xaa, 0xb1, 0xff, 
0x7f, 0xaa, 0xb1, 0xff, 0x7f, 0xaa, 0xb1, 0xff, 0x7f, 0xaa, 0xb1, 0xff, 0x7f, 0xaa, 0xb1, 0xff, 
0x7f, 0xaa, 0xb1, 0xff, 0x7f, 0xaa, 0xb1, 0xff, 0x7f, 0xaa, 0xb1, 0xff, 0x7f, 0xaa, 0xb1, 0xff, 
0x7f, 0xaa, 0xb1, 0xff, 0x7f, 0xaa, 0xb1, 0xff, 0x7f, 0xaa, 0xb1, 0xff, 0x7f, 0xaa, 0xb1, 0xff, 
0x7f, 0xaa, 0xb1, 0xff, 0x7f, 0xaa, 0xb1, 0xff, 0x7f, 0xaa, 0xb1, 0xff, 0x7f, 0xaa, 0xb1, 0xff, 
0x7f, 0xaa, 0xb1, 0xff, 0x7f, 0xaa, 0xb1, 0xff, 0x7f, 0xaa, 0xb1, 0xff, 0x7f, 0xaa, 0xb1, 0xff, 
0x7f, 0xaa, 0xb1, 0xff, 0x7f, 0xaa, 0xb1, 0xff, 0x7f, 0xaa, 0xb1, 0xff, 0x7f, 0xaa, 0xb1, 0xff, 
0x7f, 0xaa, 0xb1, 0xff, 0x7f, 0xaa, 0xb1, 0xff, 0x7f, 0xaa, 0xb1, 0xff, 0x7f, 0xaa, 0xb1, 0xff, 
0x7f, 0xaa, 0xb1, 0xff, 0x7f, 0xaa, 0xb1, 0xff, 0x7f, 0xaa, 0xb1, 0xff, 0x7f, 0xaa, 0xb1, 0xff, 
0x7f, 0xaa, 0xb1, 0xff, 0x7f, 0xaa, 0xb1, 0xff, 0x7f, 0xaa, 0xb1, 0xff, 0x7f, 0xaa, 0xb1, 0xff, 
0x7f, 0xaa, 0xb1, 0xff, 0x7f, 0xaa, 0xb1, 0xff, 0x7f, 0xaa, 0xb1, 0xff, 0x7f, 0xaa, 0xb1, 0xff, 
0x7f, 0xaa, 0xb1, 0xff, 0x7f, 0xaa, 0xb1, 0xff, 0x7f, 0xaa, 0xb1, 0xff, 0x7f, 0xaa, 0xb1, 0xff, 
0x7f, 0xaa, 0xb1, 0xff, 0x7f, 0xaa, 0xb1, 0xff, 0x7f, 0xaa, 0xb1, 0xff, 0x7f, 0xaa, 0xb1, 0xff, 
0x7f, 0xaa, 0xb1, 0xff, 0x7f, 0xaa, 0xb1, 0xff, 0x7f, 0xaa, 0xb1, 0xff, 0x7f, 0xaa, 0xb1, 0xff, 
0x7f, 0xaa, 0xb1, 0xff, 0x7f, 0xaa, 0xb1, 0xff, 0x7f, 0xaa, 0xb1, 0xff, 0x7e, 0xaa, 0xb1, 0xff, 
0x7e, 0xaa, 0xb1, 0xff, 0x7f, 0xaa, 0xb1, 0xff, 0x7f, 0xaa, 0xb1, 0xff, 0x7f, 0xaa, 0xb1, 0xff, 
0x7f, 0xaa, 0xb1, 0xff, 0x7f, 0xaa, 0xb1, 0xff, 0x80, 0xaa, 0xb1, 0xff, 0x80, 0xaa, 0xb1, 0xff, 
0x81, 0xaa, 0xb1, 0xff, 0x81, 0xaa, 0xb2, 0xff, 0x81, 0xaa, 0xb2, 0xff, 0x81, 0xaa, 0xb2, 0xff, 
0x81, 0xaa, 0xb2, 0xff, 0x81, 0xaa, 0xb2, 0xff, 0x81, 0xaa, 0xb2, 0xff, 0x81, 0xaa, 0xb2, 0xff, 
0x82, 0xaa, 0xb2, 0xff, 0x82, 0xaa, 0xb2, 0xff, 0x82, 0xaa, 0xb2, 0xff, 0x82, 0xaa, 0xb2, 0xff, 
0x82, 0xaa, 0xb2, 0xff, 0x82, 0xaa, 0xb2, 0xff, 0x82, 0xaa, 0xb2, 0xff, 0x82, 0xaa, 0xb2, 0xff, 
0x7f, 0xaa, 0xb1, 0xff, 0x7f, 0xaa, 0xb1, 0xff, 0x7f, 0xaa, 0xb1, 0xff, 0x7f, 0xaa, 0xb1, 0xff, 
0x7f, 0xaa, 0xb1, 0xff, 0x7f, 0xaa, 0xb1, 0xff, 0x7f, 0xaa, 0xb1, 0xff, 0x7f, 0xaa, 0xb1, 0xff, 
0x7f, 0xaa, 0xb1, 0xff, 0x7f, 0xaa, 0xb1, 0xff, 0x7f, 0xaa, 0xb1, 0xff, 0x7f, 0xaa, 0xb1, 0xff, 
0x7f, 0xaa, 0xb1, 0xff, 0x7f, 0xaa, 0xb1, 0xff, 0x7e, 0xaa, 0xb1, 0xff, 0x7e, 0xaa, 0xb1, 0xff, 
0x7e, 0xaa, 0xb1, 0xff, 0x7f, 0xaa, 0xb1, 0xff, 0x7f, 0xaa, 0xb1, 0xff, 0x7f, 0xaa, 0xb1, 0xff, 
0x7f, 0xaa, 0xb1, 0xff, 0x7f, 0xaa, 0xb1, 0xff, 0x7f, 0xaa, 0xb1, 0xff, 0x7f, 0xaa, 0xb1, 0xff, 
0x7f, 0xaa, 0xb1, 0xff, 0x7f, 0xaa, 0xb1, 0xff, 0x7f, 0xaa, 0xb1, 0xff, 0x7f, 0xaa, 0xb1, 0xff, 
0x7f, 0xaa, 0xb1, 0xff, 0x7f, 0xaa, 0xb1, 0xff, 0x7f, 0xaa, 0xb1, 0xff, 0x7f, 0xaa, 0xb1, 0xff, 
0x7f, 0xaa, 0xb1, 0xff, 0x7f, 0xaa, 0xb1, 0xff, 0x7f, 0xaa, 0xb1, 0xff, 0x7f, 0xaa, 0xb1, 0xff, 
0x7f, 0xaa, 0xb1, 0xff, 0x7f, 0xaa, 0xb1, 0xff, 0x7f, 0xaa, 0xb1, 0xff, 0x7f, 0xaa, 0xb1, 0xff, 
0x7f, 0xaa, 0xb1, 0xff, 0x7f, 0xaa, 0xb1, 0xff, 0x7f, 0xaa, 0xb1, 0xff, 0x7f, 0xaa, 0xb1, 0xff, 
0x7f, 0xaa, 0xb1, 0xff, 0x7f, 0xaa, 0xb1, 0xff, 0x7f, 0xaa, 0xb1, 0xff, 0x7f, 0xaa, 0xb1, 0xff, 
0x7f, 0xaa, 0xb1, 0xff, 0x7f, 0xaa, 0xb1, 0xff, 0x7f, 0xaa, 0xb1, 0xff, 0x7f, 0xaa, 0xb1, 0xff, 
0x7f, 0xaa, 0xb1, 0xff, 0x7f, 0xaa, 0xb1, 0xff, 0x7f, 0xaa, 0xb1, 0xff, 0x7f, 0xaa, 0xb1, 0xff, 
0x7f, 0xaa, 0xb1, 0xff, 0x7f, 0xaa, 0xb1, 0xff, 0x7f, 0xaa, 0xb1, 0xff, 0x7f, 0xaa, 0xb1, 0xff, 
0x7f, 0xaa, 0xb1, 0xff, 0x7f, 0xaa, 0xb1, 0xff, 0x7f, 0xaa, 0xb1, 0xff, 0x7f, 0xaa, 0xb1, 0xff, 
0x7f, 0xaa, 0xb1, 0xff, 0x7f, 0xaa, 0xb1, 0xff, 0x7f, 0xaa, 0xb1, 0xff, 0x7f, 0xaa, 0xb1, 0xff, 
0x7f, 0xaa, 0xb1, 0xff, 0x7f, 0xaa, 0xb1, 0xff, 0x7f, 0xaa, 0xb1, 0xff, 0x7f, 0xaa, 0xb1, 0xff, 
0x7f, 0xaa, 0xb1, 0xff, 0x7f, 0xaa, 0xb1, 0xff, 0x7f, 0xaa, 0xb1, 0xff, 0x7f, 0xaa, 0xb1, 0xff, 
0x7f, 0xaa, 0xb1, 0xff, 0x7f, 0xaa, 0xb1, 0xff, 0x7f, 0xaa, 0xb1, 0xff, 0x7f, 0xaa, 0xb1, 0xff, 
0x7f, 0xaa, 0xb1, 0xff, 0x7f, 0xaa, 0xb1, 0xff, 0x7f, 0xaa, 0xb1, 0xff, 0x7f, 0xaa, 0xb1, 0xff, 
0x7f, 0xaa, 0xb1, 0xff, 0x7f, 0xaa, 0xb1, 0xff, 0x7f, 0xaa, 0xb1, 0xff, 0x7f, 0xaa, 0xb1, 0xff, 
0x7f, 0xaa, 0xb1, 0xff, 0x7f, 0xaa, 0xb1, 0xff, 0x7f, 0xaa, 0xb1, 0xff, 0x7f, 0xaa, 0xb1, 0xff, 
0x7f, 0xaa, 0xb1, 0xff, 0x7f, 0xaa, 0xb1, 0xff, 0x7f, 0xaa, 0xb1, 0xff, 0x7f, 0xaa, 0xb1, 0xff, 
0x7f, 0xaa, 0xb1, 0xff, 0x7f, 0xaa, 0xb1, 0xff, 0x7f, 0xaa, 0xb1, 0xff, 0x7f, 0xaa, 0xb1, 0xff, 
0x7f, 0xaa, 0xb1, 0xff, 0x7f, 0xaa, 0xb1, 0xff, 0x7f, 0xaa, 0xb1, 0xff, 0x7f, 0xaa, 0xb1, 0xff, 
0x7f, 0xaa, 0xb1, 0xff, 0x7f, 0xaa, 0xb1, 0xff, 0x7f, 0xaa, 0xb1, 0xff, 0x7f, 0xaa, 0xb1, 0xff, 
0x7f, 0xaa, 0xb1, 0xff, 0x7f, 0xaa, 0xb1, 0xff, 0x7f, 0xaa, 0xb1, 0xff, 0x7e, 0xaa, 0xb1, 0xff, 
0x7e, 0xaa, 0xb1, 0xff, 0x7e, 0xaa, 0xb1, 0xff, 0x7f, 0xaa, 0xb1, 0xff, 0x7f, 0xaa, 0xb1, 0xff, 
0x7f, 0xaa, 0xb1, 0xff, 0x7f, 0xaa, 0xb1, 0xff, 0x7f, 0xaa, 0xb1, 0xff, 0x7f, 0xaa, 0xb1, 0xff, 
0x7f, 0xaa, 0xb1, 0xff, 0x7f, 0xaa, 0xb1, 0xff, 0x7f, 0xaa, 0xb1, 0xff, 0x7f, 0xaa, 0xb1, 0xff, 
0x7f, 0xaa, 0xb1, 0xff, 0x7f, 0xaa, 0xb1, 0xff, 0x7f, 0xaa, 0xb1, 0xff, 0x7f, 0xaa, 0xb1, 0xff, 
0x7f, 0xaa, 0xb1, 0xff, 0x7f, 0xaa, 0xb1, 0xff, 0x7f, 0xaa, 0xb1, 0xff, 0x7f, 0xaa, 0xb1, 0xff, 
0x7f, 0xaa, 0xb1, 0xff, 0x7f, 0xaa, 0xb1, 0xff, 0x7f, 0xaa, 0xb1, 0xff, 0x7f, 0xaa, 0xb1, 0xff, 
0x7f, 0xaa, 0xb1, 0xff, 0x7f, 0xaa, 0xb1, 0xff, 0x7f, 0xaa, 0xb1, 0xff, 0x7f, 0xaa, 0xb1, 0xff, 
0x7f, 0xaa, 0xb1, 0xff, 0x7f, 0xaa, 0xb1, 0xff, 0x7e, 0xaa, 0xb1, 0xff, 0x7e, 0xaa, 0xb1, 0xff, 
0x7e, 0xaa, 0xb1, 0xff, 0x7f, 0xaa, 0xb1, 0xff, 0x7f, 0xaa, 0xb1, 0xff, 0x7f, 0xaa, 0xb1, 0xff, 
0x7f, 0xaa, 0xb1, 0xff, 0x7f, 0xaa, 0xb1, 0xff, 0x7f, 0xaa, 0xb1, 0xff, 0x7f, 0xaa, 0xb1, 0xff, 
0x7f, 0xaa, 0xb1, 0xff, 0x7f, 0xaa, 0xb1, 0xff, 0x7f, 0xaa, 0xb1, 0xff, 0x7f, 0xaa, 0xb1, 0xff, 
0x7f, 0xaa, 0xb1, 0xff, 0x7f, 0xaa, 0xb1, 0xff, 0x7f, 0xaa, 0xb1, 0xff, 0x7f, 0xaa, 0xb1, 0xff, 
0x7f, 0xaa, 0xb1, 0xff, 0x7f, 0xaa, 0xb1, 0xff, 0x7f, 0xaa, 0xb1, 0xff, 0x7f, 0xaa, 0xb1, 0xff, 
0x7f, 0xaa, 0xb1, 0xff, 0x7f, 0xaa, 0xb1, 0xff, 0x7f, 0xaa, 0xb1, 0xff, 0x7f, 0xaa, 0xb1, 0xff, 
0x7f, 0xaa, 0xb1, 0xff, 0x7f, 0xaa, 0xb1, 0xff, 0x7f, 0xaa, 0xb1, 0xff, 0x7f, 0xaa, 0xb1, 0xff, 
0x7f, 0xaa, 0xb1, 0xff, 0x7f, 0xaa, 0xb1, 0xff, 0x7f, 0xaa, 0xb1, 0xff, 0x7f, 0xaa, 0xb1, 0xff, 
0x7f, 0xaa, 0xb1, 0xff, 0x7f, 0xaa, 0xb1, 0xff, 0x7f, 0xaa, 0xb1, 0xff, 0x7f, 0xaa, 0xb1, 0xff, 
0x7f, 0xaa, 0xb1, 0xff, 0x7f, 0xaa, 0xb1, 0xff, 0x7f, 0xaa, 0xb1, 0xff, 0x7f, 0xaa, 0xb1, 0xff, 
0x7f, 0xaa, 0xb1, 0xff, 0x7f, 0xaa, 0xb1, 0xff, 0x7f, 0xaa, 0xb1, 0xff, 0x7f, 0xaa, 0xb1, 0xff, 
0x7f, 0xaa, 0xb1, 0xff, 0x7f, 0xaa, 0xb1, 0xff, 0x7f, 0xaa, 0xb1, 0xff, 0x7f, 0xaa, 0xb1, 0xff, 
0x7f, 0xaa, 0xb1, 0xff, 0x7f, 0xaa, 0xb1, 0xff, 0x7f, 0xaa, 0xb1, 0xff, 0x7f, 0xaa, 0xb1, 0xff, 
0x7f, 0xaa, 0xb1, 0xff, 0x7f, 0xaa, 0xb1, 0xff, 0x7f, 0xaa, 0xb1, 0xff, 0x7f, 0xaa, 0xb1, 0xff, 
0x7f, 0xaa, 0xb1, 0xff, 0x7f, 0xaa, 0xb1, 0xff, 0x7f, 0xaa, 0xb1, 0xff, 0x7f, 0xaa, 0xb1, 0xff, 
0x7f, 0xaa, 0xb1, 0xff, 0x7f, 0xaa, 0xb1, 0xff, 0x7f, 0xaa, 0xb1, 0xff, 0x7f, 0xaa, 0xb1, 0xff, 
0x7f, 0xaa, 0xb1, 0xff, 0x7f, 0xaa, 0xb1, 0xff, 0x7f, 0xaa, 0xb1, 0xff, 0x7f, 0xaa, 0xb1, 0xff, 
0x7f, 0xaa, 0xb1, 0xff, 0x7f, 0xaa, 0xb1, 0xff, 0x7f, 0xaa, 0xb1, 0xff, 0x7f, 0xaa, 0xb1, 0xff, 
0x7f, 0xaa, 0xb1, 0xff, 0x7f, 0xaa, 0xb1, 0xff, 0x7f, 0xaa, 0xb1, 0xff, 0x7f, 0xaa, 0xb1, 0xff, 
0x7f, 0xaa, 0xb1, 0xff, 0x7f, 0xaa, 0xb1, 0xff, 0x7f, 0xaa, 0xb1, 0xff, 0x7f, 0xaa, 0xb1, 0xff, 
0x7f, 0xaa, 0xb1, 0xff, 0x7f, 0xaa, 0xb1, 0xff, 0x7f, 0xaa, 0xb1, 0xff, 0x7f, 0xaa, 0xb1, 0xff, 
0x7f, 0xaa, 0xb1, 0xff, 0x7f, 0xaa, 0xb1, 0xff, 0x7f, 0xaa, 0xb1, 0xff, 0x7f, 0xaa, 0xb1, 0xff, 
0x7f, 0xaa, 0xb1, 0xff, 0x7f, 0xaa, 0xb1, 0xff, 0x7f, 0xaa, 0xb1, 0xff, 0x7f, 0xaa, 0xb1, 0xff, 
0x7f, 0xaa, 0xb1, 0xff, 0x7f, 0xaa, 0xb1, 0xff, 0x7f, 0xaa, 0xb1, 0xff, 0x7e, 0xaa, 0xb1, 0xff, 
0x7e, 0xaa, 0xb1, 0xff, 0x7e, 0xaa, 0xb1, 0xff, 0x7f, 0xaa, 0xb1, 0xff, 0x7f, 0xaa, 0xb1, 0xff, 
0x7f, 0xaa, 0xb1, 0xff, 0x7f, 0xaa, 0xb1, 0xff, 0x7f, 0xaa, 0xb1, 0xff, 0x7f, 0xaa, 0xb1, 0xff, 
0x7f, 0xaa, 0xb1, 0xff, 0x7f, 0xaa, 0xb1, 0xff, 0x7f, 0xaa, 0xb1, 0xff, 0x7f, 0xaa, 0xb1, 0xff, 
0x7f, 0xaa, 0xb1, 0xff, 0x7f, 0xaa, 0xb1, 0xff, 0x7f, 0xaa, 0xb1, 0xff, 0x7f, 0xaa, 0xb1, 0xff, 
0x7f, 0xaa, 0xb1, 0xff, 0x7f, 0xaa, 0xb1, 0xff, 0x7f, 0xaa, 0xb1, 0xff, 0x7f, 0xaa, 0xb1, 0xff, 
0x7f, 0xaa, 0xb1, 0xff, 0x7f, 0xaa, 0xb1, 0xff, 0x7f, 0xaa, 0xb1, 0xff, 0x7f, 0xaa, 0xb1, 0xff, 
0x7f, 0xaa, 0xb1, 0xff, 0x7f, 0xaa, 0xb1, 0xff, 0x7f, 0xaa, 0xb1, 0xff, 0x7f, 0xaa, 0xb1, 0xff, 
0x7f, 0xaa, 0xb1, 0xff, 0x7f, 0xaa, 0xb1, 0xff, 0x7f, 0xaa, 0xb1, 0xff, 0x7f, 0xaa, 0xb1, 0xff, 
0x7f, 0xaa, 0xb1, 0xff, 0x7f, 0xaa, 0xb1, 0xff, 0x7f, 0xaa, 0xb1, 0xff, 0x7f, 0xaa, 0xb1, 0xff, 
0x7f, 0xaa, 0xb1, 0xff, 0x7f, 0xaa, 0xb1, 0xff, 0x7f, 0xaa, 0xb1, 0xff, 0x7f, 0xaa, 0xb1, 0xff, 
0x7f, 0xaa, 0xb1, 0xff, 0x7f, 0xaa, 0xb1, 0xff, 0x7f, 0xaa, 0xb1, 0xff, 0x7f, 0xaa, 0xb1, 0xff, 
0x7f, 0xaa, 0xb1, 0xff, 0x7f, 0xaa, 0xb1, 0xff, 0x7f, 0xaa, 0xb1, 0xff, 0x7f, 0xaa, 0xb1, 0xff, 
0x7f, 0xaa, 0xb1, 0xff, 0x7f, 0xaa, 0xb1, 0xff, 0x7f, 0xaa, 0xb1, 0xff, 0x7f, 0xaa, 0xb1, 0xff, 
0x7f, 0xaa, 0xb1, 0xff, 0x7f, 0xaa, 0xb1, 0xff, 0x7f, 0xaa, 0xb1, 0xff, 0x7f, 0xaa, 0xb1, 0xff, 
0x7f, 0xaa, 0xb1, 0xff, 0x7f, 0xaa, 0xb1, 0xff, 0x7f, 0xaa, 0xb1, 0xff, 0x7f, 0xaa, 0xb1, 0xff, 
0x7f, 0xaa, 0xb1, 0xff, 0x7f, 0xaa, 0xb1, 0xff, 0x7f, 0xaa, 0xb1, 0xff, 0x7f, 0xaa, 0xb1, 0xff, 
0x7f, 0xaa, 0xb1, 0xff, 0x7f, 0xaa, 0xb1, 0xff, 0x7f, 0xaa, 0xb1, 0xff, 0x7f, 0xaa, 0xb1, 0xff, 
0x7f, 0xaa, 0xb1, 0xff, 0x7f, 0xaa, 0xb1, 0xff, 0x7f, 0xaa, 0xb1, 0xff, 0x7f, 0xaa, 0xb1, 0xff, 
0x7f, 0xaa, 0xb1, 0xff, 0x7f, 0xaa, 0xb1, 0xff, 0x7f, 0xaa, 0xb1, 0xff, 0x7f, 0xaa, 0xb1, 0xff, 
0x7f, 0xaa, 0xb1, 0xff, 0x7f, 0xaa, 0xb1, 0xff, 0x7f, 0xaa, 0xb1, 0xff, 0x7f, 0xaa, 0xb1, 0xff, 
0x7f, 0xaa, 0xb1, 0xff, 0x7f, 0xaa, 0xb1, 0xff, 0x7f, 0xaa, 0xb1, 0xff, 0x7f, 0xaa, 0xb1, 0xff, 
0x7f, 0xaa, 0xb1, 0xff, 0x7f, 0xaa, 0xb1, 0xff, 0x7f, 0xaa, 0xb1, 0xff, 0x7f, 0xaa, 0xb1, 0xff, 
0x7f, 0xaa, 0xb1, 0xff, 0x7f, 0xaa, 0xb1, 0xff, 0x7f, 0xaa, 0xb1, 0xff, 0x7f, 0xaa, 0xb1, 0xff, 
0x7f, 0xaa, 0xb1, 0xff, 0x7f, 0xaa, 0xb1, 0xff, 0x7f, 0xaa, 0xb1, 0xff, 0x7f, 0xaa, 0xb1, 0xff, 
0x7f, 0xaa, 0xb1, 0xff, 0x7f, 0xaa, 0xb1, 0xff, 0x7f, 0xaa, 0xb1, 0xff, 0x7f, 0xaa, 0xb1, 0xff, 
0x7f, 0xaa, 0xb1, 0xff, 0x7f, 0xaa, 0xb1, 0xff, 0x7f, 0xaa, 0xb1, 0xff, 0x7f, 0xaa, 0xb1, 0xff, 
0x7f, 0xaa, 0xb1, 0xff, 0x7f, 0xaa, 0xb1, 0xff, 0x7f, 0xaa, 0xb1, 0xff, 0x7f, 0xaa, 0xb1, 0xff, 
0x7f, 0xaa, 0xb1, 0xff, 0x7f, 0xaa, 0xb1, 0xff, 0x7f, 0xaa, 0xb1, 0xff, 0x7f, 0xaa, 0xb1, 0xff, 
0x7f, 0xaa, 0xb1, 0xff, 0x7f, 0xaa, 0xb1, 0xff, 0x7f, 0xaa, 0xb1, 0xff, 0x7f, 0xaa, 0xb1, 0xff, 
0x7f, 0xaa, 0xb1, 0xff, 0x7f, 0xaa, 0xb1, 0xff, 0x7f, 0xaa, 0xb1, 0xff, 0x7f, 0xaa, 0xb1, 0xff, 
0x7f, 0xaa, 0xb1, 0xff, 0x7f, 0xaa, 0xb1, 0xff, 0x7f, 0xaa, 0xb1, 0xff, 0x7f, 0xaa, 0xb1, 0xff, 
0x7f, 0xaa, 0xb1, 0xff, 0x7f, 0xaa, 0xb1, 0xff, 0x7f, 0xaa, 0xb1, 0xff, 0x7f, 0xaa, 0xb1, 0xff, 
0x7f, 0xaa, 0xb1, 0xff, 0x7f, 0xaa, 0xb1, 0xff, 0x7f, 0xaa, 0xb1, 0xff, 0x7f, 0xaa, 0xb1, 0xff, 
0x7f, 0xaa, 0xb1, 0xff, 0x7f, 0xaa, 0xb1, 0xff, 0x7f, 0xaa, 0xb1, 0xff, 0x7f, 0xaa, 0xb1, 0xff, 
0x7f, 0xaa, 0xb1, 0xff, 0x7f, 0xaa, 0xb1, 0xff, 0x7f, 0xaa, 0xb1, 0xff, 0x7f, 0xaa, 0xb1, 0xff, 
0x7f, 0xaa, 0xb1, 0xff, 0x7f, 0xaa, 0xb1, 0xff, 0x7f, 0xaa, 0xb1, 0xff, 0x7f, 0xaa, 0xb1, 0xff, 
0x7f, 0xaa, 0xb1, 0xff, 0x7f, 0xaa, 0xb1, 0xff, 0x7f, 0xaa, 0xb1, 0xff, 0x7f, 0xaa, 0xb1, 0xff, 
0x7f, 0xaa, 0xb1, 0xff, 0x7f, 0xaa, 0xb1, 0xff, 0x7f, 0xaa, 0xb1, 0xff, 0x7f, 0xaa, 0xb1, 0xff, 
0x7f, 0xaa, 0xb1, 0xff, 0x7f, 0xaa, 0xb1, 0xff, 0x7f, 0xaa, 0xb1, 0xff, 0x7f, 0xaa, 0xb1, 0xff, 
0x7f, 0xaa, 0xb1, 0xff, 0x7f, 0xaa, 0xb1, 0xff, 0x7f, 0xaa, 0xb1, 0xff, 0x7f, 0xaa, 0xb1, 0xff, 
0x7f, 0xaa, 0xb1, 0xff, 0x7f, 0xaa, 0xb1, 0xff, 0x7f, 0xaa, 0xb1, 0xff, 0x7f, 0xaa, 0xb1, 0xff, 
0x7f, 0xaa, 0xb1, 0xff, 0x7f, 0xaa, 0xb1, 0xff, 0x7f, 0xaa, 0xb1, 0xff, 0x7f, 0xaa, 0xb1, 0xff, 
0x7f, 0xaa, 0xb1, 0xff, 0x7f, 0xaa, 0xb1, 0xff, 0x7f, 0xaa, 0xb1, 0xff, 0x7f, 0xaa, 0xb1, 0xff, 
0x7f, 0xaa, 0xb1, 0xff, 0x7f, 0xaa, 0xb1, 0xff, 0x7f, 0xaa, 0xb1, 0xff, 0x7f, 0xaa, 0xb1, 0xff, 
0x7f, 0xaa, 0xb1, 0xff, 0x7f, 0xaa, 0xb1, 0xff, 0x7f, 0xaa, 0xb1, 0xff, 0x7f, 0xaa, 0xb1, 0xff, 
0x7f, 0xaa, 0xb1, 0xff, 0x7f, 0xaa, 0xb1, 0xff, 0x7f, 0xaa, 0xb1, 0xff, 0x7f, 0xaa, 0xb1, 0xff, 
0x7f, 0xaa, 0xb1, 0xff, 0x7f, 0xaa, 0xb1, 0xff, 0x7f, 0xaa, 0xb1, 0xff, 0x7f, 0xaa, 0xb1, 0xff, 
0x7f, 0xaa, 0xb1, 0xff, 0x7f, 0xaa, 0xb1, 0xff, 0x7f, 0xaa, 0xb1, 0xff, 0x7f, 0xaa, 0xb1, 0xff, 
0x7f, 0xaa, 0xb1, 0xff, 0x7f, 0xaa, 0xb1, 0xff, 0x7f, 0xaa, 0xb1, 0xff, 0x7f, 0xaa, 0xb1, 0xff, 
0x7f, 0xaa, 0xb1, 0xff, 0x7f, 0xaa, 0xb1, 0xff, 0x7f, 0xaa, 0xb1, 0xff, 0x7f, 0xaa, 0xb1, 0xff, 
0x7f, 0xaa, 0xb1, 0xff, 0x7f, 0xaa, 0xb1, 0xff, 0x7f, 0xaa, 0xb1, 0xff, 0x7f, 0xaa, 0xb1, 0xff, 
0x7f, 0xaa, 0xb1, 0xff, 0x7f, 0xaa, 0xb1, 0xff, 0x7f, 0xaa, 0xb1, 0xff, 0x7f, 0xaa, 0xb1, 0xff, 
0x7f, 0xaa, 0xb1, 0xff, 0x7f, 0xaa, 0xb1, 0xff, 0x7f, 0xaa, 0xb1, 0xff, 0x7f, 0xaa, 0xb1, 0xff, 
0x7f, 0xaa, 0xb1, 0xff, 0x7f, 0xaa, 0xb1, 0xff, 0x7f, 0xaa, 0xb1, 0xff, 0x7f, 0xaa, 0xb1, 0xff, 
0x7f, 0xaa, 0xb1, 0xff, 0x7f, 0xaa, 0xb1, 0xff, 0x7f, 0xaa, 0xb1, 0xff, 0x7f, 0xaa, 0xb1, 0xff, 
0x7f, 0xaa, 0xb1, 0xff, 0x7f, 0xaa, 0xb1, 0xff, 0x7f, 0xaa, 0xb1, 0xff, 0x7f, 0xaa, 0xb1, 0xff, 
0x7f, 0xaa, 0xb1, 0xff, 0x7f, 0xaa, 0xb1, 0xff, 0x7f, 0xaa, 0xb1, 0xff, 0x7f, 0xaa, 0xb1, 0xff, 
0x7f, 0xaa, 0xb1, 0xff, 0x7f, 0xaa, 0xb1, 0xff, 0x7f, 0xaa, 0xb1, 0xff, 0x7f, 0xaa, 0xb1, 0xff, 
0x7f, 0xaa, 0xb1, 0xff, 0x7f, 0xaa, 0xb1, 0xff, 0x7f, 0xaa, 0xb1, 0xff, 0x7f, 0xaa, 0xb1, 0xff, 
0x7f, 0xaa, 0xb1, 0xff, 0x7f, 0xaa, 0xb1, 0xff, 0x7f, 0xaa, 0xb1, 0xff, 0x7f, 0xaa, 0xb1, 0xff, 
0x7f, 0xaa, 0xb1, 0xff, 0x7f, 0xaa, 0xb1, 0xff, 0x7f, 0xaa, 0xb1, 0xff, 0x7f, 0xaa, 0xb1, 0xff, 
0x7f, 0xaa, 0xb1, 0xff, 0x7f, 0xaa, 0xb1, 0xff, 0x7f, 0xaa, 0xb1, 0xff, 0x7f, 0xaa, 0xb1, 0xff, 
0x7f, 0xaa, 0xb1, 0xff, 0x7f, 0xaa, 0xb1, 0xff, 0x7f, 0xaa, 0xb1, 0xff, 0x7f, 0xaa, 0xb1, 0xff, 
0x7f, 0xaa, 0xb1, 0xff, 0x7f, 0xaa, 0xb1, 0xff, 0x7f, 0xaa, 0xb1, 0xff, 0x7f, 0xaa, 0xb1, 0xff, 
0x7f, 0xaa, 0xb1, 0xff, 0x7f, 0xaa, 0xb1, 0xff, 0x7f, 0xaa, 0xb1, 0xff, 0x7f, 0xaa, 0xb1, 0xff, 
0x7f, 0xaa, 0xb1, 0xff, 0x7f, 0xaa, 0xb1, 0xff, 0x7f, 0xaa, 0xb1, 0xff, 0x7f, 0xaa, 0xb1, 0xff, 
0x7f, 0xaa, 0xb1, 0xff, 0x7f, 0xaa, 0xb1, 0xff, 0x7f, 0xaa, 0xb1, 0xff, 0x7f, 0xaa, 0xb1, 0xff, 
0x7f, 0xaa, 0xb1, 0xff, 0x7f, 0xaa, 0xb1, 0xff, 0x7f, 0xaa, 0xb1, 0xff, 0x7f, 0xaa, 0xb1, 0xff, 
0x7f, 0xaa, 0xb1, 0xff, 0x7f, 0xaa, 0xb1, 0xff, 0x7f, 0xaa, 0xb1, 0xff, 0x7f, 0xaa, 0xb1, 0xff, 
0x7f, 0xaa, 0xb1, 0xff, 0x7f, 0xaa, 0xb1, 0xff, 0x7f, 0xaa, 0xb1, 0xff, 0x7f, 0xaa, 0xb1, 0xff, 
0x7f, 0xaa, 0xb1, 0xff, 0x7f, 0xaa, 0xb1, 0xff, 0x7f, 0xaa, 0xb1, 0xff, 0x7f, 0xaa, 0xb1, 0xff, 
0x7f, 0xaa, 0xb1, 0xff, 0x7f, 0xaa, 0xb1, 0xff, 0x7f, 0xaa, 0xb1, 0xff, 0x7f, 0xaa, 0xb1, 0xff, 
0x7f, 0xaa, 0xb1, 0xff, 0x7f, 0xaa, 0xb1, 0xff, 0x7f, 0xaa, 0xb1, 0xff, 0x7f, 0xaa, 0xb1, 0xff, 
0x7f, 0xaa, 0xb1, 0xff, 0x7f, 0xaa, 0xb1, 0xff, 0x7f, 0xaa, 0xb1, 0xff, 0x7f, 0xaa, 0xb1, 0xff, 
0x7f, 0xaa, 0xb1, 0xff, 0x7f, 0xaa, 0xb1, 0xff, 0x7f, 0xaa, 0xb1, 0xff, 0x7f, 0xaa, 0xb1, 0xff, 
0x7f, 0xaa, 0xb1, 0xff, 0x7f, 0xaa, 0xb1, 0xff, 0x7f, 0xaa, 0xb1, 0xff, 0x7f, 0xaa, 0xb1, 0xff, 
0x7f, 0xaa, 0xb1, 0xff, 0x7f, 0xaa, 0xb1, 0xff, 0x7f, 0xaa, 0xb1, 0xff, 0x7f, 0xaa, 0xb1, 0xff, 
0x7f, 0xaa, 0xb1, 0xff, 0x7f, 0xaa, 0xb1, 0xff, 0x7f, 0xaa, 0xb1, 0xff, 0x7f, 0xaa, 0xb1, 0xff, 
0x7f, 0xaa, 0xb1, 0xff, 0x7f, 0xaa, 0xb1, 0xff, 0x7f, 0xaa, 0xb1, 0xff, 0x7f, 0xaa, 0xb1, 0xff, 
0x7f, 0xaa, 0xb1, 0xff, 0x7f, 0xaa, 0xb1, 0xff, 0x7f, 0xaa, 0xb1, 0xff, 0x7f, 0xaa, 0xb1, 0xff, 
0x7f, 0xaa, 0xb1, 0xff, 0x7f, 0xaa, 0xb1, 0xff, 0x7f, 0xaa, 0xb1, 0xff, 0x7f, 0xaa, 0xb1, 0xff, 
0x7f, 0xaa, 0xb1, 0xff, 0x7f, 0xaa, 0xb1, 0xff, 0x7f, 0xaa, 0xb1, 0xff, 0x7f, 0xaa, 0xb1, 0xff, 
0x7f, 0xaa, 0xb1, 0xff, 0x7f, 0xaa, 0xb1, 0xff, 0x7f, 0xaa, 0xb1, 0xff, 0x7f, 0xaa, 0xb1, 0xff, 
0x7f, 0xaa, 0xb1, 0xff, 0x7f, 0xaa, 0xb1, 0xff, 0x7f, 0xaa, 0xb1, 0xff, 0x7f, 0xaa, 0xb1, 0xff, 
0x7f, 0xaa, 0xb1, 0xff, 0x7f, 0xaa, 0xb1, 0xff, 0x7f, 0xaa, 0xb1, 0xff, 0x7f, 0xaa, 0xb1, 0xff, 
0x7f, 0xaa, 0xb1, 0xff, 0x7f, 0xaa, 0xb1, 0xff, 0x7f, 0xaa, 0xb1, 0xff, 0x7f, 0xaa, 0xb1, 0xff, 
0x7f, 0xaa, 0xb1, 0xff, 0x7f, 0xaa, 0xb1, 0xff, 0x7f, 0xaa, 0xb1, 0xff, 0x7f, 0xaa, 0xb1, 0xff, 
0x7f, 0xaa, 0xb1, 0xff, 0x7f, 0xaa, 0xb1, 0xff, 0x7f, 0xaa, 0xb1, 0xff, 0x7f, 0xaa, 0xb1, 0xff, 
0x7f, 0xaa, 0xb1, 0xff, 0x7f, 0xaa, 0xb1, 0xff, 0x7f, 0xaa, 0xb1, 0xff, 0x7f, 0xaa, 0xb1, 0xff, 
0x7f, 0xaa, 0xb1, 0xff, 0x7f, 0xaa, 0xb1, 0xff, 0x7f, 0xaa, 0xb1, 0xff, 0x7f, 0xaa, 0xb1, 0xff, 
0x7f, 0xaa, 0xb1, 0xff, 0x7f, 0xaa, 0xb1, 0xff, 0x7f, 0xaa, 0xb1, 0xff, 0x7f, 0xaa, 0xb1, 0xff, 
0x7f, 0xaa, 0xb1, 0xff, 0x7f, 0xaa, 0xb1, 0xff, 0x7f, 0xaa, 0xb1, 0xff, 0x7f, 0xaa, 0xb1, 0xff, 
0x7f, 0xaa, 0xb1, 0xff, 0x7f, 0xaa, 0xb1, 0xff, 0x7f, 0xaa, 0xb1, 0xff, 0x7f, 0xaa, 0xb1, 0xff, 
0x7f, 0xaa, 0xb1, 0xff, 0x7f, 0xaa, 0xb1, 0xff, 0x7f, 0xaa, 0xb1, 0xff, 0x7f, 0xaa, 0xb1, 0xff, 
0x7f, 0xaa, 0xb1, 0xff, 0x7f, 0xaa, 0xb1, 0xff, 0x7f, 0xaa, 0xb1, 0xff, 0x7f, 0xaa, 0xb1, 0xff, 
0x7f, 0xaa, 0xb1, 0xff, 0x7f, 0xaa, 0xb1, 0xff, 0x7f, 0xaa, 0xb1, 0xff, 0x7f, 0xaa, 0xb1, 0xff, 
0x7f, 0xaa, 0xb1, 0xff, 0x7f, 0xaa, 0xb1, 0xff, 0x7f, 0xaa, 0xb1, 0xff, 0x7f, 0xaa, 0xb1, 0xff, 
0x7f, 0xaa, 0xb1, 0xff, 0x7f, 0xaa, 0xb1, 0xff, 0x7f, 0xaa, 0xb1, 0xff, 0x7f, 0xaa, 0xb1, 0xff, 
0x7f, 0xaa, 0xb1, 0xff, 0x7f, 0xaa, 0xb1, 0xff, 0x7f, 0xaa, 0xb1, 0xff, 0x7f, 0xaa, 0xb1, 0xff, 
0x7f, 0xaa, 0xb1, 0xff, 0x7f, 0xaa, 0xb1, 0xff, 0x7f, 0xaa, 0xb1, 0xff, 0x7f, 0xaa, 0xb1, 0xff, 
0x7f, 0xaa, 0xb1, 0xff, 0x7f, 0xaa, 0xb1, 0xff, 0x7f, 0xaa, 0xb1, 0xff, 0x7f, 0xaa, 0xb1, 0xff, 
0x7f, 0xaa, 0xb1, 0xff, 0x7f, 0xaa, 0xb1, 0xff, 0x7f, 0xaa, 0xb1, 0xff, 0x7f, 0xaa, 0xb1, 0xff, 
0x7f, 0xaa, 0xb1, 0xff, 0x7f, 0xaa, 0xb1, 0xff, 0x7f, 0xaa, 0xb1, 0xff, 0x7f, 0xaa, 0xb1, 0xff, 
0x7f, 0xaa, 0xb1, 0xff, 0x7f, 0xaa, 0xb1, 0xff, 0x7f, 0xaa, 0xb1, 0xff, 0x7f, 0xaa, 0xb1, 0xff, 
0x7f, 0xaa, 0xb1, 0xff, 0x7f, 0xaa, 0xb1, 0xff, 0x7f, 0xaa, 0xb1, 0xff, 0x7f, 0xaa, 0xb1, 0xff, 
0x7f, 0xaa, 0xb1, 0xff, 0x7f, 0xaa, 0xb1, 0xff, 0x7f, 0xaa, 0xb1, 0xff, 0x7f, 0xaa, 0xb1, 0xff, 
0x7f, 0xaa, 0xb1, 0xff, 0x7f, 0xaa, 0xb1, 0xff, 0x7f, 0xaa, 0xb1, 0xff, 0x7f, 0xaa, 0xb1, 0xff, 
0x7f, 0xaa, 0xb1, 0xff, 0x7f, 0xaa, 0xb1, 0xff, 0x7f, 0xaa, 0xb1, 0xff, 0x7f, 0xaa, 0xb1, 0xff, 
0x7f, 0xaa, 0xb1, 0xff, 0x7f, 0xaa, 0xb1, 0xff, 0x7f, 0xaa, 0xb1, 0xff, 0x7f, 0xaa, 0xb1, 0xff, 
0x7f, 0xaa, 0xb1, 0xff, 0x7f, 0xaa, 0xb1, 0xff, 0x7f, 0xaa, 0xb1, 0xff, 0x7f, 0xaa, 0xb1, 0xff, 
0x7f, 0xaa, 0xb1, 0xff, 0x7f, 0xaa, 0xb1, 0xff, 0x7f, 0xaa, 0xb1, 0xff, 0x7f, 0xaa, 0xb1, 0xff, 
0x7f, 0xaa, 0xb1, 0xff, 0x7f, 0xaa, 0xb1, 0xff, 0x7f, 0xaa, 0xb1, 0xff, 0x7f, 0xaa, 0xb1, 0xff, 
0x7f, 0xaa, 0xb1, 0xff, 0x7f, 0xaa, 0xb1, 0xff, 0x7f, 0xaa, 0xb1, 0xff, 0x7f, 0xaa, 0xb1, 0xff, 
0x7f, 0xaa, 0xb1, 0xff, 0x7f, 0xaa, 0xb1, 0xff, 0x7f, 0xaa, 0xb1, 0xff, 0x7f, 0xaa, 0xb1, 0xff, 
0x7f, 0xaa, 0xb1, 0xff, 0x7f, 0xaa, 0xb1, 0xff, 0x7f, 0xaa, 0xb1, 0xff, 0x7f, 0xaa, 0xb1, 0xff, 
0x7f, 0xaa, 0xb1, 0xff, 0x7f, 0xaa, 0xb1, 0xff, 0x7f, 0xaa, 0xb1, 0xff, 0x7f, 0xaa, 0xb1, 0xff, 
0x7f, 0xaa, 0xb1, 0xff, 0x7f, 0xaa, 0xb1, 0xff, 0x7f, 0xaa, 0xb1, 0xff, 0x7f, 0xaa, 0xb1, 0xff, 
0x7f, 0xaa, 0xb1, 0xff, 0x7f, 0xaa, 0xb1, 0xff, 0x7f, 0xaa, 0xb1, 0xff, 0x7f, 0xaa, 0xb1, 0xff, 
0x7f, 0xaa, 0xb1, 0xff, 0x7f, 0xaa, 0xb1, 0xff, 0x7f, 0xaa, 0xb1, 0xff, 0x7f, 0xaa, 0xb1, 0xff, 
0x7f, 0xaa, 0xb1, 0xff, 0x7f, 0xaa, 0xb1, 0xff, 0x7f, 0xaa, 0xb1, 0xff, 0x7f, 0xaa, 0xb1, 0xff, 
0x7f, 0xaa, 0xb1, 0xff, 0x7f, 0xaa, 0xb1, 0xff, 0x7f, 0xaa, 0xb1, 0xff, 0x7f, 0xaa, 0xb1, 0xff, 
0x7f, 0xaa, 0xb1, 0xff, 0x7f, 0xaa, 0xb1, 0xff, 0x7f, 0xaa, 0xb1, 0xff, 0x7f, 0xaa, 0xb1, 0xff, 
0x7f, 0xaa, 0xb1, 0xff, 0x7f, 0xaa, 0xb1, 0xff, 0x7f, 0xaa, 0xb1, 0xff, 0x7f, 0xaa, 0xb1, 0xff, 
0x7f, 0xaa, 0xb1, 0xff, 0x7f, 0xaa, 0xb1, 0xff, 0x7f, 0xaa, 0xb1, 0xff, 0x7f, 0xaa, 0xb1, 0xff, 
0x7f, 0xaa, 0xb1, 0xff, 0x7f, 0xaa, 0xb1, 0xff, 0x7f, 0xaa, 0xb1, 0xff, 0x7f, 0xaa, 0xb1, 0xff, 
0x7f, 0xaa, 0xb1, 0xff, 0x7f, 0xaa, 0xb1, 0xff, 0x7f, 0xaa, 0xb1, 0xff, 0x7f, 0xaa, 0xb1, 0xff, 
0x7f, 0xaa, 0xb1, 0xff, 0x7f, 0xaa, 0xb1, 0xff, 0x7f, 0xaa, 0xb1, 0xff, 0x7f, 0xaa, 0xb1, 0xff, 
0x7f, 0xaa, 0xb1, 0xff, 0x7f, 0xaa, 0xb1, 0xff, 0x7f, 0xaa, 0xb1, 0xff, 0x7f, 0xaa, 0xb1, 0xff, 
0x7f, 0xaa, 0xb1, 0xff, 0x7f, 0xaa, 0xb1, 0xff, 0x7f, 0xaa, 0xb1, 0xff, 0x7f, 0xaa, 0xb1, 0xff, 
0x7f, 0xaa, 0xb1, 0xff, 0x7f, 0xaa, 0xb1, 0xff, 0x7f, 0xaa, 0xb1, 0xff, 0x7f, 0xaa, 0xb1, 0xff, 
0x7f, 0xaa, 0xb1, 0xff, 0x7f, 0xaa, 0xb1, 0xff, 0x7f, 0xaa, 0xb1, 0xff, 0x7f, 0xaa, 0xb1, 0xff, 
0x7f, 0xaa, 0xb1, 0xff, 0x7f, 0xaa, 0xb1, 0xff, 0x7f, 0xaa, 0xb1, 0xff, 0x7f, 0xaa, 0xb1, 0xff, 
};
