static const unsigned char venus_img[] = {
0xcb, 0x71, 0x26, 0xff, 0xcb, 0x70, 0x25, 0xff, 0xcb, 0x70, 0x26, 0xff, 0xca, 0x70, 0x25, 0xff, 
0xca, 0x71, 0x25, 0xff, 0xca, 0x6f, 0x24, 0xff, 0xca, 0x6e, 0x24, 0xff, 0xc9, 0x6e, 0x25, 0xff, 
0xca, 0x6f, 0x25, 0xff, 0xca, 0x70, 0x25, 0xff, 0xca, 0x70, 0x25, 0xff, 0xca, 0x6f, 0x25, 0xff, 
0xca, 0x70, 0x25, 0xff, 0xcc, 0x71, 0x26, 0xff, 0xcc, 0x72, 0x25, 0xff, 0xcc, 0x72, 0x25, 0xff, 
0xcb, 0x70, 0x25, 0xff, 0xcb, 0x70, 0x25, 0xff, 0xcb, 0x71, 0x26, 0xff, 0xca, 0x70, 0x26, 0xff, 
0xc9, 0x6e, 0x24, 0xff, 0xc9, 0x6e, 0x25, 0xff, 0xca, 0x6f, 0x25, 0xff, 0xca, 0x6f, 0x25, 0xff, 
0xcb, 0x70, 0x26, 0xff, 0xca, 0x6f, 0x25, 0xff, 0xc9, 0x6f, 0x26, 0xff, 0xca, 0x6e, 0x25, 0xff, 
0xca, 0x70, 0x25, 0xff, 0xcb, 0x71, 0x25, 0xff, 0xca, 0x6f, 0x25, 0xff, 0xca, 0x70, 0x25, 0xff, 
0xcb, 0x71, 0x26, 0xff, 0xcb, 0x71, 0x26, 0xff, 0xca, 0x6f, 0x25, 0xff, 0xca, 0x70, 0x25, 0xff, 
0xcb, 0x71, 0x25, 0xff, 0xcc, 0x72, 0x26, 0xff, 0xcb, 0x71, 0x26, 0xff, 0xcb, 0x70, 0x25, 0xff, 
0xcb, 0x70, 0x26, 0xff, 0xcc, 0x72, 0x26, 0xff, 0xcb, 0x71, 0x25, 0xff, 0xca, 0x70, 0x25, 0xff, 
0xca, 0x70, 0x25, 0xff, 0xca, 0x70, 0x25, 0xff, 0xca, 0x6f, 0x24, 0xff, 0xca, 0x6f, 0x24, 0xff, 
0xca, 0x70, 0x25, 0xff, 0xca, 0x70, 0x25, 0xff, 0xca, 0x6f, 0x24, 0xff, 0xca, 0x70, 0x25, 0xff, 
0xca, 0x70, 0x24, 0xff, 0xc9, 0x6e, 0x24, 0xff, 0xca, 0x70, 0x25, 0xff, 0xcb, 0x70, 0x26, 0xff, 
0xc9, 0x6f, 0x25, 0xff, 0xc8, 0x6e, 0x23, 0xff, 0xc9, 0x6f, 0x24, 0xff, 0xcb, 0x70, 0x25, 0xff, 
0xc9, 0x6f, 0x24, 0xff, 0xc9, 0x6f, 0x24, 0xff, 0xca, 0x70, 0x24, 0xff, 0xc9, 0x6f, 0x25, 0xff, 
0xc8, 0x6d, 0x24, 0xff, 0xc8, 0x6d, 0x24, 0xff, 0xc6, 0x6b, 0x23, 0xff, 0xc7, 0x6b, 0x23, 0xff, 
0xc7, 0x6c, 0x24, 0xff, 0xc7, 0x6d, 0x23, 0xff, 0xc8, 0x6d, 0x24, 0xff, 0xc6, 0x6b, 0x23, 0xff, 
0xc6, 0x6a, 0x23, 0xff, 0xc7, 0x6c, 0x24, 0xff, 0xc7, 0x6c, 0x24, 0xff, 0xc6, 0x6b, 0x23, 0xff, 
0xc7, 0x6b, 0x23, 0xff, 0xc7, 0x6d, 0x24, 0xff, 0xc8, 0x6e, 0x24, 0xff, 0xc8, 0x6e, 0x24, 0xff, 
0xc8, 0x6e, 0x24, 0xff, 0xc8, 0x6d, 0x24, 0xff, 0xc7, 0x6c, 0x23, 0xff, 0xc7, 0x6c, 0x23, 0xff, 
0xc5, 0x6a, 0x23, 0xff, 0xc4, 0x69, 0x22, 0xff, 0xc5, 0x69, 0x23, 0xff, 0xc6, 0x6b, 0x22, 0xff, 
0xc7, 0x6c, 0x23, 0xff, 0xc7, 0x6c, 0x24, 0xff, 0xc6, 0x6b, 0x23, 0xff, 0xc5, 0x6a, 0x23, 0xff, 
0xc6, 0x6b, 0x23, 0xff, 0xc7, 0x6c, 0x23, 0xff, 0xc6, 0x6b, 0x23, 0xff, 0xc6, 0x6b, 0x22, 0xff, 
0xc7, 0x6c, 0x23, 0xff, 0xc7, 0x6c, 0x23, 0xff, 0xc9, 0x6e, 0x24, 0xff, 0xc7, 0x6c, 0x24, 0xff, 
0xc7, 0x6d, 0x24, 0xff, 0xc8, 0x6e, 0x25, 0xff, 0xc8, 0x6d, 0x24, 0xff, 0xc9, 0x6d, 0x24, 0xff, 
0xc8, 0x6c, 0x24, 0xff, 0xc6, 0x6a, 0x23, 0xff, 0xc6, 0x6a, 0x23, 0xff, 0xc5, 0x68, 0x22, 0xff, 
0xc4, 0x68, 0x22, 0xff, 0xc3, 0x67, 0x22, 0xff, 0xc4, 0x68, 0x22, 0xff, 0xc5, 0x69, 0x23, 0xff, 
0xc4, 0x68, 0x22, 0xff, 0xc4, 0x68, 0x22, 0xff, 0xc4, 0x68, 0x22, 0xff, 0xc4, 0x68, 0x22, 0xff, 
0xc3, 0x67, 0x22, 0xff, 0xc4, 0x67, 0x22, 0xff, 0xc3, 0x66, 0x22, 0xff, 0xc2, 0x65, 0x21, 0xff, 
0xc2, 0x66, 0x21, 0xff, 0xc2, 0x65, 0x21, 0xff, 0xc2, 0x65, 0x21, 0xff, 0xc3, 0x66, 0x22, 0xff, 
0xc4, 0x67, 0x22, 0xff, 0xc5, 0x68, 0x22, 0xff, 0xc5, 0x69, 0x23, 0xff, 0xc4, 0x68, 0x22, 0xff, 
0xc3, 0x68, 0x22, 0xff, 0xc6, 0x6a, 0x23, 0xff, 0xc7, 0x6c, 0x24, 0xff, 0xc7, 0x6a, 0x23, 0xff, 
0xc6, 0x6a, 0x22, 0xff, 0xc6, 0x6a, 0x23, 0xff, 0xc6, 0x6a, 0x23, 0xff, 0xc6, 0x69, 0x23, 0xff, 
0xc6, 0x6a, 0x23, 0xff, 0xc6, 0x6a, 0x23, 0xff, 0xc5, 0x6a, 0x22, 0xff, 0xc6, 0x6a, 0x23, 0xff, 
0xc5, 0x69, 0x22, 0xff, 0xc4, 0x68, 0x22, 0xff, 0xc5, 0x69, 0x22, 0xff, 0xc4, 0x68, 0x22, 0xff, 
0xc4, 0x67, 0x22, 0xff, 0xc3, 0x67, 0x22, 0xff, 0xc3, 0x66, 0x22, 0xff, 0xc5, 0x69, 0x22, 0xff, 
0xc6, 0x6a, 0x22, 0xff, 0xc4, 0x68, 0x22, 0xff, 0xc5, 0x69, 0x23, 0xff, 0xc6, 0x6a, 0x23, 0xff, 
0xc6, 0x6a, 0x23, 0xff, 0xc7, 0x6b, 0x24, 0xff, 0xc7, 0x6c, 0x23, 0xff, 0xc7, 0x6c, 0x23, 0xff, 
0xc6, 0x6a, 0x23, 0xff, 0xc6, 0x6b, 0x23, 0xff, 0xc6, 0x6b, 0x23, 0xff, 0xc5, 0x69, 0x22, 0xff, 
0xc5, 0x6a, 0x22, 0xff, 0xc7, 0x6b, 0x23, 0xff, 0xc8, 0x6d, 0x24, 0xff, 0xc9, 0x6e, 0x24, 0xff, 
0xc8, 0x6d, 0x24, 0xff, 0xc9, 0x6f, 0x24, 0xff, 0xca, 0x6f, 0x26, 0xff, 0xcb, 0x70, 0x25, 0xff, 
0xcb, 0x70, 0x25, 0xff, 0xca, 0x6f, 0x25, 0xff, 0xc8, 0x6d, 0x24, 0xff, 0xc8, 0x6c, 0x24, 0xff, 
0xc7, 0x6d, 0x23, 0xff, 0xc8, 0x6d, 0x24, 0xff, 0xc8, 0x6e, 0x24, 0xff, 0xc8, 0x6e, 0x24, 0xff, 
0xc8, 0x6d, 0x24, 0xff, 0xc8, 0x6d, 0x24, 0xff, 0xc9, 0x6e, 0x25, 0xff, 0xc9, 0x6f, 0x25, 0xff, 
0xc9, 0x6f, 0x25, 0xff, 0xc9, 0x6e, 0x24, 0xff, 0xc9, 0x6f, 0x24, 0xff, 0xca, 0x6f, 0x24, 0xff, 
0xcb, 0x70, 0x25, 0xff, 0xcb, 0x71, 0x25, 0xff, 0xcb, 0x71, 0x25, 0xff, 0xcc, 0x72, 0x25, 0xff, 
0xcb, 0x71, 0x25, 0xff, 0xca, 0x70, 0x25, 0xff, 0xc9, 0x6e, 0x25, 0xff, 0xc9, 0x6e, 0x25, 0xff, 
0xc8, 0x6e, 0x25, 0xff, 0xc7, 0x6c, 0x24, 0xff, 0xc8, 0x6d, 0x24, 0xff, 0xc8, 0x6d, 0x24, 0xff, 
0xc8, 0x6d, 0x24, 0xff, 0xc9, 0x6e, 0x25, 0xff, 0xc9, 0x6e, 0x24, 0xff, 0xc9, 0x6e, 0x25, 0xff, 
0xca, 0x6f, 0x25, 0xff, 0xca, 0x71, 0x25, 0xff, 0xcc, 0x72, 0x25, 0xff, 0xcc, 0x73, 0x26, 0xff, 
0xce, 0x74, 0x27, 0xff, 0xce, 0x74, 0x26, 0xff, 0xce, 0x74, 0x27, 0xff, 0xce, 0x74, 0x27, 0xff, 
0xcd, 0x73, 0x26, 0xff, 0xce, 0x74, 0x27, 0xff, 0xce, 0x74, 0x28, 0xff, 0xcd, 0x74, 0x27, 0xff, 
0xce, 0x75, 0x28, 0xff, 0xcf, 0x77, 0x29, 0xff, 0xce, 0x76, 0x28, 0xff, 0xce, 0x75, 0x27, 0xff, 
0xce, 0x77, 0x27, 0xff, 0xcf, 0x77, 0x28, 0xff, 0xce, 0x76, 0x28, 0xff, 0xce, 0x76, 0x28, 0xff, 
0xcd, 0x75, 0x28, 0xff, 0xce, 0x76, 0x28, 0xff, 0xce, 0x77, 0x28, 0xff, 0xcc, 0x73, 0x27, 0xff, 
0xcc, 0x71, 0x26, 0xff, 0xca, 0x70, 0x25, 0xff, 0xc9, 0x6f, 0x24, 0xff, 0xcc, 0x73, 0x27, 0xff, 
0xce, 0x75, 0x28, 0xff, 0xce, 0x74, 0x27, 0xff, 0xcc, 0x72, 0x26, 0xff, 0xcb, 0x70, 0x26, 0xff, 
0xc9, 0x6f, 0x25, 0xff, 0xca, 0x6f, 0x25, 0xff, 0xcb, 0x71, 0x26, 0xff, 0xcb, 0x71, 0x26, 0xff, 
0xcc, 0x72, 0x25, 0xff, 0xcd, 0x74, 0x27, 0xff, 0xcd, 0x73, 0x27, 0xff, 0xcd, 0x73, 0x26, 0xff, 
0xcc, 0x73, 0x27, 0xff, 0xca, 0x70, 0x25, 0xff, 0xcb, 0x71, 0x25, 0xff, 0xcb, 0x71, 0x26, 0xff, 
0xcb, 0x71, 0x25, 0xff, 0xca, 0x6f, 0x25, 0xff, 0xc9, 0x6f, 0x25, 0xff, 0xc8, 0x6d, 0x24, 0xff, 
0xc9, 0x6e, 0x25, 0xff, 0xc8, 0x6d, 0x24, 0xff, 0xc9, 0x6e, 0x24, 0xff, 0xc9, 0x6e, 0x25, 0xff, 
0xc9, 0x6e, 0x24, 0xff, 0xca, 0x6f, 0x25, 0xff, 0xca, 0x6f, 0x25, 0xff, 0xca, 0x70, 0x26, 0xff, 
0xcc, 0x71, 0x26, 0xff, 0xcb, 0x70, 0x25, 0xff, 0xcb, 0x6f, 0x26, 0xff, 0xc9, 0x6d, 0x24, 0xff, 
0xc9, 0x6e, 0x24, 0xff, 0xca, 0x6e, 0x25, 0xff, 0xcb, 0x6f, 0x24, 0xff, 0xcc, 0x71, 0x26, 0xff, 
0xcc, 0x71, 0x26, 0xff, 0xcb, 0x6f, 0x25, 0xff, 0xca, 0x6e, 0x24, 0xff, 0xca, 0x6e, 0x24, 0xff, 
0xc9, 0x6d, 0x24, 0xff, 0xc8, 0x6c, 0x24, 0xff, 0xc9, 0x6d, 0x25, 0xff, 0xca, 0x6f, 0x24, 0xff, 
0xca, 0x6e, 0x24, 0xff, 0xca, 0x6e, 0x25, 0xff, 0xca, 0x6f, 0x25, 0xff, 0xca, 0x6e, 0x25, 0xff, 
0xca, 0x6e, 0x25, 0xff, 0xc9, 0x6d, 0x23, 0xff, 0xc8, 0x6c, 0x23, 0xff, 0xc8, 0x6b, 0x23, 0xff, 
0xc7, 0x6a, 0x23, 0xff, 0xc6, 0x6b, 0x23, 0xff, 0xc7, 0x6b, 0x23, 0xff, 0xc5, 0x68, 0x22, 0xff, 
0xc6, 0x6b, 0x23, 0xff, 0xc5, 0x69, 0x23, 0xff, 0xc4, 0x68, 0x22, 0xff, 0xc4, 0x68, 0x22, 0xff, 
0xc6, 0x6a, 0x23, 0xff, 0xc7, 0x6b, 0x23, 0xff, 0xc7, 0x6b, 0x23, 0xff, 0xc7, 0x6b, 0x23, 0xff, 
0xc8, 0x6c, 0x23, 0xff, 0xc9, 0x6d, 0x23, 0xff, 0xca, 0x6e, 0x24, 0xff, 0xc9, 0x6d, 0x24, 0xff, 
0xca, 0x6e, 0x25, 0xff, 0xca, 0x6f, 0x25, 0xff, 0xc9, 0x6e, 0x25, 0xff, 0xc9, 0x6d, 0x24, 0xff, 
0xc9, 0x6d, 0x23, 0xff, 0xc8, 0x6c, 0x23, 0xff, 0xc7, 0x6b, 0x23, 0xff, 0xc7, 0x6b, 0x23, 0xff, 
0xc7, 0x6a, 0x23, 0xff, 0xc7, 0x6a, 0x23, 0xff, 0xc5, 0x68, 0x22, 0xff, 0xc5, 0x68, 0x22, 0xff, 
0xc3, 0x67, 0x20, 0xff, 0xc3, 0x67, 0x21, 0xff, 0xc4, 0x67, 0x21, 0xff, 0xc5, 0x69, 0x22, 0xff, 
0xc5, 0x69, 0x22, 0xff, 0xc4, 0x67, 0x21, 0xff, 0xc3, 0x67, 0x22, 0xff, 0xc2, 0x67, 0x21, 0xff, 
0xc3, 0x68, 0x22, 0xff, 0xc2, 0x66, 0x21, 0xff, 0xc2, 0x65, 0x21, 0xff, 0xc3, 0x67, 0x22, 0xff, 
0xc3, 0x66, 0x22, 0xff, 0xc3, 0x67, 0x21, 0xff, 0xc3, 0x67, 0x22, 0xff, 0xc4, 0x67, 0x21, 0xff, 
0xc3, 0x66, 0x20, 0xff, 0xc5, 0x69, 0x22, 0xff, 0xc6, 0x6a, 0x22, 0xff, 0xc3, 0x66, 0x21, 0xff, 
0xc1, 0x63, 0x20, 0xff, 0xc3, 0x66, 0x21, 0xff, 0xc3, 0x65, 0x22, 0xff, 0xc3, 0x66, 0x21, 0xff, 
0xc5, 0x68, 0x22, 0xff, 0xc5, 0x68, 0x22, 0xff, 0xc6, 0x6b, 0x23, 0xff, 0xc8, 0x6c, 0x23, 0xff, 
0xc7, 0x6c, 0x23, 0xff, 0xc8, 0x6c, 0x23, 0xff, 0xca, 0x6e, 0x24, 0xff, 0xca, 0x70, 0x25, 0xff, 
0xcb, 0x71, 0x25, 0xff, 0xcc, 0x72, 0x26, 0xff, 0xcc, 0x72, 0x26, 0xff, 0xcc, 0x72, 0x26, 0xff, 
0xcb, 0x70, 0x25, 0xff, 0xcb, 0x70, 0x25, 0xff, 0xcc, 0x73, 0x26, 0xff, 0xcd, 0x73, 0x26, 0xff, 
0xce, 0x74, 0x26, 0xff, 0xcc, 0x73, 0x26, 0xff, 0xcb, 0x72, 0x25, 0xff, 0xcc, 0x72, 0x25, 0xff, 
0xcc, 0x72, 0x25, 0xff, 0xca, 0x6f, 0x25, 0xff, 0xc9, 0x6e, 0x25, 0xff, 0xc9, 0x6f, 0x24, 0xff, 
0xc9, 0x6f, 0x24, 0xff, 0xca, 0x6f, 0x25, 0xff, 0xca, 0x6f, 0x25, 0xff, 0xcb, 0x71, 0x24, 0xff, 
0xc9, 0x6e, 0x24, 0xff, 0xc6, 0x6b, 0x22, 0xff, 0xc7, 0x6c, 0x22, 0xff, 0xc6, 0x6a, 0x22, 0xff, 
0xc6, 0x6a, 0x22, 0xff, 0xc8, 0x6c, 0x23, 0xff, 0xc9, 0x6d, 0x23, 0xff, 0xc7, 0x6c, 0x22, 0xff, 
0xc8, 0x6c, 0x23, 0xff, 0xc8, 0x6d, 0x23, 0xff, 0xc7, 0x6c, 0x23, 0xff, 0xca, 0x6e, 0x24, 0xff, 
0xc9, 0x6d, 0x24, 0xff, 0xc7, 0x6c, 0x23, 0xff, 0xc8, 0x6e, 0x24, 0xff, 0xca, 0x6f, 0x25, 0xff, 
0xc9, 0x6e, 0x24, 0xff, 0xc8, 0x6c, 0x24, 0xff, 0xc8, 0x6e, 0x23, 0xff, 0xc7, 0x6c, 0x23, 0xff, 
0xcb, 0x71, 0x25, 0xff, 0xcb, 0x70, 0x25, 0xff, 0xc7, 0x6d, 0x23, 0xff, 0xc7, 0x6c, 0x23, 0xff, 
0xc8, 0x6c, 0x23, 0xff, 0xc8, 0x6c, 0x24, 0xff, 0xc9, 0x6f, 0x24, 0xff, 0xc9, 0x6e, 0x23, 0xff, 
0xc7, 0x6c, 0x23, 0xff, 0xc6, 0x6a, 0x22, 0xff, 0xc6, 0x6a, 0x22, 0xff, 0xc8, 0x6d, 0x23, 0xff, 
0xc9, 0x6e, 0x24, 0xff, 0xc9, 0x6e, 0x24, 0xff, 0xc8, 0x6d, 0x24, 0xff, 0xc8, 0x6e, 0x23, 0xff, 
0xc8, 0x6d, 0x23, 0xff, 0xc8, 0x6d, 0x24, 0xff, 0xc8, 0x6d, 0x24, 0xff, 0xc7, 0x6c, 0x23, 0xff, 
0xc5, 0x6b, 0x22, 0xff, 0xc6, 0x6c, 0x23, 0xff, 0xc5, 0x6a, 0x22, 0xff, 0xc6, 0x6a, 0x22, 0xff, 
0xc7, 0x6b, 0x23, 0xff, 0xc6, 0x6a, 0x22, 0xff, 0xc8, 0x6c, 0x23, 0xff, 0xc8, 0x6c, 0x23, 0xff, 
0xc8, 0x6c, 0x23, 0xff, 0xc7, 0x6b, 0x23, 0xff, 0xc8, 0x6d, 0x23, 0xff, 0xc9, 0x6e, 0x24, 0xff, 
0xc7, 0x6b, 0x23, 0xff, 0xc6, 0x6a, 0x22, 0xff, 0xc5, 0x68, 0x22, 0xff, 0xc2, 0x65, 0x21, 0xff, 
0xc1, 0x63, 0x20, 0xff, 0xc1, 0x64, 0x20, 0xff, 0xc3, 0x65, 0x21, 0xff, 0xc2, 0x65, 0x20, 0xff, 
0xc2, 0x64, 0x20, 0xff, 0xc2, 0x65, 0x21, 0xff, 0xc3, 0x66, 0x21, 0xff, 0xc3, 0x66, 0x21, 0xff, 
0xc2, 0x65, 0x21, 0xff, 0xc2, 0x65, 0x21, 0xff, 0xc3, 0x67, 0x22, 0xff, 0xc3, 0x66, 0x21, 0xff, 
0xc2, 0x65, 0x20, 0xff, 0xc5, 0x67, 0x21, 0xff, 0xc6, 0x6a, 0x22, 0xff, 0xc8, 0x6c, 0x23, 0xff, 
0xc9, 0x6d, 0x23, 0xff, 0xc8, 0x6c, 0x23, 0xff, 0xc8, 0x6c, 0x23, 0xff, 0xc7, 0x6c, 0x24, 0xff, 
0xc8, 0x6d, 0x25, 0xff, 0xc7, 0x6d, 0x24, 0xff, 0xc7, 0x6c, 0x23, 0xff, 0xc8, 0x6b, 0x24, 0xff, 
0xc7, 0x6c, 0x23, 0xff, 0xc8, 0x6d, 0x24, 0xff, 0xc9, 0x6d, 0x24, 0xff, 0xc9, 0x6d, 0x24, 0xff, 
0xc9, 0x6d, 0x24, 0xff, 0xc8, 0x6c, 0x24, 0xff, 0xc6, 0x6c, 0x22, 0xff, 0xc8, 0x6d, 0x23, 0xff, 
0xc8, 0x6d, 0x24, 0xff, 0xc8, 0x6c, 0x23, 0xff, 0xc8, 0x6d, 0x23, 0xff, 0xca, 0x6e, 0x24, 0xff, 
0xc9, 0x6c, 0x23, 0xff, 0xc8, 0x6d, 0x23, 0xff, 0xc9, 0x6d, 0x24, 0xff, 0xc8, 0x6d, 0x23, 0xff, 
0xc8, 0x6d, 0x24, 0xff, 0xc9, 0x6d, 0x24, 0xff, 0xc8, 0x6e, 0x24, 0xff, 0xc9, 0x6f, 0x24, 0xff, 
0xc9, 0x6e, 0x24, 0xff, 0xc9, 0x6e, 0x24, 0xff, 0xca, 0x70, 0x24, 0xff, 0xcc, 0x72, 0x25, 0xff, 
0xcc, 0x72, 0x25, 0xff, 0xcd, 0x73, 0x26, 0xff, 0xcc, 0x72, 0x25, 0xff, 0xcb, 0x70, 0x24, 0xff, 
0xca, 0x6f, 0x24, 0xff, 0xc9, 0x6e, 0x25, 0xff, 0xc8, 0x6d, 0x24, 0xff, 0xc7, 0x6c, 0x23, 0xff, 
0xc8, 0x6c, 0x23, 0xff, 0xca, 0x6f, 0x24, 0xff, 0xc8, 0x6d, 0x24, 0xff, 0xc9, 0x6c, 0x24, 0xff, 
0xc9, 0x6c, 0x24, 0xff, 0xc9, 0x6d, 0x23, 0xff, 0xc9, 0x6d, 0x25, 0xff, 0xc6, 0x69, 0x23, 0xff, 
0xc6, 0x68, 0x22, 0xff, 0xc6, 0x68, 0x22, 0xff, 0xc5, 0x68, 0x22, 0xff, 0xc8, 0x6b, 0x24, 0xff, 
0xc8, 0x6b, 0x24, 0xff, 0xc9, 0x6c, 0x24, 0xff, 0xca, 0x6f, 0x24, 0xff, 0xcb, 0x6f, 0x26, 0xff, 
0xca, 0x6e, 0x24, 0xff, 0xca, 0x6e, 0x25, 0xff, 0xc9, 0x6d, 0x24, 0xff, 0xca, 0x6e, 0x24, 0xff, 
0xcc, 0x70, 0x26, 0xff, 0xca, 0x6f, 0x25, 0xff, 0xca, 0x6f, 0x25, 0xff, 0xcb, 0x6f, 0x25, 0xff, 
0xca, 0x6f, 0x26, 0xff, 0xcb, 0x71, 0x26, 0xff, 0xcd, 0x73, 0x26, 0xff, 0xca, 0x70, 0x25, 0xff, 
0xc8, 0x6c, 0x24, 0xff, 0xc6, 0x6a, 0x23, 0xff, 0xc6, 0x6a, 0x23, 0xff, 0xc8, 0x6d, 0x25, 0xff, 
0xca, 0x6e, 0x25, 0xff, 0xca, 0x6f, 0x25, 0xff, 0xcd, 0x72, 0x26, 0xff, 0xcd, 0x72, 0x26, 0xff, 
0xcc, 0x72, 0x26, 0xff, 0xcd, 0x73, 0x27, 0xff, 0xcd, 0x72, 0x27, 0xff, 0xcc, 0x72, 0x26, 0xff, 
0xca, 0x6e, 0x25, 0xff, 0xc9, 0x6c, 0x24, 0xff, 0xc7, 0x6b, 0x24, 0xff, 0xc6, 0x69, 0x23, 0xff, 
0xc7, 0x69, 0x23, 0xff, 0xc9, 0x6c, 0x24, 0xff, 0xca, 0x6e, 0x25, 0xff, 0xcb, 0x70, 0x26, 0xff, 
0xcb, 0x6f, 0x26, 0xff, 0xc8, 0x6c, 0x23, 0xff, 0xc5, 0x69, 0x22, 0xff, 0xc6, 0x6a, 0x22, 0xff, 
0xc6, 0x6a, 0x22, 0xff, 0xc6, 0x6a, 0x23, 0xff, 0xc7, 0x6a, 0x23, 0xff, 0xc5, 0x69, 0x22, 0xff, 
0xc5, 0x69, 0x22, 0xff, 0xc5, 0x69, 0x22, 0xff, 0xc5, 0x68, 0x22, 0xff, 0xc4, 0x67, 0x22, 0xff, 
0xc7, 0x6b, 0x23, 0xff, 0xc6, 0x6a, 0x22, 0xff, 0xc2, 0x65, 0x22, 0xff, 0xc3, 0x66, 0x21, 0xff, 
0xc4, 0x67, 0x22, 0xff, 0xc5, 0x68, 0x23, 0xff, 0xc6, 0x69, 0x22, 0xff, 0xc4, 0x68, 0x23, 0xff, 
0xc2, 0x66, 0x21, 0xff, 0xc1, 0x64, 0x20, 0xff, 0xc2, 0x65, 0x21, 0xff, 0xc1, 0x64, 0x21, 0xff, 
0xbf, 0x61, 0x20, 0xff, 0xbf, 0x61, 0x1f, 0xff, 0xc0, 0x63, 0x21, 0xff, 0xbf, 0x62, 0x21, 0xff, 
0xbf, 0x62, 0x20, 0xff, 0xbd, 0x60, 0x1e, 0xff, 0xc0, 0x62, 0x1f, 0xff, 0xbf, 0x62, 0x20, 0xff, 
0xbf, 0x61, 0x20, 0xff, 0xc0, 0x63, 0x20, 0xff, 0xc0, 0x64, 0x20, 0xff, 0xc1, 0x64, 0x20, 0xff, 
0xc0, 0x64, 0x20, 0xff, 0xc2, 0x65, 0x21, 0xff, 0xc3, 0x66, 0x21, 0xff, 0xc2, 0x64, 0x21, 0xff, 
0xc1, 0x64, 0x20, 0xff, 0xc2, 0x65, 0x21, 0xff, 0xc0, 0x63, 0x20, 0xff, 0xbe, 0x61, 0x20, 0xff, 
0xbf, 0x61, 0x1f, 0xff, 0xc1, 0x63, 0x20, 0xff, 0xbe, 0x60, 0x1f, 0xff, 0xbd, 0x5f, 0x1f, 0xff, 
0xc0, 0x62, 0x20, 0xff, 0xc0, 0x63, 0x21, 0xff, 0xbe, 0x60, 0x20, 0xff, 0xbc, 0x5f, 0x1f, 0xff, 
0xbe, 0x61, 0x20, 0xff, 0xbe, 0x60, 0x1f, 0xff, 0xbe, 0x60, 0x1f, 0xff, 0xbe, 0x60, 0x1f, 0xff, 
0xbf, 0x62, 0x1f, 0xff, 0xc0, 0x63, 0x20, 0xff, 0xc2, 0x64, 0x20, 0xff, 0xc1, 0x64, 0x21, 0xff, 
0xc2, 0x64, 0x20, 0xff, 0xc2, 0x65, 0x21, 0xff, 0xc2, 0x65, 0x22, 0xff, 0xc5, 0x68, 0x22, 0xff, 
0xc3, 0x66, 0x21, 0xff, 0xc2, 0x65, 0x20, 0xff, 0xc3, 0x67, 0x21, 0xff, 0xc4, 0x67, 0x22, 0xff, 
0xc3, 0x66, 0x22, 0xff, 0xc2, 0x66, 0x21, 0xff, 0xc4, 0x68, 0x22, 0xff, 0xc3, 0x65, 0x21, 0xff, 
0xc1, 0x65, 0x21, 0xff, 0xc1, 0x65, 0x21, 0xff, 0xc1, 0x64, 0x20, 0xff, 0xc1, 0x64, 0x21, 0xff, 
0xc3, 0x67, 0x21, 0xff, 0xc7, 0x6c, 0x23, 0xff, 0xc8, 0x6d, 0x24, 0xff, 0xc6, 0x6a, 0x22, 0xff, 
0xc5, 0x68, 0x22, 0xff, 0xc4, 0x68, 0x22, 0xff, 0xc4, 0x68, 0x22, 0xff, 0xc6, 0x6a, 0x22, 0xff, 
0xc8, 0x6c, 0x24, 0xff, 0xc6, 0x6a, 0x23, 0xff, 0xc7, 0x6b, 0x23, 0xff, 0xc8, 0x6e, 0x24, 0xff, 
0xcc, 0x72, 0x25, 0xff, 0xcd, 0x74, 0x27, 0xff, 0xcc, 0x72, 0x26, 0xff, 0xcc, 0x71, 0x25, 0xff, 
0xcd, 0x73, 0x26, 0xff, 0xcd, 0x73, 0x25, 0xff, 0xce, 0x74, 0x26, 0xff, 0xce, 0x74, 0x26, 0xff, 
0xcc, 0x72, 0x24, 0xff, 0xcc, 0x73, 0x26, 0xff, 0xcd, 0x73, 0x26, 0xff, 0xcd, 0x74, 0x26, 0xff, 
0xcc, 0x73, 0x26, 0xff, 0xd0, 0x77, 0x28, 0xff, 0xd0, 0x79, 0x29, 0xff, 0xce, 0x75, 0x27, 0xff, 
0xce, 0x76, 0x27, 0xff, 0xd0, 0x77, 0x28, 0xff, 0xd0, 0x77, 0x28, 0xff, 0xd1, 0x79, 0x29, 0xff, 
0xd1, 0x7a, 0x29, 0xff, 0xd0, 0x79, 0x29, 0xff, 0xcf, 0x79, 0x28, 0xff, 0xcf, 0x79, 0x28, 0xff, 
0xd0, 0x79, 0x28, 0xff, 0xd0, 0x79, 0x29, 0xff, 0xce, 0x76, 0x27, 0xff, 0xcd, 0x74, 0x26, 0xff, 
0xcd, 0x74, 0x25, 0xff, 0xce, 0x76, 0x27, 0xff, 0xcd, 0x76, 0x27, 0xff, 0xcc, 0x74, 0x26, 0xff, 
0xcb, 0x71, 0x25, 0xff, 0xcc, 0x73, 0x25, 0xff, 0xcb, 0x71, 0x25, 0xff, 0xca, 0x71, 0x24, 0xff, 
0xcb, 0x72, 0x25, 0xff, 0xcd, 0x72, 0x25, 0xff, 0xcf, 0x75, 0x27, 0xff, 0xce, 0x75, 0x26, 0xff, 
0xcc, 0x74, 0x25, 0xff, 0xcd, 0x74, 0x26, 0xff, 0xcd, 0x74, 0x26, 0xff, 0xcb, 0x72, 0x25, 0xff, 
0xcb, 0x72, 0x25, 0xff, 0xcb, 0x71, 0x25, 0xff, 0xca, 0x70, 0x24, 0xff, 0xcb, 0x72, 0x25, 0xff, 
0xca, 0x71, 0x25, 0xff, 0xcc, 0x72, 0x25, 0xff, 0xcd, 0x73, 0x26, 0xff, 0xcb, 0x71, 0x25, 0xff, 
0xcb, 0x72, 0x26, 0xff, 0xce, 0x75, 0x26, 0xff, 0xcd, 0x74, 0x25, 0xff, 0xca, 0x70, 0x25, 0xff, 
0xca, 0x6f, 0x25, 0xff, 0xcb, 0x71, 0x25, 0xff, 0xca, 0x71, 0x25, 0xff, 0xcb, 0x71, 0x25, 0xff, 
0xcd, 0x73, 0x26, 0xff, 0xcb, 0x71, 0x25, 0xff, 0xca, 0x70, 0x25, 0xff, 0xca, 0x6f, 0x24, 0xff, 
0xc8, 0x6b, 0x23, 0xff, 0xc7, 0x6b, 0x23, 0xff, 0xc7, 0x6b, 0x23, 0xff, 0xc5, 0x68, 0x22, 0xff, 
0xc6, 0x6a, 0x22, 0xff, 0xc4, 0x67, 0x22, 0xff, 0xc1, 0x64, 0x20, 0xff, 0xbf, 0x61, 0x1f, 0xff, 
0xbc, 0x5e, 0x1f, 0xff, 0xbd, 0x5f, 0x1f, 0xff, 0xc0, 0x63, 0x20, 0xff, 0xc1, 0x64, 0x20, 0xff, 
0xc1, 0x64, 0x20, 0xff, 0xc3, 0x66, 0x21, 0xff, 0xc2, 0x65, 0x20, 0xff, 0xc2, 0x64, 0x20, 0xff, 
0xc4, 0x67, 0x22, 0xff, 0xc6, 0x69, 0x22, 0xff, 0xc6, 0x69, 0x22, 0xff, 0xc4, 0x67, 0x22, 0xff, 
0xc4, 0x67, 0x22, 0xff, 0xc6, 0x6a, 0x24, 0xff, 0xc6, 0x6a, 0x22, 0xff, 0xc5, 0x69, 0x22, 0xff, 
0xc4, 0x68, 0x21, 0xff, 0xc4, 0x66, 0x21, 0xff, 0xc4, 0x68, 0x22, 0xff, 0xc5, 0x68, 0x23, 0xff, 
0xc7, 0x6c, 0x24, 0xff, 0xc7, 0x6c, 0x23, 0xff, 0xc7, 0x6c, 0x24, 0xff, 0xc7, 0x6a, 0x22, 0xff, 
0xc6, 0x68, 0x23, 0xff, 0xc4, 0x67, 0x22, 0xff, 0xc4, 0x68, 0x23, 0xff, 0xc7, 0x6c, 0x23, 0xff, 
0xc8, 0x6d, 0x23, 0xff, 0xc6, 0x6b, 0x22, 0xff, 0xc6, 0x69, 0x23, 0xff, 0xc5, 0x67, 0x22, 0xff, 
0xc5, 0x68, 0x22, 0xff, 0xc5, 0x68, 0x23, 0xff, 0xc4, 0x67, 0x22, 0xff, 0xc4, 0x66, 0x21, 0xff, 
0xc5, 0x68, 0x22, 0xff, 0xc6, 0x69, 0x23, 0xff, 0xc6, 0x69, 0x22, 0xff, 0xc6, 0x6a, 0x22, 0xff, 
0xc7, 0x6c, 0x23, 0xff, 0xc7, 0x6c, 0x23, 0xff, 0xc6, 0x6a, 0x23, 0xff, 0xc7, 0x6a, 0x23, 0xff, 
0xc7, 0x6b, 0x23, 0xff, 0xc7, 0x6a, 0x23, 0xff, 0xc9, 0x6d, 0x24, 0xff, 0xc8, 0x6b, 0x24, 0xff, 
0xc6, 0x69, 0x23, 0xff, 0xc9, 0x6c, 0x23, 0xff, 0xc7, 0x6b, 0x24, 0xff, 0xc4, 0x66, 0x21, 0xff, 
0xc4, 0x66, 0x21, 0xff, 0xc4, 0x67, 0x22, 0xff, 0xc5, 0x67, 0x22, 0xff, 0xc5, 0x68, 0x23, 0xff, 
0xc5, 0x69, 0x22, 0xff, 0xc7, 0x69, 0x23, 0xff, 0xc6, 0x68, 0x23, 0xff, 0xc6, 0x69, 0x23, 0xff, 
0xc6, 0x69, 0x22, 0xff, 0xc6, 0x6a, 0x23, 0xff, 0xca, 0x6f, 0x26, 0xff, 0xcb, 0x71, 0x27, 0xff, 
0xcc, 0x71, 0x26, 0xff, 0xcc, 0x73, 0x26, 0xff, 0xcd, 0x72, 0x26, 0xff, 0xcc, 0x72, 0x25, 0xff, 
0xcd, 0x72, 0x26, 0xff, 0xcb, 0x71, 0x24, 0xff, 0xca, 0x6f, 0x24, 0xff, 0xc9, 0x6d, 0x24, 0xff, 
0xc7, 0x6b, 0x24, 0xff, 0xc8, 0x6c, 0x24, 0xff, 0xc8, 0x6c, 0x24, 0xff, 0xc7, 0x6b, 0x23, 0xff, 
0xc7, 0x6b, 0x23, 0xff, 0xc8, 0x6b, 0x23, 0xff, 0xc8, 0x6b, 0x24, 0xff, 0xca, 0x6d, 0x24, 0xff, 
0xca, 0x6e, 0x26, 0xff, 0xc9, 0x6d, 0x24, 0xff, 0xc8, 0x6d, 0x24, 0xff, 0xc9, 0x6d, 0x24, 0xff, 
0xc8, 0x6b, 0x24, 0xff, 0xc8, 0x6c, 0x24, 0xff, 0xc8, 0x6d, 0x24, 0xff, 0xc8, 0x6d, 0x24, 0xff, 
0xc6, 0x6a, 0x23, 0xff, 0xc5, 0x68, 0x22, 0xff, 0xc6, 0x69, 0x23, 0xff, 0xc7, 0x6a, 0x23, 0xff, 
0xc6, 0x69, 0x23, 0xff, 0xc8, 0x6c, 0x24, 0xff, 0xc8, 0x6a, 0x23, 0xff, 0xc7, 0x69, 0x23, 0xff, 
0xc5, 0x68, 0x22, 0xff, 0xc4, 0x67, 0x21, 0xff, 0xc5, 0x69, 0x22, 0xff, 0xc5, 0x68, 0x22, 0xff, 
0xc5, 0x67, 0x22, 0xff, 0xc3, 0x66, 0x22, 0xff, 0xc3, 0x67, 0x21, 0xff, 0xc7, 0x6b, 0x23, 0xff, 
0xc9, 0x6d, 0x24, 0xff, 0xc7, 0x6a, 0x23, 0xff, 0xc7, 0x6a, 0x23, 0xff, 0xc5, 0x68, 0x22, 0xff, 
0xc6, 0x6a, 0x23, 0xff, 0xc7, 0x6a, 0x23, 0xff, 0xc4, 0x67, 0x22, 0xff, 0xc1, 0x64, 0x20, 0xff, 
0xc1, 0x64, 0x20, 0xff, 0xc2, 0x65, 0x21, 0xff, 0xc2, 0x65, 0x21, 0xff, 0xc2, 0x65, 0x21, 0xff, 
0xc0, 0x63, 0x20, 0xff, 0xc0, 0x63, 0x20, 0xff, 0xc1, 0x64, 0x20, 0xff, 0xc1, 0x64, 0x21, 0xff, 
0xc2, 0x66, 0x20, 0xff, 0xc4, 0x67, 0x21, 0xff, 0xc2, 0x64, 0x20, 0xff, 0xbd, 0x5f, 0x1f, 0xff, 
0xbc, 0x5e, 0x1f, 0xff, 0xbb, 0x5d, 0x1e, 0xff, 0xbc, 0x5f, 0x1e, 0xff, 0xbd, 0x5f, 0x1e, 0xff, 
0xbb, 0x5d, 0x1e, 0xff, 0xbc, 0x5e, 0x1e, 0xff, 0xbd, 0x5f, 0x1e, 0xff, 0xbe, 0x61, 0x20, 0xff, 
0xbd, 0x60, 0x20, 0xff, 0xb9, 0x5c, 0x1d, 0xff, 0xba, 0x5c, 0x1e, 0xff, 0xbd, 0x5f, 0x1f, 0xff, 
0xbe, 0x60, 0x1f, 0xff, 0xbe, 0x60, 0x1f, 0xff, 0xc0, 0x63, 0x20, 0xff, 0xc1, 0x64, 0x20, 0xff, 
0xc3, 0x66, 0x21, 0xff, 0xc3, 0x66, 0x22, 0xff, 0xc5, 0x68, 0x22, 0xff, 0xc7, 0x6b, 0x22, 0xff, 
0xcb, 0x70, 0x26, 0xff, 0xcd, 0x73, 0x27, 0xff, 0xcd, 0x72, 0x26, 0xff, 0xcc, 0x70, 0x26, 0xff, 
0xca, 0x6e, 0x25, 0xff, 0xc8, 0x6c, 0x24, 0xff, 0xc8, 0x6c, 0x24, 0xff, 0xc6, 0x69, 0x22, 0xff, 
0xc5, 0x68, 0x22, 0xff, 0xc6, 0x69, 0x22, 0xff, 0xc6, 0x69, 0x22, 0xff, 0xc8, 0x6b, 0x24, 0xff, 
0xc7, 0x6a, 0x24, 0xff, 0xc7, 0x6a, 0x23, 0xff, 0xca, 0x6e, 0x25, 0xff, 0xcd, 0x72, 0x26, 0xff, 
0xcf, 0x73, 0x27, 0xff, 0xce, 0x73, 0x27, 0xff, 0xcb, 0x71, 0x26, 0xff, 0xcc, 0x72, 0x27, 0xff, 
0xcb, 0x6f, 0x26, 0xff, 0xcb, 0x6f, 0x25, 0xff, 0xcd, 0x73, 0x27, 0xff, 0xcb, 0x70, 0x25, 0xff, 
0xc9, 0x6e, 0x25, 0xff, 0xc8, 0x6c, 0x24, 0xff, 0xc5, 0x69, 0x22, 0xff, 0xc1, 0x63, 0x21, 0xff, 
0xc1, 0x63, 0x20, 0xff, 0xc2, 0x64, 0x21, 0xff, 0xc3, 0x65, 0x21, 0xff, 0xc2, 0x65, 0x20, 0xff, 
0xc2, 0x65, 0x20, 0xff, 0xc2, 0x64, 0x20, 0xff, 0xc0, 0x63, 0x20, 0xff, 0xc1, 0x63, 0x20, 0xff, 
0xc3, 0x66, 0x21, 0xff, 0xc5, 0x68, 0x22, 0xff, 0xc7, 0x6b, 0x24, 0xff, 0xc5, 0x69, 0x23, 0xff, 
0xc7, 0x6c, 0x24, 0xff, 0xca, 0x6f, 0x25, 0xff, 0xcb, 0x72, 0x25, 0xff, 0xcf, 0x76, 0x27, 0xff, 
0xcf, 0x75, 0x27, 0xff, 0xcf, 0x75, 0x26, 0xff, 0xd0, 0x76, 0x28, 0xff, 0xd0, 0x77, 0x28, 0xff, 
0xcf, 0x76, 0x28, 0xff, 0xcf, 0x76, 0x28, 0xff, 0xcf, 0x75, 0x28, 0xff, 0xd0, 0x77, 0x29, 0xff, 
0xd0, 0x78, 0x29, 0xff, 0xd0, 0x78, 0x28, 0xff, 0xd0, 0x79, 0x29, 0xff, 0xd1, 0x79, 0x29, 0xff, 
0xd0, 0x77, 0x28, 0xff, 0xcf, 0x77, 0x28, 0xff, 0xd0, 0x79, 0x29, 0xff, 0xcf, 0x77, 0x28, 0xff, 
0xcf, 0x78, 0x28, 0xff, 0xd1, 0x7a, 0x2a, 0xff, 0xd0, 0x7a, 0x29, 0xff, 0xcf, 0x77, 0x28, 0xff, 
0xcd, 0x75, 0x27, 0xff, 0xcc, 0x74, 0x26, 0xff, 0xcd, 0x73, 0x26, 0xff, 0xcb, 0x71, 0x25, 0xff, 
0xca, 0x70, 0x23, 0xff, 0xcb, 0x70, 0x24, 0xff, 0xcb, 0x71, 0x25, 0xff, 0xc8, 0x6d, 0x23, 0xff, 
0xc5, 0x6a, 0x22, 0xff, 0xc8, 0x6d, 0x23, 0xff, 0xc6, 0x6c, 0x22, 0xff, 0xc6, 0x6b, 0x22, 0xff, 
0xc8, 0x6d, 0x23, 0xff, 0xc8, 0x6d, 0x23, 0xff, 0xc6, 0x6c, 0x23, 0xff, 0xc4, 0x69, 0x22, 0xff, 
0xc4, 0x69, 0x22, 0xff, 0xc6, 0x6c, 0x22, 0xff, 0xc9, 0x6f, 0x24, 0xff, 0xc9, 0x6f, 0x24, 0xff, 
0xc8, 0x6e, 0x24, 0xff, 0xc6, 0x6b, 0x23, 0xff, 0xc8, 0x6d, 0x22, 0xff, 0xca, 0x70, 0x23, 0xff, 
0xca, 0x6f, 0x24, 0xff, 0xc9, 0x6f, 0x24, 0xff, 0xcc, 0x73, 0x25, 0xff, 0xcc, 0x73, 0x26, 0xff, 
0xce, 0x75, 0x27, 0xff, 0xd0, 0x78, 0x28, 0xff, 0xce, 0x76, 0x28, 0xff, 0xce, 0x75, 0x27, 0xff, 
0xcc, 0x72, 0x26, 0xff, 0xce, 0x74, 0x27, 0xff, 0xcd, 0x72, 0x26, 0xff, 0xcb, 0x71, 0x25, 0xff, 
0xce, 0x75, 0x27, 0xff, 0xcf, 0x76, 0x27, 0xff, 0xcf, 0x76, 0x29, 0xff, 0xcf, 0x75, 0x28, 0xff, 
0xcf, 0x75, 0x27, 0xff, 0xcf, 0x77, 0x27, 0xff, 0xcd, 0x73, 0x26, 0xff, 0xcc, 0x71, 0x25, 0xff, 
0xce, 0x74, 0x26, 0xff, 0xce, 0x73, 0x27, 0xff, 0xca, 0x6f, 0x25, 0xff, 0xc9, 0x6e, 0x24, 0xff, 
0xc9, 0x6c, 0x24, 0xff, 0xc6, 0x69, 0x22, 0xff, 0xc4, 0x67, 0x22, 0xff, 0xc4, 0x67, 0x22, 0xff, 
0xc4, 0x67, 0x22, 0xff, 0xc4, 0x67, 0x22, 0xff, 0xc1, 0x64, 0x20, 0xff, 0xc1, 0x64, 0x21, 0xff, 
0xc5, 0x69, 0x23, 0xff, 0xc5, 0x68, 0x22, 0xff, 0xc4, 0x68, 0x22, 0xff, 0xc7, 0x6a, 0x23, 0xff, 
0xc6, 0x69, 0x22, 0xff, 0xc5, 0x69, 0x22, 0xff, 0xc6, 0x6a, 0x23, 0xff, 0xc5, 0x68, 0x22, 0xff, 
0xc5, 0x67, 0x22, 0xff, 0xc5, 0x68, 0x22, 0xff, 0xc3, 0x66, 0x21, 0xff, 0xc8, 0x6c, 0x23, 0xff, 
0xca, 0x6f, 0x24, 0xff, 0xc7, 0x6b, 0x23, 0xff, 0xc8, 0x6c, 0x24, 0xff, 0xc8, 0x6b, 0x24, 0xff, 
0xc6, 0x69, 0x23, 0xff, 0xc5, 0x68, 0x23, 0xff, 0xc6, 0x6a, 0x22, 0xff, 0xc7, 0x6d, 0x23, 0xff, 
0xc7, 0x6c, 0x24, 0xff, 0xc6, 0x6a, 0x23, 0xff, 0xc6, 0x6b, 0x23, 0xff, 0xc7, 0x6c, 0x23, 0xff, 
0xc9, 0x6d, 0x24, 0xff, 0xc9, 0x6d, 0x24, 0xff, 0xc9, 0x6d, 0x25, 0xff, 0xc7, 0x6a, 0x23, 0xff, 
0xc7, 0x6c, 0x22, 0xff, 0xc7, 0x6d, 0x24, 0xff, 0xc7, 0x6b, 0x23, 0xff, 0xc8, 0x6b, 0x24, 0xff, 
0xc7, 0x6a, 0x24, 0xff, 0xc6, 0x68, 0x22, 0xff, 0xc5, 0x68, 0x22, 0xff, 0xc6, 0x68, 0x23, 0xff, 
0xc4, 0x67, 0x22, 0xff, 0xc4, 0x66, 0x21, 0xff, 0xc5, 0x68, 0x23, 0xff, 0xc6, 0x69, 0x23, 0xff, 
0xc5, 0x69, 0x23, 0xff, 0xc6, 0x69, 0x23, 0xff, 0xc6, 0x6a, 0x22, 0xff, 0xc5, 0x69, 0x22, 0xff, 
0xc5, 0x69, 0x22, 0xff, 0xc5, 0x69, 0x23, 0xff, 0xc6, 0x6a, 0x22, 0xff, 0xc7, 0x6b, 0x23, 0xff, 
0xc8, 0x6c, 0x24, 0xff, 0xc7, 0x6a, 0x23, 0xff, 0xc8, 0x6c, 0x24, 0xff, 0xc8, 0x6c, 0x24, 0xff, 
0xc8, 0x6d, 0x23, 0xff, 0xca, 0x6f, 0x25, 0xff, 0xc9, 0x6e, 0x25, 0xff, 0xc8, 0x6d, 0x24, 0xff, 
0xc9, 0x6e, 0x24, 0xff, 0xc8, 0x6d, 0x23, 0xff, 0xc8, 0x6c, 0x24, 0xff, 0xc8, 0x6c, 0x23, 0xff, 
0xc7, 0x6b, 0x22, 0xff, 0xc6, 0x6a, 0x23, 0xff, 0xc7, 0x6b, 0x24, 0xff, 0xc9, 0x6d, 0x24, 0xff, 
0xc8, 0x6c, 0x24, 0xff, 0xc7, 0x6a, 0x23, 0xff, 0xc6, 0x69, 0x23, 0xff, 0xc6, 0x69, 0x23, 0xff, 
0xc4, 0x67, 0x21, 0xff, 0xc6, 0x69, 0x22, 0xff, 0xcc, 0x70, 0x25, 0xff, 0xcc, 0x6f, 0x25, 0xff, 
0xca, 0x6e, 0x24, 0xff, 0xca, 0x6d, 0x25, 0xff, 0xc8, 0x6c, 0x24, 0xff, 0xc9, 0x6e, 0x24, 0xff, 
0xca, 0x6f, 0x25, 0xff, 0xc9, 0x6f, 0x25, 0xff, 0xc7, 0x6c, 0x24, 0xff, 0xc7, 0x6c, 0x24, 0xff, 
0xc6, 0x68, 0x22, 0xff, 0xc3, 0x66, 0x21, 0xff, 0xc5, 0x68, 0x22, 0xff, 0xc6, 0x6a, 0x23, 0xff, 
0xc5, 0x68, 0x22, 0xff, 0xc1, 0x64, 0x20, 0xff, 0xc2, 0x64, 0x20, 0xff, 0xc4, 0x65, 0x21, 0xff, 
0xc4, 0x66, 0x21, 0xff, 0xc8, 0x6b, 0x23, 0xff, 0xcb, 0x70, 0x25, 0xff, 0xca, 0x6d, 0x24, 0xff, 
0xc5, 0x67, 0x22, 0xff, 0xc0, 0x62, 0x20, 0xff, 0xc0, 0x63, 0x1f, 0xff, 0xc1, 0x63, 0x1f, 0xff, 
0xc1, 0x64, 0x21, 0xff, 0xc1, 0x64, 0x21, 0xff, 0xc1, 0x63, 0x20, 0xff, 0xc2, 0x64, 0x21, 0xff, 
0xc0, 0x63, 0x20, 0xff, 0xc2, 0x64, 0x20, 0xff, 0xc5, 0x68, 0x22, 0xff, 0xc4, 0x67, 0x22, 0xff, 
0xc6, 0x6a, 0x23, 0xff, 0xc6, 0x6b, 0x22, 0xff, 0xc6, 0x6b, 0x22, 0xff, 0xc6, 0x6b, 0x23, 0xff, 
0xc8, 0x6d, 0x24, 0xff, 0xc8, 0x6d, 0x24, 0xff, 0xc5, 0x6a, 0x23, 0xff, 0xc8, 0x6e, 0x24, 0xff, 
0xc9, 0x70, 0x24, 0xff, 0xc8, 0x6d, 0x23, 0xff, 0xc6, 0x6a, 0x23, 0xff, 0xc5, 0x68, 0x22, 0xff, 
0xc2, 0x65, 0x21, 0xff, 0xc4, 0x68, 0x22, 0xff, 0xc5, 0x6a, 0x22, 0xff, 0xc4, 0x68, 0x21, 0xff, 
0xc6, 0x6a, 0x22, 0xff, 0xc6, 0x6a, 0x22, 0xff, 0xc3, 0x66, 0x21, 0xff, 0xc1, 0x63, 0x20, 0xff, 
0xc1, 0x65, 0x21, 0xff, 0xbf, 0x62, 0x1f, 0xff, 0xc0, 0x64, 0x21, 0xff, 0xc3, 0x66, 0x21, 0xff, 
0xc2, 0x64, 0x20, 0xff, 0xbf, 0x63, 0x20, 0xff, 0xc4, 0x67, 0x21, 0xff, 0xc6, 0x6a, 0x22, 0xff, 
0xc5, 0x68, 0x22, 0xff, 0xc8, 0x6c, 0x24, 0xff, 0xcf, 0x75, 0x27, 0xff, 0xd0, 0x77, 0x27, 0xff, 
0xcc, 0x72, 0x26, 0xff, 0xcd, 0x72, 0x27, 0xff, 0xd0, 0x77, 0x27, 0xff, 0xd1, 0x78, 0x28, 0xff, 
0xce, 0x74, 0x27, 0xff, 0xcc, 0x72, 0x26, 0xff, 0xc8, 0x6e, 0x25, 0xff, 0xc9, 0x6d, 0x24, 0xff, 
0xc6, 0x6a, 0x23, 0xff, 0xc4, 0x68, 0x21, 0xff, 0xc8, 0x6b, 0x23, 0xff, 0xc5, 0x69, 0x23, 0xff, 
0xc1, 0x64, 0x21, 0xff, 0xc7, 0x69, 0x23, 0xff, 0xca, 0x6f, 0x25, 0xff, 0xcc, 0x71, 0x25, 0xff, 
0xcc, 0x70, 0x24, 0xff, 0xca, 0x6d, 0x24, 0xff, 0xcb, 0x6f, 0x26, 0xff, 0xc8, 0x6d, 0x24, 0xff, 
0xc5, 0x68, 0x22, 0xff, 0xc7, 0x6b, 0x23, 0xff, 0xc6, 0x69, 0x22, 0xff, 0xc6, 0x6a, 0x22, 0xff, 
0xc8, 0x6d, 0x24, 0xff, 0xc4, 0x68, 0x22, 0xff, 0xc3, 0x66, 0x22, 0xff, 0xbf, 0x64, 0x21, 0xff, 
0xbb, 0x60, 0x1f, 0xff, 0xbe, 0x62, 0x20, 0xff, 0xbf, 0x61, 0x1f, 0xff, 0xbd, 0x60, 0x1f, 0xff, 
0xc0, 0x63, 0x20, 0xff, 0xc2, 0x66, 0x21, 0xff, 0xc6, 0x6a, 0x23, 0xff, 0xc9, 0x6d, 0x24, 0xff, 
0xcd, 0x73, 0x26, 0xff, 0xcf, 0x76, 0x28, 0xff, 0xcf, 0x74, 0x27, 0xff, 0xce, 0x73, 0x26, 0xff, 
0xcd, 0x71, 0x26, 0xff, 0xcb, 0x70, 0x25, 0xff, 0xcc, 0x73, 0x25, 0xff, 0xce, 0x74, 0x27, 0xff, 
0xce, 0x75, 0x27, 0xff, 0xcf, 0x76, 0x27, 0xff, 0xd0, 0x76, 0x28, 0xff, 0xcf, 0x75, 0x28, 0xff, 
0xd0, 0x76, 0x28, 0xff, 0xcf, 0x76, 0x28, 0xff, 0xcd, 0x73, 0x25, 0xff, 0xcd, 0x73, 0x27, 0xff, 
0xcd, 0x73, 0x26, 0xff, 0xcd, 0x73, 0x26, 0xff, 0xce, 0x73, 0x26, 0xff, 0xcb, 0x6f, 0x24, 0xff, 
0xc8, 0x6b, 0x22, 0xff, 0xc8, 0x6d, 0x24, 0xff, 0xca, 0x71, 0x25, 0xff, 0xca, 0x6f, 0x24, 0xff, 
0xc9, 0x6d, 0x23, 0xff, 0xcd, 0x72, 0x25, 0xff, 0xce, 0x73, 0x26, 0xff, 0xca, 0x6e, 0x24, 0xff, 
0xc8, 0x6c, 0x24, 0xff, 0xcb, 0x70, 0x25, 0xff, 0xcd, 0x72, 0x25, 0xff, 0xc7, 0x6c, 0x23, 0xff, 
0xc8, 0x6d, 0x23, 0xff, 0xc8, 0x6c, 0x23, 0xff, 0xcb, 0x72, 0x25, 0xff, 0xcc, 0x74, 0x26, 0xff, 
0xc9, 0x70, 0x24, 0xff, 0xc7, 0x6c, 0x22, 0xff, 0xc4, 0x68, 0x21, 0xff, 0xc4, 0x6a, 0x23, 0xff, 
0xc4, 0x69, 0x22, 0xff, 0xc0, 0x65, 0x20, 0xff, 0xbf, 0x63, 0x20, 0xff, 0xc5, 0x6a, 0x23, 0xff, 
0xc7, 0x6c, 0x24, 0xff, 0xca, 0x6f, 0x24, 0xff, 0xca, 0x70, 0x25, 0xff, 0xcb, 0x70, 0x25, 0xff, 
0xcc, 0x71, 0x25, 0xff, 0xc9, 0x6d, 0x24, 0xff, 0xc9, 0x6d, 0x24, 0xff, 0xca, 0x6f, 0x25, 0xff, 
0xc8, 0x6b, 0x23, 0xff, 0xc6, 0x69, 0x22, 0xff, 0xc6, 0x6a, 0x23, 0xff, 0xc7, 0x6b, 0x23, 0xff, 
0xc6, 0x69, 0x23, 0xff, 0xc6, 0x69, 0x22, 0xff, 0xc9, 0x6d, 0x24, 0xff, 0xca, 0x6e, 0x25, 0xff, 
0xc8, 0x6c, 0x24, 0xff, 0xc6, 0x69, 0x22, 0xff, 0xc8, 0x6b, 0x23, 0xff, 0xc8, 0x6c, 0x24, 0xff, 
0xc8, 0x6c, 0x24, 0xff, 0xc9, 0x6e, 0x24, 0xff, 0xc9, 0x6d, 0x24, 0xff, 0xc8, 0x6d, 0x24, 0xff, 
0xcb, 0x71, 0x26, 0xff, 0xcb, 0x70, 0x25, 0xff, 0xcb, 0x70, 0x25, 0xff, 0xc9, 0x6f, 0x24, 0xff, 
0xca, 0x6f, 0x25, 0xff, 0xca, 0x6f, 0x25, 0xff, 0xc9, 0x6e, 0x24, 0xff, 0xc9, 0x6e, 0x24, 0xff, 
0xca, 0x6f, 0x25, 0xff, 0xc9, 0x6e, 0x25, 0xff, 0xc8, 0x6d, 0x24, 0xff, 0xc7, 0x6b, 0x23, 0xff, 
0xc7, 0x6a, 0x23, 0xff, 0xc6, 0x6a, 0x23, 0xff, 0xc6, 0x69, 0x23, 0xff, 0xc6, 0x6a, 0x23, 0xff, 
0xc7, 0x6b, 0x24, 0xff, 0xc6, 0x69, 0x23, 0xff, 0xc5, 0x67, 0x22, 0xff, 0xc7, 0x6a, 0x23, 0xff, 
0xca, 0x6f, 0x25, 0xff, 0xc9, 0x6d, 0x24, 0xff, 0xc8, 0x6d, 0x24, 0xff, 0xc8, 0x6c, 0x23, 0xff, 
0xc6, 0x6a, 0x23, 0xff, 0xc8, 0x6d, 0x24, 0xff, 0xc9, 0x6e, 0x24, 0xff, 0xc8, 0x6d, 0x24, 0xff, 
0xc8, 0x6d, 0x23, 0xff, 0xcb, 0x71, 0x25, 0xff, 0xcb, 0x70, 0x26, 0xff, 0xcb, 0x70, 0x25, 0xff, 
0xcc, 0x72, 0x25, 0xff, 0xce, 0x75, 0x28, 0xff, 0xce, 0x73, 0x26, 0xff, 0xcd, 0x71, 0x25, 0xff, 
0xce, 0x74, 0x28, 0xff, 0xce, 0x74, 0x26, 0xff, 0xcc, 0x71, 0x25, 0xff, 0xcb, 0x70, 0x24, 0xff, 
0xca, 0x6f, 0x23, 0xff, 0xc9, 0x6e, 0x23, 0xff, 0xc7, 0x6b, 0x23, 0xff, 0xc9, 0x6c, 0x24, 0xff, 
0xc9, 0x6d, 0x24, 0xff, 0xc9, 0x6d, 0x25, 0xff, 0xc9, 0x6f, 0x25, 0xff, 0xc9, 0x6f, 0x25, 0xff, 
0xcb, 0x6f, 0x25, 0xff, 0xcb, 0x70, 0x25, 0xff, 0xc8, 0x6c, 0x24, 0xff, 0xc7, 0x6b, 0x24, 0xff, 
0xc8, 0x6d, 0x24, 0xff, 0xca, 0x6f, 0x25, 0xff, 0xc9, 0x6d, 0x23, 0xff, 0xca, 0x6f, 0x24, 0xff, 
0xc9, 0x6e, 0x23, 0xff, 0xca, 0x6f, 0x25, 0xff, 0xce, 0x74, 0x26, 0xff, 0xce, 0x75, 0x26, 0xff, 
0xcc, 0x73, 0x25, 0xff, 0xcd, 0x73, 0x26, 0xff, 0xca, 0x70, 0x25, 0xff, 0xc9, 0x6f, 0x24, 0xff, 
0xc8, 0x6d, 0x24, 0xff, 0xc8, 0x6e, 0x25, 0xff, 0xcd, 0x72, 0x25, 0xff, 0xce, 0x74, 0x25, 0xff, 
0xcd, 0x72, 0x25, 0xff, 0xce, 0x74, 0x26, 0xff, 0xcd, 0x74, 0x25, 0xff, 0xca, 0x6e, 0x25, 0xff, 
0xc6, 0x69, 0x23, 0xff, 0xc5, 0x68, 0x22, 0xff, 0xc7, 0x6a, 0x23, 0xff, 0xc8, 0x6b, 0x24, 0xff, 
0xc7, 0x69, 0x23, 0xff, 0xc6, 0x69, 0x24, 0xff, 0xc8, 0x6b, 0x24, 0xff, 0xc6, 0x6a, 0x23, 0xff, 
0xc5, 0x68, 0x21, 0xff, 0xc5, 0x69, 0x22, 0xff, 0xc4, 0x67, 0x22, 0xff, 0xc2, 0x64, 0x20, 0xff, 
0xc5, 0x68, 0x22, 0xff, 0xc8, 0x6d, 0x23, 0xff, 0xc8, 0x6c, 0x24, 0xff, 0xc7, 0x6b, 0x23, 0xff, 
0xc9, 0x6d, 0x25, 0xff, 0xc8, 0x6c, 0x24, 0xff, 0xca, 0x6e, 0x25, 0xff, 0xca, 0x6f, 0x25, 0xff, 
0xc6, 0x6b, 0x23, 0xff, 0xc7, 0x6a, 0x22, 0xff, 0xc7, 0x6a, 0x22, 0xff, 0xc7, 0x6a, 0x24, 0xff, 
0xc7, 0x6b, 0x24, 0xff, 0xc5, 0x69, 0x23, 0xff, 0xc4, 0x67, 0x22, 0xff, 0xc2, 0x65, 0x21, 0xff, 
0xc0, 0x62, 0x20, 0xff, 0xbe, 0x62, 0x1f, 0xff, 0xc1, 0x66, 0x22, 0xff, 0xc5, 0x6a, 0x23, 0xff, 
0xc5, 0x69, 0x22, 0xff, 0xc2, 0x65, 0x21, 0xff, 0xc0, 0x63, 0x20, 0xff, 0xbe, 0x60, 0x1f, 0xff, 
0xbe, 0x61, 0x1f, 0xff, 0xc3, 0x66, 0x21, 0xff, 0xc5, 0x68, 0x22, 0xff, 0xc6, 0x6b, 0x22, 0xff, 
0xc8, 0x6d, 0x24, 0xff, 0xc8, 0x6c, 0x24, 0xff, 0xc9, 0x6e, 0x23, 0xff, 0xcb, 0x72, 0x24, 0xff, 
0xcb, 0x71, 0x25, 0xff, 0xcd, 0x74, 0x27, 0xff, 0xd1, 0x79, 0x29, 0xff, 0xd3, 0x7b, 0x2b, 0xff, 
0xd4, 0x7d, 0x2c, 0xff, 0xd4, 0x7e, 0x2c, 0xff, 0xd1, 0x7a, 0x29, 0xff, 0xcd, 0x74, 0x26, 0xff, 
0xd0, 0x77, 0x27, 0xff, 0xd1, 0x78, 0x28, 0xff, 0xcf, 0x77, 0x28, 0xff, 0xd3, 0x7c, 0x2a, 0xff, 
0xd2, 0x7c, 0x2b, 0xff, 0xcf, 0x77, 0x28, 0xff, 0xcd, 0x74, 0x27, 0xff, 0xcd, 0x73, 0x25, 0xff, 
0xc9, 0x6f, 0x24, 0xff, 0xc8, 0x6d, 0x24, 0xff, 0xcb, 0x70, 0x25, 0xff, 0xc9, 0x6f, 0x24, 0xff, 
0xc9, 0x6c, 0x24, 0xff, 0xca, 0x6d, 0x25, 0xff, 0xc6, 0x69, 0x23, 0xff, 0xbb, 0x5f, 0x1d, 0xff, 
0xb8, 0x5c, 0x1d, 0xff, 0xbd, 0x60, 0x20, 0xff, 0xc5, 0x69, 0x22, 0xff, 0xca, 0x6e, 0x24, 0xff, 
0xcc, 0x71, 0x25, 0xff, 0xca, 0x6f, 0x24, 0xff, 0xcb, 0x71, 0x25, 0xff, 0xcf, 0x75, 0x28, 0xff, 
0xcd, 0x72, 0x26, 0xff, 0xcb, 0x70, 0x24, 0xff, 0xcb, 0x70, 0x25, 0xff, 0xc8, 0x6c, 0x24, 0xff, 
0xc5, 0x69, 0x22, 0xff, 0xc5, 0x68, 0x21, 0xff, 0xc8, 0x6b, 0x23, 0xff, 0xca, 0x6e, 0x25, 0xff, 
0xc9, 0x6d, 0x23, 0xff, 0xc8, 0x6c, 0x23, 0xff, 0xc6, 0x6a, 0x22, 0xff, 0xc3, 0x67, 0x21, 0xff, 
0xc1, 0x64, 0x20, 0xff, 0xc0, 0x63, 0x20, 0xff, 0xc2, 0x65, 0x21, 0xff, 0xc2, 0x66, 0x21, 0xff, 
0xc2, 0x65, 0x20, 0xff, 0xc0, 0x63, 0x21, 0xff, 0xbe, 0x60, 0x1e, 0xff, 0xb9, 0x5b, 0x1d, 0xff, 
0xb2, 0x56, 0x1b, 0xff, 0xb4, 0x58, 0x1c, 0xff, 0xbd, 0x60, 0x20, 0xff, 0xc0, 0x64, 0x20, 0xff, 
0xc4, 0x67, 0x22, 0xff, 0xc4, 0x67, 0x22, 0xff, 0xc2, 0x64, 0x20, 0xff, 0xc2, 0x65, 0x20, 0xff, 
0xc2, 0x65, 0x21, 0xff, 0xc2, 0x64, 0x20, 0xff, 0xc3, 0x67, 0x22, 0xff, 0xc3, 0x67, 0x22, 0xff, 
0xc2, 0x67, 0x22, 0xff, 0xc4, 0x68, 0x23, 0xff, 0xc2, 0x65, 0x21, 0xff, 0xbd, 0x60, 0x1f, 0xff, 
0xbb, 0x5d, 0x1e, 0xff, 0xbc, 0x5f, 0x1f, 0xff, 0xc3, 0x65, 0x21, 0xff, 0xc4, 0x67, 0x22, 0xff, 
0xc5, 0x68, 0x22, 0xff, 0xc7, 0x6b, 0x23, 0xff, 0xcb, 0x71, 0x25, 0xff, 0xd0, 0x77, 0x28, 0xff, 
0xd0, 0x77, 0x28, 0xff, 0xcf, 0x75, 0x27, 0xff, 0xcf, 0x76, 0x28, 0xff, 0xce, 0x74, 0x27, 0xff, 
0xcf, 0x75, 0x27, 0xff, 0xcf, 0x75, 0x27, 0xff, 0xcf, 0x75, 0x27, 0xff, 0xd0, 0x75, 0x28, 0xff, 
0xd0, 0x76, 0x28, 0xff, 0xcf, 0x78, 0x29, 0xff, 0xcf, 0x77, 0x28, 0xff, 0xce, 0x75, 0x27, 0xff, 
0xca, 0x70, 0x25, 0xff, 0xc6, 0x6c, 0x23, 0xff, 0xc9, 0x6e, 0x24, 0xff, 0xcb, 0x72, 0x26, 0xff, 
0xcb, 0x74, 0x27, 0xff, 0xcf, 0x78, 0x29, 0xff, 0xce, 0x76, 0x28, 0xff, 0xcd, 0x75, 0x28, 0xff, 
0xce, 0x78, 0x2a, 0xff, 0xca, 0x74, 0x28, 0xff, 0xcb, 0x73, 0x27, 0xff, 0xcc, 0x74, 0x28, 0xff, 
0xcd, 0x75, 0x28, 0xff, 0xce, 0x76, 0x29, 0xff, 0xcf, 0x77, 0x28, 0xff, 0xce, 0x75, 0x27, 0xff, 
0xcd, 0x73, 0x27, 0xff, 0xce, 0x74, 0x27, 0xff, 0xce, 0x75, 0x27, 0xff, 0xd1, 0x7c, 0x2a, 0xff, 
0xcd, 0x74, 0x26, 0xff, 0xc5, 0x69, 0x22, 0xff, 0xcb, 0x71, 0x25, 0xff, 0xc9, 0x6f, 0x25, 0xff, 
0xc5, 0x68, 0x22, 0xff, 0xc4, 0x67, 0x21, 0xff, 0xc2, 0x65, 0x21, 0xff, 0xc2, 0x64, 0x20, 0xff, 
0xc1, 0x64, 0x21, 0xff, 0xc2, 0x65, 0x20, 0xff, 0xc2, 0x66, 0x20, 0xff, 0xc1, 0x63, 0x21, 0xff, 
0xc3, 0x65, 0x22, 0xff, 0xc5, 0x69, 0x22, 0xff, 0xc4, 0x67, 0x22, 0xff, 0xc6, 0x6a, 0x23, 0xff, 
0xc9, 0x6e, 0x25, 0xff, 0xc4, 0x69, 0x23, 0xff, 0xc5, 0x68, 0x23, 0xff, 0xc9, 0x6c, 0x24, 0xff, 
0xc9, 0x6d, 0x24, 0xff, 0xc5, 0x6a, 0x23, 0xff, 0xc6, 0x6a, 0x23, 0xff, 0xc7, 0x6b, 0x24, 0xff, 
0xc8, 0x6d, 0x23, 0xff, 0xc6, 0x69, 0x22, 0xff, 0xc5, 0x68, 0x23, 0xff, 0xc7, 0x6b, 0x23, 0xff, 
0xc5, 0x68, 0x22, 0xff, 0xc3, 0x65, 0x21, 0xff, 0xc6, 0x69, 0x22, 0xff, 0xc6, 0x69, 0x23, 0xff, 
0xc4, 0x67, 0x22, 0xff, 0xc5, 0x68, 0x22, 0xff, 0xc5, 0x68, 0x22, 0xff, 0xc4, 0x66, 0x22, 0xff, 
0xc2, 0x65, 0x21, 0xff, 0xc5, 0x68, 0x22, 0xff, 0xc6, 0x69, 0x23, 0xff, 0xc3, 0x66, 0x20, 0xff, 
0xc4, 0x68, 0x21, 0xff, 0xc7, 0x6c, 0x23, 0xff, 0xc8, 0x6e, 0x24, 0xff, 0xc9, 0x6f, 0x23, 0xff, 
0xc8, 0x6c, 0x23, 0xff, 0xc6, 0x69, 0x23, 0xff, 0xc6, 0x69, 0x23, 0xff, 0xc8, 0x6d, 0x24, 0xff, 
0xc7, 0x6c, 0x23, 0xff, 0xc7, 0x6b, 0x22, 0xff, 0xcb, 0x71, 0x26, 0xff, 0xcf, 0x77, 0x29, 0xff, 
0xcc, 0x72, 0x26, 0xff, 0xcb, 0x71, 0x25, 0xff, 0xc7, 0x6c, 0x24, 0xff, 0xc7, 0x6c, 0x24, 0xff, 
0xc7, 0x6a, 0x23, 0xff, 0xc8, 0x6d, 0x24, 0xff, 0xc8, 0x6e, 0x24, 0xff, 0xc4, 0x69, 0x22, 0xff, 
0xc4, 0x69, 0x22, 0xff, 0xcb, 0x70, 0x24, 0xff, 0xce, 0x75, 0x26, 0xff, 0xcd, 0x75, 0x25, 0xff, 
0xce, 0x76, 0x27, 0xff, 0xce, 0x76, 0x29, 0xff, 0xcf, 0x77, 0x29, 0xff, 0xd1, 0x79, 0x29, 0xff, 
0xcf, 0x78, 0x28, 0xff, 0xd0, 0x79, 0x29, 0xff, 0xd2, 0x7c, 0x2b, 0xff, 0xd4, 0x7f, 0x2d, 0xff, 
0xd1, 0x7c, 0x2c, 0xff, 0xce, 0x78, 0x29, 0xff, 0xcd, 0x75, 0x27, 0xff, 0xce, 0x75, 0x28, 0xff, 
0xcc, 0x72, 0x26, 0xff, 0xcb, 0x70, 0x25, 0xff, 0xcd, 0x74, 0x26, 0xff, 0xd0, 0x76, 0x27, 0xff, 
0xd0, 0x76, 0x27, 0xff, 0xce, 0x75, 0x28, 0xff, 0xd0, 0x77, 0x28, 0xff, 0xcf, 0x76, 0x27, 0xff, 
0xd0, 0x77, 0x28, 0xff, 0xd2, 0x7a, 0x29, 0xff, 0xcf, 0x77, 0x28, 0xff, 0xcd, 0x73, 0x27, 0xff, 
0xcb, 0x71, 0x26, 0xff, 0xcb, 0x71, 0x26, 0xff, 0xcb, 0x70, 0x25, 0xff, 0xcc, 0x72, 0x26, 0xff, 
0xcf, 0x75, 0x27, 0xff, 0xd0, 0x76, 0x27, 0xff, 0xce, 0x75, 0x27, 0xff, 0xcb, 0x70, 0x25, 0xff, 
0xc7, 0x6d, 0x24, 0xff, 0xca, 0x6f, 0x25, 0xff, 0xcf, 0x76, 0x28, 0xff, 0xd4, 0x7f, 0x2d, 0xff, 
0xd4, 0x7f, 0x2d, 0xff, 0xcf, 0x78, 0x28, 0xff, 0xce, 0x75, 0x27, 0xff, 0xcf, 0x76, 0x27, 0xff, 
0xcd, 0x73, 0x26, 0xff, 0xd0, 0x79, 0x2a, 0xff, 0xd2, 0x7c, 0x2a, 0xff, 0xcb, 0x70, 0x25, 0xff, 
0xc4, 0x67, 0x22, 0xff, 0xc2, 0x65, 0x21, 0xff, 0xbf, 0x61, 0x1f, 0xff, 0xc3, 0x66, 0x21, 0xff, 
0xc6, 0x69, 0x22, 0xff, 0xc5, 0x68, 0x22, 0xff, 0xc6, 0x69, 0x22, 0xff, 0xc6, 0x69, 0x23, 0xff, 
0xc8, 0x6b, 0x24, 0xff, 0xc8, 0x6b, 0x23, 0xff, 0xc8, 0x6c, 0x24, 0xff, 0xc8, 0x6b, 0x25, 0xff, 
0xc7, 0x6a, 0x24, 0xff, 0xc7, 0x6a, 0x24, 0xff, 0xc6, 0x69, 0x23, 0xff, 0xc4, 0x66, 0x21, 0xff, 
0xc5, 0x68, 0x22, 0xff, 0xc5, 0x67, 0x22, 0xff, 0xc3, 0x66, 0x21, 0xff, 0xc5, 0x69, 0x23, 0xff, 
0xd0, 0x78, 0x29, 0xff, 0xce, 0x75, 0x28, 0xff, 0xcb, 0x70, 0x26, 0xff, 0xc8, 0x6e, 0x25, 0xff, 
0xc4, 0x69, 0x23, 0xff, 0xc1, 0x67, 0x22, 0xff, 0xc2, 0x66, 0x22, 0xff, 0xc5, 0x69, 0x22, 0xff, 
0xc3, 0x67, 0x22, 0xff, 0xbd, 0x60, 0x1f, 0xff, 0xbb, 0x5e, 0x1e, 0xff, 0xbe, 0x61, 0x1f, 0xff, 
0xc2, 0x65, 0x20, 0xff, 0xc8, 0x6a, 0x23, 0xff, 0xcb, 0x6f, 0x25, 0xff, 0xca, 0x70, 0x25, 0xff, 
0xce, 0x74, 0x27, 0xff, 0xd2, 0x7a, 0x29, 0xff, 0xd3, 0x7d, 0x2a, 0xff, 0xcf, 0x77, 0x28, 0xff, 
0xcd, 0x74, 0x27, 0xff, 0xcf, 0x76, 0x28, 0xff, 0xcd, 0x75, 0x28, 0xff, 0xcd, 0x75, 0x27, 0xff, 
0xd0, 0x79, 0x29, 0xff, 0xd2, 0x7b, 0x2a, 0xff, 0xd0, 0x77, 0x29, 0xff, 0xca, 0x6f, 0x25, 0xff, 
0xcb, 0x70, 0x25, 0xff, 0xd0, 0x77, 0x29, 0xff, 0xd0, 0x78, 0x29, 0xff, 0xcd, 0x75, 0x27, 0xff, 
0xcf, 0x77, 0x28, 0xff, 0xd0, 0x78, 0x28, 0xff, 0xcf, 0x76, 0x27, 0xff, 0xcc, 0x73, 0x26, 0xff, 
0xca, 0x6f, 0x26, 0xff, 0xc6, 0x69, 0x23, 0xff, 0xc3, 0x66, 0x21, 0xff, 0xc4, 0x67, 0x21, 0xff, 
0xc4, 0x66, 0x22, 0xff, 0xc4, 0x67, 0x22, 0xff, 0xbe, 0x61, 0x1f, 0xff, 0xb6, 0x5a, 0x1d, 0xff, 
0xb6, 0x58, 0x1c, 0xff, 0xbb, 0x5d, 0x1e, 0xff, 0xbc, 0x5e, 0x1e, 0xff, 0xbe, 0x60, 0x1f, 0xff, 
0xc3, 0x65, 0x20, 0xff, 0xc3, 0x66, 0x20, 0xff, 0xc3, 0x66, 0x21, 0xff, 0xc2, 0x64, 0x21, 0xff, 
0xbe, 0x61, 0x1f, 0xff, 0xbb, 0x5d, 0x1e, 0xff, 0xbb, 0x5d, 0x1e, 0xff, 0xbd, 0x5f, 0x1f, 0xff, 
0xbd, 0x5f, 0x1f, 0xff, 0xbd, 0x60, 0x1e, 0xff, 0xbe, 0x60, 0x1f, 0xff, 0xc0, 0x62, 0x1f, 0xff, 
0xc3, 0x65, 0x21, 0xff, 0xc4, 0x67, 0x21, 0xff, 0xc3, 0x66, 0x21, 0xff, 0xc1, 0x64, 0x20, 0xff, 
0xbf, 0x62, 0x20, 0xff, 0xbe, 0x60, 0x1f, 0xff, 0xbd, 0x5f, 0x1f, 0xff, 0xbf, 0x62, 0x1f, 0xff, 
0xc3, 0x66, 0x21, 0xff, 0xc3, 0x66, 0x21, 0xff, 0xc0, 0x63, 0x1f, 0xff, 0xbb, 0x5e, 0x1e, 0xff, 
0xb4, 0x58, 0x1d, 0xff, 0xb3, 0x56, 0x1c, 0xff, 0xb8, 0x5b, 0x1d, 0xff, 0xbb, 0x5e, 0x1e, 0xff, 
0xbe, 0x61, 0x20, 0xff, 0xbf, 0x61, 0x1f, 0xff, 0xc3, 0x66, 0x21, 0xff, 0xc7, 0x6a, 0x22, 0xff, 
0xc3, 0x65, 0x21, 0xff, 0xc1, 0x64, 0x21, 0xff, 0xc2, 0x65, 0x20, 0xff, 0xc4, 0x66, 0x22, 0xff, 
0xcb, 0x6e, 0x24, 0xff, 0xcd, 0x72, 0x26, 0xff, 0xcf, 0x74, 0x26, 0xff, 0xcf, 0x75, 0x26, 0xff, 
0xcc, 0x71, 0x25, 0xff, 0xcb, 0x6f, 0x25, 0xff, 0xc8, 0x6c, 0x24, 0xff, 0xc5, 0x68, 0x22, 0xff, 
0xc5, 0x69, 0x22, 0xff, 0xc4, 0x67, 0x21, 0xff, 0xcb, 0x70, 0x25, 0xff, 0xd0, 0x77, 0x28, 0xff, 
0xcf, 0x77, 0x28, 0xff, 0xcf, 0x77, 0x28, 0xff, 0xd0, 0x77, 0x29, 0xff, 0xcf, 0x77, 0x28, 0xff, 
0xcf, 0x75, 0x27, 0xff, 0xcf, 0x77, 0x28, 0xff, 0xd1, 0x79, 0x2a, 0xff, 0xcf, 0x78, 0x29, 0xff, 
0xcf, 0x77, 0x29, 0xff, 0xd0, 0x77, 0x29, 0xff, 0xcf, 0x79, 0x2a, 0xff, 0xd0, 0x78, 0x29, 0xff, 
0xd2, 0x7a, 0x2a, 0xff, 0xcf, 0x79, 0x29, 0xff, 0xcd, 0x77, 0x28, 0xff, 0xd0, 0x7a, 0x2a, 0xff, 
0xd3, 0x7e, 0x2c, 0xff, 0xd3, 0x7e, 0x2c, 0xff, 0xd0, 0x7a, 0x2a, 0xff, 0xd2, 0x7d, 0x2c, 0xff, 
0xd3, 0x7d, 0x2c, 0xff, 0xce, 0x79, 0x29, 0xff, 0xcf, 0x78, 0x29, 0xff, 0xd2, 0x7a, 0x2a, 0xff, 
0xd3, 0x7c, 0x2b, 0xff, 0xd3, 0x7d, 0x2b, 0xff, 0xd2, 0x7b, 0x2a, 0xff, 0xd2, 0x7d, 0x2b, 0xff, 
0xd3, 0x7b, 0x2b, 0xff, 0xd1, 0x79, 0x29, 0xff, 0xd1, 0x7a, 0x2b, 0xff, 0xd6, 0x81, 0x2e, 0xff, 
0xd2, 0x7c, 0x2c, 0xff, 0xce, 0x77, 0x29, 0xff, 0xd3, 0x7d, 0x2c, 0xff, 0xcd, 0x73, 0x27, 0xff, 
0xc5, 0x67, 0x22, 0xff, 0xc3, 0x66, 0x21, 0xff, 0xc2, 0x65, 0x20, 0xff, 0xc0, 0x62, 0x1f, 0xff, 
0xbf, 0x61, 0x1f, 0xff, 0xbd, 0x60, 0x1f, 0xff, 0xbc, 0x5e, 0x1d, 0xff, 0xbc, 0x5e, 0x1e, 0xff, 
0xbe, 0x60, 0x1f, 0xff, 0xc0, 0x62, 0x21, 0xff, 0xc0, 0x62, 0x20, 0xff, 0xc3, 0x65, 0x21, 0xff, 
0xc7, 0x6b, 0x23, 0xff, 0xc9, 0x6e, 0x25, 0xff, 0xc9, 0x6e, 0x24, 0xff, 0xc7, 0x6b, 0x23, 0xff, 
0xca, 0x6f, 0x25, 0xff, 0xc8, 0x6c, 0x25, 0xff, 0xc3, 0x66, 0x21, 0xff, 0xc5, 0x68, 0x22, 0xff, 
0xca, 0x6e, 0x25, 0xff, 0xca, 0x6e, 0x25, 0xff, 0xc6, 0x69, 0x23, 0xff, 0xc4, 0x67, 0x22, 0xff, 
0xc5, 0x68, 0x22, 0xff, 0xc6, 0x69, 0x23, 0xff, 0xc4, 0x67, 0x22, 0xff, 0xc1, 0x63, 0x1f, 0xff, 
0xc3, 0x66, 0x21, 0xff, 0xc5, 0x68, 0x22, 0xff, 0xc5, 0x69, 0x22, 0xff, 0xc5, 0x67, 0x22, 0xff, 
0xc2, 0x64, 0x21, 0xff, 0xc1, 0x62, 0x1f, 0xff, 0xc2, 0x64, 0x20, 0xff, 0xc2, 0x65, 0x21, 0xff, 
0xc3, 0x65, 0x21, 0xff, 0xc5, 0x67, 0x21, 0xff, 0xc7, 0x6a, 0x23, 0xff, 0xc5, 0x68, 0x22, 0xff, 
0xc6, 0x69, 0x23, 0xff, 0xc6, 0x68, 0x22, 0xff, 0xc6, 0x69, 0x22, 0xff, 0xc7, 0x6a, 0x23, 0xff, 
0xc5, 0x68, 0x22, 0xff, 0xc3, 0x66, 0x20, 0xff, 0xc6, 0x6a, 0x22, 0xff, 0xc8, 0x6c, 0x23, 0xff, 
0xc6, 0x6a, 0x23, 0xff, 0xcb, 0x70, 0x25, 0xff, 0xca, 0x70, 0x25, 0xff, 0xca, 0x6f, 0x24, 0xff, 
0xc9, 0x6e, 0x24, 0xff, 0xc7, 0x6b, 0x23, 0xff, 0xc6, 0x6a, 0x22, 0xff, 0xc7, 0x6b, 0x22, 0xff, 
0xca, 0x6f, 0x25, 0xff, 0xcb, 0x70, 0x26, 0xff, 0xce, 0x73, 0x26, 0xff, 0xcc, 0x72, 0x26, 0xff, 
0xcc, 0x73, 0x26, 0xff, 0xd1, 0x7d, 0x2b, 0xff, 0xd0, 0x7b, 0x2a, 0xff, 0xcd, 0x73, 0x26, 0xff, 
0xcb, 0x70, 0x25, 0xff, 0xcd, 0x75, 0x27, 0xff, 0xd7, 0x87, 0x31, 0xff, 0xd9, 0x89, 0x32, 0xff, 
0xd3, 0x7e, 0x2c, 0xff, 0xd1, 0x7b, 0x2b, 0xff, 0xd3, 0x7d, 0x2c, 0xff, 0xd3, 0x7c, 0x2b, 0xff, 
0xd2, 0x7c, 0x2b, 0xff, 0xd1, 0x79, 0x2a, 0xff, 0xd0, 0x77, 0x28, 0xff, 0xd0, 0x77, 0x28, 0xff, 
0xd0, 0x77, 0x28, 0xff, 0xcf, 0x76, 0x28, 0xff, 0xcd, 0x74, 0x27, 0xff, 0xce, 0x74, 0x27, 0xff, 
0xcf, 0x74, 0x27, 0xff, 0xce, 0x75, 0x27, 0xff, 0xce, 0x76, 0x28, 0xff, 0xce, 0x74, 0x27, 0xff, 
0xcf, 0x78, 0x29, 0xff, 0xcf, 0x76, 0x28, 0xff, 0xc9, 0x6e, 0x24, 0xff, 0xc8, 0x6d, 0x24, 0xff, 
0xcd, 0x74, 0x28, 0xff, 0xcf, 0x76, 0x27, 0xff, 0xcd, 0x72, 0x25, 0xff, 0xca, 0x6f, 0x25, 0xff, 
0xc6, 0x6b, 0x23, 0xff, 0xca, 0x6c, 0x24, 0xff, 0xd1, 0x79, 0x2a, 0xff, 0xd7, 0x84, 0x30, 0xff, 
0xd7, 0x84, 0x30, 0xff, 0xd3, 0x7d, 0x2c, 0xff, 0xcf, 0x77, 0x28, 0xff, 0xcc, 0x73, 0x26, 0xff, 
0xca, 0x71, 0x26, 0xff, 0xcd, 0x74, 0x27, 0xff, 0xcc, 0x72, 0x26, 0xff, 0xc9, 0x6d, 0x24, 0xff, 
0xc6, 0x6b, 0x23, 0xff, 0xc7, 0x6b, 0x24, 0xff, 0xc4, 0x68, 0x22, 0xff, 0xc3, 0x66, 0x21, 0xff, 
0xc6, 0x69, 0x23, 0xff, 0xc6, 0x69, 0x23, 0xff, 0xc7, 0x6b, 0x23, 0xff, 0xcd, 0x71, 0x27, 0xff, 
0xcd, 0x71, 0x27, 0xff, 0xc8, 0x6b, 0x24, 0xff, 0xc9, 0x6d, 0x24, 0xff, 0xc7, 0x6a, 0x24, 0xff, 
0xc4, 0x67, 0x22, 0xff, 0xc7, 0x6b, 0x23, 0xff, 0xc7, 0x6b, 0x23, 0xff, 0xc6, 0x6a, 0x23, 0xff, 
0xcb, 0x72, 0x26, 0xff, 0xd0, 0x79, 0x2a, 0xff, 0xcf, 0x77, 0x29, 0xff, 0xce, 0x75, 0x28, 0xff, 
0xd0, 0x79, 0x2a, 0xff, 0xcc, 0x73, 0x26, 0xff, 0xcc, 0x72, 0x25, 0xff, 0xcb, 0x71, 0x25, 0xff, 
0xc8, 0x6e, 0x24, 0xff, 0xcd, 0x73, 0x26, 0xff, 0xd4, 0x7d, 0x2a, 0xff, 0xd1, 0x79, 0x29, 0xff, 
0xce, 0x75, 0x27, 0xff, 0xce, 0x73, 0x27, 0xff, 0xcb, 0x6f, 0x25, 0xff, 0xc6, 0x68, 0x22, 0xff, 
0xbe, 0x60, 0x1f, 0xff, 0xbb, 0x5e, 0x1e, 0xff, 0xbf, 0x62, 0x1f, 0xff, 0xc0, 0x62, 0x20, 0xff, 
0xc2, 0x64, 0x20, 0xff, 0xc7, 0x6b, 0x23, 0xff, 0xcc, 0x71, 0x26, 0xff, 0xc9, 0x6d, 0x24, 0xff, 
0xc4, 0x66, 0x22, 0xff, 0xc4, 0x67, 0x22, 0xff, 0xc4, 0x68, 0x21, 0xff, 0xc5, 0x68, 0x21, 0xff, 
0xc9, 0x6d, 0x23, 0xff, 0xcb, 0x70, 0x24, 0xff, 0xca, 0x6f, 0x25, 0xff, 0xc6, 0x6a, 0x23, 0xff, 
0xc7, 0x6c, 0x24, 0xff, 0xcc, 0x72, 0x27, 0xff, 0xcf, 0x75, 0x27, 0xff, 0xce, 0x75, 0x27, 0xff, 
0xc9, 0x6e, 0x24, 0xff, 0xc6, 0x6a, 0x22, 0xff, 0xc9, 0x6e, 0x24, 0xff, 0xcb, 0x70, 0x25, 0xff, 
0xca, 0x6f, 0x25, 0xff, 0xc8, 0x6d, 0x24, 0xff, 0xc5, 0x6a, 0x23, 0xff, 0xc6, 0x69, 0x22, 0xff, 
0xc5, 0x68, 0x21, 0xff, 0xc6, 0x6a, 0x22, 0xff, 0xc4, 0x6a, 0x22, 0xff, 0xc5, 0x6a, 0x23, 0xff, 
0xc8, 0x6e, 0x25, 0xff, 0xc8, 0x6d, 0x24, 0xff, 0xc9, 0x6f, 0x24, 0xff, 0xcf, 0x77, 0x29, 0xff, 
0xd1, 0x7b, 0x2b, 0xff, 0xcd, 0x75, 0x27, 0xff, 0xca, 0x6d, 0x25, 0xff, 0xc2, 0x64, 0x20, 0xff, 
0xbb, 0x5d, 0x1d, 0xff, 0xb8, 0x5a, 0x1d, 0xff, 0xb8, 0x59, 0x1d, 0xff, 0xb9, 0x5a, 0x1d, 0xff, 
0xb8, 0x5a, 0x1d, 0xff, 0xb9, 0x5c, 0x1e, 0xff, 0xba, 0x5b, 0x1d, 0xff, 0xbd, 0x5e, 0x1e, 0xff, 
0xbf, 0x62, 0x1f, 0xff, 0xbd, 0x5f, 0x1e, 0xff, 0xbd, 0x5f, 0x1f, 0xff, 0xbe, 0x60, 0x1f, 0xff, 
0xba, 0x5d, 0x1d, 0xff, 0xbb, 0x5e, 0x1e, 0xff, 0xbe, 0x60, 0x20, 0xff, 0xc0, 0x63, 0x20, 0xff, 
0xc2, 0x65, 0x21, 0xff, 0xc2, 0x65, 0x21, 0xff, 0xc3, 0x66, 0x21, 0xff, 0xc3, 0x66, 0x22, 0xff, 
0xc0, 0x63, 0x20, 0xff, 0xc2, 0x64, 0x20, 0xff, 0xc5, 0x69, 0x21, 0xff, 0xc1, 0x64, 0x21, 0xff, 
0xb6, 0x59, 0x1c, 0xff, 0xb2, 0x55, 0x1b, 0xff, 0xb4, 0x59, 0x1d, 0xff, 0xb9, 0x5d, 0x1e, 0xff, 
0xbe, 0x61, 0x1e, 0xff, 0xc0, 0x62, 0x1f, 0xff, 0xc0, 0x63, 0x20, 0xff, 0xc3, 0x67, 0x21, 0xff, 
0xc1, 0x65, 0x21, 0xff, 0xc4, 0x68, 0x22, 0xff, 0xcd, 0x73, 0x26, 0xff, 0xcf, 0x76, 0x26, 0xff, 
0xce, 0x73, 0x26, 0xff, 0xce, 0x73, 0x27, 0xff, 0xcf, 0x77, 0x28, 0xff, 0xd2, 0x79, 0x29, 0xff, 
0xd5, 0x80, 0x2d, 0xff, 0xd5, 0x81, 0x2d, 0xff, 0xcd, 0x74, 0x27, 0xff, 0xcf, 0x74, 0x27, 0xff, 
0xd1, 0x7a, 0x2a, 0xff, 0xcf, 0x77, 0x29, 0xff, 0xce, 0x74, 0x27, 0xff, 0xcf, 0x77, 0x28, 0xff, 
0xd1, 0x7b, 0x2a, 0xff, 0xd0, 0x78, 0x29, 0xff, 0xd2, 0x7b, 0x2a, 0xff, 0xd2, 0x7b, 0x2a, 0xff, 
0xcf, 0x78, 0x28, 0xff, 0xcf, 0x76, 0x27, 0xff, 0xd0, 0x79, 0x29, 0xff, 0xd1, 0x7a, 0x2b, 0xff, 
0xd1, 0x79, 0x2a, 0xff, 0xd0, 0x78, 0x29, 0xff, 0xce, 0x75, 0x28, 0xff, 0xcf, 0x76, 0x28, 0xff, 
0xd0, 0x78, 0x29, 0xff, 0xd1, 0x77, 0x29, 0xff, 0xcf, 0x75, 0x28, 0xff, 0xce, 0x74, 0x26, 0xff, 
0xcd, 0x74, 0x26, 0xff, 0xd1, 0x75, 0x28, 0xff, 0xcb, 0x6f, 0x24, 0xff, 0xc7, 0x6a, 0x21, 0xff, 
0xca, 0x6e, 0x23, 0xff, 0xcb, 0x6f, 0x24, 0xff, 0xcd, 0x72, 0x26, 0xff, 0xcf, 0x76, 0x27, 0xff, 
0xce, 0x76, 0x27, 0xff, 0xcd, 0x74, 0x26, 0xff, 0xd1, 0x79, 0x29, 0xff, 0xd3, 0x7d, 0x2c, 0xff, 
0xcf, 0x77, 0x28, 0xff, 0xcc, 0x70, 0x25, 0xff, 0xcb, 0x70, 0x25, 0xff, 0xcd, 0x72, 0x25, 0xff, 
0xca, 0x6d, 0x23, 0xff, 0xc5, 0x68, 0x21, 0xff, 0xc9, 0x6c, 0x24, 0xff, 0xcb, 0x6f, 0x25, 0xff, 
0xca, 0x6e, 0x24, 0xff, 0xc9, 0x6c, 0x24, 0xff, 0xcb, 0x70, 0x25, 0xff, 0xcb, 0x70, 0x25, 0xff, 
0xc9, 0x6c, 0x23, 0xff, 0xc7, 0x6b, 0x23, 0xff, 0xc8, 0x6d, 0x24, 0xff, 0xc7, 0x6b, 0x23, 0xff, 
0xc6, 0x69, 0x22, 0xff, 0xc9, 0x6c, 0x24, 0xff, 0xc7, 0x6a, 0x23, 0xff, 0xc4, 0x66, 0x22, 0xff, 
0xc4, 0x66, 0x22, 0xff, 0xc5, 0x69, 0x22, 0xff, 0xc5, 0x68, 0x22, 0xff, 0xc3, 0x65, 0x21, 0xff, 
0xc3, 0x65, 0x22, 0xff, 0xc3, 0x66, 0x21, 0xff, 0xc5, 0x67, 0x22, 0xff, 0xc6, 0x69, 0x23, 0xff, 
0xc5, 0x69, 0x22, 0xff, 0xc3, 0x66, 0x21, 0xff, 0xbe, 0x62, 0x20, 0xff, 0xc6, 0x6c, 0x24, 0xff, 
0xc9, 0x70, 0x25, 0xff, 0xc6, 0x6a, 0x23, 0xff, 0xc9, 0x6e, 0x24, 0xff, 0xca, 0x6f, 0x24, 0xff, 
0xcb, 0x72, 0x27, 0xff, 0xc9, 0x71, 0x26, 0xff, 0xc9, 0x6e, 0x25, 0xff, 0xc9, 0x6f, 0x24, 0xff, 
0xcd, 0x74, 0x27, 0xff, 0xcb, 0x71, 0x27, 0xff, 0xcd, 0x73, 0x27, 0xff, 0xcd, 0x76, 0x29, 0xff, 
0xcd, 0x75, 0x27, 0xff, 0xcf, 0x78, 0x29, 0xff, 0xcf, 0x78, 0x29, 0xff, 0xcc, 0x72, 0x27, 0xff, 
0xca, 0x70, 0x25, 0xff, 0xc9, 0x6f, 0x25, 0xff, 0xca, 0x6f, 0x26, 0xff, 0xcd, 0x73, 0x27, 0xff, 
0xcc, 0x72, 0x27, 0xff, 0xcc, 0x72, 0x26, 0xff, 0xcc, 0x72, 0x26, 0xff, 0xc9, 0x6e, 0x25, 0xff, 
0xc9, 0x6e, 0x24, 0xff, 0xcb, 0x71, 0x25, 0xff, 0xd1, 0x79, 0x28, 0xff, 0xd2, 0x7a, 0x2a, 0xff, 
0xd0, 0x7a, 0x29, 0xff, 0xcb, 0x70, 0x25, 0xff, 0xc5, 0x68, 0x21, 0xff, 0xc4, 0x67, 0x21, 0xff, 
0xc6, 0x6a, 0x22, 0xff, 0xcf, 0x77, 0x28, 0xff, 0xcf, 0x76, 0x28, 0xff, 0xcb, 0x70, 0x25, 0xff, 
0xc7, 0x6b, 0x24, 0xff, 0xca, 0x6f, 0x25, 0xff, 0xcf, 0x79, 0x29, 0xff, 0xd3, 0x7d, 0x2c, 0xff, 
0xd6, 0x83, 0x2f, 0xff, 0xd6, 0x83, 0x2f, 0xff, 0xd0, 0x7a, 0x29, 0xff, 0xcf, 0x76, 0x27, 0xff, 
0xd1, 0x7a, 0x29, 0xff, 0xcd, 0x73, 0x26, 0xff, 0xcd, 0x72, 0x26, 0xff, 0xd0, 0x79, 0x29, 0xff, 
0xcf, 0x76, 0x27, 0xff, 0xcc, 0x70, 0x25, 0xff, 0xcc, 0x72, 0x27, 0xff, 0xcf, 0x77, 0x28, 0xff, 
0xcf, 0x76, 0x28, 0xff, 0xcd, 0x73, 0x26, 0xff, 0xcc, 0x73, 0x26, 0xff, 0xcd, 0x74, 0x27, 0xff, 
0xcf, 0x79, 0x29, 0xff, 0xd2, 0x7d, 0x2b, 0xff, 0xd2, 0x7c, 0x2a, 0xff, 0xd1, 0x7a, 0x28, 0xff, 
0xd0, 0x78, 0x28, 0xff, 0xcd, 0x74, 0x27, 0xff, 0xce, 0x75, 0x27, 0xff, 0xd0, 0x77, 0x28, 0xff, 
0xd0, 0x77, 0x28, 0xff, 0xcd, 0x73, 0x26, 0xff, 0xcb, 0x72, 0x26, 0xff, 0xcd, 0x76, 0x28, 0xff, 
0xcc, 0x73, 0x26, 0xff, 0xcd, 0x73, 0x26, 0xff, 0xcf, 0x75, 0x27, 0xff, 0xca, 0x6f, 0x25, 0xff, 
0xc5, 0x69, 0x22, 0xff, 0xc4, 0x66, 0x22, 0xff, 0xc5, 0x68, 0x22, 0xff, 0xc6, 0x69, 0x22, 0xff, 
0xc6, 0x6a, 0x23, 0xff, 0xc9, 0x6c, 0x25, 0xff, 0xc7, 0x6a, 0x23, 0xff, 0xc3, 0x66, 0x21, 0xff, 
0xc3, 0x66, 0x21, 0xff, 0xc3, 0x66, 0x21, 0xff, 0xc3, 0x66, 0x21, 0xff, 0xc2, 0x65, 0x21, 0xff, 
0xc3, 0x66, 0x21, 0xff, 0xc6, 0x69, 0x23, 0xff, 0xc6, 0x69, 0x22, 0xff, 0xc8, 0x6c, 0x24, 0xff, 
0xcb, 0x71, 0x25, 0xff, 0xca, 0x70, 0x24, 0xff, 0xca, 0x6f, 0x25, 0xff, 0xc9, 0x6f, 0x25, 0xff, 
0xc9, 0x6f, 0x25, 0xff, 0xcf, 0x78, 0x29, 0xff, 0xd5, 0x7f, 0x2c, 0xff, 0xd4, 0x7e, 0x2c, 0xff, 
0xcb, 0x71, 0x26, 0xff, 0xcb, 0x71, 0x25, 0xff, 0xcb, 0x71, 0x26, 0xff, 0xca, 0x6f, 0x24, 0xff, 
0xc9, 0x6e, 0x25, 0xff, 0xc9, 0x6e, 0x25, 0xff, 0xcd, 0x76, 0x28, 0xff, 0xd2, 0x7d, 0x2c, 0xff, 
0xd5, 0x82, 0x2e, 0xff, 0xd3, 0x7c, 0x2a, 0xff, 0xc8, 0x6c, 0x23, 0xff, 0xc4, 0x67, 0x22, 0xff, 
0xc3, 0x6a, 0x23, 0xff, 0xbc, 0x62, 0x20, 0xff, 0xbd, 0x61, 0x1f, 0xff, 0xc2, 0x65, 0x21, 0xff, 
0xc1, 0x63, 0x21, 0xff, 0xbe, 0x60, 0x1f, 0xff, 0xc2, 0x64, 0x20, 0xff, 0xc7, 0x6b, 0x23, 0xff, 
0xc8, 0x6d, 0x24, 0xff, 0xca, 0x70, 0x25, 0xff, 0xc9, 0x6f, 0x24, 0xff, 0xca, 0x6e, 0x25, 0xff, 
0xcd, 0x73, 0x25, 0xff, 0xcb, 0x71, 0x25, 0xff, 0xca, 0x70, 0x25, 0xff, 0xca, 0x6f, 0x24, 0xff, 
0xc9, 0x6d, 0x24, 0xff, 0xc9, 0x6d, 0x24, 0xff, 0xc8, 0x6d, 0x24, 0xff, 0xca, 0x6f, 0x25, 0xff, 
0xcd, 0x73, 0x26, 0xff, 0xcc, 0x73, 0x26, 0xff, 0xca, 0x6f, 0x25, 0xff, 0xc8, 0x6d, 0x24, 0xff, 
0xca, 0x70, 0x24, 0xff, 0xcc, 0x73, 0x26, 0xff, 0xce, 0x75, 0x27, 0xff, 0xd1, 0x78, 0x28, 0xff, 
0xd0, 0x78, 0x28, 0xff, 0xd0, 0x76, 0x27, 0xff, 0xd1, 0x77, 0x28, 0xff, 0xd2, 0x79, 0x29, 0xff, 
0xca, 0x6e, 0x26, 0xff, 0xc5, 0x69, 0x23, 0xff, 0xc5, 0x69, 0x22, 0xff, 0xcc, 0x72, 0x27, 0xff, 
0xd1, 0x7a, 0x2a, 0xff, 0xd3, 0x7d, 0x2b, 0xff, 0xd2, 0x7a, 0x2a, 0xff, 0xcb, 0x71, 0x26, 0xff, 
0xca, 0x6e, 0x25, 0xff, 0xc7, 0x6c, 0x23, 0xff, 0xc6, 0x6b, 0x23, 0xff, 0xc4, 0x68, 0x22, 0xff, 
0xbf, 0x62, 0x1f, 0xff, 0xc2, 0x64, 0x21, 0xff, 0xc7, 0x6a, 0x23, 0xff, 0xcc, 0x73, 0x27, 0xff, 
0xca, 0x73, 0x26, 0xff, 0xc7, 0x6d, 0x24, 0xff, 0xbf, 0x61, 0x20, 0xff, 0xb8, 0x5a, 0x1d, 0xff, 
0xb4, 0x57, 0x1b, 0xff, 0xb4, 0x56, 0x1b, 0xff, 0xb6, 0x58, 0x1d, 0xff, 0xb8, 0x5b, 0x1d, 0xff, 
0xbe, 0x5f, 0x1e, 0xff, 0xbf, 0x61, 0x1f, 0xff, 0xbe, 0x60, 0x20, 0xff, 0xbc, 0x5e, 0x1f, 0xff, 
0xbd, 0x5f, 0x1f, 0xff, 0xbf, 0x62, 0x20, 0xff, 0xc1, 0x64, 0x20, 0xff, 0xc0, 0x62, 0x20, 0xff, 
0xbb, 0x5e, 0x1e, 0xff, 0xbc, 0x5e, 0x1f, 0xff, 0xbc, 0x5e, 0x1e, 0xff, 0xba, 0x5d, 0x1d, 0xff, 
0xc2, 0x65, 0x21, 0xff, 0xcb, 0x70, 0x25, 0xff, 0xcd, 0x73, 0x26, 0xff, 0xcd, 0x73, 0x26, 0xff, 
0xcb, 0x72, 0x25, 0xff, 0xc9, 0x6f, 0x25, 0xff, 0xcb, 0x71, 0x25, 0xff, 0xcb, 0x71, 0x25, 0xff, 
0xc9, 0x6d, 0x24, 0xff, 0xcb, 0x73, 0x26, 0xff, 0xcf, 0x79, 0x2a, 0xff, 0xcb, 0x73, 0x26, 0xff, 
0xd0, 0x7b, 0x2a, 0xff, 0xd5, 0x82, 0x2e, 0xff, 0xcf, 0x78, 0x29, 0xff, 0xd1, 0x7a, 0x2b, 0xff, 
0xd4, 0x7e, 0x2d, 0xff, 0xd0, 0x7a, 0x2a, 0xff, 0xd0, 0x7a, 0x2a, 0xff, 0xce, 0x75, 0x28, 0xff, 
0xcb, 0x71, 0x26, 0xff, 0xcb, 0x71, 0x26, 0xff, 0xc9, 0x6d, 0x23, 0xff, 0xcd, 0x71, 0x25, 0xff, 
0xd0, 0x78, 0x2a, 0xff, 0xcf, 0x78, 0x29, 0xff, 0xd2, 0x7b, 0x2b, 0xff, 0xd2, 0x7c, 0x2b, 0xff, 
0xd2, 0x7b, 0x2b, 0xff, 0xd4, 0x7e, 0x2d, 0xff, 0xd3, 0x7d, 0x2c, 0xff, 0xd1, 0x7a, 0x2a, 0xff, 
0xcf, 0x76, 0x27, 0xff, 0xcf, 0x76, 0x28, 0xff, 0xd0, 0x77, 0x28, 0xff, 0xd2, 0x7b, 0x2a, 0xff, 
0xd3, 0x7f, 0x2d, 0xff, 0xd2, 0x7b, 0x2b, 0xff, 0xcc, 0x73, 0x27, 0xff, 0xcd, 0x74, 0x27, 0xff, 
0xd2, 0x7c, 0x2b, 0xff, 0xd2, 0x7d, 0x2b, 0xff, 0xd2, 0x7b, 0x2b, 0xff, 0xd3, 0x7d, 0x2c, 0xff, 
0xd4, 0x7f, 0x2c, 0xff, 0xd2, 0x7d, 0x2c, 0xff, 0xcf, 0x77, 0x27, 0xff, 0xcd, 0x75, 0x26, 0xff, 
0xce, 0x75, 0x27, 0xff, 0xce, 0x75, 0x27, 0xff, 0xca, 0x70, 0x24, 0xff, 0xc3, 0x69, 0x21, 0xff, 
0xcd, 0x75, 0x27, 0xff, 0xd5, 0x81, 0x2d, 0xff, 0xd2, 0x7b, 0x2a, 0xff, 0xce, 0x75, 0x27, 0xff, 
0xcc, 0x73, 0x26, 0xff, 0xcd, 0x73, 0x27, 0xff, 0xd0, 0x7a, 0x29, 0xff, 0xd5, 0x80, 0x2c, 0xff, 
0xd3, 0x7d, 0x2c, 0xff, 0xd5, 0x81, 0x2d, 0xff, 0xd3, 0x7f, 0x2c, 0xff, 0xc7, 0x6c, 0x24, 0xff, 
0xbf, 0x60, 0x1f, 0xff, 0xc0, 0x62, 0x1f, 0xff, 0xc5, 0x69, 0x22, 0xff, 0xc7, 0x6b, 0x23, 0xff, 
0xc5, 0x68, 0x23, 0xff, 0xc9, 0x6e, 0x24, 0xff, 0xcc, 0x72, 0x26, 0xff, 0xc8, 0x6d, 0x24, 0xff, 
0xc3, 0x66, 0x21, 0xff, 0xc5, 0x6a, 0x22, 0xff, 0xca, 0x70, 0x25, 0xff, 0xcb, 0x71, 0x25, 0xff, 
0xcb, 0x70, 0x25, 0xff, 0xcd, 0x72, 0x26, 0xff, 0xce, 0x75, 0x27, 0xff, 0xd3, 0x7e, 0x2c, 0xff, 
0xd3, 0x7d, 0x2c, 0xff, 0xcf, 0x77, 0x29, 0xff, 0xd3, 0x7d, 0x2b, 0xff, 0xd4, 0x80, 0x2d, 0xff, 
0xd5, 0x84, 0x2f, 0xff, 0xdb, 0x8c, 0x33, 0xff, 0xd6, 0x82, 0x2f, 0xff, 0xd0, 0x7a, 0x2a, 0xff, 
0xd5, 0x81, 0x2e, 0xff, 0xcf, 0x78, 0x29, 0xff, 0xd3, 0x80, 0x2d, 0xff, 0xd7, 0x86, 0x31, 0xff, 
0xcc, 0x75, 0x28, 0xff, 0xcb, 0x72, 0x26, 0xff, 0xcc, 0x73, 0x27, 0xff, 0xcc, 0x72, 0x27, 0xff, 
0xcf, 0x75, 0x27, 0xff, 0xce, 0x76, 0x27, 0xff, 0xcd, 0x74, 0x27, 0xff, 0xcb, 0x72, 0x26, 0xff, 
0xcb, 0x70, 0x26, 0xff, 0xc9, 0x6d, 0x24, 0xff, 0xc4, 0x66, 0x22, 0xff, 0xc2, 0x64, 0x20, 0xff, 
0xc3, 0x65, 0x21, 0xff, 0xc0, 0x64, 0x21, 0xff, 0xc3, 0x6a, 0x23, 0xff, 0xcb, 0x72, 0x26, 0xff, 
0xd1, 0x7b, 0x2a, 0xff, 0xd2, 0x7e, 0x2c, 0xff, 0xcf, 0x79, 0x2a, 0xff, 0xd1, 0x7b, 0x2a, 0xff, 
0xcf, 0x78, 0x29, 0xff, 0xd0, 0x78, 0x2a, 0xff, 0xd3, 0x7e, 0x2c, 0xff, 0xd2, 0x7b, 0x2b, 0xff, 
0xcf, 0x75, 0x28, 0xff, 0xd0, 0x77, 0x29, 0xff, 0xcd, 0x75, 0x26, 0xff, 0xce, 0x75, 0x27, 0xff, 
0xd1, 0x78, 0x2a, 0xff, 0xd2, 0x7c, 0x2b, 0xff, 0xcd, 0x73, 0x26, 0xff, 0xc8, 0x6c, 0x23, 0xff, 
0xc8, 0x6d, 0x24, 0xff, 0xc9, 0x6e, 0x24, 0xff, 0xc8, 0x6c, 0x23, 0xff, 0xc8, 0x6c, 0x24, 0xff, 
0xc9, 0x6e, 0x25, 0xff, 0xc9, 0x6d, 0x24, 0xff, 0xcb, 0x70, 0x25, 0xff, 0xd1, 0x7a, 0x29, 0xff, 
0xd2, 0x7d, 0x2c, 0xff, 0xd2, 0x7c, 0x2b, 0xff, 0xd0, 0x78, 0x29, 0xff, 0xce, 0x76, 0x27, 0xff, 
0xd1, 0x78, 0x29, 0xff, 0xd2, 0x7b, 0x2a, 0xff, 0xce, 0x76, 0x28, 0xff, 0xc9, 0x70, 0x25, 0xff, 
0xcd, 0x75, 0x27, 0xff, 0xd3, 0x7c, 0x2b, 0xff, 0xd3, 0x7c, 0x2c, 0xff, 0xd1, 0x7b, 0x2a, 0xff, 
0xce, 0x77, 0x29, 0xff, 0xca, 0x71, 0x25, 0xff, 0xc8, 0x6d, 0x23, 0xff, 0xc8, 0x6c, 0x23, 0xff, 
0xc7, 0x6c, 0x23, 0xff, 0xca, 0x6f, 0x24, 0xff, 0xcc, 0x72, 0x25, 0xff, 0xca, 0x70, 0x25, 0xff, 
0xc8, 0x6e, 0x24, 0xff, 0xc5, 0x69, 0x22, 0xff, 0xc0, 0x63, 0x20, 0xff, 0xc3, 0x66, 0x21, 0xff, 
0xc6, 0x6a, 0x24, 0xff, 0xc4, 0x68, 0x22, 0xff, 0xc3, 0x66, 0x21, 0xff, 0xc3, 0x66, 0x21, 0xff, 
0xc0, 0x62, 0x20, 0xff, 0xbd, 0x60, 0x1f, 0xff, 0xbe, 0x60, 0x1f, 0xff, 0xbe, 0x60, 0x1f, 0xff, 
0xc0, 0x62, 0x1f, 0xff, 0xc3, 0x65, 0x21, 0xff, 0xc4, 0x67, 0x21, 0xff, 0xc5, 0x68, 0x22, 0xff, 
0xc4, 0x67, 0x21, 0xff, 0xc0, 0x63, 0x20, 0xff, 0xc3, 0x66, 0x22, 0xff, 0xc6, 0x69, 0x22, 0xff, 
0xc5, 0x68, 0x22, 0xff, 0xc6, 0x69, 0x22, 0xff, 0xcb, 0x72, 0x26, 0xff, 0xcc, 0x72, 0x26, 0xff, 
0xcc, 0x71, 0x25, 0xff, 0xce, 0x74, 0x27, 0xff, 0xcd, 0x74, 0x28, 0xff, 0xcc, 0x73, 0x27, 0xff, 
0xcc, 0x73, 0x27, 0xff, 0xcb, 0x72, 0x26, 0xff, 0xca, 0x71, 0x25, 0xff, 0xcf, 0x79, 0x29, 0xff, 
0xd1, 0x7b, 0x2b, 0xff, 0xcd, 0x75, 0x27, 0xff, 0xcb, 0x70, 0x25, 0xff, 0xd0, 0x77, 0x27, 0xff, 
0xd3, 0x7c, 0x2b, 0xff, 0xce, 0x75, 0x27, 0xff, 0xcb, 0x70, 0x25, 0xff, 0xca, 0x6f, 0x24, 0xff, 
0xcb, 0x6f, 0x24, 0xff, 0xc8, 0x6b, 0x23, 0xff, 0xc1, 0x64, 0x20, 0xff, 0xc1, 0x66, 0x22, 0xff, 
0xc7, 0x6e, 0x25, 0xff, 0xcb, 0x73, 0x27, 0xff, 0xc7, 0x6d, 0x24, 0xff, 0xc5, 0x68, 0x23, 0xff, 
0xc8, 0x6c, 0x23, 0xff, 0xc5, 0x69, 0x22, 0xff, 0xc3, 0x67, 0x21, 0xff, 0xc6, 0x69, 0x22, 0xff, 
0xc5, 0x68, 0x22, 0xff, 0xc7, 0x6c, 0x23, 0xff, 0xc5, 0x6a, 0x22, 0xff, 0xc6, 0x6b, 0x23, 0xff, 
0xcd, 0x74, 0x26, 0xff, 0xd1, 0x7a, 0x29, 0xff, 0xd1, 0x78, 0x29, 0xff, 0xcf, 0x75, 0x26, 0xff, 
0xcd, 0x73, 0x26, 0xff, 0xca, 0x70, 0x26, 0xff, 0xc9, 0x6d, 0x24, 0xff, 0xca, 0x6f, 0x24, 0xff, 
0xcd, 0x74, 0x27, 0xff, 0xcc, 0x71, 0x26, 0xff, 0xcf, 0x75, 0x27, 0xff, 0xd1, 0x79, 0x2a, 0xff, 
0xcc, 0x73, 0x26, 0xff, 0xcb, 0x72, 0x26, 0xff, 0xcf, 0x77, 0x28, 0xff, 0xce, 0x74, 0x27, 0xff, 
0xcb, 0x6e, 0x25, 0xff, 0xc9, 0x6e, 0x25, 0xff, 0xca, 0x6f, 0x24, 0xff, 0xcb, 0x70, 0x25, 0xff, 
0xcc, 0x72, 0x27, 0xff, 0xcf, 0x75, 0x28, 0xff, 0xd0, 0x77, 0x28, 0xff, 0xc8, 0x6d, 0x24, 0xff, 
0xc5, 0x69, 0x22, 0xff, 0xc1, 0x65, 0x22, 0xff, 0xc1, 0x63, 0x21, 0xff, 0xc4, 0x68, 0x22, 0xff, 
0xc4, 0x6a, 0x23, 0xff, 0xbd, 0x62, 0x20, 0xff, 0xb8, 0x5b, 0x1e, 0xff, 0xb2, 0x56, 0x1c, 0xff, 
0xb3, 0x56, 0x1b, 0xff, 0xb6, 0x59, 0x1c, 0xff, 0xb4, 0x57, 0x1b, 0xff, 0xb2, 0x54, 0x1b, 0xff, 
0xaf, 0x54, 0x1b, 0xff, 0xb2, 0x56, 0x1c, 0xff, 0xb8, 0x5a, 0x1d, 0xff, 0xb9, 0x5b, 0x1d, 0xff, 
0xbd, 0x5f, 0x1e, 0xff, 0xc0, 0x63, 0x20, 0xff, 0xc1, 0x64, 0x21, 0xff, 0xc5, 0x68, 0x21, 0xff, 
0xca, 0x6d, 0x24, 0xff, 0xce, 0x73, 0x26, 0xff, 0xd1, 0x77, 0x28, 0xff, 0xcf, 0x75, 0x27, 0xff, 
0xcd, 0x72, 0x25, 0xff, 0xd3, 0x7f, 0x2c, 0xff, 0xd5, 0x7f, 0x2c, 0xff, 0xcf, 0x74, 0x26, 0xff, 
0xc8, 0x6b, 0x23, 0xff, 0xc9, 0x6c, 0x24, 0xff, 0xce, 0x74, 0x26, 0xff, 0xcf, 0x75, 0x27, 0xff, 
0xcf, 0x76, 0x28, 0xff, 0xd3, 0x7c, 0x2a, 0xff, 0xd2, 0x7c, 0x2b, 0xff, 0xd0, 0x7b, 0x2c, 0xff, 
0xcf, 0x79, 0x2a, 0xff, 0xd1, 0x79, 0x29, 0xff, 0xd4, 0x7e, 0x2c, 0xff, 0xce, 0x77, 0x29, 0xff, 
0xcb, 0x71, 0x26, 0xff, 0xd1, 0x7a, 0x2a, 0xff, 0xd3, 0x7c, 0x2b, 0xff, 0xcf, 0x75, 0x28, 0xff, 
0xc9, 0x6d, 0x23, 0xff, 0xcb, 0x72, 0x26, 0xff, 0xcd, 0x74, 0x28, 0xff, 0xcc, 0x73, 0x26, 0xff, 
0xd3, 0x7d, 0x2c, 0xff, 0xcf, 0x78, 0x2a, 0xff, 0xcd, 0x73, 0x27, 0xff, 0xcd, 0x73, 0x26, 0xff, 
0xcf, 0x76, 0x28, 0xff, 0xd3, 0x7b, 0x2b, 0xff, 0xd2, 0x7b, 0x2b, 0xff, 0xd1, 0x78, 0x29, 0xff, 
0xcf, 0x77, 0x29, 0xff, 0xd3, 0x7d, 0x2b, 0xff, 0xd6, 0x84, 0x2e, 0xff, 0xd9, 0x89, 0x32, 0xff, 
0xdb, 0x8c, 0x34, 0xff, 0xd8, 0x88, 0x31, 0xff, 0xd9, 0x87, 0x31, 0xff, 0xdb, 0x8b, 0x33, 0xff, 
0xda, 0x8b, 0x33, 0xff, 0xd9, 0x89, 0x32, 0xff, 0xd6, 0x84, 0x2f, 0xff, 0xd8, 0x87, 0x31, 0xff, 
0xdb, 0x8d, 0x33, 0xff, 0xd8, 0x87, 0x30, 0xff, 0xd5, 0x83, 0x2f, 0xff, 0xd6, 0x84, 0x2f, 0xff, 
0xd8, 0x87, 0x30, 0xff, 0xd7, 0x83, 0x2e, 0xff, 0xcc, 0x75, 0x28, 0xff, 0xc2, 0x69, 0x23, 0xff, 
0xd4, 0x80, 0x2d, 0xff, 0xdb, 0x8a, 0x33, 0xff, 0xd1, 0x7a, 0x29, 0xff, 0xce, 0x76, 0x28, 0xff, 
0xd0, 0x7a, 0x2a, 0xff, 0xd2, 0x7c, 0x2b, 0xff, 0xd2, 0x7d, 0x2b, 0xff, 0xd4, 0x80, 0x2d, 0xff, 
0xd4, 0x80, 0x2e, 0xff, 0xd4, 0x80, 0x2d, 0xff, 0xcf, 0x77, 0x29, 0xff, 0xc5, 0x6a, 0x23, 0xff, 
0xc6, 0x6c, 0x24, 0xff, 0xca, 0x71, 0x26, 0xff, 0xcc, 0x72, 0x26, 0xff, 0xcc, 0x72, 0x26, 0xff, 
0xce, 0x73, 0x27, 0xff, 0xd1, 0x77, 0x2a, 0xff, 0xd2, 0x7a, 0x2a, 0xff, 0xd0, 0x78, 0x28, 0xff, 
0xce, 0x75, 0x27, 0xff, 0xd0, 0x77, 0x27, 0xff, 0xcd, 0x73, 0x26, 0xff, 0xcb, 0x70, 0x25, 0xff, 
0xce, 0x76, 0x27, 0xff, 0xd2, 0x78, 0x29, 0xff, 0xd2, 0x79, 0x29, 0xff, 0xcf, 0x76, 0x28, 0xff, 
0xcf, 0x77, 0x29, 0xff, 0xd2, 0x7b, 0x2a, 0xff, 0xcf, 0x76, 0x29, 0xff, 0xcc, 0x73, 0x26, 0xff, 
0xce, 0x77, 0x28, 0xff, 0xd4, 0x81, 0x2e, 0xff, 0xd7, 0x85, 0x2f, 0xff, 0xdb, 0x8b, 0x33, 0xff, 
0xd7, 0x86, 0x30, 0xff, 0xd6, 0x83, 0x2e, 0xff, 0xd5, 0x81, 0x2d, 0xff, 0xd4, 0x7d, 0x2b, 0xff, 
0xd5, 0x80, 0x2e, 0xff, 0xd1, 0x7c, 0x2b, 0xff, 0xcd, 0x74, 0x27, 0xff, 0xcf, 0x77, 0x28, 0xff, 
0xcf, 0x77, 0x28, 0xff, 0xcb, 0x70, 0x25, 0xff, 0xc9, 0x6d, 0x24, 0xff, 0xc2, 0x64, 0x20, 0xff, 
0xbe, 0x60, 0x20, 0xff, 0xc5, 0x68, 0x22, 0xff, 0xc5, 0x68, 0x22, 0xff, 0xc0, 0x62, 0x1f, 0xff, 
0xc1, 0x63, 0x20, 0xff, 0xbb, 0x5f, 0x1f, 0xff, 0xb7, 0x5e, 0x1f, 0xff, 0xc6, 0x6b, 0x23, 0xff, 
0xd3, 0x7b, 0x2a, 0xff, 0xd6, 0x85, 0x30, 0xff, 0xd4, 0x7e, 0x2c, 0xff, 0xd3, 0x7d, 0x2c, 0xff, 
0xcf, 0x77, 0x29, 0xff, 0xd0, 0x79, 0x2a, 0xff, 0xd4, 0x81, 0x2d, 0xff, 0xd4, 0x80, 0x2d, 0xff, 
0xd6, 0x83, 0x2f, 0xff, 0xd8, 0x85, 0x31, 0xff, 0xd6, 0x83, 0x2f, 0xff, 0xd6, 0x85, 0x2f, 0xff, 
0xd5, 0x80, 0x2d, 0xff, 0xd2, 0x79, 0x29, 0xff, 0xcb, 0x70, 0x25, 0xff, 0xc7, 0x6b, 0x23, 0xff, 
0xcb, 0x71, 0x25, 0xff, 0xcd, 0x73, 0x25, 0xff, 0xca, 0x6f, 0x24, 0xff, 0xc7, 0x6b, 0x24, 0xff, 
0xc8, 0x6d, 0x24, 0xff, 0xc8, 0x6e, 0x24, 0xff, 0xc8, 0x6c, 0x22, 0xff, 0xc8, 0x6d, 0x23, 0xff, 
0xc9, 0x6f, 0x24, 0xff, 0xcb, 0x72, 0x25, 0xff, 0xcb, 0x71, 0x25, 0xff, 0xc9, 0x6e, 0x23, 0xff, 
0xc9, 0x6f, 0x25, 0xff, 0xc6, 0x6b, 0x23, 0xff, 0xc2, 0x65, 0x21, 0xff, 0xc6, 0x6b, 0x23, 0xff, 
0xcd, 0x76, 0x28, 0xff, 0xce, 0x75, 0x28, 0xff, 0xc2, 0x66, 0x22, 0xff, 0xc1, 0x65, 0x21, 0xff, 
0xca, 0x6f, 0x24, 0xff, 0xca, 0x70, 0x25, 0xff, 0xc5, 0x69, 0x22, 0xff, 0xc6, 0x69, 0x23, 0xff, 
0xc9, 0x6e, 0x24, 0xff, 0xc8, 0x6c, 0x24, 0xff, 0xc7, 0x6c, 0x24, 0xff, 0xc9, 0x6f, 0x24, 0xff, 
0xc9, 0x6e, 0x24, 0xff, 0xcd, 0x75, 0x28, 0xff, 0xcc, 0x74, 0x28, 0xff, 0xc2, 0x66, 0x21, 0xff, 
0xbe, 0x61, 0x1f, 0xff, 0xbe, 0x61, 0x1f, 0xff, 0xbf, 0x64, 0x20, 0xff, 0xbc, 0x5f, 0x1e, 0xff, 
0xb6, 0x59, 0x1c, 0xff, 0xb5, 0x58, 0x1d, 0xff, 0xb6, 0x59, 0x1d, 0xff, 0xb8, 0x5b, 0x1d, 0xff, 
0xbb, 0x5d, 0x1e, 0xff, 0xb9, 0x5b, 0x1d, 0xff, 0xba, 0x5c, 0x1e, 0xff, 0xbb, 0x5d, 0x1f, 0xff, 
0xbb, 0x5c, 0x1e, 0xff, 0xbc, 0x5e, 0x1e, 0xff, 0xbf, 0x62, 0x20, 0xff, 0xc3, 0x66, 0x21, 0xff, 
0xc5, 0x68, 0x22, 0xff, 0xc4, 0x67, 0x22, 0xff, 0xc4, 0x66, 0x21, 0xff, 0xca, 0x6e, 0x25, 0xff, 
0xc0, 0x63, 0x20, 0xff, 0xbe, 0x61, 0x1f, 0xff, 0xc1, 0x64, 0x20, 0xff, 0xc2, 0x65, 0x22, 0xff, 
0xc2, 0x65, 0x21, 0xff, 0xc4, 0x67, 0x21, 0xff, 0xc7, 0x6b, 0x24, 0xff, 0xc9, 0x6d, 0x24, 0xff, 
0xcb, 0x70, 0x25, 0xff, 0xcd, 0x73, 0x26, 0xff, 0xcc, 0x72, 0x26, 0xff, 0xce, 0x74, 0x27, 0xff, 
0xcc, 0x71, 0x26, 0xff, 0xca, 0x6f, 0x26, 0xff, 0xcb, 0x71, 0x25, 0xff, 0xcd, 0x73, 0x26, 0xff, 
0xce, 0x74, 0x26, 0xff, 0xd2, 0x7a, 0x2a, 0xff, 0xd3, 0x7d, 0x2b, 0xff, 0xcb, 0x73, 0x27, 0xff, 
0xc9, 0x6f, 0x25, 0xff, 0xcb, 0x70, 0x26, 0xff, 0xcb, 0x70, 0x25, 0xff, 0xcb, 0x70, 0x26, 0xff, 
0xcb, 0x71, 0x26, 0xff, 0xca, 0x6f, 0x25, 0xff, 0xc3, 0x67, 0x22, 0xff, 0xc0, 0x62, 0x20, 0xff, 
0xc3, 0x66, 0x20, 0xff, 0xc5, 0x69, 0x22, 0xff, 0xc8, 0x6c, 0x24, 0xff, 0xc6, 0x6a, 0x22, 0xff, 
0xc1, 0x63, 0x20, 0xff, 0xc2, 0x65, 0x21, 0xff, 0xc6, 0x6a, 0x23, 0xff, 0xc8, 0x6c, 0x23, 0xff, 
0xc6, 0x69, 0x22, 0xff, 0xc6, 0x69, 0x22, 0xff, 0xc5, 0x68, 0x22, 0xff, 0xc3, 0x66, 0x21, 0xff, 
0xc4, 0x67, 0x21, 0xff, 0xc9, 0x6d, 0x24, 0xff, 0xce, 0x74, 0x27, 0xff, 0xcc, 0x71, 0x25, 0xff, 
0xc7, 0x6b, 0x22, 0xff, 0xcb, 0x70, 0x26, 0xff, 0xcf, 0x76, 0x28, 0xff, 0xcf, 0x77, 0x28, 0xff, 
0xcb, 0x70, 0x25, 0xff, 0xca, 0x6e, 0x25, 0xff, 0xc7, 0x6a, 0x23, 0xff, 0xc5, 0x68, 0x21, 0xff, 
0xc9, 0x6e, 0x23, 0xff, 0xcf, 0x74, 0x27, 0xff, 0xcb, 0x6f, 0x24, 0xff, 0xc1, 0x64, 0x20, 0xff, 
0xc6, 0x68, 0x22, 0xff, 0xc8, 0x6c, 0x24, 0xff, 0xc4, 0x67, 0x22, 0xff, 0xbe, 0x5f, 0x1e, 0xff, 
0xb8, 0x5a, 0x1d, 0xff, 0xb9, 0x5b, 0x1d, 0xff, 0xbc, 0x5f, 0x1e, 0xff, 0xbc, 0x5f, 0x1f, 0xff, 
0xbe, 0x60, 0x1f, 0xff, 0xbd, 0x60, 0x1f, 0xff, 0xbc, 0x5e, 0x1f, 0xff, 0xb4, 0x56, 0x1c, 0xff, 
0xa5, 0x4b, 0x18, 0xff, 0xa8, 0x4d, 0x19, 0xff, 0xbb, 0x5d, 0x1e, 0xff, 0xc6, 0x6a, 0x22, 0xff, 
0xc5, 0x68, 0x22, 0xff, 0xc2, 0x65, 0x20, 0xff, 0xc5, 0x68, 0x22, 0xff, 0xc9, 0x6e, 0x23, 0xff, 
0xcd, 0x73, 0x26, 0xff, 0xcb, 0x70, 0x25, 0xff, 0xc8, 0x6d, 0x24, 0xff, 0xcc, 0x72, 0x26, 0xff, 
0xd1, 0x79, 0x2a, 0xff, 0xd2, 0x7d, 0x2c, 0xff, 0xd4, 0x7e, 0x2c, 0xff, 0xd2, 0x7c, 0x2a, 0xff, 
0xcd, 0x74, 0x28, 0xff, 0xcb, 0x70, 0x25, 0xff, 0xca, 0x70, 0x24, 0xff, 0xc7, 0x6d, 0x23, 0xff, 
0xc6, 0x6a, 0x23, 0xff, 0xc8, 0x6b, 0x23, 0xff, 0xcd, 0x72, 0x25, 0xff, 0xd2, 0x7d, 0x2b, 0xff, 
0xd4, 0x7e, 0x2d, 0xff, 0xd1, 0x78, 0x2a, 0xff, 0xd0, 0x78, 0x29, 0xff, 0xd0, 0x7a, 0x2a, 0xff, 
0xcb, 0x72, 0x27, 0xff, 0xcf, 0x78, 0x29, 0xff, 0xd2, 0x7d, 0x2c, 0xff, 0xd1, 0x7e, 0x2d, 0xff, 
0xd2, 0x7d, 0x2c, 0xff, 0xd6, 0x82, 0x2e, 0xff, 0xd4, 0x7f, 0x2d, 0xff, 0xd2, 0x7b, 0x2b, 0xff, 
0xd1, 0x79, 0x29, 0xff, 0xce, 0x74, 0x27, 0xff, 0xcd, 0x73, 0x26, 0xff, 0xd0, 0x77, 0x28, 0xff, 
0xd0, 0x76, 0x28, 0xff, 0xce, 0x72, 0x26, 0xff, 0xcc, 0x71, 0x25, 0xff, 0xcf, 0x75, 0x28, 0xff, 
0xd5, 0x80, 0x2e, 0xff, 0xd7, 0x85, 0x30, 0xff, 0xd6, 0x84, 0x2f, 0xff, 0xd5, 0x81, 0x2d, 0xff, 
0xd5, 0x81, 0x2d, 0xff, 0xd7, 0x86, 0x2f, 0xff, 0xd9, 0x8a, 0x32, 0xff, 0xdc, 0x90, 0x35, 0xff, 
0xdd, 0x93, 0x38, 0xff, 0xdb, 0x8d, 0x34, 0xff, 0xd9, 0x8a, 0x32, 0xff, 0xda, 0x8a, 0x32, 0xff, 
0xda, 0x8a, 0x33, 0xff, 0xd9, 0x8a, 0x32, 0xff, 0xd8, 0x89, 0x31, 0xff, 0xda, 0x8b, 0x32, 0xff, 
0xde, 0x96, 0x38, 0xff, 0xdd, 0x92, 0x37, 0xff, 0xdd, 0x8f, 0x36, 0xff, 0xe0, 0x94, 0x36, 0xff, 
0xdc, 0x8f, 0x34, 0xff, 0xd9, 0x8a, 0x33, 0xff, 0xd7, 0x86, 0x2f, 0xff, 0xd6, 0x83, 0x2e, 0xff, 
0xd6, 0x82, 0x2e, 0xff, 0xd7, 0x83, 0x2e, 0xff, 0xd6, 0x84, 0x30, 0xff, 0xd0, 0x7b, 0x2a, 0xff, 
0xcd, 0x74, 0x26, 0xff, 0xcc, 0x72, 0x25, 0xff, 0xcd, 0x74, 0x27, 0xff, 0xd0, 0x78, 0x28, 0xff, 
0xd1, 0x79, 0x28, 0xff, 0xd0, 0x77, 0x29, 0xff, 0xcd, 0x74, 0x27, 0xff, 0xcb, 0x71, 0x25, 0xff, 
0xcf, 0x75, 0x27, 0xff, 0xcf, 0x76, 0x27, 0xff, 0xcb, 0x71, 0x25, 0xff, 0xcb, 0x72, 0x26, 0xff, 
0xcd, 0x74, 0x27, 0xff, 0xc8, 0x6e, 0x24, 0xff, 0xc1, 0x65, 0x21, 0xff, 0xc7, 0x6b, 0x23, 0xff, 
0xc4, 0x68, 0x22, 0xff, 0xbf, 0x62, 0x20, 0xff, 0xc7, 0x6b, 0x23, 0xff, 0xc9, 0x6f, 0x24, 0xff, 
0xcf, 0x78, 0x29, 0xff, 0xd3, 0x7d, 0x2b, 0xff, 0xca, 0x6f, 0x25, 0xff, 0xc9, 0x6f, 0x25, 0xff, 
0xcb, 0x70, 0x25, 0xff, 0xc9, 0x6e, 0x25, 0xff, 0xd0, 0x79, 0x2b, 0xff, 0xd9, 0x88, 0x32, 0xff, 
0xd4, 0x80, 0x2d, 0xff, 0xcf, 0x7a, 0x2b, 0xff, 0xc7, 0x6d, 0x25, 0xff, 0xb5, 0x58, 0x1c, 0xff, 
0xc0, 0x65, 0x21, 0xff, 0xc7, 0x6e, 0x25, 0xff, 0xc8, 0x6d, 0x25, 0xff, 0xcd, 0x74, 0x26, 0xff, 
0xcd, 0x74, 0x26, 0xff, 0xcf, 0x76, 0x28, 0xff, 0xcb, 0x70, 0x25, 0xff, 0xc4, 0x68, 0x22, 0xff, 
0xc2, 0x66, 0x22, 0xff, 0xc4, 0x67, 0x22, 0xff, 0xc1, 0x64, 0x20, 0xff, 0xbd, 0x5e, 0x1e, 0xff, 
0xbd, 0x5f, 0x1f, 0xff, 0xc4, 0x66, 0x21, 0xff, 0xc7, 0x6d, 0x25, 0xff, 0xcf, 0x7b, 0x2b, 0xff, 
0xd7, 0x85, 0x30, 0xff, 0xd5, 0x82, 0x2e, 0xff, 0xcd, 0x73, 0x26, 0xff, 0xc7, 0x6a, 0x22, 0xff, 
0xc2, 0x64, 0x20, 0xff, 0xc8, 0x6a, 0x23, 0xff, 0xcd, 0x72, 0x26, 0xff, 0xce, 0x76, 0x27, 0xff, 
0xd2, 0x7d, 0x2b, 0xff, 0xd3, 0x7e, 0x2c, 0xff, 0xd1, 0x7c, 0x2b, 0xff, 0xd7, 0x84, 0x30, 0xff, 
0xd6, 0x83, 0x2f, 0xff, 0xd1, 0x79, 0x2a, 0xff, 0xca, 0x6f, 0x24, 0xff, 0xca, 0x70, 0x23, 0xff, 
0xcb, 0x72, 0x24, 0xff, 0xca, 0x6f, 0x24, 0xff, 0xc9, 0x6d, 0x24, 0xff, 0xc8, 0x6d, 0x24, 0xff, 
0xc6, 0x6a, 0x23, 0xff, 0xca, 0x6f, 0x25, 0xff, 0xcf, 0x77, 0x28, 0xff, 0xca, 0x70, 0x25, 0xff, 
0xc8, 0x6d, 0x23, 0xff, 0xca, 0x6f, 0x24, 0xff, 0xcb, 0x70, 0x25, 0xff, 0xc9, 0x6e, 0x24, 0xff, 
0xc4, 0x68, 0x22, 0xff, 0xbf, 0x61, 0x20, 0xff, 0xc0, 0x62, 0x1f, 0xff, 0xc7, 0x6a, 0x22, 0xff, 
0xc8, 0x6c, 0x23, 0xff, 0xbf, 0x61, 0x1f, 0xff, 0xb5, 0x57, 0x1b, 0xff, 0xc0, 0x62, 0x20, 0xff, 
0xc9, 0x6e, 0x24, 0xff, 0xcc, 0x71, 0x26, 0xff, 0xca, 0x71, 0x25, 0xff, 0xc8, 0x6d, 0x24, 0xff, 
0xc5, 0x68, 0x23, 0xff, 0xc6, 0x68, 0x23, 0xff, 0xc7, 0x6a, 0x23, 0xff, 0xc8, 0x6b, 0x24, 0xff, 
0xcc, 0x72, 0x26, 0xff, 0xd2, 0x7e, 0x2c, 0xff, 0xca, 0x73, 0x28, 0xff, 0xbd, 0x61, 0x1f, 0xff, 
0xbb, 0x5d, 0x1e, 0xff, 0xb8, 0x5b, 0x1d, 0xff, 0xb3, 0x56, 0x1b, 0xff, 0xb0, 0x54, 0x1b, 0xff, 
0xb0, 0x54, 0x1c, 0xff, 0xab, 0x51, 0x1a, 0xff, 0xac, 0x52, 0x1a, 0xff, 0xb5, 0x57, 0x1c, 0xff, 
0xb7, 0x5b, 0x1e, 0xff, 0xb7, 0x5a, 0x1d, 0xff, 0xb7, 0x59, 0x1d, 0xff, 0xb7, 0x5a, 0x1d, 0xff, 
0xbb, 0x5d, 0x1e, 0xff, 0xc1, 0x64, 0x21, 0xff, 0xbd, 0x5f, 0x1f, 0xff, 0xb6, 0x5b, 0x1e, 0xff, 
0xb9, 0x5d, 0x1e, 0xff, 0xc1, 0x64, 0x20, 0xff, 0xc6, 0x6a, 0x23, 0xff, 0xc5, 0x69, 0x23, 0xff, 
0xb6, 0x58, 0x1d, 0xff, 0xb7, 0x59, 0x1c, 0xff, 0xbe, 0x61, 0x1e, 0xff, 0xc1, 0x64, 0x20, 0xff, 
0xc2, 0x65, 0x22, 0xff, 0xc2, 0x64, 0x21, 0xff, 0xc1, 0x63, 0x20, 0xff, 0xc3, 0x65, 0x21, 0xff, 
0xc9, 0x6e, 0x24, 0xff, 0xcb, 0x71, 0x26, 0xff, 0xc6, 0x69, 0x22, 0xff, 0xc7, 0x6a, 0x22, 0xff, 
0xc8, 0x6c, 0x23, 0xff, 0xca, 0x6f, 0x24, 0xff, 0xce, 0x74, 0x27, 0xff, 0xce, 0x74, 0x26, 0xff, 
0xce, 0x74, 0x26, 0xff, 0xce, 0x76, 0x28, 0xff, 0xcd, 0x74, 0x27, 0xff, 0xcc, 0x71, 0x25, 0xff, 
0xca, 0x6e, 0x23, 0xff, 0xc9, 0x6c, 0x23, 0xff, 0xc8, 0x6b, 0x23, 0xff, 0xce, 0x74, 0x28, 0xff, 
0xcc, 0x74, 0x27, 0xff, 0xc4, 0x69, 0x23, 0xff, 0xc2, 0x67, 0x22, 0xff, 0xc0, 0x65, 0x20, 0xff, 
0xbf, 0x62, 0x1f, 0xff, 0xc3, 0x66, 0x21, 0xff, 0xc6, 0x6b, 0x24, 0xff, 0xc5, 0x69, 0x23, 0xff, 
0xc3, 0x66, 0x21, 0xff, 0xc2, 0x65, 0x21, 0xff, 0xc0, 0x62, 0x1f, 0xff, 0xbd, 0x5e, 0x1e, 0xff, 
0xbc, 0x5f, 0x1f, 0xff, 0xc1, 0x64, 0x20, 0xff, 0xc5, 0x69, 0x21, 0xff, 0xc6, 0x69, 0x23, 0xff, 
0xc8, 0x6d, 0x24, 0xff, 0xc7, 0x6b, 0x23, 0xff, 0xc8, 0x6b, 0x24, 0xff, 0xc8, 0x6c, 0x23, 0xff, 
0xc7, 0x6b, 0x23, 0xff, 0xcc, 0x72, 0x27, 0xff, 0xcd, 0x74, 0x27, 0xff, 0xcd, 0x72, 0x26, 0xff, 
0xcf, 0x75, 0x28, 0xff, 0xd2, 0x7a, 0x2a, 0xff, 0xd0, 0x79, 0x29, 0xff, 0xcd, 0x74, 0x27, 0xff, 
0xcc, 0x73, 0x27, 0xff, 0xcd, 0x73, 0x26, 0xff, 0xcc, 0x72, 0x25, 0xff, 0xcb, 0x70, 0x25, 0xff, 
0xc5, 0x6b, 0x23, 0xff, 0xc7, 0x6d, 0x24, 0xff, 0xca, 0x70, 0x26, 0xff, 0xcb, 0x72, 0x26, 0xff, 
0xc8, 0x6c, 0x23, 0xff, 0xc3, 0x67, 0x21, 0xff, 0xbe, 0x61, 0x20, 0xff, 0xc7, 0x6a, 0x23, 0xff, 
0xc4, 0x67, 0x22, 0xff, 0xc2, 0x64, 0x20, 0xff, 0xcb, 0x70, 0x25, 0xff, 0xce, 0x73, 0x27, 0xff, 
0xcd, 0x73, 0x28, 0xff, 0xd1, 0x78, 0x2a, 0xff, 0xd5, 0x81, 0x2c, 0xff, 0xd2, 0x7a, 0x29, 0xff, 
0xcc, 0x70, 0x25, 0xff, 0xc9, 0x6e, 0x25, 0xff, 0xcc, 0x72, 0x27, 0xff, 0xce, 0x75, 0x27, 0xff, 
0xd0, 0x76, 0x27, 0xff, 0xcd, 0x73, 0x26, 0xff, 0xca, 0x6f, 0x25, 0xff, 0xd2, 0x7c, 0x2b, 0xff, 
0xd0, 0x7a, 0x2a, 0xff, 0xcc, 0x72, 0x26, 0xff, 0xd0, 0x77, 0x28, 0xff, 0xd2, 0x7c, 0x2a, 0xff, 
0xd5, 0x81, 0x2e, 0xff, 0xd0, 0x77, 0x28, 0xff, 0xc8, 0x6c, 0x23, 0xff, 0xc7, 0x6d, 0x23, 0xff, 
0xc7, 0x6c, 0x24, 0xff, 0xca, 0x6e, 0x24, 0xff, 0xcc, 0x71, 0x25, 0xff, 0xcf, 0x77, 0x28, 0xff, 
0xd6, 0x84, 0x2f, 0xff, 0xd6, 0x83, 0x2f, 0xff, 0xcf, 0x77, 0x28, 0xff, 0xcd, 0x73, 0x26, 0xff, 
0xce, 0x73, 0x26, 0xff, 0xcd, 0x73, 0x26, 0xff, 0xce, 0x76, 0x27, 0xff, 0xcd, 0x7a, 0x2b, 0xff, 
0xcf, 0x7c, 0x2c, 0xff, 0xd4, 0x7e, 0x2c, 0xff, 0xd3, 0x7e, 0x2c, 0xff, 0xd3, 0x7d, 0x2c, 0xff, 
0xd3, 0x7b, 0x2b, 0xff, 0xd1, 0x78, 0x29, 0xff, 0xcf, 0x76, 0x27, 0xff, 0xd0, 0x77, 0x28, 0xff, 
0xd3, 0x7b, 0x2c, 0xff, 0xd3, 0x80, 0x2d, 0xff, 0xd2, 0x7d, 0x2b, 0xff, 0xd0, 0x77, 0x28, 0xff, 
0xd3, 0x7e, 0x2c, 0xff, 0xd8, 0x88, 0x30, 0xff, 0xd8, 0x87, 0x31, 0xff, 0xd5, 0x82, 0x2e, 0xff, 
0xd6, 0x82, 0x2d, 0xff, 0xd7, 0x85, 0x30, 0xff, 0xd8, 0x88, 0x31, 0xff, 0xda, 0x8c, 0x33, 0xff, 
0xdc, 0x90, 0x36, 0xff, 0xdb, 0x8f, 0x35, 0xff, 0xdc, 0x90, 0x36, 0xff, 0xd9, 0x89, 0x31, 0xff, 
0xd7, 0x85, 0x2f, 0xff, 0xd8, 0x88, 0x31, 0xff, 0xda, 0x8b, 0x33, 0xff, 0xdb, 0x8f, 0x34, 0xff, 
0xdb, 0x8f, 0x34, 0xff, 0xd8, 0x86, 0x30, 0xff, 0xda, 0x8a, 0x33, 0xff, 0xdc, 0x92, 0x37, 0xff, 
0xd9, 0x8b, 0x33, 0xff, 0xd4, 0x7e, 0x2b, 0xff, 0xd0, 0x78, 0x28, 0xff, 0xcc, 0x72, 0x26, 0xff, 
0xcc, 0x72, 0x26, 0xff, 0xd3, 0x7d, 0x2b, 0xff, 0xd1, 0x7c, 0x2b, 0xff, 0xd1, 0x7a, 0x2a, 0xff, 
0xd1, 0x7c, 0x2b, 0xff, 0xcf, 0x78, 0x29, 0xff, 0xd0, 0x7b, 0x2a, 0xff, 0xd4, 0x7e, 0x2c, 0xff, 
0xd3, 0x7d, 0x2c, 0xff, 0xd3, 0x7e, 0x2d, 0xff, 0xd2, 0x7c, 0x2c, 0xff, 0xd0, 0x7b, 0x2a, 0xff, 
0xd4, 0x7e, 0x2c, 0xff, 0xd2, 0x7b, 0x2a, 0xff, 0xca, 0x71, 0x25, 0xff, 0xc6, 0x6c, 0x25, 0xff, 
0xcb, 0x71, 0x26, 0xff, 0xc8, 0x6f, 0x24, 0xff, 0xc9, 0x71, 0x25, 0xff, 0xcf, 0x76, 0x28, 0xff, 
0xc6, 0x6b, 0x24, 0xff, 0xc6, 0x6b, 0x24, 0xff, 0xc6, 0x69, 0x22, 0xff, 0xc5, 0x69, 0x22, 0xff, 
0xc3, 0x67, 0x22, 0xff, 0xc7, 0x6d, 0x24, 0xff, 0xce, 0x74, 0x27, 0xff, 0xcb, 0x72, 0x27, 0xff, 
0xce, 0x77, 0x29, 0xff, 0xd3, 0x7d, 0x2c, 0xff, 0xd5, 0x83, 0x2f, 0xff, 0xd0, 0x79, 0x2a, 0xff, 
0xba, 0x5c, 0x1d, 0xff, 0xab, 0x4d, 0x18, 0xff, 0xb1, 0x56, 0x1c, 0xff, 0xa9, 0x51, 0x1b, 0xff, 
0xb2, 0x56, 0x1b, 0xff, 0xc4, 0x68, 0x21, 0xff, 0xc3, 0x65, 0x21, 0xff, 0xca, 0x6e, 0x25, 0xff, 
0xd1, 0x7a, 0x2a, 0xff, 0xd0, 0x78, 0x28, 0xff, 0xce, 0x75, 0x27, 0xff, 0xce, 0x76, 0x28, 0xff, 
0xce, 0x73, 0x26, 0xff, 0xcc, 0x71, 0x26, 0xff, 0xc8, 0x6e, 0x26, 0xff, 0xc8, 0x6d, 0x25, 0xff, 
0xcd, 0x72, 0x27, 0xff, 0xc9, 0x6d, 0x24, 0xff, 0xc2, 0x64, 0x20, 0xff, 0xcd, 0x77, 0x29, 0xff, 
0xd8, 0x88, 0x32, 0xff, 0xd8, 0x88, 0x32, 0xff, 0xd0, 0x79, 0x2a, 0xff, 0xc9, 0x6d, 0x24, 0xff, 
0xcb, 0x71, 0x25, 0xff, 0xcd, 0x73, 0x27, 0xff, 0xce, 0x73, 0x26, 0xff, 0xcf, 0x76, 0x28, 0xff, 
0xce, 0x75, 0x27, 0xff, 0xc9, 0x6f, 0x24, 0xff, 0xc7, 0x6b, 0x23, 0xff, 0xcf, 0x79, 0x2a, 0xff, 
0xd1, 0x7b, 0x2a, 0xff, 0xc5, 0x68, 0x21, 0xff, 0xc1, 0x63, 0x20, 0xff, 0xc5, 0x69, 0x22, 0xff, 
0xc7, 0x6b, 0x22, 0xff, 0xcb, 0x6f, 0x24, 0xff, 0xce, 0x74, 0x26, 0xff, 0xcb, 0x71, 0x25, 0xff, 
0xc9, 0x6e, 0x25, 0xff, 0xcd, 0x73, 0x26, 0xff, 0xd2, 0x7c, 0x2b, 0xff, 0xd0, 0x78, 0x28, 0xff, 
0xcf, 0x75, 0x27, 0xff, 0xcf, 0x76, 0x28, 0xff, 0xce, 0x75, 0x27, 0xff, 0xcf, 0x77, 0x29, 0xff, 
0xd0, 0x77, 0x29, 0xff, 0xcc, 0x73, 0x26, 0xff, 0xcc, 0x72, 0x25, 0xff, 0xcc, 0x71, 0x26, 0xff, 
0xcb, 0x70, 0x25, 0xff, 0xc9, 0x6f, 0x25, 0xff, 0xc9, 0x70, 0x25, 0xff, 0xc9, 0x6e, 0x25, 0xff, 
0xc7, 0x6b, 0x23, 0xff, 0xc9, 0x6e, 0x25, 0xff, 0xcb, 0x70, 0x26, 0xff, 0xc8, 0x6c, 0x24, 0xff, 
0xc3, 0x66, 0x21, 0xff, 0xc3, 0x66, 0x21, 0xff, 0xc3, 0x66, 0x21, 0xff, 0xc2, 0x64, 0x21, 0xff, 
0xcb, 0x71, 0x26, 0xff, 0xd1, 0x7b, 0x2b, 0xff, 0xbd, 0x60, 0x20, 0xff, 0xb8, 0x5b, 0x1d, 0xff, 
0xba, 0x5e, 0x1f, 0xff, 0xb4, 0x58, 0x1d, 0xff, 0xab, 0x51, 0x1b, 0xff, 0xa7, 0x4e, 0x19, 0xff, 
0xa7, 0x4e, 0x1a, 0xff, 0xa7, 0x4f, 0x1a, 0xff, 0xa4, 0x4c, 0x18, 0xff, 0xa1, 0x4a, 0x18, 0xff, 
0xa4, 0x4e, 0x1a, 0xff, 0xad, 0x54, 0x1c, 0xff, 0xb0, 0x55, 0x1c, 0xff, 0xb4, 0x57, 0x1b, 0xff, 
0xbd, 0x60, 0x1f, 0xff, 0xc0, 0x64, 0x21, 0xff, 0xbd, 0x5f, 0x1e, 0xff, 0xbe, 0x64, 0x21, 0xff, 
0xbe, 0x65, 0x22, 0xff, 0xb9, 0x5b, 0x1d, 0xff, 0xba, 0x5b, 0x1d, 0xff, 0xba, 0x5b, 0x1e, 0xff, 
0xbf, 0x61, 0x20, 0xff, 0xbf, 0x61, 0x1f, 0xff, 0xc0, 0x62, 0x1f, 0xff, 0xc6, 0x69, 0x22, 0xff, 
0xc9, 0x6e, 0x24, 0xff, 0xc7, 0x6b, 0x23, 0xff, 0xc7, 0x6b, 0x23, 0xff, 0xcc, 0x72, 0x26, 0xff, 
0xca, 0x71, 0x26, 0xff, 0xc4, 0x67, 0x22, 0xff, 0xc0, 0x62, 0x20, 0xff, 0xbe, 0x61, 0x1f, 0xff, 
0xc2, 0x65, 0x21, 0xff, 0xc4, 0x68, 0x21, 0xff, 0xc5, 0x68, 0x22, 0xff, 0xca, 0x6f, 0x23, 0xff, 
0xd1, 0x7a, 0x29, 0xff, 0xd4, 0x7f, 0x2d, 0xff, 0xcf, 0x77, 0x28, 0xff, 0xcc, 0x72, 0x26, 0xff, 
0xcb, 0x71, 0x26, 0xff, 0xc9, 0x6f, 0x25, 0xff, 0xc9, 0x6e, 0x24, 0xff, 0xc6, 0x6a, 0x22, 0xff, 
0xc0, 0x62, 0x20, 0xff, 0xb5, 0x57, 0x1c, 0xff, 0xb7, 0x5b, 0x1d, 0xff, 0xbe, 0x61, 0x20, 0xff, 
0xc1, 0x63, 0x21, 0xff, 0xbe, 0x60, 0x1f, 0xff, 0xb9, 0x5a, 0x1d, 0xff, 0xba, 0x5b, 0x1d, 0xff, 
0xc0, 0x63, 0x20, 0xff, 0xc6, 0x6a, 0x23, 0xff, 0xc6, 0x6a, 0x22, 0xff, 0xc2, 0x65, 0x20, 0xff, 
0xbf, 0x61, 0x20, 0xff, 0xc0, 0x63, 0x20, 0xff, 0xc1, 0x63, 0x20, 0xff, 0xc1, 0x64, 0x20, 0xff, 
0xc5, 0x69, 0x22, 0xff, 0xc7, 0x6b, 0x23, 0xff, 0xc6, 0x69, 0x23, 0xff, 0xc8, 0x6c, 0x23, 0xff, 
0xcb, 0x70, 0x25, 0xff, 0xca, 0x6d, 0x24, 0xff, 0xc8, 0x6d, 0x24, 0xff, 0xcc, 0x72, 0x26, 0xff, 
0xd1, 0x77, 0x28, 0xff, 0xd0, 0x76, 0x28, 0xff, 0xce, 0x76, 0x27, 0xff, 0xd1, 0x7a, 0x2a, 0xff, 
0xd4, 0x7e, 0x2c, 0xff, 0xd1, 0x7b, 0x2a, 0xff, 0xcf, 0x76, 0x28, 0xff, 0xce, 0x74, 0x26, 0xff, 
0xc4, 0x6a, 0x23, 0xff, 0xc3, 0x69, 0x23, 0xff, 0xcb, 0x72, 0x26, 0xff, 0xce, 0x76, 0x27, 0xff, 
0xcb, 0x6f, 0x24, 0xff, 0xc4, 0x67, 0x22, 0xff, 0xc2, 0x65, 0x21, 0xff, 0xc4, 0x67, 0x21, 0xff, 
0xc6, 0x69, 0x22, 0xff, 0xc7, 0x6a, 0x23, 0xff, 0xc7, 0x6b, 0x22, 0xff, 0xcc, 0x73, 0x26, 0xff, 
0xd5, 0x7f, 0x2c, 0xff, 0xd6, 0x81, 0x2e, 0xff, 0xd0, 0x7a, 0x29, 0xff, 0xc9, 0x6f, 0x24, 0xff, 
0xcd, 0x74, 0x27, 0xff, 0xd1, 0x79, 0x2a, 0xff, 0xcf, 0x77, 0x29, 0xff, 0xcf, 0x76, 0x28, 0xff, 
0xce, 0x76, 0x27, 0xff, 0xd1, 0x78, 0x29, 0xff, 0xd1, 0x78, 0x28, 0xff, 0xcc, 0x71, 0x26, 0xff, 
0xc8, 0x6d, 0x24, 0xff, 0xc7, 0x6b, 0x24, 0xff, 0xc4, 0x67, 0x21, 0xff, 0xc7, 0x6a, 0x22, 0xff, 
0xcf, 0x78, 0x29, 0xff, 0xd3, 0x7f, 0x2c, 0xff, 0xd1, 0x78, 0x28, 0xff, 0xcd, 0x73, 0x26, 0xff, 
0xce, 0x76, 0x28, 0xff, 0xd0, 0x78, 0x28, 0xff, 0xcf, 0x77, 0x29, 0xff, 0xce, 0x75, 0x27, 0xff, 
0xce, 0x75, 0x27, 0xff, 0xd0, 0x79, 0x29, 0xff, 0xd0, 0x78, 0x29, 0xff, 0xce, 0x74, 0x26, 0xff, 
0xcf, 0x74, 0x27, 0xff, 0xcf, 0x76, 0x27, 0xff, 0xce, 0x74, 0x26, 0xff, 0xce, 0x78, 0x29, 0xff, 
0xcf, 0x77, 0x29, 0xff, 0xd0, 0x78, 0x29, 0xff, 0xd4, 0x7f, 0x2d, 0xff, 0xd6, 0x82, 0x30, 0xff, 
0xd7, 0x82, 0x2f, 0xff, 0xcf, 0x76, 0x27, 0xff, 0xc7, 0x6a, 0x23, 0xff, 0xc8, 0x6c, 0x24, 0xff, 
0xd0, 0x7a, 0x2a, 0xff, 0xdb, 0x8c, 0x34, 0xff, 0xda, 0x8b, 0x34, 0xff, 0xd8, 0x86, 0x30, 0xff, 
0xd7, 0x85, 0x2f, 0xff, 0xd8, 0x87, 0x30, 0xff, 0xd9, 0x89, 0x31, 0xff, 0xd8, 0x88, 0x30, 0xff, 
0xd8, 0x87, 0x30, 0xff, 0xd6, 0x82, 0x2e, 0xff, 0xd5, 0x82, 0x2e, 0xff, 0xd6, 0x84, 0x2f, 0xff, 
0xd7, 0x85, 0x30, 0xff, 0xd7, 0x87, 0x30, 0xff, 0xd4, 0x80, 0x2e, 0xff, 0xd3, 0x7f, 0x2d, 0xff, 
0xd7, 0x86, 0x30, 0xff, 0xd9, 0x89, 0x31, 0xff, 0xd9, 0x87, 0x31, 0xff, 0xda, 0x8e, 0x34, 0xff, 
0xdc, 0x91, 0x36, 0xff, 0xdb, 0x8e, 0x34, 0xff, 0xdc, 0x90, 0x35, 0xff, 0xdb, 0x8f, 0x35, 0xff, 
0xd8, 0x87, 0x31, 0xff, 0xd4, 0x80, 0x2e, 0xff, 0xd1, 0x7b, 0x2b, 0xff, 0xcf, 0x78, 0x28, 0xff, 
0xd1, 0x7a, 0x2a, 0xff, 0xd5, 0x82, 0x2e, 0xff, 0xd7, 0x86, 0x30, 0xff, 0xda, 0x8b, 0x32, 0xff, 
0xda, 0x8b, 0x32, 0xff, 0xd7, 0x85, 0x2f, 0xff, 0xd8, 0x87, 0x30, 0xff, 0xda, 0x8a, 0x32, 0xff, 
0xd5, 0x84, 0x2f, 0xff, 0xd1, 0x7b, 0x2a, 0xff, 0xce, 0x75, 0x27, 0xff, 0xcc, 0x71, 0x25, 0xff, 
0xcb, 0x70, 0x26, 0xff, 0xc8, 0x6e, 0x25, 0xff, 0xc9, 0x6e, 0x25, 0xff, 0xcd, 0x73, 0x27, 0xff, 
0xcc, 0x73, 0x28, 0xff, 0xcc, 0x72, 0x26, 0xff, 0xcd, 0x73, 0x27, 0xff, 0xcb, 0x71, 0x25, 0xff, 
0xcf, 0x77, 0x28, 0xff, 0xd5, 0x80, 0x2d, 0xff, 0xd6, 0x81, 0x2e, 0xff, 0xcf, 0x78, 0x2a, 0xff, 
0xc7, 0x6e, 0x25, 0xff, 0xca, 0x73, 0x27, 0xff, 0xc9, 0x71, 0x26, 0xff, 0xca, 0x72, 0x26, 0xff, 
0xd1, 0x7b, 0x2b, 0xff, 0xd0, 0x79, 0x2a, 0xff, 0xd1, 0x7a, 0x2a, 0xff, 0xce, 0x75, 0x28, 0xff, 
0xcb, 0x72, 0x27, 0xff, 0xcb, 0x74, 0x28, 0xff, 0xd0, 0x79, 0x2a, 0xff, 0xcf, 0x75, 0x27, 0xff, 
0xce, 0x74, 0x27, 0xff, 0xce, 0x73, 0x26, 0xff, 0xca, 0x6d, 0x24, 0xff, 0xd1, 0x7b, 0x2b, 0xff, 
0xd1, 0x7a, 0x2a, 0xff, 0xc7, 0x69, 0x22, 0xff, 0xcb, 0x70, 0x25, 0xff, 0xcf, 0x76, 0x27, 0xff, 
0xcf, 0x76, 0x27, 0xff, 0xd3, 0x7c, 0x2b, 0xff, 0xd6, 0x81, 0x2e, 0xff, 0xd8, 0x86, 0x31, 0xff, 
0xd7, 0x84, 0x2f, 0xff, 0xd1, 0x7a, 0x2a, 0xff, 0xcf, 0x78, 0x29, 0xff, 0xd4, 0x80, 0x2d, 0xff, 
0xd1, 0x7b, 0x2b, 0xff, 0xd6, 0x84, 0x30, 0xff, 0xd5, 0x83, 0x2f, 0xff, 0xcd, 0x73, 0x27, 0xff, 
0xce, 0x75, 0x28, 0xff, 0xd0, 0x78, 0x29, 0xff, 0xcd, 0x73, 0x26, 0xff, 0xcb, 0x70, 0x24, 0xff, 
0xcc, 0x72, 0x25, 0xff, 0xc9, 0x6f, 0x24, 0xff, 0xcb, 0x71, 0x25, 0xff, 0xcc, 0x73, 0x26, 0xff, 
0xcb, 0x72, 0x25, 0xff, 0xc9, 0x6e, 0x25, 0xff, 0xc6, 0x6b, 0x24, 0xff, 0xc8, 0x6e, 0x24, 0xff, 
0xd0, 0x78, 0x29, 0xff, 0xd3, 0x7e, 0x2c, 0xff, 0xd2, 0x7a, 0x29, 0xff, 0xcf, 0x76, 0x27, 0xff, 
0xcf, 0x76, 0x27, 0xff, 0xce, 0x76, 0x28, 0xff, 0xcc, 0x72, 0x27, 0xff, 0xcd, 0x73, 0x26, 0xff, 
0xcd, 0x72, 0x27, 0xff, 0xcd, 0x75, 0x28, 0xff, 0xcc, 0x72, 0x26, 0xff, 0xcc, 0x73, 0x26, 0xff, 
0xd0, 0x79, 0x29, 0xff, 0xcf, 0x77, 0x29, 0xff, 0xce, 0x74, 0x28, 0xff, 0xce, 0x75, 0x27, 0xff, 
0xce, 0x75, 0x26, 0xff, 0xca, 0x71, 0x25, 0xff, 0xcc, 0x71, 0x26, 0xff, 0xcb, 0x70, 0x25, 0xff, 
0xc6, 0x6a, 0x23, 0xff, 0xc2, 0x65, 0x21, 0xff, 0xc0, 0x63, 0x20, 0xff, 0xc3, 0x66, 0x22, 0xff, 
0xc6, 0x69, 0x23, 0xff, 0xc6, 0x6a, 0x23, 0xff, 0xc2, 0x66, 0x22, 0xff, 0xb9, 0x5c, 0x1e, 0xff, 
0xbe, 0x61, 0x1f, 0xff, 0xc4, 0x68, 0x22, 0xff, 0xbc, 0x60, 0x20, 0xff, 0xb6, 0x58, 0x1c, 0xff, 
0xb6, 0x58, 0x1d, 0xff, 0xb6, 0x59, 0x1c, 0xff, 0xb1, 0x55, 0x1c, 0xff, 0xa3, 0x4c, 0x18, 0xff, 
0x9a, 0x47, 0x16, 0xff, 0xa2, 0x4b, 0x19, 0xff, 0xb3, 0x57, 0x1d, 0xff, 0xb4, 0x5a, 0x1d, 0xff, 
0xa9, 0x51, 0x1b, 0xff, 0xa9, 0x50, 0x1a, 0xff, 0xae, 0x54, 0x1b, 0xff, 0xb8, 0x5b, 0x1d, 0xff, 
0xbf, 0x61, 0x1f, 0xff, 0xb6, 0x5a, 0x1d, 0xff, 0xae, 0x52, 0x1b, 0xff, 0xb3, 0x56, 0x1c, 0xff, 
0xb8, 0x5c, 0x1e, 0xff, 0xb6, 0x59, 0x1d, 0xff, 0xb8, 0x5a, 0x1c, 0xff, 0xbd, 0x5f, 0x1e, 0xff, 
0xc0, 0x63, 0x20, 0xff, 0xc1, 0x64, 0x21, 0xff, 0xc3, 0x67, 0x21, 0xff, 0xc7, 0x6a, 0x23, 0xff, 
0xc5, 0x69, 0x22, 0xff, 0xc5, 0x69, 0x22, 0xff, 0xca, 0x6f, 0x25, 0xff, 0xcc, 0x72, 0x26, 0xff, 
0xc7, 0x6d, 0x23, 0xff, 0xc5, 0x6a, 0x22, 0xff, 0xc5, 0x69, 0x23, 0xff, 0xc4, 0x67, 0x22, 0xff, 
0xc3, 0x66, 0x22, 0xff, 0xc7, 0x6b, 0x23, 0xff, 0xc9, 0x6e, 0x24, 0xff, 0xca, 0x6f, 0x26, 0xff, 
0xcf, 0x75, 0x28, 0xff, 0xd3, 0x7d, 0x2c, 0xff, 0xd4, 0x80, 0x2d, 0xff, 0xd0, 0x78, 0x28, 0xff, 
0xc8, 0x6e, 0x24, 0xff, 0xc7, 0x6d, 0x24, 0xff, 0xc9, 0x6e, 0x24, 0xff, 0xc7, 0x6b, 0x23, 0xff, 
0xc7, 0x6b, 0x24, 0xff, 0xc7, 0x6b, 0x23, 0xff, 0xc2, 0x65, 0x20, 0xff, 0xc1, 0x64, 0x21, 0xff, 
0xc4, 0x68, 0x23, 0xff, 0xc3, 0x66, 0x22, 0xff, 0xc4, 0x67, 0x22, 0xff, 0xc6, 0x6a, 0x23, 0xff, 
0xc5, 0x69, 0x22, 0xff, 0xc2, 0x64, 0x20, 0xff, 0xc1, 0x62, 0x1f, 0xff, 0xc1, 0x64, 0x20, 0xff, 
0xc2, 0x64, 0x20, 0xff, 0xc1, 0x63, 0x20, 0xff, 0xc2, 0x64, 0x20, 0xff, 0xc4, 0x67, 0x21, 0xff, 
0xc7, 0x6a, 0x23, 0xff, 0xc7, 0x6a, 0x23, 0xff, 0xc5, 0x69, 0x22, 0xff, 0xca, 0x70, 0x25, 0xff, 
0xce, 0x75, 0x27, 0xff, 0xcc, 0x72, 0x26, 0xff, 0xcd, 0x74, 0x26, 0xff, 0xd0, 0x76, 0x28, 0xff, 
0xcf, 0x76, 0x27, 0xff, 0xd0, 0x79, 0x29, 0xff, 0xd2, 0x7e, 0x2c, 0xff, 0xd3, 0x80, 0x2d, 0xff, 
0xd1, 0x7a, 0x2a, 0xff, 0xce, 0x75, 0x28, 0xff, 0xcc, 0x73, 0x26, 0xff, 0xc7, 0x6b, 0x23, 0xff, 
0xc5, 0x69, 0x23, 0xff, 0xc7, 0x6c, 0x24, 0xff, 0xcd, 0x74, 0x26, 0xff, 0xd3, 0x7f, 0x2c, 0xff, 
0xd2, 0x7d, 0x2c, 0xff, 0xca, 0x6e, 0x24, 0xff, 0xc5, 0x68, 0x21, 0xff, 0xc3, 0x66, 0x21, 0xff, 
0xc7, 0x6b, 0x22, 0xff, 0xcb, 0x71, 0x24, 0xff, 0xce, 0x77, 0x29, 0xff, 0xd0, 0x7a, 0x29, 0xff, 
0xcc, 0x72, 0x25, 0xff, 0xc8, 0x6c, 0x24, 0xff, 0xc3, 0x66, 0x21, 0xff, 0xc5, 0x68, 0x22, 0xff, 
0xc8, 0x6d, 0x25, 0xff, 0xc8, 0x6d, 0x25, 0xff, 0xc8, 0x6d, 0x24, 0xff, 0xcf, 0x77, 0x28, 0xff, 
0xd4, 0x7e, 0x2c, 0xff, 0xd1, 0x7a, 0x2a, 0xff, 0xcf, 0x76, 0x27, 0xff, 0xd0, 0x76, 0x27, 0xff, 
0xcf, 0x76, 0x28, 0xff, 0xcc, 0x73, 0x27, 0xff, 0xca, 0x6f, 0x26, 0xff, 0xc9, 0x6d, 0x24, 0xff, 
0xcc, 0x72, 0x26, 0xff, 0xd3, 0x7f, 0x2c, 0xff, 0xd1, 0x7b, 0x2a, 0xff, 0xd0, 0x78, 0x29, 0xff, 
0xd1, 0x7c, 0x2a, 0xff, 0xd5, 0x81, 0x2d, 0xff, 0xd5, 0x81, 0x2e, 0xff, 0xcf, 0x78, 0x28, 0xff, 
0xcd, 0x72, 0x24, 0xff, 0xcd, 0x73, 0x25, 0xff, 0xd4, 0x80, 0x2e, 0xff, 0xd3, 0x80, 0x2e, 0xff, 
0xcf, 0x7a, 0x2b, 0xff, 0xd3, 0x7e, 0x2b, 0xff, 0xd5, 0x82, 0x2e, 0xff, 0xd6, 0x84, 0x30, 0xff, 
0xcf, 0x78, 0x29, 0xff, 0xcb, 0x71, 0x26, 0xff, 0xd4, 0x7d, 0x2c, 0xff, 0xd5, 0x80, 0x2e, 0xff, 
0xd1, 0x78, 0x29, 0xff, 0xc3, 0x66, 0x22, 0xff, 0xbb, 0x5c, 0x1d, 0xff, 0xc1, 0x63, 0x20, 0xff, 
0xcb, 0x70, 0x25, 0xff, 0xd4, 0x7c, 0x2b, 0xff, 0xd5, 0x80, 0x2c, 0xff, 0xd6, 0x83, 0x2e, 0xff, 
0xd9, 0x89, 0x32, 0xff, 0xd9, 0x8a, 0x32, 0xff, 0xd8, 0x89, 0x31, 0xff, 0xd8, 0x89, 0x32, 0xff, 
0xd8, 0x89, 0x31, 0xff, 0xd9, 0x89, 0x32, 0xff, 0xd9, 0x88, 0x30, 0xff, 0xd6, 0x83, 0x2e, 0xff, 
0xd6, 0x85, 0x2f, 0xff, 0xd8, 0x88, 0x30, 0xff, 0xd4, 0x80, 0x2c, 0xff, 0xd2, 0x7d, 0x2b, 0xff, 
0xd2, 0x7b, 0x2a, 0xff, 0xd2, 0x7b, 0x2b, 0xff, 0xd4, 0x80, 0x2d, 0xff, 0xd5, 0x83, 0x2f, 0xff, 
0xda, 0x8c, 0x34, 0xff, 0xdd, 0x92, 0x37, 0xff, 0xda, 0x8d, 0x34, 0xff, 0xda, 0x8c, 0x33, 0xff, 
0xdb, 0x8c, 0x34, 0xff, 0xde, 0x94, 0x38, 0xff, 0xdf, 0x97, 0x3a, 0xff, 0xdf, 0x97, 0x39, 0xff, 
0xdf, 0x96, 0x39, 0xff, 0xda, 0x8d, 0x34, 0xff, 0xd9, 0x8a, 0x32, 0xff, 0xd7, 0x85, 0x2f, 0xff, 
0xd2, 0x7d, 0x2b, 0xff, 0xd1, 0x7a, 0x2a, 0xff, 0xd1, 0x79, 0x2a, 0xff, 0xd1, 0x7a, 0x29, 0xff, 
0xd5, 0x83, 0x2e, 0xff, 0xd7, 0x86, 0x30, 0xff, 0xcf, 0x78, 0x27, 0xff, 0xc8, 0x6c, 0x23, 0xff, 
0xc7, 0x6b, 0x23, 0xff, 0xc8, 0x6d, 0x24, 0xff, 0xc6, 0x6b, 0x23, 0xff, 0xca, 0x6f, 0x25, 0xff, 
0xca, 0x6e, 0x24, 0xff, 0xc4, 0x65, 0x22, 0xff, 0xc7, 0x6a, 0x23, 0xff, 0xcc, 0x71, 0x26, 0xff, 
0xc8, 0x6c, 0x24, 0xff, 0xc7, 0x6b, 0x23, 0xff, 0xcb, 0x71, 0x26, 0xff, 0xcc, 0x73, 0x27, 0xff, 
0xd3, 0x7b, 0x2a, 0xff, 0xcd, 0x74, 0x27, 0xff, 0xbe, 0x63, 0x1f, 0xff, 0xc8, 0x6d, 0x23, 0xff, 
0xd2, 0x7c, 0x2b, 0xff, 0xd3, 0x7d, 0x2d, 0xff, 0xd1, 0x79, 0x2a, 0xff, 0xd1, 0x79, 0x29, 0xff, 
0xd4, 0x7f, 0x2d, 0xff, 0xd8, 0x83, 0x2f, 0xff, 0xd4, 0x7c, 0x2b, 0xff, 0xd6, 0x80, 0x2d, 0xff, 
0xda, 0x88, 0x31, 0xff, 0xd3, 0x7e, 0x2c, 0xff, 0xd6, 0x80, 0x2d, 0xff, 0xd8, 0x86, 0x31, 0xff, 
0xd1, 0x7c, 0x2b, 0xff, 0xc8, 0x6e, 0x25, 0xff, 0xc6, 0x6c, 0x26, 0xff, 0xc7, 0x6d, 0x24, 0xff, 
0xca, 0x6f, 0x26, 0xff, 0xcb, 0x71, 0x26, 0xff, 0xcb, 0x73, 0x27, 0xff, 0xd2, 0x7c, 0x2b, 0xff, 
0xd7, 0x84, 0x2f, 0xff, 0xd9, 0x89, 0x32, 0xff, 0xd7, 0x85, 0x2f, 0xff, 0xcc, 0x72, 0x26, 0xff, 
0xc5, 0x69, 0x22, 0xff, 0xcd, 0x76, 0x29, 0xff, 0xd2, 0x7c, 0x2b, 0xff, 0xca, 0x70, 0x26, 0xff, 
0xc9, 0x6f, 0x25, 0xff, 0xcd, 0x75, 0x28, 0xff, 0xca, 0x70, 0x25, 0xff, 0xcb, 0x71, 0x25, 0xff, 
0xcd, 0x75, 0x27, 0xff, 0xce, 0x79, 0x28, 0xff, 0xd2, 0x7d, 0x2b, 0xff, 0xd5, 0x82, 0x2d, 0xff, 
0xd5, 0x81, 0x2d, 0xff, 0xcf, 0x79, 0x29, 0xff, 0xd1, 0x7a, 0x2a, 0xff, 0xd4, 0x7e, 0x2b, 0xff, 
0xcf, 0x79, 0x2a, 0xff, 0xcc, 0x74, 0x28, 0xff, 0xcd, 0x73, 0x26, 0xff, 0xcb, 0x70, 0x25, 0xff, 
0xcd, 0x73, 0x27, 0xff, 0xcd, 0x72, 0x27, 0xff, 0xca, 0x70, 0x24, 0xff, 0xc9, 0x6d, 0x24, 0xff, 
0xc6, 0x6a, 0x23, 0xff, 0xc7, 0x6b, 0x23, 0xff, 0xca, 0x6e, 0x25, 0xff, 0xcc, 0x71, 0x26, 0xff, 
0xce, 0x76, 0x27, 0xff, 0xcd, 0x75, 0x27, 0xff, 0xcb, 0x6f, 0x25, 0xff, 0xc9, 0x6d, 0x25, 0xff, 
0xcc, 0x70, 0x25, 0xff, 0xcd, 0x73, 0x26, 0xff, 0xca, 0x6f, 0x24, 0xff, 0xc9, 0x6c, 0x24, 0xff, 
0xc8, 0x6b, 0x24, 0xff, 0xc5, 0x69, 0x22, 0xff, 0xc4, 0x67, 0x22, 0xff, 0xc3, 0x67, 0x22, 0xff, 
0xc0, 0x63, 0x20, 0xff, 0xbf, 0x61, 0x1f, 0xff, 0xbd, 0x5f, 0x1f, 0xff, 0xbb, 0x5d, 0x1e, 0xff, 
0xbf, 0x61, 0x20, 0xff, 0xbd, 0x61, 0x1f, 0xff, 0xac, 0x51, 0x1a, 0xff, 0xa8, 0x4d, 0x19, 0xff, 
0xac, 0x51, 0x1b, 0xff, 0xaf, 0x55, 0x1b, 0xff, 0xa9, 0x50, 0x1a, 0xff, 0x9c, 0x47, 0x17, 0xff, 
0x9c, 0x48, 0x17, 0xff, 0xa7, 0x50, 0x1a, 0xff, 0xb8, 0x5d, 0x1e, 0xff, 0xbe, 0x60, 0x1f, 0xff, 
0xbb, 0x5c, 0x1e, 0xff, 0xb7, 0x59, 0x1c, 0xff, 0xbb, 0x5d, 0x1e, 0xff, 0xc4, 0x67, 0x21, 0xff, 
0xbe, 0x61, 0x20, 0xff, 0xb7, 0x5a, 0x1d, 0xff, 0xb5, 0x58, 0x1c, 0xff, 0xb5, 0x57, 0x1c, 0xff, 
0xb9, 0x5b, 0x1d, 0xff, 0xbe, 0x61, 0x1f, 0xff, 0xc0, 0x63, 0x20, 0xff, 0xbe, 0x61, 0x1f, 0xff, 
0xbf, 0x62, 0x20, 0xff, 0xc0, 0x62, 0x1f, 0xff, 0xc7, 0x6a, 0x23, 0xff, 0xc8, 0x6c, 0x23, 0xff, 
0xc5, 0x69, 0x22, 0xff, 0xc1, 0x64, 0x20, 0xff, 0xbe, 0x60, 0x20, 0xff, 0xbf, 0x61, 0x1f, 0xff, 
0xc1, 0x64, 0x20, 0xff, 0xc2, 0x66, 0x21, 0xff, 0xc5, 0x69, 0x23, 0xff, 0xc7, 0x6b, 0x23, 0xff, 
0xc8, 0x6c, 0x23, 0xff, 0xc8, 0x6d, 0x24, 0xff, 0xc5, 0x69, 0x22, 0xff, 0xc3, 0x66, 0x22, 0xff, 
0xc7, 0x6a, 0x23, 0xff, 0xcc, 0x70, 0x25, 0xff, 0xcf, 0x76, 0x28, 0xff, 0xca, 0x70, 0x24, 0xff, 
0xc8, 0x6c, 0x24, 0xff, 0xc9, 0x6d, 0x24, 0xff, 0xca, 0x6e, 0x25, 0xff, 0xcb, 0x6f, 0x26, 0xff, 
0xc9, 0x6e, 0x25, 0xff, 0xca, 0x6f, 0x25, 0xff, 0xce, 0x74, 0x27, 0xff, 0xcf, 0x77, 0x28, 0xff, 
0xcf, 0x77, 0x29, 0xff, 0xd0, 0x78, 0x29, 0xff, 0xd0, 0x78, 0x29, 0xff, 0xd1, 0x79, 0x29, 0xff, 
0xd2, 0x79, 0x29, 0xff, 0xcf, 0x78, 0x29, 0xff, 0xcd, 0x73, 0x28, 0xff, 0xc8, 0x6c, 0x24, 0xff, 
0xc8, 0x6f, 0x25, 0xff, 0xca, 0x71, 0x25, 0xff, 0xc9, 0x6f, 0x25, 0xff, 0xc7, 0x6b, 0x24, 0xff, 
0xc3, 0x66, 0x21, 0xff, 0xc2, 0x65, 0x21, 0xff, 0xc3, 0x67, 0x21, 0xff, 0xc9, 0x6e, 0x24, 0xff, 
0xcd, 0x73, 0x26, 0xff, 0xcf, 0x77, 0x28, 0xff, 0xce, 0x78, 0x29, 0xff, 0xcc, 0x75, 0x28, 0xff, 
0xd0, 0x79, 0x29, 0xff, 0xd3, 0x7f, 0x2b, 0xff, 0xd7, 0x88, 0x31, 0xff, 0xd0, 0x7b, 0x2a, 0xff, 
0xc9, 0x6d, 0x24, 0xff, 0xc9, 0x6d, 0x23, 0xff, 0xc7, 0x6c, 0x22, 0xff, 0xc4, 0x66, 0x22, 0xff, 
0xc5, 0x69, 0x22, 0xff, 0xc8, 0x6c, 0x24, 0xff, 0xcc, 0x72, 0x27, 0xff, 0xd0, 0x79, 0x2a, 0xff, 
0xd1, 0x7a, 0x2a, 0xff, 0xcf, 0x77, 0x28, 0xff, 0xcc, 0x72, 0x26, 0xff, 0xca, 0x70, 0x25, 0xff, 
0xca, 0x70, 0x24, 0xff, 0xcf, 0x78, 0x28, 0xff, 0xd3, 0x7e, 0x2c, 0xff, 0xce, 0x76, 0x28, 0xff, 
0xc6, 0x6b, 0x23, 0xff, 0xc4, 0x69, 0x22, 0xff, 0xc6, 0x6b, 0x23, 0xff, 0xca, 0x70, 0x25, 0xff, 
0xcc, 0x71, 0x26, 0xff, 0xcc, 0x73, 0x26, 0xff, 0xcf, 0x77, 0x28, 0xff, 0xd2, 0x7b, 0x2a, 0xff, 
0xce, 0x77, 0x29, 0xff, 0xcf, 0x77, 0x29, 0xff, 0xc8, 0x6e, 0x24, 0xff, 0xc8, 0x6c, 0x24, 0xff, 
0xca, 0x70, 0x25, 0xff, 0xc9, 0x6f, 0x25, 0xff, 0xc9, 0x6f, 0x25, 0xff, 0xc7, 0x6b, 0x23, 0xff, 
0xc2, 0x65, 0x21, 0xff, 0xc4, 0x66, 0x21, 0xff, 0xc5, 0x68, 0x23, 0xff, 0xcc, 0x73, 0x27, 0xff, 
0xd0, 0x7b, 0x2a, 0xff, 0xce, 0x78, 0x29, 0xff, 0xd0, 0x79, 0x29, 0xff, 0xcf, 0x77, 0x29, 0xff, 
0xcc, 0x71, 0x26, 0xff, 0xc7, 0x69, 0x22, 0xff, 0xcb, 0x71, 0x26, 0xff, 0xcd, 0x79, 0x2b, 0xff, 
0xce, 0x79, 0x2b, 0xff, 0xd4, 0x81, 0x2d, 0xff, 0xd1, 0x7d, 0x2c, 0xff, 0xcd, 0x74, 0x28, 0xff, 
0xd0, 0x7a, 0x2a, 0xff, 0xd4, 0x82, 0x2e, 0xff, 0xd4, 0x7f, 0x2c, 0xff, 0xce, 0x73, 0x27, 0xff, 
0xc2, 0x65, 0x20, 0xff, 0xbe, 0x60, 0x1f, 0xff, 0xbd, 0x60, 0x1f, 0xff, 0xbd, 0x5f, 0x1e, 0xff, 
0xbe, 0x60, 0x20, 0xff, 0xbf, 0x61, 0x1f, 0xff, 0xc2, 0x63, 0x1f, 0xff, 0xc9, 0x6d, 0x23, 0xff, 
0xd2, 0x7c, 0x2b, 0xff, 0xd5, 0x82, 0x2e, 0xff, 0xd4, 0x80, 0x2d, 0xff, 0xd6, 0x86, 0x31, 0xff, 
0xd6, 0x86, 0x31, 0xff, 0xd0, 0x7b, 0x2a, 0xff, 0xd1, 0x7a, 0x29, 0xff, 0xd2, 0x7d, 0x2a, 0xff, 
0xd0, 0x7a, 0x29, 0xff, 0xd1, 0x7a, 0x2a, 0xff, 0xd8, 0x89, 0x31, 0xff, 0xd7, 0x84, 0x2f, 0xff, 
0xd0, 0x79, 0x29, 0xff, 0xce, 0x75, 0x28, 0xff, 0xcf, 0x78, 0x29, 0xff, 0xd1, 0x7c, 0x2b, 0xff, 
0xce, 0x76, 0x27, 0xff, 0xd0, 0x7a, 0x2a, 0xff, 0xd2, 0x7c, 0x2c, 0xff, 0xd5, 0x82, 0x2e, 0xff, 
0xd6, 0x83, 0x2e, 0xff, 0xd9, 0x89, 0x31, 0xff, 0xdd, 0x93, 0x37, 0xff, 0xdc, 0x90, 0x36, 0xff, 
0xd7, 0x85, 0x30, 0xff, 0xd4, 0x81, 0x2e, 0xff, 0xd5, 0x84, 0x2e, 0xff, 0xd1, 0x7c, 0x2a, 0xff, 
0xc3, 0x65, 0x20, 0xff, 0xc4, 0x66, 0x22, 0xff, 0xc4, 0x68, 0x22, 0xff, 0xc2, 0x64, 0x1f, 0xff, 
0xce, 0x77, 0x28, 0xff, 0xd5, 0x82, 0x2f, 0xff, 0xd0, 0x77, 0x28, 0xff, 0xcb, 0x70, 0x25, 0xff, 
0xcd, 0x73, 0x27, 0xff, 0xce, 0x75, 0x27, 0xff, 0xd0, 0x76, 0x27, 0xff, 0xd0, 0x77, 0x28, 0xff, 
0xd0, 0x76, 0x28, 0xff, 0xcb, 0x70, 0x26, 0xff, 0xcd, 0x73, 0x26, 0xff, 0xcc, 0x72, 0x25, 0xff, 
0xc3, 0x65, 0x21, 0xff, 0xc5, 0x68, 0x22, 0xff, 0xca, 0x6f, 0x24, 0xff, 0xca, 0x6f, 0x25, 0xff, 
0xc7, 0x6d, 0x24, 0xff, 0xc8, 0x6d, 0x24, 0xff, 0xd1, 0x78, 0x29, 0xff, 0xd2, 0x7c, 0x2b, 0xff, 
0xd5, 0x80, 0x2c, 0xff, 0xd6, 0x83, 0x2f, 0xff, 0xd0, 0x7a, 0x2a, 0xff, 0xcf, 0x77, 0x28, 0xff, 
0xd4, 0x7f, 0x2d, 0xff, 0xd4, 0x82, 0x2f, 0xff, 0xd3, 0x7f, 0x2d, 0xff, 0xd4, 0x81, 0x2e, 0xff, 
0xcf, 0x7b, 0x2b, 0xff, 0xcf, 0x79, 0x2a, 0xff, 0xce, 0x78, 0x2a, 0xff, 0xd6, 0x82, 0x2e, 0xff, 
0xd6, 0x82, 0x2e, 0xff, 0xcf, 0x78, 0x29, 0xff, 0xcf, 0x76, 0x29, 0xff, 0xd2, 0x7a, 0x2a, 0xff, 
0xce, 0x75, 0x27, 0xff, 0xcc, 0x71, 0x26, 0xff, 0xc8, 0x6c, 0x24, 0xff, 0xcb, 0x71, 0x26, 0xff, 
0xd3, 0x7b, 0x2a, 0xff, 0xcc, 0x74, 0x28, 0xff, 0xc4, 0x68, 0x22, 0xff, 0xd0, 0x78, 0x29, 0xff, 
0xd4, 0x82, 0x2f, 0xff, 0xce, 0x74, 0x27, 0xff, 0xc9, 0x6c, 0x24, 0xff, 0xc8, 0x6d, 0x24, 0xff, 
0xcd, 0x74, 0x27, 0xff, 0xce, 0x77, 0x29, 0xff, 0xca, 0x72, 0x26, 0xff, 0xc8, 0x6e, 0x25, 0xff, 
0xc8, 0x6e, 0x25, 0xff, 0xcd, 0x75, 0x28, 0xff, 0xd1, 0x7a, 0x2a, 0xff, 0xd4, 0x80, 0x2d, 0xff, 
0xcf, 0x77, 0x28, 0xff, 0xcc, 0x71, 0x26, 0xff, 0xcf, 0x78, 0x29, 0xff, 0xd0, 0x78, 0x29, 0xff, 
0xc4, 0x67, 0x21, 0xff, 0xc5, 0x69, 0x22, 0xff, 0xce, 0x76, 0x28, 0xff, 0xcc, 0x74, 0x27, 0xff, 
0xd1, 0x79, 0x2a, 0xff, 0xcb, 0x72, 0x27, 0xff, 0xcc, 0x72, 0x25, 0xff, 0xcf, 0x77, 0x27, 0xff, 
0xcc, 0x72, 0x26, 0xff, 0xc7, 0x6b, 0x22, 0xff, 0xc8, 0x6d, 0x24, 0xff, 0xcc, 0x71, 0x26, 0xff, 
0xcc, 0x71, 0x25, 0xff, 0xcc, 0x72, 0x25, 0xff, 0xcb, 0x6e, 0x25, 0xff, 0xc6, 0x69, 0x23, 0xff, 
0xc7, 0x6a, 0x23, 0xff, 0xc6, 0x69, 0x23, 0xff, 0xc4, 0x69, 0x22, 0xff, 0xc8, 0x6c, 0x23, 0xff, 
0xc8, 0x6c, 0x24, 0xff, 0xc4, 0x68, 0x22, 0xff, 0xc4, 0x67, 0x21, 0xff, 0xc3, 0x67, 0x22, 0xff, 
0xc3, 0x66, 0x21, 0xff, 0xc0, 0x62, 0x20, 0xff, 0xbf, 0x62, 0x20, 0xff, 0xc1, 0x64, 0x21, 0xff, 
0xcc, 0x72, 0x27, 0xff, 0xca, 0x6e, 0x25, 0xff, 0xac, 0x51, 0x1a, 0xff, 0xa6, 0x51, 0x1b, 0xff, 
0xad, 0x57, 0x1d, 0xff, 0x9a, 0x46, 0x17, 0xff, 0x96, 0x43, 0x16, 0xff, 0xa4, 0x4f, 0x1a, 0xff, 
0xb3, 0x58, 0x1d, 0xff, 0xaf, 0x56, 0x1c, 0xff, 0xac, 0x54, 0x1b, 0xff, 0xa8, 0x4f, 0x1a, 0xff, 
0xaf, 0x54, 0x1b, 0xff, 0xbe, 0x61, 0x1f, 0xff, 0xca, 0x6e, 0x24, 0xff, 0xcd, 0x73, 0x26, 0xff, 
0xc1, 0x66, 0x22, 0xff, 0xc1, 0x64, 0x20, 0xff, 0xc9, 0x6c, 0x23, 0xff, 0xca, 0x6f, 0x25, 0xff, 
0xc9, 0x6e, 0x25, 0xff, 0xcc, 0x72, 0x27, 0xff, 0xcd, 0x74, 0x27, 0xff, 0xc5, 0x6a, 0x24, 0xff, 
0xbe, 0x61, 0x1f, 0xff, 0xbb, 0x5c, 0x1e, 0xff, 0xbd, 0x5e, 0x1e, 0xff, 0xc1, 0x63, 0x20, 0xff, 
0xc2, 0x65, 0x20, 0xff, 0xc5, 0x67, 0x20, 0xff, 0xc2, 0x64, 0x1f, 0xff, 0xbb, 0x5c, 0x1d, 0xff, 
0xb5, 0x57, 0x1c, 0xff, 0xb4, 0x56, 0x1b, 0xff, 0xb8, 0x59, 0x1c, 0xff, 0xbe, 0x60, 0x1f, 0xff, 
0xbf, 0x61, 0x1f, 0xff, 0xbd, 0x60, 0x1f, 0xff, 0xc4, 0x67, 0x22, 0xff, 0xc8, 0x6d, 0x24, 0xff, 
0xc9, 0x6f, 0x25, 0xff, 0xc9, 0x6e, 0x25, 0xff, 0xc8, 0x6c, 0x23, 0xff, 0xc5, 0x68, 0x22, 0xff, 
0xc6, 0x6a, 0x23, 0xff, 0xc7, 0x6a, 0x23, 0xff, 0xc4, 0x67, 0x21, 0xff, 0xc4, 0x67, 0x21, 0xff, 
0xc2, 0x65, 0x21, 0xff, 0xc6, 0x69, 0x23, 0xff, 0xcc, 0x72, 0x25, 0xff, 0xcc, 0x73, 0x25, 0xff, 
0xcc, 0x72, 0x26, 0xff, 0xcf, 0x76, 0x27, 0xff, 0xd2, 0x7a, 0x29, 0xff, 0xd2, 0x7a, 0x29, 0xff, 
0xcf, 0x76, 0x27, 0xff, 0xcf, 0x76, 0x28, 0xff, 0xd0, 0x78, 0x28, 0xff, 0xd2, 0x79, 0x28, 0xff, 
0xd0, 0x78, 0x28, 0xff, 0xca, 0x6f, 0x24, 0xff, 0xc6, 0x6a, 0x23, 0xff, 0xc2, 0x65, 0x21, 0xff, 
0xc2, 0x66, 0x20, 0xff, 0xc1, 0x64, 0x1f, 0xff, 0xbe, 0x61, 0x1f, 0xff, 0xc5, 0x6a, 0x23, 0xff, 
0xcb, 0x70, 0x25, 0xff, 0xce, 0x76, 0x28, 0xff, 0xc5, 0x6d, 0x24, 0xff, 0xbf, 0x62, 0x1f, 0xff, 
0xc5, 0x67, 0x21, 0xff, 0xc6, 0x6a, 0x22, 0xff, 0xca, 0x70, 0x25, 0xff, 0xce, 0x75, 0x27, 0xff, 
0xcd, 0x74, 0x27, 0xff, 0xc9, 0x6e, 0x24, 0xff, 0xc5, 0x68, 0x22, 0xff, 0xc1, 0x64, 0x20, 0xff, 
0xbf, 0x62, 0x20, 0xff, 0xc1, 0x64, 0x20, 0xff, 0xc2, 0x64, 0x21, 0xff, 0xc0, 0x62, 0x20, 0xff, 
0xc1, 0x62, 0x20, 0xff, 0xc7, 0x6a, 0x23, 0xff, 0xce, 0x75, 0x27, 0xff, 0xca, 0x70, 0x25, 0xff, 
0xc5, 0x69, 0x23, 0xff, 0xc4, 0x67, 0x22, 0xff, 0xc3, 0x66, 0x20, 0xff, 0xc4, 0x67, 0x22, 0xff, 
0xc9, 0x6f, 0x24, 0xff, 0xc7, 0x6d, 0x24, 0xff, 0xc3, 0x68, 0x22, 0xff, 0xc6, 0x6c, 0x23, 0xff, 
0xcb, 0x71, 0x26, 0xff, 0xcc, 0x73, 0x26, 0xff, 0xca, 0x70, 0x25, 0xff, 0xc7, 0x6b, 0x23, 0xff, 
0xc6, 0x69, 0x23, 0xff, 0xc4, 0x67, 0x21, 0xff, 0xbf, 0x61, 0x1f, 0xff, 0xbf, 0x61, 0x1f, 0xff, 
0xc0, 0x62, 0x20, 0xff, 0xbe, 0x60, 0x20, 0xff, 0xc4, 0x67, 0x21, 0xff, 0xc2, 0x65, 0x21, 0xff, 
0xc4, 0x67, 0x22, 0xff, 0xc7, 0x6b, 0x23, 0xff, 0xc8, 0x6b, 0x24, 0xff, 0xcb, 0x70, 0x26, 0xff, 
0xcd, 0x73, 0x27, 0xff, 0xc7, 0x6c, 0x24, 0xff, 0xc3, 0x66, 0x21, 0xff, 0xc2, 0x65, 0x21, 0xff, 
0xc3, 0x66, 0x21, 0xff, 0xc3, 0x66, 0x21, 0xff, 0xc4, 0x67, 0x22, 0xff, 0xc9, 0x6f, 0x24, 0xff, 
0xd1, 0x79, 0x2a, 0xff, 0xd3, 0x7f, 0x2d, 0xff, 0xcf, 0x79, 0x2a, 0xff, 0xc7, 0x6a, 0x22, 0xff, 
0xbf, 0x60, 0x1f, 0xff, 0xcc, 0x74, 0x28, 0xff, 0xd5, 0x82, 0x2e, 0xff, 0xc8, 0x6c, 0x24, 0xff, 
0xc1, 0x63, 0x20, 0xff, 0xc5, 0x68, 0x21, 0xff, 0xc4, 0x68, 0x22, 0xff, 0xbf, 0x61, 0x20, 0xff, 
0xb9, 0x59, 0x1c, 0xff, 0xbd, 0x5e, 0x1d, 0xff, 0xcc, 0x75, 0x28, 0xff, 0xd2, 0x7e, 0x2b, 0xff, 
0xcc, 0x74, 0x27, 0xff, 0xcf, 0x77, 0x29, 0xff, 0xd3, 0x7e, 0x2c, 0xff, 0xd6, 0x86, 0x30, 0xff, 
0xd6, 0x87, 0x31, 0xff, 0xd3, 0x81, 0x2d, 0xff, 0xcf, 0x7a, 0x2a, 0xff, 0xd0, 0x7c, 0x2b, 0xff, 
0xd0, 0x78, 0x29, 0xff, 0xd2, 0x7d, 0x2c, 0xff, 0xd5, 0x82, 0x2e, 0xff, 0xd2, 0x7d, 0x2b, 0xff, 
0xd9, 0x8d, 0x34, 0xff, 0xdc, 0x90, 0x36, 0xff, 0xd5, 0x84, 0x2f, 0xff, 0xd6, 0x84, 0x2e, 0xff, 
0xd5, 0x84, 0x2f, 0xff, 0xd4, 0x82, 0x2d, 0xff, 0xd5, 0x83, 0x2e, 0xff, 0xd7, 0x86, 0x30, 0xff, 
0xd9, 0x8a, 0x32, 0xff, 0xdb, 0x8f, 0x35, 0xff, 0xdb, 0x8d, 0x34, 0xff, 0xd6, 0x84, 0x2f, 0xff, 
0xd6, 0x84, 0x2f, 0xff, 0xda, 0x8e, 0x35, 0xff, 0xdb, 0x8c, 0x32, 0xff, 0xd0, 0x7a, 0x29, 0xff, 
0xc4, 0x67, 0x22, 0xff, 0xc3, 0x66, 0x21, 0xff, 0xc5, 0x69, 0x22, 0xff, 0xca, 0x70, 0x25, 0xff, 
0xcf, 0x78, 0x29, 0xff, 0xcf, 0x77, 0x28, 0xff, 0xcf, 0x74, 0x26, 0xff, 0xd1, 0x77, 0x28, 0xff, 
0xcf, 0x76, 0x28, 0xff, 0xcb, 0x71, 0x26, 0xff, 0xca, 0x6e, 0x25, 0xff, 0xc8, 0x6c, 0x24, 0xff, 
0xcb, 0x70, 0x25, 0xff, 0xcf, 0x75, 0x28, 0xff, 0xcd, 0x73, 0x27, 0xff, 0xcd, 0x73, 0x25, 0xff, 
0xce, 0x74, 0x27, 0xff, 0xd3, 0x7a, 0x2a, 0xff, 0xcf, 0x76, 0x28, 0xff, 0xc7, 0x6c, 0x23, 0xff, 
0xc7, 0x6b, 0x24, 0xff, 0xcc, 0x71, 0x26, 0xff, 0xd4, 0x80, 0x2c, 0xff, 0xd2, 0x80, 0x2d, 0xff, 
0xcc, 0x75, 0x28, 0xff, 0xd1, 0x7a, 0x2b, 0xff, 0xd2, 0x7d, 0x2c, 0xff, 0xcf, 0x78, 0x2a, 0xff, 
0xcf, 0x79, 0x2a, 0xff, 0xc9, 0x71, 0x26, 0xff, 0xc8, 0x6e, 0x25, 0xff, 0xcc, 0x72, 0x26, 0xff, 
0xca, 0x6f, 0x25, 0xff, 0xc8, 0x6c, 0x24, 0xff, 0xbf, 0x62, 0x20, 0xff, 0xc5, 0x69, 0x22, 0xff, 
0xc9, 0x6e, 0x24, 0xff, 0xc9, 0x6e, 0x24, 0xff, 0xc5, 0x6a, 0x22, 0xff, 0xbc, 0x61, 0x21, 0xff, 
0xbc, 0x60, 0x1f, 0xff, 0xba, 0x5d, 0x1e, 0xff, 0xb9, 0x5d, 0x1f, 0xff, 0xb7, 0x5c, 0x1e, 0xff, 
0xb7, 0x5b, 0x1d, 0xff, 0xbf, 0x62, 0x1f, 0xff, 0xcc, 0x73, 0x27, 0xff, 0xd0, 0x7a, 0x2a, 0xff, 
0xcd, 0x75, 0x28, 0xff, 0xd0, 0x79, 0x2a, 0xff, 0xce, 0x75, 0x27, 0xff, 0xc8, 0x6d, 0x23, 0xff, 
0xc7, 0x6c, 0x24, 0xff, 0xcc, 0x73, 0x27, 0xff, 0xce, 0x76, 0x27, 0xff, 0xcb, 0x72, 0x26, 0xff, 
0xc9, 0x6d, 0x24, 0xff, 0xc7, 0x6a, 0x23, 0xff, 0xcc, 0x72, 0x25, 0xff, 0xcc, 0x71, 0x25, 0xff, 
0xc6, 0x6a, 0x23, 0xff, 0xc5, 0x69, 0x22, 0xff, 0xc8, 0x6d, 0x24, 0xff, 0xca, 0x6f, 0x25, 0xff, 
0xcb, 0x71, 0x26, 0xff, 0xca, 0x6f, 0x25, 0xff, 0xc8, 0x6d, 0x24, 0xff, 0xcb, 0x71, 0x26, 0xff, 
0xcb, 0x72, 0x25, 0xff, 0xcd, 0x77, 0x27, 0xff, 0xcd, 0x74, 0x27, 0xff, 0xc9, 0x6e, 0x24, 0xff, 
0xc6, 0x6a, 0x23, 0xff, 0xc7, 0x6b, 0x23, 0xff, 0xc6, 0x6b, 0x23, 0xff, 0xc5, 0x68, 0x22, 0xff, 
0xc2, 0x65, 0x20, 0xff, 0xc6, 0x69, 0x22, 0xff, 0xc5, 0x69, 0x22, 0xff, 0xc3, 0x66, 0x20, 0xff, 
0xc3, 0x67, 0x21, 0xff, 0xbf, 0x61, 0x20, 0xff, 0xba, 0x5c, 0x1d, 0xff, 0xbd, 0x5f, 0x1f, 0xff, 
0xbf, 0x62, 0x1f, 0xff, 0xc5, 0x69, 0x22, 0xff, 0xc9, 0x6c, 0x24, 0xff, 0xc8, 0x6c, 0x24, 0xff, 
0xd3, 0x7e, 0x2d, 0xff, 0xd3, 0x7f, 0x2c, 0xff, 0xc4, 0x67, 0x21, 0xff, 0xc5, 0x68, 0x21, 0xff, 
0xcf, 0x76, 0x28, 0xff, 0xcb, 0x71, 0x26, 0xff, 0xb9, 0x5c, 0x1e, 0xff, 0xb5, 0x5c, 0x1e, 0xff, 
0xb2, 0x5b, 0x1e, 0xff, 0xae, 0x54, 0x1c, 0xff, 0xb4, 0x59, 0x1c, 0xff, 0xb6, 0x5b, 0x1e, 0xff, 
0xae, 0x54, 0x1b, 0xff, 0xa5, 0x4f, 0x19, 0xff, 0xa9, 0x50, 0x1a, 0xff, 0xb0, 0x55, 0x1b, 0xff, 
0xb9, 0x5f, 0x1f, 0xff, 0xbf, 0x62, 0x20, 0xff, 0xbf, 0x64, 0x20, 0xff, 0xbf, 0x63, 0x21, 0xff, 
0xc2, 0x65, 0x22, 0xff, 0xc4, 0x68, 0x22, 0xff, 0xc5, 0x6a, 0x23, 0xff, 0xc4, 0x68, 0x22, 0xff, 
0xbf, 0x63, 0x21, 0xff, 0xbe, 0x61, 0x20, 0xff, 0xbe, 0x61, 0x20, 0xff, 0xbd, 0x5f, 0x20, 0xff, 
0xc5, 0x68, 0x23, 0xff, 0xc3, 0x66, 0x22, 0xff, 0xb8, 0x5b, 0x1d, 0xff, 0xb1, 0x54, 0x1b, 0xff, 
0xb5, 0x58, 0x1c, 0xff, 0xb5, 0x58, 0x1c, 0xff, 0xb3, 0x58, 0x1c, 0xff, 0xb6, 0x59, 0x1d, 0xff, 
0xb6, 0x59, 0x1c, 0xff, 0xba, 0x5c, 0x1d, 0xff, 0xbd, 0x5f, 0x1f, 0xff, 0xbe, 0x61, 0x20, 0xff, 
0xc1, 0x64, 0x21, 0xff, 0xc9, 0x6b, 0x23, 0xff, 0xc9, 0x6d, 0x24, 0xff, 0xc5, 0x6a, 0x23, 0xff, 
0xcb, 0x70, 0x24, 0xff, 0xce, 0x74, 0x26, 0xff, 0xc4, 0x68, 0x22, 0xff, 0xba, 0x5c, 0x1d, 0xff, 
0xb9, 0x5c, 0x1d, 0xff, 0xbd, 0x60, 0x1f, 0xff, 0xbe, 0x60, 0x1f, 0xff, 0xc0, 0x63, 0x20, 0xff, 
0xc1, 0x64, 0x21, 0xff, 0xc3, 0x66, 0x21, 0xff, 0xc5, 0x69, 0x22, 0xff, 0xc6, 0x6a, 0x22, 0xff, 
0xc6, 0x6a, 0x23, 0xff, 0xc6, 0x6a, 0x22, 0xff, 0xc8, 0x6c, 0x23, 0xff, 0xce, 0x73, 0x26, 0xff, 
0xcf, 0x75, 0x27, 0xff, 0xcc, 0x72, 0x25, 0xff, 0xca, 0x6f, 0x23, 0xff, 0xcc, 0x72, 0x25, 0xff, 
0xce, 0x73, 0x26, 0xff, 0xcd, 0x73, 0x26, 0xff, 0xd0, 0x7a, 0x2a, 0xff, 0xd0, 0x79, 0x2a, 0xff, 
0xd2, 0x7c, 0x2b, 0xff, 0xcb, 0x72, 0x26, 0xff, 0xc7, 0x6d, 0x24, 0xff, 0xcb, 0x72, 0x27, 0xff, 
0xce, 0x75, 0x27, 0xff, 0xd1, 0x7c, 0x2a, 0xff, 0xd0, 0x77, 0x27, 0xff, 0xca, 0x6d, 0x24, 0xff, 
0xc2, 0x64, 0x20, 0xff, 0xbf, 0x61, 0x1f, 0xff, 0xc0, 0x61, 0x1f, 0xff, 0xc4, 0x68, 0x21, 0xff, 
0xc4, 0x69, 0x22, 0xff, 0xc5, 0x67, 0x22, 0xff, 0xc2, 0x64, 0x20, 0xff, 0xbb, 0x5d, 0x1e, 0xff, 
0xbc, 0x5e, 0x1f, 0xff, 0xbf, 0x61, 0x20, 0xff, 0xbd, 0x5f, 0x1e, 0xff, 0xc2, 0x64, 0x21, 0xff, 
0xc3, 0x66, 0x21, 0xff, 0xc2, 0x65, 0x21, 0xff, 0xc4, 0x68, 0x21, 0xff, 0xc7, 0x6c, 0x23, 0xff, 
0xc5, 0x69, 0x23, 0xff, 0xc0, 0x63, 0x20, 0xff, 0xc5, 0x68, 0x22, 0xff, 0xc6, 0x6b, 0x24, 0xff, 
0xc8, 0x6e, 0x24, 0xff, 0xc6, 0x6a, 0x23, 0xff, 0xc4, 0x69, 0x22, 0xff, 0xc5, 0x69, 0x22, 0xff, 
0xc4, 0x68, 0x22, 0xff, 0xc4, 0x67, 0x21, 0xff, 0xbe, 0x60, 0x1e, 0xff, 0xbf, 0x60, 0x1f, 0xff, 
0xca, 0x6d, 0x24, 0xff, 0xcf, 0x76, 0x27, 0xff, 0xd3, 0x7c, 0x2a, 0xff, 0xcf, 0x75, 0x27, 0xff, 
0xc7, 0x6a, 0x22, 0xff, 0xc4, 0x67, 0x21, 0xff, 0xc3, 0x68, 0x21, 0xff, 0xc4, 0x68, 0x22, 0xff, 
0xca, 0x6e, 0x24, 0xff, 0xca, 0x6f, 0x24, 0xff, 0xc9, 0x6e, 0x25, 0xff, 0xc4, 0x68, 0x22, 0xff, 
0xc1, 0x63, 0x20, 0xff, 0xc4, 0x67, 0x22, 0xff, 0xc2, 0x64, 0x21, 0xff, 0xbd, 0x60, 0x1e, 0xff, 
0xb9, 0x5b, 0x1d, 0xff, 0xb5, 0x57, 0x1c, 0xff, 0xc1, 0x63, 0x20, 0xff, 0xc7, 0x6c, 0x23, 0xff, 
0xc4, 0x67, 0x21, 0xff, 0xc6, 0x6a, 0x23, 0xff, 0xcd, 0x76, 0x28, 0xff, 0xc6, 0x6b, 0x23, 0xff, 
0xbf, 0x60, 0x1f, 0xff, 0xc5, 0x6a, 0x23, 0xff, 0xcc, 0x74, 0x27, 0xff, 0xc9, 0x6e, 0x24, 0xff, 
0xc6, 0x69, 0x23, 0xff, 0xc5, 0x68, 0x22, 0xff, 0xc8, 0x6d, 0x25, 0xff, 0xcd, 0x74, 0x27, 0xff, 
0xcf, 0x79, 0x2a, 0xff, 0xd7, 0x86, 0x30, 0xff, 0xdd, 0x91, 0x35, 0xff, 0xd8, 0x87, 0x30, 0xff, 
0xd1, 0x7c, 0x2b, 0xff, 0xd3, 0x7e, 0x2c, 0xff, 0xd3, 0x7d, 0x2c, 0xff, 0xd0, 0x7a, 0x2a, 0xff, 
0xd4, 0x81, 0x2d, 0xff, 0xd6, 0x86, 0x30, 0xff, 0xd9, 0x8a, 0x33, 0xff, 0xda, 0x8d, 0x35, 0xff, 
0xd6, 0x85, 0x30, 0xff, 0xd4, 0x80, 0x2d, 0xff, 0xd5, 0x82, 0x2e, 0xff, 0xdb, 0x8e, 0x34, 0xff, 
0xdd, 0x93, 0x37, 0xff, 0xdf, 0x96, 0x38, 0xff, 0xda, 0x8d, 0x34, 0xff, 0xda, 0x8e, 0x34, 0xff, 
0xdd, 0x92, 0x36, 0xff, 0xd9, 0x89, 0x31, 0xff, 0xd7, 0x87, 0x2f, 0xff, 0xd6, 0x84, 0x2f, 0xff, 
0xd1, 0x7a, 0x2a, 0xff, 0xd2, 0x7c, 0x2b, 0xff, 0xd7, 0x84, 0x2f, 0xff, 0xdb, 0x8c, 0x33, 0xff, 
0xdc, 0x90, 0x35, 0xff, 0xd6, 0x85, 0x30, 0xff, 0xcb, 0x71, 0x27, 0xff, 0xc8, 0x6b, 0x23, 0xff, 
0xcc, 0x72, 0x26, 0xff, 0xd1, 0x7a, 0x2a, 0xff, 0xd5, 0x80, 0x2c, 0xff, 0xd6, 0x82, 0x2e, 0xff, 
0xd2, 0x7c, 0x2b, 0xff, 0xcb, 0x72, 0x26, 0xff, 0xca, 0x6f, 0x25, 0xff, 0xca, 0x6e, 0x25, 0xff, 
0xc6, 0x6a, 0x23, 0xff, 0xc2, 0x64, 0x20, 0xff, 0xc1, 0x64, 0x20, 0xff, 0xc2, 0x63, 0x21, 0xff, 
0xc2, 0x65, 0x20, 0xff, 0xc1, 0x63, 0x20, 0xff, 0xc4, 0x67, 0x22, 0xff, 0xd0, 0x76, 0x28, 0xff, 
0xd3, 0x7c, 0x2b, 0xff, 0xcf, 0x78, 0x29, 0xff, 0xcb, 0x70, 0x25, 0xff, 0xc9, 0x6f, 0x25, 0xff, 
0xcd, 0x74, 0x27, 0xff, 0xcf, 0x76, 0x28, 0xff, 0xcf, 0x77, 0x28, 0xff, 0xbd, 0x62, 0x1f, 0xff, 
0xb9, 0x5a, 0x1c, 0xff, 0xc6, 0x68, 0x22, 0xff, 0xc9, 0x6d, 0x24, 0xff, 0xcb, 0x72, 0x25, 0xff, 
0xcb, 0x71, 0x26, 0xff, 0xc6, 0x6a, 0x23, 0xff, 0xc3, 0x65, 0x21, 0xff, 0xc6, 0x69, 0x23, 0xff, 
0xcb, 0x72, 0x26, 0xff, 0xd3, 0x7d, 0x2c, 0xff, 0xc2, 0x66, 0x23, 0xff, 0xad, 0x52, 0x1a, 0xff, 
0xb4, 0x59, 0x1c, 0xff, 0xbc, 0x5e, 0x1e, 0xff, 0xba, 0x5b, 0x1d, 0xff, 0xb4, 0x56, 0x1b, 0xff, 
0xac, 0x52, 0x1a, 0xff, 0xa3, 0x4b, 0x18, 0xff, 0xa1, 0x4a, 0x18, 0xff, 0xac, 0x50, 0x1a, 0xff, 
0xb7, 0x59, 0x1c, 0xff, 0xc7, 0x6e, 0x25, 0xff, 0xd4, 0x7f, 0x2d, 0xff, 0xd2, 0x7b, 0x2a, 0xff, 
0xce, 0x77, 0x28, 0xff, 0xc8, 0x6e, 0x25, 0xff, 0xc0, 0x63, 0x20, 0xff, 0xc6, 0x6b, 0x23, 0xff, 
0xc9, 0x6d, 0x24, 0xff, 0xc9, 0x6d, 0x24, 0xff, 0xcb, 0x71, 0x25, 0xff, 0xd2, 0x7e, 0x2b, 0xff, 
0xd1, 0x7a, 0x29, 0xff, 0xc6, 0x69, 0x22, 0xff, 0xc7, 0x6c, 0x23, 0xff, 0xca, 0x70, 0x25, 0xff, 
0xc7, 0x6c, 0x24, 0xff, 0xc4, 0x69, 0x22, 0xff, 0xc6, 0x6a, 0x23, 0xff, 0xc4, 0x68, 0x22, 0xff, 
0xc8, 0x6e, 0x24, 0xff, 0xcc, 0x73, 0x27, 0xff, 0xc9, 0x6f, 0x25, 0xff, 0xc7, 0x6b, 0x23, 0xff, 
0xc5, 0x68, 0x23, 0xff, 0xc7, 0x6c, 0x23, 0xff, 0xc9, 0x6f, 0x25, 0xff, 0xc5, 0x6a, 0x24, 0xff, 
0xc8, 0x6b, 0x23, 0xff, 0xc5, 0x68, 0x22, 0xff, 0xc2, 0x65, 0x20, 0xff, 0xc2, 0x65, 0x21, 0xff, 
0xc0, 0x63, 0x1f, 0xff, 0xc3, 0x65, 0x20, 0xff, 0xc2, 0x65, 0x20, 0xff, 0xc1, 0x64, 0x21, 0xff, 
0xc0, 0x62, 0x20, 0xff, 0xc1, 0x64, 0x1f, 0xff, 0xbf, 0x62, 0x20, 0xff, 0xba, 0x5c, 0x1e, 0xff, 
0xbc, 0x5e, 0x1e, 0xff, 0xc0, 0x62, 0x20, 0xff, 0xc8, 0x6b, 0x23, 0xff, 0xc6, 0x68, 0x21, 0xff, 
0xcf, 0x79, 0x2a, 0xff, 0xd6, 0x84, 0x30, 0xff, 0xc9, 0x6e, 0x24, 0xff, 0xc1, 0x63, 0x1f, 0xff, 
0xc3, 0x65, 0x20, 0xff, 0xc7, 0x6b, 0x23, 0xff, 0xca, 0x6f, 0x25, 0xff, 0xc2, 0x65, 0x21, 0xff, 
0xb4, 0x5a, 0x1d, 0xff, 0xb2, 0x58, 0x1c, 0xff, 0xb5, 0x5a, 0x1e, 0xff, 0xb4, 0x58, 0x1c, 0xff, 
0xa8, 0x50, 0x1a, 0xff, 0xa1, 0x4a, 0x18, 0xff, 0xac, 0x52, 0x1b, 0xff, 0xbc, 0x61, 0x20, 0xff, 
0xbb, 0x60, 0x1f, 0xff, 0xb0, 0x54, 0x1b, 0xff, 0xa3, 0x4b, 0x18, 0xff, 0xa4, 0x4b, 0x17, 0xff, 
0xb5, 0x58, 0x1d, 0xff, 0xc1, 0x64, 0x20, 0xff, 0xbe, 0x62, 0x20, 0xff, 0xb7, 0x58, 0x1c, 0xff, 
0xb7, 0x58, 0x1c, 0xff, 0xbc, 0x5d, 0x1e, 0xff, 0xb9, 0x5a, 0x1d, 0xff, 0xbe, 0x61, 0x1f, 0xff, 
0xb1, 0x57, 0x1d, 0xff, 0xb5, 0x5a, 0x1d, 0xff, 0xad, 0x53, 0x1c, 0xff, 0x9f, 0x49, 0x18, 0xff, 
0x9f, 0x49, 0x18, 0xff, 0xa7, 0x51, 0x1b, 0xff, 0xa7, 0x4f, 0x1b, 0xff, 0xaa, 0x4e, 0x1a, 0xff, 
0xb3, 0x56, 0x1b, 0xff, 0xb8, 0x5a, 0x1d, 0xff, 0xbf, 0x61, 0x20, 0xff, 0xc0, 0x63, 0x20, 0xff, 
0xbb, 0x5d, 0x1e, 0xff, 0xba, 0x5d, 0x1e, 0xff, 0xbe, 0x60, 0x1f, 0xff, 0xc5, 0x67, 0x21, 0xff, 
0xca, 0x6d, 0x24, 0xff, 0xc3, 0x65, 0x21, 0xff, 0xb5, 0x58, 0x1c, 0xff, 0xb6, 0x57, 0x1c, 0xff, 
0xba, 0x5b, 0x1d, 0xff, 0xb7, 0x59, 0x1c, 0xff, 0xba, 0x5c, 0x1d, 0xff, 0xbc, 0x5e, 0x1f, 0xff, 
0xbe, 0x61, 0x1f, 0xff, 0xc3, 0x66, 0x21, 0xff, 0xc5, 0x68, 0x22, 0xff, 0xc4, 0x67, 0x21, 0xff, 
0xc3, 0x66, 0x21, 0xff, 0xc5, 0x68, 0x22, 0xff, 0xc5, 0x67, 0x22, 0xff, 0xc5, 0x68, 0x22, 0xff, 
0xc6, 0x6a, 0x22, 0xff, 0xc6, 0x69, 0x22, 0xff, 0xc7, 0x6a, 0x23, 0xff, 0xc9, 0x6e, 0x25, 0xff, 
0xcc, 0x72, 0x25, 0xff, 0xd2, 0x7c, 0x2a, 0xff, 0xd3, 0x80, 0x2d, 0xff, 0xd2, 0x7d, 0x2c, 0xff, 
0xcf, 0x76, 0x28, 0xff, 0xcf, 0x76, 0x28, 0xff, 0xd0, 0x76, 0x28, 0xff, 0xca, 0x6f, 0x24, 0xff, 
0xc6, 0x69, 0x22, 0xff, 0xc4, 0x67, 0x21, 0xff, 0xc5, 0x68, 0x22, 0xff, 0xc8, 0x6c, 0x24, 0xff, 
0xc6, 0x6a, 0x23, 0xff, 0xbf, 0x61, 0x1f, 0xff, 0xbe, 0x60, 0x1e, 0xff, 0xc0, 0x62, 0x1f, 0xff, 
0xbd, 0x5f, 0x1f, 0xff, 0xbf, 0x62, 0x20, 0xff, 0xc6, 0x6a, 0x23, 0xff, 0xcb, 0x71, 0x25, 0xff, 
0xc5, 0x6a, 0x23, 0xff, 0xbb, 0x5d, 0x1e, 0xff, 0xb9, 0x5b, 0x1c, 0xff, 0xbd, 0x60, 0x1f, 0xff, 
0xbb, 0x5e, 0x1f, 0xff, 0xb8, 0x5d, 0x1e, 0xff, 0xbf, 0x64, 0x21, 0xff, 0xca, 0x70, 0x25, 0xff, 
0xc9, 0x6d, 0x24, 0xff, 0xc2, 0x64, 0x20, 0xff, 0xc5, 0x69, 0x22, 0xff, 0xcc, 0x75, 0x28, 0xff, 
0xcb, 0x76, 0x28, 0xff, 0xca, 0x6f, 0x25, 0xff, 0xc4, 0x67, 0x22, 0xff, 0xbf, 0x61, 0x1f, 0xff, 
0xbf, 0x61, 0x1f, 0xff, 0xc3, 0x66, 0x21, 0xff, 0xc4, 0x67, 0x22, 0xff, 0xc4, 0x68, 0x22, 0xff, 
0xc7, 0x6b, 0x23, 0xff, 0xcf, 0x74, 0x27, 0xff, 0xcd, 0x74, 0x27, 0xff, 0xc7, 0x6c, 0x24, 0xff, 
0xc0, 0x62, 0x20, 0xff, 0xc1, 0x64, 0x20, 0xff, 0xc2, 0x65, 0x21, 0xff, 0xc2, 0x64, 0x20, 0xff, 
0xc0, 0x62, 0x20, 0xff, 0xbe, 0x60, 0x1f, 0xff, 0xba, 0x5c, 0x1e, 0xff, 0xb6, 0x58, 0x1c, 0xff, 
0xb7, 0x5a, 0x1c, 0xff, 0xbd, 0x5f, 0x1e, 0xff, 0xc1, 0x62, 0x20, 0xff, 0xbf, 0x61, 0x20, 0xff, 
0xb2, 0x54, 0x1b, 0xff, 0xae, 0x52, 0x1a, 0xff, 0xb9, 0x5b, 0x1d, 0xff, 0xbd, 0x5e, 0x1e, 0xff, 
0xc9, 0x70, 0x26, 0xff, 0xcc, 0x75, 0x28, 0xff, 0xcb, 0x72, 0x27, 0xff, 0xc9, 0x70, 0x25, 0xff, 
0xcb, 0x72, 0x27, 0xff, 0xce, 0x75, 0x28, 0xff, 0xcc, 0x74, 0x28, 0xff, 0xce, 0x76, 0x28, 0xff, 
0xc6, 0x68, 0x22, 0xff, 0xc5, 0x67, 0x22, 0xff, 0xc9, 0x6d, 0x25, 0xff, 0xca, 0x71, 0x26, 0xff, 
0xcd, 0x77, 0x29, 0xff, 0xd1, 0x80, 0x2d, 0xff, 0xd2, 0x7e, 0x2c, 0xff, 0xd2, 0x7b, 0x2b, 0xff, 
0xd7, 0x81, 0x2e, 0xff, 0xd6, 0x83, 0x2e, 0xff, 0xd3, 0x80, 0x2d, 0xff, 0xd5, 0x84, 0x2f, 0xff, 
0xd0, 0x7b, 0x2b, 0xff, 0xd0, 0x7b, 0x2b, 0xff, 0xd7, 0x88, 0x31, 0xff, 0xd7, 0x88, 0x31, 0xff, 
0xd7, 0x8a, 0x32, 0xff, 0xda, 0x8c, 0x33, 0xff, 0xd9, 0x89, 0x32, 0xff, 0xd6, 0x85, 0x2f, 0xff, 
0xd2, 0x7b, 0x2a, 0xff, 0xd5, 0x81, 0x2d, 0xff, 0xd9, 0x8a, 0x32, 0xff, 0xdc, 0x92, 0x36, 0xff, 
0xdd, 0x93, 0x37, 0xff, 0xda, 0x8c, 0x34, 0xff, 0xd8, 0x88, 0x31, 0xff, 0xd5, 0x83, 0x2e, 0xff, 
0xd4, 0x81, 0x2d, 0xff, 0xd5, 0x83, 0x2e, 0xff, 0xd8, 0x88, 0x32, 0xff, 0xd3, 0x7f, 0x2e, 0xff, 
0xcc, 0x73, 0x27, 0xff, 0xca, 0x6f, 0x25, 0xff, 0xc6, 0x6a, 0x23, 0xff, 0xc4, 0x66, 0x21, 0xff, 
0xc8, 0x6c, 0x24, 0xff, 0xcc, 0x71, 0x26, 0xff, 0xd2, 0x7b, 0x2b, 0xff, 0xd0, 0x79, 0x29, 0xff, 
0xc9, 0x6e, 0x24, 0xff, 0xc3, 0x66, 0x22, 0xff, 0xbf, 0x61, 0x1f, 0xff, 0xc1, 0x64, 0x20, 0xff, 
0xc8, 0x6b, 0x23, 0xff, 0xca, 0x6f, 0x25, 0xff, 0xcb, 0x70, 0x26, 0xff, 0xc9, 0x6d, 0x25, 0xff, 
0xc3, 0x67, 0x21, 0xff, 0xc3, 0x67, 0x22, 0xff, 0xc4, 0x6a, 0x23, 0xff, 0xc6, 0x6a, 0x23, 0xff, 
0xc0, 0x63, 0x20, 0xff, 0xc0, 0x63, 0x20, 0xff, 0xc4, 0x66, 0x21, 0xff, 0xc4, 0x67, 0x21, 0xff, 
0xc4, 0x68, 0x21, 0xff, 0xc5, 0x69, 0x22, 0xff, 0xc1, 0x64, 0x20, 0xff, 0xb6, 0x58, 0x1c, 0xff, 
0xbd, 0x5f, 0x1e, 0xff, 0xc3, 0x67, 0x22, 0xff, 0xce, 0x74, 0x27, 0xff, 0xd2, 0x7a, 0x29, 0xff, 
0xd0, 0x7a, 0x29, 0xff, 0xcf, 0x76, 0x28, 0xff, 0xc6, 0x6c, 0x25, 0xff, 0xc2, 0x68, 0x22, 0xff, 
0xc2, 0x69, 0x23, 0xff, 0xbe, 0x66, 0x22, 0xff, 0xbf, 0x62, 0x20, 0xff, 0xbc, 0x61, 0x20, 0xff, 
0xbd, 0x61, 0x1f, 0xff, 0xc1, 0x64, 0x21, 0xff, 0xc4, 0x68, 0x22, 0xff, 0xbd, 0x5f, 0x1f, 0xff, 
0xb8, 0x5b, 0x1e, 0xff, 0xb3, 0x58, 0x1d, 0xff, 0xad, 0x53, 0x1b, 0xff, 0xb0, 0x54, 0x1b, 0xff, 
0xc0, 0x62, 0x21, 0xff, 0xc6, 0x69, 0x22, 0xff, 0xc2, 0x65, 0x21, 0xff, 0xc3, 0x68, 0x22, 0xff, 
0xc4, 0x68, 0x22, 0xff, 0xcb, 0x70, 0x25, 0xff, 0xc4, 0x69, 0x22, 0xff, 0xc2, 0x65, 0x21, 0xff, 
0xc6, 0x6b, 0x24, 0xff, 0xc6, 0x6a, 0x23, 0xff, 0xc2, 0x65, 0x20, 0xff, 0xc0, 0x63, 0x20, 0xff, 
0xc4, 0x68, 0x22, 0xff, 0xc5, 0x6b, 0x22, 0xff, 0xc7, 0x6c, 0x23, 0xff, 0xc3, 0x68, 0x22, 0xff, 
0xbe, 0x60, 0x1f, 0xff, 0xc2, 0x65, 0x20, 0xff, 0xc7, 0x6c, 0x23, 0xff, 0xc3, 0x67, 0x22, 0xff, 
0xc6, 0x6a, 0x23, 0xff, 0xcb, 0x72, 0x26, 0xff, 0xcc, 0x74, 0x26, 0xff, 0xcc, 0x72, 0x26, 0xff, 
0xc9, 0x6e, 0x25, 0xff, 0xca, 0x6e, 0x24, 0xff, 0xc2, 0x65, 0x21, 0xff, 0xc1, 0x64, 0x20, 0xff, 
0xc6, 0x69, 0x23, 0xff, 0xc4, 0x67, 0x21, 0xff, 0xc3, 0x65, 0x21, 0xff, 0xc1, 0x64, 0x20, 0xff, 
0xc5, 0x67, 0x22, 0xff, 0xc6, 0x69, 0x22, 0xff, 0xc9, 0x6c, 0x24, 0xff, 0xc6, 0x6a, 0x23, 0xff, 
0xc6, 0x6a, 0x23, 0xff, 0xc6, 0x68, 0x22, 0xff, 0xc5, 0x68, 0x21, 0xff, 0xc2, 0x64, 0x21, 0xff, 
0xbb, 0x5e, 0x1f, 0xff, 0xb9, 0x5b, 0x1d, 0xff, 0xbd, 0x5f, 0x1e, 0xff, 0xbd, 0x60, 0x1f, 0xff, 
0xb9, 0x5a, 0x1c, 0xff, 0xbc, 0x5e, 0x1e, 0xff, 0xc4, 0x69, 0x24, 0xff, 0xb8, 0x5b, 0x1d, 0xff, 
0xb8, 0x5c, 0x1d, 0xff, 0xbf, 0x61, 0x20, 0xff, 0xc7, 0x6c, 0x24, 0xff, 0xca, 0x6f, 0x25, 0xff, 
0xba, 0x5e, 0x1e, 0xff, 0xaa, 0x50, 0x1a, 0xff, 0xac, 0x53, 0x1c, 0xff, 0xba, 0x5e, 0x1f, 0xff, 
0xbb, 0x5f, 0x1f, 0xff, 0xae, 0x53, 0x1a, 0xff, 0xb8, 0x5d, 0x1e, 0xff, 0xb9, 0x60, 0x20, 0xff, 
0xa5, 0x4e, 0x18, 0xff, 0xa3, 0x4c, 0x19, 0xff, 0xa5, 0x4d, 0x19, 0xff, 0xa8, 0x50, 0x19, 0xff, 
0xa6, 0x4e, 0x19, 0xff, 0xa8, 0x50, 0x1a, 0xff, 0xb2, 0x58, 0x1c, 0xff, 0xab, 0x52, 0x1a, 0xff, 
0xa1, 0x4a, 0x18, 0xff, 0x9b, 0x46, 0x17, 0xff, 0xa6, 0x4e, 0x19, 0xff, 0xb1, 0x57, 0x1d, 0xff, 
0xb4, 0x59, 0x1d, 0xff, 0xa3, 0x4b, 0x18, 0xff, 0x9d, 0x49, 0x18, 0xff, 0x9f, 0x4a, 0x18, 0xff, 
0x9e, 0x49, 0x17, 0xff, 0xad, 0x56, 0x1c, 0xff, 0xb0, 0x56, 0x1c, 0xff, 0xac, 0x52, 0x1b, 0xff, 
0xb5, 0x58, 0x1e, 0xff, 0xb8, 0x5a, 0x1d, 0xff, 0xbb, 0x5d, 0x1f, 0xff, 0xba, 0x5c, 0x1e, 0xff, 
0xb3, 0x56, 0x1b, 0xff, 0xb1, 0x55, 0x1b, 0xff, 0xba, 0x5d, 0x1d, 0xff, 0xbc, 0x5e, 0x1e, 0xff, 
0xb2, 0x55, 0x1c, 0xff, 0xae, 0x52, 0x1b, 0xff, 0xb0, 0x53, 0x1a, 0xff, 0xb2, 0x56, 0x1c, 0xff, 
0xb3, 0x56, 0x1d, 0xff, 0xb2, 0x55, 0x1c, 0xff, 0xb5, 0x58, 0x1c, 0xff, 0xb8, 0x5a, 0x1c, 0xff, 
0xba, 0x5d, 0x1d, 0xff, 0xbe, 0x60, 0x1f, 0xff, 0xbd, 0x5f, 0x1e, 0xff, 0xbf, 0x60, 0x1f, 0xff, 
0xc0, 0x63, 0x20, 0xff, 0xbf, 0x61, 0x20, 0xff, 0xbb, 0x5c, 0x1d, 0xff, 0xb7, 0x59, 0x1d, 0xff, 
0xb5, 0x56, 0x1b, 0xff, 0xb9, 0x5b, 0x1d, 0xff, 0xc2, 0x64, 0x20, 0xff, 0xc5, 0x68, 0x22, 0xff, 
0xc9, 0x6e, 0x25, 0xff, 0xca, 0x71, 0x25, 0xff, 0xc7, 0x6b, 0x23, 0xff, 0xca, 0x6e, 0x24, 0xff, 
0xc9, 0x6c, 0x23, 0xff, 0xc3, 0x67, 0x21, 0xff, 0xc5, 0x69, 0x22, 0xff, 0xc8, 0x6c, 0x23, 0xff, 
0xc7, 0x6a, 0x23, 0xff, 0xc1, 0x64, 0x20, 0xff, 0xc1, 0x65, 0x20, 0xff, 0xc6, 0x6a, 0x23, 0xff, 
0xc9, 0x6d, 0x24, 0xff, 0xc8, 0x6e, 0x24, 0xff, 0xca, 0x70, 0x25, 0xff, 0xc5, 0x68, 0x22, 0xff, 
0xc5, 0x67, 0x22, 0xff, 0xc8, 0x6d, 0x24, 0xff, 0xc9, 0x6e, 0x24, 0xff, 0xc9, 0x6e, 0x24, 0xff, 
0xbf, 0x65, 0x21, 0xff, 0xbc, 0x62, 0x21, 0xff, 0xc3, 0x69, 0x23, 0xff, 0xbe, 0x62, 0x20, 0xff, 
0xbd, 0x61, 0x20, 0xff, 0xc1, 0x65, 0x21, 0xff, 0xc2, 0x68, 0x23, 0xff, 0xc4, 0x69, 0x23, 0xff, 
0xc8, 0x6c, 0x24, 0xff, 0xc4, 0x66, 0x21, 0xff, 0xbd, 0x5f, 0x1f, 0xff, 0xc0, 0x64, 0x20, 0xff, 
0xc6, 0x6d, 0x24, 0xff, 0xbc, 0x61, 0x20, 0xff, 0xb9, 0x5b, 0x1d, 0xff, 0xc1, 0x63, 0x20, 0xff, 
0xcb, 0x70, 0x24, 0xff, 0xca, 0x6f, 0x25, 0xff, 0xc8, 0x6d, 0x24, 0xff, 0xc6, 0x6b, 0x24, 0xff, 
0xc1, 0x65, 0x21, 0xff, 0xbd, 0x5f, 0x1f, 0xff, 0xbf, 0x61, 0x1f, 0xff, 0xbe, 0x60, 0x1f, 0xff, 
0xb7, 0x5b, 0x1e, 0xff, 0xb7, 0x5a, 0x1d, 0xff, 0xb4, 0x57, 0x1d, 0xff, 0xaf, 0x53, 0x1b, 0xff, 
0xb4, 0x57, 0x1c, 0xff, 0xc0, 0x63, 0x20, 0xff, 0xb8, 0x5b, 0x1d, 0xff, 0xb2, 0x56, 0x1b, 0xff, 
0xb5, 0x58, 0x1c, 0xff, 0xba, 0x5d, 0x1d, 0xff, 0xc2, 0x67, 0x22, 0xff, 0xb7, 0x5a, 0x1e, 0xff, 
0xa8, 0x4e, 0x1a, 0xff, 0xad, 0x52, 0x1b, 0xff, 0xbf, 0x65, 0x21, 0xff, 0xbb, 0x5f, 0x1f, 0xff, 
0xc0, 0x63, 0x20, 0xff, 0xca, 0x71, 0x26, 0xff, 0xcc, 0x75, 0x28, 0xff, 0xcc, 0x74, 0x28, 0xff, 
0xc9, 0x70, 0x26, 0xff, 0xd7, 0x84, 0x2f, 0xff, 0xd8, 0x87, 0x31, 0xff, 0xc3, 0x66, 0x22, 0xff, 
0xbb, 0x5c, 0x1d, 0xff, 0xc9, 0x6b, 0x24, 0xff, 0xc8, 0x6b, 0x23, 0xff, 0xbe, 0x60, 0x1f, 0xff, 
0xbc, 0x5e, 0x1e, 0xff, 0xc9, 0x74, 0x29, 0xff, 0xce, 0x75, 0x26, 0xff, 0xcb, 0x6f, 0x23, 0xff, 
0xd1, 0x7d, 0x2c, 0xff, 0xd7, 0x87, 0x31, 0xff, 0xd3, 0x81, 0x2d, 0xff, 0xce, 0x77, 0x28, 0xff, 
0xd0, 0x7b, 0x2b, 0xff, 0xd5, 0x84, 0x2f, 0xff, 0xd4, 0x82, 0x2e, 0xff, 0xd3, 0x83, 0x2e, 0xff, 
0xd0, 0x7d, 0x2c, 0xff, 0xce, 0x78, 0x29, 0xff, 0xcb, 0x73, 0x26, 0xff, 0xc6, 0x6a, 0x23, 0xff, 
0xcc, 0x71, 0x25, 0xff, 0xd3, 0x7d, 0x2c, 0xff, 0xd5, 0x83, 0x2f, 0xff, 0xd5, 0x83, 0x2e, 0xff, 
0xda, 0x8d, 0x34, 0xff, 0xdd, 0x93, 0x37, 0xff, 0xcd, 0x77, 0x29, 0xff, 0xc9, 0x70, 0x25, 0xff, 
0xce, 0x7a, 0x2b, 0xff, 0xcb, 0x73, 0x27, 0xff, 0xc9, 0x70, 0x24, 0xff, 0xc5, 0x66, 0x21, 0xff, 
0xc1, 0x61, 0x1f, 0xff, 0xc9, 0x6f, 0x25, 0xff, 0xd1, 0x7a, 0x29, 0xff, 0xc9, 0x6d, 0x25, 0xff, 
0xc7, 0x6a, 0x23, 0xff, 0xcb, 0x6f, 0x25, 0xff, 0xd0, 0x79, 0x29, 0xff, 0xd2, 0x7e, 0x2c, 0xff, 
0xcb, 0x71, 0x26, 0xff, 0xc5, 0x67, 0x22, 0xff, 0xbe, 0x5f, 0x1e, 0xff, 0xb9, 0x5b, 0x1d, 0xff, 
0xc0, 0x63, 0x20, 0xff, 0xcc, 0x71, 0x27, 0xff, 0xd3, 0x7d, 0x2c, 0xff, 0xd4, 0x7e, 0x2c, 0xff, 
0xd9, 0x82, 0x2e, 0xff, 0xd9, 0x86, 0x2f, 0xff, 0xd6, 0x80, 0x2d, 0xff, 0xd1, 0x79, 0x2a, 0xff, 
0xc7, 0x6a, 0x23, 0xff, 0xbe, 0x60, 0x1f, 0xff, 0xc2, 0x65, 0x21, 0xff, 0xc4, 0x67, 0x22, 0xff, 
0xbc, 0x5e, 0x1f, 0xff, 0xbb, 0x5e, 0x1e, 0xff, 0xc2, 0x64, 0x20, 0xff, 0xcc, 0x72, 0x26, 0xff, 
0xcf, 0x78, 0x29, 0xff, 0xca, 0x73, 0x28, 0xff, 0xc7, 0x70, 0x27, 0xff, 0xc6, 0x6d, 0x24, 0xff, 
0xc2, 0x68, 0x23, 0xff, 0xb9, 0x60, 0x20, 0xff, 0xae, 0x56, 0x1d, 0xff, 0xaf, 0x55, 0x1b, 0xff, 
0xb2, 0x55, 0x1c, 0xff, 0xac, 0x4f, 0x19, 0xff, 0xb4, 0x59, 0x1c, 0xff, 0xbd, 0x62, 0x21, 0xff, 
0xb8, 0x5c, 0x1d, 0xff, 0xc2, 0x67, 0x22, 0xff, 0xc8, 0x72, 0x28, 0xff, 0xc8, 0x6d, 0x24, 0xff, 
0xc2, 0x65, 0x21, 0xff, 0xb1, 0x56, 0x1c, 0xff, 0xb1, 0x56, 0x1b, 0xff, 0xc0, 0x62, 0x20, 0xff, 
0xc6, 0x69, 0x23, 0xff, 0xc7, 0x6a, 0x23, 0xff, 0xc5, 0x67, 0x22, 0xff, 0xc3, 0x65, 0x21, 0xff, 
0xc7, 0x6a, 0x23, 0xff, 0xcc, 0x71, 0x26, 0xff, 0xcf, 0x76, 0x28, 0xff, 0xcc, 0x72, 0x26, 0xff, 
0xcc, 0x73, 0x26, 0xff, 0xcd, 0x75, 0x28, 0xff, 0xc9, 0x71, 0x26, 0xff, 0xc5, 0x6a, 0x24, 0xff, 
0xc5, 0x69, 0x23, 0xff, 0xcf, 0x7a, 0x2a, 0xff, 0xce, 0x76, 0x28, 0xff, 0xc2, 0x63, 0x21, 0xff, 
0xbd, 0x5f, 0x1e, 0xff, 0xc1, 0x64, 0x20, 0xff, 0xc4, 0x67, 0x21, 0xff, 0xc6, 0x6a, 0x23, 0xff, 
0xc7, 0x69, 0x22, 0xff, 0xc3, 0x65, 0x21, 0xff, 0xc7, 0x6a, 0x23, 0xff, 0xcb, 0x71, 0x26, 0xff, 
0xcb, 0x70, 0x26, 0xff, 0xce, 0x73, 0x26, 0xff, 0xca, 0x6f, 0x25, 0xff, 0xc5, 0x69, 0x22, 0xff, 
0xc2, 0x66, 0x21, 0xff, 0xc8, 0x6d, 0x25, 0xff, 0xca, 0x6f, 0x25, 0xff, 0xc7, 0x6a, 0x22, 0xff, 
0xc9, 0x6c, 0x23, 0xff, 0xc6, 0x69, 0x23, 0xff, 0xc7, 0x6a, 0x23, 0xff, 0xcc, 0x70, 0x25, 0xff, 
0xd0, 0x75, 0x26, 0xff, 0xcd, 0x6f, 0x25, 0xff, 0xc6, 0x67, 0x22, 0xff, 0xc2, 0x64, 0x20, 0xff, 
0xbe, 0x60, 0x1f, 0xff, 0xb7, 0x5a, 0x1c, 0xff, 0xb9, 0x5c, 0x1d, 0xff, 0xbd, 0x5f, 0x20, 0xff, 
0xbc, 0x5d, 0x1f, 0xff, 0xba, 0x5b, 0x1d, 0xff, 0xaf, 0x52, 0x1b, 0xff, 0xb1, 0x55, 0x1c, 0xff, 
0xb1, 0x56, 0x1c, 0xff, 0xb0, 0x54, 0x1a, 0xff, 0xb7, 0x5b, 0x1d, 0xff, 0xbc, 0x61, 0x20, 0xff, 
0xba, 0x5f, 0x1e, 0xff, 0xb9, 0x5b, 0x1d, 0xff, 0xb6, 0x58, 0x1d, 0xff, 0xc2, 0x66, 0x21, 0xff, 
0xc7, 0x6d, 0x25, 0xff, 0xb5, 0x5c, 0x1e, 0xff, 0xa9, 0x53, 0x1b, 0xff, 0x9e, 0x4b, 0x18, 0xff, 
0x9d, 0x49, 0x17, 0xff, 0x9a, 0x47, 0x17, 0xff, 0x9f, 0x4a, 0x18, 0xff, 0xa6, 0x4f, 0x1a, 0xff, 
0x9e, 0x4a, 0x18, 0xff, 0x99, 0x47, 0x17, 0xff, 0x9a, 0x46, 0x17, 0xff, 0x98, 0x42, 0x15, 0xff, 
0xaa, 0x54, 0x1b, 0xff, 0xaf, 0x5c, 0x1f, 0xff, 0x9e, 0x4a, 0x18, 0xff, 0xa6, 0x4f, 0x1a, 0xff, 
0x9e, 0x4a, 0x19, 0xff, 0x9b, 0x49, 0x18, 0xff, 0x9e, 0x4a, 0x18, 0xff, 0xa1, 0x4b, 0x19, 0xff, 
0xaa, 0x51, 0x1b, 0xff, 0xa4, 0x4d, 0x19, 0xff, 0x9f, 0x49, 0x17, 0xff, 0xad, 0x54, 0x1c, 0xff, 
0xb6, 0x5b, 0x1d, 0xff, 0xb3, 0x58, 0x1c, 0xff, 0xaf, 0x54, 0x1c, 0xff, 0xb1, 0x54, 0x1c, 0xff, 
0xbb, 0x5d, 0x1e, 0xff, 0xbc, 0x5d, 0x1d, 0xff, 0xc0, 0x60, 0x1f, 0xff, 0xc1, 0x62, 0x20, 0xff, 
0xae, 0x55, 0x1c, 0xff, 0xa6, 0x4e, 0x1a, 0xff, 0xaa, 0x51, 0x1b, 0xff, 0xab, 0x52, 0x1b, 0xff, 
0xa6, 0x4c, 0x19, 0xff, 0xa7, 0x4e, 0x1a, 0xff, 0xab, 0x51, 0x1a, 0xff, 0xaf, 0x54, 0x1b, 0xff, 
0xb8, 0x5a, 0x1d, 0xff, 0xb6, 0x59, 0x1d, 0xff, 0xb1, 0x54, 0x1b, 0xff, 0xb9, 0x5b, 0x1c, 0xff, 
0xc6, 0x69, 0x22, 0xff, 0xc3, 0x65, 0x21, 0xff, 0xba, 0x5c, 0x1e, 0xff, 0xbe, 0x62, 0x20, 0xff, 
0xc2, 0x66, 0x22, 0xff, 0xbe, 0x60, 0x1f, 0xff, 0xc0, 0x62, 0x20, 0xff, 0xc4, 0x68, 0x22, 0xff, 
0xc7, 0x6b, 0x22, 0xff, 0xc6, 0x69, 0x23, 0xff, 0xcb, 0x72, 0x26, 0xff, 0xd0, 0x7b, 0x2b, 0xff, 
0xd2, 0x80, 0x2e, 0xff, 0xcc, 0x78, 0x2a, 0xff, 0xc6, 0x6c, 0x23, 0xff, 0xc9, 0x6d, 0x24, 0xff, 
0xc4, 0x67, 0x22, 0xff, 0xc0, 0x62, 0x20, 0xff, 0xbd, 0x60, 0x1f, 0xff, 0xc3, 0x65, 0x21, 0xff, 
0xc8, 0x6b, 0x23, 0xff, 0xca, 0x70, 0x25, 0xff, 0xc8, 0x6d, 0x25, 0xff, 0xbe, 0x60, 0x20, 0xff, 
0xb7, 0x5b, 0x1d, 0xff, 0xb4, 0x59, 0x1d, 0xff, 0xb3, 0x57, 0x1d, 0xff, 0xb7, 0x58, 0x1c, 0xff, 
0xc0, 0x64, 0x21, 0xff, 0xc6, 0x6d, 0x25, 0xff, 0xc3, 0x6a, 0x24, 0xff, 0xbb, 0x60, 0x1f, 0xff, 
0xb6, 0x5a, 0x1d, 0xff, 0xba, 0x5c, 0x1e, 0xff, 0xbb, 0x5c, 0x1e, 0xff, 0xbd, 0x61, 0x1f, 0xff, 
0xc6, 0x6b, 0x24, 0xff, 0xcd, 0x76, 0x28, 0xff, 0xd0, 0x7c, 0x2b, 0xff, 0xd0, 0x7a, 0x2a, 0xff, 
0xc4, 0x68, 0x21, 0xff, 0xc0, 0x63, 0x20, 0xff, 0xc2, 0x65, 0x21, 0xff, 0xc3, 0x66, 0x22, 0xff, 
0xc9, 0x6d, 0x24, 0xff, 0xc7, 0x6a, 0x23, 0xff, 0xcd, 0x73, 0x26, 0xff, 0xcc, 0x72, 0x25, 0xff, 
0xc3, 0x64, 0x20, 0xff, 0xb5, 0x58, 0x1c, 0xff, 0xb1, 0x54, 0x1a, 0xff, 0xb6, 0x58, 0x1c, 0xff, 
0xae, 0x54, 0x1b, 0xff, 0xaa, 0x50, 0x19, 0xff, 0xb2, 0x54, 0x1b, 0xff, 0xb6, 0x5a, 0x1d, 0xff, 
0xb9, 0x5c, 0x1d, 0xff, 0xbb, 0x5d, 0x1e, 0xff, 0xb3, 0x56, 0x1c, 0xff, 0xb0, 0x54, 0x1b, 0xff, 
0xb7, 0x5b, 0x1d, 0xff, 0xc1, 0x63, 0x1f, 0xff, 0xbc, 0x61, 0x1f, 0xff, 0xaf, 0x53, 0x1a, 0xff, 
0xae, 0x52, 0x1b, 0xff, 0xaa, 0x4f, 0x19, 0xff, 0xad, 0x52, 0x1a, 0xff, 0xc0, 0x65, 0x21, 0xff, 
0xcc, 0x73, 0x27, 0xff, 0xcd, 0x76, 0x28, 0xff, 0xd5, 0x85, 0x31, 0xff, 0xde, 0x91, 0x36, 0xff, 
0xd3, 0x7c, 0x2b, 0xff, 0xcd, 0x76, 0x28, 0xff, 0xd8, 0x89, 0x32, 0xff, 0xc9, 0x72, 0x27, 0xff, 
0xad, 0x50, 0x19, 0xff, 0xae, 0x51, 0x1a, 0xff, 0xc5, 0x67, 0x22, 0xff, 0xcf, 0x77, 0x28, 0xff, 
0xd2, 0x7f, 0x2d, 0xff, 0xd2, 0x81, 0x2e, 0xff, 0xd2, 0x7e, 0x2d, 0xff, 0xd5, 0x85, 0x30, 0xff, 
0xd7, 0x88, 0x32, 0xff, 0xda, 0x8c, 0x33, 0xff, 0xdb, 0x8e, 0x34, 0xff, 0xd2, 0x7d, 0x2b, 0xff, 
0xd4, 0x81, 0x2e, 0xff, 0xd4, 0x83, 0x2e, 0xff, 0xd5, 0x81, 0x2c, 0xff, 0xd7, 0x86, 0x2f, 0xff, 
0xce, 0x77, 0x29, 0xff, 0xc5, 0x69, 0x22, 0xff, 0xc1, 0x63, 0x1f, 0xff, 0xc8, 0x6c, 0x23, 0xff, 
0xcd, 0x72, 0x26, 0xff, 0xd1, 0x7e, 0x2c, 0xff, 0xd4, 0x82, 0x2f, 0xff, 0xcd, 0x74, 0x26, 0xff, 
0xd4, 0x81, 0x2d, 0xff, 0xd9, 0x89, 0x31, 0xff, 0xcd, 0x74, 0x27, 0xff, 0xc5, 0x68, 0x21, 0xff, 
0xc3, 0x64, 0x1f, 0xff, 0xc7, 0x6a, 0x22, 0xff, 0xc3, 0x66, 0x21, 0xff, 0xc0, 0x64, 0x20, 0xff, 
0xc0, 0x62, 0x20, 0xff, 0xc5, 0x69, 0x22, 0xff, 0xd0, 0x78, 0x28, 0xff, 0xd2, 0x7b, 0x2b, 0xff, 
0xd0, 0x78, 0x29, 0xff, 0xd0, 0x7a, 0x2a, 0xff, 0xd4, 0x7f, 0x2d, 0xff, 0xd9, 0x8a, 0x33, 0xff, 
0xd7, 0x86, 0x31, 0xff, 0xd1, 0x78, 0x28, 0xff, 0xd8, 0x84, 0x2e, 0xff, 0xd5, 0x7e, 0x2d, 0xff, 
0xcd, 0x71, 0x27, 0xff, 0xcd, 0x72, 0x27, 0xff, 0xcd, 0x76, 0x28, 0xff, 0xb9, 0x61, 0x20, 0xff, 
0xb9, 0x61, 0x20, 0xff, 0xc9, 0x70, 0x27, 0xff, 0xcd, 0x72, 0x27, 0xff, 0xc4, 0x6a, 0x23, 0xff, 
0xbd, 0x62, 0x21, 0xff, 0xbc, 0x60, 0x1f, 0xff, 0xc3, 0x68, 0x23, 0xff, 0xc1, 0x66, 0x22, 0xff, 
0xb5, 0x57, 0x1b, 0xff, 0xbc, 0x5c, 0x1e, 0xff, 0xd3, 0x7d, 0x2b, 0xff, 0xda, 0x89, 0x30, 0xff, 
0xbd, 0x64, 0x21, 0xff, 0xaf, 0x54, 0x1b, 0xff, 0xac, 0x50, 0x19, 0xff, 0xa7, 0x4d, 0x18, 0xff, 
0xab, 0x4f, 0x19, 0xff, 0xad, 0x51, 0x1a, 0xff, 0xa8, 0x4f, 0x1a, 0xff, 0xa6, 0x4c, 0x18, 0xff, 
0xa8, 0x4e, 0x19, 0xff, 0xa8, 0x51, 0x1a, 0xff, 0xac, 0x54, 0x1b, 0xff, 0xb8, 0x5a, 0x1d, 0xff, 
0xc5, 0x66, 0x21, 0xff, 0xc6, 0x6c, 0x24, 0xff, 0xc2, 0x6b, 0x25, 0xff, 0xc8, 0x6e, 0x25, 0xff, 
0xc9, 0x6f, 0x24, 0xff, 0xbe, 0x61, 0x1f, 0xff, 0xb5, 0x59, 0x1c, 0xff, 0xb4, 0x58, 0x1c, 0xff, 
0xb9, 0x5c, 0x1d, 0xff, 0xbe, 0x60, 0x1f, 0xff, 0xc0, 0x62, 0x20, 0xff, 0xc5, 0x68, 0x22, 0xff, 
0xc6, 0x6a, 0x23, 0xff, 0xca, 0x6f, 0x26, 0xff, 0xcb, 0x70, 0x26, 0xff, 0xc5, 0x68, 0x22, 0xff, 
0xca, 0x6e, 0x24, 0xff, 0xd6, 0x81, 0x2d, 0xff, 0xd7, 0x82, 0x2e, 0xff, 0xd2, 0x7b, 0x2b, 0xff, 
0xd9, 0x87, 0x2f, 0xff, 0xd8, 0x87, 0x30, 0xff, 0xcc, 0x71, 0x26, 0xff, 0xcc, 0x6f, 0x25, 0xff, 
0xca, 0x6d, 0x23, 0xff, 0xc4, 0x68, 0x21, 0xff, 0xc6, 0x69, 0x23, 0xff, 0xc6, 0x69, 0x23, 0xff, 
0xc5, 0x69, 0x21, 0xff, 0xc6, 0x69, 0x23, 0xff, 0xc9, 0x6d, 0x24, 0xff, 0xca, 0x6f, 0x25, 0xff, 
0xcc, 0x73, 0x27, 0xff, 0xcf, 0x76, 0x28, 0xff, 0xce, 0x75, 0x27, 0xff, 0xd2, 0x7c, 0x29, 0xff, 
0xcf, 0x78, 0x28, 0xff, 0xc9, 0x6e, 0x24, 0xff, 0xcd, 0x73, 0x26, 0xff, 0xc9, 0x6e, 0x25, 0xff, 
0xc1, 0x63, 0x20, 0xff, 0xc5, 0x66, 0x22, 0xff, 0xca, 0x6b, 0x23, 0xff, 0xc5, 0x68, 0x22, 0xff, 
0xbc, 0x5f, 0x1f, 0xff, 0xb8, 0x5b, 0x1e, 0xff, 0xb4, 0x57, 0x1d, 0xff, 0xb1, 0x54, 0x1c, 0xff, 
0xba, 0x5b, 0x1d, 0xff, 0xbc, 0x5e, 0x1e, 0xff, 0xbf, 0x60, 0x1f, 0xff, 0xc1, 0x62, 0x20, 0xff, 
0xbf, 0x61, 0x1f, 0xff, 0xb1, 0x55, 0x1c, 0xff, 0xa9, 0x50, 0x19, 0xff, 0xaf, 0x54, 0x1c, 0xff, 
0xb8, 0x5c, 0x1e, 0xff, 0xb6, 0x5b, 0x1e, 0xff, 0xb2, 0x56, 0x1c, 0xff, 0xb6, 0x59, 0x1c, 0xff, 
0xb8, 0x5a, 0x1d, 0xff, 0xb1, 0x54, 0x1b, 0xff, 0xb7, 0x5a, 0x1d, 0xff, 0xc0, 0x66, 0x23, 0xff, 
0xa8, 0x53, 0x1b, 0xff, 0xa1, 0x4e, 0x1a, 0xff, 0x9d, 0x4a, 0x18, 0xff, 0x96, 0x45, 0x16, 0xff, 
0x98, 0x48, 0x18, 0xff, 0x91, 0x42, 0x15, 0xff, 0x90, 0x42, 0x15, 0xff, 0x93, 0x44, 0x16, 0xff, 
0xa2, 0x4b, 0x19, 0xff, 0xb2, 0x55, 0x1c, 0xff, 0xb6, 0x5a, 0x1d, 0xff, 0xc7, 0x6c, 0x24, 0xff, 
0xd9, 0x85, 0x30, 0xff, 0xca, 0x73, 0x28, 0xff, 0xa0, 0x47, 0x16, 0xff, 0x9a, 0x45, 0x15, 0xff, 
0xb4, 0x5a, 0x1e, 0xff, 0xb1, 0x57, 0x1d, 0xff, 0x98, 0x45, 0x16, 0xff, 0x8f, 0x41, 0x14, 0xff, 
0xa6, 0x53, 0x1b, 0xff, 0xa2, 0x4d, 0x19, 0xff, 0x9b, 0x47, 0x17, 0xff, 0x9f, 0x49, 0x18, 0xff, 
0x9a, 0x47, 0x17, 0xff, 0x9c, 0x48, 0x17, 0xff, 0xa1, 0x4c, 0x18, 0xff, 0xa1, 0x4b, 0x18, 0xff, 
0xa8, 0x52, 0x1b, 0xff, 0xa6, 0x4e, 0x1a, 0xff, 0xa7, 0x4f, 0x19, 0xff, 0xad, 0x53, 0x1b, 0xff, 
0xad, 0x56, 0x1d, 0xff, 0xa5, 0x50, 0x1b, 0xff, 0xa2, 0x4b, 0x18, 0xff, 0xa3, 0x4c, 0x19, 0xff, 
0xa5, 0x4e, 0x19, 0xff, 0xa5, 0x50, 0x19, 0xff, 0x9f, 0x4a, 0x17, 0xff, 0xa3, 0x4c, 0x19, 0xff, 
0xac, 0x53, 0x1b, 0xff, 0xaf, 0x53, 0x1a, 0xff, 0xb3, 0x57, 0x1c, 0xff, 0xbc, 0x5f, 0x1e, 0xff, 
0xc7, 0x6a, 0x23, 0xff, 0xc9, 0x6e, 0x24, 0xff, 0xcf, 0x74, 0x26, 0xff, 0xd4, 0x7c, 0x29, 0xff, 
0xd6, 0x81, 0x2c, 0xff, 0xd1, 0x78, 0x29, 0xff, 0xcd, 0x72, 0x26, 0xff, 0xcd, 0x73, 0x26, 0xff, 
0xcb, 0x71, 0x25, 0xff, 0xc7, 0x6b, 0x23, 0xff, 0xc9, 0x6e, 0x24, 0xff, 0xda, 0x8a, 0x33, 0xff, 
0xdd, 0x90, 0x35, 0xff, 0xca, 0x70, 0x26, 0xff, 0xc4, 0x66, 0x21, 0xff, 0xc0, 0x63, 0x20, 0xff, 
0xc3, 0x67, 0x21, 0xff, 0xc0, 0x63, 0x20, 0xff, 0xbd, 0x5f, 0x1f, 0xff, 0xc2, 0x65, 0x21, 0xff, 
0xc6, 0x6a, 0x22, 0xff, 0xc8, 0x6b, 0x24, 0xff, 0xc1, 0x64, 0x20, 0xff, 0xb9, 0x5b, 0x1d, 0xff, 
0xae, 0x52, 0x1b, 0xff, 0xa4, 0x4c, 0x19, 0xff, 0xa3, 0x4b, 0x19, 0xff, 0xad, 0x52, 0x1b, 0xff, 
0xbf, 0x61, 0x1f, 0xff, 0xc2, 0x64, 0x20, 0xff, 0xb7, 0x59, 0x1c, 0xff, 0xae, 0x51, 0x1a, 0xff, 
0xac, 0x51, 0x1b, 0xff, 0xab, 0x50, 0x1a, 0xff, 0xb8, 0x5b, 0x1d, 0xff, 0xca, 0x6f, 0x24, 0xff, 
0xc5, 0x6c, 0x24, 0xff, 0xc9, 0x73, 0x27, 0xff, 0xd4, 0x7f, 0x2d, 0xff, 0xcf, 0x79, 0x2a, 0xff, 
0xcb, 0x71, 0x26, 0xff, 0xcb, 0x6f, 0x25, 0xff, 0xc9, 0x6e, 0x24, 0xff, 0xc5, 0x69, 0x22, 0xff, 
0xc1, 0x64, 0x20, 0xff, 0xca, 0x70, 0x24, 0xff, 0xd1, 0x7a, 0x29, 0xff, 0xd2, 0x7b, 0x2a, 0xff, 
0xd0, 0x77, 0x28, 0xff, 0xce, 0x75, 0x28, 0xff, 0xca, 0x6f, 0x25, 0xff, 0xc3, 0x66, 0x21, 0xff, 
0xbb, 0x5d, 0x1d, 0xff, 0xbc, 0x60, 0x1f, 0xff, 0xc0, 0x62, 0x1f, 0xff, 0xbe, 0x5f, 0x1f, 0xff, 
0xbc, 0x5d, 0x1e, 0xff, 0xb7, 0x57, 0x1b, 0xff, 0xb8, 0x57, 0x1b, 0xff, 0xb7, 0x57, 0x1b, 0xff, 
0xb6, 0x54, 0x19, 0xff, 0xbc, 0x5b, 0x1c, 0xff, 0xc1, 0x64, 0x21, 0xff, 0xc3, 0x69, 0x22, 0xff, 
0xbf, 0x60, 0x1f, 0xff, 0xbf, 0x63, 0x20, 0xff, 0xc0, 0x65, 0x22, 0xff, 0xcc, 0x73, 0x26, 0xff, 
0xd8, 0x86, 0x2f, 0xff, 0xd2, 0x7e, 0x2c, 0xff, 0xcd, 0x78, 0x29, 0xff, 0xcc, 0x75, 0x29, 0xff, 
0xba, 0x5d, 0x1e, 0xff, 0xb1, 0x52, 0x19, 0xff, 0xcb, 0x74, 0x29, 0xff, 0xd9, 0x88, 0x31, 0xff, 
0xc8, 0x72, 0x27, 0xff, 0xbe, 0x64, 0x21, 0xff, 0xbe, 0x5f, 0x1e, 0xff, 0xce, 0x77, 0x29, 0xff, 
0xd0, 0x7c, 0x2b, 0xff, 0xc8, 0x70, 0x26, 0xff, 0xcd, 0x79, 0x2a, 0xff, 0xd6, 0x89, 0x33, 0xff, 
0xd2, 0x7e, 0x2d, 0xff, 0xcc, 0x72, 0x26, 0xff, 0xd3, 0x7f, 0x2c, 0xff, 0xd6, 0x85, 0x2f, 0xff, 
0xd5, 0x84, 0x30, 0xff, 0xd6, 0x85, 0x2e, 0xff, 0xd5, 0x7f, 0x2c, 0xff, 0xcd, 0x74, 0x27, 0xff, 
0xc9, 0x6f, 0x25, 0xff, 0xcc, 0x73, 0x27, 0xff, 0xd0, 0x7c, 0x2b, 0xff, 0xd0, 0x7a, 0x2a, 0xff, 
0xc6, 0x69, 0x22, 0xff, 0xc5, 0x6b, 0x23, 0xff, 0xce, 0x77, 0x29, 0xff, 0xca, 0x70, 0x25, 0xff, 
0xc6, 0x68, 0x21, 0xff, 0xc7, 0x6a, 0x22, 0xff, 0xce, 0x74, 0x27, 0xff, 0xce, 0x75, 0x27, 0xff, 
0xce, 0x75, 0x27, 0xff, 0xc5, 0x6a, 0x23, 0xff, 0xbf, 0x63, 0x20, 0xff, 0xc1, 0x65, 0x21, 0xff, 
0xc2, 0x64, 0x20, 0xff, 0xc3, 0x65, 0x21, 0xff, 0xc8, 0x6c, 0x24, 0xff, 0xcd, 0x74, 0x28, 0xff, 
0xd3, 0x7e, 0x2c, 0xff, 0xd8, 0x88, 0x31, 0xff, 0xd9, 0x8b, 0x33, 0xff, 0xcf, 0x7a, 0x2b, 0xff, 
0xc8, 0x6d, 0x25, 0xff, 0xc3, 0x68, 0x23, 0xff, 0xc0, 0x69, 0x25, 0xff, 0xb9, 0x63, 0x21, 0xff, 
0xab, 0x56, 0x1d, 0xff, 0xa3, 0x4e, 0x1a, 0xff, 0xa8, 0x50, 0x19, 0xff, 0xa2, 0x4a, 0x18, 0xff, 
0x99, 0x44, 0x16, 0xff, 0x9b, 0x45, 0x16, 0xff, 0x9e, 0x48, 0x17, 0xff, 0xa9, 0x4e, 0x19, 0xff, 
0xb1, 0x55, 0x1b, 0xff, 0xbd, 0x61, 0x1f, 0xff, 0xb9, 0x5d, 0x1e, 0xff, 0xb1, 0x57, 0x1d, 0xff, 
0xc0, 0x66, 0x23, 0xff, 0xd1, 0x79, 0x2a, 0xff, 0xd7, 0x80, 0x2d, 0xff, 0xc0, 0x68, 0x23, 0xff, 
0xa4, 0x4a, 0x19, 0xff, 0xa7, 0x4c, 0x19, 0xff, 0xb1, 0x56, 0x1b, 0xff, 0xb6, 0x5b, 0x1d, 0xff, 
0xbb, 0x5f, 0x1f, 0xff, 0xc2, 0x66, 0x21, 0xff, 0xc1, 0x64, 0x21, 0xff, 0xc4, 0x68, 0x22, 0xff, 
0xba, 0x5f, 0x1f, 0xff, 0xb5, 0x5b, 0x1d, 0xff, 0xbb, 0x5f, 0x1f, 0xff, 0xbc, 0x60, 0x1f, 0xff, 
0xbb, 0x5f, 0x20, 0xff, 0xbb, 0x5e, 0x1e, 0xff, 0xbb, 0x5c, 0x1d, 0xff, 0xbb, 0x5f, 0x1f, 0xff, 
0xc1, 0x66, 0x22, 0xff, 0xc2, 0x65, 0x21, 0xff, 0xbb, 0x5e, 0x1e, 0xff, 0xb5, 0x59, 0x1c, 0xff, 
0xc2, 0x67, 0x22, 0xff, 0xc3, 0x66, 0x21, 0xff, 0xbf, 0x63, 0x20, 0xff, 0xc6, 0x69, 0x23, 0xff, 
0xcd, 0x73, 0x27, 0xff, 0xcb, 0x71, 0x26, 0xff, 0xca, 0x6e, 0x25, 0xff, 0xcc, 0x6f, 0x25, 0xff, 
0xc5, 0x67, 0x22, 0xff, 0xc9, 0x6e, 0x25, 0xff, 0xc1, 0x65, 0x21, 0xff, 0xb8, 0x58, 0x1c, 0xff, 
0xc1, 0x66, 0x22, 0xff, 0xc6, 0x6a, 0x22, 0xff, 0xc0, 0x61, 0x1f, 0xff, 0xb8, 0x5e, 0x1f, 0xff, 
0xbe, 0x64, 0x21, 0xff, 0xc4, 0x67, 0x22, 0xff, 0xc6, 0x6a, 0x23, 0xff, 0xcc, 0x70, 0x25, 0xff, 
0xc7, 0x69, 0x23, 0xff, 0xc4, 0x67, 0x21, 0xff, 0xc4, 0x66, 0x22, 0xff, 0xc4, 0x68, 0x22, 0xff, 
0xc8, 0x6e, 0x24, 0xff, 0xc6, 0x6d, 0x25, 0xff, 0xcc, 0x73, 0x27, 0xff, 0xcc, 0x76, 0x28, 0xff, 
0xc6, 0x6c, 0x23, 0xff, 0xc7, 0x6c, 0x23, 0xff, 0xc6, 0x6b, 0x23, 0xff, 0xc5, 0x6a, 0x23, 0xff, 
0xbc, 0x5d, 0x1e, 0xff, 0xbc, 0x5d, 0x1e, 0xff, 0xbd, 0x60, 0x1f, 0xff, 0xb6, 0x59, 0x1c, 0xff, 
0xa5, 0x4c, 0x18, 0xff, 0x9f, 0x48, 0x18, 0xff, 0x9f, 0x49, 0x18, 0xff, 0xa4, 0x4d, 0x1a, 0xff, 
0xae, 0x54, 0x1b, 0xff, 0xb6, 0x5a, 0x1d, 0xff, 0xaf, 0x55, 0x1b, 0xff, 0xaf, 0x55, 0x1c, 0xff, 
0xb0, 0x55, 0x1c, 0xff, 0xa7, 0x4e, 0x19, 0xff, 0xa9, 0x50, 0x1a, 0xff, 0xa1, 0x4c, 0x18, 0xff, 
0xa8, 0x4f, 0x19, 0xff, 0xc3, 0x69, 0x23, 0xff, 0xb2, 0x5b, 0x1e, 0xff, 0x9f, 0x4a, 0x18, 0xff, 
0xa7, 0x4f, 0x1a, 0xff, 0xaa, 0x50, 0x1a, 0xff, 0xb8, 0x5d, 0x1f, 0xff, 0xab, 0x53, 0x1b, 0xff, 
0x9a, 0x43, 0x15, 0xff, 0x9a, 0x46, 0x17, 0xff, 0x9a, 0x47, 0x18, 0xff, 0x9a, 0x47, 0x17, 0xff, 
0x92, 0x44, 0x16, 0xff, 0x8c, 0x40, 0x15, 0xff, 0x8c, 0x40, 0x15, 0xff, 0x9f, 0x4a, 0x18, 0xff, 
0xb6, 0x58, 0x1c, 0xff, 0xbb, 0x5c, 0x1d, 0xff, 0xc8, 0x6c, 0x24, 0xff, 0xc6, 0x71, 0x27, 0xff, 
0xa5, 0x50, 0x1a, 0xff, 0xa8, 0x4e, 0x19, 0xff, 0xc3, 0x6f, 0x26, 0xff, 0xbc, 0x68, 0x25, 0xff, 
0xbe, 0x62, 0x21, 0xff, 0xb8, 0x5c, 0x1e, 0xff, 0xa4, 0x4f, 0x19, 0xff, 0x94, 0x45, 0x16, 0xff, 
0x85, 0x3d, 0x13, 0xff, 0x88, 0x3f, 0x15, 0xff, 0x90, 0x42, 0x16, 0xff, 0x96, 0x45, 0x16, 0xff, 
0x94, 0x44, 0x16, 0xff, 0x97, 0x46, 0x17, 0xff, 0x99, 0x46, 0x16, 0xff, 0x94, 0x43, 0x16, 0xff, 
0x98, 0x47, 0x18, 0xff, 0x99, 0x47, 0x17, 0xff, 0x9e, 0x4a, 0x18, 0xff, 0xa2, 0x4c, 0x19, 0xff, 
0xaf, 0x54, 0x1b, 0xff, 0xa3, 0x4c, 0x18, 0xff, 0x98, 0x45, 0x16, 0xff, 0x94, 0x43, 0x16, 0xff, 
0xb8, 0x62, 0x20, 0xff, 0xb4, 0x5c, 0x1e, 0xff, 0x9f, 0x49, 0x17, 0xff, 0xaa, 0x50, 0x1a, 0xff, 
0xb5, 0x5a, 0x1d, 0xff, 0xb8, 0x5b, 0x1e, 0xff, 0xb8, 0x5a, 0x1c, 0xff, 0xbb, 0x5d, 0x1e, 0xff, 
0xc3, 0x66, 0x21, 0xff, 0xcc, 0x72, 0x25, 0xff, 0xce, 0x74, 0x26, 0xff, 0xc9, 0x6d, 0x23, 0xff, 
0xc8, 0x6c, 0x24, 0xff, 0xcf, 0x75, 0x27, 0xff, 0xc9, 0x6e, 0x24, 0xff, 0xbd, 0x5f, 0x1e, 0xff, 
0xc1, 0x64, 0x21, 0xff, 0xcf, 0x77, 0x29, 0xff, 0xd7, 0x83, 0x2e, 0xff, 0xd1, 0x7a, 0x2b, 0xff, 
0xc8, 0x6a, 0x22, 0xff, 0xc3, 0x64, 0x20, 0xff, 0xc1, 0x63, 0x20, 0xff, 0xbf, 0x62, 0x1f, 0xff, 
0xc6, 0x6a, 0x22, 0xff, 0xd0, 0x76, 0x27, 0xff, 0xca, 0x70, 0x25, 0xff, 0xc6, 0x6a, 0x22, 0xff, 
0xc9, 0x6e, 0x24, 0xff, 0xca, 0x6f, 0x25, 0xff, 0xca, 0x6d, 0x24, 0xff, 0xc3, 0x66, 0x20, 0xff, 
0xb5, 0x58, 0x1c, 0xff, 0xa9, 0x4f, 0x19, 0xff, 0xab, 0x50, 0x1a, 0xff, 0xab, 0x50, 0x1a, 0xff, 
0xad, 0x51, 0x1a, 0xff, 0xb3, 0x56, 0x1b, 0xff, 0xb2, 0x55, 0x1c, 0xff, 0xab, 0x51, 0x1b, 0xff, 
0xaa, 0x50, 0x1b, 0xff, 0xb2, 0x56, 0x1c, 0xff, 0xc2, 0x65, 0x21, 0xff, 0xcd, 0x74, 0x27, 0xff, 
0xc9, 0x6f, 0x25, 0xff, 0xc3, 0x69, 0x23, 0xff, 0xc3, 0x68, 0x23, 0xff, 0xbf, 0x63, 0x1f, 0xff, 
0xbe, 0x63, 0x21, 0xff, 0xc5, 0x6a, 0x23, 0xff, 0xcb, 0x70, 0x25, 0xff, 0xd1, 0x7d, 0x2a, 0xff, 
0xc6, 0x6b, 0x23, 0xff, 0xc7, 0x6b, 0x23, 0xff, 0xcb, 0x71, 0x25, 0xff, 0xca, 0x71, 0x25, 0xff, 
0xcc, 0x72, 0x26, 0xff, 0xcd, 0x74, 0x27, 0xff, 0xd0, 0x77, 0x28, 0xff, 0xce, 0x74, 0x26, 0xff, 
0xd0, 0x76, 0x28, 0xff, 0xd1, 0x78, 0x28, 0xff, 0xcc, 0x72, 0x25, 0xff, 0xc7, 0x6b, 0x24, 0xff, 
0xc5, 0x67, 0x22, 0xff, 0xc8, 0x6d, 0x25, 0xff, 0xcd, 0x77, 0x2a, 0xff, 0xd4, 0x84, 0x30, 0xff, 
0xd2, 0x82, 0x2f, 0xff, 0xd0, 0x7d, 0x2c, 0xff, 0xd0, 0x7a, 0x2b, 0xff, 0xcc, 0x73, 0x27, 0xff, 
0xca, 0x6e, 0x24, 0xff, 0xcf, 0x74, 0x27, 0xff, 0xd2, 0x7a, 0x2a, 0xff, 0xc9, 0x6d, 0x23, 0xff, 
0xc7, 0x6b, 0x23, 0xff, 0xcc, 0x75, 0x28, 0xff, 0xd0, 0x7a, 0x29, 0xff, 0xc1, 0x64, 0x20, 0xff, 
0xba, 0x5c, 0x1d, 0xff, 0xbf, 0x63, 0x20, 0xff, 0xc6, 0x69, 0x22, 0xff, 0xd1, 0x78, 0x28, 0xff, 
0xd9, 0x86, 0x30, 0xff, 0xd8, 0x86, 0x30, 0xff, 0xc8, 0x6f, 0x25, 0xff, 0xcf, 0x77, 0x29, 0xff, 
0xcf, 0x79, 0x2a, 0xff, 0xc8, 0x73, 0x27, 0xff, 0xcb, 0x76, 0x29, 0xff, 0xcd, 0x78, 0x29, 0xff, 
0xd3, 0x80, 0x2d, 0xff, 0xcd, 0x76, 0x28, 0xff, 0xc9, 0x6f, 0x25, 0xff, 0xd3, 0x80, 0x2d, 0xff, 
0xd7, 0x86, 0x30, 0xff, 0xcb, 0x72, 0x26, 0xff, 0xbb, 0x5f, 0x20, 0xff, 0xb2, 0x56, 0x1c, 0xff, 
0xbb, 0x5f, 0x1e, 0xff, 0xce, 0x77, 0x29, 0xff, 0xdb, 0x8f, 0x35, 0xff, 0xd2, 0x7f, 0x2d, 0xff, 
0xc8, 0x6d, 0x24, 0xff, 0xca, 0x70, 0x25, 0xff, 0xcf, 0x79, 0x29, 0xff, 0xd4, 0x83, 0x2e, 0xff, 
0xcc, 0x75, 0x27, 0xff, 0xbc, 0x5d, 0x1d, 0xff, 0xc1, 0x64, 0x20, 0xff, 0xd1, 0x7c, 0x2c, 0xff, 
0xd6, 0x83, 0x2f, 0xff, 0xcb, 0x70, 0x25, 0xff, 0xcd, 0x75, 0x27, 0xff, 0xd6, 0x81, 0x2d, 0xff, 
0xd0, 0x78, 0x29, 0xff, 0xc9, 0x6f, 0x26, 0xff, 0xcb, 0x72, 0x27, 0xff, 0xd6, 0x84, 0x30, 0xff, 
0xd5, 0x83, 0x2f, 0xff, 0xca, 0x72, 0x27, 0xff, 0xc2, 0x65, 0x21, 0xff, 0xc8, 0x6d, 0x24, 0xff, 
0xc5, 0x6b, 0x23, 0xff, 0xb3, 0x55, 0x1c, 0xff, 0xa6, 0x4b, 0x17, 0xff, 0xa2, 0x4a, 0x17, 0xff, 
0x9e, 0x4a, 0x18, 0xff, 0x9d, 0x48, 0x17, 0xff, 0xaf, 0x55, 0x1c, 0xff, 0xb7, 0x5c, 0x1e, 0xff, 
0xa3, 0x4d, 0x18, 0xff, 0x9d, 0x49, 0x17, 0xff, 0x9b, 0x47, 0x17, 0xff, 0xaa, 0x51, 0x1a, 0xff, 
0xbd, 0x61, 0x1f, 0xff, 0xc1, 0x64, 0x21, 0xff, 0xc5, 0x66, 0x20, 0xff, 0xc1, 0x65, 0x21, 0xff, 
0xd6, 0x80, 0x2d, 0xff, 0xcf, 0x79, 0x2a, 0xff, 0xa3, 0x4b, 0x19, 0xff, 0x9d, 0x44, 0x16, 0xff, 
0xb1, 0x55, 0x1c, 0xff, 0xb0, 0x54, 0x1c, 0xff, 0xb0, 0x54, 0x1b, 0xff, 0xbb, 0x5d, 0x1e, 0xff, 
0xb5, 0x59, 0x1c, 0xff, 0xb6, 0x5b, 0x1d, 0xff, 0xc0, 0x64, 0x20, 0xff, 0xc1, 0x67, 0x22, 0xff, 
0xba, 0x5e, 0x1f, 0xff, 0xba, 0x5d, 0x1e, 0xff, 0xb8, 0x5c, 0x1d, 0xff, 0xa8, 0x50, 0x1a, 0xff, 
0xa4, 0x4c, 0x19, 0xff, 0xb8, 0x5c, 0x1e, 0xff, 0xb3, 0x58, 0x1c, 0xff, 0xac, 0x51, 0x1a, 0xff, 
0xad, 0x52, 0x1a, 0xff, 0xb1, 0x56, 0x1c, 0xff, 0xbb, 0x5d, 0x1e, 0xff, 0xba, 0x5c, 0x1d, 0xff, 
0xb6, 0x5b, 0x1e, 0xff, 0xc2, 0x66, 0x22, 0xff, 0xcc, 0x72, 0x26, 0xff, 0xce, 0x73, 0x27, 0xff, 
0xc3, 0x66, 0x22, 0xff, 0xc2, 0x63, 0x20, 0xff, 0xc1, 0x64, 0x20, 0xff, 0xb1, 0x57, 0x1c, 0xff, 
0xad, 0x54, 0x1b, 0xff, 0xaf, 0x54, 0x1b, 0xff, 0xb7, 0x5a, 0x1d, 0xff, 0xb3, 0x56, 0x1c, 0xff, 
0xaf, 0x53, 0x1a, 0xff, 0xb3, 0x58, 0x1c, 0xff, 0xb0, 0x56, 0x1c, 0xff, 0xa5, 0x4c, 0x18, 0xff, 
0xb2, 0x57, 0x1c, 0xff, 0xbd, 0x60, 0x1f, 0xff, 0xb2, 0x57, 0x1c, 0xff, 0xa9, 0x51, 0x1a, 0xff, 
0xb7, 0x5b, 0x1d, 0xff, 0xb8, 0x5a, 0x1d, 0xff, 0xb7, 0x5a, 0x1e, 0xff, 0xcc, 0x71, 0x25, 0xff, 
0xc3, 0x67, 0x21, 0xff, 0xb6, 0x58, 0x1c, 0xff, 0xc8, 0x6e, 0x25, 0xff, 0xc4, 0x68, 0x22, 0xff, 
0xba, 0x5b, 0x1d, 0xff, 0xbf, 0x61, 0x20, 0xff, 0xb6, 0x5a, 0x1d, 0xff, 0xb5, 0x5a, 0x1d, 0xff, 
0xb3, 0x58, 0x1c, 0xff, 0xaa, 0x51, 0x1a, 0xff, 0xa1, 0x4a, 0x18, 0xff, 0xab, 0x52, 0x1b, 0xff, 
0xb2, 0x56, 0x1b, 0xff, 0xac, 0x52, 0x1a, 0xff, 0xa7, 0x4f, 0x1a, 0xff, 0xa8, 0x50, 0x1b, 0xff, 
0xab, 0x52, 0x1b, 0xff, 0xaa, 0x51, 0x1a, 0xff, 0xa2, 0x4c, 0x18, 0xff, 0xa5, 0x4e, 0x19, 0xff, 
0xa7, 0x4e, 0x19, 0xff, 0xa5, 0x4d, 0x19, 0xff, 0xa7, 0x4f, 0x19, 0xff, 0x9f, 0x4a, 0x18, 0xff, 
0x9f, 0x4a, 0x18, 0xff, 0xa8, 0x52, 0x1a, 0xff, 0xa1, 0x4c, 0x19, 0xff, 0x92, 0x42, 0x16, 0xff, 
0x8c, 0x3e, 0x14, 0xff, 0xa5, 0x51, 0x1b, 0xff, 0xc5, 0x6d, 0x25, 0xff, 0xc3, 0x67, 0x22, 0xff, 
0xc7, 0x6b, 0x24, 0xff, 0xc2, 0x68, 0x22, 0xff, 0xb4, 0x59, 0x1c, 0xff, 0xad, 0x53, 0x1b, 0xff, 
0xa1, 0x4c, 0x18, 0xff, 0x8c, 0x40, 0x15, 0xff, 0x89, 0x3e, 0x15, 0xff, 0x90, 0x41, 0x15, 0xff, 
0x94, 0x43, 0x16, 0xff, 0x97, 0x46, 0x17, 0xff, 0xa4, 0x4f, 0x1a, 0xff, 0xa1, 0x4b, 0x18, 0xff, 
0x8d, 0x3d, 0x13, 0xff, 0xa1, 0x4d, 0x19, 0xff, 0xb3, 0x5d, 0x1f, 0xff, 0xb1, 0x5a, 0x1f, 0xff, 
0x9b, 0x47, 0x18, 0xff, 0xb7, 0x5e, 0x1f, 0xff, 0xbb, 0x62, 0x20, 0xff, 0xa6, 0x4f, 0x19, 0xff, 
0x8e, 0x40, 0x15, 0xff, 0x85, 0x3c, 0x14, 0xff, 0x84, 0x3c, 0x13, 0xff, 0x84, 0x3d, 0x14, 0xff, 
0x8e, 0x40, 0x15, 0xff, 0x94, 0x44, 0x16, 0xff, 0xae, 0x55, 0x1b, 0xff, 0xaf, 0x54, 0x1c, 0xff, 
0xa5, 0x4f, 0x1a, 0xff, 0xb1, 0x5a, 0x1e, 0xff, 0xa0, 0x4b, 0x19, 0xff, 0xaa, 0x52, 0x1a, 0xff, 
0xbd, 0x5e, 0x1e, 0xff, 0xab, 0x52, 0x1a, 0xff, 0xa2, 0x4d, 0x1a, 0xff, 0x9f, 0x4a, 0x17, 0xff, 
0xab, 0x55, 0x1b, 0xff, 0xab, 0x52, 0x1b, 0xff, 0xa9, 0x50, 0x19, 0xff, 0xb7, 0x5a, 0x1d, 0xff, 
0xba, 0x5c, 0x1e, 0xff, 0xba, 0x5c, 0x1e, 0xff, 0xb7, 0x5a, 0x1d, 0xff, 0xb8, 0x5a, 0x1e, 0xff, 
0xc2, 0x65, 0x21, 0xff, 0xca, 0x6e, 0x24, 0xff, 0xc0, 0x63, 0x20, 0xff, 0xbb, 0x5d, 0x1e, 0xff, 
0xbb, 0x5d, 0x1e, 0xff, 0xba, 0x5d, 0x1d, 0xff, 0xba, 0x5b, 0x1d, 0xff, 0xc3, 0x66, 0x22, 0xff, 
0xd0, 0x7a, 0x2a, 0xff, 0xd2, 0x7d, 0x2c, 0xff, 0xc9, 0x70, 0x26, 0xff, 0xbd, 0x5f, 0x1d, 0xff, 
0xc0, 0x61, 0x20, 0xff, 0xc6, 0x69, 0x23, 0xff, 0xc4, 0x67, 0x21, 0xff, 0xc2, 0x65, 0x21, 0xff, 
0xc2, 0x65, 0x21, 0xff, 0xc2, 0x65, 0x21, 0xff, 0xbf, 0x62, 0x20, 0xff, 0xc1, 0x63, 0x20, 0xff, 
0xbf, 0x61, 0x1f, 0xff, 0xb6, 0x58, 0x1c, 0xff, 0xbe, 0x61, 0x20, 0xff, 0xc3, 0x65, 0x21, 0xff, 
0xba, 0x5b, 0x1c, 0xff, 0xb8, 0x5c, 0x1e, 0xff, 0xbc, 0x5f, 0x1e, 0xff, 0xbb, 0x5d, 0x1d, 0xff, 
0xb7, 0x5a, 0x1c, 0xff, 0xb6, 0x59, 0x1b, 0xff, 0xb1, 0x53, 0x1b, 0xff, 0xa4, 0x4d, 0x19, 0xff, 
0xa8, 0x4e, 0x19, 0xff, 0xbf, 0x61, 0x1f, 0xff, 0xc6, 0x6c, 0x24, 0xff, 0xd1, 0x7b, 0x29, 0xff, 
0xd5, 0x7f, 0x2b, 0xff, 0xbf, 0x62, 0x20, 0xff, 0xb4, 0x58, 0x1c, 0xff, 0xb7, 0x5b, 0x1e, 0xff, 
0xb8, 0x5b, 0x1d, 0xff, 0xc0, 0x63, 0x20, 0xff, 0xc6, 0x69, 0x22, 0xff, 0xcc, 0x77, 0x29, 0xff, 
0xd0, 0x79, 0x29, 0xff, 0xc8, 0x6b, 0x23, 0xff, 0xcd, 0x73, 0x26, 0xff, 0xcf, 0x75, 0x27, 0xff, 
0xcc, 0x72, 0x25, 0xff, 0xc6, 0x69, 0x22, 0xff, 0xc8, 0x6c, 0x23, 0xff, 0xce, 0x75, 0x28, 0xff, 
0xd6, 0x81, 0x2e, 0xff, 0xd7, 0x85, 0x30, 0xff, 0xd7, 0x83, 0x2f, 0xff, 0xd1, 0x78, 0x28, 0xff, 
0xd2, 0x7a, 0x2a, 0xff, 0xdb, 0x8d, 0x34, 0xff, 0xdb, 0x8e, 0x34, 0xff, 0xdf, 0x94, 0x38, 0xff, 
0xde, 0x92, 0x37, 0xff, 0xd9, 0x89, 0x32, 0xff, 0xcd, 0x76, 0x29, 0xff, 0xc5, 0x68, 0x22, 0xff, 
0xc9, 0x6d, 0x24, 0xff, 0xc9, 0x6c, 0x24, 0xff, 0xc7, 0x6b, 0x23, 0xff, 0xcc, 0x72, 0x27, 0xff, 
0xd0, 0x7a, 0x2b, 0xff, 0xd6, 0x85, 0x31, 0xff, 0xd5, 0x80, 0x2e, 0xff, 0xcc, 0x71, 0x26, 0xff, 
0xd2, 0x7b, 0x2b, 0xff, 0xd6, 0x81, 0x2c, 0xff, 0xcd, 0x74, 0x27, 0xff, 0xc7, 0x6c, 0x24, 0xff, 
0xd3, 0x7f, 0x2d, 0xff, 0xdb, 0x8b, 0x33, 0xff, 0xd5, 0x82, 0x2e, 0xff, 0xd0, 0x79, 0x2a, 0xff, 
0xd2, 0x7d, 0x2b, 0xff, 0xd3, 0x7f, 0x2c, 0xff, 0xd4, 0x80, 0x2e, 0xff, 0xd3, 0x7d, 0x2b, 0xff, 
0xd2, 0x7c, 0x2a, 0xff, 0xcd, 0x78, 0x2a, 0xff, 0xc0, 0x68, 0x22, 0xff, 0xc8, 0x72, 0x26, 0xff, 
0xd3, 0x7e, 0x2c, 0xff, 0xb8, 0x5d, 0x1e, 0xff, 0xa5, 0x4e, 0x19, 0xff, 0xb6, 0x5b, 0x1d, 0xff, 
0xb6, 0x58, 0x1c, 0xff, 0xbc, 0x63, 0x21, 0xff, 0xd4, 0x82, 0x2f, 0xff, 0xd2, 0x80, 0x2d, 0xff, 
0xcf, 0x7a, 0x2b, 0xff, 0xda, 0x8d, 0x34, 0xff, 0xdb, 0x8d, 0x34, 0xff, 0xdd, 0x91, 0x36, 0xff, 
0xd9, 0x88, 0x30, 0xff, 0xd2, 0x7b, 0x2a, 0xff, 0xb8, 0x5f, 0x1f, 0xff, 0xc5, 0x6e, 0x26, 0xff, 
0xdb, 0x89, 0x31, 0xff, 0xd3, 0x7e, 0x2c, 0xff, 0xd1, 0x7c, 0x2c, 0xff, 0xd3, 0x81, 0x2e, 0xff, 
0xd9, 0x89, 0x30, 0xff, 0xd1, 0x7c, 0x2b, 0xff, 0xbd, 0x65, 0x21, 0xff, 0xc8, 0x70, 0x26, 0xff, 
0xc1, 0x65, 0x21, 0xff, 0xbd, 0x5d, 0x1d, 0xff, 0xc5, 0x69, 0x22, 0xff, 0xcb, 0x70, 0x26, 0xff, 
0xc5, 0x6b, 0x24, 0xff, 0xae, 0x54, 0x1b, 0xff, 0xa7, 0x50, 0x1a, 0xff, 0xad, 0x54, 0x1c, 0xff, 
0xb0, 0x57, 0x1c, 0xff, 0xae, 0x54, 0x1b, 0xff, 0xa5, 0x4f, 0x19, 0xff, 0x9a, 0x47, 0x17, 0xff, 
0xaa, 0x51, 0x1a, 0xff, 0xaf, 0x55, 0x1c, 0xff, 0xa7, 0x4d, 0x19, 0xff, 0xa9, 0x4d, 0x19, 0xff, 
0xb1, 0x56, 0x1c, 0xff, 0xa8, 0x50, 0x1a, 0xff, 0xb0, 0x56, 0x1c, 0xff, 0xc2, 0x65, 0x20, 0xff, 
0xca, 0x6d, 0x24, 0xff, 0xb2, 0x59, 0x1e, 0xff, 0x8e, 0x3d, 0x14, 0xff, 0xa0, 0x4a, 0x18, 0xff, 
0xc3, 0x65, 0x20, 0xff, 0xc3, 0x65, 0x21, 0xff, 0xb3, 0x56, 0x1c, 0xff, 0xb2, 0x56, 0x1b, 0xff, 
0xb8, 0x5c, 0x1d, 0xff, 0xbe, 0x61, 0x1f, 0xff, 0xba, 0x5d, 0x1e, 0xff, 0xb1, 0x55, 0x1b, 0xff, 
0xaf, 0x53, 0x1b, 0xff, 0xad, 0x53, 0x1b, 0xff, 0xa1, 0x4a, 0x18, 0xff, 0xb1, 0x55, 0x1b, 0xff, 
0xb2, 0x57, 0x1b, 0xff, 0xab, 0x52, 0x1c, 0xff, 0xad, 0x52, 0x1b, 0xff, 0xb3, 0x56, 0x1b, 0xff, 
0xb2, 0x55, 0x1b, 0xff, 0xb3, 0x56, 0x1c, 0xff, 0xb9, 0x5c, 0x1e, 0xff, 0xbd, 0x5e, 0x1f, 0xff, 
0xad, 0x52, 0x1a, 0xff, 0xb2, 0x56, 0x1c, 0xff, 0xc6, 0x69, 0x22, 0xff, 0xc7, 0x6a, 0x23, 0xff, 
0xc2, 0x65, 0x21, 0xff, 0xc8, 0x6b, 0x23, 0xff, 0xb9, 0x5c, 0x1e, 0xff, 0x98, 0x44, 0x16, 0xff, 
0xa3, 0x50, 0x1b, 0xff, 0xa2, 0x4c, 0x18, 0xff, 0xa5, 0x4e, 0x19, 0xff, 0xaa, 0x50, 0x1b, 0xff, 
0xae, 0x54, 0x1b, 0xff, 0xb0, 0x55, 0x1b, 0xff, 0xa8, 0x51, 0x1a, 0xff, 0xb0, 0x56, 0x1b, 0xff, 
0xb5, 0x5a, 0x1e, 0xff, 0xb2, 0x57, 0x1c, 0xff, 0xb3, 0x57, 0x1c, 0xff, 0xa5, 0x51, 0x1a, 0xff, 
0x9f, 0x4b, 0x18, 0xff, 0xa8, 0x51, 0x1b, 0xff, 0xab, 0x53, 0x1b, 0xff, 0xbd, 0x61, 0x20, 0xff, 
0xbb, 0x5d, 0x1e, 0xff, 0xc1, 0x66, 0x21, 0xff, 0xc8, 0x70, 0x26, 0xff, 0xbb, 0x5e, 0x1e, 0xff, 
0xb6, 0x5a, 0x1d, 0xff, 0xb0, 0x56, 0x1c, 0xff, 0xb1, 0x55, 0x1b, 0xff, 0xb3, 0x57, 0x1d, 0xff, 
0xa7, 0x4f, 0x1a, 0xff, 0x9f, 0x4a, 0x19, 0xff, 0xa0, 0x4a, 0x18, 0xff, 0xa1, 0x4b, 0x19, 0xff, 
0xab, 0x51, 0x1b, 0xff, 0xb0, 0x54, 0x1b, 0xff, 0xba, 0x5c, 0x1d, 0xff, 0xbc, 0x5e, 0x1e, 0xff, 
0xb2, 0x57, 0x1d, 0xff, 0xad, 0x52, 0x1a, 0xff, 0xab, 0x51, 0x1a, 0xff, 0xa1, 0x4c, 0x18, 0xff, 
0x99, 0x47, 0x16, 0xff, 0x99, 0x47, 0x18, 0xff, 0x9a, 0x48, 0x17, 0xff, 0x9d, 0x49, 0x18, 0xff, 
0x9c, 0x49, 0x18, 0xff, 0x96, 0x45, 0x15, 0xff, 0x93, 0x43, 0x16, 0xff, 0x91, 0x42, 0x15, 0xff, 
0x99, 0x45, 0x16, 0xff, 0xbd, 0x65, 0x22, 0xff, 0xd0, 0x78, 0x29, 0xff, 0xd4, 0x79, 0x29, 0xff, 
0xd1, 0x7b, 0x2b, 0xff, 0xc9, 0x6f, 0x25, 0xff, 0xc4, 0x67, 0x22, 0xff, 0xb7, 0x59, 0x1b, 0xff, 
0x99, 0x44, 0x15, 0xff, 0x95, 0x43, 0x17, 0xff, 0x9e, 0x4a, 0x19, 0xff, 0xa5, 0x51, 0x1b, 0xff, 
0xae, 0x5a, 0x1d, 0xff, 0xa7, 0x51, 0x1b, 0xff, 0xa7, 0x50, 0x19, 0xff, 0xa8, 0x50, 0x19, 0xff, 
0x98, 0x47, 0x17, 0xff, 0x96, 0x45, 0x16, 0xff, 0x9c, 0x46, 0x16, 0xff, 0xa0, 0x4a, 0x18, 0xff, 
0x94, 0x44, 0x16, 0xff, 0x93, 0x44, 0x16, 0xff, 0x96, 0x44, 0x16, 0xff, 0x90, 0x42, 0x15, 0xff, 
0x88, 0x3e, 0x15, 0xff, 0x80, 0x3b, 0x13, 0xff, 0x84, 0x3d, 0x13, 0xff, 0x8b, 0x40, 0x15, 0xff, 
0x93, 0x45, 0x17, 0xff, 0x97, 0x47, 0x16, 0xff, 0x9c, 0x48, 0x17, 0xff, 0xaa, 0x52, 0x1b, 0xff, 
0x9d, 0x49, 0x17, 0xff, 0xa2, 0x4f, 0x1a, 0xff, 0xa4, 0x4e, 0x19, 0xff, 0xa6, 0x4d, 0x19, 0xff, 
0xad, 0x55, 0x1b, 0xff, 0xb1, 0x57, 0x1c, 0xff, 0xaf, 0x53, 0x1c, 0xff, 0xab, 0x52, 0x1b, 0xff, 
0xa7, 0x4e, 0x19, 0xff, 0xb2, 0x56, 0x1b, 0xff, 0xbf, 0x61, 0x1f, 0xff, 0xbf, 0x61, 0x1f, 0xff, 
0xbc, 0x5f, 0x1f, 0xff, 0xbd, 0x60, 0x1f, 0xff, 0xc0, 0x63, 0x21, 0xff, 0xbd, 0x60, 0x20, 0xff, 
0xbe, 0x60, 0x20, 0xff, 0xc1, 0x63, 0x20, 0xff, 0xcb, 0x71, 0x26, 0xff, 0xcb, 0x6f, 0x25, 0xff, 
0xb3, 0x55, 0x1a, 0xff, 0xad, 0x52, 0x1a, 0xff, 0xc8, 0x6f, 0x24, 0xff, 0xd7, 0x83, 0x2d, 0xff, 
0xce, 0x76, 0x28, 0xff, 0xc1, 0x62, 0x1f, 0xff, 0xc3, 0x65, 0x21, 0xff, 0xc5, 0x67, 0x22, 0xff, 
0xc4, 0x67, 0x22, 0xff, 0xbf, 0x62, 0x20, 0xff, 0xc4, 0x67, 0x21, 0xff, 0xc5, 0x68, 0x22, 0xff, 
0xc2, 0x65, 0x21, 0xff, 0xc0, 0x62, 0x20, 0xff, 0xbd, 0x5f, 0x20, 0xff, 0xbb, 0x5d, 0x1e, 0xff, 
0xb5, 0x58, 0x1c, 0xff, 0xac, 0x51, 0x19, 0xff, 0xae, 0x50, 0x19, 0xff, 0xc0, 0x63, 0x21, 0xff, 
0xd1, 0x79, 0x2a, 0xff, 0xd1, 0x79, 0x29, 0xff, 0xcd, 0x74, 0x28, 0xff, 0xce, 0x77, 0x29, 0xff, 
0xda, 0x87, 0x2f, 0xff, 0xd8, 0x86, 0x2f, 0xff, 0xbe, 0x63, 0x20, 0xff, 0xb1, 0x51, 0x19, 0xff, 
0xbb, 0x5e, 0x1e, 0xff, 0xcf, 0x7a, 0x29, 0xff, 0xcd, 0x78, 0x2a, 0xff, 0xbf, 0x65, 0x22, 0xff, 
0xba, 0x5f, 0x1f, 0xff, 0xb7, 0x5a, 0x1d, 0xff, 0xb4, 0x57, 0x1b, 0xff, 0xb4, 0x57, 0x1c, 0xff, 
0xbd, 0x61, 0x20, 0xff, 0xc4, 0x67, 0x21, 0xff, 0xc3, 0x65, 0x21, 0xff, 0xbf, 0x61, 0x1f, 0xff, 
0xd2, 0x7f, 0x2d, 0xff, 0xd4, 0x7f, 0x2c, 0xff, 0xd1, 0x79, 0x28, 0xff, 0xce, 0x75, 0x27, 0xff, 
0xcd, 0x74, 0x27, 0xff, 0xd1, 0x7b, 0x2a, 0xff, 0xcb, 0x70, 0x25, 0xff, 0xcd, 0x74, 0x28, 0xff, 
0xd3, 0x7e, 0x2c, 0xff, 0xd2, 0x7c, 0x2c, 0xff, 0xcb, 0x6f, 0x25, 0xff, 0xcc, 0x70, 0x25, 0xff, 
0xd4, 0x82, 0x2f, 0xff, 0xca, 0x72, 0x26, 0xff, 0xcc, 0x72, 0x26, 0xff, 0xd2, 0x7b, 0x2a, 0xff, 
0xc5, 0x65, 0x1f, 0xff, 0xc3, 0x65, 0x20, 0xff, 0xc5, 0x6a, 0x23, 0xff, 0xc6, 0x6a, 0x23, 0xff, 
0xc9, 0x6d, 0x25, 0xff, 0xcd, 0x74, 0x27, 0xff, 0xcb, 0x71, 0x26, 0xff, 0xce, 0x75, 0x27, 0xff, 
0xd9, 0x87, 0x31, 0xff, 0xd9, 0x88, 0x32, 0xff, 0xd3, 0x7f, 0x2d, 0xff, 0xce, 0x74, 0x27, 0xff, 
0xd2, 0x7c, 0x2b, 0xff, 0xd3, 0x7d, 0x2b, 0xff, 0xd9, 0x81, 0x2c, 0xff, 0xd5, 0x7f, 0x2d, 0xff, 
0xcf, 0x78, 0x2a, 0xff, 0xd4, 0x7f, 0x2c, 0xff, 0xd4, 0x7c, 0x2b, 0xff, 0xcc, 0x74, 0x27, 0xff, 
0xc7, 0x6d, 0x25, 0xff, 0xca, 0x6f, 0x25, 0xff, 0xc9, 0x6e, 0x25, 0xff, 0xc1, 0x63, 0x1f, 0xff, 
0xca, 0x71, 0x26, 0xff, 0xcc, 0x73, 0x26, 0xff, 0xbf, 0x62, 0x1f, 0xff, 0xc4, 0x67, 0x21, 0xff, 
0xcd, 0x72, 0x26, 0xff, 0xbb, 0x61, 0x1f, 0xff, 0xb0, 0x54, 0x1b, 0xff, 0xc7, 0x6b, 0x24, 0xff, 
0xce, 0x77, 0x2a, 0xff, 0xcd, 0x78, 0x29, 0xff, 0xd4, 0x80, 0x2d, 0xff, 0xd4, 0x82, 0x2e, 0xff, 
0xd1, 0x7d, 0x2c, 0xff, 0xcf, 0x7d, 0x2d, 0xff, 0xd2, 0x7f, 0x2d, 0xff, 0xc8, 0x6f, 0x26, 0xff, 
0xac, 0x54, 0x1b, 0xff, 0xa7, 0x51, 0x1b, 0xff, 0xba, 0x61, 0x20, 0xff, 0xd0, 0x78, 0x29, 0xff, 
0xd3, 0x7d, 0x2c, 0xff, 0xc5, 0x6d, 0x25, 0xff, 0xc2, 0x69, 0x23, 0xff, 0xaa, 0x52, 0x1b, 0xff, 
0xb6, 0x5b, 0x1e, 0xff, 0xc6, 0x68, 0x22, 0xff, 0xbf, 0x63, 0x1f, 0xff, 0xba, 0x5b, 0x1c, 0xff, 
0xb6, 0x55, 0x1a, 0xff, 0xcb, 0x72, 0x27, 0xff, 0xc7, 0x6c, 0x24, 0xff, 0xb3, 0x55, 0x1b, 0xff, 
0xba, 0x5c, 0x1d, 0xff, 0xb7, 0x5a, 0x1d, 0xff, 0xa8, 0x50, 0x1b, 0xff, 0xa8, 0x51, 0x1a, 0xff, 
0xb2, 0x56, 0x1c, 0xff, 0xb2, 0x57, 0x1c, 0xff, 0xa5, 0x4d, 0x19, 0xff, 0xa3, 0x4f, 0x1a, 0xff, 
0xa3, 0x4e, 0x1a, 0xff, 0xa2, 0x4b, 0x19, 0xff, 0xb1, 0x58, 0x1c, 0xff, 0xb6, 0x5b, 0x1e, 0xff, 
0xb8, 0x5d, 0x1f, 0xff, 0x9d, 0x49, 0x18, 0xff, 0x9c, 0x47, 0x17, 0xff, 0xb2, 0x57, 0x1c, 0xff, 
0xb5, 0x58, 0x1d, 0xff, 0xbb, 0x60, 0x1f, 0xff, 0xa9, 0x52, 0x1b, 0xff, 0x99, 0x46, 0x16, 0xff, 
0xa9, 0x50, 0x1a, 0xff, 0xb8, 0x5b, 0x1e, 0xff, 0xb8, 0x5b, 0x1d, 0xff, 0xb5, 0x59, 0x1d, 0xff, 
0xb2, 0x56, 0x1c, 0xff, 0xaf, 0x55, 0x1c, 0xff, 0xad, 0x52, 0x1a, 0xff, 0xbc, 0x60, 0x20, 0xff, 
0xc8, 0x6c, 0x24, 0xff, 0xbf, 0x63, 0x1f, 0xff, 0xbe, 0x62, 0x21, 0xff, 0xc7, 0x69, 0x23, 0xff, 
0xb6, 0x58, 0x1c, 0xff, 0xaf, 0x54, 0x1a, 0xff, 0xbc, 0x5d, 0x1f, 0xff, 0xc2, 0x64, 0x21, 0xff, 
0xc1, 0x64, 0x20, 0xff, 0xc2, 0x65, 0x21, 0xff, 0xc1, 0x63, 0x20, 0xff, 0xc0, 0x62, 0x1f, 0xff, 
0xbe, 0x62, 0x20, 0xff, 0xb7, 0x5a, 0x1e, 0xff, 0xc1, 0x64, 0x20, 0xff, 0xc8, 0x6c, 0x23, 0xff, 
0xcb, 0x70, 0x25, 0xff, 0xce, 0x74, 0x27, 0xff, 0xc7, 0x6b, 0x23, 0xff, 0xae, 0x54, 0x1b, 0xff, 
0x93, 0x41, 0x15, 0xff, 0xa8, 0x50, 0x1a, 0xff, 0xbd, 0x61, 0x1f, 0xff, 0xc0, 0x63, 0x20, 0xff, 
0xbb, 0x5d, 0x1e, 0xff, 0xab, 0x52, 0x1a, 0xff, 0xa1, 0x4c, 0x19, 0xff, 0x9f, 0x4a, 0x18, 0xff, 
0x93, 0x40, 0x15, 0xff, 0x9d, 0x46, 0x16, 0xff, 0xb7, 0x5d, 0x1e, 0xff, 0xac, 0x54, 0x1c, 0xff, 
0x9b, 0x47, 0x18, 0xff, 0xb1, 0x59, 0x1c, 0xff, 0xb1, 0x57, 0x1c, 0xff, 0xb3, 0x58, 0x1c, 0xff, 
0xb8, 0x5b, 0x1e, 0xff, 0xc1, 0x64, 0x21, 0xff, 0xb3, 0x57, 0x1c, 0xff, 0xac, 0x50, 0x19, 0xff, 
0xb9, 0x5d, 0x1e, 0xff, 0xbe, 0x63, 0x20, 0xff, 0xb8, 0x5c, 0x1e, 0xff, 0xac, 0x53, 0x1b, 0xff, 
0xaa, 0x51, 0x1a, 0xff, 0xaf, 0x55, 0x1b, 0xff, 0xa6, 0x4f, 0x1a, 0xff, 0xa8, 0x50, 0x19, 0xff, 
0xa6, 0x4f, 0x19, 0xff, 0xb1, 0x57, 0x1c, 0xff, 0xbc, 0x5f, 0x1e, 0xff, 0xb5, 0x58, 0x1c, 0xff, 
0xb3, 0x56, 0x1c, 0xff, 0xb6, 0x5a, 0x1e, 0xff, 0xb4, 0x57, 0x1c, 0xff, 0xab, 0x52, 0x1a, 0xff, 
0xa0, 0x4b, 0x18, 0xff, 0x9e, 0x49, 0x18, 0xff, 0xa4, 0x4d, 0x19, 0xff, 0xa3, 0x4d, 0x18, 0xff, 
0x9a, 0x48, 0x17, 0xff, 0x94, 0x44, 0x16, 0xff, 0xa2, 0x4d, 0x19, 0xff, 0x97, 0x42, 0x15, 0xff, 
0xb8, 0x5f, 0x1f, 0xff, 0xc0, 0x67, 0x22, 0xff, 0x9b, 0x45, 0x15, 0xff, 0xab, 0x54, 0x1b, 0xff, 
0xcd, 0x75, 0x28, 0xff, 0xca, 0x72, 0x28, 0xff, 0xcf, 0x78, 0x29, 0xff, 0xce, 0x79, 0x2a, 0xff, 
0xb9, 0x62, 0x21, 0xff, 0xb7, 0x59, 0x1c, 0xff, 0xb4, 0x58, 0x1c, 0xff, 0xb7, 0x5b, 0x1d, 0xff, 
0xbc, 0x60, 0x20, 0xff, 0xb0, 0x57, 0x1c, 0xff, 0xa7, 0x50, 0x1a, 0xff, 0xa2, 0x4c, 0x19, 0xff, 
0x9a, 0x47, 0x18, 0xff, 0x94, 0x44, 0x16, 0xff, 0x91, 0x43, 0x16, 0xff, 0x96, 0x45, 0x17, 0xff, 
0x8c, 0x41, 0x14, 0xff, 0x93, 0x43, 0x15, 0xff, 0x90, 0x41, 0x17, 0xff, 0x8a, 0x3e, 0x15, 0xff, 
0x83, 0x3c, 0x13, 0xff, 0x89, 0x40, 0x15, 0xff, 0x83, 0x3d, 0x13, 0xff, 0x88, 0x3e, 0x14, 0xff, 
0xa8, 0x52, 0x1b, 0xff, 0xae, 0x54, 0x1b, 0xff, 0x9a, 0x48, 0x18, 0xff, 0x9b, 0x49, 0x18, 0xff, 
0x9b, 0x49, 0x18, 0xff, 0x9b, 0x47, 0x17, 0xff, 0xa6, 0x4e, 0x19, 0xff, 0xab, 0x52, 0x1b, 0xff, 
0xaf, 0x55, 0x1c, 0xff, 0xb4, 0x58, 0x1d, 0xff, 0xac, 0x52, 0x1a, 0xff, 0xa8, 0x4f, 0x19, 0xff, 
0xb1, 0x56, 0x1c, 0xff, 0xb9, 0x5c, 0x1d, 0xff, 0xb7, 0x59, 0x1c, 0xff, 0xb9, 0x5b, 0x1e, 0xff, 
0xbe, 0x60, 0x1f, 0xff, 0xc4, 0x66, 0x21, 0xff, 0xc8, 0x6b, 0x23, 0xff, 0xc6, 0x69, 0x22, 0xff, 
0xbc, 0x5f, 0x1f, 0xff, 0xbd, 0x60, 0x1f, 0xff, 0xd4, 0x7d, 0x2c, 0xff, 0xd6, 0x82, 0x2d, 0xff, 
0xcd, 0x74, 0x27, 0xff, 0xd2, 0x7b, 0x2b, 0xff, 0xd4, 0x7e, 0x2b, 0xff, 0xce, 0x76, 0x28, 0xff, 
0xc3, 0x66, 0x22, 0xff, 0xc3, 0x66, 0x22, 0xff, 0xc6, 0x6a, 0x23, 0xff, 0xc5, 0x68, 0x22, 0xff, 
0xc1, 0x64, 0x20, 0xff, 0xbb, 0x5d, 0x1e, 0xff, 0xbe, 0x61, 0x1f, 0xff, 0xc4, 0x68, 0x21, 0xff, 
0xc0, 0x63, 0x1f, 0xff, 0xbf, 0x62, 0x20, 0xff, 0xbd, 0x5f, 0x1e, 0xff, 0xb3, 0x55, 0x1b, 0xff, 
0xaf, 0x54, 0x1b, 0xff, 0xac, 0x52, 0x1a, 0xff, 0xaa, 0x50, 0x19, 0xff, 0xc2, 0x68, 0x23, 0xff, 
0xc7, 0x6d, 0x25, 0xff, 0xc0, 0x63, 0x20, 0xff, 0xc8, 0x6a, 0x23, 0xff, 0xc1, 0x64, 0x21, 0xff, 
0xbe, 0x66, 0x23, 0xff, 0xca, 0x73, 0x27, 0xff, 0xc6, 0x6a, 0x23, 0xff, 0xc3, 0x68, 0x23, 0xff, 
0xcf, 0x78, 0x29, 0xff, 0xcc, 0x74, 0x27, 0xff, 0xba, 0x5d, 0x1e, 0xff, 0xab, 0x4e, 0x18, 0xff, 
0xa9, 0x4d, 0x19, 0xff, 0xb4, 0x56, 0x1c, 0xff, 0xb7, 0x59, 0x1b, 0xff, 0xc0, 0x66, 0x21, 0xff, 
0xc6, 0x6a, 0x23, 0xff, 0xc1, 0x63, 0x20, 0xff, 0xc2, 0x65, 0x21, 0xff, 0xc2, 0x64, 0x20, 0xff, 
0xc9, 0x70, 0x25, 0xff, 0xcb, 0x74, 0x27, 0xff, 0xc8, 0x6c, 0x24, 0xff, 0xc7, 0x6b, 0x23, 0xff, 
0xc2, 0x66, 0x21, 0xff, 0xc5, 0x69, 0x22, 0xff, 0xc8, 0x6c, 0x24, 0xff, 0xd3, 0x7f, 0x2c, 0xff, 
0xd7, 0x84, 0x2f, 0xff, 0xd0, 0x7a, 0x2b, 0xff, 0xd0, 0x7c, 0x2c, 0xff, 0xdc, 0x8f, 0x35, 0xff, 
0xcf, 0x7a, 0x2a, 0xff, 0xc3, 0x66, 0x20, 0xff, 0xdc, 0x91, 0x37, 0xff, 0xe3, 0xa0, 0x40, 0xff, 
0xd2, 0x7f, 0x2d, 0xff, 0xc7, 0x6c, 0x23, 0xff, 0xcb, 0x73, 0x27, 0xff, 0xd4, 0x7f, 0x2d, 0xff, 
0xcf, 0x74, 0x27, 0xff, 0xd2, 0x79, 0x2a, 0xff, 0xcf, 0x76, 0x28, 0xff, 0xca, 0x6f, 0x24, 0xff, 
0xcd, 0x74, 0x28, 0xff, 0xcd, 0x73, 0x27, 0xff, 0xcd, 0x75, 0x28, 0xff, 0xce, 0x76, 0x28, 0xff, 
0xcd, 0x72, 0x25, 0xff, 0xd3, 0x77, 0x28, 0xff, 0xb8, 0x61, 0x21, 0xff, 0xbb, 0x65, 0x22, 0xff, 
0xc7, 0x6e, 0x25, 0xff, 0xb7, 0x5d, 0x1e, 0xff, 0xb7, 0x5f, 0x1f, 0xff, 0xc9, 0x6e, 0x25, 0xff, 
0xb4, 0x57, 0x1d, 0xff, 0xb2, 0x54, 0x1b, 0xff, 0xc1, 0x66, 0x21, 0xff, 0xb4, 0x55, 0x1b, 0xff, 
0xcf, 0x79, 0x2a, 0xff, 0xc6, 0x74, 0x28, 0xff, 0xa9, 0x51, 0x1a, 0xff, 0xa9, 0x50, 0x1a, 0xff, 
0xb2, 0x53, 0x1a, 0xff, 0xbf, 0x61, 0x1f, 0xff, 0xc7, 0x6b, 0x23, 0xff, 0xd0, 0x78, 0x29, 0xff, 
0xdc, 0x8f, 0x34, 0xff, 0xd8, 0x8a, 0x32, 0xff, 0xd6, 0x85, 0x30, 0xff, 0xd8, 0x89, 0x32, 0xff, 
0xd3, 0x81, 0x2e, 0xff, 0xca, 0x6f, 0x24, 0xff, 0xc7, 0x6b, 0x23, 0xff, 0xc3, 0x66, 0x21, 0xff, 
0xae, 0x51, 0x1a, 0xff, 0xb2, 0x58, 0x1c, 0xff, 0xd1, 0x7a, 0x2a, 0xff, 0xd4, 0x7e, 0x2b, 0xff, 
0xc9, 0x6f, 0x25, 0xff, 0xc3, 0x69, 0x23, 0xff, 0xce, 0x75, 0x28, 0xff, 0xb8, 0x5b, 0x1d, 0xff, 
0xb5, 0x57, 0x1c, 0xff, 0xbe, 0x5f, 0x1e, 0xff, 0xbd, 0x5d, 0x1d, 0xff, 0xbe, 0x62, 0x20, 0xff, 
0xcf, 0x7a, 0x2a, 0xff, 0xce, 0x77, 0x28, 0xff, 0xbf, 0x61, 0x1f, 0xff, 0xb7, 0x5b, 0x1d, 0xff, 
0xb6, 0x58, 0x1c, 0xff, 0xb9, 0x59, 0x1c, 0xff, 0xb5, 0x59, 0x1c, 0xff, 0xaa, 0x53, 0x1b, 0xff, 
0xa7, 0x4f, 0x1a, 0xff, 0xa6, 0x50, 0x1b, 0xff, 0x9f, 0x4a, 0x18, 0xff, 0xa8, 0x51, 0x1b, 0xff, 
0xb1, 0x57, 0x1c, 0xff, 0xaf, 0x55, 0x1b, 0xff, 0xcc, 0x72, 0x27, 0xff, 0xd8, 0x7e, 0x2b, 0xff, 
0xbc, 0x64, 0x21, 0xff, 0x91, 0x40, 0x15, 0xff, 0x99, 0x47, 0x17, 0xff, 0x9f, 0x4a, 0x18, 0xff, 
0xbc, 0x5e, 0x1f, 0xff, 0xb9, 0x5c, 0x1e, 0xff, 0xac, 0x53, 0x1a, 0xff, 0xae, 0x55, 0x1c, 0xff, 
0xb9, 0x5e, 0x1f, 0xff, 0xb5, 0x5a, 0x1e, 0xff, 0xb4, 0x58, 0x1d, 0xff, 0xb7, 0x5b, 0x1e, 0xff, 
0xbf, 0x63, 0x20, 0xff, 0xaf, 0x55, 0x1b, 0xff, 0xad, 0x51, 0x1a, 0xff, 0xc9, 0x6e, 0x24, 0xff, 
0xd2, 0x79, 0x29, 0xff, 0xc2, 0x65, 0x21, 0xff, 0xca, 0x6e, 0x24, 0xff, 0xce, 0x74, 0x26, 0xff, 
0xbe, 0x61, 0x1f, 0xff, 0xbc, 0x5e, 0x1e, 0xff, 0xc5, 0x67, 0x21, 0xff, 0xc8, 0x6c, 0x24, 0xff, 
0xc7, 0x6a, 0x23, 0xff, 0xc2, 0x65, 0x21, 0xff, 0xc5, 0x68, 0x22, 0xff, 0xc2, 0x65, 0x20, 0xff, 
0xc6, 0x69, 0x22, 0xff, 0xcb, 0x6f, 0x24, 0xff, 0xcb, 0x71, 0x25, 0xff, 0xc9, 0x6f, 0x25, 0xff, 
0xca, 0x70, 0x26, 0xff, 0xcb, 0x71, 0x26, 0xff, 0xd2, 0x79, 0x29, 0xff, 0xd2, 0x77, 0x28, 0xff, 
0xb8, 0x5c, 0x1e, 0xff, 0xb4, 0x57, 0x1c, 0xff, 0xb9, 0x5b, 0x1d, 0xff, 0xb4, 0x58, 0x1d, 0xff, 
0xac, 0x52, 0x1b, 0xff, 0xa9, 0x50, 0x1a, 0xff, 0xae, 0x54, 0x1b, 0xff, 0xb2, 0x58, 0x1c, 0xff, 
0xaf, 0x59, 0x1d, 0xff, 0xaf, 0x58, 0x1d, 0xff, 0xb5, 0x5d, 0x1e, 0xff, 0xb5, 0x5a, 0x1d, 0xff, 
0xb9, 0x5e, 0x1f, 0xff, 0xb9, 0x5d, 0x1e, 0xff, 0xab, 0x4e, 0x19, 0xff, 0xa2, 0x4a, 0x18, 0xff, 
0xa4, 0x4c, 0x18, 0xff, 0xbb, 0x60, 0x1f, 0xff, 0xb7, 0x5c, 0x1e, 0xff, 0xa4, 0x4c, 0x19, 0xff, 
0xb7, 0x5a, 0x1d, 0xff, 0xb4, 0x59, 0x1d, 0xff, 0xb2, 0x5b, 0x1e, 0xff, 0xab, 0x51, 0x1a, 0xff, 
0xb3, 0x57, 0x1c, 0xff, 0xb6, 0x59, 0x1c, 0xff, 0xb7, 0x5a, 0x1d, 0xff, 0xbe, 0x5e, 0x1e, 0xff, 
0xbc, 0x5d, 0x1d, 0xff, 0xbc, 0x5f, 0x1f, 0xff, 0xb7, 0x5b, 0x1e, 0xff, 0xa5, 0x4c, 0x19, 0xff, 
0xac, 0x52, 0x19, 0xff, 0xbe, 0x60, 0x20, 0xff, 0xbd, 0x5f, 0x1e, 0xff, 0xb1, 0x55, 0x1b, 0xff, 
0xaa, 0x50, 0x1a, 0xff, 0xaa, 0x51, 0x1a, 0xff, 0xac, 0x52, 0x1a, 0xff, 0xa6, 0x4e, 0x19, 0xff, 
0xa3, 0x4c, 0x18, 0xff, 0xa5, 0x4d, 0x19, 0xff, 0xaf, 0x53, 0x1b, 0xff, 0xba, 0x5f, 0x1e, 0xff, 
0xce, 0x75, 0x27, 0xff, 0xbd, 0x61, 0x20, 0xff, 0xb2, 0x58, 0x1c, 0xff, 0xad, 0x52, 0x1a, 0xff, 
0xb5, 0x58, 0x1d, 0xff, 0xc4, 0x6a, 0x24, 0xff, 0xc7, 0x71, 0x27, 0xff, 0xcb, 0x73, 0x28, 0xff, 
0xbf, 0x66, 0x22, 0xff, 0xae, 0x54, 0x1a, 0xff, 0xa4, 0x4d, 0x19, 0xff, 0x9b, 0x47, 0x18, 0xff, 
0x9f, 0x4a, 0x18, 0xff, 0x95, 0x46, 0x16, 0xff, 0x90, 0x42, 0x15, 0xff, 0x9b, 0x48, 0x17, 0xff, 
0xa0, 0x4c, 0x19, 0xff, 0x9a, 0x47, 0x17, 0xff, 0x90, 0x42, 0x14, 0xff, 0x89, 0x3f, 0x15, 0xff, 
0x7d, 0x38, 0x12, 0xff, 0x8a, 0x3f, 0x14, 0xff, 0x97, 0x46, 0x18, 0xff, 0x95, 0x45, 0x17, 0xff, 
0x9d, 0x4d, 0x19, 0xff, 0xa0, 0x4d, 0x19, 0xff, 0x90, 0x42, 0x15, 0xff, 0x8d, 0x40, 0x14, 0xff, 
0x8e, 0x41, 0x14, 0xff, 0xa4, 0x4e, 0x1a, 0xff, 0xb8, 0x61, 0x21, 0xff, 0x9f, 0x4b, 0x19, 0xff, 
0xa3, 0x4d, 0x19, 0xff, 0xad, 0x54, 0x1b, 0xff, 0xab, 0x52, 0x1a, 0xff, 0xb8, 0x5c, 0x1e, 0xff, 
0xb6, 0x5a, 0x1e, 0xff, 0xba, 0x5d, 0x1e, 0xff, 0xba, 0x5e, 0x1e, 0xff, 0xb8, 0x5a, 0x1d, 0xff, 
0xbe, 0x61, 0x1f, 0xff, 0xb9, 0x5c, 0x1e, 0xff, 0xb9, 0x5c, 0x1e, 0xff, 0xbe, 0x60, 0x20, 0xff, 
0xb0, 0x53, 0x1a, 0xff, 0xb3, 0x57, 0x1c, 0xff, 0xbc, 0x5f, 0x1f, 0xff, 0xc0, 0x62, 0x20, 0xff, 
0xbf, 0x61, 0x1f, 0xff, 0xc6, 0x69, 0x22, 0xff, 0xd1, 0x79, 0x2a, 0xff, 0xd0, 0x78, 0x29, 0xff, 
0xd4, 0x7e, 0x2c, 0xff, 0xd9, 0x86, 0x2f, 0xff, 0xd7, 0x82, 0x2d, 0xff, 0xd3, 0x7c, 0x2b, 0xff, 
0xca, 0x70, 0x26, 0xff, 0xc5, 0x69, 0x23, 0xff, 0xc2, 0x65, 0x21, 0xff, 0xc3, 0x67, 0x21, 0xff, 
0xc0, 0x62, 0x20, 0xff, 0xb9, 0x5b, 0x1d, 0xff, 0xbd, 0x5f, 0x20, 0xff, 0xc2, 0x65, 0x21, 0xff, 
0xc2, 0x65, 0x20, 0xff, 0xbb, 0x5d, 0x1e, 0xff, 0xba, 0x5c, 0x1e, 0xff, 0xba, 0x5d, 0x1e, 0xff, 
0xb8, 0x5a, 0x1c, 0xff, 0xb5, 0x58, 0x1c, 0xff, 0xaf, 0x55, 0x1c, 0xff, 0xa8, 0x4d, 0x19, 0xff, 
0xac, 0x4f, 0x19, 0xff, 0xb4, 0x56, 0x1c, 0xff, 0xb0, 0x54, 0x1b, 0xff, 0xab, 0x4f, 0x1a, 0xff, 
0x9f, 0x45, 0x16, 0xff, 0xa2, 0x42, 0x14, 0xff, 0xca, 0x73, 0x27, 0xff, 0xdb, 0x8e, 0x33, 0xff, 
0xcd, 0x75, 0x27, 0xff, 0xc5, 0x67, 0x21, 0xff, 0xbb, 0x5d, 0x1e, 0xff, 0xb2, 0x56, 0x1b, 0xff, 
0xb6, 0x57, 0x1c, 0xff, 0xc5, 0x69, 0x22, 0xff, 0xc8, 0x6e, 0x25, 0xff, 0xc7, 0x6c, 0x24, 0xff, 
0xbd, 0x60, 0x1f, 0xff, 0xb8, 0x59, 0x1c, 0xff, 0xc4, 0x67, 0x21, 0xff, 0xc8, 0x6d, 0x24, 0xff, 
0xc6, 0x6a, 0x22, 0xff, 0xc3, 0x65, 0x20, 0xff, 0xc3, 0x67, 0x22, 0xff, 0xd0, 0x7a, 0x2b, 0xff, 
0xd2, 0x7f, 0x2c, 0xff, 0xcc, 0x76, 0x29, 0xff, 0xd5, 0x84, 0x30, 0xff, 0xd8, 0x86, 0x30, 0xff, 
0xd2, 0x7c, 0x2a, 0xff, 0xd0, 0x7a, 0x2a, 0xff, 0xdd, 0x92, 0x37, 0xff, 0xd5, 0x88, 0x32, 0xff, 
0xcd, 0x79, 0x2a, 0xff, 0xce, 0x78, 0x29, 0xff, 0xd6, 0x87, 0x31, 0xff, 0xe3, 0x9e, 0x3d, 0xff, 
0xde, 0x93, 0x37, 0xff, 0xd9, 0x87, 0x31, 0xff, 0xd3, 0x7e, 0x2c, 0xff, 0xcd, 0x75, 0x27, 0xff, 
0xcc, 0x73, 0x25, 0xff, 0xcc, 0x72, 0x25, 0xff, 0xcc, 0x72, 0x26, 0xff, 0xd0, 0x79, 0x29, 0xff, 
0xcb, 0x71, 0x25, 0xff, 0xce, 0x77, 0x29, 0xff, 0xd7, 0x88, 0x32, 0xff, 0xd7, 0x83, 0x2e, 0xff, 
0xc0, 0x62, 0x1f, 0xff, 0xa3, 0x4d, 0x19, 0xff, 0x93, 0x3f, 0x14, 0xff, 0xae, 0x54, 0x1b, 0xff, 
0xbf, 0x63, 0x20, 0xff, 0xb2, 0x57, 0x1c, 0xff, 0xa0, 0x49, 0x17, 0xff, 0xc1, 0x65, 0x22, 0xff, 
0xc7, 0x6f, 0x26, 0xff, 0xca, 0x73, 0x27, 0xff, 0xce, 0x7b, 0x2c, 0xff, 0xce, 0x7b, 0x2b, 0xff, 
0xc8, 0x73, 0x28, 0xff, 0xa9, 0x52, 0x1b, 0xff, 0xad, 0x57, 0x1e, 0xff, 0x99, 0x46, 0x17, 0xff, 
0xaf, 0x5a, 0x1e, 0xff, 0xd6, 0x7c, 0x2a, 0xff, 0xc8, 0x6c, 0x22, 0xff, 0xd3, 0x83, 0x2e, 0xff, 
0xe2, 0x9d, 0x3c, 0xff, 0xdf, 0x9a, 0x3c, 0xff, 0xd2, 0x7d, 0x2c, 0xff, 0xc7, 0x69, 0x22, 0xff, 
0xc7, 0x6b, 0x23, 0xff, 0xc9, 0x6e, 0x22, 0xff, 0xca, 0x6f, 0x24, 0xff, 0xcd, 0x72, 0x25, 0xff, 
0xcd, 0x70, 0x23, 0xff, 0xd0, 0x75, 0x26, 0xff, 0xd5, 0x83, 0x2f, 0xff, 0xd3, 0x7e, 0x2c, 0xff, 
0xd0, 0x7b, 0x2a, 0xff, 0xd5, 0x82, 0x2e, 0xff, 0xc3, 0x6c, 0x25, 0xff, 0xbc, 0x5e, 0x1e, 0xff, 
0xb9, 0x5b, 0x1d, 0xff, 0xb6, 0x5a, 0x1d, 0xff, 0xc0, 0x66, 0x22, 0xff, 0xcb, 0x75, 0x28, 0xff, 
0xcb, 0x75, 0x28, 0xff, 0xbb, 0x5e, 0x1d, 0xff, 0xbc, 0x62, 0x20, 0xff, 0xc0, 0x65, 0x22, 0xff, 
0xbb, 0x5d, 0x1d, 0xff, 0xba, 0x5d, 0x1f, 0xff, 0xb2, 0x56, 0x1c, 0xff, 0xa4, 0x4c, 0x19, 0xff, 
0x9e, 0x49, 0x18, 0xff, 0x9d, 0x48, 0x18, 0xff, 0x97, 0x46, 0x17, 0xff, 0x9a, 0x46, 0x17, 0xff, 
0xb2, 0x55, 0x1b, 0xff, 0xae, 0x54, 0x1b, 0xff, 0xac, 0x54, 0x1b, 0xff, 0xac, 0x57, 0x1d, 0xff, 
0xa3, 0x4e, 0x1a, 0xff, 0xa4, 0x4c, 0x18, 0xff, 0x97, 0x46, 0x16, 0xff, 0x9f, 0x4b, 0x18, 0xff, 
0xb5, 0x5b, 0x1e, 0xff, 0x9b, 0x48, 0x17, 0xff, 0x9c, 0x48, 0x17, 0xff, 0xa9, 0x51, 0x1a, 0xff, 
0xb3, 0x59, 0x1e, 0xff, 0xc5, 0x67, 0x22, 0xff, 0xc1, 0x65, 0x22, 0xff, 0xae, 0x53, 0x1b, 0xff, 
0xc1, 0x66, 0x21, 0xff, 0xc8, 0x6c, 0x24, 0xff, 0xb4, 0x56, 0x1c, 0xff, 0xbd, 0x61, 0x1f, 0xff, 
0xc9, 0x6e, 0x25, 0xff, 0xca, 0x6f, 0x25, 0xff, 0xcb, 0x71, 0x25, 0xff, 0xc7, 0x6a, 0x23, 0xff, 
0xc4, 0x67, 0x22, 0xff, 0xc1, 0x63, 0x21, 0xff, 0xcd, 0x72, 0x26, 0xff, 0xcc, 0x71, 0x25, 0xff, 
0xc9, 0x6d, 0x24, 0xff, 0xc8, 0x6c, 0x24, 0xff, 0xc9, 0x6d, 0x24, 0xff, 0xc9, 0x6d, 0x24, 0xff, 
0xca, 0x6f, 0x25, 0xff, 0xcc, 0x73, 0x26, 0xff, 0xc9, 0x6e, 0x25, 0xff, 0xc7, 0x6c, 0x24, 0xff, 
0xc8, 0x6d, 0x24, 0xff, 0xcd, 0x73, 0x26, 0xff, 0xca, 0x6f, 0x25, 0xff, 0xcc, 0x73, 0x27, 0xff, 
0xd2, 0x76, 0x28, 0xff, 0xc1, 0x66, 0x21, 0xff, 0xb5, 0x5a, 0x1d, 0xff, 0xaa, 0x53, 0x1b, 0xff, 
0xb1, 0x58, 0x1d, 0xff, 0xb0, 0x55, 0x1b, 0xff, 0xac, 0x51, 0x1a, 0xff, 0xb4, 0x56, 0x1c, 0xff, 
0xc0, 0x63, 0x20, 0xff, 0xc5, 0x69, 0x22, 0xff, 0xbf, 0x62, 0x20, 0xff, 0xc3, 0x67, 0x21, 0xff, 
0xc6, 0x6a, 0x22, 0xff, 0xb7, 0x5b, 0x1e, 0xff, 0xb8, 0x5d, 0x1f, 0xff, 0xbe, 0x62, 0x20, 0xff, 
0xbc, 0x60, 0x20, 0xff, 0xb4, 0x58, 0x1c, 0xff, 0xb3, 0x58, 0x1c, 0xff, 0xae, 0x55, 0x1c, 0xff, 
0xc0, 0x64, 0x21, 0xff, 0xa8, 0x4f, 0x1a, 0xff, 0xa4, 0x4d, 0x19, 0xff, 0xb5, 0x57, 0x1c, 0xff, 
0xb3, 0x56, 0x1b, 0xff, 0xae, 0x53, 0x1a, 0xff, 0xb7, 0x5b, 0x1d, 0xff, 0xb5, 0x59, 0x1d, 0xff, 
0xae, 0x54, 0x1b, 0xff, 0xb1, 0x55, 0x1b, 0xff, 0xaf, 0x54, 0x1b, 0xff, 0xaa, 0x51, 0x1b, 0xff, 
0xb6, 0x5b, 0x1e, 0xff, 0xb6, 0x5a, 0x1d, 0xff, 0xa9, 0x51, 0x1a, 0xff, 0xa8, 0x50, 0x19, 0xff, 
0xb4, 0x59, 0x1d, 0xff, 0xb0, 0x55, 0x1b, 0xff, 0xaf, 0x53, 0x1b, 0xff, 0xb1, 0x54, 0x1c, 0xff, 
0xb5, 0x57, 0x1c, 0xff, 0xbc, 0x5e, 0x1e, 0xff, 0xc4, 0x6a, 0x23, 0xff, 0xce, 0x77, 0x29, 0xff, 
0xc1, 0x67, 0x22, 0xff, 0xba, 0x5c, 0x1d, 0xff, 0xcc, 0x70, 0x25, 0xff, 0xbf, 0x63, 0x21, 0xff, 
0xac, 0x4f, 0x19, 0xff, 0xb2, 0x53, 0x19, 0xff, 0xb1, 0x53, 0x1a, 0xff, 0xad, 0x50, 0x19, 0xff, 
0xa9, 0x4e, 0x19, 0xff, 0xa5, 0x4e, 0x19, 0xff, 0x9f, 0x4b, 0x19, 0xff, 0xa4, 0x4f, 0x19, 0xff, 
0xa1, 0x4d, 0x19, 0xff, 0x9c, 0x49, 0x17, 0xff, 0xa3, 0x4d, 0x19, 0xff, 0xa7, 0x51, 0x1a, 0xff, 
0x97, 0x46, 0x17, 0xff, 0x8d, 0x41, 0x15, 0xff, 0x8d, 0x3f, 0x15, 0xff, 0x7e, 0x39, 0x12, 0xff, 
0x96, 0x48, 0x18, 0xff, 0x89, 0x3e, 0x14, 0xff, 0x8f, 0x42, 0x15, 0xff, 0x97, 0x47, 0x17, 0xff, 
0xa3, 0x50, 0x1a, 0xff, 0x95, 0x46, 0x17, 0xff, 0x92, 0x42, 0x15, 0xff, 0x95, 0x44, 0x16, 0xff, 
0x96, 0x45, 0x16, 0xff, 0xac, 0x54, 0x1b, 0xff, 0xbd, 0x60, 0x1f, 0xff, 0xb6, 0x5b, 0x1d, 0xff, 
0xab, 0x52, 0x1a, 0xff, 0xaa, 0x51, 0x1a, 0xff, 0xac, 0x53, 0x1b, 0xff, 0xb3, 0x58, 0x1d, 0xff, 
0xbc, 0x5e, 0x1e, 0xff, 0xbc, 0x5e, 0x1e, 0xff, 0xb6, 0x59, 0x1d, 0xff, 0xb9, 0x5c, 0x1d, 0xff, 
0xaf, 0x55, 0x1b, 0xff, 0xa6, 0x4e, 0x19, 0xff, 0xb5, 0x59, 0x1d, 0xff, 0xbd, 0x61, 0x20, 0xff, 
0xc3, 0x6a, 0x24, 0xff, 0xb6, 0x5b, 0x1d, 0xff, 0xae, 0x51, 0x1a, 0xff, 0xb8, 0x5b, 0x1e, 0xff, 
0xc5, 0x68, 0x22, 0xff, 0xc3, 0x66, 0x20, 0xff, 0xc5, 0x69, 0x21, 0xff, 0xc7, 0x6c, 0x23, 0xff, 
0xc1, 0x65, 0x21, 0xff, 0xb9, 0x5c, 0x1e, 0xff, 0xc0, 0x66, 0x21, 0xff, 0xc5, 0x67, 0x22, 0xff, 
0xc6, 0x69, 0x22, 0xff, 0xc9, 0x6e, 0x24, 0xff, 0xc3, 0x67, 0x21, 0xff, 0xc4, 0x67, 0x21, 0xff, 
0xc0, 0x63, 0x20, 0xff, 0xbd, 0x5f, 0x1f, 0xff, 0xc2, 0x65, 0x21, 0xff, 0xbc, 0x5e, 0x1e, 0xff, 
0xc2, 0x66, 0x22, 0xff, 0xc8, 0x6d, 0x24, 0xff, 0xc5, 0x68, 0x22, 0xff, 0xca, 0x6d, 0x25, 0xff, 
0xb3, 0x58, 0x1c, 0xff, 0xa5, 0x4d, 0x19, 0xff, 0x9d, 0x48, 0x18, 0xff, 0x9d, 0x49, 0x18, 0xff, 
0xad, 0x53, 0x1b, 0xff, 0xaf, 0x54, 0x1c, 0xff, 0x9e, 0x45, 0x15, 0xff, 0x9f, 0x45, 0x17, 0xff, 
0xaa, 0x50, 0x1a, 0xff, 0xb8, 0x5f, 0x1f, 0xff, 0xd9, 0x8a, 0x32, 0xff, 0xdb, 0x8b, 0x32, 0xff, 
0xc9, 0x6f, 0x24, 0xff, 0xc3, 0x68, 0x21, 0xff, 0xb6, 0x5a, 0x1d, 0xff, 0xb6, 0x58, 0x1d, 0xff, 
0xc4, 0x68, 0x22, 0xff, 0xca, 0x72, 0x26, 0xff, 0xbd, 0x61, 0x20, 0xff, 0xbe, 0x5f, 0x1f, 0xff, 
0xc4, 0x67, 0x22, 0xff, 0xc7, 0x6d, 0x24, 0xff, 0xcc, 0x73, 0x27, 0xff, 0xce, 0x74, 0x27, 0xff, 
0xd2, 0x7b, 0x2a, 0xff, 0xd0, 0x7d, 0x2b, 0xff, 0xcf, 0x7b, 0x2a, 0xff, 0xd4, 0x80, 0x2d, 0xff, 
0xd8, 0x88, 0x31, 0xff, 0xd4, 0x82, 0x2e, 0xff, 0xcf, 0x7a, 0x2a, 0xff, 0xca, 0x71, 0x26, 0xff, 
0xcb, 0x72, 0x26, 0xff, 0xd4, 0x7e, 0x2b, 0xff, 0xcf, 0x76, 0x28, 0xff, 0xc4, 0x67, 0x21, 0xff, 
0xc1, 0x64, 0x21, 0xff, 0xc2, 0x62, 0x1f, 0xff, 0xcd, 0x74, 0x26, 0xff, 0xd5, 0x87, 0x31, 0xff, 
0xdb, 0x91, 0x37, 0xff, 0xdc, 0x8c, 0x32, 0xff, 0xd8, 0x87, 0x31, 0xff, 0xce, 0x78, 0x28, 0xff, 
0xc5, 0x6a, 0x22, 0xff, 0xc2, 0x67, 0x21, 0xff, 0xcb, 0x70, 0x25, 0xff, 0xca, 0x6f, 0x25, 0xff, 
0xce, 0x75, 0x27, 0xff, 0xd7, 0x88, 0x31, 0xff, 0xd8, 0x89, 0x32, 0xff, 0xe1, 0x8b, 0x31, 0xff, 
0xc2, 0x69, 0x23, 0xff, 0x90, 0x3c, 0x12, 0xff, 0xae, 0x56, 0x1c, 0xff, 0xcf, 0x72, 0x27, 0xff, 
0xce, 0x75, 0x28, 0xff, 0xca, 0x6e, 0x24, 0xff, 0xb9, 0x5b, 0x1d, 0xff, 0xc0, 0x66, 0x21, 0xff, 
0xd4, 0x81, 0x2d, 0xff, 0xc3, 0x6d, 0x25, 0xff, 0xc6, 0x6f, 0x26, 0xff, 0xd0, 0x7c, 0x2c, 0xff, 
0xd0, 0x7c, 0x2c, 0xff, 0xd2, 0x79, 0x2a, 0xff, 0xbd, 0x60, 0x1f, 0xff, 0xc2, 0x6a, 0x24, 0xff, 
0xe6, 0x9e, 0x3d, 0xff, 0xcd, 0x7a, 0x2b, 0xff, 0xc0, 0x64, 0x20, 0xff, 0xdd, 0x95, 0x39, 0xff, 
0xe9, 0xad, 0x47, 0xff, 0xdc, 0x90, 0x37, 0xff, 0xbf, 0x5f, 0x1d, 0xff, 0xbb, 0x5c, 0x1d, 0xff, 
0xc6, 0x6a, 0x23, 0xff, 0xd1, 0x7a, 0x29, 0xff, 0xd2, 0x7a, 0x2a, 0xff, 0xcf, 0x74, 0x26, 0xff, 
0xd0, 0x79, 0x28, 0xff, 0xcf, 0x76, 0x28, 0xff, 0xd3, 0x7e, 0x2d, 0xff, 0xd3, 0x80, 0x2d, 0xff, 
0xd3, 0x81, 0x2e, 0xff, 0xd2, 0x7f, 0x2d, 0xff, 0xbe, 0x62, 0x1f, 0xff, 0xb9, 0x5b, 0x1c, 0xff, 
0xc4, 0x6b, 0x24, 0xff, 0xc8, 0x70, 0x26, 0xff, 0xc3, 0x6a, 0x23, 0xff, 0xc8, 0x6e, 0x24, 0xff, 
0xc0, 0x62, 0x1f, 0xff, 0xb4, 0x59, 0x1d, 0xff, 0xb0, 0x55, 0x1b, 0xff, 0xa6, 0x4e, 0x19, 0xff, 
0xab, 0x52, 0x1a, 0xff, 0xc1, 0x66, 0x21, 0xff, 0xbd, 0x5f, 0x1e, 0xff, 0xb6, 0x58, 0x1c, 0xff, 
0xb4, 0x56, 0x1c, 0xff, 0xac, 0x54, 0x1b, 0xff, 0xa6, 0x50, 0x1a, 0xff, 0xac, 0x52, 0x1a, 0xff, 
0xac, 0x52, 0x1b, 0xff, 0x9c, 0x49, 0x18, 0xff, 0x92, 0x40, 0x15, 0xff, 0x8d, 0x3a, 0x12, 0xff, 
0xae, 0x54, 0x1c, 0xff, 0xc3, 0x65, 0x21, 0xff, 0xb2, 0x57, 0x1c, 0xff, 0xb3, 0x58, 0x1c, 0xff, 
0x9a, 0x48, 0x18, 0xff, 0x95, 0x43, 0x16, 0xff, 0xa3, 0x4d, 0x19, 0xff, 0xa0, 0x4a, 0x18, 0xff, 
0xa2, 0x4b, 0x18, 0xff, 0xad, 0x53, 0x1a, 0xff, 0xc3, 0x67, 0x22, 0xff, 0xc2, 0x66, 0x22, 0xff, 
0xa9, 0x51, 0x1a, 0xff, 0xb4, 0x58, 0x1c, 0xff, 0xc0, 0x62, 0x1f, 0xff, 0xc6, 0x6a, 0x23, 0xff, 
0xc6, 0x6a, 0x23, 0xff, 0xc8, 0x6e, 0x24, 0xff, 0xc7, 0x6b, 0x23, 0xff, 0xc6, 0x69, 0x23, 0xff, 
0xc5, 0x6a, 0x23, 0xff, 0xc4, 0x69, 0x22, 0xff, 0xca, 0x6f, 0x26, 0xff, 0xcb, 0x71, 0x26, 0xff, 
0xce, 0x75, 0x26, 0xff, 0xce, 0x73, 0x27, 0xff, 0xcb, 0x70, 0x25, 0xff, 0xc8, 0x6c, 0x24, 0xff, 
0xcd, 0x73, 0x26, 0xff, 0xce, 0x75, 0x27, 0xff, 0xc5, 0x68, 0x22, 0xff, 0xc7, 0x6a, 0x23, 0xff, 
0xcc, 0x71, 0x26, 0xff, 0xc8, 0x6c, 0x24, 0xff, 0xc3, 0x65, 0x21, 0xff, 0xbf, 0x61, 0x20, 0xff, 
0xaf, 0x54, 0x1c, 0xff, 0xb5, 0x5a, 0x1d, 0xff, 0xc4, 0x66, 0x21, 0xff, 0xd2, 0x79, 0x29, 0xff, 
0xd3, 0x7a, 0x2a, 0xff, 0xc4, 0x67, 0x22, 0xff, 0xb6, 0x5a, 0x1d, 0xff, 0xb6, 0x58, 0x1c, 0xff, 
0xbf, 0x61, 0x1f, 0xff, 0xba, 0x5c, 0x1e, 0xff, 0xb9, 0x5d, 0x1d, 0xff, 0xbd, 0x61, 0x20, 0xff, 
0xb8, 0x5b, 0x1e, 0xff, 0xb7, 0x5b, 0x1e, 0xff, 0xc8, 0x6d, 0x24, 0xff, 0xd3, 0x78, 0x28, 0xff, 
0xb1, 0x58, 0x1d, 0xff, 0xad, 0x53, 0x1b, 0xff, 0xb5, 0x5b, 0x1e, 0xff, 0xb2, 0x58, 0x1e, 0xff, 
0xbc, 0x61, 0x20, 0xff, 0xb6, 0x5a, 0x1d, 0xff, 0xb0, 0x55, 0x1c, 0xff, 0xb1, 0x55, 0x1b, 0xff, 
0xb2, 0x56, 0x1c, 0xff, 0xab, 0x52, 0x1b, 0xff, 0xad, 0x54, 0x1b, 0xff, 0xa2, 0x4c, 0x19, 0xff, 
0x99, 0x46, 0x17, 0xff, 0xa7, 0x4f, 0x19, 0xff, 0xb1, 0x55, 0x1c, 0xff, 0xb8, 0x5b, 0x1e, 0xff, 
0xb6, 0x5b, 0x1e, 0xff, 0xaa, 0x50, 0x1a, 0xff, 0x9d, 0x48, 0x17, 0xff, 0xa5, 0x4e, 0x19, 0xff, 
0xb6, 0x5b, 0x1d, 0xff, 0xb6, 0x5a, 0x1d, 0xff, 0xb8, 0x5b, 0x1e, 0xff, 0xc0, 0x61, 0x20, 0xff, 
0xc7, 0x6a, 0x24, 0xff, 0xc9, 0x6d, 0x24, 0xff, 0xcb, 0x72, 0x27, 0xff, 0xce, 0x75, 0x28, 0xff, 
0xaf, 0x52, 0x1a, 0xff, 0xa6, 0x4a, 0x18, 0xff, 0xbc, 0x60, 0x20, 0xff, 0xca, 0x6e, 0x25, 0xff, 
0xba, 0x5c, 0x1e, 0xff, 0xaf, 0x53, 0x1a, 0xff, 0xb0, 0x56, 0x1c, 0xff, 0xb2, 0x57, 0x1c, 0xff, 
0xbd, 0x61, 0x20, 0xff, 0xbd, 0x60, 0x1f, 0xff, 0xb4, 0x58, 0x1d, 0xff, 0xb8, 0x5c, 0x1e, 0xff, 
0xb7, 0x5a, 0x1d, 0xff, 0xad, 0x52, 0x1a, 0xff, 0xb6, 0x59, 0x1d, 0xff, 0xbc, 0x61, 0x1f, 0xff, 
0x96, 0x46, 0x18, 0xff, 0x81, 0x39, 0x13, 0xff, 0x88, 0x3f, 0x15, 0xff, 0xa5, 0x53, 0x1c, 0xff, 
0x98, 0x48, 0x18, 0xff, 0x85, 0x3c, 0x14, 0xff, 0x82, 0x3b, 0x13, 0xff, 0x8b, 0x3f, 0x14, 0xff, 
0x8e, 0x40, 0x14, 0xff, 0x8e, 0x3f, 0x15, 0xff, 0x92, 0x43, 0x16, 0xff, 0x97, 0x46, 0x17, 0xff, 
0x9a, 0x47, 0x16, 0xff, 0xb6, 0x5a, 0x1c, 0xff, 0xb3, 0x59, 0x1d, 0xff, 0xa2, 0x4d, 0x18, 0xff, 
0xad, 0x53, 0x1b, 0xff, 0xaf, 0x54, 0x1b, 0xff, 0xad, 0x54, 0x1a, 0xff, 0xb4, 0x59, 0x1d, 0xff, 
0xb7, 0x5b, 0x1d, 0xff, 0xa7, 0x50, 0x19, 0xff, 0xaa, 0x50, 0x19, 0xff, 0xb7, 0x5a, 0x1d, 0xff, 
0xb5, 0x59, 0x1c, 0xff, 0xb3, 0x57, 0x1c, 0xff, 0xad, 0x52, 0x1a, 0xff, 0xb4, 0x59, 0x1d, 0xff, 
0xc9, 0x72, 0x27, 0xff, 0xbc, 0x60, 0x1f, 0xff, 0xb0, 0x53, 0x1a, 0xff, 0xbc, 0x5f, 0x1f, 0xff, 
0xc7, 0x6a, 0x23, 0xff, 0xc6, 0x69, 0x23, 0xff, 0xc7, 0x6b, 0x24, 0xff, 0xc5, 0x6a, 0x23, 0xff, 
0xb9, 0x5a, 0x1d, 0xff, 0xb2, 0x54, 0x1b, 0xff, 0xb5, 0x57, 0x1c, 0xff, 0xbb, 0x5c, 0x1e, 0xff, 
0xc4, 0x67, 0x21, 0xff, 0xc7, 0x6a, 0x22, 0xff, 0xc4, 0x68, 0x22, 0xff, 0xc5, 0x69, 0x22, 0xff, 
0xc6, 0x69, 0x22, 0xff, 0xc8, 0x6b, 0x23, 0xff, 0xc5, 0x68, 0x21, 0xff, 0xc1, 0x64, 0x20, 0xff, 
0xc8, 0x6c, 0x24, 0xff, 0xcd, 0x73, 0x27, 0xff, 0xc7, 0x6a, 0x23, 0xff, 0xc1, 0x63, 0x1f, 0xff, 
0xbc, 0x5f, 0x1e, 0xff, 0xb1, 0x55, 0x1b, 0xff, 0xaa, 0x50, 0x19, 0xff, 0xac, 0x51, 0x19, 0xff, 
0xa8, 0x4c, 0x18, 0xff, 0xad, 0x53, 0x1c, 0xff, 0xbe, 0x68, 0x23, 0xff, 0xbc, 0x63, 0x21, 0xff, 
0xc5, 0x6a, 0x23, 0xff, 0xd3, 0x7b, 0x2a, 0xff, 0xd4, 0x81, 0x2d, 0xff, 0xcc, 0x73, 0x27, 0xff, 
0xbb, 0x61, 0x1f, 0xff, 0xac, 0x53, 0x1b, 0xff, 0xa9, 0x4f, 0x19, 0xff, 0xb4, 0x57, 0x1d, 0xff, 
0xc7, 0x6c, 0x24, 0xff, 0xcb, 0x71, 0x26, 0xff, 0xc6, 0x6a, 0x23, 0xff, 0xca, 0x6f, 0x24, 0xff, 
0xc5, 0x69, 0x22, 0xff, 0xcb, 0x72, 0x26, 0xff, 0xd3, 0x7e, 0x2b, 0xff, 0xd2, 0x7d, 0x2b, 0xff, 
0xd9, 0x8c, 0x33, 0xff, 0xd4, 0x83, 0x2f, 0xff, 0xcb, 0x71, 0x25, 0xff, 0xce, 0x73, 0x26, 0xff, 
0xd2, 0x7a, 0x2a, 0xff, 0xcd, 0x72, 0x25, 0xff, 0xc8, 0x6b, 0x23, 0xff, 0xbe, 0x62, 0x20, 0xff, 
0xc1, 0x67, 0x22, 0xff, 0xc9, 0x70, 0x25, 0xff, 0xcb, 0x70, 0x24, 0xff, 0xc9, 0x6d, 0x23, 0xff, 
0xc5, 0x68, 0x23, 0xff, 0xd2, 0x7a, 0x2a, 0xff, 0xc2, 0x6d, 0x25, 0xff, 0xb4, 0x5e, 0x1f, 0xff, 
0xbf, 0x65, 0x22, 0xff, 0xb7, 0x5c, 0x1e, 0xff, 0xcc, 0x7b, 0x2d, 0xff, 0xde, 0x8f, 0x35, 0xff, 
0xca, 0x72, 0x25, 0xff, 0xc7, 0x6e, 0x24, 0xff, 0xc9, 0x6d, 0x23, 0xff, 0xca, 0x6f, 0x24, 0xff, 
0xd3, 0x7d, 0x2d, 0xff, 0xd7, 0x80, 0x2d, 0xff, 0xba, 0x5f, 0x1f, 0xff, 0xa3, 0x50, 0x1a, 0xff, 
0xc8, 0x70, 0x27, 0xff, 0xc4, 0x6a, 0x23, 0xff, 0xc5, 0x6b, 0x23, 0xff, 0xc6, 0x6a, 0x23, 0xff, 
0xc4, 0x66, 0x22, 0xff, 0xcf, 0x77, 0x29, 0xff, 0xc2, 0x68, 0x23, 0xff, 0xba, 0x5d, 0x1d, 0xff, 
0xcc, 0x74, 0x27, 0xff, 0xb9, 0x63, 0x21, 0xff, 0xb6, 0x5a, 0x1c, 0xff, 0xbd, 0x61, 0x1f, 0xff, 
0xb8, 0x5e, 0x1f, 0xff, 0xce, 0x7c, 0x2c, 0xff, 0xd7, 0x7f, 0x2b, 0xff, 0xc3, 0x67, 0x22, 0xff, 
0xcd, 0x7b, 0x2c, 0xff, 0xd7, 0x8c, 0x35, 0xff, 0xde, 0x99, 0x3c, 0xff, 0xe7, 0xa5, 0x42, 0xff, 
0xe0, 0x98, 0x3b, 0xff, 0xd9, 0x8b, 0x32, 0xff, 0xc6, 0x6c, 0x24, 0xff, 0xcc, 0x73, 0x27, 0xff, 
0xd7, 0x85, 0x2f, 0xff, 0xd8, 0x88, 0x31, 0xff, 0xd4, 0x7e, 0x2c, 0xff, 0xd3, 0x7c, 0x2b, 0xff, 
0xd5, 0x81, 0x2d, 0xff, 0xd0, 0x77, 0x28, 0xff, 0xc9, 0x6d, 0x24, 0xff, 0xcc, 0x75, 0x28, 0xff, 
0xd6, 0x84, 0x2f, 0xff, 0xd8, 0x85, 0x30, 0xff, 0xd0, 0x77, 0x29, 0xff, 0xc7, 0x6b, 0x23, 0xff, 
0xcf, 0x77, 0x29, 0xff, 0xd1, 0x78, 0x29, 0xff, 0xc4, 0x68, 0x23, 0xff, 0xba, 0x5d, 0x1e, 0xff, 
0xbc, 0x5e, 0x1e, 0xff, 0xc5, 0x6b, 0x23, 0xff, 0xc0, 0x63, 0x1f, 0xff, 0xb5, 0x59, 0x1c, 0xff, 
0x9e, 0x49, 0x17, 0xff, 0xb2, 0x58, 0x1c, 0xff, 0xb8, 0x5c, 0x1d, 0xff, 0xaa, 0x50, 0x19, 0xff, 
0x9f, 0x49, 0x18, 0xff, 0xa4, 0x4c, 0x19, 0xff, 0x9d, 0x49, 0x18, 0xff, 0xb0, 0x56, 0x1c, 0xff, 
0xb8, 0x5d, 0x1e, 0xff, 0xa0, 0x4a, 0x18, 0xff, 0x9f, 0x49, 0x17, 0xff, 0xc8, 0x6b, 0x24, 0xff, 
0xc4, 0x67, 0x22, 0xff, 0xa5, 0x4e, 0x19, 0xff, 0xa5, 0x4e, 0x1a, 0xff, 0xa4, 0x4e, 0x1a, 0xff, 
0x95, 0x43, 0x16, 0xff, 0xa9, 0x50, 0x1a, 0xff, 0xad, 0x54, 0x1b, 0xff, 0x9b, 0x48, 0x18, 0xff, 
0x9a, 0x47, 0x17, 0xff, 0x9d, 0x48, 0x18, 0xff, 0xb2, 0x57, 0x1c, 0xff, 0xbe, 0x61, 0x20, 0xff, 
0xb4, 0x59, 0x1c, 0xff, 0xb7, 0x5a, 0x1d, 0xff, 0xc4, 0x67, 0x22, 0xff, 0xc7, 0x6a, 0x23, 0xff, 
0xc4, 0x68, 0x22, 0xff, 0xbf, 0x63, 0x20, 0xff, 0xbf, 0x61, 0x1e, 0xff, 0xca, 0x6f, 0x24, 0xff, 
0xcd, 0x74, 0x28, 0xff, 0xd0, 0x78, 0x28, 0xff, 0xcb, 0x71, 0x25, 0xff, 0xc9, 0x6f, 0x25, 0xff, 
0xcf, 0x75, 0x28, 0xff, 0xcb, 0x72, 0x26, 0xff, 0xca, 0x70, 0x26, 0xff, 0xc5, 0x68, 0x23, 0xff, 
0xcf, 0x74, 0x26, 0xff, 0xcd, 0x74, 0x26, 0xff, 0xc9, 0x6c, 0x24, 0xff, 0xc7, 0x69, 0x22, 0xff, 
0xc0, 0x62, 0x1f, 0xff, 0xbc, 0x5f, 0x1e, 0xff, 0xc6, 0x6c, 0x24, 0xff, 0xb8, 0x5c, 0x1e, 0xff, 
0xaa, 0x4f, 0x19, 0xff, 0xc2, 0x66, 0x22, 0xff, 0xc8, 0x6c, 0x24, 0xff, 0xc1, 0x64, 0x21, 0xff, 
0xcf, 0x7a, 0x2a, 0xff, 0xd4, 0x7d, 0x2c, 0xff, 0xd0, 0x78, 0x29, 0xff, 0xd2, 0x7a, 0x2a, 0xff, 
0xc1, 0x64, 0x20, 0xff, 0xbc, 0x5e, 0x1e, 0xff, 0xc2, 0x64, 0x21, 0xff, 0xc0, 0x61, 0x20, 0xff, 
0xb9, 0x5b, 0x1d, 0xff, 0xa7, 0x4e, 0x19, 0xff, 0x9e, 0x49, 0x17, 0xff, 0xa6, 0x4f, 0x1a, 0xff, 
0xa3, 0x4c, 0x19, 0xff, 0xa8, 0x50, 0x1a, 0xff, 0xae, 0x55, 0x1c, 0xff, 0xad, 0x57, 0x1d, 0xff, 
0xb1, 0x58, 0x1c, 0xff, 0xae, 0x54, 0x1b, 0xff, 0xae, 0x54, 0x1b, 0xff, 0xa9, 0x50, 0x1a, 0xff, 
0xb5, 0x59, 0x1d, 0xff, 0xb3, 0x57, 0x1c, 0xff, 0xa8, 0x4f, 0x1a, 0xff, 0xb6, 0x5b, 0x1e, 0xff, 
0xb9, 0x5f, 0x1f, 0xff, 0x9c, 0x48, 0x17, 0xff, 0xa2, 0x4d, 0x18, 0xff, 0xab, 0x52, 0x1b, 0xff, 
0xa6, 0x4e, 0x19, 0xff, 0xb3, 0x59, 0x1d, 0xff, 0xba, 0x5e, 0x1e, 0xff, 0xb1, 0x55, 0x1b, 0xff, 
0xa8, 0x4e, 0x1a, 0xff, 0xb3, 0x57, 0x1c, 0xff, 0xbc, 0x5d, 0x1e, 0xff, 0xc3, 0x65, 0x21, 0xff, 
0xce, 0x75, 0x28, 0xff, 0xc0, 0x65, 0x22, 0xff, 0xc4, 0x68, 0x22, 0xff, 0xc2, 0x66, 0x22, 0xff, 
0xbd, 0x61, 0x20, 0xff, 0xbf, 0x64, 0x20, 0xff, 0xbf, 0x62, 0x1f, 0xff, 0xc8, 0x6c, 0x23, 0xff, 
0xbc, 0x5f, 0x1f, 0xff, 0xb0, 0x55, 0x1b, 0xff, 0xac, 0x51, 0x1a, 0xff, 0xb2, 0x55, 0x1b, 0xff, 
0xc0, 0x63, 0x21, 0xff, 0xbf, 0x63, 0x21, 0xff, 0xb4, 0x57, 0x1c, 0xff, 0xbd, 0x60, 0x1f, 0xff, 
0xbc, 0x5f, 0x1f, 0xff, 0xb4, 0x59, 0x1c, 0xff, 0xb3, 0x59, 0x1d, 0xff, 0xb6, 0x5a, 0x1d, 0xff, 
0xb5, 0x59, 0x1d, 0xff, 0xa0, 0x4c, 0x19, 0xff, 0x98, 0x49, 0x18, 0xff, 0xa4, 0x53, 0x1c, 0xff, 
0xa2, 0x4c, 0x19, 0xff, 0xaa, 0x51, 0x1a, 0xff, 0x99, 0x47, 0x17, 0xff, 0x95, 0x45, 0x17, 0xff, 
0x97, 0x45, 0x17, 0xff, 0x97, 0x45, 0x16, 0xff, 0x9e, 0x4a, 0x17, 0xff, 0x9e, 0x49, 0x17, 0xff, 
0xa6, 0x52, 0x1a, 0xff, 0xa8, 0x52, 0x1a, 0xff, 0xa0, 0x4a, 0x17, 0xff, 0xb3, 0x59, 0x1d, 0xff, 
0xbe, 0x60, 0x1f, 0xff, 0xbb, 0x5e, 0x1e, 0xff, 0xbd, 0x60, 0x1f, 0xff, 0xc3, 0x67, 0x22, 0xff, 
0xae, 0x55, 0x1c, 0xff, 0xab, 0x51, 0x1a, 0xff, 0xb2, 0x56, 0x1b, 0xff, 0xb9, 0x5c, 0x1e, 0xff, 
0xc7, 0x69, 0x22, 0xff, 0xb8, 0x5c, 0x1e, 0xff, 0xa9, 0x50, 0x1a, 0xff, 0xae, 0x53, 0x1a, 0xff, 
0xb4, 0x57, 0x1c, 0xff, 0xbe, 0x61, 0x20, 0xff, 0xbc, 0x60, 0x1f, 0xff, 0xbb, 0x5e, 0x1f, 0xff, 
0xc2, 0x65, 0x21, 0xff, 0xc5, 0x68, 0x22, 0xff, 0xc2, 0x64, 0x20, 0xff, 0xce, 0x75, 0x28, 0xff, 
0xce, 0x76, 0x28, 0xff, 0xc6, 0x69, 0x22, 0xff, 0xbe, 0x5f, 0x1f, 0xff, 0xba, 0x5c, 0x1e, 0xff, 
0xbc, 0x5e, 0x1e, 0xff, 0xc1, 0x63, 0x20, 0xff, 0xc9, 0x6d, 0x25, 0xff, 0xcc, 0x72, 0x26, 0xff, 
0xc6, 0x6a, 0x23, 0xff, 0xc3, 0x66, 0x21, 0xff, 0xbd, 0x5e, 0x1e, 0xff, 0xc8, 0x6e, 0x24, 0xff, 
0xd0, 0x78, 0x28, 0xff, 0xcc, 0x73, 0x26, 0xff, 0xc9, 0x6f, 0x25, 0xff, 0xc4, 0x67, 0x21, 0xff, 
0xcc, 0x71, 0x26, 0xff, 0xce, 0x73, 0x27, 0xff, 0xc6, 0x67, 0x21, 0xff, 0xc5, 0x68, 0x22, 0xff, 
0xc6, 0x6a, 0x23, 0xff, 0xcb, 0x76, 0x28, 0xff, 0xd2, 0x80, 0x2d, 0xff, 0xc7, 0x6d, 0x24, 0xff, 
0xc5, 0x67, 0x21, 0xff, 0xce, 0x76, 0x28, 0xff, 0xc7, 0x6e, 0x25, 0xff, 0xb3, 0x53, 0x19, 0xff, 
0xb1, 0x52, 0x1b, 0xff, 0xb3, 0x58, 0x1d, 0xff, 0xbb, 0x5e, 0x1e, 0xff, 0xb3, 0x56, 0x1c, 0xff, 
0xb5, 0x59, 0x1d, 0xff, 0xc8, 0x6b, 0x23, 0xff, 0xcb, 0x70, 0x24, 0xff, 0xd0, 0x79, 0x29, 0xff, 
0xc5, 0x6c, 0x24, 0xff, 0xca, 0x70, 0x26, 0xff, 0xd0, 0x78, 0x29, 0xff, 0xca, 0x71, 0x25, 0xff, 
0xcf, 0x77, 0x28, 0xff, 0xd0, 0x78, 0x29, 0xff, 0xd2, 0x7b, 0x2a, 0xff, 0xcb, 0x71, 0x25, 0xff, 
0xcf, 0x76, 0x27, 0xff, 0xca, 0x70, 0x26, 0xff, 0xc4, 0x67, 0x22, 0xff, 0xc7, 0x6b, 0x22, 0xff, 
0xc2, 0x66, 0x21, 0xff, 0xc9, 0x6d, 0x25, 0xff, 0xd2, 0x7a, 0x2a, 0xff, 0xcf, 0x77, 0x28, 0xff, 
0xd4, 0x7f, 0x2d, 0xff, 0xd0, 0x7c, 0x2b, 0xff, 0xc1, 0x66, 0x22, 0xff, 0xc7, 0x6a, 0x22, 0xff, 
0xba, 0x5c, 0x1d, 0xff, 0xb1, 0x53, 0x19, 0xff, 0xc6, 0x6c, 0x25, 0xff, 0xd1, 0x78, 0x29, 0xff, 
0xce, 0x74, 0x26, 0xff, 0xd2, 0x7b, 0x2a, 0xff, 0xd0, 0x79, 0x2a, 0xff, 0xd1, 0x7d, 0x2b, 0xff, 
0xda, 0x8b, 0x33, 0xff, 0xd9, 0x83, 0x2f, 0xff, 0xbd, 0x61, 0x20, 0xff, 0x90, 0x37, 0x0e, 0xff, 
0xb3, 0x59, 0x1c, 0xff, 0xdc, 0x87, 0x30, 0xff, 0xe0, 0x96, 0x38, 0xff, 0xd5, 0x84, 0x30, 0xff, 
0xca, 0x73, 0x28, 0xff, 0xcb, 0x73, 0x27, 0xff, 0xc6, 0x69, 0x22, 0xff, 0xd2, 0x83, 0x31, 0xff, 
0xdf, 0x95, 0x3a, 0xff, 0xda, 0x87, 0x30, 0xff, 0xca, 0x6f, 0x26, 0xff, 0xc7, 0x6b, 0x24, 0xff, 
0xb5, 0x5e, 0x1f, 0xff, 0xa6, 0x51, 0x1a, 0xff, 0xcb, 0x74, 0x28, 0xff, 0xa3, 0x47, 0x16, 0xff, 
0xb1, 0x56, 0x1a, 0xff, 0xe6, 0x9f, 0x3d, 0xff, 0xdb, 0x91, 0x38, 0xff, 0xc4, 0x71, 0x28, 0xff, 
0xdc, 0x8b, 0x32, 0xff, 0xd0, 0x77, 0x29, 0xff, 0xbe, 0x61, 0x1f, 0xff, 0xd1, 0x7a, 0x2a, 0xff, 
0xd5, 0x80, 0x2d, 0xff, 0xd5, 0x7e, 0x2b, 0xff, 0xd3, 0x7d, 0x2b, 0xff, 0xd3, 0x7c, 0x2b, 0xff, 
0xc8, 0x6d, 0x24, 0xff, 0xbe, 0x5e, 0x1e, 0xff, 0xca, 0x6f, 0x25, 0xff, 0xca, 0x72, 0x27, 0xff, 
0xca, 0x72, 0x27, 0xff, 0xcb, 0x72, 0x26, 0xff, 0xc1, 0x65, 0x21, 0xff, 0xc8, 0x6e, 0x26, 0xff, 
0xcf, 0x76, 0x29, 0xff, 0xc7, 0x6d, 0x25, 0xff, 0xc1, 0x65, 0x21, 0xff, 0xc0, 0x63, 0x20, 0xff, 
0xc9, 0x6f, 0x25, 0xff, 0xcc, 0x74, 0x27, 0xff, 0xbf, 0x61, 0x20, 0xff, 0xb1, 0x56, 0x1b, 0xff, 
0xac, 0x51, 0x1a, 0xff, 0xb3, 0x57, 0x1c, 0xff, 0xae, 0x54, 0x1b, 0xff, 0xa7, 0x4f, 0x1a, 0xff, 
0x9e, 0x4a, 0x18, 0xff, 0x9b, 0x48, 0x17, 0xff, 0x98, 0x45, 0x17, 0xff, 0x9f, 0x4b, 0x19, 0xff, 
0xa5, 0x50, 0x1a, 0xff, 0xae, 0x55, 0x1c, 0xff, 0xd5, 0x77, 0x28, 0xff, 0xcc, 0x72, 0x27, 0xff, 
0x99, 0x47, 0x17, 0xff, 0x9a, 0x47, 0x17, 0xff, 0x9d, 0x4a, 0x18, 0xff, 0xaa, 0x53, 0x1b, 0xff, 
0xb9, 0x5e, 0x1f, 0xff, 0xa3, 0x4c, 0x19, 0xff, 0xa9, 0x51, 0x1b, 0xff, 0x9c, 0x48, 0x18, 0xff, 
0x9c, 0x48, 0x18, 0xff, 0xaf, 0x55, 0x1c, 0xff, 0xb3, 0x57, 0x1c, 0xff, 0xba, 0x5e, 0x1e, 0xff, 
0xc4, 0x66, 0x21, 0xff, 0xc6, 0x69, 0x21, 0xff, 0xc8, 0x6d, 0x24, 0xff, 0xca, 0x71, 0x25, 0xff, 
0xc4, 0x67, 0x21, 0xff, 0xc0, 0x61, 0x20, 0xff, 0xc9, 0x6e, 0x24, 0xff, 0xcc, 0x72, 0x26, 0xff, 
0xc2, 0x65, 0x21, 0xff, 0xc7, 0x6b, 0x23, 0xff, 0xcd, 0x72, 0x27, 0xff, 0xc9, 0x6e, 0x24, 0xff, 
0xcf, 0x77, 0x29, 0xff, 0xd0, 0x77, 0x29, 0xff, 0xd0, 0x78, 0x29, 0xff, 0xd2, 0x7a, 0x2a, 0xff, 
0xcb, 0x71, 0x26, 0xff, 0xc8, 0x6d, 0x24, 0xff, 0xbe, 0x60, 0x1f, 0xff, 0xb8, 0x5a, 0x1d, 0xff, 
0xb4, 0x58, 0x1c, 0xff, 0xbc, 0x5f, 0x1e, 0xff, 0xc7, 0x6b, 0x23, 0xff, 0xbe, 0x60, 0x20, 0xff, 
0xc4, 0x64, 0x21, 0xff, 0xcc, 0x6f, 0x25, 0xff, 0xc3, 0x66, 0x21, 0xff, 0xb7, 0x57, 0x1c, 0xff, 
0xcc, 0x75, 0x28, 0xff, 0xcf, 0x78, 0x2a, 0xff, 0xca, 0x70, 0x25, 0xff, 0xce, 0x78, 0x29, 0xff, 
0xbd, 0x63, 0x21, 0xff, 0xb5, 0x57, 0x1c, 0xff, 0xae, 0x53, 0x1b, 0xff, 0xaa, 0x52, 0x1a, 0xff, 
0xba, 0x5f, 0x1f, 0xff, 0xad, 0x56, 0x1c, 0xff, 0x90, 0x3f, 0x14, 0xff, 0x92, 0x43, 0x16, 0xff, 
0x8d, 0x43, 0x16, 0xff, 0x87, 0x3c, 0x14, 0xff, 0xb1, 0x57, 0x1c, 0xff, 0xd0, 0x70, 0x24, 0xff, 
0xb8, 0x5e, 0x1e, 0xff, 0xa1, 0x49, 0x18, 0xff, 0xad, 0x51, 0x1a, 0xff, 0xae, 0x52, 0x1b, 0xff, 
0xa5, 0x4f, 0x1a, 0xff, 0xa2, 0x4c, 0x19, 0xff, 0xa2, 0x4b, 0x18, 0xff, 0xbc, 0x62, 0x20, 0xff, 
0xb1, 0x59, 0x1d, 0xff, 0x8f, 0x3f, 0x15, 0xff, 0x91, 0x42, 0x16, 0xff, 0x9c, 0x49, 0x17, 0xff, 
0xbb, 0x5f, 0x1f, 0xff, 0xb5, 0x5a, 0x1d, 0xff, 0xa5, 0x4e, 0x19, 0xff, 0xa2, 0x4b, 0x18, 0xff, 
0xae, 0x53, 0x1a, 0xff, 0xb4, 0x56, 0x1b, 0xff, 0xba, 0x5d, 0x1d, 0xff, 0xc9, 0x6f, 0x24, 0xff, 
0xb4, 0x5a, 0x1c, 0xff, 0xb3, 0x57, 0x1c, 0xff, 0xc1, 0x64, 0x20, 0xff, 0xb5, 0x59, 0x1d, 0xff, 
0xd0, 0x75, 0x27, 0xff, 0xcd, 0x72, 0x25, 0xff, 0xc6, 0x6a, 0x22, 0xff, 0xc0, 0x63, 0x20, 0xff, 
0xbf, 0x61, 0x20, 0xff, 0xb5, 0x59, 0x1d, 0xff, 0xb1, 0x56, 0x1c, 0xff, 0xbc, 0x5f, 0x1e, 0xff, 
0xbf, 0x63, 0x21, 0xff, 0xc1, 0x65, 0x21, 0xff, 0xaf, 0x54, 0x1c, 0xff, 0xaf, 0x54, 0x1b, 0xff, 
0xb5, 0x5a, 0x1d, 0xff, 0xb3, 0x58, 0x1d, 0xff, 0xb5, 0x58, 0x1c, 0xff, 0xae, 0x54, 0x1b, 0xff, 
0xab, 0x52, 0x1b, 0xff, 0xb6, 0x59, 0x1d, 0xff, 0xa8, 0x4f, 0x1a, 0xff, 0xa3, 0x4c, 0x18, 0xff, 
0xa9, 0x51, 0x1a, 0xff, 0xac, 0x52, 0x1a, 0xff, 0xa7, 0x4f, 0x19, 0xff, 0x9b, 0x47, 0x17, 0xff, 
0x9a, 0x48, 0x18, 0xff, 0xa1, 0x4c, 0x18, 0xff, 0xa7, 0x4f, 0x19, 0xff, 0x99, 0x45, 0x17, 0xff, 
0xa4, 0x51, 0x1b, 0xff, 0xa8, 0x53, 0x1b, 0xff, 0xa5, 0x4e, 0x19, 0xff, 0xb6, 0x59, 0x1d, 0xff, 
0xae, 0x54, 0x1b, 0xff, 0xa8, 0x53, 0x1b, 0xff, 0xb4, 0x5a, 0x1e, 0xff, 0xb6, 0x59, 0x1c, 0xff, 
0xb1, 0x54, 0x1a, 0xff, 0xb6, 0x58, 0x1d, 0xff, 0xbd, 0x60, 0x20, 0xff, 0xc5, 0x67, 0x21, 0xff, 
0xbf, 0x62, 0x20, 0xff, 0xb8, 0x5c, 0x1e, 0xff, 0xb7, 0x5c, 0x1e, 0xff, 0xb8, 0x5b, 0x1d, 0xff, 
0xbd, 0x5f, 0x1f, 0xff, 0xc0, 0x63, 0x20, 0xff, 0xbf, 0x61, 0x20, 0xff, 0xbd, 0x5f, 0x1f, 0xff, 
0xbd, 0x5f, 0x1e, 0xff, 0xbd, 0x60, 0x1e, 0xff, 0xc3, 0x66, 0x21, 0xff, 0xc9, 0x6d, 0x24, 0xff, 
0xc9, 0x6e, 0x24, 0xff, 0xc7, 0x6b, 0x23, 0xff, 0xc5, 0x68, 0x22, 0xff, 0xc2, 0x64, 0x21, 0xff, 
0xc0, 0x63, 0x20, 0xff, 0xc3, 0x67, 0x21, 0xff, 0xc7, 0x6b, 0x24, 0xff, 0xbd, 0x5f, 0x20, 0xff, 
0xbd, 0x60, 0x20, 0xff, 0xc2, 0x65, 0x21, 0xff, 0xc3, 0x65, 0x20, 0xff, 0xd1, 0x7a, 0x2a, 0xff, 
0xc7, 0x6c, 0x24, 0xff, 0xcc, 0x74, 0x27, 0xff, 0xdb, 0x8d, 0x34, 0xff, 0xd6, 0x82, 0x2e, 0xff, 
0xd8, 0x83, 0x2d, 0xff, 0xd5, 0x81, 0x2e, 0xff, 0xd3, 0x7d, 0x2c, 0xff, 0xcf, 0x76, 0x28, 0xff, 
0xd2, 0x7a, 0x2a, 0xff, 0xcd, 0x72, 0x26, 0xff, 0xbd, 0x5e, 0x1e, 0xff, 0xb8, 0x5a, 0x1c, 0xff, 
0xba, 0x5d, 0x1e, 0xff, 0xbc, 0x5e, 0x1e, 0xff, 0xb6, 0x58, 0x1c, 0xff, 0xbf, 0x64, 0x21, 0xff, 
0xc3, 0x65, 0x21, 0xff, 0xc0, 0x62, 0x1f, 0xff, 0xc0, 0x63, 0x20, 0xff, 0xba, 0x5c, 0x1d, 0xff, 
0xc6, 0x6a, 0x23, 0xff, 0xcc, 0x73, 0x26, 0xff, 0xcc, 0x72, 0x26, 0xff, 0xd0, 0x7b, 0x2a, 0xff, 
0xd3, 0x7d, 0x2c, 0xff, 0xd0, 0x79, 0x29, 0xff, 0xd2, 0x78, 0x29, 0xff, 0xd1, 0x77, 0x29, 0xff, 
0xcb, 0x70, 0x24, 0xff, 0xca, 0x6e, 0x24, 0xff, 0xce, 0x79, 0x2a, 0xff, 0xd0, 0x7b, 0x2a, 0xff, 
0xca, 0x6f, 0x24, 0xff, 0xc9, 0x71, 0x26, 0xff, 0xcd, 0x76, 0x28, 0xff, 0xd2, 0x79, 0x29, 0xff, 
0xcd, 0x74, 0x27, 0xff, 0xcf, 0x77, 0x29, 0xff, 0xce, 0x76, 0x28, 0xff, 0xc9, 0x70, 0x25, 0xff, 
0xc8, 0x6f, 0x25, 0xff, 0xc2, 0x69, 0x23, 0xff, 0xcc, 0x74, 0x28, 0xff, 0xcb, 0x70, 0x25, 0xff, 
0xba, 0x5d, 0x1e, 0xff, 0xc9, 0x6e, 0x24, 0xff, 0xd3, 0x7c, 0x2a, 0xff, 0xcb, 0x71, 0x25, 0xff, 
0xc9, 0x6e, 0x24, 0xff, 0xcb, 0x71, 0x25, 0xff, 0xcd, 0x74, 0x27, 0xff, 0xd0, 0x7a, 0x29, 0xff, 
0xd4, 0x82, 0x2e, 0xff, 0xde, 0x93, 0x37, 0xff, 0xe1, 0x95, 0x39, 0xff, 0xd6, 0x81, 0x2e, 0xff, 
0xd0, 0x7d, 0x2d, 0xff, 0xd5, 0x84, 0x31, 0xff, 0xd2, 0x81, 0x2e, 0xff, 0xd7, 0x85, 0x30, 0xff, 
0xdf, 0x95, 0x38, 0xff, 0xcc, 0x76, 0x29, 0xff, 0xcc, 0x75, 0x28, 0xff, 0xe9, 0xae, 0x49, 0xff, 
0xe4, 0xa2, 0x40, 0xff, 0xd2, 0x7c, 0x2a, 0xff, 0xcc, 0x72, 0x25, 0xff, 0xc9, 0x6d, 0x24, 0xff, 
0xce, 0x72, 0x26, 0xff, 0xbf, 0x64, 0x20, 0xff, 0xb2, 0x56, 0x1b, 0xff, 0xb8, 0x5f, 0x1f, 0xff, 
0xca, 0x70, 0x26, 0xff, 0xd0, 0x79, 0x29, 0xff, 0xc5, 0x6d, 0x24, 0xff, 0xc3, 0x68, 0x21, 0xff, 
0xc9, 0x75, 0x29, 0xff, 0x9d, 0x4c, 0x19, 0xff, 0xa9, 0x4f, 0x19, 0xff, 0xc4, 0x68, 0x23, 0xff, 
0xd3, 0x75, 0x28, 0xff, 0xd1, 0x76, 0x27, 0xff, 0xcb, 0x72, 0x26, 0xff, 0xcd, 0x77, 0x28, 0xff, 
0xcb, 0x73, 0x28, 0xff, 0xcb, 0x75, 0x29, 0xff, 0xd3, 0x7f, 0x2d, 0xff, 0xc8, 0x71, 0x27, 0xff, 
0xcc, 0x77, 0x29, 0xff, 0xd0, 0x7f, 0x2e, 0xff, 0xcd, 0x7b, 0x2b, 0xff, 0xcf, 0x7a, 0x2b, 0xff, 
0xcc, 0x75, 0x27, 0xff, 0xc3, 0x68, 0x22, 0xff, 0xc4, 0x69, 0x23, 0xff, 0xca, 0x71, 0x26, 0xff, 
0xc3, 0x69, 0x24, 0xff, 0xbb, 0x5e, 0x1f, 0xff, 0xbc, 0x5e, 0x1e, 0xff, 0xba, 0x5d, 0x1e, 0xff, 
0xc2, 0x65, 0x20, 0xff, 0xc4, 0x65, 0x21, 0xff, 0xb8, 0x5a, 0x1d, 0xff, 0xa7, 0x4f, 0x1a, 0xff, 
0x9f, 0x4a, 0x18, 0xff, 0xa0, 0x4c, 0x18, 0xff, 0xa2, 0x4d, 0x19, 0xff, 0x98, 0x46, 0x17, 0xff, 
0x8e, 0x3e, 0x14, 0xff, 0xba, 0x62, 0x20, 0xff, 0xca, 0x70, 0x25, 0xff, 0x98, 0x44, 0x16, 0xff, 
0x8a, 0x3c, 0x13, 0xff, 0x9d, 0x4a, 0x18, 0xff, 0xa5, 0x50, 0x1a, 0xff, 0xa7, 0x4f, 0x1a, 0xff, 
0xb5, 0x5b, 0x1e, 0xff, 0xb0, 0x56, 0x1c, 0xff, 0xa5, 0x4c, 0x19, 0xff, 0xab, 0x51, 0x1a, 0xff, 
0xa0, 0x4b, 0x19, 0xff, 0xa4, 0x4d, 0x19, 0xff, 0xb2, 0x57, 0x1c, 0xff, 0xc4, 0x68, 0x23, 0xff, 
0xd0, 0x79, 0x2a, 0xff, 0xcc, 0x75, 0x28, 0xff, 0xc7, 0x6c, 0x24, 0xff, 0xcb, 0x6f, 0x25, 0xff, 
0xca, 0x70, 0x26, 0xff, 0xbd, 0x62, 0x20, 0xff, 0xc7, 0x6b, 0x23, 0xff, 0xc4, 0x68, 0x22, 0xff, 
0xbf, 0x61, 0x1f, 0xff, 0xcb, 0x72, 0x27, 0xff, 0xd6, 0x84, 0x2f, 0xff, 0xca, 0x70, 0x25, 0xff, 
0xc9, 0x6e, 0x25, 0xff, 0xca, 0x6f, 0x25, 0xff, 0xca, 0x6f, 0x25, 0xff, 0xcf, 0x79, 0x29, 0xff, 
0xc3, 0x68, 0x22, 0xff, 0xb6, 0x57, 0x1b, 0xff, 0xc3, 0x6b, 0x25, 0xff, 0xce, 0x77, 0x29, 0xff, 
0xba, 0x5d, 0x1e, 0xff, 0xb8, 0x5b, 0x1e, 0xff, 0xa9, 0x51, 0x1a, 0xff, 0x9e, 0x4a, 0x18, 0xff, 
0xb3, 0x59, 0x1d, 0xff, 0xc6, 0x68, 0x22, 0xff, 0xc3, 0x65, 0x21, 0xff, 0xc3, 0x66, 0x21, 0xff, 
0xc0, 0x63, 0x20, 0xff, 0xbc, 0x5d, 0x1d, 0xff, 0xb9, 0x59, 0x1c, 0xff, 0xc6, 0x69, 0x22, 0xff, 
0xd4, 0x7b, 0x2a, 0xff, 0xa6, 0x51, 0x1b, 0xff, 0x81, 0x36, 0x12, 0xff, 0x96, 0x44, 0x16, 0xff, 
0xb4, 0x59, 0x1d, 0xff, 0xbc, 0x60, 0x1f, 0xff, 0xa2, 0x4d, 0x1a, 0xff, 0x80, 0x3a, 0x13, 0xff, 
0x7d, 0x39, 0x12, 0xff, 0x9d, 0x4c, 0x18, 0xff, 0xaf, 0x55, 0x1b, 0xff, 0xae, 0x54, 0x1c, 0xff, 
0xa4, 0x4e, 0x1a, 0xff, 0x9f, 0x49, 0x18, 0xff, 0x9f, 0x4b, 0x18, 0xff, 0xa3, 0x4c, 0x19, 0xff, 
0x9e, 0x4a, 0x19, 0xff, 0x9a, 0x48, 0x17, 0xff, 0x93, 0x43, 0x16, 0xff, 0x91, 0x41, 0x15, 0xff, 
0x96, 0x45, 0x17, 0xff, 0x95, 0x46, 0x16, 0xff, 0x9b, 0x48, 0x17, 0xff, 0xa1, 0x4d, 0x18, 0xff, 
0xb8, 0x5c, 0x1e, 0xff, 0x9b, 0x48, 0x18, 0xff, 0x8e, 0x40, 0x14, 0xff, 0xa6, 0x51, 0x1a, 0xff, 
0xbe, 0x63, 0x21, 0xff, 0xc7, 0x6c, 0x24, 0xff, 0xca, 0x70, 0x26, 0xff, 0xce, 0x74, 0x26, 0xff, 
0xb1, 0x56, 0x1b, 0xff, 0x9e, 0x49, 0x17, 0xff, 0xa7, 0x50, 0x1a, 0xff, 0xbf, 0x62, 0x21, 0xff, 
0xcc, 0x6e, 0x25, 0xff, 0xc2, 0x65, 0x21, 0xff, 0xbd, 0x61, 0x20, 0xff, 0xbf, 0x62, 0x1f, 0xff, 
0xbe, 0x61, 0x1f, 0xff, 0xc3, 0x65, 0x21, 0xff, 0xc8, 0x6b, 0x23, 0xff, 0xc4, 0x67, 0x22, 0xff, 
0xc3, 0x66, 0x21, 0xff, 0xc5, 0x68, 0x22, 0xff, 0xbe, 0x62, 0x20, 0xff, 0xb1, 0x56, 0x1c, 0xff, 
0xb3, 0x57, 0x1c, 0xff, 0xb7, 0x5a, 0x1d, 0xff, 0xb8, 0x5c, 0x1e, 0xff, 0xa1, 0x4c, 0x19, 0xff, 
0xa0, 0x4a, 0x18, 0xff, 0xaa, 0x51, 0x1b, 0xff, 0xa9, 0x50, 0x1a, 0xff, 0xb5, 0x57, 0x1d, 0xff, 
0xa6, 0x4f, 0x19, 0xff, 0xa1, 0x4c, 0x18, 0xff, 0x9d, 0x4a, 0x18, 0xff, 0x9e, 0x4a, 0x18, 0xff, 
0x9c, 0x48, 0x18, 0xff, 0x9d, 0x4a, 0x17, 0xff, 0x9d, 0x48, 0x17, 0xff, 0xa5, 0x4e, 0x1a, 0xff, 
0xad, 0x52, 0x1a, 0xff, 0xac, 0x52, 0x1a, 0xff, 0xb6, 0x5b, 0x1e, 0xff, 0xb5, 0x59, 0x1d, 0xff, 
0x9f, 0x4a, 0x17, 0xff, 0x98, 0x45, 0x16, 0xff, 0x9f, 0x49, 0x18, 0xff, 0xad, 0x53, 0x1a, 0xff, 
0xb1, 0x57, 0x1b, 0xff, 0xaf, 0x54, 0x1b, 0xff, 0xbb, 0x5f, 0x1f, 0xff, 0xbf, 0x62, 0x20, 0xff, 
0xbe, 0x61, 0x1f, 0xff, 0xc4, 0x67, 0x22, 0xff, 0xc3, 0x66, 0x21, 0xff, 0xbf, 0x61, 0x1f, 0xff, 
0xb9, 0x5b, 0x1e, 0xff, 0xb8, 0x5b, 0x1d, 0xff, 0xbe, 0x61, 0x1f, 0xff, 0xc3, 0x65, 0x21, 0xff, 
0xc2, 0x64, 0x20, 0xff, 0xbe, 0x60, 0x1e, 0xff, 0xc7, 0x6c, 0x24, 0xff, 0xc7, 0x6c, 0x24, 0xff, 
0xc2, 0x65, 0x20, 0xff, 0xc2, 0x65, 0x20, 0xff, 0xc4, 0x68, 0x22, 0xff, 0xc7, 0x6a, 0x23, 0xff, 
0xbb, 0x5e, 0x1e, 0xff, 0xb9, 0x5d, 0x1e, 0xff, 0xc0, 0x63, 0x20, 0xff, 0xb8, 0x5a, 0x1d, 0xff, 
0xba, 0x5c, 0x1d, 0xff, 0xbd, 0x5f, 0x1f, 0xff, 0xd6, 0x83, 0x2e, 0xff, 0xcb, 0x77, 0x29, 0xff, 
0xad, 0x4d, 0x17, 0xff, 0xc2, 0x65, 0x21, 0xff, 0xd5, 0x80, 0x2d, 0xff, 0xc3, 0x6f, 0x26, 0xff, 
0xb6, 0x5a, 0x1d, 0xff, 0xc9, 0x71, 0x26, 0xff, 0xd3, 0x7f, 0x2c, 0xff, 0xcf, 0x78, 0x29, 0xff, 
0xcc, 0x74, 0x27, 0xff, 0xc2, 0x65, 0x21, 0xff, 0xc6, 0x6a, 0x22, 0xff, 0xbe, 0x62, 0x20, 0xff, 
0xb9, 0x5b, 0x1e, 0xff, 0xc8, 0x6b, 0x23, 0xff, 0xc0, 0x62, 0x20, 0xff, 0xb7, 0x5c, 0x1e, 0xff, 
0xbc, 0x60, 0x1f, 0xff, 0xc5, 0x68, 0x21, 0xff, 0xc4, 0x67, 0x21, 0xff, 0xbf, 0x61, 0x1f, 0xff, 
0xc6, 0x6a, 0x22, 0xff, 0xc8, 0x6e, 0x25, 0xff, 0xcf, 0x78, 0x29, 0xff, 0xcc, 0x75, 0x27, 0xff, 
0xcd, 0x74, 0x28, 0xff, 0xcf, 0x75, 0x27, 0xff, 0xc8, 0x6d, 0x25, 0xff, 0xcc, 0x72, 0x26, 0xff, 
0xcb, 0x70, 0x25, 0xff, 0xc4, 0x66, 0x21, 0xff, 0xc3, 0x67, 0x22, 0xff, 0xcf, 0x77, 0x29, 0xff, 
0xcb, 0x72, 0x26, 0xff, 0xca, 0x6e, 0x24, 0xff, 0xce, 0x74, 0x28, 0xff, 0xcd, 0x73, 0x27, 0xff, 
0xcb, 0x6d, 0x24, 0xff, 0xc1, 0x69, 0x23, 0xff, 0xb0, 0x59, 0x1d, 0xff, 0xb9, 0x5d, 0x1e, 0xff, 
0xb8, 0x59, 0x1c, 0xff, 0xc5, 0x6a, 0x24, 0xff, 0xd4, 0x7e, 0x2c, 0xff, 0xcb, 0x73, 0x27, 0xff, 
0xd0, 0x77, 0x28, 0xff, 0xc8, 0x6f, 0x26, 0xff, 0xc3, 0x66, 0x21, 0xff, 0xcc, 0x71, 0x25, 0xff, 
0xcd, 0x72, 0x27, 0xff, 0xca, 0x6f, 0x25, 0xff, 0xc7, 0x6a, 0x23, 0xff, 0xc8, 0x69, 0x23, 0xff, 
0xc4, 0x64, 0x20, 0xff, 0xc6, 0x6d, 0x24, 0xff, 0xcb, 0x77, 0x2a, 0xff, 0xd6, 0x86, 0x31, 0xff, 
0xd8, 0x85, 0x30, 0xff, 0xc9, 0x6d, 0x25, 0xff, 0xc8, 0x6a, 0x23, 0xff, 0xc8, 0x6e, 0x25, 0xff, 
0xc5, 0x6b, 0x24, 0xff, 0xd3, 0x83, 0x30, 0xff, 0xe9, 0xad, 0x48, 0xff, 0xe6, 0xa4, 0x42, 0xff, 
0xd6, 0x86, 0x30, 0xff, 0xd4, 0x83, 0x30, 0xff, 0xcf, 0x7a, 0x29, 0xff, 0xcb, 0x71, 0x25, 0xff, 
0xd3, 0x7d, 0x2b, 0xff, 0xca, 0x70, 0x25, 0xff, 0xbf, 0x5f, 0x1e, 0xff, 0xd9, 0x88, 0x30, 0xff, 
0xde, 0x93, 0x37, 0xff, 0xda, 0x8d, 0x35, 0xff, 0xd7, 0x88, 0x31, 0xff, 0xd0, 0x78, 0x29, 0xff, 
0x97, 0x44, 0x14, 0xff, 0x78, 0x32, 0x10, 0xff, 0xa5, 0x52, 0x1b, 0xff, 0xb1, 0x5b, 0x1f, 0xff, 
0xab, 0x58, 0x1e, 0xff, 0xaf, 0x58, 0x1d, 0xff, 0xb5, 0x5b, 0x1d, 0xff, 0xc5, 0x70, 0x27, 0xff, 
0xce, 0x7b, 0x2b, 0xff, 0xd5, 0x80, 0x2d, 0xff, 0xcb, 0x70, 0x25, 0xff, 0xbe, 0x61, 0x1f, 0xff, 
0xca, 0x72, 0x26, 0xff, 0xdc, 0x8d, 0x34, 0xff, 0xd5, 0x81, 0x2e, 0xff, 0xc5, 0x66, 0x21, 0xff, 
0xc3, 0x68, 0x22, 0xff, 0xc8, 0x6f, 0x25, 0xff, 0xc2, 0x66, 0x22, 0xff, 0xbc, 0x60, 0x1f, 0xff, 
0xc3, 0x69, 0x23, 0xff, 0xc9, 0x70, 0x26, 0xff, 0xbf, 0x63, 0x1f, 0xff, 0xc4, 0x65, 0x20, 0xff, 
0xcc, 0x6f, 0x24, 0xff, 0xc2, 0x65, 0x22, 0xff, 0xb2, 0x55, 0x1b, 0xff, 0xa1, 0x4b, 0x18, 0xff, 
0x99, 0x47, 0x17, 0xff, 0x99, 0x47, 0x17, 0xff, 0x9c, 0x49, 0x18, 0xff, 0x9f, 0x4a, 0x18, 0xff, 
0xb7, 0x5d, 0x1f, 0xff, 0xc7, 0x6a, 0x23, 0xff, 0x99, 0x45, 0x16, 0xff, 0x8d, 0x3e, 0x13, 0xff, 
0x96, 0x45, 0x16, 0xff, 0x92, 0x42, 0x15, 0xff, 0x94, 0x43, 0x15, 0xff, 0xa5, 0x4f, 0x19, 0xff, 
0xae, 0x55, 0x1c, 0xff, 0xb9, 0x5a, 0x1d, 0xff, 0xa6, 0x4d, 0x19, 0xff, 0xa1, 0x4b, 0x18, 0xff, 
0xa1, 0x4c, 0x18, 0xff, 0xa1, 0x4b, 0x19, 0xff, 0xbc, 0x5f, 0x1f, 0xff, 0xbd, 0x5f, 0x1f, 0xff, 
0xc2, 0x6b, 0x24, 0xff, 0xcd, 0x77, 0x2a, 0xff, 0xe2, 0x94, 0x37, 0xff, 0xc7, 0x6c, 0x24, 0xff, 
0xb7, 0x5b, 0x1d, 0xff, 0xac, 0x53, 0x1b, 0xff, 0xb5, 0x5a, 0x1d, 0xff, 0xc5, 0x67, 0x22, 0xff, 
0xcb, 0x6f, 0x24, 0xff, 0xcf, 0x77, 0x29, 0xff, 0xcd, 0x74, 0x27, 0xff, 0xc4, 0x69, 0x22, 0xff, 
0xc3, 0x67, 0x21, 0xff, 0xc9, 0x6e, 0x25, 0xff, 0xcc, 0x71, 0x26, 0xff, 0xc7, 0x6c, 0x23, 0xff, 
0xbf, 0x62, 0x20, 0xff, 0xb7, 0x59, 0x1c, 0xff, 0xc5, 0x6d, 0x24, 0xff, 0xd7, 0x7e, 0x2b, 0xff, 
0xc7, 0x6b, 0x23, 0xff, 0x99, 0x46, 0x17, 0xff, 0x8a, 0x3c, 0x14, 0xff, 0x86, 0x3b, 0x13, 0xff, 
0x85, 0x3c, 0x14, 0xff, 0xaf, 0x56, 0x1c, 0xff, 0xc2, 0x61, 0x1f, 0xff, 0xb3, 0x58, 0x1d, 0xff, 
0xae, 0x54, 0x1b, 0xff, 0xbd, 0x5f, 0x1f, 0xff, 0xc5, 0x68, 0x22, 0xff, 0xce, 0x73, 0x26, 0xff, 
0xd2, 0x7a, 0x2a, 0xff, 0xb3, 0x5f, 0x20, 0xff, 0x99, 0x47, 0x18, 0xff, 0xb8, 0x5f, 0x1f, 0xff, 
0xc8, 0x6a, 0x23, 0xff, 0xc9, 0x6c, 0x24, 0xff, 0xa2, 0x4f, 0x1a, 0xff, 0x8c, 0x3f, 0x15, 0xff, 
0x9c, 0x4a, 0x18, 0xff, 0xad, 0x55, 0x1b, 0xff, 0x9b, 0x49, 0x18, 0xff, 0x89, 0x3c, 0x14, 0xff, 
0x98, 0x44, 0x16, 0xff, 0x98, 0x47, 0x17, 0xff, 0x92, 0x43, 0x17, 0xff, 0x95, 0x44, 0x16, 0xff, 
0x96, 0x46, 0x16, 0xff, 0x8f, 0x41, 0x14, 0xff, 0x95, 0x44, 0x15, 0xff, 0x9d, 0x4a, 0x17, 0xff, 
0x92, 0x43, 0x15, 0xff, 0x90, 0x42, 0x15, 0xff, 0x99, 0x48, 0x17, 0xff, 0x99, 0x47, 0x17, 0xff, 
0x9d, 0x49, 0x17, 0xff, 0x95, 0x44, 0x16, 0xff, 0xac, 0x53, 0x1b, 0xff, 0xc1, 0x66, 0x21, 0xff, 
0xbd, 0x61, 0x20, 0xff, 0xd0, 0x75, 0x28, 0xff, 0xd7, 0x80, 0x2d, 0xff, 0xdd, 0x8e, 0x35, 0xff, 
0xce, 0x76, 0x29, 0xff, 0xa4, 0x4e, 0x19, 0xff, 0xa9, 0x52, 0x1b, 0xff, 0xc1, 0x66, 0x21, 0xff, 
0xa4, 0x4d, 0x19, 0xff, 0x98, 0x45, 0x17, 0xff, 0xab, 0x52, 0x1a, 0xff, 0xbc, 0x5e, 0x1e, 0xff, 
0xb9, 0x5c, 0x1d, 0xff, 0xc3, 0x67, 0x21, 0xff, 0xc0, 0x64, 0x21, 0xff, 0xc0, 0x62, 0x1f, 0xff, 
0xc1, 0x64, 0x20, 0xff, 0xc4, 0x68, 0x22, 0xff, 0xc8, 0x6c, 0x23, 0xff, 0xba, 0x5f, 0x1f, 0xff, 
0xb3, 0x56, 0x1c, 0xff, 0xbd, 0x5f, 0x1f, 0xff, 0xb0, 0x57, 0x1d, 0xff, 0x99, 0x47, 0x17, 0xff, 
0x9f, 0x4b, 0x18, 0xff, 0xa9, 0x50, 0x1a, 0xff, 0xa7, 0x4e, 0x19, 0xff, 0xa4, 0x4c, 0x19, 0xff, 
0xab, 0x51, 0x1b, 0xff, 0x98, 0x46, 0x16, 0xff, 0x9b, 0x49, 0x18, 0xff, 0xb8, 0x5c, 0x1e, 0xff, 
0xa9, 0x50, 0x19, 0xff, 0x95, 0x44, 0x16, 0xff, 0x98, 0x46, 0x17, 0xff, 0xb4, 0x58, 0x1c, 0xff, 
0xb8, 0x5a, 0x1d, 0xff, 0xbc, 0x5d, 0x1f, 0xff, 0xc2, 0x63, 0x21, 0xff, 0xb9, 0x5c, 0x1e, 0xff, 
0xb4, 0x58, 0x1c, 0xff, 0xbd, 0x5f, 0x1f, 0xff, 0xb0, 0x56, 0x1c, 0xff, 0xa6, 0x4f, 0x1a, 0xff, 
0xb1, 0x56, 0x1c, 0xff, 0xb5, 0x58, 0x1c, 0xff, 0xb6, 0x59, 0x1d, 0xff, 0xba, 0x5d, 0x1f, 0xff, 
0xc0, 0x62, 0x20, 0xff, 0xc1, 0x64, 0x20, 0xff, 0xc4, 0x67, 0x21, 0xff, 0xc3, 0x66, 0x21, 0xff, 
0xbc, 0x5f, 0x1f, 0xff, 0xbc, 0x5f, 0x1f, 0xff, 0xbd, 0x5f, 0x1f, 0xff, 0xc7, 0x6a, 0x23, 0xff, 
0xc8, 0x6c, 0x23, 0xff, 0xc7, 0x6d, 0x24, 0xff, 0xc9, 0x6f, 0x25, 0xff, 0xc6, 0x6a, 0x23, 0xff, 
0xc0, 0x62, 0x20, 0xff, 0xbc, 0x5d, 0x1e, 0xff, 0xba, 0x5c, 0x1d, 0xff, 0xc3, 0x65, 0x21, 0xff, 
0xba, 0x5d, 0x1e, 0xff, 0xbb, 0x5f, 0x1f, 0xff, 0xc1, 0x63, 0x20, 0xff, 0xb9, 0x5a, 0x1d, 0xff, 
0xac, 0x4e, 0x18, 0xff, 0xba, 0x5d, 0x1e, 0xff, 0xe4, 0x9b, 0x3b, 0xff, 0xcc, 0x7a, 0x2c, 0xff, 
0xb3, 0x56, 0x1b, 0xff, 0xc4, 0x67, 0x22, 0xff, 0xc2, 0x64, 0x20, 0xff, 0xaf, 0x53, 0x1a, 0xff, 
0xa2, 0x48, 0x17, 0xff, 0xb9, 0x5b, 0x1c, 0xff, 0xc2, 0x65, 0x20, 0xff, 0xcd, 0x75, 0x27, 0xff, 
0xc0, 0x65, 0x22, 0xff, 0xb9, 0x5b, 0x1d, 0xff, 0xcc, 0x71, 0x25, 0xff, 0xc4, 0x67, 0x22, 0xff, 
0xc1, 0x63, 0x21, 0xff, 0xca, 0x6e, 0x24, 0xff, 0xcc, 0x72, 0x26, 0xff, 0xbc, 0x60, 0x1f, 0xff, 
0xb9, 0x5c, 0x1e, 0xff, 0xbd, 0x5e, 0x1e, 0xff, 0xbb, 0x5c, 0x1e, 0xff, 0xc2, 0x65, 0x20, 0xff, 
0xc4, 0x67, 0x21, 0xff, 0xc1, 0x62, 0x1f, 0xff, 0xce, 0x75, 0x27, 0xff, 0xcd, 0x76, 0x28, 0xff, 
0xc3, 0x65, 0x20, 0xff, 0xd0, 0x77, 0x28, 0xff, 0xcc, 0x74, 0x28, 0xff, 0xcb, 0x72, 0x26, 0xff, 
0xcc, 0x70, 0x24, 0xff, 0xc5, 0x69, 0x22, 0xff, 0xc7, 0x6c, 0x23, 0xff, 0xcc, 0x70, 0x25, 0xff, 
0xca, 0x6e, 0x24, 0xff, 0xc8, 0x6c, 0x23, 0xff, 0xc4, 0x67, 0x22, 0xff, 0xc3, 0x66, 0x21, 0xff, 
0xc7, 0x6c, 0x24, 0xff, 0xcb, 0x76, 0x28, 0xff, 0xbb, 0x64, 0x22, 0xff, 0xc1, 0x65, 0x21, 0xff, 
0xc0, 0x61, 0x20, 0xff, 0xc7, 0x6a, 0x23, 0xff, 0xcd, 0x73, 0x26, 0xff, 0xca, 0x71, 0x27, 0xff, 
0xcf, 0x7a, 0x2b, 0xff, 0xcf, 0x7a, 0x2a, 0xff, 0xc9, 0x6f, 0x25, 0xff, 0xcb, 0x71, 0x26, 0xff, 
0xcc, 0x71, 0x25, 0xff, 0xca, 0x6e, 0x24, 0xff, 0xcb, 0x70, 0x25, 0xff, 0xcb, 0x6f, 0x26, 0xff, 
0xca, 0x6f, 0x26, 0xff, 0xc5, 0x69, 0x23, 0xff, 0xc5, 0x67, 0x22, 0xff, 0xc8, 0x6c, 0x23, 0xff, 
0xbc, 0x60, 0x1f, 0xff, 0xbf, 0x62, 0x20, 0xff, 0xcf, 0x76, 0x27, 0xff, 0xc5, 0x6b, 0x24, 0xff, 
0xb5, 0x56, 0x1a, 0xff, 0xd5, 0x83, 0x2f, 0xff, 0xdf, 0x97, 0x3b, 0xff, 0xd9, 0x8e, 0x36, 0xff, 
0xdc, 0x91, 0x37, 0xff, 0xdb, 0x8f, 0x35, 0xff, 0xd1, 0x7c, 0x2c, 0xff, 0xcb, 0x70, 0x25, 0xff, 
0xd0, 0x78, 0x29, 0xff, 0xcf, 0x79, 0x2a, 0xff, 0xd0, 0x7c, 0x2c, 0xff, 0xdf, 0x96, 0x39, 0xff, 
0xdb, 0x8f, 0x36, 0xff, 0xe1, 0x99, 0x3b, 0xff, 0xd3, 0x86, 0x31, 0xff, 0xc5, 0x6c, 0x24, 0xff, 
0xa3, 0x4e, 0x19, 0xff, 0x7e, 0x34, 0x10, 0xff, 0x89, 0x3e, 0x14, 0xff, 0x7b, 0x37, 0x10, 0xff, 
0x69, 0x2a, 0x0d, 0xff, 0x91, 0x44, 0x16, 0xff, 0xb8, 0x5f, 0x1f, 0xff, 0xc8, 0x6e, 0x26, 0xff, 
0xcb, 0x72, 0x27, 0xff, 0xce, 0x76, 0x28, 0xff, 0xd0, 0x78, 0x28, 0xff, 0xd3, 0x7d, 0x2b, 0xff, 
0xd1, 0x7a, 0x2a, 0xff, 0xcb, 0x71, 0x26, 0xff, 0xca, 0x6d, 0x23, 0xff, 0xd8, 0x87, 0x30, 0xff, 
0xce, 0x78, 0x2a, 0xff, 0xc4, 0x6a, 0x24, 0xff, 0xba, 0x5d, 0x1e, 0xff, 0xc2, 0x66, 0x22, 0xff, 
0xca, 0x6f, 0x24, 0xff, 0xc5, 0x69, 0x22, 0xff, 0xc3, 0x66, 0x21, 0xff, 0xbd, 0x60, 0x1f, 0xff, 
0xba, 0x5e, 0x1f, 0xff, 0xb2, 0x59, 0x1d, 0xff, 0xa4, 0x4e, 0x19, 0xff, 0xa4, 0x4d, 0x19, 0xff, 
0xa4, 0x4d, 0x19, 0xff, 0xa3, 0x4e, 0x19, 0xff, 0xa1, 0x4c, 0x18, 0xff, 0xa4, 0x4d, 0x19, 0xff, 
0xbe, 0x62, 0x20, 0xff, 0xc0, 0x64, 0x21, 0xff, 0x99, 0x45, 0x16, 0xff, 0x90, 0x40, 0x14, 0xff, 
0x95, 0x44, 0x16, 0xff, 0x99, 0x46, 0x17, 0xff, 0x97, 0x44, 0x16, 0xff, 0x9f, 0x4d, 0x19, 0xff, 
0xb8, 0x5d, 0x1f, 0xff, 0xad, 0x52, 0x1a, 0xff, 0xbb, 0x5e, 0x1f, 0xff, 0xad, 0x55, 0x1c, 0xff, 
0xa0, 0x49, 0x17, 0xff, 0xb8, 0x59, 0x1d, 0xff, 0xc9, 0x6c, 0x24, 0xff, 0xcc, 0x77, 0x2a, 0xff, 
0xc8, 0x71, 0x26, 0xff, 0xd1, 0x79, 0x2a, 0xff, 0xc8, 0x76, 0x29, 0xff, 0x9a, 0x48, 0x18, 0xff, 
0xa9, 0x4f, 0x19, 0xff, 0xc8, 0x6b, 0x23, 0xff, 0xc7, 0x6d, 0x25, 0xff, 0xca, 0x6f, 0x26, 0xff, 
0xcc, 0x72, 0x26, 0xff, 0xcb, 0x6e, 0x24, 0xff, 0xce, 0x76, 0x28, 0xff, 0xd5, 0x83, 0x2f, 0xff, 
0xd3, 0x80, 0x2c, 0xff, 0xcd, 0x73, 0x26, 0xff, 0xcd, 0x71, 0x26, 0xff, 0xce, 0x75, 0x28, 0xff, 
0xc4, 0x64, 0x20, 0xff, 0xb8, 0x58, 0x1b, 0xff, 0xb2, 0x55, 0x1b, 0xff, 0xbc, 0x5e, 0x1e, 0xff, 
0xa1, 0x4d, 0x18, 0xff, 0x9f, 0x4e, 0x19, 0xff, 0xb1, 0x58, 0x1d, 0xff, 0xa6, 0x4f, 0x1a, 0xff, 
0x9c, 0x48, 0x18, 0xff, 0xa1, 0x4a, 0x18, 0xff, 0xa8, 0x50, 0x19, 0xff, 0x9c, 0x47, 0x17, 0xff, 
0xa7, 0x4e, 0x19, 0xff, 0xb6, 0x5c, 0x1e, 0xff, 0xb0, 0x57, 0x1d, 0xff, 0xb8, 0x59, 0x1d, 0xff, 
0xb9, 0x5c, 0x1e, 0xff, 0xb3, 0x5a, 0x1d, 0xff, 0xa0, 0x4c, 0x19, 0xff, 0x9e, 0x4b, 0x18, 0xff, 
0xc9, 0x72, 0x27, 0xff, 0xd4, 0x7c, 0x2a, 0xff, 0xbc, 0x61, 0x1f, 0xff, 0xb7, 0x5b, 0x1e, 0xff, 
0xb7, 0x5a, 0x1d, 0xff, 0xa0, 0x4a, 0x18, 0xff, 0xa3, 0x4f, 0x1a, 0xff, 0xa4, 0x52, 0x1b, 0xff, 
0x8e, 0x40, 0x14, 0xff, 0x84, 0x3c, 0x14, 0xff, 0x7e, 0x3a, 0x13, 0xff, 0x79, 0x38, 0x12, 0xff, 
0x83, 0x3d, 0x14, 0xff, 0x9c, 0x44, 0x14, 0xff, 0xba, 0x58, 0x1b, 0xff, 0xcb, 0x6f, 0x24, 0xff, 
0xc8, 0x6c, 0x24, 0xff, 0xae, 0x56, 0x1c, 0xff, 0x99, 0x46, 0x16, 0xff, 0x9b, 0x49, 0x18, 0xff, 
0x9b, 0x48, 0x17, 0xff, 0xa3, 0x4c, 0x18, 0xff, 0xb5, 0x57, 0x1c, 0xff, 0xb9, 0x5c, 0x1e, 0xff, 
0xc0, 0x63, 0x20, 0xff, 0xb0, 0x56, 0x1b, 0xff, 0xc6, 0x72, 0x28, 0xff, 0xdf, 0x92, 0x38, 0xff, 
0xc9, 0x70, 0x25, 0xff, 0xb7, 0x5d, 0x1e, 0xff, 0x9f, 0x48, 0x17, 0xff, 0xa4, 0x4e, 0x19, 0xff, 
0x9a, 0x48, 0x17, 0xff, 0xa0, 0x4d, 0x18, 0xff, 0xae, 0x54, 0x1b, 0xff, 0xaf, 0x54, 0x1c, 0xff, 
0xaf, 0x55, 0x1c, 0xff, 0xb2, 0x57, 0x1c, 0xff, 0xb8, 0x5b, 0x1d, 0xff, 0xb2, 0x56, 0x1c, 0xff, 
0xb4, 0x59, 0x1d, 0xff, 0xb6, 0x58, 0x1d, 0xff, 0xbb, 0x5f, 0x1e, 0xff, 0xcd, 0x74, 0x26, 0xff, 
0xb6, 0x5a, 0x1d, 0xff, 0xb5, 0x5a, 0x1d, 0xff, 0xb1, 0x55, 0x1b, 0xff, 0xb6, 0x59, 0x1d, 0xff, 
0xad, 0x54, 0x1c, 0xff, 0xad, 0x54, 0x1b, 0xff, 0xb2, 0x56, 0x1c, 0xff, 0xaf, 0x55, 0x1c, 0xff, 
0xaf, 0x53, 0x1b, 0xff, 0x99, 0x45, 0x17, 0xff, 0x9f, 0x4a, 0x18, 0xff, 0xa5, 0x4f, 0x19, 0xff, 
0xa0, 0x4b, 0x17, 0xff, 0xa0, 0x4b, 0x17, 0xff, 0xa2, 0x4c, 0x19, 0xff, 0xb8, 0x5b, 0x1e, 0xff, 
0xb4, 0x58, 0x1c, 0xff, 0xb1, 0x57, 0x1c, 0xff, 0xba, 0x5c, 0x1e, 0xff, 0xb9, 0x5b, 0x1e, 0xff, 
0xbd, 0x5f, 0x1f, 0xff, 0xc2, 0x63, 0x21, 0xff, 0xc0, 0x61, 0x1f, 0xff, 0xb4, 0x57, 0x1c, 0xff, 
0xa8, 0x4f, 0x1a, 0xff, 0xaf, 0x53, 0x1b, 0xff, 0xba, 0x5c, 0x1e, 0xff, 0xc3, 0x65, 0x20, 0xff, 
0xbf, 0x62, 0x20, 0xff, 0xc0, 0x60, 0x1f, 0xff, 0xc4, 0x67, 0x21, 0xff, 0xc6, 0x69, 0x22, 0xff, 
0xc1, 0x64, 0x20, 0xff, 0xbc, 0x5e, 0x1e, 0xff, 0xc3, 0x67, 0x22, 0xff, 0xcb, 0x6f, 0x25, 0xff, 
0xbf, 0x62, 0x20, 0xff, 0xc0, 0x62, 0x1e, 0xff, 0xc6, 0x67, 0x20, 0xff, 0xc1, 0x60, 0x1f, 0xff, 
0xbd, 0x5d, 0x1d, 0xff, 0xbf, 0x60, 0x1f, 0xff, 0xbd, 0x5f, 0x1e, 0xff, 0xb3, 0x54, 0x1b, 0xff, 
0xbb, 0x5b, 0x1d, 0xff, 0xb8, 0x5b, 0x1d, 0xff, 0xae, 0x54, 0x1b, 0xff, 0xb8, 0x5b, 0x1e, 0xff, 
0xb2, 0x52, 0x19, 0xff, 0xc3, 0x68, 0x22, 0xff, 0xe2, 0x9d, 0x3d, 0xff, 0xe2, 0x95, 0x38, 0xff, 
0xca, 0x6c, 0x23, 0xff, 0xab, 0x57, 0x1d, 0xff, 0xaf, 0x5a, 0x1d, 0xff, 0xc4, 0x66, 0x21, 0xff, 
0xbb, 0x5f, 0x1f, 0xff, 0xc5, 0x69, 0x23, 0xff, 0xc3, 0x68, 0x22, 0xff, 0xc5, 0x6a, 0x23, 0xff, 
0xc5, 0x68, 0x23, 0xff, 0xb8, 0x5b, 0x1e, 0xff, 0xb2, 0x56, 0x1b, 0xff, 0xc5, 0x6a, 0x24, 0xff, 
0xc3, 0x66, 0x22, 0xff, 0xbf, 0x61, 0x1f, 0xff, 0xb9, 0x5d, 0x1e, 0xff, 0xb7, 0x5b, 0x1e, 0xff, 
0xbc, 0x5c, 0x1e, 0xff, 0xb2, 0x56, 0x1b, 0xff, 0xad, 0x53, 0x1b, 0xff, 0xbd, 0x60, 0x1f, 0xff, 
0xc5, 0x69, 0x22, 0xff, 0xc8, 0x6c, 0x23, 0xff, 0xc9, 0x6b, 0x23, 0xff, 0xd1, 0x78, 0x29, 0xff, 
0xd3, 0x7f, 0x2d, 0xff, 0xd0, 0x7a, 0x2a, 0xff, 0xd1, 0x78, 0x28, 0xff, 0xcf, 0x75, 0x27, 0xff, 
0xd1, 0x7a, 0x29, 0xff, 0xce, 0x75, 0x28, 0xff, 0xcc, 0x71, 0x25, 0xff, 0xd4, 0x80, 0x2d, 0xff, 
0xd4, 0x7f, 0x2d, 0xff, 0xc7, 0x6c, 0x24, 0xff, 0xc9, 0x6d, 0x23, 0xff, 0xca, 0x71, 0x26, 0xff, 
0xd2, 0x81, 0x2f, 0xff, 0xcd, 0x78, 0x2a, 0xff, 0xc7, 0x69, 0x22, 0xff, 0xc8, 0x6b, 0x23, 0xff, 
0xc6, 0x6b, 0x24, 0xff, 0xcb, 0x70, 0x25, 0xff, 0xcc, 0x70, 0x25, 0xff, 0xcb, 0x6f, 0x26, 0xff, 
0xc4, 0x68, 0x22, 0xff, 0xc6, 0x67, 0x21, 0xff, 0xd6, 0x7f, 0x2c, 0xff, 0xd1, 0x7b, 0x2a, 0xff, 
0xc7, 0x6b, 0x23, 0xff, 0xc6, 0x69, 0x22, 0xff, 0xcc, 0x73, 0x27, 0xff, 0xcf, 0x78, 0x29, 0xff, 
0xd0, 0x79, 0x2a, 0xff, 0xcd, 0x74, 0x28, 0xff, 0xc9, 0x6d, 0x25, 0xff, 0xc5, 0x69, 0x22, 0xff, 
0xc1, 0x6a, 0x24, 0xff, 0xcc, 0x7a, 0x2b, 0xff, 0xd4, 0x81, 0x2e, 0xff, 0xd4, 0x7e, 0x2c, 0xff, 
0xcb, 0x72, 0x27, 0xff, 0xcb, 0x71, 0x25, 0xff, 0xd2, 0x7d, 0x2b, 0xff, 0xd0, 0x7d, 0x2d, 0xff, 
0xd0, 0x7a, 0x2b, 0xff, 0xcf, 0x77, 0x28, 0xff, 0xd3, 0x7f, 0x2d, 0xff, 0xd4, 0x82, 0x2f, 0xff, 
0xd7, 0x87, 0x31, 0xff, 0xde, 0x93, 0x37, 0xff, 0xe3, 0x9e, 0x3d, 0xff, 0xde, 0x94, 0x39, 0xff, 
0xdc, 0x91, 0x37, 0xff, 0xde, 0x97, 0x3a, 0xff, 0xd8, 0x8d, 0x35, 0xff, 0xe1, 0x96, 0x39, 0xff, 
0xcd, 0x7a, 0x2c, 0xff, 0x8e, 0x3f, 0x14, 0xff, 0x84, 0x3b, 0x12, 0xff, 0x95, 0x43, 0x14, 0xff, 
0x86, 0x3b, 0x12, 0xff, 0x8f, 0x42, 0x16, 0xff, 0x94, 0x42, 0x16, 0xff, 0xba, 0x62, 0x21, 0xff, 
0xd0, 0x74, 0x27, 0xff, 0xd1, 0x7b, 0x2b, 0xff, 0xd5, 0x81, 0x2e, 0xff, 0xca, 0x71, 0x26, 0xff, 
0xca, 0x71, 0x26, 0xff, 0xda, 0x89, 0x31, 0xff, 0xcb, 0x72, 0x27, 0xff, 0xcf, 0x7a, 0x2b, 0xff, 
0xc6, 0x6d, 0x26, 0xff, 0xba, 0x5e, 0x1e, 0xff, 0xc5, 0x69, 0x22, 0xff, 0xc2, 0x63, 0x20, 0xff, 
0xbe, 0x5f, 0x1d, 0xff, 0xc7, 0x69, 0x22, 0xff, 0xca, 0x6d, 0x25, 0xff, 0xa6, 0x4e, 0x19, 0xff, 
0xa0, 0x4a, 0x19, 0xff, 0x98, 0x46, 0x17, 0xff, 0x9f, 0x4b, 0x19, 0xff, 0xa3, 0x4d, 0x19, 0xff, 
0x86, 0x3d, 0x13, 0xff, 0x90, 0x43, 0x15, 0xff, 0xa2, 0x4b, 0x18, 0xff, 0xab, 0x52, 0x1a, 0xff, 
0xbe, 0x61, 0x1f, 0xff, 0xbb, 0x5e, 0x1f, 0xff, 0xa1, 0x4b, 0x18, 0xff, 0xa1, 0x4e, 0x1a, 0xff, 
0x99, 0x46, 0x17, 0xff, 0xa2, 0x4c, 0x19, 0xff, 0xa0, 0x4a, 0x19, 0xff, 0xa1, 0x4b, 0x18, 0xff, 
0x9b, 0x46, 0x17, 0xff, 0xaa, 0x52, 0x1a, 0xff, 0xc5, 0x69, 0x23, 0xff, 0xba, 0x60, 0x20, 0xff, 
0xbd, 0x5f, 0x1f, 0xff, 0xd1, 0x77, 0x28, 0xff, 0xca, 0x72, 0x27, 0xff, 0xc8, 0x6f, 0x26, 0xff, 
0xcc, 0x74, 0x28, 0xff, 0xc3, 0x67, 0x22, 0xff, 0x99, 0x42, 0x13, 0xff, 0x91, 0x3d, 0x14, 0xff, 
0xb6, 0x57, 0x1c, 0xff, 0xc3, 0x65, 0x21, 0xff, 0xc7, 0x6c, 0x24, 0xff, 0xcd, 0x74, 0x27, 0xff, 
0xd0, 0x78, 0x29, 0xff, 0xcb, 0x70, 0x25, 0xff, 0xd6, 0x82, 0x2f, 0xff, 0xdb, 0x8e, 0x34, 0xff, 
0xd7, 0x84, 0x2f, 0xff, 0xcd, 0x74, 0x27, 0xff, 0xd1, 0x7a, 0x2a, 0xff, 0xde, 0x92, 0x36, 0xff, 
0xdb, 0x8d, 0x34, 0xff, 0xd2, 0x80, 0x2d, 0xff, 0xc7, 0x6f, 0x25, 0xff, 0xc0, 0x63, 0x20, 0xff, 
0xbe, 0x60, 0x1f, 0xff, 0xc3, 0x65, 0x21, 0xff, 0xb1, 0x59, 0x1d, 0xff, 0xa5, 0x51, 0x1b, 0xff, 
0x9d, 0x4a, 0x18, 0xff, 0x94, 0x43, 0x16, 0xff, 0x96, 0x45, 0x16, 0xff, 0xaf, 0x58, 0x1d, 0xff, 
0xb3, 0x59, 0x1e, 0xff, 0xa6, 0x4e, 0x19, 0xff, 0xa9, 0x4f, 0x1a, 0xff, 0xb0, 0x54, 0x1c, 0xff, 
0xb9, 0x5b, 0x1e, 0xff, 0xb6, 0x59, 0x1d, 0xff, 0xaa, 0x50, 0x1a, 0xff, 0xa0, 0x47, 0x17, 0xff, 
0xa6, 0x4e, 0x1a, 0xff, 0xbc, 0x64, 0x22, 0xff, 0xb0, 0x57, 0x1c, 0xff, 0xb3, 0x58, 0x1d, 0xff, 
0xc2, 0x64, 0x20, 0xff, 0xb5, 0x57, 0x1c, 0xff, 0xae, 0x54, 0x1b, 0xff, 0xbc, 0x63, 0x22, 0xff, 
0xa4, 0x52, 0x1b, 0xff, 0x74, 0x34, 0x11, 0xff, 0x70, 0x34, 0x11, 0xff, 0x70, 0x33, 0x10, 0xff, 
0x79, 0x31, 0x0e, 0xff, 0xcd, 0x78, 0x2b, 0xff, 0xe3, 0x93, 0x38, 0xff, 0xcf, 0x74, 0x27, 0xff, 
0xd9, 0x80, 0x2b, 0xff, 0xcf, 0x71, 0x25, 0xff, 0xaf, 0x53, 0x1a, 0xff, 0x9c, 0x4a, 0x17, 0xff, 
0x98, 0x47, 0x18, 0xff, 0x99, 0x47, 0x17, 0xff, 0x9a, 0x48, 0x17, 0xff, 0xb4, 0x59, 0x1d, 0xff, 
0xa6, 0x51, 0x1b, 0xff, 0x8a, 0x3c, 0x13, 0xff, 0xa0, 0x4c, 0x19, 0xff, 0xb2, 0x5a, 0x1d, 0xff, 
0xa8, 0x4e, 0x19, 0xff, 0xb7, 0x5b, 0x1e, 0xff, 0xcc, 0x6f, 0x25, 0xff, 0xa1, 0x4c, 0x19, 0xff, 
0xa1, 0x4c, 0x18, 0xff, 0xbe, 0x64, 0x21, 0xff, 0x9c, 0x49, 0x18, 0xff, 0xa1, 0x4a, 0x19, 0xff, 
0xac, 0x53, 0x1b, 0xff, 0xaa, 0x51, 0x1a, 0xff, 0xab, 0x51, 0x1a, 0xff, 0xb2, 0x58, 0x1d, 0xff, 
0xa7, 0x4d, 0x19, 0xff, 0xb8, 0x5c, 0x1e, 0xff, 0xcc, 0x74, 0x27, 0xff, 0xbe, 0x66, 0x21, 0xff, 
0xad, 0x53, 0x1b, 0xff, 0xab, 0x51, 0x1a, 0xff, 0xaf, 0x54, 0x1b, 0xff, 0xbd, 0x60, 0x1f, 0xff, 
0xbd, 0x60, 0x1f, 0xff, 0xc8, 0x6a, 0x22, 0xff, 0xb8, 0x5d, 0x1e, 0xff, 0xa9, 0x4f, 0x1a, 0xff, 
0xae, 0x53, 0x1b, 0xff, 0xb3, 0x57, 0x1c, 0xff, 0xb0, 0x55, 0x1b, 0xff, 0xa0, 0x4a, 0x18, 0xff, 
0x9f, 0x4a, 0x18, 0xff, 0xa2, 0x4c, 0x18, 0xff, 0xaf, 0x53, 0x1b, 0xff, 0xb5, 0x58, 0x1c, 0xff, 
0xa8, 0x50, 0x19, 0xff, 0xab, 0x51, 0x1a, 0xff, 0xba, 0x5d, 0x1e, 0xff, 0xbb, 0x5e, 0x1e, 0xff, 
0xba, 0x5d, 0x1e, 0xff, 0xba, 0x5d, 0x1e, 0xff, 0xba, 0x5c, 0x1d, 0xff, 0xa9, 0x50, 0x19, 0xff, 
0x9e, 0x49, 0x18, 0xff, 0xae, 0x53, 0x1b, 0xff, 0xb3, 0x57, 0x1c, 0xff, 0xbf, 0x62, 0x1f, 0xff, 
0xc4, 0x65, 0x21, 0xff, 0xb2, 0x56, 0x1c, 0xff, 0xaf, 0x54, 0x1b, 0xff, 0xbf, 0x60, 0x1f, 0xff, 
0xc0, 0x63, 0x20, 0xff, 0xc3, 0x66, 0x21, 0xff, 0xc6, 0x6a, 0x23, 0xff, 0xbd, 0x5c, 0x1c, 0xff, 
0xc3, 0x66, 0x21, 0xff, 0xd2, 0x7f, 0x2e, 0xff, 0xd8, 0x89, 0x33, 0xff, 0xd8, 0x8a, 0x32, 0xff, 
0xd1, 0x7b, 0x2a, 0xff, 0xd3, 0x7c, 0x2b, 0xff, 0xd2, 0x7d, 0x2d, 0xff, 0xc5, 0x6c, 0x24, 0xff, 
0xcc, 0x74, 0x27, 0xff, 0xbf, 0x64, 0x22, 0xff, 0xb1, 0x53, 0x1a, 0xff, 0xcb, 0x75, 0x28, 0xff, 
0xd9, 0x8d, 0x35, 0xff, 0xe8, 0xa6, 0x42, 0xff, 0xe8, 0x9c, 0x3b, 0xff, 0xbb, 0x63, 0x21, 0xff, 
0x99, 0x45, 0x16, 0xff, 0x90, 0x3e, 0x14, 0xff, 0xa7, 0x4e, 0x19, 0xff, 0xc1, 0x62, 0x20, 0xff, 
0xbf, 0x61, 0x20, 0xff, 0xc5, 0x69, 0x23, 0xff, 0xcb, 0x6e, 0x25, 0xff, 0xb9, 0x5e, 0x1f, 0xff, 
0xa6, 0x50, 0x1a, 0xff, 0xac, 0x51, 0x1b, 0xff, 0xb8, 0x5a, 0x1c, 0xff, 0xc2, 0x66, 0x21, 0xff, 
0xc5, 0x6a, 0x24, 0xff, 0xc5, 0x69, 0x23, 0xff, 0xb0, 0x55, 0x1a, 0xff, 0xad, 0x52, 0x1a, 0xff, 
0xa9, 0x4f, 0x1a, 0xff, 0xb4, 0x5a, 0x1d, 0xff, 0xb0, 0x57, 0x1c, 0xff, 0xb4, 0x57, 0x1c, 0xff, 
0xc6, 0x68, 0x22, 0xff, 0xd2, 0x7c, 0x2b, 0xff, 0xd5, 0x81, 0x2d, 0xff, 0xd6, 0x84, 0x30, 0xff, 
0xe3, 0x97, 0x38, 0xff, 0xda, 0x86, 0x2f, 0xff, 0xcf, 0x76, 0x27, 0xff, 0xce, 0x71, 0x25, 0xff, 
0xd4, 0x80, 0x2d, 0xff, 0xd7, 0x88, 0x32, 0xff, 0xda, 0x8c, 0x34, 0xff, 0xdc, 0x91, 0x36, 0xff, 
0xd9, 0x8b, 0x33, 0xff, 0xd0, 0x79, 0x2a, 0xff, 0xcd, 0x74, 0x27, 0xff, 0xc7, 0x6b, 0x23, 0xff, 
0xcf, 0x78, 0x2a, 0xff, 0xcd, 0x74, 0x28, 0xff, 0xc8, 0x6c, 0x23, 0xff, 0xc7, 0x69, 0x21, 0xff, 
0xce, 0x77, 0x29, 0xff, 0xd9, 0x88, 0x31, 0xff, 0xda, 0x87, 0x31, 0xff, 0xd4, 0x7c, 0x2b, 0xff, 
0xce, 0x73, 0x26, 0xff, 0xd0, 0x78, 0x2a, 0xff, 0xcb, 0x70, 0x24, 0xff, 0xc9, 0x6c, 0x23, 0xff, 
0xc2, 0x65, 0x21, 0xff, 0xbf, 0x60, 0x1e, 0xff, 0xc3, 0x65, 0x21, 0xff, 0xc9, 0x6f, 0x25, 0xff, 
0xce, 0x76, 0x28, 0xff, 0xc9, 0x70, 0x26, 0xff, 0xc6, 0x6d, 0x25, 0xff, 0xcd, 0x74, 0x27, 0xff, 
0xd6, 0x83, 0x2f, 0xff, 0xd4, 0x81, 0x2e, 0xff, 0xd2, 0x7e, 0x2d, 0xff, 0xd7, 0x86, 0x30, 0xff, 
0xd2, 0x7d, 0x2c, 0xff, 0xd3, 0x7c, 0x2b, 0xff, 0xd7, 0x86, 0x30, 0xff, 0xd7, 0x87, 0x30, 0xff, 
0xcb, 0x70, 0x24, 0xff, 0xc8, 0x6a, 0x22, 0xff, 0xd2, 0x7c, 0x2b, 0xff, 0xdb, 0x8f, 0x36, 0xff, 
0xe4, 0xa4, 0x41, 0xff, 0xd7, 0x86, 0x30, 0xff, 0xd8, 0x89, 0x33, 0xff, 0xd9, 0x8b, 0x33, 0xff, 
0xde, 0x93, 0x37, 0xff, 0xe4, 0xa1, 0x3f, 0xff, 0xda, 0x8d, 0x34, 0xff, 0xd9, 0x8c, 0x34, 0xff, 
0xdb, 0x90, 0x37, 0xff, 0xcd, 0x7b, 0x2c, 0xff, 0xcd, 0x7b, 0x2b, 0xff, 0xdb, 0x88, 0x33, 0xff, 
0xc3, 0x68, 0x23, 0xff, 0x9a, 0x45, 0x15, 0xff, 0xa0, 0x50, 0x1b, 0xff, 0x99, 0x4a, 0x18, 0xff, 
0xb2, 0x56, 0x1c, 0xff, 0xc6, 0x6a, 0x23, 0xff, 0xc4, 0x68, 0x22, 0xff, 0xbf, 0x5f, 0x1e, 0xff, 
0xbc, 0x5c, 0x1d, 0xff, 0xc0, 0x64, 0x20, 0xff, 0xbb, 0x5d, 0x1d, 0xff, 0xc8, 0x6e, 0x25, 0xff, 
0xcc, 0x74, 0x28, 0xff, 0xc1, 0x65, 0x20, 0xff, 0xd0, 0x7a, 0x2a, 0xff, 0xc8, 0x6b, 0x23, 0xff, 
0xc1, 0x64, 0x20, 0xff, 0xc4, 0x66, 0x21, 0xff, 0xc9, 0x6c, 0x24, 0xff, 0xb2, 0x59, 0x1e, 0xff, 
0xa1, 0x4a, 0x18, 0xff, 0x9b, 0x48, 0x17, 0xff, 0x9f, 0x4d, 0x1a, 0xff, 0xa7, 0x51, 0x1a, 0xff, 
0x92, 0x43, 0x15, 0xff, 0x9b, 0x4a, 0x18, 0xff, 0xb1, 0x57, 0x1c, 0xff, 0xb5, 0x58, 0x1c, 0xff, 
0xbb, 0x5e, 0x1e, 0xff, 0xb9, 0x5c, 0x1e, 0xff, 0xac, 0x52, 0x1b, 0xff, 0xa8, 0x52, 0x1a, 0xff, 
0xa4, 0x4d, 0x19, 0xff, 0xae, 0x52, 0x1b, 0xff, 0xa3, 0x4c, 0x19, 0xff, 0x9d, 0x4a, 0x18, 0xff, 
0x95, 0x44, 0x16, 0xff, 0x94, 0x44, 0x16, 0xff, 0xa0, 0x4a, 0x18, 0xff, 0xab, 0x52, 0x1a, 0xff, 
0xb6, 0x5b, 0x1e, 0xff, 0xb2, 0x5d, 0x1f, 0xff, 0xb5, 0x5d, 0x1e, 0xff, 0xa1, 0x48, 0x16, 0xff, 
0xab, 0x50, 0x1a, 0xff, 0xb6, 0x58, 0x1c, 0xff, 0xaf, 0x52, 0x1a, 0xff, 0xb5, 0x56, 0x1b, 0xff, 
0xc2, 0x64, 0x20, 0xff, 0xcc, 0x73, 0x28, 0xff, 0xc9, 0x71, 0x26, 0xff, 0xc6, 0x69, 0x23, 0xff, 
0xc5, 0x68, 0x22, 0xff, 0xc9, 0x6e, 0x24, 0xff, 0xd1, 0x79, 0x2a, 0xff, 0xcd, 0x75, 0x28, 0xff, 
0xcc, 0x6f, 0x24, 0xff, 0xd5, 0x7f, 0x2d, 0xff, 0xe4, 0xa0, 0x3f, 0xff, 0xe3, 0xa0, 0x40, 0xff, 
0xe9, 0xac, 0x48, 0xff, 0xee, 0xb4, 0x4a, 0xff, 0xe9, 0xa5, 0x40, 0xff, 0xcc, 0x74, 0x29, 0xff, 
0x98, 0x43, 0x14, 0xff, 0x73, 0x2f, 0x0e, 0xff, 0x91, 0x46, 0x17, 0xff, 0x92, 0x47, 0x18, 0xff, 
0x7a, 0x37, 0x11, 0xff, 0x83, 0x3b, 0x13, 0xff, 0x97, 0x46, 0x16, 0xff, 0x98, 0x4a, 0x18, 0xff, 
0xa4, 0x51, 0x1b, 0xff, 0xc2, 0x63, 0x20, 0xff, 0xbc, 0x60, 0x20, 0xff, 0xba, 0x5e, 0x1e, 0xff, 
0xba, 0x5b, 0x1d, 0xff, 0xbd, 0x60, 0x1f, 0xff, 0xc4, 0x67, 0x22, 0xff, 0xca, 0x6d, 0x24, 0xff, 
0xba, 0x5e, 0x20, 0xff, 0xb1, 0x56, 0x1b, 0xff, 0xab, 0x50, 0x1a, 0xff, 0xb0, 0x53, 0x1a, 0xff, 
0xb5, 0x58, 0x1c, 0xff, 0xbb, 0x5d, 0x1e, 0xff, 0xb2, 0x57, 0x1c, 0xff, 0xaa, 0x52, 0x1a, 0xff, 
0xb8, 0x5b, 0x1e, 0xff, 0x98, 0x48, 0x18, 0xff, 0x6b, 0x31, 0x10, 0xff, 0x6b, 0x31, 0x0f, 0xff, 
0x7d, 0x2f, 0x0b, 0xff, 0xdc, 0x90, 0x38, 0xff, 0xeb, 0xab, 0x46, 0xff, 0xbe, 0x5e, 0x1e, 0xff, 
0xcf, 0x75, 0x27, 0xff, 0xcb, 0x6f, 0x25, 0xff, 0xb5, 0x56, 0x1c, 0xff, 0x9d, 0x47, 0x17, 0xff, 
0x88, 0x3e, 0x15, 0xff, 0x87, 0x3e, 0x14, 0xff, 0x8b, 0x3f, 0x15, 0xff, 0x99, 0x46, 0x16, 0xff, 
0x95, 0x44, 0x16, 0xff, 0x92, 0x43, 0x16, 0xff, 0x95, 0x43, 0x15, 0xff, 0x9c, 0x45, 0x16, 0xff, 
0xa1, 0x4b, 0x18, 0xff, 0xa0, 0x4c, 0x19, 0xff, 0xc6, 0x71, 0x27, 0xff, 0xc0, 0x69, 0x24, 0xff, 
0xb4, 0x5d, 0x1f, 0xff, 0xad, 0x55, 0x1c, 0xff, 0x96, 0x44, 0x16, 0xff, 0x97, 0x45, 0x16, 0xff, 
0x9f, 0x4a, 0x18, 0xff, 0xab, 0x51, 0x1a, 0xff, 0xa7, 0x4e, 0x19, 0xff, 0x9c, 0x48, 0x18, 0xff, 
0xb7, 0x5c, 0x1e, 0xff, 0xc9, 0x6e, 0x25, 0xff, 0xd3, 0x7e, 0x2c, 0xff, 0xa8, 0x51, 0x1a, 0xff, 
0xa0, 0x49, 0x18, 0xff, 0xa7, 0x4f, 0x1a, 0xff, 0xa5, 0x4f, 0x19, 0xff, 0xb5, 0x5a, 0x1d, 0xff, 
0xb6, 0x58, 0x1c, 0xff, 0xc1, 0x64, 0x20, 0xff, 0xc5, 0x68, 0x21, 0xff, 0xac, 0x51, 0x1b, 0xff, 
0xad, 0x52, 0x1b, 0xff, 0xc0, 0x61, 0x1f, 0xff, 0xc0, 0x61, 0x1f, 0xff, 0xaa, 0x51, 0x1a, 0xff, 
0xab, 0x51, 0x1b, 0xff, 0xb2, 0x56, 0x1c, 0xff, 0xb7, 0x59, 0x1c, 0xff, 0xa7, 0x4e, 0x19, 0xff, 
0x9f, 0x49, 0x17, 0xff, 0xb3, 0x57, 0x1c, 0xff, 0xbb, 0x5e, 0x1f, 0xff, 0xbd, 0x60, 0x1f, 0xff, 
0xb7, 0x5b, 0x1d, 0xff, 0xb1, 0x55, 0x1c, 0xff, 0xb4, 0x57, 0x1b, 0xff, 0xaa, 0x50, 0x1a, 0xff, 
0xae, 0x54, 0x1c, 0xff, 0xb5, 0x58, 0x1d, 0xff, 0xb2, 0x55, 0x1c, 0xff, 0xc1, 0x63, 0x20, 0xff, 
0xbd, 0x61, 0x20, 0xff, 0x9b, 0x47, 0x17, 0xff, 0x9e, 0x49, 0x17, 0xff, 0xaf, 0x53, 0x1b, 0xff, 
0xbf, 0x62, 0x20, 0xff, 0xc2, 0x65, 0x21, 0xff, 0xbd, 0x5c, 0x1b, 0xff, 0xca, 0x6f, 0x25, 0xff, 
0xe2, 0x9d, 0x3e, 0xff, 0xe7, 0xa7, 0x44, 0xff, 0xde, 0x95, 0x3a, 0xff, 0xe3, 0xa0, 0x3f, 0xff, 
0xe7, 0xa8, 0x44, 0xff, 0xe5, 0xa3, 0x41, 0xff, 0xe8, 0xa7, 0x43, 0xff, 0xe7, 0xa3, 0x41, 0xff, 
0xdf, 0x98, 0x3a, 0xff, 0xd2, 0x7f, 0x2d, 0xff, 0xca, 0x70, 0x24, 0xff, 0xdb, 0x8f, 0x35, 0xff, 
0xef, 0xb2, 0x48, 0xff, 0xde, 0x93, 0x37, 0xff, 0xb4, 0x5d, 0x1f, 0xff, 0x8d, 0x38, 0x10, 0xff, 
0x8e, 0x3f, 0x16, 0xff, 0xa4, 0x4d, 0x1a, 0xff, 0xb4, 0x57, 0x1c, 0xff, 0xba, 0x5c, 0x1e, 0xff, 
0xbe, 0x61, 0x1f, 0xff, 0xb8, 0x5c, 0x1e, 0xff, 0xc3, 0x68, 0x22, 0xff, 0xba, 0x5f, 0x1e, 0xff, 
0xaa, 0x52, 0x1b, 0xff, 0xab, 0x52, 0x1b, 0xff, 0xb0, 0x54, 0x1b, 0xff, 0xb7, 0x57, 0x1c, 0xff, 
0xc9, 0x6d, 0x24, 0xff, 0xcd, 0x72, 0x26, 0xff, 0xbe, 0x60, 0x1f, 0xff, 0xa9, 0x4f, 0x19, 0xff, 
0xb0, 0x59, 0x1e, 0xff, 0xbe, 0x63, 0x20, 0xff, 0xc5, 0x67, 0x21, 0xff, 0xc4, 0x67, 0x22, 0xff, 
0xc6, 0x69, 0x23, 0xff, 0xd1, 0x7a, 0x2a, 0xff, 0xdb, 0x8c, 0x34, 0xff, 0xdd, 0x8f, 0x34, 0xff, 
0xbf, 0x6c, 0x25, 0xff, 0xc2, 0x6a, 0x25, 0xff, 0xcf, 0x74, 0x27, 0xff, 0xc9, 0x6d, 0x23, 0xff, 
0xd1, 0x79, 0x29, 0xff, 0xdd, 0x92, 0x37, 0xff, 0xd9, 0x8b, 0x33, 0xff, 0xdf, 0x98, 0x3a, 0xff, 
0xda, 0x8c, 0x34, 0xff, 0xd0, 0x78, 0x29, 0xff, 0xd0, 0x7a, 0x2a, 0xff, 0xc8, 0x6e, 0x25, 0xff, 
0xce, 0x77, 0x29, 0xff, 0xd0, 0x78, 0x29, 0xff, 0xca, 0x6e, 0x25, 0xff, 0xcc, 0x71, 0x25, 0xff, 
0xd1, 0x77, 0x29, 0xff, 0xd6, 0x81, 0x2e, 0xff, 0xda, 0x8c, 0x33, 0xff, 0xda, 0x8c, 0x33, 0xff, 
0xd6, 0x85, 0x30, 0xff, 0xd5, 0x83, 0x2f, 0xff, 0xcd, 0x78, 0x2a, 0xff, 0xc9, 0x6d, 0x25, 0xff, 
0xc5, 0x68, 0x22, 0xff, 0xc2, 0x64, 0x20, 0xff, 0xbf, 0x5f, 0x1d, 0xff, 0xc1, 0x62, 0x1f, 0xff, 
0xc6, 0x68, 0x23, 0xff, 0xca, 0x6f, 0x26, 0xff, 0xcf, 0x79, 0x2a, 0xff, 0xcf, 0x78, 0x2a, 0xff, 
0xcc, 0x72, 0x27, 0xff, 0xc6, 0x68, 0x21, 0xff, 0xcb, 0x71, 0x26, 0xff, 0xcd, 0x77, 0x29, 0xff, 
0xca, 0x6f, 0x24, 0xff, 0xcf, 0x76, 0x28, 0xff, 0xd7, 0x84, 0x30, 0xff, 0xd8, 0x85, 0x30, 0xff, 
0xce, 0x74, 0x27, 0xff, 0xcc, 0x71, 0x24, 0xff, 0xca, 0x6f, 0x24, 0xff, 0xd6, 0x83, 0x2f, 0xff, 
0xdc, 0x90, 0x35, 0xff, 0xd7, 0x87, 0x31, 0xff, 0xd3, 0x7f, 0x2c, 0xff, 0xd0, 0x78, 0x29, 0xff, 
0xd0, 0x7a, 0x2a, 0xff, 0xd3, 0x7b, 0x29, 0xff, 0xc3, 0x6a, 0x24, 0xff, 0xbe, 0x66, 0x22, 0xff, 
0xc9, 0x6f, 0x25, 0xff, 0xb1, 0x59, 0x1d, 0xff, 0xc3, 0x6d, 0x27, 0xff, 0xe7, 0x99, 0x39, 0xff, 
0xca, 0x71, 0x26, 0xff, 0x85, 0x36, 0x10, 0xff, 0x95, 0x47, 0x17, 0xff, 0xb3, 0x56, 0x1b, 0xff, 
0xbd, 0x61, 0x1f, 0xff, 0xc8, 0x6c, 0x23, 0xff, 0xc6, 0x6b, 0x23, 0xff, 0xcf, 0x79, 0x2a, 0xff, 
0xc5, 0x6e, 0x27, 0xff, 0xb5, 0x59, 0x1e, 0xff, 0xc2, 0x6a, 0x24, 0xff, 0xc8, 0x6f, 0x25, 0xff, 
0xc8, 0x6a, 0x23, 0xff, 0xcb, 0x73, 0x27, 0xff, 0xd2, 0x7e, 0x2d, 0xff, 0xd5, 0x82, 0x2e, 0xff, 
0xdb, 0x8e, 0x35, 0xff, 0xdd, 0x93, 0x37, 0xff, 0xd2, 0x7b, 0x2c, 0xff, 0xbe, 0x60, 0x1f, 0xff, 
0xb6, 0x5b, 0x1e, 0xff, 0xb4, 0x59, 0x1c, 0xff, 0xb0, 0x57, 0x1d, 0xff, 0xa6, 0x50, 0x1a, 0xff, 
0x92, 0x42, 0x15, 0xff, 0x9d, 0x49, 0x18, 0xff, 0xd5, 0x7a, 0x29, 0xff, 0xb4, 0x5d, 0x20, 0xff, 
0x96, 0x41, 0x14, 0xff, 0x9c, 0x44, 0x15, 0xff, 0xa6, 0x4c, 0x19, 0xff, 0xa8, 0x4f, 0x1a, 0xff, 
0xb3, 0x58, 0x1c, 0xff, 0xaf, 0x54, 0x1b, 0xff, 0xa6, 0x4e, 0x19, 0xff, 0x9a, 0x47, 0x17, 0xff, 
0x96, 0x45, 0x16, 0xff, 0x92, 0x42, 0x15, 0xff, 0x92, 0x42, 0x15, 0xff, 0xa3, 0x4d, 0x19, 0xff, 
0xa1, 0x4a, 0x18, 0xff, 0x98, 0x42, 0x15, 0xff, 0xa2, 0x4b, 0x18, 0xff, 0xa1, 0x4a, 0x18, 0xff, 
0xa5, 0x4b, 0x18, 0xff, 0xc7, 0x6d, 0x25, 0xff, 0xd7, 0x84, 0x30, 0xff, 0xcb, 0x70, 0x25, 0xff, 
0xce, 0x76, 0x28, 0xff, 0xd4, 0x7e, 0x2c, 0xff, 0xcb, 0x6e, 0x24, 0xff, 0xbd, 0x5c, 0x1c, 0xff, 
0xbc, 0x5d, 0x1d, 0xff, 0xd1, 0x7a, 0x2a, 0xff, 0xd8, 0x89, 0x33, 0xff, 0xca, 0x6d, 0x24, 0xff, 
0xd0, 0x77, 0x29, 0xff, 0xda, 0x8d, 0x35, 0xff, 0xd9, 0x8f, 0x37, 0xff, 0xe7, 0xa9, 0x46, 0xff, 
0xe7, 0xaa, 0x48, 0xff, 0xee, 0xbc, 0x52, 0xff, 0xfe, 0xcb, 0x57, 0xff, 0xde, 0x8d, 0x34, 0xff, 
0x86, 0x37, 0x0f, 0xff, 0x8c, 0x41, 0x15, 0xff, 0xaf, 0x58, 0x1d, 0xff, 0x88, 0x40, 0x15, 0xff, 
0x6f, 0x32, 0x0e, 0xff, 0x7f, 0x3b, 0x12, 0xff, 0x8c, 0x40, 0x15, 0xff, 0x95, 0x44, 0x16, 0xff, 
0xb3, 0x5b, 0x1d, 0xff, 0xba, 0x5d, 0x1f, 0xff, 0xa9, 0x50, 0x1a, 0xff, 0xb8, 0x5c, 0x1e, 0xff, 
0xc8, 0x6b, 0x24, 0xff, 0xc8, 0x6d, 0x24, 0xff, 0xc5, 0x6a, 0x23, 0xff, 0xc0, 0x65, 0x22, 0xff, 
0xc8, 0x70, 0x26, 0xff, 0xc8, 0x6d, 0x25, 0xff, 0xc2, 0x64, 0x20, 0xff, 0xc2, 0x63, 0x1f, 0xff, 
0xbf, 0x61, 0x1f, 0xff, 0xc4, 0x67, 0x22, 0xff, 0xc3, 0x67, 0x22, 0xff, 0xc4, 0x64, 0x20, 0xff, 
0x9e, 0x4c, 0x18, 0xff, 0x82, 0x39, 0x12, 0xff, 0x97, 0x47, 0x17, 0xff, 0x76, 0x37, 0x12, 0xff, 
0x64, 0x2c, 0x0e, 0xff, 0x98, 0x49, 0x18, 0xff, 0xcf, 0x6d, 0x24, 0xff, 0xca, 0x69, 0x21, 0xff, 
0xd3, 0x77, 0x28, 0xff, 0xc3, 0x67, 0x22, 0xff, 0xb8, 0x5a, 0x1d, 0xff, 0xb4, 0x59, 0x1d, 0xff, 
0x87, 0x3c, 0x13, 0xff, 0x8c, 0x40, 0x15, 0xff, 0x9b, 0x46, 0x16, 0xff, 0x97, 0x46, 0x16, 0xff, 
0x9e, 0x4a, 0x18, 0xff, 0x9a, 0x47, 0x17, 0xff, 0x8d, 0x41, 0x15, 0xff, 0x88, 0x3e, 0x15, 0xff, 
0x92, 0x43, 0x16, 0xff, 0x96, 0x45, 0x17, 0xff, 0x9e, 0x4a, 0x18, 0xff, 0xbe, 0x64, 0x21, 0xff, 
0xc7, 0x6d, 0x24, 0xff, 0xbd, 0x60, 0x1f, 0xff, 0xbc, 0x5e, 0x1f, 0xff, 0xa3, 0x4e, 0x1a, 0xff, 
0x82, 0x3a, 0x13, 0xff, 0x8b, 0x40, 0x14, 0xff, 0x9b, 0x48, 0x18, 0xff, 0xa2, 0x4a, 0x18, 0xff, 
0xc9, 0x6f, 0x26, 0xff, 0xbf, 0x63, 0x20, 0xff, 0xc2, 0x67, 0x21, 0xff, 0xc1, 0x67, 0x22, 0xff, 
0xba, 0x5d, 0x1e, 0xff, 0xaa, 0x51, 0x1b, 0xff, 0xa8, 0x4f, 0x19, 0xff, 0xaa, 0x51, 0x1a, 0xff, 
0xa7, 0x4e, 0x19, 0xff, 0xa8, 0x4f, 0x19, 0xff, 0xad, 0x54, 0x1b, 0xff, 0xa9, 0x50, 0x1a, 0xff, 
0xaa, 0x50, 0x1a, 0xff, 0xbc, 0x5e, 0x1e, 0xff, 0xc4, 0x66, 0x21, 0xff, 0xc7, 0x6b, 0x24, 0xff, 
0xbd, 0x63, 0x21, 0xff, 0xad, 0x50, 0x1a, 0xff, 0xb6, 0x59, 0x1c, 0xff, 0xb9, 0x5d, 0x1e, 0xff, 
0xb7, 0x5c, 0x1e, 0xff, 0xbe, 0x5f, 0x1f, 0xff, 0xc1, 0x60, 0x1e, 0xff, 0xc2, 0x63, 0x1f, 0xff, 
0xbb, 0x5e, 0x1f, 0xff, 0xb5, 0x59, 0x1c, 0xff, 0xba, 0x5c, 0x1e, 0xff, 0xbe, 0x60, 0x1f, 0xff, 
0xb9, 0x5b, 0x1d, 0xff, 0xb2, 0x55, 0x1b, 0xff, 0xbd, 0x5e, 0x1f, 0xff, 0xcf, 0x72, 0x25, 0xff, 
0xb6, 0x5d, 0x1e, 0xff, 0x91, 0x3f, 0x15, 0xff, 0x8d, 0x3d, 0x14, 0xff, 0xaa, 0x51, 0x1a, 0xff, 
0xcc, 0x6e, 0x25, 0xff, 0xc3, 0x65, 0x21, 0xff, 0xc8, 0x70, 0x25, 0xff, 0xe8, 0xa8, 0x44, 0xff, 
0xe9, 0xac, 0x47, 0xff, 0xdf, 0x96, 0x39, 0xff, 0xdf, 0x96, 0x3a, 0xff, 0xde, 0x95, 0x39, 0xff, 
0xe0, 0x98, 0x3b, 0xff, 0xe3, 0xa0, 0x40, 0xff, 0xe0, 0x9b, 0x3d, 0xff, 0xe9, 0xad, 0x48, 0xff, 
0xe2, 0x9e, 0x40, 0xff, 0xcc, 0x78, 0x2b, 0xff, 0xd4, 0x81, 0x2d, 0xff, 0xe6, 0xa1, 0x3e, 0xff, 
0xdd, 0x8f, 0x35, 0xff, 0xab, 0x4b, 0x16, 0xff, 0x92, 0x3d, 0x12, 0xff, 0x92, 0x43, 0x16, 0xff, 
0x9b, 0x48, 0x18, 0xff, 0xaa, 0x50, 0x1a, 0xff, 0xb5, 0x58, 0x1c, 0xff, 0xbb, 0x5d, 0x1e, 0xff, 
0xb8, 0x5a, 0x1d, 0xff, 0xaf, 0x54, 0x1b, 0xff, 0xae, 0x54, 0x1b, 0xff, 0xb4, 0x58, 0x1d, 0xff, 
0xb4, 0x57, 0x1d, 0xff, 0xac, 0x52, 0x1a, 0xff, 0xa8, 0x4f, 0x1a, 0xff, 0xa6, 0x4d, 0x19, 0xff, 
0xb0, 0x54, 0x1c, 0xff, 0xc1, 0x62, 0x20, 0xff, 0xc4, 0x67, 0x22, 0xff, 0xb2, 0x57, 0x1c, 0xff, 
0xc4, 0x65, 0x21, 0xff, 0xc7, 0x69, 0x22, 0xff, 0xbc, 0x5e, 0x1e, 0xff, 0xc0, 0x62, 0x1f, 0xff, 
0xb6, 0x5a, 0x1d, 0xff, 0xc1, 0x62, 0x1f, 0xff, 0xd7, 0x7f, 0x2c, 0xff, 0xd5, 0x7d, 0x2b, 0xff, 
0xb7, 0x5a, 0x1c, 0xff, 0xb2, 0x55, 0x1b, 0xff, 0xc3, 0x66, 0x21, 0xff, 0xcb, 0x70, 0x25, 0xff, 
0xce, 0x73, 0x27, 0xff, 0xd9, 0x85, 0x2f, 0xff, 0xda, 0x8a, 0x32, 0xff, 0xd6, 0x87, 0x31, 0xff, 
0xd5, 0x83, 0x2e, 0xff, 0xcf, 0x75, 0x27, 0xff, 0xcc, 0x71, 0x26, 0xff, 0xce, 0x75, 0x29, 0xff, 
0xd1, 0x7a, 0x2a, 0xff, 0xce, 0x76, 0x27, 0xff, 0xcd, 0x72, 0x26, 0xff, 0xcd, 0x73, 0x27, 0xff, 
0xcc, 0x74, 0x28, 0xff, 0xce, 0x78, 0x2a, 0xff, 0xcb, 0x72, 0x27, 0xff, 0xca, 0x72, 0x28, 0xff, 
0xce, 0x76, 0x29, 0xff, 0xd1, 0x7c, 0x2b, 0xff, 0xd9, 0x8b, 0x33, 0xff, 0xcc, 0x75, 0x28, 0xff, 
0xc8, 0x6e, 0x25, 0xff, 0xda, 0x8a, 0x33, 0xff, 0xd8, 0x87, 0x30, 0xff, 0xc9, 0x6d, 0x24, 0xff, 
0xc7, 0x69, 0x22, 0xff, 0xca, 0x6e, 0x24, 0xff, 0xc0, 0x63, 0x21, 0xff, 0xbc, 0x5c, 0x1d, 0xff, 
0xc9, 0x70, 0x25, 0xff, 0xcc, 0x74, 0x27, 0xff, 0xbf, 0x61, 0x1f, 0xff, 0xc0, 0x61, 0x1f, 0xff, 
0xc9, 0x6c, 0x24, 0xff, 0xce, 0x75, 0x27, 0xff, 0xd7, 0x83, 0x2f, 0xff, 0xd9, 0x88, 0x31, 0xff, 
0xd0, 0x78, 0x2a, 0xff, 0xc8, 0x6e, 0x24, 0xff, 0xc9, 0x6d, 0x24, 0xff, 0xca, 0x6f, 0x25, 0xff, 
0xc4, 0x64, 0x1f, 0xff, 0xd1, 0x7c, 0x2c, 0xff, 0xe1, 0x9b, 0x3b, 0xff, 0xd1, 0x7c, 0x2c, 0xff, 
0xc1, 0x63, 0x1f, 0xff, 0xc2, 0x64, 0x20, 0xff, 0xc3, 0x67, 0x22, 0xff, 0xcc, 0x70, 0x25, 0xff, 
0xcb, 0x6b, 0x23, 0xff, 0xa8, 0x4b, 0x17, 0xff, 0xb4, 0x5b, 0x1e, 0xff, 0xd5, 0x7d, 0x2c, 0xff, 
0xbd, 0x62, 0x20, 0xff, 0xa6, 0x4a, 0x16, 0xff, 0xac, 0x50, 0x19, 0xff, 0xc1, 0x62, 0x20, 0xff, 
0xc0, 0x61, 0x20, 0xff, 0xbe, 0x60, 0x1e, 0xff, 0xc5, 0x67, 0x22, 0xff, 0xca, 0x70, 0x25, 0xff, 
0xda, 0x8d, 0x34, 0xff, 0xd0, 0x7d, 0x2d, 0xff, 0xd8, 0x89, 0x33, 0xff, 0xd9, 0x8b, 0x34, 0xff, 
0xca, 0x70, 0x26, 0xff, 0xd0, 0x79, 0x2a, 0xff, 0xcf, 0x77, 0x28, 0xff, 0xcf, 0x78, 0x29, 0xff, 
0xd4, 0x81, 0x2d, 0xff, 0xdc, 0x8e, 0x35, 0xff, 0xde, 0x94, 0x39, 0xff, 0xd4, 0x81, 0x2d, 0xff, 
0xd1, 0x77, 0x28, 0xff, 0xcd, 0x71, 0x26, 0xff, 0xb3, 0x56, 0x1b, 0xff, 0x9a, 0x45, 0x16, 0xff, 
0x9e, 0x49, 0x18, 0xff, 0xbb, 0x60, 0x20, 0xff, 0xc6, 0x6b, 0x24, 0xff, 0xb6, 0x5b, 0x1e, 0xff, 
0xb0, 0x58, 0x1d, 0xff, 0xbd, 0x67, 0x24, 0xff, 0xb9, 0x5c, 0x1e, 0xff, 0xbc, 0x5d, 0x1e, 0xff, 
0xae, 0x54, 0x1b, 0xff, 0xb3, 0x59, 0x1d, 0xff, 0xbb, 0x5d, 0x1e, 0xff, 0xac, 0x51, 0x1a, 0xff, 
0x9b, 0x48, 0x18, 0xff, 0x96, 0x45, 0x16, 0xff, 0xa7, 0x50, 0x1a, 0xff, 0xb1, 0x57, 0x1c, 0xff, 
0xb2, 0x57, 0x1c, 0xff, 0xba, 0x5e, 0x1f, 0xff, 0xbe, 0x63, 0x21, 0xff, 0xc1, 0x65, 0x22, 0xff, 
0xc0, 0x63, 0x20, 0xff, 0xcc, 0x74, 0x27, 0xff, 0xe3, 0x9d, 0x3d, 0xff, 0xe1, 0x9b, 0x3d, 0xff, 
0xe0, 0x99, 0x3c, 0xff, 0xe7, 0xa8, 0x45, 0xff, 0xdc, 0x8f, 0x37, 0xff, 0xc4, 0x68, 0x22, 0xff, 
0xc1, 0x61, 0x1e, 0xff, 0xd0, 0x76, 0x27, 0xff, 0xdd, 0x8f, 0x35, 0xff, 0xe1, 0x9a, 0x3b, 0xff, 
0xe7, 0xa7, 0x44, 0xff, 0xe6, 0xa9, 0x46, 0xff, 0xdc, 0x97, 0x3c, 0xff, 0xe9, 0xaf, 0x49, 0xff, 
0xe4, 0xa2, 0x42, 0xff, 0xe1, 0x98, 0x3b, 0xff, 0xd3, 0x7f, 0x2d, 0xff, 0x96, 0x44, 0x15, 0xff, 
0x9d, 0x49, 0x17, 0xff, 0xe4, 0x8e, 0x33, 0xff, 0xd0, 0x7b, 0x2c, 0xff, 0xa7, 0x4e, 0x19, 0xff, 
0x93, 0x41, 0x14, 0xff, 0x82, 0x3b, 0x13, 0xff, 0x86, 0x3c, 0x13, 0xff, 0xb9, 0x5b, 0x1d, 0xff, 
0xcf, 0x6d, 0x23, 0xff, 0xb1, 0x57, 0x1c, 0xff, 0xb0, 0x59, 0x1e, 0xff, 0xc0, 0x64, 0x22, 0xff, 
0xbc, 0x62, 0x20, 0xff, 0xbd, 0x60, 0x1f, 0xff, 0xba, 0x5d, 0x1e, 0xff, 0xbb, 0x5d, 0x1e, 0xff, 
0xc1, 0x64, 0x21, 0xff, 0xd0, 0x79, 0x29, 0xff, 0xda, 0x86, 0x30, 0xff, 0xde, 0x8b, 0x33, 0xff, 
0xd5, 0x81, 0x2c, 0xff, 0xc9, 0x6f, 0x25, 0xff, 0xbb, 0x5d, 0x1e, 0xff, 0xc0, 0x61, 0x20, 0xff, 
0xae, 0x58, 0x1d, 0xff, 0x84, 0x3c, 0x13, 0xff, 0x97, 0x47, 0x16, 0xff, 0x99, 0x49, 0x18, 0xff, 
0x65, 0x2e, 0x0f, 0xff, 0x5b, 0x25, 0x0a, 0xff, 0x8c, 0x3e, 0x14, 0xff, 0xb3, 0x58, 0x1d, 0xff, 
0xc2, 0x65, 0x21, 0xff, 0xa3, 0x4e, 0x19, 0xff, 0xa3, 0x4d, 0x19, 0xff, 0xb0, 0x56, 0x1c, 0xff, 
0x9b, 0x46, 0x17, 0xff, 0x9c, 0x48, 0x17, 0xff, 0xa6, 0x53, 0x1c, 0xff, 0xa7, 0x51, 0x1b, 0xff, 
0xaa, 0x52, 0x1b, 0xff, 0x95, 0x45, 0x16, 0xff, 0x88, 0x3f, 0x15, 0xff, 0x8b, 0x3f, 0x15, 0xff, 
0x92, 0x42, 0x16, 0xff, 0x98, 0x46, 0x16, 0xff, 0xa9, 0x52, 0x1b, 0xff, 0xaf, 0x53, 0x1a, 0xff, 
0xb7, 0x5c, 0x1d, 0xff, 0xc3, 0x66, 0x20, 0xff, 0xb3, 0x57, 0x1d, 0xff, 0xae, 0x54, 0x1c, 0xff, 
0xa2, 0x4d, 0x19, 0xff, 0x92, 0x42, 0x16, 0xff, 0x94, 0x43, 0x16, 0xff, 0xbb, 0x60, 0x20, 0xff, 
0xc3, 0x66, 0x21, 0xff, 0xb2, 0x55, 0x1c, 0xff, 0xba, 0x5e, 0x1f, 0xff, 0xb7, 0x5c, 0x1e, 0xff, 
0xbb, 0x5d, 0x1e, 0xff, 0xbe, 0x61, 0x1f, 0xff, 0xbb, 0x5d, 0x1e, 0xff, 0xa3, 0x4c, 0x19, 0xff, 
0x9d, 0x49, 0x17, 0xff, 0xa3, 0x4c, 0x18, 0xff, 0xa1, 0x49, 0x17, 0xff, 0xa6, 0x4e, 0x19, 0xff, 
0xb2, 0x56, 0x1c, 0xff, 0xc2, 0x65, 0x20, 0xff, 0xc1, 0x64, 0x20, 0xff, 0xc3, 0x65, 0x21, 0xff, 
0xbc, 0x60, 0x1f, 0xff, 0xb2, 0x55, 0x1c, 0xff, 0xba, 0x5c, 0x1e, 0xff, 0xc5, 0x67, 0x22, 0xff, 
0xcc, 0x6e, 0x24, 0xff, 0xd4, 0x7e, 0x2c, 0xff, 0xd9, 0x89, 0x32, 0xff, 0xd9, 0x87, 0x32, 0xff, 
0xcc, 0x70, 0x26, 0xff, 0xc5, 0x67, 0x21, 0xff, 0xc2, 0x64, 0x20, 0xff, 0xb8, 0x5b, 0x1d, 0xff, 
0xbb, 0x5d, 0x1e, 0xff, 0xb1, 0x55, 0x1c, 0xff, 0xac, 0x53, 0x1a, 0xff, 0xbb, 0x5e, 0x1f, 0xff, 
0xbb, 0x59, 0x1c, 0xff, 0xb6, 0x5b, 0x1d, 0xff, 0xb6, 0x60, 0x21, 0xff, 0xbe, 0x62, 0x20, 0xff, 
0xc7, 0x67, 0x21, 0xff, 0xd4, 0x7d, 0x2b, 0xff, 0xe9, 0xaa, 0x45, 0xff, 0xe8, 0xad, 0x48, 0xff, 
0xdf, 0x98, 0x3b, 0xff, 0xe3, 0xa1, 0x3f, 0xff, 0xe9, 0xaf, 0x4a, 0xff, 0xd3, 0x82, 0x2f, 0xff, 
0xcc, 0x72, 0x26, 0xff, 0xca, 0x71, 0x27, 0xff, 0xd1, 0x7e, 0x2c, 0xff, 0xe5, 0xa3, 0x41, 0xff, 
0xe4, 0x9e, 0x3e, 0xff, 0xe6, 0xa4, 0x41, 0xff, 0xe0, 0x98, 0x3a, 0xff, 0xd8, 0x85, 0x30, 0xff, 
0xd6, 0x7e, 0x2b, 0xff, 0xb1, 0x56, 0x1b, 0xff, 0x9b, 0x45, 0x16, 0xff, 0x8e, 0x40, 0x16, 0xff, 
0x9d, 0x48, 0x17, 0xff, 0xbd, 0x5f, 0x1e, 0xff, 0xb0, 0x53, 0x1b, 0xff, 0xac, 0x4c, 0x17, 0xff, 
0xb7, 0x58, 0x1c, 0xff, 0xbe, 0x5f, 0x1f, 0xff, 0xbf, 0x62, 0x1f, 0xff, 0xbd, 0x5f, 0x1f, 0xff, 
0xbd, 0x5f, 0x1e, 0xff, 0xba, 0x5b, 0x1d, 0xff, 0xbd, 0x5f, 0x1f, 0xff, 0xb7, 0x5a, 0x1d, 0xff, 
0xb8, 0x5b, 0x1e, 0xff, 0xc6, 0x6b, 0x24, 0xff, 0xc9, 0x6e, 0x24, 0xff, 0xbc, 0x60, 0x1f, 0xff, 
0xb9, 0x5c, 0x1e, 0xff, 0xbd, 0x60, 0x1f, 0xff, 0xb7, 0x59, 0x1c, 0xff, 0xb5, 0x57, 0x1c, 0xff, 
0xb7, 0x5b, 0x1d, 0xff, 0xc0, 0x63, 0x20, 0xff, 0xc5, 0x6a, 0x23, 0xff, 0xc0, 0x64, 0x20, 0xff, 
0xc5, 0x67, 0x22, 0xff, 0xbc, 0x60, 0x20, 0xff, 0xb9, 0x61, 0x20, 0xff, 0xbf, 0x67, 0x22, 0xff, 
0xc8, 0x6d, 0x24, 0xff, 0xc7, 0x70, 0x26, 0xff, 0xc4, 0x6d, 0x25, 0xff, 0xbe, 0x60, 0x1f, 0xff, 
0xc1, 0x61, 0x1f, 0xff, 0xcc, 0x71, 0x26, 0xff, 0xca, 0x6f, 0x24, 0xff, 0xc5, 0x69, 0x22, 0xff, 
0xc8, 0x6d, 0x23, 0xff, 0xc4, 0x68, 0x22, 0xff, 0xca, 0x71, 0x27, 0xff, 0xc9, 0x6e, 0x25, 0xff, 
0xc0, 0x65, 0x22, 0xff, 0xc5, 0x6b, 0x23, 0xff, 0xc5, 0x66, 0x21, 0xff, 0xc5, 0x67, 0x21, 0xff, 
0xc0, 0x61, 0x1e, 0xff, 0xcf, 0x79, 0x2a, 0xff, 0xd7, 0x88, 0x31, 0xff, 0xca, 0x72, 0x27, 0xff, 
0xc8, 0x70, 0x27, 0xff, 0xd4, 0x85, 0x31, 0xff, 0xca, 0x76, 0x2a, 0xff, 0xc1, 0x65, 0x20, 0xff, 
0xc9, 0x6b, 0x23, 0xff, 0xca, 0x6d, 0x24, 0xff, 0xba, 0x5c, 0x1d, 0xff, 0xbd, 0x5e, 0x1e, 0xff, 
0xcc, 0x71, 0x26, 0xff, 0xc5, 0x6b, 0x24, 0xff, 0xb9, 0x60, 0x20, 0xff, 0xbf, 0x62, 0x20, 0xff, 
0xbc, 0x5c, 0x1d, 0xff, 0xcb, 0x71, 0x26, 0xff, 0xce, 0x74, 0x27, 0xff, 0xcf, 0x7a, 0x2b, 0xff, 
0xd3, 0x82, 0x2f, 0xff, 0xd3, 0x7f, 0x2e, 0xff, 0xdb, 0x8c, 0x34, 0xff, 0xd7, 0x88, 0x32, 0xff, 
0xcc, 0x74, 0x28, 0xff, 0xca, 0x6f, 0x25, 0xff, 0xd5, 0x84, 0x31, 0xff, 0xd9, 0x8d, 0x35, 0xff, 
0xcc, 0x77, 0x2a, 0xff, 0xc7, 0x70, 0x26, 0xff, 0xc8, 0x72, 0x27, 0xff, 0xb4, 0x61, 0x20, 0xff, 
0xb5, 0x5a, 0x1e, 0xff, 0xbf, 0x63, 0x21, 0xff, 0xbb, 0x5d, 0x1d, 0xff, 0xd5, 0x88, 0x33, 0xff, 
0xed, 0xb2, 0x4a, 0xff, 0xe6, 0x9e, 0x3e, 0xff, 0xd0, 0x75, 0x27, 0xff, 0xc5, 0x68, 0x21, 0xff, 
0xc8, 0x6e, 0x26, 0xff, 0xc8, 0x6d, 0x25, 0xff, 0xcd, 0x72, 0x26, 0xff, 0xd1, 0x7d, 0x2c, 0xff, 
0xcf, 0x7a, 0x2b, 0xff, 0xbe, 0x5e, 0x1e, 0xff, 0xc4, 0x65, 0x21, 0xff, 0xcf, 0x78, 0x2a, 0xff, 
0xd4, 0x82, 0x2f, 0xff, 0xd8, 0x86, 0x31, 0xff, 0xd9, 0x8a, 0x32, 0xff, 0xcc, 0x70, 0x25, 0xff, 
0xcc, 0x71, 0x25, 0xff, 0xcc, 0x71, 0x25, 0xff, 0xca, 0x71, 0x27, 0xff, 0xcc, 0x76, 0x29, 0xff, 
0xca, 0x70, 0x25, 0xff, 0xc4, 0x66, 0x21, 0xff, 0xb3, 0x57, 0x1c, 0xff, 0xa8, 0x4f, 0x1a, 0xff, 
0xb0, 0x52, 0x1a, 0xff, 0xc8, 0x6a, 0x23, 0xff, 0xbe, 0x62, 0x21, 0xff, 0xba, 0x58, 0x1b, 0xff, 
0xdf, 0x8b, 0x32, 0xff, 0xee, 0xa5, 0x3f, 0xff, 0xd8, 0x82, 0x2d, 0xff, 0xc0, 0x65, 0x21, 0xff, 
0xab, 0x4f, 0x1a, 0xff, 0xb7, 0x5b, 0x1e, 0xff, 0xae, 0x53, 0x1b, 0xff, 0xa2, 0x4c, 0x19, 0xff, 
0x9c, 0x49, 0x18, 0xff, 0x97, 0x44, 0x16, 0xff, 0xbb, 0x5e, 0x1e, 0xff, 0xcd, 0x6f, 0x25, 0xff, 
0xbf, 0x63, 0x21, 0xff, 0xb5, 0x5a, 0x1e, 0xff, 0xbf, 0x63, 0x21, 0xff, 0xca, 0x6f, 0x25, 0xff, 
0xdc, 0x8c, 0x33, 0xff, 0xdd, 0x8f, 0x34, 0xff, 0xd2, 0x81, 0x2e, 0xff, 0xd4, 0x84, 0x30, 0xff, 
0xd6, 0x84, 0x30, 0xff, 0xe2, 0x9f, 0x40, 0xff, 0xe5, 0xa5, 0x43, 0xff, 0xe1, 0x99, 0x3c, 0xff, 
0xd8, 0x85, 0x30, 0xff, 0xdd, 0x92, 0x37, 0xff, 0xe3, 0xa0, 0x3f, 0xff, 0xe1, 0x9a, 0x3c, 0xff, 
0xe6, 0xa8, 0x45, 0xff, 0xee, 0xb9, 0x4f, 0xff, 0xf6, 0xc8, 0x58, 0xff, 0xe7, 0xa9, 0x45, 0xff, 
0xd9, 0x88, 0x31, 0xff, 0xdb, 0x84, 0x2e, 0xff, 0x9a, 0x40, 0x12, 0xff, 0x85, 0x37, 0x11, 0xff, 
0xd6, 0x7f, 0x2d, 0xff, 0xdd, 0x88, 0x30, 0xff, 0xe1, 0x90, 0x34, 0xff, 0xda, 0x7f, 0x2c, 0xff, 
0xc9, 0x69, 0x22, 0xff, 0xae, 0x52, 0x1a, 0xff, 0xaa, 0x51, 0x1b, 0xff, 0xb6, 0x5a, 0x1e, 0xff, 
0xbd, 0x5f, 0x1f, 0xff, 0xbc, 0x61, 0x1f, 0xff, 0xb5, 0x5f, 0x20, 0xff, 0x9e, 0x4a, 0x18, 0xff, 
0x99, 0x44, 0x15, 0xff, 0xa3, 0x4a, 0x18, 0xff, 0xb8, 0x5a, 0x1d, 0xff, 0xc3, 0x66, 0x21, 0xff, 
0xc9, 0x6e, 0x24, 0xff, 0xd7, 0x83, 0x2e, 0xff, 0xd2, 0x80, 0x2e, 0xff, 0xc7, 0x73, 0x28, 0xff, 
0xd3, 0x80, 0x2e, 0xff, 0xc5, 0x6d, 0x25, 0xff, 0xa6, 0x46, 0x15, 0xff, 0xb4, 0x57, 0x1c, 0xff, 
0xc0, 0x63, 0x21, 0xff, 0xa6, 0x4f, 0x1a, 0xff, 0x7c, 0x36, 0x11, 0xff, 0x98, 0x46, 0x16, 0xff, 
0xa5, 0x4f, 0x19, 0xff, 0x71, 0x33, 0x10, 0xff, 0x64, 0x2b, 0x0e, 0xff, 0x78, 0x36, 0x11, 0xff, 
0x85, 0x3a, 0x12, 0xff, 0x91, 0x41, 0x14, 0xff, 0x8d, 0x41, 0x15, 0xff, 0x86, 0x3a, 0x14, 0xff, 
0xa5, 0x4f, 0x19, 0xff, 0xaf, 0x57, 0x1c, 0xff, 0xa4, 0x50, 0x1b, 0xff, 0xa3, 0x4d, 0x19, 0xff, 
0xb2, 0x56, 0x1c, 0xff, 0xa6, 0x4f, 0x19, 0xff, 0x87, 0x3c, 0x14, 0xff, 0x8e, 0x41, 0x15, 0xff, 
0x9a, 0x47, 0x17, 0xff, 0x95, 0x43, 0x16, 0xff, 0x99, 0x46, 0x17, 0xff, 0x9f, 0x4a, 0x18, 0xff, 
0xa7, 0x4d, 0x19, 0xff, 0xab, 0x50, 0x19, 0xff, 0xae, 0x54, 0x1b, 0xff, 0xb5, 0x58, 0x1c, 0xff, 
0xb6, 0x59, 0x1c, 0xff, 0xa7, 0x4e, 0x1a, 0xff, 0xae, 0x54, 0x1c, 0xff, 0xc5, 0x6b, 0x23, 0xff, 
0xba, 0x5e, 0x1e, 0xff, 0xa8, 0x50, 0x1a, 0xff, 0xa5, 0x4e, 0x1a, 0xff, 0xb2, 0x58, 0x1d, 0xff, 
0xab, 0x51, 0x1b, 0xff, 0xbc, 0x5f, 0x1f, 0xff, 0xb6, 0x5a, 0x1c, 0xff, 0xa1, 0x4b, 0x18, 0xff, 
0xa0, 0x4c, 0x18, 0xff, 0x94, 0x44, 0x16, 0xff, 0xa8, 0x4f, 0x19, 0xff, 0xb4, 0x57, 0x1c, 0xff, 
0xb2, 0x57, 0x1d, 0xff, 0xc3, 0x64, 0x20, 0xff, 0xbb, 0x5e, 0x1e, 0xff, 0xb6, 0x59, 0x1c, 0xff, 
0xb3, 0x57, 0x1c, 0xff, 0xb9, 0x5b, 0x1d, 0xff, 0xbc, 0x5d, 0x1f, 0xff, 0xc0, 0x63, 0x20, 0xff, 
0xc2, 0x64, 0x1f, 0xff, 0xd1, 0x7e, 0x2d, 0xff, 0xe9, 0xa7, 0x42, 0xff, 0xde, 0x90, 0x36, 0xff, 
0xc9, 0x6b, 0x23, 0xff, 0xc1, 0x64, 0x20, 0xff, 0xb9, 0x5b, 0x1d, 0xff, 0xbd, 0x60, 0x1f, 0xff, 
0xc1, 0x64, 0x20, 0xff, 0xb2, 0x56, 0x1c, 0xff, 0xa4, 0x4c, 0x19, 0xff, 0xab, 0x4e, 0x19, 0xff, 
0xbd, 0x60, 0x1f, 0xff, 0xd0, 0x76, 0x28, 0xff, 0xc7, 0x6c, 0x24, 0xff, 0xbf, 0x61, 0x1f, 0xff, 
0xc5, 0x66, 0x20, 0xff, 0xdf, 0x97, 0x39, 0xff, 0xeb, 0xb1, 0x4a, 0xff, 0xdf, 0x93, 0x37, 0xff, 
0xde, 0x92, 0x36, 0xff, 0xe1, 0x9d, 0x3d, 0xff, 0xd1, 0x7f, 0x2d, 0xff, 0xcd, 0x79, 0x2a, 0xff, 
0xd1, 0x7c, 0x2c, 0xff, 0xc6, 0x69, 0x21, 0xff, 0xd9, 0x8b, 0x34, 0xff, 0xd8, 0x8d, 0x35, 0xff, 
0xc5, 0x6e, 0x25, 0xff, 0xd4, 0x84, 0x30, 0xff, 0xde, 0x92, 0x37, 0xff, 0xa8, 0x4c, 0x16, 0xff, 
0xb6, 0x62, 0x22, 0xff, 0xd6, 0x82, 0x2e, 0xff, 0x9f, 0x47, 0x16, 0xff, 0x91, 0x40, 0x15, 0xff, 
0xa4, 0x4d, 0x19, 0xff, 0xb8, 0x58, 0x1c, 0xff, 0xb7, 0x59, 0x1c, 0xff, 0xd4, 0x88, 0x33, 0xff, 
0xe0, 0x99, 0x3b, 0xff, 0xcb, 0x72, 0x27, 0xff, 0xc4, 0x65, 0x20, 0xff, 0xc4, 0x66, 0x21, 0xff, 
0xc2, 0x65, 0x20, 0xff, 0xbd, 0x60, 0x1f, 0xff, 0xc1, 0x63, 0x21, 0xff, 0xc9, 0x6c, 0x23, 0xff, 
0xcc, 0x70, 0x24, 0xff, 0xc7, 0x6d, 0x24, 0xff, 0xc2, 0x66, 0x21, 0xff, 0xc4, 0x66, 0x21, 0xff, 
0xaf, 0x53, 0x1c, 0xff, 0xa7, 0x4f, 0x19, 0xff, 0xc5, 0x67, 0x21, 0xff, 0xba, 0x5f, 0x1f, 0xff, 
0xab, 0x52, 0x1a, 0xff, 0xb2, 0x58, 0x1c, 0xff, 0xbe, 0x61, 0x1f, 0xff, 0xa3, 0x4b, 0x18, 0xff, 
0xa5, 0x4d, 0x19, 0xff, 0xbf, 0x63, 0x21, 0xff, 0xae, 0x54, 0x1a, 0xff, 0x99, 0x44, 0x16, 0xff, 
0xa6, 0x4f, 0x1a, 0xff, 0xac, 0x4f, 0x19, 0xff, 0xb8, 0x58, 0x1c, 0xff, 0xc9, 0x6d, 0x23, 0xff, 
0xc3, 0x66, 0x21, 0xff, 0xc5, 0x69, 0x23, 0xff, 0xc1, 0x64, 0x21, 0xff, 0xbd, 0x5f, 0x1e, 0xff, 
0xcb, 0x70, 0x24, 0xff, 0xcd, 0x71, 0x25, 0xff, 0xc8, 0x6e, 0x25, 0xff, 0xd0, 0x76, 0x28, 0xff, 
0xce, 0x74, 0x27, 0xff, 0xc8, 0x6b, 0x23, 0xff, 0xc2, 0x64, 0x20, 0xff, 0xcf, 0x7a, 0x2a, 0xff, 
0xc3, 0x66, 0x21, 0xff, 0xcb, 0x72, 0x26, 0xff, 0xda, 0x8c, 0x33, 0xff, 0xd1, 0x7c, 0x2b, 0xff, 
0xc0, 0x64, 0x21, 0xff, 0xba, 0x5c, 0x1d, 0xff, 0xba, 0x5a, 0x1c, 0xff, 0xc1, 0x63, 0x1f, 0xff, 
0xc3, 0x6c, 0x25, 0xff, 0xbb, 0x62, 0x21, 0xff, 0xc3, 0x66, 0x21, 0xff, 0xc6, 0x6a, 0x23, 0xff, 
0xc2, 0x65, 0x21, 0xff, 0xbf, 0x61, 0x1f, 0xff, 0xcd, 0x75, 0x29, 0xff, 0xc5, 0x69, 0x23, 0xff, 
0xc9, 0x6f, 0x25, 0xff, 0xc8, 0x6b, 0x22, 0xff, 0xc1, 0x60, 0x1f, 0xff, 0xc5, 0x67, 0x21, 0xff, 
0xca, 0x6f, 0x24, 0xff, 0xd2, 0x7d, 0x2b, 0xff, 0xda, 0x8d, 0x34, 0xff, 0xde, 0x94, 0x38, 0xff, 
0xdb, 0x8c, 0x33, 0xff, 0xcb, 0x6f, 0x25, 0xff, 0xcc, 0x70, 0x26, 0xff, 0xe1, 0x8d, 0x33, 0xff, 
0xd8, 0x80, 0x2c, 0xff, 0xb7, 0x5b, 0x1d, 0xff, 0xac, 0x51, 0x1a, 0xff, 0x81, 0x36, 0x11, 0xff, 
0x7e, 0x35, 0x11, 0xff, 0xb3, 0x5a, 0x1d, 0xff, 0xdd, 0x8d, 0x34, 0xff, 0xdf, 0x96, 0x39, 0xff, 
0xdf, 0x99, 0x3b, 0xff, 0xf1, 0xbb, 0x50, 0xff, 0xe3, 0xa0, 0x3f, 0xff, 0xd2, 0x7c, 0x2b, 0xff, 
0xd5, 0x80, 0x2d, 0xff, 0xca, 0x6f, 0x25, 0xff, 0xc7, 0x6c, 0x23, 0xff, 0xce, 0x7b, 0x2c, 0xff, 
0xd0, 0x79, 0x2b, 0xff, 0xc7, 0x69, 0x22, 0xff, 0xc7, 0x6c, 0x24, 0xff, 0xc8, 0x6d, 0x24, 0xff, 
0xcb, 0x71, 0x25, 0xff, 0xd3, 0x7f, 0x2d, 0xff, 0xd3, 0x7d, 0x2c, 0xff, 0xcf, 0x77, 0x28, 0xff, 
0xc9, 0x6d, 0x24, 0xff, 0xc3, 0x66, 0x21, 0xff, 0xbe, 0x5e, 0x1d, 0xff, 0xbf, 0x5f, 0x1e, 0xff, 
0xbc, 0x5f, 0x1e, 0xff, 0xa2, 0x4b, 0x18, 0xff, 0x9a, 0x48, 0x18, 0xff, 0x99, 0x46, 0x17, 0xff, 
0xb2, 0x58, 0x1d, 0xff, 0xce, 0x76, 0x2a, 0xff, 0xbf, 0x65, 0x22, 0xff, 0xb0, 0x50, 0x18, 0xff, 
0xcf, 0x7a, 0x2b, 0xff, 0xd5, 0x85, 0x31, 0xff, 0xd1, 0x7e, 0x2d, 0xff, 0xcd, 0x78, 0x2a, 0xff, 
0xb2, 0x57, 0x1b, 0xff, 0xaa, 0x4f, 0x1a, 0xff, 0xa9, 0x50, 0x1a, 0xff, 0x98, 0x47, 0x17, 0xff, 
0x98, 0x45, 0x16, 0xff, 0xa7, 0x4f, 0x1a, 0xff, 0xb3, 0x58, 0x1d, 0xff, 0xbb, 0x5f, 0x20, 0xff, 
0xa7, 0x4d, 0x18, 0xff, 0xab, 0x4e, 0x19, 0xff, 0xbf, 0x62, 0x20, 0xff, 0xc6, 0x6a, 0x23, 0xff, 
0xd2, 0x7c, 0x2c, 0xff, 0xd3, 0x7b, 0x2b, 0xff, 0xca, 0x6c, 0x23, 0xff, 0xc6, 0x69, 0x22, 0xff, 
0xcb, 0x71, 0x25, 0xff, 0xd9, 0x8a, 0x32, 0xff, 0xe2, 0x9c, 0x3d, 0xff, 0xde, 0x93, 0x38, 0xff, 
0xe8, 0xab, 0x47, 0xff, 0xe9, 0xaf, 0x49, 0xff, 0xd4, 0x81, 0x2d, 0xff, 0xd6, 0x81, 0x2d, 0xff, 
0xe4, 0xa1, 0x40, 0xff, 0xec, 0xb5, 0x4d, 0xff, 0xeb, 0xb3, 0x4c, 0xff, 0xdd, 0x92, 0x38, 0xff, 
0xd9, 0x88, 0x32, 0xff, 0xdf, 0x93, 0x37, 0xff, 0xbe, 0x67, 0x22, 0xff, 0xb2, 0x59, 0x1d, 0xff, 
0xc8, 0x72, 0x28, 0xff, 0xd3, 0x7b, 0x2b, 0xff, 0xb9, 0x5c, 0x1e, 0xff, 0xb6, 0x5b, 0x1e, 0xff, 
0xbc, 0x63, 0x21, 0xff, 0xad, 0x54, 0x1b, 0xff, 0xb5, 0x5a, 0x1d, 0xff, 0xb6, 0x5a, 0x1d, 0xff, 
0xaf, 0x53, 0x1b, 0xff, 0xb2, 0x59, 0x1d, 0xff, 0xb3, 0x5d, 0x1e, 0xff, 0x9b, 0x49, 0x18, 0xff, 
0xa1, 0x4b, 0x19, 0xff, 0xad, 0x56, 0x1c, 0xff, 0xbe, 0x64, 0x22, 0xff, 0xc9, 0x6e, 0x25, 0xff, 
0xd1, 0x7a, 0x2a, 0xff, 0xd9, 0x86, 0x30, 0xff, 0xb4, 0x58, 0x1c, 0xff, 0xac, 0x4e, 0x18, 0xff, 
0xd5, 0x84, 0x30, 0xff, 0xd2, 0x81, 0x2f, 0xff, 0xc1, 0x64, 0x21, 0xff, 0xba, 0x5c, 0x1d, 0xff, 
0xb1, 0x55, 0x1c, 0xff, 0xab, 0x50, 0x1a, 0xff, 0x9b, 0x46, 0x16, 0xff, 0xb5, 0x5d, 0x1f, 0xff, 
0xbc, 0x61, 0x20, 0xff, 0xaf, 0x55, 0x1c, 0xff, 0x9e, 0x4c, 0x18, 0xff, 0x92, 0x45, 0x16, 0xff, 
0xa0, 0x54, 0x1c, 0xff, 0xb4, 0x5d, 0x1e, 0xff, 0xb2, 0x5a, 0x1e, 0xff, 0xb4, 0x60, 0x21, 0xff, 
0xbb, 0x60, 0x20, 0xff, 0x9e, 0x49, 0x18, 0xff, 0x99, 0x48, 0x18, 0xff, 0xa7, 0x52, 0x1b, 0xff, 
0x9a, 0x48, 0x18, 0xff, 0xa8, 0x50, 0x1a, 0xff, 0xad, 0x54, 0x1b, 0xff, 0x99, 0x47, 0x17, 0xff, 
0x86, 0x3c, 0x13, 0xff, 0x87, 0x3d, 0x14, 0xff, 0x90, 0x42, 0x15, 0xff, 0x90, 0x41, 0x15, 0xff, 
0xa7, 0x4f, 0x1a, 0xff, 0xbc, 0x5f, 0x1f, 0xff, 0xb7, 0x5b, 0x1d, 0xff, 0xc3, 0x64, 0x20, 0xff, 
0xc3, 0x65, 0x21, 0xff, 0xa0, 0x4b, 0x18, 0xff, 0xa2, 0x4d, 0x19, 0xff, 0xba, 0x5d, 0x1d, 0xff, 
0xa8, 0x51, 0x1a, 0xff, 0x9b, 0x49, 0x17, 0xff, 0x9c, 0x48, 0x17, 0xff, 0xac, 0x53, 0x1b, 0xff, 
0xa3, 0x4c, 0x19, 0xff, 0xb8, 0x5d, 0x1e, 0xff, 0xb6, 0x5b, 0x1e, 0xff, 0xad, 0x53, 0x1b, 0xff, 
0xa6, 0x4e, 0x19, 0xff, 0x98, 0x46, 0x16, 0xff, 0x9b, 0x48, 0x18, 0xff, 0xa2, 0x4c, 0x19, 0xff, 
0xa9, 0x51, 0x1a, 0xff, 0xb9, 0x5a, 0x1d, 0xff, 0xbf, 0x60, 0x1f, 0xff, 0xb4, 0x59, 0x1d, 0xff, 
0xb3, 0x57, 0x1c, 0xff, 0xb3, 0x58, 0x1c, 0xff, 0xb7, 0x5a, 0x1d, 0xff, 0xb9, 0x5c, 0x1e, 0xff, 
0xbf, 0x62, 0x20, 0xff, 0xc5, 0x68, 0x22, 0xff, 0xcb, 0x71, 0x26, 0xff, 0xbf, 0x60, 0x1d, 0xff, 
0xae, 0x51, 0x1a, 0xff, 0xa4, 0x4c, 0x19, 0xff, 0xad, 0x52, 0x1b, 0xff, 0xbd, 0x5f, 0x1f, 0xff, 
0xbd, 0x60, 0x1f, 0xff, 0xb8, 0x5c, 0x1e, 0xff, 0xb4, 0x55, 0x1b, 0xff, 0xc0, 0x64, 0x20, 0xff, 
0xe0, 0x97, 0x39, 0xff, 0xdb, 0x90, 0x37, 0xff, 0xb8, 0x57, 0x1b, 0xff, 0xb7, 0x56, 0x1a, 0xff, 
0xc4, 0x65, 0x1f, 0xff, 0xe5, 0xa4, 0x42, 0xff, 0xe8, 0xab, 0x46, 0xff, 0xd7, 0x83, 0x2e, 0xff, 
0xc7, 0x6a, 0x23, 0xff, 0xcf, 0x7a, 0x2b, 0xff, 0xe6, 0xa3, 0x40, 0xff, 0xe0, 0x9b, 0x3e, 0xff, 
0xd8, 0x8a, 0x33, 0xff, 0xe0, 0x97, 0x39, 0xff, 0xdf, 0x96, 0x3a, 0xff, 0xc6, 0x6e, 0x26, 0xff, 
0xb7, 0x59, 0x1b, 0xff, 0xbb, 0x60, 0x1f, 0xff, 0xd5, 0x85, 0x30, 0xff, 0xb0, 0x5a, 0x1e, 0xff, 
0xa7, 0x4a, 0x17, 0xff, 0xdb, 0x87, 0x2f, 0xff, 0xbe, 0x63, 0x20, 0xff, 0xa7, 0x48, 0x15, 0xff, 
0xb5, 0x52, 0x19, 0xff, 0xbb, 0x5c, 0x1d, 0xff, 0xe1, 0x99, 0x3b, 0xff, 0xe4, 0xa1, 0x40, 0xff, 
0xce, 0x7d, 0x2e, 0xff, 0xc7, 0x6c, 0x24, 0xff, 0xc7, 0x69, 0x23, 0xff, 0xcc, 0x70, 0x25, 0xff, 
0xc4, 0x68, 0x22, 0xff, 0xbf, 0x61, 0x1f, 0xff, 0xc3, 0x66, 0x22, 0xff, 0xc5, 0x68, 0x22, 0xff, 
0xc4, 0x67, 0x21, 0xff, 0xc4, 0x65, 0x21, 0xff, 0xbd, 0x5f, 0x1f, 0xff, 0xaf, 0x52, 0x1a, 0xff, 
0xab, 0x53, 0x1b, 0xff, 0xa7, 0x51, 0x1b, 0xff, 0xa2, 0x4e, 0x1a, 0xff, 0xaa, 0x57, 0x1c, 0xff, 
0xac, 0x55, 0x1c, 0xff, 0xa1, 0x4a, 0x18, 0xff, 0xc0, 0x63, 0x20, 0xff, 0xb7, 0x5d, 0x1f, 0xff, 
0xaa, 0x51, 0x1a, 0xff, 0xb9, 0x5c, 0x1e, 0xff, 0xb6, 0x5a, 0x1e, 0xff, 0xaf, 0x55, 0x1c, 0xff, 
0xaf, 0x55, 0x1b, 0xff, 0xb8, 0x5b, 0x1e, 0xff, 0xbc, 0x5e, 0x1e, 0xff, 0xcb, 0x70, 0x25, 0xff, 
0xd3, 0x7a, 0x29, 0xff, 0xce, 0x72, 0x26, 0xff, 0xc1, 0x63, 0x21, 0xff, 0xba, 0x5c, 0x1e, 0xff, 
0xbf, 0x61, 0x20, 0xff, 0xca, 0x70, 0x25, 0xff, 0xd2, 0x7c, 0x2b, 0xff, 0xd2, 0x78, 0x28, 0xff, 
0xc7, 0x6a, 0x22, 0xff, 0xae, 0x4a, 0x16, 0xff, 0xbc, 0x64, 0x22, 0xff, 0xdc, 0x92, 0x37, 0xff, 
0xd6, 0x84, 0x30, 0xff, 0xcf, 0x77, 0x29, 0xff, 0xc2, 0x65, 0x20, 0xff, 0xc2, 0x67, 0x22, 0xff, 
0xc7, 0x6f, 0x25, 0xff, 0xbe, 0x63, 0x20, 0xff, 0xc0, 0x62, 0x20, 0xff, 0xca, 0x6e, 0x25, 0xff, 
0xc4, 0x6a, 0x23, 0xff, 0xc0, 0x64, 0x20, 0xff, 0xd6, 0x7d, 0x2c, 0xff, 0xce, 0x75, 0x27, 0xff, 
0xc5, 0x67, 0x21, 0xff, 0xcb, 0x71, 0x27, 0xff, 0xc8, 0x6c, 0x24, 0xff, 0xcb, 0x71, 0x25, 0xff, 
0xdb, 0x8c, 0x34, 0xff, 0xcd, 0x78, 0x2a, 0xff, 0xca, 0x6f, 0x26, 0xff, 0xc5, 0x6a, 0x23, 0xff, 
0xba, 0x5c, 0x1d, 0xff, 0xc4, 0x65, 0x20, 0xff, 0xd4, 0x7e, 0x2c, 0xff, 0xd9, 0x88, 0x32, 0xff, 
0xd5, 0x80, 0x2c, 0xff, 0xc8, 0x69, 0x21, 0xff, 0xbd, 0x5e, 0x1f, 0xff, 0xb6, 0x62, 0x22, 0xff, 
0x9e, 0x4d, 0x1a, 0xff, 0x9f, 0x49, 0x17, 0xff, 0xa9, 0x52, 0x1b, 0xff, 0x96, 0x48, 0x18, 0xff, 
0x91, 0x42, 0x15, 0xff, 0xa6, 0x4e, 0x19, 0xff, 0xd7, 0x84, 0x2f, 0xff, 0xdb, 0x8b, 0x33, 0xff, 
0xdb, 0x8d, 0x34, 0xff, 0xde, 0x94, 0x38, 0xff, 0xde, 0x96, 0x3a, 0xff, 0xd7, 0x88, 0x32, 0xff, 
0xd0, 0x7c, 0x2c, 0xff, 0xcd, 0x75, 0x29, 0xff, 0xcf, 0x77, 0x28, 0xff, 0xca, 0x6d, 0x24, 0xff, 
0xc6, 0x68, 0x22, 0xff, 0xc7, 0x6b, 0x23, 0xff, 0xd0, 0x78, 0x28, 0xff, 0xca, 0x6e, 0x23, 0xff, 
0xcc, 0x73, 0x27, 0xff, 0xd7, 0x81, 0x2e, 0xff, 0xce, 0x75, 0x28, 0xff, 0xcf, 0x78, 0x29, 0xff, 
0xc3, 0x66, 0x21, 0xff, 0xc1, 0x62, 0x1f, 0xff, 0xbb, 0x5d, 0x1d, 0xff, 0xb9, 0x5c, 0x1d, 0xff, 
0xb6, 0x5a, 0x1d, 0xff, 0xa2, 0x4c, 0x19, 0xff, 0x9d, 0x49, 0x18, 0xff, 0x9c, 0x49, 0x18, 0xff, 
0xa9, 0x56, 0x1e, 0xff, 0xba, 0x5f, 0x1f, 0xff, 0xc5, 0x6a, 0x23, 0xff, 0xc0, 0x64, 0x22, 0xff, 
0xaf, 0x53, 0x1b, 0xff, 0x99, 0x44, 0x15, 0xff, 0xa7, 0x50, 0x1a, 0xff, 0xb5, 0x59, 0x1d, 0xff, 
0xb4, 0x58, 0x1c, 0xff, 0xa2, 0x48, 0x17, 0xff, 0x9a, 0x41, 0x15, 0xff, 0xa0, 0x46, 0x17, 0xff, 
0xbd, 0x61, 0x20, 0xff, 0xbc, 0x60, 0x20, 0xff, 0xa5, 0x4d, 0x19, 0xff, 0xa0, 0x47, 0x17, 0xff, 
0xb4, 0x5f, 0x21, 0xff, 0xc7, 0x6f, 0x27, 0xff, 0xba, 0x5c, 0x1e, 0xff, 0xbd, 0x60, 0x1f, 0xff, 
0xbc, 0x5c, 0x1c, 0xff, 0xc2, 0x63, 0x20, 0xff, 0xde, 0x91, 0x36, 0xff, 0xd9, 0x8b, 0x32, 0xff, 
0xd0, 0x78, 0x2a, 0xff, 0xc7, 0x69, 0x21, 0xff, 0xd9, 0x8a, 0x33, 0xff, 0xf1, 0xbb, 0x4f, 0xff, 
0xf3, 0xc2, 0x55, 0xff, 0xe1, 0x9d, 0x3e, 0xff, 0xda, 0x8d, 0x34, 0xff, 0xdc, 0x92, 0x38, 0xff, 
0xe1, 0x9a, 0x3b, 0xff, 0xe7, 0xaa, 0x46, 0xff, 0xe6, 0xa6, 0x43, 0xff, 0xd8, 0x88, 0x32, 0xff, 
0xd6, 0x84, 0x2f, 0xff, 0xd6, 0x87, 0x31, 0xff, 0xd4, 0x7a, 0x29, 0xff, 0xc8, 0x6f, 0x25, 0xff, 
0x93, 0x40, 0x13, 0xff, 0x85, 0x39, 0x12, 0xff, 0x82, 0x39, 0x12, 0xff, 0x82, 0x39, 0x12, 0xff, 
0x8f, 0x3f, 0x14, 0xff, 0xac, 0x54, 0x1b, 0xff, 0xb3, 0x59, 0x1d, 0xff, 0xa0, 0x4a, 0x18, 0xff, 
0xb3, 0x59, 0x1d, 0xff, 0xb8, 0x5c, 0x1e, 0xff, 0xae, 0x54, 0x1b, 0xff, 0xb8, 0x5f, 0x20, 0xff, 
0xba, 0x61, 0x21, 0xff, 0xc0, 0x65, 0x21, 0xff, 0xbd, 0x5f, 0x1e, 0xff, 0xcb, 0x70, 0x26, 0xff, 
0xd7, 0x81, 0x2d, 0xff, 0xc3, 0x69, 0x23, 0xff, 0xb6, 0x59, 0x1d, 0xff, 0xc4, 0x6c, 0x25, 0xff, 
0xca, 0x75, 0x28, 0xff, 0xd8, 0x86, 0x30, 0xff, 0xda, 0x83, 0x2e, 0xff, 0xbb, 0x5d, 0x1e, 0xff, 
0xac, 0x50, 0x19, 0xff, 0xb6, 0x5c, 0x1f, 0xff, 0xbf, 0x64, 0x21, 0xff, 0xb8, 0x60, 0x20, 0xff, 
0xa4, 0x52, 0x1b, 0xff, 0xb1, 0x59, 0x1d, 0xff, 0xaf, 0x54, 0x1b, 0xff, 0xbd, 0x5e, 0x1e, 0xff, 
0xbe, 0x61, 0x20, 0xff, 0xa6, 0x51, 0x1b, 0xff, 0xa1, 0x4b, 0x18, 0xff, 0xcd, 0x6f, 0x25, 0xff, 
0xaf, 0x58, 0x1c, 0xff, 0x94, 0x40, 0x14, 0xff, 0xae, 0x58, 0x1e, 0xff, 0xae, 0x59, 0x1e, 0xff, 
0x9f, 0x4a, 0x18, 0xff, 0xa7, 0x50, 0x1a, 0xff, 0xab, 0x52, 0x1b, 0xff, 0x9a, 0x48, 0x18, 0xff, 
0x95, 0x45, 0x16, 0xff, 0x88, 0x3f, 0x14, 0xff, 0x89, 0x3f, 0x14, 0xff, 0x8a, 0x3e, 0x14, 0xff, 
0xa9, 0x4f, 0x19, 0xff, 0xc8, 0x68, 0x21, 0xff, 0xb6, 0x5b, 0x1d, 0xff, 0xaa, 0x52, 0x1a, 0xff, 
0xc5, 0x67, 0x21, 0xff, 0xb3, 0x5a, 0x1d, 0xff, 0xad, 0x52, 0x1a, 0xff, 0xa6, 0x50, 0x19, 0xff, 
0x8d, 0x40, 0x15, 0xff, 0x98, 0x46, 0x17, 0xff, 0x9e, 0x4a, 0x18, 0xff, 0x92, 0x40, 0x14, 0xff, 
0xaa, 0x53, 0x1b, 0xff, 0xd2, 0x75, 0x27, 0xff, 0xca, 0x6d, 0x24, 0xff, 0xb1, 0x55, 0x1c, 0xff, 
0xa0, 0x4a, 0x19, 0xff, 0xa2, 0x4c, 0x19, 0xff, 0xa5, 0x4e, 0x1a, 0xff, 0x9f, 0x4b, 0x18, 0xff, 
0xaf, 0x54, 0x1b, 0xff, 0xaf, 0x54, 0x1b, 0xff, 0xbe, 0x60, 0x20, 0xff, 0xbe, 0x60, 0x20, 0xff, 
0xba, 0x5c, 0x1e, 0xff, 0xaf, 0x54, 0x1c, 0xff, 0xb1, 0x55, 0x1c, 0xff, 0xb5, 0x59, 0x1c, 0xff, 
0xb9, 0x5b, 0x1e, 0xff, 0xbb, 0x5d, 0x1e, 0xff, 0xbb, 0x5a, 0x1c, 0xff, 0xb3, 0x55, 0x1c, 0xff, 
0xab, 0x52, 0x1b, 0xff, 0xa5, 0x4d, 0x19, 0xff, 0xa7, 0x4c, 0x18, 0xff, 0xad, 0x51, 0x1a, 0xff, 
0xb3, 0x57, 0x1c, 0xff, 0xb8, 0x5b, 0x1d, 0xff, 0xbb, 0x5d, 0x1e, 0xff, 0xc6, 0x69, 0x22, 0xff, 
0xe4, 0x9e, 0x3d, 0xff, 0xd6, 0x89, 0x33, 0xff, 0xb9, 0x55, 0x18, 0xff, 0xbb, 0x59, 0x1b, 0xff, 
0xc8, 0x6b, 0x23, 0xff, 0xec, 0xb0, 0x48, 0xff, 0xd6, 0x87, 0x33, 0xff, 0xad, 0x4a, 0x15, 0xff, 
0xa9, 0x4c, 0x17, 0xff, 0xc4, 0x6a, 0x23, 0xff, 0xd4, 0x82, 0x2f, 0xff, 0xe1, 0x9b, 0x3d, 0xff, 
0xe8, 0xa9, 0x45, 0xff, 0xd9, 0x8d, 0x34, 0xff, 0xcc, 0x75, 0x27, 0xff, 0xd3, 0x82, 0x2f, 0xff, 
0xd8, 0x86, 0x30, 0xff, 0xd1, 0x7c, 0x2b, 0xff, 0xde, 0x96, 0x3a, 0xff, 0xe6, 0x9d, 0x3d, 0xff, 
0xcd, 0x6f, 0x24, 0xff, 0xd3, 0x81, 0x2e, 0xff, 0xdb, 0x8d, 0x33, 0xff, 0xd5, 0x82, 0x2e, 0xff, 
0xcb, 0x70, 0x26, 0xff, 0xd0, 0x79, 0x2a, 0xff, 0xd0, 0x7b, 0x2b, 0xff, 0xb3, 0x50, 0x17, 0xff, 
0xae, 0x4a, 0x15, 0xff, 0xb7, 0x53, 0x18, 0xff, 0xc8, 0x6c, 0x23, 0xff, 0xdc, 0x8e, 0x35, 0xff, 
0xd0, 0x78, 0x29, 0xff, 0xc2, 0x60, 0x1c, 0xff, 0xcb, 0x6f, 0x23, 0xff, 0xc5, 0x68, 0x22, 0xff, 
0xbf, 0x62, 0x20, 0xff, 0xc6, 0x6d, 0x25, 0xff, 0xbb, 0x61, 0x20, 0xff, 0xa3, 0x4e, 0x1a, 0xff, 
0x94, 0x46, 0x17, 0xff, 0x81, 0x39, 0x12, 0xff, 0x6d, 0x2a, 0x0d, 0xff, 0x8b, 0x3f, 0x15, 0xff, 
0xae, 0x57, 0x1d, 0xff, 0xb5, 0x5b, 0x1d, 0xff, 0xc9, 0x70, 0x26, 0xff, 0xcb, 0x6f, 0x25, 0xff, 
0xc9, 0x6c, 0x24, 0xff, 0xcc, 0x78, 0x2a, 0xff, 0xd0, 0x79, 0x2a, 0xff, 0xc5, 0x66, 0x21, 0xff, 
0xc3, 0x66, 0x21, 0xff, 0xc4, 0x67, 0x21, 0xff, 0xc5, 0x69, 0x23, 0xff, 0xc9, 0x70, 0x26, 0xff, 
0xc4, 0x67, 0x22, 0xff, 0xc3, 0x66, 0x22, 0xff, 0xc7, 0x6a, 0x23, 0xff, 0xc1, 0x63, 0x21, 0xff, 
0xab, 0x4d, 0x18, 0xff, 0xb7, 0x5c, 0x1e, 0xff, 0xde, 0x8a, 0x31, 0xff, 0xc7, 0x6f, 0x26, 0xff, 
0xa6, 0x47, 0x15, 0xff, 0xb2, 0x58, 0x1d, 0xff, 0xdb, 0x93, 0x38, 0xff, 0xdd, 0x94, 0x38, 0xff, 
0xca, 0x74, 0x28, 0xff, 0xca, 0x75, 0x28, 0xff, 0xc8, 0x71, 0x28, 0xff, 0xc6, 0x6d, 0x26, 0xff, 
0xc9, 0x6c, 0x23, 0xff, 0xc7, 0x6b, 0x23, 0xff, 0xc0, 0x64, 0x21, 0xff, 0xc1, 0x62, 0x1f, 0xff, 
0xc9, 0x69, 0x22, 0xff, 0xc9, 0x76, 0x29, 0xff, 0xb4, 0x62, 0x21, 0xff, 0xc9, 0x6c, 0x23, 0xff, 
0xd6, 0x83, 0x2e, 0xff, 0xd7, 0x86, 0x30, 0xff, 0xd1, 0x7e, 0x2d, 0xff, 0xcf, 0x77, 0x28, 0xff, 
0xd3, 0x82, 0x2e, 0xff, 0xe6, 0xa1, 0x3f, 0xff, 0xd2, 0x7e, 0x2c, 0xff, 0xc5, 0x6a, 0x23, 0xff, 
0xc1, 0x68, 0x23, 0xff, 0xcc, 0x73, 0x28, 0xff, 0xcd, 0x74, 0x28, 0xff, 0xd2, 0x7d, 0x2b, 0xff, 
0xd0, 0x74, 0x26, 0xff, 0xb4, 0x56, 0x1b, 0xff, 0x86, 0x3a, 0x12, 0xff, 0x6a, 0x2a, 0x0c, 0xff, 
0x74, 0x31, 0x0f, 0xff, 0x86, 0x3c, 0x13, 0xff, 0x89, 0x43, 0x16, 0xff, 0xa0, 0x53, 0x1c, 0xff, 
0xc1, 0x61, 0x1f, 0xff, 0xd1, 0x75, 0x28, 0xff, 0xd0, 0x75, 0x27, 0xff, 0xd6, 0x85, 0x31, 0xff, 
0xe2, 0x9c, 0x3d, 0xff, 0xde, 0x95, 0x39, 0xff, 0xd7, 0x88, 0x32, 0xff, 0xdd, 0x95, 0x39, 0xff, 
0xcf, 0x7f, 0x2f, 0xff, 0xd8, 0x8b, 0x34, 0xff, 0xda, 0x89, 0x32, 0xff, 0xcb, 0x70, 0x24, 0xff, 
0xc2, 0x63, 0x20, 0xff, 0xcd, 0x76, 0x29, 0xff, 0xd4, 0x80, 0x2d, 0xff, 0xc5, 0x66, 0x20, 0xff, 
0xd0, 0x78, 0x2a, 0xff, 0xd9, 0x86, 0x31, 0xff, 0xd2, 0x7c, 0x2c, 0xff, 0xc9, 0x6d, 0x24, 0xff, 
0xc0, 0x63, 0x20, 0xff, 0xb6, 0x59, 0x1d, 0xff, 0xbb, 0x5e, 0x1f, 0xff, 0xb2, 0x56, 0x1c, 0xff, 
0xb1, 0x55, 0x1c, 0xff, 0xa9, 0x52, 0x1b, 0xff, 0x93, 0x44, 0x16, 0xff, 0x9e, 0x49, 0x18, 0xff, 
0xa4, 0x4a, 0x18, 0xff, 0xb6, 0x5a, 0x1d, 0xff, 0xd5, 0x7e, 0x2c, 0xff, 0xc4, 0x67, 0x22, 0xff, 
0xa1, 0x49, 0x18, 0xff, 0x9e, 0x49, 0x18, 0xff, 0xad, 0x54, 0x1c, 0xff, 0xae, 0x55, 0x1c, 0xff, 
0xbd, 0x5e, 0x1f, 0xff, 0xc0, 0x65, 0x22, 0xff, 0xc2, 0x6e, 0x27, 0xff, 0xc8, 0x6f, 0x27, 0xff, 
0xba, 0x5e, 0x1f, 0xff, 0xa2, 0x4c, 0x19, 0xff, 0xa2, 0x4b, 0x18, 0xff, 0xa2, 0x48, 0x17, 0xff, 
0xc9, 0x71, 0x27, 0xff, 0xcd, 0x76, 0x2a, 0xff, 0xa6, 0x49, 0x18, 0xff, 0xba, 0x5e, 0x1d, 0xff, 
0xbf, 0x60, 0x1f, 0xff, 0xc1, 0x64, 0x20, 0xff, 0xd3, 0x81, 0x2e, 0xff, 0xd9, 0x89, 0x32, 0xff, 
0xcf, 0x79, 0x2a, 0xff, 0xc3, 0x66, 0x21, 0xff, 0xc8, 0x6b, 0x24, 0xff, 0xd1, 0x80, 0x2f, 0xff, 
0xd5, 0x83, 0x2f, 0xff, 0xd9, 0x86, 0x30, 0xff, 0xea, 0xae, 0x48, 0xff, 0xe4, 0xa4, 0x43, 0xff, 
0xd5, 0x84, 0x2f, 0xff, 0xd6, 0x85, 0x30, 0xff, 0xdc, 0x91, 0x36, 0xff, 0xe2, 0x9f, 0x3e, 0xff, 
0xe2, 0x9f, 0x3f, 0xff, 0xe0, 0x98, 0x3b, 0xff, 0xd9, 0x86, 0x30, 0xff, 0xb8, 0x5a, 0x1d, 0xff, 
0x94, 0x3f, 0x14, 0xff, 0x7e, 0x39, 0x13, 0xff, 0x6c, 0x2f, 0x0e, 0xff, 0x7c, 0x35, 0x10, 0xff, 
0x9f, 0x49, 0x17, 0xff, 0xb9, 0x5a, 0x1d, 0xff, 0xb7, 0x5c, 0x1e, 0xff, 0xa1, 0x4c, 0x18, 0xff, 
0xa0, 0x4d, 0x19, 0xff, 0xb7, 0x5d, 0x1e, 0xff, 0xbb, 0x5a, 0x1d, 0xff, 0xb4, 0x58, 0x1c, 0xff, 
0xb3, 0x57, 0x1c, 0xff, 0xb5, 0x53, 0x1a, 0xff, 0xc4, 0x66, 0x22, 0xff, 0xd7, 0x86, 0x31, 0xff, 
0xda, 0x89, 0x32, 0xff, 0xc0, 0x63, 0x20, 0xff, 0xc8, 0x71, 0x27, 0xff, 0xdd, 0x91, 0x36, 0xff, 
0xc7, 0x6b, 0x23, 0xff, 0xd2, 0x7b, 0x2a, 0xff, 0xdd, 0x8a, 0x31, 0xff, 0xc5, 0x6a, 0x23, 0xff, 
0xb4, 0x56, 0x1c, 0xff, 0xc2, 0x67, 0x22, 0xff, 0xba, 0x60, 0x20, 0xff, 0x9f, 0x45, 0x16, 0xff, 
0x9f, 0x48, 0x17, 0xff, 0x9b, 0x4a, 0x18, 0xff, 0x98, 0x44, 0x16, 0xff, 0xac, 0x52, 0x1b, 0xff, 
0xa7, 0x4f, 0x19, 0xff, 0x97, 0x46, 0x17, 0xff, 0xa6, 0x52, 0x1b, 0xff, 0xbb, 0x5f, 0x1f, 0xff, 
0xa7, 0x50, 0x1a, 0xff, 0xb5, 0x5d, 0x1f, 0xff, 0xad, 0x52, 0x1b, 0xff, 0xa1, 0x4b, 0x18, 0xff, 
0x9d, 0x49, 0x17, 0xff, 0xa4, 0x4e, 0x19, 0xff, 0xa5, 0x4d, 0x19, 0xff, 0x9c, 0x48, 0x17, 0xff, 
0x9c, 0x49, 0x17, 0xff, 0x8c, 0x42, 0x15, 0xff, 0x83, 0x3b, 0x13, 0xff, 0xa2, 0x4f, 0x1a, 0xff, 
0xbe, 0x5e, 0x1e, 0xff, 0xb3, 0x56, 0x1c, 0xff, 0xb4, 0x58, 0x1d, 0xff, 0xa4, 0x4c, 0x18, 0xff, 
0x97, 0x44, 0x16, 0xff, 0xb4, 0x59, 0x1c, 0xff, 0xb6, 0x5a, 0x1d, 0xff, 0x93, 0x44, 0x16, 0xff, 
0x98, 0x46, 0x17, 0xff, 0xb3, 0x58, 0x1d, 0xff, 0x98, 0x47, 0x17, 0xff, 0x84, 0x3a, 0x12, 0xff, 
0xba, 0x62, 0x21, 0xff, 0xc3, 0x67, 0x22, 0xff, 0xbe, 0x64, 0x21, 0xff, 0xb0, 0x57, 0x1c, 0xff, 
0xa9, 0x4f, 0x1a, 0xff, 0xa3, 0x4c, 0x19, 0xff, 0xa3, 0x4c, 0x19, 0xff, 0xaa, 0x51, 0x1a, 0xff, 
0xaf, 0x54, 0x1b, 0xff, 0xa3, 0x4d, 0x19, 0xff, 0xb2, 0x57, 0x1d, 0xff, 0xc1, 0x61, 0x20, 0xff, 
0xbb, 0x5d, 0x1f, 0xff, 0xb6, 0x59, 0x1d, 0xff, 0xbc, 0x5f, 0x1f, 0xff, 0xbd, 0x5f, 0x1f, 0xff, 
0xb9, 0x5a, 0x1d, 0xff, 0xb7, 0x58, 0x1c, 0xff, 0xb8, 0x58, 0x1c, 0xff, 0xbe, 0x61, 0x1f, 0xff, 
0xbb, 0x60, 0x1f, 0xff, 0xac, 0x52, 0x1a, 0xff, 0xbb, 0x66, 0x23, 0xff, 0xb7, 0x61, 0x20, 0xff, 
0xb8, 0x5b, 0x1e, 0xff, 0xb8, 0x58, 0x1b, 0xff, 0xb2, 0x4f, 0x17, 0xff, 0xd0, 0x7b, 0x2b, 0xff, 
0xdb, 0x8e, 0x35, 0xff, 0xe1, 0x9e, 0x3f, 0xff, 0xde, 0x96, 0x3a, 0xff, 0xd6, 0x82, 0x2d, 0xff, 
0xdd, 0x94, 0x38, 0xff, 0xf4, 0xbf, 0x52, 0xff, 0xd1, 0x80, 0x2f, 0xff, 0x90, 0x32, 0x0b, 0xff, 
0x9d, 0x41, 0x13, 0xff, 0xc5, 0x6a, 0x23, 0xff, 0xc4, 0x68, 0x21, 0xff, 0xc3, 0x67, 0x21, 0xff, 
0xdc, 0x92, 0x39, 0xff, 0xd2, 0x7e, 0x2c, 0xff, 0xc7, 0x6f, 0x26, 0xff, 0xde, 0x98, 0x3a, 0xff, 
0xce, 0x7a, 0x2b, 0xff, 0xd4, 0x82, 0x2f, 0xff, 0xdc, 0x8f, 0x35, 0xff, 0xd8, 0x87, 0x32, 0xff, 
0xc9, 0x6e, 0x23, 0xff, 0xcd, 0x77, 0x28, 0xff, 0xe6, 0xa4, 0x41, 0xff, 0xed, 0xb3, 0x4a, 0xff, 
0xec, 0xb0, 0x49, 0xff, 0xe2, 0x9d, 0x3d, 0xff, 0xcf, 0x7b, 0x2b, 0xff, 0xcb, 0x72, 0x27, 0xff, 
0xc8, 0x6a, 0x21, 0xff, 0xce, 0x78, 0x29, 0xff, 0xd9, 0x88, 0x31, 0xff, 0xd9, 0x89, 0x32, 0xff, 
0xdd, 0x92, 0x37, 0xff, 0xdf, 0x95, 0x38, 0xff, 0xcb, 0x70, 0x25, 0xff, 0xc8, 0x6d, 0x24, 0xff, 
0xd4, 0x7f, 0x2d, 0xff, 0xc3, 0x6b, 0x25, 0xff, 0xc8, 0x70, 0x27, 0xff, 0xb9, 0x61, 0x20, 0xff, 
0xa8, 0x53, 0x1b, 0xff, 0xb3, 0x5e, 0x1f, 0xff, 0xc0, 0x6e, 0x27, 0xff, 0xcc, 0x7d, 0x2e, 0xff, 
0xb9, 0x66, 0x23, 0xff, 0xb1, 0x55, 0x1b, 0xff, 0xbf, 0x64, 0x21, 0xff, 0xbc, 0x61, 0x1f, 0xff, 
0xc6, 0x6b, 0x23, 0xff, 0xca, 0x6f, 0x26, 0xff, 0xcc, 0x73, 0x27, 0xff, 0xd4, 0x82, 0x2e, 0xff, 
0xca, 0x73, 0x28, 0xff, 0xc6, 0x68, 0x22, 0xff, 0xce, 0x75, 0x27, 0xff, 0xc7, 0x6c, 0x24, 0xff, 
0xb0, 0x52, 0x1a, 0xff, 0xa5, 0x4a, 0x17, 0xff, 0xbd, 0x60, 0x1f, 0xff, 0xc4, 0x65, 0x21, 0xff, 
0xbb, 0x60, 0x1f, 0xff, 0xbc, 0x62, 0x20, 0xff, 0xc5, 0x69, 0x22, 0xff, 0xbd, 0x5e, 0x1d, 0xff, 
0xb5, 0x5a, 0x1d, 0xff, 0xe3, 0x9e, 0x3e, 0xff, 0xe6, 0xa0, 0x3e, 0xff, 0xcb, 0x75, 0x29, 0xff, 
0xaf, 0x54, 0x1a, 0xff, 0xb9, 0x5f, 0x20, 0xff, 0xcf, 0x7b, 0x2c, 0xff, 0xcd, 0x79, 0x2b, 0xff, 
0xc5, 0x68, 0x22, 0xff, 0xcd, 0x75, 0x29, 0xff, 0xd1, 0x7d, 0x2d, 0xff, 0xd3, 0x7f, 0x2d, 0xff, 
0xc9, 0x73, 0x28, 0xff, 0xbd, 0x6c, 0x26, 0xff, 0xb1, 0x5b, 0x1e, 0xff, 0xd5, 0x85, 0x32, 0xff, 
0xde, 0x91, 0x36, 0xff, 0xcd, 0x72, 0x26, 0xff, 0xce, 0x76, 0x28, 0xff, 0xdc, 0x90, 0x36, 0xff, 
0xd7, 0x84, 0x2f, 0xff, 0xc3, 0x69, 0x23, 0xff, 0x9e, 0x48, 0x17, 0xff, 0xaf, 0x58, 0x1c, 0xff, 
0xd0, 0x7e, 0x2e, 0xff, 0xc1, 0x6d, 0x26, 0xff, 0xc0, 0x62, 0x20, 0xff, 0xd5, 0x7b, 0x2a, 0xff, 
0xcc, 0x70, 0x26, 0xff, 0x8f, 0x3f, 0x14, 0xff, 0x73, 0x30, 0x0f, 0xff, 0x88, 0x40, 0x15, 0xff, 
0x89, 0x3f, 0x14, 0xff, 0x85, 0x40, 0x15, 0xff, 0x81, 0x3d, 0x14, 0xff, 0xa5, 0x50, 0x1b, 0xff, 
0xbc, 0x61, 0x20, 0xff, 0xbc, 0x5f, 0x1e, 0xff, 0xc4, 0x63, 0x1e, 0xff, 0xda, 0x8a, 0x32, 0xff, 
0xe5, 0xa5, 0x43, 0xff, 0xe5, 0xa4, 0x43, 0xff, 0xe4, 0xa3, 0x41, 0xff, 0xdc, 0x91, 0x37, 0xff, 
0xd1, 0x7e, 0x2d, 0xff, 0xe0, 0x9c, 0x3e, 0xff, 0xde, 0x93, 0x37, 0xff, 0xd6, 0x82, 0x2e, 0xff, 
0xd4, 0x81, 0x2e, 0xff, 0xd5, 0x85, 0x30, 0xff, 0xd6, 0x85, 0x31, 0xff, 0xd6, 0x87, 0x32, 0xff, 
0xdb, 0x8e, 0x35, 0xff, 0xd9, 0x89, 0x32, 0xff, 0xd3, 0x7a, 0x2a, 0xff, 0xc3, 0x63, 0x20, 0xff, 
0xa8, 0x4d, 0x19, 0xff, 0x93, 0x42, 0x16, 0xff, 0xa0, 0x4f, 0x1a, 0xff, 0xa7, 0x52, 0x1b, 0xff, 
0x9d, 0x47, 0x17, 0xff, 0xa7, 0x4d, 0x19, 0xff, 0x93, 0x43, 0x16, 0xff, 0x90, 0x44, 0x16, 0xff, 
0xa7, 0x4f, 0x1a, 0xff, 0xb8, 0x5c, 0x1e, 0xff, 0xbd, 0x62, 0x1f, 0xff, 0xbf, 0x68, 0x23, 0xff, 
0xba, 0x61, 0x21, 0xff, 0xad, 0x4d, 0x18, 0xff, 0xb9, 0x5b, 0x1d, 0xff, 0xc1, 0x67, 0x22, 0xff, 
0xc0, 0x63, 0x21, 0xff, 0xd0, 0x77, 0x28, 0xff, 0xd7, 0x80, 0x2d, 0xff, 0xca, 0x70, 0x27, 0xff, 
0xb7, 0x5c, 0x1e, 0xff, 0xa6, 0x4c, 0x18, 0xff, 0xb4, 0x59, 0x1d, 0xff, 0xb5, 0x58, 0x1c, 0xff, 
0xbb, 0x5d, 0x1e, 0xff, 0xb7, 0x5b, 0x1d, 0xff, 0xaa, 0x4f, 0x1b, 0xff, 0xba, 0x5f, 0x1f, 0xff, 
0xc1, 0x65, 0x22, 0xff, 0xbe, 0x61, 0x1f, 0xff, 0xbf, 0x60, 0x1e, 0xff, 0xc7, 0x69, 0x22, 0xff, 
0xc8, 0x6b, 0x23, 0xff, 0xcb, 0x70, 0x25, 0xff, 0xbf, 0x61, 0x1f, 0xff, 0xb5, 0x51, 0x17, 0xff, 
0xbf, 0x5a, 0x1a, 0xff, 0xcc, 0x71, 0x26, 0xff, 0xdc, 0x8d, 0x34, 0xff, 0xdd, 0x93, 0x37, 0xff, 
0xd6, 0x86, 0x30, 0xff, 0xd0, 0x7a, 0x2a, 0xff, 0xd8, 0x86, 0x31, 0xff, 0xd9, 0x88, 0x31, 0xff, 
0xdf, 0x97, 0x3b, 0xff, 0xe4, 0xa2, 0x40, 0xff, 0xe3, 0x9e, 0x3e, 0xff, 0xcf, 0x7c, 0x2d, 0xff, 
0xb6, 0x58, 0x1c, 0xff, 0xa4, 0x49, 0x17, 0xff, 0xa3, 0x50, 0x1b, 0xff, 0xac, 0x55, 0x1c, 0xff, 
0xb4, 0x53, 0x19, 0xff, 0xbb, 0x5c, 0x1d, 0xff, 0xb7, 0x5b, 0x1d, 0xff, 0xb9, 0x60, 0x20, 0xff, 
0xa2, 0x4b, 0x19, 0xff, 0xac, 0x52, 0x1a, 0xff, 0xb8, 0x5a, 0x1d, 0xff, 0xb2, 0x54, 0x1b, 0xff, 
0xbf, 0x63, 0x20, 0xff, 0xcf, 0x79, 0x2a, 0xff, 0xd2, 0x7f, 0x2d, 0xff, 0xd6, 0x84, 0x2f, 0xff, 
0xdb, 0x8b, 0x33, 0xff, 0xd3, 0x7d, 0x2c, 0xff, 0xc3, 0x69, 0x23, 0xff, 0xc7, 0x70, 0x27, 0xff, 
0xd6, 0x81, 0x2d, 0xff, 0xcd, 0x73, 0x27, 0xff, 0xca, 0x71, 0x26, 0xff, 0xcd, 0x72, 0x26, 0xff, 
0xc2, 0x65, 0x21, 0xff, 0xad, 0x52, 0x1b, 0xff, 0xb3, 0x57, 0x1c, 0xff, 0xbc, 0x62, 0x20, 0xff, 
0xbf, 0x63, 0x20, 0xff, 0xb7, 0x5b, 0x1d, 0xff, 0xb1, 0x57, 0x1d, 0xff, 0xa0, 0x4a, 0x18, 0xff, 
0x9c, 0x49, 0x17, 0xff, 0x93, 0x43, 0x16, 0xff, 0xc4, 0x6d, 0x24, 0xff, 0xc0, 0x64, 0x20, 0xff, 
0xad, 0x54, 0x1b, 0xff, 0xb9, 0x62, 0x21, 0xff, 0xac, 0x52, 0x1a, 0xff, 0xa0, 0x4b, 0x18, 0xff, 
0x9a, 0x48, 0x17, 0xff, 0xac, 0x52, 0x1a, 0xff, 0xa8, 0x50, 0x1a, 0xff, 0x9e, 0x49, 0x17, 0xff, 
0x8f, 0x42, 0x15, 0xff, 0x8a, 0x41, 0x15, 0xff, 0x8e, 0x40, 0x14, 0xff, 0xb7, 0x5c, 0x1e, 0xff, 
0xdd, 0x84, 0x2e, 0xff, 0xb7, 0x5b, 0x1d, 0xff, 0xb2, 0x55, 0x1c, 0xff, 0xc0, 0x65, 0x21, 0xff, 
0x9f, 0x4b, 0x18, 0xff, 0x97, 0x46, 0x17, 0xff, 0x8f, 0x42, 0x16, 0xff, 0x82, 0x3b, 0x13, 0xff, 
0xb2, 0x58, 0x1d, 0xff, 0xb0, 0x57, 0x1d, 0xff, 0x9e, 0x48, 0x17, 0xff, 0xb2, 0x5a, 0x1e, 0xff, 
0xad, 0x56, 0x1d, 0xff, 0xa9, 0x4d, 0x18, 0xff, 0xc7, 0x70, 0x26, 0xff, 0xd1, 0x78, 0x29, 0xff, 
0xb0, 0x52, 0x1a, 0xff, 0xa5, 0x4c, 0x19, 0xff, 0xa0, 0x4a, 0x18, 0xff, 0xa1, 0x4c, 0x19, 0xff, 
0xad, 0x53, 0x1b, 0xff, 0xa5, 0x4e, 0x19, 0xff, 0xb3, 0x57, 0x1c, 0xff, 0xc2, 0x62, 0x20, 0xff, 
0xbf, 0x61, 0x1f, 0xff, 0xb8, 0x5b, 0x1e, 0xff, 0xbf, 0x60, 0x1f, 0xff, 0xc0, 0x60, 0x1f, 0xff, 
0xac, 0x52, 0x1b, 0xff, 0xa0, 0x4a, 0x18, 0xff, 0x92, 0x3f, 0x14, 0xff, 0x95, 0x42, 0x15, 0xff, 
0xae, 0x55, 0x1b, 0xff, 0xb9, 0x5d, 0x1e, 0xff, 0xb0, 0x5a, 0x1f, 0xff, 0xbf, 0x69, 0x24, 0xff, 
0xca, 0x6b, 0x22, 0xff, 0xc1, 0x60, 0x1d, 0xff, 0xcb, 0x77, 0x2a, 0xff, 0xd7, 0x88, 0x32, 0xff, 
0xd2, 0x7e, 0x2c, 0xff, 0xf0, 0xba, 0x4e, 0xff, 0xff, 0xdd, 0x64, 0xff, 0xec, 0xb2, 0x49, 0xff, 
0xe4, 0xa1, 0x40, 0xff, 0xec, 0xb2, 0x4b, 0xff, 0xe4, 0xa4, 0x42, 0xff, 0xbf, 0x6a, 0x24, 0xff, 
0xce, 0x7b, 0x2d, 0xff, 0xd7, 0x85, 0x30, 0xff, 0xd0, 0x7a, 0x2a, 0xff, 0xbf, 0x5c, 0x1b, 0xff, 
0xdb, 0x92, 0x39, 0xff, 0xe6, 0xa6, 0x44, 0xff, 0xe1, 0x9d, 0x3e, 0xff, 0xe9, 0xab, 0x45, 0xff, 
0xc9, 0x78, 0x2c, 0xff, 0xb8, 0x5c, 0x1e, 0xff, 0xbe, 0x61, 0x1f, 0xff, 0xb0, 0x50, 0x19, 0xff, 
0xc6, 0x6d, 0x25, 0xff, 0xd2, 0x7d, 0x2b, 0xff, 0xe0, 0x9a, 0x3b, 0xff, 0xe5, 0xa4, 0x42, 0xff, 
0xde, 0x94, 0x38, 0xff, 0xe2, 0x9e, 0x3f, 0xff, 0xeb, 0xae, 0x48, 0xff, 0xeb, 0xae, 0x47, 0xff, 
0xea, 0xab, 0x45, 0xff, 0xed, 0xb5, 0x4c, 0xff, 0xea, 0xae, 0x47, 0xff, 0xe4, 0xa2, 0x42, 0xff, 
0xee, 0xb8, 0x4e, 0xff, 0xfa, 0xce, 0x59, 0xff, 0xea, 0xac, 0x47, 0xff, 0xdc, 0x93, 0x39, 0xff, 
0xdf, 0x94, 0x39, 0xff, 0xc8, 0x75, 0x29, 0xff, 0xa5, 0x59, 0x1e, 0xff, 0x95, 0x48, 0x17, 0xff, 
0xa3, 0x52, 0x1b, 0xff, 0xa8, 0x5a, 0x1e, 0xff, 0xbd, 0x69, 0x25, 0xff, 0xae, 0x5d, 0x20, 0xff, 
0xa0, 0x4e, 0x19, 0xff, 0xaa, 0x52, 0x1a, 0xff, 0xa8, 0x4e, 0x19, 0xff, 0xc0, 0x65, 0x21, 0xff, 
0xbc, 0x60, 0x20, 0xff, 0xbf, 0x61, 0x1f, 0xff, 0xcd, 0x74, 0x27, 0xff, 0xd4, 0x81, 0x2e, 0xff, 
0xc7, 0x6b, 0x23, 0xff, 0xc4, 0x67, 0x22, 0xff, 0xc9, 0x6e, 0x24, 0xff, 0xc5, 0x68, 0x22, 0xff, 
0xbc, 0x5f, 0x1f, 0xff, 0xb3, 0x57, 0x1c, 0xff, 0xb7, 0x59, 0x1c, 0xff, 0xb4, 0x57, 0x1c, 0xff, 
0xbc, 0x5e, 0x1e, 0xff, 0xc1, 0x63, 0x20, 0xff, 0xbb, 0x5b, 0x1c, 0xff, 0xc5, 0x67, 0x21, 0xff, 
0xe4, 0x9b, 0x3b, 0xff, 0xd4, 0x88, 0x33, 0xff, 0xc2, 0x69, 0x24, 0xff, 0xc5, 0x6c, 0x25, 0xff, 
0xa1, 0x49, 0x17, 0xff, 0xa0, 0x4a, 0x18, 0xff, 0xb5, 0x58, 0x1c, 0xff, 0xd0, 0x79, 0x2a, 0xff, 
0xd6, 0x84, 0x2f, 0xff, 0xc0, 0x63, 0x20, 0xff, 0xb7, 0x59, 0x1c, 0xff, 0xcd, 0x79, 0x2c, 0xff, 
0xd8, 0x8c, 0x34, 0xff, 0xd4, 0x88, 0x33, 0xff, 0xdf, 0x92, 0x38, 0xff, 0xd9, 0x8b, 0x34, 0xff, 
0xd9, 0x89, 0x31, 0xff, 0xd6, 0x80, 0x2d, 0xff, 0xd3, 0x7c, 0x2c, 0xff, 0xdc, 0x8e, 0x35, 0xff, 
0xe0, 0x8d, 0x33, 0xff, 0xb3, 0x57, 0x1c, 0xff, 0x8f, 0x3b, 0x12, 0xff, 0xaa, 0x50, 0x19, 0xff, 
0xb3, 0x57, 0x1c, 0xff, 0x9e, 0x46, 0x16, 0xff, 0xb8, 0x5b, 0x1d, 0xff, 0xc8, 0x6d, 0x25, 0xff, 
0xae, 0x5d, 0x21, 0xff, 0xb6, 0x69, 0x26, 0xff, 0x9e, 0x53, 0x1c, 0xff, 0x90, 0x40, 0x14, 0xff, 
0x80, 0x39, 0x12, 0xff, 0x97, 0x49, 0x18, 0xff, 0xc2, 0x63, 0x20, 0xff, 0xb7, 0x58, 0x1c, 0xff, 
0xae, 0x58, 0x1d, 0xff, 0xc0, 0x6d, 0x26, 0xff, 0xd9, 0x8d, 0x36, 0xff, 0xe3, 0x9f, 0x3f, 0xff, 
0xe2, 0x9f, 0x40, 0xff, 0xe5, 0xa4, 0x43, 0xff, 0xde, 0x95, 0x38, 0xff, 0xda, 0x8d, 0x34, 0xff, 
0xd2, 0x7d, 0x2b, 0xff, 0xe3, 0x9b, 0x3d, 0xff, 0xdc, 0x88, 0x30, 0xff, 0xd1, 0x74, 0x27, 0xff, 
0xce, 0x76, 0x29, 0xff, 0xd2, 0x7e, 0x2c, 0xff, 0xde, 0x94, 0x38, 0xff, 0xd6, 0x85, 0x30, 0xff, 
0xd2, 0x7d, 0x2c, 0xff, 0xcb, 0x74, 0x28, 0xff, 0xc7, 0x69, 0x22, 0xff, 0xc1, 0x63, 0x21, 0xff, 
0xb0, 0x55, 0x1c, 0xff, 0xb3, 0x58, 0x1c, 0xff, 0x90, 0x42, 0x15, 0xff, 0x7d, 0x39, 0x12, 0xff, 
0x7a, 0x37, 0x12, 0xff, 0x93, 0x43, 0x16, 0xff, 0x97, 0x46, 0x16, 0xff, 0x86, 0x3e, 0x14, 0xff, 
0x8b, 0x3e, 0x14, 0xff, 0xb1, 0x57, 0x1d, 0xff, 0xc5, 0x6a, 0x23, 0xff, 0xd1, 0x7b, 0x2a, 0xff, 
0xd9, 0x83, 0x2e, 0xff, 0xd4, 0x81, 0x2f, 0xff, 0xc5, 0x69, 0x23, 0xff, 0xc1, 0x62, 0x1f, 0xff, 
0xbc, 0x5f, 0x1e, 0xff, 0xbe, 0x61, 0x1f, 0xff, 0xbb, 0x5a, 0x1d, 0xff, 0xb5, 0x57, 0x1c, 0xff, 
0xba, 0x5f, 0x1f, 0xff, 0xba, 0x5b, 0x1d, 0xff, 0xb7, 0x59, 0x1c, 0xff, 0xaf, 0x53, 0x1a, 0xff, 
0xa7, 0x50, 0x1a, 0xff, 0xaa, 0x51, 0x1a, 0xff, 0xb4, 0x57, 0x1d, 0xff, 0xb4, 0x57, 0x1d, 0xff, 
0xb7, 0x5a, 0x1e, 0xff, 0xb9, 0x5b, 0x1d, 0xff, 0xba, 0x5c, 0x1d, 0xff, 0xbc, 0x5e, 0x1e, 0xff, 
0xc3, 0x65, 0x21, 0xff, 0xbc, 0x5e, 0x1e, 0xff, 0xb3, 0x56, 0x1b, 0xff, 0xae, 0x54, 0x1b, 0xff, 
0xb5, 0x58, 0x1d, 0xff, 0xbd, 0x5e, 0x1e, 0xff, 0xc2, 0x63, 0x1f, 0xff, 0xd0, 0x78, 0x29, 0xff, 
0xd5, 0x82, 0x2f, 0xff, 0xdd, 0x91, 0x37, 0xff, 0xd8, 0x88, 0x32, 0xff, 0xd5, 0x81, 0x2e, 0xff, 
0xdd, 0x93, 0x37, 0xff, 0xdc, 0x92, 0x37, 0xff, 0xdb, 0x93, 0x38, 0xff, 0xe3, 0x9c, 0x3c, 0xff, 
0xd3, 0x7e, 0x2c, 0xff, 0xc1, 0x63, 0x1f, 0xff, 0xd7, 0x82, 0x30, 0xff, 0xdc, 0x8c, 0x34, 0xff, 
0xd8, 0x8b, 0x34, 0xff, 0xd7, 0x85, 0x30, 0xff, 0xb3, 0x57, 0x1c, 0xff, 0xbd, 0x61, 0x20, 0xff, 
0xb9, 0x5e, 0x1e, 0xff, 0xaa, 0x4d, 0x18, 0xff, 0xbb, 0x5e, 0x1f, 0xff, 0xc7, 0x6c, 0x24, 0xff, 
0xcc, 0x74, 0x27, 0xff, 0xd7, 0x86, 0x30, 0xff, 0xce, 0x75, 0x28, 0xff, 0xce, 0x74, 0x27, 0xff, 
0xd5, 0x80, 0x2d, 0xff, 0xc8, 0x70, 0x26, 0xff, 0xc4, 0x68, 0x23, 0xff, 0xb0, 0x54, 0x1b, 0xff, 
0xa6, 0x4c, 0x18, 0xff, 0xa7, 0x4c, 0x18, 0xff, 0x99, 0x42, 0x15, 0xff, 0xab, 0x51, 0x1a, 0xff, 
0xb6, 0x59, 0x1d, 0xff, 0xb1, 0x55, 0x1c, 0xff, 0xbb, 0x59, 0x1b, 0xff, 0xdb, 0x87, 0x30, 0xff, 
0xe1, 0x98, 0x39, 0xff, 0xc1, 0x63, 0x20, 0xff, 0xcb, 0x6d, 0x23, 0xff, 0xbb, 0x5f, 0x1f, 0xff, 
0xa4, 0x4f, 0x1a, 0xff, 0x9b, 0x48, 0x17, 0xff, 0xb2, 0x5a, 0x1e, 0xff, 0xac, 0x54, 0x1b, 0xff, 
0xab, 0x52, 0x1a, 0xff, 0xb6, 0x59, 0x1d, 0xff, 0xb5, 0x59, 0x1d, 0xff, 0xa1, 0x4c, 0x19, 0xff, 
0xa8, 0x50, 0x1a, 0xff, 0xa8, 0x50, 0x1a, 0xff, 0x98, 0x46, 0x18, 0xff, 0xa5, 0x4f, 0x1a, 0xff, 
0x90, 0x41, 0x16, 0xff, 0x89, 0x3f, 0x15, 0xff, 0x90, 0x43, 0x15, 0xff, 0x9c, 0x44, 0x15, 0xff, 
0xc6, 0x6f, 0x26, 0xff, 0xd0, 0x7d, 0x2d, 0xff, 0xdc, 0x8b, 0x33, 0xff, 0xd6, 0x82, 0x2e, 0xff, 
0xc2, 0x65, 0x21, 0xff, 0xa2, 0x4d, 0x19, 0xff, 0x7e, 0x38, 0x12, 0xff, 0x86, 0x3e, 0x13, 0xff, 
0xa9, 0x52, 0x1a, 0xff, 0x89, 0x3f, 0x14, 0xff, 0x95, 0x43, 0x15, 0xff, 0xc0, 0x63, 0x21, 0xff, 
0xb4, 0x59, 0x1d, 0xff, 0xab, 0x4f, 0x19, 0xff, 0xd2, 0x7a, 0x2a, 0xff, 0xcf, 0x75, 0x28, 0xff, 
0x9f, 0x46, 0x16, 0xff, 0x9d, 0x46, 0x17, 0xff, 0xa8, 0x4f, 0x19, 0xff, 0xb0, 0x54, 0x1b, 0xff, 
0xae, 0x53, 0x1c, 0xff, 0xaf, 0x54, 0x1b, 0xff, 0xaf, 0x54, 0x1b, 0xff, 0xac, 0x54, 0x1b, 0xff, 
0xb8, 0x5c, 0x1d, 0xff, 0xc0, 0x61, 0x20, 0xff, 0xbe, 0x5e, 0x1e, 0xff, 0xab, 0x51, 0x1a, 0xff, 
0x92, 0x45, 0x17, 0xff, 0x93, 0x45, 0x16, 0xff, 0xa7, 0x56, 0x1d, 0xff, 0xa9, 0x58, 0x1e, 0xff, 
0xa6, 0x4c, 0x17, 0xff, 0xaa, 0x4c, 0x18, 0xff, 0xa5, 0x4b, 0x18, 0xff, 0xa9, 0x4b, 0x17, 0xff, 
0xc8, 0x6a, 0x22, 0xff, 0xde, 0x91, 0x36, 0xff, 0xe9, 0xab, 0x45, 0xff, 0xe1, 0x9d, 0x3e, 0xff, 
0xef, 0xb9, 0x4f, 0xff, 0xed, 0xb7, 0x4d, 0xff, 0xe2, 0x9f, 0x40, 0xff, 0xee, 0xb6, 0x4c, 0xff, 
0xf1, 0xbc, 0x4f, 0xff, 0xe3, 0xa2, 0x41, 0xff, 0xe6, 0xa8, 0x45, 0xff, 0xed, 0xad, 0x46, 0xff, 
0xe9, 0xa7, 0x44, 0xff, 0xdd, 0x94, 0x3a, 0xff, 0xd4, 0x81, 0x2d, 0xff, 0xdf, 0x98, 0x3a, 0xff, 
0xf0, 0xbc, 0x51, 0xff, 0xe6, 0xa7, 0x44, 0xff, 0xe7, 0xa9, 0x45, 0xff, 0xec, 0xb3, 0x4c, 0xff, 
0xeb, 0xae, 0x47, 0xff, 0xd5, 0x83, 0x30, 0xff, 0xb7, 0x55, 0x19, 0xff, 0xa9, 0x48, 0x15, 0xff, 
0xd1, 0x80, 0x2e, 0xff, 0xe1, 0x97, 0x39, 0xff, 0xde, 0x95, 0x39, 0xff, 0xde, 0x96, 0x3a, 0xff, 
0xd7, 0x85, 0x2f, 0xff, 0xd9, 0x8a, 0x33, 0xff, 0xe1, 0x9f, 0x3f, 0xff, 0xf1, 0xbd, 0x51, 0xff, 
0xf7, 0xca, 0x59, 0xff, 0xf8, 0xcb, 0x5a, 0xff, 0xf4, 0xc3, 0x54, 0xff, 0xed, 0xb5, 0x4c, 0xff, 
0xe3, 0xa0, 0x40, 0xff, 0xd3, 0x86, 0x32, 0xff, 0xcc, 0x7b, 0x2d, 0xff, 0xb2, 0x59, 0x1e, 0xff, 
0x85, 0x3d, 0x14, 0xff, 0x75, 0x33, 0x0f, 0xff, 0x85, 0x3a, 0x12, 0xff, 0x8f, 0x45, 0x16, 0xff, 
0x86, 0x3d, 0x14, 0xff, 0x73, 0x31, 0x0f, 0xff, 0x7a, 0x33, 0x0f, 0xff, 0x89, 0x3a, 0x13, 0xff, 
0x9b, 0x48, 0x18, 0xff, 0xb8, 0x5d, 0x1e, 0xff, 0xb2, 0x57, 0x1b, 0xff, 0xc0, 0x66, 0x22, 0xff, 
0xba, 0x5d, 0x1f, 0xff, 0xc7, 0x6c, 0x24, 0xff, 0xcb, 0x71, 0x25, 0xff, 0xc1, 0x62, 0x1f, 0xff, 
0xc4, 0x66, 0x20, 0xff, 0xc5, 0x69, 0x22, 0xff, 0xc7, 0x6c, 0x25, 0xff, 0xc7, 0x6c, 0x24, 0xff, 
0xc0, 0x63, 0x20, 0xff, 0xbf, 0x60, 0x20, 0xff, 0xb6, 0x5a, 0x1d, 0xff, 0xad, 0x52, 0x1b, 0xff, 
0xb1, 0x56, 0x1c, 0xff, 0xb3, 0x55, 0x1b, 0xff, 0xb5, 0x53, 0x18, 0xff, 0xcb, 0x75, 0x29, 0xff, 
0xe5, 0x9e, 0x3c, 0xff, 0xc7, 0x69, 0x22, 0xff, 0xbc, 0x5b, 0x1c, 0xff, 0xc2, 0x61, 0x1f, 0xff, 
0xb1, 0x54, 0x1b, 0xff, 0x9d, 0x49, 0x17, 0xff, 0x9e, 0x49, 0x17, 0xff, 0xba, 0x5f, 0x20, 0xff, 
0xcf, 0x79, 0x2b, 0xff, 0xd1, 0x7d, 0x2c, 0xff, 0xc3, 0x6a, 0x23, 0xff, 0xc8, 0x71, 0x27, 0xff, 
0xda, 0x87, 0x31, 0xff, 0xdd, 0x8e, 0x34, 0xff, 0xdd, 0x94, 0x38, 0xff, 0xe6, 0xa7, 0x44, 0xff, 
0xd7, 0x8b, 0x34, 0xff, 0xcd, 0x74, 0x27, 0xff, 0xcf, 0x74, 0x27, 0xff, 0xbc, 0x5e, 0x1e, 0xff, 
0xc7, 0x6f, 0x26, 0xff, 0xab, 0x57, 0x1d, 0xff, 0xaa, 0x50, 0x1a, 0xff, 0xc1, 0x6a, 0x25, 0xff, 
0xa4, 0x4f, 0x1a, 0xff, 0x93, 0x41, 0x15, 0xff, 0xa8, 0x54, 0x1c, 0xff, 0xc0, 0x60, 0x1f, 0xff, 
0x74, 0x29, 0x0b, 0xff, 0xb5, 0x6f, 0x29, 0xff, 0xb6, 0x68, 0x25, 0xff, 0x79, 0x32, 0x0e, 0xff, 
0x92, 0x46, 0x17, 0xff, 0x7b, 0x37, 0x12, 0xff, 0x89, 0x3d, 0x14, 0xff, 0xac, 0x55, 0x1c, 0xff, 
0xc4, 0x66, 0x21, 0xff, 0xc7, 0x70, 0x26, 0xff, 0xe7, 0xa9, 0x44, 0xff, 0xeb, 0xb2, 0x49, 0xff, 
0xe8, 0xab, 0x48, 0xff, 0xee, 0xb7, 0x4f, 0xff, 0xe2, 0x9d, 0x3e, 0xff, 0xdb, 0x8d, 0x34, 0xff, 
0xe0, 0x96, 0x3a, 0xff, 0xcf, 0x7e, 0x2d, 0xff, 0xb1, 0x56, 0x1b, 0xff, 0x97, 0x43, 0x15, 0xff, 
0xaa, 0x4e, 0x17, 0xff, 0xd4, 0x7b, 0x2a, 0xff, 0xd8, 0x89, 0x32, 0xff, 0xd9, 0x89, 0x32, 0xff, 
0xd4, 0x80, 0x2d, 0xff, 0xc0, 0x64, 0x20, 0xff, 0xb6, 0x5f, 0x20, 0xff, 0xc9, 0x6b, 0x24, 0xff, 
0xd0, 0x6b, 0x22, 0xff, 0xaf, 0x54, 0x1b, 0xff, 0x82, 0x3c, 0x13, 0xff, 0x67, 0x2e, 0x0e, 0xff, 
0x75, 0x35, 0x11, 0xff, 0x80, 0x3b, 0x13, 0xff, 0x8b, 0x40, 0x14, 0xff, 0x96, 0x44, 0x16, 0xff, 
0x94, 0x42, 0x15, 0xff, 0xbf, 0x62, 0x1f, 0xff, 0xcc, 0x6e, 0x25, 0xff, 0xc0, 0x61, 0x1f, 0xff, 
0xb9, 0x5b, 0x1e, 0xff, 0xe0, 0x97, 0x3a, 0xff, 0xd7, 0x85, 0x30, 0xff, 0xc0, 0x60, 0x1e, 0xff, 
0xc3, 0x67, 0x22, 0xff, 0xbf, 0x62, 0x20, 0xff, 0xc2, 0x64, 0x20, 0xff, 0xbb, 0x5d, 0x1e, 0xff, 
0xb7, 0x58, 0x1c, 0xff, 0xcb, 0x6e, 0x24, 0xff, 0xbe, 0x64, 0x22, 0xff, 0xaa, 0x53, 0x1c, 0xff, 
0xa6, 0x4e, 0x18, 0xff, 0xa6, 0x4c, 0x18, 0xff, 0xbd, 0x62, 0x20, 0xff, 0xbe, 0x62, 0x20, 0xff, 
0xbe, 0x62, 0x20, 0xff, 0xc1, 0x63, 0x20, 0xff, 0xc5, 0x6a, 0x22, 0xff, 0xba, 0x5d, 0x1e, 0xff, 
0xba, 0x5e, 0x1f, 0xff, 0xc4, 0x69, 0x23, 0xff, 0xb1, 0x55, 0x1b, 0xff, 0x9e, 0x49, 0x18, 0xff, 
0xaa, 0x51, 0x1a, 0xff, 0xbb, 0x5b, 0x1d, 0xff, 0xb8, 0x58, 0x1c, 0xff, 0xca, 0x6f, 0x25, 0xff, 
0xd1, 0x78, 0x29, 0xff, 0xcb, 0x70, 0x26, 0xff, 0xcb, 0x73, 0x27, 0xff, 0xd3, 0x7f, 0x2d, 0xff, 
0xd4, 0x7f, 0x2d, 0xff, 0xcb, 0x71, 0x25, 0xff, 0xd9, 0x8a, 0x32, 0xff, 0xd5, 0x88, 0x32, 0xff, 
0xd2, 0x80, 0x2d, 0xff, 0xd6, 0x7f, 0x2c, 0xff, 0xc8, 0x6c, 0x24, 0xff, 0xcb, 0x72, 0x26, 0xff, 
0xeb, 0xab, 0x45, 0xff, 0xec, 0xb1, 0x48, 0xff, 0xcc, 0x74, 0x28, 0xff, 0xcc, 0x76, 0x2a, 0xff, 
0xbf, 0x65, 0x21, 0xff, 0xbc, 0x5f, 0x1e, 0xff, 0xbf, 0x62, 0x20, 0xff, 0xca, 0x72, 0x26, 0xff, 
0xcf, 0x77, 0x28, 0xff, 0xcb, 0x74, 0x28, 0xff, 0xd5, 0x84, 0x30, 0xff, 0xcb, 0x70, 0x25, 0xff, 
0xcd, 0x74, 0x26, 0xff, 0xbd, 0x60, 0x1e, 0xff, 0xbc, 0x5f, 0x1f, 0xff, 0xb3, 0x5b, 0x1e, 0xff, 
0xc1, 0x6b, 0x24, 0xff, 0xbc, 0x66, 0x23, 0xff, 0x92, 0x3f, 0x15, 0xff, 0x93, 0x3f, 0x14, 0xff, 
0xb7, 0x5c, 0x1e, 0xff, 0xc8, 0x6b, 0x24, 0xff, 0xb5, 0x5b, 0x1e, 0xff, 0xb9, 0x62, 0x21, 0xff, 
0xdf, 0x94, 0x37, 0xff, 0xdc, 0x8c, 0x33, 0xff, 0xc0, 0x62, 0x1f, 0xff, 0xb5, 0x54, 0x1a, 0xff, 
0xbe, 0x60, 0x1f, 0xff, 0xac, 0x51, 0x1a, 0xff, 0x9a, 0x45, 0x17, 0xff, 0xa5, 0x4d, 0x19, 0xff, 
0xb2, 0x58, 0x1c, 0xff, 0xb5, 0x58, 0x1c, 0xff, 0xbd, 0x60, 0x20, 0xff, 0xa4, 0x50, 0x19, 0xff, 
0xa0, 0x4c, 0x18, 0xff, 0xb4, 0x59, 0x1d, 0xff, 0xa7, 0x4f, 0x19, 0xff, 0xa7, 0x51, 0x1b, 0xff, 
0x9a, 0x4a, 0x18, 0xff, 0x90, 0x43, 0x16, 0xff, 0x94, 0x45, 0x17, 0xff, 0x8f, 0x3f, 0x14, 0xff, 
0xa5, 0x4d, 0x1a, 0xff, 0xdc, 0x82, 0x2d, 0xff, 0xcf, 0x7e, 0x2e, 0xff, 0xdc, 0x89, 0x30, 0xff, 
0xcd, 0x70, 0x26, 0xff, 0x9e, 0x47, 0x15, 0xff, 0x86, 0x3d, 0x14, 0xff, 0x9c, 0x49, 0x18, 0xff, 
0xa6, 0x4f, 0x1a, 0xff, 0x95, 0x44, 0x16, 0xff, 0xa1, 0x4c, 0x18, 0xff, 0xa9, 0x51, 0x1a, 0xff, 
0xb7, 0x5b, 0x1d, 0xff, 0xd0, 0x77, 0x28, 0xff, 0xce, 0x75, 0x28, 0xff, 0xb4, 0x57, 0x1b, 0xff, 
0xb0, 0x56, 0x1c, 0xff, 0xbc, 0x63, 0x21, 0xff, 0xb0, 0x57, 0x1c, 0xff, 0xb3, 0x56, 0x1c, 0xff, 
0xb6, 0x58, 0x1d, 0xff, 0xae, 0x54, 0x1b, 0xff, 0xaa, 0x51, 0x1a, 0xff, 0xa4, 0x4e, 0x1a, 0xff, 
0xab, 0x51, 0x1a, 0xff, 0xb4, 0x58, 0x1c, 0xff, 0xa4, 0x4d, 0x19, 0xff, 0x99, 0x48, 0x17, 0xff, 
0x87, 0x3a, 0x12, 0xff, 0xa6, 0x4f, 0x19, 0xff, 0xce, 0x77, 0x29, 0xff, 0xd1, 0x7f, 0x2e, 0xff, 
0xd2, 0x83, 0x31, 0xff, 0xac, 0x54, 0x1c, 0xff, 0xb9, 0x54, 0x18, 0xff, 0xc6, 0x64, 0x1f, 0xff, 
0xe0, 0x9c, 0x3f, 0xff, 0xea, 0xae, 0x48, 0xff, 0xe5, 0xa3, 0x42, 0xff, 0xf2, 0xbf, 0x52, 0xff, 
0xf5, 0xc2, 0x54, 0xff, 0xd7, 0x88, 0x32, 0xff, 0xd6, 0x85, 0x2f, 0xff, 0xdd, 0x90, 0x37, 0xff, 
0xe1, 0x99, 0x3b, 0xff, 0xe5, 0xa4, 0x41, 0xff, 0xf0, 0xba, 0x4e, 0xff, 0xf4, 0xc4, 0x54, 0xff, 
0xe3, 0xa2, 0x42, 0xff, 0xd6, 0x87, 0x31, 0xff, 0xe1, 0x9d, 0x3e, 0xff, 0xea, 0xb0, 0x49, 0xff, 
0xe0, 0x9a, 0x3d, 0xff, 0xd8, 0x89, 0x32, 0xff, 0xdd, 0x93, 0x39, 0xff, 0xef, 0xbc, 0x50, 0xff, 
0xea, 0xaf, 0x49, 0xff, 0xdb, 0x8b, 0x33, 0xff, 0xcb, 0x71, 0x25, 0xff, 0xd0, 0x7a, 0x2a, 0xff, 
0xc5, 0x6a, 0x23, 0xff, 0xc9, 0x6e, 0x25, 0xff, 0xe2, 0x9c, 0x3c, 0xff, 0xe9, 0xae, 0x48, 0xff, 
0xe3, 0xa1, 0x40, 0xff, 0xe3, 0xa2, 0x40, 0xff, 0xea, 0xb0, 0x4a, 0xff, 0xee, 0xb7, 0x4e, 0xff, 
0xe4, 0xa1, 0x40, 0xff, 0xe8, 0xac, 0x47, 0xff, 0xe2, 0x9d, 0x3f, 0xff, 0xd9, 0x89, 0x32, 0xff, 
0xd1, 0x7d, 0x2c, 0xff, 0xbf, 0x60, 0x1f, 0xff, 0xba, 0x59, 0x1b, 0xff, 0x9d, 0x46, 0x16, 0xff, 
0x86, 0x3c, 0x13, 0xff, 0xa1, 0x4f, 0x19, 0xff, 0xca, 0x73, 0x28, 0xff, 0xce, 0x73, 0x27, 0xff, 
0x99, 0x48, 0x17, 0xff, 0x87, 0x3e, 0x14, 0xff, 0x80, 0x3b, 0x13, 0xff, 0x81, 0x3b, 0x13, 0xff, 
0x7f, 0x37, 0x12, 0xff, 0xad, 0x56, 0x1c, 0xff, 0xd0, 0x77, 0x29, 0xff, 0xc4, 0x68, 0x22, 0xff, 
0xc2, 0x65, 0x21, 0xff, 0xc7, 0x6a, 0x23, 0xff, 0xc7, 0x6a, 0x22, 0xff, 0xca, 0x6f, 0x25, 0xff, 
0xc8, 0x6c, 0x25, 0xff, 0xcc, 0x72, 0x26, 0xff, 0xce, 0x76, 0x28, 0xff, 0xc7, 0x6b, 0x24, 0xff, 
0xc3, 0x66, 0x21, 0xff, 0xc6, 0x69, 0x23, 0xff, 0xbc, 0x60, 0x1f, 0xff, 0xb6, 0x58, 0x1c, 0xff, 
0xbb, 0x5d, 0x1e, 0xff, 0xc5, 0x6c, 0x24, 0xff, 0xbd, 0x60, 0x1e, 0xff, 0xd8, 0x86, 0x30, 0xff, 
0xc5, 0x75, 0x2a, 0xff, 0xa1, 0x45, 0x15, 0xff, 0xd0, 0x74, 0x26, 0xff, 0xc1, 0x66, 0x21, 0xff, 
0xad, 0x51, 0x1a, 0xff, 0xb2, 0x55, 0x1b, 0xff, 0xb7, 0x5b, 0x1e, 0xff, 0xb0, 0x53, 0x1a, 0xff, 
0xbb, 0x60, 0x20, 0xff, 0xd7, 0x86, 0x30, 0xff, 0xcf, 0x79, 0x29, 0xff, 0xcf, 0x7a, 0x2b, 0xff, 
0xc7, 0x6b, 0x23, 0xff, 0xd4, 0x7e, 0x2c, 0xff, 0xe2, 0x9d, 0x3d, 0xff, 0xe2, 0x9c, 0x3c, 0xff, 
0xc3, 0x67, 0x22, 0xff, 0xbc, 0x5b, 0x1c, 0xff, 0xc1, 0x63, 0x20, 0xff, 0xb1, 0x50, 0x18, 0xff, 
0xaa, 0x50, 0x19, 0xff, 0xa2, 0x4d, 0x19, 0xff, 0xb1, 0x58, 0x1c, 0xff, 0xb2, 0x63, 0x23, 0xff, 
0x8e, 0x43, 0x17, 0xff, 0x85, 0x3b, 0x13, 0xff, 0x8b, 0x40, 0x15, 0xff, 0xb5, 0x58, 0x1d, 0xff, 
0x9d, 0x4b, 0x18, 0xff, 0x71, 0x2e, 0x0e, 0xff, 0x88, 0x3c, 0x13, 0xff, 0x87, 0x40, 0x15, 0xff, 
0xa2, 0x4e, 0x1a, 0xff, 0x7c, 0x38, 0x11, 0xff, 0x75, 0x32, 0x10, 0xff, 0x94, 0x40, 0x14, 0xff, 
0xb5, 0x59, 0x1d, 0xff, 0xd0, 0x80, 0x2f, 0xff, 0xe8, 0xa9, 0x46, 0xff, 0xec, 0xb2, 0x4c, 0xff, 
0xe7, 0xa8, 0x44, 0xff, 0xed, 0xb4, 0x4d, 0xff, 0xeb, 0xb1, 0x4c, 0xff, 0xde, 0x94, 0x39, 0xff, 
0xe8, 0xa2, 0x40, 0xff, 0xbd, 0x6b, 0x26, 0xff, 0x80, 0x2f, 0x0c, 0xff, 0x84, 0x39, 0x12, 0xff, 
0xa5, 0x48, 0x16, 0xff, 0xc2, 0x5f, 0x1d, 0xff, 0xcc, 0x72, 0x26, 0xff, 0xdc, 0x8c, 0x34, 0xff, 
0xd8, 0x85, 0x30, 0xff, 0xcb, 0x73, 0x26, 0xff, 0xbf, 0x62, 0x20, 0xff, 0xaa, 0x55, 0x1b, 0xff, 
0x8c, 0x41, 0x15, 0xff, 0x67, 0x2b, 0x0d, 0xff, 0x68, 0x2c, 0x0e, 0xff, 0x80, 0x3d, 0x14, 0xff, 
0x90, 0x47, 0x17, 0xff, 0x7f, 0x3a, 0x13, 0xff, 0x8c, 0x40, 0x14, 0xff, 0xa5, 0x4e, 0x19, 0xff, 
0xb9, 0x5d, 0x1e, 0xff, 0xc6, 0x68, 0x22, 0xff, 0xc3, 0x65, 0x20, 0xff, 0xc4, 0x67, 0x22, 0xff, 
0xbb, 0x5f, 0x1f, 0xff, 0xc4, 0x6a, 0x22, 0xff, 0xce, 0x77, 0x29, 0xff, 0xc6, 0x69, 0x23, 0xff, 
0xcf, 0x74, 0x28, 0xff, 0xcd, 0x73, 0x27, 0xff, 0xce, 0x78, 0x29, 0xff, 0xce, 0x74, 0x27, 0xff, 
0xcd, 0x73, 0x28, 0xff, 0xd4, 0x7f, 0x2d, 0xff, 0xd7, 0x86, 0x30, 0xff, 0xc9, 0x6f, 0x26, 0xff, 
0xc7, 0x6a, 0x22, 0xff, 0xc3, 0x66, 0x21, 0xff, 0xb6, 0x5a, 0x1d, 0xff, 0xbb, 0x5f, 0x1f, 0xff, 
0xbc, 0x5f, 0x1e, 0xff, 0xb7, 0x5c, 0x1e, 0xff, 0xba, 0x5f, 0x20, 0xff, 0xba, 0x5d, 0x1e, 0xff, 
0xb6, 0x5a, 0x1d, 0xff, 0xb7, 0x5c, 0x1e, 0xff, 0xc4, 0x6a, 0x24, 0xff, 0xbb, 0x61, 0x21, 0xff, 
0xb0, 0x54, 0x1c, 0xff, 0xb5, 0x59, 0x1c, 0xff, 0xc3, 0x65, 0x21, 0xff, 0xbb, 0x5f, 0x1f, 0xff, 
0xbc, 0x5f, 0x1f, 0xff, 0xc2, 0x61, 0x1e, 0xff, 0xcf, 0x77, 0x29, 0xff, 0xdc, 0x8f, 0x35, 0xff, 
0xdc, 0x8f, 0x35, 0xff, 0xcf, 0x76, 0x28, 0xff, 0xbd, 0x63, 0x20, 0xff, 0xc8, 0x73, 0x29, 0xff, 
0xde, 0x94, 0x39, 0xff, 0xdf, 0x96, 0x3a, 0xff, 0xd7, 0x86, 0x32, 0xff, 0xd5, 0x88, 0x33, 0xff, 
0xde, 0x96, 0x3a, 0xff, 0xe6, 0xa6, 0x43, 0xff, 0xe9, 0xaa, 0x45, 0xff, 0xdf, 0x96, 0x3a, 0xff, 
0xd0, 0x79, 0x2a, 0xff, 0xce, 0x77, 0x28, 0xff, 0xc6, 0x71, 0x26, 0xff, 0xc1, 0x69, 0x24, 0xff, 
0xc7, 0x73, 0x29, 0xff, 0xd7, 0x84, 0x30, 0xff, 0xe4, 0x9b, 0x3c, 0xff, 0xe4, 0x9d, 0x3c, 0xff, 
0xce, 0x76, 0x28, 0xff, 0xaf, 0x53, 0x1a, 0xff, 0xaf, 0x55, 0x1b, 0xff, 0xc5, 0x67, 0x21, 0xff, 
0xd8, 0x81, 0x2d, 0xff, 0xd9, 0x83, 0x2e, 0xff, 0xb8, 0x5d, 0x1f, 0xff, 0xb4, 0x5a, 0x1e, 0xff, 
0xb5, 0x5c, 0x1e, 0xff, 0xb5, 0x59, 0x1d, 0xff, 0xc1, 0x65, 0x21, 0xff, 0xb8, 0x5d, 0x1e, 0xff, 
0xcd, 0x76, 0x29, 0xff, 0xd5, 0x81, 0x2d, 0xff, 0xd5, 0x84, 0x30, 0xff, 0xc8, 0x6e, 0x26, 0xff, 
0xb4, 0x54, 0x1a, 0xff, 0xbf, 0x64, 0x21, 0xff, 0xc7, 0x6b, 0x24, 0xff, 0xbe, 0x62, 0x20, 0xff, 
0xa7, 0x52, 0x1a, 0xff, 0xa3, 0x4c, 0x19, 0xff, 0xab, 0x53, 0x1b, 0xff, 0x9b, 0x47, 0x17, 0xff, 
0x9f, 0x49, 0x18, 0xff, 0xa7, 0x51, 0x1a, 0xff, 0x9b, 0x48, 0x17, 0xff, 0x9d, 0x4b, 0x19, 0xff, 
0x99, 0x4a, 0x17, 0xff, 0x9b, 0x48, 0x17, 0xff, 0x9a, 0x48, 0x17, 0xff, 0x9d, 0x4b, 0x19, 0xff, 
0x8f, 0x3f, 0x14, 0xff, 0xa8, 0x4e, 0x18, 0xff, 0xab, 0x54, 0x1b, 0xff, 0xb3, 0x61, 0x21, 0xff, 
0xc0, 0x63, 0x22, 0xff, 0xa1, 0x4a, 0x18, 0xff, 0x9c, 0x49, 0x18, 0xff, 0x91, 0x44, 0x16, 0xff, 
0x95, 0x45, 0x17, 0xff, 0xbc, 0x5d, 0x1e, 0xff, 0xb3, 0x57, 0x1c, 0xff, 0x9a, 0x45, 0x16, 0xff, 
0xae, 0x53, 0x1b, 0xff, 0xd5, 0x7e, 0x2b, 0xff, 0xc9, 0x70, 0x26, 0xff, 0xb6, 0x57, 0x1c, 0xff, 
0xc5, 0x69, 0x23, 0xff, 0xc6, 0x6c, 0x24, 0xff, 0xb6, 0x59, 0x1d, 0xff, 0xae, 0x52, 0x1b, 0xff, 
0x9f, 0x43, 0x14, 0xff, 0x9e, 0x46, 0x16, 0xff, 0xa6, 0x4e, 0x1a, 0xff, 0xb3, 0x57, 0x1c, 0xff, 
0xb5, 0x57, 0x1c, 0xff, 0xab, 0x4d, 0x18, 0xff, 0xa1, 0x47, 0x15, 0xff, 0x86, 0x38, 0x12, 0xff, 
0x94, 0x3b, 0x10, 0xff, 0xda, 0x8f, 0x36, 0xff, 0xe6, 0xa1, 0x40, 0xff, 0xc1, 0x69, 0x24, 0xff, 
0xc5, 0x70, 0x28, 0xff, 0xe8, 0xa5, 0x43, 0xff, 0xe0, 0x99, 0x3d, 0xff, 0xe3, 0x9f, 0x3f, 0xff, 
0xe8, 0xa8, 0x45, 0xff, 0xd9, 0x8b, 0x34, 0xff, 0xf0, 0xba, 0x50, 0xff, 0xf3, 0xc2, 0x53, 0xff, 
0xdc, 0x8f, 0x36, 0xff, 0xd4, 0x7d, 0x2c, 0xff, 0xd5, 0x81, 0x2e, 0xff, 0xc7, 0x6b, 0x23, 0xff, 
0xc4, 0x63, 0x1e, 0xff, 0xd7, 0x80, 0x2d, 0xff, 0xd3, 0x82, 0x2f, 0xff, 0xe3, 0xa3, 0x42, 0xff, 
0xf3, 0xbf, 0x52, 0xff, 0xe7, 0xa9, 0x44, 0xff, 0xea, 0xb0, 0x48, 0xff, 0xde, 0x95, 0x3a, 0xff, 
0xd7, 0x89, 0x32, 0xff, 0xd3, 0x80, 0x2d, 0xff, 0xda, 0x8c, 0x34, 0xff, 0xeb, 0xb2, 0x4a, 0xff, 
0xe1, 0x9c, 0x3e, 0xff, 0xdb, 0x90, 0x37, 0xff, 0xde, 0x91, 0x36, 0xff, 0xdd, 0x90, 0x35, 0xff, 
0xcb, 0x73, 0x28, 0xff, 0xc9, 0x6c, 0x23, 0xff, 0xce, 0x73, 0x26, 0xff, 0xe7, 0xa6, 0x43, 0xff, 
0xef, 0xbb, 0x50, 0xff, 0xed, 0xb7, 0x4d, 0xff, 0xeb, 0xb1, 0x4a, 0xff, 0xda, 0x8d, 0x34, 0xff, 
0xdb, 0x8e, 0x34, 0xff, 0xe1, 0x9c, 0x3e, 0xff, 0xe0, 0x99, 0x3c, 0xff, 0xde, 0x94, 0x39, 0xff, 
0xde, 0x94, 0x39, 0xff, 0xd7, 0x82, 0x2e, 0xff, 0xc4, 0x64, 0x1e, 0xff, 0xac, 0x52, 0x19, 0xff, 
0xd1, 0x77, 0x29, 0xff, 0xe9, 0x97, 0x38, 0xff, 0xc9, 0x71, 0x28, 0xff, 0xb5, 0x59, 0x1d, 0xff, 
0xac, 0x52, 0x1b, 0xff, 0x96, 0x47, 0x17, 0xff, 0x81, 0x3a, 0x13, 0xff, 0x8d, 0x41, 0x15, 0xff, 
0x9c, 0x49, 0x18, 0xff, 0xa0, 0x48, 0x17, 0xff, 0xc7, 0x6f, 0x26, 0xff, 0xcf, 0x75, 0x28, 0xff, 
0xc1, 0x62, 0x1e, 0xff, 0xcd, 0x76, 0x29, 0xff, 0xcd, 0x74, 0x28, 0xff, 0xcd, 0x74, 0x26, 0xff, 
0xd1, 0x7b, 0x2a, 0xff, 0xcb, 0x73, 0x27, 0xff, 0xcc, 0x73, 0x26, 0xff, 0xc9, 0x6d, 0x24, 0xff, 
0xc8, 0x6b, 0x24, 0xff, 0xc5, 0x67, 0x21, 0xff, 0xc6, 0x68, 0x22, 0xff, 0xc9, 0x6d, 0x24, 0xff, 
0xbf, 0x62, 0x20, 0xff, 0xc5, 0x68, 0x22, 0xff, 0xc6, 0x6a, 0x23, 0xff, 0xdf, 0x92, 0x36, 0xff, 
0xc7, 0x72, 0x27, 0xff, 0xa5, 0x4c, 0x18, 0xff, 0xa2, 0x4b, 0x19, 0xff, 0x94, 0x42, 0x16, 0xff, 
0x92, 0x3f, 0x15, 0xff, 0x9c, 0x45, 0x16, 0xff, 0xb4, 0x58, 0x1c, 0xff, 0xb0, 0x54, 0x1a, 0xff, 
0xbd, 0x68, 0x24, 0xff, 0xcd, 0x74, 0x28, 0xff, 0xbc, 0x5f, 0x1e, 0xff, 0xb3, 0x52, 0x19, 0xff, 
0xc0, 0x62, 0x1f, 0xff, 0xce, 0x73, 0x26, 0xff, 0xdb, 0x90, 0x37, 0xff, 0xe2, 0x9c, 0x3d, 0xff, 
0xc2, 0x65, 0x20, 0xff, 0xbb, 0x5d, 0x1d, 0xff, 0xc9, 0x6e, 0x25, 0xff, 0xd2, 0x7f, 0x2d, 0xff, 
0xca, 0x76, 0x29, 0xff, 0xbc, 0x68, 0x24, 0xff, 0x91, 0x3e, 0x13, 0xff, 0x80, 0x31, 0x0e, 0xff, 
0x81, 0x38, 0x12, 0xff, 0x8d, 0x41, 0x15, 0xff, 0x9e, 0x4b, 0x19, 0xff, 0xb7, 0x59, 0x1c, 0xff, 
0xc6, 0x64, 0x1f, 0xff, 0x99, 0x47, 0x17, 0xff, 0x82, 0x3a, 0x13, 0xff, 0x88, 0x3e, 0x14, 0xff, 
0x77, 0x33, 0x10, 0xff, 0x9a, 0x4b, 0x18, 0xff, 0xac, 0x56, 0x1d, 0xff, 0xa5, 0x4f, 0x19, 0xff, 
0xbe, 0x69, 0x24, 0xff, 0xdf, 0x96, 0x39, 0xff, 0xed, 0xb2, 0x4c, 0xff, 0xec, 0xb3, 0x4e, 0xff, 
0xe4, 0xa3, 0x41, 0xff, 0xe6, 0xa6, 0x44, 0xff, 0xe6, 0xa7, 0x44, 0xff, 0xe3, 0x9f, 0x3f, 0xff, 
0xed, 0xb5, 0x4c, 0xff, 0xeb, 0xaf, 0x48, 0xff, 0xc2, 0x6e, 0x26, 0xff, 0xb7, 0x5c, 0x1e, 0xff, 
0xc6, 0x6f, 0x27, 0xff, 0xc4, 0x69, 0x22, 0xff, 0xd5, 0x81, 0x2d, 0xff, 0xd9, 0x8a, 0x33, 0xff, 
0xdc, 0x8d, 0x35, 0xff, 0xd5, 0x7c, 0x2c, 0xff, 0xb7, 0x58, 0x1c, 0xff, 0x7e, 0x34, 0x10, 0xff, 
0x5c, 0x22, 0x09, 0xff, 0x6d, 0x35, 0x11, 0xff, 0x86, 0x45, 0x17, 0xff, 0x8b, 0x44, 0x17, 0xff, 
0x8e, 0x48, 0x19, 0xff, 0x75, 0x32, 0x0f, 0xff, 0x94, 0x44, 0x16, 0xff, 0xa6, 0x4e, 0x19, 0xff, 
0xc2, 0x62, 0x1f, 0xff, 0xcb, 0x72, 0x27, 0xff, 0xd5, 0x80, 0x2d, 0xff, 0xce, 0x74, 0x27, 0xff, 
0xcf, 0x75, 0x27, 0xff, 0xd1, 0x7a, 0x2a, 0xff, 0xc7, 0x69, 0x22, 0xff, 0xcb, 0x6e, 0x23, 0xff, 
0xd1, 0x78, 0x29, 0xff, 0xd5, 0x80, 0x2d, 0xff, 0xda, 0x89, 0x32, 0xff, 0xd1, 0x78, 0x28, 0xff, 
0xd4, 0x7d, 0x2b, 0xff, 0xd1, 0x7c, 0x2b, 0xff, 0xcf, 0x77, 0x28, 0xff, 0xcb, 0x70, 0x26, 0xff, 
0xce, 0x74, 0x28, 0xff, 0xcd, 0x74, 0x27, 0xff, 0xc7, 0x6f, 0x26, 0xff, 0xc7, 0x6d, 0x24, 0xff, 
0xbe, 0x61, 0x1f, 0xff, 0xb8, 0x5c, 0x1e, 0xff, 0xb6, 0x58, 0x1c, 0xff, 0xac, 0x51, 0x1a, 0xff, 
0xb8, 0x5c, 0x1e, 0xff, 0xaf, 0x52, 0x1a, 0xff, 0xbe, 0x65, 0x23, 0xff, 0xc1, 0x6e, 0x27, 0xff, 
0xa4, 0x4c, 0x19, 0xff, 0xa8, 0x4c, 0x19, 0xff, 0xc1, 0x64, 0x20, 0xff, 0xc4, 0x68, 0x22, 0xff, 
0xc1, 0x65, 0x22, 0xff, 0xc1, 0x63, 0x20, 0xff, 0xce, 0x72, 0x27, 0xff, 0xdb, 0x8c, 0x33, 0xff, 
0xe1, 0x99, 0x3b, 0xff, 0xd1, 0x7c, 0x2b, 0xff, 0xb7, 0x57, 0x1b, 0xff, 0xbc, 0x5c, 0x1d, 0xff, 
0xcb, 0x72, 0x27, 0xff, 0xe4, 0x9f, 0x3e, 0xff, 0xe9, 0xa9, 0x44, 0xff, 0xe0, 0x9b, 0x3d, 0xff, 
0xe1, 0x9c, 0x3d, 0xff, 0xe6, 0xa6, 0x44, 0xff, 0xeb, 0xb4, 0x4c, 0xff, 0xda, 0x90, 0x37, 0xff, 
0xe6, 0xa1, 0x40, 0xff, 0xdc, 0x94, 0x39, 0xff, 0xc6, 0x6b, 0x23, 0xff, 0xc6, 0x6b, 0x24, 0xff, 
0xc5, 0x6c, 0x25, 0xff, 0xc9, 0x6f, 0x25, 0xff, 0xbf, 0x65, 0x22, 0xff, 0xcd, 0x7e, 0x2e, 0xff, 
0xc0, 0x66, 0x22, 0xff, 0xb0, 0x52, 0x19, 0xff, 0xad, 0x50, 0x19, 0xff, 0xbf, 0x60, 0x1f, 0xff, 
0xc4, 0x67, 0x23, 0xff, 0xc1, 0x64, 0x20, 0xff, 0xc7, 0x6b, 0x23, 0xff, 0xcd, 0x6f, 0x24, 0xff, 
0xbd, 0x64, 0x22, 0xff, 0xc2, 0x69, 0x24, 0xff, 0xcf, 0x74, 0x27, 0xff, 0xd4, 0x7e, 0x2d, 0xff, 
0xd4, 0x81, 0x2e, 0xff, 0xca, 0x70, 0x24, 0xff, 0xde, 0x92, 0x37, 0xff, 0xdd, 0x91, 0x37, 0xff, 
0xc2, 0x63, 0x1f, 0xff, 0xbe, 0x61, 0x1f, 0xff, 0xc4, 0x68, 0x23, 0xff, 0xc3, 0x68, 0x22, 0xff, 
0x9f, 0x4f, 0x1b, 0xff, 0xaa, 0x56, 0x1d, 0xff, 0xae, 0x55, 0x1c, 0xff, 0xa9, 0x55, 0x1d, 0xff, 
0xa4, 0x4e, 0x19, 0xff, 0x9d, 0x49, 0x18, 0xff, 0xaa, 0x53, 0x1b, 0xff, 0x9f, 0x4b, 0x17, 0xff, 
0x95, 0x44, 0x16, 0xff, 0xa6, 0x52, 0x1b, 0xff, 0xa7, 0x53, 0x1c, 0xff, 0x89, 0x3f, 0x14, 0xff, 
0x86, 0x3f, 0x14, 0xff, 0x7b, 0x37, 0x12, 0xff, 0x79, 0x36, 0x11, 0xff, 0x7a, 0x32, 0x10, 0xff, 
0x96, 0x46, 0x17, 0xff, 0x9f, 0x4b, 0x19, 0xff, 0xa9, 0x51, 0x1a, 0xff, 0x9b, 0x48, 0x18, 0xff, 
0xa0, 0x4c, 0x19, 0xff, 0xc3, 0x64, 0x21, 0xff, 0xaa, 0x51, 0x1a, 0xff, 0xaf, 0x59, 0x1e, 0xff, 
0xcb, 0x71, 0x26, 0xff, 0xcc, 0x73, 0x27, 0xff, 0xc9, 0x70, 0x26, 0xff, 0xc0, 0x63, 0x21, 0xff, 
0xc3, 0x66, 0x22, 0xff, 0xb0, 0x4e, 0x16, 0xff, 0xb3, 0x50, 0x17, 0xff, 0xb8, 0x58, 0x1b, 0xff, 
0xbe, 0x6c, 0x27, 0xff, 0xb1, 0x57, 0x1c, 0xff, 0xa8, 0x48, 0x15, 0xff, 0xaf, 0x4f, 0x17, 0xff, 
0xbe, 0x5b, 0x1c, 0xff, 0xd0, 0x73, 0x25, 0xff, 0xc4, 0x6b, 0x23, 0xff, 0xa6, 0x50, 0x1a, 0xff, 
0xd4, 0x82, 0x30, 0xff, 0xf8, 0xbe, 0x4f, 0xff, 0xd4, 0x86, 0x33, 0xff, 0xb7, 0x55, 0x19, 0xff, 
0xba, 0x5c, 0x1c, 0xff, 0xe0, 0x97, 0x3b, 0xff, 0xf8, 0xc9, 0x57, 0xff, 0xec, 0xb2, 0x4a, 0xff, 
0xe9, 0xac, 0x47, 0xff, 0xdc, 0x90, 0x36, 0xff, 0xe6, 0xa7, 0x44, 0xff, 0xdf, 0x96, 0x3a, 0xff, 
0xcd, 0x73, 0x26, 0xff, 0xca, 0x6f, 0x24, 0xff, 0xd1, 0x78, 0x29, 0xff, 0xc5, 0x66, 0x20, 0xff, 
0xad, 0x4f, 0x19, 0xff, 0xb3, 0x59, 0x1d, 0xff, 0xb0, 0x49, 0x13, 0xff, 0xc5, 0x68, 0x22, 0xff, 
0xf4, 0xbf, 0x50, 0xff, 0xfb, 0xd1, 0x5f, 0xff, 0xe6, 0xa9, 0x4b, 0xff, 0xda, 0x8c, 0x31, 0xff, 
0xde, 0x96, 0x38, 0xff, 0xe2, 0xa0, 0x41, 0xff, 0xe9, 0xae, 0x48, 0xff, 0xec, 0xb2, 0x4b, 0xff, 
0xeb, 0xaf, 0x49, 0xff, 0xee, 0xb6, 0x4e, 0xff, 0xe8, 0xa9, 0x44, 0xff, 0xcd, 0x74, 0x27, 0xff, 
0xca, 0x70, 0x25, 0xff, 0xd2, 0x7a, 0x29, 0xff, 0xd9, 0x8b, 0x35, 0xff, 0xec, 0xb4, 0x4c, 0xff, 
0xf1, 0xbd, 0x51, 0xff, 0xef, 0xba, 0x50, 0xff, 0xe0, 0x99, 0x3c, 0xff, 0xd5, 0x80, 0x2d, 0xff, 
0xdb, 0x8d, 0x34, 0xff, 0xdf, 0x97, 0x3a, 0xff, 0xe1, 0x9c, 0x3d, 0xff, 0xdb, 0x91, 0x37, 0xff, 
0xe2, 0x9c, 0x3e, 0xff, 0xe0, 0x98, 0x3a, 0xff, 0xe1, 0x96, 0x39, 0xff, 0xb3, 0x5d, 0x1f, 0xff, 
0xa0, 0x50, 0x19, 0xff, 0xcb, 0x7f, 0x2f, 0xff, 0xc2, 0x66, 0x22, 0xff, 0x9e, 0x47, 0x16, 0xff, 
0xac, 0x53, 0x1b, 0xff, 0x97, 0x47, 0x17, 0xff, 0x82, 0x3a, 0x12, 0xff, 0x92, 0x42, 0x16, 0xff, 
0xa4, 0x4e, 0x19, 0xff, 0xad, 0x53, 0x1b, 0xff, 0xb3, 0x55, 0x1b, 0xff, 0xcb, 0x74, 0x28, 0xff, 
0xd1, 0x7a, 0x29, 0xff, 0xc6, 0x6d, 0x25, 0xff, 0xc6, 0x6c, 0x25, 0xff, 0xc8, 0x6c, 0x24, 0xff, 
0xcd, 0x74, 0x27, 0xff, 0xcb, 0x70, 0x26, 0xff, 0xcb, 0x73, 0x28, 0xff, 0xcb, 0x75, 0x29, 0xff, 
0xc7, 0x6b, 0x23, 0xff, 0xc6, 0x6a, 0x23, 0xff, 0xc2, 0x66, 0x21, 0xff, 0xbf, 0x5f, 0x1d, 0xff, 
0xc2, 0x65, 0x20, 0xff, 0xd5, 0x84, 0x30, 0xff, 0xd0, 0x7a, 0x2b, 0xff, 0xdf, 0x94, 0x38, 0xff, 
0xd9, 0x89, 0x32, 0xff, 0xd3, 0x77, 0x28, 0xff, 0xb5, 0x5a, 0x1d, 0xff, 0xa6, 0x4d, 0x18, 0xff, 
0xaf, 0x54, 0x1c, 0xff, 0xb6, 0x5c, 0x1e, 0xff, 0xaf, 0x52, 0x1a, 0xff, 0xbf, 0x61, 0x1f, 0xff, 
0xc8, 0x6e, 0x25, 0xff, 0xc8, 0x6d, 0x24, 0xff, 0xc2, 0x65, 0x21, 0xff, 0xb4, 0x55, 0x1b, 0xff, 
0xbe, 0x61, 0x1f, 0xff, 0xd0, 0x78, 0x28, 0xff, 0xd4, 0x7c, 0x2b, 0xff, 0xd1, 0x7b, 0x2a, 0xff, 
0xc5, 0x6a, 0x24, 0xff, 0xb4, 0x55, 0x1a, 0xff, 0xb6, 0x5a, 0x1d, 0xff, 0xc8, 0x72, 0x27, 0xff, 
0xcd, 0x73, 0x27, 0xff, 0xd3, 0x80, 0x2e, 0xff, 0xb4, 0x69, 0x26, 0xff, 0xa6, 0x53, 0x1c, 0xff, 
0xac, 0x57, 0x1d, 0xff, 0xac, 0x57, 0x1d, 0xff, 0xa8, 0x50, 0x1a, 0xff, 0xb3, 0x57, 0x1c, 0xff, 
0xbf, 0x60, 0x1e, 0xff, 0xb6, 0x56, 0x1b, 0xff, 0x8d, 0x3e, 0x15, 0xff, 0x80, 0x39, 0x13, 0xff, 
0x88, 0x3f, 0x14, 0xff, 0xa0, 0x51, 0x1a, 0xff, 0xa7, 0x57, 0x1d, 0xff, 0xc5, 0x6f, 0x27, 0xff, 
0xd1, 0x7e, 0x2d, 0xff, 0xcd, 0x7c, 0x2d, 0xff, 0xe1, 0x99, 0x3b, 0xff, 0xdc, 0x94, 0x38, 0xff, 
0xe2, 0x9d, 0x3e, 0xff, 0xe1, 0x9c, 0x3d, 0xff, 0xdf, 0x99, 0x3a, 0xff, 0xe2, 0x9e, 0x3f, 0xff, 
0xe4, 0xa3, 0x41, 0xff, 0xe7, 0xa6, 0x42, 0xff, 0xd5, 0x85, 0x31, 0xff, 0xce, 0x77, 0x29, 0xff, 
0xe4, 0x9d, 0x3b, 0xff, 0xe1, 0x99, 0x3b, 0xff, 0xd3, 0x7c, 0x2b, 0xff, 0xdd, 0x92, 0x36, 0xff, 
0xd7, 0x85, 0x30, 0xff, 0xb6, 0x58, 0x1c, 0xff, 0x8c, 0x3c, 0x13, 0xff, 0xaa, 0x57, 0x1e, 0xff, 
0xb5, 0x62, 0x21, 0xff, 0xab, 0x58, 0x1d, 0xff, 0xa6, 0x5a, 0x1f, 0xff, 0x89, 0x41, 0x16, 0xff, 
0x99, 0x4c, 0x19, 0xff, 0xa4, 0x52, 0x1b, 0xff, 0xae, 0x56, 0x1d, 0xff, 0xa2, 0x46, 0x15, 0xff, 
0xc6, 0x6a, 0x23, 0xff, 0xdd, 0x8d, 0x33, 0xff, 0xd1, 0x7d, 0x2b, 0xff, 0xc9, 0x6d, 0x23, 0xff, 
0xd4, 0x7d, 0x2c, 0xff, 0xdd, 0x92, 0x37, 0xff, 0xda, 0x8d, 0x34, 0xff, 0xd7, 0x88, 0x32, 0xff, 
0xd3, 0x80, 0x2d, 0xff, 0xda, 0x89, 0x32, 0xff, 0xcf, 0x77, 0x2a, 0xff, 0xc0, 0x62, 0x20, 0xff, 
0xc5, 0x69, 0x23, 0xff, 0xc3, 0x67, 0x22, 0xff, 0xc7, 0x6c, 0x24, 0xff, 0xd2, 0x7b, 0x2a, 0xff, 
0xd9, 0x86, 0x31, 0xff, 0xd0, 0x7a, 0x2a, 0xff, 0xce, 0x74, 0x27, 0xff, 0xd5, 0x81, 0x2d, 0xff, 
0xcd, 0x76, 0x2a, 0xff, 0xbf, 0x61, 0x1f, 0xff, 0xae, 0x53, 0x1a, 0xff, 0x9c, 0x47, 0x17, 0xff, 
0xbc, 0x64, 0x22, 0xff, 0xba, 0x61, 0x20, 0xff, 0xa5, 0x4b, 0x18, 0xff, 0xa4, 0x4e, 0x1a, 0xff, 
0x9d, 0x48, 0x17, 0xff, 0xb8, 0x5c, 0x1f, 0xff, 0xc3, 0x66, 0x21, 0xff, 0xc0, 0x63, 0x20, 0xff, 
0xce, 0x75, 0x28, 0xff, 0xc7, 0x6c, 0x24, 0xff, 0xc1, 0x64, 0x20, 0xff, 0xc8, 0x6d, 0x24, 0xff, 
0xcd, 0x74, 0x28, 0xff, 0xcf, 0x78, 0x29, 0xff, 0xd1, 0x7a, 0x2a, 0xff, 0xc9, 0x6e, 0x24, 0xff, 
0xc2, 0x63, 0x20, 0xff, 0xd0, 0x77, 0x29, 0xff, 0xd1, 0x79, 0x29, 0xff, 0xcd, 0x72, 0x26, 0xff, 
0xd5, 0x82, 0x2e, 0xff, 0xd9, 0x8b, 0x34, 0xff, 0xc5, 0x6c, 0x25, 0xff, 0xbe, 0x62, 0x1f, 0xff, 
0xd2, 0x85, 0x32, 0xff, 0xed, 0xae, 0x48, 0xff, 0xcd, 0x76, 0x2a, 0xff, 0xab, 0x4f, 0x17, 0xff, 
0xa7, 0x53, 0x1b, 0xff, 0x97, 0x41, 0x14, 0xff, 0xa1, 0x49, 0x17, 0xff, 0xad, 0x4a, 0x15, 0xff, 
0xc5, 0x67, 0x22, 0xff, 0xce, 0x75, 0x28, 0xff, 0xcb, 0x71, 0x26, 0xff, 0xd1, 0x7c, 0x2c, 0xff, 
0xd6, 0x85, 0x30, 0xff, 0xc8, 0x6f, 0x25, 0xff, 0xbe, 0x5c, 0x1c, 0xff, 0xce, 0x77, 0x29, 0xff, 
0xdf, 0x94, 0x38, 0xff, 0xd0, 0x78, 0x2a, 0xff, 0xca, 0x71, 0x26, 0xff, 0xd5, 0x82, 0x2e, 0xff, 
0xd3, 0x7c, 0x2b, 0xff, 0xcf, 0x76, 0x29, 0xff, 0xda, 0x8e, 0x35, 0xff, 0xdb, 0x8f, 0x35, 0xff, 
0xd8, 0x83, 0x2f, 0xff, 0xc5, 0x69, 0x22, 0xff, 0xb3, 0x55, 0x1b, 0xff, 0xba, 0x5f, 0x1f, 0xff, 
0xb1, 0x5b, 0x1f, 0xff, 0x9f, 0x4c, 0x18, 0xff, 0xaf, 0x58, 0x1d, 0xff, 0xc0, 0x69, 0x24, 0xff, 
0xa4, 0x4f, 0x1a, 0xff, 0xb0, 0x53, 0x1a, 0xff, 0xc0, 0x62, 0x20, 0xff, 0xab, 0x52, 0x1b, 0xff, 
0xa3, 0x4a, 0x17, 0xff, 0xba, 0x5e, 0x20, 0xff, 0xa7, 0x52, 0x1b, 0xff, 0x81, 0x3a, 0x13, 0xff, 
0x7e, 0x3a, 0x13, 0xff, 0x7b, 0x39, 0x12, 0xff, 0x90, 0x45, 0x16, 0xff, 0xa2, 0x4f, 0x19, 0xff, 
0x85, 0x3d, 0x14, 0xff, 0x93, 0x44, 0x16, 0xff, 0xa7, 0x4f, 0x19, 0xff, 0xab, 0x53, 0x1b, 0xff, 
0xb6, 0x5b, 0x1d, 0xff, 0xbb, 0x5d, 0x1f, 0xff, 0xab, 0x50, 0x1a, 0xff, 0xc4, 0x6d, 0x24, 0xff, 
0xd8, 0x81, 0x2d, 0xff, 0xd4, 0x81, 0x2e, 0xff, 0xc7, 0x70, 0x27, 0xff, 0xb9, 0x5c, 0x1c, 0xff, 
0xc9, 0x6c, 0x23, 0xff, 0xd6, 0x87, 0x32, 0xff, 0xdd, 0x94, 0x3a, 0xff, 0xd9, 0x8d, 0x35, 0xff, 
0xfb, 0xca, 0x57, 0xff, 0xe7, 0xa1, 0x40, 0xff, 0xda, 0x8c, 0x35, 0xff, 0xc9, 0x72, 0x26, 0xff, 
0xda, 0x8f, 0x36, 0xff, 0xf3, 0xc1, 0x56, 0xff, 0xeb, 0xae, 0x49, 0xff, 0xdb, 0x84, 0x2e, 0xff, 
0xdf, 0x96, 0x3a, 0xff, 0xe7, 0xa8, 0x44, 0xff, 0xd8, 0x86, 0x30, 0xff, 0xcd, 0x75, 0x27, 0xff, 
0xc9, 0x70, 0x25, 0xff, 0xd2, 0x80, 0x2e, 0xff, 0xeb, 0xb0, 0x49, 0xff, 0xe7, 0xa7, 0x44, 0xff, 
0xe7, 0xa8, 0x44, 0xff, 0xe2, 0x9e, 0x3e, 0xff, 0xda, 0x8b, 0x34, 0xff, 0xd6, 0x84, 0x30, 0xff, 
0xd6, 0x84, 0x30, 0xff, 0xd7, 0x87, 0x31, 0xff, 0xd7, 0x83, 0x2f, 0xff, 0xcd, 0x70, 0x25, 0xff, 
0xb1, 0x54, 0x1a, 0xff, 0xa6, 0x4b, 0x17, 0xff, 0xc1, 0x64, 0x20, 0xff, 0xd8, 0x86, 0x31, 0xff, 
0xdf, 0x96, 0x38, 0xff, 0xe5, 0xa5, 0x44, 0xff, 0xfa, 0xd2, 0x67, 0xff, 0xf3, 0xc5, 0x65, 0xff, 
0xee, 0xb6, 0x50, 0xff, 0xef, 0xb9, 0x4c, 0xff, 0xf2, 0xc0, 0x52, 0xff, 0xf1, 0xba, 0x4f, 0xff, 
0xee, 0xb4, 0x4b, 0xff, 0xf4, 0xc0, 0x54, 0xff, 0xf0, 0xbb, 0x51, 0xff, 0xdd, 0x95, 0x3a, 0xff, 
0xe7, 0xab, 0x47, 0xff, 0xdf, 0x97, 0x3a, 0xff, 0xdd, 0x95, 0x37, 0xff, 0xeb, 0xb3, 0x4c, 0xff, 
0xe8, 0xab, 0x46, 0xff, 0xe6, 0xa5, 0x43, 0xff, 0xe4, 0xa3, 0x42, 0xff, 0xe4, 0xa4, 0x42, 0xff, 
0xe1, 0x9a, 0x3d, 0xff, 0xdf, 0x97, 0x3a, 0xff, 0xe0, 0x99, 0x3a, 0xff, 0xdb, 0x8f, 0x36, 0xff, 
0xd4, 0x82, 0x2f, 0xff, 0xe8, 0xaa, 0x46, 0xff, 0xf4, 0xbc, 0x4f, 0xff, 0xe5, 0x99, 0x3b, 0xff, 
0x7a, 0x2e, 0x0b, 0xff, 0x6d, 0x1f, 0x06, 0xff, 0xa3, 0x4a, 0x17, 0xff, 0x96, 0x45, 0x16, 0xff, 
0xa2, 0x4e, 0x19, 0xff, 0x9a, 0x49, 0x18, 0xff, 0xa3, 0x50, 0x1a, 0xff, 0xa8, 0x52, 0x1a, 0xff, 
0xa9, 0x51, 0x1b, 0xff, 0xa8, 0x50, 0x1a, 0xff, 0xa7, 0x4d, 0x19, 0xff, 0xbd, 0x62, 0x20, 0xff, 
0xc9, 0x70, 0x26, 0xff, 0xc2, 0x66, 0x22, 0xff, 0xcb, 0x74, 0x28, 0xff, 0xcd, 0x73, 0x27, 0xff, 
0xc5, 0x65, 0x21, 0xff, 0xd3, 0x80, 0x2e, 0xff, 0xdc, 0x91, 0x36, 0xff, 0xd2, 0x7e, 0x2c, 0xff, 
0xd2, 0x7b, 0x2a, 0xff, 0xdd, 0x8e, 0x34, 0xff, 0xd4, 0x82, 0x2e, 0xff, 0xc6, 0x6d, 0x25, 0xff, 
0xcf, 0x7b, 0x2c, 0xff, 0xe3, 0x9f, 0x3f, 0xff, 0xe7, 0xa2, 0x40, 0xff, 0xd7, 0x87, 0x31, 0xff, 
0xbf, 0x64, 0x21, 0xff, 0xa7, 0x4a, 0x17, 0xff, 0xcd, 0x71, 0x26, 0xff, 0xe9, 0x97, 0x37, 0xff, 
0xde, 0x8a, 0x31, 0xff, 0xc9, 0x6d, 0x24, 0xff, 0xbb, 0x5c, 0x1d, 0xff, 0xc3, 0x66, 0x20, 0xff, 
0xcc, 0x71, 0x26, 0xff, 0xcd, 0x74, 0x27, 0xff, 0xc0, 0x63, 0x20, 0xff, 0xbc, 0x5e, 0x1f, 0xff, 
0xcb, 0x71, 0x27, 0xff, 0xc9, 0x6e, 0x24, 0xff, 0xc8, 0x6a, 0x22, 0xff, 0xd9, 0x80, 0x2c, 0xff, 
0xcf, 0x75, 0x28, 0xff, 0xc1, 0x66, 0x22, 0xff, 0xc3, 0x6b, 0x24, 0xff, 0xb3, 0x52, 0x19, 0xff, 
0xb0, 0x51, 0x19, 0xff, 0xbd, 0x61, 0x20, 0xff, 0xd6, 0x82, 0x2f, 0xff, 0xc5, 0x6d, 0x25, 0xff, 
0xbb, 0x61, 0x20, 0xff, 0xc1, 0x67, 0x23, 0xff, 0xaa, 0x4d, 0x18, 0xff, 0xab, 0x4f, 0x1a, 0xff, 
0xb7, 0x5a, 0x1e, 0xff, 0xbc, 0x5f, 0x1f, 0xff, 0xbb, 0x61, 0x1f, 0xff, 0xb5, 0x5c, 0x1e, 0xff, 
0xa6, 0x50, 0x1b, 0xff, 0x8a, 0x3f, 0x15, 0xff, 0x80, 0x3c, 0x13, 0xff, 0x8a, 0x42, 0x15, 0xff, 
0xc6, 0x71, 0x28, 0xff, 0xeb, 0xa4, 0x3f, 0xff, 0xd8, 0x89, 0x33, 0xff, 0xd5, 0x83, 0x30, 0xff, 
0xdc, 0x92, 0x37, 0xff, 0xe0, 0x9a, 0x3c, 0xff, 0xe5, 0xa5, 0x42, 0xff, 0xe4, 0xa2, 0x41, 0xff, 
0xe0, 0x99, 0x3b, 0xff, 0xe6, 0xa3, 0x41, 0xff, 0xc4, 0x73, 0x2a, 0xff, 0xb8, 0x5b, 0x1d, 0xff, 
0xcb, 0x6e, 0x24, 0xff, 0xe3, 0x9e, 0x3e, 0xff, 0xdc, 0x90, 0x37, 0xff, 0xd8, 0x86, 0x30, 0xff, 
0xcf, 0x77, 0x28, 0xff, 0xb8, 0x59, 0x1b, 0xff, 0xa1, 0x50, 0x1a, 0xff, 0xd5, 0x84, 0x31, 0xff, 
0xf0, 0x96, 0x36, 0xff, 0xb4, 0x59, 0x1d, 0xff, 0x80, 0x36, 0x11, 0xff, 0x77, 0x35, 0x10, 0xff, 
0x91, 0x42, 0x14, 0xff, 0xa4, 0x4f, 0x1a, 0xff, 0xa9, 0x4d, 0x18, 0xff, 0xce, 0x75, 0x27, 0xff, 
0xdd, 0x8e, 0x35, 0xff, 0xd5, 0x7f, 0x2c, 0xff, 0xcd, 0x72, 0x26, 0xff, 0xb3, 0x54, 0x19, 0xff, 
0xc7, 0x77, 0x2c, 0xff, 0xe4, 0x9e, 0x3d, 0xff, 0xdf, 0x98, 0x3b, 0xff, 0xd6, 0x8b, 0x35, 0xff, 
0xc9, 0x6e, 0x25, 0xff, 0xce, 0x75, 0x28, 0xff, 0xbc, 0x63, 0x22, 0xff, 0xb8, 0x5b, 0x1d, 0xff, 
0xc2, 0x66, 0x22, 0xff, 0xc3, 0x66, 0x21, 0xff, 0xcc, 0x72, 0x26, 0xff, 0xd1, 0x78, 0x29, 0xff, 
0xd0, 0x78, 0x2a, 0xff, 0xc6, 0x69, 0x23, 0xff, 0xc3, 0x62, 0x1e, 0xff, 0xd6, 0x81, 0x2e, 0xff, 
0xd2, 0x7c, 0x2c, 0xff, 0xbc, 0x5b, 0x1c, 0xff, 0xab, 0x51, 0x1a, 0xff, 0x9a, 0x47, 0x17, 0xff, 
0xa5, 0x51, 0x1a, 0xff, 0xc9, 0x75, 0x29, 0xff, 0xc6, 0x6e, 0x26, 0xff, 0xae, 0x55, 0x1c, 0xff, 
0xaa, 0x4e, 0x19, 0xff, 0xba, 0x5d, 0x1e, 0xff, 0xb4, 0x58, 0x1c, 0xff, 0xc1, 0x63, 0x21, 0xff, 
0xd7, 0x82, 0x2f, 0xff, 0xcb, 0x72, 0x27, 0xff, 0xb4, 0x56, 0x1a, 0xff, 0xbd, 0x5f, 0x1e, 0xff, 
0xc8, 0x6a, 0x23, 0xff, 0xd5, 0x82, 0x2e, 0xff, 0xd7, 0x83, 0x2f, 0xff, 0xcb, 0x72, 0x27, 0xff, 
0xc0, 0x64, 0x21, 0xff, 0xc6, 0x67, 0x22, 0xff, 0xc2, 0x5f, 0x1d, 0xff, 0xd3, 0x7f, 0x2e, 0xff, 
0xdf, 0x95, 0x3a, 0xff, 0xd2, 0x7e, 0x2d, 0xff, 0xd2, 0x7d, 0x2b, 0xff, 0xcf, 0x7e, 0x2d, 0xff, 
0xc1, 0x68, 0x23, 0xff, 0xd3, 0x81, 0x2e, 0xff, 0xe2, 0x9c, 0x3e, 0xff, 0xbc, 0x6c, 0x27, 0xff, 
0x94, 0x3e, 0x12, 0xff, 0x97, 0x3e, 0x12, 0xff, 0xb0, 0x52, 0x19, 0xff, 0xd2, 0x7d, 0x2c, 0xff, 
0xc9, 0x72, 0x26, 0xff, 0xcc, 0x75, 0x28, 0xff, 0xd3, 0x7d, 0x2c, 0xff, 0xd8, 0x88, 0x32, 0xff, 
0xd9, 0x8a, 0x32, 0xff, 0xd5, 0x82, 0x2e, 0xff, 0xcb, 0x70, 0x26, 0xff, 0xd5, 0x82, 0x2f, 0xff, 
0xcf, 0x77, 0x28, 0xff, 0xcd, 0x75, 0x29, 0xff, 0xce, 0x76, 0x29, 0xff, 0xcd, 0x74, 0x27, 0xff, 
0xcc, 0x72, 0x27, 0xff, 0xd2, 0x7f, 0x2e, 0xff, 0xe7, 0xa9, 0x45, 0xff, 0xdb, 0x8e, 0x36, 0xff, 
0xe3, 0x9e, 0x3d, 0xff, 0xd7, 0x84, 0x2f, 0xff, 0xc2, 0x65, 0x21, 0xff, 0xc6, 0x68, 0x22, 0xff, 
0xc6, 0x65, 0x20, 0xff, 0x96, 0x41, 0x14, 0xff, 0xad, 0x5b, 0x1f, 0xff, 0xab, 0x55, 0x1d, 0xff, 
0xa0, 0x48, 0x17, 0xff, 0xc1, 0x62, 0x1f, 0xff, 0xbc, 0x60, 0x1f, 0xff, 0xb0, 0x57, 0x1d, 0xff, 
0xb7, 0x5c, 0x1e, 0xff, 0xab, 0x50, 0x19, 0xff, 0x94, 0x42, 0x15, 0xff, 0x91, 0x43, 0x16, 0xff, 
0x8d, 0x40, 0x15, 0xff, 0x7e, 0x38, 0x12, 0xff, 0x95, 0x47, 0x17, 0xff, 0xbb, 0x5e, 0x1e, 0xff, 
0x96, 0x44, 0x16, 0xff, 0x9c, 0x4c, 0x19, 0xff, 0xc1, 0x66, 0x22, 0xff, 0xbf, 0x62, 0x1f, 0xff, 
0xbd, 0x60, 0x1f, 0xff, 0xa8, 0x4f, 0x19, 0xff, 0xaa, 0x52, 0x1b, 0xff, 0xc1, 0x65, 0x21, 0xff, 
0xca, 0x74, 0x28, 0xff, 0xdc, 0x8d, 0x34, 0xff, 0xbc, 0x62, 0x21, 0xff, 0xbb, 0x61, 0x1f, 0xff, 
0xe6, 0xa0, 0x3e, 0xff, 0xfa, 0xc6, 0x53, 0xff, 0xfb, 0xcd, 0x59, 0xff, 0xfb, 0xc9, 0x56, 0xff, 
0xd9, 0x8e, 0x37, 0xff, 0xcd, 0x78, 0x2a, 0xff, 0xdf, 0x97, 0x3a, 0xff, 0xee, 0xb1, 0x47, 0xff, 
0xf3, 0xc3, 0x56, 0xff, 0xf0, 0xbe, 0x5a, 0xff, 0xe8, 0xab, 0x46, 0xff, 0xe0, 0x98, 0x39, 0xff, 
0xdc, 0x93, 0x38, 0xff, 0xcf, 0x7e, 0x2e, 0xff, 0xc3, 0x6c, 0x25, 0xff, 0xb7, 0x5b, 0x1d, 0xff, 
0xba, 0x58, 0x19, 0xff, 0xd4, 0x82, 0x2d, 0xff, 0xdb, 0x8d, 0x34, 0xff, 0xd7, 0x86, 0x31, 0xff, 
0xea, 0xae, 0x48, 0xff, 0xee, 0xb8, 0x4e, 0xff, 0xe1, 0x9b, 0x3d, 0xff, 0xdc, 0x8f, 0x36, 0xff, 
0xe3, 0x9e, 0x3e, 0xff, 0xe1, 0x99, 0x3c, 0xff, 0xd5, 0x81, 0x2d, 0xff, 0xd2, 0x7b, 0x2b, 0xff, 
0xce, 0x74, 0x28, 0xff, 0xd9, 0x87, 0x32, 0xff, 0xd6, 0x7f, 0x2d, 0xff, 0xd2, 0x7f, 0x2d, 0xff, 
0xcf, 0x78, 0x29, 0xff, 0xca, 0x6b, 0x20, 0xff, 0xe4, 0xa1, 0x3c, 0xff, 0xf9, 0xce, 0x64, 0xff, 
0xfe, 0xd7, 0x69, 0xff, 0xf9, 0xcb, 0x5a, 0xff, 0xf8, 0xcb, 0x5a, 0xff, 0xef, 0xb9, 0x4e, 0xff, 
0xd7, 0x88, 0x31, 0xff, 0xd9, 0x8a, 0x33, 0xff, 0xeb, 0xb0, 0x4a, 0xff, 0xef, 0xb8, 0x4c, 0xff, 
0xf6, 0xc7, 0x57, 0xff, 0xf0, 0xbd, 0x55, 0xff, 0xe6, 0xa7, 0x46, 0xff, 0xea, 0xaf, 0x4a, 0xff, 
0xe2, 0x9e, 0x3f, 0xff, 0xd9, 0x8b, 0x34, 0xff, 0xda, 0x8c, 0x33, 0xff, 0xe0, 0x9a, 0x3c, 0xff, 
0xdc, 0x91, 0x37, 0xff, 0xd9, 0x89, 0x33, 0xff, 0xdb, 0x89, 0x31, 0xff, 0xed, 0xa4, 0x40, 0xff, 
0xdc, 0x8e, 0x35, 0xff, 0xd7, 0x8a, 0x33, 0xff, 0xcd, 0x77, 0x29, 0xff, 0xe3, 0x94, 0x38, 0xff, 
0xd3, 0x96, 0x3d, 0xff, 0xa9, 0x65, 0x25, 0xff, 0xb8, 0x62, 0x22, 0xff, 0x7e, 0x39, 0x12, 0xff, 
0x61, 0x28, 0x0c, 0xff, 0x8b, 0x3d, 0x14, 0xff, 0xaa, 0x51, 0x1a, 0xff, 0xbf, 0x60, 0x1f, 0xff, 
0xc5, 0x66, 0x21, 0xff, 0xbb, 0x5f, 0x1f, 0xff, 0xbc, 0x5f, 0x1e, 0xff, 0xbe, 0x60, 0x1f, 0xff, 
0xbd, 0x63, 0x21, 0xff, 0xc8, 0x6e, 0x24, 0xff, 0xcb, 0x70, 0x25, 0xff, 0xcc, 0x73, 0x26, 0xff, 
0xc7, 0x69, 0x22, 0xff, 0xd0, 0x7b, 0x2c, 0xff, 0xd4, 0x84, 0x2f, 0xff, 0xc9, 0x6c, 0x23, 0xff, 
0xdb, 0x8b, 0x34, 0xff, 0xdb, 0x90, 0x36, 0xff, 0xd5, 0x83, 0x2f, 0xff, 0xd5, 0x80, 0x2d, 0xff, 
0xcd, 0x75, 0x28, 0xff, 0xce, 0x74, 0x27, 0xff, 0xcc, 0x74, 0x29, 0xff, 0xb0, 0x56, 0x1d, 0xff, 
0xb0, 0x58, 0x1c, 0xff, 0x98, 0x45, 0x16, 0xff, 0xa9, 0x52, 0x1b, 0xff, 0xb6, 0x68, 0x25, 0xff, 
0xd8, 0x87, 0x31, 0xff, 0xcf, 0x79, 0x2a, 0xff, 0xc3, 0x67, 0x22, 0xff, 0xc3, 0x66, 0x22, 0xff, 
0xc4, 0x66, 0x21, 0xff, 0xbd, 0x5e, 0x1d, 0xff, 0xc3, 0x66, 0x20, 0xff, 0xc3, 0x66, 0x21, 0xff, 
0xc1, 0x65, 0x21, 0xff, 0xcb, 0x6d, 0x24, 0xff, 0xbc, 0x5c, 0x1d, 0xff, 0xaf, 0x5a, 0x1e, 0xff, 
0xb6, 0x5c, 0x1e, 0xff, 0xcf, 0x74, 0x27, 0xff, 0xd6, 0x82, 0x2e, 0xff, 0xcb, 0x70, 0x25, 0xff, 
0xbe, 0x60, 0x1f, 0xff, 0xb4, 0x53, 0x1a, 0xff, 0xa9, 0x4c, 0x18, 0xff, 0xb4, 0x5c, 0x1f, 0xff, 
0xbe, 0x63, 0x21, 0xff, 0xb7, 0x59, 0x1c, 0xff, 0xbe, 0x5f, 0x1f, 0xff, 0xcf, 0x79, 0x2b, 0xff, 
0xcc, 0x74, 0x28, 0xff, 0xc5, 0x67, 0x21, 0xff, 0xc8, 0x6a, 0x22, 0xff, 0xc8, 0x67, 0x20, 0xff, 
0xb0, 0x53, 0x1a, 0xff, 0x9f, 0x4a, 0x19, 0xff, 0x8a, 0x3e, 0x14, 0xff, 0x7a, 0x32, 0x0f, 0xff, 
0xc5, 0x77, 0x2b, 0xff, 0xda, 0x88, 0x32, 0xff, 0xd3, 0x81, 0x2f, 0xff, 0xd8, 0x88, 0x32, 0xff, 
0xd2, 0x7d, 0x2c, 0xff, 0xdc, 0x91, 0x37, 0xff, 0xe3, 0xa0, 0x3f, 0xff, 0xe2, 0x9f, 0x3f, 0xff, 
0xde, 0x96, 0x3a, 0xff, 0xe9, 0xa9, 0x44, 0xff, 0xce, 0x7e, 0x2f, 0xff, 0xba, 0x58, 0x1a, 0xff, 
0xbe, 0x57, 0x19, 0xff, 0xda, 0x8f, 0x37, 0xff, 0xf2, 0xc1, 0x52, 0xff, 0xe2, 0x9d, 0x3e, 0xff, 
0xd4, 0x7f, 0x2d, 0xff, 0xd3, 0x75, 0x27, 0xff, 0xb9, 0x5c, 0x1e, 0xff, 0x92, 0x44, 0x16, 0xff, 
0x9d, 0x4d, 0x19, 0xff, 0xaf, 0x5b, 0x1f, 0xff, 0x9f, 0x4e, 0x1a, 0xff, 0x92, 0x44, 0x16, 0xff, 
0x86, 0x3c, 0x13, 0xff, 0x8b, 0x3b, 0x12, 0xff, 0xc6, 0x6d, 0x25, 0xff, 0xe5, 0x97, 0x38, 0xff, 
0xda, 0x8b, 0x33, 0xff, 0xd1, 0x79, 0x2a, 0xff, 0xcf, 0x75, 0x27, 0xff, 0xba, 0x5c, 0x1d, 0xff, 
0xbc, 0x61, 0x20, 0xff, 0xe1, 0x98, 0x3a, 0xff, 0xd9, 0x8c, 0x35, 0xff, 0xd3, 0x80, 0x2e, 0xff, 
0xcc, 0x73, 0x27, 0xff, 0xbc, 0x5d, 0x1d, 0xff, 0xb4, 0x57, 0x1c, 0xff, 0xbd, 0x5f, 0x1f, 0xff, 
0xbc, 0x5d, 0x1d, 0xff, 0xcb, 0x70, 0x25, 0xff, 0xd6, 0x81, 0x2d, 0xff, 0xd1, 0x7a, 0x2a, 0xff, 
0xc8, 0x6b, 0x23, 0xff, 0xca, 0x6f, 0x25, 0xff, 0xce, 0x76, 0x28, 0xff, 0xda, 0x8b, 0x33, 0xff, 
0xdf, 0x93, 0x38, 0xff, 0xcf, 0x76, 0x29, 0xff, 0xc2, 0x64, 0x20, 0xff, 0xb5, 0x59, 0x1c, 0xff, 
0xa9, 0x4f, 0x19, 0xff, 0xb8, 0x5e, 0x20, 0xff, 0xb4, 0x5d, 0x1e, 0xff, 0xb7, 0x5f, 0x20, 0xff, 
0xcb, 0x73, 0x28, 0xff, 0xca, 0x75, 0x29, 0xff, 0xb6, 0x56, 0x1a, 0xff, 0xcb, 0x72, 0x26, 0xff, 
0xd8, 0x85, 0x2f, 0xff, 0xbc, 0x5c, 0x1c, 0xff, 0xc2, 0x67, 0x23, 0xff, 0xd0, 0x79, 0x2a, 0xff, 
0xd2, 0x7b, 0x2b, 0xff, 0xd9, 0x88, 0x30, 0xff, 0xd0, 0x79, 0x29, 0xff, 0xbd, 0x60, 0x1f, 0xff, 
0xbf, 0x64, 0x21, 0xff, 0xa0, 0x47, 0x16, 0xff, 0xac, 0x50, 0x1a, 0xff, 0xde, 0x8f, 0x35, 0xff, 
0xd2, 0x80, 0x2e, 0xff, 0xc4, 0x67, 0x21, 0xff, 0xca, 0x73, 0x26, 0xff, 0xd3, 0x82, 0x2f, 0xff, 
0xdb, 0x8b, 0x33, 0xff, 0xd4, 0x7f, 0x2d, 0xff, 0xe2, 0x9d, 0x3d, 0xff, 0xeb, 0xaa, 0x45, 0xff, 
0xdb, 0x8f, 0x37, 0xff, 0xd8, 0x8c, 0x35, 0xff, 0xdb, 0x8f, 0x36, 0xff, 0xe6, 0x9f, 0x3d, 0xff, 
0xd5, 0x8c, 0x37, 0xff, 0xcb, 0x7a, 0x2d, 0xff, 0xdc, 0x8e, 0x35, 0xff, 0xcf, 0x7b, 0x2b, 0xff, 
0xc1, 0x64, 0x20, 0xff, 0xdc, 0x92, 0x37, 0xff, 0xdd, 0x92, 0x37, 0xff, 0xd9, 0x8b, 0x34, 0xff, 
0xdb, 0x8f, 0x36, 0xff, 0xd2, 0x7c, 0x2c, 0xff, 0xcf, 0x76, 0x28, 0xff, 0xca, 0x6d, 0x23, 0xff, 
0xc5, 0x67, 0x21, 0xff, 0xba, 0x59, 0x1b, 0xff, 0xdc, 0x95, 0x3b, 0xff, 0xe9, 0xaa, 0x46, 0xff, 
0xce, 0x76, 0x28, 0xff, 0xd1, 0x7b, 0x2a, 0xff, 0xd8, 0x84, 0x2e, 0xff, 0xc8, 0x6e, 0x25, 0xff, 
0xbf, 0x65, 0x22, 0xff, 0xc3, 0x6e, 0x26, 0xff, 0xb5, 0x5d, 0x1f, 0xff, 0xa3, 0x48, 0x16, 0xff, 
0xc3, 0x69, 0x23, 0xff, 0xcb, 0x72, 0x28, 0xff, 0xab, 0x50, 0x19, 0xff, 0xb6, 0x5e, 0x1f, 0xff, 
0xb8, 0x5c, 0x1e, 0xff, 0xb0, 0x54, 0x1b, 0xff, 0xad, 0x56, 0x1d, 0xff, 0x8f, 0x41, 0x15, 0xff, 
0x89, 0x3f, 0x14, 0xff, 0x8e, 0x42, 0x15, 0xff, 0x94, 0x44, 0x16, 0xff, 0x94, 0x42, 0x15, 0xff, 
0x83, 0x35, 0x0f, 0xff, 0xbb, 0x71, 0x2a, 0xff, 0xe6, 0x99, 0x3a, 0xff, 0xa4, 0x4b, 0x18, 0xff, 
0x9e, 0x49, 0x18, 0xff, 0x96, 0x44, 0x16, 0xff, 0xac, 0x56, 0x1c, 0xff, 0xb4, 0x58, 0x1c, 0xff, 
0xc4, 0x6b, 0x24, 0xff, 0xda, 0x89, 0x31, 0xff, 0xd0, 0x7c, 0x2d, 0xff, 0xde, 0x97, 0x3b, 0xff, 
0xe4, 0xa8, 0x45, 0xff, 0xce, 0x81, 0x31, 0xff, 0xcb, 0x7a, 0x2c, 0xff, 0xcb, 0x83, 0x33, 0xff, 
0xad, 0x4b, 0x15, 0xff, 0xb4, 0x51, 0x16, 0xff, 0xca, 0x70, 0x25, 0xff, 0xeb, 0xb1, 0x49, 0xff, 
0xf1, 0xbe, 0x51, 0xff, 0xef, 0xb6, 0x4d, 0xff, 0xf0, 0xb9, 0x4f, 0xff, 0xf6, 0xc7, 0x59, 0xff, 
0xeb, 0xb0, 0x4b, 0xff, 0xc8, 0x6f, 0x23, 0xff, 0xb0, 0x4c, 0x15, 0xff, 0xbb, 0x5a, 0x1b, 0xff, 
0xd1, 0x79, 0x2a, 0xff, 0xd4, 0x7f, 0x2d, 0xff, 0xcd, 0x71, 0x26, 0xff, 0xe3, 0x9f, 0x3f, 0xff, 
0xf0, 0xbb, 0x4f, 0xff, 0xf3, 0xc0, 0x52, 0xff, 0xf0, 0xbb, 0x50, 0xff, 0xdf, 0x95, 0x39, 0xff, 
0xd8, 0x88, 0x31, 0xff, 0xcf, 0x77, 0x29, 0xff, 0xd4, 0x80, 0x2e, 0xff, 0xd8, 0x8c, 0x35, 0xff, 
0xe0, 0x9a, 0x3d, 0xff, 0xde, 0x94, 0x38, 0xff, 0xd1, 0x79, 0x28, 0xff, 0xd6, 0x84, 0x2a, 0xff, 
0xd8, 0x8a, 0x31, 0xff, 0xd9, 0x8b, 0x33, 0xff, 0xe3, 0xa1, 0x40, 0xff, 0xf5, 0xc5, 0x54, 0xff, 
0xf6, 0xc7, 0x57, 0xff, 0xf3, 0xc2, 0x57, 0xff, 0xde, 0x97, 0x3c, 0xff, 0xe3, 0xa2, 0x40, 0xff, 
0xe8, 0xa8, 0x44, 0xff, 0xda, 0x8d, 0x35, 0xff, 0xe4, 0xa2, 0x41, 0xff, 0xea, 0xb0, 0x4b, 0xff, 
0xeb, 0xb0, 0x4c, 0xff, 0xfa, 0xd0, 0x62, 0xff, 0xf9, 0xd0, 0x62, 0xff, 0xe4, 0xa2, 0x43, 0xff, 
0xdc, 0x93, 0x38, 0xff, 0xce, 0x76, 0x28, 0xff, 0xcd, 0x72, 0x25, 0xff, 0xd6, 0x83, 0x2f, 0xff, 
0xda, 0x8a, 0x32, 0xff, 0xd8, 0x82, 0x2e, 0xff, 0xb3, 0x55, 0x1a, 0xff, 0xb0, 0x5c, 0x20, 0xff, 
0xdc, 0x92, 0x38, 0xff, 0xd6, 0x82, 0x2f, 0xff, 0xcb, 0x6d, 0x23, 0xff, 0xd7, 0x8a, 0x33, 0xff, 
0xee, 0xaf, 0x47, 0xff, 0xf9, 0xb8, 0x4b, 0xff, 0xdd, 0x8b, 0x33, 0xff, 0x9e, 0x4a, 0x16, 0xff, 
0x87, 0x42, 0x15, 0xff, 0xaf, 0x5d, 0x1f, 0xff, 0xc5, 0x6c, 0x24, 0xff, 0xba, 0x5f, 0x1f, 0xff, 
0xbc, 0x5f, 0x1e, 0xff, 0xc7, 0x69, 0x22, 0xff, 0xc5, 0x67, 0x21, 0xff, 0xc7, 0x6a, 0x22, 0xff, 
0xc4, 0x67, 0x22, 0xff, 0xc5, 0x69, 0x22, 0xff, 0xca, 0x6f, 0x25, 0xff, 0xca, 0x70, 0x25, 0xff, 
0xc6, 0x69, 0x21, 0xff, 0xd6, 0x82, 0x2e, 0xff, 0xe1, 0x95, 0x38, 0xff, 0xdb, 0x93, 0x38, 0xff, 
0xc6, 0x72, 0x29, 0xff, 0xba, 0x5b, 0x1e, 0xff, 0xc2, 0x64, 0x21, 0xff, 0xcc, 0x70, 0x23, 0xff, 
0xcf, 0x75, 0x26, 0xff, 0xd1, 0x70, 0x24, 0xff, 0xa0, 0x44, 0x15, 0xff, 0x98, 0x46, 0x16, 0xff, 
0x8d, 0x46, 0x17, 0xff, 0x73, 0x35, 0x11, 0xff, 0x88, 0x3c, 0x13, 0xff, 0x9d, 0x42, 0x14, 0xff, 
0xbc, 0x5f, 0x1f, 0xff, 0xc4, 0x68, 0x23, 0xff, 0xc6, 0x6a, 0x23, 0xff, 0xc6, 0x69, 0x22, 0xff, 
0xca, 0x71, 0x26, 0xff, 0xcd, 0x78, 0x2a, 0xff, 0xd0, 0x77, 0x28, 0xff, 0xda, 0x80, 0x2b, 0xff, 
0xd6, 0x78, 0x28, 0xff, 0xbf, 0x63, 0x21, 0xff, 0x91, 0x43, 0x16, 0xff, 0x8b, 0x3b, 0x12, 0xff, 
0xa9, 0x4e, 0x19, 0xff, 0xac, 0x4f, 0x19, 0xff, 0xce, 0x77, 0x2a, 0xff, 0xdb, 0x87, 0x30, 0xff, 
0xb9, 0x5a, 0x1c, 0xff, 0xaa, 0x4c, 0x17, 0xff, 0xaf, 0x53, 0x1b, 0xff, 0xca, 0x70, 0x26, 0xff, 
0xb8, 0x5b, 0x1d, 0xff, 0xaf, 0x53, 0x1a, 0xff, 0xbe, 0x63, 0x21, 0xff, 0xd0, 0x78, 0x29, 0xff, 
0xd1, 0x78, 0x28, 0xff, 0xcf, 0x76, 0x29, 0xff, 0xc9, 0x6c, 0x24, 0xff, 0xc7, 0x6b, 0x22, 0xff, 
0xc1, 0x63, 0x20, 0xff, 0xb3, 0x55, 0x1b, 0xff, 0xa2, 0x48, 0x16, 0xff, 0xb6, 0x59, 0x1d, 0xff, 
0xe7, 0xa0, 0x3e, 0xff, 0xd8, 0x89, 0x32, 0xff, 0xd4, 0x82, 0x2f, 0xff, 0xda, 0x90, 0x37, 0xff, 
0xd6, 0x87, 0x32, 0xff, 0xdb, 0x8f, 0x36, 0xff, 0xe3, 0x9f, 0x3f, 0xff, 0xe3, 0xa1, 0x40, 0xff, 
0xe6, 0xa7, 0x44, 0xff, 0xe5, 0xa3, 0x42, 0xff, 0xcf, 0x75, 0x27, 0xff, 0xd5, 0x78, 0x27, 0xff, 
0xbc, 0x61, 0x1f, 0xff, 0xc0, 0x6b, 0x26, 0xff, 0xe8, 0xa5, 0x41, 0xff, 0xe1, 0x9b, 0x3d, 0xff, 
0xdf, 0x97, 0x39, 0xff, 0xdb, 0x8c, 0x34, 0xff, 0xc9, 0x70, 0x26, 0xff, 0xb0, 0x57, 0x1b, 0xff, 
0x97, 0x42, 0x14, 0xff, 0xa0, 0x4a, 0x18, 0xff, 0xa9, 0x50, 0x1a, 0xff, 0xa8, 0x51, 0x1b, 0xff, 
0xa0, 0x48, 0x17, 0xff, 0xae, 0x53, 0x1a, 0xff, 0xd1, 0x78, 0x2a, 0xff, 0xd2, 0x7b, 0x2b, 0xff, 
0xd2, 0x7b, 0x2a, 0xff, 0xd1, 0x79, 0x2a, 0xff, 0xcb, 0x70, 0x26, 0xff, 0xd4, 0x7e, 0x2c, 0xff, 
0xd2, 0x7c, 0x2b, 0xff, 0xcb, 0x72, 0x26, 0xff, 0xd0, 0x79, 0x29, 0xff, 0xd7, 0x81, 0x2d, 0xff, 
0xc4, 0x68, 0x22, 0xff, 0xac, 0x54, 0x1b, 0xff, 0xc1, 0x70, 0x28, 0xff, 0xb4, 0x59, 0x1d, 0xff, 
0xbe, 0x61, 0x20, 0xff, 0xc5, 0x6a, 0x24, 0xff, 0xcc, 0x72, 0x26, 0xff, 0xd0, 0x7a, 0x29, 0xff, 
0xcd, 0x72, 0x26, 0xff, 0xd4, 0x80, 0x2e, 0xff, 0xdd, 0x92, 0x38, 0xff, 0xda, 0x8c, 0x34, 0xff, 
0xe4, 0xa3, 0x42, 0xff, 0xe3, 0x9e, 0x3e, 0xff, 0xc6, 0x69, 0x22, 0xff, 0xba, 0x5c, 0x1e, 0xff, 
0xb6, 0x57, 0x1b, 0xff, 0xa0, 0x49, 0x18, 0xff, 0x90, 0x3f, 0x14, 0xff, 0xa1, 0x4a, 0x17, 0xff, 
0xb4, 0x59, 0x1c, 0xff, 0xd5, 0x83, 0x30, 0xff, 0xde, 0x93, 0x37, 0xff, 0xd5, 0x84, 0x30, 0xff, 
0xd1, 0x7a, 0x2b, 0xff, 0xd3, 0x82, 0x2f, 0xff, 0xd1, 0x7c, 0x2b, 0xff, 0xd4, 0x81, 0x2e, 0xff, 
0xd1, 0x7a, 0x2a, 0xff, 0xd5, 0x80, 0x2d, 0xff, 0xc4, 0x6c, 0x24, 0xff, 0xc3, 0x6a, 0x24, 0xff, 
0xb1, 0x54, 0x1b, 0xff, 0xa8, 0x51, 0x1b, 0xff, 0xd4, 0x8e, 0x38, 0xff, 0xee, 0xad, 0x44, 0xff, 
0xc4, 0x67, 0x20, 0xff, 0xbb, 0x5f, 0x1f, 0xff, 0xcb, 0x76, 0x29, 0xff, 0xbc, 0x63, 0x21, 0xff, 
0xb4, 0x58, 0x1c, 0xff, 0xb2, 0x56, 0x1b, 0xff, 0xce, 0x7c, 0x2c, 0xff, 0xdc, 0x94, 0x3a, 0xff, 
0xdb, 0x93, 0x39, 0xff, 0xe1, 0x9c, 0x3d, 0xff, 0xe5, 0xa3, 0x41, 0xff, 0xcf, 0x7a, 0x2b, 0xff, 
0xcc, 0x78, 0x2b, 0xff, 0xdd, 0x90, 0x37, 0xff, 0xd8, 0x89, 0x32, 0xff, 0xc7, 0x6f, 0x25, 0xff, 
0xbf, 0x61, 0x1e, 0xff, 0xc8, 0x6e, 0x25, 0xff, 0xcf, 0x7a, 0x2b, 0xff, 0xe0, 0x98, 0x3b, 0xff, 
0xe9, 0xac, 0x46, 0xff, 0xd7, 0x84, 0x30, 0xff, 0xd4, 0x7f, 0x2c, 0xff, 0xd3, 0x7c, 0x2a, 0xff, 
0xc4, 0x66, 0x21, 0xff, 0xb9, 0x56, 0x19, 0xff, 0xd2, 0x7d, 0x2c, 0xff, 0xe2, 0x9d, 0x3d, 0xff, 
0xc4, 0x65, 0x1f, 0xff, 0xbb, 0x5a, 0x1c, 0xff, 0xbf, 0x64, 0x21, 0xff, 0xc6, 0x6c, 0x24, 0xff, 
0xc3, 0x69, 0x24, 0xff, 0xc1, 0x61, 0x1f, 0xff, 0xc5, 0x6b, 0x24, 0xff, 0xcb, 0x71, 0x27, 0xff, 
0xcf, 0x75, 0x27, 0xff, 0xc0, 0x69, 0x24, 0xff, 0xb4, 0x58, 0x1c, 0xff, 0xbb, 0x60, 0x20, 0xff, 
0xb7, 0x5d, 0x1e, 0xff, 0xcb, 0x71, 0x27, 0xff, 0xd2, 0x7d, 0x2d, 0xff, 0xa3, 0x4f, 0x19, 0xff, 
0xa8, 0x4e, 0x1a, 0xff, 0xa4, 0x4e, 0x19, 0xff, 0x9d, 0x4b, 0x18, 0xff, 0xb3, 0x5b, 0x1e, 0xff, 
0x95, 0x47, 0x17, 0xff, 0xae, 0x5a, 0x1f, 0xff, 0xba, 0x5f, 0x1f, 0xff, 0x99, 0x45, 0x16, 0xff, 
0x85, 0x3b, 0x13, 0xff, 0x9b, 0x48, 0x17, 0xff, 0xab, 0x51, 0x1b, 0xff, 0xb3, 0x56, 0x1b, 0xff, 
0xc4, 0x6e, 0x26, 0xff, 0xd5, 0x85, 0x30, 0xff, 0xe1, 0x9c, 0x3d, 0xff, 0xe4, 0x9c, 0x3c, 0xff, 
0xb6, 0x5b, 0x1c, 0xff, 0xb3, 0x58, 0x1b, 0xff, 0xcb, 0x70, 0x25, 0xff, 0xaf, 0x50, 0x18, 0xff, 
0xc9, 0x76, 0x2c, 0xff, 0xb4, 0x52, 0x18, 0xff, 0xc0, 0x5d, 0x1a, 0xff, 0xe6, 0xa5, 0x41, 0xff, 
0xf8, 0xcc, 0x5e, 0xff, 0xf7, 0xc9, 0x5d, 0xff, 0xf5, 0xc3, 0x57, 0xff, 0xf4, 0xc3, 0x56, 0xff, 
0xf7, 0xca, 0x5c, 0xff, 0xef, 0xb9, 0x53, 0xff, 0xdc, 0x90, 0x34, 0xff, 0xd8, 0x85, 0x30, 0xff, 
0xdf, 0x93, 0x38, 0xff, 0xd7, 0x87, 0x2f, 0xff, 0xeb, 0xae, 0x48, 0xff, 0xf7, 0xc8, 0x58, 0xff, 
0xe8, 0xab, 0x45, 0xff, 0xe6, 0xa6, 0x43, 0xff, 0xe7, 0xa7, 0x44, 0xff, 0xe5, 0xa3, 0x42, 0xff, 
0xdd, 0x93, 0x38, 0xff, 0xcd, 0x72, 0x23, 0xff, 0xd4, 0x7b, 0x29, 0xff, 0xb4, 0x59, 0x1a, 0xff, 
0xc5, 0x74, 0x25, 0xff, 0xe0, 0x93, 0x32, 0xff, 0xde, 0x94, 0x38, 0xff, 0xf4, 0xc5, 0x65, 0xff, 
0xfc, 0xd4, 0x68, 0xff, 0xf3, 0xc0, 0x52, 0xff, 0xe9, 0xab, 0x47, 0xff, 0xec, 0xb1, 0x4b, 0xff, 
0xeb, 0xb1, 0x48, 0xff, 0xe2, 0x9f, 0x3e, 0xff, 0xcd, 0x73, 0x27, 0xff, 0xcb, 0x6d, 0x21, 0xff, 
0xe7, 0xa9, 0x43, 0xff, 0xe9, 0xad, 0x47, 0xff, 0xeb, 0xb1, 0x4a, 0xff, 0xf1, 0xbd, 0x52, 0xff, 
0xe7, 0xa9, 0x44, 0xff, 0xf2, 0xbe, 0x54, 0xff, 0xe8, 0xab, 0x49, 0xff, 0xdc, 0x90, 0x36, 0xff, 
0xe5, 0xa5, 0x43, 0xff, 0xdb, 0x8f, 0x35, 0xff, 0xd1, 0x7c, 0x2c, 0xff, 0xdd, 0x8e, 0x33, 0xff, 
0xec, 0x9d, 0x3b, 0xff, 0xdc, 0x7d, 0x2b, 0xff, 0x87, 0x3a, 0x11, 0xff, 0x4c, 0x16, 0x04, 0xff, 
0x95, 0x4a, 0x19, 0xff, 0xe1, 0x92, 0x38, 0xff, 0xd4, 0x81, 0x2f, 0xff, 0xdc, 0x91, 0x37, 0xff, 
0xc3, 0x67, 0x21, 0xff, 0xe0, 0x9c, 0x3e, 0xff, 0xe4, 0xa3, 0x43, 0xff, 0xb3, 0x50, 0x17, 0xff, 
0xc1, 0x62, 0x20, 0xff, 0xd1, 0x76, 0x28, 0xff, 0xb6, 0x5d, 0x1f, 0xff, 0xad, 0x54, 0x1b, 0xff, 
0xbe, 0x61, 0x20, 0xff, 0xba, 0x5d, 0x1e, 0xff, 0xb8, 0x5b, 0x1c, 0xff, 0xc1, 0x64, 0x20, 0xff, 
0xc1, 0x62, 0x1f, 0xff, 0xc4, 0x66, 0x20, 0xff, 0xd1, 0x7a, 0x2a, 0xff, 0xd4, 0x7f, 0x2c, 0xff, 
0xcb, 0x6f, 0x25, 0xff, 0xcd, 0x78, 0x2a, 0xff, 0xd1, 0x7f, 0x2e, 0xff, 0xcb, 0x76, 0x2a, 0xff, 
0xb2, 0x53, 0x18, 0xff, 0xbc, 0x5c, 0x1c, 0xff, 0xc0, 0x62, 0x20, 0xff, 0xc4, 0x69, 0x23, 0xff, 
0xd9, 0x7d, 0x2a, 0xff, 0xb4, 0x5c, 0x1e, 0xff, 0x74, 0x31, 0x10, 0xff, 0x90, 0x45, 0x16, 0xff, 
0x95, 0x4a, 0x18, 0xff, 0x6a, 0x31, 0x0f, 0xff, 0x72, 0x33, 0x11, 0xff, 0x98, 0x47, 0x17, 0xff, 
0xac, 0x4f, 0x19, 0xff, 0xc1, 0x63, 0x1f, 0xff, 0xcc, 0x70, 0x25, 0xff, 0xc8, 0x6a, 0x22, 0xff, 
0xd5, 0x83, 0x2f, 0xff, 0xe9, 0x9e, 0x3b, 0xff, 0xd7, 0x7e, 0x2c, 0xff, 0xbe, 0x66, 0x23, 0xff, 
0xc6, 0x6c, 0x25, 0xff, 0xa4, 0x4e, 0x19, 0xff, 0x7c, 0x36, 0x11, 0xff, 0x98, 0x49, 0x18, 0xff, 
0x8e, 0x41, 0x15, 0xff, 0x93, 0x42, 0x15, 0xff, 0xc4, 0x6a, 0x25, 0xff, 0xc9, 0x74, 0x29, 0xff, 
0xd0, 0x82, 0x30, 0xff, 0xd4, 0x84, 0x30, 0xff, 0xb2, 0x59, 0x1d, 0xff, 0xa9, 0x4c, 0x17, 0xff, 
0xc9, 0x7b, 0x2e, 0xff, 0xdc, 0x90, 0x37, 0xff, 0xb5, 0x55, 0x1a, 0xff, 0xc0, 0x63, 0x1f, 0xff, 
0xd4, 0x7e, 0x2c, 0xff, 0xd8, 0x87, 0x31, 0xff, 0xd3, 0x7c, 0x2b, 0xff, 0xd1, 0x78, 0x29, 0xff, 
0xd9, 0x86, 0x30, 0xff, 0xca, 0x6f, 0x26, 0xff, 0xbc, 0x5d, 0x1e, 0xff, 0xba, 0x5c, 0x1e, 0xff, 
0xb0, 0x57, 0x1e, 0xff, 0xaa, 0x53, 0x1b, 0xff, 0xc8, 0x79, 0x2d, 0xff, 0xf3, 0xbb, 0x4e, 0xff, 
0xea, 0xaf, 0x49, 0xff, 0xdc, 0x91, 0x37, 0xff, 0xe1, 0x9a, 0x3c, 0xff, 0xe6, 0xa5, 0x42, 0xff, 
0xe5, 0xa4, 0x43, 0xff, 0xdc, 0x94, 0x39, 0xff, 0xce, 0x77, 0x29, 0xff, 0xcd, 0x6f, 0x24, 0xff, 
0xbb, 0x5d, 0x1e, 0xff, 0xc7, 0x70, 0x27, 0xff, 0xde, 0x90, 0x35, 0xff, 0xd3, 0x7e, 0x2c, 0xff, 
0xd7, 0x86, 0x30, 0xff, 0xd9, 0x89, 0x32, 0xff, 0xdc, 0x8a, 0x32, 0xff, 0xda, 0x83, 0x2e, 0xff, 
0xc8, 0x69, 0x22, 0xff, 0xb1, 0x52, 0x1a, 0xff, 0xad, 0x54, 0x1b, 0xff, 0xb3, 0x58, 0x1d, 0xff, 
0xcd, 0x72, 0x27, 0xff, 0xc6, 0x68, 0x23, 0xff, 0xc0, 0x62, 0x1f, 0xff, 0xc7, 0x69, 0x22, 0xff, 
0xd4, 0x7e, 0x2c, 0xff, 0xd6, 0x84, 0x30, 0xff, 0xd4, 0x7d, 0x2c, 0xff, 0xd6, 0x83, 0x2f, 0xff, 
0xd6, 0x84, 0x2f, 0xff, 0xd3, 0x7d, 0x2b, 0xff, 0xd7, 0x84, 0x2f, 0xff, 0xcc, 0x71, 0x26, 0xff, 
0xc3, 0x64, 0x20, 0xff, 0xa8, 0x4f, 0x19, 0xff, 0xa1, 0x50, 0x1b, 0xff, 0xb9, 0x60, 0x20, 0xff, 
0xc5, 0x68, 0x22, 0xff, 0xc7, 0x6d, 0x25, 0xff, 0xcf, 0x79, 0x2a, 0xff, 0xd0, 0x78, 0x2a, 0xff, 
0xd2, 0x7d, 0x2c, 0xff, 0xdb, 0x8c, 0x34, 0xff, 0xe0, 0x98, 0x3a, 0xff, 0xdd, 0x95, 0x3a, 0xff, 
0xe1, 0x9d, 0x3f, 0xff, 0xe3, 0xa1, 0x40, 0xff, 0xcf, 0x75, 0x27, 0xff, 0xc7, 0x68, 0x22, 0xff, 
0xbe, 0x61, 0x1f, 0xff, 0xa5, 0x4d, 0x18, 0xff, 0xb3, 0x5a, 0x1e, 0xff, 0xcd, 0x79, 0x2b, 0xff, 
0xc1, 0x67, 0x22, 0xff, 0xc5, 0x67, 0x21, 0xff, 0xd3, 0x80, 0x2e, 0xff, 0xea, 0xae, 0x48, 0xff, 
0xe7, 0xa7, 0x43, 0xff, 0xde, 0x94, 0x35, 0xff, 0xd9, 0x8a, 0x32, 0xff, 0xcf, 0x76, 0x28, 0xff, 
0xc5, 0x64, 0x1f, 0xff, 0xc0, 0x60, 0x1e, 0xff, 0xc3, 0x68, 0x23, 0xff, 0xc5, 0x70, 0x27, 0xff, 
0xb7, 0x5b, 0x1e, 0xff, 0xda, 0x8a, 0x34, 0xff, 0xde, 0x94, 0x38, 0xff, 0xc4, 0x6c, 0x25, 0xff, 
0xc4, 0x69, 0x22, 0xff, 0xcd, 0x76, 0x28, 0xff, 0xcf, 0x79, 0x29, 0xff, 0xb5, 0x57, 0x1c, 0xff, 
0x9e, 0x46, 0x16, 0xff, 0x94, 0x42, 0x15, 0xff, 0xa9, 0x4f, 0x19, 0xff, 0xbf, 0x64, 0x21, 0xff, 
0xc7, 0x6f, 0x27, 0xff, 0xd6, 0x87, 0x33, 0xff, 0xda, 0x8a, 0x33, 0xff, 0xc5, 0x6b, 0x24, 0xff, 
0xc2, 0x68, 0x23, 0xff, 0xd1, 0x7a, 0x29, 0xff, 0xc5, 0x68, 0x22, 0xff, 0xc8, 0x6e, 0x25, 0xff, 
0xda, 0x8a, 0x32, 0xff, 0xbc, 0x5b, 0x1c, 0xff, 0xab, 0x44, 0x12, 0xff, 0xc6, 0x69, 0x22, 0xff, 
0xe2, 0x9a, 0x3b, 0xff, 0xdf, 0x98, 0x3b, 0xff, 0xdb, 0x8e, 0x35, 0xff, 0xdb, 0x8e, 0x35, 0xff, 
0xd3, 0x80, 0x2e, 0xff, 0xd2, 0x7c, 0x2b, 0xff, 0xdd, 0x92, 0x38, 0xff, 0xe2, 0x9f, 0x3f, 0xff, 
0xd8, 0x89, 0x32, 0xff, 0xc0, 0x62, 0x20, 0xff, 0xa6, 0x46, 0x16, 0xff, 0xb1, 0x54, 0x1b, 0xff, 
0xc1, 0x62, 0x1e, 0xff, 0xc4, 0x66, 0x21, 0xff, 0xd5, 0x83, 0x30, 0xff, 0xe0, 0x97, 0x3a, 0xff, 
0xc8, 0x71, 0x27, 0xff, 0xcc, 0x70, 0x25, 0xff, 0xbd, 0x60, 0x1f, 0xff, 0xac, 0x4c, 0x17, 0xff, 
0xcc, 0x74, 0x27, 0xff, 0xd9, 0x87, 0x30, 0xff, 0xce, 0x76, 0x28, 0xff, 0xc1, 0x61, 0x20, 0xff, 
0xc2, 0x62, 0x20, 0xff, 0xb5, 0x5e, 0x1f, 0xff, 0xb3, 0x5b, 0x1e, 0xff, 0xb8, 0x5e, 0x1e, 0xff, 
0x85, 0x36, 0x11, 0xff, 0x90, 0x3d, 0x12, 0xff, 0xbd, 0x64, 0x21, 0xff, 0xaf, 0x5a, 0x1e, 0xff, 
0x98, 0x45, 0x16, 0xff, 0x9f, 0x4b, 0x18, 0xff, 0xac, 0x58, 0x1d, 0xff, 0xb0, 0x5c, 0x1f, 0xff, 
0xd6, 0x88, 0x32, 0xff, 0xd6, 0x88, 0x33, 0xff, 0xd9, 0x8e, 0x34, 0xff, 0xe5, 0xa3, 0x41, 0xff, 
0xe4, 0xa3, 0x45, 0xff, 0xe0, 0x98, 0x3b, 0xff, 0xcf, 0x78, 0x29, 0xff, 0xd5, 0x82, 0x2f, 0xff, 
0xd7, 0x8c, 0x36, 0xff, 0xc3, 0x64, 0x1d, 0xff, 0xcd, 0x73, 0x25, 0xff, 0xf0, 0xbb, 0x52, 0xff, 
0xf7, 0xca, 0x5b, 0xff, 0xf2, 0xbd, 0x4d, 0xff, 0xef, 0xb5, 0x44, 0xff, 0xf5, 0xbf, 0x4d, 0xff, 
0xf6, 0xca, 0x66, 0xff, 0xfb, 0xd3, 0x67, 0xff, 0xff, 0xd9, 0x66, 0xff, 0xf6, 0xc4, 0x56, 0xff, 
0xeb, 0xb3, 0x4b, 0xff, 0xf2, 0xbe, 0x54, 0xff, 0xfb, 0xd1, 0x62, 0xff, 0xf9, 0xcb, 0x5b, 0xff, 
0xe9, 0xa9, 0x45, 0xff, 0xb2, 0x4b, 0x13, 0xff, 0xb7, 0x52, 0x15, 0xff, 0xe5, 0xa1, 0x3f, 0xff, 
0xf1, 0xbb, 0x50, 0xff, 0xee, 0xb5, 0x50, 0xff, 0xea, 0xad, 0x4b, 0xff, 0xe2, 0xa2, 0x45, 0xff, 
0xe9, 0xb3, 0x58, 0xff, 0xf8, 0xcb, 0x68, 0xff, 0xff, 0xe7, 0x85, 0xff, 0xff, 0xe6, 0x85, 0xff, 
0xf8, 0xca, 0x5a, 0xff, 0xf3, 0xc1, 0x53, 0xff, 0xe0, 0x98, 0x3b, 0xff, 0xdc, 0x91, 0x36, 0xff, 
0xec, 0xb3, 0x4e, 0xff, 0xe5, 0xa4, 0x45, 0xff, 0xdb, 0x8f, 0x34, 0xff, 0xe3, 0x9f, 0x44, 0xff, 
0xf2, 0xbf, 0x58, 0xff, 0xf5, 0xc2, 0x54, 0xff, 0xf1, 0xbc, 0x4f, 0xff, 0xe7, 0xa9, 0x43, 0xff, 
0xde, 0x97, 0x3a, 0xff, 0xeb, 0xb1, 0x48, 0xff, 0xe2, 0x9d, 0x3c, 0xff, 0xe9, 0xad, 0x49, 0xff, 
0xed, 0xb3, 0x4c, 0xff, 0xe2, 0x9c, 0x3b, 0xff, 0xda, 0x89, 0x31, 0xff, 0xc6, 0x70, 0x26, 0xff, 
0xaf, 0x5a, 0x1d, 0xff, 0x90, 0x3e, 0x13, 0xff, 0x6b, 0x2f, 0x0f, 0xff, 0x4c, 0x1d, 0x08, 0xff, 
0x9e, 0x52, 0x1c, 0xff, 0xe4, 0x90, 0x34, 0xff, 0xb9, 0x5e, 0x1e, 0xff, 0xbd, 0x64, 0x22, 0xff, 
0xde, 0x91, 0x37, 0xff, 0xe5, 0xa6, 0x43, 0xff, 0xf1, 0xb9, 0x4d, 0xff, 0xd9, 0x94, 0x3b, 0xff, 
0xbd, 0x60, 0x1f, 0xff, 0xb5, 0x53, 0x18, 0xff, 0xb1, 0x56, 0x1b, 0xff, 0xbf, 0x63, 0x20, 0xff, 
0xce, 0x71, 0x25, 0xff, 0xcb, 0x73, 0x27, 0xff, 0xc0, 0x66, 0x22, 0xff, 0xc6, 0x6a, 0x22, 0xff, 
0xc9, 0x6d, 0x23, 0xff, 0xcc, 0x74, 0x27, 0xff, 0xd0, 0x79, 0x2a, 0xff, 0xcc, 0x71, 0x25, 0xff, 
0xc4, 0x66, 0x20, 0xff, 0xc0, 0x62, 0x20, 0xff, 0xb8, 0x5e, 0x1f, 0xff, 0xaf, 0x57, 0x1c, 0xff, 
0xbb, 0x5f, 0x1f, 0xff, 0xb6, 0x5a, 0x1d, 0xff, 0xb7, 0x59, 0x1c, 0xff, 0xbc, 0x5e, 0x1f, 0xff, 
0xce, 0x6f, 0x24, 0xff, 0xa9, 0x5a, 0x1e, 0xff, 0x86, 0x40, 0x16, 0xff, 0xa6, 0x4d, 0x19, 0xff, 
0xa8, 0x52, 0x1b, 0xff, 0x7f, 0x3a, 0x12, 0xff, 0x7d, 0x39, 0x12, 0xff, 0x89, 0x3b, 0x14, 0xff, 
0xa3, 0x4b, 0x19, 0xff, 0xc1, 0x64, 0x20, 0xff, 0xbf, 0x5f, 0x1d, 0xff, 0xcd, 0x74, 0x28, 0xff, 
0xe1, 0x89, 0x30, 0xff, 0xc5, 0x6b, 0x23, 0xff, 0x94, 0x43, 0x15, 0xff, 0x7a, 0x31, 0x0f, 0xff, 
0x89, 0x3b, 0x13, 0xff, 0x84, 0x3d, 0x12, 0xff, 0x8c, 0x42, 0x15, 0xff, 0x97, 0x48, 0x17, 0xff, 
0x89, 0x3f, 0x14, 0xff, 0xa8, 0x53, 0x1b, 0xff, 0xa4, 0x4c, 0x18, 0xff, 0xa5, 0x49, 0x17, 0xff, 
0xd4, 0x84, 0x30, 0xff, 0xdb, 0x8b, 0x34, 0xff, 0xc1, 0x6b, 0x25, 0xff, 0xb6, 0x59, 0x1d, 0xff, 
0xde, 0x94, 0x38, 0xff, 0xd9, 0x8a, 0x33, 0xff, 0xb9, 0x57, 0x1b, 0xff, 0xbc, 0x61, 0x20, 0xff, 
0xcf, 0x77, 0x29, 0xff, 0xd3, 0x7d, 0x2b, 0xff, 0xdf, 0x97, 0x3a, 0xff, 0xda, 0x8d, 0x35, 0xff, 
0xce, 0x73, 0x26, 0xff, 0xc5, 0x69, 0x23, 0xff, 0xbe, 0x60, 0x1f, 0xff, 0xbe, 0x62, 0x20, 0xff, 
0xaf, 0x51, 0x19, 0xff, 0xa2, 0x46, 0x17, 0xff, 0xa5, 0x4c, 0x17, 0xff, 0xda, 0x90, 0x38, 0xff, 
0xea, 0xa9, 0x45, 0xff, 0xe1, 0x9b, 0x3d, 0xff, 0xe1, 0x98, 0x3a, 0xff, 0xdf, 0x98, 0x3b, 0xff, 
0xda, 0x8d, 0x35, 0xff, 0xc1, 0x62, 0x1f, 0xff, 0xb8, 0x61, 0x22, 0xff, 0xa3, 0x4e, 0x1a, 0xff, 
0x9e, 0x46, 0x16, 0xff, 0xc3, 0x68, 0x23, 0xff, 0xdc, 0x89, 0x32, 0xff, 0xd7, 0x85, 0x30, 0xff, 
0xd3, 0x7e, 0x2c, 0xff, 0xd4, 0x7f, 0x2d, 0xff, 0xda, 0x8a, 0x33, 0xff, 0xda, 0x89, 0x32, 0xff, 
0xcb, 0x6f, 0x25, 0xff, 0xc1, 0x64, 0x21, 0xff, 0xcb, 0x71, 0x26, 0xff, 0xca, 0x6d, 0x24, 0xff, 
0xc5, 0x6a, 0x24, 0xff, 0xca, 0x6f, 0x25, 0xff, 0xc5, 0x66, 0x21, 0xff, 0xcf, 0x75, 0x28, 0xff, 
0xdd, 0x8f, 0x35, 0xff, 0xde, 0x93, 0x38, 0xff, 0xe0, 0x98, 0x3b, 0xff, 0xdd, 0x93, 0x37, 0xff, 
0xdb, 0x8d, 0x34, 0xff, 0xda, 0x89, 0x32, 0xff, 0xd7, 0x84, 0x2f, 0xff, 0xc8, 0x6e, 0x24, 0xff, 
0xbf, 0x5f, 0x1e, 0xff, 0xbc, 0x5f, 0x1f, 0xff, 0xb1, 0x56, 0x1c, 0xff, 0xba, 0x61, 0x21, 0xff, 
0xce, 0x77, 0x29, 0xff, 0xd8, 0x87, 0x30, 0xff, 0xd6, 0x83, 0x30, 0xff, 0xd6, 0x85, 0x31, 0xff, 
0xd9, 0x8b, 0x33, 0xff, 0xd5, 0x82, 0x2e, 0xff, 0xd8, 0x87, 0x31, 0xff, 0xe4, 0xa2, 0x40, 0xff, 
0xe5, 0xa4, 0x42, 0xff, 0xda, 0x8d, 0x34, 0xff, 0xd1, 0x78, 0x28, 0xff, 0xc9, 0x6d, 0x23, 0xff, 
0xc3, 0x65, 0x20, 0xff, 0xc3, 0x65, 0x21, 0xff, 0xc3, 0x66, 0x21, 0xff, 0xb9, 0x62, 0x21, 0xff, 
0xc2, 0x6b, 0x25, 0xff, 0xd9, 0x8a, 0x33, 0xff, 0xd9, 0x8e, 0x36, 0xff, 0xe8, 0xab, 0x45, 0xff, 
0xf4, 0xc5, 0x59, 0xff, 0xe8, 0xac, 0x4e, 0xff, 0xe0, 0x98, 0x39, 0xff, 0xdd, 0x93, 0x38, 0xff, 
0xd2, 0x7b, 0x2a, 0xff, 0xc1, 0x61, 0x1e, 0xff, 0xb3, 0x52, 0x18, 0xff, 0xc9, 0x6f, 0x26, 0xff, 
0xd0, 0x77, 0x29, 0xff, 0xc3, 0x66, 0x21, 0xff, 0xba, 0x59, 0x1c, 0xff, 0xb7, 0x56, 0x1b, 0xff, 
0xbd, 0x60, 0x1e, 0xff, 0xbb, 0x5e, 0x1e, 0xff, 0xae, 0x53, 0x1a, 0xff, 0xb2, 0x56, 0x1c, 0xff, 
0xa7, 0x4f, 0x1a, 0xff, 0xa5, 0x4e, 0x19, 0xff, 0xc0, 0x67, 0x23, 0xff, 0xcf, 0x78, 0x2a, 0xff, 
0xd0, 0x79, 0x2b, 0xff, 0xd8, 0x89, 0x33, 0xff, 0xe1, 0x9c, 0x3d, 0xff, 0xdc, 0x92, 0x38, 0xff, 
0xe0, 0x98, 0x3b, 0xff, 0xe7, 0xa8, 0x43, 0xff, 0xdd, 0x94, 0x39, 0xff, 0xc4, 0x66, 0x20, 0xff, 
0xc5, 0x67, 0x21, 0xff, 0xcc, 0x75, 0x29, 0xff, 0xd6, 0x8b, 0x36, 0xff, 0xd6, 0x87, 0x32, 0xff, 
0xdb, 0x8e, 0x36, 0xff, 0xf2, 0xbe, 0x51, 0xff, 0xe8, 0xa8, 0x44, 0xff, 0xdd, 0x91, 0x37, 0xff, 
0xe2, 0x9c, 0x3d, 0xff, 0xe4, 0xa2, 0x40, 0xff, 0xeb, 0xb0, 0x49, 0xff, 0xe6, 0xa6, 0x44, 0xff, 
0xef, 0xb8, 0x4c, 0xff, 0xe6, 0xa3, 0x40, 0xff, 0xbd, 0x5d, 0x1c, 0xff, 0xba, 0x5b, 0x1c, 0xff, 
0xce, 0x76, 0x29, 0xff, 0xe2, 0x99, 0x3b, 0xff, 0xd7, 0x85, 0x31, 0xff, 0xd8, 0x89, 0x33, 0xff, 
0xd9, 0x8a, 0x32, 0xff, 0xd5, 0x7f, 0x2c, 0xff, 0xcd, 0x75, 0x29, 0xff, 0xc4, 0x6e, 0x26, 0xff, 
0xcd, 0x7b, 0x2c, 0xff, 0xdd, 0x8f, 0x35, 0xff, 0xcb, 0x74, 0x28, 0xff, 0xb0, 0x51, 0x18, 0xff, 
0xb5, 0x56, 0x1b, 0xff, 0x9b, 0x43, 0x14, 0xff, 0x91, 0x3d, 0x12, 0xff, 0xa7, 0x50, 0x19, 0xff, 
0xb4, 0x61, 0x21, 0xff, 0xc2, 0x70, 0x28, 0xff, 0xc8, 0x74, 0x29, 0xff, 0xab, 0x56, 0x1d, 0xff, 
0xa8, 0x51, 0x1a, 0xff, 0x8b, 0x3f, 0x14, 0xff, 0x83, 0x3e, 0x14, 0xff, 0x81, 0x35, 0x0f, 0xff, 
0xc7, 0x70, 0x26, 0xff, 0xec, 0xa7, 0x42, 0xff, 0xf2, 0xbd, 0x54, 0xff, 0xfa, 0xd0, 0x67, 0xff, 
0xf7, 0xcb, 0x65, 0xff, 0xf1, 0xbb, 0x50, 0xff, 0xcd, 0x78, 0x29, 0xff, 0xbf, 0x63, 0x20, 0xff, 
0xc1, 0x63, 0x1c, 0xff, 0xeb, 0xab, 0x43, 0xff, 0xef, 0xb7, 0x4a, 0xff, 0xf5, 0xc5, 0x5c, 0xff, 
0xf3, 0xc2, 0x57, 0xff, 0xf3, 0xc1, 0x56, 0xff, 0xf4, 0xc6, 0x5f, 0xff, 0xfb, 0xd7, 0x79, 0xff, 
0xf5, 0xcb, 0x69, 0xff, 0xf1, 0xba, 0x48, 0xff, 0xf6, 0xc7, 0x5a, 0xff, 0xf6, 0xc5, 0x57, 0xff, 
0xf9, 0xce, 0x65, 0xff, 0xf7, 0xc9, 0x5d, 0xff, 0xe0, 0x9b, 0x40, 0xff, 0xd5, 0x83, 0x30, 0xff, 
0xeb, 0xaf, 0x48, 0xff, 0xdd, 0x97, 0x3b, 0xff, 0xd2, 0x80, 0x2e, 0xff, 0xe8, 0xaa, 0x48, 0xff, 
0xfa, 0xcf, 0x62, 0xff, 0xfe, 0xd8, 0x67, 0xff, 0xfe, 0xd8, 0x67, 0xff, 0xff, 0xda, 0x6a, 0xff, 
0xff, 0xe7, 0x82, 0xff, 0xfb, 0xd6, 0x79, 0xff, 0xf1, 0xbe, 0x5c, 0xff, 0xed, 0xb6, 0x4e, 0xff, 
0xe4, 0xa2, 0x3d, 0xff, 0xe0, 0x99, 0x3c, 0xff, 0xd8, 0x88, 0x31, 0xff, 0xe1, 0x9a, 0x3a, 0xff, 
0xff, 0xdf, 0x7a, 0xff, 0xe9, 0xad, 0x4e, 0xff, 0xdd, 0x8f, 0x27, 0xff, 0xf9, 0xce, 0x5f, 0xff, 
0xf8, 0xcb, 0x5d, 0xff, 0xf6, 0xc3, 0x51, 0xff, 0xf9, 0xc9, 0x55, 0xff, 0xf0, 0xb7, 0x4d, 0xff, 
0xea, 0xaf, 0x49, 0xff, 0xe8, 0xab, 0x44, 0xff, 0xf1, 0xbc, 0x50, 0xff, 0xf8, 0xcc, 0x5e, 0xff, 
0xf0, 0xba, 0x54, 0xff, 0xee, 0xb5, 0x52, 0xff, 0xdc, 0x8f, 0x36, 0xff, 0xa8, 0x51, 0x17, 0xff, 
0x92, 0x48, 0x18, 0xff, 0x8f, 0x46, 0x17, 0xff, 0x84, 0x34, 0x0d, 0xff, 0x8d, 0x31, 0x0b, 0xff, 
0xca, 0x75, 0x29, 0xff, 0xed, 0xaa, 0x43, 0xff, 0xbd, 0x5e, 0x1d, 0xff, 0xae, 0x4c, 0x15, 0xff, 
0xeb, 0xae, 0x47, 0xff, 0xe7, 0xa7, 0x44, 0xff, 0xde, 0x96, 0x3a, 0xff, 0xfc, 0xcc, 0x59, 0xff, 
0xe9, 0xac, 0x46, 0xff, 0xc5, 0x6d, 0x26, 0xff, 0xca, 0x6f, 0x25, 0xff, 0xd0, 0x79, 0x29, 0xff, 
0xd3, 0x7f, 0x2d, 0xff, 0xdb, 0x8a, 0x32, 0xff, 0xd1, 0x7e, 0x2c, 0xff, 0xca, 0x71, 0x26, 0xff, 
0xdd, 0x92, 0x36, 0xff, 0xda, 0x8c, 0x33, 0xff, 0xcc, 0x73, 0x26, 0xff, 0xc9, 0x6f, 0x25, 0xff, 
0xc4, 0x67, 0x22, 0xff, 0xc5, 0x68, 0x21, 0xff, 0xc8, 0x6b, 0x23, 0xff, 0x9c, 0x48, 0x17, 0xff, 
0x91, 0x40, 0x15, 0xff, 0xad, 0x53, 0x1b, 0xff, 0xbf, 0x62, 0x20, 0xff, 0xc9, 0x6c, 0x23, 0xff, 
0xcd, 0x6c, 0x23, 0xff, 0xac, 0x55, 0x1c, 0xff, 0x77, 0x35, 0x11, 0xff, 0x7e, 0x38, 0x12, 0xff, 
0x74, 0x32, 0x10, 0xff, 0x7e, 0x38, 0x12, 0xff, 0x9f, 0x4d, 0x19, 0xff, 0xab, 0x54, 0x1b, 0xff, 
0xae, 0x50, 0x1a, 0xff, 0xc2, 0x63, 0x20, 0xff, 0xce, 0x75, 0x27, 0xff, 0xe0, 0x89, 0x30, 0xff, 
0xbe, 0x64, 0x21, 0xff, 0x7e, 0x2d, 0x0d, 0xff, 0x8e, 0x3b, 0x12, 0xff, 0x84, 0x3e, 0x14, 0xff, 
0x6d, 0x32, 0x10, 0xff, 0x71, 0x33, 0x11, 0xff, 0x79, 0x38, 0x11, 0xff, 0x8f, 0x40, 0x14, 0xff, 
0xa8, 0x51, 0x1a, 0xff, 0xab, 0x55, 0x1c, 0xff, 0x8f, 0x3f, 0x14, 0xff, 0xb1, 0x5b, 0x1e, 0xff, 
0xcd, 0x72, 0x27, 0xff, 0x9d, 0x42, 0x15, 0xff, 0xb1, 0x56, 0x1b, 0xff, 0xd4, 0x79, 0x29, 0xff, 
0xd5, 0x86, 0x31, 0xff, 0xc3, 0x6b, 0x24, 0xff, 0xc3, 0x62, 0x1e, 0xff, 0xce, 0x73, 0x26, 0xff, 
0xd3, 0x7c, 0x2c, 0xff, 0xdc, 0x8d, 0x34, 0xff, 0xe2, 0x9d, 0x3e, 0xff, 0xe6, 0xa5, 0x42, 0xff, 
0xce, 0x77, 0x29, 0xff, 0xc0, 0x5e, 0x1d, 0xff, 0xc3, 0x66, 0x20, 0xff, 0xbf, 0x60, 0x1f, 0xff, 
0xc6, 0x66, 0x21, 0xff, 0xb9, 0x5e, 0x1e, 0xff, 0xa7, 0x4d, 0x18, 0xff, 0xb5, 0x5b, 0x1d, 0xff, 
0xcc, 0x74, 0x27, 0xff, 0xb4, 0x5c, 0x1f, 0xff, 0xc4, 0x72, 0x29, 0xff, 0xda, 0x8d, 0x33, 0xff, 
0xdb, 0x8c, 0x34, 0xff, 0xc2, 0x5f, 0x1c, 0xff, 0xb8, 0x59, 0x1c, 0xff, 0x9d, 0x49, 0x18, 0xff, 
0x90, 0x40, 0x15, 0xff, 0xbe, 0x64, 0x21, 0xff, 0xd4, 0x7b, 0x29, 0xff, 0xd7, 0x87, 0x31, 0xff, 
0xd7, 0x86, 0x30, 0xff, 0xd4, 0x7f, 0x2e, 0xff, 0xd7, 0x84, 0x2f, 0xff, 0xd4, 0x81, 0x2e, 0xff, 
0xd2, 0x7d, 0x2d, 0xff, 0xd8, 0x83, 0x2e, 0xff, 0xd3, 0x7b, 0x2a, 0xff, 0xc7, 0x6a, 0x22, 0xff, 
0xc1, 0x63, 0x20, 0xff, 0xcd, 0x73, 0x27, 0xff, 0xc9, 0x6b, 0x23, 0xff, 0xd4, 0x7d, 0x2b, 0xff, 
0xda, 0x8b, 0x33, 0xff, 0xdd, 0x92, 0x37, 0xff, 0xe4, 0xa1, 0x41, 0xff, 0xe3, 0x9a, 0x3c, 0xff, 
0xd3, 0x7f, 0x2d, 0xff, 0xce, 0x74, 0x27, 0xff, 0xd0, 0x78, 0x29, 0xff, 0xd1, 0x7c, 0x2b, 0xff, 
0xc8, 0x6e, 0x25, 0xff, 0xcb, 0x70, 0x26, 0xff, 0xcb, 0x6e, 0x24, 0xff, 0xbe, 0x5d, 0x1d, 0xff, 
0xd7, 0x89, 0x33, 0xff, 0xe4, 0x9f, 0x3e, 0xff, 0xd2, 0x7e, 0x2c, 0xff, 0xd7, 0x86, 0x31, 0xff, 
0xea, 0xaf, 0x48, 0xff, 0xdb, 0x90, 0x37, 0xff, 0xcb, 0x6e, 0x23, 0xff, 0xd9, 0x8a, 0x32, 0xff, 
0xde, 0x94, 0x38, 0xff, 0xd3, 0x7e, 0x2c, 0xff, 0xcd, 0x73, 0x26, 0xff, 0xcd, 0x72, 0x27, 0xff, 
0xbf, 0x61, 0x1f, 0xff, 0xc4, 0x65, 0x21, 0xff, 0xbe, 0x61, 0x20, 0xff, 0x9f, 0x45, 0x15, 0xff, 
0xbc, 0x67, 0x23, 0xff, 0xdf, 0x94, 0x38, 0xff, 0xe4, 0xa1, 0x41, 0xff, 0xe6, 0xa7, 0x42, 0xff, 
0xe6, 0xa8, 0x4b, 0xff, 0xfb, 0xd5, 0x6e, 0xff, 0xf4, 0xc3, 0x53, 0xff, 0xef, 0xb7, 0x4d, 0xff, 
0xf5, 0xc1, 0x52, 0xff, 0xdc, 0x95, 0x3a, 0xff, 0xbc, 0x5b, 0x1c, 0xff, 0xb6, 0x52, 0x18, 0xff, 
0xbb, 0x5f, 0x1f, 0xff, 0xc6, 0x6c, 0x24, 0xff, 0xc9, 0x6c, 0x24, 0xff, 0xcb, 0x6f, 0x25, 0xff, 
0xc3, 0x68, 0x22, 0xff, 0xbc, 0x5f, 0x1f, 0xff, 0xbc, 0x60, 0x20, 0xff, 0xae, 0x53, 0x1b, 0xff, 
0xaa, 0x51, 0x1a, 0xff, 0xae, 0x53, 0x1a, 0xff, 0xc3, 0x6a, 0x24, 0xff, 0xdd, 0x8b, 0x33, 0xff, 
0xdf, 0x92, 0x36, 0xff, 0xe5, 0xa4, 0x42, 0xff, 0xf1, 0xbe, 0x51, 0xff, 0xf1, 0xbd, 0x50, 0xff, 
0xeb, 0xb0, 0x48, 0xff, 0xea, 0xaf, 0x49, 0xff, 0xec, 0xb1, 0x48, 0xff, 0xda, 0x8a, 0x32, 0xff, 
0xcb, 0x6e, 0x25, 0xff, 0xd8, 0x86, 0x31, 0xff, 0xe2, 0x9b, 0x3c, 0xff, 0xec, 0xb2, 0x4a, 0xff, 
0xec, 0xb1, 0x4b, 0xff, 0xdf, 0x96, 0x3a, 0xff, 0xe3, 0x9e, 0x3f, 0xff, 0xe9, 0xad, 0x47, 0xff, 
0xe3, 0xa1, 0x40, 0xff, 0xe9, 0xad, 0x47, 0xff, 0xe1, 0x9b, 0x3c, 0xff, 0xce, 0x75, 0x27, 0xff, 
0xcf, 0x7a, 0x2c, 0xff, 0xdf, 0x9b, 0x3e, 0xff, 0xe6, 0xa2, 0x3f, 0xff, 0xdb, 0x8a, 0x33, 0xff, 
0xdf, 0x94, 0x39, 0xff, 0xe4, 0xa1, 0x40, 0xff, 0xd7, 0x86, 0x31, 0xff, 0xc6, 0x69, 0x21, 0xff, 
0xd3, 0x84, 0x30, 0xff, 0xd5, 0x86, 0x32, 0xff, 0xd2, 0x7f, 0x2e, 0xff, 0xef, 0xb3, 0x4a, 0xff, 
0xf0, 0xb9, 0x4d, 0xff, 0xf3, 0xbf, 0x50, 0xff, 0xeb, 0xab, 0x46, 0xff, 0xc8, 0x72, 0x27, 0xff, 
0xc7, 0x7b, 0x2e, 0xff, 0xcc, 0x84, 0x33, 0xff, 0xdc, 0x9a, 0x3f, 0xff, 0xe5, 0xa2, 0x41, 0xff, 
0xfa, 0xb3, 0x46, 0xff, 0xc6, 0x73, 0x29, 0xff, 0x74, 0x2e, 0x0d, 0xff, 0x83, 0x3b, 0x13, 0xff, 
0x9f, 0x4c, 0x19, 0xff, 0x87, 0x3f, 0x14, 0xff, 0x7e, 0x33, 0x0f, 0xff, 0x90, 0x40, 0x15, 0xff, 
0xe0, 0x9e, 0x40, 0xff, 0xf3, 0xb9, 0x4d, 0xff, 0xfb, 0xcf, 0x61, 0xff, 0xf8, 0xcb, 0x61, 0xff, 
0xe7, 0xa7, 0x44, 0xff, 0xec, 0xb3, 0x4a, 0xff, 0xed, 0xb1, 0x48, 0xff, 0xc6, 0x6b, 0x21, 0xff, 
0xed, 0xb4, 0x54, 0xff, 0xfc, 0xdc, 0x80, 0xff, 0xfe, 0xdd, 0x7e, 0xff, 0xf2, 0xc0, 0x5d, 0xff, 
0xf4, 0xc4, 0x59, 0xff, 0xef, 0xb9, 0x50, 0xff, 0xee, 0xba, 0x56, 0xff, 0xee, 0xb9, 0x57, 0xff, 
0xe7, 0xa6, 0x40, 0xff, 0xf2, 0xbe, 0x50, 0xff, 0xed, 0xb5, 0x4b, 0xff, 0xdf, 0x98, 0x3b, 0xff, 
0xdc, 0x8f, 0x36, 0xff, 0xec, 0xb0, 0x46, 0xff, 0xdc, 0x94, 0x37, 0xff, 0xcb, 0x71, 0x24, 0xff, 
0xe4, 0xa2, 0x3f, 0xff, 0xfd, 0xd1, 0x5a, 0xff, 0xfa, 0xcd, 0x5a, 0xff, 0xf4, 0xc2, 0x56, 0xff, 
0xee, 0xb6, 0x4c, 0xff, 0xef, 0xb8, 0x4b, 0xff, 0xf3, 0xc0, 0x53, 0xff, 0xf1, 0xbb, 0x51, 0xff, 
0xf4, 0xc3, 0x55, 0xff, 0xe0, 0x99, 0x39, 0xff, 0xce, 0x73, 0x21, 0xff, 0xd3, 0x80, 0x2b, 0xff, 
0xda, 0x8d, 0x35, 0xff, 0xda, 0x89, 0x32, 0xff, 0xcf, 0x74, 0x26, 0xff, 0xda, 0x8a, 0x29, 0xff, 
0xfc, 0xdc, 0x81, 0xff, 0xf6, 0xd1, 0x7c, 0xff, 0xf5, 0xd0, 0x83, 0xff, 0xf6, 0xca, 0x66, 0xff, 
0xf1, 0xb8, 0x3f, 0xff, 0xf7, 0xc6, 0x59, 0xff, 0xfa, 0xcc, 0x62, 0xff, 0xf7, 0xca, 0x62, 0xff, 
0xf7, 0xc7, 0x59, 0xff, 0xf1, 0xbd, 0x53, 0xff, 0xf6, 0xc9, 0x5d, 0xff, 0xea, 0xaf, 0x49, 0xff, 
0xf2, 0xc1, 0x5a, 0xff, 0xff, 0xe0, 0x78, 0xff, 0xf1, 0xc1, 0x5c, 0xff, 0xe6, 0xa8, 0x45, 0xff, 
0xe4, 0x9c, 0x3d, 0xff, 0xe7, 0xa0, 0x40, 0xff, 0xe7, 0xa1, 0x41, 0xff, 0xe2, 0x98, 0x3b, 0xff, 
0xdc, 0x90, 0x36, 0xff, 0xef, 0xbb, 0x51, 0xff, 0xec, 0xb0, 0x4a, 0xff, 0xe9, 0xac, 0x47, 0xff, 
0xe9, 0xac, 0x46, 0xff, 0xd8, 0x88, 0x33, 0xff, 0xe0, 0x99, 0x3c, 0xff, 0xe9, 0xad, 0x47, 0xff, 
0xe9, 0xaa, 0x45, 0xff, 0xde, 0x92, 0x37, 0xff, 0xd4, 0x81, 0x2e, 0xff, 0xdc, 0x92, 0x37, 0xff, 
0xd6, 0x87, 0x32, 0xff, 0xc6, 0x6f, 0x26, 0xff, 0xc1, 0x69, 0x24, 0xff, 0xca, 0x77, 0x2a, 0xff, 
0xce, 0x78, 0x2a, 0xff, 0xca, 0x70, 0x25, 0xff, 0xd6, 0x83, 0x2f, 0xff, 0xe0, 0x98, 0x3a, 0xff, 
0xd6, 0x84, 0x2f, 0xff, 0xcf, 0x77, 0x29, 0xff, 0xcd, 0x70, 0x25, 0xff, 0xc1, 0x64, 0x20, 0xff, 
0xbf, 0x64, 0x21, 0xff, 0xc2, 0x66, 0x22, 0xff, 0xc0, 0x62, 0x1f, 0xff, 0xca, 0x6f, 0x24, 0xff, 
0xd2, 0x7a, 0x29, 0xff, 0xc5, 0x66, 0x21, 0xff, 0x91, 0x3d, 0x12, 0xff, 0x81, 0x3e, 0x15, 0xff, 
0x8e, 0x48, 0x18, 0xff, 0x79, 0x32, 0x0f, 0xff, 0x95, 0x44, 0x15, 0xff, 0xbc, 0x60, 0x1f, 0xff, 
0xbc, 0x61, 0x20, 0xff, 0xc6, 0x6a, 0x23, 0xff, 0xd5, 0x7b, 0x29, 0xff, 0xc3, 0x67, 0x22, 0xff, 
0x97, 0x44, 0x16, 0xff, 0xb7, 0x66, 0x23, 0xff, 0xd7, 0x7e, 0x2c, 0xff, 0xa6, 0x51, 0x1b, 0xff, 
0x85, 0x3b, 0x12, 0xff, 0x98, 0x48, 0x17, 0xff, 0x88, 0x3d, 0x14, 0xff, 0x8f, 0x44, 0x16, 0xff, 
0x9c, 0x4b, 0x19, 0xff, 0xa3, 0x4e, 0x19, 0xff, 0xa3, 0x4f, 0x19, 0xff, 0xbe, 0x66, 0x22, 0xff, 
0xca, 0x70, 0x26, 0xff, 0xb1, 0x56, 0x1c, 0xff, 0xb2, 0x58, 0x1d, 0xff, 0xb7, 0x5e, 0x1f, 0xff, 
0xbf, 0x64, 0x22, 0xff, 0xb7, 0x57, 0x1b, 0xff, 0xc9, 0x72, 0x28, 0xff, 0xdf, 0x91, 0x37, 0xff, 
0xca, 0x70, 0x25, 0xff, 0xcf, 0x7f, 0x2f, 0xff, 0xe4, 0xa1, 0x40, 0xff, 0xdf, 0x97, 0x3b, 0xff, 
0xdd, 0x91, 0x37, 0xff, 0xd3, 0x7c, 0x2b, 0xff, 0xd6, 0x7f, 0x2c, 0xff, 0xbd, 0x61, 0x20, 0xff, 
0xaa, 0x51, 0x1a, 0xff, 0xa6, 0x50, 0x1a, 0xff, 0xa7, 0x51, 0x1b, 0xff, 0xa5, 0x4c, 0x18, 0xff, 
0xb7, 0x5b, 0x1e, 0xff, 0xb7, 0x5a, 0x1d, 0xff, 0xbd, 0x62, 0x20, 0xff, 0xcd, 0x74, 0x27, 0xff, 
0xd7, 0x84, 0x30, 0xff, 0xcf, 0x79, 0x2a, 0xff, 0xc2, 0x62, 0x1e, 0xff, 0xb8, 0x5b, 0x1e, 0xff, 
0xb7, 0x5d, 0x1f, 0xff, 0xd1, 0x7d, 0x2c, 0xff, 0xd0, 0x79, 0x29, 0xff, 0xd1, 0x79, 0x2a, 0xff, 
0xd4, 0x7f, 0x2d, 0xff, 0xce, 0x76, 0x29, 0xff, 0xd0, 0x78, 0x2a, 0xff, 0xd6, 0x83, 0x2e, 0xff, 
0xd3, 0x7e, 0x2c, 0xff, 0xd0, 0x76, 0x29, 0xff, 0xd1, 0x7a, 0x2a, 0xff, 0xd4, 0x80, 0x2d, 0xff, 
0xcf, 0x76, 0x29, 0xff, 0xcb, 0x70, 0x25, 0xff, 0xca, 0x6e, 0x24, 0xff, 0xd6, 0x83, 0x2e, 0xff, 
0xda, 0x8c, 0x33, 0xff, 0xe0, 0x99, 0x3b, 0xff, 0xe8, 0xa1, 0x3f, 0xff, 0xc8, 0x71, 0x26, 0xff, 
0xbc, 0x5d, 0x1d, 0xff, 0xcf, 0x76, 0x28, 0xff, 0xd9, 0x88, 0x32, 0xff, 0xd7, 0x84, 0x30, 0xff, 
0xd6, 0x80, 0x2d, 0xff, 0xcc, 0x71, 0x26, 0xff, 0xc8, 0x6c, 0x23, 0xff, 0xca, 0x6d, 0x24, 0xff, 
0xd2, 0x7d, 0x2c, 0xff, 0xce, 0x77, 0x28, 0xff, 0xd3, 0x7e, 0x2b, 0xff, 0xe0, 0x98, 0x3b, 0xff, 
0xec, 0xb2, 0x4b, 0xff, 0xdf, 0x99, 0x3c, 0xff, 0xd2, 0x7c, 0x2b, 0xff, 0xd7, 0x86, 0x30, 0xff, 
0xdb, 0x8d, 0x34, 0xff, 0xd3, 0x7c, 0x2b, 0xff, 0xcc, 0x70, 0x25, 0xff, 0xc2, 0x65, 0x20, 0xff, 
0xba, 0x5b, 0x1d, 0xff, 0xb7, 0x5b, 0x1d, 0xff, 0xad, 0x53, 0x1b, 0xff, 0xb2, 0x56, 0x1b, 0xff, 
0xc3, 0x66, 0x21, 0xff, 0xc3, 0x64, 0x1f, 0xff, 0xdd, 0x8a, 0x31, 0xff, 0xef, 0xb4, 0x4c, 0xff, 
0xe7, 0xa9, 0x42, 0xff, 0xe8, 0xa8, 0x42, 0xff, 0xf6, 0xc7, 0x59, 0xff, 0xf6, 0xc5, 0x55, 0xff, 
0xfa, 0xcc, 0x58, 0xff, 0xff, 0xd6, 0x5e, 0xff, 0xf2, 0xbb, 0x4f, 0xff, 0xd0, 0x7f, 0x2f, 0xff, 
0xc0, 0x64, 0x1f, 0xff, 0xc6, 0x6d, 0x25, 0xff, 0xcb, 0x71, 0x27, 0xff, 0xbc, 0x62, 0x21, 0xff, 
0xc2, 0x65, 0x22, 0xff, 0xbd, 0x61, 0x20, 0xff, 0xbe, 0x62, 0x21, 0xff, 0xb9, 0x5c, 0x1e, 0xff, 
0xa2, 0x49, 0x18, 0xff, 0xaa, 0x4f, 0x19, 0xff, 0xb5, 0x55, 0x1a, 0xff, 0xae, 0x4f, 0x18, 0xff, 
0xc2, 0x67, 0x22, 0xff, 0xe1, 0x9a, 0x3c, 0xff, 0xe4, 0xa0, 0x3f, 0xff, 0xe8, 0xa9, 0x45, 0xff, 
0xef, 0xb8, 0x4c, 0xff, 0xef, 0xb9, 0x4d, 0xff, 0xfa, 0xcf, 0x60, 0xff, 0xea, 0xb0, 0x4b, 0xff, 
0xd5, 0x82, 0x2e, 0xff, 0xd5, 0x83, 0x30, 0xff, 0xbe, 0x5b, 0x1a, 0xff, 0xd7, 0x8a, 0x34, 0xff, 
0xe4, 0xa1, 0x41, 0xff, 0xcb, 0x71, 0x26, 0xff, 0xdd, 0x94, 0x38, 0xff, 0xec, 0xb3, 0x4a, 0xff, 
0xdf, 0x98, 0x3b, 0xff, 0xe6, 0xa4, 0x42, 0xff, 0xeb, 0xae, 0x47, 0xff, 0xe8, 0xa6, 0x43, 0xff, 
0xcf, 0x7b, 0x2c, 0xff, 0xbd, 0x56, 0x18, 0xff, 0xd8, 0x8b, 0x34, 0xff, 0xe4, 0xa3, 0x41, 0xff, 
0xdc, 0x92, 0x37, 0xff, 0xe5, 0xa2, 0x41, 0xff, 0xdb, 0x8e, 0x35, 0xff, 0xc8, 0x6a, 0x22, 0xff, 
0xc3, 0x68, 0x23, 0xff, 0xc2, 0x68, 0x23, 0xff, 0xc7, 0x71, 0x29, 0xff, 0xd9, 0x8c, 0x35, 0xff, 
0xdb, 0x8e, 0x34, 0xff, 0xc9, 0x77, 0x2c, 0xff, 0xc0, 0x6d, 0x27, 0xff, 0xe8, 0xa6, 0x42, 0xff, 
0xf6, 0xbc, 0x4d, 0xff, 0xef, 0xaf, 0x46, 0xff, 0xdf, 0x98, 0x3b, 0xff, 0xd0, 0x83, 0x31, 0xff, 
0xa2, 0x57, 0x1f, 0xff, 0x80, 0x39, 0x12, 0xff, 0x80, 0x39, 0x12, 0xff, 0x84, 0x3c, 0x14, 0xff, 
0x79, 0x36, 0x12, 0xff, 0x81, 0x37, 0x10, 0xff, 0x98, 0x3e, 0x10, 0xff, 0xd7, 0x86, 0x30, 0xff, 
0xfc, 0xcb, 0x5d, 0xff, 0xf9, 0xcf, 0x67, 0xff, 0xf3, 0xc0, 0x50, 0xff, 0xe6, 0xa4, 0x3e, 0xff, 
0xd2, 0x7d, 0x28, 0xff, 0xda, 0x8f, 0x35, 0xff, 0xef, 0xb9, 0x51, 0xff, 0xf1, 0xb8, 0x51, 0xff, 
0xff, 0xf0, 0xa2, 0xff, 0xf5, 0xd1, 0x81, 0xff, 0xda, 0x99, 0x4a, 0xff, 0xea, 0xae, 0x4a, 0xff, 
0xe9, 0xab, 0x47, 0xff, 0xd9, 0x8c, 0x34, 0xff, 0xe7, 0xa4, 0x3e, 0xff, 0xe9, 0xa5, 0x3e, 0xff, 
0xdb, 0x8d, 0x34, 0xff, 0xde, 0x97, 0x3c, 0xff, 0xe9, 0xac, 0x47, 0xff, 0xe1, 0x9b, 0x3c, 0xff, 
0xe1, 0x9b, 0x3c, 0xff, 0xf1, 0xbc, 0x51, 0xff, 0xee, 0xb6, 0x4b, 0xff, 0xf4, 0xc2, 0x56, 0xff, 
0xfa, 0xce, 0x5f, 0xff, 0xf5, 0xc4, 0x5a, 0xff, 0xfa, 0xce, 0x61, 0xff, 0xf7, 0xc6, 0x53, 0xff, 
0xf4, 0xc3, 0x56, 0xff, 0xfa, 0xcf, 0x65, 0xff, 0xf8, 0xc8, 0x58, 0xff, 0xf9, 0xcc, 0x5f, 0xff, 
0xf7, 0xc9, 0x5d, 0xff, 0xf4, 0xc2, 0x55, 0xff, 0xec, 0xb3, 0x4e, 0xff, 0xe2, 0x9e, 0x3e, 0xff, 
0xe2, 0x9e, 0x3f, 0xff, 0xd9, 0x8b, 0x33, 0xff, 0xca, 0x6a, 0x1b, 0xff, 0xe1, 0x9a, 0x38, 0xff, 
0xfb, 0xdd, 0x87, 0xff, 0xfc, 0xe0, 0x90, 0xff, 0xfc, 0xd9, 0x7c, 0xff, 0xf5, 0xc3, 0x5a, 0xff, 
0xf6, 0xcb, 0x6d, 0xff, 0xfd, 0xe0, 0x91, 0xff, 0xfb, 0xe0, 0x90, 0xff, 0xdb, 0x96, 0x46, 0xff, 
0xe1, 0x9a, 0x38, 0xff, 0xef, 0xb8, 0x50, 0xff, 0xd2, 0x80, 0x31, 0xff, 0xc7, 0x69, 0x1f, 0xff, 
0xe7, 0xa9, 0x47, 0xff, 0xe9, 0xa9, 0x46, 0xff, 0xf2, 0xb2, 0x4a, 0xff, 0xf6, 0xc2, 0x54, 0xff, 
0xd5, 0x88, 0x32, 0xff, 0xdb, 0x90, 0x36, 0xff, 0xf2, 0xba, 0x4f, 0xff, 0xfd, 0xd1, 0x61, 0xff, 
0xff, 0xdf, 0x6f, 0xff, 0xfe, 0xd8, 0x6c, 0xff, 0xfd, 0xd3, 0x5e, 0xff, 0xff, 0xd5, 0x5e, 0xff, 
0xe5, 0xa4, 0x41, 0xff, 0xd2, 0x7c, 0x27, 0xff, 0xdc, 0x93, 0x37, 0xff, 0xdb, 0x92, 0x38, 0xff, 
0xd8, 0x8b, 0x33, 0xff, 0xda, 0x8c, 0x33, 0xff, 0xd1, 0x7a, 0x29, 0xff, 0xd9, 0x8a, 0x32, 0xff, 
0xca, 0x71, 0x26, 0xff, 0xae, 0x4d, 0x16, 0xff, 0xc3, 0x67, 0x22, 0xff, 0xce, 0x7b, 0x2c, 0xff, 
0xc3, 0x67, 0x21, 0xff, 0xc8, 0x69, 0x21, 0xff, 0xcd, 0x75, 0x27, 0xff, 0xda, 0x8b, 0x33, 0xff, 
0xd4, 0x80, 0x2d, 0xff, 0xcf, 0x76, 0x28, 0xff, 0xcb, 0x70, 0x25, 0xff, 0xd9, 0x86, 0x30, 0xff, 
0xe2, 0x94, 0x37, 0xff, 0xc2, 0x68, 0x23, 0xff, 0xc7, 0x6e, 0x26, 0xff, 0xca, 0x6f, 0x24, 0xff, 
0xcf, 0x7a, 0x2a, 0xff, 0xcc, 0x72, 0x26, 0xff, 0xc6, 0x67, 0x21, 0xff, 0xc3, 0x67, 0x22, 0xff, 
0xc2, 0x66, 0x22, 0xff, 0xb8, 0x62, 0x22, 0xff, 0xb6, 0x66, 0x24, 0xff, 0xbc, 0x62, 0x21, 0xff, 
0xd2, 0x83, 0x30, 0xff, 0xd7, 0x86, 0x31, 0xff, 0xd0, 0x72, 0x25, 0xff, 0xa4, 0x4a, 0x17, 0xff, 
0xa2, 0x4d, 0x19, 0xff, 0xec, 0x9f, 0x3c, 0xff, 0xeb, 0xa1, 0x3d, 0xff, 0xbf, 0x5c, 0x1e, 0xff, 
0x9b, 0x44, 0x16, 0xff, 0x93, 0x45, 0x16, 0xff, 0x8c, 0x3f, 0x14, 0xff, 0x8e, 0x44, 0x16, 0xff, 
0xa0, 0x4e, 0x1a, 0xff, 0xae, 0x56, 0x1c, 0xff, 0xb8, 0x5d, 0x1e, 0xff, 0xb9, 0x5f, 0x20, 0xff, 
0xbc, 0x63, 0x20, 0xff, 0xc7, 0x6a, 0x23, 0xff, 0xbf, 0x65, 0x21, 0xff, 0xaf, 0x58, 0x1e, 0xff, 
0xb8, 0x5c, 0x1e, 0xff, 0xbe, 0x5d, 0x1c, 0xff, 0xda, 0x8b, 0x35, 0xff, 0xe1, 0x99, 0x3a, 0xff, 
0xcd, 0x76, 0x28, 0xff, 0xd0, 0x7f, 0x2f, 0xff, 0xed, 0xb1, 0x4a, 0xff, 0xe1, 0x98, 0x39, 0xff, 
0xd0, 0x7a, 0x2b, 0xff, 0xd4, 0x80, 0x2d, 0xff, 0xdc, 0x8b, 0x32, 0xff, 0xc9, 0x6d, 0x25, 0xff, 
0x97, 0x41, 0x14, 0xff, 0x9b, 0x4c, 0x1a, 0xff, 0xa7, 0x5a, 0x1f, 0xff, 0x9b, 0x48, 0x17, 0xff, 
0xaa, 0x51, 0x1a, 0xff, 0xb0, 0x59, 0x1e, 0xff, 0xb1, 0x57, 0x1d, 0xff, 0xbb, 0x5a, 0x1d, 0xff, 
0xc1, 0x64, 0x20, 0xff, 0xd6, 0x88, 0x33, 0xff, 0xdb, 0x8e, 0x35, 0xff, 0xca, 0x73, 0x28, 0xff, 
0xc4, 0x69, 0x22, 0xff, 0xc6, 0x6b, 0x24, 0xff, 0xc9, 0x6d, 0x24, 0xff, 0xcf, 0x77, 0x29, 0xff, 
0xd0, 0x79, 0x2a, 0xff, 0xd2, 0x7c, 0x2c, 0xff, 0xd1, 0x7a, 0x2b, 0xff, 0xce, 0x74, 0x27, 0xff, 
0xd1, 0x78, 0x29, 0xff, 0xcc, 0x71, 0x26, 0xff, 0xce, 0x76, 0x29, 0xff, 0xdb, 0x8c, 0x34, 0xff, 
0xd4, 0x7f, 0x2d, 0xff, 0xcc, 0x73, 0x27, 0xff, 0xd5, 0x83, 0x2f, 0xff, 0xd8, 0x89, 0x32, 0xff, 
0xdf, 0x97, 0x39, 0xff, 0xeb, 0xab, 0x45, 0xff, 0xc3, 0x72, 0x29, 0xff, 0xb5, 0x55, 0x18, 0xff, 
0xd5, 0x81, 0x2d, 0xff, 0xde, 0x93, 0x37, 0xff, 0xdd, 0x91, 0x37, 0xff, 0xd2, 0x7b, 0x2b, 0xff, 
0xd1, 0x77, 0x29, 0xff, 0xcf, 0x76, 0x27, 0xff, 0xcf, 0x77, 0x28, 0xff, 0xd6, 0x84, 0x30, 0xff, 
0xd4, 0x7e, 0x2d, 0xff, 0xcd, 0x73, 0x26, 0xff, 0xcc, 0x74, 0x27, 0xff, 0xdc, 0x91, 0x38, 0xff, 
0xe1, 0x9b, 0x3c, 0xff, 0xd6, 0x84, 0x2f, 0xff, 0xda, 0x8d, 0x35, 0xff, 0xe1, 0x9a, 0x3c, 0xff, 
0xe6, 0xa6, 0x44, 0xff, 0xdc, 0x90, 0x36, 0xff, 0xd7, 0x82, 0x2e, 0xff, 0xd0, 0x76, 0x29, 0xff, 
0xbb, 0x5c, 0x1d, 0xff, 0xa0, 0x48, 0x17, 0xff, 0x9a, 0x44, 0x16, 0xff, 0xb9, 0x61, 0x22, 0xff, 
0xd6, 0x80, 0x2e, 0xff, 0xbf, 0x63, 0x20, 0xff, 0xba, 0x64, 0x23, 0xff, 0xdb, 0x8f, 0x37, 0xff, 
0xf2, 0xbc, 0x4f, 0xff, 0xe8, 0xab, 0x45, 0xff, 0xe4, 0xa2, 0x42, 0xff, 0xf5, 0xc3, 0x54, 0xff, 
0xf0, 0xbb, 0x4f, 0xff, 0xe7, 0xa7, 0x44, 0xff, 0xf0, 0xbb, 0x51, 0xff, 0xf7, 0xc7, 0x57, 0xff, 
0xe1, 0x9b, 0x3d, 0xff, 0xc4, 0x69, 0x23, 0xff, 0xac, 0x50, 0x19, 0xff, 0x9f, 0x49, 0x18, 0xff, 
0xc1, 0x68, 0x23, 0xff, 0xac, 0x55, 0x1c, 0xff, 0xa0, 0x49, 0x17, 0xff, 0xa8, 0x4e, 0x19, 0xff, 
0xa9, 0x51, 0x1a, 0xff, 0xc2, 0x67, 0x22, 0xff, 0xcc, 0x76, 0x28, 0xff, 0xc7, 0x77, 0x2c, 0xff, 
0xca, 0x78, 0x2c, 0xff, 0xcf, 0x79, 0x2a, 0xff, 0xcf, 0x75, 0x27, 0xff, 0xd7, 0x86, 0x31, 0xff, 
0xda, 0x8e, 0x35, 0xff, 0xd9, 0x8a, 0x32, 0xff, 0xf7, 0xc9, 0x5a, 0xff, 0xf6, 0xc7, 0x5a, 0xff, 
0xf9, 0xca, 0x58, 0xff, 0xe1, 0xa0, 0x41, 0xff, 0xb6, 0x51, 0x17, 0xff, 0xe2, 0xa1, 0x41, 0xff, 
0xe8, 0xa6, 0x42, 0xff, 0xe5, 0xa3, 0x41, 0xff, 0xde, 0x97, 0x3a, 0xff, 0xd5, 0x83, 0x30, 0xff, 
0xe4, 0xa0, 0x40, 0xff, 0xda, 0x8d, 0x35, 0xff, 0xd7, 0x8d, 0x36, 0xff, 0xe2, 0xa2, 0x42, 0xff, 
0xf1, 0xbc, 0x4f, 0xff, 0xe6, 0xa5, 0x43, 0xff, 0xe5, 0xa3, 0x41, 0xff, 0xec, 0xb1, 0x49, 0xff, 
0xe4, 0xa2, 0x41, 0xff, 0xe3, 0x9f, 0x3f, 0xff, 0xe6, 0xa5, 0x43, 0xff, 0xdb, 0x8d, 0x35, 0xff, 
0xda, 0x8c, 0x34, 0xff, 0xcb, 0x74, 0x28, 0xff, 0xd8, 0x8b, 0x35, 0xff, 0xc8, 0x71, 0x26, 0xff, 
0xc3, 0x64, 0x1f, 0xff, 0xc5, 0x6a, 0x23, 0xff, 0xc6, 0x71, 0x27, 0xff, 0xe0, 0x95, 0x38, 0xff, 
0xca, 0x73, 0x27, 0xff, 0xae, 0x55, 0x1a, 0xff, 0x93, 0x3f, 0x13, 0xff, 0xa6, 0x51, 0x1a, 0xff, 
0x7d, 0x31, 0x0e, 0xff, 0x76, 0x35, 0x11, 0xff, 0x7f, 0x3a, 0x12, 0xff, 0x82, 0x38, 0x12, 0xff, 
0x85, 0x36, 0x0f, 0xff, 0x9f, 0x47, 0x15, 0xff, 0xd1, 0x7f, 0x2f, 0xff, 0xdf, 0x8e, 0x34, 0xff, 
0xe3, 0x9f, 0x3e, 0xff, 0xfd, 0xd7, 0x6c, 0xff, 0xf2, 0xc1, 0x5d, 0xff, 0xee, 0xb8, 0x59, 0xff, 
0xe4, 0xa3, 0x4a, 0xff, 0xe5, 0xa3, 0x42, 0xff, 0xee, 0xb5, 0x47, 0xff, 0xfb, 0xd7, 0x75, 0xff, 
0xf1, 0xc0, 0x60, 0xff, 0xe1, 0x99, 0x33, 0xff, 0xe1, 0x9b, 0x37, 0xff, 0xd2, 0x89, 0x34, 0xff, 
0xbc, 0x60, 0x1d, 0xff, 0xe6, 0xa4, 0x42, 0xff, 0xe9, 0xa9, 0x44, 0xff, 0xd0, 0x76, 0x29, 0xff, 
0xae, 0x50, 0x18, 0xff, 0xb6, 0x56, 0x19, 0xff, 0xda, 0x86, 0x30, 0xff, 0xec, 0xb0, 0x49, 0xff, 
0xfd, 0xd4, 0x5f, 0xff, 0xef, 0xb8, 0x53, 0xff, 0xec, 0xb1, 0x47, 0xff, 0xf3, 0xc2, 0x5b, 0xff, 
0xfa, 0xcf, 0x64, 0xff, 0xf9, 0xcd, 0x5f, 0xff, 0xf0, 0xbb, 0x50, 0xff, 0xf7, 0xc9, 0x5a, 0xff, 
0xf7, 0xc9, 0x61, 0xff, 0xe5, 0xa2, 0x46, 0xff, 0xe8, 0xa8, 0x41, 0xff, 0xfb, 0xcf, 0x60, 0xff, 
0xfd, 0xd6, 0x6c, 0xff, 0xfa, 0xce, 0x5f, 0xff, 0xe8, 0xab, 0x47, 0xff, 0xe6, 0xa6, 0x44, 0xff, 
0xea, 0xad, 0x44, 0xff, 0xe5, 0xa1, 0x40, 0xff, 0xea, 0xab, 0x46, 0xff, 0xfe, 0xd7, 0x71, 0xff, 
0xfb, 0xd3, 0x6d, 0xff, 0xf6, 0xcb, 0x6d, 0xff, 0xf7, 0xc3, 0x4e, 0xff, 0xf4, 0xc0, 0x4f, 0xff, 
0xfb, 0xe6, 0xac, 0xff, 0xff, 0xf2, 0xc4, 0xff, 0xff, 0xf3, 0xae, 0xff, 0xe3, 0xa1, 0x41, 0xff, 
0xd1, 0x7f, 0x29, 0xff, 0xe7, 0xab, 0x48, 0xff, 0xdb, 0x90, 0x35, 0xff, 0xd3, 0x80, 0x2c, 0xff, 
0xdb, 0x8b, 0x33, 0xff, 0xca, 0x80, 0x2f, 0xff, 0xb4, 0x6a, 0x26, 0xff, 0xe5, 0xa5, 0x43, 0xff, 
0xf7, 0xc4, 0x55, 0xff, 0xdb, 0x91, 0x38, 0xff, 0xc5, 0x68, 0x21, 0xff, 0xdd, 0x93, 0x38, 0xff, 
0xf2, 0xbd, 0x53, 0xff, 0xf3, 0xbf, 0x57, 0xff, 0xee, 0xb8, 0x50, 0xff, 0xf0, 0xb7, 0x44, 0xff, 
0xf2, 0xbd, 0x4d, 0xff, 0xf7, 0xcb, 0x64, 0xff, 0xea, 0xaf, 0x4c, 0xff, 0xe3, 0x9d, 0x3a, 0xff, 
0xdc, 0x90, 0x31, 0xff, 0xd6, 0x86, 0x2d, 0xff, 0xe3, 0xa0, 0x3d, 0xff, 0xdd, 0x93, 0x36, 0xff, 
0xc5, 0x6a, 0x22, 0xff, 0xc8, 0x6e, 0x24, 0xff, 0xd7, 0x89, 0x33, 0xff, 0xd9, 0x8d, 0x33, 0xff, 
0xe8, 0xa9, 0x45, 0xff, 0xdb, 0x91, 0x39, 0xff, 0xc9, 0x6c, 0x22, 0xff, 0xcb, 0x70, 0x25, 0xff, 
0xcd, 0x72, 0x25, 0xff, 0xcb, 0x70, 0x25, 0xff, 0xd2, 0x7d, 0x2d, 0xff, 0xe2, 0x9b, 0x3c, 0xff, 
0xd6, 0x87, 0x32, 0xff, 0xc7, 0x6b, 0x23, 0xff, 0xd1, 0x7a, 0x2a, 0xff, 0xcf, 0x79, 0x2a, 0xff, 
0xcc, 0x73, 0x28, 0xff, 0xdd, 0x94, 0x39, 0xff, 0xe0, 0x95, 0x38, 0xff, 0xd4, 0x7d, 0x2c, 0xff, 
0xcf, 0x78, 0x2a, 0xff, 0xd8, 0x82, 0x2e, 0xff, 0xe3, 0x96, 0x39, 0xff, 0xe0, 0x98, 0x3a, 0xff, 
0xd9, 0x8d, 0x34, 0xff, 0xd7, 0x8a, 0x33, 0xff, 0xd6, 0x7f, 0x2d, 0xff, 0xbe, 0x63, 0x21, 0xff, 
0xa4, 0x4a, 0x17, 0xff, 0xb8, 0x63, 0x23, 0xff, 0xaa, 0x56, 0x1d, 0xff, 0x95, 0x41, 0x15, 0xff, 
0x95, 0x45, 0x17, 0xff, 0x7f, 0x3a, 0x12, 0xff, 0x84, 0x3e, 0x13, 0xff, 0x91, 0x42, 0x16, 0xff, 
0x8e, 0x40, 0x15, 0xff, 0x9b, 0x46, 0x17, 0xff, 0xbf, 0x65, 0x23, 0xff, 0xc9, 0x73, 0x28, 0xff, 
0xc6, 0x6e, 0x25, 0xff, 0xc4, 0x69, 0x23, 0xff, 0xbf, 0x5f, 0x1e, 0xff, 0xcc, 0x72, 0x27, 0xff, 
0xd3, 0x7f, 0x2d, 0xff, 0xd5, 0x82, 0x2e, 0xff, 0xdb, 0x8d, 0x34, 0xff, 0xe0, 0x99, 0x3b, 0xff, 
0xe6, 0xa5, 0x42, 0xff, 0xe8, 0xa9, 0x45, 0xff, 0xdc, 0x98, 0x3d, 0xff, 0xcd, 0x78, 0x2a, 0xff, 
0xc4, 0x63, 0x20, 0xff, 0xc6, 0x69, 0x21, 0xff, 0xd1, 0x7a, 0x2a, 0xff, 0xbd, 0x62, 0x21, 0xff, 
0xa6, 0x52, 0x1b, 0xff, 0x99, 0x49, 0x18, 0xff, 0x84, 0x3a, 0x13, 0xff, 0x88, 0x3d, 0x13, 0xff, 
0x9a, 0x4b, 0x18, 0xff, 0x9b, 0x48, 0x18, 0xff, 0x85, 0x3c, 0x13, 0xff, 0x91, 0x46, 0x17, 0xff, 
0xab, 0x4c, 0x18, 0xff, 0xc6, 0x69, 0x22, 0xff, 0xdb, 0x88, 0x31, 0xff, 0xbe, 0x65, 0x23, 0xff, 
0xaf, 0x51, 0x19, 0xff, 0xc3, 0x66, 0x21, 0xff, 0xcf, 0x79, 0x2a, 0xff, 0xd0, 0x79, 0x2b, 0xff, 
0xcb, 0x70, 0x25, 0xff, 0xcd, 0x76, 0x28, 0xff, 0xc4, 0x69, 0x22, 0xff, 0xc1, 0x62, 0x1f, 0xff, 
0xce, 0x74, 0x27, 0xff, 0xd5, 0x7f, 0x2c, 0xff, 0xd0, 0x78, 0x29, 0xff, 0xd8, 0x86, 0x31, 0xff, 
0xd8, 0x87, 0x32, 0xff, 0xd5, 0x82, 0x2e, 0xff, 0xd9, 0x8a, 0x33, 0xff, 0xd5, 0x82, 0x2e, 0xff, 
0xe2, 0x9c, 0x3c, 0xff, 0xdc, 0x90, 0x37, 0xff, 0xae, 0x55, 0x1a, 0xff, 0xda, 0x94, 0x3c, 0xff, 
0xe1, 0x97, 0x3a, 0xff, 0xde, 0x96, 0x39, 0xff, 0xd5, 0x82, 0x2e, 0xff, 0xd5, 0x82, 0x2f, 0xff, 
0xd7, 0x85, 0x30, 0xff, 0xd2, 0x7b, 0x2a, 0xff, 0xd7, 0x85, 0x30, 0xff, 0xdf, 0x95, 0x39, 0xff, 
0xda, 0x8c, 0x34, 0xff, 0xdd, 0x92, 0x37, 0xff, 0xd7, 0x87, 0x31, 0xff, 0xdd, 0x94, 0x39, 0xff, 
0xd9, 0x8c, 0x34, 0xff, 0xd2, 0x7b, 0x2b, 0xff, 0xdc, 0x8f, 0x35, 0xff, 0xe0, 0x95, 0x39, 0xff, 
0xe0, 0x98, 0x3b, 0xff, 0xe6, 0xa5, 0x42, 0xff, 0xda, 0x90, 0x37, 0xff, 0xd1, 0x79, 0x29, 0xff, 
0xc8, 0x6a, 0x22, 0xff, 0xb1, 0x51, 0x19, 0xff, 0xc3, 0x6a, 0x25, 0xff, 0xc3, 0x6e, 0x26, 0xff, 
0xbb, 0x64, 0x22, 0xff, 0xae, 0x53, 0x1b, 0xff, 0xa0, 0x47, 0x16, 0xff, 0xb8, 0x54, 0x18, 0xff, 
0xdf, 0x92, 0x37, 0xff, 0xf6, 0xc6, 0x54, 0xff, 0xe8, 0xab, 0x47, 0xff, 0xf2, 0xbd, 0x50, 0xff, 
0xf4, 0xc4, 0x55, 0xff, 0xdd, 0x94, 0x3a, 0xff, 0xda, 0x8d, 0x35, 0xff, 0xeb, 0xaf, 0x4a, 0xff, 
0xed, 0xb1, 0x49, 0xff, 0xd8, 0x85, 0x31, 0xff, 0xab, 0x52, 0x19, 0xff, 0x92, 0x3f, 0x13, 0xff, 
0x96, 0x44, 0x16, 0xff, 0x96, 0x43, 0x16, 0xff, 0xac, 0x4f, 0x19, 0xff, 0xac, 0x4e, 0x17, 0xff, 
0xb6, 0x59, 0x1c, 0xff, 0xd1, 0x7a, 0x2a, 0xff, 0xe1, 0x97, 0x39, 0xff, 0xea, 0xa8, 0x42, 0xff, 
0xc9, 0x6f, 0x25, 0xff, 0xba, 0x59, 0x1c, 0xff, 0xce, 0x76, 0x29, 0xff, 0xdd, 0x92, 0x37, 0xff, 
0xe2, 0x9f, 0x40, 0xff, 0xe9, 0xac, 0x47, 0xff, 0xf7, 0xc6, 0x54, 0xff, 0xfb, 0xd1, 0x5e, 0xff, 
0xf6, 0xc6, 0x58, 0xff, 0xdf, 0x97, 0x3a, 0xff, 0xe3, 0xa4, 0x44, 0xff, 0xe3, 0xa1, 0x42, 0xff, 
0xcb, 0x74, 0x28, 0xff, 0xd5, 0x86, 0x32, 0xff, 0xd7, 0x89, 0x34, 0xff, 0xd3, 0x7f, 0x2e, 0xff, 
0xd8, 0x88, 0x32, 0xff, 0xcb, 0x73, 0x27, 0xff, 0xb3, 0x51, 0x17, 0xff, 0xc1, 0x62, 0x1e, 0xff, 
0xd9, 0x8b, 0x34, 0xff, 0xfe, 0xd5, 0x5e, 0xff, 0xfe, 0xd5, 0x5e, 0xff, 0xe4, 0xa3, 0x41, 0xff, 
0xe1, 0x9d, 0x3f, 0xff, 0xe2, 0x9e, 0x3f, 0xff, 0xe8, 0xaa, 0x46, 0xff, 0xe0, 0x99, 0x3d, 0xff, 
0xe8, 0xa9, 0x44, 0xff, 0xed, 0xb3, 0x4a, 0xff, 0xdc, 0x90, 0x37, 0xff, 0xd6, 0x87, 0x33, 0xff, 
0xdd, 0x96, 0x3b, 0xff, 0xe2, 0x9b, 0x3c, 0xff, 0xef, 0xb2, 0x4a, 0xff, 0xe2, 0x9c, 0x3f, 0xff, 
0xc3, 0x65, 0x20, 0xff, 0x9e, 0x3f, 0x12, 0xff, 0x8d, 0x3b, 0x12, 0xff, 0xb7, 0x61, 0x20, 0xff, 
0xa2, 0x50, 0x1b, 0xff, 0x7d, 0x37, 0x11, 0xff, 0x94, 0x47, 0x17, 0xff, 0xb4, 0x58, 0x1c, 0xff, 
0xca, 0x6c, 0x24, 0xff, 0xe1, 0x98, 0x3c, 0xff, 0xf4, 0xbd, 0x52, 0xff, 0xe8, 0xa8, 0x3f, 0xff, 
0xf0, 0xb9, 0x53, 0xff, 0xf5, 0xc9, 0x69, 0xff, 0xf4, 0xc5, 0x62, 0xff, 0xff, 0xdd, 0x76, 0xff, 
0xf2, 0xbf, 0x5a, 0xff, 0xf0, 0xbb, 0x51, 0xff, 0xf0, 0xbb, 0x56, 0xff, 0xfa, 0xd5, 0x79, 0xff, 
0xf1, 0xbd, 0x55, 0xff, 0xf3, 0xc2, 0x5e, 0xff, 0xf2, 0xbb, 0x4e, 0xff, 0xd5, 0x8b, 0x35, 0xff, 
0xd8, 0x91, 0x39, 0xff, 0xf8, 0xbc, 0x4e, 0xff, 0xb8, 0x67, 0x23, 0xff, 0x8f, 0x36, 0x0e, 0xff, 
0x9b, 0x45, 0x16, 0xff, 0xaf, 0x55, 0x1a, 0xff, 0xd2, 0x77, 0x27, 0xff, 0xe3, 0x9b, 0x3d, 0xff, 
0xde, 0x96, 0x3a, 0xff, 0xdd, 0x95, 0x39, 0xff, 0xd5, 0x86, 0x32, 0xff, 0xc4, 0x63, 0x1d, 0xff, 
0xd0, 0x78, 0x27, 0xff, 0xed, 0xb3, 0x4f, 0xff, 0xf8, 0xcd, 0x5f, 0xff, 0xf5, 0xc5, 0x5b, 0xff, 
0xd5, 0x82, 0x2d, 0xff, 0xcd, 0x71, 0x22, 0xff, 0xeb, 0xb1, 0x49, 0xff, 0xfb, 0xd0, 0x5d, 0xff, 
0xfb, 0xd0, 0x64, 0xff, 0xfa, 0xce, 0x60, 0xff, 0xf3, 0xbe, 0x50, 0xff, 0xf0, 0xb7, 0x4d, 0xff, 
0xf7, 0xc9, 0x5c, 0xff, 0xff, 0xd8, 0x6a, 0xff, 0xff, 0xe4, 0x87, 0xff, 0xfe, 0xe6, 0x9d, 0xff, 
0xfd, 0xda, 0x82, 0xff, 0xf9, 0xd0, 0x6e, 0xff, 0xf8, 0xce, 0x6c, 0xff, 0xf5, 0xcc, 0x75, 0xff, 
0xfd, 0xe8, 0xad, 0xff, 0xff, 0xf0, 0xb3, 0xff, 0xf8, 0xd1, 0x78, 0xff, 0xe6, 0xa3, 0x3e, 0xff, 
0xe1, 0x9f, 0x43, 0xff, 0xed, 0xb6, 0x52, 0xff, 0xf2, 0xbe, 0x52, 0xff, 0xf3, 0xc1, 0x56, 0xff, 
0xf2, 0xb8, 0x4c, 0xff, 0xc3, 0x75, 0x2a, 0xff, 0x82, 0x34, 0x0e, 0xff, 0xca, 0x86, 0x34, 0xff, 
0xf8, 0xc5, 0x54, 0xff, 0xef, 0xb7, 0x4d, 0xff, 0xe1, 0x9b, 0x3c, 0xff, 0xe0, 0x9a, 0x3e, 0xff, 
0xe2, 0x9f, 0x3c, 0xff, 0xec, 0xb3, 0x4d, 0xff, 0xf6, 0xd0, 0x7a, 0xff, 0xf2, 0xc9, 0x76, 0xff, 
0xf4, 0xc4, 0x5e, 0xff, 0xf9, 0xcc, 0x63, 0xff, 0xf4, 0xc2, 0x54, 0xff, 0xf4, 0xc5, 0x5c, 0xff, 
0xeb, 0xb1, 0x4c, 0xff, 0xea, 0xb2, 0x57, 0xff, 0xff, 0xe9, 0x88, 0xff, 0xea, 0xae, 0x4c, 0xff, 
0xdd, 0x96, 0x38, 0xff, 0xec, 0xb1, 0x49, 0xff, 0xee, 0xb1, 0x42, 0xff, 0xf0, 0xb5, 0x3e, 0xff, 
0xf9, 0xcb, 0x5b, 0xff, 0xf5, 0xc6, 0x56, 0xff, 0xeb, 0xae, 0x45, 0xff, 0xde, 0x95, 0x39, 0xff, 
0xd9, 0x8c, 0x34, 0xff, 0xdf, 0x96, 0x3a, 0xff, 0xe4, 0xa0, 0x40, 0xff, 0xe6, 0xa5, 0x42, 0xff, 
0xcc, 0x75, 0x28, 0xff, 0xbb, 0x59, 0x19, 0xff, 0xce, 0x75, 0x28, 0xff, 0xd2, 0x7f, 0x2d, 0xff, 
0xd4, 0x84, 0x30, 0xff, 0xeb, 0xb2, 0x4b, 0xff, 0xe9, 0xac, 0x48, 0xff, 0xdf, 0x95, 0x38, 0xff, 
0xda, 0x8d, 0x33, 0xff, 0xde, 0x96, 0x3a, 0xff, 0xe3, 0x9e, 0x3f, 0xff, 0xe2, 0xa0, 0x3f, 0xff, 
0xdd, 0x94, 0x3a, 0xff, 0xdd, 0x94, 0x39, 0xff, 0xd3, 0x80, 0x2d, 0xff, 0xd6, 0x7e, 0x2b, 0xff, 
0xc0, 0x63, 0x20, 0xff, 0xae, 0x4e, 0x17, 0xff, 0xa8, 0x4f, 0x18, 0xff, 0x93, 0x44, 0x16, 0xff, 
0x9a, 0x48, 0x18, 0xff, 0x94, 0x45, 0x16, 0xff, 0x85, 0x3a, 0x13, 0xff, 0x91, 0x40, 0x15, 0xff, 
0x87, 0x3c, 0x13, 0xff, 0x91, 0x41, 0x15, 0xff, 0xc3, 0x6a, 0x23, 0xff, 0xcb, 0x71, 0x26, 0xff, 
0xbd, 0x60, 0x1f, 0xff, 0xc3, 0x66, 0x21, 0xff, 0xd3, 0x7f, 0x2d, 0xff, 0xca, 0x70, 0x25, 0xff, 
0xcd, 0x74, 0x27, 0xff, 0xd8, 0x87, 0x31, 0xff, 0xd3, 0x7d, 0x2b, 0xff, 0xdc, 0x90, 0x37, 0xff, 
0xee, 0xba, 0x4f, 0xff, 0xef, 0xb9, 0x4f, 0xff, 0xcd, 0x7b, 0x2c, 0xff, 0xc1, 0x62, 0x1f, 0xff, 
0xcd, 0x73, 0x27, 0xff, 0xd2, 0x7d, 0x2c, 0xff, 0xce, 0x7b, 0x2c, 0xff, 0xad, 0x57, 0x1d, 0xff, 
0xb9, 0x67, 0x25, 0xff, 0xb1, 0x5a, 0x1f, 0xff, 0xa4, 0x4d, 0x18, 0xff, 0x96, 0x45, 0x17, 0xff, 
0x8f, 0x3f, 0x14, 0xff, 0xa1, 0x4c, 0x1a, 0xff, 0xac, 0x5b, 0x1e, 0xff, 0x81, 0x36, 0x10, 0xff, 
0xb1, 0x54, 0x1b, 0xff, 0xc5, 0x64, 0x20, 0xff, 0xbf, 0x62, 0x20, 0xff, 0xb8, 0x5b, 0x1e, 0xff, 
0xbb, 0x5c, 0x1e, 0xff, 0xce, 0x78, 0x2a, 0xff, 0xd6, 0x84, 0x2f, 0xff, 0xce, 0x74, 0x27, 0xff, 
0xc9, 0x6c, 0x24, 0xff, 0xc3, 0x64, 0x20, 0xff, 0xc4, 0x67, 0x22, 0xff, 0xd0, 0x7b, 0x2b, 0xff, 
0xba, 0x5d, 0x1e, 0xff, 0xc4, 0x67, 0x22, 0xff, 0xd5, 0x7e, 0x2c, 0xff, 0xd8, 0x88, 0x32, 0xff, 
0xda, 0x8b, 0x33, 0xff, 0xd6, 0x82, 0x2e, 0xff, 0xdc, 0x8e, 0x35, 0xff, 0xd3, 0x80, 0x2e, 0xff, 
0xd9, 0x87, 0x31, 0xff, 0xc3, 0x66, 0x21, 0xff, 0xb5, 0x56, 0x1b, 0xff, 0xe1, 0x9a, 0x3d, 0xff, 
0xe3, 0x9f, 0x40, 0xff, 0xd8, 0x89, 0x32, 0xff, 0xd1, 0x79, 0x2a, 0xff, 0xd0, 0x79, 0x2a, 0xff, 
0xd3, 0x7e, 0x2d, 0xff, 0xd7, 0x85, 0x30, 0xff, 0xd7, 0x84, 0x30, 0xff, 0xdd, 0x93, 0x38, 0xff, 
0xdc, 0x91, 0x36, 0xff, 0xdc, 0x8f, 0x35, 0xff, 0xe3, 0x9f, 0x3f, 0xff, 0xe3, 0x9e, 0x3f, 0xff, 
0xe4, 0xa1, 0x40, 0xff, 0xdc, 0x90, 0x36, 0xff, 0xd6, 0x83, 0x2f, 0xff, 0xcb, 0x73, 0x27, 0xff, 
0xc9, 0x6c, 0x23, 0xff, 0xe0, 0x99, 0x3b, 0xff, 0xe6, 0xa7, 0x44, 0xff, 0xdf, 0x97, 0x3a, 0xff, 
0xce, 0x79, 0x2a, 0xff, 0xc6, 0x6b, 0x24, 0xff, 0xc8, 0x6a, 0x22, 0xff, 0xb0, 0x53, 0x1a, 0xff, 
0xa1, 0x46, 0x16, 0xff, 0xab, 0x54, 0x1c, 0xff, 0xae, 0x54, 0x1b, 0xff, 0xc1, 0x64, 0x21, 0xff, 
0xdc, 0x89, 0x32, 0xff, 0xef, 0xb9, 0x4e, 0xff, 0xf5, 0xc6, 0x55, 0xff, 0xee, 0xb6, 0x4d, 0xff, 
0xea, 0xaf, 0x48, 0xff, 0xf2, 0xc2, 0x53, 0xff, 0xe8, 0xab, 0x45, 0xff, 0xe4, 0xa2, 0x41, 0xff, 
0xeb, 0xb1, 0x48, 0xff, 0xe5, 0x9e, 0x3d, 0xff, 0xc7, 0x6d, 0x25, 0xff, 0x9e, 0x42, 0x14, 0xff, 
0x8f, 0x36, 0x0f, 0xff, 0xb8, 0x60, 0x20, 0xff, 0xcf, 0x79, 0x2b, 0xff, 0xc9, 0x72, 0x28, 0xff, 
0xd4, 0x83, 0x30, 0xff, 0xda, 0x8d, 0x34, 0xff, 0xd3, 0x82, 0x2f, 0xff, 0xd6, 0x87, 0x32, 0xff, 
0xbd, 0x5f, 0x1f, 0xff, 0xbc, 0x5c, 0x1c, 0xff, 0xcf, 0x76, 0x28, 0xff, 0xdd, 0x91, 0x36, 0xff, 
0xe0, 0x99, 0x3b, 0xff, 0xec, 0xb3, 0x4a, 0xff, 0xed, 0xb4, 0x4c, 0xff, 0xea, 0xb0, 0x4a, 0xff, 
0xdb, 0x8e, 0x36, 0xff, 0xc4, 0x63, 0x1d, 0xff, 0xd9, 0x89, 0x32, 0xff, 0xcd, 0x79, 0x2b, 0xff, 
0xab, 0x4a, 0x15, 0xff, 0xb9, 0x58, 0x1b, 0xff, 0xcd, 0x75, 0x29, 0xff, 0xc8, 0x6c, 0x24, 0xff, 
0xd0, 0x79, 0x29, 0xff, 0xde, 0x94, 0x38, 0xff, 0xcb, 0x76, 0x2a, 0xff, 0xcf, 0x79, 0x2a, 0xff, 
0xd6, 0x81, 0x2d, 0xff, 0xe4, 0xa1, 0x40, 0xff, 0xef, 0xb8, 0x4c, 0xff, 0xdd, 0x95, 0x3a, 0xff, 
0xcf, 0x78, 0x2a, 0xff, 0xd9, 0x8b, 0x33, 0xff, 0xd5, 0x86, 0x32, 0xff, 0xf0, 0xb9, 0x4e, 0xff, 
0xea, 0xad, 0x47, 0xff, 0xd2, 0x7e, 0x2d, 0xff, 0xd2, 0x7f, 0x2d, 0xff, 0xd5, 0x84, 0x30, 0xff, 
0xd9, 0x8d, 0x36, 0xff, 0xde, 0x97, 0x3b, 0xff, 0xfa, 0xcf, 0x5f, 0xff, 0xf5, 0xc4, 0x58, 0xff, 
0xcd, 0x77, 0x29, 0xff, 0xc5, 0x6d, 0x26, 0xff, 0xc0, 0x67, 0x22, 0xff, 0xbe, 0x61, 0x20, 0xff, 
0xa2, 0x49, 0x17, 0xff, 0x9f, 0x45, 0x15, 0xff, 0xc0, 0x61, 0x1f, 0xff, 0xed, 0xa3, 0x40, 0xff, 
0xf6, 0xc0, 0x51, 0xff, 0xf6, 0xc4, 0x55, 0xff, 0xed, 0xb2, 0x47, 0xff, 0xea, 0xab, 0x41, 0xff, 
0xfa, 0xd1, 0x69, 0xff, 0xec, 0xb2, 0x4e, 0xff, 0xf1, 0xbb, 0x4b, 0xff, 0xde, 0x96, 0x38, 0xff, 
0xc7, 0x6c, 0x20, 0xff, 0xf5, 0xc0, 0x50, 0xff, 0xff, 0xe4, 0x79, 0xff, 0xfa, 0xd5, 0x75, 0xff, 
0xfb, 0xd0, 0x66, 0xff, 0xfc, 0xd3, 0x68, 0xff, 0xe9, 0xac, 0x45, 0xff, 0xe8, 0xa9, 0x44, 0xff, 
0xeb, 0xab, 0x45, 0xff, 0xcb, 0x78, 0x2c, 0xff, 0x7d, 0x30, 0x0d, 0xff, 0x71, 0x30, 0x0f, 0xff, 
0x9a, 0x45, 0x17, 0xff, 0xbb, 0x5e, 0x1e, 0xff, 0xc8, 0x6b, 0x23, 0xff, 0xc1, 0x63, 0x1f, 0xff, 
0xbb, 0x55, 0x17, 0xff, 0xd7, 0x8a, 0x34, 0xff, 0xe2, 0x9e, 0x3f, 0xff, 0xdc, 0x94, 0x39, 0xff, 
0xdb, 0x8f, 0x35, 0xff, 0xcd, 0x70, 0x24, 0xff, 0xd4, 0x84, 0x35, 0xff, 0xd7, 0x8a, 0x35, 0xff, 
0xd1, 0x7d, 0x2b, 0xff, 0xd4, 0x80, 0x2d, 0xff, 0xe4, 0xa2, 0x41, 0xff, 0xf1, 0xbd, 0x51, 0xff, 
0xf6, 0xc5, 0x55, 0xff, 0xfa, 0xcd, 0x61, 0xff, 0xfd, 0xd3, 0x61, 0xff, 0xf7, 0xc6, 0x55, 0xff, 
0xf6, 0xc8, 0x60, 0xff, 0xf8, 0xc9, 0x5c, 0xff, 0xfb, 0xd8, 0x7d, 0xff, 0xfe, 0xec, 0xb4, 0xff, 
0xff, 0xf1, 0xc1, 0xff, 0xfa, 0xd8, 0x83, 0xff, 0xf9, 0xd3, 0x78, 0xff, 0xfc, 0xe2, 0xa1, 0xff, 
0xf7, 0xcf, 0x76, 0xff, 0xf0, 0xb7, 0x49, 0xff, 0xec, 0xaf, 0x44, 0xff, 0xde, 0x94, 0x39, 0xff, 
0xd4, 0x83, 0x2e, 0xff, 0xde, 0x98, 0x3b, 0xff, 0xfb, 0xda, 0x86, 0xff, 0xfb, 0xdc, 0x84, 0xff, 
0xeb, 0xb3, 0x4e, 0xff, 0xec, 0xaa, 0x42, 0xff, 0xf0, 0xb4, 0x4b, 0xff, 0xda, 0x95, 0x3b, 0xff, 
0xe3, 0xa2, 0x41, 0xff, 0xf5, 0xc2, 0x52, 0xff, 0xeb, 0xaf, 0x44, 0xff, 0xef, 0xbd, 0x64, 0xff, 
0xf4, 0xc7, 0x63, 0xff, 0xdd, 0x8f, 0x26, 0xff, 0xe7, 0xaa, 0x4f, 0xff, 0xfd, 0xe5, 0x9b, 0xff, 
0xfd, 0xe5, 0xa0, 0xff, 0xfc, 0xde, 0x90, 0xff, 0xfa, 0xd3, 0x70, 0xff, 0xfb, 0xd6, 0x7a, 0xff, 
0xff, 0xed, 0xa9, 0xff, 0xfb, 0xdb, 0x88, 0xff, 0xec, 0xb4, 0x54, 0xff, 0xf9, 0xcd, 0x63, 0xff, 
0xf0, 0xb7, 0x49, 0xff, 0xef, 0xb6, 0x48, 0xff, 0xfd, 0xd7, 0x6c, 0xff, 0xff, 0xe6, 0x93, 0xff, 
0xfb, 0xd5, 0x74, 0xff, 0xf9, 0xcb, 0x59, 0xff, 0xfc, 0xd2, 0x64, 0xff, 0xf0, 0xbc, 0x50, 0xff, 
0xec, 0xb2, 0x49, 0xff, 0xeb, 0xae, 0x47, 0xff, 0xeb, 0xae, 0x48, 0xff, 0xf0, 0xbb, 0x4f, 0xff, 
0xe9, 0xad, 0x47, 0xff, 0xd9, 0x8d, 0x34, 0xff, 0xdd, 0x91, 0x36, 0xff, 0xcb, 0x75, 0x28, 0xff, 
0xd7, 0x8a, 0x33, 0xff, 0xe9, 0xac, 0x47, 0xff, 0xeb, 0xb0, 0x49, 0xff, 0xe8, 0xa9, 0x44, 0xff, 
0xe3, 0x9d, 0x3d, 0xff, 0xe6, 0xa7, 0x43, 0xff, 0xe3, 0xa0, 0x41, 0xff, 0xe2, 0x9e, 0x3f, 0xff, 
0xe2, 0x9f, 0x3f, 0xff, 0xdb, 0x8f, 0x36, 0xff, 0xd3, 0x7e, 0x2c, 0xff, 0xd3, 0x7e, 0x2c, 0xff, 
0xc5, 0x68, 0x22, 0xff, 0xce, 0x77, 0x29, 0xff, 0xd4, 0x7d, 0x2c, 0xff, 0xc7, 0x67, 0x21, 0xff, 
0xb0, 0x57, 0x1d, 0xff, 0xa4, 0x4b, 0x18, 0xff, 0xa7, 0x52, 0x1c, 0xff, 0xae, 0x5a, 0x1e, 0xff, 
0xb0, 0x58, 0x1d, 0xff, 0xad, 0x57, 0x1d, 0xff, 0xb9, 0x60, 0x20, 0xff, 0xcb, 0x6f, 0x25, 0xff, 
0xca, 0x70, 0x25, 0xff, 0xc5, 0x68, 0x22, 0xff, 0xd6, 0x85, 0x30, 0xff, 0xd6, 0x84, 0x2f, 0xff, 
0xc5, 0x66, 0x20, 0xff, 0xce, 0x74, 0x27, 0xff, 0xd2, 0x7a, 0x2a, 0xff, 0xd2, 0x7a, 0x2a, 0xff, 
0xdf, 0x98, 0x3b, 0xff, 0xe8, 0xab, 0x46, 0xff, 0xda, 0x8d, 0x34, 0xff, 0xc7, 0x6a, 0x22, 0xff, 
0xd6, 0x88, 0x33, 0xff, 0xe7, 0xa1, 0x3f, 0xff, 0xcf, 0x77, 0x2a, 0xff, 0xb8, 0x5e, 0x1f, 0xff, 
0x9d, 0x4c, 0x18, 0xff, 0x89, 0x3c, 0x13, 0xff, 0x92, 0x42, 0x14, 0xff, 0x93, 0x41, 0x15, 0xff, 
0xa9, 0x4f, 0x1a, 0xff, 0xb0, 0x55, 0x1b, 0xff, 0xcf, 0x72, 0x26, 0xff, 0xd3, 0x7b, 0x2b, 0xff, 
0xda, 0x8a, 0x33, 0xff, 0xc8, 0x6d, 0x24, 0xff, 0xa8, 0x49, 0x16, 0xff, 0xb6, 0x5c, 0x1f, 0xff, 
0xcf, 0x75, 0x27, 0xff, 0xcd, 0x73, 0x27, 0xff, 0xce, 0x74, 0x27, 0xff, 0xcf, 0x74, 0x26, 0xff, 
0xd3, 0x7c, 0x2b, 0xff, 0xcf, 0x78, 0x2a, 0xff, 0xd0, 0x77, 0x29, 0xff, 0xd3, 0x7d, 0x2c, 0xff, 
0xc3, 0x69, 0x23, 0xff, 0xba, 0x5b, 0x1c, 0xff, 0xca, 0x6d, 0x24, 0xff, 0xd5, 0x81, 0x2e, 0xff, 
0xd8, 0x86, 0x30, 0xff, 0xd3, 0x7d, 0x2c, 0xff, 0xd3, 0x7f, 0x2d, 0xff, 0xd8, 0x89, 0x33, 0xff, 
0xd6, 0x82, 0x2e, 0xff, 0xcd, 0x74, 0x27, 0xff, 0xc1, 0x63, 0x20, 0xff, 0xd1, 0x7a, 0x2b, 0xff, 
0xe2, 0x9c, 0x3c, 0xff, 0xd6, 0x84, 0x30, 0xff, 0xcb, 0x6f, 0x24, 0xff, 0xc8, 0x6b, 0x22, 0xff, 
0xc8, 0x6b, 0x23, 0xff, 0xd9, 0x87, 0x31, 0xff, 0xda, 0x8d, 0x34, 0xff, 0xd8, 0x89, 0x32, 0xff, 
0xdd, 0x93, 0x38, 0xff, 0xde, 0x96, 0x3a, 0xff, 0xdf, 0x98, 0x3b, 0xff, 0xdb, 0x8d, 0x34, 0xff, 
0xd7, 0x88, 0x33, 0xff, 0xd6, 0x85, 0x30, 0xff, 0xc8, 0x70, 0x25, 0xff, 0xae, 0x4e, 0x18, 0xff, 
0xc2, 0x64, 0x21, 0xff, 0xe2, 0x9c, 0x3c, 0xff, 0xe9, 0xad, 0x47, 0xff, 0xda, 0x8e, 0x36, 0xff, 
0xd7, 0x87, 0x32, 0xff, 0xdb, 0x8f, 0x37, 0xff, 0xc8, 0x6a, 0x21, 0xff, 0xc3, 0x62, 0x1e, 0xff, 
0xb3, 0x52, 0x1a, 0xff, 0xa2, 0x47, 0x16, 0xff, 0xa9, 0x4e, 0x19, 0xff, 0xc3, 0x66, 0x21, 0xff, 
0xd9, 0x87, 0x31, 0xff, 0xe7, 0xa8, 0x45, 0xff, 0xf5, 0xc2, 0x53, 0xff, 0xf0, 0xba, 0x4f, 0xff, 
0xe8, 0xab, 0x46, 0xff, 0xea, 0xaf, 0x48, 0xff, 0xe6, 0xa3, 0x40, 0xff, 0xe5, 0xa1, 0x3f, 0xff, 
0xdd, 0x94, 0x39, 0xff, 0xcf, 0x7b, 0x2c, 0xff, 0xdf, 0x91, 0x36, 0xff, 0xd1, 0x81, 0x2f, 0xff, 
0xd4, 0x87, 0x34, 0xff, 0xdc, 0x8b, 0x33, 0xff, 0xdd, 0x8f, 0x34, 0xff, 0xdc, 0x8f, 0x35, 0xff, 
0xce, 0x7b, 0x2c, 0xff, 0xcc, 0x75, 0x29, 0xff, 0xc6, 0x6b, 0x24, 0xff, 0xbd, 0x61, 0x21, 0xff, 
0xc2, 0x66, 0x22, 0xff, 0xca, 0x6e, 0x24, 0xff, 0xc6, 0x69, 0x22, 0xff, 0xc9, 0x6d, 0x24, 0xff, 
0xd2, 0x7b, 0x2a, 0xff, 0xdd, 0x90, 0x36, 0xff, 0xdc, 0x90, 0x36, 0xff, 0xdf, 0x92, 0x36, 0xff, 
0xd6, 0x82, 0x2e, 0xff, 0xcb, 0x75, 0x2a, 0xff, 0xd0, 0x79, 0x2a, 0xff, 0xbd, 0x62, 0x20, 0xff, 
0xb3, 0x59, 0x1e, 0xff, 0xbc, 0x5d, 0x1e, 0xff, 0xc9, 0x6c, 0x23, 0xff, 0xc7, 0x6d, 0x24, 0xff, 
0xc6, 0x6e, 0x25, 0xff, 0xd4, 0x82, 0x2f, 0xff, 0xda, 0x8b, 0x34, 0xff, 0xdf, 0x99, 0x3c, 0xff, 
0xe8, 0xaa, 0x46, 0xff, 0xdf, 0x99, 0x3b, 0xff, 0xe4, 0xa1, 0x41, 0xff, 0xf5, 0xc4, 0x59, 0xff, 
0xec, 0xb2, 0x4c, 0xff, 0xde, 0x94, 0x38, 0xff, 0xe3, 0x9e, 0x3f, 0xff, 0xe6, 0xa6, 0x43, 0xff, 
0xe3, 0x9f, 0x3f, 0xff, 0xd0, 0x79, 0x2a, 0xff, 0xc7, 0x6a, 0x21, 0xff, 0xc6, 0x67, 0x1f, 0xff, 
0xe4, 0xa2, 0x43, 0xff, 0xf1, 0xba, 0x50, 0xff, 0xeb, 0xaf, 0x4b, 0xff, 0xe6, 0xa6, 0x43, 0xff, 
0xe3, 0xa1, 0x40, 0xff, 0xe6, 0xa1, 0x3f, 0xff, 0xdc, 0x8b, 0x33, 0xff, 0xce, 0x79, 0x2a, 0xff, 
0xc0, 0x66, 0x21, 0xff, 0xb0, 0x57, 0x1c, 0xff, 0xbf, 0x67, 0x23, 0xff, 0xe3, 0x9c, 0x3d, 0xff, 
0xea, 0xad, 0x44, 0xff, 0xfc, 0xd3, 0x68, 0xff, 0xf5, 0xc5, 0x5e, 0xff, 0xf8, 0xd4, 0x84, 0xff, 
0xfb, 0xd7, 0x79, 0xff, 0xfe, 0xce, 0x54, 0xff, 0xf6, 0xc0, 0x52, 0xff, 0xd0, 0x7d, 0x2c, 0xff, 
0xe6, 0xab, 0x4d, 0xff, 0xf6, 0xca, 0x5e, 0xff, 0xe9, 0xb2, 0x52, 0xff, 0xf0, 0xbd, 0x59, 0xff, 
0xe6, 0xa4, 0x41, 0xff, 0xef, 0xba, 0x4d, 0xff, 0xfb, 0xcf, 0x5c, 0xff, 0xdc, 0x94, 0x39, 0xff, 
0xb6, 0x58, 0x1a, 0xff, 0xa1, 0x4b, 0x18, 0xff, 0x94, 0x41, 0x15, 0xff, 0xab, 0x53, 0x1a, 0xff, 
0xc7, 0x69, 0x22, 0xff, 0xc9, 0x6d, 0x24, 0xff, 0xbc, 0x5f, 0x1f, 0xff, 0xba, 0x5b, 0x1d, 0xff, 
0xba, 0x58, 0x1b, 0xff, 0xd9, 0x8b, 0x34, 0xff, 0xe3, 0x9f, 0x3f, 0xff, 0xe2, 0x9e, 0x3e, 0xff, 
0xe7, 0xa8, 0x44, 0xff, 0xef, 0xb6, 0x4b, 0xff, 0xdc, 0x8f, 0x34, 0xff, 0xd2, 0x7e, 0x2c, 0xff, 
0xda, 0x8d, 0x36, 0xff, 0xd5, 0x80, 0x2e, 0xff, 0xd9, 0x89, 0x32, 0xff, 0xe6, 0xa6, 0x43, 0xff, 
0xe9, 0xae, 0x47, 0xff, 0xee, 0xb6, 0x4d, 0xff, 0xf3, 0xc1, 0x54, 0xff, 0xf6, 0xc7, 0x59, 0xff, 
0xf6, 0xc4, 0x51, 0xff, 0xfb, 0xd6, 0x7a, 0xff, 0xf8, 0xd5, 0x81, 0xff, 0xf7, 0xd2, 0x80, 0xff, 
0xfa, 0xe1, 0xa4, 0xff, 0xf7, 0xd8, 0x8c, 0xff, 0xf8, 0xd3, 0x7b, 0xff, 0xf6, 0xcb, 0x67, 0xff, 
0xf7, 0xc8, 0x5a, 0xff, 0xe0, 0x97, 0x33, 0xff, 0xd3, 0x7e, 0x28, 0xff, 0xdb, 0x8f, 0x34, 0xff, 
0xde, 0x95, 0x36, 0xff, 0xde, 0x98, 0x3a, 0xff, 0xed, 0xb9, 0x5f, 0xff, 0xff, 0xe4, 0x90, 0xff, 
0xf8, 0xd1, 0x71, 0xff, 0xef, 0xb6, 0x4a, 0xff, 0xe6, 0xa3, 0x40, 0xff, 0xde, 0x95, 0x3a, 0xff, 
0xe0, 0x99, 0x3c, 0xff, 0xec, 0xb2, 0x4a, 0xff, 0xf6, 0xc5, 0x53, 0xff, 0xf5, 0xc5, 0x59, 0xff, 
0xf1, 0xbc, 0x52, 0xff, 0xec, 0xb7, 0x60, 0xff, 0xea, 0xae, 0x4b, 0xff, 0xef, 0xb9, 0x51, 0xff, 
0xfc, 0xdc, 0x8a, 0xff, 0xfe, 0xe3, 0x9c, 0xff, 0xff, 0xe6, 0x98, 0xff, 0xff, 0xeb, 0xa3, 0xff, 
0xf7, 0xd7, 0x8b, 0xff, 0xf0, 0xb9, 0x4c, 0xff, 0xec, 0xb0, 0x44, 0xff, 0xf0, 0xb7, 0x4a, 0xff, 
0xf4, 0xc4, 0x60, 0xff, 0xf8, 0xcc, 0x69, 0xff, 0xfe, 0xe3, 0x92, 0xff, 0xfe, 0xee, 0xbf, 0xff, 
0xfd, 0xe7, 0xa9, 0xff, 0xfe, 0xe3, 0x96, 0xff, 0xfa, 0xd5, 0x76, 0xff, 0xeb, 0xb1, 0x48, 0xff, 
0xe1, 0x9c, 0x3d, 0xff, 0xe8, 0xaa, 0x44, 0xff, 0xe8, 0xab, 0x47, 0xff, 0xdc, 0x93, 0x39, 0xff, 
0xe8, 0xaa, 0x46, 0xff, 0xec, 0xb2, 0x4a, 0xff, 0xcb, 0x7c, 0x2d, 0xff, 0xd6, 0x8a, 0x35, 0xff, 
0xe8, 0xa8, 0x44, 0xff, 0xe2, 0x9c, 0x3d, 0xff, 0xeb, 0xac, 0x46, 0xff, 0xea, 0xad, 0x47, 0xff, 
0xdd, 0x93, 0x38, 0xff, 0xd3, 0x80, 0x2d, 0xff, 0xdf, 0x96, 0x3a, 0xff, 0xe1, 0x9a, 0x3c, 0xff, 
0xd7, 0x87, 0x31, 0xff, 0xd5, 0x83, 0x2f, 0xff, 0xd1, 0x7c, 0x2b, 0xff, 0xcf, 0x7a, 0x2a, 0xff, 
0xca, 0x6f, 0x25, 0xff, 0xd7, 0x84, 0x2f, 0xff, 0xe2, 0x9c, 0x3d, 0xff, 0xcc, 0x76, 0x29, 0xff, 
0xb1, 0x54, 0x1a, 0xff, 0xc6, 0x71, 0x28, 0xff, 0xd8, 0x85, 0x30, 0xff, 0xc9, 0x6b, 0x23, 0xff, 
0xc0, 0x63, 0x21, 0xff, 0xc8, 0x72, 0x28, 0xff, 0xc2, 0x69, 0x23, 0xff, 0xc7, 0x6a, 0x23, 0xff, 
0xd1, 0x7a, 0x2a, 0xff, 0xcf, 0x75, 0x27, 0xff, 0xc2, 0x62, 0x1f, 0xff, 0xdd, 0x8e, 0x34, 0xff, 
0xd5, 0x7f, 0x2d, 0xff, 0xcd, 0x72, 0x26, 0xff, 0xd5, 0x7e, 0x2b, 0xff, 0xd8, 0x87, 0x30, 0xff, 
0xd8, 0x86, 0x31, 0xff, 0xd3, 0x7b, 0x2a, 0xff, 0xd6, 0x7d, 0x2a, 0xff, 0xc9, 0x6b, 0x22, 0xff, 
0xd8, 0x89, 0x33, 0xff, 0xe2, 0x94, 0x37, 0xff, 0xa8, 0x54, 0x1b, 0xff, 0x8c, 0x3a, 0x13, 0xff, 
0x83, 0x38, 0x12, 0xff, 0x91, 0x47, 0x17, 0xff, 0x9d, 0x4d, 0x19, 0xff, 0xa8, 0x53, 0x1b, 0xff, 
0xc1, 0x62, 0x20, 0xff, 0xc8, 0x6b, 0x23, 0xff, 0xc7, 0x70, 0x26, 0xff, 0xe3, 0x98, 0x3a, 0xff, 
0xe5, 0x9f, 0x3e, 0xff, 0xcc, 0x75, 0x28, 0xff, 0xc4, 0x67, 0x21, 0xff, 0xd3, 0x7d, 0x2b, 0xff, 
0xcf, 0x76, 0x28, 0xff, 0xcf, 0x76, 0x28, 0xff, 0xd6, 0x83, 0x2e, 0xff, 0xd0, 0x77, 0x28, 0xff, 
0xd1, 0x7b, 0x2a, 0xff, 0xd2, 0x7d, 0x2c, 0xff, 0xc8, 0x6e, 0x24, 0xff, 0xca, 0x6e, 0x25, 0xff, 
0xd5, 0x7f, 0x2d, 0xff, 0xcf, 0x7a, 0x2a, 0xff, 0xc2, 0x66, 0x22, 0xff, 0xcb, 0x6f, 0x24, 0xff, 
0xd5, 0x80, 0x2d, 0xff, 0xd3, 0x7d, 0x2c, 0xff, 0xd5, 0x82, 0x2f, 0xff, 0xda, 0x8d, 0x34, 0xff, 
0xd9, 0x8c, 0x33, 0xff, 0xe0, 0x96, 0x39, 0xff, 0xd7, 0x84, 0x2f, 0xff, 0xd0, 0x78, 0x29, 0xff, 
0xd9, 0x89, 0x32, 0xff, 0xdd, 0x91, 0x36, 0xff, 0xdc, 0x92, 0x37, 0xff, 0xd4, 0x7f, 0x2c, 0xff, 
0xce, 0x73, 0x27, 0xff, 0xd4, 0x7e, 0x2c, 0xff, 0xd8, 0x86, 0x30, 0xff, 0xd8, 0x88, 0x32, 0xff, 
0xde, 0x96, 0x39, 0xff, 0xe1, 0x9c, 0x3d, 0xff, 0xd9, 0x89, 0x31, 0xff, 0xd1, 0x7b, 0x2a, 0xff, 
0xc8, 0x6c, 0x23, 0xff, 0xc4, 0x64, 0x20, 0xff, 0xcb, 0x74, 0x28, 0xff, 0xc4, 0x6b, 0x24, 0xff, 
0xc7, 0x6b, 0x23, 0xff, 0xd5, 0x82, 0x2e, 0xff, 0xe6, 0xa6, 0x44, 0xff, 0xdf, 0x97, 0x3b, 0xff, 
0xe8, 0xa9, 0x45, 0xff, 0xf2, 0xbc, 0x4f, 0xff, 0xe0, 0x98, 0x3b, 0xff, 0xdb, 0x8e, 0x35, 0xff, 
0xd7, 0x88, 0x32, 0xff, 0xbf, 0x63, 0x21, 0xff, 0xb8, 0x5b, 0x1e, 0xff, 0xc4, 0x67, 0x22, 0xff, 
0xd7, 0x87, 0x30, 0xff, 0xea, 0xaf, 0x4a, 0xff, 0xf4, 0xc3, 0x57, 0xff, 0xf8, 0xc7, 0x55, 0xff, 
0xf2, 0xbe, 0x51, 0xff, 0xe2, 0x9e, 0x3e, 0xff, 0xd9, 0x8c, 0x34, 0xff, 0xd5, 0x86, 0x30, 0xff, 
0xd7, 0x85, 0x2f, 0xff, 0xc7, 0x6c, 0x24, 0xff, 0xcd, 0x76, 0x2a, 0xff, 0xd0, 0x7a, 0x2b, 0xff, 
0xd4, 0x84, 0x33, 0xff, 0xe0, 0x9a, 0x3c, 0xff, 0xd2, 0x7e, 0x2d, 0xff, 0xd4, 0x7e, 0x2d, 0xff, 
0xc7, 0x6e, 0x26, 0xff, 0xd6, 0x8b, 0x36, 0xff, 0xca, 0x71, 0x27, 0xff, 0xb3, 0x52, 0x19, 0xff, 
0xb5, 0x58, 0x1c, 0xff, 0xcf, 0x78, 0x2a, 0xff, 0xcf, 0x78, 0x2a, 0xff, 0xc3, 0x62, 0x1e, 0xff, 
0xd8, 0x87, 0x32, 0xff, 0xe2, 0x9d, 0x3e, 0xff, 0xdf, 0x96, 0x39, 0xff, 0xcc, 0x73, 0x27, 0xff, 
0xb1, 0x55, 0x1a, 0xff, 0xcc, 0x77, 0x2a, 0xff, 0xe8, 0xa3, 0x40, 0xff, 0xcf, 0x7d, 0x2d, 0xff, 
0xab, 0x49, 0x15, 0xff, 0xad, 0x4e, 0x19, 0xff, 0xc0, 0x63, 0x20, 0xff, 0xc4, 0x69, 0x23, 0xff, 
0xbf, 0x64, 0x22, 0xff, 0xc2, 0x63, 0x20, 0xff, 0xcf, 0x76, 0x28, 0xff, 0xdc, 0x91, 0x38, 0xff, 
0xe0, 0x99, 0x3c, 0xff, 0xe1, 0x9c, 0x3d, 0xff, 0xe9, 0xab, 0x48, 0xff, 0xf7, 0xc7, 0x5b, 0xff, 
0xff, 0xe3, 0x6c, 0xff, 0xec, 0xb1, 0x4b, 0xff, 0xda, 0x8d, 0x34, 0xff, 0xcf, 0x79, 0x2a, 0xff, 
0xc1, 0x61, 0x1e, 0xff, 0xd7, 0x8b, 0x35, 0xff, 0xde, 0x92, 0x37, 0xff, 0xe2, 0x9d, 0x3e, 0xff, 
0xe7, 0xa8, 0x44, 0xff, 0xdb, 0x8f, 0x35, 0xff, 0xd6, 0x84, 0x2f, 0xff, 0xdf, 0x98, 0x3b, 0xff, 
0xe8, 0xa8, 0x44, 0xff, 0xd0, 0x7b, 0x2b, 0xff, 0xc9, 0x6c, 0x23, 0xff, 0xe0, 0x97, 0x3a, 0xff, 
0xec, 0xad, 0x46, 0xff, 0xd1, 0x7a, 0x2b, 0xff, 0xd4, 0x82, 0x2f, 0xff, 0xc4, 0x64, 0x1e, 0xff, 
0xd8, 0x8a, 0x31, 0xff, 0xff, 0xd8, 0x6b, 0xff, 0xff, 0xe8, 0x90, 0xff, 0xff, 0xf7, 0xa5, 0xff, 
0xff, 0xd9, 0x6c, 0xff, 0xdc, 0x99, 0x3c, 0xff, 0xc5, 0x70, 0x25, 0xff, 0xef, 0xb7, 0x4d, 0xff, 
0xf0, 0xbc, 0x54, 0xff, 0xbc, 0x67, 0x24, 0xff, 0xc3, 0x69, 0x22, 0xff, 0xe9, 0xa9, 0x4a, 0xff, 
0xd7, 0x87, 0x31, 0xff, 0xdc, 0x91, 0x36, 0xff, 0xe2, 0x9e, 0x3e, 0xff, 0xde, 0x93, 0x38, 0xff, 
0xca, 0x74, 0x29, 0xff, 0xbc, 0x5c, 0x1d, 0xff, 0xc4, 0x62, 0x1f, 0xff, 0xd2, 0x77, 0x27, 0xff, 
0xcc, 0x70, 0x24, 0xff, 0xc6, 0x6a, 0x23, 0xff, 0xbf, 0x64, 0x21, 0xff, 0xb8, 0x5d, 0x1e, 0xff, 
0xb7, 0x56, 0x1a, 0xff, 0xc7, 0x72, 0x28, 0xff, 0xdd, 0x94, 0x39, 0xff, 0xcc, 0x78, 0x2b, 0xff, 
0xdf, 0x97, 0x3c, 0xff, 0xe2, 0xa3, 0x43, 0xff, 0xd6, 0x92, 0x39, 0xff, 0xe2, 0x9d, 0x3d, 0xff, 
0xd1, 0x7b, 0x2b, 0xff, 0xd3, 0x7e, 0x2d, 0xff, 0xda, 0x8b, 0x33, 0xff, 0xe1, 0x9f, 0x3f, 0xff, 
0xec, 0xb5, 0x4a, 0xff, 0xf7, 0xc8, 0x5d, 0xff, 0xf9, 0xcb, 0x5f, 0xff, 0xf2, 0xbf, 0x52, 0xff, 
0xf9, 0xcd, 0x5f, 0xff, 0xfb, 0xd3, 0x6e, 0xff, 0xf4, 0xc5, 0x61, 0xff, 0xf2, 0xbd, 0x4f, 0xff, 
0xef, 0xb6, 0x4b, 0xff, 0xf2, 0xc2, 0x60, 0xff, 0xfe, 0xe6, 0xa1, 0xff, 0xfe, 0xe3, 0x95, 0xff, 
0xf6, 0xcb, 0x6b, 0xff, 0xf0, 0xbe, 0x5e, 0xff, 0xe5, 0xa3, 0x3b, 0xff, 0xe7, 0xa7, 0x43, 0xff, 
0xec, 0xb7, 0x59, 0xff, 0xed, 0xb7, 0x54, 0xff, 0xf4, 0xc6, 0x5e, 0xff, 0xf1, 0xc4, 0x6d, 0xff, 
0xf6, 0xce, 0x79, 0xff, 0xef, 0xbc, 0x5a, 0xff, 0xdd, 0x94, 0x35, 0xff, 0xdc, 0x90, 0x37, 0xff, 
0xdd, 0x93, 0x38, 0xff, 0xe5, 0xa4, 0x42, 0xff, 0xf1, 0xba, 0x4f, 0xff, 0xec, 0xb2, 0x44, 0xff, 
0xf3, 0xbf, 0x52, 0xff, 0xff, 0xec, 0x9b, 0xff, 0xff, 0xeb, 0xa3, 0xff, 0xf1, 0xbe, 0x56, 0xff, 
0xf3, 0xc0, 0x54, 0xff, 0xfe, 0xe5, 0x95, 0xff, 0xf8, 0xd3, 0x80, 0xff, 0xee, 0xc3, 0x77, 0xff, 
0xf6, 0xd5, 0x8a, 0xff, 0xf7, 0xd1, 0x7e, 0xff, 0xff, 0xe6, 0x9d, 0xff, 0xf3, 0xc2, 0x5a, 0xff, 
0xfb, 0xdb, 0x87, 0xff, 0xff, 0xe7, 0x9c, 0xff, 0xfe, 0xe9, 0xaf, 0xff, 0xff, 0xf3, 0xc7, 0xff, 
0xf9, 0xda, 0x8f, 0xff, 0xf2, 0xc2, 0x63, 0xff, 0xef, 0xba, 0x55, 0xff, 0xee, 0xb7, 0x4f, 0xff, 
0xe6, 0xa6, 0x45, 0xff, 0xf1, 0xbd, 0x52, 0xff, 0xef, 0xb9, 0x4f, 0xff, 0xe0, 0x9b, 0x3d, 0xff, 
0xe5, 0xa3, 0x41, 0xff, 0xdc, 0x94, 0x3a, 0xff, 0xb8, 0x5b, 0x1c, 0xff, 0xd3, 0x87, 0x34, 0xff, 
0xdf, 0x97, 0x3b, 0xff, 0xc9, 0x75, 0x29, 0xff, 0xbd, 0x60, 0x20, 0xff, 0xcc, 0x73, 0x27, 0xff, 
0xcf, 0x78, 0x2a, 0xff, 0xd3, 0x81, 0x2f, 0xff, 0xdf, 0x99, 0x3c, 0xff, 0xe1, 0x9b, 0x3d, 0xff, 
0xe1, 0x9b, 0x3d, 0xff, 0xe3, 0x9e, 0x3e, 0xff, 0xd7, 0x87, 0x32, 0xff, 0xc0, 0x61, 0x1f, 0xff, 
0xce, 0x75, 0x28, 0xff, 0xd5, 0x81, 0x2d, 0xff, 0xe0, 0x93, 0x37, 0xff, 0xd8, 0x86, 0x30, 0xff, 
0xa2, 0x4b, 0x18, 0xff, 0xbb, 0x63, 0x22, 0xff, 0xcd, 0x72, 0x27, 0xff, 0xbc, 0x5f, 0x1f, 0xff, 
0xb7, 0x5a, 0x1d, 0xff, 0xba, 0x5e, 0x1f, 0xff, 0xb6, 0x5a, 0x1d, 0xff, 0xc1, 0x63, 0x20, 0xff, 
0xd2, 0x78, 0x29, 0xff, 0xc6, 0x6f, 0x26, 0xff, 0xb1, 0x55, 0x1b, 0xff, 0xc7, 0x6d, 0x24, 0xff, 
0xc4, 0x6b, 0x24, 0xff, 0xc0, 0x61, 0x1f, 0xff, 0xc4, 0x67, 0x22, 0xff, 0xda, 0x8c, 0x34, 0xff, 
0xda, 0x8b, 0x33, 0xff, 0xc9, 0x6a, 0x22, 0xff, 0xc1, 0x65, 0x20, 0xff, 0xb3, 0x5b, 0x1d, 0xff, 
0xc9, 0x70, 0x26, 0xff, 0xc4, 0x68, 0x23, 0xff, 0xa5, 0x4e, 0x19, 0xff, 0x95, 0x45, 0x16, 0xff, 
0x97, 0x44, 0x16, 0xff, 0xa9, 0x50, 0x1a, 0xff, 0xc5, 0x6a, 0x24, 0xff, 0xe0, 0x9b, 0x3d, 0xff, 
0xd0, 0x80, 0x2f, 0xff, 0xc4, 0x64, 0x20, 0xff, 0xc3, 0x65, 0x21, 0xff, 0xcd, 0x7b, 0x2d, 0xff, 
0xe0, 0x96, 0x39, 0xff, 0xd2, 0x7c, 0x2c, 0xff, 0xd2, 0x7a, 0x2a, 0xff, 0xd0, 0x76, 0x28, 0xff, 
0xcf, 0x75, 0x27, 0xff, 0xd4, 0x7f, 0x2d, 0xff, 0xda, 0x89, 0x31, 0xff, 0xdf, 0x93, 0x37, 0xff, 
0xd0, 0x78, 0x2a, 0xff, 0xbb, 0x5a, 0x1c, 0xff, 0xc2, 0x65, 0x21, 0xff, 0xc9, 0x6d, 0x24, 0xff, 
0xce, 0x76, 0x29, 0xff, 0xd2, 0x7d, 0x2c, 0xff, 0xce, 0x75, 0x28, 0xff, 0xce, 0x73, 0x27, 0xff, 
0xd0, 0x77, 0x29, 0xff, 0xd3, 0x7c, 0x2c, 0xff, 0xdd, 0x91, 0x37, 0xff, 0xdc, 0x91, 0x36, 0xff, 
0xda, 0x8d, 0x36, 0xff, 0xdf, 0x98, 0x3a, 0xff, 0xe1, 0x9a, 0x3b, 0xff, 0xd8, 0x88, 0x31, 0xff, 
0xd4, 0x7d, 0x2d, 0xff, 0xd7, 0x85, 0x30, 0xff, 0xdf, 0x98, 0x3a, 0xff, 0xd9, 0x88, 0x32, 0xff, 
0xd4, 0x7d, 0x2c, 0xff, 0xdb, 0x8e, 0x34, 0xff, 0xdb, 0x8c, 0x34, 0xff, 0xd0, 0x75, 0x28, 0xff, 
0xd9, 0x89, 0x32, 0xff, 0xe6, 0xa9, 0x46, 0xff, 0xdc, 0x90, 0x35, 0xff, 0xcb, 0x70, 0x25, 0xff, 
0xca, 0x71, 0x26, 0xff, 0xd8, 0x86, 0x31, 0xff, 0xc4, 0x6a, 0x24, 0xff, 0xb9, 0x5b, 0x1c, 0xff, 
0xd1, 0x7a, 0x2a, 0xff, 0xdd, 0x92, 0x38, 0xff, 0xee, 0xb8, 0x4e, 0xff, 0xef, 0xb7, 0x4d, 0xff, 
0xf2, 0xbd, 0x51, 0xff, 0xf8, 0xc9, 0x58, 0xff, 0xed, 0xb4, 0x4c, 0xff, 0xf0, 0xbc, 0x50, 0xff, 
0xe8, 0xaa, 0x45, 0xff, 0xdc, 0x8c, 0x33, 0xff, 0xcf, 0x75, 0x27, 0xff, 0xd0, 0x75, 0x27, 0xff, 
0xd1, 0x7a, 0x29, 0xff, 0xe8, 0xaa, 0x47, 0xff, 0xf8, 0xca, 0x5a, 0xff, 0xf8, 0xc6, 0x54, 0xff, 
0xf3, 0xbf, 0x51, 0xff, 0xea, 0xae, 0x49, 0xff, 0xd3, 0x82, 0x2f, 0xff, 0xc7, 0x6a, 0x22, 0xff, 
0xc6, 0x6d, 0x25, 0xff, 0xca, 0x70, 0x26, 0xff, 0xba, 0x5c, 0x1d, 0xff, 0xb0, 0x4d, 0x16, 0xff, 
0xd0, 0x79, 0x2a, 0xff, 0xe2, 0x96, 0x39, 0xff, 0xbc, 0x65, 0x23, 0xff, 0xab, 0x4e, 0x18, 0xff, 
0xd4, 0x85, 0x31, 0xff, 0xce, 0x7d, 0x2e, 0xff, 0xb1, 0x4f, 0x18, 0xff, 0xc4, 0x68, 0x22, 0xff, 
0xbe, 0x60, 0x1e, 0xff, 0xdc, 0x90, 0x36, 0xff, 0xe6, 0xa0, 0x3f, 0xff, 0xca, 0x6f, 0x25, 0xff, 
0xd9, 0x8e, 0x36, 0xff, 0xf0, 0xb7, 0x4c, 0xff, 0xcd, 0x75, 0x29, 0xff, 0xa2, 0x40, 0x11, 0xff, 
0xa2, 0x46, 0x16, 0xff, 0xc1, 0x5f, 0x1d, 0xff, 0xe0, 0x95, 0x39, 0xff, 0xed, 0xb3, 0x4a, 0xff, 
0xce, 0x7a, 0x2b, 0xff, 0xc0, 0x65, 0x22, 0xff, 0xca, 0x73, 0x28, 0xff, 0xc5, 0x69, 0x23, 0xff, 
0xbc, 0x59, 0x1b, 0xff, 0xbc, 0x59, 0x1a, 0xff, 0xd6, 0x86, 0x32, 0xff, 0xdb, 0x94, 0x3a, 0xff, 
0xd8, 0x8b, 0x35, 0xff, 0xdf, 0x96, 0x39, 0xff, 0xe0, 0x9b, 0x3d, 0xff, 0xee, 0xb5, 0x4c, 0xff, 
0xf6, 0xc6, 0x59, 0xff, 0xe7, 0xa8, 0x45, 0xff, 0xd5, 0x80, 0x29, 0xff, 0xe0, 0x96, 0x3a, 0xff, 
0xc2, 0x65, 0x1f, 0xff, 0xbb, 0x56, 0x14, 0xff, 0xf7, 0xc5, 0x58, 0xff, 0xf9, 0xcb, 0x5c, 0xff, 
0xdf, 0x96, 0x39, 0xff, 0xda, 0x8b, 0x34, 0xff, 0xdc, 0x8f, 0x36, 0xff, 0xd8, 0x88, 0x32, 0xff, 
0xc6, 0x64, 0x1c, 0xff, 0xd0, 0x78, 0x28, 0xff, 0xd5, 0x83, 0x2d, 0xff, 0xe3, 0xa0, 0x40, 0xff, 
0xde, 0x94, 0x39, 0xff, 0xd2, 0x7a, 0x2a, 0xff, 0xda, 0x8c, 0x33, 0xff, 0xdd, 0x94, 0x39, 0xff, 
0xf4, 0xc1, 0x53, 0xff, 0xfe, 0xdd, 0x7b, 0xff, 0xf8, 0xd0, 0x76, 0xff, 0xe6, 0xa7, 0x44, 0xff, 
0xd3, 0x8a, 0x31, 0xff, 0x9f, 0x3f, 0x11, 0xff, 0x98, 0x3e, 0x10, 0xff, 0xb3, 0x62, 0x23, 0xff, 
0xc4, 0x65, 0x1f, 0xff, 0xce, 0x73, 0x26, 0xff, 0xd5, 0x7f, 0x2c, 0xff, 0xd2, 0x7d, 0x2a, 0xff, 
0xc6, 0x6b, 0x24, 0xff, 0xd7, 0x83, 0x2d, 0xff, 0xcd, 0x74, 0x26, 0xff, 0xe0, 0x9a, 0x3d, 0xff, 
0xed, 0xb2, 0x4b, 0xff, 0xe1, 0x99, 0x3b, 0xff, 0xd5, 0x7e, 0x2c, 0xff, 0xcb, 0x70, 0x25, 0xff, 
0xc6, 0x6b, 0x22, 0xff, 0xcd, 0x74, 0x27, 0xff, 0xcf, 0x76, 0x27, 0xff, 0xc2, 0x67, 0x22, 0xff, 
0xb8, 0x5a, 0x1d, 0xff, 0xb9, 0x59, 0x1d, 0xff, 0xcf, 0x82, 0x31, 0xff, 0xaf, 0x55, 0x1b, 0xff, 
0xc6, 0x7a, 0x2f, 0xff, 0xaf, 0x54, 0x1c, 0xff, 0xba, 0x5a, 0x1c, 0xff, 0xd7, 0x89, 0x33, 0xff, 
0xc6, 0x6e, 0x25, 0xff, 0xcc, 0x71, 0x26, 0xff, 0xd3, 0x7e, 0x2b, 0xff, 0xe0, 0x99, 0x3c, 0xff, 
0xef, 0xba, 0x4e, 0xff, 0xfb, 0xd1, 0x64, 0xff, 0xf6, 0xc8, 0x5c, 0xff, 0xf0, 0xbb, 0x4e, 0xff, 
0xee, 0xb6, 0x4d, 0xff, 0xef, 0xb8, 0x4f, 0xff, 0xfa, 0xd2, 0x69, 0xff, 0xf5, 0xc5, 0x59, 0xff, 
0xf6, 0xc5, 0x5c, 0xff, 0xf7, 0xcc, 0x6b, 0xff, 0xfd, 0xe1, 0x92, 0xff, 0xfb, 0xda, 0x82, 0xff, 
0xf2, 0xbe, 0x58, 0xff, 0xfa, 0xd5, 0x7a, 0xff, 0xff, 0xea, 0x99, 0xff, 0xfe, 0xe2, 0x89, 0xff, 
0xe9, 0xb0, 0x52, 0xff, 0xef, 0xc0, 0x6b, 0xff, 0xff, 0xe9, 0x9a, 0xff, 0xec, 0xb4, 0x4e, 0xff, 
0xee, 0xba, 0x56, 0xff, 0xf8, 0xd0, 0x6d, 0xff, 0xf0, 0xbb, 0x4f, 0xff, 0xe0, 0x9b, 0x3d, 0xff, 
0xce, 0x75, 0x27, 0xff, 0xd2, 0x7d, 0x2a, 0xff, 0xde, 0x97, 0x3a, 0xff, 0xf1, 0xbb, 0x4e, 0xff, 
0xf8, 0xcd, 0x63, 0xff, 0xfa, 0xd7, 0x7c, 0xff, 0xfd, 0xe1, 0x90, 0xff, 0xf5, 0xc9, 0x66, 0xff, 
0xf4, 0xc4, 0x5c, 0xff, 0xff, 0xe7, 0x9f, 0xff, 0xfa, 0xdd, 0x9a, 0xff, 0xef, 0xc1, 0x70, 0xff, 
0xfb, 0xe3, 0xa8, 0xff, 0xff, 0xf3, 0xbd, 0xff, 0xfc, 0xe3, 0xa3, 0xff, 0xfb, 0xe3, 0xa4, 0xff, 
0xfb, 0xe9, 0xb8, 0xff, 0xff, 0xef, 0xbe, 0xff, 0xfe, 0xe2, 0x98, 0xff, 0xf6, 0xce, 0x76, 0xff, 
0xf4, 0xc3, 0x5a, 0xff, 0xf6, 0xcb, 0x6d, 0xff, 0xf1, 0xc2, 0x62, 0xff, 0xf0, 0xbd, 0x51, 0xff, 
0xea, 0xaf, 0x49, 0xff, 0xde, 0x94, 0x3a, 0xff, 0xdb, 0x90, 0x37, 0xff, 0xe3, 0xa2, 0x40, 0xff, 
0xe0, 0x9a, 0x3d, 0xff, 0xd3, 0x83, 0x30, 0xff, 0xcd, 0x76, 0x28, 0xff, 0xc1, 0x68, 0x22, 0xff, 
0xce, 0x77, 0x29, 0xff, 0xc4, 0x71, 0x27, 0xff, 0xb1, 0x56, 0x1c, 0xff, 0xbf, 0x64, 0x21, 0xff, 
0xc9, 0x72, 0x28, 0xff, 0xd7, 0x88, 0x33, 0xff, 0xdd, 0x94, 0x38, 0xff, 0xd5, 0x84, 0x30, 0xff, 
0xda, 0x8e, 0x36, 0xff, 0xe8, 0xa8, 0x44, 0xff, 0xce, 0x7b, 0x2c, 0xff, 0xb9, 0x57, 0x19, 0xff, 
0xc2, 0x64, 0x21, 0xff, 0xcb, 0x75, 0x27, 0xff, 0xc7, 0x6f, 0x26, 0xff, 0xc3, 0x66, 0x22, 0xff, 
0xa0, 0x4e, 0x19, 0xff, 0x81, 0x35, 0x11, 0xff, 0xb8, 0x5a, 0x1c, 0xff, 0xd5, 0x7c, 0x2a, 0xff, 
0xcb, 0x70, 0x25, 0xff, 0xbe, 0x61, 0x20, 0xff, 0xb6, 0x5c, 0x1f, 0xff, 0xc0, 0x66, 0x22, 0xff, 
0xca, 0x6d, 0x24, 0xff, 0xa2, 0x4d, 0x19, 0xff, 0xa2, 0x4e, 0x19, 0xff, 0xba, 0x5a, 0x1d, 0xff, 
0xab, 0x4e, 0x18, 0xff, 0xb2, 0x56, 0x1b, 0xff, 0xb7, 0x58, 0x1c, 0xff, 0xc8, 0x6d, 0x24, 0xff, 
0xd1, 0x7a, 0x2a, 0xff, 0xc0, 0x61, 0x20, 0xff, 0xa1, 0x48, 0x17, 0xff, 0x90, 0x3f, 0x14, 0xff, 
0xa4, 0x49, 0x17, 0xff, 0xa2, 0x4a, 0x18, 0xff, 0xb9, 0x60, 0x21, 0xff, 0xb6, 0x5b, 0x1e, 0xff, 
0xb8, 0x5c, 0x1d, 0xff, 0xae, 0x4e, 0x17, 0xff, 0xb0, 0x5a, 0x1f, 0xff, 0xdf, 0x93, 0x38, 0xff, 
0xc3, 0x6b, 0x24, 0xff, 0xb1, 0x53, 0x1a, 0xff, 0xb8, 0x59, 0x1c, 0xff, 0xcb, 0x72, 0x27, 0xff, 
0xe2, 0x9b, 0x3c, 0xff, 0xd2, 0x7e, 0x2c, 0xff, 0xd5, 0x81, 0x2e, 0xff, 0xd2, 0x7e, 0x2d, 0xff, 
0xd0, 0x79, 0x2a, 0xff, 0xd4, 0x80, 0x2d, 0xff, 0xc9, 0x72, 0x27, 0xff, 0xcc, 0x7a, 0x2c, 0xff, 
0xcf, 0x79, 0x2b, 0xff, 0xbb, 0x63, 0x22, 0xff, 0xb5, 0x5a, 0x1e, 0xff, 0xc7, 0x6e, 0x25, 0xff, 
0xcc, 0x75, 0x29, 0xff, 0xc7, 0x68, 0x22, 0xff, 0xce, 0x74, 0x27, 0xff, 0xd5, 0x80, 0x2e, 0xff, 
0xd1, 0x79, 0x2a, 0xff, 0xdb, 0x8e, 0x35, 0xff, 0xdf, 0x97, 0x39, 0xff, 0xde, 0x96, 0x39, 0xff, 
0xd8, 0x88, 0x32, 0xff, 0xdd, 0x92, 0x37, 0xff, 0xe1, 0x9b, 0x3e, 0xff, 0xe0, 0x99, 0x3c, 0xff, 
0xda, 0x8c, 0x34, 0xff, 0xdc, 0x90, 0x36, 0xff, 0xde, 0x95, 0x38, 0xff, 0xd1, 0x7a, 0x2b, 0xff, 
0xd3, 0x7d, 0x2c, 0xff, 0xe0, 0x97, 0x39, 0xff, 0xdb, 0x8c, 0x35, 0xff, 0xd1, 0x76, 0x29, 0xff, 
0xd9, 0x89, 0x32, 0xff, 0xe4, 0xa4, 0x43, 0xff, 0xdf, 0x99, 0x3b, 0xff, 0xd1, 0x7b, 0x2b, 0xff, 
0xd3, 0x80, 0x2e, 0xff, 0xd5, 0x82, 0x2e, 0xff, 0xc6, 0x68, 0x21, 0xff, 0xc4, 0x66, 0x21, 0xff, 
0xd7, 0x86, 0x31, 0xff, 0xe0, 0x99, 0x3b, 0xff, 0xed, 0xb7, 0x4f, 0xff, 0xf3, 0xc3, 0x57, 0xff, 
0xee, 0xb5, 0x4b, 0xff, 0xea, 0xae, 0x48, 0xff, 0xf0, 0xbc, 0x50, 0xff, 0xe4, 0xa2, 0x41, 0xff, 
0xd4, 0x81, 0x2f, 0xff, 0xcb, 0x72, 0x27, 0xff, 0xcb, 0x70, 0x26, 0xff, 0xd7, 0x83, 0x2e, 0xff, 
0xe1, 0x9b, 0x3e, 0xff, 0xfc, 0xd0, 0x5d, 0xff, 0xf7, 0xc6, 0x53, 0xff, 0xf1, 0xbc, 0x4e, 0xff, 
0xf0, 0xbc, 0x4f, 0xff, 0xee, 0xb8, 0x4e, 0xff, 0xe7, 0xa8, 0x44, 0xff, 0xd7, 0x85, 0x31, 0xff, 
0xae, 0x4c, 0x15, 0xff, 0xb3, 0x53, 0x19, 0xff, 0xbd, 0x60, 0x1f, 0xff, 0xb2, 0x53, 0x1a, 0xff, 
0xc9, 0x74, 0x29, 0xff, 0xc4, 0x67, 0x21, 0xff, 0xaa, 0x47, 0x13, 0xff, 0xab, 0x57, 0x1e, 0xff, 
0xc8, 0x79, 0x2d, 0xff, 0xb9, 0x5b, 0x1e, 0xff, 0xb9, 0x5c, 0x1e, 0xff, 0xc4, 0x68, 0x23, 0xff, 
0xcf, 0x75, 0x27, 0xff, 0xcc, 0x74, 0x28, 0xff, 0xd3, 0x7f, 0x2e, 0xff, 0xd0, 0x79, 0x2a, 0xff, 
0xda, 0x8e, 0x37, 0xff, 0xea, 0xab, 0x45, 0xff, 0xcf, 0x7b, 0x2b, 0xff, 0xa6, 0x48, 0x16, 0xff, 
0xb4, 0x57, 0x1d, 0xff, 0xc3, 0x67, 0x22, 0xff, 0xc2, 0x60, 0x1e, 0xff, 0xe0, 0x96, 0x3a, 0xff, 
0xea, 0xab, 0x45, 0xff, 0xd8, 0x87, 0x32, 0xff, 0xcf, 0x77, 0x29, 0xff, 0xc6, 0x68, 0x22, 0xff, 
0xca, 0x72, 0x26, 0xff, 0xd4, 0x7f, 0x2d, 0xff, 0xde, 0x95, 0x39, 0xff, 0xe1, 0x9f, 0x3f, 0xff, 
0xde, 0x97, 0x3b, 0xff, 0xd8, 0x87, 0x32, 0xff, 0xe6, 0xa5, 0x42, 0xff, 0xf2, 0xbe, 0x50, 0xff, 
0xf2, 0xbd, 0x4f, 0xff, 0xf7, 0xc8, 0x5a, 0xff, 0xf8, 0xcb, 0x63, 0xff, 0xf6, 0xc5, 0x57, 0xff, 
0xf6, 0xc7, 0x60, 0xff, 0xeb, 0xb6, 0x5b, 0xff, 0xed, 0xb5, 0x52, 0xff, 0xe3, 0x9f, 0x3e, 0xff, 
0xe5, 0xa4, 0x41, 0xff, 0xd9, 0x8a, 0x33, 0xff, 0xd1, 0x7a, 0x2a, 0xff, 0xd1, 0x78, 0x28, 0xff, 
0xe1, 0x9d, 0x49, 0xff, 0xf1, 0xbf, 0x60, 0xff, 0xf1, 0xbc, 0x54, 0xff, 0xeb, 0xaf, 0x49, 0xff, 
0xe5, 0xa4, 0x43, 0xff, 0xe1, 0x9a, 0x3d, 0xff, 0xd9, 0x8a, 0x33, 0xff, 0xea, 0xac, 0x45, 0xff, 
0xfa, 0xcd, 0x5a, 0xff, 0xfd, 0xdd, 0x79, 0xff, 0xf0, 0xc1, 0x68, 0xff, 0xd2, 0x81, 0x2a, 0xff, 
0xdc, 0x96, 0x3a, 0xff, 0xe2, 0xa1, 0x41, 0xff, 0xb9, 0x63, 0x22, 0xff, 0xa8, 0x4b, 0x16, 0xff, 
0xd3, 0x7f, 0x2d, 0xff, 0xd7, 0x81, 0x2d, 0xff, 0xd4, 0x7a, 0x29, 0xff, 0xc1, 0x62, 0x1f, 0xff, 
0xb7, 0x58, 0x1c, 0xff, 0xce, 0x71, 0x25, 0xff, 0xcc, 0x74, 0x27, 0xff, 0xe1, 0x9b, 0x3c, 0xff, 
0xd5, 0x84, 0x30, 0xff, 0xe0, 0x9a, 0x3c, 0xff, 0xe7, 0xa7, 0x43, 0xff, 0xcf, 0x76, 0x28, 0xff, 
0xcf, 0x79, 0x29, 0xff, 0xd3, 0x7d, 0x2b, 0xff, 0xca, 0x6f, 0x24, 0xff, 0xc1, 0x63, 0x20, 0xff, 
0xb4, 0x56, 0x1b, 0xff, 0xb6, 0x58, 0x1d, 0xff, 0xc1, 0x68, 0x23, 0xff, 0xcf, 0x83, 0x31, 0xff, 
0xb9, 0x6c, 0x28, 0xff, 0xba, 0x61, 0x21, 0xff, 0xc9, 0x69, 0x20, 0xff, 0xce, 0x79, 0x2b, 0xff, 
0xc9, 0x73, 0x27, 0xff, 0xd3, 0x81, 0x2e, 0xff, 0xe2, 0x9a, 0x3c, 0xff, 0xdd, 0x8f, 0x36, 0xff, 
0xe3, 0x9f, 0x41, 0xff, 0xf1, 0xbd, 0x51, 0xff, 0xe2, 0xa0, 0x3f, 0xff, 0xea, 0xaf, 0x49, 0xff, 
0xe6, 0xa5, 0x41, 0xff, 0xe0, 0x9b, 0x40, 0xff, 0xee, 0xb8, 0x52, 0xff, 0xf2, 0xc0, 0x55, 0xff, 
0xfb, 0xda, 0x85, 0xff, 0xf7, 0xd8, 0x94, 0xff, 0xf0, 0xbd, 0x57, 0xff, 0xf7, 0xcb, 0x62, 0xff, 
0xf9, 0xd5, 0x7a, 0xff, 0xfb, 0xde, 0x90, 0xff, 0xff, 0xf8, 0xbe, 0xff, 0xfb, 0xda, 0x87, 0xff, 
0xe5, 0xa4, 0x47, 0xff, 0xfb, 0xda, 0x84, 0xff, 0xf9, 0xd7, 0x82, 0xff, 0xe3, 0x9f, 0x3d, 0xff, 
0xde, 0x97, 0x39, 0xff, 0xe6, 0xa7, 0x46, 0xff, 0xf3, 0xc0, 0x53, 0xff, 0xe8, 0xa9, 0x44, 0xff, 
0xd2, 0x7c, 0x2b, 0xff, 0xcf, 0x78, 0x29, 0xff, 0xd0, 0x7a, 0x28, 0xff, 0xef, 0xba, 0x55, 0xff, 
0xf7, 0xca, 0x61, 0xff, 0xef, 0xba, 0x51, 0xff, 0xf1, 0xbe, 0x56, 0xff, 0xe0, 0x9b, 0x39, 0xff, 
0xe9, 0xad, 0x46, 0xff, 0xfe, 0xdf, 0x83, 0xff, 0xff, 0xe7, 0xa2, 0xff, 0xff, 0xee, 0xa9, 0xff, 
0xfe, 0xe3, 0x9a, 0xff, 0xf6, 0xce, 0x78, 0xff, 0xfa, 0xdb, 0x91, 0xff, 0xfa, 0xdb, 0x8f, 0xff, 
0xf9, 0xd5, 0x7f, 0xff, 0xfc, 0xd9, 0x83, 0xff, 0xf9, 0xcd, 0x66, 0xff, 0xf6, 0xc6, 0x59, 0xff, 
0xfc, 0xda, 0x7e, 0xff, 0xff, 0xe9, 0x9a, 0xff, 0xfb, 0xd7, 0x7a, 0xff, 0xf2, 0xbf, 0x52, 0xff, 
0xf1, 0xbf, 0x53, 0xff, 0xe3, 0x9e, 0x3e, 0xff, 0xc7, 0x6b, 0x22, 0xff, 0xc9, 0x72, 0x27, 0xff, 
0xd8, 0x8a, 0x33, 0xff, 0xda, 0x89, 0x32, 0xff, 0xd1, 0x7f, 0x2d, 0xff, 0xc2, 0x6d, 0x26, 0xff, 
0xb8, 0x60, 0x20, 0xff, 0xb3, 0x60, 0x21, 0xff, 0xa2, 0x4d, 0x19, 0xff, 0xb1, 0x56, 0x1c, 0xff, 
0xc3, 0x6b, 0x25, 0xff, 0xd8, 0x89, 0x33, 0xff, 0xe3, 0x9b, 0x3c, 0xff, 0xd8, 0x8a, 0x33, 0xff, 
0xd7, 0x89, 0x33, 0xff, 0xde, 0x93, 0x38, 0xff, 0xc1, 0x64, 0x21, 0xff, 0xb6, 0x54, 0x19, 0xff, 
0xc7, 0x72, 0x29, 0xff, 0xcc, 0x7a, 0x2c, 0xff, 0xc2, 0x69, 0x23, 0xff, 0xb1, 0x57, 0x1d, 0xff, 
0xb1, 0x55, 0x1b, 0xff, 0x99, 0x45, 0x16, 0xff, 0xbf, 0x66, 0x22, 0xff, 0xca, 0x70, 0x26, 0xff, 
0xc4, 0x68, 0x22, 0xff, 0xc7, 0x6b, 0x23, 0xff, 0xc2, 0x66, 0x22, 0xff, 0xcd, 0x73, 0x27, 0xff, 
0xb7, 0x5c, 0x1e, 0xff, 0xa7, 0x4f, 0x1a, 0xff, 0xa9, 0x53, 0x1a, 0xff, 0xba, 0x5e, 0x1f, 0xff, 
0xc7, 0x6c, 0x24, 0xff, 0xbd, 0x60, 0x1f, 0xff, 0xbc, 0x5e, 0x1e, 0xff, 0xb8, 0x5b, 0x1d, 0xff, 
0xb8, 0x5b, 0x1d, 0xff, 0xa7, 0x4c, 0x18, 0xff, 0xa1, 0x49, 0x17, 0xff, 0xa7, 0x50, 0x1b, 0xff, 
0xa7, 0x58, 0x1f, 0xff, 0x97, 0x46, 0x17, 0xff, 0xbc, 0x60, 0x20, 0xff, 0xc7, 0x68, 0x22, 0xff, 
0xbf, 0x63, 0x20, 0xff, 0xcd, 0x74, 0x28, 0xff, 0xc2, 0x68, 0x23, 0xff, 0xcd, 0x79, 0x2a, 0xff, 
0xd1, 0x80, 0x2e, 0xff, 0xbf, 0x65, 0x22, 0xff, 0xb9, 0x59, 0x1b, 0xff, 0xd1, 0x7c, 0x2c, 0xff, 
0xdd, 0x94, 0x38, 0xff, 0xd4, 0x81, 0x2d, 0xff, 0xcf, 0x75, 0x27, 0xff, 0xda, 0x8c, 0x34, 0xff, 
0xd8, 0x86, 0x31, 0xff, 0xd0, 0x76, 0x28, 0xff, 0xbf, 0x63, 0x20, 0xff, 0xc1, 0x64, 0x21, 0xff, 
0xc1, 0x63, 0x20, 0xff, 0xad, 0x55, 0x1c, 0xff, 0xaa, 0x4f, 0x19, 0xff, 0xbd, 0x61, 0x20, 0xff, 
0xc8, 0x6f, 0x26, 0xff, 0xd3, 0x7d, 0x2c, 0xff, 0xd1, 0x7a, 0x2a, 0xff, 0xd3, 0x7c, 0x2b, 0xff, 
0xd2, 0x7c, 0x2b, 0xff, 0xd4, 0x80, 0x2d, 0xff, 0xd7, 0x85, 0x30, 0xff, 0xd6, 0x85, 0x30, 0xff, 
0xd2, 0x7c, 0x2b, 0xff, 0xde, 0x95, 0x39, 0xff, 0xe6, 0xa6, 0x44, 0xff, 0xe2, 0x9f, 0x3f, 0xff, 
0xe2, 0x9e, 0x3e, 0xff, 0xdf, 0x97, 0x3b, 0xff, 0xd8, 0x87, 0x31, 0xff, 0xd4, 0x7e, 0x2d, 0xff, 
0xcf, 0x75, 0x28, 0xff, 0xd9, 0x8a, 0x33, 0xff, 0xd4, 0x80, 0x2d, 0xff, 0xd4, 0x7f, 0x2d, 0xff, 
0xdf, 0x96, 0x3a, 0xff, 0xe4, 0xa2, 0x41, 0xff, 0xdf, 0x97, 0x3b, 0xff, 0xd2, 0x7a, 0x2a, 0xff, 
0xda, 0x8e, 0x34, 0xff, 0xd9, 0x8c, 0x34, 0xff, 0xd3, 0x7b, 0x2b, 0xff, 0xd3, 0x7c, 0x2b, 0xff, 
0xdd, 0x92, 0x38, 0xff, 0xe0, 0x99, 0x3b, 0xff, 0xe9, 0xae, 0x49, 0xff, 0xeb, 0xb1, 0x4a, 0xff, 
0xe9, 0xaa, 0x44, 0xff, 0xf4, 0xc3, 0x53, 0xff, 0xe9, 0xad, 0x47, 0xff, 0xbf, 0x5b, 0x1a, 0xff, 
0xd2, 0x7d, 0x2b, 0xff, 0xd4, 0x80, 0x2e, 0xff, 0xd5, 0x82, 0x2f, 0xff, 0xe8, 0xa8, 0x3f, 0xff, 
0xed, 0xb4, 0x4a, 0xff, 0xf6, 0xc8, 0x58, 0xff, 0xea, 0xb1, 0x49, 0xff, 0xea, 0xb0, 0x49, 0xff, 
0xed, 0xb6, 0x4d, 0xff, 0xf0, 0xbd, 0x50, 0xff, 0xef, 0xb9, 0x4e, 0xff, 0xdb, 0x8d, 0x34, 0xff, 
0xd0, 0x79, 0x29, 0xff, 0xc9, 0x74, 0x29, 0xff, 0xc2, 0x64, 0x21, 0xff, 0xbd, 0x5e, 0x1d, 0xff, 
0xa2, 0x3d, 0x0f, 0xff, 0xaf, 0x53, 0x1a, 0xff, 0xc6, 0x74, 0x2a, 0xff, 0xe2, 0x98, 0x3a, 0xff, 
0xc7, 0x73, 0x29, 0xff, 0xbc, 0x5d, 0x1e, 0xff, 0xc8, 0x6d, 0x24, 0xff, 0xc0, 0x61, 0x1f, 0xff, 
0xca, 0x6e, 0x25, 0xff, 0xc5, 0x69, 0x22, 0xff, 0xc2, 0x64, 0x20, 0xff, 0xd8, 0x88, 0x33, 0xff, 
0xee, 0xb5, 0x4c, 0xff, 0xed, 0xb5, 0x4b, 0xff, 0xe3, 0x9f, 0x40, 0xff, 0xcf, 0x7c, 0x2d, 0xff, 
0xba, 0x5b, 0x1c, 0xff, 0xc2, 0x68, 0x22, 0xff, 0xd4, 0x83, 0x2f, 0xff, 0xd4, 0x7e, 0x2b, 0xff, 
0xd7, 0x87, 0x32, 0xff, 0xe3, 0xa2, 0x42, 0xff, 0xd2, 0x7c, 0x2c, 0xff, 0xd7, 0x87, 0x32, 0xff, 
0xed, 0xb3, 0x4a, 0xff, 0xe9, 0xab, 0x46, 0xff, 0xe6, 0xa5, 0x42, 0xff, 0xdd, 0x94, 0x38, 0xff, 
0xda, 0x8c, 0x34, 0xff, 0xe5, 0xa2, 0x43, 0xff, 0xf4, 0xc2, 0x56, 0xff, 0xf5, 0xc3, 0x54, 0xff, 
0xec, 0xb1, 0x47, 0xff, 0xe9, 0xab, 0x4a, 0xff, 0xfc, 0xd5, 0x71, 0xff, 0xfc, 0xd1, 0x63, 0xff, 
0xfe, 0xd8, 0x6d, 0xff, 0xff, 0xe9, 0x7c, 0xff, 0xef, 0xb8, 0x52, 0xff, 0xda, 0x8e, 0x35, 0xff, 
0xdc, 0x91, 0x37, 0xff, 0xe3, 0x9f, 0x3f, 0xff, 0xea, 0xad, 0x46, 0xff, 0xe3, 0x9e, 0x3f, 0xff, 
0xea, 0xaf, 0x50, 0xff, 0xe8, 0xac, 0x51, 0xff, 0xf4, 0xc4, 0x61, 0xff, 0xf4, 0xc1, 0x56, 0xff, 
0xf0, 0xb9, 0x4e, 0xff, 0xe9, 0xac, 0x47, 0xff, 0xe4, 0xa2, 0x40, 0xff, 0xe2, 0x9d, 0x3d, 0xff, 
0xf1, 0xba, 0x4c, 0xff, 0xfe, 0xd9, 0x74, 0xff, 0xff, 0xdf, 0x7b, 0xff, 0xe3, 0xa0, 0x40, 0xff, 
0xeb, 0xac, 0x45, 0xff, 0xf7, 0xba, 0x4d, 0xff, 0xd3, 0x7b, 0x2b, 0xff, 0xcd, 0x70, 0x25, 0xff, 
0xd8, 0x86, 0x30, 0xff, 0xc8, 0x6f, 0x26, 0xff, 0xba, 0x5f, 0x1f, 0xff, 0xab, 0x52, 0x1b, 0xff, 
0x92, 0x3e, 0x14, 0xff, 0xb9, 0x58, 0x1b, 0xff, 0xd6, 0x7e, 0x2b, 0xff, 0xe2, 0x9c, 0x3d, 0xff, 
0xdd, 0x93, 0x38, 0xff, 0xdc, 0x91, 0x37, 0xff, 0xe0, 0x9a, 0x3b, 0xff, 0xd6, 0x83, 0x2f, 0xff, 
0xd5, 0x82, 0x2f, 0xff, 0xd0, 0x79, 0x29, 0xff, 0xcc, 0x72, 0x26, 0xff, 0xc6, 0x68, 0x21, 0xff, 
0xca, 0x71, 0x26, 0xff, 0xbc, 0x61, 0x1f, 0xff, 0xab, 0x4d, 0x17, 0xff, 0xe0, 0x9b, 0x3d, 0xff, 
0xf7, 0xc0, 0x50, 0xff, 0xd6, 0x85, 0x32, 0xff, 0xb3, 0x4c, 0x14, 0xff, 0xe0, 0x9a, 0x3d, 0xff, 
0xe1, 0x97, 0x38, 0xff, 0xd2, 0x7b, 0x29, 0xff, 0xd9, 0x88, 0x32, 0xff, 0xd0, 0x76, 0x28, 0xff, 
0xdf, 0x97, 0x3a, 0xff, 0xf5, 0xc5, 0x54, 0xff, 0xdf, 0x96, 0x3a, 0xff, 0xd6, 0x82, 0x2e, 0xff, 
0xe1, 0x9a, 0x3c, 0xff, 0xe9, 0xaa, 0x44, 0xff, 0xe6, 0xa2, 0x37, 0xff, 0xf3, 0xc8, 0x6e, 0xff, 
0xfe, 0xf0, 0xbd, 0xff, 0xff, 0xfd, 0xdd, 0xff, 0xf9, 0xdf, 0xa5, 0xff, 0xf2, 0xc0, 0x5a, 0xff, 
0xf9, 0xd1, 0x6e, 0xff, 0xf3, 0xc5, 0x62, 0xff, 0xf0, 0xbf, 0x68, 0xff, 0xf2, 0xc3, 0x6f, 0xff, 
0xf7, 0xd5, 0x83, 0xff, 0xf4, 0xc7, 0x66, 0xff, 0xe7, 0xa8, 0x40, 0xff, 0xdb, 0x8f, 0x34, 0xff, 
0xd5, 0x81, 0x2c, 0xff, 0xdc, 0x92, 0x35, 0xff, 0xdc, 0x91, 0x36, 0xff, 0xbc, 0x62, 0x21, 0xff, 
0xb1, 0x50, 0x18, 0xff, 0xd8, 0x8a, 0x33, 0xff, 0xda, 0x8c, 0x33, 0xff, 0xdb, 0x91, 0x38, 0xff, 
0xed, 0xb5, 0x4d, 0xff, 0xec, 0xb3, 0x4a, 0xff, 0xe7, 0xa9, 0x45, 0xff, 0xe5, 0xa4, 0x47, 0xff, 
0xec, 0xb3, 0x4b, 0xff, 0xf9, 0xcf, 0x64, 0xff, 0xfe, 0xe0, 0x8f, 0xff, 0xff, 0xe8, 0xa8, 0xff, 
0xf8, 0xd2, 0x7a, 0xff, 0xf4, 0xc9, 0x6a, 0xff, 0xfc, 0xe1, 0x96, 0xff, 0xfa, 0xdb, 0x8e, 0xff, 
0xfc, 0xdc, 0x8b, 0xff, 0xfa, 0xd1, 0x6d, 0xff, 0xf9, 0xd1, 0x6c, 0xff, 0xfd, 0xdc, 0x7b, 0xff, 
0xf5, 0xc7, 0x63, 0xff, 0xe6, 0xa7, 0x46, 0xff, 0xd8, 0x89, 0x30, 0xff, 0xe2, 0x9e, 0x40, 0xff, 
0xf4, 0xc5, 0x5b, 0xff, 0xe5, 0xa4, 0x41, 0xff, 0xce, 0x74, 0x27, 0xff, 0xce, 0x76, 0x29, 0xff, 
0xd7, 0x88, 0x31, 0xff, 0xc0, 0x69, 0x23, 0xff, 0xc0, 0x68, 0x23, 0xff, 0xc5, 0x6f, 0x26, 0xff, 
0xb5, 0x5f, 0x20, 0xff, 0xba, 0x64, 0x22, 0xff, 0xbc, 0x66, 0x22, 0xff, 0xc0, 0x65, 0x21, 0xff, 
0xd8, 0x84, 0x2f, 0xff, 0xd5, 0x83, 0x2f, 0xff, 0xcc, 0x74, 0x28, 0xff, 0xda, 0x8c, 0x34, 0xff, 
0xdd, 0x93, 0x38, 0xff, 0xd9, 0x8a, 0x33, 0xff, 0xc8, 0x6f, 0x26, 0xff, 0xba, 0x5a, 0x1c, 0xff, 
0xd7, 0x86, 0x30, 0xff, 0xe8, 0xa4, 0x40, 0xff, 0xd5, 0x82, 0x2e, 0xff, 0xbd, 0x60, 0x1f, 0xff, 
0xb9, 0x5d, 0x1e, 0xff, 0xbb, 0x5e, 0x1e, 0xff, 0xc0, 0x63, 0x20, 0xff, 0xc7, 0x6e, 0x25, 0xff, 
0xce, 0x76, 0x29, 0xff, 0xcf, 0x78, 0x2a, 0xff, 0xc6, 0x6a, 0x23, 0xff, 0xc5, 0x68, 0x22, 0xff, 
0xbc, 0x5e, 0x1e, 0xff, 0xaa, 0x52, 0x1a, 0xff, 0xa0, 0x49, 0x18, 0xff, 0xaf, 0x54, 0x1b, 0xff, 
0xce, 0x72, 0x27, 0xff, 0xc9, 0x6c, 0x24, 0xff, 0xb7, 0x59, 0x1c, 0xff, 0xb4, 0x56, 0x1c, 0xff, 
0xad, 0x4f, 0x1a, 0xff, 0xa6, 0x54, 0x1d, 0xff, 0xb1, 0x5c, 0x1f, 0xff, 0xb4, 0x57, 0x1d, 0xff, 
0xb4, 0x62, 0x23, 0xff, 0xb0, 0x57, 0x1c, 0xff, 0xc8, 0x6a, 0x23, 0xff, 0xbf, 0x61, 0x1f, 0xff, 
0xc2, 0x69, 0x24, 0xff, 0xdf, 0x8f, 0x34, 0xff, 0xcc, 0x71, 0x26, 0xff, 0xd3, 0x7f, 0x2d, 0xff, 
0xe7, 0xa2, 0x3f, 0xff, 0xe2, 0x99, 0x3a, 0xff, 0xc7, 0x6c, 0x24, 0xff, 0xc4, 0x68, 0x22, 0xff, 
0xd4, 0x80, 0x2e, 0xff, 0xcf, 0x77, 0x28, 0xff, 0xdb, 0x90, 0x37, 0xff, 0xe4, 0xa2, 0x41, 0xff, 
0xe1, 0x99, 0x3c, 0xff, 0xd6, 0x82, 0x2e, 0xff, 0xd5, 0x7f, 0x2c, 0xff, 0xd8, 0x82, 0x2d, 0xff, 
0xcd, 0x72, 0x26, 0xff, 0xb9, 0x5a, 0x1c, 0xff, 0xba, 0x5c, 0x1d, 0xff, 0xbe, 0x5e, 0x1d, 0xff, 
0xc9, 0x70, 0x27, 0xff, 0xdc, 0x8e, 0x35, 0xff, 0xd3, 0x7c, 0x2b, 0xff, 0xd0, 0x79, 0x29, 0xff, 
0xdd, 0x93, 0x38, 0xff, 0xd8, 0x88, 0x32, 0xff, 0xda, 0x89, 0x32, 0xff, 0xd9, 0x89, 0x32, 0xff, 
0xd4, 0x7d, 0x2c, 0xff, 0xd6, 0x84, 0x30, 0xff, 0xe1, 0x9c, 0x3d, 0xff, 0xe1, 0x9c, 0x3d, 0xff, 
0xe3, 0xa0, 0x40, 0xff, 0xe7, 0xab, 0x47, 0xff, 0xe3, 0xa1, 0x42, 0xff, 0xdc, 0x8f, 0x35, 0xff, 
0xdc, 0x8f, 0x36, 0xff, 0xd4, 0x81, 0x2e, 0xff, 0xcb, 0x6e, 0x24, 0xff, 0xd3, 0x7e, 0x2d, 0xff, 
0xe0, 0x9a, 0x3c, 0xff, 0xdc, 0x93, 0x38, 0xff, 0xd4, 0x7f, 0x2d, 0xff, 0xd3, 0x7b, 0x2b, 0xff, 
0xd5, 0x81, 0x2e, 0xff, 0xe1, 0x9b, 0x3c, 0xff, 0xdf, 0x97, 0x3a, 0xff, 0xcc, 0x71, 0x25, 0xff, 
0xca, 0x6d, 0x22, 0xff, 0xdf, 0x98, 0x3b, 0xff, 0xf4, 0xc3, 0x52, 0xff, 0xfe, 0xd3, 0x5e, 0xff, 
0xf9, 0xcc, 0x5c, 0xff, 0xed, 0xb1, 0x48, 0xff, 0xd3, 0x7d, 0x2b, 0xff, 0xc8, 0x6a, 0x22, 0xff, 
0xdd, 0x93, 0x38, 0xff, 0xe5, 0xa1, 0x40, 0xff, 0xec, 0xb0, 0x49, 0xff, 0xfd, 0xd5, 0x69, 0xff, 
0xf1, 0xbf, 0x56, 0xff, 0xeb, 0xb0, 0x4a, 0xff, 0xe0, 0x99, 0x3b, 0xff, 0xde, 0x97, 0x3a, 0xff, 
0xe2, 0x9c, 0x3e, 0xff, 0xe8, 0xaa, 0x45, 0xff, 0xec, 0xb4, 0x4b, 0xff, 0xf3, 0xc0, 0x52, 0xff, 
0xfc, 0xce, 0x5a, 0xff, 0xfe, 0xd1, 0x5a, 0xff, 0xe4, 0xa4, 0x42, 0xff, 0xca, 0x78, 0x2b, 0xff, 
0xc5, 0x73, 0x2a, 0xff, 0xe5, 0xa6, 0x44, 0xff, 0xfc, 0xc5, 0x53, 0xff, 0xcd, 0x7a, 0x2c, 0xff, 
0x9d, 0x40, 0x12, 0xff, 0xbc, 0x5f, 0x1f, 0xff, 0xcb, 0x6e, 0x24, 0xff, 0xcf, 0x77, 0x2a, 0xff, 
0xd4, 0x81, 0x2f, 0xff, 0xca, 0x70, 0x26, 0xff, 0xd4, 0x7f, 0x2c, 0xff, 0xe1, 0x9c, 0x3d, 0xff, 
0xed, 0xb5, 0x4b, 0xff, 0xee, 0xb8, 0x4e, 0xff, 0xe6, 0xa3, 0x43, 0xff, 0xd6, 0x84, 0x30, 0xff, 
0xd4, 0x84, 0x30, 0xff, 0xd4, 0x81, 0x2e, 0xff, 0xe8, 0xa8, 0x45, 0xff, 0xe6, 0xa5, 0x44, 0xff, 
0xd3, 0x7d, 0x2b, 0xff, 0xde, 0x94, 0x39, 0xff, 0xda, 0x8c, 0x34, 0xff, 0xd6, 0x83, 0x30, 0xff, 
0xd1, 0x7d, 0x2d, 0xff, 0xdf, 0x97, 0x3a, 0xff, 0xe4, 0xa0, 0x40, 0xff, 0xe6, 0xa7, 0x44, 0xff, 
0xe3, 0xa1, 0x40, 0xff, 0xee, 0xb6, 0x4d, 0xff, 0xf2, 0xbe, 0x51, 0xff, 0xef, 0xb7, 0x4e, 0xff, 
0xd7, 0x87, 0x32, 0xff, 0xd8, 0x89, 0x30, 0xff, 0xf6, 0xc5, 0x56, 0xff, 0xfc, 0xd2, 0x63, 0xff, 
0xed, 0xb5, 0x4c, 0xff, 0xf3, 0xbe, 0x4e, 0xff, 0xf1, 0xbc, 0x52, 0xff, 0xe8, 0xa9, 0x46, 0xff, 
0xe4, 0xa2, 0x40, 0xff, 0xe3, 0xa0, 0x40, 0xff, 0xf3, 0xbf, 0x54, 0xff, 0xf9, 0xce, 0x60, 0xff, 
0xe2, 0x9b, 0x37, 0xff, 0xe3, 0x9c, 0x39, 0xff, 0xf4, 0xc1, 0x4f, 0xff, 0xed, 0xb3, 0x42, 0xff, 
0xd2, 0x7f, 0x2b, 0xff, 0xe0, 0x9b, 0x3d, 0xff, 0xec, 0xb3, 0x4a, 0xff, 0xe5, 0xa3, 0x3c, 0xff, 
0xf4, 0xc1, 0x56, 0xff, 0xfc, 0xdd, 0x87, 0xff, 0xfd, 0xd5, 0x67, 0xff, 0xe5, 0xa3, 0x3d, 0xff, 
0xc4, 0x70, 0x28, 0xff, 0xc3, 0x6e, 0x27, 0xff, 0xbb, 0x60, 0x20, 0xff, 0xb5, 0x5a, 0x1d, 0xff, 
0xc4, 0x63, 0x1f, 0xff, 0xab, 0x50, 0x1a, 0xff, 0x7d, 0x33, 0x10, 0xff, 0x80, 0x38, 0x12, 0xff, 
0xa4, 0x53, 0x1d, 0xff, 0xa6, 0x4b, 0x18, 0xff, 0xc3, 0x66, 0x21, 0xff, 0xe8, 0xa4, 0x41, 0xff, 
0xed, 0xb4, 0x4b, 0xff, 0xdf, 0x96, 0x3a, 0xff, 0xd9, 0x8a, 0x33, 0xff, 0xdb, 0x8f, 0x36, 0xff, 
0xd3, 0x7f, 0x2c, 0xff, 0xd2, 0x7d, 0x2c, 0xff, 0xd8, 0x87, 0x31, 0xff, 0xcf, 0x75, 0x27, 0xff, 
0xcf, 0x74, 0x26, 0xff, 0xc4, 0x68, 0x22, 0xff, 0xa8, 0x4b, 0x18, 0xff, 0xa8, 0x4c, 0x17, 0xff, 
0xce, 0x77, 0x29, 0xff, 0xc5, 0x68, 0x22, 0xff, 0xb1, 0x56, 0x1c, 0xff, 0xcb, 0x7e, 0x2f, 0xff, 
0xc0, 0x67, 0x22, 0xff, 0xc2, 0x65, 0x20, 0xff, 0xcf, 0x74, 0x26, 0xff, 0xd0, 0x77, 0x28, 0xff, 
0xee, 0xb7, 0x4b, 0xff, 0xf3, 0xc2, 0x54, 0xff, 0xe2, 0x9e, 0x3f, 0xff, 0xd0, 0x7a, 0x29, 0xff, 
0xd8, 0x88, 0x32, 0xff, 0xe3, 0x9f, 0x3e, 0xff, 0xe9, 0xac, 0x45, 0xff, 0xde, 0x97, 0x39, 0xff, 
0xeb, 0xb3, 0x52, 0xff, 0xf9, 0xcf, 0x63, 0xff, 0xfa, 0xd8, 0x85, 0xff, 0xf7, 0xd3, 0x81, 0xff, 
0xfe, 0xdd, 0x80, 0xff, 0xf8, 0xcf, 0x6b, 0xff, 0xe9, 0xab, 0x40, 0xff, 0xea, 0xaf, 0x48, 0xff, 
0xe9, 0xad, 0x48, 0xff, 0xe4, 0xa0, 0x3f, 0xff, 0xd9, 0x8b, 0x31, 0xff, 0xd8, 0x8a, 0x32, 0xff, 
0xd9, 0x8a, 0x32, 0xff, 0xdc, 0x8f, 0x36, 0xff, 0xcf, 0x7b, 0x2c, 0xff, 0xbb, 0x63, 0x21, 0xff, 
0xc9, 0x75, 0x29, 0xff, 0xcc, 0x77, 0x2a, 0xff, 0xd7, 0x89, 0x32, 0xff, 0xdb, 0x90, 0x35, 0xff, 
0xe8, 0xab, 0x47, 0xff, 0xe7, 0xa8, 0x44, 0xff, 0xe2, 0x9c, 0x3b, 0xff, 0xf7, 0xd1, 0x74, 0xff, 
0xff, 0xe8, 0x9f, 0xff, 0xfc, 0xdc, 0x89, 0xff, 0xfd, 0xdc, 0x84, 0xff, 0xfd, 0xe0, 0x93, 0xff, 
0xf5, 0xc8, 0x6a, 0xff, 0xf9, 0xd5, 0x7f, 0xff, 0xfd, 0xe8, 0xa7, 0xff, 0xfc, 0xdc, 0x86, 0xff, 
0xff, 0xe5, 0x99, 0xff, 0xff, 0xe4, 0x96, 0xff, 0xfe, 0xdb, 0x77, 0xff, 0xf6, 0xc9, 0x60, 0xff, 
0xdd, 0x93, 0x33, 0xff, 0xdb, 0x90, 0x32, 0xff, 0xe0, 0x9b, 0x40, 0xff, 0xe4, 0xa5, 0x51, 0xff, 
0xeb, 0xb1, 0x4f, 0xff, 0xe4, 0xa3, 0x41, 0xff, 0xea, 0xae, 0x47, 0xff, 0xe2, 0x9b, 0x3c, 0xff, 
0xc1, 0x64, 0x20, 0xff, 0x9f, 0x48, 0x16, 0xff, 0xb2, 0x5b, 0x1d, 0xff, 0xab, 0x52, 0x1a, 0xff, 
0xb8, 0x61, 0x20, 0xff, 0xdb, 0x8b, 0x33, 0xff, 0xdc, 0x89, 0x31, 0xff, 0xd2, 0x81, 0x2f, 0xff, 
0xcb, 0x7c, 0x2d, 0xff, 0xcd, 0x71, 0x26, 0xff, 0xdc, 0x8c, 0x34, 0xff, 0xda, 0x8f, 0x36, 0xff, 
0xd6, 0x85, 0x30, 0xff, 0xd2, 0x7f, 0x2d, 0xff, 0xc8, 0x70, 0x25, 0xff, 0xc5, 0x68, 0x22, 0xff, 
0xc6, 0x69, 0x22, 0xff, 0xdc, 0x8f, 0x36, 0xff, 0xc9, 0x74, 0x29, 0xff, 0xba, 0x59, 0x1b, 0xff, 
0xd1, 0x76, 0x28, 0xff, 0xd1, 0x76, 0x28, 0xff, 0xcf, 0x78, 0x2a, 0xff, 0xd2, 0x7a, 0x2a, 0xff, 
0xd2, 0x7e, 0x2c, 0xff, 0xde, 0x91, 0x35, 0xff, 0xb9, 0x5d, 0x1d, 0xff, 0xb3, 0x52, 0x19, 0xff, 
0xba, 0x5e, 0x1f, 0xff, 0xa2, 0x4d, 0x19, 0xff, 0xb2, 0x57, 0x1c, 0xff, 0xc0, 0x60, 0x1e, 0xff, 
0xcc, 0x73, 0x27, 0xff, 0xcd, 0x75, 0x28, 0xff, 0xb7, 0x5a, 0x1c, 0xff, 0xbe, 0x60, 0x1f, 0xff, 
0xb3, 0x56, 0x1b, 0xff, 0xbb, 0x67, 0x24, 0xff, 0xcb, 0x78, 0x2b, 0xff, 0xc3, 0x64, 0x20, 0xff, 
0xae, 0x53, 0x1b, 0xff, 0xab, 0x54, 0x1c, 0xff, 0xc4, 0x67, 0x22, 0xff, 0xc2, 0x64, 0x20, 0xff, 
0xc5, 0x69, 0x22, 0xff, 0xc8, 0x6f, 0x26, 0xff, 0xcc, 0x74, 0x28, 0xff, 0xcb, 0x71, 0x26, 0xff, 
0xd8, 0x87, 0x31, 0xff, 0xda, 0x8c, 0x33, 0xff, 0xd7, 0x85, 0x30, 0xff, 0xd9, 0x89, 0x32, 0xff, 
0xd1, 0x7a, 0x2a, 0xff, 0xcf, 0x76, 0x28, 0xff, 0xe5, 0xa1, 0x41, 0xff, 0xed, 0xb2, 0x4a, 0xff, 
0xdd, 0x92, 0x38, 0xff, 0xd3, 0x7f, 0x2d, 0xff, 0xcf, 0x78, 0x29, 0xff, 0xc4, 0x67, 0x21, 0xff, 
0xc4, 0x68, 0x22, 0xff, 0xb8, 0x58, 0x1b, 0xff, 0xbe, 0x5e, 0x1e, 0xff, 0xcb, 0x70, 0x25, 0xff, 
0xd7, 0x83, 0x2f, 0xff, 0xd9, 0x87, 0x32, 0xff, 0xd6, 0x83, 0x2f, 0xff, 0xd9, 0x89, 0x32, 0xff, 
0xdb, 0x8d, 0x35, 0xff, 0xdd, 0x92, 0x37, 0xff, 0xd9, 0x89, 0x32, 0xff, 0xd5, 0x82, 0x2f, 0xff, 
0xd4, 0x7e, 0x2d, 0xff, 0xd7, 0x85, 0x30, 0xff, 0xda, 0x8d, 0x34, 0xff, 0xdc, 0x91, 0x37, 0xff, 
0xdf, 0x96, 0x3a, 0xff, 0xe5, 0xa4, 0x42, 0xff, 0xe5, 0xa5, 0x43, 0xff, 0xd7, 0x87, 0x30, 0xff, 
0xd8, 0x88, 0x32, 0xff, 0xcf, 0x78, 0x29, 0xff, 0xd1, 0x7a, 0x2a, 0xff, 0xd1, 0x79, 0x29, 0xff, 
0xd5, 0x82, 0x2f, 0xff, 0xde, 0x95, 0x39, 0xff, 0xce, 0x73, 0x25, 0xff, 0xcd, 0x72, 0x26, 0xff, 
0xd0, 0x76, 0x28, 0xff, 0xe0, 0x98, 0x3a, 0xff, 0xe1, 0x9c, 0x3d, 0xff, 0xd3, 0x7d, 0x2c, 0xff, 
0xd2, 0x7c, 0x2b, 0xff, 0xdf, 0x99, 0x3c, 0xff, 0xec, 0xb3, 0x4a, 0xff, 0xf7, 0xc4, 0x54, 0xff, 
0xef, 0xbb, 0x51, 0xff, 0xc1, 0x63, 0x20, 0xff, 0xc2, 0x5f, 0x1c, 0xff, 0xdf, 0x93, 0x38, 0xff, 
0xe4, 0x9f, 0x40, 0xff, 0xe1, 0x9c, 0x3a, 0xff, 0xf9, 0xcd, 0x60, 0xff, 0xff, 0xe9, 0x96, 0xff, 
0xf7, 0xca, 0x63, 0xff, 0xe2, 0x9a, 0x39, 0xff, 0xd0, 0x78, 0x29, 0xff, 0xd1, 0x7a, 0x2a, 0xff, 
0xdb, 0x8e, 0x35, 0xff, 0xdc, 0x91, 0x37, 0xff, 0xd4, 0x82, 0x2e, 0xff, 0xe1, 0x9b, 0x3e, 0xff, 
0xf3, 0xbd, 0x51, 0xff, 0xf3, 0xbd, 0x4e, 0xff, 0xef, 0xb8, 0x4c, 0xff, 0xf6, 0xc5, 0x54, 0xff, 
0xf3, 0xbd, 0x4e, 0xff, 0xdf, 0x92, 0x37, 0xff, 0xc4, 0x71, 0x28, 0xff, 0x98, 0x43, 0x16, 0xff, 
0xa3, 0x4a, 0x18, 0xff, 0xaf, 0x54, 0x1b, 0xff, 0xbc, 0x5e, 0x1e, 0xff, 0xd2, 0x7a, 0x2a, 0xff, 
0xd4, 0x82, 0x2f, 0xff, 0xcb, 0x72, 0x27, 0xff, 0xd1, 0x7b, 0x2c, 0xff, 0xe0, 0x9a, 0x3b, 0xff, 
0xdc, 0x91, 0x37, 0xff, 0xc9, 0x6f, 0x25, 0xff, 0xc9, 0x6d, 0x23, 0xff, 0xcd, 0x74, 0x27, 0xff, 
0xd3, 0x83, 0x30, 0xff, 0xe4, 0xa0, 0x3f, 0xff, 0xf2, 0xbe, 0x52, 0xff, 0xf9, 0xce, 0x5d, 0xff, 
0xe4, 0xa2, 0x41, 0xff, 0xdd, 0x93, 0x38, 0xff, 0xd5, 0x82, 0x2e, 0xff, 0xca, 0x6a, 0x22, 0xff, 
0xc4, 0x62, 0x1e, 0xff, 0xd3, 0x7e, 0x2c, 0xff, 0xdf, 0x96, 0x3a, 0xff, 0xe5, 0xa3, 0x42, 0xff, 
0xe6, 0xa5, 0x43, 0xff, 0xec, 0xb2, 0x4a, 0xff, 0xed, 0xb4, 0x4b, 0xff, 0xe0, 0x98, 0x3b, 0xff, 
0xdd, 0x92, 0x38, 0xff, 0xed, 0xb4, 0x4a, 0xff, 0xf7, 0xc7, 0x57, 0xff, 0xf4, 0xc2, 0x54, 0xff, 
0xe9, 0xac, 0x46, 0xff, 0xeb, 0xb0, 0x4a, 0xff, 0xf2, 0xbe, 0x53, 0xff, 0xf1, 0xbb, 0x4f, 0xff, 
0xf7, 0xc9, 0x5e, 0xff, 0xfc, 0xd4, 0x6c, 0xff, 0xfa, 0xd3, 0x71, 0xff, 0xff, 0xe2, 0x8c, 0xff, 
0xff, 0xe3, 0x91, 0xff, 0xfc, 0xd4, 0x6d, 0xff, 0xf7, 0xc7, 0x57, 0xff, 0xf7, 0xcc, 0x67, 0xff, 
0xe6, 0xa2, 0x3a, 0xff, 0xde, 0x94, 0x2d, 0xff, 0xf8, 0xcc, 0x61, 0xff, 0xfd, 0xd3, 0x63, 0xff, 
0xfb, 0xd2, 0x6f, 0xff, 0xf6, 0xd2, 0x86, 0xff, 0xfc, 0xd6, 0x6e, 0xff, 0xf1, 0xb6, 0x4a, 0xff, 
0xbb, 0x5f, 0x1e, 0xff, 0x93, 0x3b, 0x11, 0xff, 0xa1, 0x4c, 0x19, 0xff, 0xaf, 0x55, 0x1b, 0xff, 
0xb4, 0x55, 0x1b, 0xff, 0xa2, 0x4c, 0x19, 0xff, 0x8e, 0x43, 0x16, 0xff, 0x95, 0x45, 0x16, 0xff, 
0xcc, 0x73, 0x28, 0xff, 0xb3, 0x58, 0x1c, 0xff, 0xc5, 0x6c, 0x24, 0xff, 0xd2, 0x7b, 0x2a, 0xff, 
0xd4, 0x84, 0x30, 0xff, 0xec, 0xb2, 0x4b, 0xff, 0xde, 0x94, 0x39, 0xff, 0xd7, 0x86, 0x30, 0xff, 
0xd3, 0x7e, 0x2d, 0xff, 0xd7, 0x84, 0x30, 0xff, 0xdb, 0x8e, 0x35, 0xff, 0xde, 0x92, 0x37, 0xff, 
0xd3, 0x7e, 0x2c, 0xff, 0xc1, 0x61, 0x1e, 0xff, 0xc4, 0x68, 0x22, 0xff, 0xb5, 0x58, 0x1c, 0xff, 
0xab, 0x4b, 0x16, 0xff, 0xac, 0x52, 0x1a, 0xff, 0xad, 0x5a, 0x1f, 0xff, 0xb5, 0x58, 0x1b, 0xff, 
0xac, 0x4d, 0x18, 0xff, 0xb0, 0x54, 0x1b, 0xff, 0xc3, 0x64, 0x20, 0xff, 0xd6, 0x82, 0x2e, 0xff, 
0xed, 0xb4, 0x4c, 0xff, 0xe8, 0xa9, 0x45, 0xff, 0xd2, 0x7e, 0x2b, 0xff, 0xd0, 0x7b, 0x2c, 0xff, 
0xdc, 0x93, 0x39, 0xff, 0xd0, 0x7c, 0x2c, 0xff, 0xec, 0xb4, 0x4f, 0xff, 0xf2, 0xbe, 0x51, 0xff, 
0xef, 0xb6, 0x45, 0xff, 0xee, 0xb4, 0x3f, 0xff, 0xea, 0xac, 0x40, 0xff, 0xe9, 0xb2, 0x55, 0xff, 
0xeb, 0xb6, 0x5e, 0xff, 0xf1, 0xc0, 0x61, 0xff, 0xf4, 0xc0, 0x52, 0xff, 0xf3, 0xbe, 0x4e, 0xff, 
0xf1, 0xbe, 0x52, 0xff, 0xe1, 0x9c, 0x3d, 0xff, 0xdb, 0x8f, 0x36, 0xff, 0xdf, 0x99, 0x3c, 0xff, 
0xd5, 0x83, 0x2f, 0xff, 0xd8, 0x88, 0x33, 0xff, 0xdf, 0x9a, 0x3e, 0xff, 0xda, 0x8d, 0x34, 0xff, 
0xcf, 0x80, 0x30, 0xff, 0xc3, 0x6c, 0x25, 0xff, 0xd8, 0x89, 0x32, 0xff, 0xeb, 0xb1, 0x49, 0xff, 
0xde, 0x95, 0x38, 0xff, 0xdc, 0x92, 0x38, 0xff, 0xe1, 0x9b, 0x3c, 0xff, 0xeb, 0xb1, 0x4d, 0xff, 
0xf7, 0xd0, 0x76, 0xff, 0xfd, 0xdf, 0x8d, 0xff, 0xf8, 0xcf, 0x6a, 0xff, 0xfd, 0xdd, 0x83, 0xff, 
0xf0, 0xbe, 0x66, 0xff, 0xf4, 0xcc, 0x83, 0xff, 0xf7, 0xd6, 0x90, 0xff, 0xfa, 0xd1, 0x68, 0xff, 
0xf9, 0xcd, 0x66, 0xff, 0xf9, 0xd3, 0x76, 0xff, 0xf1, 0xc0, 0x5a, 0xff, 0xd6, 0x87, 0x2e, 0xff, 
0xdb, 0x90, 0x36, 0xff, 0xe7, 0xaa, 0x47, 0xff, 0xeb, 0xb5, 0x58, 0xff, 0xf6, 0xce, 0x73, 0xff, 
0xf2, 0xc2, 0x5e, 0xff, 0xe7, 0xa7, 0x42, 0xff, 0xe1, 0x9c, 0x3d, 0xff, 0xe5, 0xa4, 0x41, 0xff, 
0xd8, 0x86, 0x30, 0xff, 0xaf, 0x52, 0x1a, 0xff, 0xa7, 0x4e, 0x19, 0xff, 0xbc, 0x63, 0x21, 0xff, 
0xc6, 0x6f, 0x26, 0xff, 0xd7, 0x88, 0x31, 0xff, 0xdb, 0x8d, 0x34, 0xff, 0xd2, 0x82, 0x2f, 0xff, 
0x9e, 0x48, 0x17, 0xff, 0xa1, 0x4b, 0x18, 0xff, 0xd5, 0x8a, 0x34, 0xff, 0xd9, 0x8a, 0x34, 0xff, 
0xd4, 0x82, 0x2e, 0xff, 0xcf, 0x7b, 0x2b, 0xff, 0xc2, 0x68, 0x22, 0xff, 0xb1, 0x51, 0x19, 0xff, 
0xcb, 0x70, 0x26, 0xff, 0xe2, 0x96, 0x39, 0xff, 0xc1, 0x6a, 0x25, 0xff, 0xbd, 0x5b, 0x1c, 0xff, 
0xd0, 0x77, 0x28, 0xff, 0xd4, 0x7d, 0x2c, 0xff, 0xcf, 0x77, 0x29, 0xff, 0xd4, 0x80, 0x2e, 0xff, 
0xd8, 0x88, 0x32, 0xff, 0xc5, 0x6d, 0x26, 0xff, 0xc5, 0x76, 0x2c, 0xff, 0xc9, 0x72, 0x28, 0xff, 
0xb4, 0x58, 0x1d, 0xff, 0xa2, 0x4b, 0x18, 0xff, 0xb9, 0x5c, 0x1d, 0xff, 0xbb, 0x5c, 0x1d, 0xff, 
0xb9, 0x5c, 0x1d, 0xff, 0xc1, 0x65, 0x22, 0xff, 0xb5, 0x5a, 0x1d, 0xff, 0xb4, 0x58, 0x1d, 0xff, 
0xc1, 0x66, 0x22, 0xff, 0xc1, 0x63, 0x20, 0xff, 0xae, 0x54, 0x1c, 0xff, 0xb5, 0x5c, 0x1e, 0xff, 
0xc9, 0x6e, 0x25, 0xff, 0xc2, 0x68, 0x23, 0xff, 0xc6, 0x69, 0x23, 0xff, 0xcd, 0x75, 0x28, 0xff, 
0xbe, 0x63, 0x21, 0xff, 0xac, 0x4d, 0x17, 0xff, 0xc1, 0x64, 0x21, 0xff, 0xc8, 0x6c, 0x23, 0xff, 
0xd2, 0x7d, 0x2c, 0xff, 0xd5, 0x81, 0x2e, 0xff, 0xc9, 0x70, 0x25, 0xff, 0xd4, 0x82, 0x2f, 0xff, 
0xdf, 0x95, 0x39, 0xff, 0xd6, 0x85, 0x30, 0xff, 0xd7, 0x84, 0x2f, 0xff, 0xd9, 0x88, 0x32, 0xff, 
0xcc, 0x71, 0x26, 0xff, 0xce, 0x76, 0x28, 0xff, 0xcd, 0x76, 0x28, 0xff, 0xc4, 0x65, 0x21, 0xff, 
0xbf, 0x5f, 0x1e, 0xff, 0xd1, 0x7e, 0x2d, 0xff, 0xd7, 0x84, 0x2f, 0xff, 0xd8, 0x7c, 0x2a, 0xff, 
0xd6, 0x7d, 0x2a, 0xff, 0xca, 0x6e, 0x25, 0xff, 0xda, 0x8a, 0x33, 0xff, 0xe3, 0x9e, 0x3f, 0xff, 
0xde, 0x93, 0x38, 0xff, 0xd9, 0x8b, 0x33, 0xff, 0xd5, 0x81, 0x2e, 0xff, 0xd1, 0x78, 0x29, 0xff, 
0xd1, 0x79, 0x29, 0xff, 0xd7, 0x86, 0x31, 0xff, 0xda, 0x8e, 0x35, 0xff, 0xd9, 0x8a, 0x32, 0xff, 
0xd8, 0x87, 0x31, 0xff, 0xdb, 0x8e, 0x34, 0xff, 0xe0, 0x98, 0x3b, 0xff, 0xdc, 0x90, 0x36, 0xff, 
0xd8, 0x86, 0x2f, 0xff, 0xd2, 0x7b, 0x2b, 0xff, 0xd6, 0x84, 0x2f, 0xff, 0xda, 0x8a, 0x33, 0xff, 
0xdb, 0x8d, 0x34, 0xff, 0xe9, 0xad, 0x47, 0xff, 0xd6, 0x87, 0x33, 0xff, 0xc6, 0x64, 0x1e, 0xff, 
0xc9, 0x6b, 0x22, 0xff, 0xd7, 0x86, 0x31, 0xff, 0xdf, 0x95, 0x39, 0xff, 0xdb, 0x8f, 0x35, 0xff, 
0xde, 0x94, 0x38, 0xff, 0xe0, 0x98, 0x3c, 0xff, 0xe1, 0x9c, 0x3e, 0xff, 0xdf, 0x97, 0x39, 0xff, 
0xc9, 0x6f, 0x25, 0xff, 0xc8, 0x70, 0x28, 0xff, 0xe2, 0x9e, 0x3f, 0xff, 0xe7, 0xa7, 0x43, 0xff, 
0xd7, 0x85, 0x31, 0xff, 0xcc, 0x70, 0x1e, 0xff, 0xf0, 0xbe, 0x63, 0xff, 0xff, 0xf4, 0x9a, 0xff, 
0xe1, 0x9e, 0x3c, 0xff, 0xcd, 0x74, 0x24, 0xff, 0xd0, 0x7a, 0x2b, 0xff, 0xce, 0x76, 0x29, 0xff, 
0xd9, 0x8a, 0x32, 0xff, 0xd2, 0x7c, 0x2a, 0xff, 0xd5, 0x81, 0x2f, 0xff, 0xc8, 0x72, 0x28, 0xff, 
0xbb, 0x5a, 0x1b, 0xff, 0xc7, 0x6c, 0x24, 0xff, 0xcd, 0x79, 0x2a, 0xff, 0xe1, 0x9a, 0x3c, 0xff, 
0xd7, 0x85, 0x30, 0xff, 0xbc, 0x5c, 0x1c, 0xff, 0xaf, 0x4e, 0x17, 0xff, 0xb9, 0x60, 0x21, 0xff, 
0xc0, 0x66, 0x22, 0xff, 0xa7, 0x4e, 0x19, 0xff, 0xb7, 0x5b, 0x1c, 0xff, 0xc6, 0x67, 0x21, 0xff, 
0xc7, 0x6e, 0x25, 0xff, 0xc6, 0x6a, 0x24, 0xff, 0xd4, 0x81, 0x2f, 0xff, 0xe1, 0x97, 0x3a, 0xff, 
0xd3, 0x7d, 0x2c, 0xff, 0xce, 0x74, 0x28, 0xff, 0xd0, 0x7a, 0x2a, 0xff, 0xc9, 0x6f, 0x25, 0xff, 
0xb4, 0x51, 0x18, 0xff, 0xc5, 0x68, 0x22, 0xff, 0xe1, 0x98, 0x3a, 0xff, 0xee, 0xb6, 0x4c, 0xff, 
0xef, 0xba, 0x51, 0xff, 0xf1, 0xbd, 0x51, 0xff, 0xe5, 0xa3, 0x42, 0xff, 0xda, 0x8c, 0x34, 0xff, 
0xd3, 0x7d, 0x2b, 0xff, 0xd8, 0x87, 0x31, 0xff, 0xd9, 0x8c, 0x34, 0xff, 0xda, 0x8d, 0x35, 0xff, 
0xe9, 0xac, 0x47, 0xff, 0xef, 0xba, 0x4f, 0xff, 0xe7, 0xa8, 0x45, 0xff, 0xd4, 0x7f, 0x2d, 0xff, 
0xe4, 0xa1, 0x40, 0xff, 0xee, 0xb7, 0x4c, 0xff, 0xe7, 0xa7, 0x44, 0xff, 0xdb, 0x8d, 0x35, 0xff, 
0xe2, 0x9d, 0x3e, 0xff, 0xe3, 0xa0, 0x42, 0xff, 0xea, 0xae, 0x4d, 0xff, 0xf8, 0xca, 0x58, 0xff, 
0xf9, 0xcd, 0x64, 0xff, 0xf0, 0xbb, 0x58, 0xff, 0xe4, 0xa0, 0x43, 0xff, 0xf5, 0xc8, 0x65, 0xff, 
0xfe, 0xdf, 0x81, 0xff, 0xff, 0xe3, 0x89, 0xff, 0xff, 0xea, 0xa9, 0xff, 0xff, 0xec, 0xb5, 0xff, 
0xff, 0xe6, 0x9b, 0xff, 0xf8, 0xce, 0x6e, 0xff, 0xf8, 0xca, 0x5b, 0xff, 0xf7, 0xcd, 0x6f, 0xff, 
0xf9, 0xd0, 0x6f, 0xff, 0xfe, 0xde, 0x83, 0xff, 0xff, 0xef, 0x98, 0xff, 0xfa, 0xc5, 0x54, 0xff, 
0xbf, 0x65, 0x1e, 0xff, 0xa3, 0x47, 0x15, 0xff, 0xaa, 0x50, 0x1a, 0xff, 0xaf, 0x52, 0x1a, 0xff, 
0x96, 0x44, 0x16, 0xff, 0xa2, 0x4d, 0x1a, 0xff, 0xba, 0x5c, 0x1f, 0xff, 0xb3, 0x58, 0x1d, 0xff, 
0xc3, 0x67, 0x22, 0xff, 0xc4, 0x67, 0x22, 0xff, 0xd4, 0x7d, 0x2b, 0xff, 0xc0, 0x5f, 0x1e, 0xff, 
0xba, 0x56, 0x19, 0xff, 0xd7, 0x88, 0x32, 0xff, 0xe5, 0xa4, 0x41, 0xff, 0xda, 0x8d, 0x34, 0xff, 
0xd6, 0x83, 0x2f, 0xff, 0xd1, 0x7c, 0x2b, 0xff, 0xd0, 0x77, 0x28, 0xff, 0xd6, 0x84, 0x30, 0xff, 
0xd4, 0x80, 0x2d, 0xff, 0xcf, 0x77, 0x28, 0xff, 0xd1, 0x76, 0x28, 0xff, 0xde, 0x8e, 0x35, 0xff, 
0xce, 0x79, 0x2b, 0xff, 0x9f, 0x44, 0x15, 0xff, 0xab, 0x51, 0x19, 0xff, 0xd6, 0x85, 0x31, 0xff, 
0xd2, 0x80, 0x2f, 0xff, 0xb6, 0x55, 0x19, 0xff, 0xca, 0x73, 0x27, 0xff, 0xe0, 0x98, 0x3a, 0xff, 
0xdf, 0x98, 0x3b, 0xff, 0xdc, 0x91, 0x37, 0xff, 0xdb, 0x90, 0x36, 0xff, 0xea, 0xad, 0x47, 0xff, 
0xe5, 0xa0, 0x40, 0xff, 0xe2, 0x9c, 0x3e, 0xff, 0xe6, 0xa9, 0x47, 0xff, 0xea, 0xaf, 0x49, 0xff, 
0xed, 0xb3, 0x4c, 0xff, 0xe7, 0xaa, 0x46, 0xff, 0xe3, 0xa0, 0x40, 0xff, 0xe2, 0x9c, 0x3a, 0xff, 
0xdc, 0x8f, 0x30, 0xff, 0xdf, 0x98, 0x35, 0xff, 0xf8, 0xc7, 0x55, 0xff, 0xf1, 0xbb, 0x50, 0xff, 
0xec, 0xb4, 0x4c, 0xff, 0xe1, 0x9e, 0x3f, 0xff, 0xe1, 0x9c, 0x3d, 0xff, 0xdb, 0x8e, 0x36, 0xff, 
0xd5, 0x83, 0x2e, 0xff, 0xdf, 0x96, 0x3a, 0xff, 0xe2, 0x9d, 0x3e, 0xff, 0xd1, 0x7f, 0x2e, 0xff, 
0xc6, 0x71, 0x28, 0xff, 0xc4, 0x6e, 0x26, 0xff, 0xcd, 0x79, 0x28, 0xff, 0xec, 0xaf, 0x47, 0xff, 
0xe8, 0xa9, 0x46, 0xff, 0xd9, 0x8a, 0x32, 0xff, 0xe2, 0x9c, 0x3e, 0xff, 0xf1, 0xbd, 0x57, 0xff, 
0xf1, 0xbc, 0x53, 0xff, 0xef, 0xb9, 0x4f, 0xff, 0xee, 0xba, 0x52, 0xff, 0xf9, 0xd3, 0x71, 0xff, 
0xf6, 0xca, 0x6a, 0xff, 0xf2, 0xc6, 0x71, 0xff, 0xe7, 0xab, 0x51, 0xff, 0xe7, 0xab, 0x48, 0xff, 
0xe1, 0x9d, 0x42, 0xff, 0xf3, 0xc1, 0x5c, 0xff, 0xdf, 0x9d, 0x45, 0xff, 0xd0, 0x7d, 0x29, 0xff, 
0xe0, 0x9b, 0x3e, 0xff, 0xe1, 0x9c, 0x3e, 0xff, 0xde, 0x97, 0x3a, 0xff, 0xe1, 0x9c, 0x39, 0xff, 
0xea, 0xac, 0x47, 0xff, 0xea, 0xad, 0x48, 0xff, 0xde, 0x96, 0x3a, 0xff, 0xe2, 0x9e, 0x3f, 0xff, 
0xdc, 0x8a, 0x31, 0xff, 0xbc, 0x5c, 0x1d, 0xff, 0xb4, 0x58, 0x1d, 0xff, 0xc9, 0x75, 0x29, 0xff, 
0xd0, 0x80, 0x2f, 0xff, 0xda, 0x8b, 0x33, 0xff, 0xd6, 0x87, 0x31, 0xff, 0xdd, 0x8d, 0x34, 0xff, 
0xcb, 0x75, 0x29, 0xff, 0x97, 0x3f, 0x13, 0xff, 0x98, 0x3d, 0x12, 0xff, 0xc2, 0x69, 0x24, 0xff, 
0xdf, 0x91, 0x36, 0xff, 0xd6, 0x85, 0x30, 0xff, 0xc3, 0x64, 0x20, 0xff, 0xbd, 0x5d, 0x1d, 0xff, 
0xbf, 0x64, 0x20, 0xff, 0xcb, 0x7d, 0x2e, 0xff, 0xcc, 0x7d, 0x2d, 0xff, 0xc3, 0x70, 0x27, 0xff, 
0xda, 0x88, 0x31, 0xff, 0xc5, 0x6b, 0x24, 0xff, 0xc9, 0x6d, 0x24, 0xff, 0xdd, 0x97, 0x3b, 0xff, 
0xe7, 0xa6, 0x42, 0xff, 0xc4, 0x6b, 0x25, 0xff, 0xcd, 0x78, 0x2c, 0xff, 0xdd, 0x90, 0x37, 0xff, 
0xc6, 0x6b, 0x23, 0xff, 0xae, 0x54, 0x1b, 0xff, 0x9f, 0x46, 0x17, 0xff, 0xb6, 0x5b, 0x1e, 0xff, 
0xc2, 0x69, 0x23, 0xff, 0xc5, 0x6a, 0x24, 0xff, 0xb8, 0x5d, 0x1e, 0xff, 0xaa, 0x4f, 0x19, 0xff, 
0xb8, 0x58, 0x1c, 0xff, 0xc2, 0x64, 0x20, 0xff, 0xc4, 0x69, 0x23, 0xff, 0xbe, 0x63, 0x21, 0xff, 
0xbc, 0x5f, 0x1f, 0xff, 0xbd, 0x5f, 0x1e, 0xff, 0xc5, 0x6a, 0x22, 0xff, 0xc6, 0x6e, 0x26, 0xff, 
0xc1, 0x66, 0x22, 0xff, 0xc2, 0x67, 0x22, 0xff, 0xc1, 0x65, 0x21, 0xff, 0xcb, 0x75, 0x29, 0xff, 
0xd8, 0x86, 0x31, 0xff, 0xd4, 0x80, 0x2d, 0xff, 0xcc, 0x73, 0x27, 0xff, 0xcc, 0x71, 0x26, 0xff, 
0xe3, 0x9e, 0x3e, 0xff, 0xe6, 0xa4, 0x42, 0xff, 0xcb, 0x6f, 0x25, 0xff, 0xbb, 0x58, 0x1a, 0xff, 
0xca, 0x6e, 0x24, 0xff, 0xcd, 0x73, 0x27, 0xff, 0xc3, 0x67, 0x21, 0xff, 0xc4, 0x67, 0x21, 0xff, 
0xbf, 0x5f, 0x1d, 0xff, 0xcf, 0x76, 0x29, 0xff, 0xd1, 0x7b, 0x2b, 0xff, 0xac, 0x5a, 0x1e, 0xff, 
0xa5, 0x4f, 0x19, 0xff, 0xbc, 0x5b, 0x1c, 0xff, 0xe1, 0x98, 0x3a, 0xff, 0xe9, 0xac, 0x46, 0xff, 
0xe5, 0xa3, 0x40, 0xff, 0xd9, 0x88, 0x31, 0xff, 0xd9, 0x86, 0x31, 0xff, 0xcf, 0x77, 0x28, 0xff, 
0xc5, 0x66, 0x20, 0xff, 0xcd, 0x73, 0x26, 0xff, 0xd9, 0x88, 0x31, 0xff, 0xda, 0x8d, 0x34, 0xff, 
0xd9, 0x88, 0x31, 0xff, 0xd8, 0x89, 0x32, 0xff, 0xdd, 0x94, 0x37, 0xff, 0xdc, 0x90, 0x36, 0xff, 
0xcf, 0x77, 0x28, 0xff, 0xd8, 0x88, 0x33, 0xff, 0xd8, 0x88, 0x32, 0xff, 0xda, 0x8e, 0x35, 0xff, 
0xe1, 0x9b, 0x3c, 0xff, 0xe0, 0x9a, 0x3b, 0xff, 0xd4, 0x82, 0x2f, 0xff, 0xcd, 0x70, 0x25, 0xff, 
0xd4, 0x7e, 0x2c, 0xff, 0xd2, 0x7c, 0x2b, 0xff, 0xdb, 0x8f, 0x35, 0xff, 0xe0, 0x9a, 0x3c, 0xff, 
0xdf, 0x98, 0x3b, 0xff, 0xdc, 0x91, 0x37, 0xff, 0xe4, 0xa2, 0x41, 0xff, 0xe7, 0xa7, 0x45, 0xff, 
0xe3, 0x9e, 0x3f, 0xff, 0xec, 0xae, 0x47, 0xff, 0xef, 0xb6, 0x4c, 0xff, 0xe2, 0x9e, 0x3f, 0xff, 
0xce, 0x74, 0x27, 0xff, 0xd6, 0x84, 0x2d, 0xff, 0xf8, 0xc9, 0x61, 0xff, 0xfd, 0xdd, 0x74, 0xff, 
0xd5, 0x86, 0x30, 0xff, 0xce, 0x73, 0x26, 0xff, 0xd4, 0x80, 0x2e, 0xff, 0xd4, 0x82, 0x2f, 0xff, 
0xe3, 0x9f, 0x40, 0xff, 0xdf, 0x97, 0x3b, 0xff, 0xe2, 0x9c, 0x3d, 0xff, 0xe7, 0xa9, 0x45, 0xff, 
0xc7, 0x6f, 0x27, 0xff, 0xab, 0x48, 0x14, 0xff, 0xca, 0x79, 0x2c, 0xff, 0xd9, 0x88, 0x32, 0xff, 
0xbf, 0x5e, 0x1d, 0xff, 0xca, 0x71, 0x27, 0xff, 0xe0, 0x91, 0x36, 0xff, 0xe0, 0x89, 0x31, 0xff, 
0xb2, 0x58, 0x1c, 0xff, 0xa4, 0x48, 0x16, 0xff, 0xc1, 0x66, 0x21, 0xff, 0xcb, 0x73, 0x28, 0xff, 
0xcc, 0x72, 0x27, 0xff, 0xb3, 0x53, 0x19, 0xff, 0xc8, 0x74, 0x28, 0xff, 0xd7, 0x85, 0x2f, 0xff, 
0xd9, 0x8b, 0x34, 0xff, 0xdb, 0x8e, 0x35, 0xff, 0xd5, 0x82, 0x2f, 0xff, 0xd0, 0x78, 0x29, 0xff, 
0xc2, 0x64, 0x20, 0xff, 0xc4, 0x66, 0x21, 0xff, 0xd7, 0x86, 0x30, 0xff, 0xe1, 0x9c, 0x3d, 0xff, 
0xe0, 0x9a, 0x3d, 0xff, 0xe2, 0x9d, 0x3e, 0xff, 0xe3, 0x9f, 0x3f, 0xff, 0xe5, 0xa4, 0x41, 0xff, 
0xe1, 0x9a, 0x3c, 0xff, 0xde, 0x94, 0x39, 0xff, 0xdc, 0x8f, 0x36, 0xff, 0xdb, 0x8d, 0x34, 0xff, 
0xde, 0x96, 0x39, 0xff, 0xe5, 0xa3, 0x41, 0xff, 0xe1, 0x9d, 0x3e, 0xff, 0xdf, 0x98, 0x3b, 0xff, 
0xe6, 0xa5, 0x43, 0xff, 0xed, 0xb3, 0x4a, 0xff, 0xe1, 0x99, 0x3c, 0xff, 0xd3, 0x7c, 0x2b, 0xff, 
0xe4, 0xa1, 0x40, 0xff, 0xdf, 0x96, 0x3a, 0xff, 0xdd, 0x94, 0x38, 0xff, 0xed, 0xb4, 0x4e, 0xff, 
0xeb, 0xb1, 0x4b, 0xff, 0xd8, 0x8a, 0x31, 0xff, 0xdf, 0x95, 0x34, 0xff, 0xf9, 0xcd, 0x62, 0xff, 
0xfb, 0xd6, 0x74, 0xff, 0xf3, 0xc1, 0x5e, 0xff, 0xfd, 0xdc, 0x8c, 0xff, 0xfe, 0xe3, 0x9d, 0xff, 
0xff, 0xf5, 0xd0, 0xff, 0xff, 0xff, 0xdf, 0xff, 0xef, 0xbd, 0x62, 0xff, 0xe2, 0x9d, 0x36, 0xff, 
0xef, 0xb7, 0x4c, 0xff, 0xe2, 0x9f, 0x43, 0xff, 0xef, 0xbc, 0x60, 0xff, 0xf2, 0xbb, 0x4f, 0xff, 
0xdd, 0x95, 0x39, 0xff, 0xb6, 0x57, 0x1b, 0xff, 0xb7, 0x59, 0x1c, 0xff, 0xc2, 0x6a, 0x24, 0xff, 
0x9f, 0x4a, 0x18, 0xff, 0xa7, 0x4e, 0x1a, 0xff, 0xc6, 0x6a, 0x24, 0xff, 0xbc, 0x60, 0x1f, 0xff, 
0xd4, 0x80, 0x2e, 0xff, 0xcb, 0x71, 0x26, 0xff, 0xd4, 0x7f, 0x2d, 0xff, 0xd0, 0x7b, 0x2c, 0xff, 
0xc7, 0x6e, 0x24, 0xff, 0xc9, 0x6b, 0x22, 0xff, 0xd7, 0x85, 0x30, 0xff, 0xdd, 0x94, 0x38, 0xff, 
0xc8, 0x6f, 0x25, 0xff, 0xd2, 0x7c, 0x2b, 0xff, 0xd6, 0x80, 0x2d, 0xff, 0xd5, 0x81, 0x2f, 0xff, 
0xd4, 0x81, 0x2f, 0xff, 0xd7, 0x86, 0x30, 0xff, 0xdd, 0x90, 0x36, 0xff, 0xe6, 0xa3, 0x41, 0xff, 
0xd5, 0x80, 0x2d, 0xff, 0xc2, 0x64, 0x20, 0xff, 0xb0, 0x51, 0x19, 0xff, 0xc9, 0x76, 0x2a, 0xff, 
0xd2, 0x7d, 0x2c, 0xff, 0xc9, 0x6e, 0x24, 0xff, 0xda, 0x8d, 0x35, 0xff, 0xdd, 0x92, 0x37, 0xff, 
0xd4, 0x81, 0x2e, 0xff, 0xdb, 0x8b, 0x33, 0xff, 0xd7, 0x86, 0x32, 0xff, 0xd3, 0x84, 0x32, 0xff, 
0xbb, 0x64, 0x22, 0xff, 0xc8, 0x74, 0x28, 0xff, 0xdc, 0x8f, 0x35, 0xff, 0xe5, 0xa6, 0x44, 0xff, 
0xec, 0xb4, 0x4c, 0xff, 0xee, 0xb8, 0x4e, 0xff, 0xe5, 0xa2, 0x41, 0xff, 0xe0, 0x9a, 0x3d, 0xff, 
0xe2, 0x9f, 0x40, 0xff, 0xe7, 0xa9, 0x46, 0xff, 0xf4, 0xc3, 0x53, 0xff, 0xf6, 0xc5, 0x55, 0xff, 
0xe2, 0x9e, 0x3f, 0xff, 0xdb, 0x8e, 0x35, 0xff, 0xe0, 0x9b, 0x3c, 0xff, 0xe2, 0x9f, 0x3f, 0xff, 
0xde, 0x96, 0x39, 0xff, 0xe1, 0x9c, 0x3e, 0xff, 0xe0, 0x9a, 0x3d, 0xff, 0xe0, 0x9b, 0x3d, 0xff, 
0xdb, 0x93, 0x38, 0xff, 0xb6, 0x55, 0x19, 0xff, 0xc9, 0x72, 0x27, 0xff, 0xe3, 0x9e, 0x3d, 0xff, 
0xdd, 0x94, 0x3a, 0xff, 0xe4, 0xa0, 0x3f, 0xff, 0xe6, 0xa6, 0x43, 0xff, 0xec, 0xb3, 0x50, 0xff, 
0xf9, 0xd0, 0x6a, 0xff, 0xf6, 0xc9, 0x66, 0xff, 0xed, 0xb4, 0x4d, 0xff, 0xf7, 0xcb, 0x62, 0xff, 
0xf1, 0xbc, 0x55, 0xff, 0xf3, 0xc6, 0x68, 0xff, 0xf5, 0xd0, 0x80, 0xff, 0xd9, 0x8f, 0x35, 0xff, 
0xdd, 0x96, 0x3a, 0xff, 0xe1, 0xa0, 0x49, 0xff, 0xdc, 0x95, 0x3d, 0xff, 0xef, 0xb5, 0x4b, 0xff, 
0xe6, 0xa3, 0x41, 0xff, 0xd8, 0x88, 0x31, 0xff, 0xd0, 0x7c, 0x2c, 0xff, 0xde, 0x90, 0x36, 0xff, 
0xe0, 0x96, 0x3a, 0xff, 0xe3, 0x9e, 0x3f, 0xff, 0xe3, 0x9e, 0x3e, 0xff, 0xee, 0xb6, 0x4d, 0xff, 
0xe6, 0xa0, 0x40, 0xff, 0xcf, 0x78, 0x2a, 0xff, 0xd4, 0x84, 0x31, 0xff, 0xdf, 0x9a, 0x3d, 0xff, 
0xe0, 0x9b, 0x3d, 0xff, 0xdb, 0x8f, 0x34, 0xff, 0xd2, 0x7f, 0x2c, 0xff, 0xc7, 0x6c, 0x24, 0xff, 
0xd9, 0x87, 0x31, 0xff, 0xdb, 0x8c, 0x34, 0xff, 0xcf, 0x80, 0x2f, 0xff, 0xdc, 0x94, 0x39, 0xff, 
0xe1, 0x98, 0x3a, 0xff, 0xc9, 0x6c, 0x24, 0xff, 0xbf, 0x5c, 0x1d, 0xff, 0xb9, 0x5c, 0x1d, 0xff, 
0xb9, 0x5b, 0x1c, 0xff, 0xa9, 0x53, 0x1b, 0xff, 0xa4, 0x53, 0x1c, 0xff, 0xa6, 0x57, 0x1e, 0xff, 
0xaf, 0x5d, 0x20, 0xff, 0xb0, 0x53, 0x19, 0xff, 0xce, 0x76, 0x28, 0xff, 0xce, 0x76, 0x28, 0xff, 
0xd8, 0x8b, 0x34, 0xff, 0xd3, 0x84, 0x30, 0xff, 0xb0, 0x4f, 0x17, 0xff, 0xb6, 0x5a, 0x1e, 0xff, 
0xd1, 0x76, 0x27, 0xff, 0xc7, 0x6d, 0x25, 0xff, 0xa9, 0x4d, 0x19, 0xff, 0xcc, 0x74, 0x27, 0xff, 
0xd9, 0x88, 0x30, 0xff, 0xcf, 0x76, 0x28, 0xff, 0xbc, 0x5f, 0x1e, 0xff, 0xbb, 0x5e, 0x1f, 0xff, 
0xcc, 0x73, 0x27, 0xff, 0xc5, 0x69, 0x23, 0xff, 0xcb, 0x6f, 0x24, 0xff, 0xc6, 0x6a, 0x23, 0xff, 
0xb9, 0x5d, 0x1e, 0xff, 0xc0, 0x62, 0x20, 0xff, 0xce, 0x77, 0x29, 0xff, 0xda, 0x8b, 0x33, 0xff, 
0xd3, 0x7e, 0x2b, 0xff, 0xd4, 0x7d, 0x2c, 0xff, 0xcd, 0x74, 0x28, 0xff, 0xd4, 0x80, 0x2d, 0xff, 
0xe0, 0x99, 0x3b, 0xff, 0xe1, 0x9c, 0x3d, 0xff, 0xe0, 0x97, 0x3a, 0xff, 0xd8, 0x86, 0x30, 0xff, 
0xd0, 0x77, 0x29, 0xff, 0xb4, 0x5f, 0x21, 0xff, 0xaa, 0x54, 0x1c, 0xff, 0xb1, 0x56, 0x1c, 0xff, 
0xb8, 0x5c, 0x1d, 0xff, 0xbe, 0x61, 0x1f, 0xff, 0xc7, 0x6a, 0x23, 0xff, 0xbf, 0x64, 0x21, 0xff, 
0xc9, 0x71, 0x26, 0xff, 0xc2, 0x61, 0x1f, 0xff, 0xbe, 0x5e, 0x1e, 0xff, 0x87, 0x3a, 0x12, 0xff, 
0x88, 0x37, 0x11, 0xff, 0xbe, 0x5e, 0x1e, 0xff, 0xde, 0x8f, 0x35, 0xff, 0xd8, 0x8a, 0x33, 0xff, 
0xd2, 0x82, 0x2f, 0xff, 0xd7, 0x86, 0x30, 0xff, 0xcc, 0x72, 0x26, 0xff, 0xbd, 0x5d, 0x1d, 0xff, 
0xc8, 0x6f, 0x26, 0xff, 0xe0, 0x97, 0x39, 0xff, 0xda, 0x89, 0x32, 0xff, 0xd7, 0x85, 0x30, 0xff, 
0xd4, 0x7f, 0x2d, 0xff, 0xd1, 0x7a, 0x2b, 0xff, 0xd8, 0x88, 0x31, 0xff, 0xd6, 0x84, 0x2f, 0xff, 
0xd3, 0x80, 0x2e, 0xff, 0xd1, 0x7a, 0x29, 0xff, 0xd4, 0x80, 0x2d, 0xff, 0xd7, 0x86, 0x31, 0xff, 
0xd0, 0x78, 0x29, 0xff, 0xe1, 0x9a, 0x3c, 0xff, 0xe3, 0x9e, 0x3e, 0xff, 0xdc, 0x90, 0x36, 0xff, 
0xe0, 0x97, 0x3b, 0xff, 0xde, 0x94, 0x39, 0xff, 0xdc, 0x90, 0x36, 0xff, 0xd8, 0x89, 0x32, 0xff, 
0xd6, 0x83, 0x2f, 0xff, 0xea, 0xb0, 0x49, 0xff, 0xf1, 0xbd, 0x50, 0xff, 0xea, 0xad, 0x47, 0xff, 
0xe9, 0xad, 0x47, 0xff, 0xe9, 0xac, 0x47, 0xff, 0xf0, 0xb9, 0x4d, 0xff, 0xe8, 0xa9, 0x44, 0xff, 
0xd6, 0x84, 0x2f, 0xff, 0xe5, 0xa4, 0x43, 0xff, 0xf8, 0xcb, 0x5a, 0xff, 0xef, 0xb6, 0x48, 0xff, 
0xd5, 0x7f, 0x2d, 0xff, 0xd1, 0x7d, 0x2d, 0xff, 0xbc, 0x5e, 0x1e, 0xff, 0xca, 0x6e, 0x24, 0xff, 
0xe9, 0xa9, 0x47, 0xff, 0xe3, 0xa0, 0x41, 0xff, 0xd6, 0x85, 0x2f, 0xff, 0xe1, 0x99, 0x3b, 0xff, 
0xd0, 0x7b, 0x2c, 0xff, 0xb9, 0x58, 0x1b, 0xff, 0xc2, 0x66, 0x22, 0xff, 0xc2, 0x66, 0x21, 0xff, 
0xc2, 0x65, 0x21, 0xff, 0xde, 0x8d, 0x34, 0xff, 0xd5, 0x86, 0x31, 0xff, 0xab, 0x4f, 0x19, 0xff, 
0xb3, 0x58, 0x1c, 0xff, 0xc1, 0x67, 0x22, 0xff, 0xbb, 0x5f, 0x20, 0xff, 0xbb, 0x5e, 0x1e, 0xff, 
0xd3, 0x7d, 0x2c, 0xff, 0xcb, 0x77, 0x2b, 0xff, 0xc9, 0x70, 0x26, 0xff, 0xce, 0x74, 0x28, 0xff, 
0xd1, 0x7b, 0x2b, 0xff, 0xda, 0x8d, 0x34, 0xff, 0xda, 0x8b, 0x33, 0xff, 0xcf, 0x78, 0x28, 0xff, 
0xd1, 0x79, 0x2a, 0xff, 0xd8, 0x83, 0x2f, 0xff, 0xd1, 0x7b, 0x2c, 0xff, 0xd3, 0x82, 0x2f, 0xff, 
0xd1, 0x78, 0x29, 0xff, 0xcd, 0x73, 0x25, 0xff, 0xe2, 0x9f, 0x3f, 0xff, 0xf6, 0xc6, 0x59, 0xff, 
0xeb, 0xb0, 0x4a, 0xff, 0xe4, 0xa1, 0x3f, 0xff, 0xe5, 0xa4, 0x41, 0xff, 0xe2, 0x9e, 0x3e, 0xff, 
0xde, 0x94, 0x38, 0xff, 0xdc, 0x8e, 0x35, 0xff, 0xda, 0x8d, 0x34, 0xff, 0xe7, 0xa7, 0x44, 0xff, 
0xe6, 0xa5, 0x43, 0xff, 0xe9, 0xab, 0x46, 0xff, 0xe6, 0xa6, 0x44, 0xff, 0xe2, 0x9d, 0x3e, 0xff, 
0xeb, 0xaf, 0x49, 0xff, 0xe5, 0xa4, 0x42, 0xff, 0xdf, 0x98, 0x3a, 0xff, 0xdb, 0x8e, 0x36, 0xff, 
0xe0, 0x9a, 0x3d, 0xff, 0xf1, 0xbc, 0x50, 0xff, 0xf7, 0xc6, 0x54, 0xff, 0xef, 0xb9, 0x50, 0xff, 
0xe8, 0xae, 0x55, 0xff, 0xe8, 0xa6, 0x38, 0xff, 0xfc, 0xcd, 0x5c, 0xff, 0xff, 0xef, 0xbb, 0xff, 
0xfe, 0xf2, 0xd1, 0xff, 0xff, 0xf4, 0xc6, 0xff, 0xf1, 0xc5, 0x71, 0xff, 0xfe, 0xce, 0x59, 0xff, 
0xfa, 0xc6, 0x52, 0xff, 0xe2, 0x9b, 0x39, 0xff, 0xf3, 0xb7, 0x46, 0xff, 0xcc, 0x7c, 0x2d, 0xff, 
0xc6, 0x6f, 0x27, 0xff, 0xb7, 0x5f, 0x21, 0xff, 0xc7, 0x6e, 0x25, 0xff, 0xe5, 0x90, 0x34, 0xff, 
0xbe, 0x60, 0x20, 0xff, 0xa8, 0x49, 0x16, 0xff, 0xc3, 0x67, 0x22, 0xff, 0xd1, 0x75, 0x27, 0xff, 
0xd9, 0x87, 0x31, 0xff, 0xd5, 0x7e, 0x2d, 0xff, 0xcf, 0x79, 0x2a, 0xff, 0xdc, 0x8d, 0x34, 0xff, 
0xd7, 0x84, 0x2f, 0xff, 0xd6, 0x83, 0x2f, 0xff, 0xda, 0x8c, 0x33, 0xff, 0xd4, 0x83, 0x30, 0xff, 
0xca, 0x73, 0x29, 0xff, 0xd5, 0x85, 0x31, 0xff, 0xd9, 0x89, 0x32, 0xff, 0xe1, 0x9a, 0x3c, 0xff, 
0xdc, 0x91, 0x38, 0xff, 0xd3, 0x7c, 0x2b, 0xff, 0xdb, 0x8c, 0x35, 0xff, 0xd5, 0x81, 0x2d, 0xff, 
0xc9, 0x6d, 0x23, 0xff, 0xd2, 0x78, 0x29, 0xff, 0xba, 0x5b, 0x1d, 0xff, 0xc1, 0x66, 0x22, 0xff, 
0xdd, 0x91, 0x36, 0xff, 0xda, 0x8a, 0x32, 0xff, 0xd2, 0x7b, 0x2b, 0xff, 0xda, 0x8b, 0x34, 0xff, 
0xdb, 0x8c, 0x34, 0xff, 0xc0, 0x68, 0x22, 0xff, 0xbd, 0x61, 0x20, 0xff, 0xce, 0x73, 0x27, 0xff, 
0xbc, 0x60, 0x1e, 0xff, 0xc5, 0x6d, 0x25, 0xff, 0xda, 0x8c, 0x34, 0xff, 0xe8, 0xab, 0x46, 0xff, 
0xef, 0xbc, 0x50, 0xff, 0xed, 0xb6, 0x4d, 0xff, 0xeb, 0xb1, 0x4c, 0xff, 0xe3, 0xa2, 0x41, 0xff, 
0xe3, 0xa0, 0x3f, 0xff, 0xdf, 0x99, 0x3d, 0xff, 0xe1, 0x9d, 0x3e, 0xff, 0xf3, 0xc0, 0x53, 0xff, 
0xe5, 0xa5, 0x42, 0xff, 0xe0, 0x9a, 0x3c, 0xff, 0xe0, 0x9a, 0x3c, 0xff, 0xe4, 0xa2, 0x41, 0xff, 
0xe9, 0xad, 0x48, 0xff, 0xe5, 0xa3, 0x41, 0xff, 0xdf, 0x97, 0x3b, 0xff, 0xe8, 0xa9, 0x45, 0xff, 
0xd0, 0x7e, 0x2d, 0xff, 0xb6, 0x4f, 0x16, 0xff, 0xcb, 0x71, 0x26, 0xff, 0xd8, 0x89, 0x33, 0xff, 
0xdc, 0x94, 0x39, 0xff, 0xe8, 0xa3, 0x40, 0xff, 0xe5, 0x9e, 0x3d, 0xff, 0xd8, 0x8a, 0x31, 0xff, 
0xf0, 0xb8, 0x4f, 0xff, 0xff, 0xe0, 0x79, 0xff, 0xed, 0xb5, 0x55, 0xff, 0xe0, 0x9b, 0x40, 0xff, 
0xe6, 0xab, 0x55, 0xff, 0xfe, 0xe0, 0x85, 0xff, 0xfa, 0xd2, 0x77, 0xff, 0xcc, 0x72, 0x1f, 0xff, 
0xcd, 0x78, 0x2a, 0xff, 0xdb, 0x8f, 0x35, 0xff, 0xe2, 0x9d, 0x3e, 0xff, 0xd8, 0x8a, 0x34, 0xff, 
0xc3, 0x6c, 0x27, 0xff, 0xb4, 0x55, 0x1a, 0xff, 0xd2, 0x7a, 0x29, 0xff, 0xc6, 0x75, 0x2a, 0xff, 
0xb1, 0x55, 0x1b, 0xff, 0xc6, 0x6a, 0x23, 0xff, 0xcd, 0x75, 0x28, 0xff, 0xda, 0x85, 0x31, 0xff, 
0xee, 0xa8, 0x46, 0xff, 0xea, 0xa0, 0x3e, 0xff, 0xea, 0xac, 0x46, 0xff, 0xeb, 0xb0, 0x49, 0xff, 
0xe6, 0xa6, 0x44, 0xff, 0xe0, 0x9b, 0x3c, 0xff, 0xda, 0x8e, 0x35, 0xff, 0xd9, 0x8e, 0x36, 0xff, 
0xdd, 0x98, 0x3c, 0xff, 0xe2, 0x98, 0x39, 0xff, 0xce, 0x77, 0x2a, 0xff, 0xca, 0x73, 0x28, 0xff, 
0xd4, 0x7e, 0x2c, 0xff, 0xb8, 0x5b, 0x1d, 0xff, 0xa7, 0x4f, 0x1a, 0xff, 0xb0, 0x55, 0x1c, 0xff, 
0xb7, 0x5a, 0x1d, 0xff, 0xad, 0x51, 0x1a, 0xff, 0x9b, 0x43, 0x15, 0xff, 0x99, 0x44, 0x15, 0xff, 
0xa1, 0x48, 0x16, 0xff, 0xce, 0x76, 0x29, 0xff, 0xd6, 0x7f, 0x2c, 0xff, 0xc5, 0x6b, 0x23, 0xff, 
0xbd, 0x5f, 0x1e, 0xff, 0xbe, 0x60, 0x1f, 0xff, 0xb2, 0x55, 0x1c, 0xff, 0xb2, 0x56, 0x1b, 0xff, 
0xba, 0x5b, 0x1d, 0xff, 0xc0, 0x67, 0x23, 0xff, 0xcd, 0x75, 0x27, 0xff, 0xd0, 0x79, 0x29, 0xff, 
0xca, 0x72, 0x27, 0xff, 0xc5, 0x69, 0x22, 0xff, 0xc5, 0x68, 0x22, 0xff, 0xce, 0x74, 0x27, 0xff, 
0xca, 0x71, 0x27, 0xff, 0xc9, 0x6e, 0x25, 0xff, 0xc4, 0x67, 0x22, 0xff, 0xbe, 0x5e, 0x1d, 0xff, 
0xc3, 0x65, 0x21, 0xff, 0xca, 0x6f, 0x26, 0xff, 0xce, 0x75, 0x27, 0xff, 0xd6, 0x85, 0x2f, 0xff, 
0xdb, 0x8b, 0x33, 0xff, 0xcd, 0x74, 0x27, 0xff, 0xce, 0x78, 0x29, 0xff, 0xd7, 0x86, 0x31, 0xff, 
0xda, 0x8d, 0x36, 0xff, 0xe1, 0x9d, 0x3d, 0xff, 0xe4, 0x9f, 0x3e, 0xff, 0xd7, 0x83, 0x2e, 0xff, 
0xc9, 0x68, 0x21, 0xff, 0xb0, 0x53, 0x19, 0xff, 0xb3, 0x59, 0x1d, 0xff, 0xa3, 0x4e, 0x1a, 0xff, 
0x9d, 0x48, 0x17, 0xff, 0xb6, 0x5a, 0x1e, 0xff, 0xbc, 0x5f, 0x1f, 0xff, 0xc3, 0x69, 0x23, 0xff, 
0xd4, 0x7f, 0x2c, 0xff, 0xc2, 0x66, 0x21, 0xff, 0xc7, 0x69, 0x23, 0xff, 0xb6, 0x5a, 0x1d, 0xff, 
0xa8, 0x4f, 0x1a, 0xff, 0xb8, 0x5b, 0x1d, 0xff, 0xce, 0x71, 0x25, 0xff, 0xd0, 0x75, 0x28, 0xff, 
0xc6, 0x69, 0x23, 0xff, 0xc7, 0x6a, 0x23, 0xff, 0xc2, 0x65, 0x20, 0xff, 0xc1, 0x62, 0x1f, 0xff, 
0xd5, 0x81, 0x2e, 0xff, 0xe1, 0x95, 0x38, 0xff, 0xd2, 0x7b, 0x2b, 0xff, 0xd2, 0x7b, 0x2b, 0xff, 
0xd3, 0x7d, 0x2c, 0xff, 0xd8, 0x86, 0x31, 0xff, 0xda, 0x8a, 0x33, 0xff, 0xda, 0x8b, 0x33, 0xff, 
0xe7, 0xa7, 0x44, 0xff, 0xe4, 0xa2, 0x40, 0xff, 0xe2, 0x9d, 0x3d, 0xff, 0xdf, 0x98, 0x3b, 0xff, 
0xcc, 0x70, 0x25, 0xff, 0xcf, 0x77, 0x29, 0xff, 0xd4, 0x7f, 0x2e, 0xff, 0xd7, 0x88, 0x32, 0xff, 
0xdd, 0x92, 0x37, 0xff, 0xe6, 0xa4, 0x42, 0xff, 0xe3, 0x9f, 0x40, 0xff, 0xd4, 0x7f, 0x2c, 0xff, 
0xd9, 0x8b, 0x33, 0xff, 0xed, 0xb5, 0x4d, 0xff, 0xe7, 0xaa, 0x46, 0xff, 0xdb, 0x8f, 0x36, 0xff, 
0xe1, 0x9c, 0x3e, 0xff, 0xe6, 0xa5, 0x43, 0xff, 0xf1, 0xbc, 0x4f, 0xff, 0xeb, 0xae, 0x48, 0xff, 
0xe5, 0xa2, 0x42, 0xff, 0xec, 0xb3, 0x4a, 0xff, 0xe8, 0xa9, 0x43, 0xff, 0xe4, 0xa0, 0x3f, 0xff, 
0xde, 0x94, 0x39, 0xff, 0xba, 0x5c, 0x1d, 0xff, 0xbd, 0x5f, 0x1e, 0xff, 0xd9, 0x86, 0x31, 0xff, 
0xdd, 0x92, 0x36, 0xff, 0xd9, 0x89, 0x31, 0xff, 0xde, 0x92, 0x38, 0xff, 0xd3, 0x7c, 0x2c, 0xff, 
0xb4, 0x56, 0x1a, 0xff, 0xbe, 0x63, 0x21, 0xff, 0xba, 0x5e, 0x1f, 0xff, 0xbe, 0x61, 0x1f, 0xff, 
0xc7, 0x6a, 0x23, 0xff, 0xc9, 0x70, 0x26, 0xff, 0xc9, 0x70, 0x26, 0xff, 0xb0, 0x55, 0x1b, 0xff, 
0xb9, 0x5e, 0x1f, 0xff, 0xcf, 0x77, 0x28, 0xff, 0xbd, 0x5f, 0x1f, 0xff, 0xb3, 0x52, 0x18, 0xff, 
0xd7, 0x89, 0x32, 0xff, 0xd9, 0x8a, 0x33, 0xff, 0xc6, 0x6a, 0x23, 0xff, 0xca, 0x72, 0x27, 0xff, 
0xd3, 0x7e, 0x2d, 0xff, 0xd3, 0x7c, 0x2b, 0xff, 0xd5, 0x85, 0x30, 0xff, 0xdf, 0x96, 0x3b, 0xff, 
0xd6, 0x84, 0x2f, 0xff, 0xcc, 0x74, 0x28, 0xff, 0xd1, 0x78, 0x29, 0xff, 0xd8, 0x80, 0x2c, 0xff, 
0xc0, 0x65, 0x20, 0xff, 0xd0, 0x80, 0x2f, 0xff, 0xed, 0xb2, 0x4b, 0xff, 0xe6, 0xaa, 0x4a, 0xff, 
0xdd, 0x93, 0x39, 0xff, 0xe1, 0x9a, 0x3b, 0xff, 0xeb, 0xb2, 0x49, 0xff, 0xee, 0xb7, 0x4d, 0xff, 
0xed, 0xb4, 0x4e, 0xff, 0xe7, 0xa8, 0x47, 0xff, 0xdd, 0x92, 0x36, 0xff, 0xe5, 0xa2, 0x40, 0xff, 
0xe7, 0xa9, 0x45, 0xff, 0xdb, 0x8f, 0x36, 0xff, 0xe8, 0xab, 0x46, 0xff, 0xe7, 0xa9, 0x46, 0xff, 
0xf0, 0xbb, 0x4f, 0xff, 0xed, 0xb4, 0x4b, 0xff, 0xe1, 0x9a, 0x3d, 0xff, 0xe0, 0x99, 0x3b, 0xff, 
0xe8, 0xa9, 0x45, 0xff, 0xf0, 0xb8, 0x4e, 0xff, 0xf2, 0xbe, 0x50, 0xff, 0xe9, 0xac, 0x46, 0xff, 
0xe8, 0xa6, 0x3b, 0xff, 0xf8, 0xc6, 0x4e, 0xff, 0xff, 0xdc, 0x79, 0xff, 0xff, 0xf2, 0xc3, 0xff, 
0xff, 0xf3, 0xcd, 0xff, 0xf9, 0xdf, 0xa2, 0xff, 0xf5, 0xc4, 0x5b, 0xff, 0xd3, 0x87, 0x31, 0xff, 
0xcc, 0x80, 0x31, 0xff, 0xe3, 0xa1, 0x40, 0xff, 0xdf, 0x95, 0x3a, 0xff, 0xd1, 0x7f, 0x2d, 0xff, 
0xbe, 0x5e, 0x1e, 0xff, 0xc0, 0x65, 0x21, 0xff, 0xc3, 0x6b, 0x25, 0xff, 0xdb, 0x89, 0x32, 0xff, 
0xd4, 0x80, 0x2f, 0xff, 0xae, 0x50, 0x19, 0xff, 0xba, 0x5c, 0x1c, 0xff, 0xd6, 0x7e, 0x2b, 0xff, 
0xd7, 0x8d, 0x37, 0xff, 0xb8, 0x5c, 0x1d, 0xff, 0xc6, 0x67, 0x21, 0xff, 0xcc, 0x72, 0x26, 0xff, 
0xca, 0x6f, 0x25, 0xff, 0xcf, 0x78, 0x2a, 0xff, 0xd7, 0x87, 0x31, 0xff, 0xd7, 0x88, 0x32, 0xff, 
0xd6, 0x85, 0x30, 0xff, 0xda, 0x91, 0x38, 0xff, 0xde, 0x95, 0x39, 0xff, 0xd9, 0x89, 0x31, 0xff, 
0xda, 0x8c, 0x33, 0xff, 0xd7, 0x85, 0x30, 0xff, 0xd0, 0x75, 0x28, 0xff, 0xc4, 0x63, 0x1f, 0xff, 
0xcc, 0x74, 0x28, 0xff, 0xd9, 0x88, 0x32, 0xff, 0xd2, 0x7a, 0x2a, 0xff, 0xd8, 0x85, 0x30, 0xff, 
0xe0, 0x98, 0x3b, 0xff, 0xda, 0x8d, 0x34, 0xff, 0xd4, 0x7e, 0x2e, 0xff, 0xdb, 0x8e, 0x36, 0xff, 
0xdc, 0x90, 0x36, 0xff, 0xbb, 0x5c, 0x1d, 0xff, 0xb5, 0x59, 0x1c, 0xff, 0xb4, 0x5a, 0x1c, 0xff, 
0xc1, 0x61, 0x1e, 0xff, 0xd6, 0x81, 0x2e, 0xff, 0xde, 0x95, 0x39, 0xff, 0xe8, 0xab, 0x46, 0xff, 
0xec, 0xb5, 0x4d, 0xff, 0xe5, 0xa5, 0x43, 0xff, 0xe4, 0xa3, 0x42, 0xff, 0xec, 0xb4, 0x4c, 0xff, 
0xe7, 0xa9, 0x45, 0xff, 0xda, 0x8f, 0x37, 0xff, 0xde, 0x96, 0x3a, 0xff, 0xef, 0xba, 0x4e, 0xff, 
0xee, 0xb7, 0x4e, 0xff, 0xee, 0xb8, 0x4e, 0xff, 0xed, 0xb4, 0x4c, 0xff, 0xe2, 0x9e, 0x3e, 0xff, 
0xe4, 0xa3, 0x42, 0xff, 0xe4, 0xa3, 0x42, 0xff, 0xe5, 0xa4, 0x43, 0xff, 0xea, 0xae, 0x48, 0xff, 
0xd4, 0x80, 0x2d, 0xff, 0xce, 0x76, 0x28, 0xff, 0xcc, 0x73, 0x25, 0xff, 0xcd, 0x75, 0x27, 0xff, 
0xe5, 0x9c, 0x3c, 0xff, 0xbf, 0x6b, 0x25, 0xff, 0xb6, 0x5e, 0x1f, 0xff, 0xc9, 0x6f, 0x24, 0xff, 
0xc6, 0x6d, 0x21, 0xff, 0xe8, 0xa9, 0x42, 0xff, 0xff, 0xe9, 0x8d, 0xff, 0xe6, 0xaa, 0x55, 0xff, 
0xdd, 0x92, 0x34, 0xff, 0xe3, 0xa7, 0x4e, 0xff, 0xda, 0x94, 0x40, 0xff, 0xbd, 0x60, 0x1b, 0xff, 
0xba, 0x5c, 0x1d, 0xff, 0xbc, 0x61, 0x20, 0xff, 0xc3, 0x66, 0x21, 0xff, 0xb7, 0x57, 0x1a, 0xff, 
0xa1, 0x47, 0x15, 0xff, 0xba, 0x61, 0x21, 0xff, 0xba, 0x5f, 0x1f, 0xff, 0xa8, 0x4c, 0x17, 0xff, 
0xb4, 0x5d, 0x1e, 0xff, 0xb8, 0x5a, 0x1d, 0xff, 0xc6, 0x6b, 0x24, 0xff, 0x8b, 0x3f, 0x13, 0xff, 
0x77, 0x36, 0x10, 0xff, 0xbf, 0x70, 0x27, 0xff, 0xdb, 0x85, 0x2f, 0xff, 0xe3, 0x9b, 0x3c, 0xff, 
0xe8, 0xa9, 0x44, 0xff, 0xea, 0xad, 0x47, 0xff, 0xeb, 0xaf, 0x49, 0xff, 0xdd, 0x96, 0x3b, 0xff, 
0xc9, 0x77, 0x2a, 0xff, 0xbd, 0x64, 0x21, 0xff, 0xbd, 0x60, 0x20, 0xff, 0xb1, 0x55, 0x1b, 0xff, 
0xb7, 0x54, 0x19, 0xff, 0xa8, 0x51, 0x1a, 0xff, 0x95, 0x46, 0x17, 0xff, 0xa6, 0x51, 0x1a, 0xff, 
0xb2, 0x59, 0x1d, 0xff, 0xbf, 0x64, 0x21, 0xff, 0xb7, 0x5a, 0x1d, 0xff, 0xbf, 0x65, 0x22, 0xff, 
0xd6, 0x80, 0x2d, 0xff, 0xd2, 0x7d, 0x2c, 0xff, 0xd9, 0x8b, 0x33, 0xff, 0xc6, 0x6e, 0x25, 0xff, 
0xc0, 0x63, 0x21, 0xff, 0xc8, 0x6c, 0x24, 0xff, 0xbd, 0x60, 0x1f, 0xff, 0xb6, 0x58, 0x1c, 0xff, 
0xbf, 0x62, 0x20, 0xff, 0xc5, 0x69, 0x23, 0xff, 0xcf, 0x77, 0x28, 0xff, 0xd1, 0x78, 0x29, 0xff, 
0xcb, 0x6f, 0x24, 0xff, 0xb9, 0x5c, 0x1d, 0xff, 0xb9, 0x5e, 0x1f, 0xff, 0xba, 0x60, 0x20, 0xff, 
0xb6, 0x58, 0x1b, 0xff, 0xbe, 0x5f, 0x1e, 0xff, 0xcc, 0x6f, 0x25, 0xff, 0xd0, 0x77, 0x29, 0xff, 
0xd2, 0x78, 0x29, 0xff, 0xd1, 0x7b, 0x2a, 0xff, 0xcb, 0x71, 0x25, 0xff, 0xd3, 0x7e, 0x2c, 0xff, 
0xdf, 0x95, 0x39, 0xff, 0xd9, 0x8c, 0x34, 0xff, 0xd2, 0x7b, 0x2a, 0xff, 0xe0, 0x98, 0x3a, 0xff, 
0xdb, 0x8e, 0x35, 0xff, 0xcf, 0x79, 0x29, 0xff, 0xcc, 0x73, 0x27, 0xff, 0xd1, 0x78, 0x29, 0xff, 
0xcd, 0x74, 0x27, 0xff, 0xcd, 0x6e, 0x24, 0xff, 0xb8, 0x65, 0x23, 0xff, 0x97, 0x47, 0x17, 0xff, 
0x9b, 0x49, 0x18, 0xff, 0xae, 0x54, 0x1b, 0xff, 0xb7, 0x5b, 0x1e, 0xff, 0xbe, 0x5f, 0x1e, 0xff, 
0xcb, 0x6f, 0x25, 0xff, 0xd3, 0x7c, 0x2a, 0xff, 0xcb, 0x70, 0x25, 0xff, 0xca, 0x6d, 0x24, 0xff, 
0xc9, 0x6c, 0x23, 0xff, 0xc0, 0x61, 0x1e, 0xff, 0xc9, 0x6f, 0x26, 0xff, 0xdc, 0x8e, 0x35, 0xff, 
0xd7, 0x84, 0x2f, 0xff, 0xd2, 0x79, 0x2a, 0xff, 0xd1, 0x79, 0x29, 0xff, 0xd1, 0x7a, 0x2b, 0xff, 
0xc6, 0x6e, 0x25, 0xff, 0xbb, 0x5c, 0x1c, 0xff, 0xbd, 0x5d, 0x1d, 0xff, 0xcb, 0x70, 0x25, 0xff, 
0xd2, 0x7a, 0x2a, 0xff, 0xdb, 0x8e, 0x34, 0xff, 0xe6, 0xa6, 0x43, 0xff, 0xdd, 0x93, 0x38, 0xff, 
0xd7, 0x89, 0x31, 0xff, 0xe5, 0xa5, 0x43, 0xff, 0xe7, 0xa8, 0x45, 0xff, 0xe6, 0xa6, 0x43, 0xff, 
0xdb, 0x8f, 0x35, 0xff, 0xce, 0x74, 0x28, 0xff, 0xc6, 0x66, 0x21, 0xff, 0xd2, 0x7c, 0x2b, 0xff, 
0xd5, 0x82, 0x2e, 0xff, 0xd5, 0x85, 0x32, 0xff, 0xe8, 0xab, 0x47, 0xff, 0xda, 0x8b, 0x33, 0xff, 
0xe0, 0x97, 0x3a, 0xff, 0xed, 0xb7, 0x4d, 0xff, 0xe7, 0xa8, 0x45, 0xff, 0xde, 0x93, 0x37, 0xff, 
0xd1, 0x85, 0x33, 0xff, 0xcd, 0x7c, 0x2d, 0xff, 0xdf, 0x96, 0x3a, 0xff, 0xda, 0x8c, 0x35, 0xff, 
0xdf, 0x92, 0x37, 0xff, 0xf0, 0xb7, 0x4f, 0xff, 0xef, 0xb9, 0x50, 0xff, 0xe9, 0xa9, 0x43, 0xff, 
0xd0, 0x7e, 0x2c, 0xff, 0xbe, 0x5e, 0x1d, 0xff, 0xd1, 0x76, 0x28, 0xff, 0xda, 0x8b, 0x33, 0xff, 
0xdf, 0x95, 0x39, 0xff, 0xda, 0x8a, 0x33, 0xff, 0xde, 0x94, 0x38, 0xff, 0xd6, 0x82, 0x2f, 0xff, 
0xbf, 0x61, 0x1f, 0xff, 0xb8, 0x60, 0x1f, 0xff, 0xb5, 0x5a, 0x1d, 0xff, 0xba, 0x5e, 0x1f, 0xff, 
0xc2, 0x65, 0x20, 0xff, 0xc4, 0x67, 0x21, 0xff, 0xdd, 0x91, 0x36, 0xff, 0xd3, 0x7e, 0x2d, 0xff, 
0xaf, 0x4f, 0x18, 0xff, 0xc0, 0x64, 0x20, 0xff, 0xc7, 0x6c, 0x24, 0xff, 0xc0, 0x68, 0x24, 0xff, 
0xc2, 0x64, 0x1f, 0xff, 0xce, 0x73, 0x26, 0xff, 0xd6, 0x86, 0x31, 0xff, 0xcf, 0x79, 0x2a, 0xff, 
0xd6, 0x83, 0x2f, 0xff, 0xd7, 0x86, 0x31, 0xff, 0xe2, 0xa1, 0x41, 0xff, 0xef, 0xb9, 0x4f, 0xff, 
0xdf, 0x95, 0x39, 0xff, 0xbe, 0x5f, 0x1e, 0xff, 0xc1, 0x64, 0x20, 0xff, 0xc2, 0x71, 0x27, 0xff, 
0xc6, 0x74, 0x29, 0xff, 0xda, 0x8c, 0x36, 0xff, 0xdc, 0x94, 0x3a, 0xff, 0xd3, 0x81, 0x2d, 0xff, 
0xd6, 0x86, 0x30, 0xff, 0xdd, 0x94, 0x39, 0xff, 0xdf, 0x97, 0x3a, 0xff, 0xee, 0xb5, 0x4d, 0xff, 
0xf9, 0xce, 0x60, 0xff, 0xf5, 0xc6, 0x59, 0xff, 0xf4, 0xc1, 0x55, 0xff, 0xf5, 0xc6, 0x5a, 0xff, 
0xef, 0xba, 0x50, 0xff, 0xef, 0xb5, 0x4a, 0xff, 0xfa, 0xcd, 0x5c, 0xff, 0xe9, 0xad, 0x48, 0xff, 
0xe6, 0xa6, 0x43, 0xff, 0xea, 0xaf, 0x49, 0xff, 0xec, 0xb2, 0x4a, 0xff, 0xec, 0xb3, 0x4b, 0xff, 
0xe5, 0xa2, 0x41, 0xff, 0xd5, 0x82, 0x2e, 0xff, 0xdb, 0x8f, 0x36, 0xff, 0xe7, 0xa8, 0x43, 0xff, 
0xf8, 0xc9, 0x5d, 0xff, 0xff, 0xd7, 0x66, 0xff, 0xf3, 0xc2, 0x5f, 0xff, 0xfb, 0xd5, 0x7d, 0xff, 
0xff, 0xf3, 0xc8, 0xff, 0xfb, 0xef, 0xcf, 0xff, 0xfc, 0xe5, 0x9e, 0xff, 0xd5, 0x8d, 0x37, 0xff, 
0xb9, 0x5f, 0x1a, 0xff, 0xc5, 0x74, 0x2b, 0xff, 0xbc, 0x61, 0x22, 0xff, 0xc3, 0x61, 0x1e, 0xff, 
0xc5, 0x68, 0x22, 0xff, 0xc1, 0x63, 0x20, 0xff, 0xbb, 0x5c, 0x1e, 0xff, 0xc9, 0x6f, 0x25, 0xff, 
0xd9, 0x86, 0x31, 0xff, 0xdb, 0x8d, 0x35, 0xff, 0xd1, 0x7c, 0x2b, 0xff, 0xe1, 0x9b, 0x3d, 0xff, 
0xc8, 0x76, 0x2b, 0xff, 0xb7, 0x56, 0x1a, 0xff, 0xc8, 0x6b, 0x24, 0xff, 0xc9, 0x6c, 0x24, 0xff, 
0xc5, 0x66, 0x20, 0xff, 0xcc, 0x73, 0x27, 0xff, 0xd4, 0x80, 0x2d, 0xff, 0xe0, 0x9a, 0x3b, 0xff, 
0xe2, 0x9e, 0x3e, 0xff, 0xde, 0x94, 0x39, 0xff, 0xdc, 0x91, 0x37, 0xff, 0xdb, 0x8d, 0x35, 0xff, 
0xe0, 0x99, 0x3b, 0xff, 0xe0, 0x9a, 0x3b, 0xff, 0xd3, 0x7d, 0x2b, 0xff, 0xcc, 0x72, 0x27, 0xff, 
0xce, 0x76, 0x29, 0xff, 0xe0, 0x98, 0x3a, 0xff, 0xde, 0x92, 0x37, 0xff, 0xd2, 0x7c, 0x2b, 0xff, 
0xd6, 0x83, 0x2f, 0xff, 0xdb, 0x8d, 0x34, 0xff, 0xdf, 0x94, 0x38, 0xff, 0xd7, 0x84, 0x2f, 0xff, 
0xca, 0x71, 0x26, 0xff, 0xc6, 0x68, 0x22, 0xff, 0xb8, 0x5e, 0x1e, 0xff, 0xb6, 0x5f, 0x20, 0xff, 
0xd0, 0x77, 0x29, 0xff, 0xcf, 0x74, 0x27, 0xff, 0xde, 0x95, 0x39, 0xff, 0xea, 0xb0, 0x4a, 0xff, 
0xed, 0xb6, 0x4e, 0xff, 0xe4, 0xa4, 0x42, 0xff, 0xdb, 0x8f, 0x35, 0xff, 0xe6, 0xa5, 0x42, 0xff, 
0xe7, 0xab, 0x47, 0xff, 0xe5, 0xa4, 0x43, 0xff, 0xe8, 0xa9, 0x45, 0xff, 0xe1, 0x9b, 0x3d, 0xff, 
0xe3, 0xa0, 0x41, 0xff, 0xed, 0xb5, 0x4d, 0xff, 0xeb, 0xb1, 0x49, 0xff, 0xe9, 0xae, 0x48, 0xff, 
0xe8, 0xac, 0x48, 0xff, 0xe9, 0xae, 0x49, 0xff, 0xee, 0xb5, 0x4d, 0xff, 0xf1, 0xbc, 0x50, 0xff, 
0xec, 0xb1, 0x4a, 0xff, 0xe9, 0xa8, 0x43, 0xff, 0xcf, 0x78, 0x28, 0xff, 0xd1, 0x7b, 0x29, 0xff, 
0xd4, 0x7d, 0x2b, 0xff, 0x9a, 0x43, 0x15, 0xff, 0x9a, 0x46, 0x17, 0xff, 0xb7, 0x5d, 0x1e, 0xff, 
0xb6, 0x54, 0x17, 0xff, 0xd2, 0x7e, 0x2c, 0xff, 0xf8, 0xd0, 0x6c, 0xff, 0xe8, 0xab, 0x4d, 0xff, 
0xe7, 0xa4, 0x40, 0xff, 0xcc, 0x72, 0x22, 0xff, 0xaa, 0x45, 0x0e, 0xff, 0xa6, 0x50, 0x1c, 0xff, 
0xa6, 0x50, 0x19, 0xff, 0xa5, 0x4b, 0x18, 0xff, 0xb7, 0x59, 0x1c, 0xff, 0xb9, 0x5b, 0x1e, 0xff, 
0x9b, 0x46, 0x16, 0xff, 0x96, 0x42, 0x15, 0xff, 0xaa, 0x50, 0x1a, 0xff, 0xdd, 0x8a, 0x32, 0xff, 
0xdf, 0x86, 0x30, 0xff, 0xa3, 0x4e, 0x19, 0xff, 0x79, 0x39, 0x13, 0xff, 0x4a, 0x1b, 0x08, 0xff, 
0x44, 0x19, 0x06, 0xff, 0x7e, 0x38, 0x11, 0xff, 0xc3, 0x68, 0x23, 0xff, 0xc7, 0x72, 0x27, 0xff, 
0xd3, 0x80, 0x2d, 0xff, 0xdb, 0x8a, 0x32, 0xff, 0xd6, 0x84, 0x30, 0xff, 0xc2, 0x67, 0x22, 0xff, 
0xc1, 0x6a, 0x24, 0xff, 0xa8, 0x50, 0x1b, 0xff, 0xb3, 0x57, 0x1c, 0xff, 0xaf, 0x57, 0x1d, 0xff, 
0x9e, 0x4a, 0x18, 0xff, 0x9b, 0x4a, 0x18, 0xff, 0x8c, 0x40, 0x15, 0xff, 0x8f, 0x41, 0x15, 0xff, 
0xb5, 0x59, 0x1d, 0xff, 0xcb, 0x6f, 0x25, 0xff, 0xd7, 0x82, 0x2e, 0xff, 0xda, 0x87, 0x30, 0xff, 
0xcc, 0x76, 0x29, 0xff, 0xbf, 0x66, 0x22, 0xff, 0xd0, 0x7d, 0x2c, 0xff, 0xcd, 0x74, 0x27, 0xff, 
0xac, 0x57, 0x1c, 0xff, 0xa9, 0x56, 0x1d, 0xff, 0xa5, 0x4d, 0x18, 0xff, 0xb6, 0x5b, 0x1d, 0xff, 
0xcb, 0x70, 0x26, 0xff, 0xc4, 0x66, 0x21, 0xff, 0xcc, 0x73, 0x28, 0xff, 0xd1, 0x7d, 0x2d, 0xff, 
0xc0, 0x65, 0x21, 0xff, 0xaa, 0x53, 0x1a, 0xff, 0xad, 0x54, 0x1b, 0xff, 0xa3, 0x4a, 0x18, 0xff, 
0x8f, 0x41, 0x14, 0xff, 0xa8, 0x51, 0x1a, 0xff, 0xbd, 0x61, 0x20, 0xff, 0xc3, 0x70, 0x28, 0xff, 
0xbc, 0x64, 0x21, 0xff, 0xbc, 0x61, 0x1f, 0xff, 0xba, 0x5d, 0x1e, 0xff, 0xc9, 0x6e, 0x25, 0xff, 
0xd1, 0x79, 0x2a, 0xff, 0xd0, 0x79, 0x29, 0xff, 0xd4, 0x80, 0x2d, 0xff, 0xd5, 0x84, 0x30, 0xff, 
0xd6, 0x82, 0x2f, 0xff, 0xd9, 0x88, 0x31, 0xff, 0xd0, 0x7b, 0x2b, 0xff, 0xce, 0x78, 0x2a, 0xff, 
0xda, 0x8b, 0x34, 0xff, 0xc6, 0x6a, 0x23, 0xff, 0xa4, 0x4e, 0x19, 0xff, 0x9d, 0x4a, 0x19, 0xff, 
0x9d, 0x4a, 0x18, 0xff, 0xb0, 0x55, 0x1b, 0xff, 0xc9, 0x6b, 0x23, 0xff, 0xca, 0x6e, 0x25, 0xff, 
0xcf, 0x77, 0x29, 0xff, 0xd6, 0x81, 0x2e, 0xff, 0xd5, 0x7e, 0x2b, 0xff, 0xd0, 0x77, 0x28, 0xff, 
0xc5, 0x68, 0x23, 0xff, 0xc2, 0x62, 0x1f, 0xff, 0xd8, 0x85, 0x31, 0xff, 0xdf, 0x95, 0x38, 0xff, 
0xd7, 0x86, 0x30, 0xff, 0xdc, 0x90, 0x36, 0xff, 0xe9, 0xa7, 0x44, 0xff, 0xd1, 0x82, 0x30, 0xff, 
0xac, 0x4b, 0x16, 0xff, 0xb4, 0x53, 0x1a, 0xff, 0xc6, 0x6a, 0x24, 0xff, 0xcc, 0x72, 0x26, 0xff, 
0xc6, 0x67, 0x21, 0xff, 0xd5, 0x83, 0x2f, 0xff, 0xdd, 0x93, 0x38, 0xff, 0xcf, 0x79, 0x2a, 0xff, 
0xcc, 0x70, 0x25, 0xff, 0xd4, 0x81, 0x2d, 0xff, 0xdb, 0x8d, 0x35, 0xff, 0xdb, 0x8e, 0x35, 0xff, 
0xd8, 0x86, 0x31, 0xff, 0xd1, 0x79, 0x2a, 0xff, 0xd8, 0x86, 0x31, 0xff, 0xdf, 0x94, 0x38, 0xff, 
0xd5, 0x83, 0x2e, 0xff, 0xcb, 0x72, 0x27, 0xff, 0xe4, 0xa1, 0x40, 0xff, 0xe9, 0xad, 0x48, 0xff, 
0xdf, 0x99, 0x3c, 0xff, 0xea, 0xaf, 0x48, 0xff, 0xec, 0xb3, 0x4b, 0xff, 0xe6, 0xa5, 0x43, 0xff, 
0xe1, 0xa0, 0x41, 0xff, 0xd1, 0x7d, 0x2d, 0xff, 0xce, 0x73, 0x27, 0xff, 0xd8, 0x89, 0x33, 0xff, 
0xce, 0x72, 0x25, 0xff, 0xd8, 0x8b, 0x38, 0xff, 0xff, 0xe6, 0x71, 0xff, 0xf9, 0xce, 0x5f, 0xff, 
0xde, 0x95, 0x40, 0xff, 0xc7, 0x67, 0x20, 0xff, 0xd3, 0x7e, 0x2c, 0xff, 0xde, 0x94, 0x38, 0xff, 
0xdc, 0x93, 0x39, 0xff, 0xdd, 0x92, 0x38, 0xff, 0xd8, 0x85, 0x2f, 0xff, 0xc3, 0x6a, 0x23, 0xff, 
0xba, 0x5c, 0x1d, 0xff, 0xc3, 0x68, 0x22, 0xff, 0xc9, 0x70, 0x26, 0xff, 0xc4, 0x69, 0x23, 0xff, 
0xc7, 0x6c, 0x24, 0xff, 0xce, 0x74, 0x27, 0xff, 0xd6, 0x88, 0x33, 0xff, 0xce, 0x79, 0x2b, 0xff, 
0xc0, 0x64, 0x20, 0xff, 0xc0, 0x62, 0x20, 0xff, 0xca, 0x71, 0x26, 0xff, 0xd1, 0x7c, 0x2c, 0xff, 
0xd7, 0x83, 0x2f, 0xff, 0xd1, 0x7b, 0x2b, 0xff, 0xcf, 0x78, 0x2a, 0xff, 0xdd, 0x8e, 0x34, 0xff, 
0xdb, 0x8e, 0x34, 0xff, 0xe3, 0x9e, 0x3f, 0xff, 0xeb, 0xb2, 0x4a, 0xff, 0xe6, 0xa6, 0x44, 0xff, 
0xed, 0xb2, 0x4b, 0xff, 0xdc, 0x8f, 0x36, 0xff, 0xaf, 0x54, 0x19, 0xff, 0xaa, 0x57, 0x1e, 0xff, 
0xb1, 0x66, 0x25, 0xff, 0x80, 0x37, 0x10, 0xff, 0xb9, 0x5e, 0x1e, 0xff, 0xdc, 0x89, 0x31, 0xff, 
0xd8, 0x88, 0x32, 0xff, 0xe1, 0x99, 0x3b, 0xff, 0xec, 0xb2, 0x4a, 0xff, 0xee, 0xb9, 0x4d, 0xff, 
0xf2, 0xbf, 0x53, 0xff, 0xf7, 0xc8, 0x5a, 0xff, 0xf0, 0xb9, 0x4f, 0xff, 0xea, 0xb0, 0x4e, 0xff, 
0xec, 0xb1, 0x4d, 0xff, 0xf5, 0xc4, 0x54, 0xff, 0xec, 0xb2, 0x4d, 0xff, 0xe6, 0xa4, 0x42, 0xff, 
0xe7, 0xa9, 0x43, 0xff, 0xe7, 0xa8, 0x43, 0xff, 0xf0, 0xba, 0x4e, 0xff, 0xf1, 0xbc, 0x50, 0xff, 
0xd8, 0x89, 0x33, 0xff, 0xc6, 0x68, 0x22, 0xff, 0xcc, 0x70, 0x24, 0xff, 0xea, 0xae, 0x4a, 0xff, 
0xfd, 0xd7, 0x6c, 0xff, 0xeb, 0xaf, 0x49, 0xff, 0xdc, 0x90, 0x31, 0xff, 0xf3, 0xbe, 0x50, 0xff, 
0xff, 0xe4, 0x90, 0xff, 0xff, 0xed, 0xb6, 0xff, 0xff, 0xe6, 0x9b, 0xff, 0xff, 0xdb, 0x62, 0xff, 
0xf7, 0xc4, 0x53, 0xff, 0xd8, 0x90, 0x38, 0xff, 0xc1, 0x64, 0x21, 0xff, 0xbc, 0x5e, 0x1e, 0xff, 
0xc2, 0x63, 0x21, 0xff, 0xd0, 0x78, 0x27, 0xff, 0xe1, 0x91, 0x2e, 0xff, 0xe7, 0xa6, 0x42, 0xff, 
0xd7, 0x88, 0x32, 0xff, 0xdc, 0x8f, 0x35, 0xff, 0xd9, 0x86, 0x30, 0xff, 0xdf, 0x97, 0x3a, 0xff, 
0xc6, 0x68, 0x22, 0xff, 0xcc, 0x6f, 0x24, 0xff, 0xc8, 0x6b, 0x24, 0xff, 0xd5, 0x80, 0x2d, 0xff, 
0xd9, 0x8b, 0x33, 0xff, 0xe1, 0x99, 0x3b, 0xff, 0xdd, 0x93, 0x38, 0xff, 0xdf, 0x98, 0x3b, 0xff, 
0xe4, 0xa1, 0x41, 0xff, 0xe0, 0x98, 0x3c, 0xff, 0xe2, 0x9e, 0x41, 0xff, 0xe0, 0x9a, 0x3d, 0xff, 
0xd9, 0x8b, 0x33, 0xff, 0xde, 0x94, 0x38, 0xff, 0xda, 0x8b, 0x35, 0xff, 0xd2, 0x7c, 0x2b, 0xff, 
0xd2, 0x7b, 0x2a, 0xff, 0xd0, 0x7a, 0x2a, 0xff, 0xd8, 0x88, 0x32, 0xff, 0xd1, 0x7b, 0x2b, 0xff, 
0xd2, 0x7c, 0x2b, 0xff, 0xd3, 0x7c, 0x2b, 0xff, 0xd3, 0x7e, 0x2c, 0xff, 0xd7, 0x83, 0x2f, 0xff, 
0xd6, 0x85, 0x31, 0xff, 0xd4, 0x83, 0x2f, 0xff, 0xd6, 0x85, 0x31, 0xff, 0xd1, 0x7b, 0x2c, 0xff, 
0xcf, 0x76, 0x27, 0xff, 0xc8, 0x6a, 0x23, 0xff, 0xd8, 0x87, 0x31, 0xff, 0xe0, 0x9a, 0x3c, 0xff, 
0xe1, 0x9b, 0x3d, 0xff, 0xe1, 0x9c, 0x3d, 0xff, 0xdf, 0x97, 0x39, 0xff, 0xdd, 0x93, 0x37, 0xff, 
0xe2, 0x9e, 0x3f, 0xff, 0xe7, 0xa8, 0x44, 0xff, 0xdd, 0x92, 0x38, 0xff, 0xcd, 0x6e, 0x24, 0xff, 
0xd5, 0x83, 0x2f, 0xff, 0xec, 0xb2, 0x4b, 0xff, 0xe8, 0xab, 0x46, 0xff, 0xde, 0x95, 0x39, 0xff, 
0xe5, 0xa5, 0x42, 0xff, 0xf0, 0xbc, 0x50, 0xff, 0xe5, 0x9a, 0x3b, 0xff, 0xce, 0x79, 0x2b, 0xff, 
0xe2, 0x99, 0x3c, 0xff, 0xe0, 0x92, 0x36, 0xff, 0xd0, 0x78, 0x29, 0xff, 0xd4, 0x83, 0x2f, 0xff, 
0xc6, 0x6a, 0x23, 0xff, 0xb9, 0x5d, 0x1e, 0xff, 0xb6, 0x59, 0x1d, 0xff, 0xbb, 0x5d, 0x1e, 0xff, 
0xcc, 0x72, 0x27, 0xff, 0xcd, 0x74, 0x27, 0xff, 0xdb, 0x8d, 0x30, 0xff, 0xe5, 0xa4, 0x3f, 0xff, 
0xe0, 0x99, 0x3b, 0xff, 0xde, 0x8f, 0x34, 0xff, 0xba, 0x5d, 0x1e, 0xff, 0x8a, 0x36, 0x0f, 0xff, 
0x8b, 0x3d, 0x13, 0xff, 0xa1, 0x4b, 0x18, 0xff, 0xa8, 0x4c, 0x19, 0xff, 0xbc, 0x5f, 0x1f, 0xff, 
0xbb, 0x5c, 0x1d, 0xff, 0x9d, 0x40, 0x11, 0xff, 0xcf, 0x82, 0x31, 0xff, 0xf5, 0xb1, 0x47, 0xff, 
0x9b, 0x4a, 0x17, 0xff, 0x7b, 0x39, 0x12, 0xff, 0xb4, 0x66, 0x23, 0xff, 0xb4, 0x5e, 0x1f, 0xff, 
0x7e, 0x38, 0x12, 0xff, 0x6b, 0x2f, 0x0f, 0xff, 0x9a, 0x52, 0x1d, 0xff, 0xbb, 0x6a, 0x26, 0xff, 
0xaf, 0x5b, 0x1e, 0xff, 0xaa, 0x51, 0x19, 0xff, 0xbd, 0x67, 0x23, 0xff, 0xc8, 0x70, 0x26, 0xff, 
0xba, 0x5e, 0x1f, 0xff, 0xb2, 0x54, 0x1b, 0xff, 0xbd, 0x5f, 0x1e, 0xff, 0xc4, 0x63, 0x20, 0xff, 
0x99, 0x48, 0x18, 0xff, 0x7b, 0x34, 0x11, 0xff, 0x88, 0x3e, 0x13, 0xff, 0x9a, 0x4d, 0x19, 0xff, 
0x81, 0x38, 0x10, 0xff, 0xc6, 0x6d, 0x26, 0xff, 0xd9, 0x87, 0x30, 0xff, 0xcf, 0x7a, 0x2b, 0xff, 
0xcb, 0x75, 0x29, 0xff, 0xd6, 0x87, 0x31, 0xff, 0xd4, 0x7f, 0x2c, 0xff, 0xca, 0x6e, 0x25, 0xff, 
0xa9, 0x52, 0x19, 0xff, 0xa7, 0x50, 0x19, 0xff, 0x93, 0x3d, 0x14, 0xff, 0xab, 0x56, 0x1d, 0xff, 
0xce, 0x75, 0x29, 0xff, 0xc4, 0x69, 0x23, 0xff, 0xd1, 0x77, 0x29, 0xff, 0xc4, 0x68, 0x24, 0xff, 
0x97, 0x45, 0x16, 0xff, 0x91, 0x42, 0x15, 0xff, 0xa2, 0x4d, 0x19, 0xff, 0x8a, 0x40, 0x14, 0xff, 
0x71, 0x32, 0x10, 0xff, 0x7f, 0x39, 0x12, 0xff, 0xa5, 0x4d, 0x1a, 0xff, 0xa9, 0x4d, 0x18, 0xff, 
0x8c, 0x3b, 0x12, 0xff, 0xac, 0x50, 0x19, 0xff, 0xc6, 0x6f, 0x27, 0xff, 0xd0, 0x7b, 0x2c, 0xff, 
0xd1, 0x79, 0x2a, 0xff, 0xd0, 0x79, 0x29, 0xff, 0xcf, 0x77, 0x28, 0xff, 0xd2, 0x7a, 0x2b, 0xff, 
0xd0, 0x79, 0x2a, 0xff, 0xd6, 0x81, 0x2d, 0xff, 0xc8, 0x73, 0x28, 0xff, 0xbc, 0x5f, 0x1e, 0xff, 
0xce, 0x78, 0x2a, 0xff, 0xc4, 0x68, 0x22, 0xff, 0xb3, 0x56, 0x1b, 0xff, 0xa1, 0x4b, 0x18, 0xff, 
0x87, 0x3d, 0x14, 0xff, 0x93, 0x42, 0x15, 0xff, 0xc6, 0x68, 0x22, 0xff, 0xd4, 0x7a, 0x28, 0xff, 
0xdd, 0x91, 0x36, 0xff, 0xd9, 0x8a, 0x33, 0xff, 0xc8, 0x6c, 0x23, 0xff, 0xca, 0x6f, 0x25, 0xff, 
0xc9, 0x70, 0x27, 0xff, 0xbd, 0x60, 0x1f, 0xff, 0xca, 0x6f, 0x26, 0xff, 0xd1, 0x7a, 0x2a, 0xff, 
0xd4, 0x7d, 0x2b, 0xff, 0xd8, 0x89, 0x32, 0xff, 0xe7, 0xa8, 0x45, 0xff, 0xe1, 0x9b, 0x3d, 0xff, 
0xca, 0x6e, 0x24, 0xff, 0xd0, 0x77, 0x29, 0xff, 0xd5, 0x81, 0x2d, 0xff, 0xce, 0x74, 0x27, 0xff, 
0xcf, 0x77, 0x29, 0xff, 0xd2, 0x7d, 0x2c, 0xff, 0xcd, 0x73, 0x26, 0xff, 0xc6, 0x68, 0x21, 0xff, 
0xca, 0x6e, 0x24, 0xff, 0xcf, 0x76, 0x28, 0xff, 0xd4, 0x7f, 0x2c, 0xff, 0xd4, 0x7e, 0x2c, 0xff, 
0xce, 0x73, 0x27, 0xff, 0xd1, 0x7b, 0x2b, 0xff, 0xdc, 0x8e, 0x35, 0xff, 0xe2, 0x9e, 0x3e, 0xff, 
0xdc, 0x8f, 0x36, 0xff, 0xcd, 0x72, 0x26, 0xff, 0xca, 0x6f, 0x24, 0xff, 0xe3, 0x9f, 0x3f, 0xff, 
0xe9, 0xb0, 0x4a, 0xff, 0xe3, 0xa0, 0x40, 0xff, 0xe6, 0xa5, 0x43, 0xff, 0xe9, 0xab, 0x47, 0xff, 
0xe7, 0xa8, 0x45, 0xff, 0xe1, 0x9b, 0x3c, 0xff, 0xe0, 0x96, 0x3a, 0xff, 0xe4, 0x98, 0x3b, 0xff, 
0x99, 0x46, 0x16, 0xff, 0xa6, 0x53, 0x1b, 0xff, 0xf7, 0xbd, 0x51, 0xff, 0xec, 0xb2, 0x4d, 0xff, 
0xdb, 0x94, 0x3f, 0xff, 0xd3, 0x81, 0x30, 0xff, 0xd5, 0x83, 0x2d, 0xff, 0xde, 0x94, 0x38, 0xff, 
0xd7, 0x89, 0x33, 0xff, 0xd9, 0x8a, 0x34, 0xff, 0xd4, 0x7d, 0x2b, 0xff, 0xb4, 0x57, 0x1b, 0xff, 
0xb6, 0x5f, 0x20, 0xff, 0xc8, 0x6d, 0x25, 0xff, 0xc3, 0x67, 0x22, 0xff, 0xcd, 0x70, 0x25, 0xff, 
0xd1, 0x7e, 0x2d, 0xff, 0xd2, 0x85, 0x32, 0xff, 0xc1, 0x60, 0x1e, 0xff, 0xc9, 0x6f, 0x24, 0xff, 
0xd9, 0x8b, 0x33, 0xff, 0xd9, 0x8a, 0x33, 0xff, 0xce, 0x79, 0x2a, 0xff, 0xc0, 0x62, 0x1f, 0xff, 
0xcc, 0x78, 0x2a, 0xff, 0xd3, 0x80, 0x2e, 0xff, 0xbe, 0x5e, 0x1d, 0xff, 0xd0, 0x7a, 0x2b, 0xff, 
0xda, 0x8b, 0x33, 0xff, 0xde, 0x96, 0x3a, 0xff, 0xe1, 0x9d, 0x3e, 0xff, 0xe6, 0xa6, 0x43, 0xff, 
0xf0, 0xba, 0x4f, 0xff, 0xd9, 0x8f, 0x37, 0xff, 0xce, 0x7a, 0x2b, 0xff, 0xd6, 0x84, 0x30, 0xff, 
0xb4, 0x65, 0x23, 0xff, 0x73, 0x2b, 0x0b, 0xff, 0xaf, 0x53, 0x19, 0xff, 0xd4, 0x77, 0x27, 0xff, 
0xde, 0x8e, 0x35, 0xff, 0xc6, 0x75, 0x2a, 0xff, 0xd2, 0x88, 0x33, 0xff, 0xed, 0xb2, 0x4a, 0xff, 
0xea, 0xaf, 0x49, 0xff, 0xe6, 0xa6, 0x44, 0xff, 0xde, 0x96, 0x3a, 0xff, 0xe1, 0x9a, 0x3b, 0xff, 
0xe6, 0xa5, 0x43, 0xff, 0xdf, 0x98, 0x3b, 0xff, 0xdf, 0x96, 0x39, 0xff, 0xef, 0xb9, 0x4e, 0xff, 
0xf6, 0xc7, 0x5c, 0xff, 0xf4, 0xc2, 0x58, 0xff, 0xed, 0xb4, 0x4b, 0xff, 0xe0, 0x99, 0x3b, 0xff, 
0xd8, 0x87, 0x31, 0xff, 0xd4, 0x81, 0x2e, 0xff, 0xe1, 0x9b, 0x3e, 0xff, 0xf7, 0xc7, 0x5b, 0xff, 
0xe9, 0xac, 0x47, 0xff, 0xe3, 0xa0, 0x3f, 0xff, 0xee, 0xb5, 0x4a, 0xff, 0xf9, 0xc7, 0x4f, 0xff, 
0xfc, 0xcc, 0x55, 0xff, 0xfd, 0xd3, 0x67, 0xff, 0xfb, 0xcd, 0x60, 0xff, 0xf6, 0xc3, 0x54, 0xff, 
0xef, 0xb5, 0x4c, 0xff, 0xf4, 0xbe, 0x4f, 0xff, 0xe3, 0x9b, 0x3c, 0xff, 0xd2, 0x7d, 0x2d, 0xff, 
0xd1, 0x7e, 0x29, 0xff, 0xea, 0xae, 0x51, 0xff, 0xfa, 0xd9, 0x7b, 0xff, 0xed, 0xb3, 0x4d, 0xff, 
0xda, 0x8a, 0x31, 0xff, 0xd0, 0x76, 0x28, 0xff, 0xd7, 0x85, 0x30, 0xff, 0xd9, 0x89, 0x32, 0xff, 
0xca, 0x6d, 0x24, 0xff, 0xce, 0x75, 0x27, 0xff, 0xd3, 0x7c, 0x2b, 0xff, 0xd4, 0x7f, 0x2d, 0xff, 
0xdb, 0x8d, 0x35, 0xff, 0xda, 0x8c, 0x34, 0xff, 0xdc, 0x91, 0x38, 0xff, 0xe4, 0xa4, 0x42, 0xff, 
0xde, 0x95, 0x39, 0xff, 0xde, 0x94, 0x37, 0xff, 0xe4, 0xa1, 0x41, 0xff, 0xd7, 0x86, 0x32, 0xff, 
0xd1, 0x78, 0x29, 0xff, 0xd5, 0x82, 0x2e, 0xff, 0xd5, 0x81, 0x2f, 0xff, 0xd1, 0x79, 0x2a, 0xff, 
0xd6, 0x80, 0x2e, 0xff, 0xd8, 0x88, 0x32, 0xff, 0xe2, 0x9f, 0x3f, 0xff, 0xe3, 0x9f, 0x3e, 0xff, 
0xd2, 0x7c, 0x2c, 0xff, 0xcd, 0x71, 0x26, 0xff, 0xcf, 0x75, 0x27, 0xff, 0xd5, 0x7f, 0x2d, 0xff, 
0xdc, 0x8e, 0x35, 0xff, 0xe3, 0x9e, 0x3e, 0xff, 0xde, 0x92, 0x37, 0xff, 0xc9, 0x6c, 0x23, 0xff, 
0xcb, 0x71, 0x27, 0xff, 0xd2, 0x7b, 0x2b, 0xff, 0xd6, 0x83, 0x2f, 0xff, 0xd5, 0x82, 0x2e, 0xff, 
0xd6, 0x84, 0x2f, 0xff, 0xe7, 0xa2, 0x3f, 0xff, 0xe6, 0x99, 0x3a, 0xff, 0xd5, 0x7f, 0x2d, 0xff, 
0xd9, 0x8a, 0x34, 0xff, 0xdc, 0x92, 0x38, 0xff, 0xd0, 0x77, 0x29, 0xff, 0xd1, 0x78, 0x29, 0xff, 
0xd2, 0x7c, 0x2b, 0xff, 0xd2, 0x7d, 0x2c, 0xff, 0xda, 0x8f, 0x37, 0xff, 0xe0, 0x9a, 0x3b, 0xff, 
0xde, 0x93, 0x37, 0xff, 0xe5, 0x9a, 0x3a, 0xff, 0xa8, 0x55, 0x1c, 0xff, 0xab, 0x4e, 0x17, 0xff, 
0xbd, 0x64, 0x21, 0xff, 0xa2, 0x49, 0x16, 0xff, 0xcd, 0x75, 0x29, 0xff, 0xcf, 0x77, 0x29, 0xff, 
0xc1, 0x63, 0x1f, 0xff, 0xc4, 0x67, 0x21, 0xff, 0xc8, 0x6b, 0x23, 0xff, 0xc4, 0x66, 0x21, 0xff, 
0xc6, 0x69, 0x21, 0xff, 0xcf, 0x75, 0x27, 0xff, 0xd5, 0x82, 0x2e, 0xff, 0xdf, 0x98, 0x3b, 0xff, 
0xdc, 0x90, 0x36, 0xff, 0xd3, 0x7d, 0x2c, 0xff, 0xd0, 0x7a, 0x2a, 0xff, 0xbc, 0x6a, 0x25, 0xff, 
0x9e, 0x4a, 0x18, 0xff, 0x9d, 0x46, 0x15, 0xff, 0xb2, 0x58, 0x1c, 0xff, 0xc5, 0x69, 0x22, 0xff, 
0xda, 0x8b, 0x33, 0xff, 0xea, 0xa3, 0x40, 0xff, 0xe9, 0xa0, 0x3d, 0xff, 0xc5, 0x6f, 0x28, 0xff, 
0x65, 0x1f, 0x08, 0xff, 0x97, 0x53, 0x1d, 0xff, 0xff, 0xab, 0x3e, 0xff, 0xe2, 0x80, 0x2c, 0xff, 
0x8d, 0x3e, 0x14, 0xff, 0x5c, 0x27, 0x0c, 0xff, 0x7a, 0x3a, 0x12, 0xff, 0xc4, 0x6d, 0x26, 0xff, 
0x9c, 0x4b, 0x19, 0xff, 0x95, 0x43, 0x15, 0xff, 0xaf, 0x54, 0x1b, 0xff, 0xb8, 0x59, 0x1c, 0xff, 
0xb2, 0x55, 0x1b, 0xff, 0xa2, 0x4f, 0x19, 0xff, 0x98, 0x48, 0x17, 0xff, 0xa7, 0x4f, 0x1a, 0xff, 
0xad, 0x53, 0x1b, 0xff, 0xb3, 0x5a, 0x1e, 0xff, 0xb1, 0x5a, 0x1d, 0xff, 0x8f, 0x45, 0x17, 0xff, 
0x83, 0x3b, 0x13, 0xff, 0xbb, 0x61, 0x1f, 0xff, 0xc4, 0x68, 0x21, 0xff, 0xcc, 0x78, 0x2a, 0xff, 
0xd9, 0x87, 0x31, 0xff, 0xd5, 0x7f, 0x2c, 0xff, 0xb7, 0x60, 0x20, 0xff, 0xa8, 0x52, 0x1b, 0xff, 
0xb5, 0x5b, 0x1e, 0xff, 0xbc, 0x61, 0x1f, 0xff, 0xc9, 0x73, 0x28, 0xff, 0xb7, 0x5e, 0x20, 0xff, 
0xca, 0x6e, 0x26, 0xff, 0xbb, 0x62, 0x20, 0xff, 0x9b, 0x47, 0x16, 0xff, 0x9a, 0x45, 0x15, 0xff, 
0x90, 0x42, 0x15, 0xff, 0xa3, 0x51, 0x1b, 0xff, 0x92, 0x42, 0x14, 0xff, 0x83, 0x3b, 0x13, 0xff, 
0x98, 0x47, 0x17, 0xff, 0x81, 0x3a, 0x12, 0xff, 0x98, 0x47, 0x17, 0xff, 0xa0, 0x4a, 0x18, 0xff, 
0xa3, 0x4d, 0x18, 0xff, 0xc8, 0x6d, 0x25, 0xff, 0xd2, 0x7f, 0x2d, 0xff, 0xbd, 0x67, 0x23, 0xff, 
0xc9, 0x72, 0x28, 0xff, 0xdc, 0x90, 0x37, 0xff, 0xd8, 0x87, 0x32, 0xff, 0xd5, 0x80, 0x2d, 0xff, 
0xd0, 0x79, 0x29, 0xff, 0xcb, 0x70, 0x25, 0xff, 0xca, 0x6f, 0x26, 0xff, 0xdc, 0x91, 0x36, 0xff, 
0xcb, 0x77, 0x2a, 0xff, 0xc4, 0x68, 0x21, 0xff, 0xd3, 0x77, 0x28, 0xff, 0x9b, 0x47, 0x16, 0xff, 
0x98, 0x46, 0x17, 0xff, 0xaa, 0x51, 0x1a, 0xff, 0xbd, 0x5d, 0x1d, 0xff, 0xda, 0x8a, 0x32, 0xff, 
0xe2, 0x9c, 0x3d, 0xff, 0xd4, 0x82, 0x2e, 0xff, 0xd7, 0x8a, 0x34, 0xff, 0xcf, 0x78, 0x2a, 0xff, 
0xc5, 0x69, 0x22, 0xff, 0xc0, 0x63, 0x1f, 0xff, 0xc4, 0x66, 0x20, 0xff, 0xca, 0x6f, 0x24, 0xff, 
0xcb, 0x70, 0x25, 0xff, 0xd2, 0x79, 0x2a, 0xff, 0xde, 0x96, 0x3a, 0xff, 0xe4, 0xa0, 0x40, 0xff, 
0xd7, 0x85, 0x2f, 0xff, 0xcc, 0x71, 0x26, 0xff, 0xcc, 0x73, 0x27, 0xff, 0xe2, 0x9b, 0x3d, 0xff, 
0xd9, 0x8c, 0x34, 0xff, 0xc2, 0x62, 0x1e, 0xff, 0xcf, 0x78, 0x29, 0xff, 0xcc, 0x73, 0x27, 0xff, 
0xcc, 0x71, 0x25, 0xff, 0xd0, 0x76, 0x27, 0xff, 0xd6, 0x83, 0x2f, 0xff, 0xd9, 0x8b, 0x33, 0xff, 
0xd3, 0x7e, 0x2c, 0xff, 0xd5, 0x80, 0x2d, 0xff, 0xde, 0x95, 0x39, 0xff, 0xe4, 0xa2, 0x41, 0xff, 
0xd8, 0x86, 0x31, 0xff, 0xc5, 0x67, 0x21, 0xff, 0xbd, 0x5a, 0x1a, 0xff, 0xd4, 0x80, 0x2c, 0xff, 
0xe1, 0x9b, 0x3c, 0xff, 0xe5, 0xa4, 0x43, 0xff, 0xe7, 0xa9, 0x46, 0xff, 0xe8, 0xaa, 0x46, 0xff, 
0xe6, 0xa8, 0x45, 0xff, 0xdc, 0x91, 0x37, 0xff, 0xe9, 0xab, 0x45, 0xff, 0xd9, 0x8b, 0x35, 0xff, 
0xab, 0x4d, 0x17, 0xff, 0xc4, 0x6f, 0x26, 0xff, 0xe9, 0xa4, 0x41, 0xff, 0xde, 0x91, 0x36, 0xff, 
0xc0, 0x65, 0x20, 0xff, 0xd1, 0x84, 0x2f, 0xff, 0xf3, 0xbf, 0x54, 0xff, 0xe9, 0xaa, 0x48, 0xff, 
0xd8, 0x86, 0x30, 0xff, 0xd4, 0x7f, 0x2d, 0xff, 0xc1, 0x67, 0x21, 0xff, 0xc2, 0x67, 0x23, 0xff, 
0xce, 0x76, 0x29, 0xff, 0xd2, 0x82, 0x2f, 0xff, 0xb6, 0x5b, 0x1e, 0xff, 0xcc, 0x75, 0x2a, 0xff, 
0xcb, 0x7d, 0x2e, 0xff, 0xc2, 0x6e, 0x27, 0xff, 0xbd, 0x60, 0x1f, 0xff, 0xc1, 0x66, 0x21, 0xff, 
0xcf, 0x76, 0x28, 0xff, 0xc1, 0x6d, 0x27, 0xff, 0xd8, 0x88, 0x32, 0xff, 0xc7, 0x6a, 0x23, 0xff, 
0xb1, 0x50, 0x18, 0xff, 0xbb, 0x5e, 0x1e, 0xff, 0xcb, 0x70, 0x26, 0xff, 0xca, 0x6e, 0x24, 0xff, 
0xd2, 0x7a, 0x2a, 0xff, 0xda, 0x8c, 0x34, 0xff, 0xda, 0x8e, 0x34, 0xff, 0xe3, 0xa1, 0x3e, 0xff, 
0xf5, 0xc4, 0x59, 0xff, 0xec, 0xb6, 0x52, 0xff, 0xce, 0x7d, 0x2c, 0xff, 0xc1, 0x67, 0x22, 0xff, 
0xaf, 0x5b, 0x1e, 0xff, 0x97, 0x41, 0x14, 0xff, 0xc7, 0x71, 0x29, 0xff, 0xeb, 0xaa, 0x44, 0xff, 
0xeb, 0xac, 0x46, 0xff, 0xd1, 0x87, 0x35, 0xff, 0xe4, 0xa6, 0x44, 0xff, 0xeb, 0xae, 0x47, 0xff, 
0xdb, 0x8e, 0x34, 0xff, 0xdb, 0x8f, 0x33, 0xff, 0xf0, 0xba, 0x53, 0xff, 0xf4, 0xc4, 0x57, 0xff, 
0xe8, 0xac, 0x46, 0xff, 0xde, 0x95, 0x39, 0xff, 0xe6, 0xa6, 0x42, 0xff, 0xe7, 0xa7, 0x44, 0xff, 
0xf3, 0xc1, 0x5c, 0xff, 0xfd, 0xd3, 0x64, 0xff, 0xf3, 0xbd, 0x51, 0xff, 0xef, 0xb2, 0x4d, 0xff, 
0xf0, 0xb9, 0x51, 0xff, 0xfa, 0xcd, 0x5c, 0xff, 0xfc, 0xd0, 0x5d, 0xff, 0xed, 0xb4, 0x4d, 0xff, 
0xe0, 0x98, 0x3a, 0xff, 0xec, 0xb1, 0x4a, 0xff, 0xf4, 0xc2, 0x53, 0xff, 0xf3, 0xc1, 0x55, 0xff, 
0xf7, 0xc7, 0x58, 0xff, 0xf7, 0xc5, 0x52, 0xff, 0xfa, 0xd0, 0x62, 0xff, 0xed, 0xb4, 0x4f, 0xff, 
0xe2, 0x9b, 0x3c, 0xff, 0xe0, 0x99, 0x3b, 0xff, 0xdc, 0x90, 0x36, 0xff, 0xd3, 0x7c, 0x2c, 0xff, 
0xcf, 0x75, 0x20, 0xff, 0xf8, 0xce, 0x70, 0xff, 0xff, 0xfc, 0xae, 0xff, 0xeb, 0xae, 0x4b, 0xff, 
0xdc, 0x8e, 0x31, 0xff, 0xdb, 0x8e, 0x35, 0xff, 0xd8, 0x87, 0x31, 0xff, 0xda, 0x8c, 0x34, 0xff, 
0xd7, 0x88, 0x32, 0xff, 0xcb, 0x70, 0x24, 0xff, 0xd3, 0x7c, 0x2b, 0xff, 0xdc, 0x8f, 0x37, 0xff, 
0xdb, 0x8e, 0x35, 0xff, 0xc8, 0x69, 0x21, 0xff, 0xdd, 0x98, 0x3c, 0xff, 0xf1, 0xbe, 0x52, 0xff, 
0xe3, 0x9c, 0x3b, 0xff, 0xd6, 0x82, 0x2c, 0xff, 0xd7, 0x86, 0x30, 0xff, 0xd8, 0x87, 0x30, 0xff, 
0xd2, 0x7c, 0x2c, 0xff, 0xd2, 0x7a, 0x29, 0xff, 0xd6, 0x81, 0x2e, 0xff, 0xcc, 0x70, 0x25, 0xff, 
0xd4, 0x7d, 0x2d, 0xff, 0xe8, 0xa9, 0x45, 0xff, 0xe3, 0xa3, 0x41, 0xff, 0xdb, 0x8f, 0x36, 0xff, 
0xd3, 0x7a, 0x2b, 0xff, 0xcf, 0x74, 0x27, 0xff, 0xd4, 0x7e, 0x2c, 0xff, 0xd3, 0x7d, 0x2c, 0xff, 
0xd9, 0x8a, 0x33, 0xff, 0xda, 0x8b, 0x33, 0xff, 0xde, 0x94, 0x39, 0xff, 0xdc, 0x8f, 0x36, 0xff, 
0xd4, 0x80, 0x2e, 0xff, 0xd9, 0x89, 0x32, 0xff, 0xd6, 0x82, 0x2e, 0xff, 0xd9, 0x8b, 0x34, 0xff, 
0xe4, 0x9c, 0x3c, 0xff, 0xd4, 0x87, 0x31, 0xff, 0xa9, 0x55, 0x1c, 0xff, 0xba, 0x5f, 0x20, 0xff, 
0xd0, 0x76, 0x27, 0xff, 0xce, 0x74, 0x27, 0xff, 0xd4, 0x7f, 0x2d, 0xff, 0xdb, 0x8e, 0x34, 0xff, 
0xd6, 0x80, 0x2d, 0xff, 0xc8, 0x69, 0x21, 0xff, 0xde, 0x96, 0x3a, 0xff, 0xe6, 0xa6, 0x43, 0xff, 
0xdd, 0x8a, 0x32, 0xff, 0xc6, 0x6c, 0x24, 0xff, 0x95, 0x41, 0x14, 0xff, 0x9f, 0x53, 0x1c, 0xff, 
0x75, 0x34, 0x10, 0xff, 0x89, 0x3b, 0x12, 0xff, 0xb5, 0x58, 0x1b, 0xff, 0xbf, 0x60, 0x1e, 0xff, 
0xc0, 0x63, 0x20, 0xff, 0xbe, 0x60, 0x1e, 0xff, 0xca, 0x6f, 0x24, 0xff, 0xce, 0x74, 0x26, 0xff, 
0xc7, 0x6c, 0x23, 0xff, 0xcf, 0x76, 0x27, 0xff, 0xd5, 0x81, 0x2d, 0xff, 0xd6, 0x81, 0x2d, 0xff, 
0xd4, 0x7f, 0x2d, 0xff, 0xb4, 0x55, 0x1a, 0xff, 0xb3, 0x56, 0x1c, 0xff, 0xdc, 0x8d, 0x34, 0xff, 
0xd2, 0x7f, 0x2d, 0xff, 0xcd, 0x79, 0x2a, 0xff, 0xe0, 0x8f, 0x33, 0xff, 0xc0, 0x65, 0x20, 0xff, 
0xc7, 0x6f, 0x25, 0xff, 0xf8, 0xc4, 0x54, 0xff, 0xd8, 0x8e, 0x36, 0xff, 0xad, 0x42, 0x0f, 0xff, 
0xa1, 0x4a, 0x18, 0xff, 0x75, 0x35, 0x11, 0xff, 0x91, 0x4a, 0x19, 0xff, 0x9a, 0x4b, 0x18, 0xff, 
0x74, 0x34, 0x10, 0xff, 0x6c, 0x31, 0x0f, 0xff, 0x75, 0x36, 0x11, 0xff, 0x84, 0x3d, 0x13, 0xff, 
0x83, 0x3a, 0x13, 0xff, 0xa2, 0x4d, 0x19, 0xff, 0xb2, 0x57, 0x1c, 0xff, 0xaa, 0x52, 0x1b, 0xff, 
0x9b, 0x4d, 0x19, 0xff, 0x9f, 0x4d, 0x19, 0xff, 0x96, 0x46, 0x17, 0xff, 0x92, 0x42, 0x16, 0xff, 
0xa3, 0x4c, 0x19, 0xff, 0xc6, 0x68, 0x23, 0xff, 0xce, 0x70, 0x25, 0xff, 0xac, 0x55, 0x1c, 0xff, 
0xc4, 0x69, 0x23, 0xff, 0x9a, 0x41, 0x14, 0xff, 0xb0, 0x5a, 0x1e, 0xff, 0xe1, 0x90, 0x34, 0xff, 
0xce, 0x79, 0x2b, 0xff, 0xbc, 0x60, 0x1f, 0xff, 0x88, 0x3a, 0x12, 0xff, 0x73, 0x2d, 0x0d, 0xff, 
0x8e, 0x3e, 0x14, 0xff, 0xbf, 0x6b, 0x26, 0xff, 0xde, 0x8b, 0x32, 0xff, 0xbb, 0x5d, 0x1e, 0xff, 
0xbd, 0x61, 0x20, 0xff, 0xbe, 0x62, 0x20, 0xff, 0x9d, 0x4e, 0x1a, 0xff, 0x87, 0x3f, 0x15, 0xff, 
0xa3, 0x52, 0x1b, 0xff, 0xca, 0x6e, 0x24, 0xff, 0xcd, 0x72, 0x27, 0xff, 0xac, 0x53, 0x1c, 0xff, 
0x9e, 0x49, 0x17, 0xff, 0xaa, 0x56, 0x1c, 0xff, 0xb2, 0x5b, 0x1f, 0xff, 0xa0, 0x49, 0x18, 0xff, 
0xbb, 0x5a, 0x1c, 0xff, 0xde, 0x91, 0x37, 0xff, 0xce, 0x7c, 0x2c, 0xff, 0xb2, 0x51, 0x18, 0xff, 
0xc4, 0x69, 0x24, 0xff, 0xdd, 0x92, 0x37, 0xff, 0xda, 0x8f, 0x36, 0xff, 0xd5, 0x83, 0x2e, 0xff, 
0xd0, 0x77, 0x28, 0xff, 0xcf, 0x74, 0x27, 0xff, 0xd0, 0x77, 0x28, 0xff, 0xdd, 0x91, 0x36, 0xff, 
0xda, 0x8b, 0x32, 0xff, 0xb9, 0x5d, 0x1e, 0xff, 0xb5, 0x5a, 0x1e, 0xff, 0xa1, 0x4c, 0x18, 0xff, 
0x95, 0x44, 0x16, 0xff, 0xb7, 0x5b, 0x1d, 0xff, 0xc2, 0x62, 0x1f, 0xff, 0xd8, 0x83, 0x2f, 0xff, 
0xdc, 0x8d, 0x34, 0xff, 0xdf, 0x95, 0x38, 0xff, 0xea, 0xad, 0x46, 0xff, 0xd4, 0x80, 0x2e, 0xff, 
0xc7, 0x69, 0x22, 0xff, 0xcf, 0x77, 0x29, 0xff, 0xd6, 0x83, 0x2e, 0xff, 0xca, 0x70, 0x26, 0xff, 
0xc6, 0x69, 0x22, 0xff, 0xca, 0x6d, 0x23, 0xff, 0xcf, 0x74, 0x27, 0xff, 0xdb, 0x8d, 0x35, 0xff, 
0xe3, 0x9e, 0x3e, 0xff, 0xcf, 0x77, 0x29, 0xff, 0xc7, 0x69, 0x22, 0xff, 0xd7, 0x86, 0x30, 0xff, 
0xcf, 0x78, 0x2a, 0xff, 0xca, 0x6f, 0x25, 0xff, 0xd1, 0x79, 0x2a, 0xff, 0xc9, 0x6d, 0x25, 0xff, 
0xc9, 0x6e, 0x24, 0xff, 0xdd, 0x93, 0x38, 0xff, 0xde, 0x95, 0x39, 0xff, 0xd7, 0x84, 0x2f, 0xff, 
0xda, 0x8a, 0x33, 0xff, 0xda, 0x89, 0x32, 0xff, 0xdb, 0x8f, 0x36, 0xff, 0xdd, 0x94, 0x38, 0xff, 
0xda, 0x8d, 0x33, 0xff, 0xd1, 0x7a, 0x2a, 0xff, 0xcf, 0x78, 0x2a, 0xff, 0xd0, 0x79, 0x29, 0xff, 
0xd5, 0x80, 0x2c, 0xff, 0xdd, 0x93, 0x37, 0xff, 0xe5, 0xa5, 0x43, 0xff, 0xe5, 0xa4, 0x43, 0xff, 
0xe3, 0x9f, 0x40, 0xff, 0xe0, 0x98, 0x3b, 0xff, 0xe6, 0xa4, 0x41, 0xff, 0xcf, 0x7c, 0x2d, 0xff, 
0xc9, 0x68, 0x21, 0xff, 0xe1, 0x94, 0x38, 0xff, 0xe3, 0xa2, 0x41, 0xff, 0xd4, 0x7f, 0x2c, 0xff, 
0xb9, 0x5d, 0x1e, 0xff, 0xac, 0x4f, 0x17, 0xff, 0xe4, 0xa1, 0x44, 0xff, 0xfd, 0xd4, 0x65, 0xff, 
0xd2, 0x7f, 0x2d, 0xff, 0xc0, 0x61, 0x1e, 0xff, 0xb8, 0x59, 0x1b, 0xff, 0xd1, 0x7c, 0x2d, 0xff, 
0xc8, 0x6e, 0x25, 0xff, 0xd3, 0x7c, 0x2c, 0xff, 0xb9, 0x62, 0x21, 0xff, 0xbb, 0x65, 0x23, 0xff, 
0xec, 0xac, 0x45, 0xff, 0xd7, 0x84, 0x2f, 0xff, 0xaf, 0x50, 0x18, 0xff, 0xaf, 0x55, 0x1c, 0xff, 
0xbc, 0x5f, 0x1e, 0xff, 0xc3, 0x66, 0x21, 0xff, 0xcc, 0x72, 0x26, 0xff, 0xce, 0x73, 0x27, 0xff, 
0xc9, 0x6f, 0x26, 0xff, 0xb3, 0x56, 0x1c, 0xff, 0xb0, 0x55, 0x1c, 0xff, 0xc4, 0x65, 0x1f, 0xff, 
0xd9, 0x86, 0x30, 0xff, 0xf1, 0xbc, 0x52, 0xff, 0xf2, 0xbf, 0x56, 0xff, 0xf3, 0xc1, 0x56, 0xff, 
0xf1, 0xbd, 0x54, 0xff, 0xf3, 0xbb, 0x50, 0xff, 0xdc, 0x9e, 0x40, 0xff, 0xb5, 0x5d, 0x1f, 0xff, 
0xc4, 0x6a, 0x23, 0xff, 0xd8, 0x89, 0x32, 0xff, 0xed, 0xb1, 0x49, 0xff, 0xef, 0xb9, 0x4e, 0xff, 
0xee, 0xb6, 0x4c, 0xff, 0xf4, 0xc0, 0x53, 0xff, 0xf3, 0xbf, 0x52, 0xff, 0xec, 0xb3, 0x4b, 0xff, 
0xea, 0xae, 0x4b, 0xff, 0xf0, 0xbc, 0x52, 0xff, 0xea, 0xae, 0x47, 0xff, 0xe5, 0xa4, 0x44, 0xff, 
0xe0, 0x99, 0x3b, 0xff, 0xec, 0xb4, 0x4d, 0xff, 0xd6, 0x85, 0x32, 0xff, 0xc8, 0x6c, 0x22, 0xff, 
0xf6, 0xc7, 0x59, 0xff, 0xf5, 0xbf, 0x51, 0xff, 0xd3, 0x86, 0x33, 0xff, 0xc4, 0x78, 0x30, 0xff, 
0xe1, 0x9b, 0x3f, 0xff, 0xe2, 0x9d, 0x40, 0xff, 0xe2, 0x9f, 0x40, 0xff, 0xe3, 0x9f, 0x40, 0xff, 
0xd9, 0x8a, 0x33, 0xff, 0xde, 0x95, 0x3a, 0xff, 0xeb, 0xb0, 0x49, 0xff, 0xda, 0x8d, 0x36, 0xff, 
0xde, 0x93, 0x3b, 0xff, 0xf0, 0xb9, 0x4a, 0xff, 0xf7, 0xc8, 0x5b, 0xff, 0xf7, 0xc8, 0x5b, 0xff, 
0xe4, 0xa3, 0x40, 0xff, 0xd7, 0x85, 0x2f, 0xff, 0xd9, 0x89, 0x33, 0xff, 0xd8, 0x88, 0x31, 0xff, 
0xd9, 0x88, 0x31, 0xff, 0xe1, 0x99, 0x3f, 0xff, 0xf0, 0xb8, 0x4f, 0xff, 0xf0, 0xb4, 0x48, 0xff, 
0xde, 0x94, 0x39, 0xff, 0xd8, 0x8a, 0x33, 0xff, 0xd0, 0x76, 0x28, 0xff, 0xdb, 0x8f, 0x36, 0xff, 
0xdf, 0x97, 0x3a, 0xff, 0xd0, 0x79, 0x29, 0xff, 0xcf, 0x75, 0x27, 0xff, 0xdb, 0x8d, 0x34, 0xff, 
0xdb, 0x8f, 0x35, 0xff, 0xdd, 0x91, 0x37, 0xff, 0xe6, 0xa5, 0x42, 0xff, 0xe6, 0xa3, 0x42, 0xff, 
0xca, 0x72, 0x28, 0xff, 0xc3, 0x62, 0x1f, 0xff, 0xd4, 0x7e, 0x2c, 0xff, 0xd9, 0x8a, 0x32, 0xff, 
0xd5, 0x82, 0x2f, 0xff, 0xda, 0x8a, 0x33, 0xff, 0xd1, 0x79, 0x2a, 0xff, 0xcf, 0x75, 0x27, 0xff, 
0xd5, 0x82, 0x2e, 0xff, 0xd6, 0x84, 0x30, 0xff, 0xd2, 0x7a, 0x2a, 0xff, 0xdb, 0x8e, 0x36, 0xff, 
0xde, 0x98, 0x3c, 0xff, 0xd7, 0x86, 0x30, 0xff, 0xd1, 0x77, 0x28, 0xff, 0xd3, 0x79, 0x29, 0xff, 
0xdc, 0x8a, 0x33, 0xff, 0xd3, 0x7b, 0x2a, 0xff, 0xde, 0x93, 0x38, 0xff, 0xe8, 0xa1, 0x3f, 0xff, 
0xd6, 0x7d, 0x2b, 0xff, 0xd5, 0x80, 0x2e, 0xff, 0xdb, 0x8e, 0x34, 0xff, 0xe2, 0x9c, 0x3d, 0xff, 
0xe3, 0x97, 0x39, 0xff, 0xa8, 0x52, 0x1a, 0xff, 0x93, 0x3d, 0x12, 0xff, 0xb9, 0x5f, 0x1f, 0xff, 
0xc5, 0x65, 0x20, 0xff, 0xd3, 0x7d, 0x2c, 0xff, 0xdb, 0x8b, 0x34, 0xff, 0xd9, 0x86, 0x30, 0xff, 
0xc5, 0x67, 0x22, 0xff, 0xd3, 0x82, 0x2f, 0xff, 0xdb, 0x91, 0x36, 0xff, 0xd5, 0x86, 0x32, 0xff, 
0xdc, 0x8b, 0x34, 0xff, 0xc2, 0x68, 0x23, 0xff, 0xad, 0x51, 0x1a, 0xff, 0x85, 0x39, 0x12, 0xff, 
0x7a, 0x32, 0x0f, 0xff, 0x99, 0x48, 0x17, 0xff, 0xa9, 0x51, 0x1a, 0xff, 0xc1, 0x61, 0x1f, 0xff, 
0xc3, 0x66, 0x21, 0xff, 0xc8, 0x6b, 0x23, 0xff, 0xc1, 0x64, 0x21, 0xff, 0xc5, 0x6a, 0x23, 0xff, 
0xc7, 0x6d, 0x25, 0xff, 0xc5, 0x68, 0x22, 0xff, 0xc8, 0x6c, 0x24, 0xff, 0xd4, 0x81, 0x2d, 0xff, 
0xd5, 0x80, 0x2e, 0xff, 0xca, 0x6d, 0x23, 0xff, 0xad, 0x51, 0x19, 0xff, 0xac, 0x54, 0x1c, 0xff, 
0xcc, 0x76, 0x28, 0xff, 0xd5, 0x7f, 0x2d, 0xff, 0xcf, 0x7e, 0x2e, 0xff, 0xd0, 0x7d, 0x2c, 0xff, 
0xbf, 0x5e, 0x1c, 0xff, 0xd3, 0x82, 0x30, 0xff, 0xec, 0xb2, 0x4b, 0xff, 0xd4, 0x82, 0x2e, 0xff, 
0xcb, 0x6b, 0x23, 0xff, 0xa1, 0x4a, 0x17, 0xff, 0x76, 0x32, 0x0f, 0xff, 0x7e, 0x39, 0x12, 0xff, 
0x85, 0x3e, 0x13, 0xff, 0x7e, 0x3c, 0x13, 0xff, 0x62, 0x2c, 0x0e, 0xff, 0x7e, 0x3a, 0x12, 0xff, 
0x8a, 0x3f, 0x14, 0xff, 0x91, 0x40, 0x15, 0xff, 0xb9, 0x5d, 0x1e, 0xff, 0xc5, 0x68, 0x22, 0xff, 
0xa1, 0x4e, 0x1a, 0xff, 0x9b, 0x47, 0x18, 0xff, 0xc7, 0x6a, 0x23, 0xff, 0xd0, 0x74, 0x27, 0xff, 
0x9b, 0x47, 0x18, 0xff, 0x97, 0x43, 0x16, 0xff, 0xae, 0x52, 0x1a, 0xff, 0xca, 0x69, 0x21, 0xff, 
0xe1, 0x8c, 0x31, 0xff, 0xc5, 0x74, 0x2a, 0xff, 0xb8, 0x60, 0x20, 0xff, 0xc1, 0x67, 0x22, 0xff, 
0xc9, 0x6d, 0x24, 0xff, 0xba, 0x62, 0x21, 0xff, 0x9c, 0x4b, 0x18, 0xff, 0xa2, 0x53, 0x1c, 0xff, 
0xa2, 0x4d, 0x19, 0xff, 0xd5, 0x82, 0x2f, 0xff, 0xc6, 0x6f, 0x26, 0xff, 0xb9, 0x5e, 0x1e, 0xff, 
0xbc, 0x65, 0x22, 0xff, 0xc1, 0x6c, 0x26, 0xff, 0xdc, 0x8b, 0x32, 0xff, 0xc7, 0x73, 0x27, 0xff, 
0xb8, 0x61, 0x20, 0xff, 0xb2, 0x5c, 0x1f, 0xff, 0xb0, 0x61, 0x23, 0xff, 0xbd, 0x68, 0x24, 0xff, 
0xcb, 0x75, 0x28, 0xff, 0xc6, 0x72, 0x28, 0xff, 0xb6, 0x5d, 0x1f, 0xff, 0xad, 0x4c, 0x16, 0xff, 
0xc4, 0x6a, 0x23, 0xff, 0xe2, 0x98, 0x3a, 0xff, 0xca, 0x75, 0x2a, 0xff, 0xb3, 0x52, 0x18, 0xff, 
0xd7, 0x89, 0x33, 0xff, 0xe6, 0xa5, 0x42, 0xff, 0xd1, 0x7a, 0x2a, 0xff, 0xc5, 0x69, 0x23, 0xff, 
0xc7, 0x6c, 0x24, 0xff, 0xc8, 0x6d, 0x25, 0xff, 0xc5, 0x6b, 0x24, 0xff, 0xca, 0x6c, 0x23, 0xff, 
0xcf, 0x73, 0x26, 0xff, 0xbf, 0x63, 0x21, 0xff, 0xa2, 0x49, 0x17, 0xff, 0x9e, 0x48, 0x18, 0xff, 
0x98, 0x45, 0x16, 0xff, 0xb0, 0x55, 0x1b, 0xff, 0xb5, 0x57, 0x1c, 0xff, 0xb1, 0x53, 0x19, 0xff, 
0xd1, 0x7b, 0x2b, 0xff, 0xd9, 0x88, 0x32, 0xff, 0xd3, 0x7e, 0x2c, 0xff, 0xcc, 0x75, 0x27, 0xff, 
0xc3, 0x68, 0x23, 0xff, 0xc7, 0x6b, 0x23, 0xff, 0xd1, 0x7b, 0x2b, 0xff, 0xd5, 0x82, 0x2f, 0xff, 
0xd2, 0x7d, 0x2c, 0xff, 0xcb, 0x71, 0x25, 0xff, 0xd1, 0x79, 0x2b, 0xff, 0xdb, 0x8e, 0x35, 0xff, 
0xdb, 0x8f, 0x35, 0xff, 0xd1, 0x7b, 0x2b, 0xff, 0xca, 0x6d, 0x24, 0xff, 0xc5, 0x67, 0x20, 0xff, 
0xc7, 0x69, 0x22, 0xff, 0xcf, 0x75, 0x28, 0xff, 0xcc, 0x70, 0x25, 0xff, 0xd3, 0x7d, 0x2c, 0xff, 
0xdd, 0x92, 0x37, 0xff, 0xe7, 0xa8, 0x45, 0xff, 0xdd, 0x93, 0x39, 0xff, 0xd2, 0x7a, 0x2b, 0xff, 
0xd9, 0x8a, 0x33, 0xff, 0xde, 0x94, 0x38, 0xff, 0xdb, 0x8e, 0x35, 0xff, 0xdd, 0x94, 0x38, 0xff, 
0xe6, 0xa7, 0x45, 0xff, 0xdd, 0x92, 0x38, 0xff, 0xd7, 0x85, 0x30, 0xff, 0xde, 0x94, 0x39, 0xff, 
0xdc, 0x91, 0x36, 0xff, 0xdd, 0x93, 0x37, 0xff, 0xdd, 0x93, 0x38, 0xff, 0xdc, 0x90, 0x36, 0xff, 
0xe2, 0x9d, 0x3e, 0xff, 0xe7, 0xa7, 0x44, 0xff, 0xda, 0x8d, 0x35, 0xff, 0xc8, 0x6e, 0x26, 0xff, 
0xce, 0x79, 0x2b, 0xff, 0xd1, 0x7d, 0x2c, 0xff, 0xce, 0x76, 0x28, 0xff, 0xd3, 0x7a, 0x2a, 0xff, 
0xca, 0x70, 0x26, 0xff, 0xaf, 0x4d, 0x16, 0xff, 0xde, 0x98, 0x3d, 0xff, 0xff, 0xd8, 0x67, 0xff, 
0xd4, 0x83, 0x30, 0xff, 0xc6, 0x69, 0x21, 0xff, 0xd2, 0x81, 0x2f, 0xff, 0xd7, 0x84, 0x30, 0xff, 
0xdb, 0x8d, 0x34, 0xff, 0xc6, 0x70, 0x27, 0xff, 0xb5, 0x57, 0x1b, 0xff, 0xc0, 0x64, 0x20, 0xff, 
0xca, 0x75, 0x29, 0xff, 0xcc, 0x74, 0x28, 0xff, 0xc4, 0x66, 0x22, 0xff, 0xca, 0x71, 0x26, 0xff, 
0xb3, 0x56, 0x1c, 0xff, 0xbe, 0x62, 0x1f, 0xff, 0xc3, 0x67, 0x21, 0xff, 0xc4, 0x6a, 0x24, 0xff, 
0xd5, 0x80, 0x2d, 0xff, 0xb3, 0x55, 0x1b, 0xff, 0xa2, 0x40, 0x10, 0xff, 0xca, 0x74, 0x27, 0xff, 
0xf4, 0xbe, 0x53, 0xff, 0xed, 0xb7, 0x57, 0xff, 0xf6, 0xc6, 0x60, 0xff, 0xf2, 0xbe, 0x56, 0xff, 
0xd7, 0x86, 0x30, 0xff, 0xdd, 0x95, 0x3a, 0xff, 0xf6, 0xc3, 0x54, 0xff, 0xea, 0xa8, 0x43, 0xff, 
0xd4, 0x7f, 0x2a, 0xff, 0xed, 0xaf, 0x4a, 0xff, 0xfb, 0xd0, 0x61, 0xff, 0xec, 0xb4, 0x4b, 0xff, 
0xe8, 0xa9, 0x45, 0xff, 0xe0, 0x9b, 0x3c, 0xff, 0xdf, 0x98, 0x3a, 0xff, 0xe9, 0xab, 0x46, 0xff, 
0xf6, 0xc8, 0x60, 0xff, 0xf7, 0xcb, 0x5f, 0xff, 0xee, 0xb7, 0x4f, 0xff, 0xe6, 0xa3, 0x43, 0xff, 
0xea, 0xae, 0x47, 0xff, 0xec, 0xb3, 0x4b, 0xff, 0xc5, 0x65, 0x1e, 0xff, 0xd9, 0x8b, 0x34, 0xff, 
0xf0, 0xb7, 0x4e, 0xff, 0xbd, 0x62, 0x1f, 0xff, 0xa6, 0x46, 0x13, 0xff, 0xab, 0x49, 0x13, 0xff, 
0xa9, 0x4e, 0x17, 0xff, 0xb2, 0x57, 0x1c, 0xff, 0xcb, 0x6c, 0x22, 0xff, 0xcd, 0x72, 0x26, 0xff, 
0xd2, 0x7a, 0x2a, 0xff, 0xe8, 0xa9, 0x45, 0xff, 0xeb, 0xaf, 0x48, 0xff, 0xcc, 0x6f, 0x24, 0xff, 
0xd8, 0x88, 0x32, 0xff, 0xee, 0xb7, 0x4c, 0xff, 0xfa, 0xce, 0x62, 0xff, 0xf5, 0xc4, 0x5a, 0xff, 
0xe0, 0x99, 0x3b, 0xff, 0xdd, 0x92, 0x38, 0xff, 0xe1, 0x9b, 0x3d, 0xff, 0xe0, 0x99, 0x3c, 0xff, 
0xe5, 0xa2, 0x41, 0xff, 0xe2, 0x97, 0x38, 0xff, 0xd4, 0x7d, 0x28, 0xff, 0xcc, 0x77, 0x2a, 0xff, 
0xd5, 0x81, 0x2e, 0xff, 0xd3, 0x7e, 0x2d, 0xff, 0xd1, 0x79, 0x2a, 0xff, 0xd6, 0x84, 0x30, 0xff, 
0xdb, 0x8d, 0x35, 0xff, 0xe1, 0x9a, 0x3c, 0xff, 0xd0, 0x77, 0x28, 0xff, 0xcf, 0x76, 0x28, 0xff, 
0xdb, 0x8f, 0x36, 0xff, 0xe7, 0xa6, 0x42, 0xff, 0xdf, 0x90, 0x34, 0xff, 0xc9, 0x67, 0x20, 0xff, 
0xb2, 0x51, 0x19, 0xff, 0xb6, 0x56, 0x1c, 0xff, 0xd9, 0x89, 0x33, 0xff, 0xe2, 0x9b, 0x3c, 0xff, 
0xdc, 0x90, 0x36, 0xff, 0xdd, 0x93, 0x38, 0xff, 0xd6, 0x85, 0x30, 0xff, 0xd4, 0x7e, 0x2c, 0xff, 
0xd3, 0x7e, 0x2c, 0xff, 0xca, 0x6b, 0x22, 0xff, 0xcd, 0x71, 0x25, 0xff, 0xe2, 0x9f, 0x3e, 0xff, 
0xe7, 0xaa, 0x46, 0xff, 0xda, 0x8a, 0x33, 0xff, 0xc9, 0x6b, 0x23, 0xff, 0xc6, 0x65, 0x20, 0xff, 
0xd2, 0x7a, 0x2b, 0xff, 0xdb, 0x82, 0x2e, 0xff, 0xc4, 0x68, 0x23, 0xff, 0xae, 0x55, 0x1b, 0xff, 
0xc0, 0x68, 0x24, 0xff, 0xcf, 0x77, 0x29, 0xff, 0xd8, 0x86, 0x30, 0xff, 0xd8, 0x86, 0x30, 0xff, 
0xd5, 0x80, 0x2e, 0xff, 0xd1, 0x80, 0x2f, 0xff, 0xd7, 0x84, 0x30, 0xff, 0xc2, 0x64, 0x1f, 0xff, 
0xc3, 0x68, 0x23, 0xff, 0xe0, 0x95, 0x39, 0xff, 0xda, 0x8a, 0x33, 0xff, 0xb7, 0x56, 0x1b, 0xff, 
0xc9, 0x71, 0x28, 0xff, 0xd6, 0x88, 0x33, 0xff, 0xba, 0x60, 0x1f, 0xff, 0xd0, 0x7d, 0x2c, 0xff, 
0xdc, 0x8f, 0x35, 0xff, 0xd6, 0x83, 0x2e, 0xff, 0xb9, 0x61, 0x21, 0xff, 0x9e, 0x4f, 0x1b, 0xff, 
0xb3, 0x5e, 0x20, 0xff, 0xab, 0x53, 0x1a, 0xff, 0xb0, 0x57, 0x1d, 0xff, 0xc3, 0x65, 0x21, 0xff, 
0xcb, 0x6e, 0x25, 0xff, 0xd0, 0x74, 0x27, 0xff, 0xc6, 0x6a, 0x24, 0xff, 0xc2, 0x65, 0x21, 0xff, 
0xc7, 0x6b, 0x24, 0xff, 0xc5, 0x68, 0x22, 0xff, 0xc9, 0x6e, 0x25, 0xff, 0xd5, 0x80, 0x2d, 0xff, 
0xd5, 0x80, 0x2c, 0xff, 0xd3, 0x78, 0x28, 0xff, 0xbc, 0x5f, 0x1f, 0xff, 0x9f, 0x47, 0x17, 0xff, 
0x96, 0x43, 0x15, 0xff, 0x99, 0x43, 0x15, 0xff, 0x95, 0x43, 0x15, 0xff, 0xaf, 0x5a, 0x1e, 0xff, 
0xb4, 0x56, 0x1a, 0xff, 0xc5, 0x69, 0x22, 0xff, 0xf8, 0xc6, 0x55, 0xff, 0xed, 0xae, 0x45, 0xff, 
0xcb, 0x6c, 0x21, 0xff, 0xb9, 0x56, 0x1a, 0xff, 0xa3, 0x4d, 0x1a, 0xff, 0x90, 0x44, 0x17, 0xff, 
0x86, 0x40, 0x15, 0xff, 0x7a, 0x39, 0x13, 0xff, 0x67, 0x2f, 0x0f, 0xff, 0x7b, 0x3a, 0x13, 0xff, 
0x92, 0x46, 0x18, 0xff, 0xa9, 0x53, 0x1b, 0xff, 0xce, 0x6f, 0x25, 0xff, 0xcd, 0x6f, 0x25, 0xff, 
0xb5, 0x59, 0x1d, 0xff, 0x97, 0x45, 0x16, 0xff, 0xa2, 0x53, 0x1b, 0xff, 0xd0, 0x76, 0x28, 0xff, 
0x9e, 0x4b, 0x19, 0xff, 0x94, 0x42, 0x16, 0xff, 0xaf, 0x54, 0x1b, 0xff, 0xb7, 0x58, 0x1c, 0xff, 
0xbf, 0x63, 0x21, 0xff, 0xc4, 0x6e, 0x26, 0xff, 0xab, 0x53, 0x1b, 0xff, 0xa9, 0x4e, 0x18, 0xff, 
0xca, 0x71, 0x26, 0xff, 0xc7, 0x70, 0x26, 0xff, 0xa1, 0x4b, 0x18, 0xff, 0xbd, 0x66, 0x22, 0xff, 
0xe0, 0x8f, 0x34, 0xff, 0xce, 0x82, 0x31, 0xff, 0xaf, 0x56, 0x1d, 0xff, 0xb9, 0x5f, 0x1f, 0xff, 
0xc0, 0x68, 0x22, 0xff, 0xdb, 0x8d, 0x35, 0xff, 0xcc, 0x7c, 0x2d, 0xff, 0xcb, 0x71, 0x25, 0xff, 
0xb2, 0x58, 0x1c, 0xff, 0x9a, 0x43, 0x16, 0xff, 0x9d, 0x4a, 0x18, 0xff, 0xae, 0x58, 0x1d, 0xff, 
0xba, 0x5f, 0x20, 0xff, 0xc7, 0x6b, 0x24, 0xff, 0xbd, 0x62, 0x21, 0xff, 0xc0, 0x67, 0x23, 0xff, 
0xe8, 0xa5, 0x41, 0xff, 0xd7, 0x86, 0x31, 0xff, 0xb8, 0x57, 0x19, 0xff, 0xc5, 0x6e, 0x25, 0xff, 
0xe1, 0x98, 0x3a, 0xff, 0xe1, 0x9b, 0x3d, 0xff, 0xd9, 0x85, 0x2f, 0xff, 0xbf, 0x5e, 0x1d, 0xff, 
0x9a, 0x42, 0x15, 0xff, 0x98, 0x42, 0x15, 0xff, 0xc5, 0x69, 0x23, 0xff, 0xca, 0x6d, 0x24, 0xff, 
0xc6, 0x68, 0x22, 0xff, 0xc5, 0x67, 0x21, 0xff, 0xbb, 0x5e, 0x1e, 0xff, 0xb9, 0x5d, 0x1f, 0xff, 
0xb8, 0x5b, 0x1d, 0xff, 0xb1, 0x54, 0x1a, 0xff, 0xc2, 0x68, 0x22, 0xff, 0xb3, 0x5c, 0x1e, 0xff, 
0xaa, 0x50, 0x1a, 0xff, 0xaf, 0x52, 0x1a, 0xff, 0xbc, 0x5e, 0x1e, 0xff, 0xbd, 0x5f, 0x1e, 0xff, 
0xb8, 0x5a, 0x1d, 0xff, 0xc9, 0x6f, 0x25, 0xff, 0xcf, 0x77, 0x29, 0xff, 0xd0, 0x78, 0x29, 0xff, 
0xca, 0x72, 0x27, 0xff, 0xd3, 0x7d, 0x2c, 0xff, 0xdb, 0x8e, 0x35, 0xff, 0xd8, 0x89, 0x32, 0xff, 
0xd4, 0x7f, 0x2c, 0xff, 0xca, 0x6e, 0x24, 0xff, 0xc1, 0x62, 0x1f, 0xff, 0xc0, 0x63, 0x20, 0xff, 
0xbd, 0x60, 0x1f, 0xff, 0xcd, 0x71, 0x26, 0xff, 0xcd, 0x72, 0x26, 0xff, 0xd5, 0x80, 0x2d, 0xff, 
0xd6, 0x83, 0x2e, 0xff, 0xcb, 0x71, 0x26, 0xff, 0xc8, 0x6f, 0x25, 0xff, 0xce, 0x77, 0x29, 0xff, 
0xc6, 0x68, 0x22, 0xff, 0xd6, 0x84, 0x30, 0xff, 0xdd, 0x91, 0x37, 0xff, 0xde, 0x94, 0x39, 0xff, 
0xe3, 0xa1, 0x40, 0xff, 0xe8, 0xac, 0x47, 0xff, 0xdd, 0x93, 0x38, 0xff, 0xdd, 0x93, 0x38, 0xff, 
0xe4, 0xa3, 0x42, 0xff, 0xe4, 0xa2, 0x42, 0xff, 0xdf, 0x97, 0x3a, 0xff, 0xe2, 0x9e, 0x3e, 0xff, 
0xea, 0xb0, 0x4a, 0xff, 0xdf, 0x97, 0x3a, 0xff, 0xd3, 0x7e, 0x2c, 0xff, 0xc8, 0x6e, 0x25, 0xff, 
0xd0, 0x7b, 0x2c, 0xff, 0xcd, 0x72, 0x26, 0xff, 0xd2, 0x7b, 0x2b, 0xff, 0xdb, 0x8a, 0x34, 0xff, 
0xc7, 0x6a, 0x23, 0xff, 0xd2, 0x7f, 0x2d, 0xff, 0xfa, 0xcd, 0x5b, 0xff, 0xf4, 0xc2, 0x56, 0xff, 
0xe4, 0xa1, 0x3f, 0xff, 0xdc, 0x8f, 0x35, 0xff, 0xd9, 0x88, 0x32, 0xff, 0xbf, 0x63, 0x1f, 0xff, 
0xcc, 0x75, 0x29, 0xff, 0xc5, 0x6b, 0x24, 0xff, 0xbf, 0x63, 0x20, 0xff, 0xbe, 0x62, 0x20, 0xff, 
0xc9, 0x6d, 0x24, 0xff, 0xcf, 0x74, 0x28, 0xff, 0xb2, 0x59, 0x1d, 0xff, 0xb4, 0x5f, 0x1f, 0xff, 
0xb6, 0x61, 0x21, 0xff, 0xad, 0x51, 0x1a, 0xff, 0xc0, 0x63, 0x20, 0xff, 0xd1, 0x7d, 0x2d, 0xff, 
0xd0, 0x7c, 0x2c, 0xff, 0xc8, 0x70, 0x27, 0xff, 0xce, 0x75, 0x29, 0xff, 0xe3, 0xa1, 0x40, 0xff, 
0xf0, 0xba, 0x4c, 0xff, 0xdc, 0x90, 0x34, 0xff, 0xd8, 0x88, 0x2e, 0xff, 0xda, 0x8d, 0x30, 0xff, 
0xe4, 0xa3, 0x40, 0xff, 0xe3, 0x9e, 0x3c, 0xff, 0xe5, 0xa1, 0x3d, 0xff, 0xea, 0xac, 0x49, 0xff, 
0xf1, 0xbc, 0x52, 0xff, 0xf7, 0xcb, 0x61, 0xff, 0xff, 0xde, 0x6e, 0xff, 0xfd, 0xd3, 0x60, 0xff, 
0xef, 0xb9, 0x4f, 0xff, 0xdf, 0x98, 0x3a, 0xff, 0xe0, 0x99, 0x3a, 0xff, 0xeb, 0xaf, 0x48, 0xff, 
0xee, 0xb6, 0x4c, 0xff, 0xed, 0xb6, 0x51, 0xff, 0xf1, 0xbc, 0x53, 0xff, 0xed, 0xb4, 0x4b, 0xff, 
0xe1, 0x9c, 0x3d, 0xff, 0xe3, 0x9f, 0x3f, 0xff, 0xdb, 0x8f, 0x33, 0xff, 0xf2, 0xbe, 0x55, 0xff, 
0xf4, 0xbf, 0x55, 0xff, 0xb6, 0x57, 0x19, 0xff, 0xb2, 0x57, 0x1d, 0xff, 0xbd, 0x64, 0x22, 0xff, 
0xa4, 0x4d, 0x19, 0xff, 0xc5, 0x6f, 0x27, 0xff, 0xd4, 0x7e, 0x2c, 0xff, 0xc3, 0x60, 0x1d, 0xff, 
0xd4, 0x81, 0x2e, 0xff, 0xf4, 0xc1, 0x52, 0xff, 0xe5, 0xa2, 0x41, 0xff, 0xdb, 0x8d, 0x35, 0xff, 
0xe1, 0x9a, 0x3c, 0xff, 0xe5, 0xa2, 0x3e, 0xff, 0xf9, 0xd0, 0x69, 0xff, 0xf9, 0xd1, 0x6b, 0xff, 
0xeb, 0xaf, 0x43, 0xff, 0xd8, 0x8b, 0x32, 0xff, 0xd6, 0x86, 0x30, 0xff, 0xe8, 0xa6, 0x44, 0xff, 
0xe8, 0xa5, 0x42, 0xff, 0xc5, 0x70, 0x27, 0xff, 0xb0, 0x52, 0x19, 0xff, 0xc3, 0x6c, 0x25, 0xff, 
0xc6, 0x6b, 0x24, 0xff, 0xc5, 0x6a, 0x23, 0xff, 0xca, 0x72, 0x27, 0xff, 0xd5, 0x80, 0x2d, 0xff, 
0xdb, 0x8e, 0x36, 0xff, 0xdc, 0x91, 0x36, 0xff, 0xd5, 0x80, 0x2d, 0xff, 0xd1, 0x7a, 0x2a, 0xff, 
0xd6, 0x82, 0x2e, 0xff, 0xd7, 0x81, 0x2d, 0xff, 0xc4, 0x69, 0x23, 0xff, 0xb2, 0x53, 0x1a, 0xff, 
0xbb, 0x5e, 0x1f, 0xff, 0xbe, 0x63, 0x21, 0xff, 0xcf, 0x78, 0x29, 0xff, 0xe0, 0x95, 0x38, 0xff, 
0xdf, 0x95, 0x38, 0xff, 0xdb, 0x8d, 0x34, 0xff, 0xdb, 0x8a, 0x32, 0xff, 0xd5, 0x81, 0x2d, 0xff, 
0xd2, 0x7c, 0x2c, 0xff, 0xd4, 0x7c, 0x2c, 0xff, 0xd8, 0x86, 0x31, 0xff, 0xe0, 0x99, 0x3a, 0xff, 
0xd9, 0x89, 0x32, 0xff, 0xda, 0x8a, 0x33, 0xff, 0xdd, 0x81, 0x2d, 0xff, 0x94, 0x3e, 0x12, 0xff, 
0x6a, 0x2d, 0x0e, 0xff, 0xa4, 0x5a, 0x1f, 0xff, 0xc7, 0x6e, 0x27, 0xff, 0x96, 0x43, 0x15, 0xff, 
0x91, 0x3b, 0x12, 0xff, 0xbf, 0x5f, 0x1f, 0xff, 0xdd, 0x8d, 0x33, 0xff, 0xcc, 0x76, 0x29, 0xff, 
0xc9, 0x6e, 0x24, 0xff, 0xe1, 0x93, 0x37, 0xff, 0xdf, 0x92, 0x36, 0xff, 0xc0, 0x63, 0x20, 0xff, 
0xd3, 0x83, 0x30, 0xff, 0xdb, 0x8b, 0x32, 0xff, 0xd9, 0x81, 0x2d, 0xff, 0xac, 0x57, 0x1d, 0xff, 
0x9b, 0x4d, 0x1a, 0xff, 0xc4, 0x71, 0x28, 0xff, 0xbf, 0x6b, 0x26, 0xff, 0xcf, 0x77, 0x2a, 0xff, 
0xc4, 0x6c, 0x25, 0xff, 0xd1, 0x85, 0x32, 0xff, 0xe1, 0x93, 0x36, 0xff, 0xde, 0x89, 0x31, 0xff, 
0xda, 0x86, 0x30, 0xff, 0xca, 0x72, 0x26, 0xff, 0xc3, 0x66, 0x22, 0xff, 0xc6, 0x6d, 0x24, 0xff, 
0xb1, 0x5c, 0x1f, 0xff, 0xac, 0x54, 0x1c, 0xff, 0xb5, 0x59, 0x1d, 0xff, 0xcd, 0x71, 0x25, 0xff, 
0xc5, 0x68, 0x22, 0xff, 0xbb, 0x5e, 0x1e, 0xff, 0xd2, 0x7e, 0x2d, 0xff, 0xd4, 0x7f, 0x2d, 0xff, 
0xc7, 0x69, 0x22, 0xff, 0xc3, 0x68, 0x22, 0xff, 0xbd, 0x60, 0x1f, 0xff, 0xac, 0x51, 0x1b, 0xff, 
0xa3, 0x4d, 0x18, 0xff, 0xa1, 0x49, 0x16, 0xff, 0x94, 0x43, 0x15, 0xff, 0x90, 0x3e, 0x14, 0xff, 
0xb2, 0x56, 0x1c, 0xff, 0xd3, 0x74, 0x27, 0xff, 0xe1, 0x97, 0x39, 0xff, 0xe5, 0x9f, 0x3e, 0xff, 
0xd0, 0x77, 0x29, 0xff, 0xb7, 0x58, 0x1e, 0xff, 0x9b, 0x47, 0x17, 0xff, 0x81, 0x39, 0x12, 0xff, 
0x7a, 0x3a, 0x13, 0xff, 0x80, 0x3b, 0x13, 0xff, 0x87, 0x3e, 0x14, 0xff, 0x6e, 0x31, 0x10, 0xff, 
0x8b, 0x41, 0x15, 0xff, 0xb9, 0x5e, 0x1f, 0xff, 0xb7, 0x5c, 0x1e, 0xff, 0xad, 0x55, 0x1c, 0xff, 
0xa5, 0x51, 0x1b, 0xff, 0xa0, 0x4d, 0x19, 0xff, 0x7f, 0x38, 0x12, 0xff, 0x84, 0x3c, 0x13, 0xff, 
0x88, 0x3e, 0x14, 0xff, 0xa1, 0x4c, 0x19, 0xff, 0xb9, 0x5b, 0x1e, 0xff, 0xbe, 0x62, 0x20, 0xff, 
0xc0, 0x67, 0x23, 0xff, 0xc8, 0x6f, 0x26, 0xff, 0xa0, 0x4b, 0x18, 0xff, 0xa6, 0x4e, 0x19, 0xff, 
0xca, 0x71, 0x27, 0xff, 0xc2, 0x66, 0x22, 0xff, 0x99, 0x45, 0x16, 0xff, 0xa0, 0x4a, 0x17, 0xff, 
0xe6, 0x99, 0x39, 0xff, 0xc1, 0x70, 0x28, 0xff, 0x93, 0x3a, 0x11, 0xff, 0xb8, 0x62, 0x21, 0xff, 
0xd0, 0x7a, 0x2a, 0xff, 0xe2, 0x90, 0x34, 0xff, 0xbb, 0x68, 0x24, 0xff, 0x94, 0x3f, 0x13, 0xff, 
0xb4, 0x5a, 0x1d, 0xff, 0xae, 0x55, 0x1c, 0xff, 0xac, 0x55, 0x1c, 0xff, 0xa9, 0x52, 0x1b, 0xff, 
0x9b, 0x44, 0x16, 0xff, 0xb1, 0x56, 0x1c, 0xff, 0xcc, 0x70, 0x25, 0xff, 0xe3, 0x9d, 0x3e, 0xff, 
0xf3, 0xbf, 0x52, 0xff, 0xf0, 0xb8, 0x4e, 0xff, 0xd9, 0x8b, 0x33, 0xff, 0xd6, 0x81, 0x2e, 0xff, 
0xe7, 0xa7, 0x43, 0xff, 0xdd, 0x90, 0x36, 0xff, 0xc1, 0x67, 0x23, 0xff, 0xbb, 0x61, 0x20, 0xff, 
0xa9, 0x57, 0x1e, 0xff, 0x96, 0x44, 0x16, 0xff, 0x91, 0x3f, 0x14, 0xff, 0xad, 0x55, 0x1b, 0xff, 
0xc9, 0x6b, 0x23, 0xff, 0xc6, 0x69, 0x23, 0xff, 0xcb, 0x6d, 0x24, 0xff, 0xc5, 0x65, 0x20, 0xff, 
0xbf, 0x62, 0x20, 0xff, 0xd7, 0x84, 0x30, 0xff, 0xe8, 0x9e, 0x3c, 0xff, 0xcb, 0x70, 0x26, 0xff, 
0x9b, 0x42, 0x14, 0xff, 0xa6, 0x4c, 0x18, 0xff, 0xaf, 0x52, 0x1a, 0xff, 0xbc, 0x5f, 0x1f, 0xff, 
0xd1, 0x77, 0x28, 0xff, 0xe1, 0x98, 0x3a, 0xff, 0xde, 0x95, 0x38, 0xff, 0xcd, 0x73, 0x26, 0xff, 
0xcf, 0x76, 0x28, 0xff, 0xd7, 0x87, 0x32, 0xff, 0xd8, 0x86, 0x31, 0xff, 0xd0, 0x77, 0x29, 0xff, 
0xd2, 0x7b, 0x2a, 0xff, 0xcd, 0x71, 0x26, 0xff, 0xb7, 0x59, 0x1c, 0xff, 0xad, 0x52, 0x1a, 0xff, 
0xa9, 0x4e, 0x1a, 0xff, 0xbf, 0x65, 0x22, 0xff, 0xd1, 0x76, 0x28, 0xff, 0xcb, 0x6f, 0x25, 0xff, 
0xc7, 0x68, 0x22, 0xff, 0xc5, 0x68, 0x21, 0xff, 0xcb, 0x71, 0x26, 0xff, 0xd5, 0x82, 0x2e, 0xff, 
0xd6, 0x85, 0x30, 0xff, 0xce, 0x78, 0x29, 0xff, 0xd6, 0x86, 0x31, 0xff, 0xe2, 0x9b, 0x3d, 0xff, 
0xe5, 0xa4, 0x43, 0xff, 0xee, 0xb8, 0x4e, 0xff, 0xea, 0xb0, 0x49, 0xff, 0xe2, 0x9d, 0x3f, 0xff, 
0xe5, 0xa6, 0x44, 0xff, 0xea, 0xb1, 0x4c, 0xff, 0xe5, 0xa2, 0x42, 0xff, 0xe6, 0xa7, 0x45, 0xff, 
0xeb, 0xb3, 0x4c, 0xff, 0xe2, 0x9d, 0x3e, 0xff, 0xe0, 0x98, 0x3b, 0xff, 0xdf, 0x96, 0x39, 0xff, 
0xc8, 0x6d, 0x24, 0xff, 0xc1, 0x64, 0x21, 0xff, 0xda, 0x8d, 0x35, 0xff, 0xd4, 0x7f, 0x2d, 0xff, 
0xcd, 0x70, 0x25, 0xff, 0xe2, 0x9a, 0x3d, 0xff, 0xf9, 0xcc, 0x59, 0xff, 0xe7, 0xa8, 0x44, 0xff, 
0xe7, 0xa9, 0x47, 0xff, 0xe1, 0x9a, 0x3c, 0xff, 0xd0, 0x75, 0x27, 0xff, 0xc4, 0x65, 0x20, 0xff, 
0xc7, 0x69, 0x22, 0xff, 0xdc, 0x8e, 0x35, 0xff, 0xdc, 0x8f, 0x36, 0xff, 0xcc, 0x73, 0x27, 0xff, 
0xc3, 0x67, 0x22, 0xff, 0xb9, 0x59, 0x1b, 0xff, 0xbb, 0x61, 0x20, 0xff, 0xaf, 0x59, 0x1d, 0xff, 
0x95, 0x41, 0x14, 0xff, 0xbd, 0x6a, 0x26, 0xff, 0xd8, 0x85, 0x30, 0xff, 0xd8, 0x87, 0x30, 0xff, 
0xe3, 0x9e, 0x3e, 0xff, 0xe0, 0x97, 0x3a, 0xff, 0xe1, 0x99, 0x3a, 0xff, 0xf1, 0xbb, 0x4f, 0xff, 
0xf9, 0xcf, 0x67, 0xff, 0xf9, 0xcc, 0x61, 0xff, 0xee, 0xb8, 0x54, 0xff, 0xf2, 0xc0, 0x5e, 0xff, 
0xfa, 0xcf, 0x61, 0xff, 0xf4, 0xc2, 0x57, 0xff, 0xfe, 0xda, 0x76, 0xff, 0xf9, 0xcf, 0x6b, 0xff, 
0xfa, 0xce, 0x61, 0xff, 0xf6, 0xc5, 0x59, 0xff, 0xe6, 0xa6, 0x44, 0xff, 0xe6, 0xa6, 0x45, 0xff, 
0xf6, 0xc5, 0x56, 0xff, 0xf1, 0xba, 0x51, 0xff, 0xee, 0xb7, 0x50, 0xff, 0xf3, 0xbf, 0x51, 0xff, 
0xe4, 0xa2, 0x40, 0xff, 0xe0, 0x99, 0x3c, 0xff, 0xe4, 0xa3, 0x42, 0xff, 0xdb, 0x90, 0x36, 0xff, 
0xcc, 0x71, 0x23, 0xff, 0xe1, 0x9c, 0x3b, 0xff, 0xf6, 0xc8, 0x5d, 0xff, 0xf6, 0xca, 0x67, 0xff, 
0xed, 0xb0, 0x4a, 0xff, 0xf8, 0xc1, 0x50, 0xff, 0xf3, 0xb4, 0x49, 0xff, 0xc3, 0x6a, 0x23, 0xff, 
0xbf, 0x65, 0x21, 0xff, 0xdd, 0x8d, 0x33, 0xff, 0xe0, 0x97, 0x3a, 0xff, 0xdb, 0x90, 0x36, 0xff, 
0xe9, 0xad, 0x48, 0xff, 0xf3, 0xbf, 0x52, 0xff, 0xe1, 0x9a, 0x3c, 0xff, 0xe5, 0xa3, 0x41, 0xff, 
0xde, 0x94, 0x38, 0xff, 0xda, 0x8d, 0x33, 0xff, 0xea, 0xaf, 0x4c, 0xff, 0xff, 0xde, 0x7d, 0xff, 
0xf9, 0xcd, 0x61, 0xff, 0xf1, 0xb9, 0x49, 0xff, 0xea, 0xaa, 0x40, 0xff, 0xde, 0x92, 0x36, 0xff, 
0xbc, 0x63, 0x22, 0xff, 0xb2, 0x57, 0x1c, 0xff, 0xcc, 0x7b, 0x2c, 0xff, 0xd5, 0x87, 0x32, 0xff, 
0xc3, 0x69, 0x23, 0xff, 0xbc, 0x5d, 0x1e, 0xff, 0xcb, 0x70, 0x26, 0xff, 0xdc, 0x8c, 0x34, 0xff, 
0xe1, 0x9c, 0x3d, 0xff, 0xdc, 0x92, 0x37, 0xff, 0xd3, 0x7d, 0x2c, 0xff, 0xdc, 0x8d, 0x34, 0xff, 
0xd7, 0x82, 0x2d, 0xff, 0xab, 0x4c, 0x17, 0xff, 0xaa, 0x4e, 0x19, 0xff, 0xb1, 0x56, 0x1c, 0xff, 
0xb6, 0x5e, 0x1f, 0xff, 0xc0, 0x67, 0x21, 0xff, 0xc7, 0x68, 0x21, 0xff, 0xcf, 0x75, 0x28, 0xff, 
0xcf, 0x76, 0x28, 0xff, 0xcf, 0x74, 0x27, 0xff, 0xcf, 0x74, 0x27, 0xff, 0xcd, 0x77, 0x29, 0xff, 
0xd2, 0x7d, 0x2c, 0xff, 0xd6, 0x81, 0x2e, 0xff, 0xe0, 0x98, 0x3a, 0xff, 0xe1, 0x9d, 0x3d, 0xff, 
0xd8, 0x88, 0x32, 0xff, 0xe2, 0x8f, 0x34, 0xff, 0xc1, 0x6f, 0x26, 0xff, 0x8b, 0x42, 0x16, 0xff, 
0x62, 0x2d, 0x0e, 0xff, 0x50, 0x1e, 0x07, 0xff, 0x87, 0x42, 0x15, 0xff, 0xa8, 0x57, 0x1e, 0xff, 
0xaf, 0x59, 0x1d, 0xff, 0xd8, 0x79, 0x29, 0xff, 0xcd, 0x70, 0x26, 0xff, 0xce, 0x72, 0x27, 0xff, 
0xc1, 0x64, 0x20, 0xff, 0xc9, 0x73, 0x27, 0xff, 0xd2, 0x7c, 0x2b, 0xff, 0xc2, 0x67, 0x22, 0xff, 
0xd7, 0x87, 0x31, 0xff, 0xd9, 0x86, 0x30, 0xff, 0xc3, 0x6a, 0x24, 0xff, 0xbe, 0x69, 0x25, 0xff, 
0xa8, 0x4f, 0x19, 0xff, 0xd2, 0x83, 0x31, 0xff, 0xb6, 0x69, 0x26, 0xff, 0x93, 0x3e, 0x11, 0xff, 
0xb2, 0x53, 0x1a, 0xff, 0xc6, 0x6a, 0x23, 0xff, 0xdd, 0x8f, 0x35, 0xff, 0xd5, 0x7f, 0x2d, 0xff, 
0xd7, 0x80, 0x2d, 0xff, 0xc1, 0x68, 0x22, 0xff, 0xc1, 0x63, 0x20, 0xff, 0xc3, 0x61, 0x1f, 0xff, 
0x83, 0x39, 0x12, 0xff, 0x71, 0x30, 0x0f, 0xff, 0xa8, 0x4e, 0x18, 0xff, 0xce, 0x71, 0x25, 0xff, 
0xbe, 0x63, 0x20, 0xff, 0xb7, 0x5b, 0x1e, 0xff, 0xbb, 0x5f, 0x1f, 0xff, 0xb8, 0x5a, 0x1c, 0xff, 
0xb4, 0x57, 0x1c, 0xff, 0xbc, 0x5e, 0x1e, 0xff, 0xb9, 0x5c, 0x1d, 0xff, 0xb6, 0x5a, 0x1d, 0xff, 
0xd8, 0x84, 0x2f, 0xff, 0xe8, 0x9a, 0x3a, 0xff, 0xca, 0x6d, 0x24, 0xff, 0xb6, 0x59, 0x1d, 0xff, 
0xab, 0x56, 0x1d, 0xff, 0xb0, 0x59, 0x1e, 0xff, 0xa5, 0x4b, 0x17, 0xff, 0x96, 0x46, 0x16, 0xff, 
0x8d, 0x47, 0x19, 0xff, 0xaa, 0x56, 0x1d, 0xff, 0xc3, 0x68, 0x22, 0xff, 0xa0, 0x4f, 0x1a, 0xff, 
0x83, 0x3c, 0x12, 0xff, 0x88, 0x3d, 0x14, 0xff, 0x8d, 0x40, 0x14, 0xff, 0x75, 0x34, 0x11, 0xff, 
0x7d, 0x39, 0x12, 0xff, 0x90, 0x41, 0x15, 0xff, 0x9b, 0x48, 0x17, 0xff, 0x8d, 0x41, 0x14, 0xff, 
0x91, 0x43, 0x16, 0xff, 0xa3, 0x4d, 0x19, 0xff, 0xa6, 0x4f, 0x19, 0xff, 0x9a, 0x48, 0x17, 0xff, 
0x85, 0x3c, 0x13, 0xff, 0x8f, 0x40, 0x14, 0xff, 0xaa, 0x52, 0x1b, 0xff, 0xb4, 0x5b, 0x1e, 0xff, 
0xa4, 0x50, 0x1a, 0xff, 0xc7, 0x6f, 0x26, 0xff, 0xc0, 0x67, 0x23, 0xff, 0x9c, 0x4b, 0x19, 0xff, 
0xb7, 0x65, 0x23, 0xff, 0xad, 0x53, 0x1b, 0xff, 0xb6, 0x5d, 0x1e, 0xff, 0xad, 0x58, 0x1d, 0xff, 
0xb3, 0x5c, 0x1e, 0xff, 0xba, 0x69, 0x25, 0xff, 0x9b, 0x4b, 0x19, 0xff, 0xb0, 0x5a, 0x1d, 0xff, 
0xd6, 0x7d, 0x2b, 0xff, 0xd2, 0x7f, 0x2d, 0xff, 0xd5, 0x87, 0x31, 0xff, 0xb7, 0x62, 0x21, 0xff, 
0xb7, 0x5b, 0x1e, 0xff, 0xb5, 0x5a, 0x1d, 0xff, 0x9d, 0x47, 0x16, 0xff, 0x9b, 0x46, 0x17, 0xff, 
0xa3, 0x4d, 0x19, 0xff, 0xb9, 0x5d, 0x1f, 0xff, 0xbb, 0x5f, 0x1f, 0xff, 0xc7, 0x71, 0x27, 0xff, 
0xdb, 0x93, 0x39, 0xff, 0xd9, 0x91, 0x39, 0xff, 0xd7, 0x8a, 0x34, 0xff, 0xde, 0x92, 0x37, 0xff, 
0xd1, 0x7c, 0x2c, 0xff, 0xcf, 0x78, 0x2a, 0xff, 0xbd, 0x60, 0x20, 0xff, 0x99, 0x45, 0x16, 0xff, 
0xb6, 0x62, 0x22, 0xff, 0xd0, 0x7a, 0x2b, 0xff, 0x94, 0x40, 0x14, 0xff, 0x88, 0x34, 0x10, 0xff, 
0xba, 0x5f, 0x1f, 0xff, 0xda, 0x7b, 0x29, 0xff, 0xb4, 0x59, 0x1d, 0xff, 0xa4, 0x4c, 0x18, 0xff, 
0xbf, 0x62, 0x1f, 0xff, 0xdb, 0x8b, 0x33, 0xff, 0xdd, 0x8d, 0x33, 0xff, 0xb7, 0x58, 0x1b, 0xff, 
0xa4, 0x4b, 0x18, 0xff, 0xc5, 0x6d, 0x25, 0xff, 0xba, 0x5f, 0x20, 0xff, 0xb5, 0x56, 0x1b, 0xff, 
0xd3, 0x7d, 0x2c, 0xff, 0xdb, 0x8d, 0x34, 0xff, 0xd9, 0x89, 0x32, 0xff, 0xdf, 0x98, 0x3b, 0xff, 
0xe0, 0x98, 0x3b, 0xff, 0xdc, 0x91, 0x37, 0xff, 0xdd, 0x93, 0x37, 0xff, 0xd8, 0x87, 0x30, 0xff, 
0xd3, 0x76, 0x28, 0xff, 0xca, 0x68, 0x21, 0xff, 0xba, 0x5a, 0x1d, 0xff, 0x98, 0x44, 0x16, 0xff, 
0x94, 0x42, 0x15, 0xff, 0xa1, 0x49, 0x18, 0xff, 0xba, 0x5d, 0x1d, 0xff, 0xcc, 0x71, 0x27, 0xff, 
0xd0, 0x77, 0x29, 0xff, 0xd4, 0x7e, 0x2c, 0xff, 0xd6, 0x82, 0x2e, 0xff, 0xd3, 0x7e, 0x2d, 0xff, 
0xda, 0x8e, 0x36, 0xff, 0xc6, 0x6c, 0x23, 0xff, 0xd9, 0x8a, 0x33, 0xff, 0xdf, 0x94, 0x38, 0xff, 
0xe9, 0xac, 0x48, 0xff, 0xee, 0xb9, 0x50, 0xff, 0xf1, 0xbe, 0x52, 0xff, 0xe8, 0xab, 0x46, 0xff, 
0xde, 0x96, 0x39, 0xff, 0xe0, 0x9b, 0x3c, 0xff, 0xe7, 0xa9, 0x45, 0xff, 0xe6, 0xa4, 0x43, 0xff, 
0xe3, 0xa1, 0x41, 0xff, 0xe9, 0xae, 0x49, 0xff, 0xe5, 0xa3, 0x42, 0xff, 0xde, 0x94, 0x38, 0xff, 
0xdf, 0x97, 0x3b, 0xff, 0xdb, 0x94, 0x39, 0xff, 0xd3, 0x82, 0x2f, 0xff, 0xd2, 0x7a, 0x2a, 0xff, 
0xd7, 0x83, 0x2f, 0xff, 0xdb, 0x8d, 0x34, 0xff, 0xf4, 0xc3, 0x5a, 0xff, 0xf2, 0xc0, 0x56, 0xff, 
0xdf, 0x95, 0x38, 0xff, 0xe0, 0x93, 0x37, 0xff, 0xd4, 0x7e, 0x2c, 0xff, 0xc5, 0x68, 0x22, 0xff, 
0xd0, 0x79, 0x2b, 0xff, 0xe2, 0x99, 0x3c, 0xff, 0xd4, 0x81, 0x2e, 0xff, 0xc4, 0x65, 0x20, 0xff, 
0xb3, 0x54, 0x17, 0xff, 0xbd, 0x64, 0x1f, 0xff, 0xb9, 0x5a, 0x1d, 0xff, 0xc0, 0x61, 0x20, 0xff, 
0xc0, 0x63, 0x1f, 0xff, 0xc6, 0x6c, 0x24, 0xff, 0xdc, 0x90, 0x36, 0xff, 0xdb, 0x8f, 0x35, 0xff, 
0xcc, 0x72, 0x26, 0xff, 0xce, 0x78, 0x2a, 0xff, 0xea, 0xae, 0x47, 0xff, 0xf5, 0xc4, 0x56, 0xff, 
0xff, 0xdb, 0x71, 0xff, 0xf7, 0xc7, 0x5a, 0xff, 0xfd, 0xd9, 0x79, 0xff, 0xff, 0xe3, 0x82, 0xff, 
0xf8, 0xc8, 0x5d, 0xff, 0xfa, 0xce, 0x62, 0xff, 0xf8, 0xca, 0x66, 0xff, 0xe7, 0xa6, 0x47, 0xff, 
0xd7, 0x8b, 0x33, 0xff, 0xc6, 0x6c, 0x21, 0xff, 0xd0, 0x7c, 0x2b, 0xff, 0xeb, 0xb0, 0x4e, 0xff, 
0xf1, 0xba, 0x4e, 0xff, 0xf6, 0xc6, 0x59, 0xff, 0xfe, 0xd5, 0x63, 0xff, 0xe9, 0xac, 0x44, 0xff, 
0xdc, 0x91, 0x37, 0xff, 0xde, 0x96, 0x39, 0xff, 0xdb, 0x8e, 0x33, 0xff, 0xce, 0x72, 0x24, 0xff, 
0xdb, 0x8e, 0x33, 0xff, 0xf6, 0xc4, 0x54, 0xff, 0xfd, 0xd5, 0x68, 0xff, 0xf4, 0xbf, 0x56, 0xff, 
0xdc, 0x8d, 0x34, 0xff, 0xdb, 0x92, 0x39, 0xff, 0xda, 0x8a, 0x34, 0xff, 0xca, 0x6d, 0x24, 0xff, 
0xcc, 0x72, 0x28, 0xff, 0xcc, 0x79, 0x2c, 0xff, 0xed, 0xb2, 0x49, 0xff, 0xfe, 0xd6, 0x5f, 0xff, 
0xfc, 0xd3, 0x5f, 0xff, 0xe9, 0xac, 0x47, 0xff, 0xdf, 0x98, 0x3b, 0xff, 0xe1, 0x9b, 0x3d, 0xff, 
0xe3, 0xa0, 0x40, 0xff, 0xe6, 0xa5, 0x42, 0xff, 0xe8, 0xa8, 0x41, 0xff, 0xf9, 0xd1, 0x70, 0xff, 
0xff, 0xe3, 0x88, 0xff, 0xff, 0xec, 0x9c, 0xff, 0xff, 0xe3, 0x82, 0xff, 0xe2, 0x9f, 0x3b, 0xff, 
0xd0, 0x82, 0x2d, 0xff, 0xe8, 0xa5, 0x40, 0xff, 0xe9, 0xa4, 0x41, 0xff, 0xdc, 0x90, 0x36, 0xff, 
0xcc, 0x72, 0x27, 0xff, 0xcd, 0x72, 0x26, 0xff, 0xcc, 0x73, 0x26, 0xff, 0xcd, 0x77, 0x2a, 0xff, 
0xde, 0x95, 0x39, 0xff, 0xdc, 0x92, 0x37, 0xff, 0xd3, 0x7c, 0x2b, 0xff, 0xd9, 0x88, 0x31, 0xff, 
0xd7, 0x80, 0x2d, 0xff, 0xa4, 0x4b, 0x18, 0xff, 0x96, 0x47, 0x18, 0xff, 0x98, 0x4a, 0x19, 0xff, 
0x95, 0x42, 0x15, 0xff, 0xb0, 0x51, 0x1a, 0xff, 0xbb, 0x5c, 0x1e, 0xff, 0xc0, 0x63, 0x20, 0xff, 
0xb6, 0x5a, 0x1d, 0xff, 0xb6, 0x58, 0x1c, 0xff, 0xc3, 0x68, 0x23, 0xff, 0xbc, 0x5d, 0x1d, 0xff, 
0xc8, 0x6a, 0x23, 0xff, 0xdd, 0x91, 0x36, 0xff, 0xe0, 0x96, 0x39, 0xff, 0xe1, 0x9c, 0x3e, 0xff, 
0xe2, 0x9b, 0x3c, 0xff, 0xe1, 0x8a, 0x31, 0xff, 0x8f, 0x41, 0x15, 0xff, 0x9b, 0x54, 0x1d, 0xff, 
0x91, 0x4d, 0x1a, 0xff, 0x5f, 0x2c, 0x0e, 0xff, 0x84, 0x43, 0x16, 0xff, 0xb7, 0x64, 0x23, 0xff, 
0x99, 0x51, 0x1a, 0xff, 0xa0, 0x51, 0x1b, 0xff, 0x98, 0x45, 0x16, 0xff, 0x97, 0x4b, 0x19, 0xff, 
0xbc, 0x64, 0x22, 0xff, 0xbb, 0x61, 0x20, 0xff, 0xbb, 0x5d, 0x1e, 0xff, 0xce, 0x73, 0x27, 0xff, 
0xd5, 0x7f, 0x2c, 0xff, 0xde, 0x87, 0x30, 0xff, 0xb3, 0x58, 0x1d, 0xff, 0x5f, 0x20, 0x08, 0xff, 
0x95, 0x4e, 0x1a, 0xff, 0xe2, 0x89, 0x31, 0xff, 0xd3, 0x88, 0x33, 0xff, 0xb0, 0x62, 0x22, 0xff, 
0xb4, 0x57, 0x1b, 0xff, 0xcb, 0x71, 0x26, 0xff, 0xd0, 0x7b, 0x2b, 0xff, 0xd4, 0x7f, 0x2c, 0xff, 
0xcd, 0x71, 0x26, 0xff, 0xb5, 0x56, 0x1b, 0xff, 0xb3, 0x57, 0x1c, 0xff, 0x9c, 0x48, 0x17, 0xff, 
0x8e, 0x42, 0x15, 0xff, 0x7f, 0x3c, 0x14, 0xff, 0x9d, 0x4d, 0x19, 0xff, 0xa6, 0x50, 0x1a, 0xff, 
0xa0, 0x4a, 0x18, 0xff, 0xba, 0x5c, 0x1e, 0xff, 0xc5, 0x65, 0x20, 0xff, 0xb8, 0x5b, 0x1d, 0xff, 
0xb3, 0x57, 0x1c, 0xff, 0xc2, 0x66, 0x21, 0xff, 0xbe, 0x60, 0x1f, 0xff, 0xd3, 0x73, 0x26, 0xff, 
0xe9, 0x9d, 0x3b, 0xff, 0xec, 0xa7, 0x42, 0xff, 0xc5, 0x6d, 0x25, 0xff, 0xc1, 0x62, 0x20, 0xff, 
0x9e, 0x50, 0x1a, 0xff, 0x77, 0x31, 0x0f, 0xff, 0x86, 0x3b, 0x13, 0xff, 0x79, 0x33, 0x10, 0xff, 
0x75, 0x32, 0x0f, 0xff, 0x9a, 0x47, 0x16, 0xff, 0xcc, 0x6d, 0x23, 0xff, 0xc1, 0x63, 0x21, 0xff, 
0x96, 0x45, 0x17, 0xff, 0x85, 0x3f, 0x14, 0xff, 0x84, 0x41, 0x16, 0xff, 0x88, 0x42, 0x16, 0xff, 
0x75, 0x36, 0x11, 0xff, 0x7e, 0x38, 0x12, 0xff, 0xab, 0x52, 0x1b, 0xff, 0xae, 0x55, 0x1b, 0xff, 
0xa3, 0x4d, 0x19, 0xff, 0xa0, 0x4b, 0x18, 0xff, 0xba, 0x5d, 0x1d, 0xff, 0xb7, 0x5a, 0x1e, 0xff, 
0x9e, 0x4c, 0x19, 0xff, 0xa3, 0x4f, 0x1a, 0xff, 0xb6, 0x5c, 0x1f, 0xff, 0x99, 0x47, 0x17, 0xff, 
0x93, 0x40, 0x14, 0xff, 0xa8, 0x50, 0x1a, 0xff, 0xd1, 0x76, 0x28, 0xff, 0xa6, 0x55, 0x1c, 0xff, 
0x74, 0x2f, 0x0e, 0xff, 0x8c, 0x40, 0x14, 0xff, 0x8f, 0x44, 0x16, 0xff, 0x9c, 0x4a, 0x19, 0xff, 
0xa2, 0x48, 0x16, 0xff, 0xc6, 0x70, 0x27, 0xff, 0xbb, 0x65, 0x23, 0xff, 0xa5, 0x4d, 0x18, 0xff, 
0xc8, 0x70, 0x25, 0xff, 0xd3, 0x80, 0x2d, 0xff, 0xda, 0x86, 0x30, 0xff, 0xdc, 0x84, 0x2e, 0xff, 
0xc4, 0x67, 0x22, 0xff, 0xc7, 0x67, 0x21, 0xff, 0xc4, 0x67, 0x22, 0xff, 0xab, 0x53, 0x1b, 0xff, 
0xac, 0x52, 0x1a, 0xff, 0xbe, 0x62, 0x21, 0xff, 0xb0, 0x56, 0x1c, 0xff, 0xad, 0x50, 0x19, 0xff, 
0xc4, 0x66, 0x21, 0xff, 0xcb, 0x6f, 0x23, 0xff, 0xd2, 0x85, 0x31, 0xff, 0xdd, 0x94, 0x38, 0xff, 
0xc5, 0x66, 0x20, 0xff, 0xbc, 0x5c, 0x1c, 0xff, 0xbc, 0x5d, 0x1e, 0xff, 0xa2, 0x48, 0x17, 0xff, 
0x9d, 0x46, 0x16, 0xff, 0xcb, 0x74, 0x29, 0xff, 0xdf, 0x8b, 0x34, 0xff, 0xac, 0x5a, 0x20, 0xff, 
0xa3, 0x4b, 0x19, 0xff, 0xbb, 0x61, 0x20, 0xff, 0xaa, 0x52, 0x1a, 0xff, 0xb9, 0x61, 0x20, 0xff, 
0xc7, 0x6d, 0x25, 0xff, 0xc0, 0x66, 0x22, 0xff, 0xaa, 0x4e, 0x17, 0xff, 0xad, 0x53, 0x1b, 0xff, 
0xbd, 0x64, 0x21, 0xff, 0xc5, 0x68, 0x22, 0xff, 0xcf, 0x7d, 0x2d, 0xff, 0xc8, 0x6e, 0x25, 0xff, 
0xc3, 0x65, 0x20, 0xff, 0xd4, 0x7d, 0x2c, 0xff, 0xd5, 0x7f, 0x2d, 0xff, 0xe2, 0x9f, 0x3f, 0xff, 
0xe1, 0x9a, 0x3d, 0xff, 0xd8, 0x86, 0x30, 0xff, 0xd2, 0x7a, 0x2a, 0xff, 0xd3, 0x76, 0x27, 0xff, 
0xbb, 0x5e, 0x1e, 0xff, 0x9a, 0x48, 0x17, 0xff, 0x7c, 0x37, 0x11, 0xff, 0x9a, 0x4d, 0x1a, 0xff, 
0x91, 0x47, 0x18, 0xff, 0x87, 0x3c, 0x13, 0xff, 0xac, 0x4e, 0x18, 0xff, 0xd8, 0x84, 0x2f, 0xff, 
0xde, 0x93, 0x37, 0xff, 0xcc, 0x7a, 0x2c, 0xff, 0xd5, 0x83, 0x2f, 0xff, 0xd7, 0x84, 0x2f, 0xff, 
0xc5, 0x6c, 0x24, 0xff, 0xc2, 0x65, 0x20, 0xff, 0xd8, 0x85, 0x30, 0xff, 0xdb, 0x8d, 0x33, 0xff, 
0xdf, 0x98, 0x3b, 0xff, 0xe2, 0x9f, 0x40, 0xff, 0xe2, 0x9f, 0x3f, 0xff, 0xe3, 0xa0, 0x40, 0xff, 
0xdc, 0x91, 0x37, 0xff, 0xe0, 0x99, 0x3b, 0xff, 0xea, 0xb1, 0x4b, 0xff, 0xe2, 0x9e, 0x3f, 0xff, 
0xe0, 0x99, 0x3b, 0xff, 0xea, 0xae, 0x48, 0xff, 0xe6, 0xa5, 0x43, 0xff, 0xe9, 0xab, 0x46, 0xff, 
0xe2, 0x9e, 0x40, 0xff, 0xcc, 0x75, 0x29, 0xff, 0xbf, 0x5f, 0x1e, 0xff, 0xc2, 0x66, 0x21, 0xff, 
0xcc, 0x70, 0x25, 0xff, 0xd3, 0x7c, 0x29, 0xff, 0xf2, 0xbe, 0x58, 0xff, 0xfa, 0xcf, 0x63, 0xff, 
0xd8, 0x89, 0x31, 0xff, 0xca, 0x73, 0x28, 0xff, 0xbd, 0x64, 0x22, 0xff, 0xbc, 0x60, 0x1f, 0xff, 
0xcf, 0x79, 0x2a, 0xff, 0xd9, 0x89, 0x33, 0xff, 0xde, 0x92, 0x38, 0xff, 0xd5, 0x8a, 0x35, 0xff, 
0xd9, 0x90, 0x3d, 0xff, 0xe6, 0xa0, 0x40, 0xff, 0xb9, 0x5b, 0x1c, 0xff, 0xc0, 0x63, 0x20, 0xff, 
0xbe, 0x61, 0x1f, 0xff, 0xc7, 0x6b, 0x23, 0xff, 0xe0, 0x99, 0x3b, 0xff, 0xdb, 0x90, 0x36, 0xff, 
0xc7, 0x65, 0x1e, 0xff, 0xda, 0x8e, 0x35, 0xff, 0xed, 0xb6, 0x4e, 0xff, 0xf2, 0xbe, 0x53, 0xff, 
0xfa, 0xcd, 0x5a, 0xff, 0xf5, 0xc3, 0x55, 0xff, 0xf6, 0xc8, 0x60, 0xff, 0xf2, 0xbe, 0x54, 0xff, 
0xe5, 0xa2, 0x42, 0xff, 0xdf, 0x9a, 0x3d, 0xff, 0xc7, 0x6f, 0x23, 0xff, 0xcb, 0x73, 0x25, 0xff, 
0xd8, 0x8b, 0x34, 0xff, 0xda, 0x91, 0x38, 0xff, 0xf2, 0xbe, 0x54, 0xff, 0xff, 0xd9, 0x6d, 0xff, 
0xf1, 0xbf, 0x58, 0xff, 0xf8, 0xc9, 0x5c, 0xff, 0xf5, 0xc2, 0x54, 0xff, 0xef, 0xb9, 0x4e, 0xff, 
0xe4, 0xa1, 0x3e, 0xff, 0xe9, 0xab, 0x46, 0xff, 0xf2, 0xbd, 0x51, 0xff, 0xeb, 0xaf, 0x4d, 0xff, 
0xf5, 0xc4, 0x5b, 0xff, 0xf9, 0xc8, 0x54, 0xff, 0xfb, 0xd0, 0x62, 0xff, 0xf2, 0xb7, 0x52, 0xff, 
0xaf, 0x52, 0x17, 0xff, 0x89, 0x2d, 0x0a, 0xff, 0x8a, 0x3e, 0x13, 0xff, 0xb1, 0x5c, 0x1f, 0xff, 
0xc9, 0x6f, 0x25, 0xff, 0xd3, 0x82, 0x30, 0xff, 0xee, 0xb4, 0x4b, 0xff, 0xf1, 0xbb, 0x51, 0xff, 
0xea, 0xaf, 0x48, 0xff, 0xe6, 0xa6, 0x43, 0xff, 0xdf, 0x99, 0x3b, 0xff, 0xe0, 0x98, 0x3c, 0xff, 
0xe6, 0xa6, 0x43, 0xff, 0xf0, 0xbb, 0x4f, 0xff, 0xe8, 0xab, 0x44, 0xff, 0xe8, 0xa9, 0x44, 0xff, 
0xf7, 0xc7, 0x5b, 0xff, 0xff, 0xdf, 0x87, 0xff, 0xff, 0xe6, 0x95, 0xff, 0xf5, 0xc3, 0x5b, 0xff, 
0xf1, 0xb9, 0x51, 0xff, 0xfa, 0xce, 0x5a, 0xff, 0xeb, 0xb0, 0x47, 0xff, 0xcb, 0x73, 0x27, 0xff, 
0xce, 0x74, 0x27, 0xff, 0xcd, 0x73, 0x27, 0xff, 0xc3, 0x65, 0x20, 0xff, 0xc8, 0x6b, 0x24, 0xff, 
0xd8, 0x89, 0x33, 0xff, 0xdd, 0x92, 0x36, 0xff, 0xd7, 0x84, 0x2f, 0xff, 0xcd, 0x72, 0x27, 0xff, 
0xc9, 0x6b, 0x23, 0xff, 0xc2, 0x66, 0x21, 0xff, 0xac, 0x56, 0x1c, 0xff, 0xa3, 0x4c, 0x19, 0xff, 
0xbe, 0x66, 0x23, 0xff, 0xc4, 0x6b, 0x24, 0xff, 0x9c, 0x41, 0x14, 0xff, 0xa3, 0x49, 0x16, 0xff, 
0xad, 0x51, 0x19, 0xff, 0xb1, 0x54, 0x1b, 0xff, 0xc0, 0x63, 0x21, 0xff, 0xca, 0x6d, 0x23, 0xff, 
0xd2, 0x7d, 0x2c, 0xff, 0xde, 0x93, 0x37, 0xff, 0xdf, 0x96, 0x39, 0xff, 0xdc, 0x8f, 0x37, 0xff, 
0xd5, 0x81, 0x2e, 0xff, 0xe2, 0x8c, 0x33, 0xff, 0xa5, 0x52, 0x1b, 0xff, 0x5a, 0x23, 0x0a, 0xff, 
0x48, 0x21, 0x09, 0xff, 0x47, 0x21, 0x0a, 0xff, 0x4a, 0x23, 0x0a, 0xff, 0x5a, 0x2b, 0x0c, 0xff, 
0x87, 0x42, 0x15, 0xff, 0x75, 0x34, 0x10, 0xff, 0x76, 0x35, 0x11, 0xff, 0x89, 0x3f, 0x14, 0xff, 
0xb8, 0x5a, 0x1d, 0xff, 0xac, 0x52, 0x1b, 0xff, 0xad, 0x52, 0x1a, 0xff, 0xcc, 0x70, 0x25, 0xff, 
0xd5, 0x7c, 0x2b, 0xff, 0xdc, 0x82, 0x2d, 0xff, 0xb7, 0x62, 0x21, 0xff, 0x78, 0x41, 0x17, 0xff, 
0x4a, 0x1f, 0x09, 0xff, 0x91, 0x49, 0x18, 0xff, 0xf7, 0xa3, 0x3d, 0xff, 0xd4, 0x7f, 0x2e, 0xff, 
0xbc, 0x5e, 0x1e, 0xff, 0xbc, 0x62, 0x20, 0xff, 0xad, 0x54, 0x1b, 0xff, 0xb5, 0x57, 0x1c, 0xff, 
0xa4, 0x4a, 0x17, 0xff, 0x9c, 0x49, 0x17, 0xff, 0x7f, 0x3a, 0x12, 0xff, 0x6c, 0x32, 0x10, 0xff, 
0x7e, 0x3a, 0x12, 0xff, 0x8a, 0x43, 0x15, 0xff, 0x99, 0x4c, 0x19, 0xff, 0x96, 0x46, 0x18, 0xff, 
0x9e, 0x4a, 0x18, 0xff, 0xaf, 0x55, 0x1b, 0xff, 0xcb, 0x6f, 0x25, 0xff, 0xc9, 0x6d, 0x25, 0xff, 
0xb6, 0x59, 0x1d, 0xff, 0xbe, 0x61, 0x20, 0xff, 0xb7, 0x5a, 0x1d, 0xff, 0xb4, 0x59, 0x1d, 0xff, 
0xc9, 0x70, 0x26, 0xff, 0xc2, 0x66, 0x22, 0xff, 0xa9, 0x4c, 0x19, 0xff, 0xbb, 0x60, 0x20, 0xff, 
0xba, 0x64, 0x22, 0xff, 0x7e, 0x38, 0x11, 0xff, 0x8b, 0x40, 0x15, 0xff, 0xa1, 0x4d, 0x19, 0xff, 
0xa1, 0x4b, 0x18, 0xff, 0x96, 0x45, 0x16, 0xff, 0x91, 0x44, 0x15, 0xff, 0xa0, 0x4c, 0x18, 0xff, 
0xa6, 0x51, 0x1b, 0xff, 0x9b, 0x4d, 0x1a, 0xff, 0x9c, 0x4d, 0x1a, 0xff, 0x98, 0x49, 0x18, 0xff, 
0x8d, 0x44, 0x16, 0xff, 0x9e, 0x51, 0x1c, 0xff, 0xb9, 0x60, 0x21, 0xff, 0xbc, 0x5c, 0x1e, 0xff, 
0xb4, 0x58, 0x1c, 0xff, 0xb1, 0x55, 0x1a, 0xff, 0xb7, 0x5a, 0x1d, 0xff, 0xa6, 0x4f, 0x1a, 0xff, 
0xb7, 0x5d, 0x1e, 0xff, 0xcb, 0x6e, 0x24, 0xff, 0xa6, 0x50, 0x1a, 0xff, 0x88, 0x3d, 0x13, 0xff, 
0x7f, 0x39, 0x13, 0xff, 0x8c, 0x3f, 0x14, 0xff, 0x9f, 0x4d, 0x19, 0xff, 0x94, 0x45, 0x16, 0xff, 
0x74, 0x34, 0x10, 0xff, 0x78, 0x37, 0x12, 0xff, 0x7a, 0x37, 0x11, 0xff, 0x8d, 0x3e, 0x14, 0xff, 
0xc2, 0x69, 0x24, 0xff, 0xca, 0x71, 0x26, 0xff, 0xb3, 0x56, 0x1c, 0xff, 0x9c, 0x46, 0x17, 0xff, 
0xb6, 0x61, 0x20, 0xff, 0xcb, 0x76, 0x29, 0xff, 0xbf, 0x64, 0x21, 0xff, 0xc1, 0x64, 0x20, 0xff, 
0xb8, 0x5d, 0x1e, 0xff, 0xae, 0x55, 0x1c, 0xff, 0xbb, 0x60, 0x1f, 0xff, 0xba, 0x60, 0x20, 0xff, 
0xb7, 0x5f, 0x20, 0xff, 0xa5, 0x4f, 0x1a, 0xff, 0x94, 0x41, 0x16, 0xff, 0xa4, 0x47, 0x16, 0xff, 
0xc4, 0x6a, 0x24, 0xff, 0xe0, 0x93, 0x36, 0xff, 0xd7, 0x86, 0x31, 0xff, 0xcf, 0x75, 0x28, 0xff, 
0xcb, 0x6e, 0x24, 0xff, 0xc6, 0x69, 0x23, 0xff, 0xc3, 0x65, 0x20, 0xff, 0xc6, 0x69, 0x23, 0xff, 
0xc7, 0x6b, 0x24, 0xff, 0xaf, 0x54, 0x1b, 0xff, 0xac, 0x5d, 0x21, 0xff, 0xce, 0x7f, 0x2f, 0xff, 
0xab, 0x54, 0x1d, 0xff, 0x7c, 0x2f, 0x0d, 0xff, 0xa6, 0x52, 0x1a, 0xff, 0xcd, 0x6e, 0x25, 0xff, 
0xc7, 0x6b, 0x25, 0xff, 0xc1, 0x68, 0x23, 0xff, 0xbe, 0x68, 0x22, 0xff, 0xcd, 0x7a, 0x2b, 0xff, 
0xb7, 0x5d, 0x1e, 0xff, 0xc0, 0x67, 0x23, 0xff, 0xd0, 0x7c, 0x2c, 0xff, 0xcf, 0x77, 0x28, 0xff, 
0xd7, 0x86, 0x30, 0xff, 0xd9, 0x89, 0x32, 0xff, 0xd2, 0x7f, 0x2d, 0xff, 0xce, 0x75, 0x28, 0xff, 
0xd5, 0x80, 0x2d, 0xff, 0xd8, 0x86, 0x30, 0xff, 0xd0, 0x73, 0x26, 0xff, 0xb5, 0x59, 0x1c, 0xff, 
0x8f, 0x3f, 0x14, 0xff, 0x78, 0x35, 0x12, 0xff, 0x68, 0x2e, 0x0e, 0xff, 0xa2, 0x54, 0x1c, 0xff, 
0x96, 0x49, 0x18, 0xff, 0x85, 0x3a, 0x12, 0xff, 0xb8, 0x5a, 0x1d, 0xff, 0xcc, 0x6f, 0x25, 0xff, 
0xbf, 0x65, 0x22, 0xff, 0xb7, 0x5c, 0x1f, 0xff, 0xd3, 0x7c, 0x2b, 0xff, 0xd4, 0x7e, 0x2d, 0xff, 
0xd3, 0x80, 0x2d, 0xff, 0xd8, 0x88, 0x32, 0xff, 0xd9, 0x8a, 0x33, 0xff, 0xdf, 0x97, 0x3a, 0xff, 
0xd8, 0x87, 0x31, 0xff, 0xd5, 0x80, 0x2d, 0xff, 0xd2, 0x7b, 0x2a, 0xff, 0xd9, 0x89, 0x33, 0xff, 
0xe1, 0x9a, 0x3d, 0xff, 0xdc, 0x91, 0x36, 0xff, 0xe7, 0xaa, 0x46, 0xff, 0xe7, 0xaa, 0x46, 0xff, 
0xe0, 0x98, 0x3a, 0xff, 0xe7, 0xa7, 0x43, 0xff, 0xe0, 0x9a, 0x3d, 0xff, 0xe8, 0xa9, 0x45, 0xff, 
0xdc, 0x93, 0x3a, 0xff, 0xcf, 0x79, 0x2b, 0xff, 0xcf, 0x7a, 0x2a, 0xff, 0xc7, 0x6d, 0x25, 0xff, 
0xd6, 0x85, 0x31, 0xff, 0xd5, 0x81, 0x2e, 0xff, 0xdc, 0x90, 0x37, 0xff, 0xef, 0xb6, 0x4d, 0xff, 
0xd8, 0x8c, 0x35, 0xff, 0x99, 0x40, 0x12, 0xff, 0x8a, 0x35, 0x0f, 0xff, 0xbb, 0x62, 0x1f, 0xff, 
0xde, 0x90, 0x36, 0xff, 0xe1, 0x9c, 0x3f, 0xff, 0xe6, 0xa5, 0x42, 0xff, 0xea, 0xab, 0x41, 0xff, 
0xff, 0xe4, 0x80, 0xff, 0xff, 0xf0, 0x94, 0xff, 0xf0, 0xb6, 0x49, 0xff, 0xdf, 0x95, 0x37, 0xff, 
0xd1, 0x7f, 0x2e, 0xff, 0xdf, 0x97, 0x3b, 0xff, 0xde, 0x94, 0x38, 0xff, 0xd3, 0x7e, 0x2a, 0xff, 
0xdd, 0x92, 0x36, 0xff, 0xf4, 0xc2, 0x55, 0xff, 0xe9, 0xab, 0x49, 0xff, 0xd8, 0x89, 0x33, 0xff, 
0xe4, 0xa2, 0x43, 0xff, 0xea, 0xb0, 0x4a, 0xff, 0xe9, 0xac, 0x44, 0xff, 0xe7, 0xa6, 0x40, 0xff, 
0xdf, 0x97, 0x3a, 0xff, 0xd0, 0x7a, 0x2b, 0xff, 0xbe, 0x63, 0x20, 0xff, 0xda, 0x8d, 0x35, 0xff, 
0xee, 0xb5, 0x4c, 0xff, 0xfb, 0xcf, 0x5c, 0xff, 0xdc, 0x94, 0x3a, 0xff, 0xe3, 0xa1, 0x40, 0xff, 
0xf5, 0xc6, 0x5a, 0xff, 0xf3, 0xbf, 0x55, 0xff, 0xe7, 0xa7, 0x41, 0xff, 0xed, 0xb2, 0x48, 0xff, 
0xfc, 0xd4, 0x67, 0xff, 0xff, 0xdf, 0x74, 0xff, 0xff, 0xe7, 0x80, 0xff, 0xfd, 0xd5, 0x67, 0xff, 
0xf6, 0xc5, 0x55, 0xff, 0xf7, 0xc7, 0x58, 0xff, 0xff, 0xdf, 0x71, 0xff, 0xd1, 0x8f, 0x3c, 0xff, 
0x7d, 0x2b, 0x07, 0xff, 0x84, 0x3c, 0x14, 0xff, 0x51, 0x1c, 0x07, 0xff, 0xa2, 0x54, 0x1b, 0xff, 
0xdd, 0x83, 0x2e, 0xff, 0xe0, 0x99, 0x3c, 0xff, 0xdd, 0x93, 0x39, 0xff, 0xd4, 0x80, 0x2d, 0xff, 
0xe2, 0x9f, 0x40, 0xff, 0xe6, 0xa6, 0x44, 0xff, 0xe6, 0xa5, 0x43, 0xff, 0xe6, 0xa6, 0x44, 0xff, 
0xe4, 0xa1, 0x41, 0xff, 0xd9, 0x8a, 0x33, 0xff, 0xd0, 0x74, 0x27, 0xff, 0xda, 0x8c, 0x32, 0xff, 
0xf2, 0xbe, 0x4e, 0xff, 0xff, 0xd2, 0x58, 0xff, 0xf8, 0xc7, 0x56, 0xff, 0xe9, 0xab, 0x47, 0xff, 
0xe2, 0x9d, 0x40, 0xff, 0xf6, 0xc8, 0x62, 0xff, 0xf6, 0xc8, 0x5f, 0xff, 0xce, 0x7b, 0x2a, 0xff, 
0xc7, 0x69, 0x20, 0xff, 0xc6, 0x69, 0x22, 0xff, 0xcc, 0x72, 0x28, 0xff, 0xdb, 0x8c, 0x34, 0xff, 
0xdb, 0x8f, 0x37, 0xff, 0xd9, 0x89, 0x32, 0xff, 0xd5, 0x82, 0x2e, 0xff, 0xcd, 0x73, 0x27, 0xff, 
0xce, 0x75, 0x27, 0xff, 0xcc, 0x70, 0x25, 0xff, 0xcd, 0x6f, 0x25, 0xff, 0xd1, 0x73, 0x27, 0xff, 
0xd8, 0x7e, 0x2c, 0xff, 0xc5, 0x6d, 0x24, 0xff, 0xbd, 0x6a, 0x25, 0xff, 0xdf, 0x97, 0x3a, 0xff, 
0xdd, 0x89, 0x31, 0xff, 0xab, 0x52, 0x1a, 0xff, 0xa6, 0x4f, 0x19, 0xff, 0xd6, 0x7a, 0x29, 0xff, 
0xd9, 0x8a, 0x32, 0xff, 0xdb, 0x8e, 0x35, 0xff, 0xe3, 0x9e, 0x3e, 0xff, 0xdc, 0x8e, 0x35, 0xff, 
0xcc, 0x6d, 0x23, 0xff, 0xbc, 0x5c, 0x1d, 0xff, 0x9e, 0x4d, 0x19, 0xff, 0x74, 0x36, 0x12, 0xff, 
0x68, 0x27, 0x0a, 0xff, 0x49, 0x1e, 0x07, 0xff, 0x47, 0x22, 0x09, 0xff, 0x56, 0x26, 0x0c, 0xff, 
0x5e, 0x2a, 0x0d, 0xff, 0x75, 0x36, 0x11, 0xff, 0x82, 0x3d, 0x13, 0xff, 0x8d, 0x42, 0x16, 0xff, 
0xa3, 0x4d, 0x19, 0xff, 0xac, 0x4f, 0x19, 0xff, 0xc4, 0x68, 0x22, 0xff, 0xd1, 0x76, 0x27, 0xff, 
0xcd, 0x72, 0x26, 0xff, 0xd3, 0x76, 0x27, 0xff, 0xbd, 0x60, 0x20, 0xff, 0x6e, 0x35, 0x12, 0xff, 
0x41, 0x1b, 0x07, 0xff, 0x8e, 0x44, 0x16, 0xff, 0xb7, 0x61, 0x21, 0xff, 0x8e, 0x44, 0x16, 0xff, 
0x9f, 0x4d, 0x19, 0xff, 0xbc, 0x5f, 0x1f, 0xff, 0xb4, 0x58, 0x1d, 0xff, 0x8c, 0x3f, 0x15, 0xff, 
0x76, 0x34, 0x10, 0xff, 0x67, 0x2e, 0x0e, 0xff, 0x4d, 0x23, 0x09, 0xff, 0x5e, 0x2b, 0x0d, 0xff, 
0x6f, 0x32, 0x10, 0xff, 0x7b, 0x37, 0x11, 0xff, 0x8a, 0x3e, 0x14, 0xff, 0xaa, 0x53, 0x1c, 0xff, 
0xae, 0x55, 0x1b, 0xff, 0xae, 0x58, 0x1d, 0xff, 0xa2, 0x50, 0x1b, 0xff, 0xa1, 0x4d, 0x19, 0xff, 
0xb2, 0x56, 0x1c, 0xff, 0x8e, 0x41, 0x15, 0xff, 0x79, 0x38, 0x12, 0xff, 0x76, 0x35, 0x11, 0xff, 
0x82, 0x38, 0x11, 0xff, 0x96, 0x41, 0x14, 0xff, 0xac, 0x52, 0x1a, 0xff, 0xa7, 0x53, 0x1b, 0xff, 
0xa6, 0x53, 0x1c, 0xff, 0x8c, 0x41, 0x14, 0xff, 0x84, 0x3b, 0x12, 0xff, 0xa9, 0x54, 0x1c, 0xff, 
0xaf, 0x59, 0x1e, 0xff, 0x96, 0x45, 0x16, 0xff, 0x80, 0x3a, 0x13, 0xff, 0x8d, 0x40, 0x14, 0xff, 
0xac, 0x54, 0x1c, 0xff, 0xac, 0x54, 0x1c, 0xff, 0x8f, 0x3f, 0x14, 0xff, 0x84, 0x3a, 0x13, 0xff, 
0xa0, 0x4a, 0x19, 0xff, 0xac, 0x55, 0x1d, 0xff, 0xbb, 0x65, 0x23, 0xff, 0xac, 0x5a, 0x1d, 0xff, 
0xaa, 0x51, 0x1a, 0xff, 0xb9, 0x5b, 0x1d, 0xff, 0xab, 0x50, 0x1a, 0xff, 0xb8, 0x61, 0x20, 0xff, 
0xc2, 0x67, 0x23, 0xff, 0xbf, 0x66, 0x22, 0xff, 0xb1, 0x5c, 0x1f, 0xff, 0x9c, 0x4b, 0x19, 0xff, 
0x84, 0x3e, 0x14, 0xff, 0x82, 0x36, 0x0f, 0xff, 0x88, 0x3b, 0x12, 0xff, 0x95, 0x47, 0x17, 0xff, 
0x9b, 0x4d, 0x19, 0xff, 0x74, 0x33, 0x11, 0xff, 0x72, 0x34, 0x10, 0xff, 0x78, 0x35, 0x11, 0xff, 
0x99, 0x4b, 0x18, 0xff, 0xc9, 0x6c, 0x24, 0xff, 0xb6, 0x5d, 0x1e, 0xff, 0x88, 0x3b, 0x13, 0xff, 
0xa6, 0x4e, 0x19, 0xff, 0xba, 0x5f, 0x1e, 0xff, 0x9d, 0x47, 0x17, 0xff, 0xa6, 0x4e, 0x18, 0xff, 
0xae, 0x55, 0x1b, 0xff, 0x9c, 0x47, 0x17, 0xff, 0xb7, 0x5e, 0x21, 0xff, 0xbc, 0x67, 0x23, 0xff, 
0xb1, 0x58, 0x1c, 0xff, 0xb1, 0x56, 0x1c, 0xff, 0xa1, 0x4a, 0x18, 0xff, 0xb2, 0x55, 0x1b, 0xff, 
0xca, 0x70, 0x25, 0xff, 0xd2, 0x7b, 0x2b, 0xff, 0xd2, 0x7a, 0x2a, 0xff, 0xcf, 0x76, 0x28, 0xff, 
0xca, 0x70, 0x25, 0xff, 0xd0, 0x78, 0x29, 0xff, 0xd0, 0x7a, 0x2a, 0xff, 0xd1, 0x75, 0x28, 0xff, 
0xab, 0x57, 0x1d, 0xff, 0x97, 0x4a, 0x19, 0xff, 0x6b, 0x2a, 0x0c, 0xff, 0x88, 0x3c, 0x12, 0xff, 
0xbb, 0x60, 0x20, 0xff, 0xa5, 0x51, 0x1b, 0xff, 0xb6, 0x5f, 0x20, 0xff, 0xbc, 0x61, 0x20, 0xff, 
0xce, 0x79, 0x2b, 0xff, 0xd8, 0x87, 0x31, 0xff, 0xd8, 0x88, 0x33, 0xff, 0xd9, 0x89, 0x31, 0xff, 
0xd2, 0x7e, 0x2c, 0xff, 0xdb, 0x8f, 0x36, 0xff, 0xd2, 0x7a, 0x2a, 0xff, 0xd3, 0x7f, 0x2e, 0xff, 
0xd5, 0x83, 0x30, 0xff, 0xdc, 0x8d, 0x34, 0xff, 0xd0, 0x7c, 0x2c, 0xff, 0xcf, 0x77, 0x29, 0xff, 
0xd6, 0x83, 0x2f, 0xff, 0xdc, 0x8c, 0x34, 0xff, 0xd6, 0x80, 0x2e, 0xff, 0x9a, 0x48, 0x17, 0xff, 
0x83, 0x3e, 0x15, 0xff, 0x78, 0x33, 0x0f, 0xff, 0xa0, 0x50, 0x1a, 0xff, 0xac, 0x55, 0x1d, 0xff, 
0xa7, 0x4d, 0x19, 0xff, 0xa6, 0x4d, 0x19, 0xff, 0xb5, 0x59, 0x1d, 0xff, 0xc7, 0x69, 0x22, 0xff, 
0xc3, 0x64, 0x21, 0xff, 0xca, 0x6d, 0x24, 0xff, 0xce, 0x75, 0x28, 0xff, 0xc4, 0x66, 0x21, 0xff, 
0xd0, 0x79, 0x2a, 0xff, 0xda, 0x8d, 0x34, 0xff, 0xd7, 0x86, 0x31, 0xff, 0xd5, 0x80, 0x2f, 0xff, 
0xd6, 0x83, 0x2f, 0xff, 0xd6, 0x82, 0x2f, 0xff, 0xd3, 0x7b, 0x2b, 0xff, 0xd9, 0x8a, 0x32, 0xff, 
0xdd, 0x92, 0x37, 0xff, 0xd4, 0x7f, 0x2b, 0xff, 0xe1, 0x9d, 0x3d, 0xff, 0xed, 0xb6, 0x4d, 0xff, 
0xe2, 0x9b, 0x3d, 0xff, 0xd7, 0x87, 0x31, 0xff, 0xd7, 0x87, 0x32, 0xff, 0xe7, 0xaa, 0x45, 0xff, 
0xeb, 0xb2, 0x49, 0xff, 0xdd, 0x91, 0x37, 0xff, 0xd5, 0x7f, 0x2c, 0xff, 0xd7, 0x82, 0x2f, 0xff, 
0xe6, 0xa5, 0x42, 0xff, 0xe2, 0x9d, 0x3e, 0xff, 0xda, 0x8d, 0x34, 0xff, 0xf3, 0xbb, 0x4d, 0xff, 
0xe3, 0x9d, 0x34, 0xff, 0xa3, 0x47, 0x0c, 0xff, 0xa3, 0x4a, 0x17, 0xff, 0xd6, 0x8c, 0x35, 0xff, 
0xee, 0xb1, 0x4a, 0xff, 0xdc, 0x90, 0x37, 0xff, 0xcd, 0x77, 0x29, 0xff, 0xd4, 0x82, 0x2d, 0xff, 
0xe5, 0xa3, 0x45, 0xff, 0xe5, 0xa8, 0x50, 0xff, 0xe4, 0xa3, 0x42, 0xff, 0xe5, 0xa5, 0x41, 0xff, 
0xe2, 0x9c, 0x3d, 0xff, 0xdb, 0x8e, 0x33, 0xff, 0xe5, 0xa5, 0x44, 0xff, 0xf6, 0xc9, 0x65, 0xff, 
0xfb, 0xd3, 0x66, 0xff, 0xfb, 0xd1, 0x61, 0xff, 0xeb, 0xb1, 0x49, 0xff, 0xd5, 0x82, 0x2e, 0xff, 
0xdd, 0x95, 0x39, 0xff, 0xe4, 0xa3, 0x42, 0xff, 0xdf, 0x96, 0x39, 0xff, 0xd9, 0x8a, 0x33, 0xff, 
0xbe, 0x64, 0x21, 0xff, 0xbc, 0x66, 0x23, 0xff, 0xba, 0x67, 0x23, 0xff, 0xbd, 0x63, 0x21, 0xff, 
0xcc, 0x7b, 0x2c, 0xff, 0xe7, 0xa6, 0x42, 0xff, 0xd7, 0x88, 0x31, 0xff, 0xe5, 0xa5, 0x41, 0xff, 
0xf3, 0xbf, 0x50, 0xff, 0xf4, 0xc0, 0x55, 0xff, 0xf1, 0xbf, 0x58, 0xff, 0xf7, 0xca, 0x61, 0xff, 
0xfb, 0xd4, 0x6e, 0xff, 0xf1, 0xbd, 0x5b, 0xff, 0xf3, 0xc0, 0x5b, 0xff, 0xf9, 0xcb, 0x5e, 0xff, 
0xfb, 0xce, 0x5c, 0xff, 0xf8, 0xc7, 0x5a, 0xff, 0xf8, 0xbf, 0x53, 0xff, 0xb1, 0x68, 0x26, 0xff, 
0x77, 0x31, 0x0e, 0xff, 0x83, 0x39, 0x11, 0xff, 0x87, 0x42, 0x16, 0xff, 0xb9, 0x69, 0x24, 0xff, 
0xc7, 0x6f, 0x26, 0xff, 0xd6, 0x82, 0x2f, 0xff, 0xce, 0x73, 0x26, 0xff, 0xd7, 0x85, 0x30, 0xff, 
0xdd, 0x91, 0x38, 0xff, 0xdf, 0x95, 0x39, 0xff, 0xe3, 0x9e, 0x40, 0xff, 0xe0, 0x97, 0x3b, 0xff, 
0xe5, 0xa6, 0x43, 0xff, 0xe6, 0xa6, 0x43, 0xff, 0xdc, 0x8f, 0x36, 0xff, 0xe2, 0x9a, 0x3d, 0xff, 
0xea, 0xae, 0x4a, 0xff, 0xea, 0xad, 0x46, 0xff, 0xed, 0xb5, 0x48, 0xff, 0xec, 0xb3, 0x4a, 0xff, 
0xdf, 0x98, 0x39, 0xff, 0xe6, 0xa9, 0x48, 0xff, 0xfb, 0xd3, 0x68, 0xff, 0xf6, 0xc7, 0x5d, 0xff, 
0xdc, 0x93, 0x37, 0xff, 0xd4, 0x7e, 0x2c, 0xff, 0xd6, 0x82, 0x2e, 0xff, 0xe0, 0x9b, 0x3d, 0xff, 
0xe0, 0x9a, 0x3c, 0xff, 0xdd, 0x94, 0x3a, 0xff, 0xd1, 0x79, 0x2a, 0xff, 0xcb, 0x6f, 0x23, 0xff, 
0xce, 0x73, 0x26, 0xff, 0xd1, 0x7a, 0x2a, 0xff, 0xd3, 0x80, 0x2d, 0xff, 0xda, 0x8a, 0x33, 0xff, 
0xe0, 0x97, 0x3a, 0xff, 0xd1, 0x7b, 0x2b, 0xff, 0xda, 0x83, 0x2e, 0xff, 0xf1, 0xb2, 0x48, 0xff, 
0xe3, 0x97, 0x39, 0xff, 0xa7, 0x4f, 0x18, 0xff, 0x9a, 0x42, 0x14, 0xff, 0xd0, 0x7d, 0x2e, 0xff, 
0xe0, 0x95, 0x38, 0xff, 0xdb, 0x8e, 0x34, 0xff, 0xde, 0x95, 0x39, 0xff, 0xdf, 0x95, 0x38, 0xff, 
0xe4, 0x93, 0x36, 0xff, 0xb4, 0x5b, 0x1e, 0xff, 0x7a, 0x36, 0x12, 0xff, 0x92, 0x42, 0x15, 0xff, 
0xce, 0x7a, 0x2e, 0xff, 0xa4, 0x5a, 0x1f, 0xff, 0x6d, 0x2e, 0x0e, 0xff, 0x7d, 0x3b, 0x13, 0xff, 
0x58, 0x28, 0x0b, 0xff, 0x55, 0x27, 0x0b, 0xff, 0x75, 0x36, 0x11, 0xff, 0x74, 0x34, 0x10, 0xff, 
0x76, 0x36, 0x11, 0xff, 0x96, 0x41, 0x14, 0xff, 0xc4, 0x6b, 0x25, 0xff, 0xcf, 0x76, 0x29, 0xff, 
0xc4, 0x65, 0x21, 0xff, 0xd2, 0x7b, 0x2b, 0xff, 0xd5, 0x79, 0x2a, 0xff, 0x94, 0x40, 0x13, 0xff, 
0x9c, 0x55, 0x1e, 0xff, 0xc8, 0x79, 0x2c, 0xff, 0x71, 0x30, 0x0e, 0xff, 0x63, 0x2a, 0x0d, 0xff, 
0x7c, 0x39, 0x12, 0xff, 0xb9, 0x5c, 0x1e, 0xff, 0xb9, 0x5d, 0x1f, 0xff, 0x5e, 0x28, 0x0c, 0xff, 
0x6e, 0x31, 0x0f, 0xff, 0x84, 0x3f, 0x15, 0xff, 0x5e, 0x2b, 0x0c, 0xff, 0x62, 0x2c, 0x0d, 0xff, 
0x7c, 0x3b, 0x13, 0xff, 0x94, 0x46, 0x17, 0xff, 0xa1, 0x4b, 0x18, 0xff, 0x9d, 0x4a, 0x18, 0xff, 
0x98, 0x46, 0x16, 0xff, 0xb2, 0x5b, 0x1f, 0xff, 0xae, 0x59, 0x1d, 0xff, 0xa5, 0x4d, 0x18, 0xff, 
0x90, 0x40, 0x14, 0xff, 0x6d, 0x30, 0x0f, 0xff, 0x62, 0x2c, 0x0e, 0xff, 0x63, 0x2d, 0x0e, 0xff, 
0x7f, 0x3a, 0x13, 0xff, 0x98, 0x47, 0x17, 0xff, 0x9b, 0x4a, 0x18, 0xff, 0x98, 0x47, 0x17, 0xff, 
0xa3, 0x4e, 0x19, 0xff, 0x8c, 0x41, 0x15, 0xff, 0x78, 0x37, 0x11, 0xff, 0x8e, 0x41, 0x15, 0xff, 
0xa5, 0x51, 0x1b, 0xff, 0xaa, 0x54, 0x1c, 0xff, 0x89, 0x3e, 0x15, 0xff, 0x95, 0x46, 0x17, 0xff, 
0xac, 0x53, 0x1b, 0xff, 0xa8, 0x50, 0x1a, 0xff, 0x96, 0x45, 0x17, 0xff, 0x95, 0x44, 0x15, 0xff, 
0xb4, 0x58, 0x1d, 0xff, 0xac, 0x52, 0x1b, 0xff, 0xa9, 0x50, 0x19, 0xff, 0xa9, 0x57, 0x1d, 0xff, 
0xb3, 0x5a, 0x1e, 0xff, 0xc0, 0x63, 0x21, 0xff, 0xac, 0x54, 0x1b, 0xff, 0xbe, 0x63, 0x20, 0xff, 
0xbc, 0x5d, 0x1f, 0xff, 0xa6, 0x4e, 0x1a, 0xff, 0xb6, 0x5e, 0x1f, 0xff, 0xbc, 0x5f, 0x1f, 0xff, 
0xb4, 0x5c, 0x1f, 0xff, 0xae, 0x5f, 0x22, 0xff, 0xa0, 0x4a, 0x17, 0xff, 0xba, 0x60, 0x20, 0xff, 
0xb9, 0x62, 0x21, 0xff, 0x86, 0x3a, 0x12, 0xff, 0x71, 0x34, 0x11, 0xff, 0x60, 0x2d, 0x0e, 0xff, 
0x74, 0x31, 0x0f, 0xff, 0xb4, 0x58, 0x1c, 0xff, 0x9e, 0x4c, 0x19, 0xff, 0x88, 0x3b, 0x13, 0xff, 
0xcc, 0x75, 0x28, 0xff, 0xbb, 0x65, 0x22, 0xff, 0x90, 0x3f, 0x15, 0xff, 0xac, 0x58, 0x1d, 0xff, 
0xae, 0x57, 0x1c, 0xff, 0xb6, 0x5a, 0x1e, 0xff, 0xbc, 0x60, 0x20, 0xff, 0xbf, 0x66, 0x22, 0xff, 
0xc7, 0x6a, 0x23, 0xff, 0xca, 0x6b, 0x23, 0xff, 0xc1, 0x63, 0x20, 0xff, 0xbf, 0x61, 0x1f, 0xff, 
0xd3, 0x7c, 0x2b, 0xff, 0xd5, 0x7f, 0x2c, 0xff, 0xcb, 0x70, 0x25, 0xff, 0xc7, 0x6c, 0x23, 0xff, 
0xc7, 0x6c, 0x24, 0xff, 0xcb, 0x71, 0x25, 0xff, 0xd0, 0x76, 0x28, 0xff, 0xc7, 0x69, 0x23, 0xff, 
0x91, 0x42, 0x16, 0xff, 0x86, 0x3d, 0x14, 0xff, 0x82, 0x3b, 0x13, 0xff, 0x91, 0x3f, 0x13, 0xff, 
0xd0, 0x7b, 0x2d, 0xff, 0xc3, 0x70, 0x29, 0xff, 0xbb, 0x5e, 0x1f, 0xff, 0xd9, 0x81, 0x2c, 0xff, 
0xe0, 0x95, 0x37, 0xff, 0xda, 0x8f, 0x36, 0xff, 0xdc, 0x94, 0x39, 0xff, 0xdb, 0x90, 0x37, 0xff, 
0xd3, 0x7c, 0x2b, 0xff, 0xce, 0x73, 0x26, 0xff, 0xcf, 0x79, 0x29, 0xff, 0xd8, 0x89, 0x32, 0xff, 
0xd0, 0x79, 0x2a, 0xff, 0xd9, 0x89, 0x32, 0xff, 0xdd, 0x91, 0x36, 0xff, 0xd7, 0x84, 0x31, 0xff, 
0xd6, 0x83, 0x2f, 0xff, 0xe1, 0x96, 0x38, 0xff, 0xd9, 0x84, 0x2f, 0xff, 0xa2, 0x4c, 0x18, 0xff, 
0x8c, 0x3d, 0x14, 0xff, 0x92, 0x44, 0x16, 0xff, 0xb1, 0x58, 0x1d, 0xff, 0xd7, 0x7c, 0x2b, 0xff, 
0xdf, 0x8c, 0x33, 0xff, 0xcf, 0x74, 0x27, 0xff, 0xc4, 0x66, 0x20, 0xff, 0xcd, 0x73, 0x27, 0xff, 
0xcd, 0x74, 0x27, 0xff, 0xc7, 0x6a, 0x23, 0xff, 0xcc, 0x70, 0x25, 0xff, 0xd0, 0x78, 0x2a, 0xff, 
0xce, 0x74, 0x27, 0xff, 0xcf, 0x77, 0x28, 0xff, 0xd6, 0x81, 0x2f, 0xff, 0xd1, 0x79, 0x2a, 0xff, 
0xcd, 0x72, 0x25, 0xff, 0xd3, 0x7c, 0x2b, 0xff, 0xd6, 0x83, 0x2f, 0xff, 0xd6, 0x83, 0x30, 0xff, 
0xd9, 0x8a, 0x33, 0xff, 0xd9, 0x8c, 0x33, 0xff, 0xdb, 0x91, 0x36, 0xff, 0xe0, 0x99, 0x3c, 0xff, 
0xdf, 0x96, 0x3a, 0xff, 0xd3, 0x7c, 0x2b, 0xff, 0xe1, 0x99, 0x3c, 0xff, 0xf5, 0xc6, 0x55, 0xff, 
0xe3, 0xa1, 0x40, 0xff, 0xdf, 0x95, 0x3a, 0xff, 0xe0, 0x96, 0x3a, 0xff, 0xd7, 0x87, 0x31, 0xff, 
0xe0, 0x98, 0x3c, 0xff, 0xf1, 0xbc, 0x50, 0xff, 0xf1, 0xb9, 0x49, 0xff, 0xf4, 0xbf, 0x4b, 0xff, 
0xfc, 0xd8, 0x79, 0xff, 0xf7, 0xc6, 0x63, 0xff, 0xef, 0xb0, 0x42, 0xff, 0xed, 0xb4, 0x4c, 0xff, 
0xd8, 0x8b, 0x34, 0xff, 0xd1, 0x79, 0x29, 0xff, 0xde, 0x92, 0x38, 0xff, 0xe1, 0x9b, 0x3e, 0xff, 
0xd2, 0x79, 0x27, 0xff, 0xc0, 0x58, 0x13, 0xff, 0xc8, 0x6e, 0x25, 0xff, 0xd6, 0x86, 0x30, 0xff, 
0xd4, 0x80, 0x29, 0xff, 0xdb, 0x8e, 0x33, 0xff, 0xf9, 0xd0, 0x67, 0xff, 0xfe, 0xdc, 0x76, 0xff, 
0xf1, 0xbe, 0x58, 0xff, 0xed, 0xb4, 0x4c, 0xff, 0xed, 0xb4, 0x4b, 0xff, 0xeb, 0xae, 0x47, 0xff, 
0xd5, 0x84, 0x31, 0xff, 0xc6, 0x6a, 0x24, 0xff, 0xdf, 0x97, 0x3b, 0xff, 0xe4, 0x9d, 0x3d, 0xff, 
0xba, 0x5d, 0x1d, 0xff, 0x96, 0x3e, 0x14, 0xff, 0x9b, 0x40, 0x13, 0xff, 0xb3, 0x4f, 0x16, 0xff, 
0xd6, 0x86, 0x33, 0xff, 0xf4, 0xbf, 0x53, 0xff, 0xef, 0xb7, 0x4d, 0xff, 0xe2, 0x9e, 0x3e, 0xff, 
0xf1, 0xbc, 0x52, 0xff, 0xff, 0xd9, 0x6c, 0xff, 0xfc, 0xd2, 0x66, 0xff, 0xf8, 0xcd, 0x5f, 0xff, 
0xde, 0x95, 0x38, 0xff, 0xd4, 0x7e, 0x28, 0xff, 0xe2, 0x9d, 0x39, 0xff, 0xf9, 0xc8, 0x56, 0xff, 
0xfd, 0xd6, 0x6f, 0xff, 0xff, 0xde, 0x70, 0xff, 0xf7, 0xb6, 0x4b, 0xff, 0x98, 0x45, 0x13, 0xff, 
0x84, 0x35, 0x0e, 0xff, 0xb6, 0x5e, 0x20, 0xff, 0xc8, 0x70, 0x28, 0xff, 0xa2, 0x4e, 0x19, 0xff, 
0xa1, 0x4a, 0x17, 0xff, 0xcc, 0x6f, 0x25, 0xff, 0xd5, 0x82, 0x2e, 0xff, 0xdb, 0x8b, 0x33, 0xff, 
0xde, 0x93, 0x38, 0xff, 0xdb, 0x8f, 0x36, 0xff, 0xdd, 0x94, 0x39, 0xff, 0xde, 0x95, 0x39, 0xff, 
0xe5, 0xa5, 0x43, 0xff, 0xed, 0xb7, 0x4d, 0xff, 0xe5, 0xa5, 0x43, 0xff, 0xe3, 0xa0, 0x40, 0xff, 
0xdc, 0x90, 0x36, 0xff, 0xd8, 0x8a, 0x33, 0xff, 0xe0, 0x98, 0x3c, 0xff, 0xe5, 0xa6, 0x44, 0xff, 
0xe9, 0xae, 0x49, 0xff, 0xe7, 0xa8, 0x42, 0xff, 0xeb, 0xb1, 0x4a, 0xff, 0xf9, 0xce, 0x5e, 0xff, 
0xf3, 0xc1, 0x54, 0xff, 0xe1, 0x9b, 0x3d, 0xff, 0xdc, 0x91, 0x36, 0xff, 0xdc, 0x91, 0x37, 0xff, 
0xe9, 0xac, 0x48, 0xff, 0xec, 0xb4, 0x4c, 0xff, 0xda, 0x8e, 0x35, 0xff, 0xd0, 0x77, 0x28, 0xff, 
0xcc, 0x70, 0x25, 0xff, 0xcc, 0x73, 0x27, 0xff, 0xd5, 0x7f, 0x2c, 0xff, 0xdb, 0x8d, 0x34, 0xff, 
0xe3, 0x9d, 0x3c, 0xff, 0xd0, 0x7c, 0x2c, 0xff, 0xa4, 0x4a, 0x17, 0xff, 0xc4, 0x6e, 0x27, 0xff, 
0xce, 0x75, 0x27, 0xff, 0xd2, 0x78, 0x29, 0xff, 0xca, 0x71, 0x27, 0xff, 0xcc, 0x77, 0x2a, 0xff, 
0xd4, 0x7e, 0x2c, 0xff, 0xda, 0x8d, 0x34, 0xff, 0xe0, 0x99, 0x3b, 0xff, 0xe0, 0x95, 0x39, 0xff, 
0xdc, 0x88, 0x31, 0xff, 0xaa, 0x59, 0x1e, 0xff, 0x52, 0x1f, 0x08, 0xff, 0x88, 0x3a, 0x11, 0xff, 
0xf1, 0xa0, 0x3f, 0xff, 0xc8, 0x78, 0x2d, 0xff, 0x6c, 0x26, 0x0a, 0xff, 0x88, 0x44, 0x17, 0xff, 
0xab, 0x5c, 0x1f, 0xff, 0x73, 0x34, 0x11, 0xff, 0x7c, 0x38, 0x12, 0xff, 0x8a, 0x41, 0x14, 0xff, 
0x69, 0x2f, 0x0f, 0xff, 0x86, 0x3f, 0x14, 0xff, 0xc4, 0x66, 0x22, 0xff, 0xaf, 0x54, 0x1b, 0xff, 
0xbb, 0x5d, 0x1e, 0xff, 0xc9, 0x6c, 0x24, 0xff, 0xd3, 0x7e, 0x2d, 0xff, 0xce, 0x73, 0x27, 0xff, 
0xce, 0x70, 0x26, 0xff, 0xc1, 0x70, 0x28, 0xff, 0x84, 0x3a, 0x12, 0xff, 0x83, 0x3a, 0x13, 0xff, 
0x8e, 0x40, 0x15, 0xff, 0xb3, 0x56, 0x1c, 0xff, 0xba, 0x5b, 0x1d, 0xff, 0x89, 0x49, 0x1a, 0xff, 
0xb9, 0x6d, 0x27, 0xff, 0xd0, 0x71, 0x27, 0xff, 0x97, 0x49, 0x18, 0xff, 0x73, 0x31, 0x0f, 0xff, 
0xa8, 0x5a, 0x1f, 0xff, 0xbd, 0x64, 0x22, 0xff, 0xb2, 0x53, 0x1a, 0xff, 0xb2, 0x58, 0x1c, 0xff, 
0xa4, 0x4f, 0x1a, 0xff, 0xa4, 0x4d, 0x19, 0xff, 0xc3, 0x69, 0x24, 0xff, 0xb7, 0x5b, 0x1f, 0xff, 
0x9d, 0x4c, 0x19, 0xff, 0x80, 0x3c, 0x13, 0xff, 0x68, 0x2d, 0x0e, 0xff, 0x69, 0x31, 0x0f, 0xff, 
0x80, 0x3c, 0x13, 0xff, 0xa2, 0x4e, 0x1a, 0xff, 0x91, 0x44, 0x16, 0xff, 0x99, 0x45, 0x17, 0xff, 
0xac, 0x51, 0x1a, 0xff, 0x95, 0x46, 0x17, 0xff, 0x93, 0x47, 0x17, 0xff, 0x9f, 0x4a, 0x18, 0xff, 
0xa2, 0x4e, 0x19, 0xff, 0x7e, 0x3b, 0x13, 0xff, 0x77, 0x36, 0x11, 0xff, 0x7e, 0x39, 0x12, 0xff, 
0x81, 0x3a, 0x13, 0xff, 0x9b, 0x4a, 0x19, 0xff, 0x9a, 0x48, 0x18, 0xff, 0x9f, 0x49, 0x18, 0xff, 
0x9e, 0x4a, 0x18, 0xff, 0xa4, 0x4e, 0x19, 0xff, 0xaa, 0x51, 0x1a, 0xff, 0xab, 0x51, 0x1b, 0xff, 
0xbc, 0x5f, 0x20, 0xff, 0xbd, 0x5f, 0x1e, 0xff, 0xa5, 0x4d, 0x18, 0xff, 0xb0, 0x54, 0x1b, 0xff, 
0xbe, 0x5e, 0x1e, 0xff, 0xbb, 0x62, 0x22, 0xff, 0xb0, 0x5a, 0x1e, 0xff, 0xa7, 0x4f, 0x19, 0xff, 
0x94, 0x3c, 0x11, 0xff, 0xd9, 0x91, 0x39, 0xff, 0xd6, 0x84, 0x31, 0xff, 0xa6, 0x4b, 0x16, 0xff, 
0xa8, 0x50, 0x1a, 0xff, 0x9e, 0x47, 0x16, 0xff, 0x8d, 0x40, 0x15, 0xff, 0x70, 0x34, 0x11, 0xff, 
0x70, 0x31, 0x0f, 0xff, 0xa5, 0x51, 0x1a, 0xff, 0x9f, 0x46, 0x16, 0xff, 0xac, 0x59, 0x1f, 0xff, 
0xd5, 0x84, 0x30, 0xff, 0xb8, 0x60, 0x20, 0xff, 0xc2, 0x68, 0x23, 0xff, 0xd8, 0x81, 0x2d, 0xff, 
0xcb, 0x71, 0x27, 0xff, 0x9e, 0x49, 0x17, 0xff, 0x9a, 0x45, 0x15, 0xff, 0xb3, 0x58, 0x1d, 0xff, 
0xbd, 0x62, 0x21, 0xff, 0xb8, 0x5c, 0x1e, 0xff, 0xc7, 0x6c, 0x24, 0xff, 0xca, 0x6e, 0x24, 0xff, 
0xc3, 0x66, 0x22, 0xff, 0xc6, 0x6a, 0x23, 0xff, 0xcd, 0x73, 0x26, 0xff, 0xca, 0x6e, 0x25, 0xff, 
0xca, 0x6e, 0x25, 0xff, 0xc8, 0x6b, 0x22, 0xff, 0xce, 0x71, 0x25, 0xff, 0xc6, 0x69, 0x22, 0xff, 
0x99, 0x47, 0x17, 0xff, 0x7d, 0x34, 0x11, 0xff, 0xab, 0x54, 0x1b, 0xff, 0xc0, 0x61, 0x1f, 0xff, 
0xb5, 0x5f, 0x20, 0xff, 0xb6, 0x5f, 0x1f, 0xff, 0xa9, 0x4d, 0x18, 0xff, 0xbe, 0x62, 0x20, 0xff, 
0xcc, 0x78, 0x2a, 0xff, 0xe0, 0x94, 0x36, 0xff, 0xdb, 0x8c, 0x32, 0xff, 0xd2, 0x79, 0x29, 0xff, 
0xaa, 0x4f, 0x19, 0xff, 0xa9, 0x50, 0x19, 0xff, 0xce, 0x75, 0x27, 0xff, 0xda, 0x8a, 0x32, 0xff, 
0xde, 0x94, 0x39, 0xff, 0xde, 0x93, 0x37, 0xff, 0xdd, 0x8d, 0x33, 0xff, 0xd8, 0x81, 0x2d, 0xff, 
0xd0, 0x79, 0x2a, 0xff, 0xd2, 0x7e, 0x2d, 0xff, 0xce, 0x73, 0x27, 0xff, 0xbf, 0x5e, 0x1e, 0xff, 
0xc0, 0x60, 0x1f, 0xff, 0xb1, 0x5a, 0x1e, 0xff, 0x92, 0x42, 0x15, 0xff, 0xba, 0x61, 0x20, 0xff, 
0xd5, 0x7e, 0x2b, 0xff, 0xd0, 0x78, 0x29, 0xff, 0xcc, 0x6f, 0x26, 0xff, 0xca, 0x6f, 0x25, 0xff, 
0xd0, 0x77, 0x28, 0xff, 0xce, 0x74, 0x27, 0xff, 0xd0, 0x78, 0x29, 0xff, 0xd4, 0x7f, 0x2d, 0xff, 
0xd2, 0x7c, 0x2b, 0xff, 0xd5, 0x80, 0x2e, 0xff, 0xd3, 0x7b, 0x2b, 0xff, 0xd5, 0x81, 0x2e, 0xff, 
0xd4, 0x80, 0x2d, 0xff, 0xd8, 0x88, 0x32, 0xff, 0xd3, 0x7d, 0x2b, 0xff, 0xce, 0x72, 0x26, 0xff, 
0xd8, 0x87, 0x30, 0xff, 0xdb, 0x8e, 0x34, 0xff, 0xdf, 0x98, 0x3b, 0xff, 0xe5, 0xa5, 0x43, 0xff, 
0xe0, 0x9b, 0x3e, 0xff, 0xe6, 0xa3, 0x41, 0xff, 0xf6, 0xc4, 0x53, 0xff, 0xf6, 0xc4, 0x54, 0xff, 
0xee, 0xb6, 0x4c, 0xff, 0xee, 0xb5, 0x4c, 0xff, 0xee, 0xb7, 0x4c, 0xff, 0xe2, 0x9e, 0x3e, 0xff, 
0xe2, 0x9e, 0x3d, 0xff, 0xf1, 0xbb, 0x4f, 0xff, 0xf9, 0xca, 0x57, 0xff, 0xfc, 0xde, 0x8f, 0xff, 
0xff, 0xf0, 0xbe, 0xff, 0xff, 0xf2, 0xac, 0xff, 0xff, 0xe5, 0x7c, 0xff, 0xe9, 0xa9, 0x44, 0xff, 
0xe0, 0x97, 0x39, 0xff, 0xe8, 0xaa, 0x46, 0xff, 0xe1, 0x9b, 0x3c, 0xff, 0xdf, 0x95, 0x3a, 0xff, 
0xdd, 0x94, 0x38, 0xff, 0xd5, 0x82, 0x2f, 0xff, 0xdd, 0x91, 0x35, 0xff, 0xed, 0xb4, 0x4d, 0xff, 
0xf0, 0xba, 0x56, 0xff, 0xfb, 0xd1, 0x65, 0xff, 0xed, 0xb5, 0x52, 0xff, 0xdd, 0x94, 0x35, 0xff, 
0xdc, 0x92, 0x36, 0xff, 0xeb, 0xb0, 0x48, 0xff, 0xea, 0xaf, 0x49, 0xff, 0xde, 0x96, 0x3b, 0xff, 
0xd8, 0x87, 0x32, 0xff, 0xce, 0x75, 0x28, 0xff, 0xd6, 0x85, 0x31, 0xff, 0xe0, 0x98, 0x3b, 0xff, 
0xd0, 0x7a, 0x2b, 0xff, 0xb0, 0x50, 0x17, 0xff, 0xbf, 0x67, 0x23, 0xff, 0xe6, 0xa1, 0x40, 0xff, 
0xed, 0xb2, 0x4a, 0xff, 0xe4, 0xa2, 0x41, 0xff, 0xdb, 0x8f, 0x35, 0xff, 0xe5, 0xa5, 0x43, 0xff, 
0xf7, 0xc9, 0x5a, 0xff, 0xed, 0xb4, 0x4c, 0xff, 0xe5, 0xa3, 0x3f, 0xff, 0xde, 0x95, 0x37, 0xff, 
0xd9, 0x89, 0x32, 0xff, 0xe2, 0x9d, 0x3f, 0xff, 0xf0, 0xb9, 0x4c, 0xff, 0xfe, 0xd5, 0x61, 0xff, 
0xfe, 0xe1, 0x79, 0xff, 0xf9, 0xd0, 0x68, 0xff, 0xab, 0x5f, 0x23, 0xff, 0xb2, 0x61, 0x20, 0xff, 
0xe8, 0x9c, 0x3c, 0xff, 0xd2, 0x7e, 0x2e, 0xff, 0xbc, 0x62, 0x21, 0xff, 0xc4, 0x6d, 0x27, 0xff, 
0xc6, 0x74, 0x29, 0xff, 0xc1, 0x6a, 0x25, 0xff, 0xc6, 0x6f, 0x26, 0xff, 0xdd, 0x8e, 0x35, 0xff, 
0xe0, 0x9b, 0x3c, 0xff, 0xd9, 0x8b, 0x34, 0xff, 0xdf, 0x96, 0x39, 0xff, 0xe3, 0x9f, 0x3e, 0xff, 
0xd8, 0x87, 0x32, 0xff, 0xdb, 0x91, 0x37, 0xff, 0xe8, 0xac, 0x48, 0xff, 0xe4, 0xa2, 0x41, 0xff, 
0xde, 0x96, 0x3a, 0xff, 0xde, 0x94, 0x39, 0xff, 0xe0, 0x98, 0x3b, 0xff, 0xe0, 0x9b, 0x3d, 0xff, 
0xe7, 0xa9, 0x46, 0xff, 0xea, 0xaf, 0x4a, 0xff, 0xe6, 0xa8, 0x45, 0xff, 0xe9, 0xad, 0x46, 0xff, 
0xf0, 0xba, 0x50, 0xff, 0xe5, 0xa7, 0x43, 0xff, 0xdd, 0x92, 0x36, 0xff, 0xdf, 0x95, 0x3a, 0xff, 
0xdd, 0x93, 0x38, 0xff, 0xe4, 0xa2, 0x42, 0xff, 0xe1, 0x9d, 0x3e, 0xff, 0xd6, 0x83, 0x2f, 0xff, 
0xda, 0x8e, 0x35, 0xff, 0xd4, 0x80, 0x2d, 0xff, 0xd2, 0x7b, 0x2b, 0xff, 0xda, 0x8b, 0x34, 0xff, 
0xdf, 0x94, 0x38, 0xff, 0xd2, 0x7e, 0x2d, 0xff, 0xbb, 0x64, 0x20, 0xff, 0xc0, 0x63, 0x1f, 0xff, 
0xbf, 0x5f, 0x1e, 0xff, 0xc2, 0x66, 0x21, 0xff, 0xc3, 0x66, 0x22, 0xff, 0xc7, 0x6d, 0x24, 0xff, 
0xda, 0x8d, 0x35, 0xff, 0xd9, 0x88, 0x33, 0xff, 0xd6, 0x84, 0x2f, 0xff, 0xdb, 0x8b, 0x33, 0xff, 
0xd5, 0x7e, 0x2b, 0xff, 0xb7, 0x5e, 0x1f, 0xff, 0x8a, 0x42, 0x15, 0xff, 0x7f, 0x3b, 0x13, 0xff, 
0xae, 0x52, 0x1b, 0xff, 0xac, 0x55, 0x1c, 0xff, 0x70, 0x31, 0x0f, 0xff, 0x90, 0x44, 0x17, 0xff, 
0x9f, 0x4e, 0x1a, 0xff, 0x83, 0x3b, 0x13, 0xff, 0x73, 0x34, 0x11, 0xff, 0x77, 0x39, 0x12, 0xff, 
0x8c, 0x45, 0x17, 0xff, 0x9d, 0x51, 0x1c, 0xff, 0xa9, 0x51, 0x1b, 0xff, 0x9e, 0x47, 0x17, 0xff, 
0xb9, 0x5d, 0x1f, 0xff, 0xbc, 0x60, 0x20, 0xff, 0xbb, 0x5f, 0x1f, 0xff, 0xc5, 0x67, 0x21, 0xff, 
0xcf, 0x75, 0x27, 0xff, 0xc4, 0x6a, 0x23, 0xff, 0xb7, 0x58, 0x1c, 0xff, 0xb5, 0x59, 0x1d, 0xff, 
0xb2, 0x55, 0x1c, 0xff, 0xbe, 0x63, 0x21, 0xff, 0xce, 0x6d, 0x24, 0xff, 0xad, 0x58, 0x1d, 0xff, 
0x8d, 0x4a, 0x1a, 0xff, 0x97, 0x4e, 0x1a, 0xff, 0x7f, 0x3b, 0x13, 0xff, 0x88, 0x3e, 0x14, 0xff, 
0x98, 0x47, 0x17, 0xff, 0x9d, 0x4a, 0x18, 0xff, 0xad, 0x54, 0x1c, 0xff, 0xbd, 0x60, 0x20, 0xff, 
0xa9, 0x55, 0x1c, 0xff, 0xaa, 0x53, 0x1b, 0xff, 0xa8, 0x52, 0x1b, 0xff, 0xb0, 0x56, 0x1c, 0xff, 
0xc1, 0x64, 0x21, 0xff, 0xa8, 0x54, 0x1c, 0xff, 0x8e, 0x44, 0x16, 0xff, 0x89, 0x42, 0x15, 0xff, 
0x68, 0x2e, 0x0f, 0xff, 0x7b, 0x36, 0x11, 0xff, 0xa0, 0x47, 0x15, 0xff, 0xae, 0x54, 0x1b, 0xff, 
0xac, 0x54, 0x1c, 0xff, 0xae, 0x53, 0x1a, 0xff, 0xae, 0x51, 0x19, 0xff, 0xa1, 0x47, 0x16, 0xff, 
0xa4, 0x4f, 0x1a, 0xff, 0x6f, 0x33, 0x10, 0xff, 0x6a, 0x2d, 0x0e, 0xff, 0x86, 0x44, 0x17, 0xff, 
0x84, 0x44, 0x17, 0xff, 0x7e, 0x39, 0x12, 0xff, 0x9e, 0x4a, 0x18, 0xff, 0xac, 0x57, 0x1e, 0xff, 
0xa4, 0x51, 0x1b, 0xff, 0x92, 0x41, 0x16, 0xff, 0xab, 0x52, 0x1b, 0xff, 0xb3, 0x56, 0x1c, 0xff, 
0xb8, 0x5a, 0x1c, 0xff, 0xc4, 0x69, 0x23, 0xff, 0xc1, 0x69, 0x24, 0xff, 0xa7, 0x51, 0x1a, 0xff, 
0x9f, 0x49, 0x17, 0xff, 0xb1, 0x60, 0x22, 0xff, 0x86, 0x40, 0x15, 0xff, 0x89, 0x3e, 0x14, 0xff, 
0x96, 0x42, 0x14, 0xff, 0xc9, 0x7f, 0x30, 0xff, 0xd7, 0x8b, 0x35, 0xff, 0xb5, 0x5c, 0x1e, 0xff, 
0xab, 0x54, 0x1b, 0xff, 0xbb, 0x69, 0x25, 0xff, 0xa5, 0x4d, 0x18, 0xff, 0x7b, 0x31, 0x0f, 0xff, 
0x93, 0x4f, 0x1b, 0xff, 0xc4, 0x6e, 0x26, 0xff, 0xb8, 0x63, 0x22, 0xff, 0xce, 0x77, 0x2a, 0xff, 
0xbc, 0x61, 0x1f, 0xff, 0xc1, 0x66, 0x22, 0xff, 0xc3, 0x67, 0x22, 0xff, 0xcc, 0x72, 0x27, 0xff, 
0xc0, 0x63, 0x21, 0xff, 0xad, 0x5b, 0x1e, 0xff, 0xa8, 0x5a, 0x1f, 0xff, 0xbb, 0x5e, 0x1e, 0xff, 
0xbd, 0x61, 0x20, 0xff, 0x9d, 0x46, 0x16, 0xff, 0xb5, 0x57, 0x1c, 0xff, 0xc4, 0x65, 0x20, 0xff, 
0xc7, 0x6c, 0x24, 0xff, 0xc5, 0x68, 0x23, 0xff, 0xc6, 0x6b, 0x23, 0xff, 0xca, 0x6e, 0x24, 0xff, 
0xc8, 0x6b, 0x24, 0xff, 0xd1, 0x75, 0x27, 0xff, 0xc5, 0x68, 0x22, 0xff, 0x97, 0x46, 0x16, 0xff, 
0x93, 0x44, 0x15, 0xff, 0xa0, 0x4b, 0x19, 0xff, 0xa8, 0x51, 0x1a, 0xff, 0x9e, 0x49, 0x18, 0xff, 
0xa9, 0x50, 0x19, 0xff, 0xcd, 0x70, 0x25, 0xff, 0xc2, 0x66, 0x21, 0xff, 0xae, 0x51, 0x1a, 0xff, 
0xb5, 0x5c, 0x1f, 0xff, 0xd7, 0x84, 0x30, 0xff, 0xcb, 0x71, 0x26, 0xff, 0xcd, 0x71, 0x25, 0xff, 
0xb1, 0x58, 0x1c, 0xff, 0xb0, 0x57, 0x1c, 0xff, 0xc9, 0x6d, 0x23, 0xff, 0xd3, 0x80, 0x2d, 0xff, 
0xd7, 0x85, 0x31, 0xff, 0xcb, 0x75, 0x28, 0xff, 0xc3, 0x69, 0x23, 0xff, 0xba, 0x5c, 0x1e, 0xff, 
0xa9, 0x4e, 0x18, 0xff, 0xb3, 0x56, 0x1b, 0xff, 0xc4, 0x69, 0x23, 0xff, 0xc8, 0x6d, 0x25, 0xff, 
0xc1, 0x61, 0x1f, 0xff, 0xb6, 0x59, 0x1c, 0xff, 0x92, 0x44, 0x16, 0xff, 0x98, 0x45, 0x16, 0xff, 
0xb6, 0x58, 0x1b, 0xff, 0xba, 0x5c, 0x1d, 0xff, 0xc7, 0x6a, 0x23, 0xff, 0xcb, 0x6f, 0x25, 0xff, 
0xcb, 0x70, 0x25, 0xff, 0xd0, 0x77, 0x29, 0xff, 0xd2, 0x7b, 0x2a, 0xff, 0xd1, 0x7b, 0x2b, 0xff, 
0xd0, 0x79, 0x2a, 0xff, 0xd3, 0x7e, 0x2b, 0xff, 0xd1, 0x79, 0x29, 0xff, 0xd7, 0x86, 0x31, 0xff, 
0xe4, 0xa1, 0x40, 0xff, 0xda, 0x8b, 0x33, 0xff, 0xca, 0x6b, 0x21, 0xff, 0xd3, 0x7d, 0x2c, 0xff, 
0xda, 0x8c, 0x34, 0xff, 0xd8, 0x88, 0x31, 0xff, 0xdf, 0x98, 0x3b, 0xff, 0xe4, 0xa3, 0x42, 0xff, 
0xe3, 0xa1, 0x41, 0xff, 0xe8, 0xa9, 0x46, 0xff, 0xef, 0xbb, 0x4f, 0xff, 0xef, 0xb9, 0x4e, 0xff, 
0xea, 0xae, 0x48, 0xff, 0xee, 0xb6, 0x4d, 0xff, 0xf5, 0xc5, 0x56, 0xff, 0xe8, 0xab, 0x47, 0xff, 
0xe6, 0xa6, 0x3f, 0xff, 0xf9, 0xcd, 0x63, 0xff, 0xff, 0xdf, 0x87, 0xff, 0xff, 0xed, 0xb6, 0xff, 
0xfd, 0xed, 0xc1, 0xff, 0xfe, 0xe9, 0xae, 0xff, 0xfa, 0xd3, 0x72, 0xff, 0xec, 0xae, 0x41, 0xff, 
0xea, 0xac, 0x46, 0xff, 0xed, 0xb4, 0x4c, 0xff, 0xe7, 0xa8, 0x45, 0xff, 0xe2, 0x9e, 0x3e, 0xff, 
0xe0, 0x99, 0x3a, 0xff, 0xe4, 0xa1, 0x41, 0xff, 0xeb, 0xaf, 0x49, 0xff, 0xf7, 0xca, 0x61, 0xff, 
0xff, 0xe2, 0x7a, 0xff, 0xf7, 0xc8, 0x5c, 0xff, 0xdf, 0x96, 0x37, 0xff, 0xdd, 0x92, 0x36, 0xff, 
0xd9, 0x8b, 0x34, 0xff, 0xdb, 0x8e, 0x35, 0xff, 0xec, 0xb2, 0x4b, 0xff, 0xe9, 0xad, 0x47, 0xff, 
0xe5, 0xa4, 0x42, 0xff, 0xe6, 0xa5, 0x42, 0xff, 0xd9, 0x89, 0x32, 0xff, 0xc8, 0x6c, 0x24, 0xff, 
0xc5, 0x67, 0x21, 0xff, 0xdc, 0x8a, 0x32, 0xff, 0xe6, 0x9e, 0x3c, 0xff, 0xe5, 0xa4, 0x41, 0xff, 
0xd7, 0x88, 0x32, 0xff, 0xcc, 0x71, 0x25, 0xff, 0xdb, 0x8e, 0x35, 0xff, 0xe2, 0x9e, 0x3f, 0xff, 
0xdf, 0x97, 0x3a, 0xff, 0xd8, 0x88, 0x31, 0xff, 0xd5, 0x83, 0x2e, 0xff, 0xd5, 0x83, 0x2f, 0xff, 
0xd9, 0x87, 0x32, 0xff, 0xe5, 0x9e, 0x3d, 0xff, 0xe1, 0x96, 0x39, 0xff, 0xe8, 0xa9, 0x49, 0xff, 
0xff, 0xe3, 0x6e, 0xff, 0xc6, 0x7f, 0x30, 0xff, 0x6d, 0x17, 0x00, 0xff, 0xd3, 0x8c, 0x37, 0xff, 
0xeb, 0x9c, 0x3b, 0xff, 0xd4, 0x78, 0x29, 0xff, 0xc0, 0x6b, 0x25, 0xff, 0xa8, 0x5c, 0x20, 0xff, 
0xc8, 0x77, 0x2b, 0xff, 0xd9, 0x8a, 0x33, 0xff, 0xca, 0x6e, 0x24, 0xff, 0xde, 0x95, 0x39, 0xff, 
0xe3, 0xa0, 0x3f, 0xff, 0xd7, 0x87, 0x31, 0xff, 0xd6, 0x85, 0x30, 0xff, 0xda, 0x8c, 0x34, 0xff, 
0xd8, 0x87, 0x31, 0xff, 0xdc, 0x91, 0x37, 0xff, 0xe7, 0xaa, 0x46, 0xff, 0xe9, 0xac, 0x47, 0xff, 
0xed, 0xb3, 0x4c, 0xff, 0xe6, 0xa6, 0x44, 0xff, 0xdf, 0x99, 0x3b, 0xff, 0xe4, 0xa3, 0x42, 0xff, 
0xe8, 0xaa, 0x47, 0xff, 0xe3, 0x9f, 0x40, 0xff, 0xe1, 0x9c, 0x3d, 0xff, 0xe8, 0xaa, 0x46, 0xff, 
0xec, 0xb3, 0x4b, 0xff, 0xeb, 0xb0, 0x4a, 0xff, 0xe0, 0x97, 0x3a, 0xff, 0xdb, 0x8d, 0x35, 0xff, 
0xd8, 0x87, 0x31, 0xff, 0xe2, 0x9d, 0x3e, 0xff, 0xdc, 0x92, 0x38, 0xff, 0xd1, 0x7a, 0x2a, 0xff, 
0xd7, 0x85, 0x30, 0xff, 0xd6, 0x82, 0x2e, 0xff, 0xd6, 0x85, 0x30, 0xff, 0xda, 0x8b, 0x33, 0xff, 
0xd9, 0x8a, 0x33, 0xff, 0xda, 0x8c, 0x34, 0xff, 0xdd, 0x8d, 0x33, 0xff, 0xd4, 0x7d, 0x2c, 0xff, 
0xcc, 0x71, 0x25, 0xff, 0xba, 0x5c, 0x1d, 0xff, 0xb7, 0x5d, 0x1e, 0xff, 0xcf, 0x7c, 0x2c, 0xff, 
0xdc, 0x91, 0x37, 0xff, 0xd3, 0x80, 0x2d, 0xff, 0xc9, 0x6e, 0x25, 0xff, 0xcf, 0x78, 0x29, 0xff, 
0xd2, 0x7a, 0x2a, 0xff, 0xc8, 0x68, 0x22, 0xff, 0xbd, 0x5b, 0x1e, 0xff, 0x87, 0x3f, 0x14, 0xff, 
0x7d, 0x38, 0x12, 0xff, 0xa0, 0x4d, 0x19, 0xff, 0x90, 0x44, 0x16, 0xff, 0x96, 0x45, 0x16, 0xff, 
0x8b, 0x3f, 0x14, 0xff, 0x75, 0x35, 0x11, 0xff, 0x6e, 0x31, 0x10, 0xff, 0x55, 0x25, 0x0b, 0xff, 
0x6c, 0x33, 0x11, 0xff, 0x78, 0x37, 0x11, 0xff, 0x7e, 0x36, 0x11, 0xff, 0xb1, 0x5a, 0x1e, 0xff, 
0xca, 0x6c, 0x24, 0xff, 0xbf, 0x64, 0x21, 0xff, 0xb8, 0x5a, 0x1c, 0xff, 0xc8, 0x70, 0x26, 0xff, 
0xdb, 0x8b, 0x33, 0xff, 0xc9, 0x6f, 0x26, 0xff, 0xa9, 0x4d, 0x18, 0xff, 0xbc, 0x5f, 0x1f, 0xff, 
0xd4, 0x77, 0x28, 0xff, 0xd4, 0x7b, 0x2b, 0xff, 0xcc, 0x70, 0x25, 0xff, 0xc6, 0x62, 0x1f, 0xff, 
0x94, 0x40, 0x14, 0xff, 0x67, 0x27, 0x0b, 0xff, 0x6f, 0x32, 0x10, 0xff, 0x90, 0x45, 0x17, 0xff, 
0x8c, 0x3e, 0x13, 0xff, 0xa1, 0x51, 0x1b, 0xff, 0xad, 0x5f, 0x21, 0xff, 0x9c, 0x4b, 0x18, 0xff, 
0x8f, 0x43, 0x16, 0xff, 0xa3, 0x51, 0x1a, 0xff, 0xaa, 0x53, 0x1b, 0xff, 0xb2, 0x59, 0x1d, 0xff, 
0xb3, 0x57, 0x1c, 0xff, 0xb1, 0x55, 0x1c, 0xff, 0xc5, 0x6e, 0x26, 0xff, 0xa5, 0x51, 0x1b, 0xff, 
0x8e, 0x3f, 0x14, 0xff, 0xa9, 0x4f, 0x19, 0xff, 0xcf, 0x76, 0x29, 0xff, 0xdb, 0x87, 0x31, 0xff, 
0xd1, 0x7a, 0x2b, 0xff, 0xb8, 0x56, 0x1a, 0xff, 0xca, 0x73, 0x28, 0xff, 0xc8, 0x79, 0x2c, 0xff, 
0xb5, 0x5c, 0x1e, 0xff, 0x90, 0x46, 0x16, 0xff, 0x5e, 0x22, 0x0a, 0xff, 0xa0, 0x53, 0x1c, 0xff, 
0xa7, 0x58, 0x1f, 0xff, 0x72, 0x31, 0x10, 0xff, 0x89, 0x3f, 0x14, 0xff, 0x97, 0x4a, 0x18, 0xff, 
0xa8, 0x52, 0x1b, 0xff, 0xa1, 0x48, 0x17, 0xff, 0xc0, 0x66, 0x22, 0xff, 0xc2, 0x68, 0x22, 0xff, 
0xc7, 0x6d, 0x25, 0xff, 0xbc, 0x68, 0x24, 0xff, 0xad, 0x5a, 0x1f, 0xff, 0x9e, 0x4c, 0x19, 0xff, 
0x83, 0x38, 0x11, 0xff, 0x91, 0x41, 0x15, 0xff, 0x9e, 0x4c, 0x19, 0xff, 0xa0, 0x49, 0x16, 0xff, 
0xb8, 0x5f, 0x1f, 0xff, 0xe5, 0xa3, 0x41, 0xff, 0xe3, 0x9c, 0x3d, 0xff, 0xe2, 0x96, 0x39, 0xff, 
0xea, 0xa6, 0x42, 0xff, 0xe4, 0x9d, 0x3d, 0xff, 0xc7, 0x6d, 0x25, 0xff, 0xaf, 0x57, 0x1d, 0xff, 
0xbf, 0x6d, 0x26, 0xff, 0xc5, 0x69, 0x23, 0xff, 0xc8, 0x75, 0x2a, 0xff, 0xb4, 0x61, 0x22, 0xff, 
0xc6, 0x6e, 0x26, 0xff, 0xcb, 0x71, 0x25, 0xff, 0xc2, 0x69, 0x24, 0xff, 0xac, 0x51, 0x1a, 0xff, 
0xa1, 0x4b, 0x17, 0xff, 0xc7, 0x70, 0x27, 0xff, 0xba, 0x69, 0x26, 0xff, 0x98, 0x45, 0x15, 0xff, 
0xa6, 0x52, 0x1b, 0xff, 0x9a, 0x47, 0x16, 0xff, 0xab, 0x50, 0x19, 0xff, 0xb8, 0x58, 0x1c, 0xff, 
0xcc, 0x70, 0x25, 0xff, 0xcf, 0x74, 0x26, 0xff, 0xc7, 0x6b, 0x23, 0xff, 0xc8, 0x6c, 0x23, 0xff, 
0xc9, 0x6a, 0x24, 0xff, 0xcb, 0x6f, 0x24, 0xff, 0xb8, 0x5d, 0x1e, 0xff, 0x9d, 0x4a, 0x18, 0xff, 
0xbb, 0x60, 0x1f, 0xff, 0xb2, 0x58, 0x1d, 0xff, 0x9f, 0x49, 0x18, 0xff, 0x97, 0x43, 0x16, 0xff, 
0xab, 0x56, 0x1c, 0xff, 0xc2, 0x6a, 0x25, 0xff, 0xc1, 0x68, 0x24, 0xff, 0xb8, 0x5b, 0x1d, 0xff, 
0xb1, 0x56, 0x1b, 0xff, 0xb5, 0x59, 0x1d, 0xff, 0xbf, 0x63, 0x20, 0xff, 0xbe, 0x61, 0x1f, 0xff, 
0xc8, 0x68, 0x22, 0xff, 0xc6, 0x66, 0x21, 0xff, 0xcf, 0x78, 0x29, 0xff, 0xdf, 0x93, 0x37, 0xff, 
0xd1, 0x7d, 0x2d, 0xff, 0xbc, 0x5d, 0x1d, 0xff, 0x9e, 0x46, 0x16, 0xff, 0x83, 0x38, 0x12, 0xff, 
0x9c, 0x4e, 0x1b, 0xff, 0xb0, 0x56, 0x1c, 0xff, 0xaa, 0x53, 0x1b, 0xff, 0xa9, 0x57, 0x1e, 0xff, 
0xb3, 0x59, 0x1d, 0xff, 0xbd, 0x5f, 0x1f, 0xff, 0xb9, 0x5b, 0x1d, 0xff, 0xbe, 0x61, 0x1f, 0xff, 
0xbc, 0x63, 0x20, 0xff, 0xc2, 0x68, 0x23, 0xff, 0xc6, 0x69, 0x22, 0xff, 0xcc, 0x6f, 0x25, 0xff, 
0xcb, 0x72, 0x27, 0xff, 0xd3, 0x7e, 0x2d, 0xff, 0xd0, 0x77, 0x28, 0xff, 0xd0, 0x76, 0x28, 0xff, 
0xd2, 0x7d, 0x2c, 0xff, 0xd4, 0x7f, 0x2d, 0xff, 0xd6, 0x82, 0x2f, 0xff, 0xd8, 0x88, 0x31, 0xff, 
0xdc, 0x8f, 0x35, 0xff, 0xd6, 0x84, 0x2f, 0xff, 0xd5, 0x7f, 0x2d, 0xff, 0xd6, 0x81, 0x2e, 0xff, 
0xd7, 0x87, 0x32, 0xff, 0xdc, 0x8f, 0x36, 0xff, 0xda, 0x8b, 0x32, 0xff, 0xda, 0x8c, 0x34, 0xff, 
0xe6, 0xa7, 0x44, 0xff, 0xeb, 0xb0, 0x4a, 0xff, 0xeb, 0xb3, 0x4c, 0xff, 0xe9, 0xae, 0x49, 0xff, 
0xe0, 0x98, 0x3b, 0xff, 0xda, 0x8c, 0x34, 0xff, 0xe1, 0x9a, 0x3e, 0xff, 0xe5, 0xa4, 0x43, 0xff, 
0xf3, 0xbf, 0x4f, 0xff, 0xfc, 0xd5, 0x6b, 0xff, 0xfd, 0xdf, 0x8a, 0xff, 0xfe, 0xe5, 0xa1, 0xff, 
0xff, 0xf4, 0xc7, 0xff, 0xfc, 0xdb, 0x85, 0xff, 0xf4, 0xbd, 0x46, 0xff, 0xe5, 0xa2, 0x3f, 0xff, 
0xe1, 0x9b, 0x3d, 0xff, 0xe6, 0xa6, 0x43, 0xff, 0xe5, 0xa3, 0x42, 0xff, 0xef, 0xb6, 0x4f, 0xff, 
0xec, 0xb2, 0x4c, 0xff, 0xe7, 0xa9, 0x4a, 0xff, 0xed, 0xb6, 0x53, 0xff, 0xe8, 0xa7, 0x44, 0xff, 
0xe2, 0x9c, 0x3b, 0xff, 0xdd, 0x92, 0x36, 0xff, 0xe7, 0xa9, 0x44, 0xff, 0xe5, 0xa5, 0x43, 0xff, 
0xcc, 0x71, 0x24, 0xff, 0xca, 0x6a, 0x20, 0xff, 0xe3, 0x9d, 0x3e, 0xff, 0xf4, 0xc3, 0x54, 0xff, 
0xe8, 0xac, 0x48, 0xff, 0xe0, 0x9a, 0x3c, 0xff, 0xd1, 0x7a, 0x2a, 0xff, 0xca, 0x6c, 0x23, 0xff, 
0xd5, 0x82, 0x2e, 0xff, 0xe3, 0x9d, 0x3e, 0xff, 0xe1, 0x9a, 0x3c, 0xff, 0xcf, 0x76, 0x27, 0xff, 
0xd2, 0x7d, 0x2c, 0xff, 0xda, 0x8d, 0x35, 0xff, 0xd6, 0x83, 0x2f, 0xff, 0xcf, 0x75, 0x27, 0xff, 
0xd3, 0x7c, 0x2b, 0xff, 0xd6, 0x83, 0x2f, 0xff, 0xd3, 0x7c, 0x2c, 0xff, 0xea, 0xa6, 0x42, 0xff, 
0xd5, 0x87, 0x32, 0xff, 0xb2, 0x4f, 0x17, 0xff, 0xca, 0x6d, 0x23, 0xff, 0xe0, 0x94, 0x38, 0xff, 
0xfc, 0xc9, 0x53, 0xff, 0xcc, 0x7e, 0x2f, 0xff, 0x82, 0x2f, 0x0c, 0xff, 0x82, 0x40, 0x15, 0xff, 
0x9a, 0x47, 0x17, 0xff, 0xad, 0x53, 0x1b, 0xff, 0x8f, 0x42, 0x15, 0xff, 0x79, 0x32, 0x0f, 0xff, 
0xb8, 0x5e, 0x1f, 0xff, 0xd2, 0x77, 0x28, 0xff, 0xcf, 0x75, 0x28, 0xff, 0xe2, 0x9b, 0x3d, 0xff, 
0xe3, 0x9d, 0x3f, 0xff, 0xd1, 0x7a, 0x2b, 0xff, 0xcc, 0x6f, 0x25, 0xff, 0xd2, 0x7b, 0x2b, 0xff, 
0xd9, 0x88, 0x32, 0xff, 0xda, 0x8b, 0x33, 0xff, 0xe4, 0xa3, 0x41, 0xff, 0xee, 0xb7, 0x4d, 0xff, 
0xee, 0xb5, 0x4c, 0xff, 0xf0, 0xbb, 0x4f, 0xff, 0xe7, 0xa9, 0x45, 0xff, 0xe6, 0xa5, 0x44, 0xff, 
0xe5, 0xa4, 0x43, 0xff, 0xdc, 0x92, 0x37, 0xff, 0xd6, 0x82, 0x2f, 0xff, 0xde, 0x94, 0x39, 0xff, 
0xe8, 0xaa, 0x45, 0xff, 0xee, 0xb6, 0x4d, 0xff, 0xef, 0xb9, 0x4f, 0xff, 0xe1, 0x9b, 0x3d, 0xff, 
0xeb, 0xb0, 0x4a, 0xff, 0xe3, 0xa2, 0x40, 0xff, 0xda, 0x8b, 0x34, 0xff, 0xd1, 0x79, 0x2a, 0xff, 
0xcf, 0x76, 0x28, 0xff, 0xd3, 0x7c, 0x2c, 0xff, 0xd4, 0x80, 0x2d, 0xff, 0xd8, 0x88, 0x31, 0xff, 
0xd8, 0x87, 0x31, 0xff, 0xd6, 0x85, 0x30, 0xff, 0xd3, 0x7e, 0x2d, 0xff, 0xd6, 0x84, 0x30, 0xff, 
0xd3, 0x7f, 0x2d, 0xff, 0xc2, 0x63, 0x1f, 0xff, 0xc8, 0x6d, 0x24, 0xff, 0xd4, 0x7f, 0x2d, 0xff, 
0xcf, 0x76, 0x27, 0xff, 0xcc, 0x71, 0x25, 0xff, 0xcb, 0x71, 0x26, 0xff, 0xc7, 0x6c, 0x23, 0xff, 
0xc1, 0x66, 0x22, 0xff, 0xb2, 0x59, 0x1e, 0xff, 0xaf, 0x52, 0x1b, 0xff, 0x8f, 0x41, 0x15, 0xff, 
0x68, 0x2d, 0x0e, 0xff, 0x89, 0x41, 0x15, 0xff, 0x88, 0x40, 0x15, 0xff, 0x7f, 0x3b, 0x12, 0xff, 
0x9d, 0x4b, 0x19, 0xff, 0x73, 0x35, 0x11, 0xff, 0x8f, 0x44, 0x15, 0xff, 0x99, 0x4c, 0x19, 0xff, 
0x8a, 0x43, 0x16, 0xff, 0x8e, 0x3f, 0x15, 0xff, 0xab, 0x53, 0x1a, 0xff, 0xca, 0x6b, 0x23, 0xff, 
0xcd, 0x71, 0x25, 0xff, 0xc0, 0x61, 0x1f, 0xff, 0xbf, 0x65, 0x22, 0xff, 0xc8, 0x74, 0x28, 0xff, 
0xbf, 0x63, 0x20, 0xff, 0xc7, 0x69, 0x22, 0xff, 0xbd, 0x61, 0x1f, 0xff, 0xca, 0x6f, 0x25, 0xff, 
0xda, 0x85, 0x2f, 0xff, 0xd8, 0x84, 0x2f, 0xff, 0xd3, 0x7c, 0x2b, 0xff, 0xd4, 0x7c, 0x2c, 0xff, 
0xcd, 0x70, 0x25, 0xff, 0xbb, 0x65, 0x22, 0xff, 0xa0, 0x4d, 0x1a, 0xff, 0x9f, 0x4c, 0x19, 0xff, 
0x9b, 0x4a, 0x18, 0xff, 0x84, 0x3d, 0x14, 0xff, 0x7c, 0x39, 0x12, 0xff, 0x87, 0x3c, 0x13, 0xff, 
0x97, 0x46, 0x16, 0xff, 0x9d, 0x4b, 0x18, 0xff, 0xa7, 0x51, 0x1a, 0xff, 0x9e, 0x45, 0x15, 0xff, 
0xb2, 0x5d, 0x20, 0xff, 0xaf, 0x5e, 0x21, 0xff, 0x9d, 0x4d, 0x1a, 0xff, 0x9d, 0x48, 0x17, 0xff, 
0xbd, 0x5c, 0x1d, 0xff, 0xd6, 0x7b, 0x2a, 0xff, 0xe2, 0x99, 0x3a, 0xff, 0xd1, 0x7e, 0x2d, 0xff, 
0xd8, 0x8a, 0x33, 0xff, 0xd2, 0x84, 0x31, 0xff, 0xdc, 0x93, 0x39, 0xff, 0xe6, 0x9e, 0x3e, 0xff, 
0xbe, 0x64, 0x20, 0xff, 0xb4, 0x5a, 0x1d, 0xff, 0xa1, 0x51, 0x1b, 0xff, 0x88, 0x3e, 0x14, 0xff, 
0x8f, 0x41, 0x14, 0xff, 0x92, 0x45, 0x16, 0xff, 0x80, 0x3a, 0x13, 0xff, 0x97, 0x45, 0x16, 0xff, 
0xbd, 0x62, 0x21, 0xff, 0xd7, 0x80, 0x2d, 0xff, 0xcc, 0x77, 0x29, 0xff, 0xab, 0x54, 0x1b, 0xff, 
0xac, 0x58, 0x1e, 0xff, 0x9f, 0x4b, 0x19, 0xff, 0x94, 0x42, 0x15, 0xff, 0x9d, 0x48, 0x17, 0xff, 
0x9d, 0x4a, 0x19, 0xff, 0xb6, 0x61, 0x21, 0xff, 0xae, 0x58, 0x1d, 0xff, 0x9a, 0x47, 0x16, 0xff, 
0x84, 0x39, 0x11, 0xff, 0xb6, 0x6a, 0x27, 0xff, 0xdb, 0x88, 0x32, 0xff, 0xdc, 0x94, 0x39, 0xff, 
0xde, 0x9a, 0x3c, 0xff, 0xd8, 0x87, 0x31, 0xff, 0xbc, 0x5f, 0x1f, 0xff, 0xbb, 0x64, 0x22, 0xff, 
0xb9, 0x61, 0x20, 0xff, 0xc1, 0x63, 0x1f, 0xff, 0xc6, 0x6a, 0x23, 0xff, 0xbd, 0x63, 0x21, 0xff, 
0xcb, 0x72, 0x27, 0xff, 0xcf, 0x73, 0x27, 0xff, 0xcf, 0x77, 0x29, 0xff, 0x99, 0x46, 0x16, 0xff, 
0x8b, 0x3d, 0x14, 0xff, 0x92, 0x41, 0x14, 0xff, 0x8a, 0x3b, 0x13, 0xff, 0x8b, 0x3f, 0x15, 0xff, 
0x9a, 0x47, 0x17, 0xff, 0x9f, 0x4a, 0x18, 0xff, 0x93, 0x43, 0x16, 0xff, 0x9f, 0x4a, 0x18, 0xff, 
0xbb, 0x5d, 0x1e, 0xff, 0xbc, 0x5f, 0x1f, 0xff, 0xbe, 0x60, 0x1f, 0xff, 0xb9, 0x5b, 0x1d, 0xff, 
0xc4, 0x65, 0x21, 0xff, 0xc1, 0x65, 0x20, 0xff, 0x9b, 0x48, 0x17, 0xff, 0xa1, 0x4c, 0x18, 0xff, 
0xb5, 0x5a, 0x1d, 0xff, 0xa3, 0x4c, 0x19, 0xff, 0xa1, 0x4a, 0x18, 0xff, 0x95, 0x42, 0x15, 0xff, 
0xa3, 0x52, 0x1c, 0xff, 0x9c, 0x4b, 0x19, 0xff, 0x98, 0x46, 0x17, 0xff, 0x9d, 0x49, 0x18, 0xff, 
0xa5, 0x4e, 0x19, 0xff, 0xaf, 0x53, 0x1b, 0xff, 0xbf, 0x61, 0x1f, 0xff, 0xc8, 0x6d, 0x25, 0xff, 
0xcd, 0x75, 0x28, 0xff, 0xca, 0x6e, 0x24, 0xff, 0xd4, 0x7e, 0x2c, 0xff, 0xde, 0x91, 0x35, 0xff, 
0xd0, 0x7c, 0x2c, 0xff, 0xae, 0x4f, 0x18, 0xff, 0x90, 0x3d, 0x13, 0xff, 0x89, 0x40, 0x15, 0xff, 
0xb0, 0x5c, 0x1f, 0xff, 0xab, 0x52, 0x1c, 0xff, 0x95, 0x43, 0x16, 0xff, 0x89, 0x3b, 0x12, 0xff, 
0x9c, 0x4a, 0x19, 0xff, 0xb8, 0x5b, 0x1e, 0xff, 0xbb, 0x5c, 0x1d, 0xff, 0xc9, 0x6d, 0x24, 0xff, 
0xd0, 0x78, 0x29, 0xff, 0xce, 0x74, 0x28, 0xff, 0xcb, 0x6f, 0x25, 0xff, 0xce, 0x76, 0x29, 0xff, 
0xd0, 0x7a, 0x2b, 0xff, 0xd0, 0x79, 0x29, 0xff, 0xcf, 0x76, 0x28, 0xff, 0xd1, 0x79, 0x2a, 0xff, 
0xd5, 0x82, 0x2f, 0xff, 0xd8, 0x89, 0x32, 0xff, 0xdb, 0x8f, 0x36, 0xff, 0xd4, 0x7e, 0x2d, 0xff, 
0xd0, 0x77, 0x29, 0xff, 0xd6, 0x83, 0x2f, 0xff, 0xdc, 0x8f, 0x35, 0xff, 0xd3, 0x7c, 0x2c, 0xff, 
0xd3, 0x7f, 0x2d, 0xff, 0xe3, 0x9f, 0x3f, 0xff, 0xe6, 0xa5, 0x43, 0xff, 0xdf, 0x94, 0x39, 0xff, 
0xe9, 0xac, 0x47, 0xff, 0xef, 0xba, 0x4f, 0xff, 0xec, 0xb4, 0x4d, 0xff, 0xed, 0xb6, 0x4d, 0xff, 
0xd9, 0x8b, 0x34, 0xff, 0xc8, 0x6a, 0x21, 0xff, 0xda, 0x8a, 0x32, 0xff, 0xe1, 0x9b, 0x3c, 0xff, 
0xe5, 0xa2, 0x3f, 0xff, 0xf1, 0xbb, 0x4e, 0xff, 0xfc, 0xda, 0x83, 0xff, 0xf9, 0xda, 0x8e, 0xff, 
0xfc, 0xd9, 0x7b, 0xff, 0xfc, 0xd1, 0x5d, 0xff, 0xf1, 0xbd, 0x4e, 0xff, 0xe7, 0xa8, 0x45, 0xff, 
0xe6, 0xa4, 0x42, 0xff, 0xe9, 0xac, 0x46, 0xff, 0xec, 0xb1, 0x4a, 0xff, 0xf1, 0xbd, 0x52, 0xff, 
0xe3, 0xa1, 0x42, 0xff, 0xd2, 0x7e, 0x2c, 0xff, 0xdb, 0x8f, 0x35, 0xff, 0xe7, 0xa9, 0x45, 0xff, 
0xe1, 0x9d, 0x3d, 0xff, 0xd9, 0x8d, 0x35, 0xff, 0xdc, 0x93, 0x39, 0xff, 0xe2, 0x9f, 0x3f, 0xff, 
0xdd, 0x95, 0x39, 0xff, 0xe5, 0xa4, 0x43, 0xff, 0xe9, 0xac, 0x47, 0xff, 0xee, 0xb7, 0x4d, 0xff, 
0xed, 0xb5, 0x4c, 0xff, 0xec, 0xb1, 0x49, 0xff, 0xde, 0x95, 0x39, 0xff, 0xd6, 0x84, 0x30, 0xff, 
0xdf, 0x95, 0x3a, 0xff, 0xd2, 0x7d, 0x2b, 0xff, 0xd5, 0x82, 0x2f, 0xff, 0xda, 0x8d, 0x34, 0xff, 
0xdb, 0x8e, 0x35, 0xff, 0xd9, 0x8a, 0x32, 0xff, 0xd7, 0x85, 0x2f, 0xff, 0xdd, 0x93, 0x37, 0xff, 
0xda, 0x8e, 0x35, 0xff, 0xe1, 0x9d, 0x3e, 0xff, 0xe1, 0x98, 0x3a, 0xff, 0xd3, 0x7d, 0x2c, 0xff, 
0xab, 0x55, 0x1c, 0xff, 0x8a, 0x34, 0x10, 0xff, 0xa5, 0x46, 0x14, 0xff, 0xd1, 0x79, 0x2a, 0xff, 
0xf3, 0xbe, 0x50, 0xff, 0xeb, 0xa3, 0x40, 0xff, 0xb2, 0x56, 0x1b, 0xff, 0x76, 0x2e, 0x0d, 0xff, 
0x8e, 0x40, 0x14, 0xff, 0xa0, 0x4a, 0x19, 0xff, 0xa4, 0x4b, 0x18, 0xff, 0xa7, 0x4d, 0x18, 0xff, 
0xbd, 0x62, 0x20, 0xff, 0xce, 0x75, 0x28, 0xff, 0xd6, 0x84, 0x30, 0xff, 0xdd, 0x92, 0x38, 0xff, 
0xd7, 0x86, 0x31, 0xff, 0xd8, 0x85, 0x30, 0xff, 0xd8, 0x85, 0x31, 0xff, 0xd0, 0x78, 0x29, 0xff, 
0xde, 0x95, 0x39, 0xff, 0xe1, 0x9d, 0x3e, 0xff, 0xe6, 0xa7, 0x44, 0xff, 0xec, 0xb3, 0x4b, 0xff, 
0xe5, 0xa5, 0x43, 0xff, 0xe7, 0xa8, 0x44, 0xff, 0xeb, 0xb0, 0x4a, 0xff, 0xe7, 0xaa, 0x46, 0xff, 
0xe4, 0xa3, 0x42, 0xff, 0xe9, 0xae, 0x49, 0xff, 0xea, 0xaf, 0x49, 0xff, 0xdb, 0x8e, 0x35, 0xff, 
0xdc, 0x8d, 0x34, 0xff, 0xdf, 0x97, 0x3a, 0xff, 0xe6, 0xa6, 0x43, 0xff, 0xec, 0xb2, 0x4a, 0xff, 
0xe6, 0xa6, 0x44, 0xff, 0xe5, 0xa5, 0x43, 0xff, 0xd6, 0x81, 0x2e, 0xff, 0xd4, 0x80, 0x2d, 0xff, 
0xd1, 0x79, 0x28, 0xff, 0xd6, 0x80, 0x2d, 0xff, 0xd3, 0x7e, 0x2d, 0xff, 0xd4, 0x7e, 0x2d, 0xff, 
0xd9, 0x89, 0x32, 0xff, 0xd4, 0x81, 0x2e, 0xff, 0xce, 0x74, 0x26, 0xff, 0xd1, 0x7b, 0x2a, 0xff, 
0xd6, 0x83, 0x2f, 0xff, 0xd3, 0x7b, 0x2b, 0xff, 0xd2, 0x7b, 0x2a, 0xff, 0xd1, 0x79, 0x29, 0xff, 
0xd7, 0x86, 0x31, 0xff, 0xdc, 0x8f, 0x36, 0xff, 0xd0, 0x77, 0x28, 0xff, 0xc7, 0x67, 0x21, 0xff, 
0xb9, 0x59, 0x1c, 0xff, 0xa7, 0x4c, 0x19, 0xff, 0x91, 0x43, 0x16, 0xff, 0x8e, 0x42, 0x16, 0xff, 
0x90, 0x40, 0x15, 0xff, 0x82, 0x3b, 0x13, 0xff, 0x75, 0x35, 0x11, 0xff, 0x70, 0x32, 0x10, 0xff, 
0x99, 0x47, 0x17, 0xff, 0x93, 0x45, 0x16, 0xff, 0x8e, 0x45, 0x16, 0xff, 0xbe, 0x64, 0x22, 0xff, 
0xb1, 0x58, 0x1e, 0xff, 0xa0, 0x4c, 0x1a, 0xff, 0xb7, 0x59, 0x1c, 0xff, 0xc3, 0x64, 0x21, 0xff, 
0xcc, 0x71, 0x26, 0xff, 0xc7, 0x6c, 0x23, 0xff, 0xdb, 0x91, 0x37, 0xff, 0xdb, 0x94, 0x3a, 0xff, 
0xd0, 0x84, 0x31, 0xff, 0xbc, 0x66, 0x23, 0xff, 0xb0, 0x52, 0x1a, 0xff, 0xc0, 0x64, 0x21, 0xff, 
0xce, 0x76, 0x28, 0xff, 0xdd, 0x8c, 0x32, 0xff, 0xde, 0x90, 0x35, 0xff, 0xdd, 0x91, 0x36, 0xff, 
0xd8, 0x82, 0x2d, 0xff, 0xd2, 0x76, 0x27, 0xff, 0xc5, 0x63, 0x20, 0xff, 0xbe, 0x5e, 0x1e, 0xff, 
0x9d, 0x4b, 0x18, 0xff, 0x95, 0x44, 0x16, 0xff, 0xa7, 0x4e, 0x19, 0xff, 0x9a, 0x47, 0x17, 0xff, 
0x9f, 0x4c, 0x19, 0xff, 0x97, 0x3e, 0x12, 0xff, 0x92, 0x38, 0x0e, 0xff, 0xbd, 0x66, 0x23, 0xff, 
0xcc, 0x82, 0x32, 0xff, 0x9a, 0x4f, 0x1b, 0xff, 0x8e, 0x3b, 0x12, 0xff, 0xa1, 0x49, 0x16, 0xff, 
0xc2, 0x64, 0x21, 0xff, 0xd8, 0x83, 0x2e, 0xff, 0xd2, 0x7e, 0x2c, 0xff, 0xca, 0x71, 0x26, 0xff, 
0xcb, 0x74, 0x28, 0xff, 0xd1, 0x7e, 0x2e, 0xff, 0xd5, 0x85, 0x30, 0xff, 0xc6, 0x6e, 0x24, 0xff, 
0xc3, 0x6a, 0x23, 0xff, 0xd4, 0x83, 0x30, 0xff, 0xeb, 0x9d, 0x3c, 0xff, 0xc7, 0x79, 0x2d, 0xff, 
0x8b, 0x3d, 0x12, 0xff, 0x8b, 0x40, 0x15, 0xff, 0x7c, 0x39, 0x13, 0xff, 0x7f, 0x36, 0x10, 0xff, 
0xbf, 0x67, 0x23, 0xff, 0xe2, 0x8e, 0x34, 0xff, 0xc3, 0x68, 0x22, 0xff, 0x9d, 0x47, 0x17, 0xff, 
0x88, 0x36, 0x11, 0xff, 0xc8, 0x70, 0x27, 0xff, 0xb6, 0x65, 0x22, 0xff, 0x96, 0x43, 0x15, 0xff, 
0xd2, 0x78, 0x2a, 0xff, 0xb9, 0x65, 0x23, 0xff, 0x7c, 0x35, 0x10, 0xff, 0x7a, 0x36, 0x11, 0xff, 
0x85, 0x3a, 0x13, 0xff, 0xab, 0x4d, 0x16, 0xff, 0xde, 0x8c, 0x32, 0xff, 0xdf, 0x9d, 0x41, 0xff, 
0xcf, 0x83, 0x34, 0xff, 0xde, 0x91, 0x36, 0xff, 0xa9, 0x52, 0x1b, 0xff, 0xa1, 0x49, 0x17, 0xff, 
0xcb, 0x6d, 0x23, 0xff, 0xbf, 0x62, 0x1f, 0xff, 0xbd, 0x61, 0x1f, 0xff, 0xc4, 0x68, 0x22, 0xff, 
0xc8, 0x6e, 0x24, 0xff, 0xc0, 0x67, 0x22, 0xff, 0xba, 0x60, 0x20, 0xff, 0xb0, 0x57, 0x1c, 0xff, 
0x9c, 0x48, 0x17, 0xff, 0x8f, 0x3f, 0x14, 0xff, 0x93, 0x45, 0x16, 0xff, 0xa8, 0x53, 0x1b, 0xff, 
0xbb, 0x5b, 0x1e, 0xff, 0x90, 0x42, 0x15, 0xff, 0x78, 0x36, 0x11, 0xff, 0x82, 0x3b, 0x13, 0xff, 
0x91, 0x42, 0x15, 0xff, 0xaa, 0x50, 0x1a, 0xff, 0xb0, 0x54, 0x1c, 0xff, 0xb1, 0x55, 0x1b, 0xff, 
0xb0, 0x56, 0x1c, 0xff, 0xc4, 0x66, 0x21, 0xff, 0xa2, 0x4b, 0x19, 0xff, 0x82, 0x39, 0x12, 0xff, 
0x72, 0x32, 0x10, 0xff, 0x84, 0x3c, 0x13, 0xff, 0xa1, 0x4e, 0x19, 0xff, 0xa0, 0x4a, 0x18, 0xff, 
0x9d, 0x4c, 0x19, 0xff, 0x99, 0x48, 0x18, 0xff, 0x91, 0x40, 0x14, 0xff, 0xa3, 0x4c, 0x19, 0xff, 
0xa7, 0x4e, 0x1a, 0xff, 0xb7, 0x5b, 0x1e, 0xff, 0xc6, 0x67, 0x22, 0xff, 0xcc, 0x71, 0x25, 0xff, 
0xdb, 0x8d, 0x34, 0xff, 0xd6, 0x84, 0x2f, 0xff, 0xce, 0x75, 0x28, 0xff, 0xd9, 0x8c, 0x33, 0xff, 
0xe1, 0x98, 0x39, 0xff, 0xcb, 0x77, 0x2b, 0xff, 0xa5, 0x4c, 0x18, 0xff, 0xa7, 0x4d, 0x19, 0xff, 
0xa4, 0x4c, 0x18, 0xff, 0x94, 0x43, 0x16, 0xff, 0x95, 0x44, 0x17, 0xff, 0xa3, 0x4d, 0x19, 0xff, 
0x96, 0x44, 0x16, 0xff, 0xb3, 0x5a, 0x1e, 0xff, 0xc2, 0x63, 0x20, 0xff, 0xc5, 0x6b, 0x24, 0xff, 
0xd4, 0x7c, 0x2b, 0xff, 0xd1, 0x79, 0x29, 0xff, 0xd1, 0x78, 0x29, 0xff, 0xcf, 0x77, 0x28, 0xff, 
0xcd, 0x73, 0x27, 0xff, 0xd1, 0x7a, 0x2a, 0xff, 0xd7, 0x88, 0x32, 0xff, 0xd8, 0x8a, 0x33, 0xff, 
0xd5, 0x80, 0x2d, 0xff, 0xd7, 0x84, 0x30, 0xff, 0xde, 0x96, 0x39, 0xff, 0xd7, 0x84, 0x31, 0xff, 
0xd2, 0x7a, 0x2b, 0xff, 0xd8, 0x86, 0x31, 0xff, 0xdb, 0x8d, 0x35, 0xff, 0xcb, 0x71, 0x26, 0xff, 
0xc8, 0x6a, 0x22, 0xff, 0xd8, 0x89, 0x33, 0xff, 0xe5, 0xa5, 0x43, 0xff, 0xe9, 0xad, 0x48, 0xff, 
0xe3, 0xa1, 0x41, 0xff, 0xe9, 0xaf, 0x49, 0xff, 0xee, 0xb8, 0x4e, 0xff, 0xe8, 0xaa, 0x45, 0xff, 
0xcd, 0x73, 0x26, 0xff, 0xce, 0x75, 0x27, 0xff, 0xe2, 0x9d, 0x3d, 0xff, 0xe8, 0xaa, 0x45, 0xff, 
0xda, 0x8e, 0x33, 0xff, 0xe8, 0xab, 0x49, 0xff, 0xfc, 0xd4, 0x6b, 0xff, 0xf7, 0xc6, 0x59, 0xff, 
0xe6, 0xa4, 0x3c, 0xff, 0xef, 0xb8, 0x4f, 0xff, 0xf5, 0xc2, 0x54, 0xff, 0xf1, 0xbb, 0x4f, 0xff, 
0xee, 0xb4, 0x4b, 0xff, 0xed, 0xb4, 0x4a, 0xff, 0xf0, 0xbc, 0x51, 0xff, 0xe8, 0xac, 0x47, 0xff, 
0xe5, 0xa2, 0x41, 0xff, 0xf0, 0xb8, 0x4d, 0xff, 0xe8, 0xab, 0x46, 0xff, 0xdf, 0x99, 0x3c, 0xff, 
0xd7, 0x89, 0x31, 0xff, 0xe2, 0xa2, 0x40, 0xff, 0xeb, 0xb3, 0x4c, 0xff, 0xe6, 0xa6, 0x42, 0xff, 
0xe2, 0x9d, 0x3e, 0xff, 0xdf, 0x98, 0x3b, 0xff, 0xd9, 0x8a, 0x33, 0xff, 0xd8, 0x89, 0x32, 0xff, 
0xe2, 0x9c, 0x3e, 0xff, 0xf5, 0xc5, 0x55, 0xff, 0xf0, 0xba, 0x4f, 0xff, 0xe2, 0x9d, 0x3e, 0xff, 
0xe6, 0xa4, 0x41, 0xff, 0xdb, 0x8f, 0x36, 0xff, 0xd3, 0x80, 0x2e, 0xff, 0xe4, 0xa2, 0x41, 0xff, 
0xde, 0x95, 0x39, 0xff, 0xd7, 0x86, 0x30, 0xff, 0xde, 0x93, 0x38, 0xff, 0xe9, 0xad, 0x48, 0xff, 
0xe3, 0xa1, 0x41, 0xff, 0xe5, 0xa2, 0x41, 0xff, 0xd4, 0x7e, 0x2c, 0xff, 0xac, 0x4b, 0x15, 0xff, 
0x97, 0x42, 0x15, 0xff, 0xaf, 0x5a, 0x1e, 0xff, 0xb4, 0x54, 0x1a, 0xff, 0xcc, 0x77, 0x2a, 0xff, 
0xf7, 0xc7, 0x56, 0xff, 0xe2, 0x9a, 0x3c, 0xff, 0xc9, 0x67, 0x21, 0xff, 0xb5, 0x56, 0x1b, 0xff, 
0xb6, 0x5c, 0x1e, 0xff, 0xbc, 0x5f, 0x1f, 0xff, 0xbc, 0x5d, 0x1d, 0xff, 0xc8, 0x68, 0x22, 0xff, 
0xc5, 0x69, 0x23, 0xff, 0xd5, 0x86, 0x30, 0xff, 0xdd, 0x91, 0x37, 0xff, 0xd8, 0x88, 0x31, 0xff, 
0xd3, 0x7c, 0x2c, 0xff, 0xd7, 0x83, 0x30, 0xff, 0xd1, 0x7b, 0x2b, 0xff, 0xd1, 0x78, 0x29, 0xff, 
0xde, 0x95, 0x39, 0xff, 0xe8, 0xab, 0x46, 0xff, 0xe4, 0xa5, 0x43, 0xff, 0xe0, 0x9a, 0x3c, 0xff, 
0xe1, 0x9c, 0x3d, 0xff, 0xe1, 0x9c, 0x3e, 0xff, 0xe3, 0xa1, 0x41, 0xff, 0xe7, 0xaa, 0x46, 0xff, 
0xe2, 0x9d, 0x3e, 0xff, 0xe1, 0x9b, 0x3d, 0xff, 0xec, 0xb1, 0x4a, 0xff, 0xe1, 0x99, 0x3b, 0xff, 
0xcb, 0x6f, 0x25, 0xff, 0xd3, 0x7e, 0x2d, 0xff, 0xcd, 0x74, 0x28, 0xff, 0xcd, 0x75, 0x28, 0xff, 
0xcf, 0x78, 0x29, 0xff, 0xe0, 0x99, 0x3b, 0xff, 0xd9, 0x89, 0x32, 0xff, 0xd2, 0x7e, 0x2c, 0xff, 
0xc4, 0x68, 0x22, 0xff, 0xc6, 0x6d, 0x25, 0xff, 0xd5, 0x7f, 0x2d, 0xff, 0xd3, 0x7b, 0x2c, 0xff, 
0xd8, 0x88, 0x32, 0xff, 0xd6, 0x86, 0x31, 0xff, 0xd5, 0x80, 0x2e, 0xff, 0xd7, 0x83, 0x2f, 0xff, 
0xda, 0x8b, 0x33, 0xff, 0xd9, 0x88, 0x31, 0xff, 0xde, 0x94, 0x39, 0xff, 0xdd, 0x91, 0x37, 0xff, 
0xdf, 0x96, 0x38, 0xff, 0xdd, 0x94, 0x38, 0xff, 0xd9, 0x89, 0x32, 0xff, 0xd4, 0x7d, 0x2b, 0xff, 
0xc7, 0x6a, 0x23, 0xff, 0xb1, 0x53, 0x1a, 0xff, 0x94, 0x44, 0x15, 0xff, 0x93, 0x45, 0x16, 0xff, 
0xa7, 0x4b, 0x18, 0xff, 0x99, 0x45, 0x16, 0xff, 0x95, 0x43, 0x15, 0xff, 0xa8, 0x50, 0x1a, 0xff, 
0x95, 0x46, 0x17, 0xff, 0x8b, 0x3d, 0x14, 0xff, 0x7d, 0x38, 0x13, 0xff, 0x90, 0x42, 0x15, 0xff, 
0xa2, 0x4a, 0x18, 0xff, 0xb9, 0x5f, 0x1f, 0xff, 0xd5, 0x83, 0x30, 0xff, 0xdf, 0x98, 0x3b, 0xff, 
0xce, 0x77, 0x2a, 0xff, 0xc3, 0x64, 0x1f, 0xff, 0xc6, 0x71, 0x27, 0xff, 0xe6, 0xa6, 0x44, 0xff, 
0xef, 0xb1, 0x49, 0xff, 0xc2, 0x73, 0x2a, 0xff, 0xbd, 0x6c, 0x27, 0xff, 0xc7, 0x72, 0x28, 0xff, 
0xc8, 0x6f, 0x26, 0xff, 0xc5, 0x6a, 0x23, 0xff, 0xcd, 0x74, 0x27, 0xff, 0xd6, 0x83, 0x2e, 0xff, 
0xcd, 0x75, 0x28, 0xff, 0xc3, 0x65, 0x21, 0xff, 0xc7, 0x6c, 0x24, 0xff, 0xc2, 0x62, 0x20, 0xff, 
0xa0, 0x49, 0x17, 0xff, 0xb2, 0x58, 0x1c, 0xff, 0xbb, 0x5d, 0x1e, 0xff, 0x96, 0x44, 0x16, 0xff, 
0x9b, 0x42, 0x14, 0xff, 0xb5, 0x5e, 0x20, 0xff, 0xdb, 0x94, 0x3b, 0xff, 0xd7, 0x86, 0x32, 0xff, 
0xa4, 0x4c, 0x18, 0xff, 0xa8, 0x54, 0x1c, 0xff, 0xc5, 0x6b, 0x24, 0xff, 0xb1, 0x57, 0x1c, 0xff, 
0xaa, 0x51, 0x1a, 0xff, 0xd0, 0x78, 0x29, 0xff, 0xd3, 0x7d, 0x2c, 0xff, 0xcb, 0x73, 0x27, 0xff, 
0xc6, 0x6d, 0x25, 0xff, 0xcc, 0x7a, 0x2c, 0xff, 0xd0, 0x7f, 0x2d, 0xff, 0xc9, 0x6f, 0x25, 0xff, 
0xda, 0x91, 0x38, 0xff, 0xee, 0xb4, 0x4b, 0xff, 0xf0, 0xae, 0x46, 0xff, 0xc2, 0x73, 0x29, 0xff, 
0x70, 0x2b, 0x0d, 0xff, 0x6c, 0x31, 0x10, 0xff, 0x76, 0x34, 0x10, 0xff, 0x81, 0x38, 0x12, 0xff, 
0xb7, 0x64, 0x23, 0xff, 0xca, 0x6f, 0x26, 0xff, 0xbf, 0x5f, 0x1f, 0xff, 0x9a, 0x46, 0x16, 0xff, 
0x93, 0x42, 0x15, 0xff, 0xcf, 0x7a, 0x2c, 0xff, 0xb3, 0x5d, 0x20, 0xff, 0xb2, 0x5a, 0x1f, 0xff, 
0xce, 0x77, 0x2a, 0xff, 0x9f, 0x4e, 0x19, 0xff, 0x7e, 0x38, 0x12, 0xff, 0x8b, 0x3e, 0x14, 0xff, 
0xb2, 0x57, 0x1c, 0xff, 0xb0, 0x56, 0x1c, 0xff, 0xc1, 0x6a, 0x24, 0xff, 0xd8, 0x8f, 0x3b, 0xff, 
0xf3, 0xb3, 0x4c, 0xff, 0xe1, 0x95, 0x38, 0xff, 0x9b, 0x45, 0x15, 0xff, 0xa2, 0x4b, 0x18, 0xff, 
0xb7, 0x5c, 0x1e, 0xff, 0xaf, 0x54, 0x1b, 0xff, 0xc3, 0x6a, 0x24, 0xff, 0xc6, 0x6b, 0x24, 0xff, 
0xb9, 0x5c, 0x1d, 0xff, 0x9c, 0x48, 0x16, 0xff, 0xb1, 0x5f, 0x21, 0xff, 0xbd, 0x64, 0x22, 0xff, 
0xb5, 0x5a, 0x1d, 0xff, 0xb8, 0x5d, 0x1e, 0xff, 0xb5, 0x5b, 0x1e, 0xff, 0xc4, 0x65, 0x21, 0xff, 
0x9c, 0x48, 0x17, 0xff, 0x6d, 0x31, 0x0f, 0xff, 0x7c, 0x39, 0x13, 0xff, 0x93, 0x44, 0x16, 0xff, 
0x96, 0x45, 0x16, 0xff, 0xb1, 0x55, 0x1b, 0xff, 0xbd, 0x63, 0x22, 0xff, 0xb0, 0x59, 0x1d, 0xff, 
0x9f, 0x49, 0x18, 0xff, 0xbc, 0x5d, 0x1f, 0xff, 0xaf, 0x56, 0x1c, 0xff, 0x84, 0x3b, 0x14, 0xff, 
0x6d, 0x30, 0x0f, 0xff, 0x57, 0x26, 0x0b, 0xff, 0xa4, 0x52, 0x1b, 0xff, 0xc0, 0x60, 0x20, 0xff, 
0x8f, 0x3d, 0x13, 0xff, 0x93, 0x42, 0x15, 0xff, 0x9c, 0x49, 0x17, 0xff, 0xa4, 0x4e, 0x19, 0xff, 
0xb0, 0x54, 0x1b, 0xff, 0xbf, 0x61, 0x20, 0xff, 0xc6, 0x69, 0x22, 0xff, 0xc7, 0x69, 0x21, 0xff, 
0xd4, 0x7e, 0x2c, 0xff, 0xe0, 0x98, 0x3a, 0xff, 0xd8, 0x87, 0x31, 0xff, 0xd6, 0x84, 0x30, 0xff, 
0xdc, 0x90, 0x35, 0xff, 0xe0, 0x94, 0x37, 0xff, 0xd7, 0x80, 0x2e, 0xff, 0xb6, 0x56, 0x1a, 0xff, 
0x9d, 0x47, 0x17, 0xff, 0x97, 0x46, 0x17, 0xff, 0x9d, 0x4a, 0x18, 0xff, 0xb2, 0x54, 0x1b, 0xff, 
0xb2, 0x51, 0x18, 0xff, 0xbc, 0x61, 0x1f, 0xff, 0xc7, 0x6b, 0x23, 0xff, 0xc5, 0x68, 0x22, 0xff, 
0xd0, 0x77, 0x28, 0xff, 0xce, 0x75, 0x27, 0xff, 0xc8, 0x6c, 0x25, 0xff, 0xcb, 0x71, 0x25, 0xff, 
0xce, 0x76, 0x27, 0xff, 0xd6, 0x85, 0x30, 0xff, 0xdb, 0x8e, 0x35, 0xff, 0xdc, 0x90, 0x37, 0xff, 
0xd9, 0x8b, 0x32, 0xff, 0xd8, 0x88, 0x32, 0xff, 0xd9, 0x88, 0x32, 0xff, 0xdb, 0x8d, 0x35, 0xff, 
0xd8, 0x88, 0x31, 0xff, 0xd4, 0x7f, 0x2d, 0xff, 0xd4, 0x7b, 0x2b, 0xff, 0xd4, 0x7e, 0x2c, 0xff, 
0xd1, 0x79, 0x2a, 0xff, 0xd2, 0x78, 0x2a, 0xff, 0xe3, 0xa0, 0x40, 0xff, 0xf1, 0xbe, 0x51, 0xff, 
0xee, 0xb7, 0x4c, 0xff, 0xe4, 0xa2, 0x41, 0xff, 0xe3, 0xa0, 0x3f, 0xff, 0xe4, 0xa3, 0x41, 0xff, 
0xdd, 0x94, 0x39, 0xff, 0xdb, 0x8c, 0x33, 0xff, 0xe8, 0xa9, 0x44, 0xff, 0xed, 0xb4, 0x4e, 0xff, 
0xed, 0xb3, 0x4a, 0xff, 0xf8, 0xcd, 0x64, 0xff, 0xfa, 0xd2, 0x6b, 0xff, 0xf5, 0xc7, 0x5f, 0xff, 
0xe3, 0xa0, 0x40, 0xff, 0xe3, 0xa1, 0x3f, 0xff, 0xf2, 0xbe, 0x52, 0xff, 0xf6, 0xc6, 0x57, 0xff, 
0xf1, 0xbd, 0x50, 0xff, 0xed, 0xb5, 0x4b, 0xff, 0xe5, 0xa4, 0x41, 0xff, 0xe1, 0x9c, 0x3e, 0xff, 
0xef, 0xb9, 0x4e, 0xff, 0xf6, 0xc8, 0x57, 0xff, 0xe5, 0xa5, 0x43, 0xff, 0xdb, 0x8e, 0x35, 0xff, 
0xd1, 0x7a, 0x2a, 0xff, 0xdd, 0x92, 0x38, 0xff, 0xe3, 0xa0, 0x3f, 0xff, 0xe1, 0x9a, 0x3d, 0xff, 
0xdc, 0x90, 0x37, 0xff, 0xd4, 0x80, 0x2d, 0xff, 0xde, 0x93, 0x38, 0xff, 0xdb, 0x8d, 0x35, 0xff, 
0xdb, 0x8f, 0x36, 0xff, 0xe3, 0x9f, 0x40, 0xff, 0xe2, 0x9d, 0x3e, 0xff, 0xe6, 0xa5, 0x43, 0xff, 
0xed, 0xb5, 0x4c, 0xff, 0xe5, 0xa3, 0x42, 0xff, 0xde, 0x93, 0x39, 0xff, 0xde, 0x96, 0x3a, 0xff, 
0xe4, 0xa4, 0x42, 0xff, 0xe2, 0x9c, 0x3e, 0xff, 0xdd, 0x95, 0x3a, 0xff, 0xe5, 0xa7, 0x44, 0xff, 
0xde, 0x95, 0x39, 0xff, 0xd5, 0x81, 0x2d, 0xff, 0xcc, 0x6d, 0x24, 0xff, 0xa7, 0x4f, 0x19, 0xff, 
0x9b, 0x4a, 0x18, 0xff, 0xca, 0x73, 0x28, 0xff, 0xde, 0x8d, 0x35, 0xff, 0xdf, 0x96, 0x3a, 0xff, 
0xea, 0xad, 0x47, 0xff, 0xde, 0x95, 0x3a, 0xff, 0xd6, 0x80, 0x2d, 0xff, 0xd1, 0x73, 0x27, 0xff, 
0xc2, 0x62, 0x1f, 0xff, 0xc5, 0x6a, 0x24, 0xff, 0xd3, 0x7c, 0x2b, 0xff, 0xd2, 0x79, 0x29, 0xff, 
0xd0, 0x75, 0x27, 0xff, 0xdb, 0x8d, 0x35, 0xff, 0xdf, 0x97, 0x3a, 0xff, 0xda, 0x8a, 0x33, 0xff, 
0xd8, 0x87, 0x31, 0xff, 0xd1, 0x77, 0x29, 0xff, 0xd3, 0x7d, 0x2c, 0xff, 0xde, 0x95, 0x38, 0xff, 
0xe7, 0xa8, 0x44, 0xff, 0xde, 0x95, 0x39, 0xff, 0xd4, 0x81, 0x2e, 0xff, 0xd4, 0x7f, 0x2d, 0xff, 
0xd9, 0x8a, 0x33, 0xff, 0xe0, 0x9a, 0x3c, 0xff, 0xe2, 0x9e, 0x3f, 0xff, 0xde, 0x95, 0x39, 0xff, 
0xe2, 0x9f, 0x3f, 0xff, 0xe5, 0xa3, 0x42, 0xff, 0xe4, 0xa0, 0x3f, 0xff, 0xc1, 0x6b, 0x25, 0xff, 
0xb2, 0x51, 0x19, 0xff, 0xc4, 0x67, 0x22, 0xff, 0xc6, 0x6a, 0x23, 0xff, 0xc4, 0x64, 0x1f, 0xff, 
0xda, 0x8c, 0x35, 0xff, 0xdc, 0x90, 0x36, 0xff, 0xd4, 0x80, 0x2d, 0xff, 0xd1, 0x78, 0x28, 0xff, 
0xc5, 0x68, 0x22, 0xff, 0xc6, 0x6b, 0x24, 0xff, 0xd4, 0x7d, 0x2c, 0xff, 0xd2, 0x7b, 0x2b, 0xff, 
0xd8, 0x89, 0x32, 0xff, 0xd8, 0x86, 0x31, 0xff, 0xd6, 0x81, 0x2e, 0xff, 0xd3, 0x7f, 0x2d, 0xff, 
0xd1, 0x7c, 0x2b, 0xff, 0xd6, 0x83, 0x2f, 0xff, 0xde, 0x97, 0x3a, 0xff, 0xe3, 0xa0, 0x3f, 0xff, 
0xdf, 0x98, 0x3b, 0xff, 0xdd, 0x93, 0x37, 0xff, 0xdc, 0x90, 0x35, 0xff, 0xd6, 0x83, 0x2f, 0xff, 
0xd7, 0x82, 0x2e, 0xff, 0xcd, 0x78, 0x2a, 0xff, 0xbd, 0x5f, 0x1f, 0xff, 0xc0, 0x60, 0x1f, 0xff, 
0xc1, 0x62, 0x1f, 0xff, 0xbf, 0x61, 0x1f, 0xff, 0xb9, 0x5b, 0x1e, 0xff, 0xba, 0x5e, 0x1f, 0xff, 
0xb7, 0x5e, 0x20, 0xff, 0xa9, 0x51, 0x1a, 0xff, 0x8d, 0x3e, 0x15, 0xff, 0x88, 0x3d, 0x13, 0xff, 
0x96, 0x45, 0x16, 0xff, 0xa7, 0x4e, 0x18, 0xff, 0xd4, 0x7f, 0x2d, 0xff, 0xdf, 0x93, 0x38, 0xff, 
0xd8, 0x8a, 0x34, 0xff, 0xd4, 0x86, 0x31, 0xff, 0xd9, 0x90, 0x37, 0xff, 0xe2, 0xa0, 0x3f, 0xff, 
0xc5, 0x74, 0x2a, 0xff, 0xc9, 0x71, 0x27, 0xff, 0xd5, 0x81, 0x2e, 0xff, 0xc4, 0x70, 0x27, 0xff, 
0xce, 0x77, 0x2b, 0xff, 0xc0, 0x6a, 0x25, 0xff, 0xb9, 0x5c, 0x1e, 0xff, 0xba, 0x5a, 0x1c, 0xff, 
0xbe, 0x60, 0x1f, 0xff, 0xc1, 0x65, 0x21, 0xff, 0xc0, 0x65, 0x22, 0xff, 0xc2, 0x64, 0x20, 0xff, 
0xc3, 0x62, 0x20, 0xff, 0xa1, 0x4a, 0x19, 0xff, 0x94, 0x44, 0x16, 0xff, 0xa0, 0x44, 0x14, 0xff, 
0xbb, 0x5d, 0x1d, 0xff, 0xf0, 0xb3, 0x4a, 0xff, 0xf6, 0xc0, 0x51, 0xff, 0xd9, 0x91, 0x39, 0xff, 
0xce, 0x7c, 0x2c, 0xff, 0xde, 0x8c, 0x33, 0xff, 0xcd, 0x72, 0x27, 0xff, 0xb9, 0x5f, 0x20, 0xff, 
0xb2, 0x5a, 0x1d, 0xff, 0xc4, 0x6b, 0x24, 0xff, 0xc2, 0x6a, 0x24, 0xff, 0xc0, 0x67, 0x22, 0xff, 
0xd6, 0x8b, 0x33, 0xff, 0xd6, 0x8c, 0x35, 0xff, 0xd2, 0x80, 0x2e, 0xff, 0xd9, 0x8e, 0x35, 0xff, 
0xe9, 0xaa, 0x46, 0xff, 0xed, 0xb4, 0x4d, 0xff, 0xe9, 0xac, 0x47, 0xff, 0xd8, 0x8b, 0x33, 0xff, 
0xa8, 0x56, 0x1d, 0xff, 0x81, 0x34, 0x0f, 0xff, 0x88, 0x3e, 0x14, 0xff, 0xa7, 0x57, 0x1d, 0xff, 
0xae, 0x59, 0x1e, 0xff, 0xaa, 0x52, 0x1b, 0xff, 0xaf, 0x57, 0x1d, 0xff, 0x9a, 0x46, 0x17, 0xff, 
0xa7, 0x54, 0x1d, 0xff, 0xa5, 0x51, 0x1b, 0xff, 0x9c, 0x47, 0x16, 0xff, 0xb2, 0x5b, 0x1f, 0xff, 
0xaf, 0x58, 0x1d, 0xff, 0xbb, 0x64, 0x22, 0xff, 0xa3, 0x53, 0x1c, 0xff, 0x8a, 0x3d, 0x14, 0xff, 
0xa2, 0x4c, 0x19, 0xff, 0xa0, 0x4c, 0x19, 0xff, 0xa3, 0x45, 0x15, 0xff, 0xb8, 0x58, 0x1b, 0xff, 
0xe4, 0x97, 0x38, 0xff, 0xa8, 0x5a, 0x1f, 0xff, 0x8f, 0x3d, 0x12, 0xff, 0x9d, 0x49, 0x18, 0xff, 
0xac, 0x54, 0x1b, 0xff, 0xb4, 0x5a, 0x1d, 0xff, 0xbf, 0x64, 0x20, 0xff, 0xce, 0x74, 0x28, 0xff, 
0xb4, 0x5a, 0x1e, 0xff, 0x9e, 0x48, 0x16, 0xff, 0xc8, 0x78, 0x2b, 0xff, 0xbf, 0x6a, 0x24, 0xff, 
0xae, 0x54, 0x1a, 0xff, 0xb6, 0x5e, 0x1f, 0xff, 0xad, 0x51, 0x1a, 0xff, 0xc1, 0x65, 0x21, 0xff, 
0x98, 0x49, 0x18, 0xff, 0x6f, 0x2e, 0x0e, 0xff, 0x8c, 0x42, 0x15, 0xff, 0x92, 0x45, 0x17, 0xff, 
0x8c, 0x40, 0x14, 0xff, 0x9e, 0x48, 0x17, 0xff, 0xb2, 0x57, 0x1d, 0xff, 0xbc, 0x61, 0x20, 0xff, 
0xbe, 0x63, 0x21, 0xff, 0xbe, 0x61, 0x20, 0xff, 0xc4, 0x65, 0x21, 0xff, 0xb9, 0x5e, 0x1f, 0xff, 
0x92, 0x44, 0x15, 0xff, 0x7d, 0x38, 0x12, 0xff, 0xb5, 0x5a, 0x1d, 0xff, 0xaf, 0x55, 0x1c, 0xff, 
0x91, 0x41, 0x15, 0xff, 0x9e, 0x49, 0x18, 0xff, 0x97, 0x44, 0x16, 0xff, 0x95, 0x44, 0x16, 0xff, 
0xaa, 0x50, 0x1a, 0xff, 0xbc, 0x5e, 0x1e, 0xff, 0xca, 0x6f, 0x24, 0xff, 0xd0, 0x78, 0x29, 0xff, 
0xd5, 0x82, 0x2f, 0xff, 0xdf, 0x97, 0x3a, 0xff, 0xde, 0x95, 0x39, 0xff, 0xd4, 0x80, 0x2d, 0xff, 
0xd6, 0x82, 0x2f, 0xff, 0xd4, 0x7e, 0x2c, 0xff, 0xd1, 0x78, 0x29, 0xff, 0xb7, 0x58, 0x1b, 0xff, 
0xaf, 0x55, 0x1b, 0xff, 0x9f, 0x4b, 0x19, 0xff, 0x9e, 0x48, 0x16, 0xff, 0xbc, 0x63, 0x21, 0xff, 
0xcf, 0x79, 0x2b, 0xff, 0xcb, 0x70, 0x25, 0xff, 0xcd, 0x76, 0x29, 0xff, 0xd1, 0x7a, 0x2a, 0xff, 
0xc9, 0x6e, 0x24, 0xff, 0xc9, 0x6e, 0x25, 0xff, 0xc3, 0x66, 0x21, 0xff, 0xc5, 0x69, 0x22, 0xff, 
0xc3, 0x65, 0x20, 0xff, 0xcb, 0x71, 0x25, 0xff, 0xd8, 0x85, 0x2f, 0xff, 0xdb, 0x8e, 0x35, 0xff, 
0xd7, 0x87, 0x31, 0xff, 0xda, 0x8d, 0x34, 0xff, 0xdc, 0x91, 0x36, 0xff, 0xde, 0x95, 0x39, 0xff, 
0xe0, 0x98, 0x3b, 0xff, 0xd9, 0x8a, 0x33, 0xff, 0xd9, 0x89, 0x32, 0xff, 0xdd, 0x91, 0x36, 0xff, 
0xd9, 0x8a, 0x33, 0xff, 0xde, 0x94, 0x39, 0xff, 0xe5, 0xa4, 0x43, 0xff, 0xe9, 0xac, 0x46, 0xff, 
0xf5, 0xc3, 0x53, 0xff, 0xea, 0xae, 0x47, 0xff, 0xd7, 0x87, 0x31, 0xff, 0xe1, 0x9b, 0x3c, 0xff, 
0xe7, 0xa7, 0x44, 0xff, 0xdc, 0x91, 0x38, 0xff, 0xe0, 0x9b, 0x3d, 0xff, 0xee, 0xb2, 0x45, 0xff, 
0xfc, 0xd3, 0x6c, 0xff, 0xff, 0xeb, 0x9c, 0xff, 0xfc, 0xdd, 0x8f, 0xff, 0xf8, 0xd3, 0x7e, 0xff, 
0xf3, 0xc0, 0x54, 0xff, 0xef, 0xb6, 0x4a, 0xff, 0xee, 0xb6, 0x4e, 0xff, 0xed, 0xb5, 0x4e, 0xff, 
0xea, 0xad, 0x47, 0xff, 0xef, 0xb8, 0x4c, 0xff, 0xf0, 0xb8, 0x4d, 0xff, 0xe7, 0xa9, 0x45, 0xff, 
0xe5, 0xa5, 0x42, 0xff, 0xe5, 0xa5, 0x43, 0xff, 0xe2, 0x9d, 0x3f, 0xff, 0xdd, 0x92, 0x37, 0xff, 
0xd6, 0x85, 0x30, 0xff, 0xdd, 0x92, 0x39, 0xff, 0xe2, 0x9e, 0x3e, 0xff, 0xe5, 0xa5, 0x43, 0xff, 
0xe7, 0xa8, 0x44, 0xff, 0xe1, 0x9c, 0x3d, 0xff, 0xe4, 0xa2, 0x41, 0xff, 0xe4, 0xa0, 0x40, 0xff, 
0xde, 0x96, 0x39, 0xff, 0xdb, 0x90, 0x36, 0xff, 0xe1, 0x9a, 0x3b, 0xff, 0xdc, 0x91, 0x36, 0xff, 
0xd5, 0x82, 0x2f, 0xff, 0xd7, 0x85, 0x30, 0xff, 0xd8, 0x88, 0x32, 0xff, 0xdd, 0x93, 0x38, 0xff, 
0xe5, 0xa5, 0x43, 0xff, 0xf2, 0xc1, 0x54, 0xff, 0xe1, 0xa0, 0x40, 0xff, 0xdd, 0x94, 0x39, 0xff, 
0xdf, 0x95, 0x39, 0xff, 0xd4, 0x80, 0x2d, 0xff, 0xce, 0x75, 0x28, 0xff, 0xb5, 0x59, 0x1c, 0xff, 
0xa4, 0x48, 0x16, 0xff, 0xc5, 0x69, 0x23, 0xff, 0xde, 0x90, 0x36, 0xff, 0xcf, 0x76, 0x28, 0xff, 
0xcf, 0x76, 0x29, 0xff, 0xe2, 0x9d, 0x3d, 0xff, 0xe3, 0xa0, 0x3f, 0xff, 0xd1, 0x7a, 0x2a, 0xff, 
0xc6, 0x65, 0x1f, 0xff, 0xd7, 0x83, 0x2f, 0xff, 0xda, 0x89, 0x32, 0xff, 0xd7, 0x84, 0x30, 0xff, 
0xdb, 0x8f, 0x36, 0xff, 0xdf, 0x96, 0x3a, 0xff, 0xda, 0x8c, 0x34, 0xff, 0xd5, 0x82, 0x2f, 0xff, 
0xdf, 0x97, 0x3a, 0xff, 0xdf, 0x97, 0x3b, 0xff, 0xdf, 0x96, 0x3a, 0xff, 0xe7, 0xaa, 0x45, 0xff, 
0xe2, 0x9c, 0x3c, 0xff, 0xd6, 0x83, 0x2e, 0xff, 0xd3, 0x7c, 0x2c, 0xff, 0xcb, 0x6f, 0x24, 0xff, 
0xd2, 0x7c, 0x2c, 0xff, 0xd6, 0x82, 0x2e, 0xff, 0xde, 0x95, 0x39, 0xff, 0xe0, 0x97, 0x3b, 0xff, 
0xe9, 0xaf, 0x48, 0xff, 0xf2, 0xc1, 0x54, 0xff, 0xe2, 0xa1, 0x41, 0xff, 0xcd, 0x76, 0x29, 0xff, 
0xd2, 0x7d, 0x2c, 0xff, 0xbc, 0x5c, 0x1c, 0xff, 0xcc, 0x76, 0x29, 0xff, 0xe6, 0xa4, 0x42, 0xff, 
0xea, 0xaf, 0x49, 0xff, 0xe8, 0xab, 0x46, 0xff, 0xd5, 0x84, 0x30, 0xff, 0xce, 0x74, 0x27, 0xff, 
0xd7, 0x83, 0x2e, 0xff, 0xd6, 0x82, 0x2e, 0xff, 0xd1, 0x7b, 0x2b, 0xff, 0xcb, 0x6f, 0x25, 0xff, 
0xd4, 0x80, 0x2d, 0xff, 0xd3, 0x80, 0x2e, 0xff, 0xd1, 0x7a, 0x2b, 0xff, 0xd5, 0x81, 0x2e, 0xff, 
0xcf, 0x76, 0x28, 0xff, 0xd3, 0x7d, 0x2b, 0xff, 0xdb, 0x8e, 0x35, 0xff, 0xe4, 0xa1, 0x41, 0xff, 
0xd4, 0x85, 0x32, 0xff, 0xe1, 0x9d, 0x3d, 0xff, 0xdd, 0x92, 0x37, 0xff, 0xd3, 0x7d, 0x2b, 0xff, 
0xd3, 0x7e, 0x2d, 0xff, 0xd0, 0x7a, 0x2b, 0xff, 0xcf, 0x74, 0x26, 0xff, 0xdd, 0x8e, 0x35, 0xff, 
0xe2, 0x9a, 0x3c, 0xff, 0xdc, 0x8d, 0x34, 0xff, 0xd2, 0x78, 0x28, 0xff, 0xbf, 0x62, 0x20, 0xff, 
0xbd, 0x5d, 0x1e, 0xff, 0xc7, 0x6d, 0x25, 0xff, 0xb0, 0x5d, 0x1e, 0xff, 0xa8, 0x51, 0x19, 0xff, 
0xab, 0x54, 0x1c, 0xff, 0x9b, 0x49, 0x18, 0xff, 0xbb, 0x61, 0x20, 0xff, 0xd3, 0x7a, 0x2a, 0xff, 
0xd1, 0x7c, 0x2c, 0xff, 0xcc, 0x79, 0x2b, 0xff, 0xdc, 0x96, 0x3b, 0xff, 0xba, 0x67, 0x25, 0xff, 
0x9b, 0x3d, 0x11, 0xff, 0xc1, 0x64, 0x20, 0xff, 0xc2, 0x66, 0x21, 0xff, 0x9a, 0x44, 0x15, 0xff, 
0xb5, 0x5a, 0x1d, 0xff, 0xca, 0x73, 0x28, 0xff, 0xc6, 0x77, 0x2b, 0xff, 0xb9, 0x5d, 0x1e, 0xff, 
0xc7, 0x6a, 0x22, 0xff, 0xc4, 0x68, 0x21, 0xff, 0xbe, 0x60, 0x1e, 0xff, 0xc4, 0x68, 0x22, 0xff, 
0xcc, 0x6f, 0x24, 0xff, 0xb9, 0x5f, 0x1f, 0xff, 0xa0, 0x46, 0x15, 0xff, 0xae, 0x4e, 0x17, 0xff, 
0xe5, 0xa1, 0x40, 0xff, 0xf0, 0xba, 0x4f, 0xff, 0xcf, 0x7e, 0x2f, 0xff, 0xd4, 0x85, 0x31, 0xff, 
0xe4, 0x9b, 0x3a, 0xff, 0xcb, 0x73, 0x27, 0xff, 0xa6, 0x4e, 0x19, 0xff, 0x92, 0x40, 0x14, 0xff, 
0xbe, 0x69, 0x24, 0xff, 0xd3, 0x83, 0x30, 0xff, 0xc6, 0x6e, 0x26, 0xff, 0xcd, 0x76, 0x29, 0xff, 
0xdc, 0x8f, 0x36, 0xff, 0xda, 0x8e, 0x34, 0xff, 0xd2, 0x81, 0x2e, 0xff, 0xdc, 0x92, 0x38, 0xff, 
0xdf, 0x97, 0x3b, 0xff, 0xe1, 0xa0, 0x40, 0xff, 0xe0, 0x9c, 0x3d, 0xff, 0xe7, 0x9d, 0x3b, 0xff, 
0xbb, 0x62, 0x20, 0xff, 0x9e, 0x46, 0x15, 0xff, 0xab, 0x59, 0x1f, 0xff, 0x93, 0x42, 0x14, 0xff, 
0xaa, 0x53, 0x1b, 0xff, 0xb3, 0x5f, 0x21, 0xff, 0x9f, 0x4d, 0x1a, 0xff, 0xa8, 0x51, 0x1b, 0xff, 
0x9e, 0x4a, 0x19, 0xff, 0x8e, 0x3d, 0x13, 0xff, 0xa9, 0x52, 0x1b, 0xff, 0xa9, 0x53, 0x1a, 0xff, 
0x91, 0x40, 0x15, 0xff, 0x8d, 0x40, 0x14, 0xff, 0x9a, 0x49, 0x18, 0xff, 0x99, 0x46, 0x16, 0xff, 
0x95, 0x43, 0x16, 0xff, 0x9d, 0x47, 0x17, 0xff, 0x7b, 0x33, 0x10, 0xff, 0x82, 0x41, 0x15, 0xff, 
0x87, 0x45, 0x17, 0xff, 0x6b, 0x2b, 0x0d, 0xff, 0x96, 0x46, 0x17, 0xff, 0xab, 0x52, 0x1a, 0xff, 
0xb8, 0x5e, 0x1e, 0xff, 0xb6, 0x5b, 0x1d, 0xff, 0xb5, 0x58, 0x1c, 0xff, 0xc9, 0x6f, 0x25, 0xff, 
0xcd, 0x77, 0x29, 0xff, 0xc2, 0x69, 0x24, 0xff, 0xaf, 0x56, 0x1c, 0xff, 0xb8, 0x5c, 0x1e, 0xff, 
0xb0, 0x55, 0x1b, 0xff, 0xa1, 0x4c, 0x18, 0xff, 0xb3, 0x5a, 0x1e, 0xff, 0xd4, 0x7b, 0x2b, 0xff, 
0xdc, 0x83, 0x2e, 0xff, 0xab, 0x55, 0x1c, 0xff, 0x82, 0x3b, 0x12, 0xff, 0x62, 0x2d, 0x0e, 0xff, 
0x61, 0x2b, 0x0d, 0xff, 0x9a, 0x49, 0x18, 0xff, 0xb6, 0x57, 0x1d, 0xff, 0xb2, 0x56, 0x1c, 0xff, 
0xc8, 0x6a, 0x23, 0xff, 0xc1, 0x66, 0x22, 0xff, 0xb8, 0x5b, 0x1e, 0xff, 0xc5, 0x65, 0x21, 0xff, 
0xbd, 0x5e, 0x1f, 0xff, 0xc2, 0x62, 0x20, 0xff, 0xc2, 0x62, 0x20, 0xff, 0x9f, 0x4a, 0x18, 0xff, 
0x94, 0x44, 0x16, 0xff, 0x97, 0x45, 0x16, 0xff, 0x97, 0x45, 0x16, 0xff, 0x93, 0x42, 0x16, 0xff, 
0x9a, 0x44, 0x16, 0xff, 0xb9, 0x5b, 0x1d, 0xff, 0xd7, 0x81, 0x2d, 0xff, 0xdd, 0x91, 0x36, 0xff, 
0xdc, 0x91, 0x37, 0xff, 0xdb, 0x8f, 0x36, 0xff, 0xda, 0x8c, 0x34, 0xff, 0xd1, 0x7b, 0x2b, 0xff, 
0xcc, 0x71, 0x25, 0xff, 0xcd, 0x72, 0x26, 0xff, 0xd4, 0x80, 0x2e, 0xff, 0xd3, 0x7e, 0x2d, 0xff, 
0xc8, 0x6a, 0x23, 0xff, 0xa7, 0x4e, 0x19, 0xff, 0xa8, 0x4d, 0x18, 0xff, 0xd8, 0x86, 0x31, 0xff, 
0xe7, 0xa2, 0x3f, 0xff, 0xd2, 0x7c, 0x2b, 0xff, 0xcd, 0x75, 0x28, 0xff, 0xd5, 0x81, 0x2e, 0xff, 
0xce, 0x76, 0x29, 0xff, 0xc5, 0x6a, 0x23, 0xff, 0xc1, 0x65, 0x21, 0xff, 0xce, 0x74, 0x28, 0xff, 
0xcc, 0x73, 0x28, 0xff, 0xc7, 0x69, 0x22, 0xff, 0xcb, 0x6f, 0x24, 0xff, 0xd1, 0x7a, 0x2a, 0xff, 
0xd2, 0x79, 0x2a, 0xff, 0xd0, 0x77, 0x28, 0xff, 0xdb, 0x8c, 0x34, 0xff, 0xdb, 0x8d, 0x35, 0xff, 
0xdb, 0x90, 0x36, 0xff, 0xe5, 0xa4, 0x43, 0xff, 0xe6, 0xa5, 0x43, 0xff, 0xdc, 0x91, 0x36, 0xff, 
0xe2, 0x9c, 0x3d, 0xff, 0xe8, 0xaa, 0x46, 0xff, 0xe9, 0xac, 0x47, 0xff, 0xe7, 0xa9, 0x46, 0xff, 
0xe2, 0x9e, 0x3e, 0xff, 0xde, 0x95, 0x38, 0xff, 0xdf, 0x95, 0x39, 0xff, 0xda, 0x8c, 0x34, 0xff, 
0xd2, 0x7d, 0x2c, 0xff, 0xdc, 0x93, 0x39, 0xff, 0xd3, 0x85, 0x32, 0xff, 0xcf, 0x7d, 0x27, 0xff, 
0xe9, 0xad, 0x49, 0xff, 0xfc, 0xdd, 0x8b, 0xff, 0xfe, 0xe8, 0xa9, 0xff, 0xff, 0xee, 0xaf, 0xff, 
0xf8, 0xca, 0x62, 0xff, 0xec, 0xb0, 0x44, 0xff, 0xe9, 0xac, 0x48, 0xff, 0xe8, 0xac, 0x47, 0xff, 
0xf1, 0xbd, 0x4f, 0xff, 0xf2, 0xbc, 0x4f, 0xff, 0xef, 0xb7, 0x4e, 0xff, 0xe7, 0xab, 0x47, 0xff, 
0xe8, 0xad, 0x47, 0xff, 0xe6, 0xa7, 0x44, 0xff, 0xe3, 0xa0, 0x41, 0xff, 0xdc, 0x90, 0x37, 0xff, 
0xe2, 0x9d, 0x3e, 0xff, 0xef, 0xb9, 0x4f, 0xff, 0xe9, 0xaf, 0x49, 0xff, 0xdf, 0x97, 0x3a, 0xff, 
0xdf, 0x96, 0x39, 0xff, 0xd9, 0x89, 0x33, 0xff, 0xd6, 0x84, 0x30, 0xff, 0xd5, 0x81, 0x2e, 0xff, 
0xdb, 0x8d, 0x34, 0xff, 0xe0, 0x9a, 0x3b, 0xff, 0xdc, 0x90, 0x37, 0xff, 0xd1, 0x79, 0x2a, 0xff, 
0xcb, 0x6c, 0x23, 0xff, 0xd5, 0x81, 0x2e, 0xff, 0xdf, 0x96, 0x3b, 0xff, 0xde, 0x96, 0x3a, 0xff, 
0xe2, 0x9d, 0x3e, 0xff, 0xe6, 0xa7, 0x44, 0xff, 0xe0, 0x9a, 0x3c, 0xff, 0xe1, 0x9c, 0x3e, 0xff, 
0xdb, 0x90, 0x36, 0xff, 0xd3, 0x7e, 0x2c, 0xff, 0xd4, 0x80, 0x2e, 0xff, 0xd3, 0x82, 0x2f, 0xff, 
0xd0, 0x7b, 0x2c, 0xff, 0xd2, 0x79, 0x2a, 0xff, 0xd3, 0x7e, 0x2c, 0xff, 0xe1, 0x99, 0x3c, 0xff, 
0xd4, 0x7f, 0x2d, 0xff, 0xd5, 0x81, 0x2d, 0xff, 0xe2, 0x9e, 0x3e, 0xff, 0xe4, 0xa2, 0x41, 0xff, 
0xdd, 0x92, 0x38, 0xff, 0xdd, 0x91, 0x37, 0xff, 0xdb, 0x8c, 0x33, 0xff, 0xdd, 0x91, 0x36, 0xff, 
0xdd, 0x93, 0x38, 0xff, 0xdb, 0x8f, 0x35, 0xff, 0xdb, 0x8e, 0x35, 0xff, 0xcf, 0x79, 0x2a, 0xff, 
0xd4, 0x85, 0x31, 0xff, 0xe6, 0xa5, 0x41, 0xff, 0xe1, 0x99, 0x3a, 0xff, 0xdf, 0x98, 0x3b, 0xff, 
0xdd, 0x93, 0x37, 0xff, 0xd6, 0x83, 0x2f, 0xff, 0xd7, 0x82, 0x2e, 0xff, 0xce, 0x75, 0x28, 0xff, 
0xd4, 0x80, 0x2e, 0xff, 0xd9, 0x8b, 0x33, 0xff, 0xe2, 0x9f, 0x40, 0xff, 0xe6, 0xa6, 0x44, 0xff, 
0xe2, 0xa0, 0x3f, 0xff, 0xe0, 0x99, 0x3b, 0xff, 0xdc, 0x8e, 0x35, 0xff, 0xd2, 0x7e, 0x2d, 0xff, 
0xc3, 0x6b, 0x24, 0xff, 0xbb, 0x5c, 0x1c, 0xff, 0xc2, 0x65, 0x20, 0xff, 0xdc, 0x96, 0x3b, 0xff, 
0xdd, 0x92, 0x38, 0xff, 0xe9, 0xac, 0x47, 0xff, 0xe1, 0x9b, 0x3d, 0xff, 0xd5, 0x82, 0x2e, 0xff, 
0xde, 0x95, 0x38, 0xff, 0xd7, 0x86, 0x31, 0xff, 0xd4, 0x7f, 0x2e, 0xff, 0xd0, 0x79, 0x2a, 0xff, 
0xd1, 0x78, 0x29, 0xff, 0xce, 0x75, 0x28, 0xff, 0xc6, 0x6a, 0x23, 0xff, 0xd2, 0x7d, 0x2c, 0xff, 
0xcf, 0x75, 0x28, 0xff, 0xcb, 0x70, 0x24, 0xff, 0xd2, 0x7a, 0x2b, 0xff, 0xe2, 0x9e, 0x3e, 0xff, 
0xde, 0x97, 0x3a, 0xff, 0xdb, 0x8d, 0x34, 0xff, 0xd4, 0x7e, 0x2b, 0xff, 0xd3, 0x7d, 0x2c, 0xff, 
0xcf, 0x78, 0x29, 0xff, 0xca, 0x6d, 0x24, 0xff, 0xcd, 0x76, 0x29, 0xff, 0xd0, 0x7d, 0x2c, 0xff, 
0xd8, 0x86, 0x31, 0xff, 0xd4, 0x7d, 0x2b, 0xff, 0xbc, 0x64, 0x21, 0xff, 0xa8, 0x4c, 0x17, 0xff, 
0xbb, 0x5f, 0x1f, 0xff, 0xd6, 0x80, 0x2d, 0xff, 0xb9, 0x5d, 0x1e, 0xff, 0xa3, 0x4a, 0x18, 0xff, 
0xa9, 0x51, 0x1b, 0xff, 0xb3, 0x5d, 0x1f, 0xff, 0xb7, 0x5b, 0x1d, 0xff, 0xc6, 0x69, 0x23, 0xff, 
0xc6, 0x69, 0x23, 0xff, 0xc1, 0x62, 0x20, 0xff, 0xba, 0x5a, 0x1c, 0xff, 0xae, 0x4d, 0x16, 0xff, 
0xad, 0x51, 0x1a, 0xff, 0xb9, 0x5c, 0x1d, 0xff, 0xbd, 0x66, 0x23, 0xff, 0xa4, 0x54, 0x1d, 0xff, 
0x97, 0x42, 0x14, 0xff, 0xae, 0x53, 0x1b, 0xff, 0xc0, 0x6d, 0x26, 0xff, 0xc7, 0x75, 0x2a, 0xff, 
0xcc, 0x73, 0x27, 0xff, 0xc7, 0x69, 0x21, 0xff, 0xc6, 0x67, 0x21, 0xff, 0xc0, 0x63, 0x1f, 0xff, 
0xca, 0x71, 0x26, 0xff, 0xd2, 0x77, 0x28, 0xff, 0xc6, 0x6e, 0x26, 0xff, 0xd7, 0x8f, 0x38, 0xff, 
0xe3, 0xa1, 0x41, 0xff, 0xcd, 0x77, 0x29, 0xff, 0xd4, 0x81, 0x2e, 0xff, 0xcf, 0x76, 0x27, 0xff, 
0xd6, 0x84, 0x2f, 0xff, 0xd2, 0x80, 0x2d, 0xff, 0xb0, 0x54, 0x19, 0xff, 0xa7, 0x4a, 0x16, 0xff, 
0xce, 0x7b, 0x2c, 0xff, 0xe7, 0xa3, 0x40, 0xff, 0xdd, 0x93, 0x38, 0xff, 0xd9, 0x8a, 0x33, 0xff, 
0xd6, 0x86, 0x31, 0xff, 0xd9, 0x8c, 0x34, 0xff, 0xda, 0x91, 0x36, 0xff, 0xd9, 0x8b, 0x34, 0xff, 
0xd1, 0x82, 0x30, 0xff, 0xd3, 0x86, 0x32, 0xff, 0xdd, 0x95, 0x39, 0xff, 0xe4, 0xa0, 0x3f, 0xff, 
0xd0, 0x7f, 0x2d, 0xff, 0xc9, 0x6f, 0x25, 0xff, 0xae, 0x54, 0x1b, 0xff, 0xb1, 0x60, 0x22, 0xff, 
0xbc, 0x67, 0x23, 0xff, 0x9c, 0x47, 0x17, 0xff, 0x9e, 0x47, 0x17, 0xff, 0xaa, 0x51, 0x1b, 0xff, 
0xa4, 0x4e, 0x19, 0xff, 0x92, 0x43, 0x15, 0xff, 0x94, 0x46, 0x16, 0xff, 0xae, 0x5e, 0x20, 0xff, 
0x99, 0x4b, 0x19, 0xff, 0x87, 0x3b, 0x12, 0xff, 0x98, 0x46, 0x17, 0xff, 0xaa, 0x53, 0x1b, 0xff, 
0x9e, 0x4e, 0x19, 0xff, 0x98, 0x47, 0x18, 0xff, 0x8d, 0x47, 0x18, 0xff, 0x7a, 0x38, 0x12, 0xff, 
0x67, 0x29, 0x0d, 0xff, 0x7a, 0x36, 0x11, 0xff, 0x9f, 0x4a, 0x17, 0xff, 0xb5, 0x5a, 0x1e, 0xff, 
0xa6, 0x4f, 0x19, 0xff, 0xb8, 0x5b, 0x1d, 0xff, 0xbe, 0x62, 0x20, 0xff, 0xb8, 0x5f, 0x20, 0xff, 
0xcf, 0x79, 0x2a, 0xff, 0xba, 0x61, 0x20, 0xff, 0xb9, 0x5d, 0x1f, 0xff, 0xbb, 0x5f, 0x1f, 0xff, 
0xba, 0x63, 0x21, 0xff, 0xc0, 0x67, 0x23, 0xff, 0xb4, 0x5b, 0x1e, 0xff, 0xa6, 0x51, 0x1a, 0xff, 
0xc0, 0x6e, 0x27, 0xff, 0xc5, 0x69, 0x23, 0xff, 0x77, 0x35, 0x11, 0xff, 0x50, 0x22, 0x0b, 0xff, 
0x76, 0x35, 0x10, 0xff, 0xb7, 0x5a, 0x1e, 0xff, 0xc6, 0x65, 0x21, 0xff, 0xbc, 0x60, 0x20, 0xff, 
0xc8, 0x6d, 0x26, 0xff, 0xc0, 0x66, 0x22, 0xff, 0xbb, 0x60, 0x20, 0xff, 0xc0, 0x63, 0x21, 0xff, 
0xc2, 0x65, 0x21, 0xff, 0xca, 0x6c, 0x24, 0xff, 0xc0, 0x64, 0x20, 0xff, 0xb9, 0x5f, 0x1e, 0xff, 
0xb3, 0x5a, 0x1d, 0xff, 0x9a, 0x46, 0x16, 0xff, 0xa2, 0x4b, 0x18, 0xff, 0xb3, 0x57, 0x1d, 0xff, 
0xb2, 0x56, 0x1b, 0xff, 0xb9, 0x5b, 0x1d, 0xff, 0xcf, 0x75, 0x28, 0xff, 0xd9, 0x87, 0x30, 0xff, 
0xd9, 0x8a, 0x32, 0xff, 0xd3, 0x80, 0x2e, 0xff, 0xd4, 0x7f, 0x2d, 0xff, 0xd7, 0x84, 0x30, 0xff, 
0xd4, 0x7f, 0x2d, 0xff, 0xd0, 0x7a, 0x2a, 0xff, 0xd7, 0x85, 0x31, 0xff, 0xd9, 0x89, 0x31, 0xff, 
0xcb, 0x6f, 0x25, 0xff, 0xb3, 0x53, 0x19, 0xff, 0xbb, 0x5e, 0x1e, 0xff, 0xd2, 0x7a, 0x2a, 0xff, 
0xd4, 0x7e, 0x2c, 0xff, 0xd3, 0x7d, 0x2b, 0xff, 0xcb, 0x6f, 0x24, 0xff, 0xc4, 0x67, 0x21, 0xff, 
0xce, 0x7a, 0x2a, 0xff, 0xd5, 0x7f, 0x2c, 0xff, 0xd4, 0x79, 0x2a, 0xff, 0xcb, 0x70, 0x26, 0xff, 
0xc3, 0x67, 0x21, 0xff, 0xc2, 0x64, 0x20, 0xff, 0xc5, 0x66, 0x21, 0xff, 0xd5, 0x81, 0x2e, 0xff, 
0xd9, 0x8a, 0x33, 0xff, 0xd5, 0x82, 0x2f, 0xff, 0xd5, 0x81, 0x2e, 0xff, 0xd1, 0x77, 0x29, 0xff, 
0xd2, 0x7a, 0x2a, 0xff, 0xdf, 0x96, 0x3a, 0xff, 0xe8, 0xab, 0x46, 0xff, 0xde, 0x95, 0x39, 0xff, 
0xdc, 0x91, 0x36, 0xff, 0xdb, 0x8f, 0x35, 0xff, 0xe1, 0x99, 0x3c, 0xff, 0xec, 0xb1, 0x4b, 0xff, 
0xe6, 0xa6, 0x44, 0xff, 0xe4, 0xa3, 0x42, 0xff, 0xf1, 0xbe, 0x52, 0xff, 0xe7, 0xa8, 0x44, 0xff, 
0xd8, 0x89, 0x32, 0xff, 0xd8, 0x8a, 0x33, 0xff, 0xcf, 0x7e, 0x2e, 0xff, 0xd0, 0x7f, 0x2e, 0xff, 
0xe6, 0xa4, 0x3d, 0xff, 0xf5, 0xc2, 0x50, 0xff, 0xfd, 0xdf, 0x86, 0xff, 0xff, 0xe4, 0x97, 0xff, 
0xfb, 0xd4, 0x76, 0xff, 0xf1, 0xbd, 0x50, 0xff, 0xdb, 0x8f, 0x34, 0xff, 0xd6, 0x85, 0x2f, 0xff, 
0xea, 0xae, 0x48, 0xff, 0xe3, 0x9e, 0x3f, 0xff, 0xe2, 0x9f, 0x3f, 0xff, 0xec, 0xb4, 0x4c, 0xff, 
0xea, 0xb0, 0x49, 0xff, 0xe7, 0xa9, 0x45, 0xff, 0xe5, 0xa5, 0x42, 0xff, 0xe4, 0xa2, 0x41, 0xff, 
0xe7, 0xa9, 0x46, 0xff, 0xe3, 0x9f, 0x40, 0xff, 0xdd, 0x92, 0x37, 0xff, 0xdf, 0x97, 0x3b, 0xff, 
0xd6, 0x81, 0x2e, 0xff, 0xd6, 0x83, 0x2f, 0xff, 0xd9, 0x8a, 0x34, 0xff, 0xd3, 0x7e, 0x2d, 0xff, 
0xd7, 0x87, 0x31, 0xff, 0xdb, 0x8f, 0x35, 0xff, 0xd6, 0x83, 0x2f, 0xff, 0xcc, 0x72, 0x26, 0xff, 
0xd0, 0x7a, 0x2a, 0xff, 0xd7, 0x86, 0x32, 0xff, 0xdb, 0x8f, 0x36, 0xff, 0xdd, 0x90, 0x36, 0xff, 
0xda, 0x8d, 0x34, 0xff, 0xde, 0x95, 0x39, 0xff, 0xde, 0x94, 0x39, 0xff, 0xd7, 0x85, 0x30, 0xff, 
0xd8, 0x87, 0x30, 0xff, 0xdb, 0x8e, 0x35, 0xff, 0xd8, 0x89, 0x32, 0xff, 0xe0, 0x97, 0x3a, 0xff, 
0xdf, 0x92, 0x37, 0xff, 0xcc, 0x76, 0x28, 0xff, 0xc7, 0x6e, 0x26, 0xff, 0xe2, 0x9c, 0x3d, 0xff, 
0xdb, 0x8d, 0x35, 0xff, 0xdb, 0x90, 0x36, 0xff, 0xe6, 0xa5, 0x44, 0xff, 0xe6, 0xa6, 0x44, 0xff, 
0xe8, 0xa9, 0x46, 0xff, 0xe4, 0xa1, 0x41, 0xff, 0xd7, 0x87, 0x32, 0xff, 0xd6, 0x82, 0x2e, 0xff, 
0xd6, 0x83, 0x2f, 0xff, 0xd9, 0x8b, 0x34, 0xff, 0xde, 0x93, 0x38, 0xff, 0xd6, 0x85, 0x30, 0xff, 
0xd5, 0x82, 0x2e, 0xff, 0xc8, 0x74, 0x29, 0xff, 0xbf, 0x60, 0x1e, 0xff, 0xce, 0x70, 0x24, 0xff, 
0xcf, 0x77, 0x29, 0xff, 0xd2, 0x7c, 0x2b, 0xff, 0xd3, 0x7f, 0x2d, 0xff, 0xd3, 0x7f, 0x2e, 0xff, 
0xd7, 0x87, 0x31, 0xff, 0xe5, 0xa4, 0x42, 0xff, 0xe3, 0x9e, 0x3f, 0xff, 0xde, 0x95, 0x39, 0xff, 
0xe0, 0x97, 0x3b, 0xff, 0xd6, 0x83, 0x2e, 0xff, 0xd4, 0x7e, 0x2c, 0xff, 0xc6, 0x6c, 0x24, 0xff, 
0xbc, 0x61, 0x20, 0xff, 0xd4, 0x83, 0x30, 0xff, 0xcb, 0x74, 0x28, 0xff, 0xc3, 0x68, 0x22, 0xff, 
0xd5, 0x83, 0x2f, 0xff, 0xe2, 0x9c, 0x3d, 0xff, 0xe6, 0xa6, 0x43, 0xff, 0xe5, 0xa3, 0x41, 0xff, 
0xe1, 0x9a, 0x3b, 0xff, 0xda, 0x8c, 0x34, 0xff, 0xd1, 0x7b, 0x2b, 0xff, 0xda, 0x8c, 0x33, 0xff, 
0xd4, 0x80, 0x2e, 0xff, 0xcc, 0x72, 0x26, 0xff, 0xc7, 0x6c, 0x24, 0xff, 0xc9, 0x6e, 0x25, 0xff, 
0xc8, 0x6b, 0x23, 0xff, 0xc6, 0x68, 0x22, 0xff, 0xcc, 0x72, 0x26, 0xff, 0xd9, 0x89, 0x32, 0xff, 
0xda, 0x8c, 0x34, 0xff, 0xc6, 0x6a, 0x24, 0xff, 0xb9, 0x58, 0x1b, 0xff, 0xd0, 0x7c, 0x2c, 0xff, 
0xd2, 0x7b, 0x2b, 0xff, 0xd3, 0x7d, 0x2c, 0xff, 0xd8, 0x89, 0x33, 0xff, 0xd4, 0x81, 0x2e, 0xff, 
0xcd, 0x72, 0x27, 0xff, 0xc3, 0x66, 0x21, 0xff, 0xb5, 0x58, 0x1c, 0xff, 0xba, 0x5f, 0x1f, 0xff, 
0xd6, 0x82, 0x2e, 0xff, 0xdc, 0x8c, 0x32, 0xff, 0xba, 0x5f, 0x1f, 0xff, 0xb0, 0x53, 0x1b, 0xff, 
0xb8, 0x5e, 0x1f, 0xff, 0xab, 0x53, 0x1c, 0xff, 0xad, 0x53, 0x1b, 0xff, 0xc0, 0x63, 0x20, 0xff, 
0xc2, 0x64, 0x20, 0xff, 0xcb, 0x71, 0x27, 0xff, 0xcf, 0x76, 0x29, 0xff, 0xc8, 0x6d, 0x24, 0xff, 
0xcf, 0x76, 0x28, 0xff, 0xb3, 0x56, 0x1c, 0xff, 0x9f, 0x4b, 0x19, 0xff, 0xa5, 0x52, 0x1c, 0xff, 
0xa4, 0x4d, 0x19, 0xff, 0xa8, 0x4e, 0x19, 0xff, 0xb3, 0x59, 0x1e, 0xff, 0xc6, 0x70, 0x28, 0xff, 
0xca, 0x76, 0x2a, 0xff, 0xb6, 0x5a, 0x1c, 0xff, 0xb2, 0x55, 0x1b, 0xff, 0xbb, 0x5d, 0x1e, 0xff, 
0xc7, 0x6c, 0x24, 0xff, 0xc4, 0x69, 0x22, 0xff, 0xcf, 0x74, 0x27, 0xff, 0xdb, 0x8c, 0x33, 0xff, 
0xd7, 0x86, 0x30, 0xff, 0xd7, 0x83, 0x2e, 0xff, 0xdf, 0x95, 0x39, 0xff, 0xd4, 0x7f, 0x2d, 0xff, 
0xd9, 0x8a, 0x33, 0xff, 0xe2, 0x9e, 0x3d, 0xff, 0xca, 0x72, 0x27, 0xff, 0xcd, 0x70, 0x26, 0xff, 
0xe1, 0x99, 0x3c, 0xff, 0xe9, 0xad, 0x47, 0xff, 0xe7, 0xaa, 0x46, 0xff, 0xd5, 0x86, 0x31, 0xff, 
0xd6, 0x86, 0x31, 0xff, 0xda, 0x8f, 0x35, 0xff, 0xde, 0x94, 0x37, 0xff, 0xdc, 0x91, 0x36, 0xff, 
0xd1, 0x7e, 0x2d, 0xff, 0xda, 0x8e, 0x35, 0xff, 0xe7, 0xa8, 0x45, 0xff, 0xe6, 0xa8, 0x45, 0xff, 
0xe1, 0x97, 0x3a, 0xff, 0xd9, 0x86, 0x2f, 0xff, 0xcb, 0x77, 0x2b, 0xff, 0xb7, 0x65, 0x24, 0xff, 
0xaa, 0x53, 0x1c, 0xff, 0xa8, 0x50, 0x1b, 0xff, 0xa1, 0x4a, 0x18, 0xff, 0x9f, 0x4a, 0x18, 0xff, 
0xa5, 0x4e, 0x19, 0xff, 0x90, 0x42, 0x15, 0xff, 0x82, 0x3a, 0x12, 0xff, 0xbb, 0x6b, 0x25, 0xff, 
0xa9, 0x58, 0x1e, 0xff, 0x86, 0x3a, 0x12, 0xff, 0x8c, 0x3f, 0x14, 0xff, 0xa2, 0x50, 0x1a, 0xff, 
0xb3, 0x5b, 0x1e, 0xff, 0xb3, 0x5b, 0x1f, 0xff, 0xdc, 0x82, 0x2d, 0xff, 0xce, 0x6b, 0x23, 0xff, 
0xa3, 0x4b, 0x18, 0xff, 0x98, 0x47, 0x17, 0xff, 0xa5, 0x4f, 0x1a, 0xff, 0xad, 0x54, 0x1c, 0xff, 
0xae, 0x55, 0x1c, 0xff, 0xb8, 0x5c, 0x1d, 0xff, 0xc0, 0x64, 0x21, 0xff, 0xb4, 0x5c, 0x1f, 0xff, 
0xb9, 0x60, 0x20, 0xff, 0xb0, 0x5a, 0x1d, 0xff, 0xc7, 0x6d, 0x25, 0xff, 0xc5, 0x6d, 0x25, 0xff, 
0xd3, 0x83, 0x31, 0xff, 0xce, 0x7a, 0x2c, 0xff, 0xb2, 0x59, 0x1d, 0xff, 0x96, 0x44, 0x16, 0xff, 
0x97, 0x40, 0x14, 0xff, 0xb3, 0x5a, 0x1d, 0xff, 0xa2, 0x50, 0x19, 0xff, 0x87, 0x3d, 0x14, 0xff, 
0xa9, 0x51, 0x1a, 0xff, 0xbc, 0x5a, 0x1d, 0xff, 0xc3, 0x66, 0x22, 0xff, 0xcc, 0x70, 0x26, 0xff, 
0xbd, 0x62, 0x20, 0xff, 0xb8, 0x5c, 0x1e, 0xff, 0xc4, 0x67, 0x21, 0xff, 0xc1, 0x66, 0x22, 0xff, 
0xc3, 0x68, 0x22, 0xff, 0xc4, 0x6a, 0x23, 0xff, 0xc7, 0x6c, 0x24, 0xff, 0xca, 0x6c, 0x23, 0xff, 
0xc3, 0x62, 0x1e, 0xff, 0xbc, 0x61, 0x1e, 0xff, 0xbf, 0x61, 0x1f, 0xff, 0xc6, 0x67, 0x21, 0xff, 
0xc7, 0x69, 0x22, 0xff, 0xc4, 0x67, 0x21, 0xff, 0xc5, 0x67, 0x21, 0xff, 0xc7, 0x68, 0x22, 0xff, 
0xd0, 0x77, 0x29, 0xff, 0xd3, 0x7f, 0x2c, 0xff, 0xd5, 0x7f, 0x2d, 0xff, 0xd0, 0x79, 0x2a, 0xff, 
0xd0, 0x78, 0x29, 0xff, 0xd1, 0x79, 0x29, 0xff, 0xd7, 0x87, 0x31, 0xff, 0xd3, 0x7d, 0x2c, 0xff, 
0xcd, 0x72, 0x26, 0xff, 0xd2, 0x7b, 0x2b, 0xff, 0xda, 0x8b, 0x33, 0xff, 0xd0, 0x79, 0x2a, 0xff, 
0xd2, 0x7a, 0x2a, 0xff, 0xd4, 0x80, 0x2d, 0xff, 0xc6, 0x6a, 0x23, 0xff, 0xbc, 0x5f, 0x1f, 0xff, 
0xce, 0x76, 0x29, 0xff, 0xc2, 0x6c, 0x25, 0xff, 0xb9, 0x60, 0x1f, 0xff, 0xbc, 0x5d, 0x1e, 0xff, 
0xaf, 0x50, 0x19, 0xff, 0xcb, 0x71, 0x26, 0xff, 0xdd, 0x8d, 0x34, 0xff, 0xd9, 0x8b, 0x33, 0xff, 
0xd3, 0x7f, 0x2d, 0xff, 0xd2, 0x7d, 0x2c, 0xff, 0xcf, 0x75, 0x27, 0xff, 0xd0, 0x77, 0x29, 0xff, 
0xd6, 0x81, 0x2e, 0xff, 0xd7, 0x87, 0x30, 0xff, 0xd2, 0x7d, 0x2c, 0xff, 0xdc, 0x90, 0x36, 0xff, 
0xdc, 0x92, 0x37, 0xff, 0xdb, 0x8f, 0x35, 0xff, 0xe0, 0x99, 0x3c, 0xff, 0xe9, 0xac, 0x47, 0xff, 
0xed, 0xb5, 0x4d, 0xff, 0xe9, 0xae, 0x48, 0xff, 0xe6, 0xa6, 0x43, 0xff, 0xe3, 0x9d, 0x3d, 0xff, 
0xda, 0x8b, 0x33, 0xff, 0xc8, 0x6d, 0x24, 0xff, 0xca, 0x72, 0x26, 0xff, 0xdf, 0x9a, 0x3c, 0xff, 
0xe4, 0xa1, 0x41, 0xff, 0xed, 0xb2, 0x46, 0xff, 0xf8, 0xc7, 0x52, 0xff, 0xfd, 0xd3, 0x64, 0xff, 
0xfb, 0xd1, 0x63, 0xff, 0xeb, 0xb1, 0x47, 0xff, 0xdf, 0x98, 0x3b, 0xff, 0xd9, 0x8b, 0x34, 0xff, 
0xdb, 0x91, 0x38, 0xff, 0xe5, 0xa3, 0x40, 0xff, 0xf0, 0xba, 0x4e, 0xff, 0xed, 0xb6, 0x4d, 0xff, 
0xe3, 0x9f, 0x40, 0xff, 0xd8, 0x8a, 0x32, 0xff, 0xe4, 0xa4, 0x42, 0xff, 0xe8, 0xa8, 0x44, 0xff, 
0xd2, 0x7b, 0x2a, 0xff, 0xca, 0x71, 0x26, 0xff, 0xce, 0x78, 0x2a, 0xff, 0xd3, 0x7f, 0x2d, 0xff, 
0xcf, 0x76, 0x28, 0xff, 0xd3, 0x7e, 0x2c, 0xff, 0xd7, 0x86, 0x31, 0xff, 0xd7, 0x87, 0x31, 0xff, 
0xdb, 0x8d, 0x34, 0xff, 0xd9, 0x8a, 0x33, 0xff, 0xd5, 0x84, 0x2f, 0xff, 0xd8, 0x88, 0x32, 0xff, 
0xd9, 0x8a, 0x32, 0xff, 0xd1, 0x76, 0x29, 0xff, 0xd4, 0x7f, 0x2c, 0xff, 0xda, 0x8c, 0x33, 0xff, 
0xdb, 0x8e, 0x35, 0xff, 0xe2, 0x9e, 0x3e, 0xff, 0xd5, 0x83, 0x2f, 0xff, 0xcc, 0x70, 0x24, 0xff, 
0xd8, 0x87, 0x31, 0xff, 0xd6, 0x87, 0x32, 0xff, 0xcb, 0x72, 0x27, 0xff, 0xda, 0x8b, 0x33, 0xff, 
0xd8, 0x88, 0x32, 0xff, 0xd1, 0x7e, 0x2c, 0xff, 0xc8, 0x6e, 0x25, 0xff, 0xd5, 0x82, 0x30, 0xff, 
0xde, 0x93, 0x38, 0xff, 0xe4, 0xa2, 0x41, 0xff, 0xe8, 0xac, 0x47, 0xff, 0xe7, 0xa8, 0x45, 0xff, 
0xe6, 0xa4, 0x42, 0xff, 0xe1, 0x9b, 0x3c, 0xff, 0xd5, 0x81, 0x2f, 0xff, 0xd4, 0x7f, 0x2e, 0xff, 
0xd7, 0x85, 0x30, 0xff, 0xd1, 0x7a, 0x2b, 0xff, 0xd2, 0x7a, 0x2b, 0xff, 0xcf, 0x77, 0x28, 0xff, 
0xd8, 0x86, 0x30, 0xff, 0xbe, 0x64, 0x21, 0xff, 0x9e, 0x44, 0x15, 0xff, 0xad, 0x52, 0x1a, 0xff, 
0xd2, 0x7a, 0x2a, 0xff, 0xce, 0x79, 0x2c, 0xff, 0xb2, 0x52, 0x19, 0xff, 0xca, 0x70, 0x26, 0xff, 
0xe0, 0x97, 0x39, 0xff, 0xdc, 0x93, 0x38, 0xff, 0xe7, 0xa7, 0x44, 0xff, 0xe3, 0x9f, 0x3f, 0xff, 
0xd0, 0x7e, 0x2e, 0xff, 0xd0, 0x78, 0x29, 0xff, 0xc2, 0x64, 0x20, 0xff, 0xc3, 0x66, 0x21, 0xff, 
0xdd, 0x8e, 0x34, 0xff, 0xdd, 0x8e, 0x34, 0xff, 0xcd, 0x73, 0x27, 0xff, 0xca, 0x72, 0x28, 0xff, 
0xd8, 0x89, 0x33, 0xff, 0xe1, 0x9a, 0x3c, 0xff, 0xe0, 0x99, 0x3c, 0xff, 0xe2, 0xa1, 0x41, 0xff, 
0xdc, 0x92, 0x38, 0xff, 0xd3, 0x80, 0x2f, 0xff, 0xd6, 0x88, 0x33, 0xff, 0xdd, 0x92, 0x37, 0xff, 
0xcc, 0x73, 0x27, 0xff, 0xc2, 0x61, 0x1e, 0xff, 0xcc, 0x70, 0x26, 0xff, 0xc7, 0x6b, 0x23, 0xff, 
0xbf, 0x61, 0x1f, 0xff, 0xca, 0x6e, 0x25, 0xff, 0xcc, 0x72, 0x26, 0xff, 0xcd, 0x73, 0x27, 0xff, 
0xd4, 0x7f, 0x2c, 0xff, 0xbd, 0x61, 0x1f, 0xff, 0xbc, 0x61, 0x20, 0xff, 0xd4, 0x7f, 0x2d, 0xff, 
0xd1, 0x78, 0x29, 0xff, 0xd8, 0x8b, 0x34, 0xff, 0xe9, 0xa9, 0x44, 0xff, 0xda, 0x89, 0x32, 0xff, 
0xcb, 0x6d, 0x23, 0xff, 0xb3, 0x56, 0x1c, 0xff, 0xc0, 0x62, 0x20, 0xff, 0xdc, 0x85, 0x2f, 0xff, 
0xd5, 0x81, 0x2e, 0xff, 0xc8, 0x6d, 0x24, 0xff, 0xc6, 0x6b, 0x24, 0xff, 0xc4, 0x66, 0x22, 0xff, 
0xbb, 0x61, 0x20, 0xff, 0x9e, 0x46, 0x17, 0xff, 0xb9, 0x5e, 0x1f, 0xff, 0xc7, 0x68, 0x23, 0xff, 
0xc3, 0x66, 0x21, 0xff, 0xca, 0x6f, 0x25, 0xff, 0xd2, 0x7b, 0x2b, 0xff, 0xe1, 0x93, 0x37, 0xff, 
0xdc, 0x8b, 0x32, 0xff, 0xbf, 0x64, 0x21, 0xff, 0xb0, 0x55, 0x1b, 0xff, 0x9c, 0x47, 0x17, 0xff, 
0x98, 0x47, 0x17, 0xff, 0x99, 0x47, 0x17, 0xff, 0x9e, 0x47, 0x17, 0xff, 0xb0, 0x56, 0x1c, 0xff, 
0xba, 0x60, 0x20, 0xff, 0xbf, 0x69, 0x25, 0xff, 0xd0, 0x86, 0x34, 0xff, 0xd5, 0x86, 0x31, 0xff, 
0xc4, 0x66, 0x21, 0xff, 0xc3, 0x66, 0x21, 0xff, 0xc4, 0x66, 0x21, 0xff, 0xce, 0x74, 0x26, 0xff, 
0xd5, 0x81, 0x2d, 0xff, 0xda, 0x8a, 0x32, 0xff, 0xd8, 0x8b, 0x33, 0xff, 0xdb, 0x8e, 0x35, 0xff, 
0xde, 0x90, 0x36, 0xff, 0xcb, 0x75, 0x29, 0xff, 0xc1, 0x64, 0x21, 0xff, 0xda, 0x8d, 0x34, 0xff, 
0xe5, 0xa4, 0x42, 0xff, 0xdd, 0x96, 0x3b, 0xff, 0xda, 0x8f, 0x36, 0xff, 0xd4, 0x84, 0x30, 0xff, 
0xda, 0x8e, 0x35, 0xff, 0xe1, 0x9a, 0x3c, 0xff, 0xe1, 0x9c, 0x3d, 0xff, 0xdd, 0x93, 0x38, 0xff, 
0xde, 0x95, 0x39, 0xff, 0xe7, 0xa7, 0x45, 0xff, 0xe9, 0xaf, 0x4a, 0xff, 0xe9, 0xae, 0x47, 0xff, 
0xde, 0x97, 0x3c, 0xff, 0xd9, 0x8e, 0x35, 0xff, 0xb6, 0x62, 0x22, 0xff, 0xa6, 0x4b, 0x17, 0xff, 
0xc1, 0x65, 0x21, 0xff, 0xac, 0x51, 0x1a, 0xff, 0xab, 0x51, 0x1a, 0xff, 0xa7, 0x4f, 0x19, 0xff, 
0xa7, 0x4f, 0x19, 0xff, 0x95, 0x46, 0x17, 0xff, 0x8e, 0x40, 0x15, 0xff, 0x8f, 0x3f, 0x14, 0xff, 
0x8c, 0x3f, 0x14, 0xff, 0x90, 0x42, 0x16, 0xff, 0x97, 0x45, 0x16, 0xff, 0x94, 0x43, 0x15, 0xff, 
0xa1, 0x4c, 0x18, 0xff, 0xb4, 0x5b, 0x1f, 0xff, 0xc1, 0x6a, 0x24, 0xff, 0xb9, 0x5e, 0x1e, 0xff, 
0xa3, 0x4a, 0x18, 0xff, 0xa8, 0x51, 0x1b, 0xff, 0xaa, 0x55, 0x1c, 0xff, 0x9f, 0x4a, 0x18, 0xff, 
0xab, 0x53, 0x1b, 0xff, 0xbb, 0x62, 0x21, 0xff, 0xc2, 0x64, 0x21, 0xff, 0xc9, 0x6f, 0x25, 0xff, 
0xc3, 0x6d, 0x25, 0xff, 0x98, 0x48, 0x17, 0xff, 0x93, 0x4b, 0x19, 0xff, 0xaf, 0x5d, 0x1f, 0xff, 
0xae, 0x59, 0x1e, 0xff, 0xb8, 0x62, 0x20, 0xff, 0xdf, 0x8c, 0x32, 0xff, 0xcc, 0x73, 0x29, 0xff, 
0xb6, 0x56, 0x1b, 0xff, 0xbf, 0x62, 0x20, 0xff, 0xcd, 0x70, 0x26, 0xff, 0xc1, 0x61, 0x20, 0xff, 
0xb9, 0x5b, 0x1d, 0xff, 0xb1, 0x59, 0x1e, 0xff, 0xb2, 0x58, 0x1d, 0xff, 0xbf, 0x63, 0x20, 0xff, 
0xb5, 0x5a, 0x1d, 0xff, 0xb3, 0x56, 0x1c, 0xff, 0xc1, 0x63, 0x20, 0xff, 0xcb, 0x70, 0x25, 0xff, 
0xc2, 0x68, 0x22, 0xff, 0xc2, 0x65, 0x21, 0xff, 0xcd, 0x73, 0x27, 0xff, 0xd1, 0x7c, 0x2b, 0xff, 
0xd8, 0x87, 0x31, 0xff, 0xd6, 0x80, 0x2d, 0xff, 0xc6, 0x67, 0x21, 0xff, 0xbc, 0x5e, 0x1e, 0xff, 
0xba, 0x5d, 0x1d, 0xff, 0xbe, 0x61, 0x1f, 0xff, 0xc1, 0x63, 0x20, 0xff, 0xc5, 0x66, 0x21, 0xff, 
0xcb, 0x71, 0x25, 0xff, 0xd5, 0x7d, 0x2c, 0xff, 0xc8, 0x6c, 0x24, 0xff, 0xc8, 0x6c, 0x24, 0xff, 
0xdb, 0x8a, 0x32, 0xff, 0xcf, 0x75, 0x27, 0xff, 0xd4, 0x80, 0x2e, 0xff, 0xd9, 0x89, 0x32, 0xff, 
0xd6, 0x84, 0x30, 0xff, 0xe0, 0x95, 0x38, 0xff, 0xd6, 0x83, 0x2e, 0xff, 0xcf, 0x76, 0x28, 0xff, 
0xd3, 0x7c, 0x2b, 0xff, 0xd2, 0x7b, 0x2a, 0xff, 0xc3, 0x66, 0x21, 0xff, 0xc8, 0x6c, 0x23, 0xff, 
0xc7, 0x6d, 0x25, 0xff, 0xb1, 0x5c, 0x1f, 0xff, 0xb0, 0x59, 0x1e, 0xff, 0xc2, 0x65, 0x21, 0xff, 
0xb4, 0x57, 0x1c, 0xff, 0xba, 0x5f, 0x20, 0xff, 0xd6, 0x87, 0x31, 0xff, 0xd6, 0x84, 0x30, 0xff, 
0xcd, 0x73, 0x27, 0xff, 0xd0, 0x77, 0x28, 0xff, 0xcd, 0x73, 0x26, 0xff, 0xcf, 0x77, 0x29, 0xff, 
0xd2, 0x7c, 0x2b, 0xff, 0xcc, 0x71, 0x26, 0xff, 0xcd, 0x74, 0x27, 0xff, 0xd5, 0x80, 0x2d, 0xff, 
0xd9, 0x89, 0x32, 0xff, 0xd7, 0x86, 0x30, 0xff, 0xe4, 0xa0, 0x40, 0xff, 0xeb, 0xb1, 0x4a, 0xff, 
0xde, 0x98, 0x3c, 0xff, 0xd1, 0x7a, 0x2b, 0xff, 0xd1, 0x78, 0x28, 0xff, 0xcd, 0x76, 0x28, 0xff, 
0xc5, 0x6c, 0x24, 0xff, 0xd3, 0x80, 0x2e, 0xff, 0xd4, 0x81, 0x2f, 0xff, 0xca, 0x73, 0x27, 0xff, 
0xc9, 0x6f, 0x25, 0xff, 0xd7, 0x87, 0x32, 0xff, 0xe8, 0xaa, 0x43, 0xff, 0xf9, 0xc8, 0x53, 0xff, 
0xed, 0xb2, 0x48, 0xff, 0xe6, 0xa6, 0x44, 0xff, 0xeb, 0xb1, 0x4a, 0xff, 0xde, 0x96, 0x3a, 0xff, 
0xd2, 0x80, 0x2e, 0xff, 0xd5, 0x86, 0x31, 0xff, 0xe8, 0xab, 0x47, 0xff, 0xe3, 0x9d, 0x3f, 0xff, 
0xd0, 0x77, 0x28, 0xff, 0xd1, 0x7d, 0x2b, 0xff, 0xda, 0x8e, 0x35, 0xff, 0xd6, 0x84, 0x30, 0xff, 
0xcd, 0x72, 0x25, 0xff, 0xcb, 0x70, 0x25, 0xff, 0xce, 0x78, 0x2b, 0xff, 0xce, 0x74, 0x27, 0xff, 
0xce, 0x72, 0x27, 0xff, 0xd2, 0x7a, 0x2b, 0xff, 0xd7, 0x87, 0x31, 0xff, 0xd7, 0x87, 0x30, 0xff, 
0xe7, 0xa7, 0x44, 0xff, 0xe1, 0x9b, 0x3d, 0xff, 0xca, 0x6e, 0x25, 0xff, 0xd5, 0x85, 0x30, 0xff, 
0xdb, 0x8d, 0x34, 0xff, 0xdc, 0x90, 0x37, 0xff, 0xdc, 0x8f, 0x35, 0xff, 0xd8, 0x86, 0x30, 0xff, 
0xd8, 0x88, 0x31, 0xff, 0xda, 0x8f, 0x36, 0xff, 0xd8, 0x89, 0x32, 0xff, 0xd5, 0x82, 0x2e, 0xff, 
0xd7, 0x84, 0x30, 0xff, 0xd9, 0x8a, 0x34, 0xff, 0xd9, 0x8b, 0x34, 0xff, 0xdc, 0x8f, 0x36, 0xff, 
0xdf, 0x97, 0x3a, 0xff, 0xda, 0x8e, 0x36, 0xff, 0xd4, 0x80, 0x2e, 0xff, 0xd4, 0x80, 0x2d, 0xff, 
0xde, 0x95, 0x39, 0xff, 0xed, 0xb4, 0x4c, 0xff, 0xea, 0xaf, 0x48, 0xff, 0xe5, 0xa2, 0x41, 0xff, 
0xe3, 0xa1, 0x40, 0xff, 0xd8, 0x89, 0x33, 0xff, 0xd2, 0x7c, 0x2b, 0xff, 0xd1, 0x79, 0x2a, 0xff, 
0xd3, 0x7e, 0x2c, 0xff, 0xd6, 0x84, 0x2f, 0xff, 0xd2, 0x7d, 0x2c, 0xff, 0xd8, 0x86, 0x31, 0xff, 
0xcd, 0x7a, 0x2b, 0xff, 0xc0, 0x69, 0x23, 0xff, 0x9d, 0x4a, 0x18, 0xff, 0x96, 0x3e, 0x13, 0xff, 
0xc0, 0x67, 0x23, 0xff, 0xc4, 0x6b, 0x25, 0xff, 0xbb, 0x5d, 0x1e, 0xff, 0xc6, 0x6a, 0x23, 0xff, 
0xda, 0x8c, 0x34, 0xff, 0xdc, 0x8f, 0x35, 0xff, 0xd5, 0x84, 0x30, 0xff, 0xcd, 0x74, 0x29, 0xff, 
0xc5, 0x67, 0x21, 0xff, 0xc9, 0x6f, 0x26, 0xff, 0xd4, 0x82, 0x2e, 0xff, 0xca, 0x72, 0x28, 0xff, 
0xd0, 0x7b, 0x2c, 0xff, 0xda, 0x8d, 0x34, 0xff, 0xdb, 0x8f, 0x34, 0xff, 0xcb, 0x72, 0x27, 0xff, 
0xd8, 0x87, 0x31, 0xff, 0xd5, 0x81, 0x2e, 0xff, 0xd0, 0x78, 0x29, 0xff, 0xd0, 0x78, 0x2a, 0xff, 
0xd5, 0x84, 0x30, 0xff, 0xcb, 0x73, 0x28, 0xff, 0xd7, 0x87, 0x31, 0xff, 0xd9, 0x89, 0x32, 0xff, 
0xd8, 0x88, 0x32, 0xff, 0xd4, 0x7f, 0x2d, 0xff, 0xcb, 0x70, 0x25, 0xff, 0xc4, 0x68, 0x21, 0xff, 
0xc5, 0x68, 0x22, 0xff, 0xc9, 0x6d, 0x24, 0xff, 0xc5, 0x67, 0x22, 0xff, 0xcd, 0x73, 0x27, 0xff, 
0xd8, 0x88, 0x31, 0xff, 0xd4, 0x81, 0x2e, 0xff, 0xd1, 0x7a, 0x2a, 0xff, 0xc9, 0x6e, 0x25, 0xff, 
0xcc, 0x71, 0x26, 0xff, 0xd1, 0x7a, 0x2b, 0xff, 0xd1, 0x7e, 0x2e, 0xff, 0xc5, 0x68, 0x22, 0xff, 
0xb9, 0x5a, 0x1c, 0xff, 0xb1, 0x54, 0x1b, 0xff, 0xbd, 0x61, 0x1f, 0xff, 0xc0, 0x64, 0x20, 0xff, 
0xbf, 0x63, 0x20, 0xff, 0xb6, 0x56, 0x1b, 0xff, 0xb1, 0x54, 0x1a, 0xff, 0xb4, 0x59, 0x1d, 0xff, 
0xce, 0x77, 0x2a, 0xff, 0xc1, 0x6c, 0x26, 0xff, 0xb6, 0x5c, 0x1f, 0xff, 0xb7, 0x5a, 0x1d, 0xff, 
0xb9, 0x5b, 0x1d, 0xff, 0xc3, 0x66, 0x21, 0xff, 0xc2, 0x65, 0x20, 0xff, 0xc4, 0x6f, 0x27, 0xff, 
0xbc, 0x63, 0x21, 0xff, 0xcd, 0x73, 0x27, 0xff, 0xd2, 0x7a, 0x2a, 0xff, 0xb0, 0x56, 0x1c, 0xff, 
0x9e, 0x4a, 0x18, 0xff, 0x98, 0x46, 0x17, 0xff, 0xa5, 0x4f, 0x1a, 0xff, 0xa9, 0x4e, 0x18, 0xff, 
0xbd, 0x64, 0x21, 0xff, 0xcd, 0x79, 0x2b, 0xff, 0xce, 0x79, 0x2a, 0xff, 0xdd, 0x93, 0x38, 0xff, 
0xd6, 0x87, 0x31, 0xff, 0xcb, 0x6f, 0x24, 0xff, 0xcb, 0x70, 0x25, 0xff, 0xd0, 0x77, 0x28, 0xff, 
0xd1, 0x7a, 0x2a, 0xff, 0xd5, 0x7f, 0x2d, 0xff, 0xd9, 0x88, 0x32, 0xff, 0xde, 0x93, 0x37, 0xff, 
0xd1, 0x7b, 0x2a, 0xff, 0xc3, 0x61, 0x1d, 0xff, 0xcf, 0x77, 0x29, 0xff, 0xdf, 0x98, 0x3a, 0xff, 
0xe0, 0x97, 0x38, 0xff, 0xd9, 0x8c, 0x35, 0xff, 0xde, 0x98, 0x3b, 0xff, 0xe6, 0xa3, 0x41, 0xff, 
0xde, 0x97, 0x3b, 0xff, 0xe2, 0x9b, 0x3b, 0xff, 0xe8, 0xa3, 0x41, 0xff, 0xd9, 0x8a, 0x32, 0xff, 
0xe3, 0x9c, 0x3d, 0xff, 0xe6, 0xa6, 0x44, 0xff, 0xe0, 0x9a, 0x3c, 0xff, 0xe4, 0xa3, 0x41, 0xff, 
0xed, 0xb4, 0x4c, 0xff, 0xdd, 0x99, 0x3c, 0xff, 0xad, 0x56, 0x1b, 0xff, 0xaf, 0x56, 0x1c, 0xff, 
0xa4, 0x4b, 0x17, 0xff, 0xae, 0x53, 0x1b, 0xff, 0xd5, 0x7b, 0x2b, 0xff, 0xb9, 0x63, 0x21, 0xff, 
0xb5, 0x5d, 0x1f, 0xff, 0xc8, 0x71, 0x27, 0xff, 0xb4, 0x5d, 0x1f, 0xff, 0x9b, 0x46, 0x16, 0xff, 
0x96, 0x45, 0x17, 0xff, 0x96, 0x45, 0x16, 0xff, 0x8e, 0x40, 0x15, 0xff, 0x88, 0x3e, 0x14, 0xff, 
0x92, 0x43, 0x16, 0xff, 0x92, 0x42, 0x15, 0xff, 0x7d, 0x38, 0x11, 0xff, 0x9f, 0x4d, 0x19, 0xff, 
0xaf, 0x54, 0x1c, 0xff, 0xa6, 0x52, 0x1c, 0xff, 0x8f, 0x43, 0x16, 0xff, 0x8d, 0x3f, 0x14, 0xff, 
0x9b, 0x47, 0x17, 0xff, 0xb3, 0x5d, 0x1f, 0xff, 0xa7, 0x50, 0x1b, 0xff, 0xb0, 0x55, 0x1c, 0xff, 
0xc5, 0x68, 0x23, 0xff, 0xb4, 0x5b, 0x1d, 0xff, 0x9a, 0x4a, 0x17, 0xff, 0x94, 0x48, 0x18, 0xff, 
0x8a, 0x3f, 0x15, 0xff, 0xa0, 0x4d, 0x18, 0xff, 0xc2, 0x72, 0x29, 0xff, 0xcd, 0x7d, 0x2d, 0xff, 
0xcb, 0x6e, 0x25, 0xff, 0xc5, 0x6a, 0x23, 0xff, 0xd2, 0x7b, 0x2b, 0xff, 0xd0, 0x76, 0x29, 0xff, 
0xbe, 0x63, 0x21, 0xff, 0xbd, 0x64, 0x21, 0xff, 0xc1, 0x67, 0x23, 0xff, 0xc9, 0x6c, 0x24, 0xff, 
0xc6, 0x6b, 0x24, 0xff, 0xb7, 0x5c, 0x1e, 0xff, 0xb8, 0x5a, 0x1d, 0xff, 0xc5, 0x68, 0x22, 0xff, 
0xc4, 0x67, 0x21, 0xff, 0xc1, 0x63, 0x20, 0xff, 0xce, 0x78, 0x2a, 0xff, 0xd1, 0x7c, 0x2c, 0xff, 
0xdc, 0x8e, 0x35, 0xff, 0xcb, 0x73, 0x27, 0xff, 0xc4, 0x68, 0x22, 0xff, 0xc4, 0x68, 0x23, 0xff, 
0xb9, 0x5c, 0x1d, 0xff, 0xbc, 0x5e, 0x1e, 0xff, 0xbf, 0x61, 0x1f, 0xff, 0xc6, 0x6b, 0x23, 0xff, 
0xcb, 0x70, 0x25, 0xff, 0xca, 0x6e, 0x25, 0xff, 0xc7, 0x6a, 0x23, 0xff, 0xc8, 0x6c, 0x24, 0xff, 
0xd2, 0x7d, 0x2c, 0xff, 0xcd, 0x74, 0x28, 0xff, 0xd6, 0x84, 0x2f, 0xff, 0xd8, 0x87, 0x32, 0xff, 
0xda, 0x8a, 0x33, 0xff, 0xd6, 0x83, 0x2e, 0xff, 0xc9, 0x6c, 0x22, 0xff, 0xcc, 0x71, 0x25, 0xff, 
0xd3, 0x7c, 0x2c, 0xff, 0xd1, 0x79, 0x29, 0xff, 0xc9, 0x6e, 0x24, 0xff, 0xc9, 0x6d, 0x24, 0xff, 
0xbe, 0x64, 0x22, 0xff, 0xcd, 0x75, 0x28, 0xff, 0xd9, 0x80, 0x2c, 0xff, 0xc6, 0x6a, 0x23, 0xff, 
0xbb, 0x60, 0x1f, 0xff, 0xbd, 0x62, 0x21, 0xff, 0xb9, 0x59, 0x1b, 0xff, 0xbc, 0x5a, 0x1b, 0xff, 
0xce, 0x76, 0x2a, 0xff, 0xd9, 0x87, 0x31, 0xff, 0xd6, 0x84, 0x2f, 0xff, 0xd4, 0x80, 0x2d, 0xff, 
0xd1, 0x7a, 0x2b, 0xff, 0xd1, 0x7a, 0x2a, 0xff, 0xd3, 0x7d, 0x2c, 0xff, 0xd4, 0x7c, 0x2c, 0xff, 
0xd5, 0x7e, 0x2c, 0xff, 0xe2, 0x9e, 0x3f, 0xff, 0xe3, 0xa1, 0x41, 0xff, 0xcf, 0x76, 0x28, 0xff, 
0xcf, 0x76, 0x28, 0xff, 0xde, 0x95, 0x39, 0xff, 0xd8, 0x85, 0x2f, 0xff, 0xb3, 0x53, 0x19, 0xff, 
0xba, 0x5d, 0x1e, 0xff, 0xe0, 0x97, 0x3a, 0xff, 0xde, 0x94, 0x39, 0xff, 0xd3, 0x7f, 0x2c, 0xff, 
0xd7, 0x88, 0x32, 0xff, 0xd3, 0x80, 0x2f, 0xff, 0xd8, 0x8a, 0x34, 0xff, 0xe6, 0xa4, 0x42, 0xff, 
0xe2, 0x9d, 0x3e, 0xff, 0xe2, 0x9d, 0x3e, 0xff, 0xe7, 0xaa, 0x45, 0xff, 0xe4, 0xa1, 0x40, 0xff, 
0xdf, 0x98, 0x3b, 0xff, 0xdb, 0x92, 0x38, 0xff, 0xe3, 0x9f, 0x40, 0xff, 0xd8, 0x87, 0x31, 0xff, 
0xcf, 0x75, 0x27, 0xff, 0xd4, 0x7f, 0x2d, 0xff, 0xda, 0x8a, 0x33, 0xff, 0xd2, 0x7c, 0x2b, 0xff, 
0xd2, 0x7b, 0x2b, 0xff, 0xd5, 0x80, 0x2d, 0xff, 0xd7, 0x87, 0x31, 0xff, 0xd6, 0x83, 0x2f, 0xff, 
0xd8, 0x85, 0x30, 0xff, 0xdb, 0x8e, 0x34, 0xff, 0xdd, 0x91, 0x36, 0xff, 0xdb, 0x8e, 0x35, 0xff, 
0xd7, 0x86, 0x31, 0xff, 0xd5, 0x83, 0x2e, 0xff, 0xd4, 0x7f, 0x2d, 0xff, 0xdd, 0x93, 0x38, 0xff, 
0xdd, 0x91, 0x37, 0xff, 0xe0, 0x98, 0x3b, 0xff, 0xe0, 0x9a, 0x3b, 0xff, 0xe7, 0xa8, 0x45, 0xff, 
0xe2, 0x9d, 0x3e, 0xff, 0xd8, 0x89, 0x32, 0xff, 0xd3, 0x81, 0x2e, 0xff, 0xd1, 0x7c, 0x2c, 0xff, 
0xd6, 0x86, 0x30, 0xff, 0xdb, 0x8b, 0x33, 0xff, 0xe6, 0xa0, 0x3e, 0xff, 0xe0, 0x95, 0x39, 0xff, 
0xd6, 0x85, 0x30, 0xff, 0xd0, 0x77, 0x29, 0xff, 0xd5, 0x82, 0x2f, 0xff, 0xe3, 0x9e, 0x3e, 0xff, 
0xe7, 0xa8, 0x45, 0xff, 0xed, 0xb6, 0x4d, 0xff, 0xdf, 0x96, 0x3a, 0xff, 0xd7, 0x84, 0x2f, 0xff, 
0xda, 0x8e, 0x34, 0xff, 0xd0, 0x78, 0x29, 0xff, 0xcf, 0x76, 0x28, 0xff, 0xc9, 0x6e, 0x24, 0xff, 
0xd0, 0x77, 0x29, 0xff, 0xd3, 0x7e, 0x2c, 0xff, 0xdd, 0x91, 0x36, 0xff, 0xe0, 0x98, 0x3b, 0xff, 
0xd9, 0x89, 0x33, 0xff, 0xd0, 0x78, 0x29, 0xff, 0xcc, 0x74, 0x28, 0xff, 0xc0, 0x67, 0x23, 0xff, 
0xba, 0x5b, 0x1c, 0xff, 0xc0, 0x63, 0x20, 0xff, 0xcc, 0x72, 0x27, 0xff, 0xd2, 0x7b, 0x2b, 0xff, 
0xc8, 0x6a, 0x22, 0xff, 0xda, 0x8a, 0x32, 0xff, 0xd3, 0x7d, 0x2c, 0xff, 0xc0, 0x5d, 0x1c, 0xff, 
0xc3, 0x66, 0x21, 0xff, 0xc8, 0x6d, 0x24, 0xff, 0xc7, 0x6d, 0x26, 0xff, 0xc3, 0x68, 0x23, 0xff, 
0xc5, 0x69, 0x22, 0xff, 0xcd, 0x75, 0x27, 0xff, 0xcd, 0x76, 0x29, 0xff, 0xd6, 0x82, 0x2e, 0xff, 
0xcd, 0x78, 0x2b, 0xff, 0xcf, 0x79, 0x29, 0xff, 0xd5, 0x84, 0x2f, 0xff, 0xd8, 0x88, 0x31, 0xff, 
0xd9, 0x88, 0x30, 0xff, 0xda, 0x8a, 0x33, 0xff, 0xc8, 0x71, 0x27, 0xff, 0xc3, 0x67, 0x22, 0xff, 
0xdd, 0x92, 0x37, 0xff, 0xdb, 0x8f, 0x34, 0xff, 0xc8, 0x6c, 0x23, 0xff, 0xc2, 0x64, 0x1f, 0xff, 
0xc6, 0x69, 0x23, 0xff, 0xc1, 0x63, 0x20, 0xff, 0xbe, 0x60, 0x1f, 0xff, 0xd0, 0x7b, 0x2b, 0xff, 
0xcf, 0x79, 0x2b, 0xff, 0xc9, 0x70, 0x26, 0xff, 0xc5, 0x69, 0x22, 0xff, 0xbf, 0x5f, 0x1e, 0xff, 
0xc6, 0x69, 0x22, 0xff, 0xd2, 0x7a, 0x2a, 0xff, 0xc6, 0x67, 0x20, 0xff, 0xab, 0x4f, 0x18, 0xff, 
0x9a, 0x47, 0x18, 0xff, 0xb0, 0x56, 0x1c, 0xff, 0xc4, 0x68, 0x22, 0xff, 0xbd, 0x5f, 0x1e, 0xff, 
0xbc, 0x5f, 0x1e, 0xff, 0xb2, 0x57, 0x1d, 0xff, 0xac, 0x51, 0x1a, 0xff, 0xab, 0x50, 0x19, 0xff, 
0xb8, 0x5d, 0x20, 0xff, 0xcb, 0x71, 0x27, 0xff, 0xbc, 0x61, 0x1f, 0xff, 0xb3, 0x58, 0x1c, 0xff, 
0xb8, 0x5e, 0x1f, 0xff, 0xbb, 0x60, 0x20, 0xff, 0xbd, 0x5f, 0x1f, 0xff, 0xb0, 0x52, 0x1a, 0xff, 
0xb8, 0x59, 0x1b, 0xff, 0xbf, 0x61, 0x20, 0xff, 0xc3, 0x66, 0x23, 0xff, 0xb7, 0x5d, 0x1e, 0xff, 
0xb0, 0x55, 0x1b, 0xff, 0xb3, 0x56, 0x1c, 0xff, 0xb2, 0x57, 0x1c, 0xff, 0xb9, 0x5d, 0x1d, 0xff, 
0xc5, 0x6b, 0x24, 0xff, 0xce, 0x7b, 0x2b, 0xff, 0xcd, 0x78, 0x2a, 0xff, 0xe0, 0x99, 0x3c, 0xff, 
0xe1, 0x9b, 0x3c, 0xff, 0xd9, 0x87, 0x30, 0xff, 0xd9, 0x8b, 0x33, 0xff, 0xd5, 0x84, 0x2f, 0xff, 
0xd6, 0x83, 0x2f, 0xff, 0xd1, 0x79, 0x2a, 0xff, 0xd5, 0x82, 0x2e, 0xff, 0xd7, 0x86, 0x31, 0xff, 
0xd4, 0x81, 0x2e, 0xff, 0xcb, 0x6f, 0x24, 0xff, 0xd2, 0x7f, 0x2c, 0xff, 0xd6, 0x89, 0x33, 0xff, 
0xc4, 0x71, 0x27, 0xff, 0xdd, 0x92, 0x37, 0xff, 0xe5, 0xa3, 0x42, 0xff, 0xea, 0xaf, 0x49, 0xff, 
0xe8, 0xa9, 0x44, 0xff, 0xd2, 0x86, 0x32, 0xff, 0xbb, 0x69, 0x25, 0xff, 0xb8, 0x60, 0x20, 0xff, 
0xcf, 0x7e, 0x2e, 0xff, 0xe3, 0x9e, 0x3d, 0xff, 0xe3, 0xa0, 0x40, 0xff, 0xe6, 0xa8, 0x45, 0xff, 
0xe9, 0xad, 0x48, 0xff, 0xdf, 0x98, 0x3b, 0xff, 0xd7, 0x89, 0x32, 0xff, 0xc7, 0x70, 0x26, 0xff, 
0xb5, 0x5f, 0x21, 0xff, 0xc4, 0x74, 0x2b, 0xff, 0xce, 0x77, 0x29, 0xff, 0xc1, 0x6a, 0x24, 0xff, 
0xb7, 0x61, 0x21, 0xff, 0xa7, 0x53, 0x1c, 0xff, 0x95, 0x48, 0x17, 0xff, 0x8a, 0x3e, 0x14, 0xff, 
0x9b, 0x48, 0x18, 0xff, 0xab, 0x53, 0x1b, 0xff, 0xa1, 0x4f, 0x1a, 0xff, 0x8b, 0x3f, 0x15, 0xff, 
0x8c, 0x3d, 0x12, 0xff, 0xa1, 0x4f, 0x19, 0xff, 0x9e, 0x4d, 0x19, 0xff, 0xa4, 0x4e, 0x1a, 0xff, 
0xcf, 0x79, 0x2b, 0xff, 0xb2, 0x5d, 0x20, 0xff, 0x94, 0x41, 0x15, 0xff, 0xa0, 0x4c, 0x19, 0xff, 
0x96, 0x46, 0x17, 0xff, 0x8f, 0x3d, 0x13, 0xff, 0xa6, 0x4f, 0x1a, 0xff, 0xac, 0x51, 0x1a, 0xff, 
0xa9, 0x4b, 0x17, 0xff, 0xb4, 0x5a, 0x1d, 0xff, 0xce, 0x72, 0x27, 0xff, 0xae, 0x58, 0x1c, 0xff, 
0x9a, 0x48, 0x17, 0xff, 0xca, 0x73, 0x28, 0xff, 0xc4, 0x6d, 0x24, 0xff, 0xb8, 0x60, 0x20, 0xff, 
0xdb, 0x87, 0x30, 0xff, 0xcf, 0x78, 0x2a, 0xff, 0xc0, 0x62, 0x20, 0xff, 0xbf, 0x67, 0x23, 0xff, 
0xb6, 0x5e, 0x20, 0xff, 0xc6, 0x68, 0x22, 0xff, 0xcd, 0x70, 0x26, 0xff, 0xb3, 0x5c, 0x1e, 0xff, 
0xb8, 0x5d, 0x1f, 0xff, 0xce, 0x75, 0x29, 0xff, 0xcc, 0x77, 0x2a, 0xff, 0xcb, 0x72, 0x27, 0xff, 
0xcd, 0x71, 0x27, 0xff, 0xce, 0x78, 0x2a, 0xff, 0xd7, 0x89, 0x32, 0xff, 0xd0, 0x7a, 0x2b, 0xff, 
0xbe, 0x5f, 0x1e, 0xff, 0xcc, 0x77, 0x29, 0xff, 0xc9, 0x71, 0x27, 0xff, 0xbc, 0x5c, 0x1c, 0xff, 
0xba, 0x5d, 0x1e, 0xff, 0xbc, 0x5e, 0x1e, 0xff, 0xbc, 0x5e, 0x1e, 0xff, 0xbf, 0x62, 0x1f, 0xff, 
0xc2, 0x64, 0x21, 0xff, 0xc3, 0x65, 0x21, 0xff, 0xc8, 0x6c, 0x24, 0xff, 0xc8, 0x6b, 0x24, 0xff, 
0xc3, 0x64, 0x21, 0xff, 0xc7, 0x6a, 0x22, 0xff, 0xd7, 0x85, 0x30, 0xff, 0xde, 0x91, 0x37, 0xff, 
0xcf, 0x75, 0x27, 0xff, 0xc6, 0x68, 0x21, 0xff, 0xc9, 0x6e, 0x24, 0xff, 0xcc, 0x72, 0x25, 0xff, 
0xcf, 0x75, 0x28, 0xff, 0xd0, 0x76, 0x28, 0xff, 0xd3, 0x7c, 0x2b, 0xff, 0xc5, 0x6b, 0x25, 0xff, 
0xc4, 0x69, 0x23, 0xff, 0xcc, 0x71, 0x25, 0xff, 0xca, 0x70, 0x26, 0xff, 0xc2, 0x65, 0x22, 0xff, 
0xba, 0x5c, 0x1d, 0xff, 0xdc, 0x8b, 0x32, 0xff, 0xd6, 0x84, 0x30, 0xff, 0xba, 0x5a, 0x1d, 0xff, 
0xbf, 0x61, 0x1f, 0xff, 0xcc, 0x71, 0x26, 0xff, 0xcd, 0x75, 0x29, 0xff, 0xce, 0x76, 0x27, 0xff, 
0xd1, 0x7a, 0x29, 0xff, 0xdd, 0x90, 0x36, 0xff, 0xd7, 0x85, 0x30, 0xff, 0xd3, 0x7d, 0x2c, 0xff, 
0xd8, 0x88, 0x31, 0xff, 0xe4, 0xa2, 0x41, 0xff, 0xd8, 0x87, 0x32, 0xff, 0xd0, 0x78, 0x29, 0xff, 
0xe1, 0x9d, 0x3f, 0xff, 0xe7, 0xa8, 0x44, 0xff, 0xdb, 0x8e, 0x34, 0xff, 0xca, 0x70, 0x25, 0xff, 
0xd5, 0x81, 0x2e, 0xff, 0xd9, 0x8b, 0x33, 0xff, 0xcb, 0x72, 0x26, 0xff, 0xd9, 0x8a, 0x33, 0xff, 
0xdd, 0x94, 0x39, 0xff, 0xd7, 0x87, 0x32, 0xff, 0xd5, 0x83, 0x2f, 0xff, 0xd4, 0x82, 0x2f, 0xff, 
0xe2, 0x9c, 0x3d, 0xff, 0xdd, 0x95, 0x39, 0xff, 0xdc, 0x90, 0x37, 0xff, 0xe0, 0x9a, 0x3c, 0xff, 
0xdb, 0x92, 0x38, 0xff, 0xda, 0x8d, 0x35, 0xff, 0xdc, 0x91, 0x36, 0xff, 0xda, 0x8c, 0x34, 0xff, 
0xd2, 0x79, 0x2a, 0xff, 0xce, 0x73, 0x26, 0xff, 0xcd, 0x73, 0x26, 0xff, 0xcd, 0x73, 0x26, 0xff, 
0xd0, 0x78, 0x29, 0xff, 0xdb, 0x8e, 0x35, 0xff, 0xd5, 0x81, 0x2e, 0xff, 0xd7, 0x85, 0x30, 0xff, 
0xde, 0x94, 0x37, 0xff, 0xdb, 0x8d, 0x34, 0xff, 0xd6, 0x81, 0x2e, 0xff, 0xd4, 0x7e, 0x2c, 0xff, 
0xd0, 0x79, 0x2a, 0xff, 0xd6, 0x84, 0x2f, 0xff, 0xdd, 0x92, 0x37, 0xff, 0xd8, 0x89, 0x32, 0xff, 
0xd4, 0x81, 0x2d, 0xff, 0xda, 0x8b, 0x33, 0xff, 0xdc, 0x90, 0x36, 0xff, 0xe7, 0xa8, 0x45, 0xff, 
0xe8, 0xaa, 0x46, 0xff, 0xde, 0x92, 0x37, 0xff, 0xd2, 0x7d, 0x2c, 0xff, 0xd0, 0x7b, 0x2b, 0xff, 
0xd5, 0x80, 0x2d, 0xff, 0xd0, 0x78, 0x29, 0xff, 0xc2, 0x6a, 0x24, 0xff, 0xc2, 0x67, 0x23, 0xff, 
0xcf, 0x77, 0x28, 0xff, 0xd5, 0x82, 0x2d, 0xff, 0xe5, 0xa3, 0x41, 0xff, 0xe8, 0xaa, 0x45, 0xff, 
0xe0, 0x98, 0x3b, 0xff, 0xe7, 0xa9, 0x45, 0xff, 0xdd, 0x92, 0x38, 0xff, 0xd2, 0x7c, 0x2b, 0xff, 
0xd4, 0x7f, 0x2d, 0xff, 0xd3, 0x7d, 0x2b, 0xff, 0xcd, 0x74, 0x27, 0xff, 0xc7, 0x69, 0x22, 0xff, 
0xce, 0x75, 0x27, 0xff, 0xd4, 0x81, 0x2e, 0xff, 0xd7, 0x85, 0x30, 0xff, 0xce, 0x77, 0x2a, 0xff, 
0xce, 0x76, 0x29, 0xff, 0xd2, 0x7b, 0x2b, 0xff, 0xd7, 0x80, 0x2e, 0xff, 0xe1, 0x91, 0x36, 0xff, 
0xd4, 0x81, 0x2e, 0xff, 0xc1, 0x62, 0x1f, 0xff, 0xc1, 0x64, 0x20, 0xff, 0xd2, 0x79, 0x2a, 0xff, 
0xce, 0x75, 0x28, 0xff, 0xd3, 0x7f, 0x2d, 0xff, 0xde, 0x90, 0x35, 0xff, 0xce, 0x75, 0x28, 0xff, 
0xc5, 0x67, 0x20, 0xff, 0xc8, 0x6a, 0x22, 0xff, 0xc2, 0x63, 0x20, 0xff, 0xcb, 0x73, 0x28, 0xff, 
0xcf, 0x79, 0x2a, 0xff, 0xce, 0x77, 0x29, 0xff, 0xcb, 0x76, 0x29, 0xff, 0xce, 0x7f, 0x2f, 0xff, 
0xc1, 0x65, 0x21, 0xff, 0xc4, 0x67, 0x22, 0xff, 0xc0, 0x63, 0x20, 0xff, 0xca, 0x71, 0x26, 0xff, 
0xd1, 0x7c, 0x2b, 0xff, 0xd6, 0x87, 0x31, 0xff, 0xd9, 0x8f, 0x38, 0xff, 0xdb, 0x93, 0x3a, 0xff, 
0xd8, 0x85, 0x30, 0xff, 0xda, 0x88, 0x30, 0xff, 0xcb, 0x73, 0x26, 0xff, 0xb5, 0x54, 0x1b, 0xff, 
0xbe, 0x61, 0x20, 0xff, 0xc7, 0x6c, 0x23, 0xff, 0xc6, 0x6c, 0x24, 0xff, 0xc2, 0x68, 0x22, 0xff, 
0xb7, 0x58, 0x1c, 0xff, 0xbf, 0x62, 0x20, 0xff, 0xc4, 0x67, 0x21, 0xff, 0xc5, 0x6a, 0x23, 0xff, 
0xcb, 0x6f, 0x25, 0xff, 0xcd, 0x73, 0x27, 0xff, 0xc6, 0x6b, 0x24, 0xff, 0xb9, 0x5c, 0x1d, 0xff, 
0xab, 0x51, 0x1a, 0xff, 0xaa, 0x4f, 0x1a, 0xff, 0xc2, 0x65, 0x21, 0xff, 0xbd, 0x60, 0x1f, 0xff, 
0xb5, 0x58, 0x1c, 0xff, 0xad, 0x54, 0x1c, 0xff, 0x9a, 0x46, 0x17, 0xff, 0xa8, 0x4f, 0x1a, 0xff, 
0xb3, 0x54, 0x1a, 0xff, 0xc3, 0x69, 0x23, 0xff, 0xc5, 0x6b, 0x24, 0xff, 0xbd, 0x60, 0x1f, 0xff, 
0xbd, 0x61, 0x1f, 0xff, 0xb9, 0x5d, 0x1d, 0xff, 0xbc, 0x5f, 0x1f, 0xff, 0xb9, 0x5b, 0x1d, 0xff, 
0xc9, 0x6f, 0x25, 0xff, 0xc0, 0x64, 0x22, 0xff, 0xa2, 0x48, 0x17, 0xff, 0x9a, 0x47, 0x17, 0xff, 
0xaf, 0x55, 0x1b, 0xff, 0xb2, 0x57, 0x1c, 0xff, 0xae, 0x55, 0x1c, 0xff, 0xc7, 0x6b, 0x24, 0xff, 
0xb3, 0x54, 0x1a, 0xff, 0xbd, 0x64, 0x21, 0xff, 0xe6, 0xa0, 0x3f, 0xff, 0xe3, 0x9e, 0x3e, 0xff, 
0xd6, 0x85, 0x32, 0xff, 0xc6, 0x6b, 0x25, 0xff, 0xcd, 0x7a, 0x2c, 0xff, 0xd6, 0x88, 0x32, 0xff, 
0xcd, 0x76, 0x28, 0xff, 0xc8, 0x6e, 0x24, 0xff, 0xd6, 0x84, 0x2f, 0xff, 0xdb, 0x90, 0x35, 0xff, 
0xda, 0x8b, 0x33, 0xff, 0xd2, 0x7a, 0x2a, 0xff, 0xd5, 0x82, 0x2f, 0xff, 0xc3, 0x6b, 0x24, 0xff, 
0xaf, 0x55, 0x1b, 0xff, 0xcf, 0x80, 0x2f, 0xff, 0xde, 0x93, 0x38, 0xff, 0xe0, 0x96, 0x3a, 0xff, 
0xde, 0x8f, 0x34, 0xff, 0xb1, 0x57, 0x1c, 0xff, 0x9f, 0x47, 0x16, 0xff, 0xaf, 0x54, 0x1a, 0xff, 
0xc5, 0x70, 0x27, 0xff, 0xe1, 0x9a, 0x3b, 0xff, 0xeb, 0xb0, 0x49, 0xff, 0xe9, 0xab, 0x46, 0xff, 
0xdf, 0x91, 0x36, 0xff, 0xd8, 0x86, 0x30, 0xff, 0xcc, 0x75, 0x29, 0xff, 0xcb, 0x73, 0x27, 0xff, 
0xca, 0x76, 0x2a, 0xff, 0xc2, 0x6b, 0x25, 0xff, 0xbc, 0x5e, 0x1e, 0xff, 0xb2, 0x56, 0x1c, 0xff, 
0x9f, 0x49, 0x18, 0xff, 0x97, 0x43, 0x15, 0xff, 0x9c, 0x48, 0x18, 0xff, 0x9c, 0x49, 0x19, 0xff, 
0x8a, 0x3c, 0x13, 0xff, 0x99, 0x48, 0x17, 0xff, 0xd0, 0x78, 0x2a, 0xff, 0xb2, 0x61, 0x22, 0xff, 
0xa2, 0x51, 0x1b, 0xff, 0x9d, 0x4b, 0x19, 0xff, 0xaf, 0x55, 0x1c, 0xff, 0xa8, 0x4e, 0x19, 0xff, 
0xc8, 0x76, 0x2a, 0xff, 0xcb, 0x72, 0x27, 0xff, 0xba, 0x5b, 0x1d, 0xff, 0xaf, 0x56, 0x1c, 0xff, 
0xac, 0x55, 0x1c, 0xff, 0xaa, 0x53, 0x1b, 0xff, 0xb6, 0x5e, 0x1f, 0xff, 0xbb, 0x63, 0x21, 0xff, 
0xc6, 0x71, 0x28, 0xff, 0xc1, 0x67, 0x23, 0xff, 0xbb, 0x5c, 0x1d, 0xff, 0xbe, 0x60, 0x1f, 0xff, 
0xc1, 0x61, 0x1f, 0xff, 0xc2, 0x65, 0x22, 0xff, 0xc7, 0x6b, 0x24, 0xff, 0xc1, 0x64, 0x21, 0xff, 
0xc2, 0x69, 0x24, 0xff, 0xd1, 0x7a, 0x2a, 0xff, 0xbf, 0x66, 0x22, 0xff, 0xba, 0x62, 0x21, 0xff, 
0xbf, 0x63, 0x20, 0xff, 0xa9, 0x53, 0x1b, 0xff, 0x86, 0x3d, 0x14, 0xff, 0x96, 0x45, 0x16, 0xff, 
0xa7, 0x4d, 0x19, 0xff, 0xb8, 0x5e, 0x1f, 0xff, 0xd6, 0x82, 0x2e, 0xff, 0xce, 0x79, 0x29, 0xff, 
0xd1, 0x7c, 0x2c, 0xff, 0xd5, 0x80, 0x2e, 0xff, 0xc3, 0x66, 0x20, 0xff, 0xbe, 0x64, 0x21, 0xff, 
0xb6, 0x55, 0x1a, 0xff, 0xe1, 0x95, 0x39, 0xff, 0xe5, 0xa1, 0x3f, 0xff, 0xba, 0x5b, 0x1c, 0xff, 
0xb7, 0x58, 0x1c, 0xff, 0xba, 0x5c, 0x1d, 0xff, 0xbf, 0x62, 0x1f, 0xff, 0xc2, 0x65, 0x20, 0xff, 
0xbd, 0x5f, 0x1e, 0xff, 0xc1, 0x63, 0x1f, 0xff, 0xc8, 0x6d, 0x24, 0xff, 0xc9, 0x6d, 0x24, 0xff, 
0xc2, 0x65, 0x21, 0xff, 0xc4, 0x66, 0x22, 0xff, 0xc3, 0x63, 0x1f, 0xff, 0xd6, 0x85, 0x2f, 0xff, 
0xd7, 0x86, 0x30, 0xff, 0xc6, 0x66, 0x21, 0xff, 0xc3, 0x64, 0x20, 0xff, 0xcd, 0x74, 0x27, 0xff, 
0xd1, 0x7a, 0x2a, 0xff, 0xce, 0x74, 0x27, 0xff, 0xd3, 0x7c, 0x2b, 0xff, 0xd3, 0x7d, 0x2b, 0xff, 
0xcc, 0x71, 0x26, 0xff, 0xbf, 0x61, 0x1f, 0xff, 0xc1, 0x66, 0x22, 0xff, 0xcf, 0x74, 0x27, 0xff, 
0xcb, 0x71, 0x26, 0xff, 0xc8, 0x6e, 0x24, 0xff, 0xd1, 0x7d, 0x2c, 0xff, 0xd6, 0x87, 0x31, 0xff, 
0xcf, 0x7a, 0x2b, 0xff, 0xca, 0x6e, 0x25, 0xff, 0xc6, 0x69, 0x23, 0xff, 0xc9, 0x6d, 0x24, 0xff, 
0xcb, 0x6f, 0x24, 0xff, 0xd7, 0x85, 0x31, 0xff, 0xdc, 0x8f, 0x35, 0xff, 0xd6, 0x83, 0x30, 0xff, 
0xd6, 0x83, 0x2f, 0xff, 0xd9, 0x89, 0x31, 0xff, 0xdc, 0x8f, 0x35, 0xff, 0xd9, 0x88, 0x32, 0xff, 
0xe2, 0x9e, 0x3f, 0xff, 0xe4, 0xa2, 0x41, 0xff, 0xdb, 0x8e, 0x34, 0xff, 0xdb, 0x8a, 0x32, 0xff, 
0xd8, 0x86, 0x30, 0xff, 0xd0, 0x78, 0x29, 0xff, 0xcb, 0x6f, 0x25, 0xff, 0xd1, 0x7d, 0x2d, 0xff, 
0xcb, 0x72, 0x27, 0xff, 0xc3, 0x64, 0x20, 0xff, 0xc5, 0x68, 0x21, 0xff, 0xca, 0x75, 0x29, 0xff, 
0xc6, 0x6e, 0x26, 0xff, 0xd7, 0x88, 0x33, 0xff, 0xdb, 0x8d, 0x34, 0xff, 0xda, 0x8c, 0x33, 0xff, 
0xd1, 0x7b, 0x2b, 0xff, 0xd5, 0x81, 0x2f, 0xff, 0xdd, 0x92, 0x37, 0xff, 0xdc, 0x91, 0x36, 0xff, 
0xd8, 0x85, 0x30, 0xff, 0xd5, 0x80, 0x2d, 0xff, 0xcd, 0x73, 0x26, 0xff, 0xce, 0x75, 0x27, 0xff, 
0xd0, 0x7b, 0x2a, 0xff, 0xd9, 0x8c, 0x35, 0xff, 0xdd, 0x92, 0x37, 0xff, 0xd8, 0x87, 0x31, 0xff, 
0xd5, 0x81, 0x2e, 0xff, 0xcd, 0x72, 0x26, 0xff, 0xcc, 0x72, 0x26, 0xff, 0xce, 0x74, 0x26, 0xff, 
0xd4, 0x7d, 0x2b, 0xff, 0xdd, 0x90, 0x36, 0xff, 0xd9, 0x89, 0x32, 0xff, 0xd5, 0x81, 0x2e, 0xff, 
0xd3, 0x7d, 0x2c, 0xff, 0xd3, 0x7e, 0x2c, 0xff, 0xdb, 0x8c, 0x34, 0xff, 0xe3, 0xa0, 0x3f, 0xff, 
0xde, 0x96, 0x3a, 0xff, 0xdc, 0x8f, 0x36, 0xff, 0xdd, 0x92, 0x37, 0xff, 0xdd, 0x94, 0x38, 0xff, 
0xd6, 0x83, 0x2f, 0xff, 0xc6, 0x6a, 0x23, 0xff, 0xb5, 0x58, 0x1c, 0xff, 0xbc, 0x62, 0x21, 0xff, 
0xcb, 0x71, 0x26, 0xff, 0xd6, 0x84, 0x30, 0xff, 0xdb, 0x90, 0x37, 0xff, 0xdc, 0x92, 0x38, 0xff, 
0xe0, 0x98, 0x3b, 0xff, 0xdf, 0x97, 0x3b, 0xff, 0xda, 0x8d, 0x35, 0xff, 0xcd, 0x73, 0x26, 0xff, 
0xcd, 0x75, 0x29, 0xff, 0xd1, 0x7a, 0x2b, 0xff, 0xcd, 0x73, 0x27, 0xff, 0xd2, 0x7c, 0x2b, 0xff, 
0xd6, 0x84, 0x2f, 0xff, 0xd5, 0x81, 0x2e, 0xff, 0xd0, 0x7a, 0x2b, 0xff, 0xce, 0x75, 0x28, 0xff, 
0xd4, 0x7f, 0x2c, 0xff, 0xdc, 0x92, 0x37, 0xff, 0xde, 0x94, 0x39, 0xff, 0xdb, 0x8f, 0x36, 0xff, 
0xe0, 0x96, 0x39, 0xff, 0xd3, 0x7f, 0x2d, 0xff, 0xc6, 0x69, 0x22, 0xff, 0xce, 0x72, 0x26, 0xff, 
0xcc, 0x76, 0x29, 0xff, 0xb6, 0x56, 0x1b, 0xff, 0xcf, 0x78, 0x2b, 0xff, 0xd6, 0x80, 0x2e, 0xff, 
0xc2, 0x60, 0x1e, 0xff, 0xc4, 0x66, 0x22, 0xff, 0xc6, 0x73, 0x29, 0xff, 0xbd, 0x73, 0x2b, 0xff, 
0xb4, 0x5d, 0x20, 0xff, 0xb7, 0x5a, 0x1d, 0xff, 0xb5, 0x5b, 0x1e, 0xff, 0xb6, 0x5a, 0x1e, 0xff, 
0xca, 0x6e, 0x25, 0xff, 0xc9, 0x6e, 0x24, 0xff, 0xca, 0x6e, 0x25, 0xff, 0xc5, 0x67, 0x21, 0xff, 
0xc7, 0x6a, 0x23, 0xff, 0xcf, 0x77, 0x28, 0xff, 0xd4, 0x81, 0x2e, 0xff, 0xd1, 0x7e, 0x2e, 0xff, 
0xbd, 0x63, 0x21, 0xff, 0xc7, 0x6e, 0x26, 0xff, 0xd1, 0x7b, 0x2b, 0xff, 0xc5, 0x6c, 0x25, 0xff, 
0xcc, 0x74, 0x28, 0xff, 0xd6, 0x80, 0x2b, 0xff, 0xd0, 0x77, 0x28, 0xff, 0xc1, 0x62, 0x20, 0xff, 
0xbb, 0x5f, 0x1f, 0xff, 0xb9, 0x5b, 0x1e, 0xff, 0xbb, 0x5d, 0x1e, 0xff, 0xc5, 0x69, 0x22, 0xff, 
0xd2, 0x79, 0x29, 0xff, 0xc3, 0x63, 0x20, 0xff, 0xb6, 0x58, 0x1c, 0xff, 0xb7, 0x5b, 0x1d, 0xff, 
0xaa, 0x4f, 0x1a, 0xff, 0xa9, 0x50, 0x1b, 0xff, 0xae, 0x52, 0x1b, 0xff, 0xa7, 0x4d, 0x19, 0xff, 
0xad, 0x52, 0x1b, 0xff, 0xb7, 0x5a, 0x1d, 0xff, 0xaa, 0x50, 0x1a, 0xff, 0xaa, 0x51, 0x1b, 0xff, 
0xb1, 0x54, 0x1a, 0xff, 0xba, 0x5e, 0x1f, 0xff, 0xdf, 0x8f, 0x35, 0xff, 0xca, 0x6e, 0x24, 0xff, 
0xb5, 0x56, 0x1b, 0xff, 0xbd, 0x5f, 0x1d, 0xff, 0xb4, 0x57, 0x1c, 0xff, 0xb8, 0x5b, 0x1d, 0xff, 
0xb4, 0x5a, 0x1d, 0xff, 0xa8, 0x51, 0x1a, 0xff, 0xa3, 0x4c, 0x19, 0xff, 0xa0, 0x4b, 0x18, 0xff, 
0xa8, 0x52, 0x1b, 0xff, 0xa8, 0x53, 0x1b, 0xff, 0xa7, 0x50, 0x1a, 0xff, 0xb8, 0x5b, 0x1e, 0xff, 
0xb3, 0x56, 0x1c, 0xff, 0xb5, 0x58, 0x1d, 0xff, 0xc5, 0x69, 0x23, 0xff, 0xc6, 0x6b, 0x23, 0xff, 
0xc1, 0x64, 0x20, 0xff, 0xb2, 0x51, 0x19, 0xff, 0xbf, 0x63, 0x21, 0xff, 0xcf, 0x79, 0x29, 0xff, 
0xcc, 0x75, 0x28, 0xff, 0xc4, 0x66, 0x21, 0xff, 0xcf, 0x76, 0x28, 0xff, 0xd9, 0x88, 0x31, 0xff, 
0xcc, 0x75, 0x28, 0xff, 0xc0, 0x63, 0x1f, 0xff, 0xcb, 0x71, 0x26, 0xff, 0xd9, 0x8c, 0x34, 0xff, 
0xc1, 0x6c, 0x25, 0xff, 0xb6, 0x5b, 0x1d, 0xff, 0xcb, 0x76, 0x29, 0xff, 0xd2, 0x80, 0x2e, 0xff, 
0xbf, 0x65, 0x21, 0xff, 0xb9, 0x5d, 0x1e, 0xff, 0xbd, 0x67, 0x23, 0xff, 0xc7, 0x74, 0x29, 0xff, 
0xd9, 0x8d, 0x35, 0xff, 0xdc, 0x93, 0x38, 0xff, 0xdb, 0x92, 0x38, 0xff, 0xd4, 0x86, 0x31, 0xff, 
0xc6, 0x72, 0x28, 0xff, 0xc5, 0x74, 0x29, 0xff, 0xd5, 0x82, 0x2e, 0xff, 0xcd, 0x7a, 0x2b, 0xff, 
0xa9, 0x54, 0x1c, 0xff, 0xbe, 0x64, 0x22, 0xff, 0xbd, 0x64, 0x21, 0xff, 0xa8, 0x4f, 0x19, 0xff, 
0xb0, 0x56, 0x1c, 0xff, 0xb6, 0x59, 0x1c, 0xff, 0xb4, 0x58, 0x1c, 0xff, 0xbd, 0x5f, 0x1f, 0xff, 
0xac, 0x54, 0x1b, 0xff, 0xb8, 0x69, 0x25, 0xff, 0xc9, 0x75, 0x29, 0xff, 0xd5, 0x85, 0x31, 0xff, 
0xce, 0x7c, 0x2c, 0xff, 0x8f, 0x3c, 0x12, 0xff, 0x9a, 0x45, 0x16, 0xff, 0xad, 0x52, 0x1a, 0xff, 
0xb6, 0x5d, 0x1f, 0xff, 0xc7, 0x6d, 0x25, 0xff, 0xcd, 0x73, 0x27, 0xff, 0xbc, 0x5e, 0x1e, 0xff, 
0xbd, 0x61, 0x20, 0xff, 0xcf, 0x76, 0x28, 0xff, 0xbb, 0x61, 0x20, 0xff, 0xc0, 0x66, 0x23, 0xff, 
0xbc, 0x63, 0x21, 0xff, 0xb4, 0x58, 0x1c, 0xff, 0xb2, 0x54, 0x1b, 0xff, 0xb8, 0x5b, 0x1d, 0xff, 
0xbb, 0x5d, 0x1e, 0xff, 0xb4, 0x56, 0x1b, 0xff, 0xbd, 0x61, 0x20, 0xff, 0xcd, 0x77, 0x2a, 0xff, 
0xc8, 0x70, 0x27, 0xff, 0xc4, 0x69, 0x23, 0xff, 0xd8, 0x88, 0x31, 0xff, 0xe7, 0x96, 0x38, 0xff, 
0xc6, 0x68, 0x22, 0xff, 0xa3, 0x4b, 0x18, 0xff, 0x7c, 0x38, 0x12, 0xff, 0x97, 0x49, 0x18, 0xff, 
0xab, 0x51, 0x1a, 0xff, 0x9d, 0x45, 0x16, 0xff, 0xb2, 0x56, 0x1c, 0xff, 0xbb, 0x5c, 0x1e, 0xff, 
0xbc, 0x60, 0x1f, 0xff, 0xd2, 0x7c, 0x2c, 0xff, 0xc9, 0x70, 0x26, 0xff, 0xb0, 0x52, 0x19, 0xff, 
0xbe, 0x61, 0x1f, 0xff, 0xc6, 0x6d, 0x25, 0xff, 0xd5, 0x88, 0x33, 0xff, 0xc7, 0x6d, 0x25, 0xff, 
0xc1, 0x62, 0x1f, 0xff, 0xc0, 0x63, 0x20, 0xff, 0xbf, 0x61, 0x1f, 0xff, 0xc7, 0x6b, 0x23, 0xff, 
0xc8, 0x6d, 0x24, 0xff, 0xc7, 0x6c, 0x24, 0xff, 0xd5, 0x7e, 0x2d, 0xff, 0xce, 0x75, 0x27, 0xff, 
0xbe, 0x60, 0x1e, 0xff, 0xc2, 0x65, 0x21, 0xff, 0xc4, 0x66, 0x21, 0xff, 0xc8, 0x6d, 0x24, 0xff, 
0xd8, 0x87, 0x32, 0xff, 0xd8, 0x86, 0x30, 0xff, 0xce, 0x76, 0x29, 0xff, 0xd0, 0x79, 0x2a, 0xff, 
0xd1, 0x79, 0x29, 0xff, 0xc7, 0x6a, 0x22, 0xff, 0xca, 0x6e, 0x24, 0xff, 0xca, 0x6e, 0x24, 0xff, 
0xcc, 0x70, 0x26, 0xff, 0xc9, 0x6c, 0x24, 0xff, 0xbf, 0x5e, 0x1d, 0xff, 0xd0, 0x7a, 0x2a, 0xff, 
0xdb, 0x8d, 0x34, 0xff, 0xd2, 0x80, 0x2f, 0xff, 0xd0, 0x7c, 0x2b, 0xff, 0xd8, 0x85, 0x2f, 0xff, 
0xd3, 0x7f, 0x2d, 0xff, 0xc9, 0x6d, 0x23, 0xff, 0xce, 0x73, 0x27, 0xff, 0xd1, 0x79, 0x2a, 0xff, 
0xd7, 0x87, 0x32, 0xff, 0xdc, 0x92, 0x36, 0xff, 0xd6, 0x84, 0x2f, 0xff, 0xd4, 0x7d, 0x2d, 0xff, 
0xd2, 0x79, 0x2a, 0xff, 0xd8, 0x89, 0x31, 0xff, 0xe1, 0x9d, 0x3c, 0xff, 0xe2, 0x9e, 0x3e, 0xff, 
0xdf, 0x95, 0x39, 0xff, 0xda, 0x8c, 0x34, 0xff, 0xde, 0x95, 0x3a, 0xff, 0xda, 0x8b, 0x33, 0xff, 
0xcf, 0x76, 0x28, 0xff, 0xd0, 0x78, 0x29, 0xff, 0xd7, 0x84, 0x2f, 0xff, 0xd6, 0x85, 0x30, 0xff, 
0xd3, 0x7e, 0x2d, 0xff, 0xce, 0x75, 0x28, 0xff, 0xcf, 0x77, 0x29, 0xff, 0xc4, 0x69, 0x22, 0xff, 
0xc7, 0x6e, 0x25, 0xff, 0xd8, 0x87, 0x32, 0xff, 0xdc, 0x90, 0x36, 0xff, 0xde, 0x93, 0x37, 0xff, 
0xd7, 0x86, 0x31, 0xff, 0xdb, 0x8e, 0x35, 0xff, 0xdf, 0x96, 0x39, 0xff, 0xd7, 0x84, 0x2f, 0xff, 
0xd6, 0x84, 0x2f, 0xff, 0xd9, 0x87, 0x31, 0xff, 0xd2, 0x7b, 0x2a, 0xff, 0xcb, 0x71, 0x26, 0xff, 
0xcd, 0x76, 0x29, 0xff, 0xd0, 0x7a, 0x29, 0xff, 0xd4, 0x83, 0x2f, 0xff, 0xd2, 0x7c, 0x2b, 0xff, 
0xc5, 0x68, 0x22, 0xff, 0xc6, 0x69, 0x23, 0xff, 0xd1, 0x79, 0x29, 0xff, 0xd1, 0x76, 0x27, 0xff, 
0xcb, 0x6e, 0x24, 0xff, 0xd0, 0x7a, 0x2a, 0xff, 0xd5, 0x80, 0x2e, 0xff, 0xd8, 0x85, 0x31, 0xff, 
0xd8, 0x87, 0x31, 0xff, 0xd9, 0x89, 0x32, 0xff, 0xe1, 0x9c, 0x3d, 0xff, 0xdc, 0x91, 0x37, 0xff, 
0xe3, 0xa1, 0x41, 0xff, 0xeb, 0xb2, 0x4b, 0xff, 0xe3, 0x9f, 0x3f, 0xff, 0xdf, 0x95, 0x39, 0xff, 
0xda, 0x8c, 0x33, 0xff, 0xd0, 0x79, 0x2a, 0xff, 0xc9, 0x70, 0x26, 0xff, 0xd0, 0x7a, 0x2b, 0xff, 
0xce, 0x78, 0x2a, 0xff, 0xbe, 0x5f, 0x1f, 0xff, 0xc8, 0x6b, 0x23, 0xff, 0xda, 0x89, 0x32, 0xff, 
0xd9, 0x89, 0x32, 0xff, 0xd5, 0x81, 0x2d, 0xff, 0xd6, 0x85, 0x30, 0xff, 0xd5, 0x81, 0x2e, 0xff, 
0xd0, 0x78, 0x2a, 0xff, 0xd8, 0x88, 0x32, 0xff, 0xd4, 0x80, 0x2e, 0xff, 0xd5, 0x83, 0x2f, 0xff, 
0xd7, 0x85, 0x31, 0xff, 0xd2, 0x7c, 0x2c, 0xff, 0xd3, 0x7c, 0x2b, 0xff, 0xd1, 0x78, 0x2a, 0xff, 
0xd5, 0x80, 0x2d, 0xff, 0xdd, 0x8f, 0x35, 0xff, 0xd9, 0x89, 0x33, 0xff, 0xd8, 0x89, 0x32, 0xff, 
0xd8, 0x8c, 0x34, 0xff, 0xe1, 0x90, 0x35, 0xff, 0xdd, 0x83, 0x2e, 0xff, 0xcc, 0x72, 0x26, 0xff, 
0xbd, 0x5d, 0x1e, 0xff, 0xab, 0x4f, 0x19, 0xff, 0xa3, 0x4d, 0x19, 0xff, 0xb6, 0x5c, 0x1e, 0xff, 
0xac, 0x52, 0x1a, 0xff, 0x93, 0x48, 0x19, 0xff, 0x89, 0x40, 0x16, 0xff, 0x8a, 0x37, 0x10, 0xff, 
0x9b, 0x43, 0x15, 0xff, 0xac, 0x4f, 0x19, 0xff, 0xb8, 0x59, 0x1c, 0xff, 0xc7, 0x69, 0x22, 0xff, 
0xc9, 0x6f, 0x26, 0xff, 0xd2, 0x7c, 0x2b, 0xff, 0xd1, 0x7a, 0x2b, 0xff, 0xcb, 0x71, 0x27, 0xff, 
0xcc, 0x72, 0x27, 0xff, 0xd3, 0x7c, 0x2c, 0xff, 0xd1, 0x7c, 0x2b, 0xff, 0xcb, 0x70, 0x25, 0xff, 
0xb8, 0x5a, 0x1d, 0xff, 0xb3, 0x56, 0x1b, 0xff, 0xc4, 0x68, 0x23, 0xff, 0xd5, 0x80, 0x2d, 0xff, 
0xd2, 0x7c, 0x2b, 0xff, 0xd2, 0x7a, 0x2a, 0xff, 0xc0, 0x63, 0x21, 0xff, 0xbf, 0x61, 0x20, 0xff, 
0xd3, 0x7c, 0x2a, 0xff, 0xc4, 0x6a, 0x23, 0xff, 0xb6, 0x57, 0x1b, 0xff, 0xbd, 0x5e, 0x1e, 0xff, 
0xbd, 0x5e, 0x1f, 0xff, 0xb0, 0x54, 0x1c, 0xff, 0xa5, 0x4a, 0x18, 0xff, 0xa6, 0x50, 0x1b, 0xff, 
0x9b, 0x4c, 0x19, 0xff, 0x8d, 0x3e, 0x14, 0xff, 0x97, 0x45, 0x17, 0xff, 0x9b, 0x48, 0x18, 0xff, 
0x9f, 0x4a, 0x18, 0xff, 0xa3, 0x4c, 0x19, 0xff, 0xaa, 0x51, 0x1a, 0xff, 0xb0, 0x55, 0x1c, 0xff, 
0xa8, 0x4f, 0x1a, 0xff, 0xb1, 0x54, 0x1b, 0xff, 0xc1, 0x6f, 0x28, 0xff, 0xb7, 0x64, 0x22, 0xff, 
0xb4, 0x58, 0x1c, 0xff, 0xbd, 0x5d, 0x1e, 0xff, 0xa0, 0x4c, 0x18, 0xff, 0x98, 0x46, 0x17, 0xff, 
0xa6, 0x4e, 0x19, 0xff, 0xa2, 0x4d, 0x19, 0xff, 0xa8, 0x4f, 0x1a, 0xff, 0xb3, 0x57, 0x1b, 0xff, 
0xa6, 0x4e, 0x19, 0xff, 0xae, 0x55, 0x1c, 0xff, 0xbf, 0x62, 0x20, 0xff, 0xbc, 0x61, 0x20, 0xff, 
0xba, 0x5f, 0x1f, 0xff, 0xc5, 0x68, 0x21, 0xff, 0xb9, 0x5b, 0x1c, 0xff, 0xad, 0x4f, 0x19, 0xff, 
0xab, 0x4f, 0x18, 0xff, 0xb7, 0x5a, 0x1e, 0xff, 0xc8, 0x6d, 0x25, 0xff, 0xc1, 0x66, 0x22, 0xff, 
0xc2, 0x67, 0x23, 0xff, 0xc4, 0x67, 0x21, 0xff, 0xc2, 0x65, 0x1f, 0xff, 0xd2, 0x7f, 0x2d, 0xff, 
0xd9, 0x8a, 0x33, 0xff, 0xd5, 0x84, 0x30, 0xff, 0xd5, 0x83, 0x2d, 0xff, 0xe0, 0x96, 0x38, 0xff, 
0xd7, 0x89, 0x32, 0xff, 0xcd, 0x78, 0x2b, 0xff, 0xca, 0x76, 0x2a, 0xff, 0xc8, 0x71, 0x27, 0xff, 
0xbc, 0x63, 0x21, 0xff, 0xc2, 0x68, 0x22, 0xff, 0xc9, 0x6f, 0x26, 0xff, 0xb6, 0x5a, 0x1d, 0xff, 
0xc6, 0x6d, 0x24, 0xff, 0xcc, 0x75, 0x28, 0xff, 0xcc, 0x74, 0x28, 0xff, 0xc1, 0x68, 0x23, 0xff, 
0xaf, 0x4f, 0x18, 0xff, 0xad, 0x4f, 0x18, 0xff, 0xbc, 0x6b, 0x25, 0xff, 0xae, 0x5d, 0x20, 0xff, 
0x98, 0x44, 0x15, 0xff, 0xb0, 0x58, 0x1e, 0xff, 0xaa, 0x53, 0x1b, 0xff, 0xab, 0x53, 0x1b, 0xff, 
0xb7, 0x5d, 0x1f, 0xff, 0xc3, 0x67, 0x22, 0xff, 0xc0, 0x64, 0x20, 0xff, 0xc4, 0x68, 0x22, 0xff, 
0xd4, 0x7a, 0x2a, 0xff, 0xcd, 0x79, 0x2b, 0xff, 0xc6, 0x70, 0x26, 0xff, 0xce, 0x7a, 0x2b, 0xff, 
0xbf, 0x69, 0x25, 0xff, 0xbc, 0x64, 0x22, 0xff, 0xbf, 0x65, 0x22, 0xff, 0xc0, 0x62, 0x1f, 0xff, 
0xb2, 0x53, 0x1a, 0xff, 0xbe, 0x65, 0x22, 0xff, 0xda, 0x87, 0x30, 0xff, 0xce, 0x78, 0x29, 0xff, 
0xcc, 0x77, 0x29, 0xff, 0xd3, 0x80, 0x2e, 0xff, 0xcf, 0x76, 0x29, 0xff, 0xce, 0x77, 0x2a, 0xff, 
0xbd, 0x65, 0x23, 0xff, 0xc0, 0x65, 0x21, 0xff, 0xc0, 0x63, 0x20, 0xff, 0xb9, 0x5c, 0x1f, 0xff, 
0xbd, 0x61, 0x20, 0xff, 0xbf, 0x62, 0x20, 0xff, 0xbf, 0x60, 0x1f, 0xff, 0xc5, 0x6a, 0x23, 0xff, 
0xd2, 0x7c, 0x2b, 0xff, 0xc9, 0x6f, 0x25, 0xff, 0xcf, 0x79, 0x2a, 0xff, 0xc3, 0x6a, 0x25, 0xff, 
0xb4, 0x59, 0x1c, 0xff, 0xb6, 0x5b, 0x1e, 0xff, 0xa4, 0x4b, 0x18, 0xff, 0xa5, 0x4e, 0x19, 0xff, 
0xa9, 0x53, 0x1b, 0xff, 0xb0, 0x58, 0x1c, 0xff, 0xbb, 0x5e, 0x1e, 0xff, 0xca, 0x74, 0x29, 0xff, 
0xc4, 0x6b, 0x24, 0xff, 0xc6, 0x6d, 0x25, 0xff, 0xbc, 0x61, 0x20, 0xff, 0xa8, 0x4a, 0x17, 0xff, 
0xca, 0x73, 0x27, 0xff, 0xd4, 0x84, 0x30, 0xff, 0xc8, 0x6f, 0x26, 0xff, 0xc8, 0x6a, 0x23, 0xff, 
0xc3, 0x67, 0x21, 0xff, 0xbc, 0x5e, 0x1e, 0xff, 0xbc, 0x5c, 0x1d, 0xff, 0xc9, 0x6d, 0x26, 0xff, 
0xd7, 0x84, 0x30, 0xff, 0xda, 0x8a, 0x32, 0xff, 0xd3, 0x7e, 0x2c, 0xff, 0xc9, 0x6c, 0x23, 0xff, 
0xc5, 0x68, 0x22, 0xff, 0xc8, 0x6b, 0x23, 0xff, 0xc2, 0x65, 0x20, 0xff, 0xc5, 0x68, 0x22, 0xff, 
0xca, 0x71, 0x27, 0xff, 0xc9, 0x73, 0x28, 0xff, 0xd2, 0x7c, 0x2b, 0xff, 0xd0, 0x77, 0x28, 0xff, 
0xc2, 0x65, 0x20, 0xff, 0xc2, 0x65, 0x21, 0xff, 0xc7, 0x6b, 0x23, 0xff, 0xc3, 0x66, 0x21, 0xff, 
0xc6, 0x6a, 0x23, 0xff, 0xcb, 0x70, 0x25, 0xff, 0xcb, 0x70, 0x24, 0xff, 0xd7, 0x84, 0x30, 0xff, 
0xe2, 0x9b, 0x3c, 0xff, 0xd9, 0x8f, 0x36, 0xff, 0xe0, 0x99, 0x3a, 0xff, 0xde, 0x92, 0x37, 0xff, 
0xcf, 0x77, 0x29, 0xff, 0xcd, 0x72, 0x26, 0xff, 0xd3, 0x7b, 0x2b, 0xff, 0xd3, 0x7b, 0x2b, 0xff, 
0xda, 0x8e, 0x35, 0xff, 0xe3, 0x9e, 0x3e, 0xff, 0xd6, 0x81, 0x2d, 0xff, 0xcc, 0x70, 0x25, 0xff, 
0xd0, 0x77, 0x29, 0xff, 0xda, 0x8e, 0x35, 0xff, 0xe2, 0x9e, 0x3e, 0xff, 0xe4, 0xa3, 0x41, 0xff, 
0xdd, 0x92, 0x38, 0xff, 0xd4, 0x7f, 0x2c, 0xff, 0xd8, 0x88, 0x32, 0xff, 0xd2, 0x7f, 0x2d, 0xff, 
0xcf, 0x77, 0x29, 0xff, 0xd3, 0x7e, 0x2c, 0xff, 0xdc, 0x8e, 0x35, 0xff, 0xde, 0x92, 0x37, 0xff, 
0xd7, 0x81, 0x2f, 0xff, 0xce, 0x75, 0x28, 0xff, 0xc0, 0x64, 0x20, 0xff, 0xc9, 0x6e, 0x24, 0xff, 
0xda, 0x8a, 0x32, 0xff, 0xde, 0x92, 0x37, 0xff, 0xdc, 0x8f, 0x35, 0xff, 0xda, 0x8c, 0x33, 0xff, 
0xe5, 0xa4, 0x42, 0xff, 0xe3, 0x9e, 0x3e, 0xff, 0xd6, 0x82, 0x2d, 0xff, 0xd3, 0x7c, 0x2b, 0xff, 
0xd5, 0x80, 0x2e, 0xff, 0xd7, 0x84, 0x30, 0xff, 0xd3, 0x7e, 0x2c, 0xff, 0xc9, 0x6e, 0x24, 0xff, 
0xc7, 0x69, 0x22, 0xff, 0xc5, 0x66, 0x21, 0xff, 0xc0, 0x60, 0x1e, 0xff, 0xc6, 0x6b, 0x24, 0xff, 
0xc7, 0x6b, 0x24, 0xff, 0xc9, 0x6e, 0x24, 0xff, 0xce, 0x74, 0x28, 0xff, 0xc6, 0x6e, 0x25, 0xff, 
0xb2, 0x54, 0x1b, 0xff, 0xc5, 0x6a, 0x24, 0xff, 0xdb, 0x8c, 0x33, 0xff, 0xd7, 0x85, 0x30, 0xff, 
0xd5, 0x7f, 0x2d, 0xff, 0xd7, 0x83, 0x2f, 0xff, 0xda, 0x8b, 0x34, 0xff, 0xd9, 0x8b, 0x33, 0xff, 
0xe9, 0xae, 0x48, 0xff, 0xe8, 0xa9, 0x46, 0xff, 0xdb, 0x8d, 0x35, 0xff, 0xdf, 0x95, 0x39, 0xff, 
0xdc, 0x8f, 0x35, 0xff, 0xd6, 0x82, 0x2e, 0xff, 0xce, 0x77, 0x2a, 0xff, 0xcd, 0x73, 0x27, 0xff, 
0xd5, 0x82, 0x2f, 0xff, 0xce, 0x79, 0x2b, 0xff, 0xd6, 0x85, 0x30, 0xff, 0xe1, 0x9b, 0x3c, 0xff, 
0xdc, 0x90, 0x36, 0xff, 0xd4, 0x7e, 0x2c, 0xff, 0xda, 0x8e, 0x35, 0xff, 0xe0, 0x99, 0x3b, 0xff, 
0xd2, 0x7b, 0x2a, 0xff, 0xd6, 0x85, 0x30, 0xff, 0xda, 0x8c, 0x34, 0xff, 0xd7, 0x86, 0x30, 0xff, 
0xcc, 0x72, 0x26, 0xff, 0xc8, 0x6b, 0x23, 0xff, 0xd0, 0x77, 0x28, 0xff, 0xca, 0x6f, 0x26, 0xff, 
0xc8, 0x6d, 0x24, 0xff, 0xd4, 0x7f, 0x2d, 0xff, 0xd9, 0x87, 0x30, 0xff, 0xd9, 0x89, 0x32, 0xff, 
0xdc, 0x89, 0x32, 0xff, 0xb3, 0x5c, 0x1e, 0xff, 0xac, 0x54, 0x1b, 0xff, 0xc5, 0x6b, 0x24, 0xff, 
0xab, 0x56, 0x1d, 0xff, 0x92, 0x43, 0x16, 0xff, 0x90, 0x42, 0x15, 0xff, 0xaa, 0x55, 0x1c, 0xff, 
0xb5, 0x5d, 0x20, 0xff, 0x98, 0x47, 0x17, 0xff, 0x88, 0x3d, 0x14, 0xff, 0xa2, 0x4d, 0x19, 0xff, 
0xb9, 0x5f, 0x1f, 0xff, 0xc0, 0x66, 0x22, 0xff, 0xbf, 0x61, 0x20, 0xff, 0xc7, 0x6b, 0x24, 0xff, 
0xc1, 0x63, 0x21, 0xff, 0xc8, 0x6e, 0x25, 0xff, 0xcf, 0x79, 0x29, 0xff, 0xd1, 0x7a, 0x2b, 0xff, 
0xcd, 0x74, 0x27, 0xff, 0xd2, 0x7f, 0x2e, 0xff, 0xd5, 0x84, 0x30, 0xff, 0xd3, 0x7f, 0x2d, 0xff, 
0xd7, 0x82, 0x2e, 0xff, 0xcc, 0x73, 0x27, 0xff, 0xc3, 0x69, 0x23, 0xff, 0xc6, 0x6b, 0x24, 0xff, 
0xd1, 0x7b, 0x2a, 0xff, 0xc7, 0x6d, 0x25, 0xff, 0xb0, 0x52, 0x1a, 0xff, 0xaf, 0x4f, 0x17, 0xff, 
0xcc, 0x70, 0x25, 0xff, 0xce, 0x72, 0x26, 0xff, 0xbd, 0x5f, 0x1e, 0xff, 0xb8, 0x5a, 0x1d, 0xff, 
0xb2, 0x56, 0x1c, 0xff, 0xaa, 0x51, 0x1b, 0xff, 0xac, 0x53, 0x1b, 0xff, 0xc0, 0x67, 0x23, 0xff, 
0xa9, 0x56, 0x1e, 0xff, 0x8f, 0x41, 0x15, 0xff, 0x8d, 0x3f, 0x14, 0xff, 0x88, 0x3e, 0x14, 0xff, 
0x9e, 0x4a, 0x19, 0xff, 0x9b, 0x48, 0x18, 0xff, 0x97, 0x45, 0x16, 0xff, 0xa3, 0x4e, 0x19, 0xff, 
0xa2, 0x4c, 0x1a, 0xff, 0x9c, 0x48, 0x18, 0xff, 0x83, 0x2e, 0x0d, 0xff, 0x99, 0x49, 0x18, 0xff, 
0xd1, 0x7d, 0x2d, 0xff, 0xb9, 0x5b, 0x1e, 0xff, 0x9d, 0x46, 0x15, 0xff, 0x92, 0x42, 0x15, 0xff, 
0x94, 0x44, 0x17, 0xff, 0xab, 0x52, 0x1b, 0xff, 0xb7, 0x5a, 0x1d, 0xff, 0xb8, 0x5b, 0x1e, 0xff, 
0xc0, 0x63, 0x21, 0xff, 0xc3, 0x66, 0x21, 0xff, 0xd2, 0x76, 0x28, 0xff, 0xc4, 0x67, 0x22, 0xff, 
0xb1, 0x55, 0x1b, 0xff, 0xbd, 0x62, 0x20, 0xff, 0xb1, 0x58, 0x1d, 0xff, 0xae, 0x52, 0x1a, 0xff, 
0xb4, 0x58, 0x1d, 0xff, 0xbd, 0x5f, 0x1f, 0xff, 0xbc, 0x5d, 0x1d, 0xff, 0xb6, 0x58, 0x1d, 0xff, 
0xb5, 0x58, 0x1c, 0xff, 0xc2, 0x65, 0x21, 0xff, 0xbc, 0x5d, 0x1e, 0xff, 0xc4, 0x67, 0x22, 0xff, 
0xd7, 0x86, 0x30, 0xff, 0xde, 0x94, 0x38, 0xff, 0xda, 0x8b, 0x33, 0xff, 0xd3, 0x7e, 0x2c, 0xff, 
0xe2, 0x9b, 0x3c, 0xff, 0xdc, 0x90, 0x36, 0xff, 0xd1, 0x7f, 0x2d, 0xff, 0xca, 0x72, 0x26, 0xff, 
0xd0, 0x7a, 0x2a, 0xff, 0xd2, 0x7d, 0x2c, 0xff, 0xcc, 0x73, 0x27, 0xff, 0xba, 0x5a, 0x1c, 0xff, 
0xc7, 0x70, 0x27, 0xff, 0xca, 0x72, 0x28, 0xff, 0xc2, 0x67, 0x22, 0xff, 0xbe, 0x61, 0x20, 0xff, 
0xc7, 0x6f, 0x26, 0xff, 0xc7, 0x77, 0x2b, 0xff, 0xb6, 0x6a, 0x27, 0xff, 0xbc, 0x6b, 0x25, 0xff, 
0xb4, 0x5e, 0x1f, 0xff, 0x90, 0x40, 0x14, 0xff, 0x96, 0x44, 0x16, 0xff, 0xb5, 0x5a, 0x1e, 0xff, 
0xbf, 0x64, 0x21, 0xff, 0xbb, 0x64, 0x22, 0xff, 0xbe, 0x66, 0x23, 0xff, 0xa4, 0x4e, 0x19, 0xff, 
0xaf, 0x56, 0x1c, 0xff, 0xbf, 0x65, 0x22, 0xff, 0xc2, 0x6c, 0x26, 0xff, 0xbb, 0x64, 0x21, 0xff, 
0xc2, 0x68, 0x23, 0xff, 0xd8, 0x83, 0x2f, 0xff, 0xdf, 0x8f, 0x34, 0xff, 0xd2, 0x7b, 0x2b, 0xff, 
0xc5, 0x68, 0x22, 0xff, 0xc3, 0x69, 0x23, 0xff, 0xc5, 0x6c, 0x25, 0xff, 0xd9, 0x89, 0x31, 0xff, 
0xd7, 0x86, 0x30, 0xff, 0xce, 0x78, 0x2a, 0xff, 0xce, 0x76, 0x29, 0xff, 0xda, 0x8d, 0x34, 0xff, 
0xe3, 0x97, 0x38, 0xff, 0xd3, 0x7b, 0x2b, 0xff, 0xd2, 0x7d, 0x2d, 0xff, 0xbd, 0x67, 0x24, 0xff, 
0xb9, 0x61, 0x20, 0xff, 0xb7, 0x5c, 0x1e, 0xff, 0xae, 0x50, 0x18, 0xff, 0xb5, 0x55, 0x1a, 0xff, 
0xdc, 0x8f, 0x35, 0xff, 0xe5, 0x97, 0x38, 0xff, 0xb8, 0x5b, 0x1e, 0xff, 0x88, 0x38, 0x11, 0xff, 
0x78, 0x34, 0x10, 0xff, 0x8c, 0x3c, 0x13, 0xff, 0xba, 0x60, 0x21, 0xff, 0xd0, 0x77, 0x29, 0xff, 
0xa6, 0x4f, 0x19, 0xff, 0xa8, 0x52, 0x1b, 0xff, 0xbd, 0x5f, 0x1f, 0xff, 0xc6, 0x6c, 0x24, 0xff, 
0xc6, 0x6f, 0x26, 0xff, 0xc6, 0x6f, 0x27, 0xff, 0xc6, 0x70, 0x27, 0xff, 0xbf, 0x67, 0x23, 0xff, 
0xbe, 0x64, 0x21, 0xff, 0xcd, 0x7a, 0x2b, 0xff, 0xc6, 0x6c, 0x25, 0xff, 0xbc, 0x5e, 0x1e, 0xff, 
0xbf, 0x62, 0x20, 0xff, 0xc1, 0x62, 0x20, 0xff, 0xd1, 0x79, 0x2a, 0xff, 0xd2, 0x7a, 0x2b, 0xff, 
0xcd, 0x75, 0x28, 0xff, 0xd3, 0x7c, 0x2c, 0xff, 0xc9, 0x6d, 0x24, 0xff, 0xc7, 0x69, 0x22, 0xff, 
0xcc, 0x72, 0x27, 0xff, 0xc6, 0x6a, 0x23, 0xff, 0xbf, 0x61, 0x1e, 0xff, 0xca, 0x70, 0x25, 0xff, 
0xc4, 0x68, 0x22, 0xff, 0xbd, 0x5d, 0x1d, 0xff, 0xcb, 0x6f, 0x25, 0xff, 0xca, 0x6e, 0x25, 0xff, 
0xc0, 0x63, 0x20, 0xff, 0xc3, 0x66, 0x22, 0xff, 0xc3, 0x66, 0x22, 0xff, 0xc1, 0x64, 0x20, 0xff, 
0xc4, 0x67, 0x21, 0xff, 0xc8, 0x6c, 0x23, 0xff, 0xce, 0x74, 0x27, 0xff, 0xd3, 0x7b, 0x2b, 0xff, 
0xd6, 0x85, 0x30, 0xff, 0xd1, 0x7d, 0x2c, 0xff, 0xd3, 0x7e, 0x2d, 0xff, 0xd6, 0x85, 0x30, 0xff, 
0xd5, 0x80, 0x2d, 0xff, 0xd1, 0x77, 0x29, 0xff, 0xd1, 0x79, 0x29, 0xff, 0xd1, 0x78, 0x28, 0xff, 
0xd7, 0x7d, 0x2a, 0xff, 0xd4, 0x7d, 0x2c, 0xff, 0xce, 0x79, 0x2b, 0xff, 0xd1, 0x7a, 0x2a, 0xff, 
0xd8, 0x87, 0x31, 0xff, 0xd9, 0x8a, 0x33, 0xff, 0xe0, 0x98, 0x3b, 0xff, 0xdd, 0x92, 0x36, 0xff, 
0xd1, 0x7b, 0x2a, 0xff, 0xd5, 0x82, 0x2e, 0xff, 0xda, 0x8b, 0x34, 0xff, 0xd0, 0x7b, 0x2b, 0xff, 
0xd2, 0x7b, 0x2b, 0xff, 0xd6, 0x84, 0x30, 0xff, 0xd8, 0x89, 0x31, 0xff, 0xd9, 0x88, 0x32, 0xff, 
0xd9, 0x87, 0x31, 0xff, 0xcd, 0x73, 0x27, 0xff, 0xbe, 0x62, 0x1f, 0xff, 0xc8, 0x70, 0x26, 0xff, 
0xd1, 0x78, 0x29, 0xff, 0xcc, 0x72, 0x27, 0xff, 0xd4, 0x7f, 0x2d, 0xff, 0xd8, 0x87, 0x31, 0xff, 
0xdf, 0x96, 0x39, 0xff, 0xe4, 0xa2, 0x41, 0xff, 0xdc, 0x91, 0x37, 0xff, 0xd9, 0x89, 0x32, 0xff, 
0xdd, 0x90, 0x36, 0xff, 0xd8, 0x84, 0x2f, 0xff, 0xd3, 0x7d, 0x2b, 0xff, 0xd0, 0x77, 0x28, 0xff, 
0xce, 0x74, 0x28, 0xff, 0xc7, 0x6c, 0x25, 0xff, 0xbe, 0x5f, 0x1e, 0xff, 0xc7, 0x6d, 0x25, 0xff, 
0xcd, 0x74, 0x27, 0xff, 0xd3, 0x78, 0x28, 0xff, 0xb4, 0x57, 0x1c, 0xff, 0x97, 0x40, 0x14, 0xff, 
0xb6, 0x5e, 0x1e, 0xff, 0xd1, 0x7a, 0x2a, 0xff, 0xd7, 0x86, 0x31, 0xff, 0xd8, 0x8a, 0x33, 0xff, 
0xd4, 0x82, 0x2f, 0xff, 0xcc, 0x71, 0x26, 0xff, 0xd2, 0x7b, 0x2a, 0xff, 0xd8, 0x89, 0x32, 0xff, 
0xd9, 0x8b, 0x33, 0xff, 0xd3, 0x7f, 0x2d, 0xff, 0xd4, 0x80, 0x2d, 0xff, 0xd7, 0x84, 0x30, 0xff, 
0xd0, 0x77, 0x29, 0xff, 0xd5, 0x7f, 0x2e, 0xff, 0xdb, 0x8a, 0x33, 0xff, 0xd6, 0x83, 0x2f, 0xff, 
0xd7, 0x84, 0x30, 0xff, 0xda, 0x89, 0x33, 0xff, 0xd9, 0x8a, 0x33, 0xff, 0xe0, 0x98, 0x3b, 0xff, 
0xd9, 0x8c, 0x34, 0xff, 0xd6, 0x85, 0x31, 0xff, 0xde, 0x96, 0x3a, 0xff, 0xdd, 0x93, 0x37, 0xff, 
0xd8, 0x87, 0x31, 0xff, 0xce, 0x76, 0x28, 0xff, 0xdc, 0x92, 0x38, 0xff, 0xda, 0x8b, 0x34, 0xff, 
0xd6, 0x84, 0x30, 0xff, 0xd2, 0x7c, 0x2c, 0xff, 0xc4, 0x65, 0x20, 0xff, 0xce, 0x75, 0x27, 0xff, 
0xcb, 0x71, 0x26, 0xff, 0xbb, 0x5d, 0x1d, 0xff, 0xc2, 0x64, 0x20, 0xff, 0xd7, 0x85, 0x2f, 0xff, 
0xda, 0x86, 0x30, 0xff, 0xa8, 0x51, 0x1a, 0xff, 0x93, 0x41, 0x15, 0xff, 0xa7, 0x55, 0x1e, 0xff, 
0x80, 0x3b, 0x13, 0xff, 0x99, 0x4d, 0x19, 0xff, 0xa2, 0x52, 0x1b, 0xff, 0xa4, 0x54, 0x1c, 0xff, 
0xbb, 0x64, 0x22, 0xff, 0xa2, 0x4e, 0x19, 0xff, 0x94, 0x45, 0x15, 0xff, 0x9d, 0x4a, 0x18, 0xff, 
0xad, 0x56, 0x1d, 0xff, 0xbe, 0x63, 0x21, 0xff, 0xbc, 0x5f, 0x1e, 0xff, 0xbe, 0x60, 0x1f, 0xff, 
0xca, 0x6f, 0x25, 0xff, 0xc6, 0x6b, 0x24, 0xff, 0xd0, 0x7a, 0x2a, 0xff, 0xcf, 0x76, 0x28, 0xff, 
0xcb, 0x6f, 0x26, 0xff, 0xc3, 0x67, 0x22, 0xff, 0xc8, 0x6d, 0x24, 0xff, 0xcf, 0x7a, 0x2a, 0xff, 
0xd0, 0x7b, 0x2b, 0xff, 0xd2, 0x7a, 0x2a, 0xff, 0xcc, 0x73, 0x27, 0xff, 0xc5, 0x69, 0x22, 0xff, 
0xc7, 0x6b, 0x24, 0xff, 0xbf, 0x60, 0x1f, 0xff, 0xcc, 0x74, 0x29, 0xff, 0xd5, 0x85, 0x31, 0xff, 
0xcf, 0x73, 0x26, 0xff, 0xbc, 0x5f, 0x1f, 0xff, 0xa9, 0x50, 0x19, 0xff, 0xa3, 0x4c, 0x18, 0xff, 
0x99, 0x46, 0x17, 0xff, 0xac, 0x56, 0x1d, 0xff, 0xc9, 0x6b, 0x24, 0xff, 0xad, 0x55, 0x1c, 0xff, 
0x95, 0x42, 0x15, 0xff, 0x9a, 0x4a, 0x18, 0xff, 0x97, 0x46, 0x16, 0xff, 0x8b, 0x3e, 0x15, 0xff, 
0x8f, 0x42, 0x16, 0xff, 0x98, 0x46, 0x17, 0xff, 0x94, 0x44, 0x16, 0xff, 0x91, 0x43, 0x16, 0xff, 
0x8d, 0x3f, 0x15, 0xff, 0x7d, 0x2d, 0x0c, 0xff, 0xaa, 0x5b, 0x20, 0xff, 0xbf, 0x73, 0x2a, 0xff, 
0xa7, 0x56, 0x1d, 0xff, 0xb8, 0x64, 0x23, 0xff, 0xbc, 0x66, 0x24, 0xff, 0xa5, 0x4f, 0x19, 0xff, 
0xa1, 0x4e, 0x1a, 0xff, 0xb8, 0x5d, 0x1f, 0xff, 0xbb, 0x61, 0x20, 0xff, 0xaa, 0x54, 0x1c, 0xff, 
0xb4, 0x59, 0x1d, 0xff, 0xbd, 0x61, 0x20, 0xff, 0xd4, 0x7e, 0x2c, 0xff, 0xc2, 0x68, 0x23, 0xff, 
0xa4, 0x49, 0x18, 0xff, 0xa6, 0x4f, 0x1a, 0xff, 0xab, 0x52, 0x1a, 0xff, 0xb5, 0x57, 0x1c, 0xff, 
0xbd, 0x5f, 0x20, 0xff, 0xc5, 0x68, 0x22, 0xff, 0xbf, 0x61, 0x1f, 0xff, 0xb8, 0x59, 0x1d, 0xff, 
0xbe, 0x61, 0x1f, 0xff, 0xc1, 0x63, 0x20, 0xff, 0xc7, 0x6c, 0x24, 0xff, 0xc7, 0x68, 0x22, 0xff, 
0xd0, 0x7a, 0x2a, 0xff, 0xd4, 0x84, 0x30, 0xff, 0xc8, 0x72, 0x28, 0xff, 0xd9, 0x8c, 0x34, 0xff, 
0xe4, 0x9f, 0x3e, 0xff, 0xde, 0x96, 0x38, 0xff, 0xd3, 0x83, 0x30, 0xff, 0xcf, 0x79, 0x2a, 0xff, 
0xdc, 0x90, 0x36, 0xff, 0xe0, 0x98, 0x3a, 0xff, 0xd4, 0x83, 0x2f, 0xff, 0xd4, 0x88, 0x33, 0xff, 
0xdf, 0x9a, 0x3c, 0xff, 0xdd, 0x92, 0x37, 0xff, 0xcc, 0x7a, 0x2c, 0xff, 0xc1, 0x69, 0x24, 0xff, 
0xc5, 0x71, 0x27, 0xff, 0xd6, 0x89, 0x33, 0xff, 0xdf, 0x91, 0x36, 0xff, 0xc3, 0x6e, 0x26, 0xff, 
0xa2, 0x4f, 0x1a, 0xff, 0x93, 0x43, 0x15, 0xff, 0x9d, 0x49, 0x18, 0xff, 0xa7, 0x51, 0x1a, 0xff, 
0xb4, 0x59, 0x1c, 0xff, 0xcd, 0x76, 0x2a, 0xff, 0xb7, 0x60, 0x21, 0xff, 0x8e, 0x38, 0x10, 0xff, 
0xaf, 0x5b, 0x1f, 0xff, 0xda, 0x89, 0x32, 0xff, 0xd1, 0x82, 0x2f, 0xff, 0xd4, 0x86, 0x31, 0xff, 
0xd9, 0x8a, 0x33, 0xff, 0xde, 0x94, 0x38, 0xff, 0xd4, 0x85, 0x31, 0xff, 0xc5, 0x6e, 0x25, 0xff, 
0xc5, 0x6d, 0x25, 0xff, 0xc0, 0x65, 0x22, 0xff, 0xc5, 0x6d, 0x26, 0xff, 0xd1, 0x7b, 0x2b, 0xff, 
0xc0, 0x68, 0x24, 0xff, 0xb1, 0x56, 0x1c, 0xff, 0xbc, 0x5f, 0x1e, 0xff, 0xce, 0x79, 0x2a, 0xff, 
0xd6, 0x87, 0x32, 0xff, 0xd8, 0x8b, 0x35, 0xff, 0xd1, 0x85, 0x32, 0xff, 0xbd, 0x68, 0x24, 0xff, 
0xc4, 0x6c, 0x25, 0xff, 0xbd, 0x62, 0x21, 0xff, 0xbd, 0x61, 0x20, 0xff, 0xd3, 0x82, 0x30, 0xff, 
0xdc, 0x90, 0x36, 0xff, 0xc7, 0x6d, 0x24, 0xff, 0xad, 0x4f, 0x18, 0xff, 0x8f, 0x3b, 0x11, 0xff, 
0x7d, 0x33, 0x0f, 0xff, 0xa5, 0x50, 0x1a, 0xff, 0xcc, 0x71, 0x26, 0xff, 0xcb, 0x72, 0x27, 0xff, 
0xa6, 0x4e, 0x1a, 0xff, 0xa7, 0x4c, 0x18, 0xff, 0xcc, 0x72, 0x27, 0xff, 0xcd, 0x73, 0x26, 0xff, 
0xb9, 0x5a, 0x1c, 0xff, 0xc0, 0x66, 0x22, 0xff, 0xdd, 0x90, 0x35, 0xff, 0xda, 0x8a, 0x32, 0xff, 
0xc1, 0x63, 0x20, 0xff, 0xaf, 0x4f, 0x18, 0xff, 0xb0, 0x52, 0x1a, 0xff, 0xba, 0x5d, 0x1f, 0xff, 
0xb7, 0x5a, 0x1d, 0xff, 0xc0, 0x63, 0x20, 0xff, 0xd0, 0x75, 0x27, 0xff, 0xd3, 0x7d, 0x2c, 0xff, 
0xd0, 0x79, 0x2a, 0xff, 0xcd, 0x72, 0x26, 0xff, 0xcc, 0x70, 0x25, 0xff, 0xd4, 0x7e, 0x2d, 0xff, 
0xd3, 0x7d, 0x2c, 0xff, 0xc4, 0x69, 0x22, 0xff, 0xc1, 0x64, 0x20, 0xff, 0xc8, 0x6b, 0x24, 0xff, 
0xcd, 0x73, 0x27, 0xff, 0xc5, 0x68, 0x21, 0xff, 0xbd, 0x5e, 0x1e, 0xff, 0xc1, 0x63, 0x20, 0xff, 
0xc9, 0x6c, 0x24, 0xff, 0xcb, 0x6f, 0x25, 0xff, 0xcb, 0x6f, 0x25, 0xff, 0xca, 0x6f, 0x25, 0xff, 
0xcb, 0x6f, 0x25, 0xff, 0xcd, 0x73, 0x27, 0xff, 0xd4, 0x7d, 0x2c, 0xff, 0xd5, 0x7e, 0x2b, 0xff, 
0xca, 0x6f, 0x25, 0xff, 0xc6, 0x68, 0x22, 0xff, 0xc5, 0x67, 0x20, 0xff, 0xca, 0x6e, 0x24, 0xff, 
0xcd, 0x73, 0x26, 0xff, 0xcb, 0x70, 0x26, 0xff, 0xce, 0x74, 0x27, 0xff, 0xcb, 0x6f, 0x24, 0xff, 
0xc1, 0x68, 0x22, 0xff, 0xb4, 0x5b, 0x1e, 0xff, 0xa0, 0x49, 0x18, 0xff, 0xc1, 0x67, 0x22, 0xff, 
0xd7, 0x7e, 0x2c, 0xff, 0xcd, 0x75, 0x28, 0xff, 0xcd, 0x75, 0x28, 0xff, 0xd6, 0x84, 0x30, 0xff, 
0xd6, 0x85, 0x30, 0xff, 0xca, 0x71, 0x26, 0xff, 0xd2, 0x7f, 0x2d, 0xff, 0xd4, 0x7e, 0x2c, 0xff, 
0xd5, 0x7f, 0x2c, 0xff, 0xd0, 0x78, 0x29, 0xff, 0xd3, 0x80, 0x2d, 0xff, 0xd7, 0x85, 0x31, 0xff, 
0xd6, 0x83, 0x2f, 0xff, 0xcc, 0x72, 0x27, 0xff, 0xcb, 0x6e, 0x24, 0xff, 0xca, 0x6e, 0x25, 0xff, 
0xd1, 0x7a, 0x2a, 0xff, 0xc6, 0x6a, 0x23, 0xff, 0xcd, 0x73, 0x27, 0xff, 0xd7, 0x83, 0x2f, 0xff, 
0xd4, 0x7f, 0x2d, 0xff, 0xdb, 0x90, 0x36, 0xff, 0xe3, 0xa1, 0x40, 0xff, 0xea, 0xad, 0x47, 0xff, 
0xda, 0x92, 0x39, 0xff, 0xc8, 0x6d, 0x24, 0xff, 0xd8, 0x86, 0x30, 0xff, 0xd4, 0x7f, 0x2d, 0xff, 
0xce, 0x74, 0x26, 0xff, 0xcd, 0x72, 0x27, 0xff, 0xcd, 0x74, 0x28, 0xff, 0xd1, 0x7a, 0x2a, 0xff, 
0xca, 0x70, 0x26, 0xff, 0xd1, 0x76, 0x27, 0xff, 0xc8, 0x6e, 0x25, 0xff, 0xc0, 0x6a, 0x25, 0xff, 
0xda, 0x89, 0x32, 0xff, 0xda, 0x88, 0x31, 0xff, 0xd2, 0x7c, 0x2b, 0xff, 0xd2, 0x7d, 0x2c, 0xff, 
0xce, 0x76, 0x29, 0xff, 0xd0, 0x79, 0x2a, 0xff, 0xd1, 0x79, 0x2a, 0xff, 0xdb, 0x8b, 0x34, 0xff, 
0xd3, 0x7d, 0x2c, 0xff, 0xd4, 0x7f, 0x2d, 0xff, 0xd6, 0x84, 0x2f, 0xff, 0xd0, 0x75, 0x27, 0xff, 
0xd2, 0x79, 0x2a, 0xff, 0xd0, 0x76, 0x28, 0xff, 0xd3, 0x7f, 0x2c, 0xff, 0xde, 0x93, 0x39, 0xff, 
0xd7, 0x85, 0x31, 0xff, 0xce, 0x74, 0x27, 0xff, 0xd9, 0x8a, 0x33, 0xff, 0xdc, 0x90, 0x36, 0xff, 
0xd9, 0x8a, 0x34, 0xff, 0xdd, 0x94, 0x38, 0xff, 0xdb, 0x8e, 0x35, 0xff, 0xdd, 0x93, 0x38, 0xff, 
0xd6, 0x86, 0x31, 0xff, 0xcb, 0x6f, 0x24, 0xff, 0xd4, 0x80, 0x2d, 0xff, 0xcb, 0x71, 0x26, 0xff, 
0xcf, 0x79, 0x2a, 0xff, 0xd9, 0x8c, 0x34, 0xff, 0xc8, 0x6b, 0x23, 0xff, 0xcd, 0x74, 0x28, 0xff, 
0xcc, 0x72, 0x26, 0xff, 0xc1, 0x64, 0x20, 0xff, 0xc1, 0x63, 0x20, 0xff, 0xce, 0x74, 0x28, 0xff, 
0xd2, 0x7c, 0x2c, 0xff, 0xba, 0x62, 0x21, 0xff, 0x98, 0x47, 0x17, 0xff, 0x8f, 0x40, 0x14, 0xff, 
0x96, 0x4d, 0x1a, 0xff, 0xc1, 0x6f, 0x27, 0xff, 0xa3, 0x50, 0x1a, 0xff, 0x89, 0x3c, 0x12, 0xff, 
0x88, 0x3c, 0x13, 0xff, 0x82, 0x3b, 0x13, 0xff, 0x88, 0x41, 0x15, 0xff, 0x7f, 0x3a, 0x13, 0xff, 
0x8e, 0x3e, 0x14, 0xff, 0xa3, 0x49, 0x17, 0xff, 0xb4, 0x58, 0x1c, 0xff, 0xc5, 0x69, 0x23, 0xff, 
0xc4, 0x66, 0x21, 0xff, 0xbc, 0x5e, 0x1e, 0xff, 0xc7, 0x6b, 0x23, 0xff, 0xd3, 0x7d, 0x2a, 0xff, 
0xd2, 0x7c, 0x2c, 0xff, 0xd2, 0x7b, 0x2b, 0xff, 0xd0, 0x78, 0x29, 0xff, 0xcf, 0x77, 0x29, 0xff, 
0xd2, 0x7c, 0x2b, 0xff, 0xd5, 0x80, 0x2d, 0xff, 0xcb, 0x70, 0x26, 0xff, 0xcd, 0x72, 0x27, 0xff, 
0xd5, 0x80, 0x2d, 0xff, 0xca, 0x6f, 0x25, 0xff, 0xcc, 0x74, 0x28, 0xff, 0xdb, 0x8a, 0x32, 0xff, 
0xcf, 0x73, 0x27, 0xff, 0xba, 0x5d, 0x1f, 0xff, 0x9a, 0x46, 0x16, 0xff, 0x8c, 0x3f, 0x15, 0xff, 
0x8e, 0x40, 0x15, 0xff, 0xaf, 0x57, 0x1c, 0xff, 0xa3, 0x4e, 0x19, 0xff, 0x8c, 0x3e, 0x14, 0xff, 
0x8b, 0x3f, 0x14, 0xff, 0x88, 0x3b, 0x13, 0xff, 0x8e, 0x3f, 0x14, 0xff, 0x9a, 0x4a, 0x18, 0xff, 
0x94, 0x44, 0x15, 0xff, 0x98, 0x45, 0x17, 0xff, 0x8e, 0x40, 0x16, 0xff, 0x7e, 0x35, 0x11, 0xff, 
0x8c, 0x40, 0x15, 0xff, 0xad, 0x60, 0x22, 0xff, 0xcb, 0x78, 0x2b, 0xff, 0xb6, 0x61, 0x21, 0xff, 
0xb2, 0x58, 0x1c, 0xff, 0xcd, 0x7a, 0x2a, 0xff, 0xdf, 0x92, 0x36, 0xff, 0xc1, 0x67, 0x22, 0xff, 
0xb7, 0x59, 0x1c, 0xff, 0xbb, 0x5e, 0x1f, 0xff, 0xb6, 0x5a, 0x1d, 0xff, 0xa9, 0x50, 0x1a, 0xff, 
0xa7, 0x4e, 0x19, 0xff, 0xaf, 0x53, 0x1a, 0xff, 0xa8, 0x51, 0x1a, 0xff, 0x95, 0x46, 0x17, 0xff, 
0x9f, 0x49, 0x18, 0xff, 0xa7, 0x4e, 0x19, 0xff, 0xb8, 0x5c, 0x1e, 0xff, 0xbd, 0x60, 0x20, 0xff, 
0xb1, 0x56, 0x1c, 0xff, 0xb9, 0x5c, 0x1e, 0xff, 0xca, 0x6e, 0x24, 0xff, 0xc3, 0x67, 0x22, 0xff, 
0xbf, 0x60, 0x1f, 0xff, 0xc4, 0x69, 0x22, 0xff, 0xcb, 0x74, 0x27, 0xff, 0xc2, 0x65, 0x21, 0xff, 
0xc5, 0x69, 0x22, 0xff, 0xd1, 0x7a, 0x2a, 0xff, 0xc2, 0x65, 0x20, 0xff, 0xc9, 0x6f, 0x25, 0xff, 
0xda, 0x8d, 0x34, 0xff, 0xe5, 0xa3, 0x42, 0xff, 0xe1, 0x9c, 0x3e, 0xff, 0xd8, 0x89, 0x32, 0xff, 
0xce, 0x7c, 0x2c, 0xff, 0xda, 0x92, 0x37, 0xff, 0xdf, 0x98, 0x3b, 0xff, 0xe9, 0xaa, 0x45, 0xff, 
0xe7, 0xa8, 0x45, 0xff, 0xdd, 0x95, 0x3a, 0xff, 0xdd, 0x95, 0x3a, 0xff, 0xdc, 0x92, 0x38, 0xff, 
0xd7, 0x8c, 0x35, 0xff, 0xcd, 0x79, 0x2b, 0xff, 0xd4, 0x7e, 0x2c, 0xff, 0xc6, 0x6c, 0x25, 0xff, 
0x8e, 0x3d, 0x13, 0xff, 0x8f, 0x41, 0x15, 0xff, 0xb3, 0x58, 0x1c, 0xff, 0xb3, 0x5b, 0x1f, 0xff, 
0xaa, 0x53, 0x1a, 0xff, 0xc9, 0x72, 0x26, 0xff, 0xd5, 0x82, 0x2e, 0xff, 0xcc, 0x79, 0x2b, 0xff, 
0xdd, 0x90, 0x36, 0xff, 0xe3, 0x9f, 0x3f, 0xff, 0xde, 0x95, 0x38, 0xff, 0xd0, 0x80, 0x2f, 0xff, 
0xd2, 0x85, 0x31, 0xff, 0xd8, 0x8b, 0x35, 0xff, 0xcd, 0x78, 0x2b, 0xff, 0xbe, 0x66, 0x22, 0xff, 
0xb7, 0x5c, 0x1e, 0xff, 0xc2, 0x6a, 0x24, 0xff, 0xce, 0x78, 0x2a, 0xff, 0xcc, 0x74, 0x28, 0xff, 
0xc5, 0x6c, 0x23, 0xff, 0xce, 0x7b, 0x2b, 0xff, 0xd3, 0x7e, 0x2d, 0xff, 0xcc, 0x73, 0x27, 0xff, 
0xb7, 0x5e, 0x20, 0xff, 0xa4, 0x4e, 0x19, 0xff, 0x9e, 0x48, 0x17, 0xff, 0xa8, 0x50, 0x1b, 0xff, 
0xbd, 0x62, 0x21, 0xff, 0xce, 0x76, 0x29, 0xff, 0xd8, 0x8a, 0x33, 0xff, 0xd0, 0x7d, 0x2c, 0xff, 
0xc3, 0x64, 0x20, 0xff, 0xb6, 0x54, 0x19, 0xff, 0xbe, 0x62, 0x21, 0xff, 0xd0, 0x7c, 0x2d, 0xff, 
0xd0, 0x7f, 0x2f, 0xff, 0xc9, 0x71, 0x27, 0xff, 0xc3, 0x68, 0x22, 0xff, 0xa6, 0x4d, 0x18, 0xff, 
0xac, 0x50, 0x1a, 0xff, 0xc1, 0x61, 0x1e, 0xff, 0xd8, 0x82, 0x2e, 0xff, 0xcd, 0x75, 0x28, 0xff, 
0xc6, 0x6a, 0x24, 0xff, 0xd6, 0x83, 0x2f, 0xff, 0xd2, 0x7c, 0x2b, 0xff, 0xd3, 0x7f, 0x2d, 0xff, 
0xc6, 0x69, 0x23, 0xff, 0xa9, 0x4c, 0x19, 0xff, 0xa9, 0x53, 0x1b, 0xff, 0xb5, 0x5d, 0x1f, 0xff, 
0xa6, 0x4b, 0x18, 0xff, 0xb4, 0x57, 0x1c, 0xff, 0xc7, 0x68, 0x21, 0xff, 0xe1, 0x98, 0x3a, 0xff, 
0xe9, 0xa9, 0x44, 0xff, 0xdc, 0x91, 0x37, 0xff, 0xe2, 0x9f, 0x40, 0xff, 0xe9, 0xad, 0x48, 0xff, 
0xd8, 0x86, 0x31, 0xff, 0xcf, 0x75, 0x28, 0xff, 0xca, 0x6e, 0x24, 0xff, 0xc8, 0x6b, 0x23, 0xff, 
0xcf, 0x76, 0x27, 0xff, 0xd0, 0x7b, 0x2b, 0xff, 0xc7, 0x6d, 0x25, 0xff, 0xc1, 0x63, 0x20, 0xff, 
0xca, 0x6d, 0x25, 0xff, 0xd0, 0x77, 0x28, 0xff, 0xd3, 0x7a, 0x29, 0xff, 0xcf, 0x76, 0x27, 0xff, 
0xcb, 0x70, 0x25, 0xff, 0xd2, 0x7a, 0x29, 0xff, 0xd2, 0x79, 0x2a, 0xff, 0xcb, 0x71, 0x26, 0xff, 
0xcd, 0x72, 0x25, 0xff, 0xd1, 0x77, 0x28, 0xff, 0xd0, 0x77, 0x28, 0xff, 0xc5, 0x68, 0x23, 0xff, 
0xbf, 0x61, 0x1f, 0xff, 0xd2, 0x7d, 0x2c, 0xff, 0xd8, 0x85, 0x2f, 0xff, 0xbd, 0x5e, 0x1e, 0xff, 
0x91, 0x39, 0x10, 0xff, 0x96, 0x43, 0x15, 0xff, 0xb1, 0x56, 0x1c, 0xff, 0xb7, 0x59, 0x1c, 0xff, 
0xc6, 0x68, 0x22, 0xff, 0xc5, 0x68, 0x22, 0xff, 0xbb, 0x5c, 0x1c, 0xff, 0xc5, 0x69, 0x23, 0xff, 
0xce, 0x79, 0x2b, 0xff, 0xce, 0x79, 0x2a, 0xff, 0xc1, 0x63, 0x20, 0xff, 0xbe, 0x60, 0x1f, 0xff, 
0xc7, 0x6c, 0x24, 0xff, 0xcf, 0x77, 0x29, 0xff, 0xd5, 0x81, 0x2e, 0xff, 0xd9, 0x86, 0x30, 0xff, 
0xd2, 0x7b, 0x2b, 0xff, 0xc4, 0x66, 0x21, 0xff, 0xcc, 0x71, 0x26, 0xff, 0xd3, 0x7c, 0x2c, 0xff, 
0xd0, 0x79, 0x2a, 0xff, 0xd0, 0x77, 0x28, 0xff, 0xd1, 0x77, 0x28, 0xff, 0xce, 0x74, 0x27, 0xff, 
0xd2, 0x7a, 0x2a, 0xff, 0xd3, 0x7c, 0x2b, 0xff, 0xda, 0x8b, 0x33, 0xff, 0xe9, 0xa8, 0x43, 0xff, 
0xd0, 0x80, 0x2f, 0xff, 0xb9, 0x5c, 0x1d, 0xff, 0xd4, 0x80, 0x2d, 0xff, 0xd6, 0x83, 0x2f, 0xff, 
0xd2, 0x7c, 0x2b, 0xff, 0xd3, 0x7b, 0x2b, 0xff, 0xd3, 0x7b, 0x2a, 0xff, 0xc9, 0x6f, 0x25, 0xff, 
0xcb, 0x70, 0x25, 0xff, 0xd0, 0x78, 0x28, 0xff, 0xde, 0x8f, 0x35, 0xff, 0xe6, 0x9a, 0x39, 0xff, 
0xd7, 0x83, 0x2f, 0xff, 0xcb, 0x71, 0x26, 0xff, 0xce, 0x75, 0x27, 0xff, 0xd7, 0x83, 0x2f, 0xff, 
0xd9, 0x86, 0x30, 0xff, 0xd6, 0x82, 0x2e, 0xff, 0xcd, 0x75, 0x28, 0xff, 0xd4, 0x81, 0x2e, 0xff, 
0xd8, 0x80, 0x2d, 0xff, 0xd0, 0x77, 0x29, 0xff, 0xcc, 0x73, 0x27, 0xff, 0xd0, 0x76, 0x28, 0xff, 
0xd3, 0x7c, 0x2a, 0xff, 0xce, 0x74, 0x27, 0xff, 0xce, 0x77, 0x29, 0xff, 0xd3, 0x7f, 0x2d, 0xff, 
0xd1, 0x79, 0x2a, 0xff, 0xd0, 0x77, 0x29, 0xff, 0xd7, 0x82, 0x2f, 0xff, 0xd7, 0x83, 0x2f, 0xff, 
0xde, 0x93, 0x38, 0xff, 0xe2, 0x9d, 0x3d, 0xff, 0xe0, 0x97, 0x3a, 0xff, 0xe5, 0xa4, 0x42, 0xff, 
0xdc, 0x91, 0x37, 0xff, 0xcf, 0x75, 0x27, 0xff, 0xc7, 0x6b, 0x23, 0xff, 0xc6, 0x68, 0x21, 0xff, 
0xde, 0x95, 0x3a, 0xff, 0xda, 0x8e, 0x36, 0xff, 0xcc, 0x6f, 0x24, 0xff, 0xd0, 0x78, 0x29, 0xff, 
0xce, 0x75, 0x27, 0xff, 0xcb, 0x71, 0x26, 0xff, 0xce, 0x77, 0x2a, 0xff, 0xd3, 0x7f, 0x2e, 0xff, 
0xc7, 0x6b, 0x24, 0xff, 0xa7, 0x4b, 0x17, 0xff, 0x81, 0x3b, 0x13, 0xff, 0x69, 0x29, 0x0c, 0xff, 
0xb2, 0x69, 0x26, 0xff, 0xd8, 0x80, 0x2e, 0xff, 0xb2, 0x53, 0x1b, 0xff, 0x89, 0x3e, 0x14, 0xff, 
0x7f, 0x3a, 0x12, 0xff, 0x80, 0x3b, 0x13, 0xff, 0x7e, 0x3b, 0x13, 0xff, 0x7d, 0x38, 0x12, 0xff, 
0xa0, 0x4d, 0x18, 0xff, 0xb9, 0x5b, 0x1d, 0xff, 0xbb, 0x5e, 0x1e, 0xff, 0xc3, 0x66, 0x23, 0xff, 
0xb0, 0x55, 0x1c, 0xff, 0xc0, 0x63, 0x20, 0xff, 0xca, 0x6f, 0x25, 0xff, 0xce, 0x78, 0x29, 0xff, 
0xcd, 0x74, 0x27, 0xff, 0xd0, 0x77, 0x29, 0xff, 0xd7, 0x82, 0x2f, 0xff, 0xd5, 0x80, 0x2d, 0xff, 
0xca, 0x6f, 0x25, 0xff, 0xc8, 0x6e, 0x25, 0xff, 0xc7, 0x6c, 0x23, 0xff, 0xc4, 0x67, 0x22, 0xff, 
0xc7, 0x6e, 0x26, 0xff, 0xcf, 0x76, 0x28, 0xff, 0xc3, 0x65, 0x20, 0xff, 0xbd, 0x5c, 0x1d, 0xff, 
0xc3, 0x64, 0x21, 0xff, 0xb4, 0x5b, 0x1e, 0xff, 0x92, 0x42, 0x15, 0xff, 0x8c, 0x3f, 0x15, 0xff, 
0xa7, 0x50, 0x1a, 0xff, 0xad, 0x54, 0x1b, 0xff, 0x88, 0x3e, 0x14, 0xff, 0x86, 0x3c, 0x14, 0xff, 
0x8b, 0x3d, 0x14, 0xff, 0x9c, 0x4c, 0x19, 0xff, 0x7e, 0x39, 0x11, 0xff, 0x75, 0x31, 0x0f, 0xff, 
0xa3, 0x4e, 0x1a, 0xff, 0x9c, 0x47, 0x17, 0xff, 0x8b, 0x3e, 0x14, 0xff, 0x9f, 0x50, 0x1b, 0xff, 
0xbb, 0x67, 0x23, 0xff, 0xe5, 0x97, 0x39, 0xff, 0xd7, 0x87, 0x32, 0xff, 0xcf, 0x79, 0x2a, 0xff, 
0xce, 0x75, 0x29, 0xff, 0xc0, 0x64, 0x21, 0xff, 0xba, 0x5f, 0x1f, 0xff, 0xbd, 0x60, 0x1f, 0xff, 
0xc3, 0x64, 0x21, 0xff, 0xbc, 0x5e, 0x1e, 0xff, 0xbc, 0x5e, 0x1e, 0xff, 0xaf, 0x54, 0x1b, 0xff, 
0xa1, 0x4b, 0x19, 0xff, 0xaa, 0x50, 0x1a, 0xff, 0xaf, 0x53, 0x1b, 0xff, 0xa8, 0x50, 0x1a, 0xff, 
0xad, 0x55, 0x1b, 0xff, 0xb6, 0x5b, 0x1e, 0xff, 0xb5, 0x58, 0x1c, 0xff, 0xb2, 0x58, 0x1c, 0xff, 
0xb1, 0x56, 0x1c, 0xff, 0xbe, 0x62, 0x21, 0xff, 0xd1, 0x7a, 0x2a, 0xff, 0xce, 0x74, 0x26, 0xff, 
0xc3, 0x66, 0x21, 0xff, 0xb9, 0x5d, 0x1e, 0xff, 0xbc, 0x61, 0x1f, 0xff, 0xce, 0x74, 0x27, 0xff, 
0xcd, 0x72, 0x27, 0xff, 0xc4, 0x67, 0x22, 0xff, 0xbe, 0x61, 0x1e, 0xff, 0xbe, 0x5d, 0x1d, 0xff, 
0xbe, 0x5f, 0x1d, 0xff, 0xd6, 0x8a, 0x34, 0xff, 0xe5, 0xa3, 0x3f, 0xff, 0xd4, 0x82, 0x2e, 0xff, 
0xc5, 0x6c, 0x24, 0xff, 0xd0, 0x7e, 0x2d, 0xff, 0xd9, 0x8e, 0x36, 0xff, 0xdd, 0x94, 0x39, 0xff, 
0xde, 0x97, 0x3b, 0xff, 0xd9, 0x90, 0x37, 0xff, 0xd6, 0x88, 0x33, 0xff, 0xd8, 0x8b, 0x33, 0xff, 
0xda, 0x8b, 0x33, 0xff, 0xba, 0x5e, 0x1f, 0xff, 0xc1, 0x68, 0x22, 0xff, 0xc7, 0x6f, 0x26, 0xff, 
0xb0, 0x57, 0x1c, 0xff, 0xb5, 0x5b, 0x1e, 0xff, 0xab, 0x51, 0x19, 0xff, 0xac, 0x54, 0x1b, 0xff, 
0xb4, 0x5c, 0x1f, 0xff, 0xc7, 0x70, 0x26, 0xff, 0xe3, 0x98, 0x39, 0xff, 0xe5, 0x9b, 0x3c, 0xff, 
0xda, 0x8b, 0x34, 0xff, 0xda, 0x91, 0x38, 0xff, 0xde, 0x96, 0x3a, 0xff, 0xdb, 0x90, 0x38, 0xff, 
0xde, 0x96, 0x3b, 0xff, 0xd6, 0x89, 0x33, 0xff, 0xd1, 0x7d, 0x2d, 0xff, 0xdb, 0x91, 0x37, 0xff, 
0xda, 0x8d, 0x35, 0xff, 0xd8, 0x87, 0x31, 0xff, 0xd2, 0x80, 0x2d, 0xff, 0xd0, 0x79, 0x2a, 0xff, 
0xcf, 0x77, 0x29, 0xff, 0xce, 0x79, 0x2a, 0xff, 0xca, 0x76, 0x2a, 0xff, 0xc3, 0x6d, 0x25, 0xff, 
0xca, 0x75, 0x29, 0xff, 0xb7, 0x5e, 0x1e, 0xff, 0xac, 0x51, 0x19, 0xff, 0xba, 0x64, 0x22, 0xff, 
0xcb, 0x74, 0x28, 0xff, 0xcc, 0x76, 0x29, 0xff, 0xc4, 0x69, 0x23, 0xff, 0xc5, 0x66, 0x21, 0xff, 
0xc4, 0x65, 0x1f, 0xff, 0xca, 0x6f, 0x25, 0xff, 0xd3, 0x7f, 0x2e, 0xff, 0xed, 0xac, 0x45, 0xff, 
0xe8, 0xa0, 0x3e, 0xff, 0xbf, 0x65, 0x22, 0xff, 0xb0, 0x55, 0x1b, 0xff, 0xb3, 0x55, 0x1b, 0xff, 
0xb2, 0x55, 0x1b, 0xff, 0xbb, 0x5c, 0x1d, 0xff, 0xbe, 0x60, 0x1f, 0xff, 0xb7, 0x5a, 0x1c, 0xff, 
0xbf, 0x63, 0x20, 0xff, 0xce, 0x79, 0x2a, 0xff, 0xc2, 0x67, 0x22, 0xff, 0xd1, 0x7d, 0x2d, 0xff, 
0xd4, 0x7f, 0x2d, 0xff, 0xab, 0x4c, 0x17, 0xff, 0x97, 0x43, 0x16, 0xff, 0x85, 0x3b, 0x13, 0xff, 
0x99, 0x49, 0x18, 0xff, 0xd3, 0x7e, 0x2d, 0xff, 0xc1, 0x6c, 0x25, 0xff, 0xc0, 0x66, 0x23, 0xff, 
0xd9, 0x8c, 0x34, 0xff, 0xe9, 0xa9, 0x45, 0xff, 0xf3, 0xc2, 0x55, 0xff, 0xdc, 0x98, 0x3d, 0xff, 
0xc2, 0x62, 0x1f, 0xff, 0xc6, 0x67, 0x22, 0xff, 0xcb, 0x71, 0x26, 0xff, 0xd3, 0x7b, 0x2b, 0xff, 
0xd3, 0x7c, 0x2a, 0xff, 0xd5, 0x82, 0x2e, 0xff, 0xd2, 0x7a, 0x2b, 0xff, 0xc6, 0x68, 0x22, 0xff, 
0xc4, 0x67, 0x22, 0xff, 0xc2, 0x66, 0x22, 0xff, 0xc3, 0x66, 0x21, 0xff, 0xcd, 0x73, 0x26, 0xff, 
0xca, 0x6f, 0x24, 0xff, 0xca, 0x6e, 0x24, 0xff, 0xc6, 0x69, 0x23, 0xff, 0xcc, 0x71, 0x27, 0xff, 
0xc9, 0x71, 0x26, 0xff, 0xc1, 0x67, 0x22, 0xff, 0xcc, 0x72, 0x26, 0xff, 0xc6, 0x69, 0x23, 0xff, 
0xcb, 0x70, 0x26, 0xff, 0xc7, 0x6b, 0x23, 0xff, 0xc5, 0x6a, 0x23, 0xff, 0xd2, 0x7f, 0x2e, 0xff, 
0xcf, 0x7f, 0x2f, 0xff, 0xd3, 0x87, 0x32, 0xff, 0xd0, 0x7a, 0x2b, 0xff, 0xbc, 0x5e, 0x1e, 0xff, 
0xbd, 0x5f, 0x1e, 0xff, 0xc3, 0x65, 0x20, 0xff, 0xc5, 0x69, 0x23, 0xff, 0xbf, 0x61, 0x1f, 0xff, 
0xbe, 0x60, 0x1f, 0xff, 0xd3, 0x7f, 0x2c, 0xff, 0xd5, 0x81, 0x2e, 0xff, 0xc1, 0x66, 0x22, 0xff, 
0xc0, 0x64, 0x21, 0xff, 0xca, 0x6f, 0x26, 0xff, 0xcc, 0x71, 0x26, 0xff, 0xc6, 0x69, 0x23, 0xff, 
0xca, 0x70, 0x25, 0xff, 0xd0, 0x78, 0x29, 0xff, 0xce, 0x75, 0x28, 0xff, 0xd5, 0x82, 0x2e, 0xff, 
0xcf, 0x77, 0x28, 0xff, 0xd1, 0x79, 0x2a, 0xff, 0xcf, 0x75, 0x27, 0xff, 0xc3, 0x65, 0x20, 0xff, 
0xcc, 0x73, 0x27, 0xff, 0xd7, 0x83, 0x2f, 0xff, 0xd4, 0x7f, 0x2d, 0xff, 0xd5, 0x82, 0x2f, 0xff, 
0xd9, 0x89, 0x32, 0xff, 0xd6, 0x7f, 0x2d, 0xff, 0xd2, 0x79, 0x29, 0xff, 0xce, 0x76, 0x29, 0xff, 
0xcd, 0x74, 0x28, 0xff, 0xcf, 0x75, 0x27, 0xff, 0xd1, 0x76, 0x26, 0xff, 0xcf, 0x75, 0x28, 0xff, 
0xce, 0x75, 0x28, 0xff, 0xce, 0x75, 0x28, 0xff, 0xd3, 0x7e, 0x2c, 0xff, 0xd1, 0x7a, 0x29, 0xff, 
0xca, 0x6f, 0x24, 0xff, 0xc2, 0x64, 0x20, 0xff, 0xc6, 0x68, 0x22, 0xff, 0xd2, 0x7d, 0x2d, 0xff, 
0xd5, 0x86, 0x30, 0xff, 0xca, 0x6f, 0x25, 0xff, 0xc1, 0x66, 0x22, 0xff, 0xb0, 0x58, 0x1d, 0xff, 
0xab, 0x50, 0x19, 0xff, 0xaa, 0x4c, 0x17, 0xff, 0xbf, 0x60, 0x1f, 0xff, 0xc8, 0x6e, 0x25, 0xff, 
0xc3, 0x66, 0x21, 0xff, 0xc3, 0x65, 0x21, 0xff, 0xcd, 0x75, 0x28, 0xff, 0xc9, 0x6e, 0x25, 0xff, 
0xcc, 0x73, 0x27, 0xff, 0xd8, 0x82, 0x2e, 0xff, 0xcd, 0x73, 0x27, 0xff, 0xcc, 0x71, 0x26, 0xff, 
0xda, 0x89, 0x32, 0xff, 0xe0, 0x97, 0x3a, 0xff, 0xd8, 0x86, 0x30, 0xff, 0xe1, 0x98, 0x3a, 0xff, 
0xe6, 0xa5, 0x42, 0xff, 0xd0, 0x7b, 0x2b, 0xff, 0xc8, 0x69, 0x21, 0xff, 0xd3, 0x7c, 0x2b, 0xff, 
0xd8, 0x87, 0x31, 0xff, 0xd4, 0x82, 0x2e, 0xff, 0xd7, 0x88, 0x32, 0xff, 0xd7, 0x87, 0x31, 0xff, 
0xdb, 0x8d, 0x34, 0xff, 0xdd, 0x8f, 0x35, 0xff, 0xcf, 0x7a, 0x2b, 0xff, 0xd0, 0x7b, 0x2b, 0xff, 
0xcd, 0x76, 0x2a, 0xff, 0xcb, 0x6f, 0x26, 0xff, 0xa3, 0x4d, 0x19, 0xff, 0x81, 0x39, 0x12, 0xff, 
0x80, 0x3b, 0x13, 0xff, 0x92, 0x44, 0x16, 0xff, 0xa4, 0x4c, 0x19, 0xff, 0x92, 0x43, 0x16, 0xff, 
0x7a, 0x37, 0x11, 0xff, 0x74, 0x35, 0x10, 0xff, 0x85, 0x3c, 0x14, 0xff, 0x95, 0x44, 0x16, 0xff, 
0xa0, 0x4d, 0x19, 0xff, 0xb1, 0x56, 0x1c, 0xff, 0xbd, 0x60, 0x1f, 0xff, 0xc3, 0x67, 0x22, 0xff, 
0xba, 0x63, 0x21, 0xff, 0xc3, 0x68, 0x22, 0xff, 0xc5, 0x69, 0x23, 0xff, 0xc6, 0x6a, 0x24, 0xff, 
0xc2, 0x65, 0x22, 0xff, 0xc0, 0x63, 0x20, 0xff, 0xca, 0x72, 0x27, 0xff, 0xc3, 0x6a, 0x23, 0xff, 
0xb1, 0x52, 0x1a, 0xff, 0xb8, 0x59, 0x1d, 0xff, 0xc7, 0x6b, 0x23, 0xff, 0xc1, 0x64, 0x21, 0xff, 
0xbd, 0x5f, 0x1e, 0xff, 0xc1, 0x63, 0x20, 0xff, 0xbf, 0x62, 0x1f, 0xff, 0xb5, 0x57, 0x1c, 0xff, 
0xba, 0x5b, 0x1d, 0xff, 0xa8, 0x4f, 0x19, 0xff, 0x97, 0x46, 0x17, 0xff, 0xa6, 0x4f, 0x1a, 0xff, 
0xad, 0x53, 0x1b, 0xff, 0x96, 0x45, 0x16, 0xff, 0x93, 0x43, 0x16, 0xff, 0xa0, 0x4c, 0x19, 0xff, 
0x99, 0x4a, 0x18, 0xff, 0xbf, 0x69, 0x24, 0xff, 0xd2, 0x80, 0x2d, 0xff, 0x98, 0x4c, 0x19, 0xff, 
0xb6, 0x61, 0x21, 0xff, 0xb8, 0x5f, 0x1f, 0xff, 0xbb, 0x64, 0x21, 0xff, 0xca, 0x72, 0x28, 0xff, 
0xc5, 0x70, 0x28, 0xff, 0xde, 0x93, 0x37, 0xff, 0xe0, 0x94, 0x37, 0xff, 0xcb, 0x7b, 0x2d, 0xff, 
0xc9, 0x75, 0x2a, 0xff, 0xbf, 0x65, 0x22, 0xff, 0xb6, 0x57, 0x1c, 0xff, 0xc5, 0x67, 0x21, 0xff, 
0xaa, 0x53, 0x1b, 0xff, 0x9e, 0x49, 0x18, 0xff, 0xa7, 0x4f, 0x19, 0xff, 0xa6, 0x50, 0x1a, 0xff, 
0xa3, 0x4d, 0x19, 0xff, 0xa2, 0x4a, 0x19, 0xff, 0xb4, 0x58, 0x1d, 0xff, 0xb5, 0x59, 0x1d, 0xff, 
0xb1, 0x57, 0x1c, 0xff, 0xb4, 0x59, 0x1d, 0xff, 0xaf, 0x56, 0x1c, 0xff, 0x9f, 0x4c, 0x18, 0xff, 
0xb6, 0x5f, 0x20, 0xff, 0xd3, 0x7a, 0x2a, 0xff, 0xc5, 0x6c, 0x23, 0xff, 0xbb, 0x5f, 0x1f, 0xff, 
0xbe, 0x63, 0x20, 0xff, 0xbf, 0x63, 0x20, 0xff, 0xc7, 0x6c, 0x24, 0xff, 0xc9, 0x70, 0x25, 0xff, 
0xc2, 0x64, 0x22, 0xff, 0xc1, 0x65, 0x21, 0xff, 0xbf, 0x65, 0x21, 0xff, 0xbd, 0x61, 0x21, 0xff, 
0xb7, 0x56, 0x1a, 0xff, 0xcb, 0x72, 0x27, 0xff, 0xe4, 0x9f, 0x3e, 0xff, 0xd8, 0x8a, 0x33, 0xff, 
0xd2, 0x7f, 0x2d, 0xff, 0xd3, 0x7f, 0x2e, 0xff, 0xdd, 0x91, 0x36, 0xff, 0xd5, 0x83, 0x2f, 0xff, 
0xcb, 0x70, 0x25, 0xff, 0xd3, 0x81, 0x2e, 0xff, 0xdf, 0x93, 0x38, 0xff, 0xdb, 0x8e, 0x35, 0xff, 
0xd8, 0x86, 0x30, 0xff, 0xc2, 0x69, 0x23, 0xff, 0xbe, 0x65, 0x22, 0xff, 0xd1, 0x78, 0x29, 0xff, 
0xc9, 0x70, 0x26, 0xff, 0xaa, 0x50, 0x1a, 0xff, 0x9c, 0x46, 0x16, 0xff, 0xac, 0x57, 0x1c, 0xff, 
0xc4, 0x6b, 0x24, 0xff, 0xc0, 0x66, 0x22, 0xff, 0xcd, 0x77, 0x2a, 0xff, 0xde, 0x92, 0x37, 0xff, 
0xdd, 0x93, 0x38, 0xff, 0xe3, 0x9f, 0x40, 0xff, 0xdf, 0x98, 0x3b, 0xff, 0xdf, 0x98, 0x3b, 0xff, 
0xe0, 0x99, 0x3c, 0xff, 0xe0, 0x97, 0x3a, 0xff, 0xd9, 0x8d, 0x35, 0xff, 0xdc, 0x93, 0x38, 0xff, 
0xde, 0x95, 0x38, 0xff, 0xd9, 0x8b, 0x33, 0xff, 0xdb, 0x8e, 0x34, 0xff, 0xd1, 0x7b, 0x2b, 0xff, 
0xc2, 0x68, 0x23, 0xff, 0xb7, 0x5c, 0x1e, 0xff, 0xbf, 0x64, 0x21, 0xff, 0xba, 0x5d, 0x1e, 0xff, 
0xc3, 0x67, 0x22, 0xff, 0xc3, 0x66, 0x21, 0xff, 0xc0, 0x62, 0x1f, 0xff, 0xcf, 0x7d, 0x2c, 0xff, 
0xda, 0x8c, 0x34, 0xff, 0xc7, 0x6a, 0x23, 0xff, 0xbc, 0x5c, 0x1d, 0xff, 0xbd, 0x5d, 0x1d, 0xff, 
0xce, 0x76, 0x28, 0xff, 0xdb, 0x8e, 0x35, 0xff, 0xdf, 0x97, 0x3a, 0xff, 0xdc, 0x91, 0x37, 0xff, 
0xbb, 0x5c, 0x1d, 0xff, 0xb8, 0x5a, 0x1c, 0xff, 0xb9, 0x5c, 0x1e, 0xff, 0xbf, 0x61, 0x20, 0xff, 
0xc8, 0x6e, 0x25, 0xff, 0xcb, 0x72, 0x27, 0xff, 0xb5, 0x5a, 0x1d, 0xff, 0xb7, 0x5b, 0x1d, 0xff, 
0xba, 0x5d, 0x1e, 0xff, 0xb1, 0x51, 0x19, 0xff, 0xb6, 0x56, 0x1a, 0xff, 0xc2, 0x65, 0x21, 0xff, 
0xe2, 0x9a, 0x3c, 0xff, 0xd7, 0x8b, 0x34, 0xff, 0xc8, 0x70, 0x26, 0xff, 0xb8, 0x60, 0x21, 0xff, 
0xb3, 0x5b, 0x1e, 0xff, 0xc4, 0x6a, 0x24, 0xff, 0xaf, 0x52, 0x1a, 0xff, 0xb2, 0x4e, 0x17, 0xff, 
0xc4, 0x66, 0x21, 0xff, 0xce, 0x75, 0x28, 0xff, 0xdb, 0x8f, 0x36, 0xff, 0xda, 0x8d, 0x35, 0xff, 
0xcb, 0x6e, 0x25, 0xff, 0xc3, 0x62, 0x1e, 0xff, 0xca, 0x6f, 0x26, 0xff, 0xd8, 0x86, 0x30, 0xff, 
0xd3, 0x7c, 0x2b, 0xff, 0xbb, 0x5c, 0x1d, 0xff, 0xb4, 0x58, 0x1c, 0xff, 0xc3, 0x67, 0x22, 0xff, 
0xbd, 0x5f, 0x1e, 0xff, 0xbd, 0x5d, 0x1e, 0xff, 0xc4, 0x66, 0x21, 0xff, 0xcd, 0x72, 0x26, 0xff, 
0xc6, 0x6a, 0x23, 0xff, 0xbb, 0x5d, 0x1e, 0xff, 0xc0, 0x63, 0x20, 0xff, 0xca, 0x6f, 0x25, 0xff, 
0xcb, 0x72, 0x27, 0xff, 0xbe, 0x62, 0x20, 0xff, 0xc2, 0x63, 0x21, 0xff, 0xcb, 0x6f, 0x25, 0xff, 
0xd0, 0x76, 0x28, 0xff, 0xc1, 0x62, 0x1f, 0xff, 0xba, 0x5a, 0x1c, 0xff, 0xd5, 0x81, 0x2e, 0xff, 
0xda, 0x88, 0x31, 0xff, 0xdd, 0x90, 0x35, 0xff, 0xd7, 0x86, 0x31, 0xff, 0xcc, 0x71, 0x26, 0xff, 
0xc4, 0x68, 0x21, 0xff, 0xc1, 0x64, 0x20, 0xff, 0xc5, 0x67, 0x22, 0xff, 0xbc, 0x5d, 0x1d, 0xff, 
0xba, 0x5a, 0x1c, 0xff, 0xc0, 0x65, 0x21, 0xff, 0xc2, 0x6a, 0x24, 0xff, 0xc4, 0x6b, 0x23, 0xff, 
0xbe, 0x63, 0x22, 0xff, 0xbf, 0x64, 0x22, 0xff, 0xc8, 0x6c, 0x23, 0xff, 0xc7, 0x6c, 0x25, 0xff, 
0xcf, 0x7a, 0x2b, 0xff, 0xd1, 0x7b, 0x2a, 0xff, 0xce, 0x76, 0x27, 0xff, 0xd1, 0x7c, 0x2b, 0xff, 
0xd1, 0x7a, 0x2a, 0xff, 0xcb, 0x71, 0x26, 0xff, 0xc8, 0x6d, 0x24, 0xff, 0xc7, 0x69, 0x24, 0xff, 
0xc4, 0x65, 0x21, 0xff, 0xce, 0x75, 0x27, 0xff, 0xd4, 0x82, 0x2e, 0xff, 0xc9, 0x6c, 0x24, 0xff, 
0xcf, 0x75, 0x27, 0xff, 0xc7, 0x6e, 0x25, 0xff, 0xc6, 0x6c, 0x25, 0xff, 0xcf, 0x78, 0x29, 0xff, 
0xcc, 0x71, 0x25, 0xff, 0xc2, 0x65, 0x21, 0xff, 0xc0, 0x67, 0x23, 0xff, 0xc8, 0x6f, 0x25, 0xff, 
0xc6, 0x6b, 0x23, 0xff, 0xcb, 0x71, 0x26, 0xff, 0xcf, 0x77, 0x28, 0xff, 0xcc, 0x71, 0x26, 0xff, 
0xc4, 0x66, 0x21, 0xff, 0xcd, 0x72, 0x26, 0xff, 0xd8, 0x81, 0x2d, 0xff, 0xc3, 0x6d, 0x25, 0xff, 
0xb7, 0x5c, 0x1e, 0xff, 0xa6, 0x4b, 0x17, 0xff, 0xb6, 0x5a, 0x1d, 0xff, 0xb1, 0x5b, 0x1d, 0xff, 
0x87, 0x38, 0x12, 0xff, 0x99, 0x44, 0x15, 0xff, 0x98, 0x42, 0x14, 0xff, 0xa4, 0x4d, 0x18, 0xff, 
0xbb, 0x5d, 0x1e, 0xff, 0xbe, 0x5e, 0x1d, 0xff, 0xc9, 0x6d, 0x24, 0xff, 0xdc, 0x8b, 0x33, 0xff, 
0xcb, 0x75, 0x29, 0xff, 0xbe, 0x60, 0x1f, 0xff, 0xca, 0x6b, 0x23, 0xff, 0xc8, 0x6b, 0x23, 0xff, 
0xbf, 0x60, 0x1e, 0xff, 0xd0, 0x7b, 0x2c, 0xff, 0xd6, 0x84, 0x30, 0xff, 0xcd, 0x73, 0x27, 0xff, 
0xdd, 0x93, 0x38, 0xff, 0xe3, 0xa0, 0x3f, 0xff, 0xd0, 0x78, 0x29, 0xff, 0xcc, 0x71, 0x26, 0xff, 
0xca, 0x6d, 0x24, 0xff, 0xca, 0x6e, 0x24, 0xff, 0xcc, 0x73, 0x27, 0xff, 0xd6, 0x86, 0x30, 0xff, 
0xdc, 0x90, 0x36, 0xff, 0xd8, 0x88, 0x31, 0xff, 0xcf, 0x78, 0x29, 0xff, 0xca, 0x70, 0x26, 0xff, 
0xd3, 0x7d, 0x2c, 0xff, 0xd7, 0x81, 0x2d, 0xff, 0xb8, 0x5b, 0x1e, 0xff, 0xa8, 0x4f, 0x1a, 0xff, 
0x91, 0x42, 0x15, 0xff, 0x6a, 0x2d, 0x0e, 0xff, 0x74, 0x34, 0x11, 0xff, 0x77, 0x37, 0x11, 0xff, 
0x83, 0x3b, 0x13, 0xff, 0x8c, 0x3e, 0x14, 0xff, 0x95, 0x44, 0x16, 0xff, 0xad, 0x55, 0x1b, 0xff, 
0x8e, 0x41, 0x15, 0xff, 0x94, 0x40, 0x16, 0xff, 0xba, 0x5e, 0x1f, 0xff, 0xc7, 0x6b, 0x23, 0xff, 
0xce, 0x74, 0x27, 0xff, 0xcd, 0x72, 0x26, 0xff, 0xbc, 0x5e, 0x1e, 0xff, 0xb9, 0x5d, 0x1e, 0xff, 
0xc2, 0x64, 0x20, 0xff, 0xbc, 0x60, 0x1f, 0xff, 0xb0, 0x54, 0x1a, 0xff, 0xb1, 0x52, 0x19, 0xff, 
0xb8, 0x5b, 0x1d, 0xff, 0xbd, 0x61, 0x1f, 0xff, 0xba, 0x5d, 0x1e, 0xff, 0xba, 0x5c, 0x1e, 0xff, 
0xc5, 0x69, 0x22, 0xff, 0xc2, 0x66, 0x21, 0xff, 0xb6, 0x59, 0x1c, 0xff, 0xac, 0x52, 0x1b, 0xff, 
0xa8, 0x50, 0x1a, 0xff, 0xb0, 0x55, 0x1c, 0xff, 0xba, 0x5c, 0x1e, 0xff, 0xa8, 0x50, 0x1a, 0xff, 
0xa2, 0x4d, 0x19, 0xff, 0x9b, 0x49, 0x17, 0xff, 0x9b, 0x48, 0x17, 0xff, 0x99, 0x44, 0x16, 0xff, 
0xa1, 0x54, 0x1c, 0xff, 0xa0, 0x54, 0x1c, 0xff, 0xc7, 0x71, 0x28, 0xff, 0xdf, 0x87, 0x30, 0xff, 
0xd3, 0x7c, 0x2b, 0xff, 0xda, 0x83, 0x2e, 0xff, 0xdc, 0x88, 0x30, 0xff, 0xc9, 0x75, 0x29, 0xff, 
0xc0, 0x6a, 0x24, 0xff, 0xbe, 0x6a, 0x25, 0xff, 0xb2, 0x5c, 0x1f, 0xff, 0x97, 0x41, 0x14, 0xff, 
0xa2, 0x4c, 0x18, 0xff, 0xc4, 0x6c, 0x25, 0xff, 0xc6, 0x6a, 0x23, 0xff, 0xa8, 0x4e, 0x18, 0xff, 
0xa2, 0x4d, 0x19, 0xff, 0xae, 0x55, 0x1c, 0xff, 0xa9, 0x4f, 0x19, 0xff, 0x9d, 0x49, 0x18, 0xff, 
0x95, 0x45, 0x16, 0xff, 0x98, 0x46, 0x16, 0xff, 0x9d, 0x49, 0x18, 0xff, 0x9f, 0x49, 0x18, 0xff, 
0xa7, 0x50, 0x1a, 0xff, 0xbc, 0x5e, 0x1e, 0xff, 0xb8, 0x5e, 0x1e, 0xff, 0xb6, 0x5f, 0x20, 0xff, 
0xbc, 0x62, 0x20, 0xff, 0xc3, 0x68, 0x22, 0xff, 0xbf, 0x61, 0x1f, 0xff, 0xb7, 0x5a, 0x1d, 0xff, 
0xb8, 0x5b, 0x1d, 0xff, 0xc5, 0x6c, 0x24, 0xff, 0xd9, 0x85, 0x30, 0xff, 0xcd, 0x76, 0x29, 0xff, 
0xc1, 0x64, 0x20, 0xff, 0xb9, 0x5b, 0x1d, 0xff, 0xbc, 0x5f, 0x1f, 0xff, 0xcf, 0x7c, 0x2c, 0xff, 
0xd8, 0x8b, 0x33, 0xff, 0xd3, 0x7d, 0x2c, 0xff, 0xdd, 0x95, 0x39, 0xff, 0xdf, 0x97, 0x3a, 0xff, 
0xd1, 0x7c, 0x2b, 0xff, 0xc6, 0x70, 0x26, 0xff, 0xcd, 0x7a, 0x2c, 0xff, 0xd9, 0x8b, 0x34, 0xff, 
0xd6, 0x86, 0x31, 0xff, 0xd3, 0x81, 0x2e, 0xff, 0xcc, 0x77, 0x2a, 0xff, 0xd2, 0x80, 0x2e, 0xff, 
0xd1, 0x7d, 0x2c, 0xff, 0xd4, 0x7f, 0x2c, 0xff, 0xd1, 0x79, 0x2a, 0xff, 0xd8, 0x85, 0x2f, 0xff, 
0xd5, 0x7f, 0x2c, 0xff, 0xc9, 0x71, 0x26, 0xff, 0xc6, 0x71, 0x28, 0xff, 0xc4, 0x69, 0x23, 0xff, 
0xcb, 0x70, 0x26, 0xff, 0xc5, 0x6e, 0x26, 0xff, 0xcc, 0x73, 0x28, 0xff, 0xd8, 0x8a, 0x34, 0xff, 
0xde, 0x95, 0x39, 0xff, 0xde, 0x95, 0x39, 0xff, 0xde, 0x95, 0x39, 0xff, 0xd9, 0x8e, 0x35, 0xff, 
0xd1, 0x7f, 0x2d, 0xff, 0xdb, 0x8e, 0x35, 0xff, 0xde, 0x94, 0x39, 0xff, 0xdb, 0x8d, 0x33, 0xff, 
0xd9, 0x8c, 0x34, 0xff, 0xd5, 0x84, 0x30, 0xff, 0xd6, 0x84, 0x31, 0xff, 0xd6, 0x84, 0x30, 0xff, 
0xd9, 0x8a, 0x33, 0xff, 0xd4, 0x82, 0x2e, 0xff, 0xd1, 0x78, 0x29, 0xff, 0xd5, 0x7c, 0x2b, 0xff, 
0xd0, 0x7a, 0x2b, 0xff, 0xd0, 0x7b, 0x2c, 0xff, 0xd5, 0x7c, 0x2b, 0xff, 0xd6, 0x82, 0x2e, 0xff, 
0xdb, 0x8f, 0x35, 0xff, 0xcc, 0x71, 0x26, 0xff, 0xc6, 0x68, 0x22, 0xff, 0xcb, 0x74, 0x28, 0xff, 
0xdf, 0x98, 0x3b, 0xff, 0xe6, 0xa5, 0x43, 0xff, 0xdb, 0x8f, 0x37, 0xff, 0xc8, 0x6f, 0x24, 0xff, 
0xcb, 0x72, 0x27, 0xff, 0xd2, 0x7a, 0x2b, 0xff, 0xcd, 0x74, 0x27, 0xff, 0xc7, 0x6b, 0x24, 0xff, 
0xcc, 0x73, 0x27, 0xff, 0xd9, 0x87, 0x30, 0xff, 0xbf, 0x66, 0x22, 0xff, 0xb4, 0x55, 0x1a, 0xff, 
0xc2, 0x64, 0x21, 0xff, 0xc5, 0x69, 0x23, 0xff, 0xc5, 0x67, 0x22, 0xff, 0xb9, 0x58, 0x1b, 0xff, 
0xce, 0x79, 0x2b, 0xff, 0xd7, 0x89, 0x33, 0xff, 0xc6, 0x6a, 0x23, 0xff, 0xca, 0x6b, 0x23, 0xff, 
0xc3, 0x63, 0x20, 0xff, 0xbe, 0x5f, 0x1e, 0xff, 0xd0, 0x7a, 0x2b, 0xff, 0xd5, 0x82, 0x2f, 0xff, 
0xca, 0x6f, 0x25, 0xff, 0xc5, 0x66, 0x21, 0xff, 0xcc, 0x6f, 0x24, 0xff, 0xd7, 0x85, 0x30, 0xff, 
0xda, 0x8d, 0x35, 0xff, 0xcf, 0x79, 0x2b, 0xff, 0xce, 0x75, 0x28, 0xff, 0xda, 0x8b, 0x34, 0xff, 
0xdb, 0x8c, 0x35, 0xff, 0xd1, 0x7e, 0x2d, 0xff, 0xcb, 0x77, 0x2a, 0xff, 0xcc, 0x73, 0x28, 0xff, 
0xc9, 0x70, 0x27, 0xff, 0xc0, 0x67, 0x22, 0xff, 0xc1, 0x67, 0x22, 0xff, 0xc8, 0x6d, 0x24, 0xff, 
0xc0, 0x62, 0x21, 0xff, 0xb5, 0x56, 0x1b, 0xff, 0xb8, 0x59, 0x1c, 0xff, 0xbe, 0x60, 0x1f, 0xff, 
0xc2, 0x65, 0x20, 0xff, 0xc0, 0x62, 0x20, 0xff, 0xc0, 0x62, 0x1f, 0xff, 0xc4, 0x66, 0x20, 0xff, 
0xc1, 0x64, 0x20, 0xff, 0xbd, 0x5f, 0x1d, 0xff, 0xc9, 0x6f, 0x25, 0xff, 0xd5, 0x81, 0x2e, 0xff, 
0xce, 0x74, 0x27, 0xff, 0xcc, 0x71, 0x26, 0xff, 0xca, 0x71, 0x27, 0xff, 0xd3, 0x80, 0x2f, 0xff, 
0xd4, 0x80, 0x2d, 0xff, 0xd4, 0x7f, 0x2d, 0xff, 0xcc, 0x73, 0x27, 0xff, 0xc6, 0x6c, 0x25, 0xff, 
0xcb, 0x72, 0x27, 0xff, 0xbf, 0x63, 0x21, 0xff, 0xae, 0x50, 0x19, 0xff, 0xb5, 0x59, 0x1d, 0xff, 
0xc3, 0x68, 0x23, 0xff, 0xca, 0x70, 0x26, 0xff, 0xc6, 0x6a, 0x23, 0xff, 0xc8, 0x6c, 0x24, 0xff, 
0xd4, 0x80, 0x2d, 0xff, 0xcf, 0x78, 0x2a, 0xff, 0xca, 0x70, 0x25, 0xff, 0xc6, 0x6b, 0x24, 0xff, 
0xcc, 0x73, 0x27, 0xff, 0xcd, 0x74, 0x27, 0xff, 0xca, 0x6e, 0x24, 0xff, 0xca, 0x6c, 0x24, 0xff, 
0xce, 0x75, 0x28, 0xff, 0xd2, 0x7b, 0x2b, 0xff, 0xce, 0x73, 0x26, 0xff, 0xc8, 0x69, 0x22, 0xff, 
0xc9, 0x6a, 0x22, 0xff, 0xba, 0x5c, 0x1d, 0xff, 0xba, 0x5b, 0x1d, 0xff, 0xc4, 0x63, 0x1f, 0xff, 
0xc8, 0x6c, 0x24, 0xff, 0xc8, 0x6d, 0x25, 0xff, 0xbc, 0x60, 0x1f, 0xff, 0xb9, 0x5c, 0x1e, 0xff, 
0xba, 0x5d, 0x1e, 0xff, 0xc4, 0x6d, 0x25, 0xff, 0xcc, 0x77, 0x2a, 0xff, 0xca, 0x71, 0x26, 0xff, 
0xbe, 0x5f, 0x1d, 0xff, 0xb8, 0x5f, 0x20, 0xff, 0xc1, 0x70, 0x28, 0xff, 0xca, 0x70, 0x26, 0xff, 
0xb2, 0x5a, 0x1e, 0xff, 0x98, 0x46, 0x17, 0xff, 0xb9, 0x62, 0x21, 0xff, 0xac, 0x52, 0x1a, 0xff, 
0xac, 0x56, 0x1c, 0xff, 0xdb, 0x8f, 0x36, 0xff, 0xca, 0x82, 0x31, 0xff, 0xaf, 0x5b, 0x1f, 0xff, 
0xa1, 0x49, 0x18, 0xff, 0xaf, 0x53, 0x1b, 0xff, 0xb1, 0x54, 0x1b, 0xff, 0xc2, 0x6d, 0x26, 0xff, 
0xb8, 0x60, 0x20, 0xff, 0xaa, 0x4e, 0x19, 0xff, 0xb6, 0x5b, 0x1d, 0xff, 0xba, 0x61, 0x20, 0xff, 
0xb5, 0x56, 0x1b, 0xff, 0xc7, 0x6b, 0x23, 0xff, 0xc7, 0x6c, 0x24, 0xff, 0xbb, 0x5b, 0x1c, 0xff, 
0xcc, 0x74, 0x28, 0xff, 0xe2, 0x9b, 0x3c, 0xff, 0xda, 0x8f, 0x36, 0xff, 0xbd, 0x5e, 0x1e, 0xff, 
0xc1, 0x62, 0x20, 0xff, 0xcf, 0x75, 0x29, 0xff, 0xd5, 0x81, 0x2e, 0xff, 0xd9, 0x8a, 0x32, 0xff, 
0xde, 0x98, 0x3b, 0xff, 0xdf, 0x96, 0x3a, 0xff, 0xd4, 0x81, 0x2e, 0xff, 0xc5, 0x66, 0x21, 0xff, 
0xca, 0x6f, 0x25, 0xff, 0xce, 0x76, 0x28, 0xff, 0xca, 0x6f, 0x25, 0xff, 0xc3, 0x65, 0x22, 0xff, 
0xba, 0x5b, 0x1e, 0xff, 0xa0, 0x4d, 0x19, 0xff, 0x79, 0x37, 0x10, 0xff, 0x72, 0x33, 0x10, 0xff, 
0x96, 0x47, 0x16, 0xff, 0xae, 0x52, 0x1b, 0xff, 0xa4, 0x4d, 0x19, 0xff, 0xa5, 0x4f, 0x19, 0xff, 
0xaa, 0x53, 0x1b, 0xff, 0xb1, 0x59, 0x1d, 0xff, 0xb4, 0x59, 0x1e, 0xff, 0xb8, 0x5b, 0x1e, 0xff, 
0xc9, 0x6f, 0x26, 0xff, 0xcb, 0x70, 0x26, 0xff, 0xbd, 0x5f, 0x1f, 0xff, 0xbb, 0x5e, 0x1e, 0xff, 
0xc5, 0x69, 0x21, 0xff, 0xc1, 0x65, 0x20, 0xff, 0xbc, 0x5e, 0x1e, 0xff, 0xb6, 0x58, 0x1c, 0xff, 
0xc3, 0x65, 0x21, 0xff, 0xba, 0x5e, 0x1e, 0xff, 0xaf, 0x54, 0x1a, 0xff, 0xb5, 0x57, 0x1c, 0xff, 
0xb8, 0x5b, 0x1d, 0xff, 0xbd, 0x5f, 0x1e, 0xff, 0xb7, 0x5a, 0x1d, 0xff, 0xb9, 0x5e, 0x1f, 0xff, 
0xb0, 0x57, 0x1c, 0xff, 0xae, 0x56, 0x1d, 0xff, 0xb3, 0x58, 0x1c, 0xff, 0xb0, 0x56, 0x1c, 0xff, 
0xae, 0x56, 0x1c, 0xff, 0xa1, 0x4b, 0x18, 0xff, 0x8a, 0x3d, 0x14, 0xff, 0x89, 0x3c, 0x13, 0xff, 
0x9e, 0x4c, 0x19, 0xff, 0xb3, 0x66, 0x24, 0xff, 0xb6, 0x63, 0x22, 0xff, 0xb9, 0x61, 0x20, 0xff, 
0xb6, 0x60, 0x20, 0xff, 0xcf, 0x7c, 0x2c, 0xff, 0xc7, 0x73, 0x28, 0xff, 0xa8, 0x54, 0x1c, 0xff, 
0xa2, 0x4c, 0x18, 0xff, 0xa8, 0x4d, 0x18, 0xff, 0xa4, 0x4d, 0x19, 0xff, 0xa4, 0x4f, 0x1a, 0xff, 
0xa2, 0x4b, 0x18, 0xff, 0xa2, 0x4d, 0x1a, 0xff, 0xa2, 0x4e, 0x1b, 0xff, 0x9d, 0x47, 0x17, 0xff, 
0xaa, 0x52, 0x1b, 0xff, 0xbe, 0x62, 0x20, 0xff, 0xb3, 0x58, 0x1d, 0xff, 0xa3, 0x4c, 0x19, 0xff, 
0xa0, 0x4a, 0x18, 0xff, 0x92, 0x42, 0x15, 0xff, 0x93, 0x43, 0x16, 0xff, 0x9f, 0x4a, 0x18, 0xff, 
0xb0, 0x56, 0x1c, 0xff, 0xb4, 0x58, 0x1d, 0xff, 0xab, 0x52, 0x1a, 0xff, 0xb3, 0x57, 0x1c, 0xff, 
0xb7, 0x5a, 0x1d, 0xff, 0xbe, 0x61, 0x1f, 0xff, 0xc8, 0x6d, 0x24, 0xff, 0xc1, 0x67, 0x21, 0xff, 
0xb9, 0x5b, 0x1e, 0xff, 0xd0, 0x7a, 0x2a, 0xff, 0xd7, 0x84, 0x2e, 0xff, 0xca, 0x6f, 0x25, 0xff, 
0xc1, 0x64, 0x20, 0xff, 0xb7, 0x5a, 0x1d, 0xff, 0xc3, 0x69, 0x23, 0xff, 0xd4, 0x80, 0x2c, 0xff, 
0xc1, 0x6b, 0x25, 0xff, 0xb9, 0x5c, 0x1e, 0xff, 0xcd, 0x75, 0x28, 0xff, 0xe0, 0x95, 0x38, 0xff, 
0xdc, 0x91, 0x36, 0xff, 0xc9, 0x77, 0x2b, 0xff, 0xba, 0x60, 0x20, 0xff, 0xc6, 0x69, 0x22, 0xff, 
0xc8, 0x70, 0x27, 0xff, 0xc7, 0x70, 0x27, 0xff, 0xc6, 0x6f, 0x26, 0xff, 0xcf, 0x7c, 0x2d, 0xff, 
0xce, 0x77, 0x29, 0xff, 0xc7, 0x6e, 0x24, 0xff, 0xbd, 0x60, 0x1f, 0xff, 0xba, 0x63, 0x21, 0xff, 
0xb7, 0x60, 0x1f, 0xff, 0xb1, 0x5b, 0x1e, 0xff, 0xc8, 0x72, 0x27, 0xff, 0xc8, 0x6e, 0x24, 0xff, 
0xbb, 0x61, 0x21, 0xff, 0xcd, 0x73, 0x28, 0xff, 0xd2, 0x7e, 0x2c, 0xff, 0xd7, 0x88, 0x32, 0xff, 
0xde, 0x92, 0x38, 0xff, 0xd7, 0x87, 0x31, 0xff, 0xda, 0x8e, 0x34, 0xff, 0xde, 0x95, 0x39, 0xff, 
0xdb, 0x90, 0x36, 0xff, 0xdf, 0x95, 0x39, 0xff, 0xde, 0x93, 0x38, 0xff, 0xd7, 0x85, 0x30, 0xff, 
0xd5, 0x84, 0x30, 0xff, 0xd4, 0x81, 0x2f, 0xff, 0xd6, 0x86, 0x31, 0xff, 0xdb, 0x8f, 0x35, 0xff, 
0xd9, 0x8a, 0x33, 0xff, 0xd3, 0x7d, 0x2c, 0xff, 0xd0, 0x78, 0x2a, 0xff, 0xd1, 0x7a, 0x2b, 0xff, 
0xd6, 0x84, 0x30, 0xff, 0xd5, 0x83, 0x2f, 0xff, 0xcf, 0x76, 0x27, 0xff, 0xd6, 0x84, 0x30, 0xff, 
0xd7, 0x87, 0x32, 0xff, 0xd2, 0x7c, 0x2c, 0xff, 0xcc, 0x74, 0x28, 0xff, 0xd7, 0x89, 0x33, 0xff, 
0xe7, 0xa7, 0x43, 0xff, 0xe1, 0x9d, 0x3e, 0xff, 0xc9, 0x6f, 0x25, 0xff, 0xcf, 0x78, 0x29, 0xff, 
0xdc, 0x8f, 0x36, 0xff, 0xd9, 0x88, 0x31, 0xff, 0xcd, 0x72, 0x26, 0xff, 0xc7, 0x6a, 0x23, 0xff, 
0xce, 0x79, 0x2b, 0xff, 0xd6, 0x86, 0x31, 0xff, 0xcd, 0x79, 0x2b, 0xff, 0xc5, 0x6d, 0x25, 0xff, 
0xbf, 0x63, 0x20, 0xff, 0xbc, 0x5e, 0x1e, 0xff, 0xbb, 0x5e, 0x1e, 0xff, 0xb9, 0x5b, 0x1e, 0xff, 
0xc0, 0x62, 0x1f, 0xff, 0xc5, 0x68, 0x21, 0xff, 0xc0, 0x62, 0x20, 0xff, 0xbf, 0x61, 0x1f, 0xff, 
0xc8, 0x6c, 0x24, 0xff, 0xca, 0x6d, 0x24, 0xff, 0xcd, 0x76, 0x2a, 0xff, 0xd1, 0x7e, 0x2d, 0xff, 
0xd0, 0x79, 0x2a, 0xff, 0xe3, 0x9f, 0x3f, 0xff, 0xdf, 0x95, 0x39, 0xff, 0xd4, 0x80, 0x2e, 0xff, 
0xdf, 0x97, 0x3b, 0xff, 0xe3, 0x9b, 0x3c, 0xff, 0xdb, 0x8d, 0x33, 0xff, 0xdb, 0x8e, 0x36, 0xff, 
0xcb, 0x74, 0x29, 0xff, 0xcb, 0x73, 0x27, 0xff, 0xd0, 0x7a, 0x2a, 0xff, 0xd3, 0x81, 0x2f, 0xff, 
0xd9, 0x8b, 0x34, 0xff, 0xc6, 0x76, 0x2b, 0xff, 0xb3, 0x5c, 0x1e, 0xff, 0xc5, 0x6b, 0x24, 0xff, 
0xc2, 0x66, 0x21, 0xff, 0xc2, 0x69, 0x24, 0xff, 0xbd, 0x61, 0x21, 0xff, 0xba, 0x5b, 0x1d, 0xff, 
0xb3, 0x53, 0x19, 0xff, 0xbc, 0x5e, 0x1e, 0xff, 0xd2, 0x7b, 0x2b, 0xff, 0xd0, 0x7a, 0x2b, 0xff, 
0xc3, 0x68, 0x22, 0xff, 0xc2, 0x65, 0x20, 0xff, 0xc7, 0x69, 0x23, 0xff, 0xd6, 0x83, 0x2e, 0xff, 
0xd8, 0x86, 0x2f, 0xff, 0xd5, 0x82, 0x2e, 0xff, 0xd4, 0x80, 0x2d, 0xff, 0xd9, 0x87, 0x31, 0xff, 
0xd2, 0x7c, 0x2b, 0xff, 0xcb, 0x71, 0x26, 0xff, 0xd7, 0x84, 0x2f, 0xff, 0xd1, 0x7d, 0x2c, 0xff, 
0xd4, 0x80, 0x2e, 0xff, 0xcd, 0x76, 0x28, 0xff, 0xc7, 0x6a, 0x23, 0xff, 0xc4, 0x66, 0x21, 0xff, 
0xc9, 0x6e, 0x25, 0xff, 0xcb, 0x70, 0x26, 0xff, 0xc4, 0x68, 0x22, 0xff, 0xc2, 0x65, 0x21, 0xff, 
0xcc, 0x73, 0x27, 0xff, 0xd2, 0x7c, 0x2b, 0xff, 0xcd, 0x75, 0x28, 0xff, 0xca, 0x6f, 0x25, 0xff, 
0xcd, 0x73, 0x27, 0xff, 0xcf, 0x73, 0x26, 0xff, 0xc6, 0x67, 0x21, 0xff, 0xbb, 0x5c, 0x1d, 0xff, 
0xca, 0x6f, 0x26, 0xff, 0xce, 0x73, 0x27, 0xff, 0xaf, 0x53, 0x1b, 0xff, 0xa2, 0x4a, 0x18, 0xff, 
0xa1, 0x49, 0x17, 0xff, 0xb0, 0x55, 0x1b, 0xff, 0xb3, 0x57, 0x1c, 0xff, 0xa6, 0x4f, 0x1a, 0xff, 
0xa6, 0x4e, 0x19, 0xff, 0xb5, 0x5a, 0x1e, 0xff, 0xbf, 0x63, 0x20, 0xff, 0xb9, 0x5d, 0x1e, 0xff, 
0xb8, 0x5d, 0x1e, 0xff, 0xb4, 0x58, 0x1c, 0xff, 0xb2, 0x57, 0x1c, 0xff, 0xbf, 0x63, 0x20, 0xff, 
0xb4, 0x5a, 0x1c, 0xff, 0x8e, 0x3b, 0x13, 0xff, 0x87, 0x38, 0x12, 0xff, 0x92, 0x46, 0x17, 0xff, 
0x87, 0x3d, 0x13, 0xff, 0x9f, 0x4f, 0x1a, 0xff, 0xbf, 0x6b, 0x26, 0xff, 0x8a, 0x3c, 0x14, 0xff, 
0xb0, 0x5a, 0x1e, 0xff, 0xe3, 0x94, 0x38, 0xff, 0xe7, 0x9c, 0x3b, 0xff, 0xc7, 0x6f, 0x27, 0xff, 
0xa6, 0x4d, 0x18, 0xff, 0x99, 0x47, 0x17, 0xff, 0x8e, 0x3d, 0x14, 0xff, 0x96, 0x3c, 0x12, 0xff, 
0xa1, 0x49, 0x17, 0xff, 0x9e, 0x4b, 0x18, 0xff, 0x9a, 0x46, 0x16, 0xff, 0xb0, 0x54, 0x1c, 0xff, 
0xb8, 0x5a, 0x1d, 0xff, 0xc1, 0x63, 0x20, 0xff, 0xc3, 0x65, 0x21, 0xff, 0xc7, 0x6e, 0x25, 0xff, 
0xd1, 0x7e, 0x2d, 0xff, 0xd8, 0x89, 0x31, 0xff, 0xd9, 0x8b, 0x34, 0xff, 0xc2, 0x64, 0x20, 0xff, 
0xce, 0x74, 0x27, 0xff, 0xdf, 0x93, 0x37, 0xff, 0xdf, 0x97, 0x3a, 0xff, 0xe0, 0x99, 0x3c, 0xff, 
0xe5, 0xa5, 0x43, 0xff, 0xe0, 0x98, 0x3a, 0xff, 0xd7, 0x89, 0x32, 0xff, 0xcd, 0x72, 0x26, 0xff, 
0xc7, 0x69, 0x22, 0xff, 0xc8, 0x6d, 0x24, 0xff, 0xd9, 0x88, 0x32, 0xff, 0xdb, 0x87, 0x31, 0xff, 
0xbe, 0x62, 0x20, 0xff, 0xad, 0x53, 0x1a, 0xff, 0xc1, 0x64, 0x20, 0xff, 0xb6, 0x5b, 0x1e, 0xff, 
0xba, 0x5e, 0x1e, 0xff, 0xc8, 0x6a, 0x23, 0xff, 0xb2, 0x55, 0x1b, 0xff, 0x9d, 0x49, 0x18, 0xff, 
0xc2, 0x68, 0x23, 0xff, 0xc0, 0x64, 0x20, 0xff, 0xb2, 0x55, 0x1b, 0xff, 0xb9, 0x5c, 0x1e, 0xff, 
0xc9, 0x70, 0x27, 0xff, 0xc2, 0x67, 0x22, 0xff, 0xb9, 0x5a, 0x1c, 0xff, 0xbf, 0x62, 0x20, 0xff, 
0xc1, 0x64, 0x21, 0xff, 0xc5, 0x67, 0x21, 0xff, 0xbc, 0x5e, 0x1e, 0xff, 0xb7, 0x59, 0x1c, 0xff, 
0xac, 0x52, 0x1b, 0xff, 0xa2, 0x4b, 0x1a, 0xff, 0xa9, 0x50, 0x1a, 0xff, 0xaa, 0x51, 0x1a, 0xff, 
0xad, 0x51, 0x1b, 0xff, 0xaa, 0x51, 0x19, 0xff, 0xab, 0x52, 0x1a, 0xff, 0xb1, 0x56, 0x1c, 0xff, 
0xad, 0x52, 0x1a, 0xff, 0xa2, 0x4c, 0x19, 0xff, 0x9d, 0x4a, 0x19, 0xff, 0xaa, 0x52, 0x1b, 0xff, 
0xb9, 0x5b, 0x1e, 0xff, 0xb8, 0x5a, 0x1e, 0xff, 0x97, 0x47, 0x17, 0xff, 0x90, 0x40, 0x14, 0xff, 
0xad, 0x55, 0x1c, 0xff, 0xde, 0x89, 0x31, 0xff, 0xd3, 0x7d, 0x2c, 0xff, 0xbb, 0x68, 0x24, 0xff, 
0xb9, 0x64, 0x23, 0xff, 0xbe, 0x66, 0x23, 0xff, 0xab, 0x54, 0x1b, 0xff, 0xa8, 0x53, 0x1c, 0xff, 
0xb1, 0x5b, 0x1e, 0xff, 0xac, 0x56, 0x1c, 0xff, 0x93, 0x43, 0x16, 0xff, 0x95, 0x44, 0x16, 0xff, 
0x9c, 0x49, 0x19, 0xff, 0xa1, 0x4a, 0x19, 0xff, 0x9c, 0x48, 0x18, 0xff, 0x8e, 0x40, 0x15, 0xff, 
0x80, 0x35, 0x11, 0xff, 0x8b, 0x3f, 0x14, 0xff, 0x93, 0x44, 0x16, 0xff, 0x90, 0x3e, 0x14, 0xff, 
0x9a, 0x46, 0x17, 0xff, 0x9b, 0x48, 0x18, 0xff, 0x9d, 0x4a, 0x19, 0xff, 0xa1, 0x4c, 0x19, 0xff, 
0xaa, 0x51, 0x19, 0xff, 0xaf, 0x54, 0x1b, 0xff, 0xb3, 0x58, 0x1c, 0xff, 0xb1, 0x54, 0x1a, 0xff, 
0xb7, 0x5a, 0x1d, 0xff, 0xbb, 0x5d, 0x1e, 0xff, 0xc4, 0x68, 0x22, 0xff, 0xc1, 0x66, 0x22, 0xff, 
0xb5, 0x58, 0x1c, 0xff, 0xba, 0x5d, 0x1e, 0xff, 0xbe, 0x62, 0x1f, 0xff, 0xbe, 0x63, 0x20, 0xff, 
0xbb, 0x5e, 0x1f, 0xff, 0xc4, 0x68, 0x23, 0xff, 0xce, 0x7d, 0x2c, 0xff, 0xbe, 0x68, 0x23, 0xff, 
0xac, 0x4f, 0x18, 0xff, 0xb4, 0x56, 0x1b, 0xff, 0xc6, 0x6a, 0x22, 0xff, 0xc8, 0x71, 0x26, 0xff, 
0xd0, 0x7d, 0x2c, 0xff, 0xdd, 0x90, 0x36, 0xff, 0xe1, 0x9b, 0x3d, 0xff, 0xd7, 0x88, 0x32, 0xff, 
0xbe, 0x61, 0x1f, 0xff, 0xb7, 0x5c, 0x1e, 0xff, 0xce, 0x7c, 0x2d, 0xff, 0xd7, 0x86, 0x30, 0xff, 
0xc9, 0x6e, 0x24, 0xff, 0xab, 0x4d, 0x18, 0xff, 0x9c, 0x46, 0x16, 0xff, 0x8d, 0x3c, 0x12, 0xff, 
0x9e, 0x4a, 0x18, 0xff, 0xb9, 0x62, 0x21, 0xff, 0xb7, 0x5e, 0x1e, 0xff, 0xb3, 0x5c, 0x1e, 0xff, 
0xb1, 0x59, 0x1d, 0xff, 0xc1, 0x65, 0x22, 0xff, 0xd1, 0x7a, 0x2a, 0xff, 0xd6, 0x84, 0x30, 0xff, 
0xce, 0x79, 0x2a, 0xff, 0xd2, 0x7d, 0x2c, 0xff, 0xdb, 0x8f, 0x36, 0xff, 0xe1, 0x9b, 0x3c, 0xff, 
0xde, 0x93, 0x38, 0xff, 0xd8, 0x88, 0x32, 0xff, 0xd7, 0x87, 0x32, 0xff, 0xdd, 0x92, 0x36, 0xff, 
0xd5, 0x85, 0x30, 0xff, 0xd7, 0x85, 0x31, 0xff, 0xd7, 0x85, 0x30, 0xff, 0xd8, 0x89, 0x33, 0xff, 
0xd9, 0x88, 0x33, 0xff, 0xd5, 0x80, 0x2e, 0xff, 0xd3, 0x7e, 0x2d, 0xff, 0xd5, 0x81, 0x2f, 0xff, 
0xd5, 0x83, 0x2e, 0xff, 0xd2, 0x7f, 0x2d, 0xff, 0xd3, 0x82, 0x2f, 0xff, 0xd9, 0x8b, 0x33, 0xff, 
0xd6, 0x85, 0x30, 0xff, 0xda, 0x8d, 0x34, 0xff, 0xdc, 0x92, 0x38, 0xff, 0xdf, 0x98, 0x3b, 0xff, 
0xe1, 0x9b, 0x3d, 0xff, 0xd5, 0x83, 0x30, 0xff, 0xd6, 0x85, 0x2f, 0xff, 0xdc, 0x90, 0x36, 0xff, 
0xde, 0x95, 0x39, 0xff, 0xe0, 0x9b, 0x3b, 0xff, 0xd3, 0x7f, 0x2e, 0xff, 0xcd, 0x72, 0x27, 0xff, 
0xd5, 0x83, 0x30, 0xff, 0xd7, 0x87, 0x31, 0xff, 0xd7, 0x85, 0x30, 0xff, 0xd8, 0x85, 0x30, 0xff, 
0xca, 0x72, 0x27, 0xff, 0xc2, 0x67, 0x22, 0xff, 0xc1, 0x67, 0x22, 0xff, 0xbf, 0x63, 0x21, 0xff, 
0xc1, 0x62, 0x20, 0xff, 0xc8, 0x6c, 0x24, 0xff, 0xcd, 0x73, 0x27, 0xff, 0xc0, 0x63, 0x20, 0xff, 
0xc4, 0x69, 0x23, 0xff, 0xce, 0x78, 0x29, 0xff, 0xc6, 0x70, 0x27, 0xff, 0xc6, 0x6b, 0x24, 0xff, 
0xdc, 0x8f, 0x35, 0xff, 0xe5, 0xa3, 0x41, 0xff, 0xdf, 0x95, 0x3a, 0xff, 0xdf, 0x93, 0x38, 0xff, 
0xcb, 0x77, 0x29, 0xff, 0xb8, 0x5c, 0x1d, 0xff, 0xc4, 0x6b, 0x24, 0xff, 0xc4, 0x69, 0x24, 0xff, 
0xc0, 0x67, 0x22, 0xff, 0xbe, 0x66, 0x23, 0xff, 0xc1, 0x68, 0x24, 0xff, 0xc0, 0x68, 0x23, 0xff, 
0xbd, 0x65, 0x22, 0xff, 0xb7, 0x60, 0x20, 0xff, 0xb0, 0x56, 0x1b, 0xff, 0xc3, 0x68, 0x23, 0xff, 
0xc0, 0x66, 0x22, 0xff, 0xc9, 0x74, 0x29, 0xff, 0xcb, 0x74, 0x28, 0xff, 0xc8, 0x6f, 0x25, 0xff, 
0xcc, 0x76, 0x29, 0xff, 0xd6, 0x83, 0x2e, 0xff, 0xd6, 0x81, 0x2e, 0xff, 0xd1, 0x7d, 0x2c, 0xff, 
0xc5, 0x6b, 0x24, 0xff, 0xc1, 0x64, 0x21, 0xff, 0xc0, 0x61, 0x1f, 0xff, 0xc2, 0x63, 0x1f, 0xff, 
0xcd, 0x75, 0x28, 0xff, 0xdb, 0x8d, 0x34, 0xff, 0xd4, 0x80, 0x2d, 0xff, 0xc1, 0x62, 0x1f, 0xff, 
0xc4, 0x66, 0x21, 0xff, 0xbf, 0x60, 0x1d, 0xff, 0xc6, 0x6a, 0x23, 0xff, 0xcb, 0x72, 0x26, 0xff, 
0xcf, 0x79, 0x2a, 0xff, 0xca, 0x72, 0x27, 0xff, 0xc8, 0x6d, 0x24, 0xff, 0xcc, 0x73, 0x27, 0xff, 
0xce, 0x75, 0x28, 0xff, 0xc7, 0x69, 0x22, 0xff, 0xc4, 0x66, 0x22, 0xff, 0xc0, 0x63, 0x20, 0xff, 
0xbd, 0x5f, 0x1f, 0xff, 0xbf, 0x63, 0x20, 0xff, 0xc2, 0x67, 0x22, 0xff, 0xca, 0x6f, 0x26, 0xff, 
0xc1, 0x63, 0x21, 0xff, 0xb0, 0x54, 0x1b, 0xff, 0xa2, 0x4c, 0x18, 0xff, 0x97, 0x45, 0x16, 0xff, 
0x95, 0x42, 0x15, 0xff, 0x87, 0x3b, 0x12, 0xff, 0x8d, 0x3e, 0x14, 0xff, 0xb6, 0x5c, 0x1e, 0xff, 
0xa9, 0x52, 0x1b, 0xff, 0x8d, 0x3e, 0x14, 0xff, 0x7b, 0x38, 0x12, 0xff, 0x80, 0x3a, 0x12, 0xff, 
0x8a, 0x3d, 0x14, 0xff, 0x9a, 0x46, 0x16, 0xff, 0xa5, 0x4f, 0x1a, 0xff, 0xa4, 0x4f, 0x1a, 0xff, 
0xaf, 0x57, 0x1c, 0xff, 0xbf, 0x64, 0x21, 0xff, 0xbf, 0x63, 0x20, 0xff, 0xbf, 0x62, 0x20, 0xff, 
0xb9, 0x60, 0x20, 0xff, 0xa5, 0x51, 0x1b, 0xff, 0x9a, 0x49, 0x18, 0xff, 0x89, 0x3e, 0x14, 0xff, 
0x7e, 0x38, 0x12, 0xff, 0x8f, 0x41, 0x15, 0xff, 0xa4, 0x4f, 0x19, 0xff, 0x9c, 0x49, 0x17, 0xff, 
0xa1, 0x4a, 0x17, 0xff, 0xbf, 0x63, 0x21, 0xff, 0xc0, 0x67, 0x22, 0xff, 0xb4, 0x5a, 0x1d, 0xff, 
0xba, 0x5f, 0x1f, 0xff, 0xb9, 0x60, 0x20, 0xff, 0xae, 0x59, 0x1e, 0xff, 0xa3, 0x51, 0x1c, 0xff, 
0x9b, 0x48, 0x18, 0xff, 0x94, 0x44, 0x16, 0xff, 0x9b, 0x48, 0x17, 0xff, 0xb3, 0x58, 0x1d, 0xff, 
0xc0, 0x64, 0x21, 0xff, 0xc8, 0x6e, 0x25, 0xff, 0xd0, 0x79, 0x2a, 0xff, 0xd6, 0x83, 0x2e, 0xff, 
0xd9, 0x86, 0x30, 0xff, 0xca, 0x6f, 0x25, 0xff, 0xd0, 0x7b, 0x2b, 0xff, 0xca, 0x6f, 0x25, 0xff, 
0xcc, 0x72, 0x27, 0xff, 0xd0, 0x7a, 0x2b, 0xff, 0xd2, 0x7b, 0x2b, 0xff, 0xdf, 0x96, 0x39, 0xff, 
0xde, 0x96, 0x39, 0xff, 0xd6, 0x84, 0x30, 0xff, 0xce, 0x76, 0x28, 0xff, 0xc7, 0x6a, 0x23, 0xff, 
0xc2, 0x67, 0x22, 0xff, 0xc9, 0x71, 0x26, 0xff, 0xe2, 0x97, 0x39, 0xff, 0xde, 0x92, 0x36, 0xff, 
0xad, 0x52, 0x1a, 0xff, 0xb3, 0x59, 0x1e, 0xff, 0xc7, 0x69, 0x22, 0xff, 0xc8, 0x68, 0x21, 0xff, 
0xce, 0x72, 0x26, 0xff, 0xd1, 0x7a, 0x2a, 0xff, 0xd4, 0x83, 0x2f, 0xff, 0xcf, 0x7a, 0x2b, 0xff, 
0xc5, 0x68, 0x23, 0xff, 0xc1, 0x67, 0x23, 0xff, 0xc3, 0x69, 0x22, 0xff, 0xb9, 0x5b, 0x1d, 0xff, 
0xc5, 0x6b, 0x23, 0xff, 0xc0, 0x63, 0x20, 0xff, 0xbb, 0x5c, 0x1e, 0xff, 0xbe, 0x60, 0x20, 0xff, 
0xbf, 0x63, 0x21, 0xff, 0xc3, 0x67, 0x22, 0xff, 0xb9, 0x5c, 0x1d, 0xff, 0xb7, 0x59, 0x1c, 0xff, 
0xb1, 0x54, 0x1b, 0xff, 0xb3, 0x5b, 0x1e, 0xff, 0xba, 0x5f, 0x1f, 0xff, 0xb1, 0x56, 0x1c, 0xff, 
0xa8, 0x4f, 0x1a, 0xff, 0xa4, 0x4d, 0x1a, 0xff, 0x9b, 0x46, 0x17, 0xff, 0x91, 0x42, 0x16, 0xff, 
0x8e, 0x41, 0x15, 0xff, 0x9a, 0x48, 0x18, 0xff, 0x95, 0x46, 0x17, 0xff, 0x93, 0x44, 0x16, 0xff, 
0x84, 0x3c, 0x13, 0xff, 0xa1, 0x4e, 0x19, 0xff, 0xce, 0x6c, 0x23, 0xff, 0xbc, 0x5f, 0x1f, 0xff, 
0xac, 0x54, 0x1c, 0xff, 0xab, 0x52, 0x1a, 0xff, 0xc0, 0x68, 0x23, 0xff, 0xdd, 0x89, 0x32, 0xff, 
0xc4, 0x71, 0x28, 0xff, 0xb8, 0x61, 0x20, 0xff, 0xb7, 0x5e, 0x1f, 0xff, 0xc3, 0x69, 0x24, 0xff, 
0xc5, 0x68, 0x23, 0xff, 0xa1, 0x4b, 0x18, 0xff, 0x8e, 0x3f, 0x15, 0xff, 0x94, 0x44, 0x16, 0xff, 
0x94, 0x43, 0x16, 0xff, 0x9d, 0x4a, 0x17, 0xff, 0xa0, 0x48, 0x17, 0xff, 0x9d, 0x4b, 0x19, 0xff, 
0xa4, 0x55, 0x1d, 0xff, 0xa0, 0x50, 0x1b, 0xff, 0xa8, 0x57, 0x1d, 0xff, 0xb1, 0x5f, 0x20, 0xff, 
0xa2, 0x4f, 0x1a, 0xff, 0x9d, 0x49, 0x18, 0xff, 0x9c, 0x48, 0x18, 0xff, 0x9d, 0x49, 0x18, 0xff, 
0xae, 0x53, 0x1a, 0xff, 0xc8, 0x6c, 0x23, 0xff, 0xc9, 0x6f, 0x25, 0xff, 0xbc, 0x61, 0x20, 0xff, 
0xba, 0x61, 0x1f, 0xff, 0xb9, 0x5f, 0x1f, 0xff, 0xb3, 0x54, 0x1b, 0xff, 0xc2, 0x63, 0x21, 0xff, 
0xbd, 0x62, 0x20, 0xff, 0xb2, 0x54, 0x1b, 0xff, 0xaf, 0x53, 0x1b, 0xff, 0xb5, 0x5c, 0x1e, 0xff, 
0xc3, 0x66, 0x21, 0xff, 0xc5, 0x69, 0x23, 0xff, 0xbf, 0x67, 0x22, 0xff, 0xbe, 0x65, 0x22, 0xff, 
0xb8, 0x5d, 0x1f, 0xff, 0xb0, 0x53, 0x1a, 0xff, 0xae, 0x55, 0x1c, 0xff, 0xab, 0x53, 0x1b, 0xff, 
0xbf, 0x66, 0x22, 0xff, 0xd0, 0x7b, 0x29, 0xff, 0xdc, 0x8f, 0x35, 0xff, 0xea, 0xa9, 0x43, 0xff, 
0xd5, 0x87, 0x32, 0xff, 0xb2, 0x56, 0x1b, 0xff, 0xc6, 0x73, 0x29, 0xff, 0xdc, 0x8c, 0x32, 0xff, 
0xc2, 0x66, 0x21, 0xff, 0xba, 0x61, 0x21, 0xff, 0xbf, 0x6c, 0x25, 0xff, 0xc5, 0x74, 0x29, 0xff, 
0xd1, 0x7f, 0x2d, 0xff, 0xd9, 0x83, 0x2e, 0xff, 0xcd, 0x72, 0x27, 0xff, 0xc8, 0x6f, 0x25, 0xff, 
0xcc, 0x73, 0x27, 0xff, 0xca, 0x71, 0x27, 0xff, 0xd3, 0x7c, 0x2a, 0xff, 0xce, 0x77, 0x29, 0xff, 
0xca, 0x73, 0x27, 0xff, 0xd9, 0x87, 0x31, 0xff, 0xdc, 0x8e, 0x35, 0xff, 0xdd, 0x91, 0x37, 0xff, 
0xd7, 0x87, 0x31, 0xff, 0xcf, 0x76, 0x28, 0xff, 0xd0, 0x7a, 0x2b, 0xff, 0xd4, 0x82, 0x2e, 0xff, 
0xcf, 0x79, 0x29, 0xff, 0xd3, 0x7f, 0x2c, 0xff, 0xd1, 0x7a, 0x2a, 0xff, 0xcd, 0x77, 0x29, 0xff, 
0xcd, 0x79, 0x2a, 0xff, 0xd5, 0x83, 0x2f, 0xff, 0xd8, 0x85, 0x31, 0xff, 0xd7, 0x86, 0x31, 0xff, 
0xd6, 0x83, 0x2f, 0xff, 0xd8, 0x88, 0x32, 0xff, 0xdc, 0x91, 0x37, 0xff, 0xde, 0x92, 0x37, 0xff, 
0xdd, 0x91, 0x36, 0xff, 0xda, 0x8e, 0x34, 0xff, 0xd9, 0x8a, 0x33, 0xff, 0xd1, 0x7e, 0x2d, 0xff, 
0xc8, 0x6c, 0x24, 0xff, 0xda, 0x8d, 0x34, 0xff, 0xe2, 0x9e, 0x3d, 0xff, 0xe4, 0xa3, 0x41, 0xff, 
0xe2, 0x9f, 0x3e, 0xff, 0xe3, 0xa1, 0x3f, 0xff, 0xe2, 0x9c, 0x3d, 0xff, 0xd8, 0x89, 0x33, 0xff, 
0xd6, 0x83, 0x30, 0xff, 0xdf, 0x93, 0x37, 0xff, 0xdd, 0x91, 0x36, 0xff, 0xcf, 0x79, 0x2b, 0xff, 
0xd2, 0x7f, 0x2d, 0xff, 0xd8, 0x84, 0x2f, 0xff, 0xd1, 0x79, 0x29, 0xff, 0xc7, 0x6b, 0x23, 0xff, 
0xca, 0x6e, 0x25, 0xff, 0xc9, 0x6e, 0x25, 0xff, 0xc9, 0x6f, 0x26, 0xff, 0xc2, 0x64, 0x20, 0xff, 
0xc3, 0x67, 0x22, 0xff, 0xd1, 0x7b, 0x2b, 0xff, 0xda, 0x8a, 0x33, 0xff, 0xdb, 0x8d, 0x34, 0xff, 
0xde, 0x96, 0x3a, 0xff, 0xdc, 0x8f, 0x35, 0xff, 0xd4, 0x81, 0x2e, 0xff, 0xd4, 0x7f, 0x2c, 0xff, 
0xc4, 0x69, 0x21, 0xff, 0xbc, 0x5f, 0x1f, 0xff, 0xcd, 0x75, 0x29, 0xff, 0xc7, 0x70, 0x26, 0xff, 
0xb9, 0x5f, 0x1f, 0xff, 0xaf, 0x51, 0x18, 0xff, 0xb6, 0x58, 0x1b, 0xff, 0xb7, 0x5b, 0x1d, 0xff, 
0xab, 0x4e, 0x18, 0xff, 0xb1, 0x55, 0x1a, 0xff, 0xca, 0x70, 0x26, 0xff, 0xbd, 0x62, 0x20, 0xff, 
0xb2, 0x54, 0x1b, 0xff, 0xc2, 0x67, 0x23, 0xff, 0xc2, 0x67, 0x22, 0xff, 0xcc, 0x72, 0x26, 0xff, 
0xd6, 0x83, 0x2e, 0xff, 0xcc, 0x74, 0x28, 0xff, 0xc8, 0x6c, 0x24, 0xff, 0xc8, 0x6d, 0x24, 0xff, 
0xbe, 0x62, 0x20, 0xff, 0xaf, 0x51, 0x19, 0xff, 0xba, 0x5d, 0x1e, 0xff, 0xc5, 0x66, 0x21, 0xff, 
0xd1, 0x7d, 0x2c, 0xff, 0xd8, 0x87, 0x31, 0xff, 0xc8, 0x6c, 0x24, 0xff, 0xc5, 0x66, 0x22, 0xff, 
0xca, 0x70, 0x25, 0xff, 0xc7, 0x6c, 0x24, 0xff, 0xc2, 0x63, 0x21, 0xff, 0xcb, 0x71, 0x26, 0xff, 
0xc9, 0x6f, 0x25, 0xff, 0xcc, 0x73, 0x27, 0xff, 0xd3, 0x7e, 0x2c, 0xff, 0xdb, 0x8b, 0x33, 0xff, 
0xd7, 0x85, 0x30, 0xff, 0xc7, 0x6a, 0x23, 0xff, 0xc2, 0x64, 0x20, 0xff, 0xc0, 0x61, 0x20, 0xff, 
0xb9, 0x5c, 0x1d, 0xff, 0xb8, 0x5d, 0x1e, 0xff, 0xb2, 0x55, 0x1b, 0xff, 0xab, 0x4e, 0x19, 0xff, 
0xae, 0x52, 0x1a, 0xff, 0xab, 0x51, 0x1a, 0xff, 0xa2, 0x4e, 0x19, 0xff, 0x9c, 0x48, 0x17, 0xff, 
0x99, 0x49, 0x18, 0xff, 0x8b, 0x44, 0x17, 0xff, 0x78, 0x34, 0x10, 0xff, 0xb8, 0x62, 0x20, 0xff, 
0xa7, 0x56, 0x1c, 0xff, 0x70, 0x31, 0x0f, 0xff, 0x73, 0x36, 0x11, 0xff, 0x86, 0x3c, 0x13, 0xff, 
0x92, 0x42, 0x15, 0xff, 0x9f, 0x4b, 0x18, 0xff, 0x9b, 0x48, 0x17, 0xff, 0xa7, 0x50, 0x1a, 0xff, 
0xa7, 0x4e, 0x19, 0xff, 0xab, 0x51, 0x1a, 0xff, 0xb7, 0x5a, 0x1e, 0xff, 0xc4, 0x67, 0x22, 0xff, 
0xd0, 0x76, 0x28, 0xff, 0xc5, 0x6b, 0x24, 0xff, 0xbe, 0x63, 0x20, 0xff, 0xb3, 0x58, 0x1c, 0xff, 
0xa0, 0x4a, 0x18, 0xff, 0x97, 0x45, 0x17, 0xff, 0xa3, 0x51, 0x1b, 0xff, 0xc0, 0x68, 0x23, 0xff, 
0xac, 0x54, 0x1b, 0xff, 0xac, 0x51, 0x19, 0xff, 0xc2, 0x69, 0x23, 0xff, 0xc6, 0x71, 0x28, 0xff, 
0xaf, 0x56, 0x1c, 0xff, 0xb9, 0x5e, 0x1f, 0xff, 0xd4, 0x79, 0x29, 0xff, 0xd9, 0x89, 0x32, 0xff, 
0xc6, 0x75, 0x2a, 0xff, 0x9c, 0x47, 0x17, 0xff, 0x95, 0x44, 0x16, 0xff, 0x95, 0x43, 0x15, 0xff, 
0xba, 0x61, 0x21, 0xff, 0xce, 0x74, 0x28, 0xff, 0xc7, 0x6f, 0x25, 0xff, 0xd2, 0x7b, 0x2b, 0xff, 
0xbc, 0x5f, 0x1e, 0xff, 0xc5, 0x6a, 0x24, 0xff, 0xd8, 0x84, 0x30, 0xff, 0xd2, 0x7f, 0x2d, 0xff, 
0xc8, 0x6e, 0x25, 0xff, 0xc5, 0x67, 0x21, 0xff, 0xc7, 0x68, 0x21, 0xff, 0xd4, 0x81, 0x2d, 0xff, 
0xde, 0x95, 0x38, 0xff, 0xd9, 0x8b, 0x34, 0xff, 0xcb, 0x70, 0x25, 0xff, 0xc3, 0x64, 0x20, 0xff, 
0xd6, 0x87, 0x32, 0xff, 0xd7, 0x85, 0x2f, 0xff, 0xdb, 0x90, 0x36, 0xff, 0xe2, 0x9b, 0x3b, 0xff, 
0xc2, 0x67, 0x22, 0xff, 0xc8, 0x69, 0x22, 0xff, 0xc7, 0x6b, 0x23, 0xff, 0xbf, 0x64, 0x20, 0xff, 
0xc6, 0x6a, 0x23, 0xff, 0xd6, 0x83, 0x30, 0xff, 0xd9, 0x87, 0x32, 0xff, 0xc8, 0x6b, 0x24, 0xff, 
0xc3, 0x65, 0x21, 0xff, 0xce, 0x74, 0x27, 0xff, 0xc1, 0x65, 0x21, 0xff, 0xc1, 0x64, 0x21, 0xff, 
0xba, 0x5b, 0x1d, 0xff, 0xbd, 0x5f, 0x1e, 0xff, 0xc0, 0x62, 0x20, 0xff, 0xbb, 0x5c, 0x1e, 0xff, 
0xc5, 0x69, 0x22, 0xff, 0xc0, 0x64, 0x21, 0xff, 0xb9, 0x5b, 0x1c, 0xff, 0xba, 0x5c, 0x1e, 0xff, 
0xc5, 0x66, 0x21, 0xff, 0xc0, 0x62, 0x20, 0xff, 0xb6, 0x5b, 0x1d, 0xff, 0xb6, 0x5b, 0x1d, 0xff, 
0xba, 0x5b, 0x1e, 0xff, 0xb0, 0x55, 0x1c, 0xff, 0xa8, 0x51, 0x1a, 0xff, 0x9d, 0x4b, 0x19, 0xff, 
0x89, 0x3f, 0x15, 0xff, 0x8f, 0x3e, 0x13, 0xff, 0x8f, 0x3f, 0x13, 0xff, 0x87, 0x3d, 0x14, 0xff, 
0x78, 0x37, 0x11, 0xff, 0x6e, 0x31, 0x10, 0xff, 0x9c, 0x4d, 0x19, 0xff, 0xb6, 0x5d, 0x1e, 0xff, 
0xb9, 0x5e, 0x1f, 0xff, 0xb6, 0x5b, 0x1e, 0xff, 0xc9, 0x6f, 0x25, 0xff, 0xbb, 0x62, 0x21, 0xff, 
0x9d, 0x47, 0x17, 0xff, 0x9a, 0x48, 0x18, 0xff, 0x90, 0x44, 0x15, 0xff, 0x9b, 0x4e, 0x1a, 0xff, 
0xa3, 0x53, 0x1c, 0xff, 0x8c, 0x3f, 0x14, 0xff, 0x8c, 0x3f, 0x15, 0xff, 0x92, 0x42, 0x16, 0xff, 
0x8d, 0x3f, 0x14, 0xff, 0x93, 0x44, 0x16, 0xff, 0x9d, 0x49, 0x17, 0xff, 0xca, 0x71, 0x27, 0xff, 
0xdc, 0x7f, 0x2c, 0xff, 0xba, 0x5d, 0x1e, 0xff, 0xbd, 0x62, 0x21, 0xff, 0xcc, 0x70, 0x27, 0xff, 
0xb6, 0x5d, 0x1f, 0xff, 0xa4, 0x4c, 0x18, 0xff, 0x9b, 0x49, 0x18, 0xff, 0x91, 0x42, 0x16, 0xff, 
0x9b, 0x46, 0x17, 0xff, 0xbe, 0x61, 0x20, 0xff, 0xdb, 0x89, 0x31, 0xff, 0xd7, 0x84, 0x30, 0xff, 
0xd1, 0x7e, 0x2c, 0xff, 0xc9, 0x74, 0x28, 0xff, 0xbe, 0x61, 0x1e, 0xff, 0xc7, 0x6b, 0x23, 0xff, 
0xc1, 0x65, 0x22, 0xff, 0xbb, 0x5f, 0x1e, 0xff, 0xbb, 0x5f, 0x20, 0xff, 0xbd, 0x62, 0x21, 0xff, 
0xca, 0x71, 0x25, 0xff, 0xd3, 0x7d, 0x2b, 0xff, 0xd1, 0x79, 0x29, 0xff, 0xd0, 0x78, 0x29, 0xff, 
0xc8, 0x6e, 0x25, 0xff, 0xbe, 0x62, 0x20, 0xff, 0xc2, 0x6b, 0x24, 0xff, 0xb2, 0x5c, 0x1f, 0xff, 
0xb5, 0x5b, 0x1f, 0xff, 0xbd, 0x5f, 0x1e, 0xff, 0xbc, 0x5d, 0x1d, 0xff, 0xc7, 0x73, 0x29, 0xff, 
0xc3, 0x6f, 0x27, 0xff, 0xa3, 0x49, 0x17, 0xff, 0xb1, 0x5e, 0x21, 0xff, 0xcd, 0x7d, 0x2e, 0xff, 
0xc1, 0x6d, 0x25, 0xff, 0xc3, 0x6f, 0x26, 0xff, 0xcd, 0x75, 0x28, 0xff, 0xd4, 0x7e, 0x2c, 0xff, 
0xcf, 0x78, 0x2a, 0xff, 0xb9, 0x60, 0x20, 0xff, 0xa7, 0x54, 0x1c, 0xff, 0xae, 0x5a, 0x1e, 0xff, 
0xb9, 0x60, 0x20, 0xff, 0xb9, 0x5e, 0x1e, 0xff, 0xc1, 0x65, 0x21, 0xff, 0xd4, 0x7e, 0x2c, 0xff, 
0xd6, 0x82, 0x2f, 0xff, 0xd2, 0x7d, 0x2d, 0xff, 0xd5, 0x80, 0x2d, 0xff, 0xd1, 0x7a, 0x2b, 0xff, 
0xcf, 0x78, 0x29, 0xff, 0xcd, 0x73, 0x27, 0xff, 0xcd, 0x72, 0x26, 0xff, 0xc8, 0x6a, 0x23, 0xff, 
0xc5, 0x68, 0x22, 0xff, 0xc4, 0x68, 0x22, 0xff, 0xc1, 0x66, 0x22, 0xff, 0xc7, 0x6c, 0x23, 0xff, 
0xc6, 0x6a, 0x22, 0xff, 0xc0, 0x63, 0x20, 0xff, 0xc5, 0x68, 0x22, 0xff, 0xd6, 0x80, 0x2d, 0xff, 
0xd9, 0x88, 0x32, 0xff, 0xdc, 0x90, 0x36, 0xff, 0xdd, 0x8f, 0x33, 0xff, 0xc9, 0x72, 0x28, 0xff, 
0xcb, 0x79, 0x2c, 0xff, 0xda, 0x8d, 0x34, 0xff, 0xb9, 0x55, 0x18, 0xff, 0xba, 0x58, 0x1b, 0xff, 
0xd7, 0x89, 0x33, 0xff, 0xe4, 0xa1, 0x3e, 0xff, 0xe4, 0xa2, 0x40, 0xff, 0xe5, 0xa6, 0x43, 0xff, 
0xdb, 0x8f, 0x36, 0xff, 0xd6, 0x86, 0x30, 0xff, 0xe4, 0xa2, 0x40, 0xff, 0xe0, 0x99, 0x3c, 0xff, 
0xdc, 0x91, 0x36, 0xff, 0xd5, 0x85, 0x31, 0xff, 0xd0, 0x7c, 0x2c, 0xff, 0xc8, 0x6f, 0x26, 0xff, 
0xc8, 0x6f, 0x27, 0xff, 0xd0, 0x79, 0x2b, 0xff, 0xd4, 0x81, 0x2e, 0xff, 0xce, 0x75, 0x28, 0xff, 
0xd0, 0x76, 0x28, 0xff, 0xd1, 0x78, 0x29, 0xff, 0xd0, 0x7b, 0x2b, 0xff, 0xd7, 0x83, 0x2f, 0xff, 
0xdd, 0x8b, 0x32, 0xff, 0xcf, 0x79, 0x2b, 0xff, 0xc9, 0x71, 0x27, 0xff, 0xd6, 0x83, 0x30, 0xff, 
0xd0, 0x7a, 0x2a, 0xff, 0xd6, 0x83, 0x2f, 0xff, 0xd7, 0x87, 0x32, 0xff, 0xd1, 0x7e, 0x2d, 0xff, 
0xd2, 0x7f, 0x2e, 0xff, 0xcd, 0x77, 0x29, 0xff, 0xcd, 0x76, 0x29, 0xff, 0xbf, 0x63, 0x20, 0xff, 
0xcd, 0x79, 0x2c, 0xff, 0xdc, 0x92, 0x38, 0xff, 0xde, 0x97, 0x3c, 0xff, 0xcc, 0x7c, 0x2d, 0xff, 
0xb8, 0x63, 0x22, 0xff, 0xb4, 0x62, 0x22, 0xff, 0xca, 0x76, 0x2a, 0xff, 0xcc, 0x79, 0x2a, 0xff, 
0xc8, 0x70, 0x26, 0xff, 0xc9, 0x70, 0x26, 0xff, 0xc4, 0x68, 0x23, 0xff, 0xc4, 0x67, 0x21, 0xff, 
0xc0, 0x63, 0x1f, 0xff, 0xc4, 0x68, 0x22, 0xff, 0xc9, 0x6e, 0x25, 0xff, 0xca, 0x73, 0x27, 0xff, 
0xcc, 0x73, 0x28, 0xff, 0xc7, 0x6f, 0x26, 0xff, 0xcf, 0x7b, 0x2c, 0xff, 0xdc, 0x8e, 0x36, 0xff, 
0xdf, 0x94, 0x37, 0xff, 0xcc, 0x73, 0x28, 0xff, 0xc1, 0x62, 0x20, 0xff, 0xd1, 0x7a, 0x2b, 0xff, 
0xd0, 0x79, 0x29, 0xff, 0xd5, 0x83, 0x2f, 0xff, 0xd4, 0x80, 0x2d, 0xff, 0xce, 0x75, 0x27, 0xff, 
0xcb, 0x6e, 0x24, 0xff, 0xce, 0x75, 0x27, 0xff, 0xdb, 0x8d, 0x34, 0xff, 0xd9, 0x8a, 0x33, 0xff, 
0xd4, 0x81, 0x2e, 0xff, 0xcc, 0x73, 0x27, 0xff, 0xc8, 0x6d, 0x24, 0xff, 0xbf, 0x61, 0x1f, 0xff, 
0xbd, 0x5e, 0x1e, 0xff, 0xb4, 0x56, 0x1c, 0xff, 0xb6, 0x58, 0x1c, 0xff, 0xc2, 0x68, 0x23, 0xff, 
0xcd, 0x76, 0x29, 0xff, 0xbd, 0x66, 0x22, 0xff, 0xa2, 0x4c, 0x18, 0xff, 0x9f, 0x4a, 0x18, 0xff, 
0xc1, 0x63, 0x20, 0xff, 0xc2, 0x66, 0x22, 0xff, 0x83, 0x3b, 0x13, 0xff, 0x7a, 0x36, 0x12, 0xff, 
0x78, 0x35, 0x11, 0xff, 0x8c, 0x45, 0x17, 0xff, 0xbe, 0x66, 0x23, 0xff, 0xb9, 0x5d, 0x1f, 0xff, 
0xc9, 0x6f, 0x26, 0xff, 0xc3, 0x67, 0x22, 0xff, 0xa6, 0x4b, 0x18, 0xff, 0xb3, 0x57, 0x1c, 0xff, 
0xba, 0x5c, 0x1d, 0xff, 0xba, 0x5d, 0x1e, 0xff, 0xbc, 0x60, 0x20, 0xff, 0xc1, 0x64, 0x20, 0xff, 
0xc3, 0x65, 0x21, 0xff, 0xc1, 0x63, 0x20, 0xff, 0xbe, 0x61, 0x1f, 0xff, 0xbe, 0x61, 0x1f, 0xff, 
0xad, 0x52, 0x1a, 0xff, 0xb4, 0x59, 0x1c, 0xff, 0xcb, 0x72, 0x27, 0xff, 0xdb, 0x89, 0x31, 0xff, 
0xd5, 0x82, 0x2f, 0xff, 0xc7, 0x73, 0x29, 0xff, 0xd3, 0x82, 0x2f, 0xff, 0xd5, 0x84, 0x30, 0xff, 
0xbd, 0x62, 0x20, 0xff, 0xca, 0x72, 0x27, 0xff, 0xcd, 0x74, 0x28, 0xff, 0xdc, 0x8c, 0x33, 0xff, 
0xc0, 0x69, 0x23, 0xff, 0xac, 0x4f, 0x19, 0xff, 0xa9, 0x53, 0x1a, 0xff, 0x93, 0x42, 0x16, 0xff, 
0xad, 0x56, 0x1d, 0xff, 0xc2, 0x65, 0x21, 0xff, 0xbb, 0x5e, 0x1f, 0xff, 0xb9, 0x5c, 0x1e, 0xff, 
0xbc, 0x66, 0x23, 0xff, 0xdc, 0x92, 0x37, 0xff, 0xcd, 0x76, 0x29, 0xff, 0xca, 0x71, 0x26, 0xff, 
0xd8, 0x87, 0x31, 0xff, 0xd4, 0x81, 0x2e, 0xff, 0xd5, 0x84, 0x30, 0xff, 0xd7, 0x87, 0x32, 0xff, 
0xd8, 0x8a, 0x32, 0xff, 0xcd, 0x76, 0x29, 0xff, 0xce, 0x74, 0x26, 0xff, 0xcb, 0x6f, 0x23, 0xff, 
0xd6, 0x85, 0x31, 0xff, 0xd2, 0x7c, 0x2b, 0xff, 0xcf, 0x76, 0x29, 0xff, 0xdb, 0x90, 0x36, 0xff, 
0xd2, 0x79, 0x29, 0xff, 0xc6, 0x68, 0x22, 0xff, 0xca, 0x6f, 0x25, 0xff, 0xc6, 0x69, 0x23, 0xff, 
0xbe, 0x5e, 0x1d, 0xff, 0xd5, 0x85, 0x30, 0xff, 0xd7, 0x85, 0x30, 0xff, 0xc6, 0x68, 0x23, 0xff, 
0xbe, 0x62, 0x1f, 0xff, 0xc6, 0x6b, 0x23, 0xff, 0xc0, 0x63, 0x21, 0xff, 0xc5, 0x69, 0x23, 0xff, 
0xc3, 0x67, 0x22, 0xff, 0xc1, 0x64, 0x20, 0xff, 0xbd, 0x5f, 0x1e, 0xff, 0xc1, 0x64, 0x20, 0xff, 
0xbf, 0x61, 0x20, 0xff, 0xb1, 0x54, 0x1a, 0xff, 0xb6, 0x58, 0x1c, 0xff, 0xc0, 0x62, 0x20, 0xff, 
0xc3, 0x67, 0x22, 0xff, 0xba, 0x5d, 0x1e, 0xff, 0xac, 0x51, 0x1a, 0xff, 0xa2, 0x4c, 0x19, 0xff, 
0x9f, 0x4c, 0x19, 0xff, 0xa3, 0x4e, 0x19, 0xff, 0xaf, 0x54, 0x1b, 0xff, 0xa0, 0x4a, 0x18, 0xff, 
0xa8, 0x50, 0x1a, 0xff, 0xc6, 0x72, 0x29, 0xff, 0xb6, 0x64, 0x23, 0xff, 0x99, 0x46, 0x16, 0xff, 
0x95, 0x44, 0x16, 0xff, 0x97, 0x46, 0x17, 0xff, 0x71, 0x32, 0x0f, 0xff, 0x77, 0x33, 0x10, 0xff, 
0xc4, 0x6b, 0x25, 0xff, 0xd5, 0x7e, 0x2c, 0xff, 0xaf, 0x54, 0x1b, 0xff, 0x99, 0x44, 0x15, 0xff, 
0x8a, 0x3e, 0x14, 0xff, 0x86, 0x3d, 0x13, 0xff, 0x85, 0x3c, 0x13, 0xff, 0x7f, 0x38, 0x12, 0xff, 
0x82, 0x37, 0x12, 0xff, 0x8a, 0x3b, 0x13, 0xff, 0x83, 0x38, 0x11, 0xff, 0x83, 0x37, 0x11, 0xff, 
0x85, 0x35, 0x10, 0xff, 0x7d, 0x2f, 0x0e, 0xff, 0xa3, 0x53, 0x1c, 0xff, 0xe5, 0x91, 0x34, 0xff, 
0xc0, 0x66, 0x23, 0xff, 0xa8, 0x4f, 0x18, 0xff, 0xb2, 0x59, 0x1d, 0xff, 0xad, 0x54, 0x1c, 0xff, 
0xb8, 0x61, 0x21, 0xff, 0xb4, 0x5b, 0x1e, 0xff, 0xa4, 0x4c, 0x18, 0xff, 0x9c, 0x46, 0x16, 0xff, 
0xa9, 0x4d, 0x19, 0xff, 0xc5, 0x69, 0x22, 0xff, 0xe0, 0x95, 0x37, 0xff, 0xdd, 0x92, 0x36, 0xff, 
0xdd, 0x91, 0x36, 0xff, 0xd6, 0x82, 0x2d, 0xff, 0xca, 0x6d, 0x23, 0xff, 0xc5, 0x69, 0x22, 0xff, 
0xc9, 0x6d, 0x24, 0xff, 0xc9, 0x6f, 0x24, 0xff, 0xc5, 0x69, 0x23, 0xff, 0xbe, 0x63, 0x21, 0xff, 
0xac, 0x56, 0x1c, 0xff, 0xb1, 0x5b, 0x1e, 0xff, 0xbf, 0x63, 0x21, 0xff, 0xc4, 0x6a, 0x23, 0xff, 
0xcb, 0x75, 0x29, 0xff, 0xce, 0x78, 0x29, 0xff, 0xca, 0x71, 0x25, 0xff, 0xb6, 0x5c, 0x1e, 0xff, 
0xae, 0x54, 0x1c, 0xff, 0xc2, 0x69, 0x23, 0xff, 0xc5, 0x6a, 0x23, 0xff, 0xb8, 0x58, 0x1c, 0xff, 
0xb9, 0x5d, 0x1e, 0xff, 0xb8, 0x63, 0x21, 0xff, 0xb8, 0x61, 0x21, 0xff, 0xb2, 0x5a, 0x1e, 0xff, 
0xad, 0x58, 0x1c, 0xff, 0x9e, 0x4a, 0x18, 0xff, 0x8f, 0x3f, 0x15, 0xff, 0xa3, 0x4c, 0x19, 0xff, 
0xcb, 0x71, 0x27, 0xff, 0xbd, 0x68, 0x24, 0xff, 0x9a, 0x45, 0x16, 0xff, 0xa9, 0x50, 0x19, 0xff, 
0xa4, 0x4d, 0x19, 0xff, 0xa6, 0x4f, 0x1a, 0xff, 0xa7, 0x4d, 0x18, 0xff, 0xb3, 0x59, 0x1d, 0xff, 
0xc0, 0x67, 0x23, 0xff, 0xbf, 0x64, 0x21, 0xff, 0xbf, 0x64, 0x20, 0xff, 0xbd, 0x62, 0x20, 0xff, 
0xc5, 0x68, 0x23, 0xff, 0xb7, 0x5a, 0x1d, 0xff, 0xb2, 0x57, 0x1c, 0xff, 0xb5, 0x5a, 0x1d, 0xff, 
0xb5, 0x58, 0x1d, 0xff, 0xb0, 0x54, 0x1b, 0xff, 0xb0, 0x55, 0x1b, 0xff, 0xb6, 0x5a, 0x1d, 0xff, 
0xb1, 0x57, 0x1c, 0xff, 0xad, 0x51, 0x1a, 0xff, 0xb2, 0x54, 0x1a, 0xff, 0xbf, 0x63, 0x20, 0xff, 
0xd2, 0x7c, 0x2c, 0xff, 0xd2, 0x7c, 0x2b, 0xff, 0xc4, 0x69, 0x23, 0xff, 0xb9, 0x5b, 0x1c, 0xff, 
0xc0, 0x65, 0x22, 0xff, 0xca, 0x6f, 0x25, 0xff, 0xc1, 0x62, 0x1f, 0xff, 0xd4, 0x82, 0x30, 0xff, 
0xe9, 0xab, 0x44, 0xff, 0xe9, 0xac, 0x48, 0xff, 0xe3, 0x9e, 0x3f, 0xff, 0xe3, 0xa0, 0x3f, 0xff, 
0xdf, 0x96, 0x3a, 0xff, 0xd3, 0x80, 0x2d, 0xff, 0xd8, 0x88, 0x32, 0xff, 0xe0, 0x96, 0x3b, 0xff, 
0xd0, 0x7b, 0x26, 0xff, 0xbb, 0x52, 0x0a, 0xff, 0xbf, 0x57, 0x0b, 0xff, 0xc1, 0x5c, 0x0f, 0xff, 
0xbf, 0x56, 0x0b, 0xff, 0xc3, 0x5c, 0x10, 0xff, 0xc4, 0x67, 0x1f, 0xff, 0xc0, 0x65, 0x22, 0xff, 
0xc1, 0x65, 0x21, 0xff, 0xbd, 0x61, 0x1f, 0xff, 0xc4, 0x68, 0x22, 0xff, 0xca, 0x75, 0x28, 0xff, 
0xcb, 0x7a, 0x2c, 0xff, 0xd2, 0x80, 0x2e, 0xff, 0xc6, 0x6a, 0x22, 0xff, 0xca, 0x6e, 0x24, 0xff, 
0xd3, 0x7e, 0x2d, 0xff, 0xd6, 0x81, 0x2e, 0xff, 0xd8, 0x86, 0x31, 0xff, 0xd0, 0x7c, 0x2c, 0xff, 
0xdc, 0x8f, 0x36, 0xff, 0xda, 0x8c, 0x34, 0xff, 0xd1, 0x7c, 0x2b, 0xff, 0xdc, 0x92, 0x38, 0xff, 
0xe3, 0x9c, 0x3d, 0xff, 0xce, 0x7f, 0x31, 0xff, 0xbd, 0x6b, 0x28, 0xff, 0xae, 0x58, 0x1d, 0xff, 
0xaf, 0x5a, 0x1f, 0xff, 0xb9, 0x63, 0x22, 0xff, 0xc1, 0x68, 0x23, 0xff, 0xc5, 0x6d, 0x26, 0xff, 
0xc9, 0x73, 0x29, 0xff, 0xca, 0x74, 0x28, 0xff, 0xd0, 0x7c, 0x2c, 0xff, 0xd2, 0x7d, 0x2d, 0xff, 
0xd0, 0x7b, 0x2b, 0xff, 0xd2, 0x80, 0x2d, 0xff, 0xcd, 0x75, 0x28, 0xff, 0xc0, 0x5e, 0x1e, 0xff, 
0xcb, 0x72, 0x27, 0xff, 0xe2, 0x99, 0x3b, 0xff, 0xdd, 0x90, 0x36, 0xff, 0xd9, 0x8c, 0x34, 0xff, 
0xd6, 0x85, 0x30, 0xff, 0xd4, 0x81, 0x2e, 0xff, 0xcf, 0x78, 0x29, 0xff, 0xcf, 0x78, 0x29, 0xff, 
0xcc, 0x76, 0x29, 0xff, 0xcf, 0x7a, 0x2b, 0xff, 0xd7, 0x85, 0x2f, 0xff, 0xca, 0x70, 0x25, 0xff, 
0xc7, 0x6a, 0x23, 0xff, 0xca, 0x70, 0x24, 0xff, 0xcd, 0x75, 0x28, 0xff, 0xcb, 0x71, 0x26, 0xff, 
0xc5, 0x67, 0x21, 0xff, 0xc5, 0x6b, 0x24, 0xff, 0xc7, 0x6c, 0x24, 0xff, 0xbe, 0x61, 0x20, 0xff, 
0xbf, 0x65, 0x22, 0xff, 0xc5, 0x69, 0x23, 0xff, 0xca, 0x6f, 0x26, 0xff, 0xbf, 0x67, 0x22, 0xff, 
0xb6, 0x64, 0x23, 0xff, 0xad, 0x5b, 0x1f, 0xff, 0x7c, 0x34, 0x10, 0xff, 0x73, 0x32, 0x10, 0xff, 
0x92, 0x41, 0x15, 0xff, 0x90, 0x43, 0x16, 0xff, 0x82, 0x3c, 0x14, 0xff, 0x7b, 0x36, 0x12, 0xff, 
0x8f, 0x40, 0x15, 0xff, 0x91, 0x40, 0x15, 0xff, 0xa0, 0x4a, 0x17, 0xff, 0xae, 0x53, 0x1a, 0xff, 
0xc1, 0x6b, 0x24, 0xff, 0xb3, 0x5d, 0x1f, 0xff, 0x91, 0x3d, 0x13, 0xff, 0x8e, 0x3e, 0x14, 0xff, 
0xac, 0x54, 0x1c, 0xff, 0xc3, 0x68, 0x22, 0xff, 0xc0, 0x68, 0x24, 0xff, 0xb3, 0x5c, 0x1f, 0xff, 
0xa3, 0x48, 0x17, 0xff, 0xb7, 0x5b, 0x1e, 0xff, 0xc2, 0x64, 0x21, 0xff, 0xc2, 0x64, 0x21, 0xff, 
0xc0, 0x62, 0x20, 0xff, 0xbc, 0x5e, 0x1e, 0xff, 0xc8, 0x6b, 0x23, 0xff, 0xcd, 0x75, 0x28, 0xff, 
0xd8, 0x85, 0x30, 0xff, 0xdc, 0x8c, 0x33, 0xff, 0xc1, 0x67, 0x22, 0xff, 0xb5, 0x56, 0x1b, 0xff, 
0xbd, 0x60, 0x21, 0xff, 0xd0, 0x78, 0x29, 0xff, 0xcc, 0x74, 0x28, 0xff, 0xdb, 0x90, 0x36, 0xff, 
0xdb, 0x8f, 0x35, 0xff, 0xbb, 0x5f, 0x1e, 0xff, 0xa9, 0x4c, 0x17, 0xff, 0xac, 0x52, 0x1b, 0xff, 
0xb2, 0x5a, 0x1e, 0xff, 0xbe, 0x65, 0x21, 0xff, 0xc8, 0x6c, 0x23, 0xff, 0xd0, 0x7b, 0x2b, 0xff, 
0xdd, 0x8f, 0x36, 0xff, 0xcc, 0x76, 0x29, 0xff, 0xbb, 0x5b, 0x1d, 0xff, 0xc3, 0x65, 0x20, 0xff, 
0xda, 0x8b, 0x33, 0xff, 0xdf, 0x97, 0x3a, 0xff, 0xd4, 0x83, 0x2f, 0xff, 0xd1, 0x7b, 0x2c, 0xff, 
0xce, 0x74, 0x28, 0xff, 0xc8, 0x6c, 0x24, 0xff, 0xc8, 0x6c, 0x23, 0xff, 0xcc, 0x70, 0x24, 0xff, 
0xd6, 0x84, 0x30, 0xff, 0xd9, 0x8a, 0x34, 0xff, 0xcb, 0x6e, 0x24, 0xff, 0xcc, 0x71, 0x25, 0xff, 
0xd3, 0x7e, 0x2c, 0xff, 0xc9, 0x6f, 0x25, 0xff, 0xc3, 0x65, 0x21, 0xff, 0xc5, 0x66, 0x21, 0xff, 
0xca, 0x71, 0x27, 0xff, 0xd8, 0x89, 0x32, 0xff, 0xd4, 0x81, 0x2e, 0xff, 0xc8, 0x6c, 0x24, 0xff, 
0xbf, 0x60, 0x1e, 0xff, 0xc5, 0x68, 0x22, 0xff, 0xc3, 0x65, 0x21, 0xff, 0xbb, 0x5d, 0x1e, 0xff, 
0xcd, 0x74, 0x27, 0xff, 0xc9, 0x6d, 0x24, 0xff, 0xc7, 0x6a, 0x23, 0xff, 0xc0, 0x63, 0x20, 0xff, 
0xbc, 0x5d, 0x1e, 0xff, 0xbe, 0x61, 0x1f, 0xff, 0xc2, 0x66, 0x22, 0xff, 0xbe, 0x61, 0x20, 0xff, 
0xb3, 0x57, 0x1c, 0xff, 0xaf, 0x53, 0x1b, 0xff, 0xb1, 0x56, 0x1b, 0xff, 0x9f, 0x4b, 0x18, 0xff, 
0x7e, 0x38, 0x12, 0xff, 0x72, 0x33, 0x11, 0xff, 0x86, 0x3e, 0x14, 0xff, 0x99, 0x48, 0x17, 0xff, 
0xa5, 0x4f, 0x1a, 0xff, 0xbd, 0x67, 0x24, 0xff, 0xb1, 0x5d, 0x20, 0xff, 0x90, 0x42, 0x15, 0xff, 
0x8b, 0x40, 0x15, 0xff, 0x97, 0x47, 0x17, 0xff, 0x87, 0x3e, 0x14, 0xff, 0x87, 0x3c, 0x12, 0xff, 
0xb6, 0x5e, 0x1f, 0xff, 0xd2, 0x78, 0x29, 0xff, 0xbe, 0x62, 0x21, 0xff, 0xa6, 0x51, 0x1a, 0xff, 
0x8c, 0x40, 0x14, 0xff, 0x86, 0x3d, 0x14, 0xff, 0x85, 0x3c, 0x13, 0xff, 0x84, 0x3c, 0x13, 0xff, 
0x93, 0x44, 0x16, 0xff, 0xb2, 0x5d, 0x20, 0xff, 0xbd, 0x69, 0x24, 0xff, 0xc9, 0x77, 0x2b, 0xff, 
0xc6, 0x77, 0x2c, 0xff, 0xa9, 0x5b, 0x20, 0xff, 0x8a, 0x3f, 0x14, 0xff, 0x95, 0x4b, 0x19, 0xff, 
0x92, 0x45, 0x18, 0xff, 0x93, 0x40, 0x15, 0xff, 0xa4, 0x4f, 0x1a, 0xff, 0xa2, 0x4e, 0x19, 0xff, 
0xa8, 0x52, 0x1b, 0xff, 0xb0, 0x56, 0x1d, 0xff, 0xb3, 0x58, 0x1d, 0xff, 0xc4, 0x67, 0x22, 0xff, 
0xc3, 0x67, 0x22, 0xff, 0xb3, 0x59, 0x1d, 0xff, 0xb8, 0x5e, 0x1e, 0xff, 0xc0, 0x69, 0x23, 0xff, 
0xc0, 0x69, 0x24, 0xff, 0xbf, 0x64, 0x21, 0xff, 0xb7, 0x5a, 0x1e, 0xff, 0xb2, 0x55, 0x1c, 0xff, 
0xc3, 0x66, 0x22, 0xff, 0xce, 0x73, 0x26, 0xff, 0xb8, 0x5e, 0x1f, 0xff, 0xa5, 0x4b, 0x18, 0xff, 
0xa9, 0x4e, 0x19, 0xff, 0xb3, 0x56, 0x1b, 0xff, 0xc0, 0x64, 0x20, 0xff, 0xba, 0x61, 0x20, 0xff, 
0xa7, 0x4e, 0x19, 0xff, 0xaf, 0x54, 0x1b, 0xff, 0xbd, 0x61, 0x20, 0xff, 0xc8, 0x6b, 0x24, 0xff, 
0xcf, 0x76, 0x27, 0xff, 0xd2, 0x7d, 0x2b, 0xff, 0xc5, 0x6b, 0x23, 0xff, 0xaf, 0x55, 0x1c, 0xff, 
0xab, 0x53, 0x1c, 0xff, 0xc2, 0x66, 0x21, 0xff, 0xb2, 0x59, 0x1d, 0xff, 0x98, 0x46, 0x16, 0xff, 
0xa5, 0x51, 0x1a, 0xff, 0xa8, 0x53, 0x1b, 0xff, 0x94, 0x45, 0x16, 0xff, 0x91, 0x42, 0x15, 0xff, 
0xa5, 0x52, 0x1b, 0xff, 0xa1, 0x4f, 0x1a, 0xff, 0x97, 0x45, 0x17, 0xff, 0xa3, 0x4c, 0x18, 0xff, 
0xa6, 0x4e, 0x18, 0xff, 0x9f, 0x49, 0x17, 0xff, 0x96, 0x43, 0x15, 0xff, 0x95, 0x41, 0x15, 0xff, 
0xa5, 0x49, 0x17, 0xff, 0xb6, 0x59, 0x1d, 0xff, 0xbe, 0x63, 0x20, 0xff, 0xbe, 0x63, 0x20, 0xff, 
0xaf, 0x53, 0x1a, 0xff, 0xa2, 0x4d, 0x18, 0xff, 0xa7, 0x4f, 0x19, 0xff, 0xa8, 0x50, 0x1a, 0xff, 
0xa1, 0x4c, 0x18, 0xff, 0xa3, 0x4d, 0x19, 0xff, 0xa9, 0x52, 0x1a, 0xff, 0xa7, 0x4f, 0x1a, 0xff, 
0x9d, 0x47, 0x17, 0xff, 0xa3, 0x4d, 0x19, 0xff, 0xac, 0x53, 0x1c, 0xff, 0xab, 0x50, 0x19, 0xff, 
0xb4, 0x57, 0x1b, 0xff, 0xc8, 0x6b, 0x24, 0xff, 0xc2, 0x64, 0x21, 0xff, 0xc3, 0x64, 0x21, 0xff, 
0xc7, 0x69, 0x21, 0xff, 0xc9, 0x6f, 0x26, 0xff, 0xdd, 0x92, 0x38, 0xff, 0xe4, 0x9f, 0x3e, 0xff, 
0xe1, 0x9e, 0x3d, 0xff, 0xe6, 0xa5, 0x42, 0xff, 0xe4, 0xa2, 0x41, 0xff, 0xe9, 0xab, 0x47, 0xff, 
0xed, 0xb4, 0x4d, 0xff, 0xe6, 0xa5, 0x44, 0xff, 0xda, 0x8b, 0x34, 0xff, 0xd6, 0x83, 0x2a, 0xff, 
0xd9, 0x8c, 0x37, 0xff, 0xe0, 0x9f, 0x55, 0xff, 0xe6, 0xaa, 0x5b, 0xff, 0xe5, 0xa9, 0x5b, 0xff, 
0xe1, 0xa2, 0x5c, 0xff, 0xdb, 0x97, 0x50, 0xff, 0xcc, 0x75, 0x24, 0xff, 0xbf, 0x60, 0x16, 0xff, 
0xc0, 0x68, 0x24, 0xff, 0xcb, 0x77, 0x2b, 0xff, 0xd5, 0x83, 0x30, 0xff, 0xcb, 0x75, 0x29, 0xff, 
0xb3, 0x55, 0x1b, 0xff, 0xc1, 0x66, 0x22, 0xff, 0xdc, 0x8e, 0x35, 0xff, 0xdb, 0x8e, 0x35, 0xff, 
0xca, 0x71, 0x27, 0xff, 0xc2, 0x64, 0x20, 0xff, 0xc9, 0x70, 0x25, 0xff, 0xd2, 0x7f, 0x2d, 0xff, 
0xd9, 0x89, 0x32, 0xff, 0xd4, 0x81, 0x2f, 0xff, 0xd6, 0x83, 0x2f, 0xff, 0xd8, 0x8a, 0x32, 0xff, 
0xc5, 0x68, 0x21, 0xff, 0xba, 0x56, 0x19, 0xff, 0xc1, 0x60, 0x1d, 0xff, 0xc1, 0x62, 0x1f, 0xff, 
0xc0, 0x60, 0x1e, 0xff, 0xc0, 0x61, 0x1f, 0xff, 0xba, 0x5b, 0x1c, 0xff, 0xbb, 0x5b, 0x1c, 0xff, 
0xbb, 0x5c, 0x1e, 0xff, 0xbf, 0x62, 0x20, 0xff, 0xc5, 0x6b, 0x24, 0xff, 0xc8, 0x6d, 0x25, 0xff, 
0xc7, 0x6e, 0x26, 0xff, 0xc9, 0x74, 0x28, 0xff, 0xd1, 0x7d, 0x2d, 0xff, 0xcd, 0x73, 0x28, 0xff, 
0xcc, 0x73, 0x26, 0xff, 0xce, 0x78, 0x2b, 0xff, 0xd2, 0x80, 0x2f, 0xff, 0xd7, 0x86, 0x30, 0xff, 
0xd1, 0x7c, 0x2b, 0xff, 0xc8, 0x6f, 0x26, 0xff, 0xcc, 0x76, 0x2a, 0xff, 0xd1, 0x7e, 0x2d, 0xff, 
0xd1, 0x7d, 0x2c, 0xff, 0xd2, 0x7e, 0x2d, 0xff, 0xd4, 0x82, 0x2f, 0xff, 0xce, 0x78, 0x2a, 0xff, 
0xca, 0x70, 0x25, 0xff, 0xce, 0x75, 0x28, 0xff, 0xcd, 0x74, 0x28, 0xff, 0xc8, 0x6c, 0x24, 0xff, 
0xc1, 0x64, 0x21, 0xff, 0xb4, 0x58, 0x1c, 0xff, 0xb4, 0x58, 0x1c, 0xff, 0xba, 0x5f, 0x20, 0xff, 
0xba, 0x61, 0x21, 0xff, 0xc0, 0x68, 0x23, 0xff, 0xcf, 0x7a, 0x2c, 0xff, 0xc3, 0x6d, 0x26, 0xff, 
0xaa, 0x51, 0x19, 0xff, 0xa8, 0x51, 0x1a, 0xff, 0x9e, 0x4a, 0x18, 0xff, 0x91, 0x43, 0x15, 0xff, 
0x8e, 0x44, 0x16, 0xff, 0x92, 0x46, 0x17, 0xff, 0x95, 0x45, 0x16, 0xff, 0x98, 0x45, 0x16, 0xff, 
0xa9, 0x52, 0x1b, 0xff, 0xb1, 0x5b, 0x1f, 0xff, 0xb7, 0x64, 0x23, 0xff, 0xb4, 0x5f, 0x20, 0xff, 
0xb4, 0x5b, 0x1d, 0xff, 0xba, 0x62, 0x21, 0xff, 0xb5, 0x61, 0x21, 0xff, 0xae, 0x5b, 0x1f, 0xff, 
0xba, 0x64, 0x22, 0xff, 0xb3, 0x58, 0x1c, 0xff, 0xb9, 0x60, 0x20, 0xff, 0xcd, 0x79, 0x2a, 0xff, 
0xb3, 0x5a, 0x1d, 0xff, 0xa7, 0x4e, 0x19, 0xff, 0xb5, 0x58, 0x1d, 0xff, 0xbf, 0x61, 0x1f, 0xff, 
0xc3, 0x66, 0x22, 0xff, 0xbf, 0x61, 0x1f, 0xff, 0xbf, 0x60, 0x1e, 0xff, 0xca, 0x6f, 0x25, 0xff, 
0xd3, 0x80, 0x2d, 0xff, 0xcf, 0x7a, 0x2a, 0xff, 0xc4, 0x68, 0x22, 0xff, 0xc9, 0x71, 0x26, 0xff, 
0xc8, 0x6d, 0x25, 0xff, 0xc3, 0x65, 0x20, 0xff, 0xcd, 0x75, 0x28, 0xff, 0xd8, 0x89, 0x32, 0xff, 
0xe1, 0x97, 0x39, 0xff, 0xd5, 0x86, 0x31, 0xff, 0xc6, 0x73, 0x29, 0xff, 0xc7, 0x6d, 0x25, 0xff, 
0xc7, 0x6a, 0x24, 0xff, 0xcf, 0x7a, 0x2b, 0xff, 0xd4, 0x80, 0x2e, 0xff, 0xd3, 0x7f, 0x2d, 0xff, 
0xc1, 0x64, 0x20, 0xff, 0xb4, 0x54, 0x1a, 0xff, 0xc1, 0x63, 0x21, 0xff, 0xce, 0x75, 0x28, 0xff, 
0xd8, 0x8a, 0x33, 0xff, 0xd0, 0x7a, 0x2b, 0xff, 0xc2, 0x62, 0x1f, 0xff, 0xd0, 0x79, 0x2a, 0xff, 
0xd8, 0x89, 0x32, 0xff, 0xc3, 0x67, 0x22, 0xff, 0xc0, 0x60, 0x1e, 0xff, 0xcd, 0x72, 0x25, 0xff, 
0xcf, 0x74, 0x26, 0xff, 0xdd, 0x90, 0x36, 0xff, 0xd8, 0x88, 0x32, 0xff, 0xcc, 0x72, 0x26, 0xff, 
0xcd, 0x74, 0x27, 0xff, 0xc8, 0x6d, 0x24, 0xff, 0xc4, 0x66, 0x20, 0xff, 0xd2, 0x7c, 0x2b, 0xff, 
0xdc, 0x8e, 0x35, 0xff, 0xd2, 0x7e, 0x2c, 0xff, 0xc6, 0x69, 0x22, 0xff, 0xc2, 0x63, 0x20, 0xff, 
0xc9, 0x6c, 0x25, 0xff, 0xcc, 0x71, 0x26, 0xff, 0xcc, 0x71, 0x25, 0xff, 0xca, 0x6f, 0x25, 0xff, 
0xd3, 0x79, 0x2a, 0xff, 0xc0, 0x63, 0x20, 0xff, 0xb7, 0x5b, 0x1e, 0xff, 0xb6, 0x59, 0x1c, 0xff, 
0xc0, 0x61, 0x1f, 0xff, 0xc3, 0x66, 0x21, 0xff, 0xbc, 0x5f, 0x1e, 0xff, 0xb6, 0x5a, 0x1c, 0xff, 
0xba, 0x5d, 0x1d, 0xff, 0xb8, 0x5b, 0x1d, 0xff, 0xb4, 0x59, 0x1d, 0xff, 0xac, 0x52, 0x1a, 0xff, 
0x9c, 0x49, 0x17, 0xff, 0x90, 0x44, 0x16, 0xff, 0x84, 0x3d, 0x13, 0xff, 0x88, 0x3f, 0x15, 0xff, 
0x90, 0x43, 0x15, 0xff, 0x98, 0x44, 0x15, 0xff, 0x99, 0x46, 0x16, 0xff, 0x8b, 0x40, 0x15, 0xff, 
0x7f, 0x3b, 0x13, 0xff, 0x72, 0x34, 0x11, 0xff, 0x74, 0x31, 0x0f, 0xff, 0x8d, 0x3c, 0x13, 0xff, 
0xad, 0x55, 0x1c, 0xff, 0xa7, 0x53, 0x1b, 0xff, 0x9c, 0x4d, 0x19, 0xff, 0xa5, 0x51, 0x1a, 0xff, 
0xa7, 0x4f, 0x1a, 0xff, 0xa8, 0x53, 0x1c, 0xff, 0x8b, 0x41, 0x15, 0xff, 0x83, 0x39, 0x12, 0xff, 
0xba, 0x63, 0x21, 0xff, 0xca, 0x72, 0x27, 0xff, 0xb4, 0x5e, 0x20, 0xff, 0xbd, 0x69, 0x25, 0xff, 
0xd0, 0x7b, 0x2c, 0xff, 0xdf, 0x88, 0x30, 0xff, 0xc2, 0x69, 0x24, 0xff, 0x87, 0x38, 0x12, 0xff, 
0x8f, 0x41, 0x16, 0xff, 0xa9, 0x53, 0x1c, 0xff, 0xaf, 0x59, 0x1d, 0xff, 0xb6, 0x5d, 0x1f, 0xff, 
0xa5, 0x4d, 0x19, 0xff, 0xac, 0x52, 0x1b, 0xff, 0xc5, 0x6b, 0x24, 0xff, 0xc6, 0x6f, 0x26, 0xff, 
0xab, 0x53, 0x1b, 0xff, 0xa3, 0x4b, 0x18, 0xff, 0xb1, 0x53, 0x1a, 0xff, 0xb7, 0x58, 0x1c, 0xff, 
0xb9, 0x5b, 0x1d, 0xff, 0xb8, 0x5a, 0x1d, 0xff, 0xb6, 0x5a, 0x1c, 0xff, 0xae, 0x52, 0x1a, 0xff, 
0xa2, 0x48, 0x16, 0xff, 0xa3, 0x4f, 0x1a, 0xff, 0xa4, 0x51, 0x1b, 0xff, 0x98, 0x47, 0x17, 0xff, 
0x92, 0x40, 0x14, 0xff, 0x9d, 0x46, 0x16, 0xff, 0xb7, 0x5c, 0x1e, 0xff, 0xd2, 0x7f, 0x2d, 0xff, 
0xcf, 0x79, 0x2a, 0xff, 0xbb, 0x5c, 0x1e, 0xff, 0xb3, 0x55, 0x1b, 0xff, 0xac, 0x52, 0x1a, 0xff, 
0xb6, 0x5c, 0x1e, 0xff, 0xc4, 0x66, 0x22, 0xff, 0xc7, 0x6c, 0x24, 0xff, 0xb8, 0x5e, 0x1e, 0xff, 
0xac, 0x52, 0x1b, 0xff, 0xb6, 0x5b, 0x1d, 0xff, 0xb1, 0x58, 0x1d, 0xff, 0xa2, 0x4c, 0x19, 0xff, 
0x9e, 0x4a, 0x17, 0xff, 0x9d, 0x49, 0x18, 0xff, 0x99, 0x47, 0x17, 0xff, 0x94, 0x43, 0x15, 0xff, 
0x8b, 0x3e, 0x13, 0xff, 0x8b, 0x3f, 0x15, 0xff, 0x95, 0x46, 0x17, 0xff, 0xa3, 0x50, 0x1b, 0xff, 
0xb1, 0x59, 0x1d, 0xff, 0xad, 0x56, 0x1c, 0xff, 0xab, 0x53, 0x1b, 0xff, 0xb3, 0x59, 0x1d, 0xff, 
0xb8, 0x5e, 0x1f, 0xff, 0xbb, 0x60, 0x1f, 0xff, 0xb7, 0x58, 0x1c, 0xff, 0xc4, 0x68, 0x22, 0xff, 
0xc8, 0x70, 0x27, 0xff, 0xb4, 0x5b, 0x1d, 0xff, 0xa9, 0x4f, 0x19, 0xff, 0xaa, 0x50, 0x1a, 0xff, 
0xa5, 0x50, 0x1a, 0xff, 0xa4, 0x4f, 0x1a, 0xff, 0xa9, 0x51, 0x1a, 0xff, 0xba, 0x63, 0x21, 0xff, 
0xba, 0x65, 0x22, 0xff, 0xb4, 0x59, 0x1c, 0xff, 0xb8, 0x5e, 0x1e, 0xff, 0xb9, 0x60, 0x20, 0xff, 
0xb6, 0x5b, 0x1e, 0xff, 0xc7, 0x6d, 0x25, 0xff, 0xdb, 0x8a, 0x31, 0xff, 0xd9, 0x8c, 0x33, 0xff, 
0xd9, 0x8d, 0x35, 0xff, 0xdd, 0x92, 0x38, 0xff, 0xe0, 0x99, 0x3b, 0xff, 0xe2, 0x9d, 0x3d, 0xff, 
0xdf, 0x97, 0x3a, 0xff, 0xdd, 0x93, 0x37, 0xff, 0xe3, 0x9e, 0x3f, 0xff, 0xe7, 0xa8, 0x45, 0xff, 
0xe8, 0xab, 0x48, 0xff, 0xe7, 0xa8, 0x45, 0xff, 0xe0, 0x97, 0x34, 0xff, 0xee, 0xb8, 0x55, 0xff, 
0xff, 0xf7, 0xba, 0xff, 0xff, 0xff, 0xdb, 0xff, 0xff, 0xfd, 0xc8, 0xff, 0xff, 0xf5, 0xb2, 0xff, 
0xff, 0xf2, 0xae, 0xff, 0xff, 0xfa, 0xc3, 0xff, 0xff, 0xe9, 0x9d, 0xff, 0xe7, 0xa4, 0x43, 0xff, 
0xd2, 0x79, 0x23, 0xff, 0xd4, 0x7d, 0x2b, 0xff, 0xd5, 0x83, 0x2f, 0xff, 0xd6, 0x83, 0x30, 0xff, 
0xd2, 0x7c, 0x2c, 0xff, 0xcb, 0x71, 0x25, 0xff, 0xd2, 0x7f, 0x2d, 0xff, 0xd6, 0x85, 0x31, 0xff, 
0xcb, 0x74, 0x28, 0xff, 0xcd, 0x79, 0x2b, 0xff, 0xd5, 0x81, 0x2f, 0xff, 0xd2, 0x7a, 0x2a, 0xff, 
0xca, 0x6d, 0x22, 0xff, 0xc6, 0x69, 0x22, 0xff, 0xc9, 0x6e, 0x25, 0xff, 0xc7, 0x6a, 0x22, 0xff, 
0xc9, 0x6b, 0x23, 0xff, 0xc7, 0x6b, 0x23, 0xff, 0xbb, 0x61, 0x20, 0xff, 0xc3, 0x67, 0x22, 0xff, 
0xc8, 0x6b, 0x23, 0xff, 0xc6, 0x6b, 0x23, 0xff, 0xc1, 0x64, 0x20, 0xff, 0xc0, 0x62, 0x1f, 0xff, 
0xc3, 0x65, 0x21, 0xff, 0xc1, 0x63, 0x20, 0xff, 0xc1, 0x62, 0x1f, 0xff, 0xc1, 0x63, 0x1f, 0xff, 
0xbf, 0x61, 0x1f, 0xff, 0xbe, 0x5f, 0x1e, 0xff, 0xc1, 0x63, 0x20, 0xff, 0xce, 0x79, 0x2a, 0xff, 
0xd5, 0x84, 0x30, 0xff, 0xce, 0x79, 0x2b, 0xff, 0xcd, 0x77, 0x2a, 0xff, 0xd3, 0x81, 0x2d, 0xff, 
0xd0, 0x7b, 0x2a, 0xff, 0xca, 0x71, 0x26, 0xff, 0xc1, 0x65, 0x21, 0xff, 0xc4, 0x69, 0x23, 0xff, 
0xce, 0x7a, 0x2b, 0xff, 0xca, 0x72, 0x28, 0xff, 0xc5, 0x6b, 0x24, 0xff, 0xcb, 0x71, 0x26, 0xff, 
0xcb, 0x72, 0x27, 0xff, 0xca, 0x75, 0x29, 0xff, 0xca, 0x76, 0x2a, 0xff, 0xc8, 0x6f, 0x26, 0xff, 
0xc8, 0x6f, 0x26, 0xff, 0xc3, 0x6b, 0x25, 0xff, 0xc5, 0x6e, 0x26, 0xff, 0xce, 0x78, 0x29, 0xff, 
0xc5, 0x6b, 0x24, 0xff, 0xb1, 0x56, 0x1c, 0xff, 0x99, 0x46, 0x16, 0xff, 0x95, 0x45, 0x16, 0xff, 
0x99, 0x49, 0x17, 0xff, 0xa9, 0x55, 0x1c, 0xff, 0xcb, 0x72, 0x27, 0xff, 0xde, 0x8a, 0x32, 0xff, 
0xd1, 0x7a, 0x2b, 0xff, 0xb9, 0x5e, 0x1f, 0xff, 0xbe, 0x64, 0x21, 0xff, 0xcb, 0x6d, 0x24, 0xff, 
0xd2, 0x75, 0x28, 0xff, 0xd7, 0x82, 0x2e, 0xff, 0xd1, 0x7b, 0x2b, 0xff, 0xc8, 0x6f, 0x26, 0xff, 
0xca, 0x73, 0x29, 0xff, 0xd5, 0x80, 0x2e, 0xff, 0xd2, 0x7b, 0x2a, 0xff, 0xb8, 0x5b, 0x1e, 0xff, 
0xb1, 0x55, 0x1b, 0xff, 0xbb, 0x5f, 0x1f, 0xff, 0xba, 0x5e, 0x1f, 0xff, 0xba, 0x5f, 0x1f, 0xff, 
0xbd, 0x62, 0x20, 0xff, 0xbd, 0x61, 0x20, 0xff, 0xbf, 0x61, 0x1f, 0xff, 0xbf, 0x62, 0x1f, 0xff, 
0xcd, 0x77, 0x2a, 0xff, 0xd7, 0x87, 0x32, 0xff, 0xd1, 0x7f, 0x2e, 0xff, 0xc7, 0x6d, 0x25, 0xff, 
0xc9, 0x6f, 0x26, 0xff, 0xd2, 0x7c, 0x2c, 0xff, 0xd6, 0x83, 0x2f, 0xff, 0xd3, 0x7f, 0x2c, 0xff, 
0xcc, 0x72, 0x26, 0xff, 0xc9, 0x6e, 0x25, 0xff, 0xca, 0x6f, 0x26, 0xff, 0xce, 0x76, 0x29, 0xff, 
0xce, 0x79, 0x2a, 0xff, 0xcc, 0x78, 0x2a, 0xff, 0xd0, 0x7b, 0x2c, 0xff, 0xd0, 0x7a, 0x2b, 0xff, 
0xcb, 0x74, 0x28, 0xff, 0xcc, 0x75, 0x29, 0xff, 0xd2, 0x7f, 0x2e, 0xff, 0xc3, 0x6a, 0x24, 0xff, 
0xb0, 0x51, 0x19, 0xff, 0xb8, 0x5c, 0x1e, 0xff, 0xc6, 0x68, 0x23, 0xff, 0xd7, 0x86, 0x31, 0xff, 
0xd3, 0x7e, 0x2d, 0xff, 0xbd, 0x5d, 0x1d, 0xff, 0xba, 0x5d, 0x1e, 0xff, 0xc1, 0x64, 0x20, 0xff, 
0xd3, 0x7f, 0x2d, 0xff, 0xd1, 0x7e, 0x2c, 0xff, 0xce, 0x75, 0x28, 0xff, 0xcf, 0x76, 0x28, 0xff, 
0xd3, 0x7e, 0x2c, 0xff, 0xd7, 0x87, 0x31, 0xff, 0xcf, 0x78, 0x2a, 0xff, 0xc6, 0x69, 0x22, 0xff, 
0xc6, 0x69, 0x23, 0xff, 0xcd, 0x73, 0x27, 0xff, 0xcf, 0x75, 0x27, 0xff, 0xd6, 0x82, 0x2e, 0xff, 
0xda, 0x8c, 0x34, 0xff, 0xd2, 0x7c, 0x2b, 0xff, 0xd0, 0x7a, 0x2a, 0xff, 0xc9, 0x6f, 0x25, 0xff, 
0xc3, 0x66, 0x22, 0xff, 0xc7, 0x6a, 0x23, 0xff, 0xcd, 0x71, 0x25, 0xff, 0xd4, 0x7b, 0x29, 0xff, 
0xb8, 0x5e, 0x1f, 0xff, 0xb9, 0x5b, 0x1d, 0xff, 0xb3, 0x57, 0x1c, 0xff, 0xb8, 0x5d, 0x1e, 0xff, 
0xbf, 0x63, 0x20, 0xff, 0xb8, 0x5c, 0x1d, 0xff, 0xb2, 0x56, 0x1c, 0xff, 0xb3, 0x57, 0x1c, 0xff, 
0xb3, 0x56, 0x1c, 0xff, 0xb3, 0x58, 0x1c, 0xff, 0xaf, 0x55, 0x1c, 0xff, 0xab, 0x51, 0x1a, 0xff, 
0xaf, 0x54, 0x1b, 0xff, 0xad, 0x54, 0x1b, 0xff, 0x9d, 0x4a, 0x18, 0xff, 0x95, 0x45, 0x17, 0xff, 
0x9c, 0x4a, 0x19, 0xff, 0xb1, 0x59, 0x1d, 0xff, 0xae, 0x56, 0x1c, 0xff, 0x91, 0x41, 0x15, 0xff, 
0x86, 0x3c, 0x13, 0xff, 0x8c, 0x41, 0x14, 0xff, 0x9e, 0x51, 0x1c, 0xff, 0xb4, 0x67, 0x24, 0xff, 
0x9b, 0x4d, 0x19, 0xff, 0x82, 0x37, 0x11, 0xff, 0x8a, 0x3d, 0x13, 0xff, 0x9f, 0x4d, 0x19, 0xff, 
0xbd, 0x66, 0x22, 0xff, 0xb7, 0x5e, 0x1f, 0xff, 0x8c, 0x41, 0x15, 0xff, 0x76, 0x32, 0x0f, 0xff, 
0xb1, 0x5c, 0x1f, 0xff, 0xd2, 0x7d, 0x2c, 0xff, 0xbb, 0x67, 0x23, 0xff, 0xaf, 0x55, 0x1c, 0xff, 
0xb7, 0x5c, 0x1e, 0xff, 0xd3, 0x81, 0x2e, 0xff, 0xda, 0x85, 0x2f, 0xff, 0xb7, 0x59, 0x1c, 0xff, 
0xb1, 0x57, 0x1d, 0xff, 0xb7, 0x5e, 0x1f, 0xff, 0xaa, 0x53, 0x1b, 0xff, 0x9e, 0x4c, 0x19, 0xff, 
0x9e, 0x49, 0x18, 0xff, 0xa4, 0x49, 0x17, 0xff, 0xb5, 0x58, 0x1b, 0xff, 0xbb, 0x60, 0x1f, 0xff, 
0xb7, 0x58, 0x1c, 0xff, 0xb9, 0x5b, 0x1d, 0xff, 0xbb, 0x5d, 0x1e, 0xff, 0xba, 0x5c, 0x1e, 0xff, 
0xb3, 0x55, 0x1b, 0xff, 0xbb, 0x5e, 0x1e, 0xff, 0xc5, 0x6c, 0x24, 0xff, 0xc6, 0x70, 0x27, 0xff, 
0xb7, 0x63, 0x21, 0xff, 0xa5, 0x51, 0x1b, 0xff, 0x95, 0x40, 0x14, 0xff, 0x85, 0x36, 0x10, 0xff, 
0x95, 0x45, 0x16, 0xff, 0xb4, 0x60, 0x20, 0xff, 0xbc, 0x63, 0x22, 0xff, 0xc3, 0x68, 0x23, 0xff, 
0xd1, 0x7a, 0x2b, 0xff, 0xd2, 0x7a, 0x2a, 0xff, 0xcb, 0x75, 0x29, 0xff, 0xbc, 0x62, 0x21, 0xff, 
0xb4, 0x59, 0x1d, 0xff, 0xb2, 0x57, 0x1c, 0xff, 0xb6, 0x5a, 0x1d, 0xff, 0xbc, 0x5f, 0x1f, 0xff, 
0xbb, 0x5e, 0x1e, 0xff, 0xc0, 0x64, 0x20, 0xff, 0xc7, 0x6d, 0x24, 0xff, 0xc5, 0x6b, 0x24, 0xff, 
0xad, 0x55, 0x1b, 0xff, 0xa2, 0x4b, 0x18, 0xff, 0xa5, 0x51, 0x1a, 0xff, 0xa8, 0x53, 0x1b, 0xff, 
0xaa, 0x53, 0x1b, 0xff, 0xb3, 0x5a, 0x1e, 0xff, 0xbc, 0x62, 0x20, 0xff, 0xc2, 0x69, 0x23, 0xff, 
0xc5, 0x6c, 0x24, 0xff, 0xc2, 0x6b, 0x24, 0xff, 0xc1, 0x67, 0x23, 0xff, 0xc6, 0x69, 0x23, 0xff, 
0xc2, 0x68, 0x22, 0xff, 0xbf, 0x64, 0x21, 0xff, 0xc6, 0x6d, 0x26, 0xff, 0xca, 0x71, 0x27, 0xff, 
0xc8, 0x6d, 0x26, 0xff, 0xbc, 0x60, 0x20, 0xff, 0xb3, 0x5a, 0x1d, 0xff, 0xbc, 0x60, 0x20, 0xff, 
0xbf, 0x65, 0x21, 0xff, 0xb3, 0x5c, 0x1d, 0xff, 0xb1, 0x58, 0x1c, 0xff, 0xc0, 0x68, 0x22, 0xff, 
0xd0, 0x7a, 0x29, 0xff, 0xcd, 0x77, 0x29, 0xff, 0xc9, 0x70, 0x25, 0xff, 0xc4, 0x6a, 0x23, 0xff, 
0xc1, 0x64, 0x20, 0xff, 0xbc, 0x61, 0x1f, 0xff, 0xd4, 0x84, 0x30, 0xff, 0xd9, 0x8c, 0x35, 0xff, 
0xd9, 0x8a, 0x33, 0xff, 0xdb, 0x8e, 0x34, 0xff, 0xdd, 0x92, 0x37, 0xff, 0xe1, 0x9a, 0x3c, 0xff, 
0xdb, 0x8e, 0x34, 0xff, 0xd7, 0x86, 0x31, 0xff, 0xde, 0x95, 0x39, 0xff, 0xdf, 0x99, 0x3b, 0xff, 
0xde, 0x97, 0x3c, 0xff, 0xdc, 0x90, 0x37, 0xff, 0xdf, 0x96, 0x34, 0xff, 0xf3, 0xc3, 0x5c, 0xff, 
0xff, 0xf0, 0xb2, 0xff, 0xff, 0xf4, 0xce, 0xff, 0xff, 0xf5, 0xd1, 0xff, 0xfe, 0xed, 0xb8, 0xff, 
0xfa, 0xdc, 0x8f, 0xff, 0xfb, 0xd9, 0x83, 0xff, 0xff, 0xed, 0xac, 0xff, 0xff, 0xf6, 0xbd, 0xff, 
0xea, 0xb1, 0x56, 0xff, 0xcb, 0x6a, 0x13, 0xff, 0xc3, 0x5c, 0x11, 0xff, 0xc4, 0x62, 0x1a, 0xff, 
0xc9, 0x6b, 0x21, 0xff, 0xce, 0x73, 0x25, 0xff, 0xc9, 0x6b, 0x21, 0xff, 0xc6, 0x67, 0x21, 0xff, 
0xcf, 0x77, 0x28, 0xff, 0xd8, 0x84, 0x2f, 0xff, 0xd9, 0x8b, 0x34, 0xff, 0xd4, 0x82, 0x2f, 0xff, 
0xd1, 0x79, 0x29, 0xff, 0xcc, 0x70, 0x25, 0xff, 0xc8, 0x6a, 0x23, 0xff, 0xc7, 0x6a, 0x22, 0xff, 
0xcd, 0x75, 0x28, 0xff, 0xce, 0x77, 0x29, 0xff, 0xbf, 0x65, 0x22, 0xff, 0xc3, 0x68, 0x22, 0xff, 
0xc9, 0x6d, 0x24, 0xff, 0xc5, 0x68, 0x22, 0xff, 0xc5, 0x68, 0x22, 0xff, 0xc8, 0x6e, 0x24, 0xff, 
0xc6, 0x69, 0x22, 0xff, 0xc3, 0x65, 0x20, 0xff, 0xc7, 0x68, 0x22, 0xff, 0xcb, 0x71, 0x26, 0xff, 
0xd2, 0x7a, 0x29, 0xff, 0xce, 0x74, 0x26, 0xff, 0xc3, 0x65, 0x21, 0xff, 0xc3, 0x65, 0x21, 0xff, 
0xd3, 0x81, 0x2f, 0xff, 0xdb, 0x8e, 0x34, 0xff, 0xd6, 0x83, 0x2e, 0xff, 0xcc, 0x74, 0x28, 0xff, 
0xcb, 0x74, 0x28, 0xff, 0xd8, 0x88, 0x32, 0xff, 0xc6, 0x6e, 0x26, 0xff, 0xc3, 0x65, 0x22, 0xff, 
0xcf, 0x79, 0x2a, 0xff, 0xcd, 0x77, 0x29, 0xff, 0xc9, 0x6d, 0x24, 0xff, 0xbd, 0x60, 0x1f, 0xff, 
0xba, 0x5c, 0x1e, 0xff, 0xbd, 0x5e, 0x1e, 0xff, 0xa2, 0x49, 0x18, 0xff, 0x97, 0x44, 0x16, 0xff, 
0x9d, 0x47, 0x16, 0xff, 0xb3, 0x5a, 0x1e, 0xff, 0xb9, 0x5f, 0x1f, 0xff, 0xac, 0x55, 0x1b, 0xff, 
0xa2, 0x50, 0x1b, 0xff, 0x9f, 0x4c, 0x18, 0xff, 0x99, 0x49, 0x18, 0xff, 0x97, 0x48, 0x17, 0xff, 
0x97, 0x47, 0x17, 0xff, 0x94, 0x42, 0x15, 0xff, 0xae, 0x59, 0x1e, 0xff, 0xcd, 0x7c, 0x2d, 0xff, 
0xc8, 0x75, 0x29, 0xff, 0xb0, 0x5b, 0x1f, 0xff, 0xb0, 0x5b, 0x1e, 0xff, 0xbf, 0x68, 0x23, 0xff, 
0xbd, 0x62, 0x21, 0xff, 0xc8, 0x6c, 0x24, 0xff, 0xc9, 0x69, 0x22, 0xff, 0xc3, 0x68, 0x22, 0xff, 
0xc4, 0x6f, 0x27, 0xff, 0xc9, 0x71, 0x27, 0xff, 0xd1, 0x7a, 0x2a, 0xff, 0xd2, 0x7d, 0x2b, 0xff, 
0xbe, 0x64, 0x21, 0xff, 0xbb, 0x60, 0x1f, 0xff, 0xce, 0x75, 0x28, 0xff, 0xb8, 0x5c, 0x1e, 0xff, 
0xab, 0x4d, 0x18, 0xff, 0xc0, 0x63, 0x1f, 0xff, 0xc6, 0x69, 0x22, 0xff, 0xbe, 0x60, 0x1e, 0xff, 
0xc7, 0x6b, 0x24, 0xff, 0xcf, 0x7b, 0x2b, 0xff, 0xd6, 0x87, 0x32, 0xff, 0xdb, 0x90, 0x37, 0xff, 
0xd4, 0x82, 0x30, 0xff, 0xd3, 0x7e, 0x2c, 0xff, 0xd7, 0x87, 0x30, 0xff, 0xd4, 0x80, 0x2e, 0xff, 
0xd1, 0x79, 0x2a, 0xff, 0xcc, 0x71, 0x26, 0xff, 0xc5, 0x69, 0x24, 0xff, 0xc7, 0x6e, 0x25, 0xff, 
0xc7, 0x6b, 0x23, 0xff, 0xbf, 0x60, 0x1f, 0xff, 0xb8, 0x59, 0x1d, 0xff, 0xc8, 0x6e, 0x25, 0xff, 
0xd4, 0x81, 0x2d, 0xff, 0xbe, 0x62, 0x20, 0xff, 0xc0, 0x64, 0x21, 0xff, 0xc2, 0x67, 0x22, 0xff, 
0xb0, 0x54, 0x1b, 0xff, 0xb9, 0x5c, 0x1e, 0xff, 0xc7, 0x6c, 0x24, 0xff, 0xcf, 0x79, 0x2b, 0xff, 
0xc1, 0x66, 0x22, 0xff, 0xb2, 0x55, 0x1a, 0xff, 0xb2, 0x56, 0x1c, 0xff, 0xb9, 0x5b, 0x1d, 0xff, 
0xc4, 0x66, 0x21, 0xff, 0xd4, 0x81, 0x2e, 0xff, 0xd7, 0x85, 0x30, 0xff, 0xd0, 0x79, 0x2a, 0xff, 
0xd4, 0x82, 0x2e, 0xff, 0xcd, 0x74, 0x26, 0xff, 0xc2, 0x61, 0x1e, 0xff, 0xc4, 0x69, 0x22, 0xff, 
0xc8, 0x6d, 0x25, 0xff, 0xd0, 0x78, 0x29, 0xff, 0xd5, 0x80, 0x2e, 0xff, 0xda, 0x8b, 0x33, 0xff, 
0xdb, 0x8f, 0x35, 0xff, 0xd2, 0x7d, 0x2c, 0xff, 0xcf, 0x75, 0x27, 0xff, 0xc5, 0x6b, 0x23, 0xff, 
0xb3, 0x56, 0x1c, 0xff, 0xac, 0x51, 0x1b, 0xff, 0xba, 0x5f, 0x1f, 0xff, 0xbc, 0x61, 0x20, 0xff, 
0xb0, 0x54, 0x1b, 0xff, 0xba, 0x5e, 0x1f, 0xff, 0xc0, 0x64, 0x21, 0xff, 0xc2, 0x66, 0x22, 0xff, 
0xc0, 0x63, 0x21, 0xff, 0xbd, 0x5f, 0x1e, 0xff, 0xb7, 0x5a, 0x1d, 0xff, 0xb7, 0x5c, 0x1e, 0xff, 
0xaf, 0x55, 0x1c, 0xff, 0xaa, 0x4f, 0x19, 0xff, 0xa9, 0x50, 0x19, 0xff, 0xaa, 0x51, 0x1b, 0xff, 
0xa3, 0x4d, 0x19, 0xff, 0xa2, 0x4c, 0x19, 0xff, 0xa8, 0x4f, 0x1a, 0xff, 0xaa, 0x51, 0x1a, 0xff, 
0xb0, 0x55, 0x1b, 0xff, 0xb5, 0x5b, 0x1e, 0xff, 0xb6, 0x5d, 0x1f, 0xff, 0xaf, 0x57, 0x1c, 0xff, 
0xa3, 0x4e, 0x18, 0xff, 0xab, 0x51, 0x1b, 0xff, 0xb5, 0x5f, 0x21, 0xff, 0xc0, 0x70, 0x28, 0xff, 
0xa8, 0x55, 0x1c, 0xff, 0x95, 0x42, 0x15, 0xff, 0x9f, 0x49, 0x19, 0xff, 0xa1, 0x4c, 0x19, 0xff, 
0x9b, 0x4c, 0x19, 0xff, 0x84, 0x3d, 0x13, 0xff, 0x7e, 0x3a, 0x12, 0xff, 0x86, 0x3f, 0x14, 0xff, 
0x86, 0x3e, 0x14, 0xff, 0xa9, 0x59, 0x1f, 0xff, 0xce, 0x77, 0x29, 0xff, 0xda, 0x87, 0x30, 0xff, 
0xd5, 0x81, 0x2e, 0xff, 0xd0, 0x7e, 0x2c, 0xff, 0xc0, 0x6b, 0x25, 0xff, 0xb6, 0x57, 0x1b, 0xff, 
0xb5, 0x55, 0x1a, 0xff, 0xae, 0x53, 0x1a, 0xff, 0xa4, 0x4e, 0x19, 0xff, 0xa3, 0x4a, 0x17, 0xff, 
0xb0, 0x50, 0x19, 0xff, 0xb6, 0x5c, 0x1f, 0xff, 0xc1, 0x6a, 0x25, 0xff, 0xcc, 0x73, 0x27, 0xff, 
0xc8, 0x6f, 0x26, 0xff, 0xbd, 0x60, 0x1f, 0xff, 0xb7, 0x58, 0x1c, 0xff, 0xbf, 0x67, 0x23, 0xff, 
0xcb, 0x76, 0x2a, 0xff, 0xcf, 0x7b, 0x2c, 0xff, 0xd8, 0x88, 0x32, 0xff, 0xe7, 0x9f, 0x3d, 0xff, 
0xe2, 0x97, 0x38, 0xff, 0xd9, 0x89, 0x32, 0xff, 0xcf, 0x7e, 0x2d, 0xff, 0xc5, 0x73, 0x2a, 0xff, 
0xce, 0x79, 0x2a, 0xff, 0xd7, 0x85, 0x30, 0xff, 0xc7, 0x74, 0x29, 0xff, 0xb8, 0x5e, 0x1f, 0xff, 
0xb3, 0x59, 0x1d, 0xff, 0xbd, 0x65, 0x22, 0xff, 0xbf, 0x6b, 0x25, 0xff, 0xc3, 0x68, 0x23, 0xff, 
0xb6, 0x5b, 0x1d, 0xff, 0xaf, 0x59, 0x1d, 0xff, 0xc0, 0x68, 0x23, 0xff, 0xc1, 0x66, 0x21, 0xff, 
0xbd, 0x62, 0x21, 0xff, 0xb8, 0x5b, 0x1d, 0xff, 0xbb, 0x5e, 0x1e, 0xff, 0xc8, 0x6d, 0x24, 0xff, 
0xc6, 0x6b, 0x23, 0xff, 0xbd, 0x61, 0x20, 0xff, 0xbb, 0x5d, 0x1d, 0xff, 0xba, 0x59, 0x1c, 0xff, 
0xb9, 0x57, 0x1b, 0xff, 0xbe, 0x60, 0x1f, 0xff, 0xbd, 0x63, 0x21, 0xff, 0xbe, 0x63, 0x20, 0xff, 
0xc4, 0x68, 0x21, 0xff, 0xc5, 0x69, 0x21, 0xff, 0xc2, 0x64, 0x20, 0xff, 0xc0, 0x60, 0x1e, 0xff, 
0xc5, 0x69, 0x22, 0xff, 0xcb, 0x72, 0x26, 0xff, 0xda, 0x88, 0x31, 0xff, 0xd8, 0x89, 0x32, 0xff, 
0xc4, 0x6a, 0x23, 0xff, 0xc3, 0x69, 0x22, 0xff, 0xd2, 0x7e, 0x2c, 0xff, 0xd1, 0x7c, 0x2c, 0xff, 
0xd0, 0x7d, 0x2c, 0xff, 0xcf, 0x7a, 0x29, 0xff, 0xc5, 0x6b, 0x23, 0xff, 0xc7, 0x6f, 0x25, 0xff, 
0xd8, 0x89, 0x31, 0xff, 0xe0, 0x95, 0x39, 0xff, 0xda, 0x8c, 0x33, 0xff, 0xcb, 0x73, 0x27, 0xff, 
0xce, 0x77, 0x2a, 0xff, 0xcf, 0x7c, 0x2c, 0xff, 0xd2, 0x7f, 0x2e, 0xff, 0xce, 0x75, 0x29, 0xff, 
0xc8, 0x68, 0x22, 0xff, 0xcd, 0x74, 0x27, 0xff, 0xd9, 0x8b, 0x33, 0xff, 0xdb, 0x90, 0x36, 0xff, 
0xd8, 0x8b, 0x33, 0xff, 0xda, 0x8d, 0x35, 0xff, 0xdf, 0x97, 0x3a, 0xff, 0xde, 0x97, 0x3b, 0xff, 
0xdc, 0x92, 0x37, 0xff, 0xdd, 0x94, 0x39, 0xff, 0xe3, 0xa1, 0x43, 0xff, 0xe7, 0xa6, 0x3e, 0xff, 
0xf3, 0xc1, 0x5a, 0xff, 0xff, 0xea, 0xa4, 0xff, 0xfb, 0xe0, 0x9d, 0xff, 0xfa, 0xdb, 0x94, 0xff, 
0xfd, 0xea, 0xb0, 0xff, 0xfb, 0xe0, 0x97, 0xff, 0xf9, 0xd3, 0x79, 0xff, 0xfa, 0xd9, 0x86, 0xff, 
0xfb, 0xdc, 0x87, 0xff, 0xf4, 0xca, 0x72, 0xff, 0xe7, 0xad, 0x5b, 0xff, 0xdb, 0x92, 0x3f, 0xff, 
0xde, 0x95, 0x3d, 0xff, 0xde, 0x96, 0x3e, 0xff, 0xdf, 0x94, 0x3b, 0xff, 0xde, 0x94, 0x38, 0xff, 
0xd6, 0x86, 0x30, 0xff, 0xd2, 0x7c, 0x2b, 0xff, 0xd8, 0x89, 0x32, 0xff, 0xda, 0x8d, 0x35, 0xff, 
0xd9, 0x8a, 0x33, 0xff, 0xd9, 0x89, 0x32, 0xff, 0xd6, 0x83, 0x2f, 0xff, 0xcd, 0x74, 0x28, 0xff, 
0xc7, 0x6d, 0x24, 0xff, 0xcc, 0x73, 0x27, 0xff, 0xd0, 0x76, 0x28, 0xff, 0xc6, 0x6a, 0x24, 0xff, 
0xc7, 0x6c, 0x24, 0xff, 0xc8, 0x6c, 0x24, 0xff, 0xc9, 0x6e, 0x25, 0xff, 0xce, 0x74, 0x26, 0xff, 
0xce, 0x75, 0x28, 0xff, 0xd9, 0x8c, 0x34, 0xff, 0xd9, 0x8a, 0x33, 0xff, 0xcd, 0x72, 0x25, 0xff, 
0xcb, 0x6f, 0x24, 0xff, 0xcd, 0x72, 0x26, 0xff, 0xd4, 0x7d, 0x2d, 0xff, 0xd5, 0x80, 0x2b, 0xff, 
0xc9, 0x6a, 0x1f, 0xff, 0xd4, 0x81, 0x2e, 0xff, 0xe2, 0x9e, 0x3f, 0xff, 0xd9, 0x8d, 0x34, 0xff, 
0xd1, 0x7b, 0x2b, 0xff, 0xd7, 0x87, 0x33, 0xff, 0xda, 0x8e, 0x36, 0xff, 0xd6, 0x85, 0x30, 0xff, 
0xd4, 0x7e, 0x2c, 0xff, 0xd6, 0x80, 0x2d, 0xff, 0xb6, 0x5d, 0x1f, 0xff, 0x8d, 0x3d, 0x13, 0xff, 
0x88, 0x3b, 0x12, 0xff, 0x99, 0x4a, 0x18, 0xff, 0xa0, 0x4c, 0x18, 0xff, 0x9d, 0x49, 0x18, 0xff, 
0xa3, 0x4d, 0x19, 0xff, 0xb2, 0x57, 0x1c, 0xff, 0xb1, 0x55, 0x1b, 0xff, 0xa5, 0x4c, 0x18, 0xff, 
0xa5, 0x4d, 0x19, 0xff, 0xa3, 0x4e, 0x19, 0xff, 0x9a, 0x45, 0x16, 0xff, 0xa3, 0x49, 0x16, 0xff, 
0xb0, 0x54, 0x1a, 0xff, 0xad, 0x53, 0x1b, 0xff, 0xa5, 0x4a, 0x17, 0xff, 0x9b, 0x3f, 0x12, 0xff, 
0xa1, 0x49, 0x16, 0xff, 0xae, 0x5a, 0x1e, 0xff, 0xa5, 0x52, 0x1c, 0xff, 0x9f, 0x4b, 0x19, 0xff, 
0xa0, 0x4a, 0x18, 0xff, 0x9a, 0x46, 0x16, 0xff, 0xa4, 0x50, 0x1a, 0xff, 0xb6, 0x5e, 0x1f, 0xff, 
0xaf, 0x53, 0x1a, 0xff, 0x9f, 0x44, 0x15, 0xff, 0xb2, 0x57, 0x1c, 0xff, 0xd8, 0x83, 0x2e, 0xff, 
0xd1, 0x7d, 0x2c, 0xff, 0xbd, 0x62, 0x21, 0xff, 0xc9, 0x6f, 0x26, 0xff, 0xd1, 0x79, 0x29, 0xff, 
0xc7, 0x6e, 0x25, 0xff, 0xc8, 0x6d, 0x25, 0xff, 0xca, 0x6f, 0x26, 0xff, 0xc0, 0x65, 0x21, 0xff, 
0xb8, 0x59, 0x1c, 0xff, 0xb9, 0x5b, 0x1b, 0xff, 0xc1, 0x63, 0x20, 0xff, 0xcb, 0x72, 0x26, 0xff, 
0xcd, 0x77, 0x29, 0xff, 0xc9, 0x71, 0x26, 0xff, 0xd0, 0x7a, 0x2a, 0xff, 0xde, 0x91, 0x36, 0xff, 
0xde, 0x93, 0x38, 0xff, 0xd8, 0x88, 0x31, 0xff, 0xd2, 0x7f, 0x2d, 0xff, 0xcf, 0x7a, 0x2c, 0xff, 
0xd0, 0x7b, 0x2c, 0xff, 0xce, 0x75, 0x28, 0xff, 0xce, 0x78, 0x2a, 0xff, 0xd6, 0x84, 0x30, 0xff, 
0xd4, 0x81, 0x2e, 0xff, 0xc6, 0x6b, 0x23, 0xff, 0xc8, 0x6d, 0x24, 0xff, 0xc9, 0x71, 0x26, 0xff, 
0xba, 0x5c, 0x1d, 0xff, 0xb6, 0x57, 0x1b, 0xff, 0xca, 0x73, 0x28, 0xff, 0xd1, 0x7d, 0x2c, 0xff, 
0xc4, 0x69, 0x22, 0xff, 0xbd, 0x5f, 0x1f, 0xff, 0xc4, 0x66, 0x22, 0xff, 0xce, 0x76, 0x28, 0xff, 
0xd3, 0x7f, 0x2d, 0xff, 0xd2, 0x7c, 0x2c, 0xff, 0xd3, 0x7f, 0x2d, 0xff, 0xd2, 0x7d, 0x2b, 0xff, 
0xce, 0x77, 0x29, 0xff, 0xd7, 0x86, 0x30, 0xff, 0xcf, 0x78, 0x29, 0xff, 0xc4, 0x66, 0x21, 0xff, 
0xc7, 0x6b, 0x23, 0xff, 0xcb, 0x6f, 0x25, 0xff, 0xcf, 0x77, 0x29, 0xff, 0xd8, 0x89, 0x32, 0xff, 
0xd6, 0x86, 0x31, 0xff, 0xd1, 0x78, 0x29, 0xff, 0xce, 0x73, 0x26, 0xff, 0xc8, 0x6b, 0x24, 0xff, 
0xb3, 0x58, 0x1d, 0xff, 0xa8, 0x4d, 0x19, 0xff, 0xaf, 0x54, 0x1a, 0xff, 0xae, 0x53, 0x1b, 0xff, 
0xb1, 0x57, 0x1c, 0xff, 0xbd, 0x60, 0x1f, 0xff, 0xc6, 0x6b, 0x22, 0xff, 0xc2, 0x65, 0x21, 0xff, 
0xb6, 0x58, 0x1c, 0xff, 0xb3, 0x56, 0x1c, 0xff, 0xb0, 0x55, 0x1b, 0xff, 0xb0, 0x55, 0x1b, 0xff, 
0xb4, 0x58, 0x1c, 0xff, 0xb3, 0x59, 0x1d, 0xff, 0xb9, 0x5d, 0x1e, 0xff, 0xb6, 0x5b, 0x1d, 0xff, 
0xac, 0x53, 0x1b, 0xff, 0xa8, 0x4f, 0x1a, 0xff, 0xa8, 0x4e, 0x1a, 0xff, 0xa8, 0x4f, 0x1a, 0xff, 
0xa8, 0x50, 0x1a, 0xff, 0xae, 0x54, 0x1b, 0xff, 0xb4, 0x59, 0x1d, 0xff, 0xb4, 0x58, 0x1d, 0xff, 
0xb1, 0x57, 0x1d, 0xff, 0xa9, 0x52, 0x1b, 0xff, 0xa4, 0x4c, 0x18, 0xff, 0xa0, 0x47, 0x17, 0xff, 
0x9b, 0x47, 0x18, 0xff, 0x98, 0x47, 0x17, 0xff, 0x8f, 0x42, 0x15, 0xff, 0x89, 0x3e, 0x14, 0xff, 
0x7d, 0x35, 0x11, 0xff, 0x74, 0x32, 0x0f, 0xff, 0x81, 0x38, 0x12, 0xff, 0x8f, 0x42, 0x15, 0xff, 
0x88, 0x3b, 0x13, 0xff, 0x92, 0x3d, 0x13, 0xff, 0xae, 0x54, 0x1b, 0xff, 0xad, 0x56, 0x1c, 0xff, 
0xab, 0x55, 0x1c, 0xff, 0xc9, 0x76, 0x2a, 0xff, 0xcd, 0x7a, 0x2c, 0xff, 0xc7, 0x70, 0x27, 0xff, 
0xd2, 0x7e, 0x2d, 0xff, 0xd3, 0x80, 0x2e, 0xff, 0xc3, 0x66, 0x22, 0xff, 0xcc, 0x73, 0x27, 0xff, 
0xe0, 0x90, 0x34, 0xff, 0xe6, 0x98, 0x3a, 0xff, 0xe3, 0x96, 0x38, 0xff, 0xe0, 0x91, 0x36, 0xff, 
0xdc, 0x8f, 0x35, 0xff, 0xd3, 0x84, 0x30, 0xff, 0xda, 0x8d, 0x34, 0xff, 0xe0, 0x94, 0x38, 0xff, 
0xd5, 0x87, 0x33, 0xff, 0xc0, 0x73, 0x2b, 0xff, 0xa7, 0x57, 0x1e, 0xff, 0xb1, 0x62, 0x22, 0xff, 
0xb6, 0x66, 0x24, 0xff, 0xb1, 0x5f, 0x21, 0xff, 0xbd, 0x6e, 0x27, 0xff, 0xd1, 0x81, 0x2f, 0xff, 
0xd6, 0x84, 0x30, 0xff, 0xcb, 0x79, 0x2b, 0xff, 0xb1, 0x5a, 0x1e, 0xff, 0xa9, 0x50, 0x19, 0xff, 
0x9e, 0x4a, 0x18, 0xff, 0xa3, 0x4b, 0x17, 0xff, 0xa0, 0x49, 0x16, 0xff, 0x86, 0x3c, 0x13, 0xff, 
0x84, 0x3a, 0x12, 0xff, 0xae, 0x56, 0x1c, 0xff, 0xd5, 0x80, 0x2d, 0xff, 0xd0, 0x7c, 0x2b, 0xff, 
0xc5, 0x6a, 0x22, 0xff, 0xc9, 0x70, 0x26, 0xff, 0xca, 0x73, 0x28, 0xff, 0xca, 0x73, 0x27, 0xff, 
0xd3, 0x7f, 0x2b, 0xff, 0xd1, 0x7b, 0x2b, 0xff, 0xc8, 0x71, 0x27, 0xff, 0xc8, 0x72, 0x28, 0xff, 
0xce, 0x7a, 0x2b, 0xff, 0xd0, 0x7b, 0x2b, 0xff, 0xd2, 0x7e, 0x2d, 0xff, 0xd7, 0x86, 0x30, 0xff, 
0xd8, 0x8a, 0x32, 0xff, 0xd7, 0x88, 0x32, 0xff, 0xd2, 0x80, 0x2e, 0xff, 0xd3, 0x83, 0x30, 0xff, 
0xdb, 0x8f, 0x36, 0xff, 0xdf, 0x96, 0x39, 0xff, 0xde, 0x97, 0x3a, 0xff, 0xde, 0x95, 0x39, 0xff, 
0xd9, 0x8b, 0x32, 0xff, 0xda, 0x8d, 0x33, 0xff, 0xdd, 0x93, 0x37, 0xff, 0xde, 0x92, 0x37, 0xff, 
0xdb, 0x8f, 0x35, 0xff, 0xd9, 0x8b, 0x33, 0xff, 0xda, 0x8d, 0x34, 0xff, 0xda, 0x8d, 0x34, 0xff, 
0xd7, 0x88, 0x31, 0xff, 0xd5, 0x84, 0x2f, 0xff, 0xda, 0x8e, 0x34, 0xff, 0xdb, 0x8e, 0x35, 0xff, 
0xda, 0x8b, 0x34, 0xff, 0xdb, 0x8c, 0x34, 0xff, 0xd8, 0x89, 0x32, 0xff, 0xd4, 0x83, 0x2f, 0xff, 
0xd2, 0x7d, 0x2c, 0xff, 0xd4, 0x82, 0x2f, 0xff, 0xd4, 0x81, 0x2e, 0xff, 0xd5, 0x83, 0x2e, 0xff, 
0xd8, 0x89, 0x33, 0xff, 0xdc, 0x91, 0x37, 0xff, 0xdf, 0x97, 0x3a, 0xff, 0xe0, 0x9a, 0x3c, 0xff, 
0xdf, 0x97, 0x3a, 0xff, 0xdc, 0x92, 0x38, 0xff, 0xdd, 0x97, 0x3c, 0xff, 0xdf, 0x99, 0x3c, 0xff, 
0xe1, 0x99, 0x33, 0xff, 0xf0, 0xb9, 0x4b, 0xff, 0xfe, 0xde, 0x81, 0xff, 0xff, 0xeb, 0xa7, 0xff, 
0xff, 0xf8, 0xc6, 0xff, 0xff, 0xfa, 0xcd, 0xff, 0xff, 0xea, 0xa1, 0xff, 0xfc, 0xdc, 0x81, 0xff, 
0xff, 0xea, 0xa3, 0xff, 0xff, 0xf4, 0xab, 0xff, 0xff, 0xf6, 0xa3, 0xff, 0xff, 0xe3, 0x86, 0xff, 
0xf5, 0xc8, 0x63, 0xff, 0xec, 0xb3, 0x51, 0xff, 0xe4, 0xa5, 0x48, 0xff, 0xde, 0x9a, 0x3e, 0xff, 
0xdb, 0x92, 0x38, 0xff, 0xd9, 0x8d, 0x35, 0xff, 0xd6, 0x86, 0x30, 0xff, 0xd4, 0x7e, 0x2d, 0xff, 
0xd5, 0x80, 0x2e, 0xff, 0xd5, 0x82, 0x2f, 0xff, 0xd5, 0x82, 0x2f, 0xff, 0xd5, 0x82, 0x2f, 0xff, 
0xd0, 0x77, 0x28, 0xff, 0xc9, 0x6d, 0x24, 0xff, 0xc6, 0x6b, 0x24, 0xff, 0xc5, 0x6a, 0x23, 0xff, 
0xc5, 0x69, 0x23, 0xff, 0xc6, 0x6a, 0x23, 0xff, 0xc6, 0x69, 0x23, 0xff, 0xc6, 0x68, 0x22, 0xff, 
0xcc, 0x72, 0x26, 0xff, 0xd7, 0x86, 0x31, 0xff, 0xd8, 0x88, 0x31, 0xff, 0xd0, 0x79, 0x29, 0xff, 
0xcd, 0x73, 0x27, 0xff, 0xcd, 0x6f, 0x23, 0xff, 0xd1, 0x78, 0x26, 0xff, 0xda, 0x91, 0x3a, 0xff, 
0xe4, 0xa5, 0x48, 0xff, 0xf1, 0xc0, 0x5c, 0xff, 0xeb, 0xb2, 0x4e, 0xff, 0xe1, 0x9c, 0x3b, 0xff, 
0xe0, 0x98, 0x3a, 0xff, 0xe0, 0x97, 0x3a, 0xff, 0xdc, 0x8e, 0x35, 0xff, 0xcb, 0x71, 0x27, 0xff, 
0xcd, 0x77, 0x2a, 0xff, 0xcf, 0x76, 0x29, 0xff, 0xbc, 0x5f, 0x1f, 0xff, 0xac, 0x55, 0x1c, 0xff, 
0x9c, 0x4e, 0x1a, 0xff, 0x96, 0x49, 0x18, 0xff, 0xaf, 0x54, 0x1b, 0xff, 0xc4, 0x64, 0x21, 0xff, 
0xc0, 0x64, 0x20, 0xff, 0xa8, 0x50, 0x1a, 0xff, 0x92, 0x42, 0x15, 0xff, 0x91, 0x42, 0x15, 0xff, 
0x96, 0x44, 0x16, 0xff, 0x9e, 0x47, 0x17, 0xff, 0xaf, 0x58, 0x1e, 0xff, 0xbf, 0x6d, 0x26, 0xff, 
0xbb, 0x64, 0x21, 0xff, 0xb4, 0x58, 0x1c, 0xff, 0xc3, 0x69, 0x24, 0xff, 0xc9, 0x76, 0x2a, 0xff, 
0xc2, 0x6c, 0x25, 0xff, 0xb1, 0x53, 0x1b, 0xff, 0xa0, 0x49, 0x18, 0xff, 0xa3, 0x4d, 0x19, 0xff, 
0xa9, 0x52, 0x1b, 0xff, 0x94, 0x44, 0x15, 0xff, 0x8a, 0x3b, 0x13, 0xff, 0xa2, 0x4d, 0x19, 0xff, 
0xba, 0x62, 0x21, 0xff, 0xc0, 0x68, 0x23, 0xff, 0xc4, 0x6c, 0x25, 0xff, 0xbf, 0x64, 0x21, 0xff, 
0xb5, 0x5c, 0x1e, 0xff, 0xb9, 0x5f, 0x1f, 0xff, 0xbf, 0x64, 0x21, 0xff, 0xc7, 0x6d, 0x25, 0xff, 
0xca, 0x74, 0x28, 0xff, 0xcb, 0x75, 0x29, 0xff, 0xce, 0x76, 0x29, 0xff, 0xc6, 0x6a, 0x23, 0xff, 
0xbf, 0x62, 0x20, 0xff, 0xc3, 0x67, 0x23, 0xff, 0xc6, 0x6b, 0x23, 0xff, 0xc0, 0x62, 0x20, 0xff, 
0xc1, 0x65, 0x21, 0xff, 0xbf, 0x64, 0x21, 0xff, 0xb5, 0x59, 0x1d, 0xff, 0xb9, 0x5f, 0x1f, 0xff, 
0xd0, 0x7d, 0x2c, 0xff, 0xe4, 0x99, 0x3a, 0xff, 0xe2, 0x96, 0x38, 0xff, 0xd5, 0x81, 0x2e, 0xff, 
0xd8, 0x87, 0x31, 0xff, 0xd5, 0x81, 0x2e, 0xff, 0xd1, 0x77, 0x29, 0xff, 0xd8, 0x82, 0x2d, 0xff, 
0xdc, 0x8c, 0x33, 0xff, 0xdb, 0x8d, 0x33, 0xff, 0xce, 0x76, 0x29, 0xff, 0xcf, 0x75, 0x28, 0xff, 
0xd6, 0x83, 0x2e, 0xff, 0xd5, 0x82, 0x2e, 0xff, 0xcf, 0x78, 0x29, 0xff, 0xcb, 0x71, 0x26, 0xff, 
0xc9, 0x6d, 0x24, 0xff, 0xc6, 0x68, 0x23, 0xff, 0xc1, 0x63, 0x20, 0xff, 0xc8, 0x6d, 0x24, 0xff, 
0xd1, 0x7a, 0x2a, 0xff, 0xd0, 0x79, 0x2a, 0xff, 0xcd, 0x74, 0x27, 0xff, 0xc8, 0x6d, 0x24, 0xff, 
0xcf, 0x78, 0x2a, 0xff, 0xd5, 0x82, 0x2e, 0xff, 0xce, 0x78, 0x2a, 0xff, 0xc8, 0x6e, 0x25, 0xff, 
0xcb, 0x72, 0x26, 0xff, 0xc5, 0x68, 0x22, 0xff, 0xb9, 0x58, 0x1b, 0xff, 0xcb, 0x73, 0x27, 0xff, 
0xd8, 0x87, 0x31, 0xff, 0xc3, 0x6a, 0x24, 0xff, 0xaf, 0x53, 0x1b, 0xff, 0xa9, 0x4d, 0x1a, 0xff, 
0xbc, 0x62, 0x21, 0xff, 0xca, 0x6f, 0x25, 0xff, 0xb8, 0x5c, 0x1e, 0xff, 0xa9, 0x4e, 0x19, 0xff, 
0xb1, 0x56, 0x1c, 0xff, 0xb9, 0x5a, 0x1d, 0xff, 0xc4, 0x64, 0x20, 0xff, 0xbf, 0x62, 0x1f, 0xff, 
0xad, 0x52, 0x1a, 0xff, 0xa7, 0x4f, 0x1a, 0xff, 0xa5, 0x4e, 0x1a, 0xff, 0xa4, 0x4d, 0x19, 0xff, 
0xae, 0x52, 0x1b, 0xff, 0xb1, 0x57, 0x1c, 0xff, 0xb3, 0x5a, 0x1d, 0xff, 0xbf, 0x62, 0x1f, 0xff, 
0xb9, 0x5d, 0x1e, 0xff, 0xab, 0x52, 0x1a, 0xff, 0xa3, 0x4c, 0x18, 0xff, 0xa1, 0x4c, 0x19, 0xff, 
0xaa, 0x53, 0x1b, 0xff, 0xb4, 0x59, 0x1d, 0xff, 0xb0, 0x56, 0x1c, 0xff, 0xa5, 0x4d, 0x19, 0xff, 
0x96, 0x44, 0x16, 0xff, 0x98, 0x46, 0x17, 0xff, 0x9a, 0x48, 0x17, 0xff, 0x9f, 0x4b, 0x18, 0xff, 
0x9e, 0x4a, 0x18, 0xff, 0x93, 0x43, 0x16, 0xff, 0x8c, 0x3f, 0x15, 0xff, 0x8c, 0x3d, 0x14, 0xff, 
0x99, 0x47, 0x16, 0xff, 0xab, 0x56, 0x1c, 0xff, 0xac, 0x58, 0x1e, 0xff, 0xa9, 0x55, 0x1d, 0xff, 
0xb2, 0x59, 0x1d, 0xff, 0xc3, 0x69, 0x23, 0xff, 0xc6, 0x6f, 0x25, 0xff, 0xad, 0x4f, 0x19, 0xff, 
0xa2, 0x4a, 0x18, 0xff, 0xa6, 0x52, 0x1b, 0xff, 0xad, 0x59, 0x1f, 0xff, 0xbd, 0x6a, 0x25, 0xff, 
0xc4, 0x74, 0x2b, 0xff, 0xb0, 0x64, 0x24, 0xff, 0x9c, 0x4e, 0x19, 0xff, 0xb2, 0x66, 0x24, 0xff, 
0xc3, 0x7a, 0x2e, 0xff, 0xbe, 0x70, 0x29, 0xff, 0xbf, 0x70, 0x28, 0xff, 0xc0, 0x70, 0x29, 0xff, 
0xc4, 0x6c, 0x25, 0xff, 0xd2, 0x7a, 0x2b, 0xff, 0xca, 0x79, 0x2b, 0xff, 0xc1, 0x6f, 0x27, 0xff, 
0xc0, 0x69, 0x25, 0xff, 0xb3, 0x5c, 0x1e, 0xff, 0xaf, 0x5a, 0x1e, 0xff, 0xb9, 0x64, 0x22, 0xff, 
0xc0, 0x70, 0x29, 0xff, 0xbf, 0x6d, 0x27, 0xff, 0xb9, 0x64, 0x22, 0xff, 0xc3, 0x6b, 0x23, 0xff, 
0xd7, 0x83, 0x2e, 0xff, 0xcf, 0x79, 0x2a, 0xff, 0xca, 0x6e, 0x24, 0xff, 0xba, 0x63, 0x21, 0xff, 
0xb1, 0x5f, 0x20, 0xff, 0xc9, 0x76, 0x29, 0xff, 0xb5, 0x5f, 0x20, 0xff, 0x76, 0x30, 0x0f, 0xff, 
0x87, 0x3b, 0x12, 0xff, 0xc8, 0x6e, 0x25, 0xff, 0xdf, 0x92, 0x36, 0xff, 0xdf, 0x98, 0x3b, 0xff, 
0xdb, 0x90, 0x36, 0xff, 0xe0, 0x97, 0x3a, 0xff, 0xda, 0x8d, 0x35, 0xff, 0xd3, 0x81, 0x2e, 0xff, 
0xdf, 0x98, 0x39, 0xff, 0xe5, 0xa3, 0x40, 0xff, 0xe4, 0xa0, 0x3f, 0xff, 0xe4, 0x9f, 0x3e, 0xff, 
0xe5, 0xa2, 0x40, 0xff, 0xe0, 0x9b, 0x3d, 0xff, 0xe0, 0x9b, 0x3c, 0xff, 0xe1, 0x9b, 0x3c, 0xff, 
0xe0, 0x99, 0x3c, 0xff, 0xe3, 0x9f, 0x40, 0xff, 0xe2, 0x9d, 0x3d, 0xff, 0xe2, 0x9d, 0x3c, 0xff, 
0xdf, 0x99, 0x3b, 0xff, 0xe0, 0x99, 0x3b, 0xff, 0xe2, 0x9d, 0x3d, 0xff, 0xdc, 0x94, 0x38, 0xff, 
0xdb, 0x8f, 0x35, 0xff, 0xde, 0x95, 0x39, 0xff, 0xda, 0x90, 0x36, 0xff, 0xd7, 0x88, 0x31, 0xff, 
0xd6, 0x87, 0x31, 0xff, 0xd9, 0x8d, 0x34, 0xff, 0xd9, 0x8a, 0x33, 0xff, 0xd7, 0x86, 0x31, 0xff, 
0xd5, 0x86, 0x31, 0xff, 0xd4, 0x82, 0x2f, 0xff, 0xd6, 0x84, 0x30, 0xff, 0xd9, 0x8b, 0x34, 0xff, 
0xda, 0x8b, 0x34, 0xff, 0xd8, 0x89, 0x33, 0xff, 0xd7, 0x86, 0x31, 0xff, 0xd7, 0x88, 0x32, 0xff, 
0xd6, 0x86, 0x32, 0xff, 0xd8, 0x8a, 0x33, 0xff, 0xd6, 0x86, 0x31, 0xff, 0xd6, 0x85, 0x30, 0xff, 
0xda, 0x8e, 0x35, 0xff, 0xde, 0x95, 0x39, 0xff, 0xdd, 0x92, 0x37, 0xff, 0xda, 0x8e, 0x34, 0xff, 
0xdc, 0x92, 0x39, 0xff, 0xdd, 0x93, 0x39, 0xff, 0xdc, 0x93, 0x38, 0xff, 0xda, 0x8e, 0x36, 0xff, 
0xd9, 0x8b, 0x33, 0xff, 0xda, 0x8d, 0x30, 0xff, 0xe4, 0xa3, 0x48, 0xff, 0xf1, 0xc3, 0x6c, 0xff, 
0xf6, 0xcc, 0x78, 0xff, 0xf5, 0xce, 0x82, 0xff, 0xf6, 0xcf, 0x7f, 0xff, 0xf4, 0xcd, 0x80, 0xff, 
0xf3, 0xc8, 0x7a, 0xff, 0xec, 0xb2, 0x5b, 0xff, 0xe2, 0x9a, 0x3c, 0xff, 0xda, 0x8c, 0x34, 0xff, 
0xd8, 0x86, 0x30, 0xff, 0xd4, 0x81, 0x2c, 0xff, 0xc9, 0x6f, 0x24, 0xff, 0xcd, 0x77, 0x29, 0xff, 
0xcb, 0x72, 0x26, 0xff, 0xc7, 0x6a, 0x22, 0xff, 0xcb, 0x6f, 0x24, 0xff, 0xcd, 0x73, 0x27, 0xff, 
0xd2, 0x7e, 0x2c, 0xff, 0xd9, 0x8a, 0x33, 0xff, 0xd4, 0x81, 0x2e, 0xff, 0xcd, 0x71, 0x25, 0xff, 
0xcc, 0x71, 0x26, 0xff, 0xcb, 0x6f, 0x25, 0xff, 0xc9, 0x6b, 0x24, 0xff, 0xc8, 0x6d, 0x24, 0xff, 
0xc6, 0x6a, 0x22, 0xff, 0xc9, 0x6d, 0x24, 0xff, 0xca, 0x6e, 0x24, 0xff, 0xca, 0x6f, 0x25, 0xff, 
0xcb, 0x6f, 0x25, 0xff, 0xc8, 0x6b, 0x22, 0xff, 0xc8, 0x6a, 0x22, 0xff, 0xcb, 0x71, 0x24, 0xff, 
0xd0, 0x77, 0x26, 0xff, 0xdc, 0x91, 0x3a, 0xff, 0xf3, 0xc4, 0x65, 0xff, 0xf9, 0xd5, 0x72, 0xff, 
0xeb, 0xb1, 0x4f, 0xff, 0xde, 0x97, 0x3c, 0xff, 0xd7, 0x88, 0x31, 0xff, 0xd9, 0x8b, 0x34, 0xff, 
0xda, 0x8d, 0x35, 0xff, 0xd2, 0x81, 0x2f, 0xff, 0xcb, 0x75, 0x29, 0xff, 0xc1, 0x66, 0x21, 0xff, 
0xbc, 0x5f, 0x1f, 0xff, 0xaf, 0x55, 0x1c, 0xff, 0xb2, 0x59, 0x1d, 0xff, 0xc9, 0x6e, 0x26, 0xff, 
0xcf, 0x7c, 0x2d, 0xff, 0xbb, 0x65, 0x22, 0xff, 0x96, 0x43, 0x15, 0xff, 0x9e, 0x4c, 0x19, 0xff, 
0xb6, 0x62, 0x22, 0xff, 0xa1, 0x4d, 0x19, 0xff, 0x8a, 0x3f, 0x14, 0xff, 0x7d, 0x37, 0x12, 0xff, 
0x95, 0x42, 0x14, 0xff, 0xd3, 0x79, 0x2a, 0xff, 0xe9, 0x9b, 0x3a, 0xff, 0xe6, 0x9b, 0x3a, 0xff, 
0xde, 0x8e, 0x34, 0xff, 0xd7, 0x87, 0x32, 0xff, 0xe1, 0x96, 0x39, 0xff, 0xe5, 0x9b, 0x3c, 0xff, 
0xe2, 0x94, 0x37, 0xff, 0xd2, 0x7b, 0x2b, 0xff, 0xb4, 0x59, 0x1e, 0xff, 0x9d, 0x48, 0x17, 0xff, 
0x9d, 0x47, 0x16, 0xff, 0xae, 0x52, 0x1a, 0xff, 0xbb, 0x5e, 0x1e, 0xff, 0xc4, 0x67, 0x22, 0xff, 
0xbf, 0x67, 0x23, 0xff, 0xbd, 0x66, 0x23, 0xff, 0xba, 0x61, 0x21, 0xff, 0xa9, 0x4f, 0x19, 0xff, 
0xad, 0x52, 0x1a, 0xff, 0xb4, 0x57, 0x1c, 0xff, 0xb5, 0x58, 0x1b, 0xff, 0xbc, 0x5f, 0x1e, 0xff, 
0xc5, 0x6a, 0x24, 0xff, 0xca, 0x71, 0x26, 0xff, 0xd0, 0x79, 0x2a, 0xff, 0xd1, 0x7b, 0x2c, 0xff, 
0xc8, 0x6e, 0x25, 0xff, 0xbd, 0x5f, 0x1f, 0xff, 0xb5, 0x56, 0x1a, 0xff, 0xb7, 0x59, 0x1c, 0xff, 
0xbc, 0x5f, 0x1f, 0xff, 0xba, 0x5e, 0x1f, 0xff, 0xb4, 0x5b, 0x1e, 0xff, 0xb2, 0x56, 0x1c, 0xff, 
0xb9, 0x58, 0x1a, 0xff, 0xc3, 0x6a, 0x23, 0xff, 0xd0, 0x81, 0x30, 0xff, 0xde, 0x91, 0x36, 0xff, 
0xd1, 0x7c, 0x2c, 0xff, 0xbb, 0x61, 0x21, 0xff, 0xb8, 0x62, 0x21, 0xff, 0xba, 0x63, 0x21, 0xff, 
0xc3, 0x6c, 0x25, 0xff, 0xd1, 0x7d, 0x2d, 0xff, 0xd3, 0x7e, 0x2d, 0xff, 0xd0, 0x7b, 0x2b, 0xff, 
0xd5, 0x82, 0x2e, 0xff, 0xda, 0x89, 0x32, 0xff, 0xdc, 0x90, 0x35, 0xff, 0xcc, 0x75, 0x29, 0xff, 
0xbc, 0x5c, 0x1d, 0xff, 0xc1, 0x64, 0x20, 0xff, 0xc1, 0x64, 0x20, 0xff, 0xc2, 0x63, 0x21, 0xff, 
0xca, 0x6e, 0x24, 0xff, 0xd1, 0x7b, 0x2a, 0xff, 0xcc, 0x73, 0x27, 0xff, 0xc3, 0x64, 0x20, 0xff, 
0xcb, 0x72, 0x27, 0xff, 0xce, 0x76, 0x29, 0xff, 0xbe, 0x5d, 0x1e, 0xff, 0xbf, 0x61, 0x20, 0xff, 
0xbf, 0x63, 0x20, 0xff, 0xbd, 0x61, 0x1f, 0xff, 0xc0, 0x63, 0x20, 0xff, 0xd6, 0x85, 0x2f, 0xff, 
0xcc, 0x76, 0x29, 0xff, 0xa0, 0x47, 0x15, 0xff, 0x90, 0x3f, 0x15, 0xff, 0x99, 0x45, 0x17, 0xff, 
0xb8, 0x5e, 0x1f, 0xff, 0xc5, 0x6a, 0x23, 0xff, 0xc1, 0x66, 0x22, 0xff, 0xb7, 0x5d, 0x1e, 0xff, 
0xa4, 0x4d, 0x19, 0xff, 0x9f, 0x4c, 0x19, 0xff, 0xaa, 0x51, 0x1a, 0xff, 0xb4, 0x58, 0x1c, 0xff, 
0xbb, 0x5e, 0x1e, 0xff, 0xbb, 0x5e, 0x1f, 0xff, 0xaf, 0x56, 0x1d, 0xff, 0xac, 0x54, 0x1c, 0xff, 
0xb1, 0x59, 0x1e, 0xff, 0xb2, 0x59, 0x1e, 0xff, 0xad, 0x54, 0x1b, 0xff, 0xae, 0x55, 0x1b, 0xff, 
0xb4, 0x59, 0x1c, 0xff, 0xb3, 0x57, 0x1b, 0xff, 0xb2, 0x56, 0x1c, 0xff, 0xb3, 0x59, 0x1d, 0xff, 
0xb6, 0x5b, 0x1e, 0xff, 0xab, 0x51, 0x1a, 0xff, 0x9e, 0x49, 0x17, 0xff, 0xa2, 0x4d, 0x18, 0xff, 
0x9b, 0x48, 0x17, 0xff, 0x94, 0x44, 0x16, 0xff, 0x8e, 0x40, 0x15, 0xff, 0x8d, 0x3f, 0x14, 0xff, 
0x95, 0x44, 0x16, 0xff, 0x92, 0x42, 0x16, 0xff, 0xa0, 0x4a, 0x18, 0xff, 0xc4, 0x6a, 0x24, 0xff, 
0xd5, 0x7e, 0x2c, 0xff, 0xcf, 0x71, 0x25, 0xff, 0xc3, 0x65, 0x21, 0xff, 0xc6, 0x69, 0x23, 0xff, 
0xd6, 0x82, 0x2f, 0xff, 0xe0, 0x94, 0x37, 0xff, 0xd8, 0x84, 0x2e, 0xff, 0xcf, 0x74, 0x27, 0xff, 
0xc1, 0x64, 0x20, 0xff, 0xa7, 0x4d, 0x18, 0xff, 0x90, 0x3e, 0x13, 0xff, 0x83, 0x37, 0x11, 0xff, 
0x7b, 0x2f, 0x0e, 0xff, 0x7b, 0x31, 0x0f, 0xff, 0x80, 0x39, 0x13, 0xff, 0x82, 0x39, 0x12, 0xff, 
0x84, 0x34, 0x0f, 0xff, 0x8d, 0x39, 0x11, 0xff, 0x95, 0x3e, 0x13, 0xff, 0xa4, 0x49, 0x17, 0xff, 
0xbd, 0x61, 0x20, 0xff, 0xc9, 0x6c, 0x23, 0xff, 0xb3, 0x54, 0x19, 0xff, 0xb2, 0x5a, 0x1d, 0xff, 
0xcb, 0x76, 0x29, 0xff, 0xd8, 0x80, 0x2d, 0xff, 0xda, 0x83, 0x2e, 0xff, 0xbe, 0x68, 0x24, 0xff, 
0xb5, 0x60, 0x21, 0xff, 0xcc, 0x75, 0x29, 0xff, 0xbf, 0x65, 0x22, 0xff, 0xaa, 0x52, 0x1a, 0xff, 
0xa3, 0x4f, 0x1a, 0xff, 0x96, 0x42, 0x14, 0xff, 0x9e, 0x4b, 0x18, 0xff, 0xbc, 0x63, 0x21, 0xff, 
0xc6, 0x6b, 0x23, 0xff, 0xc1, 0x68, 0x23, 0xff, 0xac, 0x54, 0x1b, 0xff, 0x96, 0x44, 0x16, 0xff, 
0x97, 0x42, 0x15, 0xff, 0xb0, 0x59, 0x1d, 0xff, 0xcd, 0x7c, 0x2b, 0xff, 0xdc, 0x92, 0x37, 0xff, 
0xe0, 0x9b, 0x3c, 0xff, 0xd7, 0x8d, 0x35, 0xff, 0xd7, 0x89, 0x32, 0xff, 0xdb, 0x8f, 0x36, 0xff, 
0xd9, 0x90, 0x36, 0xff, 0xdc, 0x92, 0x37, 0xff, 0xdd, 0x94, 0x38, 0xff, 0xdc, 0x94, 0x38, 0xff, 
0xdb, 0x91, 0x37, 0xff, 0xdd, 0x94, 0x38, 0xff, 0xdd, 0x94, 0x38, 0xff, 0xdc, 0x92, 0x37, 0xff, 
0xdc, 0x92, 0x37, 0xff, 0xda, 0x8e, 0x35, 0xff, 0xda, 0x8e, 0x34, 0xff, 0xdc, 0x91, 0x35, 0xff, 
0xd9, 0x8b, 0x34, 0xff, 0xd6, 0x86, 0x31, 0xff, 0xd4, 0x83, 0x2f, 0xff, 0xd6, 0x85, 0x30, 0xff, 
0xd8, 0x89, 0x32, 0xff, 0xd8, 0x8b, 0x33, 0xff, 0xd7, 0x88, 0x32, 0xff, 0xd4, 0x81, 0x2e, 0xff, 
0xd5, 0x84, 0x30, 0xff, 0xd9, 0x89, 0x32, 0xff, 0xd8, 0x87, 0x31, 0xff, 0xd7, 0x87, 0x32, 0xff, 
0xd6, 0x87, 0x31, 0xff, 0xd9, 0x89, 0x33, 0xff, 0xda, 0x8c, 0x35, 0xff, 0xd7, 0x86, 0x32, 0xff, 
0xd7, 0x86, 0x31, 0xff, 0xd6, 0x84, 0x30, 0xff, 0xd6, 0x85, 0x30, 0xff, 0xd6, 0x87, 0x31, 0xff, 
0xd5, 0x83, 0x2f, 0xff, 0xd5, 0x84, 0x30, 0xff, 0xd9, 0x8a, 0x33, 0xff, 0xdb, 0x8f, 0x36, 0xff, 
0xdb, 0x90, 0x37, 0xff, 0xdb, 0x90, 0x37, 0xff, 0xdd, 0x93, 0x38, 0xff, 0xda, 0x8e, 0x36, 0xff, 
0xd9, 0x8d, 0x35, 0xff, 0xdd, 0x94, 0x3a, 0xff, 0xdf, 0x98, 0x3b, 0xff, 0xdd, 0x94, 0x39, 0xff, 
0xdd, 0x93, 0x39, 0xff, 0xdb, 0x8f, 0x36, 0xff, 0xd2, 0x7c, 0x28, 0xff, 0xd4, 0x7e, 0x25, 0xff, 
0xd8, 0x83, 0x25, 0xff, 0xd6, 0x81, 0x22, 0xff, 0xcf, 0x76, 0x1e, 0xff, 0xc7, 0x68, 0x18, 0xff, 
0xc7, 0x6a, 0x15, 0xff, 0xbe, 0x60, 0x16, 0xff, 0xbd, 0x5b, 0x19, 0xff, 0xca, 0x6d, 0x22, 0xff, 
0xd1, 0x79, 0x2a, 0xff, 0xd4, 0x7f, 0x2d, 0xff, 0xd6, 0x84, 0x30, 0xff, 0xd7, 0x88, 0x31, 0xff, 
0xd8, 0x88, 0x32, 0xff, 0xd2, 0x7c, 0x2c, 0xff, 0xd2, 0x7b, 0x2b, 0xff, 0xd6, 0x85, 0x31, 0xff, 
0xd6, 0x86, 0x31, 0xff, 0xd9, 0x8c, 0x34, 0xff, 0xdc, 0x8e, 0x34, 0xff, 0xd3, 0x7c, 0x2c, 0xff, 
0xcc, 0x71, 0x26, 0xff, 0xcd, 0x73, 0x26, 0xff, 0xca, 0x6e, 0x25, 0xff, 0xc6, 0x6a, 0x24, 0xff, 
0xc7, 0x6a, 0x23, 0xff, 0xc6, 0x69, 0x22, 0xff, 0xc6, 0x69, 0x22, 0xff, 0xc5, 0x67, 0x21, 0xff, 
0xc6, 0x69, 0x23, 0xff, 0xc6, 0x69, 0x22, 0xff, 0xc4, 0x66, 0x21, 0xff, 0xcd, 0x74, 0x27, 0xff, 
0xdb, 0x90, 0x35, 0xff, 0xf4, 0xc7, 0x61, 0xff, 0xf8, 0xd0, 0x6b, 0xff, 0xe8, 0xaa, 0x48, 0xff, 
0xe0, 0x9a, 0x3a, 0xff, 0xd8, 0x89, 0x32, 0xff, 0xd1, 0x7c, 0x2c, 0xff, 0xd6, 0x88, 0x32, 0xff, 
0xd5, 0x84, 0x2f, 0xff, 0xc9, 0x6f, 0x26, 0xff, 0xc0, 0x66, 0x22, 0xff, 0xc4, 0x6f, 0x26, 0xff, 
0xbf, 0x67, 0x22, 0xff, 0xa2, 0x4e, 0x1b, 0xff, 0xa4, 0x55, 0x1d, 0xff, 0xbb, 0x64, 0x21, 0xff, 
0xbe, 0x66, 0x23, 0xff, 0x9c, 0x4c, 0x19, 0xff, 0x80, 0x3a, 0x12, 0xff, 0x83, 0x3a, 0x13, 0xff, 
0xa1, 0x4d, 0x19, 0xff, 0xbc, 0x62, 0x22, 0xff, 0xc0, 0x66, 0x23, 0xff, 0xba, 0x62, 0x21, 0xff, 
0xbf, 0x60, 0x1f, 0xff, 0xd0, 0x76, 0x29, 0xff, 0xd8, 0x8a, 0x33, 0xff, 0xd9, 0x8c, 0x34, 0xff, 
0xd3, 0x85, 0x31, 0xff, 0xd6, 0x8a, 0x34, 0xff, 0xda, 0x90, 0x36, 0xff, 0xcd, 0x78, 0x2a, 0xff, 
0xcb, 0x75, 0x29, 0xff, 0xd9, 0x8b, 0x33, 0xff, 0xda, 0x83, 0x2d, 0xff, 0xc1, 0x6a, 0x24, 0xff, 
0xb2, 0x60, 0x21, 0xff, 0xca, 0x75, 0x2a, 0xff, 0xd5, 0x7e, 0x2c, 0xff, 0xc6, 0x6e, 0x25, 0xff, 
0xaa, 0x51, 0x1a, 0xff, 0xa5, 0x4c, 0x18, 0xff, 0xb4, 0x58, 0x1c, 0xff, 0xb7, 0x5c, 0x1e, 0xff, 
0xb9, 0x5b, 0x1e, 0xff, 0xbd, 0x5e, 0x1f, 0xff, 0xbd, 0x5e, 0x1f, 0xff, 0xbc, 0x5e, 0x1e, 0xff, 
0xc2, 0x65, 0x21, 0xff, 0xc7, 0x6a, 0x23, 0xff, 0xc7, 0x6b, 0x23, 0xff, 0xcb, 0x73, 0x27, 0xff, 
0xc7, 0x6c, 0x24, 0xff, 0xc2, 0x64, 0x20, 0xff, 0xc6, 0x6b, 0x23, 0xff, 0xc9, 0x6e, 0x25, 0xff, 
0xc6, 0x6a, 0x23, 0xff, 0xc0, 0x64, 0x20, 0xff, 0xc1, 0x67, 0x22, 0xff, 0xca, 0x71, 0x26, 0xff, 
0xc3, 0x66, 0x22, 0xff, 0xb4, 0x55, 0x1a, 0xff, 0xb3, 0x54, 0x1a, 0xff, 0xd3, 0x7e, 0x2d, 0xff, 
0xda, 0x89, 0x31, 0xff, 0xba, 0x5c, 0x1e, 0xff, 0xa8, 0x4c, 0x17, 0xff, 0xa9, 0x4d, 0x18, 0xff, 
0xa4, 0x49, 0x17, 0xff, 0xb1, 0x54, 0x1b, 0xff, 0xba, 0x5e, 0x1e, 0xff, 0xab, 0x53, 0x1b, 0xff, 
0xb3, 0x57, 0x1c, 0xff, 0xbd, 0x5f, 0x1f, 0xff, 0xcb, 0x75, 0x28, 0xff, 0xd9, 0x86, 0x30, 0xff, 
0xd1, 0x79, 0x2a, 0xff, 0xc5, 0x69, 0x22, 0xff, 0xc3, 0x66, 0x21, 0xff, 0xbf, 0x61, 0x1e, 0xff, 
0xbc, 0x5e, 0x1d, 0xff, 0xc2, 0x66, 0x22, 0xff, 0xca, 0x6f, 0x24, 0xff, 0xd4, 0x7f, 0x2d, 0xff, 
0xd8, 0x8a, 0x33, 0xff, 0xd0, 0x7a, 0x2a, 0xff, 0xc9, 0x6f, 0x25, 0xff, 0xc7, 0x6c, 0x24, 0xff, 
0xc2, 0x64, 0x21, 0xff, 0xc3, 0x68, 0x23, 0xff, 0xcf, 0x79, 0x2b, 0xff, 0xcd, 0x77, 0x29, 0xff, 
0xc7, 0x6c, 0x24, 0xff, 0xb4, 0x59, 0x1d, 0xff, 0xa2, 0x4b, 0x18, 0xff, 0xa6, 0x50, 0x1a, 0xff, 
0xaa, 0x50, 0x1a, 0xff, 0xb3, 0x55, 0x1b, 0xff, 0xc5, 0x69, 0x22, 0xff, 0xc6, 0x6c, 0x25, 0xff, 
0xae, 0x59, 0x1e, 0xff, 0x8e, 0x3d, 0x13, 0xff, 0xa1, 0x4b, 0x19, 0xff, 0xad, 0x53, 0x1c, 0xff, 
0xad, 0x53, 0x1b, 0xff, 0xb8, 0x5d, 0x1e, 0xff, 0xbe, 0x63, 0x20, 0xff, 0xbb, 0x61, 0x20, 0xff, 
0xb8, 0x5d, 0x1f, 0xff, 0xb8, 0x5d, 0x1e, 0xff, 0xb7, 0x5b, 0x1e, 0xff, 0xad, 0x53, 0x1b, 0xff, 
0xae, 0x53, 0x1b, 0xff, 0xbb, 0x5e, 0x1e, 0xff, 0xbe, 0x62, 0x21, 0xff, 0xbf, 0x63, 0x20, 0xff, 
0xba, 0x5f, 0x1f, 0xff, 0xab, 0x52, 0x1b, 0xff, 0xa5, 0x4e, 0x19, 0xff, 0xa4, 0x4d, 0x19, 0xff, 
0x9f, 0x4b, 0x18, 0xff, 0x9c, 0x48, 0x18, 0xff, 0x9a, 0x47, 0x18, 0xff, 0x94, 0x43, 0x16, 0xff, 
0x8f, 0x41, 0x15, 0xff, 0x94, 0x43, 0x16, 0xff, 0xa9, 0x50, 0x1a, 0xff, 0xba, 0x60, 0x20, 0xff, 
0xc1, 0x67, 0x23, 0xff, 0xc0, 0x62, 0x1f, 0xff, 0xbb, 0x5c, 0x1c, 0xff, 0xc9, 0x6b, 0x23, 0xff, 
0xd8, 0x81, 0x2e, 0xff, 0xd7, 0x82, 0x2d, 0xff, 0xcb, 0x72, 0x26, 0xff, 0xcd, 0x74, 0x27, 0xff, 
0xc5, 0x69, 0x22, 0xff, 0xae, 0x53, 0x1b, 0xff, 0xac, 0x51, 0x1a, 0xff, 0xac, 0x52, 0x1b, 0xff, 
0xac, 0x57, 0x1e, 0xff, 0xb3, 0x5b, 0x1e, 0xff, 0xb2, 0x56, 0x1c, 0xff, 0xab, 0x52, 0x1a, 0xff, 
0xa0, 0x4c, 0x18, 0xff, 0x94, 0x44, 0x16, 0xff, 0x93, 0x44, 0x16, 0xff, 0xae, 0x53, 0x1b, 0xff, 
0xcd, 0x6f, 0x25, 0xff, 0xd7, 0x82, 0x2d, 0xff, 0xde, 0x91, 0x36, 0xff, 0xd8, 0x89, 0x33, 0xff, 
0xd0, 0x78, 0x2a, 0xff, 0xd0, 0x79, 0x2a, 0xff, 0xb5, 0x60, 0x20, 0xff, 0xa0, 0x4a, 0x18, 0xff, 
0xb4, 0x5d, 0x1f, 0xff, 0xb9, 0x60, 0x20, 0xff, 0xae, 0x53, 0x1b, 0xff, 0xa9, 0x51, 0x1a, 0xff, 
0x9b, 0x49, 0x18, 0xff, 0x9e, 0x4c, 0x18, 0xff, 0xaa, 0x53, 0x1b, 0xff, 0xb0, 0x56, 0x1c, 0xff, 
0xb3, 0x58, 0x1c, 0xff, 0xbc, 0x63, 0x21, 0xff, 0xc5, 0x73, 0x28, 0xff, 0xca, 0x75, 0x28, 0xff, 
0xc8, 0x74, 0x29, 0xff, 0xb9, 0x67, 0x24, 0xff, 0xaf, 0x54, 0x1b, 0xff, 0xbd, 0x63, 0x20, 0xff, 
0xcc, 0x77, 0x28, 0xff, 0xd6, 0x87, 0x32, 0xff, 0xda, 0x90, 0x36, 0xff, 0xd8, 0x8c, 0x33, 0xff, 
0xd7, 0x8a, 0x33, 0xff, 0xda, 0x8d, 0x34, 0xff, 0xdc, 0x92, 0x36, 0xff, 0xdd, 0x93, 0x39, 0xff, 
0xdb, 0x90, 0x36, 0xff, 0xda, 0x8e, 0x35, 0xff, 0xdb, 0x90, 0x36, 0xff, 0xdc, 0x92, 0x36, 0xff, 
0xdc, 0x92, 0x37, 0xff, 0xda, 0x8f, 0x36, 0xff, 0xd7, 0x8b, 0x34, 0xff, 0xd7, 0x89, 0x33, 0xff, 
0xd8, 0x8b, 0x33, 0xff, 0xd8, 0x8a, 0x32, 0xff, 0xd7, 0x89, 0x32, 0xff, 0xd6, 0x84, 0x30, 0xff, 
0xd4, 0x83, 0x2e, 0xff, 0xd3, 0x81, 0x2e, 0xff, 0xd5, 0x82, 0x2e, 0xff, 0xd4, 0x81, 0x2e, 0xff, 
0xd3, 0x80, 0x2d, 0xff, 0xd5, 0x83, 0x2f, 0xff, 0xd6, 0x84, 0x30, 0xff, 0xd5, 0x85, 0x30, 0xff, 
0xd7, 0x85, 0x30, 0xff, 0xd7, 0x87, 0x31, 0xff, 0xd8, 0x89, 0x33, 0xff, 0xd4, 0x82, 0x2e, 0xff, 
0xd6, 0x84, 0x30, 0xff, 0xd3, 0x80, 0x2e, 0xff, 0xd1, 0x7c, 0x2b, 0xff, 0xd2, 0x7e, 0x2d, 0xff, 
0xd5, 0x83, 0x2f, 0xff, 0xd4, 0x82, 0x2f, 0xff, 0xd4, 0x84, 0x30, 0xff, 0xd6, 0x87, 0x32, 0xff, 
0xd8, 0x88, 0x33, 0xff, 0xda, 0x8c, 0x34, 0xff, 0xde, 0x95, 0x39, 0xff, 0xdf, 0x99, 0x3c, 0xff, 
0xd9, 0x8e, 0x35, 0xff, 0xd9, 0x8d, 0x35, 0xff, 0xde, 0x97, 0x3a, 0xff, 0xde, 0x95, 0x39, 0xff, 
0xdd, 0x93, 0x38, 0xff, 0xe0, 0x99, 0x3b, 0xff, 0xe1, 0x98, 0x3b, 0xff, 0xdc, 0x8e, 0x35, 0xff, 
0xd2, 0x7e, 0x2d, 0xff, 0xcd, 0x76, 0x28, 0xff, 0xc0, 0x61, 0x1f, 0xff, 0xb3, 0x54, 0x1a, 0xff, 
0xbb, 0x5e, 0x1f, 0xff, 0xc7, 0x71, 0x27, 0xff, 0xd3, 0x82, 0x30, 0xff, 0xd5, 0x83, 0x2f, 0xff, 
0xd3, 0x7f, 0x2c, 0xff, 0xd8, 0x8a, 0x32, 0xff, 0xdb, 0x91, 0x37, 0xff, 0xd5, 0x83, 0x30, 0xff, 
0xd2, 0x7e, 0x2d, 0xff, 0xd7, 0x86, 0x31, 0xff, 0xd4, 0x7e, 0x2c, 0xff, 0xd2, 0x7c, 0x2c, 0xff, 
0xdd, 0x93, 0x39, 0xff, 0xde, 0x94, 0x39, 0xff, 0xd7, 0x85, 0x2f, 0xff, 0xd8, 0x86, 0x2e, 0xff, 
0xcf, 0x73, 0x25, 0xff, 0xc3, 0x62, 0x1e, 0xff, 0xbf, 0x5d, 0x1c, 0xff, 0xc0, 0x5e, 0x1d, 0xff, 
0xc1, 0x62, 0x1f, 0xff, 0xbf, 0x5e, 0x1c, 0xff, 0xc4, 0x66, 0x1f, 0xff, 0xc1, 0x63, 0x1f, 0xff, 
0xba, 0x57, 0x1a, 0xff, 0xc6, 0x69, 0x23, 0xff, 0xd2, 0x7d, 0x2d, 0xff, 0xd9, 0x8a, 0x33, 0xff, 
0xe2, 0x9d, 0x3f, 0xff, 0xe9, 0xac, 0x49, 0xff, 0xe6, 0xa6, 0x42, 0xff, 0xe1, 0x9c, 0x3b, 0xff, 
0xe0, 0x9b, 0x3d, 0xff, 0xdb, 0x90, 0x37, 0xff, 0xd5, 0x85, 0x31, 0xff, 0xd5, 0x84, 0x30, 0xff, 
0xcf, 0x7c, 0x2d, 0xff, 0xd0, 0x7c, 0x2c, 0xff, 0xcf, 0x7a, 0x2a, 0xff, 0xc3, 0x6a, 0x24, 0xff, 
0xb5, 0x5e, 0x1f, 0xff, 0xb6, 0x62, 0x21, 0xff, 0xc8, 0x77, 0x2a, 0xff, 0xb1, 0x5b, 0x1f, 0xff, 
0xa8, 0x4f, 0x19, 0xff, 0xae, 0x54, 0x1b, 0xff, 0xaf, 0x56, 0x1c, 0xff, 0xa9, 0x52, 0x1b, 0xff, 
0xaf, 0x56, 0x1c, 0xff, 0xbd, 0x65, 0x23, 0xff, 0xb7, 0x5d, 0x1f, 0xff, 0xb0, 0x56, 0x1c, 0xff, 
0xa6, 0x51, 0x1a, 0xff, 0xa6, 0x4e, 0x19, 0xff, 0xb2, 0x58, 0x1d, 0xff, 0xbe, 0x62, 0x20, 0xff, 
0xbb, 0x62, 0x21, 0xff, 0xac, 0x59, 0x1e, 0xff, 0xa5, 0x51, 0x1b, 0xff, 0xac, 0x55, 0x1b, 0xff, 
0xb2, 0x5b, 0x1e, 0xff, 0xbf, 0x66, 0x23, 0xff, 0xb8, 0x60, 0x1f, 0xff, 0xb4, 0x5c, 0x1f, 0xff, 
0xcd, 0x73, 0x27, 0xff, 0xd2, 0x7d, 0x2c, 0xff, 0xc0, 0x68, 0x23, 0xff, 0xb9, 0x5e, 0x1f, 0xff, 
0xba, 0x5e, 0x1f, 0xff, 0xbd, 0x5e, 0x1e, 0xff, 0xc2, 0x66, 0x21, 0xff, 0xca, 0x6f, 0x25, 0xff, 
0xc9, 0x6e, 0x24, 0xff, 0xcb, 0x71, 0x25, 0xff, 0xcc, 0x73, 0x27, 0xff, 0xca, 0x70, 0x26, 0xff, 
0xc6, 0x6a, 0x24, 0xff, 0xc9, 0x6d, 0x25, 0xff, 0xcb, 0x6f, 0x25, 0xff, 0xc9, 0x6c, 0x24, 0xff, 
0xc7, 0x6c, 0x24, 0xff, 0xc8, 0x6c, 0x24, 0xff, 0xcb, 0x70, 0x26, 0xff, 0xc7, 0x6f, 0x26, 0xff, 
0xc6, 0x6e, 0x25, 0xff, 0xc7, 0x6e, 0x25, 0xff, 0xc9, 0x6e, 0x26, 0xff, 0xc4, 0x67, 0x22, 0xff, 
0xbc, 0x5f, 0x1f, 0xff, 0xb5, 0x5a, 0x1e, 0xff, 0xa9, 0x51, 0x19, 0xff, 0xbb, 0x5f, 0x1f, 0xff, 
0xd7, 0x82, 0x2e, 0xff, 0xde, 0x87, 0x30, 0xff, 0xc7, 0x6a, 0x22, 0xff, 0xb2, 0x54, 0x1a, 0xff, 
0xb0, 0x53, 0x1b, 0xff, 0xb6, 0x59, 0x1d, 0xff, 0xbb, 0x5e, 0x1e, 0xff, 0xb9, 0x5c, 0x1e, 0xff, 
0xba, 0x5d, 0x1e, 0xff, 0xbf, 0x60, 0x1f, 0xff, 0xbc, 0x5c, 0x1d, 0xff, 0xb4, 0x59, 0x1d, 0xff, 
0xba, 0x62, 0x22, 0xff, 0xc9, 0x71, 0x26, 0xff, 0xd0, 0x77, 0x29, 0xff, 0xcc, 0x72, 0x26, 0xff, 
0xc6, 0x6b, 0x23, 0xff, 0xc2, 0x64, 0x21, 0xff, 0xc7, 0x6b, 0x23, 0xff, 0xd4, 0x82, 0x2e, 0xff, 
0xda, 0x8d, 0x35, 0xff, 0xdc, 0x91, 0x36, 0xff, 0xdf, 0x95, 0x38, 0xff, 0xcf, 0x78, 0x29, 0xff, 
0xc2, 0x63, 0x20, 0xff, 0xc7, 0x6b, 0x24, 0xff, 0xca, 0x70, 0x25, 0xff, 0xbc, 0x5f, 0x1e, 0xff, 
0xbd, 0x62, 0x20, 0xff, 0xc4, 0x66, 0x22, 0xff, 0xba, 0x5b, 0x1d, 0xff, 0xbd, 0x5f, 0x1f, 0xff, 
0xb8, 0x5c, 0x1e, 0xff, 0xa9, 0x4f, 0x19, 0xff, 0xb8, 0x5b, 0x1d, 0xff, 0xc9, 0x71, 0x28, 0xff, 
0xc7, 0x6c, 0x25, 0xff, 0xb3, 0x58, 0x1d, 0xff, 0xa4, 0x4c, 0x19, 0xff, 0xa1, 0x4b, 0x18, 0xff, 
0x98, 0x45, 0x16, 0xff, 0xa6, 0x4d, 0x19, 0xff, 0xb2, 0x57, 0x1c, 0xff, 0xb1, 0x57, 0x1c, 0xff, 
0xb6, 0x59, 0x1d, 0xff, 0xbb, 0x5d, 0x1e, 0xff, 0xbe, 0x60, 0x1f, 0xff, 0xbd, 0x60, 0x20, 0xff, 
0xbb, 0x62, 0x21, 0xff, 0xc1, 0x67, 0x22, 0xff, 0xbc, 0x60, 0x1f, 0xff, 0xae, 0x54, 0x1b, 0xff, 
0xa6, 0x4d, 0x19, 0xff, 0xa5, 0x4d, 0x19, 0xff, 0xa6, 0x4e, 0x1a, 0xff, 0xa0, 0x4a, 0x18, 0xff, 
0x9b, 0x48, 0x17, 0xff, 0x9f, 0x4a, 0x17, 0xff, 0xa7, 0x4f, 0x1a, 0xff, 0xa7, 0x4f, 0x1a, 0xff, 
0xa8, 0x4e, 0x1a, 0xff, 0xa9, 0x51, 0x1a, 0xff, 0xa9, 0x52, 0x1b, 0xff, 0xa3, 0x4b, 0x19, 0xff, 
0xab, 0x50, 0x19, 0xff, 0xb7, 0x5c, 0x1e, 0xff, 0xaf, 0x56, 0x1c, 0xff, 0xab, 0x56, 0x1c, 0xff, 
0xa4, 0x4f, 0x1a, 0xff, 0xa5, 0x4b, 0x17, 0xff, 0xb0, 0x53, 0x1a, 0xff, 0xba, 0x5c, 0x1d, 0xff, 
0xbc, 0x5e, 0x1f, 0xff, 0xa6, 0x4e, 0x1a, 0xff, 0xa3, 0x4c, 0x19, 0xff, 0xc2, 0x63, 0x21, 0xff, 
0xd6, 0x77, 0x28, 0xff, 0xd4, 0x77, 0x28, 0xff, 0xca, 0x6a, 0x22, 0xff, 0xc7, 0x66, 0x21, 0xff, 
0xbb, 0x5c, 0x1e, 0xff, 0xa4, 0x4c, 0x18, 0xff, 0x9a, 0x47, 0x16, 0xff, 0x9f, 0x4a, 0x17, 0xff, 
0xa5, 0x4d, 0x19, 0xff, 0xb8, 0x60, 0x20, 0xff, 0xcb, 0x77, 0x2a, 0xff, 0xd2, 0x7d, 0x2c, 0xff, 
0xd4, 0x7b, 0x2b, 0xff, 0xcd, 0x73, 0x28, 0xff, 0xba, 0x60, 0x20, 0xff, 0xb0, 0x57, 0x1d, 0xff, 
0xb1, 0x57, 0x1c, 0xff, 0xa9, 0x50, 0x19, 0xff, 0xa7, 0x50, 0x1a, 0xff, 0xb6, 0x5c, 0x1e, 0xff, 
0xb5, 0x5b, 0x1e, 0xff, 0xb6, 0x59, 0x1d, 0xff, 0xc4, 0x68, 0x23, 0xff, 0xcf, 0x7a, 0x2b, 0xff, 
0xd3, 0x80, 0x2d, 0xff, 0xd5, 0x86, 0x30, 0xff, 0xda, 0x8c, 0x34, 0xff, 0xd7, 0x85, 0x30, 0xff, 
0xda, 0x89, 0x31, 0xff, 0xdd, 0x8d, 0x33, 0xff, 0xcd, 0x77, 0x29, 0xff, 0xc0, 0x69, 0x23, 0xff, 
0xc5, 0x6f, 0x25, 0xff, 0xcd, 0x7b, 0x2c, 0xff, 0xd2, 0x83, 0x30, 0xff, 0xd4, 0x83, 0x2f, 0xff, 
0xd4, 0x84, 0x2f, 0xff, 0xd3, 0x82, 0x2e, 0xff, 0xd4, 0x84, 0x2f, 0xff, 0xd6, 0x88, 0x31, 0xff, 
0xd9, 0x8e, 0x35, 0xff, 0xdc, 0x93, 0x38, 0xff, 0xdb, 0x91, 0x37, 0xff, 0xdb, 0x90, 0x36, 0xff, 
0xdc, 0x92, 0x36, 0xff, 0xdb, 0x91, 0x36, 0xff, 0xd6, 0x87, 0x32, 0xff, 0xd4, 0x83, 0x2f, 0xff, 
0xd3, 0x82, 0x2e, 0xff, 0xd5, 0x82, 0x2e, 0xff, 0xd3, 0x7f, 0x2e, 0xff, 0xcf, 0x79, 0x2a, 0xff, 
0xcc, 0x75, 0x27, 0xff, 0xcf, 0x7b, 0x2b, 0xff, 0xce, 0x78, 0x2a, 0xff, 0xcb, 0x75, 0x28, 0xff, 
0xcc, 0x76, 0x28, 0xff, 0xcb, 0x72, 0x27, 0xff, 0xce, 0x78, 0x29, 0xff, 0xcd, 0x75, 0x27, 0xff, 
0xcb, 0x73, 0x27, 0xff, 0xca, 0x72, 0x28, 0xff, 0xce, 0x77, 0x28, 0xff, 0xd2, 0x7f, 0x2c, 0xff, 
0xd5, 0x85, 0x30, 0xff, 0xd1, 0x7d, 0x2d, 0xff, 0xd0, 0x7a, 0x2b, 0xff, 0xd3, 0x81, 0x2e, 0xff, 
0xd1, 0x7c, 0x2b, 0xff, 0xce, 0x76, 0x29, 0xff, 0xd0, 0x78, 0x29, 0xff, 0xd4, 0x80, 0x2e, 0xff, 
0xd5, 0x85, 0x31, 0xff, 0xd6, 0x87, 0x32, 0xff, 0xd9, 0x8b, 0x34, 0xff, 0xde, 0x94, 0x38, 0xff, 
0xe0, 0x9a, 0x3d, 0xff, 0xdb, 0x90, 0x37, 0xff, 0xd9, 0x8b, 0x33, 0xff, 0xdd, 0x90, 0x36, 0xff, 
0xda, 0x8d, 0x35, 0xff, 0xd2, 0x7f, 0x2e, 0xff, 0xce, 0x7b, 0x2c, 0xff, 0xcb, 0x79, 0x2b, 0xff, 
0xcd, 0x77, 0x29, 0xff, 0xcf, 0x7a, 0x2a, 0xff, 0xd3, 0x7f, 0x2d, 0xff, 0xc7, 0x70, 0x27, 0xff, 
0xbb, 0x60, 0x20, 0xff, 0xc2, 0x6b, 0x25, 0xff, 0xcd, 0x7a, 0x2c, 0xff, 0xd5, 0x85, 0x31, 0xff, 
0xd7, 0x86, 0x31, 0xff, 0xd8, 0x8c, 0x34, 0xff, 0xda, 0x90, 0x36, 0xff, 0xd8, 0x89, 0x34, 0xff, 
0xd2, 0x7e, 0x2c, 0xff, 0xd3, 0x81, 0x2e, 0xff, 0xd0, 0x78, 0x2a, 0xff, 0xcf, 0x79, 0x2a, 0xff, 
0xd8, 0x8a, 0x33, 0xff, 0xe0, 0x98, 0x3a, 0xff, 0xe8, 0xad, 0x4a, 0xff, 0xed, 0xb8, 0x55, 0xff, 
0xe2, 0x9f, 0x41, 0xff, 0xd4, 0x82, 0x30, 0xff, 0xcb, 0x74, 0x28, 0xff, 0xc6, 0x6b, 0x24, 0xff, 
0xc3, 0x67, 0x23, 0xff, 0xc6, 0x6d, 0x26, 0xff, 0xca, 0x75, 0x2b, 0xff, 0xcc, 0x78, 0x2b, 0xff, 
0xce, 0x79, 0x2b, 0xff, 0xd4, 0x81, 0x2e, 0xff, 0xd8, 0x86, 0x30, 0xff, 0xdc, 0x92, 0x37, 0xff, 
0xe5, 0xa3, 0x41, 0xff, 0xdd, 0x93, 0x38, 0xff, 0xd1, 0x7c, 0x2c, 0xff, 0xc4, 0x69, 0x23, 0xff, 
0xc7, 0x6e, 0x24, 0xff, 0xd4, 0x84, 0x30, 0xff, 0xdc, 0x91, 0x37, 0xff, 0xd9, 0x8a, 0x33, 0xff, 
0xd6, 0x86, 0x31, 0xff, 0xd3, 0x83, 0x30, 0xff, 0xd0, 0x7f, 0x2e, 0xff, 0xcf, 0x7b, 0x2c, 0xff, 
0xca, 0x72, 0x27, 0xff, 0xca, 0x71, 0x26, 0xff, 0xc0, 0x68, 0x23, 0xff, 0xb6, 0x64, 0x22, 0xff, 
0xbc, 0x6e, 0x28, 0xff, 0xbe, 0x6c, 0x26, 0xff, 0xbf, 0x66, 0x23, 0xff, 0xc8, 0x6d, 0x25, 0xff, 
0xb0, 0x56, 0x1c, 0xff, 0xa5, 0x4e, 0x19, 0xff, 0xb8, 0x62, 0x21, 0xff, 0xa3, 0x4f, 0x1a, 0xff, 
0x8c, 0x3f, 0x14, 0xff, 0x8b, 0x3f, 0x15, 0xff, 0x93, 0x42, 0x16, 0xff, 0xa1, 0x49, 0x17, 0xff, 
0xb9, 0x5e, 0x1f, 0xff, 0xc3, 0x6a, 0x23, 0xff, 0xc2, 0x67, 0x22, 0xff, 0xc9, 0x6e, 0x26, 0xff, 
0xcd, 0x72, 0x27, 0xff, 0xcc, 0x71, 0x26, 0xff, 0xc4, 0x6c, 0x25, 0xff, 0xc1, 0x69, 0x23, 0xff, 
0xc3, 0x69, 0x23, 0xff, 0xbc, 0x5f, 0x1e, 0xff, 0xbb, 0x5e, 0x1e, 0xff, 0xba, 0x5e, 0x1f, 0xff, 
0xbe, 0x60, 0x1f, 0xff, 0xbc, 0x5e, 0x1e, 0xff, 0xb5, 0x57, 0x1c, 0xff, 0xb7, 0x5a, 0x1c, 0xff, 
0xc4, 0x67, 0x22, 0xff, 0xc9, 0x6f, 0x24, 0xff, 0xc7, 0x6c, 0x24, 0xff, 0xc8, 0x6c, 0x24, 0xff, 
0xcb, 0x6f, 0x25, 0xff, 0xd1, 0x7a, 0x2a, 0xff, 0xd7, 0x86, 0x31, 0xff, 0xcf, 0x77, 0x28, 0xff, 
0xc8, 0x6d, 0x24, 0xff, 0xc8, 0x6e, 0x25, 0xff, 0xc2, 0x66, 0x22, 0xff, 0xb9, 0x5b, 0x1d, 0xff, 
0xad, 0x51, 0x19, 0xff, 0xab, 0x51, 0x1a, 0xff, 0xb6, 0x5a, 0x1d, 0xff, 0xb8, 0x5a, 0x1c, 0xff, 
0xb4, 0x57, 0x1c, 0xff, 0x9a, 0x47, 0x17, 0xff, 0x8f, 0x3f, 0x14, 0xff, 0x9d, 0x48, 0x17, 0xff, 
0xa7, 0x50, 0x1a, 0xff, 0xb4, 0x5f, 0x21, 0xff, 0xc4, 0x6e, 0x26, 0xff, 0xc2, 0x68, 0x23, 0xff, 
0xb4, 0x59, 0x1d, 0xff, 0xb4, 0x59, 0x1d, 0xff, 0xba, 0x5c, 0x1d, 0xff, 0xc1, 0x64, 0x20, 0xff, 
0xc2, 0x63, 0x20, 0xff, 0xbc, 0x5f, 0x1e, 0xff, 0xbd, 0x5f, 0x1f, 0xff, 0xb7, 0x5b, 0x1d, 0xff, 
0xb4, 0x58, 0x1d, 0xff, 0xb6, 0x59, 0x1d, 0xff, 0xb9, 0x5f, 0x1f, 0xff, 0xba, 0x61, 0x21, 0xff, 
0xc0, 0x66, 0x22, 0xff, 0xce, 0x73, 0x26, 0xff, 0xd2, 0x7d, 0x2c, 0xff, 0xd2, 0x7f, 0x2d, 0xff, 
0xd0, 0x7b, 0x2b, 0xff, 0xd5, 0x84, 0x30, 0xff, 0xce, 0x7a, 0x2c, 0xff, 0xc0, 0x66, 0x21, 0xff, 
0xbe, 0x62, 0x1f, 0xff, 0xbe, 0x62, 0x21, 0xff, 0xc1, 0x64, 0x20, 0xff, 0xca, 0x6f, 0x25, 0xff, 
0xc0, 0x65, 0x21, 0xff, 0xab, 0x52, 0x1b, 0xff, 0x9f, 0x49, 0x18, 0xff, 0xa1, 0x4a, 0x18, 0xff, 
0xa8, 0x51, 0x1a, 0xff, 0xa3, 0x4d, 0x19, 0xff, 0xa7, 0x4e, 0x19, 0xff, 0xbb, 0x5f, 0x1f, 0xff, 
0xca, 0x73, 0x27, 0xff, 0xcf, 0x78, 0x2a, 0xff, 0xc3, 0x6a, 0x24, 0xff, 0xb3, 0x5a, 0x1d, 0xff, 
0xb1, 0x55, 0x1b, 0xff, 0xaf, 0x53, 0x1b, 0xff, 0xaa, 0x4f, 0x1a, 0xff, 0xac, 0x52, 0x1a, 0xff, 
0xaa, 0x52, 0x1b, 0xff, 0xac, 0x53, 0x1b, 0xff, 0xad, 0x53, 0x1b, 0xff, 0xb2, 0x58, 0x1c, 0xff, 
0xc0, 0x64, 0x21, 0xff, 0xc1, 0x64, 0x20, 0xff, 0xbc, 0x5d, 0x1d, 0xff, 0xbc, 0x5e, 0x1f, 0xff, 
0xb8, 0x5c, 0x1e, 0xff, 0xb1, 0x56, 0x1c, 0xff, 0xb4, 0x5b, 0x1e, 0xff, 0xb3, 0x5b, 0x1e, 0xff, 
0xb1, 0x56, 0x1c, 0xff, 0xb7, 0x5c, 0x1e, 0xff, 0xb9, 0x5e, 0x1f, 0xff, 0xb8, 0x5d, 0x1f, 0xff, 
0xb5, 0x59, 0x1d, 0xff, 0xae, 0x54, 0x1b, 0xff, 0xa5, 0x4f, 0x19, 0xff, 0xa3, 0x4d, 0x18, 0xff, 
0x9e, 0x49, 0x18, 0xff, 0x9a, 0x46, 0x17, 0xff, 0x95, 0x44, 0x16, 0xff, 0x92, 0x42, 0x15, 0xff, 
0x90, 0x41, 0x14, 0xff, 0x95, 0x44, 0x16, 0xff, 0xa3, 0x4d, 0x19, 0xff, 0xaf, 0x56, 0x1c, 0xff, 
0xac, 0x54, 0x1b, 0xff, 0xa2, 0x4d, 0x18, 0xff, 0x97, 0x46, 0x17, 0xff, 0x93, 0x45, 0x16, 0xff, 
0x96, 0x45, 0x16, 0xff, 0x9a, 0x48, 0x17, 0xff, 0xa2, 0x4e, 0x19, 0xff, 0xa8, 0x51, 0x1a, 0xff, 
0xa8, 0x4f, 0x1a, 0xff, 0xa0, 0x4b, 0x18, 0xff, 0x9f, 0x4b, 0x18, 0xff, 0xa4, 0x4e, 0x19, 0xff, 
0x9f, 0x4a, 0x18, 0xff, 0x92, 0x3f, 0x15, 0xff, 0x8f, 0x3c, 0x13, 0xff, 0x96, 0x43, 0x15, 0xff, 
0x9f, 0x4a, 0x18, 0xff, 0xae, 0x55, 0x1c, 0xff, 0xc0, 0x63, 0x20, 0xff, 0xc5, 0x68, 0x22, 0xff, 
0xc4, 0x68, 0x22, 0xff, 0xc4, 0x66, 0x21, 0xff, 0xc1, 0x66, 0x22, 0xff, 0xbb, 0x63, 0x21, 0xff, 
0xb1, 0x58, 0x1d, 0xff, 0xb7, 0x60, 0x20, 0xff, 0xc8, 0x6f, 0x26, 0xff, 0xcd, 0x74, 0x28, 0xff, 
0xc3, 0x6c, 0x25, 0xff, 0xbd, 0x65, 0x22, 0xff, 0xc6, 0x6e, 0x24, 0xff, 0xcd, 0x7a, 0x2a, 0xff, 
0xcd, 0x78, 0x2a, 0xff, 0xce, 0x78, 0x29, 0xff, 0xd6, 0x85, 0x2e, 0xff, 0xd4, 0x81, 0x2d, 0xff, 
0xcd, 0x79, 0x29, 0xff, 0xc6, 0x6f, 0x25, 0xff, 0xc6, 0x6e, 0x24, 0xff, 0xc7, 0x6f, 0x25, 0xff, 
0xc8, 0x70, 0x25, 0xff, 0xce, 0x78, 0x29, 0xff, 0xd0, 0x7c, 0x2b, 0xff, 0xd1, 0x7d, 0x2b, 0xff, 
0xd2, 0x7f, 0x2d, 0xff, 0xd3, 0x82, 0x2f, 0xff, 0xd4, 0x84, 0x30, 0xff, 0xd6, 0x89, 0x32, 0xff, 
0xd7, 0x89, 0x32, 0xff, 0xd3, 0x83, 0x2f, 0xff, 0xd5, 0x85, 0x2f, 0xff, 0xda, 0x8a, 0x31, 0xff, 
0xd9, 0x8c, 0x32, 0xff, 0xde, 0x95, 0x38, 0xff, 0xde, 0x94, 0x39, 0xff, 0xdb, 0x8f, 0x35, 0xff, 
0xd9, 0x8a, 0x33, 0xff, 0xce, 0x7c, 0x2c, 0xff, 0xc7, 0x72, 0x28, 0xff, 0xcb, 0x74, 0x29, 0xff, 
0xd4, 0x82, 0x2e, 0xff, 0xd2, 0x7e, 0x2d, 0xff, 0xc3, 0x67, 0x21, 0xff, 0xbb, 0x60, 0x1f, 0xff, 
0xc2, 0x65, 0x21, 0xff, 0xc2, 0x66, 0x21, 0xff, 0xbf, 0x62, 0x20, 0xff, 0xc2, 0x67, 0x22, 0xff, 
0xca, 0x71, 0x26, 0xff, 0xc6, 0x6b, 0x24, 0xff, 0xc3, 0x68, 0x22, 0xff, 0xc5, 0x6b, 0x24, 0xff, 
0xc4, 0x69, 0x23, 0xff, 0xbd, 0x60, 0x1f, 0xff, 0xbf, 0x63, 0x20, 0xff, 0xca, 0x73, 0x28, 0xff, 
0xd1, 0x7c, 0x2b, 0xff, 0xd2, 0x7b, 0x2b, 0xff, 0xd0, 0x77, 0x29, 0xff, 0xd3, 0x7e, 0x2c, 0xff, 
0xd9, 0x8a, 0x33, 0xff, 0xd8, 0x8a, 0x33, 0xff, 0xd8, 0x88, 0x32, 0xff, 0xd5, 0x87, 0x32, 0xff, 
0xcc, 0x79, 0x2b, 0xff, 0xaf, 0x54, 0x1a, 0xff, 0xa9, 0x4d, 0x18, 0xff, 0xba, 0x5d, 0x1e, 0xff, 
0xd2, 0x7d, 0x2c, 0xff, 0xd2, 0x7d, 0x2d, 0xff, 0xc7, 0x6e, 0x26, 0xff, 0xc8, 0x6e, 0x25, 0xff, 
0xbc, 0x61, 0x20, 0xff, 0xad, 0x52, 0x1a, 0xff, 0xb2, 0x55, 0x1b, 0xff, 0xb9, 0x5f, 0x1f, 0xff, 
0xb4, 0x5c, 0x1f, 0xff, 0xb4, 0x58, 0x1d, 0xff, 0xc7, 0x6f, 0x26, 0xff, 0xd0, 0x7b, 0x2c, 0xff, 
0xc4, 0x6b, 0x24, 0xff, 0xc6, 0x6f, 0x26, 0xff, 0xd4, 0x82, 0x2f, 0xff, 0xd9, 0x8c, 0x34, 0xff, 
0xd8, 0x88, 0x32, 0xff, 0xe2, 0x9d, 0x3e, 0xff, 0xef, 0xbb, 0x54, 0xff, 0xef, 0xbb, 0x59, 0xff, 
0xe9, 0xac, 0x4b, 0xff, 0xec, 0xb1, 0x49, 0xff, 0xf7, 0xc8, 0x59, 0xff, 0xfa, 0xcc, 0x5c, 0xff, 
0xf5, 0xc3, 0x59, 0xff, 0xf4, 0xc2, 0x56, 0xff, 0xf3, 0xbc, 0x51, 0xff, 0xed, 0xb0, 0x49, 0xff, 
0xe7, 0xa6, 0x42, 0xff, 0xdf, 0x98, 0x3a, 0xff, 0xdc, 0x90, 0x36, 0xff, 0xde, 0x92, 0x37, 0xff, 
0xdd, 0x92, 0x37, 0xff, 0xcf, 0x78, 0x29, 0xff, 0xc8, 0x6b, 0x22, 0xff, 0xcd, 0x73, 0x27, 0xff, 
0xcc, 0x74, 0x27, 0xff, 0xd0, 0x7a, 0x2a, 0xff, 0xd9, 0x88, 0x31, 0xff, 0xd8, 0x87, 0x31, 0xff, 
0xd4, 0x82, 0x2e, 0xff, 0xcd, 0x78, 0x2a, 0xff, 0xc7, 0x6e, 0x26, 0xff, 0xcb, 0x73, 0x27, 0xff, 
0xcc, 0x76, 0x29, 0xff, 0xcc, 0x75, 0x29, 0xff, 0xcb, 0x72, 0x27, 0xff, 0xcd, 0x75, 0x28, 0xff, 
0xd3, 0x7f, 0x2d, 0xff, 0xcc, 0x75, 0x29, 0xff, 0xcd, 0x79, 0x2b, 0xff, 0xd9, 0x8b, 0x34, 0xff, 
0xd5, 0x8a, 0x34, 0xff, 0xd0, 0x80, 0x2f, 0xff, 0xcb, 0x74, 0x29, 0xff, 0xc8, 0x6d, 0x25, 0xff, 
0xbd, 0x64, 0x22, 0xff, 0xaa, 0x56, 0x1d, 0xff, 0xa3, 0x50, 0x1a, 0xff, 0xa3, 0x4f, 0x1a, 0xff, 
0xa2, 0x4c, 0x19, 0xff, 0xa9, 0x4e, 0x19, 0xff, 0xb3, 0x59, 0x1c, 0xff, 0xaf, 0x58, 0x1e, 0xff, 
0xa9, 0x52, 0x1b, 0xff, 0xb3, 0x5a, 0x1d, 0xff, 0xbf, 0x62, 0x1f, 0xff, 0xcb, 0x70, 0x25, 0xff, 
0xd5, 0x84, 0x2f, 0xff, 0xd4, 0x84, 0x30, 0xff, 0xd2, 0x7f, 0x2e, 0xff, 0xc2, 0x6b, 0x25, 0xff, 
0xbe, 0x63, 0x21, 0xff, 0xbd, 0x61, 0x20, 0xff, 0xb8, 0x5b, 0x1d, 0xff, 0xbd, 0x61, 0x1f, 0xff, 
0xc4, 0x68, 0x22, 0xff, 0xc6, 0x6a, 0x23, 0xff, 0xc8, 0x6b, 0x23, 0xff, 0xc9, 0x6d, 0x25, 0xff, 
0xcd, 0x73, 0x27, 0xff, 0xd6, 0x83, 0x2e, 0xff, 0xd5, 0x83, 0x30, 0xff, 0xc6, 0x6b, 0x23, 0xff, 
0xc5, 0x68, 0x22, 0xff, 0xc3, 0x68, 0x22, 0xff, 0xc2, 0x66, 0x22, 0xff, 0xc7, 0x6b, 0x22, 0xff, 
0xae, 0x55, 0x1b, 0xff, 0xa0, 0x4a, 0x18, 0xff, 0xa8, 0x52, 0x1b, 0xff, 0xa1, 0x4c, 0x18, 0xff, 
0xa3, 0x4b, 0x18, 0xff, 0xa9, 0x4f, 0x19, 0xff, 0xaa, 0x53, 0x1b, 0xff, 0xa8, 0x51, 0x1b, 0xff, 
0xa7, 0x4f, 0x1a, 0xff, 0xa2, 0x48, 0x17, 0xff, 0xa2, 0x4c, 0x19, 0xff, 0xb9, 0x62, 0x21, 0xff, 
0xc6, 0x6c, 0x24, 0xff, 0xbe, 0x62, 0x20, 0xff, 0xc1, 0x64, 0x21, 0xff, 0xca, 0x6f, 0x24, 0xff, 
0xcb, 0x70, 0x26, 0xff, 0xc0, 0x64, 0x21, 0xff, 0xc1, 0x65, 0x21, 0xff, 0xcd, 0x72, 0x26, 0xff, 
0xd2, 0x79, 0x29, 0xff, 0xc6, 0x6d, 0x25, 0xff, 0xb6, 0x58, 0x1c, 0xff, 0xb5, 0x55, 0x1b, 0xff, 
0xb9, 0x5a, 0x1c, 0xff, 0xc6, 0x6b, 0x24, 0xff, 0xce, 0x76, 0x28, 0xff, 0xd4, 0x80, 0x2d, 0xff, 
0xd5, 0x85, 0x30, 0xff, 0xc3, 0x69, 0x23, 0xff, 0xba, 0x5b, 0x1c, 0xff, 0xb7, 0x59, 0x1c, 0xff, 
0xb7, 0x5a, 0x1d, 0xff, 0xb9, 0x5c, 0x1e, 0xff, 0xb7, 0x5a, 0x1d, 0xff, 0xb8, 0x5c, 0x1e, 0xff, 
0xba, 0x5e, 0x1f, 0xff, 0xb4, 0x5a, 0x1e, 0xff, 0xaf, 0x57, 0x1c, 0xff, 0xb1, 0x56, 0x1c, 0xff, 
0xaf, 0x53, 0x1b, 0xff, 0xb4, 0x58, 0x1c, 0xff, 0xbc, 0x60, 0x1f, 0xff, 0xbb, 0x5f, 0x1f, 0xff, 
0xc8, 0x72, 0x27, 0xff, 0xc8, 0x73, 0x28, 0xff, 0xb8, 0x63, 0x22, 0xff, 0xae, 0x57, 0x1d, 0xff, 
0xaf, 0x54, 0x1b, 0xff, 0xb4, 0x58, 0x1c, 0xff, 0xac, 0x53, 0x1c, 0xff, 0xa3, 0x4f, 0x1a, 0xff, 
0xa7, 0x50, 0x19, 0xff, 0xaa, 0x52, 0x1a, 0xff, 0xa0, 0x4b, 0x18, 0xff, 0x99, 0x48, 0x17, 0xff, 
0x96, 0x46, 0x16, 0xff, 0x98, 0x45, 0x16, 0xff, 0x98, 0x44, 0x16, 0xff, 0x97, 0x44, 0x15, 0xff, 
0x98, 0x46, 0x16, 0xff, 0x95, 0x44, 0x15, 0xff, 0x9b, 0x48, 0x18, 0xff, 0xa6, 0x4f, 0x1a, 0xff, 
0xae, 0x53, 0x1a, 0xff, 0xae, 0x54, 0x1c, 0xff, 0xa3, 0x4c, 0x19, 0xff, 0x9a, 0x46, 0x17, 0xff, 
0x9d, 0x49, 0x17, 0xff, 0x9f, 0x4a, 0x18, 0xff, 0x9f, 0x4b, 0x17, 0xff, 0xa5, 0x4e, 0x19, 0xff, 
0xa3, 0x4e, 0x18, 0xff, 0x9b, 0x48, 0x17, 0xff, 0x9c, 0x49, 0x18, 0xff, 0x9f, 0x4b, 0x18, 0xff, 
0xa1, 0x4c, 0x18, 0xff, 0xa7, 0x50, 0x1a, 0xff, 0xa2, 0x4d, 0x19, 0xff, 0xa0, 0x4b, 0x18, 0xff, 
0xa5, 0x4e, 0x1a, 0xff, 0xa1, 0x4b, 0x19, 0xff, 0x9d, 0x49, 0x18, 0xff, 0x98, 0x46, 0x17, 0xff, 
0x8e, 0x40, 0x15, 0xff, 0x89, 0x3d, 0x14, 0xff, 0x8f, 0x41, 0x15, 0xff, 0x97, 0x45, 0x16, 0xff, 
0x9c, 0x48, 0x17, 0xff, 0xa3, 0x4c, 0x19, 0xff, 0xa8, 0x50, 0x1a, 0xff, 0xac, 0x53, 0x1b, 0xff, 
0xb4, 0x57, 0x1c, 0xff, 0xaa, 0x50, 0x1a, 0xff, 0x9e, 0x49, 0x18, 0xff, 0x97, 0x44, 0x16, 0xff, 
0x97, 0x42, 0x15, 0xff, 0x9d, 0x45, 0x16, 0xff, 0x9f, 0x47, 0x16, 0xff, 0xa0, 0x49, 0x17, 0xff, 
0xa7, 0x4f, 0x1a, 0xff, 0xb0, 0x56, 0x1c, 0xff, 0xbb, 0x60, 0x1f, 0xff, 0xc5, 0x6a, 0x23, 0xff, 
0xc7, 0x6b, 0x24, 0xff, 0xbf, 0x65, 0x21, 0xff, 0xb7, 0x5f, 0x20, 0xff, 0xbb, 0x60, 0x1f, 0xff, 
0xb8, 0x5c, 0x1d, 0xff, 0xba, 0x5e, 0x1f, 0xff, 0xc0, 0x64, 0x22, 0xff, 0xbc, 0x60, 0x1f, 0xff, 
0xb2, 0x57, 0x1d, 0xff, 0xc0, 0x67, 0x22, 0xff, 0xd0, 0x7c, 0x2a, 0xff, 0xcd, 0x75, 0x28, 0xff, 
0xc6, 0x6b, 0x24, 0xff, 0xc8, 0x6d, 0x25, 0xff, 0xce, 0x76, 0x28, 0xff, 0xcd, 0x75, 0x27, 0xff, 
0xc6, 0x6c, 0x24, 0xff, 0xc8, 0x70, 0x26, 0xff, 0xcb, 0x73, 0x27, 0xff, 0xcb, 0x71, 0x26, 0xff, 
0xcc, 0x74, 0x27, 0xff, 0xce, 0x77, 0x29, 0xff, 0xd2, 0x7e, 0x2c, 0xff, 0xd0, 0x7e, 0x2c, 0xff, 
0xca, 0x73, 0x28, 0xff, 0xc9, 0x70, 0x27, 0xff, 0xc8, 0x71, 0x27, 0xff, 0xc1, 0x69, 0x22, 0xff, 
0xc9, 0x73, 0x27, 0xff, 0xd0, 0x7d, 0x2d, 0xff, 0xd3, 0x83, 0x30, 0xff, 0xd5, 0x85, 0x31, 0xff, 
0xd7, 0x85, 0x30, 0xff, 0xd1, 0x7f, 0x2d, 0xff, 0xd0, 0x7b, 0x2b, 0xff, 0xcf, 0x77, 0x2a, 0xff, 
0xd3, 0x7c, 0x2c, 0xff, 0xd3, 0x7e, 0x2c, 0xff, 0xc1, 0x65, 0x21, 0xff, 0xb7, 0x5a, 0x1c, 0xff, 
0xc4, 0x69, 0x22, 0xff, 0xc8, 0x6c, 0x23, 0xff, 0xc0, 0x63, 0x20, 0xff, 0xbe, 0x61, 0x1f, 0xff, 
0xbf, 0x61, 0x1e, 0xff, 0xc1, 0x64, 0x21, 0xff, 0xc3, 0x66, 0x22, 0xff, 0xc3, 0x67, 0x22, 0xff, 
0xc0, 0x62, 0x20, 0xff, 0xb9, 0x5d, 0x1e, 0xff, 0xb6, 0x58, 0x1c, 0xff, 0xbd, 0x5e, 0x1e, 0xff, 
0xc1, 0x66, 0x22, 0xff, 0xc6, 0x6e, 0x26, 0xff, 0xc8, 0x72, 0x27, 0xff, 0xc0, 0x68, 0x22, 0xff, 
0xc5, 0x6e, 0x25, 0xff, 0xd6, 0x86, 0x30, 0xff, 0xd8, 0x8a, 0x33, 0xff, 0xbf, 0x67, 0x23, 0xff, 
0xaf, 0x54, 0x1a, 0xff, 0xb9, 0x5e, 0x1e, 0xff, 0xc6, 0x6d, 0x25, 0xff, 0xcc, 0x71, 0x26, 0xff, 
0xba, 0x60, 0x1f, 0xff, 0xae, 0x55, 0x1c, 0xff, 0xaf, 0x54, 0x1b, 0xff, 0xb6, 0x5a, 0x1e, 0xff, 
0xba, 0x5d, 0x1e, 0xff, 0xb8, 0x5d, 0x1e, 0xff, 0xb0, 0x56, 0x1c, 0xff, 0xac, 0x52, 0x1b, 0xff, 
0xb0, 0x55, 0x1b, 0xff, 0xb7, 0x59, 0x1d, 0xff, 0xc2, 0x66, 0x22, 0xff, 0xcd, 0x76, 0x29, 0xff, 
0xc5, 0x6b, 0x25, 0xff, 0xbe, 0x61, 0x1f, 0xff, 0xca, 0x73, 0x27, 0xff, 0xd0, 0x7c, 0x2c, 0xff, 
0xda, 0x8d, 0x35, 0xff, 0xdf, 0x98, 0x3a, 0xff, 0xda, 0x8d, 0x34, 0xff, 0xd4, 0x7f, 0x2c, 0xff, 
0xce, 0x73, 0x26, 0xff, 0xcd, 0x75, 0x28, 0xff, 0xd8, 0x8b, 0x35, 0xff, 0xda, 0x8f, 0x38, 0xff, 
0xd7, 0x8d, 0x37, 0xff, 0xd5, 0x87, 0x33, 0xff, 0xd1, 0x7f, 0x2e, 0xff, 0xd0, 0x7c, 0x2c, 0xff, 
0xcf, 0x79, 0x2a, 0xff, 0xd2, 0x80, 0x2e, 0xff, 0xd5, 0x84, 0x30, 0xff, 0xd2, 0x7e, 0x2d, 0xff, 
0xcc, 0x72, 0x26, 0xff, 0xc8, 0x6c, 0x24, 0xff, 0xcb, 0x70, 0x26, 0xff, 0xce, 0x76, 0x29, 0xff, 
0xd0, 0x7b, 0x2b, 0xff, 0xd4, 0x81, 0x2e, 0xff, 0xd7, 0x84, 0x2f, 0xff, 0xd3, 0x7e, 0x2c, 0xff, 
0xc6, 0x6b, 0x24, 0xff, 0xc3, 0x6a, 0x23, 0xff, 0xc0, 0x68, 0x22, 0xff, 0xb8, 0x5d, 0x1e, 0xff, 
0xb6, 0x5d, 0x1f, 0xff, 0xb4, 0x5d, 0x1f, 0xff, 0xb1, 0x5a, 0x1d, 0xff, 0xb0, 0x55, 0x1c, 0xff, 
0xb6, 0x5c, 0x1e, 0xff, 0xbc, 0x62, 0x20, 0xff, 0xc5, 0x6d, 0x26, 0xff, 0xd3, 0x81, 0x2e, 0xff, 
0xd9, 0x89, 0x32, 0xff, 0xd7, 0x84, 0x30, 0xff, 0xcb, 0x74, 0x28, 0xff, 0xb8, 0x5b, 0x1e, 0xff, 
0xb1, 0x56, 0x1c, 0xff, 0xb5, 0x59, 0x1d, 0xff, 0xba, 0x5d, 0x1e, 0xff, 0xb7, 0x5e, 0x1f, 0xff, 
0xad, 0x57, 0x1d, 0xff, 0xab, 0x55, 0x1c, 0xff, 0xa8, 0x53, 0x1b, 0xff, 0xa3, 0x51, 0x1b, 0xff, 
0xaa, 0x54, 0x1c, 0xff, 0xb4, 0x5d, 0x1f, 0xff, 0xc0, 0x65, 0x22, 0xff, 0xc9, 0x6c, 0x24, 0xff, 
0xc9, 0x71, 0x27, 0xff, 0xca, 0x72, 0x27, 0xff, 0xcc, 0x75, 0x29, 0xff, 0xc6, 0x6d, 0x25, 0xff, 
0xc3, 0x67, 0x22, 0xff, 0xc3, 0x6a, 0x23, 0xff, 0xc3, 0x68, 0x22, 0xff, 0xbf, 0x64, 0x21, 0xff, 
0xbc, 0x62, 0x21, 0xff, 0xb9, 0x61, 0x21, 0xff, 0xbd, 0x65, 0x21, 0xff, 0xbf, 0x66, 0x22, 0xff, 
0xbd, 0x64, 0x22, 0xff, 0xc6, 0x6c, 0x25, 0xff, 0xca, 0x71, 0x26, 0xff, 0xce, 0x77, 0x2a, 0xff, 
0xcf, 0x7a, 0x2b, 0xff, 0xc2, 0x68, 0x22, 0xff, 0xb2, 0x56, 0x1b, 0xff, 0xbd, 0x67, 0x23, 0xff, 
0xbf, 0x69, 0x23, 0xff, 0xa7, 0x4d, 0x19, 0xff, 0xa4, 0x4a, 0x18, 0xff, 0xb1, 0x59, 0x1e, 0xff, 
0xba, 0x62, 0x22, 0xff, 0xbb, 0x5e, 0x1f, 0xff, 0xb3, 0x57, 0x1b, 0xff, 0xaf, 0x55, 0x1b, 0xff, 
0xc2, 0x68, 0x24, 0xff, 0xc7, 0x6a, 0x23, 0xff, 0xb5, 0x58, 0x1c, 0xff, 0xae, 0x54, 0x1b, 0xff, 
0xbb, 0x5e, 0x1e, 0xff, 0xbc, 0x5e, 0x1e, 0xff, 0xbe, 0x62, 0x20, 0xff, 0xcc, 0x73, 0x27, 0xff, 
0xd5, 0x7f, 0x2c, 0xff, 0xd0, 0x76, 0x28, 0xff, 0xca, 0x6e, 0x24, 0xff, 0xcc, 0x72, 0x27, 0xff, 
0xce, 0x75, 0x28, 0xff, 0xd1, 0x79, 0x28, 0xff, 0xce, 0x74, 0x27, 0xff, 0xc5, 0x6a, 0x23, 0xff, 
0xc0, 0x63, 0x21, 0xff, 0xc5, 0x6a, 0x23, 0xff, 0xcc, 0x76, 0x29, 0xff, 0xd2, 0x7d, 0x2c, 0xff, 
0xd2, 0x7b, 0x2b, 0xff, 0xc1, 0x64, 0x21, 0xff, 0xb8, 0x5c, 0x1d, 0xff, 0xb8, 0x5b, 0x1c, 0xff, 
0xbd, 0x5e, 0x1e, 0xff, 0xbd, 0x60, 0x1f, 0xff, 0xb7, 0x5b, 0x1d, 0xff, 0xb1, 0x54, 0x1a, 0xff, 
0xaf, 0x53, 0x1b, 0xff, 0xbd, 0x61, 0x20, 0xff, 0xbb, 0x5e, 0x1f, 0xff, 0xb5, 0x5a, 0x1e, 0xff, 
0xaf, 0x56, 0x1c, 0xff, 0xa9, 0x50, 0x1a, 0xff, 0xaf, 0x55, 0x1c, 0xff, 0xbc, 0x62, 0x20, 0xff, 
0xb8, 0x5a, 0x1d, 0xff, 0xaa, 0x50, 0x19, 0xff, 0x91, 0x40, 0x15, 0xff, 0x87, 0x3a, 0x12, 0xff, 
0x8d, 0x40, 0x14, 0xff, 0x9c, 0x4b, 0x19, 0xff, 0xa2, 0x50, 0x1a, 0xff, 0xa2, 0x4f, 0x1a, 0xff, 
0xa7, 0x51, 0x1a, 0xff, 0xaa, 0x53, 0x1a, 0xff, 0xae, 0x55, 0x1c, 0xff, 0xb1, 0x59, 0x1d, 0xff, 
0xac, 0x57, 0x1d, 0xff, 0xaa, 0x56, 0x1c, 0xff, 0xaa, 0x55, 0x1c, 0xff, 0xa7, 0x54, 0x1b, 0xff, 
0xa6, 0x54, 0x1c, 0xff, 0xa7, 0x56, 0x1c, 0xff, 0xad, 0x57, 0x1c, 0xff, 0xb5, 0x5b, 0x1e, 0xff, 
0xb9, 0x5f, 0x1f, 0xff, 0xbf, 0x65, 0x22, 0xff, 0xc6, 0x6c, 0x24, 0xff, 0xbe, 0x65, 0x22, 0xff, 
0xae, 0x55, 0x1c, 0xff, 0xa8, 0x50, 0x1a, 0xff, 0xab, 0x51, 0x1b, 0xff, 0xaa, 0x51, 0x1a, 0xff, 
0xa5, 0x4f, 0x19, 0xff, 0xa5, 0x4e, 0x19, 0xff, 0xa9, 0x50, 0x1a, 0xff, 0xa5, 0x4e, 0x19, 0xff, 
0x9b, 0x48, 0x18, 0xff, 0x9e, 0x4a, 0x18, 0xff, 0xa4, 0x4e, 0x19, 0xff, 0xa2, 0x4c, 0x19, 0xff, 
0xa1, 0x4c, 0x19, 0xff, 0xa8, 0x4f, 0x19, 0xff, 0xa9, 0x51, 0x1a, 0xff, 0xa9, 0x50, 0x1b, 0xff, 
0xab, 0x51, 0x1b, 0xff, 0xab, 0x51, 0x1b, 0xff, 0xac, 0x51, 0x1b, 0xff, 0xb0, 0x54, 0x1c, 0xff, 
0xa7, 0x4f, 0x1a, 0xff, 0xaa, 0x50, 0x1a, 0xff, 0xa5, 0x4e, 0x19, 0xff, 0x9e, 0x4a, 0x19, 0xff, 
0xa4, 0x4e, 0x19, 0xff, 0xaf, 0x56, 0x1c, 0xff, 0xac, 0x54, 0x1b, 0xff, 0xae, 0x55, 0x1c, 0xff, 
0xb6, 0x5d, 0x1f, 0xff, 0xb5, 0x5c, 0x1f, 0xff, 0xb0, 0x58, 0x1d, 0xff, 0xaa, 0x52, 0x1a, 0xff, 
0xa5, 0x4e, 0x19, 0xff, 0xa2, 0x4d, 0x1a, 0xff, 0xac, 0x53, 0x1b, 0xff, 0xbf, 0x64, 0x21, 0xff, 
0xbf, 0x64, 0x21, 0xff, 0xb3, 0x5a, 0x1d, 0xff, 0xb2, 0x56, 0x1b, 0xff, 0xbb, 0x5e, 0x1f, 0xff, 
0xc1, 0x65, 0x21, 0xff, 0xba, 0x5e, 0x1e, 0xff, 0xb5, 0x58, 0x1d, 0xff, 0xb4, 0x56, 0x1c, 0xff, 
0xb4, 0x56, 0x1b, 0xff, 0xbb, 0x5c, 0x1c, 0xff, 0xc8, 0x6a, 0x22, 0xff, 0xd3, 0x7d, 0x2b, 0xff, 
0xce, 0x75, 0x29, 0xff, 0xc9, 0x6c, 0x24, 0xff, 0xcf, 0x75, 0x28, 0xff, 0xd0, 0x76, 0x28, 0xff, 
0xc9, 0x6d, 0x24, 0xff, 0xc0, 0x65, 0x21, 0xff, 0xbf, 0x61, 0x1f, 0xff, 0xc3, 0x64, 0x21, 0xff, 
0xc9, 0x6e, 0x25, 0xff, 0xca, 0x70, 0x26, 0xff, 0xc4, 0x69, 0x23, 0xff, 0xc5, 0x6a, 0x23, 0xff, 
0xcd, 0x74, 0x29, 0xff, 0xce, 0x75, 0x28, 0xff, 0xc7, 0x6d, 0x24, 0xff, 0xc1, 0x66, 0x22, 0xff, 
0xc7, 0x6c, 0x24, 0xff, 0xca, 0x6e, 0x25, 0xff, 0xca, 0x6e, 0x25, 0xff, 0xc5, 0x66, 0x20, 0xff, 
0xc5, 0x66, 0x21, 0xff, 0xcc, 0x71, 0x26, 0xff, 0xcd, 0x73, 0x27, 0xff, 0xcc, 0x73, 0x27, 0xff, 
0xca, 0x6f, 0x25, 0xff, 0xc8, 0x6a, 0x23, 0xff, 0xbe, 0x62, 0x20, 0xff, 0xc1, 0x66, 0x22, 0xff, 
0xca, 0x6f, 0x25, 0xff, 0xc7, 0x6c, 0x24, 0xff, 0xcc, 0x72, 0x27, 0xff, 0xcd, 0x72, 0x27, 0xff, 
0xc6, 0x69, 0x23, 0xff, 0xc3, 0x68, 0x22, 0xff, 0xc3, 0x68, 0x23, 0xff, 0xcd, 0x74, 0x28, 0xff, 
0xc7, 0x6f, 0x26, 0xff, 0xc3, 0x69, 0x23, 0xff, 0xce, 0x77, 0x29, 0xff, 0xcd, 0x74, 0x28, 0xff, 
0xca, 0x74, 0x29, 0xff, 0xc1, 0x6c, 0x26, 0xff, 0xbe, 0x67, 0x23, 0xff, 0xc1, 0x69, 0x24, 0xff, 
0xcc, 0x78, 0x2a, 0xff, 0xd8, 0x86, 0x31, 0xff, 0xd8, 0x83, 0x2f, 0xff, 0xce, 0x74, 0x28, 0xff, 
0xca, 0x6e, 0x25, 0xff, 0xd4, 0x7c, 0x2b, 0xff, 0xd2, 0x78, 0x29, 0xff, 0xb6, 0x5b, 0x1d, 0xff, 
0x9d, 0x46, 0x16, 0xff, 0x9d, 0x46, 0x17, 0xff, 0xa6, 0x4d, 0x19, 0xff, 0xb1, 0x55, 0x1b, 0xff, 
0xb8, 0x5a, 0x1d, 0xff, 0xb7, 0x5a, 0x1d, 0xff, 0xb3, 0x59, 0x1c, 0xff, 0xb6, 0x59, 0x1d, 0xff, 
0xc0, 0x62, 0x1f, 0xff, 0xc4, 0x67, 0x22, 0xff, 0xc2, 0x65, 0x21, 0xff, 0xc7, 0x6a, 0x23, 0xff, 
0xce, 0x74, 0x27, 0xff, 0xcb, 0x71, 0x26, 0xff, 0xc5, 0x69, 0x23, 0xff, 0xc5, 0x69, 0x23, 0xff, 
0xc6, 0x6b, 0x23, 0xff, 0xc6, 0x6c, 0x24, 0xff, 0xc8, 0x6f, 0x25, 0xff, 0xcb, 0x75, 0x28, 0xff, 
0xcd, 0x79, 0x2b, 0xff, 0xcc, 0x74, 0x28, 0xff, 0xcb, 0x72, 0x26, 0xff, 0xc5, 0x69, 0x21, 0xff, 
0xc1, 0x64, 0x20, 0xff, 0xbc, 0x5d, 0x1d, 0xff, 0xb7, 0x56, 0x1b, 0xff, 0xbb, 0x5c, 0x1d, 0xff, 
0xc2, 0x65, 0x21, 0xff, 0xc3, 0x67, 0x22, 0xff, 0xc6, 0x69, 0x22, 0xff, 0xc5, 0x69, 0x22, 0xff, 
0xc1, 0x64, 0x21, 0xff, 0xc0, 0x65, 0x22, 0xff, 0xba, 0x61, 0x20, 0xff, 0xb8, 0x5e, 0x1f, 0xff, 
0xbd, 0x62, 0x21, 0xff, 0xba, 0x62, 0x21, 0xff, 0xbc, 0x63, 0x20, 0xff, 0xc2, 0x68, 0x23, 0xff, 
0xc5, 0x6c, 0x26, 0xff, 0xc0, 0x65, 0x21, 0xff, 0xae, 0x54, 0x1a, 0xff, 0xa2, 0x4b, 0x18, 0xff, 
0xa9, 0x53, 0x1b, 0xff, 0xb3, 0x59, 0x1e, 0xff, 0xa0, 0x4b, 0x19, 0xff, 0x9a, 0x48, 0x18, 0xff, 
0x9e, 0x4a, 0x18, 0xff, 0xa5, 0x4f, 0x1a, 0xff, 0xa7, 0x4e, 0x19, 0xff, 0xa4, 0x4b, 0x17, 0xff, 
0x9c, 0x43, 0x14, 0xff, 0x9c, 0x46, 0x16, 0xff, 0xbd, 0x65, 0x22, 0xff, 0xb3, 0x5a, 0x1e, 0xff, 
0xb3, 0x59, 0x1d, 0xff, 0xce, 0x76, 0x28, 0xff, 0xda, 0x84, 0x2e, 0xff, 0xd3, 0x7b, 0x2a, 0xff, 
0xc7, 0x6d, 0x24, 0xff, 0xc4, 0x68, 0x22, 0xff, 0xc1, 0x67, 0x22, 0xff, 0xcc, 0x72, 0x26, 0xff, 
0xcf, 0x75, 0x28, 0xff, 0xc6, 0x69, 0x23, 0xff, 0xcc, 0x74, 0x28, 0xff, 0xd5, 0x82, 0x2e, 0xff, 
0xd7, 0x84, 0x30, 0xff, 0xcf, 0x75, 0x28, 0xff, 0xc3, 0x63, 0x1f, 0xff, 0xbf, 0x60, 0x1e, 0xff, 
0xbd, 0x5f, 0x1e, 0xff, 0xc1, 0x64, 0x21, 0xff, 0xbf, 0x62, 0x20, 0xff, 0xb6, 0x59, 0x1c, 0xff, 
0xb0, 0x53, 0x1b, 0xff, 0xaa, 0x4e, 0x1a, 0xff, 0xa7, 0x4b, 0x17, 0xff, 0xa8, 0x4b, 0x17, 0xff, 
0xa8, 0x4c, 0x18, 0xff, 0xad, 0x4f, 0x19, 0xff, 0xbc, 0x5e, 0x1e, 0xff, 0xca, 0x71, 0x26, 0xff, 
0xcd, 0x77, 0x29, 0xff, 0xca, 0x70, 0x26, 0xff, 0xc1, 0x66, 0x22, 0xff, 0xba, 0x60, 0x20, 0xff, 
0xbb, 0x5f, 0x1f, 0xff, 0xbb, 0x5d, 0x1d, 0xff, 0xbe, 0x60, 0x1e, 0xff, 0xc7, 0x69, 0x22, 0xff, 
0xca, 0x6e, 0x25, 0xff, 0xc3, 0x65, 0x20, 0xff, 0xbe, 0x63, 0x20, 0xff, 0xbd, 0x63, 0x21, 0xff, 
0xbd, 0x61, 0x20, 0xff, 0xb9, 0x5f, 0x1e, 0xff, 0xb3, 0x57, 0x1c, 0xff, 0xbc, 0x5f, 0x1e, 0xff, 
0xcf, 0x75, 0x28, 0xff, 0xcc, 0x75, 0x29, 0xff, 0xc0, 0x66, 0x22, 0xff, 0xc3, 0x67, 0x22, 0xff, 
0xc3, 0x67, 0x22, 0xff, 0xcd, 0x75, 0x28, 0xff, 0xce, 0x75, 0x28, 0xff, 0xc2, 0x64, 0x1f, 0xff, 
0xc4, 0x66, 0x21, 0xff, 0xc7, 0x69, 0x22, 0xff, 0xcd, 0x74, 0x27, 0xff, 0xd0, 0x7c, 0x2c, 0xff, 
0xcf, 0x7b, 0x2c, 0xff, 0xcc, 0x74, 0x28, 0xff, 0xc0, 0x68, 0x23, 0xff, 0xb7, 0x5f, 0x20, 0xff, 
0xbc, 0x64, 0x22, 0xff, 0xc2, 0x6b, 0x25, 0xff, 0xbe, 0x63, 0x21, 0xff, 0xb4, 0x58, 0x1c, 0xff, 
0xa2, 0x4a, 0x17, 0xff, 0x9d, 0x48, 0x16, 0xff, 0xac, 0x55, 0x1c, 0xff, 0x9e, 0x4b, 0x18, 0xff, 
0x8f, 0x41, 0x15, 0xff, 0x9d, 0x48, 0x18, 0xff, 0xa5, 0x4e, 0x19, 0xff, 0x97, 0x44, 0x17, 0xff, 
0x97, 0x46, 0x17, 0xff, 0x9d, 0x4a, 0x18, 0xff, 0x9e, 0x4a, 0x18, 0xff, 0xaa, 0x51, 0x1a, 0xff, 
0x9d, 0x49, 0x18, 0xff, 0x8b, 0x3e, 0x14, 0xff, 0x8b, 0x40, 0x15, 0xff, 0xa3, 0x53, 0x1c, 0xff, 
0x99, 0x4b, 0x19, 0xff, 0x85, 0x39, 0x12, 0xff, 0x8c, 0x3e, 0x14, 0xff, 0x98, 0x45, 0x16, 0xff, 
0x98, 0x45, 0x16, 0xff, 0x94, 0x42, 0x16, 0xff, 0x9b, 0x47, 0x18, 0xff, 0x9d, 0x49, 0x18, 0xff, 
0xa0, 0x4c, 0x19, 0xff, 0xa5, 0x50, 0x1b, 0xff, 0xab, 0x55, 0x1c, 0xff, 0xba, 0x60, 0x20, 0xff, 
0xcc, 0x6e, 0x25, 0xff, 0xce, 0x70, 0x25, 0xff, 0xc7, 0x68, 0x22, 0xff, 0xc5, 0x67, 0x22, 0xff, 
0xbd, 0x61, 0x21, 0xff, 0xb9, 0x60, 0x1f, 0xff, 0xc0, 0x67, 0x22, 0xff, 0xbf, 0x65, 0x22, 0xff, 
0xb0, 0x55, 0x1b, 0xff, 0xa3, 0x4c, 0x18, 0xff, 0xa0, 0x4a, 0x18, 0xff, 0xa4, 0x4d, 0x19, 0xff, 
0xa1, 0x4b, 0x18, 0xff, 0x9f, 0x49, 0x18, 0xff, 0xa0, 0x4a, 0x18, 0xff, 0xa0, 0x4b, 0x18, 0xff, 
0x9c, 0x48, 0x18, 0xff, 0x9f, 0x4a, 0x18, 0xff, 0xa6, 0x4f, 0x1a, 0xff, 0xa5, 0x4e, 0x19, 0xff, 
0xa4, 0x4e, 0x19, 0xff, 0xaa, 0x51, 0x1a, 0xff, 0xa7, 0x4f, 0x19, 0xff, 0xa2, 0x4c, 0x18, 0xff, 
0xa3, 0x4c, 0x19, 0xff, 0xaa, 0x50, 0x1a, 0xff, 0xaf, 0x54, 0x1b, 0xff, 0xae, 0x54, 0x1c, 0xff, 
0xa9, 0x50, 0x1a, 0xff, 0xa9, 0x50, 0x1a, 0xff, 0xa5, 0x4f, 0x19, 0xff, 0x9a, 0x48, 0x18, 0xff, 
0x93, 0x42, 0x16, 0xff, 0xae, 0x54, 0x1b, 0xff, 0xc9, 0x70, 0x26, 0xff, 0xd4, 0x7e, 0x2d, 0xff, 
0xd4, 0x7f, 0x2d, 0xff, 0xd2, 0x7d, 0x2d, 0xff, 0xd9, 0x84, 0x2f, 0xff, 0xdc, 0x89, 0x30, 0xff, 
0xd4, 0x7f, 0x2d, 0xff, 0xc0, 0x67, 0x23, 0xff, 0xaf, 0x57, 0x1c, 0xff, 0xad, 0x56, 0x1c, 0xff, 
0xb1, 0x58, 0x1d, 0xff, 0xb4, 0x5a, 0x1d, 0xff, 0xb8, 0x5c, 0x1d, 0xff, 0xb7, 0x5c, 0x1e, 0xff, 
0xb4, 0x5a, 0x1e, 0xff, 0xba, 0x5c, 0x1e, 0xff, 0xbd, 0x60, 0x1f, 0xff, 0xbe, 0x60, 0x1f, 0xff, 
0xc2, 0x64, 0x20, 0xff, 0xca, 0x70, 0x25, 0xff, 0xd2, 0x7b, 0x2b, 0xff, 0xd4, 0x7f, 0x2d, 0xff, 
0xd6, 0x83, 0x2f, 0xff, 0xcd, 0x77, 0x29, 0xff, 0xb4, 0x5a, 0x1d, 0xff, 0xae, 0x54, 0x1c, 0xff, 
0xb8, 0x5a, 0x1d, 0xff, 0xc1, 0x63, 0x20, 0xff, 0xc6, 0x69, 0x23, 0xff, 0xc4, 0x68, 0x22, 0xff, 
0xc5, 0x68, 0x22, 0xff, 0xc6, 0x69, 0x23, 0xff, 0xc4, 0x67, 0x22, 0xff, 0xc1, 0x63, 0x20, 0xff, 
0xc2, 0x65, 0x21, 0xff, 0xc5, 0x69, 0x23, 0xff, 0xc6, 0x6a, 0x23, 0xff, 0xca, 0x70, 0x26, 0xff, 
0xc8, 0x6b, 0x24, 0xff, 0xc4, 0x67, 0x21, 0xff, 0xc4, 0x67, 0x22, 0xff, 0xc8, 0x6d, 0x25, 0xff, 
0xc4, 0x67, 0x22, 0xff, 0xcd, 0x71, 0x26, 0xff, 0xd1, 0x74, 0x27, 0xff, 0xc7, 0x68, 0x22, 0xff, 
0xc5, 0x67, 0x21, 0xff, 0xc4, 0x67, 0x22, 0xff, 0xc3, 0x66, 0x21, 0xff, 0xca, 0x6b, 0x23, 0xff, 
0xc7, 0x69, 0x23, 0xff, 0xc3, 0x64, 0x21, 0xff, 0xba, 0x5f, 0x1f, 0xff, 0xb7, 0x5c, 0x1e, 0xff, 
0xbc, 0x5f, 0x1f, 0xff, 0xbb, 0x60, 0x1f, 0xff, 0xb6, 0x59, 0x1d, 0xff, 0xb8, 0x5c, 0x1e, 0xff, 
0xc4, 0x68, 0x23, 0xff, 0xcc, 0x6f, 0x24, 0xff, 0xcc, 0x71, 0x26, 0xff, 0xc6, 0x6a, 0x23, 0xff, 
0xc8, 0x6d, 0x24, 0xff, 0xc4, 0x6a, 0x24, 0xff, 0xc2, 0x67, 0x23, 0xff, 0xca, 0x70, 0x26, 0xff, 
0xc2, 0x6a, 0x24, 0xff, 0xba, 0x61, 0x20, 0xff, 0xb5, 0x5e, 0x1f, 0xff, 0xb3, 0x5c, 0x1f, 0xff, 
0xb5, 0x5e, 0x1f, 0xff, 0xb3, 0x5c, 0x1f, 0xff, 0x9f, 0x4a, 0x18, 0xff, 0xa0, 0x49, 0x18, 0xff, 
0xb2, 0x58, 0x1d, 0xff, 0xb1, 0x57, 0x1d, 0xff, 0xb6, 0x5b, 0x1e, 0xff, 0xbf, 0x61, 0x1f, 0xff, 
0xc4, 0x65, 0x20, 0xff, 0xc1, 0x63, 0x20, 0xff, 0xc0, 0x61, 0x20, 0xff, 0xc2, 0x63, 0x20, 0xff, 
0xc3, 0x66, 0x20, 0xff, 0xc2, 0x64, 0x20, 0xff, 0xc4, 0x67, 0x22, 0xff, 0xc8, 0x6c, 0x23, 0xff, 
0xcb, 0x70, 0x25, 0xff, 0xc8, 0x6d, 0x24, 0xff, 0xca, 0x71, 0x26, 0xff, 0xd1, 0x79, 0x2a, 0xff, 
0xc5, 0x6b, 0x23, 0xff, 0xb6, 0x5a, 0x1c, 0xff, 0xb6, 0x59, 0x1c, 0xff, 0xba, 0x5d, 0x1e, 0xff, 
0xb9, 0x5f, 0x1f, 0xff, 0xc1, 0x66, 0x23, 0xff, 0xc8, 0x70, 0x27, 0xff, 0xce, 0x79, 0x2b, 0xff, 
0xcf, 0x79, 0x2a, 0xff, 0xcb, 0x73, 0x28, 0xff, 0xca, 0x71, 0x27, 0xff, 0xc6, 0x6d, 0x25, 0xff, 
0xc4, 0x6b, 0x25, 0xff, 0xc7, 0x6d, 0x25, 0xff, 0xc7, 0x6b, 0x23, 0xff, 0xc2, 0x67, 0x22, 0xff, 
0xbf, 0x63, 0x21, 0xff, 0xbc, 0x62, 0x21, 0xff, 0xbc, 0x61, 0x20, 0xff, 0xc0, 0x64, 0x22, 0xff, 
0xc0, 0x64, 0x21, 0xff, 0xc0, 0x63, 0x21, 0xff, 0xc4, 0x69, 0x23, 0xff, 0xbf, 0x65, 0x21, 0xff, 
0xc5, 0x6a, 0x24, 0xff, 0xd3, 0x7f, 0x2d, 0xff, 0xd4, 0x83, 0x30, 0xff, 0xd1, 0x7f, 0x2e, 0xff, 
0xcb, 0x74, 0x27, 0xff, 0xc3, 0x68, 0x22, 0xff, 0xbd, 0x64, 0x21, 0xff, 0xbf, 0x65, 0x22, 0xff, 
0xbe, 0x66, 0x22, 0xff, 0xbd, 0x64, 0x21, 0xff, 0xb8, 0x5e, 0x1e, 0xff, 0xb3, 0x5a, 0x1e, 0xff, 
0xae, 0x56, 0x1d, 0xff, 0xa7, 0x4f, 0x1a, 0xff, 0xab, 0x50, 0x1a, 0xff, 0xb6, 0x5c, 0x1e, 0xff, 
0xc0, 0x66, 0x22, 0xff, 0xc5, 0x6e, 0x25, 0xff, 0xca, 0x72, 0x27, 0xff, 0xcb, 0x70, 0x25, 0xff, 
0xc8, 0x6c, 0x24, 0xff, 0xc3, 0x67, 0x22, 0xff, 0xc5, 0x68, 0x22, 0xff, 0xcc, 0x72, 0x26, 0xff, 
0xcf, 0x76, 0x28, 0xff, 0xd0, 0x76, 0x28, 0xff, 0xd1, 0x7a, 0x2b, 0xff, 0xd2, 0x7f, 0x2d, 0xff, 
0xd0, 0x7c, 0x2c, 0xff, 0xc6, 0x6c, 0x24, 0xff, 0xc0, 0x63, 0x20, 0xff, 0xbf, 0x63, 0x20, 0xff, 
0xbc, 0x5f, 0x1e, 0xff, 0xb7, 0x59, 0x1c, 0xff, 0xb3, 0x56, 0x1c, 0xff, 0xac, 0x52, 0x1a, 0xff, 
0xaf, 0x54, 0x1b, 0xff, 0xbb, 0x5d, 0x1e, 0xff, 0xc1, 0x65, 0x21, 0xff, 0xc2, 0x66, 0x22, 0xff, 
0xc7, 0x6f, 0x26, 0xff, 0xcc, 0x79, 0x2b, 0xff, 0xc7, 0x70, 0x27, 0xff, 0xbc, 0x5f, 0x1f, 0xff, 
0xb1, 0x53, 0x1a, 0xff, 0xaa, 0x50, 0x1a, 0xff, 0xab, 0x54, 0x1b, 0xff, 0xb8, 0x5d, 0x1e, 0xff, 
0xc4, 0x67, 0x22, 0xff, 0xc9, 0x6c, 0x24, 0xff, 0xc8, 0x6d, 0x25, 0xff, 0xc0, 0x63, 0x21, 0xff, 
0xbe, 0x60, 0x1f, 0xff, 0xc4, 0x67, 0x22, 0xff, 0xc9, 0x6d, 0x25, 0xff, 0xc7, 0x6b, 0x24, 0xff, 
0xbe, 0x62, 0x20, 0xff, 0xb5, 0x5a, 0x1d, 0xff, 0xb1, 0x58, 0x1d, 0xff, 0xb5, 0x5b, 0x1d, 0xff, 
0xc2, 0x68, 0x23, 0xff, 0xd4, 0x7d, 0x2b, 0xff, 0xd7, 0x82, 0x2d, 0xff, 0xcd, 0x74, 0x27, 0xff, 
0xc9, 0x6f, 0x25, 0xff, 0xd5, 0x81, 0x2f, 0xff, 0xd9, 0x85, 0x30, 0xff, 0xcc, 0x70, 0x27, 0xff, 
0xcb, 0x6f, 0x25, 0xff, 0xc6, 0x69, 0x22, 0xff, 0xc2, 0x63, 0x20, 0xff, 0xcc, 0x71, 0x26, 0xff, 
0xd9, 0x8b, 0x33, 0xff, 0xd9, 0x8d, 0x35, 0xff, 0xcc, 0x76, 0x29, 0xff, 0xbd, 0x5f, 0x1e, 0xff, 
0xb5, 0x58, 0x1c, 0xff, 0xb8, 0x61, 0x21, 0xff, 0xb5, 0x5a, 0x1e, 0xff, 0xac, 0x52, 0x1b, 0xff, 
0xac, 0x56, 0x1d, 0xff, 0xae, 0x5a, 0x1e, 0xff, 0xa6, 0x50, 0x1a, 0xff, 0x9e, 0x48, 0x17, 0xff, 
0x9c, 0x49, 0x17, 0xff, 0x9f, 0x4a, 0x18, 0xff, 0xa8, 0x4e, 0x1a, 0xff, 0xa8, 0x50, 0x1a, 0xff, 
0x9c, 0x47, 0x17, 0xff, 0x9b, 0x46, 0x17, 0xff, 0x97, 0x45, 0x16, 0xff, 0x92, 0x42, 0x16, 0xff, 
0xa9, 0x52, 0x1b, 0xff, 0xa4, 0x4d, 0x1a, 0xff, 0xa6, 0x4f, 0x19, 0xff, 0xb2, 0x58, 0x1d, 0xff, 
0xaf, 0x56, 0x1c, 0xff, 0xad, 0x55, 0x1c, 0xff, 0xaf, 0x57, 0x1d, 0xff, 0xaa, 0x51, 0x1b, 0xff, 
0xa7, 0x4f, 0x1a, 0xff, 0xa1, 0x4c, 0x18, 0xff, 0x9e, 0x49, 0x17, 0xff, 0xa3, 0x4b, 0x19, 0xff, 
0xa2, 0x4b, 0x18, 0xff, 0xa2, 0x4b, 0x19, 0xff, 0xa9, 0x4f, 0x1a, 0xff, 0xad, 0x51, 0x19, 0xff, 
0xac, 0x50, 0x19, 0xff, 0xaa, 0x4f, 0x1a, 0xff, 0xab, 0x51, 0x1a, 0xff, 0xad, 0x54, 0x1b, 0xff, 
0xad, 0x53, 0x1b, 0xff, 0xb8, 0x5d, 0x1e, 0xff, 0xbb, 0x60, 0x1f, 0xff, 0xb9, 0x5e, 0x1f, 0xff, 
0xb1, 0x57, 0x1c, 0xff, 0xb1, 0x58, 0x1d, 0xff, 0xa9, 0x53, 0x1b, 0xff, 0xa1, 0x4a, 0x17, 0xff, 
0xa7, 0x4e, 0x1a, 0xff, 0xa9, 0x51, 0x1a, 0xff, 0xab, 0x52, 0x1b, 0xff, 0xae, 0x54, 0x1b, 0xff, 
0xb1, 0x56, 0x1c, 0xff, 0xb0, 0x55, 0x1c, 0xff, 0xaf, 0x54, 0x1c, 0xff, 0xae, 0x53, 0x1b, 0xff, 
0xab, 0x52, 0x1a, 0xff, 0xb0, 0x55, 0x1c, 0xff, 0xb7, 0x5b, 0x1e, 0xff, 0xb3, 0x59, 0x1d, 0xff, 
0xb2, 0x57, 0x1c, 0xff, 0xb2, 0x56, 0x1c, 0xff, 0xb8, 0x5c, 0x1f, 0xff, 0xb5, 0x5a, 0x1d, 0xff, 
0xb1, 0x56, 0x1c, 0xff, 0xb0, 0x56, 0x1c, 0xff, 0xb0, 0x56, 0x1c, 0xff, 0xae, 0x54, 0x1b, 0xff, 
0xac, 0x53, 0x1b, 0xff, 0xb4, 0x5b, 0x1e, 0xff, 0xc2, 0x65, 0x22, 0xff, 0xbe, 0x63, 0x21, 0xff, 
0xbd, 0x62, 0x20, 0xff, 0xbd, 0x64, 0x22, 0xff, 0xb6, 0x61, 0x22, 0xff, 0xb0, 0x5f, 0x21, 0xff, 
0xab, 0x57, 0x1d, 0xff, 0xa3, 0x4c, 0x18, 0xff, 0xa2, 0x4c, 0x18, 0xff, 0xa6, 0x4e, 0x19, 0xff, 
0xab, 0x50, 0x1a, 0xff, 0xaa, 0x50, 0x1a, 0xff, 0xaa, 0x51, 0x1a, 0xff, 0xaa, 0x4f, 0x19, 0xff, 
0xaa, 0x4c, 0x18, 0xff, 0xb2, 0x51, 0x19, 0xff, 0xc1, 0x63, 0x20, 0xff, 0xd2, 0x79, 0x29, 0xff, 
0xd7, 0x81, 0x2f, 0xff, 0xd7, 0x86, 0x30, 0xff, 0xd6, 0x85, 0x30, 0xff, 0xd4, 0x81, 0x2e, 0xff, 
0xd6, 0x85, 0x30, 0xff, 0xd1, 0x7e, 0x2c, 0xff, 0xb6, 0x5b, 0x1d, 0xff, 0xad, 0x51, 0x19, 0xff, 
0xbc, 0x5f, 0x1f, 0xff, 0xc6, 0x6b, 0x24, 0xff, 0xc9, 0x6e, 0x25, 0xff, 0xc6, 0x69, 0x23, 0xff, 
0xc3, 0x66, 0x21, 0xff, 0xc3, 0x66, 0x21, 0xff, 0xcc, 0x71, 0x26, 0xff, 0xce, 0x73, 0x27, 0xff, 
0xc4, 0x68, 0x22, 0xff, 0xc5, 0x68, 0x22, 0xff, 0xc8, 0x6b, 0x24, 0xff, 0xc7, 0x6b, 0x24, 0xff, 
0xca, 0x6e, 0x25, 0xff, 0xc7, 0x6b, 0x24, 0xff, 0xc0, 0x65, 0x21, 0xff, 0xc1, 0x66, 0x21, 0xff, 
0xb9, 0x5d, 0x1e, 0xff, 0xaa, 0x53, 0x1b, 0xff, 0xaf, 0x59, 0x1e, 0xff, 0xaf, 0x57, 0x1c, 0xff, 
0xa7, 0x4f, 0x19, 0xff, 0xa9, 0x51, 0x1a, 0xff, 0xb0, 0x58, 0x1c, 0xff, 0xad, 0x55, 0x1b, 0xff, 
0xa9, 0x51, 0x1a, 0xff, 0xab, 0x55, 0x1b, 0xff, 0xa6, 0x50, 0x1a, 0xff, 0xa0, 0x4a, 0x17, 0xff, 
0xa3, 0x4c, 0x19, 0xff, 0xa9, 0x52, 0x1b, 0xff, 0xaa, 0x53, 0x1b, 0xff, 0xa9, 0x51, 0x1a, 0xff, 
0xa5, 0x4d, 0x19, 0xff, 0xa1, 0x4a, 0x18, 0xff, 0xa1, 0x4b, 0x19, 0xff, 0xaa, 0x53, 0x1b, 0xff, 
0xac, 0x55, 0x1b, 0xff, 0xa4, 0x51, 0x1a, 0xff, 0x9e, 0x4b, 0x18, 0xff, 0x9a, 0x47, 0x16, 0xff, 
0x8e, 0x3e, 0x13, 0xff, 0x87, 0x39, 0x12, 0xff, 0x8a, 0x3b, 0x12, 0xff, 0x92, 0x3f, 0x14, 0xff, 
0x97, 0x44, 0x15, 0xff, 0x9b, 0x46, 0x17, 0xff, 0xa1, 0x4d, 0x1a, 0xff, 0xab, 0x54, 0x1b, 0xff, 
0xb1, 0x5a, 0x1e, 0xff, 0xb0, 0x59, 0x1e, 0xff, 0xac, 0x55, 0x1b, 0xff, 0xae, 0x54, 0x1b, 0xff, 
0xb5, 0x5a, 0x1e, 0xff, 0xb9, 0x5d, 0x1e, 0xff, 0xba, 0x5d, 0x1d, 0xff, 0xba, 0x5f, 0x1f, 0xff, 
0xb9, 0x5c, 0x1e, 0xff, 0xbc, 0x5f, 0x1e, 0xff, 0xc2, 0x67, 0x22, 0xff, 0xc4, 0x6a, 0x23, 0xff, 
0xc9, 0x6f, 0x25, 0xff, 0xcd, 0x73, 0x27, 0xff, 0xcb, 0x6f, 0x26, 0xff, 0xc6, 0x6b, 0x24, 0xff, 
0xc5, 0x69, 0x23, 0xff, 0xc6, 0x6a, 0x22, 0xff, 0xc3, 0x66, 0x21, 0xff, 0xc5, 0x69, 0x23, 0xff, 
0xc9, 0x6e, 0x24, 0xff, 0xc9, 0x6e, 0x25, 0xff, 0xc5, 0x69, 0x23, 0xff, 0xc2, 0x64, 0x21, 0xff, 
0xbe, 0x60, 0x1e, 0xff, 0xba, 0x5c, 0x1d, 0xff, 0xb7, 0x5b, 0x1d, 0xff, 0xad, 0x53, 0x1b, 0xff, 
0xa0, 0x4b, 0x18, 0xff, 0xa0, 0x4c, 0x19, 0xff, 0x9f, 0x4c, 0x19, 0xff, 0x96, 0x46, 0x17, 0xff, 
0x8f, 0x43, 0x15, 0xff, 0x8d, 0x41, 0x15, 0xff, 0x8c, 0x41, 0x16, 0xff, 0x89, 0x42, 0x16, 0xff, 
0x8e, 0x44, 0x17, 0xff, 0x9d, 0x4c, 0x18, 0xff, 0xaf, 0x58, 0x1d, 0xff, 0xb9, 0x5e, 0x1f, 0xff, 
0xc8, 0x6d, 0x25, 0xff, 0xd7, 0x82, 0x2e, 0xff, 0xd5, 0x7f, 0x2d, 0xff, 0xcc, 0x72, 0x27, 0xff, 
0xcc, 0x70, 0x26, 0xff, 0xca, 0x6e, 0x25, 0xff, 0xce, 0x73, 0x26, 0xff, 0xd0, 0x72, 0x26, 0xff, 
0xce, 0x72, 0x26, 0xff, 0xd3, 0x7c, 0x2b, 0xff, 0xd5, 0x7e, 0x2c, 0xff, 0xde, 0x87, 0x30, 0xff, 
0xe4, 0x91, 0x35, 0xff, 0xd7, 0x7e, 0x2b, 0xff, 0xbd, 0x5e, 0x1e, 0xff, 0xa5, 0x4d, 0x19, 0xff, 
0x9f, 0x49, 0x17, 0xff, 0x9d, 0x46, 0x16, 0xff, 0x9c, 0x45, 0x16, 0xff, 0xa7, 0x4f, 0x19, 0xff, 
0xb3, 0x59, 0x1d, 0xff, 0xb8, 0x5e, 0x1f, 0xff, 0xb6, 0x5e, 0x1f, 0xff, 0xb4, 0x5d, 0x20, 0xff, 
0xb6, 0x5f, 0x21, 0xff, 0xb3, 0x5e, 0x1f, 0xff, 0xad, 0x55, 0x1c, 0xff, 0xa3, 0x4b, 0x19, 0xff, 
0xa0, 0x47, 0x16, 0xff, 0xaa, 0x4f, 0x19, 0xff, 0xb9, 0x5c, 0x1d, 0xff, 0xbe, 0x60, 0x1f, 0xff, 
0xc4, 0x67, 0x22, 0xff, 0xcc, 0x73, 0x27, 0xff, 0xc6, 0x6b, 0x23, 0xff, 0xb6, 0x5b, 0x1d, 0xff, 
0xb8, 0x5c, 0x1e, 0xff, 0xc2, 0x65, 0x21, 0xff, 0xcb, 0x73, 0x27, 0xff, 0xd6, 0x84, 0x2f, 0xff, 
0xd7, 0x88, 0x31, 0xff, 0xdb, 0x8c, 0x33, 0xff, 0xd8, 0x88, 0x32, 0xff, 0xcc, 0x74, 0x28, 0xff, 
0xc2, 0x68, 0x23, 0xff, 0xbb, 0x62, 0x21, 0xff, 0xb3, 0x58, 0x1d, 0xff, 0xb7, 0x5a, 0x1d, 0xff, 
0xc1, 0x63, 0x20, 0xff, 0xc7, 0x6c, 0x24, 0xff, 0xcb, 0x72, 0x27, 0xff, 0xc9, 0x70, 0x25, 0xff, 
0xca, 0x6f, 0x25, 0xff, 0xc9, 0x6d, 0x24, 0xff, 0xc4, 0x69, 0x22, 0xff, 0xc3, 0x67, 0x21, 0xff, 
0xc2, 0x67, 0x22, 0xff, 0xc0, 0x64, 0x21, 0xff, 0xc2, 0x63, 0x20, 0xff, 0xc7, 0x6a, 0x23, 0xff, 
0xc4, 0x69, 0x23, 0xff, 0xc7, 0x6d, 0x25, 0xff, 0xcb, 0x74, 0x27, 0xff, 0xcb, 0x71, 0x26, 0xff, 
0xce, 0x75, 0x28, 0xff, 0xd6, 0x84, 0x2f, 0xff, 0xe0, 0x93, 0x38, 0xff, 0xdb, 0x89, 0x33, 0xff, 
0xd3, 0x7a, 0x2a, 0xff, 0xcb, 0x70, 0x25, 0xff, 0xc2, 0x64, 0x20, 0xff, 0xcc, 0x73, 0x27, 0xff, 
0xe3, 0x9c, 0x3d, 0xff, 0xe2, 0x9d, 0x3e, 0xff, 0xd1, 0x7a, 0x2a, 0xff, 0xd0, 0x76, 0x28, 0xff, 
0xc7, 0x6a, 0x23, 0xff, 0xbe, 0x61, 0x20, 0xff, 0xc6, 0x70, 0x27, 0xff, 0xcc, 0x75, 0x28, 0xff, 
0xcd, 0x73, 0x28, 0xff, 0xd0, 0x78, 0x29, 0xff, 0xd0, 0x79, 0x2a, 0xff, 0xcc, 0x6e, 0x25, 0xff, 
0xc6, 0x63, 0x1f, 0xff, 0xc3, 0x63, 0x20, 0xff, 0xc3, 0x65, 0x22, 0xff, 0xc5, 0x67, 0x21, 0xff, 
0xb9, 0x5e, 0x1e, 0xff, 0xa9, 0x51, 0x1a, 0xff, 0xb1, 0x56, 0x1c, 0xff, 0xb2, 0x58, 0x1d, 0xff, 
0xb8, 0x5c, 0x1f, 0xff, 0xb2, 0x56, 0x1c, 0xff, 0xaf, 0x53, 0x1b, 0xff, 0xa9, 0x4f, 0x1a, 0xff, 
0xaf, 0x54, 0x1b, 0xff, 0xbe, 0x61, 0x1f, 0xff, 0xbe, 0x62, 0x20, 0xff, 0xb2, 0x57, 0x1c, 0xff, 
0xad, 0x53, 0x1b, 0xff, 0xab, 0x53, 0x1b, 0xff, 0xb0, 0x56, 0x1c, 0xff, 0xb5, 0x5a, 0x1d, 0xff, 
0xbb, 0x5e, 0x1f, 0xff, 0xc0, 0x61, 0x20, 0xff, 0xc3, 0x64, 0x20, 0xff, 0xc0, 0x61, 0x20, 0xff, 
0xb7, 0x5b, 0x1e, 0xff, 0xb2, 0x57, 0x1c, 0xff, 0xb0, 0x55, 0x1b, 0xff, 0xae, 0x55, 0x1b, 0xff, 
0xb2, 0x58, 0x1c, 0xff, 0xbc, 0x5f, 0x1e, 0xff, 0xba, 0x5e, 0x1e, 0xff, 0xb9, 0x5d, 0x1f, 0xff, 
0xba, 0x5e, 0x1e, 0xff, 0xbd, 0x60, 0x1f, 0xff, 0xc3, 0x65, 0x22, 0xff, 0xb6, 0x5a, 0x1d, 0xff, 
0xb2, 0x57, 0x1d, 0xff, 0xb1, 0x56, 0x1b, 0xff, 0xb0, 0x55, 0x1b, 0xff, 0xb4, 0x58, 0x1d, 0xff, 
0xb3, 0x58, 0x1c, 0xff, 0xb1, 0x55, 0x1c, 0xff, 0xb3, 0x56, 0x1c, 0xff, 0xb1, 0x56, 0x1c, 0xff, 
0xaa, 0x51, 0x1a, 0xff, 0xa8, 0x50, 0x1a, 0xff, 0xb0, 0x56, 0x1c, 0xff, 0xae, 0x55, 0x1b, 0xff, 
0xb4, 0x58, 0x1d, 0xff, 0xba, 0x5d, 0x1e, 0xff, 0xbb, 0x5e, 0x1f, 0xff, 0xc0, 0x63, 0x20, 0xff, 
0xba, 0x5d, 0x1e, 0xff, 0xb4, 0x58, 0x1d, 0xff, 0xb3, 0x59, 0x1e, 0xff, 0xb2, 0x57, 0x1c, 0xff, 
0xb6, 0x5a, 0x1d, 0xff, 0xba, 0x5d, 0x1e, 0xff, 0xb6, 0x59, 0x1d, 0xff, 0xb5, 0x57, 0x1b, 0xff, 
0xb9, 0x5c, 0x1d, 0xff, 0xba, 0x5e, 0x1f, 0xff, 0xb6, 0x5b, 0x1d, 0xff, 0xb7, 0x5c, 0x1e, 0xff, 
0xb9, 0x5f, 0x1f, 0xff, 0xbd, 0x64, 0x22, 0xff, 0xc4, 0x6b, 0x24, 0xff, 0xc3, 0x6a, 0x23, 0xff, 
0xb9, 0x5f, 0x20, 0xff, 0xb0, 0x57, 0x1d, 0xff, 0xb3, 0x57, 0x1d, 0xff, 0xbd, 0x5f, 0x1f, 0xff, 
0xc4, 0x69, 0x23, 0xff, 0xc8, 0x71, 0x27, 0xff, 0xd0, 0x7c, 0x2c, 0xff, 0xd8, 0x88, 0x32, 0xff, 
0xd9, 0x8b, 0x34, 0xff, 0xd5, 0x84, 0x2f, 0xff, 0xd1, 0x7e, 0x2c, 0xff, 0xd1, 0x7e, 0x2e, 0xff, 
0xd6, 0x86, 0x32, 0xff, 0xd9, 0x8c, 0x34, 0xff, 0xd4, 0x80, 0x2e, 0xff, 0xcc, 0x73, 0x28, 0xff, 
0xc7, 0x6f, 0x26, 0xff, 0xc5, 0x6b, 0x24, 0xff, 0xbe, 0x62, 0x1f, 0xff, 0xbb, 0x5e, 0x1f, 0xff, 
0xbb, 0x5e, 0x1f, 0xff, 0xbe, 0x60, 0x1f, 0xff, 0xc4, 0x69, 0x23, 0xff, 0xc6, 0x6d, 0x25, 0xff, 
0xc5, 0x6b, 0x24, 0xff, 0xc9, 0x70, 0x26, 0xff, 0xcd, 0x76, 0x29, 0xff, 0xcc, 0x74, 0x29, 0xff, 
0xcb, 0x73, 0x28, 0xff, 0xc7, 0x6d, 0x25, 0xff, 0xc9, 0x6f, 0x25, 0xff, 0xcb, 0x70, 0x25, 0xff, 
0xc1, 0x65, 0x21, 0xff, 0xa9, 0x51, 0x1a, 0xff, 0x9e, 0x49, 0x17, 0xff, 0x9d, 0x4a, 0x18, 0xff, 
0x9d, 0x4a, 0x18, 0xff, 0x9e, 0x4a, 0x17, 0xff, 0x9c, 0x4a, 0x18, 0xff, 0x9a, 0x47, 0x18, 0xff, 
0x98, 0x45, 0x16, 0xff, 0x96, 0x46, 0x16, 0xff, 0x9b, 0x49, 0x17, 0xff, 0x9c, 0x49, 0x17, 0xff, 
0x98, 0x46, 0x17, 0xff, 0x90, 0x41, 0x14, 0xff, 0x88, 0x3d, 0x13, 0xff, 0x98, 0x46, 0x17, 0xff, 
0xa2, 0x4d, 0x1a, 0xff, 0x9d, 0x4b, 0x19, 0xff, 0x95, 0x46, 0x16, 0xff, 0x94, 0x44, 0x16, 0xff, 
0x91, 0x40, 0x15, 0xff, 0x86, 0x39, 0x12, 0xff, 0x82, 0x37, 0x12, 0xff, 0x8a, 0x3b, 0x13, 0xff, 
0xa6, 0x52, 0x1b, 0xff, 0xbd, 0x6a, 0x25, 0xff, 0xc4, 0x6f, 0x27, 0xff, 0xc2, 0x68, 0x23, 0xff, 
0xbd, 0x62, 0x21, 0xff, 0xbb, 0x60, 0x20, 0xff, 0xbd, 0x62, 0x21, 0xff, 0xac, 0x53, 0x1a, 0xff, 
0x9d, 0x48, 0x17, 0xff, 0x9c, 0x48, 0x18, 0xff, 0x9a, 0x49, 0x17, 0xff, 0x96, 0x45, 0x16, 0xff, 
0x94, 0x43, 0x15, 0xff, 0xa0, 0x4d, 0x19, 0xff, 0xad, 0x58, 0x1d, 0xff, 0xb1, 0x5a, 0x1e, 0xff, 
0xb2, 0x5c, 0x1f, 0xff, 0xb8, 0x61, 0x21, 0xff, 0xbd, 0x65, 0x22, 0xff, 0xbe, 0x67, 0x23, 0xff, 
0xbc, 0x64, 0x22, 0xff, 0xbd, 0x64, 0x22, 0xff, 0xbc, 0x62, 0x21, 0xff, 0xb4, 0x5b, 0x1e, 0xff, 
0xb6, 0x5c, 0x1e, 0xff, 0xba, 0x5e, 0x1f, 0xff, 0xbe, 0x62, 0x21, 0xff, 0xc0, 0x64, 0x21, 0xff, 
0xc3, 0x67, 0x22, 0xff, 0xc5, 0x6a, 0x23, 0xff, 0xc2, 0x67, 0x22, 0xff, 0xbb, 0x5d, 0x1e, 0xff, 
0xb4, 0x58, 0x1c, 0xff, 0xb3, 0x58, 0x1c, 0xff, 0xb3, 0x57, 0x1c, 0xff, 0xad, 0x54, 0x1b, 0xff, 
0xaa, 0x53, 0x1c, 0xff, 0xa3, 0x4d, 0x1a, 0xff, 0x95, 0x45, 0x17, 0xff, 0x89, 0x3e, 0x14, 0xff, 
0x7b, 0x37, 0x11, 0xff, 0x6d, 0x31, 0x10, 0xff, 0x67, 0x2f, 0x0f, 0xff, 0x68, 0x2e, 0x0f, 0xff, 
0x6b, 0x2f, 0x0f, 0xff, 0x74, 0x34, 0x10, 0xff, 0x80, 0x39, 0x12, 0xff, 0x8d, 0x3f, 0x15, 0xff, 
0x99, 0x48, 0x18, 0xff, 0xa1, 0x4c, 0x19, 0xff, 0xa7, 0x4f, 0x19, 0xff, 0xaf, 0x56, 0x1c, 0xff, 
0xb1, 0x5a, 0x1d, 0xff, 0xaf, 0x59, 0x1d, 0xff, 0xae, 0x58, 0x1e, 0xff, 0xb1, 0x5b, 0x1e, 0xff, 
0xb9, 0x5f, 0x20, 0xff, 0xc4, 0x6c, 0x25, 0xff, 0xc1, 0x6a, 0x24, 0xff, 0xb6, 0x5f, 0x20, 0xff, 
0xb0, 0x5b, 0x1f, 0xff, 0xab, 0x56, 0x1c, 0xff, 0xa1, 0x4d, 0x19, 0xff, 0x9a, 0x47, 0x17, 0xff, 
0x9f, 0x4c, 0x19, 0xff, 0xa5, 0x51, 0x1b, 0xff, 0xab, 0x56, 0x1d, 0xff, 0x9e, 0x4c, 0x19, 0xff, 
0x91, 0x3f, 0x14, 0xff, 0x93, 0x40, 0x15, 0xff, 0x9c, 0x46, 0x17, 0xff, 0x9d, 0x46, 0x17, 0xff, 
0x96, 0x40, 0x16, 0xff, 0x99, 0x43, 0x16, 0xff, 0x9f, 0x48, 0x17, 0xff, 0xa4, 0x4c, 0x19, 0xff, 
0xa6, 0x4d, 0x19, 0xff, 0xa8, 0x4f, 0x19, 0xff, 0xac, 0x52, 0x1a, 0xff, 0xad, 0x52, 0x1b, 0xff, 
0xb1, 0x57, 0x1d, 0xff, 0xb8, 0x5e, 0x20, 0xff, 0xbb, 0x60, 0x20, 0xff, 0xc1, 0x64, 0x21, 0xff, 
0xc2, 0x66, 0x22, 0xff, 0xc7, 0x6d, 0x26, 0xff, 0xcd, 0x73, 0x28, 0xff, 0xc6, 0x6d, 0x24, 0xff, 
0xc8, 0x6f, 0x26, 0xff, 0xcf, 0x78, 0x2a, 0xff, 0xd3, 0x7e, 0x2c, 0xff, 0xd0, 0x7c, 0x2b, 0xff, 
0xd4, 0x80, 0x2e, 0xff, 0xd8, 0x85, 0x30, 0xff, 0xd6, 0x81, 0x2d, 0xff, 0xcd, 0x73, 0x27, 0xff, 
0xc6, 0x6b, 0x24, 0xff, 0xc2, 0x66, 0x20, 0xff, 0xc9, 0x6d, 0x24, 0xff, 0xce, 0x76, 0x28, 0xff, 
0xd0, 0x7a, 0x29, 0xff, 0xd0, 0x79, 0x2a, 0xff, 0xcf, 0x79, 0x2a, 0xff, 0xcf, 0x78, 0x2a, 0xff, 
0xcc, 0x74, 0x28, 0xff, 0xca, 0x74, 0x28, 0xff, 0xca, 0x72, 0x27, 0xff, 0xc2, 0x65, 0x20, 0xff, 
0xc6, 0x6b, 0x24, 0xff, 0xc7, 0x6e, 0x26, 0xff, 0xbd, 0x5f, 0x1f, 0xff, 0xb7, 0x5a, 0x1d, 0xff, 
0xb5, 0x59, 0x1c, 0xff, 0xb7, 0x5d, 0x1e, 0xff, 0xc6, 0x70, 0x27, 0xff, 0xd0, 0x79, 0x2b, 0xff, 
0xc8, 0x6c, 0x25, 0xff, 0xd1, 0x7b, 0x2b, 0xff, 0xde, 0x8f, 0x35, 0xff, 0xd5, 0x86, 0x30, 0xff, 
0xd2, 0x84, 0x30, 0xff, 0xd0, 0x7e, 0x2d, 0xff, 0xce, 0x77, 0x29, 0xff, 0xcd, 0x77, 0x2a, 0xff, 
0xcb, 0x75, 0x29, 0xff, 0xc9, 0x73, 0x27, 0xff, 0xcc, 0x77, 0x2a, 0xff, 0xc5, 0x6d, 0x26, 0xff, 
0xc2, 0x69, 0x24, 0xff, 0xcb, 0x73, 0x27, 0xff, 0xd8, 0x88, 0x32, 0xff, 0xe1, 0x96, 0x39, 0xff, 
0xd6, 0x80, 0x2e, 0xff, 0xcc, 0x6f, 0x25, 0xff, 0xcd, 0x72, 0x26, 0xff, 0xcc, 0x70, 0x26, 0xff, 
0xcc, 0x6f, 0x25, 0xff, 0xc7, 0x69, 0x23, 0xff, 0xbe, 0x5f, 0x1f, 0xff, 0xb8, 0x5c, 0x1e, 0xff, 
0xb1, 0x56, 0x1c, 0xff, 0xb0, 0x55, 0x1b, 0xff, 0xb0, 0x54, 0x1c, 0xff, 0xae, 0x52, 0x1a, 0xff, 
0xb1, 0x56, 0x1c, 0xff, 0xb4, 0x58, 0x1d, 0xff, 0xaf, 0x55, 0x1a, 0xff, 0xb1, 0x56, 0x1c, 0xff, 
0xb2, 0x57, 0x1c, 0xff, 0xb2, 0x57, 0x1d, 0xff, 0xb8, 0x5a, 0x1e, 0xff, 0xbe, 0x5f, 0x1e, 0xff, 
0xc1, 0x63, 0x20, 0xff, 0xc3, 0x66, 0x21, 0xff, 0xc4, 0x69, 0x23, 0xff, 0xc4, 0x67, 0x23, 0xff, 
0xc3, 0x64, 0x20, 0xff, 0xbf, 0x60, 0x1e, 0xff, 0xbf, 0x61, 0x1f, 0xff, 0xc1, 0x63, 0x20, 0xff, 
0xbe, 0x60, 0x1f, 0xff, 0xb3, 0x57, 0x1c, 0xff, 0xb2, 0x57, 0x1c, 0xff, 0xb5, 0x58, 0x1c, 0xff, 
0xb8, 0x5b, 0x1d, 0xff, 0xb5, 0x59, 0x1c, 0xff, 0xb9, 0x5c, 0x1e, 0xff, 0xbf, 0x60, 0x20, 0xff, 
0xc2, 0x62, 0x20, 0xff, 0xbd, 0x5e, 0x1e, 0xff, 0xb9, 0x5b, 0x1e, 0xff, 0xb6, 0x59, 0x1d, 0xff, 
0xb0, 0x56, 0x1b, 0xff, 0xb6, 0x5b, 0x1d, 0xff, 0xb4, 0x59, 0x1d, 0xff, 0xb0, 0x56, 0x1c, 0xff, 
0xac, 0x53, 0x1b, 0xff, 0xa6, 0x4e, 0x19, 0xff, 0xad, 0x53, 0x1b, 0xff, 0xb2, 0x57, 0x1c, 0xff, 
0xb0, 0x57, 0x1c, 0xff, 0xb1, 0x56, 0x1b, 0xff, 0xb5, 0x59, 0x1d, 0xff, 0xb9, 0x5d, 0x1f, 0xff, 
0xb6, 0x5c, 0x1e, 0xff, 0xae, 0x55, 0x1c, 0xff, 0xad, 0x54, 0x1b, 0xff, 0xae, 0x55, 0x1c, 0xff, 
0xb2, 0x58, 0x1c, 0xff, 0xb4, 0x57, 0x1c, 0xff, 0xb2, 0x56, 0x1b, 0xff, 0xc3, 0x68, 0x22, 0xff, 
0xd3, 0x7c, 0x2b, 0xff, 0xd4, 0x7c, 0x2c, 0xff, 0xd5, 0x7e, 0x2c, 0xff, 0xdc, 0x8a, 0x32, 0xff, 
0xdd, 0x8d, 0x34, 0xff, 0xdb, 0x8a, 0x33, 0xff, 0xdb, 0x8a, 0x32, 0xff, 0xda, 0x89, 0x32, 0xff, 
0xdc, 0x8e, 0x34, 0xff, 0xdc, 0x8f, 0x35, 0xff, 0xdb, 0x8d, 0x35, 0xff, 0xde, 0x90, 0x36, 0xff, 
0xde, 0x8d, 0x34, 0xff, 0xde, 0x8f, 0x35, 0xff, 0xdc, 0x8e, 0x35, 0xff, 0xda, 0x8c, 0x34, 0xff, 
0xd7, 0x87, 0x32, 0xff, 0xd5, 0x83, 0x2f, 0xff, 0xd6, 0x84, 0x2f, 0xff, 0xd7, 0x84, 0x2f, 0xff, 
0xd8, 0x86, 0x31, 0xff, 0xd8, 0x87, 0x32, 0xff, 0xd8, 0x88, 0x32, 0xff, 0xd5, 0x83, 0x2e, 0xff, 
0xcf, 0x79, 0x2a, 0xff, 0xcd, 0x75, 0x28, 0xff, 0xc6, 0x6b, 0x23, 0xff, 0xbe, 0x61, 0x1f, 0xff, 
0xc1, 0x65, 0x21, 0xff, 0xc3, 0x68, 0x22, 0xff, 0xbb, 0x5e, 0x1e, 0xff, 0xb4, 0x56, 0x1b, 0xff, 
0xb6, 0x58, 0x1b, 0xff, 0xba, 0x5d, 0x1e, 0xff, 0xc1, 0x67, 0x23, 0xff, 0xc9, 0x71, 0x26, 0xff, 
0xcc, 0x74, 0x28, 0xff, 0xca, 0x6e, 0x25, 0xff, 0xcb, 0x6d, 0x24, 0xff, 0xc5, 0x69, 0x24, 0xff, 
0xb0, 0x58, 0x1d, 0xff, 0xa7, 0x51, 0x1a, 0xff, 0xa4, 0x4f, 0x1a, 0xff, 0xa1, 0x4d, 0x1a, 0xff, 
0x9a, 0x48, 0x17, 0xff, 0x98, 0x47, 0x16, 0xff, 0x9f, 0x4b, 0x18, 0xff, 0xa2, 0x4d, 0x19, 0xff, 
0xa5, 0x4f, 0x19, 0xff, 0xac, 0x54, 0x1b, 0xff, 0xad, 0x56, 0x1b, 0xff, 0xa7, 0x51, 0x1a, 0xff, 
0xa0, 0x4b, 0x19, 0xff, 0x96, 0x45, 0x17, 0xff, 0x9b, 0x48, 0x16, 0xff, 0xaa, 0x53, 0x1c, 0xff, 
0xb0, 0x58, 0x1d, 0xff, 0xa7, 0x51, 0x1a, 0xff, 0xa1, 0x4b, 0x18, 0xff, 0xa2, 0x4c, 0x19, 0xff, 
0xb1, 0x59, 0x1d, 0xff, 0xbe, 0x64, 0x22, 0xff, 0xc1, 0x68, 0x23, 0xff, 0xc6, 0x6a, 0x24, 0xff, 
0xcf, 0x75, 0x27, 0xff, 0xd7, 0x81, 0x2d, 0xff, 0xd7, 0x82, 0x2f, 0xff, 0xd3, 0x7d, 0x2d, 0xff, 
0xd2, 0x7b, 0x2b, 0xff, 0xce, 0x76, 0x28, 0xff, 0xc7, 0x6e, 0x25, 0xff, 0xc3, 0x69, 0x23, 0xff, 
0xbe, 0x63, 0x20, 0xff, 0xbe, 0x62, 0x20, 0xff, 0xc3, 0x68, 0x22, 0xff, 0xba, 0x61, 0x1f, 0xff, 
0xb5, 0x5a, 0x1d, 0xff, 0xbb, 0x62, 0x20, 0xff, 0xc7, 0x73, 0x29, 0xff, 0xcc, 0x77, 0x2a, 0xff, 
0xd3, 0x83, 0x30, 0xff, 0xd2, 0x81, 0x2f, 0xff, 0xc3, 0x6b, 0x24, 0xff, 0xb8, 0x5f, 0x1f, 0xff, 
0xb8, 0x5e, 0x1f, 0xff, 0xbe, 0x63, 0x21, 0xff, 0xbe, 0x66, 0x21, 0xff, 0xbe, 0x64, 0x21, 0xff, 
0xbc, 0x62, 0x20, 0xff, 0xba, 0x5d, 0x1e, 0xff, 0xba, 0x5c, 0x1e, 0xff, 0xba, 0x5d, 0x1e, 0xff, 
0xbb, 0x5e, 0x1e, 0xff, 0xbd, 0x61, 0x20, 0xff, 0xbc, 0x61, 0x1f, 0xff, 0xbf, 0x62, 0x20, 0xff, 
0xb7, 0x5c, 0x1e, 0xff, 0xad, 0x54, 0x1b, 0xff, 0xb0, 0x55, 0x1c, 0xff, 0xb1, 0x57, 0x1c, 0xff, 
0xb0, 0x58, 0x1d, 0xff, 0xaa, 0x53, 0x1a, 0xff, 0x9d, 0x49, 0x17, 0xff, 0x9c, 0x49, 0x18, 0xff, 
0x97, 0x47, 0x17, 0xff, 0x8c, 0x41, 0x15, 0xff, 0x85, 0x3d, 0x13, 0xff, 0x85, 0x3c, 0x14, 0xff, 
0x84, 0x3c, 0x13, 0xff, 0x86, 0x3d, 0x13, 0xff, 0x87, 0x3d, 0x14, 0xff, 0x83, 0x3a, 0x13, 0xff, 
0x82, 0x39, 0x13, 0xff, 0x87, 0x3b, 0x13, 0xff, 0x89, 0x3c, 0x13, 0xff, 0x8c, 0x3d, 0x13, 0xff, 
0x8e, 0x3f, 0x14, 0xff, 0x8e, 0x3e, 0x13, 0xff, 0x8d, 0x3c, 0x14, 0xff, 0x8d, 0x3c, 0x13, 0xff, 
0x9e, 0x48, 0x17, 0xff, 0xae, 0x51, 0x1a, 0xff, 0xae, 0x51, 0x1a, 0xff, 0xa4, 0x4b, 0x18, 0xff, 
0x9b, 0x45, 0x16, 0xff, 0x98, 0x43, 0x16, 0xff, 0x9a, 0x47, 0x17, 0xff, 0xa3, 0x4e, 0x19, 0xff, 
0xa6, 0x50, 0x1a, 0xff, 0xac, 0x54, 0x1c, 0xff, 0xb8, 0x5e, 0x1f, 0xff, 0xb0, 0x58, 0x1d, 0xff, 
0xaa, 0x53, 0x1b, 0xff, 0xae, 0x56, 0x1b, 0xff, 0xbb, 0x5e, 0x1e, 0xff, 0xc3, 0x65, 0x21, 0xff, 
0xbb, 0x5f, 0x1f, 0xff, 0xba, 0x60, 0x20, 0xff, 0xbd, 0x62, 0x20, 0xff, 0xc5, 0x67, 0x21, 0xff, 
0xc5, 0x67, 0x21, 0xff, 0xbd, 0x61, 0x20, 0xff, 0xb5, 0x5a, 0x1d, 0xff, 0xaf, 0x55, 0x1c, 0xff, 
0xac, 0x53, 0x1a, 0xff, 0xb0, 0x53, 0x1b, 0xff, 0xb5, 0x58, 0x1c, 0xff, 0xc0, 0x65, 0x21, 0xff, 
0xc3, 0x68, 0x23, 0xff, 0xc5, 0x6a, 0x23, 0xff, 0xc1, 0x63, 0x20, 0xff, 0xba, 0x5c, 0x1c, 0xff, 
0xb8, 0x5a, 0x1d, 0xff, 0xbc, 0x5e, 0x1e, 0xff, 0xc6, 0x6b, 0x23, 0xff, 0xcd, 0x72, 0x27, 0xff, 
0xd1, 0x78, 0x2a, 0xff, 0xd0, 0x78, 0x28, 0xff, 0xc6, 0x6d, 0x25, 0xff, 0xc0, 0x65, 0x21, 0xff, 
0xc1, 0x65, 0x21, 0xff, 0xc8, 0x6d, 0x24, 0xff, 0xca, 0x70, 0x25, 0xff, 0xd0, 0x79, 0x2a, 0xff, 
0xd9, 0x87, 0x30, 0xff, 0xd7, 0x83, 0x2e, 0xff, 0xd5, 0x82, 0x2e, 0xff, 0xd2, 0x7d, 0x2c, 0xff, 
0xd2, 0x7e, 0x2d, 0xff, 0xd4, 0x82, 0x2e, 0xff, 0xcd, 0x76, 0x28, 0xff, 0xbe, 0x62, 0x20, 0xff, 
0xbc, 0x60, 0x1f, 0xff, 0xbd, 0x61, 0x1f, 0xff, 0xb7, 0x5a, 0x1c, 0xff, 0xb1, 0x55, 0x1b, 0xff, 
0xb5, 0x57, 0x1c, 0xff, 0xbf, 0x62, 0x20, 0xff, 0xca, 0x6f, 0x25, 0xff, 0xd1, 0x7a, 0x2a, 0xff, 
0xd0, 0x77, 0x2a, 0xff, 0xcc, 0x74, 0x27, 0xff, 0xc7, 0x6f, 0x27, 0xff, 0xc1, 0x62, 0x20, 0xff, 
0xb7, 0x57, 0x1b, 0xff, 0xb7, 0x5c, 0x1e, 0xff, 0xc3, 0x6a, 0x24, 0xff, 0xc3, 0x68, 0x22, 0xff, 
0xcf, 0x7c, 0x2c, 0xff, 0xe0, 0x99, 0x3b, 0xff, 0xd9, 0x8c, 0x34, 0xff, 0xcf, 0x79, 0x2a, 0xff, 
0xcc, 0x74, 0x27, 0xff, 0xcd, 0x77, 0x2a, 0xff, 0xcf, 0x7c, 0x2d, 0xff, 0xd2, 0x85, 0x31, 0xff, 
0xda, 0x8b, 0x34, 0xff, 0xda, 0x88, 0x31, 0xff, 0xd2, 0x7a, 0x2b, 0xff, 0xc6, 0x69, 0x22, 0xff, 
0xbd, 0x60, 0x1f, 0xff, 0xba, 0x5d, 0x1f, 0xff, 0xb5, 0x58, 0x1d, 0xff, 0xb2, 0x57, 0x1d, 0xff, 
0xb8, 0x5b, 0x1e, 0xff, 0xb3, 0x56, 0x1c, 0xff, 0xb4, 0x58, 0x1c, 0xff, 0xbe, 0x60, 0x20, 0xff, 
0xbf, 0x62, 0x21, 0xff, 0xc3, 0x66, 0x21, 0xff, 0xc0, 0x62, 0x1f, 0xff, 0xb9, 0x5c, 0x1e, 0xff, 
0xb6, 0x59, 0x1d, 0xff, 0xb7, 0x5a, 0x1d, 0xff, 0xbb, 0x5e, 0x1e, 0xff, 0xbe, 0x62, 0x20, 0xff, 
0xba, 0x5e, 0x1e, 0xff, 0xb7, 0x5a, 0x1d, 0xff, 0xb6, 0x5a, 0x1d, 0xff, 0xb5, 0x59, 0x1d, 0xff, 
0xb5, 0x59, 0x1d, 0xff, 0xad, 0x53, 0x1a, 0xff, 0xb2, 0x54, 0x1b, 0xff, 0xb3, 0x56, 0x1c, 0xff, 
0xb6, 0x59, 0x1d, 0xff, 0xb4, 0x57, 0x1c, 0xff, 0xb5, 0x58, 0x1d, 0xff, 0xbc, 0x5e, 0x1f, 0xff, 
0xba, 0x5e, 0x1e, 0xff, 0xba, 0x5d, 0x1e, 0xff, 0xb5, 0x58, 0x1d, 0xff, 0xb0, 0x55, 0x1c, 0xff, 
0xb3, 0x57, 0x1c, 0xff, 0xb6, 0x5a, 0x1d, 0xff, 0xb9, 0x5c, 0x1e, 0xff, 0xbd, 0x60, 0x1f, 0xff, 
0xb6, 0x59, 0x1c, 0xff, 0xb5, 0x5a, 0x1c, 0xff, 0xb4, 0x5b, 0x1e, 0xff, 0xb6, 0x5c, 0x1e, 0xff, 
0xba, 0x5e, 0x1e, 0xff, 0xb9, 0x5d, 0x1d, 0xff, 0xbb, 0x5e, 0x1f, 0xff, 0xbe, 0x60, 0x1f, 0xff, 
0xbc, 0x5f, 0x1e, 0xff, 0xb8, 0x5b, 0x1c, 0xff, 0xbb, 0x5f, 0x1f, 0xff, 0xbc, 0x61, 0x1f, 0xff, 
0xb6, 0x5b, 0x1d, 0xff, 0xb4, 0x59, 0x1c, 0xff, 0xb5, 0x5a, 0x1d, 0xff, 0xb7, 0x5d, 0x1e, 0xff, 
0xb9, 0x5f, 0x1e, 0xff, 0xbe, 0x63, 0x20, 0xff, 0xc3, 0x67, 0x21, 0xff, 0xc6, 0x6b, 0x23, 0xff, 
0xc7, 0x6b, 0x23, 0xff, 0xc6, 0x6b, 0x23, 0xff, 0xca, 0x70, 0x26, 0xff, 0xce, 0x75, 0x28, 0xff, 
0xcb, 0x71, 0x26, 0xff, 0xca, 0x6f, 0x25, 0xff, 0xca, 0x71, 0x25, 0xff, 0xcc, 0x72, 0x26, 0xff, 
0xd0, 0x78, 0x29, 0xff, 0xd3, 0x7f, 0x2c, 0xff, 0xd5, 0x80, 0x2e, 0xff, 0xd2, 0x7d, 0x2c, 0xff, 
0xcf, 0x75, 0x28, 0xff, 0xcd, 0x72, 0x27, 0xff, 0xd1, 0x78, 0x2a, 0xff, 0xd8, 0x84, 0x2f, 0xff, 
0xd7, 0x82, 0x2e, 0xff, 0xd6, 0x80, 0x2d, 0xff, 0xd5, 0x80, 0x2c, 0xff, 0xd5, 0x82, 0x2e, 0xff, 
0xd2, 0x7c, 0x2b, 0xff, 0xd1, 0x7a, 0x29, 0xff, 0xd1, 0x79, 0x29, 0xff, 0xd0, 0x78, 0x29, 0xff, 
0xcf, 0x78, 0x29, 0xff, 0xce, 0x78, 0x28, 0xff, 0xcb, 0x73, 0x26, 0xff, 0xcc, 0x73, 0x27, 0xff, 
0xc8, 0x6e, 0x25, 0xff, 0xc6, 0x6b, 0x23, 0xff, 0xca, 0x70, 0x26, 0xff, 0xcc, 0x73, 0x27, 0xff, 
0xcf, 0x77, 0x29, 0xff, 0xcd, 0x73, 0x27, 0xff, 0xc3, 0x66, 0x21, 0xff, 0xbe, 0x60, 0x1f, 0xff, 
0xba, 0x5d, 0x1e, 0xff, 0xb6, 0x5b, 0x1d, 0xff, 0xb1, 0x58, 0x1c, 0xff, 0xa7, 0x50, 0x19, 0xff, 
0xa4, 0x4e, 0x19, 0xff, 0xa2, 0x4c, 0x18, 0xff, 0xa8, 0x51, 0x1a, 0xff, 0xaf, 0x56, 0x1c, 0xff, 
0xab, 0x52, 0x1b, 0xff, 0xa3, 0x4f, 0x18, 0xff, 0xa1, 0x4d, 0x18, 0xff, 0xa8, 0x51, 0x1a, 0xff, 
0xaa, 0x52, 0x1a, 0xff, 0xaa, 0x51, 0x1a, 0xff, 0xaf, 0x56, 0x1b, 0xff, 0xaf, 0x56, 0x1c, 0xff, 
0xab, 0x53, 0x1b, 0xff, 0xab, 0x54, 0x1b, 0xff, 0xaf, 0x55, 0x1c, 0xff, 0xb9, 0x5e, 0x1f, 0xff, 
0xba, 0x61, 0x1f, 0xff, 0xb8, 0x60, 0x20, 0xff, 0xbe, 0x63, 0x21, 0xff, 0xc5, 0x67, 0x22, 0xff, 
0xcc, 0x71, 0x26, 0xff, 0xd2, 0x77, 0x28, 0xff, 0xcf, 0x74, 0x26, 0xff, 0xcc, 0x72, 0x25, 0xff, 
0xc8, 0x6e, 0x24, 0xff, 0xc6, 0x6b, 0x23, 0xff, 0xc8, 0x6e, 0x24, 0xff, 0xca, 0x71, 0x26, 0xff, 
0xcf, 0x76, 0x28, 0xff, 0xce, 0x74, 0x27, 0xff, 0xcc, 0x72, 0x25, 0xff, 0xce, 0x74, 0x27, 0xff, 
0xcc, 0x71, 0x25, 0xff, 0xc9, 0x6a, 0x22, 0xff, 0xc8, 0x69, 0x22, 0xff, 0xc9, 0x6c, 0x23, 0xff, 
0xcd, 0x6f, 0x25, 0xff, 0xcd, 0x6f, 0x24, 0xff, 0xcd, 0x71, 0x26, 0xff, 0xcb, 0x70, 0x25, 0xff, 
0xc9, 0x6d, 0x25, 0xff, 0xc6, 0x68, 0x23, 0xff, 0xc5, 0x67, 0x22, 0xff, 0xbf, 0x62, 0x20, 0xff, 
0xbf, 0x61, 0x1f, 0xff, 0xc0, 0x63, 0x1f, 0xff, 0xc5, 0x68, 0x22, 0xff, 0xc8, 0x6c, 0x23, 0xff, 
0xc7, 0x6a, 0x22, 0xff, 0xc6, 0x69, 0x23, 0xff, 0xc3, 0x67, 0x22, 0xff, 0xc3, 0x65, 0x21, 0xff, 
0xc6, 0x69, 0x23, 0xff, 0xc8, 0x6b, 0x24, 0xff, 0xc5, 0x69, 0x23, 0xff, 0xc6, 0x6b, 0x23, 0xff, 
0xc6, 0x68, 0x22, 0xff, 0xc2, 0x65, 0x20, 0xff, 0xbe, 0x62, 0x20, 0xff, 0xb7, 0x5b, 0x1d, 0xff, 
0xb0, 0x55, 0x1b, 0xff, 0xac, 0x52, 0x1a, 0xff, 0xa9, 0x4f, 0x1a, 0xff, 0xa2, 0x4b, 0x18, 0xff, 
0xa0, 0x4a, 0x18, 0xff, 0x9d, 0x47, 0x17, 0xff, 0xa0, 0x49, 0x17, 0xff, 0x9f, 0x48, 0x17, 0xff, 
0x9c, 0x46, 0x17, 0xff, 0x9d, 0x48, 0x18, 0xff, 0xa2, 0x4c, 0x19, 0xff, 0xa4, 0x4d, 0x19, 0xff, 
0xa1, 0x4b, 0x18, 0xff, 0x9e, 0x49, 0x18, 0xff, 0x9d, 0x49, 0x17, 0xff, 0x9d, 0x47, 0x18, 0xff, 
0x9e, 0x48, 0x17, 0xff, 0x9f, 0x49, 0x18, 0xff, 0x99, 0x46, 0x17, 0xff, 0x97, 0x44, 0x16, 0xff, 
0xa1, 0x4a, 0x18, 0xff, 0xa7, 0x4d, 0x19, 0xff, 0xb0, 0x54, 0x1b, 0xff, 0xb9, 0x5c, 0x1d, 0xff, 
0xb8, 0x59, 0x1d, 0xff, 0xb5, 0x58, 0x1d, 0xff, 0xb7, 0x5a, 0x1d, 0xff, 0xb9, 0x5b, 0x1e, 0xff, 
0xba, 0x5b, 0x1d, 0xff, 0xbc, 0x5d, 0x1e, 0xff, 0xba, 0x5c, 0x1e, 0xff, 0xb6, 0x59, 0x1d, 0xff, 
0xb9, 0x5d, 0x1e, 0xff, 0xbf, 0x61, 0x1f, 0xff, 0xc2, 0x64, 0x21, 0xff, 0xc3, 0x65, 0x21, 0xff, 
0xc0, 0x62, 0x20, 0xff, 0xc0, 0x63, 0x20, 0xff, 0xbe, 0x60, 0x20, 0xff, 0xbb, 0x5e, 0x1e, 0xff, 
0xc3, 0x65, 0x21, 0xff, 0xc4, 0x66, 0x21, 0xff, 0xc0, 0x62, 0x1f, 0xff, 0xbf, 0x60, 0x1f, 0xff, 
0xbe, 0x60, 0x1f, 0xff, 0xc2, 0x64, 0x20, 0xff, 0xc0, 0x63, 0x20, 0xff, 0xbe, 0x61, 0x20, 0xff, 
0xbf, 0x62, 0x1f, 0xff, 0xbd, 0x60, 0x1e, 0xff, 0xbb, 0x5f, 0x1d, 0xff, 0xc4, 0x67, 0x21, 0xff, 
0xc7, 0x6e, 0x25, 0xff, 0xc3, 0x68, 0x22, 0xff, 0xc2, 0x64, 0x20, 0xff, 0xc6, 0x6a, 0x24, 0xff, 
0xc8, 0x6d, 0x25, 0xff, 0xc4, 0x6b, 0x24, 0xff, 0xba, 0x60, 0x1f, 0xff, 0xb8, 0x5c, 0x1d, 0xff, 
0xba, 0x5d, 0x1e, 0xff, 0xbb, 0x5f, 0x1f, 0xff, 0xb9, 0x5e, 0x1f, 0xff, 0xba, 0x5d, 0x1d, 0xff, 
0xbf, 0x65, 0x21, 0xff, 0xc0, 0x66, 0x21, 0xff, 0xbb, 0x60, 0x1f, 0xff, 0xb8, 0x5b, 0x1c, 0xff, 
0xb1, 0x54, 0x1a, 0xff, 0xb4, 0x55, 0x1b, 0xff, 0xb7, 0x58, 0x1c, 0xff, 0xb9, 0x5c, 0x1d, 0xff, 
0xb7, 0x5a, 0x1d, 0xff, 0xb6, 0x59, 0x1d, 0xff, 0xb7, 0x5b, 0x1d, 0xff, 0xb4, 0x58, 0x1b, 0xff, 
0xb7, 0x5a, 0x1d, 0xff, 0xbd, 0x63, 0x20, 0xff, 0xbc, 0x65, 0x21, 0xff, 0xb7, 0x5f, 0x1f, 0xff, 
0xb9, 0x5f, 0x1e, 0xff, 0xb1, 0x55, 0x1a, 0xff, 0xad, 0x4f, 0x19, 0xff, 0xb6, 0x5a, 0x1d, 0xff, 
0xb3, 0x58, 0x1c, 0xff, 0xaf, 0x54, 0x1a, 0xff, 0xab, 0x4f, 0x1a, 0xff, 0xa8, 0x4e, 0x19, 0xff, 
0xb0, 0x58, 0x1c, 0xff, 0xbb, 0x63, 0x21, 0xff, 0xbf, 0x68, 0x23, 0xff, 0xc3, 0x6b, 0x24, 0xff, 
0xc6, 0x6c, 0x24, 0xff, 0xc5, 0x6a, 0x23, 0xff, 0xc1, 0x64, 0x20, 0xff, 0xbd, 0x60, 0x1e, 0xff, 
0xca, 0x71, 0x26, 0xff, 0xd2, 0x7d, 0x2c, 0xff, 0xcd, 0x76, 0x28, 0xff, 0xc7, 0x6c, 0x23, 0xff, 
0xc3, 0x65, 0x21, 0xff, 0xc3, 0x65, 0x21, 0xff, 0xc6, 0x68, 0x22, 0xff, 0xbe, 0x60, 0x20, 0xff, 
0xb7, 0x5d, 0x1e, 0xff, 0xb8, 0x5c, 0x1e, 0xff, 0xbc, 0x60, 0x1f, 0xff, 0xc2, 0x67, 0x22, 0xff, 
0xc8, 0x6f, 0x25, 0xff, 0xc6, 0x6d, 0x24, 0xff, 0xc1, 0x65, 0x21, 0xff, 0xbe, 0x62, 0x20, 0xff, 
0xb9, 0x5d, 0x1f, 0xff, 0xbb, 0x5f, 0x20, 0xff, 0xbf, 0x64, 0x20, 0xff, 0xc1, 0x68, 0x22, 0xff, 
0xc0, 0x68, 0x23, 0xff, 0xbc, 0x62, 0x20, 0xff, 0xb6, 0x5b, 0x1d, 0xff, 0xb2, 0x57, 0x1c, 0xff, 
0xb1, 0x55, 0x1c, 0xff, 0xb5, 0x59, 0x1d, 0xff, 0xb9, 0x5e, 0x1f, 0xff, 0xb8, 0x5c, 0x1e, 0xff, 
0xbb, 0x5e, 0x1f, 0xff, 0xb8, 0x5b, 0x1e, 0xff, 0xbc, 0x60, 0x20, 0xff, 0xbc, 0x60, 0x1f, 0xff, 
0xb4, 0x59, 0x1c, 0xff, 0xb6, 0x5b, 0x1d, 0xff, 0xb5, 0x58, 0x1d, 0xff, 0xb1, 0x56, 0x1b, 0xff, 
0xb1, 0x55, 0x1c, 0xff, 0xaf, 0x53, 0x1b, 0xff, 0xb2, 0x55, 0x1b, 0xff, 0xb3, 0x56, 0x1b, 0xff, 
0xb7, 0x5a, 0x1d, 0xff, 0xb4, 0x58, 0x1c, 0xff, 0xb2, 0x57, 0x1b, 0xff, 0xba, 0x5e, 0x1e, 0xff, 
0xc2, 0x66, 0x21, 0xff, 0xc0, 0x66, 0x22, 0xff, 0xc0, 0x66, 0x22, 0xff, 0xbd, 0x63, 0x21, 0xff, 
0xbc, 0x63, 0x21, 0xff, 0xc2, 0x67, 0x23, 0xff, 0xc0, 0x65, 0x22, 0xff, 0xbb, 0x5f, 0x1f, 0xff, 
0xc2, 0x65, 0x21, 0xff, 0xc4, 0x69, 0x23, 0xff, 0xc1, 0x65, 0x21, 0xff, 0xbf, 0x63, 0x20, 0xff, 
0xbf, 0x63, 0x21, 0xff, 0xc5, 0x69, 0x23, 0xff, 0xc8, 0x6c, 0x23, 0xff, 0xcb, 0x6f, 0x24, 0xff, 
0xcc, 0x70, 0x25, 0xff, 0xcc, 0x70, 0x25, 0xff, 0xc9, 0x6d, 0x24, 0xff, 0xc3, 0x66, 0x21, 0xff, 
0xc1, 0x64, 0x20, 0xff, 0xbf, 0x63, 0x20, 0xff, 0xbc, 0x60, 0x1e, 0xff, 0xc0, 0x64, 0x20, 0xff, 
0xc0, 0x63, 0x20, 0xff, 0xbf, 0x60, 0x1e, 0xff, 0xbd, 0x5f, 0x1e, 0xff, 0xbe, 0x5f, 0x1e, 0xff, 
0xbd, 0x60, 0x1e, 0xff, 0xbc, 0x60, 0x1f, 0xff, 0xbf, 0x63, 0x1f, 0xff, 0xc4, 0x69, 0x22, 0xff, 
0xc5, 0x6c, 0x23, 0xff, 0xc7, 0x6d, 0x24, 0xff, 0xc7, 0x6b, 0x23, 0xff, 0xc7, 0x6c, 0x23, 0xff, 
0xc8, 0x6d, 0x24, 0xff, 0xc8, 0x6d, 0x24, 0xff, 0xcd, 0x75, 0x28, 0xff, 0xd2, 0x7b, 0x2a, 0xff, 
0xd0, 0x79, 0x29, 0xff, 0xce, 0x76, 0x28, 0xff, 0xcd, 0x73, 0x28, 0xff, 0xd0, 0x78, 0x2a, 0xff, 
0xd0, 0x76, 0x29, 0xff, 0xca, 0x6e, 0x25, 0xff, 0xcb, 0x72, 0x27, 0xff, 0xd0, 0x78, 0x29, 0xff, 
0xd2, 0x7a, 0x2b, 0xff, 0xd4, 0x7c, 0x2c, 0xff, 0xd0, 0x77, 0x2a, 0xff, 0xc8, 0x6e, 0x26, 0xff, 
0xc6, 0x6c, 0x25, 0xff, 0xc2, 0x69, 0x24, 0xff, 0xbf, 0x67, 0x22, 0xff, 0xc0, 0x66, 0x21, 0xff, 
0xc7, 0x6c, 0x25, 0xff, 0xcb, 0x70, 0x26, 0xff, 0xc9, 0x6b, 0x24, 0xff, 0xc6, 0x68, 0x22, 0xff, 
0xc6, 0x67, 0x22, 0xff, 0xc2, 0x64, 0x20, 0xff, 0xc1, 0x65, 0x21, 0xff, 0xc8, 0x6f, 0x26, 0xff, 
0xc8, 0x6f, 0x26, 0xff, 0xc3, 0x68, 0x23, 0xff, 0xbe, 0x63, 0x20, 0xff, 0xc0, 0x63, 0x20, 0xff, 
0xca, 0x6c, 0x25, 0xff, 0xce, 0x70, 0x25, 0xff, 0xc8, 0x6a, 0x23, 0xff, 0xc6, 0x67, 0x22, 0xff, 
0xc9, 0x6b, 0x23, 0xff, 0xce, 0x72, 0x26, 0xff, 0xcc, 0x6f, 0x25, 0xff, 0xc5, 0x67, 0x23, 0xff, 
0xc5, 0x67, 0x22, 0xff, 0xc6, 0x6a, 0x22, 0xff, 0xc6, 0x6a, 0x23, 0xff, 0xc2, 0x66, 0x21, 0xff, 
0xc0, 0x63, 0x1f, 0xff, 0xbd, 0x5f, 0x1e, 0xff, 0xc1, 0x63, 0x20, 0xff, 0xc0, 0x62, 0x1f, 0xff, 
0xbf, 0x62, 0x1f, 0xff, 0xc0, 0x63, 0x20, 0xff, 0xbf, 0x62, 0x1f, 0xff, 0xc1, 0x63, 0x20, 0xff, 
0xc2, 0x64, 0x21, 0xff, 0xc1, 0x63, 0x20, 0xff, 0xc1, 0x64, 0x21, 0xff, 0xc3, 0x66, 0x21, 0xff, 
0xc5, 0x67, 0x22, 0xff, 0xc4, 0x66, 0x21, 0xff, 0xc3, 0x66, 0x21, 0xff, 0xc5, 0x68, 0x23, 0xff, 
0xc3, 0x65, 0x21, 0xff, 0xc3, 0x65, 0x22, 0xff, 0xc7, 0x6b, 0x23, 0xff, 0xc8, 0x6b, 0x24, 0xff, 
0xc6, 0x68, 0x22, 0xff, 0xc4, 0x66, 0x21, 0xff, 0xc6, 0x69, 0x22, 0xff, 0xc7, 0x6a, 0x24, 0xff, 
0xc4, 0x67, 0x22, 0xff, 0xc0, 0x64, 0x21, 0xff, 0xbe, 0x61, 0x1f, 0xff, 0xc0, 0x63, 0x1f, 0xff, 
0xc4, 0x67, 0x22, 0xff, 0xc6, 0x6a, 0x23, 0xff, 0xc5, 0x68, 0x23, 0xff, 0xc5, 0x69, 0x22, 0xff, 
0xc7, 0x6b, 0x23, 0xff, 0xc5, 0x68, 0x22, 0xff, 0xc9, 0x6c, 0x24, 0xff, 0xc7, 0x6c, 0x23, 0xff, 
0xc9, 0x6b, 0x23, 0xff, 0xcd, 0x71, 0x26, 0xff, 0xc6, 0x6a, 0x23, 0xff, 0xc1, 0x66, 0x21, 0xff, 
0xc1, 0x67, 0x22, 0xff, 0xc4, 0x6a, 0x24, 0xff, 0xc8, 0x6c, 0x24, 0xff, 0xc8, 0x6c, 0x24, 0xff, 
0xc5, 0x68, 0x22, 0xff, 0xc2, 0x64, 0x21, 0xff, 0xc1, 0x62, 0x20, 0xff, 0xc5, 0x66, 0x21, 0xff, 
0xc5, 0x66, 0x22, 0xff, 0xc5, 0x66, 0x22, 0xff, 0xc5, 0x67, 0x22, 0xff, 0xc2, 0x63, 0x21, 0xff, 
0xbf, 0x62, 0x20, 0xff, 0xbe, 0x62, 0x21, 0xff, 0xbd, 0x60, 0x20, 0xff, 0xbc, 0x60, 0x20, 0xff, 
0xba, 0x61, 0x21, 0xff, 0xb9, 0x60, 0x1f, 0xff, 0xb8, 0x5d, 0x1e, 0xff, 0xb8, 0x5c, 0x1e, 0xff, 
0xbb, 0x5d, 0x1e, 0xff, 0xbc, 0x5e, 0x1e, 0xff, 0xb4, 0x58, 0x1d, 0xff, 0xb0, 0x55, 0x1c, 0xff, 
0xb6, 0x5a, 0x1d, 0xff, 0xb6, 0x59, 0x1c, 0xff, 0xb7, 0x59, 0x1d, 0xff, 0xaf, 0x54, 0x1c, 0xff, 
0xa9, 0x4f, 0x1a, 0xff, 0xad, 0x52, 0x1b, 0xff, 0xab, 0x50, 0x1a, 0xff, 0xa3, 0x4c, 0x19, 0xff, 
0xa5, 0x4d, 0x19, 0xff, 0xa9, 0x50, 0x1a, 0xff, 0xab, 0x51, 0x1a, 0xff, 0xac, 0x51, 0x1b, 0xff, 
0xb3, 0x56, 0x1c, 0xff, 0xba, 0x5d, 0x1d, 0xff, 0xbf, 0x62, 0x20, 0xff, 0xc1, 0x66, 0x21, 0xff, 
0xc4, 0x68, 0x22, 0xff, 0xc5, 0x6a, 0x23, 0xff, 0xc8, 0x6e, 0x25, 0xff, 0xca, 0x70, 0x26, 0xff, 
0xc8, 0x6d, 0x25, 0xff, 0xc5, 0x69, 0x23, 0xff, 0xc5, 0x69, 0x22, 0xff, 0xc6, 0x6a, 0x23, 0xff, 
0xc7, 0x6c, 0x24, 0xff, 0xc7, 0x6b, 0x23, 0xff, 0xbf, 0x63, 0x20, 0xff, 0xb7, 0x5b, 0x1e, 0xff, 
0xb5, 0x58, 0x1c, 0xff, 0xb6, 0x59, 0x1d, 0xff, 0xb8, 0x5c, 0x1d, 0xff, 0xbb, 0x5e, 0x1f, 0xff, 
0xbd, 0x61, 0x20, 0xff, 0xb9, 0x5d, 0x1e, 0xff, 0xb8, 0x5e, 0x1e, 0xff, 0xb8, 0x5e, 0x1e, 0xff, 
0xb6, 0x5a, 0x1d, 0xff, 0xb7, 0x5b, 0x1e, 0xff, 0xbb, 0x61, 0x21, 0xff, 0xc2, 0x6a, 0x25, 0xff, 
0xc7, 0x71, 0x27, 0xff, 0xc8, 0x71, 0x26, 0xff, 0xc6, 0x6e, 0x25, 0xff, 0xc6, 0x6e, 0x25, 0xff, 
0xc7, 0x6d, 0x25, 0xff, 0xc3, 0x68, 0x21, 0xff, 0xc6, 0x6b, 0x24, 0xff, 0xc9, 0x70, 0x27, 0xff, 
0xc2, 0x69, 0x24, 0xff, 0xbb, 0x62, 0x20, 0xff, 0xb8, 0x5f, 0x1f, 0xff, 0xb8, 0x5e, 0x1f, 0xff, 
0xbb, 0x60, 0x1f, 0xff, 0xbe, 0x63, 0x21, 0xff, 0xbe, 0x64, 0x21, 0xff, 0xb8, 0x5e, 0x1e, 0xff, 
0xb3, 0x58, 0x1d, 0xff, 0xaf, 0x54, 0x1b, 0xff, 0xae, 0x54, 0x1b, 0xff, 0xb0, 0x57, 0x1c, 0xff, 
0xb2, 0x59, 0x1d, 0xff, 0xb7, 0x5d, 0x1e, 0xff, 0xb7, 0x5b, 0x1d, 0xff, 0xbb, 0x5f, 0x1e, 0xff, 
0xc4, 0x68, 0x22, 0xff, 0xc7, 0x6c, 0x23, 0xff, 0xc4, 0x69, 0x23, 0xff, 0xc0, 0x64, 0x21, 0xff, 
0xbe, 0x64, 0x21, 0xff, 0xb7, 0x5b, 0x1d, 0xff, 0xb1, 0x56, 0x1c, 0xff, 0xb0, 0x56, 0x1c, 0xff, 
0xaf, 0x54, 0x1c, 0xff, 0xb1, 0x56, 0x1c, 0xff, 0xb3, 0x58, 0x1c, 0xff, 0xb3, 0x59, 0x1d, 0xff, 
0xba, 0x5d, 0x1e, 0xff, 0xbd, 0x61, 0x20, 0xff, 0xbb, 0x5f, 0x20, 0xff, 0xb9, 0x5d, 0x1e, 0xff, 
0xbc, 0x60, 0x1f, 0xff, 0xb9, 0x5d, 0x1e, 0xff, 0xb9, 0x5c, 0x1e, 0xff, 0xb8, 0x5c, 0x1e, 0xff, 
0xbb, 0x5e, 0x1f, 0xff, 0xbd, 0x60, 0x20, 0xff, 0xba, 0x5e, 0x1f, 0xff, 0xb3, 0x57, 0x1c, 0xff, 
0xb3, 0x57, 0x1c, 0xff, 0xb7, 0x5c, 0x1e, 0xff, 0xb8, 0x5e, 0x1e, 0xff, 0xba, 0x5e, 0x1e, 0xff, 
0xba, 0x5e, 0x1f, 0xff, 0xc0, 0x63, 0x21, 0xff, 0xc2, 0x67, 0x22, 0xff, 0xbb, 0x61, 0x1e, 0xff, 
0xb7, 0x5a, 0x1d, 0xff, 0xb5, 0x5a, 0x1d, 0xff, 0xb6, 0x5b, 0x1d, 0xff, 0xb5, 0x5a, 0x1d, 0xff, 
0xb4, 0x5a, 0x1d, 0xff, 0xb7, 0x5b, 0x1d, 0xff, 0xb8, 0x5c, 0x1d, 0xff, 0xbd, 0x60, 0x1f, 0xff, 
0xc1, 0x65, 0x21, 0xff, 0xc2, 0x66, 0x21, 0xff, 0xc1, 0x65, 0x21, 0xff, 0xc1, 0x66, 0x21, 0xff, 
0xcd, 0x72, 0x27, 0xff, 0xd1, 0x79, 0x2b, 0xff, 0xcd, 0x74, 0x28, 0xff, 0xcf, 0x75, 0x27, 0xff, 
0xd3, 0x7c, 0x2b, 0xff, 0xd0, 0x79, 0x2a, 0xff, 0xcc, 0x74, 0x28, 0xff, 0xc7, 0x6f, 0x26, 0xff, 
0xc3, 0x6a, 0x24, 0xff, 0xc3, 0x6b, 0x25, 0xff, 0xc3, 0x69, 0x24, 0xff, 0xc5, 0x69, 0x24, 0xff, 
0xcb, 0x6e, 0x26, 0xff, 0xc8, 0x6d, 0x25, 0xff, 0xc7, 0x6a, 0x23, 0xff, 0xc0, 0x63, 0x20, 0xff, 
0xb9, 0x5b, 0x1d, 0xff, 0xba, 0x5c, 0x1e, 0xff, 0xbd, 0x60, 0x1f, 0xff, 0xc1, 0x64, 0x21, 0xff, 
0xbe, 0x62, 0x20, 0xff, 0xbd, 0x61, 0x20, 0xff, 0xbc, 0x60, 0x1f, 0xff, 0xbb, 0x5f, 0x1f, 0xff, 
0xbb, 0x5e, 0x1e, 0xff, 0xba, 0x5f, 0x1e, 0xff, 0xb9, 0x5e, 0x1f, 0xff, 0xb5, 0x5b, 0x1e, 0xff, 
0xb4, 0x5a, 0x1d, 0xff, 0xb6, 0x5a, 0x1e, 0xff, 0xb5, 0x5b, 0x1e, 0xff, 0xb5, 0x5b, 0x1e, 0xff, 
0xb6, 0x5a, 0x1d, 0xff, 0xb8, 0x5c, 0x1e, 0xff, 0xbb, 0x5e, 0x1e, 0xff, 0xbb, 0x5e, 0x1e, 0xff, 
0xbc, 0x5f, 0x1f, 0xff, 0xbd, 0x60, 0x1e, 0xff, 0xc0, 0x63, 0x20, 0xff, 0xbe, 0x63, 0x20, 0xff, 
0xc2, 0x67, 0x22, 0xff, 0xc1, 0x64, 0x21, 0xff, 0xc0, 0x64, 0x21, 0xff, 0xc5, 0x6a, 0x24, 0xff, 
0xc7, 0x6c, 0x23, 0xff, 0xc6, 0x6a, 0x23, 0xff, 0xc6, 0x6b, 0x24, 0xff, 0xc7, 0x6c, 0x23, 0xff, 
0xc6, 0x6b, 0x23, 0xff, 0xc4, 0x69, 0x23, 0xff, 0xc7, 0x6b, 0x23, 0xff, 0xc6, 0x6b, 0x23, 0xff, 
0xc8, 0x6d, 0x25, 0xff, 0xcb, 0x71, 0x26, 0xff, 0xcf, 0x76, 0x28, 0xff, 0xd3, 0x7a, 0x2b, 0xff, 
0xd1, 0x77, 0x29, 0xff, 0xcf, 0x74, 0x27, 0xff, 0xd0, 0x74, 0x27, 0xff, 0xce, 0x72, 0x27, 0xff, 
0xcc, 0x72, 0x27, 0xff, 0xce, 0x74, 0x27, 0xff, 0xcf, 0x74, 0x28, 0xff, 0xca, 0x6e, 0x25, 0xff, 
0xc9, 0x6e, 0x25, 0xff, 0xc9, 0x6d, 0x25, 0xff, 0xc9, 0x6c, 0x25, 0xff, 0xcd, 0x72, 0x28, 0xff, 
0xd5, 0x7d, 0x2d, 0xff, 0xd7, 0x80, 0x2e, 0xff, 0xd0, 0x76, 0x2a, 0xff, 0xd1, 0x77, 0x29, 0xff, 
0xd3, 0x7b, 0x2b, 0xff, 0xd3, 0x7b, 0x2c, 0xff, 0xd3, 0x7c, 0x2c, 0xff, 0xd0, 0x78, 0x2a, 0xff, 
0xcd, 0x72, 0x27, 0xff, 0xc7, 0x6b, 0x23, 0xff, 0xcd, 0x71, 0x27, 0xff, 0xce, 0x73, 0x27, 0xff, 
0xcd, 0x72, 0x27, 0xff, 0xd1, 0x78, 0x2a, 0xff, 0xd3, 0x7b, 0x2b, 0xff, 0xd1, 0x7a, 0x2b, 0xff, 
0xcd, 0x74, 0x28, 0xff, 0xc6, 0x6a, 0x24, 0xff, 0xc5, 0x6a, 0x24, 0xff, 0xc5, 0x6a, 0x24, 0xff, 
0xc2, 0x68, 0x23, 0xff, 0xbc, 0x62, 0x20, 0xff, 0xb9, 0x60, 0x20, 0xff, 0xbb, 0x61, 0x20, 0xff, 
0xbd, 0x63, 0x22, 0xff, 0xbc, 0x62, 0x21, 0xff, 0xc2, 0x67, 0x22, 0xff, 0xc7, 0x6a, 0x23, 0xff, 
0xc6, 0x6b, 0x24, 0xff, 0xc7, 0x6c, 0x24, 0xff, 0xc3, 0x67, 0x22, 0xff, 0xc3, 0x66, 0x22, 0xff, 
0xc6, 0x6a, 0x24, 0xff, 0xc8, 0x6c, 0x24, 0xff, 0xc9, 0x6d, 0x24, 0xff, 0xc8, 0x6c, 0x24, 0xff, 
0xc8, 0x6d, 0x25, 0xff, 0xca, 0x6f, 0x25, 0xff, 0xc9, 0x6d, 0x24, 0xff, 0xc6, 0x69, 0x23, 0xff, 
0xc3, 0x66, 0x20, 0xff, 0xc5, 0x68, 0x21, 0xff, 0xc8, 0x6a, 0x23, 0xff, 0xc5, 0x68, 0x22, 0xff, 
0xbf, 0x62, 0x1f, 0xff, 0xbf, 0x61, 0x1e, 0xff, 0xc1, 0x62, 0x1f, 0xff, 0xc2, 0x65, 0x21, 0xff, 
0xc3, 0x66, 0x21, 0xff, 0xc3, 0x65, 0x21, 0xff, 0xc6, 0x6a, 0x23, 0xff, 0xcb, 0x6f, 0x25, 0xff, 
0xcb, 0x70, 0x25, 0xff, 0xc9, 0x6e, 0x25, 0xff, 0xca, 0x6e, 0x24, 0xff, 0xd0, 0x73, 0x26, 0xff, 
0xcf, 0x73, 0x26, 0xff, 0xcd, 0x71, 0x26, 0xff, 0xca, 0x6d, 0x25, 0xff, 0xca, 0x6e, 0x25, 0xff, 
0xca, 0x6e, 0x24, 0xff, 0xc6, 0x69, 0x22, 0xff, 0xc5, 0x67, 0x21, 0xff, 0xc6, 0x68, 0x22, 0xff, 
0xc8, 0x6b, 0x23, 0xff, 0xc8, 0x6a, 0x23, 0xff, 0xc5, 0x67, 0x22, 0xff, 0xc4, 0x66, 0x21, 0xff, 
0xc5, 0x67, 0x21, 0xff, 0xc6, 0x68, 0x22, 0xff, 0xc5, 0x68, 0x22, 0xff, 0xc7, 0x68, 0x22, 0xff, 
0xcb, 0x6c, 0x24, 0xff, 0xca, 0x6b, 0x23, 0xff, 0xc8, 0x69, 0x22, 0xff, 0xc2, 0x64, 0x20, 0xff, 
0xbf, 0x61, 0x1f, 0xff, 0xbe, 0x5f, 0x1e, 0xff, 0xba, 0x5b, 0x1c, 0xff, 0xb9, 0x59, 0x1c, 0xff, 
0xb5, 0x58, 0x1b, 0xff, 0xb7, 0x59, 0x1c, 0xff, 0xbb, 0x5c, 0x1e, 0xff, 0xb9, 0x5c, 0x1d, 0xff, 
0xb7, 0x5a, 0x1c, 0xff, 0xb1, 0x56, 0x1b, 0xff, 0xaa, 0x51, 0x1a, 0xff, 0xac, 0x53, 0x1b, 0xff, 
0xad, 0x54, 0x1c, 0xff, 0xb0, 0x56, 0x1b, 0xff, 0xb3, 0x58, 0x1d, 0xff, 0xb5, 0x5a, 0x1e, 0xff, 
0xb8, 0x5c, 0x1d, 0xff, 0xbb, 0x5e, 0x1f, 0xff, 0xbe, 0x61, 0x20, 0xff, 0xc1, 0x64, 0x20, 0xff, 
0xc2, 0x67, 0x21, 0xff, 0xc3, 0x66, 0x21, 0xff, 0xc2, 0x66, 0x20, 0xff, 0xc2, 0x67, 0x21, 0xff, 
0xc1, 0x65, 0x21, 0xff, 0xc2, 0x66, 0x21, 0xff, 0xc4, 0x69, 0x22, 0xff, 0xc3, 0x68, 0x22, 0xff, 
0xbf, 0x62, 0x20, 0xff, 0xbf, 0x63, 0x20, 0xff, 0xc4, 0x69, 0x22, 0xff, 0xc5, 0x6b, 0x23, 0xff, 
0xc6, 0x6b, 0x23, 0xff, 0xc5, 0x6b, 0x24, 0xff, 0xc3, 0x67, 0x22, 0xff, 0xc7, 0x6a, 0x23, 0xff, 
0xc4, 0x69, 0x22, 0xff, 0xc3, 0x67, 0x21, 0xff, 0xc4, 0x68, 0x21, 0xff, 0xc4, 0x67, 0x22, 0xff, 
0xc5, 0x69, 0x23, 0xff, 0xc8, 0x6c, 0x24, 0xff, 0xcb, 0x71, 0x26, 0xff, 0xcd, 0x74, 0x27, 0xff, 
0xce, 0x76, 0x29, 0xff, 0xcc, 0x73, 0x27, 0xff, 0xcb, 0x73, 0x27, 0xff, 0xcc, 0x74, 0x27, 0xff, 
0xcc, 0x73, 0x27, 0xff, 0xc8, 0x6c, 0x24, 0xff, 0xc7, 0x6d, 0x25, 0xff, 0xc8, 0x6f, 0x26, 0xff, 
0xc7, 0x6d, 0x25, 0xff, 0xca, 0x70, 0x26, 0xff, 0xc9, 0x6f, 0x24, 0xff, 0xc8, 0x6e, 0x24, 0xff, 
0xca, 0x6f, 0x25, 0xff, 0xc8, 0x6c, 0x23, 0xff, 0xc0, 0x64, 0x21, 0xff, 0xba, 0x5e, 0x1e, 0xff, 
0xba, 0x5e, 0x1e, 0xff, 0xba, 0x5e, 0x1f, 0xff, 0xbc, 0x5f, 0x1f, 0xff, 0xc2, 0x65, 0x21, 0xff, 
0xc2, 0x65, 0x21, 0xff, 0xb8, 0x5c, 0x1e, 0xff, 0xb4, 0x58, 0x1c, 0xff, 0xb7, 0x5b, 0x1d, 0xff, 
0xb9, 0x5d, 0x1e, 0xff, 0xbc, 0x60, 0x1f, 0xff, 0xba, 0x5f, 0x1f, 0xff, 0xba, 0x60, 0x20, 0xff, 
0xb5, 0x5e, 0x1f, 0xff, 0xb4, 0x59, 0x1c, 0xff, 0xb6, 0x5a, 0x1d, 0xff, 0xb4, 0x59, 0x1d, 0xff, 
0xb3, 0x58, 0x1c, 0xff, 0xb3, 0x59, 0x1c, 0xff, 0xb4, 0x59, 0x1c, 0xff, 0xb5, 0x5a, 0x1d, 0xff, 
0xc9, 0x6f, 0x26, 0xff, 0xca, 0x6f, 0x26, 0xff, 0xcb, 0x70, 0x25, 0xff, 0xca, 0x6e, 0x24, 0xff, 
0xc9, 0x6c, 0x24, 0xff, 0xc8, 0x6a, 0x23, 0xff, 0xc5, 0x68, 0x22, 0xff, 0xc4, 0x65, 0x21, 0xff, 
0xc4, 0x65, 0x20, 0xff, 0xc6, 0x68, 0x21, 0xff, 0xc7, 0x69, 0x22, 0xff, 0xc4, 0x66, 0x21, 0xff, 
0xc3, 0x65, 0x21, 0xff, 0xc1, 0x62, 0x20, 0xff, 0xc1, 0x63, 0x21, 0xff, 0xc3, 0x67, 0x22, 0xff, 
0xc3, 0x67, 0x22, 0xff, 0xc0, 0x64, 0x21, 0xff, 0xc1, 0x64, 0x20, 0xff, 0xc5, 0x69, 0x22, 0xff, 
0xc5, 0x69, 0x22, 0xff, 0xc7, 0x6a, 0x24, 0xff, 0xc7, 0x6a, 0x23, 0xff, 0xc5, 0x68, 0x22, 0xff, 
0xc5, 0x69, 0x22, 0xff, 0xc6, 0x69, 0x23, 0xff, 0xc3, 0x67, 0x22, 0xff, 0xc0, 0x63, 0x20, 0xff, 
0xc2, 0x65, 0x21, 0xff, 0xc7, 0x6a, 0x23, 0xff, 0xc8, 0x6c, 0x24, 0xff, 0xc9, 0x70, 0x25, 0xff, 
0xca, 0x6f, 0x25, 0xff, 0xcb, 0x6f, 0x25, 0xff, 0xcb, 0x70, 0x25, 0xff, 0xc9, 0x6e, 0x26, 0xff, 
0xc9, 0x6d, 0x25, 0xff, 0xc7, 0x69, 0x22, 0xff, 0xc3, 0x65, 0x21, 0xff, 0xc3, 0x66, 0x21, 0xff, 
0xc1, 0x62, 0x1f, 0xff, 0xba, 0x5d, 0x1e, 0xff, 0xba, 0x5c, 0x1d, 0xff, 0xba, 0x5c, 0x1d, 0xff, 
0xb9, 0x5b, 0x1d, 0xff, 0xb7, 0x58, 0x1c, 0xff, 0xb6, 0x58, 0x1c, 0xff, 0xb4, 0x58, 0x1c, 0xff, 
0xb5, 0x58, 0x1c, 0xff, 0xb2, 0x56, 0x1b, 0xff, 0xaf, 0x54, 0x1c, 0xff, 0xac, 0x52, 0x1b, 0xff, 
0xa9, 0x4f, 0x19, 0xff, 0xac, 0x51, 0x1b, 0xff, 0xad, 0x53, 0x1a, 0xff, 0xad, 0x53, 0x1a, 0xff, 
0xaf, 0x54, 0x1b, 0xff, 0xb1, 0x57, 0x1c, 0xff, 0xb3, 0x59, 0x1d, 0xff, 0xb2, 0x58, 0x1d, 0xff, 
0xb2, 0x57, 0x1c, 0xff, 0xb3, 0x59, 0x1d, 0xff, 0xb3, 0x5a, 0x1d, 0xff, 0xb1, 0x57, 0x1c, 0xff, 
0xb5, 0x5a, 0x1c, 0xff, 0xb4, 0x59, 0x1d, 0xff, 0xb4, 0x58, 0x1d, 0xff, 0xba, 0x5d, 0x1e, 0xff, 
0xbc, 0x5e, 0x1f, 0xff, 0xb9, 0x5d, 0x1e, 0xff, 0xba, 0x5e, 0x1e, 0xff, 0xbb, 0x5f, 0x1e, 0xff, 
0xbc, 0x5f, 0x1e, 0xff, 0xbb, 0x5e, 0x1e, 0xff, 0xb9, 0x5c, 0x1c, 0xff, 0xb9, 0x5c, 0x1d, 0xff, 
0xbc, 0x60, 0x1f, 0xff, 0xbe, 0x62, 0x1f, 0xff, 0xc0, 0x65, 0x21, 0xff, 0xc1, 0x65, 0x21, 0xff, 
0xc0, 0x65, 0x20, 0xff, 0xc5, 0x6b, 0x24, 0xff, 0xc3, 0x69, 0x23, 0xff, 0xc0, 0x64, 0x20, 0xff, 
0xbe, 0x63, 0x21, 0xff, 0xbe, 0x62, 0x20, 0xff, 0xbe, 0x62, 0x20, 0xff, 0xbe, 0x61, 0x1f, 0xff, 
0xbd, 0x5e, 0x1f, 0xff, 0xbc, 0x5f, 0x1e, 0xff, 0xbe, 0x61, 0x1f, 0xff, 0xc0, 0x64, 0x21, 0xff, 
0xc3, 0x67, 0x22, 0xff, 0xc4, 0x67, 0x22, 0xff, 0xc8, 0x6d, 0x24, 0xff, 0xc6, 0x6b, 0x24, 0xff, 
0xc4, 0x68, 0x22, 0xff, 0xc2, 0x66, 0x22, 0xff, 0xc0, 0x64, 0x20, 0xff, 0xc3, 0x65, 0x21, 0xff, 
0xc5, 0x68, 0x22, 0xff, 0xc7, 0x6b, 0x23, 0xff, 0xc9, 0x6c, 0x24, 0xff, 0xca, 0x70, 0x25, 0xff, 
0xcd, 0x73, 0x27, 0xff, 0xd0, 0x77, 0x29, 0xff, 0xd3, 0x7b, 0x2b, 0xff, 0xd2, 0x7a, 0x29, 0xff, 
0xcf, 0x76, 0x27, 0xff, 0xcc, 0x71, 0x26, 0xff, 0xcf, 0x75, 0x28, 0xff, 0xd1, 0x78, 0x29, 0xff, 
0xd0, 0x76, 0x29, 0xff, 0xd1, 0x77, 0x29, 0xff, 0xcf, 0x76, 0x29, 0xff, 0xcf, 0x76, 0x29, 0xff, 
0xce, 0x76, 0x29, 0xff, 0xcf, 0x76, 0x29, 0xff, 0xce, 0x75, 0x28, 0xff, 0xce, 0x75, 0x28, 0xff, 
0xce, 0x75, 0x28, 0xff, 0xd0, 0x77, 0x28, 0xff, 0xd1, 0x7a, 0x2b, 0xff, 0xce, 0x76, 0x28, 0xff, 
0xcd, 0x74, 0x28, 0xff, 0xd2, 0x7b, 0x2b, 0xff, 0xd3, 0x7c, 0x2b, 0xff, 0xd3, 0x7b, 0x2a, 0xff, 
0xd3, 0x7a, 0x2a, 0xff, 0xd2, 0x7a, 0x2b, 0xff, 0xd2, 0x79, 0x2a, 0xff, 0xd4, 0x7b, 0x2b, 0xff, 
0xd4, 0x7c, 0x2c, 0xff, 0xd3, 0x7b, 0x2a, 0xff, 0xd1, 0x79, 0x2a, 0xff, 0xd4, 0x7d, 0x2b, 0xff, 
0xd8, 0x81, 0x2e, 0xff, 0xd6, 0x7f, 0x2c, 0xff, 0xd4, 0x7b, 0x2b, 0xff, 0xd2, 0x79, 0x2a, 0xff, 
0xd3, 0x7a, 0x2a, 0xff, 0xd4, 0x7b, 0x2b, 0xff, 0xd5, 0x7c, 0x2b, 0xff, 0xd3, 0x79, 0x29, 0xff, 
0xcf, 0x75, 0x28, 0xff, 0xcc, 0x71, 0x26, 0xff, 0xca, 0x6f, 0x25, 0xff, 0xca, 0x6e, 0x25, 0xff, 
0xc8, 0x6c, 0x23, 0xff, 0xc9, 0x6c, 0x24, 0xff, 0xc5, 0x67, 0x21, 0xff, 0xc3, 0x64, 0x21, 0xff, 
0xc3, 0x66, 0x20, 0xff, 0xc3, 0x66, 0x21, 0xff, 0xc3, 0x66, 0x21, 0xff, 0xc4, 0x65, 0x21, 0xff, 
0xc3, 0x65, 0x21, 0xff, 0xc0, 0x63, 0x20, 0xff, 0xc2, 0x63, 0x21, 0xff, 0xc0, 0x63, 0x1f, 0xff, 
0xc0, 0x62, 0x20, 0xff, 0xc1, 0x64, 0x21, 0xff, 0xc2, 0x65, 0x21, 0xff, 0xbf, 0x61, 0x1f, 0xff, 
0xbc, 0x5f, 0x1e, 0xff, 0xbc, 0x5e, 0x1e, 0xff, 0xb9, 0x5b, 0x1d, 0xff, 0xb8, 0x5a, 0x1d, 0xff, 
0xb9, 0x5b, 0x1d, 0xff, 0xb9, 0x5b, 0x1d, 0xff, 0xba, 0x5d, 0x1e, 0xff, 0xbc, 0x5e, 0x1f, 0xff, 
0xc1, 0x63, 0x1f, 0xff, 0xc0, 0x63, 0x20, 0xff, 0xbf, 0x63, 0x20, 0xff, 0xc4, 0x67, 0x22, 0xff, 
0xc6, 0x6a, 0x24, 0xff, 0xc7, 0x6d, 0x25, 0xff, 0xc9, 0x71, 0x26, 0xff, 0xcb, 0x73, 0x28, 0xff, 
0xc9, 0x72, 0x28, 0xff, 0xcc, 0x75, 0x28, 0xff, 0xcd, 0x75, 0x29, 0xff, 0xcd, 0x76, 0x28, 0xff, 
0xcd, 0x75, 0x29, 0xff, 0xcc, 0x72, 0x27, 0xff, 0xcd, 0x74, 0x27, 0xff, 0xd1, 0x79, 0x29, 0xff, 
0xd0, 0x77, 0x29, 0xff, 0xce, 0x75, 0x28, 0xff, 0xce, 0x74, 0x27, 0xff, 0xce, 0x73, 0x26, 0xff, 
0xcb, 0x70, 0x25, 0xff, 0xc9, 0x6d, 0x25, 0xff, 0xc6, 0x6a, 0x23, 0xff, 0xc5, 0x68, 0x21, 0xff, 
0xc4, 0x66, 0x21, 0xff, 0xc3, 0x65, 0x21, 0xff, 0xc0, 0x63, 0x1f, 0xff, 0xc0, 0x62, 0x1f, 0xff, 
0xc1, 0x62, 0x1f, 0xff, 0xbf, 0x60, 0x1e, 0xff, 0xbd, 0x5f, 0x1f, 0xff, 0xbe, 0x61, 0x1e, 0xff, 
0xbf, 0x61, 0x1e, 0xff, 0xc1, 0x63, 0x20, 0xff, 0xc2, 0x66, 0x21, 0xff, 0xc4, 0x69, 0x22, 0xff, 
0xc7, 0x6c, 0x23, 0xff, 0xca, 0x6f, 0x25, 0xff, 0xc9, 0x6e, 0x25, 0xff, 0xc8, 0x6d, 0x24, 0xff, 
0xc7, 0x6b, 0x23, 0xff, 0xc7, 0x6a, 0x23, 0xff, 0xc7, 0x6a, 0x23, 0xff, 0xc8, 0x6a, 0x23, 0xff, 
0xc6, 0x69, 0x22, 0xff, 0xc2, 0x66, 0x21, 0xff, 0xbf, 0x62, 0x1f, 0xff, 0xbc, 0x5d, 0x1d, 0xff, 
0xb9, 0x59, 0x1c, 0xff, 0xba, 0x5b, 0x1d, 0xff, 0xc0, 0x62, 0x20, 0xff, 0xc0, 0x62, 0x1f, 0xff, 
0xc1, 0x63, 0x20, 0xff, 0xc0, 0x62, 0x20, 0xff, 0xbc, 0x5d, 0x1e, 0xff, 0xbe, 0x60, 0x1e, 0xff, 
0xbd, 0x60, 0x1f, 0xff, 0xbe, 0x61, 0x1f, 0xff, 0xc0, 0x63, 0x20, 0xff, 0xbe, 0x62, 0x20, 0xff, 
0xbf, 0x62, 0x20, 0xff, 0xc2, 0x65, 0x21, 0xff, 0xc2, 0x66, 0x21, 0xff, 0xc2, 0x66, 0x21, 0xff, 
0xc4, 0x69, 0x23, 0xff, 0xc5, 0x69, 0x22, 0xff, 0xc2, 0x64, 0x20, 0xff, 0xc0, 0x64, 0x21, 0xff, 
0xc4, 0x67, 0x22, 0xff, 0xc8, 0x6c, 0x23, 0xff, 0xc9, 0x6e, 0x24, 0xff, 0xc5, 0x69, 0x22, 0xff, 
0xc3, 0x66, 0x22, 0xff, 0xc2, 0x66, 0x21, 0xff, 0xc0, 0x63, 0x20, 0xff, 0xc0, 0x64, 0x20, 0xff, 
0xc4, 0x69, 0x22, 0xff, 0xc8, 0x6e, 0x25, 0xff, 0xcb, 0x71, 0x26, 0xff, 0xcc, 0x72, 0x27, 0xff, 
0xc7, 0x6c, 0x23, 0xff, 0xc6, 0x6a, 0x24, 0xff, 0xc9, 0x6e, 0x26, 0xff, 0xc8, 0x6d, 0x25, 0xff, 
0xb7, 0x5c, 0x1f, 0xff, 0xb5, 0x5a, 0x1e, 0xff, 0xb6, 0x5b, 0x1e, 0xff, 0xb8, 0x5d, 0x1d, 0xff, 
0xb8, 0x5c, 0x1e, 0xff, 0xb8, 0x5d, 0x1e, 0xff, 0xba, 0x5e, 0x1f, 0xff, 0xba, 0x5e, 0x1f, 0xff, 
0xb8, 0x5d, 0x1e, 0xff, 0xb7, 0x5c, 0x1e, 0xff, 0xb7, 0x5c, 0x1e, 0xff, 0xba, 0x5e, 0x1f, 0xff, 
0xbc, 0x60, 0x1f, 0xff, 0xbc, 0x60, 0x1f, 0xff, 0xbd, 0x60, 0x1f, 0xff, 0xc0, 0x63, 0x1f, 0xff, 
0xc0, 0x63, 0x21, 0xff, 0xbe, 0x61, 0x1f, 0xff, 0xbf, 0x63, 0x20, 0xff, 0xc1, 0x65, 0x22, 0xff, 
0xbf, 0x63, 0x21, 0xff, 0xbd, 0x63, 0x21, 0xff, 0xbd, 0x63, 0x21, 0xff, 0xbb, 0x60, 0x20, 0xff, 
0xba, 0x5f, 0x1f, 0xff, 0xbb, 0x5f, 0x1f, 0xff, 0xba, 0x5d, 0x1f, 0xff, 0xb8, 0x5c, 0x1e, 0xff, 
0xb7, 0x5b, 0x1e, 0xff, 0xb6, 0x5a, 0x1d, 0xff, 0xb7, 0x5b, 0x1e, 0xff, 0xb8, 0x5b, 0x1e, 0xff, 
0xb6, 0x59, 0x1d, 0xff, 0xb6, 0x59, 0x1d, 0xff, 0xb6, 0x59, 0x1d, 0xff, 0xb4, 0x57, 0x1d, 0xff, 
0xb1, 0x54, 0x1b, 0xff, 0xb0, 0x55, 0x1b, 0xff, 0xb2, 0x56, 0x1c, 0xff, 0xb2, 0x57, 0x1c, 0xff, 
0xb5, 0x5a, 0x1d, 0xff, 0xb6, 0x5a, 0x1e, 0xff, 0xb6, 0x5a, 0x1c, 0xff, 0xb4, 0x59, 0x1d, 0xff, 
0xb2, 0x57, 0x1d, 0xff, 0xb3, 0x57, 0x1d, 0xff, 0xb0, 0x57, 0x1c, 0xff, 0xb1, 0x57, 0x1c, 0xff, 
0xb0, 0x56, 0x1c, 0xff, 0xad, 0x54, 0x1b, 0xff, 0xab, 0x53, 0x1b, 0xff, 0xac, 0x54, 0x1b, 0xff, 
0xad, 0x55, 0x1b, 0xff, 0xad, 0x54, 0x1b, 0xff, 0xad, 0x53, 0x1b, 0xff, 0xad, 0x54, 0x1c, 0xff, 
0xac, 0x53, 0x1b, 0xff, 0xae, 0x54, 0x1c, 0xff, 0xaf, 0x55, 0x1c, 0xff, 0xb0, 0x55, 0x1c, 0xff, 
0xb1, 0x55, 0x1c, 0xff, 0xb0, 0x56, 0x1c, 0xff, 0xb1, 0x57, 0x1c, 0xff, 0xb2, 0x57, 0x1c, 0xff, 
0xb4, 0x58, 0x1c, 0xff, 0xb5, 0x5a, 0x1c, 0xff, 0xb5, 0x59, 0x1e, 0xff, 0xb5, 0x59, 0x1e, 0xff, 
0xb5, 0x59, 0x1d, 0xff, 0xb5, 0x5a, 0x1d, 0xff, 0xb5, 0x59, 0x1d, 0xff, 0xb5, 0x58, 0x1d, 0xff, 
0xb7, 0x5a, 0x1d, 0xff, 0xb6, 0x5a, 0x1d, 0xff, 0xb7, 0x5a, 0x1e, 0xff, 0xb7, 0x5b, 0x1d, 0xff, 
0xb7, 0x5b, 0x1e, 0xff, 0xb7, 0x5b, 0x1d, 0xff, 0xb5, 0x59, 0x1d, 0xff, 0xb7, 0x5a, 0x1d, 0xff, 
0xba, 0x5d, 0x1e, 0xff, 0xbb, 0x5e, 0x1f, 0xff, 0xb7, 0x5b, 0x1e, 0xff, 0xb8, 0x5b, 0x1e, 0xff, 
0xb7, 0x5a, 0x1e, 0xff, 0xb7, 0x5a, 0x1d, 0xff, 0xb8, 0x5c, 0x1e, 0xff, 0xb7, 0x5a, 0x1d, 0xff, 
0xb8, 0x5c, 0x1e, 0xff, 0xb7, 0x5b, 0x1d, 0xff, 0xb6, 0x58, 0x1d, 0xff, 0xb8, 0x5b, 0x1e, 0xff, 
0xb8, 0x5b, 0x1d, 0xff, 0xb8, 0x5a, 0x1d, 0xff, 0xb9, 0x5c, 0x1e, 0xff, 0xb9, 0x5c, 0x1e, 0xff, 
0xb8, 0x5b, 0x1d, 0xff, 0xb9, 0x5c, 0x1e, 0xff, 0xbb, 0x5e, 0x1f, 0xff, 0xbc, 0x5f, 0x1e, 0xff, 
0xb9, 0x5d, 0x1e, 0xff, 0xb7, 0x5b, 0x1d, 0xff, 0xb8, 0x5c, 0x1e, 0xff, 0xb8, 0x5d, 0x1e, 0xff, 
0xbb, 0x5f, 0x1f, 0xff, 0xbb, 0x5f, 0x1f, 0xff, 0xbb, 0x60, 0x1f, 0xff, 0xbc, 0x5f, 0x1f, 0xff, 
0xbc, 0x62, 0x21, 0xff, 0xbd, 0x61, 0x20, 0xff, 0xba, 0x5e, 0x1f, 0xff, 0xb9, 0x5c, 0x1e, 0xff, 
0xb7, 0x5a, 0x1d, 0xff, 0xb6, 0x58, 0x1c, 0xff, 0xb7, 0x5a, 0x1d, 0xff, 0xb7, 0x59, 0x1c, 0xff, 
0xb7, 0x59, 0x1c, 0xff, 0xb8, 0x5b, 0x1d, 0xff, 0xb9, 0x5c, 0x1e, 0xff, 0xb9, 0x5b, 0x1e, 0xff, 
0xb8, 0x5b, 0x1c, 0xff, 0xbd, 0x5f, 0x1f, 0xff, 0xbe, 0x61, 0x20, 0xff, 0xbc, 0x5e, 0x1e, 0xff, 
0xbc, 0x5e, 0x1f, 0xff, 0xbf, 0x63, 0x20, 0xff, 0xc1, 0x65, 0x21, 0xff, 0xc2, 0x65, 0x22, 0xff, 
0xc1, 0x63, 0x21, 0xff, 0xc1, 0x64, 0x20, 0xff, 0xc3, 0x67, 0x22, 0xff, 0xc4, 0x67, 0x22, 0xff, 
0xc6, 0x69, 0x23, 0xff, 0xc5, 0x68, 0x23, 0xff, 0xc3, 0x67, 0x22, 0xff, 0xc3, 0x68, 0x22, 0xff, 
0xc4, 0x69, 0x23, 0xff, 0xc5, 0x68, 0x22, 0xff, 0xc5, 0x68, 0x22, 0xff, 0xc5, 0x69, 0x23, 0xff, 
0xc6, 0x6b, 0x24, 0xff, 0xc8, 0x6e, 0x25, 0xff, 0xc9, 0x6e, 0x25, 0xff, 0xc7, 0x6c, 0x24, 0xff, 
0xc8, 0x6d, 0x25, 0xff, 0xca, 0x6f, 0x27, 0xff, 0xc9, 0x6e, 0x27, 0xff, 0xc6, 0x6b, 0x24, 0xff, 
0xc7, 0x6c, 0x24, 0xff, 0xc6, 0x6b, 0x24, 0xff, 0xc4, 0x69, 0x23, 0xff, 0xc3, 0x67, 0x22, 0xff, 
0xc4, 0x68, 0x22, 0xff, 0xc6, 0x6a, 0x23, 0xff, 0xc6, 0x6b, 0x24, 0xff, 0xc5, 0x6a, 0x23, 0xff, 
0xc7, 0x6b, 0x24, 0xff, 0xc7, 0x6b, 0x24, 0xff, 0xc7, 0x6c, 0x24, 0xff, 0xc8, 0x6c, 0x24, 0xff, 
0xc6, 0x6a, 0x24, 0xff, 0xc6, 0x6a, 0x24, 0xff, 0xc6, 0x6b, 0x23, 0xff, 0xc4, 0x69, 0x22, 0xff, 
0xc1, 0x65, 0x21, 0xff, 0xbf, 0x64, 0x21, 0xff, 0xbf, 0x63, 0x20, 0xff, 0xbe, 0x62, 0x20, 0xff, 
0xbf, 0x63, 0x21, 0xff, 0xc0, 0x64, 0x21, 0xff, 0xc2, 0x66, 0x22, 0xff, 0xc1, 0x65, 0x21, 0xff, 
0xc1, 0x65, 0x22, 0xff, 0xc3, 0x68, 0x23, 0xff, 0xc4, 0x6a, 0x23, 0xff, 0xc7, 0x6c, 0x24, 0xff, 
0xc9, 0x6f, 0x25, 0xff, 0xc9, 0x70, 0x26, 0xff, 0xc9, 0x70, 0x26, 0xff, 0xca, 0x71, 0x27, 0xff, 
0xcb, 0x73, 0x27, 0xff, 0xca, 0x72, 0x26, 0xff, 0xca, 0x72, 0x27, 0xff, 0xcb, 0x73, 0x27, 0xff, 
0xca, 0x71, 0x27, 0xff, 0xc8, 0x6f, 0x25, 0xff, 0xc9, 0x6e, 0x25, 0xff, 0xc8, 0x6d, 0x25, 0xff, 
0xc7, 0x6c, 0x24, 0xff, 0xc7, 0x6c, 0x24, 0xff, 0xc6, 0x6a, 0x23, 0xff, 0xc1, 0x65, 0x22, 0xff, 
0xbf, 0x63, 0x21, 0xff, 0xc0, 0x63, 0x21, 0xff, 0xbf, 0x63, 0x20, 0xff, 0xbd, 0x60, 0x1f, 0xff, 
0xbb, 0x5e, 0x1e, 0xff, 0xbc, 0x5f, 0x1f, 0xff, 0xbd, 0x5f, 0x1f, 0xff, 0xbd, 0x5f, 0x1f, 0xff, 
0xbc, 0x5e, 0x1e, 0xff, 0xbb, 0x5d, 0x1e, 0xff, 0xbb, 0x5d, 0x1f, 0xff, 0xbc, 0x5e, 0x1f, 0xff, 
0xbd, 0x5f, 0x1f, 0xff, 0xbd, 0x5f, 0x1f, 0xff, 0xbc, 0x5d, 0x1d, 0xff, 0xba, 0x5c, 0x1d, 0xff, 
0xbb, 0x5d, 0x1e, 0xff, 0xbb, 0x5e, 0x1e, 0xff, 0xbc, 0x5f, 0x1e, 0xff, 0xbc, 0x60, 0x1f, 0xff, 
0xbf, 0x62, 0x1f, 0xff, 0xbf, 0x62, 0x20, 0xff, 0xbf, 0x62, 0x20, 0xff, 0xc1, 0x64, 0x21, 0xff, 
0xc1, 0x64, 0x21, 0xff, 0xbf, 0x62, 0x20, 0xff, 0xbf, 0x62, 0x20, 0xff, 0xbe, 0x61, 0x20, 0xff, 
0xbe, 0x61, 0x1f, 0xff, 0xbf, 0x62, 0x20, 0xff, 0xbd, 0x5f, 0x1f, 0xff, 0xbd, 0x5f, 0x1f, 0xff, 
0xbb, 0x5e, 0x1f, 0xff, 0xba, 0x5c, 0x1e, 0xff, 0xba, 0x5c, 0x1e, 0xff, 0xbb, 0x5e, 0x1f, 0xff, 
0xbc, 0x5e, 0x1e, 0xff, 0xbb, 0x5f, 0x1e, 0xff, 0xbe, 0x62, 0x20, 0xff, 0xbe, 0x61, 0x21, 0xff, 
0xbe, 0x60, 0x1f, 0xff, 0xbf, 0x61, 0x20, 0xff, 0xc0, 0x63, 0x21, 0xff, 0xc1, 0x65, 0x21, 0xff, 
0xc1, 0x66, 0x21, 0xff, 0xc0, 0x64, 0x20, 0xff, 0xbf, 0x62, 0x20, 0xff, 0xbe, 0x61, 0x21, 0xff, 
0xc1, 0x64, 0x21, 0xff, 0xc4, 0x68, 0x22, 0xff, 0xc3, 0x68, 0x22, 0xff, 0xc4, 0x67, 0x22, 0xff, 
0xc4, 0x68, 0x22, 0xff, 0xc2, 0x66, 0x21, 0xff, 0xc1, 0x65, 0x21, 0xff, 0xc0, 0x63, 0x21, 0xff, 
0xc1, 0x64, 0x21, 0xff, 0xc1, 0x64, 0x21, 0xff, 0xbf, 0x63, 0x21, 0xff, 0xbe, 0x62, 0x21, 0xff, 
0xbc, 0x60, 0x1f, 0xff, 0xbc, 0x5f, 0x20, 0xff, 0xbc, 0x60, 0x20, 0xff, 0xb8, 0x5e, 0x1f, 0xff, 
};
